
/*!40101 SET @OLD_CHARACTER_SET_CLIENT=@@CHARACTER_SET_CLIENT */;
/*!40101 SET @OLD_CHARACTER_SET_RESULTS=@@CHARACTER_SET_RESULTS */;
/*!40101 SET @OLD_COLLATION_CONNECTION=@@COLLATION_CONNECTION */;
/*!40101 SET NAMES utf8 */;
/*!40103 SET @OLD_TIME_ZONE=@@TIME_ZONE */;
/*!40103 SET TIME_ZONE='+00:00' */;
/*!40014 SET @OLD_UNIQUE_CHECKS=@@UNIQUE_CHECKS, UNIQUE_CHECKS=0 */;
/*!40014 SET @OLD_FOREIGN_KEY_CHECKS=@@FOREIGN_KEY_CHECKS, FOREIGN_KEY_CHECKS=0 */;
/*!40101 SET @OLD_SQL_MODE=@@SQL_MODE, SQL_MODE='NO_AUTO_VALUE_ON_ZERO' */;
/*!40111 SET @OLD_SQL_NOTES=@@SQL_NOTES, SQL_NOTES=0 */;

CREATE DATABASE /*!32312 IF NOT EXISTS*/ `trainbenchmark` /*!40100 DEFAULT CHARACTER SET latin1 */;

USE `trainbenchmark`;
DROP TABLE IF EXISTS `Region`;
/*!40101 SET @saved_cs_client     = @@character_set_client */;
/*!40101 SET character_set_client = utf8 */;
CREATE TABLE `Region` (
  `id` int(11) NOT NULL AUTO_INCREMENT,
  PRIMARY KEY (`id`)
) ENGINE=MEMORY AUTO_INCREMENT=386 DEFAULT CHARSET=utf8;
/*!40101 SET character_set_client = @saved_cs_client */;

LOCK TABLES `Region` WRITE;
/*!40000 ALTER TABLE `Region` DISABLE KEYS */;
INSERT INTO `Region` VALUES (4),(51),(160),(183),(385);
/*!40000 ALTER TABLE `Region` ENABLE KEYS */;
UNLOCK TABLES;
DROP TABLE IF EXISTS `Route`;
/*!40101 SET @saved_cs_client     = @@character_set_client */;
/*!40101 SET character_set_client = utf8 */;
CREATE TABLE `Route` (
  `id` int(11) NOT NULL AUTO_INCREMENT,
  `entry` int(11) DEFAULT NULL,
  `exit` int(11) DEFAULT NULL,
  PRIMARY KEY (`id`)
) ENGINE=MEMORY AUTO_INCREMENT=385 DEFAULT CHARSET=utf8;
/*!40101 SET character_set_client = @saved_cs_client */;

LOCK TABLES `Route` WRITE;
/*!40000 ALTER TABLE `Route` DISABLE KEYS */;
INSERT INTO `Route` VALUES (3,1,2),(50,2,49),(159,49,158),(182,158,181),(384,181,1);
/*!40000 ALTER TABLE `Route` ENABLE KEYS */;
UNLOCK TABLES;
DROP TABLE IF EXISTS `Segment`;
/*!40101 SET @saved_cs_client     = @@character_set_client */;
/*!40101 SET character_set_client = utf8 */;
CREATE TABLE `Segment` (
  `id` int(11) NOT NULL AUTO_INCREMENT,
  `length` int(11) NOT NULL DEFAULT '1',
  PRIMARY KEY (`id`),
  KEY `segment_length_idx` (`length`)
) ENGINE=MEMORY AUTO_INCREMENT=707 DEFAULT CHARSET=utf8;
/*!40101 SET character_set_client = @saved_cs_client */;

LOCK TABLES `Segment` WRITE;
/*!40000 ALTER TABLE `Segment` DISABLE KEYS */;
INSERT INTO `Segment` VALUES (7,335),(8,439),(9,90),(10,395),(11,134),(13,137),(14,494),(15,979),(16,815),(17,813),(19,968),(20,197),(21,324),(22,645),(23,517),(25,212),(26,994),(27,472),(28,679),(29,745),(31,542),(32,655),(33,988),(34,483),(35,636),(37,429),(38,892),(39,149),(40,209),(41,721),(43,853),(44,560),(45,190),(46,764),(47,872),(54,232),(55,901),(56,530),(57,494),(58,273),(60,975),(61,386),(62,220),(63,929),(64,152),(66,246),(67,246),(68,437),(69,375),(70,942),(72,301),(73,437),(74,511),(75,625),(76,111),(78,227),(79,145),(80,789),(81,456),(82,434),(84,824),(85,395),(86,608),(87,829),(88,619),(90,921),(91,329),(92,703),(93,763),(94,890),(96,257),(97,488),(98,366),(99,638),(100,102),(104,386),(105,462),(106,657),(107,931),(108,119),(110,392),(111,782),(112,212),(113,907),(114,118),(116,186),(117,324),(118,881),(119,740),(120,897),(122,250),(123,579),(124,39),(125,91),(126,963),(128,718),(129,942),(130,547),(131,836),(132,579),(134,870),(135,344),(136,333),(137,923),(138,627),(140,465),(141,470),(142,343),(143,771),(144,288),(146,167),(147,466),(148,886),(149,248),(150,261),(152,36),(153,458),(154,918),(155,345),(156,820),(163,917),(164,373),(165,507),(166,348),(167,411),(169,75),(170,565),(171,883),(172,415),(173,136),(175,857),(176,933),(177,976),(178,644),(179,519),(186,905),(187,453),(188,322),(189,524),(190,82),(192,717),(193,150),(194,159),(195,683),(196,806),(198,371),(199,227),(200,208),(201,611),(202,605),(204,652),(205,27),(206,42),(207,772),(208,817),(210,300),(211,51),(212,270),(213,195),(214,899),(216,21),(217,820),(218,291),(219,95),(220,522),(222,108),(223,176),(224,759),(225,61),(226,917),(230,358),(231,673),(232,969),(233,421),(234,514),(238,909),(239,750),(240,200),(241,79),(242,135),(244,639),(245,758),(246,89),(247,135),(248,735),(250,576),(251,78),(252,56),(253,161),(254,145),(256,367),(257,522),(258,579),(259,940),(260,900),(264,282),(265,983),(266,78),(267,229),(268,137),(270,500),(271,683),(272,633),(273,456),(274,525),(276,173),(277,638),(278,792),(279,65),(280,707),(284,507),(285,83),(286,186),(287,915),(288,303),(290,31),(291,100),(292,741),(293,569),(294,881),(296,838),(297,215),(298,845),(299,573),(300,475),(302,723),(303,495),(304,123),(305,772),(306,769),(308,456),(309,148),(310,922),(311,912),(312,453),(316,998),(317,638),(318,669),(319,546),(320,443),(322,827),(323,941),(324,26),(325,939),(326,703),(328,236),(329,994),(330,837),(331,479),(332,297),(334,283),(335,52),(336,694),(337,895),(338,140),(340,57),(341,250),(342,935),(343,235),(344,326),(346,392),(347,628),(348,558),(349,110),(350,30),(352,351),(353,54),(354,509),(355,196),(356,675),(360,5),(361,682),(362,76),(363,169),(364,171),(366,726),(367,421),(368,188),(369,149),(370,413),(372,531),(373,36),(374,578),(375,322),(376,563),(378,252),(379,611),(380,98),(381,107),(382,360),(388,181),(389,724),(390,455),(391,296),(392,686),(394,613),(395,83),(396,625),(397,605),(398,501),(400,187),(401,717),(402,779),(403,520),(404,585),(406,194),(407,60),(408,686),(409,867),(410,940),(414,658),(415,101),(416,696),(417,357),(418,710),(420,462),(421,718),(422,907),(423,225),(424,409),(428,536),(429,818),(430,378),(431,68),(432,124),(434,796),(435,649),(436,697),(437,1000),(438,827),(440,555),(441,578),(442,597),(443,992),(444,149),(446,333),(447,799),(448,807),(449,7),(450,887),(452,638),(453,451),(454,623),(455,298),(456,486),(458,208),(459,584),(460,428),(461,843),(462,989),(466,523),(467,595),(468,177),(469,490),(470,780),(472,980),(473,743),(474,316),(475,668),(476,152),(480,969),(481,316),(482,9),(483,941),(484,134),(486,686),(487,759),(488,357),(489,533),(490,174),(492,831),(493,573),(494,237),(495,95),(496,669),(498,597),(499,995),(500,382),(501,685),(502,759),(504,514),(505,214),(506,574),(507,868),(508,938),(510,974),(511,44),(512,696),(513,674),(514,493),(516,578),(517,832),(518,741),(519,343),(520,261),(522,19),(523,923),(524,848),(525,808),(526,77),(530,864),(531,201),(532,986),(533,986),(534,487),(536,70),(537,104),(538,723),(539,880),(540,375),(544,11),(545,417),(546,630),(547,106),(548,482),(550,748),(551,135),(552,395),(553,950),(554,569),(558,183),(559,818),(560,220),(561,851),(562,38),(564,615),(565,721),(566,394),(567,904),(568,939),(570,341),(571,803),(572,780),(573,97),(574,157),(576,595),(577,714),(578,210),(579,630),(580,61),(582,730),(583,387),(584,864),(585,731),(586,761),(588,647),(589,666),(590,464),(591,375),(592,825),(594,284),(595,236),(596,420),(597,855),(598,856),(600,212),(601,78),(602,58),(603,959),(604,633),(608,913),(609,871),(610,653),(611,319),(612,364),(614,913),(615,492),(616,727),(617,667),(618,753),(620,804),(621,205),(622,144),(623,770),(624,113),(626,249),(627,290),(628,349),(629,602),(630,248),(632,664),(633,192),(634,759),(635,180),(636,504),(640,636),(641,357),(642,604),(643,492),(644,37),(646,905),(647,881),(648,902),(649,47),(650,195),(652,551),(653,942),(654,403),(655,615),(656,887),(658,667),(659,285),(660,889),(661,87),(662,271),(664,511),(665,11),(666,153),(667,444),(668,576),(670,356),(671,229),(672,541),(673,924),(674,801),(676,820),(677,66),(678,898),(679,660),(680,555),(684,576),(685,734),(686,720),(687,382),(688,79),(690,565),(691,618),(692,132),(693,133),(694,108),(696,574),(697,81),(698,832),(699,45),(700,843),(702,979),(703,354),(704,455),(705,272),(706,655);
/*!40000 ALTER TABLE `Segment` ENABLE KEYS */;
UNLOCK TABLES;
DROP TABLE IF EXISTS `Semaphore`;
/*!40101 SET @saved_cs_client     = @@character_set_client */;
/*!40101 SET character_set_client = utf8 */;
CREATE TABLE `Semaphore` (
  `id` int(11) NOT NULL AUTO_INCREMENT,
  `segment` int(11) NOT NULL,
  `signal` int(11) NOT NULL,
  PRIMARY KEY (`id`)
) ENGINE=MEMORY AUTO_INCREMENT=182 DEFAULT CHARSET=utf8;
/*!40101 SET character_set_client = @saved_cs_client */;

LOCK TABLES `Semaphore` WRITE;
/*!40000 ALTER TABLE `Semaphore` DISABLE KEYS */;
INSERT INTO `Semaphore` VALUES (1,388,2),(2,7,2),(49,54,2),(158,163,2),(181,186,2);
/*!40000 ALTER TABLE `Semaphore` ENABLE KEYS */;
UNLOCK TABLES;
DROP TABLE IF EXISTS `Sensor`;
/*!40101 SET @saved_cs_client     = @@character_set_client */;
/*!40101 SET character_set_client = utf8 */;
CREATE TABLE `Sensor` (
  `id` int(11) NOT NULL AUTO_INCREMENT,
  `route` int(11) DEFAULT NULL,
  `region` int(11) NOT NULL,
  PRIMARY KEY (`id`)
) ENGINE=MEMORY AUTO_INCREMENT=702 DEFAULT CHARSET=utf8;
/*!40101 SET character_set_client = @saved_cs_client */;

LOCK TABLES `Sensor` WRITE;
/*!40000 ALTER TABLE `Sensor` DISABLE KEYS */;
INSERT INTO `Sensor` VALUES (6,3,4),(12,3,4),(18,3,4),(24,3,4),(30,3,4),(36,3,4),(42,3,4),(53,50,51),(59,50,51),(65,50,51),(71,50,51),(77,50,51),(83,50,51),(89,50,51),(95,50,51),(103,50,51),(109,50,51),(115,50,51),(121,50,51),(127,50,51),(133,50,51),(139,50,51),(145,50,51),(151,50,51),(162,159,160),(168,159,160),(174,159,160),(185,182,183),(191,182,183),(197,182,183),(203,182,183),(209,182,183),(215,182,183),(221,182,183),(229,182,183),(237,182,183),(243,182,183),(249,182,183),(255,182,183),(263,182,183),(269,182,183),(275,182,183),(283,182,183),(289,182,183),(295,182,183),(301,182,183),(307,182,183),(315,182,183),(321,182,183),(327,182,183),(333,182,183),(339,182,183),(345,182,183),(351,182,183),(359,182,183),(365,182,183),(371,182,183),(377,182,183),(387,384,385),(393,384,385),(399,384,385),(405,384,385),(413,384,385),(419,384,385),(427,384,385),(433,384,385),(439,384,385),(445,384,385),(451,384,385),(457,384,385),(465,384,385),(471,384,385),(479,384,385),(485,384,385),(491,384,385),(497,384,385),(503,384,385),(509,384,385),(515,384,385),(521,384,385),(529,384,385),(535,384,385),(543,384,385),(549,384,385),(557,384,385),(563,384,385),(569,384,385),(575,384,385),(581,384,385),(587,384,385),(593,384,385),(599,384,385),(607,384,385),(613,384,385),(619,384,385),(625,384,385),(631,384,385),(639,384,385),(645,384,385),(651,384,385),(657,384,385),(663,384,385),(669,384,385),(675,384,385),(683,384,385),(689,384,385),(695,384,385),(701,384,385);
/*!40000 ALTER TABLE `Sensor` ENABLE KEYS */;
UNLOCK TABLES;
DROP TABLE IF EXISTS `Switch`;
/*!40101 SET @saved_cs_client     = @@character_set_client */;
/*!40101 SET character_set_client = utf8 */;
CREATE TABLE `Switch` (
  `id` int(11) NOT NULL AUTO_INCREMENT,
  `currentPosition` int(11) NOT NULL,
  PRIMARY KEY (`id`)
) ENGINE=MEMORY AUTO_INCREMENT=683 DEFAULT CHARSET=utf8;
/*!40101 SET character_set_client = @saved_cs_client */;

LOCK TABLES `Switch` WRITE;
/*!40000 ALTER TABLE `Switch` DISABLE KEYS */;
INSERT INTO `Switch` VALUES (5,2),(52,1),(102,0),(161,1),(184,0),(228,1),(236,2),(262,2),(282,2),(314,2),(358,2),(386,2),(412,0),(426,0),(464,0),(478,2),(528,2),(542,2),(556,0),(606,2),(638,2),(682,1);
/*!40000 ALTER TABLE `Switch` ENABLE KEYS */;
UNLOCK TABLES;
DROP TABLE IF EXISTS `SwitchPosition`;
/*!40101 SET @saved_cs_client     = @@character_set_client */;
/*!40101 SET character_set_client = utf8 */;
CREATE TABLE `SwitchPosition` (
  `id` int(11) NOT NULL AUTO_INCREMENT,
  `route` int(11) DEFAULT NULL,
  `target` int(11) DEFAULT NULL,
  `position` int(11) NOT NULL,
  PRIMARY KEY (`id`)
) ENGINE=MEMORY AUTO_INCREMENT=708 DEFAULT CHARSET=utf8;
/*!40101 SET character_set_client = @saved_cs_client */;

LOCK TABLES `SwitchPosition` WRITE;
/*!40000 ALTER TABLE `SwitchPosition` DISABLE KEYS */;
INSERT INTO `SwitchPosition` VALUES (48,3,5,2),(101,50,52,1),(157,50,102,0),(180,159,161,1),(227,182,184,0),(235,182,228,1),(261,182,236,2),(281,182,262,2),(313,182,282,2),(357,182,314,2),(383,182,358,2),(411,384,386,2),(425,384,412,0),(463,384,426,0),(477,384,464,0),(527,384,478,2),(541,384,528,2),(555,384,542,2),(605,384,556,0),(637,384,606,2),(681,384,638,2),(707,384,682,1);
/*!40000 ALTER TABLE `SwitchPosition` ENABLE KEYS */;
UNLOCK TABLES;
DROP TABLE IF EXISTS `TrackElement`;
/*!40101 SET @saved_cs_client     = @@character_set_client */;
/*!40101 SET character_set_client = utf8 */;
CREATE TABLE `TrackElement` (
  `id` int(11) NOT NULL AUTO_INCREMENT,
  `region` int(11) NOT NULL,
  PRIMARY KEY (`id`)
) ENGINE=MEMORY AUTO_INCREMENT=707 DEFAULT CHARSET=utf8;
/*!40101 SET character_set_client = @saved_cs_client */;

LOCK TABLES `TrackElement` WRITE;
/*!40000 ALTER TABLE `TrackElement` DISABLE KEYS */;
INSERT INTO `TrackElement` VALUES (5,4),(7,4),(8,4),(9,4),(10,4),(11,4),(13,4),(14,4),(15,4),(16,4),(17,4),(19,4),(20,4),(21,4),(22,4),(23,4),(25,4),(26,4),(27,4),(28,4),(29,4),(31,4),(32,4),(33,4),(34,4),(35,4),(37,4),(38,4),(39,4),(40,4),(41,4),(43,4),(44,4),(45,4),(46,4),(47,4),(52,51),(54,51),(55,51),(56,51),(57,51),(58,51),(60,51),(61,51),(62,51),(63,51),(64,51),(66,51),(67,51),(68,51),(69,51),(70,51),(72,51),(73,51),(74,51),(75,51),(76,51),(78,51),(79,51),(80,51),(81,51),(82,51),(84,51),(85,51),(86,51),(87,51),(88,51),(90,51),(91,51),(92,51),(93,51),(94,51),(96,51),(97,51),(98,51),(99,51),(100,51),(102,51),(104,51),(105,51),(106,51),(107,51),(108,51),(110,51),(111,51),(112,51),(113,51),(114,51),(116,51),(117,51),(118,51),(119,51),(120,51),(122,51),(123,51),(124,51),(125,51),(126,51),(128,51),(129,51),(130,51),(131,51),(132,51),(134,51),(135,51),(136,51),(137,51),(138,51),(140,51),(141,51),(142,51),(143,51),(144,51),(146,51),(147,51),(148,51),(149,51),(150,51),(152,51),(153,51),(154,51),(155,51),(156,51),(161,160),(163,160),(164,160),(165,160),(166,160),(167,160),(169,160),(170,160),(171,160),(172,160),(173,160),(175,160),(176,160),(177,160),(178,160),(179,160),(184,183),(186,183),(187,183),(188,183),(189,183),(190,183),(192,183),(193,183),(194,183),(195,183),(196,183),(198,183),(199,183),(200,183),(201,183),(202,183),(204,183),(205,183),(206,183),(207,183),(208,183),(210,183),(211,183),(212,183),(213,183),(214,183),(216,183),(217,183),(218,183),(219,183),(220,183),(222,183),(223,183),(224,183),(225,183),(226,183),(228,183),(230,183),(231,183),(232,183),(233,183),(234,183),(236,183),(238,183),(239,183),(240,183),(241,183),(242,183),(244,183),(245,183),(246,183),(247,183),(248,183),(250,183),(251,183),(252,183),(253,183),(254,183),(256,183),(257,183),(258,183),(259,183),(260,183),(262,183),(264,183),(265,183),(266,183),(267,183),(268,183),(270,183),(271,183),(272,183),(273,183),(274,183),(276,183),(277,183),(278,183),(279,183),(280,183),(282,183),(284,183),(285,183),(286,183),(287,183),(288,183),(290,183),(291,183),(292,183),(293,183),(294,183),(296,183),(297,183),(298,183),(299,183),(300,183),(302,183),(303,183),(304,183),(305,183),(306,183),(308,183),(309,183),(310,183),(311,183),(312,183),(314,183),(316,183),(317,183),(318,183),(319,183),(320,183),(322,183),(323,183),(324,183),(325,183),(326,183),(328,183),(329,183),(330,183),(331,183),(332,183),(334,183),(335,183),(336,183),(337,183),(338,183),(340,183),(341,183),(342,183),(343,183),(344,183),(346,183),(347,183),(348,183),(349,183),(350,183),(352,183),(353,183),(354,183),(355,183),(356,183),(358,183),(360,183),(361,183),(362,183),(363,183),(364,183),(366,183),(367,183),(368,183),(369,183),(370,183),(372,183),(373,183),(374,183),(375,183),(376,183),(378,183),(379,183),(380,183),(381,183),(382,183),(386,385),(388,385),(389,385),(390,385),(391,385),(392,385),(394,385),(395,385),(396,385),(397,385),(398,385),(400,385),(401,385),(402,385),(403,385),(404,385),(406,385),(407,385),(408,385),(409,385),(410,385),(412,385),(414,385),(415,385),(416,385),(417,385),(418,385),(420,385),(421,385),(422,385),(423,385),(424,385),(426,385),(428,385),(429,385),(430,385),(431,385),(432,385),(434,385),(435,385),(436,385),(437,385),(438,385),(440,385),(441,385),(442,385),(443,385),(444,385),(446,385),(447,385),(448,385),(449,385),(450,385),(452,385),(453,385),(454,385),(455,385),(456,385),(458,385),(459,385),(460,385),(461,385),(462,385),(464,385),(466,385),(467,385),(468,385),(469,385),(470,385),(472,385),(473,385),(474,385),(475,385),(476,385),(478,385),(480,385),(481,385),(482,385),(483,385),(484,385),(486,385),(487,385),(488,385),(489,385),(490,385),(492,385),(493,385),(494,385),(495,385),(496,385),(498,385),(499,385),(500,385),(501,385),(502,385),(504,385),(505,385),(506,385),(507,385),(508,385),(510,385),(511,385),(512,385),(513,385),(514,385),(516,385),(517,385),(518,385),(519,385),(520,385),(522,385),(523,385),(524,385),(525,385),(526,385),(528,385),(530,385),(531,385),(532,385),(533,385),(534,385),(536,385),(537,385),(538,385),(539,385),(540,385),(542,385),(544,385),(545,385),(546,385),(547,385),(548,385),(550,385),(551,385),(552,385),(553,385),(554,385),(556,385),(558,385),(559,385),(560,385),(561,385),(562,385),(564,385),(565,385),(566,385),(567,385),(568,385),(570,385),(571,385),(572,385),(573,385),(574,385),(576,385),(577,385),(578,385),(579,385),(580,385),(582,385),(583,385),(584,385),(585,385),(586,385),(588,385),(589,385),(590,385),(591,385),(592,385),(594,385),(595,385),(596,385),(597,385),(598,385),(600,385),(601,385),(602,385),(603,385),(604,385),(606,385),(608,385),(609,385),(610,385),(611,385),(612,385),(614,385),(615,385),(616,385),(617,385),(618,385),(620,385),(621,385),(622,385),(623,385),(624,385),(626,385),(627,385),(628,385),(629,385),(630,385),(632,385),(633,385),(634,385),(635,385),(636,385),(638,385),(640,385),(641,385),(642,385),(643,385),(644,385),(646,385),(647,385),(648,385),(649,385),(650,385),(652,385),(653,385),(654,385),(655,385),(656,385),(658,385),(659,385),(660,385),(661,385),(662,385),(664,385),(665,385),(666,385),(667,385),(668,385),(670,385),(671,385),(672,385),(673,385),(674,385),(676,385),(677,385),(678,385),(679,385),(680,385),(682,385),(684,385),(685,385),(686,385),(687,385),(688,385),(690,385),(691,385),(692,385),(693,385),(694,385),(696,385),(697,385),(698,385),(699,385),(700,385),(702,385),(703,385),(704,385),(705,385),(706,385);
/*!40000 ALTER TABLE `TrackElement` ENABLE KEYS */;
UNLOCK TABLES;
DROP TABLE IF EXISTS `connectsTo`;
/*!40101 SET @saved_cs_client     = @@character_set_client */;
/*!40101 SET character_set_client = utf8 */;
CREATE TABLE `connectsTo` (
  `TrackElement1_id` int(11) NOT NULL,
  `TrackElement2_id` int(11) NOT NULL,
  PRIMARY KEY (`TrackElement1_id`,`TrackElement2_id`),
  KEY `connectsTo_idx1` (`TrackElement1_id`),
  KEY `connectsTo_idx2` (`TrackElement2_id`)
) ENGINE=MEMORY DEFAULT CHARSET=utf8;
/*!40101 SET character_set_client = @saved_cs_client */;

LOCK TABLES `connectsTo` WRITE;
/*!40000 ALTER TABLE `connectsTo` DISABLE KEYS */;
INSERT INTO `connectsTo` VALUES (5,7),(7,8),(8,9),(9,10),(10,11),(11,13),(13,14),(14,15),(15,16),(16,17),(17,19),(19,20),(20,21),(21,22),(22,23),(23,25),(25,26),(26,27),(27,28),(28,29),(29,31),(31,32),(32,33),(33,34),(34,35),(35,37),(37,38),(38,39),(39,40),(40,41),(41,43),(43,44),(44,45),(45,46),(46,47),(52,54),(54,55),(55,56),(56,57),(57,58),(58,60),(60,61),(61,62),(62,63),(63,64),(64,66),(66,67),(67,68),(68,69),(69,70),(70,72),(72,73),(73,74),(74,75),(75,76),(76,78),(78,79),(79,80),(80,81),(81,82),(82,84),(84,85),(85,86),(86,87),(87,88),(88,90),(90,91),(91,92),(92,93),(93,94),(94,96),(96,97),(97,98),(98,99),(99,100),(100,102),(102,104),(104,105),(105,106),(106,107),(107,108),(108,110),(110,111),(111,112),(112,113),(113,114),(114,116),(116,117),(117,118),(118,119),(119,120),(120,122),(122,123),(123,124),(124,125),(125,126),(126,128),(128,129),(129,130),(130,131),(131,132),(132,134),(134,135),(135,136),(136,137),(137,138),(138,140),(140,141),(141,142),(142,143),(143,144),(144,146),(146,147),(147,148),(148,149),(149,150),(150,152),(152,153),(153,154),(154,155),(155,156),(47,52),(161,163),(163,164),(164,165),(165,166),(166,167),(167,169),(169,170),(170,171),(171,172),(172,173),(173,175),(175,176),(176,177),(177,178),(178,179),(156,161),(184,186),(186,187),(187,188),(188,189),(189,190),(190,192),(192,193),(193,194),(194,195),(195,196),(196,198),(198,199),(199,200),(200,201),(201,202),(202,204),(204,205),(205,206),(206,207),(207,208),(208,210),(210,211),(211,212),(212,213),(213,214),(214,216),(216,217),(217,218),(218,219),(219,220),(220,222),(222,223),(223,224),(224,225),(225,226),(226,228),(228,230),(230,231),(231,232),(232,233),(233,234),(234,236),(236,238),(238,239),(239,240),(240,241),(241,242),(242,244),(244,245),(245,246),(246,247),(247,248),(248,250),(250,251),(251,252),(252,253),(253,254),(254,256),(256,257),(257,258),(258,259),(259,260),(260,262),(262,264),(264,265),(265,266),(266,267),(267,268),(268,270),(270,271),(271,272),(272,273),(273,274),(274,276),(276,277),(277,278),(278,279),(279,280),(280,282),(282,284),(284,285),(285,286),(286,287),(287,288),(288,290),(290,291),(291,292),(292,293),(293,294),(294,296),(296,297),(297,298),(298,299),(299,300),(300,302),(302,303),(303,304),(304,305),(305,306),(306,308),(308,309),(309,310),(310,311),(311,312),(312,314),(314,316),(316,317),(317,318),(318,319),(319,320),(320,322),(322,323),(323,324),(324,325),(325,326),(326,328),(328,329),(329,330),(330,331),(331,332),(332,334),(334,335),(335,336),(336,337),(337,338),(338,340),(340,341),(341,342),(342,343),(343,344),(344,346),(346,347),(347,348),(348,349),(349,350),(350,352),(352,353),(353,354),(354,355),(355,356),(356,358),(358,360),(360,361),(361,362),(362,363),(363,364),(364,366),(366,367),(367,368),(368,369),(369,370),(370,372),(372,373),(373,374),(374,375),(375,376),(376,378),(378,379),(379,380),(380,381),(381,382),(179,184),(386,388),(388,389),(389,390),(390,391),(391,392),(392,394),(394,395),(395,396),(396,397),(397,398),(398,400),(400,401),(401,402),(402,403),(403,404),(404,406),(406,407),(407,408),(408,409),(409,410),(410,412),(412,414),(414,415),(415,416),(416,417),(417,418),(418,420),(420,421),(421,422),(422,423),(423,424),(424,426),(426,428),(428,429),(429,430),(430,431),(431,432),(432,434),(434,435),(435,436),(436,437),(437,438),(438,440),(440,441),(441,442),(442,443),(443,444),(444,446),(446,447),(447,448),(448,449),(449,450),(450,452),(452,453),(453,454),(454,455),(455,456),(456,458),(458,459),(459,460),(460,461),(461,462),(462,464),(464,466),(466,467),(467,468),(468,469),(469,470),(470,472),(472,473),(473,474),(474,475),(475,476),(476,478),(478,480),(480,481),(481,482),(482,483),(483,484),(484,486),(486,487),(487,488),(488,489),(489,490),(490,492),(492,493),(493,494),(494,495),(495,496),(496,498),(498,499),(499,500),(500,501),(501,502),(502,504),(504,505),(505,506),(506,507),(507,508),(508,510),(510,511),(511,512),(512,513),(513,514),(514,516),(516,517),(517,518),(518,519),(519,520),(520,522),(522,523),(523,524),(524,525),(525,526),(526,528),(528,530),(530,531),(531,532),(532,533),(533,534),(534,536),(536,537),(537,538),(538,539),(539,540),(540,542),(542,544),(544,545),(545,546),(546,547),(547,548),(548,550),(550,551),(551,552),(552,553),(553,554),(554,556),(556,558),(558,559),(559,560),(560,561),(561,562),(562,564),(564,565),(565,566),(566,567),(567,568),(568,570),(570,571),(571,572),(572,573),(573,574),(574,576),(576,577),(577,578),(578,579),(579,580),(580,582),(582,583),(583,584),(584,585),(585,586),(586,588),(588,589),(589,590),(590,591),(591,592),(592,594),(594,595),(595,596),(596,597),(597,598),(598,600),(600,601),(601,602),(602,603),(603,604),(604,606),(606,608),(608,609),(609,610),(610,611),(611,612),(612,614),(614,615),(615,616),(616,617),(617,618),(618,620),(620,621),(621,622),(622,623),(623,624),(624,626),(626,627),(627,628),(628,629),(629,630),(630,632),(632,633),(633,634),(634,635),(635,636),(636,638),(638,640),(640,641),(641,642),(642,643),(643,644),(644,646),(646,647),(647,648),(648,649),(649,650),(650,652),(652,653),(653,654),(654,655),(655,656),(656,658),(658,659),(659,660),(660,661),(661,662),(662,664),(664,665),(665,666),(666,667),(667,668),(668,670),(670,671),(671,672),(672,673),(673,674),(674,676),(676,677),(677,678),(678,679),(679,680),(680,682),(682,684),(684,685),(685,686),(686,687),(687,688),(688,690),(690,691),(691,692),(692,693),(693,694),(694,696),(696,697),(697,698),(698,699),(699,700),(700,702),(702,703),(703,704),(704,705),(705,706),(382,386),(706,5);
/*!40000 ALTER TABLE `connectsTo` ENABLE KEYS */;
UNLOCK TABLES;
DROP TABLE IF EXISTS `monitoredBy`;
/*!40101 SET @saved_cs_client     = @@character_set_client */;
/*!40101 SET character_set_client = utf8 */;
CREATE TABLE `monitoredBy` (
  `TrackElement_id` int(11) NOT NULL,
  `Sensor_id` int(11) NOT NULL,
  PRIMARY KEY (`TrackElement_id`,`Sensor_id`),
  KEY `monitoredBy_idx` (`Sensor_id`,`TrackElement_id`)
) ENGINE=MEMORY DEFAULT CHARSET=utf8;
/*!40101 SET character_set_client = @saved_cs_client */;

LOCK TABLES `monitoredBy` WRITE;
/*!40000 ALTER TABLE `monitoredBy` DISABLE KEYS */;
INSERT INTO `monitoredBy` VALUES (5,6),(7,6),(8,6),(9,6),(10,6),(11,6),(5,12),(13,12),(14,12),(15,12),(16,12),(17,12),(5,18),(19,18),(20,18),(21,18),(22,18),(23,18),(5,24),(25,24),(26,24),(27,24),(28,24),(29,24),(5,30),(31,30),(32,30),(33,30),(34,30),(35,30),(5,36),(37,36),(38,36),(39,36),(40,36),(41,36),(5,42),(43,42),(44,42),(45,42),(46,42),(47,42),(52,53),(54,53),(55,53),(56,53),(57,53),(58,53),(52,59),(60,59),(61,59),(62,59),(63,59),(64,59),(52,65),(66,65),(67,65),(68,65),(69,65),(70,65),(52,71),(72,71),(73,71),(74,71),(75,71),(76,71),(52,77),(78,77),(79,77),(80,77),(81,77),(82,77),(52,83),(84,83),(85,83),(86,83),(87,83),(88,83),(52,89),(90,89),(91,89),(92,89),(93,89),(94,89),(52,95),(96,95),(97,95),(98,95),(99,95),(100,95),(102,103),(104,103),(105,103),(106,103),(107,103),(108,103),(102,109),(110,109),(111,109),(112,109),(113,109),(114,109),(102,115),(116,115),(117,115),(118,115),(119,115),(120,115),(102,121),(122,121),(123,121),(124,121),(125,121),(126,121),(102,127),(128,127),(129,127),(130,127),(131,127),(132,127),(102,133),(134,133),(135,133),(136,133),(137,133),(138,133),(102,139),(140,139),(141,139),(142,139),(143,139),(144,139),(102,145),(146,145),(147,145),(148,145),(149,145),(150,145),(102,151),(152,151),(153,151),(154,151),(155,151),(156,151),(161,162),(163,162),(164,162),(165,162),(166,162),(167,162),(161,168),(169,168),(170,168),(171,168),(172,168),(173,168),(161,174),(175,174),(176,174),(177,174),(178,174),(179,174),(184,185),(186,185),(187,185),(188,185),(189,185),(190,185),(184,191),(192,191),(193,191),(194,191),(195,191),(196,191),(184,197),(198,197),(199,197),(200,197),(201,197),(202,197),(184,203),(204,203),(205,203),(206,203),(207,203),(208,203),(184,209),(210,209),(211,209),(212,209),(213,209),(214,209),(184,215),(216,215),(217,215),(218,215),(219,215),(220,215),(184,221),(222,221),(223,221),(224,221),(225,221),(226,221),(228,229),(230,229),(231,229),(232,229),(233,229),(234,229),(236,237),(238,237),(239,237),(240,237),(241,237),(242,237),(236,243),(244,243),(245,243),(246,243),(247,243),(248,243),(236,249),(250,249),(251,249),(252,249),(253,249),(254,249),(236,255),(256,255),(257,255),(258,255),(259,255),(260,255),(262,263),(264,263),(265,263),(266,263),(267,263),(268,263),(262,269),(270,269),(271,269),(272,269),(273,269),(274,269),(262,275),(276,275),(277,275),(278,275),(279,275),(280,275),(282,283),(284,283),(285,283),(286,283),(287,283),(288,283),(282,289),(290,289),(291,289),(292,289),(293,289),(294,289),(282,295),(296,295),(297,295),(298,295),(299,295),(300,295),(282,301),(302,301),(303,301),(304,301),(305,301),(306,301),(282,307),(308,307),(309,307),(310,307),(311,307),(312,307),(314,315),(316,315),(317,315),(318,315),(319,315),(320,315),(314,321),(322,321),(323,321),(324,321),(325,321),(326,321),(314,327),(328,327),(329,327),(330,327),(331,327),(332,327),(314,333),(334,333),(335,333),(336,333),(337,333),(338,333),(314,339),(340,339),(341,339),(342,339),(343,339),(344,339),(314,345),(346,345),(347,345),(348,345),(349,345),(350,345),(314,351),(352,351),(353,351),(354,351),(355,351),(356,351),(358,359),(360,359),(361,359),(362,359),(363,359),(364,359),(358,365),(366,365),(367,365),(368,365),(369,365),(370,365),(358,371),(372,371),(373,371),(374,371),(375,371),(376,371),(358,377),(378,377),(379,377),(380,377),(381,377),(382,377),(386,387),(388,387),(389,387),(390,387),(391,387),(392,387),(386,393),(394,393),(395,393),(396,393),(397,393),(398,393),(386,399),(400,399),(401,399),(402,399),(403,399),(404,399),(386,405),(406,405),(407,405),(408,405),(409,405),(410,405),(412,413),(414,413),(415,413),(416,413),(417,413),(418,413),(412,419),(420,419),(421,419),(422,419),(423,419),(424,419),(426,427),(428,427),(429,427),(430,427),(431,427),(432,427),(426,433),(434,433),(435,433),(436,433),(437,433),(438,433),(426,439),(440,439),(441,439),(442,439),(443,439),(444,439),(426,445),(446,445),(447,445),(448,445),(449,445),(450,445),(426,451),(452,451),(453,451),(454,451),(455,451),(456,451),(426,457),(458,457),(459,457),(460,457),(461,457),(462,457),(464,465),(466,465),(467,465),(468,465),(469,465),(470,465),(464,471),(472,471),(473,471),(474,471),(475,471),(476,471),(478,479),(480,479),(481,479),(482,479),(483,479),(484,479),(478,485),(486,485),(487,485),(488,485),(489,485),(490,485),(478,491),(492,491),(493,491),(494,491),(495,491),(496,491),(478,497),(498,497),(499,497),(500,497),(501,497),(502,497),(478,503),(504,503),(505,503),(506,503),(507,503),(508,503),(478,509),(510,509),(511,509),(512,509),(513,509),(514,509),(478,515),(516,515),(517,515),(518,515),(519,515),(520,515),(478,521),(522,521),(523,521),(524,521),(525,521),(526,521),(528,529),(530,529),(531,529),(532,529),(533,529),(534,529),(528,535),(536,535),(537,535),(538,535),(539,535),(540,535),(542,543),(544,543),(545,543),(546,543),(547,543),(548,543),(542,549),(550,549),(551,549),(552,549),(553,549),(554,549),(556,557),(558,557),(559,557),(560,557),(561,557),(562,557),(556,563),(564,563),(565,563),(566,563),(567,563),(568,563),(556,569),(570,569),(571,569),(572,569),(573,569),(574,569),(556,575),(576,575),(577,575),(578,575),(579,575),(580,575),(556,581),(582,581),(583,581),(584,581),(585,581),(586,581),(556,587),(588,587),(589,587),(590,587),(591,587),(592,587),(556,593),(594,593),(595,593),(596,593),(597,593),(598,593),(556,599),(600,599),(601,599),(602,599),(603,599),(604,599),(606,607),(608,607),(609,607),(610,607),(611,607),(612,607),(606,613),(614,613),(615,613),(616,613),(617,613),(618,613),(606,619),(620,619),(621,619),(622,619),(623,619),(624,619),(606,625),(626,625),(627,625),(628,625),(629,625),(630,625),(606,631),(632,631),(633,631),(634,631),(635,631),(636,631),(638,639),(640,639),(641,639),(642,639),(643,639),(644,639),(638,645),(646,645),(647,645),(648,645),(649,645),(650,645),(638,651),(652,651),(653,651),(654,651),(655,651),(656,651),(638,657),(658,657),(659,657),(660,657),(661,657),(662,657),(638,663),(664,663),(665,663),(666,663),(667,663),(668,663),(638,669),(670,669),(671,669),(672,669),(673,669),(674,669),(638,675),(676,675),(677,675),(678,675),(679,675),(680,675),(682,683),(684,683),(685,683),(686,683),(687,683),(688,683),(682,689),(690,689),(691,689),(692,689),(693,689),(694,689),(682,695),(696,695),(697,695),(698,695),(699,695),(700,695),(682,701),(702,701),(703,701),(704,701),(705,701),(706,701);
/*!40000 ALTER TABLE `monitoredBy` ENABLE KEYS */;
UNLOCK TABLES;
/*!40103 SET TIME_ZONE=@OLD_TIME_ZONE */;

/*!40101 SET SQL_MODE=@OLD_SQL_MODE */;
/*!40014 SET FOREIGN_KEY_CHECKS=@OLD_FOREIGN_KEY_CHECKS */;
/*!40014 SET UNIQUE_CHECKS=@OLD_UNIQUE_CHECKS */;
/*!40101 SET CHARACTER_SET_CLIENT=@OLD_CHARACTER_SET_CLIENT */;
/*!40101 SET CHARACTER_SET_RESULTS=@OLD_CHARACTER_SET_RESULTS */;
/*!40101 SET COLLATION_CONNECTION=@OLD_COLLATION_CONNECTION */;
/*!40111 SET SQL_NOTES=@OLD_SQL_NOTES */;

