SET SESSION sql_mode = 'ANSI_QUOTES';
--
-- Database: "trainbenchmark"
--

-- 512 Mb
SET max_heap_table_size=536870912;

DROP DATABASE IF EXISTS "trainbenchmark";
CREATE DATABASE "trainbenchmark";
USE "trainbenchmark";

START TRANSACTION;
-- --------------------------------------------------------

--
-- Nodes
--

CREATE TABLE IF NOT EXISTS "Route" (
  "id" int NOT NULL AUTO_INCREMENT,
  "active" int,
  "entry" int,
  "exit" int,
  PRIMARY KEY  ("id")
) DEFAULT CHARSET=utf8 AUTO_INCREMENT=1 ENGINE=MEMORY;

CREATE TABLE IF NOT EXISTS "Region" (
  "id" int NOT NULL AUTO_INCREMENT,
  PRIMARY KEY  ("id")
) DEFAULT CHARSET=utf8 AUTO_INCREMENT=1 ENGINE=MEMORY;

CREATE TABLE IF NOT EXISTS "Segment" (
  "id" int NOT NULL AUTO_INCREMENT,
  "length" int NOT NULL DEFAULT 1,
  PRIMARY KEY  ("id")
) DEFAULT CHARSET=utf8 ENGINE=MEMORY;

CREATE TABLE IF NOT EXISTS "Sensor" (
  "id" int NOT NULL AUTO_INCREMENT,
  "region" int NOT NULL, -- inverse of the "sensors" edge
  PRIMARY KEY  ("id")
) DEFAULT CHARSET=utf8 AUTO_INCREMENT=1 ENGINE=MEMORY;

CREATE TABLE IF NOT EXISTS "Semaphore" (
  "id" int NOT NULL AUTO_INCREMENT,
  "segment" int NOT NULL, -- inverse of the "semaphores" edge
  "signal" int NOT NULL,
  PRIMARY KEY  ("id")
) DEFAULT CHARSET=utf8 AUTO_INCREMENT=1 ENGINE=MEMORY;

CREATE TABLE IF NOT EXISTS "Switch" (
  "id" int NOT NULL AUTO_INCREMENT,
  "currentPosition" int NOT NULL,
  PRIMARY KEY  ("id")
) DEFAULT CHARSET=utf8 ENGINE=MEMORY;

CREATE TABLE IF NOT EXISTS "SwitchPosition" (
  "id" int NOT NULL AUTO_INCREMENT,
  "route" int, -- inverse of the "follows" edge
  "target" int,
  "position" int NOT NULL,
  PRIMARY KEY  ("id")
) DEFAULT CHARSET=utf8 AUTO_INCREMENT=1 ENGINE=MEMORY;

CREATE TABLE IF NOT EXISTS "TrackElement" (
  "id" int NOT NULL AUTO_INCREMENT,
  "region" int NOT NULL, -- inverse of the "elements" edge
  PRIMARY KEY  ("id")
) DEFAULT CHARSET=utf8 AUTO_INCREMENT=1 ENGINE=MEMORY;

--
-- Edges
--

CREATE TABLE IF NOT EXISTS "connectsTo" (
  "TrackElement1_id" int NOT NULL,
  "TrackElement2_id" int NOT NULL,
  PRIMARY KEY  ("TrackElement1_id", "TrackElement2_id")
) DEFAULT CHARSET=utf8 ENGINE=MEMORY;

CREATE TABLE IF NOT EXISTS "monitoredBy" (
  "TrackElement_id" int NOT NULL,
  "Sensor_id" int NOT NULL,
  PRIMARY KEY  ("TrackElement_id", "Sensor_id")
) DEFAULT CHARSET=utf8 ENGINE=MEMORY;

CREATE TABLE IF NOT EXISTS "requires" (
  "Route_id" int NOT NULL,
  "Sensor_id" int NOT NULL,
  PRIMARY KEY  ("Route_id", "Sensor_id")
) DEFAULT CHARSET=utf8 ENGINE=MEMORY;
INSERT INTO "Semaphore" ("id", "signal") VALUES (1, 2);
INSERT INTO "Semaphore" ("id", "signal") VALUES (2, 2);
INSERT INTO "Route" ("id", "active", "entry", "exit") VALUES (3, 1, NULL, 2);
INSERT INTO "Region" ("id") VALUES (4);
INSERT INTO "TrackElement" ("id") VALUES (5);
INSERT INTO "Switch" ("id", "currentPosition") VALUES (5, 0);
UPDATE "TrackElement" SET "region" = 4 WHERE "id" = 5;
INSERT INTO "Sensor" ("id") VALUES (6);
UPDATE "Sensor" SET "region" = 4 WHERE "id" = 6;
INSERT INTO "monitoredBy" VALUES (5, 6);
INSERT INTO "requires" VALUES (3, 6);
INSERT INTO "TrackElement" ("id") VALUES (7);
INSERT INTO "Segment" ("id", "length") VALUES (7, 461);
UPDATE "TrackElement" SET "region" = 4 WHERE "id" = 7;
INSERT INTO "monitoredBy" VALUES (7, 6);
UPDATE "Semaphore" SET "segment" = 7 WHERE "id" = 2;
INSERT INTO "TrackElement" ("id") VALUES (8);
INSERT INTO "Segment" ("id", "length") VALUES (8, 879);
UPDATE "TrackElement" SET "region" = 4 WHERE "id" = 8;
INSERT INTO "monitoredBy" VALUES (8, 6);
INSERT INTO "TrackElement" ("id") VALUES (9);
INSERT INTO "Segment" ("id", "length") VALUES (9, 829);
UPDATE "TrackElement" SET "region" = 4 WHERE "id" = 9;
INSERT INTO "monitoredBy" VALUES (9, 6);
INSERT INTO "TrackElement" ("id") VALUES (10);
INSERT INTO "Segment" ("id", "length") VALUES (10, 732);
UPDATE "TrackElement" SET "region" = 4 WHERE "id" = 10;
INSERT INTO "monitoredBy" VALUES (10, 6);
INSERT INTO "TrackElement" ("id") VALUES (11);
INSERT INTO "Segment" ("id", "length") VALUES (11, 857);
UPDATE "TrackElement" SET "region" = 4 WHERE "id" = 11;
INSERT INTO "monitoredBy" VALUES (11, 6);
INSERT INTO "Sensor" ("id") VALUES (12);
UPDATE "Sensor" SET "region" = 4 WHERE "id" = 12;
INSERT INTO "monitoredBy" VALUES (5, 12);
INSERT INTO "requires" VALUES (3, 12);
INSERT INTO "TrackElement" ("id") VALUES (13);
INSERT INTO "Segment" ("id", "length") VALUES (13, 294);
UPDATE "TrackElement" SET "region" = 4 WHERE "id" = 13;
INSERT INTO "monitoredBy" VALUES (13, 12);
INSERT INTO "TrackElement" ("id") VALUES (14);
INSERT INTO "Segment" ("id", "length") VALUES (14, 306);
UPDATE "TrackElement" SET "region" = 4 WHERE "id" = 14;
INSERT INTO "monitoredBy" VALUES (14, 12);
INSERT INTO "TrackElement" ("id") VALUES (15);
INSERT INTO "Segment" ("id", "length") VALUES (15, 597);
UPDATE "TrackElement" SET "region" = 4 WHERE "id" = 15;
INSERT INTO "monitoredBy" VALUES (15, 12);
INSERT INTO "TrackElement" ("id") VALUES (16);
INSERT INTO "Segment" ("id", "length") VALUES (16, 396);
UPDATE "TrackElement" SET "region" = 4 WHERE "id" = 16;
INSERT INTO "monitoredBy" VALUES (16, 12);
INSERT INTO "TrackElement" ("id") VALUES (17);
INSERT INTO "Segment" ("id", "length") VALUES (17, 518);
UPDATE "TrackElement" SET "region" = 4 WHERE "id" = 17;
INSERT INTO "monitoredBy" VALUES (17, 12);
INSERT INTO "Sensor" ("id") VALUES (18);
UPDATE "Sensor" SET "region" = 4 WHERE "id" = 18;
INSERT INTO "monitoredBy" VALUES (5, 18);
INSERT INTO "requires" VALUES (3, 18);
INSERT INTO "TrackElement" ("id") VALUES (19);
INSERT INTO "Segment" ("id", "length") VALUES (19, 974);
UPDATE "TrackElement" SET "region" = 4 WHERE "id" = 19;
INSERT INTO "monitoredBy" VALUES (19, 18);
INSERT INTO "TrackElement" ("id") VALUES (20);
INSERT INTO "Segment" ("id", "length") VALUES (20, 324);
UPDATE "TrackElement" SET "region" = 4 WHERE "id" = 20;
INSERT INTO "monitoredBy" VALUES (20, 18);
INSERT INTO "TrackElement" ("id") VALUES (21);
INSERT INTO "Segment" ("id", "length") VALUES (21, 996);
UPDATE "TrackElement" SET "region" = 4 WHERE "id" = 21;
INSERT INTO "monitoredBy" VALUES (21, 18);
INSERT INTO "TrackElement" ("id") VALUES (22);
INSERT INTO "Segment" ("id", "length") VALUES (22, 455);
UPDATE "TrackElement" SET "region" = 4 WHERE "id" = 22;
INSERT INTO "monitoredBy" VALUES (22, 18);
INSERT INTO "TrackElement" ("id") VALUES (23);
INSERT INTO "Segment" ("id", "length") VALUES (23, 582);
UPDATE "TrackElement" SET "region" = 4 WHERE "id" = 23;
INSERT INTO "monitoredBy" VALUES (23, 18);
INSERT INTO "SwitchPosition" ("id", "position", "target") VALUES (24, 0, 5);
UPDATE "SwitchPosition" SET "route" = 3 WHERE "id" = 24;
INSERT INTO "connectsTo" VALUES (5, 7);
INSERT INTO "connectsTo" VALUES (7, 8);
INSERT INTO "connectsTo" VALUES (8, 9);
INSERT INTO "connectsTo" VALUES (9, 10);
INSERT INTO "connectsTo" VALUES (10, 11);
INSERT INTO "connectsTo" VALUES (11, 13);
INSERT INTO "connectsTo" VALUES (13, 14);
INSERT INTO "connectsTo" VALUES (14, 15);
INSERT INTO "connectsTo" VALUES (15, 16);
INSERT INTO "connectsTo" VALUES (16, 17);
INSERT INTO "connectsTo" VALUES (17, 19);
INSERT INTO "connectsTo" VALUES (19, 20);
INSERT INTO "connectsTo" VALUES (20, 21);
INSERT INTO "connectsTo" VALUES (21, 22);
INSERT INTO "connectsTo" VALUES (22, 23);
INSERT INTO "Semaphore" ("id", "signal") VALUES (25, 2);
INSERT INTO "Route" ("id", "active", "entry", "exit") VALUES (26, 1, 2, 25);
INSERT INTO "Region" ("id") VALUES (27);
INSERT INTO "TrackElement" ("id") VALUES (28);
INSERT INTO "Switch" ("id", "currentPosition") VALUES (28, 1);
UPDATE "TrackElement" SET "region" = 27 WHERE "id" = 28;
INSERT INTO "Sensor" ("id") VALUES (29);
UPDATE "Sensor" SET "region" = 27 WHERE "id" = 29;
INSERT INTO "monitoredBy" VALUES (28, 29);
INSERT INTO "requires" VALUES (26, 29);
INSERT INTO "TrackElement" ("id") VALUES (30);
INSERT INTO "Segment" ("id", "length") VALUES (30, 679);
UPDATE "TrackElement" SET "region" = 27 WHERE "id" = 30;
INSERT INTO "monitoredBy" VALUES (30, 29);
UPDATE "Semaphore" SET "segment" = 30 WHERE "id" = 25;
INSERT INTO "TrackElement" ("id") VALUES (31);
INSERT INTO "Segment" ("id", "length") VALUES (31, 745);
UPDATE "TrackElement" SET "region" = 27 WHERE "id" = 31;
INSERT INTO "monitoredBy" VALUES (31, 29);
INSERT INTO "TrackElement" ("id") VALUES (32);
INSERT INTO "Segment" ("id", "length") VALUES (32, 711);
UPDATE "TrackElement" SET "region" = 27 WHERE "id" = 32;
INSERT INTO "monitoredBy" VALUES (32, 29);
INSERT INTO "TrackElement" ("id") VALUES (33);
INSERT INTO "Segment" ("id", "length") VALUES (33, 733);
UPDATE "TrackElement" SET "region" = 27 WHERE "id" = 33;
INSERT INTO "monitoredBy" VALUES (33, 29);
INSERT INTO "TrackElement" ("id") VALUES (34);
INSERT INTO "Segment" ("id", "length") VALUES (34, 449);
UPDATE "TrackElement" SET "region" = 27 WHERE "id" = 34;
INSERT INTO "monitoredBy" VALUES (34, 29);
INSERT INTO "Sensor" ("id") VALUES (35);
UPDATE "Sensor" SET "region" = 27 WHERE "id" = 35;
INSERT INTO "monitoredBy" VALUES (28, 35);
INSERT INTO "requires" VALUES (26, 35);
INSERT INTO "TrackElement" ("id") VALUES (36);
INSERT INTO "Segment" ("id", "length") VALUES (36, 483);
UPDATE "TrackElement" SET "region" = 27 WHERE "id" = 36;
INSERT INTO "monitoredBy" VALUES (36, 35);
INSERT INTO "TrackElement" ("id") VALUES (37);
INSERT INTO "Segment" ("id", "length") VALUES (37, 636);
UPDATE "TrackElement" SET "region" = 27 WHERE "id" = 37;
INSERT INTO "monitoredBy" VALUES (37, 35);
INSERT INTO "TrackElement" ("id") VALUES (38);
INSERT INTO "Segment" ("id", "length") VALUES (38, 849);
UPDATE "TrackElement" SET "region" = 27 WHERE "id" = 38;
INSERT INTO "monitoredBy" VALUES (38, 35);
INSERT INTO "TrackElement" ("id") VALUES (39);
INSERT INTO "Segment" ("id", "length") VALUES (39, 345);
UPDATE "TrackElement" SET "region" = 27 WHERE "id" = 39;
INSERT INTO "monitoredBy" VALUES (39, 35);
INSERT INTO "TrackElement" ("id") VALUES (40);
INSERT INTO "Segment" ("id", "length") VALUES (40, 771);
UPDATE "TrackElement" SET "region" = 27 WHERE "id" = 40;
INSERT INTO "monitoredBy" VALUES (40, 35);
INSERT INTO "Sensor" ("id") VALUES (41);
UPDATE "Sensor" SET "region" = 27 WHERE "id" = 41;
INSERT INTO "monitoredBy" VALUES (28, 41);
INSERT INTO "requires" VALUES (26, 41);
INSERT INTO "TrackElement" ("id") VALUES (42);
INSERT INTO "Segment" ("id", "length") VALUES (42, 209);
UPDATE "TrackElement" SET "region" = 27 WHERE "id" = 42;
INSERT INTO "monitoredBy" VALUES (42, 41);
INSERT INTO "TrackElement" ("id") VALUES (43);
INSERT INTO "Segment" ("id", "length") VALUES (43, 721);
UPDATE "TrackElement" SET "region" = 27 WHERE "id" = 43;
INSERT INTO "monitoredBy" VALUES (43, 41);
INSERT INTO "TrackElement" ("id") VALUES (44);
INSERT INTO "Segment" ("id", "length") VALUES (44, 436);
UPDATE "TrackElement" SET "region" = 27 WHERE "id" = 44;
INSERT INTO "monitoredBy" VALUES (44, 41);
INSERT INTO "TrackElement" ("id") VALUES (45);
INSERT INTO "Segment" ("id", "length") VALUES (45, 818);
UPDATE "TrackElement" SET "region" = 27 WHERE "id" = 45;
INSERT INTO "monitoredBy" VALUES (45, 41);
INSERT INTO "TrackElement" ("id") VALUES (46);
INSERT INTO "Segment" ("id", "length") VALUES (46, 153);
UPDATE "TrackElement" SET "region" = 27 WHERE "id" = 46;
INSERT INTO "monitoredBy" VALUES (46, 41);
INSERT INTO "Sensor" ("id") VALUES (47);
UPDATE "Sensor" SET "region" = 27 WHERE "id" = 47;
INSERT INTO "monitoredBy" VALUES (28, 47);
INSERT INTO "requires" VALUES (26, 47);
INSERT INTO "TrackElement" ("id") VALUES (48);
INSERT INTO "Segment" ("id", "length") VALUES (48, 764);
UPDATE "TrackElement" SET "region" = 27 WHERE "id" = 48;
INSERT INTO "monitoredBy" VALUES (48, 47);
INSERT INTO "TrackElement" ("id") VALUES (49);
INSERT INTO "Segment" ("id", "length") VALUES (49, 872);
UPDATE "TrackElement" SET "region" = 27 WHERE "id" = 49;
INSERT INTO "monitoredBy" VALUES (49, 47);
INSERT INTO "TrackElement" ("id") VALUES (50);
INSERT INTO "Segment" ("id", "length") VALUES (50, 515);
UPDATE "TrackElement" SET "region" = 27 WHERE "id" = 50;
INSERT INTO "monitoredBy" VALUES (50, 47);
INSERT INTO "TrackElement" ("id") VALUES (51);
INSERT INTO "Segment" ("id", "length") VALUES (51, 11);
UPDATE "TrackElement" SET "region" = 27 WHERE "id" = 51;
INSERT INTO "monitoredBy" VALUES (51, 47);
INSERT INTO "TrackElement" ("id") VALUES (52);
INSERT INTO "Segment" ("id", "length") VALUES (52, 994);
UPDATE "TrackElement" SET "region" = 27 WHERE "id" = 52;
INSERT INTO "monitoredBy" VALUES (52, 47);
INSERT INTO "Sensor" ("id") VALUES (53);
UPDATE "Sensor" SET "region" = 27 WHERE "id" = 53;
INSERT INTO "monitoredBy" VALUES (28, 53);
INSERT INTO "requires" VALUES (26, 53);
INSERT INTO "TrackElement" ("id") VALUES (54);
INSERT INTO "Segment" ("id", "length") VALUES (54, 692);
UPDATE "TrackElement" SET "region" = 27 WHERE "id" = 54;
INSERT INTO "monitoredBy" VALUES (54, 53);
INSERT INTO "TrackElement" ("id") VALUES (55);
INSERT INTO "Segment" ("id", "length") VALUES (55, -588);
UPDATE "TrackElement" SET "region" = 27 WHERE "id" = 55;
INSERT INTO "monitoredBy" VALUES (55, 53);
INSERT INTO "TrackElement" ("id") VALUES (56);
INSERT INTO "Segment" ("id", "length") VALUES (56, 896);
UPDATE "TrackElement" SET "region" = 27 WHERE "id" = 56;
INSERT INTO "monitoredBy" VALUES (56, 53);
INSERT INTO "TrackElement" ("id") VALUES (57);
INSERT INTO "Segment" ("id", "length") VALUES (57, 325);
UPDATE "TrackElement" SET "region" = 27 WHERE "id" = 57;
INSERT INTO "monitoredBy" VALUES (57, 53);
INSERT INTO "TrackElement" ("id") VALUES (58);
INSERT INTO "Segment" ("id", "length") VALUES (58, 800);
UPDATE "TrackElement" SET "region" = 27 WHERE "id" = 58;
INSERT INTO "monitoredBy" VALUES (58, 53);
INSERT INTO "SwitchPosition" ("id", "position", "target") VALUES (59, 1, 28);
UPDATE "SwitchPosition" SET "route" = 26 WHERE "id" = 59;
INSERT INTO "TrackElement" ("id") VALUES (60);
INSERT INTO "Switch" ("id", "currentPosition") VALUES (60, 1);
UPDATE "TrackElement" SET "region" = 27 WHERE "id" = 60;
INSERT INTO "Sensor" ("id") VALUES (61);
UPDATE "Sensor" SET "region" = 27 WHERE "id" = 61;
INSERT INTO "monitoredBy" VALUES (60, 61);
INSERT INTO "requires" VALUES (26, 61);
INSERT INTO "TrackElement" ("id") VALUES (62);
INSERT INTO "Segment" ("id", "length") VALUES (62, 220);
UPDATE "TrackElement" SET "region" = 27 WHERE "id" = 62;
INSERT INTO "monitoredBy" VALUES (62, 61);
INSERT INTO "TrackElement" ("id") VALUES (63);
INSERT INTO "Segment" ("id", "length") VALUES (63, 929);
UPDATE "TrackElement" SET "region" = 27 WHERE "id" = 63;
INSERT INTO "monitoredBy" VALUES (63, 61);
INSERT INTO "TrackElement" ("id") VALUES (64);
INSERT INTO "Segment" ("id", "length") VALUES (64, 152);
UPDATE "TrackElement" SET "region" = 27 WHERE "id" = 64;
INSERT INTO "monitoredBy" VALUES (64, 61);
INSERT INTO "TrackElement" ("id") VALUES (65);
INSERT INTO "Segment" ("id", "length") VALUES (65, 886);
UPDATE "TrackElement" SET "region" = 27 WHERE "id" = 65;
INSERT INTO "monitoredBy" VALUES (65, 61);
INSERT INTO "TrackElement" ("id") VALUES (66);
INSERT INTO "Segment" ("id", "length") VALUES (66, 23);
UPDATE "TrackElement" SET "region" = 27 WHERE "id" = 66;
INSERT INTO "monitoredBy" VALUES (66, 61);
INSERT INTO "Sensor" ("id") VALUES (67);
UPDATE "Sensor" SET "region" = 27 WHERE "id" = 67;
INSERT INTO "monitoredBy" VALUES (60, 67);
INSERT INTO "requires" VALUES (26, 67);
INSERT INTO "TrackElement" ("id") VALUES (68);
INSERT INTO "Segment" ("id", "length") VALUES (68, 437);
UPDATE "TrackElement" SET "region" = 27 WHERE "id" = 68;
INSERT INTO "monitoredBy" VALUES (68, 67);
INSERT INTO "TrackElement" ("id") VALUES (69);
INSERT INTO "Segment" ("id", "length") VALUES (69, 375);
UPDATE "TrackElement" SET "region" = 27 WHERE "id" = 69;
INSERT INTO "monitoredBy" VALUES (69, 67);
INSERT INTO "TrackElement" ("id") VALUES (70);
INSERT INTO "Segment" ("id", "length") VALUES (70, 942);
UPDATE "TrackElement" SET "region" = 27 WHERE "id" = 70;
INSERT INTO "monitoredBy" VALUES (70, 67);
INSERT INTO "TrackElement" ("id") VALUES (71);
INSERT INTO "Segment" ("id", "length") VALUES (71, 18);
UPDATE "TrackElement" SET "region" = 27 WHERE "id" = 71;
INSERT INTO "monitoredBy" VALUES (71, 67);
INSERT INTO "TrackElement" ("id") VALUES (72);
INSERT INTO "Segment" ("id", "length") VALUES (72, 488);
UPDATE "TrackElement" SET "region" = 27 WHERE "id" = 72;
INSERT INTO "monitoredBy" VALUES (72, 67);
INSERT INTO "TrackElement" ("id") VALUES (73);
INSERT INTO "Segment" ("id", "length") VALUES (73, 437);
UPDATE "TrackElement" SET "region" = 27 WHERE "id" = 73;
INSERT INTO "monitoredBy" VALUES (73, 67);
INSERT INTO "Sensor" ("id") VALUES (74);
UPDATE "Sensor" SET "region" = 27 WHERE "id" = 74;
INSERT INTO "monitoredBy" VALUES (60, 74);
INSERT INTO "requires" VALUES (26, 74);
INSERT INTO "TrackElement" ("id") VALUES (75);
INSERT INTO "Segment" ("id", "length") VALUES (75, 625);
UPDATE "TrackElement" SET "region" = 27 WHERE "id" = 75;
INSERT INTO "monitoredBy" VALUES (75, 74);
INSERT INTO "TrackElement" ("id") VALUES (76);
INSERT INTO "Segment" ("id", "length") VALUES (76, 111);
UPDATE "TrackElement" SET "region" = 27 WHERE "id" = 76;
INSERT INTO "monitoredBy" VALUES (76, 74);
INSERT INTO "TrackElement" ("id") VALUES (77);
INSERT INTO "Segment" ("id", "length") VALUES (77, 757);
UPDATE "TrackElement" SET "region" = 27 WHERE "id" = 77;
INSERT INTO "monitoredBy" VALUES (77, 74);
INSERT INTO "TrackElement" ("id") VALUES (78);
INSERT INTO "Segment" ("id", "length") VALUES (78, 711);
UPDATE "TrackElement" SET "region" = 27 WHERE "id" = 78;
INSERT INTO "monitoredBy" VALUES (78, 74);
INSERT INTO "TrackElement" ("id") VALUES (79);
INSERT INTO "Segment" ("id", "length") VALUES (79, 740);
UPDATE "TrackElement" SET "region" = 27 WHERE "id" = 79;
INSERT INTO "monitoredBy" VALUES (79, 74);
INSERT INTO "Sensor" ("id") VALUES (80);
UPDATE "Sensor" SET "region" = 27 WHERE "id" = 80;
INSERT INTO "monitoredBy" VALUES (60, 80);
INSERT INTO "requires" VALUES (26, 80);
INSERT INTO "TrackElement" ("id") VALUES (81);
INSERT INTO "Segment" ("id", "length") VALUES (81, 456);
UPDATE "TrackElement" SET "region" = 27 WHERE "id" = 81;
INSERT INTO "monitoredBy" VALUES (81, 80);
INSERT INTO "TrackElement" ("id") VALUES (82);
INSERT INTO "Segment" ("id", "length") VALUES (82, 434);
UPDATE "TrackElement" SET "region" = 27 WHERE "id" = 82;
INSERT INTO "monitoredBy" VALUES (82, 80);
INSERT INTO "TrackElement" ("id") VALUES (83);
INSERT INTO "Segment" ("id", "length") VALUES (83, 613);
UPDATE "TrackElement" SET "region" = 27 WHERE "id" = 83;
INSERT INTO "monitoredBy" VALUES (83, 80);
INSERT INTO "TrackElement" ("id") VALUES (84);
INSERT INTO "Segment" ("id", "length") VALUES (84, 801);
UPDATE "TrackElement" SET "region" = 27 WHERE "id" = 84;
INSERT INTO "monitoredBy" VALUES (84, 80);
INSERT INTO "TrackElement" ("id") VALUES (85);
INSERT INTO "Segment" ("id", "length") VALUES (85, 386);
UPDATE "TrackElement" SET "region" = 27 WHERE "id" = 85;
INSERT INTO "monitoredBy" VALUES (85, 80);
INSERT INTO "Sensor" ("id") VALUES (86);
UPDATE "Sensor" SET "region" = 27 WHERE "id" = 86;
INSERT INTO "monitoredBy" VALUES (60, 86);
INSERT INTO "requires" VALUES (26, 86);
INSERT INTO "TrackElement" ("id") VALUES (87);
INSERT INTO "Segment" ("id", "length") VALUES (87, 829);
UPDATE "TrackElement" SET "region" = 27 WHERE "id" = 87;
INSERT INTO "monitoredBy" VALUES (87, 86);
INSERT INTO "TrackElement" ("id") VALUES (88);
INSERT INTO "Segment" ("id", "length") VALUES (88, 619);
UPDATE "TrackElement" SET "region" = 27 WHERE "id" = 88;
INSERT INTO "monitoredBy" VALUES (88, 86);
INSERT INTO "TrackElement" ("id") VALUES (89);
INSERT INTO "Segment" ("id", "length") VALUES (89, 620);
UPDATE "TrackElement" SET "region" = 27 WHERE "id" = 89;
INSERT INTO "monitoredBy" VALUES (89, 86);
INSERT INTO "TrackElement" ("id") VALUES (90);
INSERT INTO "Segment" ("id", "length") VALUES (90, 181);
UPDATE "TrackElement" SET "region" = 27 WHERE "id" = 90;
INSERT INTO "monitoredBy" VALUES (90, 86);
INSERT INTO "TrackElement" ("id") VALUES (91);
INSERT INTO "Segment" ("id", "length") VALUES (91, 54);
UPDATE "TrackElement" SET "region" = 27 WHERE "id" = 91;
INSERT INTO "monitoredBy" VALUES (91, 86);
INSERT INTO "Sensor" ("id") VALUES (92);
UPDATE "Sensor" SET "region" = 27 WHERE "id" = 92;
INSERT INTO "monitoredBy" VALUES (60, 92);
INSERT INTO "TrackElement" ("id") VALUES (93);
INSERT INTO "Segment" ("id", "length") VALUES (93, 763);
UPDATE "TrackElement" SET "region" = 27 WHERE "id" = 93;
INSERT INTO "monitoredBy" VALUES (93, 92);
INSERT INTO "TrackElement" ("id") VALUES (94);
INSERT INTO "Segment" ("id", "length") VALUES (94, 890);
UPDATE "TrackElement" SET "region" = 27 WHERE "id" = 94;
INSERT INTO "monitoredBy" VALUES (94, 92);
INSERT INTO "TrackElement" ("id") VALUES (95);
INSERT INTO "Segment" ("id", "length") VALUES (95, 736);
UPDATE "TrackElement" SET "region" = 27 WHERE "id" = 95;
INSERT INTO "monitoredBy" VALUES (95, 92);
INSERT INTO "TrackElement" ("id") VALUES (96);
INSERT INTO "Segment" ("id", "length") VALUES (96, 836);
UPDATE "TrackElement" SET "region" = 27 WHERE "id" = 96;
INSERT INTO "monitoredBy" VALUES (96, 92);
INSERT INTO "TrackElement" ("id") VALUES (97);
INSERT INTO "Segment" ("id", "length") VALUES (97, 746);
UPDATE "TrackElement" SET "region" = 27 WHERE "id" = 97;
INSERT INTO "monitoredBy" VALUES (97, 92);
INSERT INTO "Sensor" ("id") VALUES (98);
UPDATE "Sensor" SET "region" = 27 WHERE "id" = 98;
INSERT INTO "monitoredBy" VALUES (60, 98);
INSERT INTO "requires" VALUES (26, 98);
INSERT INTO "TrackElement" ("id") VALUES (99);
INSERT INTO "Segment" ("id", "length") VALUES (99, 638);
UPDATE "TrackElement" SET "region" = 27 WHERE "id" = 99;
INSERT INTO "monitoredBy" VALUES (99, 98);
INSERT INTO "TrackElement" ("id") VALUES (100);
INSERT INTO "Segment" ("id", "length") VALUES (100, 102);
UPDATE "TrackElement" SET "region" = 27 WHERE "id" = 100;
INSERT INTO "monitoredBy" VALUES (100, 98);
INSERT INTO "TrackElement" ("id") VALUES (101);
INSERT INTO "Segment" ("id", "length") VALUES (101, 517);
UPDATE "TrackElement" SET "region" = 27 WHERE "id" = 101;
INSERT INTO "monitoredBy" VALUES (101, 98);
INSERT INTO "TrackElement" ("id") VALUES (102);
INSERT INTO "Segment" ("id", "length") VALUES (102, -783);
UPDATE "TrackElement" SET "region" = 27 WHERE "id" = 102;
INSERT INTO "monitoredBy" VALUES (102, 98);
INSERT INTO "TrackElement" ("id") VALUES (103);
INSERT INTO "Segment" ("id", "length") VALUES (103, 566);
UPDATE "TrackElement" SET "region" = 27 WHERE "id" = 103;
INSERT INTO "monitoredBy" VALUES (103, 98);
INSERT INTO "SwitchPosition" ("id", "position", "target") VALUES (104, 1, 60);
UPDATE "SwitchPosition" SET "route" = 26 WHERE "id" = 104;
INSERT INTO "TrackElement" ("id") VALUES (105);
INSERT INTO "Switch" ("id", "currentPosition") VALUES (105, 2);
UPDATE "TrackElement" SET "region" = 27 WHERE "id" = 105;
INSERT INTO "Sensor" ("id") VALUES (106);
UPDATE "Sensor" SET "region" = 27 WHERE "id" = 106;
INSERT INTO "monitoredBy" VALUES (105, 106);
INSERT INTO "requires" VALUES (26, 106);
INSERT INTO "TrackElement" ("id") VALUES (107);
INSERT INTO "Segment" ("id", "length") VALUES (107, 931);
UPDATE "TrackElement" SET "region" = 27 WHERE "id" = 107;
INSERT INTO "monitoredBy" VALUES (107, 106);
INSERT INTO "TrackElement" ("id") VALUES (108);
INSERT INTO "Segment" ("id", "length") VALUES (108, 119);
UPDATE "TrackElement" SET "region" = 27 WHERE "id" = 108;
INSERT INTO "monitoredBy" VALUES (108, 106);
INSERT INTO "TrackElement" ("id") VALUES (109);
INSERT INTO "Segment" ("id", "length") VALUES (109, 342);
UPDATE "TrackElement" SET "region" = 27 WHERE "id" = 109;
INSERT INTO "monitoredBy" VALUES (109, 106);
INSERT INTO "TrackElement" ("id") VALUES (110);
INSERT INTO "Segment" ("id", "length") VALUES (110, 986);
UPDATE "TrackElement" SET "region" = 27 WHERE "id" = 110;
INSERT INTO "monitoredBy" VALUES (110, 106);
INSERT INTO "TrackElement" ("id") VALUES (111);
INSERT INTO "Segment" ("id", "length") VALUES (111, 798);
UPDATE "TrackElement" SET "region" = 27 WHERE "id" = 111;
INSERT INTO "monitoredBy" VALUES (111, 106);
INSERT INTO "SwitchPosition" ("id", "position", "target") VALUES (112, 2, 105);
UPDATE "SwitchPosition" SET "route" = 26 WHERE "id" = 112;
INSERT INTO "TrackElement" ("id") VALUES (113);
INSERT INTO "Switch" ("id", "currentPosition") VALUES (113, 0);
UPDATE "TrackElement" SET "region" = 27 WHERE "id" = 113;
INSERT INTO "Sensor" ("id") VALUES (114);
UPDATE "Sensor" SET "region" = 27 WHERE "id" = 114;
INSERT INTO "monitoredBy" VALUES (113, 114);
INSERT INTO "requires" VALUES (26, 114);
INSERT INTO "TrackElement" ("id") VALUES (115);
INSERT INTO "Segment" ("id", "length") VALUES (115, 772);
UPDATE "TrackElement" SET "region" = 27 WHERE "id" = 115;
INSERT INTO "monitoredBy" VALUES (115, 114);
INSERT INTO "TrackElement" ("id") VALUES (116);
INSERT INTO "Segment" ("id", "length") VALUES (116, 981);
UPDATE "TrackElement" SET "region" = 27 WHERE "id" = 116;
INSERT INTO "monitoredBy" VALUES (116, 114);
INSERT INTO "TrackElement" ("id") VALUES (117);
INSERT INTO "Segment" ("id", "length") VALUES (117, 186);
UPDATE "TrackElement" SET "region" = 27 WHERE "id" = 117;
INSERT INTO "monitoredBy" VALUES (117, 114);
INSERT INTO "TrackElement" ("id") VALUES (118);
INSERT INTO "Segment" ("id", "length") VALUES (118, 324);
UPDATE "TrackElement" SET "region" = 27 WHERE "id" = 118;
INSERT INTO "monitoredBy" VALUES (118, 114);
INSERT INTO "TrackElement" ("id") VALUES (119);
INSERT INTO "Segment" ("id", "length") VALUES (119, 881);
UPDATE "TrackElement" SET "region" = 27 WHERE "id" = 119;
INSERT INTO "monitoredBy" VALUES (119, 114);
INSERT INTO "Sensor" ("id") VALUES (120);
UPDATE "Sensor" SET "region" = 27 WHERE "id" = 120;
INSERT INTO "monitoredBy" VALUES (113, 120);
INSERT INTO "requires" VALUES (26, 120);
INSERT INTO "TrackElement" ("id") VALUES (121);
INSERT INTO "Segment" ("id", "length") VALUES (121, 521);
UPDATE "TrackElement" SET "region" = 27 WHERE "id" = 121;
INSERT INTO "monitoredBy" VALUES (121, 120);
INSERT INTO "TrackElement" ("id") VALUES (122);
INSERT INTO "Segment" ("id", "length") VALUES (122, 750);
UPDATE "TrackElement" SET "region" = 27 WHERE "id" = 122;
INSERT INTO "monitoredBy" VALUES (122, 120);
INSERT INTO "TrackElement" ("id") VALUES (123);
INSERT INTO "Segment" ("id", "length") VALUES (123, 250);
UPDATE "TrackElement" SET "region" = 27 WHERE "id" = 123;
INSERT INTO "monitoredBy" VALUES (123, 120);
INSERT INTO "TrackElement" ("id") VALUES (124);
INSERT INTO "Segment" ("id", "length") VALUES (124, 579);
UPDATE "TrackElement" SET "region" = 27 WHERE "id" = 124;
INSERT INTO "monitoredBy" VALUES (124, 120);
INSERT INTO "TrackElement" ("id") VALUES (125);
INSERT INTO "Segment" ("id", "length") VALUES (125, 39);
UPDATE "TrackElement" SET "region" = 27 WHERE "id" = 125;
INSERT INTO "monitoredBy" VALUES (125, 120);
INSERT INTO "Sensor" ("id") VALUES (126);
UPDATE "Sensor" SET "region" = 27 WHERE "id" = 126;
INSERT INTO "monitoredBy" VALUES (113, 126);
INSERT INTO "requires" VALUES (26, 126);
INSERT INTO "TrackElement" ("id") VALUES (127);
INSERT INTO "Segment" ("id", "length") VALUES (127, 894);
UPDATE "TrackElement" SET "region" = 27 WHERE "id" = 127;
INSERT INTO "monitoredBy" VALUES (127, 126);
INSERT INTO "TrackElement" ("id") VALUES (128);
INSERT INTO "Segment" ("id", "length") VALUES (128, -949);
UPDATE "TrackElement" SET "region" = 27 WHERE "id" = 128;
INSERT INTO "monitoredBy" VALUES (128, 126);
INSERT INTO "TrackElement" ("id") VALUES (129);
INSERT INTO "Segment" ("id", "length") VALUES (129, -716);
UPDATE "TrackElement" SET "region" = 27 WHERE "id" = 129;
INSERT INTO "monitoredBy" VALUES (129, 126);
INSERT INTO "TrackElement" ("id") VALUES (130);
INSERT INTO "Segment" ("id", "length") VALUES (130, 942);
UPDATE "TrackElement" SET "region" = 27 WHERE "id" = 130;
INSERT INTO "monitoredBy" VALUES (130, 126);
INSERT INTO "TrackElement" ("id") VALUES (131);
INSERT INTO "Segment" ("id", "length") VALUES (131, 547);
UPDATE "TrackElement" SET "region" = 27 WHERE "id" = 131;
INSERT INTO "monitoredBy" VALUES (131, 126);
INSERT INTO "Sensor" ("id") VALUES (132);
UPDATE "Sensor" SET "region" = 27 WHERE "id" = 132;
INSERT INTO "monitoredBy" VALUES (113, 132);
INSERT INTO "requires" VALUES (26, 132);
INSERT INTO "TrackElement" ("id") VALUES (133);
INSERT INTO "Segment" ("id", "length") VALUES (133, 403);
UPDATE "TrackElement" SET "region" = 27 WHERE "id" = 133;
INSERT INTO "monitoredBy" VALUES (133, 132);
INSERT INTO "TrackElement" ("id") VALUES (134);
INSERT INTO "Segment" ("id", "length") VALUES (134, 616);
UPDATE "TrackElement" SET "region" = 27 WHERE "id" = 134;
INSERT INTO "monitoredBy" VALUES (134, 132);
INSERT INTO "TrackElement" ("id") VALUES (135);
INSERT INTO "Segment" ("id", "length") VALUES (135, 870);
UPDATE "TrackElement" SET "region" = 27 WHERE "id" = 135;
INSERT INTO "monitoredBy" VALUES (135, 132);
INSERT INTO "TrackElement" ("id") VALUES (136);
INSERT INTO "Segment" ("id", "length") VALUES (136, 344);
UPDATE "TrackElement" SET "region" = 27 WHERE "id" = 136;
INSERT INTO "monitoredBy" VALUES (136, 132);
INSERT INTO "TrackElement" ("id") VALUES (137);
INSERT INTO "Segment" ("id", "length") VALUES (137, 333);
UPDATE "TrackElement" SET "region" = 27 WHERE "id" = 137;
INSERT INTO "monitoredBy" VALUES (137, 132);
INSERT INTO "Sensor" ("id") VALUES (138);
UPDATE "Sensor" SET "region" = 27 WHERE "id" = 138;
INSERT INTO "monitoredBy" VALUES (113, 138);
INSERT INTO "requires" VALUES (26, 138);
INSERT INTO "TrackElement" ("id") VALUES (139);
INSERT INTO "Segment" ("id", "length") VALUES (139, 258);
UPDATE "TrackElement" SET "region" = 27 WHERE "id" = 139;
INSERT INTO "monitoredBy" VALUES (139, 138);
INSERT INTO "TrackElement" ("id") VALUES (140);
INSERT INTO "Segment" ("id", "length") VALUES (140, 889);
UPDATE "TrackElement" SET "region" = 27 WHERE "id" = 140;
INSERT INTO "monitoredBy" VALUES (140, 138);
INSERT INTO "TrackElement" ("id") VALUES (141);
INSERT INTO "Segment" ("id", "length") VALUES (141, 465);
UPDATE "TrackElement" SET "region" = 27 WHERE "id" = 141;
INSERT INTO "monitoredBy" VALUES (141, 138);
INSERT INTO "TrackElement" ("id") VALUES (142);
INSERT INTO "Segment" ("id", "length") VALUES (142, 470);
UPDATE "TrackElement" SET "region" = 27 WHERE "id" = 142;
INSERT INTO "monitoredBy" VALUES (142, 138);
INSERT INTO "TrackElement" ("id") VALUES (143);
INSERT INTO "Segment" ("id", "length") VALUES (143, 343);
UPDATE "TrackElement" SET "region" = 27 WHERE "id" = 143;
INSERT INTO "monitoredBy" VALUES (143, 138);
INSERT INTO "TrackElement" ("id") VALUES (144);
INSERT INTO "Segment" ("id", "length") VALUES (144, 799);
UPDATE "TrackElement" SET "region" = 27 WHERE "id" = 144;
INSERT INTO "monitoredBy" VALUES (144, 138);
INSERT INTO "Sensor" ("id") VALUES (145);
UPDATE "Sensor" SET "region" = 27 WHERE "id" = 145;
INSERT INTO "monitoredBy" VALUES (113, 145);
INSERT INTO "requires" VALUES (26, 145);
INSERT INTO "TrackElement" ("id") VALUES (146);
INSERT INTO "Segment" ("id", "length") VALUES (146, 994);
UPDATE "TrackElement" SET "region" = 27 WHERE "id" = 146;
INSERT INTO "monitoredBy" VALUES (146, 145);
INSERT INTO "TrackElement" ("id") VALUES (147);
INSERT INTO "Segment" ("id", "length") VALUES (147, 167);
UPDATE "TrackElement" SET "region" = 27 WHERE "id" = 147;
INSERT INTO "monitoredBy" VALUES (147, 145);
INSERT INTO "TrackElement" ("id") VALUES (148);
INSERT INTO "Segment" ("id", "length") VALUES (148, 466);
UPDATE "TrackElement" SET "region" = 27 WHERE "id" = 148;
INSERT INTO "monitoredBy" VALUES (148, 145);
INSERT INTO "TrackElement" ("id") VALUES (149);
INSERT INTO "Segment" ("id", "length") VALUES (149, 886);
UPDATE "TrackElement" SET "region" = 27 WHERE "id" = 149;
INSERT INTO "monitoredBy" VALUES (149, 145);
INSERT INTO "TrackElement" ("id") VALUES (150);
INSERT INTO "Segment" ("id", "length") VALUES (150, 248);
UPDATE "TrackElement" SET "region" = 27 WHERE "id" = 150;
INSERT INTO "monitoredBy" VALUES (150, 145);
INSERT INTO "TrackElement" ("id") VALUES (151);
INSERT INTO "Segment" ("id", "length") VALUES (151, 111);
UPDATE "TrackElement" SET "region" = 27 WHERE "id" = 151;
INSERT INTO "monitoredBy" VALUES (151, 145);
INSERT INTO "SwitchPosition" ("id", "position", "target") VALUES (152, 2, 113);
UPDATE "SwitchPosition" SET "route" = 26 WHERE "id" = 152;
INSERT INTO "connectsTo" VALUES (28, 30);
INSERT INTO "connectsTo" VALUES (30, 31);
INSERT INTO "connectsTo" VALUES (31, 32);
INSERT INTO "connectsTo" VALUES (32, 33);
INSERT INTO "connectsTo" VALUES (33, 34);
INSERT INTO "connectsTo" VALUES (34, 36);
INSERT INTO "connectsTo" VALUES (36, 37);
INSERT INTO "connectsTo" VALUES (37, 38);
INSERT INTO "connectsTo" VALUES (38, 39);
INSERT INTO "connectsTo" VALUES (39, 40);
INSERT INTO "connectsTo" VALUES (40, 42);
INSERT INTO "connectsTo" VALUES (42, 43);
INSERT INTO "connectsTo" VALUES (43, 44);
INSERT INTO "connectsTo" VALUES (44, 45);
INSERT INTO "connectsTo" VALUES (45, 46);
INSERT INTO "connectsTo" VALUES (46, 48);
INSERT INTO "connectsTo" VALUES (48, 49);
INSERT INTO "connectsTo" VALUES (49, 50);
INSERT INTO "connectsTo" VALUES (50, 51);
INSERT INTO "connectsTo" VALUES (51, 52);
INSERT INTO "connectsTo" VALUES (52, 54);
INSERT INTO "connectsTo" VALUES (54, 55);
INSERT INTO "connectsTo" VALUES (55, 56);
INSERT INTO "connectsTo" VALUES (56, 57);
INSERT INTO "connectsTo" VALUES (57, 58);
INSERT INTO "connectsTo" VALUES (58, 60);
INSERT INTO "connectsTo" VALUES (60, 62);
INSERT INTO "connectsTo" VALUES (62, 63);
INSERT INTO "connectsTo" VALUES (63, 64);
INSERT INTO "connectsTo" VALUES (64, 65);
INSERT INTO "connectsTo" VALUES (65, 66);
INSERT INTO "connectsTo" VALUES (66, 68);
INSERT INTO "connectsTo" VALUES (68, 69);
INSERT INTO "connectsTo" VALUES (69, 70);
INSERT INTO "connectsTo" VALUES (70, 71);
INSERT INTO "connectsTo" VALUES (71, 72);
INSERT INTO "connectsTo" VALUES (72, 73);
INSERT INTO "connectsTo" VALUES (73, 75);
INSERT INTO "connectsTo" VALUES (75, 76);
INSERT INTO "connectsTo" VALUES (76, 77);
INSERT INTO "connectsTo" VALUES (77, 78);
INSERT INTO "connectsTo" VALUES (78, 79);
INSERT INTO "connectsTo" VALUES (79, 81);
INSERT INTO "connectsTo" VALUES (81, 82);
INSERT INTO "connectsTo" VALUES (82, 83);
INSERT INTO "connectsTo" VALUES (83, 84);
INSERT INTO "connectsTo" VALUES (84, 85);
INSERT INTO "connectsTo" VALUES (85, 87);
INSERT INTO "connectsTo" VALUES (87, 88);
INSERT INTO "connectsTo" VALUES (88, 89);
INSERT INTO "connectsTo" VALUES (89, 90);
INSERT INTO "connectsTo" VALUES (90, 91);
INSERT INTO "connectsTo" VALUES (91, 93);
INSERT INTO "connectsTo" VALUES (93, 94);
INSERT INTO "connectsTo" VALUES (94, 95);
INSERT INTO "connectsTo" VALUES (95, 96);
INSERT INTO "connectsTo" VALUES (96, 97);
INSERT INTO "connectsTo" VALUES (97, 99);
INSERT INTO "connectsTo" VALUES (99, 100);
INSERT INTO "connectsTo" VALUES (100, 101);
INSERT INTO "connectsTo" VALUES (101, 102);
INSERT INTO "connectsTo" VALUES (102, 103);
INSERT INTO "connectsTo" VALUES (103, 105);
INSERT INTO "connectsTo" VALUES (105, 107);
INSERT INTO "connectsTo" VALUES (107, 108);
INSERT INTO "connectsTo" VALUES (108, 109);
INSERT INTO "connectsTo" VALUES (109, 110);
INSERT INTO "connectsTo" VALUES (110, 111);
INSERT INTO "connectsTo" VALUES (111, 113);
INSERT INTO "connectsTo" VALUES (113, 115);
INSERT INTO "connectsTo" VALUES (115, 116);
INSERT INTO "connectsTo" VALUES (116, 117);
INSERT INTO "connectsTo" VALUES (117, 118);
INSERT INTO "connectsTo" VALUES (118, 119);
INSERT INTO "connectsTo" VALUES (119, 121);
INSERT INTO "connectsTo" VALUES (121, 122);
INSERT INTO "connectsTo" VALUES (122, 123);
INSERT INTO "connectsTo" VALUES (123, 124);
INSERT INTO "connectsTo" VALUES (124, 125);
INSERT INTO "connectsTo" VALUES (125, 127);
INSERT INTO "connectsTo" VALUES (127, 128);
INSERT INTO "connectsTo" VALUES (128, 129);
INSERT INTO "connectsTo" VALUES (129, 130);
INSERT INTO "connectsTo" VALUES (130, 131);
INSERT INTO "connectsTo" VALUES (131, 133);
INSERT INTO "connectsTo" VALUES (133, 134);
INSERT INTO "connectsTo" VALUES (134, 135);
INSERT INTO "connectsTo" VALUES (135, 136);
INSERT INTO "connectsTo" VALUES (136, 137);
INSERT INTO "connectsTo" VALUES (137, 139);
INSERT INTO "connectsTo" VALUES (139, 140);
INSERT INTO "connectsTo" VALUES (140, 141);
INSERT INTO "connectsTo" VALUES (141, 142);
INSERT INTO "connectsTo" VALUES (142, 143);
INSERT INTO "connectsTo" VALUES (143, 144);
INSERT INTO "connectsTo" VALUES (144, 146);
INSERT INTO "connectsTo" VALUES (146, 147);
INSERT INTO "connectsTo" VALUES (147, 148);
INSERT INTO "connectsTo" VALUES (148, 149);
INSERT INTO "connectsTo" VALUES (149, 150);
INSERT INTO "connectsTo" VALUES (150, 151);
INSERT INTO "connectsTo" VALUES (23, 28);
INSERT INTO "Semaphore" ("id", "signal") VALUES (153, 2);
INSERT INTO "Route" ("id", "active", "entry", "exit") VALUES (154, 1, 25, 153);
INSERT INTO "Region" ("id") VALUES (155);
INSERT INTO "TrackElement" ("id") VALUES (156);
INSERT INTO "Switch" ("id", "currentPosition") VALUES (156, 2);
UPDATE "TrackElement" SET "region" = 155 WHERE "id" = 156;
INSERT INTO "Sensor" ("id") VALUES (157);
UPDATE "Sensor" SET "region" = 155 WHERE "id" = 157;
INSERT INTO "monitoredBy" VALUES (156, 157);
INSERT INTO "requires" VALUES (154, 157);
INSERT INTO "TrackElement" ("id") VALUES (158);
INSERT INTO "Segment" ("id", "length") VALUES (158, 820);
UPDATE "TrackElement" SET "region" = 155 WHERE "id" = 158;
INSERT INTO "monitoredBy" VALUES (158, 157);
UPDATE "Semaphore" SET "segment" = 158 WHERE "id" = 153;
INSERT INTO "TrackElement" ("id") VALUES (159);
INSERT INTO "Segment" ("id", "length") VALUES (159, 428);
UPDATE "TrackElement" SET "region" = 155 WHERE "id" = 159;
INSERT INTO "monitoredBy" VALUES (159, 157);
INSERT INTO "TrackElement" ("id") VALUES (160);
INSERT INTO "Segment" ("id", "length") VALUES (160, 714);
UPDATE "TrackElement" SET "region" = 155 WHERE "id" = 160;
INSERT INTO "monitoredBy" VALUES (160, 157);
INSERT INTO "TrackElement" ("id") VALUES (161);
INSERT INTO "Segment" ("id", "length") VALUES (161, -733);
UPDATE "TrackElement" SET "region" = 155 WHERE "id" = 161;
INSERT INTO "monitoredBy" VALUES (161, 157);
INSERT INTO "TrackElement" ("id") VALUES (162);
INSERT INTO "Segment" ("id", "length") VALUES (162, 372);
UPDATE "TrackElement" SET "region" = 155 WHERE "id" = 162;
INSERT INTO "monitoredBy" VALUES (162, 157);
INSERT INTO "Sensor" ("id") VALUES (163);
UPDATE "Sensor" SET "region" = 155 WHERE "id" = 163;
INSERT INTO "monitoredBy" VALUES (156, 163);
INSERT INTO "requires" VALUES (154, 163);
INSERT INTO "TrackElement" ("id") VALUES (164);
INSERT INTO "Segment" ("id", "length") VALUES (164, 94);
UPDATE "TrackElement" SET "region" = 155 WHERE "id" = 164;
INSERT INTO "monitoredBy" VALUES (164, 163);
INSERT INTO "TrackElement" ("id") VALUES (165);
INSERT INTO "Segment" ("id", "length") VALUES (165, 737);
UPDATE "TrackElement" SET "region" = 155 WHERE "id" = 165;
INSERT INTO "monitoredBy" VALUES (165, 163);
INSERT INTO "TrackElement" ("id") VALUES (166);
INSERT INTO "Segment" ("id", "length") VALUES (166, 433);
UPDATE "TrackElement" SET "region" = 155 WHERE "id" = 166;
INSERT INTO "monitoredBy" VALUES (166, 163);
INSERT INTO "TrackElement" ("id") VALUES (167);
INSERT INTO "Segment" ("id", "length") VALUES (167, 149);
UPDATE "TrackElement" SET "region" = 155 WHERE "id" = 167;
INSERT INTO "monitoredBy" VALUES (167, 163);
INSERT INTO "TrackElement" ("id") VALUES (168);
INSERT INTO "Segment" ("id", "length") VALUES (168, 773);
UPDATE "TrackElement" SET "region" = 155 WHERE "id" = 168;
INSERT INTO "monitoredBy" VALUES (168, 163);
INSERT INTO "SwitchPosition" ("id", "position", "target") VALUES (169, 2, 156);
UPDATE "SwitchPosition" SET "route" = 154 WHERE "id" = 169;
INSERT INTO "TrackElement" ("id") VALUES (170);
INSERT INTO "Switch" ("id", "currentPosition") VALUES (170, 0);
UPDATE "TrackElement" SET "region" = 155 WHERE "id" = 170;
INSERT INTO "Sensor" ("id") VALUES (171);
UPDATE "Sensor" SET "region" = 155 WHERE "id" = 171;
INSERT INTO "monitoredBy" VALUES (170, 171);
INSERT INTO "requires" VALUES (154, 171);
INSERT INTO "TrackElement" ("id") VALUES (172);
INSERT INTO "Segment" ("id", "length") VALUES (172, 415);
UPDATE "TrackElement" SET "region" = 155 WHERE "id" = 172;
INSERT INTO "monitoredBy" VALUES (172, 171);
INSERT INTO "TrackElement" ("id") VALUES (173);
INSERT INTO "Segment" ("id", "length") VALUES (173, 136);
UPDATE "TrackElement" SET "region" = 155 WHERE "id" = 173;
INSERT INTO "monitoredBy" VALUES (173, 171);
INSERT INTO "TrackElement" ("id") VALUES (174);
INSERT INTO "Segment" ("id", "length") VALUES (174, 640);
UPDATE "TrackElement" SET "region" = 155 WHERE "id" = 174;
INSERT INTO "monitoredBy" VALUES (174, 171);
INSERT INTO "TrackElement" ("id") VALUES (175);
INSERT INTO "Segment" ("id", "length") VALUES (175, 267);
UPDATE "TrackElement" SET "region" = 155 WHERE "id" = 175;
INSERT INTO "monitoredBy" VALUES (175, 171);
INSERT INTO "TrackElement" ("id") VALUES (176);
INSERT INTO "Segment" ("id", "length") VALUES (176, 94);
UPDATE "TrackElement" SET "region" = 155 WHERE "id" = 176;
INSERT INTO "monitoredBy" VALUES (176, 171);
INSERT INTO "Sensor" ("id") VALUES (177);
UPDATE "Sensor" SET "region" = 155 WHERE "id" = 177;
INSERT INTO "monitoredBy" VALUES (170, 177);
INSERT INTO "requires" VALUES (154, 177);
INSERT INTO "TrackElement" ("id") VALUES (178);
INSERT INTO "Segment" ("id", "length") VALUES (178, 644);
UPDATE "TrackElement" SET "region" = 155 WHERE "id" = 178;
INSERT INTO "monitoredBy" VALUES (178, 177);
INSERT INTO "TrackElement" ("id") VALUES (179);
INSERT INTO "Segment" ("id", "length") VALUES (179, 519);
UPDATE "TrackElement" SET "region" = 155 WHERE "id" = 179;
INSERT INTO "monitoredBy" VALUES (179, 177);
INSERT INTO "TrackElement" ("id") VALUES (180);
INSERT INTO "Segment" ("id", "length") VALUES (180, 643);
UPDATE "TrackElement" SET "region" = 155 WHERE "id" = 180;
INSERT INTO "monitoredBy" VALUES (180, 177);
INSERT INTO "TrackElement" ("id") VALUES (181);
INSERT INTO "Segment" ("id", "length") VALUES (181, 207);
UPDATE "TrackElement" SET "region" = 155 WHERE "id" = 181;
INSERT INTO "monitoredBy" VALUES (181, 177);
INSERT INTO "TrackElement" ("id") VALUES (182);
INSERT INTO "Segment" ("id", "length") VALUES (182, 157);
UPDATE "TrackElement" SET "region" = 155 WHERE "id" = 182;
INSERT INTO "monitoredBy" VALUES (182, 177);
INSERT INTO "Sensor" ("id") VALUES (183);
UPDATE "Sensor" SET "region" = 155 WHERE "id" = 183;
INSERT INTO "monitoredBy" VALUES (170, 183);
INSERT INTO "requires" VALUES (154, 183);
INSERT INTO "TrackElement" ("id") VALUES (184);
INSERT INTO "Segment" ("id", "length") VALUES (184, 553);
UPDATE "TrackElement" SET "region" = 155 WHERE "id" = 184;
INSERT INTO "monitoredBy" VALUES (184, 183);
INSERT INTO "TrackElement" ("id") VALUES (185);
INSERT INTO "Segment" ("id", "length") VALUES (185, 536);
UPDATE "TrackElement" SET "region" = 155 WHERE "id" = 185;
INSERT INTO "monitoredBy" VALUES (185, 183);
INSERT INTO "TrackElement" ("id") VALUES (186);
INSERT INTO "Segment" ("id", "length") VALUES (186, 783);
UPDATE "TrackElement" SET "region" = 155 WHERE "id" = 186;
INSERT INTO "monitoredBy" VALUES (186, 183);
INSERT INTO "TrackElement" ("id") VALUES (187);
INSERT INTO "Segment" ("id", "length") VALUES (187, 283);
UPDATE "TrackElement" SET "region" = 155 WHERE "id" = 187;
INSERT INTO "monitoredBy" VALUES (187, 183);
INSERT INTO "TrackElement" ("id") VALUES (188);
INSERT INTO "Segment" ("id", "length") VALUES (188, 574);
UPDATE "TrackElement" SET "region" = 155 WHERE "id" = 188;
INSERT INTO "monitoredBy" VALUES (188, 183);
INSERT INTO "Sensor" ("id") VALUES (189);
UPDATE "Sensor" SET "region" = 155 WHERE "id" = 189;
INSERT INTO "monitoredBy" VALUES (170, 189);
INSERT INTO "requires" VALUES (154, 189);
INSERT INTO "TrackElement" ("id") VALUES (190);
INSERT INTO "Segment" ("id", "length") VALUES (190, 970);
UPDATE "TrackElement" SET "region" = 155 WHERE "id" = 190;
INSERT INTO "monitoredBy" VALUES (190, 189);
INSERT INTO "TrackElement" ("id") VALUES (191);
INSERT INTO "Segment" ("id", "length") VALUES (191, 39);
UPDATE "TrackElement" SET "region" = 155 WHERE "id" = 191;
INSERT INTO "monitoredBy" VALUES (191, 189);
INSERT INTO "TrackElement" ("id") VALUES (192);
INSERT INTO "Segment" ("id", "length") VALUES (192, 83);
UPDATE "TrackElement" SET "region" = 155 WHERE "id" = 192;
INSERT INTO "monitoredBy" VALUES (192, 189);
INSERT INTO "TrackElement" ("id") VALUES (193);
INSERT INTO "Segment" ("id", "length") VALUES (193, 632);
UPDATE "TrackElement" SET "region" = 155 WHERE "id" = 193;
INSERT INTO "monitoredBy" VALUES (193, 189);
INSERT INTO "TrackElement" ("id") VALUES (194);
INSERT INTO "Segment" ("id", "length") VALUES (194, 453);
UPDATE "TrackElement" SET "region" = 155 WHERE "id" = 194;
INSERT INTO "monitoredBy" VALUES (194, 189);
INSERT INTO "SwitchPosition" ("id", "position", "target") VALUES (195, 2, 170);
UPDATE "SwitchPosition" SET "route" = 154 WHERE "id" = 195;
INSERT INTO "TrackElement" ("id") VALUES (196);
INSERT INTO "Switch" ("id", "currentPosition") VALUES (196, 0);
UPDATE "TrackElement" SET "region" = 155 WHERE "id" = 196;
INSERT INTO "Sensor" ("id") VALUES (197);
UPDATE "Sensor" SET "region" = 155 WHERE "id" = 197;
INSERT INTO "monitoredBy" VALUES (196, 197);
INSERT INTO "requires" VALUES (154, 197);
INSERT INTO "TrackElement" ("id") VALUES (198);
INSERT INTO "Segment" ("id", "length") VALUES (198, 208);
UPDATE "TrackElement" SET "region" = 155 WHERE "id" = 198;
INSERT INTO "monitoredBy" VALUES (198, 197);
INSERT INTO "TrackElement" ("id") VALUES (199);
INSERT INTO "Segment" ("id", "length") VALUES (199, 611);
UPDATE "TrackElement" SET "region" = 155 WHERE "id" = 199;
INSERT INTO "monitoredBy" VALUES (199, 197);
INSERT INTO "TrackElement" ("id") VALUES (200);
INSERT INTO "Segment" ("id", "length") VALUES (200, 605);
UPDATE "TrackElement" SET "region" = 155 WHERE "id" = 200;
INSERT INTO "monitoredBy" VALUES (200, 197);
INSERT INTO "TrackElement" ("id") VALUES (201);
INSERT INTO "Segment" ("id", "length") VALUES (201, 386);
UPDATE "TrackElement" SET "region" = 155 WHERE "id" = 201;
INSERT INTO "monitoredBy" VALUES (201, 197);
INSERT INTO "TrackElement" ("id") VALUES (202);
INSERT INTO "Segment" ("id", "length") VALUES (202, 781);
UPDATE "TrackElement" SET "region" = 155 WHERE "id" = 202;
INSERT INTO "monitoredBy" VALUES (202, 197);
INSERT INTO "Sensor" ("id") VALUES (203);
UPDATE "Sensor" SET "region" = 155 WHERE "id" = 203;
INSERT INTO "monitoredBy" VALUES (196, 203);
INSERT INTO "requires" VALUES (154, 203);
INSERT INTO "TrackElement" ("id") VALUES (204);
INSERT INTO "Segment" ("id", "length") VALUES (204, 42);
UPDATE "TrackElement" SET "region" = 155 WHERE "id" = 204;
INSERT INTO "monitoredBy" VALUES (204, 203);
INSERT INTO "TrackElement" ("id") VALUES (205);
INSERT INTO "Segment" ("id", "length") VALUES (205, 772);
UPDATE "TrackElement" SET "region" = 155 WHERE "id" = 205;
INSERT INTO "monitoredBy" VALUES (205, 203);
INSERT INTO "TrackElement" ("id") VALUES (206);
INSERT INTO "Segment" ("id", "length") VALUES (206, 817);
UPDATE "TrackElement" SET "region" = 155 WHERE "id" = 206;
INSERT INTO "monitoredBy" VALUES (206, 203);
INSERT INTO "TrackElement" ("id") VALUES (207);
INSERT INTO "Segment" ("id", "length") VALUES (207, 503);
UPDATE "TrackElement" SET "region" = 155 WHERE "id" = 207;
INSERT INTO "monitoredBy" VALUES (207, 203);
INSERT INTO "TrackElement" ("id") VALUES (208);
INSERT INTO "Segment" ("id", "length") VALUES (208, 847);
UPDATE "TrackElement" SET "region" = 155 WHERE "id" = 208;
INSERT INTO "monitoredBy" VALUES (208, 203);
INSERT INTO "Sensor" ("id") VALUES (209);
UPDATE "Sensor" SET "region" = 155 WHERE "id" = 209;
INSERT INTO "monitoredBy" VALUES (196, 209);
INSERT INTO "requires" VALUES (154, 209);
INSERT INTO "TrackElement" ("id") VALUES (210);
INSERT INTO "Segment" ("id", "length") VALUES (210, 270);
UPDATE "TrackElement" SET "region" = 155 WHERE "id" = 210;
INSERT INTO "monitoredBy" VALUES (210, 209);
INSERT INTO "TrackElement" ("id") VALUES (211);
INSERT INTO "Segment" ("id", "length") VALUES (211, 195);
UPDATE "TrackElement" SET "region" = 155 WHERE "id" = 211;
INSERT INTO "monitoredBy" VALUES (211, 209);
INSERT INTO "TrackElement" ("id") VALUES (212);
INSERT INTO "Segment" ("id", "length") VALUES (212, 899);
UPDATE "TrackElement" SET "region" = 155 WHERE "id" = 212;
INSERT INTO "monitoredBy" VALUES (212, 209);
INSERT INTO "TrackElement" ("id") VALUES (213);
INSERT INTO "Segment" ("id", "length") VALUES (213, 373);
UPDATE "TrackElement" SET "region" = 155 WHERE "id" = 213;
INSERT INTO "monitoredBy" VALUES (213, 209);
INSERT INTO "TrackElement" ("id") VALUES (214);
INSERT INTO "Segment" ("id", "length") VALUES (214, 423);
UPDATE "TrackElement" SET "region" = 155 WHERE "id" = 214;
INSERT INTO "monitoredBy" VALUES (214, 209);
INSERT INTO "Sensor" ("id") VALUES (215);
UPDATE "Sensor" SET "region" = 155 WHERE "id" = 215;
INSERT INTO "monitoredBy" VALUES (196, 215);
INSERT INTO "requires" VALUES (154, 215);
INSERT INTO "TrackElement" ("id") VALUES (216);
INSERT INTO "Segment" ("id", "length") VALUES (216, 291);
UPDATE "TrackElement" SET "region" = 155 WHERE "id" = 216;
INSERT INTO "monitoredBy" VALUES (216, 215);
INSERT INTO "TrackElement" ("id") VALUES (217);
INSERT INTO "Segment" ("id", "length") VALUES (217, 95);
UPDATE "TrackElement" SET "region" = 155 WHERE "id" = 217;
INSERT INTO "monitoredBy" VALUES (217, 215);
INSERT INTO "TrackElement" ("id") VALUES (218);
INSERT INTO "Segment" ("id", "length") VALUES (218, 522);
UPDATE "TrackElement" SET "region" = 155 WHERE "id" = 218;
INSERT INTO "monitoredBy" VALUES (218, 215);
INSERT INTO "TrackElement" ("id") VALUES (219);
INSERT INTO "Segment" ("id", "length") VALUES (219, 984);
UPDATE "TrackElement" SET "region" = 155 WHERE "id" = 219;
INSERT INTO "monitoredBy" VALUES (219, 215);
INSERT INTO "TrackElement" ("id") VALUES (220);
INSERT INTO "Segment" ("id", "length") VALUES (220, 460);
UPDATE "TrackElement" SET "region" = 155 WHERE "id" = 220;
INSERT INTO "monitoredBy" VALUES (220, 215);
INSERT INTO "Sensor" ("id") VALUES (221);
UPDATE "Sensor" SET "region" = 155 WHERE "id" = 221;
INSERT INTO "monitoredBy" VALUES (196, 221);
INSERT INTO "requires" VALUES (154, 221);
INSERT INTO "TrackElement" ("id") VALUES (222);
INSERT INTO "Segment" ("id", "length") VALUES (222, 759);
UPDATE "TrackElement" SET "region" = 155 WHERE "id" = 222;
INSERT INTO "monitoredBy" VALUES (222, 221);
INSERT INTO "TrackElement" ("id") VALUES (223);
INSERT INTO "Segment" ("id", "length") VALUES (223, 61);
UPDATE "TrackElement" SET "region" = 155 WHERE "id" = 223;
INSERT INTO "monitoredBy" VALUES (223, 221);
INSERT INTO "TrackElement" ("id") VALUES (224);
INSERT INTO "Segment" ("id", "length") VALUES (224, 917);
UPDATE "TrackElement" SET "region" = 155 WHERE "id" = 224;
INSERT INTO "monitoredBy" VALUES (224, 221);
INSERT INTO "TrackElement" ("id") VALUES (225);
INSERT INTO "Segment" ("id", "length") VALUES (225, 569);
UPDATE "TrackElement" SET "region" = 155 WHERE "id" = 225;
INSERT INTO "monitoredBy" VALUES (225, 221);
INSERT INTO "TrackElement" ("id") VALUES (226);
INSERT INTO "Segment" ("id", "length") VALUES (226, 971);
UPDATE "TrackElement" SET "region" = 155 WHERE "id" = 226;
INSERT INTO "monitoredBy" VALUES (226, 221);
INSERT INTO "TrackElement" ("id") VALUES (227);
INSERT INTO "Segment" ("id", "length") VALUES (227, 571);
UPDATE "TrackElement" SET "region" = 155 WHERE "id" = 227;
INSERT INTO "monitoredBy" VALUES (227, 221);
INSERT INTO "Sensor" ("id") VALUES (228);
UPDATE "Sensor" SET "region" = 155 WHERE "id" = 228;
INSERT INTO "monitoredBy" VALUES (196, 228);
INSERT INTO "requires" VALUES (154, 228);
INSERT INTO "TrackElement" ("id") VALUES (229);
INSERT INTO "Segment" ("id", "length") VALUES (229, 35);
UPDATE "TrackElement" SET "region" = 155 WHERE "id" = 229;
INSERT INTO "monitoredBy" VALUES (229, 228);
INSERT INTO "TrackElement" ("id") VALUES (230);
INSERT INTO "Segment" ("id", "length") VALUES (230, 718);
UPDATE "TrackElement" SET "region" = 155 WHERE "id" = 230;
INSERT INTO "monitoredBy" VALUES (230, 228);
INSERT INTO "TrackElement" ("id") VALUES (231);
INSERT INTO "Segment" ("id", "length") VALUES (231, 307);
UPDATE "TrackElement" SET "region" = 155 WHERE "id" = 231;
INSERT INTO "monitoredBy" VALUES (231, 228);
INSERT INTO "TrackElement" ("id") VALUES (232);
INSERT INTO "Segment" ("id", "length") VALUES (232, 161);
UPDATE "TrackElement" SET "region" = 155 WHERE "id" = 232;
INSERT INTO "monitoredBy" VALUES (232, 228);
INSERT INTO "TrackElement" ("id") VALUES (233);
INSERT INTO "Segment" ("id", "length") VALUES (233, 1000);
UPDATE "TrackElement" SET "region" = 155 WHERE "id" = 233;
INSERT INTO "monitoredBy" VALUES (233, 228);
INSERT INTO "Sensor" ("id") VALUES (234);
UPDATE "Sensor" SET "region" = 155 WHERE "id" = 234;
INSERT INTO "monitoredBy" VALUES (196, 234);
INSERT INTO "requires" VALUES (154, 234);
INSERT INTO "TrackElement" ("id") VALUES (235);
INSERT INTO "Segment" ("id", "length") VALUES (235, 909);
UPDATE "TrackElement" SET "region" = 155 WHERE "id" = 235;
INSERT INTO "monitoredBy" VALUES (235, 234);
INSERT INTO "TrackElement" ("id") VALUES (236);
INSERT INTO "Segment" ("id", "length") VALUES (236, 750);
UPDATE "TrackElement" SET "region" = 155 WHERE "id" = 236;
INSERT INTO "monitoredBy" VALUES (236, 234);
INSERT INTO "TrackElement" ("id") VALUES (237);
INSERT INTO "Segment" ("id", "length") VALUES (237, 200);
UPDATE "TrackElement" SET "region" = 155 WHERE "id" = 237;
INSERT INTO "monitoredBy" VALUES (237, 234);
INSERT INTO "TrackElement" ("id") VALUES (238);
INSERT INTO "Segment" ("id", "length") VALUES (238, 79);
UPDATE "TrackElement" SET "region" = 155 WHERE "id" = 238;
INSERT INTO "monitoredBy" VALUES (238, 234);
INSERT INTO "TrackElement" ("id") VALUES (239);
INSERT INTO "Segment" ("id", "length") VALUES (239, 135);
UPDATE "TrackElement" SET "region" = 155 WHERE "id" = 239;
INSERT INTO "monitoredBy" VALUES (239, 234);
INSERT INTO "SwitchPosition" ("id", "position", "target") VALUES (240, 0, 196);
UPDATE "SwitchPosition" SET "route" = 154 WHERE "id" = 240;
INSERT INTO "TrackElement" ("id") VALUES (241);
INSERT INTO "Switch" ("id", "currentPosition") VALUES (241, 0);
UPDATE "TrackElement" SET "region" = 155 WHERE "id" = 241;
INSERT INTO "Sensor" ("id") VALUES (242);
UPDATE "Sensor" SET "region" = 155 WHERE "id" = 242;
INSERT INTO "monitoredBy" VALUES (241, 242);
INSERT INTO "requires" VALUES (154, 242);
INSERT INTO "TrackElement" ("id") VALUES (243);
INSERT INTO "Segment" ("id", "length") VALUES (243, 432);
UPDATE "TrackElement" SET "region" = 155 WHERE "id" = 243;
INSERT INTO "monitoredBy" VALUES (243, 242);
INSERT INTO "TrackElement" ("id") VALUES (244);
INSERT INTO "Segment" ("id", "length") VALUES (244, 589);
UPDATE "TrackElement" SET "region" = 155 WHERE "id" = 244;
INSERT INTO "monitoredBy" VALUES (244, 242);
INSERT INTO "TrackElement" ("id") VALUES (245);
INSERT INTO "Segment" ("id", "length") VALUES (245, 533);
UPDATE "TrackElement" SET "region" = 155 WHERE "id" = 245;
INSERT INTO "monitoredBy" VALUES (245, 242);
INSERT INTO "TrackElement" ("id") VALUES (246);
INSERT INTO "Segment" ("id", "length") VALUES (246, 632);
UPDATE "TrackElement" SET "region" = 155 WHERE "id" = 246;
INSERT INTO "monitoredBy" VALUES (246, 242);
INSERT INTO "TrackElement" ("id") VALUES (247);
INSERT INTO "Segment" ("id", "length") VALUES (247, 469);
UPDATE "TrackElement" SET "region" = 155 WHERE "id" = 247;
INSERT INTO "monitoredBy" VALUES (247, 242);
INSERT INTO "Sensor" ("id") VALUES (248);
UPDATE "Sensor" SET "region" = 155 WHERE "id" = 248;
INSERT INTO "monitoredBy" VALUES (241, 248);
INSERT INTO "requires" VALUES (154, 248);
INSERT INTO "TrackElement" ("id") VALUES (249);
INSERT INTO "Segment" ("id", "length") VALUES (249, 225);
UPDATE "TrackElement" SET "region" = 155 WHERE "id" = 249;
INSERT INTO "monitoredBy" VALUES (249, 248);
INSERT INTO "TrackElement" ("id") VALUES (250);
INSERT INTO "Segment" ("id", "length") VALUES (250, 966);
UPDATE "TrackElement" SET "region" = 155 WHERE "id" = 250;
INSERT INTO "monitoredBy" VALUES (250, 248);
INSERT INTO "TrackElement" ("id") VALUES (251);
INSERT INTO "Segment" ("id", "length") VALUES (251, 517);
UPDATE "TrackElement" SET "region" = 155 WHERE "id" = 251;
INSERT INTO "monitoredBy" VALUES (251, 248);
INSERT INTO "TrackElement" ("id") VALUES (252);
INSERT INTO "Segment" ("id", "length") VALUES (252, 778);
UPDATE "TrackElement" SET "region" = 155 WHERE "id" = 252;
INSERT INTO "monitoredBy" VALUES (252, 248);
INSERT INTO "TrackElement" ("id") VALUES (253);
INSERT INTO "Segment" ("id", "length") VALUES (253, 467);
UPDATE "TrackElement" SET "region" = 155 WHERE "id" = 253;
INSERT INTO "monitoredBy" VALUES (253, 248);
INSERT INTO "Sensor" ("id") VALUES (254);
UPDATE "Sensor" SET "region" = 155 WHERE "id" = 254;
INSERT INTO "monitoredBy" VALUES (241, 254);
INSERT INTO "requires" VALUES (154, 254);
INSERT INTO "TrackElement" ("id") VALUES (255);
INSERT INTO "Segment" ("id", "length") VALUES (255, 182);
UPDATE "TrackElement" SET "region" = 155 WHERE "id" = 255;
INSERT INTO "monitoredBy" VALUES (255, 254);
INSERT INTO "TrackElement" ("id") VALUES (256);
INSERT INTO "Segment" ("id", "length") VALUES (256, 972);
UPDATE "TrackElement" SET "region" = 155 WHERE "id" = 256;
INSERT INTO "monitoredBy" VALUES (256, 254);
INSERT INTO "TrackElement" ("id") VALUES (257);
INSERT INTO "Segment" ("id", "length") VALUES (257, 349);
UPDATE "TrackElement" SET "region" = 155 WHERE "id" = 257;
INSERT INTO "monitoredBy" VALUES (257, 254);
INSERT INTO "TrackElement" ("id") VALUES (258);
INSERT INTO "Segment" ("id", "length") VALUES (258, 695);
UPDATE "TrackElement" SET "region" = 155 WHERE "id" = 258;
INSERT INTO "monitoredBy" VALUES (258, 254);
INSERT INTO "TrackElement" ("id") VALUES (259);
INSERT INTO "Segment" ("id", "length") VALUES (259, 223);
UPDATE "TrackElement" SET "region" = 155 WHERE "id" = 259;
INSERT INTO "monitoredBy" VALUES (259, 254);
INSERT INTO "Sensor" ("id") VALUES (260);
UPDATE "Sensor" SET "region" = 155 WHERE "id" = 260;
INSERT INTO "monitoredBy" VALUES (241, 260);
INSERT INTO "requires" VALUES (154, 260);
INSERT INTO "TrackElement" ("id") VALUES (261);
INSERT INTO "Segment" ("id", "length") VALUES (261, 282);
UPDATE "TrackElement" SET "region" = 155 WHERE "id" = 261;
INSERT INTO "monitoredBy" VALUES (261, 260);
INSERT INTO "TrackElement" ("id") VALUES (262);
INSERT INTO "Segment" ("id", "length") VALUES (262, 983);
UPDATE "TrackElement" SET "region" = 155 WHERE "id" = 262;
INSERT INTO "monitoredBy" VALUES (262, 260);
INSERT INTO "TrackElement" ("id") VALUES (263);
INSERT INTO "Segment" ("id", "length") VALUES (263, 78);
UPDATE "TrackElement" SET "region" = 155 WHERE "id" = 263;
INSERT INTO "monitoredBy" VALUES (263, 260);
INSERT INTO "TrackElement" ("id") VALUES (264);
INSERT INTO "Segment" ("id", "length") VALUES (264, 229);
UPDATE "TrackElement" SET "region" = 155 WHERE "id" = 264;
INSERT INTO "monitoredBy" VALUES (264, 260);
INSERT INTO "TrackElement" ("id") VALUES (265);
INSERT INTO "Segment" ("id", "length") VALUES (265, 137);
UPDATE "TrackElement" SET "region" = 155 WHERE "id" = 265;
INSERT INTO "monitoredBy" VALUES (265, 260);
INSERT INTO "SwitchPosition" ("id", "position", "target") VALUES (266, 0, 241);
UPDATE "SwitchPosition" SET "route" = 154 WHERE "id" = 266;
INSERT INTO "TrackElement" ("id") VALUES (267);
INSERT INTO "Switch" ("id", "currentPosition") VALUES (267, 0);
UPDATE "TrackElement" SET "region" = 155 WHERE "id" = 267;
INSERT INTO "Sensor" ("id") VALUES (268);
UPDATE "Sensor" SET "region" = 155 WHERE "id" = 268;
INSERT INTO "monitoredBy" VALUES (267, 268);
INSERT INTO "requires" VALUES (154, 268);
INSERT INTO "TrackElement" ("id") VALUES (269);
INSERT INTO "Segment" ("id", "length") VALUES (269, 50);
UPDATE "TrackElement" SET "region" = 155 WHERE "id" = 269;
INSERT INTO "monitoredBy" VALUES (269, 268);
INSERT INTO "TrackElement" ("id") VALUES (270);
INSERT INTO "Segment" ("id", "length") VALUES (270, 578);
UPDATE "TrackElement" SET "region" = 155 WHERE "id" = 270;
INSERT INTO "monitoredBy" VALUES (270, 268);
INSERT INTO "TrackElement" ("id") VALUES (271);
INSERT INTO "Segment" ("id", "length") VALUES (271, 596);
UPDATE "TrackElement" SET "region" = 155 WHERE "id" = 271;
INSERT INTO "monitoredBy" VALUES (271, 268);
INSERT INTO "TrackElement" ("id") VALUES (272);
INSERT INTO "Segment" ("id", "length") VALUES (272, 836);
UPDATE "TrackElement" SET "region" = 155 WHERE "id" = 272;
INSERT INTO "monitoredBy" VALUES (272, 268);
INSERT INTO "TrackElement" ("id") VALUES (273);
INSERT INTO "Segment" ("id", "length") VALUES (273, 120);
UPDATE "TrackElement" SET "region" = 155 WHERE "id" = 273;
INSERT INTO "monitoredBy" VALUES (273, 268);
INSERT INTO "Sensor" ("id") VALUES (274);
UPDATE "Sensor" SET "region" = 155 WHERE "id" = 274;
INSERT INTO "monitoredBy" VALUES (267, 274);
INSERT INTO "requires" VALUES (154, 274);
INSERT INTO "TrackElement" ("id") VALUES (275);
INSERT INTO "Segment" ("id", "length") VALUES (275, 341);
UPDATE "TrackElement" SET "region" = 155 WHERE "id" = 275;
INSERT INTO "monitoredBy" VALUES (275, 274);
INSERT INTO "TrackElement" ("id") VALUES (276);
INSERT INTO "Segment" ("id", "length") VALUES (276, 654);
UPDATE "TrackElement" SET "region" = 155 WHERE "id" = 276;
INSERT INTO "monitoredBy" VALUES (276, 274);
INSERT INTO "TrackElement" ("id") VALUES (277);
INSERT INTO "Segment" ("id", "length") VALUES (277, 96);
UPDATE "TrackElement" SET "region" = 155 WHERE "id" = 277;
INSERT INTO "monitoredBy" VALUES (277, 274);
INSERT INTO "TrackElement" ("id") VALUES (278);
INSERT INTO "Segment" ("id", "length") VALUES (278, 997);
UPDATE "TrackElement" SET "region" = 155 WHERE "id" = 278;
INSERT INTO "monitoredBy" VALUES (278, 274);
INSERT INTO "TrackElement" ("id") VALUES (279);
INSERT INTO "Segment" ("id", "length") VALUES (279, 809);
UPDATE "TrackElement" SET "region" = 155 WHERE "id" = 279;
INSERT INTO "monitoredBy" VALUES (279, 274);
INSERT INTO "Sensor" ("id") VALUES (280);
UPDATE "Sensor" SET "region" = 155 WHERE "id" = 280;
INSERT INTO "monitoredBy" VALUES (267, 280);
INSERT INTO "requires" VALUES (154, 280);
INSERT INTO "TrackElement" ("id") VALUES (281);
INSERT INTO "Segment" ("id", "length") VALUES (281, 507);
UPDATE "TrackElement" SET "region" = 155 WHERE "id" = 281;
INSERT INTO "monitoredBy" VALUES (281, 280);
INSERT INTO "TrackElement" ("id") VALUES (282);
INSERT INTO "Segment" ("id", "length") VALUES (282, 83);
UPDATE "TrackElement" SET "region" = 155 WHERE "id" = 282;
INSERT INTO "monitoredBy" VALUES (282, 280);
INSERT INTO "TrackElement" ("id") VALUES (283);
INSERT INTO "Segment" ("id", "length") VALUES (283, 186);
UPDATE "TrackElement" SET "region" = 155 WHERE "id" = 283;
INSERT INTO "monitoredBy" VALUES (283, 280);
INSERT INTO "TrackElement" ("id") VALUES (284);
INSERT INTO "Segment" ("id", "length") VALUES (284, 915);
UPDATE "TrackElement" SET "region" = 155 WHERE "id" = 284;
INSERT INTO "monitoredBy" VALUES (284, 280);
INSERT INTO "TrackElement" ("id") VALUES (285);
INSERT INTO "Segment" ("id", "length") VALUES (285, 303);
UPDATE "TrackElement" SET "region" = 155 WHERE "id" = 285;
INSERT INTO "monitoredBy" VALUES (285, 280);
INSERT INTO "Sensor" ("id") VALUES (286);
UPDATE "Sensor" SET "region" = 155 WHERE "id" = 286;
INSERT INTO "monitoredBy" VALUES (267, 286);
INSERT INTO "requires" VALUES (154, 286);
INSERT INTO "TrackElement" ("id") VALUES (287);
INSERT INTO "Segment" ("id", "length") VALUES (287, 31);
UPDATE "TrackElement" SET "region" = 155 WHERE "id" = 287;
INSERT INTO "monitoredBy" VALUES (287, 286);
INSERT INTO "TrackElement" ("id") VALUES (288);
INSERT INTO "Segment" ("id", "length") VALUES (288, 100);
UPDATE "TrackElement" SET "region" = 155 WHERE "id" = 288;
INSERT INTO "monitoredBy" VALUES (288, 286);
INSERT INTO "TrackElement" ("id") VALUES (289);
INSERT INTO "Segment" ("id", "length") VALUES (289, 741);
UPDATE "TrackElement" SET "region" = 155 WHERE "id" = 289;
INSERT INTO "monitoredBy" VALUES (289, 286);
INSERT INTO "TrackElement" ("id") VALUES (290);
INSERT INTO "Segment" ("id", "length") VALUES (290, 569);
UPDATE "TrackElement" SET "region" = 155 WHERE "id" = 290;
INSERT INTO "monitoredBy" VALUES (290, 286);
INSERT INTO "TrackElement" ("id") VALUES (291);
INSERT INTO "Segment" ("id", "length") VALUES (291, 881);
UPDATE "TrackElement" SET "region" = 155 WHERE "id" = 291;
INSERT INTO "monitoredBy" VALUES (291, 286);
INSERT INTO "Sensor" ("id") VALUES (292);
UPDATE "Sensor" SET "region" = 155 WHERE "id" = 292;
INSERT INTO "monitoredBy" VALUES (267, 292);
INSERT INTO "TrackElement" ("id") VALUES (293);
INSERT INTO "Segment" ("id", "length") VALUES (293, 838);
UPDATE "TrackElement" SET "region" = 155 WHERE "id" = 293;
INSERT INTO "monitoredBy" VALUES (293, 292);
INSERT INTO "TrackElement" ("id") VALUES (294);
INSERT INTO "Segment" ("id", "length") VALUES (294, 215);
UPDATE "TrackElement" SET "region" = 155 WHERE "id" = 294;
INSERT INTO "monitoredBy" VALUES (294, 292);
INSERT INTO "TrackElement" ("id") VALUES (295);
INSERT INTO "Segment" ("id", "length") VALUES (295, 845);
UPDATE "TrackElement" SET "region" = 155 WHERE "id" = 295;
INSERT INTO "monitoredBy" VALUES (295, 292);
INSERT INTO "TrackElement" ("id") VALUES (296);
INSERT INTO "Segment" ("id", "length") VALUES (296, 573);
UPDATE "TrackElement" SET "region" = 155 WHERE "id" = 296;
INSERT INTO "monitoredBy" VALUES (296, 292);
INSERT INTO "TrackElement" ("id") VALUES (297);
INSERT INTO "Segment" ("id", "length") VALUES (297, 475);
UPDATE "TrackElement" SET "region" = 155 WHERE "id" = 297;
INSERT INTO "monitoredBy" VALUES (297, 292);
INSERT INTO "Sensor" ("id") VALUES (298);
UPDATE "Sensor" SET "region" = 155 WHERE "id" = 298;
INSERT INTO "monitoredBy" VALUES (267, 298);
INSERT INTO "requires" VALUES (154, 298);
INSERT INTO "TrackElement" ("id") VALUES (299);
INSERT INTO "Segment" ("id", "length") VALUES (299, 723);
UPDATE "TrackElement" SET "region" = 155 WHERE "id" = 299;
INSERT INTO "monitoredBy" VALUES (299, 298);
INSERT INTO "TrackElement" ("id") VALUES (300);
INSERT INTO "Segment" ("id", "length") VALUES (300, 495);
UPDATE "TrackElement" SET "region" = 155 WHERE "id" = 300;
INSERT INTO "monitoredBy" VALUES (300, 298);
INSERT INTO "TrackElement" ("id") VALUES (301);
INSERT INTO "Segment" ("id", "length") VALUES (301, 123);
UPDATE "TrackElement" SET "region" = 155 WHERE "id" = 301;
INSERT INTO "monitoredBy" VALUES (301, 298);
INSERT INTO "TrackElement" ("id") VALUES (302);
INSERT INTO "Segment" ("id", "length") VALUES (302, 772);
UPDATE "TrackElement" SET "region" = 155 WHERE "id" = 302;
INSERT INTO "monitoredBy" VALUES (302, 298);
INSERT INTO "TrackElement" ("id") VALUES (303);
INSERT INTO "Segment" ("id", "length") VALUES (303, 769);
UPDATE "TrackElement" SET "region" = 155 WHERE "id" = 303;
INSERT INTO "monitoredBy" VALUES (303, 298);
INSERT INTO "Sensor" ("id") VALUES (304);
UPDATE "Sensor" SET "region" = 155 WHERE "id" = 304;
INSERT INTO "monitoredBy" VALUES (267, 304);
INSERT INTO "requires" VALUES (154, 304);
INSERT INTO "TrackElement" ("id") VALUES (305);
INSERT INTO "Segment" ("id", "length") VALUES (305, 456);
UPDATE "TrackElement" SET "region" = 155 WHERE "id" = 305;
INSERT INTO "monitoredBy" VALUES (305, 304);
INSERT INTO "TrackElement" ("id") VALUES (306);
INSERT INTO "Segment" ("id", "length") VALUES (306, 148);
UPDATE "TrackElement" SET "region" = 155 WHERE "id" = 306;
INSERT INTO "monitoredBy" VALUES (306, 304);
INSERT INTO "TrackElement" ("id") VALUES (307);
INSERT INTO "Segment" ("id", "length") VALUES (307, 922);
UPDATE "TrackElement" SET "region" = 155 WHERE "id" = 307;
INSERT INTO "monitoredBy" VALUES (307, 304);
INSERT INTO "TrackElement" ("id") VALUES (308);
INSERT INTO "Segment" ("id", "length") VALUES (308, 912);
UPDATE "TrackElement" SET "region" = 155 WHERE "id" = 308;
INSERT INTO "monitoredBy" VALUES (308, 304);
INSERT INTO "TrackElement" ("id") VALUES (309);
INSERT INTO "Segment" ("id", "length") VALUES (309, -451);
UPDATE "TrackElement" SET "region" = 155 WHERE "id" = 309;
INSERT INTO "monitoredBy" VALUES (309, 304);
INSERT INTO "Sensor" ("id") VALUES (310);
UPDATE "Sensor" SET "region" = 155 WHERE "id" = 310;
INSERT INTO "monitoredBy" VALUES (267, 310);
INSERT INTO "requires" VALUES (154, 310);
INSERT INTO "TrackElement" ("id") VALUES (311);
INSERT INTO "Segment" ("id", "length") VALUES (311, 827);
UPDATE "TrackElement" SET "region" = 155 WHERE "id" = 311;
INSERT INTO "monitoredBy" VALUES (311, 310);
INSERT INTO "TrackElement" ("id") VALUES (312);
INSERT INTO "Segment" ("id", "length") VALUES (312, 594);
UPDATE "TrackElement" SET "region" = 155 WHERE "id" = 312;
INSERT INTO "monitoredBy" VALUES (312, 310);
INSERT INTO "TrackElement" ("id") VALUES (313);
INSERT INTO "Segment" ("id", "length") VALUES (313, 498);
UPDATE "TrackElement" SET "region" = 155 WHERE "id" = 313;
INSERT INTO "monitoredBy" VALUES (313, 310);
INSERT INTO "TrackElement" ("id") VALUES (314);
INSERT INTO "Segment" ("id", "length") VALUES (314, 752);
UPDATE "TrackElement" SET "region" = 155 WHERE "id" = 314;
INSERT INTO "monitoredBy" VALUES (314, 310);
INSERT INTO "TrackElement" ("id") VALUES (315);
INSERT INTO "Segment" ("id", "length") VALUES (315, 29);
UPDATE "TrackElement" SET "region" = 155 WHERE "id" = 315;
INSERT INTO "monitoredBy" VALUES (315, 310);
INSERT INTO "SwitchPosition" ("id", "position", "target") VALUES (316, 0, 267);
UPDATE "SwitchPosition" SET "route" = 154 WHERE "id" = 316;
INSERT INTO "TrackElement" ("id") VALUES (317);
INSERT INTO "Switch" ("id", "currentPosition") VALUES (317, 0);
UPDATE "TrackElement" SET "region" = 155 WHERE "id" = 317;
INSERT INTO "Sensor" ("id") VALUES (318);
UPDATE "Sensor" SET "region" = 155 WHERE "id" = 318;
INSERT INTO "monitoredBy" VALUES (317, 318);
INSERT INTO "requires" VALUES (154, 318);
INSERT INTO "TrackElement" ("id") VALUES (319);
INSERT INTO "Segment" ("id", "length") VALUES (319, 827);
UPDATE "TrackElement" SET "region" = 155 WHERE "id" = 319;
INSERT INTO "monitoredBy" VALUES (319, 318);
INSERT INTO "TrackElement" ("id") VALUES (320);
INSERT INTO "Segment" ("id", "length") VALUES (320, 941);
UPDATE "TrackElement" SET "region" = 155 WHERE "id" = 320;
INSERT INTO "monitoredBy" VALUES (320, 318);
INSERT INTO "TrackElement" ("id") VALUES (321);
INSERT INTO "Segment" ("id", "length") VALUES (321, 26);
UPDATE "TrackElement" SET "region" = 155 WHERE "id" = 321;
INSERT INTO "monitoredBy" VALUES (321, 318);
INSERT INTO "TrackElement" ("id") VALUES (322);
INSERT INTO "Segment" ("id", "length") VALUES (322, 939);
UPDATE "TrackElement" SET "region" = 155 WHERE "id" = 322;
INSERT INTO "monitoredBy" VALUES (322, 318);
INSERT INTO "TrackElement" ("id") VALUES (323);
INSERT INTO "Segment" ("id", "length") VALUES (323, 703);
UPDATE "TrackElement" SET "region" = 155 WHERE "id" = 323;
INSERT INTO "monitoredBy" VALUES (323, 318);
INSERT INTO "Sensor" ("id") VALUES (324);
UPDATE "Sensor" SET "region" = 155 WHERE "id" = 324;
INSERT INTO "monitoredBy" VALUES (317, 324);
INSERT INTO "requires" VALUES (154, 324);
INSERT INTO "TrackElement" ("id") VALUES (325);
INSERT INTO "Segment" ("id", "length") VALUES (325, 236);
UPDATE "TrackElement" SET "region" = 155 WHERE "id" = 325;
INSERT INTO "monitoredBy" VALUES (325, 324);
INSERT INTO "TrackElement" ("id") VALUES (326);
INSERT INTO "Segment" ("id", "length") VALUES (326, 994);
UPDATE "TrackElement" SET "region" = 155 WHERE "id" = 326;
INSERT INTO "monitoredBy" VALUES (326, 324);
INSERT INTO "TrackElement" ("id") VALUES (327);
INSERT INTO "Segment" ("id", "length") VALUES (327, 837);
UPDATE "TrackElement" SET "region" = 155 WHERE "id" = 327;
INSERT INTO "monitoredBy" VALUES (327, 324);
INSERT INTO "TrackElement" ("id") VALUES (328);
INSERT INTO "Segment" ("id", "length") VALUES (328, 479);
UPDATE "TrackElement" SET "region" = 155 WHERE "id" = 328;
INSERT INTO "monitoredBy" VALUES (328, 324);
INSERT INTO "TrackElement" ("id") VALUES (329);
INSERT INTO "Segment" ("id", "length") VALUES (329, 297);
UPDATE "TrackElement" SET "region" = 155 WHERE "id" = 329;
INSERT INTO "monitoredBy" VALUES (329, 324);
INSERT INTO "Sensor" ("id") VALUES (330);
UPDATE "Sensor" SET "region" = 155 WHERE "id" = 330;
INSERT INTO "monitoredBy" VALUES (317, 330);
INSERT INTO "requires" VALUES (154, 330);
INSERT INTO "TrackElement" ("id") VALUES (331);
INSERT INTO "Segment" ("id", "length") VALUES (331, 283);
UPDATE "TrackElement" SET "region" = 155 WHERE "id" = 331;
INSERT INTO "monitoredBy" VALUES (331, 330);
INSERT INTO "TrackElement" ("id") VALUES (332);
INSERT INTO "Segment" ("id", "length") VALUES (332, 52);
UPDATE "TrackElement" SET "region" = 155 WHERE "id" = 332;
INSERT INTO "monitoredBy" VALUES (332, 330);
INSERT INTO "TrackElement" ("id") VALUES (333);
INSERT INTO "Segment" ("id", "length") VALUES (333, 694);
UPDATE "TrackElement" SET "region" = 155 WHERE "id" = 333;
INSERT INTO "monitoredBy" VALUES (333, 330);
INSERT INTO "TrackElement" ("id") VALUES (334);
INSERT INTO "Segment" ("id", "length") VALUES (334, 895);
UPDATE "TrackElement" SET "region" = 155 WHERE "id" = 334;
INSERT INTO "monitoredBy" VALUES (334, 330);
INSERT INTO "TrackElement" ("id") VALUES (335);
INSERT INTO "Segment" ("id", "length") VALUES (335, 140);
UPDATE "TrackElement" SET "region" = 155 WHERE "id" = 335;
INSERT INTO "monitoredBy" VALUES (335, 330);
INSERT INTO "Sensor" ("id") VALUES (336);
UPDATE "Sensor" SET "region" = 155 WHERE "id" = 336;
INSERT INTO "monitoredBy" VALUES (317, 336);
INSERT INTO "requires" VALUES (154, 336);
INSERT INTO "TrackElement" ("id") VALUES (337);
INSERT INTO "Segment" ("id", "length") VALUES (337, 57);
UPDATE "TrackElement" SET "region" = 155 WHERE "id" = 337;
INSERT INTO "monitoredBy" VALUES (337, 336);
INSERT INTO "TrackElement" ("id") VALUES (338);
INSERT INTO "Segment" ("id", "length") VALUES (338, 250);
UPDATE "TrackElement" SET "region" = 155 WHERE "id" = 338;
INSERT INTO "monitoredBy" VALUES (338, 336);
INSERT INTO "TrackElement" ("id") VALUES (339);
INSERT INTO "Segment" ("id", "length") VALUES (339, 935);
UPDATE "TrackElement" SET "region" = 155 WHERE "id" = 339;
INSERT INTO "monitoredBy" VALUES (339, 336);
INSERT INTO "TrackElement" ("id") VALUES (340);
INSERT INTO "Segment" ("id", "length") VALUES (340, 235);
UPDATE "TrackElement" SET "region" = 155 WHERE "id" = 340;
INSERT INTO "monitoredBy" VALUES (340, 336);
INSERT INTO "TrackElement" ("id") VALUES (341);
INSERT INTO "Segment" ("id", "length") VALUES (341, 326);
UPDATE "TrackElement" SET "region" = 155 WHERE "id" = 341;
INSERT INTO "monitoredBy" VALUES (341, 336);
INSERT INTO "Sensor" ("id") VALUES (342);
UPDATE "Sensor" SET "region" = 155 WHERE "id" = 342;
INSERT INTO "monitoredBy" VALUES (317, 342);
INSERT INTO "requires" VALUES (154, 342);
INSERT INTO "TrackElement" ("id") VALUES (343);
INSERT INTO "Segment" ("id", "length") VALUES (343, 392);
UPDATE "TrackElement" SET "region" = 155 WHERE "id" = 343;
INSERT INTO "monitoredBy" VALUES (343, 342);
INSERT INTO "TrackElement" ("id") VALUES (344);
INSERT INTO "Segment" ("id", "length") VALUES (344, 628);
UPDATE "TrackElement" SET "region" = 155 WHERE "id" = 344;
INSERT INTO "monitoredBy" VALUES (344, 342);
INSERT INTO "TrackElement" ("id") VALUES (345);
INSERT INTO "Segment" ("id", "length") VALUES (345, 558);
UPDATE "TrackElement" SET "region" = 155 WHERE "id" = 345;
INSERT INTO "monitoredBy" VALUES (345, 342);
INSERT INTO "TrackElement" ("id") VALUES (346);
INSERT INTO "Segment" ("id", "length") VALUES (346, 110);
UPDATE "TrackElement" SET "region" = 155 WHERE "id" = 346;
INSERT INTO "monitoredBy" VALUES (346, 342);
INSERT INTO "TrackElement" ("id") VALUES (347);
INSERT INTO "Segment" ("id", "length") VALUES (347, 30);
UPDATE "TrackElement" SET "region" = 155 WHERE "id" = 347;
INSERT INTO "monitoredBy" VALUES (347, 342);
INSERT INTO "Sensor" ("id") VALUES (348);
UPDATE "Sensor" SET "region" = 155 WHERE "id" = 348;
INSERT INTO "monitoredBy" VALUES (317, 348);
INSERT INTO "TrackElement" ("id") VALUES (349);
INSERT INTO "Segment" ("id", "length") VALUES (349, 351);
UPDATE "TrackElement" SET "region" = 155 WHERE "id" = 349;
INSERT INTO "monitoredBy" VALUES (349, 348);
INSERT INTO "TrackElement" ("id") VALUES (350);
INSERT INTO "Segment" ("id", "length") VALUES (350, 54);
UPDATE "TrackElement" SET "region" = 155 WHERE "id" = 350;
INSERT INTO "monitoredBy" VALUES (350, 348);
INSERT INTO "TrackElement" ("id") VALUES (351);
INSERT INTO "Segment" ("id", "length") VALUES (351, 509);
UPDATE "TrackElement" SET "region" = 155 WHERE "id" = 351;
INSERT INTO "monitoredBy" VALUES (351, 348);
INSERT INTO "TrackElement" ("id") VALUES (352);
INSERT INTO "Segment" ("id", "length") VALUES (352, 196);
UPDATE "TrackElement" SET "region" = 155 WHERE "id" = 352;
INSERT INTO "monitoredBy" VALUES (352, 348);
INSERT INTO "TrackElement" ("id") VALUES (353);
INSERT INTO "Segment" ("id", "length") VALUES (353, 675);
UPDATE "TrackElement" SET "region" = 155 WHERE "id" = 353;
INSERT INTO "monitoredBy" VALUES (353, 348);
INSERT INTO "SwitchPosition" ("id", "position", "target") VALUES (354, 0, 317);
UPDATE "SwitchPosition" SET "route" = 154 WHERE "id" = 354;
INSERT INTO "connectsTo" VALUES (156, 158);
INSERT INTO "connectsTo" VALUES (158, 159);
INSERT INTO "connectsTo" VALUES (159, 160);
INSERT INTO "connectsTo" VALUES (160, 161);
INSERT INTO "connectsTo" VALUES (161, 162);
INSERT INTO "connectsTo" VALUES (162, 164);
INSERT INTO "connectsTo" VALUES (164, 165);
INSERT INTO "connectsTo" VALUES (165, 166);
INSERT INTO "connectsTo" VALUES (166, 167);
INSERT INTO "connectsTo" VALUES (167, 168);
INSERT INTO "connectsTo" VALUES (168, 170);
INSERT INTO "connectsTo" VALUES (170, 172);
INSERT INTO "connectsTo" VALUES (172, 173);
INSERT INTO "connectsTo" VALUES (173, 174);
INSERT INTO "connectsTo" VALUES (174, 175);
INSERT INTO "connectsTo" VALUES (175, 176);
INSERT INTO "connectsTo" VALUES (176, 178);
INSERT INTO "connectsTo" VALUES (178, 179);
INSERT INTO "connectsTo" VALUES (179, 180);
INSERT INTO "connectsTo" VALUES (180, 181);
INSERT INTO "connectsTo" VALUES (181, 182);
INSERT INTO "connectsTo" VALUES (182, 184);
INSERT INTO "connectsTo" VALUES (184, 185);
INSERT INTO "connectsTo" VALUES (185, 186);
INSERT INTO "connectsTo" VALUES (186, 187);
INSERT INTO "connectsTo" VALUES (187, 188);
INSERT INTO "connectsTo" VALUES (188, 190);
INSERT INTO "connectsTo" VALUES (190, 191);
INSERT INTO "connectsTo" VALUES (191, 192);
INSERT INTO "connectsTo" VALUES (192, 193);
INSERT INTO "connectsTo" VALUES (193, 194);
INSERT INTO "connectsTo" VALUES (194, 196);
INSERT INTO "connectsTo" VALUES (196, 198);
INSERT INTO "connectsTo" VALUES (198, 199);
INSERT INTO "connectsTo" VALUES (199, 200);
INSERT INTO "connectsTo" VALUES (200, 201);
INSERT INTO "connectsTo" VALUES (201, 202);
INSERT INTO "connectsTo" VALUES (202, 204);
INSERT INTO "connectsTo" VALUES (204, 205);
INSERT INTO "connectsTo" VALUES (205, 206);
INSERT INTO "connectsTo" VALUES (206, 207);
INSERT INTO "connectsTo" VALUES (207, 208);
INSERT INTO "connectsTo" VALUES (208, 210);
INSERT INTO "connectsTo" VALUES (210, 211);
INSERT INTO "connectsTo" VALUES (211, 212);
INSERT INTO "connectsTo" VALUES (212, 213);
INSERT INTO "connectsTo" VALUES (213, 214);
INSERT INTO "connectsTo" VALUES (214, 216);
INSERT INTO "connectsTo" VALUES (216, 217);
INSERT INTO "connectsTo" VALUES (217, 218);
INSERT INTO "connectsTo" VALUES (218, 219);
INSERT INTO "connectsTo" VALUES (219, 220);
INSERT INTO "connectsTo" VALUES (220, 222);
INSERT INTO "connectsTo" VALUES (222, 223);
INSERT INTO "connectsTo" VALUES (223, 224);
INSERT INTO "connectsTo" VALUES (224, 225);
INSERT INTO "connectsTo" VALUES (225, 226);
INSERT INTO "connectsTo" VALUES (226, 227);
INSERT INTO "connectsTo" VALUES (227, 229);
INSERT INTO "connectsTo" VALUES (229, 230);
INSERT INTO "connectsTo" VALUES (230, 231);
INSERT INTO "connectsTo" VALUES (231, 232);
INSERT INTO "connectsTo" VALUES (232, 233);
INSERT INTO "connectsTo" VALUES (233, 235);
INSERT INTO "connectsTo" VALUES (235, 236);
INSERT INTO "connectsTo" VALUES (236, 237);
INSERT INTO "connectsTo" VALUES (237, 238);
INSERT INTO "connectsTo" VALUES (238, 239);
INSERT INTO "connectsTo" VALUES (239, 241);
INSERT INTO "connectsTo" VALUES (241, 243);
INSERT INTO "connectsTo" VALUES (243, 244);
INSERT INTO "connectsTo" VALUES (244, 245);
INSERT INTO "connectsTo" VALUES (245, 246);
INSERT INTO "connectsTo" VALUES (246, 247);
INSERT INTO "connectsTo" VALUES (247, 249);
INSERT INTO "connectsTo" VALUES (249, 250);
INSERT INTO "connectsTo" VALUES (250, 251);
INSERT INTO "connectsTo" VALUES (251, 252);
INSERT INTO "connectsTo" VALUES (252, 253);
INSERT INTO "connectsTo" VALUES (253, 255);
INSERT INTO "connectsTo" VALUES (255, 256);
INSERT INTO "connectsTo" VALUES (256, 257);
INSERT INTO "connectsTo" VALUES (257, 258);
INSERT INTO "connectsTo" VALUES (258, 259);
INSERT INTO "connectsTo" VALUES (259, 261);
INSERT INTO "connectsTo" VALUES (261, 262);
INSERT INTO "connectsTo" VALUES (262, 263);
INSERT INTO "connectsTo" VALUES (263, 264);
INSERT INTO "connectsTo" VALUES (264, 265);
INSERT INTO "connectsTo" VALUES (265, 267);
INSERT INTO "connectsTo" VALUES (267, 269);
INSERT INTO "connectsTo" VALUES (269, 270);
INSERT INTO "connectsTo" VALUES (270, 271);
INSERT INTO "connectsTo" VALUES (271, 272);
INSERT INTO "connectsTo" VALUES (272, 273);
INSERT INTO "connectsTo" VALUES (273, 275);
INSERT INTO "connectsTo" VALUES (275, 276);
INSERT INTO "connectsTo" VALUES (276, 277);
INSERT INTO "connectsTo" VALUES (277, 278);
INSERT INTO "connectsTo" VALUES (278, 279);
INSERT INTO "connectsTo" VALUES (279, 281);
INSERT INTO "connectsTo" VALUES (281, 282);
INSERT INTO "connectsTo" VALUES (282, 283);
INSERT INTO "connectsTo" VALUES (283, 284);
INSERT INTO "connectsTo" VALUES (284, 285);
INSERT INTO "connectsTo" VALUES (285, 287);
INSERT INTO "connectsTo" VALUES (287, 288);
INSERT INTO "connectsTo" VALUES (288, 289);
INSERT INTO "connectsTo" VALUES (289, 290);
INSERT INTO "connectsTo" VALUES (290, 291);
INSERT INTO "connectsTo" VALUES (291, 293);
INSERT INTO "connectsTo" VALUES (293, 294);
INSERT INTO "connectsTo" VALUES (294, 295);
INSERT INTO "connectsTo" VALUES (295, 296);
INSERT INTO "connectsTo" VALUES (296, 297);
INSERT INTO "connectsTo" VALUES (297, 299);
INSERT INTO "connectsTo" VALUES (299, 300);
INSERT INTO "connectsTo" VALUES (300, 301);
INSERT INTO "connectsTo" VALUES (301, 302);
INSERT INTO "connectsTo" VALUES (302, 303);
INSERT INTO "connectsTo" VALUES (303, 305);
INSERT INTO "connectsTo" VALUES (305, 306);
INSERT INTO "connectsTo" VALUES (306, 307);
INSERT INTO "connectsTo" VALUES (307, 308);
INSERT INTO "connectsTo" VALUES (308, 309);
INSERT INTO "connectsTo" VALUES (309, 311);
INSERT INTO "connectsTo" VALUES (311, 312);
INSERT INTO "connectsTo" VALUES (312, 313);
INSERT INTO "connectsTo" VALUES (313, 314);
INSERT INTO "connectsTo" VALUES (314, 315);
INSERT INTO "connectsTo" VALUES (315, 317);
INSERT INTO "connectsTo" VALUES (317, 319);
INSERT INTO "connectsTo" VALUES (319, 320);
INSERT INTO "connectsTo" VALUES (320, 321);
INSERT INTO "connectsTo" VALUES (321, 322);
INSERT INTO "connectsTo" VALUES (322, 323);
INSERT INTO "connectsTo" VALUES (323, 325);
INSERT INTO "connectsTo" VALUES (325, 326);
INSERT INTO "connectsTo" VALUES (326, 327);
INSERT INTO "connectsTo" VALUES (327, 328);
INSERT INTO "connectsTo" VALUES (328, 329);
INSERT INTO "connectsTo" VALUES (329, 331);
INSERT INTO "connectsTo" VALUES (331, 332);
INSERT INTO "connectsTo" VALUES (332, 333);
INSERT INTO "connectsTo" VALUES (333, 334);
INSERT INTO "connectsTo" VALUES (334, 335);
INSERT INTO "connectsTo" VALUES (335, 337);
INSERT INTO "connectsTo" VALUES (337, 338);
INSERT INTO "connectsTo" VALUES (338, 339);
INSERT INTO "connectsTo" VALUES (339, 340);
INSERT INTO "connectsTo" VALUES (340, 341);
INSERT INTO "connectsTo" VALUES (341, 343);
INSERT INTO "connectsTo" VALUES (343, 344);
INSERT INTO "connectsTo" VALUES (344, 345);
INSERT INTO "connectsTo" VALUES (345, 346);
INSERT INTO "connectsTo" VALUES (346, 347);
INSERT INTO "connectsTo" VALUES (347, 349);
INSERT INTO "connectsTo" VALUES (349, 350);
INSERT INTO "connectsTo" VALUES (350, 351);
INSERT INTO "connectsTo" VALUES (351, 352);
INSERT INTO "connectsTo" VALUES (352, 353);
INSERT INTO "connectsTo" VALUES (151, 156);
INSERT INTO "Semaphore" ("id", "signal") VALUES (355, 2);
INSERT INTO "Route" ("id", "active", "entry", "exit") VALUES (356, 1, NULL, 355);
INSERT INTO "Region" ("id") VALUES (357);
INSERT INTO "TrackElement" ("id") VALUES (358);
INSERT INTO "Switch" ("id", "currentPosition") VALUES (358, 0);
UPDATE "TrackElement" SET "region" = 357 WHERE "id" = 358;
INSERT INTO "Sensor" ("id") VALUES (359);
UPDATE "Sensor" SET "region" = 357 WHERE "id" = 359;
INSERT INTO "monitoredBy" VALUES (358, 359);
INSERT INTO "requires" VALUES (356, 359);
INSERT INTO "TrackElement" ("id") VALUES (360);
INSERT INTO "Segment" ("id", "length") VALUES (360, 26);
UPDATE "TrackElement" SET "region" = 357 WHERE "id" = 360;
INSERT INTO "monitoredBy" VALUES (360, 359);
UPDATE "Semaphore" SET "segment" = 360 WHERE "id" = 355;
INSERT INTO "TrackElement" ("id") VALUES (361);
INSERT INTO "Segment" ("id", "length") VALUES (361, 772);
UPDATE "TrackElement" SET "region" = 357 WHERE "id" = 361;
INSERT INTO "monitoredBy" VALUES (361, 359);
INSERT INTO "TrackElement" ("id") VALUES (362);
INSERT INTO "Segment" ("id", "length") VALUES (362, 473);
UPDATE "TrackElement" SET "region" = 357 WHERE "id" = 362;
INSERT INTO "monitoredBy" VALUES (362, 359);
INSERT INTO "TrackElement" ("id") VALUES (363);
INSERT INTO "Segment" ("id", "length") VALUES (363, 726);
UPDATE "TrackElement" SET "region" = 357 WHERE "id" = 363;
INSERT INTO "monitoredBy" VALUES (363, 359);
INSERT INTO "TrackElement" ("id") VALUES (364);
INSERT INTO "Segment" ("id", "length") VALUES (364, 421);
UPDATE "TrackElement" SET "region" = 357 WHERE "id" = 364;
INSERT INTO "monitoredBy" VALUES (364, 359);
INSERT INTO "Sensor" ("id") VALUES (365);
UPDATE "Sensor" SET "region" = 357 WHERE "id" = 365;
INSERT INTO "monitoredBy" VALUES (358, 365);
INSERT INTO "requires" VALUES (356, 365);
INSERT INTO "TrackElement" ("id") VALUES (366);
INSERT INTO "Segment" ("id", "length") VALUES (366, 960);
UPDATE "TrackElement" SET "region" = 357 WHERE "id" = 366;
INSERT INTO "monitoredBy" VALUES (366, 365);
INSERT INTO "TrackElement" ("id") VALUES (367);
INSERT INTO "Segment" ("id", "length") VALUES (367, 833);
UPDATE "TrackElement" SET "region" = 357 WHERE "id" = 367;
INSERT INTO "monitoredBy" VALUES (367, 365);
INSERT INTO "TrackElement" ("id") VALUES (368);
INSERT INTO "Segment" ("id", "length") VALUES (368, 318);
UPDATE "TrackElement" SET "region" = 357 WHERE "id" = 368;
INSERT INTO "monitoredBy" VALUES (368, 365);
INSERT INTO "TrackElement" ("id") VALUES (369);
INSERT INTO "Segment" ("id", "length") VALUES (369, 531);
UPDATE "TrackElement" SET "region" = 357 WHERE "id" = 369;
INSERT INTO "monitoredBy" VALUES (369, 365);
INSERT INTO "TrackElement" ("id") VALUES (370);
INSERT INTO "Segment" ("id", "length") VALUES (370, 36);
UPDATE "TrackElement" SET "region" = 357 WHERE "id" = 370;
INSERT INTO "monitoredBy" VALUES (370, 365);
INSERT INTO "Sensor" ("id") VALUES (371);
UPDATE "Sensor" SET "region" = 357 WHERE "id" = 371;
INSERT INTO "monitoredBy" VALUES (358, 371);
INSERT INTO "requires" VALUES (356, 371);
INSERT INTO "TrackElement" ("id") VALUES (372);
INSERT INTO "Segment" ("id", "length") VALUES (372, 544);
UPDATE "TrackElement" SET "region" = 357 WHERE "id" = 372;
INSERT INTO "monitoredBy" VALUES (372, 371);
INSERT INTO "TrackElement" ("id") VALUES (373);
INSERT INTO "Segment" ("id", "length") VALUES (373, 287);
UPDATE "TrackElement" SET "region" = 357 WHERE "id" = 373;
INSERT INTO "monitoredBy" VALUES (373, 371);
INSERT INTO "TrackElement" ("id") VALUES (374);
INSERT INTO "Segment" ("id", "length") VALUES (374, 632);
UPDATE "TrackElement" SET "region" = 357 WHERE "id" = 374;
INSERT INTO "monitoredBy" VALUES (374, 371);
INSERT INTO "TrackElement" ("id") VALUES (375);
INSERT INTO "Segment" ("id", "length") VALUES (375, 252);
UPDATE "TrackElement" SET "region" = 357 WHERE "id" = 375;
INSERT INTO "monitoredBy" VALUES (375, 371);
INSERT INTO "TrackElement" ("id") VALUES (376);
INSERT INTO "Segment" ("id", "length") VALUES (376, 611);
UPDATE "TrackElement" SET "region" = 357 WHERE "id" = 376;
INSERT INTO "monitoredBy" VALUES (376, 371);
INSERT INTO "Sensor" ("id") VALUES (377);
UPDATE "Sensor" SET "region" = 357 WHERE "id" = 377;
INSERT INTO "monitoredBy" VALUES (358, 377);
INSERT INTO "requires" VALUES (356, 377);
INSERT INTO "TrackElement" ("id") VALUES (378);
INSERT INTO "Segment" ("id", "length") VALUES (378, 719);
UPDATE "TrackElement" SET "region" = 357 WHERE "id" = 378;
INSERT INTO "monitoredBy" VALUES (378, 377);
INSERT INTO "TrackElement" ("id") VALUES (379);
INSERT INTO "Segment" ("id", "length") VALUES (379, 118);
UPDATE "TrackElement" SET "region" = 357 WHERE "id" = 379;
INSERT INTO "monitoredBy" VALUES (379, 377);
INSERT INTO "TrackElement" ("id") VALUES (380);
INSERT INTO "Segment" ("id", "length") VALUES (380, 902);
UPDATE "TrackElement" SET "region" = 357 WHERE "id" = 380;
INSERT INTO "monitoredBy" VALUES (380, 377);
INSERT INTO "TrackElement" ("id") VALUES (381);
INSERT INTO "Segment" ("id", "length") VALUES (381, 387);
UPDATE "TrackElement" SET "region" = 357 WHERE "id" = 381;
INSERT INTO "monitoredBy" VALUES (381, 377);
INSERT INTO "TrackElement" ("id") VALUES (382);
INSERT INTO "Segment" ("id", "length") VALUES (382, 12);
UPDATE "TrackElement" SET "region" = 357 WHERE "id" = 382;
INSERT INTO "monitoredBy" VALUES (382, 377);
INSERT INTO "Sensor" ("id") VALUES (383);
UPDATE "Sensor" SET "region" = 357 WHERE "id" = 383;
INSERT INTO "monitoredBy" VALUES (358, 383);
INSERT INTO "requires" VALUES (356, 383);
INSERT INTO "TrackElement" ("id") VALUES (384);
INSERT INTO "Segment" ("id", "length") VALUES (384, 724);
UPDATE "TrackElement" SET "region" = 357 WHERE "id" = 384;
INSERT INTO "monitoredBy" VALUES (384, 383);
INSERT INTO "TrackElement" ("id") VALUES (385);
INSERT INTO "Segment" ("id", "length") VALUES (385, 455);
UPDATE "TrackElement" SET "region" = 357 WHERE "id" = 385;
INSERT INTO "monitoredBy" VALUES (385, 383);
INSERT INTO "TrackElement" ("id") VALUES (386);
INSERT INTO "Segment" ("id", "length") VALUES (386, 296);
UPDATE "TrackElement" SET "region" = 357 WHERE "id" = 386;
INSERT INTO "monitoredBy" VALUES (386, 383);
INSERT INTO "TrackElement" ("id") VALUES (387);
INSERT INTO "Segment" ("id", "length") VALUES (387, -684);
UPDATE "TrackElement" SET "region" = 357 WHERE "id" = 387;
INSERT INTO "monitoredBy" VALUES (387, 383);
INSERT INTO "TrackElement" ("id") VALUES (388);
INSERT INTO "Segment" ("id", "length") VALUES (388, 810);
UPDATE "TrackElement" SET "region" = 357 WHERE "id" = 388;
INSERT INTO "monitoredBy" VALUES (388, 383);
INSERT INTO "Sensor" ("id") VALUES (389);
UPDATE "Sensor" SET "region" = 357 WHERE "id" = 389;
INSERT INTO "monitoredBy" VALUES (358, 389);
INSERT INTO "requires" VALUES (356, 389);
INSERT INTO "TrackElement" ("id") VALUES (390);
INSERT INTO "Segment" ("id", "length") VALUES (390, 83);
UPDATE "TrackElement" SET "region" = 357 WHERE "id" = 390;
INSERT INTO "monitoredBy" VALUES (390, 389);
INSERT INTO "TrackElement" ("id") VALUES (391);
INSERT INTO "Segment" ("id", "length") VALUES (391, 625);
UPDATE "TrackElement" SET "region" = 357 WHERE "id" = 391;
INSERT INTO "monitoredBy" VALUES (391, 389);
INSERT INTO "TrackElement" ("id") VALUES (392);
INSERT INTO "Segment" ("id", "length") VALUES (392, 605);
UPDATE "TrackElement" SET "region" = 357 WHERE "id" = 392;
INSERT INTO "monitoredBy" VALUES (392, 389);
INSERT INTO "TrackElement" ("id") VALUES (393);
INSERT INTO "Segment" ("id", "length") VALUES (393, 501);
UPDATE "TrackElement" SET "region" = 357 WHERE "id" = 393;
INSERT INTO "monitoredBy" VALUES (393, 389);
INSERT INTO "TrackElement" ("id") VALUES (394);
INSERT INTO "Segment" ("id", "length") VALUES (394, 555);
UPDATE "TrackElement" SET "region" = 357 WHERE "id" = 394;
INSERT INTO "monitoredBy" VALUES (394, 389);
INSERT INTO "Sensor" ("id") VALUES (395);
UPDATE "Sensor" SET "region" = 357 WHERE "id" = 395;
INSERT INTO "monitoredBy" VALUES (358, 395);
INSERT INTO "requires" VALUES (356, 395);
INSERT INTO "TrackElement" ("id") VALUES (396);
INSERT INTO "Segment" ("id", "length") VALUES (396, 717);
UPDATE "TrackElement" SET "region" = 357 WHERE "id" = 396;
INSERT INTO "monitoredBy" VALUES (396, 395);
INSERT INTO "TrackElement" ("id") VALUES (397);
INSERT INTO "Segment" ("id", "length") VALUES (397, 779);
UPDATE "TrackElement" SET "region" = 357 WHERE "id" = 397;
INSERT INTO "monitoredBy" VALUES (397, 395);
INSERT INTO "TrackElement" ("id") VALUES (398);
INSERT INTO "Segment" ("id", "length") VALUES (398, 520);
UPDATE "TrackElement" SET "region" = 357 WHERE "id" = 398;
INSERT INTO "monitoredBy" VALUES (398, 395);
INSERT INTO "TrackElement" ("id") VALUES (399);
INSERT INTO "Segment" ("id", "length") VALUES (399, 585);
UPDATE "TrackElement" SET "region" = 357 WHERE "id" = 399;
INSERT INTO "monitoredBy" VALUES (399, 395);
INSERT INTO "TrackElement" ("id") VALUES (400);
INSERT INTO "Segment" ("id", "length") VALUES (400, 11);
UPDATE "TrackElement" SET "region" = 357 WHERE "id" = 400;
INSERT INTO "monitoredBy" VALUES (400, 395);
INSERT INTO "Sensor" ("id") VALUES (401);
UPDATE "Sensor" SET "region" = 357 WHERE "id" = 401;
INSERT INTO "monitoredBy" VALUES (358, 401);
INSERT INTO "requires" VALUES (356, 401);
INSERT INTO "TrackElement" ("id") VALUES (402);
INSERT INTO "Segment" ("id", "length") VALUES (402, 60);
UPDATE "TrackElement" SET "region" = 357 WHERE "id" = 402;
INSERT INTO "monitoredBy" VALUES (402, 401);
INSERT INTO "TrackElement" ("id") VALUES (403);
INSERT INTO "Segment" ("id", "length") VALUES (403, 686);
UPDATE "TrackElement" SET "region" = 357 WHERE "id" = 403;
INSERT INTO "monitoredBy" VALUES (403, 401);
INSERT INTO "TrackElement" ("id") VALUES (404);
INSERT INTO "Segment" ("id", "length") VALUES (404, 867);
UPDATE "TrackElement" SET "region" = 357 WHERE "id" = 404;
INSERT INTO "monitoredBy" VALUES (404, 401);
INSERT INTO "TrackElement" ("id") VALUES (405);
INSERT INTO "Segment" ("id", "length") VALUES (405, 940);
UPDATE "TrackElement" SET "region" = 357 WHERE "id" = 405;
INSERT INTO "monitoredBy" VALUES (405, 401);
INSERT INTO "TrackElement" ("id") VALUES (406);
INSERT INTO "Segment" ("id", "length") VALUES (406, 965);
UPDATE "TrackElement" SET "region" = 357 WHERE "id" = 406;
INSERT INTO "monitoredBy" VALUES (406, 401);
INSERT INTO "TrackElement" ("id") VALUES (407);
INSERT INTO "Segment" ("id", "length") VALUES (407, 836);
UPDATE "TrackElement" SET "region" = 357 WHERE "id" = 407;
INSERT INTO "monitoredBy" VALUES (407, 401);
INSERT INTO "Sensor" ("id") VALUES (408);
UPDATE "Sensor" SET "region" = 357 WHERE "id" = 408;
INSERT INTO "monitoredBy" VALUES (358, 408);
INSERT INTO "requires" VALUES (356, 408);
INSERT INTO "TrackElement" ("id") VALUES (409);
INSERT INTO "Segment" ("id", "length") VALUES (409, 422);
UPDATE "TrackElement" SET "region" = 357 WHERE "id" = 409;
INSERT INTO "monitoredBy" VALUES (409, 408);
INSERT INTO "TrackElement" ("id") VALUES (410);
INSERT INTO "Segment" ("id", "length") VALUES (410, -144);
UPDATE "TrackElement" SET "region" = 357 WHERE "id" = 410;
INSERT INTO "monitoredBy" VALUES (410, 408);
INSERT INTO "TrackElement" ("id") VALUES (411);
INSERT INTO "Segment" ("id", "length") VALUES (411, 43);
UPDATE "TrackElement" SET "region" = 357 WHERE "id" = 411;
INSERT INTO "monitoredBy" VALUES (411, 408);
INSERT INTO "TrackElement" ("id") VALUES (412);
INSERT INTO "Segment" ("id", "length") VALUES (412, 938);
UPDATE "TrackElement" SET "region" = 357 WHERE "id" = 412;
INSERT INTO "monitoredBy" VALUES (412, 408);
INSERT INTO "TrackElement" ("id") VALUES (413);
INSERT INTO "Segment" ("id", "length") VALUES (413, 693);
UPDATE "TrackElement" SET "region" = 357 WHERE "id" = 413;
INSERT INTO "monitoredBy" VALUES (413, 408);
INSERT INTO "SwitchPosition" ("id", "position", "target") VALUES (414, 0, 358);
UPDATE "SwitchPosition" SET "route" = 356 WHERE "id" = 414;
INSERT INTO "TrackElement" ("id") VALUES (415);
INSERT INTO "Switch" ("id", "currentPosition") VALUES (415, 1);
UPDATE "TrackElement" SET "region" = 357 WHERE "id" = 415;
INSERT INTO "Sensor" ("id") VALUES (416);
UPDATE "Sensor" SET "region" = 357 WHERE "id" = 416;
INSERT INTO "monitoredBy" VALUES (415, 416);
INSERT INTO "requires" VALUES (356, 416);
INSERT INTO "TrackElement" ("id") VALUES (417);
INSERT INTO "Segment" ("id", "length") VALUES (417, 907);
UPDATE "TrackElement" SET "region" = 357 WHERE "id" = 417;
INSERT INTO "monitoredBy" VALUES (417, 416);
INSERT INTO "TrackElement" ("id") VALUES (418);
INSERT INTO "Segment" ("id", "length") VALUES (418, 225);
UPDATE "TrackElement" SET "region" = 357 WHERE "id" = 418;
INSERT INTO "monitoredBy" VALUES (418, 416);
INSERT INTO "TrackElement" ("id") VALUES (419);
INSERT INTO "Segment" ("id", "length") VALUES (419, 409);
UPDATE "TrackElement" SET "region" = 357 WHERE "id" = 419;
INSERT INTO "monitoredBy" VALUES (419, 416);
INSERT INTO "TrackElement" ("id") VALUES (420);
INSERT INTO "Segment" ("id", "length") VALUES (420, 78);
UPDATE "TrackElement" SET "region" = 357 WHERE "id" = 420;
INSERT INTO "monitoredBy" VALUES (420, 416);
INSERT INTO "TrackElement" ("id") VALUES (421);
INSERT INTO "Segment" ("id", "length") VALUES (421, 34);
UPDATE "TrackElement" SET "region" = 357 WHERE "id" = 421;
INSERT INTO "monitoredBy" VALUES (421, 416);
INSERT INTO "Sensor" ("id") VALUES (422);
UPDATE "Sensor" SET "region" = 357 WHERE "id" = 422;
INSERT INTO "monitoredBy" VALUES (415, 422);
INSERT INTO "requires" VALUES (356, 422);
INSERT INTO "TrackElement" ("id") VALUES (423);
INSERT INTO "Segment" ("id", "length") VALUES (423, 664);
UPDATE "TrackElement" SET "region" = 357 WHERE "id" = 423;
INSERT INTO "monitoredBy" VALUES (423, 422);
INSERT INTO "TrackElement" ("id") VALUES (424);
INSERT INTO "Segment" ("id", "length") VALUES (424, 807);
UPDATE "TrackElement" SET "region" = 357 WHERE "id" = 424;
INSERT INTO "monitoredBy" VALUES (424, 422);
INSERT INTO "TrackElement" ("id") VALUES (425);
INSERT INTO "Segment" ("id", "length") VALUES (425, 851);
UPDATE "TrackElement" SET "region" = 357 WHERE "id" = 425;
INSERT INTO "monitoredBy" VALUES (425, 422);
INSERT INTO "TrackElement" ("id") VALUES (426);
INSERT INTO "Segment" ("id", "length") VALUES (426, 898);
UPDATE "TrackElement" SET "region" = 357 WHERE "id" = 426;
INSERT INTO "monitoredBy" VALUES (426, 422);
INSERT INTO "TrackElement" ("id") VALUES (427);
INSERT INTO "Segment" ("id", "length") VALUES (427, 731);
UPDATE "TrackElement" SET "region" = 357 WHERE "id" = 427;
INSERT INTO "monitoredBy" VALUES (427, 422);
INSERT INTO "Sensor" ("id") VALUES (428);
UPDATE "Sensor" SET "region" = 357 WHERE "id" = 428;
INSERT INTO "monitoredBy" VALUES (415, 428);
INSERT INTO "requires" VALUES (356, 428);
INSERT INTO "TrackElement" ("id") VALUES (429);
INSERT INTO "Segment" ("id", "length") VALUES (429, 173);
UPDATE "TrackElement" SET "region" = 357 WHERE "id" = 429;
INSERT INTO "monitoredBy" VALUES (429, 428);
INSERT INTO "TrackElement" ("id") VALUES (430);
INSERT INTO "Segment" ("id", "length") VALUES (430, 587);
UPDATE "TrackElement" SET "region" = 357 WHERE "id" = 430;
INSERT INTO "monitoredBy" VALUES (430, 428);
INSERT INTO "TrackElement" ("id") VALUES (431);
INSERT INTO "Segment" ("id", "length") VALUES (431, 113);
UPDATE "TrackElement" SET "region" = 357 WHERE "id" = 431;
INSERT INTO "monitoredBy" VALUES (431, 428);
INSERT INTO "TrackElement" ("id") VALUES (432);
INSERT INTO "Segment" ("id", "length") VALUES (432, 3);
UPDATE "TrackElement" SET "region" = 357 WHERE "id" = 432;
INSERT INTO "monitoredBy" VALUES (432, 428);
INSERT INTO "TrackElement" ("id") VALUES (433);
INSERT INTO "Segment" ("id", "length") VALUES (433, 326);
UPDATE "TrackElement" SET "region" = 357 WHERE "id" = 433;
INSERT INTO "monitoredBy" VALUES (433, 428);
INSERT INTO "Sensor" ("id") VALUES (434);
UPDATE "Sensor" SET "region" = 357 WHERE "id" = 434;
INSERT INTO "monitoredBy" VALUES (415, 434);
INSERT INTO "requires" VALUES (356, 434);
INSERT INTO "TrackElement" ("id") VALUES (435);
INSERT INTO "Segment" ("id", "length") VALUES (435, 531);
UPDATE "TrackElement" SET "region" = 357 WHERE "id" = 435;
INSERT INTO "monitoredBy" VALUES (435, 434);
INSERT INTO "TrackElement" ("id") VALUES (436);
INSERT INTO "Segment" ("id", "length") VALUES (436, 192);
UPDATE "TrackElement" SET "region" = 357 WHERE "id" = 436;
INSERT INTO "monitoredBy" VALUES (436, 434);
INSERT INTO "TrackElement" ("id") VALUES (437);
INSERT INTO "Segment" ("id", "length") VALUES (437, 290);
UPDATE "TrackElement" SET "region" = 357 WHERE "id" = 437;
INSERT INTO "monitoredBy" VALUES (437, 434);
INSERT INTO "TrackElement" ("id") VALUES (438);
INSERT INTO "Segment" ("id", "length") VALUES (438, 126);
UPDATE "TrackElement" SET "region" = 357 WHERE "id" = 438;
INSERT INTO "monitoredBy" VALUES (438, 434);
INSERT INTO "TrackElement" ("id") VALUES (439);
INSERT INTO "Segment" ("id", "length") VALUES (439, 620);
UPDATE "TrackElement" SET "region" = 357 WHERE "id" = 439;
INSERT INTO "monitoredBy" VALUES (439, 434);
INSERT INTO "Sensor" ("id") VALUES (440);
UPDATE "Sensor" SET "region" = 357 WHERE "id" = 440;
INSERT INTO "monitoredBy" VALUES (415, 440);
INSERT INTO "requires" VALUES (356, 440);
INSERT INTO "TrackElement" ("id") VALUES (441);
INSERT INTO "Segment" ("id", "length") VALUES (441, 210);
UPDATE "TrackElement" SET "region" = 357 WHERE "id" = 441;
INSERT INTO "monitoredBy" VALUES (441, 440);
INSERT INTO "TrackElement" ("id") VALUES (442);
INSERT INTO "Segment" ("id", "length") VALUES (442, 38);
UPDATE "TrackElement" SET "region" = 357 WHERE "id" = 442;
INSERT INTO "monitoredBy" VALUES (442, 440);
INSERT INTO "TrackElement" ("id") VALUES (443);
INSERT INTO "Segment" ("id", "length") VALUES (443, 598);
UPDATE "TrackElement" SET "region" = 357 WHERE "id" = 443;
INSERT INTO "monitoredBy" VALUES (443, 440);
INSERT INTO "TrackElement" ("id") VALUES (444);
INSERT INTO "Segment" ("id", "length") VALUES (444, 172);
UPDATE "TrackElement" SET "region" = 357 WHERE "id" = 444;
INSERT INTO "monitoredBy" VALUES (444, 440);
INSERT INTO "TrackElement" ("id") VALUES (445);
INSERT INTO "Segment" ("id", "length") VALUES (445, 263);
UPDATE "TrackElement" SET "region" = 357 WHERE "id" = 445;
INSERT INTO "monitoredBy" VALUES (445, 440);
INSERT INTO "Sensor" ("id") VALUES (446);
UPDATE "Sensor" SET "region" = 357 WHERE "id" = 446;
INSERT INTO "monitoredBy" VALUES (415, 446);
INSERT INTO "requires" VALUES (356, 446);
INSERT INTO "TrackElement" ("id") VALUES (447);
INSERT INTO "Segment" ("id", "length") VALUES (447, 217);
UPDATE "TrackElement" SET "region" = 357 WHERE "id" = 447;
INSERT INTO "monitoredBy" VALUES (447, 446);
INSERT INTO "TrackElement" ("id") VALUES (448);
INSERT INTO "Segment" ("id", "length") VALUES (448, 482);
UPDATE "TrackElement" SET "region" = 357 WHERE "id" = 448;
INSERT INTO "monitoredBy" VALUES (448, 446);
INSERT INTO "TrackElement" ("id") VALUES (449);
INSERT INTO "Segment" ("id", "length") VALUES (449, 421);
UPDATE "TrackElement" SET "region" = 357 WHERE "id" = 449;
INSERT INTO "monitoredBy" VALUES (449, 446);
INSERT INTO "TrackElement" ("id") VALUES (450);
INSERT INTO "Segment" ("id", "length") VALUES (450, 921);
UPDATE "TrackElement" SET "region" = 357 WHERE "id" = 450;
INSERT INTO "monitoredBy" VALUES (450, 446);
INSERT INTO "TrackElement" ("id") VALUES (451);
INSERT INTO "Segment" ("id", "length") VALUES (451, 40);
UPDATE "TrackElement" SET "region" = 357 WHERE "id" = 451;
INSERT INTO "monitoredBy" VALUES (451, 446);
INSERT INTO "Sensor" ("id") VALUES (452);
UPDATE "Sensor" SET "region" = 357 WHERE "id" = 452;
INSERT INTO "monitoredBy" VALUES (415, 452);
INSERT INTO "requires" VALUES (356, 452);
INSERT INTO "TrackElement" ("id") VALUES (453);
INSERT INTO "Segment" ("id", "length") VALUES (453, 393);
UPDATE "TrackElement" SET "region" = 357 WHERE "id" = 453;
INSERT INTO "monitoredBy" VALUES (453, 452);
INSERT INTO "TrackElement" ("id") VALUES (454);
INSERT INTO "Segment" ("id", "length") VALUES (454, 233);
UPDATE "TrackElement" SET "region" = 357 WHERE "id" = 454;
INSERT INTO "monitoredBy" VALUES (454, 452);
INSERT INTO "TrackElement" ("id") VALUES (455);
INSERT INTO "Segment" ("id", "length") VALUES (455, 542);
UPDATE "TrackElement" SET "region" = 357 WHERE "id" = 455;
INSERT INTO "monitoredBy" VALUES (455, 452);
INSERT INTO "TrackElement" ("id") VALUES (456);
INSERT INTO "Segment" ("id", "length") VALUES (456, 770);
UPDATE "TrackElement" SET "region" = 357 WHERE "id" = 456;
INSERT INTO "monitoredBy" VALUES (456, 452);
INSERT INTO "TrackElement" ("id") VALUES (457);
INSERT INTO "Segment" ("id", "length") VALUES (457, 147);
UPDATE "TrackElement" SET "region" = 357 WHERE "id" = 457;
INSERT INTO "monitoredBy" VALUES (457, 452);
INSERT INTO "SwitchPosition" ("id", "position", "target") VALUES (458, 1, 415);
UPDATE "SwitchPosition" SET "route" = 356 WHERE "id" = 458;
INSERT INTO "TrackElement" ("id") VALUES (459);
INSERT INTO "Switch" ("id", "currentPosition") VALUES (459, 1);
UPDATE "TrackElement" SET "region" = 357 WHERE "id" = 459;
INSERT INTO "Sensor" ("id") VALUES (460);
UPDATE "Sensor" SET "region" = 357 WHERE "id" = 460;
INSERT INTO "monitoredBy" VALUES (459, 460);
INSERT INTO "requires" VALUES (356, 460);
INSERT INTO "TrackElement" ("id") VALUES (461);
INSERT INTO "Segment" ("id", "length") VALUES (461, 74);
UPDATE "TrackElement" SET "region" = 357 WHERE "id" = 461;
INSERT INTO "monitoredBy" VALUES (461, 460);
INSERT INTO "TrackElement" ("id") VALUES (462);
INSERT INTO "Segment" ("id", "length") VALUES (462, 952);
UPDATE "TrackElement" SET "region" = 357 WHERE "id" = 462;
INSERT INTO "monitoredBy" VALUES (462, 460);
INSERT INTO "TrackElement" ("id") VALUES (463);
INSERT INTO "Segment" ("id", "length") VALUES (463, 524);
UPDATE "TrackElement" SET "region" = 357 WHERE "id" = 463;
INSERT INTO "monitoredBy" VALUES (463, 460);
INSERT INTO "TrackElement" ("id") VALUES (464);
INSERT INTO "Segment" ("id", "length") VALUES (464, 5);
UPDATE "TrackElement" SET "region" = 357 WHERE "id" = 464;
INSERT INTO "monitoredBy" VALUES (464, 460);
INSERT INTO "TrackElement" ("id") VALUES (465);
INSERT INTO "Segment" ("id", "length") VALUES (465, 133);
UPDATE "TrackElement" SET "region" = 357 WHERE "id" = 465;
INSERT INTO "monitoredBy" VALUES (465, 460);
INSERT INTO "Sensor" ("id") VALUES (466);
UPDATE "Sensor" SET "region" = 357 WHERE "id" = 466;
INSERT INTO "monitoredBy" VALUES (459, 466);
INSERT INTO "requires" VALUES (356, 466);
INSERT INTO "TrackElement" ("id") VALUES (467);
INSERT INTO "Segment" ("id", "length") VALUES (467, 220);
UPDATE "TrackElement" SET "region" = 357 WHERE "id" = 467;
INSERT INTO "monitoredBy" VALUES (467, 466);
INSERT INTO "TrackElement" ("id") VALUES (468);
INSERT INTO "Segment" ("id", "length") VALUES (468, 508);
UPDATE "TrackElement" SET "region" = 357 WHERE "id" = 468;
INSERT INTO "monitoredBy" VALUES (468, 466);
INSERT INTO "TrackElement" ("id") VALUES (469);
INSERT INTO "Segment" ("id", "length") VALUES (469, 268);
UPDATE "TrackElement" SET "region" = 357 WHERE "id" = 469;
INSERT INTO "monitoredBy" VALUES (469, 466);
INSERT INTO "TrackElement" ("id") VALUES (470);
INSERT INTO "Segment" ("id", "length") VALUES (470, 280);
UPDATE "TrackElement" SET "region" = 357 WHERE "id" = 470;
INSERT INTO "monitoredBy" VALUES (470, 466);
INSERT INTO "TrackElement" ("id") VALUES (471);
INSERT INTO "Segment" ("id", "length") VALUES (471, 609);
UPDATE "TrackElement" SET "region" = 357 WHERE "id" = 471;
INSERT INTO "monitoredBy" VALUES (471, 466);
INSERT INTO "Sensor" ("id") VALUES (472);
UPDATE "Sensor" SET "region" = 357 WHERE "id" = 472;
INSERT INTO "monitoredBy" VALUES (459, 472);
INSERT INTO "requires" VALUES (356, 472);
INSERT INTO "TrackElement" ("id") VALUES (473);
INSERT INTO "Segment" ("id", "length") VALUES (473, 768);
UPDATE "TrackElement" SET "region" = 357 WHERE "id" = 473;
INSERT INTO "monitoredBy" VALUES (473, 472);
INSERT INTO "TrackElement" ("id") VALUES (474);
INSERT INTO "Segment" ("id", "length") VALUES (474, 969);
UPDATE "TrackElement" SET "region" = 357 WHERE "id" = 474;
INSERT INTO "monitoredBy" VALUES (474, 472);
INSERT INTO "TrackElement" ("id") VALUES (475);
INSERT INTO "Segment" ("id", "length") VALUES (475, 316);
UPDATE "TrackElement" SET "region" = 357 WHERE "id" = 475;
INSERT INTO "monitoredBy" VALUES (475, 472);
INSERT INTO "TrackElement" ("id") VALUES (476);
INSERT INTO "Segment" ("id", "length") VALUES (476, 9);
UPDATE "TrackElement" SET "region" = 357 WHERE "id" = 476;
INSERT INTO "monitoredBy" VALUES (476, 472);
INSERT INTO "TrackElement" ("id") VALUES (477);
INSERT INTO "Segment" ("id", "length") VALUES (477, 941);
UPDATE "TrackElement" SET "region" = 357 WHERE "id" = 477;
INSERT INTO "monitoredBy" VALUES (477, 472);
INSERT INTO "Sensor" ("id") VALUES (478);
UPDATE "Sensor" SET "region" = 357 WHERE "id" = 478;
INSERT INTO "monitoredBy" VALUES (459, 478);
INSERT INTO "requires" VALUES (356, 478);
INSERT INTO "TrackElement" ("id") VALUES (479);
INSERT INTO "Segment" ("id", "length") VALUES (479, 75);
UPDATE "TrackElement" SET "region" = 357 WHERE "id" = 479;
INSERT INTO "monitoredBy" VALUES (479, 478);
INSERT INTO "TrackElement" ("id") VALUES (480);
INSERT INTO "Segment" ("id", "length") VALUES (480, 686);
UPDATE "TrackElement" SET "region" = 357 WHERE "id" = 480;
INSERT INTO "monitoredBy" VALUES (480, 478);
INSERT INTO "TrackElement" ("id") VALUES (481);
INSERT INTO "Segment" ("id", "length") VALUES (481, 759);
UPDATE "TrackElement" SET "region" = 357 WHERE "id" = 481;
INSERT INTO "monitoredBy" VALUES (481, 478);
INSERT INTO "TrackElement" ("id") VALUES (482);
INSERT INTO "Segment" ("id", "length") VALUES (482, 357);
UPDATE "TrackElement" SET "region" = 357 WHERE "id" = 482;
INSERT INTO "monitoredBy" VALUES (482, 478);
INSERT INTO "TrackElement" ("id") VALUES (483);
INSERT INTO "Segment" ("id", "length") VALUES (483, 533);
UPDATE "TrackElement" SET "region" = 357 WHERE "id" = 483;
INSERT INTO "monitoredBy" VALUES (483, 478);
INSERT INTO "Sensor" ("id") VALUES (484);
UPDATE "Sensor" SET "region" = 357 WHERE "id" = 484;
INSERT INTO "monitoredBy" VALUES (459, 484);
INSERT INTO "requires" VALUES (356, 484);
INSERT INTO "TrackElement" ("id") VALUES (485);
INSERT INTO "Segment" ("id", "length") VALUES (485, 915);
UPDATE "TrackElement" SET "region" = 357 WHERE "id" = 485;
INSERT INTO "monitoredBy" VALUES (485, 484);
INSERT INTO "TrackElement" ("id") VALUES (486);
INSERT INTO "Segment" ("id", "length") VALUES (486, 831);
UPDATE "TrackElement" SET "region" = 357 WHERE "id" = 486;
INSERT INTO "monitoredBy" VALUES (486, 484);
INSERT INTO "TrackElement" ("id") VALUES (487);
INSERT INTO "Segment" ("id", "length") VALUES (487, 573);
UPDATE "TrackElement" SET "region" = 357 WHERE "id" = 487;
INSERT INTO "monitoredBy" VALUES (487, 484);
INSERT INTO "TrackElement" ("id") VALUES (488);
INSERT INTO "Segment" ("id", "length") VALUES (488, 237);
UPDATE "TrackElement" SET "region" = 357 WHERE "id" = 488;
INSERT INTO "monitoredBy" VALUES (488, 484);
INSERT INTO "TrackElement" ("id") VALUES (489);
INSERT INTO "Segment" ("id", "length") VALUES (489, 95);
UPDATE "TrackElement" SET "region" = 357 WHERE "id" = 489;
INSERT INTO "monitoredBy" VALUES (489, 484);
INSERT INTO "Sensor" ("id") VALUES (490);
UPDATE "Sensor" SET "region" = 357 WHERE "id" = 490;
INSERT INTO "monitoredBy" VALUES (459, 490);
INSERT INTO "requires" VALUES (356, 490);
INSERT INTO "TrackElement" ("id") VALUES (491);
INSERT INTO "Segment" ("id", "length") VALUES (491, 340);
UPDATE "TrackElement" SET "region" = 357 WHERE "id" = 491;
INSERT INTO "monitoredBy" VALUES (491, 490);
INSERT INTO "TrackElement" ("id") VALUES (492);
INSERT INTO "Segment" ("id", "length") VALUES (492, 597);
UPDATE "TrackElement" SET "region" = 357 WHERE "id" = 492;
INSERT INTO "monitoredBy" VALUES (492, 490);
INSERT INTO "TrackElement" ("id") VALUES (493);
INSERT INTO "Segment" ("id", "length") VALUES (493, 995);
UPDATE "TrackElement" SET "region" = 357 WHERE "id" = 493;
INSERT INTO "monitoredBy" VALUES (493, 490);
INSERT INTO "TrackElement" ("id") VALUES (494);
INSERT INTO "Segment" ("id", "length") VALUES (494, 382);
UPDATE "TrackElement" SET "region" = 357 WHERE "id" = 494;
INSERT INTO "monitoredBy" VALUES (494, 490);
INSERT INTO "TrackElement" ("id") VALUES (495);
INSERT INTO "Segment" ("id", "length") VALUES (495, 685);
UPDATE "TrackElement" SET "region" = 357 WHERE "id" = 495;
INSERT INTO "monitoredBy" VALUES (495, 490);
INSERT INTO "Sensor" ("id") VALUES (496);
UPDATE "Sensor" SET "region" = 357 WHERE "id" = 496;
INSERT INTO "monitoredBy" VALUES (459, 496);
INSERT INTO "requires" VALUES (356, 496);
INSERT INTO "TrackElement" ("id") VALUES (497);
INSERT INTO "Segment" ("id", "length") VALUES (497, 473);
UPDATE "TrackElement" SET "region" = 357 WHERE "id" = 497;
INSERT INTO "monitoredBy" VALUES (497, 496);
INSERT INTO "TrackElement" ("id") VALUES (498);
INSERT INTO "Segment" ("id", "length") VALUES (498, 514);
UPDATE "TrackElement" SET "region" = 357 WHERE "id" = 498;
INSERT INTO "monitoredBy" VALUES (498, 496);
INSERT INTO "TrackElement" ("id") VALUES (499);
INSERT INTO "Segment" ("id", "length") VALUES (499, 214);
UPDATE "TrackElement" SET "region" = 357 WHERE "id" = 499;
INSERT INTO "monitoredBy" VALUES (499, 496);
INSERT INTO "TrackElement" ("id") VALUES (500);
INSERT INTO "Segment" ("id", "length") VALUES (500, 574);
UPDATE "TrackElement" SET "region" = 357 WHERE "id" = 500;
INSERT INTO "monitoredBy" VALUES (500, 496);
INSERT INTO "TrackElement" ("id") VALUES (501);
INSERT INTO "Segment" ("id", "length") VALUES (501, 868);
UPDATE "TrackElement" SET "region" = 357 WHERE "id" = 501;
INSERT INTO "monitoredBy" VALUES (501, 496);
INSERT INTO "SwitchPosition" ("id", "position", "target") VALUES (502, 1, 459);
UPDATE "SwitchPosition" SET "route" = 356 WHERE "id" = 502;
INSERT INTO "TrackElement" ("id") VALUES (503);
INSERT INTO "Switch" ("id", "currentPosition") VALUES (503, 0);
UPDATE "TrackElement" SET "region" = 357 WHERE "id" = 503;
INSERT INTO "Sensor" ("id") VALUES (504);
UPDATE "Sensor" SET "region" = 357 WHERE "id" = 504;
INSERT INTO "monitoredBy" VALUES (503, 504);
INSERT INTO "requires" VALUES (356, 504);
INSERT INTO "TrackElement" ("id") VALUES (505);
INSERT INTO "Segment" ("id", "length") VALUES (505, 220);
UPDATE "TrackElement" SET "region" = 357 WHERE "id" = 505;
INSERT INTO "monitoredBy" VALUES (505, 504);
INSERT INTO "TrackElement" ("id") VALUES (506);
INSERT INTO "Segment" ("id", "length") VALUES (506, 319);
UPDATE "TrackElement" SET "region" = 357 WHERE "id" = 506;
INSERT INTO "monitoredBy" VALUES (506, 504);
INSERT INTO "TrackElement" ("id") VALUES (507);
INSERT INTO "Segment" ("id", "length") VALUES (507, 706);
UPDATE "TrackElement" SET "region" = 357 WHERE "id" = 507;
INSERT INTO "monitoredBy" VALUES (507, 504);
INSERT INTO "TrackElement" ("id") VALUES (508);
INSERT INTO "Segment" ("id", "length") VALUES (508, 35);
UPDATE "TrackElement" SET "region" = 357 WHERE "id" = 508;
INSERT INTO "monitoredBy" VALUES (508, 504);
INSERT INTO "TrackElement" ("id") VALUES (509);
INSERT INTO "Segment" ("id", "length") VALUES (509, 383);
UPDATE "TrackElement" SET "region" = 357 WHERE "id" = 509;
INSERT INTO "monitoredBy" VALUES (509, 504);
INSERT INTO "Sensor" ("id") VALUES (510);
UPDATE "Sensor" SET "region" = 357 WHERE "id" = 510;
INSERT INTO "TrackElement" ("id") VALUES (511);
INSERT INTO "Segment" ("id", "length") VALUES (511, 578);
UPDATE "TrackElement" SET "region" = 357 WHERE "id" = 511;
INSERT INTO "monitoredBy" VALUES (511, 510);
INSERT INTO "TrackElement" ("id") VALUES (512);
INSERT INTO "Segment" ("id", "length") VALUES (512, 832);
UPDATE "TrackElement" SET "region" = 357 WHERE "id" = 512;
INSERT INTO "monitoredBy" VALUES (512, 510);
INSERT INTO "TrackElement" ("id") VALUES (513);
INSERT INTO "Segment" ("id", "length") VALUES (513, 741);
UPDATE "TrackElement" SET "region" = 357 WHERE "id" = 513;
INSERT INTO "monitoredBy" VALUES (513, 510);
INSERT INTO "TrackElement" ("id") VALUES (514);
INSERT INTO "Segment" ("id", "length") VALUES (514, 343);
UPDATE "TrackElement" SET "region" = 357 WHERE "id" = 514;
INSERT INTO "monitoredBy" VALUES (514, 510);
INSERT INTO "TrackElement" ("id") VALUES (515);
INSERT INTO "Segment" ("id", "length") VALUES (515, 261);
UPDATE "TrackElement" SET "region" = 357 WHERE "id" = 515;
INSERT INTO "monitoredBy" VALUES (515, 510);
INSERT INTO "Sensor" ("id") VALUES (516);
UPDATE "Sensor" SET "region" = 357 WHERE "id" = 516;
INSERT INTO "monitoredBy" VALUES (503, 516);
INSERT INTO "requires" VALUES (356, 516);
INSERT INTO "TrackElement" ("id") VALUES (517);
INSERT INTO "Segment" ("id", "length") VALUES (517, 19);
UPDATE "TrackElement" SET "region" = 357 WHERE "id" = 517;
INSERT INTO "monitoredBy" VALUES (517, 516);
INSERT INTO "TrackElement" ("id") VALUES (518);
INSERT INTO "Segment" ("id", "length") VALUES (518, 923);
UPDATE "TrackElement" SET "region" = 357 WHERE "id" = 518;
INSERT INTO "monitoredBy" VALUES (518, 516);
INSERT INTO "TrackElement" ("id") VALUES (519);
INSERT INTO "Segment" ("id", "length") VALUES (519, 848);
UPDATE "TrackElement" SET "region" = 357 WHERE "id" = 519;
INSERT INTO "monitoredBy" VALUES (519, 516);
INSERT INTO "TrackElement" ("id") VALUES (520);
INSERT INTO "Segment" ("id", "length") VALUES (520, 808);
UPDATE "TrackElement" SET "region" = 357 WHERE "id" = 520;
INSERT INTO "monitoredBy" VALUES (520, 516);
INSERT INTO "TrackElement" ("id") VALUES (521);
INSERT INTO "Segment" ("id", "length") VALUES (521, 77);
UPDATE "TrackElement" SET "region" = 357 WHERE "id" = 521;
INSERT INTO "monitoredBy" VALUES (521, 516);
INSERT INTO "Sensor" ("id") VALUES (522);
UPDATE "Sensor" SET "region" = 357 WHERE "id" = 522;
INSERT INTO "monitoredBy" VALUES (503, 522);
INSERT INTO "requires" VALUES (356, 522);
INSERT INTO "TrackElement" ("id") VALUES (523);
INSERT INTO "Segment" ("id", "length") VALUES (523, 823);
UPDATE "TrackElement" SET "region" = 357 WHERE "id" = 523;
INSERT INTO "monitoredBy" VALUES (523, 522);
INSERT INTO "TrackElement" ("id") VALUES (524);
INSERT INTO "Segment" ("id", "length") VALUES (524, 588);
UPDATE "TrackElement" SET "region" = 357 WHERE "id" = 524;
INSERT INTO "monitoredBy" VALUES (524, 522);
INSERT INTO "TrackElement" ("id") VALUES (525);
INSERT INTO "Segment" ("id", "length") VALUES (525, 286);
UPDATE "TrackElement" SET "region" = 357 WHERE "id" = 525;
INSERT INTO "monitoredBy" VALUES (525, 522);
INSERT INTO "TrackElement" ("id") VALUES (526);
INSERT INTO "Segment" ("id", "length") VALUES (526, -902);
UPDATE "TrackElement" SET "region" = 357 WHERE "id" = 526;
INSERT INTO "monitoredBy" VALUES (526, 522);
INSERT INTO "TrackElement" ("id") VALUES (527);
INSERT INTO "Segment" ("id", "length") VALUES (527, 868);
UPDATE "TrackElement" SET "region" = 357 WHERE "id" = 527;
INSERT INTO "monitoredBy" VALUES (527, 522);
INSERT INTO "Sensor" ("id") VALUES (528);
UPDATE "Sensor" SET "region" = 357 WHERE "id" = 528;
INSERT INTO "monitoredBy" VALUES (503, 528);
INSERT INTO "requires" VALUES (356, 528);
INSERT INTO "TrackElement" ("id") VALUES (529);
INSERT INTO "Segment" ("id", "length") VALUES (529, 461);
UPDATE "TrackElement" SET "region" = 357 WHERE "id" = 529;
INSERT INTO "monitoredBy" VALUES (529, 528);
INSERT INTO "TrackElement" ("id") VALUES (530);
INSERT INTO "Segment" ("id", "length") VALUES (530, 997);
UPDATE "TrackElement" SET "region" = 357 WHERE "id" = 530;
INSERT INTO "monitoredBy" VALUES (530, 528);
INSERT INTO "TrackElement" ("id") VALUES (531);
INSERT INTO "Segment" ("id", "length") VALUES (531, 25);
UPDATE "TrackElement" SET "region" = 357 WHERE "id" = 531;
INSERT INTO "monitoredBy" VALUES (531, 528);
INSERT INTO "TrackElement" ("id") VALUES (532);
INSERT INTO "Segment" ("id", "length") VALUES (532, 735);
UPDATE "TrackElement" SET "region" = 357 WHERE "id" = 532;
INSERT INTO "monitoredBy" VALUES (532, 528);
INSERT INTO "TrackElement" ("id") VALUES (533);
INSERT INTO "Segment" ("id", "length") VALUES (533, 665);
UPDATE "TrackElement" SET "region" = 357 WHERE "id" = 533;
INSERT INTO "monitoredBy" VALUES (533, 528);
INSERT INTO "Sensor" ("id") VALUES (534);
UPDATE "Sensor" SET "region" = 357 WHERE "id" = 534;
INSERT INTO "monitoredBy" VALUES (503, 534);
INSERT INTO "requires" VALUES (356, 534);
INSERT INTO "TrackElement" ("id") VALUES (535);
INSERT INTO "Segment" ("id", "length") VALUES (535, 727);
UPDATE "TrackElement" SET "region" = 357 WHERE "id" = 535;
INSERT INTO "monitoredBy" VALUES (535, 534);
INSERT INTO "TrackElement" ("id") VALUES (536);
INSERT INTO "Segment" ("id", "length") VALUES (536, 77);
UPDATE "TrackElement" SET "region" = 357 WHERE "id" = 536;
INSERT INTO "monitoredBy" VALUES (536, 534);
INSERT INTO "TrackElement" ("id") VALUES (537);
INSERT INTO "Segment" ("id", "length") VALUES (537, 84);
UPDATE "TrackElement" SET "region" = 357 WHERE "id" = 537;
INSERT INTO "monitoredBy" VALUES (537, 534);
INSERT INTO "TrackElement" ("id") VALUES (538);
INSERT INTO "Segment" ("id", "length") VALUES (538, 11);
UPDATE "TrackElement" SET "region" = 357 WHERE "id" = 538;
INSERT INTO "monitoredBy" VALUES (538, 534);
INSERT INTO "TrackElement" ("id") VALUES (539);
INSERT INTO "Segment" ("id", "length") VALUES (539, 417);
UPDATE "TrackElement" SET "region" = 357 WHERE "id" = 539;
INSERT INTO "monitoredBy" VALUES (539, 534);
INSERT INTO "Sensor" ("id") VALUES (540);
UPDATE "Sensor" SET "region" = 357 WHERE "id" = 540;
INSERT INTO "monitoredBy" VALUES (503, 540);
INSERT INTO "requires" VALUES (356, 540);
INSERT INTO "TrackElement" ("id") VALUES (541);
INSERT INTO "Segment" ("id", "length") VALUES (541, 573);
UPDATE "TrackElement" SET "region" = 357 WHERE "id" = 541;
INSERT INTO "monitoredBy" VALUES (541, 540);
INSERT INTO "TrackElement" ("id") VALUES (542);
INSERT INTO "Segment" ("id", "length") VALUES (542, 447);
UPDATE "TrackElement" SET "region" = 357 WHERE "id" = 542;
INSERT INTO "monitoredBy" VALUES (542, 540);
INSERT INTO "TrackElement" ("id") VALUES (543);
INSERT INTO "Segment" ("id", "length") VALUES (543, 340);
UPDATE "TrackElement" SET "region" = 357 WHERE "id" = 543;
INSERT INTO "monitoredBy" VALUES (543, 540);
INSERT INTO "TrackElement" ("id") VALUES (544);
INSERT INTO "Segment" ("id", "length") VALUES (544, 748);
UPDATE "TrackElement" SET "region" = 357 WHERE "id" = 544;
INSERT INTO "monitoredBy" VALUES (544, 540);
INSERT INTO "TrackElement" ("id") VALUES (545);
INSERT INTO "Segment" ("id", "length") VALUES (545, 135);
UPDATE "TrackElement" SET "region" = 357 WHERE "id" = 545;
INSERT INTO "monitoredBy" VALUES (545, 540);
INSERT INTO "SwitchPosition" ("id", "position", "target") VALUES (546, 0, 503);
UPDATE "SwitchPosition" SET "route" = 356 WHERE "id" = 546;
INSERT INTO "TrackElement" ("id") VALUES (547);
INSERT INTO "Switch" ("id", "currentPosition") VALUES (547, 2);
UPDATE "TrackElement" SET "region" = 357 WHERE "id" = 547;
INSERT INTO "Sensor" ("id") VALUES (548);
UPDATE "Sensor" SET "region" = 357 WHERE "id" = 548;
INSERT INTO "monitoredBy" VALUES (547, 548);
INSERT INTO "requires" VALUES (356, 548);
INSERT INTO "TrackElement" ("id") VALUES (549);
INSERT INTO "Segment" ("id", "length") VALUES (549, 452);
UPDATE "TrackElement" SET "region" = 357 WHERE "id" = 549;
INSERT INTO "monitoredBy" VALUES (549, 548);
INSERT INTO "TrackElement" ("id") VALUES (550);
INSERT INTO "Segment" ("id", "length") VALUES (550, 887);
UPDATE "TrackElement" SET "region" = 357 WHERE "id" = 550;
INSERT INTO "monitoredBy" VALUES (550, 548);
INSERT INTO "TrackElement" ("id") VALUES (551);
INSERT INTO "Segment" ("id", "length") VALUES (551, 461);
UPDATE "TrackElement" SET "region" = 357 WHERE "id" = 551;
INSERT INTO "monitoredBy" VALUES (551, 548);
INSERT INTO "TrackElement" ("id") VALUES (552);
INSERT INTO "Segment" ("id", "length") VALUES (552, 183);
UPDATE "TrackElement" SET "region" = 357 WHERE "id" = 552;
INSERT INTO "monitoredBy" VALUES (552, 548);
INSERT INTO "TrackElement" ("id") VALUES (553);
INSERT INTO "Segment" ("id", "length") VALUES (553, -816);
UPDATE "TrackElement" SET "region" = 357 WHERE "id" = 553;
INSERT INTO "monitoredBy" VALUES (553, 548);
INSERT INTO "Sensor" ("id") VALUES (554);
UPDATE "Sensor" SET "region" = 357 WHERE "id" = 554;
INSERT INTO "monitoredBy" VALUES (547, 554);
INSERT INTO "requires" VALUES (356, 554);
INSERT INTO "TrackElement" ("id") VALUES (555);
INSERT INTO "Segment" ("id", "length") VALUES (555, 852);
UPDATE "TrackElement" SET "region" = 357 WHERE "id" = 555;
INSERT INTO "monitoredBy" VALUES (555, 554);
INSERT INTO "TrackElement" ("id") VALUES (556);
INSERT INTO "Segment" ("id", "length") VALUES (556, 364);
UPDATE "TrackElement" SET "region" = 357 WHERE "id" = 556;
INSERT INTO "monitoredBy" VALUES (556, 554);
INSERT INTO "TrackElement" ("id") VALUES (557);
INSERT INTO "Segment" ("id", "length") VALUES (557, 525);
UPDATE "TrackElement" SET "region" = 357 WHERE "id" = 557;
INSERT INTO "monitoredBy" VALUES (557, 554);
INSERT INTO "TrackElement" ("id") VALUES (558);
INSERT INTO "Segment" ("id", "length") VALUES (558, 615);
UPDATE "TrackElement" SET "region" = 357 WHERE "id" = 558;
INSERT INTO "monitoredBy" VALUES (558, 554);
INSERT INTO "TrackElement" ("id") VALUES (559);
INSERT INTO "Segment" ("id", "length") VALUES (559, 721);
UPDATE "TrackElement" SET "region" = 357 WHERE "id" = 559;
INSERT INTO "monitoredBy" VALUES (559, 554);
INSERT INTO "SwitchPosition" ("id", "position", "target") VALUES (560, 2, 547);
UPDATE "SwitchPosition" SET "route" = 356 WHERE "id" = 560;
INSERT INTO "TrackElement" ("id") VALUES (561);
INSERT INTO "Switch" ("id", "currentPosition") VALUES (561, 0);
UPDATE "TrackElement" SET "region" = 357 WHERE "id" = 561;
INSERT INTO "Sensor" ("id") VALUES (562);
UPDATE "Sensor" SET "region" = 357 WHERE "id" = 562;
INSERT INTO "monitoredBy" VALUES (561, 562);
INSERT INTO "requires" VALUES (356, 562);
INSERT INTO "TrackElement" ("id") VALUES (563);
INSERT INTO "Segment" ("id", "length") VALUES (563, 303);
UPDATE "TrackElement" SET "region" = 357 WHERE "id" = 563;
INSERT INTO "monitoredBy" VALUES (563, 562);
INSERT INTO "TrackElement" ("id") VALUES (564);
INSERT INTO "Segment" ("id", "length") VALUES (564, 77);
UPDATE "TrackElement" SET "region" = 357 WHERE "id" = 564;
INSERT INTO "monitoredBy" VALUES (564, 562);
INSERT INTO "TrackElement" ("id") VALUES (565);
INSERT INTO "Segment" ("id", "length") VALUES (565, 710);
UPDATE "TrackElement" SET "region" = 357 WHERE "id" = 565;
INSERT INTO "monitoredBy" VALUES (565, 562);
INSERT INTO "TrackElement" ("id") VALUES (566);
INSERT INTO "Segment" ("id", "length") VALUES (566, 845);
UPDATE "TrackElement" SET "region" = 357 WHERE "id" = 566;
INSERT INTO "monitoredBy" VALUES (566, 562);
INSERT INTO "TrackElement" ("id") VALUES (567);
INSERT INTO "Segment" ("id", "length") VALUES (567, 835);
UPDATE "TrackElement" SET "region" = 357 WHERE "id" = 567;
INSERT INTO "monitoredBy" VALUES (567, 562);
INSERT INTO "SwitchPosition" ("id", "position", "target") VALUES (568, 0, 561);
UPDATE "SwitchPosition" SET "route" = 356 WHERE "id" = 568;
INSERT INTO "TrackElement" ("id") VALUES (569);
INSERT INTO "Switch" ("id", "currentPosition") VALUES (569, 2);
UPDATE "TrackElement" SET "region" = 357 WHERE "id" = 569;
INSERT INTO "Sensor" ("id") VALUES (570);
UPDATE "Sensor" SET "region" = 357 WHERE "id" = 570;
INSERT INTO "monitoredBy" VALUES (569, 570);
INSERT INTO "requires" VALUES (356, 570);
INSERT INTO "TrackElement" ("id") VALUES (571);
INSERT INTO "Segment" ("id", "length") VALUES (571, 595);
UPDATE "TrackElement" SET "region" = 357 WHERE "id" = 571;
INSERT INTO "monitoredBy" VALUES (571, 570);
INSERT INTO "TrackElement" ("id") VALUES (572);
INSERT INTO "Segment" ("id", "length") VALUES (572, 714);
UPDATE "TrackElement" SET "region" = 357 WHERE "id" = 572;
INSERT INTO "monitoredBy" VALUES (572, 570);
INSERT INTO "TrackElement" ("id") VALUES (573);
INSERT INTO "Segment" ("id", "length") VALUES (573, 210);
UPDATE "TrackElement" SET "region" = 357 WHERE "id" = 573;
INSERT INTO "monitoredBy" VALUES (573, 570);
INSERT INTO "TrackElement" ("id") VALUES (574);
INSERT INTO "Segment" ("id", "length") VALUES (574, 630);
UPDATE "TrackElement" SET "region" = 357 WHERE "id" = 574;
INSERT INTO "monitoredBy" VALUES (574, 570);
INSERT INTO "TrackElement" ("id") VALUES (575);
INSERT INTO "Segment" ("id", "length") VALUES (575, 61);
UPDATE "TrackElement" SET "region" = 357 WHERE "id" = 575;
INSERT INTO "monitoredBy" VALUES (575, 570);
INSERT INTO "Sensor" ("id") VALUES (576);
UPDATE "Sensor" SET "region" = 357 WHERE "id" = 576;
INSERT INTO "monitoredBy" VALUES (569, 576);
INSERT INTO "requires" VALUES (356, 576);
INSERT INTO "TrackElement" ("id") VALUES (577);
INSERT INTO "Segment" ("id", "length") VALUES (577, 730);
UPDATE "TrackElement" SET "region" = 357 WHERE "id" = 577;
INSERT INTO "monitoredBy" VALUES (577, 576);
INSERT INTO "TrackElement" ("id") VALUES (578);
INSERT INTO "Segment" ("id", "length") VALUES (578, 387);
UPDATE "TrackElement" SET "region" = 357 WHERE "id" = 578;
INSERT INTO "monitoredBy" VALUES (578, 576);
INSERT INTO "TrackElement" ("id") VALUES (579);
INSERT INTO "Segment" ("id", "length") VALUES (579, 864);
UPDATE "TrackElement" SET "region" = 357 WHERE "id" = 579;
INSERT INTO "monitoredBy" VALUES (579, 576);
INSERT INTO "TrackElement" ("id") VALUES (580);
INSERT INTO "Segment" ("id", "length") VALUES (580, 731);
UPDATE "TrackElement" SET "region" = 357 WHERE "id" = 580;
INSERT INTO "monitoredBy" VALUES (580, 576);
INSERT INTO "TrackElement" ("id") VALUES (581);
INSERT INTO "Segment" ("id", "length") VALUES (581, 761);
UPDATE "TrackElement" SET "region" = 357 WHERE "id" = 581;
INSERT INTO "monitoredBy" VALUES (581, 576);
INSERT INTO "Sensor" ("id") VALUES (582);
UPDATE "Sensor" SET "region" = 357 WHERE "id" = 582;
INSERT INTO "monitoredBy" VALUES (569, 582);
INSERT INTO "requires" VALUES (356, 582);
INSERT INTO "TrackElement" ("id") VALUES (583);
INSERT INTO "Segment" ("id", "length") VALUES (583, 647);
UPDATE "TrackElement" SET "region" = 357 WHERE "id" = 583;
INSERT INTO "monitoredBy" VALUES (583, 582);
INSERT INTO "TrackElement" ("id") VALUES (584);
INSERT INTO "Segment" ("id", "length") VALUES (584, 666);
UPDATE "TrackElement" SET "region" = 357 WHERE "id" = 584;
INSERT INTO "monitoredBy" VALUES (584, 582);
INSERT INTO "TrackElement" ("id") VALUES (585);
INSERT INTO "Segment" ("id", "length") VALUES (585, 464);
UPDATE "TrackElement" SET "region" = 357 WHERE "id" = 585;
INSERT INTO "monitoredBy" VALUES (585, 582);
INSERT INTO "TrackElement" ("id") VALUES (586);
INSERT INTO "Segment" ("id", "length") VALUES (586, 375);
UPDATE "TrackElement" SET "region" = 357 WHERE "id" = 586;
INSERT INTO "monitoredBy" VALUES (586, 582);
INSERT INTO "TrackElement" ("id") VALUES (587);
INSERT INTO "Segment" ("id", "length") VALUES (587, 825);
UPDATE "TrackElement" SET "region" = 357 WHERE "id" = 587;
INSERT INTO "monitoredBy" VALUES (587, 582);
INSERT INTO "Sensor" ("id") VALUES (588);
UPDATE "Sensor" SET "region" = 357 WHERE "id" = 588;
INSERT INTO "monitoredBy" VALUES (569, 588);
INSERT INTO "requires" VALUES (356, 588);
INSERT INTO "TrackElement" ("id") VALUES (589);
INSERT INTO "Segment" ("id", "length") VALUES (589, 284);
UPDATE "TrackElement" SET "region" = 357 WHERE "id" = 589;
INSERT INTO "monitoredBy" VALUES (589, 588);
INSERT INTO "TrackElement" ("id") VALUES (590);
INSERT INTO "Segment" ("id", "length") VALUES (590, 236);
UPDATE "TrackElement" SET "region" = 357 WHERE "id" = 590;
INSERT INTO "monitoredBy" VALUES (590, 588);
INSERT INTO "TrackElement" ("id") VALUES (591);
INSERT INTO "Segment" ("id", "length") VALUES (591, 420);
UPDATE "TrackElement" SET "region" = 357 WHERE "id" = 591;
INSERT INTO "monitoredBy" VALUES (591, 588);
INSERT INTO "TrackElement" ("id") VALUES (592);
INSERT INTO "Segment" ("id", "length") VALUES (592, 855);
UPDATE "TrackElement" SET "region" = 357 WHERE "id" = 592;
INSERT INTO "monitoredBy" VALUES (592, 588);
INSERT INTO "TrackElement" ("id") VALUES (593);
INSERT INTO "Segment" ("id", "length") VALUES (593, 856);
UPDATE "TrackElement" SET "region" = 357 WHERE "id" = 593;
INSERT INTO "monitoredBy" VALUES (593, 588);
INSERT INTO "Sensor" ("id") VALUES (594);
UPDATE "Sensor" SET "region" = 357 WHERE "id" = 594;
INSERT INTO "monitoredBy" VALUES (569, 594);
INSERT INTO "requires" VALUES (356, 594);
INSERT INTO "TrackElement" ("id") VALUES (595);
INSERT INTO "Segment" ("id", "length") VALUES (595, 212);
UPDATE "TrackElement" SET "region" = 357 WHERE "id" = 595;
INSERT INTO "monitoredBy" VALUES (595, 594);
INSERT INTO "TrackElement" ("id") VALUES (596);
INSERT INTO "Segment" ("id", "length") VALUES (596, 78);
UPDATE "TrackElement" SET "region" = 357 WHERE "id" = 596;
INSERT INTO "monitoredBy" VALUES (596, 594);
INSERT INTO "TrackElement" ("id") VALUES (597);
INSERT INTO "Segment" ("id", "length") VALUES (597, 58);
UPDATE "TrackElement" SET "region" = 357 WHERE "id" = 597;
INSERT INTO "monitoredBy" VALUES (597, 594);
INSERT INTO "TrackElement" ("id") VALUES (598);
INSERT INTO "Segment" ("id", "length") VALUES (598, -957);
UPDATE "TrackElement" SET "region" = 357 WHERE "id" = 598;
INSERT INTO "monitoredBy" VALUES (598, 594);
INSERT INTO "TrackElement" ("id") VALUES (599);
INSERT INTO "Segment" ("id", "length") VALUES (599, 633);
UPDATE "TrackElement" SET "region" = 357 WHERE "id" = 599;
INSERT INTO "monitoredBy" VALUES (599, 594);
INSERT INTO "Sensor" ("id") VALUES (600);
UPDATE "Sensor" SET "region" = 357 WHERE "id" = 600;
INSERT INTO "monitoredBy" VALUES (569, 600);
INSERT INTO "requires" VALUES (356, 600);
INSERT INTO "TrackElement" ("id") VALUES (601);
INSERT INTO "Segment" ("id", "length") VALUES (601, 379);
UPDATE "TrackElement" SET "region" = 357 WHERE "id" = 601;
INSERT INTO "monitoredBy" VALUES (601, 600);
INSERT INTO "TrackElement" ("id") VALUES (602);
INSERT INTO "Segment" ("id", "length") VALUES (602, 830);
UPDATE "TrackElement" SET "region" = 357 WHERE "id" = 602;
INSERT INTO "monitoredBy" VALUES (602, 600);
INSERT INTO "TrackElement" ("id") VALUES (603);
INSERT INTO "Segment" ("id", "length") VALUES (603, 40);
UPDATE "TrackElement" SET "region" = 357 WHERE "id" = 603;
INSERT INTO "monitoredBy" VALUES (603, 600);
INSERT INTO "TrackElement" ("id") VALUES (604);
INSERT INTO "Segment" ("id", "length") VALUES (604, 534);
UPDATE "TrackElement" SET "region" = 357 WHERE "id" = 604;
INSERT INTO "monitoredBy" VALUES (604, 600);
INSERT INTO "TrackElement" ("id") VALUES (605);
INSERT INTO "Segment" ("id", "length") VALUES (605, 945);
UPDATE "TrackElement" SET "region" = 357 WHERE "id" = 605;
INSERT INTO "monitoredBy" VALUES (605, 600);
INSERT INTO "Sensor" ("id") VALUES (606);
UPDATE "Sensor" SET "region" = 357 WHERE "id" = 606;
INSERT INTO "monitoredBy" VALUES (569, 606);
INSERT INTO "requires" VALUES (356, 606);
INSERT INTO "TrackElement" ("id") VALUES (607);
INSERT INTO "Segment" ("id", "length") VALUES (607, 923);
UPDATE "TrackElement" SET "region" = 357 WHERE "id" = 607;
INSERT INTO "monitoredBy" VALUES (607, 606);
INSERT INTO "TrackElement" ("id") VALUES (608);
INSERT INTO "Segment" ("id", "length") VALUES (608, 142);
UPDATE "TrackElement" SET "region" = 357 WHERE "id" = 608;
INSERT INTO "monitoredBy" VALUES (608, 606);
INSERT INTO "TrackElement" ("id") VALUES (609);
INSERT INTO "Segment" ("id", "length") VALUES (609, 275);
UPDATE "TrackElement" SET "region" = 357 WHERE "id" = 609;
INSERT INTO "monitoredBy" VALUES (609, 606);
INSERT INTO "TrackElement" ("id") VALUES (610);
INSERT INTO "Segment" ("id", "length") VALUES (610, 382);
UPDATE "TrackElement" SET "region" = 357 WHERE "id" = 610;
INSERT INTO "monitoredBy" VALUES (610, 606);
INSERT INTO "TrackElement" ("id") VALUES (611);
INSERT INTO "Segment" ("id", "length") VALUES (611, 557);
UPDATE "TrackElement" SET "region" = 357 WHERE "id" = 611;
INSERT INTO "monitoredBy" VALUES (611, 606);
INSERT INTO "Sensor" ("id") VALUES (612);
UPDATE "Sensor" SET "region" = 357 WHERE "id" = 612;
INSERT INTO "monitoredBy" VALUES (569, 612);
INSERT INTO "requires" VALUES (356, 612);
INSERT INTO "TrackElement" ("id") VALUES (613);
INSERT INTO "Segment" ("id", "length") VALUES (613, 745);
UPDATE "TrackElement" SET "region" = 357 WHERE "id" = 613;
INSERT INTO "monitoredBy" VALUES (613, 612);
INSERT INTO "TrackElement" ("id") VALUES (614);
INSERT INTO "Segment" ("id", "length") VALUES (614, 900);
UPDATE "TrackElement" SET "region" = 357 WHERE "id" = 614;
INSERT INTO "monitoredBy" VALUES (614, 612);
INSERT INTO "TrackElement" ("id") VALUES (615);
INSERT INTO "Segment" ("id", "length") VALUES (615, 482);
UPDATE "TrackElement" SET "region" = 357 WHERE "id" = 615;
INSERT INTO "monitoredBy" VALUES (615, 612);
INSERT INTO "TrackElement" ("id") VALUES (616);
INSERT INTO "Segment" ("id", "length") VALUES (616, 758);
UPDATE "TrackElement" SET "region" = 357 WHERE "id" = 616;
INSERT INTO "monitoredBy" VALUES (616, 612);
INSERT INTO "TrackElement" ("id") VALUES (617);
INSERT INTO "Segment" ("id", "length") VALUES (617, 723);
UPDATE "TrackElement" SET "region" = 357 WHERE "id" = 617;
INSERT INTO "monitoredBy" VALUES (617, 612);
INSERT INTO "Sensor" ("id") VALUES (618);
UPDATE "Sensor" SET "region" = 357 WHERE "id" = 618;
INSERT INTO "monitoredBy" VALUES (569, 618);
INSERT INTO "requires" VALUES (356, 618);
INSERT INTO "TrackElement" ("id") VALUES (619);
INSERT INTO "Segment" ("id", "length") VALUES (619, 575);
UPDATE "TrackElement" SET "region" = 357 WHERE "id" = 619;
INSERT INTO "monitoredBy" VALUES (619, 618);
INSERT INTO "TrackElement" ("id") VALUES (620);
INSERT INTO "Segment" ("id", "length") VALUES (620, 131);
UPDATE "TrackElement" SET "region" = 357 WHERE "id" = 620;
INSERT INTO "monitoredBy" VALUES (620, 618);
INSERT INTO "TrackElement" ("id") VALUES (621);
INSERT INTO "Segment" ("id", "length") VALUES (621, 211);
UPDATE "TrackElement" SET "region" = 357 WHERE "id" = 621;
INSERT INTO "monitoredBy" VALUES (621, 618);
INSERT INTO "TrackElement" ("id") VALUES (622);
INSERT INTO "Segment" ("id", "length") VALUES (622, 911);
UPDATE "TrackElement" SET "region" = 357 WHERE "id" = 622;
INSERT INTO "monitoredBy" VALUES (622, 618);
INSERT INTO "TrackElement" ("id") VALUES (623);
INSERT INTO "Segment" ("id", "length") VALUES (623, 452);
UPDATE "TrackElement" SET "region" = 357 WHERE "id" = 623;
INSERT INTO "monitoredBy" VALUES (623, 618);
INSERT INTO "TrackElement" ("id") VALUES (624);
INSERT INTO "Segment" ("id", "length") VALUES (624, 248);
UPDATE "TrackElement" SET "region" = 357 WHERE "id" = 624;
INSERT INTO "monitoredBy" VALUES (624, 618);
INSERT INTO "SwitchPosition" ("id", "position", "target") VALUES (625, 2, 569);
UPDATE "SwitchPosition" SET "route" = 356 WHERE "id" = 625;
INSERT INTO "TrackElement" ("id") VALUES (626);
INSERT INTO "Switch" ("id", "currentPosition") VALUES (626, 0);
UPDATE "TrackElement" SET "region" = 357 WHERE "id" = 626;
INSERT INTO "Sensor" ("id") VALUES (627);
UPDATE "Sensor" SET "region" = 357 WHERE "id" = 627;
INSERT INTO "monitoredBy" VALUES (626, 627);
INSERT INTO "requires" VALUES (356, 627);
INSERT INTO "TrackElement" ("id") VALUES (628);
INSERT INTO "Segment" ("id", "length") VALUES (628, 192);
UPDATE "TrackElement" SET "region" = 357 WHERE "id" = 628;
INSERT INTO "monitoredBy" VALUES (628, 627);
INSERT INTO "TrackElement" ("id") VALUES (629);
INSERT INTO "Segment" ("id", "length") VALUES (629, 759);
UPDATE "TrackElement" SET "region" = 357 WHERE "id" = 629;
INSERT INTO "monitoredBy" VALUES (629, 627);
INSERT INTO "TrackElement" ("id") VALUES (630);
INSERT INTO "Segment" ("id", "length") VALUES (630, 180);
UPDATE "TrackElement" SET "region" = 357 WHERE "id" = 630;
INSERT INTO "monitoredBy" VALUES (630, 627);
INSERT INTO "TrackElement" ("id") VALUES (631);
INSERT INTO "Segment" ("id", "length") VALUES (631, 504);
UPDATE "TrackElement" SET "region" = 357 WHERE "id" = 631;
INSERT INTO "monitoredBy" VALUES (631, 627);
INSERT INTO "TrackElement" ("id") VALUES (632);
INSERT INTO "Segment" ("id", "length") VALUES (632, 471);
UPDATE "TrackElement" SET "region" = 357 WHERE "id" = 632;
INSERT INTO "monitoredBy" VALUES (632, 627);
INSERT INTO "Sensor" ("id") VALUES (633);
UPDATE "Sensor" SET "region" = 357 WHERE "id" = 633;
INSERT INTO "monitoredBy" VALUES (626, 633);
INSERT INTO "requires" VALUES (356, 633);
INSERT INTO "TrackElement" ("id") VALUES (634);
INSERT INTO "Segment" ("id", "length") VALUES (634, 762);
UPDATE "TrackElement" SET "region" = 357 WHERE "id" = 634;
INSERT INTO "monitoredBy" VALUES (634, 633);
INSERT INTO "TrackElement" ("id") VALUES (635);
INSERT INTO "Segment" ("id", "length") VALUES (635, 364);
UPDATE "TrackElement" SET "region" = 357 WHERE "id" = 635;
INSERT INTO "monitoredBy" VALUES (635, 633);
INSERT INTO "TrackElement" ("id") VALUES (636);
INSERT INTO "Segment" ("id", "length") VALUES (636, 566);
UPDATE "TrackElement" SET "region" = 357 WHERE "id" = 636;
INSERT INTO "monitoredBy" VALUES (636, 633);
INSERT INTO "TrackElement" ("id") VALUES (637);
INSERT INTO "Segment" ("id", "length") VALUES (637, 367);
UPDATE "TrackElement" SET "region" = 357 WHERE "id" = 637;
INSERT INTO "monitoredBy" VALUES (637, 633);
INSERT INTO "TrackElement" ("id") VALUES (638);
INSERT INTO "Segment" ("id", "length") VALUES (638, 685);
UPDATE "TrackElement" SET "region" = 357 WHERE "id" = 638;
INSERT INTO "monitoredBy" VALUES (638, 633);
INSERT INTO "Sensor" ("id") VALUES (639);
UPDATE "Sensor" SET "region" = 357 WHERE "id" = 639;
INSERT INTO "monitoredBy" VALUES (626, 639);
INSERT INTO "requires" VALUES (356, 639);
INSERT INTO "TrackElement" ("id") VALUES (640);
INSERT INTO "Segment" ("id", "length") VALUES (640, 461);
UPDATE "TrackElement" SET "region" = 357 WHERE "id" = 640;
INSERT INTO "monitoredBy" VALUES (640, 639);
INSERT INTO "TrackElement" ("id") VALUES (641);
INSERT INTO "Segment" ("id", "length") VALUES (641, 883);
UPDATE "TrackElement" SET "region" = 357 WHERE "id" = 641;
INSERT INTO "monitoredBy" VALUES (641, 639);
INSERT INTO "TrackElement" ("id") VALUES (642);
INSERT INTO "Segment" ("id", "length") VALUES (642, 255);
UPDATE "TrackElement" SET "region" = 357 WHERE "id" = 642;
INSERT INTO "monitoredBy" VALUES (642, 639);
INSERT INTO "TrackElement" ("id") VALUES (643);
INSERT INTO "Segment" ("id", "length") VALUES (643, -263);
UPDATE "TrackElement" SET "region" = 357 WHERE "id" = 643;
INSERT INTO "monitoredBy" VALUES (643, 639);
INSERT INTO "TrackElement" ("id") VALUES (644);
INSERT INTO "Segment" ("id", "length") VALUES (644, 926);
UPDATE "TrackElement" SET "region" = 357 WHERE "id" = 644;
INSERT INTO "monitoredBy" VALUES (644, 639);
INSERT INTO "Sensor" ("id") VALUES (645);
UPDATE "Sensor" SET "region" = 357 WHERE "id" = 645;
INSERT INTO "monitoredBy" VALUES (626, 645);
INSERT INTO "requires" VALUES (356, 645);
INSERT INTO "TrackElement" ("id") VALUES (646);
INSERT INTO "Segment" ("id", "length") VALUES (646, 608);
UPDATE "TrackElement" SET "region" = 357 WHERE "id" = 646;
INSERT INTO "monitoredBy" VALUES (646, 645);
INSERT INTO "TrackElement" ("id") VALUES (647);
INSERT INTO "Segment" ("id", "length") VALUES (647, 104);
UPDATE "TrackElement" SET "region" = 357 WHERE "id" = 647;
INSERT INTO "monitoredBy" VALUES (647, 645);
INSERT INTO "TrackElement" ("id") VALUES (648);
INSERT INTO "Segment" ("id", "length") VALUES (648, 763);
UPDATE "TrackElement" SET "region" = 357 WHERE "id" = 648;
INSERT INTO "monitoredBy" VALUES (648, 645);
INSERT INTO "TrackElement" ("id") VALUES (649);
INSERT INTO "Segment" ("id", "length") VALUES (649, 99);
UPDATE "TrackElement" SET "region" = 357 WHERE "id" = 649;
INSERT INTO "monitoredBy" VALUES (649, 645);
INSERT INTO "TrackElement" ("id") VALUES (650);
INSERT INTO "Segment" ("id", "length") VALUES (650, 929);
UPDATE "TrackElement" SET "region" = 357 WHERE "id" = 650;
INSERT INTO "monitoredBy" VALUES (650, 645);
INSERT INTO "Sensor" ("id") VALUES (651);
UPDATE "Sensor" SET "region" = 357 WHERE "id" = 651;
INSERT INTO "monitoredBy" VALUES (626, 651);
INSERT INTO "requires" VALUES (356, 651);
INSERT INTO "TrackElement" ("id") VALUES (652);
INSERT INTO "Segment" ("id", "length") VALUES (652, 55);
UPDATE "TrackElement" SET "region" = 357 WHERE "id" = 652;
INSERT INTO "monitoredBy" VALUES (652, 651);
INSERT INTO "TrackElement" ("id") VALUES (653);
INSERT INTO "Segment" ("id", "length") VALUES (653, 317);
UPDATE "TrackElement" SET "region" = 357 WHERE "id" = 653;
INSERT INTO "monitoredBy" VALUES (653, 651);
INSERT INTO "TrackElement" ("id") VALUES (654);
INSERT INTO "Segment" ("id", "length") VALUES (654, 813);
UPDATE "TrackElement" SET "region" = 357 WHERE "id" = 654;
INSERT INTO "monitoredBy" VALUES (654, 651);
INSERT INTO "TrackElement" ("id") VALUES (655);
INSERT INTO "Segment" ("id", "length") VALUES (655, 914);
UPDATE "TrackElement" SET "region" = 357 WHERE "id" = 655;
INSERT INTO "monitoredBy" VALUES (655, 651);
INSERT INTO "TrackElement" ("id") VALUES (656);
INSERT INTO "Segment" ("id", "length") VALUES (656, 258);
UPDATE "TrackElement" SET "region" = 357 WHERE "id" = 656;
INSERT INTO "monitoredBy" VALUES (656, 651);
INSERT INTO "Sensor" ("id") VALUES (657);
UPDATE "Sensor" SET "region" = 357 WHERE "id" = 657;
INSERT INTO "monitoredBy" VALUES (626, 657);
INSERT INTO "requires" VALUES (356, 657);
INSERT INTO "TrackElement" ("id") VALUES (658);
INSERT INTO "Segment" ("id", "length") VALUES (658, 232);
UPDATE "TrackElement" SET "region" = 357 WHERE "id" = 658;
INSERT INTO "monitoredBy" VALUES (658, 657);
INSERT INTO "TrackElement" ("id") VALUES (659);
INSERT INTO "Segment" ("id", "length") VALUES (659, 404);
UPDATE "TrackElement" SET "region" = 357 WHERE "id" = 659;
INSERT INTO "monitoredBy" VALUES (659, 657);
INSERT INTO "TrackElement" ("id") VALUES (660);
INSERT INTO "Segment" ("id", "length") VALUES (660, 280);
UPDATE "TrackElement" SET "region" = 357 WHERE "id" = 660;
INSERT INTO "monitoredBy" VALUES (660, 657);
INSERT INTO "TrackElement" ("id") VALUES (661);
INSERT INTO "Segment" ("id", "length") VALUES (661, 927);
UPDATE "TrackElement" SET "region" = 357 WHERE "id" = 661;
INSERT INTO "monitoredBy" VALUES (661, 657);
INSERT INTO "TrackElement" ("id") VALUES (662);
INSERT INTO "Segment" ("id", "length") VALUES (662, 265);
UPDATE "TrackElement" SET "region" = 357 WHERE "id" = 662;
INSERT INTO "monitoredBy" VALUES (662, 657);
INSERT INTO "Sensor" ("id") VALUES (663);
UPDATE "Sensor" SET "region" = 357 WHERE "id" = 663;
INSERT INTO "monitoredBy" VALUES (626, 663);
INSERT INTO "requires" VALUES (356, 663);
INSERT INTO "TrackElement" ("id") VALUES (664);
INSERT INTO "Segment" ("id", "length") VALUES (664, 324);
UPDATE "TrackElement" SET "region" = 357 WHERE "id" = 664;
INSERT INTO "monitoredBy" VALUES (664, 663);
INSERT INTO "TrackElement" ("id") VALUES (665);
INSERT INTO "Segment" ("id", "length") VALUES (665, 15);
UPDATE "TrackElement" SET "region" = 357 WHERE "id" = 665;
INSERT INTO "monitoredBy" VALUES (665, 663);
INSERT INTO "TrackElement" ("id") VALUES (666);
INSERT INTO "Segment" ("id", "length") VALUES (666, 309);
UPDATE "TrackElement" SET "region" = 357 WHERE "id" = 666;
INSERT INTO "monitoredBy" VALUES (666, 663);
INSERT INTO "TrackElement" ("id") VALUES (667);
INSERT INTO "Segment" ("id", "length") VALUES (667, 596);
UPDATE "TrackElement" SET "region" = 357 WHERE "id" = 667;
INSERT INTO "monitoredBy" VALUES (667, 663);
INSERT INTO "TrackElement" ("id") VALUES (668);
INSERT INTO "Segment" ("id", "length") VALUES (668, 584);
UPDATE "TrackElement" SET "region" = 357 WHERE "id" = 668;
INSERT INTO "monitoredBy" VALUES (668, 663);
INSERT INTO "TrackElement" ("id") VALUES (669);
INSERT INTO "Segment" ("id", "length") VALUES (669, 887);
UPDATE "TrackElement" SET "region" = 357 WHERE "id" = 669;
INSERT INTO "monitoredBy" VALUES (669, 663);
INSERT INTO "Sensor" ("id") VALUES (670);
UPDATE "Sensor" SET "region" = 357 WHERE "id" = 670;
INSERT INTO "monitoredBy" VALUES (626, 670);
INSERT INTO "requires" VALUES (356, 670);
INSERT INTO "TrackElement" ("id") VALUES (671);
INSERT INTO "Segment" ("id", "length") VALUES (671, 380);
UPDATE "TrackElement" SET "region" = 357 WHERE "id" = 671;
INSERT INTO "monitoredBy" VALUES (671, 670);
INSERT INTO "TrackElement" ("id") VALUES (672);
INSERT INTO "Segment" ("id", "length") VALUES (672, 625);
UPDATE "TrackElement" SET "region" = 357 WHERE "id" = 672;
INSERT INTO "monitoredBy" VALUES (672, 670);
INSERT INTO "TrackElement" ("id") VALUES (673);
INSERT INTO "Segment" ("id", "length") VALUES (673, 883);
UPDATE "TrackElement" SET "region" = 357 WHERE "id" = 673;
INSERT INTO "monitoredBy" VALUES (673, 670);
INSERT INTO "TrackElement" ("id") VALUES (674);
INSERT INTO "Segment" ("id", "length") VALUES (674, 378);
UPDATE "TrackElement" SET "region" = 357 WHERE "id" = 674;
INSERT INTO "monitoredBy" VALUES (674, 670);
INSERT INTO "TrackElement" ("id") VALUES (675);
INSERT INTO "Segment" ("id", "length") VALUES (675, 805);
UPDATE "TrackElement" SET "region" = 357 WHERE "id" = 675;
INSERT INTO "monitoredBy" VALUES (675, 670);
INSERT INTO "SwitchPosition" ("id", "position", "target") VALUES (676, 0, 626);
UPDATE "SwitchPosition" SET "route" = 356 WHERE "id" = 676;
INSERT INTO "TrackElement" ("id") VALUES (677);
INSERT INTO "Switch" ("id", "currentPosition") VALUES (677, 0);
UPDATE "TrackElement" SET "region" = 357 WHERE "id" = 677;
INSERT INTO "Sensor" ("id") VALUES (678);
UPDATE "Sensor" SET "region" = 357 WHERE "id" = 678;
INSERT INTO "monitoredBy" VALUES (677, 678);
INSERT INTO "requires" VALUES (356, 678);
INSERT INTO "TrackElement" ("id") VALUES (679);
INSERT INTO "Segment" ("id", "length") VALUES (679, 562);
UPDATE "TrackElement" SET "region" = 357 WHERE "id" = 679;
INSERT INTO "monitoredBy" VALUES (679, 678);
INSERT INTO "TrackElement" ("id") VALUES (680);
INSERT INTO "Segment" ("id", "length") VALUES (680, 488);
UPDATE "TrackElement" SET "region" = 357 WHERE "id" = 680;
INSERT INTO "monitoredBy" VALUES (680, 678);
INSERT INTO "TrackElement" ("id") VALUES (681);
INSERT INTO "Segment" ("id", "length") VALUES (681, 152);
UPDATE "TrackElement" SET "region" = 357 WHERE "id" = 681;
INSERT INTO "monitoredBy" VALUES (681, 678);
INSERT INTO "TrackElement" ("id") VALUES (682);
INSERT INTO "Segment" ("id", "length") VALUES (682, 438);
UPDATE "TrackElement" SET "region" = 357 WHERE "id" = 682;
INSERT INTO "monitoredBy" VALUES (682, 678);
INSERT INTO "TrackElement" ("id") VALUES (683);
INSERT INTO "Segment" ("id", "length") VALUES (683, 362);
UPDATE "TrackElement" SET "region" = 357 WHERE "id" = 683;
INSERT INTO "monitoredBy" VALUES (683, 678);
INSERT INTO "Sensor" ("id") VALUES (684);
UPDATE "Sensor" SET "region" = 357 WHERE "id" = 684;
INSERT INTO "monitoredBy" VALUES (677, 684);
INSERT INTO "requires" VALUES (356, 684);
INSERT INTO "TrackElement" ("id") VALUES (685);
INSERT INTO "Segment" ("id", "length") VALUES (685, 970);
UPDATE "TrackElement" SET "region" = 357 WHERE "id" = 685;
INSERT INTO "monitoredBy" VALUES (685, 684);
INSERT INTO "TrackElement" ("id") VALUES (686);
INSERT INTO "Segment" ("id", "length") VALUES (686, 389);
UPDATE "TrackElement" SET "region" = 357 WHERE "id" = 686;
INSERT INTO "monitoredBy" VALUES (686, 684);
INSERT INTO "TrackElement" ("id") VALUES (687);
INSERT INTO "Segment" ("id", "length") VALUES (687, 237);
UPDATE "TrackElement" SET "region" = 357 WHERE "id" = 687;
INSERT INTO "monitoredBy" VALUES (687, 684);
INSERT INTO "TrackElement" ("id") VALUES (688);
INSERT INTO "Segment" ("id", "length") VALUES (688, 170);
UPDATE "TrackElement" SET "region" = 357 WHERE "id" = 688;
INSERT INTO "monitoredBy" VALUES (688, 684);
INSERT INTO "TrackElement" ("id") VALUES (689);
INSERT INTO "Segment" ("id", "length") VALUES (689, 809);
UPDATE "TrackElement" SET "region" = 357 WHERE "id" = 689;
INSERT INTO "monitoredBy" VALUES (689, 684);
INSERT INTO "Sensor" ("id") VALUES (690);
UPDATE "Sensor" SET "region" = 357 WHERE "id" = 690;
INSERT INTO "monitoredBy" VALUES (677, 690);
INSERT INTO "requires" VALUES (356, 690);
INSERT INTO "TrackElement" ("id") VALUES (691);
INSERT INTO "Segment" ("id", "length") VALUES (691, 704);
UPDATE "TrackElement" SET "region" = 357 WHERE "id" = 691;
INSERT INTO "monitoredBy" VALUES (691, 690);
INSERT INTO "TrackElement" ("id") VALUES (692);
INSERT INTO "Segment" ("id", "length") VALUES (692, 123);
UPDATE "TrackElement" SET "region" = 357 WHERE "id" = 692;
INSERT INTO "monitoredBy" VALUES (692, 690);
INSERT INTO "TrackElement" ("id") VALUES (693);
INSERT INTO "Segment" ("id", "length") VALUES (693, 460);
UPDATE "TrackElement" SET "region" = 357 WHERE "id" = 693;
INSERT INTO "monitoredBy" VALUES (693, 690);
INSERT INTO "TrackElement" ("id") VALUES (694);
INSERT INTO "Segment" ("id", "length") VALUES (694, 719);
UPDATE "TrackElement" SET "region" = 357 WHERE "id" = 694;
INSERT INTO "monitoredBy" VALUES (694, 690);
INSERT INTO "TrackElement" ("id") VALUES (695);
INSERT INTO "Segment" ("id", "length") VALUES (695, 738);
UPDATE "TrackElement" SET "region" = 357 WHERE "id" = 695;
INSERT INTO "monitoredBy" VALUES (695, 690);
INSERT INTO "SwitchPosition" ("id", "position", "target") VALUES (696, 0, 677);
UPDATE "SwitchPosition" SET "route" = 356 WHERE "id" = 696;
INSERT INTO "TrackElement" ("id") VALUES (697);
INSERT INTO "Switch" ("id", "currentPosition") VALUES (697, 1);
UPDATE "TrackElement" SET "region" = 357 WHERE "id" = 697;
INSERT INTO "Sensor" ("id") VALUES (698);
UPDATE "Sensor" SET "region" = 357 WHERE "id" = 698;
INSERT INTO "monitoredBy" VALUES (697, 698);
INSERT INTO "requires" VALUES (356, 698);
INSERT INTO "TrackElement" ("id") VALUES (699);
INSERT INTO "Segment" ("id", "length") VALUES (699, 455);
UPDATE "TrackElement" SET "region" = 357 WHERE "id" = 699;
INSERT INTO "monitoredBy" VALUES (699, 698);
INSERT INTO "TrackElement" ("id") VALUES (700);
INSERT INTO "Segment" ("id", "length") VALUES (700, 272);
UPDATE "TrackElement" SET "region" = 357 WHERE "id" = 700;
INSERT INTO "monitoredBy" VALUES (700, 698);
INSERT INTO "TrackElement" ("id") VALUES (701);
INSERT INTO "Segment" ("id", "length") VALUES (701, 655);
UPDATE "TrackElement" SET "region" = 357 WHERE "id" = 701;
INSERT INTO "monitoredBy" VALUES (701, 698);
INSERT INTO "TrackElement" ("id") VALUES (702);
INSERT INTO "Segment" ("id", "length") VALUES (702, 411);
UPDATE "TrackElement" SET "region" = 357 WHERE "id" = 702;
INSERT INTO "monitoredBy" VALUES (702, 698);
INSERT INTO "TrackElement" ("id") VALUES (703);
INSERT INTO "Segment" ("id", "length") VALUES (703, 793);
UPDATE "TrackElement" SET "region" = 357 WHERE "id" = 703;
INSERT INTO "monitoredBy" VALUES (703, 698);
INSERT INTO "Sensor" ("id") VALUES (704);
UPDATE "Sensor" SET "region" = 357 WHERE "id" = 704;
INSERT INTO "monitoredBy" VALUES (697, 704);
INSERT INTO "requires" VALUES (356, 704);
INSERT INTO "TrackElement" ("id") VALUES (705);
INSERT INTO "Segment" ("id", "length") VALUES (705, 212);
UPDATE "TrackElement" SET "region" = 357 WHERE "id" = 705;
INSERT INTO "monitoredBy" VALUES (705, 704);
INSERT INTO "TrackElement" ("id") VALUES (706);
INSERT INTO "Segment" ("id", "length") VALUES (706, 546);
UPDATE "TrackElement" SET "region" = 357 WHERE "id" = 706;
INSERT INTO "monitoredBy" VALUES (706, 704);
INSERT INTO "TrackElement" ("id") VALUES (707);
INSERT INTO "Segment" ("id", "length") VALUES (707, 570);
UPDATE "TrackElement" SET "region" = 357 WHERE "id" = 707;
INSERT INTO "monitoredBy" VALUES (707, 704);
INSERT INTO "TrackElement" ("id") VALUES (708);
INSERT INTO "Segment" ("id", "length") VALUES (708, 399);
UPDATE "TrackElement" SET "region" = 357 WHERE "id" = 708;
INSERT INTO "monitoredBy" VALUES (708, 704);
INSERT INTO "TrackElement" ("id") VALUES (709);
INSERT INTO "Segment" ("id", "length") VALUES (709, 248);
UPDATE "TrackElement" SET "region" = 357 WHERE "id" = 709;
INSERT INTO "monitoredBy" VALUES (709, 704);
INSERT INTO "SwitchPosition" ("id", "position", "target") VALUES (710, 1, 697);
UPDATE "SwitchPosition" SET "route" = 356 WHERE "id" = 710;
INSERT INTO "TrackElement" ("id") VALUES (711);
INSERT INTO "Switch" ("id", "currentPosition") VALUES (711, 2);
UPDATE "TrackElement" SET "region" = 357 WHERE "id" = 711;
INSERT INTO "Sensor" ("id") VALUES (712);
UPDATE "Sensor" SET "region" = 357 WHERE "id" = 712;
INSERT INTO "monitoredBy" VALUES (711, 712);
INSERT INTO "requires" VALUES (356, 712);
INSERT INTO "TrackElement" ("id") VALUES (713);
INSERT INTO "Segment" ("id", "length") VALUES (713, 358);
UPDATE "TrackElement" SET "region" = 357 WHERE "id" = 713;
INSERT INTO "monitoredBy" VALUES (713, 712);
INSERT INTO "TrackElement" ("id") VALUES (714);
INSERT INTO "Segment" ("id", "length") VALUES (714, 459);
UPDATE "TrackElement" SET "region" = 357 WHERE "id" = 714;
INSERT INTO "monitoredBy" VALUES (714, 712);
INSERT INTO "TrackElement" ("id") VALUES (715);
INSERT INTO "Segment" ("id", "length") VALUES (715, 522);
UPDATE "TrackElement" SET "region" = 357 WHERE "id" = 715;
INSERT INTO "monitoredBy" VALUES (715, 712);
INSERT INTO "TrackElement" ("id") VALUES (716);
INSERT INTO "Segment" ("id", "length") VALUES (716, 529);
UPDATE "TrackElement" SET "region" = 357 WHERE "id" = 716;
INSERT INTO "monitoredBy" VALUES (716, 712);
INSERT INTO "TrackElement" ("id") VALUES (717);
INSERT INTO "Segment" ("id", "length") VALUES (717, 643);
UPDATE "TrackElement" SET "region" = 357 WHERE "id" = 717;
INSERT INTO "monitoredBy" VALUES (717, 712);
INSERT INTO "Sensor" ("id") VALUES (718);
UPDATE "Sensor" SET "region" = 357 WHERE "id" = 718;
INSERT INTO "monitoredBy" VALUES (711, 718);
INSERT INTO "requires" VALUES (356, 718);
INSERT INTO "TrackElement" ("id") VALUES (719);
INSERT INTO "Segment" ("id", "length") VALUES (719, 14);
UPDATE "TrackElement" SET "region" = 357 WHERE "id" = 719;
INSERT INTO "monitoredBy" VALUES (719, 718);
INSERT INTO "TrackElement" ("id") VALUES (720);
INSERT INTO "Segment" ("id", "length") VALUES (720, 897);
UPDATE "TrackElement" SET "region" = 357 WHERE "id" = 720;
INSERT INTO "monitoredBy" VALUES (720, 718);
INSERT INTO "TrackElement" ("id") VALUES (721);
INSERT INTO "Segment" ("id", "length") VALUES (721, 604);
UPDATE "TrackElement" SET "region" = 357 WHERE "id" = 721;
INSERT INTO "monitoredBy" VALUES (721, 718);
INSERT INTO "TrackElement" ("id") VALUES (722);
INSERT INTO "Segment" ("id", "length") VALUES (722, 242);
UPDATE "TrackElement" SET "region" = 357 WHERE "id" = 722;
INSERT INTO "monitoredBy" VALUES (722, 718);
INSERT INTO "TrackElement" ("id") VALUES (723);
INSERT INTO "Segment" ("id", "length") VALUES (723, 263);
UPDATE "TrackElement" SET "region" = 357 WHERE "id" = 723;
INSERT INTO "monitoredBy" VALUES (723, 718);
INSERT INTO "Sensor" ("id") VALUES (724);
UPDATE "Sensor" SET "region" = 357 WHERE "id" = 724;
INSERT INTO "monitoredBy" VALUES (711, 724);
INSERT INTO "requires" VALUES (356, 724);
INSERT INTO "TrackElement" ("id") VALUES (725);
INSERT INTO "Segment" ("id", "length") VALUES (725, 795);
UPDATE "TrackElement" SET "region" = 357 WHERE "id" = 725;
INSERT INTO "monitoredBy" VALUES (725, 724);
INSERT INTO "TrackElement" ("id") VALUES (726);
INSERT INTO "Segment" ("id", "length") VALUES (726, 156);
UPDATE "TrackElement" SET "region" = 357 WHERE "id" = 726;
INSERT INTO "monitoredBy" VALUES (726, 724);
INSERT INTO "TrackElement" ("id") VALUES (727);
INSERT INTO "Segment" ("id", "length") VALUES (727, 479);
UPDATE "TrackElement" SET "region" = 357 WHERE "id" = 727;
INSERT INTO "monitoredBy" VALUES (727, 724);
INSERT INTO "TrackElement" ("id") VALUES (728);
INSERT INTO "Segment" ("id", "length") VALUES (728, 514);
UPDATE "TrackElement" SET "region" = 357 WHERE "id" = 728;
INSERT INTO "monitoredBy" VALUES (728, 724);
INSERT INTO "TrackElement" ("id") VALUES (729);
INSERT INTO "Segment" ("id", "length") VALUES (729, 938);
UPDATE "TrackElement" SET "region" = 357 WHERE "id" = 729;
INSERT INTO "monitoredBy" VALUES (729, 724);
INSERT INTO "SwitchPosition" ("id", "position", "target") VALUES (730, 0, 711);
UPDATE "SwitchPosition" SET "route" = 356 WHERE "id" = 730;
INSERT INTO "TrackElement" ("id") VALUES (731);
INSERT INTO "Switch" ("id", "currentPosition") VALUES (731, 1);
UPDATE "TrackElement" SET "region" = 357 WHERE "id" = 731;
INSERT INTO "Sensor" ("id") VALUES (732);
UPDATE "Sensor" SET "region" = 357 WHERE "id" = 732;
INSERT INTO "monitoredBy" VALUES (731, 732);
INSERT INTO "requires" VALUES (356, 732);
INSERT INTO "TrackElement" ("id") VALUES (733);
INSERT INTO "Segment" ("id", "length") VALUES (733, 992);
UPDATE "TrackElement" SET "region" = 357 WHERE "id" = 733;
INSERT INTO "monitoredBy" VALUES (733, 732);
INSERT INTO "TrackElement" ("id") VALUES (734);
INSERT INTO "Segment" ("id", "length") VALUES (734, 211);
UPDATE "TrackElement" SET "region" = 357 WHERE "id" = 734;
INSERT INTO "monitoredBy" VALUES (734, 732);
INSERT INTO "TrackElement" ("id") VALUES (735);
INSERT INTO "Segment" ("id", "length") VALUES (735, 940);
UPDATE "TrackElement" SET "region" = 357 WHERE "id" = 735;
INSERT INTO "monitoredBy" VALUES (735, 732);
INSERT INTO "TrackElement" ("id") VALUES (736);
INSERT INTO "Segment" ("id", "length") VALUES (736, 685);
UPDATE "TrackElement" SET "region" = 357 WHERE "id" = 736;
INSERT INTO "monitoredBy" VALUES (736, 732);
INSERT INTO "TrackElement" ("id") VALUES (737);
INSERT INTO "Segment" ("id", "length") VALUES (737, 281);
UPDATE "TrackElement" SET "region" = 357 WHERE "id" = 737;
INSERT INTO "monitoredBy" VALUES (737, 732);
INSERT INTO "Sensor" ("id") VALUES (738);
UPDATE "Sensor" SET "region" = 357 WHERE "id" = 738;
INSERT INTO "monitoredBy" VALUES (731, 738);
INSERT INTO "requires" VALUES (356, 738);
INSERT INTO "TrackElement" ("id") VALUES (739);
INSERT INTO "Segment" ("id", "length") VALUES (739, 263);
UPDATE "TrackElement" SET "region" = 357 WHERE "id" = 739;
INSERT INTO "monitoredBy" VALUES (739, 738);
INSERT INTO "TrackElement" ("id") VALUES (740);
INSERT INTO "Segment" ("id", "length") VALUES (740, 885);
UPDATE "TrackElement" SET "region" = 357 WHERE "id" = 740;
INSERT INTO "monitoredBy" VALUES (740, 738);
INSERT INTO "TrackElement" ("id") VALUES (741);
INSERT INTO "Segment" ("id", "length") VALUES (741, -814);
UPDATE "TrackElement" SET "region" = 357 WHERE "id" = 741;
INSERT INTO "monitoredBy" VALUES (741, 738);
INSERT INTO "TrackElement" ("id") VALUES (742);
INSERT INTO "Segment" ("id", "length") VALUES (742, 18);
UPDATE "TrackElement" SET "region" = 357 WHERE "id" = 742;
INSERT INTO "monitoredBy" VALUES (742, 738);
INSERT INTO "TrackElement" ("id") VALUES (743);
INSERT INTO "Segment" ("id", "length") VALUES (743, 145);
UPDATE "TrackElement" SET "region" = 357 WHERE "id" = 743;
INSERT INTO "monitoredBy" VALUES (743, 738);
INSERT INTO "Sensor" ("id") VALUES (744);
UPDATE "Sensor" SET "region" = 357 WHERE "id" = 744;
INSERT INTO "monitoredBy" VALUES (731, 744);
INSERT INTO "requires" VALUES (356, 744);
INSERT INTO "TrackElement" ("id") VALUES (745);
INSERT INTO "Segment" ("id", "length") VALUES (745, 550);
UPDATE "TrackElement" SET "region" = 357 WHERE "id" = 745;
INSERT INTO "monitoredBy" VALUES (745, 744);
INSERT INTO "TrackElement" ("id") VALUES (746);
INSERT INTO "Segment" ("id", "length") VALUES (746, 925);
UPDATE "TrackElement" SET "region" = 357 WHERE "id" = 746;
INSERT INTO "monitoredBy" VALUES (746, 744);
INSERT INTO "TrackElement" ("id") VALUES (747);
INSERT INTO "Segment" ("id", "length") VALUES (747, 84);
UPDATE "TrackElement" SET "region" = 357 WHERE "id" = 747;
INSERT INTO "monitoredBy" VALUES (747, 744);
INSERT INTO "TrackElement" ("id") VALUES (748);
INSERT INTO "Segment" ("id", "length") VALUES (748, 75);
UPDATE "TrackElement" SET "region" = 357 WHERE "id" = 748;
INSERT INTO "monitoredBy" VALUES (748, 744);
INSERT INTO "TrackElement" ("id") VALUES (749);
INSERT INTO "Segment" ("id", "length") VALUES (749, 464);
UPDATE "TrackElement" SET "region" = 357 WHERE "id" = 749;
INSERT INTO "monitoredBy" VALUES (749, 744);
INSERT INTO "SwitchPosition" ("id", "position", "target") VALUES (750, 1, 731);
UPDATE "SwitchPosition" SET "route" = 356 WHERE "id" = 750;
INSERT INTO "TrackElement" ("id") VALUES (751);
INSERT INTO "Switch" ("id", "currentPosition") VALUES (751, 0);
UPDATE "TrackElement" SET "region" = 357 WHERE "id" = 751;
INSERT INTO "Sensor" ("id") VALUES (752);
UPDATE "Sensor" SET "region" = 357 WHERE "id" = 752;
INSERT INTO "monitoredBy" VALUES (751, 752);
INSERT INTO "requires" VALUES (356, 752);
INSERT INTO "TrackElement" ("id") VALUES (753);
INSERT INTO "Segment" ("id", "length") VALUES (753, -645);
UPDATE "TrackElement" SET "region" = 357 WHERE "id" = 753;
INSERT INTO "monitoredBy" VALUES (753, 752);
INSERT INTO "TrackElement" ("id") VALUES (754);
INSERT INTO "Segment" ("id", "length") VALUES (754, 164);
UPDATE "TrackElement" SET "region" = 357 WHERE "id" = 754;
INSERT INTO "monitoredBy" VALUES (754, 752);
INSERT INTO "TrackElement" ("id") VALUES (755);
INSERT INTO "Segment" ("id", "length") VALUES (755, 220);
UPDATE "TrackElement" SET "region" = 357 WHERE "id" = 755;
INSERT INTO "monitoredBy" VALUES (755, 752);
INSERT INTO "TrackElement" ("id") VALUES (756);
INSERT INTO "Segment" ("id", "length") VALUES (756, 395);
UPDATE "TrackElement" SET "region" = 357 WHERE "id" = 756;
INSERT INTO "monitoredBy" VALUES (756, 752);
INSERT INTO "TrackElement" ("id") VALUES (757);
INSERT INTO "Segment" ("id", "length") VALUES (757, 710);
UPDATE "TrackElement" SET "region" = 357 WHERE "id" = 757;
INSERT INTO "monitoredBy" VALUES (757, 752);
INSERT INTO "Sensor" ("id") VALUES (758);
UPDATE "Sensor" SET "region" = 357 WHERE "id" = 758;
INSERT INTO "monitoredBy" VALUES (751, 758);
INSERT INTO "requires" VALUES (356, 758);
INSERT INTO "TrackElement" ("id") VALUES (759);
INSERT INTO "Segment" ("id", "length") VALUES (759, 794);
UPDATE "TrackElement" SET "region" = 357 WHERE "id" = 759;
INSERT INTO "monitoredBy" VALUES (759, 758);
INSERT INTO "TrackElement" ("id") VALUES (760);
INSERT INTO "Segment" ("id", "length") VALUES (760, 327);
UPDATE "TrackElement" SET "region" = 357 WHERE "id" = 760;
INSERT INTO "monitoredBy" VALUES (760, 758);
INSERT INTO "TrackElement" ("id") VALUES (761);
INSERT INTO "Segment" ("id", "length") VALUES (761, 754);
UPDATE "TrackElement" SET "region" = 357 WHERE "id" = 761;
INSERT INTO "monitoredBy" VALUES (761, 758);
INSERT INTO "TrackElement" ("id") VALUES (762);
INSERT INTO "Segment" ("id", "length") VALUES (762, 515);
UPDATE "TrackElement" SET "region" = 357 WHERE "id" = 762;
INSERT INTO "monitoredBy" VALUES (762, 758);
INSERT INTO "TrackElement" ("id") VALUES (763);
INSERT INTO "Segment" ("id", "length") VALUES (763, 767);
UPDATE "TrackElement" SET "region" = 357 WHERE "id" = 763;
INSERT INTO "monitoredBy" VALUES (763, 758);
INSERT INTO "Sensor" ("id") VALUES (764);
UPDATE "Sensor" SET "region" = 357 WHERE "id" = 764;
INSERT INTO "monitoredBy" VALUES (751, 764);
INSERT INTO "requires" VALUES (356, 764);
INSERT INTO "TrackElement" ("id") VALUES (765);
INSERT INTO "Segment" ("id", "length") VALUES (765, 456);
UPDATE "TrackElement" SET "region" = 357 WHERE "id" = 765;
INSERT INTO "monitoredBy" VALUES (765, 764);
INSERT INTO "TrackElement" ("id") VALUES (766);
INSERT INTO "Segment" ("id", "length") VALUES (766, 918);
UPDATE "TrackElement" SET "region" = 357 WHERE "id" = 766;
INSERT INTO "monitoredBy" VALUES (766, 764);
INSERT INTO "TrackElement" ("id") VALUES (767);
INSERT INTO "Segment" ("id", "length") VALUES (767, 116);
UPDATE "TrackElement" SET "region" = 357 WHERE "id" = 767;
INSERT INTO "monitoredBy" VALUES (767, 764);
INSERT INTO "TrackElement" ("id") VALUES (768);
INSERT INTO "Segment" ("id", "length") VALUES (768, 513);
UPDATE "TrackElement" SET "region" = 357 WHERE "id" = 768;
INSERT INTO "monitoredBy" VALUES (768, 764);
INSERT INTO "TrackElement" ("id") VALUES (769);
INSERT INTO "Segment" ("id", "length") VALUES (769, 105);
UPDATE "TrackElement" SET "region" = 357 WHERE "id" = 769;
INSERT INTO "monitoredBy" VALUES (769, 764);
INSERT INTO "SwitchPosition" ("id", "position", "target") VALUES (770, 0, 751);
UPDATE "SwitchPosition" SET "route" = 356 WHERE "id" = 770;
INSERT INTO "connectsTo" VALUES (358, 360);
INSERT INTO "connectsTo" VALUES (360, 361);
INSERT INTO "connectsTo" VALUES (361, 362);
INSERT INTO "connectsTo" VALUES (362, 363);
INSERT INTO "connectsTo" VALUES (363, 364);
INSERT INTO "connectsTo" VALUES (364, 366);
INSERT INTO "connectsTo" VALUES (366, 367);
INSERT INTO "connectsTo" VALUES (367, 368);
INSERT INTO "connectsTo" VALUES (368, 369);
INSERT INTO "connectsTo" VALUES (369, 370);
INSERT INTO "connectsTo" VALUES (370, 372);
INSERT INTO "connectsTo" VALUES (372, 373);
INSERT INTO "connectsTo" VALUES (373, 374);
INSERT INTO "connectsTo" VALUES (374, 375);
INSERT INTO "connectsTo" VALUES (375, 376);
INSERT INTO "connectsTo" VALUES (376, 378);
INSERT INTO "connectsTo" VALUES (378, 379);
INSERT INTO "connectsTo" VALUES (379, 380);
INSERT INTO "connectsTo" VALUES (380, 381);
INSERT INTO "connectsTo" VALUES (381, 382);
INSERT INTO "connectsTo" VALUES (382, 384);
INSERT INTO "connectsTo" VALUES (384, 385);
INSERT INTO "connectsTo" VALUES (385, 386);
INSERT INTO "connectsTo" VALUES (386, 387);
INSERT INTO "connectsTo" VALUES (387, 388);
INSERT INTO "connectsTo" VALUES (388, 390);
INSERT INTO "connectsTo" VALUES (390, 391);
INSERT INTO "connectsTo" VALUES (391, 392);
INSERT INTO "connectsTo" VALUES (392, 393);
INSERT INTO "connectsTo" VALUES (393, 394);
INSERT INTO "connectsTo" VALUES (394, 396);
INSERT INTO "connectsTo" VALUES (396, 397);
INSERT INTO "connectsTo" VALUES (397, 398);
INSERT INTO "connectsTo" VALUES (398, 399);
INSERT INTO "connectsTo" VALUES (399, 400);
INSERT INTO "connectsTo" VALUES (400, 402);
INSERT INTO "connectsTo" VALUES (402, 403);
INSERT INTO "connectsTo" VALUES (403, 404);
INSERT INTO "connectsTo" VALUES (404, 405);
INSERT INTO "connectsTo" VALUES (405, 406);
INSERT INTO "connectsTo" VALUES (406, 407);
INSERT INTO "connectsTo" VALUES (407, 409);
INSERT INTO "connectsTo" VALUES (409, 410);
INSERT INTO "connectsTo" VALUES (410, 411);
INSERT INTO "connectsTo" VALUES (411, 412);
INSERT INTO "connectsTo" VALUES (412, 413);
INSERT INTO "connectsTo" VALUES (413, 415);
INSERT INTO "connectsTo" VALUES (415, 417);
INSERT INTO "connectsTo" VALUES (417, 418);
INSERT INTO "connectsTo" VALUES (418, 419);
INSERT INTO "connectsTo" VALUES (419, 420);
INSERT INTO "connectsTo" VALUES (420, 421);
INSERT INTO "connectsTo" VALUES (421, 423);
INSERT INTO "connectsTo" VALUES (423, 424);
INSERT INTO "connectsTo" VALUES (424, 425);
INSERT INTO "connectsTo" VALUES (425, 426);
INSERT INTO "connectsTo" VALUES (426, 427);
INSERT INTO "connectsTo" VALUES (427, 429);
INSERT INTO "connectsTo" VALUES (429, 430);
INSERT INTO "connectsTo" VALUES (430, 431);
INSERT INTO "connectsTo" VALUES (431, 432);
INSERT INTO "connectsTo" VALUES (432, 433);
INSERT INTO "connectsTo" VALUES (433, 435);
INSERT INTO "connectsTo" VALUES (435, 436);
INSERT INTO "connectsTo" VALUES (436, 437);
INSERT INTO "connectsTo" VALUES (437, 438);
INSERT INTO "connectsTo" VALUES (438, 439);
INSERT INTO "connectsTo" VALUES (439, 441);
INSERT INTO "connectsTo" VALUES (441, 442);
INSERT INTO "connectsTo" VALUES (442, 443);
INSERT INTO "connectsTo" VALUES (443, 444);
INSERT INTO "connectsTo" VALUES (444, 445);
INSERT INTO "connectsTo" VALUES (445, 447);
INSERT INTO "connectsTo" VALUES (447, 448);
INSERT INTO "connectsTo" VALUES (448, 449);
INSERT INTO "connectsTo" VALUES (449, 450);
INSERT INTO "connectsTo" VALUES (450, 451);
INSERT INTO "connectsTo" VALUES (451, 453);
INSERT INTO "connectsTo" VALUES (453, 454);
INSERT INTO "connectsTo" VALUES (454, 455);
INSERT INTO "connectsTo" VALUES (455, 456);
INSERT INTO "connectsTo" VALUES (456, 457);
INSERT INTO "connectsTo" VALUES (457, 459);
INSERT INTO "connectsTo" VALUES (459, 461);
INSERT INTO "connectsTo" VALUES (461, 462);
INSERT INTO "connectsTo" VALUES (462, 463);
INSERT INTO "connectsTo" VALUES (463, 464);
INSERT INTO "connectsTo" VALUES (464, 465);
INSERT INTO "connectsTo" VALUES (465, 467);
INSERT INTO "connectsTo" VALUES (467, 468);
INSERT INTO "connectsTo" VALUES (468, 469);
INSERT INTO "connectsTo" VALUES (469, 470);
INSERT INTO "connectsTo" VALUES (470, 471);
INSERT INTO "connectsTo" VALUES (471, 473);
INSERT INTO "connectsTo" VALUES (473, 474);
INSERT INTO "connectsTo" VALUES (474, 475);
INSERT INTO "connectsTo" VALUES (475, 476);
INSERT INTO "connectsTo" VALUES (476, 477);
INSERT INTO "connectsTo" VALUES (477, 479);
INSERT INTO "connectsTo" VALUES (479, 480);
INSERT INTO "connectsTo" VALUES (480, 481);
INSERT INTO "connectsTo" VALUES (481, 482);
INSERT INTO "connectsTo" VALUES (482, 483);
INSERT INTO "connectsTo" VALUES (483, 485);
INSERT INTO "connectsTo" VALUES (485, 486);
INSERT INTO "connectsTo" VALUES (486, 487);
INSERT INTO "connectsTo" VALUES (487, 488);
INSERT INTO "connectsTo" VALUES (488, 489);
INSERT INTO "connectsTo" VALUES (489, 491);
INSERT INTO "connectsTo" VALUES (491, 492);
INSERT INTO "connectsTo" VALUES (492, 493);
INSERT INTO "connectsTo" VALUES (493, 494);
INSERT INTO "connectsTo" VALUES (494, 495);
INSERT INTO "connectsTo" VALUES (495, 497);
INSERT INTO "connectsTo" VALUES (497, 498);
INSERT INTO "connectsTo" VALUES (498, 499);
INSERT INTO "connectsTo" VALUES (499, 500);
INSERT INTO "connectsTo" VALUES (500, 501);
INSERT INTO "connectsTo" VALUES (501, 503);
INSERT INTO "connectsTo" VALUES (503, 505);
INSERT INTO "connectsTo" VALUES (505, 506);
INSERT INTO "connectsTo" VALUES (506, 507);
INSERT INTO "connectsTo" VALUES (507, 508);
INSERT INTO "connectsTo" VALUES (508, 509);
INSERT INTO "connectsTo" VALUES (509, 511);
INSERT INTO "connectsTo" VALUES (511, 512);
INSERT INTO "connectsTo" VALUES (512, 513);
INSERT INTO "connectsTo" VALUES (513, 514);
INSERT INTO "connectsTo" VALUES (514, 515);
INSERT INTO "connectsTo" VALUES (515, 517);
INSERT INTO "connectsTo" VALUES (517, 518);
INSERT INTO "connectsTo" VALUES (518, 519);
INSERT INTO "connectsTo" VALUES (519, 520);
INSERT INTO "connectsTo" VALUES (520, 521);
INSERT INTO "connectsTo" VALUES (521, 523);
INSERT INTO "connectsTo" VALUES (523, 524);
INSERT INTO "connectsTo" VALUES (524, 525);
INSERT INTO "connectsTo" VALUES (525, 526);
INSERT INTO "connectsTo" VALUES (526, 527);
INSERT INTO "connectsTo" VALUES (527, 529);
INSERT INTO "connectsTo" VALUES (529, 530);
INSERT INTO "connectsTo" VALUES (530, 531);
INSERT INTO "connectsTo" VALUES (531, 532);
INSERT INTO "connectsTo" VALUES (532, 533);
INSERT INTO "connectsTo" VALUES (533, 535);
INSERT INTO "connectsTo" VALUES (535, 536);
INSERT INTO "connectsTo" VALUES (536, 537);
INSERT INTO "connectsTo" VALUES (537, 538);
INSERT INTO "connectsTo" VALUES (538, 539);
INSERT INTO "connectsTo" VALUES (539, 541);
INSERT INTO "connectsTo" VALUES (541, 542);
INSERT INTO "connectsTo" VALUES (542, 543);
INSERT INTO "connectsTo" VALUES (543, 544);
INSERT INTO "connectsTo" VALUES (544, 545);
INSERT INTO "connectsTo" VALUES (545, 547);
INSERT INTO "connectsTo" VALUES (547, 549);
INSERT INTO "connectsTo" VALUES (549, 550);
INSERT INTO "connectsTo" VALUES (550, 551);
INSERT INTO "connectsTo" VALUES (551, 552);
INSERT INTO "connectsTo" VALUES (552, 553);
INSERT INTO "connectsTo" VALUES (553, 555);
INSERT INTO "connectsTo" VALUES (555, 556);
INSERT INTO "connectsTo" VALUES (556, 557);
INSERT INTO "connectsTo" VALUES (557, 558);
INSERT INTO "connectsTo" VALUES (558, 559);
INSERT INTO "connectsTo" VALUES (559, 561);
INSERT INTO "connectsTo" VALUES (561, 563);
INSERT INTO "connectsTo" VALUES (563, 564);
INSERT INTO "connectsTo" VALUES (564, 565);
INSERT INTO "connectsTo" VALUES (565, 566);
INSERT INTO "connectsTo" VALUES (566, 567);
INSERT INTO "connectsTo" VALUES (567, 569);
INSERT INTO "connectsTo" VALUES (569, 571);
INSERT INTO "connectsTo" VALUES (571, 572);
INSERT INTO "connectsTo" VALUES (572, 573);
INSERT INTO "connectsTo" VALUES (573, 574);
INSERT INTO "connectsTo" VALUES (574, 575);
INSERT INTO "connectsTo" VALUES (575, 577);
INSERT INTO "connectsTo" VALUES (577, 578);
INSERT INTO "connectsTo" VALUES (578, 579);
INSERT INTO "connectsTo" VALUES (579, 580);
INSERT INTO "connectsTo" VALUES (580, 581);
INSERT INTO "connectsTo" VALUES (581, 583);
INSERT INTO "connectsTo" VALUES (583, 584);
INSERT INTO "connectsTo" VALUES (584, 585);
INSERT INTO "connectsTo" VALUES (585, 586);
INSERT INTO "connectsTo" VALUES (586, 587);
INSERT INTO "connectsTo" VALUES (587, 589);
INSERT INTO "connectsTo" VALUES (589, 590);
INSERT INTO "connectsTo" VALUES (590, 591);
INSERT INTO "connectsTo" VALUES (591, 592);
INSERT INTO "connectsTo" VALUES (592, 593);
INSERT INTO "connectsTo" VALUES (593, 595);
INSERT INTO "connectsTo" VALUES (595, 596);
INSERT INTO "connectsTo" VALUES (596, 597);
INSERT INTO "connectsTo" VALUES (597, 598);
INSERT INTO "connectsTo" VALUES (598, 599);
INSERT INTO "connectsTo" VALUES (599, 601);
INSERT INTO "connectsTo" VALUES (601, 602);
INSERT INTO "connectsTo" VALUES (602, 603);
INSERT INTO "connectsTo" VALUES (603, 604);
INSERT INTO "connectsTo" VALUES (604, 605);
INSERT INTO "connectsTo" VALUES (605, 607);
INSERT INTO "connectsTo" VALUES (607, 608);
INSERT INTO "connectsTo" VALUES (608, 609);
INSERT INTO "connectsTo" VALUES (609, 610);
INSERT INTO "connectsTo" VALUES (610, 611);
INSERT INTO "connectsTo" VALUES (611, 613);
INSERT INTO "connectsTo" VALUES (613, 614);
INSERT INTO "connectsTo" VALUES (614, 615);
INSERT INTO "connectsTo" VALUES (615, 616);
INSERT INTO "connectsTo" VALUES (616, 617);
INSERT INTO "connectsTo" VALUES (617, 619);
INSERT INTO "connectsTo" VALUES (619, 620);
INSERT INTO "connectsTo" VALUES (620, 621);
INSERT INTO "connectsTo" VALUES (621, 622);
INSERT INTO "connectsTo" VALUES (622, 623);
INSERT INTO "connectsTo" VALUES (623, 624);
INSERT INTO "connectsTo" VALUES (624, 626);
INSERT INTO "connectsTo" VALUES (626, 628);
INSERT INTO "connectsTo" VALUES (628, 629);
INSERT INTO "connectsTo" VALUES (629, 630);
INSERT INTO "connectsTo" VALUES (630, 631);
INSERT INTO "connectsTo" VALUES (631, 632);
INSERT INTO "connectsTo" VALUES (632, 634);
INSERT INTO "connectsTo" VALUES (634, 635);
INSERT INTO "connectsTo" VALUES (635, 636);
INSERT INTO "connectsTo" VALUES (636, 637);
INSERT INTO "connectsTo" VALUES (637, 638);
INSERT INTO "connectsTo" VALUES (638, 640);
INSERT INTO "connectsTo" VALUES (640, 641);
INSERT INTO "connectsTo" VALUES (641, 642);
INSERT INTO "connectsTo" VALUES (642, 643);
INSERT INTO "connectsTo" VALUES (643, 644);
INSERT INTO "connectsTo" VALUES (644, 646);
INSERT INTO "connectsTo" VALUES (646, 647);
INSERT INTO "connectsTo" VALUES (647, 648);
INSERT INTO "connectsTo" VALUES (648, 649);
INSERT INTO "connectsTo" VALUES (649, 650);
INSERT INTO "connectsTo" VALUES (650, 652);
INSERT INTO "connectsTo" VALUES (652, 653);
INSERT INTO "connectsTo" VALUES (653, 654);
INSERT INTO "connectsTo" VALUES (654, 655);
INSERT INTO "connectsTo" VALUES (655, 656);
INSERT INTO "connectsTo" VALUES (656, 658);
INSERT INTO "connectsTo" VALUES (658, 659);
INSERT INTO "connectsTo" VALUES (659, 660);
INSERT INTO "connectsTo" VALUES (660, 661);
INSERT INTO "connectsTo" VALUES (661, 662);
INSERT INTO "connectsTo" VALUES (662, 664);
INSERT INTO "connectsTo" VALUES (664, 665);
INSERT INTO "connectsTo" VALUES (665, 666);
INSERT INTO "connectsTo" VALUES (666, 667);
INSERT INTO "connectsTo" VALUES (667, 668);
INSERT INTO "connectsTo" VALUES (668, 669);
INSERT INTO "connectsTo" VALUES (669, 671);
INSERT INTO "connectsTo" VALUES (671, 672);
INSERT INTO "connectsTo" VALUES (672, 673);
INSERT INTO "connectsTo" VALUES (673, 674);
INSERT INTO "connectsTo" VALUES (674, 675);
INSERT INTO "connectsTo" VALUES (675, 677);
INSERT INTO "connectsTo" VALUES (677, 679);
INSERT INTO "connectsTo" VALUES (679, 680);
INSERT INTO "connectsTo" VALUES (680, 681);
INSERT INTO "connectsTo" VALUES (681, 682);
INSERT INTO "connectsTo" VALUES (682, 683);
INSERT INTO "connectsTo" VALUES (683, 685);
INSERT INTO "connectsTo" VALUES (685, 686);
INSERT INTO "connectsTo" VALUES (686, 687);
INSERT INTO "connectsTo" VALUES (687, 688);
INSERT INTO "connectsTo" VALUES (688, 689);
INSERT INTO "connectsTo" VALUES (689, 691);
INSERT INTO "connectsTo" VALUES (691, 692);
INSERT INTO "connectsTo" VALUES (692, 693);
INSERT INTO "connectsTo" VALUES (693, 694);
INSERT INTO "connectsTo" VALUES (694, 695);
INSERT INTO "connectsTo" VALUES (695, 697);
INSERT INTO "connectsTo" VALUES (697, 699);
INSERT INTO "connectsTo" VALUES (699, 700);
INSERT INTO "connectsTo" VALUES (700, 701);
INSERT INTO "connectsTo" VALUES (701, 702);
INSERT INTO "connectsTo" VALUES (702, 703);
INSERT INTO "connectsTo" VALUES (703, 705);
INSERT INTO "connectsTo" VALUES (705, 706);
INSERT INTO "connectsTo" VALUES (706, 707);
INSERT INTO "connectsTo" VALUES (707, 708);
INSERT INTO "connectsTo" VALUES (708, 709);
INSERT INTO "connectsTo" VALUES (709, 711);
INSERT INTO "connectsTo" VALUES (711, 713);
INSERT INTO "connectsTo" VALUES (713, 714);
INSERT INTO "connectsTo" VALUES (714, 715);
INSERT INTO "connectsTo" VALUES (715, 716);
INSERT INTO "connectsTo" VALUES (716, 717);
INSERT INTO "connectsTo" VALUES (717, 719);
INSERT INTO "connectsTo" VALUES (719, 720);
INSERT INTO "connectsTo" VALUES (720, 721);
INSERT INTO "connectsTo" VALUES (721, 722);
INSERT INTO "connectsTo" VALUES (722, 723);
INSERT INTO "connectsTo" VALUES (723, 725);
INSERT INTO "connectsTo" VALUES (725, 726);
INSERT INTO "connectsTo" VALUES (726, 727);
INSERT INTO "connectsTo" VALUES (727, 728);
INSERT INTO "connectsTo" VALUES (728, 729);
INSERT INTO "connectsTo" VALUES (729, 731);
INSERT INTO "connectsTo" VALUES (731, 733);
INSERT INTO "connectsTo" VALUES (733, 734);
INSERT INTO "connectsTo" VALUES (734, 735);
INSERT INTO "connectsTo" VALUES (735, 736);
INSERT INTO "connectsTo" VALUES (736, 737);
INSERT INTO "connectsTo" VALUES (737, 739);
INSERT INTO "connectsTo" VALUES (739, 740);
INSERT INTO "connectsTo" VALUES (740, 741);
INSERT INTO "connectsTo" VALUES (741, 742);
INSERT INTO "connectsTo" VALUES (742, 743);
INSERT INTO "connectsTo" VALUES (743, 745);
INSERT INTO "connectsTo" VALUES (745, 746);
INSERT INTO "connectsTo" VALUES (746, 747);
INSERT INTO "connectsTo" VALUES (747, 748);
INSERT INTO "connectsTo" VALUES (748, 749);
INSERT INTO "connectsTo" VALUES (749, 751);
INSERT INTO "connectsTo" VALUES (751, 753);
INSERT INTO "connectsTo" VALUES (753, 754);
INSERT INTO "connectsTo" VALUES (754, 755);
INSERT INTO "connectsTo" VALUES (755, 756);
INSERT INTO "connectsTo" VALUES (756, 757);
INSERT INTO "connectsTo" VALUES (757, 759);
INSERT INTO "connectsTo" VALUES (759, 760);
INSERT INTO "connectsTo" VALUES (760, 761);
INSERT INTO "connectsTo" VALUES (761, 762);
INSERT INTO "connectsTo" VALUES (762, 763);
INSERT INTO "connectsTo" VALUES (763, 765);
INSERT INTO "connectsTo" VALUES (765, 766);
INSERT INTO "connectsTo" VALUES (766, 767);
INSERT INTO "connectsTo" VALUES (767, 768);
INSERT INTO "connectsTo" VALUES (768, 769);
INSERT INTO "connectsTo" VALUES (353, 358);
INSERT INTO "Semaphore" ("id", "signal") VALUES (771, 2);
INSERT INTO "Route" ("id", "active", "entry", "exit") VALUES (772, 1, 355, 771);
INSERT INTO "Region" ("id") VALUES (773);
INSERT INTO "TrackElement" ("id") VALUES (774);
INSERT INTO "Switch" ("id", "currentPosition") VALUES (774, 1);
UPDATE "TrackElement" SET "region" = 773 WHERE "id" = 774;
INSERT INTO "Sensor" ("id") VALUES (775);
UPDATE "Sensor" SET "region" = 773 WHERE "id" = 775;
INSERT INTO "monitoredBy" VALUES (774, 775);
INSERT INTO "requires" VALUES (772, 775);
INSERT INTO "TrackElement" ("id") VALUES (776);
INSERT INTO "Segment" ("id", "length") VALUES (776, 867);
UPDATE "TrackElement" SET "region" = 773 WHERE "id" = 776;
INSERT INTO "monitoredBy" VALUES (776, 775);
UPDATE "Semaphore" SET "segment" = 776 WHERE "id" = 771;
INSERT INTO "TrackElement" ("id") VALUES (777);
INSERT INTO "Segment" ("id", "length") VALUES (777, 732);
UPDATE "TrackElement" SET "region" = 773 WHERE "id" = 777;
INSERT INTO "monitoredBy" VALUES (777, 775);
INSERT INTO "TrackElement" ("id") VALUES (778);
INSERT INTO "Segment" ("id", "length") VALUES (778, 415);
UPDATE "TrackElement" SET "region" = 773 WHERE "id" = 778;
INSERT INTO "monitoredBy" VALUES (778, 775);
INSERT INTO "TrackElement" ("id") VALUES (779);
INSERT INTO "Segment" ("id", "length") VALUES (779, 517);
UPDATE "TrackElement" SET "region" = 773 WHERE "id" = 779;
INSERT INTO "monitoredBy" VALUES (779, 775);
INSERT INTO "TrackElement" ("id") VALUES (780);
INSERT INTO "Segment" ("id", "length") VALUES (780, 200);
UPDATE "TrackElement" SET "region" = 773 WHERE "id" = 780;
INSERT INTO "monitoredBy" VALUES (780, 775);
INSERT INTO "Sensor" ("id") VALUES (781);
UPDATE "Sensor" SET "region" = 773 WHERE "id" = 781;
INSERT INTO "monitoredBy" VALUES (774, 781);
INSERT INTO "requires" VALUES (772, 781);
INSERT INTO "TrackElement" ("id") VALUES (782);
INSERT INTO "Segment" ("id", "length") VALUES (782, 770);
UPDATE "TrackElement" SET "region" = 773 WHERE "id" = 782;
INSERT INTO "monitoredBy" VALUES (782, 781);
INSERT INTO "TrackElement" ("id") VALUES (783);
INSERT INTO "Segment" ("id", "length") VALUES (783, 894);
UPDATE "TrackElement" SET "region" = 773 WHERE "id" = 783;
INSERT INTO "monitoredBy" VALUES (783, 781);
INSERT INTO "TrackElement" ("id") VALUES (784);
INSERT INTO "Segment" ("id", "length") VALUES (784, 262);
UPDATE "TrackElement" SET "region" = 773 WHERE "id" = 784;
INSERT INTO "monitoredBy" VALUES (784, 781);
INSERT INTO "TrackElement" ("id") VALUES (785);
INSERT INTO "Segment" ("id", "length") VALUES (785, 546);
UPDATE "TrackElement" SET "region" = 773 WHERE "id" = 785;
INSERT INTO "monitoredBy" VALUES (785, 781);
INSERT INTO "TrackElement" ("id") VALUES (786);
INSERT INTO "Segment" ("id", "length") VALUES (786, 395);
UPDATE "TrackElement" SET "region" = 773 WHERE "id" = 786;
INSERT INTO "monitoredBy" VALUES (786, 781);
INSERT INTO "Sensor" ("id") VALUES (787);
UPDATE "Sensor" SET "region" = 773 WHERE "id" = 787;
INSERT INTO "monitoredBy" VALUES (774, 787);
INSERT INTO "requires" VALUES (772, 787);
INSERT INTO "TrackElement" ("id") VALUES (788);
INSERT INTO "Segment" ("id", "length") VALUES (788, 964);
UPDATE "TrackElement" SET "region" = 773 WHERE "id" = 788;
INSERT INTO "monitoredBy" VALUES (788, 787);
INSERT INTO "TrackElement" ("id") VALUES (789);
INSERT INTO "Segment" ("id", "length") VALUES (789, 528);
UPDATE "TrackElement" SET "region" = 773 WHERE "id" = 789;
INSERT INTO "monitoredBy" VALUES (789, 787);
INSERT INTO "TrackElement" ("id") VALUES (790);
INSERT INTO "Segment" ("id", "length") VALUES (790, 918);
UPDATE "TrackElement" SET "region" = 773 WHERE "id" = 790;
INSERT INTO "monitoredBy" VALUES (790, 787);
INSERT INTO "TrackElement" ("id") VALUES (791);
INSERT INTO "Segment" ("id", "length") VALUES (791, 153);
UPDATE "TrackElement" SET "region" = 773 WHERE "id" = 791;
INSERT INTO "monitoredBy" VALUES (791, 787);
INSERT INTO "TrackElement" ("id") VALUES (792);
INSERT INTO "Segment" ("id", "length") VALUES (792, 910);
UPDATE "TrackElement" SET "region" = 773 WHERE "id" = 792;
INSERT INTO "monitoredBy" VALUES (792, 787);
INSERT INTO "Sensor" ("id") VALUES (793);
UPDATE "Sensor" SET "region" = 773 WHERE "id" = 793;
INSERT INTO "monitoredBy" VALUES (774, 793);
INSERT INTO "requires" VALUES (772, 793);
INSERT INTO "TrackElement" ("id") VALUES (794);
INSERT INTO "Segment" ("id", "length") VALUES (794, 851);
UPDATE "TrackElement" SET "region" = 773 WHERE "id" = 794;
INSERT INTO "monitoredBy" VALUES (794, 793);
INSERT INTO "TrackElement" ("id") VALUES (795);
INSERT INTO "Segment" ("id", "length") VALUES (795, 196);
UPDATE "TrackElement" SET "region" = 773 WHERE "id" = 795;
INSERT INTO "monitoredBy" VALUES (795, 793);
INSERT INTO "TrackElement" ("id") VALUES (796);
INSERT INTO "Segment" ("id", "length") VALUES (796, 151);
UPDATE "TrackElement" SET "region" = 773 WHERE "id" = 796;
INSERT INTO "monitoredBy" VALUES (796, 793);
INSERT INTO "TrackElement" ("id") VALUES (797);
INSERT INTO "Segment" ("id", "length") VALUES (797, 795);
UPDATE "TrackElement" SET "region" = 773 WHERE "id" = 797;
INSERT INTO "monitoredBy" VALUES (797, 793);
INSERT INTO "TrackElement" ("id") VALUES (798);
INSERT INTO "Segment" ("id", "length") VALUES (798, 166);
UPDATE "TrackElement" SET "region" = 773 WHERE "id" = 798;
INSERT INTO "monitoredBy" VALUES (798, 793);
INSERT INTO "Sensor" ("id") VALUES (799);
UPDATE "Sensor" SET "region" = 773 WHERE "id" = 799;
INSERT INTO "monitoredBy" VALUES (774, 799);
INSERT INTO "requires" VALUES (772, 799);
INSERT INTO "TrackElement" ("id") VALUES (800);
INSERT INTO "Segment" ("id", "length") VALUES (800, 428);
UPDATE "TrackElement" SET "region" = 773 WHERE "id" = 800;
INSERT INTO "monitoredBy" VALUES (800, 799);
INSERT INTO "TrackElement" ("id") VALUES (801);
INSERT INTO "Segment" ("id", "length") VALUES (801, 663);
UPDATE "TrackElement" SET "region" = 773 WHERE "id" = 801;
INSERT INTO "monitoredBy" VALUES (801, 799);
INSERT INTO "TrackElement" ("id") VALUES (802);
INSERT INTO "Segment" ("id", "length") VALUES (802, 986);
UPDATE "TrackElement" SET "region" = 773 WHERE "id" = 802;
INSERT INTO "monitoredBy" VALUES (802, 799);
INSERT INTO "TrackElement" ("id") VALUES (803);
INSERT INTO "Segment" ("id", "length") VALUES (803, 889);
UPDATE "TrackElement" SET "region" = 773 WHERE "id" = 803;
INSERT INTO "monitoredBy" VALUES (803, 799);
INSERT INTO "TrackElement" ("id") VALUES (804);
INSERT INTO "Segment" ("id", "length") VALUES (804, 319);
UPDATE "TrackElement" SET "region" = 773 WHERE "id" = 804;
INSERT INTO "monitoredBy" VALUES (804, 799);
INSERT INTO "Sensor" ("id") VALUES (805);
UPDATE "Sensor" SET "region" = 773 WHERE "id" = 805;
INSERT INTO "monitoredBy" VALUES (774, 805);
INSERT INTO "requires" VALUES (772, 805);
INSERT INTO "TrackElement" ("id") VALUES (806);
INSERT INTO "Segment" ("id", "length") VALUES (806, 772);
UPDATE "TrackElement" SET "region" = 773 WHERE "id" = 806;
INSERT INTO "monitoredBy" VALUES (806, 805);
INSERT INTO "TrackElement" ("id") VALUES (807);
INSERT INTO "Segment" ("id", "length") VALUES (807, 802);
UPDATE "TrackElement" SET "region" = 773 WHERE "id" = 807;
INSERT INTO "monitoredBy" VALUES (807, 805);
INSERT INTO "TrackElement" ("id") VALUES (808);
INSERT INTO "Segment" ("id", "length") VALUES (808, 335);
UPDATE "TrackElement" SET "region" = 773 WHERE "id" = 808;
INSERT INTO "monitoredBy" VALUES (808, 805);
INSERT INTO "TrackElement" ("id") VALUES (809);
INSERT INTO "Segment" ("id", "length") VALUES (809, 26);
UPDATE "TrackElement" SET "region" = 773 WHERE "id" = 809;
INSERT INTO "monitoredBy" VALUES (809, 805);
INSERT INTO "TrackElement" ("id") VALUES (810);
INSERT INTO "Segment" ("id", "length") VALUES (810, 779);
UPDATE "TrackElement" SET "region" = 773 WHERE "id" = 810;
INSERT INTO "monitoredBy" VALUES (810, 805);
INSERT INTO "Sensor" ("id") VALUES (811);
UPDATE "Sensor" SET "region" = 773 WHERE "id" = 811;
INSERT INTO "monitoredBy" VALUES (774, 811);
INSERT INTO "requires" VALUES (772, 811);
INSERT INTO "TrackElement" ("id") VALUES (812);
INSERT INTO "Segment" ("id", "length") VALUES (812, 243);
UPDATE "TrackElement" SET "region" = 773 WHERE "id" = 812;
INSERT INTO "monitoredBy" VALUES (812, 811);
INSERT INTO "TrackElement" ("id") VALUES (813);
INSERT INTO "Segment" ("id", "length") VALUES (813, 665);
UPDATE "TrackElement" SET "region" = 773 WHERE "id" = 813;
INSERT INTO "monitoredBy" VALUES (813, 811);
INSERT INTO "TrackElement" ("id") VALUES (814);
INSERT INTO "Segment" ("id", "length") VALUES (814, 557);
UPDATE "TrackElement" SET "region" = 773 WHERE "id" = 814;
INSERT INTO "monitoredBy" VALUES (814, 811);
INSERT INTO "TrackElement" ("id") VALUES (815);
INSERT INTO "Segment" ("id", "length") VALUES (815, 199);
UPDATE "TrackElement" SET "region" = 773 WHERE "id" = 815;
INSERT INTO "monitoredBy" VALUES (815, 811);
INSERT INTO "TrackElement" ("id") VALUES (816);
INSERT INTO "Segment" ("id", "length") VALUES (816, 788);
UPDATE "TrackElement" SET "region" = 773 WHERE "id" = 816;
INSERT INTO "monitoredBy" VALUES (816, 811);
INSERT INTO "Sensor" ("id") VALUES (817);
UPDATE "Sensor" SET "region" = 773 WHERE "id" = 817;
INSERT INTO "monitoredBy" VALUES (774, 817);
INSERT INTO "requires" VALUES (772, 817);
INSERT INTO "TrackElement" ("id") VALUES (818);
INSERT INTO "Segment" ("id", "length") VALUES (818, 983);
UPDATE "TrackElement" SET "region" = 773 WHERE "id" = 818;
INSERT INTO "monitoredBy" VALUES (818, 817);
INSERT INTO "TrackElement" ("id") VALUES (819);
INSERT INTO "Segment" ("id", "length") VALUES (819, 830);
UPDATE "TrackElement" SET "region" = 773 WHERE "id" = 819;
INSERT INTO "monitoredBy" VALUES (819, 817);
INSERT INTO "TrackElement" ("id") VALUES (820);
INSERT INTO "Segment" ("id", "length") VALUES (820, 179);
UPDATE "TrackElement" SET "region" = 773 WHERE "id" = 820;
INSERT INTO "monitoredBy" VALUES (820, 817);
INSERT INTO "TrackElement" ("id") VALUES (821);
INSERT INTO "Segment" ("id", "length") VALUES (821, 555);
UPDATE "TrackElement" SET "region" = 773 WHERE "id" = 821;
INSERT INTO "monitoredBy" VALUES (821, 817);
INSERT INTO "TrackElement" ("id") VALUES (822);
INSERT INTO "Segment" ("id", "length") VALUES (822, 608);
UPDATE "TrackElement" SET "region" = 773 WHERE "id" = 822;
INSERT INTO "monitoredBy" VALUES (822, 817);
INSERT INTO "SwitchPosition" ("id", "position", "target") VALUES (823, 1, 774);
UPDATE "SwitchPosition" SET "route" = 772 WHERE "id" = 823;
INSERT INTO "TrackElement" ("id") VALUES (824);
INSERT INTO "Switch" ("id", "currentPosition") VALUES (824, 0);
UPDATE "TrackElement" SET "region" = 773 WHERE "id" = 824;
INSERT INTO "Sensor" ("id") VALUES (825);
UPDATE "Sensor" SET "region" = 773 WHERE "id" = 825;
INSERT INTO "monitoredBy" VALUES (824, 825);
INSERT INTO "requires" VALUES (772, 825);
INSERT INTO "TrackElement" ("id") VALUES (826);
INSERT INTO "Segment" ("id", "length") VALUES (826, 692);
UPDATE "TrackElement" SET "region" = 773 WHERE "id" = 826;
INSERT INTO "monitoredBy" VALUES (826, 825);
INSERT INTO "TrackElement" ("id") VALUES (827);
INSERT INTO "Segment" ("id", "length") VALUES (827, 329);
UPDATE "TrackElement" SET "region" = 773 WHERE "id" = 827;
INSERT INTO "monitoredBy" VALUES (827, 825);
INSERT INTO "TrackElement" ("id") VALUES (828);
INSERT INTO "Segment" ("id", "length") VALUES (828, 593);
UPDATE "TrackElement" SET "region" = 773 WHERE "id" = 828;
INSERT INTO "monitoredBy" VALUES (828, 825);
INSERT INTO "TrackElement" ("id") VALUES (829);
INSERT INTO "Segment" ("id", "length") VALUES (829, 946);
UPDATE "TrackElement" SET "region" = 773 WHERE "id" = 829;
INSERT INTO "monitoredBy" VALUES (829, 825);
INSERT INTO "TrackElement" ("id") VALUES (830);
INSERT INTO "Segment" ("id", "length") VALUES (830, 554);
UPDATE "TrackElement" SET "region" = 773 WHERE "id" = 830;
INSERT INTO "monitoredBy" VALUES (830, 825);
INSERT INTO "Sensor" ("id") VALUES (831);
UPDATE "Sensor" SET "region" = 773 WHERE "id" = 831;
INSERT INTO "monitoredBy" VALUES (824, 831);
INSERT INTO "requires" VALUES (772, 831);
INSERT INTO "TrackElement" ("id") VALUES (832);
INSERT INTO "Segment" ("id", "length") VALUES (832, 10);
UPDATE "TrackElement" SET "region" = 773 WHERE "id" = 832;
INSERT INTO "monitoredBy" VALUES (832, 831);
INSERT INTO "TrackElement" ("id") VALUES (833);
INSERT INTO "Segment" ("id", "length") VALUES (833, 167);
UPDATE "TrackElement" SET "region" = 773 WHERE "id" = 833;
INSERT INTO "monitoredBy" VALUES (833, 831);
INSERT INTO "TrackElement" ("id") VALUES (834);
INSERT INTO "Segment" ("id", "length") VALUES (834, 209);
UPDATE "TrackElement" SET "region" = 773 WHERE "id" = 834;
INSERT INTO "monitoredBy" VALUES (834, 831);
INSERT INTO "TrackElement" ("id") VALUES (835);
INSERT INTO "Segment" ("id", "length") VALUES (835, 625);
UPDATE "TrackElement" SET "region" = 773 WHERE "id" = 835;
INSERT INTO "monitoredBy" VALUES (835, 831);
INSERT INTO "TrackElement" ("id") VALUES (836);
INSERT INTO "Segment" ("id", "length") VALUES (836, 8);
UPDATE "TrackElement" SET "region" = 773 WHERE "id" = 836;
INSERT INTO "monitoredBy" VALUES (836, 831);
INSERT INTO "Sensor" ("id") VALUES (837);
UPDATE "Sensor" SET "region" = 773 WHERE "id" = 837;
INSERT INTO "monitoredBy" VALUES (824, 837);
INSERT INTO "requires" VALUES (772, 837);
INSERT INTO "TrackElement" ("id") VALUES (838);
INSERT INTO "Segment" ("id", "length") VALUES (838, 68);
UPDATE "TrackElement" SET "region" = 773 WHERE "id" = 838;
INSERT INTO "monitoredBy" VALUES (838, 837);
INSERT INTO "TrackElement" ("id") VALUES (839);
INSERT INTO "Segment" ("id", "length") VALUES (839, 811);
UPDATE "TrackElement" SET "region" = 773 WHERE "id" = 839;
INSERT INTO "monitoredBy" VALUES (839, 837);
INSERT INTO "TrackElement" ("id") VALUES (840);
INSERT INTO "Segment" ("id", "length") VALUES (840, 354);
UPDATE "TrackElement" SET "region" = 773 WHERE "id" = 840;
INSERT INTO "monitoredBy" VALUES (840, 837);
INSERT INTO "TrackElement" ("id") VALUES (841);
INSERT INTO "Segment" ("id", "length") VALUES (841, 787);
UPDATE "TrackElement" SET "region" = 773 WHERE "id" = 841;
INSERT INTO "monitoredBy" VALUES (841, 837);
INSERT INTO "TrackElement" ("id") VALUES (842);
INSERT INTO "Segment" ("id", "length") VALUES (842, 222);
UPDATE "TrackElement" SET "region" = 773 WHERE "id" = 842;
INSERT INTO "monitoredBy" VALUES (842, 837);
INSERT INTO "Sensor" ("id") VALUES (843);
UPDATE "Sensor" SET "region" = 773 WHERE "id" = 843;
INSERT INTO "monitoredBy" VALUES (824, 843);
INSERT INTO "requires" VALUES (772, 843);
INSERT INTO "TrackElement" ("id") VALUES (844);
INSERT INTO "Segment" ("id", "length") VALUES (844, 796);
UPDATE "TrackElement" SET "region" = 773 WHERE "id" = 844;
INSERT INTO "monitoredBy" VALUES (844, 843);
INSERT INTO "TrackElement" ("id") VALUES (845);
INSERT INTO "Segment" ("id", "length") VALUES (845, 642);
UPDATE "TrackElement" SET "region" = 773 WHERE "id" = 845;
INSERT INTO "monitoredBy" VALUES (845, 843);
INSERT INTO "TrackElement" ("id") VALUES (846);
INSERT INTO "Segment" ("id", "length") VALUES (846, 24);
UPDATE "TrackElement" SET "region" = 773 WHERE "id" = 846;
INSERT INTO "monitoredBy" VALUES (846, 843);
INSERT INTO "TrackElement" ("id") VALUES (847);
INSERT INTO "Segment" ("id", "length") VALUES (847, 909);
UPDATE "TrackElement" SET "region" = 773 WHERE "id" = 847;
INSERT INTO "monitoredBy" VALUES (847, 843);
INSERT INTO "TrackElement" ("id") VALUES (848);
INSERT INTO "Segment" ("id", "length") VALUES (848, 946);
UPDATE "TrackElement" SET "region" = 773 WHERE "id" = 848;
INSERT INTO "monitoredBy" VALUES (848, 843);
INSERT INTO "Sensor" ("id") VALUES (849);
UPDATE "Sensor" SET "region" = 773 WHERE "id" = 849;
INSERT INTO "monitoredBy" VALUES (824, 849);
INSERT INTO "requires" VALUES (772, 849);
INSERT INTO "TrackElement" ("id") VALUES (850);
INSERT INTO "Segment" ("id", "length") VALUES (850, 208);
UPDATE "TrackElement" SET "region" = 773 WHERE "id" = 850;
INSERT INTO "monitoredBy" VALUES (850, 849);
INSERT INTO "TrackElement" ("id") VALUES (851);
INSERT INTO "Segment" ("id", "length") VALUES (851, 751);
UPDATE "TrackElement" SET "region" = 773 WHERE "id" = 851;
INSERT INTO "monitoredBy" VALUES (851, 849);
INSERT INTO "TrackElement" ("id") VALUES (852);
INSERT INTO "Segment" ("id", "length") VALUES (852, 276);
UPDATE "TrackElement" SET "region" = 773 WHERE "id" = 852;
INSERT INTO "monitoredBy" VALUES (852, 849);
INSERT INTO "TrackElement" ("id") VALUES (853);
INSERT INTO "Segment" ("id", "length") VALUES (853, 394);
UPDATE "TrackElement" SET "region" = 773 WHERE "id" = 853;
INSERT INTO "monitoredBy" VALUES (853, 849);
INSERT INTO "TrackElement" ("id") VALUES (854);
INSERT INTO "Segment" ("id", "length") VALUES (854, 436);
UPDATE "TrackElement" SET "region" = 773 WHERE "id" = 854;
INSERT INTO "monitoredBy" VALUES (854, 849);
INSERT INTO "SwitchPosition" ("id", "position", "target") VALUES (855, 0, 824);
UPDATE "SwitchPosition" SET "route" = 772 WHERE "id" = 855;
INSERT INTO "TrackElement" ("id") VALUES (856);
INSERT INTO "Switch" ("id", "currentPosition") VALUES (856, 1);
UPDATE "TrackElement" SET "region" = 773 WHERE "id" = 856;
INSERT INTO "Sensor" ("id") VALUES (857);
UPDATE "Sensor" SET "region" = 773 WHERE "id" = 857;
INSERT INTO "monitoredBy" VALUES (856, 857);
INSERT INTO "requires" VALUES (772, 857);
INSERT INTO "TrackElement" ("id") VALUES (858);
INSERT INTO "Segment" ("id", "length") VALUES (858, 122);
UPDATE "TrackElement" SET "region" = 773 WHERE "id" = 858;
INSERT INTO "monitoredBy" VALUES (858, 857);
INSERT INTO "TrackElement" ("id") VALUES (859);
INSERT INTO "Segment" ("id", "length") VALUES (859, 581);
UPDATE "TrackElement" SET "region" = 773 WHERE "id" = 859;
INSERT INTO "monitoredBy" VALUES (859, 857);
INSERT INTO "TrackElement" ("id") VALUES (860);
INSERT INTO "Segment" ("id", "length") VALUES (860, 929);
UPDATE "TrackElement" SET "region" = 773 WHERE "id" = 860;
INSERT INTO "monitoredBy" VALUES (860, 857);
INSERT INTO "TrackElement" ("id") VALUES (861);
INSERT INTO "Segment" ("id", "length") VALUES (861, 406);
UPDATE "TrackElement" SET "region" = 773 WHERE "id" = 861;
INSERT INTO "monitoredBy" VALUES (861, 857);
INSERT INTO "TrackElement" ("id") VALUES (862);
INSERT INTO "Segment" ("id", "length") VALUES (862, 491);
UPDATE "TrackElement" SET "region" = 773 WHERE "id" = 862;
INSERT INTO "monitoredBy" VALUES (862, 857);
INSERT INTO "Sensor" ("id") VALUES (863);
UPDATE "Sensor" SET "region" = 773 WHERE "id" = 863;
INSERT INTO "monitoredBy" VALUES (856, 863);
INSERT INTO "requires" VALUES (772, 863);
INSERT INTO "TrackElement" ("id") VALUES (864);
INSERT INTO "Segment" ("id", "length") VALUES (864, 887);
UPDATE "TrackElement" SET "region" = 773 WHERE "id" = 864;
INSERT INTO "monitoredBy" VALUES (864, 863);
INSERT INTO "TrackElement" ("id") VALUES (865);
INSERT INTO "Segment" ("id", "length") VALUES (865, 424);
UPDATE "TrackElement" SET "region" = 773 WHERE "id" = 865;
INSERT INTO "monitoredBy" VALUES (865, 863);
INSERT INTO "TrackElement" ("id") VALUES (866);
INSERT INTO "Segment" ("id", "length") VALUES (866, 234);
UPDATE "TrackElement" SET "region" = 773 WHERE "id" = 866;
INSERT INTO "monitoredBy" VALUES (866, 863);
INSERT INTO "TrackElement" ("id") VALUES (867);
INSERT INTO "Segment" ("id", "length") VALUES (867, 283);
UPDATE "TrackElement" SET "region" = 773 WHERE "id" = 867;
INSERT INTO "monitoredBy" VALUES (867, 863);
INSERT INTO "TrackElement" ("id") VALUES (868);
INSERT INTO "Segment" ("id", "length") VALUES (868, 781);
UPDATE "TrackElement" SET "region" = 773 WHERE "id" = 868;
INSERT INTO "monitoredBy" VALUES (868, 863);
INSERT INTO "Sensor" ("id") VALUES (869);
UPDATE "Sensor" SET "region" = 773 WHERE "id" = 869;
INSERT INTO "monitoredBy" VALUES (856, 869);
INSERT INTO "requires" VALUES (772, 869);
INSERT INTO "TrackElement" ("id") VALUES (870);
INSERT INTO "Segment" ("id", "length") VALUES (870, 443);
UPDATE "TrackElement" SET "region" = 773 WHERE "id" = 870;
INSERT INTO "monitoredBy" VALUES (870, 869);
INSERT INTO "TrackElement" ("id") VALUES (871);
INSERT INTO "Segment" ("id", "length") VALUES (871, 134);
UPDATE "TrackElement" SET "region" = 773 WHERE "id" = 871;
INSERT INTO "monitoredBy" VALUES (871, 869);
INSERT INTO "TrackElement" ("id") VALUES (872);
INSERT INTO "Segment" ("id", "length") VALUES (872, 519);
UPDATE "TrackElement" SET "region" = 773 WHERE "id" = 872;
INSERT INTO "monitoredBy" VALUES (872, 869);
INSERT INTO "TrackElement" ("id") VALUES (873);
INSERT INTO "Segment" ("id", "length") VALUES (873, 268);
UPDATE "TrackElement" SET "region" = 773 WHERE "id" = 873;
INSERT INTO "monitoredBy" VALUES (873, 869);
INSERT INTO "TrackElement" ("id") VALUES (874);
INSERT INTO "Segment" ("id", "length") VALUES (874, 499);
UPDATE "TrackElement" SET "region" = 773 WHERE "id" = 874;
INSERT INTO "monitoredBy" VALUES (874, 869);
INSERT INTO "Sensor" ("id") VALUES (875);
UPDATE "Sensor" SET "region" = 773 WHERE "id" = 875;
INSERT INTO "monitoredBy" VALUES (856, 875);
INSERT INTO "requires" VALUES (772, 875);
INSERT INTO "TrackElement" ("id") VALUES (876);
INSERT INTO "Segment" ("id", "length") VALUES (876, 343);
UPDATE "TrackElement" SET "region" = 773 WHERE "id" = 876;
INSERT INTO "monitoredBy" VALUES (876, 875);
INSERT INTO "TrackElement" ("id") VALUES (877);
INSERT INTO "Segment" ("id", "length") VALUES (877, 431);
UPDATE "TrackElement" SET "region" = 773 WHERE "id" = 877;
INSERT INTO "monitoredBy" VALUES (877, 875);
INSERT INTO "TrackElement" ("id") VALUES (878);
INSERT INTO "Segment" ("id", "length") VALUES (878, 954);
UPDATE "TrackElement" SET "region" = 773 WHERE "id" = 878;
INSERT INTO "monitoredBy" VALUES (878, 875);
INSERT INTO "TrackElement" ("id") VALUES (879);
INSERT INTO "Segment" ("id", "length") VALUES (879, 196);
UPDATE "TrackElement" SET "region" = 773 WHERE "id" = 879;
INSERT INTO "monitoredBy" VALUES (879, 875);
INSERT INTO "TrackElement" ("id") VALUES (880);
INSERT INTO "Segment" ("id", "length") VALUES (880, 704);
UPDATE "TrackElement" SET "region" = 773 WHERE "id" = 880;
INSERT INTO "monitoredBy" VALUES (880, 875);
INSERT INTO "Sensor" ("id") VALUES (881);
UPDATE "Sensor" SET "region" = 773 WHERE "id" = 881;
INSERT INTO "monitoredBy" VALUES (856, 881);
INSERT INTO "requires" VALUES (772, 881);
INSERT INTO "TrackElement" ("id") VALUES (882);
INSERT INTO "Segment" ("id", "length") VALUES (882, 177);
UPDATE "TrackElement" SET "region" = 773 WHERE "id" = 882;
INSERT INTO "monitoredBy" VALUES (882, 881);
INSERT INTO "TrackElement" ("id") VALUES (883);
INSERT INTO "Segment" ("id", "length") VALUES (883, 84);
UPDATE "TrackElement" SET "region" = 773 WHERE "id" = 883;
INSERT INTO "monitoredBy" VALUES (883, 881);
INSERT INTO "TrackElement" ("id") VALUES (884);
INSERT INTO "Segment" ("id", "length") VALUES (884, 931);
UPDATE "TrackElement" SET "region" = 773 WHERE "id" = 884;
INSERT INTO "monitoredBy" VALUES (884, 881);
INSERT INTO "TrackElement" ("id") VALUES (885);
INSERT INTO "Segment" ("id", "length") VALUES (885, 484);
UPDATE "TrackElement" SET "region" = 773 WHERE "id" = 885;
INSERT INTO "monitoredBy" VALUES (885, 881);
INSERT INTO "TrackElement" ("id") VALUES (886);
INSERT INTO "Segment" ("id", "length") VALUES (886, 18);
UPDATE "TrackElement" SET "region" = 773 WHERE "id" = 886;
INSERT INTO "monitoredBy" VALUES (886, 881);
INSERT INTO "Sensor" ("id") VALUES (887);
UPDATE "Sensor" SET "region" = 773 WHERE "id" = 887;
INSERT INTO "monitoredBy" VALUES (856, 887);
INSERT INTO "requires" VALUES (772, 887);
INSERT INTO "TrackElement" ("id") VALUES (888);
INSERT INTO "Segment" ("id", "length") VALUES (888, 488);
UPDATE "TrackElement" SET "region" = 773 WHERE "id" = 888;
INSERT INTO "monitoredBy" VALUES (888, 887);
INSERT INTO "TrackElement" ("id") VALUES (889);
INSERT INTO "Segment" ("id", "length") VALUES (889, 988);
UPDATE "TrackElement" SET "region" = 773 WHERE "id" = 889;
INSERT INTO "monitoredBy" VALUES (889, 887);
INSERT INTO "TrackElement" ("id") VALUES (890);
INSERT INTO "Segment" ("id", "length") VALUES (890, 251);
UPDATE "TrackElement" SET "region" = 773 WHERE "id" = 890;
INSERT INTO "monitoredBy" VALUES (890, 887);
INSERT INTO "TrackElement" ("id") VALUES (891);
INSERT INTO "Segment" ("id", "length") VALUES (891, 224);
UPDATE "TrackElement" SET "region" = 773 WHERE "id" = 891;
INSERT INTO "monitoredBy" VALUES (891, 887);
INSERT INTO "TrackElement" ("id") VALUES (892);
INSERT INTO "Segment" ("id", "length") VALUES (892, 301);
UPDATE "TrackElement" SET "region" = 773 WHERE "id" = 892;
INSERT INTO "monitoredBy" VALUES (892, 887);
INSERT INTO "Sensor" ("id") VALUES (893);
UPDATE "Sensor" SET "region" = 773 WHERE "id" = 893;
INSERT INTO "monitoredBy" VALUES (856, 893);
INSERT INTO "requires" VALUES (772, 893);
INSERT INTO "TrackElement" ("id") VALUES (894);
INSERT INTO "Segment" ("id", "length") VALUES (894, 39);
UPDATE "TrackElement" SET "region" = 773 WHERE "id" = 894;
INSERT INTO "monitoredBy" VALUES (894, 893);
INSERT INTO "TrackElement" ("id") VALUES (895);
INSERT INTO "Segment" ("id", "length") VALUES (895, 66);
UPDATE "TrackElement" SET "region" = 773 WHERE "id" = 895;
INSERT INTO "monitoredBy" VALUES (895, 893);
INSERT INTO "TrackElement" ("id") VALUES (896);
INSERT INTO "Segment" ("id", "length") VALUES (896, 782);
UPDATE "TrackElement" SET "region" = 773 WHERE "id" = 896;
INSERT INTO "monitoredBy" VALUES (896, 893);
INSERT INTO "TrackElement" ("id") VALUES (897);
INSERT INTO "Segment" ("id", "length") VALUES (897, 968);
UPDATE "TrackElement" SET "region" = 773 WHERE "id" = 897;
INSERT INTO "monitoredBy" VALUES (897, 893);
INSERT INTO "TrackElement" ("id") VALUES (898);
INSERT INTO "Segment" ("id", "length") VALUES (898, 687);
UPDATE "TrackElement" SET "region" = 773 WHERE "id" = 898;
INSERT INTO "monitoredBy" VALUES (898, 893);
INSERT INTO "SwitchPosition" ("id", "position", "target") VALUES (899, 1, 856);
UPDATE "SwitchPosition" SET "route" = 772 WHERE "id" = 899;
INSERT INTO "TrackElement" ("id") VALUES (900);
INSERT INTO "Switch" ("id", "currentPosition") VALUES (900, 1);
UPDATE "TrackElement" SET "region" = 773 WHERE "id" = 900;
INSERT INTO "Sensor" ("id") VALUES (901);
UPDATE "Sensor" SET "region" = 773 WHERE "id" = 901;
INSERT INTO "monitoredBy" VALUES (900, 901);
INSERT INTO "requires" VALUES (772, 901);
INSERT INTO "TrackElement" ("id") VALUES (902);
INSERT INTO "Segment" ("id", "length") VALUES (902, 220);
UPDATE "TrackElement" SET "region" = 773 WHERE "id" = 902;
INSERT INTO "monitoredBy" VALUES (902, 901);
INSERT INTO "TrackElement" ("id") VALUES (903);
INSERT INTO "Segment" ("id", "length") VALUES (903, 434);
UPDATE "TrackElement" SET "region" = 773 WHERE "id" = 903;
INSERT INTO "monitoredBy" VALUES (903, 901);
INSERT INTO "TrackElement" ("id") VALUES (904);
INSERT INTO "Segment" ("id", "length") VALUES (904, 216);
UPDATE "TrackElement" SET "region" = 773 WHERE "id" = 904;
INSERT INTO "monitoredBy" VALUES (904, 901);
INSERT INTO "TrackElement" ("id") VALUES (905);
INSERT INTO "Segment" ("id", "length") VALUES (905, 160);
UPDATE "TrackElement" SET "region" = 773 WHERE "id" = 905;
INSERT INTO "monitoredBy" VALUES (905, 901);
INSERT INTO "TrackElement" ("id") VALUES (906);
INSERT INTO "Segment" ("id", "length") VALUES (906, 268);
UPDATE "TrackElement" SET "region" = 773 WHERE "id" = 906;
INSERT INTO "monitoredBy" VALUES (906, 901);
INSERT INTO "Sensor" ("id") VALUES (907);
UPDATE "Sensor" SET "region" = 773 WHERE "id" = 907;
INSERT INTO "monitoredBy" VALUES (900, 907);
INSERT INTO "requires" VALUES (772, 907);
INSERT INTO "TrackElement" ("id") VALUES (908);
INSERT INTO "Segment" ("id", "length") VALUES (908, 488);
UPDATE "TrackElement" SET "region" = 773 WHERE "id" = 908;
INSERT INTO "monitoredBy" VALUES (908, 907);
INSERT INTO "TrackElement" ("id") VALUES (909);
INSERT INTO "Segment" ("id", "length") VALUES (909, 894);
UPDATE "TrackElement" SET "region" = 773 WHERE "id" = 909;
INSERT INTO "monitoredBy" VALUES (909, 907);
INSERT INTO "TrackElement" ("id") VALUES (910);
INSERT INTO "Segment" ("id", "length") VALUES (910, 691);
UPDATE "TrackElement" SET "region" = 773 WHERE "id" = 910;
INSERT INTO "monitoredBy" VALUES (910, 907);
INSERT INTO "TrackElement" ("id") VALUES (911);
INSERT INTO "Segment" ("id", "length") VALUES (911, 546);
UPDATE "TrackElement" SET "region" = 773 WHERE "id" = 911;
INSERT INTO "monitoredBy" VALUES (911, 907);
INSERT INTO "TrackElement" ("id") VALUES (912);
INSERT INTO "Segment" ("id", "length") VALUES (912, 610);
UPDATE "TrackElement" SET "region" = 773 WHERE "id" = 912;
INSERT INTO "monitoredBy" VALUES (912, 907);
INSERT INTO "Sensor" ("id") VALUES (913);
UPDATE "Sensor" SET "region" = 773 WHERE "id" = 913;
INSERT INTO "monitoredBy" VALUES (900, 913);
INSERT INTO "requires" VALUES (772, 913);
INSERT INTO "TrackElement" ("id") VALUES (914);
INSERT INTO "Segment" ("id", "length") VALUES (914, 132);
UPDATE "TrackElement" SET "region" = 773 WHERE "id" = 914;
INSERT INTO "monitoredBy" VALUES (914, 913);
INSERT INTO "TrackElement" ("id") VALUES (915);
INSERT INTO "Segment" ("id", "length") VALUES (915, 193);
UPDATE "TrackElement" SET "region" = 773 WHERE "id" = 915;
INSERT INTO "monitoredBy" VALUES (915, 913);
INSERT INTO "TrackElement" ("id") VALUES (916);
INSERT INTO "Segment" ("id", "length") VALUES (916, 578);
UPDATE "TrackElement" SET "region" = 773 WHERE "id" = 916;
INSERT INTO "monitoredBy" VALUES (916, 913);
INSERT INTO "TrackElement" ("id") VALUES (917);
INSERT INTO "Segment" ("id", "length") VALUES (917, 982);
UPDATE "TrackElement" SET "region" = 773 WHERE "id" = 917;
INSERT INTO "monitoredBy" VALUES (917, 913);
INSERT INTO "TrackElement" ("id") VALUES (918);
INSERT INTO "Segment" ("id", "length") VALUES (918, 805);
UPDATE "TrackElement" SET "region" = 773 WHERE "id" = 918;
INSERT INTO "monitoredBy" VALUES (918, 913);
INSERT INTO "Sensor" ("id") VALUES (919);
UPDATE "Sensor" SET "region" = 773 WHERE "id" = 919;
INSERT INTO "monitoredBy" VALUES (900, 919);
INSERT INTO "requires" VALUES (772, 919);
INSERT INTO "TrackElement" ("id") VALUES (920);
INSERT INTO "Segment" ("id", "length") VALUES (920, 340);
UPDATE "TrackElement" SET "region" = 773 WHERE "id" = 920;
INSERT INTO "monitoredBy" VALUES (920, 919);
INSERT INTO "TrackElement" ("id") VALUES (921);
INSERT INTO "Segment" ("id", "length") VALUES (921, 366);
UPDATE "TrackElement" SET "region" = 773 WHERE "id" = 921;
INSERT INTO "monitoredBy" VALUES (921, 919);
INSERT INTO "TrackElement" ("id") VALUES (922);
INSERT INTO "Segment" ("id", "length") VALUES (922, 128);
UPDATE "TrackElement" SET "region" = 773 WHERE "id" = 922;
INSERT INTO "monitoredBy" VALUES (922, 919);
INSERT INTO "TrackElement" ("id") VALUES (923);
INSERT INTO "Segment" ("id", "length") VALUES (923, 833);
UPDATE "TrackElement" SET "region" = 773 WHERE "id" = 923;
INSERT INTO "monitoredBy" VALUES (923, 919);
INSERT INTO "TrackElement" ("id") VALUES (924);
INSERT INTO "Segment" ("id", "length") VALUES (924, 475);
UPDATE "TrackElement" SET "region" = 773 WHERE "id" = 924;
INSERT INTO "monitoredBy" VALUES (924, 919);
INSERT INTO "TrackElement" ("id") VALUES (925);
INSERT INTO "Segment" ("id", "length") VALUES (925, 197);
UPDATE "TrackElement" SET "region" = 773 WHERE "id" = 925;
INSERT INTO "monitoredBy" VALUES (925, 919);
INSERT INTO "Sensor" ("id") VALUES (926);
UPDATE "Sensor" SET "region" = 773 WHERE "id" = 926;
INSERT INTO "monitoredBy" VALUES (900, 926);
INSERT INTO "requires" VALUES (772, 926);
INSERT INTO "TrackElement" ("id") VALUES (927);
INSERT INTO "Segment" ("id", "length") VALUES (927, 388);
UPDATE "TrackElement" SET "region" = 773 WHERE "id" = 927;
INSERT INTO "monitoredBy" VALUES (927, 926);
INSERT INTO "TrackElement" ("id") VALUES (928);
INSERT INTO "Segment" ("id", "length") VALUES (928, 246);
UPDATE "TrackElement" SET "region" = 773 WHERE "id" = 928;
INSERT INTO "monitoredBy" VALUES (928, 926);
INSERT INTO "TrackElement" ("id") VALUES (929);
INSERT INTO "Segment" ("id", "length") VALUES (929, 175);
UPDATE "TrackElement" SET "region" = 773 WHERE "id" = 929;
INSERT INTO "monitoredBy" VALUES (929, 926);
INSERT INTO "TrackElement" ("id") VALUES (930);
INSERT INTO "Segment" ("id", "length") VALUES (930, 446);
UPDATE "TrackElement" SET "region" = 773 WHERE "id" = 930;
INSERT INTO "monitoredBy" VALUES (930, 926);
INSERT INTO "TrackElement" ("id") VALUES (931);
INSERT INTO "Segment" ("id", "length") VALUES (931, 214);
UPDATE "TrackElement" SET "region" = 773 WHERE "id" = 931;
INSERT INTO "monitoredBy" VALUES (931, 926);
INSERT INTO "Sensor" ("id") VALUES (932);
UPDATE "Sensor" SET "region" = 773 WHERE "id" = 932;
INSERT INTO "monitoredBy" VALUES (900, 932);
INSERT INTO "requires" VALUES (772, 932);
INSERT INTO "TrackElement" ("id") VALUES (933);
INSERT INTO "Segment" ("id", "length") VALUES (933, 941);
UPDATE "TrackElement" SET "region" = 773 WHERE "id" = 933;
INSERT INTO "monitoredBy" VALUES (933, 932);
INSERT INTO "TrackElement" ("id") VALUES (934);
INSERT INTO "Segment" ("id", "length") VALUES (934, 60);
UPDATE "TrackElement" SET "region" = 773 WHERE "id" = 934;
INSERT INTO "monitoredBy" VALUES (934, 932);
INSERT INTO "TrackElement" ("id") VALUES (935);
INSERT INTO "Segment" ("id", "length") VALUES (935, 381);
UPDATE "TrackElement" SET "region" = 773 WHERE "id" = 935;
INSERT INTO "monitoredBy" VALUES (935, 932);
INSERT INTO "TrackElement" ("id") VALUES (936);
INSERT INTO "Segment" ("id", "length") VALUES (936, 667);
UPDATE "TrackElement" SET "region" = 773 WHERE "id" = 936;
INSERT INTO "monitoredBy" VALUES (936, 932);
INSERT INTO "TrackElement" ("id") VALUES (937);
INSERT INTO "Segment" ("id", "length") VALUES (937, 589);
UPDATE "TrackElement" SET "region" = 773 WHERE "id" = 937;
INSERT INTO "monitoredBy" VALUES (937, 932);
INSERT INTO "Sensor" ("id") VALUES (938);
UPDATE "Sensor" SET "region" = 773 WHERE "id" = 938;
INSERT INTO "monitoredBy" VALUES (900, 938);
INSERT INTO "requires" VALUES (772, 938);
INSERT INTO "TrackElement" ("id") VALUES (939);
INSERT INTO "Segment" ("id", "length") VALUES (939, 563);
UPDATE "TrackElement" SET "region" = 773 WHERE "id" = 939;
INSERT INTO "monitoredBy" VALUES (939, 938);
INSERT INTO "TrackElement" ("id") VALUES (940);
INSERT INTO "Segment" ("id", "length") VALUES (940, 815);
UPDATE "TrackElement" SET "region" = 773 WHERE "id" = 940;
INSERT INTO "monitoredBy" VALUES (940, 938);
INSERT INTO "TrackElement" ("id") VALUES (941);
INSERT INTO "Segment" ("id", "length") VALUES (941, 547);
UPDATE "TrackElement" SET "region" = 773 WHERE "id" = 941;
INSERT INTO "monitoredBy" VALUES (941, 938);
INSERT INTO "TrackElement" ("id") VALUES (942);
INSERT INTO "Segment" ("id", "length") VALUES (942, 616);
UPDATE "TrackElement" SET "region" = 773 WHERE "id" = 942;
INSERT INTO "monitoredBy" VALUES (942, 938);
INSERT INTO "TrackElement" ("id") VALUES (943);
INSERT INTO "Segment" ("id", "length") VALUES (943, 121);
UPDATE "TrackElement" SET "region" = 773 WHERE "id" = 943;
INSERT INTO "monitoredBy" VALUES (943, 938);
INSERT INTO "Sensor" ("id") VALUES (944);
UPDATE "Sensor" SET "region" = 773 WHERE "id" = 944;
INSERT INTO "monitoredBy" VALUES (900, 944);
INSERT INTO "TrackElement" ("id") VALUES (945);
INSERT INTO "Segment" ("id", "length") VALUES (945, 186);
UPDATE "TrackElement" SET "region" = 773 WHERE "id" = 945;
INSERT INTO "monitoredBy" VALUES (945, 944);
INSERT INTO "TrackElement" ("id") VALUES (946);
INSERT INTO "Segment" ("id", "length") VALUES (946, 560);
UPDATE "TrackElement" SET "region" = 773 WHERE "id" = 946;
INSERT INTO "monitoredBy" VALUES (946, 944);
INSERT INTO "TrackElement" ("id") VALUES (947);
INSERT INTO "Segment" ("id", "length") VALUES (947, 801);
UPDATE "TrackElement" SET "region" = 773 WHERE "id" = 947;
INSERT INTO "monitoredBy" VALUES (947, 944);
INSERT INTO "TrackElement" ("id") VALUES (948);
INSERT INTO "Segment" ("id", "length") VALUES (948, 257);
UPDATE "TrackElement" SET "region" = 773 WHERE "id" = 948;
INSERT INTO "monitoredBy" VALUES (948, 944);
INSERT INTO "TrackElement" ("id") VALUES (949);
INSERT INTO "Segment" ("id", "length") VALUES (949, 558);
UPDATE "TrackElement" SET "region" = 773 WHERE "id" = 949;
INSERT INTO "monitoredBy" VALUES (949, 944);
INSERT INTO "SwitchPosition" ("id", "position", "target") VALUES (950, 1, 900);
UPDATE "SwitchPosition" SET "route" = 772 WHERE "id" = 950;
INSERT INTO "TrackElement" ("id") VALUES (951);
INSERT INTO "Switch" ("id", "currentPosition") VALUES (951, 1);
UPDATE "TrackElement" SET "region" = 773 WHERE "id" = 951;
INSERT INTO "Sensor" ("id") VALUES (952);
UPDATE "Sensor" SET "region" = 773 WHERE "id" = 952;
INSERT INTO "monitoredBy" VALUES (951, 952);
INSERT INTO "requires" VALUES (772, 952);
INSERT INTO "TrackElement" ("id") VALUES (953);
INSERT INTO "Segment" ("id", "length") VALUES (953, 832);
UPDATE "TrackElement" SET "region" = 773 WHERE "id" = 953;
INSERT INTO "monitoredBy" VALUES (953, 952);
INSERT INTO "TrackElement" ("id") VALUES (954);
INSERT INTO "Segment" ("id", "length") VALUES (954, 250);
UPDATE "TrackElement" SET "region" = 773 WHERE "id" = 954;
INSERT INTO "monitoredBy" VALUES (954, 952);
INSERT INTO "TrackElement" ("id") VALUES (955);
INSERT INTO "Segment" ("id", "length") VALUES (955, 151);
UPDATE "TrackElement" SET "region" = 773 WHERE "id" = 955;
INSERT INTO "monitoredBy" VALUES (955, 952);
INSERT INTO "TrackElement" ("id") VALUES (956);
INSERT INTO "Segment" ("id", "length") VALUES (956, 63);
UPDATE "TrackElement" SET "region" = 773 WHERE "id" = 956;
INSERT INTO "monitoredBy" VALUES (956, 952);
INSERT INTO "TrackElement" ("id") VALUES (957);
INSERT INTO "Segment" ("id", "length") VALUES (957, 653);
UPDATE "TrackElement" SET "region" = 773 WHERE "id" = 957;
INSERT INTO "monitoredBy" VALUES (957, 952);
INSERT INTO "Sensor" ("id") VALUES (958);
UPDATE "Sensor" SET "region" = 773 WHERE "id" = 958;
INSERT INTO "monitoredBy" VALUES (951, 958);
INSERT INTO "requires" VALUES (772, 958);
INSERT INTO "TrackElement" ("id") VALUES (959);
INSERT INTO "Segment" ("id", "length") VALUES (959, 350);
UPDATE "TrackElement" SET "region" = 773 WHERE "id" = 959;
INSERT INTO "monitoredBy" VALUES (959, 958);
INSERT INTO "TrackElement" ("id") VALUES (960);
INSERT INTO "Segment" ("id", "length") VALUES (960, 967);
UPDATE "TrackElement" SET "region" = 773 WHERE "id" = 960;
INSERT INTO "monitoredBy" VALUES (960, 958);
INSERT INTO "TrackElement" ("id") VALUES (961);
INSERT INTO "Segment" ("id", "length") VALUES (961, 388);
UPDATE "TrackElement" SET "region" = 773 WHERE "id" = 961;
INSERT INTO "monitoredBy" VALUES (961, 958);
INSERT INTO "TrackElement" ("id") VALUES (962);
INSERT INTO "Segment" ("id", "length") VALUES (962, 37);
UPDATE "TrackElement" SET "region" = 773 WHERE "id" = 962;
INSERT INTO "monitoredBy" VALUES (962, 958);
INSERT INTO "TrackElement" ("id") VALUES (963);
INSERT INTO "Segment" ("id", "length") VALUES (963, 597);
UPDATE "TrackElement" SET "region" = 773 WHERE "id" = 963;
INSERT INTO "monitoredBy" VALUES (963, 958);
INSERT INTO "Sensor" ("id") VALUES (964);
UPDATE "Sensor" SET "region" = 773 WHERE "id" = 964;
INSERT INTO "monitoredBy" VALUES (951, 964);
INSERT INTO "requires" VALUES (772, 964);
INSERT INTO "TrackElement" ("id") VALUES (965);
INSERT INTO "Segment" ("id", "length") VALUES (965, 676);
UPDATE "TrackElement" SET "region" = 773 WHERE "id" = 965;
INSERT INTO "monitoredBy" VALUES (965, 964);
INSERT INTO "TrackElement" ("id") VALUES (966);
INSERT INTO "Segment" ("id", "length") VALUES (966, 711);
UPDATE "TrackElement" SET "region" = 773 WHERE "id" = 966;
INSERT INTO "monitoredBy" VALUES (966, 964);
INSERT INTO "TrackElement" ("id") VALUES (967);
INSERT INTO "Segment" ("id", "length") VALUES (967, 649);
UPDATE "TrackElement" SET "region" = 773 WHERE "id" = 967;
INSERT INTO "monitoredBy" VALUES (967, 964);
INSERT INTO "TrackElement" ("id") VALUES (968);
INSERT INTO "Segment" ("id", "length") VALUES (968, 135);
UPDATE "TrackElement" SET "region" = 773 WHERE "id" = 968;
INSERT INTO "monitoredBy" VALUES (968, 964);
INSERT INTO "TrackElement" ("id") VALUES (969);
INSERT INTO "Segment" ("id", "length") VALUES (969, 267);
UPDATE "TrackElement" SET "region" = 773 WHERE "id" = 969;
INSERT INTO "monitoredBy" VALUES (969, 964);
INSERT INTO "Sensor" ("id") VALUES (970);
UPDATE "Sensor" SET "region" = 773 WHERE "id" = 970;
INSERT INTO "monitoredBy" VALUES (951, 970);
INSERT INTO "requires" VALUES (772, 970);
INSERT INTO "TrackElement" ("id") VALUES (971);
INSERT INTO "Segment" ("id", "length") VALUES (971, 145);
UPDATE "TrackElement" SET "region" = 773 WHERE "id" = 971;
INSERT INTO "monitoredBy" VALUES (971, 970);
INSERT INTO "TrackElement" ("id") VALUES (972);
INSERT INTO "Segment" ("id", "length") VALUES (972, 211);
UPDATE "TrackElement" SET "region" = 773 WHERE "id" = 972;
INSERT INTO "monitoredBy" VALUES (972, 970);
INSERT INTO "TrackElement" ("id") VALUES (973);
INSERT INTO "Segment" ("id", "length") VALUES (973, 85);
UPDATE "TrackElement" SET "region" = 773 WHERE "id" = 973;
INSERT INTO "monitoredBy" VALUES (973, 970);
INSERT INTO "TrackElement" ("id") VALUES (974);
INSERT INTO "Segment" ("id", "length") VALUES (974, 874);
UPDATE "TrackElement" SET "region" = 773 WHERE "id" = 974;
INSERT INTO "monitoredBy" VALUES (974, 970);
INSERT INTO "TrackElement" ("id") VALUES (975);
INSERT INTO "Segment" ("id", "length") VALUES (975, 748);
UPDATE "TrackElement" SET "region" = 773 WHERE "id" = 975;
INSERT INTO "monitoredBy" VALUES (975, 970);
INSERT INTO "Sensor" ("id") VALUES (976);
UPDATE "Sensor" SET "region" = 773 WHERE "id" = 976;
INSERT INTO "monitoredBy" VALUES (951, 976);
INSERT INTO "requires" VALUES (772, 976);
INSERT INTO "TrackElement" ("id") VALUES (977);
INSERT INTO "Segment" ("id", "length") VALUES (977, 674);
UPDATE "TrackElement" SET "region" = 773 WHERE "id" = 977;
INSERT INTO "monitoredBy" VALUES (977, 976);
INSERT INTO "TrackElement" ("id") VALUES (978);
INSERT INTO "Segment" ("id", "length") VALUES (978, 478);
UPDATE "TrackElement" SET "region" = 773 WHERE "id" = 978;
INSERT INTO "monitoredBy" VALUES (978, 976);
INSERT INTO "TrackElement" ("id") VALUES (979);
INSERT INTO "Segment" ("id", "length") VALUES (979, 86);
UPDATE "TrackElement" SET "region" = 773 WHERE "id" = 979;
INSERT INTO "monitoredBy" VALUES (979, 976);
INSERT INTO "TrackElement" ("id") VALUES (980);
INSERT INTO "Segment" ("id", "length") VALUES (980, 898);
UPDATE "TrackElement" SET "region" = 773 WHERE "id" = 980;
INSERT INTO "monitoredBy" VALUES (980, 976);
INSERT INTO "TrackElement" ("id") VALUES (981);
INSERT INTO "Segment" ("id", "length") VALUES (981, 526);
UPDATE "TrackElement" SET "region" = 773 WHERE "id" = 981;
INSERT INTO "monitoredBy" VALUES (981, 976);
INSERT INTO "Sensor" ("id") VALUES (982);
UPDATE "Sensor" SET "region" = 773 WHERE "id" = 982;
INSERT INTO "monitoredBy" VALUES (951, 982);
INSERT INTO "TrackElement" ("id") VALUES (983);
INSERT INTO "Segment" ("id", "length") VALUES (983, 608);
UPDATE "TrackElement" SET "region" = 773 WHERE "id" = 983;
INSERT INTO "monitoredBy" VALUES (983, 982);
INSERT INTO "TrackElement" ("id") VALUES (984);
INSERT INTO "Segment" ("id", "length") VALUES (984, 123);
UPDATE "TrackElement" SET "region" = 773 WHERE "id" = 984;
INSERT INTO "monitoredBy" VALUES (984, 982);
INSERT INTO "TrackElement" ("id") VALUES (985);
INSERT INTO "Segment" ("id", "length") VALUES (985, 251);
UPDATE "TrackElement" SET "region" = 773 WHERE "id" = 985;
INSERT INTO "monitoredBy" VALUES (985, 982);
INSERT INTO "TrackElement" ("id") VALUES (986);
INSERT INTO "Segment" ("id", "length") VALUES (986, 523);
UPDATE "TrackElement" SET "region" = 773 WHERE "id" = 986;
INSERT INTO "monitoredBy" VALUES (986, 982);
INSERT INTO "TrackElement" ("id") VALUES (987);
INSERT INTO "Segment" ("id", "length") VALUES (987, 98);
UPDATE "TrackElement" SET "region" = 773 WHERE "id" = 987;
INSERT INTO "monitoredBy" VALUES (987, 982);
INSERT INTO "Sensor" ("id") VALUES (988);
UPDATE "Sensor" SET "region" = 773 WHERE "id" = 988;
INSERT INTO "monitoredBy" VALUES (951, 988);
INSERT INTO "requires" VALUES (772, 988);
INSERT INTO "TrackElement" ("id") VALUES (989);
INSERT INTO "Segment" ("id", "length") VALUES (989, 548);
UPDATE "TrackElement" SET "region" = 773 WHERE "id" = 989;
INSERT INTO "monitoredBy" VALUES (989, 988);
INSERT INTO "TrackElement" ("id") VALUES (990);
INSERT INTO "Segment" ("id", "length") VALUES (990, 129);
UPDATE "TrackElement" SET "region" = 773 WHERE "id" = 990;
INSERT INTO "monitoredBy" VALUES (990, 988);
INSERT INTO "TrackElement" ("id") VALUES (991);
INSERT INTO "Segment" ("id", "length") VALUES (991, 890);
UPDATE "TrackElement" SET "region" = 773 WHERE "id" = 991;
INSERT INTO "monitoredBy" VALUES (991, 988);
INSERT INTO "TrackElement" ("id") VALUES (992);
INSERT INTO "Segment" ("id", "length") VALUES (992, 599);
UPDATE "TrackElement" SET "region" = 773 WHERE "id" = 992;
INSERT INTO "monitoredBy" VALUES (992, 988);
INSERT INTO "TrackElement" ("id") VALUES (993);
INSERT INTO "Segment" ("id", "length") VALUES (993, 470);
UPDATE "TrackElement" SET "region" = 773 WHERE "id" = 993;
INSERT INTO "monitoredBy" VALUES (993, 988);
INSERT INTO "SwitchPosition" ("id", "position", "target") VALUES (994, 1, 951);
UPDATE "SwitchPosition" SET "route" = 772 WHERE "id" = 994;
INSERT INTO "TrackElement" ("id") VALUES (995);
INSERT INTO "Switch" ("id", "currentPosition") VALUES (995, 0);
UPDATE "TrackElement" SET "region" = 773 WHERE "id" = 995;
INSERT INTO "Sensor" ("id") VALUES (996);
UPDATE "Sensor" SET "region" = 773 WHERE "id" = 996;
INSERT INTO "monitoredBy" VALUES (995, 996);
INSERT INTO "requires" VALUES (772, 996);
INSERT INTO "TrackElement" ("id") VALUES (997);
INSERT INTO "Segment" ("id", "length") VALUES (997, 111);
UPDATE "TrackElement" SET "region" = 773 WHERE "id" = 997;
INSERT INTO "monitoredBy" VALUES (997, 996);
INSERT INTO "TrackElement" ("id") VALUES (998);
INSERT INTO "Segment" ("id", "length") VALUES (998, 704);
UPDATE "TrackElement" SET "region" = 773 WHERE "id" = 998;
INSERT INTO "monitoredBy" VALUES (998, 996);
INSERT INTO "TrackElement" ("id") VALUES (999);
INSERT INTO "Segment" ("id", "length") VALUES (999, 423);
UPDATE "TrackElement" SET "region" = 773 WHERE "id" = 999;
INSERT INTO "monitoredBy" VALUES (999, 996);
INSERT INTO "TrackElement" ("id") VALUES (1000);
INSERT INTO "Segment" ("id", "length") VALUES (1000, 463);
UPDATE "TrackElement" SET "region" = 773 WHERE "id" = 1000;
INSERT INTO "monitoredBy" VALUES (1000, 996);
INSERT INTO "TrackElement" ("id") VALUES (1001);
INSERT INTO "Segment" ("id", "length") VALUES (1001, 734);
UPDATE "TrackElement" SET "region" = 773 WHERE "id" = 1001;
INSERT INTO "monitoredBy" VALUES (1001, 996);
INSERT INTO "Sensor" ("id") VALUES (1002);
UPDATE "Sensor" SET "region" = 773 WHERE "id" = 1002;
INSERT INTO "monitoredBy" VALUES (995, 1002);
INSERT INTO "requires" VALUES (772, 1002);
INSERT INTO "TrackElement" ("id") VALUES (1003);
INSERT INTO "Segment" ("id", "length") VALUES (1003, 425);
UPDATE "TrackElement" SET "region" = 773 WHERE "id" = 1003;
INSERT INTO "monitoredBy" VALUES (1003, 1002);
INSERT INTO "TrackElement" ("id") VALUES (1004);
INSERT INTO "Segment" ("id", "length") VALUES (1004, 704);
UPDATE "TrackElement" SET "region" = 773 WHERE "id" = 1004;
INSERT INTO "monitoredBy" VALUES (1004, 1002);
INSERT INTO "TrackElement" ("id") VALUES (1005);
INSERT INTO "Segment" ("id", "length") VALUES (1005, 209);
UPDATE "TrackElement" SET "region" = 773 WHERE "id" = 1005;
INSERT INTO "monitoredBy" VALUES (1005, 1002);
INSERT INTO "TrackElement" ("id") VALUES (1006);
INSERT INTO "Segment" ("id", "length") VALUES (1006, 240);
UPDATE "TrackElement" SET "region" = 773 WHERE "id" = 1006;
INSERT INTO "monitoredBy" VALUES (1006, 1002);
INSERT INTO "TrackElement" ("id") VALUES (1007);
INSERT INTO "Segment" ("id", "length") VALUES (1007, 589);
UPDATE "TrackElement" SET "region" = 773 WHERE "id" = 1007;
INSERT INTO "monitoredBy" VALUES (1007, 1002);
INSERT INTO "Sensor" ("id") VALUES (1008);
UPDATE "Sensor" SET "region" = 773 WHERE "id" = 1008;
INSERT INTO "monitoredBy" VALUES (995, 1008);
INSERT INTO "requires" VALUES (772, 1008);
INSERT INTO "TrackElement" ("id") VALUES (1009);
INSERT INTO "Segment" ("id", "length") VALUES (1009, 640);
UPDATE "TrackElement" SET "region" = 773 WHERE "id" = 1009;
INSERT INTO "monitoredBy" VALUES (1009, 1008);
INSERT INTO "TrackElement" ("id") VALUES (1010);
INSERT INTO "Segment" ("id", "length") VALUES (1010, 760);
UPDATE "TrackElement" SET "region" = 773 WHERE "id" = 1010;
INSERT INTO "monitoredBy" VALUES (1010, 1008);
INSERT INTO "TrackElement" ("id") VALUES (1011);
INSERT INTO "Segment" ("id", "length") VALUES (1011, 488);
UPDATE "TrackElement" SET "region" = 773 WHERE "id" = 1011;
INSERT INTO "monitoredBy" VALUES (1011, 1008);
INSERT INTO "TrackElement" ("id") VALUES (1012);
INSERT INTO "Segment" ("id", "length") VALUES (1012, 912);
UPDATE "TrackElement" SET "region" = 773 WHERE "id" = 1012;
INSERT INTO "monitoredBy" VALUES (1012, 1008);
INSERT INTO "TrackElement" ("id") VALUES (1013);
INSERT INTO "Segment" ("id", "length") VALUES (1013, 945);
UPDATE "TrackElement" SET "region" = 773 WHERE "id" = 1013;
INSERT INTO "monitoredBy" VALUES (1013, 1008);
INSERT INTO "Sensor" ("id") VALUES (1014);
UPDATE "Sensor" SET "region" = 773 WHERE "id" = 1014;
INSERT INTO "TrackElement" ("id") VALUES (1015);
INSERT INTO "Segment" ("id", "length") VALUES (1015, 87);
UPDATE "TrackElement" SET "region" = 773 WHERE "id" = 1015;
INSERT INTO "monitoredBy" VALUES (1015, 1014);
INSERT INTO "TrackElement" ("id") VALUES (1016);
INSERT INTO "Segment" ("id", "length") VALUES (1016, 90);
UPDATE "TrackElement" SET "region" = 773 WHERE "id" = 1016;
INSERT INTO "monitoredBy" VALUES (1016, 1014);
INSERT INTO "TrackElement" ("id") VALUES (1017);
INSERT INTO "Segment" ("id", "length") VALUES (1017, 974);
UPDATE "TrackElement" SET "region" = 773 WHERE "id" = 1017;
INSERT INTO "monitoredBy" VALUES (1017, 1014);
INSERT INTO "TrackElement" ("id") VALUES (1018);
INSERT INTO "Segment" ("id", "length") VALUES (1018, 205);
UPDATE "TrackElement" SET "region" = 773 WHERE "id" = 1018;
INSERT INTO "monitoredBy" VALUES (1018, 1014);
INSERT INTO "TrackElement" ("id") VALUES (1019);
INSERT INTO "Segment" ("id", "length") VALUES (1019, 692);
UPDATE "TrackElement" SET "region" = 773 WHERE "id" = 1019;
INSERT INTO "monitoredBy" VALUES (1019, 1014);
INSERT INTO "Sensor" ("id") VALUES (1020);
UPDATE "Sensor" SET "region" = 773 WHERE "id" = 1020;
INSERT INTO "monitoredBy" VALUES (995, 1020);
INSERT INTO "requires" VALUES (772, 1020);
INSERT INTO "TrackElement" ("id") VALUES (1021);
INSERT INTO "Segment" ("id", "length") VALUES (1021, 682);
UPDATE "TrackElement" SET "region" = 773 WHERE "id" = 1021;
INSERT INTO "monitoredBy" VALUES (1021, 1020);
INSERT INTO "TrackElement" ("id") VALUES (1022);
INSERT INTO "Segment" ("id", "length") VALUES (1022, 392);
UPDATE "TrackElement" SET "region" = 773 WHERE "id" = 1022;
INSERT INTO "monitoredBy" VALUES (1022, 1020);
INSERT INTO "TrackElement" ("id") VALUES (1023);
INSERT INTO "Segment" ("id", "length") VALUES (1023, 800);
UPDATE "TrackElement" SET "region" = 773 WHERE "id" = 1023;
INSERT INTO "monitoredBy" VALUES (1023, 1020);
INSERT INTO "TrackElement" ("id") VALUES (1024);
INSERT INTO "Segment" ("id", "length") VALUES (1024, -282);
UPDATE "TrackElement" SET "region" = 773 WHERE "id" = 1024;
INSERT INTO "monitoredBy" VALUES (1024, 1020);
INSERT INTO "TrackElement" ("id") VALUES (1025);
INSERT INTO "Segment" ("id", "length") VALUES (1025, 385);
UPDATE "TrackElement" SET "region" = 773 WHERE "id" = 1025;
INSERT INTO "monitoredBy" VALUES (1025, 1020);
INSERT INTO "Sensor" ("id") VALUES (1026);
UPDATE "Sensor" SET "region" = 773 WHERE "id" = 1026;
INSERT INTO "monitoredBy" VALUES (995, 1026);
INSERT INTO "requires" VALUES (772, 1026);
INSERT INTO "TrackElement" ("id") VALUES (1027);
INSERT INTO "Segment" ("id", "length") VALUES (1027, 878);
UPDATE "TrackElement" SET "region" = 773 WHERE "id" = 1027;
INSERT INTO "monitoredBy" VALUES (1027, 1026);
INSERT INTO "TrackElement" ("id") VALUES (1028);
INSERT INTO "Segment" ("id", "length") VALUES (1028, 190);
UPDATE "TrackElement" SET "region" = 773 WHERE "id" = 1028;
INSERT INTO "monitoredBy" VALUES (1028, 1026);
INSERT INTO "TrackElement" ("id") VALUES (1029);
INSERT INTO "Segment" ("id", "length") VALUES (1029, 214);
UPDATE "TrackElement" SET "region" = 773 WHERE "id" = 1029;
INSERT INTO "monitoredBy" VALUES (1029, 1026);
INSERT INTO "TrackElement" ("id") VALUES (1030);
INSERT INTO "Segment" ("id", "length") VALUES (1030, 867);
UPDATE "TrackElement" SET "region" = 773 WHERE "id" = 1030;
INSERT INTO "monitoredBy" VALUES (1030, 1026);
INSERT INTO "TrackElement" ("id") VALUES (1031);
INSERT INTO "Segment" ("id", "length") VALUES (1031, 213);
UPDATE "TrackElement" SET "region" = 773 WHERE "id" = 1031;
INSERT INTO "monitoredBy" VALUES (1031, 1026);
INSERT INTO "Sensor" ("id") VALUES (1032);
UPDATE "Sensor" SET "region" = 773 WHERE "id" = 1032;
INSERT INTO "monitoredBy" VALUES (995, 1032);
INSERT INTO "requires" VALUES (772, 1032);
INSERT INTO "TrackElement" ("id") VALUES (1033);
INSERT INTO "Segment" ("id", "length") VALUES (1033, 366);
UPDATE "TrackElement" SET "region" = 773 WHERE "id" = 1033;
INSERT INTO "monitoredBy" VALUES (1033, 1032);
INSERT INTO "TrackElement" ("id") VALUES (1034);
INSERT INTO "Segment" ("id", "length") VALUES (1034, 887);
UPDATE "TrackElement" SET "region" = 773 WHERE "id" = 1034;
INSERT INTO "monitoredBy" VALUES (1034, 1032);
INSERT INTO "TrackElement" ("id") VALUES (1035);
INSERT INTO "Segment" ("id", "length") VALUES (1035, 409);
UPDATE "TrackElement" SET "region" = 773 WHERE "id" = 1035;
INSERT INTO "monitoredBy" VALUES (1035, 1032);
INSERT INTO "TrackElement" ("id") VALUES (1036);
INSERT INTO "Segment" ("id", "length") VALUES (1036, 279);
UPDATE "TrackElement" SET "region" = 773 WHERE "id" = 1036;
INSERT INTO "monitoredBy" VALUES (1036, 1032);
INSERT INTO "TrackElement" ("id") VALUES (1037);
INSERT INTO "Segment" ("id", "length") VALUES (1037, 36);
UPDATE "TrackElement" SET "region" = 773 WHERE "id" = 1037;
INSERT INTO "monitoredBy" VALUES (1037, 1032);
INSERT INTO "SwitchPosition" ("id", "position", "target") VALUES (1038, 0, 995);
UPDATE "SwitchPosition" SET "route" = 772 WHERE "id" = 1038;
INSERT INTO "TrackElement" ("id") VALUES (1039);
INSERT INTO "Switch" ("id", "currentPosition") VALUES (1039, 0);
UPDATE "TrackElement" SET "region" = 773 WHERE "id" = 1039;
INSERT INTO "Sensor" ("id") VALUES (1040);
UPDATE "Sensor" SET "region" = 773 WHERE "id" = 1040;
INSERT INTO "monitoredBy" VALUES (1039, 1040);
INSERT INTO "requires" VALUES (772, 1040);
INSERT INTO "TrackElement" ("id") VALUES (1041);
INSERT INTO "Segment" ("id", "length") VALUES (1041, 9);
UPDATE "TrackElement" SET "region" = 773 WHERE "id" = 1041;
INSERT INTO "monitoredBy" VALUES (1041, 1040);
INSERT INTO "TrackElement" ("id") VALUES (1042);
INSERT INTO "Segment" ("id", "length") VALUES (1042, 279);
UPDATE "TrackElement" SET "region" = 773 WHERE "id" = 1042;
INSERT INTO "monitoredBy" VALUES (1042, 1040);
INSERT INTO "TrackElement" ("id") VALUES (1043);
INSERT INTO "Segment" ("id", "length") VALUES (1043, 801);
UPDATE "TrackElement" SET "region" = 773 WHERE "id" = 1043;
INSERT INTO "monitoredBy" VALUES (1043, 1040);
INSERT INTO "TrackElement" ("id") VALUES (1044);
INSERT INTO "Segment" ("id", "length") VALUES (1044, 210);
UPDATE "TrackElement" SET "region" = 773 WHERE "id" = 1044;
INSERT INTO "monitoredBy" VALUES (1044, 1040);
INSERT INTO "TrackElement" ("id") VALUES (1045);
INSERT INTO "Segment" ("id", "length") VALUES (1045, 575);
UPDATE "TrackElement" SET "region" = 773 WHERE "id" = 1045;
INSERT INTO "monitoredBy" VALUES (1045, 1040);
INSERT INTO "Sensor" ("id") VALUES (1046);
UPDATE "Sensor" SET "region" = 773 WHERE "id" = 1046;
INSERT INTO "monitoredBy" VALUES (1039, 1046);
INSERT INTO "requires" VALUES (772, 1046);
INSERT INTO "TrackElement" ("id") VALUES (1047);
INSERT INTO "Segment" ("id", "length") VALUES (1047, 618);
UPDATE "TrackElement" SET "region" = 773 WHERE "id" = 1047;
INSERT INTO "monitoredBy" VALUES (1047, 1046);
INSERT INTO "TrackElement" ("id") VALUES (1048);
INSERT INTO "Segment" ("id", "length") VALUES (1048, 961);
UPDATE "TrackElement" SET "region" = 773 WHERE "id" = 1048;
INSERT INTO "monitoredBy" VALUES (1048, 1046);
INSERT INTO "TrackElement" ("id") VALUES (1049);
INSERT INTO "Segment" ("id", "length") VALUES (1049, 731);
UPDATE "TrackElement" SET "region" = 773 WHERE "id" = 1049;
INSERT INTO "monitoredBy" VALUES (1049, 1046);
INSERT INTO "TrackElement" ("id") VALUES (1050);
INSERT INTO "Segment" ("id", "length") VALUES (1050, 601);
UPDATE "TrackElement" SET "region" = 773 WHERE "id" = 1050;
INSERT INTO "monitoredBy" VALUES (1050, 1046);
INSERT INTO "TrackElement" ("id") VALUES (1051);
INSERT INTO "Segment" ("id", "length") VALUES (1051, 807);
UPDATE "TrackElement" SET "region" = 773 WHERE "id" = 1051;
INSERT INTO "monitoredBy" VALUES (1051, 1046);
INSERT INTO "Sensor" ("id") VALUES (1052);
UPDATE "Sensor" SET "region" = 773 WHERE "id" = 1052;
INSERT INTO "monitoredBy" VALUES (1039, 1052);
INSERT INTO "requires" VALUES (772, 1052);
INSERT INTO "TrackElement" ("id") VALUES (1053);
INSERT INTO "Segment" ("id", "length") VALUES (1053, 313);
UPDATE "TrackElement" SET "region" = 773 WHERE "id" = 1053;
INSERT INTO "monitoredBy" VALUES (1053, 1052);
INSERT INTO "TrackElement" ("id") VALUES (1054);
INSERT INTO "Segment" ("id", "length") VALUES (1054, 922);
UPDATE "TrackElement" SET "region" = 773 WHERE "id" = 1054;
INSERT INTO "monitoredBy" VALUES (1054, 1052);
INSERT INTO "TrackElement" ("id") VALUES (1055);
INSERT INTO "Segment" ("id", "length") VALUES (1055, 250);
UPDATE "TrackElement" SET "region" = 773 WHERE "id" = 1055;
INSERT INTO "monitoredBy" VALUES (1055, 1052);
INSERT INTO "TrackElement" ("id") VALUES (1056);
INSERT INTO "Segment" ("id", "length") VALUES (1056, 518);
UPDATE "TrackElement" SET "region" = 773 WHERE "id" = 1056;
INSERT INTO "monitoredBy" VALUES (1056, 1052);
INSERT INTO "TrackElement" ("id") VALUES (1057);
INSERT INTO "Segment" ("id", "length") VALUES (1057, 205);
UPDATE "TrackElement" SET "region" = 773 WHERE "id" = 1057;
INSERT INTO "monitoredBy" VALUES (1057, 1052);
INSERT INTO "Sensor" ("id") VALUES (1058);
UPDATE "Sensor" SET "region" = 773 WHERE "id" = 1058;
INSERT INTO "monitoredBy" VALUES (1039, 1058);
INSERT INTO "requires" VALUES (772, 1058);
INSERT INTO "TrackElement" ("id") VALUES (1059);
INSERT INTO "Segment" ("id", "length") VALUES (1059, 527);
UPDATE "TrackElement" SET "region" = 773 WHERE "id" = 1059;
INSERT INTO "monitoredBy" VALUES (1059, 1058);
INSERT INTO "TrackElement" ("id") VALUES (1060);
INSERT INTO "Segment" ("id", "length") VALUES (1060, 927);
UPDATE "TrackElement" SET "region" = 773 WHERE "id" = 1060;
INSERT INTO "monitoredBy" VALUES (1060, 1058);
INSERT INTO "TrackElement" ("id") VALUES (1061);
INSERT INTO "Segment" ("id", "length") VALUES (1061, 152);
UPDATE "TrackElement" SET "region" = 773 WHERE "id" = 1061;
INSERT INTO "monitoredBy" VALUES (1061, 1058);
INSERT INTO "TrackElement" ("id") VALUES (1062);
INSERT INTO "Segment" ("id", "length") VALUES (1062, 656);
UPDATE "TrackElement" SET "region" = 773 WHERE "id" = 1062;
INSERT INTO "monitoredBy" VALUES (1062, 1058);
INSERT INTO "TrackElement" ("id") VALUES (1063);
INSERT INTO "Segment" ("id", "length") VALUES (1063, 431);
UPDATE "TrackElement" SET "region" = 773 WHERE "id" = 1063;
INSERT INTO "monitoredBy" VALUES (1063, 1058);
INSERT INTO "Sensor" ("id") VALUES (1064);
UPDATE "Sensor" SET "region" = 773 WHERE "id" = 1064;
INSERT INTO "monitoredBy" VALUES (1039, 1064);
INSERT INTO "requires" VALUES (772, 1064);
INSERT INTO "TrackElement" ("id") VALUES (1065);
INSERT INTO "Segment" ("id", "length") VALUES (1065, 323);
UPDATE "TrackElement" SET "region" = 773 WHERE "id" = 1065;
INSERT INTO "monitoredBy" VALUES (1065, 1064);
INSERT INTO "TrackElement" ("id") VALUES (1066);
INSERT INTO "Segment" ("id", "length") VALUES (1066, 241);
UPDATE "TrackElement" SET "region" = 773 WHERE "id" = 1066;
INSERT INTO "monitoredBy" VALUES (1066, 1064);
INSERT INTO "TrackElement" ("id") VALUES (1067);
INSERT INTO "Segment" ("id", "length") VALUES (1067, 927);
UPDATE "TrackElement" SET "region" = 773 WHERE "id" = 1067;
INSERT INTO "monitoredBy" VALUES (1067, 1064);
INSERT INTO "TrackElement" ("id") VALUES (1068);
INSERT INTO "Segment" ("id", "length") VALUES (1068, 542);
UPDATE "TrackElement" SET "region" = 773 WHERE "id" = 1068;
INSERT INTO "monitoredBy" VALUES (1068, 1064);
INSERT INTO "TrackElement" ("id") VALUES (1069);
INSERT INTO "Segment" ("id", "length") VALUES (1069, 992);
UPDATE "TrackElement" SET "region" = 773 WHERE "id" = 1069;
INSERT INTO "monitoredBy" VALUES (1069, 1064);
INSERT INTO "Sensor" ("id") VALUES (1070);
UPDATE "Sensor" SET "region" = 773 WHERE "id" = 1070;
INSERT INTO "monitoredBy" VALUES (1039, 1070);
INSERT INTO "requires" VALUES (772, 1070);
INSERT INTO "TrackElement" ("id") VALUES (1071);
INSERT INTO "Segment" ("id", "length") VALUES (1071, 849);
UPDATE "TrackElement" SET "region" = 773 WHERE "id" = 1071;
INSERT INTO "monitoredBy" VALUES (1071, 1070);
INSERT INTO "TrackElement" ("id") VALUES (1072);
INSERT INTO "Segment" ("id", "length") VALUES (1072, 568);
UPDATE "TrackElement" SET "region" = 773 WHERE "id" = 1072;
INSERT INTO "monitoredBy" VALUES (1072, 1070);
INSERT INTO "TrackElement" ("id") VALUES (1073);
INSERT INTO "Segment" ("id", "length") VALUES (1073, 867);
UPDATE "TrackElement" SET "region" = 773 WHERE "id" = 1073;
INSERT INTO "monitoredBy" VALUES (1073, 1070);
INSERT INTO "TrackElement" ("id") VALUES (1074);
INSERT INTO "Segment" ("id", "length") VALUES (1074, 620);
UPDATE "TrackElement" SET "region" = 773 WHERE "id" = 1074;
INSERT INTO "monitoredBy" VALUES (1074, 1070);
INSERT INTO "TrackElement" ("id") VALUES (1075);
INSERT INTO "Segment" ("id", "length") VALUES (1075, 303);
UPDATE "TrackElement" SET "region" = 773 WHERE "id" = 1075;
INSERT INTO "monitoredBy" VALUES (1075, 1070);
INSERT INTO "SwitchPosition" ("id", "position", "target") VALUES (1076, 0, 1039);
UPDATE "SwitchPosition" SET "route" = 772 WHERE "id" = 1076;
INSERT INTO "TrackElement" ("id") VALUES (1077);
INSERT INTO "Switch" ("id", "currentPosition") VALUES (1077, 0);
UPDATE "TrackElement" SET "region" = 773 WHERE "id" = 1077;
INSERT INTO "Sensor" ("id") VALUES (1078);
UPDATE "Sensor" SET "region" = 773 WHERE "id" = 1078;
INSERT INTO "monitoredBy" VALUES (1077, 1078);
INSERT INTO "requires" VALUES (772, 1078);
INSERT INTO "TrackElement" ("id") VALUES (1079);
INSERT INTO "Segment" ("id", "length") VALUES (1079, 69);
UPDATE "TrackElement" SET "region" = 773 WHERE "id" = 1079;
INSERT INTO "monitoredBy" VALUES (1079, 1078);
INSERT INTO "TrackElement" ("id") VALUES (1080);
INSERT INTO "Segment" ("id", "length") VALUES (1080, 85);
UPDATE "TrackElement" SET "region" = 773 WHERE "id" = 1080;
INSERT INTO "monitoredBy" VALUES (1080, 1078);
INSERT INTO "TrackElement" ("id") VALUES (1081);
INSERT INTO "Segment" ("id", "length") VALUES (1081, 784);
UPDATE "TrackElement" SET "region" = 773 WHERE "id" = 1081;
INSERT INTO "monitoredBy" VALUES (1081, 1078);
INSERT INTO "TrackElement" ("id") VALUES (1082);
INSERT INTO "Segment" ("id", "length") VALUES (1082, 234);
UPDATE "TrackElement" SET "region" = 773 WHERE "id" = 1082;
INSERT INTO "monitoredBy" VALUES (1082, 1078);
INSERT INTO "TrackElement" ("id") VALUES (1083);
INSERT INTO "Segment" ("id", "length") VALUES (1083, 627);
UPDATE "TrackElement" SET "region" = 773 WHERE "id" = 1083;
INSERT INTO "monitoredBy" VALUES (1083, 1078);
INSERT INTO "Sensor" ("id") VALUES (1084);
UPDATE "Sensor" SET "region" = 773 WHERE "id" = 1084;
INSERT INTO "monitoredBy" VALUES (1077, 1084);
INSERT INTO "requires" VALUES (772, 1084);
INSERT INTO "TrackElement" ("id") VALUES (1085);
INSERT INTO "Segment" ("id", "length") VALUES (1085, 555);
UPDATE "TrackElement" SET "region" = 773 WHERE "id" = 1085;
INSERT INTO "monitoredBy" VALUES (1085, 1084);
INSERT INTO "TrackElement" ("id") VALUES (1086);
INSERT INTO "Segment" ("id", "length") VALUES (1086, 365);
UPDATE "TrackElement" SET "region" = 773 WHERE "id" = 1086;
INSERT INTO "monitoredBy" VALUES (1086, 1084);
INSERT INTO "TrackElement" ("id") VALUES (1087);
INSERT INTO "Segment" ("id", "length") VALUES (1087, 488);
UPDATE "TrackElement" SET "region" = 773 WHERE "id" = 1087;
INSERT INTO "monitoredBy" VALUES (1087, 1084);
INSERT INTO "TrackElement" ("id") VALUES (1088);
INSERT INTO "Segment" ("id", "length") VALUES (1088, 583);
UPDATE "TrackElement" SET "region" = 773 WHERE "id" = 1088;
INSERT INTO "monitoredBy" VALUES (1088, 1084);
INSERT INTO "TrackElement" ("id") VALUES (1089);
INSERT INTO "Segment" ("id", "length") VALUES (1089, 972);
UPDATE "TrackElement" SET "region" = 773 WHERE "id" = 1089;
INSERT INTO "monitoredBy" VALUES (1089, 1084);
INSERT INTO "Sensor" ("id") VALUES (1090);
UPDATE "Sensor" SET "region" = 773 WHERE "id" = 1090;
INSERT INTO "monitoredBy" VALUES (1077, 1090);
INSERT INTO "requires" VALUES (772, 1090);
INSERT INTO "TrackElement" ("id") VALUES (1091);
INSERT INTO "Segment" ("id", "length") VALUES (1091, 873);
UPDATE "TrackElement" SET "region" = 773 WHERE "id" = 1091;
INSERT INTO "monitoredBy" VALUES (1091, 1090);
INSERT INTO "TrackElement" ("id") VALUES (1092);
INSERT INTO "Segment" ("id", "length") VALUES (1092, 75);
UPDATE "TrackElement" SET "region" = 773 WHERE "id" = 1092;
INSERT INTO "monitoredBy" VALUES (1092, 1090);
INSERT INTO "TrackElement" ("id") VALUES (1093);
INSERT INTO "Segment" ("id", "length") VALUES (1093, 533);
UPDATE "TrackElement" SET "region" = 773 WHERE "id" = 1093;
INSERT INTO "monitoredBy" VALUES (1093, 1090);
INSERT INTO "TrackElement" ("id") VALUES (1094);
INSERT INTO "Segment" ("id", "length") VALUES (1094, 688);
UPDATE "TrackElement" SET "region" = 773 WHERE "id" = 1094;
INSERT INTO "monitoredBy" VALUES (1094, 1090);
INSERT INTO "TrackElement" ("id") VALUES (1095);
INSERT INTO "Segment" ("id", "length") VALUES (1095, 953);
UPDATE "TrackElement" SET "region" = 773 WHERE "id" = 1095;
INSERT INTO "monitoredBy" VALUES (1095, 1090);
INSERT INTO "Sensor" ("id") VALUES (1096);
UPDATE "Sensor" SET "region" = 773 WHERE "id" = 1096;
INSERT INTO "monitoredBy" VALUES (1077, 1096);
INSERT INTO "requires" VALUES (772, 1096);
INSERT INTO "TrackElement" ("id") VALUES (1097);
INSERT INTO "Segment" ("id", "length") VALUES (1097, 86);
UPDATE "TrackElement" SET "region" = 773 WHERE "id" = 1097;
INSERT INTO "monitoredBy" VALUES (1097, 1096);
INSERT INTO "TrackElement" ("id") VALUES (1098);
INSERT INTO "Segment" ("id", "length") VALUES (1098, 292);
UPDATE "TrackElement" SET "region" = 773 WHERE "id" = 1098;
INSERT INTO "monitoredBy" VALUES (1098, 1096);
INSERT INTO "TrackElement" ("id") VALUES (1099);
INSERT INTO "Segment" ("id", "length") VALUES (1099, 320);
UPDATE "TrackElement" SET "region" = 773 WHERE "id" = 1099;
INSERT INTO "monitoredBy" VALUES (1099, 1096);
INSERT INTO "TrackElement" ("id") VALUES (1100);
INSERT INTO "Segment" ("id", "length") VALUES (1100, 793);
UPDATE "TrackElement" SET "region" = 773 WHERE "id" = 1100;
INSERT INTO "monitoredBy" VALUES (1100, 1096);
INSERT INTO "TrackElement" ("id") VALUES (1101);
INSERT INTO "Segment" ("id", "length") VALUES (1101, 991);
UPDATE "TrackElement" SET "region" = 773 WHERE "id" = 1101;
INSERT INTO "monitoredBy" VALUES (1101, 1096);
INSERT INTO "Sensor" ("id") VALUES (1102);
UPDATE "Sensor" SET "region" = 773 WHERE "id" = 1102;
INSERT INTO "monitoredBy" VALUES (1077, 1102);
INSERT INTO "requires" VALUES (772, 1102);
INSERT INTO "TrackElement" ("id") VALUES (1103);
INSERT INTO "Segment" ("id", "length") VALUES (1103, 281);
UPDATE "TrackElement" SET "region" = 773 WHERE "id" = 1103;
INSERT INTO "monitoredBy" VALUES (1103, 1102);
INSERT INTO "TrackElement" ("id") VALUES (1104);
INSERT INTO "Segment" ("id", "length") VALUES (1104, 843);
UPDATE "TrackElement" SET "region" = 773 WHERE "id" = 1104;
INSERT INTO "monitoredBy" VALUES (1104, 1102);
INSERT INTO "TrackElement" ("id") VALUES (1105);
INSERT INTO "Segment" ("id", "length") VALUES (1105, 304);
UPDATE "TrackElement" SET "region" = 773 WHERE "id" = 1105;
INSERT INTO "monitoredBy" VALUES (1105, 1102);
INSERT INTO "TrackElement" ("id") VALUES (1106);
INSERT INTO "Segment" ("id", "length") VALUES (1106, 780);
UPDATE "TrackElement" SET "region" = 773 WHERE "id" = 1106;
INSERT INTO "monitoredBy" VALUES (1106, 1102);
INSERT INTO "TrackElement" ("id") VALUES (1107);
INSERT INTO "Segment" ("id", "length") VALUES (1107, 911);
UPDATE "TrackElement" SET "region" = 773 WHERE "id" = 1107;
INSERT INTO "monitoredBy" VALUES (1107, 1102);
INSERT INTO "Sensor" ("id") VALUES (1108);
UPDATE "Sensor" SET "region" = 773 WHERE "id" = 1108;
INSERT INTO "monitoredBy" VALUES (1077, 1108);
INSERT INTO "requires" VALUES (772, 1108);
INSERT INTO "TrackElement" ("id") VALUES (1109);
INSERT INTO "Segment" ("id", "length") VALUES (1109, 938);
UPDATE "TrackElement" SET "region" = 773 WHERE "id" = 1109;
INSERT INTO "monitoredBy" VALUES (1109, 1108);
INSERT INTO "TrackElement" ("id") VALUES (1110);
INSERT INTO "Segment" ("id", "length") VALUES (1110, -74);
UPDATE "TrackElement" SET "region" = 773 WHERE "id" = 1110;
INSERT INTO "monitoredBy" VALUES (1110, 1108);
INSERT INTO "TrackElement" ("id") VALUES (1111);
INSERT INTO "Segment" ("id", "length") VALUES (1111, 942);
UPDATE "TrackElement" SET "region" = 773 WHERE "id" = 1111;
INSERT INTO "monitoredBy" VALUES (1111, 1108);
INSERT INTO "TrackElement" ("id") VALUES (1112);
INSERT INTO "Segment" ("id", "length") VALUES (1112, 995);
UPDATE "TrackElement" SET "region" = 773 WHERE "id" = 1112;
INSERT INTO "monitoredBy" VALUES (1112, 1108);
INSERT INTO "TrackElement" ("id") VALUES (1113);
INSERT INTO "Segment" ("id", "length") VALUES (1113, 501);
UPDATE "TrackElement" SET "region" = 773 WHERE "id" = 1113;
INSERT INTO "monitoredBy" VALUES (1113, 1108);
INSERT INTO "Sensor" ("id") VALUES (1114);
UPDATE "Sensor" SET "region" = 773 WHERE "id" = 1114;
INSERT INTO "monitoredBy" VALUES (1077, 1114);
INSERT INTO "requires" VALUES (772, 1114);
INSERT INTO "TrackElement" ("id") VALUES (1115);
INSERT INTO "Segment" ("id", "length") VALUES (1115, 547);
UPDATE "TrackElement" SET "region" = 773 WHERE "id" = 1115;
INSERT INTO "monitoredBy" VALUES (1115, 1114);
INSERT INTO "TrackElement" ("id") VALUES (1116);
INSERT INTO "Segment" ("id", "length") VALUES (1116, 202);
UPDATE "TrackElement" SET "region" = 773 WHERE "id" = 1116;
INSERT INTO "monitoredBy" VALUES (1116, 1114);
INSERT INTO "TrackElement" ("id") VALUES (1117);
INSERT INTO "Segment" ("id", "length") VALUES (1117, 274);
UPDATE "TrackElement" SET "region" = 773 WHERE "id" = 1117;
INSERT INTO "monitoredBy" VALUES (1117, 1114);
INSERT INTO "TrackElement" ("id") VALUES (1118);
INSERT INTO "Segment" ("id", "length") VALUES (1118, 743);
UPDATE "TrackElement" SET "region" = 773 WHERE "id" = 1118;
INSERT INTO "monitoredBy" VALUES (1118, 1114);
INSERT INTO "TrackElement" ("id") VALUES (1119);
INSERT INTO "Segment" ("id", "length") VALUES (1119, 932);
UPDATE "TrackElement" SET "region" = 773 WHERE "id" = 1119;
INSERT INTO "monitoredBy" VALUES (1119, 1114);
INSERT INTO "Sensor" ("id") VALUES (1120);
UPDATE "Sensor" SET "region" = 773 WHERE "id" = 1120;
INSERT INTO "monitoredBy" VALUES (1077, 1120);
INSERT INTO "requires" VALUES (772, 1120);
INSERT INTO "TrackElement" ("id") VALUES (1121);
INSERT INTO "Segment" ("id", "length") VALUES (1121, 29);
UPDATE "TrackElement" SET "region" = 773 WHERE "id" = 1121;
INSERT INTO "monitoredBy" VALUES (1121, 1120);
INSERT INTO "TrackElement" ("id") VALUES (1122);
INSERT INTO "Segment" ("id", "length") VALUES (1122, 174);
UPDATE "TrackElement" SET "region" = 773 WHERE "id" = 1122;
INSERT INTO "monitoredBy" VALUES (1122, 1120);
INSERT INTO "TrackElement" ("id") VALUES (1123);
INSERT INTO "Segment" ("id", "length") VALUES (1123, 369);
UPDATE "TrackElement" SET "region" = 773 WHERE "id" = 1123;
INSERT INTO "monitoredBy" VALUES (1123, 1120);
INSERT INTO "TrackElement" ("id") VALUES (1124);
INSERT INTO "Segment" ("id", "length") VALUES (1124, 335);
UPDATE "TrackElement" SET "region" = 773 WHERE "id" = 1124;
INSERT INTO "monitoredBy" VALUES (1124, 1120);
INSERT INTO "TrackElement" ("id") VALUES (1125);
INSERT INTO "Segment" ("id", "length") VALUES (1125, 368);
UPDATE "TrackElement" SET "region" = 773 WHERE "id" = 1125;
INSERT INTO "monitoredBy" VALUES (1125, 1120);
INSERT INTO "Sensor" ("id") VALUES (1126);
UPDATE "Sensor" SET "region" = 773 WHERE "id" = 1126;
INSERT INTO "monitoredBy" VALUES (1077, 1126);
INSERT INTO "requires" VALUES (772, 1126);
INSERT INTO "TrackElement" ("id") VALUES (1127);
INSERT INTO "Segment" ("id", "length") VALUES (1127, 216);
UPDATE "TrackElement" SET "region" = 773 WHERE "id" = 1127;
INSERT INTO "monitoredBy" VALUES (1127, 1126);
INSERT INTO "TrackElement" ("id") VALUES (1128);
INSERT INTO "Segment" ("id", "length") VALUES (1128, 225);
UPDATE "TrackElement" SET "region" = 773 WHERE "id" = 1128;
INSERT INTO "monitoredBy" VALUES (1128, 1126);
INSERT INTO "TrackElement" ("id") VALUES (1129);
INSERT INTO "Segment" ("id", "length") VALUES (1129, 366);
UPDATE "TrackElement" SET "region" = 773 WHERE "id" = 1129;
INSERT INTO "monitoredBy" VALUES (1129, 1126);
INSERT INTO "TrackElement" ("id") VALUES (1130);
INSERT INTO "Segment" ("id", "length") VALUES (1130, 631);
UPDATE "TrackElement" SET "region" = 773 WHERE "id" = 1130;
INSERT INTO "monitoredBy" VALUES (1130, 1126);
INSERT INTO "TrackElement" ("id") VALUES (1131);
INSERT INTO "Segment" ("id", "length") VALUES (1131, 467);
UPDATE "TrackElement" SET "region" = 773 WHERE "id" = 1131;
INSERT INTO "monitoredBy" VALUES (1131, 1126);
INSERT INTO "SwitchPosition" ("id", "position", "target") VALUES (1132, 0, 1077);
UPDATE "SwitchPosition" SET "route" = 772 WHERE "id" = 1132;
INSERT INTO "TrackElement" ("id") VALUES (1133);
INSERT INTO "Switch" ("id", "currentPosition") VALUES (1133, 0);
UPDATE "TrackElement" SET "region" = 773 WHERE "id" = 1133;
INSERT INTO "Sensor" ("id") VALUES (1134);
UPDATE "Sensor" SET "region" = 773 WHERE "id" = 1134;
INSERT INTO "monitoredBy" VALUES (1133, 1134);
INSERT INTO "requires" VALUES (772, 1134);
INSERT INTO "TrackElement" ("id") VALUES (1135);
INSERT INTO "Segment" ("id", "length") VALUES (1135, 424);
UPDATE "TrackElement" SET "region" = 773 WHERE "id" = 1135;
INSERT INTO "monitoredBy" VALUES (1135, 1134);
INSERT INTO "TrackElement" ("id") VALUES (1136);
INSERT INTO "Segment" ("id", "length") VALUES (1136, 836);
UPDATE "TrackElement" SET "region" = 773 WHERE "id" = 1136;
INSERT INTO "monitoredBy" VALUES (1136, 1134);
INSERT INTO "TrackElement" ("id") VALUES (1137);
INSERT INTO "Segment" ("id", "length") VALUES (1137, 314);
UPDATE "TrackElement" SET "region" = 773 WHERE "id" = 1137;
INSERT INTO "monitoredBy" VALUES (1137, 1134);
INSERT INTO "TrackElement" ("id") VALUES (1138);
INSERT INTO "Segment" ("id", "length") VALUES (1138, 287);
UPDATE "TrackElement" SET "region" = 773 WHERE "id" = 1138;
INSERT INTO "monitoredBy" VALUES (1138, 1134);
INSERT INTO "TrackElement" ("id") VALUES (1139);
INSERT INTO "Segment" ("id", "length") VALUES (1139, 679);
UPDATE "TrackElement" SET "region" = 773 WHERE "id" = 1139;
INSERT INTO "monitoredBy" VALUES (1139, 1134);
INSERT INTO "Sensor" ("id") VALUES (1140);
UPDATE "Sensor" SET "region" = 773 WHERE "id" = 1140;
INSERT INTO "monitoredBy" VALUES (1133, 1140);
INSERT INTO "requires" VALUES (772, 1140);
INSERT INTO "TrackElement" ("id") VALUES (1141);
INSERT INTO "Segment" ("id", "length") VALUES (1141, 722);
UPDATE "TrackElement" SET "region" = 773 WHERE "id" = 1141;
INSERT INTO "monitoredBy" VALUES (1141, 1140);
INSERT INTO "TrackElement" ("id") VALUES (1142);
INSERT INTO "Segment" ("id", "length") VALUES (1142, 638);
UPDATE "TrackElement" SET "region" = 773 WHERE "id" = 1142;
INSERT INTO "monitoredBy" VALUES (1142, 1140);
INSERT INTO "TrackElement" ("id") VALUES (1143);
INSERT INTO "Segment" ("id", "length") VALUES (1143, -621);
UPDATE "TrackElement" SET "region" = 773 WHERE "id" = 1143;
INSERT INTO "monitoredBy" VALUES (1143, 1140);
INSERT INTO "TrackElement" ("id") VALUES (1144);
INSERT INTO "Segment" ("id", "length") VALUES (1144, 515);
UPDATE "TrackElement" SET "region" = 773 WHERE "id" = 1144;
INSERT INTO "monitoredBy" VALUES (1144, 1140);
INSERT INTO "TrackElement" ("id") VALUES (1145);
INSERT INTO "Segment" ("id", "length") VALUES (1145, 467);
UPDATE "TrackElement" SET "region" = 773 WHERE "id" = 1145;
INSERT INTO "monitoredBy" VALUES (1145, 1140);
INSERT INTO "Sensor" ("id") VALUES (1146);
UPDATE "Sensor" SET "region" = 773 WHERE "id" = 1146;
INSERT INTO "monitoredBy" VALUES (1133, 1146);
INSERT INTO "requires" VALUES (772, 1146);
INSERT INTO "TrackElement" ("id") VALUES (1147);
INSERT INTO "Segment" ("id", "length") VALUES (1147, 557);
UPDATE "TrackElement" SET "region" = 773 WHERE "id" = 1147;
INSERT INTO "monitoredBy" VALUES (1147, 1146);
INSERT INTO "TrackElement" ("id") VALUES (1148);
INSERT INTO "Segment" ("id", "length") VALUES (1148, 902);
UPDATE "TrackElement" SET "region" = 773 WHERE "id" = 1148;
INSERT INTO "monitoredBy" VALUES (1148, 1146);
INSERT INTO "TrackElement" ("id") VALUES (1149);
INSERT INTO "Segment" ("id", "length") VALUES (1149, 95);
UPDATE "TrackElement" SET "region" = 773 WHERE "id" = 1149;
INSERT INTO "monitoredBy" VALUES (1149, 1146);
INSERT INTO "TrackElement" ("id") VALUES (1150);
INSERT INTO "Segment" ("id", "length") VALUES (1150, 829);
UPDATE "TrackElement" SET "region" = 773 WHERE "id" = 1150;
INSERT INTO "monitoredBy" VALUES (1150, 1146);
INSERT INTO "TrackElement" ("id") VALUES (1151);
INSERT INTO "Segment" ("id", "length") VALUES (1151, 49);
UPDATE "TrackElement" SET "region" = 773 WHERE "id" = 1151;
INSERT INTO "monitoredBy" VALUES (1151, 1146);
INSERT INTO "SwitchPosition" ("id", "position", "target") VALUES (1152, 0, 1133);
UPDATE "SwitchPosition" SET "route" = 772 WHERE "id" = 1152;
INSERT INTO "connectsTo" VALUES (774, 776);
INSERT INTO "connectsTo" VALUES (776, 777);
INSERT INTO "connectsTo" VALUES (777, 778);
INSERT INTO "connectsTo" VALUES (778, 779);
INSERT INTO "connectsTo" VALUES (779, 780);
INSERT INTO "connectsTo" VALUES (780, 782);
INSERT INTO "connectsTo" VALUES (782, 783);
INSERT INTO "connectsTo" VALUES (783, 784);
INSERT INTO "connectsTo" VALUES (784, 785);
INSERT INTO "connectsTo" VALUES (785, 786);
INSERT INTO "connectsTo" VALUES (786, 788);
INSERT INTO "connectsTo" VALUES (788, 789);
INSERT INTO "connectsTo" VALUES (789, 790);
INSERT INTO "connectsTo" VALUES (790, 791);
INSERT INTO "connectsTo" VALUES (791, 792);
INSERT INTO "connectsTo" VALUES (792, 794);
INSERT INTO "connectsTo" VALUES (794, 795);
INSERT INTO "connectsTo" VALUES (795, 796);
INSERT INTO "connectsTo" VALUES (796, 797);
INSERT INTO "connectsTo" VALUES (797, 798);
INSERT INTO "connectsTo" VALUES (798, 800);
INSERT INTO "connectsTo" VALUES (800, 801);
INSERT INTO "connectsTo" VALUES (801, 802);
INSERT INTO "connectsTo" VALUES (802, 803);
INSERT INTO "connectsTo" VALUES (803, 804);
INSERT INTO "connectsTo" VALUES (804, 806);
INSERT INTO "connectsTo" VALUES (806, 807);
INSERT INTO "connectsTo" VALUES (807, 808);
INSERT INTO "connectsTo" VALUES (808, 809);
INSERT INTO "connectsTo" VALUES (809, 810);
INSERT INTO "connectsTo" VALUES (810, 812);
INSERT INTO "connectsTo" VALUES (812, 813);
INSERT INTO "connectsTo" VALUES (813, 814);
INSERT INTO "connectsTo" VALUES (814, 815);
INSERT INTO "connectsTo" VALUES (815, 816);
INSERT INTO "connectsTo" VALUES (816, 818);
INSERT INTO "connectsTo" VALUES (818, 819);
INSERT INTO "connectsTo" VALUES (819, 820);
INSERT INTO "connectsTo" VALUES (820, 821);
INSERT INTO "connectsTo" VALUES (821, 822);
INSERT INTO "connectsTo" VALUES (822, 824);
INSERT INTO "connectsTo" VALUES (824, 826);
INSERT INTO "connectsTo" VALUES (826, 827);
INSERT INTO "connectsTo" VALUES (827, 828);
INSERT INTO "connectsTo" VALUES (828, 829);
INSERT INTO "connectsTo" VALUES (829, 830);
INSERT INTO "connectsTo" VALUES (830, 832);
INSERT INTO "connectsTo" VALUES (832, 833);
INSERT INTO "connectsTo" VALUES (833, 834);
INSERT INTO "connectsTo" VALUES (834, 835);
INSERT INTO "connectsTo" VALUES (835, 836);
INSERT INTO "connectsTo" VALUES (836, 838);
INSERT INTO "connectsTo" VALUES (838, 839);
INSERT INTO "connectsTo" VALUES (839, 840);
INSERT INTO "connectsTo" VALUES (840, 841);
INSERT INTO "connectsTo" VALUES (841, 842);
INSERT INTO "connectsTo" VALUES (842, 844);
INSERT INTO "connectsTo" VALUES (844, 845);
INSERT INTO "connectsTo" VALUES (845, 846);
INSERT INTO "connectsTo" VALUES (846, 847);
INSERT INTO "connectsTo" VALUES (847, 848);
INSERT INTO "connectsTo" VALUES (848, 850);
INSERT INTO "connectsTo" VALUES (850, 851);
INSERT INTO "connectsTo" VALUES (851, 852);
INSERT INTO "connectsTo" VALUES (852, 853);
INSERT INTO "connectsTo" VALUES (853, 854);
INSERT INTO "connectsTo" VALUES (854, 856);
INSERT INTO "connectsTo" VALUES (856, 858);
INSERT INTO "connectsTo" VALUES (858, 859);
INSERT INTO "connectsTo" VALUES (859, 860);
INSERT INTO "connectsTo" VALUES (860, 861);
INSERT INTO "connectsTo" VALUES (861, 862);
INSERT INTO "connectsTo" VALUES (862, 864);
INSERT INTO "connectsTo" VALUES (864, 865);
INSERT INTO "connectsTo" VALUES (865, 866);
INSERT INTO "connectsTo" VALUES (866, 867);
INSERT INTO "connectsTo" VALUES (867, 868);
INSERT INTO "connectsTo" VALUES (868, 870);
INSERT INTO "connectsTo" VALUES (870, 871);
INSERT INTO "connectsTo" VALUES (871, 872);
INSERT INTO "connectsTo" VALUES (872, 873);
INSERT INTO "connectsTo" VALUES (873, 874);
INSERT INTO "connectsTo" VALUES (874, 876);
INSERT INTO "connectsTo" VALUES (876, 877);
INSERT INTO "connectsTo" VALUES (877, 878);
INSERT INTO "connectsTo" VALUES (878, 879);
INSERT INTO "connectsTo" VALUES (879, 880);
INSERT INTO "connectsTo" VALUES (880, 882);
INSERT INTO "connectsTo" VALUES (882, 883);
INSERT INTO "connectsTo" VALUES (883, 884);
INSERT INTO "connectsTo" VALUES (884, 885);
INSERT INTO "connectsTo" VALUES (885, 886);
INSERT INTO "connectsTo" VALUES (886, 888);
INSERT INTO "connectsTo" VALUES (888, 889);
INSERT INTO "connectsTo" VALUES (889, 890);
INSERT INTO "connectsTo" VALUES (890, 891);
INSERT INTO "connectsTo" VALUES (891, 892);
INSERT INTO "connectsTo" VALUES (892, 894);
INSERT INTO "connectsTo" VALUES (894, 895);
INSERT INTO "connectsTo" VALUES (895, 896);
INSERT INTO "connectsTo" VALUES (896, 897);
INSERT INTO "connectsTo" VALUES (897, 898);
INSERT INTO "connectsTo" VALUES (898, 900);
INSERT INTO "connectsTo" VALUES (900, 902);
INSERT INTO "connectsTo" VALUES (902, 903);
INSERT INTO "connectsTo" VALUES (903, 904);
INSERT INTO "connectsTo" VALUES (904, 905);
INSERT INTO "connectsTo" VALUES (905, 906);
INSERT INTO "connectsTo" VALUES (906, 908);
INSERT INTO "connectsTo" VALUES (908, 909);
INSERT INTO "connectsTo" VALUES (909, 910);
INSERT INTO "connectsTo" VALUES (910, 911);
INSERT INTO "connectsTo" VALUES (911, 912);
INSERT INTO "connectsTo" VALUES (912, 914);
INSERT INTO "connectsTo" VALUES (914, 915);
INSERT INTO "connectsTo" VALUES (915, 916);
INSERT INTO "connectsTo" VALUES (916, 917);
INSERT INTO "connectsTo" VALUES (917, 918);
INSERT INTO "connectsTo" VALUES (918, 920);
INSERT INTO "connectsTo" VALUES (920, 921);
INSERT INTO "connectsTo" VALUES (921, 922);
INSERT INTO "connectsTo" VALUES (922, 923);
INSERT INTO "connectsTo" VALUES (923, 924);
INSERT INTO "connectsTo" VALUES (924, 925);
INSERT INTO "connectsTo" VALUES (925, 927);
INSERT INTO "connectsTo" VALUES (927, 928);
INSERT INTO "connectsTo" VALUES (928, 929);
INSERT INTO "connectsTo" VALUES (929, 930);
INSERT INTO "connectsTo" VALUES (930, 931);
INSERT INTO "connectsTo" VALUES (931, 933);
INSERT INTO "connectsTo" VALUES (933, 934);
INSERT INTO "connectsTo" VALUES (934, 935);
INSERT INTO "connectsTo" VALUES (935, 936);
INSERT INTO "connectsTo" VALUES (936, 937);
INSERT INTO "connectsTo" VALUES (937, 939);
INSERT INTO "connectsTo" VALUES (939, 940);
INSERT INTO "connectsTo" VALUES (940, 941);
INSERT INTO "connectsTo" VALUES (941, 942);
INSERT INTO "connectsTo" VALUES (942, 943);
INSERT INTO "connectsTo" VALUES (943, 945);
INSERT INTO "connectsTo" VALUES (945, 946);
INSERT INTO "connectsTo" VALUES (946, 947);
INSERT INTO "connectsTo" VALUES (947, 948);
INSERT INTO "connectsTo" VALUES (948, 949);
INSERT INTO "connectsTo" VALUES (949, 951);
INSERT INTO "connectsTo" VALUES (951, 953);
INSERT INTO "connectsTo" VALUES (953, 954);
INSERT INTO "connectsTo" VALUES (954, 955);
INSERT INTO "connectsTo" VALUES (955, 956);
INSERT INTO "connectsTo" VALUES (956, 957);
INSERT INTO "connectsTo" VALUES (957, 959);
INSERT INTO "connectsTo" VALUES (959, 960);
INSERT INTO "connectsTo" VALUES (960, 961);
INSERT INTO "connectsTo" VALUES (961, 962);
INSERT INTO "connectsTo" VALUES (962, 963);
INSERT INTO "connectsTo" VALUES (963, 965);
INSERT INTO "connectsTo" VALUES (965, 966);
INSERT INTO "connectsTo" VALUES (966, 967);
INSERT INTO "connectsTo" VALUES (967, 968);
INSERT INTO "connectsTo" VALUES (968, 969);
INSERT INTO "connectsTo" VALUES (969, 971);
INSERT INTO "connectsTo" VALUES (971, 972);
INSERT INTO "connectsTo" VALUES (972, 973);
INSERT INTO "connectsTo" VALUES (973, 974);
INSERT INTO "connectsTo" VALUES (974, 975);
INSERT INTO "connectsTo" VALUES (975, 977);
INSERT INTO "connectsTo" VALUES (977, 978);
INSERT INTO "connectsTo" VALUES (978, 979);
INSERT INTO "connectsTo" VALUES (979, 980);
INSERT INTO "connectsTo" VALUES (980, 981);
INSERT INTO "connectsTo" VALUES (981, 983);
INSERT INTO "connectsTo" VALUES (983, 984);
INSERT INTO "connectsTo" VALUES (984, 985);
INSERT INTO "connectsTo" VALUES (985, 986);
INSERT INTO "connectsTo" VALUES (986, 987);
INSERT INTO "connectsTo" VALUES (987, 989);
INSERT INTO "connectsTo" VALUES (989, 990);
INSERT INTO "connectsTo" VALUES (990, 991);
INSERT INTO "connectsTo" VALUES (991, 992);
INSERT INTO "connectsTo" VALUES (992, 993);
INSERT INTO "connectsTo" VALUES (993, 995);
INSERT INTO "connectsTo" VALUES (995, 997);
INSERT INTO "connectsTo" VALUES (997, 998);
INSERT INTO "connectsTo" VALUES (998, 999);
INSERT INTO "connectsTo" VALUES (999, 1000);
INSERT INTO "connectsTo" VALUES (1000, 1001);
INSERT INTO "connectsTo" VALUES (1001, 1003);
INSERT INTO "connectsTo" VALUES (1003, 1004);
INSERT INTO "connectsTo" VALUES (1004, 1005);
INSERT INTO "connectsTo" VALUES (1005, 1006);
INSERT INTO "connectsTo" VALUES (1006, 1007);
INSERT INTO "connectsTo" VALUES (1007, 1009);
INSERT INTO "connectsTo" VALUES (1009, 1010);
INSERT INTO "connectsTo" VALUES (1010, 1011);
INSERT INTO "connectsTo" VALUES (1011, 1012);
INSERT INTO "connectsTo" VALUES (1012, 1013);
INSERT INTO "connectsTo" VALUES (1013, 1015);
INSERT INTO "connectsTo" VALUES (1015, 1016);
INSERT INTO "connectsTo" VALUES (1016, 1017);
INSERT INTO "connectsTo" VALUES (1017, 1018);
INSERT INTO "connectsTo" VALUES (1018, 1019);
INSERT INTO "connectsTo" VALUES (1019, 1021);
INSERT INTO "connectsTo" VALUES (1021, 1022);
INSERT INTO "connectsTo" VALUES (1022, 1023);
INSERT INTO "connectsTo" VALUES (1023, 1024);
INSERT INTO "connectsTo" VALUES (1024, 1025);
INSERT INTO "connectsTo" VALUES (1025, 1027);
INSERT INTO "connectsTo" VALUES (1027, 1028);
INSERT INTO "connectsTo" VALUES (1028, 1029);
INSERT INTO "connectsTo" VALUES (1029, 1030);
INSERT INTO "connectsTo" VALUES (1030, 1031);
INSERT INTO "connectsTo" VALUES (1031, 1033);
INSERT INTO "connectsTo" VALUES (1033, 1034);
INSERT INTO "connectsTo" VALUES (1034, 1035);
INSERT INTO "connectsTo" VALUES (1035, 1036);
INSERT INTO "connectsTo" VALUES (1036, 1037);
INSERT INTO "connectsTo" VALUES (1037, 1039);
INSERT INTO "connectsTo" VALUES (1039, 1041);
INSERT INTO "connectsTo" VALUES (1041, 1042);
INSERT INTO "connectsTo" VALUES (1042, 1043);
INSERT INTO "connectsTo" VALUES (1043, 1044);
INSERT INTO "connectsTo" VALUES (1044, 1045);
INSERT INTO "connectsTo" VALUES (1045, 1047);
INSERT INTO "connectsTo" VALUES (1047, 1048);
INSERT INTO "connectsTo" VALUES (1048, 1049);
INSERT INTO "connectsTo" VALUES (1049, 1050);
INSERT INTO "connectsTo" VALUES (1050, 1051);
INSERT INTO "connectsTo" VALUES (1051, 1053);
INSERT INTO "connectsTo" VALUES (1053, 1054);
INSERT INTO "connectsTo" VALUES (1054, 1055);
INSERT INTO "connectsTo" VALUES (1055, 1056);
INSERT INTO "connectsTo" VALUES (1056, 1057);
INSERT INTO "connectsTo" VALUES (1057, 1059);
INSERT INTO "connectsTo" VALUES (1059, 1060);
INSERT INTO "connectsTo" VALUES (1060, 1061);
INSERT INTO "connectsTo" VALUES (1061, 1062);
INSERT INTO "connectsTo" VALUES (1062, 1063);
INSERT INTO "connectsTo" VALUES (1063, 1065);
INSERT INTO "connectsTo" VALUES (1065, 1066);
INSERT INTO "connectsTo" VALUES (1066, 1067);
INSERT INTO "connectsTo" VALUES (1067, 1068);
INSERT INTO "connectsTo" VALUES (1068, 1069);
INSERT INTO "connectsTo" VALUES (1069, 1071);
INSERT INTO "connectsTo" VALUES (1071, 1072);
INSERT INTO "connectsTo" VALUES (1072, 1073);
INSERT INTO "connectsTo" VALUES (1073, 1074);
INSERT INTO "connectsTo" VALUES (1074, 1075);
INSERT INTO "connectsTo" VALUES (1075, 1077);
INSERT INTO "connectsTo" VALUES (1077, 1079);
INSERT INTO "connectsTo" VALUES (1079, 1080);
INSERT INTO "connectsTo" VALUES (1080, 1081);
INSERT INTO "connectsTo" VALUES (1081, 1082);
INSERT INTO "connectsTo" VALUES (1082, 1083);
INSERT INTO "connectsTo" VALUES (1083, 1085);
INSERT INTO "connectsTo" VALUES (1085, 1086);
INSERT INTO "connectsTo" VALUES (1086, 1087);
INSERT INTO "connectsTo" VALUES (1087, 1088);
INSERT INTO "connectsTo" VALUES (1088, 1089);
INSERT INTO "connectsTo" VALUES (1089, 1091);
INSERT INTO "connectsTo" VALUES (1091, 1092);
INSERT INTO "connectsTo" VALUES (1092, 1093);
INSERT INTO "connectsTo" VALUES (1093, 1094);
INSERT INTO "connectsTo" VALUES (1094, 1095);
INSERT INTO "connectsTo" VALUES (1095, 1097);
INSERT INTO "connectsTo" VALUES (1097, 1098);
INSERT INTO "connectsTo" VALUES (1098, 1099);
INSERT INTO "connectsTo" VALUES (1099, 1100);
INSERT INTO "connectsTo" VALUES (1100, 1101);
INSERT INTO "connectsTo" VALUES (1101, 1103);
INSERT INTO "connectsTo" VALUES (1103, 1104);
INSERT INTO "connectsTo" VALUES (1104, 1105);
INSERT INTO "connectsTo" VALUES (1105, 1106);
INSERT INTO "connectsTo" VALUES (1106, 1107);
INSERT INTO "connectsTo" VALUES (1107, 1109);
INSERT INTO "connectsTo" VALUES (1109, 1110);
INSERT INTO "connectsTo" VALUES (1110, 1111);
INSERT INTO "connectsTo" VALUES (1111, 1112);
INSERT INTO "connectsTo" VALUES (1112, 1113);
INSERT INTO "connectsTo" VALUES (1113, 1115);
INSERT INTO "connectsTo" VALUES (1115, 1116);
INSERT INTO "connectsTo" VALUES (1116, 1117);
INSERT INTO "connectsTo" VALUES (1117, 1118);
INSERT INTO "connectsTo" VALUES (1118, 1119);
INSERT INTO "connectsTo" VALUES (1119, 1121);
INSERT INTO "connectsTo" VALUES (1121, 1122);
INSERT INTO "connectsTo" VALUES (1122, 1123);
INSERT INTO "connectsTo" VALUES (1123, 1124);
INSERT INTO "connectsTo" VALUES (1124, 1125);
INSERT INTO "connectsTo" VALUES (1125, 1127);
INSERT INTO "connectsTo" VALUES (1127, 1128);
INSERT INTO "connectsTo" VALUES (1128, 1129);
INSERT INTO "connectsTo" VALUES (1129, 1130);
INSERT INTO "connectsTo" VALUES (1130, 1131);
INSERT INTO "connectsTo" VALUES (1131, 1133);
INSERT INTO "connectsTo" VALUES (1133, 1135);
INSERT INTO "connectsTo" VALUES (1135, 1136);
INSERT INTO "connectsTo" VALUES (1136, 1137);
INSERT INTO "connectsTo" VALUES (1137, 1138);
INSERT INTO "connectsTo" VALUES (1138, 1139);
INSERT INTO "connectsTo" VALUES (1139, 1141);
INSERT INTO "connectsTo" VALUES (1141, 1142);
INSERT INTO "connectsTo" VALUES (1142, 1143);
INSERT INTO "connectsTo" VALUES (1143, 1144);
INSERT INTO "connectsTo" VALUES (1144, 1145);
INSERT INTO "connectsTo" VALUES (1145, 1147);
INSERT INTO "connectsTo" VALUES (1147, 1148);
INSERT INTO "connectsTo" VALUES (1148, 1149);
INSERT INTO "connectsTo" VALUES (1149, 1150);
INSERT INTO "connectsTo" VALUES (1150, 1151);
INSERT INTO "connectsTo" VALUES (769, 774);
INSERT INTO "Semaphore" ("id", "signal") VALUES (1153, 2);
INSERT INTO "Route" ("id", "active", "entry", "exit") VALUES (1154, 1, 771, 1153);
INSERT INTO "Region" ("id") VALUES (1155);
INSERT INTO "TrackElement" ("id") VALUES (1156);
INSERT INTO "Switch" ("id", "currentPosition") VALUES (1156, 1);
UPDATE "TrackElement" SET "region" = 1155 WHERE "id" = 1156;
INSERT INTO "Sensor" ("id") VALUES (1157);
UPDATE "Sensor" SET "region" = 1155 WHERE "id" = 1157;
INSERT INTO "monitoredBy" VALUES (1156, 1157);
INSERT INTO "TrackElement" ("id") VALUES (1158);
INSERT INTO "Segment" ("id", "length") VALUES (1158, 690);
UPDATE "TrackElement" SET "region" = 1155 WHERE "id" = 1158;
INSERT INTO "monitoredBy" VALUES (1158, 1157);
UPDATE "Semaphore" SET "segment" = 1158 WHERE "id" = 1153;
INSERT INTO "TrackElement" ("id") VALUES (1159);
INSERT INTO "Segment" ("id", "length") VALUES (1159, 832);
UPDATE "TrackElement" SET "region" = 1155 WHERE "id" = 1159;
INSERT INTO "monitoredBy" VALUES (1159, 1157);
INSERT INTO "TrackElement" ("id") VALUES (1160);
INSERT INTO "Segment" ("id", "length") VALUES (1160, 769);
UPDATE "TrackElement" SET "region" = 1155 WHERE "id" = 1160;
INSERT INTO "monitoredBy" VALUES (1160, 1157);
INSERT INTO "TrackElement" ("id") VALUES (1161);
INSERT INTO "Segment" ("id", "length") VALUES (1161, 25);
UPDATE "TrackElement" SET "region" = 1155 WHERE "id" = 1161;
INSERT INTO "monitoredBy" VALUES (1161, 1157);
INSERT INTO "TrackElement" ("id") VALUES (1162);
INSERT INTO "Segment" ("id", "length") VALUES (1162, 359);
UPDATE "TrackElement" SET "region" = 1155 WHERE "id" = 1162;
INSERT INTO "monitoredBy" VALUES (1162, 1157);
INSERT INTO "Sensor" ("id") VALUES (1163);
UPDATE "Sensor" SET "region" = 1155 WHERE "id" = 1163;
INSERT INTO "monitoredBy" VALUES (1156, 1163);
INSERT INTO "requires" VALUES (1154, 1163);
INSERT INTO "TrackElement" ("id") VALUES (1164);
INSERT INTO "Segment" ("id", "length") VALUES (1164, -954);
UPDATE "TrackElement" SET "region" = 1155 WHERE "id" = 1164;
INSERT INTO "monitoredBy" VALUES (1164, 1163);
INSERT INTO "TrackElement" ("id") VALUES (1165);
INSERT INTO "Segment" ("id", "length") VALUES (1165, 913);
UPDATE "TrackElement" SET "region" = 1155 WHERE "id" = 1165;
INSERT INTO "monitoredBy" VALUES (1165, 1163);
INSERT INTO "TrackElement" ("id") VALUES (1166);
INSERT INTO "Segment" ("id", "length") VALUES (1166, 244);
UPDATE "TrackElement" SET "region" = 1155 WHERE "id" = 1166;
INSERT INTO "monitoredBy" VALUES (1166, 1163);
INSERT INTO "TrackElement" ("id") VALUES (1167);
INSERT INTO "Segment" ("id", "length") VALUES (1167, 498);
UPDATE "TrackElement" SET "region" = 1155 WHERE "id" = 1167;
INSERT INTO "monitoredBy" VALUES (1167, 1163);
INSERT INTO "TrackElement" ("id") VALUES (1168);
INSERT INTO "Segment" ("id", "length") VALUES (1168, 262);
UPDATE "TrackElement" SET "region" = 1155 WHERE "id" = 1168;
INSERT INTO "monitoredBy" VALUES (1168, 1163);
INSERT INTO "Sensor" ("id") VALUES (1169);
UPDATE "Sensor" SET "region" = 1155 WHERE "id" = 1169;
INSERT INTO "monitoredBy" VALUES (1156, 1169);
INSERT INTO "requires" VALUES (1154, 1169);
INSERT INTO "TrackElement" ("id") VALUES (1170);
INSERT INTO "Segment" ("id", "length") VALUES (1170, 534);
UPDATE "TrackElement" SET "region" = 1155 WHERE "id" = 1170;
INSERT INTO "monitoredBy" VALUES (1170, 1169);
INSERT INTO "TrackElement" ("id") VALUES (1171);
INSERT INTO "Segment" ("id", "length") VALUES (1171, 159);
UPDATE "TrackElement" SET "region" = 1155 WHERE "id" = 1171;
INSERT INTO "monitoredBy" VALUES (1171, 1169);
INSERT INTO "TrackElement" ("id") VALUES (1172);
INSERT INTO "Segment" ("id", "length") VALUES (1172, 859);
UPDATE "TrackElement" SET "region" = 1155 WHERE "id" = 1172;
INSERT INTO "monitoredBy" VALUES (1172, 1169);
INSERT INTO "TrackElement" ("id") VALUES (1173);
INSERT INTO "Segment" ("id", "length") VALUES (1173, 494);
UPDATE "TrackElement" SET "region" = 1155 WHERE "id" = 1173;
INSERT INTO "monitoredBy" VALUES (1173, 1169);
INSERT INTO "TrackElement" ("id") VALUES (1174);
INSERT INTO "Segment" ("id", "length") VALUES (1174, 214);
UPDATE "TrackElement" SET "region" = 1155 WHERE "id" = 1174;
INSERT INTO "monitoredBy" VALUES (1174, 1169);
INSERT INTO "Sensor" ("id") VALUES (1175);
UPDATE "Sensor" SET "region" = 1155 WHERE "id" = 1175;
INSERT INTO "monitoredBy" VALUES (1156, 1175);
INSERT INTO "TrackElement" ("id") VALUES (1176);
INSERT INTO "Segment" ("id", "length") VALUES (1176, 665);
UPDATE "TrackElement" SET "region" = 1155 WHERE "id" = 1176;
INSERT INTO "monitoredBy" VALUES (1176, 1175);
INSERT INTO "TrackElement" ("id") VALUES (1177);
INSERT INTO "Segment" ("id", "length") VALUES (1177, 858);
UPDATE "TrackElement" SET "region" = 1155 WHERE "id" = 1177;
INSERT INTO "monitoredBy" VALUES (1177, 1175);
INSERT INTO "TrackElement" ("id") VALUES (1178);
INSERT INTO "Segment" ("id", "length") VALUES (1178, 435);
UPDATE "TrackElement" SET "region" = 1155 WHERE "id" = 1178;
INSERT INTO "monitoredBy" VALUES (1178, 1175);
INSERT INTO "TrackElement" ("id") VALUES (1179);
INSERT INTO "Segment" ("id", "length") VALUES (1179, 469);
UPDATE "TrackElement" SET "region" = 1155 WHERE "id" = 1179;
INSERT INTO "monitoredBy" VALUES (1179, 1175);
INSERT INTO "TrackElement" ("id") VALUES (1180);
INSERT INTO "Segment" ("id", "length") VALUES (1180, -286);
UPDATE "TrackElement" SET "region" = 1155 WHERE "id" = 1180;
INSERT INTO "monitoredBy" VALUES (1180, 1175);
INSERT INTO "Sensor" ("id") VALUES (1181);
UPDATE "Sensor" SET "region" = 1155 WHERE "id" = 1181;
INSERT INTO "monitoredBy" VALUES (1156, 1181);
INSERT INTO "requires" VALUES (1154, 1181);
INSERT INTO "TrackElement" ("id") VALUES (1182);
INSERT INTO "Segment" ("id", "length") VALUES (1182, 835);
UPDATE "TrackElement" SET "region" = 1155 WHERE "id" = 1182;
INSERT INTO "monitoredBy" VALUES (1182, 1181);
INSERT INTO "TrackElement" ("id") VALUES (1183);
INSERT INTO "Segment" ("id", "length") VALUES (1183, 337);
UPDATE "TrackElement" SET "region" = 1155 WHERE "id" = 1183;
INSERT INTO "monitoredBy" VALUES (1183, 1181);
INSERT INTO "TrackElement" ("id") VALUES (1184);
INSERT INTO "Segment" ("id", "length") VALUES (1184, 757);
UPDATE "TrackElement" SET "region" = 1155 WHERE "id" = 1184;
INSERT INTO "monitoredBy" VALUES (1184, 1181);
INSERT INTO "TrackElement" ("id") VALUES (1185);
INSERT INTO "Segment" ("id", "length") VALUES (1185, 729);
UPDATE "TrackElement" SET "region" = 1155 WHERE "id" = 1185;
INSERT INTO "monitoredBy" VALUES (1185, 1181);
INSERT INTO "TrackElement" ("id") VALUES (1186);
INSERT INTO "Segment" ("id", "length") VALUES (1186, 147);
UPDATE "TrackElement" SET "region" = 1155 WHERE "id" = 1186;
INSERT INTO "monitoredBy" VALUES (1186, 1181);
INSERT INTO "Sensor" ("id") VALUES (1187);
UPDATE "Sensor" SET "region" = 1155 WHERE "id" = 1187;
INSERT INTO "monitoredBy" VALUES (1156, 1187);
INSERT INTO "requires" VALUES (1154, 1187);
INSERT INTO "TrackElement" ("id") VALUES (1188);
INSERT INTO "Segment" ("id", "length") VALUES (1188, 997);
UPDATE "TrackElement" SET "region" = 1155 WHERE "id" = 1188;
INSERT INTO "monitoredBy" VALUES (1188, 1187);
INSERT INTO "TrackElement" ("id") VALUES (1189);
INSERT INTO "Segment" ("id", "length") VALUES (1189, 457);
UPDATE "TrackElement" SET "region" = 1155 WHERE "id" = 1189;
INSERT INTO "monitoredBy" VALUES (1189, 1187);
INSERT INTO "TrackElement" ("id") VALUES (1190);
INSERT INTO "Segment" ("id", "length") VALUES (1190, 779);
UPDATE "TrackElement" SET "region" = 1155 WHERE "id" = 1190;
INSERT INTO "monitoredBy" VALUES (1190, 1187);
INSERT INTO "TrackElement" ("id") VALUES (1191);
INSERT INTO "Segment" ("id", "length") VALUES (1191, 537);
UPDATE "TrackElement" SET "region" = 1155 WHERE "id" = 1191;
INSERT INTO "monitoredBy" VALUES (1191, 1187);
INSERT INTO "TrackElement" ("id") VALUES (1192);
INSERT INTO "Segment" ("id", "length") VALUES (1192, 185);
UPDATE "TrackElement" SET "region" = 1155 WHERE "id" = 1192;
INSERT INTO "monitoredBy" VALUES (1192, 1187);
INSERT INTO "Sensor" ("id") VALUES (1193);
UPDATE "Sensor" SET "region" = 1155 WHERE "id" = 1193;
INSERT INTO "monitoredBy" VALUES (1156, 1193);
INSERT INTO "requires" VALUES (1154, 1193);
INSERT INTO "TrackElement" ("id") VALUES (1194);
INSERT INTO "Segment" ("id", "length") VALUES (1194, 748);
UPDATE "TrackElement" SET "region" = 1155 WHERE "id" = 1194;
INSERT INTO "monitoredBy" VALUES (1194, 1193);
INSERT INTO "TrackElement" ("id") VALUES (1195);
INSERT INTO "Segment" ("id", "length") VALUES (1195, 756);
UPDATE "TrackElement" SET "region" = 1155 WHERE "id" = 1195;
INSERT INTO "monitoredBy" VALUES (1195, 1193);
INSERT INTO "TrackElement" ("id") VALUES (1196);
INSERT INTO "Segment" ("id", "length") VALUES (1196, 567);
UPDATE "TrackElement" SET "region" = 1155 WHERE "id" = 1196;
INSERT INTO "monitoredBy" VALUES (1196, 1193);
INSERT INTO "TrackElement" ("id") VALUES (1197);
INSERT INTO "Segment" ("id", "length") VALUES (1197, 777);
UPDATE "TrackElement" SET "region" = 1155 WHERE "id" = 1197;
INSERT INTO "monitoredBy" VALUES (1197, 1193);
INSERT INTO "TrackElement" ("id") VALUES (1198);
INSERT INTO "Segment" ("id", "length") VALUES (1198, 912);
UPDATE "TrackElement" SET "region" = 1155 WHERE "id" = 1198;
INSERT INTO "monitoredBy" VALUES (1198, 1193);
INSERT INTO "SwitchPosition" ("id", "position", "target") VALUES (1199, 1, 1156);
UPDATE "SwitchPosition" SET "route" = 1154 WHERE "id" = 1199;
INSERT INTO "TrackElement" ("id") VALUES (1200);
INSERT INTO "Switch" ("id", "currentPosition") VALUES (1200, 2);
UPDATE "TrackElement" SET "region" = 1155 WHERE "id" = 1200;
INSERT INTO "Sensor" ("id") VALUES (1201);
UPDATE "Sensor" SET "region" = 1155 WHERE "id" = 1201;
INSERT INTO "monitoredBy" VALUES (1200, 1201);
INSERT INTO "requires" VALUES (1154, 1201);
INSERT INTO "TrackElement" ("id") VALUES (1202);
INSERT INTO "Segment" ("id", "length") VALUES (1202, 26);
UPDATE "TrackElement" SET "region" = 1155 WHERE "id" = 1202;
INSERT INTO "monitoredBy" VALUES (1202, 1201);
INSERT INTO "TrackElement" ("id") VALUES (1203);
INSERT INTO "Segment" ("id", "length") VALUES (1203, 670);
UPDATE "TrackElement" SET "region" = 1155 WHERE "id" = 1203;
INSERT INTO "monitoredBy" VALUES (1203, 1201);
INSERT INTO "TrackElement" ("id") VALUES (1204);
INSERT INTO "Segment" ("id", "length") VALUES (1204, 718);
UPDATE "TrackElement" SET "region" = 1155 WHERE "id" = 1204;
INSERT INTO "monitoredBy" VALUES (1204, 1201);
INSERT INTO "TrackElement" ("id") VALUES (1205);
INSERT INTO "Segment" ("id", "length") VALUES (1205, 749);
UPDATE "TrackElement" SET "region" = 1155 WHERE "id" = 1205;
INSERT INTO "monitoredBy" VALUES (1205, 1201);
INSERT INTO "TrackElement" ("id") VALUES (1206);
INSERT INTO "Segment" ("id", "length") VALUES (1206, 872);
UPDATE "TrackElement" SET "region" = 1155 WHERE "id" = 1206;
INSERT INTO "monitoredBy" VALUES (1206, 1201);
INSERT INTO "Sensor" ("id") VALUES (1207);
UPDATE "Sensor" SET "region" = 1155 WHERE "id" = 1207;
INSERT INTO "monitoredBy" VALUES (1200, 1207);
INSERT INTO "requires" VALUES (1154, 1207);
INSERT INTO "TrackElement" ("id") VALUES (1208);
INSERT INTO "Segment" ("id", "length") VALUES (1208, 489);
UPDATE "TrackElement" SET "region" = 1155 WHERE "id" = 1208;
INSERT INTO "monitoredBy" VALUES (1208, 1207);
INSERT INTO "TrackElement" ("id") VALUES (1209);
INSERT INTO "Segment" ("id", "length") VALUES (1209, 821);
UPDATE "TrackElement" SET "region" = 1155 WHERE "id" = 1209;
INSERT INTO "monitoredBy" VALUES (1209, 1207);
INSERT INTO "TrackElement" ("id") VALUES (1210);
INSERT INTO "Segment" ("id", "length") VALUES (1210, 979);
UPDATE "TrackElement" SET "region" = 1155 WHERE "id" = 1210;
INSERT INTO "monitoredBy" VALUES (1210, 1207);
INSERT INTO "TrackElement" ("id") VALUES (1211);
INSERT INTO "Segment" ("id", "length") VALUES (1211, 864);
UPDATE "TrackElement" SET "region" = 1155 WHERE "id" = 1211;
INSERT INTO "monitoredBy" VALUES (1211, 1207);
INSERT INTO "TrackElement" ("id") VALUES (1212);
INSERT INTO "Segment" ("id", "length") VALUES (1212, 985);
UPDATE "TrackElement" SET "region" = 1155 WHERE "id" = 1212;
INSERT INTO "monitoredBy" VALUES (1212, 1207);
INSERT INTO "Sensor" ("id") VALUES (1213);
UPDATE "Sensor" SET "region" = 1155 WHERE "id" = 1213;
INSERT INTO "monitoredBy" VALUES (1200, 1213);
INSERT INTO "requires" VALUES (1154, 1213);
INSERT INTO "TrackElement" ("id") VALUES (1214);
INSERT INTO "Segment" ("id", "length") VALUES (1214, 613);
UPDATE "TrackElement" SET "region" = 1155 WHERE "id" = 1214;
INSERT INTO "monitoredBy" VALUES (1214, 1213);
INSERT INTO "TrackElement" ("id") VALUES (1215);
INSERT INTO "Segment" ("id", "length") VALUES (1215, 166);
UPDATE "TrackElement" SET "region" = 1155 WHERE "id" = 1215;
INSERT INTO "monitoredBy" VALUES (1215, 1213);
INSERT INTO "TrackElement" ("id") VALUES (1216);
INSERT INTO "Segment" ("id", "length") VALUES (1216, 821);
UPDATE "TrackElement" SET "region" = 1155 WHERE "id" = 1216;
INSERT INTO "monitoredBy" VALUES (1216, 1213);
INSERT INTO "TrackElement" ("id") VALUES (1217);
INSERT INTO "Segment" ("id", "length") VALUES (1217, 210);
UPDATE "TrackElement" SET "region" = 1155 WHERE "id" = 1217;
INSERT INTO "monitoredBy" VALUES (1217, 1213);
INSERT INTO "TrackElement" ("id") VALUES (1218);
INSERT INTO "Segment" ("id", "length") VALUES (1218, 730);
UPDATE "TrackElement" SET "region" = 1155 WHERE "id" = 1218;
INSERT INTO "monitoredBy" VALUES (1218, 1213);
INSERT INTO "SwitchPosition" ("id", "position", "target") VALUES (1219, 2, 1200);
UPDATE "SwitchPosition" SET "route" = 1154 WHERE "id" = 1219;
INSERT INTO "TrackElement" ("id") VALUES (1220);
INSERT INTO "Switch" ("id", "currentPosition") VALUES (1220, 0);
UPDATE "TrackElement" SET "region" = 1155 WHERE "id" = 1220;
INSERT INTO "Sensor" ("id") VALUES (1221);
UPDATE "Sensor" SET "region" = 1155 WHERE "id" = 1221;
INSERT INTO "monitoredBy" VALUES (1220, 1221);
INSERT INTO "requires" VALUES (1154, 1221);
INSERT INTO "TrackElement" ("id") VALUES (1222);
INSERT INTO "Segment" ("id", "length") VALUES (1222, 142);
UPDATE "TrackElement" SET "region" = 1155 WHERE "id" = 1222;
INSERT INTO "monitoredBy" VALUES (1222, 1221);
INSERT INTO "TrackElement" ("id") VALUES (1223);
INSERT INTO "Segment" ("id", "length") VALUES (1223, 900);
UPDATE "TrackElement" SET "region" = 1155 WHERE "id" = 1223;
INSERT INTO "monitoredBy" VALUES (1223, 1221);
INSERT INTO "TrackElement" ("id") VALUES (1224);
INSERT INTO "Segment" ("id", "length") VALUES (1224, 867);
UPDATE "TrackElement" SET "region" = 1155 WHERE "id" = 1224;
INSERT INTO "monitoredBy" VALUES (1224, 1221);
INSERT INTO "TrackElement" ("id") VALUES (1225);
INSERT INTO "Segment" ("id", "length") VALUES (1225, 644);
UPDATE "TrackElement" SET "region" = 1155 WHERE "id" = 1225;
INSERT INTO "monitoredBy" VALUES (1225, 1221);
INSERT INTO "TrackElement" ("id") VALUES (1226);
INSERT INTO "Segment" ("id", "length") VALUES (1226, 277);
UPDATE "TrackElement" SET "region" = 1155 WHERE "id" = 1226;
INSERT INTO "monitoredBy" VALUES (1226, 1221);
INSERT INTO "Sensor" ("id") VALUES (1227);
UPDATE "Sensor" SET "region" = 1155 WHERE "id" = 1227;
INSERT INTO "monitoredBy" VALUES (1220, 1227);
INSERT INTO "TrackElement" ("id") VALUES (1228);
INSERT INTO "Segment" ("id", "length") VALUES (1228, 576);
UPDATE "TrackElement" SET "region" = 1155 WHERE "id" = 1228;
INSERT INTO "monitoredBy" VALUES (1228, 1227);
INSERT INTO "TrackElement" ("id") VALUES (1229);
INSERT INTO "Segment" ("id", "length") VALUES (1229, 912);
UPDATE "TrackElement" SET "region" = 1155 WHERE "id" = 1229;
INSERT INTO "monitoredBy" VALUES (1229, 1227);
INSERT INTO "TrackElement" ("id") VALUES (1230);
INSERT INTO "Segment" ("id", "length") VALUES (1230, -496);
UPDATE "TrackElement" SET "region" = 1155 WHERE "id" = 1230;
INSERT INTO "monitoredBy" VALUES (1230, 1227);
INSERT INTO "TrackElement" ("id") VALUES (1231);
INSERT INTO "Segment" ("id", "length") VALUES (1231, 585);
UPDATE "TrackElement" SET "region" = 1155 WHERE "id" = 1231;
INSERT INTO "monitoredBy" VALUES (1231, 1227);
INSERT INTO "TrackElement" ("id") VALUES (1232);
INSERT INTO "Segment" ("id", "length") VALUES (1232, 688);
UPDATE "TrackElement" SET "region" = 1155 WHERE "id" = 1232;
INSERT INTO "monitoredBy" VALUES (1232, 1227);
INSERT INTO "Sensor" ("id") VALUES (1233);
UPDATE "Sensor" SET "region" = 1155 WHERE "id" = 1233;
INSERT INTO "monitoredBy" VALUES (1220, 1233);
INSERT INTO "requires" VALUES (1154, 1233);
INSERT INTO "TrackElement" ("id") VALUES (1234);
INSERT INTO "Segment" ("id", "length") VALUES (1234, 453);
UPDATE "TrackElement" SET "region" = 1155 WHERE "id" = 1234;
INSERT INTO "monitoredBy" VALUES (1234, 1233);
INSERT INTO "TrackElement" ("id") VALUES (1235);
INSERT INTO "Segment" ("id", "length") VALUES (1235, -924);
UPDATE "TrackElement" SET "region" = 1155 WHERE "id" = 1235;
INSERT INTO "monitoredBy" VALUES (1235, 1233);
INSERT INTO "TrackElement" ("id") VALUES (1236);
INSERT INTO "Segment" ("id", "length") VALUES (1236, 303);
UPDATE "TrackElement" SET "region" = 1155 WHERE "id" = 1236;
INSERT INTO "monitoredBy" VALUES (1236, 1233);
INSERT INTO "TrackElement" ("id") VALUES (1237);
INSERT INTO "Segment" ("id", "length") VALUES (1237, 840);
UPDATE "TrackElement" SET "region" = 1155 WHERE "id" = 1237;
INSERT INTO "monitoredBy" VALUES (1237, 1233);
INSERT INTO "TrackElement" ("id") VALUES (1238);
INSERT INTO "Segment" ("id", "length") VALUES (1238, 931);
UPDATE "TrackElement" SET "region" = 1155 WHERE "id" = 1238;
INSERT INTO "monitoredBy" VALUES (1238, 1233);
INSERT INTO "Sensor" ("id") VALUES (1239);
UPDATE "Sensor" SET "region" = 1155 WHERE "id" = 1239;
INSERT INTO "monitoredBy" VALUES (1220, 1239);
INSERT INTO "requires" VALUES (1154, 1239);
INSERT INTO "TrackElement" ("id") VALUES (1240);
INSERT INTO "Segment" ("id", "length") VALUES (1240, 381);
UPDATE "TrackElement" SET "region" = 1155 WHERE "id" = 1240;
INSERT INTO "monitoredBy" VALUES (1240, 1239);
INSERT INTO "TrackElement" ("id") VALUES (1241);
INSERT INTO "Segment" ("id", "length") VALUES (1241, 552);
UPDATE "TrackElement" SET "region" = 1155 WHERE "id" = 1241;
INSERT INTO "monitoredBy" VALUES (1241, 1239);
INSERT INTO "TrackElement" ("id") VALUES (1242);
INSERT INTO "Segment" ("id", "length") VALUES (1242, 690);
UPDATE "TrackElement" SET "region" = 1155 WHERE "id" = 1242;
INSERT INTO "monitoredBy" VALUES (1242, 1239);
INSERT INTO "TrackElement" ("id") VALUES (1243);
INSERT INTO "Segment" ("id", "length") VALUES (1243, 127);
UPDATE "TrackElement" SET "region" = 1155 WHERE "id" = 1243;
INSERT INTO "monitoredBy" VALUES (1243, 1239);
INSERT INTO "TrackElement" ("id") VALUES (1244);
INSERT INTO "Segment" ("id", "length") VALUES (1244, 760);
UPDATE "TrackElement" SET "region" = 1155 WHERE "id" = 1244;
INSERT INTO "monitoredBy" VALUES (1244, 1239);
INSERT INTO "Sensor" ("id") VALUES (1245);
UPDATE "Sensor" SET "region" = 1155 WHERE "id" = 1245;
INSERT INTO "monitoredBy" VALUES (1220, 1245);
INSERT INTO "requires" VALUES (1154, 1245);
INSERT INTO "TrackElement" ("id") VALUES (1246);
INSERT INTO "Segment" ("id", "length") VALUES (1246, 983);
UPDATE "TrackElement" SET "region" = 1155 WHERE "id" = 1246;
INSERT INTO "monitoredBy" VALUES (1246, 1245);
INSERT INTO "TrackElement" ("id") VALUES (1247);
INSERT INTO "Segment" ("id", "length") VALUES (1247, -970);
UPDATE "TrackElement" SET "region" = 1155 WHERE "id" = 1247;
INSERT INTO "monitoredBy" VALUES (1247, 1245);
INSERT INTO "TrackElement" ("id") VALUES (1248);
INSERT INTO "Segment" ("id", "length") VALUES (1248, 149);
UPDATE "TrackElement" SET "region" = 1155 WHERE "id" = 1248;
INSERT INTO "monitoredBy" VALUES (1248, 1245);
INSERT INTO "TrackElement" ("id") VALUES (1249);
INSERT INTO "Segment" ("id", "length") VALUES (1249, 96);
UPDATE "TrackElement" SET "region" = 1155 WHERE "id" = 1249;
INSERT INTO "monitoredBy" VALUES (1249, 1245);
INSERT INTO "TrackElement" ("id") VALUES (1250);
INSERT INTO "Segment" ("id", "length") VALUES (1250, 471);
UPDATE "TrackElement" SET "region" = 1155 WHERE "id" = 1250;
INSERT INTO "monitoredBy" VALUES (1250, 1245);
INSERT INTO "Sensor" ("id") VALUES (1251);
UPDATE "Sensor" SET "region" = 1155 WHERE "id" = 1251;
INSERT INTO "monitoredBy" VALUES (1220, 1251);
INSERT INTO "requires" VALUES (1154, 1251);
INSERT INTO "TrackElement" ("id") VALUES (1252);
INSERT INTO "Segment" ("id", "length") VALUES (1252, 485);
UPDATE "TrackElement" SET "region" = 1155 WHERE "id" = 1252;
INSERT INTO "monitoredBy" VALUES (1252, 1251);
INSERT INTO "TrackElement" ("id") VALUES (1253);
INSERT INTO "Segment" ("id", "length") VALUES (1253, 767);
UPDATE "TrackElement" SET "region" = 1155 WHERE "id" = 1253;
INSERT INTO "monitoredBy" VALUES (1253, 1251);
INSERT INTO "TrackElement" ("id") VALUES (1254);
INSERT INTO "Segment" ("id", "length") VALUES (1254, 613);
UPDATE "TrackElement" SET "region" = 1155 WHERE "id" = 1254;
INSERT INTO "monitoredBy" VALUES (1254, 1251);
INSERT INTO "TrackElement" ("id") VALUES (1255);
INSERT INTO "Segment" ("id", "length") VALUES (1255, 977);
UPDATE "TrackElement" SET "region" = 1155 WHERE "id" = 1255;
INSERT INTO "monitoredBy" VALUES (1255, 1251);
INSERT INTO "TrackElement" ("id") VALUES (1256);
INSERT INTO "Segment" ("id", "length") VALUES (1256, 244);
UPDATE "TrackElement" SET "region" = 1155 WHERE "id" = 1256;
INSERT INTO "monitoredBy" VALUES (1256, 1251);
INSERT INTO "Sensor" ("id") VALUES (1257);
UPDATE "Sensor" SET "region" = 1155 WHERE "id" = 1257;
INSERT INTO "monitoredBy" VALUES (1220, 1257);
INSERT INTO "requires" VALUES (1154, 1257);
INSERT INTO "TrackElement" ("id") VALUES (1258);
INSERT INTO "Segment" ("id", "length") VALUES (1258, 948);
UPDATE "TrackElement" SET "region" = 1155 WHERE "id" = 1258;
INSERT INTO "monitoredBy" VALUES (1258, 1257);
INSERT INTO "TrackElement" ("id") VALUES (1259);
INSERT INTO "Segment" ("id", "length") VALUES (1259, 258);
UPDATE "TrackElement" SET "region" = 1155 WHERE "id" = 1259;
INSERT INTO "monitoredBy" VALUES (1259, 1257);
INSERT INTO "TrackElement" ("id") VALUES (1260);
INSERT INTO "Segment" ("id", "length") VALUES (1260, 966);
UPDATE "TrackElement" SET "region" = 1155 WHERE "id" = 1260;
INSERT INTO "monitoredBy" VALUES (1260, 1257);
INSERT INTO "TrackElement" ("id") VALUES (1261);
INSERT INTO "Segment" ("id", "length") VALUES (1261, 397);
UPDATE "TrackElement" SET "region" = 1155 WHERE "id" = 1261;
INSERT INTO "monitoredBy" VALUES (1261, 1257);
INSERT INTO "TrackElement" ("id") VALUES (1262);
INSERT INTO "Segment" ("id", "length") VALUES (1262, 935);
UPDATE "TrackElement" SET "region" = 1155 WHERE "id" = 1262;
INSERT INTO "monitoredBy" VALUES (1262, 1257);
INSERT INTO "Sensor" ("id") VALUES (1263);
UPDATE "Sensor" SET "region" = 1155 WHERE "id" = 1263;
INSERT INTO "monitoredBy" VALUES (1220, 1263);
INSERT INTO "requires" VALUES (1154, 1263);
INSERT INTO "TrackElement" ("id") VALUES (1264);
INSERT INTO "Segment" ("id", "length") VALUES (1264, 972);
UPDATE "TrackElement" SET "region" = 1155 WHERE "id" = 1264;
INSERT INTO "monitoredBy" VALUES (1264, 1263);
INSERT INTO "TrackElement" ("id") VALUES (1265);
INSERT INTO "Segment" ("id", "length") VALUES (1265, 701);
UPDATE "TrackElement" SET "region" = 1155 WHERE "id" = 1265;
INSERT INTO "monitoredBy" VALUES (1265, 1263);
INSERT INTO "TrackElement" ("id") VALUES (1266);
INSERT INTO "Segment" ("id", "length") VALUES (1266, 170);
UPDATE "TrackElement" SET "region" = 1155 WHERE "id" = 1266;
INSERT INTO "monitoredBy" VALUES (1266, 1263);
INSERT INTO "TrackElement" ("id") VALUES (1267);
INSERT INTO "Segment" ("id", "length") VALUES (1267, 800);
UPDATE "TrackElement" SET "region" = 1155 WHERE "id" = 1267;
INSERT INTO "monitoredBy" VALUES (1267, 1263);
INSERT INTO "TrackElement" ("id") VALUES (1268);
INSERT INTO "Segment" ("id", "length") VALUES (1268, 371);
UPDATE "TrackElement" SET "region" = 1155 WHERE "id" = 1268;
INSERT INTO "monitoredBy" VALUES (1268, 1263);
INSERT INTO "Sensor" ("id") VALUES (1269);
UPDATE "Sensor" SET "region" = 1155 WHERE "id" = 1269;
INSERT INTO "monitoredBy" VALUES (1220, 1269);
INSERT INTO "requires" VALUES (1154, 1269);
INSERT INTO "TrackElement" ("id") VALUES (1270);
INSERT INTO "Segment" ("id", "length") VALUES (1270, 193);
UPDATE "TrackElement" SET "region" = 1155 WHERE "id" = 1270;
INSERT INTO "monitoredBy" VALUES (1270, 1269);
INSERT INTO "TrackElement" ("id") VALUES (1271);
INSERT INTO "Segment" ("id", "length") VALUES (1271, 906);
UPDATE "TrackElement" SET "region" = 1155 WHERE "id" = 1271;
INSERT INTO "monitoredBy" VALUES (1271, 1269);
INSERT INTO "TrackElement" ("id") VALUES (1272);
INSERT INTO "Segment" ("id", "length") VALUES (1272, 99);
UPDATE "TrackElement" SET "region" = 1155 WHERE "id" = 1272;
INSERT INTO "monitoredBy" VALUES (1272, 1269);
INSERT INTO "TrackElement" ("id") VALUES (1273);
INSERT INTO "Segment" ("id", "length") VALUES (1273, 636);
UPDATE "TrackElement" SET "region" = 1155 WHERE "id" = 1273;
INSERT INTO "monitoredBy" VALUES (1273, 1269);
INSERT INTO "TrackElement" ("id") VALUES (1274);
INSERT INTO "Segment" ("id", "length") VALUES (1274, 695);
UPDATE "TrackElement" SET "region" = 1155 WHERE "id" = 1274;
INSERT INTO "monitoredBy" VALUES (1274, 1269);
INSERT INTO "SwitchPosition" ("id", "position", "target") VALUES (1275, 2, 1220);
UPDATE "SwitchPosition" SET "route" = 1154 WHERE "id" = 1275;
INSERT INTO "TrackElement" ("id") VALUES (1276);
INSERT INTO "Switch" ("id", "currentPosition") VALUES (1276, 0);
UPDATE "TrackElement" SET "region" = 1155 WHERE "id" = 1276;
INSERT INTO "Sensor" ("id") VALUES (1277);
UPDATE "Sensor" SET "region" = 1155 WHERE "id" = 1277;
INSERT INTO "monitoredBy" VALUES (1276, 1277);
INSERT INTO "requires" VALUES (1154, 1277);
INSERT INTO "TrackElement" ("id") VALUES (1278);
INSERT INTO "Segment" ("id", "length") VALUES (1278, 170);
UPDATE "TrackElement" SET "region" = 1155 WHERE "id" = 1278;
INSERT INTO "monitoredBy" VALUES (1278, 1277);
INSERT INTO "TrackElement" ("id") VALUES (1279);
INSERT INTO "Segment" ("id", "length") VALUES (1279, 582);
UPDATE "TrackElement" SET "region" = 1155 WHERE "id" = 1279;
INSERT INTO "monitoredBy" VALUES (1279, 1277);
INSERT INTO "TrackElement" ("id") VALUES (1280);
INSERT INTO "Segment" ("id", "length") VALUES (1280, 486);
UPDATE "TrackElement" SET "region" = 1155 WHERE "id" = 1280;
INSERT INTO "monitoredBy" VALUES (1280, 1277);
INSERT INTO "TrackElement" ("id") VALUES (1281);
INSERT INTO "Segment" ("id", "length") VALUES (1281, 308);
UPDATE "TrackElement" SET "region" = 1155 WHERE "id" = 1281;
INSERT INTO "monitoredBy" VALUES (1281, 1277);
INSERT INTO "TrackElement" ("id") VALUES (1282);
INSERT INTO "Segment" ("id", "length") VALUES (1282, 597);
UPDATE "TrackElement" SET "region" = 1155 WHERE "id" = 1282;
INSERT INTO "monitoredBy" VALUES (1282, 1277);
INSERT INTO "Sensor" ("id") VALUES (1283);
UPDATE "Sensor" SET "region" = 1155 WHERE "id" = 1283;
INSERT INTO "monitoredBy" VALUES (1276, 1283);
INSERT INTO "requires" VALUES (1154, 1283);
INSERT INTO "TrackElement" ("id") VALUES (1284);
INSERT INTO "Segment" ("id", "length") VALUES (1284, 283);
UPDATE "TrackElement" SET "region" = 1155 WHERE "id" = 1284;
INSERT INTO "monitoredBy" VALUES (1284, 1283);
INSERT INTO "TrackElement" ("id") VALUES (1285);
INSERT INTO "Segment" ("id", "length") VALUES (1285, 353);
UPDATE "TrackElement" SET "region" = 1155 WHERE "id" = 1285;
INSERT INTO "monitoredBy" VALUES (1285, 1283);
INSERT INTO "TrackElement" ("id") VALUES (1286);
INSERT INTO "Segment" ("id", "length") VALUES (1286, 20);
UPDATE "TrackElement" SET "region" = 1155 WHERE "id" = 1286;
INSERT INTO "monitoredBy" VALUES (1286, 1283);
INSERT INTO "TrackElement" ("id") VALUES (1287);
INSERT INTO "Segment" ("id", "length") VALUES (1287, 623);
UPDATE "TrackElement" SET "region" = 1155 WHERE "id" = 1287;
INSERT INTO "monitoredBy" VALUES (1287, 1283);
INSERT INTO "TrackElement" ("id") VALUES (1288);
INSERT INTO "Segment" ("id", "length") VALUES (1288, 240);
UPDATE "TrackElement" SET "region" = 1155 WHERE "id" = 1288;
INSERT INTO "monitoredBy" VALUES (1288, 1283);
INSERT INTO "Sensor" ("id") VALUES (1289);
UPDATE "Sensor" SET "region" = 1155 WHERE "id" = 1289;
INSERT INTO "monitoredBy" VALUES (1276, 1289);
INSERT INTO "requires" VALUES (1154, 1289);
INSERT INTO "TrackElement" ("id") VALUES (1290);
INSERT INTO "Segment" ("id", "length") VALUES (1290, 559);
UPDATE "TrackElement" SET "region" = 1155 WHERE "id" = 1290;
INSERT INTO "monitoredBy" VALUES (1290, 1289);
INSERT INTO "TrackElement" ("id") VALUES (1291);
INSERT INTO "Segment" ("id", "length") VALUES (1291, 319);
UPDATE "TrackElement" SET "region" = 1155 WHERE "id" = 1291;
INSERT INTO "monitoredBy" VALUES (1291, 1289);
INSERT INTO "TrackElement" ("id") VALUES (1292);
INSERT INTO "Segment" ("id", "length") VALUES (1292, 565);
UPDATE "TrackElement" SET "region" = 1155 WHERE "id" = 1292;
INSERT INTO "monitoredBy" VALUES (1292, 1289);
INSERT INTO "TrackElement" ("id") VALUES (1293);
INSERT INTO "Segment" ("id", "length") VALUES (1293, 379);
UPDATE "TrackElement" SET "region" = 1155 WHERE "id" = 1293;
INSERT INTO "monitoredBy" VALUES (1293, 1289);
INSERT INTO "TrackElement" ("id") VALUES (1294);
INSERT INTO "Segment" ("id", "length") VALUES (1294, 970);
UPDATE "TrackElement" SET "region" = 1155 WHERE "id" = 1294;
INSERT INTO "monitoredBy" VALUES (1294, 1289);
INSERT INTO "Sensor" ("id") VALUES (1295);
UPDATE "Sensor" SET "region" = 1155 WHERE "id" = 1295;
INSERT INTO "TrackElement" ("id") VALUES (1296);
INSERT INTO "Segment" ("id", "length") VALUES (1296, 272);
UPDATE "TrackElement" SET "region" = 1155 WHERE "id" = 1296;
INSERT INTO "monitoredBy" VALUES (1296, 1295);
INSERT INTO "TrackElement" ("id") VALUES (1297);
INSERT INTO "Segment" ("id", "length") VALUES (1297, 646);
UPDATE "TrackElement" SET "region" = 1155 WHERE "id" = 1297;
INSERT INTO "monitoredBy" VALUES (1297, 1295);
INSERT INTO "TrackElement" ("id") VALUES (1298);
INSERT INTO "Segment" ("id", "length") VALUES (1298, 598);
UPDATE "TrackElement" SET "region" = 1155 WHERE "id" = 1298;
INSERT INTO "monitoredBy" VALUES (1298, 1295);
INSERT INTO "TrackElement" ("id") VALUES (1299);
INSERT INTO "Segment" ("id", "length") VALUES (1299, 22);
UPDATE "TrackElement" SET "region" = 1155 WHERE "id" = 1299;
INSERT INTO "monitoredBy" VALUES (1299, 1295);
INSERT INTO "TrackElement" ("id") VALUES (1300);
INSERT INTO "Segment" ("id", "length") VALUES (1300, 581);
UPDATE "TrackElement" SET "region" = 1155 WHERE "id" = 1300;
INSERT INTO "monitoredBy" VALUES (1300, 1295);
INSERT INTO "Sensor" ("id") VALUES (1301);
UPDATE "Sensor" SET "region" = 1155 WHERE "id" = 1301;
INSERT INTO "monitoredBy" VALUES (1276, 1301);
INSERT INTO "requires" VALUES (1154, 1301);
INSERT INTO "TrackElement" ("id") VALUES (1302);
INSERT INTO "Segment" ("id", "length") VALUES (1302, -933);
UPDATE "TrackElement" SET "region" = 1155 WHERE "id" = 1302;
INSERT INTO "monitoredBy" VALUES (1302, 1301);
INSERT INTO "TrackElement" ("id") VALUES (1303);
INSERT INTO "Segment" ("id", "length") VALUES (1303, 818);
UPDATE "TrackElement" SET "region" = 1155 WHERE "id" = 1303;
INSERT INTO "monitoredBy" VALUES (1303, 1301);
INSERT INTO "TrackElement" ("id") VALUES (1304);
INSERT INTO "Segment" ("id", "length") VALUES (1304, 484);
UPDATE "TrackElement" SET "region" = 1155 WHERE "id" = 1304;
INSERT INTO "monitoredBy" VALUES (1304, 1301);
INSERT INTO "TrackElement" ("id") VALUES (1305);
INSERT INTO "Segment" ("id", "length") VALUES (1305, 102);
UPDATE "TrackElement" SET "region" = 1155 WHERE "id" = 1305;
INSERT INTO "monitoredBy" VALUES (1305, 1301);
INSERT INTO "TrackElement" ("id") VALUES (1306);
INSERT INTO "Segment" ("id", "length") VALUES (1306, 308);
UPDATE "TrackElement" SET "region" = 1155 WHERE "id" = 1306;
INSERT INTO "monitoredBy" VALUES (1306, 1301);
INSERT INTO "Sensor" ("id") VALUES (1307);
UPDATE "Sensor" SET "region" = 1155 WHERE "id" = 1307;
INSERT INTO "monitoredBy" VALUES (1276, 1307);
INSERT INTO "requires" VALUES (1154, 1307);
INSERT INTO "TrackElement" ("id") VALUES (1308);
INSERT INTO "Segment" ("id", "length") VALUES (1308, 666);
UPDATE "TrackElement" SET "region" = 1155 WHERE "id" = 1308;
INSERT INTO "monitoredBy" VALUES (1308, 1307);
INSERT INTO "TrackElement" ("id") VALUES (1309);
INSERT INTO "Segment" ("id", "length") VALUES (1309, 571);
UPDATE "TrackElement" SET "region" = 1155 WHERE "id" = 1309;
INSERT INTO "monitoredBy" VALUES (1309, 1307);
INSERT INTO "TrackElement" ("id") VALUES (1310);
INSERT INTO "Segment" ("id", "length") VALUES (1310, 938);
UPDATE "TrackElement" SET "region" = 1155 WHERE "id" = 1310;
INSERT INTO "monitoredBy" VALUES (1310, 1307);
INSERT INTO "TrackElement" ("id") VALUES (1311);
INSERT INTO "Segment" ("id", "length") VALUES (1311, 294);
UPDATE "TrackElement" SET "region" = 1155 WHERE "id" = 1311;
INSERT INTO "monitoredBy" VALUES (1311, 1307);
INSERT INTO "TrackElement" ("id") VALUES (1312);
INSERT INTO "Segment" ("id", "length") VALUES (1312, 254);
UPDATE "TrackElement" SET "region" = 1155 WHERE "id" = 1312;
INSERT INTO "monitoredBy" VALUES (1312, 1307);
INSERT INTO "Sensor" ("id") VALUES (1313);
UPDATE "Sensor" SET "region" = 1155 WHERE "id" = 1313;
INSERT INTO "monitoredBy" VALUES (1276, 1313);
INSERT INTO "requires" VALUES (1154, 1313);
INSERT INTO "TrackElement" ("id") VALUES (1314);
INSERT INTO "Segment" ("id", "length") VALUES (1314, 655);
UPDATE "TrackElement" SET "region" = 1155 WHERE "id" = 1314;
INSERT INTO "monitoredBy" VALUES (1314, 1313);
INSERT INTO "TrackElement" ("id") VALUES (1315);
INSERT INTO "Segment" ("id", "length") VALUES (1315, 671);
UPDATE "TrackElement" SET "region" = 1155 WHERE "id" = 1315;
INSERT INTO "monitoredBy" VALUES (1315, 1313);
INSERT INTO "TrackElement" ("id") VALUES (1316);
INSERT INTO "Segment" ("id", "length") VALUES (1316, 370);
UPDATE "TrackElement" SET "region" = 1155 WHERE "id" = 1316;
INSERT INTO "monitoredBy" VALUES (1316, 1313);
INSERT INTO "TrackElement" ("id") VALUES (1317);
INSERT INTO "Segment" ("id", "length") VALUES (1317, 406);
UPDATE "TrackElement" SET "region" = 1155 WHERE "id" = 1317;
INSERT INTO "monitoredBy" VALUES (1317, 1313);
INSERT INTO "TrackElement" ("id") VALUES (1318);
INSERT INTO "Segment" ("id", "length") VALUES (1318, 971);
UPDATE "TrackElement" SET "region" = 1155 WHERE "id" = 1318;
INSERT INTO "monitoredBy" VALUES (1318, 1313);
INSERT INTO "Sensor" ("id") VALUES (1319);
UPDATE "Sensor" SET "region" = 1155 WHERE "id" = 1319;
INSERT INTO "TrackElement" ("id") VALUES (1320);
INSERT INTO "Segment" ("id", "length") VALUES (1320, 162);
UPDATE "TrackElement" SET "region" = 1155 WHERE "id" = 1320;
INSERT INTO "monitoredBy" VALUES (1320, 1319);
INSERT INTO "TrackElement" ("id") VALUES (1321);
INSERT INTO "Segment" ("id", "length") VALUES (1321, 622);
UPDATE "TrackElement" SET "region" = 1155 WHERE "id" = 1321;
INSERT INTO "monitoredBy" VALUES (1321, 1319);
INSERT INTO "TrackElement" ("id") VALUES (1322);
INSERT INTO "Segment" ("id", "length") VALUES (1322, 820);
UPDATE "TrackElement" SET "region" = 1155 WHERE "id" = 1322;
INSERT INTO "monitoredBy" VALUES (1322, 1319);
INSERT INTO "TrackElement" ("id") VALUES (1323);
INSERT INTO "Segment" ("id", "length") VALUES (1323, 831);
UPDATE "TrackElement" SET "region" = 1155 WHERE "id" = 1323;
INSERT INTO "monitoredBy" VALUES (1323, 1319);
INSERT INTO "TrackElement" ("id") VALUES (1324);
INSERT INTO "Segment" ("id", "length") VALUES (1324, 172);
UPDATE "TrackElement" SET "region" = 1155 WHERE "id" = 1324;
INSERT INTO "monitoredBy" VALUES (1324, 1319);
INSERT INTO "SwitchPosition" ("id", "position", "target") VALUES (1325, 0, 1276);
UPDATE "SwitchPosition" SET "route" = 1154 WHERE "id" = 1325;
INSERT INTO "connectsTo" VALUES (1156, 1158);
INSERT INTO "connectsTo" VALUES (1158, 1159);
INSERT INTO "connectsTo" VALUES (1159, 1160);
INSERT INTO "connectsTo" VALUES (1160, 1161);
INSERT INTO "connectsTo" VALUES (1161, 1162);
INSERT INTO "connectsTo" VALUES (1162, 1164);
INSERT INTO "connectsTo" VALUES (1164, 1165);
INSERT INTO "connectsTo" VALUES (1165, 1166);
INSERT INTO "connectsTo" VALUES (1166, 1167);
INSERT INTO "connectsTo" VALUES (1167, 1168);
INSERT INTO "connectsTo" VALUES (1168, 1170);
INSERT INTO "connectsTo" VALUES (1170, 1171);
INSERT INTO "connectsTo" VALUES (1171, 1172);
INSERT INTO "connectsTo" VALUES (1172, 1173);
INSERT INTO "connectsTo" VALUES (1173, 1174);
INSERT INTO "connectsTo" VALUES (1174, 1176);
INSERT INTO "connectsTo" VALUES (1176, 1177);
INSERT INTO "connectsTo" VALUES (1177, 1178);
INSERT INTO "connectsTo" VALUES (1178, 1179);
INSERT INTO "connectsTo" VALUES (1179, 1180);
INSERT INTO "connectsTo" VALUES (1180, 1182);
INSERT INTO "connectsTo" VALUES (1182, 1183);
INSERT INTO "connectsTo" VALUES (1183, 1184);
INSERT INTO "connectsTo" VALUES (1184, 1185);
INSERT INTO "connectsTo" VALUES (1185, 1186);
INSERT INTO "connectsTo" VALUES (1186, 1188);
INSERT INTO "connectsTo" VALUES (1188, 1189);
INSERT INTO "connectsTo" VALUES (1189, 1190);
INSERT INTO "connectsTo" VALUES (1190, 1191);
INSERT INTO "connectsTo" VALUES (1191, 1192);
INSERT INTO "connectsTo" VALUES (1192, 1194);
INSERT INTO "connectsTo" VALUES (1194, 1195);
INSERT INTO "connectsTo" VALUES (1195, 1196);
INSERT INTO "connectsTo" VALUES (1196, 1197);
INSERT INTO "connectsTo" VALUES (1197, 1198);
INSERT INTO "connectsTo" VALUES (1198, 1200);
INSERT INTO "connectsTo" VALUES (1200, 1202);
INSERT INTO "connectsTo" VALUES (1202, 1203);
INSERT INTO "connectsTo" VALUES (1203, 1204);
INSERT INTO "connectsTo" VALUES (1204, 1205);
INSERT INTO "connectsTo" VALUES (1205, 1206);
INSERT INTO "connectsTo" VALUES (1206, 1208);
INSERT INTO "connectsTo" VALUES (1208, 1209);
INSERT INTO "connectsTo" VALUES (1209, 1210);
INSERT INTO "connectsTo" VALUES (1210, 1211);
INSERT INTO "connectsTo" VALUES (1211, 1212);
INSERT INTO "connectsTo" VALUES (1212, 1214);
INSERT INTO "connectsTo" VALUES (1214, 1215);
INSERT INTO "connectsTo" VALUES (1215, 1216);
INSERT INTO "connectsTo" VALUES (1216, 1217);
INSERT INTO "connectsTo" VALUES (1217, 1218);
INSERT INTO "connectsTo" VALUES (1218, 1220);
INSERT INTO "connectsTo" VALUES (1220, 1222);
INSERT INTO "connectsTo" VALUES (1222, 1223);
INSERT INTO "connectsTo" VALUES (1223, 1224);
INSERT INTO "connectsTo" VALUES (1224, 1225);
INSERT INTO "connectsTo" VALUES (1225, 1226);
INSERT INTO "connectsTo" VALUES (1226, 1228);
INSERT INTO "connectsTo" VALUES (1228, 1229);
INSERT INTO "connectsTo" VALUES (1229, 1230);
INSERT INTO "connectsTo" VALUES (1230, 1231);
INSERT INTO "connectsTo" VALUES (1231, 1232);
INSERT INTO "connectsTo" VALUES (1232, 1234);
INSERT INTO "connectsTo" VALUES (1234, 1235);
INSERT INTO "connectsTo" VALUES (1235, 1236);
INSERT INTO "connectsTo" VALUES (1236, 1237);
INSERT INTO "connectsTo" VALUES (1237, 1238);
INSERT INTO "connectsTo" VALUES (1238, 1240);
INSERT INTO "connectsTo" VALUES (1240, 1241);
INSERT INTO "connectsTo" VALUES (1241, 1242);
INSERT INTO "connectsTo" VALUES (1242, 1243);
INSERT INTO "connectsTo" VALUES (1243, 1244);
INSERT INTO "connectsTo" VALUES (1244, 1246);
INSERT INTO "connectsTo" VALUES (1246, 1247);
INSERT INTO "connectsTo" VALUES (1247, 1248);
INSERT INTO "connectsTo" VALUES (1248, 1249);
INSERT INTO "connectsTo" VALUES (1249, 1250);
INSERT INTO "connectsTo" VALUES (1250, 1252);
INSERT INTO "connectsTo" VALUES (1252, 1253);
INSERT INTO "connectsTo" VALUES (1253, 1254);
INSERT INTO "connectsTo" VALUES (1254, 1255);
INSERT INTO "connectsTo" VALUES (1255, 1256);
INSERT INTO "connectsTo" VALUES (1256, 1258);
INSERT INTO "connectsTo" VALUES (1258, 1259);
INSERT INTO "connectsTo" VALUES (1259, 1260);
INSERT INTO "connectsTo" VALUES (1260, 1261);
INSERT INTO "connectsTo" VALUES (1261, 1262);
INSERT INTO "connectsTo" VALUES (1262, 1264);
INSERT INTO "connectsTo" VALUES (1264, 1265);
INSERT INTO "connectsTo" VALUES (1265, 1266);
INSERT INTO "connectsTo" VALUES (1266, 1267);
INSERT INTO "connectsTo" VALUES (1267, 1268);
INSERT INTO "connectsTo" VALUES (1268, 1270);
INSERT INTO "connectsTo" VALUES (1270, 1271);
INSERT INTO "connectsTo" VALUES (1271, 1272);
INSERT INTO "connectsTo" VALUES (1272, 1273);
INSERT INTO "connectsTo" VALUES (1273, 1274);
INSERT INTO "connectsTo" VALUES (1274, 1276);
INSERT INTO "connectsTo" VALUES (1276, 1278);
INSERT INTO "connectsTo" VALUES (1278, 1279);
INSERT INTO "connectsTo" VALUES (1279, 1280);
INSERT INTO "connectsTo" VALUES (1280, 1281);
INSERT INTO "connectsTo" VALUES (1281, 1282);
INSERT INTO "connectsTo" VALUES (1282, 1284);
INSERT INTO "connectsTo" VALUES (1284, 1285);
INSERT INTO "connectsTo" VALUES (1285, 1286);
INSERT INTO "connectsTo" VALUES (1286, 1287);
INSERT INTO "connectsTo" VALUES (1287, 1288);
INSERT INTO "connectsTo" VALUES (1288, 1290);
INSERT INTO "connectsTo" VALUES (1290, 1291);
INSERT INTO "connectsTo" VALUES (1291, 1292);
INSERT INTO "connectsTo" VALUES (1292, 1293);
INSERT INTO "connectsTo" VALUES (1293, 1294);
INSERT INTO "connectsTo" VALUES (1294, 1296);
INSERT INTO "connectsTo" VALUES (1296, 1297);
INSERT INTO "connectsTo" VALUES (1297, 1298);
INSERT INTO "connectsTo" VALUES (1298, 1299);
INSERT INTO "connectsTo" VALUES (1299, 1300);
INSERT INTO "connectsTo" VALUES (1300, 1302);
INSERT INTO "connectsTo" VALUES (1302, 1303);
INSERT INTO "connectsTo" VALUES (1303, 1304);
INSERT INTO "connectsTo" VALUES (1304, 1305);
INSERT INTO "connectsTo" VALUES (1305, 1306);
INSERT INTO "connectsTo" VALUES (1306, 1308);
INSERT INTO "connectsTo" VALUES (1308, 1309);
INSERT INTO "connectsTo" VALUES (1309, 1310);
INSERT INTO "connectsTo" VALUES (1310, 1311);
INSERT INTO "connectsTo" VALUES (1311, 1312);
INSERT INTO "connectsTo" VALUES (1312, 1314);
INSERT INTO "connectsTo" VALUES (1314, 1315);
INSERT INTO "connectsTo" VALUES (1315, 1316);
INSERT INTO "connectsTo" VALUES (1316, 1317);
INSERT INTO "connectsTo" VALUES (1317, 1318);
INSERT INTO "connectsTo" VALUES (1318, 1320);
INSERT INTO "connectsTo" VALUES (1320, 1321);
INSERT INTO "connectsTo" VALUES (1321, 1322);
INSERT INTO "connectsTo" VALUES (1322, 1323);
INSERT INTO "connectsTo" VALUES (1323, 1324);
INSERT INTO "connectsTo" VALUES (1151, 1156);
INSERT INTO "Semaphore" ("id", "signal") VALUES (1326, 2);
INSERT INTO "Route" ("id", "active", "entry", "exit") VALUES (1327, 1, 1153, 1326);
INSERT INTO "Region" ("id") VALUES (1328);
INSERT INTO "TrackElement" ("id") VALUES (1329);
INSERT INTO "Switch" ("id", "currentPosition") VALUES (1329, 2);
UPDATE "TrackElement" SET "region" = 1328 WHERE "id" = 1329;
INSERT INTO "Sensor" ("id") VALUES (1330);
UPDATE "Sensor" SET "region" = 1328 WHERE "id" = 1330;
INSERT INTO "monitoredBy" VALUES (1329, 1330);
INSERT INTO "requires" VALUES (1327, 1330);
INSERT INTO "TrackElement" ("id") VALUES (1331);
INSERT INTO "Segment" ("id", "length") VALUES (1331, 510);
UPDATE "TrackElement" SET "region" = 1328 WHERE "id" = 1331;
INSERT INTO "monitoredBy" VALUES (1331, 1330);
UPDATE "Semaphore" SET "segment" = 1331 WHERE "id" = 1326;
INSERT INTO "TrackElement" ("id") VALUES (1332);
INSERT INTO "Segment" ("id", "length") VALUES (1332, 407);
UPDATE "TrackElement" SET "region" = 1328 WHERE "id" = 1332;
INSERT INTO "monitoredBy" VALUES (1332, 1330);
INSERT INTO "TrackElement" ("id") VALUES (1333);
INSERT INTO "Segment" ("id", "length") VALUES (1333, 850);
UPDATE "TrackElement" SET "region" = 1328 WHERE "id" = 1333;
INSERT INTO "monitoredBy" VALUES (1333, 1330);
INSERT INTO "TrackElement" ("id") VALUES (1334);
INSERT INTO "Segment" ("id", "length") VALUES (1334, 130);
UPDATE "TrackElement" SET "region" = 1328 WHERE "id" = 1334;
INSERT INTO "monitoredBy" VALUES (1334, 1330);
INSERT INTO "TrackElement" ("id") VALUES (1335);
INSERT INTO "Segment" ("id", "length") VALUES (1335, 406);
UPDATE "TrackElement" SET "region" = 1328 WHERE "id" = 1335;
INSERT INTO "monitoredBy" VALUES (1335, 1330);
INSERT INTO "Sensor" ("id") VALUES (1336);
UPDATE "Sensor" SET "region" = 1328 WHERE "id" = 1336;
INSERT INTO "monitoredBy" VALUES (1329, 1336);
INSERT INTO "requires" VALUES (1327, 1336);
INSERT INTO "TrackElement" ("id") VALUES (1337);
INSERT INTO "Segment" ("id", "length") VALUES (1337, 544);
UPDATE "TrackElement" SET "region" = 1328 WHERE "id" = 1337;
INSERT INTO "monitoredBy" VALUES (1337, 1336);
INSERT INTO "TrackElement" ("id") VALUES (1338);
INSERT INTO "Segment" ("id", "length") VALUES (1338, 654);
UPDATE "TrackElement" SET "region" = 1328 WHERE "id" = 1338;
INSERT INTO "monitoredBy" VALUES (1338, 1336);
INSERT INTO "TrackElement" ("id") VALUES (1339);
INSERT INTO "Segment" ("id", "length") VALUES (1339, 51);
UPDATE "TrackElement" SET "region" = 1328 WHERE "id" = 1339;
INSERT INTO "monitoredBy" VALUES (1339, 1336);
INSERT INTO "TrackElement" ("id") VALUES (1340);
INSERT INTO "Segment" ("id", "length") VALUES (1340, 632);
UPDATE "TrackElement" SET "region" = 1328 WHERE "id" = 1340;
INSERT INTO "monitoredBy" VALUES (1340, 1336);
INSERT INTO "TrackElement" ("id") VALUES (1341);
INSERT INTO "Segment" ("id", "length") VALUES (1341, 280);
UPDATE "TrackElement" SET "region" = 1328 WHERE "id" = 1341;
INSERT INTO "monitoredBy" VALUES (1341, 1336);
INSERT INTO "Sensor" ("id") VALUES (1342);
UPDATE "Sensor" SET "region" = 1328 WHERE "id" = 1342;
INSERT INTO "monitoredBy" VALUES (1329, 1342);
INSERT INTO "requires" VALUES (1327, 1342);
INSERT INTO "TrackElement" ("id") VALUES (1343);
INSERT INTO "Segment" ("id", "length") VALUES (1343, 245);
UPDATE "TrackElement" SET "region" = 1328 WHERE "id" = 1343;
INSERT INTO "monitoredBy" VALUES (1343, 1342);
INSERT INTO "TrackElement" ("id") VALUES (1344);
INSERT INTO "Segment" ("id", "length") VALUES (1344, 951);
UPDATE "TrackElement" SET "region" = 1328 WHERE "id" = 1344;
INSERT INTO "monitoredBy" VALUES (1344, 1342);
INSERT INTO "TrackElement" ("id") VALUES (1345);
INSERT INTO "Segment" ("id", "length") VALUES (1345, 376);
UPDATE "TrackElement" SET "region" = 1328 WHERE "id" = 1345;
INSERT INTO "monitoredBy" VALUES (1345, 1342);
INSERT INTO "TrackElement" ("id") VALUES (1346);
INSERT INTO "Segment" ("id", "length") VALUES (1346, 182);
UPDATE "TrackElement" SET "region" = 1328 WHERE "id" = 1346;
INSERT INTO "monitoredBy" VALUES (1346, 1342);
INSERT INTO "TrackElement" ("id") VALUES (1347);
INSERT INTO "Segment" ("id", "length") VALUES (1347, 780);
UPDATE "TrackElement" SET "region" = 1328 WHERE "id" = 1347;
INSERT INTO "monitoredBy" VALUES (1347, 1342);
INSERT INTO "Sensor" ("id") VALUES (1348);
UPDATE "Sensor" SET "region" = 1328 WHERE "id" = 1348;
INSERT INTO "monitoredBy" VALUES (1329, 1348);
INSERT INTO "requires" VALUES (1327, 1348);
INSERT INTO "TrackElement" ("id") VALUES (1349);
INSERT INTO "Segment" ("id", "length") VALUES (1349, 23);
UPDATE "TrackElement" SET "region" = 1328 WHERE "id" = 1349;
INSERT INTO "monitoredBy" VALUES (1349, 1348);
INSERT INTO "TrackElement" ("id") VALUES (1350);
INSERT INTO "Segment" ("id", "length") VALUES (1350, 213);
UPDATE "TrackElement" SET "region" = 1328 WHERE "id" = 1350;
INSERT INTO "monitoredBy" VALUES (1350, 1348);
INSERT INTO "TrackElement" ("id") VALUES (1351);
INSERT INTO "Segment" ("id", "length") VALUES (1351, 535);
UPDATE "TrackElement" SET "region" = 1328 WHERE "id" = 1351;
INSERT INTO "monitoredBy" VALUES (1351, 1348);
INSERT INTO "TrackElement" ("id") VALUES (1352);
INSERT INTO "Segment" ("id", "length") VALUES (1352, 312);
UPDATE "TrackElement" SET "region" = 1328 WHERE "id" = 1352;
INSERT INTO "monitoredBy" VALUES (1352, 1348);
INSERT INTO "TrackElement" ("id") VALUES (1353);
INSERT INTO "Segment" ("id", "length") VALUES (1353, 54);
UPDATE "TrackElement" SET "region" = 1328 WHERE "id" = 1353;
INSERT INTO "monitoredBy" VALUES (1353, 1348);
INSERT INTO "SwitchPosition" ("id", "position", "target") VALUES (1354, 2, 1329);
UPDATE "SwitchPosition" SET "route" = 1327 WHERE "id" = 1354;
INSERT INTO "TrackElement" ("id") VALUES (1355);
INSERT INTO "Switch" ("id", "currentPosition") VALUES (1355, 2);
UPDATE "TrackElement" SET "region" = 1328 WHERE "id" = 1355;
INSERT INTO "Sensor" ("id") VALUES (1356);
UPDATE "Sensor" SET "region" = 1328 WHERE "id" = 1356;
INSERT INTO "monitoredBy" VALUES (1355, 1356);
INSERT INTO "requires" VALUES (1327, 1356);
INSERT INTO "TrackElement" ("id") VALUES (1357);
INSERT INTO "Segment" ("id", "length") VALUES (1357, 853);
UPDATE "TrackElement" SET "region" = 1328 WHERE "id" = 1357;
INSERT INTO "monitoredBy" VALUES (1357, 1356);
INSERT INTO "TrackElement" ("id") VALUES (1358);
INSERT INTO "Segment" ("id", "length") VALUES (1358, 67);
UPDATE "TrackElement" SET "region" = 1328 WHERE "id" = 1358;
INSERT INTO "monitoredBy" VALUES (1358, 1356);
INSERT INTO "TrackElement" ("id") VALUES (1359);
INSERT INTO "Segment" ("id", "length") VALUES (1359, 759);
UPDATE "TrackElement" SET "region" = 1328 WHERE "id" = 1359;
INSERT INTO "monitoredBy" VALUES (1359, 1356);
INSERT INTO "TrackElement" ("id") VALUES (1360);
INSERT INTO "Segment" ("id", "length") VALUES (1360, 84);
UPDATE "TrackElement" SET "region" = 1328 WHERE "id" = 1360;
INSERT INTO "monitoredBy" VALUES (1360, 1356);
INSERT INTO "TrackElement" ("id") VALUES (1361);
INSERT INTO "Segment" ("id", "length") VALUES (1361, 10);
UPDATE "TrackElement" SET "region" = 1328 WHERE "id" = 1361;
INSERT INTO "monitoredBy" VALUES (1361, 1356);
INSERT INTO "Sensor" ("id") VALUES (1362);
UPDATE "Sensor" SET "region" = 1328 WHERE "id" = 1362;
INSERT INTO "monitoredBy" VALUES (1355, 1362);
INSERT INTO "requires" VALUES (1327, 1362);
INSERT INTO "TrackElement" ("id") VALUES (1363);
INSERT INTO "Segment" ("id", "length") VALUES (1363, 640);
UPDATE "TrackElement" SET "region" = 1328 WHERE "id" = 1363;
INSERT INTO "monitoredBy" VALUES (1363, 1362);
INSERT INTO "TrackElement" ("id") VALUES (1364);
INSERT INTO "Segment" ("id", "length") VALUES (1364, 407);
UPDATE "TrackElement" SET "region" = 1328 WHERE "id" = 1364;
INSERT INTO "monitoredBy" VALUES (1364, 1362);
INSERT INTO "TrackElement" ("id") VALUES (1365);
INSERT INTO "Segment" ("id", "length") VALUES (1365, 104);
UPDATE "TrackElement" SET "region" = 1328 WHERE "id" = 1365;
INSERT INTO "monitoredBy" VALUES (1365, 1362);
INSERT INTO "TrackElement" ("id") VALUES (1366);
INSERT INTO "Segment" ("id", "length") VALUES (1366, 457);
UPDATE "TrackElement" SET "region" = 1328 WHERE "id" = 1366;
INSERT INTO "monitoredBy" VALUES (1366, 1362);
INSERT INTO "TrackElement" ("id") VALUES (1367);
INSERT INTO "Segment" ("id", "length") VALUES (1367, 63);
UPDATE "TrackElement" SET "region" = 1328 WHERE "id" = 1367;
INSERT INTO "monitoredBy" VALUES (1367, 1362);
INSERT INTO "Sensor" ("id") VALUES (1368);
UPDATE "Sensor" SET "region" = 1328 WHERE "id" = 1368;
INSERT INTO "TrackElement" ("id") VALUES (1369);
INSERT INTO "Segment" ("id", "length") VALUES (1369, 721);
UPDATE "TrackElement" SET "region" = 1328 WHERE "id" = 1369;
INSERT INTO "monitoredBy" VALUES (1369, 1368);
INSERT INTO "TrackElement" ("id") VALUES (1370);
INSERT INTO "Segment" ("id", "length") VALUES (1370, 487);
UPDATE "TrackElement" SET "region" = 1328 WHERE "id" = 1370;
INSERT INTO "monitoredBy" VALUES (1370, 1368);
INSERT INTO "TrackElement" ("id") VALUES (1371);
INSERT INTO "Segment" ("id", "length") VALUES (1371, 675);
UPDATE "TrackElement" SET "region" = 1328 WHERE "id" = 1371;
INSERT INTO "monitoredBy" VALUES (1371, 1368);
INSERT INTO "TrackElement" ("id") VALUES (1372);
INSERT INTO "Segment" ("id", "length") VALUES (1372, 725);
UPDATE "TrackElement" SET "region" = 1328 WHERE "id" = 1372;
INSERT INTO "monitoredBy" VALUES (1372, 1368);
INSERT INTO "TrackElement" ("id") VALUES (1373);
INSERT INTO "Segment" ("id", "length") VALUES (1373, 132);
UPDATE "TrackElement" SET "region" = 1328 WHERE "id" = 1373;
INSERT INTO "monitoredBy" VALUES (1373, 1368);
INSERT INTO "Sensor" ("id") VALUES (1374);
UPDATE "Sensor" SET "region" = 1328 WHERE "id" = 1374;
INSERT INTO "monitoredBy" VALUES (1355, 1374);
INSERT INTO "requires" VALUES (1327, 1374);
INSERT INTO "TrackElement" ("id") VALUES (1375);
INSERT INTO "Segment" ("id", "length") VALUES (1375, 825);
UPDATE "TrackElement" SET "region" = 1328 WHERE "id" = 1375;
INSERT INTO "monitoredBy" VALUES (1375, 1374);
INSERT INTO "TrackElement" ("id") VALUES (1376);
INSERT INTO "Segment" ("id", "length") VALUES (1376, 351);
UPDATE "TrackElement" SET "region" = 1328 WHERE "id" = 1376;
INSERT INTO "monitoredBy" VALUES (1376, 1374);
INSERT INTO "TrackElement" ("id") VALUES (1377);
INSERT INTO "Segment" ("id", "length") VALUES (1377, 248);
UPDATE "TrackElement" SET "region" = 1328 WHERE "id" = 1377;
INSERT INTO "monitoredBy" VALUES (1377, 1374);
INSERT INTO "TrackElement" ("id") VALUES (1378);
INSERT INTO "Segment" ("id", "length") VALUES (1378, 575);
UPDATE "TrackElement" SET "region" = 1328 WHERE "id" = 1378;
INSERT INTO "monitoredBy" VALUES (1378, 1374);
INSERT INTO "TrackElement" ("id") VALUES (1379);
INSERT INTO "Segment" ("id", "length") VALUES (1379, 118);
UPDATE "TrackElement" SET "region" = 1328 WHERE "id" = 1379;
INSERT INTO "monitoredBy" VALUES (1379, 1374);
INSERT INTO "Sensor" ("id") VALUES (1380);
UPDATE "Sensor" SET "region" = 1328 WHERE "id" = 1380;
INSERT INTO "monitoredBy" VALUES (1355, 1380);
INSERT INTO "requires" VALUES (1327, 1380);
INSERT INTO "TrackElement" ("id") VALUES (1381);
INSERT INTO "Segment" ("id", "length") VALUES (1381, 84);
UPDATE "TrackElement" SET "region" = 1328 WHERE "id" = 1381;
INSERT INTO "monitoredBy" VALUES (1381, 1380);
INSERT INTO "TrackElement" ("id") VALUES (1382);
INSERT INTO "Segment" ("id", "length") VALUES (1382, 996);
UPDATE "TrackElement" SET "region" = 1328 WHERE "id" = 1382;
INSERT INTO "monitoredBy" VALUES (1382, 1380);
INSERT INTO "TrackElement" ("id") VALUES (1383);
INSERT INTO "Segment" ("id", "length") VALUES (1383, 999);
UPDATE "TrackElement" SET "region" = 1328 WHERE "id" = 1383;
INSERT INTO "monitoredBy" VALUES (1383, 1380);
INSERT INTO "TrackElement" ("id") VALUES (1384);
INSERT INTO "Segment" ("id", "length") VALUES (1384, 471);
UPDATE "TrackElement" SET "region" = 1328 WHERE "id" = 1384;
INSERT INTO "monitoredBy" VALUES (1384, 1380);
INSERT INTO "TrackElement" ("id") VALUES (1385);
INSERT INTO "Segment" ("id", "length") VALUES (1385, 386);
UPDATE "TrackElement" SET "region" = 1328 WHERE "id" = 1385;
INSERT INTO "monitoredBy" VALUES (1385, 1380);
INSERT INTO "Sensor" ("id") VALUES (1386);
UPDATE "Sensor" SET "region" = 1328 WHERE "id" = 1386;
INSERT INTO "monitoredBy" VALUES (1355, 1386);
INSERT INTO "TrackElement" ("id") VALUES (1387);
INSERT INTO "Segment" ("id", "length") VALUES (1387, 104);
UPDATE "TrackElement" SET "region" = 1328 WHERE "id" = 1387;
INSERT INTO "monitoredBy" VALUES (1387, 1386);
INSERT INTO "TrackElement" ("id") VALUES (1388);
INSERT INTO "Segment" ("id", "length") VALUES (1388, 89);
UPDATE "TrackElement" SET "region" = 1328 WHERE "id" = 1388;
INSERT INTO "monitoredBy" VALUES (1388, 1386);
INSERT INTO "TrackElement" ("id") VALUES (1389);
INSERT INTO "Segment" ("id", "length") VALUES (1389, 804);
UPDATE "TrackElement" SET "region" = 1328 WHERE "id" = 1389;
INSERT INTO "monitoredBy" VALUES (1389, 1386);
INSERT INTO "TrackElement" ("id") VALUES (1390);
INSERT INTO "Segment" ("id", "length") VALUES (1390, 853);
UPDATE "TrackElement" SET "region" = 1328 WHERE "id" = 1390;
INSERT INTO "monitoredBy" VALUES (1390, 1386);
INSERT INTO "TrackElement" ("id") VALUES (1391);
INSERT INTO "Segment" ("id", "length") VALUES (1391, 388);
UPDATE "TrackElement" SET "region" = 1328 WHERE "id" = 1391;
INSERT INTO "monitoredBy" VALUES (1391, 1386);
INSERT INTO "Sensor" ("id") VALUES (1392);
UPDATE "Sensor" SET "region" = 1328 WHERE "id" = 1392;
INSERT INTO "monitoredBy" VALUES (1355, 1392);
INSERT INTO "requires" VALUES (1327, 1392);
INSERT INTO "TrackElement" ("id") VALUES (1393);
INSERT INTO "Segment" ("id", "length") VALUES (1393, 294);
UPDATE "TrackElement" SET "region" = 1328 WHERE "id" = 1393;
INSERT INTO "monitoredBy" VALUES (1393, 1392);
INSERT INTO "TrackElement" ("id") VALUES (1394);
INSERT INTO "Segment" ("id", "length") VALUES (1394, 369);
UPDATE "TrackElement" SET "region" = 1328 WHERE "id" = 1394;
INSERT INTO "monitoredBy" VALUES (1394, 1392);
INSERT INTO "TrackElement" ("id") VALUES (1395);
INSERT INTO "Segment" ("id", "length") VALUES (1395, 148);
UPDATE "TrackElement" SET "region" = 1328 WHERE "id" = 1395;
INSERT INTO "monitoredBy" VALUES (1395, 1392);
INSERT INTO "TrackElement" ("id") VALUES (1396);
INSERT INTO "Segment" ("id", "length") VALUES (1396, 285);
UPDATE "TrackElement" SET "region" = 1328 WHERE "id" = 1396;
INSERT INTO "monitoredBy" VALUES (1396, 1392);
INSERT INTO "TrackElement" ("id") VALUES (1397);
INSERT INTO "Segment" ("id", "length") VALUES (1397, 111);
UPDATE "TrackElement" SET "region" = 1328 WHERE "id" = 1397;
INSERT INTO "monitoredBy" VALUES (1397, 1392);
INSERT INTO "Sensor" ("id") VALUES (1398);
UPDATE "Sensor" SET "region" = 1328 WHERE "id" = 1398;
INSERT INTO "monitoredBy" VALUES (1355, 1398);
INSERT INTO "requires" VALUES (1327, 1398);
INSERT INTO "TrackElement" ("id") VALUES (1399);
INSERT INTO "Segment" ("id", "length") VALUES (1399, 424);
UPDATE "TrackElement" SET "region" = 1328 WHERE "id" = 1399;
INSERT INTO "monitoredBy" VALUES (1399, 1398);
INSERT INTO "TrackElement" ("id") VALUES (1400);
INSERT INTO "Segment" ("id", "length") VALUES (1400, 315);
UPDATE "TrackElement" SET "region" = 1328 WHERE "id" = 1400;
INSERT INTO "monitoredBy" VALUES (1400, 1398);
INSERT INTO "TrackElement" ("id") VALUES (1401);
INSERT INTO "Segment" ("id", "length") VALUES (1401, 131);
UPDATE "TrackElement" SET "region" = 1328 WHERE "id" = 1401;
INSERT INTO "monitoredBy" VALUES (1401, 1398);
INSERT INTO "TrackElement" ("id") VALUES (1402);
INSERT INTO "Segment" ("id", "length") VALUES (1402, 654);
UPDATE "TrackElement" SET "region" = 1328 WHERE "id" = 1402;
INSERT INTO "monitoredBy" VALUES (1402, 1398);
INSERT INTO "TrackElement" ("id") VALUES (1403);
INSERT INTO "Segment" ("id", "length") VALUES (1403, 15);
UPDATE "TrackElement" SET "region" = 1328 WHERE "id" = 1403;
INSERT INTO "monitoredBy" VALUES (1403, 1398);
INSERT INTO "Sensor" ("id") VALUES (1404);
UPDATE "Sensor" SET "region" = 1328 WHERE "id" = 1404;
INSERT INTO "monitoredBy" VALUES (1355, 1404);
INSERT INTO "requires" VALUES (1327, 1404);
INSERT INTO "TrackElement" ("id") VALUES (1405);
INSERT INTO "Segment" ("id", "length") VALUES (1405, 459);
UPDATE "TrackElement" SET "region" = 1328 WHERE "id" = 1405;
INSERT INTO "monitoredBy" VALUES (1405, 1404);
INSERT INTO "TrackElement" ("id") VALUES (1406);
INSERT INTO "Segment" ("id", "length") VALUES (1406, 166);
UPDATE "TrackElement" SET "region" = 1328 WHERE "id" = 1406;
INSERT INTO "monitoredBy" VALUES (1406, 1404);
INSERT INTO "TrackElement" ("id") VALUES (1407);
INSERT INTO "Segment" ("id", "length") VALUES (1407, 772);
UPDATE "TrackElement" SET "region" = 1328 WHERE "id" = 1407;
INSERT INTO "monitoredBy" VALUES (1407, 1404);
INSERT INTO "TrackElement" ("id") VALUES (1408);
INSERT INTO "Segment" ("id", "length") VALUES (1408, 411);
UPDATE "TrackElement" SET "region" = 1328 WHERE "id" = 1408;
INSERT INTO "monitoredBy" VALUES (1408, 1404);
INSERT INTO "TrackElement" ("id") VALUES (1409);
INSERT INTO "Segment" ("id", "length") VALUES (1409, 874);
UPDATE "TrackElement" SET "region" = 1328 WHERE "id" = 1409;
INSERT INTO "monitoredBy" VALUES (1409, 1404);
INSERT INTO "SwitchPosition" ("id", "position", "target") VALUES (1410, 2, 1355);
UPDATE "SwitchPosition" SET "route" = 1327 WHERE "id" = 1410;
INSERT INTO "TrackElement" ("id") VALUES (1411);
INSERT INTO "Switch" ("id", "currentPosition") VALUES (1411, 0);
UPDATE "TrackElement" SET "region" = 1328 WHERE "id" = 1411;
INSERT INTO "Sensor" ("id") VALUES (1412);
UPDATE "Sensor" SET "region" = 1328 WHERE "id" = 1412;
INSERT INTO "monitoredBy" VALUES (1411, 1412);
INSERT INTO "requires" VALUES (1327, 1412);
INSERT INTO "TrackElement" ("id") VALUES (1413);
INSERT INTO "Segment" ("id", "length") VALUES (1413, 50);
UPDATE "TrackElement" SET "region" = 1328 WHERE "id" = 1413;
INSERT INTO "monitoredBy" VALUES (1413, 1412);
INSERT INTO "TrackElement" ("id") VALUES (1414);
INSERT INTO "Segment" ("id", "length") VALUES (1414, 954);
UPDATE "TrackElement" SET "region" = 1328 WHERE "id" = 1414;
INSERT INTO "monitoredBy" VALUES (1414, 1412);
INSERT INTO "TrackElement" ("id") VALUES (1415);
INSERT INTO "Segment" ("id", "length") VALUES (1415, 353);
UPDATE "TrackElement" SET "region" = 1328 WHERE "id" = 1415;
INSERT INTO "monitoredBy" VALUES (1415, 1412);
INSERT INTO "TrackElement" ("id") VALUES (1416);
INSERT INTO "Segment" ("id", "length") VALUES (1416, 231);
UPDATE "TrackElement" SET "region" = 1328 WHERE "id" = 1416;
INSERT INTO "monitoredBy" VALUES (1416, 1412);
INSERT INTO "TrackElement" ("id") VALUES (1417);
INSERT INTO "Segment" ("id", "length") VALUES (1417, 36);
UPDATE "TrackElement" SET "region" = 1328 WHERE "id" = 1417;
INSERT INTO "monitoredBy" VALUES (1417, 1412);
INSERT INTO "Sensor" ("id") VALUES (1418);
UPDATE "Sensor" SET "region" = 1328 WHERE "id" = 1418;
INSERT INTO "monitoredBy" VALUES (1411, 1418);
INSERT INTO "requires" VALUES (1327, 1418);
INSERT INTO "TrackElement" ("id") VALUES (1419);
INSERT INTO "Segment" ("id", "length") VALUES (1419, 708);
UPDATE "TrackElement" SET "region" = 1328 WHERE "id" = 1419;
INSERT INTO "monitoredBy" VALUES (1419, 1418);
INSERT INTO "TrackElement" ("id") VALUES (1420);
INSERT INTO "Segment" ("id", "length") VALUES (1420, 731);
UPDATE "TrackElement" SET "region" = 1328 WHERE "id" = 1420;
INSERT INTO "monitoredBy" VALUES (1420, 1418);
INSERT INTO "TrackElement" ("id") VALUES (1421);
INSERT INTO "Segment" ("id", "length") VALUES (1421, 563);
UPDATE "TrackElement" SET "region" = 1328 WHERE "id" = 1421;
INSERT INTO "monitoredBy" VALUES (1421, 1418);
INSERT INTO "TrackElement" ("id") VALUES (1422);
INSERT INTO "Segment" ("id", "length") VALUES (1422, 53);
UPDATE "TrackElement" SET "region" = 1328 WHERE "id" = 1422;
INSERT INTO "monitoredBy" VALUES (1422, 1418);
INSERT INTO "TrackElement" ("id") VALUES (1423);
INSERT INTO "Segment" ("id", "length") VALUES (1423, 839);
UPDATE "TrackElement" SET "region" = 1328 WHERE "id" = 1423;
INSERT INTO "monitoredBy" VALUES (1423, 1418);
INSERT INTO "Sensor" ("id") VALUES (1424);
UPDATE "Sensor" SET "region" = 1328 WHERE "id" = 1424;
INSERT INTO "monitoredBy" VALUES (1411, 1424);
INSERT INTO "requires" VALUES (1327, 1424);
INSERT INTO "TrackElement" ("id") VALUES (1425);
INSERT INTO "Segment" ("id", "length") VALUES (1425, 9);
UPDATE "TrackElement" SET "region" = 1328 WHERE "id" = 1425;
INSERT INTO "monitoredBy" VALUES (1425, 1424);
INSERT INTO "TrackElement" ("id") VALUES (1426);
INSERT INTO "Segment" ("id", "length") VALUES (1426, 368);
UPDATE "TrackElement" SET "region" = 1328 WHERE "id" = 1426;
INSERT INTO "monitoredBy" VALUES (1426, 1424);
INSERT INTO "TrackElement" ("id") VALUES (1427);
INSERT INTO "Segment" ("id", "length") VALUES (1427, 922);
UPDATE "TrackElement" SET "region" = 1328 WHERE "id" = 1427;
INSERT INTO "monitoredBy" VALUES (1427, 1424);
INSERT INTO "TrackElement" ("id") VALUES (1428);
INSERT INTO "Segment" ("id", "length") VALUES (1428, 726);
UPDATE "TrackElement" SET "region" = 1328 WHERE "id" = 1428;
INSERT INTO "monitoredBy" VALUES (1428, 1424);
INSERT INTO "TrackElement" ("id") VALUES (1429);
INSERT INTO "Segment" ("id", "length") VALUES (1429, 831);
UPDATE "TrackElement" SET "region" = 1328 WHERE "id" = 1429;
INSERT INTO "monitoredBy" VALUES (1429, 1424);
INSERT INTO "Sensor" ("id") VALUES (1430);
UPDATE "Sensor" SET "region" = 1328 WHERE "id" = 1430;
INSERT INTO "monitoredBy" VALUES (1411, 1430);
INSERT INTO "requires" VALUES (1327, 1430);
INSERT INTO "TrackElement" ("id") VALUES (1431);
INSERT INTO "Segment" ("id", "length") VALUES (1431, 9);
UPDATE "TrackElement" SET "region" = 1328 WHERE "id" = 1431;
INSERT INTO "monitoredBy" VALUES (1431, 1430);
INSERT INTO "TrackElement" ("id") VALUES (1432);
INSERT INTO "Segment" ("id", "length") VALUES (1432, 211);
UPDATE "TrackElement" SET "region" = 1328 WHERE "id" = 1432;
INSERT INTO "monitoredBy" VALUES (1432, 1430);
INSERT INTO "TrackElement" ("id") VALUES (1433);
INSERT INTO "Segment" ("id", "length") VALUES (1433, 348);
UPDATE "TrackElement" SET "region" = 1328 WHERE "id" = 1433;
INSERT INTO "monitoredBy" VALUES (1433, 1430);
INSERT INTO "TrackElement" ("id") VALUES (1434);
INSERT INTO "Segment" ("id", "length") VALUES (1434, 313);
UPDATE "TrackElement" SET "region" = 1328 WHERE "id" = 1434;
INSERT INTO "monitoredBy" VALUES (1434, 1430);
INSERT INTO "TrackElement" ("id") VALUES (1435);
INSERT INTO "Segment" ("id", "length") VALUES (1435, 957);
UPDATE "TrackElement" SET "region" = 1328 WHERE "id" = 1435;
INSERT INTO "monitoredBy" VALUES (1435, 1430);
INSERT INTO "SwitchPosition" ("id", "position", "target") VALUES (1436, 0, 1411);
UPDATE "SwitchPosition" SET "route" = 1327 WHERE "id" = 1436;
INSERT INTO "TrackElement" ("id") VALUES (1437);
INSERT INTO "Switch" ("id", "currentPosition") VALUES (1437, 1);
UPDATE "TrackElement" SET "region" = 1328 WHERE "id" = 1437;
INSERT INTO "Sensor" ("id") VALUES (1438);
UPDATE "Sensor" SET "region" = 1328 WHERE "id" = 1438;
INSERT INTO "monitoredBy" VALUES (1437, 1438);
INSERT INTO "requires" VALUES (1327, 1438);
INSERT INTO "TrackElement" ("id") VALUES (1439);
INSERT INTO "Segment" ("id", "length") VALUES (1439, 344);
UPDATE "TrackElement" SET "region" = 1328 WHERE "id" = 1439;
INSERT INTO "monitoredBy" VALUES (1439, 1438);
INSERT INTO "TrackElement" ("id") VALUES (1440);
INSERT INTO "Segment" ("id", "length") VALUES (1440, 550);
UPDATE "TrackElement" SET "region" = 1328 WHERE "id" = 1440;
INSERT INTO "monitoredBy" VALUES (1440, 1438);
INSERT INTO "TrackElement" ("id") VALUES (1441);
INSERT INTO "Segment" ("id", "length") VALUES (1441, 231);
UPDATE "TrackElement" SET "region" = 1328 WHERE "id" = 1441;
INSERT INTO "monitoredBy" VALUES (1441, 1438);
INSERT INTO "TrackElement" ("id") VALUES (1442);
INSERT INTO "Segment" ("id", "length") VALUES (1442, 683);
UPDATE "TrackElement" SET "region" = 1328 WHERE "id" = 1442;
INSERT INTO "monitoredBy" VALUES (1442, 1438);
INSERT INTO "TrackElement" ("id") VALUES (1443);
INSERT INTO "Segment" ("id", "length") VALUES (1443, -954);
UPDATE "TrackElement" SET "region" = 1328 WHERE "id" = 1443;
INSERT INTO "monitoredBy" VALUES (1443, 1438);
INSERT INTO "Sensor" ("id") VALUES (1444);
UPDATE "Sensor" SET "region" = 1328 WHERE "id" = 1444;
INSERT INTO "monitoredBy" VALUES (1437, 1444);
INSERT INTO "requires" VALUES (1327, 1444);
INSERT INTO "TrackElement" ("id") VALUES (1445);
INSERT INTO "Segment" ("id", "length") VALUES (1445, 226);
UPDATE "TrackElement" SET "region" = 1328 WHERE "id" = 1445;
INSERT INTO "monitoredBy" VALUES (1445, 1444);
INSERT INTO "TrackElement" ("id") VALUES (1446);
INSERT INTO "Segment" ("id", "length") VALUES (1446, 928);
UPDATE "TrackElement" SET "region" = 1328 WHERE "id" = 1446;
INSERT INTO "monitoredBy" VALUES (1446, 1444);
INSERT INTO "TrackElement" ("id") VALUES (1447);
INSERT INTO "Segment" ("id", "length") VALUES (1447, 778);
UPDATE "TrackElement" SET "region" = 1328 WHERE "id" = 1447;
INSERT INTO "monitoredBy" VALUES (1447, 1444);
INSERT INTO "TrackElement" ("id") VALUES (1448);
INSERT INTO "Segment" ("id", "length") VALUES (1448, 534);
UPDATE "TrackElement" SET "region" = 1328 WHERE "id" = 1448;
INSERT INTO "monitoredBy" VALUES (1448, 1444);
INSERT INTO "TrackElement" ("id") VALUES (1449);
INSERT INTO "Segment" ("id", "length") VALUES (1449, 175);
UPDATE "TrackElement" SET "region" = 1328 WHERE "id" = 1449;
INSERT INTO "monitoredBy" VALUES (1449, 1444);
INSERT INTO "Sensor" ("id") VALUES (1450);
UPDATE "Sensor" SET "region" = 1328 WHERE "id" = 1450;
INSERT INTO "monitoredBy" VALUES (1437, 1450);
INSERT INTO "requires" VALUES (1327, 1450);
INSERT INTO "TrackElement" ("id") VALUES (1451);
INSERT INTO "Segment" ("id", "length") VALUES (1451, 304);
UPDATE "TrackElement" SET "region" = 1328 WHERE "id" = 1451;
INSERT INTO "monitoredBy" VALUES (1451, 1450);
INSERT INTO "TrackElement" ("id") VALUES (1452);
INSERT INTO "Segment" ("id", "length") VALUES (1452, 45);
UPDATE "TrackElement" SET "region" = 1328 WHERE "id" = 1452;
INSERT INTO "monitoredBy" VALUES (1452, 1450);
INSERT INTO "TrackElement" ("id") VALUES (1453);
INSERT INTO "Segment" ("id", "length") VALUES (1453, 596);
UPDATE "TrackElement" SET "region" = 1328 WHERE "id" = 1453;
INSERT INTO "monitoredBy" VALUES (1453, 1450);
INSERT INTO "TrackElement" ("id") VALUES (1454);
INSERT INTO "Segment" ("id", "length") VALUES (1454, 581);
UPDATE "TrackElement" SET "region" = 1328 WHERE "id" = 1454;
INSERT INTO "monitoredBy" VALUES (1454, 1450);
INSERT INTO "TrackElement" ("id") VALUES (1455);
INSERT INTO "Segment" ("id", "length") VALUES (1455, 287);
UPDATE "TrackElement" SET "region" = 1328 WHERE "id" = 1455;
INSERT INTO "monitoredBy" VALUES (1455, 1450);
INSERT INTO "Sensor" ("id") VALUES (1456);
UPDATE "Sensor" SET "region" = 1328 WHERE "id" = 1456;
INSERT INTO "monitoredBy" VALUES (1437, 1456);
INSERT INTO "requires" VALUES (1327, 1456);
INSERT INTO "TrackElement" ("id") VALUES (1457);
INSERT INTO "Segment" ("id", "length") VALUES (1457, 768);
UPDATE "TrackElement" SET "region" = 1328 WHERE "id" = 1457;
INSERT INTO "monitoredBy" VALUES (1457, 1456);
INSERT INTO "TrackElement" ("id") VALUES (1458);
INSERT INTO "Segment" ("id", "length") VALUES (1458, 521);
UPDATE "TrackElement" SET "region" = 1328 WHERE "id" = 1458;
INSERT INTO "monitoredBy" VALUES (1458, 1456);
INSERT INTO "TrackElement" ("id") VALUES (1459);
INSERT INTO "Segment" ("id", "length") VALUES (1459, 981);
UPDATE "TrackElement" SET "region" = 1328 WHERE "id" = 1459;
INSERT INTO "monitoredBy" VALUES (1459, 1456);
INSERT INTO "TrackElement" ("id") VALUES (1460);
INSERT INTO "Segment" ("id", "length") VALUES (1460, 494);
UPDATE "TrackElement" SET "region" = 1328 WHERE "id" = 1460;
INSERT INTO "monitoredBy" VALUES (1460, 1456);
INSERT INTO "TrackElement" ("id") VALUES (1461);
INSERT INTO "Segment" ("id", "length") VALUES (1461, 400);
UPDATE "TrackElement" SET "region" = 1328 WHERE "id" = 1461;
INSERT INTO "monitoredBy" VALUES (1461, 1456);
INSERT INTO "Sensor" ("id") VALUES (1462);
UPDATE "Sensor" SET "region" = 1328 WHERE "id" = 1462;
INSERT INTO "TrackElement" ("id") VALUES (1463);
INSERT INTO "Segment" ("id", "length") VALUES (1463, 983);
UPDATE "TrackElement" SET "region" = 1328 WHERE "id" = 1463;
INSERT INTO "monitoredBy" VALUES (1463, 1462);
INSERT INTO "TrackElement" ("id") VALUES (1464);
INSERT INTO "Segment" ("id", "length") VALUES (1464, 854);
UPDATE "TrackElement" SET "region" = 1328 WHERE "id" = 1464;
INSERT INTO "monitoredBy" VALUES (1464, 1462);
INSERT INTO "TrackElement" ("id") VALUES (1465);
INSERT INTO "Segment" ("id", "length") VALUES (1465, 252);
UPDATE "TrackElement" SET "region" = 1328 WHERE "id" = 1465;
INSERT INTO "monitoredBy" VALUES (1465, 1462);
INSERT INTO "TrackElement" ("id") VALUES (1466);
INSERT INTO "Segment" ("id", "length") VALUES (1466, 695);
UPDATE "TrackElement" SET "region" = 1328 WHERE "id" = 1466;
INSERT INTO "monitoredBy" VALUES (1466, 1462);
INSERT INTO "TrackElement" ("id") VALUES (1467);
INSERT INTO "Segment" ("id", "length") VALUES (1467, 66);
UPDATE "TrackElement" SET "region" = 1328 WHERE "id" = 1467;
INSERT INTO "monitoredBy" VALUES (1467, 1462);
INSERT INTO "Sensor" ("id") VALUES (1468);
UPDATE "Sensor" SET "region" = 1328 WHERE "id" = 1468;
INSERT INTO "monitoredBy" VALUES (1437, 1468);
INSERT INTO "requires" VALUES (1327, 1468);
INSERT INTO "TrackElement" ("id") VALUES (1469);
INSERT INTO "Segment" ("id", "length") VALUES (1469, 346);
UPDATE "TrackElement" SET "region" = 1328 WHERE "id" = 1469;
INSERT INTO "monitoredBy" VALUES (1469, 1468);
INSERT INTO "TrackElement" ("id") VALUES (1470);
INSERT INTO "Segment" ("id", "length") VALUES (1470, 89);
UPDATE "TrackElement" SET "region" = 1328 WHERE "id" = 1470;
INSERT INTO "monitoredBy" VALUES (1470, 1468);
INSERT INTO "TrackElement" ("id") VALUES (1471);
INSERT INTO "Segment" ("id", "length") VALUES (1471, 301);
UPDATE "TrackElement" SET "region" = 1328 WHERE "id" = 1471;
INSERT INTO "monitoredBy" VALUES (1471, 1468);
INSERT INTO "TrackElement" ("id") VALUES (1472);
INSERT INTO "Segment" ("id", "length") VALUES (1472, 638);
UPDATE "TrackElement" SET "region" = 1328 WHERE "id" = 1472;
INSERT INTO "monitoredBy" VALUES (1472, 1468);
INSERT INTO "TrackElement" ("id") VALUES (1473);
INSERT INTO "Segment" ("id", "length") VALUES (1473, 338);
UPDATE "TrackElement" SET "region" = 1328 WHERE "id" = 1473;
INSERT INTO "monitoredBy" VALUES (1473, 1468);
INSERT INTO "Sensor" ("id") VALUES (1474);
UPDATE "Sensor" SET "region" = 1328 WHERE "id" = 1474;
INSERT INTO "monitoredBy" VALUES (1437, 1474);
INSERT INTO "requires" VALUES (1327, 1474);
INSERT INTO "TrackElement" ("id") VALUES (1475);
INSERT INTO "Segment" ("id", "length") VALUES (1475, 149);
UPDATE "TrackElement" SET "region" = 1328 WHERE "id" = 1475;
INSERT INTO "monitoredBy" VALUES (1475, 1474);
INSERT INTO "TrackElement" ("id") VALUES (1476);
INSERT INTO "Segment" ("id", "length") VALUES (1476, 33);
UPDATE "TrackElement" SET "region" = 1328 WHERE "id" = 1476;
INSERT INTO "monitoredBy" VALUES (1476, 1474);
INSERT INTO "TrackElement" ("id") VALUES (1477);
INSERT INTO "Segment" ("id", "length") VALUES (1477, 284);
UPDATE "TrackElement" SET "region" = 1328 WHERE "id" = 1477;
INSERT INTO "monitoredBy" VALUES (1477, 1474);
INSERT INTO "TrackElement" ("id") VALUES (1478);
INSERT INTO "Segment" ("id", "length") VALUES (1478, 998);
UPDATE "TrackElement" SET "region" = 1328 WHERE "id" = 1478;
INSERT INTO "monitoredBy" VALUES (1478, 1474);
INSERT INTO "TrackElement" ("id") VALUES (1479);
INSERT INTO "Segment" ("id", "length") VALUES (1479, 825);
UPDATE "TrackElement" SET "region" = 1328 WHERE "id" = 1479;
INSERT INTO "monitoredBy" VALUES (1479, 1474);
INSERT INTO "SwitchPosition" ("id", "position", "target") VALUES (1480, 1, 1437);
UPDATE "SwitchPosition" SET "route" = 1327 WHERE "id" = 1480;
INSERT INTO "TrackElement" ("id") VALUES (1481);
INSERT INTO "Switch" ("id", "currentPosition") VALUES (1481, 2);
UPDATE "TrackElement" SET "region" = 1328 WHERE "id" = 1481;
INSERT INTO "Sensor" ("id") VALUES (1482);
UPDATE "Sensor" SET "region" = 1328 WHERE "id" = 1482;
INSERT INTO "monitoredBy" VALUES (1481, 1482);
INSERT INTO "requires" VALUES (1327, 1482);
INSERT INTO "TrackElement" ("id") VALUES (1483);
INSERT INTO "Segment" ("id", "length") VALUES (1483, 323);
UPDATE "TrackElement" SET "region" = 1328 WHERE "id" = 1483;
INSERT INTO "monitoredBy" VALUES (1483, 1482);
INSERT INTO "TrackElement" ("id") VALUES (1484);
INSERT INTO "Segment" ("id", "length") VALUES (1484, -992);
UPDATE "TrackElement" SET "region" = 1328 WHERE "id" = 1484;
INSERT INTO "monitoredBy" VALUES (1484, 1482);
INSERT INTO "TrackElement" ("id") VALUES (1485);
INSERT INTO "Segment" ("id", "length") VALUES (1485, 48);
UPDATE "TrackElement" SET "region" = 1328 WHERE "id" = 1485;
INSERT INTO "monitoredBy" VALUES (1485, 1482);
INSERT INTO "TrackElement" ("id") VALUES (1486);
INSERT INTO "Segment" ("id", "length") VALUES (1486, 550);
UPDATE "TrackElement" SET "region" = 1328 WHERE "id" = 1486;
INSERT INTO "monitoredBy" VALUES (1486, 1482);
INSERT INTO "TrackElement" ("id") VALUES (1487);
INSERT INTO "Segment" ("id", "length") VALUES (1487, 456);
UPDATE "TrackElement" SET "region" = 1328 WHERE "id" = 1487;
INSERT INTO "monitoredBy" VALUES (1487, 1482);
INSERT INTO "Sensor" ("id") VALUES (1488);
UPDATE "Sensor" SET "region" = 1328 WHERE "id" = 1488;
INSERT INTO "monitoredBy" VALUES (1481, 1488);
INSERT INTO "requires" VALUES (1327, 1488);
INSERT INTO "TrackElement" ("id") VALUES (1489);
INSERT INTO "Segment" ("id", "length") VALUES (1489, 601);
UPDATE "TrackElement" SET "region" = 1328 WHERE "id" = 1489;
INSERT INTO "monitoredBy" VALUES (1489, 1488);
INSERT INTO "TrackElement" ("id") VALUES (1490);
INSERT INTO "Segment" ("id", "length") VALUES (1490, 853);
UPDATE "TrackElement" SET "region" = 1328 WHERE "id" = 1490;
INSERT INTO "monitoredBy" VALUES (1490, 1488);
INSERT INTO "TrackElement" ("id") VALUES (1491);
INSERT INTO "Segment" ("id", "length") VALUES (1491, 75);
UPDATE "TrackElement" SET "region" = 1328 WHERE "id" = 1491;
INSERT INTO "monitoredBy" VALUES (1491, 1488);
INSERT INTO "TrackElement" ("id") VALUES (1492);
INSERT INTO "Segment" ("id", "length") VALUES (1492, 527);
UPDATE "TrackElement" SET "region" = 1328 WHERE "id" = 1492;
INSERT INTO "monitoredBy" VALUES (1492, 1488);
INSERT INTO "TrackElement" ("id") VALUES (1493);
INSERT INTO "Segment" ("id", "length") VALUES (1493, 436);
UPDATE "TrackElement" SET "region" = 1328 WHERE "id" = 1493;
INSERT INTO "monitoredBy" VALUES (1493, 1488);
INSERT INTO "Sensor" ("id") VALUES (1494);
UPDATE "Sensor" SET "region" = 1328 WHERE "id" = 1494;
INSERT INTO "monitoredBy" VALUES (1481, 1494);
INSERT INTO "requires" VALUES (1327, 1494);
INSERT INTO "TrackElement" ("id") VALUES (1495);
INSERT INTO "Segment" ("id", "length") VALUES (1495, 947);
UPDATE "TrackElement" SET "region" = 1328 WHERE "id" = 1495;
INSERT INTO "monitoredBy" VALUES (1495, 1494);
INSERT INTO "TrackElement" ("id") VALUES (1496);
INSERT INTO "Segment" ("id", "length") VALUES (1496, 185);
UPDATE "TrackElement" SET "region" = 1328 WHERE "id" = 1496;
INSERT INTO "monitoredBy" VALUES (1496, 1494);
INSERT INTO "TrackElement" ("id") VALUES (1497);
INSERT INTO "Segment" ("id", "length") VALUES (1497, 424);
UPDATE "TrackElement" SET "region" = 1328 WHERE "id" = 1497;
INSERT INTO "monitoredBy" VALUES (1497, 1494);
INSERT INTO "TrackElement" ("id") VALUES (1498);
INSERT INTO "Segment" ("id", "length") VALUES (1498, 321);
UPDATE "TrackElement" SET "region" = 1328 WHERE "id" = 1498;
INSERT INTO "monitoredBy" VALUES (1498, 1494);
INSERT INTO "TrackElement" ("id") VALUES (1499);
INSERT INTO "Segment" ("id", "length") VALUES (1499, 778);
UPDATE "TrackElement" SET "region" = 1328 WHERE "id" = 1499;
INSERT INTO "monitoredBy" VALUES (1499, 1494);
INSERT INTO "Sensor" ("id") VALUES (1500);
UPDATE "Sensor" SET "region" = 1328 WHERE "id" = 1500;
INSERT INTO "monitoredBy" VALUES (1481, 1500);
INSERT INTO "requires" VALUES (1327, 1500);
INSERT INTO "TrackElement" ("id") VALUES (1501);
INSERT INTO "Segment" ("id", "length") VALUES (1501, 133);
UPDATE "TrackElement" SET "region" = 1328 WHERE "id" = 1501;
INSERT INTO "monitoredBy" VALUES (1501, 1500);
INSERT INTO "TrackElement" ("id") VALUES (1502);
INSERT INTO "Segment" ("id", "length") VALUES (1502, 973);
UPDATE "TrackElement" SET "region" = 1328 WHERE "id" = 1502;
INSERT INTO "monitoredBy" VALUES (1502, 1500);
INSERT INTO "TrackElement" ("id") VALUES (1503);
INSERT INTO "Segment" ("id", "length") VALUES (1503, 420);
UPDATE "TrackElement" SET "region" = 1328 WHERE "id" = 1503;
INSERT INTO "monitoredBy" VALUES (1503, 1500);
INSERT INTO "TrackElement" ("id") VALUES (1504);
INSERT INTO "Segment" ("id", "length") VALUES (1504, 283);
UPDATE "TrackElement" SET "region" = 1328 WHERE "id" = 1504;
INSERT INTO "monitoredBy" VALUES (1504, 1500);
INSERT INTO "TrackElement" ("id") VALUES (1505);
INSERT INTO "Segment" ("id", "length") VALUES (1505, 314);
UPDATE "TrackElement" SET "region" = 1328 WHERE "id" = 1505;
INSERT INTO "monitoredBy" VALUES (1505, 1500);
INSERT INTO "Sensor" ("id") VALUES (1506);
UPDATE "Sensor" SET "region" = 1328 WHERE "id" = 1506;
INSERT INTO "monitoredBy" VALUES (1481, 1506);
INSERT INTO "requires" VALUES (1327, 1506);
INSERT INTO "TrackElement" ("id") VALUES (1507);
INSERT INTO "Segment" ("id", "length") VALUES (1507, 282);
UPDATE "TrackElement" SET "region" = 1328 WHERE "id" = 1507;
INSERT INTO "monitoredBy" VALUES (1507, 1506);
INSERT INTO "TrackElement" ("id") VALUES (1508);
INSERT INTO "Segment" ("id", "length") VALUES (1508, 207);
UPDATE "TrackElement" SET "region" = 1328 WHERE "id" = 1508;
INSERT INTO "monitoredBy" VALUES (1508, 1506);
INSERT INTO "TrackElement" ("id") VALUES (1509);
INSERT INTO "Segment" ("id", "length") VALUES (1509, 706);
UPDATE "TrackElement" SET "region" = 1328 WHERE "id" = 1509;
INSERT INTO "monitoredBy" VALUES (1509, 1506);
INSERT INTO "TrackElement" ("id") VALUES (1510);
INSERT INTO "Segment" ("id", "length") VALUES (1510, 888);
UPDATE "TrackElement" SET "region" = 1328 WHERE "id" = 1510;
INSERT INTO "monitoredBy" VALUES (1510, 1506);
INSERT INTO "TrackElement" ("id") VALUES (1511);
INSERT INTO "Segment" ("id", "length") VALUES (1511, 78);
UPDATE "TrackElement" SET "region" = 1328 WHERE "id" = 1511;
INSERT INTO "monitoredBy" VALUES (1511, 1506);
INSERT INTO "Sensor" ("id") VALUES (1512);
UPDATE "Sensor" SET "region" = 1328 WHERE "id" = 1512;
INSERT INTO "monitoredBy" VALUES (1481, 1512);
INSERT INTO "requires" VALUES (1327, 1512);
INSERT INTO "TrackElement" ("id") VALUES (1513);
INSERT INTO "Segment" ("id", "length") VALUES (1513, 717);
UPDATE "TrackElement" SET "region" = 1328 WHERE "id" = 1513;
INSERT INTO "monitoredBy" VALUES (1513, 1512);
INSERT INTO "TrackElement" ("id") VALUES (1514);
INSERT INTO "Segment" ("id", "length") VALUES (1514, 346);
UPDATE "TrackElement" SET "region" = 1328 WHERE "id" = 1514;
INSERT INTO "monitoredBy" VALUES (1514, 1512);
INSERT INTO "TrackElement" ("id") VALUES (1515);
INSERT INTO "Segment" ("id", "length") VALUES (1515, 1000);
UPDATE "TrackElement" SET "region" = 1328 WHERE "id" = 1515;
INSERT INTO "monitoredBy" VALUES (1515, 1512);
INSERT INTO "TrackElement" ("id") VALUES (1516);
INSERT INTO "Segment" ("id", "length") VALUES (1516, 138);
UPDATE "TrackElement" SET "region" = 1328 WHERE "id" = 1516;
INSERT INTO "monitoredBy" VALUES (1516, 1512);
INSERT INTO "TrackElement" ("id") VALUES (1517);
INSERT INTO "Segment" ("id", "length") VALUES (1517, 910);
UPDATE "TrackElement" SET "region" = 1328 WHERE "id" = 1517;
INSERT INTO "monitoredBy" VALUES (1517, 1512);
INSERT INTO "TrackElement" ("id") VALUES (1518);
INSERT INTO "Segment" ("id", "length") VALUES (1518, 855);
UPDATE "TrackElement" SET "region" = 1328 WHERE "id" = 1518;
INSERT INTO "monitoredBy" VALUES (1518, 1512);
INSERT INTO "SwitchPosition" ("id", "position", "target") VALUES (1519, 2, 1481);
UPDATE "SwitchPosition" SET "route" = 1327 WHERE "id" = 1519;
INSERT INTO "TrackElement" ("id") VALUES (1520);
INSERT INTO "Switch" ("id", "currentPosition") VALUES (1520, 1);
UPDATE "TrackElement" SET "region" = 1328 WHERE "id" = 1520;
INSERT INTO "Sensor" ("id") VALUES (1521);
UPDATE "Sensor" SET "region" = 1328 WHERE "id" = 1521;
INSERT INTO "monitoredBy" VALUES (1520, 1521);
INSERT INTO "requires" VALUES (1327, 1521);
INSERT INTO "TrackElement" ("id") VALUES (1522);
INSERT INTO "Segment" ("id", "length") VALUES (1522, 223);
UPDATE "TrackElement" SET "region" = 1328 WHERE "id" = 1522;
INSERT INTO "monitoredBy" VALUES (1522, 1521);
INSERT INTO "TrackElement" ("id") VALUES (1523);
INSERT INTO "Segment" ("id", "length") VALUES (1523, 263);
UPDATE "TrackElement" SET "region" = 1328 WHERE "id" = 1523;
INSERT INTO "monitoredBy" VALUES (1523, 1521);
INSERT INTO "TrackElement" ("id") VALUES (1524);
INSERT INTO "Segment" ("id", "length") VALUES (1524, 380);
UPDATE "TrackElement" SET "region" = 1328 WHERE "id" = 1524;
INSERT INTO "monitoredBy" VALUES (1524, 1521);
INSERT INTO "TrackElement" ("id") VALUES (1525);
INSERT INTO "Segment" ("id", "length") VALUES (1525, 56);
UPDATE "TrackElement" SET "region" = 1328 WHERE "id" = 1525;
INSERT INTO "monitoredBy" VALUES (1525, 1521);
INSERT INTO "TrackElement" ("id") VALUES (1526);
INSERT INTO "Segment" ("id", "length") VALUES (1526, 562);
UPDATE "TrackElement" SET "region" = 1328 WHERE "id" = 1526;
INSERT INTO "monitoredBy" VALUES (1526, 1521);
INSERT INTO "Sensor" ("id") VALUES (1527);
UPDATE "Sensor" SET "region" = 1328 WHERE "id" = 1527;
INSERT INTO "monitoredBy" VALUES (1520, 1527);
INSERT INTO "requires" VALUES (1327, 1527);
INSERT INTO "TrackElement" ("id") VALUES (1528);
INSERT INTO "Segment" ("id", "length") VALUES (1528, 862);
UPDATE "TrackElement" SET "region" = 1328 WHERE "id" = 1528;
INSERT INTO "monitoredBy" VALUES (1528, 1527);
INSERT INTO "TrackElement" ("id") VALUES (1529);
INSERT INTO "Segment" ("id", "length") VALUES (1529, 575);
UPDATE "TrackElement" SET "region" = 1328 WHERE "id" = 1529;
INSERT INTO "monitoredBy" VALUES (1529, 1527);
INSERT INTO "TrackElement" ("id") VALUES (1530);
INSERT INTO "Segment" ("id", "length") VALUES (1530, 43);
UPDATE "TrackElement" SET "region" = 1328 WHERE "id" = 1530;
INSERT INTO "monitoredBy" VALUES (1530, 1527);
INSERT INTO "TrackElement" ("id") VALUES (1531);
INSERT INTO "Segment" ("id", "length") VALUES (1531, 15);
UPDATE "TrackElement" SET "region" = 1328 WHERE "id" = 1531;
INSERT INTO "monitoredBy" VALUES (1531, 1527);
INSERT INTO "TrackElement" ("id") VALUES (1532);
INSERT INTO "Segment" ("id", "length") VALUES (1532, 660);
UPDATE "TrackElement" SET "region" = 1328 WHERE "id" = 1532;
INSERT INTO "monitoredBy" VALUES (1532, 1527);
INSERT INTO "Sensor" ("id") VALUES (1533);
UPDATE "Sensor" SET "region" = 1328 WHERE "id" = 1533;
INSERT INTO "monitoredBy" VALUES (1520, 1533);
INSERT INTO "requires" VALUES (1327, 1533);
INSERT INTO "TrackElement" ("id") VALUES (1534);
INSERT INTO "Segment" ("id", "length") VALUES (1534, 86);
UPDATE "TrackElement" SET "region" = 1328 WHERE "id" = 1534;
INSERT INTO "monitoredBy" VALUES (1534, 1533);
INSERT INTO "TrackElement" ("id") VALUES (1535);
INSERT INTO "Segment" ("id", "length") VALUES (1535, 457);
UPDATE "TrackElement" SET "region" = 1328 WHERE "id" = 1535;
INSERT INTO "monitoredBy" VALUES (1535, 1533);
INSERT INTO "TrackElement" ("id") VALUES (1536);
INSERT INTO "Segment" ("id", "length") VALUES (1536, 930);
UPDATE "TrackElement" SET "region" = 1328 WHERE "id" = 1536;
INSERT INTO "monitoredBy" VALUES (1536, 1533);
INSERT INTO "TrackElement" ("id") VALUES (1537);
INSERT INTO "Segment" ("id", "length") VALUES (1537, 985);
UPDATE "TrackElement" SET "region" = 1328 WHERE "id" = 1537;
INSERT INTO "monitoredBy" VALUES (1537, 1533);
INSERT INTO "TrackElement" ("id") VALUES (1538);
INSERT INTO "Segment" ("id", "length") VALUES (1538, 49);
UPDATE "TrackElement" SET "region" = 1328 WHERE "id" = 1538;
INSERT INTO "monitoredBy" VALUES (1538, 1533);
INSERT INTO "Sensor" ("id") VALUES (1539);
UPDATE "Sensor" SET "region" = 1328 WHERE "id" = 1539;
INSERT INTO "monitoredBy" VALUES (1520, 1539);
INSERT INTO "requires" VALUES (1327, 1539);
INSERT INTO "TrackElement" ("id") VALUES (1540);
INSERT INTO "Segment" ("id", "length") VALUES (1540, 716);
UPDATE "TrackElement" SET "region" = 1328 WHERE "id" = 1540;
INSERT INTO "monitoredBy" VALUES (1540, 1539);
INSERT INTO "TrackElement" ("id") VALUES (1541);
INSERT INTO "Segment" ("id", "length") VALUES (1541, 188);
UPDATE "TrackElement" SET "region" = 1328 WHERE "id" = 1541;
INSERT INTO "monitoredBy" VALUES (1541, 1539);
INSERT INTO "TrackElement" ("id") VALUES (1542);
INSERT INTO "Segment" ("id", "length") VALUES (1542, 369);
UPDATE "TrackElement" SET "region" = 1328 WHERE "id" = 1542;
INSERT INTO "monitoredBy" VALUES (1542, 1539);
INSERT INTO "TrackElement" ("id") VALUES (1543);
INSERT INTO "Segment" ("id", "length") VALUES (1543, 934);
UPDATE "TrackElement" SET "region" = 1328 WHERE "id" = 1543;
INSERT INTO "monitoredBy" VALUES (1543, 1539);
INSERT INTO "TrackElement" ("id") VALUES (1544);
INSERT INTO "Segment" ("id", "length") VALUES (1544, 486);
UPDATE "TrackElement" SET "region" = 1328 WHERE "id" = 1544;
INSERT INTO "monitoredBy" VALUES (1544, 1539);
INSERT INTO "Sensor" ("id") VALUES (1545);
UPDATE "Sensor" SET "region" = 1328 WHERE "id" = 1545;
INSERT INTO "monitoredBy" VALUES (1520, 1545);
INSERT INTO "requires" VALUES (1327, 1545);
INSERT INTO "TrackElement" ("id") VALUES (1546);
INSERT INTO "Segment" ("id", "length") VALUES (1546, 742);
UPDATE "TrackElement" SET "region" = 1328 WHERE "id" = 1546;
INSERT INTO "monitoredBy" VALUES (1546, 1545);
INSERT INTO "TrackElement" ("id") VALUES (1547);
INSERT INTO "Segment" ("id", "length") VALUES (1547, 835);
UPDATE "TrackElement" SET "region" = 1328 WHERE "id" = 1547;
INSERT INTO "monitoredBy" VALUES (1547, 1545);
INSERT INTO "TrackElement" ("id") VALUES (1548);
INSERT INTO "Segment" ("id", "length") VALUES (1548, 657);
UPDATE "TrackElement" SET "region" = 1328 WHERE "id" = 1548;
INSERT INTO "monitoredBy" VALUES (1548, 1545);
INSERT INTO "TrackElement" ("id") VALUES (1549);
INSERT INTO "Segment" ("id", "length") VALUES (1549, 160);
UPDATE "TrackElement" SET "region" = 1328 WHERE "id" = 1549;
INSERT INTO "monitoredBy" VALUES (1549, 1545);
INSERT INTO "TrackElement" ("id") VALUES (1550);
INSERT INTO "Segment" ("id", "length") VALUES (1550, 885);
UPDATE "TrackElement" SET "region" = 1328 WHERE "id" = 1550;
INSERT INTO "monitoredBy" VALUES (1550, 1545);
INSERT INTO "Sensor" ("id") VALUES (1551);
UPDATE "Sensor" SET "region" = 1328 WHERE "id" = 1551;
INSERT INTO "monitoredBy" VALUES (1520, 1551);
INSERT INTO "requires" VALUES (1327, 1551);
INSERT INTO "TrackElement" ("id") VALUES (1552);
INSERT INTO "Segment" ("id", "length") VALUES (1552, 723);
UPDATE "TrackElement" SET "region" = 1328 WHERE "id" = 1552;
INSERT INTO "monitoredBy" VALUES (1552, 1551);
INSERT INTO "TrackElement" ("id") VALUES (1553);
INSERT INTO "Segment" ("id", "length") VALUES (1553, 900);
UPDATE "TrackElement" SET "region" = 1328 WHERE "id" = 1553;
INSERT INTO "monitoredBy" VALUES (1553, 1551);
INSERT INTO "TrackElement" ("id") VALUES (1554);
INSERT INTO "Segment" ("id", "length") VALUES (1554, 705);
UPDATE "TrackElement" SET "region" = 1328 WHERE "id" = 1554;
INSERT INTO "monitoredBy" VALUES (1554, 1551);
INSERT INTO "TrackElement" ("id") VALUES (1555);
INSERT INTO "Segment" ("id", "length") VALUES (1555, 114);
UPDATE "TrackElement" SET "region" = 1328 WHERE "id" = 1555;
INSERT INTO "monitoredBy" VALUES (1555, 1551);
INSERT INTO "TrackElement" ("id") VALUES (1556);
INSERT INTO "Segment" ("id", "length") VALUES (1556, 957);
UPDATE "TrackElement" SET "region" = 1328 WHERE "id" = 1556;
INSERT INTO "monitoredBy" VALUES (1556, 1551);
INSERT INTO "SwitchPosition" ("id", "position", "target") VALUES (1557, 1, 1520);
UPDATE "SwitchPosition" SET "route" = 1327 WHERE "id" = 1557;
INSERT INTO "TrackElement" ("id") VALUES (1558);
INSERT INTO "Switch" ("id", "currentPosition") VALUES (1558, 2);
UPDATE "TrackElement" SET "region" = 1328 WHERE "id" = 1558;
INSERT INTO "Sensor" ("id") VALUES (1559);
UPDATE "Sensor" SET "region" = 1328 WHERE "id" = 1559;
INSERT INTO "monitoredBy" VALUES (1558, 1559);
INSERT INTO "requires" VALUES (1327, 1559);
INSERT INTO "TrackElement" ("id") VALUES (1560);
INSERT INTO "Segment" ("id", "length") VALUES (1560, 599);
UPDATE "TrackElement" SET "region" = 1328 WHERE "id" = 1560;
INSERT INTO "monitoredBy" VALUES (1560, 1559);
INSERT INTO "TrackElement" ("id") VALUES (1561);
INSERT INTO "Segment" ("id", "length") VALUES (1561, 69);
UPDATE "TrackElement" SET "region" = 1328 WHERE "id" = 1561;
INSERT INTO "monitoredBy" VALUES (1561, 1559);
INSERT INTO "TrackElement" ("id") VALUES (1562);
INSERT INTO "Segment" ("id", "length") VALUES (1562, 575);
UPDATE "TrackElement" SET "region" = 1328 WHERE "id" = 1562;
INSERT INTO "monitoredBy" VALUES (1562, 1559);
INSERT INTO "TrackElement" ("id") VALUES (1563);
INSERT INTO "Segment" ("id", "length") VALUES (1563, 764);
UPDATE "TrackElement" SET "region" = 1328 WHERE "id" = 1563;
INSERT INTO "monitoredBy" VALUES (1563, 1559);
INSERT INTO "TrackElement" ("id") VALUES (1564);
INSERT INTO "Segment" ("id", "length") VALUES (1564, 969);
UPDATE "TrackElement" SET "region" = 1328 WHERE "id" = 1564;
INSERT INTO "monitoredBy" VALUES (1564, 1559);
INSERT INTO "Sensor" ("id") VALUES (1565);
UPDATE "Sensor" SET "region" = 1328 WHERE "id" = 1565;
INSERT INTO "monitoredBy" VALUES (1558, 1565);
INSERT INTO "requires" VALUES (1327, 1565);
INSERT INTO "TrackElement" ("id") VALUES (1566);
INSERT INTO "Segment" ("id", "length") VALUES (1566, 109);
UPDATE "TrackElement" SET "region" = 1328 WHERE "id" = 1566;
INSERT INTO "monitoredBy" VALUES (1566, 1565);
INSERT INTO "TrackElement" ("id") VALUES (1567);
INSERT INTO "Segment" ("id", "length") VALUES (1567, 226);
UPDATE "TrackElement" SET "region" = 1328 WHERE "id" = 1567;
INSERT INTO "monitoredBy" VALUES (1567, 1565);
INSERT INTO "TrackElement" ("id") VALUES (1568);
INSERT INTO "Segment" ("id", "length") VALUES (1568, 407);
UPDATE "TrackElement" SET "region" = 1328 WHERE "id" = 1568;
INSERT INTO "monitoredBy" VALUES (1568, 1565);
INSERT INTO "TrackElement" ("id") VALUES (1569);
INSERT INTO "Segment" ("id", "length") VALUES (1569, 914);
UPDATE "TrackElement" SET "region" = 1328 WHERE "id" = 1569;
INSERT INTO "monitoredBy" VALUES (1569, 1565);
INSERT INTO "TrackElement" ("id") VALUES (1570);
INSERT INTO "Segment" ("id", "length") VALUES (1570, 817);
UPDATE "TrackElement" SET "region" = 1328 WHERE "id" = 1570;
INSERT INTO "monitoredBy" VALUES (1570, 1565);
INSERT INTO "Sensor" ("id") VALUES (1571);
UPDATE "Sensor" SET "region" = 1328 WHERE "id" = 1571;
INSERT INTO "monitoredBy" VALUES (1558, 1571);
INSERT INTO "requires" VALUES (1327, 1571);
INSERT INTO "TrackElement" ("id") VALUES (1572);
INSERT INTO "Segment" ("id", "length") VALUES (1572, 532);
UPDATE "TrackElement" SET "region" = 1328 WHERE "id" = 1572;
INSERT INTO "monitoredBy" VALUES (1572, 1571);
INSERT INTO "TrackElement" ("id") VALUES (1573);
INSERT INTO "Segment" ("id", "length") VALUES (1573, 43);
UPDATE "TrackElement" SET "region" = 1328 WHERE "id" = 1573;
INSERT INTO "monitoredBy" VALUES (1573, 1571);
INSERT INTO "TrackElement" ("id") VALUES (1574);
INSERT INTO "Segment" ("id", "length") VALUES (1574, 102);
UPDATE "TrackElement" SET "region" = 1328 WHERE "id" = 1574;
INSERT INTO "monitoredBy" VALUES (1574, 1571);
INSERT INTO "TrackElement" ("id") VALUES (1575);
INSERT INTO "Segment" ("id", "length") VALUES (1575, 963);
UPDATE "TrackElement" SET "region" = 1328 WHERE "id" = 1575;
INSERT INTO "monitoredBy" VALUES (1575, 1571);
INSERT INTO "TrackElement" ("id") VALUES (1576);
INSERT INTO "Segment" ("id", "length") VALUES (1576, 378);
UPDATE "TrackElement" SET "region" = 1328 WHERE "id" = 1576;
INSERT INTO "monitoredBy" VALUES (1576, 1571);
INSERT INTO "Sensor" ("id") VALUES (1577);
UPDATE "Sensor" SET "region" = 1328 WHERE "id" = 1577;
INSERT INTO "monitoredBy" VALUES (1558, 1577);
INSERT INTO "requires" VALUES (1327, 1577);
INSERT INTO "TrackElement" ("id") VALUES (1578);
INSERT INTO "Segment" ("id", "length") VALUES (1578, 739);
UPDATE "TrackElement" SET "region" = 1328 WHERE "id" = 1578;
INSERT INTO "monitoredBy" VALUES (1578, 1577);
INSERT INTO "TrackElement" ("id") VALUES (1579);
INSERT INTO "Segment" ("id", "length") VALUES (1579, 944);
UPDATE "TrackElement" SET "region" = 1328 WHERE "id" = 1579;
INSERT INTO "monitoredBy" VALUES (1579, 1577);
INSERT INTO "TrackElement" ("id") VALUES (1580);
INSERT INTO "Segment" ("id", "length") VALUES (1580, 518);
UPDATE "TrackElement" SET "region" = 1328 WHERE "id" = 1580;
INSERT INTO "monitoredBy" VALUES (1580, 1577);
INSERT INTO "TrackElement" ("id") VALUES (1581);
INSERT INTO "Segment" ("id", "length") VALUES (1581, 464);
UPDATE "TrackElement" SET "region" = 1328 WHERE "id" = 1581;
INSERT INTO "monitoredBy" VALUES (1581, 1577);
INSERT INTO "TrackElement" ("id") VALUES (1582);
INSERT INTO "Segment" ("id", "length") VALUES (1582, 929);
UPDATE "TrackElement" SET "region" = 1328 WHERE "id" = 1582;
INSERT INTO "monitoredBy" VALUES (1582, 1577);
INSERT INTO "SwitchPosition" ("id", "position", "target") VALUES (1583, 2, 1558);
UPDATE "SwitchPosition" SET "route" = 1327 WHERE "id" = 1583;
INSERT INTO "TrackElement" ("id") VALUES (1584);
INSERT INTO "Switch" ("id", "currentPosition") VALUES (1584, 1);
UPDATE "TrackElement" SET "region" = 1328 WHERE "id" = 1584;
INSERT INTO "Sensor" ("id") VALUES (1585);
UPDATE "Sensor" SET "region" = 1328 WHERE "id" = 1585;
INSERT INTO "monitoredBy" VALUES (1584, 1585);
INSERT INTO "requires" VALUES (1327, 1585);
INSERT INTO "TrackElement" ("id") VALUES (1586);
INSERT INTO "Segment" ("id", "length") VALUES (1586, 437);
UPDATE "TrackElement" SET "region" = 1328 WHERE "id" = 1586;
INSERT INTO "monitoredBy" VALUES (1586, 1585);
INSERT INTO "TrackElement" ("id") VALUES (1587);
INSERT INTO "Segment" ("id", "length") VALUES (1587, 389);
UPDATE "TrackElement" SET "region" = 1328 WHERE "id" = 1587;
INSERT INTO "monitoredBy" VALUES (1587, 1585);
INSERT INTO "TrackElement" ("id") VALUES (1588);
INSERT INTO "Segment" ("id", "length") VALUES (1588, 829);
UPDATE "TrackElement" SET "region" = 1328 WHERE "id" = 1588;
INSERT INTO "monitoredBy" VALUES (1588, 1585);
INSERT INTO "TrackElement" ("id") VALUES (1589);
INSERT INTO "Segment" ("id", "length") VALUES (1589, 720);
UPDATE "TrackElement" SET "region" = 1328 WHERE "id" = 1589;
INSERT INTO "monitoredBy" VALUES (1589, 1585);
INSERT INTO "TrackElement" ("id") VALUES (1590);
INSERT INTO "Segment" ("id", "length") VALUES (1590, 216);
UPDATE "TrackElement" SET "region" = 1328 WHERE "id" = 1590;
INSERT INTO "monitoredBy" VALUES (1590, 1585);
INSERT INTO "Sensor" ("id") VALUES (1591);
UPDATE "Sensor" SET "region" = 1328 WHERE "id" = 1591;
INSERT INTO "monitoredBy" VALUES (1584, 1591);
INSERT INTO "requires" VALUES (1327, 1591);
INSERT INTO "TrackElement" ("id") VALUES (1592);
INSERT INTO "Segment" ("id", "length") VALUES (1592, 87);
UPDATE "TrackElement" SET "region" = 1328 WHERE "id" = 1592;
INSERT INTO "monitoredBy" VALUES (1592, 1591);
INSERT INTO "TrackElement" ("id") VALUES (1593);
INSERT INTO "Segment" ("id", "length") VALUES (1593, 812);
UPDATE "TrackElement" SET "region" = 1328 WHERE "id" = 1593;
INSERT INTO "monitoredBy" VALUES (1593, 1591);
INSERT INTO "TrackElement" ("id") VALUES (1594);
INSERT INTO "Segment" ("id", "length") VALUES (1594, 108);
UPDATE "TrackElement" SET "region" = 1328 WHERE "id" = 1594;
INSERT INTO "monitoredBy" VALUES (1594, 1591);
INSERT INTO "TrackElement" ("id") VALUES (1595);
INSERT INTO "Segment" ("id", "length") VALUES (1595, 390);
UPDATE "TrackElement" SET "region" = 1328 WHERE "id" = 1595;
INSERT INTO "monitoredBy" VALUES (1595, 1591);
INSERT INTO "TrackElement" ("id") VALUES (1596);
INSERT INTO "Segment" ("id", "length") VALUES (1596, 734);
UPDATE "TrackElement" SET "region" = 1328 WHERE "id" = 1596;
INSERT INTO "monitoredBy" VALUES (1596, 1591);
INSERT INTO "Sensor" ("id") VALUES (1597);
UPDATE "Sensor" SET "region" = 1328 WHERE "id" = 1597;
INSERT INTO "monitoredBy" VALUES (1584, 1597);
INSERT INTO "requires" VALUES (1327, 1597);
INSERT INTO "TrackElement" ("id") VALUES (1598);
INSERT INTO "Segment" ("id", "length") VALUES (1598, 757);
UPDATE "TrackElement" SET "region" = 1328 WHERE "id" = 1598;
INSERT INTO "monitoredBy" VALUES (1598, 1597);
INSERT INTO "TrackElement" ("id") VALUES (1599);
INSERT INTO "Segment" ("id", "length") VALUES (1599, 753);
UPDATE "TrackElement" SET "region" = 1328 WHERE "id" = 1599;
INSERT INTO "monitoredBy" VALUES (1599, 1597);
INSERT INTO "TrackElement" ("id") VALUES (1600);
INSERT INTO "Segment" ("id", "length") VALUES (1600, 999);
UPDATE "TrackElement" SET "region" = 1328 WHERE "id" = 1600;
INSERT INTO "monitoredBy" VALUES (1600, 1597);
INSERT INTO "TrackElement" ("id") VALUES (1601);
INSERT INTO "Segment" ("id", "length") VALUES (1601, -120);
UPDATE "TrackElement" SET "region" = 1328 WHERE "id" = 1601;
INSERT INTO "monitoredBy" VALUES (1601, 1597);
INSERT INTO "TrackElement" ("id") VALUES (1602);
INSERT INTO "Segment" ("id", "length") VALUES (1602, 126);
UPDATE "TrackElement" SET "region" = 1328 WHERE "id" = 1602;
INSERT INTO "monitoredBy" VALUES (1602, 1597);
INSERT INTO "Sensor" ("id") VALUES (1603);
UPDATE "Sensor" SET "region" = 1328 WHERE "id" = 1603;
INSERT INTO "monitoredBy" VALUES (1584, 1603);
INSERT INTO "requires" VALUES (1327, 1603);
INSERT INTO "TrackElement" ("id") VALUES (1604);
INSERT INTO "Segment" ("id", "length") VALUES (1604, 950);
UPDATE "TrackElement" SET "region" = 1328 WHERE "id" = 1604;
INSERT INTO "monitoredBy" VALUES (1604, 1603);
INSERT INTO "TrackElement" ("id") VALUES (1605);
INSERT INTO "Segment" ("id", "length") VALUES (1605, 546);
UPDATE "TrackElement" SET "region" = 1328 WHERE "id" = 1605;
INSERT INTO "monitoredBy" VALUES (1605, 1603);
INSERT INTO "TrackElement" ("id") VALUES (1606);
INSERT INTO "Segment" ("id", "length") VALUES (1606, 174);
UPDATE "TrackElement" SET "region" = 1328 WHERE "id" = 1606;
INSERT INTO "monitoredBy" VALUES (1606, 1603);
INSERT INTO "TrackElement" ("id") VALUES (1607);
INSERT INTO "Segment" ("id", "length") VALUES (1607, 346);
UPDATE "TrackElement" SET "region" = 1328 WHERE "id" = 1607;
INSERT INTO "monitoredBy" VALUES (1607, 1603);
INSERT INTO "TrackElement" ("id") VALUES (1608);
INSERT INTO "Segment" ("id", "length") VALUES (1608, 606);
UPDATE "TrackElement" SET "region" = 1328 WHERE "id" = 1608;
INSERT INTO "monitoredBy" VALUES (1608, 1603);
INSERT INTO "Sensor" ("id") VALUES (1609);
UPDATE "Sensor" SET "region" = 1328 WHERE "id" = 1609;
INSERT INTO "monitoredBy" VALUES (1584, 1609);
INSERT INTO "requires" VALUES (1327, 1609);
INSERT INTO "TrackElement" ("id") VALUES (1610);
INSERT INTO "Segment" ("id", "length") VALUES (1610, 358);
UPDATE "TrackElement" SET "region" = 1328 WHERE "id" = 1610;
INSERT INTO "monitoredBy" VALUES (1610, 1609);
INSERT INTO "TrackElement" ("id") VALUES (1611);
INSERT INTO "Segment" ("id", "length") VALUES (1611, 590);
UPDATE "TrackElement" SET "region" = 1328 WHERE "id" = 1611;
INSERT INTO "monitoredBy" VALUES (1611, 1609);
INSERT INTO "TrackElement" ("id") VALUES (1612);
INSERT INTO "Segment" ("id", "length") VALUES (1612, 27);
UPDATE "TrackElement" SET "region" = 1328 WHERE "id" = 1612;
INSERT INTO "monitoredBy" VALUES (1612, 1609);
INSERT INTO "TrackElement" ("id") VALUES (1613);
INSERT INTO "Segment" ("id", "length") VALUES (1613, 512);
UPDATE "TrackElement" SET "region" = 1328 WHERE "id" = 1613;
INSERT INTO "monitoredBy" VALUES (1613, 1609);
INSERT INTO "TrackElement" ("id") VALUES (1614);
INSERT INTO "Segment" ("id", "length") VALUES (1614, 172);
UPDATE "TrackElement" SET "region" = 1328 WHERE "id" = 1614;
INSERT INTO "monitoredBy" VALUES (1614, 1609);
INSERT INTO "SwitchPosition" ("id", "position", "target") VALUES (1615, 1, 1584);
UPDATE "SwitchPosition" SET "route" = 1327 WHERE "id" = 1615;
INSERT INTO "TrackElement" ("id") VALUES (1616);
INSERT INTO "Switch" ("id", "currentPosition") VALUES (1616, 0);
UPDATE "TrackElement" SET "region" = 1328 WHERE "id" = 1616;
INSERT INTO "Sensor" ("id") VALUES (1617);
UPDATE "Sensor" SET "region" = 1328 WHERE "id" = 1617;
INSERT INTO "monitoredBy" VALUES (1616, 1617);
INSERT INTO "TrackElement" ("id") VALUES (1618);
INSERT INTO "Segment" ("id", "length") VALUES (1618, 782);
UPDATE "TrackElement" SET "region" = 1328 WHERE "id" = 1618;
INSERT INTO "monitoredBy" VALUES (1618, 1617);
INSERT INTO "TrackElement" ("id") VALUES (1619);
INSERT INTO "Segment" ("id", "length") VALUES (1619, 843);
UPDATE "TrackElement" SET "region" = 1328 WHERE "id" = 1619;
INSERT INTO "monitoredBy" VALUES (1619, 1617);
INSERT INTO "TrackElement" ("id") VALUES (1620);
INSERT INTO "Segment" ("id", "length") VALUES (1620, 621);
UPDATE "TrackElement" SET "region" = 1328 WHERE "id" = 1620;
INSERT INTO "monitoredBy" VALUES (1620, 1617);
INSERT INTO "TrackElement" ("id") VALUES (1621);
INSERT INTO "Segment" ("id", "length") VALUES (1621, 815);
UPDATE "TrackElement" SET "region" = 1328 WHERE "id" = 1621;
INSERT INTO "monitoredBy" VALUES (1621, 1617);
INSERT INTO "TrackElement" ("id") VALUES (1622);
INSERT INTO "Segment" ("id", "length") VALUES (1622, 153);
UPDATE "TrackElement" SET "region" = 1328 WHERE "id" = 1622;
INSERT INTO "monitoredBy" VALUES (1622, 1617);
INSERT INTO "Sensor" ("id") VALUES (1623);
UPDATE "Sensor" SET "region" = 1328 WHERE "id" = 1623;
INSERT INTO "monitoredBy" VALUES (1616, 1623);
INSERT INTO "requires" VALUES (1327, 1623);
INSERT INTO "TrackElement" ("id") VALUES (1624);
INSERT INTO "Segment" ("id", "length") VALUES (1624, 144);
UPDATE "TrackElement" SET "region" = 1328 WHERE "id" = 1624;
INSERT INTO "monitoredBy" VALUES (1624, 1623);
INSERT INTO "TrackElement" ("id") VALUES (1625);
INSERT INTO "Segment" ("id", "length") VALUES (1625, 404);
UPDATE "TrackElement" SET "region" = 1328 WHERE "id" = 1625;
INSERT INTO "monitoredBy" VALUES (1625, 1623);
INSERT INTO "TrackElement" ("id") VALUES (1626);
INSERT INTO "Segment" ("id", "length") VALUES (1626, 620);
UPDATE "TrackElement" SET "region" = 1328 WHERE "id" = 1626;
INSERT INTO "monitoredBy" VALUES (1626, 1623);
INSERT INTO "TrackElement" ("id") VALUES (1627);
INSERT INTO "Segment" ("id", "length") VALUES (1627, 933);
UPDATE "TrackElement" SET "region" = 1328 WHERE "id" = 1627;
INSERT INTO "monitoredBy" VALUES (1627, 1623);
INSERT INTO "TrackElement" ("id") VALUES (1628);
INSERT INTO "Segment" ("id", "length") VALUES (1628, 261);
UPDATE "TrackElement" SET "region" = 1328 WHERE "id" = 1628;
INSERT INTO "monitoredBy" VALUES (1628, 1623);
INSERT INTO "Sensor" ("id") VALUES (1629);
UPDATE "Sensor" SET "region" = 1328 WHERE "id" = 1629;
INSERT INTO "monitoredBy" VALUES (1616, 1629);
INSERT INTO "requires" VALUES (1327, 1629);
INSERT INTO "TrackElement" ("id") VALUES (1630);
INSERT INTO "Segment" ("id", "length") VALUES (1630, -838);
UPDATE "TrackElement" SET "region" = 1328 WHERE "id" = 1630;
INSERT INTO "monitoredBy" VALUES (1630, 1629);
INSERT INTO "TrackElement" ("id") VALUES (1631);
INSERT INTO "Segment" ("id", "length") VALUES (1631, 224);
UPDATE "TrackElement" SET "region" = 1328 WHERE "id" = 1631;
INSERT INTO "monitoredBy" VALUES (1631, 1629);
INSERT INTO "TrackElement" ("id") VALUES (1632);
INSERT INTO "Segment" ("id", "length") VALUES (1632, 92);
UPDATE "TrackElement" SET "region" = 1328 WHERE "id" = 1632;
INSERT INTO "monitoredBy" VALUES (1632, 1629);
INSERT INTO "TrackElement" ("id") VALUES (1633);
INSERT INTO "Segment" ("id", "length") VALUES (1633, 499);
UPDATE "TrackElement" SET "region" = 1328 WHERE "id" = 1633;
INSERT INTO "monitoredBy" VALUES (1633, 1629);
INSERT INTO "TrackElement" ("id") VALUES (1634);
INSERT INTO "Segment" ("id", "length") VALUES (1634, 11);
UPDATE "TrackElement" SET "region" = 1328 WHERE "id" = 1634;
INSERT INTO "monitoredBy" VALUES (1634, 1629);
INSERT INTO "Sensor" ("id") VALUES (1635);
UPDATE "Sensor" SET "region" = 1328 WHERE "id" = 1635;
INSERT INTO "monitoredBy" VALUES (1616, 1635);
INSERT INTO "requires" VALUES (1327, 1635);
INSERT INTO "TrackElement" ("id") VALUES (1636);
INSERT INTO "Segment" ("id", "length") VALUES (1636, 723);
UPDATE "TrackElement" SET "region" = 1328 WHERE "id" = 1636;
INSERT INTO "monitoredBy" VALUES (1636, 1635);
INSERT INTO "TrackElement" ("id") VALUES (1637);
INSERT INTO "Segment" ("id", "length") VALUES (1637, 671);
UPDATE "TrackElement" SET "region" = 1328 WHERE "id" = 1637;
INSERT INTO "monitoredBy" VALUES (1637, 1635);
INSERT INTO "TrackElement" ("id") VALUES (1638);
INSERT INTO "Segment" ("id", "length") VALUES (1638, 254);
UPDATE "TrackElement" SET "region" = 1328 WHERE "id" = 1638;
INSERT INTO "monitoredBy" VALUES (1638, 1635);
INSERT INTO "TrackElement" ("id") VALUES (1639);
INSERT INTO "Segment" ("id", "length") VALUES (1639, 965);
UPDATE "TrackElement" SET "region" = 1328 WHERE "id" = 1639;
INSERT INTO "monitoredBy" VALUES (1639, 1635);
INSERT INTO "TrackElement" ("id") VALUES (1640);
INSERT INTO "Segment" ("id", "length") VALUES (1640, 335);
UPDATE "TrackElement" SET "region" = 1328 WHERE "id" = 1640;
INSERT INTO "monitoredBy" VALUES (1640, 1635);
INSERT INTO "Sensor" ("id") VALUES (1641);
UPDATE "Sensor" SET "region" = 1328 WHERE "id" = 1641;
INSERT INTO "monitoredBy" VALUES (1616, 1641);
INSERT INTO "requires" VALUES (1327, 1641);
INSERT INTO "TrackElement" ("id") VALUES (1642);
INSERT INTO "Segment" ("id", "length") VALUES (1642, 6);
UPDATE "TrackElement" SET "region" = 1328 WHERE "id" = 1642;
INSERT INTO "monitoredBy" VALUES (1642, 1641);
INSERT INTO "TrackElement" ("id") VALUES (1643);
INSERT INTO "Segment" ("id", "length") VALUES (1643, 849);
UPDATE "TrackElement" SET "region" = 1328 WHERE "id" = 1643;
INSERT INTO "monitoredBy" VALUES (1643, 1641);
INSERT INTO "TrackElement" ("id") VALUES (1644);
INSERT INTO "Segment" ("id", "length") VALUES (1644, 844);
UPDATE "TrackElement" SET "region" = 1328 WHERE "id" = 1644;
INSERT INTO "monitoredBy" VALUES (1644, 1641);
INSERT INTO "TrackElement" ("id") VALUES (1645);
INSERT INTO "Segment" ("id", "length") VALUES (1645, 14);
UPDATE "TrackElement" SET "region" = 1328 WHERE "id" = 1645;
INSERT INTO "monitoredBy" VALUES (1645, 1641);
INSERT INTO "TrackElement" ("id") VALUES (1646);
INSERT INTO "Segment" ("id", "length") VALUES (1646, 818);
UPDATE "TrackElement" SET "region" = 1328 WHERE "id" = 1646;
INSERT INTO "monitoredBy" VALUES (1646, 1641);
INSERT INTO "Sensor" ("id") VALUES (1647);
UPDATE "Sensor" SET "region" = 1328 WHERE "id" = 1647;
INSERT INTO "monitoredBy" VALUES (1616, 1647);
INSERT INTO "requires" VALUES (1327, 1647);
INSERT INTO "TrackElement" ("id") VALUES (1648);
INSERT INTO "Segment" ("id", "length") VALUES (1648, 291);
UPDATE "TrackElement" SET "region" = 1328 WHERE "id" = 1648;
INSERT INTO "monitoredBy" VALUES (1648, 1647);
INSERT INTO "TrackElement" ("id") VALUES (1649);
INSERT INTO "Segment" ("id", "length") VALUES (1649, -76);
UPDATE "TrackElement" SET "region" = 1328 WHERE "id" = 1649;
INSERT INTO "monitoredBy" VALUES (1649, 1647);
INSERT INTO "TrackElement" ("id") VALUES (1650);
INSERT INTO "Segment" ("id", "length") VALUES (1650, 78);
UPDATE "TrackElement" SET "region" = 1328 WHERE "id" = 1650;
INSERT INTO "monitoredBy" VALUES (1650, 1647);
INSERT INTO "TrackElement" ("id") VALUES (1651);
INSERT INTO "Segment" ("id", "length") VALUES (1651, 118);
UPDATE "TrackElement" SET "region" = 1328 WHERE "id" = 1651;
INSERT INTO "monitoredBy" VALUES (1651, 1647);
INSERT INTO "TrackElement" ("id") VALUES (1652);
INSERT INTO "Segment" ("id", "length") VALUES (1652, 275);
UPDATE "TrackElement" SET "region" = 1328 WHERE "id" = 1652;
INSERT INTO "monitoredBy" VALUES (1652, 1647);
INSERT INTO "Sensor" ("id") VALUES (1653);
UPDATE "Sensor" SET "region" = 1328 WHERE "id" = 1653;
INSERT INTO "monitoredBy" VALUES (1616, 1653);
INSERT INTO "requires" VALUES (1327, 1653);
INSERT INTO "TrackElement" ("id") VALUES (1654);
INSERT INTO "Segment" ("id", "length") VALUES (1654, 181);
UPDATE "TrackElement" SET "region" = 1328 WHERE "id" = 1654;
INSERT INTO "monitoredBy" VALUES (1654, 1653);
INSERT INTO "TrackElement" ("id") VALUES (1655);
INSERT INTO "Segment" ("id", "length") VALUES (1655, 442);
UPDATE "TrackElement" SET "region" = 1328 WHERE "id" = 1655;
INSERT INTO "monitoredBy" VALUES (1655, 1653);
INSERT INTO "TrackElement" ("id") VALUES (1656);
INSERT INTO "Segment" ("id", "length") VALUES (1656, 779);
UPDATE "TrackElement" SET "region" = 1328 WHERE "id" = 1656;
INSERT INTO "monitoredBy" VALUES (1656, 1653);
INSERT INTO "TrackElement" ("id") VALUES (1657);
INSERT INTO "Segment" ("id", "length") VALUES (1657, 288);
UPDATE "TrackElement" SET "region" = 1328 WHERE "id" = 1657;
INSERT INTO "monitoredBy" VALUES (1657, 1653);
INSERT INTO "TrackElement" ("id") VALUES (1658);
INSERT INTO "Segment" ("id", "length") VALUES (1658, 328);
UPDATE "TrackElement" SET "region" = 1328 WHERE "id" = 1658;
INSERT INTO "monitoredBy" VALUES (1658, 1653);
INSERT INTO "Sensor" ("id") VALUES (1659);
UPDATE "Sensor" SET "region" = 1328 WHERE "id" = 1659;
INSERT INTO "monitoredBy" VALUES (1616, 1659);
INSERT INTO "requires" VALUES (1327, 1659);
INSERT INTO "TrackElement" ("id") VALUES (1660);
INSERT INTO "Segment" ("id", "length") VALUES (1660, 914);
UPDATE "TrackElement" SET "region" = 1328 WHERE "id" = 1660;
INSERT INTO "monitoredBy" VALUES (1660, 1659);
INSERT INTO "TrackElement" ("id") VALUES (1661);
INSERT INTO "Segment" ("id", "length") VALUES (1661, 894);
UPDATE "TrackElement" SET "region" = 1328 WHERE "id" = 1661;
INSERT INTO "monitoredBy" VALUES (1661, 1659);
INSERT INTO "TrackElement" ("id") VALUES (1662);
INSERT INTO "Segment" ("id", "length") VALUES (1662, 210);
UPDATE "TrackElement" SET "region" = 1328 WHERE "id" = 1662;
INSERT INTO "monitoredBy" VALUES (1662, 1659);
INSERT INTO "TrackElement" ("id") VALUES (1663);
INSERT INTO "Segment" ("id", "length") VALUES (1663, 951);
UPDATE "TrackElement" SET "region" = 1328 WHERE "id" = 1663;
INSERT INTO "monitoredBy" VALUES (1663, 1659);
INSERT INTO "TrackElement" ("id") VALUES (1664);
INSERT INTO "Segment" ("id", "length") VALUES (1664, 35);
UPDATE "TrackElement" SET "region" = 1328 WHERE "id" = 1664;
INSERT INTO "monitoredBy" VALUES (1664, 1659);
INSERT INTO "SwitchPosition" ("id", "position", "target") VALUES (1665, 0, 1616);
UPDATE "SwitchPosition" SET "route" = 1327 WHERE "id" = 1665;
INSERT INTO "TrackElement" ("id") VALUES (1666);
INSERT INTO "Switch" ("id", "currentPosition") VALUES (1666, 1);
UPDATE "TrackElement" SET "region" = 1328 WHERE "id" = 1666;
INSERT INTO "Sensor" ("id") VALUES (1667);
UPDATE "Sensor" SET "region" = 1328 WHERE "id" = 1667;
INSERT INTO "monitoredBy" VALUES (1666, 1667);
INSERT INTO "requires" VALUES (1327, 1667);
INSERT INTO "TrackElement" ("id") VALUES (1668);
INSERT INTO "Segment" ("id", "length") VALUES (1668, 962);
UPDATE "TrackElement" SET "region" = 1328 WHERE "id" = 1668;
INSERT INTO "monitoredBy" VALUES (1668, 1667);
INSERT INTO "TrackElement" ("id") VALUES (1669);
INSERT INTO "Segment" ("id", "length") VALUES (1669, 121);
UPDATE "TrackElement" SET "region" = 1328 WHERE "id" = 1669;
INSERT INTO "monitoredBy" VALUES (1669, 1667);
INSERT INTO "TrackElement" ("id") VALUES (1670);
INSERT INTO "Segment" ("id", "length") VALUES (1670, 610);
UPDATE "TrackElement" SET "region" = 1328 WHERE "id" = 1670;
INSERT INTO "monitoredBy" VALUES (1670, 1667);
INSERT INTO "TrackElement" ("id") VALUES (1671);
INSERT INTO "Segment" ("id", "length") VALUES (1671, 367);
UPDATE "TrackElement" SET "region" = 1328 WHERE "id" = 1671;
INSERT INTO "monitoredBy" VALUES (1671, 1667);
INSERT INTO "TrackElement" ("id") VALUES (1672);
INSERT INTO "Segment" ("id", "length") VALUES (1672, 205);
UPDATE "TrackElement" SET "region" = 1328 WHERE "id" = 1672;
INSERT INTO "monitoredBy" VALUES (1672, 1667);
INSERT INTO "Sensor" ("id") VALUES (1673);
UPDATE "Sensor" SET "region" = 1328 WHERE "id" = 1673;
INSERT INTO "monitoredBy" VALUES (1666, 1673);
INSERT INTO "requires" VALUES (1327, 1673);
INSERT INTO "TrackElement" ("id") VALUES (1674);
INSERT INTO "Segment" ("id", "length") VALUES (1674, 671);
UPDATE "TrackElement" SET "region" = 1328 WHERE "id" = 1674;
INSERT INTO "monitoredBy" VALUES (1674, 1673);
INSERT INTO "TrackElement" ("id") VALUES (1675);
INSERT INTO "Segment" ("id", "length") VALUES (1675, 529);
UPDATE "TrackElement" SET "region" = 1328 WHERE "id" = 1675;
INSERT INTO "monitoredBy" VALUES (1675, 1673);
INSERT INTO "TrackElement" ("id") VALUES (1676);
INSERT INTO "Segment" ("id", "length") VALUES (1676, 120);
UPDATE "TrackElement" SET "region" = 1328 WHERE "id" = 1676;
INSERT INTO "monitoredBy" VALUES (1676, 1673);
INSERT INTO "TrackElement" ("id") VALUES (1677);
INSERT INTO "Segment" ("id", "length") VALUES (1677, 658);
UPDATE "TrackElement" SET "region" = 1328 WHERE "id" = 1677;
INSERT INTO "monitoredBy" VALUES (1677, 1673);
INSERT INTO "TrackElement" ("id") VALUES (1678);
INSERT INTO "Segment" ("id", "length") VALUES (1678, 908);
UPDATE "TrackElement" SET "region" = 1328 WHERE "id" = 1678;
INSERT INTO "monitoredBy" VALUES (1678, 1673);
INSERT INTO "Sensor" ("id") VALUES (1679);
UPDATE "Sensor" SET "region" = 1328 WHERE "id" = 1679;
INSERT INTO "monitoredBy" VALUES (1666, 1679);
INSERT INTO "requires" VALUES (1327, 1679);
INSERT INTO "TrackElement" ("id") VALUES (1680);
INSERT INTO "Segment" ("id", "length") VALUES (1680, 755);
UPDATE "TrackElement" SET "region" = 1328 WHERE "id" = 1680;
INSERT INTO "monitoredBy" VALUES (1680, 1679);
INSERT INTO "TrackElement" ("id") VALUES (1681);
INSERT INTO "Segment" ("id", "length") VALUES (1681, 712);
UPDATE "TrackElement" SET "region" = 1328 WHERE "id" = 1681;
INSERT INTO "monitoredBy" VALUES (1681, 1679);
INSERT INTO "TrackElement" ("id") VALUES (1682);
INSERT INTO "Segment" ("id", "length") VALUES (1682, 541);
UPDATE "TrackElement" SET "region" = 1328 WHERE "id" = 1682;
INSERT INTO "monitoredBy" VALUES (1682, 1679);
INSERT INTO "TrackElement" ("id") VALUES (1683);
INSERT INTO "Segment" ("id", "length") VALUES (1683, 360);
UPDATE "TrackElement" SET "region" = 1328 WHERE "id" = 1683;
INSERT INTO "monitoredBy" VALUES (1683, 1679);
INSERT INTO "TrackElement" ("id") VALUES (1684);
INSERT INTO "Segment" ("id", "length") VALUES (1684, 471);
UPDATE "TrackElement" SET "region" = 1328 WHERE "id" = 1684;
INSERT INTO "monitoredBy" VALUES (1684, 1679);
INSERT INTO "Sensor" ("id") VALUES (1685);
UPDATE "Sensor" SET "region" = 1328 WHERE "id" = 1685;
INSERT INTO "monitoredBy" VALUES (1666, 1685);
INSERT INTO "requires" VALUES (1327, 1685);
INSERT INTO "TrackElement" ("id") VALUES (1686);
INSERT INTO "Segment" ("id", "length") VALUES (1686, 436);
UPDATE "TrackElement" SET "region" = 1328 WHERE "id" = 1686;
INSERT INTO "monitoredBy" VALUES (1686, 1685);
INSERT INTO "TrackElement" ("id") VALUES (1687);
INSERT INTO "Segment" ("id", "length") VALUES (1687, 668);
UPDATE "TrackElement" SET "region" = 1328 WHERE "id" = 1687;
INSERT INTO "monitoredBy" VALUES (1687, 1685);
INSERT INTO "TrackElement" ("id") VALUES (1688);
INSERT INTO "Segment" ("id", "length") VALUES (1688, 179);
UPDATE "TrackElement" SET "region" = 1328 WHERE "id" = 1688;
INSERT INTO "monitoredBy" VALUES (1688, 1685);
INSERT INTO "TrackElement" ("id") VALUES (1689);
INSERT INTO "Segment" ("id", "length") VALUES (1689, 809);
UPDATE "TrackElement" SET "region" = 1328 WHERE "id" = 1689;
INSERT INTO "monitoredBy" VALUES (1689, 1685);
INSERT INTO "TrackElement" ("id") VALUES (1690);
INSERT INTO "Segment" ("id", "length") VALUES (1690, 422);
UPDATE "TrackElement" SET "region" = 1328 WHERE "id" = 1690;
INSERT INTO "monitoredBy" VALUES (1690, 1685);
INSERT INTO "TrackElement" ("id") VALUES (1691);
INSERT INTO "Segment" ("id", "length") VALUES (1691, 805);
UPDATE "TrackElement" SET "region" = 1328 WHERE "id" = 1691;
INSERT INTO "monitoredBy" VALUES (1691, 1685);
INSERT INTO "Sensor" ("id") VALUES (1692);
UPDATE "Sensor" SET "region" = 1328 WHERE "id" = 1692;
INSERT INTO "monitoredBy" VALUES (1666, 1692);
INSERT INTO "requires" VALUES (1327, 1692);
INSERT INTO "TrackElement" ("id") VALUES (1693);
INSERT INTO "Segment" ("id", "length") VALUES (1693, 580);
UPDATE "TrackElement" SET "region" = 1328 WHERE "id" = 1693;
INSERT INTO "monitoredBy" VALUES (1693, 1692);
INSERT INTO "TrackElement" ("id") VALUES (1694);
INSERT INTO "Segment" ("id", "length") VALUES (1694, 352);
UPDATE "TrackElement" SET "region" = 1328 WHERE "id" = 1694;
INSERT INTO "monitoredBy" VALUES (1694, 1692);
INSERT INTO "TrackElement" ("id") VALUES (1695);
INSERT INTO "Segment" ("id", "length") VALUES (1695, 63);
UPDATE "TrackElement" SET "region" = 1328 WHERE "id" = 1695;
INSERT INTO "monitoredBy" VALUES (1695, 1692);
INSERT INTO "TrackElement" ("id") VALUES (1696);
INSERT INTO "Segment" ("id", "length") VALUES (1696, 992);
UPDATE "TrackElement" SET "region" = 1328 WHERE "id" = 1696;
INSERT INTO "monitoredBy" VALUES (1696, 1692);
INSERT INTO "TrackElement" ("id") VALUES (1697);
INSERT INTO "Segment" ("id", "length") VALUES (1697, 93);
UPDATE "TrackElement" SET "region" = 1328 WHERE "id" = 1697;
INSERT INTO "monitoredBy" VALUES (1697, 1692);
INSERT INTO "Sensor" ("id") VALUES (1698);
UPDATE "Sensor" SET "region" = 1328 WHERE "id" = 1698;
INSERT INTO "monitoredBy" VALUES (1666, 1698);
INSERT INTO "requires" VALUES (1327, 1698);
INSERT INTO "TrackElement" ("id") VALUES (1699);
INSERT INTO "Segment" ("id", "length") VALUES (1699, 104);
UPDATE "TrackElement" SET "region" = 1328 WHERE "id" = 1699;
INSERT INTO "monitoredBy" VALUES (1699, 1698);
INSERT INTO "TrackElement" ("id") VALUES (1700);
INSERT INTO "Segment" ("id", "length") VALUES (1700, 775);
UPDATE "TrackElement" SET "region" = 1328 WHERE "id" = 1700;
INSERT INTO "monitoredBy" VALUES (1700, 1698);
INSERT INTO "TrackElement" ("id") VALUES (1701);
INSERT INTO "Segment" ("id", "length") VALUES (1701, 247);
UPDATE "TrackElement" SET "region" = 1328 WHERE "id" = 1701;
INSERT INTO "monitoredBy" VALUES (1701, 1698);
INSERT INTO "TrackElement" ("id") VALUES (1702);
INSERT INTO "Segment" ("id", "length") VALUES (1702, 933);
UPDATE "TrackElement" SET "region" = 1328 WHERE "id" = 1702;
INSERT INTO "monitoredBy" VALUES (1702, 1698);
INSERT INTO "TrackElement" ("id") VALUES (1703);
INSERT INTO "Segment" ("id", "length") VALUES (1703, 345);
UPDATE "TrackElement" SET "region" = 1328 WHERE "id" = 1703;
INSERT INTO "monitoredBy" VALUES (1703, 1698);
INSERT INTO "Sensor" ("id") VALUES (1704);
UPDATE "Sensor" SET "region" = 1328 WHERE "id" = 1704;
INSERT INTO "monitoredBy" VALUES (1666, 1704);
INSERT INTO "requires" VALUES (1327, 1704);
INSERT INTO "TrackElement" ("id") VALUES (1705);
INSERT INTO "Segment" ("id", "length") VALUES (1705, 884);
UPDATE "TrackElement" SET "region" = 1328 WHERE "id" = 1705;
INSERT INTO "monitoredBy" VALUES (1705, 1704);
INSERT INTO "TrackElement" ("id") VALUES (1706);
INSERT INTO "Segment" ("id", "length") VALUES (1706, 578);
UPDATE "TrackElement" SET "region" = 1328 WHERE "id" = 1706;
INSERT INTO "monitoredBy" VALUES (1706, 1704);
INSERT INTO "TrackElement" ("id") VALUES (1707);
INSERT INTO "Segment" ("id", "length") VALUES (1707, 336);
UPDATE "TrackElement" SET "region" = 1328 WHERE "id" = 1707;
INSERT INTO "monitoredBy" VALUES (1707, 1704);
INSERT INTO "TrackElement" ("id") VALUES (1708);
INSERT INTO "Segment" ("id", "length") VALUES (1708, 541);
UPDATE "TrackElement" SET "region" = 1328 WHERE "id" = 1708;
INSERT INTO "monitoredBy" VALUES (1708, 1704);
INSERT INTO "TrackElement" ("id") VALUES (1709);
INSERT INTO "Segment" ("id", "length") VALUES (1709, 1000);
UPDATE "TrackElement" SET "region" = 1328 WHERE "id" = 1709;
INSERT INTO "monitoredBy" VALUES (1709, 1704);
INSERT INTO "Sensor" ("id") VALUES (1710);
UPDATE "Sensor" SET "region" = 1328 WHERE "id" = 1710;
INSERT INTO "monitoredBy" VALUES (1666, 1710);
INSERT INTO "requires" VALUES (1327, 1710);
INSERT INTO "TrackElement" ("id") VALUES (1711);
INSERT INTO "Segment" ("id", "length") VALUES (1711, 314);
UPDATE "TrackElement" SET "region" = 1328 WHERE "id" = 1711;
INSERT INTO "monitoredBy" VALUES (1711, 1710);
INSERT INTO "TrackElement" ("id") VALUES (1712);
INSERT INTO "Segment" ("id", "length") VALUES (1712, 290);
UPDATE "TrackElement" SET "region" = 1328 WHERE "id" = 1712;
INSERT INTO "monitoredBy" VALUES (1712, 1710);
INSERT INTO "TrackElement" ("id") VALUES (1713);
INSERT INTO "Segment" ("id", "length") VALUES (1713, 891);
UPDATE "TrackElement" SET "region" = 1328 WHERE "id" = 1713;
INSERT INTO "monitoredBy" VALUES (1713, 1710);
INSERT INTO "TrackElement" ("id") VALUES (1714);
INSERT INTO "Segment" ("id", "length") VALUES (1714, 874);
UPDATE "TrackElement" SET "region" = 1328 WHERE "id" = 1714;
INSERT INTO "monitoredBy" VALUES (1714, 1710);
INSERT INTO "TrackElement" ("id") VALUES (1715);
INSERT INTO "Segment" ("id", "length") VALUES (1715, 218);
UPDATE "TrackElement" SET "region" = 1328 WHERE "id" = 1715;
INSERT INTO "monitoredBy" VALUES (1715, 1710);
INSERT INTO "SwitchPosition" ("id", "position", "target") VALUES (1716, 1, 1666);
UPDATE "SwitchPosition" SET "route" = 1327 WHERE "id" = 1716;
INSERT INTO "TrackElement" ("id") VALUES (1717);
INSERT INTO "Switch" ("id", "currentPosition") VALUES (1717, 0);
UPDATE "TrackElement" SET "region" = 1328 WHERE "id" = 1717;
INSERT INTO "Sensor" ("id") VALUES (1718);
UPDATE "Sensor" SET "region" = 1328 WHERE "id" = 1718;
INSERT INTO "monitoredBy" VALUES (1717, 1718);
INSERT INTO "requires" VALUES (1327, 1718);
INSERT INTO "TrackElement" ("id") VALUES (1719);
INSERT INTO "Segment" ("id", "length") VALUES (1719, 940);
UPDATE "TrackElement" SET "region" = 1328 WHERE "id" = 1719;
INSERT INTO "monitoredBy" VALUES (1719, 1718);
INSERT INTO "TrackElement" ("id") VALUES (1720);
INSERT INTO "Segment" ("id", "length") VALUES (1720, 506);
UPDATE "TrackElement" SET "region" = 1328 WHERE "id" = 1720;
INSERT INTO "monitoredBy" VALUES (1720, 1718);
INSERT INTO "TrackElement" ("id") VALUES (1721);
INSERT INTO "Segment" ("id", "length") VALUES (1721, 904);
UPDATE "TrackElement" SET "region" = 1328 WHERE "id" = 1721;
INSERT INTO "monitoredBy" VALUES (1721, 1718);
INSERT INTO "TrackElement" ("id") VALUES (1722);
INSERT INTO "Segment" ("id", "length") VALUES (1722, 451);
UPDATE "TrackElement" SET "region" = 1328 WHERE "id" = 1722;
INSERT INTO "monitoredBy" VALUES (1722, 1718);
INSERT INTO "TrackElement" ("id") VALUES (1723);
INSERT INTO "Segment" ("id", "length") VALUES (1723, 563);
UPDATE "TrackElement" SET "region" = 1328 WHERE "id" = 1723;
INSERT INTO "monitoredBy" VALUES (1723, 1718);
INSERT INTO "Sensor" ("id") VALUES (1724);
UPDATE "Sensor" SET "region" = 1328 WHERE "id" = 1724;
INSERT INTO "TrackElement" ("id") VALUES (1725);
INSERT INTO "Segment" ("id", "length") VALUES (1725, 500);
UPDATE "TrackElement" SET "region" = 1328 WHERE "id" = 1725;
INSERT INTO "monitoredBy" VALUES (1725, 1724);
INSERT INTO "TrackElement" ("id") VALUES (1726);
INSERT INTO "Segment" ("id", "length") VALUES (1726, 870);
UPDATE "TrackElement" SET "region" = 1328 WHERE "id" = 1726;
INSERT INTO "monitoredBy" VALUES (1726, 1724);
INSERT INTO "TrackElement" ("id") VALUES (1727);
INSERT INTO "Segment" ("id", "length") VALUES (1727, 407);
UPDATE "TrackElement" SET "region" = 1328 WHERE "id" = 1727;
INSERT INTO "monitoredBy" VALUES (1727, 1724);
INSERT INTO "TrackElement" ("id") VALUES (1728);
INSERT INTO "Segment" ("id", "length") VALUES (1728, 753);
UPDATE "TrackElement" SET "region" = 1328 WHERE "id" = 1728;
INSERT INTO "monitoredBy" VALUES (1728, 1724);
INSERT INTO "TrackElement" ("id") VALUES (1729);
INSERT INTO "Segment" ("id", "length") VALUES (1729, 536);
UPDATE "TrackElement" SET "region" = 1328 WHERE "id" = 1729;
INSERT INTO "monitoredBy" VALUES (1729, 1724);
INSERT INTO "Sensor" ("id") VALUES (1730);
UPDATE "Sensor" SET "region" = 1328 WHERE "id" = 1730;
INSERT INTO "monitoredBy" VALUES (1717, 1730);
INSERT INTO "requires" VALUES (1327, 1730);
INSERT INTO "TrackElement" ("id") VALUES (1731);
INSERT INTO "Segment" ("id", "length") VALUES (1731, -326);
UPDATE "TrackElement" SET "region" = 1328 WHERE "id" = 1731;
INSERT INTO "monitoredBy" VALUES (1731, 1730);
INSERT INTO "TrackElement" ("id") VALUES (1732);
INSERT INTO "Segment" ("id", "length") VALUES (1732, 655);
UPDATE "TrackElement" SET "region" = 1328 WHERE "id" = 1732;
INSERT INTO "monitoredBy" VALUES (1732, 1730);
INSERT INTO "TrackElement" ("id") VALUES (1733);
INSERT INTO "Segment" ("id", "length") VALUES (1733, 188);
UPDATE "TrackElement" SET "region" = 1328 WHERE "id" = 1733;
INSERT INTO "monitoredBy" VALUES (1733, 1730);
INSERT INTO "TrackElement" ("id") VALUES (1734);
INSERT INTO "Segment" ("id", "length") VALUES (1734, 451);
UPDATE "TrackElement" SET "region" = 1328 WHERE "id" = 1734;
INSERT INTO "monitoredBy" VALUES (1734, 1730);
INSERT INTO "TrackElement" ("id") VALUES (1735);
INSERT INTO "Segment" ("id", "length") VALUES (1735, 845);
UPDATE "TrackElement" SET "region" = 1328 WHERE "id" = 1735;
INSERT INTO "monitoredBy" VALUES (1735, 1730);
INSERT INTO "Sensor" ("id") VALUES (1736);
UPDATE "Sensor" SET "region" = 1328 WHERE "id" = 1736;
INSERT INTO "monitoredBy" VALUES (1717, 1736);
INSERT INTO "requires" VALUES (1327, 1736);
INSERT INTO "TrackElement" ("id") VALUES (1737);
INSERT INTO "Segment" ("id", "length") VALUES (1737, -360);
UPDATE "TrackElement" SET "region" = 1328 WHERE "id" = 1737;
INSERT INTO "monitoredBy" VALUES (1737, 1736);
INSERT INTO "TrackElement" ("id") VALUES (1738);
INSERT INTO "Segment" ("id", "length") VALUES (1738, 28);
UPDATE "TrackElement" SET "region" = 1328 WHERE "id" = 1738;
INSERT INTO "monitoredBy" VALUES (1738, 1736);
INSERT INTO "TrackElement" ("id") VALUES (1739);
INSERT INTO "Segment" ("id", "length") VALUES (1739, 620);
UPDATE "TrackElement" SET "region" = 1328 WHERE "id" = 1739;
INSERT INTO "monitoredBy" VALUES (1739, 1736);
INSERT INTO "TrackElement" ("id") VALUES (1740);
INSERT INTO "Segment" ("id", "length") VALUES (1740, 839);
UPDATE "TrackElement" SET "region" = 1328 WHERE "id" = 1740;
INSERT INTO "monitoredBy" VALUES (1740, 1736);
INSERT INTO "TrackElement" ("id") VALUES (1741);
INSERT INTO "Segment" ("id", "length") VALUES (1741, 139);
UPDATE "TrackElement" SET "region" = 1328 WHERE "id" = 1741;
INSERT INTO "monitoredBy" VALUES (1741, 1736);
INSERT INTO "SwitchPosition" ("id", "position", "target") VALUES (1742, 0, 1717);
UPDATE "SwitchPosition" SET "route" = 1327 WHERE "id" = 1742;
INSERT INTO "TrackElement" ("id") VALUES (1743);
INSERT INTO "Switch" ("id", "currentPosition") VALUES (1743, 2);
UPDATE "TrackElement" SET "region" = 1328 WHERE "id" = 1743;
INSERT INTO "Sensor" ("id") VALUES (1744);
UPDATE "Sensor" SET "region" = 1328 WHERE "id" = 1744;
INSERT INTO "monitoredBy" VALUES (1743, 1744);
INSERT INTO "requires" VALUES (1327, 1744);
INSERT INTO "TrackElement" ("id") VALUES (1745);
INSERT INTO "Segment" ("id", "length") VALUES (1745, 549);
UPDATE "TrackElement" SET "region" = 1328 WHERE "id" = 1745;
INSERT INTO "monitoredBy" VALUES (1745, 1744);
INSERT INTO "TrackElement" ("id") VALUES (1746);
INSERT INTO "Segment" ("id", "length") VALUES (1746, 16);
UPDATE "TrackElement" SET "region" = 1328 WHERE "id" = 1746;
INSERT INTO "monitoredBy" VALUES (1746, 1744);
INSERT INTO "TrackElement" ("id") VALUES (1747);
INSERT INTO "Segment" ("id", "length") VALUES (1747, 774);
UPDATE "TrackElement" SET "region" = 1328 WHERE "id" = 1747;
INSERT INTO "monitoredBy" VALUES (1747, 1744);
INSERT INTO "TrackElement" ("id") VALUES (1748);
INSERT INTO "Segment" ("id", "length") VALUES (1748, 717);
UPDATE "TrackElement" SET "region" = 1328 WHERE "id" = 1748;
INSERT INTO "monitoredBy" VALUES (1748, 1744);
INSERT INTO "TrackElement" ("id") VALUES (1749);
INSERT INTO "Segment" ("id", "length") VALUES (1749, 823);
UPDATE "TrackElement" SET "region" = 1328 WHERE "id" = 1749;
INSERT INTO "monitoredBy" VALUES (1749, 1744);
INSERT INTO "Sensor" ("id") VALUES (1750);
UPDATE "Sensor" SET "region" = 1328 WHERE "id" = 1750;
INSERT INTO "monitoredBy" VALUES (1743, 1750);
INSERT INTO "requires" VALUES (1327, 1750);
INSERT INTO "TrackElement" ("id") VALUES (1751);
INSERT INTO "Segment" ("id", "length") VALUES (1751, 6);
UPDATE "TrackElement" SET "region" = 1328 WHERE "id" = 1751;
INSERT INTO "monitoredBy" VALUES (1751, 1750);
INSERT INTO "TrackElement" ("id") VALUES (1752);
INSERT INTO "Segment" ("id", "length") VALUES (1752, 395);
UPDATE "TrackElement" SET "region" = 1328 WHERE "id" = 1752;
INSERT INTO "monitoredBy" VALUES (1752, 1750);
INSERT INTO "TrackElement" ("id") VALUES (1753);
INSERT INTO "Segment" ("id", "length") VALUES (1753, 375);
UPDATE "TrackElement" SET "region" = 1328 WHERE "id" = 1753;
INSERT INTO "monitoredBy" VALUES (1753, 1750);
INSERT INTO "TrackElement" ("id") VALUES (1754);
INSERT INTO "Segment" ("id", "length") VALUES (1754, 293);
UPDATE "TrackElement" SET "region" = 1328 WHERE "id" = 1754;
INSERT INTO "monitoredBy" VALUES (1754, 1750);
INSERT INTO "TrackElement" ("id") VALUES (1755);
INSERT INTO "Segment" ("id", "length") VALUES (1755, 495);
UPDATE "TrackElement" SET "region" = 1328 WHERE "id" = 1755;
INSERT INTO "monitoredBy" VALUES (1755, 1750);
INSERT INTO "Sensor" ("id") VALUES (1756);
UPDATE "Sensor" SET "region" = 1328 WHERE "id" = 1756;
INSERT INTO "monitoredBy" VALUES (1743, 1756);
INSERT INTO "requires" VALUES (1327, 1756);
INSERT INTO "TrackElement" ("id") VALUES (1757);
INSERT INTO "Segment" ("id", "length") VALUES (1757, 374);
UPDATE "TrackElement" SET "region" = 1328 WHERE "id" = 1757;
INSERT INTO "monitoredBy" VALUES (1757, 1756);
INSERT INTO "TrackElement" ("id") VALUES (1758);
INSERT INTO "Segment" ("id", "length") VALUES (1758, 670);
UPDATE "TrackElement" SET "region" = 1328 WHERE "id" = 1758;
INSERT INTO "monitoredBy" VALUES (1758, 1756);
INSERT INTO "TrackElement" ("id") VALUES (1759);
INSERT INTO "Segment" ("id", "length") VALUES (1759, 837);
UPDATE "TrackElement" SET "region" = 1328 WHERE "id" = 1759;
INSERT INTO "monitoredBy" VALUES (1759, 1756);
INSERT INTO "TrackElement" ("id") VALUES (1760);
INSERT INTO "Segment" ("id", "length") VALUES (1760, 38);
UPDATE "TrackElement" SET "region" = 1328 WHERE "id" = 1760;
INSERT INTO "monitoredBy" VALUES (1760, 1756);
INSERT INTO "TrackElement" ("id") VALUES (1761);
INSERT INTO "Segment" ("id", "length") VALUES (1761, 747);
UPDATE "TrackElement" SET "region" = 1328 WHERE "id" = 1761;
INSERT INTO "monitoredBy" VALUES (1761, 1756);
INSERT INTO "Sensor" ("id") VALUES (1762);
UPDATE "Sensor" SET "region" = 1328 WHERE "id" = 1762;
INSERT INTO "monitoredBy" VALUES (1743, 1762);
INSERT INTO "requires" VALUES (1327, 1762);
INSERT INTO "TrackElement" ("id") VALUES (1763);
INSERT INTO "Segment" ("id", "length") VALUES (1763, 838);
UPDATE "TrackElement" SET "region" = 1328 WHERE "id" = 1763;
INSERT INTO "monitoredBy" VALUES (1763, 1762);
INSERT INTO "TrackElement" ("id") VALUES (1764);
INSERT INTO "Segment" ("id", "length") VALUES (1764, 566);
UPDATE "TrackElement" SET "region" = 1328 WHERE "id" = 1764;
INSERT INTO "monitoredBy" VALUES (1764, 1762);
INSERT INTO "TrackElement" ("id") VALUES (1765);
INSERT INTO "Segment" ("id", "length") VALUES (1765, 882);
UPDATE "TrackElement" SET "region" = 1328 WHERE "id" = 1765;
INSERT INTO "monitoredBy" VALUES (1765, 1762);
INSERT INTO "TrackElement" ("id") VALUES (1766);
INSERT INTO "Segment" ("id", "length") VALUES (1766, 959);
UPDATE "TrackElement" SET "region" = 1328 WHERE "id" = 1766;
INSERT INTO "monitoredBy" VALUES (1766, 1762);
INSERT INTO "TrackElement" ("id") VALUES (1767);
INSERT INTO "Segment" ("id", "length") VALUES (1767, 793);
UPDATE "TrackElement" SET "region" = 1328 WHERE "id" = 1767;
INSERT INTO "monitoredBy" VALUES (1767, 1762);
INSERT INTO "Sensor" ("id") VALUES (1768);
UPDATE "Sensor" SET "region" = 1328 WHERE "id" = 1768;
INSERT INTO "monitoredBy" VALUES (1743, 1768);
INSERT INTO "requires" VALUES (1327, 1768);
INSERT INTO "TrackElement" ("id") VALUES (1769);
INSERT INTO "Segment" ("id", "length") VALUES (1769, 997);
UPDATE "TrackElement" SET "region" = 1328 WHERE "id" = 1769;
INSERT INTO "monitoredBy" VALUES (1769, 1768);
INSERT INTO "TrackElement" ("id") VALUES (1770);
INSERT INTO "Segment" ("id", "length") VALUES (1770, 1000);
UPDATE "TrackElement" SET "region" = 1328 WHERE "id" = 1770;
INSERT INTO "monitoredBy" VALUES (1770, 1768);
INSERT INTO "TrackElement" ("id") VALUES (1771);
INSERT INTO "Segment" ("id", "length") VALUES (1771, 854);
UPDATE "TrackElement" SET "region" = 1328 WHERE "id" = 1771;
INSERT INTO "monitoredBy" VALUES (1771, 1768);
INSERT INTO "TrackElement" ("id") VALUES (1772);
INSERT INTO "Segment" ("id", "length") VALUES (1772, 368);
UPDATE "TrackElement" SET "region" = 1328 WHERE "id" = 1772;
INSERT INTO "monitoredBy" VALUES (1772, 1768);
INSERT INTO "TrackElement" ("id") VALUES (1773);
INSERT INTO "Segment" ("id", "length") VALUES (1773, 526);
UPDATE "TrackElement" SET "region" = 1328 WHERE "id" = 1773;
INSERT INTO "monitoredBy" VALUES (1773, 1768);
INSERT INTO "Sensor" ("id") VALUES (1774);
UPDATE "Sensor" SET "region" = 1328 WHERE "id" = 1774;
INSERT INTO "monitoredBy" VALUES (1743, 1774);
INSERT INTO "requires" VALUES (1327, 1774);
INSERT INTO "TrackElement" ("id") VALUES (1775);
INSERT INTO "Segment" ("id", "length") VALUES (1775, 58);
UPDATE "TrackElement" SET "region" = 1328 WHERE "id" = 1775;
INSERT INTO "monitoredBy" VALUES (1775, 1774);
INSERT INTO "TrackElement" ("id") VALUES (1776);
INSERT INTO "Segment" ("id", "length") VALUES (1776, 920);
UPDATE "TrackElement" SET "region" = 1328 WHERE "id" = 1776;
INSERT INTO "monitoredBy" VALUES (1776, 1774);
INSERT INTO "TrackElement" ("id") VALUES (1777);
INSERT INTO "Segment" ("id", "length") VALUES (1777, 684);
UPDATE "TrackElement" SET "region" = 1328 WHERE "id" = 1777;
INSERT INTO "monitoredBy" VALUES (1777, 1774);
INSERT INTO "TrackElement" ("id") VALUES (1778);
INSERT INTO "Segment" ("id", "length") VALUES (1778, 685);
UPDATE "TrackElement" SET "region" = 1328 WHERE "id" = 1778;
INSERT INTO "monitoredBy" VALUES (1778, 1774);
INSERT INTO "TrackElement" ("id") VALUES (1779);
INSERT INTO "Segment" ("id", "length") VALUES (1779, 882);
UPDATE "TrackElement" SET "region" = 1328 WHERE "id" = 1779;
INSERT INTO "monitoredBy" VALUES (1779, 1774);
INSERT INTO "Sensor" ("id") VALUES (1780);
UPDATE "Sensor" SET "region" = 1328 WHERE "id" = 1780;
INSERT INTO "monitoredBy" VALUES (1743, 1780);
INSERT INTO "requires" VALUES (1327, 1780);
INSERT INTO "TrackElement" ("id") VALUES (1781);
INSERT INTO "Segment" ("id", "length") VALUES (1781, 366);
UPDATE "TrackElement" SET "region" = 1328 WHERE "id" = 1781;
INSERT INTO "monitoredBy" VALUES (1781, 1780);
INSERT INTO "TrackElement" ("id") VALUES (1782);
INSERT INTO "Segment" ("id", "length") VALUES (1782, 835);
UPDATE "TrackElement" SET "region" = 1328 WHERE "id" = 1782;
INSERT INTO "monitoredBy" VALUES (1782, 1780);
INSERT INTO "TrackElement" ("id") VALUES (1783);
INSERT INTO "Segment" ("id", "length") VALUES (1783, 967);
UPDATE "TrackElement" SET "region" = 1328 WHERE "id" = 1783;
INSERT INTO "monitoredBy" VALUES (1783, 1780);
INSERT INTO "TrackElement" ("id") VALUES (1784);
INSERT INTO "Segment" ("id", "length") VALUES (1784, 380);
UPDATE "TrackElement" SET "region" = 1328 WHERE "id" = 1784;
INSERT INTO "monitoredBy" VALUES (1784, 1780);
INSERT INTO "TrackElement" ("id") VALUES (1785);
INSERT INTO "Segment" ("id", "length") VALUES (1785, 140);
UPDATE "TrackElement" SET "region" = 1328 WHERE "id" = 1785;
INSERT INTO "monitoredBy" VALUES (1785, 1780);
INSERT INTO "Sensor" ("id") VALUES (1786);
UPDATE "Sensor" SET "region" = 1328 WHERE "id" = 1786;
INSERT INTO "monitoredBy" VALUES (1743, 1786);
INSERT INTO "requires" VALUES (1327, 1786);
INSERT INTO "TrackElement" ("id") VALUES (1787);
INSERT INTO "Segment" ("id", "length") VALUES (1787, 64);
UPDATE "TrackElement" SET "region" = 1328 WHERE "id" = 1787;
INSERT INTO "monitoredBy" VALUES (1787, 1786);
INSERT INTO "TrackElement" ("id") VALUES (1788);
INSERT INTO "Segment" ("id", "length") VALUES (1788, 986);
UPDATE "TrackElement" SET "region" = 1328 WHERE "id" = 1788;
INSERT INTO "monitoredBy" VALUES (1788, 1786);
INSERT INTO "TrackElement" ("id") VALUES (1789);
INSERT INTO "Segment" ("id", "length") VALUES (1789, 585);
UPDATE "TrackElement" SET "region" = 1328 WHERE "id" = 1789;
INSERT INTO "monitoredBy" VALUES (1789, 1786);
INSERT INTO "TrackElement" ("id") VALUES (1790);
INSERT INTO "Segment" ("id", "length") VALUES (1790, 606);
UPDATE "TrackElement" SET "region" = 1328 WHERE "id" = 1790;
INSERT INTO "monitoredBy" VALUES (1790, 1786);
INSERT INTO "TrackElement" ("id") VALUES (1791);
INSERT INTO "Segment" ("id", "length") VALUES (1791, 632);
UPDATE "TrackElement" SET "region" = 1328 WHERE "id" = 1791;
INSERT INTO "monitoredBy" VALUES (1791, 1786);
INSERT INTO "TrackElement" ("id") VALUES (1792);
INSERT INTO "Segment" ("id", "length") VALUES (1792, 900);
UPDATE "TrackElement" SET "region" = 1328 WHERE "id" = 1792;
INSERT INTO "monitoredBy" VALUES (1792, 1786);
INSERT INTO "SwitchPosition" ("id", "position", "target") VALUES (1793, 2, 1743);
UPDATE "SwitchPosition" SET "route" = 1327 WHERE "id" = 1793;
INSERT INTO "TrackElement" ("id") VALUES (1794);
INSERT INTO "Switch" ("id", "currentPosition") VALUES (1794, 1);
UPDATE "TrackElement" SET "region" = 1328 WHERE "id" = 1794;
INSERT INTO "Sensor" ("id") VALUES (1795);
UPDATE "Sensor" SET "region" = 1328 WHERE "id" = 1795;
INSERT INTO "monitoredBy" VALUES (1794, 1795);
INSERT INTO "requires" VALUES (1327, 1795);
INSERT INTO "TrackElement" ("id") VALUES (1796);
INSERT INTO "Segment" ("id", "length") VALUES (1796, 189);
UPDATE "TrackElement" SET "region" = 1328 WHERE "id" = 1796;
INSERT INTO "monitoredBy" VALUES (1796, 1795);
INSERT INTO "TrackElement" ("id") VALUES (1797);
INSERT INTO "Segment" ("id", "length") VALUES (1797, 772);
UPDATE "TrackElement" SET "region" = 1328 WHERE "id" = 1797;
INSERT INTO "monitoredBy" VALUES (1797, 1795);
INSERT INTO "TrackElement" ("id") VALUES (1798);
INSERT INTO "Segment" ("id", "length") VALUES (1798, 196);
UPDATE "TrackElement" SET "region" = 1328 WHERE "id" = 1798;
INSERT INTO "monitoredBy" VALUES (1798, 1795);
INSERT INTO "TrackElement" ("id") VALUES (1799);
INSERT INTO "Segment" ("id", "length") VALUES (1799, 242);
UPDATE "TrackElement" SET "region" = 1328 WHERE "id" = 1799;
INSERT INTO "monitoredBy" VALUES (1799, 1795);
INSERT INTO "TrackElement" ("id") VALUES (1800);
INSERT INTO "Segment" ("id", "length") VALUES (1800, 236);
UPDATE "TrackElement" SET "region" = 1328 WHERE "id" = 1800;
INSERT INTO "monitoredBy" VALUES (1800, 1795);
INSERT INTO "SwitchPosition" ("id", "position", "target") VALUES (1801, 1, 1794);
UPDATE "SwitchPosition" SET "route" = 1327 WHERE "id" = 1801;
INSERT INTO "TrackElement" ("id") VALUES (1802);
INSERT INTO "Switch" ("id", "currentPosition") VALUES (1802, 0);
UPDATE "TrackElement" SET "region" = 1328 WHERE "id" = 1802;
INSERT INTO "Sensor" ("id") VALUES (1803);
UPDATE "Sensor" SET "region" = 1328 WHERE "id" = 1803;
INSERT INTO "monitoredBy" VALUES (1802, 1803);
INSERT INTO "TrackElement" ("id") VALUES (1804);
INSERT INTO "Segment" ("id", "length") VALUES (1804, 405);
UPDATE "TrackElement" SET "region" = 1328 WHERE "id" = 1804;
INSERT INTO "monitoredBy" VALUES (1804, 1803);
INSERT INTO "TrackElement" ("id") VALUES (1805);
INSERT INTO "Segment" ("id", "length") VALUES (1805, 992);
UPDATE "TrackElement" SET "region" = 1328 WHERE "id" = 1805;
INSERT INTO "monitoredBy" VALUES (1805, 1803);
INSERT INTO "TrackElement" ("id") VALUES (1806);
INSERT INTO "Segment" ("id", "length") VALUES (1806, 127);
UPDATE "TrackElement" SET "region" = 1328 WHERE "id" = 1806;
INSERT INTO "monitoredBy" VALUES (1806, 1803);
INSERT INTO "TrackElement" ("id") VALUES (1807);
INSERT INTO "Segment" ("id", "length") VALUES (1807, 779);
UPDATE "TrackElement" SET "region" = 1328 WHERE "id" = 1807;
INSERT INTO "monitoredBy" VALUES (1807, 1803);
INSERT INTO "TrackElement" ("id") VALUES (1808);
INSERT INTO "Segment" ("id", "length") VALUES (1808, 275);
UPDATE "TrackElement" SET "region" = 1328 WHERE "id" = 1808;
INSERT INTO "monitoredBy" VALUES (1808, 1803);
INSERT INTO "Sensor" ("id") VALUES (1809);
UPDATE "Sensor" SET "region" = 1328 WHERE "id" = 1809;
INSERT INTO "monitoredBy" VALUES (1802, 1809);
INSERT INTO "requires" VALUES (1327, 1809);
INSERT INTO "TrackElement" ("id") VALUES (1810);
INSERT INTO "Segment" ("id", "length") VALUES (1810, 435);
UPDATE "TrackElement" SET "region" = 1328 WHERE "id" = 1810;
INSERT INTO "monitoredBy" VALUES (1810, 1809);
INSERT INTO "TrackElement" ("id") VALUES (1811);
INSERT INTO "Segment" ("id", "length") VALUES (1811, 756);
UPDATE "TrackElement" SET "region" = 1328 WHERE "id" = 1811;
INSERT INTO "monitoredBy" VALUES (1811, 1809);
INSERT INTO "TrackElement" ("id") VALUES (1812);
INSERT INTO "Segment" ("id", "length") VALUES (1812, 553);
UPDATE "TrackElement" SET "region" = 1328 WHERE "id" = 1812;
INSERT INTO "monitoredBy" VALUES (1812, 1809);
INSERT INTO "TrackElement" ("id") VALUES (1813);
INSERT INTO "Segment" ("id", "length") VALUES (1813, 675);
UPDATE "TrackElement" SET "region" = 1328 WHERE "id" = 1813;
INSERT INTO "monitoredBy" VALUES (1813, 1809);
INSERT INTO "TrackElement" ("id") VALUES (1814);
INSERT INTO "Segment" ("id", "length") VALUES (1814, 855);
UPDATE "TrackElement" SET "region" = 1328 WHERE "id" = 1814;
INSERT INTO "monitoredBy" VALUES (1814, 1809);
INSERT INTO "Sensor" ("id") VALUES (1815);
UPDATE "Sensor" SET "region" = 1328 WHERE "id" = 1815;
INSERT INTO "TrackElement" ("id") VALUES (1816);
INSERT INTO "Segment" ("id", "length") VALUES (1816, 353);
UPDATE "TrackElement" SET "region" = 1328 WHERE "id" = 1816;
INSERT INTO "monitoredBy" VALUES (1816, 1815);
INSERT INTO "TrackElement" ("id") VALUES (1817);
INSERT INTO "Segment" ("id", "length") VALUES (1817, 974);
UPDATE "TrackElement" SET "region" = 1328 WHERE "id" = 1817;
INSERT INTO "monitoredBy" VALUES (1817, 1815);
INSERT INTO "TrackElement" ("id") VALUES (1818);
INSERT INTO "Segment" ("id", "length") VALUES (1818, 412);
UPDATE "TrackElement" SET "region" = 1328 WHERE "id" = 1818;
INSERT INTO "monitoredBy" VALUES (1818, 1815);
INSERT INTO "TrackElement" ("id") VALUES (1819);
INSERT INTO "Segment" ("id", "length") VALUES (1819, 645);
UPDATE "TrackElement" SET "region" = 1328 WHERE "id" = 1819;
INSERT INTO "monitoredBy" VALUES (1819, 1815);
INSERT INTO "TrackElement" ("id") VALUES (1820);
INSERT INTO "Segment" ("id", "length") VALUES (1820, 493);
UPDATE "TrackElement" SET "region" = 1328 WHERE "id" = 1820;
INSERT INTO "monitoredBy" VALUES (1820, 1815);
INSERT INTO "Sensor" ("id") VALUES (1821);
UPDATE "Sensor" SET "region" = 1328 WHERE "id" = 1821;
INSERT INTO "monitoredBy" VALUES (1802, 1821);
INSERT INTO "requires" VALUES (1327, 1821);
INSERT INTO "TrackElement" ("id") VALUES (1822);
INSERT INTO "Segment" ("id", "length") VALUES (1822, 628);
UPDATE "TrackElement" SET "region" = 1328 WHERE "id" = 1822;
INSERT INTO "monitoredBy" VALUES (1822, 1821);
INSERT INTO "TrackElement" ("id") VALUES (1823);
INSERT INTO "Segment" ("id", "length") VALUES (1823, 901);
UPDATE "TrackElement" SET "region" = 1328 WHERE "id" = 1823;
INSERT INTO "monitoredBy" VALUES (1823, 1821);
INSERT INTO "TrackElement" ("id") VALUES (1824);
INSERT INTO "Segment" ("id", "length") VALUES (1824, 245);
UPDATE "TrackElement" SET "region" = 1328 WHERE "id" = 1824;
INSERT INTO "monitoredBy" VALUES (1824, 1821);
INSERT INTO "TrackElement" ("id") VALUES (1825);
INSERT INTO "Segment" ("id", "length") VALUES (1825, 966);
UPDATE "TrackElement" SET "region" = 1328 WHERE "id" = 1825;
INSERT INTO "monitoredBy" VALUES (1825, 1821);
INSERT INTO "TrackElement" ("id") VALUES (1826);
INSERT INTO "Segment" ("id", "length") VALUES (1826, 829);
UPDATE "TrackElement" SET "region" = 1328 WHERE "id" = 1826;
INSERT INTO "monitoredBy" VALUES (1826, 1821);
INSERT INTO "SwitchPosition" ("id", "position", "target") VALUES (1827, 0, 1802);
UPDATE "SwitchPosition" SET "route" = 1327 WHERE "id" = 1827;
INSERT INTO "TrackElement" ("id") VALUES (1828);
INSERT INTO "Switch" ("id", "currentPosition") VALUES (1828, 2);
UPDATE "TrackElement" SET "region" = 1328 WHERE "id" = 1828;
INSERT INTO "Sensor" ("id") VALUES (1829);
UPDATE "Sensor" SET "region" = 1328 WHERE "id" = 1829;
INSERT INTO "monitoredBy" VALUES (1828, 1829);
INSERT INTO "requires" VALUES (1327, 1829);
INSERT INTO "TrackElement" ("id") VALUES (1830);
INSERT INTO "Segment" ("id", "length") VALUES (1830, 117);
UPDATE "TrackElement" SET "region" = 1328 WHERE "id" = 1830;
INSERT INTO "monitoredBy" VALUES (1830, 1829);
INSERT INTO "TrackElement" ("id") VALUES (1831);
INSERT INTO "Segment" ("id", "length") VALUES (1831, 953);
UPDATE "TrackElement" SET "region" = 1328 WHERE "id" = 1831;
INSERT INTO "monitoredBy" VALUES (1831, 1829);
INSERT INTO "TrackElement" ("id") VALUES (1832);
INSERT INTO "Segment" ("id", "length") VALUES (1832, 658);
UPDATE "TrackElement" SET "region" = 1328 WHERE "id" = 1832;
INSERT INTO "monitoredBy" VALUES (1832, 1829);
INSERT INTO "TrackElement" ("id") VALUES (1833);
INSERT INTO "Segment" ("id", "length") VALUES (1833, 613);
UPDATE "TrackElement" SET "region" = 1328 WHERE "id" = 1833;
INSERT INTO "monitoredBy" VALUES (1833, 1829);
INSERT INTO "TrackElement" ("id") VALUES (1834);
INSERT INTO "Segment" ("id", "length") VALUES (1834, 400);
UPDATE "TrackElement" SET "region" = 1328 WHERE "id" = 1834;
INSERT INTO "monitoredBy" VALUES (1834, 1829);
INSERT INTO "Sensor" ("id") VALUES (1835);
UPDATE "Sensor" SET "region" = 1328 WHERE "id" = 1835;
INSERT INTO "monitoredBy" VALUES (1828, 1835);
INSERT INTO "requires" VALUES (1327, 1835);
INSERT INTO "TrackElement" ("id") VALUES (1836);
INSERT INTO "Segment" ("id", "length") VALUES (1836, 383);
UPDATE "TrackElement" SET "region" = 1328 WHERE "id" = 1836;
INSERT INTO "monitoredBy" VALUES (1836, 1835);
INSERT INTO "TrackElement" ("id") VALUES (1837);
INSERT INTO "Segment" ("id", "length") VALUES (1837, 738);
UPDATE "TrackElement" SET "region" = 1328 WHERE "id" = 1837;
INSERT INTO "monitoredBy" VALUES (1837, 1835);
INSERT INTO "TrackElement" ("id") VALUES (1838);
INSERT INTO "Segment" ("id", "length") VALUES (1838, 77);
UPDATE "TrackElement" SET "region" = 1328 WHERE "id" = 1838;
INSERT INTO "monitoredBy" VALUES (1838, 1835);
INSERT INTO "TrackElement" ("id") VALUES (1839);
INSERT INTO "Segment" ("id", "length") VALUES (1839, 551);
UPDATE "TrackElement" SET "region" = 1328 WHERE "id" = 1839;
INSERT INTO "monitoredBy" VALUES (1839, 1835);
INSERT INTO "TrackElement" ("id") VALUES (1840);
INSERT INTO "Segment" ("id", "length") VALUES (1840, 958);
UPDATE "TrackElement" SET "region" = 1328 WHERE "id" = 1840;
INSERT INTO "monitoredBy" VALUES (1840, 1835);
INSERT INTO "Sensor" ("id") VALUES (1841);
UPDATE "Sensor" SET "region" = 1328 WHERE "id" = 1841;
INSERT INTO "monitoredBy" VALUES (1828, 1841);
INSERT INTO "requires" VALUES (1327, 1841);
INSERT INTO "TrackElement" ("id") VALUES (1842);
INSERT INTO "Segment" ("id", "length") VALUES (1842, 461);
UPDATE "TrackElement" SET "region" = 1328 WHERE "id" = 1842;
INSERT INTO "monitoredBy" VALUES (1842, 1841);
INSERT INTO "TrackElement" ("id") VALUES (1843);
INSERT INTO "Segment" ("id", "length") VALUES (1843, 209);
UPDATE "TrackElement" SET "region" = 1328 WHERE "id" = 1843;
INSERT INTO "monitoredBy" VALUES (1843, 1841);
INSERT INTO "TrackElement" ("id") VALUES (1844);
INSERT INTO "Segment" ("id", "length") VALUES (1844, 778);
UPDATE "TrackElement" SET "region" = 1328 WHERE "id" = 1844;
INSERT INTO "monitoredBy" VALUES (1844, 1841);
INSERT INTO "TrackElement" ("id") VALUES (1845);
INSERT INTO "Segment" ("id", "length") VALUES (1845, 7);
UPDATE "TrackElement" SET "region" = 1328 WHERE "id" = 1845;
INSERT INTO "monitoredBy" VALUES (1845, 1841);
INSERT INTO "TrackElement" ("id") VALUES (1846);
INSERT INTO "Segment" ("id", "length") VALUES (1846, 484);
UPDATE "TrackElement" SET "region" = 1328 WHERE "id" = 1846;
INSERT INTO "monitoredBy" VALUES (1846, 1841);
INSERT INTO "Sensor" ("id") VALUES (1847);
UPDATE "Sensor" SET "region" = 1328 WHERE "id" = 1847;
INSERT INTO "monitoredBy" VALUES (1828, 1847);
INSERT INTO "requires" VALUES (1327, 1847);
INSERT INTO "TrackElement" ("id") VALUES (1848);
INSERT INTO "Segment" ("id", "length") VALUES (1848, 890);
UPDATE "TrackElement" SET "region" = 1328 WHERE "id" = 1848;
INSERT INTO "monitoredBy" VALUES (1848, 1847);
INSERT INTO "TrackElement" ("id") VALUES (1849);
INSERT INTO "Segment" ("id", "length") VALUES (1849, 141);
UPDATE "TrackElement" SET "region" = 1328 WHERE "id" = 1849;
INSERT INTO "monitoredBy" VALUES (1849, 1847);
INSERT INTO "TrackElement" ("id") VALUES (1850);
INSERT INTO "Segment" ("id", "length") VALUES (1850, 608);
UPDATE "TrackElement" SET "region" = 1328 WHERE "id" = 1850;
INSERT INTO "monitoredBy" VALUES (1850, 1847);
INSERT INTO "TrackElement" ("id") VALUES (1851);
INSERT INTO "Segment" ("id", "length") VALUES (1851, 469);
UPDATE "TrackElement" SET "region" = 1328 WHERE "id" = 1851;
INSERT INTO "monitoredBy" VALUES (1851, 1847);
INSERT INTO "TrackElement" ("id") VALUES (1852);
INSERT INTO "Segment" ("id", "length") VALUES (1852, 510);
UPDATE "TrackElement" SET "region" = 1328 WHERE "id" = 1852;
INSERT INTO "monitoredBy" VALUES (1852, 1847);
INSERT INTO "Sensor" ("id") VALUES (1853);
UPDATE "Sensor" SET "region" = 1328 WHERE "id" = 1853;
INSERT INTO "monitoredBy" VALUES (1828, 1853);
INSERT INTO "requires" VALUES (1327, 1853);
INSERT INTO "TrackElement" ("id") VALUES (1854);
INSERT INTO "Segment" ("id", "length") VALUES (1854, 963);
UPDATE "TrackElement" SET "region" = 1328 WHERE "id" = 1854;
INSERT INTO "monitoredBy" VALUES (1854, 1853);
INSERT INTO "TrackElement" ("id") VALUES (1855);
INSERT INTO "Segment" ("id", "length") VALUES (1855, 916);
UPDATE "TrackElement" SET "region" = 1328 WHERE "id" = 1855;
INSERT INTO "monitoredBy" VALUES (1855, 1853);
INSERT INTO "TrackElement" ("id") VALUES (1856);
INSERT INTO "Segment" ("id", "length") VALUES (1856, 333);
UPDATE "TrackElement" SET "region" = 1328 WHERE "id" = 1856;
INSERT INTO "monitoredBy" VALUES (1856, 1853);
INSERT INTO "TrackElement" ("id") VALUES (1857);
INSERT INTO "Segment" ("id", "length") VALUES (1857, 747);
UPDATE "TrackElement" SET "region" = 1328 WHERE "id" = 1857;
INSERT INTO "monitoredBy" VALUES (1857, 1853);
INSERT INTO "TrackElement" ("id") VALUES (1858);
INSERT INTO "Segment" ("id", "length") VALUES (1858, 827);
UPDATE "TrackElement" SET "region" = 1328 WHERE "id" = 1858;
INSERT INTO "monitoredBy" VALUES (1858, 1853);
INSERT INTO "Sensor" ("id") VALUES (1859);
UPDATE "Sensor" SET "region" = 1328 WHERE "id" = 1859;
INSERT INTO "monitoredBy" VALUES (1828, 1859);
INSERT INTO "requires" VALUES (1327, 1859);
INSERT INTO "TrackElement" ("id") VALUES (1860);
INSERT INTO "Segment" ("id", "length") VALUES (1860, 47);
UPDATE "TrackElement" SET "region" = 1328 WHERE "id" = 1860;
INSERT INTO "monitoredBy" VALUES (1860, 1859);
INSERT INTO "TrackElement" ("id") VALUES (1861);
INSERT INTO "Segment" ("id", "length") VALUES (1861, 324);
UPDATE "TrackElement" SET "region" = 1328 WHERE "id" = 1861;
INSERT INTO "monitoredBy" VALUES (1861, 1859);
INSERT INTO "TrackElement" ("id") VALUES (1862);
INSERT INTO "Segment" ("id", "length") VALUES (1862, 113);
UPDATE "TrackElement" SET "region" = 1328 WHERE "id" = 1862;
INSERT INTO "monitoredBy" VALUES (1862, 1859);
INSERT INTO "TrackElement" ("id") VALUES (1863);
INSERT INTO "Segment" ("id", "length") VALUES (1863, 399);
UPDATE "TrackElement" SET "region" = 1328 WHERE "id" = 1863;
INSERT INTO "monitoredBy" VALUES (1863, 1859);
INSERT INTO "TrackElement" ("id") VALUES (1864);
INSERT INTO "Segment" ("id", "length") VALUES (1864, 394);
UPDATE "TrackElement" SET "region" = 1328 WHERE "id" = 1864;
INSERT INTO "monitoredBy" VALUES (1864, 1859);
INSERT INTO "Sensor" ("id") VALUES (1865);
UPDATE "Sensor" SET "region" = 1328 WHERE "id" = 1865;
INSERT INTO "monitoredBy" VALUES (1828, 1865);
INSERT INTO "requires" VALUES (1327, 1865);
INSERT INTO "TrackElement" ("id") VALUES (1866);
INSERT INTO "Segment" ("id", "length") VALUES (1866, 153);
UPDATE "TrackElement" SET "region" = 1328 WHERE "id" = 1866;
INSERT INTO "monitoredBy" VALUES (1866, 1865);
INSERT INTO "TrackElement" ("id") VALUES (1867);
INSERT INTO "Segment" ("id", "length") VALUES (1867, 662);
UPDATE "TrackElement" SET "region" = 1328 WHERE "id" = 1867;
INSERT INTO "monitoredBy" VALUES (1867, 1865);
INSERT INTO "TrackElement" ("id") VALUES (1868);
INSERT INTO "Segment" ("id", "length") VALUES (1868, 166);
UPDATE "TrackElement" SET "region" = 1328 WHERE "id" = 1868;
INSERT INTO "monitoredBy" VALUES (1868, 1865);
INSERT INTO "TrackElement" ("id") VALUES (1869);
INSERT INTO "Segment" ("id", "length") VALUES (1869, 424);
UPDATE "TrackElement" SET "region" = 1328 WHERE "id" = 1869;
INSERT INTO "monitoredBy" VALUES (1869, 1865);
INSERT INTO "TrackElement" ("id") VALUES (1870);
INSERT INTO "Segment" ("id", "length") VALUES (1870, 83);
UPDATE "TrackElement" SET "region" = 1328 WHERE "id" = 1870;
INSERT INTO "monitoredBy" VALUES (1870, 1865);
INSERT INTO "Sensor" ("id") VALUES (1871);
UPDATE "Sensor" SET "region" = 1328 WHERE "id" = 1871;
INSERT INTO "monitoredBy" VALUES (1828, 1871);
INSERT INTO "requires" VALUES (1327, 1871);
INSERT INTO "TrackElement" ("id") VALUES (1872);
INSERT INTO "Segment" ("id", "length") VALUES (1872, 515);
UPDATE "TrackElement" SET "region" = 1328 WHERE "id" = 1872;
INSERT INTO "monitoredBy" VALUES (1872, 1871);
INSERT INTO "TrackElement" ("id") VALUES (1873);
INSERT INTO "Segment" ("id", "length") VALUES (1873, 397);
UPDATE "TrackElement" SET "region" = 1328 WHERE "id" = 1873;
INSERT INTO "monitoredBy" VALUES (1873, 1871);
INSERT INTO "TrackElement" ("id") VALUES (1874);
INSERT INTO "Segment" ("id", "length") VALUES (1874, 867);
UPDATE "TrackElement" SET "region" = 1328 WHERE "id" = 1874;
INSERT INTO "monitoredBy" VALUES (1874, 1871);
INSERT INTO "TrackElement" ("id") VALUES (1875);
INSERT INTO "Segment" ("id", "length") VALUES (1875, 781);
UPDATE "TrackElement" SET "region" = 1328 WHERE "id" = 1875;
INSERT INTO "monitoredBy" VALUES (1875, 1871);
INSERT INTO "TrackElement" ("id") VALUES (1876);
INSERT INTO "Segment" ("id", "length") VALUES (1876, 941);
UPDATE "TrackElement" SET "region" = 1328 WHERE "id" = 1876;
INSERT INTO "monitoredBy" VALUES (1876, 1871);
INSERT INTO "SwitchPosition" ("id", "position", "target") VALUES (1877, 2, 1828);
UPDATE "SwitchPosition" SET "route" = 1327 WHERE "id" = 1877;
INSERT INTO "TrackElement" ("id") VALUES (1878);
INSERT INTO "Switch" ("id", "currentPosition") VALUES (1878, 1);
UPDATE "TrackElement" SET "region" = 1328 WHERE "id" = 1878;
INSERT INTO "Sensor" ("id") VALUES (1879);
UPDATE "Sensor" SET "region" = 1328 WHERE "id" = 1879;
INSERT INTO "monitoredBy" VALUES (1878, 1879);
INSERT INTO "requires" VALUES (1327, 1879);
INSERT INTO "TrackElement" ("id") VALUES (1880);
INSERT INTO "Segment" ("id", "length") VALUES (1880, 728);
UPDATE "TrackElement" SET "region" = 1328 WHERE "id" = 1880;
INSERT INTO "monitoredBy" VALUES (1880, 1879);
INSERT INTO "TrackElement" ("id") VALUES (1881);
INSERT INTO "Segment" ("id", "length") VALUES (1881, 29);
UPDATE "TrackElement" SET "region" = 1328 WHERE "id" = 1881;
INSERT INTO "monitoredBy" VALUES (1881, 1879);
INSERT INTO "TrackElement" ("id") VALUES (1882);
INSERT INTO "Segment" ("id", "length") VALUES (1882, 250);
UPDATE "TrackElement" SET "region" = 1328 WHERE "id" = 1882;
INSERT INTO "monitoredBy" VALUES (1882, 1879);
INSERT INTO "TrackElement" ("id") VALUES (1883);
INSERT INTO "Segment" ("id", "length") VALUES (1883, 901);
UPDATE "TrackElement" SET "region" = 1328 WHERE "id" = 1883;
INSERT INTO "monitoredBy" VALUES (1883, 1879);
INSERT INTO "TrackElement" ("id") VALUES (1884);
INSERT INTO "Segment" ("id", "length") VALUES (1884, 9);
UPDATE "TrackElement" SET "region" = 1328 WHERE "id" = 1884;
INSERT INTO "monitoredBy" VALUES (1884, 1879);
INSERT INTO "Sensor" ("id") VALUES (1885);
UPDATE "Sensor" SET "region" = 1328 WHERE "id" = 1885;
INSERT INTO "monitoredBy" VALUES (1878, 1885);
INSERT INTO "requires" VALUES (1327, 1885);
INSERT INTO "TrackElement" ("id") VALUES (1886);
INSERT INTO "Segment" ("id", "length") VALUES (1886, 346);
UPDATE "TrackElement" SET "region" = 1328 WHERE "id" = 1886;
INSERT INTO "monitoredBy" VALUES (1886, 1885);
INSERT INTO "TrackElement" ("id") VALUES (1887);
INSERT INTO "Segment" ("id", "length") VALUES (1887, -729);
UPDATE "TrackElement" SET "region" = 1328 WHERE "id" = 1887;
INSERT INTO "monitoredBy" VALUES (1887, 1885);
INSERT INTO "TrackElement" ("id") VALUES (1888);
INSERT INTO "Segment" ("id", "length") VALUES (1888, 519);
UPDATE "TrackElement" SET "region" = 1328 WHERE "id" = 1888;
INSERT INTO "monitoredBy" VALUES (1888, 1885);
INSERT INTO "TrackElement" ("id") VALUES (1889);
INSERT INTO "Segment" ("id", "length") VALUES (1889, 598);
UPDATE "TrackElement" SET "region" = 1328 WHERE "id" = 1889;
INSERT INTO "monitoredBy" VALUES (1889, 1885);
INSERT INTO "TrackElement" ("id") VALUES (1890);
INSERT INTO "Segment" ("id", "length") VALUES (1890, 489);
UPDATE "TrackElement" SET "region" = 1328 WHERE "id" = 1890;
INSERT INTO "monitoredBy" VALUES (1890, 1885);
INSERT INTO "Sensor" ("id") VALUES (1891);
UPDATE "Sensor" SET "region" = 1328 WHERE "id" = 1891;
INSERT INTO "monitoredBy" VALUES (1878, 1891);
INSERT INTO "requires" VALUES (1327, 1891);
INSERT INTO "TrackElement" ("id") VALUES (1892);
INSERT INTO "Segment" ("id", "length") VALUES (1892, 179);
UPDATE "TrackElement" SET "region" = 1328 WHERE "id" = 1892;
INSERT INTO "monitoredBy" VALUES (1892, 1891);
INSERT INTO "TrackElement" ("id") VALUES (1893);
INSERT INTO "Segment" ("id", "length") VALUES (1893, 802);
UPDATE "TrackElement" SET "region" = 1328 WHERE "id" = 1893;
INSERT INTO "monitoredBy" VALUES (1893, 1891);
INSERT INTO "TrackElement" ("id") VALUES (1894);
INSERT INTO "Segment" ("id", "length") VALUES (1894, 800);
UPDATE "TrackElement" SET "region" = 1328 WHERE "id" = 1894;
INSERT INTO "monitoredBy" VALUES (1894, 1891);
INSERT INTO "TrackElement" ("id") VALUES (1895);
INSERT INTO "Segment" ("id", "length") VALUES (1895, -160);
UPDATE "TrackElement" SET "region" = 1328 WHERE "id" = 1895;
INSERT INTO "monitoredBy" VALUES (1895, 1891);
INSERT INTO "TrackElement" ("id") VALUES (1896);
INSERT INTO "Segment" ("id", "length") VALUES (1896, 31);
UPDATE "TrackElement" SET "region" = 1328 WHERE "id" = 1896;
INSERT INTO "monitoredBy" VALUES (1896, 1891);
INSERT INTO "Sensor" ("id") VALUES (1897);
UPDATE "Sensor" SET "region" = 1328 WHERE "id" = 1897;
INSERT INTO "monitoredBy" VALUES (1878, 1897);
INSERT INTO "requires" VALUES (1327, 1897);
INSERT INTO "TrackElement" ("id") VALUES (1898);
INSERT INTO "Segment" ("id", "length") VALUES (1898, 290);
UPDATE "TrackElement" SET "region" = 1328 WHERE "id" = 1898;
INSERT INTO "monitoredBy" VALUES (1898, 1897);
INSERT INTO "TrackElement" ("id") VALUES (1899);
INSERT INTO "Segment" ("id", "length") VALUES (1899, 524);
UPDATE "TrackElement" SET "region" = 1328 WHERE "id" = 1899;
INSERT INTO "monitoredBy" VALUES (1899, 1897);
INSERT INTO "TrackElement" ("id") VALUES (1900);
INSERT INTO "Segment" ("id", "length") VALUES (1900, 898);
UPDATE "TrackElement" SET "region" = 1328 WHERE "id" = 1900;
INSERT INTO "monitoredBy" VALUES (1900, 1897);
INSERT INTO "TrackElement" ("id") VALUES (1901);
INSERT INTO "Segment" ("id", "length") VALUES (1901, 224);
UPDATE "TrackElement" SET "region" = 1328 WHERE "id" = 1901;
INSERT INTO "monitoredBy" VALUES (1901, 1897);
INSERT INTO "TrackElement" ("id") VALUES (1902);
INSERT INTO "Segment" ("id", "length") VALUES (1902, 13);
UPDATE "TrackElement" SET "region" = 1328 WHERE "id" = 1902;
INSERT INTO "monitoredBy" VALUES (1902, 1897);
INSERT INTO "Sensor" ("id") VALUES (1903);
UPDATE "Sensor" SET "region" = 1328 WHERE "id" = 1903;
INSERT INTO "monitoredBy" VALUES (1878, 1903);
INSERT INTO "requires" VALUES (1327, 1903);
INSERT INTO "TrackElement" ("id") VALUES (1904);
INSERT INTO "Segment" ("id", "length") VALUES (1904, 167);
UPDATE "TrackElement" SET "region" = 1328 WHERE "id" = 1904;
INSERT INTO "monitoredBy" VALUES (1904, 1903);
INSERT INTO "TrackElement" ("id") VALUES (1905);
INSERT INTO "Segment" ("id", "length") VALUES (1905, 301);
UPDATE "TrackElement" SET "region" = 1328 WHERE "id" = 1905;
INSERT INTO "monitoredBy" VALUES (1905, 1903);
INSERT INTO "TrackElement" ("id") VALUES (1906);
INSERT INTO "Segment" ("id", "length") VALUES (1906, 612);
UPDATE "TrackElement" SET "region" = 1328 WHERE "id" = 1906;
INSERT INTO "monitoredBy" VALUES (1906, 1903);
INSERT INTO "TrackElement" ("id") VALUES (1907);
INSERT INTO "Segment" ("id", "length") VALUES (1907, 948);
UPDATE "TrackElement" SET "region" = 1328 WHERE "id" = 1907;
INSERT INTO "monitoredBy" VALUES (1907, 1903);
INSERT INTO "TrackElement" ("id") VALUES (1908);
INSERT INTO "Segment" ("id", "length") VALUES (1908, 759);
UPDATE "TrackElement" SET "region" = 1328 WHERE "id" = 1908;
INSERT INTO "monitoredBy" VALUES (1908, 1903);
INSERT INTO "Sensor" ("id") VALUES (1909);
UPDATE "Sensor" SET "region" = 1328 WHERE "id" = 1909;
INSERT INTO "monitoredBy" VALUES (1878, 1909);
INSERT INTO "requires" VALUES (1327, 1909);
INSERT INTO "TrackElement" ("id") VALUES (1910);
INSERT INTO "Segment" ("id", "length") VALUES (1910, 19);
UPDATE "TrackElement" SET "region" = 1328 WHERE "id" = 1910;
INSERT INTO "monitoredBy" VALUES (1910, 1909);
INSERT INTO "TrackElement" ("id") VALUES (1911);
INSERT INTO "Segment" ("id", "length") VALUES (1911, 700);
UPDATE "TrackElement" SET "region" = 1328 WHERE "id" = 1911;
INSERT INTO "monitoredBy" VALUES (1911, 1909);
INSERT INTO "TrackElement" ("id") VALUES (1912);
INSERT INTO "Segment" ("id", "length") VALUES (1912, 299);
UPDATE "TrackElement" SET "region" = 1328 WHERE "id" = 1912;
INSERT INTO "monitoredBy" VALUES (1912, 1909);
INSERT INTO "TrackElement" ("id") VALUES (1913);
INSERT INTO "Segment" ("id", "length") VALUES (1913, 371);
UPDATE "TrackElement" SET "region" = 1328 WHERE "id" = 1913;
INSERT INTO "monitoredBy" VALUES (1913, 1909);
INSERT INTO "TrackElement" ("id") VALUES (1914);
INSERT INTO "Segment" ("id", "length") VALUES (1914, 323);
UPDATE "TrackElement" SET "region" = 1328 WHERE "id" = 1914;
INSERT INTO "monitoredBy" VALUES (1914, 1909);
INSERT INTO "Sensor" ("id") VALUES (1915);
UPDATE "Sensor" SET "region" = 1328 WHERE "id" = 1915;
INSERT INTO "monitoredBy" VALUES (1878, 1915);
INSERT INTO "requires" VALUES (1327, 1915);
INSERT INTO "TrackElement" ("id") VALUES (1916);
INSERT INTO "Segment" ("id", "length") VALUES (1916, 241);
UPDATE "TrackElement" SET "region" = 1328 WHERE "id" = 1916;
INSERT INTO "monitoredBy" VALUES (1916, 1915);
INSERT INTO "TrackElement" ("id") VALUES (1917);
INSERT INTO "Segment" ("id", "length") VALUES (1917, 458);
UPDATE "TrackElement" SET "region" = 1328 WHERE "id" = 1917;
INSERT INTO "monitoredBy" VALUES (1917, 1915);
INSERT INTO "TrackElement" ("id") VALUES (1918);
INSERT INTO "Segment" ("id", "length") VALUES (1918, 895);
UPDATE "TrackElement" SET "region" = 1328 WHERE "id" = 1918;
INSERT INTO "monitoredBy" VALUES (1918, 1915);
INSERT INTO "TrackElement" ("id") VALUES (1919);
INSERT INTO "Segment" ("id", "length") VALUES (1919, 715);
UPDATE "TrackElement" SET "region" = 1328 WHERE "id" = 1919;
INSERT INTO "monitoredBy" VALUES (1919, 1915);
INSERT INTO "TrackElement" ("id") VALUES (1920);
INSERT INTO "Segment" ("id", "length") VALUES (1920, 782);
UPDATE "TrackElement" SET "region" = 1328 WHERE "id" = 1920;
INSERT INTO "monitoredBy" VALUES (1920, 1915);
INSERT INTO "Sensor" ("id") VALUES (1921);
UPDATE "Sensor" SET "region" = 1328 WHERE "id" = 1921;
INSERT INTO "monitoredBy" VALUES (1878, 1921);
INSERT INTO "requires" VALUES (1327, 1921);
INSERT INTO "TrackElement" ("id") VALUES (1922);
INSERT INTO "Segment" ("id", "length") VALUES (1922, 444);
UPDATE "TrackElement" SET "region" = 1328 WHERE "id" = 1922;
INSERT INTO "monitoredBy" VALUES (1922, 1921);
INSERT INTO "TrackElement" ("id") VALUES (1923);
INSERT INTO "Segment" ("id", "length") VALUES (1923, 961);
UPDATE "TrackElement" SET "region" = 1328 WHERE "id" = 1923;
INSERT INTO "monitoredBy" VALUES (1923, 1921);
INSERT INTO "TrackElement" ("id") VALUES (1924);
INSERT INTO "Segment" ("id", "length") VALUES (1924, 781);
UPDATE "TrackElement" SET "region" = 1328 WHERE "id" = 1924;
INSERT INTO "monitoredBy" VALUES (1924, 1921);
INSERT INTO "TrackElement" ("id") VALUES (1925);
INSERT INTO "Segment" ("id", "length") VALUES (1925, 347);
UPDATE "TrackElement" SET "region" = 1328 WHERE "id" = 1925;
INSERT INTO "monitoredBy" VALUES (1925, 1921);
INSERT INTO "TrackElement" ("id") VALUES (1926);
INSERT INTO "Segment" ("id", "length") VALUES (1926, 936);
UPDATE "TrackElement" SET "region" = 1328 WHERE "id" = 1926;
INSERT INTO "monitoredBy" VALUES (1926, 1921);
INSERT INTO "SwitchPosition" ("id", "position", "target") VALUES (1927, 1, 1878);
UPDATE "SwitchPosition" SET "route" = 1327 WHERE "id" = 1927;
INSERT INTO "TrackElement" ("id") VALUES (1928);
INSERT INTO "Switch" ("id", "currentPosition") VALUES (1928, 2);
UPDATE "TrackElement" SET "region" = 1328 WHERE "id" = 1928;
INSERT INTO "Sensor" ("id") VALUES (1929);
UPDATE "Sensor" SET "region" = 1328 WHERE "id" = 1929;
INSERT INTO "monitoredBy" VALUES (1928, 1929);
INSERT INTO "requires" VALUES (1327, 1929);
INSERT INTO "TrackElement" ("id") VALUES (1930);
INSERT INTO "Segment" ("id", "length") VALUES (1930, 915);
UPDATE "TrackElement" SET "region" = 1328 WHERE "id" = 1930;
INSERT INTO "monitoredBy" VALUES (1930, 1929);
INSERT INTO "TrackElement" ("id") VALUES (1931);
INSERT INTO "Segment" ("id", "length") VALUES (1931, 966);
UPDATE "TrackElement" SET "region" = 1328 WHERE "id" = 1931;
INSERT INTO "monitoredBy" VALUES (1931, 1929);
INSERT INTO "TrackElement" ("id") VALUES (1932);
INSERT INTO "Segment" ("id", "length") VALUES (1932, 537);
UPDATE "TrackElement" SET "region" = 1328 WHERE "id" = 1932;
INSERT INTO "monitoredBy" VALUES (1932, 1929);
INSERT INTO "TrackElement" ("id") VALUES (1933);
INSERT INTO "Segment" ("id", "length") VALUES (1933, 280);
UPDATE "TrackElement" SET "region" = 1328 WHERE "id" = 1933;
INSERT INTO "monitoredBy" VALUES (1933, 1929);
INSERT INTO "TrackElement" ("id") VALUES (1934);
INSERT INTO "Segment" ("id", "length") VALUES (1934, 715);
UPDATE "TrackElement" SET "region" = 1328 WHERE "id" = 1934;
INSERT INTO "monitoredBy" VALUES (1934, 1929);
INSERT INTO "Sensor" ("id") VALUES (1935);
UPDATE "Sensor" SET "region" = 1328 WHERE "id" = 1935;
INSERT INTO "monitoredBy" VALUES (1928, 1935);
INSERT INTO "requires" VALUES (1327, 1935);
INSERT INTO "TrackElement" ("id") VALUES (1936);
INSERT INTO "Segment" ("id", "length") VALUES (1936, 172);
UPDATE "TrackElement" SET "region" = 1328 WHERE "id" = 1936;
INSERT INTO "monitoredBy" VALUES (1936, 1935);
INSERT INTO "TrackElement" ("id") VALUES (1937);
INSERT INTO "Segment" ("id", "length") VALUES (1937, 532);
UPDATE "TrackElement" SET "region" = 1328 WHERE "id" = 1937;
INSERT INTO "monitoredBy" VALUES (1937, 1935);
INSERT INTO "TrackElement" ("id") VALUES (1938);
INSERT INTO "Segment" ("id", "length") VALUES (1938, 974);
UPDATE "TrackElement" SET "region" = 1328 WHERE "id" = 1938;
INSERT INTO "monitoredBy" VALUES (1938, 1935);
INSERT INTO "TrackElement" ("id") VALUES (1939);
INSERT INTO "Segment" ("id", "length") VALUES (1939, 980);
UPDATE "TrackElement" SET "region" = 1328 WHERE "id" = 1939;
INSERT INTO "monitoredBy" VALUES (1939, 1935);
INSERT INTO "TrackElement" ("id") VALUES (1940);
INSERT INTO "Segment" ("id", "length") VALUES (1940, 5);
UPDATE "TrackElement" SET "region" = 1328 WHERE "id" = 1940;
INSERT INTO "monitoredBy" VALUES (1940, 1935);
INSERT INTO "Sensor" ("id") VALUES (1941);
UPDATE "Sensor" SET "region" = 1328 WHERE "id" = 1941;
INSERT INTO "monitoredBy" VALUES (1928, 1941);
INSERT INTO "requires" VALUES (1327, 1941);
INSERT INTO "TrackElement" ("id") VALUES (1942);
INSERT INTO "Segment" ("id", "length") VALUES (1942, 207);
UPDATE "TrackElement" SET "region" = 1328 WHERE "id" = 1942;
INSERT INTO "monitoredBy" VALUES (1942, 1941);
INSERT INTO "TrackElement" ("id") VALUES (1943);
INSERT INTO "Segment" ("id", "length") VALUES (1943, 525);
UPDATE "TrackElement" SET "region" = 1328 WHERE "id" = 1943;
INSERT INTO "monitoredBy" VALUES (1943, 1941);
INSERT INTO "TrackElement" ("id") VALUES (1944);
INSERT INTO "Segment" ("id", "length") VALUES (1944, 445);
UPDATE "TrackElement" SET "region" = 1328 WHERE "id" = 1944;
INSERT INTO "monitoredBy" VALUES (1944, 1941);
INSERT INTO "TrackElement" ("id") VALUES (1945);
INSERT INTO "Segment" ("id", "length") VALUES (1945, 637);
UPDATE "TrackElement" SET "region" = 1328 WHERE "id" = 1945;
INSERT INTO "monitoredBy" VALUES (1945, 1941);
INSERT INTO "TrackElement" ("id") VALUES (1946);
INSERT INTO "Segment" ("id", "length") VALUES (1946, 319);
UPDATE "TrackElement" SET "region" = 1328 WHERE "id" = 1946;
INSERT INTO "monitoredBy" VALUES (1946, 1941);
INSERT INTO "Sensor" ("id") VALUES (1947);
UPDATE "Sensor" SET "region" = 1328 WHERE "id" = 1947;
INSERT INTO "monitoredBy" VALUES (1928, 1947);
INSERT INTO "requires" VALUES (1327, 1947);
INSERT INTO "TrackElement" ("id") VALUES (1948);
INSERT INTO "Segment" ("id", "length") VALUES (1948, 784);
UPDATE "TrackElement" SET "region" = 1328 WHERE "id" = 1948;
INSERT INTO "monitoredBy" VALUES (1948, 1947);
INSERT INTO "TrackElement" ("id") VALUES (1949);
INSERT INTO "Segment" ("id", "length") VALUES (1949, 373);
UPDATE "TrackElement" SET "region" = 1328 WHERE "id" = 1949;
INSERT INTO "monitoredBy" VALUES (1949, 1947);
INSERT INTO "TrackElement" ("id") VALUES (1950);
INSERT INTO "Segment" ("id", "length") VALUES (1950, 917);
UPDATE "TrackElement" SET "region" = 1328 WHERE "id" = 1950;
INSERT INTO "monitoredBy" VALUES (1950, 1947);
INSERT INTO "TrackElement" ("id") VALUES (1951);
INSERT INTO "Segment" ("id", "length") VALUES (1951, 406);
UPDATE "TrackElement" SET "region" = 1328 WHERE "id" = 1951;
INSERT INTO "monitoredBy" VALUES (1951, 1947);
INSERT INTO "TrackElement" ("id") VALUES (1952);
INSERT INTO "Segment" ("id", "length") VALUES (1952, 859);
UPDATE "TrackElement" SET "region" = 1328 WHERE "id" = 1952;
INSERT INTO "monitoredBy" VALUES (1952, 1947);
INSERT INTO "Sensor" ("id") VALUES (1953);
UPDATE "Sensor" SET "region" = 1328 WHERE "id" = 1953;
INSERT INTO "monitoredBy" VALUES (1928, 1953);
INSERT INTO "requires" VALUES (1327, 1953);
INSERT INTO "TrackElement" ("id") VALUES (1954);
INSERT INTO "Segment" ("id", "length") VALUES (1954, 107);
UPDATE "TrackElement" SET "region" = 1328 WHERE "id" = 1954;
INSERT INTO "monitoredBy" VALUES (1954, 1953);
INSERT INTO "TrackElement" ("id") VALUES (1955);
INSERT INTO "Segment" ("id", "length") VALUES (1955, 432);
UPDATE "TrackElement" SET "region" = 1328 WHERE "id" = 1955;
INSERT INTO "monitoredBy" VALUES (1955, 1953);
INSERT INTO "TrackElement" ("id") VALUES (1956);
INSERT INTO "Segment" ("id", "length") VALUES (1956, 479);
UPDATE "TrackElement" SET "region" = 1328 WHERE "id" = 1956;
INSERT INTO "monitoredBy" VALUES (1956, 1953);
INSERT INTO "TrackElement" ("id") VALUES (1957);
INSERT INTO "Segment" ("id", "length") VALUES (1957, 502);
UPDATE "TrackElement" SET "region" = 1328 WHERE "id" = 1957;
INSERT INTO "monitoredBy" VALUES (1957, 1953);
INSERT INTO "TrackElement" ("id") VALUES (1958);
INSERT INTO "Segment" ("id", "length") VALUES (1958, 887);
UPDATE "TrackElement" SET "region" = 1328 WHERE "id" = 1958;
INSERT INTO "monitoredBy" VALUES (1958, 1953);
INSERT INTO "Sensor" ("id") VALUES (1959);
UPDATE "Sensor" SET "region" = 1328 WHERE "id" = 1959;
INSERT INTO "monitoredBy" VALUES (1928, 1959);
INSERT INTO "requires" VALUES (1327, 1959);
INSERT INTO "TrackElement" ("id") VALUES (1960);
INSERT INTO "Segment" ("id", "length") VALUES (1960, 494);
UPDATE "TrackElement" SET "region" = 1328 WHERE "id" = 1960;
INSERT INTO "monitoredBy" VALUES (1960, 1959);
INSERT INTO "TrackElement" ("id") VALUES (1961);
INSERT INTO "Segment" ("id", "length") VALUES (1961, 829);
UPDATE "TrackElement" SET "region" = 1328 WHERE "id" = 1961;
INSERT INTO "monitoredBy" VALUES (1961, 1959);
INSERT INTO "TrackElement" ("id") VALUES (1962);
INSERT INTO "Segment" ("id", "length") VALUES (1962, 866);
UPDATE "TrackElement" SET "region" = 1328 WHERE "id" = 1962;
INSERT INTO "monitoredBy" VALUES (1962, 1959);
INSERT INTO "TrackElement" ("id") VALUES (1963);
INSERT INTO "Segment" ("id", "length") VALUES (1963, 722);
UPDATE "TrackElement" SET "region" = 1328 WHERE "id" = 1963;
INSERT INTO "monitoredBy" VALUES (1963, 1959);
INSERT INTO "TrackElement" ("id") VALUES (1964);
INSERT INTO "Segment" ("id", "length") VALUES (1964, 18);
UPDATE "TrackElement" SET "region" = 1328 WHERE "id" = 1964;
INSERT INTO "monitoredBy" VALUES (1964, 1959);
INSERT INTO "Sensor" ("id") VALUES (1965);
UPDATE "Sensor" SET "region" = 1328 WHERE "id" = 1965;
INSERT INTO "monitoredBy" VALUES (1928, 1965);
INSERT INTO "requires" VALUES (1327, 1965);
INSERT INTO "TrackElement" ("id") VALUES (1966);
INSERT INTO "Segment" ("id", "length") VALUES (1966, 629);
UPDATE "TrackElement" SET "region" = 1328 WHERE "id" = 1966;
INSERT INTO "monitoredBy" VALUES (1966, 1965);
INSERT INTO "TrackElement" ("id") VALUES (1967);
INSERT INTO "Segment" ("id", "length") VALUES (1967, 361);
UPDATE "TrackElement" SET "region" = 1328 WHERE "id" = 1967;
INSERT INTO "monitoredBy" VALUES (1967, 1965);
INSERT INTO "TrackElement" ("id") VALUES (1968);
INSERT INTO "Segment" ("id", "length") VALUES (1968, 690);
UPDATE "TrackElement" SET "region" = 1328 WHERE "id" = 1968;
INSERT INTO "monitoredBy" VALUES (1968, 1965);
INSERT INTO "TrackElement" ("id") VALUES (1969);
INSERT INTO "Segment" ("id", "length") VALUES (1969, 799);
UPDATE "TrackElement" SET "region" = 1328 WHERE "id" = 1969;
INSERT INTO "monitoredBy" VALUES (1969, 1965);
INSERT INTO "TrackElement" ("id") VALUES (1970);
INSERT INTO "Segment" ("id", "length") VALUES (1970, 53);
UPDATE "TrackElement" SET "region" = 1328 WHERE "id" = 1970;
INSERT INTO "monitoredBy" VALUES (1970, 1965);
INSERT INTO "SwitchPosition" ("id", "position", "target") VALUES (1971, 2, 1928);
UPDATE "SwitchPosition" SET "route" = 1327 WHERE "id" = 1971;
INSERT INTO "TrackElement" ("id") VALUES (1972);
INSERT INTO "Switch" ("id", "currentPosition") VALUES (1972, 0);
UPDATE "TrackElement" SET "region" = 1328 WHERE "id" = 1972;
INSERT INTO "Sensor" ("id") VALUES (1973);
UPDATE "Sensor" SET "region" = 1328 WHERE "id" = 1973;
INSERT INTO "monitoredBy" VALUES (1972, 1973);
INSERT INTO "requires" VALUES (1327, 1973);
INSERT INTO "TrackElement" ("id") VALUES (1974);
INSERT INTO "Segment" ("id", "length") VALUES (1974, 363);
UPDATE "TrackElement" SET "region" = 1328 WHERE "id" = 1974;
INSERT INTO "monitoredBy" VALUES (1974, 1973);
INSERT INTO "TrackElement" ("id") VALUES (1975);
INSERT INTO "Segment" ("id", "length") VALUES (1975, 567);
UPDATE "TrackElement" SET "region" = 1328 WHERE "id" = 1975;
INSERT INTO "monitoredBy" VALUES (1975, 1973);
INSERT INTO "TrackElement" ("id") VALUES (1976);
INSERT INTO "Segment" ("id", "length") VALUES (1976, 910);
UPDATE "TrackElement" SET "region" = 1328 WHERE "id" = 1976;
INSERT INTO "monitoredBy" VALUES (1976, 1973);
INSERT INTO "TrackElement" ("id") VALUES (1977);
INSERT INTO "Segment" ("id", "length") VALUES (1977, 421);
UPDATE "TrackElement" SET "region" = 1328 WHERE "id" = 1977;
INSERT INTO "monitoredBy" VALUES (1977, 1973);
INSERT INTO "TrackElement" ("id") VALUES (1978);
INSERT INTO "Segment" ("id", "length") VALUES (1978, 98);
UPDATE "TrackElement" SET "region" = 1328 WHERE "id" = 1978;
INSERT INTO "monitoredBy" VALUES (1978, 1973);
INSERT INTO "Sensor" ("id") VALUES (1979);
UPDATE "Sensor" SET "region" = 1328 WHERE "id" = 1979;
INSERT INTO "monitoredBy" VALUES (1972, 1979);
INSERT INTO "requires" VALUES (1327, 1979);
INSERT INTO "TrackElement" ("id") VALUES (1980);
INSERT INTO "Segment" ("id", "length") VALUES (1980, 563);
UPDATE "TrackElement" SET "region" = 1328 WHERE "id" = 1980;
INSERT INTO "monitoredBy" VALUES (1980, 1979);
INSERT INTO "TrackElement" ("id") VALUES (1981);
INSERT INTO "Segment" ("id", "length") VALUES (1981, 179);
UPDATE "TrackElement" SET "region" = 1328 WHERE "id" = 1981;
INSERT INTO "monitoredBy" VALUES (1981, 1979);
INSERT INTO "TrackElement" ("id") VALUES (1982);
INSERT INTO "Segment" ("id", "length") VALUES (1982, 81);
UPDATE "TrackElement" SET "region" = 1328 WHERE "id" = 1982;
INSERT INTO "monitoredBy" VALUES (1982, 1979);
INSERT INTO "TrackElement" ("id") VALUES (1983);
INSERT INTO "Segment" ("id", "length") VALUES (1983, 362);
UPDATE "TrackElement" SET "region" = 1328 WHERE "id" = 1983;
INSERT INTO "monitoredBy" VALUES (1983, 1979);
INSERT INTO "TrackElement" ("id") VALUES (1984);
INSERT INTO "Segment" ("id", "length") VALUES (1984, 391);
UPDATE "TrackElement" SET "region" = 1328 WHERE "id" = 1984;
INSERT INTO "monitoredBy" VALUES (1984, 1979);
INSERT INTO "Sensor" ("id") VALUES (1985);
UPDATE "Sensor" SET "region" = 1328 WHERE "id" = 1985;
INSERT INTO "monitoredBy" VALUES (1972, 1985);
INSERT INTO "requires" VALUES (1327, 1985);
INSERT INTO "TrackElement" ("id") VALUES (1986);
INSERT INTO "Segment" ("id", "length") VALUES (1986, 19);
UPDATE "TrackElement" SET "region" = 1328 WHERE "id" = 1986;
INSERT INTO "monitoredBy" VALUES (1986, 1985);
INSERT INTO "TrackElement" ("id") VALUES (1987);
INSERT INTO "Segment" ("id", "length") VALUES (1987, 14);
UPDATE "TrackElement" SET "region" = 1328 WHERE "id" = 1987;
INSERT INTO "monitoredBy" VALUES (1987, 1985);
INSERT INTO "TrackElement" ("id") VALUES (1988);
INSERT INTO "Segment" ("id", "length") VALUES (1988, 529);
UPDATE "TrackElement" SET "region" = 1328 WHERE "id" = 1988;
INSERT INTO "monitoredBy" VALUES (1988, 1985);
INSERT INTO "TrackElement" ("id") VALUES (1989);
INSERT INTO "Segment" ("id", "length") VALUES (1989, 313);
UPDATE "TrackElement" SET "region" = 1328 WHERE "id" = 1989;
INSERT INTO "monitoredBy" VALUES (1989, 1985);
INSERT INTO "TrackElement" ("id") VALUES (1990);
INSERT INTO "Segment" ("id", "length") VALUES (1990, 264);
UPDATE "TrackElement" SET "region" = 1328 WHERE "id" = 1990;
INSERT INTO "monitoredBy" VALUES (1990, 1985);
INSERT INTO "Sensor" ("id") VALUES (1991);
UPDATE "Sensor" SET "region" = 1328 WHERE "id" = 1991;
INSERT INTO "monitoredBy" VALUES (1972, 1991);
INSERT INTO "requires" VALUES (1327, 1991);
INSERT INTO "TrackElement" ("id") VALUES (1992);
INSERT INTO "Segment" ("id", "length") VALUES (1992, 376);
UPDATE "TrackElement" SET "region" = 1328 WHERE "id" = 1992;
INSERT INTO "monitoredBy" VALUES (1992, 1991);
INSERT INTO "TrackElement" ("id") VALUES (1993);
INSERT INTO "Segment" ("id", "length") VALUES (1993, 485);
UPDATE "TrackElement" SET "region" = 1328 WHERE "id" = 1993;
INSERT INTO "monitoredBy" VALUES (1993, 1991);
INSERT INTO "TrackElement" ("id") VALUES (1994);
INSERT INTO "Segment" ("id", "length") VALUES (1994, 714);
UPDATE "TrackElement" SET "region" = 1328 WHERE "id" = 1994;
INSERT INTO "monitoredBy" VALUES (1994, 1991);
INSERT INTO "TrackElement" ("id") VALUES (1995);
INSERT INTO "Segment" ("id", "length") VALUES (1995, 666);
UPDATE "TrackElement" SET "region" = 1328 WHERE "id" = 1995;
INSERT INTO "monitoredBy" VALUES (1995, 1991);
INSERT INTO "TrackElement" ("id") VALUES (1996);
INSERT INTO "Segment" ("id", "length") VALUES (1996, 533);
UPDATE "TrackElement" SET "region" = 1328 WHERE "id" = 1996;
INSERT INTO "monitoredBy" VALUES (1996, 1991);
INSERT INTO "Sensor" ("id") VALUES (1997);
UPDATE "Sensor" SET "region" = 1328 WHERE "id" = 1997;
INSERT INTO "monitoredBy" VALUES (1972, 1997);
INSERT INTO "requires" VALUES (1327, 1997);
INSERT INTO "TrackElement" ("id") VALUES (1998);
INSERT INTO "Segment" ("id", "length") VALUES (1998, 593);
UPDATE "TrackElement" SET "region" = 1328 WHERE "id" = 1998;
INSERT INTO "monitoredBy" VALUES (1998, 1997);
INSERT INTO "TrackElement" ("id") VALUES (1999);
INSERT INTO "Segment" ("id", "length") VALUES (1999, 789);
UPDATE "TrackElement" SET "region" = 1328 WHERE "id" = 1999;
INSERT INTO "monitoredBy" VALUES (1999, 1997);
INSERT INTO "TrackElement" ("id") VALUES (2000);
INSERT INTO "Segment" ("id", "length") VALUES (2000, 442);
UPDATE "TrackElement" SET "region" = 1328 WHERE "id" = 2000;
INSERT INTO "monitoredBy" VALUES (2000, 1997);
INSERT INTO "TrackElement" ("id") VALUES (2001);
INSERT INTO "Segment" ("id", "length") VALUES (2001, 173);
UPDATE "TrackElement" SET "region" = 1328 WHERE "id" = 2001;
INSERT INTO "monitoredBy" VALUES (2001, 1997);
INSERT INTO "TrackElement" ("id") VALUES (2002);
INSERT INTO "Segment" ("id", "length") VALUES (2002, 413);
UPDATE "TrackElement" SET "region" = 1328 WHERE "id" = 2002;
INSERT INTO "monitoredBy" VALUES (2002, 1997);
INSERT INTO "Sensor" ("id") VALUES (2003);
UPDATE "Sensor" SET "region" = 1328 WHERE "id" = 2003;
INSERT INTO "monitoredBy" VALUES (1972, 2003);
INSERT INTO "requires" VALUES (1327, 2003);
INSERT INTO "TrackElement" ("id") VALUES (2004);
INSERT INTO "Segment" ("id", "length") VALUES (2004, 462);
UPDATE "TrackElement" SET "region" = 1328 WHERE "id" = 2004;
INSERT INTO "monitoredBy" VALUES (2004, 2003);
INSERT INTO "TrackElement" ("id") VALUES (2005);
INSERT INTO "Segment" ("id", "length") VALUES (2005, 208);
UPDATE "TrackElement" SET "region" = 1328 WHERE "id" = 2005;
INSERT INTO "monitoredBy" VALUES (2005, 2003);
INSERT INTO "TrackElement" ("id") VALUES (2006);
INSERT INTO "Segment" ("id", "length") VALUES (2006, 478);
UPDATE "TrackElement" SET "region" = 1328 WHERE "id" = 2006;
INSERT INTO "monitoredBy" VALUES (2006, 2003);
INSERT INTO "TrackElement" ("id") VALUES (2007);
INSERT INTO "Segment" ("id", "length") VALUES (2007, 382);
UPDATE "TrackElement" SET "region" = 1328 WHERE "id" = 2007;
INSERT INTO "monitoredBy" VALUES (2007, 2003);
INSERT INTO "TrackElement" ("id") VALUES (2008);
INSERT INTO "Segment" ("id", "length") VALUES (2008, 461);
UPDATE "TrackElement" SET "region" = 1328 WHERE "id" = 2008;
INSERT INTO "monitoredBy" VALUES (2008, 2003);
INSERT INTO "Sensor" ("id") VALUES (2009);
UPDATE "Sensor" SET "region" = 1328 WHERE "id" = 2009;
INSERT INTO "monitoredBy" VALUES (1972, 2009);
INSERT INTO "requires" VALUES (1327, 2009);
INSERT INTO "TrackElement" ("id") VALUES (2010);
INSERT INTO "Segment" ("id", "length") VALUES (2010, 805);
UPDATE "TrackElement" SET "region" = 1328 WHERE "id" = 2010;
INSERT INTO "monitoredBy" VALUES (2010, 2009);
INSERT INTO "TrackElement" ("id") VALUES (2011);
INSERT INTO "Segment" ("id", "length") VALUES (2011, 107);
UPDATE "TrackElement" SET "region" = 1328 WHERE "id" = 2011;
INSERT INTO "monitoredBy" VALUES (2011, 2009);
INSERT INTO "TrackElement" ("id") VALUES (2012);
INSERT INTO "Segment" ("id", "length") VALUES (2012, 957);
UPDATE "TrackElement" SET "region" = 1328 WHERE "id" = 2012;
INSERT INTO "monitoredBy" VALUES (2012, 2009);
INSERT INTO "TrackElement" ("id") VALUES (2013);
INSERT INTO "Segment" ("id", "length") VALUES (2013, 17);
UPDATE "TrackElement" SET "region" = 1328 WHERE "id" = 2013;
INSERT INTO "monitoredBy" VALUES (2013, 2009);
INSERT INTO "TrackElement" ("id") VALUES (2014);
INSERT INTO "Segment" ("id", "length") VALUES (2014, 895);
UPDATE "TrackElement" SET "region" = 1328 WHERE "id" = 2014;
INSERT INTO "monitoredBy" VALUES (2014, 2009);
INSERT INTO "Sensor" ("id") VALUES (2015);
UPDATE "Sensor" SET "region" = 1328 WHERE "id" = 2015;
INSERT INTO "monitoredBy" VALUES (1972, 2015);
INSERT INTO "requires" VALUES (1327, 2015);
INSERT INTO "TrackElement" ("id") VALUES (2016);
INSERT INTO "Segment" ("id", "length") VALUES (2016, 425);
UPDATE "TrackElement" SET "region" = 1328 WHERE "id" = 2016;
INSERT INTO "monitoredBy" VALUES (2016, 2015);
INSERT INTO "TrackElement" ("id") VALUES (2017);
INSERT INTO "Segment" ("id", "length") VALUES (2017, 810);
UPDATE "TrackElement" SET "region" = 1328 WHERE "id" = 2017;
INSERT INTO "monitoredBy" VALUES (2017, 2015);
INSERT INTO "TrackElement" ("id") VALUES (2018);
INSERT INTO "Segment" ("id", "length") VALUES (2018, 612);
UPDATE "TrackElement" SET "region" = 1328 WHERE "id" = 2018;
INSERT INTO "monitoredBy" VALUES (2018, 2015);
INSERT INTO "TrackElement" ("id") VALUES (2019);
INSERT INTO "Segment" ("id", "length") VALUES (2019, 854);
UPDATE "TrackElement" SET "region" = 1328 WHERE "id" = 2019;
INSERT INTO "monitoredBy" VALUES (2019, 2015);
INSERT INTO "TrackElement" ("id") VALUES (2020);
INSERT INTO "Segment" ("id", "length") VALUES (2020, 885);
UPDATE "TrackElement" SET "region" = 1328 WHERE "id" = 2020;
INSERT INTO "monitoredBy" VALUES (2020, 2015);
INSERT INTO "SwitchPosition" ("id", "position", "target") VALUES (2021, 0, 1972);
UPDATE "SwitchPosition" SET "route" = 1327 WHERE "id" = 2021;
INSERT INTO "TrackElement" ("id") VALUES (2022);
INSERT INTO "Switch" ("id", "currentPosition") VALUES (2022, 1);
UPDATE "TrackElement" SET "region" = 1328 WHERE "id" = 2022;
INSERT INTO "Sensor" ("id") VALUES (2023);
UPDATE "Sensor" SET "region" = 1328 WHERE "id" = 2023;
INSERT INTO "monitoredBy" VALUES (2022, 2023);
INSERT INTO "requires" VALUES (1327, 2023);
INSERT INTO "TrackElement" ("id") VALUES (2024);
INSERT INTO "Segment" ("id", "length") VALUES (2024, 832);
UPDATE "TrackElement" SET "region" = 1328 WHERE "id" = 2024;
INSERT INTO "monitoredBy" VALUES (2024, 2023);
INSERT INTO "TrackElement" ("id") VALUES (2025);
INSERT INTO "Segment" ("id", "length") VALUES (2025, 192);
UPDATE "TrackElement" SET "region" = 1328 WHERE "id" = 2025;
INSERT INTO "monitoredBy" VALUES (2025, 2023);
INSERT INTO "TrackElement" ("id") VALUES (2026);
INSERT INTO "Segment" ("id", "length") VALUES (2026, 999);
UPDATE "TrackElement" SET "region" = 1328 WHERE "id" = 2026;
INSERT INTO "monitoredBy" VALUES (2026, 2023);
INSERT INTO "TrackElement" ("id") VALUES (2027);
INSERT INTO "Segment" ("id", "length") VALUES (2027, 766);
UPDATE "TrackElement" SET "region" = 1328 WHERE "id" = 2027;
INSERT INTO "monitoredBy" VALUES (2027, 2023);
INSERT INTO "TrackElement" ("id") VALUES (2028);
INSERT INTO "Segment" ("id", "length") VALUES (2028, 873);
UPDATE "TrackElement" SET "region" = 1328 WHERE "id" = 2028;
INSERT INTO "monitoredBy" VALUES (2028, 2023);
INSERT INTO "Sensor" ("id") VALUES (2029);
UPDATE "Sensor" SET "region" = 1328 WHERE "id" = 2029;
INSERT INTO "monitoredBy" VALUES (2022, 2029);
INSERT INTO "requires" VALUES (1327, 2029);
INSERT INTO "TrackElement" ("id") VALUES (2030);
INSERT INTO "Segment" ("id", "length") VALUES (2030, 583);
UPDATE "TrackElement" SET "region" = 1328 WHERE "id" = 2030;
INSERT INTO "monitoredBy" VALUES (2030, 2029);
INSERT INTO "TrackElement" ("id") VALUES (2031);
INSERT INTO "Segment" ("id", "length") VALUES (2031, 501);
UPDATE "TrackElement" SET "region" = 1328 WHERE "id" = 2031;
INSERT INTO "monitoredBy" VALUES (2031, 2029);
INSERT INTO "TrackElement" ("id") VALUES (2032);
INSERT INTO "Segment" ("id", "length") VALUES (2032, 791);
UPDATE "TrackElement" SET "region" = 1328 WHERE "id" = 2032;
INSERT INTO "monitoredBy" VALUES (2032, 2029);
INSERT INTO "TrackElement" ("id") VALUES (2033);
INSERT INTO "Segment" ("id", "length") VALUES (2033, 608);
UPDATE "TrackElement" SET "region" = 1328 WHERE "id" = 2033;
INSERT INTO "monitoredBy" VALUES (2033, 2029);
INSERT INTO "TrackElement" ("id") VALUES (2034);
INSERT INTO "Segment" ("id", "length") VALUES (2034, 908);
UPDATE "TrackElement" SET "region" = 1328 WHERE "id" = 2034;
INSERT INTO "monitoredBy" VALUES (2034, 2029);
INSERT INTO "TrackElement" ("id") VALUES (2035);
INSERT INTO "Segment" ("id", "length") VALUES (2035, 882);
UPDATE "TrackElement" SET "region" = 1328 WHERE "id" = 2035;
INSERT INTO "monitoredBy" VALUES (2035, 2029);
INSERT INTO "Sensor" ("id") VALUES (2036);
UPDATE "Sensor" SET "region" = 1328 WHERE "id" = 2036;
INSERT INTO "monitoredBy" VALUES (2022, 2036);
INSERT INTO "TrackElement" ("id") VALUES (2037);
INSERT INTO "Segment" ("id", "length") VALUES (2037, 107);
UPDATE "TrackElement" SET "region" = 1328 WHERE "id" = 2037;
INSERT INTO "monitoredBy" VALUES (2037, 2036);
INSERT INTO "TrackElement" ("id") VALUES (2038);
INSERT INTO "Segment" ("id", "length") VALUES (2038, 152);
UPDATE "TrackElement" SET "region" = 1328 WHERE "id" = 2038;
INSERT INTO "monitoredBy" VALUES (2038, 2036);
INSERT INTO "TrackElement" ("id") VALUES (2039);
INSERT INTO "Segment" ("id", "length") VALUES (2039, 98);
UPDATE "TrackElement" SET "region" = 1328 WHERE "id" = 2039;
INSERT INTO "monitoredBy" VALUES (2039, 2036);
INSERT INTO "TrackElement" ("id") VALUES (2040);
INSERT INTO "Segment" ("id", "length") VALUES (2040, 72);
UPDATE "TrackElement" SET "region" = 1328 WHERE "id" = 2040;
INSERT INTO "monitoredBy" VALUES (2040, 2036);
INSERT INTO "TrackElement" ("id") VALUES (2041);
INSERT INTO "Segment" ("id", "length") VALUES (2041, 166);
UPDATE "TrackElement" SET "region" = 1328 WHERE "id" = 2041;
INSERT INTO "monitoredBy" VALUES (2041, 2036);
INSERT INTO "Sensor" ("id") VALUES (2042);
UPDATE "Sensor" SET "region" = 1328 WHERE "id" = 2042;
INSERT INTO "monitoredBy" VALUES (2022, 2042);
INSERT INTO "requires" VALUES (1327, 2042);
INSERT INTO "TrackElement" ("id") VALUES (2043);
INSERT INTO "Segment" ("id", "length") VALUES (2043, 374);
UPDATE "TrackElement" SET "region" = 1328 WHERE "id" = 2043;
INSERT INTO "monitoredBy" VALUES (2043, 2042);
INSERT INTO "TrackElement" ("id") VALUES (2044);
INSERT INTO "Segment" ("id", "length") VALUES (2044, 14);
UPDATE "TrackElement" SET "region" = 1328 WHERE "id" = 2044;
INSERT INTO "monitoredBy" VALUES (2044, 2042);
INSERT INTO "TrackElement" ("id") VALUES (2045);
INSERT INTO "Segment" ("id", "length") VALUES (2045, 415);
UPDATE "TrackElement" SET "region" = 1328 WHERE "id" = 2045;
INSERT INTO "monitoredBy" VALUES (2045, 2042);
INSERT INTO "TrackElement" ("id") VALUES (2046);
INSERT INTO "Segment" ("id", "length") VALUES (2046, 755);
UPDATE "TrackElement" SET "region" = 1328 WHERE "id" = 2046;
INSERT INTO "monitoredBy" VALUES (2046, 2042);
INSERT INTO "TrackElement" ("id") VALUES (2047);
INSERT INTO "Segment" ("id", "length") VALUES (2047, 690);
UPDATE "TrackElement" SET "region" = 1328 WHERE "id" = 2047;
INSERT INTO "monitoredBy" VALUES (2047, 2042);
INSERT INTO "Sensor" ("id") VALUES (2048);
UPDATE "Sensor" SET "region" = 1328 WHERE "id" = 2048;
INSERT INTO "TrackElement" ("id") VALUES (2049);
INSERT INTO "Segment" ("id", "length") VALUES (2049, 806);
UPDATE "TrackElement" SET "region" = 1328 WHERE "id" = 2049;
INSERT INTO "monitoredBy" VALUES (2049, 2048);
INSERT INTO "TrackElement" ("id") VALUES (2050);
INSERT INTO "Segment" ("id", "length") VALUES (2050, 769);
UPDATE "TrackElement" SET "region" = 1328 WHERE "id" = 2050;
INSERT INTO "monitoredBy" VALUES (2050, 2048);
INSERT INTO "TrackElement" ("id") VALUES (2051);
INSERT INTO "Segment" ("id", "length") VALUES (2051, 757);
UPDATE "TrackElement" SET "region" = 1328 WHERE "id" = 2051;
INSERT INTO "monitoredBy" VALUES (2051, 2048);
INSERT INTO "TrackElement" ("id") VALUES (2052);
INSERT INTO "Segment" ("id", "length") VALUES (2052, 370);
UPDATE "TrackElement" SET "region" = 1328 WHERE "id" = 2052;
INSERT INTO "monitoredBy" VALUES (2052, 2048);
INSERT INTO "TrackElement" ("id") VALUES (2053);
INSERT INTO "Segment" ("id", "length") VALUES (2053, 681);
UPDATE "TrackElement" SET "region" = 1328 WHERE "id" = 2053;
INSERT INTO "monitoredBy" VALUES (2053, 2048);
INSERT INTO "Sensor" ("id") VALUES (2054);
UPDATE "Sensor" SET "region" = 1328 WHERE "id" = 2054;
INSERT INTO "monitoredBy" VALUES (2022, 2054);
INSERT INTO "requires" VALUES (1327, 2054);
INSERT INTO "TrackElement" ("id") VALUES (2055);
INSERT INTO "Segment" ("id", "length") VALUES (2055, 125);
UPDATE "TrackElement" SET "region" = 1328 WHERE "id" = 2055;
INSERT INTO "monitoredBy" VALUES (2055, 2054);
INSERT INTO "TrackElement" ("id") VALUES (2056);
INSERT INTO "Segment" ("id", "length") VALUES (2056, 129);
UPDATE "TrackElement" SET "region" = 1328 WHERE "id" = 2056;
INSERT INTO "monitoredBy" VALUES (2056, 2054);
INSERT INTO "TrackElement" ("id") VALUES (2057);
INSERT INTO "Segment" ("id", "length") VALUES (2057, 749);
UPDATE "TrackElement" SET "region" = 1328 WHERE "id" = 2057;
INSERT INTO "monitoredBy" VALUES (2057, 2054);
INSERT INTO "TrackElement" ("id") VALUES (2058);
INSERT INTO "Segment" ("id", "length") VALUES (2058, 154);
UPDATE "TrackElement" SET "region" = 1328 WHERE "id" = 2058;
INSERT INTO "monitoredBy" VALUES (2058, 2054);
INSERT INTO "TrackElement" ("id") VALUES (2059);
INSERT INTO "Segment" ("id", "length") VALUES (2059, 310);
UPDATE "TrackElement" SET "region" = 1328 WHERE "id" = 2059;
INSERT INTO "monitoredBy" VALUES (2059, 2054);
INSERT INTO "Sensor" ("id") VALUES (2060);
UPDATE "Sensor" SET "region" = 1328 WHERE "id" = 2060;
INSERT INTO "monitoredBy" VALUES (2022, 2060);
INSERT INTO "requires" VALUES (1327, 2060);
INSERT INTO "TrackElement" ("id") VALUES (2061);
INSERT INTO "Segment" ("id", "length") VALUES (2061, 314);
UPDATE "TrackElement" SET "region" = 1328 WHERE "id" = 2061;
INSERT INTO "monitoredBy" VALUES (2061, 2060);
INSERT INTO "TrackElement" ("id") VALUES (2062);
INSERT INTO "Segment" ("id", "length") VALUES (2062, 308);
UPDATE "TrackElement" SET "region" = 1328 WHERE "id" = 2062;
INSERT INTO "monitoredBy" VALUES (2062, 2060);
INSERT INTO "TrackElement" ("id") VALUES (2063);
INSERT INTO "Segment" ("id", "length") VALUES (2063, 40);
UPDATE "TrackElement" SET "region" = 1328 WHERE "id" = 2063;
INSERT INTO "monitoredBy" VALUES (2063, 2060);
INSERT INTO "TrackElement" ("id") VALUES (2064);
INSERT INTO "Segment" ("id", "length") VALUES (2064, 471);
UPDATE "TrackElement" SET "region" = 1328 WHERE "id" = 2064;
INSERT INTO "monitoredBy" VALUES (2064, 2060);
INSERT INTO "TrackElement" ("id") VALUES (2065);
INSERT INTO "Segment" ("id", "length") VALUES (2065, 53);
UPDATE "TrackElement" SET "region" = 1328 WHERE "id" = 2065;
INSERT INTO "monitoredBy" VALUES (2065, 2060);
INSERT INTO "SwitchPosition" ("id", "position", "target") VALUES (2066, 1, 2022);
UPDATE "SwitchPosition" SET "route" = 1327 WHERE "id" = 2066;
INSERT INTO "connectsTo" VALUES (1329, 1331);
INSERT INTO "connectsTo" VALUES (1331, 1332);
INSERT INTO "connectsTo" VALUES (1332, 1333);
INSERT INTO "connectsTo" VALUES (1333, 1334);
INSERT INTO "connectsTo" VALUES (1334, 1335);
INSERT INTO "connectsTo" VALUES (1335, 1337);
INSERT INTO "connectsTo" VALUES (1337, 1338);
INSERT INTO "connectsTo" VALUES (1338, 1339);
INSERT INTO "connectsTo" VALUES (1339, 1340);
INSERT INTO "connectsTo" VALUES (1340, 1341);
INSERT INTO "connectsTo" VALUES (1341, 1343);
INSERT INTO "connectsTo" VALUES (1343, 1344);
INSERT INTO "connectsTo" VALUES (1344, 1345);
INSERT INTO "connectsTo" VALUES (1345, 1346);
INSERT INTO "connectsTo" VALUES (1346, 1347);
INSERT INTO "connectsTo" VALUES (1347, 1349);
INSERT INTO "connectsTo" VALUES (1349, 1350);
INSERT INTO "connectsTo" VALUES (1350, 1351);
INSERT INTO "connectsTo" VALUES (1351, 1352);
INSERT INTO "connectsTo" VALUES (1352, 1353);
INSERT INTO "connectsTo" VALUES (1353, 1355);
INSERT INTO "connectsTo" VALUES (1355, 1357);
INSERT INTO "connectsTo" VALUES (1357, 1358);
INSERT INTO "connectsTo" VALUES (1358, 1359);
INSERT INTO "connectsTo" VALUES (1359, 1360);
INSERT INTO "connectsTo" VALUES (1360, 1361);
INSERT INTO "connectsTo" VALUES (1361, 1363);
INSERT INTO "connectsTo" VALUES (1363, 1364);
INSERT INTO "connectsTo" VALUES (1364, 1365);
INSERT INTO "connectsTo" VALUES (1365, 1366);
INSERT INTO "connectsTo" VALUES (1366, 1367);
INSERT INTO "connectsTo" VALUES (1367, 1369);
INSERT INTO "connectsTo" VALUES (1369, 1370);
INSERT INTO "connectsTo" VALUES (1370, 1371);
INSERT INTO "connectsTo" VALUES (1371, 1372);
INSERT INTO "connectsTo" VALUES (1372, 1373);
INSERT INTO "connectsTo" VALUES (1373, 1375);
INSERT INTO "connectsTo" VALUES (1375, 1376);
INSERT INTO "connectsTo" VALUES (1376, 1377);
INSERT INTO "connectsTo" VALUES (1377, 1378);
INSERT INTO "connectsTo" VALUES (1378, 1379);
INSERT INTO "connectsTo" VALUES (1379, 1381);
INSERT INTO "connectsTo" VALUES (1381, 1382);
INSERT INTO "connectsTo" VALUES (1382, 1383);
INSERT INTO "connectsTo" VALUES (1383, 1384);
INSERT INTO "connectsTo" VALUES (1384, 1385);
INSERT INTO "connectsTo" VALUES (1385, 1387);
INSERT INTO "connectsTo" VALUES (1387, 1388);
INSERT INTO "connectsTo" VALUES (1388, 1389);
INSERT INTO "connectsTo" VALUES (1389, 1390);
INSERT INTO "connectsTo" VALUES (1390, 1391);
INSERT INTO "connectsTo" VALUES (1391, 1393);
INSERT INTO "connectsTo" VALUES (1393, 1394);
INSERT INTO "connectsTo" VALUES (1394, 1395);
INSERT INTO "connectsTo" VALUES (1395, 1396);
INSERT INTO "connectsTo" VALUES (1396, 1397);
INSERT INTO "connectsTo" VALUES (1397, 1399);
INSERT INTO "connectsTo" VALUES (1399, 1400);
INSERT INTO "connectsTo" VALUES (1400, 1401);
INSERT INTO "connectsTo" VALUES (1401, 1402);
INSERT INTO "connectsTo" VALUES (1402, 1403);
INSERT INTO "connectsTo" VALUES (1403, 1405);
INSERT INTO "connectsTo" VALUES (1405, 1406);
INSERT INTO "connectsTo" VALUES (1406, 1407);
INSERT INTO "connectsTo" VALUES (1407, 1408);
INSERT INTO "connectsTo" VALUES (1408, 1409);
INSERT INTO "connectsTo" VALUES (1409, 1411);
INSERT INTO "connectsTo" VALUES (1411, 1413);
INSERT INTO "connectsTo" VALUES (1413, 1414);
INSERT INTO "connectsTo" VALUES (1414, 1415);
INSERT INTO "connectsTo" VALUES (1415, 1416);
INSERT INTO "connectsTo" VALUES (1416, 1417);
INSERT INTO "connectsTo" VALUES (1417, 1419);
INSERT INTO "connectsTo" VALUES (1419, 1420);
INSERT INTO "connectsTo" VALUES (1420, 1421);
INSERT INTO "connectsTo" VALUES (1421, 1422);
INSERT INTO "connectsTo" VALUES (1422, 1423);
INSERT INTO "connectsTo" VALUES (1423, 1425);
INSERT INTO "connectsTo" VALUES (1425, 1426);
INSERT INTO "connectsTo" VALUES (1426, 1427);
INSERT INTO "connectsTo" VALUES (1427, 1428);
INSERT INTO "connectsTo" VALUES (1428, 1429);
INSERT INTO "connectsTo" VALUES (1429, 1431);
INSERT INTO "connectsTo" VALUES (1431, 1432);
INSERT INTO "connectsTo" VALUES (1432, 1433);
INSERT INTO "connectsTo" VALUES (1433, 1434);
INSERT INTO "connectsTo" VALUES (1434, 1435);
INSERT INTO "connectsTo" VALUES (1435, 1437);
INSERT INTO "connectsTo" VALUES (1437, 1439);
INSERT INTO "connectsTo" VALUES (1439, 1440);
INSERT INTO "connectsTo" VALUES (1440, 1441);
INSERT INTO "connectsTo" VALUES (1441, 1442);
INSERT INTO "connectsTo" VALUES (1442, 1443);
INSERT INTO "connectsTo" VALUES (1443, 1445);
INSERT INTO "connectsTo" VALUES (1445, 1446);
INSERT INTO "connectsTo" VALUES (1446, 1447);
INSERT INTO "connectsTo" VALUES (1447, 1448);
INSERT INTO "connectsTo" VALUES (1448, 1449);
INSERT INTO "connectsTo" VALUES (1449, 1451);
INSERT INTO "connectsTo" VALUES (1451, 1452);
INSERT INTO "connectsTo" VALUES (1452, 1453);
INSERT INTO "connectsTo" VALUES (1453, 1454);
INSERT INTO "connectsTo" VALUES (1454, 1455);
INSERT INTO "connectsTo" VALUES (1455, 1457);
INSERT INTO "connectsTo" VALUES (1457, 1458);
INSERT INTO "connectsTo" VALUES (1458, 1459);
INSERT INTO "connectsTo" VALUES (1459, 1460);
INSERT INTO "connectsTo" VALUES (1460, 1461);
INSERT INTO "connectsTo" VALUES (1461, 1463);
INSERT INTO "connectsTo" VALUES (1463, 1464);
INSERT INTO "connectsTo" VALUES (1464, 1465);
INSERT INTO "connectsTo" VALUES (1465, 1466);
INSERT INTO "connectsTo" VALUES (1466, 1467);
INSERT INTO "connectsTo" VALUES (1467, 1469);
INSERT INTO "connectsTo" VALUES (1469, 1470);
INSERT INTO "connectsTo" VALUES (1470, 1471);
INSERT INTO "connectsTo" VALUES (1471, 1472);
INSERT INTO "connectsTo" VALUES (1472, 1473);
INSERT INTO "connectsTo" VALUES (1473, 1475);
INSERT INTO "connectsTo" VALUES (1475, 1476);
INSERT INTO "connectsTo" VALUES (1476, 1477);
INSERT INTO "connectsTo" VALUES (1477, 1478);
INSERT INTO "connectsTo" VALUES (1478, 1479);
INSERT INTO "connectsTo" VALUES (1479, 1481);
INSERT INTO "connectsTo" VALUES (1481, 1483);
INSERT INTO "connectsTo" VALUES (1483, 1484);
INSERT INTO "connectsTo" VALUES (1484, 1485);
INSERT INTO "connectsTo" VALUES (1485, 1486);
INSERT INTO "connectsTo" VALUES (1486, 1487);
INSERT INTO "connectsTo" VALUES (1487, 1489);
INSERT INTO "connectsTo" VALUES (1489, 1490);
INSERT INTO "connectsTo" VALUES (1490, 1491);
INSERT INTO "connectsTo" VALUES (1491, 1492);
INSERT INTO "connectsTo" VALUES (1492, 1493);
INSERT INTO "connectsTo" VALUES (1493, 1495);
INSERT INTO "connectsTo" VALUES (1495, 1496);
INSERT INTO "connectsTo" VALUES (1496, 1497);
INSERT INTO "connectsTo" VALUES (1497, 1498);
INSERT INTO "connectsTo" VALUES (1498, 1499);
INSERT INTO "connectsTo" VALUES (1499, 1501);
INSERT INTO "connectsTo" VALUES (1501, 1502);
INSERT INTO "connectsTo" VALUES (1502, 1503);
INSERT INTO "connectsTo" VALUES (1503, 1504);
INSERT INTO "connectsTo" VALUES (1504, 1505);
INSERT INTO "connectsTo" VALUES (1505, 1507);
INSERT INTO "connectsTo" VALUES (1507, 1508);
INSERT INTO "connectsTo" VALUES (1508, 1509);
INSERT INTO "connectsTo" VALUES (1509, 1510);
INSERT INTO "connectsTo" VALUES (1510, 1511);
INSERT INTO "connectsTo" VALUES (1511, 1513);
INSERT INTO "connectsTo" VALUES (1513, 1514);
INSERT INTO "connectsTo" VALUES (1514, 1515);
INSERT INTO "connectsTo" VALUES (1515, 1516);
INSERT INTO "connectsTo" VALUES (1516, 1517);
INSERT INTO "connectsTo" VALUES (1517, 1518);
INSERT INTO "connectsTo" VALUES (1518, 1520);
INSERT INTO "connectsTo" VALUES (1520, 1522);
INSERT INTO "connectsTo" VALUES (1522, 1523);
INSERT INTO "connectsTo" VALUES (1523, 1524);
INSERT INTO "connectsTo" VALUES (1524, 1525);
INSERT INTO "connectsTo" VALUES (1525, 1526);
INSERT INTO "connectsTo" VALUES (1526, 1528);
INSERT INTO "connectsTo" VALUES (1528, 1529);
INSERT INTO "connectsTo" VALUES (1529, 1530);
INSERT INTO "connectsTo" VALUES (1530, 1531);
INSERT INTO "connectsTo" VALUES (1531, 1532);
INSERT INTO "connectsTo" VALUES (1532, 1534);
INSERT INTO "connectsTo" VALUES (1534, 1535);
INSERT INTO "connectsTo" VALUES (1535, 1536);
INSERT INTO "connectsTo" VALUES (1536, 1537);
INSERT INTO "connectsTo" VALUES (1537, 1538);
INSERT INTO "connectsTo" VALUES (1538, 1540);
INSERT INTO "connectsTo" VALUES (1540, 1541);
INSERT INTO "connectsTo" VALUES (1541, 1542);
INSERT INTO "connectsTo" VALUES (1542, 1543);
INSERT INTO "connectsTo" VALUES (1543, 1544);
INSERT INTO "connectsTo" VALUES (1544, 1546);
INSERT INTO "connectsTo" VALUES (1546, 1547);
INSERT INTO "connectsTo" VALUES (1547, 1548);
INSERT INTO "connectsTo" VALUES (1548, 1549);
INSERT INTO "connectsTo" VALUES (1549, 1550);
INSERT INTO "connectsTo" VALUES (1550, 1552);
INSERT INTO "connectsTo" VALUES (1552, 1553);
INSERT INTO "connectsTo" VALUES (1553, 1554);
INSERT INTO "connectsTo" VALUES (1554, 1555);
INSERT INTO "connectsTo" VALUES (1555, 1556);
INSERT INTO "connectsTo" VALUES (1556, 1558);
INSERT INTO "connectsTo" VALUES (1558, 1560);
INSERT INTO "connectsTo" VALUES (1560, 1561);
INSERT INTO "connectsTo" VALUES (1561, 1562);
INSERT INTO "connectsTo" VALUES (1562, 1563);
INSERT INTO "connectsTo" VALUES (1563, 1564);
INSERT INTO "connectsTo" VALUES (1564, 1566);
INSERT INTO "connectsTo" VALUES (1566, 1567);
INSERT INTO "connectsTo" VALUES (1567, 1568);
INSERT INTO "connectsTo" VALUES (1568, 1569);
INSERT INTO "connectsTo" VALUES (1569, 1570);
INSERT INTO "connectsTo" VALUES (1570, 1572);
INSERT INTO "connectsTo" VALUES (1572, 1573);
INSERT INTO "connectsTo" VALUES (1573, 1574);
INSERT INTO "connectsTo" VALUES (1574, 1575);
INSERT INTO "connectsTo" VALUES (1575, 1576);
INSERT INTO "connectsTo" VALUES (1576, 1578);
INSERT INTO "connectsTo" VALUES (1578, 1579);
INSERT INTO "connectsTo" VALUES (1579, 1580);
INSERT INTO "connectsTo" VALUES (1580, 1581);
INSERT INTO "connectsTo" VALUES (1581, 1582);
INSERT INTO "connectsTo" VALUES (1582, 1584);
INSERT INTO "connectsTo" VALUES (1584, 1586);
INSERT INTO "connectsTo" VALUES (1586, 1587);
INSERT INTO "connectsTo" VALUES (1587, 1588);
INSERT INTO "connectsTo" VALUES (1588, 1589);
INSERT INTO "connectsTo" VALUES (1589, 1590);
INSERT INTO "connectsTo" VALUES (1590, 1592);
INSERT INTO "connectsTo" VALUES (1592, 1593);
INSERT INTO "connectsTo" VALUES (1593, 1594);
INSERT INTO "connectsTo" VALUES (1594, 1595);
INSERT INTO "connectsTo" VALUES (1595, 1596);
INSERT INTO "connectsTo" VALUES (1596, 1598);
INSERT INTO "connectsTo" VALUES (1598, 1599);
INSERT INTO "connectsTo" VALUES (1599, 1600);
INSERT INTO "connectsTo" VALUES (1600, 1601);
INSERT INTO "connectsTo" VALUES (1601, 1602);
INSERT INTO "connectsTo" VALUES (1602, 1604);
INSERT INTO "connectsTo" VALUES (1604, 1605);
INSERT INTO "connectsTo" VALUES (1605, 1606);
INSERT INTO "connectsTo" VALUES (1606, 1607);
INSERT INTO "connectsTo" VALUES (1607, 1608);
INSERT INTO "connectsTo" VALUES (1608, 1610);
INSERT INTO "connectsTo" VALUES (1610, 1611);
INSERT INTO "connectsTo" VALUES (1611, 1612);
INSERT INTO "connectsTo" VALUES (1612, 1613);
INSERT INTO "connectsTo" VALUES (1613, 1614);
INSERT INTO "connectsTo" VALUES (1614, 1616);
INSERT INTO "connectsTo" VALUES (1616, 1618);
INSERT INTO "connectsTo" VALUES (1618, 1619);
INSERT INTO "connectsTo" VALUES (1619, 1620);
INSERT INTO "connectsTo" VALUES (1620, 1621);
INSERT INTO "connectsTo" VALUES (1621, 1622);
INSERT INTO "connectsTo" VALUES (1622, 1624);
INSERT INTO "connectsTo" VALUES (1624, 1625);
INSERT INTO "connectsTo" VALUES (1625, 1626);
INSERT INTO "connectsTo" VALUES (1626, 1627);
INSERT INTO "connectsTo" VALUES (1627, 1628);
INSERT INTO "connectsTo" VALUES (1628, 1630);
INSERT INTO "connectsTo" VALUES (1630, 1631);
INSERT INTO "connectsTo" VALUES (1631, 1632);
INSERT INTO "connectsTo" VALUES (1632, 1633);
INSERT INTO "connectsTo" VALUES (1633, 1634);
INSERT INTO "connectsTo" VALUES (1634, 1636);
INSERT INTO "connectsTo" VALUES (1636, 1637);
INSERT INTO "connectsTo" VALUES (1637, 1638);
INSERT INTO "connectsTo" VALUES (1638, 1639);
INSERT INTO "connectsTo" VALUES (1639, 1640);
INSERT INTO "connectsTo" VALUES (1640, 1642);
INSERT INTO "connectsTo" VALUES (1642, 1643);
INSERT INTO "connectsTo" VALUES (1643, 1644);
INSERT INTO "connectsTo" VALUES (1644, 1645);
INSERT INTO "connectsTo" VALUES (1645, 1646);
INSERT INTO "connectsTo" VALUES (1646, 1648);
INSERT INTO "connectsTo" VALUES (1648, 1649);
INSERT INTO "connectsTo" VALUES (1649, 1650);
INSERT INTO "connectsTo" VALUES (1650, 1651);
INSERT INTO "connectsTo" VALUES (1651, 1652);
INSERT INTO "connectsTo" VALUES (1652, 1654);
INSERT INTO "connectsTo" VALUES (1654, 1655);
INSERT INTO "connectsTo" VALUES (1655, 1656);
INSERT INTO "connectsTo" VALUES (1656, 1657);
INSERT INTO "connectsTo" VALUES (1657, 1658);
INSERT INTO "connectsTo" VALUES (1658, 1660);
INSERT INTO "connectsTo" VALUES (1660, 1661);
INSERT INTO "connectsTo" VALUES (1661, 1662);
INSERT INTO "connectsTo" VALUES (1662, 1663);
INSERT INTO "connectsTo" VALUES (1663, 1664);
INSERT INTO "connectsTo" VALUES (1664, 1666);
INSERT INTO "connectsTo" VALUES (1666, 1668);
INSERT INTO "connectsTo" VALUES (1668, 1669);
INSERT INTO "connectsTo" VALUES (1669, 1670);
INSERT INTO "connectsTo" VALUES (1670, 1671);
INSERT INTO "connectsTo" VALUES (1671, 1672);
INSERT INTO "connectsTo" VALUES (1672, 1674);
INSERT INTO "connectsTo" VALUES (1674, 1675);
INSERT INTO "connectsTo" VALUES (1675, 1676);
INSERT INTO "connectsTo" VALUES (1676, 1677);
INSERT INTO "connectsTo" VALUES (1677, 1678);
INSERT INTO "connectsTo" VALUES (1678, 1680);
INSERT INTO "connectsTo" VALUES (1680, 1681);
INSERT INTO "connectsTo" VALUES (1681, 1682);
INSERT INTO "connectsTo" VALUES (1682, 1683);
INSERT INTO "connectsTo" VALUES (1683, 1684);
INSERT INTO "connectsTo" VALUES (1684, 1686);
INSERT INTO "connectsTo" VALUES (1686, 1687);
INSERT INTO "connectsTo" VALUES (1687, 1688);
INSERT INTO "connectsTo" VALUES (1688, 1689);
INSERT INTO "connectsTo" VALUES (1689, 1690);
INSERT INTO "connectsTo" VALUES (1690, 1691);
INSERT INTO "connectsTo" VALUES (1691, 1693);
INSERT INTO "connectsTo" VALUES (1693, 1694);
INSERT INTO "connectsTo" VALUES (1694, 1695);
INSERT INTO "connectsTo" VALUES (1695, 1696);
INSERT INTO "connectsTo" VALUES (1696, 1697);
INSERT INTO "connectsTo" VALUES (1697, 1699);
INSERT INTO "connectsTo" VALUES (1699, 1700);
INSERT INTO "connectsTo" VALUES (1700, 1701);
INSERT INTO "connectsTo" VALUES (1701, 1702);
INSERT INTO "connectsTo" VALUES (1702, 1703);
INSERT INTO "connectsTo" VALUES (1703, 1705);
INSERT INTO "connectsTo" VALUES (1705, 1706);
INSERT INTO "connectsTo" VALUES (1706, 1707);
INSERT INTO "connectsTo" VALUES (1707, 1708);
INSERT INTO "connectsTo" VALUES (1708, 1709);
INSERT INTO "connectsTo" VALUES (1709, 1711);
INSERT INTO "connectsTo" VALUES (1711, 1712);
INSERT INTO "connectsTo" VALUES (1712, 1713);
INSERT INTO "connectsTo" VALUES (1713, 1714);
INSERT INTO "connectsTo" VALUES (1714, 1715);
INSERT INTO "connectsTo" VALUES (1715, 1717);
INSERT INTO "connectsTo" VALUES (1717, 1719);
INSERT INTO "connectsTo" VALUES (1719, 1720);
INSERT INTO "connectsTo" VALUES (1720, 1721);
INSERT INTO "connectsTo" VALUES (1721, 1722);
INSERT INTO "connectsTo" VALUES (1722, 1723);
INSERT INTO "connectsTo" VALUES (1723, 1725);
INSERT INTO "connectsTo" VALUES (1725, 1726);
INSERT INTO "connectsTo" VALUES (1726, 1727);
INSERT INTO "connectsTo" VALUES (1727, 1728);
INSERT INTO "connectsTo" VALUES (1728, 1729);
INSERT INTO "connectsTo" VALUES (1729, 1731);
INSERT INTO "connectsTo" VALUES (1731, 1732);
INSERT INTO "connectsTo" VALUES (1732, 1733);
INSERT INTO "connectsTo" VALUES (1733, 1734);
INSERT INTO "connectsTo" VALUES (1734, 1735);
INSERT INTO "connectsTo" VALUES (1735, 1737);
INSERT INTO "connectsTo" VALUES (1737, 1738);
INSERT INTO "connectsTo" VALUES (1738, 1739);
INSERT INTO "connectsTo" VALUES (1739, 1740);
INSERT INTO "connectsTo" VALUES (1740, 1741);
INSERT INTO "connectsTo" VALUES (1741, 1743);
INSERT INTO "connectsTo" VALUES (1743, 1745);
INSERT INTO "connectsTo" VALUES (1745, 1746);
INSERT INTO "connectsTo" VALUES (1746, 1747);
INSERT INTO "connectsTo" VALUES (1747, 1748);
INSERT INTO "connectsTo" VALUES (1748, 1749);
INSERT INTO "connectsTo" VALUES (1749, 1751);
INSERT INTO "connectsTo" VALUES (1751, 1752);
INSERT INTO "connectsTo" VALUES (1752, 1753);
INSERT INTO "connectsTo" VALUES (1753, 1754);
INSERT INTO "connectsTo" VALUES (1754, 1755);
INSERT INTO "connectsTo" VALUES (1755, 1757);
INSERT INTO "connectsTo" VALUES (1757, 1758);
INSERT INTO "connectsTo" VALUES (1758, 1759);
INSERT INTO "connectsTo" VALUES (1759, 1760);
INSERT INTO "connectsTo" VALUES (1760, 1761);
INSERT INTO "connectsTo" VALUES (1761, 1763);
INSERT INTO "connectsTo" VALUES (1763, 1764);
INSERT INTO "connectsTo" VALUES (1764, 1765);
INSERT INTO "connectsTo" VALUES (1765, 1766);
INSERT INTO "connectsTo" VALUES (1766, 1767);
INSERT INTO "connectsTo" VALUES (1767, 1769);
INSERT INTO "connectsTo" VALUES (1769, 1770);
INSERT INTO "connectsTo" VALUES (1770, 1771);
INSERT INTO "connectsTo" VALUES (1771, 1772);
INSERT INTO "connectsTo" VALUES (1772, 1773);
INSERT INTO "connectsTo" VALUES (1773, 1775);
INSERT INTO "connectsTo" VALUES (1775, 1776);
INSERT INTO "connectsTo" VALUES (1776, 1777);
INSERT INTO "connectsTo" VALUES (1777, 1778);
INSERT INTO "connectsTo" VALUES (1778, 1779);
INSERT INTO "connectsTo" VALUES (1779, 1781);
INSERT INTO "connectsTo" VALUES (1781, 1782);
INSERT INTO "connectsTo" VALUES (1782, 1783);
INSERT INTO "connectsTo" VALUES (1783, 1784);
INSERT INTO "connectsTo" VALUES (1784, 1785);
INSERT INTO "connectsTo" VALUES (1785, 1787);
INSERT INTO "connectsTo" VALUES (1787, 1788);
INSERT INTO "connectsTo" VALUES (1788, 1789);
INSERT INTO "connectsTo" VALUES (1789, 1790);
INSERT INTO "connectsTo" VALUES (1790, 1791);
INSERT INTO "connectsTo" VALUES (1791, 1792);
INSERT INTO "connectsTo" VALUES (1792, 1794);
INSERT INTO "connectsTo" VALUES (1794, 1796);
INSERT INTO "connectsTo" VALUES (1796, 1797);
INSERT INTO "connectsTo" VALUES (1797, 1798);
INSERT INTO "connectsTo" VALUES (1798, 1799);
INSERT INTO "connectsTo" VALUES (1799, 1800);
INSERT INTO "connectsTo" VALUES (1800, 1802);
INSERT INTO "connectsTo" VALUES (1802, 1804);
INSERT INTO "connectsTo" VALUES (1804, 1805);
INSERT INTO "connectsTo" VALUES (1805, 1806);
INSERT INTO "connectsTo" VALUES (1806, 1807);
INSERT INTO "connectsTo" VALUES (1807, 1808);
INSERT INTO "connectsTo" VALUES (1808, 1810);
INSERT INTO "connectsTo" VALUES (1810, 1811);
INSERT INTO "connectsTo" VALUES (1811, 1812);
INSERT INTO "connectsTo" VALUES (1812, 1813);
INSERT INTO "connectsTo" VALUES (1813, 1814);
INSERT INTO "connectsTo" VALUES (1814, 1816);
INSERT INTO "connectsTo" VALUES (1816, 1817);
INSERT INTO "connectsTo" VALUES (1817, 1818);
INSERT INTO "connectsTo" VALUES (1818, 1819);
INSERT INTO "connectsTo" VALUES (1819, 1820);
INSERT INTO "connectsTo" VALUES (1820, 1822);
INSERT INTO "connectsTo" VALUES (1822, 1823);
INSERT INTO "connectsTo" VALUES (1823, 1824);
INSERT INTO "connectsTo" VALUES (1824, 1825);
INSERT INTO "connectsTo" VALUES (1825, 1826);
INSERT INTO "connectsTo" VALUES (1826, 1828);
INSERT INTO "connectsTo" VALUES (1828, 1830);
INSERT INTO "connectsTo" VALUES (1830, 1831);
INSERT INTO "connectsTo" VALUES (1831, 1832);
INSERT INTO "connectsTo" VALUES (1832, 1833);
INSERT INTO "connectsTo" VALUES (1833, 1834);
INSERT INTO "connectsTo" VALUES (1834, 1836);
INSERT INTO "connectsTo" VALUES (1836, 1837);
INSERT INTO "connectsTo" VALUES (1837, 1838);
INSERT INTO "connectsTo" VALUES (1838, 1839);
INSERT INTO "connectsTo" VALUES (1839, 1840);
INSERT INTO "connectsTo" VALUES (1840, 1842);
INSERT INTO "connectsTo" VALUES (1842, 1843);
INSERT INTO "connectsTo" VALUES (1843, 1844);
INSERT INTO "connectsTo" VALUES (1844, 1845);
INSERT INTO "connectsTo" VALUES (1845, 1846);
INSERT INTO "connectsTo" VALUES (1846, 1848);
INSERT INTO "connectsTo" VALUES (1848, 1849);
INSERT INTO "connectsTo" VALUES (1849, 1850);
INSERT INTO "connectsTo" VALUES (1850, 1851);
INSERT INTO "connectsTo" VALUES (1851, 1852);
INSERT INTO "connectsTo" VALUES (1852, 1854);
INSERT INTO "connectsTo" VALUES (1854, 1855);
INSERT INTO "connectsTo" VALUES (1855, 1856);
INSERT INTO "connectsTo" VALUES (1856, 1857);
INSERT INTO "connectsTo" VALUES (1857, 1858);
INSERT INTO "connectsTo" VALUES (1858, 1860);
INSERT INTO "connectsTo" VALUES (1860, 1861);
INSERT INTO "connectsTo" VALUES (1861, 1862);
INSERT INTO "connectsTo" VALUES (1862, 1863);
INSERT INTO "connectsTo" VALUES (1863, 1864);
INSERT INTO "connectsTo" VALUES (1864, 1866);
INSERT INTO "connectsTo" VALUES (1866, 1867);
INSERT INTO "connectsTo" VALUES (1867, 1868);
INSERT INTO "connectsTo" VALUES (1868, 1869);
INSERT INTO "connectsTo" VALUES (1869, 1870);
INSERT INTO "connectsTo" VALUES (1870, 1872);
INSERT INTO "connectsTo" VALUES (1872, 1873);
INSERT INTO "connectsTo" VALUES (1873, 1874);
INSERT INTO "connectsTo" VALUES (1874, 1875);
INSERT INTO "connectsTo" VALUES (1875, 1876);
INSERT INTO "connectsTo" VALUES (1876, 1878);
INSERT INTO "connectsTo" VALUES (1878, 1880);
INSERT INTO "connectsTo" VALUES (1880, 1881);
INSERT INTO "connectsTo" VALUES (1881, 1882);
INSERT INTO "connectsTo" VALUES (1882, 1883);
INSERT INTO "connectsTo" VALUES (1883, 1884);
INSERT INTO "connectsTo" VALUES (1884, 1886);
INSERT INTO "connectsTo" VALUES (1886, 1887);
INSERT INTO "connectsTo" VALUES (1887, 1888);
INSERT INTO "connectsTo" VALUES (1888, 1889);
INSERT INTO "connectsTo" VALUES (1889, 1890);
INSERT INTO "connectsTo" VALUES (1890, 1892);
INSERT INTO "connectsTo" VALUES (1892, 1893);
INSERT INTO "connectsTo" VALUES (1893, 1894);
INSERT INTO "connectsTo" VALUES (1894, 1895);
INSERT INTO "connectsTo" VALUES (1895, 1896);
INSERT INTO "connectsTo" VALUES (1896, 1898);
INSERT INTO "connectsTo" VALUES (1898, 1899);
INSERT INTO "connectsTo" VALUES (1899, 1900);
INSERT INTO "connectsTo" VALUES (1900, 1901);
INSERT INTO "connectsTo" VALUES (1901, 1902);
INSERT INTO "connectsTo" VALUES (1902, 1904);
INSERT INTO "connectsTo" VALUES (1904, 1905);
INSERT INTO "connectsTo" VALUES (1905, 1906);
INSERT INTO "connectsTo" VALUES (1906, 1907);
INSERT INTO "connectsTo" VALUES (1907, 1908);
INSERT INTO "connectsTo" VALUES (1908, 1910);
INSERT INTO "connectsTo" VALUES (1910, 1911);
INSERT INTO "connectsTo" VALUES (1911, 1912);
INSERT INTO "connectsTo" VALUES (1912, 1913);
INSERT INTO "connectsTo" VALUES (1913, 1914);
INSERT INTO "connectsTo" VALUES (1914, 1916);
INSERT INTO "connectsTo" VALUES (1916, 1917);
INSERT INTO "connectsTo" VALUES (1917, 1918);
INSERT INTO "connectsTo" VALUES (1918, 1919);
INSERT INTO "connectsTo" VALUES (1919, 1920);
INSERT INTO "connectsTo" VALUES (1920, 1922);
INSERT INTO "connectsTo" VALUES (1922, 1923);
INSERT INTO "connectsTo" VALUES (1923, 1924);
INSERT INTO "connectsTo" VALUES (1924, 1925);
INSERT INTO "connectsTo" VALUES (1925, 1926);
INSERT INTO "connectsTo" VALUES (1926, 1928);
INSERT INTO "connectsTo" VALUES (1928, 1930);
INSERT INTO "connectsTo" VALUES (1930, 1931);
INSERT INTO "connectsTo" VALUES (1931, 1932);
INSERT INTO "connectsTo" VALUES (1932, 1933);
INSERT INTO "connectsTo" VALUES (1933, 1934);
INSERT INTO "connectsTo" VALUES (1934, 1936);
INSERT INTO "connectsTo" VALUES (1936, 1937);
INSERT INTO "connectsTo" VALUES (1937, 1938);
INSERT INTO "connectsTo" VALUES (1938, 1939);
INSERT INTO "connectsTo" VALUES (1939, 1940);
INSERT INTO "connectsTo" VALUES (1940, 1942);
INSERT INTO "connectsTo" VALUES (1942, 1943);
INSERT INTO "connectsTo" VALUES (1943, 1944);
INSERT INTO "connectsTo" VALUES (1944, 1945);
INSERT INTO "connectsTo" VALUES (1945, 1946);
INSERT INTO "connectsTo" VALUES (1946, 1948);
INSERT INTO "connectsTo" VALUES (1948, 1949);
INSERT INTO "connectsTo" VALUES (1949, 1950);
INSERT INTO "connectsTo" VALUES (1950, 1951);
INSERT INTO "connectsTo" VALUES (1951, 1952);
INSERT INTO "connectsTo" VALUES (1952, 1954);
INSERT INTO "connectsTo" VALUES (1954, 1955);
INSERT INTO "connectsTo" VALUES (1955, 1956);
INSERT INTO "connectsTo" VALUES (1956, 1957);
INSERT INTO "connectsTo" VALUES (1957, 1958);
INSERT INTO "connectsTo" VALUES (1958, 1960);
INSERT INTO "connectsTo" VALUES (1960, 1961);
INSERT INTO "connectsTo" VALUES (1961, 1962);
INSERT INTO "connectsTo" VALUES (1962, 1963);
INSERT INTO "connectsTo" VALUES (1963, 1964);
INSERT INTO "connectsTo" VALUES (1964, 1966);
INSERT INTO "connectsTo" VALUES (1966, 1967);
INSERT INTO "connectsTo" VALUES (1967, 1968);
INSERT INTO "connectsTo" VALUES (1968, 1969);
INSERT INTO "connectsTo" VALUES (1969, 1970);
INSERT INTO "connectsTo" VALUES (1970, 1972);
INSERT INTO "connectsTo" VALUES (1972, 1974);
INSERT INTO "connectsTo" VALUES (1974, 1975);
INSERT INTO "connectsTo" VALUES (1975, 1976);
INSERT INTO "connectsTo" VALUES (1976, 1977);
INSERT INTO "connectsTo" VALUES (1977, 1978);
INSERT INTO "connectsTo" VALUES (1978, 1980);
INSERT INTO "connectsTo" VALUES (1980, 1981);
INSERT INTO "connectsTo" VALUES (1981, 1982);
INSERT INTO "connectsTo" VALUES (1982, 1983);
INSERT INTO "connectsTo" VALUES (1983, 1984);
INSERT INTO "connectsTo" VALUES (1984, 1986);
INSERT INTO "connectsTo" VALUES (1986, 1987);
INSERT INTO "connectsTo" VALUES (1987, 1988);
INSERT INTO "connectsTo" VALUES (1988, 1989);
INSERT INTO "connectsTo" VALUES (1989, 1990);
INSERT INTO "connectsTo" VALUES (1990, 1992);
INSERT INTO "connectsTo" VALUES (1992, 1993);
INSERT INTO "connectsTo" VALUES (1993, 1994);
INSERT INTO "connectsTo" VALUES (1994, 1995);
INSERT INTO "connectsTo" VALUES (1995, 1996);
INSERT INTO "connectsTo" VALUES (1996, 1998);
INSERT INTO "connectsTo" VALUES (1998, 1999);
INSERT INTO "connectsTo" VALUES (1999, 2000);
INSERT INTO "connectsTo" VALUES (2000, 2001);
INSERT INTO "connectsTo" VALUES (2001, 2002);
INSERT INTO "connectsTo" VALUES (2002, 2004);
INSERT INTO "connectsTo" VALUES (2004, 2005);
INSERT INTO "connectsTo" VALUES (2005, 2006);
INSERT INTO "connectsTo" VALUES (2006, 2007);
INSERT INTO "connectsTo" VALUES (2007, 2008);
INSERT INTO "connectsTo" VALUES (2008, 2010);
INSERT INTO "connectsTo" VALUES (2010, 2011);
INSERT INTO "connectsTo" VALUES (2011, 2012);
INSERT INTO "connectsTo" VALUES (2012, 2013);
INSERT INTO "connectsTo" VALUES (2013, 2014);
INSERT INTO "connectsTo" VALUES (2014, 2016);
INSERT INTO "connectsTo" VALUES (2016, 2017);
INSERT INTO "connectsTo" VALUES (2017, 2018);
INSERT INTO "connectsTo" VALUES (2018, 2019);
INSERT INTO "connectsTo" VALUES (2019, 2020);
INSERT INTO "connectsTo" VALUES (2020, 2022);
INSERT INTO "connectsTo" VALUES (2022, 2024);
INSERT INTO "connectsTo" VALUES (2024, 2025);
INSERT INTO "connectsTo" VALUES (2025, 2026);
INSERT INTO "connectsTo" VALUES (2026, 2027);
INSERT INTO "connectsTo" VALUES (2027, 2028);
INSERT INTO "connectsTo" VALUES (2028, 2030);
INSERT INTO "connectsTo" VALUES (2030, 2031);
INSERT INTO "connectsTo" VALUES (2031, 2032);
INSERT INTO "connectsTo" VALUES (2032, 2033);
INSERT INTO "connectsTo" VALUES (2033, 2034);
INSERT INTO "connectsTo" VALUES (2034, 2035);
INSERT INTO "connectsTo" VALUES (2035, 2037);
INSERT INTO "connectsTo" VALUES (2037, 2038);
INSERT INTO "connectsTo" VALUES (2038, 2039);
INSERT INTO "connectsTo" VALUES (2039, 2040);
INSERT INTO "connectsTo" VALUES (2040, 2041);
INSERT INTO "connectsTo" VALUES (2041, 2043);
INSERT INTO "connectsTo" VALUES (2043, 2044);
INSERT INTO "connectsTo" VALUES (2044, 2045);
INSERT INTO "connectsTo" VALUES (2045, 2046);
INSERT INTO "connectsTo" VALUES (2046, 2047);
INSERT INTO "connectsTo" VALUES (2047, 2049);
INSERT INTO "connectsTo" VALUES (2049, 2050);
INSERT INTO "connectsTo" VALUES (2050, 2051);
INSERT INTO "connectsTo" VALUES (2051, 2052);
INSERT INTO "connectsTo" VALUES (2052, 2053);
INSERT INTO "connectsTo" VALUES (2053, 2055);
INSERT INTO "connectsTo" VALUES (2055, 2056);
INSERT INTO "connectsTo" VALUES (2056, 2057);
INSERT INTO "connectsTo" VALUES (2057, 2058);
INSERT INTO "connectsTo" VALUES (2058, 2059);
INSERT INTO "connectsTo" VALUES (2059, 2061);
INSERT INTO "connectsTo" VALUES (2061, 2062);
INSERT INTO "connectsTo" VALUES (2062, 2063);
INSERT INTO "connectsTo" VALUES (2063, 2064);
INSERT INTO "connectsTo" VALUES (2064, 2065);
INSERT INTO "connectsTo" VALUES (1324, 1329);
INSERT INTO "Semaphore" ("id", "signal") VALUES (2067, 2);
INSERT INTO "Route" ("id", "active", "entry", "exit") VALUES (2068, 1, 1326, 2067);
INSERT INTO "Region" ("id") VALUES (2069);
INSERT INTO "TrackElement" ("id") VALUES (2070);
INSERT INTO "Switch" ("id", "currentPosition") VALUES (2070, 0);
UPDATE "TrackElement" SET "region" = 2069 WHERE "id" = 2070;
INSERT INTO "Sensor" ("id") VALUES (2071);
UPDATE "Sensor" SET "region" = 2069 WHERE "id" = 2071;
INSERT INTO "monitoredBy" VALUES (2070, 2071);
INSERT INTO "requires" VALUES (2068, 2071);
INSERT INTO "TrackElement" ("id") VALUES (2072);
INSERT INTO "Segment" ("id", "length") VALUES (2072, 192);
UPDATE "TrackElement" SET "region" = 2069 WHERE "id" = 2072;
INSERT INTO "monitoredBy" VALUES (2072, 2071);
UPDATE "Semaphore" SET "segment" = 2072 WHERE "id" = 2067;
INSERT INTO "TrackElement" ("id") VALUES (2073);
INSERT INTO "Segment" ("id", "length") VALUES (2073, 75);
UPDATE "TrackElement" SET "region" = 2069 WHERE "id" = 2073;
INSERT INTO "monitoredBy" VALUES (2073, 2071);
INSERT INTO "TrackElement" ("id") VALUES (2074);
INSERT INTO "Segment" ("id", "length") VALUES (2074, 679);
UPDATE "TrackElement" SET "region" = 2069 WHERE "id" = 2074;
INSERT INTO "monitoredBy" VALUES (2074, 2071);
INSERT INTO "TrackElement" ("id") VALUES (2075);
INSERT INTO "Segment" ("id", "length") VALUES (2075, 426);
UPDATE "TrackElement" SET "region" = 2069 WHERE "id" = 2075;
INSERT INTO "monitoredBy" VALUES (2075, 2071);
INSERT INTO "TrackElement" ("id") VALUES (2076);
INSERT INTO "Segment" ("id", "length") VALUES (2076, 694);
UPDATE "TrackElement" SET "region" = 2069 WHERE "id" = 2076;
INSERT INTO "monitoredBy" VALUES (2076, 2071);
INSERT INTO "Sensor" ("id") VALUES (2077);
UPDATE "Sensor" SET "region" = 2069 WHERE "id" = 2077;
INSERT INTO "monitoredBy" VALUES (2070, 2077);
INSERT INTO "requires" VALUES (2068, 2077);
INSERT INTO "TrackElement" ("id") VALUES (2078);
INSERT INTO "Segment" ("id", "length") VALUES (2078, 120);
UPDATE "TrackElement" SET "region" = 2069 WHERE "id" = 2078;
INSERT INTO "monitoredBy" VALUES (2078, 2077);
INSERT INTO "TrackElement" ("id") VALUES (2079);
INSERT INTO "Segment" ("id", "length") VALUES (2079, 843);
UPDATE "TrackElement" SET "region" = 2069 WHERE "id" = 2079;
INSERT INTO "monitoredBy" VALUES (2079, 2077);
INSERT INTO "TrackElement" ("id") VALUES (2080);
INSERT INTO "Segment" ("id", "length") VALUES (2080, 644);
UPDATE "TrackElement" SET "region" = 2069 WHERE "id" = 2080;
INSERT INTO "monitoredBy" VALUES (2080, 2077);
INSERT INTO "TrackElement" ("id") VALUES (2081);
INSERT INTO "Segment" ("id", "length") VALUES (2081, 373);
UPDATE "TrackElement" SET "region" = 2069 WHERE "id" = 2081;
INSERT INTO "monitoredBy" VALUES (2081, 2077);
INSERT INTO "TrackElement" ("id") VALUES (2082);
INSERT INTO "Segment" ("id", "length") VALUES (2082, 910);
UPDATE "TrackElement" SET "region" = 2069 WHERE "id" = 2082;
INSERT INTO "monitoredBy" VALUES (2082, 2077);
INSERT INTO "Sensor" ("id") VALUES (2083);
UPDATE "Sensor" SET "region" = 2069 WHERE "id" = 2083;
INSERT INTO "monitoredBy" VALUES (2070, 2083);
INSERT INTO "requires" VALUES (2068, 2083);
INSERT INTO "TrackElement" ("id") VALUES (2084);
INSERT INTO "Segment" ("id", "length") VALUES (2084, 962);
UPDATE "TrackElement" SET "region" = 2069 WHERE "id" = 2084;
INSERT INTO "monitoredBy" VALUES (2084, 2083);
INSERT INTO "TrackElement" ("id") VALUES (2085);
INSERT INTO "Segment" ("id", "length") VALUES (2085, 580);
UPDATE "TrackElement" SET "region" = 2069 WHERE "id" = 2085;
INSERT INTO "monitoredBy" VALUES (2085, 2083);
INSERT INTO "TrackElement" ("id") VALUES (2086);
INSERT INTO "Segment" ("id", "length") VALUES (2086, 466);
UPDATE "TrackElement" SET "region" = 2069 WHERE "id" = 2086;
INSERT INTO "monitoredBy" VALUES (2086, 2083);
INSERT INTO "TrackElement" ("id") VALUES (2087);
INSERT INTO "Segment" ("id", "length") VALUES (2087, 934);
UPDATE "TrackElement" SET "region" = 2069 WHERE "id" = 2087;
INSERT INTO "monitoredBy" VALUES (2087, 2083);
INSERT INTO "TrackElement" ("id") VALUES (2088);
INSERT INTO "Segment" ("id", "length") VALUES (2088, 197);
UPDATE "TrackElement" SET "region" = 2069 WHERE "id" = 2088;
INSERT INTO "monitoredBy" VALUES (2088, 2083);
INSERT INTO "Sensor" ("id") VALUES (2089);
UPDATE "Sensor" SET "region" = 2069 WHERE "id" = 2089;
INSERT INTO "monitoredBy" VALUES (2070, 2089);
INSERT INTO "requires" VALUES (2068, 2089);
INSERT INTO "TrackElement" ("id") VALUES (2090);
INSERT INTO "Segment" ("id", "length") VALUES (2090, 643);
UPDATE "TrackElement" SET "region" = 2069 WHERE "id" = 2090;
INSERT INTO "monitoredBy" VALUES (2090, 2089);
INSERT INTO "TrackElement" ("id") VALUES (2091);
INSERT INTO "Segment" ("id", "length") VALUES (2091, 355);
UPDATE "TrackElement" SET "region" = 2069 WHERE "id" = 2091;
INSERT INTO "monitoredBy" VALUES (2091, 2089);
INSERT INTO "TrackElement" ("id") VALUES (2092);
INSERT INTO "Segment" ("id", "length") VALUES (2092, 430);
UPDATE "TrackElement" SET "region" = 2069 WHERE "id" = 2092;
INSERT INTO "monitoredBy" VALUES (2092, 2089);
INSERT INTO "TrackElement" ("id") VALUES (2093);
INSERT INTO "Segment" ("id", "length") VALUES (2093, 929);
UPDATE "TrackElement" SET "region" = 2069 WHERE "id" = 2093;
INSERT INTO "monitoredBy" VALUES (2093, 2089);
INSERT INTO "TrackElement" ("id") VALUES (2094);
INSERT INTO "Segment" ("id", "length") VALUES (2094, 514);
UPDATE "TrackElement" SET "region" = 2069 WHERE "id" = 2094;
INSERT INTO "monitoredBy" VALUES (2094, 2089);
INSERT INTO "Sensor" ("id") VALUES (2095);
UPDATE "Sensor" SET "region" = 2069 WHERE "id" = 2095;
INSERT INTO "monitoredBy" VALUES (2070, 2095);
INSERT INTO "requires" VALUES (2068, 2095);
INSERT INTO "TrackElement" ("id") VALUES (2096);
INSERT INTO "Segment" ("id", "length") VALUES (2096, 896);
UPDATE "TrackElement" SET "region" = 2069 WHERE "id" = 2096;
INSERT INTO "monitoredBy" VALUES (2096, 2095);
INSERT INTO "TrackElement" ("id") VALUES (2097);
INSERT INTO "Segment" ("id", "length") VALUES (2097, 929);
UPDATE "TrackElement" SET "region" = 2069 WHERE "id" = 2097;
INSERT INTO "monitoredBy" VALUES (2097, 2095);
INSERT INTO "TrackElement" ("id") VALUES (2098);
INSERT INTO "Segment" ("id", "length") VALUES (2098, 806);
UPDATE "TrackElement" SET "region" = 2069 WHERE "id" = 2098;
INSERT INTO "monitoredBy" VALUES (2098, 2095);
INSERT INTO "TrackElement" ("id") VALUES (2099);
INSERT INTO "Segment" ("id", "length") VALUES (2099, 426);
UPDATE "TrackElement" SET "region" = 2069 WHERE "id" = 2099;
INSERT INTO "monitoredBy" VALUES (2099, 2095);
INSERT INTO "TrackElement" ("id") VALUES (2100);
INSERT INTO "Segment" ("id", "length") VALUES (2100, 575);
UPDATE "TrackElement" SET "region" = 2069 WHERE "id" = 2100;
INSERT INTO "monitoredBy" VALUES (2100, 2095);
INSERT INTO "SwitchPosition" ("id", "position", "target") VALUES (2101, 0, 2070);
UPDATE "SwitchPosition" SET "route" = 2068 WHERE "id" = 2101;
INSERT INTO "TrackElement" ("id") VALUES (2102);
INSERT INTO "Switch" ("id", "currentPosition") VALUES (2102, 2);
UPDATE "TrackElement" SET "region" = 2069 WHERE "id" = 2102;
INSERT INTO "Sensor" ("id") VALUES (2103);
UPDATE "Sensor" SET "region" = 2069 WHERE "id" = 2103;
INSERT INTO "monitoredBy" VALUES (2102, 2103);
INSERT INTO "requires" VALUES (2068, 2103);
INSERT INTO "TrackElement" ("id") VALUES (2104);
INSERT INTO "Segment" ("id", "length") VALUES (2104, 7);
UPDATE "TrackElement" SET "region" = 2069 WHERE "id" = 2104;
INSERT INTO "monitoredBy" VALUES (2104, 2103);
INSERT INTO "TrackElement" ("id") VALUES (2105);
INSERT INTO "Segment" ("id", "length") VALUES (2105, 165);
UPDATE "TrackElement" SET "region" = 2069 WHERE "id" = 2105;
INSERT INTO "monitoredBy" VALUES (2105, 2103);
INSERT INTO "TrackElement" ("id") VALUES (2106);
INSERT INTO "Segment" ("id", "length") VALUES (2106, 85);
UPDATE "TrackElement" SET "region" = 2069 WHERE "id" = 2106;
INSERT INTO "monitoredBy" VALUES (2106, 2103);
INSERT INTO "TrackElement" ("id") VALUES (2107);
INSERT INTO "Segment" ("id", "length") VALUES (2107, 986);
UPDATE "TrackElement" SET "region" = 2069 WHERE "id" = 2107;
INSERT INTO "monitoredBy" VALUES (2107, 2103);
INSERT INTO "TrackElement" ("id") VALUES (2108);
INSERT INTO "Segment" ("id", "length") VALUES (2108, 399);
UPDATE "TrackElement" SET "region" = 2069 WHERE "id" = 2108;
INSERT INTO "monitoredBy" VALUES (2108, 2103);
INSERT INTO "Sensor" ("id") VALUES (2109);
UPDATE "Sensor" SET "region" = 2069 WHERE "id" = 2109;
INSERT INTO "monitoredBy" VALUES (2102, 2109);
INSERT INTO "requires" VALUES (2068, 2109);
INSERT INTO "TrackElement" ("id") VALUES (2110);
INSERT INTO "Segment" ("id", "length") VALUES (2110, 735);
UPDATE "TrackElement" SET "region" = 2069 WHERE "id" = 2110;
INSERT INTO "monitoredBy" VALUES (2110, 2109);
INSERT INTO "TrackElement" ("id") VALUES (2111);
INSERT INTO "Segment" ("id", "length") VALUES (2111, 327);
UPDATE "TrackElement" SET "region" = 2069 WHERE "id" = 2111;
INSERT INTO "monitoredBy" VALUES (2111, 2109);
INSERT INTO "TrackElement" ("id") VALUES (2112);
INSERT INTO "Segment" ("id", "length") VALUES (2112, 148);
UPDATE "TrackElement" SET "region" = 2069 WHERE "id" = 2112;
INSERT INTO "monitoredBy" VALUES (2112, 2109);
INSERT INTO "TrackElement" ("id") VALUES (2113);
INSERT INTO "Segment" ("id", "length") VALUES (2113, 45);
UPDATE "TrackElement" SET "region" = 2069 WHERE "id" = 2113;
INSERT INTO "monitoredBy" VALUES (2113, 2109);
INSERT INTO "TrackElement" ("id") VALUES (2114);
INSERT INTO "Segment" ("id", "length") VALUES (2114, 36);
UPDATE "TrackElement" SET "region" = 2069 WHERE "id" = 2114;
INSERT INTO "monitoredBy" VALUES (2114, 2109);
INSERT INTO "Sensor" ("id") VALUES (2115);
UPDATE "Sensor" SET "region" = 2069 WHERE "id" = 2115;
INSERT INTO "monitoredBy" VALUES (2102, 2115);
INSERT INTO "requires" VALUES (2068, 2115);
INSERT INTO "TrackElement" ("id") VALUES (2116);
INSERT INTO "Segment" ("id", "length") VALUES (2116, 99);
UPDATE "TrackElement" SET "region" = 2069 WHERE "id" = 2116;
INSERT INTO "monitoredBy" VALUES (2116, 2115);
INSERT INTO "TrackElement" ("id") VALUES (2117);
INSERT INTO "Segment" ("id", "length") VALUES (2117, 780);
UPDATE "TrackElement" SET "region" = 2069 WHERE "id" = 2117;
INSERT INTO "monitoredBy" VALUES (2117, 2115);
INSERT INTO "TrackElement" ("id") VALUES (2118);
INSERT INTO "Segment" ("id", "length") VALUES (2118, 696);
UPDATE "TrackElement" SET "region" = 2069 WHERE "id" = 2118;
INSERT INTO "monitoredBy" VALUES (2118, 2115);
INSERT INTO "TrackElement" ("id") VALUES (2119);
INSERT INTO "Segment" ("id", "length") VALUES (2119, 196);
UPDATE "TrackElement" SET "region" = 2069 WHERE "id" = 2119;
INSERT INTO "monitoredBy" VALUES (2119, 2115);
INSERT INTO "TrackElement" ("id") VALUES (2120);
INSERT INTO "Segment" ("id", "length") VALUES (2120, 816);
UPDATE "TrackElement" SET "region" = 2069 WHERE "id" = 2120;
INSERT INTO "monitoredBy" VALUES (2120, 2115);
INSERT INTO "Sensor" ("id") VALUES (2121);
UPDATE "Sensor" SET "region" = 2069 WHERE "id" = 2121;
INSERT INTO "monitoredBy" VALUES (2102, 2121);
INSERT INTO "requires" VALUES (2068, 2121);
INSERT INTO "TrackElement" ("id") VALUES (2122);
INSERT INTO "Segment" ("id", "length") VALUES (2122, 74);
UPDATE "TrackElement" SET "region" = 2069 WHERE "id" = 2122;
INSERT INTO "monitoredBy" VALUES (2122, 2121);
INSERT INTO "TrackElement" ("id") VALUES (2123);
INSERT INTO "Segment" ("id", "length") VALUES (2123, 994);
UPDATE "TrackElement" SET "region" = 2069 WHERE "id" = 2123;
INSERT INTO "monitoredBy" VALUES (2123, 2121);
INSERT INTO "TrackElement" ("id") VALUES (2124);
INSERT INTO "Segment" ("id", "length") VALUES (2124, 927);
UPDATE "TrackElement" SET "region" = 2069 WHERE "id" = 2124;
INSERT INTO "monitoredBy" VALUES (2124, 2121);
INSERT INTO "TrackElement" ("id") VALUES (2125);
INSERT INTO "Segment" ("id", "length") VALUES (2125, 91);
UPDATE "TrackElement" SET "region" = 2069 WHERE "id" = 2125;
INSERT INTO "monitoredBy" VALUES (2125, 2121);
INSERT INTO "TrackElement" ("id") VALUES (2126);
INSERT INTO "Segment" ("id", "length") VALUES (2126, 682);
UPDATE "TrackElement" SET "region" = 2069 WHERE "id" = 2126;
INSERT INTO "monitoredBy" VALUES (2126, 2121);
INSERT INTO "Sensor" ("id") VALUES (2127);
UPDATE "Sensor" SET "region" = 2069 WHERE "id" = 2127;
INSERT INTO "monitoredBy" VALUES (2102, 2127);
INSERT INTO "requires" VALUES (2068, 2127);
INSERT INTO "TrackElement" ("id") VALUES (2128);
INSERT INTO "Segment" ("id", "length") VALUES (2128, 438);
UPDATE "TrackElement" SET "region" = 2069 WHERE "id" = 2128;
INSERT INTO "monitoredBy" VALUES (2128, 2127);
INSERT INTO "TrackElement" ("id") VALUES (2129);
INSERT INTO "Segment" ("id", "length") VALUES (2129, 352);
UPDATE "TrackElement" SET "region" = 2069 WHERE "id" = 2129;
INSERT INTO "monitoredBy" VALUES (2129, 2127);
INSERT INTO "TrackElement" ("id") VALUES (2130);
INSERT INTO "Segment" ("id", "length") VALUES (2130, 532);
UPDATE "TrackElement" SET "region" = 2069 WHERE "id" = 2130;
INSERT INTO "monitoredBy" VALUES (2130, 2127);
INSERT INTO "TrackElement" ("id") VALUES (2131);
INSERT INTO "Segment" ("id", "length") VALUES (2131, -871);
UPDATE "TrackElement" SET "region" = 2069 WHERE "id" = 2131;
INSERT INTO "monitoredBy" VALUES (2131, 2127);
INSERT INTO "TrackElement" ("id") VALUES (2132);
INSERT INTO "Segment" ("id", "length") VALUES (2132, 139);
UPDATE "TrackElement" SET "region" = 2069 WHERE "id" = 2132;
INSERT INTO "monitoredBy" VALUES (2132, 2127);
INSERT INTO "SwitchPosition" ("id", "position", "target") VALUES (2133, 2, 2102);
UPDATE "SwitchPosition" SET "route" = 2068 WHERE "id" = 2133;
INSERT INTO "TrackElement" ("id") VALUES (2134);
INSERT INTO "Switch" ("id", "currentPosition") VALUES (2134, 2);
UPDATE "TrackElement" SET "region" = 2069 WHERE "id" = 2134;
INSERT INTO "Sensor" ("id") VALUES (2135);
UPDATE "Sensor" SET "region" = 2069 WHERE "id" = 2135;
INSERT INTO "monitoredBy" VALUES (2134, 2135);
INSERT INTO "requires" VALUES (2068, 2135);
INSERT INTO "TrackElement" ("id") VALUES (2136);
INSERT INTO "Segment" ("id", "length") VALUES (2136, 687);
UPDATE "TrackElement" SET "region" = 2069 WHERE "id" = 2136;
INSERT INTO "monitoredBy" VALUES (2136, 2135);
INSERT INTO "TrackElement" ("id") VALUES (2137);
INSERT INTO "Segment" ("id", "length") VALUES (2137, 59);
UPDATE "TrackElement" SET "region" = 2069 WHERE "id" = 2137;
INSERT INTO "monitoredBy" VALUES (2137, 2135);
INSERT INTO "TrackElement" ("id") VALUES (2138);
INSERT INTO "Segment" ("id", "length") VALUES (2138, 59);
UPDATE "TrackElement" SET "region" = 2069 WHERE "id" = 2138;
INSERT INTO "monitoredBy" VALUES (2138, 2135);
INSERT INTO "TrackElement" ("id") VALUES (2139);
INSERT INTO "Segment" ("id", "length") VALUES (2139, 788);
UPDATE "TrackElement" SET "region" = 2069 WHERE "id" = 2139;
INSERT INTO "monitoredBy" VALUES (2139, 2135);
INSERT INTO "TrackElement" ("id") VALUES (2140);
INSERT INTO "Segment" ("id", "length") VALUES (2140, 474);
UPDATE "TrackElement" SET "region" = 2069 WHERE "id" = 2140;
INSERT INTO "monitoredBy" VALUES (2140, 2135);
INSERT INTO "SwitchPosition" ("id", "position", "target") VALUES (2141, 2, 2134);
UPDATE "SwitchPosition" SET "route" = 2068 WHERE "id" = 2141;
INSERT INTO "TrackElement" ("id") VALUES (2142);
INSERT INTO "Switch" ("id", "currentPosition") VALUES (2142, 2);
UPDATE "TrackElement" SET "region" = 2069 WHERE "id" = 2142;
INSERT INTO "Sensor" ("id") VALUES (2143);
UPDATE "Sensor" SET "region" = 2069 WHERE "id" = 2143;
INSERT INTO "monitoredBy" VALUES (2142, 2143);
INSERT INTO "requires" VALUES (2068, 2143);
INSERT INTO "TrackElement" ("id") VALUES (2144);
INSERT INTO "Segment" ("id", "length") VALUES (2144, 724);
UPDATE "TrackElement" SET "region" = 2069 WHERE "id" = 2144;
INSERT INTO "monitoredBy" VALUES (2144, 2143);
INSERT INTO "TrackElement" ("id") VALUES (2145);
INSERT INTO "Segment" ("id", "length") VALUES (2145, 750);
UPDATE "TrackElement" SET "region" = 2069 WHERE "id" = 2145;
INSERT INTO "monitoredBy" VALUES (2145, 2143);
INSERT INTO "TrackElement" ("id") VALUES (2146);
INSERT INTO "Segment" ("id", "length") VALUES (2146, 15);
UPDATE "TrackElement" SET "region" = 2069 WHERE "id" = 2146;
INSERT INTO "monitoredBy" VALUES (2146, 2143);
INSERT INTO "TrackElement" ("id") VALUES (2147);
INSERT INTO "Segment" ("id", "length") VALUES (2147, 982);
UPDATE "TrackElement" SET "region" = 2069 WHERE "id" = 2147;
INSERT INTO "monitoredBy" VALUES (2147, 2143);
INSERT INTO "TrackElement" ("id") VALUES (2148);
INSERT INTO "Segment" ("id", "length") VALUES (2148, 976);
UPDATE "TrackElement" SET "region" = 2069 WHERE "id" = 2148;
INSERT INTO "monitoredBy" VALUES (2148, 2143);
INSERT INTO "Sensor" ("id") VALUES (2149);
UPDATE "Sensor" SET "region" = 2069 WHERE "id" = 2149;
INSERT INTO "monitoredBy" VALUES (2142, 2149);
INSERT INTO "requires" VALUES (2068, 2149);
INSERT INTO "TrackElement" ("id") VALUES (2150);
INSERT INTO "Segment" ("id", "length") VALUES (2150, 413);
UPDATE "TrackElement" SET "region" = 2069 WHERE "id" = 2150;
INSERT INTO "monitoredBy" VALUES (2150, 2149);
INSERT INTO "TrackElement" ("id") VALUES (2151);
INSERT INTO "Segment" ("id", "length") VALUES (2151, 1);
UPDATE "TrackElement" SET "region" = 2069 WHERE "id" = 2151;
INSERT INTO "monitoredBy" VALUES (2151, 2149);
INSERT INTO "TrackElement" ("id") VALUES (2152);
INSERT INTO "Segment" ("id", "length") VALUES (2152, 781);
UPDATE "TrackElement" SET "region" = 2069 WHERE "id" = 2152;
INSERT INTO "monitoredBy" VALUES (2152, 2149);
INSERT INTO "TrackElement" ("id") VALUES (2153);
INSERT INTO "Segment" ("id", "length") VALUES (2153, 731);
UPDATE "TrackElement" SET "region" = 2069 WHERE "id" = 2153;
INSERT INTO "monitoredBy" VALUES (2153, 2149);
INSERT INTO "TrackElement" ("id") VALUES (2154);
INSERT INTO "Segment" ("id", "length") VALUES (2154, 730);
UPDATE "TrackElement" SET "region" = 2069 WHERE "id" = 2154;
INSERT INTO "monitoredBy" VALUES (2154, 2149);
INSERT INTO "Sensor" ("id") VALUES (2155);
UPDATE "Sensor" SET "region" = 2069 WHERE "id" = 2155;
INSERT INTO "monitoredBy" VALUES (2142, 2155);
INSERT INTO "requires" VALUES (2068, 2155);
INSERT INTO "TrackElement" ("id") VALUES (2156);
INSERT INTO "Segment" ("id", "length") VALUES (2156, 5);
UPDATE "TrackElement" SET "region" = 2069 WHERE "id" = 2156;
INSERT INTO "monitoredBy" VALUES (2156, 2155);
INSERT INTO "TrackElement" ("id") VALUES (2157);
INSERT INTO "Segment" ("id", "length") VALUES (2157, 672);
UPDATE "TrackElement" SET "region" = 2069 WHERE "id" = 2157;
INSERT INTO "monitoredBy" VALUES (2157, 2155);
INSERT INTO "TrackElement" ("id") VALUES (2158);
INSERT INTO "Segment" ("id", "length") VALUES (2158, 444);
UPDATE "TrackElement" SET "region" = 2069 WHERE "id" = 2158;
INSERT INTO "monitoredBy" VALUES (2158, 2155);
INSERT INTO "TrackElement" ("id") VALUES (2159);
INSERT INTO "Segment" ("id", "length") VALUES (2159, 98);
UPDATE "TrackElement" SET "region" = 2069 WHERE "id" = 2159;
INSERT INTO "monitoredBy" VALUES (2159, 2155);
INSERT INTO "TrackElement" ("id") VALUES (2160);
INSERT INTO "Segment" ("id", "length") VALUES (2160, 550);
UPDATE "TrackElement" SET "region" = 2069 WHERE "id" = 2160;
INSERT INTO "monitoredBy" VALUES (2160, 2155);
INSERT INTO "Sensor" ("id") VALUES (2161);
UPDATE "Sensor" SET "region" = 2069 WHERE "id" = 2161;
INSERT INTO "monitoredBy" VALUES (2142, 2161);
INSERT INTO "requires" VALUES (2068, 2161);
INSERT INTO "TrackElement" ("id") VALUES (2162);
INSERT INTO "Segment" ("id", "length") VALUES (2162, 830);
UPDATE "TrackElement" SET "region" = 2069 WHERE "id" = 2162;
INSERT INTO "monitoredBy" VALUES (2162, 2161);
INSERT INTO "TrackElement" ("id") VALUES (2163);
INSERT INTO "Segment" ("id", "length") VALUES (2163, 633);
UPDATE "TrackElement" SET "region" = 2069 WHERE "id" = 2163;
INSERT INTO "monitoredBy" VALUES (2163, 2161);
INSERT INTO "TrackElement" ("id") VALUES (2164);
INSERT INTO "Segment" ("id", "length") VALUES (2164, 498);
UPDATE "TrackElement" SET "region" = 2069 WHERE "id" = 2164;
INSERT INTO "monitoredBy" VALUES (2164, 2161);
INSERT INTO "TrackElement" ("id") VALUES (2165);
INSERT INTO "Segment" ("id", "length") VALUES (2165, 628);
UPDATE "TrackElement" SET "region" = 2069 WHERE "id" = 2165;
INSERT INTO "monitoredBy" VALUES (2165, 2161);
INSERT INTO "TrackElement" ("id") VALUES (2166);
INSERT INTO "Segment" ("id", "length") VALUES (2166, 27);
UPDATE "TrackElement" SET "region" = 2069 WHERE "id" = 2166;
INSERT INTO "monitoredBy" VALUES (2166, 2161);
INSERT INTO "Sensor" ("id") VALUES (2167);
UPDATE "Sensor" SET "region" = 2069 WHERE "id" = 2167;
INSERT INTO "monitoredBy" VALUES (2142, 2167);
INSERT INTO "requires" VALUES (2068, 2167);
INSERT INTO "TrackElement" ("id") VALUES (2168);
INSERT INTO "Segment" ("id", "length") VALUES (2168, 924);
UPDATE "TrackElement" SET "region" = 2069 WHERE "id" = 2168;
INSERT INTO "monitoredBy" VALUES (2168, 2167);
INSERT INTO "TrackElement" ("id") VALUES (2169);
INSERT INTO "Segment" ("id", "length") VALUES (2169, 404);
UPDATE "TrackElement" SET "region" = 2069 WHERE "id" = 2169;
INSERT INTO "monitoredBy" VALUES (2169, 2167);
INSERT INTO "TrackElement" ("id") VALUES (2170);
INSERT INTO "Segment" ("id", "length") VALUES (2170, 289);
UPDATE "TrackElement" SET "region" = 2069 WHERE "id" = 2170;
INSERT INTO "monitoredBy" VALUES (2170, 2167);
INSERT INTO "TrackElement" ("id") VALUES (2171);
INSERT INTO "Segment" ("id", "length") VALUES (2171, 2);
UPDATE "TrackElement" SET "region" = 2069 WHERE "id" = 2171;
INSERT INTO "monitoredBy" VALUES (2171, 2167);
INSERT INTO "TrackElement" ("id") VALUES (2172);
INSERT INTO "Segment" ("id", "length") VALUES (2172, 617);
UPDATE "TrackElement" SET "region" = 2069 WHERE "id" = 2172;
INSERT INTO "monitoredBy" VALUES (2172, 2167);
INSERT INTO "Sensor" ("id") VALUES (2173);
UPDATE "Sensor" SET "region" = 2069 WHERE "id" = 2173;
INSERT INTO "monitoredBy" VALUES (2142, 2173);
INSERT INTO "requires" VALUES (2068, 2173);
INSERT INTO "TrackElement" ("id") VALUES (2174);
INSERT INTO "Segment" ("id", "length") VALUES (2174, 340);
UPDATE "TrackElement" SET "region" = 2069 WHERE "id" = 2174;
INSERT INTO "monitoredBy" VALUES (2174, 2173);
INSERT INTO "TrackElement" ("id") VALUES (2175);
INSERT INTO "Segment" ("id", "length") VALUES (2175, 909);
UPDATE "TrackElement" SET "region" = 2069 WHERE "id" = 2175;
INSERT INTO "monitoredBy" VALUES (2175, 2173);
INSERT INTO "TrackElement" ("id") VALUES (2176);
INSERT INTO "Segment" ("id", "length") VALUES (2176, 749);
UPDATE "TrackElement" SET "region" = 2069 WHERE "id" = 2176;
INSERT INTO "monitoredBy" VALUES (2176, 2173);
INSERT INTO "TrackElement" ("id") VALUES (2177);
INSERT INTO "Segment" ("id", "length") VALUES (2177, 133);
UPDATE "TrackElement" SET "region" = 2069 WHERE "id" = 2177;
INSERT INTO "monitoredBy" VALUES (2177, 2173);
INSERT INTO "TrackElement" ("id") VALUES (2178);
INSERT INTO "Segment" ("id", "length") VALUES (2178, 47);
UPDATE "TrackElement" SET "region" = 2069 WHERE "id" = 2178;
INSERT INTO "monitoredBy" VALUES (2178, 2173);
INSERT INTO "Sensor" ("id") VALUES (2179);
UPDATE "Sensor" SET "region" = 2069 WHERE "id" = 2179;
INSERT INTO "monitoredBy" VALUES (2142, 2179);
INSERT INTO "requires" VALUES (2068, 2179);
INSERT INTO "TrackElement" ("id") VALUES (2180);
INSERT INTO "Segment" ("id", "length") VALUES (2180, 511);
UPDATE "TrackElement" SET "region" = 2069 WHERE "id" = 2180;
INSERT INTO "monitoredBy" VALUES (2180, 2179);
INSERT INTO "TrackElement" ("id") VALUES (2181);
INSERT INTO "Segment" ("id", "length") VALUES (2181, 380);
UPDATE "TrackElement" SET "region" = 2069 WHERE "id" = 2181;
INSERT INTO "monitoredBy" VALUES (2181, 2179);
INSERT INTO "TrackElement" ("id") VALUES (2182);
INSERT INTO "Segment" ("id", "length") VALUES (2182, 50);
UPDATE "TrackElement" SET "region" = 2069 WHERE "id" = 2182;
INSERT INTO "monitoredBy" VALUES (2182, 2179);
INSERT INTO "TrackElement" ("id") VALUES (2183);
INSERT INTO "Segment" ("id", "length") VALUES (2183, 340);
UPDATE "TrackElement" SET "region" = 2069 WHERE "id" = 2183;
INSERT INTO "monitoredBy" VALUES (2183, 2179);
INSERT INTO "TrackElement" ("id") VALUES (2184);
INSERT INTO "Segment" ("id", "length") VALUES (2184, 678);
UPDATE "TrackElement" SET "region" = 2069 WHERE "id" = 2184;
INSERT INTO "monitoredBy" VALUES (2184, 2179);
INSERT INTO "Sensor" ("id") VALUES (2185);
UPDATE "Sensor" SET "region" = 2069 WHERE "id" = 2185;
INSERT INTO "monitoredBy" VALUES (2142, 2185);
INSERT INTO "requires" VALUES (2068, 2185);
INSERT INTO "TrackElement" ("id") VALUES (2186);
INSERT INTO "Segment" ("id", "length") VALUES (2186, 516);
UPDATE "TrackElement" SET "region" = 2069 WHERE "id" = 2186;
INSERT INTO "monitoredBy" VALUES (2186, 2185);
INSERT INTO "TrackElement" ("id") VALUES (2187);
INSERT INTO "Segment" ("id", "length") VALUES (2187, 492);
UPDATE "TrackElement" SET "region" = 2069 WHERE "id" = 2187;
INSERT INTO "monitoredBy" VALUES (2187, 2185);
INSERT INTO "TrackElement" ("id") VALUES (2188);
INSERT INTO "Segment" ("id", "length") VALUES (2188, 731);
UPDATE "TrackElement" SET "region" = 2069 WHERE "id" = 2188;
INSERT INTO "monitoredBy" VALUES (2188, 2185);
INSERT INTO "TrackElement" ("id") VALUES (2189);
INSERT INTO "Segment" ("id", "length") VALUES (2189, 900);
UPDATE "TrackElement" SET "region" = 2069 WHERE "id" = 2189;
INSERT INTO "monitoredBy" VALUES (2189, 2185);
INSERT INTO "TrackElement" ("id") VALUES (2190);
INSERT INTO "Segment" ("id", "length") VALUES (2190, 539);
UPDATE "TrackElement" SET "region" = 2069 WHERE "id" = 2190;
INSERT INTO "monitoredBy" VALUES (2190, 2185);
INSERT INTO "SwitchPosition" ("id", "position", "target") VALUES (2191, 2, 2142);
UPDATE "SwitchPosition" SET "route" = 2068 WHERE "id" = 2191;
INSERT INTO "TrackElement" ("id") VALUES (2192);
INSERT INTO "Switch" ("id", "currentPosition") VALUES (2192, 2);
UPDATE "TrackElement" SET "region" = 2069 WHERE "id" = 2192;
INSERT INTO "Sensor" ("id") VALUES (2193);
UPDATE "Sensor" SET "region" = 2069 WHERE "id" = 2193;
INSERT INTO "monitoredBy" VALUES (2192, 2193);
INSERT INTO "requires" VALUES (2068, 2193);
INSERT INTO "TrackElement" ("id") VALUES (2194);
INSERT INTO "Segment" ("id", "length") VALUES (2194, 345);
UPDATE "TrackElement" SET "region" = 2069 WHERE "id" = 2194;
INSERT INTO "monitoredBy" VALUES (2194, 2193);
INSERT INTO "TrackElement" ("id") VALUES (2195);
INSERT INTO "Segment" ("id", "length") VALUES (2195, 904);
UPDATE "TrackElement" SET "region" = 2069 WHERE "id" = 2195;
INSERT INTO "monitoredBy" VALUES (2195, 2193);
INSERT INTO "TrackElement" ("id") VALUES (2196);
INSERT INTO "Segment" ("id", "length") VALUES (2196, 601);
UPDATE "TrackElement" SET "region" = 2069 WHERE "id" = 2196;
INSERT INTO "monitoredBy" VALUES (2196, 2193);
INSERT INTO "TrackElement" ("id") VALUES (2197);
INSERT INTO "Segment" ("id", "length") VALUES (2197, 964);
UPDATE "TrackElement" SET "region" = 2069 WHERE "id" = 2197;
INSERT INTO "monitoredBy" VALUES (2197, 2193);
INSERT INTO "TrackElement" ("id") VALUES (2198);
INSERT INTO "Segment" ("id", "length") VALUES (2198, 50);
UPDATE "TrackElement" SET "region" = 2069 WHERE "id" = 2198;
INSERT INTO "monitoredBy" VALUES (2198, 2193);
INSERT INTO "Sensor" ("id") VALUES (2199);
UPDATE "Sensor" SET "region" = 2069 WHERE "id" = 2199;
INSERT INTO "monitoredBy" VALUES (2192, 2199);
INSERT INTO "requires" VALUES (2068, 2199);
INSERT INTO "TrackElement" ("id") VALUES (2200);
INSERT INTO "Segment" ("id", "length") VALUES (2200, 815);
UPDATE "TrackElement" SET "region" = 2069 WHERE "id" = 2200;
INSERT INTO "monitoredBy" VALUES (2200, 2199);
INSERT INTO "TrackElement" ("id") VALUES (2201);
INSERT INTO "Segment" ("id", "length") VALUES (2201, 99);
UPDATE "TrackElement" SET "region" = 2069 WHERE "id" = 2201;
INSERT INTO "monitoredBy" VALUES (2201, 2199);
INSERT INTO "TrackElement" ("id") VALUES (2202);
INSERT INTO "Segment" ("id", "length") VALUES (2202, 139);
UPDATE "TrackElement" SET "region" = 2069 WHERE "id" = 2202;
INSERT INTO "monitoredBy" VALUES (2202, 2199);
INSERT INTO "TrackElement" ("id") VALUES (2203);
INSERT INTO "Segment" ("id", "length") VALUES (2203, 815);
UPDATE "TrackElement" SET "region" = 2069 WHERE "id" = 2203;
INSERT INTO "monitoredBy" VALUES (2203, 2199);
INSERT INTO "TrackElement" ("id") VALUES (2204);
INSERT INTO "Segment" ("id", "length") VALUES (2204, 465);
UPDATE "TrackElement" SET "region" = 2069 WHERE "id" = 2204;
INSERT INTO "monitoredBy" VALUES (2204, 2199);
INSERT INTO "Sensor" ("id") VALUES (2205);
UPDATE "Sensor" SET "region" = 2069 WHERE "id" = 2205;
INSERT INTO "monitoredBy" VALUES (2192, 2205);
INSERT INTO "requires" VALUES (2068, 2205);
INSERT INTO "TrackElement" ("id") VALUES (2206);
INSERT INTO "Segment" ("id", "length") VALUES (2206, 410);
UPDATE "TrackElement" SET "region" = 2069 WHERE "id" = 2206;
INSERT INTO "monitoredBy" VALUES (2206, 2205);
INSERT INTO "TrackElement" ("id") VALUES (2207);
INSERT INTO "Segment" ("id", "length") VALUES (2207, 716);
UPDATE "TrackElement" SET "region" = 2069 WHERE "id" = 2207;
INSERT INTO "monitoredBy" VALUES (2207, 2205);
INSERT INTO "TrackElement" ("id") VALUES (2208);
INSERT INTO "Segment" ("id", "length") VALUES (2208, 933);
UPDATE "TrackElement" SET "region" = 2069 WHERE "id" = 2208;
INSERT INTO "monitoredBy" VALUES (2208, 2205);
INSERT INTO "TrackElement" ("id") VALUES (2209);
INSERT INTO "Segment" ("id", "length") VALUES (2209, 612);
UPDATE "TrackElement" SET "region" = 2069 WHERE "id" = 2209;
INSERT INTO "monitoredBy" VALUES (2209, 2205);
INSERT INTO "TrackElement" ("id") VALUES (2210);
INSERT INTO "Segment" ("id", "length") VALUES (2210, 53);
UPDATE "TrackElement" SET "region" = 2069 WHERE "id" = 2210;
INSERT INTO "monitoredBy" VALUES (2210, 2205);
INSERT INTO "Sensor" ("id") VALUES (2211);
UPDATE "Sensor" SET "region" = 2069 WHERE "id" = 2211;
INSERT INTO "TrackElement" ("id") VALUES (2212);
INSERT INTO "Segment" ("id", "length") VALUES (2212, 418);
UPDATE "TrackElement" SET "region" = 2069 WHERE "id" = 2212;
INSERT INTO "monitoredBy" VALUES (2212, 2211);
INSERT INTO "TrackElement" ("id") VALUES (2213);
INSERT INTO "Segment" ("id", "length") VALUES (2213, 502);
UPDATE "TrackElement" SET "region" = 2069 WHERE "id" = 2213;
INSERT INTO "monitoredBy" VALUES (2213, 2211);
INSERT INTO "TrackElement" ("id") VALUES (2214);
INSERT INTO "Segment" ("id", "length") VALUES (2214, 206);
UPDATE "TrackElement" SET "region" = 2069 WHERE "id" = 2214;
INSERT INTO "monitoredBy" VALUES (2214, 2211);
INSERT INTO "TrackElement" ("id") VALUES (2215);
INSERT INTO "Segment" ("id", "length") VALUES (2215, 555);
UPDATE "TrackElement" SET "region" = 2069 WHERE "id" = 2215;
INSERT INTO "monitoredBy" VALUES (2215, 2211);
INSERT INTO "TrackElement" ("id") VALUES (2216);
INSERT INTO "Segment" ("id", "length") VALUES (2216, 262);
UPDATE "TrackElement" SET "region" = 2069 WHERE "id" = 2216;
INSERT INTO "monitoredBy" VALUES (2216, 2211);
INSERT INTO "Sensor" ("id") VALUES (2217);
UPDATE "Sensor" SET "region" = 2069 WHERE "id" = 2217;
INSERT INTO "monitoredBy" VALUES (2192, 2217);
INSERT INTO "requires" VALUES (2068, 2217);
INSERT INTO "TrackElement" ("id") VALUES (2218);
INSERT INTO "Segment" ("id", "length") VALUES (2218, 785);
UPDATE "TrackElement" SET "region" = 2069 WHERE "id" = 2218;
INSERT INTO "monitoredBy" VALUES (2218, 2217);
INSERT INTO "TrackElement" ("id") VALUES (2219);
INSERT INTO "Segment" ("id", "length") VALUES (2219, 827);
UPDATE "TrackElement" SET "region" = 2069 WHERE "id" = 2219;
INSERT INTO "monitoredBy" VALUES (2219, 2217);
INSERT INTO "TrackElement" ("id") VALUES (2220);
INSERT INTO "Segment" ("id", "length") VALUES (2220, 98);
UPDATE "TrackElement" SET "region" = 2069 WHERE "id" = 2220;
INSERT INTO "monitoredBy" VALUES (2220, 2217);
INSERT INTO "TrackElement" ("id") VALUES (2221);
INSERT INTO "Segment" ("id", "length") VALUES (2221, 924);
UPDATE "TrackElement" SET "region" = 2069 WHERE "id" = 2221;
INSERT INTO "monitoredBy" VALUES (2221, 2217);
INSERT INTO "TrackElement" ("id") VALUES (2222);
INSERT INTO "Segment" ("id", "length") VALUES (2222, 651);
UPDATE "TrackElement" SET "region" = 2069 WHERE "id" = 2222;
INSERT INTO "monitoredBy" VALUES (2222, 2217);
INSERT INTO "Sensor" ("id") VALUES (2223);
UPDATE "Sensor" SET "region" = 2069 WHERE "id" = 2223;
INSERT INTO "monitoredBy" VALUES (2192, 2223);
INSERT INTO "requires" VALUES (2068, 2223);
INSERT INTO "TrackElement" ("id") VALUES (2224);
INSERT INTO "Segment" ("id", "length") VALUES (2224, 738);
UPDATE "TrackElement" SET "region" = 2069 WHERE "id" = 2224;
INSERT INTO "monitoredBy" VALUES (2224, 2223);
INSERT INTO "TrackElement" ("id") VALUES (2225);
INSERT INTO "Segment" ("id", "length") VALUES (2225, 591);
UPDATE "TrackElement" SET "region" = 2069 WHERE "id" = 2225;
INSERT INTO "monitoredBy" VALUES (2225, 2223);
INSERT INTO "TrackElement" ("id") VALUES (2226);
INSERT INTO "Segment" ("id", "length") VALUES (2226, 251);
UPDATE "TrackElement" SET "region" = 2069 WHERE "id" = 2226;
INSERT INTO "monitoredBy" VALUES (2226, 2223);
INSERT INTO "TrackElement" ("id") VALUES (2227);
INSERT INTO "Segment" ("id", "length") VALUES (2227, 935);
UPDATE "TrackElement" SET "region" = 2069 WHERE "id" = 2227;
INSERT INTO "monitoredBy" VALUES (2227, 2223);
INSERT INTO "TrackElement" ("id") VALUES (2228);
INSERT INTO "Segment" ("id", "length") VALUES (2228, 906);
UPDATE "TrackElement" SET "region" = 2069 WHERE "id" = 2228;
INSERT INTO "monitoredBy" VALUES (2228, 2223);
INSERT INTO "SwitchPosition" ("id", "position", "target") VALUES (2229, 2, 2192);
UPDATE "SwitchPosition" SET "route" = 2068 WHERE "id" = 2229;
INSERT INTO "TrackElement" ("id") VALUES (2230);
INSERT INTO "Switch" ("id", "currentPosition") VALUES (2230, 1);
UPDATE "TrackElement" SET "region" = 2069 WHERE "id" = 2230;
INSERT INTO "Sensor" ("id") VALUES (2231);
UPDATE "Sensor" SET "region" = 2069 WHERE "id" = 2231;
INSERT INTO "monitoredBy" VALUES (2230, 2231);
INSERT INTO "requires" VALUES (2068, 2231);
INSERT INTO "TrackElement" ("id") VALUES (2232);
INSERT INTO "Segment" ("id", "length") VALUES (2232, 686);
UPDATE "TrackElement" SET "region" = 2069 WHERE "id" = 2232;
INSERT INTO "monitoredBy" VALUES (2232, 2231);
INSERT INTO "TrackElement" ("id") VALUES (2233);
INSERT INTO "Segment" ("id", "length") VALUES (2233, 503);
UPDATE "TrackElement" SET "region" = 2069 WHERE "id" = 2233;
INSERT INTO "monitoredBy" VALUES (2233, 2231);
INSERT INTO "TrackElement" ("id") VALUES (2234);
INSERT INTO "Segment" ("id", "length") VALUES (2234, 102);
UPDATE "TrackElement" SET "region" = 2069 WHERE "id" = 2234;
INSERT INTO "monitoredBy" VALUES (2234, 2231);
INSERT INTO "TrackElement" ("id") VALUES (2235);
INSERT INTO "Segment" ("id", "length") VALUES (2235, 685);
UPDATE "TrackElement" SET "region" = 2069 WHERE "id" = 2235;
INSERT INTO "monitoredBy" VALUES (2235, 2231);
INSERT INTO "TrackElement" ("id") VALUES (2236);
INSERT INTO "Segment" ("id", "length") VALUES (2236, 910);
UPDATE "TrackElement" SET "region" = 2069 WHERE "id" = 2236;
INSERT INTO "monitoredBy" VALUES (2236, 2231);
INSERT INTO "Sensor" ("id") VALUES (2237);
UPDATE "Sensor" SET "region" = 2069 WHERE "id" = 2237;
INSERT INTO "monitoredBy" VALUES (2230, 2237);
INSERT INTO "requires" VALUES (2068, 2237);
INSERT INTO "TrackElement" ("id") VALUES (2238);
INSERT INTO "Segment" ("id", "length") VALUES (2238, 569);
UPDATE "TrackElement" SET "region" = 2069 WHERE "id" = 2238;
INSERT INTO "monitoredBy" VALUES (2238, 2237);
INSERT INTO "TrackElement" ("id") VALUES (2239);
INSERT INTO "Segment" ("id", "length") VALUES (2239, 237);
UPDATE "TrackElement" SET "region" = 2069 WHERE "id" = 2239;
INSERT INTO "monitoredBy" VALUES (2239, 2237);
INSERT INTO "TrackElement" ("id") VALUES (2240);
INSERT INTO "Segment" ("id", "length") VALUES (2240, 592);
UPDATE "TrackElement" SET "region" = 2069 WHERE "id" = 2240;
INSERT INTO "monitoredBy" VALUES (2240, 2237);
INSERT INTO "TrackElement" ("id") VALUES (2241);
INSERT INTO "Segment" ("id", "length") VALUES (2241, 910);
UPDATE "TrackElement" SET "region" = 2069 WHERE "id" = 2241;
INSERT INTO "monitoredBy" VALUES (2241, 2237);
INSERT INTO "TrackElement" ("id") VALUES (2242);
INSERT INTO "Segment" ("id", "length") VALUES (2242, 355);
UPDATE "TrackElement" SET "region" = 2069 WHERE "id" = 2242;
INSERT INTO "monitoredBy" VALUES (2242, 2237);
INSERT INTO "SwitchPosition" ("id", "position", "target") VALUES (2243, 1, 2230);
UPDATE "SwitchPosition" SET "route" = 2068 WHERE "id" = 2243;
INSERT INTO "TrackElement" ("id") VALUES (2244);
INSERT INTO "Switch" ("id", "currentPosition") VALUES (2244, 1);
UPDATE "TrackElement" SET "region" = 2069 WHERE "id" = 2244;
INSERT INTO "Sensor" ("id") VALUES (2245);
UPDATE "Sensor" SET "region" = 2069 WHERE "id" = 2245;
INSERT INTO "monitoredBy" VALUES (2244, 2245);
INSERT INTO "requires" VALUES (2068, 2245);
INSERT INTO "TrackElement" ("id") VALUES (2246);
INSERT INTO "Segment" ("id", "length") VALUES (2246, 597);
UPDATE "TrackElement" SET "region" = 2069 WHERE "id" = 2246;
INSERT INTO "monitoredBy" VALUES (2246, 2245);
INSERT INTO "TrackElement" ("id") VALUES (2247);
INSERT INTO "Segment" ("id", "length") VALUES (2247, 523);
UPDATE "TrackElement" SET "region" = 2069 WHERE "id" = 2247;
INSERT INTO "monitoredBy" VALUES (2247, 2245);
INSERT INTO "TrackElement" ("id") VALUES (2248);
INSERT INTO "Segment" ("id", "length") VALUES (2248, 412);
UPDATE "TrackElement" SET "region" = 2069 WHERE "id" = 2248;
INSERT INTO "monitoredBy" VALUES (2248, 2245);
INSERT INTO "TrackElement" ("id") VALUES (2249);
INSERT INTO "Segment" ("id", "length") VALUES (2249, 936);
UPDATE "TrackElement" SET "region" = 2069 WHERE "id" = 2249;
INSERT INTO "monitoredBy" VALUES (2249, 2245);
INSERT INTO "TrackElement" ("id") VALUES (2250);
INSERT INTO "Segment" ("id", "length") VALUES (2250, 880);
UPDATE "TrackElement" SET "region" = 2069 WHERE "id" = 2250;
INSERT INTO "monitoredBy" VALUES (2250, 2245);
INSERT INTO "SwitchPosition" ("id", "position", "target") VALUES (2251, 1, 2244);
UPDATE "SwitchPosition" SET "route" = 2068 WHERE "id" = 2251;
INSERT INTO "TrackElement" ("id") VALUES (2252);
INSERT INTO "Switch" ("id", "currentPosition") VALUES (2252, 2);
UPDATE "TrackElement" SET "region" = 2069 WHERE "id" = 2252;
INSERT INTO "Sensor" ("id") VALUES (2253);
UPDATE "Sensor" SET "region" = 2069 WHERE "id" = 2253;
INSERT INTO "monitoredBy" VALUES (2252, 2253);
INSERT INTO "requires" VALUES (2068, 2253);
INSERT INTO "TrackElement" ("id") VALUES (2254);
INSERT INTO "Segment" ("id", "length") VALUES (2254, 671);
UPDATE "TrackElement" SET "region" = 2069 WHERE "id" = 2254;
INSERT INTO "monitoredBy" VALUES (2254, 2253);
INSERT INTO "TrackElement" ("id") VALUES (2255);
INSERT INTO "Segment" ("id", "length") VALUES (2255, 349);
UPDATE "TrackElement" SET "region" = 2069 WHERE "id" = 2255;
INSERT INTO "monitoredBy" VALUES (2255, 2253);
INSERT INTO "TrackElement" ("id") VALUES (2256);
INSERT INTO "Segment" ("id", "length") VALUES (2256, 205);
UPDATE "TrackElement" SET "region" = 2069 WHERE "id" = 2256;
INSERT INTO "monitoredBy" VALUES (2256, 2253);
INSERT INTO "TrackElement" ("id") VALUES (2257);
INSERT INTO "Segment" ("id", "length") VALUES (2257, 713);
UPDATE "TrackElement" SET "region" = 2069 WHERE "id" = 2257;
INSERT INTO "monitoredBy" VALUES (2257, 2253);
INSERT INTO "TrackElement" ("id") VALUES (2258);
INSERT INTO "Segment" ("id", "length") VALUES (2258, 904);
UPDATE "TrackElement" SET "region" = 2069 WHERE "id" = 2258;
INSERT INTO "monitoredBy" VALUES (2258, 2253);
INSERT INTO "Sensor" ("id") VALUES (2259);
UPDATE "Sensor" SET "region" = 2069 WHERE "id" = 2259;
INSERT INTO "monitoredBy" VALUES (2252, 2259);
INSERT INTO "requires" VALUES (2068, 2259);
INSERT INTO "TrackElement" ("id") VALUES (2260);
INSERT INTO "Segment" ("id", "length") VALUES (2260, 625);
UPDATE "TrackElement" SET "region" = 2069 WHERE "id" = 2260;
INSERT INTO "monitoredBy" VALUES (2260, 2259);
INSERT INTO "TrackElement" ("id") VALUES (2261);
INSERT INTO "Segment" ("id", "length") VALUES (2261, 763);
UPDATE "TrackElement" SET "region" = 2069 WHERE "id" = 2261;
INSERT INTO "monitoredBy" VALUES (2261, 2259);
INSERT INTO "TrackElement" ("id") VALUES (2262);
INSERT INTO "Segment" ("id", "length") VALUES (2262, 457);
UPDATE "TrackElement" SET "region" = 2069 WHERE "id" = 2262;
INSERT INTO "monitoredBy" VALUES (2262, 2259);
INSERT INTO "TrackElement" ("id") VALUES (2263);
INSERT INTO "Segment" ("id", "length") VALUES (2263, 400);
UPDATE "TrackElement" SET "region" = 2069 WHERE "id" = 2263;
INSERT INTO "monitoredBy" VALUES (2263, 2259);
INSERT INTO "TrackElement" ("id") VALUES (2264);
INSERT INTO "Segment" ("id", "length") VALUES (2264, 307);
UPDATE "TrackElement" SET "region" = 2069 WHERE "id" = 2264;
INSERT INTO "monitoredBy" VALUES (2264, 2259);
INSERT INTO "Sensor" ("id") VALUES (2265);
UPDATE "Sensor" SET "region" = 2069 WHERE "id" = 2265;
INSERT INTO "monitoredBy" VALUES (2252, 2265);
INSERT INTO "requires" VALUES (2068, 2265);
INSERT INTO "TrackElement" ("id") VALUES (2266);
INSERT INTO "Segment" ("id", "length") VALUES (2266, 598);
UPDATE "TrackElement" SET "region" = 2069 WHERE "id" = 2266;
INSERT INTO "monitoredBy" VALUES (2266, 2265);
INSERT INTO "TrackElement" ("id") VALUES (2267);
INSERT INTO "Segment" ("id", "length") VALUES (2267, 708);
UPDATE "TrackElement" SET "region" = 2069 WHERE "id" = 2267;
INSERT INTO "monitoredBy" VALUES (2267, 2265);
INSERT INTO "TrackElement" ("id") VALUES (2268);
INSERT INTO "Segment" ("id", "length") VALUES (2268, 430);
UPDATE "TrackElement" SET "region" = 2069 WHERE "id" = 2268;
INSERT INTO "monitoredBy" VALUES (2268, 2265);
INSERT INTO "TrackElement" ("id") VALUES (2269);
INSERT INTO "Segment" ("id", "length") VALUES (2269, 162);
UPDATE "TrackElement" SET "region" = 2069 WHERE "id" = 2269;
INSERT INTO "monitoredBy" VALUES (2269, 2265);
INSERT INTO "TrackElement" ("id") VALUES (2270);
INSERT INTO "Segment" ("id", "length") VALUES (2270, 845);
UPDATE "TrackElement" SET "region" = 2069 WHERE "id" = 2270;
INSERT INTO "monitoredBy" VALUES (2270, 2265);
INSERT INTO "Sensor" ("id") VALUES (2271);
UPDATE "Sensor" SET "region" = 2069 WHERE "id" = 2271;
INSERT INTO "monitoredBy" VALUES (2252, 2271);
INSERT INTO "requires" VALUES (2068, 2271);
INSERT INTO "TrackElement" ("id") VALUES (2272);
INSERT INTO "Segment" ("id", "length") VALUES (2272, 376);
UPDATE "TrackElement" SET "region" = 2069 WHERE "id" = 2272;
INSERT INTO "monitoredBy" VALUES (2272, 2271);
INSERT INTO "TrackElement" ("id") VALUES (2273);
INSERT INTO "Segment" ("id", "length") VALUES (2273, 185);
UPDATE "TrackElement" SET "region" = 2069 WHERE "id" = 2273;
INSERT INTO "monitoredBy" VALUES (2273, 2271);
INSERT INTO "TrackElement" ("id") VALUES (2274);
INSERT INTO "Segment" ("id", "length") VALUES (2274, 632);
UPDATE "TrackElement" SET "region" = 2069 WHERE "id" = 2274;
INSERT INTO "monitoredBy" VALUES (2274, 2271);
INSERT INTO "TrackElement" ("id") VALUES (2275);
INSERT INTO "Segment" ("id", "length") VALUES (2275, 757);
UPDATE "TrackElement" SET "region" = 2069 WHERE "id" = 2275;
INSERT INTO "monitoredBy" VALUES (2275, 2271);
INSERT INTO "TrackElement" ("id") VALUES (2276);
INSERT INTO "Segment" ("id", "length") VALUES (2276, 281);
UPDATE "TrackElement" SET "region" = 2069 WHERE "id" = 2276;
INSERT INTO "monitoredBy" VALUES (2276, 2271);
INSERT INTO "Sensor" ("id") VALUES (2277);
UPDATE "Sensor" SET "region" = 2069 WHERE "id" = 2277;
INSERT INTO "monitoredBy" VALUES (2252, 2277);
INSERT INTO "requires" VALUES (2068, 2277);
INSERT INTO "TrackElement" ("id") VALUES (2278);
INSERT INTO "Segment" ("id", "length") VALUES (2278, 885);
UPDATE "TrackElement" SET "region" = 2069 WHERE "id" = 2278;
INSERT INTO "monitoredBy" VALUES (2278, 2277);
INSERT INTO "TrackElement" ("id") VALUES (2279);
INSERT INTO "Segment" ("id", "length") VALUES (2279, 125);
UPDATE "TrackElement" SET "region" = 2069 WHERE "id" = 2279;
INSERT INTO "monitoredBy" VALUES (2279, 2277);
INSERT INTO "TrackElement" ("id") VALUES (2280);
INSERT INTO "Segment" ("id", "length") VALUES (2280, 728);
UPDATE "TrackElement" SET "region" = 2069 WHERE "id" = 2280;
INSERT INTO "monitoredBy" VALUES (2280, 2277);
INSERT INTO "TrackElement" ("id") VALUES (2281);
INSERT INTO "Segment" ("id", "length") VALUES (2281, 574);
UPDATE "TrackElement" SET "region" = 2069 WHERE "id" = 2281;
INSERT INTO "monitoredBy" VALUES (2281, 2277);
INSERT INTO "TrackElement" ("id") VALUES (2282);
INSERT INTO "Segment" ("id", "length") VALUES (2282, 806);
UPDATE "TrackElement" SET "region" = 2069 WHERE "id" = 2282;
INSERT INTO "monitoredBy" VALUES (2282, 2277);
INSERT INTO "Sensor" ("id") VALUES (2283);
UPDATE "Sensor" SET "region" = 2069 WHERE "id" = 2283;
INSERT INTO "monitoredBy" VALUES (2252, 2283);
INSERT INTO "requires" VALUES (2068, 2283);
INSERT INTO "TrackElement" ("id") VALUES (2284);
INSERT INTO "Segment" ("id", "length") VALUES (2284, 637);
UPDATE "TrackElement" SET "region" = 2069 WHERE "id" = 2284;
INSERT INTO "monitoredBy" VALUES (2284, 2283);
INSERT INTO "TrackElement" ("id") VALUES (2285);
INSERT INTO "Segment" ("id", "length") VALUES (2285, 304);
UPDATE "TrackElement" SET "region" = 2069 WHERE "id" = 2285;
INSERT INTO "monitoredBy" VALUES (2285, 2283);
INSERT INTO "TrackElement" ("id") VALUES (2286);
INSERT INTO "Segment" ("id", "length") VALUES (2286, 549);
UPDATE "TrackElement" SET "region" = 2069 WHERE "id" = 2286;
INSERT INTO "monitoredBy" VALUES (2286, 2283);
INSERT INTO "TrackElement" ("id") VALUES (2287);
INSERT INTO "Segment" ("id", "length") VALUES (2287, 241);
UPDATE "TrackElement" SET "region" = 2069 WHERE "id" = 2287;
INSERT INTO "monitoredBy" VALUES (2287, 2283);
INSERT INTO "TrackElement" ("id") VALUES (2288);
INSERT INTO "Segment" ("id", "length") VALUES (2288, 995);
UPDATE "TrackElement" SET "region" = 2069 WHERE "id" = 2288;
INSERT INTO "monitoredBy" VALUES (2288, 2283);
INSERT INTO "SwitchPosition" ("id", "position", "target") VALUES (2289, 2, 2252);
UPDATE "SwitchPosition" SET "route" = 2068 WHERE "id" = 2289;
INSERT INTO "TrackElement" ("id") VALUES (2290);
INSERT INTO "Switch" ("id", "currentPosition") VALUES (2290, 1);
UPDATE "TrackElement" SET "region" = 2069 WHERE "id" = 2290;
INSERT INTO "Sensor" ("id") VALUES (2291);
UPDATE "Sensor" SET "region" = 2069 WHERE "id" = 2291;
INSERT INTO "monitoredBy" VALUES (2290, 2291);
INSERT INTO "requires" VALUES (2068, 2291);
INSERT INTO "TrackElement" ("id") VALUES (2292);
INSERT INTO "Segment" ("id", "length") VALUES (2292, 601);
UPDATE "TrackElement" SET "region" = 2069 WHERE "id" = 2292;
INSERT INTO "monitoredBy" VALUES (2292, 2291);
INSERT INTO "TrackElement" ("id") VALUES (2293);
INSERT INTO "Segment" ("id", "length") VALUES (2293, 323);
UPDATE "TrackElement" SET "region" = 2069 WHERE "id" = 2293;
INSERT INTO "monitoredBy" VALUES (2293, 2291);
INSERT INTO "TrackElement" ("id") VALUES (2294);
INSERT INTO "Segment" ("id", "length") VALUES (2294, 897);
UPDATE "TrackElement" SET "region" = 2069 WHERE "id" = 2294;
INSERT INTO "monitoredBy" VALUES (2294, 2291);
INSERT INTO "TrackElement" ("id") VALUES (2295);
INSERT INTO "Segment" ("id", "length") VALUES (2295, 416);
UPDATE "TrackElement" SET "region" = 2069 WHERE "id" = 2295;
INSERT INTO "monitoredBy" VALUES (2295, 2291);
INSERT INTO "TrackElement" ("id") VALUES (2296);
INSERT INTO "Segment" ("id", "length") VALUES (2296, 458);
UPDATE "TrackElement" SET "region" = 2069 WHERE "id" = 2296;
INSERT INTO "monitoredBy" VALUES (2296, 2291);
INSERT INTO "Sensor" ("id") VALUES (2297);
UPDATE "Sensor" SET "region" = 2069 WHERE "id" = 2297;
INSERT INTO "monitoredBy" VALUES (2290, 2297);
INSERT INTO "requires" VALUES (2068, 2297);
INSERT INTO "TrackElement" ("id") VALUES (2298);
INSERT INTO "Segment" ("id", "length") VALUES (2298, 540);
UPDATE "TrackElement" SET "region" = 2069 WHERE "id" = 2298;
INSERT INTO "monitoredBy" VALUES (2298, 2297);
INSERT INTO "TrackElement" ("id") VALUES (2299);
INSERT INTO "Segment" ("id", "length") VALUES (2299, 107);
UPDATE "TrackElement" SET "region" = 2069 WHERE "id" = 2299;
INSERT INTO "monitoredBy" VALUES (2299, 2297);
INSERT INTO "TrackElement" ("id") VALUES (2300);
INSERT INTO "Segment" ("id", "length") VALUES (2300, 656);
UPDATE "TrackElement" SET "region" = 2069 WHERE "id" = 2300;
INSERT INTO "monitoredBy" VALUES (2300, 2297);
INSERT INTO "TrackElement" ("id") VALUES (2301);
INSERT INTO "Segment" ("id", "length") VALUES (2301, -714);
UPDATE "TrackElement" SET "region" = 2069 WHERE "id" = 2301;
INSERT INTO "monitoredBy" VALUES (2301, 2297);
INSERT INTO "TrackElement" ("id") VALUES (2302);
INSERT INTO "Segment" ("id", "length") VALUES (2302, 702);
UPDATE "TrackElement" SET "region" = 2069 WHERE "id" = 2302;
INSERT INTO "monitoredBy" VALUES (2302, 2297);
INSERT INTO "SwitchPosition" ("id", "position", "target") VALUES (2303, 1, 2290);
UPDATE "SwitchPosition" SET "route" = 2068 WHERE "id" = 2303;
INSERT INTO "TrackElement" ("id") VALUES (2304);
INSERT INTO "Switch" ("id", "currentPosition") VALUES (2304, 0);
UPDATE "TrackElement" SET "region" = 2069 WHERE "id" = 2304;
INSERT INTO "Sensor" ("id") VALUES (2305);
UPDATE "Sensor" SET "region" = 2069 WHERE "id" = 2305;
INSERT INTO "monitoredBy" VALUES (2304, 2305);
INSERT INTO "requires" VALUES (2068, 2305);
INSERT INTO "TrackElement" ("id") VALUES (2306);
INSERT INTO "Segment" ("id", "length") VALUES (2306, 614);
UPDATE "TrackElement" SET "region" = 2069 WHERE "id" = 2306;
INSERT INTO "monitoredBy" VALUES (2306, 2305);
INSERT INTO "TrackElement" ("id") VALUES (2307);
INSERT INTO "Segment" ("id", "length") VALUES (2307, 36);
UPDATE "TrackElement" SET "region" = 2069 WHERE "id" = 2307;
INSERT INTO "monitoredBy" VALUES (2307, 2305);
INSERT INTO "TrackElement" ("id") VALUES (2308);
INSERT INTO "Segment" ("id", "length") VALUES (2308, 478);
UPDATE "TrackElement" SET "region" = 2069 WHERE "id" = 2308;
INSERT INTO "monitoredBy" VALUES (2308, 2305);
INSERT INTO "TrackElement" ("id") VALUES (2309);
INSERT INTO "Segment" ("id", "length") VALUES (2309, 87);
UPDATE "TrackElement" SET "region" = 2069 WHERE "id" = 2309;
INSERT INTO "monitoredBy" VALUES (2309, 2305);
INSERT INTO "TrackElement" ("id") VALUES (2310);
INSERT INTO "Segment" ("id", "length") VALUES (2310, 809);
UPDATE "TrackElement" SET "region" = 2069 WHERE "id" = 2310;
INSERT INTO "monitoredBy" VALUES (2310, 2305);
INSERT INTO "Sensor" ("id") VALUES (2311);
UPDATE "Sensor" SET "region" = 2069 WHERE "id" = 2311;
INSERT INTO "monitoredBy" VALUES (2304, 2311);
INSERT INTO "requires" VALUES (2068, 2311);
INSERT INTO "TrackElement" ("id") VALUES (2312);
INSERT INTO "Segment" ("id", "length") VALUES (2312, 696);
UPDATE "TrackElement" SET "region" = 2069 WHERE "id" = 2312;
INSERT INTO "monitoredBy" VALUES (2312, 2311);
INSERT INTO "TrackElement" ("id") VALUES (2313);
INSERT INTO "Segment" ("id", "length") VALUES (2313, 837);
UPDATE "TrackElement" SET "region" = 2069 WHERE "id" = 2313;
INSERT INTO "monitoredBy" VALUES (2313, 2311);
INSERT INTO "TrackElement" ("id") VALUES (2314);
INSERT INTO "Segment" ("id", "length") VALUES (2314, 497);
UPDATE "TrackElement" SET "region" = 2069 WHERE "id" = 2314;
INSERT INTO "monitoredBy" VALUES (2314, 2311);
INSERT INTO "TrackElement" ("id") VALUES (2315);
INSERT INTO "Segment" ("id", "length") VALUES (2315, 502);
UPDATE "TrackElement" SET "region" = 2069 WHERE "id" = 2315;
INSERT INTO "monitoredBy" VALUES (2315, 2311);
INSERT INTO "TrackElement" ("id") VALUES (2316);
INSERT INTO "Segment" ("id", "length") VALUES (2316, 718);
UPDATE "TrackElement" SET "region" = 2069 WHERE "id" = 2316;
INSERT INTO "monitoredBy" VALUES (2316, 2311);
INSERT INTO "Sensor" ("id") VALUES (2317);
UPDATE "Sensor" SET "region" = 2069 WHERE "id" = 2317;
INSERT INTO "monitoredBy" VALUES (2304, 2317);
INSERT INTO "requires" VALUES (2068, 2317);
INSERT INTO "TrackElement" ("id") VALUES (2318);
INSERT INTO "Segment" ("id", "length") VALUES (2318, 894);
UPDATE "TrackElement" SET "region" = 2069 WHERE "id" = 2318;
INSERT INTO "monitoredBy" VALUES (2318, 2317);
INSERT INTO "TrackElement" ("id") VALUES (2319);
INSERT INTO "Segment" ("id", "length") VALUES (2319, 514);
UPDATE "TrackElement" SET "region" = 2069 WHERE "id" = 2319;
INSERT INTO "monitoredBy" VALUES (2319, 2317);
INSERT INTO "TrackElement" ("id") VALUES (2320);
INSERT INTO "Segment" ("id", "length") VALUES (2320, 743);
UPDATE "TrackElement" SET "region" = 2069 WHERE "id" = 2320;
INSERT INTO "monitoredBy" VALUES (2320, 2317);
INSERT INTO "TrackElement" ("id") VALUES (2321);
INSERT INTO "Segment" ("id", "length") VALUES (2321, 337);
UPDATE "TrackElement" SET "region" = 2069 WHERE "id" = 2321;
INSERT INTO "monitoredBy" VALUES (2321, 2317);
INSERT INTO "TrackElement" ("id") VALUES (2322);
INSERT INTO "Segment" ("id", "length") VALUES (2322, 303);
UPDATE "TrackElement" SET "region" = 2069 WHERE "id" = 2322;
INSERT INTO "monitoredBy" VALUES (2322, 2317);
INSERT INTO "Sensor" ("id") VALUES (2323);
UPDATE "Sensor" SET "region" = 2069 WHERE "id" = 2323;
INSERT INTO "monitoredBy" VALUES (2304, 2323);
INSERT INTO "TrackElement" ("id") VALUES (2324);
INSERT INTO "Segment" ("id", "length") VALUES (2324, 441);
UPDATE "TrackElement" SET "region" = 2069 WHERE "id" = 2324;
INSERT INTO "monitoredBy" VALUES (2324, 2323);
INSERT INTO "TrackElement" ("id") VALUES (2325);
INSERT INTO "Segment" ("id", "length") VALUES (2325, 611);
UPDATE "TrackElement" SET "region" = 2069 WHERE "id" = 2325;
INSERT INTO "monitoredBy" VALUES (2325, 2323);
INSERT INTO "TrackElement" ("id") VALUES (2326);
INSERT INTO "Segment" ("id", "length") VALUES (2326, 975);
UPDATE "TrackElement" SET "region" = 2069 WHERE "id" = 2326;
INSERT INTO "monitoredBy" VALUES (2326, 2323);
INSERT INTO "TrackElement" ("id") VALUES (2327);
INSERT INTO "Segment" ("id", "length") VALUES (2327, 955);
UPDATE "TrackElement" SET "region" = 2069 WHERE "id" = 2327;
INSERT INTO "monitoredBy" VALUES (2327, 2323);
INSERT INTO "TrackElement" ("id") VALUES (2328);
INSERT INTO "Segment" ("id", "length") VALUES (2328, 191);
UPDATE "TrackElement" SET "region" = 2069 WHERE "id" = 2328;
INSERT INTO "monitoredBy" VALUES (2328, 2323);
INSERT INTO "Sensor" ("id") VALUES (2329);
UPDATE "Sensor" SET "region" = 2069 WHERE "id" = 2329;
INSERT INTO "monitoredBy" VALUES (2304, 2329);
INSERT INTO "requires" VALUES (2068, 2329);
INSERT INTO "TrackElement" ("id") VALUES (2330);
INSERT INTO "Segment" ("id", "length") VALUES (2330, 664);
UPDATE "TrackElement" SET "region" = 2069 WHERE "id" = 2330;
INSERT INTO "monitoredBy" VALUES (2330, 2329);
INSERT INTO "TrackElement" ("id") VALUES (2331);
INSERT INTO "Segment" ("id", "length") VALUES (2331, 940);
UPDATE "TrackElement" SET "region" = 2069 WHERE "id" = 2331;
INSERT INTO "monitoredBy" VALUES (2331, 2329);
INSERT INTO "TrackElement" ("id") VALUES (2332);
INSERT INTO "Segment" ("id", "length") VALUES (2332, 7);
UPDATE "TrackElement" SET "region" = 2069 WHERE "id" = 2332;
INSERT INTO "monitoredBy" VALUES (2332, 2329);
INSERT INTO "TrackElement" ("id") VALUES (2333);
INSERT INTO "Segment" ("id", "length") VALUES (2333, -891);
UPDATE "TrackElement" SET "region" = 2069 WHERE "id" = 2333;
INSERT INTO "monitoredBy" VALUES (2333, 2329);
INSERT INTO "TrackElement" ("id") VALUES (2334);
INSERT INTO "Segment" ("id", "length") VALUES (2334, 397);
UPDATE "TrackElement" SET "region" = 2069 WHERE "id" = 2334;
INSERT INTO "monitoredBy" VALUES (2334, 2329);
INSERT INTO "Sensor" ("id") VALUES (2335);
UPDATE "Sensor" SET "region" = 2069 WHERE "id" = 2335;
INSERT INTO "monitoredBy" VALUES (2304, 2335);
INSERT INTO "requires" VALUES (2068, 2335);
INSERT INTO "TrackElement" ("id") VALUES (2336);
INSERT INTO "Segment" ("id", "length") VALUES (2336, 894);
UPDATE "TrackElement" SET "region" = 2069 WHERE "id" = 2336;
INSERT INTO "monitoredBy" VALUES (2336, 2335);
INSERT INTO "TrackElement" ("id") VALUES (2337);
INSERT INTO "Segment" ("id", "length") VALUES (2337, 139);
UPDATE "TrackElement" SET "region" = 2069 WHERE "id" = 2337;
INSERT INTO "monitoredBy" VALUES (2337, 2335);
INSERT INTO "TrackElement" ("id") VALUES (2338);
INSERT INTO "Segment" ("id", "length") VALUES (2338, 549);
UPDATE "TrackElement" SET "region" = 2069 WHERE "id" = 2338;
INSERT INTO "monitoredBy" VALUES (2338, 2335);
INSERT INTO "TrackElement" ("id") VALUES (2339);
INSERT INTO "Segment" ("id", "length") VALUES (2339, 892);
UPDATE "TrackElement" SET "region" = 2069 WHERE "id" = 2339;
INSERT INTO "monitoredBy" VALUES (2339, 2335);
INSERT INTO "TrackElement" ("id") VALUES (2340);
INSERT INTO "Segment" ("id", "length") VALUES (2340, 924);
UPDATE "TrackElement" SET "region" = 2069 WHERE "id" = 2340;
INSERT INTO "monitoredBy" VALUES (2340, 2335);
INSERT INTO "Sensor" ("id") VALUES (2341);
UPDATE "Sensor" SET "region" = 2069 WHERE "id" = 2341;
INSERT INTO "monitoredBy" VALUES (2304, 2341);
INSERT INTO "requires" VALUES (2068, 2341);
INSERT INTO "TrackElement" ("id") VALUES (2342);
INSERT INTO "Segment" ("id", "length") VALUES (2342, 852);
UPDATE "TrackElement" SET "region" = 2069 WHERE "id" = 2342;
INSERT INTO "monitoredBy" VALUES (2342, 2341);
INSERT INTO "TrackElement" ("id") VALUES (2343);
INSERT INTO "Segment" ("id", "length") VALUES (2343, 777);
UPDATE "TrackElement" SET "region" = 2069 WHERE "id" = 2343;
INSERT INTO "monitoredBy" VALUES (2343, 2341);
INSERT INTO "TrackElement" ("id") VALUES (2344);
INSERT INTO "Segment" ("id", "length") VALUES (2344, 446);
UPDATE "TrackElement" SET "region" = 2069 WHERE "id" = 2344;
INSERT INTO "monitoredBy" VALUES (2344, 2341);
INSERT INTO "TrackElement" ("id") VALUES (2345);
INSERT INTO "Segment" ("id", "length") VALUES (2345, 679);
UPDATE "TrackElement" SET "region" = 2069 WHERE "id" = 2345;
INSERT INTO "monitoredBy" VALUES (2345, 2341);
INSERT INTO "TrackElement" ("id") VALUES (2346);
INSERT INTO "Segment" ("id", "length") VALUES (2346, 179);
UPDATE "TrackElement" SET "region" = 2069 WHERE "id" = 2346;
INSERT INTO "monitoredBy" VALUES (2346, 2341);
INSERT INTO "Sensor" ("id") VALUES (2347);
UPDATE "Sensor" SET "region" = 2069 WHERE "id" = 2347;
INSERT INTO "monitoredBy" VALUES (2304, 2347);
INSERT INTO "requires" VALUES (2068, 2347);
INSERT INTO "TrackElement" ("id") VALUES (2348);
INSERT INTO "Segment" ("id", "length") VALUES (2348, 746);
UPDATE "TrackElement" SET "region" = 2069 WHERE "id" = 2348;
INSERT INTO "monitoredBy" VALUES (2348, 2347);
INSERT INTO "TrackElement" ("id") VALUES (2349);
INSERT INTO "Segment" ("id", "length") VALUES (2349, 15);
UPDATE "TrackElement" SET "region" = 2069 WHERE "id" = 2349;
INSERT INTO "monitoredBy" VALUES (2349, 2347);
INSERT INTO "TrackElement" ("id") VALUES (2350);
INSERT INTO "Segment" ("id", "length") VALUES (2350, 459);
UPDATE "TrackElement" SET "region" = 2069 WHERE "id" = 2350;
INSERT INTO "monitoredBy" VALUES (2350, 2347);
INSERT INTO "TrackElement" ("id") VALUES (2351);
INSERT INTO "Segment" ("id", "length") VALUES (2351, 114);
UPDATE "TrackElement" SET "region" = 2069 WHERE "id" = 2351;
INSERT INTO "monitoredBy" VALUES (2351, 2347);
INSERT INTO "TrackElement" ("id") VALUES (2352);
INSERT INTO "Segment" ("id", "length") VALUES (2352, 657);
UPDATE "TrackElement" SET "region" = 2069 WHERE "id" = 2352;
INSERT INTO "monitoredBy" VALUES (2352, 2347);
INSERT INTO "Sensor" ("id") VALUES (2353);
UPDATE "Sensor" SET "region" = 2069 WHERE "id" = 2353;
INSERT INTO "monitoredBy" VALUES (2304, 2353);
INSERT INTO "requires" VALUES (2068, 2353);
INSERT INTO "TrackElement" ("id") VALUES (2354);
INSERT INTO "Segment" ("id", "length") VALUES (2354, 966);
UPDATE "TrackElement" SET "region" = 2069 WHERE "id" = 2354;
INSERT INTO "monitoredBy" VALUES (2354, 2353);
INSERT INTO "TrackElement" ("id") VALUES (2355);
INSERT INTO "Segment" ("id", "length") VALUES (2355, 206);
UPDATE "TrackElement" SET "region" = 2069 WHERE "id" = 2355;
INSERT INTO "monitoredBy" VALUES (2355, 2353);
INSERT INTO "TrackElement" ("id") VALUES (2356);
INSERT INTO "Segment" ("id", "length") VALUES (2356, 10);
UPDATE "TrackElement" SET "region" = 2069 WHERE "id" = 2356;
INSERT INTO "monitoredBy" VALUES (2356, 2353);
INSERT INTO "TrackElement" ("id") VALUES (2357);
INSERT INTO "Segment" ("id", "length") VALUES (2357, 341);
UPDATE "TrackElement" SET "region" = 2069 WHERE "id" = 2357;
INSERT INTO "monitoredBy" VALUES (2357, 2353);
INSERT INTO "TrackElement" ("id") VALUES (2358);
INSERT INTO "Segment" ("id", "length") VALUES (2358, 901);
UPDATE "TrackElement" SET "region" = 2069 WHERE "id" = 2358;
INSERT INTO "monitoredBy" VALUES (2358, 2353);
INSERT INTO "SwitchPosition" ("id", "position", "target") VALUES (2359, 2, 2304);
UPDATE "SwitchPosition" SET "route" = 2068 WHERE "id" = 2359;
INSERT INTO "TrackElement" ("id") VALUES (2360);
INSERT INTO "Switch" ("id", "currentPosition") VALUES (2360, 0);
UPDATE "TrackElement" SET "region" = 2069 WHERE "id" = 2360;
INSERT INTO "Sensor" ("id") VALUES (2361);
UPDATE "Sensor" SET "region" = 2069 WHERE "id" = 2361;
INSERT INTO "monitoredBy" VALUES (2360, 2361);
INSERT INTO "requires" VALUES (2068, 2361);
INSERT INTO "TrackElement" ("id") VALUES (2362);
INSERT INTO "Segment" ("id", "length") VALUES (2362, 78);
UPDATE "TrackElement" SET "region" = 2069 WHERE "id" = 2362;
INSERT INTO "monitoredBy" VALUES (2362, 2361);
INSERT INTO "TrackElement" ("id") VALUES (2363);
INSERT INTO "Segment" ("id", "length") VALUES (2363, 967);
UPDATE "TrackElement" SET "region" = 2069 WHERE "id" = 2363;
INSERT INTO "monitoredBy" VALUES (2363, 2361);
INSERT INTO "TrackElement" ("id") VALUES (2364);
INSERT INTO "Segment" ("id", "length") VALUES (2364, 954);
UPDATE "TrackElement" SET "region" = 2069 WHERE "id" = 2364;
INSERT INTO "monitoredBy" VALUES (2364, 2361);
INSERT INTO "TrackElement" ("id") VALUES (2365);
INSERT INTO "Segment" ("id", "length") VALUES (2365, 534);
UPDATE "TrackElement" SET "region" = 2069 WHERE "id" = 2365;
INSERT INTO "monitoredBy" VALUES (2365, 2361);
INSERT INTO "TrackElement" ("id") VALUES (2366);
INSERT INTO "Segment" ("id", "length") VALUES (2366, 222);
UPDATE "TrackElement" SET "region" = 2069 WHERE "id" = 2366;
INSERT INTO "monitoredBy" VALUES (2366, 2361);
INSERT INTO "Sensor" ("id") VALUES (2367);
UPDATE "Sensor" SET "region" = 2069 WHERE "id" = 2367;
INSERT INTO "monitoredBy" VALUES (2360, 2367);
INSERT INTO "requires" VALUES (2068, 2367);
INSERT INTO "TrackElement" ("id") VALUES (2368);
INSERT INTO "Segment" ("id", "length") VALUES (2368, 121);
UPDATE "TrackElement" SET "region" = 2069 WHERE "id" = 2368;
INSERT INTO "monitoredBy" VALUES (2368, 2367);
INSERT INTO "TrackElement" ("id") VALUES (2369);
INSERT INTO "Segment" ("id", "length") VALUES (2369, 72);
UPDATE "TrackElement" SET "region" = 2069 WHERE "id" = 2369;
INSERT INTO "monitoredBy" VALUES (2369, 2367);
INSERT INTO "TrackElement" ("id") VALUES (2370);
INSERT INTO "Segment" ("id", "length") VALUES (2370, 76);
UPDATE "TrackElement" SET "region" = 2069 WHERE "id" = 2370;
INSERT INTO "monitoredBy" VALUES (2370, 2367);
INSERT INTO "TrackElement" ("id") VALUES (2371);
INSERT INTO "Segment" ("id", "length") VALUES (2371, 767);
UPDATE "TrackElement" SET "region" = 2069 WHERE "id" = 2371;
INSERT INTO "monitoredBy" VALUES (2371, 2367);
INSERT INTO "TrackElement" ("id") VALUES (2372);
INSERT INTO "Segment" ("id", "length") VALUES (2372, 589);
UPDATE "TrackElement" SET "region" = 2069 WHERE "id" = 2372;
INSERT INTO "monitoredBy" VALUES (2372, 2367);
INSERT INTO "Sensor" ("id") VALUES (2373);
UPDATE "Sensor" SET "region" = 2069 WHERE "id" = 2373;
INSERT INTO "monitoredBy" VALUES (2360, 2373);
INSERT INTO "requires" VALUES (2068, 2373);
INSERT INTO "TrackElement" ("id") VALUES (2374);
INSERT INTO "Segment" ("id", "length") VALUES (2374, 85);
UPDATE "TrackElement" SET "region" = 2069 WHERE "id" = 2374;
INSERT INTO "monitoredBy" VALUES (2374, 2373);
INSERT INTO "TrackElement" ("id") VALUES (2375);
INSERT INTO "Segment" ("id", "length") VALUES (2375, 669);
UPDATE "TrackElement" SET "region" = 2069 WHERE "id" = 2375;
INSERT INTO "monitoredBy" VALUES (2375, 2373);
INSERT INTO "TrackElement" ("id") VALUES (2376);
INSERT INTO "Segment" ("id", "length") VALUES (2376, 557);
UPDATE "TrackElement" SET "region" = 2069 WHERE "id" = 2376;
INSERT INTO "monitoredBy" VALUES (2376, 2373);
INSERT INTO "TrackElement" ("id") VALUES (2377);
INSERT INTO "Segment" ("id", "length") VALUES (2377, 621);
UPDATE "TrackElement" SET "region" = 2069 WHERE "id" = 2377;
INSERT INTO "monitoredBy" VALUES (2377, 2373);
INSERT INTO "TrackElement" ("id") VALUES (2378);
INSERT INTO "Segment" ("id", "length") VALUES (2378, 322);
UPDATE "TrackElement" SET "region" = 2069 WHERE "id" = 2378;
INSERT INTO "monitoredBy" VALUES (2378, 2373);
INSERT INTO "Sensor" ("id") VALUES (2379);
UPDATE "Sensor" SET "region" = 2069 WHERE "id" = 2379;
INSERT INTO "monitoredBy" VALUES (2360, 2379);
INSERT INTO "requires" VALUES (2068, 2379);
INSERT INTO "TrackElement" ("id") VALUES (2380);
INSERT INTO "Segment" ("id", "length") VALUES (2380, 216);
UPDATE "TrackElement" SET "region" = 2069 WHERE "id" = 2380;
INSERT INTO "monitoredBy" VALUES (2380, 2379);
INSERT INTO "TrackElement" ("id") VALUES (2381);
INSERT INTO "Segment" ("id", "length") VALUES (2381, 467);
UPDATE "TrackElement" SET "region" = 2069 WHERE "id" = 2381;
INSERT INTO "monitoredBy" VALUES (2381, 2379);
INSERT INTO "TrackElement" ("id") VALUES (2382);
INSERT INTO "Segment" ("id", "length") VALUES (2382, 82);
UPDATE "TrackElement" SET "region" = 2069 WHERE "id" = 2382;
INSERT INTO "monitoredBy" VALUES (2382, 2379);
INSERT INTO "TrackElement" ("id") VALUES (2383);
INSERT INTO "Segment" ("id", "length") VALUES (2383, 919);
UPDATE "TrackElement" SET "region" = 2069 WHERE "id" = 2383;
INSERT INTO "monitoredBy" VALUES (2383, 2379);
INSERT INTO "TrackElement" ("id") VALUES (2384);
INSERT INTO "Segment" ("id", "length") VALUES (2384, 514);
UPDATE "TrackElement" SET "region" = 2069 WHERE "id" = 2384;
INSERT INTO "monitoredBy" VALUES (2384, 2379);
INSERT INTO "Sensor" ("id") VALUES (2385);
UPDATE "Sensor" SET "region" = 2069 WHERE "id" = 2385;
INSERT INTO "monitoredBy" VALUES (2360, 2385);
INSERT INTO "requires" VALUES (2068, 2385);
INSERT INTO "TrackElement" ("id") VALUES (2386);
INSERT INTO "Segment" ("id", "length") VALUES (2386, 280);
UPDATE "TrackElement" SET "region" = 2069 WHERE "id" = 2386;
INSERT INTO "monitoredBy" VALUES (2386, 2385);
INSERT INTO "TrackElement" ("id") VALUES (2387);
INSERT INTO "Segment" ("id", "length") VALUES (2387, 738);
UPDATE "TrackElement" SET "region" = 2069 WHERE "id" = 2387;
INSERT INTO "monitoredBy" VALUES (2387, 2385);
INSERT INTO "TrackElement" ("id") VALUES (2388);
INSERT INTO "Segment" ("id", "length") VALUES (2388, 793);
UPDATE "TrackElement" SET "region" = 2069 WHERE "id" = 2388;
INSERT INTO "monitoredBy" VALUES (2388, 2385);
INSERT INTO "TrackElement" ("id") VALUES (2389);
INSERT INTO "Segment" ("id", "length") VALUES (2389, 318);
UPDATE "TrackElement" SET "region" = 2069 WHERE "id" = 2389;
INSERT INTO "monitoredBy" VALUES (2389, 2385);
INSERT INTO "TrackElement" ("id") VALUES (2390);
INSERT INTO "Segment" ("id", "length") VALUES (2390, 724);
UPDATE "TrackElement" SET "region" = 2069 WHERE "id" = 2390;
INSERT INTO "monitoredBy" VALUES (2390, 2385);
INSERT INTO "Sensor" ("id") VALUES (2391);
UPDATE "Sensor" SET "region" = 2069 WHERE "id" = 2391;
INSERT INTO "monitoredBy" VALUES (2360, 2391);
INSERT INTO "requires" VALUES (2068, 2391);
INSERT INTO "TrackElement" ("id") VALUES (2392);
INSERT INTO "Segment" ("id", "length") VALUES (2392, 393);
UPDATE "TrackElement" SET "region" = 2069 WHERE "id" = 2392;
INSERT INTO "monitoredBy" VALUES (2392, 2391);
INSERT INTO "TrackElement" ("id") VALUES (2393);
INSERT INTO "Segment" ("id", "length") VALUES (2393, 904);
UPDATE "TrackElement" SET "region" = 2069 WHERE "id" = 2393;
INSERT INTO "monitoredBy" VALUES (2393, 2391);
INSERT INTO "TrackElement" ("id") VALUES (2394);
INSERT INTO "Segment" ("id", "length") VALUES (2394, 791);
UPDATE "TrackElement" SET "region" = 2069 WHERE "id" = 2394;
INSERT INTO "monitoredBy" VALUES (2394, 2391);
INSERT INTO "TrackElement" ("id") VALUES (2395);
INSERT INTO "Segment" ("id", "length") VALUES (2395, 186);
UPDATE "TrackElement" SET "region" = 2069 WHERE "id" = 2395;
INSERT INTO "monitoredBy" VALUES (2395, 2391);
INSERT INTO "TrackElement" ("id") VALUES (2396);
INSERT INTO "Segment" ("id", "length") VALUES (2396, 585);
UPDATE "TrackElement" SET "region" = 2069 WHERE "id" = 2396;
INSERT INTO "monitoredBy" VALUES (2396, 2391);
INSERT INTO "Sensor" ("id") VALUES (2397);
UPDATE "Sensor" SET "region" = 2069 WHERE "id" = 2397;
INSERT INTO "monitoredBy" VALUES (2360, 2397);
INSERT INTO "requires" VALUES (2068, 2397);
INSERT INTO "TrackElement" ("id") VALUES (2398);
INSERT INTO "Segment" ("id", "length") VALUES (2398, 820);
UPDATE "TrackElement" SET "region" = 2069 WHERE "id" = 2398;
INSERT INTO "monitoredBy" VALUES (2398, 2397);
INSERT INTO "TrackElement" ("id") VALUES (2399);
INSERT INTO "Segment" ("id", "length") VALUES (2399, 968);
UPDATE "TrackElement" SET "region" = 2069 WHERE "id" = 2399;
INSERT INTO "monitoredBy" VALUES (2399, 2397);
INSERT INTO "TrackElement" ("id") VALUES (2400);
INSERT INTO "Segment" ("id", "length") VALUES (2400, 359);
UPDATE "TrackElement" SET "region" = 2069 WHERE "id" = 2400;
INSERT INTO "monitoredBy" VALUES (2400, 2397);
INSERT INTO "TrackElement" ("id") VALUES (2401);
INSERT INTO "Segment" ("id", "length") VALUES (2401, 25);
UPDATE "TrackElement" SET "region" = 2069 WHERE "id" = 2401;
INSERT INTO "monitoredBy" VALUES (2401, 2397);
INSERT INTO "TrackElement" ("id") VALUES (2402);
INSERT INTO "Segment" ("id", "length") VALUES (2402, 518);
UPDATE "TrackElement" SET "region" = 2069 WHERE "id" = 2402;
INSERT INTO "monitoredBy" VALUES (2402, 2397);
INSERT INTO "SwitchPosition" ("id", "position", "target") VALUES (2403, 0, 2360);
UPDATE "SwitchPosition" SET "route" = 2068 WHERE "id" = 2403;
INSERT INTO "TrackElement" ("id") VALUES (2404);
INSERT INTO "Switch" ("id", "currentPosition") VALUES (2404, 0);
UPDATE "TrackElement" SET "region" = 2069 WHERE "id" = 2404;
INSERT INTO "Sensor" ("id") VALUES (2405);
UPDATE "Sensor" SET "region" = 2069 WHERE "id" = 2405;
INSERT INTO "monitoredBy" VALUES (2404, 2405);
INSERT INTO "requires" VALUES (2068, 2405);
INSERT INTO "TrackElement" ("id") VALUES (2406);
INSERT INTO "Segment" ("id", "length") VALUES (2406, 136);
UPDATE "TrackElement" SET "region" = 2069 WHERE "id" = 2406;
INSERT INTO "monitoredBy" VALUES (2406, 2405);
INSERT INTO "TrackElement" ("id") VALUES (2407);
INSERT INTO "Segment" ("id", "length") VALUES (2407, 934);
UPDATE "TrackElement" SET "region" = 2069 WHERE "id" = 2407;
INSERT INTO "monitoredBy" VALUES (2407, 2405);
INSERT INTO "TrackElement" ("id") VALUES (2408);
INSERT INTO "Segment" ("id", "length") VALUES (2408, 592);
UPDATE "TrackElement" SET "region" = 2069 WHERE "id" = 2408;
INSERT INTO "monitoredBy" VALUES (2408, 2405);
INSERT INTO "TrackElement" ("id") VALUES (2409);
INSERT INTO "Segment" ("id", "length") VALUES (2409, 279);
UPDATE "TrackElement" SET "region" = 2069 WHERE "id" = 2409;
INSERT INTO "monitoredBy" VALUES (2409, 2405);
INSERT INTO "TrackElement" ("id") VALUES (2410);
INSERT INTO "Segment" ("id", "length") VALUES (2410, 990);
UPDATE "TrackElement" SET "region" = 2069 WHERE "id" = 2410;
INSERT INTO "monitoredBy" VALUES (2410, 2405);
INSERT INTO "Sensor" ("id") VALUES (2411);
UPDATE "Sensor" SET "region" = 2069 WHERE "id" = 2411;
INSERT INTO "monitoredBy" VALUES (2404, 2411);
INSERT INTO "requires" VALUES (2068, 2411);
INSERT INTO "TrackElement" ("id") VALUES (2412);
INSERT INTO "Segment" ("id", "length") VALUES (2412, 428);
UPDATE "TrackElement" SET "region" = 2069 WHERE "id" = 2412;
INSERT INTO "monitoredBy" VALUES (2412, 2411);
INSERT INTO "TrackElement" ("id") VALUES (2413);
INSERT INTO "Segment" ("id", "length") VALUES (2413, 481);
UPDATE "TrackElement" SET "region" = 2069 WHERE "id" = 2413;
INSERT INTO "monitoredBy" VALUES (2413, 2411);
INSERT INTO "TrackElement" ("id") VALUES (2414);
INSERT INTO "Segment" ("id", "length") VALUES (2414, 835);
UPDATE "TrackElement" SET "region" = 2069 WHERE "id" = 2414;
INSERT INTO "monitoredBy" VALUES (2414, 2411);
INSERT INTO "TrackElement" ("id") VALUES (2415);
INSERT INTO "Segment" ("id", "length") VALUES (2415, 264);
UPDATE "TrackElement" SET "region" = 2069 WHERE "id" = 2415;
INSERT INTO "monitoredBy" VALUES (2415, 2411);
INSERT INTO "TrackElement" ("id") VALUES (2416);
INSERT INTO "Segment" ("id", "length") VALUES (2416, 522);
UPDATE "TrackElement" SET "region" = 2069 WHERE "id" = 2416;
INSERT INTO "monitoredBy" VALUES (2416, 2411);
INSERT INTO "Sensor" ("id") VALUES (2417);
UPDATE "Sensor" SET "region" = 2069 WHERE "id" = 2417;
INSERT INTO "monitoredBy" VALUES (2404, 2417);
INSERT INTO "requires" VALUES (2068, 2417);
INSERT INTO "TrackElement" ("id") VALUES (2418);
INSERT INTO "Segment" ("id", "length") VALUES (2418, 839);
UPDATE "TrackElement" SET "region" = 2069 WHERE "id" = 2418;
INSERT INTO "monitoredBy" VALUES (2418, 2417);
INSERT INTO "TrackElement" ("id") VALUES (2419);
INSERT INTO "Segment" ("id", "length") VALUES (2419, 635);
UPDATE "TrackElement" SET "region" = 2069 WHERE "id" = 2419;
INSERT INTO "monitoredBy" VALUES (2419, 2417);
INSERT INTO "TrackElement" ("id") VALUES (2420);
INSERT INTO "Segment" ("id", "length") VALUES (2420, 144);
UPDATE "TrackElement" SET "region" = 2069 WHERE "id" = 2420;
INSERT INTO "monitoredBy" VALUES (2420, 2417);
INSERT INTO "TrackElement" ("id") VALUES (2421);
INSERT INTO "Segment" ("id", "length") VALUES (2421, 490);
UPDATE "TrackElement" SET "region" = 2069 WHERE "id" = 2421;
INSERT INTO "monitoredBy" VALUES (2421, 2417);
INSERT INTO "TrackElement" ("id") VALUES (2422);
INSERT INTO "Segment" ("id", "length") VALUES (2422, 159);
UPDATE "TrackElement" SET "region" = 2069 WHERE "id" = 2422;
INSERT INTO "monitoredBy" VALUES (2422, 2417);
INSERT INTO "SwitchPosition" ("id", "position", "target") VALUES (2423, 0, 2404);
UPDATE "SwitchPosition" SET "route" = 2068 WHERE "id" = 2423;
INSERT INTO "TrackElement" ("id") VALUES (2424);
INSERT INTO "Switch" ("id", "currentPosition") VALUES (2424, 2);
UPDATE "TrackElement" SET "region" = 2069 WHERE "id" = 2424;
INSERT INTO "Sensor" ("id") VALUES (2425);
UPDATE "Sensor" SET "region" = 2069 WHERE "id" = 2425;
INSERT INTO "monitoredBy" VALUES (2424, 2425);
INSERT INTO "requires" VALUES (2068, 2425);
INSERT INTO "TrackElement" ("id") VALUES (2426);
INSERT INTO "Segment" ("id", "length") VALUES (2426, -389);
UPDATE "TrackElement" SET "region" = 2069 WHERE "id" = 2426;
INSERT INTO "monitoredBy" VALUES (2426, 2425);
INSERT INTO "TrackElement" ("id") VALUES (2427);
INSERT INTO "Segment" ("id", "length") VALUES (2427, 95);
UPDATE "TrackElement" SET "region" = 2069 WHERE "id" = 2427;
INSERT INTO "monitoredBy" VALUES (2427, 2425);
INSERT INTO "TrackElement" ("id") VALUES (2428);
INSERT INTO "Segment" ("id", "length") VALUES (2428, 94);
UPDATE "TrackElement" SET "region" = 2069 WHERE "id" = 2428;
INSERT INTO "monitoredBy" VALUES (2428, 2425);
INSERT INTO "TrackElement" ("id") VALUES (2429);
INSERT INTO "Segment" ("id", "length") VALUES (2429, 43);
UPDATE "TrackElement" SET "region" = 2069 WHERE "id" = 2429;
INSERT INTO "monitoredBy" VALUES (2429, 2425);
INSERT INTO "TrackElement" ("id") VALUES (2430);
INSERT INTO "Segment" ("id", "length") VALUES (2430, 572);
UPDATE "TrackElement" SET "region" = 2069 WHERE "id" = 2430;
INSERT INTO "monitoredBy" VALUES (2430, 2425);
INSERT INTO "TrackElement" ("id") VALUES (2431);
INSERT INTO "Segment" ("id", "length") VALUES (2431, 229);
UPDATE "TrackElement" SET "region" = 2069 WHERE "id" = 2431;
INSERT INTO "monitoredBy" VALUES (2431, 2425);
INSERT INTO "Sensor" ("id") VALUES (2432);
UPDATE "Sensor" SET "region" = 2069 WHERE "id" = 2432;
INSERT INTO "monitoredBy" VALUES (2424, 2432);
INSERT INTO "requires" VALUES (2068, 2432);
INSERT INTO "TrackElement" ("id") VALUES (2433);
INSERT INTO "Segment" ("id", "length") VALUES (2433, 527);
UPDATE "TrackElement" SET "region" = 2069 WHERE "id" = 2433;
INSERT INTO "monitoredBy" VALUES (2433, 2432);
INSERT INTO "TrackElement" ("id") VALUES (2434);
INSERT INTO "Segment" ("id", "length") VALUES (2434, 699);
UPDATE "TrackElement" SET "region" = 2069 WHERE "id" = 2434;
INSERT INTO "monitoredBy" VALUES (2434, 2432);
INSERT INTO "TrackElement" ("id") VALUES (2435);
INSERT INTO "Segment" ("id", "length") VALUES (2435, 126);
UPDATE "TrackElement" SET "region" = 2069 WHERE "id" = 2435;
INSERT INTO "monitoredBy" VALUES (2435, 2432);
INSERT INTO "TrackElement" ("id") VALUES (2436);
INSERT INTO "Segment" ("id", "length") VALUES (2436, 45);
UPDATE "TrackElement" SET "region" = 2069 WHERE "id" = 2436;
INSERT INTO "monitoredBy" VALUES (2436, 2432);
INSERT INTO "TrackElement" ("id") VALUES (2437);
INSERT INTO "Segment" ("id", "length") VALUES (2437, 435);
UPDATE "TrackElement" SET "region" = 2069 WHERE "id" = 2437;
INSERT INTO "monitoredBy" VALUES (2437, 2432);
INSERT INTO "Sensor" ("id") VALUES (2438);
UPDATE "Sensor" SET "region" = 2069 WHERE "id" = 2438;
INSERT INTO "monitoredBy" VALUES (2424, 2438);
INSERT INTO "requires" VALUES (2068, 2438);
INSERT INTO "TrackElement" ("id") VALUES (2439);
INSERT INTO "Segment" ("id", "length") VALUES (2439, 377);
UPDATE "TrackElement" SET "region" = 2069 WHERE "id" = 2439;
INSERT INTO "monitoredBy" VALUES (2439, 2438);
INSERT INTO "TrackElement" ("id") VALUES (2440);
INSERT INTO "Segment" ("id", "length") VALUES (2440, 341);
UPDATE "TrackElement" SET "region" = 2069 WHERE "id" = 2440;
INSERT INTO "monitoredBy" VALUES (2440, 2438);
INSERT INTO "TrackElement" ("id") VALUES (2441);
INSERT INTO "Segment" ("id", "length") VALUES (2441, 582);
UPDATE "TrackElement" SET "region" = 2069 WHERE "id" = 2441;
INSERT INTO "monitoredBy" VALUES (2441, 2438);
INSERT INTO "TrackElement" ("id") VALUES (2442);
INSERT INTO "Segment" ("id", "length") VALUES (2442, 57);
UPDATE "TrackElement" SET "region" = 2069 WHERE "id" = 2442;
INSERT INTO "monitoredBy" VALUES (2442, 2438);
INSERT INTO "TrackElement" ("id") VALUES (2443);
INSERT INTO "Segment" ("id", "length") VALUES (2443, 218);
UPDATE "TrackElement" SET "region" = 2069 WHERE "id" = 2443;
INSERT INTO "monitoredBy" VALUES (2443, 2438);
INSERT INTO "Sensor" ("id") VALUES (2444);
UPDATE "Sensor" SET "region" = 2069 WHERE "id" = 2444;
INSERT INTO "monitoredBy" VALUES (2424, 2444);
INSERT INTO "requires" VALUES (2068, 2444);
INSERT INTO "TrackElement" ("id") VALUES (2445);
INSERT INTO "Segment" ("id", "length") VALUES (2445, 737);
UPDATE "TrackElement" SET "region" = 2069 WHERE "id" = 2445;
INSERT INTO "monitoredBy" VALUES (2445, 2444);
INSERT INTO "TrackElement" ("id") VALUES (2446);
INSERT INTO "Segment" ("id", "length") VALUES (2446, 466);
UPDATE "TrackElement" SET "region" = 2069 WHERE "id" = 2446;
INSERT INTO "monitoredBy" VALUES (2446, 2444);
INSERT INTO "TrackElement" ("id") VALUES (2447);
INSERT INTO "Segment" ("id", "length") VALUES (2447, 166);
UPDATE "TrackElement" SET "region" = 2069 WHERE "id" = 2447;
INSERT INTO "monitoredBy" VALUES (2447, 2444);
INSERT INTO "TrackElement" ("id") VALUES (2448);
INSERT INTO "Segment" ("id", "length") VALUES (2448, 446);
UPDATE "TrackElement" SET "region" = 2069 WHERE "id" = 2448;
INSERT INTO "monitoredBy" VALUES (2448, 2444);
INSERT INTO "TrackElement" ("id") VALUES (2449);
INSERT INTO "Segment" ("id", "length") VALUES (2449, 957);
UPDATE "TrackElement" SET "region" = 2069 WHERE "id" = 2449;
INSERT INTO "monitoredBy" VALUES (2449, 2444);
INSERT INTO "Sensor" ("id") VALUES (2450);
UPDATE "Sensor" SET "region" = 2069 WHERE "id" = 2450;
INSERT INTO "monitoredBy" VALUES (2424, 2450);
INSERT INTO "requires" VALUES (2068, 2450);
INSERT INTO "TrackElement" ("id") VALUES (2451);
INSERT INTO "Segment" ("id", "length") VALUES (2451, 15);
UPDATE "TrackElement" SET "region" = 2069 WHERE "id" = 2451;
INSERT INTO "monitoredBy" VALUES (2451, 2450);
INSERT INTO "TrackElement" ("id") VALUES (2452);
INSERT INTO "Segment" ("id", "length") VALUES (2452, 777);
UPDATE "TrackElement" SET "region" = 2069 WHERE "id" = 2452;
INSERT INTO "monitoredBy" VALUES (2452, 2450);
INSERT INTO "TrackElement" ("id") VALUES (2453);
INSERT INTO "Segment" ("id", "length") VALUES (2453, 591);
UPDATE "TrackElement" SET "region" = 2069 WHERE "id" = 2453;
INSERT INTO "monitoredBy" VALUES (2453, 2450);
INSERT INTO "TrackElement" ("id") VALUES (2454);
INSERT INTO "Segment" ("id", "length") VALUES (2454, 764);
UPDATE "TrackElement" SET "region" = 2069 WHERE "id" = 2454;
INSERT INTO "monitoredBy" VALUES (2454, 2450);
INSERT INTO "TrackElement" ("id") VALUES (2455);
INSERT INTO "Segment" ("id", "length") VALUES (2455, 28);
UPDATE "TrackElement" SET "region" = 2069 WHERE "id" = 2455;
INSERT INTO "monitoredBy" VALUES (2455, 2450);
INSERT INTO "Sensor" ("id") VALUES (2456);
UPDATE "Sensor" SET "region" = 2069 WHERE "id" = 2456;
INSERT INTO "monitoredBy" VALUES (2424, 2456);
INSERT INTO "requires" VALUES (2068, 2456);
INSERT INTO "TrackElement" ("id") VALUES (2457);
INSERT INTO "Segment" ("id", "length") VALUES (2457, 89);
UPDATE "TrackElement" SET "region" = 2069 WHERE "id" = 2457;
INSERT INTO "monitoredBy" VALUES (2457, 2456);
INSERT INTO "TrackElement" ("id") VALUES (2458);
INSERT INTO "Segment" ("id", "length") VALUES (2458, -651);
UPDATE "TrackElement" SET "region" = 2069 WHERE "id" = 2458;
INSERT INTO "monitoredBy" VALUES (2458, 2456);
INSERT INTO "TrackElement" ("id") VALUES (2459);
INSERT INTO "Segment" ("id", "length") VALUES (2459, 614);
UPDATE "TrackElement" SET "region" = 2069 WHERE "id" = 2459;
INSERT INTO "monitoredBy" VALUES (2459, 2456);
INSERT INTO "TrackElement" ("id") VALUES (2460);
INSERT INTO "Segment" ("id", "length") VALUES (2460, 274);
UPDATE "TrackElement" SET "region" = 2069 WHERE "id" = 2460;
INSERT INTO "monitoredBy" VALUES (2460, 2456);
INSERT INTO "TrackElement" ("id") VALUES (2461);
INSERT INTO "Segment" ("id", "length") VALUES (2461, 955);
UPDATE "TrackElement" SET "region" = 2069 WHERE "id" = 2461;
INSERT INTO "monitoredBy" VALUES (2461, 2456);
INSERT INTO "Sensor" ("id") VALUES (2462);
UPDATE "Sensor" SET "region" = 2069 WHERE "id" = 2462;
INSERT INTO "monitoredBy" VALUES (2424, 2462);
INSERT INTO "requires" VALUES (2068, 2462);
INSERT INTO "TrackElement" ("id") VALUES (2463);
INSERT INTO "Segment" ("id", "length") VALUES (2463, 17);
UPDATE "TrackElement" SET "region" = 2069 WHERE "id" = 2463;
INSERT INTO "monitoredBy" VALUES (2463, 2462);
INSERT INTO "TrackElement" ("id") VALUES (2464);
INSERT INTO "Segment" ("id", "length") VALUES (2464, 418);
UPDATE "TrackElement" SET "region" = 2069 WHERE "id" = 2464;
INSERT INTO "monitoredBy" VALUES (2464, 2462);
INSERT INTO "TrackElement" ("id") VALUES (2465);
INSERT INTO "Segment" ("id", "length") VALUES (2465, 903);
UPDATE "TrackElement" SET "region" = 2069 WHERE "id" = 2465;
INSERT INTO "monitoredBy" VALUES (2465, 2462);
INSERT INTO "TrackElement" ("id") VALUES (2466);
INSERT INTO "Segment" ("id", "length") VALUES (2466, 641);
UPDATE "TrackElement" SET "region" = 2069 WHERE "id" = 2466;
INSERT INTO "monitoredBy" VALUES (2466, 2462);
INSERT INTO "TrackElement" ("id") VALUES (2467);
INSERT INTO "Segment" ("id", "length") VALUES (2467, 121);
UPDATE "TrackElement" SET "region" = 2069 WHERE "id" = 2467;
INSERT INTO "monitoredBy" VALUES (2467, 2462);
INSERT INTO "SwitchPosition" ("id", "position", "target") VALUES (2468, 2, 2424);
UPDATE "SwitchPosition" SET "route" = 2068 WHERE "id" = 2468;
INSERT INTO "TrackElement" ("id") VALUES (2469);
INSERT INTO "Switch" ("id", "currentPosition") VALUES (2469, 0);
UPDATE "TrackElement" SET "region" = 2069 WHERE "id" = 2469;
INSERT INTO "Sensor" ("id") VALUES (2470);
UPDATE "Sensor" SET "region" = 2069 WHERE "id" = 2470;
INSERT INTO "monitoredBy" VALUES (2469, 2470);
INSERT INTO "requires" VALUES (2068, 2470);
INSERT INTO "TrackElement" ("id") VALUES (2471);
INSERT INTO "Segment" ("id", "length") VALUES (2471, 867);
UPDATE "TrackElement" SET "region" = 2069 WHERE "id" = 2471;
INSERT INTO "monitoredBy" VALUES (2471, 2470);
INSERT INTO "TrackElement" ("id") VALUES (2472);
INSERT INTO "Segment" ("id", "length") VALUES (2472, 431);
UPDATE "TrackElement" SET "region" = 2069 WHERE "id" = 2472;
INSERT INTO "monitoredBy" VALUES (2472, 2470);
INSERT INTO "TrackElement" ("id") VALUES (2473);
INSERT INTO "Segment" ("id", "length") VALUES (2473, 544);
UPDATE "TrackElement" SET "region" = 2069 WHERE "id" = 2473;
INSERT INTO "monitoredBy" VALUES (2473, 2470);
INSERT INTO "TrackElement" ("id") VALUES (2474);
INSERT INTO "Segment" ("id", "length") VALUES (2474, 913);
UPDATE "TrackElement" SET "region" = 2069 WHERE "id" = 2474;
INSERT INTO "monitoredBy" VALUES (2474, 2470);
INSERT INTO "TrackElement" ("id") VALUES (2475);
INSERT INTO "Segment" ("id", "length") VALUES (2475, 606);
UPDATE "TrackElement" SET "region" = 2069 WHERE "id" = 2475;
INSERT INTO "monitoredBy" VALUES (2475, 2470);
INSERT INTO "Sensor" ("id") VALUES (2476);
UPDATE "Sensor" SET "region" = 2069 WHERE "id" = 2476;
INSERT INTO "monitoredBy" VALUES (2469, 2476);
INSERT INTO "requires" VALUES (2068, 2476);
INSERT INTO "TrackElement" ("id") VALUES (2477);
INSERT INTO "Segment" ("id", "length") VALUES (2477, 679);
UPDATE "TrackElement" SET "region" = 2069 WHERE "id" = 2477;
INSERT INTO "monitoredBy" VALUES (2477, 2476);
INSERT INTO "TrackElement" ("id") VALUES (2478);
INSERT INTO "Segment" ("id", "length") VALUES (2478, 830);
UPDATE "TrackElement" SET "region" = 2069 WHERE "id" = 2478;
INSERT INTO "monitoredBy" VALUES (2478, 2476);
INSERT INTO "TrackElement" ("id") VALUES (2479);
INSERT INTO "Segment" ("id", "length") VALUES (2479, 288);
UPDATE "TrackElement" SET "region" = 2069 WHERE "id" = 2479;
INSERT INTO "monitoredBy" VALUES (2479, 2476);
INSERT INTO "TrackElement" ("id") VALUES (2480);
INSERT INTO "Segment" ("id", "length") VALUES (2480, 67);
UPDATE "TrackElement" SET "region" = 2069 WHERE "id" = 2480;
INSERT INTO "monitoredBy" VALUES (2480, 2476);
INSERT INTO "TrackElement" ("id") VALUES (2481);
INSERT INTO "Segment" ("id", "length") VALUES (2481, 510);
UPDATE "TrackElement" SET "region" = 2069 WHERE "id" = 2481;
INSERT INTO "monitoredBy" VALUES (2481, 2476);
INSERT INTO "Sensor" ("id") VALUES (2482);
UPDATE "Sensor" SET "region" = 2069 WHERE "id" = 2482;
INSERT INTO "monitoredBy" VALUES (2469, 2482);
INSERT INTO "requires" VALUES (2068, 2482);
INSERT INTO "TrackElement" ("id") VALUES (2483);
INSERT INTO "Segment" ("id", "length") VALUES (2483, 805);
UPDATE "TrackElement" SET "region" = 2069 WHERE "id" = 2483;
INSERT INTO "monitoredBy" VALUES (2483, 2482);
INSERT INTO "TrackElement" ("id") VALUES (2484);
INSERT INTO "Segment" ("id", "length") VALUES (2484, 922);
UPDATE "TrackElement" SET "region" = 2069 WHERE "id" = 2484;
INSERT INTO "monitoredBy" VALUES (2484, 2482);
INSERT INTO "TrackElement" ("id") VALUES (2485);
INSERT INTO "Segment" ("id", "length") VALUES (2485, 19);
UPDATE "TrackElement" SET "region" = 2069 WHERE "id" = 2485;
INSERT INTO "monitoredBy" VALUES (2485, 2482);
INSERT INTO "TrackElement" ("id") VALUES (2486);
INSERT INTO "Segment" ("id", "length") VALUES (2486, 648);
UPDATE "TrackElement" SET "region" = 2069 WHERE "id" = 2486;
INSERT INTO "monitoredBy" VALUES (2486, 2482);
INSERT INTO "TrackElement" ("id") VALUES (2487);
INSERT INTO "Segment" ("id", "length") VALUES (2487, 452);
UPDATE "TrackElement" SET "region" = 2069 WHERE "id" = 2487;
INSERT INTO "monitoredBy" VALUES (2487, 2482);
INSERT INTO "Sensor" ("id") VALUES (2488);
UPDATE "Sensor" SET "region" = 2069 WHERE "id" = 2488;
INSERT INTO "monitoredBy" VALUES (2469, 2488);
INSERT INTO "requires" VALUES (2068, 2488);
INSERT INTO "TrackElement" ("id") VALUES (2489);
INSERT INTO "Segment" ("id", "length") VALUES (2489, 397);
UPDATE "TrackElement" SET "region" = 2069 WHERE "id" = 2489;
INSERT INTO "monitoredBy" VALUES (2489, 2488);
INSERT INTO "TrackElement" ("id") VALUES (2490);
INSERT INTO "Segment" ("id", "length") VALUES (2490, 985);
UPDATE "TrackElement" SET "region" = 2069 WHERE "id" = 2490;
INSERT INTO "monitoredBy" VALUES (2490, 2488);
INSERT INTO "TrackElement" ("id") VALUES (2491);
INSERT INTO "Segment" ("id", "length") VALUES (2491, 926);
UPDATE "TrackElement" SET "region" = 2069 WHERE "id" = 2491;
INSERT INTO "monitoredBy" VALUES (2491, 2488);
INSERT INTO "TrackElement" ("id") VALUES (2492);
INSERT INTO "Segment" ("id", "length") VALUES (2492, 457);
UPDATE "TrackElement" SET "region" = 2069 WHERE "id" = 2492;
INSERT INTO "monitoredBy" VALUES (2492, 2488);
INSERT INTO "TrackElement" ("id") VALUES (2493);
INSERT INTO "Segment" ("id", "length") VALUES (2493, 88);
UPDATE "TrackElement" SET "region" = 2069 WHERE "id" = 2493;
INSERT INTO "monitoredBy" VALUES (2493, 2488);
INSERT INTO "SwitchPosition" ("id", "position", "target") VALUES (2494, 0, 2469);
UPDATE "SwitchPosition" SET "route" = 2068 WHERE "id" = 2494;
INSERT INTO "TrackElement" ("id") VALUES (2495);
INSERT INTO "Switch" ("id", "currentPosition") VALUES (2495, 1);
UPDATE "TrackElement" SET "region" = 2069 WHERE "id" = 2495;
INSERT INTO "Sensor" ("id") VALUES (2496);
UPDATE "Sensor" SET "region" = 2069 WHERE "id" = 2496;
INSERT INTO "monitoredBy" VALUES (2495, 2496);
INSERT INTO "requires" VALUES (2068, 2496);
INSERT INTO "TrackElement" ("id") VALUES (2497);
INSERT INTO "Segment" ("id", "length") VALUES (2497, 341);
UPDATE "TrackElement" SET "region" = 2069 WHERE "id" = 2497;
INSERT INTO "monitoredBy" VALUES (2497, 2496);
INSERT INTO "TrackElement" ("id") VALUES (2498);
INSERT INTO "Segment" ("id", "length") VALUES (2498, 966);
UPDATE "TrackElement" SET "region" = 2069 WHERE "id" = 2498;
INSERT INTO "monitoredBy" VALUES (2498, 2496);
INSERT INTO "TrackElement" ("id") VALUES (2499);
INSERT INTO "Segment" ("id", "length") VALUES (2499, 155);
UPDATE "TrackElement" SET "region" = 2069 WHERE "id" = 2499;
INSERT INTO "monitoredBy" VALUES (2499, 2496);
INSERT INTO "TrackElement" ("id") VALUES (2500);
INSERT INTO "Segment" ("id", "length") VALUES (2500, 313);
UPDATE "TrackElement" SET "region" = 2069 WHERE "id" = 2500;
INSERT INTO "monitoredBy" VALUES (2500, 2496);
INSERT INTO "TrackElement" ("id") VALUES (2501);
INSERT INTO "Segment" ("id", "length") VALUES (2501, 906);
UPDATE "TrackElement" SET "region" = 2069 WHERE "id" = 2501;
INSERT INTO "monitoredBy" VALUES (2501, 2496);
INSERT INTO "Sensor" ("id") VALUES (2502);
UPDATE "Sensor" SET "region" = 2069 WHERE "id" = 2502;
INSERT INTO "monitoredBy" VALUES (2495, 2502);
INSERT INTO "requires" VALUES (2068, 2502);
INSERT INTO "TrackElement" ("id") VALUES (2503);
INSERT INTO "Segment" ("id", "length") VALUES (2503, 834);
UPDATE "TrackElement" SET "region" = 2069 WHERE "id" = 2503;
INSERT INTO "monitoredBy" VALUES (2503, 2502);
INSERT INTO "TrackElement" ("id") VALUES (2504);
INSERT INTO "Segment" ("id", "length") VALUES (2504, 182);
UPDATE "TrackElement" SET "region" = 2069 WHERE "id" = 2504;
INSERT INTO "monitoredBy" VALUES (2504, 2502);
INSERT INTO "TrackElement" ("id") VALUES (2505);
INSERT INTO "Segment" ("id", "length") VALUES (2505, 517);
UPDATE "TrackElement" SET "region" = 2069 WHERE "id" = 2505;
INSERT INTO "monitoredBy" VALUES (2505, 2502);
INSERT INTO "TrackElement" ("id") VALUES (2506);
INSERT INTO "Segment" ("id", "length") VALUES (2506, 256);
UPDATE "TrackElement" SET "region" = 2069 WHERE "id" = 2506;
INSERT INTO "monitoredBy" VALUES (2506, 2502);
INSERT INTO "TrackElement" ("id") VALUES (2507);
INSERT INTO "Segment" ("id", "length") VALUES (2507, 501);
UPDATE "TrackElement" SET "region" = 2069 WHERE "id" = 2507;
INSERT INTO "monitoredBy" VALUES (2507, 2502);
INSERT INTO "Sensor" ("id") VALUES (2508);
UPDATE "Sensor" SET "region" = 2069 WHERE "id" = 2508;
INSERT INTO "monitoredBy" VALUES (2495, 2508);
INSERT INTO "requires" VALUES (2068, 2508);
INSERT INTO "TrackElement" ("id") VALUES (2509);
INSERT INTO "Segment" ("id", "length") VALUES (2509, 251);
UPDATE "TrackElement" SET "region" = 2069 WHERE "id" = 2509;
INSERT INTO "monitoredBy" VALUES (2509, 2508);
INSERT INTO "TrackElement" ("id") VALUES (2510);
INSERT INTO "Segment" ("id", "length") VALUES (2510, 384);
UPDATE "TrackElement" SET "region" = 2069 WHERE "id" = 2510;
INSERT INTO "monitoredBy" VALUES (2510, 2508);
INSERT INTO "TrackElement" ("id") VALUES (2511);
INSERT INTO "Segment" ("id", "length") VALUES (2511, 558);
UPDATE "TrackElement" SET "region" = 2069 WHERE "id" = 2511;
INSERT INTO "monitoredBy" VALUES (2511, 2508);
INSERT INTO "TrackElement" ("id") VALUES (2512);
INSERT INTO "Segment" ("id", "length") VALUES (2512, 112);
UPDATE "TrackElement" SET "region" = 2069 WHERE "id" = 2512;
INSERT INTO "monitoredBy" VALUES (2512, 2508);
INSERT INTO "TrackElement" ("id") VALUES (2513);
INSERT INTO "Segment" ("id", "length") VALUES (2513, 324);
UPDATE "TrackElement" SET "region" = 2069 WHERE "id" = 2513;
INSERT INTO "monitoredBy" VALUES (2513, 2508);
INSERT INTO "SwitchPosition" ("id", "position", "target") VALUES (2514, 1, 2495);
UPDATE "SwitchPosition" SET "route" = 2068 WHERE "id" = 2514;
INSERT INTO "TrackElement" ("id") VALUES (2515);
INSERT INTO "Switch" ("id", "currentPosition") VALUES (2515, 2);
UPDATE "TrackElement" SET "region" = 2069 WHERE "id" = 2515;
INSERT INTO "Sensor" ("id") VALUES (2516);
UPDATE "Sensor" SET "region" = 2069 WHERE "id" = 2516;
INSERT INTO "monitoredBy" VALUES (2515, 2516);
INSERT INTO "requires" VALUES (2068, 2516);
INSERT INTO "TrackElement" ("id") VALUES (2517);
INSERT INTO "Segment" ("id", "length") VALUES (2517, 411);
UPDATE "TrackElement" SET "region" = 2069 WHERE "id" = 2517;
INSERT INTO "monitoredBy" VALUES (2517, 2516);
INSERT INTO "TrackElement" ("id") VALUES (2518);
INSERT INTO "Segment" ("id", "length") VALUES (2518, 928);
UPDATE "TrackElement" SET "region" = 2069 WHERE "id" = 2518;
INSERT INTO "monitoredBy" VALUES (2518, 2516);
INSERT INTO "TrackElement" ("id") VALUES (2519);
INSERT INTO "Segment" ("id", "length") VALUES (2519, 283);
UPDATE "TrackElement" SET "region" = 2069 WHERE "id" = 2519;
INSERT INTO "monitoredBy" VALUES (2519, 2516);
INSERT INTO "TrackElement" ("id") VALUES (2520);
INSERT INTO "Segment" ("id", "length") VALUES (2520, 534);
UPDATE "TrackElement" SET "region" = 2069 WHERE "id" = 2520;
INSERT INTO "monitoredBy" VALUES (2520, 2516);
INSERT INTO "TrackElement" ("id") VALUES (2521);
INSERT INTO "Segment" ("id", "length") VALUES (2521, 899);
UPDATE "TrackElement" SET "region" = 2069 WHERE "id" = 2521;
INSERT INTO "monitoredBy" VALUES (2521, 2516);
INSERT INTO "TrackElement" ("id") VALUES (2522);
INSERT INTO "Segment" ("id", "length") VALUES (2522, 557);
UPDATE "TrackElement" SET "region" = 2069 WHERE "id" = 2522;
INSERT INTO "monitoredBy" VALUES (2522, 2516);
INSERT INTO "Sensor" ("id") VALUES (2523);
UPDATE "Sensor" SET "region" = 2069 WHERE "id" = 2523;
INSERT INTO "monitoredBy" VALUES (2515, 2523);
INSERT INTO "requires" VALUES (2068, 2523);
INSERT INTO "TrackElement" ("id") VALUES (2524);
INSERT INTO "Segment" ("id", "length") VALUES (2524, 961);
UPDATE "TrackElement" SET "region" = 2069 WHERE "id" = 2524;
INSERT INTO "monitoredBy" VALUES (2524, 2523);
INSERT INTO "TrackElement" ("id") VALUES (2525);
INSERT INTO "Segment" ("id", "length") VALUES (2525, 54);
UPDATE "TrackElement" SET "region" = 2069 WHERE "id" = 2525;
INSERT INTO "monitoredBy" VALUES (2525, 2523);
INSERT INTO "TrackElement" ("id") VALUES (2526);
INSERT INTO "Segment" ("id", "length") VALUES (2526, 104);
UPDATE "TrackElement" SET "region" = 2069 WHERE "id" = 2526;
INSERT INTO "monitoredBy" VALUES (2526, 2523);
INSERT INTO "TrackElement" ("id") VALUES (2527);
INSERT INTO "Segment" ("id", "length") VALUES (2527, 590);
UPDATE "TrackElement" SET "region" = 2069 WHERE "id" = 2527;
INSERT INTO "monitoredBy" VALUES (2527, 2523);
INSERT INTO "TrackElement" ("id") VALUES (2528);
INSERT INTO "Segment" ("id", "length") VALUES (2528, 189);
UPDATE "TrackElement" SET "region" = 2069 WHERE "id" = 2528;
INSERT INTO "monitoredBy" VALUES (2528, 2523);
INSERT INTO "Sensor" ("id") VALUES (2529);
UPDATE "Sensor" SET "region" = 2069 WHERE "id" = 2529;
INSERT INTO "monitoredBy" VALUES (2515, 2529);
INSERT INTO "requires" VALUES (2068, 2529);
INSERT INTO "TrackElement" ("id") VALUES (2530);
INSERT INTO "Segment" ("id", "length") VALUES (2530, 400);
UPDATE "TrackElement" SET "region" = 2069 WHERE "id" = 2530;
INSERT INTO "monitoredBy" VALUES (2530, 2529);
INSERT INTO "TrackElement" ("id") VALUES (2531);
INSERT INTO "Segment" ("id", "length") VALUES (2531, 801);
UPDATE "TrackElement" SET "region" = 2069 WHERE "id" = 2531;
INSERT INTO "monitoredBy" VALUES (2531, 2529);
INSERT INTO "TrackElement" ("id") VALUES (2532);
INSERT INTO "Segment" ("id", "length") VALUES (2532, 286);
UPDATE "TrackElement" SET "region" = 2069 WHERE "id" = 2532;
INSERT INTO "monitoredBy" VALUES (2532, 2529);
INSERT INTO "TrackElement" ("id") VALUES (2533);
INSERT INTO "Segment" ("id", "length") VALUES (2533, 960);
UPDATE "TrackElement" SET "region" = 2069 WHERE "id" = 2533;
INSERT INTO "monitoredBy" VALUES (2533, 2529);
INSERT INTO "TrackElement" ("id") VALUES (2534);
INSERT INTO "Segment" ("id", "length") VALUES (2534, 546);
UPDATE "TrackElement" SET "region" = 2069 WHERE "id" = 2534;
INSERT INTO "monitoredBy" VALUES (2534, 2529);
INSERT INTO "Sensor" ("id") VALUES (2535);
UPDATE "Sensor" SET "region" = 2069 WHERE "id" = 2535;
INSERT INTO "monitoredBy" VALUES (2515, 2535);
INSERT INTO "requires" VALUES (2068, 2535);
INSERT INTO "TrackElement" ("id") VALUES (2536);
INSERT INTO "Segment" ("id", "length") VALUES (2536, 367);
UPDATE "TrackElement" SET "region" = 2069 WHERE "id" = 2536;
INSERT INTO "monitoredBy" VALUES (2536, 2535);
INSERT INTO "TrackElement" ("id") VALUES (2537);
INSERT INTO "Segment" ("id", "length") VALUES (2537, 140);
UPDATE "TrackElement" SET "region" = 2069 WHERE "id" = 2537;
INSERT INTO "monitoredBy" VALUES (2537, 2535);
INSERT INTO "TrackElement" ("id") VALUES (2538);
INSERT INTO "Segment" ("id", "length") VALUES (2538, 537);
UPDATE "TrackElement" SET "region" = 2069 WHERE "id" = 2538;
INSERT INTO "monitoredBy" VALUES (2538, 2535);
INSERT INTO "TrackElement" ("id") VALUES (2539);
INSERT INTO "Segment" ("id", "length") VALUES (2539, 404);
UPDATE "TrackElement" SET "region" = 2069 WHERE "id" = 2539;
INSERT INTO "monitoredBy" VALUES (2539, 2535);
INSERT INTO "TrackElement" ("id") VALUES (2540);
INSERT INTO "Segment" ("id", "length") VALUES (2540, 357);
UPDATE "TrackElement" SET "region" = 2069 WHERE "id" = 2540;
INSERT INTO "monitoredBy" VALUES (2540, 2535);
INSERT INTO "Sensor" ("id") VALUES (2541);
UPDATE "Sensor" SET "region" = 2069 WHERE "id" = 2541;
INSERT INTO "monitoredBy" VALUES (2515, 2541);
INSERT INTO "requires" VALUES (2068, 2541);
INSERT INTO "TrackElement" ("id") VALUES (2542);
INSERT INTO "Segment" ("id", "length") VALUES (2542, 142);
UPDATE "TrackElement" SET "region" = 2069 WHERE "id" = 2542;
INSERT INTO "monitoredBy" VALUES (2542, 2541);
INSERT INTO "TrackElement" ("id") VALUES (2543);
INSERT INTO "Segment" ("id", "length") VALUES (2543, 360);
UPDATE "TrackElement" SET "region" = 2069 WHERE "id" = 2543;
INSERT INTO "monitoredBy" VALUES (2543, 2541);
INSERT INTO "TrackElement" ("id") VALUES (2544);
INSERT INTO "Segment" ("id", "length") VALUES (2544, 132);
UPDATE "TrackElement" SET "region" = 2069 WHERE "id" = 2544;
INSERT INTO "monitoredBy" VALUES (2544, 2541);
INSERT INTO "TrackElement" ("id") VALUES (2545);
INSERT INTO "Segment" ("id", "length") VALUES (2545, 483);
UPDATE "TrackElement" SET "region" = 2069 WHERE "id" = 2545;
INSERT INTO "monitoredBy" VALUES (2545, 2541);
INSERT INTO "TrackElement" ("id") VALUES (2546);
INSERT INTO "Segment" ("id", "length") VALUES (2546, 47);
UPDATE "TrackElement" SET "region" = 2069 WHERE "id" = 2546;
INSERT INTO "monitoredBy" VALUES (2546, 2541);
INSERT INTO "Sensor" ("id") VALUES (2547);
UPDATE "Sensor" SET "region" = 2069 WHERE "id" = 2547;
INSERT INTO "monitoredBy" VALUES (2515, 2547);
INSERT INTO "requires" VALUES (2068, 2547);
INSERT INTO "TrackElement" ("id") VALUES (2548);
INSERT INTO "Segment" ("id", "length") VALUES (2548, 200);
UPDATE "TrackElement" SET "region" = 2069 WHERE "id" = 2548;
INSERT INTO "monitoredBy" VALUES (2548, 2547);
INSERT INTO "TrackElement" ("id") VALUES (2549);
INSERT INTO "Segment" ("id", "length") VALUES (2549, 609);
UPDATE "TrackElement" SET "region" = 2069 WHERE "id" = 2549;
INSERT INTO "monitoredBy" VALUES (2549, 2547);
INSERT INTO "TrackElement" ("id") VALUES (2550);
INSERT INTO "Segment" ("id", "length") VALUES (2550, 729);
UPDATE "TrackElement" SET "region" = 2069 WHERE "id" = 2550;
INSERT INTO "monitoredBy" VALUES (2550, 2547);
INSERT INTO "TrackElement" ("id") VALUES (2551);
INSERT INTO "Segment" ("id", "length") VALUES (2551, 453);
UPDATE "TrackElement" SET "region" = 2069 WHERE "id" = 2551;
INSERT INTO "monitoredBy" VALUES (2551, 2547);
INSERT INTO "TrackElement" ("id") VALUES (2552);
INSERT INTO "Segment" ("id", "length") VALUES (2552, 613);
UPDATE "TrackElement" SET "region" = 2069 WHERE "id" = 2552;
INSERT INTO "monitoredBy" VALUES (2552, 2547);
INSERT INTO "Sensor" ("id") VALUES (2553);
UPDATE "Sensor" SET "region" = 2069 WHERE "id" = 2553;
INSERT INTO "monitoredBy" VALUES (2515, 2553);
INSERT INTO "requires" VALUES (2068, 2553);
INSERT INTO "TrackElement" ("id") VALUES (2554);
INSERT INTO "Segment" ("id", "length") VALUES (2554, 247);
UPDATE "TrackElement" SET "region" = 2069 WHERE "id" = 2554;
INSERT INTO "monitoredBy" VALUES (2554, 2553);
INSERT INTO "TrackElement" ("id") VALUES (2555);
INSERT INTO "Segment" ("id", "length") VALUES (2555, 809);
UPDATE "TrackElement" SET "region" = 2069 WHERE "id" = 2555;
INSERT INTO "monitoredBy" VALUES (2555, 2553);
INSERT INTO "TrackElement" ("id") VALUES (2556);
INSERT INTO "Segment" ("id", "length") VALUES (2556, 278);
UPDATE "TrackElement" SET "region" = 2069 WHERE "id" = 2556;
INSERT INTO "monitoredBy" VALUES (2556, 2553);
INSERT INTO "TrackElement" ("id") VALUES (2557);
INSERT INTO "Segment" ("id", "length") VALUES (2557, 259);
UPDATE "TrackElement" SET "region" = 2069 WHERE "id" = 2557;
INSERT INTO "monitoredBy" VALUES (2557, 2553);
INSERT INTO "TrackElement" ("id") VALUES (2558);
INSERT INTO "Segment" ("id", "length") VALUES (2558, 741);
UPDATE "TrackElement" SET "region" = 2069 WHERE "id" = 2558;
INSERT INTO "monitoredBy" VALUES (2558, 2553);
INSERT INTO "Sensor" ("id") VALUES (2559);
UPDATE "Sensor" SET "region" = 2069 WHERE "id" = 2559;
INSERT INTO "monitoredBy" VALUES (2515, 2559);
INSERT INTO "requires" VALUES (2068, 2559);
INSERT INTO "TrackElement" ("id") VALUES (2560);
INSERT INTO "Segment" ("id", "length") VALUES (2560, 413);
UPDATE "TrackElement" SET "region" = 2069 WHERE "id" = 2560;
INSERT INTO "monitoredBy" VALUES (2560, 2559);
INSERT INTO "TrackElement" ("id") VALUES (2561);
INSERT INTO "Segment" ("id", "length") VALUES (2561, -788);
UPDATE "TrackElement" SET "region" = 2069 WHERE "id" = 2561;
INSERT INTO "monitoredBy" VALUES (2561, 2559);
INSERT INTO "TrackElement" ("id") VALUES (2562);
INSERT INTO "Segment" ("id", "length") VALUES (2562, 700);
UPDATE "TrackElement" SET "region" = 2069 WHERE "id" = 2562;
INSERT INTO "monitoredBy" VALUES (2562, 2559);
INSERT INTO "TrackElement" ("id") VALUES (2563);
INSERT INTO "Segment" ("id", "length") VALUES (2563, 500);
UPDATE "TrackElement" SET "region" = 2069 WHERE "id" = 2563;
INSERT INTO "monitoredBy" VALUES (2563, 2559);
INSERT INTO "TrackElement" ("id") VALUES (2564);
INSERT INTO "Segment" ("id", "length") VALUES (2564, 188);
UPDATE "TrackElement" SET "region" = 2069 WHERE "id" = 2564;
INSERT INTO "monitoredBy" VALUES (2564, 2559);
INSERT INTO "SwitchPosition" ("id", "position", "target") VALUES (2565, 2, 2515);
UPDATE "SwitchPosition" SET "route" = 2068 WHERE "id" = 2565;
INSERT INTO "connectsTo" VALUES (2070, 2072);
INSERT INTO "connectsTo" VALUES (2072, 2073);
INSERT INTO "connectsTo" VALUES (2073, 2074);
INSERT INTO "connectsTo" VALUES (2074, 2075);
INSERT INTO "connectsTo" VALUES (2075, 2076);
INSERT INTO "connectsTo" VALUES (2076, 2078);
INSERT INTO "connectsTo" VALUES (2078, 2079);
INSERT INTO "connectsTo" VALUES (2079, 2080);
INSERT INTO "connectsTo" VALUES (2080, 2081);
INSERT INTO "connectsTo" VALUES (2081, 2082);
INSERT INTO "connectsTo" VALUES (2082, 2084);
INSERT INTO "connectsTo" VALUES (2084, 2085);
INSERT INTO "connectsTo" VALUES (2085, 2086);
INSERT INTO "connectsTo" VALUES (2086, 2087);
INSERT INTO "connectsTo" VALUES (2087, 2088);
INSERT INTO "connectsTo" VALUES (2088, 2090);
INSERT INTO "connectsTo" VALUES (2090, 2091);
INSERT INTO "connectsTo" VALUES (2091, 2092);
INSERT INTO "connectsTo" VALUES (2092, 2093);
INSERT INTO "connectsTo" VALUES (2093, 2094);
INSERT INTO "connectsTo" VALUES (2094, 2096);
INSERT INTO "connectsTo" VALUES (2096, 2097);
INSERT INTO "connectsTo" VALUES (2097, 2098);
INSERT INTO "connectsTo" VALUES (2098, 2099);
INSERT INTO "connectsTo" VALUES (2099, 2100);
INSERT INTO "connectsTo" VALUES (2100, 2102);
INSERT INTO "connectsTo" VALUES (2102, 2104);
INSERT INTO "connectsTo" VALUES (2104, 2105);
INSERT INTO "connectsTo" VALUES (2105, 2106);
INSERT INTO "connectsTo" VALUES (2106, 2107);
INSERT INTO "connectsTo" VALUES (2107, 2108);
INSERT INTO "connectsTo" VALUES (2108, 2110);
INSERT INTO "connectsTo" VALUES (2110, 2111);
INSERT INTO "connectsTo" VALUES (2111, 2112);
INSERT INTO "connectsTo" VALUES (2112, 2113);
INSERT INTO "connectsTo" VALUES (2113, 2114);
INSERT INTO "connectsTo" VALUES (2114, 2116);
INSERT INTO "connectsTo" VALUES (2116, 2117);
INSERT INTO "connectsTo" VALUES (2117, 2118);
INSERT INTO "connectsTo" VALUES (2118, 2119);
INSERT INTO "connectsTo" VALUES (2119, 2120);
INSERT INTO "connectsTo" VALUES (2120, 2122);
INSERT INTO "connectsTo" VALUES (2122, 2123);
INSERT INTO "connectsTo" VALUES (2123, 2124);
INSERT INTO "connectsTo" VALUES (2124, 2125);
INSERT INTO "connectsTo" VALUES (2125, 2126);
INSERT INTO "connectsTo" VALUES (2126, 2128);
INSERT INTO "connectsTo" VALUES (2128, 2129);
INSERT INTO "connectsTo" VALUES (2129, 2130);
INSERT INTO "connectsTo" VALUES (2130, 2131);
INSERT INTO "connectsTo" VALUES (2131, 2132);
INSERT INTO "connectsTo" VALUES (2132, 2134);
INSERT INTO "connectsTo" VALUES (2134, 2136);
INSERT INTO "connectsTo" VALUES (2136, 2137);
INSERT INTO "connectsTo" VALUES (2137, 2138);
INSERT INTO "connectsTo" VALUES (2138, 2139);
INSERT INTO "connectsTo" VALUES (2139, 2140);
INSERT INTO "connectsTo" VALUES (2140, 2142);
INSERT INTO "connectsTo" VALUES (2142, 2144);
INSERT INTO "connectsTo" VALUES (2144, 2145);
INSERT INTO "connectsTo" VALUES (2145, 2146);
INSERT INTO "connectsTo" VALUES (2146, 2147);
INSERT INTO "connectsTo" VALUES (2147, 2148);
INSERT INTO "connectsTo" VALUES (2148, 2150);
INSERT INTO "connectsTo" VALUES (2150, 2151);
INSERT INTO "connectsTo" VALUES (2151, 2152);
INSERT INTO "connectsTo" VALUES (2152, 2153);
INSERT INTO "connectsTo" VALUES (2153, 2154);
INSERT INTO "connectsTo" VALUES (2154, 2156);
INSERT INTO "connectsTo" VALUES (2156, 2157);
INSERT INTO "connectsTo" VALUES (2157, 2158);
INSERT INTO "connectsTo" VALUES (2158, 2159);
INSERT INTO "connectsTo" VALUES (2159, 2160);
INSERT INTO "connectsTo" VALUES (2160, 2162);
INSERT INTO "connectsTo" VALUES (2162, 2163);
INSERT INTO "connectsTo" VALUES (2163, 2164);
INSERT INTO "connectsTo" VALUES (2164, 2165);
INSERT INTO "connectsTo" VALUES (2165, 2166);
INSERT INTO "connectsTo" VALUES (2166, 2168);
INSERT INTO "connectsTo" VALUES (2168, 2169);
INSERT INTO "connectsTo" VALUES (2169, 2170);
INSERT INTO "connectsTo" VALUES (2170, 2171);
INSERT INTO "connectsTo" VALUES (2171, 2172);
INSERT INTO "connectsTo" VALUES (2172, 2174);
INSERT INTO "connectsTo" VALUES (2174, 2175);
INSERT INTO "connectsTo" VALUES (2175, 2176);
INSERT INTO "connectsTo" VALUES (2176, 2177);
INSERT INTO "connectsTo" VALUES (2177, 2178);
INSERT INTO "connectsTo" VALUES (2178, 2180);
INSERT INTO "connectsTo" VALUES (2180, 2181);
INSERT INTO "connectsTo" VALUES (2181, 2182);
INSERT INTO "connectsTo" VALUES (2182, 2183);
INSERT INTO "connectsTo" VALUES (2183, 2184);
INSERT INTO "connectsTo" VALUES (2184, 2186);
INSERT INTO "connectsTo" VALUES (2186, 2187);
INSERT INTO "connectsTo" VALUES (2187, 2188);
INSERT INTO "connectsTo" VALUES (2188, 2189);
INSERT INTO "connectsTo" VALUES (2189, 2190);
INSERT INTO "connectsTo" VALUES (2190, 2192);
INSERT INTO "connectsTo" VALUES (2192, 2194);
INSERT INTO "connectsTo" VALUES (2194, 2195);
INSERT INTO "connectsTo" VALUES (2195, 2196);
INSERT INTO "connectsTo" VALUES (2196, 2197);
INSERT INTO "connectsTo" VALUES (2197, 2198);
INSERT INTO "connectsTo" VALUES (2198, 2200);
INSERT INTO "connectsTo" VALUES (2200, 2201);
INSERT INTO "connectsTo" VALUES (2201, 2202);
INSERT INTO "connectsTo" VALUES (2202, 2203);
INSERT INTO "connectsTo" VALUES (2203, 2204);
INSERT INTO "connectsTo" VALUES (2204, 2206);
INSERT INTO "connectsTo" VALUES (2206, 2207);
INSERT INTO "connectsTo" VALUES (2207, 2208);
INSERT INTO "connectsTo" VALUES (2208, 2209);
INSERT INTO "connectsTo" VALUES (2209, 2210);
INSERT INTO "connectsTo" VALUES (2210, 2212);
INSERT INTO "connectsTo" VALUES (2212, 2213);
INSERT INTO "connectsTo" VALUES (2213, 2214);
INSERT INTO "connectsTo" VALUES (2214, 2215);
INSERT INTO "connectsTo" VALUES (2215, 2216);
INSERT INTO "connectsTo" VALUES (2216, 2218);
INSERT INTO "connectsTo" VALUES (2218, 2219);
INSERT INTO "connectsTo" VALUES (2219, 2220);
INSERT INTO "connectsTo" VALUES (2220, 2221);
INSERT INTO "connectsTo" VALUES (2221, 2222);
INSERT INTO "connectsTo" VALUES (2222, 2224);
INSERT INTO "connectsTo" VALUES (2224, 2225);
INSERT INTO "connectsTo" VALUES (2225, 2226);
INSERT INTO "connectsTo" VALUES (2226, 2227);
INSERT INTO "connectsTo" VALUES (2227, 2228);
INSERT INTO "connectsTo" VALUES (2228, 2230);
INSERT INTO "connectsTo" VALUES (2230, 2232);
INSERT INTO "connectsTo" VALUES (2232, 2233);
INSERT INTO "connectsTo" VALUES (2233, 2234);
INSERT INTO "connectsTo" VALUES (2234, 2235);
INSERT INTO "connectsTo" VALUES (2235, 2236);
INSERT INTO "connectsTo" VALUES (2236, 2238);
INSERT INTO "connectsTo" VALUES (2238, 2239);
INSERT INTO "connectsTo" VALUES (2239, 2240);
INSERT INTO "connectsTo" VALUES (2240, 2241);
INSERT INTO "connectsTo" VALUES (2241, 2242);
INSERT INTO "connectsTo" VALUES (2242, 2244);
INSERT INTO "connectsTo" VALUES (2244, 2246);
INSERT INTO "connectsTo" VALUES (2246, 2247);
INSERT INTO "connectsTo" VALUES (2247, 2248);
INSERT INTO "connectsTo" VALUES (2248, 2249);
INSERT INTO "connectsTo" VALUES (2249, 2250);
INSERT INTO "connectsTo" VALUES (2250, 2252);
INSERT INTO "connectsTo" VALUES (2252, 2254);
INSERT INTO "connectsTo" VALUES (2254, 2255);
INSERT INTO "connectsTo" VALUES (2255, 2256);
INSERT INTO "connectsTo" VALUES (2256, 2257);
INSERT INTO "connectsTo" VALUES (2257, 2258);
INSERT INTO "connectsTo" VALUES (2258, 2260);
INSERT INTO "connectsTo" VALUES (2260, 2261);
INSERT INTO "connectsTo" VALUES (2261, 2262);
INSERT INTO "connectsTo" VALUES (2262, 2263);
INSERT INTO "connectsTo" VALUES (2263, 2264);
INSERT INTO "connectsTo" VALUES (2264, 2266);
INSERT INTO "connectsTo" VALUES (2266, 2267);
INSERT INTO "connectsTo" VALUES (2267, 2268);
INSERT INTO "connectsTo" VALUES (2268, 2269);
INSERT INTO "connectsTo" VALUES (2269, 2270);
INSERT INTO "connectsTo" VALUES (2270, 2272);
INSERT INTO "connectsTo" VALUES (2272, 2273);
INSERT INTO "connectsTo" VALUES (2273, 2274);
INSERT INTO "connectsTo" VALUES (2274, 2275);
INSERT INTO "connectsTo" VALUES (2275, 2276);
INSERT INTO "connectsTo" VALUES (2276, 2278);
INSERT INTO "connectsTo" VALUES (2278, 2279);
INSERT INTO "connectsTo" VALUES (2279, 2280);
INSERT INTO "connectsTo" VALUES (2280, 2281);
INSERT INTO "connectsTo" VALUES (2281, 2282);
INSERT INTO "connectsTo" VALUES (2282, 2284);
INSERT INTO "connectsTo" VALUES (2284, 2285);
INSERT INTO "connectsTo" VALUES (2285, 2286);
INSERT INTO "connectsTo" VALUES (2286, 2287);
INSERT INTO "connectsTo" VALUES (2287, 2288);
INSERT INTO "connectsTo" VALUES (2288, 2290);
INSERT INTO "connectsTo" VALUES (2290, 2292);
INSERT INTO "connectsTo" VALUES (2292, 2293);
INSERT INTO "connectsTo" VALUES (2293, 2294);
INSERT INTO "connectsTo" VALUES (2294, 2295);
INSERT INTO "connectsTo" VALUES (2295, 2296);
INSERT INTO "connectsTo" VALUES (2296, 2298);
INSERT INTO "connectsTo" VALUES (2298, 2299);
INSERT INTO "connectsTo" VALUES (2299, 2300);
INSERT INTO "connectsTo" VALUES (2300, 2301);
INSERT INTO "connectsTo" VALUES (2301, 2302);
INSERT INTO "connectsTo" VALUES (2302, 2304);
INSERT INTO "connectsTo" VALUES (2304, 2306);
INSERT INTO "connectsTo" VALUES (2306, 2307);
INSERT INTO "connectsTo" VALUES (2307, 2308);
INSERT INTO "connectsTo" VALUES (2308, 2309);
INSERT INTO "connectsTo" VALUES (2309, 2310);
INSERT INTO "connectsTo" VALUES (2310, 2312);
INSERT INTO "connectsTo" VALUES (2312, 2313);
INSERT INTO "connectsTo" VALUES (2313, 2314);
INSERT INTO "connectsTo" VALUES (2314, 2315);
INSERT INTO "connectsTo" VALUES (2315, 2316);
INSERT INTO "connectsTo" VALUES (2316, 2318);
INSERT INTO "connectsTo" VALUES (2318, 2319);
INSERT INTO "connectsTo" VALUES (2319, 2320);
INSERT INTO "connectsTo" VALUES (2320, 2321);
INSERT INTO "connectsTo" VALUES (2321, 2322);
INSERT INTO "connectsTo" VALUES (2322, 2324);
INSERT INTO "connectsTo" VALUES (2324, 2325);
INSERT INTO "connectsTo" VALUES (2325, 2326);
INSERT INTO "connectsTo" VALUES (2326, 2327);
INSERT INTO "connectsTo" VALUES (2327, 2328);
INSERT INTO "connectsTo" VALUES (2328, 2330);
INSERT INTO "connectsTo" VALUES (2330, 2331);
INSERT INTO "connectsTo" VALUES (2331, 2332);
INSERT INTO "connectsTo" VALUES (2332, 2333);
INSERT INTO "connectsTo" VALUES (2333, 2334);
INSERT INTO "connectsTo" VALUES (2334, 2336);
INSERT INTO "connectsTo" VALUES (2336, 2337);
INSERT INTO "connectsTo" VALUES (2337, 2338);
INSERT INTO "connectsTo" VALUES (2338, 2339);
INSERT INTO "connectsTo" VALUES (2339, 2340);
INSERT INTO "connectsTo" VALUES (2340, 2342);
INSERT INTO "connectsTo" VALUES (2342, 2343);
INSERT INTO "connectsTo" VALUES (2343, 2344);
INSERT INTO "connectsTo" VALUES (2344, 2345);
INSERT INTO "connectsTo" VALUES (2345, 2346);
INSERT INTO "connectsTo" VALUES (2346, 2348);
INSERT INTO "connectsTo" VALUES (2348, 2349);
INSERT INTO "connectsTo" VALUES (2349, 2350);
INSERT INTO "connectsTo" VALUES (2350, 2351);
INSERT INTO "connectsTo" VALUES (2351, 2352);
INSERT INTO "connectsTo" VALUES (2352, 2354);
INSERT INTO "connectsTo" VALUES (2354, 2355);
INSERT INTO "connectsTo" VALUES (2355, 2356);
INSERT INTO "connectsTo" VALUES (2356, 2357);
INSERT INTO "connectsTo" VALUES (2357, 2358);
INSERT INTO "connectsTo" VALUES (2358, 2360);
INSERT INTO "connectsTo" VALUES (2360, 2362);
INSERT INTO "connectsTo" VALUES (2362, 2363);
INSERT INTO "connectsTo" VALUES (2363, 2364);
INSERT INTO "connectsTo" VALUES (2364, 2365);
INSERT INTO "connectsTo" VALUES (2365, 2366);
INSERT INTO "connectsTo" VALUES (2366, 2368);
INSERT INTO "connectsTo" VALUES (2368, 2369);
INSERT INTO "connectsTo" VALUES (2369, 2370);
INSERT INTO "connectsTo" VALUES (2370, 2371);
INSERT INTO "connectsTo" VALUES (2371, 2372);
INSERT INTO "connectsTo" VALUES (2372, 2374);
INSERT INTO "connectsTo" VALUES (2374, 2375);
INSERT INTO "connectsTo" VALUES (2375, 2376);
INSERT INTO "connectsTo" VALUES (2376, 2377);
INSERT INTO "connectsTo" VALUES (2377, 2378);
INSERT INTO "connectsTo" VALUES (2378, 2380);
INSERT INTO "connectsTo" VALUES (2380, 2381);
INSERT INTO "connectsTo" VALUES (2381, 2382);
INSERT INTO "connectsTo" VALUES (2382, 2383);
INSERT INTO "connectsTo" VALUES (2383, 2384);
INSERT INTO "connectsTo" VALUES (2384, 2386);
INSERT INTO "connectsTo" VALUES (2386, 2387);
INSERT INTO "connectsTo" VALUES (2387, 2388);
INSERT INTO "connectsTo" VALUES (2388, 2389);
INSERT INTO "connectsTo" VALUES (2389, 2390);
INSERT INTO "connectsTo" VALUES (2390, 2392);
INSERT INTO "connectsTo" VALUES (2392, 2393);
INSERT INTO "connectsTo" VALUES (2393, 2394);
INSERT INTO "connectsTo" VALUES (2394, 2395);
INSERT INTO "connectsTo" VALUES (2395, 2396);
INSERT INTO "connectsTo" VALUES (2396, 2398);
INSERT INTO "connectsTo" VALUES (2398, 2399);
INSERT INTO "connectsTo" VALUES (2399, 2400);
INSERT INTO "connectsTo" VALUES (2400, 2401);
INSERT INTO "connectsTo" VALUES (2401, 2402);
INSERT INTO "connectsTo" VALUES (2402, 2404);
INSERT INTO "connectsTo" VALUES (2404, 2406);
INSERT INTO "connectsTo" VALUES (2406, 2407);
INSERT INTO "connectsTo" VALUES (2407, 2408);
INSERT INTO "connectsTo" VALUES (2408, 2409);
INSERT INTO "connectsTo" VALUES (2409, 2410);
INSERT INTO "connectsTo" VALUES (2410, 2412);
INSERT INTO "connectsTo" VALUES (2412, 2413);
INSERT INTO "connectsTo" VALUES (2413, 2414);
INSERT INTO "connectsTo" VALUES (2414, 2415);
INSERT INTO "connectsTo" VALUES (2415, 2416);
INSERT INTO "connectsTo" VALUES (2416, 2418);
INSERT INTO "connectsTo" VALUES (2418, 2419);
INSERT INTO "connectsTo" VALUES (2419, 2420);
INSERT INTO "connectsTo" VALUES (2420, 2421);
INSERT INTO "connectsTo" VALUES (2421, 2422);
INSERT INTO "connectsTo" VALUES (2422, 2424);
INSERT INTO "connectsTo" VALUES (2424, 2426);
INSERT INTO "connectsTo" VALUES (2426, 2427);
INSERT INTO "connectsTo" VALUES (2427, 2428);
INSERT INTO "connectsTo" VALUES (2428, 2429);
INSERT INTO "connectsTo" VALUES (2429, 2430);
INSERT INTO "connectsTo" VALUES (2430, 2431);
INSERT INTO "connectsTo" VALUES (2431, 2433);
INSERT INTO "connectsTo" VALUES (2433, 2434);
INSERT INTO "connectsTo" VALUES (2434, 2435);
INSERT INTO "connectsTo" VALUES (2435, 2436);
INSERT INTO "connectsTo" VALUES (2436, 2437);
INSERT INTO "connectsTo" VALUES (2437, 2439);
INSERT INTO "connectsTo" VALUES (2439, 2440);
INSERT INTO "connectsTo" VALUES (2440, 2441);
INSERT INTO "connectsTo" VALUES (2441, 2442);
INSERT INTO "connectsTo" VALUES (2442, 2443);
INSERT INTO "connectsTo" VALUES (2443, 2445);
INSERT INTO "connectsTo" VALUES (2445, 2446);
INSERT INTO "connectsTo" VALUES (2446, 2447);
INSERT INTO "connectsTo" VALUES (2447, 2448);
INSERT INTO "connectsTo" VALUES (2448, 2449);
INSERT INTO "connectsTo" VALUES (2449, 2451);
INSERT INTO "connectsTo" VALUES (2451, 2452);
INSERT INTO "connectsTo" VALUES (2452, 2453);
INSERT INTO "connectsTo" VALUES (2453, 2454);
INSERT INTO "connectsTo" VALUES (2454, 2455);
INSERT INTO "connectsTo" VALUES (2455, 2457);
INSERT INTO "connectsTo" VALUES (2457, 2458);
INSERT INTO "connectsTo" VALUES (2458, 2459);
INSERT INTO "connectsTo" VALUES (2459, 2460);
INSERT INTO "connectsTo" VALUES (2460, 2461);
INSERT INTO "connectsTo" VALUES (2461, 2463);
INSERT INTO "connectsTo" VALUES (2463, 2464);
INSERT INTO "connectsTo" VALUES (2464, 2465);
INSERT INTO "connectsTo" VALUES (2465, 2466);
INSERT INTO "connectsTo" VALUES (2466, 2467);
INSERT INTO "connectsTo" VALUES (2467, 2469);
INSERT INTO "connectsTo" VALUES (2469, 2471);
INSERT INTO "connectsTo" VALUES (2471, 2472);
INSERT INTO "connectsTo" VALUES (2472, 2473);
INSERT INTO "connectsTo" VALUES (2473, 2474);
INSERT INTO "connectsTo" VALUES (2474, 2475);
INSERT INTO "connectsTo" VALUES (2475, 2477);
INSERT INTO "connectsTo" VALUES (2477, 2478);
INSERT INTO "connectsTo" VALUES (2478, 2479);
INSERT INTO "connectsTo" VALUES (2479, 2480);
INSERT INTO "connectsTo" VALUES (2480, 2481);
INSERT INTO "connectsTo" VALUES (2481, 2483);
INSERT INTO "connectsTo" VALUES (2483, 2484);
INSERT INTO "connectsTo" VALUES (2484, 2485);
INSERT INTO "connectsTo" VALUES (2485, 2486);
INSERT INTO "connectsTo" VALUES (2486, 2487);
INSERT INTO "connectsTo" VALUES (2487, 2489);
INSERT INTO "connectsTo" VALUES (2489, 2490);
INSERT INTO "connectsTo" VALUES (2490, 2491);
INSERT INTO "connectsTo" VALUES (2491, 2492);
INSERT INTO "connectsTo" VALUES (2492, 2493);
INSERT INTO "connectsTo" VALUES (2493, 2495);
INSERT INTO "connectsTo" VALUES (2495, 2497);
INSERT INTO "connectsTo" VALUES (2497, 2498);
INSERT INTO "connectsTo" VALUES (2498, 2499);
INSERT INTO "connectsTo" VALUES (2499, 2500);
INSERT INTO "connectsTo" VALUES (2500, 2501);
INSERT INTO "connectsTo" VALUES (2501, 2503);
INSERT INTO "connectsTo" VALUES (2503, 2504);
INSERT INTO "connectsTo" VALUES (2504, 2505);
INSERT INTO "connectsTo" VALUES (2505, 2506);
INSERT INTO "connectsTo" VALUES (2506, 2507);
INSERT INTO "connectsTo" VALUES (2507, 2509);
INSERT INTO "connectsTo" VALUES (2509, 2510);
INSERT INTO "connectsTo" VALUES (2510, 2511);
INSERT INTO "connectsTo" VALUES (2511, 2512);
INSERT INTO "connectsTo" VALUES (2512, 2513);
INSERT INTO "connectsTo" VALUES (2513, 2515);
INSERT INTO "connectsTo" VALUES (2515, 2517);
INSERT INTO "connectsTo" VALUES (2517, 2518);
INSERT INTO "connectsTo" VALUES (2518, 2519);
INSERT INTO "connectsTo" VALUES (2519, 2520);
INSERT INTO "connectsTo" VALUES (2520, 2521);
INSERT INTO "connectsTo" VALUES (2521, 2522);
INSERT INTO "connectsTo" VALUES (2522, 2524);
INSERT INTO "connectsTo" VALUES (2524, 2525);
INSERT INTO "connectsTo" VALUES (2525, 2526);
INSERT INTO "connectsTo" VALUES (2526, 2527);
INSERT INTO "connectsTo" VALUES (2527, 2528);
INSERT INTO "connectsTo" VALUES (2528, 2530);
INSERT INTO "connectsTo" VALUES (2530, 2531);
INSERT INTO "connectsTo" VALUES (2531, 2532);
INSERT INTO "connectsTo" VALUES (2532, 2533);
INSERT INTO "connectsTo" VALUES (2533, 2534);
INSERT INTO "connectsTo" VALUES (2534, 2536);
INSERT INTO "connectsTo" VALUES (2536, 2537);
INSERT INTO "connectsTo" VALUES (2537, 2538);
INSERT INTO "connectsTo" VALUES (2538, 2539);
INSERT INTO "connectsTo" VALUES (2539, 2540);
INSERT INTO "connectsTo" VALUES (2540, 2542);
INSERT INTO "connectsTo" VALUES (2542, 2543);
INSERT INTO "connectsTo" VALUES (2543, 2544);
INSERT INTO "connectsTo" VALUES (2544, 2545);
INSERT INTO "connectsTo" VALUES (2545, 2546);
INSERT INTO "connectsTo" VALUES (2546, 2548);
INSERT INTO "connectsTo" VALUES (2548, 2549);
INSERT INTO "connectsTo" VALUES (2549, 2550);
INSERT INTO "connectsTo" VALUES (2550, 2551);
INSERT INTO "connectsTo" VALUES (2551, 2552);
INSERT INTO "connectsTo" VALUES (2552, 2554);
INSERT INTO "connectsTo" VALUES (2554, 2555);
INSERT INTO "connectsTo" VALUES (2555, 2556);
INSERT INTO "connectsTo" VALUES (2556, 2557);
INSERT INTO "connectsTo" VALUES (2557, 2558);
INSERT INTO "connectsTo" VALUES (2558, 2560);
INSERT INTO "connectsTo" VALUES (2560, 2561);
INSERT INTO "connectsTo" VALUES (2561, 2562);
INSERT INTO "connectsTo" VALUES (2562, 2563);
INSERT INTO "connectsTo" VALUES (2563, 2564);
INSERT INTO "connectsTo" VALUES (2065, 2070);
INSERT INTO "Semaphore" ("id", "signal") VALUES (2566, 2);
INSERT INTO "Route" ("id", "active", "entry", "exit") VALUES (2567, 1, 2067, 2566);
INSERT INTO "Region" ("id") VALUES (2568);
INSERT INTO "TrackElement" ("id") VALUES (2569);
INSERT INTO "Switch" ("id", "currentPosition") VALUES (2569, 2);
UPDATE "TrackElement" SET "region" = 2568 WHERE "id" = 2569;
INSERT INTO "Sensor" ("id") VALUES (2570);
UPDATE "Sensor" SET "region" = 2568 WHERE "id" = 2570;
INSERT INTO "monitoredBy" VALUES (2569, 2570);
INSERT INTO "requires" VALUES (2567, 2570);
INSERT INTO "TrackElement" ("id") VALUES (2571);
INSERT INTO "Segment" ("id", "length") VALUES (2571, 764);
UPDATE "TrackElement" SET "region" = 2568 WHERE "id" = 2571;
INSERT INTO "monitoredBy" VALUES (2571, 2570);
UPDATE "Semaphore" SET "segment" = 2571 WHERE "id" = 2566;
INSERT INTO "TrackElement" ("id") VALUES (2572);
INSERT INTO "Segment" ("id", "length") VALUES (2572, 42);
UPDATE "TrackElement" SET "region" = 2568 WHERE "id" = 2572;
INSERT INTO "monitoredBy" VALUES (2572, 2570);
INSERT INTO "TrackElement" ("id") VALUES (2573);
INSERT INTO "Segment" ("id", "length") VALUES (2573, 714);
UPDATE "TrackElement" SET "region" = 2568 WHERE "id" = 2573;
INSERT INTO "monitoredBy" VALUES (2573, 2570);
INSERT INTO "TrackElement" ("id") VALUES (2574);
INSERT INTO "Segment" ("id", "length") VALUES (2574, 39);
UPDATE "TrackElement" SET "region" = 2568 WHERE "id" = 2574;
INSERT INTO "monitoredBy" VALUES (2574, 2570);
INSERT INTO "TrackElement" ("id") VALUES (2575);
INSERT INTO "Segment" ("id", "length") VALUES (2575, 922);
UPDATE "TrackElement" SET "region" = 2568 WHERE "id" = 2575;
INSERT INTO "monitoredBy" VALUES (2575, 2570);
INSERT INTO "Sensor" ("id") VALUES (2576);
UPDATE "Sensor" SET "region" = 2568 WHERE "id" = 2576;
INSERT INTO "monitoredBy" VALUES (2569, 2576);
INSERT INTO "requires" VALUES (2567, 2576);
INSERT INTO "TrackElement" ("id") VALUES (2577);
INSERT INTO "Segment" ("id", "length") VALUES (2577, 828);
UPDATE "TrackElement" SET "region" = 2568 WHERE "id" = 2577;
INSERT INTO "monitoredBy" VALUES (2577, 2576);
INSERT INTO "TrackElement" ("id") VALUES (2578);
INSERT INTO "Segment" ("id", "length") VALUES (2578, 793);
UPDATE "TrackElement" SET "region" = 2568 WHERE "id" = 2578;
INSERT INTO "monitoredBy" VALUES (2578, 2576);
INSERT INTO "TrackElement" ("id") VALUES (2579);
INSERT INTO "Segment" ("id", "length") VALUES (2579, 851);
UPDATE "TrackElement" SET "region" = 2568 WHERE "id" = 2579;
INSERT INTO "monitoredBy" VALUES (2579, 2576);
INSERT INTO "TrackElement" ("id") VALUES (2580);
INSERT INTO "Segment" ("id", "length") VALUES (2580, 295);
UPDATE "TrackElement" SET "region" = 2568 WHERE "id" = 2580;
INSERT INTO "monitoredBy" VALUES (2580, 2576);
INSERT INTO "TrackElement" ("id") VALUES (2581);
INSERT INTO "Segment" ("id", "length") VALUES (2581, 738);
UPDATE "TrackElement" SET "region" = 2568 WHERE "id" = 2581;
INSERT INTO "monitoredBy" VALUES (2581, 2576);
INSERT INTO "Sensor" ("id") VALUES (2582);
UPDATE "Sensor" SET "region" = 2568 WHERE "id" = 2582;
INSERT INTO "monitoredBy" VALUES (2569, 2582);
INSERT INTO "requires" VALUES (2567, 2582);
INSERT INTO "TrackElement" ("id") VALUES (2583);
INSERT INTO "Segment" ("id", "length") VALUES (2583, 395);
UPDATE "TrackElement" SET "region" = 2568 WHERE "id" = 2583;
INSERT INTO "monitoredBy" VALUES (2583, 2582);
INSERT INTO "TrackElement" ("id") VALUES (2584);
INSERT INTO "Segment" ("id", "length") VALUES (2584, 397);
UPDATE "TrackElement" SET "region" = 2568 WHERE "id" = 2584;
INSERT INTO "monitoredBy" VALUES (2584, 2582);
INSERT INTO "TrackElement" ("id") VALUES (2585);
INSERT INTO "Segment" ("id", "length") VALUES (2585, 16);
UPDATE "TrackElement" SET "region" = 2568 WHERE "id" = 2585;
INSERT INTO "monitoredBy" VALUES (2585, 2582);
INSERT INTO "TrackElement" ("id") VALUES (2586);
INSERT INTO "Segment" ("id", "length") VALUES (2586, 291);
UPDATE "TrackElement" SET "region" = 2568 WHERE "id" = 2586;
INSERT INTO "monitoredBy" VALUES (2586, 2582);
INSERT INTO "TrackElement" ("id") VALUES (2587);
INSERT INTO "Segment" ("id", "length") VALUES (2587, 676);
UPDATE "TrackElement" SET "region" = 2568 WHERE "id" = 2587;
INSERT INTO "monitoredBy" VALUES (2587, 2582);
INSERT INTO "Sensor" ("id") VALUES (2588);
UPDATE "Sensor" SET "region" = 2568 WHERE "id" = 2588;
INSERT INTO "monitoredBy" VALUES (2569, 2588);
INSERT INTO "requires" VALUES (2567, 2588);
INSERT INTO "TrackElement" ("id") VALUES (2589);
INSERT INTO "Segment" ("id", "length") VALUES (2589, 749);
UPDATE "TrackElement" SET "region" = 2568 WHERE "id" = 2589;
INSERT INTO "monitoredBy" VALUES (2589, 2588);
INSERT INTO "TrackElement" ("id") VALUES (2590);
INSERT INTO "Segment" ("id", "length") VALUES (2590, 648);
UPDATE "TrackElement" SET "region" = 2568 WHERE "id" = 2590;
INSERT INTO "monitoredBy" VALUES (2590, 2588);
INSERT INTO "TrackElement" ("id") VALUES (2591);
INSERT INTO "Segment" ("id", "length") VALUES (2591, 789);
UPDATE "TrackElement" SET "region" = 2568 WHERE "id" = 2591;
INSERT INTO "monitoredBy" VALUES (2591, 2588);
INSERT INTO "TrackElement" ("id") VALUES (2592);
INSERT INTO "Segment" ("id", "length") VALUES (2592, 163);
UPDATE "TrackElement" SET "region" = 2568 WHERE "id" = 2592;
INSERT INTO "monitoredBy" VALUES (2592, 2588);
INSERT INTO "TrackElement" ("id") VALUES (2593);
INSERT INTO "Segment" ("id", "length") VALUES (2593, 222);
UPDATE "TrackElement" SET "region" = 2568 WHERE "id" = 2593;
INSERT INTO "monitoredBy" VALUES (2593, 2588);
INSERT INTO "Sensor" ("id") VALUES (2594);
UPDATE "Sensor" SET "region" = 2568 WHERE "id" = 2594;
INSERT INTO "monitoredBy" VALUES (2569, 2594);
INSERT INTO "requires" VALUES (2567, 2594);
INSERT INTO "TrackElement" ("id") VALUES (2595);
INSERT INTO "Segment" ("id", "length") VALUES (2595, 954);
UPDATE "TrackElement" SET "region" = 2568 WHERE "id" = 2595;
INSERT INTO "monitoredBy" VALUES (2595, 2594);
INSERT INTO "TrackElement" ("id") VALUES (2596);
INSERT INTO "Segment" ("id", "length") VALUES (2596, 225);
UPDATE "TrackElement" SET "region" = 2568 WHERE "id" = 2596;
INSERT INTO "monitoredBy" VALUES (2596, 2594);
INSERT INTO "TrackElement" ("id") VALUES (2597);
INSERT INTO "Segment" ("id", "length") VALUES (2597, 812);
UPDATE "TrackElement" SET "region" = 2568 WHERE "id" = 2597;
INSERT INTO "monitoredBy" VALUES (2597, 2594);
INSERT INTO "TrackElement" ("id") VALUES (2598);
INSERT INTO "Segment" ("id", "length") VALUES (2598, 627);
UPDATE "TrackElement" SET "region" = 2568 WHERE "id" = 2598;
INSERT INTO "monitoredBy" VALUES (2598, 2594);
INSERT INTO "TrackElement" ("id") VALUES (2599);
INSERT INTO "Segment" ("id", "length") VALUES (2599, 161);
UPDATE "TrackElement" SET "region" = 2568 WHERE "id" = 2599;
INSERT INTO "monitoredBy" VALUES (2599, 2594);
INSERT INTO "Sensor" ("id") VALUES (2600);
UPDATE "Sensor" SET "region" = 2568 WHERE "id" = 2600;
INSERT INTO "monitoredBy" VALUES (2569, 2600);
INSERT INTO "requires" VALUES (2567, 2600);
INSERT INTO "TrackElement" ("id") VALUES (2601);
INSERT INTO "Segment" ("id", "length") VALUES (2601, 868);
UPDATE "TrackElement" SET "region" = 2568 WHERE "id" = 2601;
INSERT INTO "monitoredBy" VALUES (2601, 2600);
INSERT INTO "TrackElement" ("id") VALUES (2602);
INSERT INTO "Segment" ("id", "length") VALUES (2602, 514);
UPDATE "TrackElement" SET "region" = 2568 WHERE "id" = 2602;
INSERT INTO "monitoredBy" VALUES (2602, 2600);
INSERT INTO "TrackElement" ("id") VALUES (2603);
INSERT INTO "Segment" ("id", "length") VALUES (2603, 630);
UPDATE "TrackElement" SET "region" = 2568 WHERE "id" = 2603;
INSERT INTO "monitoredBy" VALUES (2603, 2600);
INSERT INTO "TrackElement" ("id") VALUES (2604);
INSERT INTO "Segment" ("id", "length") VALUES (2604, 530);
UPDATE "TrackElement" SET "region" = 2568 WHERE "id" = 2604;
INSERT INTO "monitoredBy" VALUES (2604, 2600);
INSERT INTO "TrackElement" ("id") VALUES (2605);
INSERT INTO "Segment" ("id", "length") VALUES (2605, 677);
UPDATE "TrackElement" SET "region" = 2568 WHERE "id" = 2605;
INSERT INTO "monitoredBy" VALUES (2605, 2600);
INSERT INTO "Sensor" ("id") VALUES (2606);
UPDATE "Sensor" SET "region" = 2568 WHERE "id" = 2606;
INSERT INTO "monitoredBy" VALUES (2569, 2606);
INSERT INTO "requires" VALUES (2567, 2606);
INSERT INTO "TrackElement" ("id") VALUES (2607);
INSERT INTO "Segment" ("id", "length") VALUES (2607, 559);
UPDATE "TrackElement" SET "region" = 2568 WHERE "id" = 2607;
INSERT INTO "monitoredBy" VALUES (2607, 2606);
INSERT INTO "TrackElement" ("id") VALUES (2608);
INSERT INTO "Segment" ("id", "length") VALUES (2608, 721);
UPDATE "TrackElement" SET "region" = 2568 WHERE "id" = 2608;
INSERT INTO "monitoredBy" VALUES (2608, 2606);
INSERT INTO "TrackElement" ("id") VALUES (2609);
INSERT INTO "Segment" ("id", "length") VALUES (2609, 547);
UPDATE "TrackElement" SET "region" = 2568 WHERE "id" = 2609;
INSERT INTO "monitoredBy" VALUES (2609, 2606);
INSERT INTO "TrackElement" ("id") VALUES (2610);
INSERT INTO "Segment" ("id", "length") VALUES (2610, 966);
UPDATE "TrackElement" SET "region" = 2568 WHERE "id" = 2610;
INSERT INTO "monitoredBy" VALUES (2610, 2606);
INSERT INTO "TrackElement" ("id") VALUES (2611);
INSERT INTO "Segment" ("id", "length") VALUES (2611, 449);
UPDATE "TrackElement" SET "region" = 2568 WHERE "id" = 2611;
INSERT INTO "monitoredBy" VALUES (2611, 2606);
INSERT INTO "Sensor" ("id") VALUES (2612);
UPDATE "Sensor" SET "region" = 2568 WHERE "id" = 2612;
INSERT INTO "monitoredBy" VALUES (2569, 2612);
INSERT INTO "requires" VALUES (2567, 2612);
INSERT INTO "TrackElement" ("id") VALUES (2613);
INSERT INTO "Segment" ("id", "length") VALUES (2613, 68);
UPDATE "TrackElement" SET "region" = 2568 WHERE "id" = 2613;
INSERT INTO "monitoredBy" VALUES (2613, 2612);
INSERT INTO "TrackElement" ("id") VALUES (2614);
INSERT INTO "Segment" ("id", "length") VALUES (2614, 575);
UPDATE "TrackElement" SET "region" = 2568 WHERE "id" = 2614;
INSERT INTO "monitoredBy" VALUES (2614, 2612);
INSERT INTO "TrackElement" ("id") VALUES (2615);
INSERT INTO "Segment" ("id", "length") VALUES (2615, 828);
UPDATE "TrackElement" SET "region" = 2568 WHERE "id" = 2615;
INSERT INTO "monitoredBy" VALUES (2615, 2612);
INSERT INTO "TrackElement" ("id") VALUES (2616);
INSERT INTO "Segment" ("id", "length") VALUES (2616, 402);
UPDATE "TrackElement" SET "region" = 2568 WHERE "id" = 2616;
INSERT INTO "monitoredBy" VALUES (2616, 2612);
INSERT INTO "TrackElement" ("id") VALUES (2617);
INSERT INTO "Segment" ("id", "length") VALUES (2617, 745);
UPDATE "TrackElement" SET "region" = 2568 WHERE "id" = 2617;
INSERT INTO "monitoredBy" VALUES (2617, 2612);
INSERT INTO "Sensor" ("id") VALUES (2618);
UPDATE "Sensor" SET "region" = 2568 WHERE "id" = 2618;
INSERT INTO "monitoredBy" VALUES (2569, 2618);
INSERT INTO "requires" VALUES (2567, 2618);
INSERT INTO "TrackElement" ("id") VALUES (2619);
INSERT INTO "Segment" ("id", "length") VALUES (2619, 304);
UPDATE "TrackElement" SET "region" = 2568 WHERE "id" = 2619;
INSERT INTO "monitoredBy" VALUES (2619, 2618);
INSERT INTO "TrackElement" ("id") VALUES (2620);
INSERT INTO "Segment" ("id", "length") VALUES (2620, 452);
UPDATE "TrackElement" SET "region" = 2568 WHERE "id" = 2620;
INSERT INTO "monitoredBy" VALUES (2620, 2618);
INSERT INTO "TrackElement" ("id") VALUES (2621);
INSERT INTO "Segment" ("id", "length") VALUES (2621, 744);
UPDATE "TrackElement" SET "region" = 2568 WHERE "id" = 2621;
INSERT INTO "monitoredBy" VALUES (2621, 2618);
INSERT INTO "TrackElement" ("id") VALUES (2622);
INSERT INTO "Segment" ("id", "length") VALUES (2622, 950);
UPDATE "TrackElement" SET "region" = 2568 WHERE "id" = 2622;
INSERT INTO "monitoredBy" VALUES (2622, 2618);
INSERT INTO "TrackElement" ("id") VALUES (2623);
INSERT INTO "Segment" ("id", "length") VALUES (2623, 883);
UPDATE "TrackElement" SET "region" = 2568 WHERE "id" = 2623;
INSERT INTO "monitoredBy" VALUES (2623, 2618);
INSERT INTO "SwitchPosition" ("id", "position", "target") VALUES (2624, 2, 2569);
UPDATE "SwitchPosition" SET "route" = 2567 WHERE "id" = 2624;
INSERT INTO "TrackElement" ("id") VALUES (2625);
INSERT INTO "Switch" ("id", "currentPosition") VALUES (2625, 0);
UPDATE "TrackElement" SET "region" = 2568 WHERE "id" = 2625;
INSERT INTO "Sensor" ("id") VALUES (2626);
UPDATE "Sensor" SET "region" = 2568 WHERE "id" = 2626;
INSERT INTO "monitoredBy" VALUES (2625, 2626);
INSERT INTO "requires" VALUES (2567, 2626);
INSERT INTO "TrackElement" ("id") VALUES (2627);
INSERT INTO "Segment" ("id", "length") VALUES (2627, 778);
UPDATE "TrackElement" SET "region" = 2568 WHERE "id" = 2627;
INSERT INTO "monitoredBy" VALUES (2627, 2626);
INSERT INTO "TrackElement" ("id") VALUES (2628);
INSERT INTO "Segment" ("id", "length") VALUES (2628, 553);
UPDATE "TrackElement" SET "region" = 2568 WHERE "id" = 2628;
INSERT INTO "monitoredBy" VALUES (2628, 2626);
INSERT INTO "TrackElement" ("id") VALUES (2629);
INSERT INTO "Segment" ("id", "length") VALUES (2629, 130);
UPDATE "TrackElement" SET "region" = 2568 WHERE "id" = 2629;
INSERT INTO "monitoredBy" VALUES (2629, 2626);
INSERT INTO "TrackElement" ("id") VALUES (2630);
INSERT INTO "Segment" ("id", "length") VALUES (2630, 404);
UPDATE "TrackElement" SET "region" = 2568 WHERE "id" = 2630;
INSERT INTO "monitoredBy" VALUES (2630, 2626);
INSERT INTO "TrackElement" ("id") VALUES (2631);
INSERT INTO "Segment" ("id", "length") VALUES (2631, 473);
UPDATE "TrackElement" SET "region" = 2568 WHERE "id" = 2631;
INSERT INTO "monitoredBy" VALUES (2631, 2626);
INSERT INTO "Sensor" ("id") VALUES (2632);
UPDATE "Sensor" SET "region" = 2568 WHERE "id" = 2632;
INSERT INTO "monitoredBy" VALUES (2625, 2632);
INSERT INTO "requires" VALUES (2567, 2632);
INSERT INTO "TrackElement" ("id") VALUES (2633);
INSERT INTO "Segment" ("id", "length") VALUES (2633, 263);
UPDATE "TrackElement" SET "region" = 2568 WHERE "id" = 2633;
INSERT INTO "monitoredBy" VALUES (2633, 2632);
INSERT INTO "TrackElement" ("id") VALUES (2634);
INSERT INTO "Segment" ("id", "length") VALUES (2634, 409);
UPDATE "TrackElement" SET "region" = 2568 WHERE "id" = 2634;
INSERT INTO "monitoredBy" VALUES (2634, 2632);
INSERT INTO "TrackElement" ("id") VALUES (2635);
INSERT INTO "Segment" ("id", "length") VALUES (2635, 940);
UPDATE "TrackElement" SET "region" = 2568 WHERE "id" = 2635;
INSERT INTO "monitoredBy" VALUES (2635, 2632);
INSERT INTO "TrackElement" ("id") VALUES (2636);
INSERT INTO "Segment" ("id", "length") VALUES (2636, 972);
UPDATE "TrackElement" SET "region" = 2568 WHERE "id" = 2636;
INSERT INTO "monitoredBy" VALUES (2636, 2632);
INSERT INTO "TrackElement" ("id") VALUES (2637);
INSERT INTO "Segment" ("id", "length") VALUES (2637, 948);
UPDATE "TrackElement" SET "region" = 2568 WHERE "id" = 2637;
INSERT INTO "monitoredBy" VALUES (2637, 2632);
INSERT INTO "Sensor" ("id") VALUES (2638);
UPDATE "Sensor" SET "region" = 2568 WHERE "id" = 2638;
INSERT INTO "monitoredBy" VALUES (2625, 2638);
INSERT INTO "requires" VALUES (2567, 2638);
INSERT INTO "TrackElement" ("id") VALUES (2639);
INSERT INTO "Segment" ("id", "length") VALUES (2639, 736);
UPDATE "TrackElement" SET "region" = 2568 WHERE "id" = 2639;
INSERT INTO "monitoredBy" VALUES (2639, 2638);
INSERT INTO "TrackElement" ("id") VALUES (2640);
INSERT INTO "Segment" ("id", "length") VALUES (2640, 334);
UPDATE "TrackElement" SET "region" = 2568 WHERE "id" = 2640;
INSERT INTO "monitoredBy" VALUES (2640, 2638);
INSERT INTO "TrackElement" ("id") VALUES (2641);
INSERT INTO "Segment" ("id", "length") VALUES (2641, 728);
UPDATE "TrackElement" SET "region" = 2568 WHERE "id" = 2641;
INSERT INTO "monitoredBy" VALUES (2641, 2638);
INSERT INTO "TrackElement" ("id") VALUES (2642);
INSERT INTO "Segment" ("id", "length") VALUES (2642, 734);
UPDATE "TrackElement" SET "region" = 2568 WHERE "id" = 2642;
INSERT INTO "monitoredBy" VALUES (2642, 2638);
INSERT INTO "TrackElement" ("id") VALUES (2643);
INSERT INTO "Segment" ("id", "length") VALUES (2643, 472);
UPDATE "TrackElement" SET "region" = 2568 WHERE "id" = 2643;
INSERT INTO "monitoredBy" VALUES (2643, 2638);
INSERT INTO "Sensor" ("id") VALUES (2644);
UPDATE "Sensor" SET "region" = 2568 WHERE "id" = 2644;
INSERT INTO "monitoredBy" VALUES (2625, 2644);
INSERT INTO "requires" VALUES (2567, 2644);
INSERT INTO "TrackElement" ("id") VALUES (2645);
INSERT INTO "Segment" ("id", "length") VALUES (2645, 967);
UPDATE "TrackElement" SET "region" = 2568 WHERE "id" = 2645;
INSERT INTO "monitoredBy" VALUES (2645, 2644);
INSERT INTO "TrackElement" ("id") VALUES (2646);
INSERT INTO "Segment" ("id", "length") VALUES (2646, 404);
UPDATE "TrackElement" SET "region" = 2568 WHERE "id" = 2646;
INSERT INTO "monitoredBy" VALUES (2646, 2644);
INSERT INTO "TrackElement" ("id") VALUES (2647);
INSERT INTO "Segment" ("id", "length") VALUES (2647, 410);
UPDATE "TrackElement" SET "region" = 2568 WHERE "id" = 2647;
INSERT INTO "monitoredBy" VALUES (2647, 2644);
INSERT INTO "TrackElement" ("id") VALUES (2648);
INSERT INTO "Segment" ("id", "length") VALUES (2648, 997);
UPDATE "TrackElement" SET "region" = 2568 WHERE "id" = 2648;
INSERT INTO "monitoredBy" VALUES (2648, 2644);
INSERT INTO "TrackElement" ("id") VALUES (2649);
INSERT INTO "Segment" ("id", "length") VALUES (2649, 210);
UPDATE "TrackElement" SET "region" = 2568 WHERE "id" = 2649;
INSERT INTO "monitoredBy" VALUES (2649, 2644);
INSERT INTO "Sensor" ("id") VALUES (2650);
UPDATE "Sensor" SET "region" = 2568 WHERE "id" = 2650;
INSERT INTO "monitoredBy" VALUES (2625, 2650);
INSERT INTO "requires" VALUES (2567, 2650);
INSERT INTO "TrackElement" ("id") VALUES (2651);
INSERT INTO "Segment" ("id", "length") VALUES (2651, 744);
UPDATE "TrackElement" SET "region" = 2568 WHERE "id" = 2651;
INSERT INTO "monitoredBy" VALUES (2651, 2650);
INSERT INTO "TrackElement" ("id") VALUES (2652);
INSERT INTO "Segment" ("id", "length") VALUES (2652, 353);
UPDATE "TrackElement" SET "region" = 2568 WHERE "id" = 2652;
INSERT INTO "monitoredBy" VALUES (2652, 2650);
INSERT INTO "TrackElement" ("id") VALUES (2653);
INSERT INTO "Segment" ("id", "length") VALUES (2653, 403);
UPDATE "TrackElement" SET "region" = 2568 WHERE "id" = 2653;
INSERT INTO "monitoredBy" VALUES (2653, 2650);
INSERT INTO "TrackElement" ("id") VALUES (2654);
INSERT INTO "Segment" ("id", "length") VALUES (2654, 116);
UPDATE "TrackElement" SET "region" = 2568 WHERE "id" = 2654;
INSERT INTO "monitoredBy" VALUES (2654, 2650);
INSERT INTO "TrackElement" ("id") VALUES (2655);
INSERT INTO "Segment" ("id", "length") VALUES (2655, 529);
UPDATE "TrackElement" SET "region" = 2568 WHERE "id" = 2655;
INSERT INTO "monitoredBy" VALUES (2655, 2650);
INSERT INTO "Sensor" ("id") VALUES (2656);
UPDATE "Sensor" SET "region" = 2568 WHERE "id" = 2656;
INSERT INTO "monitoredBy" VALUES (2625, 2656);
INSERT INTO "requires" VALUES (2567, 2656);
INSERT INTO "TrackElement" ("id") VALUES (2657);
INSERT INTO "Segment" ("id", "length") VALUES (2657, 535);
UPDATE "TrackElement" SET "region" = 2568 WHERE "id" = 2657;
INSERT INTO "monitoredBy" VALUES (2657, 2656);
INSERT INTO "TrackElement" ("id") VALUES (2658);
INSERT INTO "Segment" ("id", "length") VALUES (2658, 699);
UPDATE "TrackElement" SET "region" = 2568 WHERE "id" = 2658;
INSERT INTO "monitoredBy" VALUES (2658, 2656);
INSERT INTO "TrackElement" ("id") VALUES (2659);
INSERT INTO "Segment" ("id", "length") VALUES (2659, 682);
UPDATE "TrackElement" SET "region" = 2568 WHERE "id" = 2659;
INSERT INTO "monitoredBy" VALUES (2659, 2656);
INSERT INTO "TrackElement" ("id") VALUES (2660);
INSERT INTO "Segment" ("id", "length") VALUES (2660, 128);
UPDATE "TrackElement" SET "region" = 2568 WHERE "id" = 2660;
INSERT INTO "monitoredBy" VALUES (2660, 2656);
INSERT INTO "TrackElement" ("id") VALUES (2661);
INSERT INTO "Segment" ("id", "length") VALUES (2661, 895);
UPDATE "TrackElement" SET "region" = 2568 WHERE "id" = 2661;
INSERT INTO "monitoredBy" VALUES (2661, 2656);
INSERT INTO "Sensor" ("id") VALUES (2662);
UPDATE "Sensor" SET "region" = 2568 WHERE "id" = 2662;
INSERT INTO "monitoredBy" VALUES (2625, 2662);
INSERT INTO "requires" VALUES (2567, 2662);
INSERT INTO "TrackElement" ("id") VALUES (2663);
INSERT INTO "Segment" ("id", "length") VALUES (2663, 398);
UPDATE "TrackElement" SET "region" = 2568 WHERE "id" = 2663;
INSERT INTO "monitoredBy" VALUES (2663, 2662);
INSERT INTO "TrackElement" ("id") VALUES (2664);
INSERT INTO "Segment" ("id", "length") VALUES (2664, 366);
UPDATE "TrackElement" SET "region" = 2568 WHERE "id" = 2664;
INSERT INTO "monitoredBy" VALUES (2664, 2662);
INSERT INTO "TrackElement" ("id") VALUES (2665);
INSERT INTO "Segment" ("id", "length") VALUES (2665, 700);
UPDATE "TrackElement" SET "region" = 2568 WHERE "id" = 2665;
INSERT INTO "monitoredBy" VALUES (2665, 2662);
INSERT INTO "TrackElement" ("id") VALUES (2666);
INSERT INTO "Segment" ("id", "length") VALUES (2666, 806);
UPDATE "TrackElement" SET "region" = 2568 WHERE "id" = 2666;
INSERT INTO "monitoredBy" VALUES (2666, 2662);
INSERT INTO "TrackElement" ("id") VALUES (2667);
INSERT INTO "Segment" ("id", "length") VALUES (2667, 868);
UPDATE "TrackElement" SET "region" = 2568 WHERE "id" = 2667;
INSERT INTO "monitoredBy" VALUES (2667, 2662);
INSERT INTO "Sensor" ("id") VALUES (2668);
UPDATE "Sensor" SET "region" = 2568 WHERE "id" = 2668;
INSERT INTO "monitoredBy" VALUES (2625, 2668);
INSERT INTO "requires" VALUES (2567, 2668);
INSERT INTO "TrackElement" ("id") VALUES (2669);
INSERT INTO "Segment" ("id", "length") VALUES (2669, 65);
UPDATE "TrackElement" SET "region" = 2568 WHERE "id" = 2669;
INSERT INTO "monitoredBy" VALUES (2669, 2668);
INSERT INTO "TrackElement" ("id") VALUES (2670);
INSERT INTO "Segment" ("id", "length") VALUES (2670, 539);
UPDATE "TrackElement" SET "region" = 2568 WHERE "id" = 2670;
INSERT INTO "monitoredBy" VALUES (2670, 2668);
INSERT INTO "TrackElement" ("id") VALUES (2671);
INSERT INTO "Segment" ("id", "length") VALUES (2671, 339);
UPDATE "TrackElement" SET "region" = 2568 WHERE "id" = 2671;
INSERT INTO "monitoredBy" VALUES (2671, 2668);
INSERT INTO "TrackElement" ("id") VALUES (2672);
INSERT INTO "Segment" ("id", "length") VALUES (2672, 813);
UPDATE "TrackElement" SET "region" = 2568 WHERE "id" = 2672;
INSERT INTO "monitoredBy" VALUES (2672, 2668);
INSERT INTO "TrackElement" ("id") VALUES (2673);
INSERT INTO "Segment" ("id", "length") VALUES (2673, 902);
UPDATE "TrackElement" SET "region" = 2568 WHERE "id" = 2673;
INSERT INTO "monitoredBy" VALUES (2673, 2668);
INSERT INTO "Sensor" ("id") VALUES (2674);
UPDATE "Sensor" SET "region" = 2568 WHERE "id" = 2674;
INSERT INTO "monitoredBy" VALUES (2625, 2674);
INSERT INTO "requires" VALUES (2567, 2674);
INSERT INTO "TrackElement" ("id") VALUES (2675);
INSERT INTO "Segment" ("id", "length") VALUES (2675, 399);
UPDATE "TrackElement" SET "region" = 2568 WHERE "id" = 2675;
INSERT INTO "monitoredBy" VALUES (2675, 2674);
INSERT INTO "TrackElement" ("id") VALUES (2676);
INSERT INTO "Segment" ("id", "length") VALUES (2676, 375);
UPDATE "TrackElement" SET "region" = 2568 WHERE "id" = 2676;
INSERT INTO "monitoredBy" VALUES (2676, 2674);
INSERT INTO "TrackElement" ("id") VALUES (2677);
INSERT INTO "Segment" ("id", "length") VALUES (2677, 631);
UPDATE "TrackElement" SET "region" = 2568 WHERE "id" = 2677;
INSERT INTO "monitoredBy" VALUES (2677, 2674);
INSERT INTO "TrackElement" ("id") VALUES (2678);
INSERT INTO "Segment" ("id", "length") VALUES (2678, 237);
UPDATE "TrackElement" SET "region" = 2568 WHERE "id" = 2678;
INSERT INTO "monitoredBy" VALUES (2678, 2674);
INSERT INTO "TrackElement" ("id") VALUES (2679);
INSERT INTO "Segment" ("id", "length") VALUES (2679, 382);
UPDATE "TrackElement" SET "region" = 2568 WHERE "id" = 2679;
INSERT INTO "monitoredBy" VALUES (2679, 2674);
INSERT INTO "SwitchPosition" ("id", "position", "target") VALUES (2680, 0, 2625);
UPDATE "SwitchPosition" SET "route" = 2567 WHERE "id" = 2680;
INSERT INTO "TrackElement" ("id") VALUES (2681);
INSERT INTO "Switch" ("id", "currentPosition") VALUES (2681, 0);
UPDATE "TrackElement" SET "region" = 2568 WHERE "id" = 2681;
INSERT INTO "Sensor" ("id") VALUES (2682);
UPDATE "Sensor" SET "region" = 2568 WHERE "id" = 2682;
INSERT INTO "monitoredBy" VALUES (2681, 2682);
INSERT INTO "requires" VALUES (2567, 2682);
INSERT INTO "TrackElement" ("id") VALUES (2683);
INSERT INTO "Segment" ("id", "length") VALUES (2683, 370);
UPDATE "TrackElement" SET "region" = 2568 WHERE "id" = 2683;
INSERT INTO "monitoredBy" VALUES (2683, 2682);
INSERT INTO "TrackElement" ("id") VALUES (2684);
INSERT INTO "Segment" ("id", "length") VALUES (2684, 501);
UPDATE "TrackElement" SET "region" = 2568 WHERE "id" = 2684;
INSERT INTO "monitoredBy" VALUES (2684, 2682);
INSERT INTO "TrackElement" ("id") VALUES (2685);
INSERT INTO "Segment" ("id", "length") VALUES (2685, 153);
UPDATE "TrackElement" SET "region" = 2568 WHERE "id" = 2685;
INSERT INTO "monitoredBy" VALUES (2685, 2682);
INSERT INTO "TrackElement" ("id") VALUES (2686);
INSERT INTO "Segment" ("id", "length") VALUES (2686, 386);
UPDATE "TrackElement" SET "region" = 2568 WHERE "id" = 2686;
INSERT INTO "monitoredBy" VALUES (2686, 2682);
INSERT INTO "TrackElement" ("id") VALUES (2687);
INSERT INTO "Segment" ("id", "length") VALUES (2687, 23);
UPDATE "TrackElement" SET "region" = 2568 WHERE "id" = 2687;
INSERT INTO "monitoredBy" VALUES (2687, 2682);
INSERT INTO "Sensor" ("id") VALUES (2688);
UPDATE "Sensor" SET "region" = 2568 WHERE "id" = 2688;
INSERT INTO "monitoredBy" VALUES (2681, 2688);
INSERT INTO "requires" VALUES (2567, 2688);
INSERT INTO "TrackElement" ("id") VALUES (2689);
INSERT INTO "Segment" ("id", "length") VALUES (2689, 657);
UPDATE "TrackElement" SET "region" = 2568 WHERE "id" = 2689;
INSERT INTO "monitoredBy" VALUES (2689, 2688);
INSERT INTO "TrackElement" ("id") VALUES (2690);
INSERT INTO "Segment" ("id", "length") VALUES (2690, 219);
UPDATE "TrackElement" SET "region" = 2568 WHERE "id" = 2690;
INSERT INTO "monitoredBy" VALUES (2690, 2688);
INSERT INTO "TrackElement" ("id") VALUES (2691);
INSERT INTO "Segment" ("id", "length") VALUES (2691, 728);
UPDATE "TrackElement" SET "region" = 2568 WHERE "id" = 2691;
INSERT INTO "monitoredBy" VALUES (2691, 2688);
INSERT INTO "TrackElement" ("id") VALUES (2692);
INSERT INTO "Segment" ("id", "length") VALUES (2692, 584);
UPDATE "TrackElement" SET "region" = 2568 WHERE "id" = 2692;
INSERT INTO "monitoredBy" VALUES (2692, 2688);
INSERT INTO "TrackElement" ("id") VALUES (2693);
INSERT INTO "Segment" ("id", "length") VALUES (2693, 661);
UPDATE "TrackElement" SET "region" = 2568 WHERE "id" = 2693;
INSERT INTO "monitoredBy" VALUES (2693, 2688);
INSERT INTO "Sensor" ("id") VALUES (2694);
UPDATE "Sensor" SET "region" = 2568 WHERE "id" = 2694;
INSERT INTO "monitoredBy" VALUES (2681, 2694);
INSERT INTO "requires" VALUES (2567, 2694);
INSERT INTO "TrackElement" ("id") VALUES (2695);
INSERT INTO "Segment" ("id", "length") VALUES (2695, 299);
UPDATE "TrackElement" SET "region" = 2568 WHERE "id" = 2695;
INSERT INTO "monitoredBy" VALUES (2695, 2694);
INSERT INTO "TrackElement" ("id") VALUES (2696);
INSERT INTO "Segment" ("id", "length") VALUES (2696, 177);
UPDATE "TrackElement" SET "region" = 2568 WHERE "id" = 2696;
INSERT INTO "monitoredBy" VALUES (2696, 2694);
INSERT INTO "TrackElement" ("id") VALUES (2697);
INSERT INTO "Segment" ("id", "length") VALUES (2697, 99);
UPDATE "TrackElement" SET "region" = 2568 WHERE "id" = 2697;
INSERT INTO "monitoredBy" VALUES (2697, 2694);
INSERT INTO "TrackElement" ("id") VALUES (2698);
INSERT INTO "Segment" ("id", "length") VALUES (2698, 83);
UPDATE "TrackElement" SET "region" = 2568 WHERE "id" = 2698;
INSERT INTO "monitoredBy" VALUES (2698, 2694);
INSERT INTO "TrackElement" ("id") VALUES (2699);
INSERT INTO "Segment" ("id", "length") VALUES (2699, 257);
UPDATE "TrackElement" SET "region" = 2568 WHERE "id" = 2699;
INSERT INTO "monitoredBy" VALUES (2699, 2694);
INSERT INTO "SwitchPosition" ("id", "position", "target") VALUES (2700, 0, 2681);
UPDATE "SwitchPosition" SET "route" = 2567 WHERE "id" = 2700;
INSERT INTO "TrackElement" ("id") VALUES (2701);
INSERT INTO "Switch" ("id", "currentPosition") VALUES (2701, 2);
UPDATE "TrackElement" SET "region" = 2568 WHERE "id" = 2701;
INSERT INTO "Sensor" ("id") VALUES (2702);
UPDATE "Sensor" SET "region" = 2568 WHERE "id" = 2702;
INSERT INTO "monitoredBy" VALUES (2701, 2702);
INSERT INTO "requires" VALUES (2567, 2702);
INSERT INTO "TrackElement" ("id") VALUES (2703);
INSERT INTO "Segment" ("id", "length") VALUES (2703, 596);
UPDATE "TrackElement" SET "region" = 2568 WHERE "id" = 2703;
INSERT INTO "monitoredBy" VALUES (2703, 2702);
INSERT INTO "TrackElement" ("id") VALUES (2704);
INSERT INTO "Segment" ("id", "length") VALUES (2704, 477);
UPDATE "TrackElement" SET "region" = 2568 WHERE "id" = 2704;
INSERT INTO "monitoredBy" VALUES (2704, 2702);
INSERT INTO "TrackElement" ("id") VALUES (2705);
INSERT INTO "Segment" ("id", "length") VALUES (2705, 315);
UPDATE "TrackElement" SET "region" = 2568 WHERE "id" = 2705;
INSERT INTO "monitoredBy" VALUES (2705, 2702);
INSERT INTO "TrackElement" ("id") VALUES (2706);
INSERT INTO "Segment" ("id", "length") VALUES (2706, 653);
UPDATE "TrackElement" SET "region" = 2568 WHERE "id" = 2706;
INSERT INTO "monitoredBy" VALUES (2706, 2702);
INSERT INTO "TrackElement" ("id") VALUES (2707);
INSERT INTO "Segment" ("id", "length") VALUES (2707, 532);
UPDATE "TrackElement" SET "region" = 2568 WHERE "id" = 2707;
INSERT INTO "monitoredBy" VALUES (2707, 2702);
INSERT INTO "Sensor" ("id") VALUES (2708);
UPDATE "Sensor" SET "region" = 2568 WHERE "id" = 2708;
INSERT INTO "monitoredBy" VALUES (2701, 2708);
INSERT INTO "requires" VALUES (2567, 2708);
INSERT INTO "TrackElement" ("id") VALUES (2709);
INSERT INTO "Segment" ("id", "length") VALUES (2709, 388);
UPDATE "TrackElement" SET "region" = 2568 WHERE "id" = 2709;
INSERT INTO "monitoredBy" VALUES (2709, 2708);
INSERT INTO "TrackElement" ("id") VALUES (2710);
INSERT INTO "Segment" ("id", "length") VALUES (2710, 980);
UPDATE "TrackElement" SET "region" = 2568 WHERE "id" = 2710;
INSERT INTO "monitoredBy" VALUES (2710, 2708);
INSERT INTO "TrackElement" ("id") VALUES (2711);
INSERT INTO "Segment" ("id", "length") VALUES (2711, 48);
UPDATE "TrackElement" SET "region" = 2568 WHERE "id" = 2711;
INSERT INTO "monitoredBy" VALUES (2711, 2708);
INSERT INTO "TrackElement" ("id") VALUES (2712);
INSERT INTO "Segment" ("id", "length") VALUES (2712, -801);
UPDATE "TrackElement" SET "region" = 2568 WHERE "id" = 2712;
INSERT INTO "monitoredBy" VALUES (2712, 2708);
INSERT INTO "TrackElement" ("id") VALUES (2713);
INSERT INTO "Segment" ("id", "length") VALUES (2713, 590);
UPDATE "TrackElement" SET "region" = 2568 WHERE "id" = 2713;
INSERT INTO "monitoredBy" VALUES (2713, 2708);
INSERT INTO "Sensor" ("id") VALUES (2714);
UPDATE "Sensor" SET "region" = 2568 WHERE "id" = 2714;
INSERT INTO "monitoredBy" VALUES (2701, 2714);
INSERT INTO "requires" VALUES (2567, 2714);
INSERT INTO "TrackElement" ("id") VALUES (2715);
INSERT INTO "Segment" ("id", "length") VALUES (2715, 938);
UPDATE "TrackElement" SET "region" = 2568 WHERE "id" = 2715;
INSERT INTO "monitoredBy" VALUES (2715, 2714);
INSERT INTO "TrackElement" ("id") VALUES (2716);
INSERT INTO "Segment" ("id", "length") VALUES (2716, 965);
UPDATE "TrackElement" SET "region" = 2568 WHERE "id" = 2716;
INSERT INTO "monitoredBy" VALUES (2716, 2714);
INSERT INTO "TrackElement" ("id") VALUES (2717);
INSERT INTO "Segment" ("id", "length") VALUES (2717, 77);
UPDATE "TrackElement" SET "region" = 2568 WHERE "id" = 2717;
INSERT INTO "monitoredBy" VALUES (2717, 2714);
INSERT INTO "TrackElement" ("id") VALUES (2718);
INSERT INTO "Segment" ("id", "length") VALUES (2718, 35);
UPDATE "TrackElement" SET "region" = 2568 WHERE "id" = 2718;
INSERT INTO "monitoredBy" VALUES (2718, 2714);
INSERT INTO "TrackElement" ("id") VALUES (2719);
INSERT INTO "Segment" ("id", "length") VALUES (2719, 114);
UPDATE "TrackElement" SET "region" = 2568 WHERE "id" = 2719;
INSERT INTO "monitoredBy" VALUES (2719, 2714);
INSERT INTO "Sensor" ("id") VALUES (2720);
UPDATE "Sensor" SET "region" = 2568 WHERE "id" = 2720;
INSERT INTO "monitoredBy" VALUES (2701, 2720);
INSERT INTO "requires" VALUES (2567, 2720);
INSERT INTO "TrackElement" ("id") VALUES (2721);
INSERT INTO "Segment" ("id", "length") VALUES (2721, 394);
UPDATE "TrackElement" SET "region" = 2568 WHERE "id" = 2721;
INSERT INTO "monitoredBy" VALUES (2721, 2720);
INSERT INTO "TrackElement" ("id") VALUES (2722);
INSERT INTO "Segment" ("id", "length") VALUES (2722, 131);
UPDATE "TrackElement" SET "region" = 2568 WHERE "id" = 2722;
INSERT INTO "monitoredBy" VALUES (2722, 2720);
INSERT INTO "TrackElement" ("id") VALUES (2723);
INSERT INTO "Segment" ("id", "length") VALUES (2723, 251);
UPDATE "TrackElement" SET "region" = 2568 WHERE "id" = 2723;
INSERT INTO "monitoredBy" VALUES (2723, 2720);
INSERT INTO "TrackElement" ("id") VALUES (2724);
INSERT INTO "Segment" ("id", "length") VALUES (2724, 475);
UPDATE "TrackElement" SET "region" = 2568 WHERE "id" = 2724;
INSERT INTO "monitoredBy" VALUES (2724, 2720);
INSERT INTO "TrackElement" ("id") VALUES (2725);
INSERT INTO "Segment" ("id", "length") VALUES (2725, 357);
UPDATE "TrackElement" SET "region" = 2568 WHERE "id" = 2725;
INSERT INTO "monitoredBy" VALUES (2725, 2720);
INSERT INTO "TrackElement" ("id") VALUES (2726);
INSERT INTO "Segment" ("id", "length") VALUES (2726, 329);
UPDATE "TrackElement" SET "region" = 2568 WHERE "id" = 2726;
INSERT INTO "monitoredBy" VALUES (2726, 2720);
INSERT INTO "Sensor" ("id") VALUES (2727);
UPDATE "Sensor" SET "region" = 2568 WHERE "id" = 2727;
INSERT INTO "monitoredBy" VALUES (2701, 2727);
INSERT INTO "requires" VALUES (2567, 2727);
INSERT INTO "TrackElement" ("id") VALUES (2728);
INSERT INTO "Segment" ("id", "length") VALUES (2728, 276);
UPDATE "TrackElement" SET "region" = 2568 WHERE "id" = 2728;
INSERT INTO "monitoredBy" VALUES (2728, 2727);
INSERT INTO "TrackElement" ("id") VALUES (2729);
INSERT INTO "Segment" ("id", "length") VALUES (2729, 990);
UPDATE "TrackElement" SET "region" = 2568 WHERE "id" = 2729;
INSERT INTO "monitoredBy" VALUES (2729, 2727);
INSERT INTO "TrackElement" ("id") VALUES (2730);
INSERT INTO "Segment" ("id", "length") VALUES (2730, 8);
UPDATE "TrackElement" SET "region" = 2568 WHERE "id" = 2730;
INSERT INTO "monitoredBy" VALUES (2730, 2727);
INSERT INTO "TrackElement" ("id") VALUES (2731);
INSERT INTO "Segment" ("id", "length") VALUES (2731, 105);
UPDATE "TrackElement" SET "region" = 2568 WHERE "id" = 2731;
INSERT INTO "monitoredBy" VALUES (2731, 2727);
INSERT INTO "TrackElement" ("id") VALUES (2732);
INSERT INTO "Segment" ("id", "length") VALUES (2732, 578);
UPDATE "TrackElement" SET "region" = 2568 WHERE "id" = 2732;
INSERT INTO "monitoredBy" VALUES (2732, 2727);
INSERT INTO "Sensor" ("id") VALUES (2733);
UPDATE "Sensor" SET "region" = 2568 WHERE "id" = 2733;
INSERT INTO "monitoredBy" VALUES (2701, 2733);
INSERT INTO "requires" VALUES (2567, 2733);
INSERT INTO "TrackElement" ("id") VALUES (2734);
INSERT INTO "Segment" ("id", "length") VALUES (2734, 196);
UPDATE "TrackElement" SET "region" = 2568 WHERE "id" = 2734;
INSERT INTO "monitoredBy" VALUES (2734, 2733);
INSERT INTO "TrackElement" ("id") VALUES (2735);
INSERT INTO "Segment" ("id", "length") VALUES (2735, 608);
UPDATE "TrackElement" SET "region" = 2568 WHERE "id" = 2735;
INSERT INTO "monitoredBy" VALUES (2735, 2733);
INSERT INTO "TrackElement" ("id") VALUES (2736);
INSERT INTO "Segment" ("id", "length") VALUES (2736, 173);
UPDATE "TrackElement" SET "region" = 2568 WHERE "id" = 2736;
INSERT INTO "monitoredBy" VALUES (2736, 2733);
INSERT INTO "TrackElement" ("id") VALUES (2737);
INSERT INTO "Segment" ("id", "length") VALUES (2737, 776);
UPDATE "TrackElement" SET "region" = 2568 WHERE "id" = 2737;
INSERT INTO "monitoredBy" VALUES (2737, 2733);
INSERT INTO "TrackElement" ("id") VALUES (2738);
INSERT INTO "Segment" ("id", "length") VALUES (2738, 491);
UPDATE "TrackElement" SET "region" = 2568 WHERE "id" = 2738;
INSERT INTO "monitoredBy" VALUES (2738, 2733);
INSERT INTO "Sensor" ("id") VALUES (2739);
UPDATE "Sensor" SET "region" = 2568 WHERE "id" = 2739;
INSERT INTO "TrackElement" ("id") VALUES (2740);
INSERT INTO "Segment" ("id", "length") VALUES (2740, 332);
UPDATE "TrackElement" SET "region" = 2568 WHERE "id" = 2740;
INSERT INTO "monitoredBy" VALUES (2740, 2739);
INSERT INTO "TrackElement" ("id") VALUES (2741);
INSERT INTO "Segment" ("id", "length") VALUES (2741, 229);
UPDATE "TrackElement" SET "region" = 2568 WHERE "id" = 2741;
INSERT INTO "monitoredBy" VALUES (2741, 2739);
INSERT INTO "TrackElement" ("id") VALUES (2742);
INSERT INTO "Segment" ("id", "length") VALUES (2742, 803);
UPDATE "TrackElement" SET "region" = 2568 WHERE "id" = 2742;
INSERT INTO "monitoredBy" VALUES (2742, 2739);
INSERT INTO "TrackElement" ("id") VALUES (2743);
INSERT INTO "Segment" ("id", "length") VALUES (2743, 777);
UPDATE "TrackElement" SET "region" = 2568 WHERE "id" = 2743;
INSERT INTO "monitoredBy" VALUES (2743, 2739);
INSERT INTO "TrackElement" ("id") VALUES (2744);
INSERT INTO "Segment" ("id", "length") VALUES (2744, 309);
UPDATE "TrackElement" SET "region" = 2568 WHERE "id" = 2744;
INSERT INTO "monitoredBy" VALUES (2744, 2739);
INSERT INTO "SwitchPosition" ("id", "position", "target") VALUES (2745, 2, 2701);
UPDATE "SwitchPosition" SET "route" = 2567 WHERE "id" = 2745;
INSERT INTO "TrackElement" ("id") VALUES (2746);
INSERT INTO "Switch" ("id", "currentPosition") VALUES (2746, 1);
UPDATE "TrackElement" SET "region" = 2568 WHERE "id" = 2746;
INSERT INTO "Sensor" ("id") VALUES (2747);
UPDATE "Sensor" SET "region" = 2568 WHERE "id" = 2747;
INSERT INTO "monitoredBy" VALUES (2746, 2747);
INSERT INTO "requires" VALUES (2567, 2747);
INSERT INTO "TrackElement" ("id") VALUES (2748);
INSERT INTO "Segment" ("id", "length") VALUES (2748, 826);
UPDATE "TrackElement" SET "region" = 2568 WHERE "id" = 2748;
INSERT INTO "monitoredBy" VALUES (2748, 2747);
INSERT INTO "TrackElement" ("id") VALUES (2749);
INSERT INTO "Segment" ("id", "length") VALUES (2749, 33);
UPDATE "TrackElement" SET "region" = 2568 WHERE "id" = 2749;
INSERT INTO "monitoredBy" VALUES (2749, 2747);
INSERT INTO "TrackElement" ("id") VALUES (2750);
INSERT INTO "Segment" ("id", "length") VALUES (2750, 327);
UPDATE "TrackElement" SET "region" = 2568 WHERE "id" = 2750;
INSERT INTO "monitoredBy" VALUES (2750, 2747);
INSERT INTO "TrackElement" ("id") VALUES (2751);
INSERT INTO "Segment" ("id", "length") VALUES (2751, 400);
UPDATE "TrackElement" SET "region" = 2568 WHERE "id" = 2751;
INSERT INTO "monitoredBy" VALUES (2751, 2747);
INSERT INTO "TrackElement" ("id") VALUES (2752);
INSERT INTO "Segment" ("id", "length") VALUES (2752, 839);
UPDATE "TrackElement" SET "region" = 2568 WHERE "id" = 2752;
INSERT INTO "monitoredBy" VALUES (2752, 2747);
INSERT INTO "Sensor" ("id") VALUES (2753);
UPDATE "Sensor" SET "region" = 2568 WHERE "id" = 2753;
INSERT INTO "monitoredBy" VALUES (2746, 2753);
INSERT INTO "requires" VALUES (2567, 2753);
INSERT INTO "TrackElement" ("id") VALUES (2754);
INSERT INTO "Segment" ("id", "length") VALUES (2754, 59);
UPDATE "TrackElement" SET "region" = 2568 WHERE "id" = 2754;
INSERT INTO "monitoredBy" VALUES (2754, 2753);
INSERT INTO "TrackElement" ("id") VALUES (2755);
INSERT INTO "Segment" ("id", "length") VALUES (2755, 74);
UPDATE "TrackElement" SET "region" = 2568 WHERE "id" = 2755;
INSERT INTO "monitoredBy" VALUES (2755, 2753);
INSERT INTO "TrackElement" ("id") VALUES (2756);
INSERT INTO "Segment" ("id", "length") VALUES (2756, 486);
UPDATE "TrackElement" SET "region" = 2568 WHERE "id" = 2756;
INSERT INTO "monitoredBy" VALUES (2756, 2753);
INSERT INTO "TrackElement" ("id") VALUES (2757);
INSERT INTO "Segment" ("id", "length") VALUES (2757, 117);
UPDATE "TrackElement" SET "region" = 2568 WHERE "id" = 2757;
INSERT INTO "monitoredBy" VALUES (2757, 2753);
INSERT INTO "TrackElement" ("id") VALUES (2758);
INSERT INTO "Segment" ("id", "length") VALUES (2758, 850);
UPDATE "TrackElement" SET "region" = 2568 WHERE "id" = 2758;
INSERT INTO "monitoredBy" VALUES (2758, 2753);
INSERT INTO "Sensor" ("id") VALUES (2759);
UPDATE "Sensor" SET "region" = 2568 WHERE "id" = 2759;
INSERT INTO "monitoredBy" VALUES (2746, 2759);
INSERT INTO "requires" VALUES (2567, 2759);
INSERT INTO "TrackElement" ("id") VALUES (2760);
INSERT INTO "Segment" ("id", "length") VALUES (2760, 388);
UPDATE "TrackElement" SET "region" = 2568 WHERE "id" = 2760;
INSERT INTO "monitoredBy" VALUES (2760, 2759);
INSERT INTO "TrackElement" ("id") VALUES (2761);
INSERT INTO "Segment" ("id", "length") VALUES (2761, 873);
UPDATE "TrackElement" SET "region" = 2568 WHERE "id" = 2761;
INSERT INTO "monitoredBy" VALUES (2761, 2759);
INSERT INTO "TrackElement" ("id") VALUES (2762);
INSERT INTO "Segment" ("id", "length") VALUES (2762, 672);
UPDATE "TrackElement" SET "region" = 2568 WHERE "id" = 2762;
INSERT INTO "monitoredBy" VALUES (2762, 2759);
INSERT INTO "TrackElement" ("id") VALUES (2763);
INSERT INTO "Segment" ("id", "length") VALUES (2763, 160);
UPDATE "TrackElement" SET "region" = 2568 WHERE "id" = 2763;
INSERT INTO "monitoredBy" VALUES (2763, 2759);
INSERT INTO "TrackElement" ("id") VALUES (2764);
INSERT INTO "Segment" ("id", "length") VALUES (2764, 664);
UPDATE "TrackElement" SET "region" = 2568 WHERE "id" = 2764;
INSERT INTO "monitoredBy" VALUES (2764, 2759);
INSERT INTO "Sensor" ("id") VALUES (2765);
UPDATE "Sensor" SET "region" = 2568 WHERE "id" = 2765;
INSERT INTO "monitoredBy" VALUES (2746, 2765);
INSERT INTO "requires" VALUES (2567, 2765);
INSERT INTO "TrackElement" ("id") VALUES (2766);
INSERT INTO "Segment" ("id", "length") VALUES (2766, 15);
UPDATE "TrackElement" SET "region" = 2568 WHERE "id" = 2766;
INSERT INTO "monitoredBy" VALUES (2766, 2765);
INSERT INTO "TrackElement" ("id") VALUES (2767);
INSERT INTO "Segment" ("id", "length") VALUES (2767, 598);
UPDATE "TrackElement" SET "region" = 2568 WHERE "id" = 2767;
INSERT INTO "monitoredBy" VALUES (2767, 2765);
INSERT INTO "TrackElement" ("id") VALUES (2768);
INSERT INTO "Segment" ("id", "length") VALUES (2768, 472);
UPDATE "TrackElement" SET "region" = 2568 WHERE "id" = 2768;
INSERT INTO "monitoredBy" VALUES (2768, 2765);
INSERT INTO "TrackElement" ("id") VALUES (2769);
INSERT INTO "Segment" ("id", "length") VALUES (2769, 144);
UPDATE "TrackElement" SET "region" = 2568 WHERE "id" = 2769;
INSERT INTO "monitoredBy" VALUES (2769, 2765);
INSERT INTO "TrackElement" ("id") VALUES (2770);
INSERT INTO "Segment" ("id", "length") VALUES (2770, 734);
UPDATE "TrackElement" SET "region" = 2568 WHERE "id" = 2770;
INSERT INTO "monitoredBy" VALUES (2770, 2765);
INSERT INTO "SwitchPosition" ("id", "position", "target") VALUES (2771, 1, 2746);
UPDATE "SwitchPosition" SET "route" = 2567 WHERE "id" = 2771;
INSERT INTO "TrackElement" ("id") VALUES (2772);
INSERT INTO "Switch" ("id", "currentPosition") VALUES (2772, 1);
UPDATE "TrackElement" SET "region" = 2568 WHERE "id" = 2772;
INSERT INTO "Sensor" ("id") VALUES (2773);
UPDATE "Sensor" SET "region" = 2568 WHERE "id" = 2773;
INSERT INTO "monitoredBy" VALUES (2772, 2773);
INSERT INTO "requires" VALUES (2567, 2773);
INSERT INTO "TrackElement" ("id") VALUES (2774);
INSERT INTO "Segment" ("id", "length") VALUES (2774, 318);
UPDATE "TrackElement" SET "region" = 2568 WHERE "id" = 2774;
INSERT INTO "monitoredBy" VALUES (2774, 2773);
INSERT INTO "TrackElement" ("id") VALUES (2775);
INSERT INTO "Segment" ("id", "length") VALUES (2775, 285);
UPDATE "TrackElement" SET "region" = 2568 WHERE "id" = 2775;
INSERT INTO "monitoredBy" VALUES (2775, 2773);
INSERT INTO "TrackElement" ("id") VALUES (2776);
INSERT INTO "Segment" ("id", "length") VALUES (2776, 342);
UPDATE "TrackElement" SET "region" = 2568 WHERE "id" = 2776;
INSERT INTO "monitoredBy" VALUES (2776, 2773);
INSERT INTO "TrackElement" ("id") VALUES (2777);
INSERT INTO "Segment" ("id", "length") VALUES (2777, 98);
UPDATE "TrackElement" SET "region" = 2568 WHERE "id" = 2777;
INSERT INTO "monitoredBy" VALUES (2777, 2773);
INSERT INTO "TrackElement" ("id") VALUES (2778);
INSERT INTO "Segment" ("id", "length") VALUES (2778, 754);
UPDATE "TrackElement" SET "region" = 2568 WHERE "id" = 2778;
INSERT INTO "monitoredBy" VALUES (2778, 2773);
INSERT INTO "Sensor" ("id") VALUES (2779);
UPDATE "Sensor" SET "region" = 2568 WHERE "id" = 2779;
INSERT INTO "monitoredBy" VALUES (2772, 2779);
INSERT INTO "requires" VALUES (2567, 2779);
INSERT INTO "TrackElement" ("id") VALUES (2780);
INSERT INTO "Segment" ("id", "length") VALUES (2780, 367);
UPDATE "TrackElement" SET "region" = 2568 WHERE "id" = 2780;
INSERT INTO "monitoredBy" VALUES (2780, 2779);
INSERT INTO "TrackElement" ("id") VALUES (2781);
INSERT INTO "Segment" ("id", "length") VALUES (2781, 410);
UPDATE "TrackElement" SET "region" = 2568 WHERE "id" = 2781;
INSERT INTO "monitoredBy" VALUES (2781, 2779);
INSERT INTO "TrackElement" ("id") VALUES (2782);
INSERT INTO "Segment" ("id", "length") VALUES (2782, 262);
UPDATE "TrackElement" SET "region" = 2568 WHERE "id" = 2782;
INSERT INTO "monitoredBy" VALUES (2782, 2779);
INSERT INTO "TrackElement" ("id") VALUES (2783);
INSERT INTO "Segment" ("id", "length") VALUES (2783, 990);
UPDATE "TrackElement" SET "region" = 2568 WHERE "id" = 2783;
INSERT INTO "monitoredBy" VALUES (2783, 2779);
INSERT INTO "TrackElement" ("id") VALUES (2784);
INSERT INTO "Segment" ("id", "length") VALUES (2784, 818);
UPDATE "TrackElement" SET "region" = 2568 WHERE "id" = 2784;
INSERT INTO "monitoredBy" VALUES (2784, 2779);
INSERT INTO "Sensor" ("id") VALUES (2785);
UPDATE "Sensor" SET "region" = 2568 WHERE "id" = 2785;
INSERT INTO "monitoredBy" VALUES (2772, 2785);
INSERT INTO "requires" VALUES (2567, 2785);
INSERT INTO "TrackElement" ("id") VALUES (2786);
INSERT INTO "Segment" ("id", "length") VALUES (2786, 209);
UPDATE "TrackElement" SET "region" = 2568 WHERE "id" = 2786;
INSERT INTO "monitoredBy" VALUES (2786, 2785);
INSERT INTO "TrackElement" ("id") VALUES (2787);
INSERT INTO "Segment" ("id", "length") VALUES (2787, 342);
UPDATE "TrackElement" SET "region" = 2568 WHERE "id" = 2787;
INSERT INTO "monitoredBy" VALUES (2787, 2785);
INSERT INTO "TrackElement" ("id") VALUES (2788);
INSERT INTO "Segment" ("id", "length") VALUES (2788, 642);
UPDATE "TrackElement" SET "region" = 2568 WHERE "id" = 2788;
INSERT INTO "monitoredBy" VALUES (2788, 2785);
INSERT INTO "TrackElement" ("id") VALUES (2789);
INSERT INTO "Segment" ("id", "length") VALUES (2789, 753);
UPDATE "TrackElement" SET "region" = 2568 WHERE "id" = 2789;
INSERT INTO "monitoredBy" VALUES (2789, 2785);
INSERT INTO "TrackElement" ("id") VALUES (2790);
INSERT INTO "Segment" ("id", "length") VALUES (2790, 461);
UPDATE "TrackElement" SET "region" = 2568 WHERE "id" = 2790;
INSERT INTO "monitoredBy" VALUES (2790, 2785);
INSERT INTO "Sensor" ("id") VALUES (2791);
UPDATE "Sensor" SET "region" = 2568 WHERE "id" = 2791;
INSERT INTO "monitoredBy" VALUES (2772, 2791);
INSERT INTO "requires" VALUES (2567, 2791);
INSERT INTO "TrackElement" ("id") VALUES (2792);
INSERT INTO "Segment" ("id", "length") VALUES (2792, 690);
UPDATE "TrackElement" SET "region" = 2568 WHERE "id" = 2792;
INSERT INTO "monitoredBy" VALUES (2792, 2791);
INSERT INTO "TrackElement" ("id") VALUES (2793);
INSERT INTO "Segment" ("id", "length") VALUES (2793, 304);
UPDATE "TrackElement" SET "region" = 2568 WHERE "id" = 2793;
INSERT INTO "monitoredBy" VALUES (2793, 2791);
INSERT INTO "TrackElement" ("id") VALUES (2794);
INSERT INTO "Segment" ("id", "length") VALUES (2794, 399);
UPDATE "TrackElement" SET "region" = 2568 WHERE "id" = 2794;
INSERT INTO "monitoredBy" VALUES (2794, 2791);
INSERT INTO "TrackElement" ("id") VALUES (2795);
INSERT INTO "Segment" ("id", "length") VALUES (2795, 498);
UPDATE "TrackElement" SET "region" = 2568 WHERE "id" = 2795;
INSERT INTO "monitoredBy" VALUES (2795, 2791);
INSERT INTO "TrackElement" ("id") VALUES (2796);
INSERT INTO "Segment" ("id", "length") VALUES (2796, 364);
UPDATE "TrackElement" SET "region" = 2568 WHERE "id" = 2796;
INSERT INTO "monitoredBy" VALUES (2796, 2791);
INSERT INTO "Sensor" ("id") VALUES (2797);
UPDATE "Sensor" SET "region" = 2568 WHERE "id" = 2797;
INSERT INTO "monitoredBy" VALUES (2772, 2797);
INSERT INTO "requires" VALUES (2567, 2797);
INSERT INTO "TrackElement" ("id") VALUES (2798);
INSERT INTO "Segment" ("id", "length") VALUES (2798, 2);
UPDATE "TrackElement" SET "region" = 2568 WHERE "id" = 2798;
INSERT INTO "monitoredBy" VALUES (2798, 2797);
INSERT INTO "TrackElement" ("id") VALUES (2799);
INSERT INTO "Segment" ("id", "length") VALUES (2799, 39);
UPDATE "TrackElement" SET "region" = 2568 WHERE "id" = 2799;
INSERT INTO "monitoredBy" VALUES (2799, 2797);
INSERT INTO "TrackElement" ("id") VALUES (2800);
INSERT INTO "Segment" ("id", "length") VALUES (2800, 440);
UPDATE "TrackElement" SET "region" = 2568 WHERE "id" = 2800;
INSERT INTO "monitoredBy" VALUES (2800, 2797);
INSERT INTO "TrackElement" ("id") VALUES (2801);
INSERT INTO "Segment" ("id", "length") VALUES (2801, 800);
UPDATE "TrackElement" SET "region" = 2568 WHERE "id" = 2801;
INSERT INTO "monitoredBy" VALUES (2801, 2797);
INSERT INTO "TrackElement" ("id") VALUES (2802);
INSERT INTO "Segment" ("id", "length") VALUES (2802, 46);
UPDATE "TrackElement" SET "region" = 2568 WHERE "id" = 2802;
INSERT INTO "monitoredBy" VALUES (2802, 2797);
INSERT INTO "Sensor" ("id") VALUES (2803);
UPDATE "Sensor" SET "region" = 2568 WHERE "id" = 2803;
INSERT INTO "monitoredBy" VALUES (2772, 2803);
INSERT INTO "requires" VALUES (2567, 2803);
INSERT INTO "TrackElement" ("id") VALUES (2804);
INSERT INTO "Segment" ("id", "length") VALUES (2804, 78);
UPDATE "TrackElement" SET "region" = 2568 WHERE "id" = 2804;
INSERT INTO "monitoredBy" VALUES (2804, 2803);
INSERT INTO "TrackElement" ("id") VALUES (2805);
INSERT INTO "Segment" ("id", "length") VALUES (2805, 826);
UPDATE "TrackElement" SET "region" = 2568 WHERE "id" = 2805;
INSERT INTO "monitoredBy" VALUES (2805, 2803);
INSERT INTO "TrackElement" ("id") VALUES (2806);
INSERT INTO "Segment" ("id", "length") VALUES (2806, 526);
UPDATE "TrackElement" SET "region" = 2568 WHERE "id" = 2806;
INSERT INTO "monitoredBy" VALUES (2806, 2803);
INSERT INTO "TrackElement" ("id") VALUES (2807);
INSERT INTO "Segment" ("id", "length") VALUES (2807, 404);
UPDATE "TrackElement" SET "region" = 2568 WHERE "id" = 2807;
INSERT INTO "monitoredBy" VALUES (2807, 2803);
INSERT INTO "TrackElement" ("id") VALUES (2808);
INSERT INTO "Segment" ("id", "length") VALUES (2808, 250);
UPDATE "TrackElement" SET "region" = 2568 WHERE "id" = 2808;
INSERT INTO "monitoredBy" VALUES (2808, 2803);
INSERT INTO "TrackElement" ("id") VALUES (2809);
INSERT INTO "Segment" ("id", "length") VALUES (2809, 340);
UPDATE "TrackElement" SET "region" = 2568 WHERE "id" = 2809;
INSERT INTO "monitoredBy" VALUES (2809, 2803);
INSERT INTO "SwitchPosition" ("id", "position", "target") VALUES (2810, 1, 2772);
UPDATE "SwitchPosition" SET "route" = 2567 WHERE "id" = 2810;
INSERT INTO "TrackElement" ("id") VALUES (2811);
INSERT INTO "Switch" ("id", "currentPosition") VALUES (2811, 2);
UPDATE "TrackElement" SET "region" = 2568 WHERE "id" = 2811;
INSERT INTO "Sensor" ("id") VALUES (2812);
UPDATE "Sensor" SET "region" = 2568 WHERE "id" = 2812;
INSERT INTO "monitoredBy" VALUES (2811, 2812);
INSERT INTO "requires" VALUES (2567, 2812);
INSERT INTO "TrackElement" ("id") VALUES (2813);
INSERT INTO "Segment" ("id", "length") VALUES (2813, 238);
UPDATE "TrackElement" SET "region" = 2568 WHERE "id" = 2813;
INSERT INTO "monitoredBy" VALUES (2813, 2812);
INSERT INTO "TrackElement" ("id") VALUES (2814);
INSERT INTO "Segment" ("id", "length") VALUES (2814, 748);
UPDATE "TrackElement" SET "region" = 2568 WHERE "id" = 2814;
INSERT INTO "monitoredBy" VALUES (2814, 2812);
INSERT INTO "TrackElement" ("id") VALUES (2815);
INSERT INTO "Segment" ("id", "length") VALUES (2815, 647);
UPDATE "TrackElement" SET "region" = 2568 WHERE "id" = 2815;
INSERT INTO "monitoredBy" VALUES (2815, 2812);
INSERT INTO "TrackElement" ("id") VALUES (2816);
INSERT INTO "Segment" ("id", "length") VALUES (2816, 949);
UPDATE "TrackElement" SET "region" = 2568 WHERE "id" = 2816;
INSERT INTO "monitoredBy" VALUES (2816, 2812);
INSERT INTO "TrackElement" ("id") VALUES (2817);
INSERT INTO "Segment" ("id", "length") VALUES (2817, 672);
UPDATE "TrackElement" SET "region" = 2568 WHERE "id" = 2817;
INSERT INTO "monitoredBy" VALUES (2817, 2812);
INSERT INTO "Sensor" ("id") VALUES (2818);
UPDATE "Sensor" SET "region" = 2568 WHERE "id" = 2818;
INSERT INTO "monitoredBy" VALUES (2811, 2818);
INSERT INTO "requires" VALUES (2567, 2818);
INSERT INTO "TrackElement" ("id") VALUES (2819);
INSERT INTO "Segment" ("id", "length") VALUES (2819, 853);
UPDATE "TrackElement" SET "region" = 2568 WHERE "id" = 2819;
INSERT INTO "monitoredBy" VALUES (2819, 2818);
INSERT INTO "TrackElement" ("id") VALUES (2820);
INSERT INTO "Segment" ("id", "length") VALUES (2820, 144);
UPDATE "TrackElement" SET "region" = 2568 WHERE "id" = 2820;
INSERT INTO "monitoredBy" VALUES (2820, 2818);
INSERT INTO "TrackElement" ("id") VALUES (2821);
INSERT INTO "Segment" ("id", "length") VALUES (2821, 832);
UPDATE "TrackElement" SET "region" = 2568 WHERE "id" = 2821;
INSERT INTO "monitoredBy" VALUES (2821, 2818);
INSERT INTO "TrackElement" ("id") VALUES (2822);
INSERT INTO "Segment" ("id", "length") VALUES (2822, 808);
UPDATE "TrackElement" SET "region" = 2568 WHERE "id" = 2822;
INSERT INTO "monitoredBy" VALUES (2822, 2818);
INSERT INTO "TrackElement" ("id") VALUES (2823);
INSERT INTO "Segment" ("id", "length") VALUES (2823, 773);
UPDATE "TrackElement" SET "region" = 2568 WHERE "id" = 2823;
INSERT INTO "monitoredBy" VALUES (2823, 2818);
INSERT INTO "Sensor" ("id") VALUES (2824);
UPDATE "Sensor" SET "region" = 2568 WHERE "id" = 2824;
INSERT INTO "monitoredBy" VALUES (2811, 2824);
INSERT INTO "requires" VALUES (2567, 2824);
INSERT INTO "TrackElement" ("id") VALUES (2825);
INSERT INTO "Segment" ("id", "length") VALUES (2825, 742);
UPDATE "TrackElement" SET "region" = 2568 WHERE "id" = 2825;
INSERT INTO "monitoredBy" VALUES (2825, 2824);
INSERT INTO "TrackElement" ("id") VALUES (2826);
INSERT INTO "Segment" ("id", "length") VALUES (2826, 342);
UPDATE "TrackElement" SET "region" = 2568 WHERE "id" = 2826;
INSERT INTO "monitoredBy" VALUES (2826, 2824);
INSERT INTO "TrackElement" ("id") VALUES (2827);
INSERT INTO "Segment" ("id", "length") VALUES (2827, 25);
UPDATE "TrackElement" SET "region" = 2568 WHERE "id" = 2827;
INSERT INTO "monitoredBy" VALUES (2827, 2824);
INSERT INTO "TrackElement" ("id") VALUES (2828);
INSERT INTO "Segment" ("id", "length") VALUES (2828, 774);
UPDATE "TrackElement" SET "region" = 2568 WHERE "id" = 2828;
INSERT INTO "monitoredBy" VALUES (2828, 2824);
INSERT INTO "TrackElement" ("id") VALUES (2829);
INSERT INTO "Segment" ("id", "length") VALUES (2829, 118);
UPDATE "TrackElement" SET "region" = 2568 WHERE "id" = 2829;
INSERT INTO "monitoredBy" VALUES (2829, 2824);
INSERT INTO "SwitchPosition" ("id", "position", "target") VALUES (2830, 2, 2811);
UPDATE "SwitchPosition" SET "route" = 2567 WHERE "id" = 2830;
INSERT INTO "TrackElement" ("id") VALUES (2831);
INSERT INTO "Switch" ("id", "currentPosition") VALUES (2831, 0);
UPDATE "TrackElement" SET "region" = 2568 WHERE "id" = 2831;
INSERT INTO "Sensor" ("id") VALUES (2832);
UPDATE "Sensor" SET "region" = 2568 WHERE "id" = 2832;
INSERT INTO "monitoredBy" VALUES (2831, 2832);
INSERT INTO "requires" VALUES (2567, 2832);
INSERT INTO "TrackElement" ("id") VALUES (2833);
INSERT INTO "Segment" ("id", "length") VALUES (2833, 53);
UPDATE "TrackElement" SET "region" = 2568 WHERE "id" = 2833;
INSERT INTO "monitoredBy" VALUES (2833, 2832);
INSERT INTO "TrackElement" ("id") VALUES (2834);
INSERT INTO "Segment" ("id", "length") VALUES (2834, 400);
UPDATE "TrackElement" SET "region" = 2568 WHERE "id" = 2834;
INSERT INTO "monitoredBy" VALUES (2834, 2832);
INSERT INTO "TrackElement" ("id") VALUES (2835);
INSERT INTO "Segment" ("id", "length") VALUES (2835, 689);
UPDATE "TrackElement" SET "region" = 2568 WHERE "id" = 2835;
INSERT INTO "monitoredBy" VALUES (2835, 2832);
INSERT INTO "TrackElement" ("id") VALUES (2836);
INSERT INTO "Segment" ("id", "length") VALUES (2836, 906);
UPDATE "TrackElement" SET "region" = 2568 WHERE "id" = 2836;
INSERT INTO "monitoredBy" VALUES (2836, 2832);
INSERT INTO "TrackElement" ("id") VALUES (2837);
INSERT INTO "Segment" ("id", "length") VALUES (2837, 987);
UPDATE "TrackElement" SET "region" = 2568 WHERE "id" = 2837;
INSERT INTO "monitoredBy" VALUES (2837, 2832);
INSERT INTO "Sensor" ("id") VALUES (2838);
UPDATE "Sensor" SET "region" = 2568 WHERE "id" = 2838;
INSERT INTO "monitoredBy" VALUES (2831, 2838);
INSERT INTO "requires" VALUES (2567, 2838);
INSERT INTO "TrackElement" ("id") VALUES (2839);
INSERT INTO "Segment" ("id", "length") VALUES (2839, 222);
UPDATE "TrackElement" SET "region" = 2568 WHERE "id" = 2839;
INSERT INTO "monitoredBy" VALUES (2839, 2838);
INSERT INTO "TrackElement" ("id") VALUES (2840);
INSERT INTO "Segment" ("id", "length") VALUES (2840, 310);
UPDATE "TrackElement" SET "region" = 2568 WHERE "id" = 2840;
INSERT INTO "monitoredBy" VALUES (2840, 2838);
INSERT INTO "TrackElement" ("id") VALUES (2841);
INSERT INTO "Segment" ("id", "length") VALUES (2841, 296);
UPDATE "TrackElement" SET "region" = 2568 WHERE "id" = 2841;
INSERT INTO "monitoredBy" VALUES (2841, 2838);
INSERT INTO "TrackElement" ("id") VALUES (2842);
INSERT INTO "Segment" ("id", "length") VALUES (2842, 266);
UPDATE "TrackElement" SET "region" = 2568 WHERE "id" = 2842;
INSERT INTO "monitoredBy" VALUES (2842, 2838);
INSERT INTO "TrackElement" ("id") VALUES (2843);
INSERT INTO "Segment" ("id", "length") VALUES (2843, 913);
UPDATE "TrackElement" SET "region" = 2568 WHERE "id" = 2843;
INSERT INTO "monitoredBy" VALUES (2843, 2838);
INSERT INTO "Sensor" ("id") VALUES (2844);
UPDATE "Sensor" SET "region" = 2568 WHERE "id" = 2844;
INSERT INTO "monitoredBy" VALUES (2831, 2844);
INSERT INTO "requires" VALUES (2567, 2844);
INSERT INTO "TrackElement" ("id") VALUES (2845);
INSERT INTO "Segment" ("id", "length") VALUES (2845, 245);
UPDATE "TrackElement" SET "region" = 2568 WHERE "id" = 2845;
INSERT INTO "monitoredBy" VALUES (2845, 2844);
INSERT INTO "TrackElement" ("id") VALUES (2846);
INSERT INTO "Segment" ("id", "length") VALUES (2846, 215);
UPDATE "TrackElement" SET "region" = 2568 WHERE "id" = 2846;
INSERT INTO "monitoredBy" VALUES (2846, 2844);
INSERT INTO "TrackElement" ("id") VALUES (2847);
INSERT INTO "Segment" ("id", "length") VALUES (2847, 963);
UPDATE "TrackElement" SET "region" = 2568 WHERE "id" = 2847;
INSERT INTO "monitoredBy" VALUES (2847, 2844);
INSERT INTO "TrackElement" ("id") VALUES (2848);
INSERT INTO "Segment" ("id", "length") VALUES (2848, 902);
UPDATE "TrackElement" SET "region" = 2568 WHERE "id" = 2848;
INSERT INTO "monitoredBy" VALUES (2848, 2844);
INSERT INTO "TrackElement" ("id") VALUES (2849);
INSERT INTO "Segment" ("id", "length") VALUES (2849, 799);
UPDATE "TrackElement" SET "region" = 2568 WHERE "id" = 2849;
INSERT INTO "monitoredBy" VALUES (2849, 2844);
INSERT INTO "Sensor" ("id") VALUES (2850);
UPDATE "Sensor" SET "region" = 2568 WHERE "id" = 2850;
INSERT INTO "monitoredBy" VALUES (2831, 2850);
INSERT INTO "requires" VALUES (2567, 2850);
INSERT INTO "TrackElement" ("id") VALUES (2851);
INSERT INTO "Segment" ("id", "length") VALUES (2851, 172);
UPDATE "TrackElement" SET "region" = 2568 WHERE "id" = 2851;
INSERT INTO "monitoredBy" VALUES (2851, 2850);
INSERT INTO "TrackElement" ("id") VALUES (2852);
INSERT INTO "Segment" ("id", "length") VALUES (2852, 699);
UPDATE "TrackElement" SET "region" = 2568 WHERE "id" = 2852;
INSERT INTO "monitoredBy" VALUES (2852, 2850);
INSERT INTO "TrackElement" ("id") VALUES (2853);
INSERT INTO "Segment" ("id", "length") VALUES (2853, 267);
UPDATE "TrackElement" SET "region" = 2568 WHERE "id" = 2853;
INSERT INTO "monitoredBy" VALUES (2853, 2850);
INSERT INTO "TrackElement" ("id") VALUES (2854);
INSERT INTO "Segment" ("id", "length") VALUES (2854, 613);
UPDATE "TrackElement" SET "region" = 2568 WHERE "id" = 2854;
INSERT INTO "monitoredBy" VALUES (2854, 2850);
INSERT INTO "TrackElement" ("id") VALUES (2855);
INSERT INTO "Segment" ("id", "length") VALUES (2855, 988);
UPDATE "TrackElement" SET "region" = 2568 WHERE "id" = 2855;
INSERT INTO "monitoredBy" VALUES (2855, 2850);
INSERT INTO "Sensor" ("id") VALUES (2856);
UPDATE "Sensor" SET "region" = 2568 WHERE "id" = 2856;
INSERT INTO "monitoredBy" VALUES (2831, 2856);
INSERT INTO "requires" VALUES (2567, 2856);
INSERT INTO "TrackElement" ("id") VALUES (2857);
INSERT INTO "Segment" ("id", "length") VALUES (2857, 185);
UPDATE "TrackElement" SET "region" = 2568 WHERE "id" = 2857;
INSERT INTO "monitoredBy" VALUES (2857, 2856);
INSERT INTO "TrackElement" ("id") VALUES (2858);
INSERT INTO "Segment" ("id", "length") VALUES (2858, 817);
UPDATE "TrackElement" SET "region" = 2568 WHERE "id" = 2858;
INSERT INTO "monitoredBy" VALUES (2858, 2856);
INSERT INTO "TrackElement" ("id") VALUES (2859);
INSERT INTO "Segment" ("id", "length") VALUES (2859, 498);
UPDATE "TrackElement" SET "region" = 2568 WHERE "id" = 2859;
INSERT INTO "monitoredBy" VALUES (2859, 2856);
INSERT INTO "TrackElement" ("id") VALUES (2860);
INSERT INTO "Segment" ("id", "length") VALUES (2860, 255);
UPDATE "TrackElement" SET "region" = 2568 WHERE "id" = 2860;
INSERT INTO "monitoredBy" VALUES (2860, 2856);
INSERT INTO "TrackElement" ("id") VALUES (2861);
INSERT INTO "Segment" ("id", "length") VALUES (2861, 138);
UPDATE "TrackElement" SET "region" = 2568 WHERE "id" = 2861;
INSERT INTO "monitoredBy" VALUES (2861, 2856);
INSERT INTO "Sensor" ("id") VALUES (2862);
UPDATE "Sensor" SET "region" = 2568 WHERE "id" = 2862;
INSERT INTO "monitoredBy" VALUES (2831, 2862);
INSERT INTO "requires" VALUES (2567, 2862);
INSERT INTO "TrackElement" ("id") VALUES (2863);
INSERT INTO "Segment" ("id", "length") VALUES (2863, 248);
UPDATE "TrackElement" SET "region" = 2568 WHERE "id" = 2863;
INSERT INTO "monitoredBy" VALUES (2863, 2862);
INSERT INTO "TrackElement" ("id") VALUES (2864);
INSERT INTO "Segment" ("id", "length") VALUES (2864, 261);
UPDATE "TrackElement" SET "region" = 2568 WHERE "id" = 2864;
INSERT INTO "monitoredBy" VALUES (2864, 2862);
INSERT INTO "TrackElement" ("id") VALUES (2865);
INSERT INTO "Segment" ("id", "length") VALUES (2865, 690);
UPDATE "TrackElement" SET "region" = 2568 WHERE "id" = 2865;
INSERT INTO "monitoredBy" VALUES (2865, 2862);
INSERT INTO "TrackElement" ("id") VALUES (2866);
INSERT INTO "Segment" ("id", "length") VALUES (2866, 689);
UPDATE "TrackElement" SET "region" = 2568 WHERE "id" = 2866;
INSERT INTO "monitoredBy" VALUES (2866, 2862);
INSERT INTO "TrackElement" ("id") VALUES (2867);
INSERT INTO "Segment" ("id", "length") VALUES (2867, -542);
UPDATE "TrackElement" SET "region" = 2568 WHERE "id" = 2867;
INSERT INTO "monitoredBy" VALUES (2867, 2862);
INSERT INTO "Sensor" ("id") VALUES (2868);
UPDATE "Sensor" SET "region" = 2568 WHERE "id" = 2868;
INSERT INTO "monitoredBy" VALUES (2831, 2868);
INSERT INTO "requires" VALUES (2567, 2868);
INSERT INTO "TrackElement" ("id") VALUES (2869);
INSERT INTO "Segment" ("id", "length") VALUES (2869, 1);
UPDATE "TrackElement" SET "region" = 2568 WHERE "id" = 2869;
INSERT INTO "monitoredBy" VALUES (2869, 2868);
INSERT INTO "TrackElement" ("id") VALUES (2870);
INSERT INTO "Segment" ("id", "length") VALUES (2870, 734);
UPDATE "TrackElement" SET "region" = 2568 WHERE "id" = 2870;
INSERT INTO "monitoredBy" VALUES (2870, 2868);
INSERT INTO "TrackElement" ("id") VALUES (2871);
INSERT INTO "Segment" ("id", "length") VALUES (2871, 343);
UPDATE "TrackElement" SET "region" = 2568 WHERE "id" = 2871;
INSERT INTO "monitoredBy" VALUES (2871, 2868);
INSERT INTO "TrackElement" ("id") VALUES (2872);
INSERT INTO "Segment" ("id", "length") VALUES (2872, 136);
UPDATE "TrackElement" SET "region" = 2568 WHERE "id" = 2872;
INSERT INTO "monitoredBy" VALUES (2872, 2868);
INSERT INTO "TrackElement" ("id") VALUES (2873);
INSERT INTO "Segment" ("id", "length") VALUES (2873, 460);
UPDATE "TrackElement" SET "region" = 2568 WHERE "id" = 2873;
INSERT INTO "monitoredBy" VALUES (2873, 2868);
INSERT INTO "Sensor" ("id") VALUES (2874);
UPDATE "Sensor" SET "region" = 2568 WHERE "id" = 2874;
INSERT INTO "monitoredBy" VALUES (2831, 2874);
INSERT INTO "requires" VALUES (2567, 2874);
INSERT INTO "TrackElement" ("id") VALUES (2875);
INSERT INTO "Segment" ("id", "length") VALUES (2875, 263);
UPDATE "TrackElement" SET "region" = 2568 WHERE "id" = 2875;
INSERT INTO "monitoredBy" VALUES (2875, 2874);
INSERT INTO "TrackElement" ("id") VALUES (2876);
INSERT INTO "Segment" ("id", "length") VALUES (2876, 743);
UPDATE "TrackElement" SET "region" = 2568 WHERE "id" = 2876;
INSERT INTO "monitoredBy" VALUES (2876, 2874);
INSERT INTO "TrackElement" ("id") VALUES (2877);
INSERT INTO "Segment" ("id", "length") VALUES (2877, 164);
UPDATE "TrackElement" SET "region" = 2568 WHERE "id" = 2877;
INSERT INTO "monitoredBy" VALUES (2877, 2874);
INSERT INTO "TrackElement" ("id") VALUES (2878);
INSERT INTO "Segment" ("id", "length") VALUES (2878, 67);
UPDATE "TrackElement" SET "region" = 2568 WHERE "id" = 2878;
INSERT INTO "monitoredBy" VALUES (2878, 2874);
INSERT INTO "TrackElement" ("id") VALUES (2879);
INSERT INTO "Segment" ("id", "length") VALUES (2879, 450);
UPDATE "TrackElement" SET "region" = 2568 WHERE "id" = 2879;
INSERT INTO "monitoredBy" VALUES (2879, 2874);
INSERT INTO "Sensor" ("id") VALUES (2880);
UPDATE "Sensor" SET "region" = 2568 WHERE "id" = 2880;
INSERT INTO "monitoredBy" VALUES (2831, 2880);
INSERT INTO "requires" VALUES (2567, 2880);
INSERT INTO "TrackElement" ("id") VALUES (2881);
INSERT INTO "Segment" ("id", "length") VALUES (2881, 673);
UPDATE "TrackElement" SET "region" = 2568 WHERE "id" = 2881;
INSERT INTO "monitoredBy" VALUES (2881, 2880);
INSERT INTO "TrackElement" ("id") VALUES (2882);
INSERT INTO "Segment" ("id", "length") VALUES (2882, 748);
UPDATE "TrackElement" SET "region" = 2568 WHERE "id" = 2882;
INSERT INTO "monitoredBy" VALUES (2882, 2880);
INSERT INTO "TrackElement" ("id") VALUES (2883);
INSERT INTO "Segment" ("id", "length") VALUES (2883, 357);
UPDATE "TrackElement" SET "region" = 2568 WHERE "id" = 2883;
INSERT INTO "monitoredBy" VALUES (2883, 2880);
INSERT INTO "TrackElement" ("id") VALUES (2884);
INSERT INTO "Segment" ("id", "length") VALUES (2884, 999);
UPDATE "TrackElement" SET "region" = 2568 WHERE "id" = 2884;
INSERT INTO "monitoredBy" VALUES (2884, 2880);
INSERT INTO "TrackElement" ("id") VALUES (2885);
INSERT INTO "Segment" ("id", "length") VALUES (2885, 814);
UPDATE "TrackElement" SET "region" = 2568 WHERE "id" = 2885;
INSERT INTO "monitoredBy" VALUES (2885, 2880);
INSERT INTO "TrackElement" ("id") VALUES (2886);
INSERT INTO "Segment" ("id", "length") VALUES (2886, 569);
UPDATE "TrackElement" SET "region" = 2568 WHERE "id" = 2886;
INSERT INTO "monitoredBy" VALUES (2886, 2880);
INSERT INTO "SwitchPosition" ("id", "position", "target") VALUES (2887, 0, 2831);
UPDATE "SwitchPosition" SET "route" = 2567 WHERE "id" = 2887;
INSERT INTO "TrackElement" ("id") VALUES (2888);
INSERT INTO "Switch" ("id", "currentPosition") VALUES (2888, 1);
UPDATE "TrackElement" SET "region" = 2568 WHERE "id" = 2888;
INSERT INTO "Sensor" ("id") VALUES (2889);
UPDATE "Sensor" SET "region" = 2568 WHERE "id" = 2889;
INSERT INTO "monitoredBy" VALUES (2888, 2889);
INSERT INTO "requires" VALUES (2567, 2889);
INSERT INTO "TrackElement" ("id") VALUES (2890);
INSERT INTO "Segment" ("id", "length") VALUES (2890, 723);
UPDATE "TrackElement" SET "region" = 2568 WHERE "id" = 2890;
INSERT INTO "monitoredBy" VALUES (2890, 2889);
INSERT INTO "TrackElement" ("id") VALUES (2891);
INSERT INTO "Segment" ("id", "length") VALUES (2891, 817);
UPDATE "TrackElement" SET "region" = 2568 WHERE "id" = 2891;
INSERT INTO "monitoredBy" VALUES (2891, 2889);
INSERT INTO "TrackElement" ("id") VALUES (2892);
INSERT INTO "Segment" ("id", "length") VALUES (2892, 994);
UPDATE "TrackElement" SET "region" = 2568 WHERE "id" = 2892;
INSERT INTO "monitoredBy" VALUES (2892, 2889);
INSERT INTO "TrackElement" ("id") VALUES (2893);
INSERT INTO "Segment" ("id", "length") VALUES (2893, 862);
UPDATE "TrackElement" SET "region" = 2568 WHERE "id" = 2893;
INSERT INTO "monitoredBy" VALUES (2893, 2889);
INSERT INTO "TrackElement" ("id") VALUES (2894);
INSERT INTO "Segment" ("id", "length") VALUES (2894, 852);
UPDATE "TrackElement" SET "region" = 2568 WHERE "id" = 2894;
INSERT INTO "monitoredBy" VALUES (2894, 2889);
INSERT INTO "Sensor" ("id") VALUES (2895);
UPDATE "Sensor" SET "region" = 2568 WHERE "id" = 2895;
INSERT INTO "monitoredBy" VALUES (2888, 2895);
INSERT INTO "requires" VALUES (2567, 2895);
INSERT INTO "TrackElement" ("id") VALUES (2896);
INSERT INTO "Segment" ("id", "length") VALUES (2896, 14);
UPDATE "TrackElement" SET "region" = 2568 WHERE "id" = 2896;
INSERT INTO "monitoredBy" VALUES (2896, 2895);
INSERT INTO "TrackElement" ("id") VALUES (2897);
INSERT INTO "Segment" ("id", "length") VALUES (2897, 597);
UPDATE "TrackElement" SET "region" = 2568 WHERE "id" = 2897;
INSERT INTO "monitoredBy" VALUES (2897, 2895);
INSERT INTO "TrackElement" ("id") VALUES (2898);
INSERT INTO "Segment" ("id", "length") VALUES (2898, 379);
UPDATE "TrackElement" SET "region" = 2568 WHERE "id" = 2898;
INSERT INTO "monitoredBy" VALUES (2898, 2895);
INSERT INTO "TrackElement" ("id") VALUES (2899);
INSERT INTO "Segment" ("id", "length") VALUES (2899, 745);
UPDATE "TrackElement" SET "region" = 2568 WHERE "id" = 2899;
INSERT INTO "monitoredBy" VALUES (2899, 2895);
INSERT INTO "TrackElement" ("id") VALUES (2900);
INSERT INTO "Segment" ("id", "length") VALUES (2900, 744);
UPDATE "TrackElement" SET "region" = 2568 WHERE "id" = 2900;
INSERT INTO "monitoredBy" VALUES (2900, 2895);
INSERT INTO "Sensor" ("id") VALUES (2901);
UPDATE "Sensor" SET "region" = 2568 WHERE "id" = 2901;
INSERT INTO "monitoredBy" VALUES (2888, 2901);
INSERT INTO "requires" VALUES (2567, 2901);
INSERT INTO "TrackElement" ("id") VALUES (2902);
INSERT INTO "Segment" ("id", "length") VALUES (2902, 400);
UPDATE "TrackElement" SET "region" = 2568 WHERE "id" = 2902;
INSERT INTO "monitoredBy" VALUES (2902, 2901);
INSERT INTO "TrackElement" ("id") VALUES (2903);
INSERT INTO "Segment" ("id", "length") VALUES (2903, 57);
UPDATE "TrackElement" SET "region" = 2568 WHERE "id" = 2903;
INSERT INTO "monitoredBy" VALUES (2903, 2901);
INSERT INTO "TrackElement" ("id") VALUES (2904);
INSERT INTO "Segment" ("id", "length") VALUES (2904, 706);
UPDATE "TrackElement" SET "region" = 2568 WHERE "id" = 2904;
INSERT INTO "monitoredBy" VALUES (2904, 2901);
INSERT INTO "TrackElement" ("id") VALUES (2905);
INSERT INTO "Segment" ("id", "length") VALUES (2905, 837);
UPDATE "TrackElement" SET "region" = 2568 WHERE "id" = 2905;
INSERT INTO "monitoredBy" VALUES (2905, 2901);
INSERT INTO "TrackElement" ("id") VALUES (2906);
INSERT INTO "Segment" ("id", "length") VALUES (2906, 453);
UPDATE "TrackElement" SET "region" = 2568 WHERE "id" = 2906;
INSERT INTO "monitoredBy" VALUES (2906, 2901);
INSERT INTO "Sensor" ("id") VALUES (2907);
UPDATE "Sensor" SET "region" = 2568 WHERE "id" = 2907;
INSERT INTO "monitoredBy" VALUES (2888, 2907);
INSERT INTO "requires" VALUES (2567, 2907);
INSERT INTO "TrackElement" ("id") VALUES (2908);
INSERT INTO "Segment" ("id", "length") VALUES (2908, 41);
UPDATE "TrackElement" SET "region" = 2568 WHERE "id" = 2908;
INSERT INTO "monitoredBy" VALUES (2908, 2907);
INSERT INTO "TrackElement" ("id") VALUES (2909);
INSERT INTO "Segment" ("id", "length") VALUES (2909, 339);
UPDATE "TrackElement" SET "region" = 2568 WHERE "id" = 2909;
INSERT INTO "monitoredBy" VALUES (2909, 2907);
INSERT INTO "TrackElement" ("id") VALUES (2910);
INSERT INTO "Segment" ("id", "length") VALUES (2910, 831);
UPDATE "TrackElement" SET "region" = 2568 WHERE "id" = 2910;
INSERT INTO "monitoredBy" VALUES (2910, 2907);
INSERT INTO "TrackElement" ("id") VALUES (2911);
INSERT INTO "Segment" ("id", "length") VALUES (2911, 189);
UPDATE "TrackElement" SET "region" = 2568 WHERE "id" = 2911;
INSERT INTO "monitoredBy" VALUES (2911, 2907);
INSERT INTO "TrackElement" ("id") VALUES (2912);
INSERT INTO "Segment" ("id", "length") VALUES (2912, 214);
UPDATE "TrackElement" SET "region" = 2568 WHERE "id" = 2912;
INSERT INTO "monitoredBy" VALUES (2912, 2907);
INSERT INTO "SwitchPosition" ("id", "position", "target") VALUES (2913, 1, 2888);
UPDATE "SwitchPosition" SET "route" = 2567 WHERE "id" = 2913;
INSERT INTO "connectsTo" VALUES (2569, 2571);
INSERT INTO "connectsTo" VALUES (2571, 2572);
INSERT INTO "connectsTo" VALUES (2572, 2573);
INSERT INTO "connectsTo" VALUES (2573, 2574);
INSERT INTO "connectsTo" VALUES (2574, 2575);
INSERT INTO "connectsTo" VALUES (2575, 2577);
INSERT INTO "connectsTo" VALUES (2577, 2578);
INSERT INTO "connectsTo" VALUES (2578, 2579);
INSERT INTO "connectsTo" VALUES (2579, 2580);
INSERT INTO "connectsTo" VALUES (2580, 2581);
INSERT INTO "connectsTo" VALUES (2581, 2583);
INSERT INTO "connectsTo" VALUES (2583, 2584);
INSERT INTO "connectsTo" VALUES (2584, 2585);
INSERT INTO "connectsTo" VALUES (2585, 2586);
INSERT INTO "connectsTo" VALUES (2586, 2587);
INSERT INTO "connectsTo" VALUES (2587, 2589);
INSERT INTO "connectsTo" VALUES (2589, 2590);
INSERT INTO "connectsTo" VALUES (2590, 2591);
INSERT INTO "connectsTo" VALUES (2591, 2592);
INSERT INTO "connectsTo" VALUES (2592, 2593);
INSERT INTO "connectsTo" VALUES (2593, 2595);
INSERT INTO "connectsTo" VALUES (2595, 2596);
INSERT INTO "connectsTo" VALUES (2596, 2597);
INSERT INTO "connectsTo" VALUES (2597, 2598);
INSERT INTO "connectsTo" VALUES (2598, 2599);
INSERT INTO "connectsTo" VALUES (2599, 2601);
INSERT INTO "connectsTo" VALUES (2601, 2602);
INSERT INTO "connectsTo" VALUES (2602, 2603);
INSERT INTO "connectsTo" VALUES (2603, 2604);
INSERT INTO "connectsTo" VALUES (2604, 2605);
INSERT INTO "connectsTo" VALUES (2605, 2607);
INSERT INTO "connectsTo" VALUES (2607, 2608);
INSERT INTO "connectsTo" VALUES (2608, 2609);
INSERT INTO "connectsTo" VALUES (2609, 2610);
INSERT INTO "connectsTo" VALUES (2610, 2611);
INSERT INTO "connectsTo" VALUES (2611, 2613);
INSERT INTO "connectsTo" VALUES (2613, 2614);
INSERT INTO "connectsTo" VALUES (2614, 2615);
INSERT INTO "connectsTo" VALUES (2615, 2616);
INSERT INTO "connectsTo" VALUES (2616, 2617);
INSERT INTO "connectsTo" VALUES (2617, 2619);
INSERT INTO "connectsTo" VALUES (2619, 2620);
INSERT INTO "connectsTo" VALUES (2620, 2621);
INSERT INTO "connectsTo" VALUES (2621, 2622);
INSERT INTO "connectsTo" VALUES (2622, 2623);
INSERT INTO "connectsTo" VALUES (2623, 2625);
INSERT INTO "connectsTo" VALUES (2625, 2627);
INSERT INTO "connectsTo" VALUES (2627, 2628);
INSERT INTO "connectsTo" VALUES (2628, 2629);
INSERT INTO "connectsTo" VALUES (2629, 2630);
INSERT INTO "connectsTo" VALUES (2630, 2631);
INSERT INTO "connectsTo" VALUES (2631, 2633);
INSERT INTO "connectsTo" VALUES (2633, 2634);
INSERT INTO "connectsTo" VALUES (2634, 2635);
INSERT INTO "connectsTo" VALUES (2635, 2636);
INSERT INTO "connectsTo" VALUES (2636, 2637);
INSERT INTO "connectsTo" VALUES (2637, 2639);
INSERT INTO "connectsTo" VALUES (2639, 2640);
INSERT INTO "connectsTo" VALUES (2640, 2641);
INSERT INTO "connectsTo" VALUES (2641, 2642);
INSERT INTO "connectsTo" VALUES (2642, 2643);
INSERT INTO "connectsTo" VALUES (2643, 2645);
INSERT INTO "connectsTo" VALUES (2645, 2646);
INSERT INTO "connectsTo" VALUES (2646, 2647);
INSERT INTO "connectsTo" VALUES (2647, 2648);
INSERT INTO "connectsTo" VALUES (2648, 2649);
INSERT INTO "connectsTo" VALUES (2649, 2651);
INSERT INTO "connectsTo" VALUES (2651, 2652);
INSERT INTO "connectsTo" VALUES (2652, 2653);
INSERT INTO "connectsTo" VALUES (2653, 2654);
INSERT INTO "connectsTo" VALUES (2654, 2655);
INSERT INTO "connectsTo" VALUES (2655, 2657);
INSERT INTO "connectsTo" VALUES (2657, 2658);
INSERT INTO "connectsTo" VALUES (2658, 2659);
INSERT INTO "connectsTo" VALUES (2659, 2660);
INSERT INTO "connectsTo" VALUES (2660, 2661);
INSERT INTO "connectsTo" VALUES (2661, 2663);
INSERT INTO "connectsTo" VALUES (2663, 2664);
INSERT INTO "connectsTo" VALUES (2664, 2665);
INSERT INTO "connectsTo" VALUES (2665, 2666);
INSERT INTO "connectsTo" VALUES (2666, 2667);
INSERT INTO "connectsTo" VALUES (2667, 2669);
INSERT INTO "connectsTo" VALUES (2669, 2670);
INSERT INTO "connectsTo" VALUES (2670, 2671);
INSERT INTO "connectsTo" VALUES (2671, 2672);
INSERT INTO "connectsTo" VALUES (2672, 2673);
INSERT INTO "connectsTo" VALUES (2673, 2675);
INSERT INTO "connectsTo" VALUES (2675, 2676);
INSERT INTO "connectsTo" VALUES (2676, 2677);
INSERT INTO "connectsTo" VALUES (2677, 2678);
INSERT INTO "connectsTo" VALUES (2678, 2679);
INSERT INTO "connectsTo" VALUES (2679, 2681);
INSERT INTO "connectsTo" VALUES (2681, 2683);
INSERT INTO "connectsTo" VALUES (2683, 2684);
INSERT INTO "connectsTo" VALUES (2684, 2685);
INSERT INTO "connectsTo" VALUES (2685, 2686);
INSERT INTO "connectsTo" VALUES (2686, 2687);
INSERT INTO "connectsTo" VALUES (2687, 2689);
INSERT INTO "connectsTo" VALUES (2689, 2690);
INSERT INTO "connectsTo" VALUES (2690, 2691);
INSERT INTO "connectsTo" VALUES (2691, 2692);
INSERT INTO "connectsTo" VALUES (2692, 2693);
INSERT INTO "connectsTo" VALUES (2693, 2695);
INSERT INTO "connectsTo" VALUES (2695, 2696);
INSERT INTO "connectsTo" VALUES (2696, 2697);
INSERT INTO "connectsTo" VALUES (2697, 2698);
INSERT INTO "connectsTo" VALUES (2698, 2699);
INSERT INTO "connectsTo" VALUES (2699, 2701);
INSERT INTO "connectsTo" VALUES (2701, 2703);
INSERT INTO "connectsTo" VALUES (2703, 2704);
INSERT INTO "connectsTo" VALUES (2704, 2705);
INSERT INTO "connectsTo" VALUES (2705, 2706);
INSERT INTO "connectsTo" VALUES (2706, 2707);
INSERT INTO "connectsTo" VALUES (2707, 2709);
INSERT INTO "connectsTo" VALUES (2709, 2710);
INSERT INTO "connectsTo" VALUES (2710, 2711);
INSERT INTO "connectsTo" VALUES (2711, 2712);
INSERT INTO "connectsTo" VALUES (2712, 2713);
INSERT INTO "connectsTo" VALUES (2713, 2715);
INSERT INTO "connectsTo" VALUES (2715, 2716);
INSERT INTO "connectsTo" VALUES (2716, 2717);
INSERT INTO "connectsTo" VALUES (2717, 2718);
INSERT INTO "connectsTo" VALUES (2718, 2719);
INSERT INTO "connectsTo" VALUES (2719, 2721);
INSERT INTO "connectsTo" VALUES (2721, 2722);
INSERT INTO "connectsTo" VALUES (2722, 2723);
INSERT INTO "connectsTo" VALUES (2723, 2724);
INSERT INTO "connectsTo" VALUES (2724, 2725);
INSERT INTO "connectsTo" VALUES (2725, 2726);
INSERT INTO "connectsTo" VALUES (2726, 2728);
INSERT INTO "connectsTo" VALUES (2728, 2729);
INSERT INTO "connectsTo" VALUES (2729, 2730);
INSERT INTO "connectsTo" VALUES (2730, 2731);
INSERT INTO "connectsTo" VALUES (2731, 2732);
INSERT INTO "connectsTo" VALUES (2732, 2734);
INSERT INTO "connectsTo" VALUES (2734, 2735);
INSERT INTO "connectsTo" VALUES (2735, 2736);
INSERT INTO "connectsTo" VALUES (2736, 2737);
INSERT INTO "connectsTo" VALUES (2737, 2738);
INSERT INTO "connectsTo" VALUES (2738, 2740);
INSERT INTO "connectsTo" VALUES (2740, 2741);
INSERT INTO "connectsTo" VALUES (2741, 2742);
INSERT INTO "connectsTo" VALUES (2742, 2743);
INSERT INTO "connectsTo" VALUES (2743, 2744);
INSERT INTO "connectsTo" VALUES (2744, 2746);
INSERT INTO "connectsTo" VALUES (2746, 2748);
INSERT INTO "connectsTo" VALUES (2748, 2749);
INSERT INTO "connectsTo" VALUES (2749, 2750);
INSERT INTO "connectsTo" VALUES (2750, 2751);
INSERT INTO "connectsTo" VALUES (2751, 2752);
INSERT INTO "connectsTo" VALUES (2752, 2754);
INSERT INTO "connectsTo" VALUES (2754, 2755);
INSERT INTO "connectsTo" VALUES (2755, 2756);
INSERT INTO "connectsTo" VALUES (2756, 2757);
INSERT INTO "connectsTo" VALUES (2757, 2758);
INSERT INTO "connectsTo" VALUES (2758, 2760);
INSERT INTO "connectsTo" VALUES (2760, 2761);
INSERT INTO "connectsTo" VALUES (2761, 2762);
INSERT INTO "connectsTo" VALUES (2762, 2763);
INSERT INTO "connectsTo" VALUES (2763, 2764);
INSERT INTO "connectsTo" VALUES (2764, 2766);
INSERT INTO "connectsTo" VALUES (2766, 2767);
INSERT INTO "connectsTo" VALUES (2767, 2768);
INSERT INTO "connectsTo" VALUES (2768, 2769);
INSERT INTO "connectsTo" VALUES (2769, 2770);
INSERT INTO "connectsTo" VALUES (2770, 2772);
INSERT INTO "connectsTo" VALUES (2772, 2774);
INSERT INTO "connectsTo" VALUES (2774, 2775);
INSERT INTO "connectsTo" VALUES (2775, 2776);
INSERT INTO "connectsTo" VALUES (2776, 2777);
INSERT INTO "connectsTo" VALUES (2777, 2778);
INSERT INTO "connectsTo" VALUES (2778, 2780);
INSERT INTO "connectsTo" VALUES (2780, 2781);
INSERT INTO "connectsTo" VALUES (2781, 2782);
INSERT INTO "connectsTo" VALUES (2782, 2783);
INSERT INTO "connectsTo" VALUES (2783, 2784);
INSERT INTO "connectsTo" VALUES (2784, 2786);
INSERT INTO "connectsTo" VALUES (2786, 2787);
INSERT INTO "connectsTo" VALUES (2787, 2788);
INSERT INTO "connectsTo" VALUES (2788, 2789);
INSERT INTO "connectsTo" VALUES (2789, 2790);
INSERT INTO "connectsTo" VALUES (2790, 2792);
INSERT INTO "connectsTo" VALUES (2792, 2793);
INSERT INTO "connectsTo" VALUES (2793, 2794);
INSERT INTO "connectsTo" VALUES (2794, 2795);
INSERT INTO "connectsTo" VALUES (2795, 2796);
INSERT INTO "connectsTo" VALUES (2796, 2798);
INSERT INTO "connectsTo" VALUES (2798, 2799);
INSERT INTO "connectsTo" VALUES (2799, 2800);
INSERT INTO "connectsTo" VALUES (2800, 2801);
INSERT INTO "connectsTo" VALUES (2801, 2802);
INSERT INTO "connectsTo" VALUES (2802, 2804);
INSERT INTO "connectsTo" VALUES (2804, 2805);
INSERT INTO "connectsTo" VALUES (2805, 2806);
INSERT INTO "connectsTo" VALUES (2806, 2807);
INSERT INTO "connectsTo" VALUES (2807, 2808);
INSERT INTO "connectsTo" VALUES (2808, 2809);
INSERT INTO "connectsTo" VALUES (2809, 2811);
INSERT INTO "connectsTo" VALUES (2811, 2813);
INSERT INTO "connectsTo" VALUES (2813, 2814);
INSERT INTO "connectsTo" VALUES (2814, 2815);
INSERT INTO "connectsTo" VALUES (2815, 2816);
INSERT INTO "connectsTo" VALUES (2816, 2817);
INSERT INTO "connectsTo" VALUES (2817, 2819);
INSERT INTO "connectsTo" VALUES (2819, 2820);
INSERT INTO "connectsTo" VALUES (2820, 2821);
INSERT INTO "connectsTo" VALUES (2821, 2822);
INSERT INTO "connectsTo" VALUES (2822, 2823);
INSERT INTO "connectsTo" VALUES (2823, 2825);
INSERT INTO "connectsTo" VALUES (2825, 2826);
INSERT INTO "connectsTo" VALUES (2826, 2827);
INSERT INTO "connectsTo" VALUES (2827, 2828);
INSERT INTO "connectsTo" VALUES (2828, 2829);
INSERT INTO "connectsTo" VALUES (2829, 2831);
INSERT INTO "connectsTo" VALUES (2831, 2833);
INSERT INTO "connectsTo" VALUES (2833, 2834);
INSERT INTO "connectsTo" VALUES (2834, 2835);
INSERT INTO "connectsTo" VALUES (2835, 2836);
INSERT INTO "connectsTo" VALUES (2836, 2837);
INSERT INTO "connectsTo" VALUES (2837, 2839);
INSERT INTO "connectsTo" VALUES (2839, 2840);
INSERT INTO "connectsTo" VALUES (2840, 2841);
INSERT INTO "connectsTo" VALUES (2841, 2842);
INSERT INTO "connectsTo" VALUES (2842, 2843);
INSERT INTO "connectsTo" VALUES (2843, 2845);
INSERT INTO "connectsTo" VALUES (2845, 2846);
INSERT INTO "connectsTo" VALUES (2846, 2847);
INSERT INTO "connectsTo" VALUES (2847, 2848);
INSERT INTO "connectsTo" VALUES (2848, 2849);
INSERT INTO "connectsTo" VALUES (2849, 2851);
INSERT INTO "connectsTo" VALUES (2851, 2852);
INSERT INTO "connectsTo" VALUES (2852, 2853);
INSERT INTO "connectsTo" VALUES (2853, 2854);
INSERT INTO "connectsTo" VALUES (2854, 2855);
INSERT INTO "connectsTo" VALUES (2855, 2857);
INSERT INTO "connectsTo" VALUES (2857, 2858);
INSERT INTO "connectsTo" VALUES (2858, 2859);
INSERT INTO "connectsTo" VALUES (2859, 2860);
INSERT INTO "connectsTo" VALUES (2860, 2861);
INSERT INTO "connectsTo" VALUES (2861, 2863);
INSERT INTO "connectsTo" VALUES (2863, 2864);
INSERT INTO "connectsTo" VALUES (2864, 2865);
INSERT INTO "connectsTo" VALUES (2865, 2866);
INSERT INTO "connectsTo" VALUES (2866, 2867);
INSERT INTO "connectsTo" VALUES (2867, 2869);
INSERT INTO "connectsTo" VALUES (2869, 2870);
INSERT INTO "connectsTo" VALUES (2870, 2871);
INSERT INTO "connectsTo" VALUES (2871, 2872);
INSERT INTO "connectsTo" VALUES (2872, 2873);
INSERT INTO "connectsTo" VALUES (2873, 2875);
INSERT INTO "connectsTo" VALUES (2875, 2876);
INSERT INTO "connectsTo" VALUES (2876, 2877);
INSERT INTO "connectsTo" VALUES (2877, 2878);
INSERT INTO "connectsTo" VALUES (2878, 2879);
INSERT INTO "connectsTo" VALUES (2879, 2881);
INSERT INTO "connectsTo" VALUES (2881, 2882);
INSERT INTO "connectsTo" VALUES (2882, 2883);
INSERT INTO "connectsTo" VALUES (2883, 2884);
INSERT INTO "connectsTo" VALUES (2884, 2885);
INSERT INTO "connectsTo" VALUES (2885, 2886);
INSERT INTO "connectsTo" VALUES (2886, 2888);
INSERT INTO "connectsTo" VALUES (2888, 2890);
INSERT INTO "connectsTo" VALUES (2890, 2891);
INSERT INTO "connectsTo" VALUES (2891, 2892);
INSERT INTO "connectsTo" VALUES (2892, 2893);
INSERT INTO "connectsTo" VALUES (2893, 2894);
INSERT INTO "connectsTo" VALUES (2894, 2896);
INSERT INTO "connectsTo" VALUES (2896, 2897);
INSERT INTO "connectsTo" VALUES (2897, 2898);
INSERT INTO "connectsTo" VALUES (2898, 2899);
INSERT INTO "connectsTo" VALUES (2899, 2900);
INSERT INTO "connectsTo" VALUES (2900, 2902);
INSERT INTO "connectsTo" VALUES (2902, 2903);
INSERT INTO "connectsTo" VALUES (2903, 2904);
INSERT INTO "connectsTo" VALUES (2904, 2905);
INSERT INTO "connectsTo" VALUES (2905, 2906);
INSERT INTO "connectsTo" VALUES (2906, 2908);
INSERT INTO "connectsTo" VALUES (2908, 2909);
INSERT INTO "connectsTo" VALUES (2909, 2910);
INSERT INTO "connectsTo" VALUES (2910, 2911);
INSERT INTO "connectsTo" VALUES (2911, 2912);
INSERT INTO "connectsTo" VALUES (2564, 2569);
INSERT INTO "Route" ("id", "active", "entry", "exit") VALUES (2914, 1, 2566, 1);
INSERT INTO "Region" ("id") VALUES (2915);
INSERT INTO "TrackElement" ("id") VALUES (2916);
INSERT INTO "Switch" ("id", "currentPosition") VALUES (2916, 2);
UPDATE "TrackElement" SET "region" = 2915 WHERE "id" = 2916;
INSERT INTO "Sensor" ("id") VALUES (2917);
UPDATE "Sensor" SET "region" = 2915 WHERE "id" = 2917;
INSERT INTO "monitoredBy" VALUES (2916, 2917);
INSERT INTO "requires" VALUES (2914, 2917);
INSERT INTO "TrackElement" ("id") VALUES (2918);
INSERT INTO "Segment" ("id", "length") VALUES (2918, 445);
UPDATE "TrackElement" SET "region" = 2915 WHERE "id" = 2918;
INSERT INTO "monitoredBy" VALUES (2918, 2917);
UPDATE "Semaphore" SET "segment" = 2918 WHERE "id" = 1;
INSERT INTO "TrackElement" ("id") VALUES (2919);
INSERT INTO "Segment" ("id", "length") VALUES (2919, 399);
UPDATE "TrackElement" SET "region" = 2915 WHERE "id" = 2919;
INSERT INTO "monitoredBy" VALUES (2919, 2917);
INSERT INTO "TrackElement" ("id") VALUES (2920);
INSERT INTO "Segment" ("id", "length") VALUES (2920, 752);
UPDATE "TrackElement" SET "region" = 2915 WHERE "id" = 2920;
INSERT INTO "monitoredBy" VALUES (2920, 2917);
INSERT INTO "TrackElement" ("id") VALUES (2921);
INSERT INTO "Segment" ("id", "length") VALUES (2921, 516);
UPDATE "TrackElement" SET "region" = 2915 WHERE "id" = 2921;
INSERT INTO "monitoredBy" VALUES (2921, 2917);
INSERT INTO "TrackElement" ("id") VALUES (2922);
INSERT INTO "Segment" ("id", "length") VALUES (2922, 518);
UPDATE "TrackElement" SET "region" = 2915 WHERE "id" = 2922;
INSERT INTO "monitoredBy" VALUES (2922, 2917);
INSERT INTO "Sensor" ("id") VALUES (2923);
UPDATE "Sensor" SET "region" = 2915 WHERE "id" = 2923;
INSERT INTO "monitoredBy" VALUES (2916, 2923);
INSERT INTO "requires" VALUES (2914, 2923);
INSERT INTO "TrackElement" ("id") VALUES (2924);
INSERT INTO "Segment" ("id", "length") VALUES (2924, 638);
UPDATE "TrackElement" SET "region" = 2915 WHERE "id" = 2924;
INSERT INTO "monitoredBy" VALUES (2924, 2923);
INSERT INTO "TrackElement" ("id") VALUES (2925);
INSERT INTO "Segment" ("id", "length") VALUES (2925, 143);
UPDATE "TrackElement" SET "region" = 2915 WHERE "id" = 2925;
INSERT INTO "monitoredBy" VALUES (2925, 2923);
INSERT INTO "TrackElement" ("id") VALUES (2926);
INSERT INTO "Segment" ("id", "length") VALUES (2926, 635);
UPDATE "TrackElement" SET "region" = 2915 WHERE "id" = 2926;
INSERT INTO "monitoredBy" VALUES (2926, 2923);
INSERT INTO "TrackElement" ("id") VALUES (2927);
INSERT INTO "Segment" ("id", "length") VALUES (2927, 232);
UPDATE "TrackElement" SET "region" = 2915 WHERE "id" = 2927;
INSERT INTO "monitoredBy" VALUES (2927, 2923);
INSERT INTO "TrackElement" ("id") VALUES (2928);
INSERT INTO "Segment" ("id", "length") VALUES (2928, 382);
UPDATE "TrackElement" SET "region" = 2915 WHERE "id" = 2928;
INSERT INTO "monitoredBy" VALUES (2928, 2923);
INSERT INTO "Sensor" ("id") VALUES (2929);
UPDATE "Sensor" SET "region" = 2915 WHERE "id" = 2929;
INSERT INTO "monitoredBy" VALUES (2916, 2929);
INSERT INTO "requires" VALUES (2914, 2929);
INSERT INTO "TrackElement" ("id") VALUES (2930);
INSERT INTO "Segment" ("id", "length") VALUES (2930, 826);
UPDATE "TrackElement" SET "region" = 2915 WHERE "id" = 2930;
INSERT INTO "monitoredBy" VALUES (2930, 2929);
INSERT INTO "TrackElement" ("id") VALUES (2931);
INSERT INTO "Segment" ("id", "length") VALUES (2931, 24);
UPDATE "TrackElement" SET "region" = 2915 WHERE "id" = 2931;
INSERT INTO "monitoredBy" VALUES (2931, 2929);
INSERT INTO "TrackElement" ("id") VALUES (2932);
INSERT INTO "Segment" ("id", "length") VALUES (2932, 50);
UPDATE "TrackElement" SET "region" = 2915 WHERE "id" = 2932;
INSERT INTO "monitoredBy" VALUES (2932, 2929);
INSERT INTO "TrackElement" ("id") VALUES (2933);
INSERT INTO "Segment" ("id", "length") VALUES (2933, 722);
UPDATE "TrackElement" SET "region" = 2915 WHERE "id" = 2933;
INSERT INTO "monitoredBy" VALUES (2933, 2929);
INSERT INTO "TrackElement" ("id") VALUES (2934);
INSERT INTO "Segment" ("id", "length") VALUES (2934, 869);
UPDATE "TrackElement" SET "region" = 2915 WHERE "id" = 2934;
INSERT INTO "monitoredBy" VALUES (2934, 2929);
INSERT INTO "Sensor" ("id") VALUES (2935);
UPDATE "Sensor" SET "region" = 2915 WHERE "id" = 2935;
INSERT INTO "monitoredBy" VALUES (2916, 2935);
INSERT INTO "requires" VALUES (2914, 2935);
INSERT INTO "TrackElement" ("id") VALUES (2936);
INSERT INTO "Segment" ("id", "length") VALUES (2936, 976);
UPDATE "TrackElement" SET "region" = 2915 WHERE "id" = 2936;
INSERT INTO "monitoredBy" VALUES (2936, 2935);
INSERT INTO "TrackElement" ("id") VALUES (2937);
INSERT INTO "Segment" ("id", "length") VALUES (2937, 916);
UPDATE "TrackElement" SET "region" = 2915 WHERE "id" = 2937;
INSERT INTO "monitoredBy" VALUES (2937, 2935);
INSERT INTO "TrackElement" ("id") VALUES (2938);
INSERT INTO "Segment" ("id", "length") VALUES (2938, 2);
UPDATE "TrackElement" SET "region" = 2915 WHERE "id" = 2938;
INSERT INTO "monitoredBy" VALUES (2938, 2935);
INSERT INTO "TrackElement" ("id") VALUES (2939);
INSERT INTO "Segment" ("id", "length") VALUES (2939, 358);
UPDATE "TrackElement" SET "region" = 2915 WHERE "id" = 2939;
INSERT INTO "monitoredBy" VALUES (2939, 2935);
INSERT INTO "TrackElement" ("id") VALUES (2940);
INSERT INTO "Segment" ("id", "length") VALUES (2940, 841);
UPDATE "TrackElement" SET "region" = 2915 WHERE "id" = 2940;
INSERT INTO "monitoredBy" VALUES (2940, 2935);
INSERT INTO "Sensor" ("id") VALUES (2941);
UPDATE "Sensor" SET "region" = 2915 WHERE "id" = 2941;
INSERT INTO "monitoredBy" VALUES (2916, 2941);
INSERT INTO "requires" VALUES (2914, 2941);
INSERT INTO "TrackElement" ("id") VALUES (2942);
INSERT INTO "Segment" ("id", "length") VALUES (2942, 916);
UPDATE "TrackElement" SET "region" = 2915 WHERE "id" = 2942;
INSERT INTO "monitoredBy" VALUES (2942, 2941);
INSERT INTO "TrackElement" ("id") VALUES (2943);
INSERT INTO "Segment" ("id", "length") VALUES (2943, 104);
UPDATE "TrackElement" SET "region" = 2915 WHERE "id" = 2943;
INSERT INTO "monitoredBy" VALUES (2943, 2941);
INSERT INTO "TrackElement" ("id") VALUES (2944);
INSERT INTO "Segment" ("id", "length") VALUES (2944, 577);
UPDATE "TrackElement" SET "region" = 2915 WHERE "id" = 2944;
INSERT INTO "monitoredBy" VALUES (2944, 2941);
INSERT INTO "TrackElement" ("id") VALUES (2945);
INSERT INTO "Segment" ("id", "length") VALUES (2945, 706);
UPDATE "TrackElement" SET "region" = 2915 WHERE "id" = 2945;
INSERT INTO "monitoredBy" VALUES (2945, 2941);
INSERT INTO "TrackElement" ("id") VALUES (2946);
INSERT INTO "Segment" ("id", "length") VALUES (2946, 644);
UPDATE "TrackElement" SET "region" = 2915 WHERE "id" = 2946;
INSERT INTO "monitoredBy" VALUES (2946, 2941);
INSERT INTO "Sensor" ("id") VALUES (2947);
UPDATE "Sensor" SET "region" = 2915 WHERE "id" = 2947;
INSERT INTO "monitoredBy" VALUES (2916, 2947);
INSERT INTO "requires" VALUES (2914, 2947);
INSERT INTO "TrackElement" ("id") VALUES (2948);
INSERT INTO "Segment" ("id", "length") VALUES (2948, 2);
UPDATE "TrackElement" SET "region" = 2915 WHERE "id" = 2948;
INSERT INTO "monitoredBy" VALUES (2948, 2947);
INSERT INTO "TrackElement" ("id") VALUES (2949);
INSERT INTO "Segment" ("id", "length") VALUES (2949, 116);
UPDATE "TrackElement" SET "region" = 2915 WHERE "id" = 2949;
INSERT INTO "monitoredBy" VALUES (2949, 2947);
INSERT INTO "TrackElement" ("id") VALUES (2950);
INSERT INTO "Segment" ("id", "length") VALUES (2950, 649);
UPDATE "TrackElement" SET "region" = 2915 WHERE "id" = 2950;
INSERT INTO "monitoredBy" VALUES (2950, 2947);
INSERT INTO "TrackElement" ("id") VALUES (2951);
INSERT INTO "Segment" ("id", "length") VALUES (2951, 116);
UPDATE "TrackElement" SET "region" = 2915 WHERE "id" = 2951;
INSERT INTO "monitoredBy" VALUES (2951, 2947);
INSERT INTO "TrackElement" ("id") VALUES (2952);
INSERT INTO "Segment" ("id", "length") VALUES (2952, 358);
UPDATE "TrackElement" SET "region" = 2915 WHERE "id" = 2952;
INSERT INTO "monitoredBy" VALUES (2952, 2947);
INSERT INTO "Sensor" ("id") VALUES (2953);
UPDATE "Sensor" SET "region" = 2915 WHERE "id" = 2953;
INSERT INTO "monitoredBy" VALUES (2916, 2953);
INSERT INTO "requires" VALUES (2914, 2953);
INSERT INTO "TrackElement" ("id") VALUES (2954);
INSERT INTO "Segment" ("id", "length") VALUES (2954, 541);
UPDATE "TrackElement" SET "region" = 2915 WHERE "id" = 2954;
INSERT INTO "monitoredBy" VALUES (2954, 2953);
INSERT INTO "TrackElement" ("id") VALUES (2955);
INSERT INTO "Segment" ("id", "length") VALUES (2955, 439);
UPDATE "TrackElement" SET "region" = 2915 WHERE "id" = 2955;
INSERT INTO "monitoredBy" VALUES (2955, 2953);
INSERT INTO "TrackElement" ("id") VALUES (2956);
INSERT INTO "Segment" ("id", "length") VALUES (2956, 154);
UPDATE "TrackElement" SET "region" = 2915 WHERE "id" = 2956;
INSERT INTO "monitoredBy" VALUES (2956, 2953);
INSERT INTO "TrackElement" ("id") VALUES (2957);
INSERT INTO "Segment" ("id", "length") VALUES (2957, 636);
UPDATE "TrackElement" SET "region" = 2915 WHERE "id" = 2957;
INSERT INTO "monitoredBy" VALUES (2957, 2953);
INSERT INTO "TrackElement" ("id") VALUES (2958);
INSERT INTO "Segment" ("id", "length") VALUES (2958, 523);
UPDATE "TrackElement" SET "region" = 2915 WHERE "id" = 2958;
INSERT INTO "monitoredBy" VALUES (2958, 2953);
INSERT INTO "Sensor" ("id") VALUES (2959);
UPDATE "Sensor" SET "region" = 2915 WHERE "id" = 2959;
INSERT INTO "monitoredBy" VALUES (2916, 2959);
INSERT INTO "requires" VALUES (2914, 2959);
INSERT INTO "TrackElement" ("id") VALUES (2960);
INSERT INTO "Segment" ("id", "length") VALUES (2960, 930);
UPDATE "TrackElement" SET "region" = 2915 WHERE "id" = 2960;
INSERT INTO "monitoredBy" VALUES (2960, 2959);
INSERT INTO "TrackElement" ("id") VALUES (2961);
INSERT INTO "Segment" ("id", "length") VALUES (2961, -465);
UPDATE "TrackElement" SET "region" = 2915 WHERE "id" = 2961;
INSERT INTO "monitoredBy" VALUES (2961, 2959);
INSERT INTO "TrackElement" ("id") VALUES (2962);
INSERT INTO "Segment" ("id", "length") VALUES (2962, 578);
UPDATE "TrackElement" SET "region" = 2915 WHERE "id" = 2962;
INSERT INTO "monitoredBy" VALUES (2962, 2959);
INSERT INTO "TrackElement" ("id") VALUES (2963);
INSERT INTO "Segment" ("id", "length") VALUES (2963, 667);
UPDATE "TrackElement" SET "region" = 2915 WHERE "id" = 2963;
INSERT INTO "monitoredBy" VALUES (2963, 2959);
INSERT INTO "TrackElement" ("id") VALUES (2964);
INSERT INTO "Segment" ("id", "length") VALUES (2964, 264);
UPDATE "TrackElement" SET "region" = 2915 WHERE "id" = 2964;
INSERT INTO "monitoredBy" VALUES (2964, 2959);
INSERT INTO "SwitchPosition" ("id", "position", "target") VALUES (2965, 2, 2916);
UPDATE "SwitchPosition" SET "route" = 2914 WHERE "id" = 2965;
INSERT INTO "TrackElement" ("id") VALUES (2966);
INSERT INTO "Switch" ("id", "currentPosition") VALUES (2966, 2);
UPDATE "TrackElement" SET "region" = 2915 WHERE "id" = 2966;
INSERT INTO "Sensor" ("id") VALUES (2967);
UPDATE "Sensor" SET "region" = 2915 WHERE "id" = 2967;
INSERT INTO "monitoredBy" VALUES (2966, 2967);
INSERT INTO "requires" VALUES (2914, 2967);
INSERT INTO "TrackElement" ("id") VALUES (2968);
INSERT INTO "Segment" ("id", "length") VALUES (2968, 39);
UPDATE "TrackElement" SET "region" = 2915 WHERE "id" = 2968;
INSERT INTO "monitoredBy" VALUES (2968, 2967);
INSERT INTO "TrackElement" ("id") VALUES (2969);
INSERT INTO "Segment" ("id", "length") VALUES (2969, 494);
UPDATE "TrackElement" SET "region" = 2915 WHERE "id" = 2969;
INSERT INTO "monitoredBy" VALUES (2969, 2967);
INSERT INTO "TrackElement" ("id") VALUES (2970);
INSERT INTO "Segment" ("id", "length") VALUES (2970, 241);
UPDATE "TrackElement" SET "region" = 2915 WHERE "id" = 2970;
INSERT INTO "monitoredBy" VALUES (2970, 2967);
INSERT INTO "TrackElement" ("id") VALUES (2971);
INSERT INTO "Segment" ("id", "length") VALUES (2971, 153);
UPDATE "TrackElement" SET "region" = 2915 WHERE "id" = 2971;
INSERT INTO "monitoredBy" VALUES (2971, 2967);
INSERT INTO "TrackElement" ("id") VALUES (2972);
INSERT INTO "Segment" ("id", "length") VALUES (2972, 787);
UPDATE "TrackElement" SET "region" = 2915 WHERE "id" = 2972;
INSERT INTO "monitoredBy" VALUES (2972, 2967);
INSERT INTO "Sensor" ("id") VALUES (2973);
UPDATE "Sensor" SET "region" = 2915 WHERE "id" = 2973;
INSERT INTO "monitoredBy" VALUES (2966, 2973);
INSERT INTO "requires" VALUES (2914, 2973);
INSERT INTO "TrackElement" ("id") VALUES (2974);
INSERT INTO "Segment" ("id", "length") VALUES (2974, 732);
UPDATE "TrackElement" SET "region" = 2915 WHERE "id" = 2974;
INSERT INTO "monitoredBy" VALUES (2974, 2973);
INSERT INTO "TrackElement" ("id") VALUES (2975);
INSERT INTO "Segment" ("id", "length") VALUES (2975, 277);
UPDATE "TrackElement" SET "region" = 2915 WHERE "id" = 2975;
INSERT INTO "monitoredBy" VALUES (2975, 2973);
INSERT INTO "TrackElement" ("id") VALUES (2976);
INSERT INTO "Segment" ("id", "length") VALUES (2976, 730);
UPDATE "TrackElement" SET "region" = 2915 WHERE "id" = 2976;
INSERT INTO "monitoredBy" VALUES (2976, 2973);
INSERT INTO "TrackElement" ("id") VALUES (2977);
INSERT INTO "Segment" ("id", "length") VALUES (2977, 852);
UPDATE "TrackElement" SET "region" = 2915 WHERE "id" = 2977;
INSERT INTO "monitoredBy" VALUES (2977, 2973);
INSERT INTO "TrackElement" ("id") VALUES (2978);
INSERT INTO "Segment" ("id", "length") VALUES (2978, -989);
UPDATE "TrackElement" SET "region" = 2915 WHERE "id" = 2978;
INSERT INTO "monitoredBy" VALUES (2978, 2973);
INSERT INTO "Sensor" ("id") VALUES (2979);
UPDATE "Sensor" SET "region" = 2915 WHERE "id" = 2979;
INSERT INTO "monitoredBy" VALUES (2966, 2979);
INSERT INTO "requires" VALUES (2914, 2979);
INSERT INTO "TrackElement" ("id") VALUES (2980);
INSERT INTO "Segment" ("id", "length") VALUES (2980, 714);
UPDATE "TrackElement" SET "region" = 2915 WHERE "id" = 2980;
INSERT INTO "monitoredBy" VALUES (2980, 2979);
INSERT INTO "TrackElement" ("id") VALUES (2981);
INSERT INTO "Segment" ("id", "length") VALUES (2981, 264);
UPDATE "TrackElement" SET "region" = 2915 WHERE "id" = 2981;
INSERT INTO "monitoredBy" VALUES (2981, 2979);
INSERT INTO "TrackElement" ("id") VALUES (2982);
INSERT INTO "Segment" ("id", "length") VALUES (2982, 676);
UPDATE "TrackElement" SET "region" = 2915 WHERE "id" = 2982;
INSERT INTO "monitoredBy" VALUES (2982, 2979);
INSERT INTO "TrackElement" ("id") VALUES (2983);
INSERT INTO "Segment" ("id", "length") VALUES (2983, 976);
UPDATE "TrackElement" SET "region" = 2915 WHERE "id" = 2983;
INSERT INTO "monitoredBy" VALUES (2983, 2979);
INSERT INTO "TrackElement" ("id") VALUES (2984);
INSERT INTO "Segment" ("id", "length") VALUES (2984, 111);
UPDATE "TrackElement" SET "region" = 2915 WHERE "id" = 2984;
INSERT INTO "monitoredBy" VALUES (2984, 2979);
INSERT INTO "Sensor" ("id") VALUES (2985);
UPDATE "Sensor" SET "region" = 2915 WHERE "id" = 2985;
INSERT INTO "monitoredBy" VALUES (2966, 2985);
INSERT INTO "requires" VALUES (2914, 2985);
INSERT INTO "TrackElement" ("id") VALUES (2986);
INSERT INTO "Segment" ("id", "length") VALUES (2986, 604);
UPDATE "TrackElement" SET "region" = 2915 WHERE "id" = 2986;
INSERT INTO "monitoredBy" VALUES (2986, 2985);
INSERT INTO "TrackElement" ("id") VALUES (2987);
INSERT INTO "Segment" ("id", "length") VALUES (2987, 125);
UPDATE "TrackElement" SET "region" = 2915 WHERE "id" = 2987;
INSERT INTO "monitoredBy" VALUES (2987, 2985);
INSERT INTO "TrackElement" ("id") VALUES (2988);
INSERT INTO "Segment" ("id", "length") VALUES (2988, 385);
UPDATE "TrackElement" SET "region" = 2915 WHERE "id" = 2988;
INSERT INTO "monitoredBy" VALUES (2988, 2985);
INSERT INTO "TrackElement" ("id") VALUES (2989);
INSERT INTO "Segment" ("id", "length") VALUES (2989, 303);
UPDATE "TrackElement" SET "region" = 2915 WHERE "id" = 2989;
INSERT INTO "monitoredBy" VALUES (2989, 2985);
INSERT INTO "TrackElement" ("id") VALUES (2990);
INSERT INTO "Segment" ("id", "length") VALUES (2990, 838);
UPDATE "TrackElement" SET "region" = 2915 WHERE "id" = 2990;
INSERT INTO "monitoredBy" VALUES (2990, 2985);
INSERT INTO "Sensor" ("id") VALUES (2991);
UPDATE "Sensor" SET "region" = 2915 WHERE "id" = 2991;
INSERT INTO "monitoredBy" VALUES (2966, 2991);
INSERT INTO "requires" VALUES (2914, 2991);
INSERT INTO "TrackElement" ("id") VALUES (2992);
INSERT INTO "Segment" ("id", "length") VALUES (2992, 310);
UPDATE "TrackElement" SET "region" = 2915 WHERE "id" = 2992;
INSERT INTO "monitoredBy" VALUES (2992, 2991);
INSERT INTO "TrackElement" ("id") VALUES (2993);
INSERT INTO "Segment" ("id", "length") VALUES (2993, 332);
UPDATE "TrackElement" SET "region" = 2915 WHERE "id" = 2993;
INSERT INTO "monitoredBy" VALUES (2993, 2991);
INSERT INTO "TrackElement" ("id") VALUES (2994);
INSERT INTO "Segment" ("id", "length") VALUES (2994, 851);
UPDATE "TrackElement" SET "region" = 2915 WHERE "id" = 2994;
INSERT INTO "monitoredBy" VALUES (2994, 2991);
INSERT INTO "TrackElement" ("id") VALUES (2995);
INSERT INTO "Segment" ("id", "length") VALUES (2995, 603);
UPDATE "TrackElement" SET "region" = 2915 WHERE "id" = 2995;
INSERT INTO "monitoredBy" VALUES (2995, 2991);
INSERT INTO "TrackElement" ("id") VALUES (2996);
INSERT INTO "Segment" ("id", "length") VALUES (2996, 256);
UPDATE "TrackElement" SET "region" = 2915 WHERE "id" = 2996;
INSERT INTO "monitoredBy" VALUES (2996, 2991);
INSERT INTO "Sensor" ("id") VALUES (2997);
UPDATE "Sensor" SET "region" = 2915 WHERE "id" = 2997;
INSERT INTO "monitoredBy" VALUES (2966, 2997);
INSERT INTO "requires" VALUES (2914, 2997);
INSERT INTO "TrackElement" ("id") VALUES (2998);
INSERT INTO "Segment" ("id", "length") VALUES (2998, 321);
UPDATE "TrackElement" SET "region" = 2915 WHERE "id" = 2998;
INSERT INTO "monitoredBy" VALUES (2998, 2997);
INSERT INTO "TrackElement" ("id") VALUES (2999);
INSERT INTO "Segment" ("id", "length") VALUES (2999, 738);
UPDATE "TrackElement" SET "region" = 2915 WHERE "id" = 2999;
INSERT INTO "monitoredBy" VALUES (2999, 2997);
INSERT INTO "TrackElement" ("id") VALUES (3000);
INSERT INTO "Segment" ("id", "length") VALUES (3000, 41);
UPDATE "TrackElement" SET "region" = 2915 WHERE "id" = 3000;
INSERT INTO "monitoredBy" VALUES (3000, 2997);
INSERT INTO "TrackElement" ("id") VALUES (3001);
INSERT INTO "Segment" ("id", "length") VALUES (3001, 865);
UPDATE "TrackElement" SET "region" = 2915 WHERE "id" = 3001;
INSERT INTO "monitoredBy" VALUES (3001, 2997);
INSERT INTO "TrackElement" ("id") VALUES (3002);
INSERT INTO "Segment" ("id", "length") VALUES (3002, 238);
UPDATE "TrackElement" SET "region" = 2915 WHERE "id" = 3002;
INSERT INTO "monitoredBy" VALUES (3002, 2997);
INSERT INTO "Sensor" ("id") VALUES (3003);
UPDATE "Sensor" SET "region" = 2915 WHERE "id" = 3003;
INSERT INTO "monitoredBy" VALUES (2966, 3003);
INSERT INTO "requires" VALUES (2914, 3003);
INSERT INTO "TrackElement" ("id") VALUES (3004);
INSERT INTO "Segment" ("id", "length") VALUES (3004, 946);
UPDATE "TrackElement" SET "region" = 2915 WHERE "id" = 3004;
INSERT INTO "monitoredBy" VALUES (3004, 3003);
INSERT INTO "TrackElement" ("id") VALUES (3005);
INSERT INTO "Segment" ("id", "length") VALUES (3005, 130);
UPDATE "TrackElement" SET "region" = 2915 WHERE "id" = 3005;
INSERT INTO "monitoredBy" VALUES (3005, 3003);
INSERT INTO "TrackElement" ("id") VALUES (3006);
INSERT INTO "Segment" ("id", "length") VALUES (3006, 660);
UPDATE "TrackElement" SET "region" = 2915 WHERE "id" = 3006;
INSERT INTO "monitoredBy" VALUES (3006, 3003);
INSERT INTO "TrackElement" ("id") VALUES (3007);
INSERT INTO "Segment" ("id", "length") VALUES (3007, 726);
UPDATE "TrackElement" SET "region" = 2915 WHERE "id" = 3007;
INSERT INTO "monitoredBy" VALUES (3007, 3003);
INSERT INTO "TrackElement" ("id") VALUES (3008);
INSERT INTO "Segment" ("id", "length") VALUES (3008, 298);
UPDATE "TrackElement" SET "region" = 2915 WHERE "id" = 3008;
INSERT INTO "monitoredBy" VALUES (3008, 3003);
INSERT INTO "Sensor" ("id") VALUES (3009);
UPDATE "Sensor" SET "region" = 2915 WHERE "id" = 3009;
INSERT INTO "monitoredBy" VALUES (2966, 3009);
INSERT INTO "requires" VALUES (2914, 3009);
INSERT INTO "TrackElement" ("id") VALUES (3010);
INSERT INTO "Segment" ("id", "length") VALUES (3010, 941);
UPDATE "TrackElement" SET "region" = 2915 WHERE "id" = 3010;
INSERT INTO "monitoredBy" VALUES (3010, 3009);
INSERT INTO "TrackElement" ("id") VALUES (3011);
INSERT INTO "Segment" ("id", "length") VALUES (3011, 81);
UPDATE "TrackElement" SET "region" = 2915 WHERE "id" = 3011;
INSERT INTO "monitoredBy" VALUES (3011, 3009);
INSERT INTO "TrackElement" ("id") VALUES (3012);
INSERT INTO "Segment" ("id", "length") VALUES (3012, 741);
UPDATE "TrackElement" SET "region" = 2915 WHERE "id" = 3012;
INSERT INTO "monitoredBy" VALUES (3012, 3009);
INSERT INTO "TrackElement" ("id") VALUES (3013);
INSERT INTO "Segment" ("id", "length") VALUES (3013, 695);
UPDATE "TrackElement" SET "region" = 2915 WHERE "id" = 3013;
INSERT INTO "monitoredBy" VALUES (3013, 3009);
INSERT INTO "TrackElement" ("id") VALUES (3014);
INSERT INTO "Segment" ("id", "length") VALUES (3014, 635);
UPDATE "TrackElement" SET "region" = 2915 WHERE "id" = 3014;
INSERT INTO "monitoredBy" VALUES (3014, 3009);
INSERT INTO "SwitchPosition" ("id", "position", "target") VALUES (3015, 0, 2966);
UPDATE "SwitchPosition" SET "route" = 2914 WHERE "id" = 3015;
INSERT INTO "TrackElement" ("id") VALUES (3016);
INSERT INTO "Switch" ("id", "currentPosition") VALUES (3016, 0);
UPDATE "TrackElement" SET "region" = 2915 WHERE "id" = 3016;
INSERT INTO "Sensor" ("id") VALUES (3017);
UPDATE "Sensor" SET "region" = 2915 WHERE "id" = 3017;
INSERT INTO "monitoredBy" VALUES (3016, 3017);
INSERT INTO "requires" VALUES (2914, 3017);
INSERT INTO "TrackElement" ("id") VALUES (3018);
INSERT INTO "Segment" ("id", "length") VALUES (3018, 326);
UPDATE "TrackElement" SET "region" = 2915 WHERE "id" = 3018;
INSERT INTO "monitoredBy" VALUES (3018, 3017);
INSERT INTO "TrackElement" ("id") VALUES (3019);
INSERT INTO "Segment" ("id", "length") VALUES (3019, 344);
UPDATE "TrackElement" SET "region" = 2915 WHERE "id" = 3019;
INSERT INTO "monitoredBy" VALUES (3019, 3017);
INSERT INTO "TrackElement" ("id") VALUES (3020);
INSERT INTO "Segment" ("id", "length") VALUES (3020, 856);
UPDATE "TrackElement" SET "region" = 2915 WHERE "id" = 3020;
INSERT INTO "monitoredBy" VALUES (3020, 3017);
INSERT INTO "TrackElement" ("id") VALUES (3021);
INSERT INTO "Segment" ("id", "length") VALUES (3021, 573);
UPDATE "TrackElement" SET "region" = 2915 WHERE "id" = 3021;
INSERT INTO "monitoredBy" VALUES (3021, 3017);
INSERT INTO "TrackElement" ("id") VALUES (3022);
INSERT INTO "Segment" ("id", "length") VALUES (3022, 979);
UPDATE "TrackElement" SET "region" = 2915 WHERE "id" = 3022;
INSERT INTO "monitoredBy" VALUES (3022, 3017);
INSERT INTO "Sensor" ("id") VALUES (3023);
UPDATE "Sensor" SET "region" = 2915 WHERE "id" = 3023;
INSERT INTO "monitoredBy" VALUES (3016, 3023);
INSERT INTO "requires" VALUES (2914, 3023);
INSERT INTO "TrackElement" ("id") VALUES (3024);
INSERT INTO "Segment" ("id", "length") VALUES (3024, 161);
UPDATE "TrackElement" SET "region" = 2915 WHERE "id" = 3024;
INSERT INTO "monitoredBy" VALUES (3024, 3023);
INSERT INTO "TrackElement" ("id") VALUES (3025);
INSERT INTO "Segment" ("id", "length") VALUES (3025, 533);
UPDATE "TrackElement" SET "region" = 2915 WHERE "id" = 3025;
INSERT INTO "monitoredBy" VALUES (3025, 3023);
INSERT INTO "TrackElement" ("id") VALUES (3026);
INSERT INTO "Segment" ("id", "length") VALUES (3026, 79);
UPDATE "TrackElement" SET "region" = 2915 WHERE "id" = 3026;
INSERT INTO "monitoredBy" VALUES (3026, 3023);
INSERT INTO "TrackElement" ("id") VALUES (3027);
INSERT INTO "Segment" ("id", "length") VALUES (3027, 194);
UPDATE "TrackElement" SET "region" = 2915 WHERE "id" = 3027;
INSERT INTO "monitoredBy" VALUES (3027, 3023);
INSERT INTO "TrackElement" ("id") VALUES (3028);
INSERT INTO "Segment" ("id", "length") VALUES (3028, 109);
UPDATE "TrackElement" SET "region" = 2915 WHERE "id" = 3028;
INSERT INTO "monitoredBy" VALUES (3028, 3023);
INSERT INTO "Sensor" ("id") VALUES (3029);
UPDATE "Sensor" SET "region" = 2915 WHERE "id" = 3029;
INSERT INTO "monitoredBy" VALUES (3016, 3029);
INSERT INTO "requires" VALUES (2914, 3029);
INSERT INTO "TrackElement" ("id") VALUES (3030);
INSERT INTO "Segment" ("id", "length") VALUES (3030, 807);
UPDATE "TrackElement" SET "region" = 2915 WHERE "id" = 3030;
INSERT INTO "monitoredBy" VALUES (3030, 3029);
INSERT INTO "TrackElement" ("id") VALUES (3031);
INSERT INTO "Segment" ("id", "length") VALUES (3031, 461);
UPDATE "TrackElement" SET "region" = 2915 WHERE "id" = 3031;
INSERT INTO "monitoredBy" VALUES (3031, 3029);
INSERT INTO "TrackElement" ("id") VALUES (3032);
INSERT INTO "Segment" ("id", "length") VALUES (3032, 358);
UPDATE "TrackElement" SET "region" = 2915 WHERE "id" = 3032;
INSERT INTO "monitoredBy" VALUES (3032, 3029);
INSERT INTO "TrackElement" ("id") VALUES (3033);
INSERT INTO "Segment" ("id", "length") VALUES (3033, 325);
UPDATE "TrackElement" SET "region" = 2915 WHERE "id" = 3033;
INSERT INTO "monitoredBy" VALUES (3033, 3029);
INSERT INTO "TrackElement" ("id") VALUES (3034);
INSERT INTO "Segment" ("id", "length") VALUES (3034, 260);
UPDATE "TrackElement" SET "region" = 2915 WHERE "id" = 3034;
INSERT INTO "monitoredBy" VALUES (3034, 3029);
INSERT INTO "SwitchPosition" ("id", "position", "target") VALUES (3035, 0, 3016);
UPDATE "SwitchPosition" SET "route" = 2914 WHERE "id" = 3035;
INSERT INTO "TrackElement" ("id") VALUES (3036);
INSERT INTO "Switch" ("id", "currentPosition") VALUES (3036, 0);
UPDATE "TrackElement" SET "region" = 2915 WHERE "id" = 3036;
INSERT INTO "Sensor" ("id") VALUES (3037);
UPDATE "Sensor" SET "region" = 2915 WHERE "id" = 3037;
INSERT INTO "monitoredBy" VALUES (3036, 3037);
INSERT INTO "requires" VALUES (2914, 3037);
INSERT INTO "TrackElement" ("id") VALUES (3038);
INSERT INTO "Segment" ("id", "length") VALUES (3038, 364);
UPDATE "TrackElement" SET "region" = 2915 WHERE "id" = 3038;
INSERT INTO "monitoredBy" VALUES (3038, 3037);
INSERT INTO "TrackElement" ("id") VALUES (3039);
INSERT INTO "Segment" ("id", "length") VALUES (3039, 839);
UPDATE "TrackElement" SET "region" = 2915 WHERE "id" = 3039;
INSERT INTO "monitoredBy" VALUES (3039, 3037);
INSERT INTO "TrackElement" ("id") VALUES (3040);
INSERT INTO "Segment" ("id", "length") VALUES (3040, 749);
UPDATE "TrackElement" SET "region" = 2915 WHERE "id" = 3040;
INSERT INTO "monitoredBy" VALUES (3040, 3037);
INSERT INTO "TrackElement" ("id") VALUES (3041);
INSERT INTO "Segment" ("id", "length") VALUES (3041, 761);
UPDATE "TrackElement" SET "region" = 2915 WHERE "id" = 3041;
INSERT INTO "monitoredBy" VALUES (3041, 3037);
INSERT INTO "TrackElement" ("id") VALUES (3042);
INSERT INTO "Segment" ("id", "length") VALUES (3042, 991);
UPDATE "TrackElement" SET "region" = 2915 WHERE "id" = 3042;
INSERT INTO "monitoredBy" VALUES (3042, 3037);
INSERT INTO "Sensor" ("id") VALUES (3043);
UPDATE "Sensor" SET "region" = 2915 WHERE "id" = 3043;
INSERT INTO "monitoredBy" VALUES (3036, 3043);
INSERT INTO "requires" VALUES (2914, 3043);
INSERT INTO "TrackElement" ("id") VALUES (3044);
INSERT INTO "Segment" ("id", "length") VALUES (3044, 632);
UPDATE "TrackElement" SET "region" = 2915 WHERE "id" = 3044;
INSERT INTO "monitoredBy" VALUES (3044, 3043);
INSERT INTO "TrackElement" ("id") VALUES (3045);
INSERT INTO "Segment" ("id", "length") VALUES (3045, 652);
UPDATE "TrackElement" SET "region" = 2915 WHERE "id" = 3045;
INSERT INTO "monitoredBy" VALUES (3045, 3043);
INSERT INTO "TrackElement" ("id") VALUES (3046);
INSERT INTO "Segment" ("id", "length") VALUES (3046, 735);
UPDATE "TrackElement" SET "region" = 2915 WHERE "id" = 3046;
INSERT INTO "monitoredBy" VALUES (3046, 3043);
INSERT INTO "TrackElement" ("id") VALUES (3047);
INSERT INTO "Segment" ("id", "length") VALUES (3047, 308);
UPDATE "TrackElement" SET "region" = 2915 WHERE "id" = 3047;
INSERT INTO "monitoredBy" VALUES (3047, 3043);
INSERT INTO "TrackElement" ("id") VALUES (3048);
INSERT INTO "Segment" ("id", "length") VALUES (3048, 263);
UPDATE "TrackElement" SET "region" = 2915 WHERE "id" = 3048;
INSERT INTO "monitoredBy" VALUES (3048, 3043);
INSERT INTO "Sensor" ("id") VALUES (3049);
UPDATE "Sensor" SET "region" = 2915 WHERE "id" = 3049;
INSERT INTO "monitoredBy" VALUES (3036, 3049);
INSERT INTO "requires" VALUES (2914, 3049);
INSERT INTO "TrackElement" ("id") VALUES (3050);
INSERT INTO "Segment" ("id", "length") VALUES (3050, 777);
UPDATE "TrackElement" SET "region" = 2915 WHERE "id" = 3050;
INSERT INTO "monitoredBy" VALUES (3050, 3049);
INSERT INTO "TrackElement" ("id") VALUES (3051);
INSERT INTO "Segment" ("id", "length") VALUES (3051, 992);
UPDATE "TrackElement" SET "region" = 2915 WHERE "id" = 3051;
INSERT INTO "monitoredBy" VALUES (3051, 3049);
INSERT INTO "TrackElement" ("id") VALUES (3052);
INSERT INTO "Segment" ("id", "length") VALUES (3052, 284);
UPDATE "TrackElement" SET "region" = 2915 WHERE "id" = 3052;
INSERT INTO "monitoredBy" VALUES (3052, 3049);
INSERT INTO "TrackElement" ("id") VALUES (3053);
INSERT INTO "Segment" ("id", "length") VALUES (3053, 30);
UPDATE "TrackElement" SET "region" = 2915 WHERE "id" = 3053;
INSERT INTO "monitoredBy" VALUES (3053, 3049);
INSERT INTO "TrackElement" ("id") VALUES (3054);
INSERT INTO "Segment" ("id", "length") VALUES (3054, 924);
UPDATE "TrackElement" SET "region" = 2915 WHERE "id" = 3054;
INSERT INTO "monitoredBy" VALUES (3054, 3049);
INSERT INTO "SwitchPosition" ("id", "position", "target") VALUES (3055, 0, 3036);
UPDATE "SwitchPosition" SET "route" = 2914 WHERE "id" = 3055;
INSERT INTO "TrackElement" ("id") VALUES (3056);
INSERT INTO "Switch" ("id", "currentPosition") VALUES (3056, 2);
UPDATE "TrackElement" SET "region" = 2915 WHERE "id" = 3056;
INSERT INTO "Sensor" ("id") VALUES (3057);
UPDATE "Sensor" SET "region" = 2915 WHERE "id" = 3057;
INSERT INTO "monitoredBy" VALUES (3056, 3057);
INSERT INTO "requires" VALUES (2914, 3057);
INSERT INTO "TrackElement" ("id") VALUES (3058);
INSERT INTO "Segment" ("id", "length") VALUES (3058, 739);
UPDATE "TrackElement" SET "region" = 2915 WHERE "id" = 3058;
INSERT INTO "monitoredBy" VALUES (3058, 3057);
INSERT INTO "TrackElement" ("id") VALUES (3059);
INSERT INTO "Segment" ("id", "length") VALUES (3059, 288);
UPDATE "TrackElement" SET "region" = 2915 WHERE "id" = 3059;
INSERT INTO "monitoredBy" VALUES (3059, 3057);
INSERT INTO "TrackElement" ("id") VALUES (3060);
INSERT INTO "Segment" ("id", "length") VALUES (3060, 477);
UPDATE "TrackElement" SET "region" = 2915 WHERE "id" = 3060;
INSERT INTO "monitoredBy" VALUES (3060, 3057);
INSERT INTO "TrackElement" ("id") VALUES (3061);
INSERT INTO "Segment" ("id", "length") VALUES (3061, 896);
UPDATE "TrackElement" SET "region" = 2915 WHERE "id" = 3061;
INSERT INTO "monitoredBy" VALUES (3061, 3057);
INSERT INTO "TrackElement" ("id") VALUES (3062);
INSERT INTO "Segment" ("id", "length") VALUES (3062, 964);
UPDATE "TrackElement" SET "region" = 2915 WHERE "id" = 3062;
INSERT INTO "monitoredBy" VALUES (3062, 3057);
INSERT INTO "Sensor" ("id") VALUES (3063);
UPDATE "Sensor" SET "region" = 2915 WHERE "id" = 3063;
INSERT INTO "monitoredBy" VALUES (3056, 3063);
INSERT INTO "requires" VALUES (2914, 3063);
INSERT INTO "TrackElement" ("id") VALUES (3064);
INSERT INTO "Segment" ("id", "length") VALUES (3064, 757);
UPDATE "TrackElement" SET "region" = 2915 WHERE "id" = 3064;
INSERT INTO "monitoredBy" VALUES (3064, 3063);
INSERT INTO "TrackElement" ("id") VALUES (3065);
INSERT INTO "Segment" ("id", "length") VALUES (3065, 55);
UPDATE "TrackElement" SET "region" = 2915 WHERE "id" = 3065;
INSERT INTO "monitoredBy" VALUES (3065, 3063);
INSERT INTO "TrackElement" ("id") VALUES (3066);
INSERT INTO "Segment" ("id", "length") VALUES (3066, 140);
UPDATE "TrackElement" SET "region" = 2915 WHERE "id" = 3066;
INSERT INTO "monitoredBy" VALUES (3066, 3063);
INSERT INTO "TrackElement" ("id") VALUES (3067);
INSERT INTO "Segment" ("id", "length") VALUES (3067, 994);
UPDATE "TrackElement" SET "region" = 2915 WHERE "id" = 3067;
INSERT INTO "monitoredBy" VALUES (3067, 3063);
INSERT INTO "TrackElement" ("id") VALUES (3068);
INSERT INTO "Segment" ("id", "length") VALUES (3068, 187);
UPDATE "TrackElement" SET "region" = 2915 WHERE "id" = 3068;
INSERT INTO "monitoredBy" VALUES (3068, 3063);
INSERT INTO "Sensor" ("id") VALUES (3069);
UPDATE "Sensor" SET "region" = 2915 WHERE "id" = 3069;
INSERT INTO "monitoredBy" VALUES (3056, 3069);
INSERT INTO "requires" VALUES (2914, 3069);
INSERT INTO "TrackElement" ("id") VALUES (3070);
INSERT INTO "Segment" ("id", "length") VALUES (3070, 806);
UPDATE "TrackElement" SET "region" = 2915 WHERE "id" = 3070;
INSERT INTO "monitoredBy" VALUES (3070, 3069);
INSERT INTO "TrackElement" ("id") VALUES (3071);
INSERT INTO "Segment" ("id", "length") VALUES (3071, 882);
UPDATE "TrackElement" SET "region" = 2915 WHERE "id" = 3071;
INSERT INTO "monitoredBy" VALUES (3071, 3069);
INSERT INTO "TrackElement" ("id") VALUES (3072);
INSERT INTO "Segment" ("id", "length") VALUES (3072, 28);
UPDATE "TrackElement" SET "region" = 2915 WHERE "id" = 3072;
INSERT INTO "monitoredBy" VALUES (3072, 3069);
INSERT INTO "TrackElement" ("id") VALUES (3073);
INSERT INTO "Segment" ("id", "length") VALUES (3073, 437);
UPDATE "TrackElement" SET "region" = 2915 WHERE "id" = 3073;
INSERT INTO "monitoredBy" VALUES (3073, 3069);
INSERT INTO "TrackElement" ("id") VALUES (3074);
INSERT INTO "Segment" ("id", "length") VALUES (3074, 200);
UPDATE "TrackElement" SET "region" = 2915 WHERE "id" = 3074;
INSERT INTO "monitoredBy" VALUES (3074, 3069);
INSERT INTO "Sensor" ("id") VALUES (3075);
UPDATE "Sensor" SET "region" = 2915 WHERE "id" = 3075;
INSERT INTO "monitoredBy" VALUES (3056, 3075);
INSERT INTO "TrackElement" ("id") VALUES (3076);
INSERT INTO "Segment" ("id", "length") VALUES (3076, 105);
UPDATE "TrackElement" SET "region" = 2915 WHERE "id" = 3076;
INSERT INTO "monitoredBy" VALUES (3076, 3075);
INSERT INTO "TrackElement" ("id") VALUES (3077);
INSERT INTO "Segment" ("id", "length") VALUES (3077, 569);
UPDATE "TrackElement" SET "region" = 2915 WHERE "id" = 3077;
INSERT INTO "monitoredBy" VALUES (3077, 3075);
INSERT INTO "TrackElement" ("id") VALUES (3078);
INSERT INTO "Segment" ("id", "length") VALUES (3078, 808);
UPDATE "TrackElement" SET "region" = 2915 WHERE "id" = 3078;
INSERT INTO "monitoredBy" VALUES (3078, 3075);
INSERT INTO "TrackElement" ("id") VALUES (3079);
INSERT INTO "Segment" ("id", "length") VALUES (3079, 130);
UPDATE "TrackElement" SET "region" = 2915 WHERE "id" = 3079;
INSERT INTO "monitoredBy" VALUES (3079, 3075);
INSERT INTO "TrackElement" ("id") VALUES (3080);
INSERT INTO "Segment" ("id", "length") VALUES (3080, 209);
UPDATE "TrackElement" SET "region" = 2915 WHERE "id" = 3080;
INSERT INTO "monitoredBy" VALUES (3080, 3075);
INSERT INTO "SwitchPosition" ("id", "position", "target") VALUES (3081, 2, 3056);
UPDATE "SwitchPosition" SET "route" = 2914 WHERE "id" = 3081;
INSERT INTO "TrackElement" ("id") VALUES (3082);
INSERT INTO "Switch" ("id", "currentPosition") VALUES (3082, 0);
UPDATE "TrackElement" SET "region" = 2915 WHERE "id" = 3082;
INSERT INTO "Sensor" ("id") VALUES (3083);
UPDATE "Sensor" SET "region" = 2915 WHERE "id" = 3083;
INSERT INTO "monitoredBy" VALUES (3082, 3083);
INSERT INTO "requires" VALUES (2914, 3083);
INSERT INTO "TrackElement" ("id") VALUES (3084);
INSERT INTO "Segment" ("id", "length") VALUES (3084, 466);
UPDATE "TrackElement" SET "region" = 2915 WHERE "id" = 3084;
INSERT INTO "monitoredBy" VALUES (3084, 3083);
INSERT INTO "TrackElement" ("id") VALUES (3085);
INSERT INTO "Segment" ("id", "length") VALUES (3085, 631);
UPDATE "TrackElement" SET "region" = 2915 WHERE "id" = 3085;
INSERT INTO "monitoredBy" VALUES (3085, 3083);
INSERT INTO "TrackElement" ("id") VALUES (3086);
INSERT INTO "Segment" ("id", "length") VALUES (3086, 976);
UPDATE "TrackElement" SET "region" = 2915 WHERE "id" = 3086;
INSERT INTO "monitoredBy" VALUES (3086, 3083);
INSERT INTO "TrackElement" ("id") VALUES (3087);
INSERT INTO "Segment" ("id", "length") VALUES (3087, 949);
UPDATE "TrackElement" SET "region" = 2915 WHERE "id" = 3087;
INSERT INTO "monitoredBy" VALUES (3087, 3083);
INSERT INTO "TrackElement" ("id") VALUES (3088);
INSERT INTO "Segment" ("id", "length") VALUES (3088, 828);
UPDATE "TrackElement" SET "region" = 2915 WHERE "id" = 3088;
INSERT INTO "monitoredBy" VALUES (3088, 3083);
INSERT INTO "Sensor" ("id") VALUES (3089);
UPDATE "Sensor" SET "region" = 2915 WHERE "id" = 3089;
INSERT INTO "monitoredBy" VALUES (3082, 3089);
INSERT INTO "requires" VALUES (2914, 3089);
INSERT INTO "TrackElement" ("id") VALUES (3090);
INSERT INTO "Segment" ("id", "length") VALUES (3090, 477);
UPDATE "TrackElement" SET "region" = 2915 WHERE "id" = 3090;
INSERT INTO "monitoredBy" VALUES (3090, 3089);
INSERT INTO "TrackElement" ("id") VALUES (3091);
INSERT INTO "Segment" ("id", "length") VALUES (3091, 307);
UPDATE "TrackElement" SET "region" = 2915 WHERE "id" = 3091;
INSERT INTO "monitoredBy" VALUES (3091, 3089);
INSERT INTO "TrackElement" ("id") VALUES (3092);
INSERT INTO "Segment" ("id", "length") VALUES (3092, 151);
UPDATE "TrackElement" SET "region" = 2915 WHERE "id" = 3092;
INSERT INTO "monitoredBy" VALUES (3092, 3089);
INSERT INTO "TrackElement" ("id") VALUES (3093);
INSERT INTO "Segment" ("id", "length") VALUES (3093, 516);
UPDATE "TrackElement" SET "region" = 2915 WHERE "id" = 3093;
INSERT INTO "monitoredBy" VALUES (3093, 3089);
INSERT INTO "TrackElement" ("id") VALUES (3094);
INSERT INTO "Segment" ("id", "length") VALUES (3094, 276);
UPDATE "TrackElement" SET "region" = 2915 WHERE "id" = 3094;
INSERT INTO "monitoredBy" VALUES (3094, 3089);
INSERT INTO "Sensor" ("id") VALUES (3095);
UPDATE "Sensor" SET "region" = 2915 WHERE "id" = 3095;
INSERT INTO "monitoredBy" VALUES (3082, 3095);
INSERT INTO "requires" VALUES (2914, 3095);
INSERT INTO "TrackElement" ("id") VALUES (3096);
INSERT INTO "Segment" ("id", "length") VALUES (3096, 584);
UPDATE "TrackElement" SET "region" = 2915 WHERE "id" = 3096;
INSERT INTO "monitoredBy" VALUES (3096, 3095);
INSERT INTO "TrackElement" ("id") VALUES (3097);
INSERT INTO "Segment" ("id", "length") VALUES (3097, 239);
UPDATE "TrackElement" SET "region" = 2915 WHERE "id" = 3097;
INSERT INTO "monitoredBy" VALUES (3097, 3095);
INSERT INTO "TrackElement" ("id") VALUES (3098);
INSERT INTO "Segment" ("id", "length") VALUES (3098, 86);
UPDATE "TrackElement" SET "region" = 2915 WHERE "id" = 3098;
INSERT INTO "monitoredBy" VALUES (3098, 3095);
INSERT INTO "TrackElement" ("id") VALUES (3099);
INSERT INTO "Segment" ("id", "length") VALUES (3099, 141);
UPDATE "TrackElement" SET "region" = 2915 WHERE "id" = 3099;
INSERT INTO "monitoredBy" VALUES (3099, 3095);
INSERT INTO "TrackElement" ("id") VALUES (3100);
INSERT INTO "Segment" ("id", "length") VALUES (3100, 791);
UPDATE "TrackElement" SET "region" = 2915 WHERE "id" = 3100;
INSERT INTO "monitoredBy" VALUES (3100, 3095);
INSERT INTO "Sensor" ("id") VALUES (3101);
UPDATE "Sensor" SET "region" = 2915 WHERE "id" = 3101;
INSERT INTO "monitoredBy" VALUES (3082, 3101);
INSERT INTO "requires" VALUES (2914, 3101);
INSERT INTO "TrackElement" ("id") VALUES (3102);
INSERT INTO "Segment" ("id", "length") VALUES (3102, 104);
UPDATE "TrackElement" SET "region" = 2915 WHERE "id" = 3102;
INSERT INTO "monitoredBy" VALUES (3102, 3101);
INSERT INTO "TrackElement" ("id") VALUES (3103);
INSERT INTO "Segment" ("id", "length") VALUES (3103, -766);
UPDATE "TrackElement" SET "region" = 2915 WHERE "id" = 3103;
INSERT INTO "monitoredBy" VALUES (3103, 3101);
INSERT INTO "TrackElement" ("id") VALUES (3104);
INSERT INTO "Segment" ("id", "length") VALUES (3104, 577);
UPDATE "TrackElement" SET "region" = 2915 WHERE "id" = 3104;
INSERT INTO "monitoredBy" VALUES (3104, 3101);
INSERT INTO "TrackElement" ("id") VALUES (3105);
INSERT INTO "Segment" ("id", "length") VALUES (3105, 129);
UPDATE "TrackElement" SET "region" = 2915 WHERE "id" = 3105;
INSERT INTO "monitoredBy" VALUES (3105, 3101);
INSERT INTO "TrackElement" ("id") VALUES (3106);
INSERT INTO "Segment" ("id", "length") VALUES (3106, 48);
UPDATE "TrackElement" SET "region" = 2915 WHERE "id" = 3106;
INSERT INTO "monitoredBy" VALUES (3106, 3101);
INSERT INTO "TrackElement" ("id") VALUES (3107);
INSERT INTO "Segment" ("id", "length") VALUES (3107, 56);
UPDATE "TrackElement" SET "region" = 2915 WHERE "id" = 3107;
INSERT INTO "monitoredBy" VALUES (3107, 3101);
INSERT INTO "SwitchPosition" ("id", "position", "target") VALUES (3108, 0, 3082);
UPDATE "SwitchPosition" SET "route" = 2914 WHERE "id" = 3108;
INSERT INTO "TrackElement" ("id") VALUES (3109);
INSERT INTO "Switch" ("id", "currentPosition") VALUES (3109, 0);
UPDATE "TrackElement" SET "region" = 2915 WHERE "id" = 3109;
INSERT INTO "Sensor" ("id") VALUES (3110);
UPDATE "Sensor" SET "region" = 2915 WHERE "id" = 3110;
INSERT INTO "monitoredBy" VALUES (3109, 3110);
INSERT INTO "requires" VALUES (2914, 3110);
INSERT INTO "TrackElement" ("id") VALUES (3111);
INSERT INTO "Segment" ("id", "length") VALUES (3111, 514);
UPDATE "TrackElement" SET "region" = 2915 WHERE "id" = 3111;
INSERT INTO "monitoredBy" VALUES (3111, 3110);
INSERT INTO "TrackElement" ("id") VALUES (3112);
INSERT INTO "Segment" ("id", "length") VALUES (3112, 48);
UPDATE "TrackElement" SET "region" = 2915 WHERE "id" = 3112;
INSERT INTO "monitoredBy" VALUES (3112, 3110);
INSERT INTO "TrackElement" ("id") VALUES (3113);
INSERT INTO "Segment" ("id", "length") VALUES (3113, 98);
UPDATE "TrackElement" SET "region" = 2915 WHERE "id" = 3113;
INSERT INTO "monitoredBy" VALUES (3113, 3110);
INSERT INTO "TrackElement" ("id") VALUES (3114);
INSERT INTO "Segment" ("id", "length") VALUES (3114, 472);
UPDATE "TrackElement" SET "region" = 2915 WHERE "id" = 3114;
INSERT INTO "monitoredBy" VALUES (3114, 3110);
INSERT INTO "TrackElement" ("id") VALUES (3115);
INSERT INTO "Segment" ("id", "length") VALUES (3115, 798);
UPDATE "TrackElement" SET "region" = 2915 WHERE "id" = 3115;
INSERT INTO "monitoredBy" VALUES (3115, 3110);
INSERT INTO "Sensor" ("id") VALUES (3116);
UPDATE "Sensor" SET "region" = 2915 WHERE "id" = 3116;
INSERT INTO "monitoredBy" VALUES (3109, 3116);
INSERT INTO "requires" VALUES (2914, 3116);
INSERT INTO "TrackElement" ("id") VALUES (3117);
INSERT INTO "Segment" ("id", "length") VALUES (3117, 916);
UPDATE "TrackElement" SET "region" = 2915 WHERE "id" = 3117;
INSERT INTO "monitoredBy" VALUES (3117, 3116);
INSERT INTO "TrackElement" ("id") VALUES (3118);
INSERT INTO "Segment" ("id", "length") VALUES (3118, 644);
UPDATE "TrackElement" SET "region" = 2915 WHERE "id" = 3118;
INSERT INTO "monitoredBy" VALUES (3118, 3116);
INSERT INTO "TrackElement" ("id") VALUES (3119);
INSERT INTO "Segment" ("id", "length") VALUES (3119, -943);
UPDATE "TrackElement" SET "region" = 2915 WHERE "id" = 3119;
INSERT INTO "monitoredBy" VALUES (3119, 3116);
INSERT INTO "TrackElement" ("id") VALUES (3120);
INSERT INTO "Segment" ("id", "length") VALUES (3120, 630);
UPDATE "TrackElement" SET "region" = 2915 WHERE "id" = 3120;
INSERT INTO "monitoredBy" VALUES (3120, 3116);
INSERT INTO "TrackElement" ("id") VALUES (3121);
INSERT INTO "Segment" ("id", "length") VALUES (3121, 811);
UPDATE "TrackElement" SET "region" = 2915 WHERE "id" = 3121;
INSERT INTO "monitoredBy" VALUES (3121, 3116);
INSERT INTO "Sensor" ("id") VALUES (3122);
UPDATE "Sensor" SET "region" = 2915 WHERE "id" = 3122;
INSERT INTO "monitoredBy" VALUES (3109, 3122);
INSERT INTO "TrackElement" ("id") VALUES (3123);
INSERT INTO "Segment" ("id", "length") VALUES (3123, 994);
UPDATE "TrackElement" SET "region" = 2915 WHERE "id" = 3123;
INSERT INTO "monitoredBy" VALUES (3123, 3122);
INSERT INTO "TrackElement" ("id") VALUES (3124);
INSERT INTO "Segment" ("id", "length") VALUES (3124, 52);
UPDATE "TrackElement" SET "region" = 2915 WHERE "id" = 3124;
INSERT INTO "monitoredBy" VALUES (3124, 3122);
INSERT INTO "TrackElement" ("id") VALUES (3125);
INSERT INTO "Segment" ("id", "length") VALUES (3125, 339);
UPDATE "TrackElement" SET "region" = 2915 WHERE "id" = 3125;
INSERT INTO "monitoredBy" VALUES (3125, 3122);
INSERT INTO "TrackElement" ("id") VALUES (3126);
INSERT INTO "Segment" ("id", "length") VALUES (3126, 561);
UPDATE "TrackElement" SET "region" = 2915 WHERE "id" = 3126;
INSERT INTO "monitoredBy" VALUES (3126, 3122);
INSERT INTO "TrackElement" ("id") VALUES (3127);
INSERT INTO "Segment" ("id", "length") VALUES (3127, 271);
UPDATE "TrackElement" SET "region" = 2915 WHERE "id" = 3127;
INSERT INTO "monitoredBy" VALUES (3127, 3122);
INSERT INTO "Sensor" ("id") VALUES (3128);
UPDATE "Sensor" SET "region" = 2915 WHERE "id" = 3128;
INSERT INTO "monitoredBy" VALUES (3109, 3128);
INSERT INTO "requires" VALUES (2914, 3128);
INSERT INTO "TrackElement" ("id") VALUES (3129);
INSERT INTO "Segment" ("id", "length") VALUES (3129, 485);
UPDATE "TrackElement" SET "region" = 2915 WHERE "id" = 3129;
INSERT INTO "monitoredBy" VALUES (3129, 3128);
INSERT INTO "TrackElement" ("id") VALUES (3130);
INSERT INTO "Segment" ("id", "length") VALUES (3130, 340);
UPDATE "TrackElement" SET "region" = 2915 WHERE "id" = 3130;
INSERT INTO "monitoredBy" VALUES (3130, 3128);
INSERT INTO "TrackElement" ("id") VALUES (3131);
INSERT INTO "Segment" ("id", "length") VALUES (3131, 602);
UPDATE "TrackElement" SET "region" = 2915 WHERE "id" = 3131;
INSERT INTO "monitoredBy" VALUES (3131, 3128);
INSERT INTO "TrackElement" ("id") VALUES (3132);
INSERT INTO "Segment" ("id", "length") VALUES (3132, 952);
UPDATE "TrackElement" SET "region" = 2915 WHERE "id" = 3132;
INSERT INTO "monitoredBy" VALUES (3132, 3128);
INSERT INTO "TrackElement" ("id") VALUES (3133);
INSERT INTO "Segment" ("id", "length") VALUES (3133, 99);
UPDATE "TrackElement" SET "region" = 2915 WHERE "id" = 3133;
INSERT INTO "monitoredBy" VALUES (3133, 3128);
INSERT INTO "Sensor" ("id") VALUES (3134);
UPDATE "Sensor" SET "region" = 2915 WHERE "id" = 3134;
INSERT INTO "monitoredBy" VALUES (3109, 3134);
INSERT INTO "TrackElement" ("id") VALUES (3135);
INSERT INTO "Segment" ("id", "length") VALUES (3135, 971);
UPDATE "TrackElement" SET "region" = 2915 WHERE "id" = 3135;
INSERT INTO "monitoredBy" VALUES (3135, 3134);
INSERT INTO "TrackElement" ("id") VALUES (3136);
INSERT INTO "Segment" ("id", "length") VALUES (3136, 219);
UPDATE "TrackElement" SET "region" = 2915 WHERE "id" = 3136;
INSERT INTO "monitoredBy" VALUES (3136, 3134);
INSERT INTO "TrackElement" ("id") VALUES (3137);
INSERT INTO "Segment" ("id", "length") VALUES (3137, 430);
UPDATE "TrackElement" SET "region" = 2915 WHERE "id" = 3137;
INSERT INTO "monitoredBy" VALUES (3137, 3134);
INSERT INTO "TrackElement" ("id") VALUES (3138);
INSERT INTO "Segment" ("id", "length") VALUES (3138, 8);
UPDATE "TrackElement" SET "region" = 2915 WHERE "id" = 3138;
INSERT INTO "monitoredBy" VALUES (3138, 3134);
INSERT INTO "TrackElement" ("id") VALUES (3139);
INSERT INTO "Segment" ("id", "length") VALUES (3139, 711);
UPDATE "TrackElement" SET "region" = 2915 WHERE "id" = 3139;
INSERT INTO "monitoredBy" VALUES (3139, 3134);
INSERT INTO "Sensor" ("id") VALUES (3140);
UPDATE "Sensor" SET "region" = 2915 WHERE "id" = 3140;
INSERT INTO "monitoredBy" VALUES (3109, 3140);
INSERT INTO "requires" VALUES (2914, 3140);
INSERT INTO "TrackElement" ("id") VALUES (3141);
INSERT INTO "Segment" ("id", "length") VALUES (3141, 902);
UPDATE "TrackElement" SET "region" = 2915 WHERE "id" = 3141;
INSERT INTO "monitoredBy" VALUES (3141, 3140);
INSERT INTO "TrackElement" ("id") VALUES (3142);
INSERT INTO "Segment" ("id", "length") VALUES (3142, 832);
UPDATE "TrackElement" SET "region" = 2915 WHERE "id" = 3142;
INSERT INTO "monitoredBy" VALUES (3142, 3140);
INSERT INTO "TrackElement" ("id") VALUES (3143);
INSERT INTO "Segment" ("id", "length") VALUES (3143, 346);
UPDATE "TrackElement" SET "region" = 2915 WHERE "id" = 3143;
INSERT INTO "monitoredBy" VALUES (3143, 3140);
INSERT INTO "TrackElement" ("id") VALUES (3144);
INSERT INTO "Segment" ("id", "length") VALUES (3144, 50);
UPDATE "TrackElement" SET "region" = 2915 WHERE "id" = 3144;
INSERT INTO "monitoredBy" VALUES (3144, 3140);
INSERT INTO "TrackElement" ("id") VALUES (3145);
INSERT INTO "Segment" ("id", "length") VALUES (3145, 890);
UPDATE "TrackElement" SET "region" = 2915 WHERE "id" = 3145;
INSERT INTO "monitoredBy" VALUES (3145, 3140);
INSERT INTO "SwitchPosition" ("id", "position", "target") VALUES (3146, 0, 3109);
UPDATE "SwitchPosition" SET "route" = 2914 WHERE "id" = 3146;
INSERT INTO "connectsTo" VALUES (2916, 2918);
INSERT INTO "connectsTo" VALUES (2918, 2919);
INSERT INTO "connectsTo" VALUES (2919, 2920);
INSERT INTO "connectsTo" VALUES (2920, 2921);
INSERT INTO "connectsTo" VALUES (2921, 2922);
INSERT INTO "connectsTo" VALUES (2922, 2924);
INSERT INTO "connectsTo" VALUES (2924, 2925);
INSERT INTO "connectsTo" VALUES (2925, 2926);
INSERT INTO "connectsTo" VALUES (2926, 2927);
INSERT INTO "connectsTo" VALUES (2927, 2928);
INSERT INTO "connectsTo" VALUES (2928, 2930);
INSERT INTO "connectsTo" VALUES (2930, 2931);
INSERT INTO "connectsTo" VALUES (2931, 2932);
INSERT INTO "connectsTo" VALUES (2932, 2933);
INSERT INTO "connectsTo" VALUES (2933, 2934);
INSERT INTO "connectsTo" VALUES (2934, 2936);
INSERT INTO "connectsTo" VALUES (2936, 2937);
INSERT INTO "connectsTo" VALUES (2937, 2938);
INSERT INTO "connectsTo" VALUES (2938, 2939);
INSERT INTO "connectsTo" VALUES (2939, 2940);
INSERT INTO "connectsTo" VALUES (2940, 2942);
INSERT INTO "connectsTo" VALUES (2942, 2943);
INSERT INTO "connectsTo" VALUES (2943, 2944);
INSERT INTO "connectsTo" VALUES (2944, 2945);
INSERT INTO "connectsTo" VALUES (2945, 2946);
INSERT INTO "connectsTo" VALUES (2946, 2948);
INSERT INTO "connectsTo" VALUES (2948, 2949);
INSERT INTO "connectsTo" VALUES (2949, 2950);
INSERT INTO "connectsTo" VALUES (2950, 2951);
INSERT INTO "connectsTo" VALUES (2951, 2952);
INSERT INTO "connectsTo" VALUES (2952, 2954);
INSERT INTO "connectsTo" VALUES (2954, 2955);
INSERT INTO "connectsTo" VALUES (2955, 2956);
INSERT INTO "connectsTo" VALUES (2956, 2957);
INSERT INTO "connectsTo" VALUES (2957, 2958);
INSERT INTO "connectsTo" VALUES (2958, 2960);
INSERT INTO "connectsTo" VALUES (2960, 2961);
INSERT INTO "connectsTo" VALUES (2961, 2962);
INSERT INTO "connectsTo" VALUES (2962, 2963);
INSERT INTO "connectsTo" VALUES (2963, 2964);
INSERT INTO "connectsTo" VALUES (2964, 2966);
INSERT INTO "connectsTo" VALUES (2966, 2968);
INSERT INTO "connectsTo" VALUES (2968, 2969);
INSERT INTO "connectsTo" VALUES (2969, 2970);
INSERT INTO "connectsTo" VALUES (2970, 2971);
INSERT INTO "connectsTo" VALUES (2971, 2972);
INSERT INTO "connectsTo" VALUES (2972, 2974);
INSERT INTO "connectsTo" VALUES (2974, 2975);
INSERT INTO "connectsTo" VALUES (2975, 2976);
INSERT INTO "connectsTo" VALUES (2976, 2977);
INSERT INTO "connectsTo" VALUES (2977, 2978);
INSERT INTO "connectsTo" VALUES (2978, 2980);
INSERT INTO "connectsTo" VALUES (2980, 2981);
INSERT INTO "connectsTo" VALUES (2981, 2982);
INSERT INTO "connectsTo" VALUES (2982, 2983);
INSERT INTO "connectsTo" VALUES (2983, 2984);
INSERT INTO "connectsTo" VALUES (2984, 2986);
INSERT INTO "connectsTo" VALUES (2986, 2987);
INSERT INTO "connectsTo" VALUES (2987, 2988);
INSERT INTO "connectsTo" VALUES (2988, 2989);
INSERT INTO "connectsTo" VALUES (2989, 2990);
INSERT INTO "connectsTo" VALUES (2990, 2992);
INSERT INTO "connectsTo" VALUES (2992, 2993);
INSERT INTO "connectsTo" VALUES (2993, 2994);
INSERT INTO "connectsTo" VALUES (2994, 2995);
INSERT INTO "connectsTo" VALUES (2995, 2996);
INSERT INTO "connectsTo" VALUES (2996, 2998);
INSERT INTO "connectsTo" VALUES (2998, 2999);
INSERT INTO "connectsTo" VALUES (2999, 3000);
INSERT INTO "connectsTo" VALUES (3000, 3001);
INSERT INTO "connectsTo" VALUES (3001, 3002);
INSERT INTO "connectsTo" VALUES (3002, 3004);
INSERT INTO "connectsTo" VALUES (3004, 3005);
INSERT INTO "connectsTo" VALUES (3005, 3006);
INSERT INTO "connectsTo" VALUES (3006, 3007);
INSERT INTO "connectsTo" VALUES (3007, 3008);
INSERT INTO "connectsTo" VALUES (3008, 3010);
INSERT INTO "connectsTo" VALUES (3010, 3011);
INSERT INTO "connectsTo" VALUES (3011, 3012);
INSERT INTO "connectsTo" VALUES (3012, 3013);
INSERT INTO "connectsTo" VALUES (3013, 3014);
INSERT INTO "connectsTo" VALUES (3014, 3016);
INSERT INTO "connectsTo" VALUES (3016, 3018);
INSERT INTO "connectsTo" VALUES (3018, 3019);
INSERT INTO "connectsTo" VALUES (3019, 3020);
INSERT INTO "connectsTo" VALUES (3020, 3021);
INSERT INTO "connectsTo" VALUES (3021, 3022);
INSERT INTO "connectsTo" VALUES (3022, 3024);
INSERT INTO "connectsTo" VALUES (3024, 3025);
INSERT INTO "connectsTo" VALUES (3025, 3026);
INSERT INTO "connectsTo" VALUES (3026, 3027);
INSERT INTO "connectsTo" VALUES (3027, 3028);
INSERT INTO "connectsTo" VALUES (3028, 3030);
INSERT INTO "connectsTo" VALUES (3030, 3031);
INSERT INTO "connectsTo" VALUES (3031, 3032);
INSERT INTO "connectsTo" VALUES (3032, 3033);
INSERT INTO "connectsTo" VALUES (3033, 3034);
INSERT INTO "connectsTo" VALUES (3034, 3036);
INSERT INTO "connectsTo" VALUES (3036, 3038);
INSERT INTO "connectsTo" VALUES (3038, 3039);
INSERT INTO "connectsTo" VALUES (3039, 3040);
INSERT INTO "connectsTo" VALUES (3040, 3041);
INSERT INTO "connectsTo" VALUES (3041, 3042);
INSERT INTO "connectsTo" VALUES (3042, 3044);
INSERT INTO "connectsTo" VALUES (3044, 3045);
INSERT INTO "connectsTo" VALUES (3045, 3046);
INSERT INTO "connectsTo" VALUES (3046, 3047);
INSERT INTO "connectsTo" VALUES (3047, 3048);
INSERT INTO "connectsTo" VALUES (3048, 3050);
INSERT INTO "connectsTo" VALUES (3050, 3051);
INSERT INTO "connectsTo" VALUES (3051, 3052);
INSERT INTO "connectsTo" VALUES (3052, 3053);
INSERT INTO "connectsTo" VALUES (3053, 3054);
INSERT INTO "connectsTo" VALUES (3054, 3056);
INSERT INTO "connectsTo" VALUES (3056, 3058);
INSERT INTO "connectsTo" VALUES (3058, 3059);
INSERT INTO "connectsTo" VALUES (3059, 3060);
INSERT INTO "connectsTo" VALUES (3060, 3061);
INSERT INTO "connectsTo" VALUES (3061, 3062);
INSERT INTO "connectsTo" VALUES (3062, 3064);
INSERT INTO "connectsTo" VALUES (3064, 3065);
INSERT INTO "connectsTo" VALUES (3065, 3066);
INSERT INTO "connectsTo" VALUES (3066, 3067);
INSERT INTO "connectsTo" VALUES (3067, 3068);
INSERT INTO "connectsTo" VALUES (3068, 3070);
INSERT INTO "connectsTo" VALUES (3070, 3071);
INSERT INTO "connectsTo" VALUES (3071, 3072);
INSERT INTO "connectsTo" VALUES (3072, 3073);
INSERT INTO "connectsTo" VALUES (3073, 3074);
INSERT INTO "connectsTo" VALUES (3074, 3076);
INSERT INTO "connectsTo" VALUES (3076, 3077);
INSERT INTO "connectsTo" VALUES (3077, 3078);
INSERT INTO "connectsTo" VALUES (3078, 3079);
INSERT INTO "connectsTo" VALUES (3079, 3080);
INSERT INTO "connectsTo" VALUES (3080, 3082);
INSERT INTO "connectsTo" VALUES (3082, 3084);
INSERT INTO "connectsTo" VALUES (3084, 3085);
INSERT INTO "connectsTo" VALUES (3085, 3086);
INSERT INTO "connectsTo" VALUES (3086, 3087);
INSERT INTO "connectsTo" VALUES (3087, 3088);
INSERT INTO "connectsTo" VALUES (3088, 3090);
INSERT INTO "connectsTo" VALUES (3090, 3091);
INSERT INTO "connectsTo" VALUES (3091, 3092);
INSERT INTO "connectsTo" VALUES (3092, 3093);
INSERT INTO "connectsTo" VALUES (3093, 3094);
INSERT INTO "connectsTo" VALUES (3094, 3096);
INSERT INTO "connectsTo" VALUES (3096, 3097);
INSERT INTO "connectsTo" VALUES (3097, 3098);
INSERT INTO "connectsTo" VALUES (3098, 3099);
INSERT INTO "connectsTo" VALUES (3099, 3100);
INSERT INTO "connectsTo" VALUES (3100, 3102);
INSERT INTO "connectsTo" VALUES (3102, 3103);
INSERT INTO "connectsTo" VALUES (3103, 3104);
INSERT INTO "connectsTo" VALUES (3104, 3105);
INSERT INTO "connectsTo" VALUES (3105, 3106);
INSERT INTO "connectsTo" VALUES (3106, 3107);
INSERT INTO "connectsTo" VALUES (3107, 3109);
INSERT INTO "connectsTo" VALUES (3109, 3111);
INSERT INTO "connectsTo" VALUES (3111, 3112);
INSERT INTO "connectsTo" VALUES (3112, 3113);
INSERT INTO "connectsTo" VALUES (3113, 3114);
INSERT INTO "connectsTo" VALUES (3114, 3115);
INSERT INTO "connectsTo" VALUES (3115, 3117);
INSERT INTO "connectsTo" VALUES (3117, 3118);
INSERT INTO "connectsTo" VALUES (3118, 3119);
INSERT INTO "connectsTo" VALUES (3119, 3120);
INSERT INTO "connectsTo" VALUES (3120, 3121);
INSERT INTO "connectsTo" VALUES (3121, 3123);
INSERT INTO "connectsTo" VALUES (3123, 3124);
INSERT INTO "connectsTo" VALUES (3124, 3125);
INSERT INTO "connectsTo" VALUES (3125, 3126);
INSERT INTO "connectsTo" VALUES (3126, 3127);
INSERT INTO "connectsTo" VALUES (3127, 3129);
INSERT INTO "connectsTo" VALUES (3129, 3130);
INSERT INTO "connectsTo" VALUES (3130, 3131);
INSERT INTO "connectsTo" VALUES (3131, 3132);
INSERT INTO "connectsTo" VALUES (3132, 3133);
INSERT INTO "connectsTo" VALUES (3133, 3135);
INSERT INTO "connectsTo" VALUES (3135, 3136);
INSERT INTO "connectsTo" VALUES (3136, 3137);
INSERT INTO "connectsTo" VALUES (3137, 3138);
INSERT INTO "connectsTo" VALUES (3138, 3139);
INSERT INTO "connectsTo" VALUES (3139, 3141);
INSERT INTO "connectsTo" VALUES (3141, 3142);
INSERT INTO "connectsTo" VALUES (3142, 3143);
INSERT INTO "connectsTo" VALUES (3143, 3144);
INSERT INTO "connectsTo" VALUES (3144, 3145);
INSERT INTO "connectsTo" VALUES (2912, 2916);
INSERT INTO "connectsTo" VALUES (3145, 5);

COMMIT;
CREATE INDEX segment_length_idx ON "Segment" ("length");
CREATE INDEX route_active_idx ON "Route" ("active");
CREATE INDEX semaphore_signal_idx ON "Semaphore" ("signal");
CREATE INDEX monitoredBy_idx ON "monitoredBy" ("Sensor_id", "TrackElement_id");
CREATE INDEX connectsTo_idx1 ON "connectsTo" ("TrackElement1_id");
CREATE INDEX connectsTo_idx2 ON "connectsTo" ("TrackElement2_id");
