PRAGMA synchronous = OFF;
PRAGMA journal_mode = MEMORY;
BEGIN TRANSACTION;
CREATE TABLE `Region` (
  `id` integer NOT NULL PRIMARY KEY AUTOINCREMENT
);
INSERT INTO `Region` VALUES (4),(51),(493),(928),(1348),(1421),(1856),(2356),(2495),(2542);
CREATE TABLE `Route` (
  `id` integer NOT NULL PRIMARY KEY AUTOINCREMENT
,  `active` integer DEFAULT NULL
,  `entry` integer DEFAULT NULL
,  `exit` integer DEFAULT NULL
);
INSERT INTO `Route` VALUES (3,1,NULL,2),(50,1,2,49),(492,1,49,491),(927,1,491,926),(1347,1,926,1346),(1420,1,1346,1419),(1855,1,1419,1854),(2355,1,1854,2354),(2494,1,NULL,2493),(2541,1,2493,1);
CREATE TABLE `Segment` (
  `id` integer NOT NULL PRIMARY KEY AUTOINCREMENT
,  `length` integer NOT NULL DEFAULT '1'
);
INSERT INTO `Segment` VALUES (7,358),(8,461),(9,879),(10,829),(11,732),(13,-503),(14,294),(15,306),(16,597),(17,396),(19,730),(20,968),(21,197),(22,324),(23,645),(25,641),(26,639),(27,852),(28,931),(29,367),(31,711),(32,733),(33,449),(34,549),(35,567),(37,849),(38,345),(39,771),(40,387),(41,313),(43,26),(44,99),(45,853),(46,560),(47,190),(54,994),(55,715),(56,232),(57,901),(58,530),(60,800),(61,813),(62,975),(63,386),(64,220),(66,45),(67,85),(68,246),(69,246),(70,437),(74,488),(75,-557),(76,997),(77,494),(78,23),(80,711),(81,740),(82,242),(83,840),(84,284),(86,801),(87,386),(88,769),(89,-378),(90,230),(92,486),(93,921),(94,329),(95,703),(96,763),(98,547),(99,257),(100,488),(101,366),(102,638),(104,517),(105,-783),(106,566),(107,386),(108,462),(112,342),(113,986),(114,798),(115,480),(116,214),(118,772),(119,981),(120,-184),(121,324),(122,881),(124,521),(125,750),(126,250),(127,-577),(128,39),(130,894),(131,-949),(132,-716),(133,942),(134,547),(138,616),(139,870),(140,-342),(141,333),(142,923),(144,889),(145,465),(146,470),(147,343),(148,-769),(152,90),(153,52),(154,685),(155,404),(156,111),(158,514),(159,883),(160,270),(161,684),(162,156),(164,-733),(165,372),(166,917),(167,373),(168,507),(170,149),(171,773),(172,75),(173,565),(174,-881),(176,136),(177,640),(178,267),(179,94),(180,627),(182,519),(183,643),(184,207),(185,157),(186,620),(190,524),(191,82),(192,36),(193,263),(194,970),(196,683),(197,806),(198,777),(199,-544),(200,352),(202,611),(203,605),(204,386),(205,781),(206,83),(208,772),(209,817),(210,503),(211,847),(212,121),(214,195),(215,899),(216,373),(217,423),(218,450),(220,95),(221,522),(222,984),(223,460),(224,-689),(226,61),(227,917),(228,569),(229,971),(230,-591),(232,35),(233,718),(234,307),(235,161),(236,1000),(238,909),(239,750),(240,200),(241,79),(242,135),(246,432),(247,589),(248,533),(249,632),(250,469),(252,225),(253,966),(254,517),(255,778),(256,-465),(258,182),(259,972),(260,349),(261,695),(262,223),(264,282),(265,-981),(266,78),(267,229),(268,137),(272,50),(273,578),(274,596),(275,836),(276,120),(278,341),(279,654),(280,96),(281,-995),(282,809),(284,507),(285,83),(286,186),(287,-913),(288,303),(290,31),(291,100),(292,741),(293,-567),(294,881),(296,838),(297,215),(298,845),(299,573),(300,475),(302,723),(303,495),(304,123),(305,772),(306,769),(308,456),(309,148),(310,-920),(311,912),(312,-451),(314,30),(315,827),(316,998),(317,638),(318,669),(322,211),(323,773),(324,220),(325,431),(326,884),(327,625),(329,236),(330,994),(331,837),(332,479),(333,297),(335,283),(336,52),(337,694),(338,895),(339,140),(341,57),(342,-248),(343,-933),(344,-233),(345,326),(349,164),(350,764),(351,-228),(352,83),(353,102),(357,196),(358,675),(359,299),(360,824),(361,452),(363,-680),(364,-74),(365,169),(366,171),(367,26),(369,421),(370,188),(371,149),(372,413),(373,709),(377,718),(378,544),(379,287),(380,632),(381,252),(383,98),(384,107),(385,360),(386,499),(387,-985),(389,480),(390,148),(391,94),(392,299),(393,2),(395,-588),(396,613),(397,83),(398,-623),(399,605),(401,555),(402,368),(403,777),(404,906),(405,244),(409,287),(410,947),(411,106),(412,722),(413,262),(415,301),(416,836),(417,254),(418,422),(419,-144),(421,710),(422,576),(423,481),(424,638),(425,781),(427,409),(428,78),(429,34),(430,-508),(431,536),(433,-376),(434,68),(435,124),(436,629),(437,320),(439,697),(440,1000),(441,-825),(442,856),(443,835),(447,126),(448,620),(449,323),(450,333),(451,-797),(453,7),(454,887),(455,78),(456,30),(457,217),(459,298),(460,486),(461,942),(462,553),(463,-391),(465,843),(466,989),(467,724),(468,480),(469,333),(473,490),(474,-778),(475,931),(476,558),(477,220),(479,268),(480,280),(481,609),(482,-855),(483,400),(485,316),(486,9),(487,941),(488,134),(489,947),(496,773),(497,386),(498,340),(499,597),(500,995),(502,196),(503,953),(504,473),(505,514),(506,214),(508,972),(509,708),(510,669),(511,974),(512,44),(514,35),(515,383),(516,902),(517,578),(518,832),(520,154),(521,882),(522,579),(523,19),(524,-921),(526,-212),(527,566),(528,441),(529,823),(530,588),(532,-984),(533,986),(534,487),(535,461),(536,997),(538,723),(539,880),(540,375),(541,727),(542,77),(544,309),(545,383),(546,53),(547,-571),(548,447),(552,395),(553,950),(554,569),(555,452),(556,887),(558,702),(559,68),(560,634),(561,852),(562,364),(564,875),(565,989),(566,837),(567,-250),(568,147),(569,77),(571,-843),(572,835),(573,27),(574,149),(575,723),(577,348),(578,-204),(579,391),(580,564),(581,-169),(583,268),(584,468),(585,781),(586,82),(587,963),(589,668),(590,78),(591,573),(592,808),(593,631),(595,44),(596,700),(597,918),(598,648),(599,300),(603,-957),(604,633),(605,244),(606,891),(607,820),(609,871),(610,653),(611,319),(612,364),(613,923),(615,492),(616,727),(617,667),(618,753),(619,745),(621,205),(622,144),(623,770),(624,113),(625,575),(627,290),(628,349),(629,602),(630,248),(631,351),(633,192),(634,759),(635,180),(636,504),(637,471),(641,357),(642,604),(643,492),(644,37),(645,427),(647,881),(648,902),(649,47),(650,195),(651,735),(653,104),(654,763),(655,-97),(656,929),(657,710),(659,317),(660,813),(661,914),(662,258),(663,655),(665,511),(666,-9),(667,153),(668,444),(669,576),(671,324),(672,15),(673,309),(674,596),(675,584),(676,887),(678,380),(679,625),(680,883),(681,378),(682,805),(684,367),(685,576),(686,734),(687,720),(688,382),(692,970),(693,389),(694,237),(695,170),(696,-807),(698,704),(699,123),(700,460),(701,719),(702,738),(704,979),(705,354),(706,455),(707,272),(708,655),(710,793),(711,286),(712,25),(713,667),(714,921),(716,248),(717,390),(718,871),(719,387),(720,358),(722,556),(723,225),(724,957),(725,481),(726,14),(728,-541),(729,919),(730,383),(731,27),(732,795),(736,770),(737,934),(738,-746),(739,899),(740,15),(742,623),(743,711),(744,689),(745,56),(746,177),(748,302),(749,386),(750,514),(751,827),(752,88),(754,123),(755,131),(756,329),(757,959),(758,159),(760,-645),(761,164),(762,220),(763,395),(764,710),(768,8),(769,439),(770,739),(771,507),(772,620),(774,873),(775,448),(776,505),(777,-579),(778,322),(780,403),(781,568),(782,977),(783,772),(784,904),(786,824),(787,726),(788,733),(789,563),(790,355),(794,894),(795,262),(796,546),(797,395),(798,162),(800,528),(801,918),(802,153),(803,910),(804,997),(806,196),(807,151),(808,795),(809,166),(810,742),(812,663),(813,986),(814,889),(815,319),(816,89),(818,802),(819,335),(820,26),(821,779),(822,876),(824,665),(825,557),(826,199),(827,788),(828,437),(830,830),(831,179),(832,555),(833,608),(834,689),(836,540),(837,775),(838,430),(839,995),(840,899),(842,277),(843,-382),(844,200),(845,-504),(846,846),(850,811),(851,354),(852,-785),(853,222),(854,629),(858,445),(859,-732),(860,626),(861,180),(862,208),(864,793),(865,551),(866,852),(867,418),(868,631),(870,581),(871,929),(872,406),(873,491),(874,484),(876,34),(877,181),(878,356),(879,348),(880,913),(882,70),(883,950),(884,124),(885,361),(886,796),(888,260),(889,727),(890,688),(891,391),(892,-968),(894,829),(895,490),(896,45),(897,503),(898,529),(900,542),(901,145),(902,761),(903,52),(904,-936),(908,782),(909,-966),(910,687),(911,633),(912,783),(914,821),(915,44),(916,327),(917,12),(918,459),(920,3),(921,471),(922,682),(923,115),(924,-515),(931,678),(932,899),(933,893),(934,401),(935,197),(937,388),(938,246),(939,175),(940,446),(941,214),(943,541),(944,491),(945,555),(946,720),(947,681),(949,99),(950,175),(951,425),(952,186),(953,148),(955,-431),(956,646),(957,535),(958,-524),(959,84),(961,257),(962,26),(963,343),(964,881),(965,296),(967,-651),(968,323),(969,172),(970,756),(971,203),(973,597),(974,869),(975,13),(976,124),(977,477),(979,267),(980,771),(981,261),(982,132),(983,14),(987,-523),(988,674),(989,478),(990,86),(991,898),(993,301),(994,608),(995,123),(996,251),(997,-521),(999,282),(1000,548),(1001,129),(1002,-888),(1003,599),(1005,647),(1006,681),(1007,732),(1008,309),(1009,-181),(1011,734),(1012,-919),(1013,527),(1014,267),(1015,-937),(1017,589),(1018,963),(1019,77),(1020,74),(1021,147),(1025,-585),(1026,222),(1027,263),(1028,389),(1029,-692),(1033,7),(1034,536),(1035,502),(1036,791),(1037,688),(1039,371),(1040,344),(1041,787),(1042,33),(1043,874),(1045,547),(1046,857),(1047,-391),(1048,862),(1049,52),(1051,879),(1052,9),(1053,279),(1054,801),(1055,210),(1057,-265),(1058,618),(1059,961),(1060,731),(1061,601),(1063,183),(1064,433),(1065,35),(1066,996),(1067,428),(1069,508),(1070,564),(1071,178),(1072,181),(1073,924),(1077,-479),(1078,155),(1079,572),(1080,165),(1081,954),(1083,576),(1084,337),(1085,863),(1086,196),(1087,120),(1088,857),(1090,33),(1091,649),(1092,667),(1093,998),(1094,967),(1096,94),(1097,180),(1098,848),(1099,153),(1100,200),(1102,533),(1103,895),(1104,317),(1105,845),(1106,290),(1108,72),(1109,327),(1110,86),(1111,292),(1112,-318),(1114,728),(1115,634),(1116,281),(1117,843),(1118,304),(1122,68),(1123,2),(1124,686),(1125,560),(1126,684),(1127,721),(1129,140),(1130,-619),(1131,125),(1132,712),(1133,357),(1135,608),(1136,691),(1137,453),(1138,171),(1139,880),(1141,216),(1142,225),(1143,-364),(1144,631),(1145,467),(1149,424),(1150,836),(1151,314),(1152,287),(1153,679),(1155,27),(1156,57),(1157,702),(1158,770),(1159,305),(1161,515),(1162,749),(1163,-653),(1164,490),(1165,819),(1169,908),(1170,98),(1171,318),(1172,75),(1173,305),(1174,690),(1176,768),(1177,842),(1178,881),(1179,784),(1180,559),(1181,354),(1183,244),(1184,498),(1185,262),(1186,417),(1187,729),(1189,807),(1190,443),(1191,395),(1192,685),(1193,603),(1195,710),(1196,169),(1197,801),(1198,889),(1199,252),(1203,729),(1204,147),(1205,132),(1206,705),(1207,985),(1209,-535),(1210,185),(1211,355),(1212,249),(1213,437),(1215,390),(1216,298),(1217,263),(1218,699),(1219,881),(1221,670),(1222,718),(1223,749),(1224,-870),(1225,711),(1227,86),(1228,694),(1229,972),(1230,535),(1231,684),(1233,819),(1234,874),(1235,988),(1236,-390),(1237,560),(1241,653),(1242,619),(1243,812),(1244,495),(1245,381),(1247,576),(1248,912),(1249,-496),(1250,585),(1251,688),(1253,865),(1254,401),(1255,144),(1256,-149),(1257,995),(1259,417),(1260,634),(1261,561),(1262,473),(1263,309),(1265,209),(1266,302),(1267,41),(1268,386),(1269,957),(1271,954),(1272,154),(1273,300),(1274,665),(1275,71),(1277,-109),(1278,931),(1279,307),(1280,182),(1281,49),(1283,608),(1284,972),(1285,-699),(1286,-168),(1287,800),(1289,120),(1290,193),(1291,906),(1292,99),(1293,636),(1297,822),(1298,704),(1299,589),(1300,408),(1301,847),(1303,771),(1304,469),(1305,971),(1306,724),(1307,112),(1309,833),(1310,273),(1311,367),(1312,840),(1313,78),(1315,101),(1316,272),(1317,646),(1318,598),(1319,22),(1321,310),(1322,-933),(1323,818),(1324,484),(1325,102),(1326,-34),(1328,78),(1329,479),(1330,852),(1331,118),(1332,62),(1334,822),(1335,930),(1336,43),(1337,380),(1338,-852),(1340,162),(1341,622),(1342,820),(1343,831),(1344,172),(1351,481),(1352,-884),(1353,257),(1354,544),(1355,654),(1357,7),(1358,561),(1359,16),(1360,245),(1361,951),(1363,109),(1364,145),(1365,174),(1366,23),(1367,-211),(1369,76),(1370,761),(1371,254),(1372,186),(1373,580),(1375,759),(1376,84),(1377,10),(1378,816),(1379,-401),(1381,104),(1382,457),(1383,63),(1384,801),(1385,721),(1389,132),(1390,850),(1391,633),(1392,745),(1393,375),(1395,121),(1396,186),(1397,818),(1398,84),(1399,996),(1401,989),(1402,846),(1403,701),(1404,104),(1405,89),(1407,853),(1408,388),(1409,259),(1410,297),(1411,962),(1413,285),(1414,111),(1415,419),(1416,734),(1417,804),(1424,525),(1425,204),(1426,459),(1427,93),(1428,110),(1430,8),(1431,650),(1432,50),(1433,954),(1434,-351),(1436,949),(1437,65),(1438,708),(1439,731),(1440,563),(1444,823),(1445,9),(1446,368),(1447,922),(1448,-724),(1450,131),(1451,9),(1452,211),(1453,348),(1454,313),(1456,425),(1457,332),(1458,-545),(1459,262),(1460,908),(1462,-954),(1463,725),(1464,718),(1465,647),(1466,393),(1468,175),(1469,978),(1470,810),(1471,-334),(1472,716),(1474,913),(1475,879),(1476,89),(1477,768),(1478,521),(1480,763),(1481,456),(1482,-977),(1483,636),(1484,218),(1486,66),(1487,741),(1488,355),(1489,814),(1490,814),(1491,638),(1495,149),(1496,33),(1497,284),(1498,998),(1499,825),(1501,579),(1502,436),(1503,601),(1504,611),(1505,111),(1507,393),(1508,292),(1509,-591),(1510,850),(1511,880),(1515,947),(1516,185),(1517,424),(1518,321),(1519,778),(1521,133),(1522,973),(1523,420),(1524,283),(1525,314),(1527,-280),(1528,207),(1529,706),(1530,888),(1531,78),(1533,717),(1534,346),(1535,1000),(1536,138),(1537,-908),(1538,855),(1540,777),(1541,703),(1542,894),(1543,465),(1544,895),(1546,262),(1547,111),(1548,312),(1549,703),(1550,939),(1554,86),(1555,457),(1556,930),(1557,985),(1558,49),(1560,716),(1561,188),(1562,369),(1563,934),(1564,-484),(1566,742),(1567,-833),(1568,657),(1569,160),(1570,885),(1572,723),(1573,900),(1574,-703),(1575,114),(1576,957),(1578,700),(1579,963),(1580,331),(1581,390),(1582,45),(1586,109),(1587,226),(1588,407),(1589,914),(1590,817),(1592,532),(1593,43),(1594,-100),(1595,963),(1596,378),(1598,739),(1599,944),(1600,518),(1601,464),(1602,929),(1604,489),(1605,299),(1606,55),(1607,64),(1608,632),(1612,87),(1613,-810),(1614,108),(1615,390),(1616,734),(1618,757),(1619,753),(1620,999),(1621,-120),(1622,126),(1626,606),(1627,143),(1628,430),(1629,-375),(1630,254),(1632,511),(1633,552),(1634,84),(1635,15),(1636,998),(1638,782),(1639,843),(1640,621),(1641,815),(1642,153),(1644,144),(1645,404),(1646,620),(1647,933),(1648,261),(1650,-838),(1651,224),(1652,92),(1653,499),(1654,11),(1656,723),(1657,671),(1658,254),(1659,965),(1660,335),(1664,849),(1665,844),(1666,14),(1667,818),(1668,731),(1670,-76),(1671,78),(1672,118),(1673,275),(1674,966),(1676,442),(1677,779),(1678,288),(1679,328),(1680,361),(1682,-892),(1683,-208),(1684,951),(1685,35),(1686,236),(1688,512),(1689,27),(1690,490),(1691,-969),(1692,721),(1693,230),(1695,518),(1696,919),(1697,559),(1698,38),(1699,-689),(1701,450),(1702,991),(1703,434),(1704,952),(1705,548),(1707,483),(1708,343),(1709,445),(1710,-716),(1711,102),(1713,985),(1714,580),(1715,-350),(1716,63),(1717,992),(1721,-463),(1722,682),(1723,647),(1724,911),(1725,10),(1727,946),(1728,319),(1729,568),(1730,530),(1731,400),(1733,314),(1734,290),(1735,891),(1736,874),(1737,218),(1739,66),(1740,413),(1741,714),(1742,-874),(1743,-242),(1745,402),(1746,500),(1747,870),(1748,407),(1749,753),(1753,-326),(1754,655),(1755,188),(1756,451),(1757,845),(1761,978),(1762,384),(1763,417),(1764,760),(1765,62),(1767,-547),(1768,16),(1769,774),(1770,717),(1771,823),(1773,522),(1774,-751),(1775,992),(1776,798),(1777,171),(1779,929),(1780,227),(1781,993),(1782,541),(1783,159),(1785,168),(1786,838),(1787,566),(1788,882),(1789,959),(1791,94),(1792,997),(1793,1000),(1794,854),(1795,368),(1797,60),(1798,58),(1799,920),(1800,684),(1801,685),(1803,861),(1804,366),(1805,835),(1806,967),(1807,-378),(1809,683),(1810,64),(1811,986),(1812,585),(1813,606),(1817,305),(1818,381),(1819,189),(1820,772),(1821,-194),(1823,961),(1824,179),(1825,-320),(1826,-783),(1827,-891),(1829,779),(1830,275),(1831,29),(1832,255),(1833,105),(1835,322),(1836,225),(1837,975),(1838,-889),(1839,741),(1841,645),(1842,493),(1843,306),(1844,273),(1845,975),(1846,-243),(1848,659),(1849,349),(1850,561),(1851,563),(1852,861),(1859,958),(1860,608),(1861,799),(1862,624),(1863,-592),(1867,961),(1868,-888),(1869,141),(1870,608),(1871,469),(1873,459),(1874,545),(1875,103),(1876,869),(1877,757),(1879,13),(1880,914),(1881,798),(1882,728),(1883,62),(1885,323),(1886,784),(1887,667),(1888,564),(1889,142),(1891,287),(1892,436),(1893,521),(1894,672),(1895,521),(1897,654),(1898,371),(1899,569),(1900,728),(1901,29),(1902,297),(1904,9),(1905,637),(1906,194),(1907,401),(1908,800),(1910,-487),(1911,-47),(1912,-448),(1913,409),(1914,-595),(1918,742),(1919,290),(1920,524),(1921,898),(1922,224),(1924,184),(1925,843),(1926,757),(1927,-440),(1928,576),(1930,318),(1931,795),(1932,19),(1933,700),(1934,-297),(1936,37),(1937,738),(1938,241),(1939,458),(1940,-893),(1942,-780),(1943,530),(1944,574),(1945,591),(1946,137),(1948,936),(1949,721),(1950,445),(1951,212),(1952,915),(1956,715),(1957,332),(1958,200),(1959,972),(1960,200),(1962,5),(1963,246),(1964,-516),(1965,-272),(1966,18),(1968,319),(1969,628),(1970,-4),(1971,838),(1972,510),(1974,859),(1975,511),(1976,55),(1977,-129),(1978,358),(1982,965),(1983,494),(1984,829),(1985,866),(1986,-720),(1988,563),(1989,444),(1990,558),(1991,399),(1992,131),(1994,322),(1995,717),(1996,151),(1997,363),(1998,567),(2002,758),(2003,-850),(2004,486),(2005,464),(2006,462),(2008,319),(2009,-540),(2010,711),(2011,245),(2012,433),(2014,389),(2015,915),(2016,600),(2017,435),(2018,495),(2020,41),(2021,115),(2022,766),(2023,997),(2024,998),(2026,952),(2027,589),(2028,307),(2029,-370),(2030,65),(2032,420),(2033,722),(2034,-966),(2035,-287),(2036,807),(2038,320),(2039,580),(2040,425),(2041,810),(2042,612),(2046,163),(2047,285),(2048,832),(2049,-190),(2050,999),(2052,271),(2053,566),(2054,583),(2055,501),(2056,791),(2058,908),(2059,-525),(2060,872),(2061,-934),(2062,-81),(2064,72),(2065,166),(2066,179),(2067,38),(2068,284),(2070,755),(2071,690),(2072,401),(2073,-804),(2074,769),(2076,722),(2077,378),(2078,-643),(2079,-123),(2080,-127),(2082,322),(2083,-457),(2084,165),(2085,314),(2086,308),(2090,458),(2091,275),(2092,679),(2093,700),(2094,489),(2096,135),(2097,57),(2098,784),(2099,279),(2100,960),(2102,192),(2103,-73),(2104,679),(2105,426),(2106,694),(2108,80),(2109,388),(2110,937),(2111,799),(2112,33),(2114,296),(2115,724),(2116,751),(2117,911),(2118,527),(2122,355),(2123,430),(2124,929),(2125,514),(2126,499),(2128,929),(2129,806),(2130,426),(2131,-573),(2132,423),(2136,165),(2137,85),(2138,986),(2139,399),(2140,695),(2142,327),(2143,148),(2144,45),(2145,36),(2146,609),(2150,161),(2151,928),(2152,556),(2153,837),(2154,-72),(2156,364),(2157,678),(2158,460),(2159,232),(2160,438),(2164,691),(2165,923),(2166,548),(2167,474),(2168,296),(2170,59),(2171,788),(2172,-472),(2173,517),(2174,152),(2176,606),(2177,244),(2178,687),(2179,478),(2180,417),(2182,668),(2183,-811),(2184,45),(2185,856),(2186,754),(2188,-672),(2189,471),(2190,121),(2191,880),(2192,836),(2194,767),(2195,321),(2196,57),(2197,326),(2198,669),(2200,443),(2201,-238),(2202,912),(2203,-573),(2204,432),(2208,749),(2209,133),(2210,47),(2211,164),(2212,972),(2214,833),(2215,226),(2216,641),(2217,335),(2218,388),(2220,492),(2221,731),(2222,900),(2223,539),(2224,990),(2226,143),(2227,676),(2228,-401),(2229,-475),(2230,85),(2232,252),(2233,605),(2234,798),(2235,271),(2236,710),(2238,535),(2239,-408),(2240,39),(2241,186),(2242,803),(2246,502),(2247,206),(2248,555),(2249,262),(2250,527),(2252,827),(2253,98),(2254,924),(2255,651),(2256,317),(2258,591),(2259,251),(2260,935),(2261,906),(2262,766),(2264,456),(2265,366),(2266,-69),(2267,-63),(2268,24),(2272,196),(2273,830),(2274,954),(2275,-107),(2276,191),(2278,758),(2279,597),(2280,523),(2281,412),(2282,936),(2284,330),(2285,652),(2286,734),(2287,605),(2288,268),(2289,713),(2291,-925),(2292,295),(2293,625),(2294,763),(2295,457),(2297,-412),(2298,-345),(2299,598),(2300,708),(2301,430),(2302,860),(2304,841),(2305,376),(2306,185),(2307,632),(2308,757),(2310,34),(2311,885),(2312,125),(2313,728),(2314,574),(2316,778),(2317,792),(2318,759),(2319,-265),(2320,433),(2322,25),(2323,611),(2324,518),(2325,601),(2326,323),(2330,343),(2331,768),(2332,406),(2333,-930),(2334,502),(2336,990),(2337,175),(2338,230),(2339,614),(2340,-34),(2342,298),(2343,-886),(2344,820),(2345,696),(2346,-835),(2348,-667),(2349,27),(2350,31),(2351,894),(2352,-512),(2359,664),(2360,940),(2361,7),(2362,-891),(2363,-395),(2365,894),(2366,139),(2367,549),(2368,892),(2369,924),(2371,852),(2372,777),(2373,446),(2374,-677),(2375,-177),(2377,746),(2378,15),(2379,459),(2380,114),(2381,657),(2383,966),(2384,206),(2385,10),(2386,341),(2387,901),(2391,78),(2392,-965),(2393,954),(2394,534),(2395,222),(2397,121),(2398,72),(2399,76),(2400,767),(2401,589),(2403,85),(2404,669),(2405,557),(2406,621),(2407,322),(2409,216),(2410,467),(2411,82),(2412,-917),(2413,514),(2415,463),(2416,181),(2417,721),(2418,141),(2419,489),(2421,772),(2422,700),(2423,-454),(2424,773),(2425,121),(2427,30),(2428,647),(2429,152),(2430,724),(2431,155),(2435,121),(2436,33),(2437,857),(2438,387),(2439,20),(2441,289),(2442,327),(2443,266),(2444,665),(2445,279),(2447,948),(2448,25),(2449,724),(2450,994),(2451,323),(2453,886),(2454,882),(2455,-389),(2456,95),(2457,94),(2461,229),(2462,224),(2463,527),(2464,699),(2465,126),(2469,238),(2470,850),(2471,808),(2472,254),(2473,566),(2475,516),(2476,364),(2477,230),(2478,596),(2479,463),(2481,799),(2482,194),(2483,55),(2484,678),(2485,69),(2487,594),(2488,902),(2489,939),(2490,606),(2491,346),(2498,959),(2499,659),(2500,934),(2501,599),(2502,258),(2504,544),(2505,913),(2506,606),(2507,700),(2508,93),(2510,288),(2511,67),(2512,510),(2513,28),(2514,524),(2515,922),(2517,648),(2518,-450),(2519,115),(2520,635),(2521,94),(2523,457),(2524,88),(2525,194),(2526,431),(2527,339),(2529,726),(2530,781),(2531,747),(2532,-888),(2533,452),(2535,196),(2536,278),(2537,719),(2538,-435),(2539,861),(2545,324),(2546,752),(2547,193),(2548,-942),(2549,411),(2551,13),(2552,773),(2553,801),(2554,-555),(2555,257),(2557,116),(2558,-826),(2559,143),(2560,572),(2561,628),(2563,-993),(2564,609),(2565,873),(2566,197),(2567,178),(2569,121),(2570,115),(2571,-428),(2572,333),(2573,712),(2575,474),(2576,143),(2577,200),(2578,314),(2579,237),(2583,896),(2584,873),(2585,753),(2586,451),(2587,247),(2589,278),(2590,259),(2591,741),(2592,170),(2593,949),(2595,237),(2596,877),(2597,852),(2598,765),(2599,458),(2601,-139),(2602,-283),(2603,54),(2604,291),(2605,844),(2607,346),(2608,557),(2609,174),(2610,778),(2611,764),(2613,922),(2614,498),(2615,353),(2616,953),(2617,923),(2619,738),(2620,376),(2621,705),(2622,544),(2623,493),(2625,676),(2626,875),(2627,200),(2628,997),(2629,781),(2633,578),(2634,954),(2635,225),(2636,812),(2637,627),(2639,298),(2640,868),(2641,514),(2642,630),(2643,530),(2645,-436),(2646,559),(2647,-719),(2648,547),(2649,966),(2651,372),(2652,68),(2653,575),(2654,828),(2655,402),(2657,-275),(2658,304),(2659,452),(2660,744),(2661,950),(2663,932),(2664,481),(2665,33),(2666,547),(2667,490),(2669,473),(2670,735),(2671,726),(2672,506),(2673,-229),(2675,948),(2676,958),(2677,532),(2678,92),(2679,492),(2681,709),(2682,412),(2683,-288),(2684,967),(2685,404);
CREATE TABLE `Semaphore` (
  `id` integer NOT NULL PRIMARY KEY AUTOINCREMENT
,  `segment` integer NOT NULL
,  `signal` integer NOT NULL
);
INSERT INTO `Semaphore` VALUES (1,2545,2),(2,7,2),(49,54,2),(491,496,2),(926,931,2),(1346,1351,2),(1419,1424,2),(1854,1859,2),(2354,2359,2),(2493,2498,2);
CREATE TABLE `Sensor` (
  `id` integer NOT NULL PRIMARY KEY AUTOINCREMENT
,  `route` integer DEFAULT NULL
,  `region` integer NOT NULL
);
INSERT INTO `Sensor` VALUES (6,NULL,4),(12,3,4),(18,NULL,4),(24,NULL,4),(30,3,4),(36,3,4),(42,NULL,4),(53,50,51),(59,50,51),(65,50,51),(73,50,51),(79,50,51),(85,50,51),(91,NULL,51),(97,50,51),(103,NULL,51),(111,50,51),(117,NULL,51),(123,50,51),(129,50,51),(137,NULL,51),(143,50,51),(151,50,51),(157,NULL,51),(163,50,51),(169,50,51),(175,NULL,51),(181,50,51),(189,50,51),(195,50,51),(201,NULL,51),(207,50,51),(213,50,51),(219,50,51),(225,50,51),(231,50,51),(237,50,51),(245,50,51),(251,50,51),(257,50,51),(263,50,51),(271,50,51),(277,50,51),(283,50,51),(289,50,51),(295,NULL,51),(301,50,51),(307,50,51),(313,NULL,51),(321,50,51),(328,NULL,51),(334,NULL,51),(340,50,51),(348,50,51),(356,NULL,51),(362,NULL,51),(368,50,51),(376,50,51),(382,NULL,51),(388,50,51),(394,NULL,51),(400,NULL,51),(408,NULL,51),(414,NULL,51),(420,50,51),(426,50,51),(432,NULL,51),(438,50,51),(446,50,51),(452,NULL,51),(458,50,51),(464,50,51),(472,50,51),(478,NULL,51),(484,50,51),(495,NULL,493),(501,492,493),(507,492,493),(513,NULL,493),(519,492,493),(525,492,493),(531,NULL,493),(537,NULL,493),(543,492,493),(551,492,493),(557,492,493),(563,492,493),(570,NULL,493),(576,492,493),(582,492,493),(588,492,493),(594,492,493),(602,492,493),(608,NULL,493),(614,492,493),(620,NULL,493),(626,492,493),(632,492,493),(640,492,493),(646,NULL,493),(652,NULL,493),(658,492,493),(664,NULL,493),(670,NULL,493),(677,492,493),(683,492,493),(691,492,493),(697,492,493),(703,NULL,493),(709,NULL,493),(715,492,493),(721,492,493),(727,492,493),(735,NULL,493),(741,NULL,493),(747,492,493),(753,492,493),(759,492,493),(767,NULL,493),(773,492,493),(779,492,493),(785,492,493),(793,492,493),(799,492,493),(805,492,493),(811,492,493),(817,492,493),(823,492,493),(829,492,493),(835,492,493),(841,492,493),(849,492,493),(857,492,493),(863,492,493),(869,492,493),(875,NULL,493),(881,492,493),(887,492,493),(893,492,493),(899,NULL,493),(907,492,493),(913,492,493),(919,492,493),(930,927,928),(936,NULL,928),(942,NULL,928),(948,927,928),(954,927,928),(960,NULL,928),(966,927,928),(972,927,928),(978,927,928),(986,927,928),(992,927,928),(998,927,928),(1004,927,928),(1010,927,928),(1016,927,928),(1024,927,928),(1032,NULL,928),(1038,927,928),(1044,927,928),(1050,927,928),(1056,927,928),(1062,NULL,928),(1068,NULL,928),(1076,NULL,928),(1082,927,928),(1089,NULL,928),(1095,927,928),(1101,927,928),(1107,NULL,928),(1113,927,928),(1121,927,928),(1128,NULL,928),(1134,927,928),(1140,NULL,928),(1148,NULL,928),(1154,NULL,928),(1160,927,928),(1168,927,928),(1175,NULL,928),(1182,NULL,928),(1188,NULL,928),(1194,927,928),(1202,927,928),(1208,927,928),(1214,NULL,928),(1220,927,928),(1226,NULL,928),(1232,927,928),(1240,927,928),(1246,NULL,928),(1252,NULL,928),(1258,927,928),(1264,927,928),(1270,927,928),(1276,927,928),(1282,NULL,928),(1288,927,928),(1296,NULL,928),(1302,927,928),(1308,927,928),(1314,927,928),(1320,927,928),(1327,NULL,928),(1333,927,928),(1339,NULL,928),(1350,1347,1348),(1356,1347,1348),(1362,1347,1348),(1368,1347,1348),(1374,1347,1348),(1380,NULL,1348),(1388,1347,1348),(1394,NULL,1348),(1400,1347,1348),(1406,NULL,1348),(1412,1347,1348),(1423,NULL,1421),(1429,1420,1421),(1435,1420,1421),(1443,NULL,1421),(1449,1420,1421),(1455,1420,1421),(1461,1420,1421),(1467,1420,1421),(1473,NULL,1421),(1479,NULL,1421),(1485,1420,1421),(1494,1420,1421),(1500,1420,1421),(1506,1420,1421),(1514,1420,1421),(1520,NULL,1421),(1526,1420,1421),(1532,1420,1421),(1539,1420,1421),(1545,1420,1421),(1553,1420,1421),(1559,1420,1421),(1565,NULL,1421),(1571,1420,1421),(1577,1420,1421),(1585,NULL,1421),(1591,1420,1421),(1597,1420,1421),(1603,1420,1421),(1611,1420,1421),(1617,1420,1421),(1625,1420,1421),(1631,1420,1421),(1637,NULL,1421),(1643,1420,1421),(1649,1420,1421),(1655,1420,1421),(1663,NULL,1421),(1669,1420,1421),(1675,1420,1421),(1681,1420,1421),(1687,1420,1421),(1694,NULL,1421),(1700,1420,1421),(1706,1420,1421),(1712,NULL,1421),(1720,1420,1421),(1726,1420,1421),(1732,NULL,1421),(1738,1420,1421),(1744,1420,1421),(1752,NULL,1421),(1760,1420,1421),(1766,1420,1421),(1772,NULL,1421),(1778,1420,1421),(1784,NULL,1421),(1790,1420,1421),(1796,1420,1421),(1802,1420,1421),(1808,1420,1421),(1816,1420,1421),(1822,1420,1421),(1828,1420,1421),(1834,NULL,1421),(1840,1420,1421),(1847,NULL,1421),(1858,1855,1856),(1866,1855,1856),(1872,NULL,1856),(1878,1855,1856),(1884,1855,1856),(1890,1855,1856),(1896,1855,1856),(1903,NULL,1856),(1909,1855,1856),(1917,1855,1856),(1923,NULL,1856),(1929,NULL,1856),(1935,1855,1856),(1941,NULL,1856),(1947,1855,1856),(1955,1855,1856),(1961,1855,1856),(1967,1855,1856),(1973,NULL,1856),(1981,1855,1856),(1987,NULL,1856),(1993,1855,1856),(2001,1855,1856),(2007,1855,1856),(2013,1855,1856),(2019,1855,1856),(2025,1855,1856),(2031,1855,1856),(2037,NULL,1856),(2045,1855,1856),(2051,1855,1856),(2057,NULL,1856),(2063,1855,1856),(2069,1855,1856),(2075,1855,1856),(2081,1855,1856),(2089,1855,1856),(2095,1855,1856),(2101,1855,1856),(2107,NULL,1856),(2113,1855,1856),(2121,1855,1856),(2127,1855,1856),(2135,NULL,1856),(2141,1855,1856),(2149,1855,1856),(2155,1855,1856),(2163,NULL,1856),(2169,1855,1856),(2175,NULL,1856),(2181,1855,1856),(2187,1855,1856),(2193,1855,1856),(2199,1855,1856),(2207,NULL,1856),(2213,NULL,1856),(2219,NULL,1856),(2225,1855,1856),(2231,NULL,1856),(2237,1855,1856),(2245,NULL,1856),(2251,1855,1856),(2257,1855,1856),(2263,1855,1856),(2271,NULL,1856),(2277,1855,1856),(2283,1855,1856),(2290,NULL,1856),(2296,1855,1856),(2303,1855,1856),(2309,1855,1856),(2315,NULL,1856),(2321,1855,1856),(2329,1855,1856),(2335,NULL,1856),(2341,1855,1856),(2347,1855,1856),(2358,NULL,2356),(2364,2355,2356),(2370,2355,2356),(2376,2355,2356),(2382,2355,2356),(2390,NULL,2356),(2396,2355,2356),(2402,2355,2356),(2408,2355,2356),(2414,NULL,2356),(2420,2355,2356),(2426,2355,2356),(2434,2355,2356),(2440,2355,2356),(2446,2355,2356),(2452,2355,2356),(2460,NULL,2356),(2468,2355,2356),(2474,2355,2356),(2480,2355,2356),(2486,2355,2356),(2497,NULL,2495),(2503,2494,2495),(2509,2494,2495),(2516,2494,2495),(2522,2494,2495),(2528,2494,2495),(2534,2494,2495),(2544,2541,2542),(2550,2541,2542),(2556,2541,2542),(2562,2541,2542),(2568,2541,2542),(2574,2541,2542),(2582,NULL,2542),(2588,NULL,2542),(2594,NULL,2542),(2600,2541,2542),(2606,NULL,2542),(2612,2541,2542),(2618,2541,2542),(2624,2541,2542),(2632,2541,2542),(2638,2541,2542),(2644,2541,2542),(2650,2541,2542),(2656,2541,2542),(2662,2541,2542),(2668,NULL,2542),(2674,2541,2542),(2680,NULL,2542);
CREATE TABLE `Switch` (
  `id` integer NOT NULL PRIMARY KEY AUTOINCREMENT
,  `currentPosition` integer NOT NULL
);
INSERT INTO `Switch` VALUES (5,1),(52,1),(72,1),(110,1),(136,1),(150,0),(188,0),(244,0),(270,0),(320,1),(347,1),(355,2),(375,0),(407,1),(445,0),(471,1),(494,2),(550,1),(601,0),(639,2),(690,0),(734,0),(766,1),(792,0),(848,2),(856,1),(906,2),(929,2),(985,0),(1023,0),(1031,1),(1075,1),(1120,0),(1147,2),(1167,2),(1201,0),(1239,1),(1295,0),(1349,0),(1387,2),(1422,0),(1442,0),(1493,2),(1513,1),(1552,0),(1584,0),(1610,0),(1624,0),(1662,2),(1719,1),(1751,1),(1759,1),(1815,1),(1857,2),(1865,1),(1916,1),(1954,0),(1980,0),(2000,1),(2044,0),(2088,2),(2120,1),(2134,2),(2148,1),(2162,0),(2206,1),(2244,1),(2270,2),(2328,0),(2357,2),(2389,1),(2433,2),(2459,2),(2467,2),(2496,0),(2543,0),(2581,2),(2631,1);
CREATE TABLE `SwitchPosition` (
  `id` integer NOT NULL PRIMARY KEY AUTOINCREMENT
,  `route` integer DEFAULT NULL
,  `target` integer DEFAULT NULL
,  `position` integer NOT NULL
);
INSERT INTO `SwitchPosition` VALUES (48,3,5,1),(71,50,52,1),(109,50,72,1),(135,50,110,1),(149,50,136,1),(187,50,150,0),(243,50,188,0),(269,50,244,0),(319,50,270,0),(346,50,320,1),(354,50,347,1),(374,50,355,2),(406,50,375,0),(444,50,407,1),(470,50,445,0),(490,50,471,1),(549,492,494,2),(600,492,550,1),(638,492,601,0),(689,492,639,2),(733,492,690,2),(765,492,734,0),(791,492,766,1),(847,492,792,0),(855,492,848,2),(905,492,856,1),(925,492,906,2),(984,927,929,2),(1022,927,985,2),(1030,927,1023,0),(1074,927,1031,1),(1119,927,1075,1),(1146,927,1120,2),(1166,927,1147,0),(1200,927,1167,0),(1238,927,1201,0),(1294,927,1239,1),(1345,927,1295,0),(1386,1347,1349,0),(1418,1347,1387,2),(1441,1420,1422,0),(1492,1420,1442,0),(1512,1420,1493,2),(1551,1420,1513,1),(1583,1420,1552,0),(1609,1420,1584,0),(1623,1420,1610,0),(1661,1420,1624,0),(1718,1420,1662,2),(1750,1420,1719,1),(1758,1420,1751,1),(1814,1420,1759,1),(1853,1420,1815,1),(1864,1855,1857,0),(1915,1855,1865,1),(1953,1855,1916,1),(1979,1855,1954,2),(1999,1855,1980,0),(2043,1855,2000,1),(2087,1855,2044,0),(2119,1855,2088,0),(2133,1855,2120,1),(2147,1855,2134,2),(2161,1855,2148,1),(2205,1855,2162,0),(2243,1855,2206,1),(2269,1855,2244,1),(2327,1855,2270,2),(2353,1855,2328,0),(2388,2355,2357,2),(2432,2355,2389,1),(2458,2355,2433,2),(2466,2355,2459,2),(2492,2355,2467,2),(2540,2494,2496,0),(2580,2541,2543,0),(2630,2541,2581,2),(2686,2541,2631,1);
CREATE TABLE `TrackElement` (
  `id` integer NOT NULL PRIMARY KEY AUTOINCREMENT
,  `region` integer NOT NULL
);
INSERT INTO `TrackElement` VALUES (5,4),(7,4),(8,4),(9,4),(10,4),(11,4),(13,4),(14,4),(15,4),(16,4),(17,4),(19,4),(20,4),(21,4),(22,4),(23,4),(25,4),(26,4),(27,4),(28,4),(29,4),(31,4),(32,4),(33,4),(34,4),(35,4),(37,4),(38,4),(39,4),(40,4),(41,4),(43,4),(44,4),(45,4),(46,4),(47,4),(52,51),(54,51),(55,51),(56,51),(57,51),(58,51),(60,51),(61,51),(62,51),(63,51),(64,51),(66,51),(67,51),(68,51),(69,51),(70,51),(72,51),(74,51),(75,51),(76,51),(77,51),(78,51),(80,51),(81,51),(82,51),(83,51),(84,51),(86,51),(87,51),(88,51),(89,51),(90,51),(92,51),(93,51),(94,51),(95,51),(96,51),(98,51),(99,51),(100,51),(101,51),(102,51),(104,51),(105,51),(106,51),(107,51),(108,51),(110,51),(112,51),(113,51),(114,51),(115,51),(116,51),(118,51),(119,51),(120,51),(121,51),(122,51),(124,51),(125,51),(126,51),(127,51),(128,51),(130,51),(131,51),(132,51),(133,51),(134,51),(136,51),(138,51),(139,51),(140,51),(141,51),(142,51),(144,51),(145,51),(146,51),(147,51),(148,51),(150,51),(152,51),(153,51),(154,51),(155,51),(156,51),(158,51),(159,51),(160,51),(161,51),(162,51),(164,51),(165,51),(166,51),(167,51),(168,51),(170,51),(171,51),(172,51),(173,51),(174,51),(176,51),(177,51),(178,51),(179,51),(180,51),(182,51),(183,51),(184,51),(185,51),(186,51),(188,51),(190,51),(191,51),(192,51),(193,51),(194,51),(196,51),(197,51),(198,51),(199,51),(200,51),(202,51),(203,51),(204,51),(205,51),(206,51),(208,51),(209,51),(210,51),(211,51),(212,51),(214,51),(215,51),(216,51),(217,51),(218,51),(220,51),(221,51),(222,51),(223,51),(224,51),(226,51),(227,51),(228,51),(229,51),(230,51),(232,51),(233,51),(234,51),(235,51),(236,51),(238,51),(239,51),(240,51),(241,51),(242,51),(244,51),(246,51),(247,51),(248,51),(249,51),(250,51),(252,51),(253,51),(254,51),(255,51),(256,51),(258,51),(259,51),(260,51),(261,51),(262,51),(264,51),(265,51),(266,51),(267,51),(268,51),(270,51),(272,51),(273,51),(274,51),(275,51),(276,51),(278,51),(279,51),(280,51),(281,51),(282,51),(284,51),(285,51),(286,51),(287,51),(288,51),(290,51),(291,51),(292,51),(293,51),(294,51),(296,51),(297,51),(298,51),(299,51),(300,51),(302,51),(303,51),(304,51),(305,51),(306,51),(308,51),(309,51),(310,51),(311,51),(312,51),(314,51),(315,51),(316,51),(317,51),(318,51),(320,51),(322,51),(323,51),(324,51),(325,51),(326,51),(327,51),(329,51),(330,51),(331,51),(332,51),(333,51),(335,51),(336,51),(337,51),(338,51),(339,51),(341,51),(342,51),(343,51),(344,51),(345,51),(347,51),(349,51),(350,51),(351,51),(352,51),(353,51),(355,51),(357,51),(358,51),(359,51),(360,51),(361,51),(363,51),(364,51),(365,51),(366,51),(367,51),(369,51),(370,51),(371,51),(372,51),(373,51),(375,51),(377,51),(378,51),(379,51),(380,51),(381,51),(383,51),(384,51),(385,51),(386,51),(387,51),(389,51),(390,51),(391,51),(392,51),(393,51),(395,51),(396,51),(397,51),(398,51),(399,51),(401,51),(402,51),(403,51),(404,51),(405,51),(407,51),(409,51),(410,51),(411,51),(412,51),(413,51),(415,51),(416,51),(417,51),(418,51),(419,51),(421,51),(422,51),(423,51),(424,51),(425,51),(427,51),(428,51),(429,51),(430,51),(431,51),(433,51),(434,51),(435,51),(436,51),(437,51),(439,51),(440,51),(441,51),(442,51),(443,51),(445,51),(447,51),(448,51),(449,51),(450,51),(451,51),(453,51),(454,51),(455,51),(456,51),(457,51),(459,51),(460,51),(461,51),(462,51),(463,51),(465,51),(466,51),(467,51),(468,51),(469,51),(471,51),(473,51),(474,51),(475,51),(476,51),(477,51),(479,51),(480,51),(481,51),(482,51),(483,51),(485,51),(486,51),(487,51),(488,51),(489,51),(494,493),(496,493),(497,493),(498,493),(499,493),(500,493),(502,493),(503,493),(504,493),(505,493),(506,493),(508,493),(509,493),(510,493),(511,493),(512,493),(514,493),(515,493),(516,493),(517,493),(518,493),(520,493),(521,493),(522,493),(523,493),(524,493),(526,493),(527,493),(528,493),(529,493),(530,493),(532,493),(533,493),(534,493),(535,493),(536,493),(538,493),(539,493),(540,493),(541,493),(542,493),(544,493),(545,493),(546,493),(547,493),(548,493),(550,493),(552,493),(553,493),(554,493),(555,493),(556,493),(558,493),(559,493),(560,493),(561,493),(562,493),(564,493),(565,493),(566,493),(567,493),(568,493),(569,493),(571,493),(572,493),(573,493),(574,493),(575,493),(577,493),(578,493),(579,493),(580,493),(581,493),(583,493),(584,493),(585,493),(586,493),(587,493),(589,493),(590,493),(591,493),(592,493),(593,493),(595,493),(596,493),(597,493),(598,493),(599,493),(601,493),(603,493),(604,493),(605,493),(606,493),(607,493),(609,493),(610,493),(611,493),(612,493),(613,493),(615,493),(616,493),(617,493),(618,493),(619,493),(621,493),(622,493),(623,493),(624,493),(625,493),(627,493),(628,493),(629,493),(630,493),(631,493),(633,493),(634,493),(635,493),(636,493),(637,493),(639,493),(641,493),(642,493),(643,493),(644,493),(645,493),(647,493),(648,493),(649,493),(650,493),(651,493),(653,493),(654,493),(655,493),(656,493),(657,493),(659,493),(660,493),(661,493),(662,493),(663,493),(665,493),(666,493),(667,493),(668,493),(669,493),(671,493),(672,493),(673,493),(674,493),(675,493),(676,493),(678,493),(679,493),(680,493),(681,493),(682,493),(684,493),(685,493),(686,493),(687,493),(688,493),(690,493),(692,493),(693,493),(694,493),(695,493),(696,493),(698,493),(699,493),(700,493),(701,493),(702,493),(704,493),(705,493),(706,493),(707,493),(708,493),(710,493),(711,493),(712,493),(713,493),(714,493),(716,493),(717,493),(718,493),(719,493),(720,493),(722,493),(723,493),(724,493),(725,493),(726,493),(728,493),(729,493),(730,493),(731,493),(732,493),(734,493),(736,493),(737,493),(738,493),(739,493),(740,493),(742,493),(743,493),(744,493),(745,493),(746,493),(748,493),(749,493),(750,493),(751,493),(752,493),(754,493),(755,493),(756,493),(757,493),(758,493),(760,493),(761,493),(762,493),(763,493),(764,493),(766,493),(768,493),(769,493),(770,493),(771,493),(772,493),(774,493),(775,493),(776,493),(777,493),(778,493),(780,493),(781,493),(782,493),(783,493),(784,493),(786,493),(787,493),(788,493),(789,493),(790,493),(792,493),(794,493),(795,493),(796,493),(797,493),(798,493),(800,493),(801,493),(802,493),(803,493),(804,493),(806,493),(807,493),(808,493),(809,493),(810,493),(812,493),(813,493),(814,493),(815,493),(816,493),(818,493),(819,493),(820,493),(821,493),(822,493),(824,493),(825,493),(826,493),(827,493),(828,493),(830,493),(831,493),(832,493),(833,493),(834,493),(836,493),(837,493),(838,493),(839,493),(840,493),(842,493),(843,493),(844,493),(845,493),(846,493),(848,493),(850,493),(851,493),(852,493),(853,493),(854,493),(856,493),(858,493),(859,493),(860,493),(861,493),(862,493),(864,493),(865,493),(866,493),(867,493),(868,493),(870,493),(871,493),(872,493),(873,493),(874,493),(876,493),(877,493),(878,493),(879,493),(880,493),(882,493),(883,493),(884,493),(885,493),(886,493),(888,493),(889,493),(890,493),(891,493),(892,493),(894,493),(895,493),(896,493),(897,493),(898,493),(900,493),(901,493),(902,493),(903,493),(904,493),(906,493),(908,493),(909,493),(910,493),(911,493),(912,493),(914,493),(915,493),(916,493),(917,493),(918,493),(920,493),(921,493),(922,493),(923,493),(924,493),(929,928),(931,928),(932,928),(933,928),(934,928),(935,928),(937,928),(938,928),(939,928),(940,928),(941,928),(943,928),(944,928),(945,928),(946,928),(947,928),(949,928),(950,928),(951,928),(952,928),(953,928),(955,928),(956,928),(957,928),(958,928),(959,928),(961,928),(962,928),(963,928),(964,928),(965,928),(967,928),(968,928),(969,928),(970,928),(971,928),(973,928),(974,928),(975,928),(976,928),(977,928),(979,928),(980,928),(981,928),(982,928),(983,928),(985,928),(987,928),(988,928),(989,928),(990,928),(991,928),(993,928),(994,928),(995,928),(996,928),(997,928),(999,928),(1000,928),(1001,928),(1002,928),(1003,928),(1005,928),(1006,928),(1007,928),(1008,928),(1009,928),(1011,928),(1012,928),(1013,928),(1014,928),(1015,928),(1017,928),(1018,928),(1019,928),(1020,928),(1021,928),(1023,928),(1025,928),(1026,928),(1027,928),(1028,928),(1029,928),(1031,928),(1033,928),(1034,928),(1035,928),(1036,928),(1037,928),(1039,928),(1040,928),(1041,928),(1042,928),(1043,928),(1045,928),(1046,928),(1047,928),(1048,928),(1049,928),(1051,928),(1052,928),(1053,928),(1054,928),(1055,928),(1057,928),(1058,928),(1059,928),(1060,928),(1061,928),(1063,928),(1064,928),(1065,928),(1066,928),(1067,928),(1069,928),(1070,928),(1071,928),(1072,928),(1073,928),(1075,928),(1077,928),(1078,928),(1079,928),(1080,928),(1081,928),(1083,928),(1084,928),(1085,928),(1086,928),(1087,928),(1088,928),(1090,928),(1091,928),(1092,928),(1093,928),(1094,928),(1096,928),(1097,928),(1098,928),(1099,928),(1100,928),(1102,928),(1103,928),(1104,928),(1105,928),(1106,928),(1108,928),(1109,928),(1110,928),(1111,928),(1112,928),(1114,928),(1115,928),(1116,928),(1117,928),(1118,928),(1120,928),(1122,928),(1123,928),(1124,928),(1125,928),(1126,928),(1127,928),(1129,928),(1130,928),(1131,928),(1132,928),(1133,928),(1135,928),(1136,928),(1137,928),(1138,928),(1139,928),(1141,928),(1142,928),(1143,928),(1144,928),(1145,928),(1147,928),(1149,928),(1150,928),(1151,928),(1152,928),(1153,928),(1155,928),(1156,928),(1157,928),(1158,928),(1159,928),(1161,928),(1162,928),(1163,928),(1164,928),(1165,928),(1167,928),(1169,928),(1170,928),(1171,928),(1172,928),(1173,928),(1174,928),(1176,928),(1177,928),(1178,928),(1179,928),(1180,928),(1181,928),(1183,928),(1184,928),(1185,928),(1186,928),(1187,928),(1189,928),(1190,928),(1191,928),(1192,928),(1193,928),(1195,928),(1196,928),(1197,928),(1198,928),(1199,928),(1201,928),(1203,928),(1204,928),(1205,928),(1206,928),(1207,928),(1209,928),(1210,928),(1211,928),(1212,928),(1213,928),(1215,928),(1216,928),(1217,928),(1218,928),(1219,928),(1221,928),(1222,928),(1223,928),(1224,928),(1225,928),(1227,928),(1228,928),(1229,928),(1230,928),(1231,928),(1233,928),(1234,928),(1235,928),(1236,928),(1237,928),(1239,928),(1241,928),(1242,928),(1243,928),(1244,928),(1245,928),(1247,928),(1248,928),(1249,928),(1250,928),(1251,928),(1253,928),(1254,928),(1255,928),(1256,928),(1257,928),(1259,928),(1260,928),(1261,928),(1262,928),(1263,928),(1265,928),(1266,928),(1267,928),(1268,928),(1269,928),(1271,928),(1272,928),(1273,928),(1274,928),(1275,928),(1277,928),(1278,928),(1279,928),(1280,928),(1281,928),(1283,928),(1284,928),(1285,928),(1286,928),(1287,928),(1289,928),(1290,928),(1291,928),(1292,928),(1293,928),(1295,928),(1297,928),(1298,928),(1299,928),(1300,928),(1301,928),(1303,928),(1304,928),(1305,928),(1306,928),(1307,928),(1309,928),(1310,928),(1311,928),(1312,928),(1313,928),(1315,928),(1316,928),(1317,928),(1318,928),(1319,928),(1321,928),(1322,928),(1323,928),(1324,928),(1325,928),(1326,928),(1328,928),(1329,928),(1330,928),(1331,928),(1332,928),(1334,928),(1335,928),(1336,928),(1337,928),(1338,928),(1340,928),(1341,928),(1342,928),(1343,928),(1344,928),(1349,1348),(1351,1348),(1352,1348),(1353,1348),(1354,1348),(1355,1348),(1357,1348),(1358,1348),(1359,1348),(1360,1348),(1361,1348),(1363,1348),(1364,1348),(1365,1348),(1366,1348),(1367,1348),(1369,1348),(1370,1348),(1371,1348),(1372,1348),(1373,1348),(1375,1348),(1376,1348),(1377,1348),(1378,1348),(1379,1348),(1381,1348),(1382,1348),(1383,1348),(1384,1348),(1385,1348),(1387,1348),(1389,1348),(1390,1348),(1391,1348),(1392,1348),(1393,1348),(1395,1348),(1396,1348),(1397,1348),(1398,1348),(1399,1348),(1401,1348),(1402,1348),(1403,1348),(1404,1348),(1405,1348),(1407,1348),(1408,1348),(1409,1348),(1410,1348),(1411,1348),(1413,1348),(1414,1348),(1415,1348),(1416,1348),(1417,1348),(1422,1421),(1424,1421),(1425,1421),(1426,1421),(1427,1421),(1428,1421),(1430,1421),(1431,1421),(1432,1421),(1433,1421),(1434,1421),(1436,1421),(1437,1421),(1438,1421),(1439,1421),(1440,1421),(1442,1421),(1444,1421),(1445,1421),(1446,1421),(1447,1421),(1448,1421),(1450,1421),(1451,1421),(1452,1421),(1453,1421),(1454,1421),(1456,1421),(1457,1421),(1458,1421),(1459,1421),(1460,1421),(1462,1421),(1463,1421),(1464,1421),(1465,1421),(1466,1421),(1468,1421),(1469,1421),(1470,1421),(1471,1421),(1472,1421),(1474,1421),(1475,1421),(1476,1421),(1477,1421),(1478,1421),(1480,1421),(1481,1421),(1482,1421),(1483,1421),(1484,1421),(1486,1421),(1487,1421),(1488,1421),(1489,1421),(1490,1421),(1491,1421),(1493,1421),(1495,1421),(1496,1421),(1497,1421),(1498,1421),(1499,1421),(1501,1421),(1502,1421),(1503,1421),(1504,1421),(1505,1421),(1507,1421),(1508,1421),(1509,1421),(1510,1421),(1511,1421),(1513,1421),(1515,1421),(1516,1421),(1517,1421),(1518,1421),(1519,1421),(1521,1421),(1522,1421),(1523,1421),(1524,1421),(1525,1421),(1527,1421),(1528,1421),(1529,1421),(1530,1421),(1531,1421),(1533,1421),(1534,1421),(1535,1421),(1536,1421),(1537,1421),(1538,1421),(1540,1421),(1541,1421),(1542,1421),(1543,1421),(1544,1421),(1546,1421),(1547,1421),(1548,1421),(1549,1421),(1550,1421),(1552,1421),(1554,1421),(1555,1421),(1556,1421),(1557,1421),(1558,1421),(1560,1421),(1561,1421),(1562,1421),(1563,1421),(1564,1421),(1566,1421),(1567,1421),(1568,1421),(1569,1421),(1570,1421),(1572,1421),(1573,1421),(1574,1421),(1575,1421),(1576,1421),(1578,1421),(1579,1421),(1580,1421),(1581,1421),(1582,1421),(1584,1421),(1586,1421),(1587,1421),(1588,1421),(1589,1421),(1590,1421),(1592,1421),(1593,1421),(1594,1421),(1595,1421),(1596,1421),(1598,1421),(1599,1421),(1600,1421),(1601,1421),(1602,1421),(1604,1421),(1605,1421),(1606,1421),(1607,1421),(1608,1421),(1610,1421),(1612,1421),(1613,1421),(1614,1421),(1615,1421),(1616,1421),(1618,1421),(1619,1421),(1620,1421),(1621,1421),(1622,1421),(1624,1421),(1626,1421),(1627,1421),(1628,1421),(1629,1421),(1630,1421),(1632,1421),(1633,1421),(1634,1421),(1635,1421),(1636,1421),(1638,1421),(1639,1421),(1640,1421),(1641,1421),(1642,1421),(1644,1421),(1645,1421),(1646,1421),(1647,1421),(1648,1421),(1650,1421),(1651,1421),(1652,1421),(1653,1421),(1654,1421),(1656,1421),(1657,1421),(1658,1421),(1659,1421),(1660,1421),(1662,1421),(1664,1421),(1665,1421),(1666,1421),(1667,1421),(1668,1421),(1670,1421),(1671,1421),(1672,1421),(1673,1421),(1674,1421),(1676,1421),(1677,1421),(1678,1421),(1679,1421),(1680,1421),(1682,1421),(1683,1421),(1684,1421),(1685,1421),(1686,1421),(1688,1421),(1689,1421),(1690,1421),(1691,1421),(1692,1421),(1693,1421),(1695,1421),(1696,1421),(1697,1421),(1698,1421),(1699,1421),(1701,1421),(1702,1421),(1703,1421),(1704,1421),(1705,1421),(1707,1421),(1708,1421),(1709,1421),(1710,1421),(1711,1421),(1713,1421),(1714,1421),(1715,1421),(1716,1421),(1717,1421),(1719,1421),(1721,1421),(1722,1421),(1723,1421),(1724,1421),(1725,1421),(1727,1421),(1728,1421),(1729,1421),(1730,1421),(1731,1421),(1733,1421),(1734,1421),(1735,1421),(1736,1421),(1737,1421),(1739,1421),(1740,1421),(1741,1421),(1742,1421),(1743,1421),(1745,1421),(1746,1421),(1747,1421),(1748,1421),(1749,1421),(1751,1421),(1753,1421),(1754,1421),(1755,1421),(1756,1421),(1757,1421),(1759,1421),(1761,1421),(1762,1421),(1763,1421),(1764,1421),(1765,1421),(1767,1421),(1768,1421),(1769,1421),(1770,1421),(1771,1421),(1773,1421),(1774,1421),(1775,1421),(1776,1421),(1777,1421),(1779,1421),(1780,1421),(1781,1421),(1782,1421),(1783,1421),(1785,1421),(1786,1421),(1787,1421),(1788,1421),(1789,1421),(1791,1421),(1792,1421),(1793,1421),(1794,1421),(1795,1421),(1797,1421),(1798,1421),(1799,1421),(1800,1421),(1801,1421),(1803,1421),(1804,1421),(1805,1421),(1806,1421),(1807,1421),(1809,1421),(1810,1421),(1811,1421),(1812,1421),(1813,1421),(1815,1421),(1817,1421),(1818,1421),(1819,1421),(1820,1421),(1821,1421),(1823,1421),(1824,1421),(1825,1421),(1826,1421),(1827,1421),(1829,1421),(1830,1421),(1831,1421),(1832,1421),(1833,1421),(1835,1421),(1836,1421),(1837,1421),(1838,1421),(1839,1421),(1841,1421),(1842,1421),(1843,1421),(1844,1421),(1845,1421),(1846,1421),(1848,1421),(1849,1421),(1850,1421),(1851,1421),(1852,1421),(1857,1856),(1859,1856),(1860,1856),(1861,1856),(1862,1856),(1863,1856),(1865,1856),(1867,1856),(1868,1856),(1869,1856),(1870,1856),(1871,1856),(1873,1856),(1874,1856),(1875,1856),(1876,1856),(1877,1856),(1879,1856),(1880,1856),(1881,1856),(1882,1856),(1883,1856),(1885,1856),(1886,1856),(1887,1856),(1888,1856),(1889,1856),(1891,1856),(1892,1856),(1893,1856),(1894,1856),(1895,1856),(1897,1856),(1898,1856),(1899,1856),(1900,1856),(1901,1856),(1902,1856),(1904,1856),(1905,1856),(1906,1856),(1907,1856),(1908,1856),(1910,1856),(1911,1856),(1912,1856),(1913,1856),(1914,1856),(1916,1856),(1918,1856),(1919,1856),(1920,1856),(1921,1856),(1922,1856),(1924,1856),(1925,1856),(1926,1856),(1927,1856),(1928,1856),(1930,1856),(1931,1856),(1932,1856),(1933,1856),(1934,1856),(1936,1856),(1937,1856),(1938,1856),(1939,1856),(1940,1856),(1942,1856),(1943,1856),(1944,1856),(1945,1856),(1946,1856),(1948,1856),(1949,1856),(1950,1856),(1951,1856),(1952,1856),(1954,1856),(1956,1856),(1957,1856),(1958,1856),(1959,1856),(1960,1856),(1962,1856),(1963,1856),(1964,1856),(1965,1856),(1966,1856),(1968,1856),(1969,1856),(1970,1856),(1971,1856),(1972,1856),(1974,1856),(1975,1856),(1976,1856),(1977,1856),(1978,1856),(1980,1856),(1982,1856),(1983,1856),(1984,1856),(1985,1856),(1986,1856),(1988,1856),(1989,1856),(1990,1856),(1991,1856),(1992,1856),(1994,1856),(1995,1856),(1996,1856),(1997,1856),(1998,1856),(2000,1856),(2002,1856),(2003,1856),(2004,1856),(2005,1856),(2006,1856),(2008,1856),(2009,1856),(2010,1856),(2011,1856),(2012,1856),(2014,1856),(2015,1856),(2016,1856),(2017,1856),(2018,1856),(2020,1856),(2021,1856),(2022,1856),(2023,1856),(2024,1856),(2026,1856),(2027,1856),(2028,1856),(2029,1856),(2030,1856),(2032,1856),(2033,1856),(2034,1856),(2035,1856),(2036,1856),(2038,1856),(2039,1856),(2040,1856),(2041,1856),(2042,1856),(2044,1856),(2046,1856),(2047,1856),(2048,1856),(2049,1856),(2050,1856),(2052,1856),(2053,1856),(2054,1856),(2055,1856),(2056,1856),(2058,1856),(2059,1856),(2060,1856),(2061,1856),(2062,1856),(2064,1856),(2065,1856),(2066,1856),(2067,1856),(2068,1856),(2070,1856),(2071,1856),(2072,1856),(2073,1856),(2074,1856),(2076,1856),(2077,1856),(2078,1856),(2079,1856),(2080,1856),(2082,1856),(2083,1856),(2084,1856),(2085,1856),(2086,1856),(2088,1856),(2090,1856),(2091,1856),(2092,1856),(2093,1856),(2094,1856),(2096,1856),(2097,1856),(2098,1856),(2099,1856),(2100,1856),(2102,1856),(2103,1856),(2104,1856),(2105,1856),(2106,1856),(2108,1856),(2109,1856),(2110,1856),(2111,1856),(2112,1856),(2114,1856),(2115,1856),(2116,1856),(2117,1856),(2118,1856),(2120,1856),(2122,1856),(2123,1856),(2124,1856),(2125,1856),(2126,1856),(2128,1856),(2129,1856),(2130,1856),(2131,1856),(2132,1856),(2134,1856),(2136,1856),(2137,1856),(2138,1856),(2139,1856),(2140,1856),(2142,1856),(2143,1856),(2144,1856),(2145,1856),(2146,1856),(2148,1856),(2150,1856),(2151,1856),(2152,1856),(2153,1856),(2154,1856),(2156,1856),(2157,1856),(2158,1856),(2159,1856),(2160,1856),(2162,1856),(2164,1856),(2165,1856),(2166,1856),(2167,1856),(2168,1856),(2170,1856),(2171,1856),(2172,1856),(2173,1856),(2174,1856),(2176,1856),(2177,1856),(2178,1856),(2179,1856),(2180,1856),(2182,1856),(2183,1856),(2184,1856),(2185,1856),(2186,1856),(2188,1856),(2189,1856),(2190,1856),(2191,1856),(2192,1856),(2194,1856),(2195,1856),(2196,1856),(2197,1856),(2198,1856),(2200,1856),(2201,1856),(2202,1856),(2203,1856),(2204,1856),(2206,1856),(2208,1856),(2209,1856),(2210,1856),(2211,1856),(2212,1856),(2214,1856),(2215,1856),(2216,1856),(2217,1856),(2218,1856),(2220,1856),(2221,1856),(2222,1856),(2223,1856),(2224,1856),(2226,1856),(2227,1856),(2228,1856),(2229,1856),(2230,1856),(2232,1856),(2233,1856),(2234,1856),(2235,1856),(2236,1856),(2238,1856),(2239,1856),(2240,1856),(2241,1856),(2242,1856),(2244,1856),(2246,1856),(2247,1856),(2248,1856),(2249,1856),(2250,1856),(2252,1856),(2253,1856),(2254,1856),(2255,1856),(2256,1856),(2258,1856),(2259,1856),(2260,1856),(2261,1856),(2262,1856),(2264,1856),(2265,1856),(2266,1856),(2267,1856),(2268,1856),(2270,1856),(2272,1856),(2273,1856),(2274,1856),(2275,1856),(2276,1856),(2278,1856),(2279,1856),(2280,1856),(2281,1856),(2282,1856),(2284,1856),(2285,1856),(2286,1856),(2287,1856),(2288,1856),(2289,1856),(2291,1856),(2292,1856),(2293,1856),(2294,1856),(2295,1856),(2297,1856),(2298,1856),(2299,1856),(2300,1856),(2301,1856),(2302,1856),(2304,1856),(2305,1856),(2306,1856),(2307,1856),(2308,1856),(2310,1856),(2311,1856),(2312,1856),(2313,1856),(2314,1856),(2316,1856),(2317,1856),(2318,1856),(2319,1856),(2320,1856),(2322,1856),(2323,1856),(2324,1856),(2325,1856),(2326,1856),(2328,1856),(2330,1856),(2331,1856),(2332,1856),(2333,1856),(2334,1856),(2336,1856),(2337,1856),(2338,1856),(2339,1856),(2340,1856),(2342,1856),(2343,1856),(2344,1856),(2345,1856),(2346,1856),(2348,1856),(2349,1856),(2350,1856),(2351,1856),(2352,1856),(2357,2356),(2359,2356),(2360,2356),(2361,2356),(2362,2356),(2363,2356),(2365,2356),(2366,2356),(2367,2356),(2368,2356),(2369,2356),(2371,2356),(2372,2356),(2373,2356),(2374,2356),(2375,2356),(2377,2356),(2378,2356),(2379,2356),(2380,2356),(2381,2356),(2383,2356),(2384,2356),(2385,2356),(2386,2356),(2387,2356),(2389,2356),(2391,2356),(2392,2356),(2393,2356),(2394,2356),(2395,2356),(2397,2356),(2398,2356),(2399,2356),(2400,2356),(2401,2356),(2403,2356),(2404,2356),(2405,2356),(2406,2356),(2407,2356),(2409,2356),(2410,2356),(2411,2356),(2412,2356),(2413,2356),(2415,2356),(2416,2356),(2417,2356),(2418,2356),(2419,2356),(2421,2356),(2422,2356),(2423,2356),(2424,2356),(2425,2356),(2427,2356),(2428,2356),(2429,2356),(2430,2356),(2431,2356),(2433,2356),(2435,2356),(2436,2356),(2437,2356),(2438,2356),(2439,2356),(2441,2356),(2442,2356),(2443,2356),(2444,2356),(2445,2356),(2447,2356),(2448,2356),(2449,2356),(2450,2356),(2451,2356),(2453,2356),(2454,2356),(2455,2356),(2456,2356),(2457,2356),(2459,2356),(2461,2356),(2462,2356),(2463,2356),(2464,2356),(2465,2356),(2467,2356),(2469,2356),(2470,2356),(2471,2356),(2472,2356),(2473,2356),(2475,2356),(2476,2356),(2477,2356),(2478,2356),(2479,2356),(2481,2356),(2482,2356),(2483,2356),(2484,2356),(2485,2356),(2487,2356),(2488,2356),(2489,2356),(2490,2356),(2491,2356),(2496,2495),(2498,2495),(2499,2495),(2500,2495),(2501,2495),(2502,2495),(2504,2495),(2505,2495),(2506,2495),(2507,2495),(2508,2495),(2510,2495),(2511,2495),(2512,2495),(2513,2495),(2514,2495),(2515,2495),(2517,2495),(2518,2495),(2519,2495),(2520,2495),(2521,2495),(2523,2495),(2524,2495),(2525,2495),(2526,2495),(2527,2495),(2529,2495),(2530,2495),(2531,2495),(2532,2495),(2533,2495),(2535,2495),(2536,2495),(2537,2495),(2538,2495),(2539,2495),(2543,2542),(2545,2542),(2546,2542),(2547,2542),(2548,2542),(2549,2542),(2551,2542),(2552,2542),(2553,2542),(2554,2542),(2555,2542),(2557,2542),(2558,2542),(2559,2542),(2560,2542),(2561,2542),(2563,2542),(2564,2542),(2565,2542),(2566,2542),(2567,2542),(2569,2542),(2570,2542),(2571,2542),(2572,2542),(2573,2542),(2575,2542),(2576,2542),(2577,2542),(2578,2542),(2579,2542),(2581,2542),(2583,2542),(2584,2542),(2585,2542),(2586,2542),(2587,2542),(2589,2542),(2590,2542),(2591,2542),(2592,2542),(2593,2542),(2595,2542),(2596,2542),(2597,2542),(2598,2542),(2599,2542),(2601,2542),(2602,2542),(2603,2542),(2604,2542),(2605,2542),(2607,2542),(2608,2542),(2609,2542),(2610,2542),(2611,2542),(2613,2542),(2614,2542),(2615,2542),(2616,2542),(2617,2542),(2619,2542),(2620,2542),(2621,2542),(2622,2542),(2623,2542),(2625,2542),(2626,2542),(2627,2542),(2628,2542),(2629,2542),(2631,2542),(2633,2542),(2634,2542),(2635,2542),(2636,2542),(2637,2542),(2639,2542),(2640,2542),(2641,2542),(2642,2542),(2643,2542),(2645,2542),(2646,2542),(2647,2542),(2648,2542),(2649,2542),(2651,2542),(2652,2542),(2653,2542),(2654,2542),(2655,2542),(2657,2542),(2658,2542),(2659,2542),(2660,2542),(2661,2542),(2663,2542),(2664,2542),(2665,2542),(2666,2542),(2667,2542),(2669,2542),(2670,2542),(2671,2542),(2672,2542),(2673,2542),(2675,2542),(2676,2542),(2677,2542),(2678,2542),(2679,2542),(2681,2542),(2682,2542),(2683,2542),(2684,2542),(2685,2542);
CREATE TABLE `connectsTo` (
  `TrackElement1_id` integer NOT NULL
,  `TrackElement2_id` integer NOT NULL
,  PRIMARY KEY (`TrackElement1_id`,`TrackElement2_id`)
);
INSERT INTO `connectsTo` VALUES (5,7),(7,8),(8,9),(9,10),(10,11),(11,13),(13,14),(14,15),(15,16),(16,17),(17,19),(19,20),(20,21),(21,22),(22,23),(23,25),(25,26),(26,27),(27,28),(28,29),(29,31),(31,32),(32,33),(33,34),(34,35),(35,37),(37,38),(38,39),(39,40),(40,41),(41,43),(43,44),(44,45),(45,46),(46,47),(52,54),(54,55),(55,56),(56,57),(57,58),(58,60),(60,61),(61,62),(62,63),(63,64),(64,66),(66,67),(67,68),(68,69),(69,70),(70,72),(72,74),(74,75),(75,76),(76,77),(77,78),(78,80),(80,81),(81,82),(82,83),(83,84),(84,86),(86,87),(87,88),(88,89),(89,90),(90,92),(92,93),(93,94),(94,95),(95,96),(96,98),(98,99),(99,100),(100,101),(101,102),(102,104),(104,105),(105,106),(106,107),(107,108),(108,110),(110,112),(112,113),(113,114),(114,115),(115,116),(116,118),(118,119),(119,120),(120,121),(121,122),(122,124),(124,125),(125,126),(126,127),(127,128),(128,130),(130,131),(131,132),(132,133),(133,134),(134,136),(136,138),(138,139),(139,140),(140,141),(141,142),(142,144),(144,145),(145,146),(146,147),(147,148),(148,150),(150,152),(152,153),(153,154),(154,155),(155,156),(156,158),(158,159),(159,160),(160,161),(161,162),(162,164),(164,165),(165,166),(166,167),(167,168),(168,170),(170,171),(171,172),(172,173),(173,174),(174,176),(176,177),(177,178),(178,179),(179,180),(180,182),(182,183),(183,184),(184,185),(185,186),(186,188),(188,190),(190,191),(191,192),(192,193),(193,194),(194,196),(196,197),(197,198),(198,199),(199,200),(200,202),(202,203),(203,204),(204,205),(205,206),(206,208),(208,209),(209,210),(210,211),(211,212),(212,214),(214,215),(215,216),(216,217),(217,218),(218,220),(220,221),(221,222),(222,223),(223,224),(224,226),(226,227),(227,228),(228,229),(229,230),(230,232),(232,233),(233,234),(234,235),(235,236),(236,238),(238,239),(239,240),(240,241),(241,242),(242,244),(244,246),(246,247),(247,248),(248,249),(249,250),(253,254),(254,255),(255,256),(256,258),(258,259),(259,260),(260,261),(261,262),(262,264),(264,265),(265,266),(266,267),(267,268),(268,270),(270,272),(272,273),(273,274),(274,275),(275,276),(276,278),(278,279),(279,280),(280,281),(281,282),(282,284),(284,285),(285,286),(286,287),(288,290),(290,291),(291,292),(292,293),(293,294),(294,296),(296,297),(297,298),(298,299),(299,300),(302,303),(303,304),(304,305),(305,306),(306,308),(308,309),(309,310),(310,311),(311,312),(312,314),(314,315),(315,316),(316,317),(317,318),(318,320),(320,322),(322,323),(323,324),(324,325),(325,326),(326,327),(327,329),(329,330),(330,331),(331,332),(332,333),(333,335),(335,336),(336,337),(337,338),(338,339),(339,341),(341,342),(342,343),(343,344),(344,345),(345,347),(347,349),(349,350),(350,351),(351,352),(352,353),(353,355),(355,357),(357,358),(358,359),(359,360),(360,361),(361,363),(363,364),(364,365),(365,366),(366,367),(367,369),(369,370),(370,371),(371,372),(372,373),(373,375),(375,377),(377,378),(378,379),(379,380),(380,381),(381,383),(383,384),(384,385),(385,386),(386,387),(387,389),(389,390),(390,391),(391,392),(392,393),(393,395),(395,396),(396,397),(397,398),(398,399),(399,401),(401,402),(402,403),(403,404),(404,405),(405,407),(407,409),(409,410),(410,411),(411,412),(412,413),(413,415),(415,416),(416,417),(417,418),(418,419),(419,421),(421,422),(422,423),(423,424),(424,425),(425,427),(427,428),(428,429),(429,430),(430,431),(431,433),(433,434),(434,435),(435,436),(436,437),(437,439),(439,440),(440,441),(441,442),(442,443),(443,445),(445,447),(447,448),(448,449),(449,450),(450,451),(451,453),(453,454),(454,455),(455,456),(456,457),(457,459),(459,460),(460,461),(461,462),(462,463),(463,465),(465,466),(466,467),(467,468),(468,469),(469,471),(471,473),(473,474),(474,475),(475,476),(476,477),(477,479),(479,480),(480,481),(481,482),(482,483),(483,485),(485,486),(486,487),(487,488),(488,489),(47,52),(494,496),(496,497),(497,498),(498,499),(499,500),(500,502),(502,503),(503,504),(504,505),(505,506),(506,508),(508,509),(509,510),(510,511),(511,512),(512,514),(514,515),(515,516),(516,517),(517,518),(518,520),(520,521),(521,522),(522,523),(523,524),(524,526),(526,527),(527,528),(528,529),(529,530),(530,532),(532,533),(533,534),(534,535),(535,536),(536,538),(538,539),(539,540),(540,541),(541,542),(542,544),(544,545),(545,546),(546,547),(547,548),(548,550),(550,552),(552,553),(553,554),(554,555),(555,556),(556,558),(558,559),(559,560),(560,561),(561,562),(562,564),(564,565),(565,566),(566,567),(567,568),(568,569),(569,571),(571,572),(572,573),(573,574),(574,575),(575,577),(577,578),(578,579),(579,580),(580,581),(581,583),(583,584),(584,585),(585,586),(586,587),(587,589),(589,590),(590,591),(591,592),(592,593),(593,595),(595,596),(596,597),(597,598),(598,599),(599,601),(601,603),(603,604),(604,605),(605,606),(606,607),(607,609),(609,610),(610,611),(611,612),(612,613),(613,615),(615,616),(616,617),(617,618),(618,619),(619,621),(621,622),(622,623),(623,624),(624,625),(625,627),(627,628),(628,629),(629,630),(630,631),(631,633),(633,634),(634,635),(635,636),(636,637),(637,639),(639,641),(641,642),(642,643),(643,644),(644,645),(645,647),(647,648),(648,649),(649,650),(650,651),(651,653),(653,654),(654,655),(655,656),(656,657),(657,659),(659,660),(660,661),(661,662),(662,663),(663,665),(665,666),(666,667),(667,668),(668,669),(669,671),(671,672),(672,673),(673,674),(674,675),(675,676),(676,678),(678,679),(679,680),(680,681),(681,682),(682,684),(684,685),(685,686),(686,687),(687,688),(688,690),(690,692),(692,693),(693,694),(694,695),(695,696),(696,698),(698,699),(699,700),(700,701),(701,702),(702,704),(704,705),(705,706),(706,707),(707,708),(708,710),(710,711),(711,712),(712,713),(713,714),(714,716),(716,717),(717,718),(718,719),(719,720),(720,722),(722,723),(723,724),(724,725),(725,726),(726,728),(728,729),(729,730),(730,731),(731,732),(732,734),(734,736),(736,737),(737,738),(738,739),(739,740),(740,742),(742,743),(743,744),(744,745),(745,746),(746,748),(748,749),(749,750),(750,751),(751,752),(752,754),(754,755),(755,756),(756,757),(757,758),(758,760),(760,761),(761,762),(762,763),(763,764),(764,766),(766,768),(768,769),(769,770),(770,771),(771,772),(772,774),(774,775),(775,776),(776,777),(777,778),(778,780),(780,781),(781,782),(782,783),(783,784),(784,786),(786,787),(787,788),(788,789),(789,790),(790,792),(792,794),(794,795),(795,796),(796,797),(797,798),(798,800),(800,801),(801,802),(802,803),(803,804),(804,806),(806,807),(807,808),(808,809),(809,810),(810,812),(812,813),(813,814),(814,815),(815,816),(816,818),(818,819),(819,820),(820,821),(821,822),(822,824),(824,825),(825,826),(826,827),(827,828),(828,830),(830,831),(831,832),(832,833),(833,834),(834,836),(836,837),(837,838),(838,839),(839,840),(840,842),(842,843),(843,844),(844,845),(845,846),(846,848),(848,850),(850,851),(851,852),(852,853),(853,854),(854,856),(856,858),(858,859),(859,860),(860,861),(861,862),(862,864),(864,865),(865,866),(866,867),(867,868),(868,870),(870,871),(871,872),(872,873),(873,874),(874,876),(876,877),(877,878),(878,879),(879,880),(880,882),(882,883),(883,884),(884,885),(885,886),(886,888),(888,889),(889,890),(890,891),(891,892),(892,894),(894,895),(895,896),(896,897),(897,898),(898,900),(900,901),(901,902),(902,903),(903,904),(904,906),(906,908),(908,909),(909,910),(910,911),(911,912),(912,914),(914,915),(915,916),(916,917),(917,918),(918,920),(920,921),(921,922),(922,923),(923,924),(489,494),(929,931),(931,932),(932,933),(933,934),(934,935),(935,937),(937,938),(938,939),(939,940),(940,941),(941,943),(943,944),(944,945),(945,946),(946,947),(947,949),(949,950),(950,951),(951,952),(952,953),(953,955),(955,956),(956,957),(957,958),(958,959),(959,961),(961,962),(962,963),(963,964),(964,965),(965,967),(967,968),(968,969),(969,970),(970,971),(971,973),(973,974),(974,975),(975,976),(976,977),(977,979),(979,980),(980,981),(981,982),(982,983),(983,985),(985,987),(987,988),(988,989),(989,990),(990,991),(991,993),(993,994),(994,995),(995,996),(996,997),(997,999),(999,1000),(1000,1001),(1001,1002),(1002,1003),(1003,1005),(1005,1006),(1006,1007),(1007,1008),(1008,1009),(1009,1011),(1011,1012),(1012,1013),(1013,1014),(1014,1015),(1015,1017),(1017,1018),(1018,1019),(1019,1020),(1020,1021),(1021,1023),(1023,1025),(1025,1026),(1026,1027),(1027,1028),(1028,1029),(1029,1031),(1031,1033),(1033,1034),(1034,1035),(1035,1036),(1036,1037),(1037,1039),(1039,1040),(1040,1041),(1041,1042),(1042,1043),(1043,1045),(1045,1046),(1046,1047),(1047,1048),(1048,1049),(1049,1051),(1051,1052),(1052,1053),(1053,1054),(1054,1055),(1055,1057),(1057,1058),(1058,1059),(1059,1060),(1060,1061),(1061,1063),(1063,1064),(1064,1065),(1065,1066),(1066,1067),(1067,1069),(1069,1070),(1070,1071),(1071,1072),(1072,1073),(1073,1075),(1075,1077),(1077,1078),(1078,1079),(1079,1080),(1080,1081),(1081,1083),(1083,1084),(1084,1085),(1085,1086),(1086,1087),(1087,1088),(1088,1090),(1090,1091),(1091,1092),(1092,1093),(1093,1094),(1094,1096),(1096,1097),(1097,1098),(1098,1099),(1099,1100),(1100,1102),(1102,1103),(1103,1104),(1104,1105),(1105,1106),(1106,1108),(1108,1109),(1109,1110),(1110,1111),(1111,1112),(1112,1114),(1114,1115),(1115,1116),(1116,1117),(1117,1118),(1118,1120),(1120,1122),(1122,1123),(1123,1124),(1124,1125),(1125,1126),(1126,1127),(1127,1129),(1129,1130),(1130,1131),(1131,1132),(1132,1133),(1133,1135),(1135,1136),(1136,1137),(1137,1138),(1138,1139),(1139,1141),(1141,1142),(1142,1143),(1143,1144),(1144,1145),(1145,1147),(1147,1149),(1149,1150),(1150,1151),(1151,1152),(1152,1153),(1153,1155),(1155,1156),(1156,1157),(1157,1158),(1158,1159),(1159,1161),(1161,1162),(1162,1163),(1163,1164),(1164,1165),(1165,1167),(1167,1169),(1169,1170),(1170,1171),(1171,1172),(1172,1173),(1173,1174),(1174,1176),(1176,1177),(1177,1178),(1178,1179),(1179,1180),(1180,1181),(1181,1183),(1183,1184),(1184,1185),(1185,1186),(1186,1187),(1187,1189),(1189,1190),(1190,1191),(1191,1192),(1192,1193),(1193,1195),(1195,1196),(1196,1197),(1197,1198),(1198,1199),(1199,1201),(1201,1203),(1203,1204),(1204,1205),(1205,1206),(1206,1207),(1207,1209),(1209,1210),(1210,1211),(1211,1212),(1212,1213),(1213,1215),(1215,1216),(1216,1217),(1217,1218),(1218,1219),(1219,1221),(1221,1222),(1222,1223),(1223,1224),(1224,1225),(1225,1227),(1227,1228),(1228,1229),(1229,1230),(1230,1231),(1231,1233),(1233,1234),(1234,1235),(1235,1236),(1236,1237),(1237,1239),(1239,1241),(1241,1242),(1242,1243),(1243,1244),(1244,1245),(1245,1247),(1247,1248),(1248,1249),(1249,1250),(1250,1251),(1251,1253),(1253,1254),(1254,1255),(1255,1256),(1256,1257),(1257,1259),(1259,1260),(1260,1261),(1261,1262),(1262,1263),(1263,1265),(1265,1266),(1266,1267),(1267,1268),(1268,1269),(1269,1271),(1271,1272),(1272,1273),(1273,1274),(1274,1275),(1275,1277),(1277,1278),(1278,1279),(1279,1280),(1280,1281),(1281,1283),(1283,1284),(1284,1285),(1285,1286),(1286,1287),(1287,1289),(1289,1290),(1290,1291),(1291,1292),(1292,1293),(1293,1295),(1295,1297),(1297,1298),(1298,1299),(1299,1300),(1300,1301),(1301,1303),(1303,1304),(1304,1305),(1305,1306),(1306,1307),(1307,1309),(1309,1310),(1310,1311),(1311,1312),(1312,1313),(1313,1315),(1315,1316),(1316,1317),(1317,1318),(1318,1319),(1319,1321),(1321,1322),(1322,1323),(1323,1324),(1324,1325),(1325,1326),(1326,1328),(1328,1329),(1329,1330),(1330,1331),(1331,1332),(1332,1334),(1334,1335),(1335,1336),(1336,1337),(1337,1338),(1338,1340),(1340,1341),(1341,1342),(1342,1343),(1343,1344),(924,929),(1349,1351),(1351,1352),(1352,1353),(1353,1354),(1354,1355),(1355,1357),(1357,1358),(1358,1359),(1359,1360),(1360,1361),(1361,1363),(1363,1364),(1364,1365),(1365,1366),(1366,1367),(1367,1369),(1369,1370),(1370,1371),(1371,1372),(1372,1373),(1373,1375),(1375,1376),(1376,1377),(1377,1378),(1378,1379),(1379,1381),(1381,1382),(1382,1383),(1383,1384),(1384,1385),(1385,1387),(1387,1389),(1389,1390),(1390,1391),(1391,1392),(1392,1393),(1393,1395),(1395,1396),(1396,1397),(1397,1398),(1398,1399),(1399,1401),(1401,1402),(1402,1403),(1403,1404),(1404,1405),(1405,1407),(1407,1408),(1408,1409),(1409,1410),(1410,1411),(1411,1413),(1413,1414),(1414,1415),(1415,1416),(1416,1417),(1344,1349),(1422,1424),(1424,1425),(1425,1426),(1426,1427),(1427,1428),(1428,1430),(1430,1431),(1431,1432),(1432,1433),(1433,1434),(1434,1436),(1436,1437),(1437,1438),(1438,1439),(1439,1440),(1440,1442),(1442,1444),(1444,1445),(1445,1446),(1446,1447),(1447,1448),(1448,1450),(1450,1451),(1451,1452),(1452,1453),(1453,1454),(1454,1456),(1456,1457),(1457,1458),(1458,1459),(1459,1460),(1460,1462),(1462,1463),(1463,1464),(1464,1465),(1465,1466),(1466,1468),(1468,1469),(1469,1470),(1470,1471),(1471,1472),(1472,1474),(1474,1475),(1475,1476),(1476,1477),(1477,1478),(1478,1480),(1480,1481),(1481,1482),(1482,1483),(1483,1484),(1484,1486),(1486,1487),(1487,1488),(1488,1489),(1489,1490),(1490,1491),(1491,1493),(1493,1495),(1495,1496),(1496,1497),(1497,1498),(1498,1499),(1499,1501),(1501,1502),(1502,1503),(1503,1504),(1504,1505),(1505,1507),(1507,1508),(1508,1509),(1509,1510),(1510,1511),(1511,1513),(1513,1515),(1515,1516),(1516,1517),(1517,1518),(1518,1519),(1519,1521),(1521,1522),(1522,1523),(1523,1524),(1524,1525),(1525,1527),(1527,1528),(1528,1529),(1529,1530),(1530,1531),(1531,1533),(1533,1534),(1534,1535),(1535,1536),(1536,1537),(1537,1538),(1538,1540),(1540,1541),(1541,1542),(1542,1543),(1543,1544),(1544,1546),(1546,1547),(1547,1548),(1548,1549),(1549,1550),(1550,1552),(1552,1554),(1554,1555),(1555,1556),(1556,1557),(1557,1558),(1558,1560),(1560,1561),(1561,1562),(1562,1563),(1563,1564),(1564,1566),(1566,1567),(1567,1568),(1568,1569),(1569,1570),(1570,1572),(1572,1573),(1573,1574),(1574,1575),(1575,1576),(1576,1578),(1578,1579),(1579,1580),(1580,1581),(1581,1582),(1582,1584),(1584,1586),(1586,1587),(1587,1588),(1588,1589),(1589,1590),(1590,1592),(1592,1593),(1593,1594),(1594,1595),(1595,1596),(1596,1598),(1598,1599),(1599,1600),(1600,1601),(1601,1602),(1602,1604),(1604,1605),(1605,1606),(1606,1607),(1607,1608),(1608,1610),(1610,1612),(1612,1613),(1613,1614),(1614,1615),(1615,1616),(1616,1618),(1618,1619),(1619,1620),(1620,1621),(1621,1622),(1622,1624),(1624,1626),(1626,1627),(1627,1628),(1628,1629),(1629,1630),(1630,1632),(1632,1633),(1633,1634),(1634,1635),(1635,1636),(1636,1638),(1638,1639),(1639,1640),(1640,1641),(1641,1642),(1642,1644),(1644,1645),(1645,1646),(1646,1647),(1647,1648),(1648,1650),(1650,1651),(1651,1652),(1652,1653),(1653,1654),(1654,1656),(1656,1657),(1657,1658),(1658,1659),(1659,1660),(1660,1662),(1662,1664),(1664,1665),(1665,1666),(1666,1667),(1667,1668),(1668,1670),(1670,1671),(1671,1672),(1672,1673),(1673,1674),(1674,1676),(1676,1677),(1677,1678),(1678,1679),(1679,1680),(1680,1682),(1682,1683),(1683,1684),(1684,1685),(1685,1686),(1686,1688),(1688,1689),(1689,1690),(1690,1691),(1691,1692),(1692,1693),(1693,1695),(1695,1696),(1696,1697),(1697,1698),(1698,1699),(1699,1701),(1701,1702),(1702,1703),(1703,1704),(1704,1705),(1705,1707),(1707,1708),(1708,1709),(1709,1710),(1710,1711),(1711,1713),(1713,1714),(1714,1715),(1715,1716),(1716,1717),(1717,1719),(1719,1721),(1721,1722),(1722,1723),(1723,1724),(1724,1725),(1725,1727),(1727,1728),(1728,1729),(1729,1730),(1730,1731),(1731,1733),(1733,1734),(1734,1735),(1735,1736),(1736,1737),(1737,1739),(1739,1740),(1740,1741),(1741,1742),(1742,1743),(1743,1745),(1745,1746),(1746,1747),(1747,1748),(1748,1749),(1749,1751),(1751,1753),(1753,1754),(1754,1755),(1755,1756),(1756,1757),(1757,1759),(1759,1761),(1761,1762),(1762,1763),(1763,1764),(1764,1765),(1765,1767),(1767,1768),(1768,1769),(1769,1770),(1770,1771),(1771,1773),(1773,1774),(1774,1775),(1775,1776),(1776,1777),(1777,1779),(1779,1780),(1780,1781),(1781,1782),(1782,1783),(1783,1785),(1785,1786),(1786,1787),(1787,1788),(1788,1789),(1789,1791),(1791,1792),(1792,1793),(1793,1794),(1794,1795),(1795,1797),(1797,1798),(1798,1799),(1799,1800),(1800,1801),(1801,1803),(1803,1804),(1804,1805),(1805,1806),(1806,1807),(1807,1809),(1809,1810),(1810,1811),(1811,1812),(1812,1813),(1813,1815),(1815,1817),(1817,1818),(1818,1819),(1819,1820),(1820,1821),(1821,1823),(1823,1824),(1824,1825),(1825,1826),(1826,1827),(1827,1829),(1829,1830),(1830,1831),(1831,1832),(1832,1833),(1833,1835),(1835,1836),(1836,1837),(1837,1838),(1838,1839),(1839,1841),(1841,1842),(1842,1843),(1843,1844),(1844,1845),(1845,1846),(1846,1848),(1848,1849),(1849,1850),(1850,1851),(1851,1852),(1417,1422),(1857,1859),(1859,1860),(1860,1861),(1861,1862),(1862,1863),(1863,1865),(1865,1867),(1867,1868),(1868,1869),(1869,1870),(1870,1871),(1871,1873),(1873,1874),(1874,1875),(1875,1876),(1876,1877),(1877,1879),(1879,1880),(1880,1881),(1881,1882),(1882,1883),(1883,1885),(1885,1886),(1886,1887),(1887,1888),(1888,1889),(1889,1891),(1891,1892),(1892,1893),(1893,1894),(1894,1895),(1895,1897),(1897,1898),(1898,1899),(1899,1900),(1900,1901),(1901,1902),(1902,1904),(1904,1905),(1905,1906),(1906,1907),(1907,1908),(1908,1910),(1910,1911),(1911,1912),(1912,1913),(1913,1914),(1914,1916),(1916,1918),(1918,1919),(1919,1920),(1920,1921),(1921,1922),(1922,1924),(1924,1925),(1925,1926),(1926,1927),(1927,1928),(1928,1930),(1930,1931),(1931,1932),(1932,1933),(1933,1934),(1934,1936),(1936,1937),(1937,1938),(1938,1939),(1939,1940),(1940,1942),(1942,1943),(1943,1944),(1944,1945),(1945,1946),(1946,1948),(1948,1949),(1949,1950),(1950,1951),(1951,1952),(1952,1954),(1954,1956),(1956,1957),(1957,1958),(1958,1959),(1959,1960),(1960,1962),(1962,1963),(1963,1964),(1964,1965),(1965,1966),(1966,1968),(1968,1969),(1969,1970),(1970,1971),(1971,1972),(1972,1974),(1974,1975),(1975,1976),(1976,1977),(1977,1978),(1978,1980),(1980,1982),(1982,1983),(1983,1984),(1984,1985),(1985,1986),(1986,1988),(1988,1989),(1989,1990),(1990,1991),(1991,1992),(1992,1994),(1994,1995),(1995,1996),(1996,1997),(1997,1998),(1998,2000),(2000,2002),(2002,2003),(2003,2004),(2004,2005),(2005,2006),(2006,2008),(2008,2009),(2009,2010),(2010,2011),(2011,2012),(2012,2014),(2014,2015),(2015,2016),(2016,2017),(2017,2018),(2018,2020),(2020,2021),(2021,2022),(2022,2023),(2023,2024),(2024,2026),(2026,2027),(2027,2028),(2028,2029),(2029,2030),(2030,2032),(2032,2033),(2033,2034),(2034,2035),(2035,2036),(2036,2038),(2038,2039),(2039,2040),(2040,2041),(2041,2042),(2042,2044),(2044,2046),(2046,2047),(2047,2048),(2048,2049),(2049,2050),(2050,2052),(2052,2053),(2053,2054),(2054,2055),(2055,2056),(2056,2058),(2058,2059),(2059,2060),(2060,2061),(2061,2062),(2062,2064),(2064,2065),(2065,2066),(2066,2067),(2067,2068),(2068,2070),(2070,2071),(2071,2072),(2072,2073),(2073,2074),(2074,2076),(2076,2077),(2077,2078),(2078,2079),(2079,2080),(2080,2082),(2082,2083),(2083,2084),(2084,2085),(2085,2086),(2086,2088),(2088,2090),(2090,2091),(2091,2092),(2092,2093),(2093,2094),(2094,2096),(2096,2097),(2097,2098),(2098,2099),(2099,2100),(2100,2102),(2102,2103),(2103,2104),(2104,2105),(2105,2106),(2106,2108),(2108,2109),(2109,2110),(2110,2111),(2111,2112),(2112,2114),(2114,2115),(2115,2116),(2116,2117),(2117,2118),(2118,2120),(2120,2122),(2122,2123),(2123,2124),(2124,2125),(2125,2126),(2126,2128),(2128,2129),(2129,2130),(2130,2131),(2131,2132),(2132,2134),(2134,2136),(2136,2137),(2137,2138),(2138,2139),(2139,2140),(2140,2142),(2142,2143),(2143,2144),(2144,2145),(2145,2146),(2146,2148),(2148,2150),(2150,2151),(2151,2152),(2152,2153),(2153,2154),(2154,2156),(2156,2157),(2157,2158),(2158,2159),(2159,2160),(2160,2162),(2162,2164),(2164,2165),(2165,2166),(2166,2167),(2167,2168),(2168,2170),(2170,2171),(2171,2172),(2172,2173),(2173,2174),(2174,2176),(2176,2177),(2177,2178),(2178,2179),(2179,2180),(2180,2182),(2182,2183),(2183,2184),(2184,2185),(2185,2186),(2186,2188),(2188,2189),(2189,2190),(2190,2191),(2191,2192),(2192,2194),(2194,2195),(2195,2196),(2196,2197),(2197,2198),(2198,2200),(2200,2201),(2201,2202),(2202,2203),(2203,2204),(2204,2206),(2206,2208),(2208,2209),(2209,2210),(2210,2211),(2211,2212),(2212,2214),(2214,2215),(2215,2216),(2216,2217),(2217,2218),(2218,2220),(2220,2221),(2221,2222),(2222,2223),(2223,2224),(2224,2226),(2226,2227),(2227,2228),(2228,2229),(2229,2230),(2230,2232),(2232,2233),(2233,2234),(2234,2235),(2235,2236),(2236,2238),(2238,2239),(2239,2240),(2240,2241),(2241,2242),(2242,2244),(2244,2246),(2246,2247),(2247,2248),(2248,2249),(2249,2250),(2250,2252),(2252,2253),(2253,2254),(2254,2255),(2255,2256),(2256,2258),(2258,2259),(2259,2260),(2260,2261),(2261,2262),(2262,2264),(2264,2265),(2265,2266),(2266,2267),(2267,2268),(2268,2270),(2270,2272),(2272,2273),(2273,2274),(2274,2275),(2275,2276),(2276,2278),(2278,2279),(2279,2280),(2280,2281),(2281,2282),(2282,2284),(2284,2285),(2285,2286),(2286,2287),(2287,2288),(2288,2289),(2289,2291),(2291,2292),(2292,2293),(2293,2294),(2294,2295),(2295,2297),(2297,2298),(2298,2299),(2299,2300),(2300,2301),(2301,2302),(2302,2304),(2304,2305),(2305,2306),(2306,2307),(2307,2308),(2308,2310),(2310,2311),(2311,2312),(2312,2313),(2313,2314),(2314,2316),(2316,2317),(2317,2318),(2318,2319),(2319,2320),(2320,2322),(2322,2323),(2323,2324),(2324,2325),(2325,2326),(2326,2328),(2328,2330),(2330,2331),(2331,2332),(2332,2333),(2333,2334),(2334,2336),(2336,2337),(2337,2338),(2338,2339),(2339,2340),(2340,2342),(2342,2343),(2343,2344),(2344,2345),(2345,2346),(2346,2348),(2348,2349),(2349,2350),(2350,2351),(2351,2352),(1852,1857),(2357,2359),(2359,2360),(2360,2361),(2361,2362),(2362,2363),(2363,2365),(2365,2366),(2366,2367),(2367,2368),(2368,2369),(2369,2371),(2371,2372),(2372,2373),(2373,2374),(2374,2375),(2375,2377),(2377,2378),(2378,2379),(2379,2380),(2380,2381),(2381,2383),(2383,2384),(2384,2385),(2385,2386),(2386,2387),(2387,2389),(2389,2391),(2391,2392),(2392,2393),(2393,2394),(2394,2395),(2395,2397),(2397,2398),(2398,2399),(2399,2400),(2400,2401),(2401,2403),(2403,2404),(2404,2405),(2405,2406),(2406,2407),(2407,2409),(2409,2410),(2410,2411),(2411,2412),(2412,2413),(2413,2415),(2415,2416),(2416,2417),(2417,2418),(2418,2419),(2419,2421),(2421,2422),(2422,2423),(2423,2424),(2424,2425),(2425,2427),(2427,2428),(2428,2429),(2429,2430),(2430,2431),(2431,2433),(2433,2435),(2435,2436),(2436,2437),(2437,2438),(2438,2439),(2439,2441),(2441,2442),(2442,2443),(2443,2444),(2444,2445),(2445,2447),(2447,2448),(2448,2449),(2449,2450),(2450,2451),(2451,2453),(2453,2454),(2454,2455),(2455,2456),(2456,2457),(2457,2459),(2459,2461),(2461,2462),(2462,2463),(2463,2464),(2464,2465),(2465,2467),(2467,2469),(2469,2470),(2470,2471),(2471,2472),(2472,2473),(2473,2475),(2475,2476),(2476,2477),(2477,2478),(2478,2479),(2479,2481),(2481,2482),(2482,2483),(2483,2484),(2484,2485),(2485,2487),(2487,2488),(2488,2489),(2489,2490),(2490,2491),(2352,2357),(2496,2498),(2498,2499),(2499,2500),(2500,2501),(2501,2502),(2502,2504),(2504,2505),(2505,2506),(2506,2507),(2507,2508),(2508,2510),(2510,2511),(2511,2512),(2512,2513),(2513,2514),(2514,2515),(2515,2517),(2517,2518),(2518,2519),(2519,2520),(2520,2521),(2521,2523),(2523,2524),(2524,2525),(2525,2526),(2526,2527),(2527,2529),(2529,2530),(2530,2531),(2531,2532),(2532,2533),(2533,2535),(2535,2536),(2536,2537),(2537,2538),(2538,2539),(2491,2496),(2543,2545),(2545,2546),(2546,2547),(2547,2548),(2548,2549),(2549,2551),(2551,2552),(2552,2553),(2553,2554),(2554,2555),(2555,2557),(2557,2558),(2558,2559),(2559,2560),(2560,2561),(2561,2563),(2563,2564),(2564,2565),(2565,2566),(2566,2567),(2567,2569),(2569,2570),(2570,2571),(2571,2572),(2572,2573),(2573,2575),(2575,2576),(2576,2577),(2577,2578),(2578,2579),(2579,2581),(2581,2583),(2583,2584),(2584,2585),(2585,2586),(2586,2587),(2587,2589),(2589,2590),(2590,2591),(2591,2592),(2592,2593),(2593,2595),(2595,2596),(2596,2597),(2597,2598),(2598,2599),(2599,2601),(2601,2602),(2602,2603),(2603,2604),(2604,2605),(2605,2607),(2607,2608),(2608,2609),(2609,2610),(2610,2611),(2611,2613),(2613,2614),(2614,2615),(2615,2616),(2616,2617),(2617,2619),(2619,2620),(2620,2621),(2621,2622),(2622,2623),(2623,2625),(2625,2626),(2626,2627),(2627,2628),(2628,2629),(2629,2631),(2631,2633),(2633,2634),(2634,2635),(2635,2636),(2636,2637),(2637,2639),(2639,2640),(2640,2641),(2641,2642),(2642,2643),(2643,2645),(2645,2646),(2646,2647),(2647,2648),(2648,2649),(2649,2651),(2651,2652),(2652,2653),(2653,2654),(2654,2655),(2655,2657),(2657,2658),(2658,2659),(2659,2660),(2660,2661),(2661,2663),(2663,2664),(2664,2665),(2665,2666),(2666,2667),(2667,2669),(2669,2670),(2670,2671),(2671,2672),(2672,2673),(2673,2675),(2675,2676),(2676,2677),(2677,2678),(2678,2679),(2679,2681),(2681,2682),(2682,2683),(2683,2684),(2684,2685),(2539,2543),(2685,5);
CREATE TABLE `monitoredBy` (
  `TrackElement_id` integer NOT NULL
,  `Sensor_id` integer NOT NULL
,  PRIMARY KEY (`TrackElement_id`,`Sensor_id`)
);
INSERT INTO `monitoredBy` VALUES (7,6),(8,6),(9,6),(10,6),(11,6),(5,12),(13,12),(14,12),(15,12),(16,12),(17,12),(19,18),(20,18),(21,18),(22,18),(23,18),(25,24),(26,24),(27,24),(28,24),(29,24),(5,30),(31,30),(32,30),(33,30),(34,30),(35,30),(5,36),(37,36),(38,36),(39,36),(40,36),(41,36),(43,42),(44,42),(45,42),(46,42),(47,42),(52,53),(54,53),(55,53),(56,53),(57,53),(58,53),(52,59),(60,59),(61,59),(62,59),(63,59),(64,59),(52,65),(66,65),(67,65),(68,65),(69,65),(70,65),(72,73),(74,73),(75,73),(76,73),(77,73),(78,73),(72,79),(80,79),(81,79),(82,79),(83,79),(84,79),(72,85),(86,85),(87,85),(88,85),(89,85),(90,85),(92,91),(93,91),(94,91),(95,91),(96,91),(72,97),(98,97),(99,97),(100,97),(101,97),(102,97),(104,103),(105,103),(106,103),(107,103),(108,103),(110,111),(112,111),(113,111),(114,111),(115,111),(116,111),(118,117),(119,117),(120,117),(121,117),(122,117),(110,123),(124,123),(125,123),(126,123),(127,123),(128,123),(110,129),(130,129),(131,129),(132,129),(133,129),(134,129),(138,137),(139,137),(140,137),(141,137),(142,137),(136,143),(144,143),(145,143),(146,143),(147,143),(148,143),(150,151),(152,151),(153,151),(154,151),(155,151),(156,151),(150,157),(158,157),(159,157),(160,157),(161,157),(162,157),(150,163),(164,163),(165,163),(166,163),(167,163),(168,163),(150,169),(170,169),(171,169),(172,169),(173,169),(174,169),(176,175),(177,175),(178,175),(179,175),(180,175),(150,181),(182,181),(183,181),(184,181),(185,181),(186,181),(188,189),(190,189),(191,189),(192,189),(193,189),(194,189),(188,195),(196,195),(197,195),(198,195),(199,195),(200,195),(188,201),(202,201),(203,201),(204,201),(205,201),(206,201),(188,207),(208,207),(209,207),(210,207),(211,207),(212,207),(188,213),(214,213),(215,213),(216,213),(217,213),(218,213),(188,219),(220,219),(221,219),(222,219),(223,219),(224,219),(188,225),(226,225),(227,225),(228,225),(229,225),(230,225),(188,231),(232,231),(233,231),(234,231),(235,231),(236,231),(188,237),(238,237),(239,237),(240,237),(241,237),(242,237),(244,245),(246,245),(247,245),(248,245),(249,245),(250,245),(244,251),(252,251),(253,251),(254,251),(255,251),(256,251),(244,257),(258,257),(259,257),(260,257),(261,257),(262,257),(244,263),(264,263),(265,263),(266,263),(267,263),(268,263),(270,271),(272,271),(273,271),(274,271),(275,271),(276,271),(270,277),(278,277),(279,277),(280,277),(281,277),(282,277),(270,283),(284,283),(285,283),(286,283),(287,283),(288,283),(270,289),(290,289),(291,289),(292,289),(293,289),(294,289),(270,295),(296,295),(297,295),(298,295),(299,295),(300,295),(270,301),(302,301),(303,301),(304,301),(305,301),(306,301),(270,307),(308,307),(309,307),(310,307),(311,307),(312,307),(314,313),(315,313),(316,313),(317,313),(318,313),(320,321),(322,321),(323,321),(324,321),(325,321),(326,321),(327,321),(329,328),(330,328),(331,328),(332,328),(333,328),(320,334),(335,334),(336,334),(337,334),(338,334),(339,334),(320,340),(341,340),(342,340),(343,340),(344,340),(345,340),(347,348),(349,348),(350,348),(351,348),(352,348),(353,348),(355,356),(357,356),(358,356),(359,356),(360,356),(361,356),(363,362),(364,362),(365,362),(366,362),(367,362),(355,368),(369,368),(370,368),(371,368),(372,368),(373,368),(375,376),(377,376),(378,376),(379,376),(380,376),(381,376),(383,382),(384,382),(385,382),(386,382),(387,382),(375,388),(389,388),(390,388),(391,388),(392,388),(393,388),(395,394),(396,394),(397,394),(398,394),(399,394),(401,400),(402,400),(403,400),(404,400),(405,400),(409,408),(410,408),(411,408),(412,408),(413,408),(415,414),(416,414),(417,414),(418,414),(419,414),(407,420),(421,420),(422,420),(423,420),(424,420),(425,420),(407,426),(427,426),(428,426),(429,426),(430,426),(431,426),(433,432),(434,432),(435,432),(436,432),(437,432),(407,438),(439,438),(440,438),(441,438),(442,438),(443,438),(445,446),(447,446),(448,446),(449,446),(450,446),(451,446),(453,452),(454,452),(455,452),(456,452),(457,452),(445,458),(459,458),(460,458),(461,458),(462,458),(463,458),(445,464),(465,464),(466,464),(467,464),(468,464),(469,464),(471,472),(473,472),(474,472),(475,472),(476,472),(477,472),(479,478),(480,478),(481,478),(482,478),(483,478),(471,484),(485,484),(486,484),(487,484),(488,484),(489,484),(496,495),(497,495),(498,495),(499,495),(500,495),(494,501),(502,501),(503,501),(504,501),(505,501),(506,501),(494,507),(508,507),(509,507),(510,507),(511,507),(512,507),(494,513),(514,513),(515,513),(516,513),(517,513),(518,513),(494,519),(520,519),(521,519),(522,519),(523,519),(524,519),(494,525),(526,525),(527,525),(528,525),(529,525),(530,525),(494,531),(532,531),(533,531),(534,531),(535,531),(536,531),(494,537),(538,537),(539,537),(540,537),(541,537),(542,537),(494,543),(544,543),(545,543),(546,543),(547,543),(548,543),(550,551),(552,551),(553,551),(554,551),(555,551),(556,551),(550,557),(558,557),(559,557),(560,557),(561,557),(562,557),(550,563),(564,563),(565,563),(566,563),(567,563),(568,563),(569,563),(550,570),(571,570),(572,570),(573,570),(574,570),(575,570),(550,576),(577,576),(578,576),(579,576),(580,576),(581,576),(550,582),(583,582),(584,582),(585,582),(586,582),(587,582),(550,588),(589,588),(590,588),(591,588),(592,588),(593,588),(550,594),(595,594),(596,594),(597,594),(598,594),(599,594),(601,602),(603,602),(604,602),(605,602),(606,602),(607,602),(609,608),(610,608),(611,608),(612,608),(613,608),(601,614),(615,614),(616,614),(617,614),(618,614),(619,614),(601,620),(621,620),(622,620),(623,620),(624,620),(625,620),(601,626),(627,626),(628,626),(629,626),(630,626),(631,626),(601,632),(633,632),(634,632),(635,632),(636,632),(637,632),(639,640),(641,640),(642,640),(643,640),(644,640),(645,640),(639,646),(647,646),(648,646),(649,646),(650,646),(651,646),(653,652),(654,652),(655,652),(656,652),(657,652),(639,658),(659,658),(660,658),(661,658),(662,658),(663,658),(665,664),(666,664),(667,664),(668,664),(669,664),(671,670),(672,670),(673,670),(674,670),(675,670),(676,670),(639,677),(678,677),(679,677),(680,677),(681,677),(682,677),(639,683),(684,683),(685,683),(686,683),(687,683),(688,683),(690,691),(692,691),(693,691),(694,691),(695,691),(696,691),(690,697),(698,697),(699,697),(700,697),(701,697),(702,697),(704,703),(705,703),(706,703),(707,703),(708,703),(710,709),(711,709),(712,709),(713,709),(714,709),(690,715),(716,715),(717,715),(718,715),(719,715),(720,715),(690,721),(722,721),(723,721),(724,721),(725,721),(726,721),(690,727),(728,727),(729,727),(730,727),(731,727),(732,727),(736,735),(737,735),(738,735),(739,735),(740,735),(742,741),(743,741),(744,741),(745,741),(746,741),(734,747),(748,747),(749,747),(750,747),(751,747),(752,747),(734,753),(754,753),(755,753),(756,753),(757,753),(758,753),(734,759),(760,759),(761,759),(762,759),(763,759),(764,759),(766,767),(768,767),(769,767),(770,767),(771,767),(772,767),(766,773),(774,773),(775,773),(776,773),(777,773),(778,773),(766,779),(780,779),(781,779),(782,779),(783,779),(784,779),(766,785),(786,785),(787,785),(788,785),(789,785),(790,785),(792,793),(794,793),(795,793),(796,793),(797,793),(798,793),(792,799),(800,799),(801,799),(802,799),(803,799),(804,799),(792,805),(806,805),(807,805),(808,805),(809,805),(810,805),(792,811),(812,811),(813,811),(814,811),(815,811),(816,811),(792,817),(818,817),(819,817),(820,817),(821,817),(822,817),(792,823),(824,823),(825,823),(826,823),(827,823),(828,823),(792,829),(830,829),(831,829),(832,829),(833,829),(834,829),(792,835),(836,835),(837,835),(838,835),(839,835),(840,835),(792,841),(842,841),(843,841),(844,841),(845,841),(846,841),(848,849),(850,849),(851,849),(852,849),(853,849),(854,849),(856,857),(858,857),(859,857),(860,857),(861,857),(862,857),(856,863),(864,863),(865,863),(866,863),(867,863),(868,863),(856,869),(870,869),(871,869),(872,869),(873,869),(874,869),(876,875),(877,875),(878,875),(879,875),(880,875),(856,881),(882,881),(883,881),(884,881),(885,881),(886,881),(856,887),(888,887),(889,887),(890,887),(891,887),(892,887),(856,893),(894,893),(895,893),(896,893),(897,893),(898,893),(856,899),(900,899),(901,899),(902,899),(903,899),(904,899),(906,907),(908,907),(909,907),(910,907),(911,907),(912,907),(906,913),(914,913),(915,913),(916,913),(917,913),(918,913),(906,919),(920,919),(921,919),(922,919),(923,919),(924,919),(929,930),(931,930),(932,930),(933,930),(934,930),(935,930),(937,936),(938,936),(939,936),(940,936),(941,936),(943,942),(944,942),(945,942),(946,942),(947,942),(929,948),(949,948),(950,948),(951,948),(952,948),(953,948),(929,954),(955,954),(956,954),(957,954),(958,954),(959,954),(961,960),(962,960),(963,960),(964,960),(965,960),(929,966),(967,966),(968,966),(969,966),(970,966),(971,966),(929,972),(973,972),(974,972),(975,972),(976,972),(977,972),(929,978),(979,978),(980,978),(981,978),(982,978),(983,978),(985,986),(987,986),(988,986),(989,986),(990,986),(991,986),(985,992),(993,992),(994,992),(995,992),(996,992),(997,992),(985,998),(999,998),(1000,998),(1001,998),(1002,998),(1003,998),(985,1004),(1005,1004),(1006,1004),(1007,1004),(1008,1004),(1009,1004),(985,1010),(1011,1010),(1012,1010),(1013,1010),(1014,1010),(1015,1010),(985,1016),(1017,1016),(1018,1016),(1019,1016),(1020,1016),(1021,1016),(1023,1024),(1025,1024),(1026,1024),(1027,1024),(1028,1024),(1029,1024),(1033,1032),(1034,1032),(1035,1032),(1036,1032),(1037,1032),(1031,1038),(1039,1038),(1040,1038),(1041,1038),(1042,1038),(1043,1038),(1031,1044),(1045,1044),(1046,1044),(1047,1044),(1048,1044),(1049,1044),(1031,1050),(1051,1050),(1052,1050),(1053,1050),(1054,1050),(1055,1050),(1031,1056),(1057,1056),(1058,1056),(1059,1056),(1060,1056),(1061,1056),(1063,1062),(1064,1062),(1065,1062),(1066,1062),(1067,1062),(1031,1068),(1069,1068),(1070,1068),(1071,1068),(1072,1068),(1073,1068),(1077,1076),(1078,1076),(1079,1076),(1080,1076),(1081,1076),(1075,1082),(1083,1082),(1084,1082),(1085,1082),(1086,1082),(1087,1082),(1088,1082),(1090,1089),(1091,1089),(1092,1089),(1093,1089),(1094,1089),(1075,1095),(1096,1095),(1097,1095),(1098,1095),(1099,1095),(1100,1095),(1075,1101),(1102,1101),(1103,1101),(1104,1101),(1105,1101),(1106,1101),(1108,1107),(1109,1107),(1110,1107),(1111,1107),(1112,1107),(1075,1113),(1114,1113),(1115,1113),(1116,1113),(1117,1113),(1118,1113),(1120,1121),(1122,1121),(1123,1121),(1124,1121),(1125,1121),(1126,1121),(1127,1121),(1120,1128),(1129,1128),(1130,1128),(1131,1128),(1132,1128),(1133,1128),(1120,1134),(1135,1134),(1136,1134),(1137,1134),(1138,1134),(1139,1134),(1141,1140),(1142,1140),(1143,1140),(1144,1140),(1145,1140),(1147,1148),(1149,1148),(1150,1148),(1151,1148),(1152,1148),(1153,1148),(1155,1154),(1156,1154),(1157,1154),(1158,1154),(1159,1154),(1147,1160),(1161,1160),(1162,1160),(1163,1160),(1164,1160),(1165,1160),(1167,1168),(1169,1168),(1170,1168),(1171,1168),(1172,1168),(1173,1168),(1174,1168),(1176,1175),(1177,1175),(1178,1175),(1179,1175),(1180,1175),(1181,1175),(1183,1182),(1184,1182),(1185,1182),(1186,1182),(1187,1182),(1189,1188),(1190,1188),(1191,1188),(1192,1188),(1193,1188),(1167,1194),(1195,1194),(1196,1194),(1197,1194),(1198,1194),(1199,1194),(1201,1202),(1203,1202),(1204,1202),(1205,1202),(1206,1202),(1207,1202),(1201,1208),(1209,1208),(1210,1208),(1211,1208),(1212,1208),(1213,1208),(1215,1214),(1216,1214),(1217,1214),(1218,1214),(1219,1214),(1201,1220),(1221,1220),(1222,1220),(1223,1220),(1224,1220),(1225,1220),(1227,1226),(1228,1226),(1229,1226),(1230,1226),(1231,1226),(1201,1232),(1233,1232),(1234,1232),(1235,1232),(1236,1232),(1237,1232),(1239,1240),(1241,1240),(1242,1240),(1243,1240),(1244,1240),(1245,1240),(1247,1246),(1248,1246),(1249,1246),(1250,1246),(1251,1246),(1253,1252),(1254,1252),(1255,1252),(1256,1252),(1257,1252),(1239,1258),(1259,1258),(1260,1258),(1261,1258),(1262,1258),(1263,1258),(1239,1264),(1265,1264),(1266,1264),(1267,1264),(1268,1264),(1269,1264),(1239,1270),(1271,1270),(1272,1270),(1273,1270),(1274,1270),(1275,1270),(1239,1276),(1277,1276),(1278,1276),(1279,1276),(1280,1276),(1281,1276),(1283,1282),(1284,1282),(1285,1282),(1286,1282),(1287,1282),(1239,1288),(1289,1288),(1290,1288),(1291,1288),(1292,1288),(1293,1288),(1297,1296),(1298,1296),(1299,1296),(1300,1296),(1301,1296),(1295,1302),(1303,1302),(1304,1302),(1305,1302),(1306,1302),(1307,1302),(1295,1308),(1309,1308),(1310,1308),(1311,1308),(1312,1308),(1313,1308),(1295,1314),(1315,1314),(1316,1314),(1317,1314),(1318,1314),(1319,1314),(1295,1320),(1321,1320),(1322,1320),(1323,1320),(1324,1320),(1325,1320),(1326,1320),(1328,1327),(1329,1327),(1330,1327),(1331,1327),(1332,1327),(1295,1333),(1334,1333),(1335,1333),(1336,1333),(1337,1333),(1338,1333),(1295,1339),(1340,1339),(1341,1339),(1342,1339),(1343,1339),(1344,1339),(1349,1350),(1351,1350),(1352,1350),(1353,1350),(1354,1350),(1355,1350),(1349,1356),(1357,1356),(1358,1356),(1359,1356),(1360,1356),(1361,1356),(1349,1362),(1363,1362),(1364,1362),(1365,1362),(1366,1362),(1367,1362),(1349,1368),(1369,1368),(1370,1368),(1371,1368),(1372,1368),(1373,1368),(1349,1374),(1375,1374),(1376,1374),(1377,1374),(1378,1374),(1379,1374),(1349,1380),(1381,1380),(1382,1380),(1383,1380),(1384,1380),(1385,1380),(1387,1388),(1389,1388),(1390,1388),(1391,1388),(1392,1388),(1393,1388),(1395,1394),(1396,1394),(1397,1394),(1398,1394),(1399,1394),(1387,1400),(1401,1400),(1402,1400),(1403,1400),(1404,1400),(1405,1400),(1407,1406),(1408,1406),(1409,1406),(1410,1406),(1411,1406),(1387,1412),(1413,1412),(1414,1412),(1415,1412),(1416,1412),(1417,1412),(1422,1423),(1424,1423),(1425,1423),(1426,1423),(1427,1423),(1428,1423),(1422,1429),(1430,1429),(1431,1429),(1432,1429),(1433,1429),(1434,1429),(1422,1435),(1436,1435),(1437,1435),(1438,1435),(1439,1435),(1440,1435),(1444,1443),(1445,1443),(1446,1443),(1447,1443),(1448,1443),(1442,1449),(1450,1449),(1451,1449),(1452,1449),(1453,1449),(1454,1449),(1442,1455),(1456,1455),(1457,1455),(1458,1455),(1459,1455),(1460,1455),(1442,1461),(1462,1461),(1463,1461),(1464,1461),(1465,1461),(1466,1461),(1442,1467),(1468,1467),(1469,1467),(1470,1467),(1471,1467),(1472,1467),(1474,1473),(1475,1473),(1476,1473),(1477,1473),(1478,1473),(1442,1479),(1480,1479),(1481,1479),(1482,1479),(1483,1479),(1484,1479),(1442,1485),(1486,1485),(1487,1485),(1488,1485),(1489,1485),(1490,1485),(1491,1485),(1493,1494),(1495,1494),(1496,1494),(1497,1494),(1498,1494),(1499,1494),(1493,1500),(1501,1500),(1502,1500),(1503,1500),(1504,1500),(1505,1500),(1493,1506),(1507,1506),(1508,1506),(1509,1506),(1510,1506),(1511,1506),(1513,1514),(1515,1514),(1516,1514),(1517,1514),(1518,1514),(1519,1514),(1513,1520),(1521,1520),(1522,1520),(1523,1520),(1524,1520),(1525,1520),(1513,1526),(1527,1526),(1528,1526),(1529,1526),(1530,1526),(1531,1526),(1513,1532),(1533,1532),(1534,1532),(1535,1532),(1536,1532),(1537,1532),(1538,1532),(1513,1539),(1540,1539),(1541,1539),(1542,1539),(1543,1539),(1544,1539),(1513,1545),(1546,1545),(1547,1545),(1548,1545),(1549,1545),(1550,1545),(1552,1553),(1554,1553),(1555,1553),(1556,1553),(1557,1553),(1558,1553),(1552,1559),(1560,1559),(1561,1559),(1562,1559),(1563,1559),(1564,1559),(1552,1565),(1566,1565),(1567,1565),(1568,1565),(1569,1565),(1570,1565),(1552,1571),(1572,1571),(1573,1571),(1574,1571),(1575,1571),(1576,1571),(1552,1577),(1578,1577),(1579,1577),(1580,1577),(1581,1577),(1582,1577),(1584,1585),(1586,1585),(1587,1585),(1588,1585),(1589,1585),(1590,1585),(1584,1591),(1592,1591),(1593,1591),(1594,1591),(1595,1591),(1596,1591),(1584,1597),(1598,1597),(1599,1597),(1600,1597),(1601,1597),(1602,1597),(1584,1603),(1604,1603),(1605,1603),(1606,1603),(1607,1603),(1608,1603),(1610,1611),(1612,1611),(1613,1611),(1614,1611),(1615,1611),(1616,1611),(1610,1617),(1618,1617),(1619,1617),(1620,1617),(1621,1617),(1622,1617),(1624,1625),(1626,1625),(1627,1625),(1628,1625),(1629,1625),(1630,1625),(1624,1631),(1632,1631),(1633,1631),(1634,1631),(1635,1631),(1636,1631),(1624,1637),(1638,1637),(1639,1637),(1640,1637),(1641,1637),(1642,1637),(1624,1643),(1644,1643),(1645,1643),(1646,1643),(1647,1643),(1648,1643),(1624,1649),(1650,1649),(1651,1649),(1652,1649),(1653,1649),(1654,1649),(1624,1655),(1656,1655),(1657,1655),(1658,1655),(1659,1655),(1660,1655),(1664,1663),(1665,1663),(1666,1663),(1667,1663),(1668,1663),(1662,1669),(1670,1669),(1671,1669),(1672,1669),(1673,1669),(1674,1669),(1662,1675),(1676,1675),(1677,1675),(1678,1675),(1679,1675),(1680,1675),(1662,1681),(1682,1681),(1683,1681),(1684,1681),(1685,1681),(1686,1681),(1662,1687),(1688,1687),(1689,1687),(1690,1687),(1691,1687),(1692,1687),(1693,1687),(1662,1694),(1695,1694),(1696,1694),(1697,1694),(1698,1694),(1699,1694),(1662,1700),(1701,1700),(1702,1700),(1703,1700),(1704,1700),(1705,1700),(1662,1706),(1707,1706),(1708,1706),(1709,1706),(1710,1706),(1711,1706),(1713,1712),(1714,1712),(1715,1712),(1716,1712),(1717,1712),(1719,1720),(1721,1720),(1722,1720),(1723,1720),(1724,1720),(1725,1720),(1719,1726),(1727,1726),(1728,1726),(1729,1726),(1730,1726),(1731,1726),(1733,1732),(1734,1732),(1735,1732),(1736,1732),(1737,1732),(1719,1738),(1739,1738),(1740,1738),(1741,1738),(1742,1738),(1743,1738),(1719,1744),(1745,1744),(1746,1744),(1747,1744),(1748,1744),(1749,1744),(1753,1752),(1754,1752),(1755,1752),(1756,1752),(1757,1752),(1759,1760),(1761,1760),(1762,1760),(1763,1760),(1764,1760),(1765,1760),(1759,1766),(1767,1766),(1768,1766),(1769,1766),(1770,1766),(1771,1766),(1773,1772),(1774,1772),(1775,1772),(1776,1772),(1777,1772),(1759,1778),(1779,1778),(1780,1778),(1781,1778),(1782,1778),(1783,1778),(1785,1784),(1786,1784),(1787,1784),(1788,1784),(1789,1784),(1759,1790),(1791,1790),(1792,1790),(1793,1790),(1794,1790),(1795,1790),(1759,1796),(1797,1796),(1798,1796),(1799,1796),(1800,1796),(1801,1796),(1759,1802),(1803,1802),(1804,1802),(1805,1802),(1806,1802),(1807,1802),(1759,1808),(1809,1808),(1810,1808),(1811,1808),(1812,1808),(1813,1808),(1815,1816),(1817,1816),(1818,1816),(1819,1816),(1820,1816),(1821,1816),(1815,1822),(1823,1822),(1824,1822),(1825,1822),(1826,1822),(1827,1822),(1815,1828),(1829,1828),(1830,1828),(1831,1828),(1832,1828),(1833,1828),(1835,1834),(1836,1834),(1837,1834),(1838,1834),(1839,1834),(1815,1840),(1841,1840),(1842,1840),(1843,1840),(1844,1840),(1845,1840),(1846,1840),(1848,1847),(1849,1847),(1850,1847),(1851,1847),(1852,1847),(1857,1858),(1859,1858),(1860,1858),(1861,1858),(1862,1858),(1863,1858),(1865,1866),(1867,1866),(1868,1866),(1869,1866),(1870,1866),(1871,1866),(1873,1872),(1874,1872),(1875,1872),(1876,1872),(1877,1872),(1865,1878),(1879,1878),(1880,1878),(1881,1878),(1882,1878),(1883,1878),(1865,1884),(1885,1884),(1886,1884),(1887,1884),(1888,1884),(1889,1884),(1865,1890),(1891,1890),(1892,1890),(1893,1890),(1894,1890),(1895,1890),(1865,1896),(1897,1896),(1898,1896),(1899,1896),(1900,1896),(1901,1896),(1902,1896),(1904,1903),(1905,1903),(1906,1903),(1907,1903),(1908,1903),(1865,1909),(1910,1909),(1911,1909),(1912,1909),(1913,1909),(1914,1909),(1916,1917),(1918,1917),(1919,1917),(1920,1917),(1921,1917),(1922,1917),(1924,1923),(1925,1923),(1926,1923),(1927,1923),(1928,1923),(1930,1929),(1931,1929),(1932,1929),(1933,1929),(1934,1929),(1916,1935),(1936,1935),(1937,1935),(1938,1935),(1939,1935),(1940,1935),(1942,1941),(1943,1941),(1944,1941),(1945,1941),(1946,1941),(1916,1947),(1948,1947),(1949,1947),(1950,1947),(1951,1947),(1952,1947),(1954,1955),(1956,1955),(1957,1955),(1958,1955),(1959,1955),(1960,1955),(1954,1961),(1962,1961),(1963,1961),(1964,1961),(1965,1961),(1966,1961),(1954,1967),(1968,1967),(1969,1967),(1970,1967),(1971,1967),(1972,1967),(1954,1973),(1974,1973),(1975,1973),(1976,1973),(1977,1973),(1978,1973),(1980,1981),(1982,1981),(1983,1981),(1984,1981),(1985,1981),(1986,1981),(1988,1987),(1989,1987),(1990,1987),(1991,1987),(1992,1987),(1980,1993),(1994,1993),(1995,1993),(1996,1993),(1997,1993),(1998,1993),(2000,2001),(2002,2001),(2003,2001),(2004,2001),(2005,2001),(2006,2001),(2000,2007),(2008,2007),(2009,2007),(2010,2007),(2011,2007),(2012,2007),(2000,2013),(2014,2013),(2015,2013),(2016,2013),(2017,2013),(2018,2013),(2000,2019),(2020,2019),(2021,2019),(2022,2019),(2023,2019),(2024,2019),(2000,2025),(2026,2025),(2027,2025),(2028,2025),(2029,2025),(2030,2025),(2000,2031),(2032,2031),(2033,2031),(2034,2031),(2035,2031),(2036,2031),(2038,2037),(2039,2037),(2040,2037),(2041,2037),(2042,2037),(2044,2045),(2046,2045),(2047,2045),(2048,2045),(2049,2045),(2050,2045),(2044,2051),(2052,2051),(2053,2051),(2054,2051),(2055,2051),(2056,2051),(2058,2057),(2059,2057),(2060,2057),(2061,2057),(2062,2057),(2044,2063),(2064,2063),(2065,2063),(2066,2063),(2067,2063),(2068,2063),(2044,2069),(2070,2069),(2071,2069),(2072,2069),(2073,2069),(2074,2069),(2044,2075),(2076,2075),(2077,2075),(2078,2075),(2079,2075),(2080,2075),(2044,2081),(2082,2081),(2083,2081),(2084,2081),(2085,2081),(2086,2081),(2088,2089),(2090,2089),(2091,2089),(2092,2089),(2093,2089),(2094,2089),(2088,2095),(2096,2095),(2097,2095),(2098,2095),(2099,2095),(2100,2095),(2088,2101),(2102,2101),(2103,2101),(2104,2101),(2105,2101),(2106,2101),(2108,2107),(2109,2107),(2110,2107),(2111,2107),(2112,2107),(2088,2113),(2114,2113),(2115,2113),(2116,2113),(2117,2113),(2118,2113),(2120,2121),(2122,2121),(2123,2121),(2124,2121),(2125,2121),(2126,2121),(2120,2127),(2128,2127),(2129,2127),(2130,2127),(2131,2127),(2132,2127),(2134,2135),(2136,2135),(2137,2135),(2138,2135),(2139,2135),(2140,2135),(2134,2141),(2142,2141),(2143,2141),(2144,2141),(2145,2141),(2146,2141),(2148,2149),(2150,2149),(2151,2149),(2152,2149),(2153,2149),(2154,2149),(2148,2155),(2156,2155),(2157,2155),(2158,2155),(2159,2155),(2160,2155),(2164,2163),(2165,2163),(2166,2163),(2167,2163),(2168,2163),(2162,2169),(2170,2169),(2171,2169),(2172,2169),(2173,2169),(2174,2169),(2162,2175),(2176,2175),(2177,2175),(2178,2175),(2179,2175),(2180,2175),(2162,2181),(2182,2181),(2183,2181),(2184,2181),(2185,2181),(2186,2181),(2162,2187),(2188,2187),(2189,2187),(2190,2187),(2191,2187),(2192,2187),(2162,2193),(2194,2193),(2195,2193),(2196,2193),(2197,2193),(2198,2193),(2162,2199),(2200,2199),(2201,2199),(2202,2199),(2203,2199),(2204,2199),(2206,2207),(2208,2207),(2209,2207),(2210,2207),(2211,2207),(2212,2207),(2214,2213),(2215,2213),(2216,2213),(2217,2213),(2218,2213),(2220,2219),(2221,2219),(2222,2219),(2223,2219),(2224,2219),(2206,2225),(2226,2225),(2227,2225),(2228,2225),(2229,2225),(2230,2225),(2206,2231),(2232,2231),(2233,2231),(2234,2231),(2235,2231),(2236,2231),(2206,2237),(2238,2237),(2239,2237),(2240,2237),(2241,2237),(2242,2237),(2246,2245),(2247,2245),(2248,2245),(2249,2245),(2250,2245),(2244,2251),(2252,2251),(2253,2251),(2254,2251),(2255,2251),(2256,2251),(2244,2257),(2258,2257),(2259,2257),(2260,2257),(2261,2257),(2262,2257),(2244,2263),(2264,2263),(2265,2263),(2266,2263),(2267,2263),(2268,2263),(2272,2271),(2273,2271),(2274,2271),(2275,2271),(2276,2271),(2270,2277),(2278,2277),(2279,2277),(2280,2277),(2281,2277),(2282,2277),(2270,2283),(2284,2283),(2285,2283),(2286,2283),(2287,2283),(2288,2283),(2289,2283),(2291,2290),(2292,2290),(2293,2290),(2294,2290),(2295,2290),(2270,2296),(2297,2296),(2298,2296),(2299,2296),(2300,2296),(2301,2296),(2302,2296),(2270,2303),(2304,2303),(2305,2303),(2306,2303),(2307,2303),(2308,2303),(2270,2309),(2310,2309),(2311,2309),(2312,2309),(2313,2309),(2314,2309),(2316,2315),(2317,2315),(2318,2315),(2319,2315),(2320,2315),(2270,2321),(2322,2321),(2323,2321),(2324,2321),(2325,2321),(2326,2321),(2328,2329),(2330,2329),(2331,2329),(2332,2329),(2333,2329),(2334,2329),(2328,2335),(2336,2335),(2337,2335),(2338,2335),(2339,2335),(2340,2335),(2328,2341),(2342,2341),(2343,2341),(2344,2341),(2345,2341),(2346,2341),(2328,2347),(2348,2347),(2349,2347),(2350,2347),(2351,2347),(2352,2347),(2359,2358),(2360,2358),(2361,2358),(2362,2358),(2363,2358),(2357,2364),(2365,2364),(2366,2364),(2367,2364),(2368,2364),(2369,2364),(2357,2370),(2371,2370),(2372,2370),(2373,2370),(2374,2370),(2375,2370),(2357,2376),(2377,2376),(2378,2376),(2379,2376),(2380,2376),(2381,2376),(2357,2382),(2383,2382),(2384,2382),(2385,2382),(2386,2382),(2387,2382),(2389,2390),(2391,2390),(2392,2390),(2393,2390),(2394,2390),(2395,2390),(2389,2396),(2397,2396),(2398,2396),(2399,2396),(2400,2396),(2401,2396),(2389,2402),(2403,2402),(2404,2402),(2405,2402),(2406,2402),(2407,2402),(2389,2408),(2409,2408),(2410,2408),(2411,2408),(2412,2408),(2413,2408),(2415,2414),(2416,2414),(2417,2414),(2418,2414),(2419,2414),(2389,2420),(2421,2420),(2422,2420),(2423,2420),(2424,2420),(2425,2420),(2389,2426),(2427,2426),(2428,2426),(2429,2426),(2430,2426),(2431,2426),(2433,2434),(2435,2434),(2436,2434),(2437,2434),(2438,2434),(2439,2434),(2433,2440),(2441,2440),(2442,2440),(2443,2440),(2444,2440),(2445,2440),(2433,2446),(2447,2446),(2448,2446),(2449,2446),(2450,2446),(2451,2446),(2433,2452),(2453,2452),(2454,2452),(2455,2452),(2456,2452),(2457,2452),(2461,2460),(2462,2460),(2463,2460),(2464,2460),(2465,2460),(2467,2468),(2469,2468),(2470,2468),(2471,2468),(2472,2468),(2473,2468),(2467,2474),(2475,2474),(2476,2474),(2477,2474),(2478,2474),(2479,2474),(2467,2480),(2481,2480),(2482,2480),(2483,2480),(2484,2480),(2485,2480),(2467,2486),(2487,2486),(2488,2486),(2489,2486),(2490,2486),(2491,2486),(2498,2497),(2499,2497),(2500,2497),(2501,2497),(2502,2497),(2496,2503),(2504,2503),(2505,2503),(2506,2503),(2507,2503),(2508,2503),(2496,2509),(2510,2509),(2511,2509),(2512,2509),(2513,2509),(2514,2509),(2515,2509),(2496,2516),(2517,2516),(2518,2516),(2519,2516),(2520,2516),(2521,2516),(2496,2522),(2523,2522),(2524,2522),(2525,2522),(2526,2522),(2527,2522),(2496,2528),(2529,2528),(2530,2528),(2531,2528),(2532,2528),(2533,2528),(2496,2534),(2535,2534),(2536,2534),(2537,2534),(2538,2534),(2539,2534),(2543,2544),(2545,2544),(2546,2544),(2547,2544),(2548,2544),(2549,2544),(2543,2550),(2551,2550),(2552,2550),(2553,2550),(2554,2550),(2555,2550),(2543,2556),(2557,2556),(2558,2556),(2559,2556),(2560,2556),(2561,2556),(2543,2562),(2563,2562),(2564,2562),(2565,2562),(2566,2562),(2567,2562),(2543,2568),(2569,2568),(2570,2568),(2571,2568),(2572,2568),(2573,2568),(2543,2574),(2575,2574),(2576,2574),(2577,2574),(2578,2574),(2579,2574),(2583,2582),(2584,2582),(2585,2582),(2586,2582),(2587,2582),(2589,2588),(2590,2588),(2591,2588),(2592,2588),(2593,2588),(2595,2594),(2596,2594),(2597,2594),(2598,2594),(2599,2594),(2581,2600),(2601,2600),(2602,2600),(2603,2600),(2604,2600),(2605,2600),(2607,2606),(2608,2606),(2609,2606),(2610,2606),(2611,2606),(2581,2612),(2613,2612),(2614,2612),(2615,2612),(2616,2612),(2617,2612),(2581,2618),(2619,2618),(2620,2618),(2621,2618),(2622,2618),(2623,2618),(2581,2624),(2625,2624),(2626,2624),(2627,2624),(2628,2624),(2629,2624),(2631,2632),(2633,2632),(2634,2632),(2635,2632),(2636,2632),(2637,2632),(2631,2638),(2639,2638),(2640,2638),(2641,2638),(2642,2638),(2643,2638),(2631,2644),(2645,2644),(2646,2644),(2647,2644),(2648,2644),(2649,2644),(2631,2650),(2651,2650),(2652,2650),(2653,2650),(2654,2650),(2655,2650),(2631,2656),(2657,2656),(2658,2656),(2659,2656),(2660,2656),(2661,2656),(2631,2662),(2663,2662),(2664,2662),(2665,2662),(2666,2662),(2667,2662),(2631,2668),(2669,2668),(2670,2668),(2671,2668),(2672,2668),(2673,2668),(2631,2674),(2675,2674),(2676,2674),(2677,2674),(2678,2674),(2679,2674),(2681,2680),(2682,2680),(2683,2680),(2684,2680),(2685,2680);
CREATE INDEX "idx_connectsTo_connectsTo_idx1" ON "connectsTo" (`TrackElement1_id`);
CREATE INDEX "idx_connectsTo_connectsTo_idx2" ON "connectsTo" (`TrackElement2_id`);
CREATE INDEX "idx_Segment_segment_length_idx" ON "Segment" (`length`);
CREATE INDEX "idx_monitoredBy_monitoredBy_idx" ON "monitoredBy" (`Sensor_id`,`TrackElement_id`);
END TRANSACTION;
