PRAGMA synchronous = OFF;
PRAGMA journal_mode = MEMORY;
BEGIN TRANSACTION;
CREATE TABLE `Region` (
  `id` integer NOT NULL PRIMARY KEY AUTOINCREMENT
);
INSERT INTO `Region` VALUES (4),(51),(160),(183),(386),(930),(1599),(1981),(2407),(2981);
CREATE TABLE `Route` (
  `id` integer NOT NULL PRIMARY KEY AUTOINCREMENT
,  `active` integer DEFAULT NULL
,  `entry` integer DEFAULT NULL
,  `exit` integer DEFAULT NULL
);
INSERT INTO `Route` VALUES (3,1,NULL,2),(50,1,2,49),(159,1,49,158),(182,1,NULL,181),(385,1,181,384),(929,1,384,928),(1598,1,928,1597),(1980,1,1597,1979),(2406,1,1979,2405),(2980,1,2405,1);
CREATE TABLE `Segment` (
  `id` integer NOT NULL PRIMARY KEY AUTOINCREMENT
,  `length` integer NOT NULL DEFAULT '1'
);
INSERT INTO `Segment` VALUES (7,335),(8,439),(9,90),(10,395),(11,134),(13,137),(14,494),(15,979),(16,815),(17,813),(19,968),(20,197),(21,324),(22,645),(23,517),(25,212),(26,994),(27,472),(28,679),(29,745),(31,542),(32,655),(33,988),(34,483),(35,636),(37,429),(38,892),(39,149),(40,209),(41,721),(43,853),(44,560),(45,190),(46,764),(47,872),(54,232),(55,901),(56,530),(57,494),(58,273),(60,975),(61,386),(62,220),(63,929),(64,152),(66,246),(67,246),(68,437),(69,375),(70,942),(72,301),(73,437),(74,511),(75,625),(76,111),(78,227),(79,145),(80,789),(81,456),(82,434),(84,-822),(85,395),(86,608),(87,829),(88,619),(90,921),(91,329),(92,703),(93,763),(94,890),(96,257),(97,488),(98,366),(99,638),(100,102),(104,386),(105,462),(106,657),(107,931),(108,119),(110,392),(111,782),(112,212),(113,907),(114,118),(116,186),(117,324),(118,881),(119,740),(120,897),(122,250),(123,579),(124,39),(125,91),(126,963),(128,402),(129,337),(130,59),(131,686),(132,212),(134,191),(135,610),(136,374),(137,792),(138,100),(140,11),(141,14),(142,232),(143,605),(144,799),(146,518),(147,90),(148,52),(149,685),(150,404),(152,610),(153,514),(154,883),(155,270),(156,684),(163,917),(164,373),(165,507),(166,348),(167,411),(169,75),(170,565),(171,883),(172,415),(173,136),(175,857),(176,933),(177,976),(178,644),(179,519),(186,905),(187,453),(188,322),(189,524),(190,82),(192,717),(193,150),(194,159),(195,683),(196,806),(198,371),(199,227),(200,208),(201,611),(202,605),(204,652),(205,27),(206,42),(207,772),(208,817),(210,300),(211,51),(212,270),(213,195),(214,899),(216,21),(217,820),(218,291),(219,95),(220,522),(222,108),(223,176),(224,759),(225,61),(226,917),(230,358),(231,673),(232,969),(233,421),(234,514),(238,909),(239,750),(240,200),(241,79),(242,135),(244,639),(245,758),(246,89),(247,135),(248,735),(250,576),(251,78),(252,56),(253,161),(254,145),(256,367),(257,522),(258,579),(259,940),(260,900),(264,282),(265,983),(266,78),(267,229),(268,137),(270,500),(271,683),(272,633),(273,456),(274,525),(276,173),(277,638),(278,792),(279,65),(280,707),(284,507),(285,83),(286,186),(287,915),(288,303),(290,31),(291,100),(292,741),(293,569),(294,881),(296,838),(297,215),(298,845),(299,573),(300,475),(302,723),(303,495),(304,123),(305,772),(306,769),(308,456),(309,148),(310,922),(311,912),(312,-451),(316,998),(317,638),(318,669),(319,546),(320,443),(322,827),(323,941),(324,26),(325,939),(326,703),(328,236),(329,994),(330,837),(331,479),(332,297),(334,283),(335,52),(336,694),(337,895),(338,140),(340,57),(341,250),(342,935),(343,235),(344,326),(346,392),(347,628),(348,558),(349,110),(350,30),(352,351),(353,54),(354,509),(355,196),(356,675),(360,5),(361,682),(362,76),(363,169),(364,171),(366,726),(367,421),(368,188),(369,149),(370,413),(372,531),(373,36),(374,578),(375,322),(376,563),(378,252),(379,611),(380,98),(381,107),(382,360),(389,296),(390,-684),(391,810),(392,659),(393,630),(395,605),(396,501),(397,555),(398,368),(399,777),(401,520),(402,585),(403,11),(404,287),(405,947),(407,867),(408,940),(409,965),(410,-378),(411,268),(413,-144),(414,43),(415,938),(416,693),(417,813),(419,781),(420,267),(421,328),(422,761),(423,453),(425,536),(426,818),(427,378),(428,68),(429,124),(431,796),(432,649),(433,697),(434,1000),(435,827),(437,555),(438,578),(439,597),(440,992),(441,149),(445,38),(446,598),(447,172),(448,263),(449,411),(453,298),(454,486),(455,942),(456,553),(457,393),(461,147),(462,170),(463,167),(464,886),(465,74),(467,490),(468,780),(469,931),(470,558),(471,220),(475,609),(476,857),(477,400),(478,249),(479,537),(481,941),(482,134),(483,947),(484,506),(485,387),(487,533),(488,174),(489,99),(490,347),(491,679),(493,95),(494,669),(495,628),(496,50),(497,44),(499,685),(500,759),(501,233),(502,239),(503,466),(505,868),(506,938),(507,675),(508,573),(509,220),(511,674),(512,493),(513,777),(514,-363),(515,297),(517,343),(518,261),(519,378),(520,300),(521,403),(523,808),(524,77),(525,419),(526,752),(527,100),(531,986),(532,487),(533,461),(534,997),(535,25),(536,723),(538,375),(539,727),(540,77),(541,84),(542,11),(544,53),(545,573),(546,447),(547,340),(548,748),(550,911),(551,837),(552,245),(553,171),(554,83),(556,-816),(557,220),(558,851),(559,38),(560,399),(562,721),(563,394),(564,904),(565,939),(566,303),(568,803),(569,780),(570,97),(571,157),(572,365),(574,714),(575,210),(576,630),(577,61),(578,807),(580,387),(581,864),(582,731),(583,761),(584,98),(588,78),(589,573),(590,808),(591,631),(592,284),(594,700),(595,918),(596,648),(597,300),(598,212),(600,701),(601,365),(602,477),(603,166),(604,379),(608,945),(609,997),(610,681),(611,80),(612,913),(614,557),(615,165),(616,238),(617,691),(618,804),(622,113),(623,575),(624,131),(625,211),(626,911),(628,248),(629,351),(630,95),(631,912),(632,99),(634,504),(635,471),(636,525),(637,795),(638,636),(640,367),(641,685),(642,148),(643,768),(644,905),(646,-263),(647,926),(648,672),(649,496),(650,551),(651,763),(653,929),(654,710),(655,52),(656,667),(657,285),(661,432),(662,232),(663,404),(664,280),(665,927),(667,11),(668,324),(669,15),(670,309),(671,596),(673,887),(674,838),(675,380),(676,625),(677,883),(679,559),(680,448),(681,367),(682,576),(683,734),(685,438),(686,362),(687,658),(688,565),(689,618),(691,170),(692,809),(693,434),(694,574),(695,81),(697,719),(698,738),(699,811),(700,979),(701,354),(703,998),(704,297),(705,941),(706,320),(707,867),(711,399),(712,248),(713,390),(714,871),(715,387),(717,17),(718,556),(719,225),(720,957),(721,481),(725,242),(726,263),(727,445),(728,633),(729,310),(731,514),(732,938),(733,507),(734,39),(735,232),(737,623),(738,711),(739,689),(740,56),(741,177),(743,302),(744,386),(745,514),(746,827),(747,88),(749,123),(750,131),(751,329),(752,959),(753,159),(755,-645),(756,164),(757,220),(758,395),(759,710),(761,794),(762,327),(763,754),(764,515),(765,767),(767,456),(768,918),(769,116),(770,513),(771,105),(773,56),(774,585),(775,433),(776,649),(777,772),(781,824),(782,726),(783,733),(784,563),(785,355),(787,991),(788,715),(789,341),(790,185),(791,155),(793,884),(794,391),(795,140),(796,428),(797,662),(799,940),(800,255),(801,283),(802,387),(803,782),(805,962),(806,666),(807,791),(808,935),(809,754),(811,979),(812,391),(813,-856),(814,43),(815,658),(817,322),(818,42),(819,598),(820,62),(821,68),(823,552),(824,641),(825,497),(826,84),(827,13),(831,540),(832,775),(833,430),(834,995),(835,899),(837,277),(838,384),(839,200),(840,506),(841,846),(843,180),(844,756),(845,53),(846,208),(847,632),(849,941),(850,954),(851,470),(852,445),(853,734),(857,751),(858,276),(859,394),(860,436),(861,193),(863,31),(864,131),(865,163),(866,266),(867,46),(869,208),(870,34),(871,181),(872,356),(873,348),(875,849),(876,70),(877,950),(878,124),(879,361),(881,369),(882,260),(883,727),(884,688),(885,391),(886,496),(888,829),(889,490),(890,45),(891,503),(892,529),(894,542),(895,145),(896,761),(897,52),(898,-936),(902,782),(903,968),(904,687),(905,633),(906,783),(908,821),(909,44),(910,327),(911,12),(912,459),(914,3),(915,471),(916,682),(917,115),(918,517),(922,578),(923,982),(924,805),(925,326),(926,832),(933,518),(934,541),(935,491),(936,555),(937,720),(939,829),(940,99),(941,175),(942,425),(943,186),(945,814),(946,-431),(947,646),(948,535),(949,-524),(953,26),(954,343),(955,881),(956,296),(957,997),(959,323),(960,172),(961,756),(962,203),(963,360),(965,869),(966,13),(967,124),(968,477),(969,849),(971,771),(972,261),(973,132),(974,14),(975,406),(979,674),(980,478),(981,86),(982,898),(983,526),(985,608),(986,123),(987,251),(988,523),(989,98),(991,548),(992,129),(993,890),(994,599),(995,470),(999,111),(1000,704),(1001,423),(1002,463),(1003,734),(1005,425),(1006,704),(1007,209),(1008,240),(1009,589),(1011,640),(1012,760),(1013,488),(1014,912),(1015,945),(1017,87),(1018,90),(1019,974),(1020,205),(1021,692),(1023,682),(1024,392),(1025,800),(1026,-282),(1027,385),(1029,878),(1030,190),(1031,214),(1032,867),(1033,213),(1035,366),(1036,887),(1037,409),(1038,279),(1039,36),(1043,9),(1044,279),(1045,801),(1046,210),(1047,575),(1049,618),(1050,961),(1051,731),(1052,601),(1053,807),(1055,313),(1056,922),(1057,250),(1058,518),(1059,205),(1061,527),(1062,927),(1063,152),(1064,656),(1065,431),(1067,323),(1068,241),(1069,927),(1070,542),(1071,992),(1073,849),(1074,568),(1075,867),(1076,620),(1077,303),(1081,69),(1082,85),(1083,784),(1084,234),(1085,627),(1087,555),(1088,365),(1089,488),(1090,583),(1091,972),(1093,873),(1094,75),(1095,533),(1096,688),(1097,953),(1099,86),(1100,292),(1101,320),(1102,793),(1103,991),(1105,281),(1106,843),(1107,304),(1108,780),(1109,911),(1111,938),(1112,-74),(1113,942),(1114,995),(1115,501),(1117,547),(1118,202),(1119,274),(1120,743),(1121,932),(1123,29),(1124,174),(1125,369),(1126,335),(1127,368),(1129,216),(1130,225),(1131,366),(1132,631),(1133,467),(1137,424),(1138,836),(1139,314),(1140,287),(1141,679),(1143,722),(1144,638),(1145,-621),(1146,515),(1147,467),(1149,557),(1150,902),(1151,95),(1152,829),(1153,49),(1157,445),(1158,899),(1159,991),(1160,458),(1161,4),(1163,768),(1164,842),(1165,881),(1166,784),(1167,559),(1168,354),(1170,248),(1171,262),(1172,743),(1173,269),(1174,534),(1176,443),(1177,395),(1178,685),(1179,603),(1180,665),(1182,169),(1183,801),(1184,889),(1185,252),(1186,835),(1187,247),(1189,160),(1190,88),(1191,398),(1192,997),(1193,457),(1197,355),(1198,249),(1199,437),(1200,13),(1201,390),(1203,558),(1204,37),(1205,41),(1206,26),(1207,670),(1209,709),(1210,215),(1211,985),(1212,489),(1213,821),(1215,535),(1216,684),(1217,142),(1218,613),(1219,166),(1221,392),(1222,560),(1223,379),(1224,173),(1225,364),(1227,867),(1228,644),(1229,277),(1230,22),(1231,312),(1233,-496),(1234,585),(1235,688),(1236,407),(1237,865),(1241,995),(1242,187),(1243,99),(1244,381),(1245,552),(1247,309),(1248,43),(1249,550),(1250,983),(1251,-970),(1253,957),(1254,881),(1255,658),(1256,485),(1257,767),(1259,71),(1260,219),(1261,507),(1262,948),(1263,258),(1267,677),(1268,940),(1269,107),(1270,-605),(1271,432),(1273,526),(1274,958),(1275,591),(1276,172),(1277,284),(1279,306),(1280,617),(1281,444),(1282,170),(1283,582),(1285,275),(1286,193),(1287,929),(1288,283),(1289,353),(1293,833),(1294,273),(1295,367),(1296,840),(1297,78),(1299,101),(1300,272),(1301,646),(1302,598),(1303,22),(1305,310),(1306,-933),(1307,818),(1308,484),(1309,102),(1310,36),(1312,666),(1313,571),(1314,938),(1315,294),(1316,254),(1318,655),(1319,671),(1320,370),(1321,406),(1322,971),(1324,162),(1325,622),(1326,820),(1327,831),(1328,172),(1332,95),(1333,95),(1334,782),(1335,635),(1336,725),(1338,406),(1339,490),(1340,58),(1341,918),(1342,194),(1344,280),(1345,535),(1346,147),(1347,715),(1348,385),(1350,780),(1351,359),(1352,374),(1353,3),(1354,343),(1358,254),(1359,186),(1360,580),(1361,93),(1362,236),(1364,10),(1365,816),(1366,403),(1367,173),(1368,714),(1369,457),(1371,801),(1372,721),(1373,487),(1374,675),(1375,725),(1377,65),(1378,825),(1379,351),(1380,248),(1381,575),(1383,818),(1384,84),(1385,996),(1386,999),(1387,471),(1389,701),(1390,104),(1391,89),(1392,804),(1393,853),(1395,117),(1396,294),(1397,369),(1398,148),(1399,285),(1401,373),(1402,424),(1403,315),(1404,131),(1405,654),(1407,791),(1408,459),(1409,166),(1410,772),(1411,411),(1415,650),(1416,50),(1417,954),(1418,353),(1419,231),(1421,65),(1422,708),(1423,731),(1424,563),(1425,53),(1427,823),(1428,9),(1429,368),(1430,922),(1431,726),(1433,131),(1434,9),(1435,211),(1436,348),(1437,313),(1439,425),(1440,332),(1441,547),(1442,262),(1443,908),(1445,-954),(1446,725),(1447,718),(1448,647),(1449,393),(1451,175),(1452,978),(1453,810),(1454,336),(1455,716),(1457,287),(1458,417),(1459,945),(1460,169),(1461,634),(1465,-977),(1466,636),(1467,218),(1468,762),(1469,366),(1471,355),(1472,814),(1473,814),(1474,-688),(1475,990),(1477,225),(1478,459),(1479,392),(1480,396),(1481,257),(1483,384),(1484,923),(1485,323),(1486,-992),(1487,48),(1491,292),(1492,-591),(1493,850),(1494,880),(1495,718),(1497,151),(1498,884),(1499,67),(1500,26),(1501,236),(1503,186),(1504,952),(1505,293),(1506,826),(1507,233),(1509,208),(1510,470),(1511,577),(1512,313),(1513,754),(1515,371),(1516,693),(1517,482),(1518,854),(1519,405),(1521,855),(1522,369),(1523,777),(1524,703),(1525,894),(1527,56),(1528,562),(1529,262),(1530,111),(1531,312),(1535,367),(1536,698),(1537,86),(1538,457),(1539,930),(1541,689),(1542,353),(1543,716),(1544,188),(1545,369),(1547,41),(1548,907),(1549,742),(1550,835),(1551,657),(1553,177),(1554,573),(1555,723),(1556,900),(1557,705),(1559,935),(1560,627),(1561,700),(1562,963),(1563,331),(1565,764),(1566,969),(1567,572),(1568,971),(1569,989),(1571,914),(1572,817),(1573,480),(1574,484),(1575,761),(1577,963),(1578,378),(1579,658),(1580,176),(1581,14),(1583,464),(1584,929),(1585,961),(1586,455),(1587,284),(1591,720),(1592,216),(1593,332),(1594,87),(1595,703),(1602,606),(1603,143),(1604,430),(1605,377),(1606,254),(1608,511),(1609,552),(1610,84),(1611,15),(1612,998),(1614,782),(1615,843),(1616,621),(1617,815),(1618,153),(1620,144),(1621,404),(1622,620),(1623,933),(1624,261),(1626,-838),(1627,224),(1628,92),(1629,499),(1630,11),(1632,723),(1633,671),(1634,254),(1635,965),(1636,335),(1640,386),(1641,612),(1642,165),(1643,925),(1644,858),(1646,51),(1647,340),(1648,671),(1649,973),(1650,131),(1652,996),(1653,329),(1654,136),(1655,789),(1656,953),(1658,609),(1659,842),(1660,566),(1661,62),(1662,183),(1664,962),(1665,121),(1666,610),(1667,367),(1668,205),(1670,671),(1671,529),(1672,120),(1673,658),(1674,908),(1676,755),(1677,712),(1678,541),(1679,360),(1680,471),(1682,436),(1683,668),(1684,179),(1685,809),(1686,422),(1687,805),(1689,580),(1690,352),(1691,63),(1692,992),(1693,93),(1697,682),(1698,647),(1699,911),(1700,10),(1701,686),(1705,541),(1706,1000),(1707,108),(1708,868),(1709,734),(1711,874),(1712,218),(1713,421),(1714,224),(1715,256),(1717,876),(1718,244),(1719,486),(1720,972),(1721,-746),(1723,407),(1724,753),(1725,536),(1726,36),(1727,401),(1729,188),(1730,451),(1731,845),(1732,844),(1733,701),(1735,620),(1736,839),(1737,139),(1738,527),(1739,486),(1741,962),(1742,632),(1743,181),(1744,370),(1745,127),(1747,753),(1748,992),(1749,798),(1750,171),(1751,127),(1755,837),(1756,38),(1757,747),(1758,616),(1759,238),(1761,882),(1762,959),(1763,793),(1764,235),(1765,793),(1769,259),(1770,47),(1771,60),(1772,58),(1773,920),(1775,992),(1776,576),(1777,861),(1778,366),(1779,835),(1781,145),(1782,177),(1783,683),(1784,64),(1785,986),(1787,251),(1788,204),(1789,900),(1790,760),(1791,515),(1793,772),(1794,196),(1795,242),(1796,236),(1797,312),(1799,-783),(1800,893),(1801,963),(1802,760),(1803,638),(1805,255),(1806,105),(1807,506),(1808,322),(1809,225),(1813,487),(1814,50),(1815,221),(1816,621),(1817,74),(1819,-608),(1820,403),(1821,659),(1822,349),(1823,561),(1825,117),(1826,953),(1827,658),(1828,613),(1829,400),(1831,383),(1832,738),(1833,77),(1834,551),(1835,958),(1837,461),(1838,209),(1839,778),(1840,7),(1841,484),(1843,890),(1844,141),(1845,608),(1846,469),(1847,510),(1849,963),(1850,916),(1851,333),(1852,747),(1853,827),(1857,728),(1858,62),(1859,79),(1860,347),(1861,913),(1865,424),(1866,83),(1867,287),(1868,436),(1869,521),(1871,781),(1872,941),(1873,654),(1874,371),(1875,569),(1877,505),(1878,297),(1879,-957),(1880,941),(1881,347),(1883,800),(1884,386),(1885,704),(1886,110),(1887,7),(1889,-595),(1890,202),(1891,750),(1892,742),(1893,742),(1895,522),(1896,90),(1897,919),(1898,300),(1899,175),(1903,948),(1904,759),(1905,161),(1906,76),(1907,443),(1909,371),(1910,323),(1911,531),(1912,213),(1913,782),(1915,715),(1916,782),(1917,530),(1918,574),(1919,591),(1921,347),(1922,936),(1923,721),(1924,445),(1925,212),(1927,796),(1928,776),(1929,942),(1930,929),(1931,612),(1935,980),(1936,5),(1937,246),(1938,518),(1939,274),(1941,637),(1942,319),(1943,628),(1944,6),(1945,838),(1947,406),(1948,859),(1949,511),(1950,55),(1951,131),(1955,887),(1956,40),(1957,917),(1958,699),(1959,553),(1961,18),(1962,563),(1963,444),(1964,558),(1965,399),(1967,53),(1968,322),(1969,717),(1970,151),(1971,363),(1973,859),(1974,597),(1975,328),(1976,109),(1977,563),(1984,264),(1985,389),(1986,915),(1987,600),(1988,435),(1990,533),(1991,41),(1992,115),(1993,766),(1994,997),(1996,413),(1997,952),(1998,589),(1999,307),(2000,372),(2004,883),(2005,805),(2006,107),(2007,957),(2008,17),(2010,580),(2011,425),(2012,810),(2013,612),(2014,854),(2016,169),(2017,313),(2018,258),(2019,804),(2020,285),(2022,873),(2023,172),(2024,68),(2025,963),(2026,-175),(2028,908),(2029,527),(2030,872),(2031,936),(2032,83),(2034,72),(2035,166),(2036,179),(2037,38),(2038,284),(2040,755),(2041,690),(2042,401),(2043,806),(2044,769),(2046,722),(2047,378),(2048,645),(2049,125),(2050,129),(2052,322),(2053,459),(2054,165),(2055,314),(2056,308),(2060,458),(2061,275),(2062,679),(2063,700),(2064,489),(2066,135),(2067,57),(2068,784),(2069,279),(2070,960),(2072,192),(2073,75),(2074,679),(2075,426),(2076,694),(2078,120),(2079,843),(2080,644),(2081,373),(2082,910),(2084,962),(2085,580),(2086,466),(2087,934),(2088,197),(2092,492),(2093,384),(2094,991),(2095,128),(2096,235),(2098,839),(2099,837),(2100,806),(2101,749),(2102,47),(2103,939),(2105,165),(2106,85),(2107,986),(2108,399),(2109,695),(2111,327),(2112,148),(2113,45),(2114,36),(2115,609),(2117,780),(2118,696),(2119,196),(2120,816),(2121,17),(2125,364),(2126,678),(2127,460),(2128,232),(2129,438),(2131,801),(2132,691),(2133,923),(2134,548),(2135,474),(2139,347),(2140,308),(2141,651),(2142,266),(2143,965),(2145,750),(2146,15),(2147,982),(2148,976),(2149,783),(2151,1),(2152,781),(2153,731),(2154,730),(2155,363),(2157,672),(2158,444),(2159,98),(2160,550),(2161,391),(2163,633),(2164,498),(2165,628),(2166,27),(2167,477),(2169,404),(2170,289),(2171,2),(2172,617),(2173,821),(2175,909),(2176,749),(2177,133),(2178,47),(2179,164),(2183,226),(2184,641),(2185,335),(2186,388),(2187,516),(2189,97),(2190,996),(2191,743),(2192,219),(2193,739),(2195,904),(2196,601),(2197,964),(2198,50),(2199,809),(2201,99),(2202,139),(2203,815),(2204,465),(2205,666),(2209,186),(2210,803),(2211,664),(2212,-316),(2213,671),(2214,206),(2216,262),(2217,527),(2218,868),(2219,377),(2220,725),(2224,662),(2225,738),(2226,591),(2227,251),(2228,935),(2230,121),(2231,988),(2232,456),(2233,366),(2234,71),(2235,685),(2239,569),(2240,237),(2241,592),(2242,910),(2243,355),(2245,426),(2246,398),(2247,80),(2248,429),(2249,358),(2251,552),(2252,327),(2253,685),(2254,671),(2255,349),(2257,408),(2258,927),(2259,295),(2260,625),(2261,763),(2263,811),(2264,414),(2265,347),(2266,598),(2267,708),(2269,860),(2270,433),(2271,841),(2272,376),(2273,185),(2275,849),(2276,36),(2277,34),(2278,885),(2279,125),(2281,443),(2282,874),(2283,639),(2284,637),(2285,304),(2289,25),(2290,611),(2291,518),(2292,601),(2293,323),(2295,161),(2296,300),(2297,713),(2298,540),(2299,107),(2301,747),(2302,-757),(2303,624),(2304,590),(2305,718),(2307,478),(2308,87),(2309,809),(2310,667),(2311,173),(2313,497),(2314,502),(2315,718),(2316,68),(2317,526),(2319,743),(2320,337),(2321,303),(2322,897),(2323,535),(2325,975),(2326,955),(2327,191),(2328,835),(2329,229),(2331,7),(2332,-891),(2333,397),(2334,579),(2335,445),(2337,549),(2338,892),(2339,924),(2340,351),(2341,828),(2345,709),(2346,190),(2347,766),(2348,746),(2349,15),(2351,665),(2352,327),(2353,359),(2354,966),(2355,206),(2357,293),(2358,-214),(2359,-333),(2360,741),(2361,190),(2363,954),(2364,534),(2365,222),(2366,247),(2367,378),(2371,890),(2372,691),(2373,516),(2374,85),(2375,669),(2377,482),(2378,452),(2379,955),(2380,216),(2381,467),(2385,403),(2386,463),(2387,181),(2388,721),(2389,141),(2393,393),(2394,904),(2395,791),(2396,186),(2397,585),(2399,820),(2400,968),(2401,359),(2402,25),(2403,518),(2410,266),(2411,665),(2412,279),(2413,95),(2414,12),(2416,724),(2417,994),(2418,323),(2419,839),(2420,561),(2422,-389),(2423,95),(2424,94),(2425,43),(2426,572),(2427,229),(2429,527),(2430,699),(2431,126),(2432,45),(2433,435),(2435,377),(2436,341),(2437,582),(2438,57),(2439,218),(2441,737),(2442,466),(2443,166),(2444,446),(2445,957),(2447,15),(2448,777),(2449,591),(2450,764),(2451,28),(2453,89),(2454,-651),(2455,614),(2456,274),(2457,955),(2459,17),(2460,418),(2461,903),(2462,641),(2463,121),(2467,867),(2468,431),(2469,544),(2470,913),(2471,606),(2473,679),(2474,830),(2475,288),(2476,67),(2477,510),(2479,805),(2480,922),(2481,19),(2482,648),(2483,452),(2485,397),(2486,985),(2487,926),(2488,457),(2489,88),(2493,341),(2494,966),(2495,155),(2496,313),(2497,906),(2499,834),(2500,182),(2501,517),(2502,256),(2503,501),(2505,251),(2506,384),(2507,558),(2508,112),(2509,324),(2513,411),(2514,928),(2515,283),(2516,534),(2517,899),(2518,557),(2520,961),(2521,54),(2522,104),(2523,590),(2524,189),(2526,400),(2527,801),(2528,286),(2529,960),(2530,546),(2532,367),(2533,140),(2534,537),(2535,404),(2536,357),(2538,142),(2539,360),(2540,132),(2541,483),(2542,47),(2544,200),(2545,609),(2546,729),(2547,453),(2548,613),(2550,247),(2551,809),(2552,278),(2553,259),(2554,741),(2556,413),(2557,-788),(2558,700),(2559,500),(2560,188),(2564,141),(2565,285),(2566,54),(2567,291),(2568,844),(2572,174),(2573,778),(2574,764),(2575,449),(2576,117),(2578,353),(2579,953),(2580,923),(2581,741),(2582,959),(2584,705),(2585,544),(2586,493),(2587,638),(2588,939),(2592,648),(2593,789),(2594,163),(2595,222),(2596,111),(2598,225),(2599,812),(2600,627),(2601,161),(2602,217),(2604,514),(2605,630),(2606,530),(2607,677),(2608,903),(2610,721),(2611,547),(2612,966),(2613,449),(2614,27),(2616,575),(2617,828),(2618,402),(2619,745),(2620,6),(2622,452),(2623,744),(2624,950),(2625,883),(2626,547),(2628,33),(2629,547),(2630,490),(2631,963),(2632,346),(2636,409),(2637,940),(2638,972),(2639,948),(2640,958),(2642,334),(2643,728),(2644,734),(2645,472),(2646,208),(2648,404),(2649,410),(2650,997),(2651,210),(2652,333),(2654,353),(2655,403),(2656,116),(2657,529),(2658,136),(2660,699),(2661,682),(2662,128),(2663,895),(2664,476),(2666,366),(2667,700),(2668,806),(2669,868),(2670,649),(2672,539),(2673,339),(2674,813),(2675,902),(2676,933),(2678,375),(2679,631),(2680,237),(2681,382),(2682,140),(2686,501),(2687,153),(2688,386),(2689,23),(2690,154),(2692,219),(2693,728),(2694,584),(2695,661),(2696,705),(2698,177),(2699,99),(2700,83),(2701,257),(2702,751),(2704,603),(2705,252),(2706,440),(2707,941),(2708,93),(2710,511),(2711,296),(2712,182),(2713,102),(2714,559),(2716,675),(2717,821),(2718,889),(2719,411),(2720,399),(2722,103),(2723,744),(2724,393),(2725,787),(2726,340),(2730,276),(2731,990),(2732,8),(2733,105),(2734,578),(2738,747),(2739,665),(2740,951),(2741,547),(2742,-780),(2744,803),(2745,777),(2746,309),(2747,70),(2748,118),(2752,327),(2753,400),(2754,839),(2755,925),(2756,484),(2758,486),(2759,117),(2760,850),(2761,171),(2762,377),(2764,672),(2765,160),(2766,664),(2767,711),(2768,247),(2770,472),(2771,144),(2772,734),(2773,20),(2774,175),(2776,588),(2777,640),(2778,972),(2779,18),(2780,807),(2782,576),(2783,695),(2784,417),(2785,51),(2786,550),(2788,815),(2789,893),(2790,379),(2791,818),(2792,990),(2794,785),(2795,629),(2796,376),(2797,185),(2798,913),(2802,440),(2803,800),(2804,46),(2805,426),(2806,623),(2808,526),(2809,404),(2810,250),(2811,-645),(2812,278),(2814,189),(2815,9),(2816,609),(2817,440),(2818,255),(2820,886),(2821,676),(2822,79),(2823,29),(2824,524),(2828,342),(2829,25),(2830,774),(2831,118),(2832,852),(2833,369),(2835,742),(2836,7),(2837,555),(2838,349),(2839,340),(2841,843),(2842,582),(2843,598),(2844,123),(2845,517),(2847,470),(2848,473),(2849,813),(2850,-24),(2851,280),(2853,917),(2854,720),(2855,763),(2856,439),(2857,882),(2859,10),(2860,39),(2861,178),(2862,918),(2863,588),(2865,431),(2866,287),(2867,242),(2868,502),(2869,195),(2871,-715),(2872,952),(2873,145),(2874,421),(2875,407),(2879,164),(2880,67),(2881,450),(2882,77),(2883,576),(2885,357),(2886,999),(2887,814),(2888,129),(2889,124),(2893,817),(2894,994),(2895,862),(2896,852),(2897,679),(2899,597),(2900,379),(2901,745),(2902,744),(2903,478),(2905,57),(2906,706),(2907,837),(2908,453),(2909,907),(2911,339),(2912,831),(2913,189),(2914,214),(2915,55),(2917,594),(2918,82),(2919,816),(2920,204),(2921,990),(2923,399),(2924,752),(2925,516),(2926,518),(2927,806),(2929,143),(2930,635),(2931,232),(2932,382),(2933,138),(2937,287),(2938,689),(2939,456),(2940,625),(2941,976),(2943,-281),(2944,622),(2945,493),(2946,956),(2947,916),(2949,711),(2950,932),(2951,743),(2952,910),(2953,2),(2955,863),(2956,273),(2957,667),(2958,953),(2959,541),(2961,889),(2962,862),(2963,43),(2964,389),(2965,930),(2966,718),(2968,421),(2969,539),(2970,886),(2971,623),(2972,946),(2974,241),(2975,153),(2976,787),(2977,986),(2978,676),(2984,29),(2985,260),(2986,382),(2987,385),(2988,99),(2990,979),(2991,678),(2992,425),(2993,133),(2994,709),(2996,179),(2997,971),(2998,955),(2999,916),(3000,328),(3002,621),(3003,646),(3004,472),(3005,23),(3006,140),(3008,467),(3009,689),(3010,332),(3011,43),(3012,638),(3014,970),(3015,611),(3016,326),(3017,344),(3018,856),(3022,665),(3023,434),(3024,578),(3025,574),(3026,603),(3028,845),(3029,461),(3030,112),(3031,467),(3032,898),(3034,343),(3035,171),(3036,364),(3037,839),(3038,749),(3040,951),(3041,933),(3042,632),(3043,652),(3044,735),(3046,216),(3047,798),(3048,777),(3049,992),(3050,284),(3051,143),(3053,599),(3054,892),(3055,598),(3056,919),(3057,688),(3059,964),(3060,939),(3061,986),(3062,746),(3063,473),(3067,308),(3068,806),(3069,882),(3070,28),(3071,437),(3073,304),(3074,105),(3075,569),(3076,808),(3077,130),(3079,860),(3080,806),(3081,817),(3082,627),(3083,236),(3085,828),(3086,288),(3087,857),(3088,533),(3089,834),(3091,276),(3092,319),(3093,937),(3094,734),(3095,400),(3099,177),(3100,104),(3101,-766),(3102,577),(3103,129),(3104,202),(3106,281),(3107,212),(3108,39),(3109,760),(3110,529),(3112,798),(3113,104),(3114,90),(3115,479),(3116,802),(3118,811),(3119,957),(3120,-288),(3121,425),(3122,131),(3124,271),(3125,553),(3126,179),(3127,706),(3128,205),(3129,952),(3131,839),(3132,705),(3133,443),(3134,184),(3135,715),(3137,907),(3138,794),(3139,-139),(3140,392),(3141,416),(3145,980),(3146,969),(3147,221),(3148,378),(3149,353),(3151,598),(3152,381),(3153,137),(3154,365),(3155,565),(3157,378),(3158,164),(3159,503),(3160,794),(3161,590),(3163,827),(3164,885),(3165,977),(3166,963),(3167,801),(3168,802),(3170,16),(3171,196),(3172,134),(3173,581),(3174,838),(3176,79),(3177,757),(3178,226),(3179,598),(3180,623),(3182,813),(3183,409),(3184,42),(3185,528),(3186,-735),(3190,914),(3191,776),(3192,328),(3193,109),(3194,433),(3196,-802),(3197,667),(3198,687),(3199,33),(3200,467),(3202,-458),(3203,470),(3204,325),(3205,643),(3206,445),(3210,366),(3211,615),(3212,366),(3213,901),(3214,208),(3216,913),(3217,266),(3218,782),(3219,488),(3220,311),(3224,445),(3225,80),(3226,319),(3227,61),(3228,642),(3230,712),(3231,51),(3232,67),(3233,229),(3234,852),(3236,320),(3237,753),(3238,820),(3239,29),(3240,104),(3242,125),(3243,443),(3244,478),(3245,368),(3246,965),(3248,144),(3249,843),(3250,424),(3251,188),(3252,486),(3254,290),(3255,931),(3256,286),(3257,187),(3258,776),(3260,926),(3261,820),(3262,91),(3263,964),(3264,101),(3266,401),(3267,628),(3268,695),(3269,710),(3270,948),(3272,889),(3273,316),(3274,93),(3275,739),(3276,605),(3280,567),(3281,680),(3282,313),(3283,451),(3284,123),(3288,943),(3289,586),(3290,866),(3291,146),(3292,491),(3293,82),(3295,762),(3296,971),(3297,486),(3298,161),(3299,795),(3301,628),(3302,9),(3303,365),(3304,381),(3305,403),(3307,503),(3308,688),(3309,354),(3310,822),(3311,761),(3313,955),(3314,120),(3315,832),(3316,910),(3317,482),(3319,987),(3320,416),(3321,85),(3322,788),(3323,126),(3325,276),(3326,758),(3327,498),(3328,277),(3329,698),(3333,102),(3334,319),(3335,832),(3336,499),(3337,750),(3339,756),(3340,490),(3341,762),(3342,7),(3343,833),(3345,233),(3346,951),(3347,811),(3348,321),(3349,471),(3351,878),(3352,216),(3353,189),(3354,203),(3355,954),(3359,126),(3360,958),(3361,388),(3362,607),(3363,31),(3365,356),(3366,997),(3367,484),(3368,249),(3369,205),(3371,865),(3372,159),(3373,-238),(3374,673),(3375,899),(3377,445),(3378,594),(3379,112),(3380,259),(3381,846),(3383,881),(3384,953),(3385,242),(3386,174),(3387,763),(3389,49),(3390,615),(3391,779),(3392,474),(3393,39),(3395,737),(3396,699),(3397,788),(3398,84),(3399,71),(3401,220),(3402,678),(3403,675),(3404,318),(3405,854);
CREATE TABLE `Semaphore` (
  `id` integer NOT NULL PRIMARY KEY AUTOINCREMENT
,  `segment` integer NOT NULL
,  `signal` integer NOT NULL
);
INSERT INTO `Semaphore` VALUES (1,2984,2),(2,7,2),(49,54,2),(158,163,2),(181,186,2),(384,389,2),(928,933,2),(1597,1602,2),(1979,1984,2),(2405,2410,2);
CREATE TABLE `Sensor` (
  `id` integer NOT NULL PRIMARY KEY AUTOINCREMENT
,  `route` integer DEFAULT NULL
,  `region` integer NOT NULL
);
INSERT INTO `Sensor` VALUES (6,3,4),(12,NULL,4),(18,3,4),(24,3,4),(30,3,4),(36,3,4),(42,3,4),(53,50,51),(59,50,51),(65,50,51),(71,50,51),(77,50,51),(83,50,51),(89,50,51),(95,50,51),(103,50,51),(109,50,51),(115,50,51),(121,50,51),(127,NULL,51),(133,50,51),(139,50,51),(145,50,51),(151,50,51),(162,159,160),(168,159,160),(174,159,160),(185,182,183),(191,182,183),(197,NULL,183),(203,182,183),(209,182,183),(215,182,183),(221,182,183),(229,182,183),(237,182,183),(243,182,183),(249,182,183),(255,182,183),(263,182,183),(269,182,183),(275,182,183),(283,182,183),(289,182,183),(295,NULL,183),(301,182,183),(307,182,183),(315,182,183),(321,182,183),(327,182,183),(333,182,183),(339,182,183),(345,182,183),(351,NULL,183),(359,182,183),(365,182,183),(371,182,183),(377,182,183),(388,385,386),(394,385,386),(400,385,386),(406,385,386),(412,385,386),(418,385,386),(424,385,386),(430,385,386),(436,385,386),(444,385,386),(452,385,386),(460,385,386),(466,385,386),(474,385,386),(480,385,386),(486,385,386),(492,385,386),(498,385,386),(504,385,386),(510,385,386),(516,385,386),(522,385,386),(530,385,386),(537,385,386),(543,385,386),(549,385,386),(555,385,386),(561,385,386),(567,385,386),(573,385,386),(579,385,386),(587,385,386),(593,385,386),(599,385,386),(607,385,386),(613,385,386),(621,385,386),(627,NULL,386),(633,385,386),(639,385,386),(645,385,386),(652,385,386),(660,385,386),(666,385,386),(672,NULL,386),(678,385,386),(684,385,386),(690,385,386),(696,385,386),(702,385,386),(710,385,386),(716,385,386),(724,NULL,386),(730,385,386),(736,NULL,386),(742,385,386),(748,385,386),(754,385,386),(760,385,386),(766,385,386),(772,385,386),(780,385,386),(786,385,386),(792,385,386),(798,385,386),(804,385,386),(810,385,386),(816,385,386),(822,385,386),(830,385,386),(836,385,386),(842,385,386),(848,385,386),(856,385,386),(862,385,386),(868,385,386),(874,385,386),(880,385,386),(887,385,386),(893,NULL,386),(901,385,386),(907,385,386),(913,385,386),(921,385,386),(932,929,930),(938,929,930),(944,929,930),(952,929,930),(958,929,930),(964,929,930),(970,929,930),(978,929,930),(984,NULL,930),(990,929,930),(998,929,930),(1004,929,930),(1010,929,930),(1016,NULL,930),(1022,929,930),(1028,929,930),(1034,929,930),(1042,929,930),(1048,929,930),(1054,929,930),(1060,929,930),(1066,929,930),(1072,929,930),(1080,929,930),(1086,929,930),(1092,929,930),(1098,929,930),(1104,929,930),(1110,929,930),(1116,929,930),(1122,929,930),(1128,929,930),(1136,929,930),(1142,929,930),(1148,929,930),(1156,929,930),(1162,929,930),(1169,929,930),(1175,929,930),(1181,929,930),(1188,929,930),(1196,929,930),(1202,929,930),(1208,929,930),(1214,929,930),(1220,929,930),(1226,929,930),(1232,929,930),(1240,929,930),(1246,929,930),(1252,929,930),(1258,929,930),(1266,929,930),(1272,929,930),(1278,929,930),(1284,929,930),(1292,929,930),(1298,929,930),(1304,929,930),(1311,929,930),(1317,929,930),(1323,NULL,930),(1331,929,930),(1337,929,930),(1343,929,930),(1349,929,930),(1357,929,930),(1363,929,930),(1370,929,930),(1376,929,930),(1382,929,930),(1388,929,930),(1394,929,930),(1400,929,930),(1406,929,930),(1414,929,930),(1420,929,930),(1426,929,930),(1432,929,930),(1438,929,930),(1444,929,930),(1450,929,930),(1456,929,930),(1464,929,930),(1470,929,930),(1476,929,930),(1482,929,930),(1490,929,930),(1496,929,930),(1502,929,930),(1508,929,930),(1514,929,930),(1520,NULL,930),(1526,929,930),(1534,929,930),(1540,929,930),(1546,929,930),(1552,929,930),(1558,929,930),(1564,929,930),(1570,929,930),(1576,NULL,930),(1582,929,930),(1590,929,930),(1601,1598,1599),(1607,1598,1599),(1613,NULL,1599),(1619,1598,1599),(1625,1598,1599),(1631,1598,1599),(1639,1598,1599),(1645,NULL,1599),(1651,1598,1599),(1657,NULL,1599),(1663,1598,1599),(1669,1598,1599),(1675,1598,1599),(1681,1598,1599),(1688,1598,1599),(1696,1598,1599),(1704,1598,1599),(1710,1598,1599),(1716,1598,1599),(1722,1598,1599),(1728,1598,1599),(1734,1598,1599),(1740,1598,1599),(1746,1598,1599),(1754,1598,1599),(1760,1598,1599),(1768,1598,1599),(1774,1598,1599),(1780,1598,1599),(1786,1598,1599),(1792,1598,1599),(1798,1598,1599),(1804,1598,1599),(1812,1598,1599),(1818,1598,1599),(1824,1598,1599),(1830,1598,1599),(1836,1598,1599),(1842,1598,1599),(1848,1598,1599),(1856,1598,1599),(1864,1598,1599),(1870,1598,1599),(1876,1598,1599),(1882,NULL,1599),(1888,1598,1599),(1894,1598,1599),(1902,1598,1599),(1908,1598,1599),(1914,1598,1599),(1920,1598,1599),(1926,1598,1599),(1934,1598,1599),(1940,1598,1599),(1946,1598,1599),(1954,NULL,1599),(1960,1598,1599),(1966,1598,1599),(1972,1598,1599),(1983,1980,1981),(1989,1980,1981),(1995,1980,1981),(2003,1980,1981),(2009,1980,1981),(2015,1980,1981),(2021,1980,1981),(2027,1980,1981),(2033,1980,1981),(2039,1980,1981),(2045,1980,1981),(2051,1980,1981),(2059,1980,1981),(2065,1980,1981),(2071,1980,1981),(2077,1980,1981),(2083,1980,1981),(2091,1980,1981),(2097,1980,1981),(2104,1980,1981),(2110,1980,1981),(2116,1980,1981),(2124,1980,1981),(2130,1980,1981),(2138,1980,1981),(2144,1980,1981),(2150,1980,1981),(2156,1980,1981),(2162,1980,1981),(2168,1980,1981),(2174,1980,1981),(2182,1980,1981),(2188,1980,1981),(2194,1980,1981),(2200,1980,1981),(2208,1980,1981),(2215,1980,1981),(2223,1980,1981),(2229,1980,1981),(2238,1980,1981),(2244,1980,1981),(2250,1980,1981),(2256,1980,1981),(2262,1980,1981),(2268,1980,1981),(2274,1980,1981),(2280,1980,1981),(2288,1980,1981),(2294,1980,1981),(2300,NULL,1981),(2306,1980,1981),(2312,1980,1981),(2318,1980,1981),(2324,1980,1981),(2330,1980,1981),(2336,1980,1981),(2344,1980,1981),(2350,1980,1981),(2356,1980,1981),(2362,1980,1981),(2370,1980,1981),(2376,1980,1981),(2384,1980,1981),(2392,1980,1981),(2398,1980,1981),(2409,2406,2407),(2415,2406,2407),(2421,2406,2407),(2428,2406,2407),(2434,2406,2407),(2440,2406,2407),(2446,2406,2407),(2452,2406,2407),(2458,2406,2407),(2466,2406,2407),(2472,2406,2407),(2478,2406,2407),(2484,2406,2407),(2492,2406,2407),(2498,2406,2407),(2504,2406,2407),(2512,2406,2407),(2519,2406,2407),(2525,2406,2407),(2531,2406,2407),(2537,2406,2407),(2543,2406,2407),(2549,2406,2407),(2555,2406,2407),(2563,2406,2407),(2571,2406,2407),(2577,2406,2407),(2583,2406,2407),(2591,2406,2407),(2597,2406,2407),(2603,2406,2407),(2609,2406,2407),(2615,2406,2407),(2621,NULL,2407),(2627,2406,2407),(2635,2406,2407),(2641,2406,2407),(2647,2406,2407),(2653,2406,2407),(2659,2406,2407),(2665,2406,2407),(2671,2406,2407),(2677,2406,2407),(2685,2406,2407),(2691,2406,2407),(2697,2406,2407),(2703,2406,2407),(2709,2406,2407),(2715,2406,2407),(2721,2406,2407),(2729,2406,2407),(2737,2406,2407),(2743,2406,2407),(2751,2406,2407),(2757,2406,2407),(2763,2406,2407),(2769,2406,2407),(2775,2406,2407),(2781,2406,2407),(2787,2406,2407),(2793,2406,2407),(2801,2406,2407),(2807,2406,2407),(2813,2406,2407),(2819,2406,2407),(2827,2406,2407),(2834,2406,2407),(2840,2406,2407),(2846,2406,2407),(2852,2406,2407),(2858,2406,2407),(2864,2406,2407),(2870,2406,2407),(2878,2406,2407),(2884,2406,2407),(2892,2406,2407),(2898,2406,2407),(2904,2406,2407),(2910,2406,2407),(2916,2406,2407),(2922,2406,2407),(2928,2406,2407),(2936,2406,2407),(2942,2406,2407),(2948,2406,2407),(2954,2406,2407),(2960,2406,2407),(2967,2406,2407),(2973,2406,2407),(2983,NULL,2981),(2989,2980,2981),(2995,2980,2981),(3001,2980,2981),(3007,2980,2981),(3013,NULL,2981),(3021,2980,2981),(3027,2980,2981),(3033,2980,2981),(3039,2980,2981),(3045,2980,2981),(3052,2980,2981),(3058,2980,2981),(3066,2980,2981),(3072,2980,2981),(3078,2980,2981),(3084,2980,2981),(3090,2980,2981),(3098,2980,2981),(3105,2980,2981),(3111,2980,2981),(3117,2980,2981),(3123,2980,2981),(3130,2980,2981),(3136,2980,2981),(3144,2980,2981),(3150,2980,2981),(3156,2980,2981),(3162,2980,2981),(3169,2980,2981),(3175,2980,2981),(3181,2980,2981),(3189,2980,2981),(3195,2980,2981),(3201,2980,2981),(3209,2980,2981),(3215,2980,2981),(3223,2980,2981),(3229,2980,2981),(3235,2980,2981),(3241,2980,2981),(3247,2980,2981),(3253,2980,2981),(3259,2980,2981),(3265,2980,2981),(3271,2980,2981),(3279,2980,2981),(3287,2980,2981),(3294,2980,2981),(3300,2980,2981),(3306,2980,2981),(3312,2980,2981),(3318,2980,2981),(3324,2980,2981),(3332,NULL,2981),(3338,2980,2981),(3344,2980,2981),(3350,2980,2981),(3358,2980,2981),(3364,2980,2981),(3370,2980,2981),(3376,2980,2981),(3382,2980,2981),(3388,2980,2981),(3394,2980,2981),(3400,2980,2981);
CREATE TABLE `Switch` (
  `id` integer NOT NULL PRIMARY KEY AUTOINCREMENT
,  `currentPosition` integer NOT NULL
);
INSERT INTO `Switch` VALUES (5,2),(52,1),(102,0),(161,1),(184,0),(228,1),(236,2),(262,2),(282,2),(314,2),(358,2),(387,2),(443,0),(451,0),(459,0),(473,1),(529,1),(586,0),(606,2),(620,0),(659,0),(709,2),(723,1),(779,0),(829,1),(855,1),(900,2),(920,0),(931,2),(951,2),(977,2),(997,0),(1041,0),(1079,0),(1135,0),(1155,2),(1195,2),(1239,1),(1265,0),(1291,0),(1330,1),(1356,1),(1413,0),(1463,2),(1489,2),(1533,2),(1589,2),(1600,0),(1638,1),(1695,0),(1703,1),(1753,0),(1767,0),(1811,2),(1855,0),(1863,2),(1901,1),(1933,1),(1953,2),(1982,2),(2002,0),(2058,2),(2090,1),(2123,1),(2137,0),(2181,1),(2207,2),(2222,2),(2237,1),(2287,0),(2343,1),(2369,2),(2383,2),(2391,2),(2408,0),(2465,2),(2491,2),(2511,0),(2562,2),(2570,0),(2590,0),(2634,2),(2684,1),(2728,1),(2736,2),(2750,0),(2800,2),(2826,0),(2877,0),(2891,1),(2935,1),(2982,2),(3020,0),(3065,0),(3097,1),(3143,0),(3188,0),(3208,2),(3222,1),(3278,1),(3286,2),(3331,0),(3357,2);
CREATE TABLE `SwitchPosition` (
  `id` integer NOT NULL PRIMARY KEY AUTOINCREMENT
,  `route` integer DEFAULT NULL
,  `target` integer DEFAULT NULL
,  `position` integer NOT NULL
);
INSERT INTO `SwitchPosition` VALUES (48,3,5,2),(101,50,52,1),(157,50,102,0),(180,159,161,1),(227,182,184,0),(235,182,228,1),(261,182,236,2),(281,182,262,2),(313,182,282,2),(357,182,314,2),(383,182,358,0),(442,385,387,2),(450,385,443,0),(458,385,451,0),(472,385,459,0),(528,385,473,1),(585,385,529,1),(605,385,586,0),(619,385,606,2),(658,385,620,0),(708,385,659,0),(722,385,709,2),(778,385,723,1),(828,385,779,0),(854,385,829,1),(899,385,855,1),(919,385,900,2),(927,385,920,0),(950,929,931,2),(976,929,951,2),(996,929,977,2),(1040,929,997,0),(1078,929,1041,2),(1134,929,1079,0),(1154,929,1135,0),(1194,929,1155,0),(1238,929,1195,2),(1264,929,1239,1),(1290,929,1265,0),(1329,929,1291,0),(1355,929,1330,1),(1412,929,1356,1),(1462,929,1413,0),(1488,929,1463,2),(1532,929,1489,2),(1588,929,1533,2),(1596,929,1589,0),(1637,1598,1600,0),(1694,1598,1638,1),(1702,1598,1695,0),(1752,1598,1703,1),(1766,1598,1753,0),(1810,1598,1767,2),(1854,1598,1811,2),(1862,1598,1855,0),(1900,1598,1863,2),(1932,1598,1901,1),(1952,1598,1933,1),(1978,1598,1953,2),(2001,1980,1982,2),(2057,1980,2002,0),(2089,1980,2058,2),(2122,1980,2090,1),(2136,1980,2123,1),(2180,1980,2137,0),(2206,1980,2181,1),(2221,1980,2207,2),(2236,1980,2222,2),(2286,1980,2237,1),(2342,1980,2287,0),(2368,1980,2343,1),(2382,1980,2369,0),(2390,1980,2383,2),(2404,1980,2391,2),(2464,2406,2408,0),(2490,2406,2465,2),(2510,2406,2491,2),(2561,2406,2511,0),(2569,2406,2562,2),(2589,2406,2570,0),(2633,2406,2590,0),(2683,2406,2634,2),(2727,2406,2684,1),(2735,2406,2728,1),(2749,2406,2736,2),(2799,2406,2750,0),(2825,2406,2800,2),(2876,2406,2826,0),(2890,2406,2877,0),(2934,2406,2891,1),(2979,2406,2935,1),(3019,2980,2982,2),(3064,2980,3020,0),(3096,2980,3065,0),(3142,2980,3097,1),(3187,2980,3143,0),(3207,2980,3188,0),(3221,2980,3208,2),(3277,2980,3222,1),(3285,2980,3278,1),(3330,2980,3286,2),(3356,2980,3331,0),(3406,2980,3357,2);
CREATE TABLE `TrackElement` (
  `id` integer NOT NULL PRIMARY KEY AUTOINCREMENT
,  `region` integer NOT NULL
);
INSERT INTO `TrackElement` VALUES (5,4),(7,4),(8,4),(9,4),(10,4),(11,4),(13,4),(14,4),(15,4),(16,4),(17,4),(19,4),(20,4),(21,4),(22,4),(23,4),(25,4),(26,4),(27,4),(28,4),(29,4),(31,4),(32,4),(33,4),(34,4),(35,4),(37,4),(38,4),(39,4),(40,4),(41,4),(43,4),(44,4),(45,4),(46,4),(47,4),(52,51),(54,51),(55,51),(56,51),(57,51),(58,51),(60,51),(61,51),(62,51),(63,51),(64,51),(66,51),(67,51),(68,51),(69,51),(70,51),(72,51),(73,51),(74,51),(75,51),(76,51),(78,51),(79,51),(80,51),(81,51),(82,51),(84,51),(85,51),(86,51),(87,51),(88,51),(90,51),(91,51),(92,51),(93,51),(94,51),(96,51),(97,51),(98,51),(99,51),(100,51),(102,51),(104,51),(105,51),(106,51),(107,51),(108,51),(110,51),(111,51),(112,51),(113,51),(114,51),(116,51),(117,51),(118,51),(119,51),(120,51),(122,51),(123,51),(124,51),(125,51),(126,51),(128,51),(129,51),(130,51),(131,51),(132,51),(134,51),(135,51),(136,51),(137,51),(138,51),(140,51),(141,51),(142,51),(143,51),(144,51),(146,51),(147,51),(148,51),(149,51),(150,51),(152,51),(153,51),(154,51),(155,51),(156,51),(161,160),(163,160),(164,160),(165,160),(166,160),(167,160),(169,160),(170,160),(171,160),(172,160),(173,160),(175,160),(176,160),(177,160),(178,160),(179,160),(184,183),(186,183),(187,183),(188,183),(189,183),(190,183),(192,183),(193,183),(194,183),(195,183),(196,183),(198,183),(199,183),(200,183),(201,183),(202,183),(204,183),(205,183),(206,183),(207,183),(208,183),(210,183),(211,183),(212,183),(213,183),(214,183),(216,183),(217,183),(218,183),(219,183),(220,183),(222,183),(223,183),(224,183),(225,183),(226,183),(228,183),(230,183),(231,183),(232,183),(233,183),(234,183),(236,183),(238,183),(239,183),(240,183),(241,183),(242,183),(244,183),(245,183),(246,183),(247,183),(248,183),(250,183),(251,183),(252,183),(253,183),(254,183),(256,183),(257,183),(258,183),(259,183),(260,183),(262,183),(264,183),(265,183),(266,183),(267,183),(268,183),(270,183),(271,183),(272,183),(273,183),(274,183),(276,183),(277,183),(278,183),(279,183),(280,183),(282,183),(284,183),(285,183),(286,183),(287,183),(288,183),(290,183),(291,183),(292,183),(293,183),(294,183),(296,183),(297,183),(298,183),(299,183),(300,183),(302,183),(303,183),(304,183),(305,183),(306,183),(308,183),(309,183),(310,183),(311,183),(312,183),(314,183),(316,183),(317,183),(318,183),(319,183),(320,183),(322,183),(323,183),(324,183),(325,183),(326,183),(328,183),(329,183),(330,183),(331,183),(332,183),(334,183),(335,183),(336,183),(337,183),(338,183),(340,183),(341,183),(342,183),(343,183),(344,183),(346,183),(347,183),(348,183),(349,183),(350,183),(352,183),(353,183),(354,183),(355,183),(356,183),(358,183),(360,183),(361,183),(362,183),(363,183),(364,183),(366,183),(367,183),(368,183),(369,183),(370,183),(372,183),(373,183),(374,183),(375,183),(376,183),(378,183),(379,183),(380,183),(381,183),(382,183),(387,386),(389,386),(390,386),(391,386),(392,386),(393,386),(395,386),(396,386),(397,386),(398,386),(399,386),(401,386),(402,386),(403,386),(404,386),(405,386),(407,386),(408,386),(409,386),(410,386),(411,386),(413,386),(414,386),(415,386),(416,386),(417,386),(419,386),(420,386),(421,386),(422,386),(423,386),(425,386),(426,386),(427,386),(428,386),(429,386),(431,386),(432,386),(433,386),(434,386),(435,386),(437,386),(438,386),(439,386),(440,386),(441,386),(443,386),(445,386),(446,386),(447,386),(448,386),(449,386),(451,386),(453,386),(454,386),(455,386),(456,386),(457,386),(459,386),(461,386),(462,386),(463,386),(464,386),(465,386),(467,386),(468,386),(469,386),(470,386),(471,386),(473,386),(475,386),(476,386),(477,386),(478,386),(479,386),(481,386),(482,386),(483,386),(484,386),(485,386),(487,386),(488,386),(489,386),(490,386),(491,386),(493,386),(494,386),(495,386),(496,386),(497,386),(499,386),(500,386),(501,386),(502,386),(503,386),(505,386),(506,386),(507,386),(508,386),(509,386),(511,386),(512,386),(513,386),(514,386),(515,386),(517,386),(518,386),(519,386),(520,386),(521,386),(523,386),(524,386),(525,386),(526,386),(527,386),(529,386),(531,386),(532,386),(533,386),(534,386),(535,386),(536,386),(538,386),(539,386),(540,386),(541,386),(542,386),(544,386),(545,386),(546,386),(547,386),(548,386),(550,386),(551,386),(552,386),(553,386),(554,386),(556,386),(557,386),(558,386),(559,386),(560,386),(562,386),(563,386),(564,386),(565,386),(566,386),(568,386),(569,386),(570,386),(571,386),(572,386),(574,386),(575,386),(576,386),(577,386),(578,386),(580,386),(581,386),(582,386),(583,386),(584,386),(586,386),(588,386),(589,386),(590,386),(591,386),(592,386),(594,386),(595,386),(596,386),(597,386),(598,386),(600,386),(601,386),(602,386),(603,386),(604,386),(606,386),(608,386),(609,386),(610,386),(611,386),(612,386),(614,386),(615,386),(616,386),(617,386),(618,386),(620,386),(622,386),(623,386),(624,386),(625,386),(626,386),(628,386),(629,386),(630,386),(631,386),(632,386),(634,386),(635,386),(636,386),(637,386),(638,386),(640,386),(641,386),(642,386),(643,386),(644,386),(646,386),(647,386),(648,386),(649,386),(650,386),(651,386),(653,386),(654,386),(655,386),(656,386),(657,386),(659,386),(661,386),(662,386),(663,386),(664,386),(665,386),(667,386),(668,386),(669,386),(670,386),(671,386),(673,386),(674,386),(675,386),(676,386),(677,386),(679,386),(680,386),(681,386),(682,386),(683,386),(685,386),(686,386),(687,386),(688,386),(689,386),(691,386),(692,386),(693,386),(694,386),(695,386),(697,386),(698,386),(699,386),(700,386),(701,386),(703,386),(704,386),(705,386),(706,386),(707,386),(709,386),(711,386),(712,386),(713,386),(714,386),(715,386),(717,386),(718,386),(719,386),(720,386),(721,386),(723,386),(725,386),(726,386),(727,386),(728,386),(729,386),(731,386),(732,386),(733,386),(734,386),(735,386),(737,386),(738,386),(739,386),(740,386),(741,386),(743,386),(744,386),(745,386),(746,386),(747,386),(749,386),(750,386),(751,386),(752,386),(753,386),(755,386),(756,386),(757,386),(758,386),(759,386),(761,386),(762,386),(763,386),(764,386),(765,386),(767,386),(768,386),(769,386),(770,386),(771,386),(773,386),(774,386),(775,386),(776,386),(777,386),(779,386),(781,386),(782,386),(783,386),(784,386),(785,386),(787,386),(788,386),(789,386),(790,386),(791,386),(793,386),(794,386),(795,386),(796,386),(797,386),(799,386),(800,386),(801,386),(802,386),(803,386),(805,386),(806,386),(807,386),(808,386),(809,386),(811,386),(812,386),(813,386),(814,386),(815,386),(817,386),(818,386),(819,386),(820,386),(821,386),(823,386),(824,386),(825,386),(826,386),(827,386),(829,386),(831,386),(832,386),(833,386),(834,386),(835,386),(837,386),(838,386),(839,386),(840,386),(841,386),(843,386),(844,386),(845,386),(846,386),(847,386),(849,386),(850,386),(851,386),(852,386),(853,386),(855,386),(857,386),(858,386),(859,386),(860,386),(861,386),(863,386),(864,386),(865,386),(866,386),(867,386),(869,386),(870,386),(871,386),(872,386),(873,386),(875,386),(876,386),(877,386),(878,386),(879,386),(881,386),(882,386),(883,386),(884,386),(885,386),(886,386),(888,386),(889,386),(890,386),(891,386),(892,386),(894,386),(895,386),(896,386),(897,386),(898,386),(900,386),(902,386),(903,386),(904,386),(905,386),(906,386),(908,386),(909,386),(910,386),(911,386),(912,386),(914,386),(915,386),(916,386),(917,386),(918,386),(920,386),(922,386),(923,386),(924,386),(925,386),(926,386),(931,930),(933,930),(934,930),(935,930),(936,930),(937,930),(939,930),(940,930),(941,930),(942,930),(943,930),(945,930),(946,930),(947,930),(948,930),(949,930),(951,930),(953,930),(954,930),(955,930),(956,930),(957,930),(959,930),(960,930),(961,930),(962,930),(963,930),(965,930),(966,930),(967,930),(968,930),(969,930),(971,930),(972,930),(973,930),(974,930),(975,930),(977,930),(979,930),(980,930),(981,930),(982,930),(983,930),(985,930),(986,930),(987,930),(988,930),(989,930),(991,930),(992,930),(993,930),(994,930),(995,930),(997,930),(999,930),(1000,930),(1001,930),(1002,930),(1003,930),(1005,930),(1006,930),(1007,930),(1008,930),(1009,930),(1011,930),(1012,930),(1013,930),(1014,930),(1015,930),(1017,930),(1018,930),(1019,930),(1020,930),(1021,930),(1023,930),(1024,930),(1025,930),(1026,930),(1027,930),(1029,930),(1030,930),(1031,930),(1032,930),(1033,930),(1035,930),(1036,930),(1037,930),(1038,930),(1039,930),(1041,930),(1043,930),(1044,930),(1045,930),(1046,930),(1047,930),(1049,930),(1050,930),(1051,930),(1052,930),(1053,930),(1055,930),(1056,930),(1057,930),(1058,930),(1059,930),(1061,930),(1062,930),(1063,930),(1064,930),(1065,930),(1067,930),(1068,930),(1069,930),(1070,930),(1071,930),(1073,930),(1074,930),(1075,930),(1076,930),(1077,930),(1079,930),(1081,930),(1082,930),(1083,930),(1084,930),(1085,930),(1087,930),(1088,930),(1089,930),(1090,930),(1091,930),(1093,930),(1094,930),(1095,930),(1096,930),(1097,930),(1099,930),(1100,930),(1101,930),(1102,930),(1103,930),(1105,930),(1106,930),(1107,930),(1108,930),(1109,930),(1111,930),(1112,930),(1113,930),(1114,930),(1115,930),(1117,930),(1118,930),(1119,930),(1120,930),(1121,930),(1123,930),(1124,930),(1125,930),(1126,930),(1127,930),(1129,930),(1130,930),(1131,930),(1132,930),(1133,930),(1135,930),(1137,930),(1138,930),(1139,930),(1140,930),(1141,930),(1143,930),(1144,930),(1145,930),(1146,930),(1147,930),(1149,930),(1150,930),(1151,930),(1152,930),(1153,930),(1155,930),(1157,930),(1158,930),(1159,930),(1160,930),(1161,930),(1163,930),(1164,930),(1165,930),(1166,930),(1167,930),(1168,930),(1170,930),(1171,930),(1172,930),(1173,930),(1174,930),(1176,930),(1177,930),(1178,930),(1179,930),(1180,930),(1182,930),(1183,930),(1184,930),(1185,930),(1186,930),(1187,930),(1189,930),(1190,930),(1191,930),(1192,930),(1193,930),(1195,930),(1197,930),(1198,930),(1199,930),(1200,930),(1201,930),(1203,930),(1204,930),(1205,930),(1206,930),(1207,930),(1209,930),(1210,930),(1211,930),(1212,930),(1213,930),(1215,930),(1216,930),(1217,930),(1218,930),(1219,930),(1221,930),(1222,930),(1223,930),(1224,930),(1225,930),(1227,930),(1228,930),(1229,930),(1230,930),(1231,930),(1233,930),(1234,930),(1235,930),(1236,930),(1237,930),(1239,930),(1241,930),(1242,930),(1243,930),(1244,930),(1245,930),(1247,930),(1248,930),(1249,930),(1250,930),(1251,930),(1253,930),(1254,930),(1255,930),(1256,930),(1257,930),(1259,930),(1260,930),(1261,930),(1262,930),(1263,930),(1265,930),(1267,930),(1268,930),(1269,930),(1270,930),(1271,930),(1273,930),(1274,930),(1275,930),(1276,930),(1277,930),(1279,930),(1280,930),(1281,930),(1282,930),(1283,930),(1285,930),(1286,930),(1287,930),(1288,930),(1289,930),(1291,930),(1293,930),(1294,930),(1295,930),(1296,930),(1297,930),(1299,930),(1300,930),(1301,930),(1302,930),(1303,930),(1305,930),(1306,930),(1307,930),(1308,930),(1309,930),(1310,930),(1312,930),(1313,930),(1314,930),(1315,930),(1316,930),(1318,930),(1319,930),(1320,930),(1321,930),(1322,930),(1324,930),(1325,930),(1326,930),(1327,930),(1328,930),(1330,930),(1332,930),(1333,930),(1334,930),(1335,930),(1336,930),(1338,930),(1339,930),(1340,930),(1341,930),(1342,930),(1344,930),(1345,930),(1346,930),(1347,930),(1348,930),(1350,930),(1351,930),(1352,930),(1353,930),(1354,930),(1356,930),(1358,930),(1359,930),(1360,930),(1361,930),(1362,930),(1364,930),(1365,930),(1366,930),(1367,930),(1368,930),(1369,930),(1371,930),(1372,930),(1373,930),(1374,930),(1375,930),(1377,930),(1378,930),(1379,930),(1380,930),(1381,930),(1383,930),(1384,930),(1385,930),(1386,930),(1387,930),(1389,930),(1390,930),(1391,930),(1392,930),(1393,930),(1395,930),(1396,930),(1397,930),(1398,930),(1399,930),(1401,930),(1402,930),(1403,930),(1404,930),(1405,930),(1407,930),(1408,930),(1409,930),(1410,930),(1411,930),(1413,930),(1415,930),(1416,930),(1417,930),(1418,930),(1419,930),(1421,930),(1422,930),(1423,930),(1424,930),(1425,930),(1427,930),(1428,930),(1429,930),(1430,930),(1431,930),(1433,930),(1434,930),(1435,930),(1436,930),(1437,930),(1439,930),(1440,930),(1441,930),(1442,930),(1443,930),(1445,930),(1446,930),(1447,930),(1448,930),(1449,930),(1451,930),(1452,930),(1453,930),(1454,930),(1455,930),(1457,930),(1458,930),(1459,930),(1460,930),(1461,930),(1463,930),(1465,930),(1466,930),(1467,930),(1468,930),(1469,930),(1471,930),(1472,930),(1473,930),(1474,930),(1475,930),(1477,930),(1478,930),(1479,930),(1480,930),(1481,930),(1483,930),(1484,930),(1485,930),(1486,930),(1487,930),(1489,930),(1491,930),(1492,930),(1493,930),(1494,930),(1495,930),(1497,930),(1498,930),(1499,930),(1500,930),(1501,930),(1503,930),(1504,930),(1505,930),(1506,930),(1507,930),(1509,930),(1510,930),(1511,930),(1512,930),(1513,930),(1515,930),(1516,930),(1517,930),(1518,930),(1519,930),(1521,930),(1522,930),(1523,930),(1524,930),(1525,930),(1527,930),(1528,930),(1529,930),(1530,930),(1531,930),(1533,930),(1535,930),(1536,930),(1537,930),(1538,930),(1539,930),(1541,930),(1542,930),(1543,930),(1544,930),(1545,930),(1547,930),(1548,930),(1549,930),(1550,930),(1551,930),(1553,930),(1554,930),(1555,930),(1556,930),(1557,930),(1559,930),(1560,930),(1561,930),(1562,930),(1563,930),(1565,930),(1566,930),(1567,930),(1568,930),(1569,930),(1571,930),(1572,930),(1573,930),(1574,930),(1575,930),(1577,930),(1578,930),(1579,930),(1580,930),(1581,930),(1583,930),(1584,930),(1585,930),(1586,930),(1587,930),(1589,930),(1591,930),(1592,930),(1593,930),(1594,930),(1595,930),(1600,1599),(1602,1599),(1603,1599),(1604,1599),(1605,1599),(1606,1599),(1608,1599),(1609,1599),(1610,1599),(1611,1599),(1612,1599),(1614,1599),(1615,1599),(1616,1599),(1617,1599),(1618,1599),(1620,1599),(1621,1599),(1622,1599),(1623,1599),(1624,1599),(1626,1599),(1627,1599),(1628,1599),(1629,1599),(1630,1599),(1632,1599),(1633,1599),(1634,1599),(1635,1599),(1636,1599),(1638,1599),(1640,1599),(1641,1599),(1642,1599),(1643,1599),(1644,1599),(1646,1599),(1647,1599),(1648,1599),(1649,1599),(1650,1599),(1652,1599),(1653,1599),(1654,1599),(1655,1599),(1656,1599),(1658,1599),(1659,1599),(1660,1599),(1661,1599),(1662,1599),(1664,1599),(1665,1599),(1666,1599),(1667,1599),(1668,1599),(1670,1599),(1671,1599),(1672,1599),(1673,1599),(1674,1599),(1676,1599),(1677,1599),(1678,1599),(1679,1599),(1680,1599),(1682,1599),(1683,1599),(1684,1599),(1685,1599),(1686,1599),(1687,1599),(1689,1599),(1690,1599),(1691,1599),(1692,1599),(1693,1599),(1695,1599),(1697,1599),(1698,1599),(1699,1599),(1700,1599),(1701,1599),(1703,1599),(1705,1599),(1706,1599),(1707,1599),(1708,1599),(1709,1599),(1711,1599),(1712,1599),(1713,1599),(1714,1599),(1715,1599),(1717,1599),(1718,1599),(1719,1599),(1720,1599),(1721,1599),(1723,1599),(1724,1599),(1725,1599),(1726,1599),(1727,1599),(1729,1599),(1730,1599),(1731,1599),(1732,1599),(1733,1599),(1735,1599),(1736,1599),(1737,1599),(1738,1599),(1739,1599),(1741,1599),(1742,1599),(1743,1599),(1744,1599),(1745,1599),(1747,1599),(1748,1599),(1749,1599),(1750,1599),(1751,1599),(1753,1599),(1755,1599),(1756,1599),(1757,1599),(1758,1599),(1759,1599),(1761,1599),(1762,1599),(1763,1599),(1764,1599),(1765,1599),(1767,1599),(1769,1599),(1770,1599),(1771,1599),(1772,1599),(1773,1599),(1775,1599),(1776,1599),(1777,1599),(1778,1599),(1779,1599),(1781,1599),(1782,1599),(1783,1599),(1784,1599),(1785,1599),(1787,1599),(1788,1599),(1789,1599),(1790,1599),(1791,1599),(1793,1599),(1794,1599),(1795,1599),(1796,1599),(1797,1599),(1799,1599),(1800,1599),(1801,1599),(1802,1599),(1803,1599),(1805,1599),(1806,1599),(1807,1599),(1808,1599),(1809,1599),(1811,1599),(1813,1599),(1814,1599),(1815,1599),(1816,1599),(1817,1599),(1819,1599),(1820,1599),(1821,1599),(1822,1599),(1823,1599),(1825,1599),(1826,1599),(1827,1599),(1828,1599),(1829,1599),(1831,1599),(1832,1599),(1833,1599),(1834,1599),(1835,1599),(1837,1599),(1838,1599),(1839,1599),(1840,1599),(1841,1599),(1843,1599),(1844,1599),(1845,1599),(1846,1599),(1847,1599),(1849,1599),(1850,1599),(1851,1599),(1852,1599),(1853,1599),(1855,1599),(1857,1599),(1858,1599),(1859,1599),(1860,1599),(1861,1599),(1863,1599),(1865,1599),(1866,1599),(1867,1599),(1868,1599),(1869,1599),(1871,1599),(1872,1599),(1873,1599),(1874,1599),(1875,1599),(1877,1599),(1878,1599),(1879,1599),(1880,1599),(1881,1599),(1883,1599),(1884,1599),(1885,1599),(1886,1599),(1887,1599),(1889,1599),(1890,1599),(1891,1599),(1892,1599),(1893,1599),(1895,1599),(1896,1599),(1897,1599),(1898,1599),(1899,1599),(1901,1599),(1903,1599),(1904,1599),(1905,1599),(1906,1599),(1907,1599),(1909,1599),(1910,1599),(1911,1599),(1912,1599),(1913,1599),(1915,1599),(1916,1599),(1917,1599),(1918,1599),(1919,1599),(1921,1599),(1922,1599),(1923,1599),(1924,1599),(1925,1599),(1927,1599),(1928,1599),(1929,1599),(1930,1599),(1931,1599),(1933,1599),(1935,1599),(1936,1599),(1937,1599),(1938,1599),(1939,1599),(1941,1599),(1942,1599),(1943,1599),(1944,1599),(1945,1599),(1947,1599),(1948,1599),(1949,1599),(1950,1599),(1951,1599),(1953,1599),(1955,1599),(1956,1599),(1957,1599),(1958,1599),(1959,1599),(1961,1599),(1962,1599),(1963,1599),(1964,1599),(1965,1599),(1967,1599),(1968,1599),(1969,1599),(1970,1599),(1971,1599),(1973,1599),(1974,1599),(1975,1599),(1976,1599),(1977,1599),(1982,1981),(1984,1981),(1985,1981),(1986,1981),(1987,1981),(1988,1981),(1990,1981),(1991,1981),(1992,1981),(1993,1981),(1994,1981),(1996,1981),(1997,1981),(1998,1981),(1999,1981),(2000,1981),(2002,1981),(2004,1981),(2005,1981),(2006,1981),(2007,1981),(2008,1981),(2010,1981),(2011,1981),(2012,1981),(2013,1981),(2014,1981),(2016,1981),(2017,1981),(2018,1981),(2019,1981),(2020,1981),(2022,1981),(2023,1981),(2024,1981),(2025,1981),(2026,1981),(2028,1981),(2029,1981),(2030,1981),(2031,1981),(2032,1981),(2034,1981),(2035,1981),(2036,1981),(2037,1981),(2038,1981),(2040,1981),(2041,1981),(2042,1981),(2043,1981),(2044,1981),(2046,1981),(2047,1981),(2048,1981),(2049,1981),(2050,1981),(2052,1981),(2053,1981),(2054,1981),(2055,1981),(2056,1981),(2058,1981),(2060,1981),(2061,1981),(2062,1981),(2063,1981),(2064,1981),(2066,1981),(2067,1981),(2068,1981),(2069,1981),(2070,1981),(2072,1981),(2073,1981),(2074,1981),(2075,1981),(2076,1981),(2078,1981),(2079,1981),(2080,1981),(2081,1981),(2082,1981),(2084,1981),(2085,1981),(2086,1981),(2087,1981),(2088,1981),(2090,1981),(2092,1981),(2093,1981),(2094,1981),(2095,1981),(2096,1981),(2098,1981),(2099,1981),(2100,1981),(2101,1981),(2102,1981),(2103,1981),(2105,1981),(2106,1981),(2107,1981),(2108,1981),(2109,1981),(2111,1981),(2112,1981),(2113,1981),(2114,1981),(2115,1981),(2117,1981),(2118,1981),(2119,1981),(2120,1981),(2121,1981),(2123,1981),(2125,1981),(2126,1981),(2127,1981),(2128,1981),(2129,1981),(2131,1981),(2132,1981),(2133,1981),(2134,1981),(2135,1981),(2137,1981),(2139,1981),(2140,1981),(2141,1981),(2142,1981),(2143,1981),(2145,1981),(2146,1981),(2147,1981),(2148,1981),(2149,1981),(2151,1981),(2152,1981),(2153,1981),(2154,1981),(2155,1981),(2157,1981),(2158,1981),(2159,1981),(2160,1981),(2161,1981),(2163,1981),(2164,1981),(2165,1981),(2166,1981),(2167,1981),(2169,1981),(2170,1981),(2171,1981),(2172,1981),(2173,1981),(2175,1981),(2176,1981),(2177,1981),(2178,1981),(2179,1981),(2181,1981),(2183,1981),(2184,1981),(2185,1981),(2186,1981),(2187,1981),(2189,1981),(2190,1981),(2191,1981),(2192,1981),(2193,1981),(2195,1981),(2196,1981),(2197,1981),(2198,1981),(2199,1981),(2201,1981),(2202,1981),(2203,1981),(2204,1981),(2205,1981),(2207,1981),(2209,1981),(2210,1981),(2211,1981),(2212,1981),(2213,1981),(2214,1981),(2216,1981),(2217,1981),(2218,1981),(2219,1981),(2220,1981),(2222,1981),(2224,1981),(2225,1981),(2226,1981),(2227,1981),(2228,1981),(2230,1981),(2231,1981),(2232,1981),(2233,1981),(2234,1981),(2235,1981),(2237,1981),(2239,1981),(2240,1981),(2241,1981),(2242,1981),(2243,1981),(2245,1981),(2246,1981),(2247,1981),(2248,1981),(2249,1981),(2251,1981),(2252,1981),(2253,1981),(2254,1981),(2255,1981),(2257,1981),(2258,1981),(2259,1981),(2260,1981),(2261,1981),(2263,1981),(2264,1981),(2265,1981),(2266,1981),(2267,1981),(2269,1981),(2270,1981),(2271,1981),(2272,1981),(2273,1981),(2275,1981),(2276,1981),(2277,1981),(2278,1981),(2279,1981),(2281,1981),(2282,1981),(2283,1981),(2284,1981),(2285,1981),(2287,1981),(2289,1981),(2290,1981),(2291,1981),(2292,1981),(2293,1981),(2295,1981),(2296,1981),(2297,1981),(2298,1981),(2299,1981),(2301,1981),(2302,1981),(2303,1981),(2304,1981),(2305,1981),(2307,1981),(2308,1981),(2309,1981),(2310,1981),(2311,1981),(2313,1981),(2314,1981),(2315,1981),(2316,1981),(2317,1981),(2319,1981),(2320,1981),(2321,1981),(2322,1981),(2323,1981),(2325,1981),(2326,1981),(2327,1981),(2328,1981),(2329,1981),(2331,1981),(2332,1981),(2333,1981),(2334,1981),(2335,1981),(2337,1981),(2338,1981),(2339,1981),(2340,1981),(2341,1981),(2343,1981),(2345,1981),(2346,1981),(2347,1981),(2348,1981),(2349,1981),(2351,1981),(2352,1981),(2353,1981),(2354,1981),(2355,1981),(2357,1981),(2358,1981),(2359,1981),(2360,1981),(2361,1981),(2363,1981),(2364,1981),(2365,1981),(2366,1981),(2367,1981),(2369,1981),(2371,1981),(2372,1981),(2373,1981),(2374,1981),(2375,1981),(2377,1981),(2378,1981),(2379,1981),(2380,1981),(2381,1981),(2383,1981),(2385,1981),(2386,1981),(2387,1981),(2388,1981),(2389,1981),(2391,1981),(2393,1981),(2394,1981),(2395,1981),(2396,1981),(2397,1981),(2399,1981),(2400,1981),(2401,1981),(2402,1981),(2403,1981),(2408,2407),(2410,2407),(2411,2407),(2412,2407),(2413,2407),(2414,2407),(2416,2407),(2417,2407),(2418,2407),(2419,2407),(2420,2407),(2422,2407),(2423,2407),(2424,2407),(2425,2407),(2426,2407),(2427,2407),(2429,2407),(2430,2407),(2431,2407),(2432,2407),(2433,2407),(2435,2407),(2436,2407),(2437,2407),(2438,2407),(2439,2407),(2441,2407),(2442,2407),(2443,2407),(2444,2407),(2445,2407),(2447,2407),(2448,2407),(2449,2407),(2450,2407),(2451,2407),(2453,2407),(2454,2407),(2455,2407),(2456,2407),(2457,2407),(2459,2407),(2460,2407),(2461,2407),(2462,2407),(2463,2407),(2465,2407),(2467,2407),(2468,2407),(2469,2407),(2470,2407),(2471,2407),(2473,2407),(2474,2407),(2475,2407),(2476,2407),(2477,2407),(2479,2407),(2480,2407),(2481,2407),(2482,2407),(2483,2407),(2485,2407),(2486,2407),(2487,2407),(2488,2407),(2489,2407),(2491,2407),(2493,2407),(2494,2407),(2495,2407),(2496,2407),(2497,2407),(2499,2407),(2500,2407),(2501,2407),(2502,2407),(2503,2407),(2505,2407),(2506,2407),(2507,2407),(2508,2407),(2509,2407),(2511,2407),(2513,2407),(2514,2407),(2515,2407),(2516,2407),(2517,2407),(2518,2407),(2520,2407),(2521,2407),(2522,2407),(2523,2407),(2524,2407),(2526,2407),(2527,2407),(2528,2407),(2529,2407),(2530,2407),(2532,2407),(2533,2407),(2534,2407),(2535,2407),(2536,2407),(2538,2407),(2539,2407),(2540,2407),(2541,2407),(2542,2407),(2544,2407),(2545,2407),(2546,2407),(2547,2407),(2548,2407),(2550,2407),(2551,2407),(2552,2407),(2553,2407),(2554,2407),(2556,2407),(2557,2407),(2558,2407),(2559,2407),(2560,2407),(2562,2407),(2564,2407),(2565,2407),(2566,2407),(2567,2407),(2568,2407),(2570,2407),(2572,2407),(2573,2407),(2574,2407),(2575,2407),(2576,2407),(2578,2407),(2579,2407),(2580,2407),(2581,2407),(2582,2407),(2584,2407),(2585,2407),(2586,2407),(2587,2407),(2588,2407),(2590,2407),(2592,2407),(2593,2407),(2594,2407),(2595,2407),(2596,2407),(2598,2407),(2599,2407),(2600,2407),(2601,2407),(2602,2407),(2604,2407),(2605,2407),(2606,2407),(2607,2407),(2608,2407),(2610,2407),(2611,2407),(2612,2407),(2613,2407),(2614,2407),(2616,2407),(2617,2407),(2618,2407),(2619,2407),(2620,2407),(2622,2407),(2623,2407),(2624,2407),(2625,2407),(2626,2407),(2628,2407),(2629,2407),(2630,2407),(2631,2407),(2632,2407),(2634,2407),(2636,2407),(2637,2407),(2638,2407),(2639,2407),(2640,2407),(2642,2407),(2643,2407),(2644,2407),(2645,2407),(2646,2407),(2648,2407),(2649,2407),(2650,2407),(2651,2407),(2652,2407),(2654,2407),(2655,2407),(2656,2407),(2657,2407),(2658,2407),(2660,2407),(2661,2407),(2662,2407),(2663,2407),(2664,2407),(2666,2407),(2667,2407),(2668,2407),(2669,2407),(2670,2407),(2672,2407),(2673,2407),(2674,2407),(2675,2407),(2676,2407),(2678,2407),(2679,2407),(2680,2407),(2681,2407),(2682,2407),(2684,2407),(2686,2407),(2687,2407),(2688,2407),(2689,2407),(2690,2407),(2692,2407),(2693,2407),(2694,2407),(2695,2407),(2696,2407),(2698,2407),(2699,2407),(2700,2407),(2701,2407),(2702,2407),(2704,2407),(2705,2407),(2706,2407),(2707,2407),(2708,2407),(2710,2407),(2711,2407),(2712,2407),(2713,2407),(2714,2407),(2716,2407),(2717,2407),(2718,2407),(2719,2407),(2720,2407),(2722,2407),(2723,2407),(2724,2407),(2725,2407),(2726,2407),(2728,2407),(2730,2407),(2731,2407),(2732,2407),(2733,2407),(2734,2407),(2736,2407),(2738,2407),(2739,2407),(2740,2407),(2741,2407),(2742,2407),(2744,2407),(2745,2407),(2746,2407),(2747,2407),(2748,2407),(2750,2407),(2752,2407),(2753,2407),(2754,2407),(2755,2407),(2756,2407),(2758,2407),(2759,2407),(2760,2407),(2761,2407),(2762,2407),(2764,2407),(2765,2407),(2766,2407),(2767,2407),(2768,2407),(2770,2407),(2771,2407),(2772,2407),(2773,2407),(2774,2407),(2776,2407),(2777,2407),(2778,2407),(2779,2407),(2780,2407),(2782,2407),(2783,2407),(2784,2407),(2785,2407),(2786,2407),(2788,2407),(2789,2407),(2790,2407),(2791,2407),(2792,2407),(2794,2407),(2795,2407),(2796,2407),(2797,2407),(2798,2407),(2800,2407),(2802,2407),(2803,2407),(2804,2407),(2805,2407),(2806,2407),(2808,2407),(2809,2407),(2810,2407),(2811,2407),(2812,2407),(2814,2407),(2815,2407),(2816,2407),(2817,2407),(2818,2407),(2820,2407),(2821,2407),(2822,2407),(2823,2407),(2824,2407),(2826,2407),(2828,2407),(2829,2407),(2830,2407),(2831,2407),(2832,2407),(2833,2407),(2835,2407),(2836,2407),(2837,2407),(2838,2407),(2839,2407),(2841,2407),(2842,2407),(2843,2407),(2844,2407),(2845,2407),(2847,2407),(2848,2407),(2849,2407),(2850,2407),(2851,2407),(2853,2407),(2854,2407),(2855,2407),(2856,2407),(2857,2407),(2859,2407),(2860,2407),(2861,2407),(2862,2407),(2863,2407),(2865,2407),(2866,2407),(2867,2407),(2868,2407),(2869,2407),(2871,2407),(2872,2407),(2873,2407),(2874,2407),(2875,2407),(2877,2407),(2879,2407),(2880,2407),(2881,2407),(2882,2407),(2883,2407),(2885,2407),(2886,2407),(2887,2407),(2888,2407),(2889,2407),(2891,2407),(2893,2407),(2894,2407),(2895,2407),(2896,2407),(2897,2407),(2899,2407),(2900,2407),(2901,2407),(2902,2407),(2903,2407),(2905,2407),(2906,2407),(2907,2407),(2908,2407),(2909,2407),(2911,2407),(2912,2407),(2913,2407),(2914,2407),(2915,2407),(2917,2407),(2918,2407),(2919,2407),(2920,2407),(2921,2407),(2923,2407),(2924,2407),(2925,2407),(2926,2407),(2927,2407),(2929,2407),(2930,2407),(2931,2407),(2932,2407),(2933,2407),(2935,2407),(2937,2407),(2938,2407),(2939,2407),(2940,2407),(2941,2407),(2943,2407),(2944,2407),(2945,2407),(2946,2407),(2947,2407),(2949,2407),(2950,2407),(2951,2407),(2952,2407),(2953,2407),(2955,2407),(2956,2407),(2957,2407),(2958,2407),(2959,2407),(2961,2407),(2962,2407),(2963,2407),(2964,2407),(2965,2407),(2966,2407),(2968,2407),(2969,2407),(2970,2407),(2971,2407),(2972,2407),(2974,2407),(2975,2407),(2976,2407),(2977,2407),(2978,2407),(2982,2981),(2984,2981),(2985,2981),(2986,2981),(2987,2981),(2988,2981),(2990,2981),(2991,2981),(2992,2981),(2993,2981),(2994,2981),(2996,2981),(2997,2981),(2998,2981),(2999,2981),(3000,2981),(3002,2981),(3003,2981),(3004,2981),(3005,2981),(3006,2981),(3008,2981),(3009,2981),(3010,2981),(3011,2981),(3012,2981),(3014,2981),(3015,2981),(3016,2981),(3017,2981),(3018,2981),(3020,2981),(3022,2981),(3023,2981),(3024,2981),(3025,2981),(3026,2981),(3028,2981),(3029,2981),(3030,2981),(3031,2981),(3032,2981),(3034,2981),(3035,2981),(3036,2981),(3037,2981),(3038,2981),(3040,2981),(3041,2981),(3042,2981),(3043,2981),(3044,2981),(3046,2981),(3047,2981),(3048,2981),(3049,2981),(3050,2981),(3051,2981),(3053,2981),(3054,2981),(3055,2981),(3056,2981),(3057,2981),(3059,2981),(3060,2981),(3061,2981),(3062,2981),(3063,2981),(3065,2981),(3067,2981),(3068,2981),(3069,2981),(3070,2981),(3071,2981),(3073,2981),(3074,2981),(3075,2981),(3076,2981),(3077,2981),(3079,2981),(3080,2981),(3081,2981),(3082,2981),(3083,2981),(3085,2981),(3086,2981),(3087,2981),(3088,2981),(3089,2981),(3091,2981),(3092,2981),(3093,2981),(3094,2981),(3095,2981),(3097,2981),(3099,2981),(3100,2981),(3101,2981),(3102,2981),(3103,2981),(3104,2981),(3106,2981),(3107,2981),(3108,2981),(3109,2981),(3110,2981),(3112,2981),(3113,2981),(3114,2981),(3115,2981),(3116,2981),(3118,2981),(3119,2981),(3120,2981),(3121,2981),(3122,2981),(3124,2981),(3125,2981),(3126,2981),(3127,2981),(3128,2981),(3129,2981),(3131,2981),(3132,2981),(3133,2981),(3134,2981),(3135,2981),(3137,2981),(3138,2981),(3139,2981),(3140,2981),(3141,2981),(3143,2981),(3145,2981),(3146,2981),(3147,2981),(3148,2981),(3149,2981),(3151,2981),(3152,2981),(3153,2981),(3154,2981),(3155,2981),(3157,2981),(3158,2981),(3159,2981),(3160,2981),(3161,2981),(3163,2981),(3164,2981),(3165,2981),(3166,2981),(3167,2981),(3168,2981),(3170,2981),(3171,2981),(3172,2981),(3173,2981),(3174,2981),(3176,2981),(3177,2981),(3178,2981),(3179,2981),(3180,2981),(3182,2981),(3183,2981),(3184,2981),(3185,2981),(3186,2981),(3188,2981),(3190,2981),(3191,2981),(3192,2981),(3193,2981),(3194,2981),(3196,2981),(3197,2981),(3198,2981),(3199,2981),(3200,2981),(3202,2981),(3203,2981),(3204,2981),(3205,2981),(3206,2981),(3208,2981),(3210,2981),(3211,2981),(3212,2981),(3213,2981),(3214,2981),(3216,2981),(3217,2981),(3218,2981),(3219,2981),(3220,2981),(3222,2981),(3224,2981),(3225,2981),(3226,2981),(3227,2981),(3228,2981),(3230,2981),(3231,2981),(3232,2981),(3233,2981),(3234,2981),(3236,2981),(3237,2981),(3238,2981),(3239,2981),(3240,2981),(3242,2981),(3243,2981),(3244,2981),(3245,2981),(3246,2981),(3248,2981),(3249,2981),(3250,2981),(3251,2981),(3252,2981),(3254,2981),(3255,2981),(3256,2981),(3257,2981),(3258,2981),(3260,2981),(3261,2981),(3262,2981),(3263,2981),(3264,2981),(3266,2981),(3267,2981),(3268,2981),(3269,2981),(3270,2981),(3272,2981),(3273,2981),(3274,2981),(3275,2981),(3276,2981),(3278,2981),(3280,2981),(3281,2981),(3282,2981),(3283,2981),(3284,2981),(3286,2981),(3288,2981),(3289,2981),(3290,2981),(3291,2981),(3292,2981),(3293,2981),(3295,2981),(3296,2981),(3297,2981),(3298,2981),(3299,2981),(3301,2981),(3302,2981),(3303,2981),(3304,2981),(3305,2981),(3307,2981),(3308,2981),(3309,2981),(3310,2981),(3311,2981),(3313,2981),(3314,2981),(3315,2981),(3316,2981),(3317,2981),(3319,2981),(3320,2981),(3321,2981),(3322,2981),(3323,2981),(3325,2981),(3326,2981),(3327,2981),(3328,2981),(3329,2981),(3331,2981),(3333,2981),(3334,2981),(3335,2981),(3336,2981),(3337,2981),(3339,2981),(3340,2981),(3341,2981),(3342,2981),(3343,2981),(3345,2981),(3346,2981),(3347,2981),(3348,2981),(3349,2981),(3351,2981),(3352,2981),(3353,2981),(3354,2981),(3355,2981),(3357,2981),(3359,2981),(3360,2981),(3361,2981),(3362,2981),(3363,2981),(3365,2981),(3366,2981),(3367,2981),(3368,2981),(3369,2981),(3371,2981),(3372,2981),(3373,2981),(3374,2981),(3375,2981),(3377,2981),(3378,2981),(3379,2981),(3380,2981),(3381,2981),(3383,2981),(3384,2981),(3385,2981),(3386,2981),(3387,2981),(3389,2981),(3390,2981),(3391,2981),(3392,2981),(3393,2981),(3395,2981),(3396,2981),(3397,2981),(3398,2981),(3399,2981),(3401,2981),(3402,2981),(3403,2981),(3404,2981),(3405,2981);
CREATE TABLE `connectsTo` (
  `TrackElement1_id` integer NOT NULL
,  `TrackElement2_id` integer NOT NULL
,  PRIMARY KEY (`TrackElement1_id`,`TrackElement2_id`)
);
INSERT INTO `connectsTo` VALUES (5,7),(7,8),(8,9),(9,10),(10,11),(11,13),(13,14),(14,15),(15,16),(16,17),(17,19),(19,20),(20,21),(21,22),(22,23),(23,25),(25,26),(26,27),(27,28),(28,29),(29,31),(31,32),(32,33),(33,34),(34,35),(35,37),(37,38),(38,39),(39,40),(40,41),(41,43),(43,44),(44,45),(45,46),(46,47),(52,54),(54,55),(55,56),(56,57),(57,58),(58,60),(60,61),(61,62),(62,63),(63,64),(64,66),(66,67),(67,68),(68,69),(69,70),(70,72),(72,73),(73,74),(74,75),(75,76),(76,78),(78,79),(79,80),(80,81),(81,82),(82,84),(84,85),(85,86),(86,87),(87,88),(88,90),(90,91),(91,92),(92,93),(93,94),(94,96),(96,97),(97,98),(98,99),(99,100),(100,102),(102,104),(104,105),(105,106),(106,107),(107,108),(108,110),(110,111),(111,112),(112,113),(113,114),(114,116),(116,117),(117,118),(118,119),(119,120),(120,122),(122,123),(123,124),(124,125),(125,126),(126,128),(128,129),(129,130),(130,131),(131,132),(132,134),(134,135),(135,136),(136,137),(137,138),(138,140),(140,141),(141,142),(142,143),(143,144),(144,146),(146,147),(147,148),(148,149),(149,150),(150,152),(152,153),(153,154),(154,155),(155,156),(47,52),(161,163),(163,164),(164,165),(165,166),(166,167),(167,169),(169,170),(170,171),(171,172),(172,173),(173,175),(175,176),(176,177),(177,178),(178,179),(156,161),(184,186),(186,187),(187,188),(188,189),(189,190),(190,192),(192,193),(193,194),(194,195),(195,196),(196,198),(198,199),(199,200),(200,201),(201,202),(202,204),(204,205),(205,206),(206,207),(207,208),(208,210),(210,211),(211,212),(212,213),(213,214),(214,216),(216,217),(217,218),(218,219),(219,220),(220,222),(222,223),(223,224),(224,225),(225,226),(226,228),(228,230),(230,231),(231,232),(232,233),(233,234),(234,236),(236,238),(238,239),(239,240),(240,241),(241,242),(242,244),(244,245),(245,246),(246,247),(247,248),(248,250),(250,251),(251,252),(252,253),(253,254),(254,256),(256,257),(257,258),(258,259),(259,260),(260,262),(262,264),(264,265),(265,266),(266,267),(267,268),(268,270),(270,271),(271,272),(272,273),(273,274),(274,276),(276,277),(277,278),(278,279),(279,280),(280,282),(282,284),(284,285),(285,286),(286,287),(287,288),(288,290),(290,291),(291,292),(292,293),(293,294),(294,296),(296,297),(297,298),(298,299),(299,300),(300,302),(302,303),(303,304),(304,305),(305,306),(306,308),(308,309),(309,310),(310,311),(311,312),(312,314),(314,316),(316,317),(317,318),(318,319),(319,320),(320,322),(322,323),(323,324),(324,325),(325,326),(326,328),(328,329),(329,330),(330,331),(331,332),(332,334),(334,335),(335,336),(336,337),(337,338),(338,340),(340,341),(341,342),(342,343),(343,344),(344,346),(346,347),(347,348),(348,349),(349,350),(350,352),(352,353),(353,354),(354,355),(355,356),(356,358),(358,360),(360,361),(361,362),(362,363),(363,364),(364,366),(366,367),(367,368),(368,369),(369,370),(370,372),(372,373),(373,374),(374,375),(375,376),(376,378),(378,379),(379,380),(380,381),(381,382),(179,184),(387,389),(389,390),(390,391),(391,392),(392,393),(393,395),(395,396),(396,397),(397,398),(398,399),(399,401),(401,402),(402,403),(403,404),(404,405),(405,407),(407,408),(408,409),(409,410),(410,411),(411,413),(413,414),(414,415),(415,416),(416,417),(417,419),(419,420),(420,421),(421,422),(422,423),(423,425),(425,426),(426,427),(427,428),(428,429),(429,431),(431,432),(432,433),(433,434),(434,435),(435,437),(437,438),(438,439),(439,440),(440,441),(441,443),(443,445),(445,446),(446,447),(447,448),(448,449),(449,451),(451,453),(453,454),(454,455),(455,456),(456,457),(457,459),(459,461),(461,462),(462,463),(463,464),(464,465),(465,467),(467,468),(468,469),(469,470),(470,471),(471,473),(473,475),(475,476),(476,477),(477,478),(478,479),(479,481),(481,482),(482,483),(483,484),(484,485),(485,487),(487,488),(488,489),(489,490),(490,491),(491,493),(493,494),(494,495),(495,496),(496,497),(497,499),(499,500),(500,501),(501,502),(502,503),(503,505),(505,506),(506,507),(507,508),(508,509),(509,511),(511,512),(512,513),(513,514),(514,515),(515,517),(517,518),(518,519),(519,520),(520,521),(521,523),(523,524),(524,525),(525,526),(526,527),(527,529),(529,531),(531,532),(532,533),(533,534),(534,535),(535,536),(536,538),(538,539),(539,540),(540,541),(541,542),(542,544),(544,545),(545,546),(546,547),(547,548),(548,550),(550,551),(551,552),(552,553),(553,554),(554,556),(556,557),(557,558),(558,559),(559,560),(560,562),(562,563),(563,564),(564,565),(565,566),(566,568),(568,569),(569,570),(570,571),(571,572),(572,574),(574,575),(575,576),(576,577),(577,578),(578,580),(580,581),(581,582),(582,583),(583,584),(584,586),(586,588),(588,589),(589,590),(590,591),(591,592),(592,594),(594,595),(595,596),(596,597),(597,598),(598,600),(600,601),(601,602),(602,603),(603,604),(604,606),(606,608),(608,609),(609,610),(610,611),(611,612),(612,614),(614,615),(615,616),(616,617),(617,618),(618,620),(620,622),(622,623),(623,624),(624,625),(625,626),(626,628),(628,629),(629,630),(630,631),(631,632),(632,634),(634,635),(635,636),(636,637),(637,638),(638,640),(640,641),(641,642),(642,643),(643,644),(644,646),(646,647),(647,648),(648,649),(649,650),(650,651),(651,653),(653,654),(654,655),(655,656),(656,657),(657,659),(659,661),(661,662),(662,663),(663,664),(664,665),(665,667),(667,668),(668,669),(669,670),(670,671),(671,673),(673,674),(674,675),(675,676),(676,677),(677,679),(679,680),(680,681),(681,682),(682,683),(683,685),(685,686),(686,687),(687,688),(688,689),(689,691),(691,692),(692,693),(693,694),(694,695),(695,697),(697,698),(698,699),(699,700),(700,701),(701,703),(703,704),(704,705),(705,706),(706,707),(707,709),(709,711),(711,712),(712,713),(713,714),(714,715),(715,717),(717,718),(718,719),(719,720),(720,721),(721,723),(723,725),(725,726),(726,727),(727,728),(728,729),(729,731),(731,732),(732,733),(733,734),(734,735),(735,737),(737,738),(738,739),(739,740),(740,741),(741,743),(743,744),(744,745),(745,746),(746,747),(747,749),(749,750),(750,751),(751,752),(752,753),(753,755),(755,756),(756,757),(757,758),(758,759),(759,761),(761,762),(762,763),(763,764),(764,765),(765,767),(767,768),(768,769),(769,770),(770,771),(771,773),(773,774),(774,775),(775,776),(776,777),(777,779),(779,781),(781,782),(782,783),(783,784),(784,785),(785,787),(787,788),(788,789),(789,790),(790,791),(791,793),(793,794),(794,795),(795,796),(796,797),(797,799),(799,800),(800,801),(801,802),(802,803),(803,805),(805,806),(806,807),(807,808),(808,809),(809,811),(811,812),(812,813),(813,814),(814,815),(815,817),(817,818),(818,819),(819,820),(820,821),(821,823),(823,824),(824,825),(825,826),(826,827),(827,829),(829,831),(831,832),(832,833),(833,834),(834,835),(835,837),(837,838),(838,839),(839,840),(840,841),(841,843),(843,844),(844,845),(845,846),(846,847),(847,849),(849,850),(850,851),(851,852),(852,853),(853,855),(855,857),(857,858),(858,859),(859,860),(860,861),(861,863),(863,864),(864,865),(865,866),(866,867),(867,869),(869,870),(870,871),(871,872),(872,873),(873,875),(875,876),(876,877),(877,878),(878,879),(879,881),(881,882),(882,883),(883,884),(884,885),(885,886),(886,888),(888,889),(889,890),(890,891),(891,892),(892,894),(894,895),(895,896),(896,897),(897,898),(898,900),(900,902),(902,903),(903,904),(904,905),(905,906),(906,908),(908,909),(909,910),(910,911),(911,912),(912,914),(914,915),(915,916),(916,917),(917,918),(918,920),(920,922),(922,923),(923,924),(924,925),(925,926),(382,387),(931,933),(933,934),(934,935),(935,936),(936,937),(937,939),(939,940),(940,941),(941,942),(942,943),(943,945),(945,946),(946,947),(947,948),(948,949),(949,951),(951,953),(953,954),(954,955),(955,956),(956,957),(957,959),(959,960),(960,961),(961,962),(962,963),(963,965),(965,966),(966,967),(967,968),(968,969),(969,971),(971,972),(972,973),(973,974),(974,975),(975,977),(977,979),(979,980),(980,981),(981,982),(982,983),(983,985),(985,986),(986,987),(987,988),(988,989),(989,991),(991,992),(992,993),(993,994),(994,995),(995,997),(997,999),(999,1000),(1000,1001),(1001,1002),(1002,1003),(1003,1005),(1005,1006),(1006,1007),(1007,1008),(1008,1009),(1009,1011),(1011,1012),(1012,1013),(1013,1014),(1014,1015),(1015,1017),(1017,1018),(1018,1019),(1019,1020),(1020,1021),(1021,1023),(1023,1024),(1024,1025),(1025,1026),(1026,1027),(1027,1029),(1029,1030),(1030,1031),(1031,1032),(1032,1033),(1033,1035),(1035,1036),(1036,1037),(1037,1038),(1038,1039),(1039,1041),(1041,1043),(1043,1044),(1044,1045),(1045,1046),(1046,1047),(1047,1049),(1049,1050),(1050,1051),(1051,1052),(1052,1053),(1053,1055),(1055,1056),(1056,1057),(1057,1058),(1058,1059),(1059,1061),(1061,1062),(1062,1063),(1063,1064),(1064,1065),(1065,1067),(1067,1068),(1068,1069),(1069,1070),(1070,1071),(1071,1073),(1073,1074),(1074,1075),(1075,1076),(1076,1077),(1077,1079),(1079,1081),(1081,1082),(1082,1083),(1083,1084),(1084,1085),(1085,1087),(1087,1088),(1088,1089),(1089,1090),(1090,1091),(1091,1093),(1093,1094),(1094,1095),(1095,1096),(1096,1097),(1097,1099),(1099,1100),(1100,1101),(1101,1102),(1102,1103),(1103,1105),(1105,1106),(1106,1107),(1107,1108),(1108,1109),(1109,1111),(1111,1112),(1112,1113),(1113,1114),(1114,1115),(1115,1117),(1117,1118),(1118,1119),(1119,1120),(1120,1121),(1121,1123),(1123,1124),(1124,1125),(1125,1126),(1126,1127),(1127,1129),(1129,1130),(1130,1131),(1131,1132),(1132,1133),(1133,1135),(1135,1137),(1137,1138),(1138,1139),(1139,1140),(1140,1141),(1141,1143),(1143,1144),(1144,1145),(1145,1146),(1146,1147),(1147,1149),(1149,1150),(1150,1151),(1151,1152),(1152,1153),(1153,1155),(1155,1157),(1157,1158),(1158,1159),(1159,1160),(1160,1161),(1161,1163),(1163,1164),(1164,1165),(1165,1166),(1166,1167),(1167,1168),(1168,1170),(1170,1171),(1171,1172),(1172,1173),(1173,1174),(1174,1176),(1176,1177),(1177,1178),(1178,1179),(1179,1180),(1180,1182),(1182,1183),(1183,1184),(1184,1185),(1185,1186),(1186,1187),(1187,1189),(1189,1190),(1190,1191),(1191,1192),(1192,1193),(1193,1195),(1195,1197),(1197,1198),(1198,1199),(1199,1200),(1200,1201),(1201,1203),(1203,1204),(1204,1205),(1205,1206),(1206,1207),(1207,1209),(1209,1210),(1210,1211),(1211,1212),(1212,1213),(1213,1215),(1215,1216),(1216,1217),(1217,1218),(1218,1219),(1219,1221),(1221,1222),(1222,1223),(1223,1224),(1224,1225),(1225,1227),(1227,1228),(1228,1229),(1229,1230),(1230,1231),(1231,1233),(1233,1234),(1234,1235),(1235,1236),(1236,1237),(1237,1239),(1239,1241),(1241,1242),(1242,1243),(1243,1244),(1244,1245),(1245,1247),(1247,1248),(1248,1249),(1249,1250),(1250,1251),(1251,1253),(1253,1254),(1254,1255),(1255,1256),(1256,1257),(1257,1259),(1259,1260),(1260,1261),(1261,1262),(1262,1263),(1263,1265),(1265,1267),(1267,1268),(1268,1269),(1269,1270),(1270,1271),(1271,1273),(1273,1274),(1274,1275),(1275,1276),(1276,1277),(1277,1279),(1279,1280),(1280,1281),(1281,1282),(1282,1283),(1283,1285),(1285,1286),(1286,1287),(1287,1288),(1288,1289),(1289,1291),(1291,1293),(1293,1294),(1294,1295),(1295,1296),(1296,1297),(1297,1299),(1299,1300),(1300,1301),(1301,1302),(1302,1303),(1303,1305),(1305,1306),(1306,1307),(1307,1308),(1308,1309),(1309,1310),(1310,1312),(1312,1313),(1313,1314),(1314,1315),(1315,1316),(1316,1318),(1318,1319),(1319,1320),(1320,1321),(1321,1322),(1322,1324),(1324,1325),(1325,1326),(1326,1327),(1327,1328),(1328,1330),(1330,1332),(1332,1333),(1333,1334),(1334,1335),(1335,1336),(1336,1338),(1338,1339),(1339,1340),(1340,1341),(1341,1342),(1342,1344),(1344,1345),(1345,1346),(1346,1347),(1347,1348),(1348,1350),(1350,1351),(1351,1352),(1352,1353),(1353,1354),(1354,1356),(1356,1358),(1358,1359),(1359,1360),(1360,1361),(1361,1362),(1362,1364),(1364,1365),(1365,1366),(1366,1367),(1367,1368),(1368,1369),(1369,1371),(1371,1372),(1372,1373),(1373,1374),(1374,1375),(1375,1377),(1377,1378),(1378,1379),(1379,1380),(1380,1381),(1381,1383),(1383,1384),(1384,1385),(1385,1386),(1386,1387),(1387,1389),(1389,1390),(1390,1391),(1391,1392),(1392,1393),(1393,1395),(1395,1396),(1396,1397),(1397,1398),(1398,1399),(1399,1401),(1401,1402),(1402,1403),(1403,1404),(1404,1405),(1405,1407),(1407,1408),(1408,1409),(1409,1410),(1410,1411),(1411,1413),(1413,1415),(1415,1416),(1416,1417),(1417,1418),(1418,1419),(1419,1421),(1421,1422),(1422,1423),(1423,1424),(1424,1425),(1425,1427),(1427,1428),(1428,1429),(1429,1430),(1430,1431),(1431,1433),(1433,1434),(1434,1435),(1435,1436),(1436,1437),(1437,1439),(1439,1440),(1440,1441),(1441,1442),(1442,1443),(1443,1445),(1445,1446),(1446,1447),(1447,1448),(1448,1449),(1449,1451),(1451,1452),(1452,1453),(1453,1454),(1454,1455),(1455,1457),(1457,1458),(1458,1459),(1459,1460),(1460,1461),(1461,1463),(1463,1465),(1465,1466),(1466,1467),(1467,1468),(1468,1469),(1469,1471),(1471,1472),(1472,1473),(1473,1474),(1474,1475),(1475,1477),(1477,1478),(1478,1479),(1479,1480),(1480,1481),(1481,1483),(1483,1484),(1484,1485),(1485,1486),(1486,1487),(1487,1489),(1489,1491),(1491,1492),(1492,1493),(1493,1494),(1494,1495),(1495,1497),(1497,1498),(1498,1499),(1499,1500),(1500,1501),(1501,1503),(1503,1504),(1504,1505),(1505,1506),(1506,1507),(1507,1509),(1509,1510),(1510,1511),(1511,1512),(1512,1513),(1513,1515),(1515,1516),(1516,1517),(1517,1518),(1518,1519),(1519,1521),(1521,1522),(1522,1523),(1523,1524),(1524,1525),(1525,1527),(1527,1528),(1528,1529),(1529,1530),(1530,1531),(1531,1533),(1533,1535),(1535,1536),(1536,1537),(1537,1538),(1538,1539),(1539,1541),(1541,1542),(1542,1543),(1543,1544),(1544,1545),(1545,1547),(1547,1548),(1548,1549),(1549,1550),(1550,1551),(1551,1553),(1553,1554),(1554,1555),(1555,1556),(1556,1557),(1557,1559),(1559,1560),(1560,1561),(1561,1562),(1562,1563),(1563,1565),(1565,1566),(1566,1567),(1567,1568),(1568,1569),(1569,1571),(1571,1572),(1572,1573),(1573,1574),(1574,1575),(1575,1577),(1577,1578),(1578,1579),(1579,1580),(1580,1581),(1581,1583),(1583,1584),(1584,1585),(1585,1586),(1586,1587),(1587,1589),(1589,1591),(1591,1592),(1592,1593),(1593,1594),(1594,1595),(926,931),(1600,1602),(1602,1603),(1603,1604),(1604,1605),(1605,1606),(1606,1608),(1608,1609),(1609,1610),(1610,1611),(1611,1612),(1612,1614),(1614,1615),(1615,1616),(1616,1617),(1617,1618),(1618,1620),(1620,1621),(1621,1622),(1622,1623),(1623,1624),(1624,1626),(1626,1627),(1627,1628),(1628,1629),(1629,1630),(1630,1632),(1632,1633),(1633,1634),(1634,1635),(1635,1636),(1636,1638),(1638,1640),(1640,1641),(1641,1642),(1642,1643),(1643,1644),(1644,1646),(1646,1647),(1647,1648),(1648,1649),(1649,1650),(1650,1652),(1652,1653),(1653,1654),(1654,1655),(1655,1656),(1656,1658),(1658,1659),(1659,1660),(1660,1661),(1661,1662),(1662,1664),(1664,1665),(1665,1666),(1666,1667),(1667,1668),(1668,1670),(1670,1671),(1671,1672),(1672,1673),(1673,1674),(1674,1676),(1676,1677),(1677,1678),(1678,1679),(1679,1680),(1680,1682),(1682,1683),(1683,1684),(1684,1685),(1685,1686),(1686,1687),(1687,1689),(1689,1690),(1690,1691),(1691,1692),(1692,1693),(1693,1695),(1695,1697),(1697,1698),(1698,1699),(1699,1700),(1700,1701),(1701,1703),(1703,1705),(1705,1706),(1706,1707),(1707,1708),(1708,1709),(1709,1711),(1711,1712),(1712,1713),(1713,1714),(1714,1715),(1715,1717),(1717,1718),(1718,1719),(1719,1720),(1720,1721),(1721,1723),(1723,1724),(1724,1725),(1725,1726),(1726,1727),(1727,1729),(1729,1730),(1730,1731),(1731,1732),(1732,1733),(1733,1735),(1735,1736),(1736,1737),(1737,1738),(1738,1739),(1739,1741),(1741,1742),(1742,1743),(1743,1744),(1744,1745),(1745,1747),(1747,1748),(1748,1749),(1749,1750),(1750,1751),(1751,1753),(1753,1755),(1755,1756),(1756,1757),(1757,1758),(1758,1759),(1759,1761),(1761,1762),(1762,1763),(1763,1764),(1764,1765),(1765,1767),(1767,1769),(1769,1770),(1770,1771),(1771,1772),(1772,1773),(1773,1775),(1775,1776),(1776,1777),(1777,1778),(1778,1779),(1779,1781),(1781,1782),(1782,1783),(1783,1784),(1784,1785),(1785,1787),(1787,1788),(1788,1789),(1789,1790),(1790,1791),(1791,1793),(1793,1794),(1794,1795),(1795,1796),(1796,1797),(1797,1799),(1799,1800),(1800,1801),(1801,1802),(1802,1803),(1803,1805),(1805,1806),(1806,1807),(1807,1808),(1808,1809),(1809,1811),(1811,1813),(1813,1814),(1814,1815),(1815,1816),(1816,1817),(1817,1819),(1819,1820),(1820,1821),(1821,1822),(1822,1823),(1823,1825),(1825,1826),(1826,1827),(1827,1828),(1828,1829),(1829,1831),(1831,1832),(1832,1833),(1833,1834),(1834,1835),(1835,1837),(1837,1838),(1838,1839),(1839,1840),(1840,1841),(1841,1843),(1843,1844),(1844,1845),(1845,1846),(1846,1847),(1847,1849),(1849,1850),(1850,1851),(1851,1852),(1852,1853),(1853,1855),(1855,1857),(1857,1858),(1858,1859),(1859,1860),(1860,1861),(1861,1863),(1863,1865),(1865,1866),(1866,1867),(1867,1868),(1868,1869),(1869,1871),(1871,1872),(1872,1873),(1873,1874),(1874,1875),(1875,1877),(1877,1878),(1878,1879),(1879,1880),(1880,1881),(1881,1883),(1883,1884),(1884,1885),(1885,1886),(1886,1887),(1887,1889),(1889,1890),(1890,1891),(1891,1892),(1892,1893),(1893,1895),(1895,1896),(1896,1897),(1897,1898),(1898,1899),(1899,1901),(1901,1903),(1903,1904),(1904,1905),(1905,1906),(1906,1907),(1907,1909),(1909,1910),(1910,1911),(1911,1912),(1912,1913),(1913,1915),(1915,1916),(1916,1917),(1917,1918),(1918,1919),(1919,1921),(1921,1922),(1922,1923),(1923,1924),(1924,1925),(1925,1927),(1927,1928),(1928,1929),(1929,1930),(1930,1931),(1931,1933),(1933,1935),(1935,1936),(1936,1937),(1937,1938),(1938,1939),(1939,1941),(1941,1942),(1942,1943),(1943,1944),(1944,1945),(1945,1947),(1947,1948),(1948,1949),(1949,1950),(1950,1951),(1951,1953),(1953,1955),(1955,1956),(1956,1957),(1957,1958),(1958,1959),(1959,1961),(1961,1962),(1962,1963),(1963,1964),(1964,1965),(1965,1967),(1967,1968),(1968,1969),(1969,1970),(1970,1971),(1971,1973),(1973,1974),(1974,1975),(1975,1976),(1976,1977),(1595,1600),(1982,1984),(1984,1985),(1985,1986),(1986,1987),(1987,1988),(1988,1990),(1990,1991),(1991,1992),(1992,1993),(1993,1994),(1994,1996),(1996,1997),(1997,1998),(1998,1999),(1999,2000),(2000,2002),(2002,2004),(2004,2005),(2005,2006),(2006,2007),(2007,2008),(2008,2010),(2010,2011),(2011,2012),(2012,2013),(2013,2014),(2014,2016),(2016,2017),(2017,2018),(2018,2019),(2019,2020),(2020,2022),(2022,2023),(2023,2024),(2024,2025),(2025,2026),(2026,2028),(2028,2029),(2029,2030),(2030,2031),(2031,2032),(2032,2034),(2034,2035),(2035,2036),(2036,2037),(2037,2038),(2038,2040),(2040,2041),(2041,2042),(2042,2043),(2043,2044),(2044,2046),(2046,2047),(2047,2048),(2048,2049),(2049,2050),(2050,2052),(2052,2053),(2053,2054),(2054,2055),(2055,2056),(2056,2058),(2058,2060),(2060,2061),(2061,2062),(2062,2063),(2063,2064),(2064,2066),(2066,2067),(2067,2068),(2068,2069),(2069,2070),(2070,2072),(2072,2073),(2073,2074),(2074,2075),(2075,2076),(2076,2078),(2078,2079),(2079,2080),(2080,2081),(2081,2082),(2082,2084),(2084,2085),(2085,2086),(2086,2087),(2087,2088),(2088,2090),(2090,2092),(2092,2093),(2093,2094),(2094,2095),(2095,2096),(2096,2098),(2098,2099),(2099,2100),(2100,2101),(2101,2102),(2102,2103),(2103,2105),(2105,2106),(2106,2107),(2107,2108),(2108,2109),(2109,2111),(2111,2112),(2112,2113),(2113,2114),(2114,2115),(2115,2117),(2117,2118),(2118,2119),(2119,2120),(2120,2121),(2121,2123),(2123,2125),(2125,2126),(2126,2127),(2127,2128),(2128,2129),(2129,2131),(2131,2132),(2132,2133),(2133,2134),(2134,2135),(2135,2137),(2137,2139),(2139,2140),(2140,2141),(2141,2142),(2142,2143),(2143,2145),(2145,2146),(2146,2147),(2147,2148),(2148,2149),(2149,2151),(2151,2152),(2152,2153),(2153,2154),(2154,2155),(2155,2157),(2157,2158),(2158,2159),(2159,2160),(2160,2161),(2161,2163),(2163,2164),(2164,2165),(2165,2166),(2166,2167),(2167,2169),(2169,2170),(2170,2171),(2171,2172),(2172,2173),(2173,2175),(2175,2176),(2176,2177),(2177,2178),(2178,2179),(2179,2181),(2181,2183),(2183,2184),(2184,2185),(2185,2186),(2186,2187),(2187,2189),(2189,2190),(2190,2191),(2191,2192),(2192,2193),(2193,2195),(2195,2196),(2196,2197),(2197,2198),(2198,2199),(2199,2201),(2201,2202),(2202,2203),(2203,2204),(2204,2205),(2205,2207),(2207,2209),(2209,2210),(2210,2211),(2211,2212),(2212,2213),(2213,2214),(2214,2216),(2216,2217),(2217,2218),(2218,2219),(2219,2220),(2220,2222),(2222,2224),(2224,2225),(2225,2226),(2226,2227),(2227,2228),(2228,2230),(2230,2231),(2231,2232),(2232,2233),(2233,2234),(2234,2235),(2235,2237),(2237,2239),(2239,2240),(2240,2241),(2241,2242),(2242,2243),(2243,2245),(2245,2246),(2246,2247),(2247,2248),(2248,2249),(2249,2251),(2251,2252),(2252,2253),(2253,2254),(2254,2255),(2255,2257),(2257,2258),(2258,2259),(2259,2260),(2260,2261),(2261,2263),(2263,2264),(2264,2265),(2265,2266),(2266,2267),(2267,2269),(2269,2270),(2270,2271),(2271,2272),(2272,2273),(2273,2275),(2275,2276),(2276,2277),(2277,2278),(2278,2279),(2279,2281),(2281,2282),(2282,2283),(2283,2284),(2284,2285),(2285,2287),(2287,2289),(2289,2290),(2290,2291),(2291,2292),(2292,2293),(2293,2295),(2295,2296),(2296,2297),(2297,2298),(2298,2299),(2299,2301),(2301,2302),(2302,2303),(2303,2304),(2304,2305),(2305,2307),(2307,2308),(2308,2309),(2309,2310),(2310,2311),(2311,2313),(2313,2314),(2314,2315),(2315,2316),(2316,2317),(2317,2319),(2319,2320),(2320,2321),(2321,2322),(2322,2323),(2323,2325),(2325,2326),(2326,2327),(2327,2328),(2328,2329),(2329,2331),(2331,2332),(2332,2333),(2333,2334),(2334,2335),(2335,2337),(2337,2338),(2338,2339),(2339,2340),(2340,2341),(2341,2343),(2343,2345),(2345,2346),(2346,2347),(2347,2348),(2348,2349),(2349,2351),(2351,2352),(2352,2353),(2353,2354),(2354,2355),(2355,2357),(2357,2358),(2358,2359),(2359,2360),(2360,2361),(2361,2363),(2363,2364),(2364,2365),(2365,2366),(2366,2367),(2367,2369),(2369,2371),(2371,2372),(2372,2373),(2373,2374),(2374,2375),(2375,2377),(2377,2378),(2378,2379),(2379,2380),(2380,2381),(2381,2383),(2383,2385),(2385,2386),(2386,2387),(2387,2388),(2388,2389),(2389,2391),(2391,2393),(2393,2394),(2394,2395),(2395,2396),(2396,2397),(2397,2399),(2399,2400),(2400,2401),(2401,2402),(2402,2403),(1977,1982),(2408,2410),(2410,2411),(2411,2412),(2412,2413),(2413,2414),(2414,2416),(2416,2417),(2417,2418),(2418,2419),(2419,2420),(2420,2422),(2422,2423),(2423,2424),(2424,2425),(2425,2426),(2426,2427),(2427,2429),(2429,2430),(2430,2431),(2431,2432),(2432,2433),(2433,2435),(2435,2436),(2436,2437),(2437,2438),(2438,2439),(2439,2441),(2441,2442),(2442,2443),(2443,2444),(2444,2445),(2445,2447),(2447,2448),(2448,2449),(2449,2450),(2450,2451),(2451,2453),(2453,2454),(2454,2455),(2455,2456),(2456,2457),(2457,2459),(2459,2460),(2460,2461),(2461,2462),(2462,2463),(2463,2465),(2465,2467),(2467,2468),(2468,2469),(2469,2470),(2470,2471),(2471,2473),(2473,2474),(2474,2475),(2475,2476),(2476,2477),(2477,2479),(2479,2480),(2480,2481),(2481,2482),(2482,2483),(2483,2485),(2485,2486),(2486,2487),(2487,2488),(2488,2489),(2489,2491),(2491,2493),(2493,2494),(2494,2495),(2495,2496),(2496,2497),(2497,2499),(2499,2500),(2500,2501),(2501,2502),(2502,2503),(2503,2505),(2505,2506),(2506,2507),(2507,2508),(2508,2509),(2509,2511),(2511,2513),(2513,2514),(2514,2515),(2515,2516),(2516,2517),(2517,2518),(2518,2520),(2520,2521),(2521,2522),(2522,2523),(2523,2524),(2524,2526),(2526,2527),(2527,2528),(2528,2529),(2529,2530),(2530,2532),(2532,2533),(2533,2534),(2534,2535),(2535,2536),(2536,2538),(2538,2539),(2539,2540),(2540,2541),(2541,2542),(2542,2544),(2544,2545),(2545,2546),(2546,2547),(2547,2548),(2548,2550),(2550,2551),(2551,2552),(2552,2553),(2553,2554),(2554,2556),(2556,2557),(2557,2558),(2558,2559),(2559,2560),(2560,2562),(2562,2564),(2564,2565),(2565,2566),(2566,2567),(2567,2568),(2568,2570),(2570,2572),(2572,2573),(2573,2574),(2574,2575),(2575,2576),(2576,2578),(2578,2579),(2579,2580),(2580,2581),(2581,2582),(2582,2584),(2584,2585),(2585,2586),(2586,2587),(2587,2588),(2588,2590),(2590,2592),(2592,2593),(2593,2594),(2594,2595),(2595,2596),(2596,2598),(2598,2599),(2599,2600),(2600,2601),(2601,2602),(2602,2604),(2604,2605),(2605,2606),(2606,2607),(2607,2608),(2608,2610),(2610,2611),(2611,2612),(2612,2613),(2613,2614),(2614,2616),(2616,2617),(2617,2618),(2618,2619),(2619,2620),(2620,2622),(2622,2623),(2623,2624),(2624,2625),(2625,2626),(2626,2628),(2628,2629),(2629,2630),(2630,2631),(2631,2632),(2632,2634),(2634,2636),(2636,2637),(2637,2638),(2638,2639),(2639,2640),(2640,2642),(2642,2643),(2643,2644),(2644,2645),(2645,2646),(2646,2648),(2648,2649),(2649,2650),(2650,2651),(2651,2652),(2652,2654),(2654,2655),(2655,2656),(2656,2657),(2657,2658),(2658,2660),(2660,2661),(2661,2662),(2662,2663),(2663,2664),(2664,2666),(2666,2667),(2667,2668),(2668,2669),(2669,2670),(2670,2672),(2672,2673),(2673,2674),(2674,2675),(2675,2676),(2676,2678),(2678,2679),(2679,2680),(2680,2681),(2681,2682),(2682,2684),(2684,2686),(2686,2687),(2687,2688),(2688,2689),(2689,2690),(2690,2692),(2692,2693),(2693,2694),(2694,2695),(2695,2696),(2696,2698),(2698,2699),(2699,2700),(2700,2701),(2701,2702),(2702,2704),(2704,2705),(2705,2706),(2706,2707),(2707,2708),(2708,2710),(2710,2711),(2711,2712),(2712,2713),(2713,2714),(2714,2716),(2716,2717),(2717,2718),(2718,2719),(2719,2720),(2720,2722),(2722,2723),(2723,2724),(2724,2725),(2725,2726),(2726,2728),(2728,2730),(2730,2731),(2731,2732),(2732,2733),(2733,2734),(2734,2736),(2736,2738),(2738,2739),(2739,2740),(2740,2741),(2741,2742),(2742,2744),(2744,2745),(2745,2746),(2746,2747),(2747,2748),(2748,2750),(2750,2752),(2752,2753),(2753,2754),(2754,2755),(2755,2756),(2756,2758),(2758,2759),(2759,2760),(2760,2761),(2761,2762),(2762,2764),(2764,2765),(2765,2766),(2766,2767),(2767,2768),(2768,2770),(2770,2771),(2771,2772),(2772,2773),(2773,2774),(2774,2776),(2776,2777),(2777,2778),(2778,2779),(2779,2780),(2780,2782),(2782,2783),(2783,2784),(2784,2785),(2785,2786),(2786,2788),(2788,2789),(2789,2790),(2790,2791),(2791,2792),(2792,2794),(2794,2795),(2795,2796),(2796,2797),(2797,2798),(2798,2800),(2800,2802),(2802,2803),(2803,2804),(2804,2805),(2805,2806),(2806,2808),(2808,2809),(2809,2810),(2810,2811),(2811,2812),(2812,2814),(2814,2815),(2815,2816),(2816,2817),(2817,2818),(2818,2820),(2820,2821),(2821,2822),(2822,2823),(2823,2824),(2824,2826),(2826,2828),(2828,2829),(2829,2830),(2830,2831),(2831,2832),(2832,2833),(2833,2835),(2835,2836),(2836,2837),(2837,2838),(2838,2839),(2839,2841),(2841,2842),(2842,2843),(2843,2844),(2844,2845),(2845,2847),(2847,2848),(2848,2849),(2849,2850),(2850,2851),(2851,2853),(2853,2854),(2854,2855),(2855,2856),(2856,2857),(2857,2859),(2859,2860),(2860,2861),(2861,2862),(2862,2863),(2863,2865),(2865,2866),(2866,2867),(2867,2868),(2868,2869),(2869,2871),(2871,2872),(2872,2873),(2873,2874),(2874,2875),(2875,2877),(2877,2879),(2879,2880),(2880,2881),(2881,2882),(2882,2883),(2883,2885),(2885,2886),(2886,2887),(2887,2888),(2888,2889),(2889,2891),(2891,2893),(2893,2894),(2894,2895),(2895,2896),(2896,2897),(2897,2899),(2899,2900),(2900,2901),(2901,2902),(2902,2903),(2903,2905),(2905,2906),(2906,2907),(2907,2908),(2908,2909),(2909,2911),(2911,2912),(2912,2913),(2913,2914),(2914,2915),(2915,2917),(2917,2918),(2918,2919),(2919,2920),(2920,2921),(2921,2923),(2923,2924),(2924,2925),(2925,2926),(2926,2927),(2927,2929),(2929,2930),(2930,2931),(2931,2932),(2932,2933),(2933,2935),(2935,2937),(2937,2938),(2938,2939),(2939,2940),(2940,2941),(2941,2943),(2943,2944),(2944,2945),(2945,2946),(2946,2947),(2947,2949),(2949,2950),(2950,2951),(2951,2952),(2952,2953),(2953,2955),(2955,2956),(2956,2957),(2957,2958),(2958,2959),(2959,2961),(2961,2962),(2962,2963),(2963,2964),(2964,2965),(2965,2966),(2966,2968),(2968,2969),(2969,2970),(2970,2971),(2971,2972),(2972,2974),(2974,2975),(2975,2976),(2976,2977),(2977,2978),(2403,2408),(2982,2984),(2984,2985),(2985,2986),(2986,2987),(2987,2988),(2988,2990),(2990,2991),(2991,2992),(2992,2993),(2993,2994),(2994,2996),(2996,2997),(2997,2998),(2998,2999),(2999,3000),(3000,3002),(3002,3003),(3003,3004),(3004,3005),(3005,3006),(3006,3008),(3008,3009),(3009,3010),(3010,3011),(3011,3012),(3012,3014),(3014,3015),(3015,3016),(3016,3017),(3017,3018),(3018,3020),(3020,3022),(3022,3023),(3023,3024),(3024,3025),(3025,3026),(3026,3028),(3028,3029),(3029,3030),(3030,3031),(3031,3032),(3032,3034),(3034,3035),(3035,3036),(3036,3037),(3037,3038),(3038,3040),(3040,3041),(3041,3042),(3042,3043),(3043,3044),(3044,3046),(3046,3047),(3047,3048),(3048,3049),(3049,3050),(3050,3051),(3051,3053),(3053,3054),(3054,3055),(3055,3056),(3056,3057),(3057,3059),(3059,3060),(3060,3061),(3061,3062),(3062,3063),(3063,3065),(3065,3067),(3067,3068),(3068,3069),(3069,3070),(3070,3071),(3071,3073),(3073,3074),(3074,3075),(3075,3076),(3076,3077),(3077,3079),(3079,3080),(3080,3081),(3081,3082),(3082,3083),(3083,3085),(3085,3086),(3086,3087),(3087,3088),(3088,3089),(3089,3091),(3091,3092),(3092,3093),(3093,3094),(3094,3095),(3095,3097),(3097,3099),(3099,3100),(3100,3101),(3101,3102),(3102,3103),(3103,3104),(3104,3106),(3106,3107),(3107,3108),(3108,3109),(3109,3110),(3110,3112),(3112,3113),(3113,3114),(3114,3115),(3115,3116),(3116,3118),(3118,3119),(3119,3120),(3120,3121),(3121,3122),(3122,3124),(3124,3125),(3125,3126),(3126,3127),(3127,3128),(3128,3129),(3129,3131),(3131,3132),(3132,3133),(3133,3134),(3134,3135),(3135,3137),(3137,3138),(3138,3139),(3139,3140),(3140,3141),(3141,3143),(3143,3145),(3145,3146),(3146,3147),(3147,3148),(3148,3149),(3149,3151),(3151,3152),(3152,3153),(3153,3154),(3154,3155),(3155,3157),(3157,3158),(3158,3159),(3159,3160),(3160,3161),(3161,3163),(3163,3164),(3164,3165),(3165,3166),(3166,3167),(3167,3168),(3168,3170),(3170,3171),(3171,3172),(3172,3173),(3173,3174),(3174,3176),(3176,3177),(3177,3178),(3178,3179),(3179,3180),(3180,3182),(3182,3183),(3183,3184),(3184,3185),(3185,3186),(3186,3188),(3188,3190),(3190,3191),(3191,3192),(3192,3193),(3193,3194),(3194,3196),(3196,3197),(3197,3198),(3198,3199),(3199,3200),(3200,3202),(3202,3203),(3203,3204),(3204,3205),(3205,3206),(3206,3208),(3208,3210),(3210,3211),(3211,3212),(3212,3213),(3213,3214),(3214,3216),(3216,3217),(3217,3218),(3218,3219),(3219,3220),(3220,3222),(3222,3224),(3224,3225),(3225,3226),(3226,3227),(3227,3228),(3228,3230),(3230,3231),(3231,3232),(3232,3233),(3233,3234),(3234,3236),(3236,3237),(3237,3238),(3238,3239),(3239,3240),(3240,3242),(3242,3243),(3243,3244),(3244,3245),(3245,3246),(3246,3248),(3248,3249),(3249,3250),(3250,3251),(3251,3252),(3252,3254),(3254,3255),(3255,3256),(3256,3257),(3257,3258),(3258,3260),(3260,3261),(3261,3262),(3262,3263),(3263,3264),(3264,3266),(3266,3267),(3267,3268),(3268,3269),(3269,3270),(3270,3272),(3272,3273),(3273,3274),(3274,3275),(3275,3276),(3276,3278),(3278,3280),(3280,3281),(3281,3282),(3282,3283),(3283,3284),(3284,3286),(3286,3288),(3288,3289),(3289,3290),(3290,3291),(3291,3292),(3292,3293),(3293,3295),(3295,3296),(3296,3297),(3297,3298),(3298,3299),(3299,3301),(3301,3302),(3302,3303),(3303,3304),(3304,3305),(3305,3307),(3307,3308),(3308,3309),(3309,3310),(3310,3311),(3311,3313),(3313,3314),(3314,3315),(3315,3316),(3316,3317),(3317,3319),(3319,3320),(3320,3321),(3321,3322),(3322,3323),(3323,3325),(3325,3326),(3326,3327),(3327,3328),(3328,3329),(3329,3331),(3331,3333),(3333,3334),(3334,3335),(3335,3336),(3336,3337),(3337,3339),(3339,3340),(3340,3341),(3341,3342),(3342,3343),(3343,3345),(3345,3346),(3346,3347),(3347,3348),(3348,3349),(3349,3351),(3351,3352),(3352,3353),(3353,3354),(3354,3355),(3355,3357),(3357,3359),(3359,3360),(3360,3361),(3361,3362),(3362,3363),(3363,3365),(3365,3366),(3366,3367),(3367,3368),(3368,3369),(3369,3371),(3371,3372),(3372,3373),(3373,3374),(3374,3375),(3375,3377),(3377,3378),(3378,3379),(3379,3380),(3380,3381),(3381,3383),(3383,3384),(3384,3385),(3385,3386),(3386,3387),(3387,3389),(3389,3390),(3390,3391),(3391,3392),(3392,3393),(3393,3395),(3395,3396),(3396,3397),(3397,3398),(3398,3399),(3399,3401),(3401,3402),(3402,3403),(3403,3404),(3404,3405),(2978,2982),(3405,5);
CREATE TABLE `monitoredBy` (
  `TrackElement_id` integer NOT NULL
,  `Sensor_id` integer NOT NULL
,  PRIMARY KEY (`TrackElement_id`,`Sensor_id`)
);
INSERT INTO `monitoredBy` VALUES (5,6),(7,6),(8,6),(9,6),(10,6),(11,6),(5,12),(13,12),(14,12),(15,12),(16,12),(17,12),(5,18),(19,18),(20,18),(21,18),(22,18),(23,18),(5,24),(25,24),(26,24),(27,24),(28,24),(29,24),(5,30),(31,30),(32,30),(33,30),(34,30),(35,30),(5,36),(37,36),(38,36),(39,36),(40,36),(41,36),(5,42),(43,42),(44,42),(45,42),(46,42),(47,42),(52,53),(54,53),(55,53),(56,53),(57,53),(58,53),(52,59),(60,59),(61,59),(62,59),(63,59),(64,59),(52,65),(66,65),(67,65),(68,65),(69,65),(70,65),(52,71),(72,71),(73,71),(74,71),(75,71),(76,71),(52,77),(78,77),(79,77),(80,77),(81,77),(82,77),(52,83),(84,83),(85,83),(86,83),(87,83),(88,83),(52,89),(90,89),(91,89),(92,89),(93,89),(94,89),(52,95),(96,95),(97,95),(98,95),(99,95),(100,95),(102,103),(104,103),(105,103),(106,103),(107,103),(108,103),(102,109),(110,109),(111,109),(112,109),(113,109),(114,109),(102,115),(116,115),(117,115),(118,115),(119,115),(120,115),(102,121),(122,121),(123,121),(124,121),(125,121),(126,121),(128,127),(129,127),(130,127),(131,127),(132,127),(102,133),(134,133),(135,133),(136,133),(137,133),(138,133),(102,139),(140,139),(141,139),(142,139),(143,139),(144,139),(102,145),(146,145),(147,145),(148,145),(149,145),(150,145),(102,151),(152,151),(153,151),(154,151),(155,151),(156,151),(161,162),(163,162),(164,162),(165,162),(166,162),(167,162),(161,168),(169,168),(170,168),(171,168),(172,168),(173,168),(161,174),(175,174),(176,174),(177,174),(178,174),(179,174),(184,185),(186,185),(187,185),(188,185),(189,185),(190,185),(184,191),(192,191),(193,191),(194,191),(195,191),(196,191),(184,197),(198,197),(199,197),(200,197),(201,197),(202,197),(184,203),(204,203),(205,203),(206,203),(207,203),(208,203),(184,209),(210,209),(211,209),(212,209),(213,209),(214,209),(184,215),(216,215),(217,215),(218,215),(219,215),(220,215),(184,221),(222,221),(223,221),(224,221),(225,221),(226,221),(228,229),(230,229),(231,229),(232,229),(233,229),(234,229),(236,237),(238,237),(239,237),(240,237),(241,237),(242,237),(236,243),(244,243),(245,243),(246,243),(247,243),(248,243),(236,249),(250,249),(251,249),(252,249),(253,249),(254,249),(236,255),(256,255),(257,255),(258,255),(259,255),(260,255),(262,263),(264,263),(265,263),(266,263),(267,263),(268,263),(262,269),(270,269),(271,269),(272,269),(273,269),(274,269),(262,275),(276,275),(277,275),(278,275),(279,275),(280,275),(282,283),(284,283),(285,283),(286,283),(287,283),(288,283),(282,289),(290,289),(291,289),(292,289),(293,289),(294,289),(282,295),(296,295),(297,295),(298,295),(299,295),(300,295),(282,301),(302,301),(303,301),(304,301),(305,301),(306,301),(282,307),(308,307),(309,307),(310,307),(311,307),(312,307),(314,315),(316,315),(317,315),(318,315),(319,315),(320,315),(314,321),(322,321),(323,321),(324,321),(325,321),(326,321),(314,327),(328,327),(329,327),(330,327),(331,327),(332,327),(314,333),(334,333),(335,333),(336,333),(337,333),(338,333),(314,339),(340,339),(341,339),(342,339),(343,339),(344,339),(314,345),(346,345),(347,345),(348,345),(349,345),(350,345),(314,351),(352,351),(353,351),(354,351),(355,351),(356,351),(358,359),(360,359),(361,359),(362,359),(363,359),(364,359),(358,365),(366,365),(367,365),(368,365),(369,365),(370,365),(358,371),(372,371),(373,371),(374,371),(375,371),(376,371),(358,377),(378,377),(379,377),(380,377),(381,377),(382,377),(387,388),(389,388),(390,388),(391,388),(392,388),(393,388),(387,394),(395,394),(396,394),(397,394),(398,394),(399,394),(387,400),(401,400),(402,400),(403,400),(404,400),(405,400),(387,406),(407,406),(408,406),(409,406),(410,406),(411,406),(387,412),(413,412),(414,412),(415,412),(416,412),(417,412),(387,418),(419,418),(420,418),(421,418),(422,418),(423,418),(387,424),(425,424),(426,424),(427,424),(428,424),(429,424),(387,430),(431,430),(432,430),(433,430),(434,430),(435,430),(387,436),(437,436),(438,436),(439,436),(440,436),(441,436),(443,444),(445,444),(446,444),(447,444),(448,444),(449,444),(451,452),(453,452),(454,452),(455,452),(456,452),(457,452),(459,460),(461,460),(462,460),(463,460),(464,460),(465,460),(459,466),(467,466),(468,466),(469,466),(470,466),(471,466),(473,474),(475,474),(476,474),(477,474),(478,474),(479,474),(473,480),(481,480),(482,480),(483,480),(484,480),(485,480),(473,486),(487,486),(488,486),(489,486),(490,486),(491,486),(473,492),(493,492),(494,492),(495,492),(496,492),(497,492),(473,498),(499,498),(500,498),(501,498),(502,498),(503,498),(473,504),(505,504),(506,504),(507,504),(508,504),(509,504),(473,510),(511,510),(512,510),(513,510),(514,510),(515,510),(473,516),(517,516),(518,516),(519,516),(520,516),(521,516),(473,522),(523,522),(524,522),(525,522),(526,522),(527,522),(529,530),(531,530),(532,530),(533,530),(534,530),(535,530),(536,530),(529,537),(538,537),(539,537),(540,537),(541,537),(542,537),(529,543),(544,543),(545,543),(546,543),(547,543),(548,543),(529,549),(550,549),(551,549),(552,549),(553,549),(554,549),(529,555),(556,555),(557,555),(558,555),(559,555),(560,555),(529,561),(562,561),(563,561),(564,561),(565,561),(566,561),(529,567),(568,567),(569,567),(570,567),(571,567),(572,567),(529,573),(574,573),(575,573),(576,573),(577,573),(578,573),(529,579),(580,579),(581,579),(582,579),(583,579),(584,579),(586,587),(588,587),(589,587),(590,587),(591,587),(592,587),(586,593),(594,593),(595,593),(596,593),(597,593),(598,593),(586,599),(600,599),(601,599),(602,599),(603,599),(604,599),(606,607),(608,607),(609,607),(610,607),(611,607),(612,607),(606,613),(614,613),(615,613),(616,613),(617,613),(618,613),(620,621),(622,621),(623,621),(624,621),(625,621),(626,621),(620,627),(628,627),(629,627),(630,627),(631,627),(632,627),(620,633),(634,633),(635,633),(636,633),(637,633),(638,633),(620,639),(640,639),(641,639),(642,639),(643,639),(644,639),(620,645),(646,645),(647,645),(648,645),(649,645),(650,645),(651,645),(620,652),(653,652),(654,652),(655,652),(656,652),(657,652),(659,660),(661,660),(662,660),(663,660),(664,660),(665,660),(659,666),(667,666),(668,666),(669,666),(670,666),(671,666),(659,672),(673,672),(674,672),(675,672),(676,672),(677,672),(659,678),(679,678),(680,678),(681,678),(682,678),(683,678),(659,684),(685,684),(686,684),(687,684),(688,684),(689,684),(659,690),(691,690),(692,690),(693,690),(694,690),(695,690),(659,696),(697,696),(698,696),(699,696),(700,696),(701,696),(659,702),(703,702),(704,702),(705,702),(706,702),(707,702),(709,710),(711,710),(712,710),(713,710),(714,710),(715,710),(709,716),(717,716),(718,716),(719,716),(720,716),(721,716),(723,724),(725,724),(726,724),(727,724),(728,724),(729,724),(723,730),(731,730),(732,730),(733,730),(734,730),(735,730),(723,736),(737,736),(738,736),(739,736),(740,736),(741,736),(723,742),(743,742),(744,742),(745,742),(746,742),(747,742),(723,748),(749,748),(750,748),(751,748),(752,748),(753,748),(723,754),(755,754),(756,754),(757,754),(758,754),(759,754),(723,760),(761,760),(762,760),(763,760),(764,760),(765,760),(723,766),(767,766),(768,766),(769,766),(770,766),(771,766),(723,772),(773,772),(774,772),(775,772),(776,772),(777,772),(779,780),(781,780),(782,780),(783,780),(784,780),(785,780),(779,786),(787,786),(788,786),(789,786),(790,786),(791,786),(779,792),(793,792),(794,792),(795,792),(796,792),(797,792),(779,798),(799,798),(800,798),(801,798),(802,798),(803,798),(779,804),(805,804),(806,804),(807,804),(808,804),(809,804),(779,810),(811,810),(812,810),(813,810),(814,810),(815,810),(779,816),(817,816),(818,816),(819,816),(820,816),(821,816),(779,822),(823,822),(824,822),(825,822),(826,822),(827,822),(829,830),(831,830),(832,830),(833,830),(834,830),(835,830),(829,836),(837,836),(838,836),(839,836),(840,836),(841,836),(829,842),(843,842),(844,842),(845,842),(846,842),(847,842),(829,848),(849,848),(850,848),(851,848),(852,848),(853,848),(855,856),(857,856),(858,856),(859,856),(860,856),(861,856),(855,862),(863,862),(864,862),(865,862),(866,862),(867,862),(855,868),(869,868),(870,868),(871,868),(872,868),(873,868),(855,874),(875,874),(876,874),(877,874),(878,874),(879,874),(855,880),(881,880),(882,880),(883,880),(884,880),(885,880),(886,880),(855,887),(888,887),(889,887),(890,887),(891,887),(892,887),(855,893),(894,893),(895,893),(896,893),(897,893),(898,893),(900,901),(902,901),(903,901),(904,901),(905,901),(906,901),(900,907),(908,907),(909,907),(910,907),(911,907),(912,907),(900,913),(914,913),(915,913),(916,913),(917,913),(918,913),(920,921),(922,921),(923,921),(924,921),(925,921),(926,921),(931,932),(933,932),(934,932),(935,932),(936,932),(937,932),(931,938),(939,938),(940,938),(941,938),(942,938),(943,938),(931,944),(945,944),(946,944),(947,944),(948,944),(949,944),(951,952),(953,952),(954,952),(955,952),(956,952),(957,952),(951,958),(959,958),(960,958),(961,958),(962,958),(963,958),(951,964),(965,964),(966,964),(967,964),(968,964),(969,964),(951,970),(971,970),(972,970),(973,970),(974,970),(975,970),(977,978),(979,978),(980,978),(981,978),(982,978),(983,978),(977,984),(985,984),(986,984),(987,984),(988,984),(989,984),(977,990),(991,990),(992,990),(993,990),(994,990),(995,990),(997,998),(999,998),(1000,998),(1001,998),(1002,998),(1003,998),(997,1004),(1005,1004),(1006,1004),(1007,1004),(1008,1004),(1009,1004),(997,1010),(1011,1010),(1012,1010),(1013,1010),(1014,1010),(1015,1010),(1017,1016),(1018,1016),(1019,1016),(1020,1016),(1021,1016),(997,1022),(1023,1022),(1024,1022),(1025,1022),(1026,1022),(1027,1022),(997,1028),(1029,1028),(1030,1028),(1031,1028),(1032,1028),(1033,1028),(997,1034),(1035,1034),(1036,1034),(1037,1034),(1038,1034),(1039,1034),(1041,1042),(1043,1042),(1044,1042),(1045,1042),(1046,1042),(1047,1042),(1041,1048),(1049,1048),(1050,1048),(1051,1048),(1052,1048),(1053,1048),(1041,1054),(1055,1054),(1056,1054),(1057,1054),(1058,1054),(1059,1054),(1041,1060),(1061,1060),(1062,1060),(1063,1060),(1064,1060),(1065,1060),(1041,1066),(1067,1066),(1068,1066),(1069,1066),(1070,1066),(1071,1066),(1041,1072),(1073,1072),(1074,1072),(1075,1072),(1076,1072),(1077,1072),(1079,1080),(1081,1080),(1082,1080),(1083,1080),(1084,1080),(1085,1080),(1079,1086),(1087,1086),(1088,1086),(1089,1086),(1090,1086),(1091,1086),(1079,1092),(1093,1092),(1094,1092),(1095,1092),(1096,1092),(1097,1092),(1079,1098),(1099,1098),(1100,1098),(1101,1098),(1102,1098),(1103,1098),(1079,1104),(1105,1104),(1106,1104),(1107,1104),(1108,1104),(1109,1104),(1079,1110),(1111,1110),(1112,1110),(1113,1110),(1114,1110),(1115,1110),(1079,1116),(1117,1116),(1118,1116),(1119,1116),(1120,1116),(1121,1116),(1079,1122),(1123,1122),(1124,1122),(1125,1122),(1126,1122),(1127,1122),(1079,1128),(1129,1128),(1130,1128),(1131,1128),(1132,1128),(1133,1128),(1135,1136),(1137,1136),(1138,1136),(1139,1136),(1140,1136),(1141,1136),(1135,1142),(1143,1142),(1144,1142),(1145,1142),(1146,1142),(1147,1142),(1135,1148),(1149,1148),(1150,1148),(1151,1148),(1152,1148),(1153,1148),(1155,1156),(1157,1156),(1158,1156),(1159,1156),(1160,1156),(1161,1156),(1155,1162),(1163,1162),(1164,1162),(1165,1162),(1166,1162),(1167,1162),(1168,1162),(1155,1169),(1170,1169),(1171,1169),(1172,1169),(1173,1169),(1174,1169),(1155,1175),(1176,1175),(1177,1175),(1178,1175),(1179,1175),(1180,1175),(1155,1181),(1182,1181),(1183,1181),(1184,1181),(1185,1181),(1186,1181),(1187,1181),(1155,1188),(1189,1188),(1190,1188),(1191,1188),(1192,1188),(1193,1188),(1195,1196),(1197,1196),(1198,1196),(1199,1196),(1200,1196),(1201,1196),(1195,1202),(1203,1202),(1204,1202),(1205,1202),(1206,1202),(1207,1202),(1195,1208),(1209,1208),(1210,1208),(1211,1208),(1212,1208),(1213,1208),(1195,1214),(1215,1214),(1216,1214),(1217,1214),(1218,1214),(1219,1214),(1195,1220),(1221,1220),(1222,1220),(1223,1220),(1224,1220),(1225,1220),(1195,1226),(1227,1226),(1228,1226),(1229,1226),(1230,1226),(1231,1226),(1195,1232),(1233,1232),(1234,1232),(1235,1232),(1236,1232),(1237,1232),(1239,1240),(1241,1240),(1242,1240),(1243,1240),(1244,1240),(1245,1240),(1239,1246),(1247,1246),(1248,1246),(1249,1246),(1250,1246),(1251,1246),(1239,1252),(1253,1252),(1254,1252),(1255,1252),(1256,1252),(1257,1252),(1239,1258),(1259,1258),(1260,1258),(1261,1258),(1262,1258),(1263,1258),(1265,1266),(1267,1266),(1268,1266),(1269,1266),(1270,1266),(1271,1266),(1265,1272),(1273,1272),(1274,1272),(1275,1272),(1276,1272),(1277,1272),(1265,1278),(1279,1278),(1280,1278),(1281,1278),(1282,1278),(1283,1278),(1265,1284),(1285,1284),(1286,1284),(1287,1284),(1288,1284),(1289,1284),(1291,1292),(1293,1292),(1294,1292),(1295,1292),(1296,1292),(1297,1292),(1291,1298),(1299,1298),(1300,1298),(1301,1298),(1302,1298),(1303,1298),(1291,1304),(1305,1304),(1306,1304),(1307,1304),(1308,1304),(1309,1304),(1310,1304),(1291,1311),(1312,1311),(1313,1311),(1314,1311),(1315,1311),(1316,1311),(1291,1317),(1318,1317),(1319,1317),(1320,1317),(1321,1317),(1322,1317),(1324,1323),(1325,1323),(1326,1323),(1327,1323),(1328,1323),(1330,1331),(1332,1331),(1333,1331),(1334,1331),(1335,1331),(1336,1331),(1330,1337),(1338,1337),(1339,1337),(1340,1337),(1341,1337),(1342,1337),(1330,1343),(1344,1343),(1345,1343),(1346,1343),(1347,1343),(1348,1343),(1330,1349),(1350,1349),(1351,1349),(1352,1349),(1353,1349),(1354,1349),(1356,1357),(1358,1357),(1359,1357),(1360,1357),(1361,1357),(1362,1357),(1356,1363),(1364,1363),(1365,1363),(1366,1363),(1367,1363),(1368,1363),(1369,1363),(1356,1370),(1371,1370),(1372,1370),(1373,1370),(1374,1370),(1375,1370),(1356,1376),(1377,1376),(1378,1376),(1379,1376),(1380,1376),(1381,1376),(1356,1382),(1383,1382),(1384,1382),(1385,1382),(1386,1382),(1387,1382),(1356,1388),(1389,1388),(1390,1388),(1391,1388),(1392,1388),(1393,1388),(1356,1394),(1395,1394),(1396,1394),(1397,1394),(1398,1394),(1399,1394),(1356,1400),(1401,1400),(1402,1400),(1403,1400),(1404,1400),(1405,1400),(1356,1406),(1407,1406),(1408,1406),(1409,1406),(1410,1406),(1411,1406),(1413,1414),(1415,1414),(1416,1414),(1417,1414),(1418,1414),(1419,1414),(1413,1420),(1421,1420),(1422,1420),(1423,1420),(1424,1420),(1425,1420),(1413,1426),(1427,1426),(1428,1426),(1429,1426),(1430,1426),(1431,1426),(1413,1432),(1433,1432),(1434,1432),(1435,1432),(1436,1432),(1437,1432),(1413,1438),(1439,1438),(1440,1438),(1441,1438),(1442,1438),(1443,1438),(1413,1444),(1445,1444),(1446,1444),(1447,1444),(1448,1444),(1449,1444),(1413,1450),(1451,1450),(1452,1450),(1453,1450),(1454,1450),(1455,1450),(1413,1456),(1457,1456),(1458,1456),(1459,1456),(1460,1456),(1461,1456),(1463,1464),(1465,1464),(1466,1464),(1467,1464),(1468,1464),(1469,1464),(1463,1470),(1471,1470),(1472,1470),(1473,1470),(1474,1470),(1475,1470),(1463,1476),(1477,1476),(1478,1476),(1479,1476),(1480,1476),(1481,1476),(1463,1482),(1483,1482),(1484,1482),(1485,1482),(1486,1482),(1487,1482),(1489,1490),(1491,1490),(1492,1490),(1493,1490),(1494,1490),(1495,1490),(1489,1496),(1497,1496),(1498,1496),(1499,1496),(1500,1496),(1501,1496),(1489,1502),(1503,1502),(1504,1502),(1505,1502),(1506,1502),(1507,1502),(1489,1508),(1509,1508),(1510,1508),(1511,1508),(1512,1508),(1513,1508),(1489,1514),(1515,1514),(1516,1514),(1517,1514),(1518,1514),(1519,1514),(1521,1520),(1522,1520),(1523,1520),(1524,1520),(1525,1520),(1489,1526),(1527,1526),(1528,1526),(1529,1526),(1530,1526),(1531,1526),(1533,1534),(1535,1534),(1536,1534),(1537,1534),(1538,1534),(1539,1534),(1533,1540),(1541,1540),(1542,1540),(1543,1540),(1544,1540),(1545,1540),(1533,1546),(1547,1546),(1548,1546),(1549,1546),(1550,1546),(1551,1546),(1533,1552),(1553,1552),(1554,1552),(1555,1552),(1556,1552),(1557,1552),(1533,1558),(1559,1558),(1560,1558),(1561,1558),(1562,1558),(1563,1558),(1533,1564),(1565,1564),(1566,1564),(1567,1564),(1568,1564),(1569,1564),(1533,1570),(1571,1570),(1572,1570),(1573,1570),(1574,1570),(1575,1570),(1533,1576),(1577,1576),(1578,1576),(1579,1576),(1580,1576),(1581,1576),(1533,1582),(1583,1582),(1584,1582),(1585,1582),(1586,1582),(1587,1582),(1589,1590),(1591,1590),(1592,1590),(1593,1590),(1594,1590),(1595,1590),(1600,1601),(1602,1601),(1603,1601),(1604,1601),(1605,1601),(1606,1601),(1600,1607),(1608,1607),(1609,1607),(1610,1607),(1611,1607),(1612,1607),(1600,1613),(1614,1613),(1615,1613),(1616,1613),(1617,1613),(1618,1613),(1600,1619),(1620,1619),(1621,1619),(1622,1619),(1623,1619),(1624,1619),(1600,1625),(1626,1625),(1627,1625),(1628,1625),(1629,1625),(1630,1625),(1600,1631),(1632,1631),(1633,1631),(1634,1631),(1635,1631),(1636,1631),(1638,1639),(1640,1639),(1641,1639),(1642,1639),(1643,1639),(1644,1639),(1638,1645),(1646,1645),(1647,1645),(1648,1645),(1649,1645),(1650,1645),(1638,1651),(1652,1651),(1653,1651),(1654,1651),(1655,1651),(1656,1651),(1638,1657),(1658,1657),(1659,1657),(1660,1657),(1661,1657),(1662,1657),(1638,1663),(1664,1663),(1665,1663),(1666,1663),(1667,1663),(1668,1663),(1638,1669),(1670,1669),(1671,1669),(1672,1669),(1673,1669),(1674,1669),(1638,1675),(1676,1675),(1677,1675),(1678,1675),(1679,1675),(1680,1675),(1638,1681),(1682,1681),(1683,1681),(1684,1681),(1685,1681),(1686,1681),(1687,1681),(1638,1688),(1689,1688),(1690,1688),(1691,1688),(1692,1688),(1693,1688),(1695,1696),(1697,1696),(1698,1696),(1699,1696),(1700,1696),(1701,1696),(1703,1704),(1705,1704),(1706,1704),(1707,1704),(1708,1704),(1709,1704),(1703,1710),(1711,1710),(1712,1710),(1713,1710),(1714,1710),(1715,1710),(1703,1716),(1717,1716),(1718,1716),(1719,1716),(1720,1716),(1721,1716),(1703,1722),(1723,1722),(1724,1722),(1725,1722),(1726,1722),(1727,1722),(1703,1728),(1729,1728),(1730,1728),(1731,1728),(1732,1728),(1733,1728),(1703,1734),(1735,1734),(1736,1734),(1737,1734),(1738,1734),(1739,1734),(1703,1740),(1741,1740),(1742,1740),(1743,1740),(1744,1740),(1745,1740),(1703,1746),(1747,1746),(1748,1746),(1749,1746),(1750,1746),(1751,1746),(1753,1754),(1755,1754),(1756,1754),(1757,1754),(1758,1754),(1759,1754),(1753,1760),(1761,1760),(1762,1760),(1763,1760),(1764,1760),(1765,1760),(1767,1768),(1769,1768),(1770,1768),(1771,1768),(1772,1768),(1773,1768),(1767,1774),(1775,1774),(1776,1774),(1777,1774),(1778,1774),(1779,1774),(1767,1780),(1781,1780),(1782,1780),(1783,1780),(1784,1780),(1785,1780),(1767,1786),(1787,1786),(1788,1786),(1789,1786),(1790,1786),(1791,1786),(1767,1792),(1793,1792),(1794,1792),(1795,1792),(1796,1792),(1797,1792),(1767,1798),(1799,1798),(1800,1798),(1801,1798),(1802,1798),(1803,1798),(1767,1804),(1805,1804),(1806,1804),(1807,1804),(1808,1804),(1809,1804),(1811,1812),(1813,1812),(1814,1812),(1815,1812),(1816,1812),(1817,1812),(1811,1818),(1819,1818),(1820,1818),(1821,1818),(1822,1818),(1823,1818),(1811,1824),(1825,1824),(1826,1824),(1827,1824),(1828,1824),(1829,1824),(1811,1830),(1831,1830),(1832,1830),(1833,1830),(1834,1830),(1835,1830),(1811,1836),(1837,1836),(1838,1836),(1839,1836),(1840,1836),(1841,1836),(1811,1842),(1843,1842),(1844,1842),(1845,1842),(1846,1842),(1847,1842),(1811,1848),(1849,1848),(1850,1848),(1851,1848),(1852,1848),(1853,1848),(1855,1856),(1857,1856),(1858,1856),(1859,1856),(1860,1856),(1861,1856),(1863,1864),(1865,1864),(1866,1864),(1867,1864),(1868,1864),(1869,1864),(1863,1870),(1871,1870),(1872,1870),(1873,1870),(1874,1870),(1875,1870),(1863,1876),(1877,1876),(1878,1876),(1879,1876),(1880,1876),(1881,1876),(1863,1882),(1883,1882),(1884,1882),(1885,1882),(1886,1882),(1887,1882),(1863,1888),(1889,1888),(1890,1888),(1891,1888),(1892,1888),(1893,1888),(1863,1894),(1895,1894),(1896,1894),(1897,1894),(1898,1894),(1899,1894),(1901,1902),(1903,1902),(1904,1902),(1905,1902),(1906,1902),(1907,1902),(1901,1908),(1909,1908),(1910,1908),(1911,1908),(1912,1908),(1913,1908),(1901,1914),(1915,1914),(1916,1914),(1917,1914),(1918,1914),(1919,1914),(1901,1920),(1921,1920),(1922,1920),(1923,1920),(1924,1920),(1925,1920),(1901,1926),(1927,1926),(1928,1926),(1929,1926),(1930,1926),(1931,1926),(1933,1934),(1935,1934),(1936,1934),(1937,1934),(1938,1934),(1939,1934),(1933,1940),(1941,1940),(1942,1940),(1943,1940),(1944,1940),(1945,1940),(1933,1946),(1947,1946),(1948,1946),(1949,1946),(1950,1946),(1951,1946),(1955,1954),(1956,1954),(1957,1954),(1958,1954),(1959,1954),(1953,1960),(1961,1960),(1962,1960),(1963,1960),(1964,1960),(1965,1960),(1953,1966),(1967,1966),(1968,1966),(1969,1966),(1970,1966),(1971,1966),(1953,1972),(1973,1972),(1974,1972),(1975,1972),(1976,1972),(1977,1972),(1982,1983),(1984,1983),(1985,1983),(1986,1983),(1987,1983),(1988,1983),(1982,1989),(1990,1989),(1991,1989),(1992,1989),(1993,1989),(1994,1989),(1982,1995),(1996,1995),(1997,1995),(1998,1995),(1999,1995),(2000,1995),(2002,2003),(2004,2003),(2005,2003),(2006,2003),(2007,2003),(2008,2003),(2002,2009),(2010,2009),(2011,2009),(2012,2009),(2013,2009),(2014,2009),(2002,2015),(2016,2015),(2017,2015),(2018,2015),(2019,2015),(2020,2015),(2002,2021),(2022,2021),(2023,2021),(2024,2021),(2025,2021),(2026,2021),(2002,2027),(2028,2027),(2029,2027),(2030,2027),(2031,2027),(2032,2027),(2002,2033),(2034,2033),(2035,2033),(2036,2033),(2037,2033),(2038,2033),(2002,2039),(2040,2039),(2041,2039),(2042,2039),(2043,2039),(2044,2039),(2002,2045),(2046,2045),(2047,2045),(2048,2045),(2049,2045),(2050,2045),(2002,2051),(2052,2051),(2053,2051),(2054,2051),(2055,2051),(2056,2051),(2058,2059),(2060,2059),(2061,2059),(2062,2059),(2063,2059),(2064,2059),(2058,2065),(2066,2065),(2067,2065),(2068,2065),(2069,2065),(2070,2065),(2058,2071),(2072,2071),(2073,2071),(2074,2071),(2075,2071),(2076,2071),(2058,2077),(2078,2077),(2079,2077),(2080,2077),(2081,2077),(2082,2077),(2058,2083),(2084,2083),(2085,2083),(2086,2083),(2087,2083),(2088,2083),(2090,2091),(2092,2091),(2093,2091),(2094,2091),(2095,2091),(2096,2091),(2090,2097),(2098,2097),(2099,2097),(2100,2097),(2101,2097),(2102,2097),(2103,2097),(2090,2104),(2105,2104),(2106,2104),(2107,2104),(2108,2104),(2109,2104),(2090,2110),(2111,2110),(2112,2110),(2113,2110),(2114,2110),(2115,2110),(2090,2116),(2117,2116),(2118,2116),(2119,2116),(2120,2116),(2121,2116),(2123,2124),(2125,2124),(2126,2124),(2127,2124),(2128,2124),(2129,2124),(2123,2130),(2131,2130),(2132,2130),(2133,2130),(2134,2130),(2135,2130),(2137,2138),(2139,2138),(2140,2138),(2141,2138),(2142,2138),(2143,2138),(2137,2144),(2145,2144),(2146,2144),(2147,2144),(2148,2144),(2149,2144),(2137,2150),(2151,2150),(2152,2150),(2153,2150),(2154,2150),(2155,2150),(2137,2156),(2157,2156),(2158,2156),(2159,2156),(2160,2156),(2161,2156),(2137,2162),(2163,2162),(2164,2162),(2165,2162),(2166,2162),(2167,2162),(2137,2168),(2169,2168),(2170,2168),(2171,2168),(2172,2168),(2173,2168),(2137,2174),(2175,2174),(2176,2174),(2177,2174),(2178,2174),(2179,2174),(2181,2182),(2183,2182),(2184,2182),(2185,2182),(2186,2182),(2187,2182),(2181,2188),(2189,2188),(2190,2188),(2191,2188),(2192,2188),(2193,2188),(2181,2194),(2195,2194),(2196,2194),(2197,2194),(2198,2194),(2199,2194),(2181,2200),(2201,2200),(2202,2200),(2203,2200),(2204,2200),(2205,2200),(2207,2208),(2209,2208),(2210,2208),(2211,2208),(2212,2208),(2213,2208),(2214,2208),(2207,2215),(2216,2215),(2217,2215),(2218,2215),(2219,2215),(2220,2215),(2222,2223),(2224,2223),(2225,2223),(2226,2223),(2227,2223),(2228,2223),(2222,2229),(2230,2229),(2231,2229),(2232,2229),(2233,2229),(2234,2229),(2235,2229),(2237,2238),(2239,2238),(2240,2238),(2241,2238),(2242,2238),(2243,2238),(2237,2244),(2245,2244),(2246,2244),(2247,2244),(2248,2244),(2249,2244),(2237,2250),(2251,2250),(2252,2250),(2253,2250),(2254,2250),(2255,2250),(2237,2256),(2257,2256),(2258,2256),(2259,2256),(2260,2256),(2261,2256),(2237,2262),(2263,2262),(2264,2262),(2265,2262),(2266,2262),(2267,2262),(2237,2268),(2269,2268),(2270,2268),(2271,2268),(2272,2268),(2273,2268),(2237,2274),(2275,2274),(2276,2274),(2277,2274),(2278,2274),(2279,2274),(2237,2280),(2281,2280),(2282,2280),(2283,2280),(2284,2280),(2285,2280),(2287,2288),(2289,2288),(2290,2288),(2291,2288),(2292,2288),(2293,2288),(2287,2294),(2295,2294),(2296,2294),(2297,2294),(2298,2294),(2299,2294),(2287,2300),(2301,2300),(2302,2300),(2303,2300),(2304,2300),(2305,2300),(2287,2306),(2307,2306),(2308,2306),(2309,2306),(2310,2306),(2311,2306),(2287,2312),(2313,2312),(2314,2312),(2315,2312),(2316,2312),(2317,2312),(2287,2318),(2319,2318),(2320,2318),(2321,2318),(2322,2318),(2323,2318),(2287,2324),(2325,2324),(2326,2324),(2327,2324),(2328,2324),(2329,2324),(2287,2330),(2331,2330),(2332,2330),(2333,2330),(2334,2330),(2335,2330),(2287,2336),(2337,2336),(2338,2336),(2339,2336),(2340,2336),(2341,2336),(2343,2344),(2345,2344),(2346,2344),(2347,2344),(2348,2344),(2349,2344),(2343,2350),(2351,2350),(2352,2350),(2353,2350),(2354,2350),(2355,2350),(2343,2356),(2357,2356),(2358,2356),(2359,2356),(2360,2356),(2361,2356),(2343,2362),(2363,2362),(2364,2362),(2365,2362),(2366,2362),(2367,2362),(2369,2370),(2371,2370),(2372,2370),(2373,2370),(2374,2370),(2375,2370),(2369,2376),(2377,2376),(2378,2376),(2379,2376),(2380,2376),(2381,2376),(2383,2384),(2385,2384),(2386,2384),(2387,2384),(2388,2384),(2389,2384),(2391,2392),(2393,2392),(2394,2392),(2395,2392),(2396,2392),(2397,2392),(2391,2398),(2399,2398),(2400,2398),(2401,2398),(2402,2398),(2403,2398),(2408,2409),(2410,2409),(2411,2409),(2412,2409),(2413,2409),(2414,2409),(2408,2415),(2416,2415),(2417,2415),(2418,2415),(2419,2415),(2420,2415),(2408,2421),(2422,2421),(2423,2421),(2424,2421),(2425,2421),(2426,2421),(2427,2421),(2408,2428),(2429,2428),(2430,2428),(2431,2428),(2432,2428),(2433,2428),(2408,2434),(2435,2434),(2436,2434),(2437,2434),(2438,2434),(2439,2434),(2408,2440),(2441,2440),(2442,2440),(2443,2440),(2444,2440),(2445,2440),(2408,2446),(2447,2446),(2448,2446),(2449,2446),(2450,2446),(2451,2446),(2408,2452),(2453,2452),(2454,2452),(2455,2452),(2456,2452),(2457,2452),(2408,2458),(2459,2458),(2460,2458),(2461,2458),(2462,2458),(2463,2458),(2465,2466),(2467,2466),(2468,2466),(2469,2466),(2470,2466),(2471,2466),(2465,2472),(2473,2472),(2474,2472),(2475,2472),(2476,2472),(2477,2472),(2465,2478),(2479,2478),(2480,2478),(2481,2478),(2482,2478),(2483,2478),(2465,2484),(2485,2484),(2486,2484),(2487,2484),(2488,2484),(2489,2484),(2491,2492),(2493,2492),(2494,2492),(2495,2492),(2496,2492),(2497,2492),(2491,2498),(2499,2498),(2500,2498),(2501,2498),(2502,2498),(2503,2498),(2491,2504),(2505,2504),(2506,2504),(2507,2504),(2508,2504),(2509,2504),(2511,2512),(2513,2512),(2514,2512),(2515,2512),(2516,2512),(2517,2512),(2518,2512),(2511,2519),(2520,2519),(2521,2519),(2522,2519),(2523,2519),(2524,2519),(2511,2525),(2526,2525),(2527,2525),(2528,2525),(2529,2525),(2530,2525),(2511,2531),(2532,2531),(2533,2531),(2534,2531),(2535,2531),(2536,2531),(2511,2537),(2538,2537),(2539,2537),(2540,2537),(2541,2537),(2542,2537),(2511,2543),(2544,2543),(2545,2543),(2546,2543),(2547,2543),(2548,2543),(2511,2549),(2550,2549),(2551,2549),(2552,2549),(2553,2549),(2554,2549),(2511,2555),(2556,2555),(2557,2555),(2558,2555),(2559,2555),(2560,2555),(2562,2563),(2564,2563),(2565,2563),(2566,2563),(2567,2563),(2568,2563),(2570,2571),(2572,2571),(2573,2571),(2574,2571),(2575,2571),(2576,2571),(2570,2577),(2578,2577),(2579,2577),(2580,2577),(2581,2577),(2582,2577),(2570,2583),(2584,2583),(2585,2583),(2586,2583),(2587,2583),(2588,2583),(2590,2591),(2592,2591),(2593,2591),(2594,2591),(2595,2591),(2596,2591),(2590,2597),(2598,2597),(2599,2597),(2600,2597),(2601,2597),(2602,2597),(2590,2603),(2604,2603),(2605,2603),(2606,2603),(2607,2603),(2608,2603),(2590,2609),(2610,2609),(2611,2609),(2612,2609),(2613,2609),(2614,2609),(2590,2615),(2616,2615),(2617,2615),(2618,2615),(2619,2615),(2620,2615),(2590,2621),(2622,2621),(2623,2621),(2624,2621),(2625,2621),(2626,2621),(2590,2627),(2628,2627),(2629,2627),(2630,2627),(2631,2627),(2632,2627),(2634,2635),(2636,2635),(2637,2635),(2638,2635),(2639,2635),(2640,2635),(2634,2641),(2642,2641),(2643,2641),(2644,2641),(2645,2641),(2646,2641),(2634,2647),(2648,2647),(2649,2647),(2650,2647),(2651,2647),(2652,2647),(2634,2653),(2654,2653),(2655,2653),(2656,2653),(2657,2653),(2658,2653),(2634,2659),(2660,2659),(2661,2659),(2662,2659),(2663,2659),(2664,2659),(2634,2665),(2666,2665),(2667,2665),(2668,2665),(2669,2665),(2670,2665),(2634,2671),(2672,2671),(2673,2671),(2674,2671),(2675,2671),(2676,2671),(2634,2677),(2678,2677),(2679,2677),(2680,2677),(2681,2677),(2682,2677),(2684,2685),(2686,2685),(2687,2685),(2688,2685),(2689,2685),(2690,2685),(2684,2691),(2692,2691),(2693,2691),(2694,2691),(2695,2691),(2696,2691),(2684,2697),(2698,2697),(2699,2697),(2700,2697),(2701,2697),(2702,2697),(2684,2703),(2704,2703),(2705,2703),(2706,2703),(2707,2703),(2708,2703),(2684,2709),(2710,2709),(2711,2709),(2712,2709),(2713,2709),(2714,2709),(2684,2715),(2716,2715),(2717,2715),(2718,2715),(2719,2715),(2720,2715),(2684,2721),(2722,2721),(2723,2721),(2724,2721),(2725,2721),(2726,2721),(2728,2729),(2730,2729),(2731,2729),(2732,2729),(2733,2729),(2734,2729),(2736,2737),(2738,2737),(2739,2737),(2740,2737),(2741,2737),(2742,2737),(2736,2743),(2744,2743),(2745,2743),(2746,2743),(2747,2743),(2748,2743),(2750,2751),(2752,2751),(2753,2751),(2754,2751),(2755,2751),(2756,2751),(2750,2757),(2758,2757),(2759,2757),(2760,2757),(2761,2757),(2762,2757),(2750,2763),(2764,2763),(2765,2763),(2766,2763),(2767,2763),(2768,2763),(2750,2769),(2770,2769),(2771,2769),(2772,2769),(2773,2769),(2774,2769),(2750,2775),(2776,2775),(2777,2775),(2778,2775),(2779,2775),(2780,2775),(2750,2781),(2782,2781),(2783,2781),(2784,2781),(2785,2781),(2786,2781),(2750,2787),(2788,2787),(2789,2787),(2790,2787),(2791,2787),(2792,2787),(2750,2793),(2794,2793),(2795,2793),(2796,2793),(2797,2793),(2798,2793),(2800,2801),(2802,2801),(2803,2801),(2804,2801),(2805,2801),(2806,2801),(2800,2807),(2808,2807),(2809,2807),(2810,2807),(2811,2807),(2812,2807),(2800,2813),(2814,2813),(2815,2813),(2816,2813),(2817,2813),(2818,2813),(2800,2819),(2820,2819),(2821,2819),(2822,2819),(2823,2819),(2824,2819),(2826,2827),(2828,2827),(2829,2827),(2830,2827),(2831,2827),(2832,2827),(2833,2827),(2826,2834),(2835,2834),(2836,2834),(2837,2834),(2838,2834),(2839,2834),(2826,2840),(2841,2840),(2842,2840),(2843,2840),(2844,2840),(2845,2840),(2826,2846),(2847,2846),(2848,2846),(2849,2846),(2850,2846),(2851,2846),(2826,2852),(2853,2852),(2854,2852),(2855,2852),(2856,2852),(2857,2852),(2826,2858),(2859,2858),(2860,2858),(2861,2858),(2862,2858),(2863,2858),(2826,2864),(2865,2864),(2866,2864),(2867,2864),(2868,2864),(2869,2864),(2826,2870),(2871,2870),(2872,2870),(2873,2870),(2874,2870),(2875,2870),(2877,2878),(2879,2878),(2880,2878),(2881,2878),(2882,2878),(2883,2878),(2877,2884),(2885,2884),(2886,2884),(2887,2884),(2888,2884),(2889,2884),(2891,2892),(2893,2892),(2894,2892),(2895,2892),(2896,2892),(2897,2892),(2891,2898),(2899,2898),(2900,2898),(2901,2898),(2902,2898),(2903,2898),(2891,2904),(2905,2904),(2906,2904),(2907,2904),(2908,2904),(2909,2904),(2891,2910),(2911,2910),(2912,2910),(2913,2910),(2914,2910),(2915,2910),(2891,2916),(2917,2916),(2918,2916),(2919,2916),(2920,2916),(2921,2916),(2891,2922),(2923,2922),(2924,2922),(2925,2922),(2926,2922),(2927,2922),(2891,2928),(2929,2928),(2930,2928),(2931,2928),(2932,2928),(2933,2928),(2935,2936),(2937,2936),(2938,2936),(2939,2936),(2940,2936),(2941,2936),(2935,2942),(2943,2942),(2944,2942),(2945,2942),(2946,2942),(2947,2942),(2935,2948),(2949,2948),(2950,2948),(2951,2948),(2952,2948),(2953,2948),(2935,2954),(2955,2954),(2956,2954),(2957,2954),(2958,2954),(2959,2954),(2935,2960),(2961,2960),(2962,2960),(2963,2960),(2964,2960),(2965,2960),(2966,2960),(2935,2967),(2968,2967),(2969,2967),(2970,2967),(2971,2967),(2972,2967),(2935,2973),(2974,2973),(2975,2973),(2976,2973),(2977,2973),(2978,2973),(2982,2983),(2984,2983),(2985,2983),(2986,2983),(2987,2983),(2988,2983),(2982,2989),(2990,2989),(2991,2989),(2992,2989),(2993,2989),(2994,2989),(2982,2995),(2996,2995),(2997,2995),(2998,2995),(2999,2995),(3000,2995),(2982,3001),(3002,3001),(3003,3001),(3004,3001),(3005,3001),(3006,3001),(2982,3007),(3008,3007),(3009,3007),(3010,3007),(3011,3007),(3012,3007),(2982,3013),(3014,3013),(3015,3013),(3016,3013),(3017,3013),(3018,3013),(3020,3021),(3022,3021),(3023,3021),(3024,3021),(3025,3021),(3026,3021),(3020,3027),(3028,3027),(3029,3027),(3030,3027),(3031,3027),(3032,3027),(3020,3033),(3034,3033),(3035,3033),(3036,3033),(3037,3033),(3038,3033),(3020,3039),(3040,3039),(3041,3039),(3042,3039),(3043,3039),(3044,3039),(3020,3045),(3046,3045),(3047,3045),(3048,3045),(3049,3045),(3050,3045),(3051,3045),(3020,3052),(3053,3052),(3054,3052),(3055,3052),(3056,3052),(3057,3052),(3020,3058),(3059,3058),(3060,3058),(3061,3058),(3062,3058),(3063,3058),(3065,3066),(3067,3066),(3068,3066),(3069,3066),(3070,3066),(3071,3066),(3065,3072),(3073,3072),(3074,3072),(3075,3072),(3076,3072),(3077,3072),(3065,3078),(3079,3078),(3080,3078),(3081,3078),(3082,3078),(3083,3078),(3065,3084),(3085,3084),(3086,3084),(3087,3084),(3088,3084),(3089,3084),(3065,3090),(3091,3090),(3092,3090),(3093,3090),(3094,3090),(3095,3090),(3097,3098),(3099,3098),(3100,3098),(3101,3098),(3102,3098),(3103,3098),(3104,3098),(3097,3105),(3106,3105),(3107,3105),(3108,3105),(3109,3105),(3110,3105),(3097,3111),(3112,3111),(3113,3111),(3114,3111),(3115,3111),(3116,3111),(3097,3117),(3118,3117),(3119,3117),(3120,3117),(3121,3117),(3122,3117),(3097,3123),(3124,3123),(3125,3123),(3126,3123),(3127,3123),(3128,3123),(3129,3123),(3097,3130),(3131,3130),(3132,3130),(3133,3130),(3134,3130),(3135,3130),(3097,3136),(3137,3136),(3138,3136),(3139,3136),(3140,3136),(3141,3136),(3143,3144),(3145,3144),(3146,3144),(3147,3144),(3148,3144),(3149,3144),(3143,3150),(3151,3150),(3152,3150),(3153,3150),(3154,3150),(3155,3150),(3143,3156),(3157,3156),(3158,3156),(3159,3156),(3160,3156),(3161,3156),(3143,3162),(3163,3162),(3164,3162),(3165,3162),(3166,3162),(3167,3162),(3168,3162),(3143,3169),(3170,3169),(3171,3169),(3172,3169),(3173,3169),(3174,3169),(3143,3175),(3176,3175),(3177,3175),(3178,3175),(3179,3175),(3180,3175),(3143,3181),(3182,3181),(3183,3181),(3184,3181),(3185,3181),(3186,3181),(3188,3189),(3190,3189),(3191,3189),(3192,3189),(3193,3189),(3194,3189),(3188,3195),(3196,3195),(3197,3195),(3198,3195),(3199,3195),(3200,3195),(3188,3201),(3202,3201),(3203,3201),(3204,3201),(3205,3201),(3206,3201),(3208,3209),(3210,3209),(3211,3209),(3212,3209),(3213,3209),(3214,3209),(3208,3215),(3216,3215),(3217,3215),(3218,3215),(3219,3215),(3220,3215),(3222,3223),(3224,3223),(3225,3223),(3226,3223),(3227,3223),(3228,3223),(3222,3229),(3230,3229),(3231,3229),(3232,3229),(3233,3229),(3234,3229),(3222,3235),(3236,3235),(3237,3235),(3238,3235),(3239,3235),(3240,3235),(3222,3241),(3242,3241),(3243,3241),(3244,3241),(3245,3241),(3246,3241),(3222,3247),(3248,3247),(3249,3247),(3250,3247),(3251,3247),(3252,3247),(3222,3253),(3254,3253),(3255,3253),(3256,3253),(3257,3253),(3258,3253),(3222,3259),(3260,3259),(3261,3259),(3262,3259),(3263,3259),(3264,3259),(3222,3265),(3266,3265),(3267,3265),(3268,3265),(3269,3265),(3270,3265),(3222,3271),(3272,3271),(3273,3271),(3274,3271),(3275,3271),(3276,3271),(3278,3279),(3280,3279),(3281,3279),(3282,3279),(3283,3279),(3284,3279),(3286,3287),(3288,3287),(3289,3287),(3290,3287),(3291,3287),(3292,3287),(3293,3287),(3286,3294),(3295,3294),(3296,3294),(3297,3294),(3298,3294),(3299,3294),(3286,3300),(3301,3300),(3302,3300),(3303,3300),(3304,3300),(3305,3300),(3286,3306),(3307,3306),(3308,3306),(3309,3306),(3310,3306),(3311,3306),(3286,3312),(3313,3312),(3314,3312),(3315,3312),(3316,3312),(3317,3312),(3286,3318),(3319,3318),(3320,3318),(3321,3318),(3322,3318),(3323,3318),(3286,3324),(3325,3324),(3326,3324),(3327,3324),(3328,3324),(3329,3324),(3331,3332),(3333,3332),(3334,3332),(3335,3332),(3336,3332),(3337,3332),(3331,3338),(3339,3338),(3340,3338),(3341,3338),(3342,3338),(3343,3338),(3331,3344),(3345,3344),(3346,3344),(3347,3344),(3348,3344),(3349,3344),(3331,3350),(3351,3350),(3352,3350),(3353,3350),(3354,3350),(3355,3350),(3357,3358),(3359,3358),(3360,3358),(3361,3358),(3362,3358),(3363,3358),(3357,3364),(3365,3364),(3366,3364),(3367,3364),(3368,3364),(3369,3364),(3357,3370),(3371,3370),(3372,3370),(3373,3370),(3374,3370),(3375,3370),(3357,3376),(3377,3376),(3378,3376),(3379,3376),(3380,3376),(3381,3376),(3357,3382),(3383,3382),(3384,3382),(3385,3382),(3386,3382),(3387,3382),(3357,3388),(3389,3388),(3390,3388),(3391,3388),(3392,3388),(3393,3388),(3357,3394),(3395,3394),(3396,3394),(3397,3394),(3398,3394),(3399,3394),(3357,3400),(3401,3400),(3402,3400),(3403,3400),(3404,3400),(3405,3400);
CREATE INDEX "idx_connectsTo_connectsTo_idx1" ON "connectsTo" (`TrackElement1_id`);
CREATE INDEX "idx_connectsTo_connectsTo_idx2" ON "connectsTo" (`TrackElement2_id`);
CREATE INDEX "idx_Segment_segment_length_idx" ON "Segment" (`length`);
CREATE INDEX "idx_monitoredBy_monitoredBy_idx" ON "monitoredBy" (`Sensor_id`,`TrackElement_id`);
END TRANSACTION;
