
/*!40101 SET @OLD_CHARACTER_SET_CLIENT=@@CHARACTER_SET_CLIENT */;
/*!40101 SET @OLD_CHARACTER_SET_RESULTS=@@CHARACTER_SET_RESULTS */;
/*!40101 SET @OLD_COLLATION_CONNECTION=@@COLLATION_CONNECTION */;
/*!40101 SET NAMES utf8mb4 */;
/*!40103 SET @OLD_TIME_ZONE=@@TIME_ZONE */;
/*!40103 SET TIME_ZONE='+00:00' */;
/*!40014 SET @OLD_UNIQUE_CHECKS=@@UNIQUE_CHECKS, UNIQUE_CHECKS=0 */;
/*!40014 SET @OLD_FOREIGN_KEY_CHECKS=@@FOREIGN_KEY_CHECKS, FOREIGN_KEY_CHECKS=0 */;
/*!40101 SET @OLD_SQL_MODE=@@SQL_MODE, SQL_MODE='NO_AUTO_VALUE_ON_ZERO' */;
/*!40111 SET @OLD_SQL_NOTES=@@SQL_NOTES, SQL_NOTES=0 */;

CREATE DATABASE /*!32312 IF NOT EXISTS*/ `trainbenchmark` /*!40100 DEFAULT CHARACTER SET utf8mb4 */;

USE `trainbenchmark`;
DROP TABLE IF EXISTS `Region`;
/*!40101 SET @saved_cs_client     = @@character_set_client */;
/*!40101 SET character_set_client = utf8 */;
CREATE TABLE `Region` (
  `id` int(11) NOT NULL AUTO_INCREMENT,
  PRIMARY KEY (`id`)
) ENGINE=MEMORY AUTO_INCREMENT=540 DEFAULT CHARSET=utf8;
/*!40101 SET character_set_client = @saved_cs_client */;

LOCK TABLES `Region` WRITE;
/*!40000 ALTER TABLE `Region` DISABLE KEYS */;
INSERT INTO `Region` VALUES (4),(27),(206),(255),(539);
/*!40000 ALTER TABLE `Region` ENABLE KEYS */;
UNLOCK TABLES;
DROP TABLE IF EXISTS `Route`;
/*!40101 SET @saved_cs_client     = @@character_set_client */;
/*!40101 SET character_set_client = utf8 */;
CREATE TABLE `Route` (
  `id` int(11) NOT NULL AUTO_INCREMENT,
  `active` int(11) DEFAULT NULL,
  `entry` int(11) DEFAULT NULL,
  `exit` int(11) DEFAULT NULL,
  PRIMARY KEY (`id`),
  KEY `route_active_idx` (`active`)
) ENGINE=MEMORY AUTO_INCREMENT=539 DEFAULT CHARSET=utf8;
/*!40101 SET character_set_client = @saved_cs_client */;

LOCK TABLES `Route` WRITE;
/*!40000 ALTER TABLE `Route` DISABLE KEYS */;
INSERT INTO `Route` VALUES (3,1,1,2),(26,1,2,25),(205,1,25,204),(254,1,204,253),(538,1,253,1);
/*!40000 ALTER TABLE `Route` ENABLE KEYS */;
UNLOCK TABLES;
DROP TABLE IF EXISTS `Segment`;
/*!40101 SET @saved_cs_client     = @@character_set_client */;
/*!40101 SET character_set_client = utf8 */;
CREATE TABLE `Segment` (
  `id` int(11) NOT NULL AUTO_INCREMENT,
  `length` int(11) NOT NULL DEFAULT '1',
  PRIMARY KEY (`id`),
  KEY `segment_length_idx` (`length`)
) ENGINE=MEMORY AUTO_INCREMENT=1013 DEFAULT CHARSET=utf8;
/*!40101 SET character_set_client = @saved_cs_client */;

LOCK TABLES `Segment` WRITE;
/*!40000 ALTER TABLE `Segment` DISABLE KEYS */;
INSERT INTO `Segment` VALUES (7,461),(8,879),(9,829),(10,732),(11,857),(13,294),(14,306),(15,597),(16,396),(17,518),(19,974),(20,324),(21,996),(22,455),(23,582),(30,679),(31,745),(32,711),(33,733),(34,449),(36,483),(37,636),(38,849),(39,345),(40,771),(42,209),(43,721),(44,436),(45,818),(46,153),(48,764),(49,872),(50,515),(51,11),(52,994),(54,692),(55,590),(56,896),(57,325),(58,800),(62,220),(63,929),(64,152),(65,886),(66,23),(68,437),(69,375),(70,942),(71,18),(72,488),(74,511),(75,625),(76,111),(77,757),(78,711),(80,789),(81,456),(82,434),(83,613),(84,801),(86,608),(87,829),(88,619),(89,620),(90,181),(92,703),(93,763),(94,890),(95,736),(96,836),(98,366),(99,638),(100,102),(101,517),(102,785),(106,657),(107,931),(108,119),(109,342),(110,986),(112,212),(113,907),(114,118),(115,533),(116,510),(118,881),(119,740),(120,897),(121,685),(122,630),(124,39),(125,91),(126,963),(127,802),(128,402),(130,547),(131,836),(132,579),(133,218),(134,191),(136,333),(137,923),(138,627),(139,699),(140,11),(142,343),(143,771),(144,288),(145,964),(146,518),(150,404),(151,111),(152,852),(153,36),(154,458),(156,684),(157,156),(158,754),(159,901),(160,534),(162,373),(163,507),(164,348),(165,411),(166,541),(168,565),(169,883),(170,415),(171,136),(172,640),(174,933),(175,976),(176,644),(177,519),(178,643),(180,60),(181,718),(182,553),(183,536),(184,783),(186,36),(187,263),(188,970),(189,39),(190,83),(192,777),(193,546),(194,352),(195,742),(196,177),(198,386),(199,781),(200,83),(201,973),(202,918),(209,130),(210,69),(211,47),(212,521),(213,21),(215,993),(216,455),(217,325),(218,536),(219,108),(223,917),(224,569),(225,971),(226,593),(227,358),(229,718),(230,307),(231,161),(232,1000),(233,534),(235,750),(236,200),(237,79),(238,135),(239,493),(241,758),(242,89),(243,135),(244,735),(245,342),(247,78),(248,56),(249,161),(250,145),(251,904),(258,900),(259,449),(260,51),(261,332),(262,282),(264,777),(265,997),(266,596),(267,331),(268,500),(270,578),(271,596),(272,836),(273,120),(274,173),(276,654),(277,96),(278,997),(279,809),(280,373),(284,806),(285,690),(286,855),(287,838),(288,31),(290,410),(291,256),(292,673),(293,101),(294,838),(296,294),(297,488),(298,861),(299,674),(300,723),(302,915),(303,182),(304,22),(305,75),(306,456),(308,342),(309,501),(310,953),(311,917),(312,827),(314,638),(315,669),(316,546),(317,443),(318,127),(320,941),(321,26),(322,939),(323,703),(324,625),(326,994),(327,837),(328,479),(329,297),(330,430),(334,772),(335,469),(336,863),(337,62),(338,57),(340,307),(341,116),(342,252),(343,795),(344,392),(346,764),(347,230),(348,83),(349,102),(350,351),(352,132),(353,455),(354,678),(355,489),(356,540),(358,682),(359,76),(360,169),(361,171),(362,26),(364,421),(365,188),(366,149),(367,413),(368,709),(370,36),(371,578),(372,322),(373,563),(374,860),(376,611),(377,98),(378,107),(379,360),(380,499),(384,181),(385,724),(386,455),(387,296),(388,686),(390,613),(391,83),(392,625),(393,605),(394,501),(396,187),(397,717),(398,779),(399,520),(400,585),(402,194),(403,60),(404,686),(405,867),(406,940),(410,658),(411,101),(412,696),(413,357),(414,710),(416,462),(417,718),(418,907),(419,225),(420,409),(424,536),(425,818),(426,378),(427,68),(428,124),(430,796),(431,649),(432,697),(433,1000),(434,827),(436,555),(437,578),(438,597),(439,992),(440,149),(442,333),(443,799),(444,807),(445,7),(446,887),(448,638),(449,451),(450,623),(451,298),(452,486),(454,208),(455,584),(456,428),(457,843),(458,989),(462,523),(463,595),(464,177),(465,490),(466,780),(468,980),(469,743),(470,316),(471,668),(472,152),(476,969),(477,316),(478,9),(479,941),(480,134),(482,686),(483,759),(484,357),(485,533),(486,174),(488,831),(489,573),(490,237),(491,95),(492,669),(494,597),(495,995),(496,382),(497,685),(498,759),(500,514),(501,214),(502,574),(503,868),(504,938),(506,974),(507,44),(508,696),(509,674),(510,493),(512,578),(513,832),(514,741),(515,343),(516,261),(518,19),(519,923),(520,848),(521,808),(522,77),(526,864),(527,201),(528,986),(529,986),(530,487),(532,70),(533,104),(534,723),(535,880),(536,375),(542,560),(543,694),(544,780),(545,372),(546,911),(548,452),(549,887),(550,461),(551,183),(552,818),(554,852),(555,364),(556,525),(557,615),(558,721),(560,252),(561,147),(562,495),(563,341),(564,803),(566,27),(567,149),(568,723),(569,595),(570,714),(572,391),(573,564),(574,171),(575,730),(576,387),(578,781),(579,82),(580,963),(581,647),(582,666),(586,741),(587,610),(588,32),(589,44),(590,700),(592,320),(593,881),(594,140),(595,91),(596,701),(598,244),(599,891),(600,820),(601,913),(602,871),(604,997),(605,681),(606,80),(607,913),(608,492),(612,745),(613,900),(614,482),(615,758),(616,723),(620,249),(621,290),(622,349),(623,602),(624,248),(626,664),(627,192),(628,759),(629,180),(630,504),(632,758),(633,762),(634,364),(635,566),(636,367),(638,427),(639,461),(640,883),(641,255),(642,265),(646,551),(647,942),(648,403),(649,615),(650,887),(652,667),(653,285),(654,889),(655,87),(656,271),(658,511),(659,11),(660,153),(661,444),(662,576),(664,356),(665,229),(666,541),(667,924),(668,801),(672,625),(673,883),(674,378),(675,805),(676,787),(678,576),(679,734),(680,720),(681,382),(682,79),(684,565),(685,618),(686,132),(687,133),(688,108),(690,574),(691,81),(692,832),(693,45),(694,843),(696,979),(697,354),(698,455),(699,272),(700,655),(702,320),(703,867),(704,212),(705,546),(706,570),(708,69),(709,645),(710,250),(711,344),(712,553),(716,957),(717,481),(718,14),(719,897),(720,604),(722,383),(723,27),(724,795),(725,156),(726,479),(728,934),(729,748),(730,899),(731,15),(732,103),(734,685),(735,281),(736,141),(737,53),(738,915),(740,18),(741,145),(742,841),(743,410),(744,653),(748,959),(749,159),(750,983),(751,302),(752,334),(754,395),(755,710),(756,407),(757,183),(758,305),(760,515),(761,767),(762,915),(763,191),(764,989),(766,513),(767,105),(768,481),(769,830),(770,843),(772,649),(773,772),(774,769),(775,857),(776,350),(780,563),(781,355),(782,735),(783,137),(784,770),(786,185),(787,155),(788,557),(789,22),(790,964),(792,428),(793,662),(794,219),(795,409),(796,851),(798,387),(799,782),(800,848),(801,630),(802,428),(804,935),(805,754),(806,782),(807,316),(808,772),(810,43),(811,658),(812,417),(813,118),(814,243),(818,788),(819,437),(820,552),(821,641),(822,497),(824,608),(825,689),(826,471),(827,641),(828,692),(830,995),(831,899),(832,487),(833,960),(834,10),(836,506),(837,846),(838,457),(839,319),(840,68),(844,222),(845,629),(846,941),(847,954),(848,470),(850,946),(851,565),(852,92),(853,11),(854,663),(856,436),(857,193),(858,421),(859,140),(860,122),(862,266),(863,46),(864,731),(865,916),(866,887),(870,781),(871,850),(872,849),(873,70),(874,950),(876,499),(877,165),(878,369),(879,260),(880,727),(882,704),(883,496),(884,115),(885,829),(886,490),(888,18),(889,19),(890,304),(891,542),(892,145),(896,581),(897,39),(898,66),(899,782),(900,968),(902,574),(903,41),(904,134),(905,821),(906,44),(908,268),(909,934),(910,842),(911,3),(912,471),(914,610),(915,161),(916,234),(917,951),(918,553),(922,672),(923,340),(924,366),(925,128),(926,833),(928,197),(929,918),(930,388),(931,246),(932,175),(934,313),(935,917),(936,941),(937,60),(938,381),(940,256),(941,192),(942,563),(943,815),(944,547),(946,230),(947,2),(948,186),(949,560),(950,801),(952,814),(953,257),(954,26),(955,343),(956,881),(958,63),(959,653),(960,323),(961,172),(962,756),(964,37),(965,597),(966,869),(967,13),(968,124),(970,135),(971,267),(972,771),(973,261),(974,132),(978,185),(979,525),(980,674),(981,478),(982,86),(984,263),(985,301),(986,608),(987,123),(988,251),(990,913),(991,282),(992,548),(993,129),(994,890),(996,637),(997,647),(998,681),(999,732),(1000,309),(1002,463),(1003,734),(1004,921),(1005,527),(1006,267),(1008,240),(1009,589),(1010,963),(1011,77),(1012,74);
/*!40000 ALTER TABLE `Segment` ENABLE KEYS */;
UNLOCK TABLES;
DROP TABLE IF EXISTS `Semaphore`;
/*!40101 SET @saved_cs_client     = @@character_set_client */;
/*!40101 SET character_set_client = utf8 */;
CREATE TABLE `Semaphore` (
  `id` int(11) NOT NULL AUTO_INCREMENT,
  `segment` int(11) NOT NULL,
  `signal` int(11) NOT NULL,
  PRIMARY KEY (`id`),
  KEY `semaphore_signal_idx` (`signal`)
) ENGINE=MEMORY AUTO_INCREMENT=254 DEFAULT CHARSET=utf8;
/*!40101 SET character_set_client = @saved_cs_client */;

LOCK TABLES `Semaphore` WRITE;
/*!40000 ALTER TABLE `Semaphore` DISABLE KEYS */;
INSERT INTO `Semaphore` VALUES (1,542,2),(2,7,2),(25,30,2),(204,209,2),(253,258,2);
/*!40000 ALTER TABLE `Semaphore` ENABLE KEYS */;
UNLOCK TABLES;
DROP TABLE IF EXISTS `Sensor`;
/*!40101 SET @saved_cs_client     = @@character_set_client */;
/*!40101 SET character_set_client = utf8 */;
CREATE TABLE `Sensor` (
  `id` int(11) NOT NULL AUTO_INCREMENT,
  `region` int(11) NOT NULL,
  PRIMARY KEY (`id`)
) ENGINE=MEMORY AUTO_INCREMENT=1008 DEFAULT CHARSET=utf8;
/*!40101 SET character_set_client = @saved_cs_client */;

LOCK TABLES `Sensor` WRITE;
/*!40000 ALTER TABLE `Sensor` DISABLE KEYS */;
INSERT INTO `Sensor` VALUES (6,4),(12,4),(18,4),(29,27),(35,27),(41,27),(47,27),(53,27),(61,27),(67,27),(73,27),(79,27),(85,27),(91,27),(97,27),(105,27),(111,27),(117,27),(123,27),(129,27),(135,27),(141,27),(149,27),(155,27),(161,27),(167,27),(173,27),(179,27),(185,27),(191,27),(197,27),(208,206),(214,206),(222,206),(228,206),(234,206),(240,206),(246,206),(257,255),(263,255),(269,255),(275,255),(283,255),(289,255),(295,255),(301,255),(307,255),(313,255),(319,255),(325,255),(333,255),(339,255),(345,255),(351,255),(357,255),(363,255),(369,255),(375,255),(383,255),(389,255),(395,255),(401,255),(409,255),(415,255),(423,255),(429,255),(435,255),(441,255),(447,255),(453,255),(461,255),(467,255),(475,255),(481,255),(487,255),(493,255),(499,255),(505,255),(511,255),(517,255),(525,255),(531,255),(541,539),(547,539),(553,539),(559,539),(565,539),(571,539),(577,539),(585,539),(591,539),(597,539),(603,539),(611,539),(619,539),(625,539),(631,539),(637,539),(645,539),(651,539),(657,539),(663,539),(671,539),(677,539),(683,539),(689,539),(695,539),(701,539),(707,539),(715,539),(721,539),(727,539),(733,539),(739,539),(747,539),(753,539),(759,539),(765,539),(771,539),(779,539),(785,539),(791,539),(797,539),(803,539),(809,539),(817,539),(823,539),(829,539),(835,539),(843,539),(849,539),(855,539),(861,539),(869,539),(875,539),(881,539),(887,539),(895,539),(901,539),(907,539),(913,539),(921,539),(927,539),(933,539),(939,539),(945,539),(951,539),(957,539),(963,539),(969,539),(977,539),(983,539),(989,539),(995,539),(1001,539),(1007,539);
/*!40000 ALTER TABLE `Sensor` ENABLE KEYS */;
UNLOCK TABLES;
DROP TABLE IF EXISTS `Switch`;
/*!40101 SET @saved_cs_client     = @@character_set_client */;
/*!40101 SET character_set_client = utf8 */;
CREATE TABLE `Switch` (
  `id` int(11) NOT NULL AUTO_INCREMENT,
  `currentPosition` int(11) NOT NULL,
  PRIMARY KEY (`id`)
) ENGINE=MEMORY AUTO_INCREMENT=977 DEFAULT CHARSET=utf8;
/*!40101 SET character_set_client = @saved_cs_client */;

LOCK TABLES `Switch` WRITE;
/*!40000 ALTER TABLE `Switch` DISABLE KEYS */;
INSERT INTO `Switch` VALUES (5,0),(28,1),(60,1),(104,1),(148,1),(207,0),(221,0),(256,0),(282,0),(332,1),(382,1),(408,2),(422,0),(460,0),(474,2),(524,1),(540,1),(584,0),(610,2),(618,0),(644,1),(670,2),(714,2),(746,0),(778,0),(816,1),(842,0),(868,0),(894,2),(920,0),(976,0);
/*!40000 ALTER TABLE `Switch` ENABLE KEYS */;
UNLOCK TABLES;
DROP TABLE IF EXISTS `SwitchPosition`;
/*!40101 SET @saved_cs_client     = @@character_set_client */;
/*!40101 SET character_set_client = utf8 */;
CREATE TABLE `SwitchPosition` (
  `id` int(11) NOT NULL AUTO_INCREMENT,
  `route` int(11) DEFAULT NULL,
  `target` int(11) DEFAULT NULL,
  `position` int(11) NOT NULL,
  PRIMARY KEY (`id`)
) ENGINE=MEMORY AUTO_INCREMENT=1014 DEFAULT CHARSET=utf8;
/*!40101 SET character_set_client = @saved_cs_client */;

LOCK TABLES `SwitchPosition` WRITE;
/*!40000 ALTER TABLE `SwitchPosition` DISABLE KEYS */;
INSERT INTO `SwitchPosition` VALUES (24,3,5,0),(59,26,28,1),(103,26,60,1),(147,26,104,1),(203,26,148,1),(220,205,207,0),(252,205,221,0),(281,254,256,0),(331,254,282,0),(381,254,332,1),(407,254,382,1),(421,254,408,2),(459,254,422,0),(473,254,460,0),(523,254,474,2),(537,254,524,1),(583,538,540,1),(609,538,584,0),(617,538,610,2),(643,538,618,0),(669,538,644,1),(713,538,670,2),(745,538,714,2),(777,538,746,0),(815,538,778,0),(841,538,816,1),(867,538,842,0),(893,538,868,0),(919,538,894,2),(975,538,920,0),(1013,538,976,0);
/*!40000 ALTER TABLE `SwitchPosition` ENABLE KEYS */;
UNLOCK TABLES;
DROP TABLE IF EXISTS `TrackElement`;
/*!40101 SET @saved_cs_client     = @@character_set_client */;
/*!40101 SET character_set_client = utf8 */;
CREATE TABLE `TrackElement` (
  `id` int(11) NOT NULL AUTO_INCREMENT,
  `region` int(11) NOT NULL,
  PRIMARY KEY (`id`)
) ENGINE=MEMORY AUTO_INCREMENT=1013 DEFAULT CHARSET=utf8;
/*!40101 SET character_set_client = @saved_cs_client */;

LOCK TABLES `TrackElement` WRITE;
/*!40000 ALTER TABLE `TrackElement` DISABLE KEYS */;
INSERT INTO `TrackElement` VALUES (5,4),(7,4),(8,4),(9,4),(10,4),(11,4),(13,4),(14,4),(15,4),(16,4),(17,4),(19,4),(20,4),(21,4),(22,4),(23,4),(28,27),(30,27),(31,27),(32,27),(33,27),(34,27),(36,27),(37,27),(38,27),(39,27),(40,27),(42,27),(43,27),(44,27),(45,27),(46,27),(48,27),(49,27),(50,27),(51,27),(52,27),(54,27),(55,27),(56,27),(57,27),(58,27),(60,27),(62,27),(63,27),(64,27),(65,27),(66,27),(68,27),(69,27),(70,27),(71,27),(72,27),(74,27),(75,27),(76,27),(77,27),(78,27),(80,27),(81,27),(82,27),(83,27),(84,27),(86,27),(87,27),(88,27),(89,27),(90,27),(92,27),(93,27),(94,27),(95,27),(96,27),(98,27),(99,27),(100,27),(101,27),(102,27),(104,27),(106,27),(107,27),(108,27),(109,27),(110,27),(112,27),(113,27),(114,27),(115,27),(116,27),(118,27),(119,27),(120,27),(121,27),(122,27),(124,27),(125,27),(126,27),(127,27),(128,27),(130,27),(131,27),(132,27),(133,27),(134,27),(136,27),(137,27),(138,27),(139,27),(140,27),(142,27),(143,27),(144,27),(145,27),(146,27),(148,27),(150,27),(151,27),(152,27),(153,27),(154,27),(156,27),(157,27),(158,27),(159,27),(160,27),(162,27),(163,27),(164,27),(165,27),(166,27),(168,27),(169,27),(170,27),(171,27),(172,27),(174,27),(175,27),(176,27),(177,27),(178,27),(180,27),(181,27),(182,27),(183,27),(184,27),(186,27),(187,27),(188,27),(189,27),(190,27),(192,27),(193,27),(194,27),(195,27),(196,27),(198,27),(199,27),(200,27),(201,27),(202,27),(207,206),(209,206),(210,206),(211,206),(212,206),(213,206),(215,206),(216,206),(217,206),(218,206),(219,206),(221,206),(223,206),(224,206),(225,206),(226,206),(227,206),(229,206),(230,206),(231,206),(232,206),(233,206),(235,206),(236,206),(237,206),(238,206),(239,206),(241,206),(242,206),(243,206),(244,206),(245,206),(247,206),(248,206),(249,206),(250,206),(251,206),(256,255),(258,255),(259,255),(260,255),(261,255),(262,255),(264,255),(265,255),(266,255),(267,255),(268,255),(270,255),(271,255),(272,255),(273,255),(274,255),(276,255),(277,255),(278,255),(279,255),(280,255),(282,255),(284,255),(285,255),(286,255),(287,255),(288,255),(290,255),(291,255),(292,255),(293,255),(294,255),(296,255),(297,255),(298,255),(299,255),(300,255),(302,255),(303,255),(304,255),(305,255),(306,255),(308,255),(309,255),(310,255),(311,255),(312,255),(314,255),(315,255),(316,255),(317,255),(318,255),(320,255),(321,255),(322,255),(323,255),(324,255),(326,255),(327,255),(328,255),(329,255),(330,255),(332,255),(334,255),(335,255),(336,255),(337,255),(338,255),(340,255),(341,255),(342,255),(343,255),(344,255),(346,255),(347,255),(348,255),(349,255),(350,255),(352,255),(353,255),(354,255),(355,255),(356,255),(358,255),(359,255),(360,255),(361,255),(362,255),(364,255),(365,255),(366,255),(367,255),(368,255),(370,255),(371,255),(372,255),(373,255),(374,255),(376,255),(377,255),(378,255),(379,255),(380,255),(382,255),(384,255),(385,255),(386,255),(387,255),(388,255),(390,255),(391,255),(392,255),(393,255),(394,255),(396,255),(397,255),(398,255),(399,255),(400,255),(402,255),(403,255),(404,255),(405,255),(406,255),(408,255),(410,255),(411,255),(412,255),(413,255),(414,255),(416,255),(417,255),(418,255),(419,255),(420,255),(422,255),(424,255),(425,255),(426,255),(427,255),(428,255),(430,255),(431,255),(432,255),(433,255),(434,255),(436,255),(437,255),(438,255),(439,255),(440,255),(442,255),(443,255),(444,255),(445,255),(446,255),(448,255),(449,255),(450,255),(451,255),(452,255),(454,255),(455,255),(456,255),(457,255),(458,255),(460,255),(462,255),(463,255),(464,255),(465,255),(466,255),(468,255),(469,255),(470,255),(471,255),(472,255),(474,255),(476,255),(477,255),(478,255),(479,255),(480,255),(482,255),(483,255),(484,255),(485,255),(486,255),(488,255),(489,255),(490,255),(491,255),(492,255),(494,255),(495,255),(496,255),(497,255),(498,255),(500,255),(501,255),(502,255),(503,255),(504,255),(506,255),(507,255),(508,255),(509,255),(510,255),(512,255),(513,255),(514,255),(515,255),(516,255),(518,255),(519,255),(520,255),(521,255),(522,255),(524,255),(526,255),(527,255),(528,255),(529,255),(530,255),(532,255),(533,255),(534,255),(535,255),(536,255),(540,539),(542,539),(543,539),(544,539),(545,539),(546,539),(548,539),(549,539),(550,539),(551,539),(552,539),(554,539),(555,539),(556,539),(557,539),(558,539),(560,539),(561,539),(562,539),(563,539),(564,539),(566,539),(567,539),(568,539),(569,539),(570,539),(572,539),(573,539),(574,539),(575,539),(576,539),(578,539),(579,539),(580,539),(581,539),(582,539),(584,539),(586,539),(587,539),(588,539),(589,539),(590,539),(592,539),(593,539),(594,539),(595,539),(596,539),(598,539),(599,539),(600,539),(601,539),(602,539),(604,539),(605,539),(606,539),(607,539),(608,539),(610,539),(612,539),(613,539),(614,539),(615,539),(616,539),(618,539),(620,539),(621,539),(622,539),(623,539),(624,539),(626,539),(627,539),(628,539),(629,539),(630,539),(632,539),(633,539),(634,539),(635,539),(636,539),(638,539),(639,539),(640,539),(641,539),(642,539),(644,539),(646,539),(647,539),(648,539),(649,539),(650,539),(652,539),(653,539),(654,539),(655,539),(656,539),(658,539),(659,539),(660,539),(661,539),(662,539),(664,539),(665,539),(666,539),(667,539),(668,539),(670,539),(672,539),(673,539),(674,539),(675,539),(676,539),(678,539),(679,539),(680,539),(681,539),(682,539),(684,539),(685,539),(686,539),(687,539),(688,539),(690,539),(691,539),(692,539),(693,539),(694,539),(696,539),(697,539),(698,539),(699,539),(700,539),(702,539),(703,539),(704,539),(705,539),(706,539),(708,539),(709,539),(710,539),(711,539),(712,539),(714,539),(716,539),(717,539),(718,539),(719,539),(720,539),(722,539),(723,539),(724,539),(725,539),(726,539),(728,539),(729,539),(730,539),(731,539),(732,539),(734,539),(735,539),(736,539),(737,539),(738,539),(740,539),(741,539),(742,539),(743,539),(744,539),(746,539),(748,539),(749,539),(750,539),(751,539),(752,539),(754,539),(755,539),(756,539),(757,539),(758,539),(760,539),(761,539),(762,539),(763,539),(764,539),(766,539),(767,539),(768,539),(769,539),(770,539),(772,539),(773,539),(774,539),(775,539),(776,539),(778,539),(780,539),(781,539),(782,539),(783,539),(784,539),(786,539),(787,539),(788,539),(789,539),(790,539),(792,539),(793,539),(794,539),(795,539),(796,539),(798,539),(799,539),(800,539),(801,539),(802,539),(804,539),(805,539),(806,539),(807,539),(808,539),(810,539),(811,539),(812,539),(813,539),(814,539),(816,539),(818,539),(819,539),(820,539),(821,539),(822,539),(824,539),(825,539),(826,539),(827,539),(828,539),(830,539),(831,539),(832,539),(833,539),(834,539),(836,539),(837,539),(838,539),(839,539),(840,539),(842,539),(844,539),(845,539),(846,539),(847,539),(848,539),(850,539),(851,539),(852,539),(853,539),(854,539),(856,539),(857,539),(858,539),(859,539),(860,539),(862,539),(863,539),(864,539),(865,539),(866,539),(868,539),(870,539),(871,539),(872,539),(873,539),(874,539),(876,539),(877,539),(878,539),(879,539),(880,539),(882,539),(883,539),(884,539),(885,539),(886,539),(888,539),(889,539),(890,539),(891,539),(892,539),(894,539),(896,539),(897,539),(898,539),(899,539),(900,539),(902,539),(903,539),(904,539),(905,539),(906,539),(908,539),(909,539),(910,539),(911,539),(912,539),(914,539),(915,539),(916,539),(917,539),(918,539),(920,539),(922,539),(923,539),(924,539),(925,539),(926,539),(928,539),(929,539),(930,539),(931,539),(932,539),(934,539),(935,539),(936,539),(937,539),(938,539),(940,539),(941,539),(942,539),(943,539),(944,539),(946,539),(947,539),(948,539),(949,539),(950,539),(952,539),(953,539),(954,539),(955,539),(956,539),(958,539),(959,539),(960,539),(961,539),(962,539),(964,539),(965,539),(966,539),(967,539),(968,539),(970,539),(971,539),(972,539),(973,539),(974,539),(976,539),(978,539),(979,539),(980,539),(981,539),(982,539),(984,539),(985,539),(986,539),(987,539),(988,539),(990,539),(991,539),(992,539),(993,539),(994,539),(996,539),(997,539),(998,539),(999,539),(1000,539),(1002,539),(1003,539),(1004,539),(1005,539),(1006,539),(1008,539),(1009,539),(1010,539),(1011,539),(1012,539);
/*!40000 ALTER TABLE `TrackElement` ENABLE KEYS */;
UNLOCK TABLES;
DROP TABLE IF EXISTS `connectsTo`;
/*!40101 SET @saved_cs_client     = @@character_set_client */;
/*!40101 SET character_set_client = utf8 */;
CREATE TABLE `connectsTo` (
  `TrackElement1_id` int(11) NOT NULL,
  `TrackElement2_id` int(11) NOT NULL,
  PRIMARY KEY (`TrackElement1_id`,`TrackElement2_id`),
  KEY `connectsTo_idx1` (`TrackElement1_id`),
  KEY `connectsTo_idx2` (`TrackElement2_id`)
) ENGINE=MEMORY DEFAULT CHARSET=utf8;
/*!40101 SET character_set_client = @saved_cs_client */;

LOCK TABLES `connectsTo` WRITE;
/*!40000 ALTER TABLE `connectsTo` DISABLE KEYS */;
INSERT INTO `connectsTo` VALUES (5,7),(7,8),(8,9),(9,10),(10,11),(11,13),(13,14),(14,15),(15,16),(16,17),(17,19),(19,20),(20,21),(21,22),(22,23),(28,30),(30,31),(31,32),(32,33),(33,34),(34,36),(36,37),(37,38),(38,39),(39,40),(40,42),(42,43),(43,44),(44,45),(45,46),(46,48),(48,49),(49,50),(50,51),(51,52),(52,54),(54,55),(55,56),(56,57),(57,58),(58,60),(60,62),(62,63),(63,64),(64,65),(65,66),(66,68),(68,69),(69,70),(70,71),(71,72),(72,74),(74,75),(75,76),(76,77),(77,78),(78,80),(80,81),(81,82),(82,83),(83,84),(84,86),(86,87),(87,88),(88,89),(89,90),(90,92),(92,93),(93,94),(94,95),(95,96),(96,98),(98,99),(99,100),(100,101),(101,102),(102,104),(104,106),(106,107),(107,108),(108,109),(109,110),(110,112),(112,113),(113,114),(114,115),(115,116),(116,118),(119,120),(120,121),(121,122),(122,124),(124,125),(125,126),(126,127),(127,128),(130,131),(131,132),(132,133),(133,134),(134,136),(136,137),(137,138),(138,139),(139,140),(140,142),(142,143),(143,144),(144,145),(145,146),(146,148),(148,150),(150,151),(151,152),(152,153),(153,154),(154,156),(156,157),(157,158),(158,159),(159,160),(160,162),(162,163),(163,164),(164,165),(165,166),(166,168),(168,169),(169,170),(170,171),(171,172),(172,174),(174,175),(175,176),(176,177),(177,178),(178,180),(180,181),(181,182),(182,183),(183,184),(184,186),(186,187),(187,188),(188,189),(189,190),(190,192),(192,193),(193,194),(194,195),(195,196),(196,198),(198,199),(199,200),(200,201),(201,202),(23,28),(207,209),(209,210),(210,211),(211,212),(212,213),(213,215),(215,216),(216,217),(217,218),(218,219),(219,221),(221,223),(223,224),(224,225),(225,226),(226,227),(227,229),(229,230),(230,231),(231,232),(232,233),(233,235),(235,236),(236,237),(237,238),(238,239),(239,241),(241,242),(242,243),(243,244),(244,245),(245,247),(247,248),(248,249),(249,250),(250,251),(202,207),(256,258),(258,259),(259,260),(260,261),(261,262),(262,264),(264,265),(265,266),(266,267),(267,268),(268,270),(270,271),(271,272),(272,273),(273,274),(274,276),(276,277),(277,278),(278,279),(279,280),(280,282),(282,284),(284,285),(285,286),(286,287),(287,288),(288,290),(290,291),(291,292),(292,293),(293,294),(294,296),(296,297),(297,298),(298,299),(299,300),(300,302),(302,303),(303,304),(304,305),(305,306),(306,308),(308,309),(309,310),(310,311),(311,312),(312,314),(314,315),(315,316),(316,317),(317,318),(318,320),(320,321),(321,322),(322,323),(323,324),(324,326),(326,327),(327,328),(328,329),(329,330),(330,332),(332,334),(334,335),(335,336),(336,337),(337,338),(338,340),(340,341),(341,342),(342,343),(343,344),(344,346),(346,347),(347,348),(348,349),(349,350),(350,352),(352,353),(353,354),(354,355),(355,356),(356,358),(358,359),(359,360),(360,361),(361,362),(362,364),(364,365),(365,366),(366,367),(367,368),(368,370),(370,371),(371,372),(372,373),(373,374),(374,376),(376,377),(377,378),(378,379),(379,380),(380,382),(382,384),(384,385),(385,386),(386,387),(387,388),(388,390),(390,391),(391,392),(392,393),(393,394),(394,396),(396,397),(397,398),(398,399),(399,400),(400,402),(402,403),(403,404),(404,405),(405,406),(406,408),(408,410),(410,411),(411,412),(412,413),(413,414),(414,416),(416,417),(417,418),(418,419),(419,420),(420,422),(422,424),(424,425),(425,426),(426,427),(427,428),(428,430),(430,431),(431,432),(432,433),(433,434),(434,436),(436,437),(437,438),(438,439),(439,440),(440,442),(442,443),(443,444),(444,445),(445,446),(446,448),(448,449),(449,450),(450,451),(451,452),(452,454),(454,455),(455,456),(456,457),(457,458),(458,460),(460,462),(462,463),(463,464),(464,465),(465,466),(466,468),(468,469),(469,470),(470,471),(471,472),(472,474),(474,476),(476,477),(477,478),(478,479),(479,480),(480,482),(482,483),(483,484),(484,485),(485,486),(486,488),(488,489),(489,490),(490,491),(491,492),(492,494),(494,495),(495,496),(496,497),(497,498),(498,500),(500,501),(501,502),(502,503),(503,504),(504,506),(506,507),(507,508),(508,509),(509,510),(510,512),(512,513),(513,514),(514,515),(515,516),(516,518),(518,519),(519,520),(520,521),(521,522),(522,524),(524,526),(526,527),(527,528),(528,529),(529,530),(530,532),(532,533),(533,534),(534,535),(535,536),(251,256),(540,542),(542,543),(543,544),(544,545),(545,546),(546,548),(548,549),(549,550),(550,551),(551,552),(552,554),(554,555),(555,556),(556,557),(557,558),(558,560),(560,561),(561,562),(562,563),(563,564),(564,566),(566,567),(567,568),(568,569),(569,570),(570,572),(572,573),(573,574),(574,575),(575,576),(576,578),(578,579),(579,580),(580,581),(581,582),(582,584),(584,586),(586,587),(587,588),(588,589),(589,590),(590,592),(592,593),(593,594),(594,595),(595,596),(596,598),(598,599),(599,600),(600,601),(601,602),(602,604),(604,605),(605,606),(606,607),(607,608),(608,610),(610,612),(612,613),(613,614),(614,615),(615,616),(616,618),(618,620),(620,621),(621,622),(622,623),(623,624),(624,626),(626,627),(627,628),(628,629),(629,630),(630,632),(632,633),(633,634),(634,635),(635,636),(636,638),(638,639),(639,640),(640,641),(641,642),(642,644),(644,646),(646,647),(647,648),(648,649),(649,650),(650,652),(652,653),(653,654),(654,655),(655,656),(656,658),(658,659),(659,660),(660,661),(661,662),(662,664),(664,665),(665,666),(666,667),(667,668),(668,670),(670,672),(672,673),(673,674),(674,675),(675,676),(676,678),(678,679),(679,680),(680,681),(681,682),(682,684),(684,685),(685,686),(686,687),(687,688),(688,690),(690,691),(691,692),(692,693),(693,694),(694,696),(696,697),(697,698),(698,699),(699,700),(700,702),(702,703),(703,704),(704,705),(705,706),(706,708),(708,709),(709,710),(710,711),(711,712),(712,714),(714,716),(716,717),(717,718),(718,719),(719,720),(720,722),(722,723),(723,724),(724,725),(725,726),(726,728),(728,729),(729,730),(730,731),(731,732),(732,734),(734,735),(735,736),(736,737),(737,738),(738,740),(740,741),(741,742),(742,743),(743,744),(744,746),(746,748),(748,749),(749,750),(750,751),(751,752),(752,754),(754,755),(755,756),(756,757),(757,758),(758,760),(760,761),(761,762),(762,763),(763,764),(764,766),(766,767),(767,768),(768,769),(769,770),(770,772),(772,773),(773,774),(774,775),(775,776),(776,778),(778,780),(780,781),(781,782),(782,783),(783,784),(784,786),(786,787),(787,788),(788,789),(789,790),(790,792),(792,793),(793,794),(794,795),(795,796),(796,798),(798,799),(799,800),(800,801),(801,802),(802,804),(804,805),(805,806),(806,807),(807,808),(808,810),(810,811),(811,812),(812,813),(813,814),(814,816),(816,818),(818,819),(819,820),(820,821),(821,822),(822,824),(824,825),(825,826),(826,827),(827,828),(828,830),(830,831),(831,832),(832,833),(833,834),(834,836),(836,837),(837,838),(838,839),(839,840),(840,842),(842,844),(844,845),(845,846),(846,847),(847,848),(848,850),(850,851),(851,852),(852,853),(853,854),(854,856),(856,857),(857,858),(858,859),(859,860),(860,862),(862,863),(863,864),(864,865),(865,866),(866,868),(868,870),(870,871),(871,872),(872,873),(873,874),(874,876),(876,877),(877,878),(878,879),(879,880),(880,882),(882,883),(883,884),(884,885),(885,886),(886,888),(888,889),(889,890),(890,891),(891,892),(892,894),(894,896),(896,897),(897,898),(898,899),(899,900),(900,902),(902,903),(903,904),(904,905),(905,906),(906,908),(908,909),(909,910),(910,911),(911,912),(912,914),(914,915),(915,916),(916,917),(917,918),(918,920),(920,922),(922,923),(923,924),(924,925),(925,926),(926,928),(928,929),(929,930),(930,931),(931,932),(932,934),(934,935),(935,936),(936,937),(937,938),(938,940),(940,941),(941,942),(942,943),(943,944),(944,946),(946,947),(947,948),(948,949),(949,950),(950,952),(952,953),(953,954),(954,955),(955,956),(956,958),(958,959),(959,960),(960,961),(961,962),(962,964),(964,965),(965,966),(966,967),(967,968),(968,970),(970,971),(971,972),(972,973),(973,974),(974,976),(976,978),(978,979),(979,980),(980,981),(981,982),(982,984),(984,985),(985,986),(986,987),(987,988),(988,990),(990,991),(991,992),(992,993),(993,994),(994,996),(996,997),(997,998),(998,999),(999,1000),(1000,1002),(1002,1003),(1003,1004),(1004,1005),(1005,1006),(1006,1008),(1008,1009),(1009,1010),(1010,1011),(1011,1012),(536,540),(1012,5);
/*!40000 ALTER TABLE `connectsTo` ENABLE KEYS */;
UNLOCK TABLES;
DROP TABLE IF EXISTS `monitoredBy`;
/*!40101 SET @saved_cs_client     = @@character_set_client */;
/*!40101 SET character_set_client = utf8 */;
CREATE TABLE `monitoredBy` (
  `TrackElement_id` int(11) NOT NULL,
  `Sensor_id` int(11) NOT NULL,
  PRIMARY KEY (`TrackElement_id`,`Sensor_id`),
  KEY `monitoredBy_idx` (`Sensor_id`,`TrackElement_id`)
) ENGINE=MEMORY DEFAULT CHARSET=utf8;
/*!40101 SET character_set_client = @saved_cs_client */;

LOCK TABLES `monitoredBy` WRITE;
/*!40000 ALTER TABLE `monitoredBy` DISABLE KEYS */;
INSERT INTO `monitoredBy` VALUES (5,6),(7,6),(8,6),(9,6),(10,6),(11,6),(5,12),(13,12),(14,12),(15,12),(16,12),(17,12),(5,18),(19,18),(20,18),(21,18),(22,18),(23,18),(28,29),(30,29),(31,29),(32,29),(33,29),(34,29),(28,35),(36,35),(37,35),(38,35),(39,35),(40,35),(28,41),(42,41),(43,41),(44,41),(45,41),(46,41),(28,47),(48,47),(49,47),(50,47),(51,47),(52,47),(28,53),(54,53),(55,53),(56,53),(57,53),(58,53),(60,61),(62,61),(63,61),(64,61),(65,61),(66,61),(60,67),(68,67),(69,67),(70,67),(71,67),(72,67),(60,73),(74,73),(75,73),(76,73),(77,73),(78,73),(60,79),(80,79),(81,79),(82,79),(83,79),(84,79),(60,85),(86,85),(87,85),(88,85),(89,85),(90,85),(60,91),(92,91),(93,91),(94,91),(95,91),(96,91),(60,97),(98,97),(99,97),(100,97),(101,97),(102,97),(104,105),(106,105),(107,105),(108,105),(109,105),(110,105),(104,111),(112,111),(113,111),(114,111),(115,111),(116,111),(104,117),(118,117),(119,117),(120,117),(121,117),(122,117),(104,123),(124,123),(125,123),(126,123),(127,123),(128,123),(104,129),(130,129),(131,129),(132,129),(133,129),(134,129),(104,135),(136,135),(137,135),(138,135),(139,135),(140,135),(104,141),(142,141),(143,141),(144,141),(145,141),(146,141),(148,149),(150,149),(151,149),(152,149),(153,149),(154,149),(148,155),(156,155),(157,155),(158,155),(159,155),(160,155),(148,161),(162,161),(163,161),(164,161),(165,161),(166,161),(148,167),(168,167),(169,167),(170,167),(171,167),(172,167),(148,173),(174,173),(175,173),(176,173),(177,173),(178,173),(148,179),(180,179),(181,179),(182,179),(183,179),(184,179),(148,185),(186,185),(187,185),(188,185),(189,185),(190,185),(148,191),(192,191),(193,191),(194,191),(195,191),(196,191),(148,197),(198,197),(199,197),(200,197),(201,197),(202,197),(207,208),(209,208),(210,208),(211,208),(212,208),(213,208),(207,214),(215,214),(216,214),(217,214),(218,214),(219,214),(221,222),(223,222),(224,222),(225,222),(226,222),(227,222),(221,228),(229,228),(230,228),(231,228),(232,228),(233,228),(221,234),(235,234),(236,234),(237,234),(238,234),(239,234),(221,240),(241,240),(242,240),(243,240),(244,240),(245,240),(221,246),(247,246),(248,246),(249,246),(250,246),(251,246),(256,257),(258,257),(259,257),(260,257),(261,257),(262,257),(256,263),(264,263),(265,263),(266,263),(267,263),(268,263),(256,269),(270,269),(271,269),(272,269),(273,269),(274,269),(256,275),(276,275),(277,275),(278,275),(279,275),(280,275),(282,283),(284,283),(285,283),(286,283),(287,283),(288,283),(282,289),(290,289),(291,289),(292,289),(293,289),(294,289),(282,295),(296,295),(297,295),(298,295),(299,295),(300,295),(282,301),(302,301),(303,301),(304,301),(305,301),(306,301),(282,307),(308,307),(309,307),(310,307),(311,307),(312,307),(282,313),(314,313),(315,313),(316,313),(317,313),(318,313),(282,319),(320,319),(321,319),(322,319),(323,319),(324,319),(282,325),(326,325),(327,325),(328,325),(329,325),(330,325),(332,333),(334,333),(335,333),(336,333),(337,333),(338,333),(332,339),(340,339),(341,339),(342,339),(343,339),(344,339),(332,345),(346,345),(347,345),(348,345),(349,345),(350,345),(332,351),(352,351),(353,351),(354,351),(355,351),(356,351),(332,357),(358,357),(359,357),(360,357),(361,357),(362,357),(332,363),(364,363),(365,363),(366,363),(367,363),(368,363),(332,369),(370,369),(371,369),(372,369),(373,369),(374,369),(332,375),(376,375),(377,375),(378,375),(379,375),(380,375),(382,383),(384,383),(385,383),(386,383),(387,383),(388,383),(382,389),(390,389),(391,389),(392,389),(393,389),(394,389),(382,395),(396,395),(397,395),(398,395),(399,395),(400,395),(382,401),(402,401),(403,401),(404,401),(405,401),(406,401),(408,409),(410,409),(411,409),(412,409),(413,409),(414,409),(408,415),(416,415),(417,415),(418,415),(419,415),(420,415),(422,423),(424,423),(425,423),(426,423),(427,423),(428,423),(422,429),(430,429),(431,429),(432,429),(433,429),(434,429),(422,435),(436,435),(437,435),(438,435),(439,435),(440,435),(422,441),(442,441),(443,441),(444,441),(445,441),(446,441),(422,447),(448,447),(449,447),(450,447),(451,447),(452,447),(422,453),(454,453),(455,453),(456,453),(457,453),(458,453),(460,461),(462,461),(463,461),(464,461),(465,461),(466,461),(460,467),(468,467),(469,467),(470,467),(471,467),(472,467),(474,475),(476,475),(477,475),(478,475),(479,475),(480,475),(474,481),(482,481),(483,481),(484,481),(485,481),(486,481),(474,487),(488,487),(489,487),(490,487),(491,487),(492,487),(474,493),(494,493),(495,493),(496,493),(497,493),(498,493),(474,499),(500,499),(501,499),(502,499),(503,499),(504,499),(474,505),(506,505),(507,505),(508,505),(509,505),(510,505),(474,511),(512,511),(513,511),(514,511),(515,511),(516,511),(474,517),(518,517),(519,517),(520,517),(521,517),(522,517),(524,525),(526,525),(527,525),(528,525),(529,525),(530,525),(524,531),(532,531),(533,531),(534,531),(535,531),(536,531),(540,541),(542,541),(543,541),(544,541),(545,541),(546,541),(540,547),(548,547),(549,547),(550,547),(551,547),(552,547),(540,553),(554,553),(555,553),(556,553),(557,553),(558,553),(540,559),(560,559),(561,559),(562,559),(563,559),(564,559),(540,565),(566,565),(567,565),(568,565),(569,565),(570,565),(540,571),(572,571),(573,571),(574,571),(575,571),(576,571),(540,577),(578,577),(579,577),(580,577),(581,577),(582,577),(584,585),(586,585),(587,585),(588,585),(589,585),(590,585),(584,591),(592,591),(593,591),(594,591),(595,591),(596,591),(584,597),(598,597),(599,597),(600,597),(601,597),(602,597),(584,603),(604,603),(605,603),(606,603),(607,603),(608,603),(610,611),(612,611),(613,611),(614,611),(615,611),(616,611),(618,619),(620,619),(621,619),(622,619),(623,619),(624,619),(618,625),(626,625),(627,625),(628,625),(629,625),(630,625),(618,631),(632,631),(633,631),(634,631),(635,631),(636,631),(618,637),(638,637),(639,637),(640,637),(641,637),(642,637),(644,645),(646,645),(647,645),(648,645),(649,645),(650,645),(644,651),(652,651),(653,651),(654,651),(655,651),(656,651),(644,657),(658,657),(659,657),(660,657),(661,657),(662,657),(644,663),(664,663),(665,663),(666,663),(667,663),(668,663),(670,671),(672,671),(673,671),(674,671),(675,671),(676,671),(670,677),(678,677),(679,677),(680,677),(681,677),(682,677),(670,683),(684,683),(685,683),(686,683),(687,683),(688,683),(670,689),(690,689),(691,689),(692,689),(693,689),(694,689),(670,695),(696,695),(697,695),(698,695),(699,695),(700,695),(670,701),(702,701),(703,701),(704,701),(705,701),(706,701),(670,707),(708,707),(709,707),(710,707),(711,707),(712,707),(714,715),(716,715),(717,715),(718,715),(719,715),(720,715),(714,721),(722,721),(723,721),(724,721),(725,721),(726,721),(714,727),(728,727),(729,727),(730,727),(731,727),(732,727),(714,733),(734,733),(735,733),(736,733),(737,733),(738,733),(714,739),(740,739),(741,739),(742,739),(743,739),(744,739),(746,747),(748,747),(749,747),(750,747),(751,747),(752,747),(746,753),(754,753),(755,753),(756,753),(757,753),(758,753),(746,759),(760,759),(761,759),(762,759),(763,759),(764,759),(746,765),(766,765),(767,765),(768,765),(769,765),(770,765),(746,771),(772,771),(773,771),(774,771),(775,771),(776,771),(778,779),(780,779),(781,779),(782,779),(783,779),(784,779),(778,785),(786,785),(787,785),(788,785),(789,785),(790,785),(778,791),(792,791),(793,791),(794,791),(795,791),(796,791),(778,797),(798,797),(799,797),(800,797),(801,797),(802,797),(778,803),(804,803),(805,803),(806,803),(807,803),(808,803),(778,809),(810,809),(811,809),(812,809),(813,809),(814,809),(816,817),(818,817),(819,817),(820,817),(821,817),(822,817),(816,823),(824,823),(825,823),(826,823),(827,823),(828,823),(816,829),(830,829),(831,829),(832,829),(833,829),(834,829),(816,835),(836,835),(837,835),(838,835),(839,835),(840,835),(842,843),(844,843),(845,843),(846,843),(847,843),(848,843),(842,849),(850,849),(851,849),(852,849),(853,849),(854,849),(842,855),(856,855),(857,855),(858,855),(859,855),(860,855),(842,861),(862,861),(863,861),(864,861),(865,861),(866,861),(868,869),(870,869),(871,869),(872,869),(873,869),(874,869),(868,875),(876,875),(877,875),(878,875),(879,875),(880,875),(868,881),(882,881),(883,881),(884,881),(885,881),(886,881),(868,887),(888,887),(889,887),(890,887),(891,887),(892,887),(894,895),(896,895),(897,895),(898,895),(899,895),(900,895),(894,901),(902,901),(903,901),(904,901),(905,901),(906,901),(894,907),(908,907),(909,907),(910,907),(911,907),(912,907),(894,913),(914,913),(915,913),(916,913),(917,913),(918,913),(920,921),(922,921),(923,921),(924,921),(925,921),(926,921),(920,927),(928,927),(929,927),(930,927),(931,927),(932,927),(920,933),(934,933),(935,933),(936,933),(937,933),(938,933),(920,939),(940,939),(941,939),(942,939),(943,939),(944,939),(920,945),(946,945),(947,945),(948,945),(949,945),(950,945),(920,951),(952,951),(953,951),(954,951),(955,951),(956,951),(920,957),(958,957),(959,957),(960,957),(961,957),(962,957),(920,963),(964,963),(965,963),(966,963),(967,963),(968,963),(920,969),(970,969),(971,969),(972,969),(973,969),(974,969),(976,977),(978,977),(979,977),(980,977),(981,977),(982,977),(976,983),(984,983),(985,983),(986,983),(987,983),(988,983),(976,989),(990,989),(991,989),(992,989),(993,989),(994,989),(976,995),(996,995),(997,995),(998,995),(999,995),(1000,995),(976,1001),(1002,1001),(1003,1001),(1004,1001),(1005,1001),(1006,1001),(976,1007),(1008,1007),(1009,1007),(1010,1007),(1011,1007),(1012,1007);
/*!40000 ALTER TABLE `monitoredBy` ENABLE KEYS */;
UNLOCK TABLES;
DROP TABLE IF EXISTS `requires`;
/*!40101 SET @saved_cs_client     = @@character_set_client */;
/*!40101 SET character_set_client = utf8 */;
CREATE TABLE `requires` (
  `Route_id` int(11) NOT NULL,
  `Sensor_id` int(11) NOT NULL,
  PRIMARY KEY (`Route_id`,`Sensor_id`)
) ENGINE=MEMORY DEFAULT CHARSET=utf8;
/*!40101 SET character_set_client = @saved_cs_client */;

LOCK TABLES `requires` WRITE;
/*!40000 ALTER TABLE `requires` DISABLE KEYS */;
INSERT INTO `requires` VALUES (3,6),(3,12),(3,18),(26,29),(26,35),(26,41),(26,47),(26,53),(26,61),(26,67),(26,73),(26,79),(26,85),(26,91),(26,97),(26,105),(26,111),(26,117),(26,123),(26,129),(26,135),(26,141),(26,149),(26,155),(26,161),(26,167),(26,173),(26,179),(26,185),(26,191),(26,197),(205,208),(205,214),(205,222),(205,228),(205,234),(205,240),(205,246),(254,257),(254,263),(254,269),(254,275),(254,283),(254,289),(254,295),(254,301),(254,307),(254,313),(254,319),(254,325),(254,333),(254,339),(254,345),(254,351),(254,357),(254,363),(254,369),(254,375),(254,383),(254,389),(254,395),(254,401),(254,409),(254,415),(254,423),(254,429),(254,435),(254,441),(254,447),(254,453),(254,461),(254,467),(254,475),(254,481),(254,487),(254,493),(254,499),(254,505),(254,511),(254,517),(254,525),(254,531),(538,541),(538,547),(538,553),(538,559),(538,565),(538,571),(538,577),(538,585),(538,591),(538,597),(538,603),(538,611),(538,619),(538,625),(538,631),(538,637),(538,645),(538,651),(538,657),(538,663),(538,671),(538,677),(538,683),(538,689),(538,695),(538,701),(538,707),(538,715),(538,721),(538,727),(538,733),(538,739),(538,747),(538,753),(538,759),(538,765),(538,771),(538,779),(538,785),(538,791),(538,797),(538,803),(538,809),(538,817),(538,823),(538,829),(538,835),(538,843),(538,849),(538,855),(538,861),(538,869),(538,875),(538,881),(538,887),(538,895),(538,901),(538,907),(538,913),(538,921),(538,927),(538,933),(538,939),(538,945),(538,951),(538,957),(538,963),(538,969),(538,977),(538,983),(538,989),(538,995),(538,1001),(538,1007);
/*!40000 ALTER TABLE `requires` ENABLE KEYS */;
UNLOCK TABLES;
/*!40103 SET TIME_ZONE=@OLD_TIME_ZONE */;

/*!40101 SET SQL_MODE=@OLD_SQL_MODE */;
/*!40014 SET FOREIGN_KEY_CHECKS=@OLD_FOREIGN_KEY_CHECKS */;
/*!40014 SET UNIQUE_CHECKS=@OLD_UNIQUE_CHECKS */;
/*!40101 SET CHARACTER_SET_CLIENT=@OLD_CHARACTER_SET_CLIENT */;
/*!40101 SET CHARACTER_SET_RESULTS=@OLD_CHARACTER_SET_RESULTS */;
/*!40101 SET COLLATION_CONNECTION=@OLD_COLLATION_CONNECTION */;
/*!40111 SET SQL_NOTES=@OLD_SQL_NOTES */;

