":ID","length:INT"
"7","335"
"8","439"
"9","90"
"10","395"
"11","134"
"13","137"
"14","494"
"15","979"
"16","815"
"17","813"
"19","968"
"20","197"
"21","324"
"22","645"
"23","517"
"25","212"
"26","994"
"27","472"
"28","679"
"29","745"
"31","542"
"32","655"
"33","988"
"34","483"
"35","636"
"37","429"
"38","892"
"39","149"
"40","209"
"41","721"
"43","853"
"44","560"
"45","190"
"46","764"
"47","872"
"54","232"
"55","901"
"56","530"
"57","494"
"58","273"
"60","975"
"61","386"
"62","220"
"63","929"
"64","152"
"66","246"
"67","246"
"68","437"
"69","375"
"70","942"
"72","301"
"73","437"
"74","511"
"75","625"
"76","111"
"78","227"
"79","145"
"80","789"
"81","456"
"82","434"
"84","824"
"85","395"
"86","608"
"87","829"
"88","619"
"90","921"
"91","329"
"92","703"
"93","763"
"94","890"
"96","257"
"97","488"
"98","366"
"99","638"
"100","102"
"104","386"
"105","462"
"106","657"
"107","931"
"108","119"
"110","392"
"111","782"
"112","212"
"113","907"
"114","118"
"116","186"
"117","324"
"118","881"
"119","740"
"120","897"
"122","250"
"123","579"
"124","39"
"125","91"
"126","963"
"128","718"
"129","942"
"130","547"
"131","836"
"132","579"
"134","870"
"135","344"
"136","333"
"137","923"
"138","627"
"140","465"
"141","470"
"142","343"
"143","771"
"144","288"
"146","167"
"147","466"
"148","886"
"149","248"
"150","261"
"152","36"
"153","458"
"154","918"
"155","345"
"156","820"
"163","369"
"164","94"
"165","737"
"166","433"
"167","149"
"169","70"
"170","809"
"171","160"
"172","744"
"173","461"
"175","94"
"176","627"
"177","773"
"178","493"
"179","273"
"181","157"
"182","620"
"183","905"
"184","453"
"185","322"
"189","263"
"190","970"
"191","39"
"192","83"
"193","632"
"195","546"
"196","352"
"197","742"
"198","177"
"199","576"
"201","781"
"202","83"
"203","973"
"204","918"
"205","185"
"207","847"
"208","121"
"209","977"
"210","130"
"211","69"
"213","423"
"214","450"
"215","372"
"216","993"
"217","455"
"221","176"
"222","759"
"223","61"
"224","917"
"225","569"
"227","571"
"228","787"
"229","35"
"230","718"
"231","307"
"233","686"
"234","858"
"235","909"
"236","750"
"237","200"
"241","943"
"242","168"
"243","432"
"244","589"
"245","533"
"247","29"
"248","320"
"249","225"
"250","966"
"251","517"
"253","53"
"254","916"
"255","182"
"256","972"
"257","349"
"259","51"
"260","332"
"261","282"
"262","983"
"263","78"
"265","596"
"266","331"
"267","500"
"268","683"
"269","633"
"271","836"
"272","120"
"273","173"
"274","638"
"275","792"
"277","997"
"278","809"
"279","373"
"280","954"
"281","554"
"283","915"
"284","303"
"285","977"
"286","730"
"287","312"
"294","236"
"295","573"
"296","294"
"297","488"
"298","861"
"300","236"
"301","455"
"302","915"
"303","182"
"304","22"
"306","118"
"307","707"
"308","342"
"309","501"
"310","953"
"312","827"
"313","998"
"314","638"
"315","669"
"316","546"
"318","587"
"319","827"
"320","941"
"321","26"
"322","939"
"324","611"
"325","236"
"326","994"
"327","837"
"328","479"
"330","307"
"331","283"
"332","52"
"333","694"
"334","895"
"336","62"
"337","57"
"338","250"
"339","935"
"340","235"
"342","795"
"343","392"
"344","628"
"345","558"
"346","110"
"352","557"
"353","132"
"354","455"
"355","678"
"356","489"
"358","5"
"359","682"
"360","76"
"361","169"
"362","171"
"364","726"
"365","421"
"366","188"
"367","149"
"368","413"
"370","531"
"371","36"
"372","578"
"373","322"
"374","563"
"376","252"
"377","611"
"378","98"
"379","107"
"380","360"
"382","387"
"383","12"
"384","480"
"385","148"
"386","94"
"388","686"
"389","810"
"390","659"
"391","630"
"392","6"
"394","501"
"395","555"
"396","368"
"397","777"
"398","906"
"400","585"
"401","11"
"402","287"
"403","947"
"404","106"
"408","301"
"409","836"
"410","254"
"411","422"
"412","146"
"414","710"
"415","576"
"416","481"
"417","638"
"418","781"
"420","409"
"421","78"
"422","34"
"423","510"
"424","536"
"426","851"
"427","898"
"428","731"
"429","83"
"430","796"
"432","113"
"433","3"
"434","326"
"435","100"
"436","555"
"438","290"
"439","126"
"440","620"
"441","323"
"442","333"
"444","598"
"445","172"
"446","263"
"447","411"
"448","638"
"450","421"
"451","921"
"452","40"
"453","546"
"454","208"
"456","542"
"457","770"
"458","147"
"459","170"
"460","167"
"464","524"
"465","5"
"466","133"
"467","818"
"468","980"
"472","152"
"473","808"
"474","94"
"475","768"
"476","969"
"478","948"
"479","366"
"480","971"
"481","75"
"482","686"
"484","606"
"485","672"
"486","316"
"487","915"
"488","831"
"490","711"
"491","773"
"492","386"
"493","340"
"494","597"
"496","28"
"497","196"
"498","953"
"499","473"
"500","514"
"502","429"
"503","972"
"504","708"
"505","669"
"506","974"
"508","706"
"509","35"
"510","383"
"511","902"
"512","578"
"514","630"
"515","154"
"516","882"
"517","579"
"518","19"
"520","798"
"521","214"
"522","566"
"523","441"
"524","823"
"528","868"
"529","182"
"530","241"
"531","734"
"532","70"
"534","665"
"535","860"
"536","143"
"537","962"
"538","346"
"540","417"
"541","630"
"542","106"
"543","482"
"544","560"
"546","135"
"547","395"
"548","950"
"549","569"
"550","452"
"552","744"
"553","702"
"554","68"
"555","634"
"556","852"
"558","551"
"559","875"
"560","989"
"561","837"
"562","252"
"564","77"
"565","710"
"566","845"
"567","835"
"568","27"
"570","686"
"571","247"
"572","348"
"573","206"
"574","391"
"576","911"
"577","394"
"578","268"
"579","468"
"580","781"
"584","666"
"585","464"
"586","375"
"587","825"
"588","741"
"590","236"
"591","420"
"592","855"
"593","856"
"594","320"
"596","78"
"597","58"
"598","959"
"599","633"
"600","244"
"602","830"
"603","40"
"604","534"
"605","945"
"606","997"
"608","142"
"609","275"
"610","382"
"611","557"
"612","165"
"616","205"
"617","144"
"618","770"
"619","113"
"620","575"
"624","452"
"625","900"
"626","552"
"627","411"
"628","664"
"630","453"
"631","599"
"632","616"
"633","714"
"634","758"
"636","357"
"637","604"
"638","492"
"639","37"
"640","427"
"642","881"
"643","902"
"644","47"
"645","195"
"646","735"
"648","942"
"649","403"
"650","615"
"651","887"
"652","387"
"654","285"
"655","889"
"656","87"
"657","271"
"658","432"
"660","11"
"661","153"
"662","444"
"663","576"
"664","11"
"666","229"
"667","541"
"668","924"
"669","801"
"670","887"
"672","66"
"673","898"
"674","660"
"675","555"
"676","559"
"680","734"
"681","720"
"682","382"
"683","79"
"684","538"
"686","618"
"687","132"
"688","133"
"689","108"
"690","563"
"692","81"
"693","832"
"694","45"
"695","843"
"696","943"
"698","354"
"699","455"
"700","272"
"701","655"
"702","411"
"704","867"
"705","212"
"706","546"
"707","570"
"708","399"
"710","645"
"711","250"
"712","344"
"713","553"
"714","17"
"716","643"
"717","572"
"718","458"
"719","261"
"720","319"
"724","27"
"725","795"
"726","156"
"727","479"
"728","514"
"730","748"
"731","899"
"732","15"
"733","103"
"734","623"
"736","281"
"737","141"
"738","53"
"739","915"
"740","302"
"742","145"
"743","841"
"744","410"
"745","653"
"746","123"
"748","464"
"749","236"
"750","236"
"751","572"
"752","647"
