SET SESSION sql_mode = 'ANSI_QUOTES';
--
-- Database: "trainbenchmark"
--

-- 512 Mb
SET max_heap_table_size=536870912;

DROP DATABASE IF EXISTS "trainbenchmark";
CREATE DATABASE "trainbenchmark";
USE "trainbenchmark";

START TRANSACTION;
-- --------------------------------------------------------

--
-- Nodes
--

CREATE TABLE IF NOT EXISTS "Route" (
  "id" int NOT NULL AUTO_INCREMENT,
  "active" int,
  "entry" int,
  "exit" int,
  PRIMARY KEY  ("id")
) DEFAULT CHARSET=utf8 AUTO_INCREMENT=1 ENGINE=MEMORY;

CREATE TABLE IF NOT EXISTS "Region" (
  "id" int NOT NULL AUTO_INCREMENT,
  PRIMARY KEY  ("id")
) DEFAULT CHARSET=utf8 AUTO_INCREMENT=1 ENGINE=MEMORY;

CREATE TABLE IF NOT EXISTS "Segment" (
  "id" int NOT NULL AUTO_INCREMENT,
  "length" int NOT NULL DEFAULT 1,
  PRIMARY KEY  ("id")
) DEFAULT CHARSET=utf8 ENGINE=MEMORY;

CREATE TABLE IF NOT EXISTS "Sensor" (
  "id" int NOT NULL AUTO_INCREMENT,
  "region" int NOT NULL, -- inverse of the "sensors" edge
  PRIMARY KEY  ("id")
) DEFAULT CHARSET=utf8 AUTO_INCREMENT=1 ENGINE=MEMORY;

CREATE TABLE IF NOT EXISTS "Semaphore" (
  "id" int NOT NULL AUTO_INCREMENT,
  "segment" int NOT NULL, -- inverse of the "semaphores" edge
  "signal" int NOT NULL,
  PRIMARY KEY  ("id")
) DEFAULT CHARSET=utf8 AUTO_INCREMENT=1 ENGINE=MEMORY;

CREATE TABLE IF NOT EXISTS "Switch" (
  "id" int NOT NULL AUTO_INCREMENT,
  "currentPosition" int NOT NULL,
  PRIMARY KEY  ("id")
) DEFAULT CHARSET=utf8 ENGINE=MEMORY;

CREATE TABLE IF NOT EXISTS "SwitchPosition" (
  "id" int NOT NULL AUTO_INCREMENT,
  "route" int, -- inverse of the "follows" edge
  "target" int,
  "position" int NOT NULL,
  PRIMARY KEY  ("id")
) DEFAULT CHARSET=utf8 AUTO_INCREMENT=1 ENGINE=MEMORY;

CREATE TABLE IF NOT EXISTS "TrackElement" (
  "id" int NOT NULL AUTO_INCREMENT,
  "region" int NOT NULL, -- inverse of the "elements" edge
  PRIMARY KEY  ("id")
) DEFAULT CHARSET=utf8 AUTO_INCREMENT=1 ENGINE=MEMORY;

--
-- Edges
--

CREATE TABLE IF NOT EXISTS "connectsTo" (
  "TrackElement1_id" int NOT NULL,
  "TrackElement2_id" int NOT NULL,
  PRIMARY KEY  ("TrackElement1_id", "TrackElement2_id")
) DEFAULT CHARSET=utf8 ENGINE=MEMORY;

CREATE TABLE IF NOT EXISTS "monitoredBy" (
  "TrackElement_id" int NOT NULL,
  "Sensor_id" int NOT NULL,
  PRIMARY KEY  ("TrackElement_id", "Sensor_id")
) DEFAULT CHARSET=utf8 ENGINE=MEMORY;

CREATE TABLE IF NOT EXISTS "requires" (
  "Route_id" int NOT NULL,
  "Sensor_id" int NOT NULL,
  PRIMARY KEY  ("Route_id", "Sensor_id")
) DEFAULT CHARSET=utf8 ENGINE=MEMORY;
INSERT INTO "Semaphore" ("id", "signal") VALUES (1, 2);
INSERT INTO "Semaphore" ("id", "signal") VALUES (2, 2);
INSERT INTO "Route" ("id", "active", "entry", "exit") VALUES (3, 1, NULL, 2);
INSERT INTO "Region" ("id") VALUES (4);
INSERT INTO "TrackElement" ("id") VALUES (5);
INSERT INTO "Switch" ("id") VALUES (5);
UPDATE "TrackElement" SET "region" = 4 WHERE "id" = 5;
INSERT INTO "Sensor" ("id") VALUES (6);
UPDATE "Sensor" SET "region" = 4 WHERE "id" = 6;
INSERT INTO "monitoredBy" VALUES (5, 6);
INSERT INTO "requires" VALUES (3, 6);
INSERT INTO "TrackElement" ("id") VALUES (7);
INSERT INTO "Segment" ("id", "length") VALUES (7, 335);
UPDATE "TrackElement" SET "region" = 4 WHERE "id" = 7;
INSERT INTO "monitoredBy" VALUES (7, 6);
UPDATE "Semaphore" SET "segment" = 7 WHERE "id" = 2;
INSERT INTO "TrackElement" ("id") VALUES (8);
INSERT INTO "Segment" ("id", "length") VALUES (8, 439);
UPDATE "TrackElement" SET "region" = 4 WHERE "id" = 8;
INSERT INTO "monitoredBy" VALUES (8, 6);
INSERT INTO "TrackElement" ("id") VALUES (9);
INSERT INTO "Segment" ("id", "length") VALUES (9, 90);
UPDATE "TrackElement" SET "region" = 4 WHERE "id" = 9;
INSERT INTO "monitoredBy" VALUES (9, 6);
INSERT INTO "TrackElement" ("id") VALUES (10);
INSERT INTO "Segment" ("id", "length") VALUES (10, 395);
UPDATE "TrackElement" SET "region" = 4 WHERE "id" = 10;
INSERT INTO "monitoredBy" VALUES (10, 6);
INSERT INTO "TrackElement" ("id") VALUES (11);
INSERT INTO "Segment" ("id", "length") VALUES (11, 134);
UPDATE "TrackElement" SET "region" = 4 WHERE "id" = 11;
INSERT INTO "monitoredBy" VALUES (11, 6);
INSERT INTO "Sensor" ("id") VALUES (12);
UPDATE "Sensor" SET "region" = 4 WHERE "id" = 12;
INSERT INTO "monitoredBy" VALUES (5, 12);
INSERT INTO "TrackElement" ("id") VALUES (13);
INSERT INTO "Segment" ("id", "length") VALUES (13, 137);
UPDATE "TrackElement" SET "region" = 4 WHERE "id" = 13;
INSERT INTO "monitoredBy" VALUES (13, 12);
INSERT INTO "TrackElement" ("id") VALUES (14);
INSERT INTO "Segment" ("id", "length") VALUES (14, 494);
UPDATE "TrackElement" SET "region" = 4 WHERE "id" = 14;
INSERT INTO "monitoredBy" VALUES (14, 12);
INSERT INTO "TrackElement" ("id") VALUES (15);
INSERT INTO "Segment" ("id", "length") VALUES (15, 979);
UPDATE "TrackElement" SET "region" = 4 WHERE "id" = 15;
INSERT INTO "monitoredBy" VALUES (15, 12);
INSERT INTO "TrackElement" ("id") VALUES (16);
INSERT INTO "Segment" ("id", "length") VALUES (16, 815);
UPDATE "TrackElement" SET "region" = 4 WHERE "id" = 16;
INSERT INTO "monitoredBy" VALUES (16, 12);
INSERT INTO "TrackElement" ("id") VALUES (17);
INSERT INTO "Segment" ("id", "length") VALUES (17, 813);
UPDATE "TrackElement" SET "region" = 4 WHERE "id" = 17;
INSERT INTO "monitoredBy" VALUES (17, 12);
INSERT INTO "Sensor" ("id") VALUES (18);
UPDATE "Sensor" SET "region" = 4 WHERE "id" = 18;
INSERT INTO "monitoredBy" VALUES (5, 18);
INSERT INTO "requires" VALUES (3, 18);
INSERT INTO "TrackElement" ("id") VALUES (19);
INSERT INTO "Segment" ("id", "length") VALUES (19, 968);
UPDATE "TrackElement" SET "region" = 4 WHERE "id" = 19;
INSERT INTO "monitoredBy" VALUES (19, 18);
INSERT INTO "TrackElement" ("id") VALUES (20);
INSERT INTO "Segment" ("id", "length") VALUES (20, 197);
UPDATE "TrackElement" SET "region" = 4 WHERE "id" = 20;
INSERT INTO "monitoredBy" VALUES (20, 18);
INSERT INTO "TrackElement" ("id") VALUES (21);
INSERT INTO "Segment" ("id", "length") VALUES (21, 324);
UPDATE "TrackElement" SET "region" = 4 WHERE "id" = 21;
INSERT INTO "monitoredBy" VALUES (21, 18);
INSERT INTO "TrackElement" ("id") VALUES (22);
INSERT INTO "Segment" ("id", "length") VALUES (22, 645);
UPDATE "TrackElement" SET "region" = 4 WHERE "id" = 22;
INSERT INTO "monitoredBy" VALUES (22, 18);
INSERT INTO "TrackElement" ("id") VALUES (23);
INSERT INTO "Segment" ("id", "length") VALUES (23, 517);
UPDATE "TrackElement" SET "region" = 4 WHERE "id" = 23;
INSERT INTO "monitoredBy" VALUES (23, 18);
INSERT INTO "Sensor" ("id") VALUES (24);
UPDATE "Sensor" SET "region" = 4 WHERE "id" = 24;
INSERT INTO "monitoredBy" VALUES (5, 24);
INSERT INTO "requires" VALUES (3, 24);
INSERT INTO "TrackElement" ("id") VALUES (25);
INSERT INTO "Segment" ("id", "length") VALUES (25, 212);
UPDATE "TrackElement" SET "region" = 4 WHERE "id" = 25;
INSERT INTO "monitoredBy" VALUES (25, 24);
INSERT INTO "TrackElement" ("id") VALUES (26);
INSERT INTO "Segment" ("id", "length") VALUES (26, 994);
UPDATE "TrackElement" SET "region" = 4 WHERE "id" = 26;
INSERT INTO "monitoredBy" VALUES (26, 24);
INSERT INTO "TrackElement" ("id") VALUES (27);
INSERT INTO "Segment" ("id", "length") VALUES (27, 472);
UPDATE "TrackElement" SET "region" = 4 WHERE "id" = 27;
INSERT INTO "monitoredBy" VALUES (27, 24);
INSERT INTO "TrackElement" ("id") VALUES (28);
INSERT INTO "Segment" ("id", "length") VALUES (28, 679);
UPDATE "TrackElement" SET "region" = 4 WHERE "id" = 28;
INSERT INTO "monitoredBy" VALUES (28, 24);
INSERT INTO "TrackElement" ("id") VALUES (29);
INSERT INTO "Segment" ("id", "length") VALUES (29, 745);
UPDATE "TrackElement" SET "region" = 4 WHERE "id" = 29;
INSERT INTO "monitoredBy" VALUES (29, 24);
INSERT INTO "Sensor" ("id") VALUES (30);
UPDATE "Sensor" SET "region" = 4 WHERE "id" = 30;
INSERT INTO "monitoredBy" VALUES (5, 30);
INSERT INTO "requires" VALUES (3, 30);
INSERT INTO "TrackElement" ("id") VALUES (31);
INSERT INTO "Segment" ("id", "length") VALUES (31, 542);
UPDATE "TrackElement" SET "region" = 4 WHERE "id" = 31;
INSERT INTO "monitoredBy" VALUES (31, 30);
INSERT INTO "TrackElement" ("id") VALUES (32);
INSERT INTO "Segment" ("id", "length") VALUES (32, 655);
UPDATE "TrackElement" SET "region" = 4 WHERE "id" = 32;
INSERT INTO "monitoredBy" VALUES (32, 30);
INSERT INTO "TrackElement" ("id") VALUES (33);
INSERT INTO "Segment" ("id", "length") VALUES (33, 988);
UPDATE "TrackElement" SET "region" = 4 WHERE "id" = 33;
INSERT INTO "monitoredBy" VALUES (33, 30);
INSERT INTO "TrackElement" ("id") VALUES (34);
INSERT INTO "Segment" ("id", "length") VALUES (34, 483);
UPDATE "TrackElement" SET "region" = 4 WHERE "id" = 34;
INSERT INTO "monitoredBy" VALUES (34, 30);
INSERT INTO "TrackElement" ("id") VALUES (35);
INSERT INTO "Segment" ("id", "length") VALUES (35, 636);
UPDATE "TrackElement" SET "region" = 4 WHERE "id" = 35;
INSERT INTO "monitoredBy" VALUES (35, 30);
INSERT INTO "Sensor" ("id") VALUES (36);
UPDATE "Sensor" SET "region" = 4 WHERE "id" = 36;
INSERT INTO "monitoredBy" VALUES (5, 36);
INSERT INTO "requires" VALUES (3, 36);
INSERT INTO "TrackElement" ("id") VALUES (37);
INSERT INTO "Segment" ("id", "length") VALUES (37, 429);
UPDATE "TrackElement" SET "region" = 4 WHERE "id" = 37;
INSERT INTO "monitoredBy" VALUES (37, 36);
INSERT INTO "TrackElement" ("id") VALUES (38);
INSERT INTO "Segment" ("id", "length") VALUES (38, 892);
UPDATE "TrackElement" SET "region" = 4 WHERE "id" = 38;
INSERT INTO "monitoredBy" VALUES (38, 36);
INSERT INTO "TrackElement" ("id") VALUES (39);
INSERT INTO "Segment" ("id", "length") VALUES (39, 149);
UPDATE "TrackElement" SET "region" = 4 WHERE "id" = 39;
INSERT INTO "monitoredBy" VALUES (39, 36);
INSERT INTO "TrackElement" ("id") VALUES (40);
INSERT INTO "Segment" ("id", "length") VALUES (40, 209);
UPDATE "TrackElement" SET "region" = 4 WHERE "id" = 40;
INSERT INTO "monitoredBy" VALUES (40, 36);
INSERT INTO "TrackElement" ("id") VALUES (41);
INSERT INTO "Segment" ("id", "length") VALUES (41, 721);
UPDATE "TrackElement" SET "region" = 4 WHERE "id" = 41;
INSERT INTO "monitoredBy" VALUES (41, 36);
INSERT INTO "Sensor" ("id") VALUES (42);
UPDATE "Sensor" SET "region" = 4 WHERE "id" = 42;
INSERT INTO "monitoredBy" VALUES (5, 42);
INSERT INTO "requires" VALUES (3, 42);
INSERT INTO "TrackElement" ("id") VALUES (43);
INSERT INTO "Segment" ("id", "length") VALUES (43, 853);
UPDATE "TrackElement" SET "region" = 4 WHERE "id" = 43;
INSERT INTO "monitoredBy" VALUES (43, 42);
INSERT INTO "TrackElement" ("id") VALUES (44);
INSERT INTO "Segment" ("id", "length") VALUES (44, 560);
UPDATE "TrackElement" SET "region" = 4 WHERE "id" = 44;
INSERT INTO "monitoredBy" VALUES (44, 42);
INSERT INTO "TrackElement" ("id") VALUES (45);
INSERT INTO "Segment" ("id", "length") VALUES (45, 190);
UPDATE "TrackElement" SET "region" = 4 WHERE "id" = 45;
INSERT INTO "monitoredBy" VALUES (45, 42);
INSERT INTO "TrackElement" ("id") VALUES (46);
INSERT INTO "Segment" ("id", "length") VALUES (46, 764);
UPDATE "TrackElement" SET "region" = 4 WHERE "id" = 46;
INSERT INTO "monitoredBy" VALUES (46, 42);
INSERT INTO "TrackElement" ("id") VALUES (47);
INSERT INTO "Segment" ("id", "length") VALUES (47, 872);
UPDATE "TrackElement" SET "region" = 4 WHERE "id" = 47;
INSERT INTO "monitoredBy" VALUES (47, 42);
UPDATE "Switch" SET "currentPosition" = 2 WHERE "id" = 5;
INSERT INTO "SwitchPosition" ("id", "position", "target") VALUES (48, 2, 5);
UPDATE "SwitchPosition" SET "route" = 3 WHERE "id" = 48;
INSERT INTO "connectsTo" VALUES (5, 7);
INSERT INTO "connectsTo" VALUES (7, 8);
INSERT INTO "connectsTo" VALUES (8, 9);
INSERT INTO "connectsTo" VALUES (9, 10);
INSERT INTO "connectsTo" VALUES (10, 11);
INSERT INTO "connectsTo" VALUES (11, 13);
INSERT INTO "connectsTo" VALUES (13, 14);
INSERT INTO "connectsTo" VALUES (14, 15);
INSERT INTO "connectsTo" VALUES (15, 16);
INSERT INTO "connectsTo" VALUES (16, 17);
INSERT INTO "connectsTo" VALUES (17, 19);
INSERT INTO "connectsTo" VALUES (19, 20);
INSERT INTO "connectsTo" VALUES (20, 21);
INSERT INTO "connectsTo" VALUES (21, 22);
INSERT INTO "connectsTo" VALUES (22, 23);
INSERT INTO "connectsTo" VALUES (23, 25);
INSERT INTO "connectsTo" VALUES (25, 26);
INSERT INTO "connectsTo" VALUES (26, 27);
INSERT INTO "connectsTo" VALUES (27, 28);
INSERT INTO "connectsTo" VALUES (28, 29);
INSERT INTO "connectsTo" VALUES (29, 31);
INSERT INTO "connectsTo" VALUES (31, 32);
INSERT INTO "connectsTo" VALUES (32, 33);
INSERT INTO "connectsTo" VALUES (33, 34);
INSERT INTO "connectsTo" VALUES (34, 35);
INSERT INTO "connectsTo" VALUES (35, 37);
INSERT INTO "connectsTo" VALUES (37, 38);
INSERT INTO "connectsTo" VALUES (38, 39);
INSERT INTO "connectsTo" VALUES (39, 40);
INSERT INTO "connectsTo" VALUES (40, 41);
INSERT INTO "connectsTo" VALUES (41, 43);
INSERT INTO "connectsTo" VALUES (43, 44);
INSERT INTO "connectsTo" VALUES (44, 45);
INSERT INTO "connectsTo" VALUES (45, 46);
INSERT INTO "connectsTo" VALUES (46, 47);
INSERT INTO "Semaphore" ("id", "signal") VALUES (49, 2);
INSERT INTO "Route" ("id", "active", "entry", "exit") VALUES (50, 1, 2, 49);
INSERT INTO "Region" ("id") VALUES (51);
INSERT INTO "TrackElement" ("id") VALUES (52);
INSERT INTO "Switch" ("id") VALUES (52);
UPDATE "TrackElement" SET "region" = 51 WHERE "id" = 52;
INSERT INTO "Sensor" ("id") VALUES (53);
UPDATE "Sensor" SET "region" = 51 WHERE "id" = 53;
INSERT INTO "monitoredBy" VALUES (52, 53);
INSERT INTO "requires" VALUES (50, 53);
INSERT INTO "TrackElement" ("id") VALUES (54);
INSERT INTO "Segment" ("id", "length") VALUES (54, 232);
UPDATE "TrackElement" SET "region" = 51 WHERE "id" = 54;
INSERT INTO "monitoredBy" VALUES (54, 53);
UPDATE "Semaphore" SET "segment" = 54 WHERE "id" = 49;
INSERT INTO "TrackElement" ("id") VALUES (55);
INSERT INTO "Segment" ("id", "length") VALUES (55, 901);
UPDATE "TrackElement" SET "region" = 51 WHERE "id" = 55;
INSERT INTO "monitoredBy" VALUES (55, 53);
INSERT INTO "TrackElement" ("id") VALUES (56);
INSERT INTO "Segment" ("id", "length") VALUES (56, 530);
UPDATE "TrackElement" SET "region" = 51 WHERE "id" = 56;
INSERT INTO "monitoredBy" VALUES (56, 53);
INSERT INTO "TrackElement" ("id") VALUES (57);
INSERT INTO "Segment" ("id", "length") VALUES (57, 494);
UPDATE "TrackElement" SET "region" = 51 WHERE "id" = 57;
INSERT INTO "monitoredBy" VALUES (57, 53);
INSERT INTO "TrackElement" ("id") VALUES (58);
INSERT INTO "Segment" ("id", "length") VALUES (58, 273);
UPDATE "TrackElement" SET "region" = 51 WHERE "id" = 58;
INSERT INTO "monitoredBy" VALUES (58, 53);
INSERT INTO "Sensor" ("id") VALUES (59);
UPDATE "Sensor" SET "region" = 51 WHERE "id" = 59;
INSERT INTO "monitoredBy" VALUES (52, 59);
INSERT INTO "requires" VALUES (50, 59);
INSERT INTO "TrackElement" ("id") VALUES (60);
INSERT INTO "Segment" ("id", "length") VALUES (60, 975);
UPDATE "TrackElement" SET "region" = 51 WHERE "id" = 60;
INSERT INTO "monitoredBy" VALUES (60, 59);
INSERT INTO "TrackElement" ("id") VALUES (61);
INSERT INTO "Segment" ("id", "length") VALUES (61, 386);
UPDATE "TrackElement" SET "region" = 51 WHERE "id" = 61;
INSERT INTO "monitoredBy" VALUES (61, 59);
INSERT INTO "TrackElement" ("id") VALUES (62);
INSERT INTO "Segment" ("id", "length") VALUES (62, 220);
UPDATE "TrackElement" SET "region" = 51 WHERE "id" = 62;
INSERT INTO "monitoredBy" VALUES (62, 59);
INSERT INTO "TrackElement" ("id") VALUES (63);
INSERT INTO "Segment" ("id", "length") VALUES (63, 929);
UPDATE "TrackElement" SET "region" = 51 WHERE "id" = 63;
INSERT INTO "monitoredBy" VALUES (63, 59);
INSERT INTO "TrackElement" ("id") VALUES (64);
INSERT INTO "Segment" ("id", "length") VALUES (64, 152);
UPDATE "TrackElement" SET "region" = 51 WHERE "id" = 64;
INSERT INTO "monitoredBy" VALUES (64, 59);
INSERT INTO "Sensor" ("id") VALUES (65);
UPDATE "Sensor" SET "region" = 51 WHERE "id" = 65;
INSERT INTO "monitoredBy" VALUES (52, 65);
INSERT INTO "requires" VALUES (50, 65);
INSERT INTO "TrackElement" ("id") VALUES (66);
INSERT INTO "Segment" ("id", "length") VALUES (66, 246);
UPDATE "TrackElement" SET "region" = 51 WHERE "id" = 66;
INSERT INTO "monitoredBy" VALUES (66, 65);
INSERT INTO "TrackElement" ("id") VALUES (67);
INSERT INTO "Segment" ("id", "length") VALUES (67, 246);
UPDATE "TrackElement" SET "region" = 51 WHERE "id" = 67;
INSERT INTO "monitoredBy" VALUES (67, 65);
INSERT INTO "TrackElement" ("id") VALUES (68);
INSERT INTO "Segment" ("id", "length") VALUES (68, 437);
UPDATE "TrackElement" SET "region" = 51 WHERE "id" = 68;
INSERT INTO "monitoredBy" VALUES (68, 65);
INSERT INTO "TrackElement" ("id") VALUES (69);
INSERT INTO "Segment" ("id", "length") VALUES (69, 375);
UPDATE "TrackElement" SET "region" = 51 WHERE "id" = 69;
INSERT INTO "monitoredBy" VALUES (69, 65);
INSERT INTO "TrackElement" ("id") VALUES (70);
INSERT INTO "Segment" ("id", "length") VALUES (70, 942);
UPDATE "TrackElement" SET "region" = 51 WHERE "id" = 70;
INSERT INTO "monitoredBy" VALUES (70, 65);
INSERT INTO "Sensor" ("id") VALUES (71);
UPDATE "Sensor" SET "region" = 51 WHERE "id" = 71;
INSERT INTO "monitoredBy" VALUES (52, 71);
INSERT INTO "requires" VALUES (50, 71);
INSERT INTO "TrackElement" ("id") VALUES (72);
INSERT INTO "Segment" ("id", "length") VALUES (72, 301);
UPDATE "TrackElement" SET "region" = 51 WHERE "id" = 72;
INSERT INTO "monitoredBy" VALUES (72, 71);
INSERT INTO "TrackElement" ("id") VALUES (73);
INSERT INTO "Segment" ("id", "length") VALUES (73, 437);
UPDATE "TrackElement" SET "region" = 51 WHERE "id" = 73;
INSERT INTO "monitoredBy" VALUES (73, 71);
INSERT INTO "TrackElement" ("id") VALUES (74);
INSERT INTO "Segment" ("id", "length") VALUES (74, 511);
UPDATE "TrackElement" SET "region" = 51 WHERE "id" = 74;
INSERT INTO "monitoredBy" VALUES (74, 71);
INSERT INTO "TrackElement" ("id") VALUES (75);
INSERT INTO "Segment" ("id", "length") VALUES (75, 625);
UPDATE "TrackElement" SET "region" = 51 WHERE "id" = 75;
INSERT INTO "monitoredBy" VALUES (75, 71);
INSERT INTO "TrackElement" ("id") VALUES (76);
INSERT INTO "Segment" ("id", "length") VALUES (76, 111);
UPDATE "TrackElement" SET "region" = 51 WHERE "id" = 76;
INSERT INTO "monitoredBy" VALUES (76, 71);
INSERT INTO "Sensor" ("id") VALUES (77);
UPDATE "Sensor" SET "region" = 51 WHERE "id" = 77;
INSERT INTO "monitoredBy" VALUES (52, 77);
INSERT INTO "requires" VALUES (50, 77);
INSERT INTO "TrackElement" ("id") VALUES (78);
INSERT INTO "Segment" ("id", "length") VALUES (78, 227);
UPDATE "TrackElement" SET "region" = 51 WHERE "id" = 78;
INSERT INTO "monitoredBy" VALUES (78, 77);
INSERT INTO "TrackElement" ("id") VALUES (79);
INSERT INTO "Segment" ("id", "length") VALUES (79, 145);
UPDATE "TrackElement" SET "region" = 51 WHERE "id" = 79;
INSERT INTO "monitoredBy" VALUES (79, 77);
INSERT INTO "TrackElement" ("id") VALUES (80);
INSERT INTO "Segment" ("id", "length") VALUES (80, 789);
UPDATE "TrackElement" SET "region" = 51 WHERE "id" = 80;
INSERT INTO "monitoredBy" VALUES (80, 77);
INSERT INTO "TrackElement" ("id") VALUES (81);
INSERT INTO "Segment" ("id", "length") VALUES (81, 456);
UPDATE "TrackElement" SET "region" = 51 WHERE "id" = 81;
INSERT INTO "monitoredBy" VALUES (81, 77);
INSERT INTO "TrackElement" ("id") VALUES (82);
INSERT INTO "Segment" ("id", "length") VALUES (82, 434);
UPDATE "TrackElement" SET "region" = 51 WHERE "id" = 82;
INSERT INTO "monitoredBy" VALUES (82, 77);
INSERT INTO "Sensor" ("id") VALUES (83);
UPDATE "Sensor" SET "region" = 51 WHERE "id" = 83;
INSERT INTO "monitoredBy" VALUES (52, 83);
INSERT INTO "requires" VALUES (50, 83);
INSERT INTO "TrackElement" ("id") VALUES (84);
INSERT INTO "Segment" ("id", "length") VALUES (84, -822);
UPDATE "TrackElement" SET "region" = 51 WHERE "id" = 84;
INSERT INTO "monitoredBy" VALUES (84, 83);
INSERT INTO "TrackElement" ("id") VALUES (85);
INSERT INTO "Segment" ("id", "length") VALUES (85, 395);
UPDATE "TrackElement" SET "region" = 51 WHERE "id" = 85;
INSERT INTO "monitoredBy" VALUES (85, 83);
INSERT INTO "TrackElement" ("id") VALUES (86);
INSERT INTO "Segment" ("id", "length") VALUES (86, 608);
UPDATE "TrackElement" SET "region" = 51 WHERE "id" = 86;
INSERT INTO "monitoredBy" VALUES (86, 83);
INSERT INTO "TrackElement" ("id") VALUES (87);
INSERT INTO "Segment" ("id", "length") VALUES (87, 829);
UPDATE "TrackElement" SET "region" = 51 WHERE "id" = 87;
INSERT INTO "monitoredBy" VALUES (87, 83);
INSERT INTO "TrackElement" ("id") VALUES (88);
INSERT INTO "Segment" ("id", "length") VALUES (88, 619);
UPDATE "TrackElement" SET "region" = 51 WHERE "id" = 88;
INSERT INTO "monitoredBy" VALUES (88, 83);
INSERT INTO "Sensor" ("id") VALUES (89);
UPDATE "Sensor" SET "region" = 51 WHERE "id" = 89;
INSERT INTO "monitoredBy" VALUES (52, 89);
INSERT INTO "requires" VALUES (50, 89);
INSERT INTO "TrackElement" ("id") VALUES (90);
INSERT INTO "Segment" ("id", "length") VALUES (90, 921);
UPDATE "TrackElement" SET "region" = 51 WHERE "id" = 90;
INSERT INTO "monitoredBy" VALUES (90, 89);
INSERT INTO "TrackElement" ("id") VALUES (91);
INSERT INTO "Segment" ("id", "length") VALUES (91, 329);
UPDATE "TrackElement" SET "region" = 51 WHERE "id" = 91;
INSERT INTO "monitoredBy" VALUES (91, 89);
INSERT INTO "TrackElement" ("id") VALUES (92);
INSERT INTO "Segment" ("id", "length") VALUES (92, 703);
UPDATE "TrackElement" SET "region" = 51 WHERE "id" = 92;
INSERT INTO "monitoredBy" VALUES (92, 89);
INSERT INTO "TrackElement" ("id") VALUES (93);
INSERT INTO "Segment" ("id", "length") VALUES (93, 763);
UPDATE "TrackElement" SET "region" = 51 WHERE "id" = 93;
INSERT INTO "monitoredBy" VALUES (93, 89);
INSERT INTO "TrackElement" ("id") VALUES (94);
INSERT INTO "Segment" ("id", "length") VALUES (94, 890);
UPDATE "TrackElement" SET "region" = 51 WHERE "id" = 94;
INSERT INTO "monitoredBy" VALUES (94, 89);
INSERT INTO "Sensor" ("id") VALUES (95);
UPDATE "Sensor" SET "region" = 51 WHERE "id" = 95;
INSERT INTO "monitoredBy" VALUES (52, 95);
INSERT INTO "requires" VALUES (50, 95);
INSERT INTO "TrackElement" ("id") VALUES (96);
INSERT INTO "Segment" ("id", "length") VALUES (96, 257);
UPDATE "TrackElement" SET "region" = 51 WHERE "id" = 96;
INSERT INTO "monitoredBy" VALUES (96, 95);
INSERT INTO "TrackElement" ("id") VALUES (97);
INSERT INTO "Segment" ("id", "length") VALUES (97, 488);
UPDATE "TrackElement" SET "region" = 51 WHERE "id" = 97;
INSERT INTO "monitoredBy" VALUES (97, 95);
INSERT INTO "TrackElement" ("id") VALUES (98);
INSERT INTO "Segment" ("id", "length") VALUES (98, 366);
UPDATE "TrackElement" SET "region" = 51 WHERE "id" = 98;
INSERT INTO "monitoredBy" VALUES (98, 95);
INSERT INTO "TrackElement" ("id") VALUES (99);
INSERT INTO "Segment" ("id", "length") VALUES (99, 638);
UPDATE "TrackElement" SET "region" = 51 WHERE "id" = 99;
INSERT INTO "monitoredBy" VALUES (99, 95);
INSERT INTO "TrackElement" ("id") VALUES (100);
INSERT INTO "Segment" ("id", "length") VALUES (100, 102);
UPDATE "TrackElement" SET "region" = 51 WHERE "id" = 100;
INSERT INTO "monitoredBy" VALUES (100, 95);
UPDATE "Switch" SET "currentPosition" = 1 WHERE "id" = 52;
INSERT INTO "SwitchPosition" ("id", "position", "target") VALUES (101, 1, 52);
UPDATE "SwitchPosition" SET "route" = 50 WHERE "id" = 101;
INSERT INTO "TrackElement" ("id") VALUES (102);
INSERT INTO "Switch" ("id") VALUES (102);
UPDATE "TrackElement" SET "region" = 51 WHERE "id" = 102;
INSERT INTO "Sensor" ("id") VALUES (103);
UPDATE "Sensor" SET "region" = 51 WHERE "id" = 103;
INSERT INTO "monitoredBy" VALUES (102, 103);
INSERT INTO "requires" VALUES (50, 103);
INSERT INTO "TrackElement" ("id") VALUES (104);
INSERT INTO "Segment" ("id", "length") VALUES (104, 386);
UPDATE "TrackElement" SET "region" = 51 WHERE "id" = 104;
INSERT INTO "monitoredBy" VALUES (104, 103);
INSERT INTO "TrackElement" ("id") VALUES (105);
INSERT INTO "Segment" ("id", "length") VALUES (105, 462);
UPDATE "TrackElement" SET "region" = 51 WHERE "id" = 105;
INSERT INTO "monitoredBy" VALUES (105, 103);
INSERT INTO "TrackElement" ("id") VALUES (106);
INSERT INTO "Segment" ("id", "length") VALUES (106, 657);
UPDATE "TrackElement" SET "region" = 51 WHERE "id" = 106;
INSERT INTO "monitoredBy" VALUES (106, 103);
INSERT INTO "TrackElement" ("id") VALUES (107);
INSERT INTO "Segment" ("id", "length") VALUES (107, 931);
UPDATE "TrackElement" SET "region" = 51 WHERE "id" = 107;
INSERT INTO "monitoredBy" VALUES (107, 103);
INSERT INTO "TrackElement" ("id") VALUES (108);
INSERT INTO "Segment" ("id", "length") VALUES (108, 119);
UPDATE "TrackElement" SET "region" = 51 WHERE "id" = 108;
INSERT INTO "monitoredBy" VALUES (108, 103);
INSERT INTO "Sensor" ("id") VALUES (109);
UPDATE "Sensor" SET "region" = 51 WHERE "id" = 109;
INSERT INTO "monitoredBy" VALUES (102, 109);
INSERT INTO "requires" VALUES (50, 109);
INSERT INTO "TrackElement" ("id") VALUES (110);
INSERT INTO "Segment" ("id", "length") VALUES (110, 392);
UPDATE "TrackElement" SET "region" = 51 WHERE "id" = 110;
INSERT INTO "monitoredBy" VALUES (110, 109);
INSERT INTO "TrackElement" ("id") VALUES (111);
INSERT INTO "Segment" ("id", "length") VALUES (111, 782);
UPDATE "TrackElement" SET "region" = 51 WHERE "id" = 111;
INSERT INTO "monitoredBy" VALUES (111, 109);
INSERT INTO "TrackElement" ("id") VALUES (112);
INSERT INTO "Segment" ("id", "length") VALUES (112, 212);
UPDATE "TrackElement" SET "region" = 51 WHERE "id" = 112;
INSERT INTO "monitoredBy" VALUES (112, 109);
INSERT INTO "TrackElement" ("id") VALUES (113);
INSERT INTO "Segment" ("id", "length") VALUES (113, 907);
UPDATE "TrackElement" SET "region" = 51 WHERE "id" = 113;
INSERT INTO "monitoredBy" VALUES (113, 109);
INSERT INTO "TrackElement" ("id") VALUES (114);
INSERT INTO "Segment" ("id", "length") VALUES (114, 118);
UPDATE "TrackElement" SET "region" = 51 WHERE "id" = 114;
INSERT INTO "monitoredBy" VALUES (114, 109);
INSERT INTO "Sensor" ("id") VALUES (115);
UPDATE "Sensor" SET "region" = 51 WHERE "id" = 115;
INSERT INTO "monitoredBy" VALUES (102, 115);
INSERT INTO "requires" VALUES (50, 115);
INSERT INTO "TrackElement" ("id") VALUES (116);
INSERT INTO "Segment" ("id", "length") VALUES (116, 186);
UPDATE "TrackElement" SET "region" = 51 WHERE "id" = 116;
INSERT INTO "monitoredBy" VALUES (116, 115);
INSERT INTO "TrackElement" ("id") VALUES (117);
INSERT INTO "Segment" ("id", "length") VALUES (117, 324);
UPDATE "TrackElement" SET "region" = 51 WHERE "id" = 117;
INSERT INTO "monitoredBy" VALUES (117, 115);
INSERT INTO "TrackElement" ("id") VALUES (118);
INSERT INTO "Segment" ("id", "length") VALUES (118, 881);
UPDATE "TrackElement" SET "region" = 51 WHERE "id" = 118;
INSERT INTO "monitoredBy" VALUES (118, 115);
INSERT INTO "TrackElement" ("id") VALUES (119);
INSERT INTO "Segment" ("id", "length") VALUES (119, 740);
UPDATE "TrackElement" SET "region" = 51 WHERE "id" = 119;
INSERT INTO "monitoredBy" VALUES (119, 115);
INSERT INTO "TrackElement" ("id") VALUES (120);
INSERT INTO "Segment" ("id", "length") VALUES (120, 897);
UPDATE "TrackElement" SET "region" = 51 WHERE "id" = 120;
INSERT INTO "monitoredBy" VALUES (120, 115);
INSERT INTO "Sensor" ("id") VALUES (121);
UPDATE "Sensor" SET "region" = 51 WHERE "id" = 121;
INSERT INTO "monitoredBy" VALUES (102, 121);
INSERT INTO "requires" VALUES (50, 121);
INSERT INTO "TrackElement" ("id") VALUES (122);
INSERT INTO "Segment" ("id", "length") VALUES (122, 250);
UPDATE "TrackElement" SET "region" = 51 WHERE "id" = 122;
INSERT INTO "monitoredBy" VALUES (122, 121);
INSERT INTO "TrackElement" ("id") VALUES (123);
INSERT INTO "Segment" ("id", "length") VALUES (123, 579);
UPDATE "TrackElement" SET "region" = 51 WHERE "id" = 123;
INSERT INTO "monitoredBy" VALUES (123, 121);
INSERT INTO "TrackElement" ("id") VALUES (124);
INSERT INTO "Segment" ("id", "length") VALUES (124, 39);
UPDATE "TrackElement" SET "region" = 51 WHERE "id" = 124;
INSERT INTO "monitoredBy" VALUES (124, 121);
INSERT INTO "TrackElement" ("id") VALUES (125);
INSERT INTO "Segment" ("id", "length") VALUES (125, 91);
UPDATE "TrackElement" SET "region" = 51 WHERE "id" = 125;
INSERT INTO "monitoredBy" VALUES (125, 121);
INSERT INTO "TrackElement" ("id") VALUES (126);
INSERT INTO "Segment" ("id", "length") VALUES (126, 963);
UPDATE "TrackElement" SET "region" = 51 WHERE "id" = 126;
INSERT INTO "monitoredBy" VALUES (126, 121);
INSERT INTO "Sensor" ("id") VALUES (127);
UPDATE "Sensor" SET "region" = 51 WHERE "id" = 127;
INSERT INTO "TrackElement" ("id") VALUES (128);
INSERT INTO "Segment" ("id", "length") VALUES (128, 402);
UPDATE "TrackElement" SET "region" = 51 WHERE "id" = 128;
INSERT INTO "monitoredBy" VALUES (128, 127);
INSERT INTO "TrackElement" ("id") VALUES (129);
INSERT INTO "Segment" ("id", "length") VALUES (129, 337);
UPDATE "TrackElement" SET "region" = 51 WHERE "id" = 129;
INSERT INTO "monitoredBy" VALUES (129, 127);
INSERT INTO "TrackElement" ("id") VALUES (130);
INSERT INTO "Segment" ("id", "length") VALUES (130, 59);
UPDATE "TrackElement" SET "region" = 51 WHERE "id" = 130;
INSERT INTO "monitoredBy" VALUES (130, 127);
INSERT INTO "TrackElement" ("id") VALUES (131);
INSERT INTO "Segment" ("id", "length") VALUES (131, 686);
UPDATE "TrackElement" SET "region" = 51 WHERE "id" = 131;
INSERT INTO "monitoredBy" VALUES (131, 127);
INSERT INTO "TrackElement" ("id") VALUES (132);
INSERT INTO "Segment" ("id", "length") VALUES (132, 212);
UPDATE "TrackElement" SET "region" = 51 WHERE "id" = 132;
INSERT INTO "monitoredBy" VALUES (132, 127);
INSERT INTO "Sensor" ("id") VALUES (133);
UPDATE "Sensor" SET "region" = 51 WHERE "id" = 133;
INSERT INTO "monitoredBy" VALUES (102, 133);
INSERT INTO "requires" VALUES (50, 133);
INSERT INTO "TrackElement" ("id") VALUES (134);
INSERT INTO "Segment" ("id", "length") VALUES (134, 191);
UPDATE "TrackElement" SET "region" = 51 WHERE "id" = 134;
INSERT INTO "monitoredBy" VALUES (134, 133);
INSERT INTO "TrackElement" ("id") VALUES (135);
INSERT INTO "Segment" ("id", "length") VALUES (135, 610);
UPDATE "TrackElement" SET "region" = 51 WHERE "id" = 135;
INSERT INTO "monitoredBy" VALUES (135, 133);
INSERT INTO "TrackElement" ("id") VALUES (136);
INSERT INTO "Segment" ("id", "length") VALUES (136, 374);
UPDATE "TrackElement" SET "region" = 51 WHERE "id" = 136;
INSERT INTO "monitoredBy" VALUES (136, 133);
INSERT INTO "TrackElement" ("id") VALUES (137);
INSERT INTO "Segment" ("id", "length") VALUES (137, 792);
UPDATE "TrackElement" SET "region" = 51 WHERE "id" = 137;
INSERT INTO "monitoredBy" VALUES (137, 133);
INSERT INTO "TrackElement" ("id") VALUES (138);
INSERT INTO "Segment" ("id", "length") VALUES (138, 100);
UPDATE "TrackElement" SET "region" = 51 WHERE "id" = 138;
INSERT INTO "monitoredBy" VALUES (138, 133);
INSERT INTO "Sensor" ("id") VALUES (139);
UPDATE "Sensor" SET "region" = 51 WHERE "id" = 139;
INSERT INTO "monitoredBy" VALUES (102, 139);
INSERT INTO "requires" VALUES (50, 139);
INSERT INTO "TrackElement" ("id") VALUES (140);
INSERT INTO "Segment" ("id", "length") VALUES (140, 11);
UPDATE "TrackElement" SET "region" = 51 WHERE "id" = 140;
INSERT INTO "monitoredBy" VALUES (140, 139);
INSERT INTO "TrackElement" ("id") VALUES (141);
INSERT INTO "Segment" ("id", "length") VALUES (141, 14);
UPDATE "TrackElement" SET "region" = 51 WHERE "id" = 141;
INSERT INTO "monitoredBy" VALUES (141, 139);
INSERT INTO "TrackElement" ("id") VALUES (142);
INSERT INTO "Segment" ("id", "length") VALUES (142, 232);
UPDATE "TrackElement" SET "region" = 51 WHERE "id" = 142;
INSERT INTO "monitoredBy" VALUES (142, 139);
INSERT INTO "TrackElement" ("id") VALUES (143);
INSERT INTO "Segment" ("id", "length") VALUES (143, 605);
UPDATE "TrackElement" SET "region" = 51 WHERE "id" = 143;
INSERT INTO "monitoredBy" VALUES (143, 139);
INSERT INTO "TrackElement" ("id") VALUES (144);
INSERT INTO "Segment" ("id", "length") VALUES (144, 799);
UPDATE "TrackElement" SET "region" = 51 WHERE "id" = 144;
INSERT INTO "monitoredBy" VALUES (144, 139);
INSERT INTO "Sensor" ("id") VALUES (145);
UPDATE "Sensor" SET "region" = 51 WHERE "id" = 145;
INSERT INTO "monitoredBy" VALUES (102, 145);
INSERT INTO "requires" VALUES (50, 145);
INSERT INTO "TrackElement" ("id") VALUES (146);
INSERT INTO "Segment" ("id", "length") VALUES (146, 518);
UPDATE "TrackElement" SET "region" = 51 WHERE "id" = 146;
INSERT INTO "monitoredBy" VALUES (146, 145);
INSERT INTO "TrackElement" ("id") VALUES (147);
INSERT INTO "Segment" ("id", "length") VALUES (147, 90);
UPDATE "TrackElement" SET "region" = 51 WHERE "id" = 147;
INSERT INTO "monitoredBy" VALUES (147, 145);
INSERT INTO "TrackElement" ("id") VALUES (148);
INSERT INTO "Segment" ("id", "length") VALUES (148, 52);
UPDATE "TrackElement" SET "region" = 51 WHERE "id" = 148;
INSERT INTO "monitoredBy" VALUES (148, 145);
INSERT INTO "TrackElement" ("id") VALUES (149);
INSERT INTO "Segment" ("id", "length") VALUES (149, 685);
UPDATE "TrackElement" SET "region" = 51 WHERE "id" = 149;
INSERT INTO "monitoredBy" VALUES (149, 145);
INSERT INTO "TrackElement" ("id") VALUES (150);
INSERT INTO "Segment" ("id", "length") VALUES (150, 404);
UPDATE "TrackElement" SET "region" = 51 WHERE "id" = 150;
INSERT INTO "monitoredBy" VALUES (150, 145);
INSERT INTO "Sensor" ("id") VALUES (151);
UPDATE "Sensor" SET "region" = 51 WHERE "id" = 151;
INSERT INTO "monitoredBy" VALUES (102, 151);
INSERT INTO "requires" VALUES (50, 151);
INSERT INTO "TrackElement" ("id") VALUES (152);
INSERT INTO "Segment" ("id", "length") VALUES (152, 610);
UPDATE "TrackElement" SET "region" = 51 WHERE "id" = 152;
INSERT INTO "monitoredBy" VALUES (152, 151);
INSERT INTO "TrackElement" ("id") VALUES (153);
INSERT INTO "Segment" ("id", "length") VALUES (153, 514);
UPDATE "TrackElement" SET "region" = 51 WHERE "id" = 153;
INSERT INTO "monitoredBy" VALUES (153, 151);
INSERT INTO "TrackElement" ("id") VALUES (154);
INSERT INTO "Segment" ("id", "length") VALUES (154, 883);
UPDATE "TrackElement" SET "region" = 51 WHERE "id" = 154;
INSERT INTO "monitoredBy" VALUES (154, 151);
INSERT INTO "TrackElement" ("id") VALUES (155);
INSERT INTO "Segment" ("id", "length") VALUES (155, 270);
UPDATE "TrackElement" SET "region" = 51 WHERE "id" = 155;
INSERT INTO "monitoredBy" VALUES (155, 151);
INSERT INTO "TrackElement" ("id") VALUES (156);
INSERT INTO "Segment" ("id", "length") VALUES (156, 684);
UPDATE "TrackElement" SET "region" = 51 WHERE "id" = 156;
INSERT INTO "monitoredBy" VALUES (156, 151);
UPDATE "Switch" SET "currentPosition" = 0 WHERE "id" = 102;
INSERT INTO "SwitchPosition" ("id", "position", "target") VALUES (157, 0, 102);
UPDATE "SwitchPosition" SET "route" = 50 WHERE "id" = 157;
INSERT INTO "connectsTo" VALUES (52, 54);
INSERT INTO "connectsTo" VALUES (54, 55);
INSERT INTO "connectsTo" VALUES (55, 56);
INSERT INTO "connectsTo" VALUES (56, 57);
INSERT INTO "connectsTo" VALUES (57, 58);
INSERT INTO "connectsTo" VALUES (58, 60);
INSERT INTO "connectsTo" VALUES (60, 61);
INSERT INTO "connectsTo" VALUES (61, 62);
INSERT INTO "connectsTo" VALUES (62, 63);
INSERT INTO "connectsTo" VALUES (63, 64);
INSERT INTO "connectsTo" VALUES (64, 66);
INSERT INTO "connectsTo" VALUES (66, 67);
INSERT INTO "connectsTo" VALUES (67, 68);
INSERT INTO "connectsTo" VALUES (68, 69);
INSERT INTO "connectsTo" VALUES (69, 70);
INSERT INTO "connectsTo" VALUES (70, 72);
INSERT INTO "connectsTo" VALUES (72, 73);
INSERT INTO "connectsTo" VALUES (73, 74);
INSERT INTO "connectsTo" VALUES (74, 75);
INSERT INTO "connectsTo" VALUES (75, 76);
INSERT INTO "connectsTo" VALUES (76, 78);
INSERT INTO "connectsTo" VALUES (78, 79);
INSERT INTO "connectsTo" VALUES (79, 80);
INSERT INTO "connectsTo" VALUES (80, 81);
INSERT INTO "connectsTo" VALUES (81, 82);
INSERT INTO "connectsTo" VALUES (82, 84);
INSERT INTO "connectsTo" VALUES (84, 85);
INSERT INTO "connectsTo" VALUES (85, 86);
INSERT INTO "connectsTo" VALUES (86, 87);
INSERT INTO "connectsTo" VALUES (87, 88);
INSERT INTO "connectsTo" VALUES (88, 90);
INSERT INTO "connectsTo" VALUES (90, 91);
INSERT INTO "connectsTo" VALUES (91, 92);
INSERT INTO "connectsTo" VALUES (92, 93);
INSERT INTO "connectsTo" VALUES (93, 94);
INSERT INTO "connectsTo" VALUES (94, 96);
INSERT INTO "connectsTo" VALUES (96, 97);
INSERT INTO "connectsTo" VALUES (97, 98);
INSERT INTO "connectsTo" VALUES (98, 99);
INSERT INTO "connectsTo" VALUES (99, 100);
INSERT INTO "connectsTo" VALUES (100, 102);
INSERT INTO "connectsTo" VALUES (102, 104);
INSERT INTO "connectsTo" VALUES (104, 105);
INSERT INTO "connectsTo" VALUES (105, 106);
INSERT INTO "connectsTo" VALUES (106, 107);
INSERT INTO "connectsTo" VALUES (107, 108);
INSERT INTO "connectsTo" VALUES (108, 110);
INSERT INTO "connectsTo" VALUES (110, 111);
INSERT INTO "connectsTo" VALUES (111, 112);
INSERT INTO "connectsTo" VALUES (112, 113);
INSERT INTO "connectsTo" VALUES (113, 114);
INSERT INTO "connectsTo" VALUES (114, 116);
INSERT INTO "connectsTo" VALUES (116, 117);
INSERT INTO "connectsTo" VALUES (117, 118);
INSERT INTO "connectsTo" VALUES (118, 119);
INSERT INTO "connectsTo" VALUES (119, 120);
INSERT INTO "connectsTo" VALUES (120, 122);
INSERT INTO "connectsTo" VALUES (122, 123);
INSERT INTO "connectsTo" VALUES (123, 124);
INSERT INTO "connectsTo" VALUES (124, 125);
INSERT INTO "connectsTo" VALUES (125, 126);
INSERT INTO "connectsTo" VALUES (126, 128);
INSERT INTO "connectsTo" VALUES (128, 129);
INSERT INTO "connectsTo" VALUES (129, 130);
INSERT INTO "connectsTo" VALUES (130, 131);
INSERT INTO "connectsTo" VALUES (131, 132);
INSERT INTO "connectsTo" VALUES (132, 134);
INSERT INTO "connectsTo" VALUES (134, 135);
INSERT INTO "connectsTo" VALUES (135, 136);
INSERT INTO "connectsTo" VALUES (136, 137);
INSERT INTO "connectsTo" VALUES (137, 138);
INSERT INTO "connectsTo" VALUES (138, 140);
INSERT INTO "connectsTo" VALUES (140, 141);
INSERT INTO "connectsTo" VALUES (141, 142);
INSERT INTO "connectsTo" VALUES (142, 143);
INSERT INTO "connectsTo" VALUES (143, 144);
INSERT INTO "connectsTo" VALUES (144, 146);
INSERT INTO "connectsTo" VALUES (146, 147);
INSERT INTO "connectsTo" VALUES (147, 148);
INSERT INTO "connectsTo" VALUES (148, 149);
INSERT INTO "connectsTo" VALUES (149, 150);
INSERT INTO "connectsTo" VALUES (150, 152);
INSERT INTO "connectsTo" VALUES (152, 153);
INSERT INTO "connectsTo" VALUES (153, 154);
INSERT INTO "connectsTo" VALUES (154, 155);
INSERT INTO "connectsTo" VALUES (155, 156);
INSERT INTO "connectsTo" VALUES (47, 52);
INSERT INTO "Semaphore" ("id", "signal") VALUES (158, 2);
INSERT INTO "Route" ("id", "active", "entry", "exit") VALUES (159, 1, 49, 158);
INSERT INTO "Region" ("id") VALUES (160);
INSERT INTO "TrackElement" ("id") VALUES (161);
INSERT INTO "Switch" ("id") VALUES (161);
UPDATE "TrackElement" SET "region" = 160 WHERE "id" = 161;
INSERT INTO "Sensor" ("id") VALUES (162);
UPDATE "Sensor" SET "region" = 160 WHERE "id" = 162;
INSERT INTO "monitoredBy" VALUES (161, 162);
INSERT INTO "requires" VALUES (159, 162);
INSERT INTO "TrackElement" ("id") VALUES (163);
INSERT INTO "Segment" ("id", "length") VALUES (163, 917);
UPDATE "TrackElement" SET "region" = 160 WHERE "id" = 163;
INSERT INTO "monitoredBy" VALUES (163, 162);
UPDATE "Semaphore" SET "segment" = 163 WHERE "id" = 158;
INSERT INTO "TrackElement" ("id") VALUES (164);
INSERT INTO "Segment" ("id", "length") VALUES (164, 373);
UPDATE "TrackElement" SET "region" = 160 WHERE "id" = 164;
INSERT INTO "monitoredBy" VALUES (164, 162);
INSERT INTO "TrackElement" ("id") VALUES (165);
INSERT INTO "Segment" ("id", "length") VALUES (165, 507);
UPDATE "TrackElement" SET "region" = 160 WHERE "id" = 165;
INSERT INTO "monitoredBy" VALUES (165, 162);
INSERT INTO "TrackElement" ("id") VALUES (166);
INSERT INTO "Segment" ("id", "length") VALUES (166, 348);
UPDATE "TrackElement" SET "region" = 160 WHERE "id" = 166;
INSERT INTO "monitoredBy" VALUES (166, 162);
INSERT INTO "TrackElement" ("id") VALUES (167);
INSERT INTO "Segment" ("id", "length") VALUES (167, 411);
UPDATE "TrackElement" SET "region" = 160 WHERE "id" = 167;
INSERT INTO "monitoredBy" VALUES (167, 162);
INSERT INTO "Sensor" ("id") VALUES (168);
UPDATE "Sensor" SET "region" = 160 WHERE "id" = 168;
INSERT INTO "monitoredBy" VALUES (161, 168);
INSERT INTO "requires" VALUES (159, 168);
INSERT INTO "TrackElement" ("id") VALUES (169);
INSERT INTO "Segment" ("id", "length") VALUES (169, 75);
UPDATE "TrackElement" SET "region" = 160 WHERE "id" = 169;
INSERT INTO "monitoredBy" VALUES (169, 168);
INSERT INTO "TrackElement" ("id") VALUES (170);
INSERT INTO "Segment" ("id", "length") VALUES (170, 565);
UPDATE "TrackElement" SET "region" = 160 WHERE "id" = 170;
INSERT INTO "monitoredBy" VALUES (170, 168);
INSERT INTO "TrackElement" ("id") VALUES (171);
INSERT INTO "Segment" ("id", "length") VALUES (171, 883);
UPDATE "TrackElement" SET "region" = 160 WHERE "id" = 171;
INSERT INTO "monitoredBy" VALUES (171, 168);
INSERT INTO "TrackElement" ("id") VALUES (172);
INSERT INTO "Segment" ("id", "length") VALUES (172, 415);
UPDATE "TrackElement" SET "region" = 160 WHERE "id" = 172;
INSERT INTO "monitoredBy" VALUES (172, 168);
INSERT INTO "TrackElement" ("id") VALUES (173);
INSERT INTO "Segment" ("id", "length") VALUES (173, 136);
UPDATE "TrackElement" SET "region" = 160 WHERE "id" = 173;
INSERT INTO "monitoredBy" VALUES (173, 168);
INSERT INTO "Sensor" ("id") VALUES (174);
UPDATE "Sensor" SET "region" = 160 WHERE "id" = 174;
INSERT INTO "monitoredBy" VALUES (161, 174);
INSERT INTO "requires" VALUES (159, 174);
INSERT INTO "TrackElement" ("id") VALUES (175);
INSERT INTO "Segment" ("id", "length") VALUES (175, 857);
UPDATE "TrackElement" SET "region" = 160 WHERE "id" = 175;
INSERT INTO "monitoredBy" VALUES (175, 174);
INSERT INTO "TrackElement" ("id") VALUES (176);
INSERT INTO "Segment" ("id", "length") VALUES (176, 933);
UPDATE "TrackElement" SET "region" = 160 WHERE "id" = 176;
INSERT INTO "monitoredBy" VALUES (176, 174);
INSERT INTO "TrackElement" ("id") VALUES (177);
INSERT INTO "Segment" ("id", "length") VALUES (177, 976);
UPDATE "TrackElement" SET "region" = 160 WHERE "id" = 177;
INSERT INTO "monitoredBy" VALUES (177, 174);
INSERT INTO "TrackElement" ("id") VALUES (178);
INSERT INTO "Segment" ("id", "length") VALUES (178, 644);
UPDATE "TrackElement" SET "region" = 160 WHERE "id" = 178;
INSERT INTO "monitoredBy" VALUES (178, 174);
INSERT INTO "TrackElement" ("id") VALUES (179);
INSERT INTO "Segment" ("id", "length") VALUES (179, 519);
UPDATE "TrackElement" SET "region" = 160 WHERE "id" = 179;
INSERT INTO "monitoredBy" VALUES (179, 174);
UPDATE "Switch" SET "currentPosition" = 1 WHERE "id" = 161;
INSERT INTO "SwitchPosition" ("id", "position", "target") VALUES (180, 1, 161);
UPDATE "SwitchPosition" SET "route" = 159 WHERE "id" = 180;
INSERT INTO "connectsTo" VALUES (161, 163);
INSERT INTO "connectsTo" VALUES (163, 164);
INSERT INTO "connectsTo" VALUES (164, 165);
INSERT INTO "connectsTo" VALUES (165, 166);
INSERT INTO "connectsTo" VALUES (166, 167);
INSERT INTO "connectsTo" VALUES (167, 169);
INSERT INTO "connectsTo" VALUES (169, 170);
INSERT INTO "connectsTo" VALUES (170, 171);
INSERT INTO "connectsTo" VALUES (171, 172);
INSERT INTO "connectsTo" VALUES (172, 173);
INSERT INTO "connectsTo" VALUES (173, 175);
INSERT INTO "connectsTo" VALUES (175, 176);
INSERT INTO "connectsTo" VALUES (176, 177);
INSERT INTO "connectsTo" VALUES (177, 178);
INSERT INTO "connectsTo" VALUES (178, 179);
INSERT INTO "connectsTo" VALUES (156, 161);
INSERT INTO "Semaphore" ("id", "signal") VALUES (181, 2);
INSERT INTO "Route" ("id", "active", "entry", "exit") VALUES (182, 1, NULL, 181);
INSERT INTO "Region" ("id") VALUES (183);
INSERT INTO "TrackElement" ("id") VALUES (184);
INSERT INTO "Switch" ("id") VALUES (184);
UPDATE "TrackElement" SET "region" = 183 WHERE "id" = 184;
INSERT INTO "Sensor" ("id") VALUES (185);
UPDATE "Sensor" SET "region" = 183 WHERE "id" = 185;
INSERT INTO "monitoredBy" VALUES (184, 185);
INSERT INTO "requires" VALUES (182, 185);
INSERT INTO "TrackElement" ("id") VALUES (186);
INSERT INTO "Segment" ("id", "length") VALUES (186, 905);
UPDATE "TrackElement" SET "region" = 183 WHERE "id" = 186;
INSERT INTO "monitoredBy" VALUES (186, 185);
UPDATE "Semaphore" SET "segment" = 186 WHERE "id" = 181;
INSERT INTO "TrackElement" ("id") VALUES (187);
INSERT INTO "Segment" ("id", "length") VALUES (187, 453);
UPDATE "TrackElement" SET "region" = 183 WHERE "id" = 187;
INSERT INTO "monitoredBy" VALUES (187, 185);
INSERT INTO "TrackElement" ("id") VALUES (188);
INSERT INTO "Segment" ("id", "length") VALUES (188, 322);
UPDATE "TrackElement" SET "region" = 183 WHERE "id" = 188;
INSERT INTO "monitoredBy" VALUES (188, 185);
INSERT INTO "TrackElement" ("id") VALUES (189);
INSERT INTO "Segment" ("id", "length") VALUES (189, 524);
UPDATE "TrackElement" SET "region" = 183 WHERE "id" = 189;
INSERT INTO "monitoredBy" VALUES (189, 185);
INSERT INTO "TrackElement" ("id") VALUES (190);
INSERT INTO "Segment" ("id", "length") VALUES (190, 82);
UPDATE "TrackElement" SET "region" = 183 WHERE "id" = 190;
INSERT INTO "monitoredBy" VALUES (190, 185);
INSERT INTO "Sensor" ("id") VALUES (191);
UPDATE "Sensor" SET "region" = 183 WHERE "id" = 191;
INSERT INTO "monitoredBy" VALUES (184, 191);
INSERT INTO "requires" VALUES (182, 191);
INSERT INTO "TrackElement" ("id") VALUES (192);
INSERT INTO "Segment" ("id", "length") VALUES (192, 717);
UPDATE "TrackElement" SET "region" = 183 WHERE "id" = 192;
INSERT INTO "monitoredBy" VALUES (192, 191);
INSERT INTO "TrackElement" ("id") VALUES (193);
INSERT INTO "Segment" ("id", "length") VALUES (193, 150);
UPDATE "TrackElement" SET "region" = 183 WHERE "id" = 193;
INSERT INTO "monitoredBy" VALUES (193, 191);
INSERT INTO "TrackElement" ("id") VALUES (194);
INSERT INTO "Segment" ("id", "length") VALUES (194, 159);
UPDATE "TrackElement" SET "region" = 183 WHERE "id" = 194;
INSERT INTO "monitoredBy" VALUES (194, 191);
INSERT INTO "TrackElement" ("id") VALUES (195);
INSERT INTO "Segment" ("id", "length") VALUES (195, 683);
UPDATE "TrackElement" SET "region" = 183 WHERE "id" = 195;
INSERT INTO "monitoredBy" VALUES (195, 191);
INSERT INTO "TrackElement" ("id") VALUES (196);
INSERT INTO "Segment" ("id", "length") VALUES (196, 806);
UPDATE "TrackElement" SET "region" = 183 WHERE "id" = 196;
INSERT INTO "monitoredBy" VALUES (196, 191);
INSERT INTO "Sensor" ("id") VALUES (197);
UPDATE "Sensor" SET "region" = 183 WHERE "id" = 197;
INSERT INTO "monitoredBy" VALUES (184, 197);
INSERT INTO "TrackElement" ("id") VALUES (198);
INSERT INTO "Segment" ("id", "length") VALUES (198, 371);
UPDATE "TrackElement" SET "region" = 183 WHERE "id" = 198;
INSERT INTO "monitoredBy" VALUES (198, 197);
INSERT INTO "TrackElement" ("id") VALUES (199);
INSERT INTO "Segment" ("id", "length") VALUES (199, 227);
UPDATE "TrackElement" SET "region" = 183 WHERE "id" = 199;
INSERT INTO "monitoredBy" VALUES (199, 197);
INSERT INTO "TrackElement" ("id") VALUES (200);
INSERT INTO "Segment" ("id", "length") VALUES (200, 208);
UPDATE "TrackElement" SET "region" = 183 WHERE "id" = 200;
INSERT INTO "monitoredBy" VALUES (200, 197);
INSERT INTO "TrackElement" ("id") VALUES (201);
INSERT INTO "Segment" ("id", "length") VALUES (201, 611);
UPDATE "TrackElement" SET "region" = 183 WHERE "id" = 201;
INSERT INTO "monitoredBy" VALUES (201, 197);
INSERT INTO "TrackElement" ("id") VALUES (202);
INSERT INTO "Segment" ("id", "length") VALUES (202, 605);
UPDATE "TrackElement" SET "region" = 183 WHERE "id" = 202;
INSERT INTO "monitoredBy" VALUES (202, 197);
INSERT INTO "Sensor" ("id") VALUES (203);
UPDATE "Sensor" SET "region" = 183 WHERE "id" = 203;
INSERT INTO "monitoredBy" VALUES (184, 203);
INSERT INTO "requires" VALUES (182, 203);
INSERT INTO "TrackElement" ("id") VALUES (204);
INSERT INTO "Segment" ("id", "length") VALUES (204, 652);
UPDATE "TrackElement" SET "region" = 183 WHERE "id" = 204;
INSERT INTO "monitoredBy" VALUES (204, 203);
INSERT INTO "TrackElement" ("id") VALUES (205);
INSERT INTO "Segment" ("id", "length") VALUES (205, 27);
UPDATE "TrackElement" SET "region" = 183 WHERE "id" = 205;
INSERT INTO "monitoredBy" VALUES (205, 203);
INSERT INTO "TrackElement" ("id") VALUES (206);
INSERT INTO "Segment" ("id", "length") VALUES (206, 42);
UPDATE "TrackElement" SET "region" = 183 WHERE "id" = 206;
INSERT INTO "monitoredBy" VALUES (206, 203);
INSERT INTO "TrackElement" ("id") VALUES (207);
INSERT INTO "Segment" ("id", "length") VALUES (207, 772);
UPDATE "TrackElement" SET "region" = 183 WHERE "id" = 207;
INSERT INTO "monitoredBy" VALUES (207, 203);
INSERT INTO "TrackElement" ("id") VALUES (208);
INSERT INTO "Segment" ("id", "length") VALUES (208, 817);
UPDATE "TrackElement" SET "region" = 183 WHERE "id" = 208;
INSERT INTO "monitoredBy" VALUES (208, 203);
INSERT INTO "Sensor" ("id") VALUES (209);
UPDATE "Sensor" SET "region" = 183 WHERE "id" = 209;
INSERT INTO "monitoredBy" VALUES (184, 209);
INSERT INTO "requires" VALUES (182, 209);
INSERT INTO "TrackElement" ("id") VALUES (210);
INSERT INTO "Segment" ("id", "length") VALUES (210, 300);
UPDATE "TrackElement" SET "region" = 183 WHERE "id" = 210;
INSERT INTO "monitoredBy" VALUES (210, 209);
INSERT INTO "TrackElement" ("id") VALUES (211);
INSERT INTO "Segment" ("id", "length") VALUES (211, 51);
UPDATE "TrackElement" SET "region" = 183 WHERE "id" = 211;
INSERT INTO "monitoredBy" VALUES (211, 209);
INSERT INTO "TrackElement" ("id") VALUES (212);
INSERT INTO "Segment" ("id", "length") VALUES (212, 270);
UPDATE "TrackElement" SET "region" = 183 WHERE "id" = 212;
INSERT INTO "monitoredBy" VALUES (212, 209);
INSERT INTO "TrackElement" ("id") VALUES (213);
INSERT INTO "Segment" ("id", "length") VALUES (213, 195);
UPDATE "TrackElement" SET "region" = 183 WHERE "id" = 213;
INSERT INTO "monitoredBy" VALUES (213, 209);
INSERT INTO "TrackElement" ("id") VALUES (214);
INSERT INTO "Segment" ("id", "length") VALUES (214, 899);
UPDATE "TrackElement" SET "region" = 183 WHERE "id" = 214;
INSERT INTO "monitoredBy" VALUES (214, 209);
INSERT INTO "Sensor" ("id") VALUES (215);
UPDATE "Sensor" SET "region" = 183 WHERE "id" = 215;
INSERT INTO "monitoredBy" VALUES (184, 215);
INSERT INTO "requires" VALUES (182, 215);
INSERT INTO "TrackElement" ("id") VALUES (216);
INSERT INTO "Segment" ("id", "length") VALUES (216, 21);
UPDATE "TrackElement" SET "region" = 183 WHERE "id" = 216;
INSERT INTO "monitoredBy" VALUES (216, 215);
INSERT INTO "TrackElement" ("id") VALUES (217);
INSERT INTO "Segment" ("id", "length") VALUES (217, 820);
UPDATE "TrackElement" SET "region" = 183 WHERE "id" = 217;
INSERT INTO "monitoredBy" VALUES (217, 215);
INSERT INTO "TrackElement" ("id") VALUES (218);
INSERT INTO "Segment" ("id", "length") VALUES (218, 291);
UPDATE "TrackElement" SET "region" = 183 WHERE "id" = 218;
INSERT INTO "monitoredBy" VALUES (218, 215);
INSERT INTO "TrackElement" ("id") VALUES (219);
INSERT INTO "Segment" ("id", "length") VALUES (219, 95);
UPDATE "TrackElement" SET "region" = 183 WHERE "id" = 219;
INSERT INTO "monitoredBy" VALUES (219, 215);
INSERT INTO "TrackElement" ("id") VALUES (220);
INSERT INTO "Segment" ("id", "length") VALUES (220, 522);
UPDATE "TrackElement" SET "region" = 183 WHERE "id" = 220;
INSERT INTO "monitoredBy" VALUES (220, 215);
INSERT INTO "Sensor" ("id") VALUES (221);
UPDATE "Sensor" SET "region" = 183 WHERE "id" = 221;
INSERT INTO "monitoredBy" VALUES (184, 221);
INSERT INTO "requires" VALUES (182, 221);
INSERT INTO "TrackElement" ("id") VALUES (222);
INSERT INTO "Segment" ("id", "length") VALUES (222, 108);
UPDATE "TrackElement" SET "region" = 183 WHERE "id" = 222;
INSERT INTO "monitoredBy" VALUES (222, 221);
INSERT INTO "TrackElement" ("id") VALUES (223);
INSERT INTO "Segment" ("id", "length") VALUES (223, 176);
UPDATE "TrackElement" SET "region" = 183 WHERE "id" = 223;
INSERT INTO "monitoredBy" VALUES (223, 221);
INSERT INTO "TrackElement" ("id") VALUES (224);
INSERT INTO "Segment" ("id", "length") VALUES (224, 759);
UPDATE "TrackElement" SET "region" = 183 WHERE "id" = 224;
INSERT INTO "monitoredBy" VALUES (224, 221);
INSERT INTO "TrackElement" ("id") VALUES (225);
INSERT INTO "Segment" ("id", "length") VALUES (225, 61);
UPDATE "TrackElement" SET "region" = 183 WHERE "id" = 225;
INSERT INTO "monitoredBy" VALUES (225, 221);
INSERT INTO "TrackElement" ("id") VALUES (226);
INSERT INTO "Segment" ("id", "length") VALUES (226, 917);
UPDATE "TrackElement" SET "region" = 183 WHERE "id" = 226;
INSERT INTO "monitoredBy" VALUES (226, 221);
UPDATE "Switch" SET "currentPosition" = 0 WHERE "id" = 184;
INSERT INTO "SwitchPosition" ("id", "position", "target") VALUES (227, 0, 184);
UPDATE "SwitchPosition" SET "route" = 182 WHERE "id" = 227;
INSERT INTO "TrackElement" ("id") VALUES (228);
INSERT INTO "Switch" ("id") VALUES (228);
UPDATE "TrackElement" SET "region" = 183 WHERE "id" = 228;
INSERT INTO "Sensor" ("id") VALUES (229);
UPDATE "Sensor" SET "region" = 183 WHERE "id" = 229;
INSERT INTO "monitoredBy" VALUES (228, 229);
INSERT INTO "requires" VALUES (182, 229);
INSERT INTO "TrackElement" ("id") VALUES (230);
INSERT INTO "Segment" ("id", "length") VALUES (230, 358);
UPDATE "TrackElement" SET "region" = 183 WHERE "id" = 230;
INSERT INTO "monitoredBy" VALUES (230, 229);
INSERT INTO "TrackElement" ("id") VALUES (231);
INSERT INTO "Segment" ("id", "length") VALUES (231, 673);
UPDATE "TrackElement" SET "region" = 183 WHERE "id" = 231;
INSERT INTO "monitoredBy" VALUES (231, 229);
INSERT INTO "TrackElement" ("id") VALUES (232);
INSERT INTO "Segment" ("id", "length") VALUES (232, 969);
UPDATE "TrackElement" SET "region" = 183 WHERE "id" = 232;
INSERT INTO "monitoredBy" VALUES (232, 229);
INSERT INTO "TrackElement" ("id") VALUES (233);
INSERT INTO "Segment" ("id", "length") VALUES (233, 421);
UPDATE "TrackElement" SET "region" = 183 WHERE "id" = 233;
INSERT INTO "monitoredBy" VALUES (233, 229);
INSERT INTO "TrackElement" ("id") VALUES (234);
INSERT INTO "Segment" ("id", "length") VALUES (234, 514);
UPDATE "TrackElement" SET "region" = 183 WHERE "id" = 234;
INSERT INTO "monitoredBy" VALUES (234, 229);
UPDATE "Switch" SET "currentPosition" = 1 WHERE "id" = 228;
INSERT INTO "SwitchPosition" ("id", "position", "target") VALUES (235, 1, 228);
UPDATE "SwitchPosition" SET "route" = 182 WHERE "id" = 235;
INSERT INTO "TrackElement" ("id") VALUES (236);
INSERT INTO "Switch" ("id") VALUES (236);
UPDATE "TrackElement" SET "region" = 183 WHERE "id" = 236;
INSERT INTO "Sensor" ("id") VALUES (237);
UPDATE "Sensor" SET "region" = 183 WHERE "id" = 237;
INSERT INTO "monitoredBy" VALUES (236, 237);
INSERT INTO "requires" VALUES (182, 237);
INSERT INTO "TrackElement" ("id") VALUES (238);
INSERT INTO "Segment" ("id", "length") VALUES (238, 909);
UPDATE "TrackElement" SET "region" = 183 WHERE "id" = 238;
INSERT INTO "monitoredBy" VALUES (238, 237);
INSERT INTO "TrackElement" ("id") VALUES (239);
INSERT INTO "Segment" ("id", "length") VALUES (239, 750);
UPDATE "TrackElement" SET "region" = 183 WHERE "id" = 239;
INSERT INTO "monitoredBy" VALUES (239, 237);
INSERT INTO "TrackElement" ("id") VALUES (240);
INSERT INTO "Segment" ("id", "length") VALUES (240, 200);
UPDATE "TrackElement" SET "region" = 183 WHERE "id" = 240;
INSERT INTO "monitoredBy" VALUES (240, 237);
INSERT INTO "TrackElement" ("id") VALUES (241);
INSERT INTO "Segment" ("id", "length") VALUES (241, 79);
UPDATE "TrackElement" SET "region" = 183 WHERE "id" = 241;
INSERT INTO "monitoredBy" VALUES (241, 237);
INSERT INTO "TrackElement" ("id") VALUES (242);
INSERT INTO "Segment" ("id", "length") VALUES (242, 135);
UPDATE "TrackElement" SET "region" = 183 WHERE "id" = 242;
INSERT INTO "monitoredBy" VALUES (242, 237);
INSERT INTO "Sensor" ("id") VALUES (243);
UPDATE "Sensor" SET "region" = 183 WHERE "id" = 243;
INSERT INTO "monitoredBy" VALUES (236, 243);
INSERT INTO "requires" VALUES (182, 243);
INSERT INTO "TrackElement" ("id") VALUES (244);
INSERT INTO "Segment" ("id", "length") VALUES (244, 639);
UPDATE "TrackElement" SET "region" = 183 WHERE "id" = 244;
INSERT INTO "monitoredBy" VALUES (244, 243);
INSERT INTO "TrackElement" ("id") VALUES (245);
INSERT INTO "Segment" ("id", "length") VALUES (245, 758);
UPDATE "TrackElement" SET "region" = 183 WHERE "id" = 245;
INSERT INTO "monitoredBy" VALUES (245, 243);
INSERT INTO "TrackElement" ("id") VALUES (246);
INSERT INTO "Segment" ("id", "length") VALUES (246, 89);
UPDATE "TrackElement" SET "region" = 183 WHERE "id" = 246;
INSERT INTO "monitoredBy" VALUES (246, 243);
INSERT INTO "TrackElement" ("id") VALUES (247);
INSERT INTO "Segment" ("id", "length") VALUES (247, 135);
UPDATE "TrackElement" SET "region" = 183 WHERE "id" = 247;
INSERT INTO "monitoredBy" VALUES (247, 243);
INSERT INTO "TrackElement" ("id") VALUES (248);
INSERT INTO "Segment" ("id", "length") VALUES (248, 735);
UPDATE "TrackElement" SET "region" = 183 WHERE "id" = 248;
INSERT INTO "monitoredBy" VALUES (248, 243);
INSERT INTO "Sensor" ("id") VALUES (249);
UPDATE "Sensor" SET "region" = 183 WHERE "id" = 249;
INSERT INTO "monitoredBy" VALUES (236, 249);
INSERT INTO "requires" VALUES (182, 249);
INSERT INTO "TrackElement" ("id") VALUES (250);
INSERT INTO "Segment" ("id", "length") VALUES (250, 576);
UPDATE "TrackElement" SET "region" = 183 WHERE "id" = 250;
INSERT INTO "monitoredBy" VALUES (250, 249);
INSERT INTO "TrackElement" ("id") VALUES (251);
INSERT INTO "Segment" ("id", "length") VALUES (251, 78);
UPDATE "TrackElement" SET "region" = 183 WHERE "id" = 251;
INSERT INTO "monitoredBy" VALUES (251, 249);
INSERT INTO "TrackElement" ("id") VALUES (252);
INSERT INTO "Segment" ("id", "length") VALUES (252, 56);
UPDATE "TrackElement" SET "region" = 183 WHERE "id" = 252;
INSERT INTO "monitoredBy" VALUES (252, 249);
INSERT INTO "TrackElement" ("id") VALUES (253);
INSERT INTO "Segment" ("id", "length") VALUES (253, 161);
UPDATE "TrackElement" SET "region" = 183 WHERE "id" = 253;
INSERT INTO "monitoredBy" VALUES (253, 249);
INSERT INTO "TrackElement" ("id") VALUES (254);
INSERT INTO "Segment" ("id", "length") VALUES (254, 145);
UPDATE "TrackElement" SET "region" = 183 WHERE "id" = 254;
INSERT INTO "monitoredBy" VALUES (254, 249);
INSERT INTO "Sensor" ("id") VALUES (255);
UPDATE "Sensor" SET "region" = 183 WHERE "id" = 255;
INSERT INTO "monitoredBy" VALUES (236, 255);
INSERT INTO "requires" VALUES (182, 255);
INSERT INTO "TrackElement" ("id") VALUES (256);
INSERT INTO "Segment" ("id", "length") VALUES (256, 367);
UPDATE "TrackElement" SET "region" = 183 WHERE "id" = 256;
INSERT INTO "monitoredBy" VALUES (256, 255);
INSERT INTO "TrackElement" ("id") VALUES (257);
INSERT INTO "Segment" ("id", "length") VALUES (257, 522);
UPDATE "TrackElement" SET "region" = 183 WHERE "id" = 257;
INSERT INTO "monitoredBy" VALUES (257, 255);
INSERT INTO "TrackElement" ("id") VALUES (258);
INSERT INTO "Segment" ("id", "length") VALUES (258, 579);
UPDATE "TrackElement" SET "region" = 183 WHERE "id" = 258;
INSERT INTO "monitoredBy" VALUES (258, 255);
INSERT INTO "TrackElement" ("id") VALUES (259);
INSERT INTO "Segment" ("id", "length") VALUES (259, 940);
UPDATE "TrackElement" SET "region" = 183 WHERE "id" = 259;
INSERT INTO "monitoredBy" VALUES (259, 255);
INSERT INTO "TrackElement" ("id") VALUES (260);
INSERT INTO "Segment" ("id", "length") VALUES (260, 900);
UPDATE "TrackElement" SET "region" = 183 WHERE "id" = 260;
INSERT INTO "monitoredBy" VALUES (260, 255);
UPDATE "Switch" SET "currentPosition" = 2 WHERE "id" = 236;
INSERT INTO "SwitchPosition" ("id", "position", "target") VALUES (261, 2, 236);
UPDATE "SwitchPosition" SET "route" = 182 WHERE "id" = 261;
INSERT INTO "TrackElement" ("id") VALUES (262);
INSERT INTO "Switch" ("id") VALUES (262);
UPDATE "TrackElement" SET "region" = 183 WHERE "id" = 262;
INSERT INTO "Sensor" ("id") VALUES (263);
UPDATE "Sensor" SET "region" = 183 WHERE "id" = 263;
INSERT INTO "monitoredBy" VALUES (262, 263);
INSERT INTO "requires" VALUES (182, 263);
INSERT INTO "TrackElement" ("id") VALUES (264);
INSERT INTO "Segment" ("id", "length") VALUES (264, 282);
UPDATE "TrackElement" SET "region" = 183 WHERE "id" = 264;
INSERT INTO "monitoredBy" VALUES (264, 263);
INSERT INTO "TrackElement" ("id") VALUES (265);
INSERT INTO "Segment" ("id", "length") VALUES (265, 983);
UPDATE "TrackElement" SET "region" = 183 WHERE "id" = 265;
INSERT INTO "monitoredBy" VALUES (265, 263);
INSERT INTO "TrackElement" ("id") VALUES (266);
INSERT INTO "Segment" ("id", "length") VALUES (266, 78);
UPDATE "TrackElement" SET "region" = 183 WHERE "id" = 266;
INSERT INTO "monitoredBy" VALUES (266, 263);
INSERT INTO "TrackElement" ("id") VALUES (267);
INSERT INTO "Segment" ("id", "length") VALUES (267, 229);
UPDATE "TrackElement" SET "region" = 183 WHERE "id" = 267;
INSERT INTO "monitoredBy" VALUES (267, 263);
INSERT INTO "TrackElement" ("id") VALUES (268);
INSERT INTO "Segment" ("id", "length") VALUES (268, 137);
UPDATE "TrackElement" SET "region" = 183 WHERE "id" = 268;
INSERT INTO "monitoredBy" VALUES (268, 263);
INSERT INTO "Sensor" ("id") VALUES (269);
UPDATE "Sensor" SET "region" = 183 WHERE "id" = 269;
INSERT INTO "monitoredBy" VALUES (262, 269);
INSERT INTO "requires" VALUES (182, 269);
INSERT INTO "TrackElement" ("id") VALUES (270);
INSERT INTO "Segment" ("id", "length") VALUES (270, 500);
UPDATE "TrackElement" SET "region" = 183 WHERE "id" = 270;
INSERT INTO "monitoredBy" VALUES (270, 269);
INSERT INTO "TrackElement" ("id") VALUES (271);
INSERT INTO "Segment" ("id", "length") VALUES (271, 683);
UPDATE "TrackElement" SET "region" = 183 WHERE "id" = 271;
INSERT INTO "monitoredBy" VALUES (271, 269);
INSERT INTO "TrackElement" ("id") VALUES (272);
INSERT INTO "Segment" ("id", "length") VALUES (272, 633);
UPDATE "TrackElement" SET "region" = 183 WHERE "id" = 272;
INSERT INTO "monitoredBy" VALUES (272, 269);
INSERT INTO "TrackElement" ("id") VALUES (273);
INSERT INTO "Segment" ("id", "length") VALUES (273, 456);
UPDATE "TrackElement" SET "region" = 183 WHERE "id" = 273;
INSERT INTO "monitoredBy" VALUES (273, 269);
INSERT INTO "TrackElement" ("id") VALUES (274);
INSERT INTO "Segment" ("id", "length") VALUES (274, 525);
UPDATE "TrackElement" SET "region" = 183 WHERE "id" = 274;
INSERT INTO "monitoredBy" VALUES (274, 269);
INSERT INTO "Sensor" ("id") VALUES (275);
UPDATE "Sensor" SET "region" = 183 WHERE "id" = 275;
INSERT INTO "monitoredBy" VALUES (262, 275);
INSERT INTO "requires" VALUES (182, 275);
INSERT INTO "TrackElement" ("id") VALUES (276);
INSERT INTO "Segment" ("id", "length") VALUES (276, 173);
UPDATE "TrackElement" SET "region" = 183 WHERE "id" = 276;
INSERT INTO "monitoredBy" VALUES (276, 275);
INSERT INTO "TrackElement" ("id") VALUES (277);
INSERT INTO "Segment" ("id", "length") VALUES (277, 638);
UPDATE "TrackElement" SET "region" = 183 WHERE "id" = 277;
INSERT INTO "monitoredBy" VALUES (277, 275);
INSERT INTO "TrackElement" ("id") VALUES (278);
INSERT INTO "Segment" ("id", "length") VALUES (278, 792);
UPDATE "TrackElement" SET "region" = 183 WHERE "id" = 278;
INSERT INTO "monitoredBy" VALUES (278, 275);
INSERT INTO "TrackElement" ("id") VALUES (279);
INSERT INTO "Segment" ("id", "length") VALUES (279, 65);
UPDATE "TrackElement" SET "region" = 183 WHERE "id" = 279;
INSERT INTO "monitoredBy" VALUES (279, 275);
INSERT INTO "TrackElement" ("id") VALUES (280);
INSERT INTO "Segment" ("id", "length") VALUES (280, 707);
UPDATE "TrackElement" SET "region" = 183 WHERE "id" = 280;
INSERT INTO "monitoredBy" VALUES (280, 275);
UPDATE "Switch" SET "currentPosition" = 2 WHERE "id" = 262;
INSERT INTO "SwitchPosition" ("id", "position", "target") VALUES (281, 2, 262);
UPDATE "SwitchPosition" SET "route" = 182 WHERE "id" = 281;
INSERT INTO "TrackElement" ("id") VALUES (282);
INSERT INTO "Switch" ("id") VALUES (282);
UPDATE "TrackElement" SET "region" = 183 WHERE "id" = 282;
INSERT INTO "Sensor" ("id") VALUES (283);
UPDATE "Sensor" SET "region" = 183 WHERE "id" = 283;
INSERT INTO "monitoredBy" VALUES (282, 283);
INSERT INTO "requires" VALUES (182, 283);
INSERT INTO "TrackElement" ("id") VALUES (284);
INSERT INTO "Segment" ("id", "length") VALUES (284, 507);
UPDATE "TrackElement" SET "region" = 183 WHERE "id" = 284;
INSERT INTO "monitoredBy" VALUES (284, 283);
INSERT INTO "TrackElement" ("id") VALUES (285);
INSERT INTO "Segment" ("id", "length") VALUES (285, 83);
UPDATE "TrackElement" SET "region" = 183 WHERE "id" = 285;
INSERT INTO "monitoredBy" VALUES (285, 283);
INSERT INTO "TrackElement" ("id") VALUES (286);
INSERT INTO "Segment" ("id", "length") VALUES (286, 186);
UPDATE "TrackElement" SET "region" = 183 WHERE "id" = 286;
INSERT INTO "monitoredBy" VALUES (286, 283);
INSERT INTO "TrackElement" ("id") VALUES (287);
INSERT INTO "Segment" ("id", "length") VALUES (287, 915);
UPDATE "TrackElement" SET "region" = 183 WHERE "id" = 287;
INSERT INTO "monitoredBy" VALUES (287, 283);
INSERT INTO "TrackElement" ("id") VALUES (288);
INSERT INTO "Segment" ("id", "length") VALUES (288, 303);
UPDATE "TrackElement" SET "region" = 183 WHERE "id" = 288;
INSERT INTO "monitoredBy" VALUES (288, 283);
INSERT INTO "Sensor" ("id") VALUES (289);
UPDATE "Sensor" SET "region" = 183 WHERE "id" = 289;
INSERT INTO "monitoredBy" VALUES (282, 289);
INSERT INTO "requires" VALUES (182, 289);
INSERT INTO "TrackElement" ("id") VALUES (290);
INSERT INTO "Segment" ("id", "length") VALUES (290, 31);
UPDATE "TrackElement" SET "region" = 183 WHERE "id" = 290;
INSERT INTO "monitoredBy" VALUES (290, 289);
INSERT INTO "TrackElement" ("id") VALUES (291);
INSERT INTO "Segment" ("id", "length") VALUES (291, 100);
UPDATE "TrackElement" SET "region" = 183 WHERE "id" = 291;
INSERT INTO "monitoredBy" VALUES (291, 289);
INSERT INTO "TrackElement" ("id") VALUES (292);
INSERT INTO "Segment" ("id", "length") VALUES (292, 741);
UPDATE "TrackElement" SET "region" = 183 WHERE "id" = 292;
INSERT INTO "monitoredBy" VALUES (292, 289);
INSERT INTO "TrackElement" ("id") VALUES (293);
INSERT INTO "Segment" ("id", "length") VALUES (293, 569);
UPDATE "TrackElement" SET "region" = 183 WHERE "id" = 293;
INSERT INTO "monitoredBy" VALUES (293, 289);
INSERT INTO "TrackElement" ("id") VALUES (294);
INSERT INTO "Segment" ("id", "length") VALUES (294, 881);
UPDATE "TrackElement" SET "region" = 183 WHERE "id" = 294;
INSERT INTO "monitoredBy" VALUES (294, 289);
INSERT INTO "Sensor" ("id") VALUES (295);
UPDATE "Sensor" SET "region" = 183 WHERE "id" = 295;
INSERT INTO "monitoredBy" VALUES (282, 295);
INSERT INTO "TrackElement" ("id") VALUES (296);
INSERT INTO "Segment" ("id", "length") VALUES (296, 838);
UPDATE "TrackElement" SET "region" = 183 WHERE "id" = 296;
INSERT INTO "monitoredBy" VALUES (296, 295);
INSERT INTO "TrackElement" ("id") VALUES (297);
INSERT INTO "Segment" ("id", "length") VALUES (297, 215);
UPDATE "TrackElement" SET "region" = 183 WHERE "id" = 297;
INSERT INTO "monitoredBy" VALUES (297, 295);
INSERT INTO "TrackElement" ("id") VALUES (298);
INSERT INTO "Segment" ("id", "length") VALUES (298, 845);
UPDATE "TrackElement" SET "region" = 183 WHERE "id" = 298;
INSERT INTO "monitoredBy" VALUES (298, 295);
INSERT INTO "TrackElement" ("id") VALUES (299);
INSERT INTO "Segment" ("id", "length") VALUES (299, 573);
UPDATE "TrackElement" SET "region" = 183 WHERE "id" = 299;
INSERT INTO "monitoredBy" VALUES (299, 295);
INSERT INTO "TrackElement" ("id") VALUES (300);
INSERT INTO "Segment" ("id", "length") VALUES (300, 475);
UPDATE "TrackElement" SET "region" = 183 WHERE "id" = 300;
INSERT INTO "monitoredBy" VALUES (300, 295);
INSERT INTO "Sensor" ("id") VALUES (301);
UPDATE "Sensor" SET "region" = 183 WHERE "id" = 301;
INSERT INTO "monitoredBy" VALUES (282, 301);
INSERT INTO "requires" VALUES (182, 301);
INSERT INTO "TrackElement" ("id") VALUES (302);
INSERT INTO "Segment" ("id", "length") VALUES (302, 723);
UPDATE "TrackElement" SET "region" = 183 WHERE "id" = 302;
INSERT INTO "monitoredBy" VALUES (302, 301);
INSERT INTO "TrackElement" ("id") VALUES (303);
INSERT INTO "Segment" ("id", "length") VALUES (303, 495);
UPDATE "TrackElement" SET "region" = 183 WHERE "id" = 303;
INSERT INTO "monitoredBy" VALUES (303, 301);
INSERT INTO "TrackElement" ("id") VALUES (304);
INSERT INTO "Segment" ("id", "length") VALUES (304, 123);
UPDATE "TrackElement" SET "region" = 183 WHERE "id" = 304;
INSERT INTO "monitoredBy" VALUES (304, 301);
INSERT INTO "TrackElement" ("id") VALUES (305);
INSERT INTO "Segment" ("id", "length") VALUES (305, 772);
UPDATE "TrackElement" SET "region" = 183 WHERE "id" = 305;
INSERT INTO "monitoredBy" VALUES (305, 301);
INSERT INTO "TrackElement" ("id") VALUES (306);
INSERT INTO "Segment" ("id", "length") VALUES (306, 769);
UPDATE "TrackElement" SET "region" = 183 WHERE "id" = 306;
INSERT INTO "monitoredBy" VALUES (306, 301);
INSERT INTO "Sensor" ("id") VALUES (307);
UPDATE "Sensor" SET "region" = 183 WHERE "id" = 307;
INSERT INTO "monitoredBy" VALUES (282, 307);
INSERT INTO "requires" VALUES (182, 307);
INSERT INTO "TrackElement" ("id") VALUES (308);
INSERT INTO "Segment" ("id", "length") VALUES (308, 456);
UPDATE "TrackElement" SET "region" = 183 WHERE "id" = 308;
INSERT INTO "monitoredBy" VALUES (308, 307);
INSERT INTO "TrackElement" ("id") VALUES (309);
INSERT INTO "Segment" ("id", "length") VALUES (309, 148);
UPDATE "TrackElement" SET "region" = 183 WHERE "id" = 309;
INSERT INTO "monitoredBy" VALUES (309, 307);
INSERT INTO "TrackElement" ("id") VALUES (310);
INSERT INTO "Segment" ("id", "length") VALUES (310, 922);
UPDATE "TrackElement" SET "region" = 183 WHERE "id" = 310;
INSERT INTO "monitoredBy" VALUES (310, 307);
INSERT INTO "TrackElement" ("id") VALUES (311);
INSERT INTO "Segment" ("id", "length") VALUES (311, 912);
UPDATE "TrackElement" SET "region" = 183 WHERE "id" = 311;
INSERT INTO "monitoredBy" VALUES (311, 307);
INSERT INTO "TrackElement" ("id") VALUES (312);
INSERT INTO "Segment" ("id", "length") VALUES (312, -451);
UPDATE "TrackElement" SET "region" = 183 WHERE "id" = 312;
INSERT INTO "monitoredBy" VALUES (312, 307);
UPDATE "Switch" SET "currentPosition" = 2 WHERE "id" = 282;
INSERT INTO "SwitchPosition" ("id", "position", "target") VALUES (313, 2, 282);
UPDATE "SwitchPosition" SET "route" = 182 WHERE "id" = 313;
INSERT INTO "TrackElement" ("id") VALUES (314);
INSERT INTO "Switch" ("id") VALUES (314);
UPDATE "TrackElement" SET "region" = 183 WHERE "id" = 314;
INSERT INTO "Sensor" ("id") VALUES (315);
UPDATE "Sensor" SET "region" = 183 WHERE "id" = 315;
INSERT INTO "monitoredBy" VALUES (314, 315);
INSERT INTO "requires" VALUES (182, 315);
INSERT INTO "TrackElement" ("id") VALUES (316);
INSERT INTO "Segment" ("id", "length") VALUES (316, 998);
UPDATE "TrackElement" SET "region" = 183 WHERE "id" = 316;
INSERT INTO "monitoredBy" VALUES (316, 315);
INSERT INTO "TrackElement" ("id") VALUES (317);
INSERT INTO "Segment" ("id", "length") VALUES (317, 638);
UPDATE "TrackElement" SET "region" = 183 WHERE "id" = 317;
INSERT INTO "monitoredBy" VALUES (317, 315);
INSERT INTO "TrackElement" ("id") VALUES (318);
INSERT INTO "Segment" ("id", "length") VALUES (318, 669);
UPDATE "TrackElement" SET "region" = 183 WHERE "id" = 318;
INSERT INTO "monitoredBy" VALUES (318, 315);
INSERT INTO "TrackElement" ("id") VALUES (319);
INSERT INTO "Segment" ("id", "length") VALUES (319, 546);
UPDATE "TrackElement" SET "region" = 183 WHERE "id" = 319;
INSERT INTO "monitoredBy" VALUES (319, 315);
INSERT INTO "TrackElement" ("id") VALUES (320);
INSERT INTO "Segment" ("id", "length") VALUES (320, 443);
UPDATE "TrackElement" SET "region" = 183 WHERE "id" = 320;
INSERT INTO "monitoredBy" VALUES (320, 315);
INSERT INTO "Sensor" ("id") VALUES (321);
UPDATE "Sensor" SET "region" = 183 WHERE "id" = 321;
INSERT INTO "monitoredBy" VALUES (314, 321);
INSERT INTO "requires" VALUES (182, 321);
INSERT INTO "TrackElement" ("id") VALUES (322);
INSERT INTO "Segment" ("id", "length") VALUES (322, 827);
UPDATE "TrackElement" SET "region" = 183 WHERE "id" = 322;
INSERT INTO "monitoredBy" VALUES (322, 321);
INSERT INTO "TrackElement" ("id") VALUES (323);
INSERT INTO "Segment" ("id", "length") VALUES (323, 941);
UPDATE "TrackElement" SET "region" = 183 WHERE "id" = 323;
INSERT INTO "monitoredBy" VALUES (323, 321);
INSERT INTO "TrackElement" ("id") VALUES (324);
INSERT INTO "Segment" ("id", "length") VALUES (324, 26);
UPDATE "TrackElement" SET "region" = 183 WHERE "id" = 324;
INSERT INTO "monitoredBy" VALUES (324, 321);
INSERT INTO "TrackElement" ("id") VALUES (325);
INSERT INTO "Segment" ("id", "length") VALUES (325, 939);
UPDATE "TrackElement" SET "region" = 183 WHERE "id" = 325;
INSERT INTO "monitoredBy" VALUES (325, 321);
INSERT INTO "TrackElement" ("id") VALUES (326);
INSERT INTO "Segment" ("id", "length") VALUES (326, 703);
UPDATE "TrackElement" SET "region" = 183 WHERE "id" = 326;
INSERT INTO "monitoredBy" VALUES (326, 321);
INSERT INTO "Sensor" ("id") VALUES (327);
UPDATE "Sensor" SET "region" = 183 WHERE "id" = 327;
INSERT INTO "monitoredBy" VALUES (314, 327);
INSERT INTO "requires" VALUES (182, 327);
INSERT INTO "TrackElement" ("id") VALUES (328);
INSERT INTO "Segment" ("id", "length") VALUES (328, 236);
UPDATE "TrackElement" SET "region" = 183 WHERE "id" = 328;
INSERT INTO "monitoredBy" VALUES (328, 327);
INSERT INTO "TrackElement" ("id") VALUES (329);
INSERT INTO "Segment" ("id", "length") VALUES (329, 994);
UPDATE "TrackElement" SET "region" = 183 WHERE "id" = 329;
INSERT INTO "monitoredBy" VALUES (329, 327);
INSERT INTO "TrackElement" ("id") VALUES (330);
INSERT INTO "Segment" ("id", "length") VALUES (330, 837);
UPDATE "TrackElement" SET "region" = 183 WHERE "id" = 330;
INSERT INTO "monitoredBy" VALUES (330, 327);
INSERT INTO "TrackElement" ("id") VALUES (331);
INSERT INTO "Segment" ("id", "length") VALUES (331, 479);
UPDATE "TrackElement" SET "region" = 183 WHERE "id" = 331;
INSERT INTO "monitoredBy" VALUES (331, 327);
INSERT INTO "TrackElement" ("id") VALUES (332);
INSERT INTO "Segment" ("id", "length") VALUES (332, 297);
UPDATE "TrackElement" SET "region" = 183 WHERE "id" = 332;
INSERT INTO "monitoredBy" VALUES (332, 327);
INSERT INTO "Sensor" ("id") VALUES (333);
UPDATE "Sensor" SET "region" = 183 WHERE "id" = 333;
INSERT INTO "monitoredBy" VALUES (314, 333);
INSERT INTO "requires" VALUES (182, 333);
INSERT INTO "TrackElement" ("id") VALUES (334);
INSERT INTO "Segment" ("id", "length") VALUES (334, 283);
UPDATE "TrackElement" SET "region" = 183 WHERE "id" = 334;
INSERT INTO "monitoredBy" VALUES (334, 333);
INSERT INTO "TrackElement" ("id") VALUES (335);
INSERT INTO "Segment" ("id", "length") VALUES (335, 52);
UPDATE "TrackElement" SET "region" = 183 WHERE "id" = 335;
INSERT INTO "monitoredBy" VALUES (335, 333);
INSERT INTO "TrackElement" ("id") VALUES (336);
INSERT INTO "Segment" ("id", "length") VALUES (336, 694);
UPDATE "TrackElement" SET "region" = 183 WHERE "id" = 336;
INSERT INTO "monitoredBy" VALUES (336, 333);
INSERT INTO "TrackElement" ("id") VALUES (337);
INSERT INTO "Segment" ("id", "length") VALUES (337, 895);
UPDATE "TrackElement" SET "region" = 183 WHERE "id" = 337;
INSERT INTO "monitoredBy" VALUES (337, 333);
INSERT INTO "TrackElement" ("id") VALUES (338);
INSERT INTO "Segment" ("id", "length") VALUES (338, 140);
UPDATE "TrackElement" SET "region" = 183 WHERE "id" = 338;
INSERT INTO "monitoredBy" VALUES (338, 333);
INSERT INTO "Sensor" ("id") VALUES (339);
UPDATE "Sensor" SET "region" = 183 WHERE "id" = 339;
INSERT INTO "monitoredBy" VALUES (314, 339);
INSERT INTO "requires" VALUES (182, 339);
INSERT INTO "TrackElement" ("id") VALUES (340);
INSERT INTO "Segment" ("id", "length") VALUES (340, 57);
UPDATE "TrackElement" SET "region" = 183 WHERE "id" = 340;
INSERT INTO "monitoredBy" VALUES (340, 339);
INSERT INTO "TrackElement" ("id") VALUES (341);
INSERT INTO "Segment" ("id", "length") VALUES (341, 250);
UPDATE "TrackElement" SET "region" = 183 WHERE "id" = 341;
INSERT INTO "monitoredBy" VALUES (341, 339);
INSERT INTO "TrackElement" ("id") VALUES (342);
INSERT INTO "Segment" ("id", "length") VALUES (342, 935);
UPDATE "TrackElement" SET "region" = 183 WHERE "id" = 342;
INSERT INTO "monitoredBy" VALUES (342, 339);
INSERT INTO "TrackElement" ("id") VALUES (343);
INSERT INTO "Segment" ("id", "length") VALUES (343, 235);
UPDATE "TrackElement" SET "region" = 183 WHERE "id" = 343;
INSERT INTO "monitoredBy" VALUES (343, 339);
INSERT INTO "TrackElement" ("id") VALUES (344);
INSERT INTO "Segment" ("id", "length") VALUES (344, 326);
UPDATE "TrackElement" SET "region" = 183 WHERE "id" = 344;
INSERT INTO "monitoredBy" VALUES (344, 339);
INSERT INTO "Sensor" ("id") VALUES (345);
UPDATE "Sensor" SET "region" = 183 WHERE "id" = 345;
INSERT INTO "monitoredBy" VALUES (314, 345);
INSERT INTO "requires" VALUES (182, 345);
INSERT INTO "TrackElement" ("id") VALUES (346);
INSERT INTO "Segment" ("id", "length") VALUES (346, 392);
UPDATE "TrackElement" SET "region" = 183 WHERE "id" = 346;
INSERT INTO "monitoredBy" VALUES (346, 345);
INSERT INTO "TrackElement" ("id") VALUES (347);
INSERT INTO "Segment" ("id", "length") VALUES (347, 628);
UPDATE "TrackElement" SET "region" = 183 WHERE "id" = 347;
INSERT INTO "monitoredBy" VALUES (347, 345);
INSERT INTO "TrackElement" ("id") VALUES (348);
INSERT INTO "Segment" ("id", "length") VALUES (348, 558);
UPDATE "TrackElement" SET "region" = 183 WHERE "id" = 348;
INSERT INTO "monitoredBy" VALUES (348, 345);
INSERT INTO "TrackElement" ("id") VALUES (349);
INSERT INTO "Segment" ("id", "length") VALUES (349, 110);
UPDATE "TrackElement" SET "region" = 183 WHERE "id" = 349;
INSERT INTO "monitoredBy" VALUES (349, 345);
INSERT INTO "TrackElement" ("id") VALUES (350);
INSERT INTO "Segment" ("id", "length") VALUES (350, 30);
UPDATE "TrackElement" SET "region" = 183 WHERE "id" = 350;
INSERT INTO "monitoredBy" VALUES (350, 345);
INSERT INTO "Sensor" ("id") VALUES (351);
UPDATE "Sensor" SET "region" = 183 WHERE "id" = 351;
INSERT INTO "monitoredBy" VALUES (314, 351);
INSERT INTO "TrackElement" ("id") VALUES (352);
INSERT INTO "Segment" ("id", "length") VALUES (352, 351);
UPDATE "TrackElement" SET "region" = 183 WHERE "id" = 352;
INSERT INTO "monitoredBy" VALUES (352, 351);
INSERT INTO "TrackElement" ("id") VALUES (353);
INSERT INTO "Segment" ("id", "length") VALUES (353, 54);
UPDATE "TrackElement" SET "region" = 183 WHERE "id" = 353;
INSERT INTO "monitoredBy" VALUES (353, 351);
INSERT INTO "TrackElement" ("id") VALUES (354);
INSERT INTO "Segment" ("id", "length") VALUES (354, 509);
UPDATE "TrackElement" SET "region" = 183 WHERE "id" = 354;
INSERT INTO "monitoredBy" VALUES (354, 351);
INSERT INTO "TrackElement" ("id") VALUES (355);
INSERT INTO "Segment" ("id", "length") VALUES (355, 196);
UPDATE "TrackElement" SET "region" = 183 WHERE "id" = 355;
INSERT INTO "monitoredBy" VALUES (355, 351);
INSERT INTO "TrackElement" ("id") VALUES (356);
INSERT INTO "Segment" ("id", "length") VALUES (356, 675);
UPDATE "TrackElement" SET "region" = 183 WHERE "id" = 356;
INSERT INTO "monitoredBy" VALUES (356, 351);
UPDATE "Switch" SET "currentPosition" = 2 WHERE "id" = 314;
INSERT INTO "SwitchPosition" ("id", "position", "target") VALUES (357, 2, 314);
UPDATE "SwitchPosition" SET "route" = 182 WHERE "id" = 357;
INSERT INTO "TrackElement" ("id") VALUES (358);
INSERT INTO "Switch" ("id") VALUES (358);
UPDATE "TrackElement" SET "region" = 183 WHERE "id" = 358;
INSERT INTO "Sensor" ("id") VALUES (359);
UPDATE "Sensor" SET "region" = 183 WHERE "id" = 359;
INSERT INTO "monitoredBy" VALUES (358, 359);
INSERT INTO "requires" VALUES (182, 359);
INSERT INTO "TrackElement" ("id") VALUES (360);
INSERT INTO "Segment" ("id", "length") VALUES (360, 5);
UPDATE "TrackElement" SET "region" = 183 WHERE "id" = 360;
INSERT INTO "monitoredBy" VALUES (360, 359);
INSERT INTO "TrackElement" ("id") VALUES (361);
INSERT INTO "Segment" ("id", "length") VALUES (361, 682);
UPDATE "TrackElement" SET "region" = 183 WHERE "id" = 361;
INSERT INTO "monitoredBy" VALUES (361, 359);
INSERT INTO "TrackElement" ("id") VALUES (362);
INSERT INTO "Segment" ("id", "length") VALUES (362, 76);
UPDATE "TrackElement" SET "region" = 183 WHERE "id" = 362;
INSERT INTO "monitoredBy" VALUES (362, 359);
INSERT INTO "TrackElement" ("id") VALUES (363);
INSERT INTO "Segment" ("id", "length") VALUES (363, 169);
UPDATE "TrackElement" SET "region" = 183 WHERE "id" = 363;
INSERT INTO "monitoredBy" VALUES (363, 359);
INSERT INTO "TrackElement" ("id") VALUES (364);
INSERT INTO "Segment" ("id", "length") VALUES (364, 171);
UPDATE "TrackElement" SET "region" = 183 WHERE "id" = 364;
INSERT INTO "monitoredBy" VALUES (364, 359);
INSERT INTO "Sensor" ("id") VALUES (365);
UPDATE "Sensor" SET "region" = 183 WHERE "id" = 365;
INSERT INTO "monitoredBy" VALUES (358, 365);
INSERT INTO "requires" VALUES (182, 365);
INSERT INTO "TrackElement" ("id") VALUES (366);
INSERT INTO "Segment" ("id", "length") VALUES (366, 726);
UPDATE "TrackElement" SET "region" = 183 WHERE "id" = 366;
INSERT INTO "monitoredBy" VALUES (366, 365);
INSERT INTO "TrackElement" ("id") VALUES (367);
INSERT INTO "Segment" ("id", "length") VALUES (367, 421);
UPDATE "TrackElement" SET "region" = 183 WHERE "id" = 367;
INSERT INTO "monitoredBy" VALUES (367, 365);
INSERT INTO "TrackElement" ("id") VALUES (368);
INSERT INTO "Segment" ("id", "length") VALUES (368, 188);
UPDATE "TrackElement" SET "region" = 183 WHERE "id" = 368;
INSERT INTO "monitoredBy" VALUES (368, 365);
INSERT INTO "TrackElement" ("id") VALUES (369);
INSERT INTO "Segment" ("id", "length") VALUES (369, 149);
UPDATE "TrackElement" SET "region" = 183 WHERE "id" = 369;
INSERT INTO "monitoredBy" VALUES (369, 365);
INSERT INTO "TrackElement" ("id") VALUES (370);
INSERT INTO "Segment" ("id", "length") VALUES (370, 413);
UPDATE "TrackElement" SET "region" = 183 WHERE "id" = 370;
INSERT INTO "monitoredBy" VALUES (370, 365);
INSERT INTO "Sensor" ("id") VALUES (371);
UPDATE "Sensor" SET "region" = 183 WHERE "id" = 371;
INSERT INTO "monitoredBy" VALUES (358, 371);
INSERT INTO "requires" VALUES (182, 371);
INSERT INTO "TrackElement" ("id") VALUES (372);
INSERT INTO "Segment" ("id", "length") VALUES (372, 531);
UPDATE "TrackElement" SET "region" = 183 WHERE "id" = 372;
INSERT INTO "monitoredBy" VALUES (372, 371);
INSERT INTO "TrackElement" ("id") VALUES (373);
INSERT INTO "Segment" ("id", "length") VALUES (373, 36);
UPDATE "TrackElement" SET "region" = 183 WHERE "id" = 373;
INSERT INTO "monitoredBy" VALUES (373, 371);
INSERT INTO "TrackElement" ("id") VALUES (374);
INSERT INTO "Segment" ("id", "length") VALUES (374, 578);
UPDATE "TrackElement" SET "region" = 183 WHERE "id" = 374;
INSERT INTO "monitoredBy" VALUES (374, 371);
INSERT INTO "TrackElement" ("id") VALUES (375);
INSERT INTO "Segment" ("id", "length") VALUES (375, 322);
UPDATE "TrackElement" SET "region" = 183 WHERE "id" = 375;
INSERT INTO "monitoredBy" VALUES (375, 371);
INSERT INTO "TrackElement" ("id") VALUES (376);
INSERT INTO "Segment" ("id", "length") VALUES (376, 563);
UPDATE "TrackElement" SET "region" = 183 WHERE "id" = 376;
INSERT INTO "monitoredBy" VALUES (376, 371);
INSERT INTO "Sensor" ("id") VALUES (377);
UPDATE "Sensor" SET "region" = 183 WHERE "id" = 377;
INSERT INTO "monitoredBy" VALUES (358, 377);
INSERT INTO "requires" VALUES (182, 377);
INSERT INTO "TrackElement" ("id") VALUES (378);
INSERT INTO "Segment" ("id", "length") VALUES (378, 252);
UPDATE "TrackElement" SET "region" = 183 WHERE "id" = 378;
INSERT INTO "monitoredBy" VALUES (378, 377);
INSERT INTO "TrackElement" ("id") VALUES (379);
INSERT INTO "Segment" ("id", "length") VALUES (379, 611);
UPDATE "TrackElement" SET "region" = 183 WHERE "id" = 379;
INSERT INTO "monitoredBy" VALUES (379, 377);
INSERT INTO "TrackElement" ("id") VALUES (380);
INSERT INTO "Segment" ("id", "length") VALUES (380, 98);
UPDATE "TrackElement" SET "region" = 183 WHERE "id" = 380;
INSERT INTO "monitoredBy" VALUES (380, 377);
INSERT INTO "TrackElement" ("id") VALUES (381);
INSERT INTO "Segment" ("id", "length") VALUES (381, 107);
UPDATE "TrackElement" SET "region" = 183 WHERE "id" = 381;
INSERT INTO "monitoredBy" VALUES (381, 377);
INSERT INTO "TrackElement" ("id") VALUES (382);
INSERT INTO "Segment" ("id", "length") VALUES (382, 360);
UPDATE "TrackElement" SET "region" = 183 WHERE "id" = 382;
INSERT INTO "monitoredBy" VALUES (382, 377);
UPDATE "Switch" SET "currentPosition" = 2 WHERE "id" = 358;
INSERT INTO "SwitchPosition" ("id", "position", "target") VALUES (383, 0, 358);
UPDATE "SwitchPosition" SET "route" = 182 WHERE "id" = 383;
INSERT INTO "connectsTo" VALUES (184, 186);
INSERT INTO "connectsTo" VALUES (186, 187);
INSERT INTO "connectsTo" VALUES (187, 188);
INSERT INTO "connectsTo" VALUES (188, 189);
INSERT INTO "connectsTo" VALUES (189, 190);
INSERT INTO "connectsTo" VALUES (190, 192);
INSERT INTO "connectsTo" VALUES (192, 193);
INSERT INTO "connectsTo" VALUES (193, 194);
INSERT INTO "connectsTo" VALUES (194, 195);
INSERT INTO "connectsTo" VALUES (195, 196);
INSERT INTO "connectsTo" VALUES (196, 198);
INSERT INTO "connectsTo" VALUES (198, 199);
INSERT INTO "connectsTo" VALUES (199, 200);
INSERT INTO "connectsTo" VALUES (200, 201);
INSERT INTO "connectsTo" VALUES (201, 202);
INSERT INTO "connectsTo" VALUES (202, 204);
INSERT INTO "connectsTo" VALUES (204, 205);
INSERT INTO "connectsTo" VALUES (205, 206);
INSERT INTO "connectsTo" VALUES (206, 207);
INSERT INTO "connectsTo" VALUES (207, 208);
INSERT INTO "connectsTo" VALUES (208, 210);
INSERT INTO "connectsTo" VALUES (210, 211);
INSERT INTO "connectsTo" VALUES (211, 212);
INSERT INTO "connectsTo" VALUES (212, 213);
INSERT INTO "connectsTo" VALUES (213, 214);
INSERT INTO "connectsTo" VALUES (214, 216);
INSERT INTO "connectsTo" VALUES (216, 217);
INSERT INTO "connectsTo" VALUES (217, 218);
INSERT INTO "connectsTo" VALUES (218, 219);
INSERT INTO "connectsTo" VALUES (219, 220);
INSERT INTO "connectsTo" VALUES (220, 222);
INSERT INTO "connectsTo" VALUES (222, 223);
INSERT INTO "connectsTo" VALUES (223, 224);
INSERT INTO "connectsTo" VALUES (224, 225);
INSERT INTO "connectsTo" VALUES (225, 226);
INSERT INTO "connectsTo" VALUES (226, 228);
INSERT INTO "connectsTo" VALUES (228, 230);
INSERT INTO "connectsTo" VALUES (230, 231);
INSERT INTO "connectsTo" VALUES (231, 232);
INSERT INTO "connectsTo" VALUES (232, 233);
INSERT INTO "connectsTo" VALUES (233, 234);
INSERT INTO "connectsTo" VALUES (234, 236);
INSERT INTO "connectsTo" VALUES (236, 238);
INSERT INTO "connectsTo" VALUES (238, 239);
INSERT INTO "connectsTo" VALUES (239, 240);
INSERT INTO "connectsTo" VALUES (240, 241);
INSERT INTO "connectsTo" VALUES (241, 242);
INSERT INTO "connectsTo" VALUES (242, 244);
INSERT INTO "connectsTo" VALUES (244, 245);
INSERT INTO "connectsTo" VALUES (245, 246);
INSERT INTO "connectsTo" VALUES (246, 247);
INSERT INTO "connectsTo" VALUES (247, 248);
INSERT INTO "connectsTo" VALUES (248, 250);
INSERT INTO "connectsTo" VALUES (250, 251);
INSERT INTO "connectsTo" VALUES (251, 252);
INSERT INTO "connectsTo" VALUES (252, 253);
INSERT INTO "connectsTo" VALUES (253, 254);
INSERT INTO "connectsTo" VALUES (254, 256);
INSERT INTO "connectsTo" VALUES (256, 257);
INSERT INTO "connectsTo" VALUES (257, 258);
INSERT INTO "connectsTo" VALUES (258, 259);
INSERT INTO "connectsTo" VALUES (259, 260);
INSERT INTO "connectsTo" VALUES (260, 262);
INSERT INTO "connectsTo" VALUES (262, 264);
INSERT INTO "connectsTo" VALUES (264, 265);
INSERT INTO "connectsTo" VALUES (265, 266);
INSERT INTO "connectsTo" VALUES (266, 267);
INSERT INTO "connectsTo" VALUES (267, 268);
INSERT INTO "connectsTo" VALUES (268, 270);
INSERT INTO "connectsTo" VALUES (270, 271);
INSERT INTO "connectsTo" VALUES (271, 272);
INSERT INTO "connectsTo" VALUES (272, 273);
INSERT INTO "connectsTo" VALUES (273, 274);
INSERT INTO "connectsTo" VALUES (274, 276);
INSERT INTO "connectsTo" VALUES (276, 277);
INSERT INTO "connectsTo" VALUES (277, 278);
INSERT INTO "connectsTo" VALUES (278, 279);
INSERT INTO "connectsTo" VALUES (279, 280);
INSERT INTO "connectsTo" VALUES (280, 282);
INSERT INTO "connectsTo" VALUES (282, 284);
INSERT INTO "connectsTo" VALUES (284, 285);
INSERT INTO "connectsTo" VALUES (285, 286);
INSERT INTO "connectsTo" VALUES (286, 287);
INSERT INTO "connectsTo" VALUES (287, 288);
INSERT INTO "connectsTo" VALUES (288, 290);
INSERT INTO "connectsTo" VALUES (290, 291);
INSERT INTO "connectsTo" VALUES (291, 292);
INSERT INTO "connectsTo" VALUES (292, 293);
INSERT INTO "connectsTo" VALUES (293, 294);
INSERT INTO "connectsTo" VALUES (294, 296);
INSERT INTO "connectsTo" VALUES (296, 297);
INSERT INTO "connectsTo" VALUES (297, 298);
INSERT INTO "connectsTo" VALUES (298, 299);
INSERT INTO "connectsTo" VALUES (299, 300);
INSERT INTO "connectsTo" VALUES (300, 302);
INSERT INTO "connectsTo" VALUES (302, 303);
INSERT INTO "connectsTo" VALUES (303, 304);
INSERT INTO "connectsTo" VALUES (304, 305);
INSERT INTO "connectsTo" VALUES (305, 306);
INSERT INTO "connectsTo" VALUES (306, 308);
INSERT INTO "connectsTo" VALUES (308, 309);
INSERT INTO "connectsTo" VALUES (309, 310);
INSERT INTO "connectsTo" VALUES (310, 311);
INSERT INTO "connectsTo" VALUES (311, 312);
INSERT INTO "connectsTo" VALUES (312, 314);
INSERT INTO "connectsTo" VALUES (314, 316);
INSERT INTO "connectsTo" VALUES (316, 317);
INSERT INTO "connectsTo" VALUES (317, 318);
INSERT INTO "connectsTo" VALUES (318, 319);
INSERT INTO "connectsTo" VALUES (319, 320);
INSERT INTO "connectsTo" VALUES (320, 322);
INSERT INTO "connectsTo" VALUES (322, 323);
INSERT INTO "connectsTo" VALUES (323, 324);
INSERT INTO "connectsTo" VALUES (324, 325);
INSERT INTO "connectsTo" VALUES (325, 326);
INSERT INTO "connectsTo" VALUES (326, 328);
INSERT INTO "connectsTo" VALUES (328, 329);
INSERT INTO "connectsTo" VALUES (329, 330);
INSERT INTO "connectsTo" VALUES (330, 331);
INSERT INTO "connectsTo" VALUES (331, 332);
INSERT INTO "connectsTo" VALUES (332, 334);
INSERT INTO "connectsTo" VALUES (334, 335);
INSERT INTO "connectsTo" VALUES (335, 336);
INSERT INTO "connectsTo" VALUES (336, 337);
INSERT INTO "connectsTo" VALUES (337, 338);
INSERT INTO "connectsTo" VALUES (338, 340);
INSERT INTO "connectsTo" VALUES (340, 341);
INSERT INTO "connectsTo" VALUES (341, 342);
INSERT INTO "connectsTo" VALUES (342, 343);
INSERT INTO "connectsTo" VALUES (343, 344);
INSERT INTO "connectsTo" VALUES (344, 346);
INSERT INTO "connectsTo" VALUES (346, 347);
INSERT INTO "connectsTo" VALUES (347, 348);
INSERT INTO "connectsTo" VALUES (348, 349);
INSERT INTO "connectsTo" VALUES (349, 350);
INSERT INTO "connectsTo" VALUES (350, 352);
INSERT INTO "connectsTo" VALUES (352, 353);
INSERT INTO "connectsTo" VALUES (353, 354);
INSERT INTO "connectsTo" VALUES (354, 355);
INSERT INTO "connectsTo" VALUES (355, 356);
INSERT INTO "connectsTo" VALUES (356, 358);
INSERT INTO "connectsTo" VALUES (358, 360);
INSERT INTO "connectsTo" VALUES (360, 361);
INSERT INTO "connectsTo" VALUES (361, 362);
INSERT INTO "connectsTo" VALUES (362, 363);
INSERT INTO "connectsTo" VALUES (363, 364);
INSERT INTO "connectsTo" VALUES (364, 366);
INSERT INTO "connectsTo" VALUES (366, 367);
INSERT INTO "connectsTo" VALUES (367, 368);
INSERT INTO "connectsTo" VALUES (368, 369);
INSERT INTO "connectsTo" VALUES (369, 370);
INSERT INTO "connectsTo" VALUES (370, 372);
INSERT INTO "connectsTo" VALUES (372, 373);
INSERT INTO "connectsTo" VALUES (373, 374);
INSERT INTO "connectsTo" VALUES (374, 375);
INSERT INTO "connectsTo" VALUES (375, 376);
INSERT INTO "connectsTo" VALUES (376, 378);
INSERT INTO "connectsTo" VALUES (378, 379);
INSERT INTO "connectsTo" VALUES (379, 380);
INSERT INTO "connectsTo" VALUES (380, 381);
INSERT INTO "connectsTo" VALUES (381, 382);
INSERT INTO "connectsTo" VALUES (179, 184);
INSERT INTO "Route" ("id", "active", "entry", "exit") VALUES (384, 1, 181, 1);
INSERT INTO "Region" ("id") VALUES (385);
INSERT INTO "TrackElement" ("id") VALUES (386);
INSERT INTO "Switch" ("id") VALUES (386);
UPDATE "TrackElement" SET "region" = 385 WHERE "id" = 386;
INSERT INTO "Sensor" ("id") VALUES (387);
UPDATE "Sensor" SET "region" = 385 WHERE "id" = 387;
INSERT INTO "monitoredBy" VALUES (386, 387);
INSERT INTO "requires" VALUES (384, 387);
INSERT INTO "TrackElement" ("id") VALUES (388);
INSERT INTO "Segment" ("id", "length") VALUES (388, 296);
UPDATE "TrackElement" SET "region" = 385 WHERE "id" = 388;
INSERT INTO "monitoredBy" VALUES (388, 387);
UPDATE "Semaphore" SET "segment" = 388 WHERE "id" = 1;
INSERT INTO "TrackElement" ("id") VALUES (389);
INSERT INTO "Segment" ("id", "length") VALUES (389, -684);
UPDATE "TrackElement" SET "region" = 385 WHERE "id" = 389;
INSERT INTO "monitoredBy" VALUES (389, 387);
INSERT INTO "TrackElement" ("id") VALUES (390);
INSERT INTO "Segment" ("id", "length") VALUES (390, 810);
UPDATE "TrackElement" SET "region" = 385 WHERE "id" = 390;
INSERT INTO "monitoredBy" VALUES (390, 387);
INSERT INTO "TrackElement" ("id") VALUES (391);
INSERT INTO "Segment" ("id", "length") VALUES (391, 659);
UPDATE "TrackElement" SET "region" = 385 WHERE "id" = 391;
INSERT INTO "monitoredBy" VALUES (391, 387);
INSERT INTO "TrackElement" ("id") VALUES (392);
INSERT INTO "Segment" ("id", "length") VALUES (392, 630);
UPDATE "TrackElement" SET "region" = 385 WHERE "id" = 392;
INSERT INTO "monitoredBy" VALUES (392, 387);
INSERT INTO "Sensor" ("id") VALUES (393);
UPDATE "Sensor" SET "region" = 385 WHERE "id" = 393;
INSERT INTO "monitoredBy" VALUES (386, 393);
INSERT INTO "requires" VALUES (384, 393);
INSERT INTO "TrackElement" ("id") VALUES (394);
INSERT INTO "Segment" ("id", "length") VALUES (394, 605);
UPDATE "TrackElement" SET "region" = 385 WHERE "id" = 394;
INSERT INTO "monitoredBy" VALUES (394, 393);
INSERT INTO "TrackElement" ("id") VALUES (395);
INSERT INTO "Segment" ("id", "length") VALUES (395, 501);
UPDATE "TrackElement" SET "region" = 385 WHERE "id" = 395;
INSERT INTO "monitoredBy" VALUES (395, 393);
INSERT INTO "TrackElement" ("id") VALUES (396);
INSERT INTO "Segment" ("id", "length") VALUES (396, 555);
UPDATE "TrackElement" SET "region" = 385 WHERE "id" = 396;
INSERT INTO "monitoredBy" VALUES (396, 393);
INSERT INTO "TrackElement" ("id") VALUES (397);
INSERT INTO "Segment" ("id", "length") VALUES (397, 368);
UPDATE "TrackElement" SET "region" = 385 WHERE "id" = 397;
INSERT INTO "monitoredBy" VALUES (397, 393);
INSERT INTO "TrackElement" ("id") VALUES (398);
INSERT INTO "Segment" ("id", "length") VALUES (398, 777);
UPDATE "TrackElement" SET "region" = 385 WHERE "id" = 398;
INSERT INTO "monitoredBy" VALUES (398, 393);
INSERT INTO "Sensor" ("id") VALUES (399);
UPDATE "Sensor" SET "region" = 385 WHERE "id" = 399;
INSERT INTO "monitoredBy" VALUES (386, 399);
INSERT INTO "requires" VALUES (384, 399);
INSERT INTO "TrackElement" ("id") VALUES (400);
INSERT INTO "Segment" ("id", "length") VALUES (400, 520);
UPDATE "TrackElement" SET "region" = 385 WHERE "id" = 400;
INSERT INTO "monitoredBy" VALUES (400, 399);
INSERT INTO "TrackElement" ("id") VALUES (401);
INSERT INTO "Segment" ("id", "length") VALUES (401, 585);
UPDATE "TrackElement" SET "region" = 385 WHERE "id" = 401;
INSERT INTO "monitoredBy" VALUES (401, 399);
INSERT INTO "TrackElement" ("id") VALUES (402);
INSERT INTO "Segment" ("id", "length") VALUES (402, 11);
UPDATE "TrackElement" SET "region" = 385 WHERE "id" = 402;
INSERT INTO "monitoredBy" VALUES (402, 399);
INSERT INTO "TrackElement" ("id") VALUES (403);
INSERT INTO "Segment" ("id", "length") VALUES (403, 287);
UPDATE "TrackElement" SET "region" = 385 WHERE "id" = 403;
INSERT INTO "monitoredBy" VALUES (403, 399);
INSERT INTO "TrackElement" ("id") VALUES (404);
INSERT INTO "Segment" ("id", "length") VALUES (404, 947);
UPDATE "TrackElement" SET "region" = 385 WHERE "id" = 404;
INSERT INTO "monitoredBy" VALUES (404, 399);
INSERT INTO "Sensor" ("id") VALUES (405);
UPDATE "Sensor" SET "region" = 385 WHERE "id" = 405;
INSERT INTO "monitoredBy" VALUES (386, 405);
INSERT INTO "requires" VALUES (384, 405);
INSERT INTO "TrackElement" ("id") VALUES (406);
INSERT INTO "Segment" ("id", "length") VALUES (406, 867);
UPDATE "TrackElement" SET "region" = 385 WHERE "id" = 406;
INSERT INTO "monitoredBy" VALUES (406, 405);
INSERT INTO "TrackElement" ("id") VALUES (407);
INSERT INTO "Segment" ("id", "length") VALUES (407, 940);
UPDATE "TrackElement" SET "region" = 385 WHERE "id" = 407;
INSERT INTO "monitoredBy" VALUES (407, 405);
INSERT INTO "TrackElement" ("id") VALUES (408);
INSERT INTO "Segment" ("id", "length") VALUES (408, 965);
UPDATE "TrackElement" SET "region" = 385 WHERE "id" = 408;
INSERT INTO "monitoredBy" VALUES (408, 405);
INSERT INTO "TrackElement" ("id") VALUES (409);
INSERT INTO "Segment" ("id", "length") VALUES (409, -378);
UPDATE "TrackElement" SET "region" = 385 WHERE "id" = 409;
INSERT INTO "monitoredBy" VALUES (409, 405);
INSERT INTO "TrackElement" ("id") VALUES (410);
INSERT INTO "Segment" ("id", "length") VALUES (410, 268);
UPDATE "TrackElement" SET "region" = 385 WHERE "id" = 410;
INSERT INTO "monitoredBy" VALUES (410, 405);
INSERT INTO "Sensor" ("id") VALUES (411);
UPDATE "Sensor" SET "region" = 385 WHERE "id" = 411;
INSERT INTO "monitoredBy" VALUES (386, 411);
INSERT INTO "requires" VALUES (384, 411);
INSERT INTO "TrackElement" ("id") VALUES (412);
INSERT INTO "Segment" ("id", "length") VALUES (412, -144);
UPDATE "TrackElement" SET "region" = 385 WHERE "id" = 412;
INSERT INTO "monitoredBy" VALUES (412, 411);
INSERT INTO "TrackElement" ("id") VALUES (413);
INSERT INTO "Segment" ("id", "length") VALUES (413, 43);
UPDATE "TrackElement" SET "region" = 385 WHERE "id" = 413;
INSERT INTO "monitoredBy" VALUES (413, 411);
INSERT INTO "TrackElement" ("id") VALUES (414);
INSERT INTO "Segment" ("id", "length") VALUES (414, 938);
UPDATE "TrackElement" SET "region" = 385 WHERE "id" = 414;
INSERT INTO "monitoredBy" VALUES (414, 411);
INSERT INTO "TrackElement" ("id") VALUES (415);
INSERT INTO "Segment" ("id", "length") VALUES (415, 693);
UPDATE "TrackElement" SET "region" = 385 WHERE "id" = 415;
INSERT INTO "monitoredBy" VALUES (415, 411);
INSERT INTO "TrackElement" ("id") VALUES (416);
INSERT INTO "Segment" ("id", "length") VALUES (416, 813);
UPDATE "TrackElement" SET "region" = 385 WHERE "id" = 416;
INSERT INTO "monitoredBy" VALUES (416, 411);
INSERT INTO "Sensor" ("id") VALUES (417);
UPDATE "Sensor" SET "region" = 385 WHERE "id" = 417;
INSERT INTO "monitoredBy" VALUES (386, 417);
INSERT INTO "requires" VALUES (384, 417);
INSERT INTO "TrackElement" ("id") VALUES (418);
INSERT INTO "Segment" ("id", "length") VALUES (418, 781);
UPDATE "TrackElement" SET "region" = 385 WHERE "id" = 418;
INSERT INTO "monitoredBy" VALUES (418, 417);
INSERT INTO "TrackElement" ("id") VALUES (419);
INSERT INTO "Segment" ("id", "length") VALUES (419, 267);
UPDATE "TrackElement" SET "region" = 385 WHERE "id" = 419;
INSERT INTO "monitoredBy" VALUES (419, 417);
INSERT INTO "TrackElement" ("id") VALUES (420);
INSERT INTO "Segment" ("id", "length") VALUES (420, 328);
UPDATE "TrackElement" SET "region" = 385 WHERE "id" = 420;
INSERT INTO "monitoredBy" VALUES (420, 417);
INSERT INTO "TrackElement" ("id") VALUES (421);
INSERT INTO "Segment" ("id", "length") VALUES (421, 761);
UPDATE "TrackElement" SET "region" = 385 WHERE "id" = 421;
INSERT INTO "monitoredBy" VALUES (421, 417);
INSERT INTO "TrackElement" ("id") VALUES (422);
INSERT INTO "Segment" ("id", "length") VALUES (422, 453);
UPDATE "TrackElement" SET "region" = 385 WHERE "id" = 422;
INSERT INTO "monitoredBy" VALUES (422, 417);
INSERT INTO "Sensor" ("id") VALUES (423);
UPDATE "Sensor" SET "region" = 385 WHERE "id" = 423;
INSERT INTO "monitoredBy" VALUES (386, 423);
INSERT INTO "requires" VALUES (384, 423);
INSERT INTO "TrackElement" ("id") VALUES (424);
INSERT INTO "Segment" ("id", "length") VALUES (424, 536);
UPDATE "TrackElement" SET "region" = 385 WHERE "id" = 424;
INSERT INTO "monitoredBy" VALUES (424, 423);
INSERT INTO "TrackElement" ("id") VALUES (425);
INSERT INTO "Segment" ("id", "length") VALUES (425, 818);
UPDATE "TrackElement" SET "region" = 385 WHERE "id" = 425;
INSERT INTO "monitoredBy" VALUES (425, 423);
INSERT INTO "TrackElement" ("id") VALUES (426);
INSERT INTO "Segment" ("id", "length") VALUES (426, 378);
UPDATE "TrackElement" SET "region" = 385 WHERE "id" = 426;
INSERT INTO "monitoredBy" VALUES (426, 423);
INSERT INTO "TrackElement" ("id") VALUES (427);
INSERT INTO "Segment" ("id", "length") VALUES (427, 68);
UPDATE "TrackElement" SET "region" = 385 WHERE "id" = 427;
INSERT INTO "monitoredBy" VALUES (427, 423);
INSERT INTO "TrackElement" ("id") VALUES (428);
INSERT INTO "Segment" ("id", "length") VALUES (428, 124);
UPDATE "TrackElement" SET "region" = 385 WHERE "id" = 428;
INSERT INTO "monitoredBy" VALUES (428, 423);
INSERT INTO "Sensor" ("id") VALUES (429);
UPDATE "Sensor" SET "region" = 385 WHERE "id" = 429;
INSERT INTO "monitoredBy" VALUES (386, 429);
INSERT INTO "requires" VALUES (384, 429);
INSERT INTO "TrackElement" ("id") VALUES (430);
INSERT INTO "Segment" ("id", "length") VALUES (430, 796);
UPDATE "TrackElement" SET "region" = 385 WHERE "id" = 430;
INSERT INTO "monitoredBy" VALUES (430, 429);
INSERT INTO "TrackElement" ("id") VALUES (431);
INSERT INTO "Segment" ("id", "length") VALUES (431, 649);
UPDATE "TrackElement" SET "region" = 385 WHERE "id" = 431;
INSERT INTO "monitoredBy" VALUES (431, 429);
INSERT INTO "TrackElement" ("id") VALUES (432);
INSERT INTO "Segment" ("id", "length") VALUES (432, 697);
UPDATE "TrackElement" SET "region" = 385 WHERE "id" = 432;
INSERT INTO "monitoredBy" VALUES (432, 429);
INSERT INTO "TrackElement" ("id") VALUES (433);
INSERT INTO "Segment" ("id", "length") VALUES (433, 1000);
UPDATE "TrackElement" SET "region" = 385 WHERE "id" = 433;
INSERT INTO "monitoredBy" VALUES (433, 429);
INSERT INTO "TrackElement" ("id") VALUES (434);
INSERT INTO "Segment" ("id", "length") VALUES (434, 827);
UPDATE "TrackElement" SET "region" = 385 WHERE "id" = 434;
INSERT INTO "monitoredBy" VALUES (434, 429);
INSERT INTO "Sensor" ("id") VALUES (435);
UPDATE "Sensor" SET "region" = 385 WHERE "id" = 435;
INSERT INTO "monitoredBy" VALUES (386, 435);
INSERT INTO "requires" VALUES (384, 435);
INSERT INTO "TrackElement" ("id") VALUES (436);
INSERT INTO "Segment" ("id", "length") VALUES (436, 555);
UPDATE "TrackElement" SET "region" = 385 WHERE "id" = 436;
INSERT INTO "monitoredBy" VALUES (436, 435);
INSERT INTO "TrackElement" ("id") VALUES (437);
INSERT INTO "Segment" ("id", "length") VALUES (437, 578);
UPDATE "TrackElement" SET "region" = 385 WHERE "id" = 437;
INSERT INTO "monitoredBy" VALUES (437, 435);
INSERT INTO "TrackElement" ("id") VALUES (438);
INSERT INTO "Segment" ("id", "length") VALUES (438, 597);
UPDATE "TrackElement" SET "region" = 385 WHERE "id" = 438;
INSERT INTO "monitoredBy" VALUES (438, 435);
INSERT INTO "TrackElement" ("id") VALUES (439);
INSERT INTO "Segment" ("id", "length") VALUES (439, 992);
UPDATE "TrackElement" SET "region" = 385 WHERE "id" = 439;
INSERT INTO "monitoredBy" VALUES (439, 435);
INSERT INTO "TrackElement" ("id") VALUES (440);
INSERT INTO "Segment" ("id", "length") VALUES (440, 149);
UPDATE "TrackElement" SET "region" = 385 WHERE "id" = 440;
INSERT INTO "monitoredBy" VALUES (440, 435);
UPDATE "Switch" SET "currentPosition" = 2 WHERE "id" = 386;
INSERT INTO "SwitchPosition" ("id", "position", "target") VALUES (441, 2, 386);
UPDATE "SwitchPosition" SET "route" = 384 WHERE "id" = 441;
INSERT INTO "TrackElement" ("id") VALUES (442);
INSERT INTO "Switch" ("id") VALUES (442);
UPDATE "TrackElement" SET "region" = 385 WHERE "id" = 442;
INSERT INTO "Sensor" ("id") VALUES (443);
UPDATE "Sensor" SET "region" = 385 WHERE "id" = 443;
INSERT INTO "monitoredBy" VALUES (442, 443);
INSERT INTO "requires" VALUES (384, 443);
INSERT INTO "TrackElement" ("id") VALUES (444);
INSERT INTO "Segment" ("id", "length") VALUES (444, 38);
UPDATE "TrackElement" SET "region" = 385 WHERE "id" = 444;
INSERT INTO "monitoredBy" VALUES (444, 443);
INSERT INTO "TrackElement" ("id") VALUES (445);
INSERT INTO "Segment" ("id", "length") VALUES (445, 598);
UPDATE "TrackElement" SET "region" = 385 WHERE "id" = 445;
INSERT INTO "monitoredBy" VALUES (445, 443);
INSERT INTO "TrackElement" ("id") VALUES (446);
INSERT INTO "Segment" ("id", "length") VALUES (446, 172);
UPDATE "TrackElement" SET "region" = 385 WHERE "id" = 446;
INSERT INTO "monitoredBy" VALUES (446, 443);
INSERT INTO "TrackElement" ("id") VALUES (447);
INSERT INTO "Segment" ("id", "length") VALUES (447, 263);
UPDATE "TrackElement" SET "region" = 385 WHERE "id" = 447;
INSERT INTO "monitoredBy" VALUES (447, 443);
INSERT INTO "TrackElement" ("id") VALUES (448);
INSERT INTO "Segment" ("id", "length") VALUES (448, 411);
UPDATE "TrackElement" SET "region" = 385 WHERE "id" = 448;
INSERT INTO "monitoredBy" VALUES (448, 443);
UPDATE "Switch" SET "currentPosition" = 0 WHERE "id" = 442;
INSERT INTO "SwitchPosition" ("id", "position", "target") VALUES (449, 0, 442);
UPDATE "SwitchPosition" SET "route" = 384 WHERE "id" = 449;
INSERT INTO "TrackElement" ("id") VALUES (450);
INSERT INTO "Switch" ("id") VALUES (450);
UPDATE "TrackElement" SET "region" = 385 WHERE "id" = 450;
INSERT INTO "Sensor" ("id") VALUES (451);
UPDATE "Sensor" SET "region" = 385 WHERE "id" = 451;
INSERT INTO "monitoredBy" VALUES (450, 451);
INSERT INTO "requires" VALUES (384, 451);
INSERT INTO "TrackElement" ("id") VALUES (452);
INSERT INTO "Segment" ("id", "length") VALUES (452, 298);
UPDATE "TrackElement" SET "region" = 385 WHERE "id" = 452;
INSERT INTO "monitoredBy" VALUES (452, 451);
INSERT INTO "TrackElement" ("id") VALUES (453);
INSERT INTO "Segment" ("id", "length") VALUES (453, 486);
UPDATE "TrackElement" SET "region" = 385 WHERE "id" = 453;
INSERT INTO "monitoredBy" VALUES (453, 451);
INSERT INTO "TrackElement" ("id") VALUES (454);
INSERT INTO "Segment" ("id", "length") VALUES (454, 942);
UPDATE "TrackElement" SET "region" = 385 WHERE "id" = 454;
INSERT INTO "monitoredBy" VALUES (454, 451);
INSERT INTO "TrackElement" ("id") VALUES (455);
INSERT INTO "Segment" ("id", "length") VALUES (455, 553);
UPDATE "TrackElement" SET "region" = 385 WHERE "id" = 455;
INSERT INTO "monitoredBy" VALUES (455, 451);
INSERT INTO "TrackElement" ("id") VALUES (456);
INSERT INTO "Segment" ("id", "length") VALUES (456, 393);
UPDATE "TrackElement" SET "region" = 385 WHERE "id" = 456;
INSERT INTO "monitoredBy" VALUES (456, 451);
UPDATE "Switch" SET "currentPosition" = 0 WHERE "id" = 450;
INSERT INTO "SwitchPosition" ("id", "position", "target") VALUES (457, 0, 450);
UPDATE "SwitchPosition" SET "route" = 384 WHERE "id" = 457;
INSERT INTO "TrackElement" ("id") VALUES (458);
INSERT INTO "Switch" ("id") VALUES (458);
UPDATE "TrackElement" SET "region" = 385 WHERE "id" = 458;
INSERT INTO "Sensor" ("id") VALUES (459);
UPDATE "Sensor" SET "region" = 385 WHERE "id" = 459;
INSERT INTO "monitoredBy" VALUES (458, 459);
INSERT INTO "requires" VALUES (384, 459);
INSERT INTO "TrackElement" ("id") VALUES (460);
INSERT INTO "Segment" ("id", "length") VALUES (460, 147);
UPDATE "TrackElement" SET "region" = 385 WHERE "id" = 460;
INSERT INTO "monitoredBy" VALUES (460, 459);
INSERT INTO "TrackElement" ("id") VALUES (461);
INSERT INTO "Segment" ("id", "length") VALUES (461, 170);
UPDATE "TrackElement" SET "region" = 385 WHERE "id" = 461;
INSERT INTO "monitoredBy" VALUES (461, 459);
INSERT INTO "TrackElement" ("id") VALUES (462);
INSERT INTO "Segment" ("id", "length") VALUES (462, 167);
UPDATE "TrackElement" SET "region" = 385 WHERE "id" = 462;
INSERT INTO "monitoredBy" VALUES (462, 459);
INSERT INTO "TrackElement" ("id") VALUES (463);
INSERT INTO "Segment" ("id", "length") VALUES (463, 886);
UPDATE "TrackElement" SET "region" = 385 WHERE "id" = 463;
INSERT INTO "monitoredBy" VALUES (463, 459);
INSERT INTO "TrackElement" ("id") VALUES (464);
INSERT INTO "Segment" ("id", "length") VALUES (464, 74);
UPDATE "TrackElement" SET "region" = 385 WHERE "id" = 464;
INSERT INTO "monitoredBy" VALUES (464, 459);
INSERT INTO "Sensor" ("id") VALUES (465);
UPDATE "Sensor" SET "region" = 385 WHERE "id" = 465;
INSERT INTO "monitoredBy" VALUES (458, 465);
INSERT INTO "requires" VALUES (384, 465);
INSERT INTO "TrackElement" ("id") VALUES (466);
INSERT INTO "Segment" ("id", "length") VALUES (466, 490);
UPDATE "TrackElement" SET "region" = 385 WHERE "id" = 466;
INSERT INTO "monitoredBy" VALUES (466, 465);
INSERT INTO "TrackElement" ("id") VALUES (467);
INSERT INTO "Segment" ("id", "length") VALUES (467, 780);
UPDATE "TrackElement" SET "region" = 385 WHERE "id" = 467;
INSERT INTO "monitoredBy" VALUES (467, 465);
INSERT INTO "TrackElement" ("id") VALUES (468);
INSERT INTO "Segment" ("id", "length") VALUES (468, 931);
UPDATE "TrackElement" SET "region" = 385 WHERE "id" = 468;
INSERT INTO "monitoredBy" VALUES (468, 465);
INSERT INTO "TrackElement" ("id") VALUES (469);
INSERT INTO "Segment" ("id", "length") VALUES (469, 558);
UPDATE "TrackElement" SET "region" = 385 WHERE "id" = 469;
INSERT INTO "monitoredBy" VALUES (469, 465);
INSERT INTO "TrackElement" ("id") VALUES (470);
INSERT INTO "Segment" ("id", "length") VALUES (470, 220);
UPDATE "TrackElement" SET "region" = 385 WHERE "id" = 470;
INSERT INTO "monitoredBy" VALUES (470, 465);
UPDATE "Switch" SET "currentPosition" = 0 WHERE "id" = 458;
INSERT INTO "SwitchPosition" ("id", "position", "target") VALUES (471, 0, 458);
UPDATE "SwitchPosition" SET "route" = 384 WHERE "id" = 471;
INSERT INTO "TrackElement" ("id") VALUES (472);
INSERT INTO "Switch" ("id") VALUES (472);
UPDATE "TrackElement" SET "region" = 385 WHERE "id" = 472;
INSERT INTO "Sensor" ("id") VALUES (473);
UPDATE "Sensor" SET "region" = 385 WHERE "id" = 473;
INSERT INTO "monitoredBy" VALUES (472, 473);
INSERT INTO "requires" VALUES (384, 473);
INSERT INTO "TrackElement" ("id") VALUES (474);
INSERT INTO "Segment" ("id", "length") VALUES (474, 609);
UPDATE "TrackElement" SET "region" = 385 WHERE "id" = 474;
INSERT INTO "monitoredBy" VALUES (474, 473);
INSERT INTO "TrackElement" ("id") VALUES (475);
INSERT INTO "Segment" ("id", "length") VALUES (475, 857);
UPDATE "TrackElement" SET "region" = 385 WHERE "id" = 475;
INSERT INTO "monitoredBy" VALUES (475, 473);
INSERT INTO "TrackElement" ("id") VALUES (476);
INSERT INTO "Segment" ("id", "length") VALUES (476, 400);
UPDATE "TrackElement" SET "region" = 385 WHERE "id" = 476;
INSERT INTO "monitoredBy" VALUES (476, 473);
INSERT INTO "TrackElement" ("id") VALUES (477);
INSERT INTO "Segment" ("id", "length") VALUES (477, 249);
UPDATE "TrackElement" SET "region" = 385 WHERE "id" = 477;
INSERT INTO "monitoredBy" VALUES (477, 473);
INSERT INTO "TrackElement" ("id") VALUES (478);
INSERT INTO "Segment" ("id", "length") VALUES (478, 537);
UPDATE "TrackElement" SET "region" = 385 WHERE "id" = 478;
INSERT INTO "monitoredBy" VALUES (478, 473);
INSERT INTO "Sensor" ("id") VALUES (479);
UPDATE "Sensor" SET "region" = 385 WHERE "id" = 479;
INSERT INTO "monitoredBy" VALUES (472, 479);
INSERT INTO "requires" VALUES (384, 479);
INSERT INTO "TrackElement" ("id") VALUES (480);
INSERT INTO "Segment" ("id", "length") VALUES (480, 941);
UPDATE "TrackElement" SET "region" = 385 WHERE "id" = 480;
INSERT INTO "monitoredBy" VALUES (480, 479);
INSERT INTO "TrackElement" ("id") VALUES (481);
INSERT INTO "Segment" ("id", "length") VALUES (481, 134);
UPDATE "TrackElement" SET "region" = 385 WHERE "id" = 481;
INSERT INTO "monitoredBy" VALUES (481, 479);
INSERT INTO "TrackElement" ("id") VALUES (482);
INSERT INTO "Segment" ("id", "length") VALUES (482, 947);
UPDATE "TrackElement" SET "region" = 385 WHERE "id" = 482;
INSERT INTO "monitoredBy" VALUES (482, 479);
INSERT INTO "TrackElement" ("id") VALUES (483);
INSERT INTO "Segment" ("id", "length") VALUES (483, 506);
UPDATE "TrackElement" SET "region" = 385 WHERE "id" = 483;
INSERT INTO "monitoredBy" VALUES (483, 479);
INSERT INTO "TrackElement" ("id") VALUES (484);
INSERT INTO "Segment" ("id", "length") VALUES (484, 387);
UPDATE "TrackElement" SET "region" = 385 WHERE "id" = 484;
INSERT INTO "monitoredBy" VALUES (484, 479);
INSERT INTO "Sensor" ("id") VALUES (485);
UPDATE "Sensor" SET "region" = 385 WHERE "id" = 485;
INSERT INTO "monitoredBy" VALUES (472, 485);
INSERT INTO "requires" VALUES (384, 485);
INSERT INTO "TrackElement" ("id") VALUES (486);
INSERT INTO "Segment" ("id", "length") VALUES (486, 533);
UPDATE "TrackElement" SET "region" = 385 WHERE "id" = 486;
INSERT INTO "monitoredBy" VALUES (486, 485);
INSERT INTO "TrackElement" ("id") VALUES (487);
INSERT INTO "Segment" ("id", "length") VALUES (487, 174);
UPDATE "TrackElement" SET "region" = 385 WHERE "id" = 487;
INSERT INTO "monitoredBy" VALUES (487, 485);
INSERT INTO "TrackElement" ("id") VALUES (488);
INSERT INTO "Segment" ("id", "length") VALUES (488, 99);
UPDATE "TrackElement" SET "region" = 385 WHERE "id" = 488;
INSERT INTO "monitoredBy" VALUES (488, 485);
INSERT INTO "TrackElement" ("id") VALUES (489);
INSERT INTO "Segment" ("id", "length") VALUES (489, 347);
UPDATE "TrackElement" SET "region" = 385 WHERE "id" = 489;
INSERT INTO "monitoredBy" VALUES (489, 485);
INSERT INTO "TrackElement" ("id") VALUES (490);
INSERT INTO "Segment" ("id", "length") VALUES (490, 679);
UPDATE "TrackElement" SET "region" = 385 WHERE "id" = 490;
INSERT INTO "monitoredBy" VALUES (490, 485);
INSERT INTO "Sensor" ("id") VALUES (491);
UPDATE "Sensor" SET "region" = 385 WHERE "id" = 491;
INSERT INTO "monitoredBy" VALUES (472, 491);
INSERT INTO "requires" VALUES (384, 491);
INSERT INTO "TrackElement" ("id") VALUES (492);
INSERT INTO "Segment" ("id", "length") VALUES (492, 95);
UPDATE "TrackElement" SET "region" = 385 WHERE "id" = 492;
INSERT INTO "monitoredBy" VALUES (492, 491);
INSERT INTO "TrackElement" ("id") VALUES (493);
INSERT INTO "Segment" ("id", "length") VALUES (493, 669);
UPDATE "TrackElement" SET "region" = 385 WHERE "id" = 493;
INSERT INTO "monitoredBy" VALUES (493, 491);
INSERT INTO "TrackElement" ("id") VALUES (494);
INSERT INTO "Segment" ("id", "length") VALUES (494, 628);
UPDATE "TrackElement" SET "region" = 385 WHERE "id" = 494;
INSERT INTO "monitoredBy" VALUES (494, 491);
INSERT INTO "TrackElement" ("id") VALUES (495);
INSERT INTO "Segment" ("id", "length") VALUES (495, 50);
UPDATE "TrackElement" SET "region" = 385 WHERE "id" = 495;
INSERT INTO "monitoredBy" VALUES (495, 491);
INSERT INTO "TrackElement" ("id") VALUES (496);
INSERT INTO "Segment" ("id", "length") VALUES (496, 44);
UPDATE "TrackElement" SET "region" = 385 WHERE "id" = 496;
INSERT INTO "monitoredBy" VALUES (496, 491);
INSERT INTO "Sensor" ("id") VALUES (497);
UPDATE "Sensor" SET "region" = 385 WHERE "id" = 497;
INSERT INTO "monitoredBy" VALUES (472, 497);
INSERT INTO "requires" VALUES (384, 497);
INSERT INTO "TrackElement" ("id") VALUES (498);
INSERT INTO "Segment" ("id", "length") VALUES (498, 685);
UPDATE "TrackElement" SET "region" = 385 WHERE "id" = 498;
INSERT INTO "monitoredBy" VALUES (498, 497);
INSERT INTO "TrackElement" ("id") VALUES (499);
INSERT INTO "Segment" ("id", "length") VALUES (499, 759);
UPDATE "TrackElement" SET "region" = 385 WHERE "id" = 499;
INSERT INTO "monitoredBy" VALUES (499, 497);
INSERT INTO "TrackElement" ("id") VALUES (500);
INSERT INTO "Segment" ("id", "length") VALUES (500, 233);
UPDATE "TrackElement" SET "region" = 385 WHERE "id" = 500;
INSERT INTO "monitoredBy" VALUES (500, 497);
INSERT INTO "TrackElement" ("id") VALUES (501);
INSERT INTO "Segment" ("id", "length") VALUES (501, 239);
UPDATE "TrackElement" SET "region" = 385 WHERE "id" = 501;
INSERT INTO "monitoredBy" VALUES (501, 497);
INSERT INTO "TrackElement" ("id") VALUES (502);
INSERT INTO "Segment" ("id", "length") VALUES (502, 466);
UPDATE "TrackElement" SET "region" = 385 WHERE "id" = 502;
INSERT INTO "monitoredBy" VALUES (502, 497);
INSERT INTO "Sensor" ("id") VALUES (503);
UPDATE "Sensor" SET "region" = 385 WHERE "id" = 503;
INSERT INTO "monitoredBy" VALUES (472, 503);
INSERT INTO "requires" VALUES (384, 503);
INSERT INTO "TrackElement" ("id") VALUES (504);
INSERT INTO "Segment" ("id", "length") VALUES (504, 868);
UPDATE "TrackElement" SET "region" = 385 WHERE "id" = 504;
INSERT INTO "monitoredBy" VALUES (504, 503);
INSERT INTO "TrackElement" ("id") VALUES (505);
INSERT INTO "Segment" ("id", "length") VALUES (505, 938);
UPDATE "TrackElement" SET "region" = 385 WHERE "id" = 505;
INSERT INTO "monitoredBy" VALUES (505, 503);
INSERT INTO "TrackElement" ("id") VALUES (506);
INSERT INTO "Segment" ("id", "length") VALUES (506, 675);
UPDATE "TrackElement" SET "region" = 385 WHERE "id" = 506;
INSERT INTO "monitoredBy" VALUES (506, 503);
INSERT INTO "TrackElement" ("id") VALUES (507);
INSERT INTO "Segment" ("id", "length") VALUES (507, 573);
UPDATE "TrackElement" SET "region" = 385 WHERE "id" = 507;
INSERT INTO "monitoredBy" VALUES (507, 503);
INSERT INTO "TrackElement" ("id") VALUES (508);
INSERT INTO "Segment" ("id", "length") VALUES (508, 220);
UPDATE "TrackElement" SET "region" = 385 WHERE "id" = 508;
INSERT INTO "monitoredBy" VALUES (508, 503);
INSERT INTO "Sensor" ("id") VALUES (509);
UPDATE "Sensor" SET "region" = 385 WHERE "id" = 509;
INSERT INTO "monitoredBy" VALUES (472, 509);
INSERT INTO "requires" VALUES (384, 509);
INSERT INTO "TrackElement" ("id") VALUES (510);
INSERT INTO "Segment" ("id", "length") VALUES (510, 674);
UPDATE "TrackElement" SET "region" = 385 WHERE "id" = 510;
INSERT INTO "monitoredBy" VALUES (510, 509);
INSERT INTO "TrackElement" ("id") VALUES (511);
INSERT INTO "Segment" ("id", "length") VALUES (511, 493);
UPDATE "TrackElement" SET "region" = 385 WHERE "id" = 511;
INSERT INTO "monitoredBy" VALUES (511, 509);
INSERT INTO "TrackElement" ("id") VALUES (512);
INSERT INTO "Segment" ("id", "length") VALUES (512, 777);
UPDATE "TrackElement" SET "region" = 385 WHERE "id" = 512;
INSERT INTO "monitoredBy" VALUES (512, 509);
INSERT INTO "TrackElement" ("id") VALUES (513);
INSERT INTO "Segment" ("id", "length") VALUES (513, -363);
UPDATE "TrackElement" SET "region" = 385 WHERE "id" = 513;
INSERT INTO "monitoredBy" VALUES (513, 509);
INSERT INTO "TrackElement" ("id") VALUES (514);
INSERT INTO "Segment" ("id", "length") VALUES (514, 297);
UPDATE "TrackElement" SET "region" = 385 WHERE "id" = 514;
INSERT INTO "monitoredBy" VALUES (514, 509);
INSERT INTO "Sensor" ("id") VALUES (515);
UPDATE "Sensor" SET "region" = 385 WHERE "id" = 515;
INSERT INTO "monitoredBy" VALUES (472, 515);
INSERT INTO "requires" VALUES (384, 515);
INSERT INTO "TrackElement" ("id") VALUES (516);
INSERT INTO "Segment" ("id", "length") VALUES (516, 343);
UPDATE "TrackElement" SET "region" = 385 WHERE "id" = 516;
INSERT INTO "monitoredBy" VALUES (516, 515);
INSERT INTO "TrackElement" ("id") VALUES (517);
INSERT INTO "Segment" ("id", "length") VALUES (517, 261);
UPDATE "TrackElement" SET "region" = 385 WHERE "id" = 517;
INSERT INTO "monitoredBy" VALUES (517, 515);
INSERT INTO "TrackElement" ("id") VALUES (518);
INSERT INTO "Segment" ("id", "length") VALUES (518, 378);
UPDATE "TrackElement" SET "region" = 385 WHERE "id" = 518;
INSERT INTO "monitoredBy" VALUES (518, 515);
INSERT INTO "TrackElement" ("id") VALUES (519);
INSERT INTO "Segment" ("id", "length") VALUES (519, 300);
UPDATE "TrackElement" SET "region" = 385 WHERE "id" = 519;
INSERT INTO "monitoredBy" VALUES (519, 515);
INSERT INTO "TrackElement" ("id") VALUES (520);
INSERT INTO "Segment" ("id", "length") VALUES (520, 403);
UPDATE "TrackElement" SET "region" = 385 WHERE "id" = 520;
INSERT INTO "monitoredBy" VALUES (520, 515);
INSERT INTO "Sensor" ("id") VALUES (521);
UPDATE "Sensor" SET "region" = 385 WHERE "id" = 521;
INSERT INTO "monitoredBy" VALUES (472, 521);
INSERT INTO "requires" VALUES (384, 521);
INSERT INTO "TrackElement" ("id") VALUES (522);
INSERT INTO "Segment" ("id", "length") VALUES (522, 808);
UPDATE "TrackElement" SET "region" = 385 WHERE "id" = 522;
INSERT INTO "monitoredBy" VALUES (522, 521);
INSERT INTO "TrackElement" ("id") VALUES (523);
INSERT INTO "Segment" ("id", "length") VALUES (523, 77);
UPDATE "TrackElement" SET "region" = 385 WHERE "id" = 523;
INSERT INTO "monitoredBy" VALUES (523, 521);
INSERT INTO "TrackElement" ("id") VALUES (524);
INSERT INTO "Segment" ("id", "length") VALUES (524, 419);
UPDATE "TrackElement" SET "region" = 385 WHERE "id" = 524;
INSERT INTO "monitoredBy" VALUES (524, 521);
INSERT INTO "TrackElement" ("id") VALUES (525);
INSERT INTO "Segment" ("id", "length") VALUES (525, 752);
UPDATE "TrackElement" SET "region" = 385 WHERE "id" = 525;
INSERT INTO "monitoredBy" VALUES (525, 521);
INSERT INTO "TrackElement" ("id") VALUES (526);
INSERT INTO "Segment" ("id", "length") VALUES (526, 100);
UPDATE "TrackElement" SET "region" = 385 WHERE "id" = 526;
INSERT INTO "monitoredBy" VALUES (526, 521);
UPDATE "Switch" SET "currentPosition" = 1 WHERE "id" = 472;
INSERT INTO "SwitchPosition" ("id", "position", "target") VALUES (527, 1, 472);
UPDATE "SwitchPosition" SET "route" = 384 WHERE "id" = 527;
INSERT INTO "TrackElement" ("id") VALUES (528);
INSERT INTO "Switch" ("id") VALUES (528);
UPDATE "TrackElement" SET "region" = 385 WHERE "id" = 528;
INSERT INTO "Sensor" ("id") VALUES (529);
UPDATE "Sensor" SET "region" = 385 WHERE "id" = 529;
INSERT INTO "monitoredBy" VALUES (528, 529);
INSERT INTO "requires" VALUES (384, 529);
INSERT INTO "TrackElement" ("id") VALUES (530);
INSERT INTO "Segment" ("id", "length") VALUES (530, 986);
UPDATE "TrackElement" SET "region" = 385 WHERE "id" = 530;
INSERT INTO "monitoredBy" VALUES (530, 529);
INSERT INTO "TrackElement" ("id") VALUES (531);
INSERT INTO "Segment" ("id", "length") VALUES (531, 487);
UPDATE "TrackElement" SET "region" = 385 WHERE "id" = 531;
INSERT INTO "monitoredBy" VALUES (531, 529);
INSERT INTO "TrackElement" ("id") VALUES (532);
INSERT INTO "Segment" ("id", "length") VALUES (532, 461);
UPDATE "TrackElement" SET "region" = 385 WHERE "id" = 532;
INSERT INTO "monitoredBy" VALUES (532, 529);
INSERT INTO "TrackElement" ("id") VALUES (533);
INSERT INTO "Segment" ("id", "length") VALUES (533, 997);
UPDATE "TrackElement" SET "region" = 385 WHERE "id" = 533;
INSERT INTO "monitoredBy" VALUES (533, 529);
INSERT INTO "TrackElement" ("id") VALUES (534);
INSERT INTO "Segment" ("id", "length") VALUES (534, 25);
UPDATE "TrackElement" SET "region" = 385 WHERE "id" = 534;
INSERT INTO "monitoredBy" VALUES (534, 529);
INSERT INTO "TrackElement" ("id") VALUES (535);
INSERT INTO "Segment" ("id", "length") VALUES (535, 723);
UPDATE "TrackElement" SET "region" = 385 WHERE "id" = 535;
INSERT INTO "monitoredBy" VALUES (535, 529);
INSERT INTO "Sensor" ("id") VALUES (536);
UPDATE "Sensor" SET "region" = 385 WHERE "id" = 536;
INSERT INTO "monitoredBy" VALUES (528, 536);
INSERT INTO "requires" VALUES (384, 536);
INSERT INTO "TrackElement" ("id") VALUES (537);
INSERT INTO "Segment" ("id", "length") VALUES (537, 375);
UPDATE "TrackElement" SET "region" = 385 WHERE "id" = 537;
INSERT INTO "monitoredBy" VALUES (537, 536);
INSERT INTO "TrackElement" ("id") VALUES (538);
INSERT INTO "Segment" ("id", "length") VALUES (538, 727);
UPDATE "TrackElement" SET "region" = 385 WHERE "id" = 538;
INSERT INTO "monitoredBy" VALUES (538, 536);
INSERT INTO "TrackElement" ("id") VALUES (539);
INSERT INTO "Segment" ("id", "length") VALUES (539, 77);
UPDATE "TrackElement" SET "region" = 385 WHERE "id" = 539;
INSERT INTO "monitoredBy" VALUES (539, 536);
INSERT INTO "TrackElement" ("id") VALUES (540);
INSERT INTO "Segment" ("id", "length") VALUES (540, 84);
UPDATE "TrackElement" SET "region" = 385 WHERE "id" = 540;
INSERT INTO "monitoredBy" VALUES (540, 536);
INSERT INTO "TrackElement" ("id") VALUES (541);
INSERT INTO "Segment" ("id", "length") VALUES (541, 11);
UPDATE "TrackElement" SET "region" = 385 WHERE "id" = 541;
INSERT INTO "monitoredBy" VALUES (541, 536);
INSERT INTO "Sensor" ("id") VALUES (542);
UPDATE "Sensor" SET "region" = 385 WHERE "id" = 542;
INSERT INTO "monitoredBy" VALUES (528, 542);
INSERT INTO "requires" VALUES (384, 542);
INSERT INTO "TrackElement" ("id") VALUES (543);
INSERT INTO "Segment" ("id", "length") VALUES (543, 53);
UPDATE "TrackElement" SET "region" = 385 WHERE "id" = 543;
INSERT INTO "monitoredBy" VALUES (543, 542);
INSERT INTO "TrackElement" ("id") VALUES (544);
INSERT INTO "Segment" ("id", "length") VALUES (544, 573);
UPDATE "TrackElement" SET "region" = 385 WHERE "id" = 544;
INSERT INTO "monitoredBy" VALUES (544, 542);
INSERT INTO "TrackElement" ("id") VALUES (545);
INSERT INTO "Segment" ("id", "length") VALUES (545, 447);
UPDATE "TrackElement" SET "region" = 385 WHERE "id" = 545;
INSERT INTO "monitoredBy" VALUES (545, 542);
INSERT INTO "TrackElement" ("id") VALUES (546);
INSERT INTO "Segment" ("id", "length") VALUES (546, 340);
UPDATE "TrackElement" SET "region" = 385 WHERE "id" = 546;
INSERT INTO "monitoredBy" VALUES (546, 542);
INSERT INTO "TrackElement" ("id") VALUES (547);
INSERT INTO "Segment" ("id", "length") VALUES (547, 748);
UPDATE "TrackElement" SET "region" = 385 WHERE "id" = 547;
INSERT INTO "monitoredBy" VALUES (547, 542);
INSERT INTO "Sensor" ("id") VALUES (548);
UPDATE "Sensor" SET "region" = 385 WHERE "id" = 548;
INSERT INTO "monitoredBy" VALUES (528, 548);
INSERT INTO "requires" VALUES (384, 548);
INSERT INTO "TrackElement" ("id") VALUES (549);
INSERT INTO "Segment" ("id", "length") VALUES (549, 911);
UPDATE "TrackElement" SET "region" = 385 WHERE "id" = 549;
INSERT INTO "monitoredBy" VALUES (549, 548);
INSERT INTO "TrackElement" ("id") VALUES (550);
INSERT INTO "Segment" ("id", "length") VALUES (550, 837);
UPDATE "TrackElement" SET "region" = 385 WHERE "id" = 550;
INSERT INTO "monitoredBy" VALUES (550, 548);
INSERT INTO "TrackElement" ("id") VALUES (551);
INSERT INTO "Segment" ("id", "length") VALUES (551, 245);
UPDATE "TrackElement" SET "region" = 385 WHERE "id" = 551;
INSERT INTO "monitoredBy" VALUES (551, 548);
INSERT INTO "TrackElement" ("id") VALUES (552);
INSERT INTO "Segment" ("id", "length") VALUES (552, 171);
UPDATE "TrackElement" SET "region" = 385 WHERE "id" = 552;
INSERT INTO "monitoredBy" VALUES (552, 548);
INSERT INTO "TrackElement" ("id") VALUES (553);
INSERT INTO "Segment" ("id", "length") VALUES (553, 83);
UPDATE "TrackElement" SET "region" = 385 WHERE "id" = 553;
INSERT INTO "monitoredBy" VALUES (553, 548);
INSERT INTO "Sensor" ("id") VALUES (554);
UPDATE "Sensor" SET "region" = 385 WHERE "id" = 554;
INSERT INTO "monitoredBy" VALUES (528, 554);
INSERT INTO "requires" VALUES (384, 554);
INSERT INTO "TrackElement" ("id") VALUES (555);
INSERT INTO "Segment" ("id", "length") VALUES (555, -816);
UPDATE "TrackElement" SET "region" = 385 WHERE "id" = 555;
INSERT INTO "monitoredBy" VALUES (555, 554);
INSERT INTO "TrackElement" ("id") VALUES (556);
INSERT INTO "Segment" ("id", "length") VALUES (556, 220);
UPDATE "TrackElement" SET "region" = 385 WHERE "id" = 556;
INSERT INTO "monitoredBy" VALUES (556, 554);
INSERT INTO "TrackElement" ("id") VALUES (557);
INSERT INTO "Segment" ("id", "length") VALUES (557, 851);
UPDATE "TrackElement" SET "region" = 385 WHERE "id" = 557;
INSERT INTO "monitoredBy" VALUES (557, 554);
INSERT INTO "TrackElement" ("id") VALUES (558);
INSERT INTO "Segment" ("id", "length") VALUES (558, 38);
UPDATE "TrackElement" SET "region" = 385 WHERE "id" = 558;
INSERT INTO "monitoredBy" VALUES (558, 554);
INSERT INTO "TrackElement" ("id") VALUES (559);
INSERT INTO "Segment" ("id", "length") VALUES (559, 399);
UPDATE "TrackElement" SET "region" = 385 WHERE "id" = 559;
INSERT INTO "monitoredBy" VALUES (559, 554);
INSERT INTO "Sensor" ("id") VALUES (560);
UPDATE "Sensor" SET "region" = 385 WHERE "id" = 560;
INSERT INTO "monitoredBy" VALUES (528, 560);
INSERT INTO "requires" VALUES (384, 560);
INSERT INTO "TrackElement" ("id") VALUES (561);
INSERT INTO "Segment" ("id", "length") VALUES (561, 721);
UPDATE "TrackElement" SET "region" = 385 WHERE "id" = 561;
INSERT INTO "monitoredBy" VALUES (561, 560);
INSERT INTO "TrackElement" ("id") VALUES (562);
INSERT INTO "Segment" ("id", "length") VALUES (562, 394);
UPDATE "TrackElement" SET "region" = 385 WHERE "id" = 562;
INSERT INTO "monitoredBy" VALUES (562, 560);
INSERT INTO "TrackElement" ("id") VALUES (563);
INSERT INTO "Segment" ("id", "length") VALUES (563, 904);
UPDATE "TrackElement" SET "region" = 385 WHERE "id" = 563;
INSERT INTO "monitoredBy" VALUES (563, 560);
INSERT INTO "TrackElement" ("id") VALUES (564);
INSERT INTO "Segment" ("id", "length") VALUES (564, 939);
UPDATE "TrackElement" SET "region" = 385 WHERE "id" = 564;
INSERT INTO "monitoredBy" VALUES (564, 560);
INSERT INTO "TrackElement" ("id") VALUES (565);
INSERT INTO "Segment" ("id", "length") VALUES (565, 303);
UPDATE "TrackElement" SET "region" = 385 WHERE "id" = 565;
INSERT INTO "monitoredBy" VALUES (565, 560);
INSERT INTO "Sensor" ("id") VALUES (566);
UPDATE "Sensor" SET "region" = 385 WHERE "id" = 566;
INSERT INTO "monitoredBy" VALUES (528, 566);
INSERT INTO "requires" VALUES (384, 566);
INSERT INTO "TrackElement" ("id") VALUES (567);
INSERT INTO "Segment" ("id", "length") VALUES (567, 803);
UPDATE "TrackElement" SET "region" = 385 WHERE "id" = 567;
INSERT INTO "monitoredBy" VALUES (567, 566);
INSERT INTO "TrackElement" ("id") VALUES (568);
INSERT INTO "Segment" ("id", "length") VALUES (568, 780);
UPDATE "TrackElement" SET "region" = 385 WHERE "id" = 568;
INSERT INTO "monitoredBy" VALUES (568, 566);
INSERT INTO "TrackElement" ("id") VALUES (569);
INSERT INTO "Segment" ("id", "length") VALUES (569, 97);
UPDATE "TrackElement" SET "region" = 385 WHERE "id" = 569;
INSERT INTO "monitoredBy" VALUES (569, 566);
INSERT INTO "TrackElement" ("id") VALUES (570);
INSERT INTO "Segment" ("id", "length") VALUES (570, 157);
UPDATE "TrackElement" SET "region" = 385 WHERE "id" = 570;
INSERT INTO "monitoredBy" VALUES (570, 566);
INSERT INTO "TrackElement" ("id") VALUES (571);
INSERT INTO "Segment" ("id", "length") VALUES (571, 365);
UPDATE "TrackElement" SET "region" = 385 WHERE "id" = 571;
INSERT INTO "monitoredBy" VALUES (571, 566);
INSERT INTO "Sensor" ("id") VALUES (572);
UPDATE "Sensor" SET "region" = 385 WHERE "id" = 572;
INSERT INTO "monitoredBy" VALUES (528, 572);
INSERT INTO "requires" VALUES (384, 572);
INSERT INTO "TrackElement" ("id") VALUES (573);
INSERT INTO "Segment" ("id", "length") VALUES (573, 714);
UPDATE "TrackElement" SET "region" = 385 WHERE "id" = 573;
INSERT INTO "monitoredBy" VALUES (573, 572);
INSERT INTO "TrackElement" ("id") VALUES (574);
INSERT INTO "Segment" ("id", "length") VALUES (574, 210);
UPDATE "TrackElement" SET "region" = 385 WHERE "id" = 574;
INSERT INTO "monitoredBy" VALUES (574, 572);
INSERT INTO "TrackElement" ("id") VALUES (575);
INSERT INTO "Segment" ("id", "length") VALUES (575, 630);
UPDATE "TrackElement" SET "region" = 385 WHERE "id" = 575;
INSERT INTO "monitoredBy" VALUES (575, 572);
INSERT INTO "TrackElement" ("id") VALUES (576);
INSERT INTO "Segment" ("id", "length") VALUES (576, 61);
UPDATE "TrackElement" SET "region" = 385 WHERE "id" = 576;
INSERT INTO "monitoredBy" VALUES (576, 572);
INSERT INTO "TrackElement" ("id") VALUES (577);
INSERT INTO "Segment" ("id", "length") VALUES (577, 807);
UPDATE "TrackElement" SET "region" = 385 WHERE "id" = 577;
INSERT INTO "monitoredBy" VALUES (577, 572);
INSERT INTO "Sensor" ("id") VALUES (578);
UPDATE "Sensor" SET "region" = 385 WHERE "id" = 578;
INSERT INTO "monitoredBy" VALUES (528, 578);
INSERT INTO "requires" VALUES (384, 578);
INSERT INTO "TrackElement" ("id") VALUES (579);
INSERT INTO "Segment" ("id", "length") VALUES (579, 387);
UPDATE "TrackElement" SET "region" = 385 WHERE "id" = 579;
INSERT INTO "monitoredBy" VALUES (579, 578);
INSERT INTO "TrackElement" ("id") VALUES (580);
INSERT INTO "Segment" ("id", "length") VALUES (580, 864);
UPDATE "TrackElement" SET "region" = 385 WHERE "id" = 580;
INSERT INTO "monitoredBy" VALUES (580, 578);
INSERT INTO "TrackElement" ("id") VALUES (581);
INSERT INTO "Segment" ("id", "length") VALUES (581, 731);
UPDATE "TrackElement" SET "region" = 385 WHERE "id" = 581;
INSERT INTO "monitoredBy" VALUES (581, 578);
INSERT INTO "TrackElement" ("id") VALUES (582);
INSERT INTO "Segment" ("id", "length") VALUES (582, 761);
UPDATE "TrackElement" SET "region" = 385 WHERE "id" = 582;
INSERT INTO "monitoredBy" VALUES (582, 578);
INSERT INTO "TrackElement" ("id") VALUES (583);
INSERT INTO "Segment" ("id", "length") VALUES (583, 98);
UPDATE "TrackElement" SET "region" = 385 WHERE "id" = 583;
INSERT INTO "monitoredBy" VALUES (583, 578);
UPDATE "Switch" SET "currentPosition" = 1 WHERE "id" = 528;
INSERT INTO "SwitchPosition" ("id", "position", "target") VALUES (584, 1, 528);
UPDATE "SwitchPosition" SET "route" = 384 WHERE "id" = 584;
INSERT INTO "TrackElement" ("id") VALUES (585);
INSERT INTO "Switch" ("id") VALUES (585);
UPDATE "TrackElement" SET "region" = 385 WHERE "id" = 585;
INSERT INTO "Sensor" ("id") VALUES (586);
UPDATE "Sensor" SET "region" = 385 WHERE "id" = 586;
INSERT INTO "monitoredBy" VALUES (585, 586);
INSERT INTO "requires" VALUES (384, 586);
INSERT INTO "TrackElement" ("id") VALUES (587);
INSERT INTO "Segment" ("id", "length") VALUES (587, 78);
UPDATE "TrackElement" SET "region" = 385 WHERE "id" = 587;
INSERT INTO "monitoredBy" VALUES (587, 586);
INSERT INTO "TrackElement" ("id") VALUES (588);
INSERT INTO "Segment" ("id", "length") VALUES (588, 573);
UPDATE "TrackElement" SET "region" = 385 WHERE "id" = 588;
INSERT INTO "monitoredBy" VALUES (588, 586);
INSERT INTO "TrackElement" ("id") VALUES (589);
INSERT INTO "Segment" ("id", "length") VALUES (589, 808);
UPDATE "TrackElement" SET "region" = 385 WHERE "id" = 589;
INSERT INTO "monitoredBy" VALUES (589, 586);
INSERT INTO "TrackElement" ("id") VALUES (590);
INSERT INTO "Segment" ("id", "length") VALUES (590, 631);
UPDATE "TrackElement" SET "region" = 385 WHERE "id" = 590;
INSERT INTO "monitoredBy" VALUES (590, 586);
INSERT INTO "TrackElement" ("id") VALUES (591);
INSERT INTO "Segment" ("id", "length") VALUES (591, 284);
UPDATE "TrackElement" SET "region" = 385 WHERE "id" = 591;
INSERT INTO "monitoredBy" VALUES (591, 586);
INSERT INTO "Sensor" ("id") VALUES (592);
UPDATE "Sensor" SET "region" = 385 WHERE "id" = 592;
INSERT INTO "monitoredBy" VALUES (585, 592);
INSERT INTO "requires" VALUES (384, 592);
INSERT INTO "TrackElement" ("id") VALUES (593);
INSERT INTO "Segment" ("id", "length") VALUES (593, 700);
UPDATE "TrackElement" SET "region" = 385 WHERE "id" = 593;
INSERT INTO "monitoredBy" VALUES (593, 592);
INSERT INTO "TrackElement" ("id") VALUES (594);
INSERT INTO "Segment" ("id", "length") VALUES (594, 918);
UPDATE "TrackElement" SET "region" = 385 WHERE "id" = 594;
INSERT INTO "monitoredBy" VALUES (594, 592);
INSERT INTO "TrackElement" ("id") VALUES (595);
INSERT INTO "Segment" ("id", "length") VALUES (595, 648);
UPDATE "TrackElement" SET "region" = 385 WHERE "id" = 595;
INSERT INTO "monitoredBy" VALUES (595, 592);
INSERT INTO "TrackElement" ("id") VALUES (596);
INSERT INTO "Segment" ("id", "length") VALUES (596, 300);
UPDATE "TrackElement" SET "region" = 385 WHERE "id" = 596;
INSERT INTO "monitoredBy" VALUES (596, 592);
INSERT INTO "TrackElement" ("id") VALUES (597);
INSERT INTO "Segment" ("id", "length") VALUES (597, 212);
UPDATE "TrackElement" SET "region" = 385 WHERE "id" = 597;
INSERT INTO "monitoredBy" VALUES (597, 592);
INSERT INTO "Sensor" ("id") VALUES (598);
UPDATE "Sensor" SET "region" = 385 WHERE "id" = 598;
INSERT INTO "monitoredBy" VALUES (585, 598);
INSERT INTO "requires" VALUES (384, 598);
INSERT INTO "TrackElement" ("id") VALUES (599);
INSERT INTO "Segment" ("id", "length") VALUES (599, 701);
UPDATE "TrackElement" SET "region" = 385 WHERE "id" = 599;
INSERT INTO "monitoredBy" VALUES (599, 598);
INSERT INTO "TrackElement" ("id") VALUES (600);
INSERT INTO "Segment" ("id", "length") VALUES (600, 365);
UPDATE "TrackElement" SET "region" = 385 WHERE "id" = 600;
INSERT INTO "monitoredBy" VALUES (600, 598);
INSERT INTO "TrackElement" ("id") VALUES (601);
INSERT INTO "Segment" ("id", "length") VALUES (601, 477);
UPDATE "TrackElement" SET "region" = 385 WHERE "id" = 601;
INSERT INTO "monitoredBy" VALUES (601, 598);
INSERT INTO "TrackElement" ("id") VALUES (602);
INSERT INTO "Segment" ("id", "length") VALUES (602, 166);
UPDATE "TrackElement" SET "region" = 385 WHERE "id" = 602;
INSERT INTO "monitoredBy" VALUES (602, 598);
INSERT INTO "TrackElement" ("id") VALUES (603);
INSERT INTO "Segment" ("id", "length") VALUES (603, 379);
UPDATE "TrackElement" SET "region" = 385 WHERE "id" = 603;
INSERT INTO "monitoredBy" VALUES (603, 598);
UPDATE "Switch" SET "currentPosition" = 0 WHERE "id" = 585;
INSERT INTO "SwitchPosition" ("id", "position", "target") VALUES (604, 0, 585);
UPDATE "SwitchPosition" SET "route" = 384 WHERE "id" = 604;
INSERT INTO "TrackElement" ("id") VALUES (605);
INSERT INTO "Switch" ("id") VALUES (605);
UPDATE "TrackElement" SET "region" = 385 WHERE "id" = 605;
INSERT INTO "Sensor" ("id") VALUES (606);
UPDATE "Sensor" SET "region" = 385 WHERE "id" = 606;
INSERT INTO "monitoredBy" VALUES (605, 606);
INSERT INTO "requires" VALUES (384, 606);
INSERT INTO "TrackElement" ("id") VALUES (607);
INSERT INTO "Segment" ("id", "length") VALUES (607, 945);
UPDATE "TrackElement" SET "region" = 385 WHERE "id" = 607;
INSERT INTO "monitoredBy" VALUES (607, 606);
INSERT INTO "TrackElement" ("id") VALUES (608);
INSERT INTO "Segment" ("id", "length") VALUES (608, 997);
UPDATE "TrackElement" SET "region" = 385 WHERE "id" = 608;
INSERT INTO "monitoredBy" VALUES (608, 606);
INSERT INTO "TrackElement" ("id") VALUES (609);
INSERT INTO "Segment" ("id", "length") VALUES (609, 681);
UPDATE "TrackElement" SET "region" = 385 WHERE "id" = 609;
INSERT INTO "monitoredBy" VALUES (609, 606);
INSERT INTO "TrackElement" ("id") VALUES (610);
INSERT INTO "Segment" ("id", "length") VALUES (610, 80);
UPDATE "TrackElement" SET "region" = 385 WHERE "id" = 610;
INSERT INTO "monitoredBy" VALUES (610, 606);
INSERT INTO "TrackElement" ("id") VALUES (611);
INSERT INTO "Segment" ("id", "length") VALUES (611, 913);
UPDATE "TrackElement" SET "region" = 385 WHERE "id" = 611;
INSERT INTO "monitoredBy" VALUES (611, 606);
INSERT INTO "Sensor" ("id") VALUES (612);
UPDATE "Sensor" SET "region" = 385 WHERE "id" = 612;
INSERT INTO "monitoredBy" VALUES (605, 612);
INSERT INTO "requires" VALUES (384, 612);
INSERT INTO "TrackElement" ("id") VALUES (613);
INSERT INTO "Segment" ("id", "length") VALUES (613, 557);
UPDATE "TrackElement" SET "region" = 385 WHERE "id" = 613;
INSERT INTO "monitoredBy" VALUES (613, 612);
INSERT INTO "TrackElement" ("id") VALUES (614);
INSERT INTO "Segment" ("id", "length") VALUES (614, 165);
UPDATE "TrackElement" SET "region" = 385 WHERE "id" = 614;
INSERT INTO "monitoredBy" VALUES (614, 612);
INSERT INTO "TrackElement" ("id") VALUES (615);
INSERT INTO "Segment" ("id", "length") VALUES (615, 238);
UPDATE "TrackElement" SET "region" = 385 WHERE "id" = 615;
INSERT INTO "monitoredBy" VALUES (615, 612);
INSERT INTO "TrackElement" ("id") VALUES (616);
INSERT INTO "Segment" ("id", "length") VALUES (616, 691);
UPDATE "TrackElement" SET "region" = 385 WHERE "id" = 616;
INSERT INTO "monitoredBy" VALUES (616, 612);
INSERT INTO "TrackElement" ("id") VALUES (617);
INSERT INTO "Segment" ("id", "length") VALUES (617, 804);
UPDATE "TrackElement" SET "region" = 385 WHERE "id" = 617;
INSERT INTO "monitoredBy" VALUES (617, 612);
UPDATE "Switch" SET "currentPosition" = 2 WHERE "id" = 605;
INSERT INTO "SwitchPosition" ("id", "position", "target") VALUES (618, 2, 605);
UPDATE "SwitchPosition" SET "route" = 384 WHERE "id" = 618;
INSERT INTO "TrackElement" ("id") VALUES (619);
INSERT INTO "Switch" ("id") VALUES (619);
UPDATE "TrackElement" SET "region" = 385 WHERE "id" = 619;
INSERT INTO "Sensor" ("id") VALUES (620);
UPDATE "Sensor" SET "region" = 385 WHERE "id" = 620;
INSERT INTO "monitoredBy" VALUES (619, 620);
INSERT INTO "requires" VALUES (384, 620);
INSERT INTO "TrackElement" ("id") VALUES (621);
INSERT INTO "Segment" ("id", "length") VALUES (621, 113);
UPDATE "TrackElement" SET "region" = 385 WHERE "id" = 621;
INSERT INTO "monitoredBy" VALUES (621, 620);
INSERT INTO "TrackElement" ("id") VALUES (622);
INSERT INTO "Segment" ("id", "length") VALUES (622, 575);
UPDATE "TrackElement" SET "region" = 385 WHERE "id" = 622;
INSERT INTO "monitoredBy" VALUES (622, 620);
INSERT INTO "TrackElement" ("id") VALUES (623);
INSERT INTO "Segment" ("id", "length") VALUES (623, 131);
UPDATE "TrackElement" SET "region" = 385 WHERE "id" = 623;
INSERT INTO "monitoredBy" VALUES (623, 620);
INSERT INTO "TrackElement" ("id") VALUES (624);
INSERT INTO "Segment" ("id", "length") VALUES (624, 211);
UPDATE "TrackElement" SET "region" = 385 WHERE "id" = 624;
INSERT INTO "monitoredBy" VALUES (624, 620);
INSERT INTO "TrackElement" ("id") VALUES (625);
INSERT INTO "Segment" ("id", "length") VALUES (625, 911);
UPDATE "TrackElement" SET "region" = 385 WHERE "id" = 625;
INSERT INTO "monitoredBy" VALUES (625, 620);
INSERT INTO "Sensor" ("id") VALUES (626);
UPDATE "Sensor" SET "region" = 385 WHERE "id" = 626;
INSERT INTO "monitoredBy" VALUES (619, 626);
INSERT INTO "TrackElement" ("id") VALUES (627);
INSERT INTO "Segment" ("id", "length") VALUES (627, 248);
UPDATE "TrackElement" SET "region" = 385 WHERE "id" = 627;
INSERT INTO "monitoredBy" VALUES (627, 626);
INSERT INTO "TrackElement" ("id") VALUES (628);
INSERT INTO "Segment" ("id", "length") VALUES (628, 351);
UPDATE "TrackElement" SET "region" = 385 WHERE "id" = 628;
INSERT INTO "monitoredBy" VALUES (628, 626);
INSERT INTO "TrackElement" ("id") VALUES (629);
INSERT INTO "Segment" ("id", "length") VALUES (629, 95);
UPDATE "TrackElement" SET "region" = 385 WHERE "id" = 629;
INSERT INTO "monitoredBy" VALUES (629, 626);
INSERT INTO "TrackElement" ("id") VALUES (630);
INSERT INTO "Segment" ("id", "length") VALUES (630, 912);
UPDATE "TrackElement" SET "region" = 385 WHERE "id" = 630;
INSERT INTO "monitoredBy" VALUES (630, 626);
INSERT INTO "TrackElement" ("id") VALUES (631);
INSERT INTO "Segment" ("id", "length") VALUES (631, 99);
UPDATE "TrackElement" SET "region" = 385 WHERE "id" = 631;
INSERT INTO "monitoredBy" VALUES (631, 626);
INSERT INTO "Sensor" ("id") VALUES (632);
UPDATE "Sensor" SET "region" = 385 WHERE "id" = 632;
INSERT INTO "monitoredBy" VALUES (619, 632);
INSERT INTO "requires" VALUES (384, 632);
INSERT INTO "TrackElement" ("id") VALUES (633);
INSERT INTO "Segment" ("id", "length") VALUES (633, 504);
UPDATE "TrackElement" SET "region" = 385 WHERE "id" = 633;
INSERT INTO "monitoredBy" VALUES (633, 632);
INSERT INTO "TrackElement" ("id") VALUES (634);
INSERT INTO "Segment" ("id", "length") VALUES (634, 471);
UPDATE "TrackElement" SET "region" = 385 WHERE "id" = 634;
INSERT INTO "monitoredBy" VALUES (634, 632);
INSERT INTO "TrackElement" ("id") VALUES (635);
INSERT INTO "Segment" ("id", "length") VALUES (635, 525);
UPDATE "TrackElement" SET "region" = 385 WHERE "id" = 635;
INSERT INTO "monitoredBy" VALUES (635, 632);
INSERT INTO "TrackElement" ("id") VALUES (636);
INSERT INTO "Segment" ("id", "length") VALUES (636, 795);
UPDATE "TrackElement" SET "region" = 385 WHERE "id" = 636;
INSERT INTO "monitoredBy" VALUES (636, 632);
INSERT INTO "TrackElement" ("id") VALUES (637);
INSERT INTO "Segment" ("id", "length") VALUES (637, 636);
UPDATE "TrackElement" SET "region" = 385 WHERE "id" = 637;
INSERT INTO "monitoredBy" VALUES (637, 632);
INSERT INTO "Sensor" ("id") VALUES (638);
UPDATE "Sensor" SET "region" = 385 WHERE "id" = 638;
INSERT INTO "monitoredBy" VALUES (619, 638);
INSERT INTO "requires" VALUES (384, 638);
INSERT INTO "TrackElement" ("id") VALUES (639);
INSERT INTO "Segment" ("id", "length") VALUES (639, 367);
UPDATE "TrackElement" SET "region" = 385 WHERE "id" = 639;
INSERT INTO "monitoredBy" VALUES (639, 638);
INSERT INTO "TrackElement" ("id") VALUES (640);
INSERT INTO "Segment" ("id", "length") VALUES (640, 685);
UPDATE "TrackElement" SET "region" = 385 WHERE "id" = 640;
INSERT INTO "monitoredBy" VALUES (640, 638);
INSERT INTO "TrackElement" ("id") VALUES (641);
INSERT INTO "Segment" ("id", "length") VALUES (641, 148);
UPDATE "TrackElement" SET "region" = 385 WHERE "id" = 641;
INSERT INTO "monitoredBy" VALUES (641, 638);
INSERT INTO "TrackElement" ("id") VALUES (642);
INSERT INTO "Segment" ("id", "length") VALUES (642, 768);
UPDATE "TrackElement" SET "region" = 385 WHERE "id" = 642;
INSERT INTO "monitoredBy" VALUES (642, 638);
INSERT INTO "TrackElement" ("id") VALUES (643);
INSERT INTO "Segment" ("id", "length") VALUES (643, 905);
UPDATE "TrackElement" SET "region" = 385 WHERE "id" = 643;
INSERT INTO "monitoredBy" VALUES (643, 638);
INSERT INTO "Sensor" ("id") VALUES (644);
UPDATE "Sensor" SET "region" = 385 WHERE "id" = 644;
INSERT INTO "monitoredBy" VALUES (619, 644);
INSERT INTO "requires" VALUES (384, 644);
INSERT INTO "TrackElement" ("id") VALUES (645);
INSERT INTO "Segment" ("id", "length") VALUES (645, -263);
UPDATE "TrackElement" SET "region" = 385 WHERE "id" = 645;
INSERT INTO "monitoredBy" VALUES (645, 644);
INSERT INTO "TrackElement" ("id") VALUES (646);
INSERT INTO "Segment" ("id", "length") VALUES (646, 926);
UPDATE "TrackElement" SET "region" = 385 WHERE "id" = 646;
INSERT INTO "monitoredBy" VALUES (646, 644);
INSERT INTO "TrackElement" ("id") VALUES (647);
INSERT INTO "Segment" ("id", "length") VALUES (647, 672);
UPDATE "TrackElement" SET "region" = 385 WHERE "id" = 647;
INSERT INTO "monitoredBy" VALUES (647, 644);
INSERT INTO "TrackElement" ("id") VALUES (648);
INSERT INTO "Segment" ("id", "length") VALUES (648, 496);
UPDATE "TrackElement" SET "region" = 385 WHERE "id" = 648;
INSERT INTO "monitoredBy" VALUES (648, 644);
INSERT INTO "TrackElement" ("id") VALUES (649);
INSERT INTO "Segment" ("id", "length") VALUES (649, 551);
UPDATE "TrackElement" SET "region" = 385 WHERE "id" = 649;
INSERT INTO "monitoredBy" VALUES (649, 644);
INSERT INTO "TrackElement" ("id") VALUES (650);
INSERT INTO "Segment" ("id", "length") VALUES (650, 763);
UPDATE "TrackElement" SET "region" = 385 WHERE "id" = 650;
INSERT INTO "monitoredBy" VALUES (650, 644);
INSERT INTO "Sensor" ("id") VALUES (651);
UPDATE "Sensor" SET "region" = 385 WHERE "id" = 651;
INSERT INTO "monitoredBy" VALUES (619, 651);
INSERT INTO "requires" VALUES (384, 651);
INSERT INTO "TrackElement" ("id") VALUES (652);
INSERT INTO "Segment" ("id", "length") VALUES (652, 929);
UPDATE "TrackElement" SET "region" = 385 WHERE "id" = 652;
INSERT INTO "monitoredBy" VALUES (652, 651);
INSERT INTO "TrackElement" ("id") VALUES (653);
INSERT INTO "Segment" ("id", "length") VALUES (653, 710);
UPDATE "TrackElement" SET "region" = 385 WHERE "id" = 653;
INSERT INTO "monitoredBy" VALUES (653, 651);
INSERT INTO "TrackElement" ("id") VALUES (654);
INSERT INTO "Segment" ("id", "length") VALUES (654, 52);
UPDATE "TrackElement" SET "region" = 385 WHERE "id" = 654;
INSERT INTO "monitoredBy" VALUES (654, 651);
INSERT INTO "TrackElement" ("id") VALUES (655);
INSERT INTO "Segment" ("id", "length") VALUES (655, 667);
UPDATE "TrackElement" SET "region" = 385 WHERE "id" = 655;
INSERT INTO "monitoredBy" VALUES (655, 651);
INSERT INTO "TrackElement" ("id") VALUES (656);
INSERT INTO "Segment" ("id", "length") VALUES (656, 285);
UPDATE "TrackElement" SET "region" = 385 WHERE "id" = 656;
INSERT INTO "monitoredBy" VALUES (656, 651);
UPDATE "Switch" SET "currentPosition" = 0 WHERE "id" = 619;
INSERT INTO "SwitchPosition" ("id", "position", "target") VALUES (657, 0, 619);
UPDATE "SwitchPosition" SET "route" = 384 WHERE "id" = 657;
INSERT INTO "TrackElement" ("id") VALUES (658);
INSERT INTO "Switch" ("id") VALUES (658);
UPDATE "TrackElement" SET "region" = 385 WHERE "id" = 658;
INSERT INTO "Sensor" ("id") VALUES (659);
UPDATE "Sensor" SET "region" = 385 WHERE "id" = 659;
INSERT INTO "monitoredBy" VALUES (658, 659);
INSERT INTO "requires" VALUES (384, 659);
INSERT INTO "TrackElement" ("id") VALUES (660);
INSERT INTO "Segment" ("id", "length") VALUES (660, 432);
UPDATE "TrackElement" SET "region" = 385 WHERE "id" = 660;
INSERT INTO "monitoredBy" VALUES (660, 659);
INSERT INTO "TrackElement" ("id") VALUES (661);
INSERT INTO "Segment" ("id", "length") VALUES (661, 232);
UPDATE "TrackElement" SET "region" = 385 WHERE "id" = 661;
INSERT INTO "monitoredBy" VALUES (661, 659);
INSERT INTO "TrackElement" ("id") VALUES (662);
INSERT INTO "Segment" ("id", "length") VALUES (662, 404);
UPDATE "TrackElement" SET "region" = 385 WHERE "id" = 662;
INSERT INTO "monitoredBy" VALUES (662, 659);
INSERT INTO "TrackElement" ("id") VALUES (663);
INSERT INTO "Segment" ("id", "length") VALUES (663, 280);
UPDATE "TrackElement" SET "region" = 385 WHERE "id" = 663;
INSERT INTO "monitoredBy" VALUES (663, 659);
INSERT INTO "TrackElement" ("id") VALUES (664);
INSERT INTO "Segment" ("id", "length") VALUES (664, 927);
UPDATE "TrackElement" SET "region" = 385 WHERE "id" = 664;
INSERT INTO "monitoredBy" VALUES (664, 659);
INSERT INTO "Sensor" ("id") VALUES (665);
UPDATE "Sensor" SET "region" = 385 WHERE "id" = 665;
INSERT INTO "monitoredBy" VALUES (658, 665);
INSERT INTO "requires" VALUES (384, 665);
INSERT INTO "TrackElement" ("id") VALUES (666);
INSERT INTO "Segment" ("id", "length") VALUES (666, 11);
UPDATE "TrackElement" SET "region" = 385 WHERE "id" = 666;
INSERT INTO "monitoredBy" VALUES (666, 665);
INSERT INTO "TrackElement" ("id") VALUES (667);
INSERT INTO "Segment" ("id", "length") VALUES (667, 324);
UPDATE "TrackElement" SET "region" = 385 WHERE "id" = 667;
INSERT INTO "monitoredBy" VALUES (667, 665);
INSERT INTO "TrackElement" ("id") VALUES (668);
INSERT INTO "Segment" ("id", "length") VALUES (668, 15);
UPDATE "TrackElement" SET "region" = 385 WHERE "id" = 668;
INSERT INTO "monitoredBy" VALUES (668, 665);
INSERT INTO "TrackElement" ("id") VALUES (669);
INSERT INTO "Segment" ("id", "length") VALUES (669, 309);
UPDATE "TrackElement" SET "region" = 385 WHERE "id" = 669;
INSERT INTO "monitoredBy" VALUES (669, 665);
INSERT INTO "TrackElement" ("id") VALUES (670);
INSERT INTO "Segment" ("id", "length") VALUES (670, 596);
UPDATE "TrackElement" SET "region" = 385 WHERE "id" = 670;
INSERT INTO "monitoredBy" VALUES (670, 665);
INSERT INTO "Sensor" ("id") VALUES (671);
UPDATE "Sensor" SET "region" = 385 WHERE "id" = 671;
INSERT INTO "monitoredBy" VALUES (658, 671);
INSERT INTO "TrackElement" ("id") VALUES (672);
INSERT INTO "Segment" ("id", "length") VALUES (672, 887);
UPDATE "TrackElement" SET "region" = 385 WHERE "id" = 672;
INSERT INTO "monitoredBy" VALUES (672, 671);
INSERT INTO "TrackElement" ("id") VALUES (673);
INSERT INTO "Segment" ("id", "length") VALUES (673, 838);
UPDATE "TrackElement" SET "region" = 385 WHERE "id" = 673;
INSERT INTO "monitoredBy" VALUES (673, 671);
INSERT INTO "TrackElement" ("id") VALUES (674);
INSERT INTO "Segment" ("id", "length") VALUES (674, 380);
UPDATE "TrackElement" SET "region" = 385 WHERE "id" = 674;
INSERT INTO "monitoredBy" VALUES (674, 671);
INSERT INTO "TrackElement" ("id") VALUES (675);
INSERT INTO "Segment" ("id", "length") VALUES (675, 625);
UPDATE "TrackElement" SET "region" = 385 WHERE "id" = 675;
INSERT INTO "monitoredBy" VALUES (675, 671);
INSERT INTO "TrackElement" ("id") VALUES (676);
INSERT INTO "Segment" ("id", "length") VALUES (676, 883);
UPDATE "TrackElement" SET "region" = 385 WHERE "id" = 676;
INSERT INTO "monitoredBy" VALUES (676, 671);
INSERT INTO "Sensor" ("id") VALUES (677);
UPDATE "Sensor" SET "region" = 385 WHERE "id" = 677;
INSERT INTO "monitoredBy" VALUES (658, 677);
INSERT INTO "requires" VALUES (384, 677);
INSERT INTO "TrackElement" ("id") VALUES (678);
INSERT INTO "Segment" ("id", "length") VALUES (678, 559);
UPDATE "TrackElement" SET "region" = 385 WHERE "id" = 678;
INSERT INTO "monitoredBy" VALUES (678, 677);
INSERT INTO "TrackElement" ("id") VALUES (679);
INSERT INTO "Segment" ("id", "length") VALUES (679, 448);
UPDATE "TrackElement" SET "region" = 385 WHERE "id" = 679;
INSERT INTO "monitoredBy" VALUES (679, 677);
INSERT INTO "TrackElement" ("id") VALUES (680);
INSERT INTO "Segment" ("id", "length") VALUES (680, 367);
UPDATE "TrackElement" SET "region" = 385 WHERE "id" = 680;
INSERT INTO "monitoredBy" VALUES (680, 677);
INSERT INTO "TrackElement" ("id") VALUES (681);
INSERT INTO "Segment" ("id", "length") VALUES (681, 576);
UPDATE "TrackElement" SET "region" = 385 WHERE "id" = 681;
INSERT INTO "monitoredBy" VALUES (681, 677);
INSERT INTO "TrackElement" ("id") VALUES (682);
INSERT INTO "Segment" ("id", "length") VALUES (682, 734);
UPDATE "TrackElement" SET "region" = 385 WHERE "id" = 682;
INSERT INTO "monitoredBy" VALUES (682, 677);
INSERT INTO "Sensor" ("id") VALUES (683);
UPDATE "Sensor" SET "region" = 385 WHERE "id" = 683;
INSERT INTO "monitoredBy" VALUES (658, 683);
INSERT INTO "requires" VALUES (384, 683);
INSERT INTO "TrackElement" ("id") VALUES (684);
INSERT INTO "Segment" ("id", "length") VALUES (684, 438);
UPDATE "TrackElement" SET "region" = 385 WHERE "id" = 684;
INSERT INTO "monitoredBy" VALUES (684, 683);
INSERT INTO "TrackElement" ("id") VALUES (685);
INSERT INTO "Segment" ("id", "length") VALUES (685, 362);
UPDATE "TrackElement" SET "region" = 385 WHERE "id" = 685;
INSERT INTO "monitoredBy" VALUES (685, 683);
INSERT INTO "TrackElement" ("id") VALUES (686);
INSERT INTO "Segment" ("id", "length") VALUES (686, 658);
UPDATE "TrackElement" SET "region" = 385 WHERE "id" = 686;
INSERT INTO "monitoredBy" VALUES (686, 683);
INSERT INTO "TrackElement" ("id") VALUES (687);
INSERT INTO "Segment" ("id", "length") VALUES (687, 565);
UPDATE "TrackElement" SET "region" = 385 WHERE "id" = 687;
INSERT INTO "monitoredBy" VALUES (687, 683);
INSERT INTO "TrackElement" ("id") VALUES (688);
INSERT INTO "Segment" ("id", "length") VALUES (688, 618);
UPDATE "TrackElement" SET "region" = 385 WHERE "id" = 688;
INSERT INTO "monitoredBy" VALUES (688, 683);
INSERT INTO "Sensor" ("id") VALUES (689);
UPDATE "Sensor" SET "region" = 385 WHERE "id" = 689;
INSERT INTO "monitoredBy" VALUES (658, 689);
INSERT INTO "requires" VALUES (384, 689);
INSERT INTO "TrackElement" ("id") VALUES (690);
INSERT INTO "Segment" ("id", "length") VALUES (690, 170);
UPDATE "TrackElement" SET "region" = 385 WHERE "id" = 690;
INSERT INTO "monitoredBy" VALUES (690, 689);
INSERT INTO "TrackElement" ("id") VALUES (691);
INSERT INTO "Segment" ("id", "length") VALUES (691, 809);
UPDATE "TrackElement" SET "region" = 385 WHERE "id" = 691;
INSERT INTO "monitoredBy" VALUES (691, 689);
INSERT INTO "TrackElement" ("id") VALUES (692);
INSERT INTO "Segment" ("id", "length") VALUES (692, 434);
UPDATE "TrackElement" SET "region" = 385 WHERE "id" = 692;
INSERT INTO "monitoredBy" VALUES (692, 689);
INSERT INTO "TrackElement" ("id") VALUES (693);
INSERT INTO "Segment" ("id", "length") VALUES (693, 574);
UPDATE "TrackElement" SET "region" = 385 WHERE "id" = 693;
INSERT INTO "monitoredBy" VALUES (693, 689);
INSERT INTO "TrackElement" ("id") VALUES (694);
INSERT INTO "Segment" ("id", "length") VALUES (694, 81);
UPDATE "TrackElement" SET "region" = 385 WHERE "id" = 694;
INSERT INTO "monitoredBy" VALUES (694, 689);
INSERT INTO "Sensor" ("id") VALUES (695);
UPDATE "Sensor" SET "region" = 385 WHERE "id" = 695;
INSERT INTO "monitoredBy" VALUES (658, 695);
INSERT INTO "requires" VALUES (384, 695);
INSERT INTO "TrackElement" ("id") VALUES (696);
INSERT INTO "Segment" ("id", "length") VALUES (696, 719);
UPDATE "TrackElement" SET "region" = 385 WHERE "id" = 696;
INSERT INTO "monitoredBy" VALUES (696, 695);
INSERT INTO "TrackElement" ("id") VALUES (697);
INSERT INTO "Segment" ("id", "length") VALUES (697, 738);
UPDATE "TrackElement" SET "region" = 385 WHERE "id" = 697;
INSERT INTO "monitoredBy" VALUES (697, 695);
INSERT INTO "TrackElement" ("id") VALUES (698);
INSERT INTO "Segment" ("id", "length") VALUES (698, 811);
UPDATE "TrackElement" SET "region" = 385 WHERE "id" = 698;
INSERT INTO "monitoredBy" VALUES (698, 695);
INSERT INTO "TrackElement" ("id") VALUES (699);
INSERT INTO "Segment" ("id", "length") VALUES (699, 979);
UPDATE "TrackElement" SET "region" = 385 WHERE "id" = 699;
INSERT INTO "monitoredBy" VALUES (699, 695);
INSERT INTO "TrackElement" ("id") VALUES (700);
INSERT INTO "Segment" ("id", "length") VALUES (700, 354);
UPDATE "TrackElement" SET "region" = 385 WHERE "id" = 700;
INSERT INTO "monitoredBy" VALUES (700, 695);
INSERT INTO "Sensor" ("id") VALUES (701);
UPDATE "Sensor" SET "region" = 385 WHERE "id" = 701;
INSERT INTO "monitoredBy" VALUES (658, 701);
INSERT INTO "requires" VALUES (384, 701);
INSERT INTO "TrackElement" ("id") VALUES (702);
INSERT INTO "Segment" ("id", "length") VALUES (702, 998);
UPDATE "TrackElement" SET "region" = 385 WHERE "id" = 702;
INSERT INTO "monitoredBy" VALUES (702, 701);
INSERT INTO "TrackElement" ("id") VALUES (703);
INSERT INTO "Segment" ("id", "length") VALUES (703, 297);
UPDATE "TrackElement" SET "region" = 385 WHERE "id" = 703;
INSERT INTO "monitoredBy" VALUES (703, 701);
INSERT INTO "TrackElement" ("id") VALUES (704);
INSERT INTO "Segment" ("id", "length") VALUES (704, 941);
UPDATE "TrackElement" SET "region" = 385 WHERE "id" = 704;
INSERT INTO "monitoredBy" VALUES (704, 701);
INSERT INTO "TrackElement" ("id") VALUES (705);
INSERT INTO "Segment" ("id", "length") VALUES (705, 320);
UPDATE "TrackElement" SET "region" = 385 WHERE "id" = 705;
INSERT INTO "monitoredBy" VALUES (705, 701);
INSERT INTO "TrackElement" ("id") VALUES (706);
INSERT INTO "Segment" ("id", "length") VALUES (706, 867);
UPDATE "TrackElement" SET "region" = 385 WHERE "id" = 706;
INSERT INTO "monitoredBy" VALUES (706, 701);
UPDATE "Switch" SET "currentPosition" = 0 WHERE "id" = 658;
INSERT INTO "SwitchPosition" ("id", "position", "target") VALUES (707, 0, 658);
UPDATE "SwitchPosition" SET "route" = 384 WHERE "id" = 707;
INSERT INTO "TrackElement" ("id") VALUES (708);
INSERT INTO "Switch" ("id") VALUES (708);
UPDATE "TrackElement" SET "region" = 385 WHERE "id" = 708;
INSERT INTO "Sensor" ("id") VALUES (709);
UPDATE "Sensor" SET "region" = 385 WHERE "id" = 709;
INSERT INTO "monitoredBy" VALUES (708, 709);
INSERT INTO "requires" VALUES (384, 709);
INSERT INTO "TrackElement" ("id") VALUES (710);
INSERT INTO "Segment" ("id", "length") VALUES (710, 399);
UPDATE "TrackElement" SET "region" = 385 WHERE "id" = 710;
INSERT INTO "monitoredBy" VALUES (710, 709);
INSERT INTO "TrackElement" ("id") VALUES (711);
INSERT INTO "Segment" ("id", "length") VALUES (711, 248);
UPDATE "TrackElement" SET "region" = 385 WHERE "id" = 711;
INSERT INTO "monitoredBy" VALUES (711, 709);
INSERT INTO "TrackElement" ("id") VALUES (712);
INSERT INTO "Segment" ("id", "length") VALUES (712, 390);
UPDATE "TrackElement" SET "region" = 385 WHERE "id" = 712;
INSERT INTO "monitoredBy" VALUES (712, 709);
INSERT INTO "TrackElement" ("id") VALUES (713);
INSERT INTO "Segment" ("id", "length") VALUES (713, 871);
UPDATE "TrackElement" SET "region" = 385 WHERE "id" = 713;
INSERT INTO "monitoredBy" VALUES (713, 709);
INSERT INTO "TrackElement" ("id") VALUES (714);
INSERT INTO "Segment" ("id", "length") VALUES (714, 387);
UPDATE "TrackElement" SET "region" = 385 WHERE "id" = 714;
INSERT INTO "monitoredBy" VALUES (714, 709);
INSERT INTO "Sensor" ("id") VALUES (715);
UPDATE "Sensor" SET "region" = 385 WHERE "id" = 715;
INSERT INTO "monitoredBy" VALUES (708, 715);
INSERT INTO "requires" VALUES (384, 715);
INSERT INTO "TrackElement" ("id") VALUES (716);
INSERT INTO "Segment" ("id", "length") VALUES (716, 17);
UPDATE "TrackElement" SET "region" = 385 WHERE "id" = 716;
INSERT INTO "monitoredBy" VALUES (716, 715);
INSERT INTO "TrackElement" ("id") VALUES (717);
INSERT INTO "Segment" ("id", "length") VALUES (717, 556);
UPDATE "TrackElement" SET "region" = 385 WHERE "id" = 717;
INSERT INTO "monitoredBy" VALUES (717, 715);
INSERT INTO "TrackElement" ("id") VALUES (718);
INSERT INTO "Segment" ("id", "length") VALUES (718, 225);
UPDATE "TrackElement" SET "region" = 385 WHERE "id" = 718;
INSERT INTO "monitoredBy" VALUES (718, 715);
INSERT INTO "TrackElement" ("id") VALUES (719);
INSERT INTO "Segment" ("id", "length") VALUES (719, 957);
UPDATE "TrackElement" SET "region" = 385 WHERE "id" = 719;
INSERT INTO "monitoredBy" VALUES (719, 715);
INSERT INTO "TrackElement" ("id") VALUES (720);
INSERT INTO "Segment" ("id", "length") VALUES (720, 481);
UPDATE "TrackElement" SET "region" = 385 WHERE "id" = 720;
INSERT INTO "monitoredBy" VALUES (720, 715);
UPDATE "Switch" SET "currentPosition" = 2 WHERE "id" = 708;
INSERT INTO "SwitchPosition" ("id", "position", "target") VALUES (721, 2, 708);
UPDATE "SwitchPosition" SET "route" = 384 WHERE "id" = 721;
INSERT INTO "TrackElement" ("id") VALUES (722);
INSERT INTO "Switch" ("id") VALUES (722);
UPDATE "TrackElement" SET "region" = 385 WHERE "id" = 722;
INSERT INTO "Sensor" ("id") VALUES (723);
UPDATE "Sensor" SET "region" = 385 WHERE "id" = 723;
INSERT INTO "monitoredBy" VALUES (722, 723);
INSERT INTO "TrackElement" ("id") VALUES (724);
INSERT INTO "Segment" ("id", "length") VALUES (724, 242);
UPDATE "TrackElement" SET "region" = 385 WHERE "id" = 724;
INSERT INTO "monitoredBy" VALUES (724, 723);
INSERT INTO "TrackElement" ("id") VALUES (725);
INSERT INTO "Segment" ("id", "length") VALUES (725, 263);
UPDATE "TrackElement" SET "region" = 385 WHERE "id" = 725;
INSERT INTO "monitoredBy" VALUES (725, 723);
INSERT INTO "TrackElement" ("id") VALUES (726);
INSERT INTO "Segment" ("id", "length") VALUES (726, 445);
UPDATE "TrackElement" SET "region" = 385 WHERE "id" = 726;
INSERT INTO "monitoredBy" VALUES (726, 723);
INSERT INTO "TrackElement" ("id") VALUES (727);
INSERT INTO "Segment" ("id", "length") VALUES (727, 633);
UPDATE "TrackElement" SET "region" = 385 WHERE "id" = 727;
INSERT INTO "monitoredBy" VALUES (727, 723);
INSERT INTO "TrackElement" ("id") VALUES (728);
INSERT INTO "Segment" ("id", "length") VALUES (728, 310);
UPDATE "TrackElement" SET "region" = 385 WHERE "id" = 728;
INSERT INTO "monitoredBy" VALUES (728, 723);
INSERT INTO "Sensor" ("id") VALUES (729);
UPDATE "Sensor" SET "region" = 385 WHERE "id" = 729;
INSERT INTO "monitoredBy" VALUES (722, 729);
INSERT INTO "requires" VALUES (384, 729);
INSERT INTO "TrackElement" ("id") VALUES (730);
INSERT INTO "Segment" ("id", "length") VALUES (730, 514);
UPDATE "TrackElement" SET "region" = 385 WHERE "id" = 730;
INSERT INTO "monitoredBy" VALUES (730, 729);
INSERT INTO "TrackElement" ("id") VALUES (731);
INSERT INTO "Segment" ("id", "length") VALUES (731, 938);
UPDATE "TrackElement" SET "region" = 385 WHERE "id" = 731;
INSERT INTO "monitoredBy" VALUES (731, 729);
INSERT INTO "TrackElement" ("id") VALUES (732);
INSERT INTO "Segment" ("id", "length") VALUES (732, 507);
UPDATE "TrackElement" SET "region" = 385 WHERE "id" = 732;
INSERT INTO "monitoredBy" VALUES (732, 729);
INSERT INTO "TrackElement" ("id") VALUES (733);
INSERT INTO "Segment" ("id", "length") VALUES (733, 39);
UPDATE "TrackElement" SET "region" = 385 WHERE "id" = 733;
INSERT INTO "monitoredBy" VALUES (733, 729);
INSERT INTO "TrackElement" ("id") VALUES (734);
INSERT INTO "Segment" ("id", "length") VALUES (734, 232);
UPDATE "TrackElement" SET "region" = 385 WHERE "id" = 734;
INSERT INTO "monitoredBy" VALUES (734, 729);
INSERT INTO "Sensor" ("id") VALUES (735);
UPDATE "Sensor" SET "region" = 385 WHERE "id" = 735;
INSERT INTO "monitoredBy" VALUES (722, 735);
INSERT INTO "TrackElement" ("id") VALUES (736);
INSERT INTO "Segment" ("id", "length") VALUES (736, 623);
UPDATE "TrackElement" SET "region" = 385 WHERE "id" = 736;
INSERT INTO "monitoredBy" VALUES (736, 735);
INSERT INTO "TrackElement" ("id") VALUES (737);
INSERT INTO "Segment" ("id", "length") VALUES (737, 711);
UPDATE "TrackElement" SET "region" = 385 WHERE "id" = 737;
INSERT INTO "monitoredBy" VALUES (737, 735);
INSERT INTO "TrackElement" ("id") VALUES (738);
INSERT INTO "Segment" ("id", "length") VALUES (738, 689);
UPDATE "TrackElement" SET "region" = 385 WHERE "id" = 738;
INSERT INTO "monitoredBy" VALUES (738, 735);
INSERT INTO "TrackElement" ("id") VALUES (739);
INSERT INTO "Segment" ("id", "length") VALUES (739, 56);
UPDATE "TrackElement" SET "region" = 385 WHERE "id" = 739;
INSERT INTO "monitoredBy" VALUES (739, 735);
INSERT INTO "TrackElement" ("id") VALUES (740);
INSERT INTO "Segment" ("id", "length") VALUES (740, 177);
UPDATE "TrackElement" SET "region" = 385 WHERE "id" = 740;
INSERT INTO "monitoredBy" VALUES (740, 735);
INSERT INTO "Sensor" ("id") VALUES (741);
UPDATE "Sensor" SET "region" = 385 WHERE "id" = 741;
INSERT INTO "monitoredBy" VALUES (722, 741);
INSERT INTO "requires" VALUES (384, 741);
INSERT INTO "TrackElement" ("id") VALUES (742);
INSERT INTO "Segment" ("id", "length") VALUES (742, 302);
UPDATE "TrackElement" SET "region" = 385 WHERE "id" = 742;
INSERT INTO "monitoredBy" VALUES (742, 741);
INSERT INTO "TrackElement" ("id") VALUES (743);
INSERT INTO "Segment" ("id", "length") VALUES (743, 386);
UPDATE "TrackElement" SET "region" = 385 WHERE "id" = 743;
INSERT INTO "monitoredBy" VALUES (743, 741);
INSERT INTO "TrackElement" ("id") VALUES (744);
INSERT INTO "Segment" ("id", "length") VALUES (744, 514);
UPDATE "TrackElement" SET "region" = 385 WHERE "id" = 744;
INSERT INTO "monitoredBy" VALUES (744, 741);
INSERT INTO "TrackElement" ("id") VALUES (745);
INSERT INTO "Segment" ("id", "length") VALUES (745, 827);
UPDATE "TrackElement" SET "region" = 385 WHERE "id" = 745;
INSERT INTO "monitoredBy" VALUES (745, 741);
INSERT INTO "TrackElement" ("id") VALUES (746);
INSERT INTO "Segment" ("id", "length") VALUES (746, 88);
UPDATE "TrackElement" SET "region" = 385 WHERE "id" = 746;
INSERT INTO "monitoredBy" VALUES (746, 741);
INSERT INTO "Sensor" ("id") VALUES (747);
UPDATE "Sensor" SET "region" = 385 WHERE "id" = 747;
INSERT INTO "monitoredBy" VALUES (722, 747);
INSERT INTO "requires" VALUES (384, 747);
INSERT INTO "TrackElement" ("id") VALUES (748);
INSERT INTO "Segment" ("id", "length") VALUES (748, 123);
UPDATE "TrackElement" SET "region" = 385 WHERE "id" = 748;
INSERT INTO "monitoredBy" VALUES (748, 747);
INSERT INTO "TrackElement" ("id") VALUES (749);
INSERT INTO "Segment" ("id", "length") VALUES (749, 131);
UPDATE "TrackElement" SET "region" = 385 WHERE "id" = 749;
INSERT INTO "monitoredBy" VALUES (749, 747);
INSERT INTO "TrackElement" ("id") VALUES (750);
INSERT INTO "Segment" ("id", "length") VALUES (750, 329);
UPDATE "TrackElement" SET "region" = 385 WHERE "id" = 750;
INSERT INTO "monitoredBy" VALUES (750, 747);
INSERT INTO "TrackElement" ("id") VALUES (751);
INSERT INTO "Segment" ("id", "length") VALUES (751, 959);
UPDATE "TrackElement" SET "region" = 385 WHERE "id" = 751;
INSERT INTO "monitoredBy" VALUES (751, 747);
INSERT INTO "TrackElement" ("id") VALUES (752);
INSERT INTO "Segment" ("id", "length") VALUES (752, 159);
UPDATE "TrackElement" SET "region" = 385 WHERE "id" = 752;
INSERT INTO "monitoredBy" VALUES (752, 747);
INSERT INTO "Sensor" ("id") VALUES (753);
UPDATE "Sensor" SET "region" = 385 WHERE "id" = 753;
INSERT INTO "monitoredBy" VALUES (722, 753);
INSERT INTO "requires" VALUES (384, 753);
INSERT INTO "TrackElement" ("id") VALUES (754);
INSERT INTO "Segment" ("id", "length") VALUES (754, -645);
UPDATE "TrackElement" SET "region" = 385 WHERE "id" = 754;
INSERT INTO "monitoredBy" VALUES (754, 753);
INSERT INTO "TrackElement" ("id") VALUES (755);
INSERT INTO "Segment" ("id", "length") VALUES (755, 164);
UPDATE "TrackElement" SET "region" = 385 WHERE "id" = 755;
INSERT INTO "monitoredBy" VALUES (755, 753);
INSERT INTO "TrackElement" ("id") VALUES (756);
INSERT INTO "Segment" ("id", "length") VALUES (756, 220);
UPDATE "TrackElement" SET "region" = 385 WHERE "id" = 756;
INSERT INTO "monitoredBy" VALUES (756, 753);
INSERT INTO "TrackElement" ("id") VALUES (757);
INSERT INTO "Segment" ("id", "length") VALUES (757, 395);
UPDATE "TrackElement" SET "region" = 385 WHERE "id" = 757;
INSERT INTO "monitoredBy" VALUES (757, 753);
INSERT INTO "TrackElement" ("id") VALUES (758);
INSERT INTO "Segment" ("id", "length") VALUES (758, 710);
UPDATE "TrackElement" SET "region" = 385 WHERE "id" = 758;
INSERT INTO "monitoredBy" VALUES (758, 753);
INSERT INTO "Sensor" ("id") VALUES (759);
UPDATE "Sensor" SET "region" = 385 WHERE "id" = 759;
INSERT INTO "monitoredBy" VALUES (722, 759);
INSERT INTO "requires" VALUES (384, 759);
INSERT INTO "TrackElement" ("id") VALUES (760);
INSERT INTO "Segment" ("id", "length") VALUES (760, 794);
UPDATE "TrackElement" SET "region" = 385 WHERE "id" = 760;
INSERT INTO "monitoredBy" VALUES (760, 759);
INSERT INTO "TrackElement" ("id") VALUES (761);
INSERT INTO "Segment" ("id", "length") VALUES (761, 327);
UPDATE "TrackElement" SET "region" = 385 WHERE "id" = 761;
INSERT INTO "monitoredBy" VALUES (761, 759);
INSERT INTO "TrackElement" ("id") VALUES (762);
INSERT INTO "Segment" ("id", "length") VALUES (762, 754);
UPDATE "TrackElement" SET "region" = 385 WHERE "id" = 762;
INSERT INTO "monitoredBy" VALUES (762, 759);
INSERT INTO "TrackElement" ("id") VALUES (763);
INSERT INTO "Segment" ("id", "length") VALUES (763, 515);
UPDATE "TrackElement" SET "region" = 385 WHERE "id" = 763;
INSERT INTO "monitoredBy" VALUES (763, 759);
INSERT INTO "TrackElement" ("id") VALUES (764);
INSERT INTO "Segment" ("id", "length") VALUES (764, 767);
UPDATE "TrackElement" SET "region" = 385 WHERE "id" = 764;
INSERT INTO "monitoredBy" VALUES (764, 759);
INSERT INTO "Sensor" ("id") VALUES (765);
UPDATE "Sensor" SET "region" = 385 WHERE "id" = 765;
INSERT INTO "monitoredBy" VALUES (722, 765);
INSERT INTO "requires" VALUES (384, 765);
INSERT INTO "TrackElement" ("id") VALUES (766);
INSERT INTO "Segment" ("id", "length") VALUES (766, 456);
UPDATE "TrackElement" SET "region" = 385 WHERE "id" = 766;
INSERT INTO "monitoredBy" VALUES (766, 765);
INSERT INTO "TrackElement" ("id") VALUES (767);
INSERT INTO "Segment" ("id", "length") VALUES (767, 918);
UPDATE "TrackElement" SET "region" = 385 WHERE "id" = 767;
INSERT INTO "monitoredBy" VALUES (767, 765);
INSERT INTO "TrackElement" ("id") VALUES (768);
INSERT INTO "Segment" ("id", "length") VALUES (768, 116);
UPDATE "TrackElement" SET "region" = 385 WHERE "id" = 768;
INSERT INTO "monitoredBy" VALUES (768, 765);
INSERT INTO "TrackElement" ("id") VALUES (769);
INSERT INTO "Segment" ("id", "length") VALUES (769, 513);
UPDATE "TrackElement" SET "region" = 385 WHERE "id" = 769;
INSERT INTO "monitoredBy" VALUES (769, 765);
INSERT INTO "TrackElement" ("id") VALUES (770);
INSERT INTO "Segment" ("id", "length") VALUES (770, 105);
UPDATE "TrackElement" SET "region" = 385 WHERE "id" = 770;
INSERT INTO "monitoredBy" VALUES (770, 765);
INSERT INTO "Sensor" ("id") VALUES (771);
UPDATE "Sensor" SET "region" = 385 WHERE "id" = 771;
INSERT INTO "monitoredBy" VALUES (722, 771);
INSERT INTO "requires" VALUES (384, 771);
INSERT INTO "TrackElement" ("id") VALUES (772);
INSERT INTO "Segment" ("id", "length") VALUES (772, 56);
UPDATE "TrackElement" SET "region" = 385 WHERE "id" = 772;
INSERT INTO "monitoredBy" VALUES (772, 771);
INSERT INTO "TrackElement" ("id") VALUES (773);
INSERT INTO "Segment" ("id", "length") VALUES (773, 585);
UPDATE "TrackElement" SET "region" = 385 WHERE "id" = 773;
INSERT INTO "monitoredBy" VALUES (773, 771);
INSERT INTO "TrackElement" ("id") VALUES (774);
INSERT INTO "Segment" ("id", "length") VALUES (774, 433);
UPDATE "TrackElement" SET "region" = 385 WHERE "id" = 774;
INSERT INTO "monitoredBy" VALUES (774, 771);
INSERT INTO "TrackElement" ("id") VALUES (775);
INSERT INTO "Segment" ("id", "length") VALUES (775, 649);
UPDATE "TrackElement" SET "region" = 385 WHERE "id" = 775;
INSERT INTO "monitoredBy" VALUES (775, 771);
INSERT INTO "TrackElement" ("id") VALUES (776);
INSERT INTO "Segment" ("id", "length") VALUES (776, 772);
UPDATE "TrackElement" SET "region" = 385 WHERE "id" = 776;
INSERT INTO "monitoredBy" VALUES (776, 771);
UPDATE "Switch" SET "currentPosition" = 1 WHERE "id" = 722;
INSERT INTO "SwitchPosition" ("id", "position", "target") VALUES (777, 1, 722);
UPDATE "SwitchPosition" SET "route" = 384 WHERE "id" = 777;
INSERT INTO "TrackElement" ("id") VALUES (778);
INSERT INTO "Switch" ("id") VALUES (778);
UPDATE "TrackElement" SET "region" = 385 WHERE "id" = 778;
INSERT INTO "Sensor" ("id") VALUES (779);
UPDATE "Sensor" SET "region" = 385 WHERE "id" = 779;
INSERT INTO "monitoredBy" VALUES (778, 779);
INSERT INTO "requires" VALUES (384, 779);
INSERT INTO "TrackElement" ("id") VALUES (780);
INSERT INTO "Segment" ("id", "length") VALUES (780, 824);
UPDATE "TrackElement" SET "region" = 385 WHERE "id" = 780;
INSERT INTO "monitoredBy" VALUES (780, 779);
INSERT INTO "TrackElement" ("id") VALUES (781);
INSERT INTO "Segment" ("id", "length") VALUES (781, 726);
UPDATE "TrackElement" SET "region" = 385 WHERE "id" = 781;
INSERT INTO "monitoredBy" VALUES (781, 779);
INSERT INTO "TrackElement" ("id") VALUES (782);
INSERT INTO "Segment" ("id", "length") VALUES (782, 733);
UPDATE "TrackElement" SET "region" = 385 WHERE "id" = 782;
INSERT INTO "monitoredBy" VALUES (782, 779);
INSERT INTO "TrackElement" ("id") VALUES (783);
INSERT INTO "Segment" ("id", "length") VALUES (783, 563);
UPDATE "TrackElement" SET "region" = 385 WHERE "id" = 783;
INSERT INTO "monitoredBy" VALUES (783, 779);
INSERT INTO "TrackElement" ("id") VALUES (784);
INSERT INTO "Segment" ("id", "length") VALUES (784, 355);
UPDATE "TrackElement" SET "region" = 385 WHERE "id" = 784;
INSERT INTO "monitoredBy" VALUES (784, 779);
INSERT INTO "Sensor" ("id") VALUES (785);
UPDATE "Sensor" SET "region" = 385 WHERE "id" = 785;
INSERT INTO "monitoredBy" VALUES (778, 785);
INSERT INTO "requires" VALUES (384, 785);
INSERT INTO "TrackElement" ("id") VALUES (786);
INSERT INTO "Segment" ("id", "length") VALUES (786, 991);
UPDATE "TrackElement" SET "region" = 385 WHERE "id" = 786;
INSERT INTO "monitoredBy" VALUES (786, 785);
INSERT INTO "TrackElement" ("id") VALUES (787);
INSERT INTO "Segment" ("id", "length") VALUES (787, 715);
UPDATE "TrackElement" SET "region" = 385 WHERE "id" = 787;
INSERT INTO "monitoredBy" VALUES (787, 785);
INSERT INTO "TrackElement" ("id") VALUES (788);
INSERT INTO "Segment" ("id", "length") VALUES (788, 341);
UPDATE "TrackElement" SET "region" = 385 WHERE "id" = 788;
INSERT INTO "monitoredBy" VALUES (788, 785);
INSERT INTO "TrackElement" ("id") VALUES (789);
INSERT INTO "Segment" ("id", "length") VALUES (789, 185);
UPDATE "TrackElement" SET "region" = 385 WHERE "id" = 789;
INSERT INTO "monitoredBy" VALUES (789, 785);
INSERT INTO "TrackElement" ("id") VALUES (790);
INSERT INTO "Segment" ("id", "length") VALUES (790, 155);
UPDATE "TrackElement" SET "region" = 385 WHERE "id" = 790;
INSERT INTO "monitoredBy" VALUES (790, 785);
INSERT INTO "Sensor" ("id") VALUES (791);
UPDATE "Sensor" SET "region" = 385 WHERE "id" = 791;
INSERT INTO "monitoredBy" VALUES (778, 791);
INSERT INTO "requires" VALUES (384, 791);
INSERT INTO "TrackElement" ("id") VALUES (792);
INSERT INTO "Segment" ("id", "length") VALUES (792, 884);
UPDATE "TrackElement" SET "region" = 385 WHERE "id" = 792;
INSERT INTO "monitoredBy" VALUES (792, 791);
INSERT INTO "TrackElement" ("id") VALUES (793);
INSERT INTO "Segment" ("id", "length") VALUES (793, 391);
UPDATE "TrackElement" SET "region" = 385 WHERE "id" = 793;
INSERT INTO "monitoredBy" VALUES (793, 791);
INSERT INTO "TrackElement" ("id") VALUES (794);
INSERT INTO "Segment" ("id", "length") VALUES (794, 140);
UPDATE "TrackElement" SET "region" = 385 WHERE "id" = 794;
INSERT INTO "monitoredBy" VALUES (794, 791);
INSERT INTO "TrackElement" ("id") VALUES (795);
INSERT INTO "Segment" ("id", "length") VALUES (795, 428);
UPDATE "TrackElement" SET "region" = 385 WHERE "id" = 795;
INSERT INTO "monitoredBy" VALUES (795, 791);
INSERT INTO "TrackElement" ("id") VALUES (796);
INSERT INTO "Segment" ("id", "length") VALUES (796, 662);
UPDATE "TrackElement" SET "region" = 385 WHERE "id" = 796;
INSERT INTO "monitoredBy" VALUES (796, 791);
INSERT INTO "Sensor" ("id") VALUES (797);
UPDATE "Sensor" SET "region" = 385 WHERE "id" = 797;
INSERT INTO "monitoredBy" VALUES (778, 797);
INSERT INTO "requires" VALUES (384, 797);
INSERT INTO "TrackElement" ("id") VALUES (798);
INSERT INTO "Segment" ("id", "length") VALUES (798, 940);
UPDATE "TrackElement" SET "region" = 385 WHERE "id" = 798;
INSERT INTO "monitoredBy" VALUES (798, 797);
INSERT INTO "TrackElement" ("id") VALUES (799);
INSERT INTO "Segment" ("id", "length") VALUES (799, 255);
UPDATE "TrackElement" SET "region" = 385 WHERE "id" = 799;
INSERT INTO "monitoredBy" VALUES (799, 797);
INSERT INTO "TrackElement" ("id") VALUES (800);
INSERT INTO "Segment" ("id", "length") VALUES (800, 283);
UPDATE "TrackElement" SET "region" = 385 WHERE "id" = 800;
INSERT INTO "monitoredBy" VALUES (800, 797);
INSERT INTO "TrackElement" ("id") VALUES (801);
INSERT INTO "Segment" ("id", "length") VALUES (801, 387);
UPDATE "TrackElement" SET "region" = 385 WHERE "id" = 801;
INSERT INTO "monitoredBy" VALUES (801, 797);
INSERT INTO "TrackElement" ("id") VALUES (802);
INSERT INTO "Segment" ("id", "length") VALUES (802, 782);
UPDATE "TrackElement" SET "region" = 385 WHERE "id" = 802;
INSERT INTO "monitoredBy" VALUES (802, 797);
INSERT INTO "Sensor" ("id") VALUES (803);
UPDATE "Sensor" SET "region" = 385 WHERE "id" = 803;
INSERT INTO "monitoredBy" VALUES (778, 803);
INSERT INTO "requires" VALUES (384, 803);
INSERT INTO "TrackElement" ("id") VALUES (804);
INSERT INTO "Segment" ("id", "length") VALUES (804, 962);
UPDATE "TrackElement" SET "region" = 385 WHERE "id" = 804;
INSERT INTO "monitoredBy" VALUES (804, 803);
INSERT INTO "TrackElement" ("id") VALUES (805);
INSERT INTO "Segment" ("id", "length") VALUES (805, 666);
UPDATE "TrackElement" SET "region" = 385 WHERE "id" = 805;
INSERT INTO "monitoredBy" VALUES (805, 803);
INSERT INTO "TrackElement" ("id") VALUES (806);
INSERT INTO "Segment" ("id", "length") VALUES (806, 791);
UPDATE "TrackElement" SET "region" = 385 WHERE "id" = 806;
INSERT INTO "monitoredBy" VALUES (806, 803);
INSERT INTO "TrackElement" ("id") VALUES (807);
INSERT INTO "Segment" ("id", "length") VALUES (807, 935);
UPDATE "TrackElement" SET "region" = 385 WHERE "id" = 807;
INSERT INTO "monitoredBy" VALUES (807, 803);
INSERT INTO "TrackElement" ("id") VALUES (808);
INSERT INTO "Segment" ("id", "length") VALUES (808, 754);
UPDATE "TrackElement" SET "region" = 385 WHERE "id" = 808;
INSERT INTO "monitoredBy" VALUES (808, 803);
INSERT INTO "Sensor" ("id") VALUES (809);
UPDATE "Sensor" SET "region" = 385 WHERE "id" = 809;
INSERT INTO "monitoredBy" VALUES (778, 809);
INSERT INTO "requires" VALUES (384, 809);
INSERT INTO "TrackElement" ("id") VALUES (810);
INSERT INTO "Segment" ("id", "length") VALUES (810, 979);
UPDATE "TrackElement" SET "region" = 385 WHERE "id" = 810;
INSERT INTO "monitoredBy" VALUES (810, 809);
INSERT INTO "TrackElement" ("id") VALUES (811);
INSERT INTO "Segment" ("id", "length") VALUES (811, 391);
UPDATE "TrackElement" SET "region" = 385 WHERE "id" = 811;
INSERT INTO "monitoredBy" VALUES (811, 809);
INSERT INTO "TrackElement" ("id") VALUES (812);
INSERT INTO "Segment" ("id", "length") VALUES (812, -856);
UPDATE "TrackElement" SET "region" = 385 WHERE "id" = 812;
INSERT INTO "monitoredBy" VALUES (812, 809);
INSERT INTO "TrackElement" ("id") VALUES (813);
INSERT INTO "Segment" ("id", "length") VALUES (813, 43);
UPDATE "TrackElement" SET "region" = 385 WHERE "id" = 813;
INSERT INTO "monitoredBy" VALUES (813, 809);
INSERT INTO "TrackElement" ("id") VALUES (814);
INSERT INTO "Segment" ("id", "length") VALUES (814, 658);
UPDATE "TrackElement" SET "region" = 385 WHERE "id" = 814;
INSERT INTO "monitoredBy" VALUES (814, 809);
INSERT INTO "Sensor" ("id") VALUES (815);
UPDATE "Sensor" SET "region" = 385 WHERE "id" = 815;
INSERT INTO "monitoredBy" VALUES (778, 815);
INSERT INTO "requires" VALUES (384, 815);
INSERT INTO "TrackElement" ("id") VALUES (816);
INSERT INTO "Segment" ("id", "length") VALUES (816, 322);
UPDATE "TrackElement" SET "region" = 385 WHERE "id" = 816;
INSERT INTO "monitoredBy" VALUES (816, 815);
INSERT INTO "TrackElement" ("id") VALUES (817);
INSERT INTO "Segment" ("id", "length") VALUES (817, 42);
UPDATE "TrackElement" SET "region" = 385 WHERE "id" = 817;
INSERT INTO "monitoredBy" VALUES (817, 815);
INSERT INTO "TrackElement" ("id") VALUES (818);
INSERT INTO "Segment" ("id", "length") VALUES (818, 598);
UPDATE "TrackElement" SET "region" = 385 WHERE "id" = 818;
INSERT INTO "monitoredBy" VALUES (818, 815);
INSERT INTO "TrackElement" ("id") VALUES (819);
INSERT INTO "Segment" ("id", "length") VALUES (819, 62);
UPDATE "TrackElement" SET "region" = 385 WHERE "id" = 819;
INSERT INTO "monitoredBy" VALUES (819, 815);
INSERT INTO "TrackElement" ("id") VALUES (820);
INSERT INTO "Segment" ("id", "length") VALUES (820, 68);
UPDATE "TrackElement" SET "region" = 385 WHERE "id" = 820;
INSERT INTO "monitoredBy" VALUES (820, 815);
INSERT INTO "Sensor" ("id") VALUES (821);
UPDATE "Sensor" SET "region" = 385 WHERE "id" = 821;
INSERT INTO "monitoredBy" VALUES (778, 821);
INSERT INTO "requires" VALUES (384, 821);
INSERT INTO "TrackElement" ("id") VALUES (822);
INSERT INTO "Segment" ("id", "length") VALUES (822, 552);
UPDATE "TrackElement" SET "region" = 385 WHERE "id" = 822;
INSERT INTO "monitoredBy" VALUES (822, 821);
INSERT INTO "TrackElement" ("id") VALUES (823);
INSERT INTO "Segment" ("id", "length") VALUES (823, 641);
UPDATE "TrackElement" SET "region" = 385 WHERE "id" = 823;
INSERT INTO "monitoredBy" VALUES (823, 821);
INSERT INTO "TrackElement" ("id") VALUES (824);
INSERT INTO "Segment" ("id", "length") VALUES (824, 497);
UPDATE "TrackElement" SET "region" = 385 WHERE "id" = 824;
INSERT INTO "monitoredBy" VALUES (824, 821);
INSERT INTO "TrackElement" ("id") VALUES (825);
INSERT INTO "Segment" ("id", "length") VALUES (825, 84);
UPDATE "TrackElement" SET "region" = 385 WHERE "id" = 825;
INSERT INTO "monitoredBy" VALUES (825, 821);
INSERT INTO "TrackElement" ("id") VALUES (826);
INSERT INTO "Segment" ("id", "length") VALUES (826, 13);
UPDATE "TrackElement" SET "region" = 385 WHERE "id" = 826;
INSERT INTO "monitoredBy" VALUES (826, 821);
UPDATE "Switch" SET "currentPosition" = 0 WHERE "id" = 778;
INSERT INTO "SwitchPosition" ("id", "position", "target") VALUES (827, 0, 778);
UPDATE "SwitchPosition" SET "route" = 384 WHERE "id" = 827;
INSERT INTO "TrackElement" ("id") VALUES (828);
INSERT INTO "Switch" ("id") VALUES (828);
UPDATE "TrackElement" SET "region" = 385 WHERE "id" = 828;
INSERT INTO "Sensor" ("id") VALUES (829);
UPDATE "Sensor" SET "region" = 385 WHERE "id" = 829;
INSERT INTO "monitoredBy" VALUES (828, 829);
INSERT INTO "requires" VALUES (384, 829);
INSERT INTO "TrackElement" ("id") VALUES (830);
INSERT INTO "Segment" ("id", "length") VALUES (830, 540);
UPDATE "TrackElement" SET "region" = 385 WHERE "id" = 830;
INSERT INTO "monitoredBy" VALUES (830, 829);
INSERT INTO "TrackElement" ("id") VALUES (831);
INSERT INTO "Segment" ("id", "length") VALUES (831, 775);
UPDATE "TrackElement" SET "region" = 385 WHERE "id" = 831;
INSERT INTO "monitoredBy" VALUES (831, 829);
INSERT INTO "TrackElement" ("id") VALUES (832);
INSERT INTO "Segment" ("id", "length") VALUES (832, 430);
UPDATE "TrackElement" SET "region" = 385 WHERE "id" = 832;
INSERT INTO "monitoredBy" VALUES (832, 829);
INSERT INTO "TrackElement" ("id") VALUES (833);
INSERT INTO "Segment" ("id", "length") VALUES (833, 995);
UPDATE "TrackElement" SET "region" = 385 WHERE "id" = 833;
INSERT INTO "monitoredBy" VALUES (833, 829);
INSERT INTO "TrackElement" ("id") VALUES (834);
INSERT INTO "Segment" ("id", "length") VALUES (834, 899);
UPDATE "TrackElement" SET "region" = 385 WHERE "id" = 834;
INSERT INTO "monitoredBy" VALUES (834, 829);
INSERT INTO "Sensor" ("id") VALUES (835);
UPDATE "Sensor" SET "region" = 385 WHERE "id" = 835;
INSERT INTO "monitoredBy" VALUES (828, 835);
INSERT INTO "requires" VALUES (384, 835);
INSERT INTO "TrackElement" ("id") VALUES (836);
INSERT INTO "Segment" ("id", "length") VALUES (836, 277);
UPDATE "TrackElement" SET "region" = 385 WHERE "id" = 836;
INSERT INTO "monitoredBy" VALUES (836, 835);
INSERT INTO "TrackElement" ("id") VALUES (837);
INSERT INTO "Segment" ("id", "length") VALUES (837, 384);
UPDATE "TrackElement" SET "region" = 385 WHERE "id" = 837;
INSERT INTO "monitoredBy" VALUES (837, 835);
INSERT INTO "TrackElement" ("id") VALUES (838);
INSERT INTO "Segment" ("id", "length") VALUES (838, 200);
UPDATE "TrackElement" SET "region" = 385 WHERE "id" = 838;
INSERT INTO "monitoredBy" VALUES (838, 835);
INSERT INTO "TrackElement" ("id") VALUES (839);
INSERT INTO "Segment" ("id", "length") VALUES (839, 506);
UPDATE "TrackElement" SET "region" = 385 WHERE "id" = 839;
INSERT INTO "monitoredBy" VALUES (839, 835);
INSERT INTO "TrackElement" ("id") VALUES (840);
INSERT INTO "Segment" ("id", "length") VALUES (840, 846);
UPDATE "TrackElement" SET "region" = 385 WHERE "id" = 840;
INSERT INTO "monitoredBy" VALUES (840, 835);
INSERT INTO "Sensor" ("id") VALUES (841);
UPDATE "Sensor" SET "region" = 385 WHERE "id" = 841;
INSERT INTO "monitoredBy" VALUES (828, 841);
INSERT INTO "requires" VALUES (384, 841);
INSERT INTO "TrackElement" ("id") VALUES (842);
INSERT INTO "Segment" ("id", "length") VALUES (842, 180);
UPDATE "TrackElement" SET "region" = 385 WHERE "id" = 842;
INSERT INTO "monitoredBy" VALUES (842, 841);
INSERT INTO "TrackElement" ("id") VALUES (843);
INSERT INTO "Segment" ("id", "length") VALUES (843, 756);
UPDATE "TrackElement" SET "region" = 385 WHERE "id" = 843;
INSERT INTO "monitoredBy" VALUES (843, 841);
INSERT INTO "TrackElement" ("id") VALUES (844);
INSERT INTO "Segment" ("id", "length") VALUES (844, 53);
UPDATE "TrackElement" SET "region" = 385 WHERE "id" = 844;
INSERT INTO "monitoredBy" VALUES (844, 841);
INSERT INTO "TrackElement" ("id") VALUES (845);
INSERT INTO "Segment" ("id", "length") VALUES (845, 208);
UPDATE "TrackElement" SET "region" = 385 WHERE "id" = 845;
INSERT INTO "monitoredBy" VALUES (845, 841);
INSERT INTO "TrackElement" ("id") VALUES (846);
INSERT INTO "Segment" ("id", "length") VALUES (846, 632);
UPDATE "TrackElement" SET "region" = 385 WHERE "id" = 846;
INSERT INTO "monitoredBy" VALUES (846, 841);
INSERT INTO "Sensor" ("id") VALUES (847);
UPDATE "Sensor" SET "region" = 385 WHERE "id" = 847;
INSERT INTO "monitoredBy" VALUES (828, 847);
INSERT INTO "requires" VALUES (384, 847);
INSERT INTO "TrackElement" ("id") VALUES (848);
INSERT INTO "Segment" ("id", "length") VALUES (848, 941);
UPDATE "TrackElement" SET "region" = 385 WHERE "id" = 848;
INSERT INTO "monitoredBy" VALUES (848, 847);
INSERT INTO "TrackElement" ("id") VALUES (849);
INSERT INTO "Segment" ("id", "length") VALUES (849, 954);
UPDATE "TrackElement" SET "region" = 385 WHERE "id" = 849;
INSERT INTO "monitoredBy" VALUES (849, 847);
INSERT INTO "TrackElement" ("id") VALUES (850);
INSERT INTO "Segment" ("id", "length") VALUES (850, 470);
UPDATE "TrackElement" SET "region" = 385 WHERE "id" = 850;
INSERT INTO "monitoredBy" VALUES (850, 847);
INSERT INTO "TrackElement" ("id") VALUES (851);
INSERT INTO "Segment" ("id", "length") VALUES (851, 445);
UPDATE "TrackElement" SET "region" = 385 WHERE "id" = 851;
INSERT INTO "monitoredBy" VALUES (851, 847);
INSERT INTO "TrackElement" ("id") VALUES (852);
INSERT INTO "Segment" ("id", "length") VALUES (852, 734);
UPDATE "TrackElement" SET "region" = 385 WHERE "id" = 852;
INSERT INTO "monitoredBy" VALUES (852, 847);
UPDATE "Switch" SET "currentPosition" = 1 WHERE "id" = 828;
INSERT INTO "SwitchPosition" ("id", "position", "target") VALUES (853, 1, 828);
UPDATE "SwitchPosition" SET "route" = 384 WHERE "id" = 853;
INSERT INTO "TrackElement" ("id") VALUES (854);
INSERT INTO "Switch" ("id") VALUES (854);
UPDATE "TrackElement" SET "region" = 385 WHERE "id" = 854;
INSERT INTO "Sensor" ("id") VALUES (855);
UPDATE "Sensor" SET "region" = 385 WHERE "id" = 855;
INSERT INTO "monitoredBy" VALUES (854, 855);
INSERT INTO "requires" VALUES (384, 855);
INSERT INTO "TrackElement" ("id") VALUES (856);
INSERT INTO "Segment" ("id", "length") VALUES (856, 751);
UPDATE "TrackElement" SET "region" = 385 WHERE "id" = 856;
INSERT INTO "monitoredBy" VALUES (856, 855);
INSERT INTO "TrackElement" ("id") VALUES (857);
INSERT INTO "Segment" ("id", "length") VALUES (857, 276);
UPDATE "TrackElement" SET "region" = 385 WHERE "id" = 857;
INSERT INTO "monitoredBy" VALUES (857, 855);
INSERT INTO "TrackElement" ("id") VALUES (858);
INSERT INTO "Segment" ("id", "length") VALUES (858, 394);
UPDATE "TrackElement" SET "region" = 385 WHERE "id" = 858;
INSERT INTO "monitoredBy" VALUES (858, 855);
INSERT INTO "TrackElement" ("id") VALUES (859);
INSERT INTO "Segment" ("id", "length") VALUES (859, 436);
UPDATE "TrackElement" SET "region" = 385 WHERE "id" = 859;
INSERT INTO "monitoredBy" VALUES (859, 855);
INSERT INTO "TrackElement" ("id") VALUES (860);
INSERT INTO "Segment" ("id", "length") VALUES (860, 193);
UPDATE "TrackElement" SET "region" = 385 WHERE "id" = 860;
INSERT INTO "monitoredBy" VALUES (860, 855);
INSERT INTO "Sensor" ("id") VALUES (861);
UPDATE "Sensor" SET "region" = 385 WHERE "id" = 861;
INSERT INTO "monitoredBy" VALUES (854, 861);
INSERT INTO "requires" VALUES (384, 861);
INSERT INTO "TrackElement" ("id") VALUES (862);
INSERT INTO "Segment" ("id", "length") VALUES (862, 31);
UPDATE "TrackElement" SET "region" = 385 WHERE "id" = 862;
INSERT INTO "monitoredBy" VALUES (862, 861);
INSERT INTO "TrackElement" ("id") VALUES (863);
INSERT INTO "Segment" ("id", "length") VALUES (863, 131);
UPDATE "TrackElement" SET "region" = 385 WHERE "id" = 863;
INSERT INTO "monitoredBy" VALUES (863, 861);
INSERT INTO "TrackElement" ("id") VALUES (864);
INSERT INTO "Segment" ("id", "length") VALUES (864, 163);
UPDATE "TrackElement" SET "region" = 385 WHERE "id" = 864;
INSERT INTO "monitoredBy" VALUES (864, 861);
INSERT INTO "TrackElement" ("id") VALUES (865);
INSERT INTO "Segment" ("id", "length") VALUES (865, 266);
UPDATE "TrackElement" SET "region" = 385 WHERE "id" = 865;
INSERT INTO "monitoredBy" VALUES (865, 861);
INSERT INTO "TrackElement" ("id") VALUES (866);
INSERT INTO "Segment" ("id", "length") VALUES (866, 46);
UPDATE "TrackElement" SET "region" = 385 WHERE "id" = 866;
INSERT INTO "monitoredBy" VALUES (866, 861);
INSERT INTO "Sensor" ("id") VALUES (867);
UPDATE "Sensor" SET "region" = 385 WHERE "id" = 867;
INSERT INTO "monitoredBy" VALUES (854, 867);
INSERT INTO "requires" VALUES (384, 867);
INSERT INTO "TrackElement" ("id") VALUES (868);
INSERT INTO "Segment" ("id", "length") VALUES (868, 208);
UPDATE "TrackElement" SET "region" = 385 WHERE "id" = 868;
INSERT INTO "monitoredBy" VALUES (868, 867);
INSERT INTO "TrackElement" ("id") VALUES (869);
INSERT INTO "Segment" ("id", "length") VALUES (869, 34);
UPDATE "TrackElement" SET "region" = 385 WHERE "id" = 869;
INSERT INTO "monitoredBy" VALUES (869, 867);
INSERT INTO "TrackElement" ("id") VALUES (870);
INSERT INTO "Segment" ("id", "length") VALUES (870, 181);
UPDATE "TrackElement" SET "region" = 385 WHERE "id" = 870;
INSERT INTO "monitoredBy" VALUES (870, 867);
INSERT INTO "TrackElement" ("id") VALUES (871);
INSERT INTO "Segment" ("id", "length") VALUES (871, 356);
UPDATE "TrackElement" SET "region" = 385 WHERE "id" = 871;
INSERT INTO "monitoredBy" VALUES (871, 867);
INSERT INTO "TrackElement" ("id") VALUES (872);
INSERT INTO "Segment" ("id", "length") VALUES (872, 348);
UPDATE "TrackElement" SET "region" = 385 WHERE "id" = 872;
INSERT INTO "monitoredBy" VALUES (872, 867);
INSERT INTO "Sensor" ("id") VALUES (873);
UPDATE "Sensor" SET "region" = 385 WHERE "id" = 873;
INSERT INTO "monitoredBy" VALUES (854, 873);
INSERT INTO "requires" VALUES (384, 873);
INSERT INTO "TrackElement" ("id") VALUES (874);
INSERT INTO "Segment" ("id", "length") VALUES (874, 849);
UPDATE "TrackElement" SET "region" = 385 WHERE "id" = 874;
INSERT INTO "monitoredBy" VALUES (874, 873);
INSERT INTO "TrackElement" ("id") VALUES (875);
INSERT INTO "Segment" ("id", "length") VALUES (875, 70);
UPDATE "TrackElement" SET "region" = 385 WHERE "id" = 875;
INSERT INTO "monitoredBy" VALUES (875, 873);
INSERT INTO "TrackElement" ("id") VALUES (876);
INSERT INTO "Segment" ("id", "length") VALUES (876, 950);
UPDATE "TrackElement" SET "region" = 385 WHERE "id" = 876;
INSERT INTO "monitoredBy" VALUES (876, 873);
INSERT INTO "TrackElement" ("id") VALUES (877);
INSERT INTO "Segment" ("id", "length") VALUES (877, 124);
UPDATE "TrackElement" SET "region" = 385 WHERE "id" = 877;
INSERT INTO "monitoredBy" VALUES (877, 873);
INSERT INTO "TrackElement" ("id") VALUES (878);
INSERT INTO "Segment" ("id", "length") VALUES (878, 361);
UPDATE "TrackElement" SET "region" = 385 WHERE "id" = 878;
INSERT INTO "monitoredBy" VALUES (878, 873);
INSERT INTO "Sensor" ("id") VALUES (879);
UPDATE "Sensor" SET "region" = 385 WHERE "id" = 879;
INSERT INTO "monitoredBy" VALUES (854, 879);
INSERT INTO "requires" VALUES (384, 879);
INSERT INTO "TrackElement" ("id") VALUES (880);
INSERT INTO "Segment" ("id", "length") VALUES (880, 369);
UPDATE "TrackElement" SET "region" = 385 WHERE "id" = 880;
INSERT INTO "monitoredBy" VALUES (880, 879);
INSERT INTO "TrackElement" ("id") VALUES (881);
INSERT INTO "Segment" ("id", "length") VALUES (881, 260);
UPDATE "TrackElement" SET "region" = 385 WHERE "id" = 881;
INSERT INTO "monitoredBy" VALUES (881, 879);
INSERT INTO "TrackElement" ("id") VALUES (882);
INSERT INTO "Segment" ("id", "length") VALUES (882, 727);
UPDATE "TrackElement" SET "region" = 385 WHERE "id" = 882;
INSERT INTO "monitoredBy" VALUES (882, 879);
INSERT INTO "TrackElement" ("id") VALUES (883);
INSERT INTO "Segment" ("id", "length") VALUES (883, 688);
UPDATE "TrackElement" SET "region" = 385 WHERE "id" = 883;
INSERT INTO "monitoredBy" VALUES (883, 879);
INSERT INTO "TrackElement" ("id") VALUES (884);
INSERT INTO "Segment" ("id", "length") VALUES (884, 391);
UPDATE "TrackElement" SET "region" = 385 WHERE "id" = 884;
INSERT INTO "monitoredBy" VALUES (884, 879);
INSERT INTO "TrackElement" ("id") VALUES (885);
INSERT INTO "Segment" ("id", "length") VALUES (885, 496);
UPDATE "TrackElement" SET "region" = 385 WHERE "id" = 885;
INSERT INTO "monitoredBy" VALUES (885, 879);
INSERT INTO "Sensor" ("id") VALUES (886);
UPDATE "Sensor" SET "region" = 385 WHERE "id" = 886;
INSERT INTO "monitoredBy" VALUES (854, 886);
INSERT INTO "requires" VALUES (384, 886);
INSERT INTO "TrackElement" ("id") VALUES (887);
INSERT INTO "Segment" ("id", "length") VALUES (887, 829);
UPDATE "TrackElement" SET "region" = 385 WHERE "id" = 887;
INSERT INTO "monitoredBy" VALUES (887, 886);
INSERT INTO "TrackElement" ("id") VALUES (888);
INSERT INTO "Segment" ("id", "length") VALUES (888, 490);
UPDATE "TrackElement" SET "region" = 385 WHERE "id" = 888;
INSERT INTO "monitoredBy" VALUES (888, 886);
INSERT INTO "TrackElement" ("id") VALUES (889);
INSERT INTO "Segment" ("id", "length") VALUES (889, 45);
UPDATE "TrackElement" SET "region" = 385 WHERE "id" = 889;
INSERT INTO "monitoredBy" VALUES (889, 886);
INSERT INTO "TrackElement" ("id") VALUES (890);
INSERT INTO "Segment" ("id", "length") VALUES (890, 503);
UPDATE "TrackElement" SET "region" = 385 WHERE "id" = 890;
INSERT INTO "monitoredBy" VALUES (890, 886);
INSERT INTO "TrackElement" ("id") VALUES (891);
INSERT INTO "Segment" ("id", "length") VALUES (891, 529);
UPDATE "TrackElement" SET "region" = 385 WHERE "id" = 891;
INSERT INTO "monitoredBy" VALUES (891, 886);
INSERT INTO "Sensor" ("id") VALUES (892);
UPDATE "Sensor" SET "region" = 385 WHERE "id" = 892;
INSERT INTO "monitoredBy" VALUES (854, 892);
INSERT INTO "TrackElement" ("id") VALUES (893);
INSERT INTO "Segment" ("id", "length") VALUES (893, 542);
UPDATE "TrackElement" SET "region" = 385 WHERE "id" = 893;
INSERT INTO "monitoredBy" VALUES (893, 892);
INSERT INTO "TrackElement" ("id") VALUES (894);
INSERT INTO "Segment" ("id", "length") VALUES (894, 145);
UPDATE "TrackElement" SET "region" = 385 WHERE "id" = 894;
INSERT INTO "monitoredBy" VALUES (894, 892);
INSERT INTO "TrackElement" ("id") VALUES (895);
INSERT INTO "Segment" ("id", "length") VALUES (895, 761);
UPDATE "TrackElement" SET "region" = 385 WHERE "id" = 895;
INSERT INTO "monitoredBy" VALUES (895, 892);
INSERT INTO "TrackElement" ("id") VALUES (896);
INSERT INTO "Segment" ("id", "length") VALUES (896, 52);
UPDATE "TrackElement" SET "region" = 385 WHERE "id" = 896;
INSERT INTO "monitoredBy" VALUES (896, 892);
INSERT INTO "TrackElement" ("id") VALUES (897);
INSERT INTO "Segment" ("id", "length") VALUES (897, -936);
UPDATE "TrackElement" SET "region" = 385 WHERE "id" = 897;
INSERT INTO "monitoredBy" VALUES (897, 892);
UPDATE "Switch" SET "currentPosition" = 1 WHERE "id" = 854;
INSERT INTO "SwitchPosition" ("id", "position", "target") VALUES (898, 1, 854);
UPDATE "SwitchPosition" SET "route" = 384 WHERE "id" = 898;
INSERT INTO "TrackElement" ("id") VALUES (899);
INSERT INTO "Switch" ("id") VALUES (899);
UPDATE "TrackElement" SET "region" = 385 WHERE "id" = 899;
INSERT INTO "Sensor" ("id") VALUES (900);
UPDATE "Sensor" SET "region" = 385 WHERE "id" = 900;
INSERT INTO "monitoredBy" VALUES (899, 900);
INSERT INTO "requires" VALUES (384, 900);
INSERT INTO "TrackElement" ("id") VALUES (901);
INSERT INTO "Segment" ("id", "length") VALUES (901, 782);
UPDATE "TrackElement" SET "region" = 385 WHERE "id" = 901;
INSERT INTO "monitoredBy" VALUES (901, 900);
INSERT INTO "TrackElement" ("id") VALUES (902);
INSERT INTO "Segment" ("id", "length") VALUES (902, 968);
UPDATE "TrackElement" SET "region" = 385 WHERE "id" = 902;
INSERT INTO "monitoredBy" VALUES (902, 900);
INSERT INTO "TrackElement" ("id") VALUES (903);
INSERT INTO "Segment" ("id", "length") VALUES (903, 687);
UPDATE "TrackElement" SET "region" = 385 WHERE "id" = 903;
INSERT INTO "monitoredBy" VALUES (903, 900);
INSERT INTO "TrackElement" ("id") VALUES (904);
INSERT INTO "Segment" ("id", "length") VALUES (904, 633);
UPDATE "TrackElement" SET "region" = 385 WHERE "id" = 904;
INSERT INTO "monitoredBy" VALUES (904, 900);
INSERT INTO "TrackElement" ("id") VALUES (905);
INSERT INTO "Segment" ("id", "length") VALUES (905, 783);
UPDATE "TrackElement" SET "region" = 385 WHERE "id" = 905;
INSERT INTO "monitoredBy" VALUES (905, 900);
INSERT INTO "Sensor" ("id") VALUES (906);
UPDATE "Sensor" SET "region" = 385 WHERE "id" = 906;
INSERT INTO "monitoredBy" VALUES (899, 906);
INSERT INTO "requires" VALUES (384, 906);
INSERT INTO "TrackElement" ("id") VALUES (907);
INSERT INTO "Segment" ("id", "length") VALUES (907, 821);
UPDATE "TrackElement" SET "region" = 385 WHERE "id" = 907;
INSERT INTO "monitoredBy" VALUES (907, 906);
INSERT INTO "TrackElement" ("id") VALUES (908);
INSERT INTO "Segment" ("id", "length") VALUES (908, 44);
UPDATE "TrackElement" SET "region" = 385 WHERE "id" = 908;
INSERT INTO "monitoredBy" VALUES (908, 906);
INSERT INTO "TrackElement" ("id") VALUES (909);
INSERT INTO "Segment" ("id", "length") VALUES (909, 327);
UPDATE "TrackElement" SET "region" = 385 WHERE "id" = 909;
INSERT INTO "monitoredBy" VALUES (909, 906);
INSERT INTO "TrackElement" ("id") VALUES (910);
INSERT INTO "Segment" ("id", "length") VALUES (910, 12);
UPDATE "TrackElement" SET "region" = 385 WHERE "id" = 910;
INSERT INTO "monitoredBy" VALUES (910, 906);
INSERT INTO "TrackElement" ("id") VALUES (911);
INSERT INTO "Segment" ("id", "length") VALUES (911, 459);
UPDATE "TrackElement" SET "region" = 385 WHERE "id" = 911;
INSERT INTO "monitoredBy" VALUES (911, 906);
INSERT INTO "Sensor" ("id") VALUES (912);
UPDATE "Sensor" SET "region" = 385 WHERE "id" = 912;
INSERT INTO "monitoredBy" VALUES (899, 912);
INSERT INTO "requires" VALUES (384, 912);
INSERT INTO "TrackElement" ("id") VALUES (913);
INSERT INTO "Segment" ("id", "length") VALUES (913, 3);
UPDATE "TrackElement" SET "region" = 385 WHERE "id" = 913;
INSERT INTO "monitoredBy" VALUES (913, 912);
INSERT INTO "TrackElement" ("id") VALUES (914);
INSERT INTO "Segment" ("id", "length") VALUES (914, 471);
UPDATE "TrackElement" SET "region" = 385 WHERE "id" = 914;
INSERT INTO "monitoredBy" VALUES (914, 912);
INSERT INTO "TrackElement" ("id") VALUES (915);
INSERT INTO "Segment" ("id", "length") VALUES (915, 682);
UPDATE "TrackElement" SET "region" = 385 WHERE "id" = 915;
INSERT INTO "monitoredBy" VALUES (915, 912);
INSERT INTO "TrackElement" ("id") VALUES (916);
INSERT INTO "Segment" ("id", "length") VALUES (916, 115);
UPDATE "TrackElement" SET "region" = 385 WHERE "id" = 916;
INSERT INTO "monitoredBy" VALUES (916, 912);
INSERT INTO "TrackElement" ("id") VALUES (917);
INSERT INTO "Segment" ("id", "length") VALUES (917, 517);
UPDATE "TrackElement" SET "region" = 385 WHERE "id" = 917;
INSERT INTO "monitoredBy" VALUES (917, 912);
UPDATE "Switch" SET "currentPosition" = 2 WHERE "id" = 899;
INSERT INTO "SwitchPosition" ("id", "position", "target") VALUES (918, 2, 899);
UPDATE "SwitchPosition" SET "route" = 384 WHERE "id" = 918;
INSERT INTO "TrackElement" ("id") VALUES (919);
INSERT INTO "Switch" ("id") VALUES (919);
UPDATE "TrackElement" SET "region" = 385 WHERE "id" = 919;
INSERT INTO "Sensor" ("id") VALUES (920);
UPDATE "Sensor" SET "region" = 385 WHERE "id" = 920;
INSERT INTO "monitoredBy" VALUES (919, 920);
INSERT INTO "requires" VALUES (384, 920);
INSERT INTO "TrackElement" ("id") VALUES (921);
INSERT INTO "Segment" ("id", "length") VALUES (921, 578);
UPDATE "TrackElement" SET "region" = 385 WHERE "id" = 921;
INSERT INTO "monitoredBy" VALUES (921, 920);
INSERT INTO "TrackElement" ("id") VALUES (922);
INSERT INTO "Segment" ("id", "length") VALUES (922, 982);
UPDATE "TrackElement" SET "region" = 385 WHERE "id" = 922;
INSERT INTO "monitoredBy" VALUES (922, 920);
INSERT INTO "TrackElement" ("id") VALUES (923);
INSERT INTO "Segment" ("id", "length") VALUES (923, 805);
UPDATE "TrackElement" SET "region" = 385 WHERE "id" = 923;
INSERT INTO "monitoredBy" VALUES (923, 920);
INSERT INTO "TrackElement" ("id") VALUES (924);
INSERT INTO "Segment" ("id", "length") VALUES (924, 326);
UPDATE "TrackElement" SET "region" = 385 WHERE "id" = 924;
INSERT INTO "monitoredBy" VALUES (924, 920);
INSERT INTO "TrackElement" ("id") VALUES (925);
INSERT INTO "Segment" ("id", "length") VALUES (925, 832);
UPDATE "TrackElement" SET "region" = 385 WHERE "id" = 925;
INSERT INTO "monitoredBy" VALUES (925, 920);
UPDATE "Switch" SET "currentPosition" = 0 WHERE "id" = 919;
INSERT INTO "SwitchPosition" ("id", "position", "target") VALUES (926, 0, 919);
UPDATE "SwitchPosition" SET "route" = 384 WHERE "id" = 926;
INSERT INTO "connectsTo" VALUES (386, 388);
INSERT INTO "connectsTo" VALUES (388, 389);
INSERT INTO "connectsTo" VALUES (389, 390);
INSERT INTO "connectsTo" VALUES (390, 391);
INSERT INTO "connectsTo" VALUES (391, 392);
INSERT INTO "connectsTo" VALUES (392, 394);
INSERT INTO "connectsTo" VALUES (394, 395);
INSERT INTO "connectsTo" VALUES (395, 396);
INSERT INTO "connectsTo" VALUES (396, 397);
INSERT INTO "connectsTo" VALUES (397, 398);
INSERT INTO "connectsTo" VALUES (398, 400);
INSERT INTO "connectsTo" VALUES (400, 401);
INSERT INTO "connectsTo" VALUES (401, 402);
INSERT INTO "connectsTo" VALUES (402, 403);
INSERT INTO "connectsTo" VALUES (403, 404);
INSERT INTO "connectsTo" VALUES (404, 406);
INSERT INTO "connectsTo" VALUES (406, 407);
INSERT INTO "connectsTo" VALUES (407, 408);
INSERT INTO "connectsTo" VALUES (408, 409);
INSERT INTO "connectsTo" VALUES (409, 410);
INSERT INTO "connectsTo" VALUES (410, 412);
INSERT INTO "connectsTo" VALUES (412, 413);
INSERT INTO "connectsTo" VALUES (413, 414);
INSERT INTO "connectsTo" VALUES (414, 415);
INSERT INTO "connectsTo" VALUES (415, 416);
INSERT INTO "connectsTo" VALUES (416, 418);
INSERT INTO "connectsTo" VALUES (418, 419);
INSERT INTO "connectsTo" VALUES (419, 420);
INSERT INTO "connectsTo" VALUES (420, 421);
INSERT INTO "connectsTo" VALUES (421, 422);
INSERT INTO "connectsTo" VALUES (422, 424);
INSERT INTO "connectsTo" VALUES (424, 425);
INSERT INTO "connectsTo" VALUES (425, 426);
INSERT INTO "connectsTo" VALUES (426, 427);
INSERT INTO "connectsTo" VALUES (427, 428);
INSERT INTO "connectsTo" VALUES (428, 430);
INSERT INTO "connectsTo" VALUES (430, 431);
INSERT INTO "connectsTo" VALUES (431, 432);
INSERT INTO "connectsTo" VALUES (432, 433);
INSERT INTO "connectsTo" VALUES (433, 434);
INSERT INTO "connectsTo" VALUES (434, 436);
INSERT INTO "connectsTo" VALUES (436, 437);
INSERT INTO "connectsTo" VALUES (437, 438);
INSERT INTO "connectsTo" VALUES (438, 439);
INSERT INTO "connectsTo" VALUES (439, 440);
INSERT INTO "connectsTo" VALUES (440, 442);
INSERT INTO "connectsTo" VALUES (442, 444);
INSERT INTO "connectsTo" VALUES (444, 445);
INSERT INTO "connectsTo" VALUES (445, 446);
INSERT INTO "connectsTo" VALUES (446, 447);
INSERT INTO "connectsTo" VALUES (447, 448);
INSERT INTO "connectsTo" VALUES (448, 450);
INSERT INTO "connectsTo" VALUES (450, 452);
INSERT INTO "connectsTo" VALUES (452, 453);
INSERT INTO "connectsTo" VALUES (453, 454);
INSERT INTO "connectsTo" VALUES (454, 455);
INSERT INTO "connectsTo" VALUES (455, 456);
INSERT INTO "connectsTo" VALUES (456, 458);
INSERT INTO "connectsTo" VALUES (458, 460);
INSERT INTO "connectsTo" VALUES (460, 461);
INSERT INTO "connectsTo" VALUES (461, 462);
INSERT INTO "connectsTo" VALUES (462, 463);
INSERT INTO "connectsTo" VALUES (463, 464);
INSERT INTO "connectsTo" VALUES (464, 466);
INSERT INTO "connectsTo" VALUES (466, 467);
INSERT INTO "connectsTo" VALUES (467, 468);
INSERT INTO "connectsTo" VALUES (468, 469);
INSERT INTO "connectsTo" VALUES (469, 470);
INSERT INTO "connectsTo" VALUES (470, 472);
INSERT INTO "connectsTo" VALUES (472, 474);
INSERT INTO "connectsTo" VALUES (474, 475);
INSERT INTO "connectsTo" VALUES (475, 476);
INSERT INTO "connectsTo" VALUES (476, 477);
INSERT INTO "connectsTo" VALUES (477, 478);
INSERT INTO "connectsTo" VALUES (478, 480);
INSERT INTO "connectsTo" VALUES (480, 481);
INSERT INTO "connectsTo" VALUES (481, 482);
INSERT INTO "connectsTo" VALUES (482, 483);
INSERT INTO "connectsTo" VALUES (483, 484);
INSERT INTO "connectsTo" VALUES (484, 486);
INSERT INTO "connectsTo" VALUES (486, 487);
INSERT INTO "connectsTo" VALUES (487, 488);
INSERT INTO "connectsTo" VALUES (488, 489);
INSERT INTO "connectsTo" VALUES (489, 490);
INSERT INTO "connectsTo" VALUES (490, 492);
INSERT INTO "connectsTo" VALUES (492, 493);
INSERT INTO "connectsTo" VALUES (493, 494);
INSERT INTO "connectsTo" VALUES (494, 495);
INSERT INTO "connectsTo" VALUES (495, 496);
INSERT INTO "connectsTo" VALUES (496, 498);
INSERT INTO "connectsTo" VALUES (498, 499);
INSERT INTO "connectsTo" VALUES (499, 500);
INSERT INTO "connectsTo" VALUES (500, 501);
INSERT INTO "connectsTo" VALUES (501, 502);
INSERT INTO "connectsTo" VALUES (502, 504);
INSERT INTO "connectsTo" VALUES (504, 505);
INSERT INTO "connectsTo" VALUES (505, 506);
INSERT INTO "connectsTo" VALUES (506, 507);
INSERT INTO "connectsTo" VALUES (507, 508);
INSERT INTO "connectsTo" VALUES (508, 510);
INSERT INTO "connectsTo" VALUES (510, 511);
INSERT INTO "connectsTo" VALUES (511, 512);
INSERT INTO "connectsTo" VALUES (512, 513);
INSERT INTO "connectsTo" VALUES (513, 514);
INSERT INTO "connectsTo" VALUES (514, 516);
INSERT INTO "connectsTo" VALUES (516, 517);
INSERT INTO "connectsTo" VALUES (517, 518);
INSERT INTO "connectsTo" VALUES (518, 519);
INSERT INTO "connectsTo" VALUES (519, 520);
INSERT INTO "connectsTo" VALUES (520, 522);
INSERT INTO "connectsTo" VALUES (522, 523);
INSERT INTO "connectsTo" VALUES (523, 524);
INSERT INTO "connectsTo" VALUES (524, 525);
INSERT INTO "connectsTo" VALUES (525, 526);
INSERT INTO "connectsTo" VALUES (526, 528);
INSERT INTO "connectsTo" VALUES (528, 530);
INSERT INTO "connectsTo" VALUES (530, 531);
INSERT INTO "connectsTo" VALUES (531, 532);
INSERT INTO "connectsTo" VALUES (532, 533);
INSERT INTO "connectsTo" VALUES (533, 534);
INSERT INTO "connectsTo" VALUES (534, 535);
INSERT INTO "connectsTo" VALUES (535, 537);
INSERT INTO "connectsTo" VALUES (537, 538);
INSERT INTO "connectsTo" VALUES (538, 539);
INSERT INTO "connectsTo" VALUES (539, 540);
INSERT INTO "connectsTo" VALUES (540, 541);
INSERT INTO "connectsTo" VALUES (541, 543);
INSERT INTO "connectsTo" VALUES (543, 544);
INSERT INTO "connectsTo" VALUES (544, 545);
INSERT INTO "connectsTo" VALUES (545, 546);
INSERT INTO "connectsTo" VALUES (546, 547);
INSERT INTO "connectsTo" VALUES (547, 549);
INSERT INTO "connectsTo" VALUES (549, 550);
INSERT INTO "connectsTo" VALUES (550, 551);
INSERT INTO "connectsTo" VALUES (551, 552);
INSERT INTO "connectsTo" VALUES (552, 553);
INSERT INTO "connectsTo" VALUES (553, 555);
INSERT INTO "connectsTo" VALUES (555, 556);
INSERT INTO "connectsTo" VALUES (556, 557);
INSERT INTO "connectsTo" VALUES (557, 558);
INSERT INTO "connectsTo" VALUES (558, 559);
INSERT INTO "connectsTo" VALUES (559, 561);
INSERT INTO "connectsTo" VALUES (561, 562);
INSERT INTO "connectsTo" VALUES (562, 563);
INSERT INTO "connectsTo" VALUES (563, 564);
INSERT INTO "connectsTo" VALUES (564, 565);
INSERT INTO "connectsTo" VALUES (565, 567);
INSERT INTO "connectsTo" VALUES (567, 568);
INSERT INTO "connectsTo" VALUES (568, 569);
INSERT INTO "connectsTo" VALUES (569, 570);
INSERT INTO "connectsTo" VALUES (570, 571);
INSERT INTO "connectsTo" VALUES (571, 573);
INSERT INTO "connectsTo" VALUES (573, 574);
INSERT INTO "connectsTo" VALUES (574, 575);
INSERT INTO "connectsTo" VALUES (575, 576);
INSERT INTO "connectsTo" VALUES (576, 577);
INSERT INTO "connectsTo" VALUES (577, 579);
INSERT INTO "connectsTo" VALUES (579, 580);
INSERT INTO "connectsTo" VALUES (580, 581);
INSERT INTO "connectsTo" VALUES (581, 582);
INSERT INTO "connectsTo" VALUES (582, 583);
INSERT INTO "connectsTo" VALUES (583, 585);
INSERT INTO "connectsTo" VALUES (585, 587);
INSERT INTO "connectsTo" VALUES (587, 588);
INSERT INTO "connectsTo" VALUES (588, 589);
INSERT INTO "connectsTo" VALUES (589, 590);
INSERT INTO "connectsTo" VALUES (590, 591);
INSERT INTO "connectsTo" VALUES (591, 593);
INSERT INTO "connectsTo" VALUES (593, 594);
INSERT INTO "connectsTo" VALUES (594, 595);
INSERT INTO "connectsTo" VALUES (595, 596);
INSERT INTO "connectsTo" VALUES (596, 597);
INSERT INTO "connectsTo" VALUES (597, 599);
INSERT INTO "connectsTo" VALUES (599, 600);
INSERT INTO "connectsTo" VALUES (600, 601);
INSERT INTO "connectsTo" VALUES (601, 602);
INSERT INTO "connectsTo" VALUES (602, 603);
INSERT INTO "connectsTo" VALUES (603, 605);
INSERT INTO "connectsTo" VALUES (605, 607);
INSERT INTO "connectsTo" VALUES (607, 608);
INSERT INTO "connectsTo" VALUES (608, 609);
INSERT INTO "connectsTo" VALUES (609, 610);
INSERT INTO "connectsTo" VALUES (610, 611);
INSERT INTO "connectsTo" VALUES (611, 613);
INSERT INTO "connectsTo" VALUES (613, 614);
INSERT INTO "connectsTo" VALUES (614, 615);
INSERT INTO "connectsTo" VALUES (615, 616);
INSERT INTO "connectsTo" VALUES (616, 617);
INSERT INTO "connectsTo" VALUES (617, 619);
INSERT INTO "connectsTo" VALUES (619, 621);
INSERT INTO "connectsTo" VALUES (621, 622);
INSERT INTO "connectsTo" VALUES (622, 623);
INSERT INTO "connectsTo" VALUES (623, 624);
INSERT INTO "connectsTo" VALUES (624, 625);
INSERT INTO "connectsTo" VALUES (625, 627);
INSERT INTO "connectsTo" VALUES (627, 628);
INSERT INTO "connectsTo" VALUES (628, 629);
INSERT INTO "connectsTo" VALUES (629, 630);
INSERT INTO "connectsTo" VALUES (630, 631);
INSERT INTO "connectsTo" VALUES (631, 633);
INSERT INTO "connectsTo" VALUES (633, 634);
INSERT INTO "connectsTo" VALUES (634, 635);
INSERT INTO "connectsTo" VALUES (635, 636);
INSERT INTO "connectsTo" VALUES (636, 637);
INSERT INTO "connectsTo" VALUES (637, 639);
INSERT INTO "connectsTo" VALUES (639, 640);
INSERT INTO "connectsTo" VALUES (640, 641);
INSERT INTO "connectsTo" VALUES (641, 642);
INSERT INTO "connectsTo" VALUES (642, 643);
INSERT INTO "connectsTo" VALUES (643, 645);
INSERT INTO "connectsTo" VALUES (645, 646);
INSERT INTO "connectsTo" VALUES (646, 647);
INSERT INTO "connectsTo" VALUES (647, 648);
INSERT INTO "connectsTo" VALUES (648, 649);
INSERT INTO "connectsTo" VALUES (649, 650);
INSERT INTO "connectsTo" VALUES (650, 652);
INSERT INTO "connectsTo" VALUES (652, 653);
INSERT INTO "connectsTo" VALUES (653, 654);
INSERT INTO "connectsTo" VALUES (654, 655);
INSERT INTO "connectsTo" VALUES (655, 656);
INSERT INTO "connectsTo" VALUES (656, 658);
INSERT INTO "connectsTo" VALUES (658, 660);
INSERT INTO "connectsTo" VALUES (660, 661);
INSERT INTO "connectsTo" VALUES (661, 662);
INSERT INTO "connectsTo" VALUES (662, 663);
INSERT INTO "connectsTo" VALUES (663, 664);
INSERT INTO "connectsTo" VALUES (664, 666);
INSERT INTO "connectsTo" VALUES (666, 667);
INSERT INTO "connectsTo" VALUES (667, 668);
INSERT INTO "connectsTo" VALUES (668, 669);
INSERT INTO "connectsTo" VALUES (669, 670);
INSERT INTO "connectsTo" VALUES (670, 672);
INSERT INTO "connectsTo" VALUES (672, 673);
INSERT INTO "connectsTo" VALUES (673, 674);
INSERT INTO "connectsTo" VALUES (674, 675);
INSERT INTO "connectsTo" VALUES (675, 676);
INSERT INTO "connectsTo" VALUES (676, 678);
INSERT INTO "connectsTo" VALUES (678, 679);
INSERT INTO "connectsTo" VALUES (679, 680);
INSERT INTO "connectsTo" VALUES (680, 681);
INSERT INTO "connectsTo" VALUES (681, 682);
INSERT INTO "connectsTo" VALUES (682, 684);
INSERT INTO "connectsTo" VALUES (684, 685);
INSERT INTO "connectsTo" VALUES (685, 686);
INSERT INTO "connectsTo" VALUES (686, 687);
INSERT INTO "connectsTo" VALUES (687, 688);
INSERT INTO "connectsTo" VALUES (688, 690);
INSERT INTO "connectsTo" VALUES (690, 691);
INSERT INTO "connectsTo" VALUES (691, 692);
INSERT INTO "connectsTo" VALUES (692, 693);
INSERT INTO "connectsTo" VALUES (693, 694);
INSERT INTO "connectsTo" VALUES (694, 696);
INSERT INTO "connectsTo" VALUES (696, 697);
INSERT INTO "connectsTo" VALUES (697, 698);
INSERT INTO "connectsTo" VALUES (698, 699);
INSERT INTO "connectsTo" VALUES (699, 700);
INSERT INTO "connectsTo" VALUES (700, 702);
INSERT INTO "connectsTo" VALUES (702, 703);
INSERT INTO "connectsTo" VALUES (703, 704);
INSERT INTO "connectsTo" VALUES (704, 705);
INSERT INTO "connectsTo" VALUES (705, 706);
INSERT INTO "connectsTo" VALUES (706, 708);
INSERT INTO "connectsTo" VALUES (708, 710);
INSERT INTO "connectsTo" VALUES (710, 711);
INSERT INTO "connectsTo" VALUES (711, 712);
INSERT INTO "connectsTo" VALUES (712, 713);
INSERT INTO "connectsTo" VALUES (713, 714);
INSERT INTO "connectsTo" VALUES (714, 716);
INSERT INTO "connectsTo" VALUES (716, 717);
INSERT INTO "connectsTo" VALUES (717, 718);
INSERT INTO "connectsTo" VALUES (718, 719);
INSERT INTO "connectsTo" VALUES (719, 720);
INSERT INTO "connectsTo" VALUES (720, 722);
INSERT INTO "connectsTo" VALUES (722, 724);
INSERT INTO "connectsTo" VALUES (724, 725);
INSERT INTO "connectsTo" VALUES (725, 726);
INSERT INTO "connectsTo" VALUES (726, 727);
INSERT INTO "connectsTo" VALUES (727, 728);
INSERT INTO "connectsTo" VALUES (728, 730);
INSERT INTO "connectsTo" VALUES (730, 731);
INSERT INTO "connectsTo" VALUES (731, 732);
INSERT INTO "connectsTo" VALUES (732, 733);
INSERT INTO "connectsTo" VALUES (733, 734);
INSERT INTO "connectsTo" VALUES (734, 736);
INSERT INTO "connectsTo" VALUES (736, 737);
INSERT INTO "connectsTo" VALUES (737, 738);
INSERT INTO "connectsTo" VALUES (738, 739);
INSERT INTO "connectsTo" VALUES (739, 740);
INSERT INTO "connectsTo" VALUES (740, 742);
INSERT INTO "connectsTo" VALUES (742, 743);
INSERT INTO "connectsTo" VALUES (743, 744);
INSERT INTO "connectsTo" VALUES (744, 745);
INSERT INTO "connectsTo" VALUES (745, 746);
INSERT INTO "connectsTo" VALUES (746, 748);
INSERT INTO "connectsTo" VALUES (748, 749);
INSERT INTO "connectsTo" VALUES (749, 750);
INSERT INTO "connectsTo" VALUES (750, 751);
INSERT INTO "connectsTo" VALUES (751, 752);
INSERT INTO "connectsTo" VALUES (752, 754);
INSERT INTO "connectsTo" VALUES (754, 755);
INSERT INTO "connectsTo" VALUES (755, 756);
INSERT INTO "connectsTo" VALUES (756, 757);
INSERT INTO "connectsTo" VALUES (757, 758);
INSERT INTO "connectsTo" VALUES (758, 760);
INSERT INTO "connectsTo" VALUES (760, 761);
INSERT INTO "connectsTo" VALUES (761, 762);
INSERT INTO "connectsTo" VALUES (762, 763);
INSERT INTO "connectsTo" VALUES (763, 764);
INSERT INTO "connectsTo" VALUES (764, 766);
INSERT INTO "connectsTo" VALUES (766, 767);
INSERT INTO "connectsTo" VALUES (767, 768);
INSERT INTO "connectsTo" VALUES (768, 769);
INSERT INTO "connectsTo" VALUES (769, 770);
INSERT INTO "connectsTo" VALUES (770, 772);
INSERT INTO "connectsTo" VALUES (772, 773);
INSERT INTO "connectsTo" VALUES (773, 774);
INSERT INTO "connectsTo" VALUES (774, 775);
INSERT INTO "connectsTo" VALUES (775, 776);
INSERT INTO "connectsTo" VALUES (776, 778);
INSERT INTO "connectsTo" VALUES (778, 780);
INSERT INTO "connectsTo" VALUES (780, 781);
INSERT INTO "connectsTo" VALUES (781, 782);
INSERT INTO "connectsTo" VALUES (782, 783);
INSERT INTO "connectsTo" VALUES (783, 784);
INSERT INTO "connectsTo" VALUES (784, 786);
INSERT INTO "connectsTo" VALUES (786, 787);
INSERT INTO "connectsTo" VALUES (787, 788);
INSERT INTO "connectsTo" VALUES (788, 789);
INSERT INTO "connectsTo" VALUES (789, 790);
INSERT INTO "connectsTo" VALUES (790, 792);
INSERT INTO "connectsTo" VALUES (792, 793);
INSERT INTO "connectsTo" VALUES (793, 794);
INSERT INTO "connectsTo" VALUES (794, 795);
INSERT INTO "connectsTo" VALUES (795, 796);
INSERT INTO "connectsTo" VALUES (796, 798);
INSERT INTO "connectsTo" VALUES (798, 799);
INSERT INTO "connectsTo" VALUES (799, 800);
INSERT INTO "connectsTo" VALUES (800, 801);
INSERT INTO "connectsTo" VALUES (801, 802);
INSERT INTO "connectsTo" VALUES (802, 804);
INSERT INTO "connectsTo" VALUES (804, 805);
INSERT INTO "connectsTo" VALUES (805, 806);
INSERT INTO "connectsTo" VALUES (806, 807);
INSERT INTO "connectsTo" VALUES (807, 808);
INSERT INTO "connectsTo" VALUES (808, 810);
INSERT INTO "connectsTo" VALUES (810, 811);
INSERT INTO "connectsTo" VALUES (811, 812);
INSERT INTO "connectsTo" VALUES (812, 813);
INSERT INTO "connectsTo" VALUES (813, 814);
INSERT INTO "connectsTo" VALUES (814, 816);
INSERT INTO "connectsTo" VALUES (816, 817);
INSERT INTO "connectsTo" VALUES (817, 818);
INSERT INTO "connectsTo" VALUES (818, 819);
INSERT INTO "connectsTo" VALUES (819, 820);
INSERT INTO "connectsTo" VALUES (820, 822);
INSERT INTO "connectsTo" VALUES (822, 823);
INSERT INTO "connectsTo" VALUES (823, 824);
INSERT INTO "connectsTo" VALUES (824, 825);
INSERT INTO "connectsTo" VALUES (825, 826);
INSERT INTO "connectsTo" VALUES (826, 828);
INSERT INTO "connectsTo" VALUES (828, 830);
INSERT INTO "connectsTo" VALUES (830, 831);
INSERT INTO "connectsTo" VALUES (831, 832);
INSERT INTO "connectsTo" VALUES (832, 833);
INSERT INTO "connectsTo" VALUES (833, 834);
INSERT INTO "connectsTo" VALUES (834, 836);
INSERT INTO "connectsTo" VALUES (836, 837);
INSERT INTO "connectsTo" VALUES (837, 838);
INSERT INTO "connectsTo" VALUES (838, 839);
INSERT INTO "connectsTo" VALUES (839, 840);
INSERT INTO "connectsTo" VALUES (840, 842);
INSERT INTO "connectsTo" VALUES (842, 843);
INSERT INTO "connectsTo" VALUES (843, 844);
INSERT INTO "connectsTo" VALUES (844, 845);
INSERT INTO "connectsTo" VALUES (845, 846);
INSERT INTO "connectsTo" VALUES (846, 848);
INSERT INTO "connectsTo" VALUES (848, 849);
INSERT INTO "connectsTo" VALUES (849, 850);
INSERT INTO "connectsTo" VALUES (850, 851);
INSERT INTO "connectsTo" VALUES (851, 852);
INSERT INTO "connectsTo" VALUES (852, 854);
INSERT INTO "connectsTo" VALUES (854, 856);
INSERT INTO "connectsTo" VALUES (856, 857);
INSERT INTO "connectsTo" VALUES (857, 858);
INSERT INTO "connectsTo" VALUES (858, 859);
INSERT INTO "connectsTo" VALUES (859, 860);
INSERT INTO "connectsTo" VALUES (860, 862);
INSERT INTO "connectsTo" VALUES (862, 863);
INSERT INTO "connectsTo" VALUES (863, 864);
INSERT INTO "connectsTo" VALUES (864, 865);
INSERT INTO "connectsTo" VALUES (865, 866);
INSERT INTO "connectsTo" VALUES (866, 868);
INSERT INTO "connectsTo" VALUES (868, 869);
INSERT INTO "connectsTo" VALUES (869, 870);
INSERT INTO "connectsTo" VALUES (870, 871);
INSERT INTO "connectsTo" VALUES (871, 872);
INSERT INTO "connectsTo" VALUES (872, 874);
INSERT INTO "connectsTo" VALUES (874, 875);
INSERT INTO "connectsTo" VALUES (875, 876);
INSERT INTO "connectsTo" VALUES (876, 877);
INSERT INTO "connectsTo" VALUES (877, 878);
INSERT INTO "connectsTo" VALUES (878, 880);
INSERT INTO "connectsTo" VALUES (880, 881);
INSERT INTO "connectsTo" VALUES (881, 882);
INSERT INTO "connectsTo" VALUES (882, 883);
INSERT INTO "connectsTo" VALUES (883, 884);
INSERT INTO "connectsTo" VALUES (884, 885);
INSERT INTO "connectsTo" VALUES (885, 887);
INSERT INTO "connectsTo" VALUES (887, 888);
INSERT INTO "connectsTo" VALUES (888, 889);
INSERT INTO "connectsTo" VALUES (889, 890);
INSERT INTO "connectsTo" VALUES (890, 891);
INSERT INTO "connectsTo" VALUES (891, 893);
INSERT INTO "connectsTo" VALUES (893, 894);
INSERT INTO "connectsTo" VALUES (894, 895);
INSERT INTO "connectsTo" VALUES (895, 896);
INSERT INTO "connectsTo" VALUES (896, 897);
INSERT INTO "connectsTo" VALUES (897, 899);
INSERT INTO "connectsTo" VALUES (899, 901);
INSERT INTO "connectsTo" VALUES (901, 902);
INSERT INTO "connectsTo" VALUES (902, 903);
INSERT INTO "connectsTo" VALUES (903, 904);
INSERT INTO "connectsTo" VALUES (904, 905);
INSERT INTO "connectsTo" VALUES (905, 907);
INSERT INTO "connectsTo" VALUES (907, 908);
INSERT INTO "connectsTo" VALUES (908, 909);
INSERT INTO "connectsTo" VALUES (909, 910);
INSERT INTO "connectsTo" VALUES (910, 911);
INSERT INTO "connectsTo" VALUES (911, 913);
INSERT INTO "connectsTo" VALUES (913, 914);
INSERT INTO "connectsTo" VALUES (914, 915);
INSERT INTO "connectsTo" VALUES (915, 916);
INSERT INTO "connectsTo" VALUES (916, 917);
INSERT INTO "connectsTo" VALUES (917, 919);
INSERT INTO "connectsTo" VALUES (919, 921);
INSERT INTO "connectsTo" VALUES (921, 922);
INSERT INTO "connectsTo" VALUES (922, 923);
INSERT INTO "connectsTo" VALUES (923, 924);
INSERT INTO "connectsTo" VALUES (924, 925);
INSERT INTO "connectsTo" VALUES (382, 386);
INSERT INTO "connectsTo" VALUES (925, 5);

COMMIT;
CREATE INDEX segment_length_idx ON "Segment" ("length");
CREATE INDEX monitoredBy_idx ON "monitoredBy" ("Sensor_id", "TrackElement_id");
CREATE INDEX connectsTo_idx1 ON "connectsTo" ("TrackElement1_id");
CREATE INDEX connectsTo_idx2 ON "connectsTo" ("TrackElement2_id");
