PRAGMA synchronous = OFF;
PRAGMA journal_mode = MEMORY;
BEGIN TRANSACTION;
CREATE TABLE `Region` (
  `id` integer NOT NULL PRIMARY KEY AUTOINCREMENT
);
INSERT INTO `Region` VALUES (4),(51),(160),(291),(350),(757),(1240),(1673),(1768),(2134);
CREATE TABLE `Route` (
  `id` integer NOT NULL PRIMARY KEY AUTOINCREMENT
,  `active` integer DEFAULT NULL
,  `entry` integer DEFAULT NULL
,  `exit` integer DEFAULT NULL
);
INSERT INTO `Route` VALUES (3,1,1,2),(50,1,2,49),(159,1,49,158),(290,1,158,289),(349,1,289,348),(756,1,348,755),(1239,1,755,1238),(1672,1,1238,1671),(1767,1,1671,1766),(2133,1,1766,1);
CREATE TABLE `Segment` (
  `id` integer NOT NULL PRIMARY KEY AUTOINCREMENT
,  `length` integer NOT NULL DEFAULT '1'
);
INSERT INTO `Segment` VALUES (7,335),(8,439),(9,90),(10,395),(11,134),(13,137),(14,494),(15,979),(16,815),(17,813),(19,968),(20,197),(21,324),(22,645),(23,517),(25,212),(26,994),(27,472),(28,679),(29,745),(31,542),(32,655),(33,988),(34,483),(35,636),(37,429),(38,892),(39,149),(40,209),(41,721),(43,853),(44,560),(45,190),(46,764),(47,872),(54,232),(55,901),(56,530),(57,494),(58,273),(60,975),(61,386),(62,220),(63,929),(64,152),(66,246),(67,246),(68,437),(69,375),(70,942),(72,301),(73,437),(74,511),(75,625),(76,111),(78,227),(79,145),(80,789),(81,456),(82,434),(84,824),(85,395),(86,608),(87,829),(88,619),(90,921),(91,329),(92,703),(93,763),(94,890),(96,257),(97,488),(98,366),(99,638),(100,102),(104,386),(105,462),(106,657),(107,931),(108,119),(110,392),(111,782),(112,212),(113,907),(114,118),(116,186),(117,324),(118,881),(119,740),(120,897),(122,250),(123,579),(124,39),(125,91),(126,963),(128,718),(129,942),(130,547),(131,836),(132,579),(134,870),(135,344),(136,333),(137,923),(138,627),(140,465),(141,470),(142,343),(143,771),(144,288),(146,167),(147,466),(148,886),(149,248),(150,261),(152,36),(153,458),(154,918),(155,345),(156,820),(163,369),(164,94),(165,737),(166,433),(167,149),(169,70),(170,809),(171,160),(172,744),(173,461),(175,94),(176,627),(177,773),(178,493),(179,273),(181,157),(182,620),(183,905),(184,453),(185,322),(189,263),(190,970),(191,39),(192,83),(193,632),(195,546),(196,352),(197,742),(198,177),(199,576),(201,781),(202,83),(203,973),(204,918),(205,185),(207,847),(208,121),(209,977),(210,130),(211,69),(213,423),(214,450),(215,372),(216,993),(217,455),(221,176),(222,759),(223,61),(224,917),(225,569),(227,571),(228,787),(229,35),(230,718),(231,307),(233,686),(234,858),(235,909),(236,750),(237,200),(241,943),(242,168),(243,432),(244,589),(245,533),(247,29),(248,320),(249,225),(250,966),(251,517),(253,53),(254,916),(255,182),(256,972),(257,349),(259,51),(260,332),(261,282),(262,983),(263,78),(265,596),(266,331),(267,500),(268,683),(269,633),(271,836),(272,120),(273,173),(274,638),(275,792),(277,997),(278,809),(279,373),(280,954),(281,554),(283,915),(284,303),(285,977),(286,730),(287,312),(294,236),(295,573),(296,294),(297,488),(298,861),(300,236),(301,455),(302,915),(303,182),(304,22),(306,118),(307,707),(308,342),(309,501),(310,953),(312,827),(313,998),(314,638),(315,669),(316,546),(318,587),(319,827),(320,941),(321,26),(322,939),(324,611),(325,236),(326,994),(327,837),(328,479),(330,307),(331,283),(332,52),(333,694),(334,895),(336,62),(337,57),(338,250),(339,935),(340,235),(342,795),(343,392),(344,628),(345,558),(346,110),(353,557),(354,132),(355,455),(356,678),(357,489),(359,5),(360,682),(361,76),(362,169),(363,171),(365,726),(366,421),(367,188),(368,149),(369,413),(371,531),(372,36),(373,578),(374,322),(375,563),(377,252),(378,611),(379,98),(380,107),(381,360),(383,387),(384,12),(385,480),(386,148),(387,94),(389,686),(390,810),(391,659),(392,630),(393,6),(395,501),(396,555),(397,368),(398,777),(399,906),(401,585),(402,11),(403,287),(404,947),(405,106),(409,301),(410,836),(411,254),(412,422),(413,146),(415,710),(416,576),(417,481),(418,638),(419,781),(421,409),(422,78),(423,34),(424,510),(425,536),(427,851),(428,898),(429,731),(430,83),(431,796),(433,113),(434,3),(435,326),(436,100),(437,555),(439,290),(440,126),(441,620),(442,323),(443,333),(445,598),(446,172),(447,263),(448,411),(449,638),(451,421),(452,921),(453,40),(454,546),(455,208),(457,542),(458,770),(459,147),(460,170),(461,167),(465,524),(466,5),(467,133),(468,818),(469,980),(473,152),(474,808),(475,94),(476,768),(477,969),(479,948),(480,366),(481,971),(482,75),(483,686),(485,606),(486,672),(487,316),(488,915),(489,831),(491,711),(492,773),(493,386),(494,340),(495,597),(497,28),(498,196),(499,953),(500,473),(501,514),(503,429),(504,972),(505,708),(506,669),(507,974),(509,706),(510,35),(511,383),(512,902),(513,578),(515,630),(516,154),(517,882),(518,579),(519,19),(521,798),(522,214),(523,566),(524,441),(525,823),(529,868),(530,182),(531,241),(532,734),(533,70),(535,665),(536,860),(537,143),(538,962),(539,346),(541,417),(542,630),(543,106),(544,482),(545,560),(547,135),(548,395),(549,950),(550,569),(551,452),(553,744),(554,702),(555,68),(556,634),(557,852),(559,551),(560,875),(561,989),(562,837),(563,252),(565,77),(566,710),(567,845),(568,835),(569,27),(571,686),(572,247),(573,348),(574,206),(575,391),(577,911),(578,394),(579,268),(580,468),(581,781),(585,666),(586,464),(587,375),(588,825),(589,741),(591,236),(592,420),(593,855),(594,856),(595,320),(597,78),(598,58),(599,959),(600,633),(601,244),(603,830),(604,40),(605,534),(606,945),(607,997),(609,142),(610,275),(611,382),(612,557),(613,165),(617,205),(618,144),(619,770),(620,113),(621,575),(625,452),(626,900),(627,552),(628,411),(629,664),(631,453),(632,599),(633,616),(634,714),(635,758),(637,357),(638,604),(639,492),(640,37),(641,427),(643,881),(644,902),(645,47),(646,195),(647,735),(649,942),(650,403),(651,615),(652,887),(653,387),(655,285),(656,889),(657,87),(658,271),(659,432),(661,11),(662,153),(663,444),(664,576),(665,11),(667,229),(668,541),(669,924),(670,801),(671,887),(673,66),(674,898),(675,660),(676,555),(677,559),(681,734),(682,720),(683,382),(684,79),(685,538),(687,618),(688,132),(689,133),(690,108),(691,563),(693,81),(694,832),(695,45),(696,843),(697,943),(699,354),(700,455),(701,272),(702,655),(703,411),(705,867),(706,212),(707,546),(708,570),(709,399),(711,645),(712,250),(713,344),(714,553),(715,17),(717,643),(718,572),(719,458),(720,261),(721,319),(725,27),(726,795),(727,156),(728,479),(729,514),(731,748),(732,899),(733,15),(734,103),(735,623),(737,281),(738,141),(739,53),(740,915),(741,302),(743,145),(744,841),(745,410),(746,653),(747,123),(749,464),(750,236),(751,236),(752,572),(753,647),(760,515),(761,767),(762,915),(763,191),(764,989),(766,513),(767,105),(768,481),(769,830),(770,843),(772,649),(773,772),(774,769),(775,857),(776,350),(778,732),(779,415),(780,517),(781,200),(782,399),(784,894),(785,262),(786,546),(787,395),(788,162),(790,528),(791,918),(792,153),(793,910),(794,997),(796,196),(797,151),(798,795),(799,166),(800,742),(804,935),(805,754),(806,782),(807,316),(808,772),(810,43),(811,658),(812,417),(813,118),(814,243),(816,62),(817,68),(818,439),(819,567),(820,983),(822,84),(823,13),(824,547),(825,151),(826,557),(828,329),(829,593),(830,946),(831,554),(832,900),(834,167),(835,209),(836,625),(837,8),(838,132),(840,811),(841,354),(842,787),(843,222),(844,629),(846,642),(847,24),(848,909),(849,946),(850,565),(852,751),(853,276),(854,394),(855,436),(856,193),(860,581),(861,929),(862,406),(863,491),(864,484),(866,424),(867,234),(868,283),(869,781),(870,850),(872,134),(873,519),(874,268),(875,499),(876,165),(878,431),(879,954),(880,196),(881,704),(882,496),(884,84),(885,931),(886,484),(887,18),(888,19),(892,761),(893,52),(894,938),(895,581),(896,39),(898,804),(899,925),(900,764),(901,574),(902,41),(904,434),(905,216),(906,160),(907,268),(908,934),(912,682),(913,115),(914,517),(915,294),(916,132),(918,303),(919,208),(920,130),(921,672),(922,340),(924,899),(925,893),(926,401),(927,197),(928,918),(930,890),(931,420),(932,963),(933,313),(934,917),(936,555),(937,720),(938,681),(939,256),(940,192),(942,425),(943,186),(944,148),(945,230),(946,2),(948,535),(949,526),(950,84),(951,814),(952,257),(954,832),(955,250),(956,151),(957,63),(958,653),(960,350),(961,967),(962,388),(963,37),(964,597),(968,477),(969,849),(970,42),(971,76),(972,450),(974,14),(975,406),(976,918),(977,185),(978,525),(980,593),(981,932),(982,862),(983,263),(984,301),(986,359),(987,606),(988,980),(989,913),(990,282),(992,5),(993,288),(994,596),(995,637),(996,647),(998,111),(999,704),(1000,423),(1001,463),(1002,734),(1004,425),(1005,704),(1006,209),(1007,240),(1008,589),(1010,640),(1011,760),(1012,488),(1013,912),(1014,945),(1018,974),(1019,205),(1020,692),(1021,350),(1022,605),(1026,791),(1027,688),(1028,68),(1029,878),(1030,190),(1032,33),(1033,874),(1034,585),(1035,366),(1036,887),(1038,862),(1039,52),(1040,54),(1041,364),(1042,773),(1044,801),(1045,210),(1046,575),(1047,407),(1048,858),(1052,258),(1053,371),(1054,653),(1055,313),(1056,922),(1058,36),(1059,422),(1060,691),(1061,527),(1062,927),(1064,403),(1065,124),(1066,808),(1067,323),(1068,241),(1072,892),(1073,576),(1074,337),(1075,863),(1076,196),(1080,33),(1081,649),(1082,667),(1083,998),(1084,967),(1086,94),(1087,180),(1088,848),(1089,153),(1090,200),(1092,533),(1093,895),(1094,317),(1095,845),(1096,290),(1098,322),(1099,372),(1100,718),(1101,907),(1102,627),(1106,281),(1107,843),(1108,304),(1109,780),(1110,911),(1112,938),(1113,76),(1114,942),(1115,995),(1116,501),(1118,547),(1119,202),(1120,274),(1121,743),(1122,932),(1124,29),(1125,174),(1126,369),(1127,335),(1128,368),(1130,216),(1131,225),(1132,366),(1133,631),(1134,467),(1138,424),(1139,836),(1140,314),(1141,287),(1142,679),(1144,722),(1145,638),(1146,623),(1147,515),(1148,467),(1150,557),(1151,902),(1152,95),(1153,829),(1154,49),(1158,445),(1159,899),(1160,991),(1161,458),(1162,4),(1164,768),(1165,842),(1166,881),(1167,784),(1168,559),(1170,750),(1171,248),(1172,262),(1173,743),(1174,269),(1176,807),(1177,443),(1178,395),(1179,685),(1180,603),(1182,710),(1183,169),(1184,801),(1185,889),(1186,252),(1188,247),(1189,135),(1190,160),(1191,88),(1192,398),(1196,537),(1197,185),(1198,355),(1199,249),(1200,437),(1202,777),(1203,912),(1204,558),(1205,37),(1206,41),(1208,170),(1209,343),(1210,709),(1211,215),(1212,985),(1214,694),(1215,972),(1216,535),(1217,684),(1218,142),(1220,874),(1221,988),(1222,392),(1223,560),(1224,379),(1226,142),(1227,900),(1228,867),(1229,644),(1230,277),(1232,576),(1233,912),(1234,498),(1235,585),(1236,688),(1243,127),(1244,760),(1245,547),(1246,209),(1247,302),(1249,96),(1250,471),(1251,451),(1252,954),(1253,154),(1255,977),(1256,244),(1257,121),(1258,111),(1259,931),(1261,397),(1262,935),(1263,677),(1264,940),(1265,107),(1267,800),(1268,371),(1269,526),(1270,958),(1271,591),(1273,636),(1274,695),(1275,306),(1276,617),(1277,444),(1279,408),(1280,847),(1281,275),(1282,193),(1283,929),(1287,623),(1288,240),(1289,833),(1290,273),(1291,367),(1293,379),(1294,970),(1295,101),(1296,272),(1297,646),(1299,175),(1300,525),(1301,310),(1302,935),(1303,818),(1305,904),(1306,36),(1307,593),(1308,666),(1309,571),(1311,62),(1312,352),(1313,255),(1314,655),(1315,671),(1319,202),(1320,162),(1321,622),(1322,820),(1323,831),(1325,794),(1326,930),(1327,922),(1328,884),(1329,43),(1331,725),(1332,594),(1333,481),(1334,886),(1335,257),(1337,194),(1338,699),(1339,7),(1340,561),(1341,16),(1343,385),(1344,40),(1345,109),(1346,145),(1347,174),(1351,312),(1352,54),(1353,943),(1354,385),(1355,256),(1357,236),(1358,733),(1359,960),(1360,485),(1361,709),(1363,714),(1364,59),(1365,151),(1366,313),(1367,791),(1369,675),(1370,725),(1371,132),(1372,850),(1373,633),(1375,248),(1376,575),(1377,118),(1378,541),(1379,123),(1381,999),(1382,471),(1383,386),(1384,685),(1385,690),(1387,804),(1388,853),(1389,388),(1390,259),(1391,297),(1393,148),(1394,285),(1395,111),(1396,419),(1397,734),(1401,985),(1402,229),(1403,791),(1404,459),(1405,166),(1407,110),(1408,773),(1409,132),(1410,715),(1411,316),(1413,353),(1414,231),(1415,36),(1416,287),(1417,722),(1419,563),(1420,53),(1421,839),(1422,223),(1423,361),(1425,922),(1426,726),(1427,831),(1428,124),(1429,367),(1431,348),(1432,313),(1433,957),(1434,398),(1435,236),(1439,231),(1440,683),(1441,956),(1442,725),(1443,718),(1445,778),(1446,534),(1447,175),(1448,978),(1449,810),(1451,596),(1452,581),(1453,287),(1454,417),(1455,945),(1457,981),(1458,494),(1459,400),(1460,1),(1461,983),(1463,762),(1464,366),(1465,812),(1466,991),(1467,346),(1469,690),(1470,990),(1471,511),(1472,518),(1473,149),(1475,396),(1476,257),(1477,630),(1478,526),(1479,579),(1481,994),(1482,48),(1483,550),(1484,456),(1485,393),(1487,853),(1488,75),(1489,527),(1490,436),(1491,591),(1495,26),(1496,236),(1497,556),(1498,405),(1499,133),(1501,826),(1502,233),(1503,290),(1504,584),(1505,282),(1507,313),(1508,754),(1509,83),(1510,874),(1511,717),(1515,910),(1516,844),(1517,478),(1518,186),(1519,346),(1521,465),(1522,895),(1523,477),(1524,763),(1525,851),(1527,703),(1528,939),(1529,296),(1530,367),(1531,698),(1533,113),(1534,599),(1535,941),(1536,689),(1537,353),(1539,497),(1540,630),(1541,905),(1542,41),(1543,907),(1545,149),(1546,130),(1547,151),(1548,177),(1549,573),(1551,709),(1552,92),(1553,829),(1554,935),(1555,627),(1557,599),(1558,69),(1559,575),(1560,764),(1561,969),(1565,83),(1566,36),(1567,557),(1568,227),(1569,754),(1571,709),(1572,857),(1573,32),(1574,149),(1575,627),(1577,354),(1578,731),(1579,618),(1580,483),(1581,439),(1583,437),(1584,389),(1585,829),(1586,720),(1587,216),(1591,837),(1592,214),(1593,388),(1594,615),(1595,43),(1597,624),(1598,301),(1599,321),(1600,811),(1601,922),(1603,606),(1604,143),(1605,430),(1606,377),(1607,254),(1609,511),(1610,552),(1611,84),(1612,15),(1613,998),(1615,782),(1616,843),(1617,621),(1618,815),(1619,153),(1623,312),(1624,889),(1625,669),(1626,494),(1627,620),(1629,719),(1630,920),(1631,667),(1632,653),(1633,13),(1635,789),(1636,436),(1637,449),(1638,581),(1639,860),(1641,386),(1642,612),(1643,165),(1644,925),(1645,858),(1647,51),(1648,340),(1649,671),(1650,973),(1651,131),(1653,996),(1654,329),(1655,136),(1656,789),(1657,953),(1659,609),(1660,842),(1661,566),(1662,62),(1663,183),(1665,962),(1666,121),(1667,610),(1668,367),(1669,205),(1676,712),(1677,541),(1678,360),(1679,471),(1680,137),(1682,668),(1683,179),(1684,809),(1685,422),(1686,475),(1688,580),(1689,352),(1690,63),(1691,992),(1692,93),(1694,104),(1695,775),(1696,247),(1697,933),(1698,345),(1700,884),(1701,578),(1702,336),(1703,541),(1704,1000),(1708,524),(1709,483),(1710,311),(1711,506),(1712,788),(1716,876),(1717,244),(1718,486),(1719,972),(1720,748),(1722,407),(1723,753),(1724,536),(1725,36),(1726,401),(1728,188),(1729,451),(1730,845),(1731,844),(1732,701),(1734,620),(1735,839),(1736,139),(1737,527),(1738,486),(1740,962),(1741,632),(1742,181),(1743,370),(1744,127),(1746,753),(1747,992),(1748,798),(1749,171),(1750,127),(1752,227),(1753,993),(1754,541),(1755,159),(1756,111),(1760,882),(1761,959),(1762,793),(1763,235),(1764,793),(1771,925),(1772,317),(1773,182),(1774,546),(1775,992),(1777,459),(1778,586),(1779,494),(1780,705),(1781,145),(1783,992),(1784,144),(1785,351),(1786,885),(1787,251),(1789,219),(1790,305),(1791,381),(1792,189),(1793,772),(1795,950),(1796,961),(1797,179),(1798,322),(1799,785),(1801,127),(1802,779),(1803,275),(1804,29),(1805,255),(1807,553),(1808,675),(1809,855),(1810,501),(1811,353),(1813,50),(1814,221),(1815,621),(1816,74),(1817,628),(1819,403),(1820,659),(1821,349),(1822,561),(1823,563),(1827,537),(1828,616),(1829,327),(1830,538),(1831,383),(1833,489),(1834,424),(1835,428),(1836,237),(1837,461),(1841,484),(1842,932),(1843,508),(1844,91),(1845,628),(1847,510),(1848,459),(1849,545),(1850,103),(1851,869),(1853,827),(1854,13),(1855,914),(1856,798),(1857,728),(1859,394),(1860,323),(1861,784),(1862,667),(1863,564),(1865,83),(1866,287),(1867,436),(1868,521),(1869,672),(1871,941),(1872,654),(1873,371),(1874,569),(1875,728),(1877,297),(1878,959),(1879,941),(1880,347),(1881,346),(1883,386),(1884,704),(1885,110),(1886,7),(1887,179),(1889,202),(1890,750),(1891,742),(1892,742),(1893,290),(1897,13),(1898,184),(1899,843),(1900,757),(1901,442),(1903,759),(1904,161),(1905,76),(1906,443),(1907,909),(1909,323),(1910,531),(1911,213),(1912,782),(1913,906),(1915,782),(1916,530),(1917,574),(1918,591),(1919,137),(1923,89),(1924,686),(1925,146),(1926,62),(1927,796),(1931,612),(1932,172),(1933,532),(1934,974),(1935,980),(1937,309),(1938,207),(1939,525),(1940,445),(1941,637),(1943,105),(1944,784),(1945,373),(1946,917),(1947,406),(1951,131),(1952,358),(1953,324),(1954,119),(1955,479),(1957,699),(1958,553),(1959,208),(1960,16),(1961,524),(1963,558),(1964,399),(1965,131),(1966,323),(1967,544),(1971,913),(1972,833),(1973,859),(1974,597),(1975,328),(1977,486),(1978,464),(1979,462),(1980,43),(1981,491),(1985,529),(1986,313),(1987,264),(1988,389),(1989,915),(1991,714),(1992,666),(1993,533),(1994,41),(1995,115),(1997,442),(1998,173),(1999,413),(2000,952),(2001,589),(2005,854),(2006,131),(2007,883),(2008,805),(2009,107),(2011,412),(2012,320),(2013,580),(2014,425),(2015,810),(2017,452),(2018,222),(2019,169),(2020,313),(2021,258),(2023,999),(2024,766),(2025,873),(2026,172),(2027,68),(2029,791),(2030,608),(2031,908),(2032,527),(2033,872),(2035,152),(2036,98),(2037,72),(2038,166),(2039,179),(2043,815),(2044,457),(2045,295),(2046,207),(2047,653),(2049,370),(2050,681),(2051,503),(2052,507),(2053,408),(2057,459),(2058,165),(2059,314),(2060,308),(2061,40),(2063,335),(2064,646),(2065,844),(2066,848),(2067,542),(2071,57),(2072,784),(2073,279),(2074,960),(2075,888),(2077,75),(2078,679),(2079,426),(2080,694),(2081,113),(2085,799),(2086,33),(2087,668),(2088,979),(2089,962),(2091,911),(2092,527),(2093,934),(2094,158),(2095,643),(2097,384),(2098,991),(2099,128),(2100,235),(2101,896),(2103,837),(2104,806),(2105,749),(2106,47),(2107,590),(2109,165),(2110,85),(2111,986),(2112,399),(2113,695),(2115,327),(2116,148),(2117,45),(2118,36),(2119,609),(2121,780),(2122,696),(2123,196),(2124,816),(2125,17),(2127,994),(2128,927),(2129,91),(2130,682),(2131,573),(2137,59),(2138,788),(2139,474),(2140,517),(2141,152),(2143,606),(2144,244),(2145,687),(2146,478),(2147,417),(2149,668),(2150,813),(2151,45),(2152,856),(2153,754),(2155,674),(2156,471),(2157,121),(2158,880),(2159,836),(2163,498),(2164,628),(2165,27),(2166,477),(2167,497),(2169,289),(2170,2),(2171,617),(2172,821),(2173,629),(2175,749),(2176,133),(2177,47),(2178,164),(2179,972),(2181,50),(2182,340),(2183,678),(2184,90),(2185,952),(2187,731),(2188,900),(2189,539),(2190,990),(2191,129),(2193,676),(2194,403),(2195,477),(2196,85),(2197,347),(2199,605),(2200,798),(2201,271),(2202,710),(2203,30),(2205,410),(2206,39),(2207,186),(2208,803),(2209,664),(2211,502),(2212,206),(2213,555),(2214,262),(2215,527),(2219,720),(2220,646),(2221,451),(2222,662),(2223,738),(2225,193),(2226,878),(2227,414),(2228,121),(2229,988),(2231,503),(2232,102),(2233,685),(2234,910),(2235,717),(2237,237),(2238,592),(2239,910),(2240,355),(2241,236),(2243,398),(2244,80),(2245,429),(2246,358),(2247,482),(2249,327),(2250,685),(2251,671),(2252,349),(2253,205),(2257,591),(2258,143),(2259,545),(2260,634),(2261,811),(2263,33),(2264,384),(2265,823),(2266,505),(2267,860),(2271,185),(2272,632),(2273,757),(2274,281),(2275,419),(2277,125),(2278,728),(2279,574),(2280,806),(2281,778),(2285,433),(2286,881),(2287,352),(2288,252),(2289,791),(2291,323),(2292,897),(2293,416),(2294,458),(2295,343),(2297,107),(2298,656),(2299,716),(2300,702),(2301,990),(2303,718),(2304,4),(2305,174),(2306,852),(2307,298),(2309,173),(2310,706),(2311,264),(2312,751),(2313,669),(2315,526),(2316,404),(2317,265),(2318,859),(2319,496),(2321,535),(2322,189),(2323,978),(2324,499),(2325,396),(2327,229),(2328,421),(2329,359),(2330,801),(2331,3),(2335,139),(2336,549),(2337,892),(2338,924),(2339,351),(2341,777),(2342,446),(2343,679),(2344,179),(2345,867),(2347,15),(2348,459),(2349,114),(2350,657),(2351,887),(2353,206),(2354,10),(2355,341),(2356,901),(2357,1),(2359,190),(2360,808),(2361,787),(2362,697),(2363,77),(2365,378),(2366,919),(2367,866),(2368,819),(2369,890),(2371,547),(2372,153),(2373,598),(2374,722),(2375,482),(2377,924),(2378,787),(2379,417),(2380,305),(2381,96),(2383,463),(2384,181),(2385,721),(2386,141),(2387,489);
CREATE TABLE `Semaphore` (
  `id` integer NOT NULL PRIMARY KEY AUTOINCREMENT
,  `segment` integer NOT NULL
,  `signal` integer NOT NULL
);
INSERT INTO `Semaphore` VALUES (1,2137,2),(2,7,2),(49,54,2),(158,163,2),(289,294,2),(348,353,2),(755,760,2),(1238,1243,2),(1671,1676,2),(1766,1771,2);
CREATE TABLE `Sensor` (
  `id` integer NOT NULL PRIMARY KEY AUTOINCREMENT
,  `region` integer NOT NULL
);
INSERT INTO `Sensor` VALUES (6,4),(12,4),(18,4),(24,4),(30,4),(36,4),(42,4),(53,51),(59,51),(65,51),(71,51),(77,51),(83,51),(89,51),(95,51),(103,51),(109,51),(115,51),(121,51),(127,51),(133,51),(139,51),(145,51),(151,51),(162,160),(168,160),(174,160),(180,160),(188,160),(194,160),(200,160),(206,160),(212,160),(220,160),(226,160),(232,160),(240,160),(246,160),(252,160),(258,160),(264,160),(270,160),(276,160),(282,160),(293,291),(299,291),(305,291),(311,291),(317,291),(323,291),(329,291),(335,291),(341,291),(352,350),(358,350),(364,350),(370,350),(376,350),(382,350),(388,350),(394,350),(400,350),(408,350),(414,350),(420,350),(426,350),(432,350),(438,350),(444,350),(450,350),(456,350),(464,350),(472,350),(478,350),(484,350),(490,350),(496,350),(502,350),(508,350),(514,350),(520,350),(528,350),(534,350),(540,350),(546,350),(552,350),(558,350),(564,350),(570,350),(576,350),(584,350),(590,350),(596,350),(602,350),(608,350),(616,350),(624,350),(630,350),(636,350),(642,350),(648,350),(654,350),(660,350),(666,350),(672,350),(680,350),(686,350),(692,350),(698,350),(704,350),(710,350),(716,350),(724,350),(730,350),(736,350),(742,350),(748,350),(759,757),(765,757),(771,757),(777,757),(783,757),(789,757),(795,757),(803,757),(809,757),(815,757),(821,757),(827,757),(833,757),(839,757),(845,757),(851,757),(859,757),(865,757),(871,757),(877,757),(883,757),(891,757),(897,757),(903,757),(911,757),(917,757),(923,757),(929,757),(935,757),(941,757),(947,757),(953,757),(959,757),(967,757),(973,757),(979,757),(985,757),(991,757),(997,757),(1003,757),(1009,757),(1017,757),(1025,757),(1031,757),(1037,757),(1043,757),(1051,757),(1057,757),(1063,757),(1071,757),(1079,757),(1085,757),(1091,757),(1097,757),(1105,757),(1111,757),(1117,757),(1123,757),(1129,757),(1137,757),(1143,757),(1149,757),(1157,757),(1163,757),(1169,757),(1175,757),(1181,757),(1187,757),(1195,757),(1201,757),(1207,757),(1213,757),(1219,757),(1225,757),(1231,757),(1242,1240),(1248,1240),(1254,1240),(1260,1240),(1266,1240),(1272,1240),(1278,1240),(1286,1240),(1292,1240),(1298,1240),(1304,1240),(1310,1240),(1318,1240),(1324,1240),(1330,1240),(1336,1240),(1342,1240),(1350,1240),(1356,1240),(1362,1240),(1368,1240),(1374,1240),(1380,1240),(1386,1240),(1392,1240),(1400,1240),(1406,1240),(1412,1240),(1418,1240),(1424,1240),(1430,1240),(1438,1240),(1444,1240),(1450,1240),(1456,1240),(1462,1240),(1468,1240),(1474,1240),(1480,1240),(1486,1240),(1494,1240),(1500,1240),(1506,1240),(1514,1240),(1520,1240),(1526,1240),(1532,1240),(1538,1240),(1544,1240),(1550,1240),(1556,1240),(1564,1240),(1570,1240),(1576,1240),(1582,1240),(1590,1240),(1596,1240),(1602,1240),(1608,1240),(1614,1240),(1622,1240),(1628,1240),(1634,1240),(1640,1240),(1646,1240),(1652,1240),(1658,1240),(1664,1240),(1675,1673),(1681,1673),(1687,1673),(1693,1673),(1699,1673),(1707,1673),(1715,1673),(1721,1673),(1727,1673),(1733,1673),(1739,1673),(1745,1673),(1751,1673),(1759,1673),(1770,1768),(1776,1768),(1782,1768),(1788,1768),(1794,1768),(1800,1768),(1806,1768),(1812,1768),(1818,1768),(1826,1768),(1832,1768),(1840,1768),(1846,1768),(1852,1768),(1858,1768),(1864,1768),(1870,1768),(1876,1768),(1882,1768),(1888,1768),(1896,1768),(1902,1768),(1908,1768),(1914,1768),(1922,1768),(1930,1768),(1936,1768),(1942,1768),(1950,1768),(1956,1768),(1962,1768),(1970,1768),(1976,1768),(1984,1768),(1990,1768),(1996,1768),(2004,1768),(2010,1768),(2016,1768),(2022,1768),(2028,1768),(2034,1768),(2042,1768),(2048,1768),(2056,1768),(2062,1768),(2070,1768),(2076,1768),(2084,1768),(2090,1768),(2096,1768),(2102,1768),(2108,1768),(2114,1768),(2120,1768),(2126,1768),(2136,2134),(2142,2134),(2148,2134),(2154,2134),(2162,2134),(2168,2134),(2174,2134),(2180,2134),(2186,2134),(2192,2134),(2198,2134),(2204,2134),(2210,2134),(2218,2134),(2224,2134),(2230,2134),(2236,2134),(2242,2134),(2248,2134),(2256,2134),(2262,2134),(2270,2134),(2276,2134),(2284,2134),(2290,2134),(2296,2134),(2302,2134),(2308,2134),(2314,2134),(2320,2134),(2326,2134),(2334,2134),(2340,2134),(2346,2134),(2352,2134),(2358,2134),(2364,2134),(2370,2134),(2376,2134),(2382,2134);
CREATE TABLE `Switch` (
  `id` integer NOT NULL PRIMARY KEY AUTOINCREMENT
,  `currentPosition` integer NOT NULL
);
INSERT INTO `Switch` VALUES (5,2),(52,1),(102,0),(161,0),(187,1),(219,2),(239,2),(292,2),(351,2),(407,1),(463,0),(471,0),(527,2),(583,2),(615,1),(623,0),(679,2),(723,0),(758,0),(802,0),(858,0),(890,0),(910,2),(966,1),(1016,2),(1024,2),(1050,0),(1070,0),(1078,0),(1104,0),(1136,0),(1156,2),(1194,0),(1241,1),(1285,1),(1317,1),(1349,2),(1399,0),(1437,0),(1493,1),(1513,1),(1563,2),(1589,1),(1621,1),(1674,0),(1706,0),(1714,2),(1758,0),(1769,2),(1825,1),(1839,1),(1895,0),(1921,1),(1929,0),(1949,0),(1969,2),(1983,2),(2003,1),(2041,0),(2055,0),(2069,1),(2083,0),(2135,1),(2161,1),(2217,0),(2255,1),(2269,0),(2283,1),(2333,1);
CREATE TABLE `SwitchPosition` (
  `id` integer NOT NULL PRIMARY KEY AUTOINCREMENT
,  `route` integer DEFAULT NULL
,  `target` integer DEFAULT NULL
,  `position` integer NOT NULL
);
INSERT INTO `SwitchPosition` VALUES (48,3,5,2),(101,50,52,1),(157,50,102,0),(186,159,161,0),(218,159,187,1),(238,159,219,2),(288,159,239,2),(347,290,292,2),(406,349,351,2),(462,349,407,1),(470,349,463,0),(526,349,471,0),(582,349,527,2),(614,349,583,2),(622,349,615,1),(678,349,623,0),(722,349,679,2),(754,349,723,0),(801,756,758,0),(857,756,802,0),(889,756,858,0),(909,756,890,0),(965,756,910,2),(1015,756,966,1),(1023,756,1016,2),(1049,756,1024,2),(1069,756,1050,0),(1077,756,1070,0),(1103,756,1078,0),(1135,756,1104,0),(1155,756,1136,0),(1193,756,1156,2),(1237,756,1194,0),(1284,1239,1241,1),(1316,1239,1285,1),(1348,1239,1317,1),(1398,1239,1349,2),(1436,1239,1399,0),(1492,1239,1437,0),(1512,1239,1493,1),(1562,1239,1513,1),(1588,1239,1563,2),(1620,1239,1589,1),(1670,1239,1621,1),(1705,1672,1674,0),(1713,1672,1706,0),(1757,1672,1714,2),(1765,1672,1758,0),(1824,1767,1769,2),(1838,1767,1825,1),(1894,1767,1839,1),(1920,1767,1895,0),(1928,1767,1921,1),(1948,1767,1929,0),(1968,1767,1949,0),(1982,1767,1969,2),(2002,1767,1983,2),(2040,1767,2003,1),(2054,1767,2041,0),(2068,1767,2055,0),(2082,1767,2069,1),(2132,1767,2083,0),(2160,2133,2135,1),(2216,2133,2161,1),(2254,2133,2217,0),(2268,2133,2255,1),(2282,2133,2269,0),(2332,2133,2283,1),(2388,2133,2333,1);
CREATE TABLE `TrackElement` (
  `id` integer NOT NULL PRIMARY KEY AUTOINCREMENT
,  `region` integer NOT NULL
);
INSERT INTO `TrackElement` VALUES (5,4),(7,4),(8,4),(9,4),(10,4),(11,4),(13,4),(14,4),(15,4),(16,4),(17,4),(19,4),(20,4),(21,4),(22,4),(23,4),(25,4),(26,4),(27,4),(28,4),(29,4),(31,4),(32,4),(33,4),(34,4),(35,4),(37,4),(38,4),(39,4),(40,4),(41,4),(43,4),(44,4),(45,4),(46,4),(47,4),(52,51),(54,51),(55,51),(56,51),(57,51),(58,51),(60,51),(61,51),(62,51),(63,51),(64,51),(66,51),(67,51),(68,51),(69,51),(70,51),(72,51),(73,51),(74,51),(75,51),(76,51),(78,51),(79,51),(80,51),(81,51),(82,51),(84,51),(85,51),(86,51),(87,51),(88,51),(90,51),(91,51),(92,51),(93,51),(94,51),(96,51),(97,51),(98,51),(99,51),(100,51),(102,51),(104,51),(105,51),(106,51),(107,51),(108,51),(110,51),(111,51),(112,51),(113,51),(114,51),(116,51),(117,51),(118,51),(119,51),(120,51),(122,51),(123,51),(124,51),(125,51),(126,51),(128,51),(129,51),(130,51),(131,51),(132,51),(134,51),(135,51),(136,51),(137,51),(138,51),(140,51),(141,51),(142,51),(143,51),(144,51),(146,51),(147,51),(148,51),(149,51),(150,51),(152,51),(153,51),(154,51),(155,51),(156,51),(161,160),(163,160),(164,160),(165,160),(166,160),(167,160),(169,160),(170,160),(171,160),(172,160),(173,160),(175,160),(176,160),(177,160),(178,160),(179,160),(181,160),(182,160),(183,160),(184,160),(185,160),(187,160),(189,160),(190,160),(191,160),(192,160),(193,160),(195,160),(196,160),(197,160),(198,160),(199,160),(201,160),(202,160),(203,160),(204,160),(205,160),(207,160),(208,160),(209,160),(210,160),(211,160),(213,160),(214,160),(215,160),(216,160),(217,160),(219,160),(221,160),(222,160),(223,160),(224,160),(225,160),(227,160),(228,160),(229,160),(230,160),(231,160),(233,160),(234,160),(235,160),(236,160),(237,160),(239,160),(241,160),(242,160),(243,160),(244,160),(245,160),(247,160),(248,160),(249,160),(250,160),(251,160),(253,160),(254,160),(255,160),(256,160),(257,160),(259,160),(260,160),(261,160),(262,160),(263,160),(265,160),(266,160),(267,160),(268,160),(269,160),(271,160),(272,160),(273,160),(274,160),(275,160),(277,160),(278,160),(279,160),(280,160),(281,160),(283,160),(284,160),(285,160),(286,160),(287,160),(292,291),(294,291),(295,291),(296,291),(297,291),(298,291),(300,291),(301,291),(302,291),(303,291),(304,291),(306,291),(307,291),(308,291),(309,291),(310,291),(312,291),(313,291),(314,291),(315,291),(316,291),(318,291),(319,291),(320,291),(321,291),(322,291),(324,291),(325,291),(326,291),(327,291),(328,291),(330,291),(331,291),(332,291),(333,291),(334,291),(336,291),(337,291),(338,291),(339,291),(340,291),(342,291),(343,291),(344,291),(345,291),(346,291),(351,350),(353,350),(354,350),(355,350),(356,350),(357,350),(359,350),(360,350),(361,350),(362,350),(363,350),(365,350),(366,350),(367,350),(368,350),(369,350),(371,350),(372,350),(373,350),(374,350),(375,350),(377,350),(378,350),(379,350),(380,350),(381,350),(383,350),(384,350),(385,350),(386,350),(387,350),(389,350),(390,350),(391,350),(392,350),(393,350),(395,350),(396,350),(397,350),(398,350),(399,350),(401,350),(402,350),(403,350),(404,350),(405,350),(407,350),(409,350),(410,350),(411,350),(412,350),(413,350),(415,350),(416,350),(417,350),(418,350),(419,350),(421,350),(422,350),(423,350),(424,350),(425,350),(427,350),(428,350),(429,350),(430,350),(431,350),(433,350),(434,350),(435,350),(436,350),(437,350),(439,350),(440,350),(441,350),(442,350),(443,350),(445,350),(446,350),(447,350),(448,350),(449,350),(451,350),(452,350),(453,350),(454,350),(455,350),(457,350),(458,350),(459,350),(460,350),(461,350),(463,350),(465,350),(466,350),(467,350),(468,350),(469,350),(471,350),(473,350),(474,350),(475,350),(476,350),(477,350),(479,350),(480,350),(481,350),(482,350),(483,350),(485,350),(486,350),(487,350),(488,350),(489,350),(491,350),(492,350),(493,350),(494,350),(495,350),(497,350),(498,350),(499,350),(500,350),(501,350),(503,350),(504,350),(505,350),(506,350),(507,350),(509,350),(510,350),(511,350),(512,350),(513,350),(515,350),(516,350),(517,350),(518,350),(519,350),(521,350),(522,350),(523,350),(524,350),(525,350),(527,350),(529,350),(530,350),(531,350),(532,350),(533,350),(535,350),(536,350),(537,350),(538,350),(539,350),(541,350),(542,350),(543,350),(544,350),(545,350),(547,350),(548,350),(549,350),(550,350),(551,350),(553,350),(554,350),(555,350),(556,350),(557,350),(559,350),(560,350),(561,350),(562,350),(563,350),(565,350),(566,350),(567,350),(568,350),(569,350),(571,350),(572,350),(573,350),(574,350),(575,350),(577,350),(578,350),(579,350),(580,350),(581,350),(583,350),(585,350),(586,350),(587,350),(588,350),(589,350),(591,350),(592,350),(593,350),(594,350),(595,350),(597,350),(598,350),(599,350),(600,350),(601,350),(603,350),(604,350),(605,350),(606,350),(607,350),(609,350),(610,350),(611,350),(612,350),(613,350),(615,350),(617,350),(618,350),(619,350),(620,350),(621,350),(623,350),(625,350),(626,350),(627,350),(628,350),(629,350),(631,350),(632,350),(633,350),(634,350),(635,350),(637,350),(638,350),(639,350),(640,350),(641,350),(643,350),(644,350),(645,350),(646,350),(647,350),(649,350),(650,350),(651,350),(652,350),(653,350),(655,350),(656,350),(657,350),(658,350),(659,350),(661,350),(662,350),(663,350),(664,350),(665,350),(667,350),(668,350),(669,350),(670,350),(671,350),(673,350),(674,350),(675,350),(676,350),(677,350),(679,350),(681,350),(682,350),(683,350),(684,350),(685,350),(687,350),(688,350),(689,350),(690,350),(691,350),(693,350),(694,350),(695,350),(696,350),(697,350),(699,350),(700,350),(701,350),(702,350),(703,350),(705,350),(706,350),(707,350),(708,350),(709,350),(711,350),(712,350),(713,350),(714,350),(715,350),(717,350),(718,350),(719,350),(720,350),(721,350),(723,350),(725,350),(726,350),(727,350),(728,350),(729,350),(731,350),(732,350),(733,350),(734,350),(735,350),(737,350),(738,350),(739,350),(740,350),(741,350),(743,350),(744,350),(745,350),(746,350),(747,350),(749,350),(750,350),(751,350),(752,350),(753,350),(758,757),(760,757),(761,757),(762,757),(763,757),(764,757),(766,757),(767,757),(768,757),(769,757),(770,757),(772,757),(773,757),(774,757),(775,757),(776,757),(778,757),(779,757),(780,757),(781,757),(782,757),(784,757),(785,757),(786,757),(787,757),(788,757),(790,757),(791,757),(792,757),(793,757),(794,757),(796,757),(797,757),(798,757),(799,757),(800,757),(802,757),(804,757),(805,757),(806,757),(807,757),(808,757),(810,757),(811,757),(812,757),(813,757),(814,757),(816,757),(817,757),(818,757),(819,757),(820,757),(822,757),(823,757),(824,757),(825,757),(826,757),(828,757),(829,757),(830,757),(831,757),(832,757),(834,757),(835,757),(836,757),(837,757),(838,757),(840,757),(841,757),(842,757),(843,757),(844,757),(846,757),(847,757),(848,757),(849,757),(850,757),(852,757),(853,757),(854,757),(855,757),(856,757),(858,757),(860,757),(861,757),(862,757),(863,757),(864,757),(866,757),(867,757),(868,757),(869,757),(870,757),(872,757),(873,757),(874,757),(875,757),(876,757),(878,757),(879,757),(880,757),(881,757),(882,757),(884,757),(885,757),(886,757),(887,757),(888,757),(890,757),(892,757),(893,757),(894,757),(895,757),(896,757),(898,757),(899,757),(900,757),(901,757),(902,757),(904,757),(905,757),(906,757),(907,757),(908,757),(910,757),(912,757),(913,757),(914,757),(915,757),(916,757),(918,757),(919,757),(920,757),(921,757),(922,757),(924,757),(925,757),(926,757),(927,757),(928,757),(930,757),(931,757),(932,757),(933,757),(934,757),(936,757),(937,757),(938,757),(939,757),(940,757),(942,757),(943,757),(944,757),(945,757),(946,757),(948,757),(949,757),(950,757),(951,757),(952,757),(954,757),(955,757),(956,757),(957,757),(958,757),(960,757),(961,757),(962,757),(963,757),(964,757),(966,757),(968,757),(969,757),(970,757),(971,757),(972,757),(974,757),(975,757),(976,757),(977,757),(978,757),(980,757),(981,757),(982,757),(983,757),(984,757),(986,757),(987,757),(988,757),(989,757),(990,757),(992,757),(993,757),(994,757),(995,757),(996,757),(998,757),(999,757),(1000,757),(1001,757),(1002,757),(1004,757),(1005,757),(1006,757),(1007,757),(1008,757),(1010,757),(1011,757),(1012,757),(1013,757),(1014,757),(1016,757),(1018,757),(1019,757),(1020,757),(1021,757),(1022,757),(1024,757),(1026,757),(1027,757),(1028,757),(1029,757),(1030,757),(1032,757),(1033,757),(1034,757),(1035,757),(1036,757),(1038,757),(1039,757),(1040,757),(1041,757),(1042,757),(1044,757),(1045,757),(1046,757),(1047,757),(1048,757),(1050,757),(1052,757),(1053,757),(1054,757),(1055,757),(1056,757),(1058,757),(1059,757),(1060,757),(1061,757),(1062,757),(1064,757),(1065,757),(1066,757),(1067,757),(1068,757),(1070,757),(1072,757),(1073,757),(1074,757),(1075,757),(1076,757),(1078,757),(1080,757),(1081,757),(1082,757),(1083,757),(1084,757),(1086,757),(1087,757),(1088,757),(1089,757),(1090,757),(1092,757),(1093,757),(1094,757),(1095,757),(1096,757),(1098,757),(1099,757),(1100,757),(1101,757),(1102,757),(1104,757),(1106,757),(1107,757),(1108,757),(1109,757),(1110,757),(1112,757),(1113,757),(1114,757),(1115,757),(1116,757),(1118,757),(1119,757),(1120,757),(1121,757),(1122,757),(1124,757),(1125,757),(1126,757),(1127,757),(1128,757),(1130,757),(1131,757),(1132,757),(1133,757),(1134,757),(1136,757),(1138,757),(1139,757),(1140,757),(1141,757),(1142,757),(1144,757),(1145,757),(1146,757),(1147,757),(1148,757),(1150,757),(1151,757),(1152,757),(1153,757),(1154,757),(1156,757),(1158,757),(1159,757),(1160,757),(1161,757),(1162,757),(1164,757),(1165,757),(1166,757),(1167,757),(1168,757),(1170,757),(1171,757),(1172,757),(1173,757),(1174,757),(1176,757),(1177,757),(1178,757),(1179,757),(1180,757),(1182,757),(1183,757),(1184,757),(1185,757),(1186,757),(1188,757),(1189,757),(1190,757),(1191,757),(1192,757),(1194,757),(1196,757),(1197,757),(1198,757),(1199,757),(1200,757),(1202,757),(1203,757),(1204,757),(1205,757),(1206,757),(1208,757),(1209,757),(1210,757),(1211,757),(1212,757),(1214,757),(1215,757),(1216,757),(1217,757),(1218,757),(1220,757),(1221,757),(1222,757),(1223,757),(1224,757),(1226,757),(1227,757),(1228,757),(1229,757),(1230,757),(1232,757),(1233,757),(1234,757),(1235,757),(1236,757),(1241,1240),(1243,1240),(1244,1240),(1245,1240),(1246,1240),(1247,1240),(1249,1240),(1250,1240),(1251,1240),(1252,1240),(1253,1240),(1255,1240),(1256,1240),(1257,1240),(1258,1240),(1259,1240),(1261,1240),(1262,1240),(1263,1240),(1264,1240),(1265,1240),(1267,1240),(1268,1240),(1269,1240),(1270,1240),(1271,1240),(1273,1240),(1274,1240),(1275,1240),(1276,1240),(1277,1240),(1279,1240),(1280,1240),(1281,1240),(1282,1240),(1283,1240),(1285,1240),(1287,1240),(1288,1240),(1289,1240),(1290,1240),(1291,1240),(1293,1240),(1294,1240),(1295,1240),(1296,1240),(1297,1240),(1299,1240),(1300,1240),(1301,1240),(1302,1240),(1303,1240),(1305,1240),(1306,1240),(1307,1240),(1308,1240),(1309,1240),(1311,1240),(1312,1240),(1313,1240),(1314,1240),(1315,1240),(1317,1240),(1319,1240),(1320,1240),(1321,1240),(1322,1240),(1323,1240),(1325,1240),(1326,1240),(1327,1240),(1328,1240),(1329,1240),(1331,1240),(1332,1240),(1333,1240),(1334,1240),(1335,1240),(1337,1240),(1338,1240),(1339,1240),(1340,1240),(1341,1240),(1343,1240),(1344,1240),(1345,1240),(1346,1240),(1347,1240),(1349,1240),(1351,1240),(1352,1240),(1353,1240),(1354,1240),(1355,1240),(1357,1240),(1358,1240),(1359,1240),(1360,1240),(1361,1240),(1363,1240),(1364,1240),(1365,1240),(1366,1240),(1367,1240),(1369,1240),(1370,1240),(1371,1240),(1372,1240),(1373,1240),(1375,1240),(1376,1240),(1377,1240),(1378,1240),(1379,1240),(1381,1240),(1382,1240),(1383,1240),(1384,1240),(1385,1240),(1387,1240),(1388,1240),(1389,1240),(1390,1240),(1391,1240),(1393,1240),(1394,1240),(1395,1240),(1396,1240),(1397,1240),(1399,1240),(1401,1240),(1402,1240),(1403,1240),(1404,1240),(1405,1240),(1407,1240),(1408,1240),(1409,1240),(1410,1240),(1411,1240),(1413,1240),(1414,1240),(1415,1240),(1416,1240),(1417,1240),(1419,1240),(1420,1240),(1421,1240),(1422,1240),(1423,1240),(1425,1240),(1426,1240),(1427,1240),(1428,1240),(1429,1240),(1431,1240),(1432,1240),(1433,1240),(1434,1240),(1435,1240),(1437,1240),(1439,1240),(1440,1240),(1441,1240),(1442,1240),(1443,1240),(1445,1240),(1446,1240),(1447,1240),(1448,1240),(1449,1240),(1451,1240),(1452,1240),(1453,1240),(1454,1240),(1455,1240),(1457,1240),(1458,1240),(1459,1240),(1460,1240),(1461,1240),(1463,1240),(1464,1240),(1465,1240),(1466,1240),(1467,1240),(1469,1240),(1470,1240),(1471,1240),(1472,1240),(1473,1240),(1475,1240),(1476,1240),(1477,1240),(1478,1240),(1479,1240),(1481,1240),(1482,1240),(1483,1240),(1484,1240),(1485,1240),(1487,1240),(1488,1240),(1489,1240),(1490,1240),(1491,1240),(1493,1240),(1495,1240),(1496,1240),(1497,1240),(1498,1240),(1499,1240),(1501,1240),(1502,1240),(1503,1240),(1504,1240),(1505,1240),(1507,1240),(1508,1240),(1509,1240),(1510,1240),(1511,1240),(1513,1240),(1515,1240),(1516,1240),(1517,1240),(1518,1240),(1519,1240),(1521,1240),(1522,1240),(1523,1240),(1524,1240),(1525,1240),(1527,1240),(1528,1240),(1529,1240),(1530,1240),(1531,1240),(1533,1240),(1534,1240),(1535,1240),(1536,1240),(1537,1240),(1539,1240),(1540,1240),(1541,1240),(1542,1240),(1543,1240),(1545,1240),(1546,1240),(1547,1240),(1548,1240),(1549,1240),(1551,1240),(1552,1240),(1553,1240),(1554,1240),(1555,1240),(1557,1240),(1558,1240),(1559,1240),(1560,1240),(1561,1240),(1563,1240),(1565,1240),(1566,1240),(1567,1240),(1568,1240),(1569,1240),(1571,1240),(1572,1240),(1573,1240),(1574,1240),(1575,1240),(1577,1240),(1578,1240),(1579,1240),(1580,1240),(1581,1240),(1583,1240),(1584,1240),(1585,1240),(1586,1240),(1587,1240),(1589,1240),(1591,1240),(1592,1240),(1593,1240),(1594,1240),(1595,1240),(1597,1240),(1598,1240),(1599,1240),(1600,1240),(1601,1240),(1603,1240),(1604,1240),(1605,1240),(1606,1240),(1607,1240),(1609,1240),(1610,1240),(1611,1240),(1612,1240),(1613,1240),(1615,1240),(1616,1240),(1617,1240),(1618,1240),(1619,1240),(1621,1240),(1623,1240),(1624,1240),(1625,1240),(1626,1240),(1627,1240),(1629,1240),(1630,1240),(1631,1240),(1632,1240),(1633,1240),(1635,1240),(1636,1240),(1637,1240),(1638,1240),(1639,1240),(1641,1240),(1642,1240),(1643,1240),(1644,1240),(1645,1240),(1647,1240),(1648,1240),(1649,1240),(1650,1240),(1651,1240),(1653,1240),(1654,1240),(1655,1240),(1656,1240),(1657,1240),(1659,1240),(1660,1240),(1661,1240),(1662,1240),(1663,1240),(1665,1240),(1666,1240),(1667,1240),(1668,1240),(1669,1240),(1674,1673),(1676,1673),(1677,1673),(1678,1673),(1679,1673),(1680,1673),(1682,1673),(1683,1673),(1684,1673),(1685,1673),(1686,1673),(1688,1673),(1689,1673),(1690,1673),(1691,1673),(1692,1673),(1694,1673),(1695,1673),(1696,1673),(1697,1673),(1698,1673),(1700,1673),(1701,1673),(1702,1673),(1703,1673),(1704,1673),(1706,1673),(1708,1673),(1709,1673),(1710,1673),(1711,1673),(1712,1673),(1714,1673),(1716,1673),(1717,1673),(1718,1673),(1719,1673),(1720,1673),(1722,1673),(1723,1673),(1724,1673),(1725,1673),(1726,1673),(1728,1673),(1729,1673),(1730,1673),(1731,1673),(1732,1673),(1734,1673),(1735,1673),(1736,1673),(1737,1673),(1738,1673),(1740,1673),(1741,1673),(1742,1673),(1743,1673),(1744,1673),(1746,1673),(1747,1673),(1748,1673),(1749,1673),(1750,1673),(1752,1673),(1753,1673),(1754,1673),(1755,1673),(1756,1673),(1758,1673),(1760,1673),(1761,1673),(1762,1673),(1763,1673),(1764,1673),(1769,1768),(1771,1768),(1772,1768),(1773,1768),(1774,1768),(1775,1768),(1777,1768),(1778,1768),(1779,1768),(1780,1768),(1781,1768),(1783,1768),(1784,1768),(1785,1768),(1786,1768),(1787,1768),(1789,1768),(1790,1768),(1791,1768),(1792,1768),(1793,1768),(1795,1768),(1796,1768),(1797,1768),(1798,1768),(1799,1768),(1801,1768),(1802,1768),(1803,1768),(1804,1768),(1805,1768),(1807,1768),(1808,1768),(1809,1768),(1810,1768),(1811,1768),(1813,1768),(1814,1768),(1815,1768),(1816,1768),(1817,1768),(1819,1768),(1820,1768),(1821,1768),(1822,1768),(1823,1768),(1825,1768),(1827,1768),(1828,1768),(1829,1768),(1830,1768),(1831,1768),(1833,1768),(1834,1768),(1835,1768),(1836,1768),(1837,1768),(1839,1768),(1841,1768),(1842,1768),(1843,1768),(1844,1768),(1845,1768),(1847,1768),(1848,1768),(1849,1768),(1850,1768),(1851,1768),(1853,1768),(1854,1768),(1855,1768),(1856,1768),(1857,1768),(1859,1768),(1860,1768),(1861,1768),(1862,1768),(1863,1768),(1865,1768),(1866,1768),(1867,1768),(1868,1768),(1869,1768),(1871,1768),(1872,1768),(1873,1768),(1874,1768),(1875,1768),(1877,1768),(1878,1768),(1879,1768),(1880,1768),(1881,1768),(1883,1768),(1884,1768),(1885,1768),(1886,1768),(1887,1768),(1889,1768),(1890,1768),(1891,1768),(1892,1768),(1893,1768),(1895,1768),(1897,1768),(1898,1768),(1899,1768),(1900,1768),(1901,1768),(1903,1768),(1904,1768),(1905,1768),(1906,1768),(1907,1768),(1909,1768),(1910,1768),(1911,1768),(1912,1768),(1913,1768),(1915,1768),(1916,1768),(1917,1768),(1918,1768),(1919,1768),(1921,1768),(1923,1768),(1924,1768),(1925,1768),(1926,1768),(1927,1768),(1929,1768),(1931,1768),(1932,1768),(1933,1768),(1934,1768),(1935,1768),(1937,1768),(1938,1768),(1939,1768),(1940,1768),(1941,1768),(1943,1768),(1944,1768),(1945,1768),(1946,1768),(1947,1768),(1949,1768),(1951,1768),(1952,1768),(1953,1768),(1954,1768),(1955,1768),(1957,1768),(1958,1768),(1959,1768),(1960,1768),(1961,1768),(1963,1768),(1964,1768),(1965,1768),(1966,1768),(1967,1768),(1969,1768),(1971,1768),(1972,1768),(1973,1768),(1974,1768),(1975,1768),(1977,1768),(1978,1768),(1979,1768),(1980,1768),(1981,1768),(1983,1768),(1985,1768),(1986,1768),(1987,1768),(1988,1768),(1989,1768),(1991,1768),(1992,1768),(1993,1768),(1994,1768),(1995,1768),(1997,1768),(1998,1768),(1999,1768),(2000,1768),(2001,1768),(2003,1768),(2005,1768),(2006,1768),(2007,1768),(2008,1768),(2009,1768),(2011,1768),(2012,1768),(2013,1768),(2014,1768),(2015,1768),(2017,1768),(2018,1768),(2019,1768),(2020,1768),(2021,1768),(2023,1768),(2024,1768),(2025,1768),(2026,1768),(2027,1768),(2029,1768),(2030,1768),(2031,1768),(2032,1768),(2033,1768),(2035,1768),(2036,1768),(2037,1768),(2038,1768),(2039,1768),(2041,1768),(2043,1768),(2044,1768),(2045,1768),(2046,1768),(2047,1768),(2049,1768),(2050,1768),(2051,1768),(2052,1768),(2053,1768),(2055,1768),(2057,1768),(2058,1768),(2059,1768),(2060,1768),(2061,1768),(2063,1768),(2064,1768),(2065,1768),(2066,1768),(2067,1768),(2069,1768),(2071,1768),(2072,1768),(2073,1768),(2074,1768),(2075,1768),(2077,1768),(2078,1768),(2079,1768),(2080,1768),(2081,1768),(2083,1768),(2085,1768),(2086,1768),(2087,1768),(2088,1768),(2089,1768),(2091,1768),(2092,1768),(2093,1768),(2094,1768),(2095,1768),(2097,1768),(2098,1768),(2099,1768),(2100,1768),(2101,1768),(2103,1768),(2104,1768),(2105,1768),(2106,1768),(2107,1768),(2109,1768),(2110,1768),(2111,1768),(2112,1768),(2113,1768),(2115,1768),(2116,1768),(2117,1768),(2118,1768),(2119,1768),(2121,1768),(2122,1768),(2123,1768),(2124,1768),(2125,1768),(2127,1768),(2128,1768),(2129,1768),(2130,1768),(2131,1768),(2135,2134),(2137,2134),(2138,2134),(2139,2134),(2140,2134),(2141,2134),(2143,2134),(2144,2134),(2145,2134),(2146,2134),(2147,2134),(2149,2134),(2150,2134),(2151,2134),(2152,2134),(2153,2134),(2155,2134),(2156,2134),(2157,2134),(2158,2134),(2159,2134),(2161,2134),(2163,2134),(2164,2134),(2165,2134),(2166,2134),(2167,2134),(2169,2134),(2170,2134),(2171,2134),(2172,2134),(2173,2134),(2175,2134),(2176,2134),(2177,2134),(2178,2134),(2179,2134),(2181,2134),(2182,2134),(2183,2134),(2184,2134),(2185,2134),(2187,2134),(2188,2134),(2189,2134),(2190,2134),(2191,2134),(2193,2134),(2194,2134),(2195,2134),(2196,2134),(2197,2134),(2199,2134),(2200,2134),(2201,2134),(2202,2134),(2203,2134),(2205,2134),(2206,2134),(2207,2134),(2208,2134),(2209,2134),(2211,2134),(2212,2134),(2213,2134),(2214,2134),(2215,2134),(2217,2134),(2219,2134),(2220,2134),(2221,2134),(2222,2134),(2223,2134),(2225,2134),(2226,2134),(2227,2134),(2228,2134),(2229,2134),(2231,2134),(2232,2134),(2233,2134),(2234,2134),(2235,2134),(2237,2134),(2238,2134),(2239,2134),(2240,2134),(2241,2134),(2243,2134),(2244,2134),(2245,2134),(2246,2134),(2247,2134),(2249,2134),(2250,2134),(2251,2134),(2252,2134),(2253,2134),(2255,2134),(2257,2134),(2258,2134),(2259,2134),(2260,2134),(2261,2134),(2263,2134),(2264,2134),(2265,2134),(2266,2134),(2267,2134),(2269,2134),(2271,2134),(2272,2134),(2273,2134),(2274,2134),(2275,2134),(2277,2134),(2278,2134),(2279,2134),(2280,2134),(2281,2134),(2283,2134),(2285,2134),(2286,2134),(2287,2134),(2288,2134),(2289,2134),(2291,2134),(2292,2134),(2293,2134),(2294,2134),(2295,2134),(2297,2134),(2298,2134),(2299,2134),(2300,2134),(2301,2134),(2303,2134),(2304,2134),(2305,2134),(2306,2134),(2307,2134),(2309,2134),(2310,2134),(2311,2134),(2312,2134),(2313,2134),(2315,2134),(2316,2134),(2317,2134),(2318,2134),(2319,2134),(2321,2134),(2322,2134),(2323,2134),(2324,2134),(2325,2134),(2327,2134),(2328,2134),(2329,2134),(2330,2134),(2331,2134),(2333,2134),(2335,2134),(2336,2134),(2337,2134),(2338,2134),(2339,2134),(2341,2134),(2342,2134),(2343,2134),(2344,2134),(2345,2134),(2347,2134),(2348,2134),(2349,2134),(2350,2134),(2351,2134),(2353,2134),(2354,2134),(2355,2134),(2356,2134),(2357,2134),(2359,2134),(2360,2134),(2361,2134),(2362,2134),(2363,2134),(2365,2134),(2366,2134),(2367,2134),(2368,2134),(2369,2134),(2371,2134),(2372,2134),(2373,2134),(2374,2134),(2375,2134),(2377,2134),(2378,2134),(2379,2134),(2380,2134),(2381,2134),(2383,2134),(2384,2134),(2385,2134),(2386,2134),(2387,2134);
CREATE TABLE `connectsTo` (
  `TrackElement1_id` integer NOT NULL
,  `TrackElement2_id` integer NOT NULL
,  PRIMARY KEY (`TrackElement1_id`,`TrackElement2_id`)
);
INSERT INTO `connectsTo` VALUES (5,7),(7,8),(8,9),(9,10),(10,11),(11,13),(13,14),(14,15),(15,16),(16,17),(17,19),(19,20),(20,21),(21,22),(22,23),(23,25),(25,26),(26,27),(27,28),(28,29),(29,31),(31,32),(32,33),(33,34),(34,35),(35,37),(37,38),(38,39),(39,40),(40,41),(41,43),(43,44),(44,45),(45,46),(46,47),(52,54),(54,55),(55,56),(56,57),(57,58),(58,60),(60,61),(61,62),(62,63),(63,64),(64,66),(66,67),(67,68),(68,69),(69,70),(70,72),(72,73),(73,74),(74,75),(75,76),(76,78),(78,79),(79,80),(80,81),(81,82),(82,84),(84,85),(85,86),(86,87),(87,88),(88,90),(90,91),(91,92),(92,93),(93,94),(94,96),(96,97),(97,98),(98,99),(99,100),(100,102),(102,104),(104,105),(105,106),(106,107),(107,108),(108,110),(110,111),(111,112),(112,113),(113,114),(114,116),(116,117),(117,118),(118,119),(119,120),(120,122),(122,123),(123,124),(124,125),(125,126),(126,128),(128,129),(129,130),(130,131),(131,132),(132,134),(134,135),(135,136),(136,137),(137,138),(138,140),(140,141),(141,142),(142,143),(143,144),(144,146),(146,147),(147,148),(148,149),(149,150),(150,152),(152,153),(153,154),(154,155),(155,156),(47,52),(161,163),(163,164),(164,165),(165,166),(166,167),(167,169),(169,170),(170,171),(171,172),(172,173),(173,175),(175,176),(176,177),(177,178),(178,179),(179,181),(181,182),(182,183),(183,184),(184,185),(185,187),(187,189),(189,190),(190,191),(191,192),(192,193),(193,195),(195,196),(196,197),(197,198),(198,199),(199,201),(201,202),(202,203),(203,204),(204,205),(205,207),(207,208),(208,209),(209,210),(210,211),(211,213),(213,214),(214,215),(215,216),(216,217),(217,219),(219,221),(221,222),(222,223),(223,224),(224,225),(225,227),(227,228),(228,229),(229,230),(230,231),(231,233),(233,234),(234,235),(235,236),(236,237),(237,239),(239,241),(241,242),(242,243),(243,244),(244,245),(245,247),(247,248),(248,249),(249,250),(250,251),(251,253),(253,254),(254,255),(255,256),(256,257),(257,259),(259,260),(260,261),(261,262),(262,263),(263,265),(265,266),(266,267),(267,268),(268,269),(269,271),(271,272),(272,273),(273,274),(274,275),(275,277),(277,278),(278,279),(279,280),(280,281),(281,283),(283,284),(284,285),(285,286),(286,287),(156,161),(292,294),(294,295),(295,296),(296,297),(297,298),(298,300),(300,301),(301,302),(302,303),(303,304),(304,306),(306,307),(307,308),(308,309),(309,310),(310,312),(312,313),(313,314),(314,315),(315,316),(316,318),(318,319),(319,320),(320,321),(321,322),(322,324),(324,325),(325,326),(326,327),(327,328),(328,330),(330,331),(331,332),(332,333),(333,334),(334,336),(336,337),(337,338),(338,339),(339,340),(340,342),(342,343),(343,344),(344,345),(345,346),(287,292),(351,353),(353,354),(354,355),(355,356),(356,357),(357,359),(359,360),(360,361),(361,362),(362,363),(363,365),(365,366),(366,367),(367,368),(368,369),(369,371),(371,372),(372,373),(373,374),(374,375),(375,377),(377,378),(378,379),(379,380),(380,381),(381,383),(383,384),(384,385),(385,386),(386,387),(387,389),(389,390),(390,391),(391,392),(392,393),(393,395),(395,396),(396,397),(397,398),(398,399),(399,401),(401,402),(402,403),(403,404),(404,405),(405,407),(407,409),(409,410),(410,411),(411,412),(412,413),(413,415),(415,416),(416,417),(417,418),(418,419),(419,421),(421,422),(422,423),(423,424),(424,425),(425,427),(427,428),(428,429),(429,430),(430,431),(431,433),(433,434),(434,435),(435,436),(436,437),(437,439),(439,440),(440,441),(441,442),(442,443),(443,445),(445,446),(446,447),(447,448),(448,449),(449,451),(451,452),(452,453),(453,454),(454,455),(455,457),(457,458),(458,459),(459,460),(460,461),(461,463),(463,465),(465,466),(466,467),(467,468),(468,469),(469,471),(471,473),(473,474),(474,475),(475,476),(476,477),(477,479),(479,480),(480,481),(481,482),(482,483),(483,485),(485,486),(486,487),(487,488),(488,489),(489,491),(491,492),(492,493),(493,494),(494,495),(495,497),(497,498),(498,499),(499,500),(500,501),(501,503),(503,504),(504,505),(505,506),(506,507),(507,509),(509,510),(510,511),(511,512),(512,513),(513,515),(515,516),(516,517),(517,518),(518,519),(519,521),(521,522),(522,523),(523,524),(524,525),(525,527),(527,529),(529,530),(530,531),(531,532),(532,533),(533,535),(535,536),(536,537),(537,538),(538,539),(539,541),(541,542),(542,543),(543,544),(544,545),(545,547),(547,548),(548,549),(549,550),(550,551),(551,553),(553,554),(554,555),(555,556),(556,557),(557,559),(559,560),(560,561),(561,562),(562,563),(563,565),(565,566),(566,567),(567,568),(568,569),(569,571),(571,572),(572,573),(573,574),(574,575),(575,577),(577,578),(578,579),(579,580),(580,581),(581,583),(583,585),(585,586),(586,587),(587,588),(588,589),(589,591),(591,592),(592,593),(593,594),(594,595),(595,597),(597,598),(598,599),(599,600),(600,601),(601,603),(603,604),(604,605),(605,606),(606,607),(607,609),(609,610),(610,611),(611,612),(612,613),(613,615),(615,617),(617,618),(618,619),(619,620),(620,621),(621,623),(623,625),(625,626),(626,627),(627,628),(628,629),(629,631),(631,632),(632,633),(633,634),(634,635),(635,637),(637,638),(638,639),(639,640),(640,641),(641,643),(643,644),(644,645),(645,646),(646,647),(647,649),(649,650),(650,651),(651,652),(652,653),(653,655),(655,656),(656,657),(657,658),(658,659),(659,661),(661,662),(662,663),(663,664),(664,665),(665,667),(667,668),(668,669),(669,670),(670,671),(671,673),(673,674),(674,675),(675,676),(676,677),(677,679),(679,681),(681,682),(682,683),(683,684),(684,685),(685,687),(687,688),(688,689),(689,690),(690,691),(691,693),(693,694),(694,695),(695,696),(696,697),(697,699),(699,700),(700,701),(701,702),(702,703),(703,705),(705,706),(706,707),(707,708),(708,709),(709,711),(711,712),(712,713),(713,714),(714,715),(715,717),(717,718),(718,719),(719,720),(720,721),(721,723),(723,725),(725,726),(726,727),(727,728),(728,729),(729,731),(731,732),(732,733),(733,734),(734,735),(735,737),(737,738),(738,739),(739,740),(740,741),(741,743),(743,744),(744,745),(745,746),(746,747),(747,749),(749,750),(750,751),(751,752),(752,753),(346,351),(758,760),(760,761),(761,762),(762,763),(763,764),(764,766),(766,767),(767,768),(768,769),(769,770),(770,772),(772,773),(773,774),(774,775),(775,776),(776,778),(778,779),(779,780),(780,781),(781,782),(782,784),(784,785),(785,786),(786,787),(787,788),(788,790),(790,791),(791,792),(792,793),(793,794),(794,796),(796,797),(797,798),(798,799),(799,800),(800,802),(802,804),(804,805),(805,806),(806,807),(807,808),(808,810),(810,811),(811,812),(812,813),(813,814),(814,816),(816,817),(817,818),(818,819),(819,820),(820,822),(822,823),(823,824),(824,825),(825,826),(826,828),(828,829),(829,830),(830,831),(831,832),(832,834),(834,835),(835,836),(836,837),(837,838),(838,840),(840,841),(841,842),(842,843),(843,844),(844,846),(846,847),(847,848),(848,849),(849,850),(850,852),(852,853),(853,854),(854,855),(855,856),(856,858),(858,860),(860,861),(861,862),(862,863),(863,864),(864,866),(866,867),(867,868),(868,869),(869,870),(870,872),(872,873),(873,874),(874,875),(875,876),(876,878),(878,879),(879,880),(880,881),(881,882),(882,884),(884,885),(885,886),(886,887),(887,888),(888,890),(890,892),(892,893),(893,894),(894,895),(895,896),(896,898),(898,899),(899,900),(900,901),(901,902),(902,904),(904,905),(905,906),(906,907),(907,908),(908,910),(910,912),(912,913),(913,914),(914,915),(915,916),(916,918),(918,919),(919,920),(920,921),(921,922),(922,924),(924,925),(925,926),(926,927),(927,928),(928,930),(930,931),(931,932),(932,933),(933,934),(934,936),(936,937),(937,938),(938,939),(939,940),(940,942),(942,943),(943,944),(944,945),(945,946),(946,948),(948,949),(949,950),(950,951),(951,952),(952,954),(954,955),(955,956),(956,957),(957,958),(958,960),(960,961),(961,962),(962,963),(963,964),(964,966),(966,968),(968,969),(969,970),(970,971),(971,972),(972,974),(974,975),(975,976),(976,977),(977,978),(978,980),(980,981),(981,982),(982,983),(983,984),(984,986),(986,987),(987,988),(988,989),(989,990),(990,992),(992,993),(993,994),(994,995),(995,996),(996,998),(998,999),(999,1000),(1000,1001),(1001,1002),(1002,1004),(1004,1005),(1005,1006),(1006,1007),(1007,1008),(1008,1010),(1010,1011),(1011,1012),(1012,1013),(1013,1014),(1014,1016),(1016,1018),(1018,1019),(1019,1020),(1020,1021),(1021,1022),(1022,1024),(1024,1026),(1026,1027),(1027,1028),(1028,1029),(1029,1030),(1030,1032),(1032,1033),(1033,1034),(1034,1035),(1035,1036),(1036,1038),(1038,1039),(1039,1040),(1040,1041),(1041,1042),(1042,1044),(1044,1045),(1045,1046),(1046,1047),(1047,1048),(1048,1050),(1050,1052),(1052,1053),(1053,1054),(1054,1055),(1055,1056),(1056,1058),(1058,1059),(1059,1060),(1060,1061),(1061,1062),(1062,1064),(1064,1065),(1065,1066),(1066,1067),(1067,1068),(1068,1070),(1070,1072),(1072,1073),(1073,1074),(1074,1075),(1075,1076),(1076,1078),(1078,1080),(1080,1081),(1081,1082),(1082,1083),(1083,1084),(1084,1086),(1086,1087),(1087,1088),(1088,1089),(1089,1090),(1090,1092),(1092,1093),(1093,1094),(1094,1095),(1095,1096),(1096,1098),(1098,1099),(1099,1100),(1100,1101),(1101,1102),(1102,1104),(1104,1106),(1106,1107),(1107,1108),(1108,1109),(1109,1110),(1110,1112),(1112,1113),(1113,1114),(1114,1115),(1115,1116),(1116,1118),(1118,1119),(1119,1120),(1120,1121),(1121,1122),(1122,1124),(1124,1125),(1125,1126),(1126,1127),(1127,1128),(1128,1130),(1130,1131),(1131,1132),(1132,1133),(1133,1134),(1134,1136),(1136,1138),(1138,1139),(1139,1140),(1140,1141),(1141,1142),(1142,1144),(1144,1145),(1145,1146),(1146,1147),(1147,1148),(1148,1150),(1150,1151),(1151,1152),(1152,1153),(1153,1154),(1154,1156),(1156,1158),(1158,1159),(1159,1160),(1160,1161),(1161,1162),(1162,1164),(1164,1165),(1165,1166),(1166,1167),(1167,1168),(1168,1170),(1170,1171),(1171,1172),(1172,1173),(1173,1174),(1174,1176),(1176,1177),(1177,1178),(1178,1179),(1179,1180),(1180,1182),(1182,1183),(1183,1184),(1184,1185),(1185,1186),(1186,1188),(1188,1189),(1189,1190),(1190,1191),(1191,1192),(1192,1194),(1194,1196),(1196,1197),(1197,1198),(1198,1199),(1199,1200),(1200,1202),(1202,1203),(1203,1204),(1204,1205),(1205,1206),(1206,1208),(1208,1209),(1209,1210),(1210,1211),(1211,1212),(1212,1214),(1214,1215),(1215,1216),(1216,1217),(1217,1218),(1218,1220),(1220,1221),(1221,1222),(1222,1223),(1223,1224),(1224,1226),(1226,1227),(1227,1228),(1228,1229),(1229,1230),(1230,1232),(1232,1233),(1233,1234),(1234,1235),(1235,1236),(753,758),(1241,1243),(1243,1244),(1244,1245),(1245,1246),(1246,1247),(1247,1249),(1249,1250),(1250,1251),(1251,1252),(1252,1253),(1253,1255),(1255,1256),(1256,1257),(1257,1258),(1258,1259),(1259,1261),(1261,1262),(1262,1263),(1263,1264),(1264,1265),(1265,1267),(1267,1268),(1268,1269),(1269,1270),(1270,1271),(1271,1273),(1273,1274),(1274,1275),(1275,1276),(1276,1277),(1277,1279),(1279,1280),(1280,1281),(1281,1282),(1282,1283),(1283,1285),(1285,1287),(1287,1288),(1288,1289),(1289,1290),(1290,1291),(1291,1293),(1293,1294),(1294,1295),(1295,1296),(1296,1297),(1297,1299),(1299,1300),(1300,1301),(1301,1302),(1302,1303),(1303,1305),(1305,1306),(1306,1307),(1307,1308),(1308,1309),(1309,1311),(1311,1312),(1312,1313),(1313,1314),(1314,1315),(1315,1317),(1317,1319),(1319,1320),(1320,1321),(1321,1322),(1322,1323),(1323,1325),(1325,1326),(1326,1327),(1327,1328),(1328,1329),(1329,1331),(1331,1332),(1332,1333),(1333,1334),(1334,1335),(1335,1337),(1337,1338),(1338,1339),(1339,1340),(1340,1341),(1341,1343),(1343,1344),(1344,1345),(1345,1346),(1346,1347),(1347,1349),(1349,1351),(1351,1352),(1352,1353),(1353,1354),(1354,1355),(1355,1357),(1357,1358),(1358,1359),(1359,1360),(1360,1361),(1361,1363),(1363,1364),(1364,1365),(1365,1366),(1366,1367),(1367,1369),(1369,1370),(1370,1371),(1371,1372),(1372,1373),(1373,1375),(1375,1376),(1376,1377),(1377,1378),(1378,1379),(1379,1381),(1381,1382),(1382,1383),(1383,1384),(1384,1385),(1385,1387),(1387,1388),(1388,1389),(1389,1390),(1390,1391),(1391,1393),(1393,1394),(1394,1395),(1395,1396),(1396,1397),(1397,1399),(1399,1401),(1401,1402),(1402,1403),(1403,1404),(1404,1405),(1405,1407),(1407,1408),(1408,1409),(1409,1410),(1410,1411),(1411,1413),(1413,1414),(1414,1415),(1415,1416),(1416,1417),(1417,1419),(1419,1420),(1420,1421),(1421,1422),(1422,1423),(1423,1425),(1425,1426),(1426,1427),(1427,1428),(1428,1429),(1429,1431),(1431,1432),(1432,1433),(1433,1434),(1434,1435),(1435,1437),(1437,1439),(1439,1440),(1440,1441),(1441,1442),(1442,1443),(1443,1445),(1445,1446),(1446,1447),(1447,1448),(1448,1449),(1449,1451),(1451,1452),(1452,1453),(1453,1454),(1454,1455),(1455,1457),(1457,1458),(1458,1459),(1459,1460),(1460,1461),(1461,1463),(1463,1464),(1464,1465),(1465,1466),(1466,1467),(1467,1469),(1469,1470),(1470,1471),(1471,1472),(1472,1473),(1473,1475),(1475,1476),(1476,1477),(1477,1478),(1478,1479),(1479,1481),(1481,1482),(1482,1483),(1483,1484),(1484,1485),(1485,1487),(1487,1488),(1488,1489),(1489,1490),(1490,1491),(1491,1493),(1493,1495),(1495,1496),(1496,1497),(1497,1498),(1498,1499),(1499,1501),(1501,1502),(1502,1503),(1503,1504),(1504,1505),(1505,1507),(1507,1508),(1508,1509),(1509,1510),(1510,1511),(1511,1513),(1513,1515),(1515,1516),(1516,1517),(1517,1518),(1518,1519),(1519,1521),(1521,1522),(1522,1523),(1523,1524),(1524,1525),(1525,1527),(1527,1528),(1528,1529),(1529,1530),(1530,1531),(1531,1533),(1533,1534),(1534,1535),(1535,1536),(1536,1537),(1537,1539),(1539,1540),(1540,1541),(1541,1542),(1542,1543),(1543,1545),(1545,1546),(1546,1547),(1547,1548),(1548,1549),(1549,1551),(1551,1552),(1552,1553),(1553,1554),(1554,1555),(1555,1557),(1557,1558),(1558,1559),(1559,1560),(1560,1561),(1561,1563),(1563,1565),(1565,1566),(1566,1567),(1567,1568),(1568,1569),(1569,1571),(1571,1572),(1572,1573),(1573,1574),(1574,1575),(1575,1577),(1577,1578),(1578,1579),(1579,1580),(1580,1581),(1581,1583),(1583,1584),(1584,1585),(1585,1586),(1586,1587),(1587,1589),(1589,1591),(1591,1592),(1592,1593),(1593,1594),(1594,1595),(1595,1597),(1597,1598),(1598,1599),(1599,1600),(1600,1601),(1601,1603),(1603,1604),(1604,1605),(1605,1606),(1606,1607),(1607,1609),(1609,1610),(1610,1611),(1611,1612),(1612,1613),(1613,1615),(1615,1616),(1616,1617),(1617,1618),(1618,1619),(1619,1621),(1621,1623),(1623,1624),(1624,1625),(1625,1626),(1626,1627),(1627,1629),(1629,1630),(1630,1631),(1631,1632),(1632,1633),(1633,1635),(1635,1636),(1636,1637),(1637,1638),(1638,1639),(1639,1641),(1641,1642),(1642,1643),(1643,1644),(1644,1645),(1645,1647),(1647,1648),(1648,1649),(1649,1650),(1650,1651),(1651,1653),(1653,1654),(1654,1655),(1655,1656),(1656,1657),(1657,1659),(1659,1660),(1660,1661),(1661,1662),(1662,1663),(1663,1665),(1665,1666),(1666,1667),(1667,1668),(1668,1669),(1236,1241),(1674,1676),(1676,1677),(1677,1678),(1678,1679),(1679,1680),(1680,1682),(1682,1683),(1683,1684),(1684,1685),(1685,1686),(1686,1688),(1688,1689),(1689,1690),(1690,1691),(1691,1692),(1692,1694),(1694,1695),(1695,1696),(1696,1697),(1697,1698),(1698,1700),(1700,1701),(1701,1702),(1702,1703),(1703,1704),(1704,1706),(1706,1708),(1708,1709),(1709,1710),(1710,1711),(1711,1712),(1712,1714),(1714,1716),(1716,1717),(1717,1718),(1718,1719),(1719,1720),(1720,1722),(1722,1723),(1723,1724),(1724,1725),(1725,1726),(1726,1728),(1728,1729),(1729,1730),(1730,1731),(1731,1732),(1732,1734),(1734,1735),(1735,1736),(1736,1737),(1737,1738),(1738,1740),(1740,1741),(1741,1742),(1742,1743),(1743,1744),(1744,1746),(1746,1747),(1747,1748),(1748,1749),(1749,1750),(1750,1752),(1752,1753),(1753,1754),(1754,1755),(1755,1756),(1756,1758),(1758,1760),(1760,1761),(1761,1762),(1762,1763),(1763,1764),(1669,1674),(1769,1771),(1771,1772),(1772,1773),(1773,1774),(1774,1775),(1775,1777),(1777,1778),(1778,1779),(1779,1780),(1780,1781),(1781,1783),(1783,1784),(1784,1785),(1785,1786),(1786,1787),(1787,1789),(1789,1790),(1790,1791),(1791,1792),(1792,1793),(1793,1795),(1795,1796),(1796,1797),(1797,1798),(1798,1799),(1799,1801),(1801,1802),(1802,1803),(1803,1804),(1804,1805),(1805,1807),(1807,1808),(1808,1809),(1809,1810),(1810,1811),(1811,1813),(1813,1814),(1814,1815),(1815,1816),(1816,1817),(1817,1819),(1819,1820),(1820,1821),(1821,1822),(1822,1823),(1823,1825),(1825,1827),(1827,1828),(1828,1829),(1829,1830),(1830,1831),(1831,1833),(1833,1834),(1834,1835),(1835,1836),(1836,1837),(1837,1839),(1839,1841),(1841,1842),(1842,1843),(1843,1844),(1844,1845),(1845,1847),(1847,1848),(1848,1849),(1849,1850),(1850,1851),(1851,1853),(1853,1854),(1854,1855),(1855,1856),(1856,1857),(1857,1859),(1859,1860),(1860,1861),(1861,1862),(1862,1863),(1863,1865),(1865,1866),(1866,1867),(1867,1868),(1868,1869),(1869,1871),(1871,1872),(1872,1873),(1873,1874),(1874,1875),(1875,1877),(1877,1878),(1878,1879),(1879,1880),(1880,1881),(1881,1883),(1883,1884),(1884,1885),(1885,1886),(1886,1887),(1887,1889),(1889,1890),(1890,1891),(1891,1892),(1892,1893),(1893,1895),(1895,1897),(1897,1898),(1898,1899),(1899,1900),(1900,1901),(1901,1903),(1903,1904),(1904,1905),(1905,1906),(1906,1907),(1907,1909),(1909,1910),(1910,1911),(1911,1912),(1912,1913),(1913,1915),(1915,1916),(1916,1917),(1917,1918),(1918,1919),(1919,1921),(1921,1923),(1923,1924),(1924,1925),(1925,1926),(1926,1927),(1927,1929),(1929,1931),(1931,1932),(1932,1933),(1933,1934),(1934,1935),(1935,1937),(1937,1938),(1938,1939),(1939,1940),(1940,1941),(1941,1943),(1943,1944),(1944,1945),(1945,1946),(1946,1947),(1947,1949),(1949,1951),(1951,1952),(1952,1953),(1953,1954),(1954,1955),(1955,1957),(1957,1958),(1958,1959),(1959,1960),(1960,1961),(1961,1963),(1963,1964),(1964,1965),(1965,1966),(1966,1967),(1967,1969),(1969,1971),(1971,1972),(1972,1973),(1973,1974),(1974,1975),(1975,1977),(1977,1978),(1978,1979),(1979,1980),(1980,1981),(1981,1983),(1983,1985),(1985,1986),(1986,1987),(1987,1988),(1988,1989),(1989,1991),(1991,1992),(1992,1993),(1993,1994),(1994,1995),(1995,1997),(1997,1998),(1998,1999),(1999,2000),(2000,2001),(2001,2003),(2003,2005),(2005,2006),(2006,2007),(2007,2008),(2008,2009),(2009,2011),(2011,2012),(2012,2013),(2013,2014),(2014,2015),(2015,2017),(2017,2018),(2018,2019),(2019,2020),(2020,2021),(2021,2023),(2023,2024),(2024,2025),(2025,2026),(2026,2027),(2027,2029),(2029,2030),(2030,2031),(2031,2032),(2032,2033),(2033,2035),(2035,2036),(2036,2037),(2037,2038),(2038,2039),(2039,2041),(2041,2043),(2043,2044),(2044,2045),(2045,2046),(2046,2047),(2047,2049),(2049,2050),(2050,2051),(2051,2052),(2052,2053),(2053,2055),(2055,2057),(2057,2058),(2058,2059),(2059,2060),(2060,2061),(2061,2063),(2063,2064),(2064,2065),(2065,2066),(2066,2067),(2067,2069),(2069,2071),(2071,2072),(2072,2073),(2073,2074),(2074,2075),(2075,2077),(2077,2078),(2078,2079),(2079,2080),(2080,2081),(2081,2083),(2083,2085),(2085,2086),(2086,2087),(2087,2088),(2088,2089),(2089,2091),(2091,2092),(2092,2093),(2093,2094),(2094,2095),(2095,2097),(2097,2098),(2098,2099),(2099,2100),(2100,2101),(2101,2103),(2103,2104),(2104,2105),(2105,2106),(2106,2107),(2107,2109),(2109,2110),(2110,2111),(2111,2112),(2112,2113),(2113,2115),(2115,2116),(2116,2117),(2117,2118),(2118,2119),(2119,2121),(2121,2122),(2122,2123),(2123,2124),(2124,2125),(2125,2127),(2127,2128),(2128,2129),(2129,2130),(2130,2131),(1764,1769),(2135,2137),(2137,2138),(2138,2139),(2139,2140),(2140,2141),(2141,2143),(2143,2144),(2144,2145),(2145,2146),(2146,2147),(2147,2149),(2149,2150),(2150,2151),(2151,2152),(2152,2153),(2153,2155),(2155,2156),(2156,2157),(2157,2158),(2158,2159),(2159,2161),(2161,2163),(2163,2164),(2164,2165),(2165,2166),(2166,2167),(2167,2169),(2169,2170),(2170,2171),(2171,2172),(2172,2173),(2173,2175),(2175,2176),(2176,2177),(2177,2178),(2178,2179),(2179,2181),(2181,2182),(2182,2183),(2183,2184),(2184,2185),(2185,2187),(2187,2188),(2188,2189),(2189,2190),(2190,2191),(2191,2193),(2193,2194),(2194,2195),(2195,2196),(2196,2197),(2197,2199),(2199,2200),(2200,2201),(2201,2202),(2202,2203),(2203,2205),(2205,2206),(2206,2207),(2207,2208),(2208,2209),(2209,2211),(2211,2212),(2212,2213),(2213,2214),(2214,2215),(2215,2217),(2217,2219),(2219,2220),(2220,2221),(2221,2222),(2222,2223),(2223,2225),(2225,2226),(2226,2227),(2227,2228),(2228,2229),(2229,2231),(2231,2232),(2232,2233),(2233,2234),(2234,2235),(2235,2237),(2237,2238),(2238,2239),(2239,2240),(2240,2241),(2241,2243),(2243,2244),(2244,2245),(2245,2246),(2246,2247),(2247,2249),(2249,2250),(2250,2251),(2251,2252),(2252,2253),(2253,2255),(2255,2257),(2257,2258),(2258,2259),(2259,2260),(2260,2261),(2261,2263),(2263,2264),(2264,2265),(2265,2266),(2266,2267),(2267,2269),(2269,2271),(2271,2272),(2272,2273),(2273,2274),(2274,2275),(2275,2277),(2277,2278),(2278,2279),(2279,2280),(2280,2281),(2281,2283),(2283,2285),(2285,2286),(2286,2287),(2287,2288),(2288,2289),(2289,2291),(2291,2292),(2292,2293),(2293,2294),(2294,2295),(2295,2297),(2297,2298),(2298,2299),(2299,2300),(2300,2301),(2301,2303),(2303,2304),(2304,2305),(2305,2306),(2306,2307),(2307,2309),(2309,2310),(2310,2311),(2311,2312),(2312,2313),(2313,2315),(2315,2316),(2316,2317),(2317,2318),(2318,2319),(2319,2321),(2321,2322),(2322,2323),(2323,2324),(2324,2325),(2325,2327),(2327,2328),(2328,2329),(2329,2330),(2330,2331),(2331,2333),(2333,2335),(2335,2336),(2336,2337),(2337,2338),(2338,2339),(2339,2341),(2341,2342),(2342,2343),(2343,2344),(2344,2345),(2345,2347),(2347,2348),(2348,2349),(2349,2350),(2350,2351),(2351,2353),(2353,2354),(2354,2355),(2355,2356),(2356,2357),(2357,2359),(2359,2360),(2360,2361),(2361,2362),(2362,2363),(2363,2365),(2365,2366),(2366,2367),(2367,2368),(2368,2369),(2369,2371),(2371,2372),(2372,2373),(2373,2374),(2374,2375),(2375,2377),(2377,2378),(2378,2379),(2379,2380),(2380,2381),(2381,2383),(2383,2384),(2384,2385),(2385,2386),(2386,2387),(2131,2135),(2387,5);
CREATE TABLE `monitoredBy` (
  `TrackElement_id` integer NOT NULL
,  `Sensor_id` integer NOT NULL
,  PRIMARY KEY (`TrackElement_id`,`Sensor_id`)
);
INSERT INTO `monitoredBy` VALUES (5,6),(7,6),(8,6),(9,6),(10,6),(11,6),(5,12),(13,12),(14,12),(15,12),(16,12),(17,12),(5,18),(19,18),(20,18),(21,18),(22,18),(23,18),(5,24),(25,24),(26,24),(27,24),(28,24),(29,24),(5,30),(31,30),(32,30),(33,30),(34,30),(35,30),(5,36),(37,36),(38,36),(39,36),(40,36),(41,36),(5,42),(43,42),(44,42),(45,42),(46,42),(47,42),(52,53),(54,53),(55,53),(56,53),(57,53),(58,53),(52,59),(60,59),(61,59),(62,59),(63,59),(64,59),(52,65),(66,65),(67,65),(68,65),(69,65),(70,65),(52,71),(72,71),(73,71),(74,71),(75,71),(76,71),(52,77),(78,77),(79,77),(80,77),(81,77),(82,77),(52,83),(84,83),(85,83),(86,83),(87,83),(88,83),(52,89),(90,89),(91,89),(92,89),(93,89),(94,89),(52,95),(96,95),(97,95),(98,95),(99,95),(100,95),(102,103),(104,103),(105,103),(106,103),(107,103),(108,103),(102,109),(110,109),(111,109),(112,109),(113,109),(114,109),(102,115),(116,115),(117,115),(118,115),(119,115),(120,115),(102,121),(122,121),(123,121),(124,121),(125,121),(126,121),(102,127),(128,127),(129,127),(130,127),(131,127),(132,127),(102,133),(134,133),(135,133),(136,133),(137,133),(138,133),(102,139),(140,139),(141,139),(142,139),(143,139),(144,139),(102,145),(146,145),(147,145),(148,145),(149,145),(150,145),(102,151),(152,151),(153,151),(154,151),(155,151),(156,151),(161,162),(163,162),(164,162),(165,162),(166,162),(167,162),(161,168),(169,168),(170,168),(171,168),(172,168),(173,168),(161,174),(175,174),(176,174),(177,174),(178,174),(179,174),(161,180),(181,180),(182,180),(183,180),(184,180),(185,180),(187,188),(189,188),(190,188),(191,188),(192,188),(193,188),(187,194),(195,194),(196,194),(197,194),(198,194),(199,194),(187,200),(201,200),(202,200),(203,200),(204,200),(205,200),(187,206),(207,206),(208,206),(209,206),(210,206),(211,206),(187,212),(213,212),(214,212),(215,212),(216,212),(217,212),(219,220),(221,220),(222,220),(223,220),(224,220),(225,220),(219,226),(227,226),(228,226),(229,226),(230,226),(231,226),(219,232),(233,232),(234,232),(235,232),(236,232),(237,232),(239,240),(241,240),(242,240),(243,240),(244,240),(245,240),(239,246),(247,246),(248,246),(249,246),(250,246),(251,246),(239,252),(253,252),(254,252),(255,252),(256,252),(257,252),(239,258),(259,258),(260,258),(261,258),(262,258),(263,258),(239,264),(265,264),(266,264),(267,264),(268,264),(269,264),(239,270),(271,270),(272,270),(273,270),(274,270),(275,270),(239,276),(277,276),(278,276),(279,276),(280,276),(281,276),(239,282),(283,282),(284,282),(285,282),(286,282),(287,282),(292,293),(294,293),(295,293),(296,293),(297,293),(298,293),(292,299),(300,299),(301,299),(302,299),(303,299),(304,299),(292,305),(306,305),(307,305),(308,305),(309,305),(310,305),(292,311),(312,311),(313,311),(314,311),(315,311),(316,311),(292,317),(318,317),(319,317),(320,317),(321,317),(322,317),(292,323),(324,323),(325,323),(326,323),(327,323),(328,323),(292,329),(330,329),(331,329),(332,329),(333,329),(334,329),(292,335),(336,335),(337,335),(338,335),(339,335),(340,335),(292,341),(342,341),(343,341),(344,341),(345,341),(346,341),(351,352),(353,352),(354,352),(355,352),(356,352),(357,352),(351,358),(359,358),(360,358),(361,358),(362,358),(363,358),(351,364),(365,364),(366,364),(367,364),(368,364),(369,364),(351,370),(371,370),(372,370),(373,370),(374,370),(375,370),(351,376),(377,376),(378,376),(379,376),(380,376),(381,376),(351,382),(383,382),(384,382),(385,382),(386,382),(387,382),(351,388),(389,388),(390,388),(391,388),(392,388),(393,388),(351,394),(395,394),(396,394),(397,394),(398,394),(399,394),(351,400),(401,400),(402,400),(403,400),(404,400),(405,400),(407,408),(409,408),(410,408),(411,408),(412,408),(413,408),(407,414),(415,414),(416,414),(417,414),(418,414),(419,414),(407,420),(421,420),(422,420),(423,420),(424,420),(425,420),(407,426),(427,426),(428,426),(429,426),(430,426),(431,426),(407,432),(433,432),(434,432),(435,432),(436,432),(437,432),(407,438),(439,438),(440,438),(441,438),(442,438),(443,438),(407,444),(445,444),(446,444),(447,444),(448,444),(449,444),(407,450),(451,450),(452,450),(453,450),(454,450),(455,450),(407,456),(457,456),(458,456),(459,456),(460,456),(461,456),(463,464),(465,464),(466,464),(467,464),(468,464),(469,464),(471,472),(473,472),(474,472),(475,472),(476,472),(477,472),(471,478),(479,478),(480,478),(481,478),(482,478),(483,478),(471,484),(485,484),(486,484),(487,484),(488,484),(489,484),(471,490),(491,490),(492,490),(493,490),(494,490),(495,490),(471,496),(497,496),(498,496),(499,496),(500,496),(501,496),(471,502),(503,502),(504,502),(505,502),(506,502),(507,502),(471,508),(509,508),(510,508),(511,508),(512,508),(513,508),(471,514),(515,514),(516,514),(517,514),(518,514),(519,514),(471,520),(521,520),(522,520),(523,520),(524,520),(525,520),(527,528),(529,528),(530,528),(531,528),(532,528),(533,528),(527,534),(535,534),(536,534),(537,534),(538,534),(539,534),(527,540),(541,540),(542,540),(543,540),(544,540),(545,540),(527,546),(547,546),(548,546),(549,546),(550,546),(551,546),(527,552),(553,552),(554,552),(555,552),(556,552),(557,552),(527,558),(559,558),(560,558),(561,558),(562,558),(563,558),(527,564),(565,564),(566,564),(567,564),(568,564),(569,564),(527,570),(571,570),(572,570),(573,570),(574,570),(575,570),(527,576),(577,576),(578,576),(579,576),(580,576),(581,576),(583,584),(585,584),(586,584),(587,584),(588,584),(589,584),(583,590),(591,590),(592,590),(593,590),(594,590),(595,590),(583,596),(597,596),(598,596),(599,596),(600,596),(601,596),(583,602),(603,602),(604,602),(605,602),(606,602),(607,602),(583,608),(609,608),(610,608),(611,608),(612,608),(613,608),(615,616),(617,616),(618,616),(619,616),(620,616),(621,616),(623,624),(625,624),(626,624),(627,624),(628,624),(629,624),(623,630),(631,630),(632,630),(633,630),(634,630),(635,630),(623,636),(637,636),(638,636),(639,636),(640,636),(641,636),(623,642),(643,642),(644,642),(645,642),(646,642),(647,642),(623,648),(649,648),(650,648),(651,648),(652,648),(653,648),(623,654),(655,654),(656,654),(657,654),(658,654),(659,654),(623,660),(661,660),(662,660),(663,660),(664,660),(665,660),(623,666),(667,666),(668,666),(669,666),(670,666),(671,666),(623,672),(673,672),(674,672),(675,672),(676,672),(677,672),(679,680),(681,680),(682,680),(683,680),(684,680),(685,680),(679,686),(687,686),(688,686),(689,686),(690,686),(691,686),(679,692),(693,692),(694,692),(695,692),(696,692),(697,692),(679,698),(699,698),(700,698),(701,698),(702,698),(703,698),(679,704),(705,704),(706,704),(707,704),(708,704),(709,704),(679,710),(711,710),(712,710),(713,710),(714,710),(715,710),(679,716),(717,716),(718,716),(719,716),(720,716),(721,716),(723,724),(725,724),(726,724),(727,724),(728,724),(729,724),(723,730),(731,730),(732,730),(733,730),(734,730),(735,730),(723,736),(737,736),(738,736),(739,736),(740,736),(741,736),(723,742),(743,742),(744,742),(745,742),(746,742),(747,742),(723,748),(749,748),(750,748),(751,748),(752,748),(753,748),(758,759),(760,759),(761,759),(762,759),(763,759),(764,759),(758,765),(766,765),(767,765),(768,765),(769,765),(770,765),(758,771),(772,771),(773,771),(774,771),(775,771),(776,771),(758,777),(778,777),(779,777),(780,777),(781,777),(782,777),(758,783),(784,783),(785,783),(786,783),(787,783),(788,783),(758,789),(790,789),(791,789),(792,789),(793,789),(794,789),(758,795),(796,795),(797,795),(798,795),(799,795),(800,795),(802,803),(804,803),(805,803),(806,803),(807,803),(808,803),(802,809),(810,809),(811,809),(812,809),(813,809),(814,809),(802,815),(816,815),(817,815),(818,815),(819,815),(820,815),(802,821),(822,821),(823,821),(824,821),(825,821),(826,821),(802,827),(828,827),(829,827),(830,827),(831,827),(832,827),(802,833),(834,833),(835,833),(836,833),(837,833),(838,833),(802,839),(840,839),(841,839),(842,839),(843,839),(844,839),(802,845),(846,845),(847,845),(848,845),(849,845),(850,845),(802,851),(852,851),(853,851),(854,851),(855,851),(856,851),(858,859),(860,859),(861,859),(862,859),(863,859),(864,859),(858,865),(866,865),(867,865),(868,865),(869,865),(870,865),(858,871),(872,871),(873,871),(874,871),(875,871),(876,871),(858,877),(878,877),(879,877),(880,877),(881,877),(882,877),(858,883),(884,883),(885,883),(886,883),(887,883),(888,883),(890,891),(892,891),(893,891),(894,891),(895,891),(896,891),(890,897),(898,897),(899,897),(900,897),(901,897),(902,897),(890,903),(904,903),(905,903),(906,903),(907,903),(908,903),(910,911),(912,911),(913,911),(914,911),(915,911),(916,911),(910,917),(918,917),(919,917),(920,917),(921,917),(922,917),(910,923),(924,923),(925,923),(926,923),(927,923),(928,923),(910,929),(930,929),(931,929),(932,929),(933,929),(934,929),(910,935),(936,935),(937,935),(938,935),(939,935),(940,935),(910,941),(942,941),(943,941),(944,941),(945,941),(946,941),(910,947),(948,947),(949,947),(950,947),(951,947),(952,947),(910,953),(954,953),(955,953),(956,953),(957,953),(958,953),(910,959),(960,959),(961,959),(962,959),(963,959),(964,959),(966,967),(968,967),(969,967),(970,967),(971,967),(972,967),(966,973),(974,973),(975,973),(976,973),(977,973),(978,973),(966,979),(980,979),(981,979),(982,979),(983,979),(984,979),(966,985),(986,985),(987,985),(988,985),(989,985),(990,985),(966,991),(992,991),(993,991),(994,991),(995,991),(996,991),(966,997),(998,997),(999,997),(1000,997),(1001,997),(1002,997),(966,1003),(1004,1003),(1005,1003),(1006,1003),(1007,1003),(1008,1003),(966,1009),(1010,1009),(1011,1009),(1012,1009),(1013,1009),(1014,1009),(1016,1017),(1018,1017),(1019,1017),(1020,1017),(1021,1017),(1022,1017),(1024,1025),(1026,1025),(1027,1025),(1028,1025),(1029,1025),(1030,1025),(1024,1031),(1032,1031),(1033,1031),(1034,1031),(1035,1031),(1036,1031),(1024,1037),(1038,1037),(1039,1037),(1040,1037),(1041,1037),(1042,1037),(1024,1043),(1044,1043),(1045,1043),(1046,1043),(1047,1043),(1048,1043),(1050,1051),(1052,1051),(1053,1051),(1054,1051),(1055,1051),(1056,1051),(1050,1057),(1058,1057),(1059,1057),(1060,1057),(1061,1057),(1062,1057),(1050,1063),(1064,1063),(1065,1063),(1066,1063),(1067,1063),(1068,1063),(1070,1071),(1072,1071),(1073,1071),(1074,1071),(1075,1071),(1076,1071),(1078,1079),(1080,1079),(1081,1079),(1082,1079),(1083,1079),(1084,1079),(1078,1085),(1086,1085),(1087,1085),(1088,1085),(1089,1085),(1090,1085),(1078,1091),(1092,1091),(1093,1091),(1094,1091),(1095,1091),(1096,1091),(1078,1097),(1098,1097),(1099,1097),(1100,1097),(1101,1097),(1102,1097),(1104,1105),(1106,1105),(1107,1105),(1108,1105),(1109,1105),(1110,1105),(1104,1111),(1112,1111),(1113,1111),(1114,1111),(1115,1111),(1116,1111),(1104,1117),(1118,1117),(1119,1117),(1120,1117),(1121,1117),(1122,1117),(1104,1123),(1124,1123),(1125,1123),(1126,1123),(1127,1123),(1128,1123),(1104,1129),(1130,1129),(1131,1129),(1132,1129),(1133,1129),(1134,1129),(1136,1137),(1138,1137),(1139,1137),(1140,1137),(1141,1137),(1142,1137),(1136,1143),(1144,1143),(1145,1143),(1146,1143),(1147,1143),(1148,1143),(1136,1149),(1150,1149),(1151,1149),(1152,1149),(1153,1149),(1154,1149),(1156,1157),(1158,1157),(1159,1157),(1160,1157),(1161,1157),(1162,1157),(1156,1163),(1164,1163),(1165,1163),(1166,1163),(1167,1163),(1168,1163),(1156,1169),(1170,1169),(1171,1169),(1172,1169),(1173,1169),(1174,1169),(1156,1175),(1176,1175),(1177,1175),(1178,1175),(1179,1175),(1180,1175),(1156,1181),(1182,1181),(1183,1181),(1184,1181),(1185,1181),(1186,1181),(1156,1187),(1188,1187),(1189,1187),(1190,1187),(1191,1187),(1192,1187),(1194,1195),(1196,1195),(1197,1195),(1198,1195),(1199,1195),(1200,1195),(1194,1201),(1202,1201),(1203,1201),(1204,1201),(1205,1201),(1206,1201),(1194,1207),(1208,1207),(1209,1207),(1210,1207),(1211,1207),(1212,1207),(1194,1213),(1214,1213),(1215,1213),(1216,1213),(1217,1213),(1218,1213),(1194,1219),(1220,1219),(1221,1219),(1222,1219),(1223,1219),(1224,1219),(1194,1225),(1226,1225),(1227,1225),(1228,1225),(1229,1225),(1230,1225),(1194,1231),(1232,1231),(1233,1231),(1234,1231),(1235,1231),(1236,1231),(1241,1242),(1243,1242),(1244,1242),(1245,1242),(1246,1242),(1247,1242),(1241,1248),(1249,1248),(1250,1248),(1251,1248),(1252,1248),(1253,1248),(1241,1254),(1255,1254),(1256,1254),(1257,1254),(1258,1254),(1259,1254),(1241,1260),(1261,1260),(1262,1260),(1263,1260),(1264,1260),(1265,1260),(1241,1266),(1267,1266),(1268,1266),(1269,1266),(1270,1266),(1271,1266),(1241,1272),(1273,1272),(1274,1272),(1275,1272),(1276,1272),(1277,1272),(1241,1278),(1279,1278),(1280,1278),(1281,1278),(1282,1278),(1283,1278),(1285,1286),(1287,1286),(1288,1286),(1289,1286),(1290,1286),(1291,1286),(1285,1292),(1293,1292),(1294,1292),(1295,1292),(1296,1292),(1297,1292),(1285,1298),(1299,1298),(1300,1298),(1301,1298),(1302,1298),(1303,1298),(1285,1304),(1305,1304),(1306,1304),(1307,1304),(1308,1304),(1309,1304),(1285,1310),(1311,1310),(1312,1310),(1313,1310),(1314,1310),(1315,1310),(1317,1318),(1319,1318),(1320,1318),(1321,1318),(1322,1318),(1323,1318),(1317,1324),(1325,1324),(1326,1324),(1327,1324),(1328,1324),(1329,1324),(1317,1330),(1331,1330),(1332,1330),(1333,1330),(1334,1330),(1335,1330),(1317,1336),(1337,1336),(1338,1336),(1339,1336),(1340,1336),(1341,1336),(1317,1342),(1343,1342),(1344,1342),(1345,1342),(1346,1342),(1347,1342),(1349,1350),(1351,1350),(1352,1350),(1353,1350),(1354,1350),(1355,1350),(1349,1356),(1357,1356),(1358,1356),(1359,1356),(1360,1356),(1361,1356),(1349,1362),(1363,1362),(1364,1362),(1365,1362),(1366,1362),(1367,1362),(1349,1368),(1369,1368),(1370,1368),(1371,1368),(1372,1368),(1373,1368),(1349,1374),(1375,1374),(1376,1374),(1377,1374),(1378,1374),(1379,1374),(1349,1380),(1381,1380),(1382,1380),(1383,1380),(1384,1380),(1385,1380),(1349,1386),(1387,1386),(1388,1386),(1389,1386),(1390,1386),(1391,1386),(1349,1392),(1393,1392),(1394,1392),(1395,1392),(1396,1392),(1397,1392),(1399,1400),(1401,1400),(1402,1400),(1403,1400),(1404,1400),(1405,1400),(1399,1406),(1407,1406),(1408,1406),(1409,1406),(1410,1406),(1411,1406),(1399,1412),(1413,1412),(1414,1412),(1415,1412),(1416,1412),(1417,1412),(1399,1418),(1419,1418),(1420,1418),(1421,1418),(1422,1418),(1423,1418),(1399,1424),(1425,1424),(1426,1424),(1427,1424),(1428,1424),(1429,1424),(1399,1430),(1431,1430),(1432,1430),(1433,1430),(1434,1430),(1435,1430),(1437,1438),(1439,1438),(1440,1438),(1441,1438),(1442,1438),(1443,1438),(1437,1444),(1445,1444),(1446,1444),(1447,1444),(1448,1444),(1449,1444),(1437,1450),(1451,1450),(1452,1450),(1453,1450),(1454,1450),(1455,1450),(1437,1456),(1457,1456),(1458,1456),(1459,1456),(1460,1456),(1461,1456),(1437,1462),(1463,1462),(1464,1462),(1465,1462),(1466,1462),(1467,1462),(1437,1468),(1469,1468),(1470,1468),(1471,1468),(1472,1468),(1473,1468),(1437,1474),(1475,1474),(1476,1474),(1477,1474),(1478,1474),(1479,1474),(1437,1480),(1481,1480),(1482,1480),(1483,1480),(1484,1480),(1485,1480),(1437,1486),(1487,1486),(1488,1486),(1489,1486),(1490,1486),(1491,1486),(1493,1494),(1495,1494),(1496,1494),(1497,1494),(1498,1494),(1499,1494),(1493,1500),(1501,1500),(1502,1500),(1503,1500),(1504,1500),(1505,1500),(1493,1506),(1507,1506),(1508,1506),(1509,1506),(1510,1506),(1511,1506),(1513,1514),(1515,1514),(1516,1514),(1517,1514),(1518,1514),(1519,1514),(1513,1520),(1521,1520),(1522,1520),(1523,1520),(1524,1520),(1525,1520),(1513,1526),(1527,1526),(1528,1526),(1529,1526),(1530,1526),(1531,1526),(1513,1532),(1533,1532),(1534,1532),(1535,1532),(1536,1532),(1537,1532),(1513,1538),(1539,1538),(1540,1538),(1541,1538),(1542,1538),(1543,1538),(1513,1544),(1545,1544),(1546,1544),(1547,1544),(1548,1544),(1549,1544),(1513,1550),(1551,1550),(1552,1550),(1553,1550),(1554,1550),(1555,1550),(1513,1556),(1557,1556),(1558,1556),(1559,1556),(1560,1556),(1561,1556),(1563,1564),(1565,1564),(1566,1564),(1567,1564),(1568,1564),(1569,1564),(1563,1570),(1571,1570),(1572,1570),(1573,1570),(1574,1570),(1575,1570),(1563,1576),(1577,1576),(1578,1576),(1579,1576),(1580,1576),(1581,1576),(1563,1582),(1583,1582),(1584,1582),(1585,1582),(1586,1582),(1587,1582),(1589,1590),(1591,1590),(1592,1590),(1593,1590),(1594,1590),(1595,1590),(1589,1596),(1597,1596),(1598,1596),(1599,1596),(1600,1596),(1601,1596),(1589,1602),(1603,1602),(1604,1602),(1605,1602),(1606,1602),(1607,1602),(1589,1608),(1609,1608),(1610,1608),(1611,1608),(1612,1608),(1613,1608),(1589,1614),(1615,1614),(1616,1614),(1617,1614),(1618,1614),(1619,1614),(1621,1622),(1623,1622),(1624,1622),(1625,1622),(1626,1622),(1627,1622),(1621,1628),(1629,1628),(1630,1628),(1631,1628),(1632,1628),(1633,1628),(1621,1634),(1635,1634),(1636,1634),(1637,1634),(1638,1634),(1639,1634),(1621,1640),(1641,1640),(1642,1640),(1643,1640),(1644,1640),(1645,1640),(1621,1646),(1647,1646),(1648,1646),(1649,1646),(1650,1646),(1651,1646),(1621,1652),(1653,1652),(1654,1652),(1655,1652),(1656,1652),(1657,1652),(1621,1658),(1659,1658),(1660,1658),(1661,1658),(1662,1658),(1663,1658),(1621,1664),(1665,1664),(1666,1664),(1667,1664),(1668,1664),(1669,1664),(1674,1675),(1676,1675),(1677,1675),(1678,1675),(1679,1675),(1680,1675),(1674,1681),(1682,1681),(1683,1681),(1684,1681),(1685,1681),(1686,1681),(1674,1687),(1688,1687),(1689,1687),(1690,1687),(1691,1687),(1692,1687),(1674,1693),(1694,1693),(1695,1693),(1696,1693),(1697,1693),(1698,1693),(1674,1699),(1700,1699),(1701,1699),(1702,1699),(1703,1699),(1704,1699),(1706,1707),(1708,1707),(1709,1707),(1710,1707),(1711,1707),(1712,1707),(1714,1715),(1716,1715),(1717,1715),(1718,1715),(1719,1715),(1720,1715),(1714,1721),(1722,1721),(1723,1721),(1724,1721),(1725,1721),(1726,1721),(1714,1727),(1728,1727),(1729,1727),(1730,1727),(1731,1727),(1732,1727),(1714,1733),(1734,1733),(1735,1733),(1736,1733),(1737,1733),(1738,1733),(1714,1739),(1740,1739),(1741,1739),(1742,1739),(1743,1739),(1744,1739),(1714,1745),(1746,1745),(1747,1745),(1748,1745),(1749,1745),(1750,1745),(1714,1751),(1752,1751),(1753,1751),(1754,1751),(1755,1751),(1756,1751),(1758,1759),(1760,1759),(1761,1759),(1762,1759),(1763,1759),(1764,1759),(1769,1770),(1771,1770),(1772,1770),(1773,1770),(1774,1770),(1775,1770),(1769,1776),(1777,1776),(1778,1776),(1779,1776),(1780,1776),(1781,1776),(1769,1782),(1783,1782),(1784,1782),(1785,1782),(1786,1782),(1787,1782),(1769,1788),(1789,1788),(1790,1788),(1791,1788),(1792,1788),(1793,1788),(1769,1794),(1795,1794),(1796,1794),(1797,1794),(1798,1794),(1799,1794),(1769,1800),(1801,1800),(1802,1800),(1803,1800),(1804,1800),(1805,1800),(1769,1806),(1807,1806),(1808,1806),(1809,1806),(1810,1806),(1811,1806),(1769,1812),(1813,1812),(1814,1812),(1815,1812),(1816,1812),(1817,1812),(1769,1818),(1819,1818),(1820,1818),(1821,1818),(1822,1818),(1823,1818),(1825,1826),(1827,1826),(1828,1826),(1829,1826),(1830,1826),(1831,1826),(1825,1832),(1833,1832),(1834,1832),(1835,1832),(1836,1832),(1837,1832),(1839,1840),(1841,1840),(1842,1840),(1843,1840),(1844,1840),(1845,1840),(1839,1846),(1847,1846),(1848,1846),(1849,1846),(1850,1846),(1851,1846),(1839,1852),(1853,1852),(1854,1852),(1855,1852),(1856,1852),(1857,1852),(1839,1858),(1859,1858),(1860,1858),(1861,1858),(1862,1858),(1863,1858),(1839,1864),(1865,1864),(1866,1864),(1867,1864),(1868,1864),(1869,1864),(1839,1870),(1871,1870),(1872,1870),(1873,1870),(1874,1870),(1875,1870),(1839,1876),(1877,1876),(1878,1876),(1879,1876),(1880,1876),(1881,1876),(1839,1882),(1883,1882),(1884,1882),(1885,1882),(1886,1882),(1887,1882),(1839,1888),(1889,1888),(1890,1888),(1891,1888),(1892,1888),(1893,1888),(1895,1896),(1897,1896),(1898,1896),(1899,1896),(1900,1896),(1901,1896),(1895,1902),(1903,1902),(1904,1902),(1905,1902),(1906,1902),(1907,1902),(1895,1908),(1909,1908),(1910,1908),(1911,1908),(1912,1908),(1913,1908),(1895,1914),(1915,1914),(1916,1914),(1917,1914),(1918,1914),(1919,1914),(1921,1922),(1923,1922),(1924,1922),(1925,1922),(1926,1922),(1927,1922),(1929,1930),(1931,1930),(1932,1930),(1933,1930),(1934,1930),(1935,1930),(1929,1936),(1937,1936),(1938,1936),(1939,1936),(1940,1936),(1941,1936),(1929,1942),(1943,1942),(1944,1942),(1945,1942),(1946,1942),(1947,1942),(1949,1950),(1951,1950),(1952,1950),(1953,1950),(1954,1950),(1955,1950),(1949,1956),(1957,1956),(1958,1956),(1959,1956),(1960,1956),(1961,1956),(1949,1962),(1963,1962),(1964,1962),(1965,1962),(1966,1962),(1967,1962),(1969,1970),(1971,1970),(1972,1970),(1973,1970),(1974,1970),(1975,1970),(1969,1976),(1977,1976),(1978,1976),(1979,1976),(1980,1976),(1981,1976),(1983,1984),(1985,1984),(1986,1984),(1987,1984),(1988,1984),(1989,1984),(1983,1990),(1991,1990),(1992,1990),(1993,1990),(1994,1990),(1995,1990),(1983,1996),(1997,1996),(1998,1996),(1999,1996),(2000,1996),(2001,1996),(2003,2004),(2005,2004),(2006,2004),(2007,2004),(2008,2004),(2009,2004),(2003,2010),(2011,2010),(2012,2010),(2013,2010),(2014,2010),(2015,2010),(2003,2016),(2017,2016),(2018,2016),(2019,2016),(2020,2016),(2021,2016),(2003,2022),(2023,2022),(2024,2022),(2025,2022),(2026,2022),(2027,2022),(2003,2028),(2029,2028),(2030,2028),(2031,2028),(2032,2028),(2033,2028),(2003,2034),(2035,2034),(2036,2034),(2037,2034),(2038,2034),(2039,2034),(2041,2042),(2043,2042),(2044,2042),(2045,2042),(2046,2042),(2047,2042),(2041,2048),(2049,2048),(2050,2048),(2051,2048),(2052,2048),(2053,2048),(2055,2056),(2057,2056),(2058,2056),(2059,2056),(2060,2056),(2061,2056),(2055,2062),(2063,2062),(2064,2062),(2065,2062),(2066,2062),(2067,2062),(2069,2070),(2071,2070),(2072,2070),(2073,2070),(2074,2070),(2075,2070),(2069,2076),(2077,2076),(2078,2076),(2079,2076),(2080,2076),(2081,2076),(2083,2084),(2085,2084),(2086,2084),(2087,2084),(2088,2084),(2089,2084),(2083,2090),(2091,2090),(2092,2090),(2093,2090),(2094,2090),(2095,2090),(2083,2096),(2097,2096),(2098,2096),(2099,2096),(2100,2096),(2101,2096),(2083,2102),(2103,2102),(2104,2102),(2105,2102),(2106,2102),(2107,2102),(2083,2108),(2109,2108),(2110,2108),(2111,2108),(2112,2108),(2113,2108),(2083,2114),(2115,2114),(2116,2114),(2117,2114),(2118,2114),(2119,2114),(2083,2120),(2121,2120),(2122,2120),(2123,2120),(2124,2120),(2125,2120),(2083,2126),(2127,2126),(2128,2126),(2129,2126),(2130,2126),(2131,2126),(2135,2136),(2137,2136),(2138,2136),(2139,2136),(2140,2136),(2141,2136),(2135,2142),(2143,2142),(2144,2142),(2145,2142),(2146,2142),(2147,2142),(2135,2148),(2149,2148),(2150,2148),(2151,2148),(2152,2148),(2153,2148),(2135,2154),(2155,2154),(2156,2154),(2157,2154),(2158,2154),(2159,2154),(2161,2162),(2163,2162),(2164,2162),(2165,2162),(2166,2162),(2167,2162),(2161,2168),(2169,2168),(2170,2168),(2171,2168),(2172,2168),(2173,2168),(2161,2174),(2175,2174),(2176,2174),(2177,2174),(2178,2174),(2179,2174),(2161,2180),(2181,2180),(2182,2180),(2183,2180),(2184,2180),(2185,2180),(2161,2186),(2187,2186),(2188,2186),(2189,2186),(2190,2186),(2191,2186),(2161,2192),(2193,2192),(2194,2192),(2195,2192),(2196,2192),(2197,2192),(2161,2198),(2199,2198),(2200,2198),(2201,2198),(2202,2198),(2203,2198),(2161,2204),(2205,2204),(2206,2204),(2207,2204),(2208,2204),(2209,2204),(2161,2210),(2211,2210),(2212,2210),(2213,2210),(2214,2210),(2215,2210),(2217,2218),(2219,2218),(2220,2218),(2221,2218),(2222,2218),(2223,2218),(2217,2224),(2225,2224),(2226,2224),(2227,2224),(2228,2224),(2229,2224),(2217,2230),(2231,2230),(2232,2230),(2233,2230),(2234,2230),(2235,2230),(2217,2236),(2237,2236),(2238,2236),(2239,2236),(2240,2236),(2241,2236),(2217,2242),(2243,2242),(2244,2242),(2245,2242),(2246,2242),(2247,2242),(2217,2248),(2249,2248),(2250,2248),(2251,2248),(2252,2248),(2253,2248),(2255,2256),(2257,2256),(2258,2256),(2259,2256),(2260,2256),(2261,2256),(2255,2262),(2263,2262),(2264,2262),(2265,2262),(2266,2262),(2267,2262),(2269,2270),(2271,2270),(2272,2270),(2273,2270),(2274,2270),(2275,2270),(2269,2276),(2277,2276),(2278,2276),(2279,2276),(2280,2276),(2281,2276),(2283,2284),(2285,2284),(2286,2284),(2287,2284),(2288,2284),(2289,2284),(2283,2290),(2291,2290),(2292,2290),(2293,2290),(2294,2290),(2295,2290),(2283,2296),(2297,2296),(2298,2296),(2299,2296),(2300,2296),(2301,2296),(2283,2302),(2303,2302),(2304,2302),(2305,2302),(2306,2302),(2307,2302),(2283,2308),(2309,2308),(2310,2308),(2311,2308),(2312,2308),(2313,2308),(2283,2314),(2315,2314),(2316,2314),(2317,2314),(2318,2314),(2319,2314),(2283,2320),(2321,2320),(2322,2320),(2323,2320),(2324,2320),(2325,2320),(2283,2326),(2327,2326),(2328,2326),(2329,2326),(2330,2326),(2331,2326),(2333,2334),(2335,2334),(2336,2334),(2337,2334),(2338,2334),(2339,2334),(2333,2340),(2341,2340),(2342,2340),(2343,2340),(2344,2340),(2345,2340),(2333,2346),(2347,2346),(2348,2346),(2349,2346),(2350,2346),(2351,2346),(2333,2352),(2353,2352),(2354,2352),(2355,2352),(2356,2352),(2357,2352),(2333,2358),(2359,2358),(2360,2358),(2361,2358),(2362,2358),(2363,2358),(2333,2364),(2365,2364),(2366,2364),(2367,2364),(2368,2364),(2369,2364),(2333,2370),(2371,2370),(2372,2370),(2373,2370),(2374,2370),(2375,2370),(2333,2376),(2377,2376),(2378,2376),(2379,2376),(2380,2376),(2381,2376),(2333,2382),(2383,2382),(2384,2382),(2385,2382),(2386,2382),(2387,2382);
CREATE TABLE `requires` (
  `Route_id` integer NOT NULL
,  `Sensor_id` integer NOT NULL
,  PRIMARY KEY (`Route_id`,`Sensor_id`)
);
INSERT INTO `requires` VALUES (3,6),(3,12),(3,18),(3,24),(3,30),(3,36),(3,42),(50,53),(50,59),(50,65),(50,71),(50,77),(50,83),(50,89),(50,95),(50,103),(50,109),(50,115),(50,121),(50,127),(50,133),(50,139),(50,145),(50,151),(159,162),(159,168),(159,174),(159,180),(159,188),(159,194),(159,200),(159,206),(159,212),(159,220),(159,226),(159,232),(159,240),(159,246),(159,252),(159,258),(159,264),(159,270),(159,276),(159,282),(290,293),(290,299),(290,305),(290,311),(290,317),(290,323),(290,329),(290,335),(290,341),(349,352),(349,358),(349,364),(349,370),(349,376),(349,382),(349,388),(349,394),(349,400),(349,408),(349,414),(349,420),(349,426),(349,432),(349,438),(349,444),(349,450),(349,456),(349,464),(349,472),(349,478),(349,484),(349,490),(349,496),(349,502),(349,508),(349,514),(349,520),(349,528),(349,534),(349,540),(349,546),(349,552),(349,558),(349,564),(349,570),(349,576),(349,584),(349,590),(349,596),(349,602),(349,608),(349,616),(349,624),(349,630),(349,636),(349,642),(349,648),(349,654),(349,660),(349,666),(349,672),(349,680),(349,686),(349,692),(349,698),(349,704),(349,710),(349,716),(349,724),(349,730),(349,736),(349,742),(349,748),(756,759),(756,765),(756,771),(756,777),(756,783),(756,789),(756,795),(756,803),(756,809),(756,815),(756,821),(756,827),(756,833),(756,839),(756,845),(756,851),(756,859),(756,865),(756,871),(756,877),(756,883),(756,891),(756,897),(756,903),(756,911),(756,917),(756,923),(756,929),(756,935),(756,941),(756,947),(756,953),(756,959),(756,967),(756,973),(756,979),(756,985),(756,991),(756,997),(756,1003),(756,1009),(756,1017),(756,1025),(756,1031),(756,1037),(756,1043),(756,1051),(756,1057),(756,1063),(756,1071),(756,1079),(756,1085),(756,1091),(756,1097),(756,1105),(756,1111),(756,1117),(756,1123),(756,1129),(756,1137),(756,1143),(756,1149),(756,1157),(756,1163),(756,1169),(756,1175),(756,1181),(756,1187),(756,1195),(756,1201),(756,1207),(756,1213),(756,1219),(756,1225),(756,1231),(1239,1242),(1239,1248),(1239,1254),(1239,1260),(1239,1266),(1239,1272),(1239,1278),(1239,1286),(1239,1292),(1239,1298),(1239,1304),(1239,1310),(1239,1318),(1239,1324),(1239,1330),(1239,1336),(1239,1342),(1239,1350),(1239,1356),(1239,1362),(1239,1368),(1239,1374),(1239,1380),(1239,1386),(1239,1392),(1239,1400),(1239,1406),(1239,1412),(1239,1418),(1239,1424),(1239,1430),(1239,1438),(1239,1444),(1239,1450),(1239,1456),(1239,1462),(1239,1468),(1239,1474),(1239,1480),(1239,1486),(1239,1494),(1239,1500),(1239,1506),(1239,1514),(1239,1520),(1239,1526),(1239,1532),(1239,1538),(1239,1544),(1239,1550),(1239,1556),(1239,1564),(1239,1570),(1239,1576),(1239,1582),(1239,1590),(1239,1596),(1239,1602),(1239,1608),(1239,1614),(1239,1622),(1239,1628),(1239,1634),(1239,1640),(1239,1646),(1239,1652),(1239,1658),(1239,1664),(1672,1675),(1672,1681),(1672,1687),(1672,1693),(1672,1699),(1672,1707),(1672,1715),(1672,1721),(1672,1727),(1672,1733),(1672,1739),(1672,1745),(1672,1751),(1672,1759),(1767,1770),(1767,1776),(1767,1782),(1767,1788),(1767,1794),(1767,1800),(1767,1806),(1767,1812),(1767,1818),(1767,1826),(1767,1832),(1767,1840),(1767,1846),(1767,1852),(1767,1858),(1767,1864),(1767,1870),(1767,1876),(1767,1882),(1767,1888),(1767,1896),(1767,1902),(1767,1908),(1767,1914),(1767,1922),(1767,1930),(1767,1936),(1767,1942),(1767,1950),(1767,1956),(1767,1962),(1767,1970),(1767,1976),(1767,1984),(1767,1990),(1767,1996),(1767,2004),(1767,2010),(1767,2016),(1767,2022),(1767,2028),(1767,2034),(1767,2042),(1767,2048),(1767,2056),(1767,2062),(1767,2070),(1767,2076),(1767,2084),(1767,2090),(1767,2096),(1767,2102),(1767,2108),(1767,2114),(1767,2120),(1767,2126),(2133,2136),(2133,2142),(2133,2148),(2133,2154),(2133,2162),(2133,2168),(2133,2174),(2133,2180),(2133,2186),(2133,2192),(2133,2198),(2133,2204),(2133,2210),(2133,2218),(2133,2224),(2133,2230),(2133,2236),(2133,2242),(2133,2248),(2133,2256),(2133,2262),(2133,2270),(2133,2276),(2133,2284),(2133,2290),(2133,2296),(2133,2302),(2133,2308),(2133,2314),(2133,2320),(2133,2326),(2133,2334),(2133,2340),(2133,2346),(2133,2352),(2133,2358),(2133,2364),(2133,2370),(2133,2376),(2133,2382);
CREATE INDEX "idx_connectsTo_connectsTo_idx1" ON "connectsTo" (`TrackElement1_id`);
CREATE INDEX "idx_connectsTo_connectsTo_idx2" ON "connectsTo" (`TrackElement2_id`);
CREATE INDEX "idx_Route_route_active_idx" ON "Route" (`active`);
CREATE INDEX "idx_Semaphore_semaphore_signal_idx" ON "Semaphore" (`signal`);
CREATE INDEX "idx_Segment_segment_length_idx" ON "Segment" (`length`);
CREATE INDEX "idx_monitoredBy_monitoredBy_idx" ON "monitoredBy" (`Sensor_id`,`TrackElement_id`);
END TRANSACTION;
