--
-- Database: `trainbenchmark`
--

-- 512 Mb
SET max_heap_table_size=536870912;

DROP DATABASE IF EXISTS `trainbenchmark`;
CREATE DATABASE `trainbenchmark`;
USE `trainbenchmark`;

SET AUTOCOMMIT=0;
-- --------------------------------------------------------

--
-- Table structure: `Route`
--

CREATE TABLE IF NOT EXISTS `Route` (
  `id` bigint NOT NULL AUTO_INCREMENT,
  `Route_entry` bigint,
  `Route_exit` bigint,
  PRIMARY KEY  (`id`)
) DEFAULT CHARSET=utf8 AUTO_INCREMENT=1 ENGINE=MEMORY;

-- --------------------------------------------------------

--
-- Table structure: `Route_routeDefinition`
--

CREATE TABLE IF NOT EXISTS `Route_routeDefinition` (
  `Route_id` bigint NOT NULL,
  `Sensor_id` bigint NOT NULL
) DEFAULT CHARSET=utf8 ENGINE=MEMORY;

-- --------------------------------------------------------

--
-- Table structure: `Segment`
--

CREATE TABLE IF NOT EXISTS `Segment` (
  `id` bigint NOT NULL AUTO_INCREMENT,
  `Segment_length` bigint NOT NULL,
  PRIMARY KEY  (`id`)
) DEFAULT CHARSET=utf8 ENGINE=MEMORY;

-- --------------------------------------------------------

--
-- Table structure: `Sensor`
--

CREATE TABLE IF NOT EXISTS `Sensor` (
  `id` bigint NOT NULL AUTO_INCREMENT,
  PRIMARY KEY  (`id`)
) DEFAULT CHARSET=utf8 AUTO_INCREMENT=1 ENGINE=MEMORY;

-- --------------------------------------------------------

--
-- Table structure: `TrackElement_sensor`
--

CREATE TABLE IF NOT EXISTS `TrackElement_sensor` (
  `TrackElement_id` bigint NOT NULL,
  `Sensor_id` bigint NOT NULL
) DEFAULT CHARSET=utf8 ENGINE=MEMORY;

-- --------------------------------------------------------

--
-- Table structure: `Signal`
--

CREATE TABLE IF NOT EXISTS `Signal` (
  `id` bigint NOT NULL AUTO_INCREMENT,
  `Signal_currentState` bigint NOT NULL,
  PRIMARY KEY  (`id`)
) DEFAULT CHARSET=utf8 AUTO_INCREMENT=1 ENGINE=MEMORY;

-- --------------------------------------------------------

--
-- Table structure: `SignalStateKind`
--

CREATE TABLE IF NOT EXISTS `SignalStateKind` (
  `id` bigint NOT NULL AUTO_INCREMENT,
  `text` varchar(32) NOT NULL,
  PRIMARY KEY  (`id`)
) DEFAULT CHARSET=utf8 AUTO_INCREMENT=6 ENGINE=MEMORY;

--
-- Filling table `SignalStateKind`
--

INSERT INTO `SignalStateKind` (`id`, `text`) VALUES
(1, 'SignalStateKind_STOP'),
(2, 'SignalStateKind_FAILURE'),
(3, 'SignalStateKind_GO');

-- --------------------------------------------------------

--
-- Table structure: `Switch`
--

CREATE TABLE IF NOT EXISTS `Switch` (
  `id` bigint NOT NULL AUTO_INCREMENT,
  `Switch_currentState` bigint NOT NULL,
  PRIMARY KEY  (`id`)
) DEFAULT CHARSET=utf8 ENGINE=MEMORY;

-- --------------------------------------------------------

--
-- Table structure: `SwitchPosition`
--

CREATE TABLE IF NOT EXISTS `SwitchPosition` (
  `id` bigint NOT NULL AUTO_INCREMENT,
  `Route_switchPosition` bigint NOT NULL,
  `SwitchPosition_switch` bigint NOT NULL,
  `SwitchPosition_switchState` bigint NOT NULL,
  PRIMARY KEY  (`id`)
) DEFAULT CHARSET=utf8 AUTO_INCREMENT=1 ENGINE=MEMORY;

-- --------------------------------------------------------

--
-- Table structure: `SwitchStateKind`
--

CREATE TABLE IF NOT EXISTS `SwitchStateKind` (
  `id` bigint NOT NULL AUTO_INCREMENT,
  `text` varchar(32) NOT NULL,
  PRIMARY KEY  (`id`)
) DEFAULT CHARSET=utf8 AUTO_INCREMENT=8 ENGINE=MEMORY;

--
-- Filling table `SwitchStateKind`
--

INSERT INTO `SwitchStateKind` (`id`, `text`) VALUES
(1, 'PointStateKind_FAILURE'),
(2, 'PointStateKind_LEFT'),
(3, 'PointStateKind_RIGHT'),
(4, 'PointStateKind_STRAIGHT');

-- --------------------------------------------------------

--
-- Table structure: `TrackElement`
--

CREATE TABLE IF NOT EXISTS `TrackElement` (
  `id` bigint NOT NULL AUTO_INCREMENT,
  PRIMARY KEY  (`id`)
) DEFAULT CHARSET=utf8 AUTO_INCREMENT=1 ENGINE=MEMORY;

-- --------------------------------------------------------

--
-- Table structure: `TrackElement_connectsTo`
--

CREATE TABLE IF NOT EXISTS `TrackElement_connectsTo` (
  `TrackElement_id` bigint NOT NULL,
  `TrackElement_id_connectsTo` bigint NOT NULL
) DEFAULT CHARSET=utf8 ENGINE=MEMORY;

INSERT INTO `Signal` (`id`, `Signal_currentState`) VALUES (1, 2);
INSERT INTO `Signal` (`id`, `Signal_currentState`) VALUES (2, 2);
INSERT INTO `Route` (`id`, `Route_entry`, `Route_exit`) VALUES (3, NULL, 2);
INSERT INTO `TrackElement` VALUES (4);
INSERT INTO `Switch` (`id`) VALUES (4);
INSERT INTO `Sensor` (`id`) VALUES (5);
INSERT INTO `TrackElement_sensor` VALUES (4, 5);
INSERT INTO `Route_routeDefinition` VALUES (3, 5);
INSERT INTO `TrackElement` VALUES (6);
INSERT INTO `Segment` (`id`, `Segment_length`) VALUES (6, 460);
INSERT INTO `TrackElement_sensor` VALUES (6, 5);
INSERT INTO `TrackElement` VALUES (7);
INSERT INTO `Segment` (`id`, `Segment_length`) VALUES (7, 878);
INSERT INTO `TrackElement_sensor` VALUES (7, 5);
INSERT INTO `TrackElement` VALUES (8);
INSERT INTO `Segment` (`id`, `Segment_length`) VALUES (8, 828);
INSERT INTO `TrackElement_sensor` VALUES (8, 5);
INSERT INTO `TrackElement` VALUES (9);
INSERT INTO `Segment` (`id`, `Segment_length`) VALUES (9, 731);
INSERT INTO `TrackElement_sensor` VALUES (9, 5);
INSERT INTO `TrackElement` VALUES (10);
INSERT INTO `Segment` (`id`, `Segment_length`) VALUES (10, 856);
INSERT INTO `TrackElement_sensor` VALUES (10, 5);
INSERT INTO `Sensor` (`id`) VALUES (11);
INSERT INTO `TrackElement` VALUES (12);
INSERT INTO `Segment` (`id`, `Segment_length`) VALUES (12, -136);
INSERT INTO `TrackElement_sensor` VALUES (12, 11);
INSERT INTO `TrackElement` VALUES (13);
INSERT INTO `Segment` (`id`, `Segment_length`) VALUES (13, 493);
INSERT INTO `TrackElement_sensor` VALUES (13, 11);
INSERT INTO `TrackElement` VALUES (14);
INSERT INTO `Segment` (`id`, `Segment_length`) VALUES (14, -978);
INSERT INTO `TrackElement_sensor` VALUES (14, 11);
INSERT INTO `TrackElement` VALUES (15);
INSERT INTO `Segment` (`id`, `Segment_length`) VALUES (15, 814);
INSERT INTO `TrackElement_sensor` VALUES (15, 11);
INSERT INTO `TrackElement` VALUES (16);
INSERT INTO `Segment` (`id`, `Segment_length`) VALUES (16, 812);
INSERT INTO `TrackElement_sensor` VALUES (16, 11);
INSERT INTO `Sensor` (`id`) VALUES (17);
INSERT INTO `TrackElement_sensor` VALUES (4, 17);
INSERT INTO `Route_routeDefinition` VALUES (3, 17);
INSERT INTO `TrackElement` VALUES (18);
INSERT INTO `Segment` (`id`, `Segment_length`) VALUES (18, 967);
INSERT INTO `TrackElement_sensor` VALUES (18, 17);
INSERT INTO `TrackElement` VALUES (19);
INSERT INTO `Segment` (`id`, `Segment_length`) VALUES (19, 196);
INSERT INTO `TrackElement_sensor` VALUES (19, 17);
INSERT INTO `TrackElement` VALUES (20);
INSERT INTO `Segment` (`id`, `Segment_length`) VALUES (20, 323);
INSERT INTO `TrackElement_sensor` VALUES (20, 17);
INSERT INTO `TrackElement` VALUES (21);
INSERT INTO `Segment` (`id`, `Segment_length`) VALUES (21, 644);
INSERT INTO `TrackElement_sensor` VALUES (21, 17);
INSERT INTO `TrackElement` VALUES (22);
INSERT INTO `Segment` (`id`, `Segment_length`) VALUES (22, 516);
INSERT INTO `TrackElement_sensor` VALUES (22, 17);
INSERT INTO `Sensor` (`id`) VALUES (23);
INSERT INTO `TrackElement_sensor` VALUES (4, 23);
INSERT INTO `Route_routeDefinition` VALUES (3, 23);
INSERT INTO `TrackElement` VALUES (24);
INSERT INTO `Segment` (`id`, `Segment_length`) VALUES (24, 211);
INSERT INTO `TrackElement_sensor` VALUES (24, 23);
INSERT INTO `TrackElement` VALUES (25);
INSERT INTO `Segment` (`id`, `Segment_length`) VALUES (25, 993);
INSERT INTO `TrackElement_sensor` VALUES (25, 23);
INSERT INTO `TrackElement` VALUES (26);
INSERT INTO `Segment` (`id`, `Segment_length`) VALUES (26, 471);
INSERT INTO `TrackElement_sensor` VALUES (26, 23);
INSERT INTO `TrackElement` VALUES (27);
INSERT INTO `Segment` (`id`, `Segment_length`) VALUES (27, 678);
INSERT INTO `TrackElement_sensor` VALUES (27, 23);
INSERT INTO `TrackElement` VALUES (28);
INSERT INTO `Segment` (`id`, `Segment_length`) VALUES (28, 744);
INSERT INTO `TrackElement_sensor` VALUES (28, 23);
INSERT INTO `Sensor` (`id`) VALUES (29);
INSERT INTO `TrackElement_sensor` VALUES (4, 29);
INSERT INTO `Route_routeDefinition` VALUES (3, 29);
INSERT INTO `TrackElement` VALUES (30);
INSERT INTO `Segment` (`id`, `Segment_length`) VALUES (30, 541);
INSERT INTO `TrackElement_sensor` VALUES (30, 29);
INSERT INTO `TrackElement` VALUES (31);
INSERT INTO `Segment` (`id`, `Segment_length`) VALUES (31, 654);
INSERT INTO `TrackElement_sensor` VALUES (31, 29);
INSERT INTO `TrackElement` VALUES (32);
INSERT INTO `Segment` (`id`, `Segment_length`) VALUES (32, 987);
INSERT INTO `TrackElement_sensor` VALUES (32, 29);
INSERT INTO `TrackElement` VALUES (33);
INSERT INTO `Segment` (`id`, `Segment_length`) VALUES (33, 482);
INSERT INTO `TrackElement_sensor` VALUES (33, 29);
INSERT INTO `TrackElement` VALUES (34);
INSERT INTO `Segment` (`id`, `Segment_length`) VALUES (34, 635);
INSERT INTO `TrackElement_sensor` VALUES (34, 29);
INSERT INTO `Sensor` (`id`) VALUES (35);
INSERT INTO `TrackElement_sensor` VALUES (4, 35);
INSERT INTO `Route_routeDefinition` VALUES (3, 35);
INSERT INTO `TrackElement` VALUES (36);
INSERT INTO `Segment` (`id`, `Segment_length`) VALUES (36, 428);
INSERT INTO `TrackElement_sensor` VALUES (36, 35);
INSERT INTO `TrackElement` VALUES (37);
INSERT INTO `Segment` (`id`, `Segment_length`) VALUES (37, 891);
INSERT INTO `TrackElement_sensor` VALUES (37, 35);
INSERT INTO `TrackElement` VALUES (38);
INSERT INTO `Segment` (`id`, `Segment_length`) VALUES (38, 148);
INSERT INTO `TrackElement_sensor` VALUES (38, 35);
INSERT INTO `TrackElement` VALUES (39);
INSERT INTO `Segment` (`id`, `Segment_length`) VALUES (39, 208);
INSERT INTO `TrackElement_sensor` VALUES (39, 35);
INSERT INTO `TrackElement` VALUES (40);
INSERT INTO `Segment` (`id`, `Segment_length`) VALUES (40, 720);
INSERT INTO `TrackElement_sensor` VALUES (40, 35);
INSERT INTO `Sensor` (`id`) VALUES (41);
INSERT INTO `TrackElement_sensor` VALUES (4, 41);
INSERT INTO `Route_routeDefinition` VALUES (3, 41);
INSERT INTO `TrackElement` VALUES (42);
INSERT INTO `Segment` (`id`, `Segment_length`) VALUES (42, 852);
INSERT INTO `TrackElement_sensor` VALUES (42, 41);
INSERT INTO `TrackElement` VALUES (43);
INSERT INTO `Segment` (`id`, `Segment_length`) VALUES (43, 559);
INSERT INTO `TrackElement_sensor` VALUES (43, 41);
INSERT INTO `TrackElement` VALUES (44);
INSERT INTO `Segment` (`id`, `Segment_length`) VALUES (44, 189);
INSERT INTO `TrackElement_sensor` VALUES (44, 41);
INSERT INTO `TrackElement` VALUES (45);
INSERT INTO `Segment` (`id`, `Segment_length`) VALUES (45, 763);
INSERT INTO `TrackElement_sensor` VALUES (45, 41);
INSERT INTO `TrackElement` VALUES (46);
INSERT INTO `Segment` (`id`, `Segment_length`) VALUES (46, 871);
INSERT INTO `TrackElement_sensor` VALUES (46, 41);
UPDATE `Switch` SET `Switch_currentState` = 0 WHERE `id` = 4;
INSERT INTO `SwitchPosition` (`id`, `SwitchPosition_switchState`, `SwitchPosition_switch`, `Route_switchPosition`) VALUES (47, 0, 4, 3);
INSERT INTO `TrackElement` VALUES (48);
INSERT INTO `Switch` (`id`) VALUES (48);
UPDATE `Switch` SET `Switch_currentState` = 0 WHERE `id` = 48;
INSERT INTO `SwitchPosition` (`id`, `SwitchPosition_switchState`, `SwitchPosition_switch`, `Route_switchPosition`) VALUES (49, 0, 48, 3);
INSERT INTO `TrackElement` VALUES (50);
INSERT INTO `Switch` (`id`) VALUES (50);
INSERT INTO `Sensor` (`id`) VALUES (51);
INSERT INTO `TrackElement_sensor` VALUES (50, 51);
INSERT INTO `Route_routeDefinition` VALUES (3, 51);
INSERT INTO `TrackElement` VALUES (52);
INSERT INTO `Segment` (`id`, `Segment_length`) VALUES (52, 691);
INSERT INTO `TrackElement_sensor` VALUES (52, 51);
INSERT INTO `TrackElement` VALUES (53);
INSERT INTO `Segment` (`id`, `Segment_length`) VALUES (53, -589);
INSERT INTO `TrackElement_sensor` VALUES (53, 51);
INSERT INTO `TrackElement` VALUES (54);
INSERT INTO `Segment` (`id`, `Segment_length`) VALUES (54, 895);
INSERT INTO `TrackElement_sensor` VALUES (54, 51);
INSERT INTO `TrackElement` VALUES (55);
INSERT INTO `Segment` (`id`, `Segment_length`) VALUES (55, 324);
INSERT INTO `TrackElement_sensor` VALUES (55, 51);
INSERT INTO `TrackElement` VALUES (56);
INSERT INTO `Segment` (`id`, `Segment_length`) VALUES (56, 799);
INSERT INTO `TrackElement_sensor` VALUES (56, 51);
UPDATE `Switch` SET `Switch_currentState` = 3 WHERE `id` = 50;
INSERT INTO `SwitchPosition` (`id`, `SwitchPosition_switchState`, `SwitchPosition_switch`, `Route_switchPosition`) VALUES (57, 3, 50, 3);
INSERT INTO `TrackElement` VALUES (58);
INSERT INTO `Switch` (`id`) VALUES (58);
INSERT INTO `Sensor` (`id`) VALUES (59);
INSERT INTO `TrackElement_sensor` VALUES (58, 59);
INSERT INTO `Route_routeDefinition` VALUES (3, 59);
INSERT INTO `TrackElement` VALUES (60);
INSERT INTO `Segment` (`id`, `Segment_length`) VALUES (60, 219);
INSERT INTO `TrackElement_sensor` VALUES (60, 59);
INSERT INTO `TrackElement` VALUES (61);
INSERT INTO `Segment` (`id`, `Segment_length`) VALUES (61, 928);
INSERT INTO `TrackElement_sensor` VALUES (61, 59);
INSERT INTO `TrackElement` VALUES (62);
INSERT INTO `Segment` (`id`, `Segment_length`) VALUES (62, 151);
INSERT INTO `TrackElement_sensor` VALUES (62, 59);
INSERT INTO `TrackElement` VALUES (63);
INSERT INTO `Segment` (`id`, `Segment_length`) VALUES (63, 885);
INSERT INTO `TrackElement_sensor` VALUES (63, 59);
INSERT INTO `TrackElement` VALUES (64);
INSERT INTO `Segment` (`id`, `Segment_length`) VALUES (64, 22);
INSERT INTO `TrackElement_sensor` VALUES (64, 59);
INSERT INTO `Sensor` (`id`) VALUES (65);
INSERT INTO `TrackElement_sensor` VALUES (58, 65);
INSERT INTO `Route_routeDefinition` VALUES (3, 65);
INSERT INTO `TrackElement` VALUES (66);
INSERT INTO `Segment` (`id`, `Segment_length`) VALUES (66, 436);
INSERT INTO `TrackElement_sensor` VALUES (66, 65);
INSERT INTO `TrackElement` VALUES (67);
INSERT INTO `Segment` (`id`, `Segment_length`) VALUES (67, 374);
INSERT INTO `TrackElement_sensor` VALUES (67, 65);
INSERT INTO `TrackElement` VALUES (68);
INSERT INTO `Segment` (`id`, `Segment_length`) VALUES (68, 941);
INSERT INTO `TrackElement_sensor` VALUES (68, 65);
INSERT INTO `TrackElement` VALUES (69);
INSERT INTO `Segment` (`id`, `Segment_length`) VALUES (69, 17);
INSERT INTO `TrackElement_sensor` VALUES (69, 65);
INSERT INTO `TrackElement` VALUES (70);
INSERT INTO `Segment` (`id`, `Segment_length`) VALUES (70, 487);
INSERT INTO `TrackElement_sensor` VALUES (70, 65);
INSERT INTO `TrackElement` VALUES (71);
INSERT INTO `Segment` (`id`, `Segment_length`) VALUES (71, 436);
INSERT INTO `TrackElement_sensor` VALUES (71, 65);
INSERT INTO `Sensor` (`id`) VALUES (72);
INSERT INTO `TrackElement_sensor` VALUES (58, 72);
INSERT INTO `TrackElement` VALUES (73);
INSERT INTO `Segment` (`id`, `Segment_length`) VALUES (73, 624);
INSERT INTO `TrackElement_sensor` VALUES (73, 72);
INSERT INTO `TrackElement` VALUES (74);
INSERT INTO `Segment` (`id`, `Segment_length`) VALUES (74, 110);
INSERT INTO `TrackElement_sensor` VALUES (74, 72);
INSERT INTO `TrackElement` VALUES (75);
INSERT INTO `Segment` (`id`, `Segment_length`) VALUES (75, 756);
INSERT INTO `TrackElement_sensor` VALUES (75, 72);
INSERT INTO `TrackElement` VALUES (76);
INSERT INTO `Segment` (`id`, `Segment_length`) VALUES (76, 710);
INSERT INTO `TrackElement_sensor` VALUES (76, 72);
INSERT INTO `TrackElement` VALUES (77);
INSERT INTO `Segment` (`id`, `Segment_length`) VALUES (77, 739);
INSERT INTO `TrackElement_sensor` VALUES (77, 72);
INSERT INTO `Sensor` (`id`) VALUES (78);
INSERT INTO `TrackElement_sensor` VALUES (58, 78);
INSERT INTO `Route_routeDefinition` VALUES (3, 78);
INSERT INTO `TrackElement` VALUES (79);
INSERT INTO `Segment` (`id`, `Segment_length`) VALUES (79, 455);
INSERT INTO `TrackElement_sensor` VALUES (79, 78);
INSERT INTO `TrackElement` VALUES (80);
INSERT INTO `Segment` (`id`, `Segment_length`) VALUES (80, 433);
INSERT INTO `TrackElement_sensor` VALUES (80, 78);
INSERT INTO `TrackElement` VALUES (81);
INSERT INTO `Segment` (`id`, `Segment_length`) VALUES (81, 612);
INSERT INTO `TrackElement_sensor` VALUES (81, 78);
INSERT INTO `TrackElement` VALUES (82);
INSERT INTO `Segment` (`id`, `Segment_length`) VALUES (82, 800);
INSERT INTO `TrackElement_sensor` VALUES (82, 78);
INSERT INTO `TrackElement` VALUES (83);
INSERT INTO `Segment` (`id`, `Segment_length`) VALUES (83, 385);
INSERT INTO `TrackElement_sensor` VALUES (83, 78);
UPDATE `Switch` SET `Switch_currentState` = 2 WHERE `id` = 58;
INSERT INTO `SwitchPosition` (`id`, `SwitchPosition_switchState`, `SwitchPosition_switch`, `Route_switchPosition`) VALUES (84, 1, 58, 3);
INSERT INTO `TrackElement` VALUES (85);
INSERT INTO `Switch` (`id`) VALUES (85);
INSERT INTO `Sensor` (`id`) VALUES (86);
INSERT INTO `TrackElement_sensor` VALUES (85, 86);
INSERT INTO `Route_routeDefinition` VALUES (3, 86);
INSERT INTO `TrackElement` VALUES (87);
INSERT INTO `Segment` (`id`, `Segment_length`) VALUES (87, 608);
INSERT INTO `TrackElement_sensor` VALUES (87, 86);
INSERT INTO `TrackElement` VALUES (88);
INSERT INTO `Segment` (`id`, `Segment_length`) VALUES (88, 485);
INSERT INTO `TrackElement_sensor` VALUES (88, 86);
INSERT INTO `TrackElement` VALUES (89);
INSERT INTO `Segment` (`id`, `Segment_length`) VALUES (89, 920);
INSERT INTO `TrackElement_sensor` VALUES (89, 86);
INSERT INTO `TrackElement` VALUES (90);
INSERT INTO `Segment` (`id`, `Segment_length`) VALUES (90, 328);
INSERT INTO `TrackElement_sensor` VALUES (90, 86);
INSERT INTO `TrackElement` VALUES (91);
INSERT INTO `Segment` (`id`, `Segment_length`) VALUES (91, 702);
INSERT INTO `TrackElement_sensor` VALUES (91, 86);
INSERT INTO `Sensor` (`id`) VALUES (92);
INSERT INTO `TrackElement_sensor` VALUES (85, 92);
INSERT INTO `Route_routeDefinition` VALUES (3, 92);
INSERT INTO `TrackElement` VALUES (93);
INSERT INTO `Segment` (`id`, `Segment_length`) VALUES (93, 590);
INSERT INTO `TrackElement_sensor` VALUES (93, 92);
INSERT INTO `TrackElement` VALUES (94);
INSERT INTO `Segment` (`id`, `Segment_length`) VALUES (94, 546);
INSERT INTO `TrackElement_sensor` VALUES (94, 92);
INSERT INTO `TrackElement` VALUES (95);
INSERT INTO `Segment` (`id`, `Segment_length`) VALUES (95, 256);
INSERT INTO `TrackElement_sensor` VALUES (95, 92);
INSERT INTO `TrackElement` VALUES (96);
INSERT INTO `Segment` (`id`, `Segment_length`) VALUES (96, 487);
INSERT INTO `TrackElement_sensor` VALUES (96, 92);
INSERT INTO `TrackElement` VALUES (97);
INSERT INTO `Segment` (`id`, `Segment_length`) VALUES (97, 365);
INSERT INTO `TrackElement_sensor` VALUES (97, 92);
INSERT INTO `Sensor` (`id`) VALUES (98);
INSERT INTO `TrackElement_sensor` VALUES (85, 98);
INSERT INTO `TrackElement` VALUES (99);
INSERT INTO `Segment` (`id`, `Segment_length`) VALUES (99, -984);
INSERT INTO `TrackElement_sensor` VALUES (99, 98);
INSERT INTO `TrackElement` VALUES (100);
INSERT INTO `Segment` (`id`, `Segment_length`) VALUES (100, 301);
INSERT INTO `TrackElement_sensor` VALUES (100, 98);
INSERT INTO `TrackElement` VALUES (101);
INSERT INTO `Segment` (`id`, `Segment_length`) VALUES (101, 592);
INSERT INTO `TrackElement_sensor` VALUES (101, 98);
INSERT INTO `TrackElement` VALUES (102);
INSERT INTO `Segment` (`id`, `Segment_length`) VALUES (102, 569);
INSERT INTO `TrackElement_sensor` VALUES (102, 98);
INSERT INTO `TrackElement` VALUES (103);
INSERT INTO `Segment` (`id`, `Segment_length`) VALUES (103, 948);
INSERT INTO `TrackElement_sensor` VALUES (103, 98);
INSERT INTO `Sensor` (`id`) VALUES (104);
INSERT INTO `TrackElement_sensor` VALUES (85, 104);
INSERT INTO `Route_routeDefinition` VALUES (3, 104);
INSERT INTO `TrackElement` VALUES (105);
INSERT INTO `Segment` (`id`, `Segment_length`) VALUES (105, 930);
INSERT INTO `TrackElement_sensor` VALUES (105, 104);
INSERT INTO `TrackElement` VALUES (106);
INSERT INTO `Segment` (`id`, `Segment_length`) VALUES (106, 118);
INSERT INTO `TrackElement_sensor` VALUES (106, 104);
INSERT INTO `TrackElement` VALUES (107);
INSERT INTO `Segment` (`id`, `Segment_length`) VALUES (107, 341);
INSERT INTO `TrackElement_sensor` VALUES (107, 104);
INSERT INTO `TrackElement` VALUES (108);
INSERT INTO `Segment` (`id`, `Segment_length`) VALUES (108, 985);
INSERT INTO `TrackElement_sensor` VALUES (108, 104);
INSERT INTO `TrackElement` VALUES (109);
INSERT INTO `Segment` (`id`, `Segment_length`) VALUES (109, 797);
INSERT INTO `TrackElement_sensor` VALUES (109, 104);
INSERT INTO `Sensor` (`id`) VALUES (110);
INSERT INTO `TrackElement_sensor` VALUES (85, 110);
INSERT INTO `TrackElement` VALUES (111);
INSERT INTO `Segment` (`id`, `Segment_length`) VALUES (111, 906);
INSERT INTO `TrackElement_sensor` VALUES (111, 110);
INSERT INTO `TrackElement` VALUES (112);
INSERT INTO `Segment` (`id`, `Segment_length`) VALUES (112, 117);
INSERT INTO `TrackElement_sensor` VALUES (112, 110);
INSERT INTO `TrackElement` VALUES (113);
INSERT INTO `Segment` (`id`, `Segment_length`) VALUES (113, 532);
INSERT INTO `TrackElement_sensor` VALUES (113, 110);
INSERT INTO `TrackElement` VALUES (114);
INSERT INTO `Segment` (`id`, `Segment_length`) VALUES (114, 509);
INSERT INTO `TrackElement_sensor` VALUES (114, 110);
INSERT INTO `TrackElement` VALUES (115);
INSERT INTO `Segment` (`id`, `Segment_length`) VALUES (115, 297);
INSERT INTO `TrackElement_sensor` VALUES (115, 110);
INSERT INTO `Sensor` (`id`) VALUES (116);
INSERT INTO `TrackElement_sensor` VALUES (85, 116);
INSERT INTO `Route_routeDefinition` VALUES (3, 116);
INSERT INTO `TrackElement` VALUES (117);
INSERT INTO `Segment` (`id`, `Segment_length`) VALUES (117, 739);
INSERT INTO `TrackElement_sensor` VALUES (117, 116);
INSERT INTO `TrackElement` VALUES (118);
INSERT INTO `Segment` (`id`, `Segment_length`) VALUES (118, 896);
INSERT INTO `TrackElement_sensor` VALUES (118, 116);
INSERT INTO `TrackElement` VALUES (119);
INSERT INTO `Segment` (`id`, `Segment_length`) VALUES (119, 684);
INSERT INTO `TrackElement_sensor` VALUES (119, 116);
INSERT INTO `TrackElement` VALUES (120);
INSERT INTO `Segment` (`id`, `Segment_length`) VALUES (120, 629);
INSERT INTO `TrackElement_sensor` VALUES (120, 116);
INSERT INTO `TrackElement` VALUES (121);
INSERT INTO `Segment` (`id`, `Segment_length`) VALUES (121, 808);
INSERT INTO `TrackElement_sensor` VALUES (121, 116);
INSERT INTO `Sensor` (`id`) VALUES (122);
INSERT INTO `TrackElement_sensor` VALUES (85, 122);
INSERT INTO `Route_routeDefinition` VALUES (3, 122);
INSERT INTO `TrackElement` VALUES (123);
INSERT INTO `Segment` (`id`, `Segment_length`) VALUES (123, 90);
INSERT INTO `TrackElement_sensor` VALUES (123, 122);
INSERT INTO `TrackElement` VALUES (124);
INSERT INTO `Segment` (`id`, `Segment_length`) VALUES (124, 962);
INSERT INTO `TrackElement_sensor` VALUES (124, 122);
INSERT INTO `TrackElement` VALUES (125);
INSERT INTO `Segment` (`id`, `Segment_length`) VALUES (125, 801);
INSERT INTO `TrackElement_sensor` VALUES (125, 122);
INSERT INTO `TrackElement` VALUES (126);
INSERT INTO `Segment` (`id`, `Segment_length`) VALUES (126, 401);
INSERT INTO `TrackElement_sensor` VALUES (126, 122);
INSERT INTO `TrackElement` VALUES (127);
INSERT INTO `Segment` (`id`, `Segment_length`) VALUES (127, 336);
INSERT INTO `TrackElement_sensor` VALUES (127, 122);
INSERT INTO `Sensor` (`id`) VALUES (128);
INSERT INTO `TrackElement_sensor` VALUES (85, 128);
INSERT INTO `Route_routeDefinition` VALUES (3, 128);
INSERT INTO `TrackElement` VALUES (129);
INSERT INTO `Segment` (`id`, `Segment_length`) VALUES (129, 835);
INSERT INTO `TrackElement_sensor` VALUES (129, 128);
INSERT INTO `TrackElement` VALUES (130);
INSERT INTO `Segment` (`id`, `Segment_length`) VALUES (130, 578);
INSERT INTO `TrackElement_sensor` VALUES (130, 128);
INSERT INTO `TrackElement` VALUES (131);
INSERT INTO `Segment` (`id`, `Segment_length`) VALUES (131, -217);
INSERT INTO `TrackElement_sensor` VALUES (131, 128);
INSERT INTO `TrackElement` VALUES (132);
INSERT INTO `Segment` (`id`, `Segment_length`) VALUES (132, 190);
INSERT INTO `TrackElement_sensor` VALUES (132, 128);
INSERT INTO `TrackElement` VALUES (133);
INSERT INTO `Segment` (`id`, `Segment_length`) VALUES (133, 609);
INSERT INTO `TrackElement_sensor` VALUES (133, 128);
INSERT INTO `Sensor` (`id`) VALUES (134);
INSERT INTO `TrackElement_sensor` VALUES (85, 134);
INSERT INTO `Route_routeDefinition` VALUES (3, 134);
INSERT INTO `TrackElement` VALUES (135);
INSERT INTO `Segment` (`id`, `Segment_length`) VALUES (135, 922);
INSERT INTO `TrackElement_sensor` VALUES (135, 134);
INSERT INTO `TrackElement` VALUES (136);
INSERT INTO `Segment` (`id`, `Segment_length`) VALUES (136, 626);
INSERT INTO `TrackElement_sensor` VALUES (136, 134);
INSERT INTO `TrackElement` VALUES (137);
INSERT INTO `Segment` (`id`, `Segment_length`) VALUES (137, 698);
INSERT INTO `TrackElement_sensor` VALUES (137, 134);
INSERT INTO `TrackElement` VALUES (138);
INSERT INTO `Segment` (`id`, `Segment_length`) VALUES (138, 10);
INSERT INTO `TrackElement_sensor` VALUES (138, 134);
INSERT INTO `TrackElement` VALUES (139);
INSERT INTO `Segment` (`id`, `Segment_length`) VALUES (139, 13);
INSERT INTO `TrackElement_sensor` VALUES (139, 134);
UPDATE `Switch` SET `Switch_currentState` = 1 WHERE `id` = 85;
INSERT INTO `SwitchPosition` (`id`, `SwitchPosition_switchState`, `SwitchPosition_switch`, `Route_switchPosition`) VALUES (140, 1, 85, 3);
INSERT INTO `TrackElement` VALUES (141);
INSERT INTO `Switch` (`id`) VALUES (141);
INSERT INTO `Sensor` (`id`) VALUES (142);
INSERT INTO `TrackElement_sensor` VALUES (141, 142);
INSERT INTO `Route_routeDefinition` VALUES (3, 142);
INSERT INTO `TrackElement` VALUES (143);
INSERT INTO `Segment` (`id`, `Segment_length`) VALUES (143, 332);
INSERT INTO `TrackElement_sensor` VALUES (143, 142);
INSERT INTO `TrackElement` VALUES (144);
INSERT INTO `Segment` (`id`, `Segment_length`) VALUES (144, 993);
INSERT INTO `TrackElement_sensor` VALUES (144, 142);
INSERT INTO `TrackElement` VALUES (145);
INSERT INTO `Segment` (`id`, `Segment_length`) VALUES (145, 166);
INSERT INTO `TrackElement_sensor` VALUES (145, 142);
INSERT INTO `TrackElement` VALUES (146);
INSERT INTO `Segment` (`id`, `Segment_length`) VALUES (146, 465);
INSERT INTO `TrackElement_sensor` VALUES (146, 142);
INSERT INTO `TrackElement` VALUES (147);
INSERT INTO `Segment` (`id`, `Segment_length`) VALUES (147, 885);
INSERT INTO `TrackElement_sensor` VALUES (147, 142);
INSERT INTO `Sensor` (`id`) VALUES (148);
INSERT INTO `TrackElement_sensor` VALUES (141, 148);
INSERT INTO `TrackElement` VALUES (149);
INSERT INTO `Segment` (`id`, `Segment_length`) VALUES (149, 110);
INSERT INTO `TrackElement_sensor` VALUES (149, 148);
INSERT INTO `TrackElement` VALUES (150);
INSERT INTO `Segment` (`id`, `Segment_length`) VALUES (150, 851);
INSERT INTO `TrackElement_sensor` VALUES (150, 148);
INSERT INTO `TrackElement` VALUES (151);
INSERT INTO `Segment` (`id`, `Segment_length`) VALUES (151, 35);
INSERT INTO `TrackElement_sensor` VALUES (151, 148);
INSERT INTO `TrackElement` VALUES (152);
INSERT INTO `Segment` (`id`, `Segment_length`) VALUES (152, 457);
INSERT INTO `TrackElement_sensor` VALUES (152, 148);
INSERT INTO `TrackElement` VALUES (153);
INSERT INTO `Segment` (`id`, `Segment_length`) VALUES (153, 917);
INSERT INTO `TrackElement_sensor` VALUES (153, 148);
INSERT INTO `Sensor` (`id`) VALUES (154);
INSERT INTO `TrackElement_sensor` VALUES (141, 154);
INSERT INTO `Route_routeDefinition` VALUES (3, 154);
INSERT INTO `TrackElement` VALUES (155);
INSERT INTO `Segment` (`id`, `Segment_length`) VALUES (155, 155);
INSERT INTO `TrackElement_sensor` VALUES (155, 154);
INSERT INTO `TrackElement` VALUES (156);
INSERT INTO `Segment` (`id`, `Segment_length`) VALUES (156, 753);
INSERT INTO `TrackElement_sensor` VALUES (156, 154);
INSERT INTO `TrackElement` VALUES (157);
INSERT INTO `Segment` (`id`, `Segment_length`) VALUES (157, 900);
INSERT INTO `TrackElement_sensor` VALUES (157, 154);
INSERT INTO `TrackElement` VALUES (158);
INSERT INTO `Segment` (`id`, `Segment_length`) VALUES (158, 533);
INSERT INTO `TrackElement_sensor` VALUES (158, 154);
INSERT INTO `TrackElement` VALUES (159);
INSERT INTO `Segment` (`id`, `Segment_length`) VALUES (159, 48);
INSERT INTO `TrackElement_sensor` VALUES (159, 154);
INSERT INTO `Sensor` (`id`) VALUES (160);
INSERT INTO `TrackElement_sensor` VALUES (141, 160);
INSERT INTO `Route_routeDefinition` VALUES (3, 160);
INSERT INTO `TrackElement` VALUES (161);
INSERT INTO `Segment` (`id`, `Segment_length`) VALUES (161, 506);
INSERT INTO `TrackElement_sensor` VALUES (161, 160);
INSERT INTO `TrackElement` VALUES (162);
INSERT INTO `Segment` (`id`, `Segment_length`) VALUES (162, 347);
INSERT INTO `TrackElement_sensor` VALUES (162, 160);
INSERT INTO `TrackElement` VALUES (163);
INSERT INTO `Segment` (`id`, `Segment_length`) VALUES (163, 410);
INSERT INTO `TrackElement_sensor` VALUES (163, 160);
INSERT INTO `TrackElement` VALUES (164);
INSERT INTO `Segment` (`id`, `Segment_length`) VALUES (164, 540);
INSERT INTO `TrackElement_sensor` VALUES (164, 160);
INSERT INTO `TrackElement` VALUES (165);
INSERT INTO `Segment` (`id`, `Segment_length`) VALUES (165, 277);
INSERT INTO `TrackElement_sensor` VALUES (165, 160);
UPDATE `Switch` SET `Switch_currentState` = 0 WHERE `id` = 141;
INSERT INTO `SwitchPosition` (`id`, `SwitchPosition_switchState`, `SwitchPosition_switch`, `Route_switchPosition`) VALUES (166, 0, 141, 3);
INSERT INTO `TrackElement` VALUES (167);
INSERT INTO `Switch` (`id`) VALUES (167);
INSERT INTO `Sensor` (`id`) VALUES (168);
INSERT INTO `TrackElement_sensor` VALUES (167, 168);
INSERT INTO `Route_routeDefinition` VALUES (3, 168);
INSERT INTO `TrackElement` VALUES (169);
INSERT INTO `Segment` (`id`, `Segment_length`) VALUES (169, 743);
INSERT INTO `TrackElement_sensor` VALUES (169, 168);
INSERT INTO `TrackElement` VALUES (170);
INSERT INTO `Segment` (`id`, `Segment_length`) VALUES (170, 460);
INSERT INTO `TrackElement_sensor` VALUES (170, 168);
INSERT INTO `TrackElement` VALUES (171);
INSERT INTO `Segment` (`id`, `Segment_length`) VALUES (171, 223);
INSERT INTO `TrackElement_sensor` VALUES (171, 168);
INSERT INTO `TrackElement` VALUES (172);
INSERT INTO `Segment` (`id`, `Segment_length`) VALUES (172, 856);
INSERT INTO `TrackElement_sensor` VALUES (172, 168);
INSERT INTO `TrackElement` VALUES (173);
INSERT INTO `Segment` (`id`, `Segment_length`) VALUES (173, 932);
INSERT INTO `TrackElement_sensor` VALUES (173, 168);
INSERT INTO `Sensor` (`id`) VALUES (174);
INSERT INTO `TrackElement_sensor` VALUES (167, 174);
INSERT INTO `Route_routeDefinition` VALUES (3, 174);
INSERT INTO `TrackElement` VALUES (175);
INSERT INTO `Segment` (`id`, `Segment_length`) VALUES (175, 492);
INSERT INTO `TrackElement_sensor` VALUES (175, 174);
INSERT INTO `TrackElement` VALUES (176);
INSERT INTO `Segment` (`id`, `Segment_length`) VALUES (176, 272);
INSERT INTO `TrackElement_sensor` VALUES (176, 174);
INSERT INTO `TrackElement` VALUES (177);
INSERT INTO `Segment` (`id`, `Segment_length`) VALUES (177, 698);
INSERT INTO `TrackElement_sensor` VALUES (177, 174);
INSERT INTO `TrackElement` VALUES (178);
INSERT INTO `Segment` (`id`, `Segment_length`) VALUES (178, 292);
INSERT INTO `TrackElement_sensor` VALUES (178, 174);
INSERT INTO `TrackElement` VALUES (179);
INSERT INTO `Segment` (`id`, `Segment_length`) VALUES (179, 59);
INSERT INTO `TrackElement_sensor` VALUES (179, 174);
INSERT INTO `Sensor` (`id`) VALUES (180);
INSERT INTO `TrackElement_sensor` VALUES (167, 180);
INSERT INTO `TrackElement` VALUES (181);
INSERT INTO `Segment` (`id`, `Segment_length`) VALUES (181, 452);
INSERT INTO `TrackElement_sensor` VALUES (181, 180);
INSERT INTO `TrackElement` VALUES (182);
INSERT INTO `Segment` (`id`, `Segment_length`) VALUES (182, 321);
INSERT INTO `TrackElement_sensor` VALUES (182, 180);
INSERT INTO `TrackElement` VALUES (183);
INSERT INTO `Segment` (`id`, `Segment_length`) VALUES (183, 523);
INSERT INTO `TrackElement_sensor` VALUES (183, 180);
INSERT INTO `TrackElement` VALUES (184);
INSERT INTO `Segment` (`id`, `Segment_length`) VALUES (184, 81);
INSERT INTO `TrackElement_sensor` VALUES (184, 180);
INSERT INTO `TrackElement` VALUES (185);
INSERT INTO `Segment` (`id`, `Segment_length`) VALUES (185, 35);
INSERT INTO `TrackElement_sensor` VALUES (185, 180);
INSERT INTO `Sensor` (`id`) VALUES (186);
INSERT INTO `TrackElement_sensor` VALUES (167, 186);
INSERT INTO `Route_routeDefinition` VALUES (3, 186);
INSERT INTO `TrackElement` VALUES (187);
INSERT INTO `Segment` (`id`, `Segment_length`) VALUES (187, 149);
INSERT INTO `TrackElement_sensor` VALUES (187, 186);
INSERT INTO `TrackElement` VALUES (188);
INSERT INTO `Segment` (`id`, `Segment_length`) VALUES (188, 158);
INSERT INTO `TrackElement_sensor` VALUES (188, 186);
INSERT INTO `TrackElement` VALUES (189);
INSERT INTO `Segment` (`id`, `Segment_length`) VALUES (189, 682);
INSERT INTO `TrackElement_sensor` VALUES (189, 186);
INSERT INTO `TrackElement` VALUES (190);
INSERT INTO `Segment` (`id`, `Segment_length`) VALUES (190, 805);
INSERT INTO `TrackElement_sensor` VALUES (190, 186);
INSERT INTO `TrackElement` VALUES (191);
INSERT INTO `Segment` (`id`, `Segment_length`) VALUES (191, 776);
INSERT INTO `TrackElement_sensor` VALUES (191, 186);
INSERT INTO `TrackElement` VALUES (192);
INSERT INTO `Segment` (`id`, `Segment_length`) VALUES (192, 370);
INSERT INTO `TrackElement_sensor` VALUES (192, 186);
INSERT INTO `Sensor` (`id`) VALUES (193);
INSERT INTO `TrackElement_sensor` VALUES (167, 193);
INSERT INTO `Route_routeDefinition` VALUES (3, 193);
INSERT INTO `TrackElement` VALUES (194);
INSERT INTO `Segment` (`id`, `Segment_length`) VALUES (194, 207);
INSERT INTO `TrackElement_sensor` VALUES (194, 193);
INSERT INTO `TrackElement` VALUES (195);
INSERT INTO `Segment` (`id`, `Segment_length`) VALUES (195, 610);
INSERT INTO `TrackElement_sensor` VALUES (195, 193);
INSERT INTO `TrackElement` VALUES (196);
INSERT INTO `Segment` (`id`, `Segment_length`) VALUES (196, 604);
INSERT INTO `TrackElement_sensor` VALUES (196, 193);
INSERT INTO `TrackElement` VALUES (197);
INSERT INTO `Segment` (`id`, `Segment_length`) VALUES (197, 385);
INSERT INTO `TrackElement_sensor` VALUES (197, 193);
INSERT INTO `TrackElement` VALUES (198);
INSERT INTO `Segment` (`id`, `Segment_length`) VALUES (198, 780);
INSERT INTO `TrackElement_sensor` VALUES (198, 193);
INSERT INTO `Sensor` (`id`) VALUES (199);
INSERT INTO `TrackElement_sensor` VALUES (167, 199);
INSERT INTO `Route_routeDefinition` VALUES (3, 199);
INSERT INTO `TrackElement` VALUES (200);
INSERT INTO `Segment` (`id`, `Segment_length`) VALUES (200, 41);
INSERT INTO `TrackElement_sensor` VALUES (200, 199);
INSERT INTO `TrackElement` VALUES (201);
INSERT INTO `Segment` (`id`, `Segment_length`) VALUES (201, 771);
INSERT INTO `TrackElement_sensor` VALUES (201, 199);
INSERT INTO `TrackElement` VALUES (202);
INSERT INTO `Segment` (`id`, `Segment_length`) VALUES (202, 816);
INSERT INTO `TrackElement_sensor` VALUES (202, 199);
INSERT INTO `TrackElement` VALUES (203);
INSERT INTO `Segment` (`id`, `Segment_length`) VALUES (203, 502);
INSERT INTO `TrackElement_sensor` VALUES (203, 199);
INSERT INTO `TrackElement` VALUES (204);
INSERT INTO `Segment` (`id`, `Segment_length`) VALUES (204, 846);
INSERT INTO `TrackElement_sensor` VALUES (204, 199);
INSERT INTO `Sensor` (`id`) VALUES (205);
INSERT INTO `TrackElement_sensor` VALUES (167, 205);
INSERT INTO `Route_routeDefinition` VALUES (3, 205);
INSERT INTO `TrackElement` VALUES (206);
INSERT INTO `Segment` (`id`, `Segment_length`) VALUES (206, 269);
INSERT INTO `TrackElement_sensor` VALUES (206, 205);
INSERT INTO `TrackElement` VALUES (207);
INSERT INTO `Segment` (`id`, `Segment_length`) VALUES (207, 194);
INSERT INTO `TrackElement_sensor` VALUES (207, 205);
INSERT INTO `TrackElement` VALUES (208);
INSERT INTO `Segment` (`id`, `Segment_length`) VALUES (208, 898);
INSERT INTO `TrackElement_sensor` VALUES (208, 205);
INSERT INTO `TrackElement` VALUES (209);
INSERT INTO `Segment` (`id`, `Segment_length`) VALUES (209, 372);
INSERT INTO `TrackElement_sensor` VALUES (209, 205);
INSERT INTO `TrackElement` VALUES (210);
INSERT INTO `Segment` (`id`, `Segment_length`) VALUES (210, 422);
INSERT INTO `TrackElement_sensor` VALUES (210, 205);
INSERT INTO `Sensor` (`id`) VALUES (211);
INSERT INTO `TrackElement_sensor` VALUES (167, 211);
INSERT INTO `Route_routeDefinition` VALUES (3, 211);
INSERT INTO `TrackElement` VALUES (212);
INSERT INTO `Segment` (`id`, `Segment_length`) VALUES (212, 290);
INSERT INTO `TrackElement_sensor` VALUES (212, 211);
INSERT INTO `TrackElement` VALUES (213);
INSERT INTO `Segment` (`id`, `Segment_length`) VALUES (213, 94);
INSERT INTO `TrackElement_sensor` VALUES (213, 211);
INSERT INTO `TrackElement` VALUES (214);
INSERT INTO `Segment` (`id`, `Segment_length`) VALUES (214, 521);
INSERT INTO `TrackElement_sensor` VALUES (214, 211);
INSERT INTO `TrackElement` VALUES (215);
INSERT INTO `Segment` (`id`, `Segment_length`) VALUES (215, 983);
INSERT INTO `TrackElement_sensor` VALUES (215, 211);
INSERT INTO `TrackElement` VALUES (216);
INSERT INTO `Segment` (`id`, `Segment_length`) VALUES (216, 459);
INSERT INTO `TrackElement_sensor` VALUES (216, 211);
UPDATE `Switch` SET `Switch_currentState` = 0 WHERE `id` = 167;
INSERT INTO `SwitchPosition` (`id`, `SwitchPosition_switchState`, `SwitchPosition_switch`, `Route_switchPosition`) VALUES (217, 0, 167, 3);
INSERT INTO `TrackElement` VALUES (218);
INSERT INTO `Switch` (`id`) VALUES (218);
INSERT INTO `Sensor` (`id`) VALUES (219);
INSERT INTO `TrackElement_sensor` VALUES (218, 219);
INSERT INTO `Route_routeDefinition` VALUES (3, 219);
INSERT INTO `TrackElement` VALUES (220);
INSERT INTO `Segment` (`id`, `Segment_length`) VALUES (220, 826);
INSERT INTO `TrackElement_sensor` VALUES (220, 219);
INSERT INTO `TrackElement` VALUES (221);
INSERT INTO `Segment` (`id`, `Segment_length`) VALUES (221, 748);
INSERT INTO `TrackElement_sensor` VALUES (221, 219);
INSERT INTO `TrackElement` VALUES (222);
INSERT INTO `Segment` (`id`, `Segment_length`) VALUES (222, 933);
INSERT INTO `TrackElement_sensor` VALUES (222, 219);
INSERT INTO `TrackElement` VALUES (223);
INSERT INTO `Segment` (`id`, `Segment_length`) VALUES (223, 903);
INSERT INTO `TrackElement_sensor` VALUES (223, 219);
INSERT INTO `TrackElement` VALUES (224);
INSERT INTO `Segment` (`id`, `Segment_length`) VALUES (224, 570);
INSERT INTO `TrackElement_sensor` VALUES (224, 219);
UPDATE `Switch` SET `Switch_currentState` = 0 WHERE `id` = 218;
INSERT INTO `SwitchPosition` (`id`, `SwitchPosition_switchState`, `SwitchPosition_switch`, `Route_switchPosition`) VALUES (225, 0, 218, 3);
INSERT INTO `TrackElement` VALUES (226);
INSERT INTO `Switch` (`id`) VALUES (226);
INSERT INTO `Sensor` (`id`) VALUES (227);
INSERT INTO `TrackElement_sensor` VALUES (226, 227);
INSERT INTO `Route_routeDefinition` VALUES (3, 227);
INSERT INTO `TrackElement` VALUES (228);
INSERT INTO `Segment` (`id`, `Segment_length`) VALUES (228, 306);
INSERT INTO `TrackElement_sensor` VALUES (228, 227);
INSERT INTO `TrackElement` VALUES (229);
INSERT INTO `Segment` (`id`, `Segment_length`) VALUES (229, 160);
INSERT INTO `TrackElement_sensor` VALUES (229, 227);
INSERT INTO `TrackElement` VALUES (230);
INSERT INTO `Segment` (`id`, `Segment_length`) VALUES (230, 999);
INSERT INTO `TrackElement_sensor` VALUES (230, 227);
INSERT INTO `TrackElement` VALUES (231);
INSERT INTO `Segment` (`id`, `Segment_length`) VALUES (231, 533);
INSERT INTO `TrackElement_sensor` VALUES (231, 227);
INSERT INTO `TrackElement` VALUES (232);
INSERT INTO `Segment` (`id`, `Segment_length`) VALUES (232, 519);
INSERT INTO `TrackElement_sensor` VALUES (232, 227);
INSERT INTO `Sensor` (`id`) VALUES (233);
INSERT INTO `TrackElement_sensor` VALUES (226, 233);
INSERT INTO `Route_routeDefinition` VALUES (3, 233);
INSERT INTO `TrackElement` VALUES (234);
INSERT INTO `Segment` (`id`, `Segment_length`) VALUES (234, 199);
INSERT INTO `TrackElement_sensor` VALUES (234, 233);
INSERT INTO `TrackElement` VALUES (235);
INSERT INTO `Segment` (`id`, `Segment_length`) VALUES (235, 78);
INSERT INTO `TrackElement_sensor` VALUES (235, 233);
INSERT INTO `TrackElement` VALUES (236);
INSERT INTO `Segment` (`id`, `Segment_length`) VALUES (236, 134);
INSERT INTO `TrackElement_sensor` VALUES (236, 233);
INSERT INTO `TrackElement` VALUES (237);
INSERT INTO `Segment` (`id`, `Segment_length`) VALUES (237, 492);
INSERT INTO `TrackElement_sensor` VALUES (237, 233);
INSERT INTO `TrackElement` VALUES (238);
INSERT INTO `Segment` (`id`, `Segment_length`) VALUES (238, 942);
INSERT INTO `TrackElement_sensor` VALUES (238, 233);
INSERT INTO `Sensor` (`id`) VALUES (239);
INSERT INTO `TrackElement_sensor` VALUES (226, 239);
INSERT INTO `Route_routeDefinition` VALUES (3, 239);
INSERT INTO `TrackElement` VALUES (240);
INSERT INTO `Segment` (`id`, `Segment_length`) VALUES (240, 88);
INSERT INTO `TrackElement_sensor` VALUES (240, 239);
INSERT INTO `TrackElement` VALUES (241);
INSERT INTO `Segment` (`id`, `Segment_length`) VALUES (241, 134);
INSERT INTO `TrackElement_sensor` VALUES (241, 239);
INSERT INTO `TrackElement` VALUES (242);
INSERT INTO `Segment` (`id`, `Segment_length`) VALUES (242, 734);
INSERT INTO `TrackElement_sensor` VALUES (242, 239);
INSERT INTO `TrackElement` VALUES (243);
INSERT INTO `Segment` (`id`, `Segment_length`) VALUES (243, 341);
INSERT INTO `TrackElement_sensor` VALUES (243, 239);
INSERT INTO `TrackElement` VALUES (244);
INSERT INTO `Segment` (`id`, `Segment_length`) VALUES (244, 28);
INSERT INTO `TrackElement_sensor` VALUES (244, 239);
INSERT INTO `Sensor` (`id`) VALUES (245);
INSERT INTO `TrackElement_sensor` VALUES (226, 245);
INSERT INTO `Route_routeDefinition` VALUES (3, 245);
INSERT INTO `TrackElement` VALUES (246);
INSERT INTO `Segment` (`id`, `Segment_length`) VALUES (246, 55);
INSERT INTO `TrackElement_sensor` VALUES (246, 245);
INSERT INTO `TrackElement` VALUES (247);
INSERT INTO `Segment` (`id`, `Segment_length`) VALUES (247, 160);
INSERT INTO `TrackElement_sensor` VALUES (247, 245);
INSERT INTO `TrackElement` VALUES (248);
INSERT INTO `Segment` (`id`, `Segment_length`) VALUES (248, 144);
INSERT INTO `TrackElement_sensor` VALUES (248, 245);
INSERT INTO `TrackElement` VALUES (249);
INSERT INTO `Segment` (`id`, `Segment_length`) VALUES (249, 903);
INSERT INTO `TrackElement_sensor` VALUES (249, 245);
INSERT INTO `TrackElement` VALUES (250);
INSERT INTO `Segment` (`id`, `Segment_length`) VALUES (250, 52);
INSERT INTO `TrackElement_sensor` VALUES (250, 245);
UPDATE `Switch` SET `Switch_currentState` = 0 WHERE `id` = 226;
INSERT INTO `SwitchPosition` (`id`, `SwitchPosition_switchState`, `SwitchPosition_switch`, `Route_switchPosition`) VALUES (251, 0, 226, 3);
INSERT INTO `TrackElement` VALUES (252);
INSERT INTO `Switch` (`id`) VALUES (252);
INSERT INTO `Sensor` (`id`) VALUES (253);
INSERT INTO `TrackElement_sensor` VALUES (252, 253);
INSERT INTO `Route_routeDefinition` VALUES (3, 253);
INSERT INTO `TrackElement` VALUES (254);
INSERT INTO `Segment` (`id`, `Segment_length`) VALUES (254, 348);
INSERT INTO `TrackElement_sensor` VALUES (254, 253);
INSERT INTO `TrackElement` VALUES (255);
INSERT INTO `Segment` (`id`, `Segment_length`) VALUES (255, 694);
INSERT INTO `TrackElement_sensor` VALUES (255, 253);
INSERT INTO `TrackElement` VALUES (256);
INSERT INTO `Segment` (`id`, `Segment_length`) VALUES (256, 222);
INSERT INTO `TrackElement_sensor` VALUES (256, 253);
INSERT INTO `TrackElement` VALUES (257);
INSERT INTO `Segment` (`id`, `Segment_length`) VALUES (257, 162);
INSERT INTO `TrackElement_sensor` VALUES (257, 253);
INSERT INTO `TrackElement` VALUES (258);
INSERT INTO `Segment` (`id`, `Segment_length`) VALUES (258, 80);
INSERT INTO `TrackElement_sensor` VALUES (258, 253);
UPDATE `Switch` SET `Switch_currentState` = 3 WHERE `id` = 252;
INSERT INTO `SwitchPosition` (`id`, `SwitchPosition_switchState`, `SwitchPosition_switch`, `Route_switchPosition`) VALUES (259, 3, 252, 3);
INSERT INTO `TrackElement` VALUES (260);
INSERT INTO `Switch` (`id`) VALUES (260);
UPDATE `Switch` SET `Switch_currentState` = 0 WHERE `id` = 260;
INSERT INTO `SwitchPosition` (`id`, `SwitchPosition_switchState`, `SwitchPosition_switch`, `Route_switchPosition`) VALUES (261, 0, 260, 3);
INSERT INTO `TrackElement` VALUES (262);
INSERT INTO `Switch` (`id`) VALUES (262);
INSERT INTO `Sensor` (`id`) VALUES (263);
INSERT INTO `TrackElement_sensor` VALUES (262, 263);
INSERT INTO `Route_routeDefinition` VALUES (3, 263);
INSERT INTO `TrackElement` VALUES (264);
INSERT INTO `Segment` (`id`, `Segment_length`) VALUES (264, 915);
INSERT INTO `TrackElement_sensor` VALUES (264, 263);
INSERT INTO `TrackElement` VALUES (265);
INSERT INTO `Segment` (`id`, `Segment_length`) VALUES (265, 406);
INSERT INTO `TrackElement_sensor` VALUES (265, 263);
INSERT INTO `TrackElement` VALUES (266);
INSERT INTO `Segment` (`id`, `Segment_length`) VALUES (266, 53);
INSERT INTO `TrackElement_sensor` VALUES (266, 263);
INSERT INTO `TrackElement` VALUES (267);
INSERT INTO `Segment` (`id`, `Segment_length`) VALUES (267, 49);
INSERT INTO `TrackElement_sensor` VALUES (267, 263);
INSERT INTO `TrackElement` VALUES (268);
INSERT INTO `Segment` (`id`, `Segment_length`) VALUES (268, 577);
INSERT INTO `TrackElement_sensor` VALUES (268, 263);
INSERT INTO `Sensor` (`id`) VALUES (269);
INSERT INTO `TrackElement_sensor` VALUES (262, 269);
INSERT INTO `Route_routeDefinition` VALUES (3, 269);
INSERT INTO `TrackElement` VALUES (270);
INSERT INTO `Segment` (`id`, `Segment_length`) VALUES (270, 690);
INSERT INTO `TrackElement_sensor` VALUES (270, 269);
INSERT INTO `TrackElement` VALUES (271);
INSERT INTO `Segment` (`id`, `Segment_length`) VALUES (271, 358);
INSERT INTO `TrackElement_sensor` VALUES (271, 269);
INSERT INTO `TrackElement` VALUES (272);
INSERT INTO `Segment` (`id`, `Segment_length`) VALUES (272, 522);
INSERT INTO `TrackElement_sensor` VALUES (272, 269);
INSERT INTO `TrackElement` VALUES (273);
INSERT INTO `Segment` (`id`, `Segment_length`) VALUES (273, 340);
INSERT INTO `TrackElement_sensor` VALUES (273, 269);
INSERT INTO `TrackElement` VALUES (274);
INSERT INTO `Segment` (`id`, `Segment_length`) VALUES (274, 653);
INSERT INTO `TrackElement_sensor` VALUES (274, 269);
INSERT INTO `Sensor` (`id`) VALUES (275);
INSERT INTO `TrackElement_sensor` VALUES (262, 275);
INSERT INTO `TrackElement` VALUES (276);
INSERT INTO `Segment` (`id`, `Segment_length`) VALUES (276, 390);
INSERT INTO `TrackElement_sensor` VALUES (276, 275);
INSERT INTO `TrackElement` VALUES (277);
INSERT INTO `Segment` (`id`, `Segment_length`) VALUES (277, 581);
INSERT INTO `TrackElement_sensor` VALUES (277, 275);
INSERT INTO `TrackElement` VALUES (278);
INSERT INTO `Segment` (`id`, `Segment_length`) VALUES (278, 19);
INSERT INTO `TrackElement_sensor` VALUES (278, 275);
INSERT INTO `TrackElement` VALUES (279);
INSERT INTO `Segment` (`id`, `Segment_length`) VALUES (279, 506);
INSERT INTO `TrackElement_sensor` VALUES (279, 275);
INSERT INTO `TrackElement` VALUES (280);
INSERT INTO `Segment` (`id`, `Segment_length`) VALUES (280, 82);
INSERT INTO `TrackElement_sensor` VALUES (280, 275);
INSERT INTO `Sensor` (`id`) VALUES (281);
INSERT INTO `TrackElement_sensor` VALUES (262, 281);
INSERT INTO `TrackElement` VALUES (282);
INSERT INTO `Segment` (`id`, `Segment_length`) VALUES (282, 689);
INSERT INTO `TrackElement_sensor` VALUES (282, 281);
INSERT INTO `TrackElement` VALUES (283);
INSERT INTO `Segment` (`id`, `Segment_length`) VALUES (283, -854);
INSERT INTO `TrackElement_sensor` VALUES (283, 281);
INSERT INTO `TrackElement` VALUES (284);
INSERT INTO `Segment` (`id`, `Segment_length`) VALUES (284, 837);
INSERT INTO `TrackElement_sensor` VALUES (284, 281);
INSERT INTO `TrackElement` VALUES (285);
INSERT INTO `Segment` (`id`, `Segment_length`) VALUES (285, 30);
INSERT INTO `TrackElement_sensor` VALUES (285, 281);
INSERT INTO `TrackElement` VALUES (286);
INSERT INTO `Segment` (`id`, `Segment_length`) VALUES (286, 99);
INSERT INTO `TrackElement_sensor` VALUES (286, 281);
INSERT INTO `Sensor` (`id`) VALUES (287);
INSERT INTO `TrackElement_sensor` VALUES (262, 287);
INSERT INTO `TrackElement` VALUES (288);
INSERT INTO `Segment` (`id`, `Segment_length`) VALUES (288, 255);
INSERT INTO `TrackElement_sensor` VALUES (288, 287);
INSERT INTO `TrackElement` VALUES (289);
INSERT INTO `Segment` (`id`, `Segment_length`) VALUES (289, 672);
INSERT INTO `TrackElement_sensor` VALUES (289, 287);
INSERT INTO `TrackElement` VALUES (290);
INSERT INTO `Segment` (`id`, `Segment_length`) VALUES (290, 100);
INSERT INTO `TrackElement_sensor` VALUES (290, 287);
INSERT INTO `TrackElement` VALUES (291);
INSERT INTO `Segment` (`id`, `Segment_length`) VALUES (291, 837);
INSERT INTO `TrackElement_sensor` VALUES (291, 287);
INSERT INTO `TrackElement` VALUES (292);
INSERT INTO `Segment` (`id`, `Segment_length`) VALUES (292, 214);
INSERT INTO `TrackElement_sensor` VALUES (292, 287);
INSERT INTO `Sensor` (`id`) VALUES (293);
INSERT INTO `TrackElement_sensor` VALUES (262, 293);
INSERT INTO `Route_routeDefinition` VALUES (3, 293);
INSERT INTO `TrackElement` VALUES (294);
INSERT INTO `Segment` (`id`, `Segment_length`) VALUES (294, 487);
INSERT INTO `TrackElement_sensor` VALUES (294, 293);
INSERT INTO `TrackElement` VALUES (295);
INSERT INTO `Segment` (`id`, `Segment_length`) VALUES (295, 860);
INSERT INTO `TrackElement_sensor` VALUES (295, 293);
INSERT INTO `TrackElement` VALUES (296);
INSERT INTO `Segment` (`id`, `Segment_length`) VALUES (296, 673);
INSERT INTO `TrackElement_sensor` VALUES (296, 293);
INSERT INTO `TrackElement` VALUES (297);
INSERT INTO `Segment` (`id`, `Segment_length`) VALUES (297, 722);
INSERT INTO `TrackElement_sensor` VALUES (297, 293);
INSERT INTO `TrackElement` VALUES (298);
INSERT INTO `Segment` (`id`, `Segment_length`) VALUES (298, 494);
INSERT INTO `TrackElement_sensor` VALUES (298, 293);
INSERT INTO `Sensor` (`id`) VALUES (299);
INSERT INTO `TrackElement_sensor` VALUES (262, 299);
INSERT INTO `TrackElement` VALUES (300);
INSERT INTO `Segment` (`id`, `Segment_length`) VALUES (300, 181);
INSERT INTO `TrackElement_sensor` VALUES (300, 299);
INSERT INTO `TrackElement` VALUES (301);
INSERT INTO `Segment` (`id`, `Segment_length`) VALUES (301, 21);
INSERT INTO `TrackElement_sensor` VALUES (301, 299);
INSERT INTO `TrackElement` VALUES (302);
INSERT INTO `Segment` (`id`, `Segment_length`) VALUES (302, 74);
INSERT INTO `TrackElement_sensor` VALUES (302, 299);
INSERT INTO `TrackElement` VALUES (303);
INSERT INTO `Segment` (`id`, `Segment_length`) VALUES (303, 455);
INSERT INTO `TrackElement_sensor` VALUES (303, 299);
INSERT INTO `TrackElement` VALUES (304);
INSERT INTO `Segment` (`id`, `Segment_length`) VALUES (304, 147);
INSERT INTO `TrackElement_sensor` VALUES (304, 299);
INSERT INTO `Sensor` (`id`) VALUES (305);
INSERT INTO `TrackElement_sensor` VALUES (262, 305);
INSERT INTO `Route_routeDefinition` VALUES (3, 305);
INSERT INTO `TrackElement` VALUES (306);
INSERT INTO `Segment` (`id`, `Segment_length`) VALUES (306, 500);
INSERT INTO `TrackElement_sensor` VALUES (306, 305);
INSERT INTO `TrackElement` VALUES (307);
INSERT INTO `Segment` (`id`, `Segment_length`) VALUES (307, 952);
INSERT INTO `TrackElement_sensor` VALUES (307, 305);
INSERT INTO `TrackElement` VALUES (308);
INSERT INTO `Segment` (`id`, `Segment_length`) VALUES (308, 916);
INSERT INTO `TrackElement_sensor` VALUES (308, 305);
INSERT INTO `TrackElement` VALUES (309);
INSERT INTO `Segment` (`id`, `Segment_length`) VALUES (309, 826);
INSERT INTO `TrackElement_sensor` VALUES (309, 305);
INSERT INTO `TrackElement` VALUES (310);
INSERT INTO `Segment` (`id`, `Segment_length`) VALUES (310, 593);
INSERT INTO `TrackElement_sensor` VALUES (310, 305);
UPDATE `Switch` SET `Switch_currentState` = 3 WHERE `id` = 262;
INSERT INTO `SwitchPosition` (`id`, `SwitchPosition_switchState`, `SwitchPosition_switch`, `Route_switchPosition`) VALUES (311, 3, 262, 3);
INSERT INTO `TrackElement` VALUES (312);
INSERT INTO `Switch` (`id`) VALUES (312);
INSERT INTO `Sensor` (`id`) VALUES (313);
INSERT INTO `TrackElement_sensor` VALUES (312, 313);
INSERT INTO `Route_routeDefinition` VALUES (3, 313);
INSERT INTO `TrackElement` VALUES (314);
INSERT INTO `Segment` (`id`, `Segment_length`) VALUES (314, 168);
INSERT INTO `TrackElement_sensor` VALUES (314, 313);
INSERT INTO `TrackElement` VALUES (315);
INSERT INTO `Segment` (`id`, `Segment_length`) VALUES (315, 62);
INSERT INTO `TrackElement_sensor` VALUES (315, 313);
INSERT INTO `TrackElement` VALUES (316);
INSERT INTO `Segment` (`id`, `Segment_length`) VALUES (316, 586);
INSERT INTO `TrackElement_sensor` VALUES (316, 313);
INSERT INTO `TrackElement` VALUES (317);
INSERT INTO `Segment` (`id`, `Segment_length`) VALUES (317, 826);
INSERT INTO `TrackElement_sensor` VALUES (317, 313);
INSERT INTO `TrackElement` VALUES (318);
INSERT INTO `Segment` (`id`, `Segment_length`) VALUES (318, 940);
INSERT INTO `TrackElement_sensor` VALUES (318, 313);
UPDATE `Switch` SET `Switch_currentState` = 1 WHERE `id` = 312;
INSERT INTO `SwitchPosition` (`id`, `SwitchPosition_switchState`, `SwitchPosition_switch`, `Route_switchPosition`) VALUES (319, 1, 312, 3);
INSERT INTO `TrackElement` VALUES (320);
INSERT INTO `Switch` (`id`) VALUES (320);
INSERT INTO `Sensor` (`id`) VALUES (321);
INSERT INTO `TrackElement_sensor` VALUES (320, 321);
INSERT INTO `TrackElement` VALUES (322);
INSERT INTO `Segment` (`id`, `Segment_length`) VALUES (322, 624);
INSERT INTO `TrackElement_sensor` VALUES (322, 321);
INSERT INTO `TrackElement` VALUES (323);
INSERT INTO `Segment` (`id`, `Segment_length`) VALUES (323, 147);
INSERT INTO `TrackElement_sensor` VALUES (323, 321);
INSERT INTO `TrackElement` VALUES (324);
INSERT INTO `Segment` (`id`, `Segment_length`) VALUES (324, 690);
INSERT INTO `TrackElement_sensor` VALUES (324, 321);
INSERT INTO `TrackElement` VALUES (325);
INSERT INTO `Segment` (`id`, `Segment_length`) VALUES (325, 389);
INSERT INTO `TrackElement_sensor` VALUES (325, 321);
INSERT INTO `TrackElement` VALUES (326);
INSERT INTO `Segment` (`id`, `Segment_length`) VALUES (326, 658);
INSERT INTO `TrackElement_sensor` VALUES (326, 321);
INSERT INTO `Sensor` (`id`) VALUES (327);
INSERT INTO `TrackElement_sensor` VALUES (320, 327);
INSERT INTO `Route_routeDefinition` VALUES (3, 327);
INSERT INTO `TrackElement` VALUES (328);
INSERT INTO `Segment` (`id`, `Segment_length`) VALUES (328, 429);
INSERT INTO `TrackElement_sensor` VALUES (328, 327);
INSERT INTO `TrackElement` VALUES (329);
INSERT INTO `Segment` (`id`, `Segment_length`) VALUES (329, 211);
INSERT INTO `TrackElement_sensor` VALUES (329, 327);
INSERT INTO `TrackElement` VALUES (330);
INSERT INTO `Segment` (`id`, `Segment_length`) VALUES (330, 492);
INSERT INTO `TrackElement_sensor` VALUES (330, 327);
INSERT INTO `TrackElement` VALUES (331);
INSERT INTO `Segment` (`id`, `Segment_length`) VALUES (331, 455);
INSERT INTO `TrackElement_sensor` VALUES (331, 327);
INSERT INTO `TrackElement` VALUES (332);
INSERT INTO `Segment` (`id`, `Segment_length`) VALUES (332, 771);
INSERT INTO `TrackElement_sensor` VALUES (332, 327);
INSERT INTO `Sensor` (`id`) VALUES (333);
INSERT INTO `TrackElement_sensor` VALUES (320, 333);
INSERT INTO `Route_routeDefinition` VALUES (3, 333);
INSERT INTO `TrackElement` VALUES (334);
INSERT INTO `Segment` (`id`, `Segment_length`) VALUES (334, 159);
INSERT INTO `TrackElement_sensor` VALUES (334, 333);
INSERT INTO `TrackElement` VALUES (335);
INSERT INTO `Segment` (`id`, `Segment_length`) VALUES (335, 11);
INSERT INTO `TrackElement_sensor` VALUES (335, 333);
INSERT INTO `TrackElement` VALUES (336);
INSERT INTO `Segment` (`id`, `Segment_length`) VALUES (336, 203);
INSERT INTO `TrackElement_sensor` VALUES (336, 333);
INSERT INTO `TrackElement` VALUES (337);
INSERT INTO `Segment` (`id`, `Segment_length`) VALUES (337, 705);
INSERT INTO `TrackElement_sensor` VALUES (337, 333);
INSERT INTO `TrackElement` VALUES (338);
INSERT INTO `Segment` (`id`, `Segment_length`) VALUES (338, 306);
INSERT INTO `TrackElement_sensor` VALUES (338, 333);
INSERT INTO `Sensor` (`id`) VALUES (339);
INSERT INTO `TrackElement_sensor` VALUES (320, 339);
INSERT INTO `Route_routeDefinition` VALUES (3, 339);
INSERT INTO `TrackElement` VALUES (340);
INSERT INTO `Segment` (`id`, `Segment_length`) VALUES (340, 270);
INSERT INTO `TrackElement_sensor` VALUES (340, 339);
INSERT INTO `TrackElement` VALUES (341);
INSERT INTO `Segment` (`id`, `Segment_length`) VALUES (341, 281);
INSERT INTO `TrackElement_sensor` VALUES (341, 339);
INSERT INTO `TrackElement` VALUES (342);
INSERT INTO `Segment` (`id`, `Segment_length`) VALUES (342, 240);
INSERT INTO `TrackElement_sensor` VALUES (342, 339);
INSERT INTO `TrackElement` VALUES (343);
INSERT INTO `Segment` (`id`, `Segment_length`) VALUES (343, 163);
INSERT INTO `TrackElement_sensor` VALUES (343, 339);
INSERT INTO `TrackElement` VALUES (344);
INSERT INTO `Segment` (`id`, `Segment_length`) VALUES (344, 763);
INSERT INTO `TrackElement_sensor` VALUES (344, 339);
INSERT INTO `Sensor` (`id`) VALUES (345);
INSERT INTO `TrackElement_sensor` VALUES (320, 345);
INSERT INTO `Route_routeDefinition` VALUES (3, 345);
INSERT INTO `TrackElement` VALUES (346);
INSERT INTO `Segment` (`id`, `Segment_length`) VALUES (346, 181);
INSERT INTO `TrackElement_sensor` VALUES (346, 345);
INSERT INTO `TrackElement` VALUES (347);
INSERT INTO `Segment` (`id`, `Segment_length`) VALUES (347, -216);
INSERT INTO `TrackElement_sensor` VALUES (347, 345);
INSERT INTO `TrackElement` VALUES (348);
INSERT INTO `Segment` (`id`, `Segment_length`) VALUES (348, 757);
INSERT INTO `TrackElement_sensor` VALUES (348, 345);
INSERT INTO `TrackElement` VALUES (349);
INSERT INTO `Segment` (`id`, `Segment_length`) VALUES (349, 556);
INSERT INTO `TrackElement_sensor` VALUES (349, 345);
INSERT INTO `TrackElement` VALUES (350);
INSERT INTO `Segment` (`id`, `Segment_length`) VALUES (350, 131);
INSERT INTO `TrackElement_sensor` VALUES (350, 345);
INSERT INTO `Sensor` (`id`) VALUES (351);
INSERT INTO `TrackElement_sensor` VALUES (320, 351);
INSERT INTO `Route_routeDefinition` VALUES (3, 351);
INSERT INTO `TrackElement` VALUES (352);
INSERT INTO `Segment` (`id`, `Segment_length`) VALUES (352, 298);
INSERT INTO `TrackElement_sensor` VALUES (352, 351);
INSERT INTO `TrackElement` VALUES (353);
INSERT INTO `Segment` (`id`, `Segment_length`) VALUES (353, 823);
INSERT INTO `TrackElement_sensor` VALUES (353, 351);
INSERT INTO `TrackElement` VALUES (354);
INSERT INTO `Segment` (`id`, `Segment_length`) VALUES (354, 451);
INSERT INTO `TrackElement_sensor` VALUES (354, 351);
INSERT INTO `TrackElement` VALUES (355);
INSERT INTO `Segment` (`id`, `Segment_length`) VALUES (355, 4);
INSERT INTO `TrackElement_sensor` VALUES (355, 351);
INSERT INTO `TrackElement` VALUES (356);
INSERT INTO `Segment` (`id`, `Segment_length`) VALUES (356, 681);
INSERT INTO `TrackElement_sensor` VALUES (356, 351);
INSERT INTO `TrackElement` VALUES (357);
INSERT INTO `Segment` (`id`, `Segment_length`) VALUES (357, 315);
INSERT INTO `TrackElement_sensor` VALUES (357, 351);
INSERT INTO `Sensor` (`id`) VALUES (358);
INSERT INTO `TrackElement_sensor` VALUES (320, 358);
INSERT INTO `Route_routeDefinition` VALUES (3, 358);
INSERT INTO `TrackElement` VALUES (359);
INSERT INTO `Segment` (`id`, `Segment_length`) VALUES (359, 771);
INSERT INTO `TrackElement_sensor` VALUES (359, 358);
INSERT INTO `TrackElement` VALUES (360);
INSERT INTO `Segment` (`id`, `Segment_length`) VALUES (360, 472);
INSERT INTO `TrackElement_sensor` VALUES (360, 358);
INSERT INTO `TrackElement` VALUES (361);
INSERT INTO `Segment` (`id`, `Segment_length`) VALUES (361, 725);
INSERT INTO `TrackElement_sensor` VALUES (361, 358);
INSERT INTO `TrackElement` VALUES (362);
INSERT INTO `Segment` (`id`, `Segment_length`) VALUES (362, 420);
INSERT INTO `TrackElement_sensor` VALUES (362, 358);
INSERT INTO `TrackElement` VALUES (363);
INSERT INTO `Segment` (`id`, `Segment_length`) VALUES (363, 187);
INSERT INTO `TrackElement_sensor` VALUES (363, 358);
INSERT INTO `Sensor` (`id`) VALUES (364);
INSERT INTO `TrackElement_sensor` VALUES (320, 364);
INSERT INTO `Route_routeDefinition` VALUES (3, 364);
INSERT INTO `TrackElement` VALUES (365);
INSERT INTO `Segment` (`id`, `Segment_length`) VALUES (365, 832);
INSERT INTO `TrackElement_sensor` VALUES (365, 364);
INSERT INTO `TrackElement` VALUES (366);
INSERT INTO `Segment` (`id`, `Segment_length`) VALUES (366, 317);
INSERT INTO `TrackElement_sensor` VALUES (366, 364);
INSERT INTO `TrackElement` VALUES (367);
INSERT INTO `Segment` (`id`, `Segment_length`) VALUES (367, 530);
INSERT INTO `TrackElement_sensor` VALUES (367, 364);
INSERT INTO `TrackElement` VALUES (368);
INSERT INTO `Segment` (`id`, `Segment_length`) VALUES (368, 35);
INSERT INTO `TrackElement_sensor` VALUES (368, 364);
INSERT INTO `TrackElement` VALUES (369);
INSERT INTO `Segment` (`id`, `Segment_length`) VALUES (369, 577);
INSERT INTO `TrackElement_sensor` VALUES (369, 364);
UPDATE `Switch` SET `Switch_currentState` = 1 WHERE `id` = 320;
INSERT INTO `SwitchPosition` (`id`, `SwitchPosition_switchState`, `SwitchPosition_switch`, `Route_switchPosition`) VALUES (370, 1, 320, 3);
INSERT INTO `TrackElement` VALUES (371);
INSERT INTO `Switch` (`id`) VALUES (371);
INSERT INTO `Sensor` (`id`) VALUES (372);
INSERT INTO `TrackElement_sensor` VALUES (371, 372);
INSERT INTO `Route_routeDefinition` VALUES (3, 372);
INSERT INTO `TrackElement` VALUES (373);
INSERT INTO `Segment` (`id`, `Segment_length`) VALUES (373, 794);
INSERT INTO `TrackElement_sensor` VALUES (373, 372);
INSERT INTO `TrackElement` VALUES (374);
INSERT INTO `Segment` (`id`, `Segment_length`) VALUES (374, 398);
INSERT INTO `TrackElement_sensor` VALUES (374, 372);
INSERT INTO `TrackElement` VALUES (375);
INSERT INTO `Segment` (`id`, `Segment_length`) VALUES (375, 467);
INSERT INTO `TrackElement_sensor` VALUES (375, 372);
INSERT INTO `TrackElement` VALUES (376);
INSERT INTO `Segment` (`id`, `Segment_length`) VALUES (376, 217);
INSERT INTO `TrackElement_sensor` VALUES (376, 372);
INSERT INTO `TrackElement` VALUES (377);
INSERT INTO `Segment` (`id`, `Segment_length`) VALUES (377, 718);
INSERT INTO `TrackElement_sensor` VALUES (377, 372);
INSERT INTO `Sensor` (`id`) VALUES (378);
INSERT INTO `TrackElement_sensor` VALUES (371, 378);
INSERT INTO `Route_routeDefinition` VALUES (3, 378);
INSERT INTO `TrackElement` VALUES (379);
INSERT INTO `Segment` (`id`, `Segment_length`) VALUES (379, -986);
INSERT INTO `TrackElement_sensor` VALUES (379, 378);
INSERT INTO `TrackElement` VALUES (380);
INSERT INTO `Segment` (`id`, `Segment_length`) VALUES (380, 131);
INSERT INTO `TrackElement_sensor` VALUES (380, 378);
INSERT INTO `TrackElement` VALUES (381);
INSERT INTO `Segment` (`id`, `Segment_length`) VALUES (381, 50);
INSERT INTO `TrackElement_sensor` VALUES (381, 378);
INSERT INTO `TrackElement` VALUES (382);
INSERT INTO `Segment` (`id`, `Segment_length`) VALUES (382, 180);
INSERT INTO `TrackElement_sensor` VALUES (382, 378);
INSERT INTO `TrackElement` VALUES (383);
INSERT INTO `Segment` (`id`, `Segment_length`) VALUES (383, 723);
INSERT INTO `TrackElement_sensor` VALUES (383, 378);
UPDATE `Switch` SET `Switch_currentState` = 1 WHERE `id` = 371;
INSERT INTO `SwitchPosition` (`id`, `SwitchPosition_switchState`, `SwitchPosition_switch`, `Route_switchPosition`) VALUES (384, 1, 371, 3);
INSERT INTO `TrackElement` VALUES (385);
INSERT INTO `Switch` (`id`) VALUES (385);
INSERT INTO `Sensor` (`id`) VALUES (386);
INSERT INTO `TrackElement` VALUES (387);
INSERT INTO `Segment` (`id`, `Segment_length`) VALUES (387, 706);
INSERT INTO `TrackElement_sensor` VALUES (387, 386);
INSERT INTO `TrackElement` VALUES (388);
INSERT INTO `Segment` (`id`, `Segment_length`) VALUES (388, 589);
INSERT INTO `TrackElement_sensor` VALUES (388, 386);
INSERT INTO `TrackElement` VALUES (389);
INSERT INTO `Segment` (`id`, `Segment_length`) VALUES (389, 612);
INSERT INTO `TrackElement_sensor` VALUES (389, 386);
INSERT INTO `TrackElement` VALUES (390);
INSERT INTO `Segment` (`id`, `Segment_length`) VALUES (390, 82);
INSERT INTO `TrackElement_sensor` VALUES (390, 386);
INSERT INTO `TrackElement` VALUES (391);
INSERT INTO `Segment` (`id`, `Segment_length`) VALUES (391, -624);
INSERT INTO `TrackElement_sensor` VALUES (391, 386);
INSERT INTO `Sensor` (`id`) VALUES (392);
INSERT INTO `TrackElement` VALUES (393);
INSERT INTO `Segment` (`id`, `Segment_length`) VALUES (393, 500);
INSERT INTO `TrackElement_sensor` VALUES (393, 392);
INSERT INTO `TrackElement` VALUES (394);
INSERT INTO `Segment` (`id`, `Segment_length`) VALUES (394, 554);
INSERT INTO `TrackElement_sensor` VALUES (394, 392);
INSERT INTO `TrackElement` VALUES (395);
INSERT INTO `Segment` (`id`, `Segment_length`) VALUES (395, 367);
INSERT INTO `TrackElement_sensor` VALUES (395, 392);
INSERT INTO `TrackElement` VALUES (396);
INSERT INTO `Segment` (`id`, `Segment_length`) VALUES (396, 776);
INSERT INTO `TrackElement_sensor` VALUES (396, 392);
INSERT INTO `TrackElement` VALUES (397);
INSERT INTO `Segment` (`id`, `Segment_length`) VALUES (397, 905);
INSERT INTO `TrackElement_sensor` VALUES (397, 392);
INSERT INTO `Sensor` (`id`) VALUES (398);
INSERT INTO `TrackElement_sensor` VALUES (385, 398);
INSERT INTO `Route_routeDefinition` VALUES (3, 398);
INSERT INTO `TrackElement` VALUES (399);
INSERT INTO `Segment` (`id`, `Segment_length`) VALUES (399, 584);
INSERT INTO `TrackElement_sensor` VALUES (399, 398);
INSERT INTO `TrackElement` VALUES (400);
INSERT INTO `Segment` (`id`, `Segment_length`) VALUES (400, 10);
INSERT INTO `TrackElement_sensor` VALUES (400, 398);
INSERT INTO `TrackElement` VALUES (401);
INSERT INTO `Segment` (`id`, `Segment_length`) VALUES (401, 286);
INSERT INTO `TrackElement_sensor` VALUES (401, 398);
INSERT INTO `TrackElement` VALUES (402);
INSERT INTO `Segment` (`id`, `Segment_length`) VALUES (402, 946);
INSERT INTO `TrackElement_sensor` VALUES (402, 398);
INSERT INTO `TrackElement` VALUES (403);
INSERT INTO `Segment` (`id`, `Segment_length`) VALUES (403, 105);
INSERT INTO `TrackElement_sensor` VALUES (403, 398);
INSERT INTO `Sensor` (`id`) VALUES (404);
INSERT INTO `TrackElement_sensor` VALUES (385, 404);
INSERT INTO `Route_routeDefinition` VALUES (3, 404);
INSERT INTO `TrackElement` VALUES (405);
INSERT INTO `Segment` (`id`, `Segment_length`) VALUES (405, 939);
INSERT INTO `TrackElement_sensor` VALUES (405, 404);
INSERT INTO `TrackElement` VALUES (406);
INSERT INTO `Segment` (`id`, `Segment_length`) VALUES (406, 964);
INSERT INTO `TrackElement_sensor` VALUES (406, 404);
INSERT INTO `TrackElement` VALUES (407);
INSERT INTO `Segment` (`id`, `Segment_length`) VALUES (407, -379);
INSERT INTO `TrackElement_sensor` VALUES (407, 404);
INSERT INTO `TrackElement` VALUES (408);
INSERT INTO `Segment` (`id`, `Segment_length`) VALUES (408, 267);
INSERT INTO `TrackElement_sensor` VALUES (408, 404);
INSERT INTO `TrackElement` VALUES (409);
INSERT INTO `Segment` (`id`, `Segment_length`) VALUES (409, 657);
INSERT INTO `TrackElement_sensor` VALUES (409, 404);
INSERT INTO `Sensor` (`id`) VALUES (410);
INSERT INTO `TrackElement` VALUES (411);
INSERT INTO `Segment` (`id`, `Segment_length`) VALUES (411, 695);
INSERT INTO `TrackElement_sensor` VALUES (411, 410);
INSERT INTO `TrackElement` VALUES (412);
INSERT INTO `Segment` (`id`, `Segment_length`) VALUES (412, 356);
INSERT INTO `TrackElement_sensor` VALUES (412, 410);
INSERT INTO `TrackElement` VALUES (413);
INSERT INTO `Segment` (`id`, `Segment_length`) VALUES (413, 709);
INSERT INTO `TrackElement_sensor` VALUES (413, 410);
INSERT INTO `TrackElement` VALUES (414);
INSERT INTO `Segment` (`id`, `Segment_length`) VALUES (414, 575);
INSERT INTO `TrackElement_sensor` VALUES (414, 410);
INSERT INTO `TrackElement` VALUES (415);
INSERT INTO `Segment` (`id`, `Segment_length`) VALUES (415, 480);
INSERT INTO `TrackElement_sensor` VALUES (415, 410);
UPDATE `Switch` SET `Switch_currentState` = 3 WHERE `id` = 385;
INSERT INTO `SwitchPosition` (`id`, `SwitchPosition_switchState`, `SwitchPosition_switch`, `Route_switchPosition`) VALUES (416, 0, 385, 3);
INSERT INTO `TrackElement` VALUES (417);
INSERT INTO `Switch` (`id`) VALUES (417);
UPDATE `Switch` SET `Switch_currentState` = 2 WHERE `id` = 417;
INSERT INTO `SwitchPosition` (`id`, `SwitchPosition_switchState`, `SwitchPosition_switch`, `Route_switchPosition`) VALUES (418, 2, 417, 3);
INSERT INTO `TrackElement` VALUES (419);
INSERT INTO `Switch` (`id`) VALUES (419);
INSERT INTO `Sensor` (`id`) VALUES (420);
INSERT INTO `TrackElement_sensor` VALUES (419, 420);
INSERT INTO `TrackElement` VALUES (421);
INSERT INTO `Segment` (`id`, `Segment_length`) VALUES (421, 77);
INSERT INTO `TrackElement_sensor` VALUES (421, 420);
INSERT INTO `TrackElement` VALUES (422);
INSERT INTO `Segment` (`id`, `Segment_length`) VALUES (422, 33);
INSERT INTO `TrackElement_sensor` VALUES (422, 420);
INSERT INTO `TrackElement` VALUES (423);
INSERT INTO `Segment` (`id`, `Segment_length`) VALUES (423, 509);
INSERT INTO `TrackElement_sensor` VALUES (423, 420);
INSERT INTO `TrackElement` VALUES (424);
INSERT INTO `Segment` (`id`, `Segment_length`) VALUES (424, 535);
INSERT INTO `TrackElement_sensor` VALUES (424, 420);
INSERT INTO `TrackElement` VALUES (425);
INSERT INTO `Segment` (`id`, `Segment_length`) VALUES (425, 817);
INSERT INTO `TrackElement_sensor` VALUES (425, 420);
INSERT INTO `Sensor` (`id`) VALUES (426);
INSERT INTO `TrackElement_sensor` VALUES (419, 426);
INSERT INTO `Route_routeDefinition` VALUES (3, 426);
INSERT INTO `TrackElement` VALUES (427);
INSERT INTO `Segment` (`id`, `Segment_length`) VALUES (427, 897);
INSERT INTO `TrackElement_sensor` VALUES (427, 426);
INSERT INTO `TrackElement` VALUES (428);
INSERT INTO `Segment` (`id`, `Segment_length`) VALUES (428, 730);
INSERT INTO `TrackElement_sensor` VALUES (428, 426);
INSERT INTO `TrackElement` VALUES (429);
INSERT INTO `Segment` (`id`, `Segment_length`) VALUES (429, 82);
INSERT INTO `TrackElement_sensor` VALUES (429, 426);
INSERT INTO `TrackElement` VALUES (430);
INSERT INTO `Segment` (`id`, `Segment_length`) VALUES (430, 795);
INSERT INTO `TrackElement_sensor` VALUES (430, 426);
INSERT INTO `TrackElement` VALUES (431);
INSERT INTO `Segment` (`id`, `Segment_length`) VALUES (431, 648);
INSERT INTO `TrackElement_sensor` VALUES (431, 426);
INSERT INTO `Sensor` (`id`) VALUES (432);
INSERT INTO `TrackElement_sensor` VALUES (419, 432);
INSERT INTO `TrackElement` VALUES (433);
INSERT INTO `Segment` (`id`, `Segment_length`) VALUES (433, 2);
INSERT INTO `TrackElement_sensor` VALUES (433, 432);
INSERT INTO `TrackElement` VALUES (434);
INSERT INTO `Segment` (`id`, `Segment_length`) VALUES (434, 325);
INSERT INTO `TrackElement_sensor` VALUES (434, 432);
INSERT INTO `TrackElement` VALUES (435);
INSERT INTO `Segment` (`id`, `Segment_length`) VALUES (435, 99);
INSERT INTO `TrackElement_sensor` VALUES (435, 432);
INSERT INTO `TrackElement` VALUES (436);
INSERT INTO `Segment` (`id`, `Segment_length`) VALUES (436, 554);
INSERT INTO `TrackElement_sensor` VALUES (436, 432);
INSERT INTO `TrackElement` VALUES (437);
INSERT INTO `Segment` (`id`, `Segment_length`) VALUES (437, 577);
INSERT INTO `TrackElement_sensor` VALUES (437, 432);
INSERT INTO `Sensor` (`id`) VALUES (438);
INSERT INTO `TrackElement_sensor` VALUES (419, 438);
INSERT INTO `Route_routeDefinition` VALUES (3, 438);
INSERT INTO `TrackElement` VALUES (439);
INSERT INTO `Segment` (`id`, `Segment_length`) VALUES (439, 125);
INSERT INTO `TrackElement_sensor` VALUES (439, 438);
INSERT INTO `TrackElement` VALUES (440);
INSERT INTO `Segment` (`id`, `Segment_length`) VALUES (440, 619);
INSERT INTO `TrackElement_sensor` VALUES (440, 438);
INSERT INTO `TrackElement` VALUES (441);
INSERT INTO `Segment` (`id`, `Segment_length`) VALUES (441, 322);
INSERT INTO `TrackElement_sensor` VALUES (441, 438);
INSERT INTO `TrackElement` VALUES (442);
INSERT INTO `Segment` (`id`, `Segment_length`) VALUES (442, 332);
INSERT INTO `TrackElement_sensor` VALUES (442, 438);
INSERT INTO `TrackElement` VALUES (443);
INSERT INTO `Segment` (`id`, `Segment_length`) VALUES (443, 798);
INSERT INTO `TrackElement_sensor` VALUES (443, 438);
UPDATE `Switch` SET `Switch_currentState` = 1 WHERE `id` = 419;
INSERT INTO `SwitchPosition` (`id`, `SwitchPosition_switchState`, `SwitchPosition_switch`, `Route_switchPosition`) VALUES (444, 1, 419, 3);
INSERT INTO `TrackElement` VALUES (445);
INSERT INTO `Switch` (`id`) VALUES (445);
INSERT INTO `Sensor` (`id`) VALUES (446);
INSERT INTO `TrackElement_sensor` VALUES (445, 446);
INSERT INTO `Route_routeDefinition` VALUES (3, 446);
INSERT INTO `TrackElement` VALUES (447);
INSERT INTO `Segment` (`id`, `Segment_length`) VALUES (447, 77);
INSERT INTO `TrackElement_sensor` VALUES (447, 446);
INSERT INTO `TrackElement` VALUES (448);
INSERT INTO `Segment` (`id`, `Segment_length`) VALUES (448, 29);
INSERT INTO `TrackElement_sensor` VALUES (448, 446);
INSERT INTO `TrackElement` VALUES (449);
INSERT INTO `Segment` (`id`, `Segment_length`) VALUES (449, 216);
INSERT INTO `TrackElement_sensor` VALUES (449, 446);
INSERT INTO `TrackElement` VALUES (450);
INSERT INTO `Segment` (`id`, `Segment_length`) VALUES (450, 481);
INSERT INTO `TrackElement_sensor` VALUES (450, 446);
INSERT INTO `TrackElement` VALUES (451);
INSERT INTO `Segment` (`id`, `Segment_length`) VALUES (451, 420);
INSERT INTO `TrackElement_sensor` VALUES (451, 446);
INSERT INTO `Sensor` (`id`) VALUES (452);
INSERT INTO `TrackElement_sensor` VALUES (445, 452);
INSERT INTO `Route_routeDefinition` VALUES (3, 452);
INSERT INTO `TrackElement` VALUES (453);
INSERT INTO `Segment` (`id`, `Segment_length`) VALUES (453, 941);
INSERT INTO `TrackElement_sensor` VALUES (453, 452);
INSERT INTO `TrackElement` VALUES (454);
INSERT INTO `Segment` (`id`, `Segment_length`) VALUES (454, 552);
INSERT INTO `TrackElement_sensor` VALUES (454, 452);
INSERT INTO `TrackElement` VALUES (455);
INSERT INTO `Segment` (`id`, `Segment_length`) VALUES (455, 392);
INSERT INTO `TrackElement_sensor` VALUES (455, 452);
INSERT INTO `TrackElement` VALUES (456);
INSERT INTO `Segment` (`id`, `Segment_length`) VALUES (456, 232);
INSERT INTO `TrackElement_sensor` VALUES (456, 452);
INSERT INTO `TrackElement` VALUES (457);
INSERT INTO `Segment` (`id`, `Segment_length`) VALUES (457, 541);
INSERT INTO `TrackElement_sensor` VALUES (457, 452);
INSERT INTO `Sensor` (`id`) VALUES (458);
INSERT INTO `TrackElement_sensor` VALUES (445, 458);
INSERT INTO `Route_routeDefinition` VALUES (3, 458);
INSERT INTO `TrackElement` VALUES (459);
INSERT INTO `Segment` (`id`, `Segment_length`) VALUES (459, 723);
INSERT INTO `TrackElement_sensor` VALUES (459, 458);
INSERT INTO `TrackElement` VALUES (460);
INSERT INTO `Segment` (`id`, `Segment_length`) VALUES (460, 479);
INSERT INTO `TrackElement_sensor` VALUES (460, 458);
INSERT INTO `TrackElement` VALUES (461);
INSERT INTO `Segment` (`id`, `Segment_length`) VALUES (461, 332);
INSERT INTO `TrackElement_sensor` VALUES (461, 458);
INSERT INTO `TrackElement` VALUES (462);
INSERT INTO `Segment` (`id`, `Segment_length`) VALUES (462, 522);
INSERT INTO `TrackElement_sensor` VALUES (462, 458);
INSERT INTO `TrackElement` VALUES (463);
INSERT INTO `Segment` (`id`, `Segment_length`) VALUES (463, 594);
INSERT INTO `TrackElement_sensor` VALUES (463, 458);
INSERT INTO `Sensor` (`id`) VALUES (464);
INSERT INTO `TrackElement_sensor` VALUES (445, 464);
INSERT INTO `Route_routeDefinition` VALUES (3, 464);
INSERT INTO `TrackElement` VALUES (465);
INSERT INTO `Segment` (`id`, `Segment_length`) VALUES (465, 4);
INSERT INTO `TrackElement_sensor` VALUES (465, 464);
INSERT INTO `TrackElement` VALUES (466);
INSERT INTO `Segment` (`id`, `Segment_length`) VALUES (466, 132);
INSERT INTO `TrackElement_sensor` VALUES (466, 464);
INSERT INTO `TrackElement` VALUES (467);
INSERT INTO `Segment` (`id`, `Segment_length`) VALUES (467, 817);
INSERT INTO `TrackElement_sensor` VALUES (467, 464);
INSERT INTO `TrackElement` VALUES (468);
INSERT INTO `Segment` (`id`, `Segment_length`) VALUES (468, 979);
INSERT INTO `TrackElement_sensor` VALUES (468, 464);
INSERT INTO `TrackElement` VALUES (469);
INSERT INTO `Segment` (`id`, `Segment_length`) VALUES (469, 742);
INSERT INTO `TrackElement_sensor` VALUES (469, 464);
INSERT INTO `Sensor` (`id`) VALUES (470);
INSERT INTO `TrackElement_sensor` VALUES (445, 470);
INSERT INTO `Route_routeDefinition` VALUES (3, 470);
INSERT INTO `TrackElement` VALUES (471);
INSERT INTO `Segment` (`id`, `Segment_length`) VALUES (471, 279);
INSERT INTO `TrackElement_sensor` VALUES (471, 470);
INSERT INTO `TrackElement` VALUES (472);
INSERT INTO `Segment` (`id`, `Segment_length`) VALUES (472, 608);
INSERT INTO `TrackElement_sensor` VALUES (472, 470);
INSERT INTO `TrackElement` VALUES (473);
INSERT INTO `Segment` (`id`, `Segment_length`) VALUES (473, 856);
INSERT INTO `TrackElement_sensor` VALUES (473, 470);
INSERT INTO `TrackElement` VALUES (474);
INSERT INTO `Segment` (`id`, `Segment_length`) VALUES (474, 399);
INSERT INTO `TrackElement_sensor` VALUES (474, 470);
INSERT INTO `TrackElement` VALUES (475);
INSERT INTO `Segment` (`id`, `Segment_length`) VALUES (475, 248);
INSERT INTO `TrackElement_sensor` VALUES (475, 470);
INSERT INTO `Sensor` (`id`) VALUES (476);
INSERT INTO `TrackElement_sensor` VALUES (445, 476);
INSERT INTO `Route_routeDefinition` VALUES (3, 476);
INSERT INTO `TrackElement` VALUES (477);
INSERT INTO `Segment` (`id`, `Segment_length`) VALUES (477, 8);
INSERT INTO `TrackElement_sensor` VALUES (477, 476);
INSERT INTO `TrackElement` VALUES (478);
INSERT INTO `Segment` (`id`, `Segment_length`) VALUES (478, 940);
INSERT INTO `TrackElement_sensor` VALUES (478, 476);
INSERT INTO `TrackElement` VALUES (479);
INSERT INTO `Segment` (`id`, `Segment_length`) VALUES (479, 133);
INSERT INTO `TrackElement_sensor` VALUES (479, 476);
INSERT INTO `TrackElement` VALUES (480);
INSERT INTO `Segment` (`id`, `Segment_length`) VALUES (480, 946);
INSERT INTO `TrackElement_sensor` VALUES (480, 476);
INSERT INTO `TrackElement` VALUES (481);
INSERT INTO `Segment` (`id`, `Segment_length`) VALUES (481, 505);
INSERT INTO `TrackElement_sensor` VALUES (481, 476);
UPDATE `Switch` SET `Switch_currentState` = 2 WHERE `id` = 445;
INSERT INTO `SwitchPosition` (`id`, `SwitchPosition_switchState`, `SwitchPosition_switch`, `Route_switchPosition`) VALUES (482, 2, 445, 3);
INSERT INTO `TrackElement_connectsTo` VALUES (4, 6);
INSERT INTO `TrackElement_connectsTo` VALUES (6, 7);
INSERT INTO `TrackElement_connectsTo` VALUES (7, 8);
INSERT INTO `TrackElement_connectsTo` VALUES (8, 9);
INSERT INTO `TrackElement_connectsTo` VALUES (9, 10);
INSERT INTO `TrackElement_connectsTo` VALUES (10, 12);
INSERT INTO `TrackElement_connectsTo` VALUES (12, 13);
INSERT INTO `TrackElement_connectsTo` VALUES (13, 14);
INSERT INTO `TrackElement_connectsTo` VALUES (14, 15);
INSERT INTO `TrackElement_connectsTo` VALUES (15, 16);
INSERT INTO `TrackElement_connectsTo` VALUES (16, 18);
INSERT INTO `TrackElement_connectsTo` VALUES (18, 19);
INSERT INTO `TrackElement_connectsTo` VALUES (19, 20);
INSERT INTO `TrackElement_connectsTo` VALUES (20, 21);
INSERT INTO `TrackElement_connectsTo` VALUES (21, 22);
INSERT INTO `TrackElement_connectsTo` VALUES (22, 24);
INSERT INTO `TrackElement_connectsTo` VALUES (24, 25);
INSERT INTO `TrackElement_connectsTo` VALUES (25, 26);
INSERT INTO `TrackElement_connectsTo` VALUES (26, 27);
INSERT INTO `TrackElement_connectsTo` VALUES (27, 28);
INSERT INTO `TrackElement_connectsTo` VALUES (28, 30);
INSERT INTO `TrackElement_connectsTo` VALUES (30, 31);
INSERT INTO `TrackElement_connectsTo` VALUES (31, 32);
INSERT INTO `TrackElement_connectsTo` VALUES (32, 33);
INSERT INTO `TrackElement_connectsTo` VALUES (33, 34);
INSERT INTO `TrackElement_connectsTo` VALUES (34, 36);
INSERT INTO `TrackElement_connectsTo` VALUES (36, 37);
INSERT INTO `TrackElement_connectsTo` VALUES (37, 38);
INSERT INTO `TrackElement_connectsTo` VALUES (38, 39);
INSERT INTO `TrackElement_connectsTo` VALUES (39, 40);
INSERT INTO `TrackElement_connectsTo` VALUES (40, 42);
INSERT INTO `TrackElement_connectsTo` VALUES (42, 43);
INSERT INTO `TrackElement_connectsTo` VALUES (43, 44);
INSERT INTO `TrackElement_connectsTo` VALUES (44, 45);
INSERT INTO `TrackElement_connectsTo` VALUES (45, 46);
INSERT INTO `TrackElement_connectsTo` VALUES (46, 48);
INSERT INTO `TrackElement_connectsTo` VALUES (48, 50);
INSERT INTO `TrackElement_connectsTo` VALUES (50, 52);
INSERT INTO `TrackElement_connectsTo` VALUES (52, 53);
INSERT INTO `TrackElement_connectsTo` VALUES (53, 54);
INSERT INTO `TrackElement_connectsTo` VALUES (54, 55);
INSERT INTO `TrackElement_connectsTo` VALUES (55, 56);
INSERT INTO `TrackElement_connectsTo` VALUES (56, 58);
INSERT INTO `TrackElement_connectsTo` VALUES (58, 60);
INSERT INTO `TrackElement_connectsTo` VALUES (60, 61);
INSERT INTO `TrackElement_connectsTo` VALUES (61, 62);
INSERT INTO `TrackElement_connectsTo` VALUES (62, 63);
INSERT INTO `TrackElement_connectsTo` VALUES (63, 64);
INSERT INTO `TrackElement_connectsTo` VALUES (64, 66);
INSERT INTO `TrackElement_connectsTo` VALUES (66, 67);
INSERT INTO `TrackElement_connectsTo` VALUES (67, 68);
INSERT INTO `TrackElement_connectsTo` VALUES (68, 69);
INSERT INTO `TrackElement_connectsTo` VALUES (69, 70);
INSERT INTO `TrackElement_connectsTo` VALUES (70, 71);
INSERT INTO `TrackElement_connectsTo` VALUES (71, 73);
INSERT INTO `TrackElement_connectsTo` VALUES (73, 74);
INSERT INTO `TrackElement_connectsTo` VALUES (74, 75);
INSERT INTO `TrackElement_connectsTo` VALUES (75, 76);
INSERT INTO `TrackElement_connectsTo` VALUES (76, 77);
INSERT INTO `TrackElement_connectsTo` VALUES (77, 79);
INSERT INTO `TrackElement_connectsTo` VALUES (79, 80);
INSERT INTO `TrackElement_connectsTo` VALUES (80, 81);
INSERT INTO `TrackElement_connectsTo` VALUES (81, 82);
INSERT INTO `TrackElement_connectsTo` VALUES (82, 83);
INSERT INTO `TrackElement_connectsTo` VALUES (83, 85);
INSERT INTO `TrackElement_connectsTo` VALUES (85, 87);
INSERT INTO `TrackElement_connectsTo` VALUES (87, 88);
INSERT INTO `TrackElement_connectsTo` VALUES (88, 89);
INSERT INTO `TrackElement_connectsTo` VALUES (89, 90);
INSERT INTO `TrackElement_connectsTo` VALUES (90, 91);
INSERT INTO `TrackElement_connectsTo` VALUES (91, 93);
INSERT INTO `TrackElement_connectsTo` VALUES (93, 94);
INSERT INTO `TrackElement_connectsTo` VALUES (94, 95);
INSERT INTO `TrackElement_connectsTo` VALUES (95, 96);
INSERT INTO `TrackElement_connectsTo` VALUES (96, 97);
INSERT INTO `TrackElement_connectsTo` VALUES (97, 99);
INSERT INTO `TrackElement_connectsTo` VALUES (99, 100);
INSERT INTO `TrackElement_connectsTo` VALUES (100, 101);
INSERT INTO `TrackElement_connectsTo` VALUES (101, 102);
INSERT INTO `TrackElement_connectsTo` VALUES (102, 103);
INSERT INTO `TrackElement_connectsTo` VALUES (103, 105);
INSERT INTO `TrackElement_connectsTo` VALUES (105, 106);
INSERT INTO `TrackElement_connectsTo` VALUES (106, 107);
INSERT INTO `TrackElement_connectsTo` VALUES (107, 108);
INSERT INTO `TrackElement_connectsTo` VALUES (108, 109);
INSERT INTO `TrackElement_connectsTo` VALUES (109, 111);
INSERT INTO `TrackElement_connectsTo` VALUES (111, 112);
INSERT INTO `TrackElement_connectsTo` VALUES (112, 113);
INSERT INTO `TrackElement_connectsTo` VALUES (113, 114);
INSERT INTO `TrackElement_connectsTo` VALUES (114, 115);
INSERT INTO `TrackElement_connectsTo` VALUES (115, 117);
INSERT INTO `TrackElement_connectsTo` VALUES (117, 118);
INSERT INTO `TrackElement_connectsTo` VALUES (118, 119);
INSERT INTO `TrackElement_connectsTo` VALUES (119, 120);
INSERT INTO `TrackElement_connectsTo` VALUES (120, 121);
INSERT INTO `TrackElement_connectsTo` VALUES (121, 123);
INSERT INTO `TrackElement_connectsTo` VALUES (123, 124);
INSERT INTO `TrackElement_connectsTo` VALUES (124, 125);
INSERT INTO `TrackElement_connectsTo` VALUES (125, 126);
INSERT INTO `TrackElement_connectsTo` VALUES (126, 127);
INSERT INTO `TrackElement_connectsTo` VALUES (127, 129);
INSERT INTO `TrackElement_connectsTo` VALUES (129, 130);
INSERT INTO `TrackElement_connectsTo` VALUES (130, 131);
INSERT INTO `TrackElement_connectsTo` VALUES (131, 132);
INSERT INTO `TrackElement_connectsTo` VALUES (132, 133);
INSERT INTO `TrackElement_connectsTo` VALUES (133, 135);
INSERT INTO `TrackElement_connectsTo` VALUES (135, 136);
INSERT INTO `TrackElement_connectsTo` VALUES (136, 137);
INSERT INTO `TrackElement_connectsTo` VALUES (137, 138);
INSERT INTO `TrackElement_connectsTo` VALUES (138, 139);
INSERT INTO `TrackElement_connectsTo` VALUES (139, 141);
INSERT INTO `TrackElement_connectsTo` VALUES (141, 143);
INSERT INTO `TrackElement_connectsTo` VALUES (143, 144);
INSERT INTO `TrackElement_connectsTo` VALUES (144, 145);
INSERT INTO `TrackElement_connectsTo` VALUES (145, 146);
INSERT INTO `TrackElement_connectsTo` VALUES (146, 147);
INSERT INTO `TrackElement_connectsTo` VALUES (147, 149);
INSERT INTO `TrackElement_connectsTo` VALUES (149, 150);
INSERT INTO `TrackElement_connectsTo` VALUES (150, 151);
INSERT INTO `TrackElement_connectsTo` VALUES (151, 152);
INSERT INTO `TrackElement_connectsTo` VALUES (152, 153);
INSERT INTO `TrackElement_connectsTo` VALUES (153, 155);
INSERT INTO `TrackElement_connectsTo` VALUES (155, 156);
INSERT INTO `TrackElement_connectsTo` VALUES (156, 157);
INSERT INTO `TrackElement_connectsTo` VALUES (157, 158);
INSERT INTO `TrackElement_connectsTo` VALUES (158, 159);
INSERT INTO `TrackElement_connectsTo` VALUES (159, 161);
INSERT INTO `TrackElement_connectsTo` VALUES (161, 162);
INSERT INTO `TrackElement_connectsTo` VALUES (162, 163);
INSERT INTO `TrackElement_connectsTo` VALUES (163, 164);
INSERT INTO `TrackElement_connectsTo` VALUES (164, 165);
INSERT INTO `TrackElement_connectsTo` VALUES (165, 167);
INSERT INTO `TrackElement_connectsTo` VALUES (167, 169);
INSERT INTO `TrackElement_connectsTo` VALUES (169, 170);
INSERT INTO `TrackElement_connectsTo` VALUES (170, 171);
INSERT INTO `TrackElement_connectsTo` VALUES (171, 172);
INSERT INTO `TrackElement_connectsTo` VALUES (172, 173);
INSERT INTO `TrackElement_connectsTo` VALUES (173, 175);
INSERT INTO `TrackElement_connectsTo` VALUES (175, 176);
INSERT INTO `TrackElement_connectsTo` VALUES (176, 177);
INSERT INTO `TrackElement_connectsTo` VALUES (177, 178);
INSERT INTO `TrackElement_connectsTo` VALUES (178, 179);
INSERT INTO `TrackElement_connectsTo` VALUES (179, 181);
INSERT INTO `TrackElement_connectsTo` VALUES (181, 182);
INSERT INTO `TrackElement_connectsTo` VALUES (182, 183);
INSERT INTO `TrackElement_connectsTo` VALUES (183, 184);
INSERT INTO `TrackElement_connectsTo` VALUES (184, 185);
INSERT INTO `TrackElement_connectsTo` VALUES (185, 187);
INSERT INTO `TrackElement_connectsTo` VALUES (187, 188);
INSERT INTO `TrackElement_connectsTo` VALUES (188, 189);
INSERT INTO `TrackElement_connectsTo` VALUES (189, 190);
INSERT INTO `TrackElement_connectsTo` VALUES (190, 191);
INSERT INTO `TrackElement_connectsTo` VALUES (191, 192);
INSERT INTO `TrackElement_connectsTo` VALUES (192, 194);
INSERT INTO `TrackElement_connectsTo` VALUES (194, 195);
INSERT INTO `TrackElement_connectsTo` VALUES (195, 196);
INSERT INTO `TrackElement_connectsTo` VALUES (196, 197);
INSERT INTO `TrackElement_connectsTo` VALUES (197, 198);
INSERT INTO `TrackElement_connectsTo` VALUES (198, 200);
INSERT INTO `TrackElement_connectsTo` VALUES (200, 201);
INSERT INTO `TrackElement_connectsTo` VALUES (201, 202);
INSERT INTO `TrackElement_connectsTo` VALUES (202, 203);
INSERT INTO `TrackElement_connectsTo` VALUES (203, 204);
INSERT INTO `TrackElement_connectsTo` VALUES (204, 206);
INSERT INTO `TrackElement_connectsTo` VALUES (206, 207);
INSERT INTO `TrackElement_connectsTo` VALUES (207, 208);
INSERT INTO `TrackElement_connectsTo` VALUES (208, 209);
INSERT INTO `TrackElement_connectsTo` VALUES (209, 210);
INSERT INTO `TrackElement_connectsTo` VALUES (210, 212);
INSERT INTO `TrackElement_connectsTo` VALUES (212, 213);
INSERT INTO `TrackElement_connectsTo` VALUES (213, 214);
INSERT INTO `TrackElement_connectsTo` VALUES (214, 215);
INSERT INTO `TrackElement_connectsTo` VALUES (215, 216);
INSERT INTO `TrackElement_connectsTo` VALUES (216, 218);
INSERT INTO `TrackElement_connectsTo` VALUES (218, 220);
INSERT INTO `TrackElement_connectsTo` VALUES (220, 221);
INSERT INTO `TrackElement_connectsTo` VALUES (221, 222);
INSERT INTO `TrackElement_connectsTo` VALUES (222, 223);
INSERT INTO `TrackElement_connectsTo` VALUES (223, 224);
INSERT INTO `TrackElement_connectsTo` VALUES (224, 226);
INSERT INTO `TrackElement_connectsTo` VALUES (226, 228);
INSERT INTO `TrackElement_connectsTo` VALUES (228, 229);
INSERT INTO `TrackElement_connectsTo` VALUES (229, 230);
INSERT INTO `TrackElement_connectsTo` VALUES (230, 231);
INSERT INTO `TrackElement_connectsTo` VALUES (231, 232);
INSERT INTO `TrackElement_connectsTo` VALUES (232, 234);
INSERT INTO `TrackElement_connectsTo` VALUES (234, 235);
INSERT INTO `TrackElement_connectsTo` VALUES (235, 236);
INSERT INTO `TrackElement_connectsTo` VALUES (236, 237);
INSERT INTO `TrackElement_connectsTo` VALUES (237, 238);
INSERT INTO `TrackElement_connectsTo` VALUES (238, 240);
INSERT INTO `TrackElement_connectsTo` VALUES (240, 241);
INSERT INTO `TrackElement_connectsTo` VALUES (241, 242);
INSERT INTO `TrackElement_connectsTo` VALUES (242, 243);
INSERT INTO `TrackElement_connectsTo` VALUES (243, 244);
INSERT INTO `TrackElement_connectsTo` VALUES (244, 246);
INSERT INTO `TrackElement_connectsTo` VALUES (246, 247);
INSERT INTO `TrackElement_connectsTo` VALUES (247, 248);
INSERT INTO `TrackElement_connectsTo` VALUES (248, 249);
INSERT INTO `TrackElement_connectsTo` VALUES (249, 250);
INSERT INTO `TrackElement_connectsTo` VALUES (250, 252);
INSERT INTO `TrackElement_connectsTo` VALUES (252, 254);
INSERT INTO `TrackElement_connectsTo` VALUES (254, 255);
INSERT INTO `TrackElement_connectsTo` VALUES (255, 256);
INSERT INTO `TrackElement_connectsTo` VALUES (256, 257);
INSERT INTO `TrackElement_connectsTo` VALUES (257, 258);
INSERT INTO `TrackElement_connectsTo` VALUES (258, 260);
INSERT INTO `TrackElement_connectsTo` VALUES (260, 262);
INSERT INTO `TrackElement_connectsTo` VALUES (262, 264);
INSERT INTO `TrackElement_connectsTo` VALUES (264, 265);
INSERT INTO `TrackElement_connectsTo` VALUES (265, 266);
INSERT INTO `TrackElement_connectsTo` VALUES (266, 267);
INSERT INTO `TrackElement_connectsTo` VALUES (267, 268);
INSERT INTO `TrackElement_connectsTo` VALUES (268, 270);
INSERT INTO `TrackElement_connectsTo` VALUES (270, 271);
INSERT INTO `TrackElement_connectsTo` VALUES (271, 272);
INSERT INTO `TrackElement_connectsTo` VALUES (272, 273);
INSERT INTO `TrackElement_connectsTo` VALUES (273, 274);
INSERT INTO `TrackElement_connectsTo` VALUES (274, 276);
INSERT INTO `TrackElement_connectsTo` VALUES (276, 277);
INSERT INTO `TrackElement_connectsTo` VALUES (277, 278);
INSERT INTO `TrackElement_connectsTo` VALUES (278, 279);
INSERT INTO `TrackElement_connectsTo` VALUES (279, 280);
INSERT INTO `TrackElement_connectsTo` VALUES (280, 282);
INSERT INTO `TrackElement_connectsTo` VALUES (282, 283);
INSERT INTO `TrackElement_connectsTo` VALUES (283, 284);
INSERT INTO `TrackElement_connectsTo` VALUES (284, 285);
INSERT INTO `TrackElement_connectsTo` VALUES (285, 286);
INSERT INTO `TrackElement_connectsTo` VALUES (286, 288);
INSERT INTO `TrackElement_connectsTo` VALUES (288, 289);
INSERT INTO `TrackElement_connectsTo` VALUES (289, 290);
INSERT INTO `TrackElement_connectsTo` VALUES (290, 291);
INSERT INTO `TrackElement_connectsTo` VALUES (291, 292);
INSERT INTO `TrackElement_connectsTo` VALUES (292, 294);
INSERT INTO `TrackElement_connectsTo` VALUES (294, 295);
INSERT INTO `TrackElement_connectsTo` VALUES (295, 296);
INSERT INTO `TrackElement_connectsTo` VALUES (296, 297);
INSERT INTO `TrackElement_connectsTo` VALUES (297, 298);
INSERT INTO `TrackElement_connectsTo` VALUES (298, 300);
INSERT INTO `TrackElement_connectsTo` VALUES (300, 301);
INSERT INTO `TrackElement_connectsTo` VALUES (301, 302);
INSERT INTO `TrackElement_connectsTo` VALUES (302, 303);
INSERT INTO `TrackElement_connectsTo` VALUES (303, 304);
INSERT INTO `TrackElement_connectsTo` VALUES (304, 306);
INSERT INTO `TrackElement_connectsTo` VALUES (306, 307);
INSERT INTO `TrackElement_connectsTo` VALUES (307, 308);
INSERT INTO `TrackElement_connectsTo` VALUES (308, 309);
INSERT INTO `TrackElement_connectsTo` VALUES (309, 310);
INSERT INTO `TrackElement_connectsTo` VALUES (310, 312);
INSERT INTO `TrackElement_connectsTo` VALUES (312, 314);
INSERT INTO `TrackElement_connectsTo` VALUES (314, 315);
INSERT INTO `TrackElement_connectsTo` VALUES (315, 316);
INSERT INTO `TrackElement_connectsTo` VALUES (316, 317);
INSERT INTO `TrackElement_connectsTo` VALUES (317, 318);
INSERT INTO `TrackElement_connectsTo` VALUES (318, 320);
INSERT INTO `TrackElement_connectsTo` VALUES (320, 322);
INSERT INTO `TrackElement_connectsTo` VALUES (322, 323);
INSERT INTO `TrackElement_connectsTo` VALUES (323, 324);
INSERT INTO `TrackElement_connectsTo` VALUES (324, 325);
INSERT INTO `TrackElement_connectsTo` VALUES (325, 326);
INSERT INTO `TrackElement_connectsTo` VALUES (326, 328);
INSERT INTO `TrackElement_connectsTo` VALUES (328, 329);
INSERT INTO `TrackElement_connectsTo` VALUES (329, 330);
INSERT INTO `TrackElement_connectsTo` VALUES (330, 331);
INSERT INTO `TrackElement_connectsTo` VALUES (331, 332);
INSERT INTO `TrackElement_connectsTo` VALUES (332, 334);
INSERT INTO `TrackElement_connectsTo` VALUES (334, 335);
INSERT INTO `TrackElement_connectsTo` VALUES (335, 336);
INSERT INTO `TrackElement_connectsTo` VALUES (336, 337);
INSERT INTO `TrackElement_connectsTo` VALUES (337, 338);
INSERT INTO `TrackElement_connectsTo` VALUES (338, 340);
INSERT INTO `TrackElement_connectsTo` VALUES (340, 341);
INSERT INTO `TrackElement_connectsTo` VALUES (341, 342);
INSERT INTO `TrackElement_connectsTo` VALUES (342, 343);
INSERT INTO `TrackElement_connectsTo` VALUES (343, 344);
INSERT INTO `TrackElement_connectsTo` VALUES (344, 346);
INSERT INTO `TrackElement_connectsTo` VALUES (346, 347);
INSERT INTO `TrackElement_connectsTo` VALUES (347, 348);
INSERT INTO `TrackElement_connectsTo` VALUES (348, 349);
INSERT INTO `TrackElement_connectsTo` VALUES (349, 350);
INSERT INTO `TrackElement_connectsTo` VALUES (350, 352);
INSERT INTO `TrackElement_connectsTo` VALUES (352, 353);
INSERT INTO `TrackElement_connectsTo` VALUES (353, 354);
INSERT INTO `TrackElement_connectsTo` VALUES (354, 355);
INSERT INTO `TrackElement_connectsTo` VALUES (355, 356);
INSERT INTO `TrackElement_connectsTo` VALUES (356, 357);
INSERT INTO `TrackElement_connectsTo` VALUES (357, 359);
INSERT INTO `TrackElement_connectsTo` VALUES (359, 360);
INSERT INTO `TrackElement_connectsTo` VALUES (360, 361);
INSERT INTO `TrackElement_connectsTo` VALUES (361, 362);
INSERT INTO `TrackElement_connectsTo` VALUES (362, 363);
INSERT INTO `TrackElement_connectsTo` VALUES (363, 365);
INSERT INTO `TrackElement_connectsTo` VALUES (365, 366);
INSERT INTO `TrackElement_connectsTo` VALUES (366, 367);
INSERT INTO `TrackElement_connectsTo` VALUES (367, 368);
INSERT INTO `TrackElement_connectsTo` VALUES (368, 369);
INSERT INTO `TrackElement_connectsTo` VALUES (369, 371);
INSERT INTO `TrackElement_connectsTo` VALUES (371, 373);
INSERT INTO `TrackElement_connectsTo` VALUES (373, 374);
INSERT INTO `TrackElement_connectsTo` VALUES (374, 375);
INSERT INTO `TrackElement_connectsTo` VALUES (375, 376);
INSERT INTO `TrackElement_connectsTo` VALUES (376, 377);
INSERT INTO `TrackElement_connectsTo` VALUES (377, 379);
INSERT INTO `TrackElement_connectsTo` VALUES (379, 380);
INSERT INTO `TrackElement_connectsTo` VALUES (380, 381);
INSERT INTO `TrackElement_connectsTo` VALUES (381, 382);
INSERT INTO `TrackElement_connectsTo` VALUES (382, 383);
INSERT INTO `TrackElement_connectsTo` VALUES (383, 385);
INSERT INTO `TrackElement_connectsTo` VALUES (385, 387);
INSERT INTO `TrackElement_connectsTo` VALUES (387, 388);
INSERT INTO `TrackElement_connectsTo` VALUES (388, 389);
INSERT INTO `TrackElement_connectsTo` VALUES (389, 390);
INSERT INTO `TrackElement_connectsTo` VALUES (390, 391);
INSERT INTO `TrackElement_connectsTo` VALUES (391, 393);
INSERT INTO `TrackElement_connectsTo` VALUES (393, 394);
INSERT INTO `TrackElement_connectsTo` VALUES (394, 395);
INSERT INTO `TrackElement_connectsTo` VALUES (395, 396);
INSERT INTO `TrackElement_connectsTo` VALUES (396, 397);
INSERT INTO `TrackElement_connectsTo` VALUES (397, 399);
INSERT INTO `TrackElement_connectsTo` VALUES (399, 400);
INSERT INTO `TrackElement_connectsTo` VALUES (400, 401);
INSERT INTO `TrackElement_connectsTo` VALUES (401, 402);
INSERT INTO `TrackElement_connectsTo` VALUES (402, 403);
INSERT INTO `TrackElement_connectsTo` VALUES (403, 405);
INSERT INTO `TrackElement_connectsTo` VALUES (405, 406);
INSERT INTO `TrackElement_connectsTo` VALUES (406, 407);
INSERT INTO `TrackElement_connectsTo` VALUES (407, 408);
INSERT INTO `TrackElement_connectsTo` VALUES (408, 409);
INSERT INTO `TrackElement_connectsTo` VALUES (409, 411);
INSERT INTO `TrackElement_connectsTo` VALUES (411, 412);
INSERT INTO `TrackElement_connectsTo` VALUES (412, 413);
INSERT INTO `TrackElement_connectsTo` VALUES (413, 414);
INSERT INTO `TrackElement_connectsTo` VALUES (414, 415);
INSERT INTO `TrackElement_connectsTo` VALUES (415, 417);
INSERT INTO `TrackElement_connectsTo` VALUES (417, 419);
INSERT INTO `TrackElement_connectsTo` VALUES (419, 421);
INSERT INTO `TrackElement_connectsTo` VALUES (421, 422);
INSERT INTO `TrackElement_connectsTo` VALUES (422, 423);
INSERT INTO `TrackElement_connectsTo` VALUES (423, 424);
INSERT INTO `TrackElement_connectsTo` VALUES (424, 425);
INSERT INTO `TrackElement_connectsTo` VALUES (425, 427);
INSERT INTO `TrackElement_connectsTo` VALUES (427, 428);
INSERT INTO `TrackElement_connectsTo` VALUES (428, 429);
INSERT INTO `TrackElement_connectsTo` VALUES (429, 430);
INSERT INTO `TrackElement_connectsTo` VALUES (430, 431);
INSERT INTO `TrackElement_connectsTo` VALUES (431, 433);
INSERT INTO `TrackElement_connectsTo` VALUES (433, 434);
INSERT INTO `TrackElement_connectsTo` VALUES (434, 435);
INSERT INTO `TrackElement_connectsTo` VALUES (435, 436);
INSERT INTO `TrackElement_connectsTo` VALUES (436, 437);
INSERT INTO `TrackElement_connectsTo` VALUES (437, 439);
INSERT INTO `TrackElement_connectsTo` VALUES (439, 440);
INSERT INTO `TrackElement_connectsTo` VALUES (440, 441);
INSERT INTO `TrackElement_connectsTo` VALUES (441, 442);
INSERT INTO `TrackElement_connectsTo` VALUES (442, 443);
INSERT INTO `TrackElement_connectsTo` VALUES (443, 445);
INSERT INTO `TrackElement_connectsTo` VALUES (445, 447);
INSERT INTO `TrackElement_connectsTo` VALUES (447, 448);
INSERT INTO `TrackElement_connectsTo` VALUES (448, 449);
INSERT INTO `TrackElement_connectsTo` VALUES (449, 450);
INSERT INTO `TrackElement_connectsTo` VALUES (450, 451);
INSERT INTO `TrackElement_connectsTo` VALUES (451, 453);
INSERT INTO `TrackElement_connectsTo` VALUES (453, 454);
INSERT INTO `TrackElement_connectsTo` VALUES (454, 455);
INSERT INTO `TrackElement_connectsTo` VALUES (455, 456);
INSERT INTO `TrackElement_connectsTo` VALUES (456, 457);
INSERT INTO `TrackElement_connectsTo` VALUES (457, 459);
INSERT INTO `TrackElement_connectsTo` VALUES (459, 460);
INSERT INTO `TrackElement_connectsTo` VALUES (460, 461);
INSERT INTO `TrackElement_connectsTo` VALUES (461, 462);
INSERT INTO `TrackElement_connectsTo` VALUES (462, 463);
INSERT INTO `TrackElement_connectsTo` VALUES (463, 465);
INSERT INTO `TrackElement_connectsTo` VALUES (465, 466);
INSERT INTO `TrackElement_connectsTo` VALUES (466, 467);
INSERT INTO `TrackElement_connectsTo` VALUES (467, 468);
INSERT INTO `TrackElement_connectsTo` VALUES (468, 469);
INSERT INTO `TrackElement_connectsTo` VALUES (469, 471);
INSERT INTO `TrackElement_connectsTo` VALUES (471, 472);
INSERT INTO `TrackElement_connectsTo` VALUES (472, 473);
INSERT INTO `TrackElement_connectsTo` VALUES (473, 474);
INSERT INTO `TrackElement_connectsTo` VALUES (474, 475);
INSERT INTO `TrackElement_connectsTo` VALUES (475, 477);
INSERT INTO `TrackElement_connectsTo` VALUES (477, 478);
INSERT INTO `TrackElement_connectsTo` VALUES (478, 479);
INSERT INTO `TrackElement_connectsTo` VALUES (479, 480);
INSERT INTO `TrackElement_connectsTo` VALUES (480, 481);
INSERT INTO `Signal` (`id`, `Signal_currentState`) VALUES (483, 2);
INSERT INTO `Route` (`id`, `Route_entry`, `Route_exit`) VALUES (484, 2, 483);
INSERT INTO `TrackElement` VALUES (485);
INSERT INTO `Switch` (`id`) VALUES (485);
INSERT INTO `Sensor` (`id`) VALUES (486);
INSERT INTO `TrackElement_sensor` VALUES (485, 486);
INSERT INTO `Route_routeDefinition` VALUES (484, 486);
INSERT INTO `TrackElement` VALUES (487);
INSERT INTO `Segment` (`id`, `Segment_length`) VALUES (487, 98);
INSERT INTO `TrackElement_sensor` VALUES (487, 486);
INSERT INTO `TrackElement` VALUES (488);
INSERT INTO `Segment` (`id`, `Segment_length`) VALUES (488, 346);
INSERT INTO `TrackElement_sensor` VALUES (488, 486);
INSERT INTO `TrackElement` VALUES (489);
INSERT INTO `Segment` (`id`, `Segment_length`) VALUES (489, 678);
INSERT INTO `TrackElement_sensor` VALUES (489, 486);
INSERT INTO `TrackElement` VALUES (490);
INSERT INTO `Segment` (`id`, `Segment_length`) VALUES (490, 534);
INSERT INTO `TrackElement_sensor` VALUES (490, 486);
INSERT INTO `TrackElement` VALUES (491);
INSERT INTO `Segment` (`id`, `Segment_length`) VALUES (491, 710);
INSERT INTO `TrackElement_sensor` VALUES (491, 486);
INSERT INTO `Sensor` (`id`) VALUES (492);
INSERT INTO `TrackElement_sensor` VALUES (485, 492);
INSERT INTO `Route_routeDefinition` VALUES (484, 492);
INSERT INTO `TrackElement` VALUES (493);
INSERT INTO `Segment` (`id`, `Segment_length`) VALUES (493, 627);
INSERT INTO `TrackElement_sensor` VALUES (493, 492);
INSERT INTO `TrackElement` VALUES (494);
INSERT INTO `Segment` (`id`, `Segment_length`) VALUES (494, 49);
INSERT INTO `TrackElement_sensor` VALUES (494, 492);
INSERT INTO `TrackElement` VALUES (495);
INSERT INTO `Segment` (`id`, `Segment_length`) VALUES (495, 43);
INSERT INTO `TrackElement_sensor` VALUES (495, 492);
INSERT INTO `TrackElement` VALUES (496);
INSERT INTO `Segment` (`id`, `Segment_length`) VALUES (496, 964);
INSERT INTO `TrackElement_sensor` VALUES (496, 492);
INSERT INTO `TrackElement` VALUES (497);
INSERT INTO `Segment` (`id`, `Segment_length`) VALUES (497, 27);
INSERT INTO `TrackElement_sensor` VALUES (497, 492);
UPDATE `Switch` SET `Switch_currentState` = 2 WHERE `id` = 485;
INSERT INTO `SwitchPosition` (`id`, `SwitchPosition_switchState`, `SwitchPosition_switch`, `Route_switchPosition`) VALUES (498, 2, 485, 484);
INSERT INTO `TrackElement` VALUES (499);
INSERT INTO `Switch` (`id`) VALUES (499);
INSERT INTO `Sensor` (`id`) VALUES (500);
INSERT INTO `TrackElement_sensor` VALUES (499, 500);
INSERT INTO `Route_routeDefinition` VALUES (484, 500);
INSERT INTO `TrackElement` VALUES (501);
INSERT INTO `Segment` (`id`, `Segment_length`) VALUES (501, 513);
INSERT INTO `TrackElement_sensor` VALUES (501, 500);
INSERT INTO `TrackElement` VALUES (502);
INSERT INTO `Segment` (`id`, `Segment_length`) VALUES (502, 213);
INSERT INTO `TrackElement_sensor` VALUES (502, 500);
INSERT INTO `TrackElement` VALUES (503);
INSERT INTO `Segment` (`id`, `Segment_length`) VALUES (503, 573);
INSERT INTO `TrackElement_sensor` VALUES (503, 500);
INSERT INTO `TrackElement` VALUES (504);
INSERT INTO `Segment` (`id`, `Segment_length`) VALUES (504, 867);
INSERT INTO `TrackElement_sensor` VALUES (504, 500);
INSERT INTO `TrackElement` VALUES (505);
INSERT INTO `Segment` (`id`, `Segment_length`) VALUES (505, 937);
INSERT INTO `TrackElement_sensor` VALUES (505, 500);
INSERT INTO `Sensor` (`id`) VALUES (506);
INSERT INTO `TrackElement_sensor` VALUES (499, 506);
INSERT INTO `Route_routeDefinition` VALUES (484, 506);
INSERT INTO `TrackElement` VALUES (507);
INSERT INTO `Segment` (`id`, `Segment_length`) VALUES (507, 973);
INSERT INTO `TrackElement_sensor` VALUES (507, 506);
INSERT INTO `TrackElement` VALUES (508);
INSERT INTO `Segment` (`id`, `Segment_length`) VALUES (508, 43);
INSERT INTO `TrackElement_sensor` VALUES (508, 506);
INSERT INTO `TrackElement` VALUES (509);
INSERT INTO `Segment` (`id`, `Segment_length`) VALUES (509, 695);
INSERT INTO `TrackElement_sensor` VALUES (509, 506);
INSERT INTO `TrackElement` VALUES (510);
INSERT INTO `Segment` (`id`, `Segment_length`) VALUES (510, -673);
INSERT INTO `TrackElement_sensor` VALUES (510, 506);
INSERT INTO `TrackElement` VALUES (511);
INSERT INTO `Segment` (`id`, `Segment_length`) VALUES (511, 492);
INSERT INTO `TrackElement_sensor` VALUES (511, 506);
UPDATE `Switch` SET `Switch_currentState` = 2 WHERE `id` = 499;
INSERT INTO `SwitchPosition` (`id`, `SwitchPosition_switchState`, `SwitchPosition_switch`, `Route_switchPosition`) VALUES (512, 1, 499, 484);
INSERT INTO `TrackElement` VALUES (513);
INSERT INTO `Switch` (`id`) VALUES (513);
INSERT INTO `Sensor` (`id`) VALUES (514);
INSERT INTO `TrackElement_sensor` VALUES (513, 514);
INSERT INTO `Route_routeDefinition` VALUES (484, 514);
INSERT INTO `TrackElement` VALUES (515);
INSERT INTO `Segment` (`id`, `Segment_length`) VALUES (515, 876);
INSERT INTO `TrackElement_sensor` VALUES (515, 514);
INSERT INTO `TrackElement` VALUES (516);
INSERT INTO `Segment` (`id`, `Segment_length`) VALUES (516, 629);
INSERT INTO `TrackElement_sensor` VALUES (516, 514);
INSERT INTO `TrackElement` VALUES (517);
INSERT INTO `Segment` (`id`, `Segment_length`) VALUES (517, 153);
INSERT INTO `TrackElement_sensor` VALUES (517, 514);
INSERT INTO `TrackElement` VALUES (518);
INSERT INTO `Segment` (`id`, `Segment_length`) VALUES (518, 881);
INSERT INTO `TrackElement_sensor` VALUES (518, 514);
INSERT INTO `TrackElement` VALUES (519);
INSERT INTO `Segment` (`id`, `Segment_length`) VALUES (519, 578);
INSERT INTO `TrackElement_sensor` VALUES (519, 514);
INSERT INTO `Sensor` (`id`) VALUES (520);
INSERT INTO `TrackElement_sensor` VALUES (513, 520);
INSERT INTO `TrackElement` VALUES (521);
INSERT INTO `Segment` (`id`, `Segment_length`) VALUES (521, 727);
INSERT INTO `TrackElement_sensor` VALUES (521, 520);
INSERT INTO `TrackElement` VALUES (522);
INSERT INTO `Segment` (`id`, `Segment_length`) VALUES (522, 797);
INSERT INTO `TrackElement_sensor` VALUES (522, 520);
INSERT INTO `TrackElement` VALUES (523);
INSERT INTO `Segment` (`id`, `Segment_length`) VALUES (523, 213);
INSERT INTO `TrackElement_sensor` VALUES (523, 520);
INSERT INTO `TrackElement` VALUES (524);
INSERT INTO `Segment` (`id`, `Segment_length`) VALUES (524, 565);
INSERT INTO `TrackElement_sensor` VALUES (524, 520);
INSERT INTO `TrackElement` VALUES (525);
INSERT INTO `Segment` (`id`, `Segment_length`) VALUES (525, 440);
INSERT INTO `TrackElement_sensor` VALUES (525, 520);
INSERT INTO `Sensor` (`id`) VALUES (526);
INSERT INTO `TrackElement_sensor` VALUES (513, 526);
INSERT INTO `Route_routeDefinition` VALUES (484, 526);
INSERT INTO `TrackElement` VALUES (527);
INSERT INTO `Segment` (`id`, `Segment_length`) VALUES (527, 863);
INSERT INTO `TrackElement_sensor` VALUES (527, 526);
INSERT INTO `TrackElement` VALUES (528);
INSERT INTO `Segment` (`id`, `Segment_length`) VALUES (528, 200);
INSERT INTO `TrackElement_sensor` VALUES (528, 526);
INSERT INTO `TrackElement` VALUES (529);
INSERT INTO `Segment` (`id`, `Segment_length`) VALUES (529, -985);
INSERT INTO `TrackElement_sensor` VALUES (529, 526);
INSERT INTO `TrackElement` VALUES (530);
INSERT INTO `Segment` (`id`, `Segment_length`) VALUES (530, 985);
INSERT INTO `TrackElement_sensor` VALUES (530, 526);
INSERT INTO `TrackElement` VALUES (531);
INSERT INTO `Segment` (`id`, `Segment_length`) VALUES (531, 486);
INSERT INTO `TrackElement_sensor` VALUES (531, 526);
INSERT INTO `Sensor` (`id`) VALUES (532);
INSERT INTO `TrackElement_sensor` VALUES (513, 532);
INSERT INTO `Route_routeDefinition` VALUES (484, 532);
INSERT INTO `TrackElement` VALUES (533);
INSERT INTO `Segment` (`id`, `Segment_length`) VALUES (533, 69);
INSERT INTO `TrackElement_sensor` VALUES (533, 532);
INSERT INTO `TrackElement` VALUES (534);
INSERT INTO `Segment` (`id`, `Segment_length`) VALUES (534, 103);
INSERT INTO `TrackElement_sensor` VALUES (534, 532);
INSERT INTO `TrackElement` VALUES (535);
INSERT INTO `Segment` (`id`, `Segment_length`) VALUES (535, 722);
INSERT INTO `TrackElement_sensor` VALUES (535, 532);
INSERT INTO `TrackElement` VALUES (536);
INSERT INTO `Segment` (`id`, `Segment_length`) VALUES (536, 879);
INSERT INTO `TrackElement_sensor` VALUES (536, 532);
INSERT INTO `TrackElement` VALUES (537);
INSERT INTO `Segment` (`id`, `Segment_length`) VALUES (537, 374);
INSERT INTO `TrackElement_sensor` VALUES (537, 532);
UPDATE `Switch` SET `Switch_currentState` = 0 WHERE `id` = 513;
INSERT INTO `SwitchPosition` (`id`, `SwitchPosition_switchState`, `SwitchPosition_switch`, `Route_switchPosition`) VALUES (538, 0, 513, 484);
INSERT INTO `TrackElement` VALUES (539);
INSERT INTO `Switch` (`id`) VALUES (539);
INSERT INTO `Sensor` (`id`) VALUES (540);
INSERT INTO `TrackElement_sensor` VALUES (539, 540);
INSERT INTO `Route_routeDefinition` VALUES (484, 540);
INSERT INTO `TrackElement` VALUES (541);
INSERT INTO `Segment` (`id`, `Segment_length`) VALUES (541, 10);
INSERT INTO `TrackElement_sensor` VALUES (541, 540);
INSERT INTO `TrackElement` VALUES (542);
INSERT INTO `Segment` (`id`, `Segment_length`) VALUES (542, 416);
INSERT INTO `TrackElement_sensor` VALUES (542, 540);
INSERT INTO `TrackElement` VALUES (543);
INSERT INTO `Segment` (`id`, `Segment_length`) VALUES (543, 629);
INSERT INTO `TrackElement_sensor` VALUES (543, 540);
INSERT INTO `TrackElement` VALUES (544);
INSERT INTO `Segment` (`id`, `Segment_length`) VALUES (544, 105);
INSERT INTO `TrackElement_sensor` VALUES (544, 540);
INSERT INTO `TrackElement` VALUES (545);
INSERT INTO `Segment` (`id`, `Segment_length`) VALUES (545, 481);
INSERT INTO `TrackElement_sensor` VALUES (545, 540);
INSERT INTO `Sensor` (`id`) VALUES (546);
INSERT INTO `TrackElement_sensor` VALUES (539, 546);
INSERT INTO `Route_routeDefinition` VALUES (484, 546);
INSERT INTO `TrackElement` VALUES (547);
INSERT INTO `Segment` (`id`, `Segment_length`) VALUES (547, 747);
INSERT INTO `TrackElement_sensor` VALUES (547, 546);
INSERT INTO `TrackElement` VALUES (548);
INSERT INTO `Segment` (`id`, `Segment_length`) VALUES (548, 134);
INSERT INTO `TrackElement_sensor` VALUES (548, 546);
INSERT INTO `TrackElement` VALUES (549);
INSERT INTO `Segment` (`id`, `Segment_length`) VALUES (549, 394);
INSERT INTO `TrackElement_sensor` VALUES (549, 546);
INSERT INTO `TrackElement` VALUES (550);
INSERT INTO `Segment` (`id`, `Segment_length`) VALUES (550, 949);
INSERT INTO `TrackElement_sensor` VALUES (550, 546);
INSERT INTO `TrackElement` VALUES (551);
INSERT INTO `Segment` (`id`, `Segment_length`) VALUES (551, 568);
INSERT INTO `TrackElement_sensor` VALUES (551, 546);
INSERT INTO `Sensor` (`id`) VALUES (552);
INSERT INTO `TrackElement_sensor` VALUES (539, 552);
INSERT INTO `Route_routeDefinition` VALUES (484, 552);
INSERT INTO `TrackElement` VALUES (553);
INSERT INTO `Segment` (`id`, `Segment_length`) VALUES (553, 82);
INSERT INTO `TrackElement_sensor` VALUES (553, 552);
INSERT INTO `TrackElement` VALUES (554);
INSERT INTO `Segment` (`id`, `Segment_length`) VALUES (554, 743);
INSERT INTO `TrackElement_sensor` VALUES (554, 552);
INSERT INTO `TrackElement` VALUES (555);
INSERT INTO `Segment` (`id`, `Segment_length`) VALUES (555, 701);
INSERT INTO `TrackElement_sensor` VALUES (555, 552);
INSERT INTO `TrackElement` VALUES (556);
INSERT INTO `Segment` (`id`, `Segment_length`) VALUES (556, 67);
INSERT INTO `TrackElement_sensor` VALUES (556, 552);
INSERT INTO `TrackElement` VALUES (557);
INSERT INTO `Segment` (`id`, `Segment_length`) VALUES (557, 633);
INSERT INTO `TrackElement_sensor` VALUES (557, 552);
INSERT INTO `Sensor` (`id`) VALUES (558);
INSERT INTO `TrackElement_sensor` VALUES (539, 558);
INSERT INTO `Route_routeDefinition` VALUES (484, 558);
INSERT INTO `TrackElement` VALUES (559);
INSERT INTO `Segment` (`id`, `Segment_length`) VALUES (559, 398);
INSERT INTO `TrackElement_sensor` VALUES (559, 558);
INSERT INTO `TrackElement` VALUES (560);
INSERT INTO `Segment` (`id`, `Segment_length`) VALUES (560, 550);
INSERT INTO `TrackElement_sensor` VALUES (560, 558);
INSERT INTO `TrackElement` VALUES (561);
INSERT INTO `Segment` (`id`, `Segment_length`) VALUES (561, 874);
INSERT INTO `TrackElement_sensor` VALUES (561, 558);
INSERT INTO `TrackElement` VALUES (562);
INSERT INTO `Segment` (`id`, `Segment_length`) VALUES (562, 988);
INSERT INTO `TrackElement_sensor` VALUES (562, 558);
INSERT INTO `TrackElement` VALUES (563);
INSERT INTO `Segment` (`id`, `Segment_length`) VALUES (563, 836);
INSERT INTO `TrackElement_sensor` VALUES (563, 558);
INSERT INTO `TrackElement` VALUES (564);
INSERT INTO `Segment` (`id`, `Segment_length`) VALUES (564, 938);
INSERT INTO `TrackElement_sensor` VALUES (564, 558);
INSERT INTO `Sensor` (`id`) VALUES (565);
INSERT INTO `TrackElement_sensor` VALUES (539, 565);
INSERT INTO `TrackElement` VALUES (566);
INSERT INTO `Segment` (`id`, `Segment_length`) VALUES (566, 76);
INSERT INTO `TrackElement_sensor` VALUES (566, 565);
INSERT INTO `TrackElement` VALUES (567);
INSERT INTO `Segment` (`id`, `Segment_length`) VALUES (567, 709);
INSERT INTO `TrackElement_sensor` VALUES (567, 565);
INSERT INTO `TrackElement` VALUES (568);
INSERT INTO `Segment` (`id`, `Segment_length`) VALUES (568, -844);
INSERT INTO `TrackElement_sensor` VALUES (568, 565);
INSERT INTO `TrackElement` VALUES (569);
INSERT INTO `Segment` (`id`, `Segment_length`) VALUES (569, 834);
INSERT INTO `TrackElement_sensor` VALUES (569, 565);
INSERT INTO `TrackElement` VALUES (570);
INSERT INTO `Segment` (`id`, `Segment_length`) VALUES (570, 26);
INSERT INTO `TrackElement_sensor` VALUES (570, 565);
INSERT INTO `Sensor` (`id`) VALUES (571);
INSERT INTO `TrackElement_sensor` VALUES (539, 571);
INSERT INTO `Route_routeDefinition` VALUES (484, 571);
INSERT INTO `TrackElement` VALUES (572);
INSERT INTO `Segment` (`id`, `Segment_length`) VALUES (572, 685);
INSERT INTO `TrackElement_sensor` VALUES (572, 571);
INSERT INTO `TrackElement` VALUES (573);
INSERT INTO `Segment` (`id`, `Segment_length`) VALUES (573, 246);
INSERT INTO `TrackElement_sensor` VALUES (573, 571);
INSERT INTO `TrackElement` VALUES (574);
INSERT INTO `Segment` (`id`, `Segment_length`) VALUES (574, 347);
INSERT INTO `TrackElement_sensor` VALUES (574, 571);
INSERT INTO `TrackElement` VALUES (575);
INSERT INTO `Segment` (`id`, `Segment_length`) VALUES (575, 205);
INSERT INTO `TrackElement_sensor` VALUES (575, 571);
INSERT INTO `TrackElement` VALUES (576);
INSERT INTO `Segment` (`id`, `Segment_length`) VALUES (576, 390);
INSERT INTO `TrackElement_sensor` VALUES (576, 571);
UPDATE `Switch` SET `Switch_currentState` = 2 WHERE `id` = 539;
INSERT INTO `SwitchPosition` (`id`, `SwitchPosition_switchState`, `SwitchPosition_switch`, `Route_switchPosition`) VALUES (577, 1, 539, 484);
INSERT INTO `TrackElement` VALUES (578);
INSERT INTO `Switch` (`id`) VALUES (578);
UPDATE `Switch` SET `Switch_currentState` = 0 WHERE `id` = 578;
INSERT INTO `SwitchPosition` (`id`, `SwitchPosition_switchState`, `SwitchPosition_switch`, `Route_switchPosition`) VALUES (579, 0, 578, 484);
INSERT INTO `TrackElement_connectsTo` VALUES (485, 487);
INSERT INTO `TrackElement_connectsTo` VALUES (487, 488);
INSERT INTO `TrackElement_connectsTo` VALUES (488, 489);
INSERT INTO `TrackElement_connectsTo` VALUES (489, 490);
INSERT INTO `TrackElement_connectsTo` VALUES (490, 491);
INSERT INTO `TrackElement_connectsTo` VALUES (491, 493);
INSERT INTO `TrackElement_connectsTo` VALUES (493, 494);
INSERT INTO `TrackElement_connectsTo` VALUES (494, 495);
INSERT INTO `TrackElement_connectsTo` VALUES (495, 496);
INSERT INTO `TrackElement_connectsTo` VALUES (496, 497);
INSERT INTO `TrackElement_connectsTo` VALUES (497, 499);
INSERT INTO `TrackElement_connectsTo` VALUES (499, 501);
INSERT INTO `TrackElement_connectsTo` VALUES (501, 502);
INSERT INTO `TrackElement_connectsTo` VALUES (502, 503);
INSERT INTO `TrackElement_connectsTo` VALUES (503, 504);
INSERT INTO `TrackElement_connectsTo` VALUES (504, 505);
INSERT INTO `TrackElement_connectsTo` VALUES (505, 507);
INSERT INTO `TrackElement_connectsTo` VALUES (507, 508);
INSERT INTO `TrackElement_connectsTo` VALUES (508, 509);
INSERT INTO `TrackElement_connectsTo` VALUES (509, 510);
INSERT INTO `TrackElement_connectsTo` VALUES (510, 511);
INSERT INTO `TrackElement_connectsTo` VALUES (511, 513);
INSERT INTO `TrackElement_connectsTo` VALUES (513, 515);
INSERT INTO `TrackElement_connectsTo` VALUES (515, 516);
INSERT INTO `TrackElement_connectsTo` VALUES (516, 517);
INSERT INTO `TrackElement_connectsTo` VALUES (517, 518);
INSERT INTO `TrackElement_connectsTo` VALUES (518, 519);
INSERT INTO `TrackElement_connectsTo` VALUES (519, 521);
INSERT INTO `TrackElement_connectsTo` VALUES (521, 522);
INSERT INTO `TrackElement_connectsTo` VALUES (522, 523);
INSERT INTO `TrackElement_connectsTo` VALUES (523, 524);
INSERT INTO `TrackElement_connectsTo` VALUES (524, 525);
INSERT INTO `TrackElement_connectsTo` VALUES (525, 527);
INSERT INTO `TrackElement_connectsTo` VALUES (527, 528);
INSERT INTO `TrackElement_connectsTo` VALUES (528, 529);
INSERT INTO `TrackElement_connectsTo` VALUES (529, 530);
INSERT INTO `TrackElement_connectsTo` VALUES (530, 531);
INSERT INTO `TrackElement_connectsTo` VALUES (531, 533);
INSERT INTO `TrackElement_connectsTo` VALUES (533, 534);
INSERT INTO `TrackElement_connectsTo` VALUES (534, 535);
INSERT INTO `TrackElement_connectsTo` VALUES (535, 536);
INSERT INTO `TrackElement_connectsTo` VALUES (536, 537);
INSERT INTO `TrackElement_connectsTo` VALUES (537, 539);
INSERT INTO `TrackElement_connectsTo` VALUES (539, 541);
INSERT INTO `TrackElement_connectsTo` VALUES (541, 542);
INSERT INTO `TrackElement_connectsTo` VALUES (542, 543);
INSERT INTO `TrackElement_connectsTo` VALUES (543, 544);
INSERT INTO `TrackElement_connectsTo` VALUES (544, 545);
INSERT INTO `TrackElement_connectsTo` VALUES (545, 547);
INSERT INTO `TrackElement_connectsTo` VALUES (547, 548);
INSERT INTO `TrackElement_connectsTo` VALUES (548, 549);
INSERT INTO `TrackElement_connectsTo` VALUES (549, 550);
INSERT INTO `TrackElement_connectsTo` VALUES (550, 551);
INSERT INTO `TrackElement_connectsTo` VALUES (551, 553);
INSERT INTO `TrackElement_connectsTo` VALUES (553, 554);
INSERT INTO `TrackElement_connectsTo` VALUES (554, 555);
INSERT INTO `TrackElement_connectsTo` VALUES (555, 556);
INSERT INTO `TrackElement_connectsTo` VALUES (556, 557);
INSERT INTO `TrackElement_connectsTo` VALUES (557, 559);
INSERT INTO `TrackElement_connectsTo` VALUES (559, 560);
INSERT INTO `TrackElement_connectsTo` VALUES (560, 561);
INSERT INTO `TrackElement_connectsTo` VALUES (561, 562);
INSERT INTO `TrackElement_connectsTo` VALUES (562, 563);
INSERT INTO `TrackElement_connectsTo` VALUES (563, 564);
INSERT INTO `TrackElement_connectsTo` VALUES (564, 566);
INSERT INTO `TrackElement_connectsTo` VALUES (566, 567);
INSERT INTO `TrackElement_connectsTo` VALUES (567, 568);
INSERT INTO `TrackElement_connectsTo` VALUES (568, 569);
INSERT INTO `TrackElement_connectsTo` VALUES (569, 570);
INSERT INTO `TrackElement_connectsTo` VALUES (570, 572);
INSERT INTO `TrackElement_connectsTo` VALUES (572, 573);
INSERT INTO `TrackElement_connectsTo` VALUES (573, 574);
INSERT INTO `TrackElement_connectsTo` VALUES (574, 575);
INSERT INTO `TrackElement_connectsTo` VALUES (575, 576);
INSERT INTO `TrackElement_connectsTo` VALUES (576, 578);
INSERT INTO `TrackElement_connectsTo` VALUES (481, 485);
INSERT INTO `Signal` (`id`, `Signal_currentState`) VALUES (580, 2);
INSERT INTO `Route` (`id`, `Route_entry`, `Route_exit`) VALUES (581, 483, 580);
INSERT INTO `TrackElement` VALUES (582);
INSERT INTO `Switch` (`id`) VALUES (582);
INSERT INTO `Sensor` (`id`) VALUES (583);
INSERT INTO `TrackElement_sensor` VALUES (582, 583);
INSERT INTO `Route_routeDefinition` VALUES (581, 583);
INSERT INTO `TrackElement` VALUES (584);
INSERT INTO `Segment` (`id`, `Segment_length`) VALUES (584, 760);
INSERT INTO `TrackElement_sensor` VALUES (584, 583);
INSERT INTO `TrackElement` VALUES (585);
INSERT INTO `Segment` (`id`, `Segment_length`) VALUES (585, 97);
INSERT INTO `TrackElement_sensor` VALUES (585, 583);
INSERT INTO `TrackElement` VALUES (586);
INSERT INTO `Segment` (`id`, `Segment_length`) VALUES (586, 184);
INSERT INTO `TrackElement_sensor` VALUES (586, 583);
INSERT INTO `TrackElement` VALUES (587);
INSERT INTO `Segment` (`id`, `Segment_length`) VALUES (587, 657);
INSERT INTO `TrackElement_sensor` VALUES (587, 583);
INSERT INTO `TrackElement` VALUES (588);
INSERT INTO `Segment` (`id`, `Segment_length`) VALUES (588, 667);
INSERT INTO `TrackElement_sensor` VALUES (588, 583);
INSERT INTO `Sensor` (`id`) VALUES (589);
INSERT INTO `TrackElement_sensor` VALUES (582, 589);
INSERT INTO `Route_routeDefinition` VALUES (581, 589);
INSERT INTO `TrackElement` VALUES (590);
INSERT INTO `Segment` (`id`, `Segment_length`) VALUES (590, 824);
INSERT INTO `TrackElement_sensor` VALUES (590, 589);
INSERT INTO `TrackElement` VALUES (591);
INSERT INTO `Segment` (`id`, `Segment_length`) VALUES (591, 740);
INSERT INTO `TrackElement_sensor` VALUES (591, 589);
INSERT INTO `TrackElement` VALUES (592);
INSERT INTO `Segment` (`id`, `Segment_length`) VALUES (592, 609);
INSERT INTO `TrackElement_sensor` VALUES (592, 589);
INSERT INTO `TrackElement` VALUES (593);
INSERT INTO `Segment` (`id`, `Segment_length`) VALUES (593, 31);
INSERT INTO `TrackElement_sensor` VALUES (593, 589);
INSERT INTO `TrackElement` VALUES (594);
INSERT INTO `Segment` (`id`, `Segment_length`) VALUES (594, 43);
INSERT INTO `TrackElement_sensor` VALUES (594, 589);
INSERT INTO `Sensor` (`id`) VALUES (595);
INSERT INTO `TrackElement_sensor` VALUES (582, 595);
INSERT INTO `Route_routeDefinition` VALUES (581, 595);
INSERT INTO `TrackElement` VALUES (596);
INSERT INTO `Segment` (`id`, `Segment_length`) VALUES (596, 855);
INSERT INTO `TrackElement_sensor` VALUES (596, 595);
INSERT INTO `TrackElement` VALUES (597);
INSERT INTO `Segment` (`id`, `Segment_length`) VALUES (597, 319);
INSERT INTO `TrackElement_sensor` VALUES (597, 595);
INSERT INTO `TrackElement` VALUES (598);
INSERT INTO `Segment` (`id`, `Segment_length`) VALUES (598, 880);
INSERT INTO `TrackElement_sensor` VALUES (598, 595);
INSERT INTO `TrackElement` VALUES (599);
INSERT INTO `Segment` (`id`, `Segment_length`) VALUES (599, 139);
INSERT INTO `TrackElement_sensor` VALUES (599, 595);
INSERT INTO `TrackElement` VALUES (600);
INSERT INTO `Segment` (`id`, `Segment_length`) VALUES (600, 90);
INSERT INTO `TrackElement_sensor` VALUES (600, 595);
UPDATE `Switch` SET `Switch_currentState` = 0 WHERE `id` = 582;
INSERT INTO `SwitchPosition` (`id`, `SwitchPosition_switchState`, `SwitchPosition_switch`, `Route_switchPosition`) VALUES (601, 0, 582, 581);
INSERT INTO `TrackElement` VALUES (602);
INSERT INTO `Switch` (`id`) VALUES (602);
INSERT INTO `Sensor` (`id`) VALUES (603);
INSERT INTO `TrackElement_sensor` VALUES (602, 603);
INSERT INTO `Route_routeDefinition` VALUES (581, 603);
INSERT INTO `TrackElement` VALUES (604);
INSERT INTO `Segment` (`id`, `Segment_length`) VALUES (604, 165);
INSERT INTO `TrackElement_sensor` VALUES (604, 603);
INSERT INTO `TrackElement` VALUES (605);
INSERT INTO `Segment` (`id`, `Segment_length`) VALUES (605, 378);
INSERT INTO `TrackElement_sensor` VALUES (605, 603);
INSERT INTO `TrackElement` VALUES (606);
INSERT INTO `Segment` (`id`, `Segment_length`) VALUES (606, 829);
INSERT INTO `TrackElement_sensor` VALUES (606, 603);
INSERT INTO `TrackElement` VALUES (607);
INSERT INTO `Segment` (`id`, `Segment_length`) VALUES (607, 39);
INSERT INTO `TrackElement_sensor` VALUES (607, 603);
INSERT INTO `TrackElement` VALUES (608);
INSERT INTO `Segment` (`id`, `Segment_length`) VALUES (608, 533);
INSERT INTO `TrackElement_sensor` VALUES (608, 603);
INSERT INTO `Sensor` (`id`) VALUES (609);
INSERT INTO `TrackElement_sensor` VALUES (602, 609);
INSERT INTO `Route_routeDefinition` VALUES (581, 609);
INSERT INTO `TrackElement` VALUES (610);
INSERT INTO `Segment` (`id`, `Segment_length`) VALUES (610, 363);
INSERT INTO `TrackElement_sensor` VALUES (610, 609);
INSERT INTO `TrackElement` VALUES (611);
INSERT INTO `Segment` (`id`, `Segment_length`) VALUES (611, 922);
INSERT INTO `TrackElement_sensor` VALUES (611, 609);
INSERT INTO `TrackElement` VALUES (612);
INSERT INTO `Segment` (`id`, `Segment_length`) VALUES (612, 141);
INSERT INTO `TrackElement_sensor` VALUES (612, 609);
INSERT INTO `TrackElement` VALUES (613);
INSERT INTO `Segment` (`id`, `Segment_length`) VALUES (613, 274);
INSERT INTO `TrackElement_sensor` VALUES (613, 609);
INSERT INTO `TrackElement` VALUES (614);
INSERT INTO `Segment` (`id`, `Segment_length`) VALUES (614, 381);
INSERT INTO `TrackElement_sensor` VALUES (614, 609);
INSERT INTO `Sensor` (`id`) VALUES (615);
INSERT INTO `TrackElement_sensor` VALUES (602, 615);
INSERT INTO `Route_routeDefinition` VALUES (581, 615);
INSERT INTO `TrackElement` VALUES (616);
INSERT INTO `Segment` (`id`, `Segment_length`) VALUES (616, 752);
INSERT INTO `TrackElement_sensor` VALUES (616, 615);
INSERT INTO `TrackElement` VALUES (617);
INSERT INTO `Segment` (`id`, `Segment_length`) VALUES (617, 744);
INSERT INTO `TrackElement_sensor` VALUES (617, 615);
INSERT INTO `TrackElement` VALUES (618);
INSERT INTO `Segment` (`id`, `Segment_length`) VALUES (618, 899);
INSERT INTO `TrackElement_sensor` VALUES (618, 615);
INSERT INTO `TrackElement` VALUES (619);
INSERT INTO `Segment` (`id`, `Segment_length`) VALUES (619, -481);
INSERT INTO `TrackElement_sensor` VALUES (619, 615);
INSERT INTO `TrackElement` VALUES (620);
INSERT INTO `Segment` (`id`, `Segment_length`) VALUES (620, -757);
INSERT INTO `TrackElement_sensor` VALUES (620, 615);
INSERT INTO `Sensor` (`id`) VALUES (621);
INSERT INTO `TrackElement_sensor` VALUES (602, 621);
INSERT INTO `Route_routeDefinition` VALUES (581, 621);
INSERT INTO `TrackElement` VALUES (622);
INSERT INTO `Segment` (`id`, `Segment_length`) VALUES (622, 112);
INSERT INTO `TrackElement_sensor` VALUES (622, 621);
INSERT INTO `TrackElement` VALUES (623);
INSERT INTO `Segment` (`id`, `Segment_length`) VALUES (623, 574);
INSERT INTO `TrackElement_sensor` VALUES (623, 621);
INSERT INTO `TrackElement` VALUES (624);
INSERT INTO `Segment` (`id`, `Segment_length`) VALUES (624, 130);
INSERT INTO `TrackElement_sensor` VALUES (624, 621);
INSERT INTO `TrackElement` VALUES (625);
INSERT INTO `Segment` (`id`, `Segment_length`) VALUES (625, 210);
INSERT INTO `TrackElement_sensor` VALUES (625, 621);
INSERT INTO `TrackElement` VALUES (626);
INSERT INTO `Segment` (`id`, `Segment_length`) VALUES (626, 910);
INSERT INTO `TrackElement_sensor` VALUES (626, 621);
UPDATE `Switch` SET `Switch_currentState` = 3 WHERE `id` = 602;
INSERT INTO `SwitchPosition` (`id`, `SwitchPosition_switchState`, `SwitchPosition_switch`, `Route_switchPosition`) VALUES (627, 0, 602, 581);
INSERT INTO `TrackElement` VALUES (628);
INSERT INTO `Switch` (`id`) VALUES (628);
INSERT INTO `Sensor` (`id`) VALUES (629);
INSERT INTO `TrackElement_sensor` VALUES (628, 629);
INSERT INTO `Route_routeDefinition` VALUES (581, 629);
INSERT INTO `TrackElement` VALUES (630);
INSERT INTO `Segment` (`id`, `Segment_length`) VALUES (630, 410);
INSERT INTO `TrackElement_sensor` VALUES (630, 629);
INSERT INTO `TrackElement` VALUES (631);
INSERT INTO `Segment` (`id`, `Segment_length`) VALUES (631, 663);
INSERT INTO `TrackElement_sensor` VALUES (631, 629);
INSERT INTO `TrackElement` VALUES (632);
INSERT INTO `Segment` (`id`, `Segment_length`) VALUES (632, 191);
INSERT INTO `TrackElement_sensor` VALUES (632, 629);
INSERT INTO `TrackElement` VALUES (633);
INSERT INTO `Segment` (`id`, `Segment_length`) VALUES (633, 758);
INSERT INTO `TrackElement_sensor` VALUES (633, 629);
INSERT INTO `TrackElement` VALUES (634);
INSERT INTO `Segment` (`id`, `Segment_length`) VALUES (634, 179);
INSERT INTO `TrackElement_sensor` VALUES (634, 629);
INSERT INTO `Sensor` (`id`) VALUES (635);
INSERT INTO `TrackElement` VALUES (636);
INSERT INTO `Segment` (`id`, `Segment_length`) VALUES (636, 470);
INSERT INTO `TrackElement_sensor` VALUES (636, 635);
INSERT INTO `TrackElement` VALUES (637);
INSERT INTO `Segment` (`id`, `Segment_length`) VALUES (637, 524);
INSERT INTO `TrackElement_sensor` VALUES (637, 635);
INSERT INTO `TrackElement` VALUES (638);
INSERT INTO `Segment` (`id`, `Segment_length`) VALUES (638, 794);
INSERT INTO `TrackElement_sensor` VALUES (638, 635);
INSERT INTO `TrackElement` VALUES (639);
INSERT INTO `Segment` (`id`, `Segment_length`) VALUES (639, 635);
INSERT INTO `TrackElement_sensor` VALUES (639, 635);
INSERT INTO `TrackElement` VALUES (640);
INSERT INTO `Segment` (`id`, `Segment_length`) VALUES (640, 356);
INSERT INTO `TrackElement_sensor` VALUES (640, 635);
INSERT INTO `Sensor` (`id`) VALUES (641);
INSERT INTO `TrackElement` VALUES (642);
INSERT INTO `Segment` (`id`, `Segment_length`) VALUES (642, 491);
INSERT INTO `TrackElement_sensor` VALUES (642, 641);
INSERT INTO `TrackElement` VALUES (643);
INSERT INTO `Segment` (`id`, `Segment_length`) VALUES (643, 36);
INSERT INTO `TrackElement_sensor` VALUES (643, 641);
INSERT INTO `TrackElement` VALUES (644);
INSERT INTO `Segment` (`id`, `Segment_length`) VALUES (644, 426);
INSERT INTO `TrackElement_sensor` VALUES (644, 641);
INSERT INTO `TrackElement` VALUES (645);
INSERT INTO `Segment` (`id`, `Segment_length`) VALUES (645, 460);
INSERT INTO `TrackElement_sensor` VALUES (645, 641);
INSERT INTO `TrackElement` VALUES (646);
INSERT INTO `Segment` (`id`, `Segment_length`) VALUES (646, -882);
INSERT INTO `TrackElement_sensor` VALUES (646, 641);
INSERT INTO `Sensor` (`id`) VALUES (647);
INSERT INTO `TrackElement_sensor` VALUES (628, 647);
INSERT INTO `TrackElement` VALUES (648);
INSERT INTO `Segment` (`id`, `Segment_length`) VALUES (648, 46);
INSERT INTO `TrackElement_sensor` VALUES (648, 647);
INSERT INTO `TrackElement` VALUES (649);
INSERT INTO `Segment` (`id`, `Segment_length`) VALUES (649, 194);
INSERT INTO `TrackElement_sensor` VALUES (649, 647);
INSERT INTO `TrackElement` VALUES (650);
INSERT INTO `Segment` (`id`, `Segment_length`) VALUES (650, 734);
INSERT INTO `TrackElement_sensor` VALUES (650, 647);
INSERT INTO `TrackElement` VALUES (651);
INSERT INTO `Segment` (`id`, `Segment_length`) VALUES (651, 607);
INSERT INTO `TrackElement_sensor` VALUES (651, 647);
INSERT INTO `TrackElement` VALUES (652);
INSERT INTO `Segment` (`id`, `Segment_length`) VALUES (652, 103);
INSERT INTO `TrackElement_sensor` VALUES (652, 647);
INSERT INTO `Sensor` (`id`) VALUES (653);
INSERT INTO `TrackElement_sensor` VALUES (628, 653);
INSERT INTO `TrackElement` VALUES (654);
INSERT INTO `Segment` (`id`, `Segment_length`) VALUES (654, 614);
INSERT INTO `TrackElement_sensor` VALUES (654, 653);
INSERT INTO `TrackElement` VALUES (655);
INSERT INTO `Segment` (`id`, `Segment_length`) VALUES (655, 886);
INSERT INTO `TrackElement_sensor` VALUES (655, 653);
INSERT INTO `TrackElement` VALUES (656);
INSERT INTO `Segment` (`id`, `Segment_length`) VALUES (656, 386);
INSERT INTO `TrackElement_sensor` VALUES (656, 653);
INSERT INTO `TrackElement` VALUES (657);
INSERT INTO `Segment` (`id`, `Segment_length`) VALUES (657, 54);
INSERT INTO `TrackElement_sensor` VALUES (657, 653);
INSERT INTO `TrackElement` VALUES (658);
INSERT INTO `Segment` (`id`, `Segment_length`) VALUES (658, 316);
INSERT INTO `TrackElement_sensor` VALUES (658, 653);
INSERT INTO `Sensor` (`id`) VALUES (659);
INSERT INTO `TrackElement_sensor` VALUES (628, 659);
INSERT INTO `Route_routeDefinition` VALUES (581, 659);
INSERT INTO `TrackElement` VALUES (660);
INSERT INTO `Segment` (`id`, `Segment_length`) VALUES (660, 86);
INSERT INTO `TrackElement_sensor` VALUES (660, 659);
INSERT INTO `TrackElement` VALUES (661);
INSERT INTO `Segment` (`id`, `Segment_length`) VALUES (661, 270);
INSERT INTO `TrackElement_sensor` VALUES (661, 659);
INSERT INTO `TrackElement` VALUES (662);
INSERT INTO `Segment` (`id`, `Segment_length`) VALUES (662, 431);
INSERT INTO `TrackElement_sensor` VALUES (662, 659);
INSERT INTO `TrackElement` VALUES (663);
INSERT INTO `Segment` (`id`, `Segment_length`) VALUES (663, 231);
INSERT INTO `TrackElement_sensor` VALUES (663, 659);
INSERT INTO `TrackElement` VALUES (664);
INSERT INTO `Segment` (`id`, `Segment_length`) VALUES (664, 403);
INSERT INTO `TrackElement_sensor` VALUES (664, 659);
INSERT INTO `Sensor` (`id`) VALUES (665);
INSERT INTO `TrackElement_sensor` VALUES (628, 665);
INSERT INTO `Route_routeDefinition` VALUES (581, 665);
INSERT INTO `TrackElement` VALUES (666);
INSERT INTO `Segment` (`id`, `Segment_length`) VALUES (666, 443);
INSERT INTO `TrackElement_sensor` VALUES (666, 665);
INSERT INTO `TrackElement` VALUES (667);
INSERT INTO `Segment` (`id`, `Segment_length`) VALUES (667, 575);
INSERT INTO `TrackElement_sensor` VALUES (667, 665);
INSERT INTO `TrackElement` VALUES (668);
INSERT INTO `Segment` (`id`, `Segment_length`) VALUES (668, 10);
INSERT INTO `TrackElement_sensor` VALUES (668, 665);
INSERT INTO `TrackElement` VALUES (669);
INSERT INTO `Segment` (`id`, `Segment_length`) VALUES (669, 323);
INSERT INTO `TrackElement_sensor` VALUES (669, 665);
INSERT INTO `TrackElement` VALUES (670);
INSERT INTO `Segment` (`id`, `Segment_length`) VALUES (670, 14);
INSERT INTO `TrackElement_sensor` VALUES (670, 665);
INSERT INTO `Sensor` (`id`) VALUES (671);
INSERT INTO `TrackElement` VALUES (672);
INSERT INTO `Segment` (`id`, `Segment_length`) VALUES (672, 595);
INSERT INTO `TrackElement_sensor` VALUES (672, 671);
INSERT INTO `TrackElement` VALUES (673);
INSERT INTO `Segment` (`id`, `Segment_length`) VALUES (673, 583);
INSERT INTO `TrackElement_sensor` VALUES (673, 671);
INSERT INTO `TrackElement` VALUES (674);
INSERT INTO `Segment` (`id`, `Segment_length`) VALUES (674, -748);
INSERT INTO `TrackElement_sensor` VALUES (674, 671);
INSERT INTO `TrackElement` VALUES (675);
INSERT INTO `Segment` (`id`, `Segment_length`) VALUES (675, 818);
INSERT INTO `TrackElement_sensor` VALUES (675, 671);
INSERT INTO `TrackElement` VALUES (676);
INSERT INTO `Segment` (`id`, `Segment_length`) VALUES (676, 819);
INSERT INTO `TrackElement_sensor` VALUES (676, 671);
INSERT INTO `Sensor` (`id`) VALUES (677);
INSERT INTO `TrackElement_sensor` VALUES (628, 677);
INSERT INTO `Route_routeDefinition` VALUES (581, 677);
INSERT INTO `TrackElement` VALUES (678);
INSERT INTO `Segment` (`id`, `Segment_length`) VALUES (678, 882);
INSERT INTO `TrackElement_sensor` VALUES (678, 677);
INSERT INTO `TrackElement` VALUES (679);
INSERT INTO `Segment` (`id`, `Segment_length`) VALUES (679, 377);
INSERT INTO `TrackElement_sensor` VALUES (679, 677);
INSERT INTO `TrackElement` VALUES (680);
INSERT INTO `Segment` (`id`, `Segment_length`) VALUES (680, 804);
INSERT INTO `TrackElement_sensor` VALUES (680, 677);
INSERT INTO `TrackElement` VALUES (681);
INSERT INTO `Segment` (`id`, `Segment_length`) VALUES (681, 786);
INSERT INTO `TrackElement_sensor` VALUES (681, 677);
INSERT INTO `TrackElement` VALUES (682);
INSERT INTO `Segment` (`id`, `Segment_length`) VALUES (682, 296);
INSERT INTO `TrackElement_sensor` VALUES (682, 677);
UPDATE `Switch` SET `Switch_currentState` = 2 WHERE `id` = 628;
INSERT INTO `SwitchPosition` (`id`, `SwitchPosition_switchState`, `SwitchPosition_switch`, `Route_switchPosition`) VALUES (683, 2, 628, 581);
INSERT INTO `TrackElement` VALUES (684);
INSERT INTO `Switch` (`id`) VALUES (684);
INSERT INTO `Sensor` (`id`) VALUES (685);
INSERT INTO `TrackElement_sensor` VALUES (684, 685);
INSERT INTO `Route_routeDefinition` VALUES (581, 685);
INSERT INTO `TrackElement` VALUES (686);
INSERT INTO `Segment` (`id`, `Segment_length`) VALUES (686, 151);
INSERT INTO `TrackElement_sensor` VALUES (686, 685);
INSERT INTO `TrackElement` VALUES (687);
INSERT INTO `Segment` (`id`, `Segment_length`) VALUES (687, 437);
INSERT INTO `TrackElement_sensor` VALUES (687, 685);
INSERT INTO `TrackElement` VALUES (688);
INSERT INTO `Segment` (`id`, `Segment_length`) VALUES (688, 361);
INSERT INTO `TrackElement_sensor` VALUES (688, 685);
INSERT INTO `TrackElement` VALUES (689);
INSERT INTO `Segment` (`id`, `Segment_length`) VALUES (689, 657);
INSERT INTO `TrackElement_sensor` VALUES (689, 685);
INSERT INTO `TrackElement` VALUES (690);
INSERT INTO `Segment` (`id`, `Segment_length`) VALUES (690, 564);
INSERT INTO `TrackElement_sensor` VALUES (690, 685);
UPDATE `Switch` SET `Switch_currentState` = 0 WHERE `id` = 684;
INSERT INTO `SwitchPosition` (`id`, `SwitchPosition_switchState`, `SwitchPosition_switch`, `Route_switchPosition`) VALUES (691, 0, 684, 581);
INSERT INTO `TrackElement` VALUES (692);
INSERT INTO `Switch` (`id`) VALUES (692);
INSERT INTO `Sensor` (`id`) VALUES (693);
INSERT INTO `TrackElement_sensor` VALUES (692, 693);
INSERT INTO `Route_routeDefinition` VALUES (581, 693);
INSERT INTO `TrackElement` VALUES (694);
INSERT INTO `Segment` (`id`, `Segment_length`) VALUES (694, 107);
INSERT INTO `TrackElement_sensor` VALUES (694, 693);
INSERT INTO `TrackElement` VALUES (695);
INSERT INTO `Segment` (`id`, `Segment_length`) VALUES (695, 562);
INSERT INTO `TrackElement_sensor` VALUES (695, 693);
INSERT INTO `TrackElement` VALUES (696);
INSERT INTO `Segment` (`id`, `Segment_length`) VALUES (696, 161);
INSERT INTO `TrackElement_sensor` VALUES (696, 693);
INSERT INTO `TrackElement` VALUES (697);
INSERT INTO `Segment` (`id`, `Segment_length`) VALUES (697, 703);
INSERT INTO `TrackElement_sensor` VALUES (697, 693);
INSERT INTO `TrackElement` VALUES (698);
INSERT INTO `Segment` (`id`, `Segment_length`) VALUES (698, 122);
INSERT INTO `TrackElement_sensor` VALUES (698, 693);
UPDATE `Switch` SET `Switch_currentState` = 1 WHERE `id` = 692;
INSERT INTO `SwitchPosition` (`id`, `SwitchPosition_switchState`, `SwitchPosition_switch`, `Route_switchPosition`) VALUES (699, 1, 692, 581);
INSERT INTO `TrackElement` VALUES (700);
INSERT INTO `Switch` (`id`) VALUES (700);
INSERT INTO `Sensor` (`id`) VALUES (701);
INSERT INTO `TrackElement_sensor` VALUES (700, 701);
INSERT INTO `Route_routeDefinition` VALUES (581, 701);
INSERT INTO `TrackElement` VALUES (702);
INSERT INTO `Segment` (`id`, `Segment_length`) VALUES (702, 810);
INSERT INTO `TrackElement_sensor` VALUES (702, 701);
INSERT INTO `TrackElement` VALUES (703);
INSERT INTO `Segment` (`id`, `Segment_length`) VALUES (703, 978);
INSERT INTO `TrackElement_sensor` VALUES (703, 701);
INSERT INTO `TrackElement` VALUES (704);
INSERT INTO `Segment` (`id`, `Segment_length`) VALUES (704, 353);
INSERT INTO `TrackElement_sensor` VALUES (704, 701);
INSERT INTO `TrackElement` VALUES (705);
INSERT INTO `Segment` (`id`, `Segment_length`) VALUES (705, 454);
INSERT INTO `TrackElement_sensor` VALUES (705, 701);
INSERT INTO `TrackElement` VALUES (706);
INSERT INTO `Segment` (`id`, `Segment_length`) VALUES (706, 271);
INSERT INTO `TrackElement_sensor` VALUES (706, 701);
INSERT INTO `Sensor` (`id`) VALUES (707);
INSERT INTO `TrackElement_sensor` VALUES (700, 707);
INSERT INTO `Route_routeDefinition` VALUES (581, 707);
INSERT INTO `TrackElement` VALUES (708);
INSERT INTO `Segment` (`id`, `Segment_length`) VALUES (708, 940);
INSERT INTO `TrackElement_sensor` VALUES (708, 707);
INSERT INTO `TrackElement` VALUES (709);
INSERT INTO `Segment` (`id`, `Segment_length`) VALUES (709, 319);
INSERT INTO `TrackElement_sensor` VALUES (709, 707);
INSERT INTO `TrackElement` VALUES (710);
INSERT INTO `Segment` (`id`, `Segment_length`) VALUES (710, 866);
INSERT INTO `TrackElement_sensor` VALUES (710, 707);
INSERT INTO `TrackElement` VALUES (711);
INSERT INTO `Segment` (`id`, `Segment_length`) VALUES (711, 211);
INSERT INTO `TrackElement_sensor` VALUES (711, 707);
INSERT INTO `TrackElement` VALUES (712);
INSERT INTO `Segment` (`id`, `Segment_length`) VALUES (712, 545);
INSERT INTO `TrackElement_sensor` VALUES (712, 707);
INSERT INTO `Sensor` (`id`) VALUES (713);
INSERT INTO `TrackElement_sensor` VALUES (700, 713);
INSERT INTO `Route_routeDefinition` VALUES (581, 713);
INSERT INTO `TrackElement` VALUES (714);
INSERT INTO `Segment` (`id`, `Segment_length`) VALUES (714, 140);
INSERT INTO `TrackElement_sensor` VALUES (714, 713);
INSERT INTO `TrackElement` VALUES (715);
INSERT INTO `Segment` (`id`, `Segment_length`) VALUES (715, 68);
INSERT INTO `TrackElement_sensor` VALUES (715, 713);
INSERT INTO `TrackElement` VALUES (716);
INSERT INTO `Segment` (`id`, `Segment_length`) VALUES (716, 644);
INSERT INTO `TrackElement_sensor` VALUES (716, 713);
INSERT INTO `TrackElement` VALUES (717);
INSERT INTO `Segment` (`id`, `Segment_length`) VALUES (717, 249);
INSERT INTO `TrackElement_sensor` VALUES (717, 713);
INSERT INTO `TrackElement` VALUES (718);
INSERT INTO `Segment` (`id`, `Segment_length`) VALUES (718, 343);
INSERT INTO `TrackElement_sensor` VALUES (718, 713);
INSERT INTO `Sensor` (`id`) VALUES (719);
INSERT INTO `TrackElement_sensor` VALUES (700, 719);
INSERT INTO `Route_routeDefinition` VALUES (581, 719);
INSERT INTO `TrackElement` VALUES (720);
INSERT INTO `Segment` (`id`, `Segment_length`) VALUES (720, 521);
INSERT INTO `TrackElement_sensor` VALUES (720, 719);
INSERT INTO `TrackElement` VALUES (721);
INSERT INTO `Segment` (`id`, `Segment_length`) VALUES (721, 528);
INSERT INTO `TrackElement_sensor` VALUES (721, 719);
INSERT INTO `TrackElement` VALUES (722);
INSERT INTO `Segment` (`id`, `Segment_length`) VALUES (722, 642);
INSERT INTO `TrackElement_sensor` VALUES (722, 719);
INSERT INTO `TrackElement` VALUES (723);
INSERT INTO `Segment` (`id`, `Segment_length`) VALUES (723, 571);
INSERT INTO `TrackElement_sensor` VALUES (723, 719);
INSERT INTO `TrackElement` VALUES (724);
INSERT INTO `Segment` (`id`, `Segment_length`) VALUES (724, 457);
INSERT INTO `TrackElement_sensor` VALUES (724, 719);
INSERT INTO `Sensor` (`id`) VALUES (725);
INSERT INTO `TrackElement_sensor` VALUES (700, 725);
INSERT INTO `Route_routeDefinition` VALUES (581, 725);
INSERT INTO `TrackElement` VALUES (726);
INSERT INTO `Segment` (`id`, `Segment_length`) VALUES (726, 603);
INSERT INTO `TrackElement_sensor` VALUES (726, 725);
INSERT INTO `TrackElement` VALUES (727);
INSERT INTO `Segment` (`id`, `Segment_length`) VALUES (727, 241);
INSERT INTO `TrackElement_sensor` VALUES (727, 725);
INSERT INTO `TrackElement` VALUES (728);
INSERT INTO `Segment` (`id`, `Segment_length`) VALUES (728, 262);
INSERT INTO `TrackElement_sensor` VALUES (728, 725);
INSERT INTO `TrackElement` VALUES (729);
INSERT INTO `Segment` (`id`, `Segment_length`) VALUES (729, 444);
INSERT INTO `TrackElement_sensor` VALUES (729, 725);
INSERT INTO `TrackElement` VALUES (730);
INSERT INTO `Segment` (`id`, `Segment_length`) VALUES (730, 632);
INSERT INTO `TrackElement_sensor` VALUES (730, 725);
INSERT INTO `Sensor` (`id`) VALUES (731);
INSERT INTO `TrackElement` VALUES (732);
INSERT INTO `Segment` (`id`, `Segment_length`) VALUES (732, 703);
INSERT INTO `TrackElement_sensor` VALUES (732, 731);
INSERT INTO `TrackElement` VALUES (733);
INSERT INTO `Segment` (`id`, `Segment_length`) VALUES (733, 207);
INSERT INTO `TrackElement_sensor` VALUES (733, 731);
INSERT INTO `TrackElement` VALUES (734);
INSERT INTO `Segment` (`id`, `Segment_length`) VALUES (734, 769);
INSERT INTO `TrackElement_sensor` VALUES (734, 731);
INSERT INTO `TrackElement` VALUES (735);
INSERT INTO `Segment` (`id`, `Segment_length`) VALUES (735, 933);
INSERT INTO `TrackElement_sensor` VALUES (735, 731);
INSERT INTO `TrackElement` VALUES (736);
INSERT INTO `Segment` (`id`, `Segment_length`) VALUES (736, 747);
INSERT INTO `TrackElement_sensor` VALUES (736, 731);
INSERT INTO `Sensor` (`id`) VALUES (737);
INSERT INTO `TrackElement_sensor` VALUES (700, 737);
INSERT INTO `Route_routeDefinition` VALUES (581, 737);
INSERT INTO `TrackElement` VALUES (738);
INSERT INTO `Segment` (`id`, `Segment_length`) VALUES (738, 991);
INSERT INTO `TrackElement_sensor` VALUES (738, 737);
INSERT INTO `TrackElement` VALUES (739);
INSERT INTO `Segment` (`id`, `Segment_length`) VALUES (739, -210);
INSERT INTO `TrackElement_sensor` VALUES (739, 737);
INSERT INTO `TrackElement` VALUES (740);
INSERT INTO `Segment` (`id`, `Segment_length`) VALUES (740, 939);
INSERT INTO `TrackElement_sensor` VALUES (740, 737);
INSERT INTO `TrackElement` VALUES (741);
INSERT INTO `Segment` (`id`, `Segment_length`) VALUES (741, 684);
INSERT INTO `TrackElement_sensor` VALUES (741, 737);
INSERT INTO `TrackElement` VALUES (742);
INSERT INTO `Segment` (`id`, `Segment_length`) VALUES (742, 280);
INSERT INTO `TrackElement_sensor` VALUES (742, 737);
INSERT INTO `Sensor` (`id`) VALUES (743);
INSERT INTO `TrackElement_sensor` VALUES (700, 743);
INSERT INTO `Route_routeDefinition` VALUES (581, 743);
INSERT INTO `TrackElement` VALUES (744);
INSERT INTO `Segment` (`id`, `Segment_length`) VALUES (744, 262);
INSERT INTO `TrackElement_sensor` VALUES (744, 743);
INSERT INTO `TrackElement` VALUES (745);
INSERT INTO `Segment` (`id`, `Segment_length`) VALUES (745, 884);
INSERT INTO `TrackElement_sensor` VALUES (745, 743);
INSERT INTO `TrackElement` VALUES (746);
INSERT INTO `Segment` (`id`, `Segment_length`) VALUES (746, -815);
INSERT INTO `TrackElement_sensor` VALUES (746, 743);
INSERT INTO `TrackElement` VALUES (747);
INSERT INTO `Segment` (`id`, `Segment_length`) VALUES (747, 17);
INSERT INTO `TrackElement_sensor` VALUES (747, 743);
INSERT INTO `TrackElement` VALUES (748);
INSERT INTO `Segment` (`id`, `Segment_length`) VALUES (748, 144);
INSERT INTO `TrackElement_sensor` VALUES (748, 743);
UPDATE `Switch` SET `Switch_currentState` = 1 WHERE `id` = 700;
INSERT INTO `SwitchPosition` (`id`, `SwitchPosition_switchState`, `SwitchPosition_switch`, `Route_switchPosition`) VALUES (749, 1, 700, 581);
INSERT INTO `TrackElement` VALUES (750);
INSERT INTO `Switch` (`id`) VALUES (750);
INSERT INTO `Sensor` (`id`) VALUES (751);
INSERT INTO `TrackElement_sensor` VALUES (750, 751);
INSERT INTO `Route_routeDefinition` VALUES (581, 751);
INSERT INTO `TrackElement` VALUES (752);
INSERT INTO `Segment` (`id`, `Segment_length`) VALUES (752, 122);
INSERT INTO `TrackElement_sensor` VALUES (752, 751);
INSERT INTO `TrackElement` VALUES (753);
INSERT INTO `Segment` (`id`, `Segment_length`) VALUES (753, 130);
INSERT INTO `TrackElement_sensor` VALUES (753, 751);
INSERT INTO `TrackElement` VALUES (754);
INSERT INTO `Segment` (`id`, `Segment_length`) VALUES (754, 328);
INSERT INTO `TrackElement_sensor` VALUES (754, 751);
INSERT INTO `TrackElement` VALUES (755);
INSERT INTO `Segment` (`id`, `Segment_length`) VALUES (755, 958);
INSERT INTO `TrackElement_sensor` VALUES (755, 751);
INSERT INTO `TrackElement` VALUES (756);
INSERT INTO `Segment` (`id`, `Segment_length`) VALUES (756, 158);
INSERT INTO `TrackElement_sensor` VALUES (756, 751);
INSERT INTO `Sensor` (`id`) VALUES (757);
INSERT INTO `TrackElement_sensor` VALUES (750, 757);
INSERT INTO `Route_routeDefinition` VALUES (581, 757);
INSERT INTO `TrackElement` VALUES (758);
INSERT INTO `Segment` (`id`, `Segment_length`) VALUES (758, -646);
INSERT INTO `TrackElement_sensor` VALUES (758, 757);
INSERT INTO `TrackElement` VALUES (759);
INSERT INTO `Segment` (`id`, `Segment_length`) VALUES (759, 163);
INSERT INTO `TrackElement_sensor` VALUES (759, 757);
INSERT INTO `TrackElement` VALUES (760);
INSERT INTO `Segment` (`id`, `Segment_length`) VALUES (760, 219);
INSERT INTO `TrackElement_sensor` VALUES (760, 757);
INSERT INTO `TrackElement` VALUES (761);
INSERT INTO `Segment` (`id`, `Segment_length`) VALUES (761, 394);
INSERT INTO `TrackElement_sensor` VALUES (761, 757);
INSERT INTO `TrackElement` VALUES (762);
INSERT INTO `Segment` (`id`, `Segment_length`) VALUES (762, 709);
INSERT INTO `TrackElement_sensor` VALUES (762, 757);
INSERT INTO `Sensor` (`id`) VALUES (763);
INSERT INTO `TrackElement` VALUES (764);
INSERT INTO `Segment` (`id`, `Segment_length`) VALUES (764, 182);
INSERT INTO `TrackElement_sensor` VALUES (764, 763);
INSERT INTO `TrackElement` VALUES (765);
INSERT INTO `Segment` (`id`, `Segment_length`) VALUES (765, 304);
INSERT INTO `TrackElement_sensor` VALUES (765, 763);
INSERT INTO `TrackElement` VALUES (766);
INSERT INTO `Segment` (`id`, `Segment_length`) VALUES (766, 7);
INSERT INTO `TrackElement_sensor` VALUES (766, 763);
INSERT INTO `TrackElement` VALUES (767);
INSERT INTO `Segment` (`id`, `Segment_length`) VALUES (767, 438);
INSERT INTO `TrackElement_sensor` VALUES (767, 763);
INSERT INTO `TrackElement` VALUES (768);
INSERT INTO `Segment` (`id`, `Segment_length`) VALUES (768, 738);
INSERT INTO `TrackElement_sensor` VALUES (768, 763);
INSERT INTO `Sensor` (`id`) VALUES (769);
INSERT INTO `TrackElement` VALUES (770);
INSERT INTO `Segment` (`id`, `Segment_length`) VALUES (770, 619);
INSERT INTO `TrackElement_sensor` VALUES (770, 769);
INSERT INTO `TrackElement` VALUES (771);
INSERT INTO `Segment` (`id`, `Segment_length`) VALUES (771, 455);
INSERT INTO `TrackElement_sensor` VALUES (771, 769);
INSERT INTO `TrackElement` VALUES (772);
INSERT INTO `Segment` (`id`, `Segment_length`) VALUES (772, 917);
INSERT INTO `TrackElement_sensor` VALUES (772, 769);
INSERT INTO `TrackElement` VALUES (773);
INSERT INTO `Segment` (`id`, `Segment_length`) VALUES (773, 115);
INSERT INTO `TrackElement_sensor` VALUES (773, 769);
INSERT INTO `TrackElement` VALUES (774);
INSERT INTO `Segment` (`id`, `Segment_length`) VALUES (774, 512);
INSERT INTO `TrackElement_sensor` VALUES (774, 769);
INSERT INTO `TrackElement` VALUES (775);
INSERT INTO `Segment` (`id`, `Segment_length`) VALUES (775, -580);
INSERT INTO `TrackElement_sensor` VALUES (775, 769);
INSERT INTO `Sensor` (`id`) VALUES (776);
INSERT INTO `TrackElement_sensor` VALUES (750, 776);
INSERT INTO `Route_routeDefinition` VALUES (581, 776);
INSERT INTO `TrackElement` VALUES (777);
INSERT INTO `Segment` (`id`, `Segment_length`) VALUES (777, 55);
INSERT INTO `TrackElement_sensor` VALUES (777, 776);
INSERT INTO `TrackElement` VALUES (778);
INSERT INTO `Segment` (`id`, `Segment_length`) VALUES (778, 584);
INSERT INTO `TrackElement_sensor` VALUES (778, 776);
INSERT INTO `TrackElement` VALUES (779);
INSERT INTO `Segment` (`id`, `Segment_length`) VALUES (779, -432);
INSERT INTO `TrackElement_sensor` VALUES (779, 776);
INSERT INTO `TrackElement` VALUES (780);
INSERT INTO `Segment` (`id`, `Segment_length`) VALUES (780, 648);
INSERT INTO `TrackElement_sensor` VALUES (780, 776);
INSERT INTO `TrackElement` VALUES (781);
INSERT INTO `Segment` (`id`, `Segment_length`) VALUES (781, 771);
INSERT INTO `TrackElement_sensor` VALUES (781, 776);
INSERT INTO `Sensor` (`id`) VALUES (782);
INSERT INTO `TrackElement_sensor` VALUES (750, 782);
INSERT INTO `TrackElement` VALUES (783);
INSERT INTO `Segment` (`id`, `Segment_length`) VALUES (783, 135);
INSERT INTO `TrackElement_sensor` VALUES (783, 782);
INSERT INTO `TrackElement` VALUES (784);
INSERT INTO `Segment` (`id`, `Segment_length`) VALUES (784, 633);
INSERT INTO `TrackElement_sensor` VALUES (784, 782);
INSERT INTO `TrackElement` VALUES (785);
INSERT INTO `Segment` (`id`, `Segment_length`) VALUES (785, 866);
INSERT INTO `TrackElement_sensor` VALUES (785, 782);
INSERT INTO `TrackElement` VALUES (786);
INSERT INTO `Segment` (`id`, `Segment_length`) VALUES (786, 731);
INSERT INTO `TrackElement_sensor` VALUES (786, 782);
INSERT INTO `TrackElement` VALUES (787);
INSERT INTO `Segment` (`id`, `Segment_length`) VALUES (787, 414);
INSERT INTO `TrackElement_sensor` VALUES (787, 782);
INSERT INTO `Sensor` (`id`) VALUES (788);
INSERT INTO `TrackElement_sensor` VALUES (750, 788);
INSERT INTO `Route_routeDefinition` VALUES (581, 788);
INSERT INTO `TrackElement` VALUES (789);
INSERT INTO `Segment` (`id`, `Segment_length`) VALUES (789, 734);
INSERT INTO `TrackElement_sensor` VALUES (789, 788);
INSERT INTO `TrackElement` VALUES (790);
INSERT INTO `Segment` (`id`, `Segment_length`) VALUES (790, 136);
INSERT INTO `TrackElement_sensor` VALUES (790, 788);
INSERT INTO `TrackElement` VALUES (791);
INSERT INTO `Segment` (`id`, `Segment_length`) VALUES (791, 769);
INSERT INTO `TrackElement_sensor` VALUES (791, 788);
INSERT INTO `TrackElement` VALUES (792);
INSERT INTO `Segment` (`id`, `Segment_length`) VALUES (792, 893);
INSERT INTO `TrackElement_sensor` VALUES (792, 788);
INSERT INTO `TrackElement` VALUES (793);
INSERT INTO `Segment` (`id`, `Segment_length`) VALUES (793, 261);
INSERT INTO `TrackElement_sensor` VALUES (793, 788);
INSERT INTO `Sensor` (`id`) VALUES (794);
INSERT INTO `TrackElement_sensor` VALUES (750, 794);
INSERT INTO `Route_routeDefinition` VALUES (581, 794);
INSERT INTO `TrackElement` VALUES (795);
INSERT INTO `Segment` (`id`, `Segment_length`) VALUES (795, 556);
INSERT INTO `TrackElement_sensor` VALUES (795, 794);
INSERT INTO `TrackElement` VALUES (796);
INSERT INTO `Segment` (`id`, `Segment_length`) VALUES (796, 21);
INSERT INTO `TrackElement_sensor` VALUES (796, 794);
INSERT INTO `TrackElement` VALUES (797);
INSERT INTO `Segment` (`id`, `Segment_length`) VALUES (797, 963);
INSERT INTO `TrackElement_sensor` VALUES (797, 794);
INSERT INTO `TrackElement` VALUES (798);
INSERT INTO `Segment` (`id`, `Segment_length`) VALUES (798, 527);
INSERT INTO `TrackElement_sensor` VALUES (798, 794);
INSERT INTO `TrackElement` VALUES (799);
INSERT INTO `Segment` (`id`, `Segment_length`) VALUES (799, 917);
INSERT INTO `TrackElement_sensor` VALUES (799, 794);
INSERT INTO `Sensor` (`id`) VALUES (800);
INSERT INTO `TrackElement_sensor` VALUES (750, 800);
INSERT INTO `Route_routeDefinition` VALUES (581, 800);
INSERT INTO `TrackElement` VALUES (801);
INSERT INTO `Segment` (`id`, `Segment_length`) VALUES (801, 218);
INSERT INTO `TrackElement_sensor` VALUES (801, 800);
INSERT INTO `TrackElement` VALUES (802);
INSERT INTO `Segment` (`id`, `Segment_length`) VALUES (802, 408);
INSERT INTO `TrackElement_sensor` VALUES (802, 800);
INSERT INTO `TrackElement` VALUES (803);
INSERT INTO `Segment` (`id`, `Segment_length`) VALUES (803, 850);
INSERT INTO `TrackElement_sensor` VALUES (803, 800);
INSERT INTO `TrackElement` VALUES (804);
INSERT INTO `Segment` (`id`, `Segment_length`) VALUES (804, 195);
INSERT INTO `TrackElement_sensor` VALUES (804, 800);
INSERT INTO `TrackElement` VALUES (805);
INSERT INTO `Segment` (`id`, `Segment_length`) VALUES (805, 150);
INSERT INTO `TrackElement_sensor` VALUES (805, 800);
UPDATE `Switch` SET `Switch_currentState` = 0 WHERE `id` = 750;
INSERT INTO `SwitchPosition` (`id`, `SwitchPosition_switchState`, `SwitchPosition_switch`, `Route_switchPosition`) VALUES (806, 0, 750, 581);
INSERT INTO `TrackElement_connectsTo` VALUES (582, 584);
INSERT INTO `TrackElement_connectsTo` VALUES (584, 585);
INSERT INTO `TrackElement_connectsTo` VALUES (585, 586);
INSERT INTO `TrackElement_connectsTo` VALUES (586, 587);
INSERT INTO `TrackElement_connectsTo` VALUES (587, 588);
INSERT INTO `TrackElement_connectsTo` VALUES (588, 590);
INSERT INTO `TrackElement_connectsTo` VALUES (590, 591);
INSERT INTO `TrackElement_connectsTo` VALUES (591, 592);
INSERT INTO `TrackElement_connectsTo` VALUES (592, 593);
INSERT INTO `TrackElement_connectsTo` VALUES (593, 594);
INSERT INTO `TrackElement_connectsTo` VALUES (594, 596);
INSERT INTO `TrackElement_connectsTo` VALUES (596, 597);
INSERT INTO `TrackElement_connectsTo` VALUES (597, 598);
INSERT INTO `TrackElement_connectsTo` VALUES (598, 599);
INSERT INTO `TrackElement_connectsTo` VALUES (599, 600);
INSERT INTO `TrackElement_connectsTo` VALUES (600, 602);
INSERT INTO `TrackElement_connectsTo` VALUES (602, 604);
INSERT INTO `TrackElement_connectsTo` VALUES (604, 605);
INSERT INTO `TrackElement_connectsTo` VALUES (605, 606);
INSERT INTO `TrackElement_connectsTo` VALUES (606, 607);
INSERT INTO `TrackElement_connectsTo` VALUES (607, 608);
INSERT INTO `TrackElement_connectsTo` VALUES (608, 610);
INSERT INTO `TrackElement_connectsTo` VALUES (610, 611);
INSERT INTO `TrackElement_connectsTo` VALUES (611, 612);
INSERT INTO `TrackElement_connectsTo` VALUES (612, 613);
INSERT INTO `TrackElement_connectsTo` VALUES (613, 614);
INSERT INTO `TrackElement_connectsTo` VALUES (614, 616);
INSERT INTO `TrackElement_connectsTo` VALUES (616, 617);
INSERT INTO `TrackElement_connectsTo` VALUES (617, 618);
INSERT INTO `TrackElement_connectsTo` VALUES (618, 619);
INSERT INTO `TrackElement_connectsTo` VALUES (619, 620);
INSERT INTO `TrackElement_connectsTo` VALUES (620, 622);
INSERT INTO `TrackElement_connectsTo` VALUES (622, 623);
INSERT INTO `TrackElement_connectsTo` VALUES (623, 624);
INSERT INTO `TrackElement_connectsTo` VALUES (624, 625);
INSERT INTO `TrackElement_connectsTo` VALUES (625, 626);
INSERT INTO `TrackElement_connectsTo` VALUES (626, 628);
INSERT INTO `TrackElement_connectsTo` VALUES (628, 630);
INSERT INTO `TrackElement_connectsTo` VALUES (630, 631);
INSERT INTO `TrackElement_connectsTo` VALUES (631, 632);
INSERT INTO `TrackElement_connectsTo` VALUES (632, 633);
INSERT INTO `TrackElement_connectsTo` VALUES (633, 634);
INSERT INTO `TrackElement_connectsTo` VALUES (634, 636);
INSERT INTO `TrackElement_connectsTo` VALUES (636, 637);
INSERT INTO `TrackElement_connectsTo` VALUES (637, 638);
INSERT INTO `TrackElement_connectsTo` VALUES (638, 639);
INSERT INTO `TrackElement_connectsTo` VALUES (639, 640);
INSERT INTO `TrackElement_connectsTo` VALUES (640, 642);
INSERT INTO `TrackElement_connectsTo` VALUES (642, 643);
INSERT INTO `TrackElement_connectsTo` VALUES (643, 644);
INSERT INTO `TrackElement_connectsTo` VALUES (644, 645);
INSERT INTO `TrackElement_connectsTo` VALUES (645, 646);
INSERT INTO `TrackElement_connectsTo` VALUES (646, 648);
INSERT INTO `TrackElement_connectsTo` VALUES (648, 649);
INSERT INTO `TrackElement_connectsTo` VALUES (649, 650);
INSERT INTO `TrackElement_connectsTo` VALUES (650, 651);
INSERT INTO `TrackElement_connectsTo` VALUES (651, 652);
INSERT INTO `TrackElement_connectsTo` VALUES (652, 654);
INSERT INTO `TrackElement_connectsTo` VALUES (654, 655);
INSERT INTO `TrackElement_connectsTo` VALUES (655, 656);
INSERT INTO `TrackElement_connectsTo` VALUES (656, 657);
INSERT INTO `TrackElement_connectsTo` VALUES (657, 658);
INSERT INTO `TrackElement_connectsTo` VALUES (658, 660);
INSERT INTO `TrackElement_connectsTo` VALUES (660, 661);
INSERT INTO `TrackElement_connectsTo` VALUES (661, 662);
INSERT INTO `TrackElement_connectsTo` VALUES (662, 663);
INSERT INTO `TrackElement_connectsTo` VALUES (663, 664);
INSERT INTO `TrackElement_connectsTo` VALUES (664, 666);
INSERT INTO `TrackElement_connectsTo` VALUES (666, 667);
INSERT INTO `TrackElement_connectsTo` VALUES (667, 668);
INSERT INTO `TrackElement_connectsTo` VALUES (668, 669);
INSERT INTO `TrackElement_connectsTo` VALUES (669, 670);
INSERT INTO `TrackElement_connectsTo` VALUES (670, 672);
INSERT INTO `TrackElement_connectsTo` VALUES (672, 673);
INSERT INTO `TrackElement_connectsTo` VALUES (673, 674);
INSERT INTO `TrackElement_connectsTo` VALUES (674, 675);
INSERT INTO `TrackElement_connectsTo` VALUES (675, 676);
INSERT INTO `TrackElement_connectsTo` VALUES (676, 678);
INSERT INTO `TrackElement_connectsTo` VALUES (678, 679);
INSERT INTO `TrackElement_connectsTo` VALUES (679, 680);
INSERT INTO `TrackElement_connectsTo` VALUES (680, 681);
INSERT INTO `TrackElement_connectsTo` VALUES (681, 682);
INSERT INTO `TrackElement_connectsTo` VALUES (682, 684);
INSERT INTO `TrackElement_connectsTo` VALUES (684, 686);
INSERT INTO `TrackElement_connectsTo` VALUES (686, 687);
INSERT INTO `TrackElement_connectsTo` VALUES (687, 688);
INSERT INTO `TrackElement_connectsTo` VALUES (688, 689);
INSERT INTO `TrackElement_connectsTo` VALUES (689, 690);
INSERT INTO `TrackElement_connectsTo` VALUES (690, 692);
INSERT INTO `TrackElement_connectsTo` VALUES (692, 694);
INSERT INTO `TrackElement_connectsTo` VALUES (694, 695);
INSERT INTO `TrackElement_connectsTo` VALUES (695, 696);
INSERT INTO `TrackElement_connectsTo` VALUES (696, 697);
INSERT INTO `TrackElement_connectsTo` VALUES (697, 698);
INSERT INTO `TrackElement_connectsTo` VALUES (698, 700);
INSERT INTO `TrackElement_connectsTo` VALUES (700, 702);
INSERT INTO `TrackElement_connectsTo` VALUES (702, 703);
INSERT INTO `TrackElement_connectsTo` VALUES (703, 704);
INSERT INTO `TrackElement_connectsTo` VALUES (704, 705);
INSERT INTO `TrackElement_connectsTo` VALUES (705, 706);
INSERT INTO `TrackElement_connectsTo` VALUES (706, 708);
INSERT INTO `TrackElement_connectsTo` VALUES (708, 709);
INSERT INTO `TrackElement_connectsTo` VALUES (709, 710);
INSERT INTO `TrackElement_connectsTo` VALUES (710, 711);
INSERT INTO `TrackElement_connectsTo` VALUES (711, 712);
INSERT INTO `TrackElement_connectsTo` VALUES (712, 714);
INSERT INTO `TrackElement_connectsTo` VALUES (714, 715);
INSERT INTO `TrackElement_connectsTo` VALUES (715, 716);
INSERT INTO `TrackElement_connectsTo` VALUES (716, 717);
INSERT INTO `TrackElement_connectsTo` VALUES (717, 718);
INSERT INTO `TrackElement_connectsTo` VALUES (718, 720);
INSERT INTO `TrackElement_connectsTo` VALUES (720, 721);
INSERT INTO `TrackElement_connectsTo` VALUES (721, 722);
INSERT INTO `TrackElement_connectsTo` VALUES (722, 723);
INSERT INTO `TrackElement_connectsTo` VALUES (723, 724);
INSERT INTO `TrackElement_connectsTo` VALUES (724, 726);
INSERT INTO `TrackElement_connectsTo` VALUES (726, 727);
INSERT INTO `TrackElement_connectsTo` VALUES (727, 728);
INSERT INTO `TrackElement_connectsTo` VALUES (728, 729);
INSERT INTO `TrackElement_connectsTo` VALUES (729, 730);
INSERT INTO `TrackElement_connectsTo` VALUES (730, 732);
INSERT INTO `TrackElement_connectsTo` VALUES (732, 733);
INSERT INTO `TrackElement_connectsTo` VALUES (733, 734);
INSERT INTO `TrackElement_connectsTo` VALUES (734, 735);
INSERT INTO `TrackElement_connectsTo` VALUES (735, 736);
INSERT INTO `TrackElement_connectsTo` VALUES (736, 738);
INSERT INTO `TrackElement_connectsTo` VALUES (738, 739);
INSERT INTO `TrackElement_connectsTo` VALUES (739, 740);
INSERT INTO `TrackElement_connectsTo` VALUES (740, 741);
INSERT INTO `TrackElement_connectsTo` VALUES (741, 742);
INSERT INTO `TrackElement_connectsTo` VALUES (742, 744);
INSERT INTO `TrackElement_connectsTo` VALUES (744, 745);
INSERT INTO `TrackElement_connectsTo` VALUES (745, 746);
INSERT INTO `TrackElement_connectsTo` VALUES (746, 747);
INSERT INTO `TrackElement_connectsTo` VALUES (747, 748);
INSERT INTO `TrackElement_connectsTo` VALUES (748, 750);
INSERT INTO `TrackElement_connectsTo` VALUES (750, 752);
INSERT INTO `TrackElement_connectsTo` VALUES (752, 753);
INSERT INTO `TrackElement_connectsTo` VALUES (753, 754);
INSERT INTO `TrackElement_connectsTo` VALUES (754, 755);
INSERT INTO `TrackElement_connectsTo` VALUES (755, 756);
INSERT INTO `TrackElement_connectsTo` VALUES (756, 758);
INSERT INTO `TrackElement_connectsTo` VALUES (758, 759);
INSERT INTO `TrackElement_connectsTo` VALUES (759, 760);
INSERT INTO `TrackElement_connectsTo` VALUES (760, 761);
INSERT INTO `TrackElement_connectsTo` VALUES (761, 762);
INSERT INTO `TrackElement_connectsTo` VALUES (762, 764);
INSERT INTO `TrackElement_connectsTo` VALUES (764, 765);
INSERT INTO `TrackElement_connectsTo` VALUES (765, 766);
INSERT INTO `TrackElement_connectsTo` VALUES (766, 767);
INSERT INTO `TrackElement_connectsTo` VALUES (767, 768);
INSERT INTO `TrackElement_connectsTo` VALUES (768, 770);
INSERT INTO `TrackElement_connectsTo` VALUES (770, 771);
INSERT INTO `TrackElement_connectsTo` VALUES (771, 772);
INSERT INTO `TrackElement_connectsTo` VALUES (772, 773);
INSERT INTO `TrackElement_connectsTo` VALUES (773, 774);
INSERT INTO `TrackElement_connectsTo` VALUES (774, 775);
INSERT INTO `TrackElement_connectsTo` VALUES (775, 777);
INSERT INTO `TrackElement_connectsTo` VALUES (777, 778);
INSERT INTO `TrackElement_connectsTo` VALUES (778, 779);
INSERT INTO `TrackElement_connectsTo` VALUES (779, 780);
INSERT INTO `TrackElement_connectsTo` VALUES (780, 781);
INSERT INTO `TrackElement_connectsTo` VALUES (781, 783);
INSERT INTO `TrackElement_connectsTo` VALUES (783, 784);
INSERT INTO `TrackElement_connectsTo` VALUES (784, 785);
INSERT INTO `TrackElement_connectsTo` VALUES (785, 786);
INSERT INTO `TrackElement_connectsTo` VALUES (786, 787);
INSERT INTO `TrackElement_connectsTo` VALUES (787, 789);
INSERT INTO `TrackElement_connectsTo` VALUES (789, 790);
INSERT INTO `TrackElement_connectsTo` VALUES (790, 791);
INSERT INTO `TrackElement_connectsTo` VALUES (791, 792);
INSERT INTO `TrackElement_connectsTo` VALUES (792, 793);
INSERT INTO `TrackElement_connectsTo` VALUES (793, 795);
INSERT INTO `TrackElement_connectsTo` VALUES (795, 796);
INSERT INTO `TrackElement_connectsTo` VALUES (796, 797);
INSERT INTO `TrackElement_connectsTo` VALUES (797, 798);
INSERT INTO `TrackElement_connectsTo` VALUES (798, 799);
INSERT INTO `TrackElement_connectsTo` VALUES (799, 801);
INSERT INTO `TrackElement_connectsTo` VALUES (801, 802);
INSERT INTO `TrackElement_connectsTo` VALUES (802, 803);
INSERT INTO `TrackElement_connectsTo` VALUES (803, 804);
INSERT INTO `TrackElement_connectsTo` VALUES (804, 805);
INSERT INTO `TrackElement_connectsTo` VALUES (578, 582);
INSERT INTO `Signal` (`id`, `Signal_currentState`) VALUES (807, 2);
INSERT INTO `Route` (`id`, `Route_entry`, `Route_exit`) VALUES (808, 580, 807);
INSERT INTO `TrackElement` VALUES (809);
INSERT INTO `Switch` (`id`) VALUES (809);
INSERT INTO `Sensor` (`id`) VALUES (810);
INSERT INTO `TrackElement_sensor` VALUES (809, 810);
INSERT INTO `Route_routeDefinition` VALUES (808, 810);
INSERT INTO `TrackElement` VALUES (811);
INSERT INTO `Segment` (`id`, `Segment_length`) VALUES (811, 662);
INSERT INTO `TrackElement_sensor` VALUES (811, 810);
INSERT INTO `TrackElement` VALUES (812);
INSERT INTO `Segment` (`id`, `Segment_length`) VALUES (812, 985);
INSERT INTO `TrackElement_sensor` VALUES (812, 810);
INSERT INTO `TrackElement` VALUES (813);
INSERT INTO `Segment` (`id`, `Segment_length`) VALUES (813, 888);
INSERT INTO `TrackElement_sensor` VALUES (813, 810);
INSERT INTO `TrackElement` VALUES (814);
INSERT INTO `Segment` (`id`, `Segment_length`) VALUES (814, 318);
INSERT INTO `TrackElement_sensor` VALUES (814, 810);
INSERT INTO `TrackElement` VALUES (815);
INSERT INTO `Segment` (`id`, `Segment_length`) VALUES (815, 88);
INSERT INTO `TrackElement_sensor` VALUES (815, 810);
INSERT INTO `Sensor` (`id`) VALUES (816);
INSERT INTO `TrackElement_sensor` VALUES (809, 816);
INSERT INTO `Route_routeDefinition` VALUES (808, 816);
INSERT INTO `TrackElement` VALUES (817);
INSERT INTO `Segment` (`id`, `Segment_length`) VALUES (817, 801);
INSERT INTO `TrackElement_sensor` VALUES (817, 816);
INSERT INTO `TrackElement` VALUES (818);
INSERT INTO `Segment` (`id`, `Segment_length`) VALUES (818, 334);
INSERT INTO `TrackElement_sensor` VALUES (818, 816);
INSERT INTO `TrackElement` VALUES (819);
INSERT INTO `Segment` (`id`, `Segment_length`) VALUES (819, 25);
INSERT INTO `TrackElement_sensor` VALUES (819, 816);
INSERT INTO `TrackElement` VALUES (820);
INSERT INTO `Segment` (`id`, `Segment_length`) VALUES (820, 778);
INSERT INTO `TrackElement_sensor` VALUES (820, 816);
INSERT INTO `TrackElement` VALUES (821);
INSERT INTO `Segment` (`id`, `Segment_length`) VALUES (821, 875);
INSERT INTO `TrackElement_sensor` VALUES (821, 816);
INSERT INTO `Sensor` (`id`) VALUES (822);
INSERT INTO `TrackElement_sensor` VALUES (809, 822);
INSERT INTO `Route_routeDefinition` VALUES (808, 822);
INSERT INTO `TrackElement` VALUES (823);
INSERT INTO `Segment` (`id`, `Segment_length`) VALUES (823, 664);
INSERT INTO `TrackElement_sensor` VALUES (823, 822);
INSERT INTO `TrackElement` VALUES (824);
INSERT INTO `Segment` (`id`, `Segment_length`) VALUES (824, 556);
INSERT INTO `TrackElement_sensor` VALUES (824, 822);
INSERT INTO `TrackElement` VALUES (825);
INSERT INTO `Segment` (`id`, `Segment_length`) VALUES (825, 198);
INSERT INTO `TrackElement_sensor` VALUES (825, 822);
INSERT INTO `TrackElement` VALUES (826);
INSERT INTO `Segment` (`id`, `Segment_length`) VALUES (826, 787);
INSERT INTO `TrackElement_sensor` VALUES (826, 822);
INSERT INTO `TrackElement` VALUES (827);
INSERT INTO `Segment` (`id`, `Segment_length`) VALUES (827, 436);
INSERT INTO `TrackElement_sensor` VALUES (827, 822);
INSERT INTO `Sensor` (`id`) VALUES (828);
INSERT INTO `TrackElement_sensor` VALUES (809, 828);
INSERT INTO `Route_routeDefinition` VALUES (808, 828);
INSERT INTO `TrackElement` VALUES (829);
INSERT INTO `Segment` (`id`, `Segment_length`) VALUES (829, 829);
INSERT INTO `TrackElement_sensor` VALUES (829, 828);
INSERT INTO `TrackElement` VALUES (830);
INSERT INTO `Segment` (`id`, `Segment_length`) VALUES (830, 178);
INSERT INTO `TrackElement_sensor` VALUES (830, 828);
INSERT INTO `TrackElement` VALUES (831);
INSERT INTO `Segment` (`id`, `Segment_length`) VALUES (831, 554);
INSERT INTO `TrackElement_sensor` VALUES (831, 828);
INSERT INTO `TrackElement` VALUES (832);
INSERT INTO `Segment` (`id`, `Segment_length`) VALUES (832, 607);
INSERT INTO `TrackElement_sensor` VALUES (832, 828);
INSERT INTO `TrackElement` VALUES (833);
INSERT INTO `Segment` (`id`, `Segment_length`) VALUES (833, 688);
INSERT INTO `TrackElement_sensor` VALUES (833, 828);
INSERT INTO `Sensor` (`id`) VALUES (834);
INSERT INTO `TrackElement_sensor` VALUES (809, 834);
INSERT INTO `Route_routeDefinition` VALUES (808, 834);
INSERT INTO `TrackElement` VALUES (835);
INSERT INTO `Segment` (`id`, `Segment_length`) VALUES (835, 539);
INSERT INTO `TrackElement_sensor` VALUES (835, 834);
INSERT INTO `TrackElement` VALUES (836);
INSERT INTO `Segment` (`id`, `Segment_length`) VALUES (836, 774);
INSERT INTO `TrackElement_sensor` VALUES (836, 834);
INSERT INTO `TrackElement` VALUES (837);
INSERT INTO `Segment` (`id`, `Segment_length`) VALUES (837, 429);
INSERT INTO `TrackElement_sensor` VALUES (837, 834);
INSERT INTO `TrackElement` VALUES (838);
INSERT INTO `Segment` (`id`, `Segment_length`) VALUES (838, 994);
INSERT INTO `TrackElement_sensor` VALUES (838, 834);
INSERT INTO `TrackElement` VALUES (839);
INSERT INTO `Segment` (`id`, `Segment_length`) VALUES (839, 898);
INSERT INTO `TrackElement_sensor` VALUES (839, 834);
INSERT INTO `Sensor` (`id`) VALUES (840);
INSERT INTO `TrackElement_sensor` VALUES (809, 840);
INSERT INTO `Route_routeDefinition` VALUES (808, 840);
INSERT INTO `TrackElement` VALUES (841);
INSERT INTO `Segment` (`id`, `Segment_length`) VALUES (841, 276);
INSERT INTO `TrackElement_sensor` VALUES (841, 840);
INSERT INTO `TrackElement` VALUES (842);
INSERT INTO `Segment` (`id`, `Segment_length`) VALUES (842, 383);
INSERT INTO `TrackElement_sensor` VALUES (842, 840);
INSERT INTO `TrackElement` VALUES (843);
INSERT INTO `Segment` (`id`, `Segment_length`) VALUES (843, 199);
INSERT INTO `TrackElement_sensor` VALUES (843, 840);
INSERT INTO `TrackElement` VALUES (844);
INSERT INTO `Segment` (`id`, `Segment_length`) VALUES (844, 505);
INSERT INTO `TrackElement_sensor` VALUES (844, 840);
INSERT INTO `TrackElement` VALUES (845);
INSERT INTO `Segment` (`id`, `Segment_length`) VALUES (845, 845);
INSERT INTO `TrackElement_sensor` VALUES (845, 840);
INSERT INTO `Sensor` (`id`) VALUES (846);
INSERT INTO `TrackElement_sensor` VALUES (809, 846);
INSERT INTO `Route_routeDefinition` VALUES (808, 846);
INSERT INTO `TrackElement` VALUES (847);
INSERT INTO `Segment` (`id`, `Segment_length`) VALUES (847, 179);
INSERT INTO `TrackElement_sensor` VALUES (847, 846);
INSERT INTO `TrackElement` VALUES (848);
INSERT INTO `Segment` (`id`, `Segment_length`) VALUES (848, 755);
INSERT INTO `TrackElement_sensor` VALUES (848, 846);
INSERT INTO `TrackElement` VALUES (849);
INSERT INTO `Segment` (`id`, `Segment_length`) VALUES (849, 52);
INSERT INTO `TrackElement_sensor` VALUES (849, 846);
INSERT INTO `TrackElement` VALUES (850);
INSERT INTO `Segment` (`id`, `Segment_length`) VALUES (850, 207);
INSERT INTO `TrackElement_sensor` VALUES (850, 846);
INSERT INTO `TrackElement` VALUES (851);
INSERT INTO `Segment` (`id`, `Segment_length`) VALUES (851, 631);
INSERT INTO `TrackElement_sensor` VALUES (851, 846);
INSERT INTO `Sensor` (`id`) VALUES (852);
INSERT INTO `TrackElement_sensor` VALUES (809, 852);
INSERT INTO `Route_routeDefinition` VALUES (808, 852);
INSERT INTO `TrackElement` VALUES (853);
INSERT INTO `Segment` (`id`, `Segment_length`) VALUES (853, 940);
INSERT INTO `TrackElement_sensor` VALUES (853, 852);
INSERT INTO `TrackElement` VALUES (854);
INSERT INTO `Segment` (`id`, `Segment_length`) VALUES (854, 953);
INSERT INTO `TrackElement_sensor` VALUES (854, 852);
INSERT INTO `TrackElement` VALUES (855);
INSERT INTO `Segment` (`id`, `Segment_length`) VALUES (855, 469);
INSERT INTO `TrackElement_sensor` VALUES (855, 852);
INSERT INTO `TrackElement` VALUES (856);
INSERT INTO `Segment` (`id`, `Segment_length`) VALUES (856, 444);
INSERT INTO `TrackElement_sensor` VALUES (856, 852);
INSERT INTO `TrackElement` VALUES (857);
INSERT INTO `Segment` (`id`, `Segment_length`) VALUES (857, 733);
INSERT INTO `TrackElement_sensor` VALUES (857, 852);
INSERT INTO `Sensor` (`id`) VALUES (858);
INSERT INTO `TrackElement_sensor` VALUES (809, 858);
INSERT INTO `Route_routeDefinition` VALUES (808, 858);
INSERT INTO `TrackElement` VALUES (859);
INSERT INTO `Segment` (`id`, `Segment_length`) VALUES (859, 91);
INSERT INTO `TrackElement_sensor` VALUES (859, 858);
INSERT INTO `TrackElement` VALUES (860);
INSERT INTO `Segment` (`id`, `Segment_length`) VALUES (860, 10);
INSERT INTO `TrackElement_sensor` VALUES (860, 858);
INSERT INTO `TrackElement` VALUES (861);
INSERT INTO `Segment` (`id`, `Segment_length`) VALUES (861, 662);
INSERT INTO `TrackElement_sensor` VALUES (861, 858);
INSERT INTO `TrackElement` VALUES (862);
INSERT INTO `Segment` (`id`, `Segment_length`) VALUES (862, 792);
INSERT INTO `TrackElement_sensor` VALUES (862, 858);
INSERT INTO `TrackElement` VALUES (863);
INSERT INTO `Segment` (`id`, `Segment_length`) VALUES (863, 550);
INSERT INTO `TrackElement_sensor` VALUES (863, 858);
UPDATE `Switch` SET `Switch_currentState` = 3 WHERE `id` = 809;
INSERT INTO `SwitchPosition` (`id`, `SwitchPosition_switchState`, `SwitchPosition_switch`, `Route_switchPosition`) VALUES (864, 3, 809, 808);
INSERT INTO `TrackElement_connectsTo` VALUES (809, 811);
INSERT INTO `TrackElement_connectsTo` VALUES (811, 812);
INSERT INTO `TrackElement_connectsTo` VALUES (812, 813);
INSERT INTO `TrackElement_connectsTo` VALUES (813, 814);
INSERT INTO `TrackElement_connectsTo` VALUES (814, 815);
INSERT INTO `TrackElement_connectsTo` VALUES (815, 817);
INSERT INTO `TrackElement_connectsTo` VALUES (817, 818);
INSERT INTO `TrackElement_connectsTo` VALUES (818, 819);
INSERT INTO `TrackElement_connectsTo` VALUES (819, 820);
INSERT INTO `TrackElement_connectsTo` VALUES (820, 821);
INSERT INTO `TrackElement_connectsTo` VALUES (821, 823);
INSERT INTO `TrackElement_connectsTo` VALUES (823, 824);
INSERT INTO `TrackElement_connectsTo` VALUES (824, 825);
INSERT INTO `TrackElement_connectsTo` VALUES (825, 826);
INSERT INTO `TrackElement_connectsTo` VALUES (826, 827);
INSERT INTO `TrackElement_connectsTo` VALUES (827, 829);
INSERT INTO `TrackElement_connectsTo` VALUES (829, 830);
INSERT INTO `TrackElement_connectsTo` VALUES (830, 831);
INSERT INTO `TrackElement_connectsTo` VALUES (831, 832);
INSERT INTO `TrackElement_connectsTo` VALUES (832, 833);
INSERT INTO `TrackElement_connectsTo` VALUES (833, 835);
INSERT INTO `TrackElement_connectsTo` VALUES (835, 836);
INSERT INTO `TrackElement_connectsTo` VALUES (836, 837);
INSERT INTO `TrackElement_connectsTo` VALUES (837, 838);
INSERT INTO `TrackElement_connectsTo` VALUES (838, 839);
INSERT INTO `TrackElement_connectsTo` VALUES (839, 841);
INSERT INTO `TrackElement_connectsTo` VALUES (841, 842);
INSERT INTO `TrackElement_connectsTo` VALUES (842, 843);
INSERT INTO `TrackElement_connectsTo` VALUES (843, 844);
INSERT INTO `TrackElement_connectsTo` VALUES (844, 845);
INSERT INTO `TrackElement_connectsTo` VALUES (845, 847);
INSERT INTO `TrackElement_connectsTo` VALUES (847, 848);
INSERT INTO `TrackElement_connectsTo` VALUES (848, 849);
INSERT INTO `TrackElement_connectsTo` VALUES (849, 850);
INSERT INTO `TrackElement_connectsTo` VALUES (850, 851);
INSERT INTO `TrackElement_connectsTo` VALUES (851, 853);
INSERT INTO `TrackElement_connectsTo` VALUES (853, 854);
INSERT INTO `TrackElement_connectsTo` VALUES (854, 855);
INSERT INTO `TrackElement_connectsTo` VALUES (855, 856);
INSERT INTO `TrackElement_connectsTo` VALUES (856, 857);
INSERT INTO `TrackElement_connectsTo` VALUES (857, 859);
INSERT INTO `TrackElement_connectsTo` VALUES (859, 860);
INSERT INTO `TrackElement_connectsTo` VALUES (860, 861);
INSERT INTO `TrackElement_connectsTo` VALUES (861, 862);
INSERT INTO `TrackElement_connectsTo` VALUES (862, 863);
INSERT INTO `TrackElement_connectsTo` VALUES (805, 809);
INSERT INTO `Route` (`id`, `Route_entry`, `Route_exit`) VALUES (865, 807, 1);
INSERT INTO `TrackElement` VALUES (866);
INSERT INTO `Switch` (`id`) VALUES (866);
INSERT INTO `Sensor` (`id`) VALUES (867);
INSERT INTO `TrackElement_sensor` VALUES (866, 867);
INSERT INTO `Route_routeDefinition` VALUES (865, 867);
INSERT INTO `TrackElement` VALUES (868);
INSERT INTO `Segment` (`id`, `Segment_length`) VALUES (868, 580);
INSERT INTO `TrackElement_sensor` VALUES (868, 867);
INSERT INTO `TrackElement` VALUES (869);
INSERT INTO `Segment` (`id`, `Segment_length`) VALUES (869, 928);
INSERT INTO `TrackElement_sensor` VALUES (869, 867);
INSERT INTO `TrackElement` VALUES (870);
INSERT INTO `Segment` (`id`, `Segment_length`) VALUES (870, 405);
INSERT INTO `TrackElement_sensor` VALUES (870, 867);
INSERT INTO `TrackElement` VALUES (871);
INSERT INTO `Segment` (`id`, `Segment_length`) VALUES (871, 490);
INSERT INTO `TrackElement_sensor` VALUES (871, 867);
INSERT INTO `TrackElement` VALUES (872);
INSERT INTO `Segment` (`id`, `Segment_length`) VALUES (872, 483);
INSERT INTO `TrackElement_sensor` VALUES (872, 867);
INSERT INTO `Sensor` (`id`) VALUES (873);
INSERT INTO `TrackElement` VALUES (874);
INSERT INTO `Segment` (`id`, `Segment_length`) VALUES (874, 33);
INSERT INTO `TrackElement_sensor` VALUES (874, 873);
INSERT INTO `TrackElement` VALUES (875);
INSERT INTO `Segment` (`id`, `Segment_length`) VALUES (875, 180);
INSERT INTO `TrackElement_sensor` VALUES (875, 873);
INSERT INTO `TrackElement` VALUES (876);
INSERT INTO `Segment` (`id`, `Segment_length`) VALUES (876, 355);
INSERT INTO `TrackElement_sensor` VALUES (876, 873);
INSERT INTO `TrackElement` VALUES (877);
INSERT INTO `Segment` (`id`, `Segment_length`) VALUES (877, 347);
INSERT INTO `TrackElement_sensor` VALUES (877, 873);
INSERT INTO `TrackElement` VALUES (878);
INSERT INTO `Segment` (`id`, `Segment_length`) VALUES (878, 912);
INSERT INTO `TrackElement_sensor` VALUES (878, 873);
INSERT INTO `Sensor` (`id`) VALUES (879);
INSERT INTO `TrackElement_sensor` VALUES (866, 879);
INSERT INTO `Route_routeDefinition` VALUES (865, 879);
INSERT INTO `TrackElement` VALUES (880);
INSERT INTO `Segment` (`id`, `Segment_length`) VALUES (880, 69);
INSERT INTO `TrackElement_sensor` VALUES (880, 879);
INSERT INTO `TrackElement` VALUES (881);
INSERT INTO `Segment` (`id`, `Segment_length`) VALUES (881, 949);
INSERT INTO `TrackElement_sensor` VALUES (881, 879);
INSERT INTO `TrackElement` VALUES (882);
INSERT INTO `Segment` (`id`, `Segment_length`) VALUES (882, 123);
INSERT INTO `TrackElement_sensor` VALUES (882, 879);
INSERT INTO `TrackElement` VALUES (883);
INSERT INTO `Segment` (`id`, `Segment_length`) VALUES (883, 360);
INSERT INTO `TrackElement_sensor` VALUES (883, 879);
INSERT INTO `TrackElement` VALUES (884);
INSERT INTO `Segment` (`id`, `Segment_length`) VALUES (884, 795);
INSERT INTO `TrackElement_sensor` VALUES (884, 879);
INSERT INTO `Sensor` (`id`) VALUES (885);
INSERT INTO `TrackElement_sensor` VALUES (866, 885);
INSERT INTO `Route_routeDefinition` VALUES (865, 885);
INSERT INTO `TrackElement` VALUES (886);
INSERT INTO `Segment` (`id`, `Segment_length`) VALUES (886, 259);
INSERT INTO `TrackElement_sensor` VALUES (886, 885);
INSERT INTO `TrackElement` VALUES (887);
INSERT INTO `Segment` (`id`, `Segment_length`) VALUES (887, 726);
INSERT INTO `TrackElement_sensor` VALUES (887, 885);
INSERT INTO `TrackElement` VALUES (888);
INSERT INTO `Segment` (`id`, `Segment_length`) VALUES (888, 687);
INSERT INTO `TrackElement_sensor` VALUES (888, 885);
INSERT INTO `TrackElement` VALUES (889);
INSERT INTO `Segment` (`id`, `Segment_length`) VALUES (889, 390);
INSERT INTO `TrackElement_sensor` VALUES (889, 885);
INSERT INTO `TrackElement` VALUES (890);
INSERT INTO `Segment` (`id`, `Segment_length`) VALUES (890, -969);
INSERT INTO `TrackElement_sensor` VALUES (890, 885);
INSERT INTO `Sensor` (`id`) VALUES (891);
INSERT INTO `TrackElement_sensor` VALUES (866, 891);
INSERT INTO `TrackElement` VALUES (892);
INSERT INTO `Segment` (`id`, `Segment_length`) VALUES (892, 828);
INSERT INTO `TrackElement_sensor` VALUES (892, 891);
INSERT INTO `TrackElement` VALUES (893);
INSERT INTO `Segment` (`id`, `Segment_length`) VALUES (893, 489);
INSERT INTO `TrackElement_sensor` VALUES (893, 891);
INSERT INTO `TrackElement` VALUES (894);
INSERT INTO `Segment` (`id`, `Segment_length`) VALUES (894, 44);
INSERT INTO `TrackElement_sensor` VALUES (894, 891);
INSERT INTO `TrackElement` VALUES (895);
INSERT INTO `Segment` (`id`, `Segment_length`) VALUES (895, 502);
INSERT INTO `TrackElement_sensor` VALUES (895, 891);
INSERT INTO `TrackElement` VALUES (896);
INSERT INTO `Segment` (`id`, `Segment_length`) VALUES (896, 528);
INSERT INTO `TrackElement_sensor` VALUES (896, 891);
INSERT INTO `Sensor` (`id`) VALUES (897);
INSERT INTO `TrackElement_sensor` VALUES (866, 897);
INSERT INTO `TrackElement` VALUES (898);
INSERT INTO `Segment` (`id`, `Segment_length`) VALUES (898, 541);
INSERT INTO `TrackElement_sensor` VALUES (898, 897);
INSERT INTO `TrackElement` VALUES (899);
INSERT INTO `Segment` (`id`, `Segment_length`) VALUES (899, 144);
INSERT INTO `TrackElement_sensor` VALUES (899, 897);
INSERT INTO `TrackElement` VALUES (900);
INSERT INTO `Segment` (`id`, `Segment_length`) VALUES (900, 760);
INSERT INTO `TrackElement_sensor` VALUES (900, 897);
INSERT INTO `TrackElement` VALUES (901);
INSERT INTO `Segment` (`id`, `Segment_length`) VALUES (901, 51);
INSERT INTO `TrackElement_sensor` VALUES (901, 897);
INSERT INTO `TrackElement` VALUES (902);
INSERT INTO `Segment` (`id`, `Segment_length`) VALUES (902, -937);
INSERT INTO `TrackElement_sensor` VALUES (902, 897);
INSERT INTO `Sensor` (`id`) VALUES (903);
INSERT INTO `TrackElement_sensor` VALUES (866, 903);
INSERT INTO `Route_routeDefinition` VALUES (865, 903);
INSERT INTO `TrackElement` VALUES (904);
INSERT INTO `Segment` (`id`, `Segment_length`) VALUES (904, 590);
INSERT INTO `TrackElement_sensor` VALUES (904, 903);
INSERT INTO `TrackElement` VALUES (905);
INSERT INTO `Segment` (`id`, `Segment_length`) VALUES (905, 280);
INSERT INTO `TrackElement_sensor` VALUES (905, 903);
INSERT INTO `TrackElement` VALUES (906);
INSERT INTO `Segment` (`id`, `Segment_length`) VALUES (906, 803);
INSERT INTO `TrackElement_sensor` VALUES (906, 903);
INSERT INTO `TrackElement` VALUES (907);
INSERT INTO `Segment` (`id`, `Segment_length`) VALUES (907, 924);
INSERT INTO `TrackElement_sensor` VALUES (907, 903);
INSERT INTO `TrackElement` VALUES (908);
INSERT INTO `Segment` (`id`, `Segment_length`) VALUES (908, 763);
INSERT INTO `TrackElement_sensor` VALUES (908, 903);
INSERT INTO `Sensor` (`id`) VALUES (909);
INSERT INTO `TrackElement_sensor` VALUES (866, 909);
INSERT INTO `Route_routeDefinition` VALUES (865, 909);
INSERT INTO `TrackElement` VALUES (910);
INSERT INTO `Segment` (`id`, `Segment_length`) VALUES (910, 267);
INSERT INTO `TrackElement_sensor` VALUES (910, 909);
INSERT INTO `TrackElement` VALUES (911);
INSERT INTO `Segment` (`id`, `Segment_length`) VALUES (911, 219);
INSERT INTO `TrackElement_sensor` VALUES (911, 909);
INSERT INTO `TrackElement` VALUES (912);
INSERT INTO `Segment` (`id`, `Segment_length`) VALUES (912, 433);
INSERT INTO `TrackElement_sensor` VALUES (912, 909);
INSERT INTO `TrackElement` VALUES (913);
INSERT INTO `Segment` (`id`, `Segment_length`) VALUES (913, 215);
INSERT INTO `TrackElement_sensor` VALUES (913, 909);
INSERT INTO `TrackElement` VALUES (914);
INSERT INTO `Segment` (`id`, `Segment_length`) VALUES (914, 159);
INSERT INTO `TrackElement_sensor` VALUES (914, 909);
INSERT INTO `Sensor` (`id`) VALUES (915);
INSERT INTO `TrackElement_sensor` VALUES (866, 915);
INSERT INTO `Route_routeDefinition` VALUES (865, 915);
INSERT INTO `TrackElement` VALUES (916);
INSERT INTO `Segment` (`id`, `Segment_length`) VALUES (916, 736);
INSERT INTO `TrackElement_sensor` VALUES (916, 915);
INSERT INTO `TrackElement` VALUES (917);
INSERT INTO `Segment` (`id`, `Segment_length`) VALUES (917, 487);
INSERT INTO `TrackElement_sensor` VALUES (917, 915);
INSERT INTO `TrackElement` VALUES (918);
INSERT INTO `Segment` (`id`, `Segment_length`) VALUES (918, -893);
INSERT INTO `TrackElement_sensor` VALUES (918, 915);
INSERT INTO `TrackElement` VALUES (919);
INSERT INTO `Segment` (`id`, `Segment_length`) VALUES (919, 690);
INSERT INTO `TrackElement_sensor` VALUES (919, 915);
INSERT INTO `TrackElement` VALUES (920);
INSERT INTO `Segment` (`id`, `Segment_length`) VALUES (920, 545);
INSERT INTO `TrackElement_sensor` VALUES (920, 915);
UPDATE `Switch` SET `Switch_currentState` = 2 WHERE `id` = 866;
INSERT INTO `SwitchPosition` (`id`, `SwitchPosition_switchState`, `SwitchPosition_switch`, `Route_switchPosition`) VALUES (921, 1, 866, 865);
INSERT INTO `TrackElement` VALUES (922);
INSERT INTO `Switch` (`id`) VALUES (922);
UPDATE `Switch` SET `Switch_currentState` = 3 WHERE `id` = 922;
INSERT INTO `SwitchPosition` (`id`, `SwitchPosition_switchState`, `SwitchPosition_switch`, `Route_switchPosition`) VALUES (923, 3, 922, 865);
INSERT INTO `TrackElement` VALUES (924);
INSERT INTO `Switch` (`id`) VALUES (924);
INSERT INTO `Sensor` (`id`) VALUES (925);
INSERT INTO `TrackElement_sensor` VALUES (924, 925);
INSERT INTO `Route_routeDefinition` VALUES (865, 925);
INSERT INTO `TrackElement` VALUES (926);
INSERT INTO `Segment` (`id`, `Segment_length`) VALUES (926, 577);
INSERT INTO `TrackElement_sensor` VALUES (926, 925);
INSERT INTO `TrackElement` VALUES (927);
INSERT INTO `Segment` (`id`, `Segment_length`) VALUES (927, -981);
INSERT INTO `TrackElement_sensor` VALUES (927, 925);
INSERT INTO `TrackElement` VALUES (928);
INSERT INTO `Segment` (`id`, `Segment_length`) VALUES (928, 804);
INSERT INTO `TrackElement_sensor` VALUES (928, 925);
INSERT INTO `TrackElement` VALUES (929);
INSERT INTO `Segment` (`id`, `Segment_length`) VALUES (929, 325);
INSERT INTO `TrackElement_sensor` VALUES (929, 925);
INSERT INTO `TrackElement` VALUES (930);
INSERT INTO `Segment` (`id`, `Segment_length`) VALUES (930, 831);
INSERT INTO `TrackElement_sensor` VALUES (930, 925);
UPDATE `Switch` SET `Switch_currentState` = 0 WHERE `id` = 924;
INSERT INTO `SwitchPosition` (`id`, `SwitchPosition_switchState`, `SwitchPosition_switch`, `Route_switchPosition`) VALUES (931, 0, 924, 865);
INSERT INTO `TrackElement` VALUES (932);
INSERT INTO `Switch` (`id`) VALUES (932);
INSERT INTO `Sensor` (`id`) VALUES (933);
INSERT INTO `TrackElement_sensor` VALUES (932, 933);
INSERT INTO `Route_routeDefinition` VALUES (865, 933);
INSERT INTO `TrackElement` VALUES (934);
INSERT INTO `Segment` (`id`, `Segment_length`) VALUES (934, 892);
INSERT INTO `TrackElement_sensor` VALUES (934, 933);
INSERT INTO `TrackElement` VALUES (935);
INSERT INTO `Segment` (`id`, `Segment_length`) VALUES (935, 400);
INSERT INTO `TrackElement_sensor` VALUES (935, 933);
INSERT INTO `TrackElement` VALUES (936);
INSERT INTO `Segment` (`id`, `Segment_length`) VALUES (936, 196);
INSERT INTO `TrackElement_sensor` VALUES (936, 933);
INSERT INTO `TrackElement` VALUES (937);
INSERT INTO `Segment` (`id`, `Segment_length`) VALUES (937, 917);
INSERT INTO `TrackElement_sensor` VALUES (937, 933);
INSERT INTO `TrackElement` VALUES (938);
INSERT INTO `Segment` (`id`, `Segment_length`) VALUES (938, 387);
INSERT INTO `TrackElement_sensor` VALUES (938, 933);
INSERT INTO `Sensor` (`id`) VALUES (939);
INSERT INTO `TrackElement_sensor` VALUES (932, 939);
INSERT INTO `Route_routeDefinition` VALUES (865, 939);
INSERT INTO `TrackElement` VALUES (940);
INSERT INTO `Segment` (`id`, `Segment_length`) VALUES (940, 419);
INSERT INTO `TrackElement_sensor` VALUES (940, 939);
INSERT INTO `TrackElement` VALUES (941);
INSERT INTO `Segment` (`id`, `Segment_length`) VALUES (941, 962);
INSERT INTO `TrackElement_sensor` VALUES (941, 939);
INSERT INTO `TrackElement` VALUES (942);
INSERT INTO `Segment` (`id`, `Segment_length`) VALUES (942, 312);
INSERT INTO `TrackElement_sensor` VALUES (942, 939);
INSERT INTO `TrackElement` VALUES (943);
INSERT INTO `Segment` (`id`, `Segment_length`) VALUES (943, 916);
INSERT INTO `TrackElement_sensor` VALUES (943, 939);
INSERT INTO `TrackElement` VALUES (944);
INSERT INTO `Segment` (`id`, `Segment_length`) VALUES (944, 940);
INSERT INTO `TrackElement_sensor` VALUES (944, 939);
INSERT INTO `Sensor` (`id`) VALUES (945);
INSERT INTO `TrackElement_sensor` VALUES (932, 945);
INSERT INTO `Route_routeDefinition` VALUES (865, 945);
INSERT INTO `TrackElement` VALUES (946);
INSERT INTO `Segment` (`id`, `Segment_length`) VALUES (946, 719);
INSERT INTO `TrackElement_sensor` VALUES (946, 945);
INSERT INTO `TrackElement` VALUES (947);
INSERT INTO `Segment` (`id`, `Segment_length`) VALUES (947, 680);
INSERT INTO `TrackElement_sensor` VALUES (947, 945);
INSERT INTO `TrackElement` VALUES (948);
INSERT INTO `Segment` (`id`, `Segment_length`) VALUES (948, 255);
INSERT INTO `TrackElement_sensor` VALUES (948, 945);
INSERT INTO `TrackElement` VALUES (949);
INSERT INTO `Segment` (`id`, `Segment_length`) VALUES (949, 191);
INSERT INTO `TrackElement_sensor` VALUES (949, 945);
INSERT INTO `TrackElement` VALUES (950);
INSERT INTO `Segment` (`id`, `Segment_length`) VALUES (950, 562);
INSERT INTO `TrackElement_sensor` VALUES (950, 945);
INSERT INTO `Sensor` (`id`) VALUES (951);
INSERT INTO `TrackElement_sensor` VALUES (932, 951);
INSERT INTO `Route_routeDefinition` VALUES (865, 951);
INSERT INTO `TrackElement` VALUES (952);
INSERT INTO `Segment` (`id`, `Segment_length`) VALUES (952, 185);
INSERT INTO `TrackElement_sensor` VALUES (952, 951);
INSERT INTO `TrackElement` VALUES (953);
INSERT INTO `Segment` (`id`, `Segment_length`) VALUES (953, 147);
INSERT INTO `TrackElement_sensor` VALUES (953, 951);
INSERT INTO `TrackElement` VALUES (954);
INSERT INTO `Segment` (`id`, `Segment_length`) VALUES (954, 229);
INSERT INTO `TrackElement_sensor` VALUES (954, 951);
INSERT INTO `TrackElement` VALUES (955);
INSERT INTO `Segment` (`id`, `Segment_length`) VALUES (955, 1);
INSERT INTO `TrackElement_sensor` VALUES (955, 951);
INSERT INTO `TrackElement` VALUES (956);
INSERT INTO `Segment` (`id`, `Segment_length`) VALUES (956, 185);
INSERT INTO `TrackElement_sensor` VALUES (956, 951);
INSERT INTO `Sensor` (`id`) VALUES (957);
INSERT INTO `TrackElement_sensor` VALUES (932, 957);
INSERT INTO `Route_routeDefinition` VALUES (865, 957);
INSERT INTO `TrackElement` VALUES (958);
INSERT INTO `Segment` (`id`, `Segment_length`) VALUES (958, -525);
INSERT INTO `TrackElement_sensor` VALUES (958, 957);
INSERT INTO `TrackElement` VALUES (959);
INSERT INTO `Segment` (`id`, `Segment_length`) VALUES (959, 83);
INSERT INTO `TrackElement_sensor` VALUES (959, 957);
INSERT INTO `TrackElement` VALUES (960);
INSERT INTO `Segment` (`id`, `Segment_length`) VALUES (960, 813);
INSERT INTO `TrackElement_sensor` VALUES (960, 957);
INSERT INTO `TrackElement` VALUES (961);
INSERT INTO `Segment` (`id`, `Segment_length`) VALUES (961, 256);
INSERT INTO `TrackElement_sensor` VALUES (961, 957);
INSERT INTO `TrackElement` VALUES (962);
INSERT INTO `Segment` (`id`, `Segment_length`) VALUES (962, 25);
INSERT INTO `TrackElement_sensor` VALUES (962, 957);
INSERT INTO `Sensor` (`id`) VALUES (963);
INSERT INTO `TrackElement_sensor` VALUES (932, 963);
INSERT INTO `Route_routeDefinition` VALUES (865, 963);
INSERT INTO `TrackElement` VALUES (964);
INSERT INTO `Segment` (`id`, `Segment_length`) VALUES (964, 249);
INSERT INTO `TrackElement_sensor` VALUES (964, 963);
INSERT INTO `TrackElement` VALUES (965);
INSERT INTO `Segment` (`id`, `Segment_length`) VALUES (965, 150);
INSERT INTO `TrackElement_sensor` VALUES (965, 963);
INSERT INTO `TrackElement` VALUES (966);
INSERT INTO `Segment` (`id`, `Segment_length`) VALUES (966, 62);
INSERT INTO `TrackElement_sensor` VALUES (966, 963);
INSERT INTO `TrackElement` VALUES (967);
INSERT INTO `Segment` (`id`, `Segment_length`) VALUES (967, 652);
INSERT INTO `TrackElement_sensor` VALUES (967, 963);
INSERT INTO `TrackElement` VALUES (968);
INSERT INTO `Segment` (`id`, `Segment_length`) VALUES (968, 322);
INSERT INTO `TrackElement_sensor` VALUES (968, 963);
INSERT INTO `Sensor` (`id`) VALUES (969);
INSERT INTO `TrackElement_sensor` VALUES (932, 969);
INSERT INTO `Route_routeDefinition` VALUES (865, 969);
INSERT INTO `TrackElement` VALUES (970);
INSERT INTO `Segment` (`id`, `Segment_length`) VALUES (970, 966);
INSERT INTO `TrackElement_sensor` VALUES (970, 969);
INSERT INTO `TrackElement` VALUES (971);
INSERT INTO `Segment` (`id`, `Segment_length`) VALUES (971, -387);
INSERT INTO `TrackElement_sensor` VALUES (971, 969);
INSERT INTO `TrackElement` VALUES (972);
INSERT INTO `Segment` (`id`, `Segment_length`) VALUES (972, 36);
INSERT INTO `TrackElement_sensor` VALUES (972, 969);
INSERT INTO `TrackElement` VALUES (973);
INSERT INTO `Segment` (`id`, `Segment_length`) VALUES (973, 596);
INSERT INTO `TrackElement_sensor` VALUES (973, 969);
INSERT INTO `TrackElement` VALUES (974);
INSERT INTO `Segment` (`id`, `Segment_length`) VALUES (974, 868);
INSERT INTO `TrackElement_sensor` VALUES (974, 969);
UPDATE `Switch` SET `Switch_currentState` = 3 WHERE `id` = 932;
INSERT INTO `SwitchPosition` (`id`, `SwitchPosition_switchState`, `SwitchPosition_switch`, `Route_switchPosition`) VALUES (975, 3, 932, 865);
INSERT INTO `TrackElement` VALUES (976);
INSERT INTO `Switch` (`id`) VALUES (976);
INSERT INTO `Sensor` (`id`) VALUES (977);
INSERT INTO `TrackElement_sensor` VALUES (976, 977);
INSERT INTO `Route_routeDefinition` VALUES (865, 977);
INSERT INTO `TrackElement` VALUES (978);
INSERT INTO `Segment` (`id`, `Segment_length`) VALUES (978, 848);
INSERT INTO `TrackElement_sensor` VALUES (978, 977);
INSERT INTO `TrackElement` VALUES (979);
INSERT INTO `Segment` (`id`, `Segment_length`) VALUES (979, 41);
INSERT INTO `TrackElement_sensor` VALUES (979, 977);
INSERT INTO `TrackElement` VALUES (980);
INSERT INTO `Segment` (`id`, `Segment_length`) VALUES (980, 75);
INSERT INTO `TrackElement_sensor` VALUES (980, 977);
INSERT INTO `TrackElement` VALUES (981);
INSERT INTO `Segment` (`id`, `Segment_length`) VALUES (981, 449);
INSERT INTO `TrackElement_sensor` VALUES (981, 977);
INSERT INTO `TrackElement` VALUES (982);
INSERT INTO `Segment` (`id`, `Segment_length`) VALUES (982, 144);
INSERT INTO `TrackElement_sensor` VALUES (982, 977);
INSERT INTO `Sensor` (`id`) VALUES (983);
INSERT INTO `TrackElement_sensor` VALUES (976, 983);
INSERT INTO `TrackElement` VALUES (984);
INSERT INTO `Segment` (`id`, `Segment_length`) VALUES (984, 405);
INSERT INTO `TrackElement_sensor` VALUES (984, 983);
INSERT INTO `TrackElement` VALUES (985);
INSERT INTO `Segment` (`id`, `Segment_length`) VALUES (985, 917);
INSERT INTO `TrackElement_sensor` VALUES (985, 983);
INSERT INTO `TrackElement` VALUES (986);
INSERT INTO `Segment` (`id`, `Segment_length`) VALUES (986, 184);
INSERT INTO `TrackElement_sensor` VALUES (986, 983);
INSERT INTO `TrackElement` VALUES (987);
INSERT INTO `Segment` (`id`, `Segment_length`) VALUES (987, 524);
INSERT INTO `TrackElement_sensor` VALUES (987, 983);
INSERT INTO `TrackElement` VALUES (988);
INSERT INTO `Segment` (`id`, `Segment_length`) VALUES (988, 673);
INSERT INTO `TrackElement_sensor` VALUES (988, 983);
INSERT INTO `Sensor` (`id`) VALUES (989);
INSERT INTO `TrackElement_sensor` VALUES (976, 989);
INSERT INTO `Route_routeDefinition` VALUES (865, 989);
INSERT INTO `TrackElement` VALUES (990);
INSERT INTO `Segment` (`id`, `Segment_length`) VALUES (990, 931);
INSERT INTO `TrackElement_sensor` VALUES (990, 989);
INSERT INTO `TrackElement` VALUES (991);
INSERT INTO `Segment` (`id`, `Segment_length`) VALUES (991, 861);
INSERT INTO `TrackElement_sensor` VALUES (991, 989);
INSERT INTO `TrackElement` VALUES (992);
INSERT INTO `Segment` (`id`, `Segment_length`) VALUES (992, 262);
INSERT INTO `TrackElement_sensor` VALUES (992, 989);
INSERT INTO `TrackElement` VALUES (993);
INSERT INTO `Segment` (`id`, `Segment_length`) VALUES (993, 300);
INSERT INTO `TrackElement_sensor` VALUES (993, 989);
INSERT INTO `TrackElement` VALUES (994);
INSERT INTO `Segment` (`id`, `Segment_length`) VALUES (994, 607);
INSERT INTO `TrackElement_sensor` VALUES (994, 989);
UPDATE `Switch` SET `Switch_currentState` = 3 WHERE `id` = 976;
INSERT INTO `SwitchPosition` (`id`, `SwitchPosition_switchState`, `SwitchPosition_switch`, `Route_switchPosition`) VALUES (995, 3, 976, 865);
INSERT INTO `TrackElement` VALUES (996);
INSERT INTO `Switch` (`id`) VALUES (996);
UPDATE `Switch` SET `Switch_currentState` = 1 WHERE `id` = 996;
INSERT INTO `SwitchPosition` (`id`, `SwitchPosition_switchState`, `SwitchPosition_switch`, `Route_switchPosition`) VALUES (997, 1, 996, 865);
INSERT INTO `TrackElement` VALUES (998);
INSERT INTO `Switch` (`id`) VALUES (998);
INSERT INTO `Sensor` (`id`) VALUES (999);
INSERT INTO `TrackElement_sensor` VALUES (998, 999);
INSERT INTO `TrackElement` VALUES (1000);
INSERT INTO `Segment` (`id`, `Segment_length`) VALUES (1000, 281);
INSERT INTO `TrackElement_sensor` VALUES (1000, 999);
INSERT INTO `TrackElement` VALUES (1001);
INSERT INTO `Segment` (`id`, `Segment_length`) VALUES (1001, 547);
INSERT INTO `TrackElement_sensor` VALUES (1001, 999);
INSERT INTO `TrackElement` VALUES (1002);
INSERT INTO `Segment` (`id`, `Segment_length`) VALUES (1002, 128);
INSERT INTO `TrackElement_sensor` VALUES (1002, 999);
INSERT INTO `TrackElement` VALUES (1003);
INSERT INTO `Segment` (`id`, `Segment_length`) VALUES (1003, -889);
INSERT INTO `TrackElement_sensor` VALUES (1003, 999);
INSERT INTO `TrackElement` VALUES (1004);
INSERT INTO `Segment` (`id`, `Segment_length`) VALUES (1004, 598);
INSERT INTO `TrackElement_sensor` VALUES (1004, 999);
INSERT INTO `Sensor` (`id`) VALUES (1005);
INSERT INTO `TrackElement_sensor` VALUES (998, 1005);
INSERT INTO `Route_routeDefinition` VALUES (865, 1005);
INSERT INTO `TrackElement` VALUES (1006);
INSERT INTO `Segment` (`id`, `Segment_length`) VALUES (1006, 646);
INSERT INTO `TrackElement_sensor` VALUES (1006, 1005);
INSERT INTO `TrackElement` VALUES (1007);
INSERT INTO `Segment` (`id`, `Segment_length`) VALUES (1007, 680);
INSERT INTO `TrackElement_sensor` VALUES (1007, 1005);
INSERT INTO `TrackElement` VALUES (1008);
INSERT INTO `Segment` (`id`, `Segment_length`) VALUES (1008, 731);
INSERT INTO `TrackElement_sensor` VALUES (1008, 1005);
INSERT INTO `TrackElement` VALUES (1009);
INSERT INTO `Segment` (`id`, `Segment_length`) VALUES (1009, 308);
INSERT INTO `TrackElement_sensor` VALUES (1009, 1005);
INSERT INTO `TrackElement` VALUES (1010);
INSERT INTO `Segment` (`id`, `Segment_length`) VALUES (1010, -182);
INSERT INTO `TrackElement_sensor` VALUES (1010, 1005);
INSERT INTO `Sensor` (`id`) VALUES (1011);
INSERT INTO `TrackElement_sensor` VALUES (998, 1011);
INSERT INTO `Route_routeDefinition` VALUES (865, 1011);
INSERT INTO `TrackElement` VALUES (1012);
INSERT INTO `Segment` (`id`, `Segment_length`) VALUES (1012, 733);
INSERT INTO `TrackElement_sensor` VALUES (1012, 1011);
INSERT INTO `TrackElement` VALUES (1013);
INSERT INTO `Segment` (`id`, `Segment_length`) VALUES (1013, 920);
INSERT INTO `TrackElement_sensor` VALUES (1013, 1011);
INSERT INTO `TrackElement` VALUES (1014);
INSERT INTO `Segment` (`id`, `Segment_length`) VALUES (1014, 526);
INSERT INTO `TrackElement_sensor` VALUES (1014, 1011);
INSERT INTO `TrackElement` VALUES (1015);
INSERT INTO `Segment` (`id`, `Segment_length`) VALUES (1015, 266);
INSERT INTO `TrackElement_sensor` VALUES (1015, 1011);
INSERT INTO `TrackElement` VALUES (1016);
INSERT INTO `Segment` (`id`, `Segment_length`) VALUES (1016, -938);
INSERT INTO `TrackElement_sensor` VALUES (1016, 1011);
INSERT INTO `Sensor` (`id`) VALUES (1017);
INSERT INTO `TrackElement_sensor` VALUES (998, 1017);
INSERT INTO `Route_routeDefinition` VALUES (865, 1017);
INSERT INTO `TrackElement` VALUES (1018);
INSERT INTO `Segment` (`id`, `Segment_length`) VALUES (1018, 588);
INSERT INTO `TrackElement_sensor` VALUES (1018, 1017);
INSERT INTO `TrackElement` VALUES (1019);
INSERT INTO `Segment` (`id`, `Segment_length`) VALUES (1019, 962);
INSERT INTO `TrackElement_sensor` VALUES (1019, 1017);
INSERT INTO `TrackElement` VALUES (1020);
INSERT INTO `Segment` (`id`, `Segment_length`) VALUES (1020, 76);
INSERT INTO `TrackElement_sensor` VALUES (1020, 1017);
INSERT INTO `TrackElement` VALUES (1021);
INSERT INTO `Segment` (`id`, `Segment_length`) VALUES (1021, 73);
INSERT INTO `TrackElement_sensor` VALUES (1021, 1017);
INSERT INTO `TrackElement` VALUES (1022);
INSERT INTO `Segment` (`id`, `Segment_length`) VALUES (1022, 146);
INSERT INTO `TrackElement_sensor` VALUES (1022, 1017);
INSERT INTO `Sensor` (`id`) VALUES (1023);
INSERT INTO `TrackElement_sensor` VALUES (998, 1023);
INSERT INTO `TrackElement` VALUES (1024);
INSERT INTO `Segment` (`id`, `Segment_length`) VALUES (1024, 944);
INSERT INTO `TrackElement_sensor` VALUES (1024, 1023);
INSERT INTO `TrackElement` VALUES (1025);
INSERT INTO `Segment` (`id`, `Segment_length`) VALUES (1025, 600);
INSERT INTO `TrackElement_sensor` VALUES (1025, 1023);
INSERT INTO `TrackElement` VALUES (1026);
INSERT INTO `Segment` (`id`, `Segment_length`) VALUES (1026, 86);
INSERT INTO `TrackElement_sensor` VALUES (1026, 1023);
INSERT INTO `TrackElement` VALUES (1027);
INSERT INTO `Segment` (`id`, `Segment_length`) VALUES (1027, 89);
INSERT INTO `TrackElement_sensor` VALUES (1027, 1023);
INSERT INTO `TrackElement` VALUES (1028);
INSERT INTO `Segment` (`id`, `Segment_length`) VALUES (1028, 973);
INSERT INTO `TrackElement_sensor` VALUES (1028, 1023);
INSERT INTO `Sensor` (`id`) VALUES (1029);
INSERT INTO `TrackElement` VALUES (1030);
INSERT INTO `Segment` (`id`, `Segment_length`) VALUES (1030, 691);
INSERT INTO `TrackElement_sensor` VALUES (1030, 1029);
INSERT INTO `TrackElement` VALUES (1031);
INSERT INTO `Segment` (`id`, `Segment_length`) VALUES (1031, 349);
INSERT INTO `TrackElement_sensor` VALUES (1031, 1029);
INSERT INTO `TrackElement` VALUES (1032);
INSERT INTO `Segment` (`id`, `Segment_length`) VALUES (1032, 604);
INSERT INTO `TrackElement_sensor` VALUES (1032, 1029);
INSERT INTO `TrackElement` VALUES (1033);
INSERT INTO `Segment` (`id`, `Segment_length`) VALUES (1033, 6);
INSERT INTO `TrackElement_sensor` VALUES (1033, 1029);
INSERT INTO `TrackElement` VALUES (1034);
INSERT INTO `Segment` (`id`, `Segment_length`) VALUES (1034, 535);
INSERT INTO `TrackElement_sensor` VALUES (1034, 1029);
INSERT INTO `Sensor` (`id`) VALUES (1035);
INSERT INTO `TrackElement` VALUES (1036);
INSERT INTO `Segment` (`id`, `Segment_length`) VALUES (1036, 790);
INSERT INTO `TrackElement_sensor` VALUES (1036, 1035);
INSERT INTO `TrackElement` VALUES (1037);
INSERT INTO `Segment` (`id`, `Segment_length`) VALUES (1037, 687);
INSERT INTO `TrackElement_sensor` VALUES (1037, 1035);
INSERT INTO `TrackElement` VALUES (1038);
INSERT INTO `Segment` (`id`, `Segment_length`) VALUES (1038, 67);
INSERT INTO `TrackElement_sensor` VALUES (1038, 1035);
INSERT INTO `TrackElement` VALUES (1039);
INSERT INTO `Segment` (`id`, `Segment_length`) VALUES (1039, 877);
INSERT INTO `TrackElement_sensor` VALUES (1039, 1035);
INSERT INTO `TrackElement` VALUES (1040);
INSERT INTO `Segment` (`id`, `Segment_length`) VALUES (1040, 189);
INSERT INTO `TrackElement_sensor` VALUES (1040, 1035);
INSERT INTO `Sensor` (`id`) VALUES (1041);
INSERT INTO `TrackElement_sensor` VALUES (998, 1041);
INSERT INTO `Route_routeDefinition` VALUES (865, 1041);
INSERT INTO `TrackElement` VALUES (1042);
INSERT INTO `Segment` (`id`, `Segment_length`) VALUES (1042, 32);
INSERT INTO `TrackElement_sensor` VALUES (1042, 1041);
INSERT INTO `TrackElement` VALUES (1043);
INSERT INTO `Segment` (`id`, `Segment_length`) VALUES (1043, 873);
INSERT INTO `TrackElement_sensor` VALUES (1043, 1041);
INSERT INTO `TrackElement` VALUES (1044);
INSERT INTO `Segment` (`id`, `Segment_length`) VALUES (1044, 584);
INSERT INTO `TrackElement_sensor` VALUES (1044, 1041);
INSERT INTO `TrackElement` VALUES (1045);
INSERT INTO `Segment` (`id`, `Segment_length`) VALUES (1045, 365);
INSERT INTO `TrackElement_sensor` VALUES (1045, 1041);
INSERT INTO `TrackElement` VALUES (1046);
INSERT INTO `Segment` (`id`, `Segment_length`) VALUES (1046, 886);
INSERT INTO `TrackElement_sensor` VALUES (1046, 1041);
INSERT INTO `Sensor` (`id`) VALUES (1047);
INSERT INTO `TrackElement` VALUES (1048);
INSERT INTO `Segment` (`id`, `Segment_length`) VALUES (1048, 278);
INSERT INTO `TrackElement_sensor` VALUES (1048, 1047);
INSERT INTO `TrackElement` VALUES (1049);
INSERT INTO `Segment` (`id`, `Segment_length`) VALUES (1049, 35);
INSERT INTO `TrackElement_sensor` VALUES (1049, 1047);
INSERT INTO `TrackElement` VALUES (1050);
INSERT INTO `Segment` (`id`, `Segment_length`) VALUES (1050, 981);
INSERT INTO `TrackElement_sensor` VALUES (1050, 1047);
INSERT INTO `TrackElement` VALUES (1051);
INSERT INTO `Segment` (`id`, `Segment_length`) VALUES (1051, 54);
INSERT INTO `TrackElement_sensor` VALUES (1051, 1047);
INSERT INTO `TrackElement` VALUES (1052);
INSERT INTO `Segment` (`id`, `Segment_length`) VALUES (1052, 878);
INSERT INTO `TrackElement_sensor` VALUES (1052, 1047);
UPDATE `Switch` SET `Switch_currentState` = 0 WHERE `id` = 998;
INSERT INTO `SwitchPosition` (`id`, `SwitchPosition_switchState`, `SwitchPosition_switch`, `Route_switchPosition`) VALUES (1053, 0, 998, 865);
INSERT INTO `TrackElement` VALUES (1054);
INSERT INTO `Switch` (`id`) VALUES (1054);
INSERT INTO `Sensor` (`id`) VALUES (1055);
INSERT INTO `TrackElement_sensor` VALUES (1054, 1055);
INSERT INTO `TrackElement` VALUES (1056);
INSERT INTO `Segment` (`id`, `Segment_length`) VALUES (1056, 209);
INSERT INTO `TrackElement_sensor` VALUES (1056, 1055);
INSERT INTO `TrackElement` VALUES (1057);
INSERT INTO `Segment` (`id`, `Segment_length`) VALUES (1057, 574);
INSERT INTO `TrackElement_sensor` VALUES (1057, 1055);
INSERT INTO `TrackElement` VALUES (1058);
INSERT INTO `Segment` (`id`, `Segment_length`) VALUES (1058, 406);
INSERT INTO `TrackElement_sensor` VALUES (1058, 1055);
INSERT INTO `TrackElement` VALUES (1059);
INSERT INTO `Segment` (`id`, `Segment_length`) VALUES (1059, 857);
INSERT INTO `TrackElement_sensor` VALUES (1059, 1055);
INSERT INTO `TrackElement` VALUES (1060);
INSERT INTO `Segment` (`id`, `Segment_length`) VALUES (1060, 86);
INSERT INTO `TrackElement_sensor` VALUES (1060, 1055);
INSERT INTO `Sensor` (`id`) VALUES (1061);
INSERT INTO `TrackElement_sensor` VALUES (1054, 1061);
INSERT INTO `Route_routeDefinition` VALUES (865, 1061);
INSERT INTO `TrackElement` VALUES (1062);
INSERT INTO `Segment` (`id`, `Segment_length`) VALUES (1062, 600);
INSERT INTO `TrackElement_sensor` VALUES (1062, 1061);
INSERT INTO `TrackElement` VALUES (1063);
INSERT INTO `Segment` (`id`, `Segment_length`) VALUES (1063, 806);
INSERT INTO `TrackElement_sensor` VALUES (1063, 1061);
INSERT INTO `TrackElement` VALUES (1064);
INSERT INTO `Segment` (`id`, `Segment_length`) VALUES (1064, 182);
INSERT INTO `TrackElement_sensor` VALUES (1064, 1061);
INSERT INTO `TrackElement` VALUES (1065);
INSERT INTO `Segment` (`id`, `Segment_length`) VALUES (1065, 432);
INSERT INTO `TrackElement_sensor` VALUES (1065, 1061);
INSERT INTO `TrackElement` VALUES (1066);
INSERT INTO `Segment` (`id`, `Segment_length`) VALUES (1066, 34);
INSERT INTO `TrackElement_sensor` VALUES (1066, 1061);
INSERT INTO `Sensor` (`id`) VALUES (1067);
INSERT INTO `TrackElement_sensor` VALUES (1054, 1067);
INSERT INTO `Route_routeDefinition` VALUES (865, 1067);
INSERT INTO `TrackElement` VALUES (1068);
INSERT INTO `Segment` (`id`, `Segment_length`) VALUES (1068, 517);
INSERT INTO `TrackElement_sensor` VALUES (1068, 1067);
INSERT INTO `TrackElement` VALUES (1069);
INSERT INTO `Segment` (`id`, `Segment_length`) VALUES (1069, 204);
INSERT INTO `TrackElement_sensor` VALUES (1069, 1067);
INSERT INTO `TrackElement` VALUES (1070);
INSERT INTO `Segment` (`id`, `Segment_length`) VALUES (1070, 507);
INSERT INTO `TrackElement_sensor` VALUES (1070, 1067);
INSERT INTO `TrackElement` VALUES (1071);
INSERT INTO `Segment` (`id`, `Segment_length`) VALUES (1071, 563);
INSERT INTO `TrackElement_sensor` VALUES (1071, 1067);
INSERT INTO `TrackElement` VALUES (1072);
INSERT INTO `Segment` (`id`, `Segment_length`) VALUES (1072, 177);
INSERT INTO `TrackElement_sensor` VALUES (1072, 1067);
INSERT INTO `Sensor` (`id`) VALUES (1073);
INSERT INTO `TrackElement_sensor` VALUES (1054, 1073);
INSERT INTO `Route_routeDefinition` VALUES (865, 1073);
INSERT INTO `TrackElement` VALUES (1074);
INSERT INTO `Segment` (`id`, `Segment_length`) VALUES (1074, 655);
INSERT INTO `TrackElement_sensor` VALUES (1074, 1073);
INSERT INTO `TrackElement` VALUES (1075);
INSERT INTO `Segment` (`id`, `Segment_length`) VALUES (1075, -430);
INSERT INTO `TrackElement_sensor` VALUES (1075, 1073);
INSERT INTO `TrackElement` VALUES (1076);
INSERT INTO `Segment` (`id`, `Segment_length`) VALUES (1076, 303);
INSERT INTO `TrackElement_sensor` VALUES (1076, 1073);
INSERT INTO `TrackElement` VALUES (1077);
INSERT INTO `Segment` (`id`, `Segment_length`) VALUES (1077, 480);
INSERT INTO `TrackElement_sensor` VALUES (1077, 1073);
INSERT INTO `TrackElement` VALUES (1078);
INSERT INTO `Segment` (`id`, `Segment_length`) VALUES (1078, 154);
INSERT INTO `TrackElement_sensor` VALUES (1078, 1073);
INSERT INTO `Sensor` (`id`) VALUES (1079);
INSERT INTO `TrackElement_sensor` VALUES (1054, 1079);
INSERT INTO `Route_routeDefinition` VALUES (865, 1079);
INSERT INTO `TrackElement` VALUES (1080);
INSERT INTO `Segment` (`id`, `Segment_length`) VALUES (1080, 541);
INSERT INTO `TrackElement_sensor` VALUES (1080, 1079);
INSERT INTO `TrackElement` VALUES (1081);
INSERT INTO `Segment` (`id`, `Segment_length`) VALUES (1081, 991);
INSERT INTO `TrackElement_sensor` VALUES (1081, 1079);
INSERT INTO `TrackElement` VALUES (1082);
INSERT INTO `Segment` (`id`, `Segment_length`) VALUES (1082, 891);
INSERT INTO `TrackElement_sensor` VALUES (1082, 1079);
INSERT INTO `TrackElement` VALUES (1083);
INSERT INTO `Segment` (`id`, `Segment_length`) VALUES (1083, 575);
INSERT INTO `TrackElement_sensor` VALUES (1083, 1079);
INSERT INTO `TrackElement` VALUES (1084);
INSERT INTO `Segment` (`id`, `Segment_length`) VALUES (1084, 336);
INSERT INTO `TrackElement_sensor` VALUES (1084, 1079);
INSERT INTO `Sensor` (`id`) VALUES (1085);
INSERT INTO `TrackElement_sensor` VALUES (1054, 1085);
INSERT INTO `Route_routeDefinition` VALUES (865, 1085);
INSERT INTO `TrackElement` VALUES (1086);
INSERT INTO `Segment` (`id`, `Segment_length`) VALUES (1086, 619);
INSERT INTO `TrackElement_sensor` VALUES (1086, 1085);
INSERT INTO `TrackElement` VALUES (1087);
INSERT INTO `Segment` (`id`, `Segment_length`) VALUES (1087, 302);
INSERT INTO `TrackElement_sensor` VALUES (1087, 1085);
INSERT INTO `TrackElement` VALUES (1088);
INSERT INTO `Segment` (`id`, `Segment_length`) VALUES (1088, 856);
INSERT INTO `TrackElement_sensor` VALUES (1088, 1085);
INSERT INTO `TrackElement` VALUES (1089);
INSERT INTO `Segment` (`id`, `Segment_length`) VALUES (1089, -526);
INSERT INTO `TrackElement_sensor` VALUES (1089, 1085);
INSERT INTO `TrackElement` VALUES (1090);
INSERT INTO `Segment` (`id`, `Segment_length`) VALUES (1090, 491);
INSERT INTO `TrackElement_sensor` VALUES (1090, 1085);
INSERT INTO `Sensor` (`id`) VALUES (1091);
INSERT INTO `TrackElement_sensor` VALUES (1054, 1091);
INSERT INTO `Route_routeDefinition` VALUES (865, 1091);
INSERT INTO `TrackElement` VALUES (1092);
INSERT INTO `Segment` (`id`, `Segment_length`) VALUES (1092, 997);
INSERT INTO `TrackElement_sensor` VALUES (1092, 1091);
INSERT INTO `TrackElement` VALUES (1093);
INSERT INTO `Segment` (`id`, `Segment_length`) VALUES (1093, 966);
INSERT INTO `TrackElement_sensor` VALUES (1093, 1091);
INSERT INTO `TrackElement` VALUES (1094);
INSERT INTO `Segment` (`id`, `Segment_length`) VALUES (1094, 861);
INSERT INTO `TrackElement_sensor` VALUES (1094, 1091);
INSERT INTO `TrackElement` VALUES (1095);
INSERT INTO `Segment` (`id`, `Segment_length`) VALUES (1095, 783);
INSERT INTO `TrackElement_sensor` VALUES (1095, 1091);
INSERT INTO `TrackElement` VALUES (1096);
INSERT INTO `Segment` (`id`, `Segment_length`) VALUES (1096, 973);
INSERT INTO `TrackElement_sensor` VALUES (1096, 1091);
INSERT INTO `Sensor` (`id`) VALUES (1097);
INSERT INTO `TrackElement_sensor` VALUES (1054, 1097);
INSERT INTO `Route_routeDefinition` VALUES (865, 1097);
INSERT INTO `TrackElement` VALUES (1098);
INSERT INTO `Segment` (`id`, `Segment_length`) VALUES (1098, 152);
INSERT INTO `TrackElement_sensor` VALUES (1098, 1097);
INSERT INTO `TrackElement` VALUES (1099);
INSERT INTO `Segment` (`id`, `Segment_length`) VALUES (1099, 199);
INSERT INTO `TrackElement_sensor` VALUES (1099, 1097);
INSERT INTO `TrackElement` VALUES (1100);
INSERT INTO `Segment` (`id`, `Segment_length`) VALUES (1100, 493);
INSERT INTO `TrackElement_sensor` VALUES (1100, 1097);
INSERT INTO `TrackElement` VALUES (1101);
INSERT INTO `Segment` (`id`, `Segment_length`) VALUES (1101, 835);
INSERT INTO `TrackElement_sensor` VALUES (1101, 1097);
INSERT INTO `TrackElement` VALUES (1102);
INSERT INTO `Segment` (`id`, `Segment_length`) VALUES (1102, 651);
INSERT INTO `TrackElement_sensor` VALUES (1102, 1097);
UPDATE `Switch` SET `Switch_currentState` = 2 WHERE `id` = 1054;
INSERT INTO `SwitchPosition` (`id`, `SwitchPosition_switchState`, `SwitchPosition_switch`, `Route_switchPosition`) VALUES (1103, 1, 1054, 865);
INSERT INTO `TrackElement` VALUES (1104);
INSERT INTO `Switch` (`id`) VALUES (1104);
INSERT INTO `Sensor` (`id`) VALUES (1105);
INSERT INTO `TrackElement_sensor` VALUES (1104, 1105);
INSERT INTO `Route_routeDefinition` VALUES (865, 1105);
INSERT INTO `TrackElement` VALUES (1106);
INSERT INTO `Segment` (`id`, `Segment_length`) VALUES (1106, 687);
INSERT INTO `TrackElement_sensor` VALUES (1106, 1105);
INSERT INTO `TrackElement` VALUES (1107);
INSERT INTO `Segment` (`id`, `Segment_length`) VALUES (1107, 952);
INSERT INTO `TrackElement_sensor` VALUES (1107, 1105);
INSERT INTO `TrackElement` VALUES (1108);
INSERT INTO `Segment` (`id`, `Segment_length`) VALUES (1108, 321);
INSERT INTO `TrackElement_sensor` VALUES (1108, 1105);
INSERT INTO `TrackElement` VALUES (1109);
INSERT INTO `Segment` (`id`, `Segment_length`) VALUES (1109, 371);
INSERT INTO `TrackElement_sensor` VALUES (1109, 1105);
INSERT INTO `TrackElement` VALUES (1110);
INSERT INTO `Segment` (`id`, `Segment_length`) VALUES (1110, 717);
INSERT INTO `TrackElement_sensor` VALUES (1110, 1105);
INSERT INTO `Sensor` (`id`) VALUES (1111);
INSERT INTO `TrackElement` VALUES (1112);
INSERT INTO `Segment` (`id`, `Segment_length`) VALUES (1112, 626);
INSERT INTO `TrackElement_sensor` VALUES (1112, 1111);
INSERT INTO `TrackElement` VALUES (1113);
INSERT INTO `Segment` (`id`, `Segment_length`) VALUES (1113, 124);
INSERT INTO `TrackElement_sensor` VALUES (1113, 1111);
INSERT INTO `TrackElement` VALUES (1114);
INSERT INTO `Segment` (`id`, `Segment_length`) VALUES (1114, 727);
INSERT INTO `TrackElement_sensor` VALUES (1114, 1111);
INSERT INTO `TrackElement` VALUES (1115);
INSERT INTO `Segment` (`id`, `Segment_length`) VALUES (1115, 633);
INSERT INTO `TrackElement_sensor` VALUES (1115, 1111);
INSERT INTO `TrackElement` VALUES (1116);
INSERT INTO `Segment` (`id`, `Segment_length`) VALUES (1116, 280);
INSERT INTO `TrackElement_sensor` VALUES (1116, 1111);
INSERT INTO `Sensor` (`id`) VALUES (1117);
INSERT INTO `TrackElement_sensor` VALUES (1104, 1117);
INSERT INTO `Route_routeDefinition` VALUES (865, 1117);
INSERT INTO `TrackElement` VALUES (1118);
INSERT INTO `Segment` (`id`, `Segment_length`) VALUES (1118, -930);
INSERT INTO `TrackElement_sensor` VALUES (1118, 1117);
INSERT INTO `TrackElement` VALUES (1119);
INSERT INTO `Segment` (`id`, `Segment_length`) VALUES (1119, 171);
INSERT INTO `TrackElement_sensor` VALUES (1119, 1117);
INSERT INTO `TrackElement` VALUES (1120);
INSERT INTO `Segment` (`id`, `Segment_length`) VALUES (1120, 185);
INSERT INTO `TrackElement_sensor` VALUES (1120, 1117);
INSERT INTO `TrackElement` VALUES (1121);
INSERT INTO `Segment` (`id`, `Segment_length`) VALUES (1121, 874);
INSERT INTO `TrackElement_sensor` VALUES (1121, 1117);
INSERT INTO `TrackElement` VALUES (1122);
INSERT INTO `Segment` (`id`, `Segment_length`) VALUES (1122, 937);
INSERT INTO `TrackElement_sensor` VALUES (1122, 1117);
INSERT INTO `TrackElement` VALUES (1123);
INSERT INTO `Segment` (`id`, `Segment_length`) VALUES (1123, 685);
INSERT INTO `TrackElement_sensor` VALUES (1123, 1117);
INSERT INTO `Sensor` (`id`) VALUES (1124);
INSERT INTO `TrackElement_sensor` VALUES (1104, 1124);
INSERT INTO `Route_routeDefinition` VALUES (865, 1124);
INSERT INTO `TrackElement` VALUES (1125);
INSERT INTO `Segment` (`id`, `Segment_length`) VALUES (1125, 683);
INSERT INTO `TrackElement_sensor` VALUES (1125, 1124);
INSERT INTO `TrackElement` VALUES (1126);
INSERT INTO `Segment` (`id`, `Segment_length`) VALUES (1126, -668);
INSERT INTO `TrackElement_sensor` VALUES (1126, 1124);
INSERT INTO `TrackElement` VALUES (1127);
INSERT INTO `Segment` (`id`, `Segment_length`) VALUES (1127, 460);
INSERT INTO `TrackElement_sensor` VALUES (1127, 1124);
INSERT INTO `TrackElement` VALUES (1128);
INSERT INTO `Segment` (`id`, `Segment_length`) VALUES (1128, 546);
INSERT INTO `TrackElement_sensor` VALUES (1128, 1124);
INSERT INTO `TrackElement` VALUES (1129);
INSERT INTO `Segment` (`id`, `Segment_length`) VALUES (1129, 201);
INSERT INTO `TrackElement_sensor` VALUES (1129, 1124);
UPDATE `Switch` SET `Switch_currentState` = 0 WHERE `id` = 1104;
INSERT INTO `SwitchPosition` (`id`, `SwitchPosition_switchState`, `SwitchPosition_switch`, `Route_switchPosition`) VALUES (1130, 0, 1104, 865);
INSERT INTO `TrackElement` VALUES (1131);
INSERT INTO `Switch` (`id`) VALUES (1131);
INSERT INTO `Sensor` (`id`) VALUES (1132);
INSERT INTO `TrackElement_sensor` VALUES (1131, 1132);
INSERT INTO `Route_routeDefinition` VALUES (865, 1132);
INSERT INTO `TrackElement` VALUES (1133);
INSERT INTO `Segment` (`id`, `Segment_length`) VALUES (1133, 335);
INSERT INTO `TrackElement_sensor` VALUES (1133, 1132);
INSERT INTO `TrackElement` VALUES (1134);
INSERT INTO `Segment` (`id`, `Segment_length`) VALUES (1134, 77);
INSERT INTO `TrackElement_sensor` VALUES (1134, 1132);
INSERT INTO `TrackElement` VALUES (1135);
INSERT INTO `Segment` (`id`, `Segment_length`) VALUES (1135, 607);
INSERT INTO `TrackElement_sensor` VALUES (1135, 1132);
INSERT INTO `TrackElement` VALUES (1136);
INSERT INTO `Segment` (`id`, `Segment_length`) VALUES (1136, 690);
INSERT INTO `TrackElement_sensor` VALUES (1136, 1132);
INSERT INTO `TrackElement` VALUES (1137);
INSERT INTO `Segment` (`id`, `Segment_length`) VALUES (1137, 452);
INSERT INTO `TrackElement_sensor` VALUES (1137, 1132);
INSERT INTO `Sensor` (`id`) VALUES (1138);
INSERT INTO `TrackElement_sensor` VALUES (1131, 1138);
INSERT INTO `Route_routeDefinition` VALUES (865, 1138);
INSERT INTO `TrackElement` VALUES (1139);
INSERT INTO `Segment` (`id`, `Segment_length`) VALUES (1139, 712);
INSERT INTO `TrackElement_sensor` VALUES (1139, 1138);
INSERT INTO `TrackElement` VALUES (1140);
INSERT INTO `Segment` (`id`, `Segment_length`) VALUES (1140, 673);
INSERT INTO `TrackElement_sensor` VALUES (1140, 1138);
INSERT INTO `TrackElement` VALUES (1141);
INSERT INTO `Segment` (`id`, `Segment_length`) VALUES (1141, 199);
INSERT INTO `TrackElement_sensor` VALUES (1141, 1138);
INSERT INTO `TrackElement` VALUES (1142);
INSERT INTO `Segment` (`id`, `Segment_length`) VALUES (1142, 909);
INSERT INTO `TrackElement_sensor` VALUES (1142, 1138);
INSERT INTO `TrackElement` VALUES (1143);
INSERT INTO `Segment` (`id`, `Segment_length`) VALUES (1143, 780);
INSERT INTO `TrackElement_sensor` VALUES (1143, 1138);
UPDATE `Switch` SET `Switch_currentState` = 3 WHERE `id` = 1131;
INSERT INTO `SwitchPosition` (`id`, `SwitchPosition_switchState`, `SwitchPosition_switch`, `Route_switchPosition`) VALUES (1144, 3, 1131, 865);
INSERT INTO `TrackElement_connectsTo` VALUES (866, 868);
INSERT INTO `TrackElement_connectsTo` VALUES (868, 869);
INSERT INTO `TrackElement_connectsTo` VALUES (869, 870);
INSERT INTO `TrackElement_connectsTo` VALUES (870, 871);
INSERT INTO `TrackElement_connectsTo` VALUES (871, 872);
INSERT INTO `TrackElement_connectsTo` VALUES (872, 874);
INSERT INTO `TrackElement_connectsTo` VALUES (874, 875);
INSERT INTO `TrackElement_connectsTo` VALUES (875, 876);
INSERT INTO `TrackElement_connectsTo` VALUES (876, 877);
INSERT INTO `TrackElement_connectsTo` VALUES (877, 878);
INSERT INTO `TrackElement_connectsTo` VALUES (878, 880);
INSERT INTO `TrackElement_connectsTo` VALUES (880, 881);
INSERT INTO `TrackElement_connectsTo` VALUES (881, 882);
INSERT INTO `TrackElement_connectsTo` VALUES (882, 883);
INSERT INTO `TrackElement_connectsTo` VALUES (883, 884);
INSERT INTO `TrackElement_connectsTo` VALUES (884, 886);
INSERT INTO `TrackElement_connectsTo` VALUES (886, 887);
INSERT INTO `TrackElement_connectsTo` VALUES (887, 888);
INSERT INTO `TrackElement_connectsTo` VALUES (888, 889);
INSERT INTO `TrackElement_connectsTo` VALUES (889, 890);
INSERT INTO `TrackElement_connectsTo` VALUES (890, 892);
INSERT INTO `TrackElement_connectsTo` VALUES (892, 893);
INSERT INTO `TrackElement_connectsTo` VALUES (893, 894);
INSERT INTO `TrackElement_connectsTo` VALUES (894, 895);
INSERT INTO `TrackElement_connectsTo` VALUES (895, 896);
INSERT INTO `TrackElement_connectsTo` VALUES (896, 898);
INSERT INTO `TrackElement_connectsTo` VALUES (898, 899);
INSERT INTO `TrackElement_connectsTo` VALUES (899, 900);
INSERT INTO `TrackElement_connectsTo` VALUES (900, 901);
INSERT INTO `TrackElement_connectsTo` VALUES (901, 902);
INSERT INTO `TrackElement_connectsTo` VALUES (902, 904);
INSERT INTO `TrackElement_connectsTo` VALUES (904, 905);
INSERT INTO `TrackElement_connectsTo` VALUES (905, 906);
INSERT INTO `TrackElement_connectsTo` VALUES (906, 907);
INSERT INTO `TrackElement_connectsTo` VALUES (907, 908);
INSERT INTO `TrackElement_connectsTo` VALUES (908, 910);
INSERT INTO `TrackElement_connectsTo` VALUES (910, 911);
INSERT INTO `TrackElement_connectsTo` VALUES (911, 912);
INSERT INTO `TrackElement_connectsTo` VALUES (912, 913);
INSERT INTO `TrackElement_connectsTo` VALUES (913, 914);
INSERT INTO `TrackElement_connectsTo` VALUES (914, 916);
INSERT INTO `TrackElement_connectsTo` VALUES (916, 917);
INSERT INTO `TrackElement_connectsTo` VALUES (917, 918);
INSERT INTO `TrackElement_connectsTo` VALUES (918, 919);
INSERT INTO `TrackElement_connectsTo` VALUES (919, 920);
INSERT INTO `TrackElement_connectsTo` VALUES (920, 922);
INSERT INTO `TrackElement_connectsTo` VALUES (922, 924);
INSERT INTO `TrackElement_connectsTo` VALUES (924, 926);
INSERT INTO `TrackElement_connectsTo` VALUES (926, 927);
INSERT INTO `TrackElement_connectsTo` VALUES (927, 928);
INSERT INTO `TrackElement_connectsTo` VALUES (928, 929);
INSERT INTO `TrackElement_connectsTo` VALUES (929, 930);
INSERT INTO `TrackElement_connectsTo` VALUES (930, 932);
INSERT INTO `TrackElement_connectsTo` VALUES (932, 934);
INSERT INTO `TrackElement_connectsTo` VALUES (934, 935);
INSERT INTO `TrackElement_connectsTo` VALUES (935, 936);
INSERT INTO `TrackElement_connectsTo` VALUES (936, 937);
INSERT INTO `TrackElement_connectsTo` VALUES (937, 938);
INSERT INTO `TrackElement_connectsTo` VALUES (938, 940);
INSERT INTO `TrackElement_connectsTo` VALUES (940, 941);
INSERT INTO `TrackElement_connectsTo` VALUES (941, 942);
INSERT INTO `TrackElement_connectsTo` VALUES (942, 943);
INSERT INTO `TrackElement_connectsTo` VALUES (943, 944);
INSERT INTO `TrackElement_connectsTo` VALUES (944, 946);
INSERT INTO `TrackElement_connectsTo` VALUES (946, 947);
INSERT INTO `TrackElement_connectsTo` VALUES (947, 948);
INSERT INTO `TrackElement_connectsTo` VALUES (948, 949);
INSERT INTO `TrackElement_connectsTo` VALUES (949, 950);
INSERT INTO `TrackElement_connectsTo` VALUES (950, 952);
INSERT INTO `TrackElement_connectsTo` VALUES (952, 953);
INSERT INTO `TrackElement_connectsTo` VALUES (953, 954);
INSERT INTO `TrackElement_connectsTo` VALUES (954, 955);
INSERT INTO `TrackElement_connectsTo` VALUES (955, 956);
INSERT INTO `TrackElement_connectsTo` VALUES (956, 958);
INSERT INTO `TrackElement_connectsTo` VALUES (958, 959);
INSERT INTO `TrackElement_connectsTo` VALUES (959, 960);
INSERT INTO `TrackElement_connectsTo` VALUES (960, 961);
INSERT INTO `TrackElement_connectsTo` VALUES (961, 962);
INSERT INTO `TrackElement_connectsTo` VALUES (962, 964);
INSERT INTO `TrackElement_connectsTo` VALUES (964, 965);
INSERT INTO `TrackElement_connectsTo` VALUES (965, 966);
INSERT INTO `TrackElement_connectsTo` VALUES (966, 967);
INSERT INTO `TrackElement_connectsTo` VALUES (967, 968);
INSERT INTO `TrackElement_connectsTo` VALUES (968, 970);
INSERT INTO `TrackElement_connectsTo` VALUES (970, 971);
INSERT INTO `TrackElement_connectsTo` VALUES (971, 972);
INSERT INTO `TrackElement_connectsTo` VALUES (972, 973);
INSERT INTO `TrackElement_connectsTo` VALUES (973, 974);
INSERT INTO `TrackElement_connectsTo` VALUES (974, 976);
INSERT INTO `TrackElement_connectsTo` VALUES (976, 978);
INSERT INTO `TrackElement_connectsTo` VALUES (978, 979);
INSERT INTO `TrackElement_connectsTo` VALUES (979, 980);
INSERT INTO `TrackElement_connectsTo` VALUES (980, 981);
INSERT INTO `TrackElement_connectsTo` VALUES (981, 982);
INSERT INTO `TrackElement_connectsTo` VALUES (982, 984);
INSERT INTO `TrackElement_connectsTo` VALUES (984, 985);
INSERT INTO `TrackElement_connectsTo` VALUES (985, 986);
INSERT INTO `TrackElement_connectsTo` VALUES (986, 987);
INSERT INTO `TrackElement_connectsTo` VALUES (987, 988);
INSERT INTO `TrackElement_connectsTo` VALUES (988, 990);
INSERT INTO `TrackElement_connectsTo` VALUES (990, 991);
INSERT INTO `TrackElement_connectsTo` VALUES (991, 992);
INSERT INTO `TrackElement_connectsTo` VALUES (992, 993);
INSERT INTO `TrackElement_connectsTo` VALUES (993, 994);
INSERT INTO `TrackElement_connectsTo` VALUES (994, 996);
INSERT INTO `TrackElement_connectsTo` VALUES (996, 998);
INSERT INTO `TrackElement_connectsTo` VALUES (998, 1000);
INSERT INTO `TrackElement_connectsTo` VALUES (1000, 1001);
INSERT INTO `TrackElement_connectsTo` VALUES (1001, 1002);
INSERT INTO `TrackElement_connectsTo` VALUES (1002, 1003);
INSERT INTO `TrackElement_connectsTo` VALUES (1003, 1004);
INSERT INTO `TrackElement_connectsTo` VALUES (1004, 1006);
INSERT INTO `TrackElement_connectsTo` VALUES (1006, 1007);
INSERT INTO `TrackElement_connectsTo` VALUES (1007, 1008);
INSERT INTO `TrackElement_connectsTo` VALUES (1008, 1009);
INSERT INTO `TrackElement_connectsTo` VALUES (1009, 1010);
INSERT INTO `TrackElement_connectsTo` VALUES (1010, 1012);
INSERT INTO `TrackElement_connectsTo` VALUES (1012, 1013);
INSERT INTO `TrackElement_connectsTo` VALUES (1013, 1014);
INSERT INTO `TrackElement_connectsTo` VALUES (1014, 1015);
INSERT INTO `TrackElement_connectsTo` VALUES (1015, 1016);
INSERT INTO `TrackElement_connectsTo` VALUES (1016, 1018);
INSERT INTO `TrackElement_connectsTo` VALUES (1018, 1019);
INSERT INTO `TrackElement_connectsTo` VALUES (1019, 1020);
INSERT INTO `TrackElement_connectsTo` VALUES (1020, 1021);
INSERT INTO `TrackElement_connectsTo` VALUES (1021, 1022);
INSERT INTO `TrackElement_connectsTo` VALUES (1022, 1024);
INSERT INTO `TrackElement_connectsTo` VALUES (1024, 1025);
INSERT INTO `TrackElement_connectsTo` VALUES (1025, 1026);
INSERT INTO `TrackElement_connectsTo` VALUES (1026, 1027);
INSERT INTO `TrackElement_connectsTo` VALUES (1027, 1028);
INSERT INTO `TrackElement_connectsTo` VALUES (1028, 1030);
INSERT INTO `TrackElement_connectsTo` VALUES (1030, 1031);
INSERT INTO `TrackElement_connectsTo` VALUES (1031, 1032);
INSERT INTO `TrackElement_connectsTo` VALUES (1032, 1033);
INSERT INTO `TrackElement_connectsTo` VALUES (1033, 1034);
INSERT INTO `TrackElement_connectsTo` VALUES (1034, 1036);
INSERT INTO `TrackElement_connectsTo` VALUES (1036, 1037);
INSERT INTO `TrackElement_connectsTo` VALUES (1037, 1038);
INSERT INTO `TrackElement_connectsTo` VALUES (1038, 1039);
INSERT INTO `TrackElement_connectsTo` VALUES (1039, 1040);
INSERT INTO `TrackElement_connectsTo` VALUES (1040, 1042);
INSERT INTO `TrackElement_connectsTo` VALUES (1042, 1043);
INSERT INTO `TrackElement_connectsTo` VALUES (1043, 1044);
INSERT INTO `TrackElement_connectsTo` VALUES (1044, 1045);
INSERT INTO `TrackElement_connectsTo` VALUES (1045, 1046);
INSERT INTO `TrackElement_connectsTo` VALUES (1046, 1048);
INSERT INTO `TrackElement_connectsTo` VALUES (1048, 1049);
INSERT INTO `TrackElement_connectsTo` VALUES (1049, 1050);
INSERT INTO `TrackElement_connectsTo` VALUES (1050, 1051);
INSERT INTO `TrackElement_connectsTo` VALUES (1051, 1052);
INSERT INTO `TrackElement_connectsTo` VALUES (1052, 1054);
INSERT INTO `TrackElement_connectsTo` VALUES (1054, 1056);
INSERT INTO `TrackElement_connectsTo` VALUES (1056, 1057);
INSERT INTO `TrackElement_connectsTo` VALUES (1057, 1058);
INSERT INTO `TrackElement_connectsTo` VALUES (1058, 1059);
INSERT INTO `TrackElement_connectsTo` VALUES (1059, 1060);
INSERT INTO `TrackElement_connectsTo` VALUES (1060, 1062);
INSERT INTO `TrackElement_connectsTo` VALUES (1062, 1063);
INSERT INTO `TrackElement_connectsTo` VALUES (1063, 1064);
INSERT INTO `TrackElement_connectsTo` VALUES (1064, 1065);
INSERT INTO `TrackElement_connectsTo` VALUES (1065, 1066);
INSERT INTO `TrackElement_connectsTo` VALUES (1066, 1068);
INSERT INTO `TrackElement_connectsTo` VALUES (1068, 1069);
INSERT INTO `TrackElement_connectsTo` VALUES (1069, 1070);
INSERT INTO `TrackElement_connectsTo` VALUES (1070, 1071);
INSERT INTO `TrackElement_connectsTo` VALUES (1071, 1072);
INSERT INTO `TrackElement_connectsTo` VALUES (1072, 1074);
INSERT INTO `TrackElement_connectsTo` VALUES (1074, 1075);
INSERT INTO `TrackElement_connectsTo` VALUES (1075, 1076);
INSERT INTO `TrackElement_connectsTo` VALUES (1076, 1077);
INSERT INTO `TrackElement_connectsTo` VALUES (1077, 1078);
INSERT INTO `TrackElement_connectsTo` VALUES (1078, 1080);
INSERT INTO `TrackElement_connectsTo` VALUES (1080, 1081);
INSERT INTO `TrackElement_connectsTo` VALUES (1081, 1082);
INSERT INTO `TrackElement_connectsTo` VALUES (1082, 1083);
INSERT INTO `TrackElement_connectsTo` VALUES (1083, 1084);
INSERT INTO `TrackElement_connectsTo` VALUES (1084, 1086);
INSERT INTO `TrackElement_connectsTo` VALUES (1086, 1087);
INSERT INTO `TrackElement_connectsTo` VALUES (1087, 1088);
INSERT INTO `TrackElement_connectsTo` VALUES (1088, 1089);
INSERT INTO `TrackElement_connectsTo` VALUES (1089, 1090);
INSERT INTO `TrackElement_connectsTo` VALUES (1090, 1092);
INSERT INTO `TrackElement_connectsTo` VALUES (1092, 1093);
INSERT INTO `TrackElement_connectsTo` VALUES (1093, 1094);
INSERT INTO `TrackElement_connectsTo` VALUES (1094, 1095);
INSERT INTO `TrackElement_connectsTo` VALUES (1095, 1096);
INSERT INTO `TrackElement_connectsTo` VALUES (1096, 1098);
INSERT INTO `TrackElement_connectsTo` VALUES (1098, 1099);
INSERT INTO `TrackElement_connectsTo` VALUES (1099, 1100);
INSERT INTO `TrackElement_connectsTo` VALUES (1100, 1101);
INSERT INTO `TrackElement_connectsTo` VALUES (1101, 1102);
INSERT INTO `TrackElement_connectsTo` VALUES (1102, 1104);
INSERT INTO `TrackElement_connectsTo` VALUES (1104, 1106);
INSERT INTO `TrackElement_connectsTo` VALUES (1106, 1107);
INSERT INTO `TrackElement_connectsTo` VALUES (1107, 1108);
INSERT INTO `TrackElement_connectsTo` VALUES (1108, 1109);
INSERT INTO `TrackElement_connectsTo` VALUES (1109, 1110);
INSERT INTO `TrackElement_connectsTo` VALUES (1110, 1112);
INSERT INTO `TrackElement_connectsTo` VALUES (1112, 1113);
INSERT INTO `TrackElement_connectsTo` VALUES (1113, 1114);
INSERT INTO `TrackElement_connectsTo` VALUES (1114, 1115);
INSERT INTO `TrackElement_connectsTo` VALUES (1115, 1116);
INSERT INTO `TrackElement_connectsTo` VALUES (1116, 1118);
INSERT INTO `TrackElement_connectsTo` VALUES (1118, 1119);
INSERT INTO `TrackElement_connectsTo` VALUES (1119, 1120);
INSERT INTO `TrackElement_connectsTo` VALUES (1120, 1121);
INSERT INTO `TrackElement_connectsTo` VALUES (1121, 1122);
INSERT INTO `TrackElement_connectsTo` VALUES (1122, 1123);
INSERT INTO `TrackElement_connectsTo` VALUES (1123, 1125);
INSERT INTO `TrackElement_connectsTo` VALUES (1125, 1126);
INSERT INTO `TrackElement_connectsTo` VALUES (1126, 1127);
INSERT INTO `TrackElement_connectsTo` VALUES (1127, 1128);
INSERT INTO `TrackElement_connectsTo` VALUES (1128, 1129);
INSERT INTO `TrackElement_connectsTo` VALUES (1129, 1131);
INSERT INTO `TrackElement_connectsTo` VALUES (1131, 1133);
INSERT INTO `TrackElement_connectsTo` VALUES (1133, 1134);
INSERT INTO `TrackElement_connectsTo` VALUES (1134, 1135);
INSERT INTO `TrackElement_connectsTo` VALUES (1135, 1136);
INSERT INTO `TrackElement_connectsTo` VALUES (1136, 1137);
INSERT INTO `TrackElement_connectsTo` VALUES (1137, 1139);
INSERT INTO `TrackElement_connectsTo` VALUES (1139, 1140);
INSERT INTO `TrackElement_connectsTo` VALUES (1140, 1141);
INSERT INTO `TrackElement_connectsTo` VALUES (1141, 1142);
INSERT INTO `TrackElement_connectsTo` VALUES (1142, 1143);
INSERT INTO `TrackElement_connectsTo` VALUES (863, 866);
INSERT INTO `TrackElement_connectsTo` VALUES (1143, 4);
COMMIT;
CREATE INDEX Segment_idx_length ON Segment (Segment_length);
CREATE INDEX Route_routeDefinition_idx ON Route_routeDefinition (Route_id, Sensor_id);
CREATE INDEX Sensor_trackElement_idx1 ON TrackElement_sensor (TrackElement_id);
CREATE INDEX Sensor_trackElement_idx2 ON TrackElement_sensor (Sensor_id);
