
/*!40101 SET @OLD_CHARACTER_SET_CLIENT=@@CHARACTER_SET_CLIENT */;
/*!40101 SET @OLD_CHARACTER_SET_RESULTS=@@CHARACTER_SET_RESULTS */;
/*!40101 SET @OLD_COLLATION_CONNECTION=@@COLLATION_CONNECTION */;
/*!40101 SET NAMES utf8mb4 */;
/*!40103 SET @OLD_TIME_ZONE=@@TIME_ZONE */;
/*!40103 SET TIME_ZONE='+00:00' */;
/*!40014 SET @OLD_UNIQUE_CHECKS=@@UNIQUE_CHECKS, UNIQUE_CHECKS=0 */;
/*!40014 SET @OLD_FOREIGN_KEY_CHECKS=@@FOREIGN_KEY_CHECKS, FOREIGN_KEY_CHECKS=0 */;
/*!40101 SET @OLD_SQL_MODE=@@SQL_MODE, SQL_MODE='NO_AUTO_VALUE_ON_ZERO' */;
/*!40111 SET @OLD_SQL_NOTES=@@SQL_NOTES, SQL_NOTES=0 */;

CREATE DATABASE /*!32312 IF NOT EXISTS*/ `trainbenchmark` /*!40100 DEFAULT CHARACTER SET utf8mb4 */;

USE `trainbenchmark`;
DROP TABLE IF EXISTS `Region`;
/*!40101 SET @saved_cs_client     = @@character_set_client */;
/*!40101 SET character_set_client = utf8 */;
CREATE TABLE `Region` (
  `id` int(11) NOT NULL AUTO_INCREMENT,
  PRIMARY KEY (`id`)
) ENGINE=MEMORY AUTO_INCREMENT=2805 DEFAULT CHARSET=utf8;
/*!40101 SET character_set_client = @saved_cs_client */;

LOCK TABLES `Region` WRITE;
/*!40000 ALTER TABLE `Region` DISABLE KEYS */;
INSERT INTO `Region` VALUES (4),(27),(128),(696),(833),(1229),(1249),(1972),(2265),(2804);
/*!40000 ALTER TABLE `Region` ENABLE KEYS */;
UNLOCK TABLES;
DROP TABLE IF EXISTS `Route`;
/*!40101 SET @saved_cs_client     = @@character_set_client */;
/*!40101 SET character_set_client = utf8 */;
CREATE TABLE `Route` (
  `id` int(11) NOT NULL AUTO_INCREMENT,
  `active` int(11) DEFAULT NULL,
  `entry` int(11) DEFAULT NULL,
  `exit` int(11) DEFAULT NULL,
  PRIMARY KEY (`id`),
  KEY `route_active_idx` (`active`)
) ENGINE=MEMORY AUTO_INCREMENT=2804 DEFAULT CHARSET=utf8;
/*!40101 SET character_set_client = @saved_cs_client */;

LOCK TABLES `Route` WRITE;
/*!40000 ALTER TABLE `Route` DISABLE KEYS */;
INSERT INTO `Route` VALUES (3,1,NULL,2),(26,1,2,25),(127,1,NULL,126),(695,1,126,694),(832,1,694,831),(1228,1,NULL,1227),(1248,1,1227,1247),(1971,1,1247,1970),(2264,1,NULL,2263),(2803,1,NULL,1);
/*!40000 ALTER TABLE `Route` ENABLE KEYS */;
UNLOCK TABLES;
DROP TABLE IF EXISTS `Segment`;
/*!40101 SET @saved_cs_client     = @@character_set_client */;
/*!40101 SET character_set_client = utf8 */;
CREATE TABLE `Segment` (
  `id` int(11) NOT NULL AUTO_INCREMENT,
  `length` int(11) NOT NULL DEFAULT '1',
  PRIMARY KEY (`id`),
  KEY `segment_length_idx` (`length`)
) ENGINE=MEMORY AUTO_INCREMENT=3139 DEFAULT CHARSET=utf8;
/*!40101 SET character_set_client = @saved_cs_client */;

LOCK TABLES `Segment` WRITE;
/*!40000 ALTER TABLE `Segment` DISABLE KEYS */;
INSERT INTO `Segment` VALUES (7,461),(8,879),(9,829),(10,732),(11,857),(13,-135),(14,494),(15,-977),(16,815),(17,813),(19,968),(20,197),(21,324),(22,645),(23,517),(30,367),(31,180),(32,629),(33,633),(34,542),(36,567),(37,234),(38,132),(39,421),(40,429),(44,-812),(45,26),(46,99),(47,853),(48,560),(50,35),(51,193),(52,141),(53,288),(54,852),(56,901),(57,530),(58,494),(59,273),(60,137),(62,386),(63,220),(64,929),(65,152),(66,886),(68,246),(69,437),(70,375),(71,942),(72,18),(74,437),(75,511),(76,625),(77,111),(78,757),(80,740),(81,242),(82,840),(83,284),(84,546),(86,386),(87,769),(88,-378),(89,230),(90,609),(92,54),(93,745),(94,-320),(95,369),(96,591),(100,366),(101,638),(102,102),(103,517),(104,-783),(106,949),(107,158),(108,697),(109,225),(110,999),(112,798),(113,480),(114,214),(115,-615),(116,772),(120,881),(121,740),(122,897),(123,685),(124,630),(131,402),(132,337),(133,59),(134,686),(135,212),(137,616),(138,870),(139,-342),(140,333),(141,923),(143,889),(144,465),(145,470),(146,343),(147,-769),(151,90),(152,52),(153,685),(154,404),(155,111),(157,514),(158,883),(159,270),(160,684),(161,156),(163,-733),(164,372),(165,917),(166,373),(167,507),(169,149),(170,773),(171,75),(172,565),(173,-881),(175,136),(176,640),(177,267),(178,94),(179,627),(181,519),(182,643),(183,207),(184,157),(185,620),(189,524),(190,82),(191,36),(192,263),(193,970),(195,683),(196,806),(197,777),(198,-544),(199,352),(201,611),(202,605),(203,386),(204,781),(205,83),(207,772),(208,817),(209,503),(210,847),(211,121),(213,195),(214,899),(215,373),(216,423),(217,450),(219,95),(220,522),(221,984),(222,460),(223,-689),(225,61),(226,917),(227,569),(228,971),(229,-591),(231,35),(232,718),(233,307),(234,161),(235,1000),(237,909),(238,750),(239,200),(240,79),(241,135),(245,432),(246,589),(247,533),(248,632),(249,469),(251,225),(252,966),(253,517),(254,778),(255,-465),(257,182),(258,972),(259,349),(260,695),(261,223),(263,282),(264,-981),(265,78),(266,229),(267,137),(271,50),(272,578),(273,596),(274,836),(275,120),(277,341),(278,654),(279,96),(280,-995),(281,809),(283,507),(284,83),(285,186),(286,-913),(287,303),(289,31),(290,100),(291,741),(292,-567),(293,881),(295,838),(296,215),(297,845),(298,573),(299,475),(301,723),(302,495),(303,123),(304,772),(305,769),(307,456),(308,148),(309,-920),(310,912),(311,-451),(313,30),(314,827),(315,998),(316,638),(317,669),(321,211),(322,773),(323,220),(324,431),(325,884),(326,625),(328,236),(329,994),(330,837),(331,479),(332,297),(334,283),(335,52),(336,694),(337,895),(338,140),(340,57),(341,-248),(342,-933),(343,-233),(344,326),(348,164),(349,764),(350,-228),(351,83),(352,102),(356,196),(357,675),(358,299),(359,824),(360,452),(362,-680),(363,-74),(364,169),(365,171),(366,26),(368,421),(369,188),(370,149),(371,413),(372,709),(376,718),(377,544),(378,287),(379,632),(380,252),(382,98),(383,107),(384,360),(385,499),(386,-985),(388,480),(389,148),(390,94),(391,299),(392,2),(394,-588),(395,613),(396,83),(397,-623),(398,605),(400,555),(401,368),(402,777),(403,906),(404,244),(408,287),(409,947),(410,106),(411,722),(412,262),(414,301),(415,836),(416,254),(417,422),(418,-144),(420,710),(421,576),(422,481),(423,638),(424,781),(426,409),(427,78),(428,34),(429,-508),(430,536),(432,-376),(433,68),(434,124),(435,629),(436,320),(438,697),(439,1000),(440,-825),(441,856),(442,835),(446,126),(447,620),(448,323),(449,333),(450,-797),(452,7),(453,887),(454,78),(455,30),(456,217),(458,298),(459,486),(460,942),(461,553),(462,-391),(464,843),(465,989),(466,724),(467,480),(468,333),(472,490),(473,-778),(474,931),(475,558),(476,220),(478,268),(479,280),(480,609),(481,-855),(482,400),(484,316),(485,9),(486,941),(487,134),(488,947),(492,606),(493,672),(494,316),(495,915),(496,831),(500,773),(501,386),(502,340),(503,597),(504,995),(506,196),(507,953),(508,473),(509,514),(510,214),(512,972),(513,708),(514,669),(515,974),(516,44),(518,35),(519,383),(520,902),(521,578),(522,832),(524,154),(525,882),(526,579),(527,19),(528,-921),(530,-212),(531,566),(532,441),(533,823),(534,588),(536,-984),(537,986),(538,487),(539,461),(540,997),(542,723),(543,880),(544,375),(545,727),(546,77),(548,309),(549,383),(550,53),(551,-571),(552,447),(556,395),(557,950),(558,569),(559,452),(560,887),(562,702),(563,68),(564,634),(565,852),(566,364),(568,875),(569,989),(570,837),(571,-250),(572,147),(573,77),(575,-843),(576,835),(577,27),(578,149),(579,723),(581,348),(582,-204),(583,391),(584,564),(585,-169),(587,268),(588,468),(589,781),(590,82),(591,963),(593,668),(594,78),(595,573),(596,808),(597,631),(599,44),(600,700),(601,918),(602,648),(603,300),(607,-957),(608,633),(609,244),(610,891),(611,820),(613,871),(614,653),(615,319),(616,364),(617,923),(619,492),(620,727),(621,667),(622,753),(623,745),(625,205),(626,144),(627,770),(628,113),(629,575),(631,290),(632,349),(633,602),(634,248),(635,351),(637,192),(638,759),(639,180),(640,504),(641,471),(645,357),(646,604),(647,492),(648,37),(649,427),(651,881),(652,902),(653,47),(654,195),(655,735),(657,104),(658,763),(659,-97),(660,929),(661,710),(663,317),(664,813),(665,914),(666,258),(667,655),(669,511),(670,-9),(671,153),(672,444),(673,576),(675,324),(676,15),(677,309),(678,596),(679,584),(680,887),(682,380),(683,625),(684,883),(685,378),(686,805),(688,367),(689,576),(690,734),(691,720),(692,382),(699,45),(700,843),(701,943),(702,593),(703,371),(705,272),(706,655),(707,411),(708,793),(709,286),(711,546),(712,570),(713,399),(714,248),(715,390),(717,344),(718,553),(719,17),(720,556),(721,225),(723,458),(724,261),(725,319),(726,-541),(727,919),(729,633),(730,310),(731,704),(732,208),(733,770),(735,39),(736,232),(737,992),(738,-209),(739,940),(741,56),(742,177),(743,263),(744,885),(745,-814),(747,145),(748,841),(749,410),(750,653),(751,123),(755,159),(756,983),(757,302),(758,334),(759,441),(761,710),(762,407),(763,183),(764,305),(765,8),(767,767),(768,-913),(769,191),(770,989),(771,873),(773,-103),(774,481),(775,830),(776,843),(777,403),(779,772),(780,769),(781,-855),(782,350),(783,824),(785,415),(786,517),(787,200),(788,399),(789,991),(793,155),(794,557),(795,22),(796,964),(797,528),(799,153),(800,910),(801,997),(802,-938),(803,255),(805,795),(806,166),(807,742),(808,962),(809,666),(813,782),(814,316),(815,772),(816,802),(817,335),(819,417),(820,118),(821,243),(822,665),(823,557),(825,439),(826,567),(827,983),(828,830),(829,179),(836,775),(837,430),(838,995),(839,899),(840,487),(842,-382),(843,200),(844,-504),(845,846),(846,-455),(848,756),(849,53),(850,208),(851,632),(852,948),(854,954),(855,470),(856,445),(857,-732),(858,626),(860,-9),(861,663),(862,793),(863,551),(864,852),(866,631),(867,31),(868,131),(869,163),(870,266),(874,-885),(875,424),(876,234),(877,283),(878,781),(880,443),(881,134),(882,519),(883,268),(884,499),(886,343),(887,431),(888,954),(889,196),(890,704),(892,177),(893,84),(894,931),(895,484),(896,-16),(898,-486),(899,988),(900,251),(901,224),(902,301),(904,39),(905,66),(906,782),(907,-966),(908,687),(912,220),(913,434),(914,216),(915,160),(916,268),(918,488),(919,-892),(920,691),(921,546),(922,610),(924,132),(925,193),(926,578),(927,-980),(928,-803),(930,340),(931,366),(932,128),(933,833),(934,475),(935,197),(937,388),(938,246),(939,175),(940,446),(941,214),(943,541),(944,491),(945,555),(946,720),(947,681),(949,99),(950,175),(951,425),(952,186),(953,148),(955,-431),(956,646),(957,535),(958,-524),(959,84),(963,343),(964,881),(965,296),(966,997),(967,109),(969,172),(970,756),(971,203),(972,360),(973,430),(975,51),(976,676),(977,711),(978,649),(979,135),(981,450),(982,145),(983,211),(984,85),(985,-872),(987,-523),(988,674),(989,478),(990,86),(991,898),(993,301),(994,608),(995,123),(996,251),(997,-521),(999,282),(1000,548),(1001,129),(1002,-888),(1003,599),(1005,647),(1006,681),(1007,732),(1008,309),(1009,-181),(1013,22),(1014,425),(1015,704),(1016,209),(1017,240),(1019,935),(1020,640),(1021,760),(1022,488),(1023,912),(1025,-585),(1026,222),(1027,263),(1028,389),(1029,-692),(1031,657),(1032,-680),(1033,-390),(1034,800),(1035,-282),(1037,68),(1038,878),(1039,190),(1040,214),(1041,867),(1043,479),(1044,127),(1045,547),(1046,857),(1047,-391),(1049,982),(1050,55),(1051,879),(1052,9),(1053,279),(1057,663),(1058,-265),(1059,618),(1060,961),(1061,731),(1063,807),(1064,183),(1065,433),(1066,35),(1067,996),(1069,205),(1070,508),(1071,564),(1072,178),(1073,181),(1075,-429),(1076,304),(1077,-479),(1078,155),(1079,572),(1081,992),(1082,892),(1083,576),(1084,337),(1085,863),(1087,303),(1088,857),(1089,-525),(1090,492),(1091,69),(1095,627),(1096,94),(1097,180),(1098,848),(1099,153),(1101,972),(1102,533),(1103,895),(1104,317),(1105,845),(1107,953),(1108,322),(1109,372),(1110,718),(1111,907),(1115,634),(1116,281),(1117,843),(1118,304),(1119,780),(1121,774),(1122,68),(1123,2),(1124,686),(1125,560),(1127,721),(1128,707),(1129,140),(1130,-619),(1131,125),(1133,357),(1134,766),(1135,29),(1136,-172),(1137,369),(1141,674),(1142,200),(1143,910),(1144,781),(1145,831),(1147,245),(1148,108),(1149,424),(1150,836),(1151,314),(1153,315),(1154,757),(1155,722),(1156,638),(1157,-621),(1159,-465),(1160,892),(1161,515),(1162,749),(1163,-653),(1165,49),(1166,815),(1167,152),(1168,718),(1169,-443),(1171,75),(1172,305),(1173,-569),(1174,817),(1175,768),(1177,359),(1178,145),(1179,201),(1180,354),(1181,750),(1183,262),(1184,417),(1185,729),(1186,613),(1187,807),(1189,214),(1190,687),(1191,-312),(1192,947),(1193,710),(1197,252),(1198,835),(1199,-335),(1200,757),(1201,729),(1203,398),(1204,-995),(1205,457),(1206,779),(1207,-535),(1209,450),(1210,748),(1211,756),(1212,567),(1213,777),(1215,558),(1216,37),(1217,41),(1218,26),(1219,670),(1221,749),(1222,-870),(1223,711),(1224,903),(1225,86),(1232,-390),(1233,560),(1234,379),(1235,173),(1236,364),(1240,495),(1241,381),(1242,403),(1243,576),(1244,912),(1245,856),(1252,-924),(1253,303),(1254,840),(1255,931),(1256,163),(1258,634),(1259,561),(1260,473),(1261,309),(1262,43),(1264,302),(1265,41),(1266,386),(1267,957),(1268,881),(1270,154),(1271,300),(1272,665),(1273,71),(1274,219),(1276,948),(1277,258),(1278,-964),(1279,397),(1280,935),(1282,972),(1283,-699),(1284,-168),(1285,800),(1286,-369),(1288,193),(1289,906),(1290,99),(1291,636),(1292,695),(1294,617),(1295,444),(1296,-168),(1297,582),(1298,-484),(1300,597),(1301,771),(1302,469),(1303,971),(1304,724),(1308,654),(1309,559),(1310,319),(1311,565),(1312,379),(1314,-977),(1315,952),(1316,666),(1317,398),(1318,175),(1320,-200),(1321,64),(1322,924),(1323,98),(1324,-902),(1328,571),(1329,938),(1330,294),(1331,254),(1332,767),(1334,671),(1335,370),(1336,406),(1337,971),(1338,202),(1340,298),(1341,361),(1342,155),(1343,62),(1344,794),(1346,95),(1347,95),(1348,782),(1349,-633),(1350,-723),(1352,406),(1353,490),(1354,58),(1355,918),(1356,194),(1358,-278),(1359,535),(1360,147),(1361,715),(1362,385),(1364,-778),(1365,359),(1366,374),(1367,3),(1368,343),(1370,54),(1371,943),(1372,385),(1373,256),(1374,853),(1376,733),(1377,960),(1378,-483),(1379,709),(1380,-638),(1384,63),(1385,801),(1386,721),(1387,487),(1388,675),(1390,84),(1391,65),(1392,825),(1393,351),(1394,248),(1396,186),(1397,818),(1398,84),(1399,996),(1400,999),(1402,846),(1403,701),(1404,104),(1405,89),(1406,804),(1410,297),(1411,962),(1412,341),(1413,858),(1414,170),(1416,734),(1417,804),(1418,933),(1419,221),(1420,985),(1422,525),(1423,204),(1424,459),(1425,93),(1426,110),(1428,8),(1429,650),(1430,50),(1431,954),(1432,-351),(1434,949),(1435,65),(1436,708),(1437,731),(1438,563),(1440,907),(1441,823),(1442,9),(1443,368),(1444,922),(1446,264),(1447,131),(1448,9),(1449,211),(1450,348),(1454,236),(1455,706),(1456,344),(1457,550),(1458,-229),(1460,436),(1461,953),(1462,226),(1463,928),(1464,778),(1466,655),(1467,366),(1468,-302),(1469,45),(1470,596),(1472,879),(1473,89),(1474,768),(1475,521),(1476,981),(1477,763),(1479,-977),(1480,636),(1481,218),(1482,762),(1483,366),(1487,89),(1488,301),(1489,638),(1490,338),(1491,333),(1493,33),(1494,284),(1495,998),(1496,825),(1497,288),(1499,436),(1500,601),(1501,611),(1502,111),(1503,400),(1505,292),(1506,-591),(1507,850),(1508,880),(1509,718),(1511,151),(1512,884),(1513,67),(1514,26),(1515,236),(1517,-184),(1518,952),(1519,293),(1520,826),(1521,233),(1523,208),(1524,470),(1525,-575),(1526,-311),(1527,754),(1529,371),(1530,693),(1531,482),(1532,854),(1533,405),(1535,855),(1536,369),(1537,777),(1538,703),(1539,894),(1543,763),(1544,851),(1545,862),(1546,575),(1547,-41),(1549,660),(1550,343),(1551,638),(1552,472),(1553,113),(1555,49),(1556,284),(1557,535),(1558,994),(1559,497),(1561,-484),(1562,481),(1563,-14),(1564,609),(1565,149),(1567,885),(1568,185),(1569,472),(1570,467),(1571,709),(1572,114),(1576,700),(1577,963),(1578,331),(1579,390),(1580,45),(1582,-570),(1583,-969),(1584,-987),(1585,83),(1586,-34),(1588,480),(1589,484),(1590,761),(1591,709),(1592,-855),(1594,658),(1595,176),(1596,14),(1597,354),(1598,731),(1600,483),(1601,439),(1602,489),(1603,299),(1604,55),(1606,720),(1607,216),(1608,332),(1609,87),(1610,703),(1612,390),(1613,734),(1614,465),(1615,318),(1616,881),(1618,-120),(1619,126),(1620,811),(1621,992),(1622,450),(1626,-375),(1627,254),(1628,358),(1629,590),(1630,27),(1632,172),(1633,247),(1634,825),(1635,201),(1636,782),(1638,93),(1639,668),(1640,846),(1641,880),(1642,144),(1644,620),(1645,933),(1646,261),(1647,782),(1648,2),(1650,92),(1651,499),(1652,11),(1653,476),(1654,477),(1656,254),(1657,965),(1658,335),(1659,695),(1660,906),(1664,165),(1665,925),(1666,858),(1667,291),(1668,-76),(1672,966),(1673,524),(1674,512),(1675,996),(1676,329),(1678,361),(1679,181),(1680,403),(1681,609),(1682,-840),(1686,634),(1687,512),(1688,27),(1689,490),(1690,-969),(1692,230),(1693,410),(1694,518),(1695,919),(1696,559),(1698,816),(1699,489),(1700,450),(1701,991),(1702,434),(1704,137),(1705,974),(1706,483),(1707,343),(1708,445),(1710,102),(1711,805),(1712,985),(1713,580),(1714,-350),(1716,243),(1717,23),(1718,631),(1719,104),(1720,775),(1724,10),(1725,686),(1726,884),(1727,578),(1728,336),(1730,400),(1731,-712),(1732,314),(1733,290),(1734,891),(1736,506),(1737,788),(1738,66),(1739,413),(1740,714),(1742,451),(1743,563),(1744,402),(1745,500),(1746,870),(1748,753),(1749,536),(1750,36),(1751,401),(1752,515),(1754,451),(1755,845),(1756,844),(1757,701),(1758,175),(1760,839),(1761,139),(1762,527),(1763,486),(1764,874),(1766,632),(1767,181),(1768,370),(1769,127),(1770,164),(1772,395),(1773,375),(1774,293),(1775,495),(1776,162),(1780,541),(1781,159),(1782,111),(1783,168),(1784,838),(1786,55),(1787,92),(1788,962),(1789,94),(1790,997),(1792,222),(1793,259),(1794,47),(1795,60),(1796,58),(1798,546),(1799,992),(1800,576),(1801,861),(1802,366),(1804,705),(1805,145),(1806,177),(1807,683),(1808,64),(1810,885),(1811,-249),(1812,204),(1813,900),(1814,760),(1815,381),(1817,772),(1818,-194),(1819,-240),(1820,236),(1821,312),(1823,502),(1824,405),(1825,992),(1826,127),(1827,779),(1831,105),(1832,506),(1833,322),(1834,225),(1835,975),(1836,353),(1838,412),(1839,645),(1840,493),(1841,306),(1842,273),(1844,-243),(1845,-964),(1846,829),(1847,335),(1848,455),(1850,966),(1851,890),(1852,537),(1853,616),(1854,327),(1858,77),(1859,551),(1860,958),(1861,608),(1862,799),(1864,778),(1865,7),(1866,484),(1867,932),(1868,508),(1870,608),(1871,469),(1872,510),(1873,459),(1874,545),(1876,869),(1877,757),(1878,690),(1879,324),(1880,371),(1882,728),(1883,62),(1884,79),(1885,347),(1886,913),(1888,564),(1889,142),(1890,355),(1891,735),(1892,653),(1894,397),(1895,867),(1896,781),(1897,941),(1898,654),(1900,22),(1901,718),(1902,505),(1903,297),(1904,-957),(1906,194),(1907,401),(1908,800),(1909,386),(1910,704),(1914,-800),(1915,800),(1916,-160),(1917,31),(1918,650),(1920,524),(1921,898),(1922,224),(1923,13),(1924,184),(1926,301),(1927,612),(1928,948),(1929,759),(1930,161),(1932,700),(1933,-297),(1934,371),(1935,323),(1936,531),(1940,451),(1941,106),(1942,843),(1943,848),(1944,444),(1946,748),(1947,844),(1948,167),(1949,89),(1950,686),(1952,966),(1953,537),(1954,280),(1955,715),(1956,332),(1958,532),(1959,974),(1960,980),(1961,5),(1962,246),(1964,-272),(1965,18),(1966,166),(1967,188),(1968,356),(1975,965),(1976,494),(1977,829),(1978,866),(1979,-720),(1981,563),(1982,444),(1983,558),(1984,399),(1985,131),(1987,322),(1988,717),(1989,151),(1990,363),(1991,567),(1995,758),(1996,-850),(1997,486),(1998,464),(1999,462),(2001,319),(2002,-540),(2003,711),(2004,245),(2005,433),(2007,389),(2008,915),(2009,600),(2010,435),(2011,495),(2013,41),(2014,115),(2015,766),(2016,997),(2017,998),(2019,952),(2020,589),(2021,307),(2022,-370),(2023,65),(2025,420),(2026,722),(2027,-966),(2028,-287),(2029,807),(2031,320),(2032,580),(2033,425),(2034,810),(2035,612),(2039,163),(2040,285),(2041,832),(2042,-190),(2043,999),(2045,271),(2046,566),(2047,583),(2048,501),(2049,791),(2051,908),(2052,-525),(2053,872),(2054,-934),(2055,-81),(2057,72),(2058,166),(2059,179),(2060,38),(2061,284),(2063,755),(2064,690),(2065,401),(2066,-804),(2067,769),(2069,722),(2070,378),(2071,-643),(2072,-123),(2073,-127),(2075,322),(2076,-457),(2077,165),(2078,314),(2079,308),(2083,458),(2084,275),(2085,679),(2086,700),(2087,489),(2089,135),(2090,57),(2091,784),(2092,279),(2093,960),(2095,192),(2096,-73),(2097,679),(2098,426),(2099,694),(2101,80),(2102,388),(2103,937),(2104,799),(2105,33),(2107,296),(2108,724),(2109,751),(2110,911),(2111,527),(2115,355),(2116,430),(2117,929),(2118,514),(2119,499),(2121,929),(2122,806),(2123,426),(2124,-573),(2125,423),(2129,165),(2130,85),(2131,986),(2132,399),(2133,695),(2135,327),(2136,148),(2137,45),(2138,36),(2139,609),(2143,161),(2144,928),(2145,556),(2146,837),(2147,-72),(2149,364),(2150,678),(2151,460),(2152,232),(2153,438),(2157,691),(2158,923),(2159,548),(2160,474),(2161,296),(2163,59),(2164,788),(2165,-472),(2166,517),(2167,152),(2169,606),(2170,244),(2171,687),(2172,478),(2173,417),(2175,668),(2176,-811),(2177,45),(2178,856),(2179,754),(2181,-672),(2182,471),(2183,121),(2184,880),(2185,836),(2187,767),(2188,321),(2189,57),(2190,326),(2191,669),(2193,443),(2194,-238),(2195,912),(2196,-573),(2197,432),(2201,749),(2202,133),(2203,47),(2204,164),(2205,972),(2207,833),(2208,226),(2209,641),(2210,335),(2211,388),(2213,492),(2214,731),(2215,900),(2216,539),(2217,990),(2219,143),(2220,676),(2221,-401),(2222,-475),(2223,85),(2225,252),(2226,605),(2227,798),(2228,271),(2229,710),(2231,535),(2232,-408),(2233,39),(2234,186),(2235,803),(2239,502),(2240,206),(2241,555),(2242,262),(2243,527),(2245,827),(2246,98),(2247,924),(2248,651),(2249,317),(2251,591),(2252,251),(2253,935),(2254,906),(2255,766),(2257,456),(2258,366),(2259,-69),(2260,-63),(2261,24),(2268,426),(2269,398),(2270,80),(2271,429),(2272,358),(2274,552),(2275,327),(2276,685),(2277,671),(2278,-347),(2280,713),(2281,-902),(2282,215),(2283,591),(2284,143),(2286,400),(2287,307),(2288,209),(2289,33),(2290,384),(2294,433),(2295,841),(2296,376),(2297,185),(2298,632),(2302,523),(2303,970),(2304,591),(2305,413),(2306,443),(2308,792),(2309,759),(2310,-265),(2311,433),(2312,881),(2314,611),(2315,518),(2316,601),(2317,323),(2318,897),(2320,458),(2321,343),(2322,768),(2323,406),(2324,-930),(2326,747),(2327,-757),(2328,624),(2329,590),(2330,718),(2332,174),(2333,852),(2334,298),(2335,-886),(2336,820),(2338,264),(2339,751),(2340,-667),(2341,27),(2342,31),(2344,265),(2345,859),(2346,496),(2347,-526),(2348,904),(2352,955),(2353,191),(2354,835),(2355,-227),(2356,421),(2358,-891),(2359,-395),(2360,579),(2361,445),(2362,962),(2364,892),(2365,924),(2366,351),(2367,828),(2368,64),(2370,-677),(2371,-177),(2372,867),(2373,798),(2374,323),(2376,114),(2377,657),(2378,887),(2379,533),(2380,193),(2382,341),(2383,901),(2384,1),(2385,124),(2386,5),(2388,787),(2389,697),(2390,77),(2391,272),(2392,191),(2394,866),(2395,819),(2396,890),(2397,691),(2398,516),(2402,621),(2403,322),(2404,685),(2405,924),(2406,787),(2408,305),(2409,96),(2410,36),(2411,-763),(2412,280),(2414,141),(2415,489),(2416,847),(2417,247),(2418,393),(2420,791),(2421,186),(2422,585),(2423,589),(2424,30),(2426,359),(2427,25),(2428,518),(2429,25),(2430,290),(2432,33),(2433,857),(2434,387),(2435,20),(2436,637),(2438,327),(2439,266),(2440,665),(2441,279),(2442,95),(2444,839),(2445,635),(2446,144),(2447,490),(2448,159),(2450,515),(2451,302),(2452,938),(2453,683),(2454,797),(2458,224),(2459,527),(2460,699),(2461,126),(2462,45),(2466,850),(2467,808),(2468,254),(2469,566),(2470,445),(2472,364),(2473,230),(2474,596),(2475,463),(2476,175),(2478,194),(2479,55),(2480,678),(2481,69),(2482,768),(2484,902),(2485,939),(2486,606),(2487,346),(2488,335),(2490,874),(2491,834),(2492,-105),(2493,959),(2494,659),(2498,38),(2499,993),(2500,290),(2501,724),(2502,-76),(2504,969),(2505,457),(2506,362),(2507,389),(2508,-66),(2510,-583),(2511,772),(2512,553),(2513,907),(2514,232),(2516,94),(2517,648),(2518,150),(2519,385),(2520,364),(2522,339),(2523,341),(2524,966),(2525,155),(2526,313),(2530,841),(2531,196),(2532,278),(2533,719),(2534,-435),(2538,558),(2539,112),(2540,324),(2541,752),(2542,193),(2543,348),(2545,928),(2546,283),(2547,534),(2548,899),(2549,-707),(2551,961),(2552,54),(2553,104),(2554,590),(2555,189),(2557,608),(2558,986),(2559,-993),(2560,609),(2561,873),(2563,546),(2564,852),(2565,121),(2566,115),(2567,-428),(2569,67),(2570,970),(2571,474),(2572,143),(2573,200),(2575,237),(2576,200),(2577,609),(2578,729),(2579,453),(2583,583),(2584,-773),(2585,14),(2586,324),(2587,23),(2589,302),(2590,237),(2591,877),(2592,852),(2593,765),(2595,468),(2596,-139),(2597,-283),(2598,54),(2599,291),(2603,772),(2604,739),(2605,764),(2606,42),(2607,714),(2609,788),(2610,780),(2611,828),(2612,793),(2613,851),(2615,539),(2616,345),(2617,-393),(2618,397),(2619,16),(2621,79),(2622,563),(2623,749),(2624,648),(2625,789),(2627,530),(2628,578),(2629,954),(2630,225),(2631,812),(2633,412),(2634,298),(2635,868),(2636,514),(2637,630),(2641,972),(2642,409),(2643,814),(2644,926),(2645,449),(2647,787),(2648,996),(2649,472),(2650,413),(2651,-977),(2653,367),(2654,-725),(2655,349),(2656,331),(2657,381),(2659,932),(2660,481),(2661,33),(2662,547),(2663,490),(2665,473),(2666,735),(2667,726),(2668,506),(2669,-229),(2671,948),(2672,958),(2673,532),(2674,92),(2675,492),(2677,709),(2678,412),(2679,-288),(2680,967),(2681,404),(2683,997),(2684,210),(2685,333),(2686,80),(2687,891),(2689,116),(2690,529),(2691,136),(2692,659),(2693,364),(2697,789),(2698,753),(2699,-396),(2700,366),(2701,700),(2703,868),(2704,649),(2705,341),(2706,158),(2707,650),(2709,902),(2710,933),(2711,432),(2712,255),(2713,66),(2715,382),(2716,140),(2717,389),(2718,321),(2719,370),(2721,153),(2722,386),(2723,23),(2724,-152),(2725,963),(2727,728),(2728,584),(2729,661),(2730,705),(2731,964),(2733,99),(2734,83),(2735,257),(2736,751),(2737,268),(2739,252),(2740,440),(2741,941),(2742,93),(2743,929),(2747,48),(2748,-801),(2749,590),(2750,311),(2751,675),(2753,77),(2754,35),(2755,114),(2756,855),(2757,-101),(2759,251),(2760,475),(2761,357),(2762,-614),(2763,556),(2765,990),(2766,8),(2767,105),(2768,578),(2769,355),(2771,608),(2772,173),(2773,776),(2774,491),(2775,602),(2777,844),(2778,-168),(2779,771),(2780,-828),(2781,756),(2785,614),(2786,41),(2787,132),(2788,909),(2789,381),(2791,116),(2792,498),(2793,92),(2794,764),(2795,529),(2797,903),(2798,752),(2799,390),(2800,125),(2801,287),(2807,18),(2808,807),(2809,430),(2810,367),(2811,410),(2813,51),(2814,550),(2815,468),(2816,209),(2817,342),(2819,818),(2820,990),(2821,777),(2822,690),(2823,304),(2825,185),(2826,913),(2827,626),(2828,2),(2829,39),(2831,479),(2832,36),(2833,942),(2834,78),(2835,826),(2839,-645),(2840,278),(2841,369),(2842,-749),(2843,238),(2845,440),(2846,255),(2847,931),(2848,47),(2849,853),(2853,773),(2854,863),(2855,96),(2856,697),(2857,466),(2859,118),(2860,852),(2861,-664),(2862,389),(2863,53),(2865,555),(2866,-347),(2867,340),(2868,-959),(2869,222),(2873,913),(2874,184),(2875,239),(2876,470),(2877,473),(2879,-24),(2880,280),(2881,771),(2882,172),(2883,699),(2885,439),(2886,882),(2887,845),(2888,185),(2889,-815),(2893,588),(2894,442),(2895,248),(2896,261),(2897,690),(2899,195),(2900,394),(2901,1),(2902,734),(2903,343),(2905,407),(2906,438),(2907,263),(2908,743),(2909,164),(2911,592),(2912,142),(2913,673),(2914,748),(2915,357),(2917,105),(2918,569),(2919,661),(2920,771),(2921,214),(2923,994),(2924,862),(2925,-850),(2926,679),(2927,649),(2929,379),(2930,745),(2931,744),(2932,478),(2933,606),(2937,837),(2938,453),(2939,907),(2940,-742),(2941,504),(2943,189),(2944,214),(2945,55),(2946,780),(2947,234),(2951,204),(2952,990),(2953,288),(2954,62),(2955,305),(2959,806),(2960,395),(2961,108),(2962,996),(2963,964),(2965,138),(2966,409),(2967,630),(2968,28),(2969,287),(2971,47),(2972,677),(2973,586),(2974,16),(2975,-281),(2977,748),(2978,393),(2979,926),(2980,-655),(2981,711),(2983,235),(2984,-19),(2985,-339),(2986,383),(2987,863),(2989,980),(2990,180),(2991,654),(2992,973),(2993,889),(2997,930),(2998,-465),(2999,578),(3000,667),(3001,264),(3003,623),(3004,946),(3005,738),(3006,783),(3007,950),(3009,986),(3010,676),(3011,24),(3012,171),(3013,771),(3015,43),(3016,265),(3017,714),(3018,264),(3019,676),(3021,47),(3022,-683),(3023,604),(3024,125),(3025,385),(3027,838),(3028,483),(3029,979),(3030,-676),(3031,425),(3035,914),(3036,321),(3037,738),(3038,41),(3039,865),(3041,149),(3042,946),(3043,130),(3044,660),(3045,726),(3047,785),(3048,941),(3049,81),(3050,741),(3051,695),(3053,-129),(3054,922),(3055,383),(3056,340),(3057,499),(3059,836),(3060,875),(3061,338),(3062,161),(3063,533),(3065,603),(3066,-694),(3067,479),(3068,807),(3069,461),(3071,898),(3072,880),(3073,199),(3074,849),(3075,992),(3077,749),(3078,761),(3079,-989),(3080,25),(3081,127),(3085,-635),(3086,216),(3087,798),(3088,777),(3089,992),(3091,143),(3092,955),(3093,599),(3094,892),(3095,598),(3097,477),(3098,896),(3099,964),(3100,-937),(3101,986),(3103,140),(3104,994),(3105,187),(3106,868),(3107,-219),(3109,28),(3110,-435),(3111,200),(3112,696),(3113,-437),(3114,569),(3116,130),(3117,209),(3118,496),(3119,62),(3120,-758),(3122,236),(3123,29),(3124,16),(3125,378),(3126,705),(3128,-832),(3129,361),(3130,860),(3131,261),(3132,352),(3134,400),(3135,627),(3136,549),(3137,851),(3138,177);
/*!40000 ALTER TABLE `Segment` ENABLE KEYS */;
UNLOCK TABLES;
DROP TABLE IF EXISTS `Semaphore`;
/*!40101 SET @saved_cs_client     = @@character_set_client */;
/*!40101 SET character_set_client = utf8 */;
CREATE TABLE `Semaphore` (
  `id` int(11) NOT NULL AUTO_INCREMENT,
  `segment` int(11) NOT NULL,
  `signal` int(11) NOT NULL,
  PRIMARY KEY (`id`),
  KEY `semaphore_signal_idx` (`signal`)
) ENGINE=MEMORY AUTO_INCREMENT=2264 DEFAULT CHARSET=utf8;
/*!40101 SET character_set_client = @saved_cs_client */;

LOCK TABLES `Semaphore` WRITE;
/*!40000 ALTER TABLE `Semaphore` DISABLE KEYS */;
INSERT INTO `Semaphore` VALUES (1,2807,2),(2,7,2),(25,30,2),(126,131,2),(694,699,2),(831,836,2),(1227,1232,2),(1247,1252,2),(1970,1975,2),(2263,2268,2);
/*!40000 ALTER TABLE `Semaphore` ENABLE KEYS */;
UNLOCK TABLES;
DROP TABLE IF EXISTS `Sensor`;
/*!40101 SET @saved_cs_client     = @@character_set_client */;
/*!40101 SET character_set_client = utf8 */;
CREATE TABLE `Sensor` (
  `id` int(11) NOT NULL AUTO_INCREMENT,
  `region` int(11) NOT NULL,
  PRIMARY KEY (`id`)
) ENGINE=MEMORY AUTO_INCREMENT=3134 DEFAULT CHARSET=utf8;
/*!40101 SET character_set_client = @saved_cs_client */;

LOCK TABLES `Sensor` WRITE;
/*!40000 ALTER TABLE `Sensor` DISABLE KEYS */;
INSERT INTO `Sensor` VALUES (6,4),(12,4),(18,4),(29,27),(35,27),(43,27),(49,27),(55,27),(61,27),(67,27),(73,27),(79,27),(85,27),(91,27),(99,27),(105,27),(111,27),(119,27),(130,128),(136,128),(142,128),(150,128),(156,128),(162,128),(168,128),(174,128),(180,128),(188,128),(194,128),(200,128),(206,128),(212,128),(218,128),(224,128),(230,128),(236,128),(244,128),(250,128),(256,128),(262,128),(270,128),(276,128),(282,128),(288,128),(294,128),(300,128),(306,128),(312,128),(320,128),(327,128),(333,128),(339,128),(347,128),(355,128),(361,128),(367,128),(375,128),(381,128),(387,128),(393,128),(399,128),(407,128),(413,128),(419,128),(425,128),(431,128),(437,128),(445,128),(451,128),(457,128),(463,128),(471,128),(477,128),(483,128),(491,128),(499,128),(505,128),(511,128),(517,128),(523,128),(529,128),(535,128),(541,128),(547,128),(555,128),(561,128),(567,128),(574,128),(580,128),(586,128),(592,128),(598,128),(606,128),(612,128),(618,128),(624,128),(630,128),(636,128),(644,128),(650,128),(656,128),(662,128),(668,128),(674,128),(681,128),(687,128),(698,696),(704,696),(710,696),(716,696),(722,696),(728,696),(734,696),(740,696),(746,696),(754,696),(760,696),(766,696),(772,696),(778,696),(784,696),(792,696),(798,696),(804,696),(812,696),(818,696),(824,696),(835,833),(841,833),(847,833),(853,833),(859,833),(865,833),(873,833),(879,833),(885,833),(891,833),(897,833),(903,833),(911,833),(917,833),(923,833),(929,833),(936,833),(942,833),(948,833),(954,833),(962,833),(968,833),(974,833),(980,833),(986,833),(992,833),(998,833),(1004,833),(1012,833),(1018,833),(1024,833),(1030,833),(1036,833),(1042,833),(1048,833),(1056,833),(1062,833),(1068,833),(1074,833),(1080,833),(1086,833),(1094,833),(1100,833),(1106,833),(1114,833),(1120,833),(1126,833),(1132,833),(1140,833),(1146,833),(1152,833),(1158,833),(1164,833),(1170,833),(1176,833),(1182,833),(1188,833),(1196,833),(1202,833),(1208,833),(1214,833),(1220,833),(1231,1229),(1239,1229),(1251,1249),(1257,1249),(1263,1249),(1269,1249),(1275,1249),(1281,1249),(1287,1249),(1293,1249),(1299,1249),(1307,1249),(1313,1249),(1319,1249),(1327,1249),(1333,1249),(1339,1249),(1345,1249),(1351,1249),(1357,1249),(1363,1249),(1369,1249),(1375,1249),(1383,1249),(1389,1249),(1395,1249),(1401,1249),(1409,1249),(1415,1249),(1421,1249),(1427,1249),(1433,1249),(1439,1249),(1445,1249),(1453,1249),(1459,1249),(1465,1249),(1471,1249),(1478,1249),(1486,1249),(1492,1249),(1498,1249),(1504,1249),(1510,1249),(1516,1249),(1522,1249),(1528,1249),(1534,1249),(1542,1249),(1548,1249),(1554,1249),(1560,1249),(1566,1249),(1575,1249),(1581,1249),(1587,1249),(1593,1249),(1599,1249),(1605,1249),(1611,1249),(1617,1249),(1625,1249),(1631,1249),(1637,1249),(1643,1249),(1649,1249),(1655,1249),(1663,1249),(1671,1249),(1677,1249),(1685,1249),(1691,1249),(1697,1249),(1703,1249),(1709,1249),(1715,1249),(1723,1249),(1729,1249),(1735,1249),(1741,1249),(1747,1249),(1753,1249),(1759,1249),(1765,1249),(1771,1249),(1779,1249),(1785,1249),(1791,1249),(1797,1249),(1803,1249),(1809,1249),(1816,1249),(1822,1249),(1830,1249),(1837,1249),(1843,1249),(1849,1249),(1857,1249),(1863,1249),(1869,1249),(1875,1249),(1881,1249),(1887,1249),(1893,1249),(1899,1249),(1905,1249),(1913,1249),(1919,1249),(1925,1249),(1931,1249),(1939,1249),(1945,1249),(1951,1249),(1957,1249),(1963,1249),(1974,1972),(1980,1972),(1986,1972),(1994,1972),(2000,1972),(2006,1972),(2012,1972),(2018,1972),(2024,1972),(2030,1972),(2038,1972),(2044,1972),(2050,1972),(2056,1972),(2062,1972),(2068,1972),(2074,1972),(2082,1972),(2088,1972),(2094,1972),(2100,1972),(2106,1972),(2114,1972),(2120,1972),(2128,1972),(2134,1972),(2142,1972),(2148,1972),(2156,1972),(2162,1972),(2168,1972),(2174,1972),(2180,1972),(2186,1972),(2192,1972),(2200,1972),(2206,1972),(2212,1972),(2218,1972),(2224,1972),(2230,1972),(2238,1972),(2244,1972),(2250,1972),(2256,1972),(2267,2265),(2273,2265),(2279,2265),(2285,2265),(2293,2265),(2301,2265),(2307,2265),(2313,2265),(2319,2265),(2325,2265),(2331,2265),(2337,2265),(2343,2265),(2351,2265),(2357,2265),(2363,2265),(2369,2265),(2375,2265),(2381,2265),(2387,2265),(2393,2265),(2401,2265),(2407,2265),(2413,2265),(2419,2265),(2425,2265),(2431,2265),(2437,2265),(2443,2265),(2449,2265),(2457,2265),(2465,2265),(2471,2265),(2477,2265),(2483,2265),(2489,2265),(2497,2265),(2503,2265),(2509,2265),(2515,2265),(2521,2265),(2529,2265),(2537,2265),(2544,2265),(2550,2265),(2556,2265),(2562,2265),(2568,2265),(2574,2265),(2582,2265),(2588,2265),(2594,2265),(2602,2265),(2608,2265),(2614,2265),(2620,2265),(2626,2265),(2632,2265),(2640,2265),(2646,2265),(2652,2265),(2658,2265),(2664,2265),(2670,2265),(2676,2265),(2682,2265),(2688,2265),(2696,2265),(2702,2265),(2708,2265),(2714,2265),(2720,2265),(2726,2265),(2732,2265),(2738,2265),(2746,2265),(2752,2265),(2758,2265),(2764,2265),(2770,2265),(2776,2265),(2784,2265),(2790,2265),(2796,2265),(2806,2804),(2812,2804),(2818,2804),(2824,2804),(2830,2804),(2838,2804),(2844,2804),(2852,2804),(2858,2804),(2864,2804),(2872,2804),(2878,2804),(2884,2804),(2892,2804),(2898,2804),(2904,2804),(2910,2804),(2916,2804),(2922,2804),(2928,2804),(2936,2804),(2942,2804),(2950,2804),(2958,2804),(2964,2804),(2970,2804),(2976,2804),(2982,2804),(2988,2804),(2996,2804),(3002,2804),(3008,2804),(3014,2804),(3020,2804),(3026,2804),(3034,2804),(3040,2804),(3046,2804),(3052,2804),(3058,2804),(3064,2804),(3070,2804),(3076,2804),(3084,2804),(3090,2804),(3096,2804),(3102,2804),(3108,2804),(3115,2804),(3121,2804),(3127,2804),(3133,2804);
/*!40000 ALTER TABLE `Sensor` ENABLE KEYS */;
UNLOCK TABLES;
DROP TABLE IF EXISTS `Switch`;
/*!40101 SET @saved_cs_client     = @@character_set_client */;
/*!40101 SET character_set_client = utf8 */;
CREATE TABLE `Switch` (
  `id` int(11) NOT NULL AUTO_INCREMENT,
  `currentPosition` int(11) NOT NULL,
  PRIMARY KEY (`id`)
) ENGINE=MEMORY AUTO_INCREMENT=3084 DEFAULT CHARSET=utf8;
/*!40101 SET character_set_client = @saved_cs_client */;

LOCK TABLES `Switch` WRITE;
/*!40000 ALTER TABLE `Switch` DISABLE KEYS */;
INSERT INTO `Switch` VALUES (5,0),(28,2),(42,1),(98,1),(118,2),(129,2),(149,2),(187,1),(243,0),(269,0),(319,0),(346,1),(354,1),(374,0),(406,0),(444,1),(470,0),(490,2),(498,0),(554,0),(605,1),(643,0),(697,1),(753,2),(791,2),(811,0),(834,1),(872,0),(910,1),(961,0),(1011,2),(1055,0),(1093,1),(1113,1),(1139,1),(1195,2),(1230,0),(1238,1),(1250,0),(1306,2),(1326,1),(1382,2),(1408,1),(1452,1),(1485,0),(1541,0),(1574,2),(1624,0),(1662,1),(1670,2),(1684,2),(1722,2),(1778,1),(1829,0),(1856,2),(1912,0),(1938,0),(1973,0),(1993,1),(2037,1),(2081,2),(2113,2),(2127,0),(2141,1),(2155,1),(2199,1),(2237,2),(2266,2),(2292,0),(2300,1),(2350,1),(2400,1),(2456,0),(2464,1),(2496,0),(2528,2),(2536,1),(2581,0),(2601,0),(2639,2),(2695,2),(2745,0),(2783,2),(2805,0),(2837,1),(2851,0),(2871,1),(2891,0),(2935,0),(2949,0),(2957,2),(2995,2),(3033,1),(3083,1);
/*!40000 ALTER TABLE `Switch` ENABLE KEYS */;
UNLOCK TABLES;
DROP TABLE IF EXISTS `SwitchPosition`;
/*!40101 SET @saved_cs_client     = @@character_set_client */;
/*!40101 SET character_set_client = utf8 */;
CREATE TABLE `SwitchPosition` (
  `id` int(11) NOT NULL AUTO_INCREMENT,
  `route` int(11) DEFAULT NULL,
  `target` int(11) DEFAULT NULL,
  `position` int(11) NOT NULL,
  PRIMARY KEY (`id`)
) ENGINE=MEMORY AUTO_INCREMENT=3140 DEFAULT CHARSET=utf8;
/*!40101 SET character_set_client = @saved_cs_client */;

LOCK TABLES `SwitchPosition` WRITE;
/*!40000 ALTER TABLE `SwitchPosition` DISABLE KEYS */;
INSERT INTO `SwitchPosition` VALUES (24,3,5,0),(41,26,28,2),(97,26,42,1),(117,26,98,1),(125,26,118,0),(148,127,129,2),(186,127,149,0),(242,127,187,1),(268,127,243,0),(318,127,269,0),(345,127,319,0),(353,127,346,1),(373,127,354,1),(405,127,374,0),(443,127,406,0),(469,127,444,1),(489,127,470,2),(497,127,490,2),(553,127,498,0),(604,127,554,2),(642,127,605,1),(693,127,643,0),(752,695,697,1),(790,695,753,0),(810,695,791,2),(830,695,811,0),(871,832,834,1),(909,832,872,0),(960,832,910,1),(1010,832,961,0),(1054,832,1011,0),(1092,832,1055,0),(1112,832,1093,1),(1138,832,1113,1),(1194,832,1139,1),(1226,832,1195,2),(1237,1228,1230,0),(1246,1228,1238,1),(1305,1248,1250,2),(1325,1248,1306,2),(1381,1248,1326,1),(1407,1248,1382,2),(1451,1248,1408,1),(1484,1248,1452,1),(1540,1248,1485,0),(1573,1248,1541,0),(1623,1248,1574,0),(1661,1248,1624,0),(1669,1248,1662,1),(1683,1248,1670,2),(1721,1248,1684,2),(1777,1248,1722,2),(1828,1248,1778,1),(1855,1248,1829,0),(1911,1248,1856,0),(1937,1248,1912,2),(1969,1248,1938,2),(1992,1971,1973,2),(2036,1971,1993,1),(2080,1971,2037,1),(2112,1971,2081,2),(2126,1971,2113,0),(2140,1971,2127,0),(2154,1971,2141,1),(2198,1971,2155,1),(2236,1971,2199,1),(2262,1971,2237,2),(2291,2264,2266,2),(2299,2264,2292,0),(2349,2264,2300,1),(2399,2264,2350,1),(2455,2264,2400,1),(2463,2264,2456,0),(2495,2264,2464,1),(2527,2264,2496,2),(2535,2264,2528,2),(2580,2264,2536,1),(2600,2264,2581,0),(2638,2264,2601,0),(2694,2264,2639,2),(2744,2264,2695,2),(2782,2264,2745,0),(2802,2264,2783,0),(2836,2803,2805,0),(2850,2803,2837,1),(2870,2803,2851,2),(2890,2803,2871,1),(2934,2803,2891,0),(2948,2803,2935,0),(2956,2803,2949,2),(2994,2803,2957,2),(3032,2803,2995,2),(3082,2803,3033,1),(3139,2803,3083,1);
/*!40000 ALTER TABLE `SwitchPosition` ENABLE KEYS */;
UNLOCK TABLES;
DROP TABLE IF EXISTS `TrackElement`;
/*!40101 SET @saved_cs_client     = @@character_set_client */;
/*!40101 SET character_set_client = utf8 */;
CREATE TABLE `TrackElement` (
  `id` int(11) NOT NULL AUTO_INCREMENT,
  `region` int(11) NOT NULL,
  PRIMARY KEY (`id`)
) ENGINE=MEMORY AUTO_INCREMENT=3139 DEFAULT CHARSET=utf8;
/*!40101 SET character_set_client = @saved_cs_client */;

LOCK TABLES `TrackElement` WRITE;
/*!40000 ALTER TABLE `TrackElement` DISABLE KEYS */;
INSERT INTO `TrackElement` VALUES (5,4),(7,4),(8,4),(9,4),(10,4),(11,4),(13,4),(14,4),(15,4),(16,4),(17,4),(19,4),(20,4),(21,4),(22,4),(23,4),(28,27),(30,27),(31,27),(32,27),(33,27),(34,27),(36,27),(37,27),(38,27),(39,27),(40,27),(42,27),(44,27),(45,27),(46,27),(47,27),(48,27),(50,27),(51,27),(52,27),(53,27),(54,27),(56,27),(57,27),(58,27),(59,27),(60,27),(62,27),(63,27),(64,27),(65,27),(66,27),(68,27),(69,27),(70,27),(71,27),(72,27),(74,27),(75,27),(76,27),(77,27),(78,27),(80,27),(81,27),(82,27),(83,27),(84,27),(86,27),(87,27),(88,27),(89,27),(90,27),(92,27),(93,27),(94,27),(95,27),(96,27),(98,27),(100,27),(101,27),(102,27),(103,27),(104,27),(106,27),(107,27),(108,27),(109,27),(110,27),(112,27),(113,27),(114,27),(115,27),(116,27),(118,27),(120,27),(121,27),(122,27),(123,27),(124,27),(129,128),(131,128),(132,128),(133,128),(134,128),(135,128),(137,128),(138,128),(139,128),(140,128),(141,128),(143,128),(144,128),(145,128),(146,128),(147,128),(149,128),(151,128),(152,128),(153,128),(154,128),(155,128),(157,128),(158,128),(159,128),(160,128),(161,128),(163,128),(164,128),(165,128),(166,128),(167,128),(169,128),(170,128),(171,128),(172,128),(173,128),(175,128),(176,128),(177,128),(178,128),(179,128),(181,128),(182,128),(183,128),(184,128),(185,128),(187,128),(189,128),(190,128),(191,128),(192,128),(193,128),(195,128),(196,128),(197,128),(198,128),(199,128),(201,128),(202,128),(203,128),(204,128),(205,128),(207,128),(208,128),(209,128),(210,128),(211,128),(213,128),(214,128),(215,128),(216,128),(217,128),(219,128),(220,128),(221,128),(222,128),(223,128),(225,128),(226,128),(227,128),(228,128),(229,128),(231,128),(232,128),(233,128),(234,128),(235,128),(237,128),(238,128),(239,128),(240,128),(241,128),(243,128),(245,128),(246,128),(247,128),(248,128),(249,128),(251,128),(252,128),(253,128),(254,128),(255,128),(257,128),(258,128),(259,128),(260,128),(261,128),(263,128),(264,128),(265,128),(266,128),(267,128),(269,128),(271,128),(272,128),(273,128),(274,128),(275,128),(277,128),(278,128),(279,128),(280,128),(281,128),(283,128),(284,128),(285,128),(286,128),(287,128),(289,128),(290,128),(291,128),(292,128),(293,128),(295,128),(296,128),(297,128),(298,128),(299,128),(301,128),(302,128),(303,128),(304,128),(305,128),(307,128),(308,128),(309,128),(310,128),(311,128),(313,128),(314,128),(315,128),(316,128),(317,128),(319,128),(321,128),(322,128),(323,128),(324,128),(325,128),(326,128),(328,128),(329,128),(330,128),(331,128),(332,128),(334,128),(335,128),(336,128),(337,128),(338,128),(340,128),(341,128),(342,128),(343,128),(344,128),(346,128),(348,128),(349,128),(350,128),(351,128),(352,128),(354,128),(356,128),(357,128),(358,128),(359,128),(360,128),(362,128),(363,128),(364,128),(365,128),(366,128),(368,128),(369,128),(370,128),(371,128),(372,128),(374,128),(376,128),(377,128),(378,128),(379,128),(380,128),(382,128),(383,128),(384,128),(385,128),(386,128),(388,128),(389,128),(390,128),(391,128),(392,128),(394,128),(395,128),(396,128),(397,128),(398,128),(400,128),(401,128),(402,128),(403,128),(404,128),(406,128),(408,128),(409,128),(410,128),(411,128),(412,128),(414,128),(415,128),(416,128),(417,128),(418,128),(420,128),(421,128),(422,128),(423,128),(424,128),(426,128),(427,128),(428,128),(429,128),(430,128),(432,128),(433,128),(434,128),(435,128),(436,128),(438,128),(439,128),(440,128),(441,128),(442,128),(444,128),(446,128),(447,128),(448,128),(449,128),(450,128),(452,128),(453,128),(454,128),(455,128),(456,128),(458,128),(459,128),(460,128),(461,128),(462,128),(464,128),(465,128),(466,128),(467,128),(468,128),(470,128),(472,128),(473,128),(474,128),(475,128),(476,128),(478,128),(479,128),(480,128),(481,128),(482,128),(484,128),(485,128),(486,128),(487,128),(488,128),(490,128),(492,128),(493,128),(494,128),(495,128),(496,128),(498,128),(500,128),(501,128),(502,128),(503,128),(504,128),(506,128),(507,128),(508,128),(509,128),(510,128),(512,128),(513,128),(514,128),(515,128),(516,128),(518,128),(519,128),(520,128),(521,128),(522,128),(524,128),(525,128),(526,128),(527,128),(528,128),(530,128),(531,128),(532,128),(533,128),(534,128),(536,128),(537,128),(538,128),(539,128),(540,128),(542,128),(543,128),(544,128),(545,128),(546,128),(548,128),(549,128),(550,128),(551,128),(552,128),(554,128),(556,128),(557,128),(558,128),(559,128),(560,128),(562,128),(563,128),(564,128),(565,128),(566,128),(568,128),(569,128),(570,128),(571,128),(572,128),(573,128),(575,128),(576,128),(577,128),(578,128),(579,128),(581,128),(582,128),(583,128),(584,128),(585,128),(587,128),(588,128),(589,128),(590,128),(591,128),(593,128),(594,128),(595,128),(596,128),(597,128),(599,128),(600,128),(601,128),(602,128),(603,128),(605,128),(607,128),(608,128),(609,128),(610,128),(611,128),(613,128),(614,128),(615,128),(616,128),(617,128),(619,128),(620,128),(621,128),(622,128),(623,128),(625,128),(626,128),(627,128),(628,128),(629,128),(631,128),(632,128),(633,128),(634,128),(635,128),(637,128),(638,128),(639,128),(640,128),(641,128),(643,128),(645,128),(646,128),(647,128),(648,128),(649,128),(651,128),(652,128),(653,128),(654,128),(655,128),(657,128),(658,128),(659,128),(660,128),(661,128),(663,128),(664,128),(665,128),(666,128),(667,128),(669,128),(670,128),(671,128),(672,128),(673,128),(675,128),(676,128),(677,128),(678,128),(679,128),(680,128),(682,128),(683,128),(684,128),(685,128),(686,128),(688,128),(689,128),(690,128),(691,128),(692,128),(697,696),(699,696),(700,696),(701,696),(702,696),(703,696),(705,696),(706,696),(707,696),(708,696),(709,696),(711,696),(712,696),(713,696),(714,696),(715,696),(717,696),(718,696),(719,696),(720,696),(721,696),(723,696),(724,696),(725,696),(726,696),(727,696),(729,696),(730,696),(731,696),(732,696),(733,696),(735,696),(736,696),(737,696),(738,696),(739,696),(741,696),(742,696),(743,696),(744,696),(745,696),(747,696),(748,696),(749,696),(750,696),(751,696),(753,696),(755,696),(756,696),(757,696),(758,696),(759,696),(761,696),(762,696),(763,696),(764,696),(765,696),(767,696),(768,696),(769,696),(770,696),(771,696),(773,696),(774,696),(775,696),(776,696),(777,696),(779,696),(780,696),(781,696),(782,696),(783,696),(785,696),(786,696),(787,696),(788,696),(789,696),(791,696),(793,696),(794,696),(795,696),(796,696),(797,696),(799,696),(800,696),(801,696),(802,696),(803,696),(805,696),(806,696),(807,696),(808,696),(809,696),(811,696),(813,696),(814,696),(815,696),(816,696),(817,696),(819,696),(820,696),(821,696),(822,696),(823,696),(825,696),(826,696),(827,696),(828,696),(829,696),(834,833),(836,833),(837,833),(838,833),(839,833),(840,833),(842,833),(843,833),(844,833),(845,833),(846,833),(848,833),(849,833),(850,833),(851,833),(852,833),(854,833),(855,833),(856,833),(857,833),(858,833),(860,833),(861,833),(862,833),(863,833),(864,833),(866,833),(867,833),(868,833),(869,833),(870,833),(872,833),(874,833),(875,833),(876,833),(877,833),(878,833),(880,833),(881,833),(882,833),(883,833),(884,833),(886,833),(887,833),(888,833),(889,833),(890,833),(892,833),(893,833),(894,833),(895,833),(896,833),(898,833),(899,833),(900,833),(901,833),(902,833),(904,833),(905,833),(906,833),(907,833),(908,833),(910,833),(912,833),(913,833),(914,833),(915,833),(916,833),(918,833),(919,833),(920,833),(921,833),(922,833),(924,833),(925,833),(926,833),(927,833),(928,833),(930,833),(931,833),(932,833),(933,833),(934,833),(935,833),(937,833),(938,833),(939,833),(940,833),(941,833),(943,833),(944,833),(945,833),(946,833),(947,833),(949,833),(950,833),(951,833),(952,833),(953,833),(955,833),(956,833),(957,833),(958,833),(959,833),(961,833),(963,833),(964,833),(965,833),(966,833),(967,833),(969,833),(970,833),(971,833),(972,833),(973,833),(975,833),(976,833),(977,833),(978,833),(979,833),(981,833),(982,833),(983,833),(984,833),(985,833),(987,833),(988,833),(989,833),(990,833),(991,833),(993,833),(994,833),(995,833),(996,833),(997,833),(999,833),(1000,833),(1001,833),(1002,833),(1003,833),(1005,833),(1006,833),(1007,833),(1008,833),(1009,833),(1011,833),(1013,833),(1014,833),(1015,833),(1016,833),(1017,833),(1019,833),(1020,833),(1021,833),(1022,833),(1023,833),(1025,833),(1026,833),(1027,833),(1028,833),(1029,833),(1031,833),(1032,833),(1033,833),(1034,833),(1035,833),(1037,833),(1038,833),(1039,833),(1040,833),(1041,833),(1043,833),(1044,833),(1045,833),(1046,833),(1047,833),(1049,833),(1050,833),(1051,833),(1052,833),(1053,833),(1055,833),(1057,833),(1058,833),(1059,833),(1060,833),(1061,833),(1063,833),(1064,833),(1065,833),(1066,833),(1067,833),(1069,833),(1070,833),(1071,833),(1072,833),(1073,833),(1075,833),(1076,833),(1077,833),(1078,833),(1079,833),(1081,833),(1082,833),(1083,833),(1084,833),(1085,833),(1087,833),(1088,833),(1089,833),(1090,833),(1091,833),(1093,833),(1095,833),(1096,833),(1097,833),(1098,833),(1099,833),(1101,833),(1102,833),(1103,833),(1104,833),(1105,833),(1107,833),(1108,833),(1109,833),(1110,833),(1111,833),(1113,833),(1115,833),(1116,833),(1117,833),(1118,833),(1119,833),(1121,833),(1122,833),(1123,833),(1124,833),(1125,833),(1127,833),(1128,833),(1129,833),(1130,833),(1131,833),(1133,833),(1134,833),(1135,833),(1136,833),(1137,833),(1139,833),(1141,833),(1142,833),(1143,833),(1144,833),(1145,833),(1147,833),(1148,833),(1149,833),(1150,833),(1151,833),(1153,833),(1154,833),(1155,833),(1156,833),(1157,833),(1159,833),(1160,833),(1161,833),(1162,833),(1163,833),(1165,833),(1166,833),(1167,833),(1168,833),(1169,833),(1171,833),(1172,833),(1173,833),(1174,833),(1175,833),(1177,833),(1178,833),(1179,833),(1180,833),(1181,833),(1183,833),(1184,833),(1185,833),(1186,833),(1187,833),(1189,833),(1190,833),(1191,833),(1192,833),(1193,833),(1195,833),(1197,833),(1198,833),(1199,833),(1200,833),(1201,833),(1203,833),(1204,833),(1205,833),(1206,833),(1207,833),(1209,833),(1210,833),(1211,833),(1212,833),(1213,833),(1215,833),(1216,833),(1217,833),(1218,833),(1219,833),(1221,833),(1222,833),(1223,833),(1224,833),(1225,833),(1230,1229),(1232,1229),(1233,1229),(1234,1229),(1235,1229),(1236,1229),(1238,1229),(1240,1229),(1241,1229),(1242,1229),(1243,1229),(1244,1229),(1245,1229),(1250,1249),(1252,1249),(1253,1249),(1254,1249),(1255,1249),(1256,1249),(1258,1249),(1259,1249),(1260,1249),(1261,1249),(1262,1249),(1264,1249),(1265,1249),(1266,1249),(1267,1249),(1268,1249),(1270,1249),(1271,1249),(1272,1249),(1273,1249),(1274,1249),(1276,1249),(1277,1249),(1278,1249),(1279,1249),(1280,1249),(1282,1249),(1283,1249),(1284,1249),(1285,1249),(1286,1249),(1288,1249),(1289,1249),(1290,1249),(1291,1249),(1292,1249),(1294,1249),(1295,1249),(1296,1249),(1297,1249),(1298,1249),(1300,1249),(1301,1249),(1302,1249),(1303,1249),(1304,1249),(1306,1249),(1308,1249),(1309,1249),(1310,1249),(1311,1249),(1312,1249),(1314,1249),(1315,1249),(1316,1249),(1317,1249),(1318,1249),(1320,1249),(1321,1249),(1322,1249),(1323,1249),(1324,1249),(1326,1249),(1328,1249),(1329,1249),(1330,1249),(1331,1249),(1332,1249),(1334,1249),(1335,1249),(1336,1249),(1337,1249),(1338,1249),(1340,1249),(1341,1249),(1342,1249),(1343,1249),(1344,1249),(1346,1249),(1347,1249),(1348,1249),(1349,1249),(1350,1249),(1352,1249),(1353,1249),(1354,1249),(1355,1249),(1356,1249),(1358,1249),(1359,1249),(1360,1249),(1361,1249),(1362,1249),(1364,1249),(1365,1249),(1366,1249),(1367,1249),(1368,1249),(1370,1249),(1371,1249),(1372,1249),(1373,1249),(1374,1249),(1376,1249),(1377,1249),(1378,1249),(1379,1249),(1380,1249),(1382,1249),(1384,1249),(1385,1249),(1386,1249),(1387,1249),(1388,1249),(1390,1249),(1391,1249),(1392,1249),(1393,1249),(1394,1249),(1396,1249),(1397,1249),(1398,1249),(1399,1249),(1400,1249),(1402,1249),(1403,1249),(1404,1249),(1405,1249),(1406,1249),(1408,1249),(1410,1249),(1411,1249),(1412,1249),(1413,1249),(1414,1249),(1416,1249),(1417,1249),(1418,1249),(1419,1249),(1420,1249),(1422,1249),(1423,1249),(1424,1249),(1425,1249),(1426,1249),(1428,1249),(1429,1249),(1430,1249),(1431,1249),(1432,1249),(1434,1249),(1435,1249),(1436,1249),(1437,1249),(1438,1249),(1440,1249),(1441,1249),(1442,1249),(1443,1249),(1444,1249),(1446,1249),(1447,1249),(1448,1249),(1449,1249),(1450,1249),(1452,1249),(1454,1249),(1455,1249),(1456,1249),(1457,1249),(1458,1249),(1460,1249),(1461,1249),(1462,1249),(1463,1249),(1464,1249),(1466,1249),(1467,1249),(1468,1249),(1469,1249),(1470,1249),(1472,1249),(1473,1249),(1474,1249),(1475,1249),(1476,1249),(1477,1249),(1479,1249),(1480,1249),(1481,1249),(1482,1249),(1483,1249),(1485,1249),(1487,1249),(1488,1249),(1489,1249),(1490,1249),(1491,1249),(1493,1249),(1494,1249),(1495,1249),(1496,1249),(1497,1249),(1499,1249),(1500,1249),(1501,1249),(1502,1249),(1503,1249),(1505,1249),(1506,1249),(1507,1249),(1508,1249),(1509,1249),(1511,1249),(1512,1249),(1513,1249),(1514,1249),(1515,1249),(1517,1249),(1518,1249),(1519,1249),(1520,1249),(1521,1249),(1523,1249),(1524,1249),(1525,1249),(1526,1249),(1527,1249),(1529,1249),(1530,1249),(1531,1249),(1532,1249),(1533,1249),(1535,1249),(1536,1249),(1537,1249),(1538,1249),(1539,1249),(1541,1249),(1543,1249),(1544,1249),(1545,1249),(1546,1249),(1547,1249),(1549,1249),(1550,1249),(1551,1249),(1552,1249),(1553,1249),(1555,1249),(1556,1249),(1557,1249),(1558,1249),(1559,1249),(1561,1249),(1562,1249),(1563,1249),(1564,1249),(1565,1249),(1567,1249),(1568,1249),(1569,1249),(1570,1249),(1571,1249),(1572,1249),(1574,1249),(1576,1249),(1577,1249),(1578,1249),(1579,1249),(1580,1249),(1582,1249),(1583,1249),(1584,1249),(1585,1249),(1586,1249),(1588,1249),(1589,1249),(1590,1249),(1591,1249),(1592,1249),(1594,1249),(1595,1249),(1596,1249),(1597,1249),(1598,1249),(1600,1249),(1601,1249),(1602,1249),(1603,1249),(1604,1249),(1606,1249),(1607,1249),(1608,1249),(1609,1249),(1610,1249),(1612,1249),(1613,1249),(1614,1249),(1615,1249),(1616,1249),(1618,1249),(1619,1249),(1620,1249),(1621,1249),(1622,1249),(1624,1249),(1626,1249),(1627,1249),(1628,1249),(1629,1249),(1630,1249),(1632,1249),(1633,1249),(1634,1249),(1635,1249),(1636,1249),(1638,1249),(1639,1249),(1640,1249),(1641,1249),(1642,1249),(1644,1249),(1645,1249),(1646,1249),(1647,1249),(1648,1249),(1650,1249),(1651,1249),(1652,1249),(1653,1249),(1654,1249),(1656,1249),(1657,1249),(1658,1249),(1659,1249),(1660,1249),(1662,1249),(1664,1249),(1665,1249),(1666,1249),(1667,1249),(1668,1249),(1670,1249),(1672,1249),(1673,1249),(1674,1249),(1675,1249),(1676,1249),(1678,1249),(1679,1249),(1680,1249),(1681,1249),(1682,1249),(1684,1249),(1686,1249),(1687,1249),(1688,1249),(1689,1249),(1690,1249),(1692,1249),(1693,1249),(1694,1249),(1695,1249),(1696,1249),(1698,1249),(1699,1249),(1700,1249),(1701,1249),(1702,1249),(1704,1249),(1705,1249),(1706,1249),(1707,1249),(1708,1249),(1710,1249),(1711,1249),(1712,1249),(1713,1249),(1714,1249),(1716,1249),(1717,1249),(1718,1249),(1719,1249),(1720,1249),(1722,1249),(1724,1249),(1725,1249),(1726,1249),(1727,1249),(1728,1249),(1730,1249),(1731,1249),(1732,1249),(1733,1249),(1734,1249),(1736,1249),(1737,1249),(1738,1249),(1739,1249),(1740,1249),(1742,1249),(1743,1249),(1744,1249),(1745,1249),(1746,1249),(1748,1249),(1749,1249),(1750,1249),(1751,1249),(1752,1249),(1754,1249),(1755,1249),(1756,1249),(1757,1249),(1758,1249),(1760,1249),(1761,1249),(1762,1249),(1763,1249),(1764,1249),(1766,1249),(1767,1249),(1768,1249),(1769,1249),(1770,1249),(1772,1249),(1773,1249),(1774,1249),(1775,1249),(1776,1249),(1778,1249),(1780,1249),(1781,1249),(1782,1249),(1783,1249),(1784,1249),(1786,1249),(1787,1249),(1788,1249),(1789,1249),(1790,1249),(1792,1249),(1793,1249),(1794,1249),(1795,1249),(1796,1249),(1798,1249),(1799,1249),(1800,1249),(1801,1249),(1802,1249),(1804,1249),(1805,1249),(1806,1249),(1807,1249),(1808,1249),(1810,1249),(1811,1249),(1812,1249),(1813,1249),(1814,1249),(1815,1249),(1817,1249),(1818,1249),(1819,1249),(1820,1249),(1821,1249),(1823,1249),(1824,1249),(1825,1249),(1826,1249),(1827,1249),(1829,1249),(1831,1249),(1832,1249),(1833,1249),(1834,1249),(1835,1249),(1836,1249),(1838,1249),(1839,1249),(1840,1249),(1841,1249),(1842,1249),(1844,1249),(1845,1249),(1846,1249),(1847,1249),(1848,1249),(1850,1249),(1851,1249),(1852,1249),(1853,1249),(1854,1249),(1856,1249),(1858,1249),(1859,1249),(1860,1249),(1861,1249),(1862,1249),(1864,1249),(1865,1249),(1866,1249),(1867,1249),(1868,1249),(1870,1249),(1871,1249),(1872,1249),(1873,1249),(1874,1249),(1876,1249),(1877,1249),(1878,1249),(1879,1249),(1880,1249),(1882,1249),(1883,1249),(1884,1249),(1885,1249),(1886,1249),(1888,1249),(1889,1249),(1890,1249),(1891,1249),(1892,1249),(1894,1249),(1895,1249),(1896,1249),(1897,1249),(1898,1249),(1900,1249),(1901,1249),(1902,1249),(1903,1249),(1904,1249),(1906,1249),(1907,1249),(1908,1249),(1909,1249),(1910,1249),(1912,1249),(1914,1249),(1915,1249),(1916,1249),(1917,1249),(1918,1249),(1920,1249),(1921,1249),(1922,1249),(1923,1249),(1924,1249),(1926,1249),(1927,1249),(1928,1249),(1929,1249),(1930,1249),(1932,1249),(1933,1249),(1934,1249),(1935,1249),(1936,1249),(1938,1249),(1940,1249),(1941,1249),(1942,1249),(1943,1249),(1944,1249),(1946,1249),(1947,1249),(1948,1249),(1949,1249),(1950,1249),(1952,1249),(1953,1249),(1954,1249),(1955,1249),(1956,1249),(1958,1249),(1959,1249),(1960,1249),(1961,1249),(1962,1249),(1964,1249),(1965,1249),(1966,1249),(1967,1249),(1968,1249),(1973,1972),(1975,1972),(1976,1972),(1977,1972),(1978,1972),(1979,1972),(1981,1972),(1982,1972),(1983,1972),(1984,1972),(1985,1972),(1987,1972),(1988,1972),(1989,1972),(1990,1972),(1991,1972),(1993,1972),(1995,1972),(1996,1972),(1997,1972),(1998,1972),(1999,1972),(2001,1972),(2002,1972),(2003,1972),(2004,1972),(2005,1972),(2007,1972),(2008,1972),(2009,1972),(2010,1972),(2011,1972),(2013,1972),(2014,1972),(2015,1972),(2016,1972),(2017,1972),(2019,1972),(2020,1972),(2021,1972),(2022,1972),(2023,1972),(2025,1972),(2026,1972),(2027,1972),(2028,1972),(2029,1972),(2031,1972),(2032,1972),(2033,1972),(2034,1972),(2035,1972),(2037,1972),(2039,1972),(2040,1972),(2041,1972),(2042,1972),(2043,1972),(2045,1972),(2046,1972),(2047,1972),(2048,1972),(2049,1972),(2051,1972),(2052,1972),(2053,1972),(2054,1972),(2055,1972),(2057,1972),(2058,1972),(2059,1972),(2060,1972),(2061,1972),(2063,1972),(2064,1972),(2065,1972),(2066,1972),(2067,1972),(2069,1972),(2070,1972),(2071,1972),(2072,1972),(2073,1972),(2075,1972),(2076,1972),(2077,1972),(2078,1972),(2079,1972),(2081,1972),(2083,1972),(2084,1972),(2085,1972),(2086,1972),(2087,1972),(2089,1972),(2090,1972),(2091,1972),(2092,1972),(2093,1972),(2095,1972),(2096,1972),(2097,1972),(2098,1972),(2099,1972),(2101,1972),(2102,1972),(2103,1972),(2104,1972),(2105,1972),(2107,1972),(2108,1972),(2109,1972),(2110,1972),(2111,1972),(2113,1972),(2115,1972),(2116,1972),(2117,1972),(2118,1972),(2119,1972),(2121,1972),(2122,1972),(2123,1972),(2124,1972),(2125,1972),(2127,1972),(2129,1972),(2130,1972),(2131,1972),(2132,1972),(2133,1972),(2135,1972),(2136,1972),(2137,1972),(2138,1972),(2139,1972),(2141,1972),(2143,1972),(2144,1972),(2145,1972),(2146,1972),(2147,1972),(2149,1972),(2150,1972),(2151,1972),(2152,1972),(2153,1972),(2155,1972),(2157,1972),(2158,1972),(2159,1972),(2160,1972),(2161,1972),(2163,1972),(2164,1972),(2165,1972),(2166,1972),(2167,1972),(2169,1972),(2170,1972),(2171,1972),(2172,1972),(2173,1972),(2175,1972),(2176,1972),(2177,1972),(2178,1972),(2179,1972),(2181,1972),(2182,1972),(2183,1972),(2184,1972),(2185,1972),(2187,1972),(2188,1972),(2189,1972),(2190,1972),(2191,1972),(2193,1972),(2194,1972),(2195,1972),(2196,1972),(2197,1972),(2199,1972),(2201,1972),(2202,1972),(2203,1972),(2204,1972),(2205,1972),(2207,1972),(2208,1972),(2209,1972),(2210,1972),(2211,1972),(2213,1972),(2214,1972),(2215,1972),(2216,1972),(2217,1972),(2219,1972),(2220,1972),(2221,1972),(2222,1972),(2223,1972),(2225,1972),(2226,1972),(2227,1972),(2228,1972),(2229,1972),(2231,1972),(2232,1972),(2233,1972),(2234,1972),(2235,1972),(2237,1972),(2239,1972),(2240,1972),(2241,1972),(2242,1972),(2243,1972),(2245,1972),(2246,1972),(2247,1972),(2248,1972),(2249,1972),(2251,1972),(2252,1972),(2253,1972),(2254,1972),(2255,1972),(2257,1972),(2258,1972),(2259,1972),(2260,1972),(2261,1972),(2266,2265),(2268,2265),(2269,2265),(2270,2265),(2271,2265),(2272,2265),(2274,2265),(2275,2265),(2276,2265),(2277,2265),(2278,2265),(2280,2265),(2281,2265),(2282,2265),(2283,2265),(2284,2265),(2286,2265),(2287,2265),(2288,2265),(2289,2265),(2290,2265),(2292,2265),(2294,2265),(2295,2265),(2296,2265),(2297,2265),(2298,2265),(2300,2265),(2302,2265),(2303,2265),(2304,2265),(2305,2265),(2306,2265),(2308,2265),(2309,2265),(2310,2265),(2311,2265),(2312,2265),(2314,2265),(2315,2265),(2316,2265),(2317,2265),(2318,2265),(2320,2265),(2321,2265),(2322,2265),(2323,2265),(2324,2265),(2326,2265),(2327,2265),(2328,2265),(2329,2265),(2330,2265),(2332,2265),(2333,2265),(2334,2265),(2335,2265),(2336,2265),(2338,2265),(2339,2265),(2340,2265),(2341,2265),(2342,2265),(2344,2265),(2345,2265),(2346,2265),(2347,2265),(2348,2265),(2350,2265),(2352,2265),(2353,2265),(2354,2265),(2355,2265),(2356,2265),(2358,2265),(2359,2265),(2360,2265),(2361,2265),(2362,2265),(2364,2265),(2365,2265),(2366,2265),(2367,2265),(2368,2265),(2370,2265),(2371,2265),(2372,2265),(2373,2265),(2374,2265),(2376,2265),(2377,2265),(2378,2265),(2379,2265),(2380,2265),(2382,2265),(2383,2265),(2384,2265),(2385,2265),(2386,2265),(2388,2265),(2389,2265),(2390,2265),(2391,2265),(2392,2265),(2394,2265),(2395,2265),(2396,2265),(2397,2265),(2398,2265),(2400,2265),(2402,2265),(2403,2265),(2404,2265),(2405,2265),(2406,2265),(2408,2265),(2409,2265),(2410,2265),(2411,2265),(2412,2265),(2414,2265),(2415,2265),(2416,2265),(2417,2265),(2418,2265),(2420,2265),(2421,2265),(2422,2265),(2423,2265),(2424,2265),(2426,2265),(2427,2265),(2428,2265),(2429,2265),(2430,2265),(2432,2265),(2433,2265),(2434,2265),(2435,2265),(2436,2265),(2438,2265),(2439,2265),(2440,2265),(2441,2265),(2442,2265),(2444,2265),(2445,2265),(2446,2265),(2447,2265),(2448,2265),(2450,2265),(2451,2265),(2452,2265),(2453,2265),(2454,2265),(2456,2265),(2458,2265),(2459,2265),(2460,2265),(2461,2265),(2462,2265),(2464,2265),(2466,2265),(2467,2265),(2468,2265),(2469,2265),(2470,2265),(2472,2265),(2473,2265),(2474,2265),(2475,2265),(2476,2265),(2478,2265),(2479,2265),(2480,2265),(2481,2265),(2482,2265),(2484,2265),(2485,2265),(2486,2265),(2487,2265),(2488,2265),(2490,2265),(2491,2265),(2492,2265),(2493,2265),(2494,2265),(2496,2265),(2498,2265),(2499,2265),(2500,2265),(2501,2265),(2502,2265),(2504,2265),(2505,2265),(2506,2265),(2507,2265),(2508,2265),(2510,2265),(2511,2265),(2512,2265),(2513,2265),(2514,2265),(2516,2265),(2517,2265),(2518,2265),(2519,2265),(2520,2265),(2522,2265),(2523,2265),(2524,2265),(2525,2265),(2526,2265),(2528,2265),(2530,2265),(2531,2265),(2532,2265),(2533,2265),(2534,2265),(2536,2265),(2538,2265),(2539,2265),(2540,2265),(2541,2265),(2542,2265),(2543,2265),(2545,2265),(2546,2265),(2547,2265),(2548,2265),(2549,2265),(2551,2265),(2552,2265),(2553,2265),(2554,2265),(2555,2265),(2557,2265),(2558,2265),(2559,2265),(2560,2265),(2561,2265),(2563,2265),(2564,2265),(2565,2265),(2566,2265),(2567,2265),(2569,2265),(2570,2265),(2571,2265),(2572,2265),(2573,2265),(2575,2265),(2576,2265),(2577,2265),(2578,2265),(2579,2265),(2581,2265),(2583,2265),(2584,2265),(2585,2265),(2586,2265),(2587,2265),(2589,2265),(2590,2265),(2591,2265),(2592,2265),(2593,2265),(2595,2265),(2596,2265),(2597,2265),(2598,2265),(2599,2265),(2601,2265),(2603,2265),(2604,2265),(2605,2265),(2606,2265),(2607,2265),(2609,2265),(2610,2265),(2611,2265),(2612,2265),(2613,2265),(2615,2265),(2616,2265),(2617,2265),(2618,2265),(2619,2265),(2621,2265),(2622,2265),(2623,2265),(2624,2265),(2625,2265),(2627,2265),(2628,2265),(2629,2265),(2630,2265),(2631,2265),(2633,2265),(2634,2265),(2635,2265),(2636,2265),(2637,2265),(2639,2265),(2641,2265),(2642,2265),(2643,2265),(2644,2265),(2645,2265),(2647,2265),(2648,2265),(2649,2265),(2650,2265),(2651,2265),(2653,2265),(2654,2265),(2655,2265),(2656,2265),(2657,2265),(2659,2265),(2660,2265),(2661,2265),(2662,2265),(2663,2265),(2665,2265),(2666,2265),(2667,2265),(2668,2265),(2669,2265),(2671,2265),(2672,2265),(2673,2265),(2674,2265),(2675,2265),(2677,2265),(2678,2265),(2679,2265),(2680,2265),(2681,2265),(2683,2265),(2684,2265),(2685,2265),(2686,2265),(2687,2265),(2689,2265),(2690,2265),(2691,2265),(2692,2265),(2693,2265),(2695,2265),(2697,2265),(2698,2265),(2699,2265),(2700,2265),(2701,2265),(2703,2265),(2704,2265),(2705,2265),(2706,2265),(2707,2265),(2709,2265),(2710,2265),(2711,2265),(2712,2265),(2713,2265),(2715,2265),(2716,2265),(2717,2265),(2718,2265),(2719,2265),(2721,2265),(2722,2265),(2723,2265),(2724,2265),(2725,2265),(2727,2265),(2728,2265),(2729,2265),(2730,2265),(2731,2265),(2733,2265),(2734,2265),(2735,2265),(2736,2265),(2737,2265),(2739,2265),(2740,2265),(2741,2265),(2742,2265),(2743,2265),(2745,2265),(2747,2265),(2748,2265),(2749,2265),(2750,2265),(2751,2265),(2753,2265),(2754,2265),(2755,2265),(2756,2265),(2757,2265),(2759,2265),(2760,2265),(2761,2265),(2762,2265),(2763,2265),(2765,2265),(2766,2265),(2767,2265),(2768,2265),(2769,2265),(2771,2265),(2772,2265),(2773,2265),(2774,2265),(2775,2265),(2777,2265),(2778,2265),(2779,2265),(2780,2265),(2781,2265),(2783,2265),(2785,2265),(2786,2265),(2787,2265),(2788,2265),(2789,2265),(2791,2265),(2792,2265),(2793,2265),(2794,2265),(2795,2265),(2797,2265),(2798,2265),(2799,2265),(2800,2265),(2801,2265),(2805,2804),(2807,2804),(2808,2804),(2809,2804),(2810,2804),(2811,2804),(2813,2804),(2814,2804),(2815,2804),(2816,2804),(2817,2804),(2819,2804),(2820,2804),(2821,2804),(2822,2804),(2823,2804),(2825,2804),(2826,2804),(2827,2804),(2828,2804),(2829,2804),(2831,2804),(2832,2804),(2833,2804),(2834,2804),(2835,2804),(2837,2804),(2839,2804),(2840,2804),(2841,2804),(2842,2804),(2843,2804),(2845,2804),(2846,2804),(2847,2804),(2848,2804),(2849,2804),(2851,2804),(2853,2804),(2854,2804),(2855,2804),(2856,2804),(2857,2804),(2859,2804),(2860,2804),(2861,2804),(2862,2804),(2863,2804),(2865,2804),(2866,2804),(2867,2804),(2868,2804),(2869,2804),(2871,2804),(2873,2804),(2874,2804),(2875,2804),(2876,2804),(2877,2804),(2879,2804),(2880,2804),(2881,2804),(2882,2804),(2883,2804),(2885,2804),(2886,2804),(2887,2804),(2888,2804),(2889,2804),(2891,2804),(2893,2804),(2894,2804),(2895,2804),(2896,2804),(2897,2804),(2899,2804),(2900,2804),(2901,2804),(2902,2804),(2903,2804),(2905,2804),(2906,2804),(2907,2804),(2908,2804),(2909,2804),(2911,2804),(2912,2804),(2913,2804),(2914,2804),(2915,2804),(2917,2804),(2918,2804),(2919,2804),(2920,2804),(2921,2804),(2923,2804),(2924,2804),(2925,2804),(2926,2804),(2927,2804),(2929,2804),(2930,2804),(2931,2804),(2932,2804),(2933,2804),(2935,2804),(2937,2804),(2938,2804),(2939,2804),(2940,2804),(2941,2804),(2943,2804),(2944,2804),(2945,2804),(2946,2804),(2947,2804),(2949,2804),(2951,2804),(2952,2804),(2953,2804),(2954,2804),(2955,2804),(2957,2804),(2959,2804),(2960,2804),(2961,2804),(2962,2804),(2963,2804),(2965,2804),(2966,2804),(2967,2804),(2968,2804),(2969,2804),(2971,2804),(2972,2804),(2973,2804),(2974,2804),(2975,2804),(2977,2804),(2978,2804),(2979,2804),(2980,2804),(2981,2804),(2983,2804),(2984,2804),(2985,2804),(2986,2804),(2987,2804),(2989,2804),(2990,2804),(2991,2804),(2992,2804),(2993,2804),(2995,2804),(2997,2804),(2998,2804),(2999,2804),(3000,2804),(3001,2804),(3003,2804),(3004,2804),(3005,2804),(3006,2804),(3007,2804),(3009,2804),(3010,2804),(3011,2804),(3012,2804),(3013,2804),(3015,2804),(3016,2804),(3017,2804),(3018,2804),(3019,2804),(3021,2804),(3022,2804),(3023,2804),(3024,2804),(3025,2804),(3027,2804),(3028,2804),(3029,2804),(3030,2804),(3031,2804),(3033,2804),(3035,2804),(3036,2804),(3037,2804),(3038,2804),(3039,2804),(3041,2804),(3042,2804),(3043,2804),(3044,2804),(3045,2804),(3047,2804),(3048,2804),(3049,2804),(3050,2804),(3051,2804),(3053,2804),(3054,2804),(3055,2804),(3056,2804),(3057,2804),(3059,2804),(3060,2804),(3061,2804),(3062,2804),(3063,2804),(3065,2804),(3066,2804),(3067,2804),(3068,2804),(3069,2804),(3071,2804),(3072,2804),(3073,2804),(3074,2804),(3075,2804),(3077,2804),(3078,2804),(3079,2804),(3080,2804),(3081,2804),(3083,2804),(3085,2804),(3086,2804),(3087,2804),(3088,2804),(3089,2804),(3091,2804),(3092,2804),(3093,2804),(3094,2804),(3095,2804),(3097,2804),(3098,2804),(3099,2804),(3100,2804),(3101,2804),(3103,2804),(3104,2804),(3105,2804),(3106,2804),(3107,2804),(3109,2804),(3110,2804),(3111,2804),(3112,2804),(3113,2804),(3114,2804),(3116,2804),(3117,2804),(3118,2804),(3119,2804),(3120,2804),(3122,2804),(3123,2804),(3124,2804),(3125,2804),(3126,2804),(3128,2804),(3129,2804),(3130,2804),(3131,2804),(3132,2804),(3134,2804),(3135,2804),(3136,2804),(3137,2804),(3138,2804);
/*!40000 ALTER TABLE `TrackElement` ENABLE KEYS */;
UNLOCK TABLES;
DROP TABLE IF EXISTS `connectsTo`;
/*!40101 SET @saved_cs_client     = @@character_set_client */;
/*!40101 SET character_set_client = utf8 */;
CREATE TABLE `connectsTo` (
  `TrackElement1_id` int(11) NOT NULL,
  `TrackElement2_id` int(11) NOT NULL,
  PRIMARY KEY (`TrackElement1_id`,`TrackElement2_id`),
  KEY `connectsTo_idx1` (`TrackElement1_id`),
  KEY `connectsTo_idx2` (`TrackElement2_id`)
) ENGINE=MEMORY DEFAULT CHARSET=utf8;
/*!40101 SET character_set_client = @saved_cs_client */;

LOCK TABLES `connectsTo` WRITE;
/*!40000 ALTER TABLE `connectsTo` DISABLE KEYS */;
INSERT INTO `connectsTo` VALUES (5,7),(7,8),(8,9),(9,10),(10,11),(11,13),(13,14),(14,15),(15,16),(16,17),(17,19),(19,20),(20,21),(21,22),(22,23),(28,30),(30,31),(31,32),(32,33),(33,34),(34,36),(36,37),(37,38),(38,39),(39,40),(40,42),(42,44),(44,45),(45,46),(46,47),(47,48),(48,50),(50,51),(51,52),(52,53),(53,54),(54,56),(56,57),(57,58),(58,59),(59,60),(60,62),(62,63),(63,64),(64,65),(65,66),(66,68),(68,69),(69,70),(70,71),(71,72),(72,74),(74,75),(75,76),(76,77),(77,78),(78,80),(80,81),(81,82),(82,83),(83,84),(84,86),(86,87),(87,88),(88,89),(89,90),(90,92),(92,93),(93,94),(94,95),(95,96),(96,98),(98,100),(100,101),(101,102),(102,103),(103,104),(104,106),(106,107),(107,108),(108,109),(109,110),(110,112),(112,113),(113,114),(114,115),(115,116),(116,118),(118,120),(120,121),(121,122),(122,123),(123,124),(23,28),(129,131),(131,132),(132,133),(133,134),(134,135),(135,137),(137,138),(138,139),(139,140),(140,141),(141,143),(143,144),(144,145),(145,146),(146,147),(147,149),(149,151),(151,152),(152,153),(153,154),(154,155),(155,157),(157,158),(158,159),(159,160),(160,161),(161,163),(163,164),(164,165),(165,166),(166,167),(167,169),(169,170),(170,171),(171,172),(172,173),(173,175),(175,176),(176,177),(177,178),(178,179),(179,181),(181,182),(182,183),(183,184),(184,185),(185,187),(187,189),(189,190),(190,191),(191,192),(192,193),(193,195),(195,196),(196,197),(197,198),(198,199),(199,201),(201,202),(202,203),(203,204),(204,205),(205,207),(207,208),(208,209),(209,210),(210,211),(211,213),(214,215),(215,216),(216,217),(217,219),(219,220),(220,221),(221,222),(222,223),(223,225),(225,226),(226,227),(227,228),(228,229),(229,231),(231,232),(232,233),(233,234),(234,235),(235,237),(237,238),(238,239),(239,240),(240,241),(241,243),(243,245),(245,246),(246,247),(247,248),(248,249),(249,251),(251,252),(252,253),(253,254),(254,255),(255,257),(257,258),(258,259),(259,260),(260,261),(261,263),(263,264),(264,265),(265,266),(266,267),(267,269),(269,271),(271,272),(272,273),(273,274),(274,275),(275,277),(277,278),(278,279),(279,280),(280,281),(281,283),(283,284),(284,285),(285,286),(286,287),(287,289),(289,290),(290,291),(291,292),(292,293),(293,295),(295,296),(296,297),(297,298),(298,299),(299,301),(301,302),(302,303),(303,304),(304,305),(305,307),(307,308),(308,309),(309,310),(311,313),(313,314),(314,315),(315,316),(316,317),(317,319),(319,321),(321,322),(322,323),(323,324),(324,325),(325,326),(326,328),(329,330),(330,331),(331,332),(332,334),(334,335),(335,336),(337,338),(338,340),(340,341),(341,342),(342,343),(343,344),(344,346),(346,348),(348,349),(349,350),(350,351),(351,352),(352,354),(354,356),(356,357),(357,358),(358,359),(359,360),(360,362),(362,363),(363,364),(364,365),(366,368),(368,369),(369,370),(370,371),(371,372),(372,374),(374,376),(376,377),(377,378),(378,379),(379,380),(380,382),(382,383),(383,384),(384,385),(385,386),(386,388),(388,389),(389,390),(390,391),(391,392),(392,394),(394,395),(395,396),(396,397),(397,398),(398,400),(400,401),(401,402),(402,403),(403,404),(404,406),(406,408),(408,409),(409,410),(410,411),(411,412),(412,414),(414,415),(415,416),(416,417),(417,418),(421,422),(422,423),(423,424),(424,426),(426,427),(427,428),(428,429),(429,430),(430,432),(432,433),(433,434),(434,435),(435,436),(436,438),(438,439),(439,440),(440,441),(441,442),(442,444),(444,446),(446,447),(447,448),(448,449),(449,450),(450,452),(452,453),(453,454),(454,455),(455,456),(456,458),(458,459),(459,460),(460,461),(461,462),(462,464),(464,465),(465,466),(466,467),(467,468),(468,470),(470,472),(472,473),(473,474),(474,475),(475,476),(476,478),(478,479),(479,480),(480,481),(481,482),(482,484),(484,485),(485,486),(486,487),(487,488),(488,490),(490,492),(492,493),(493,494),(494,495),(495,496),(496,498),(498,500),(500,501),(501,502),(502,503),(503,504),(504,506),(506,507),(507,508),(508,509),(509,510),(510,512),(512,513),(513,514),(514,515),(515,516),(516,518),(518,519),(519,520),(520,521),(521,522),(522,524),(524,525),(525,526),(526,527),(527,528),(528,530),(530,531),(531,532),(532,533),(533,534),(534,536),(536,537),(537,538),(538,539),(539,540),(540,542),(542,543),(543,544),(544,545),(545,546),(546,548),(548,549),(549,550),(550,551),(551,552),(552,554),(554,556),(556,557),(557,558),(558,559),(559,560),(560,562),(562,563),(563,564),(564,565),(565,566),(566,568),(568,569),(569,570),(570,571),(571,572),(572,573),(573,575),(575,576),(576,577),(577,578),(578,579),(579,581),(581,582),(582,583),(583,584),(584,585),(585,587),(587,588),(588,589),(589,590),(590,591),(591,593),(593,594),(594,595),(595,596),(596,597),(597,599),(599,600),(600,601),(601,602),(602,603),(603,605),(605,607),(607,608),(608,609),(609,610),(610,611),(611,613),(613,614),(614,615),(615,616),(616,617),(617,619),(619,620),(620,621),(621,622),(622,623),(623,625),(625,626),(626,627),(627,628),(628,629),(629,631),(631,632),(632,633),(633,634),(634,635),(635,637),(637,638),(638,639),(639,640),(640,641),(641,643),(643,645),(645,646),(646,647),(647,648),(648,649),(649,651),(651,652),(652,653),(653,654),(654,655),(655,657),(657,658),(658,659),(659,660),(660,661),(661,663),(663,664),(664,665),(665,666),(666,667),(667,669),(669,670),(670,671),(671,672),(672,673),(673,675),(675,676),(676,677),(677,678),(678,679),(679,680),(680,682),(682,683),(683,684),(684,685),(685,686),(686,688),(688,689),(689,690),(690,691),(691,692),(124,129),(697,699),(699,700),(700,701),(701,702),(702,703),(703,705),(705,706),(706,707),(707,708),(708,709),(709,711),(711,712),(712,713),(713,714),(714,715),(715,717),(717,718),(718,719),(719,720),(720,721),(721,723),(723,724),(724,725),(725,726),(726,727),(727,729),(729,730),(730,731),(731,732),(732,733),(733,735),(735,736),(736,737),(737,738),(738,739),(739,741),(741,742),(742,743),(743,744),(744,745),(745,747),(747,748),(748,749),(749,750),(750,751),(751,753),(753,755),(755,756),(756,757),(757,758),(758,759),(759,761),(761,762),(762,763),(763,764),(764,765),(765,767),(767,768),(768,769),(769,770),(770,771),(771,773),(773,774),(774,775),(775,776),(776,777),(777,779),(779,780),(780,781),(781,782),(782,783),(783,785),(785,786),(786,787),(787,788),(788,789),(789,791),(791,793),(793,794),(794,795),(795,796),(796,797),(797,799),(799,800),(800,801),(801,802),(802,803),(803,805),(805,806),(806,807),(807,808),(808,809),(809,811),(811,813),(813,814),(814,815),(815,816),(816,817),(817,819),(819,820),(820,821),(821,822),(822,823),(823,825),(825,826),(826,827),(827,828),(828,829),(692,697),(834,836),(836,837),(837,838),(838,839),(839,840),(840,842),(842,843),(843,844),(844,845),(845,846),(846,848),(848,849),(849,850),(850,851),(851,852),(852,854),(854,855),(855,856),(856,857),(857,858),(858,860),(860,861),(861,862),(862,863),(863,864),(864,866),(866,867),(867,868),(868,869),(869,870),(870,872),(872,874),(874,875),(875,876),(876,877),(877,878),(878,880),(880,881),(881,882),(882,883),(883,884),(884,886),(886,887),(887,888),(888,889),(889,890),(890,892),(892,893),(893,894),(894,895),(895,896),(896,898),(898,899),(899,900),(900,901),(901,902),(902,904),(904,905),(905,906),(906,907),(907,908),(908,910),(910,912),(912,913),(913,914),(914,915),(915,916),(916,918),(918,919),(919,920),(920,921),(921,922),(922,924),(924,925),(925,926),(926,927),(927,928),(928,930),(930,931),(931,932),(932,933),(933,934),(934,935),(935,937),(937,938),(938,939),(939,940),(940,941),(941,943),(943,944),(944,945),(945,946),(946,947),(947,949),(949,950),(950,951),(951,952),(952,953),(953,955),(955,956),(956,957),(957,958),(958,959),(959,961),(961,963),(963,964),(964,965),(965,966),(966,967),(967,969),(969,970),(970,971),(971,972),(972,973),(973,975),(975,976),(976,977),(977,978),(978,979),(979,981),(981,982),(982,983),(983,984),(984,985),(985,987),(987,988),(988,989),(989,990),(990,991),(991,993),(993,994),(994,995),(995,996),(996,997),(997,999),(999,1000),(1000,1001),(1001,1002),(1002,1003),(1003,1005),(1005,1006),(1006,1007),(1007,1008),(1008,1009),(1009,1011),(1011,1013),(1013,1014),(1014,1015),(1015,1016),(1016,1017),(1017,1019),(1019,1020),(1020,1021),(1021,1022),(1022,1023),(1023,1025),(1025,1026),(1026,1027),(1027,1028),(1028,1029),(1029,1031),(1031,1032),(1032,1033),(1033,1034),(1034,1035),(1035,1037),(1037,1038),(1038,1039),(1039,1040),(1040,1041),(1041,1043),(1043,1044),(1044,1045),(1045,1046),(1046,1047),(1047,1049),(1049,1050),(1050,1051),(1051,1052),(1052,1053),(1053,1055),(1055,1057),(1057,1058),(1058,1059),(1059,1060),(1060,1061),(1061,1063),(1063,1064),(1064,1065),(1065,1066),(1066,1067),(1067,1069),(1069,1070),(1070,1071),(1071,1072),(1072,1073),(1073,1075),(1075,1076),(1076,1077),(1077,1078),(1078,1079),(1079,1081),(1081,1082),(1082,1083),(1083,1084),(1084,1085),(1085,1087),(1087,1088),(1088,1089),(1089,1090),(1090,1091),(1091,1093),(1093,1095),(1095,1096),(1096,1097),(1097,1098),(1098,1099),(1099,1101),(1101,1102),(1102,1103),(1103,1104),(1104,1105),(1105,1107),(1107,1108),(1108,1109),(1109,1110),(1110,1111),(1111,1113),(1113,1115),(1115,1116),(1116,1117),(1117,1118),(1118,1119),(1119,1121),(1121,1122),(1122,1123),(1123,1124),(1124,1125),(1125,1127),(1127,1128),(1128,1129),(1129,1130),(1130,1131),(1131,1133),(1133,1134),(1134,1135),(1135,1136),(1136,1137),(1137,1139),(1139,1141),(1141,1142),(1142,1143),(1143,1144),(1144,1145),(1145,1147),(1147,1148),(1148,1149),(1149,1150),(1150,1151),(1151,1153),(1153,1154),(1154,1155),(1155,1156),(1156,1157),(1157,1159),(1159,1160),(1160,1161),(1161,1162),(1162,1163),(1163,1165),(1165,1166),(1166,1167),(1167,1168),(1168,1169),(1169,1171),(1171,1172),(1172,1173),(1173,1174),(1174,1175),(1175,1177),(1177,1178),(1178,1179),(1179,1180),(1180,1181),(1181,1183),(1183,1184),(1184,1185),(1185,1186),(1186,1187),(1187,1189),(1189,1190),(1190,1191),(1191,1192),(1192,1193),(1193,1195),(1195,1197),(1197,1198),(1198,1199),(1199,1200),(1200,1201),(1201,1203),(1203,1204),(1204,1205),(1205,1206),(1206,1207),(1207,1209),(1209,1210),(1210,1211),(1211,1212),(1212,1213),(1213,1215),(1215,1216),(1216,1217),(1217,1218),(1218,1219),(1219,1221),(1221,1222),(1222,1223),(1223,1224),(1224,1225),(829,834),(1230,1232),(1232,1233),(1233,1234),(1234,1235),(1235,1236),(1236,1238),(1238,1240),(1240,1241),(1241,1242),(1242,1243),(1243,1244),(1244,1245),(1225,1230),(1250,1252),(1252,1253),(1253,1254),(1254,1255),(1255,1256),(1256,1258),(1258,1259),(1259,1260),(1260,1261),(1261,1262),(1262,1264),(1264,1265),(1265,1266),(1266,1267),(1267,1268),(1268,1270),(1270,1271),(1271,1272),(1272,1273),(1273,1274),(1274,1276),(1276,1277),(1277,1278),(1278,1279),(1279,1280),(1280,1282),(1282,1283),(1283,1284),(1284,1285),(1285,1286),(1286,1288),(1288,1289),(1289,1290),(1290,1291),(1291,1292),(1292,1294),(1294,1295),(1295,1296),(1296,1297),(1297,1298),(1298,1300),(1300,1301),(1301,1302),(1302,1303),(1303,1304),(1304,1306),(1306,1308),(1308,1309),(1309,1310),(1310,1311),(1311,1312),(1312,1314),(1314,1315),(1315,1316),(1316,1317),(1317,1318),(1318,1320),(1320,1321),(1321,1322),(1322,1323),(1323,1324),(1324,1326),(1326,1328),(1328,1329),(1329,1330),(1330,1331),(1331,1332),(1332,1334),(1334,1335),(1335,1336),(1336,1337),(1337,1338),(1338,1340),(1340,1341),(1341,1342),(1342,1343),(1343,1344),(1344,1346),(1346,1347),(1347,1348),(1348,1349),(1349,1350),(1350,1352),(1352,1353),(1353,1354),(1354,1355),(1355,1356),(1356,1358),(1358,1359),(1359,1360),(1360,1361),(1361,1362),(1362,1364),(1364,1365),(1365,1366),(1366,1367),(1367,1368),(1368,1370),(1370,1371),(1371,1372),(1372,1373),(1373,1374),(1374,1376),(1376,1377),(1377,1378),(1378,1379),(1379,1380),(1380,1382),(1382,1384),(1384,1385),(1385,1386),(1386,1387),(1387,1388),(1388,1390),(1390,1391),(1391,1392),(1392,1393),(1393,1394),(1394,1396),(1396,1397),(1397,1398),(1398,1399),(1399,1400),(1400,1402),(1402,1403),(1403,1404),(1404,1405),(1405,1406),(1406,1408),(1408,1410),(1410,1411),(1411,1412),(1412,1413),(1413,1414),(1414,1416),(1416,1417),(1417,1418),(1418,1419),(1419,1420),(1420,1422),(1422,1423),(1423,1424),(1424,1425),(1425,1426),(1426,1428),(1428,1429),(1429,1430),(1430,1431),(1431,1432),(1432,1434),(1434,1435),(1435,1436),(1436,1437),(1437,1438),(1438,1440),(1440,1441),(1441,1442),(1442,1443),(1443,1444),(1444,1446),(1446,1447),(1447,1448),(1448,1449),(1449,1450),(1450,1452),(1452,1454),(1454,1455),(1455,1456),(1456,1457),(1457,1458),(1458,1460),(1460,1461),(1461,1462),(1462,1463),(1463,1464),(1464,1466),(1466,1467),(1467,1468),(1468,1469),(1469,1470),(1470,1472),(1472,1473),(1473,1474),(1474,1475),(1475,1476),(1476,1477),(1477,1479),(1479,1480),(1480,1481),(1481,1482),(1482,1483),(1483,1485),(1485,1487),(1487,1488),(1488,1489),(1489,1490),(1490,1491),(1491,1493),(1493,1494),(1494,1495),(1495,1496),(1496,1497),(1497,1499),(1499,1500),(1500,1501),(1501,1502),(1502,1503),(1503,1505),(1505,1506),(1506,1507),(1507,1508),(1508,1509),(1509,1511),(1511,1512),(1512,1513),(1513,1514),(1514,1515),(1515,1517),(1517,1518),(1518,1519),(1519,1520),(1520,1521),(1521,1523),(1523,1524),(1524,1525),(1525,1526),(1526,1527),(1527,1529),(1529,1530),(1530,1531),(1531,1532),(1532,1533),(1533,1535),(1535,1536),(1536,1537),(1537,1538),(1538,1539),(1539,1541),(1541,1543),(1543,1544),(1544,1545),(1545,1546),(1546,1547),(1547,1549),(1549,1550),(1550,1551),(1551,1552),(1552,1553),(1553,1555),(1555,1556),(1556,1557),(1557,1558),(1558,1559),(1559,1561),(1561,1562),(1562,1563),(1563,1564),(1564,1565),(1565,1567),(1567,1568),(1568,1569),(1569,1570),(1570,1571),(1571,1572),(1572,1574),(1574,1576),(1576,1577),(1577,1578),(1578,1579),(1579,1580),(1580,1582),(1582,1583),(1583,1584),(1584,1585),(1585,1586),(1586,1588),(1588,1589),(1589,1590),(1590,1591),(1591,1592),(1592,1594),(1594,1595),(1595,1596),(1596,1597),(1597,1598),(1598,1600),(1600,1601),(1601,1602),(1602,1603),(1603,1604),(1604,1606),(1606,1607),(1607,1608),(1608,1609),(1609,1610),(1610,1612),(1612,1613),(1613,1614),(1614,1615),(1615,1616),(1616,1618),(1618,1619),(1619,1620),(1620,1621),(1621,1622),(1622,1624),(1624,1626),(1626,1627),(1627,1628),(1628,1629),(1629,1630),(1630,1632),(1632,1633),(1633,1634),(1634,1635),(1635,1636),(1636,1638),(1638,1639),(1639,1640),(1640,1641),(1641,1642),(1642,1644),(1644,1645),(1645,1646),(1646,1647),(1647,1648),(1648,1650),(1650,1651),(1651,1652),(1652,1653),(1653,1654),(1654,1656),(1656,1657),(1657,1658),(1658,1659),(1659,1660),(1660,1662),(1662,1664),(1664,1665),(1665,1666),(1666,1667),(1667,1668),(1668,1670),(1670,1672),(1672,1673),(1673,1674),(1674,1675),(1675,1676),(1676,1678),(1678,1679),(1679,1680),(1680,1681),(1681,1682),(1682,1684),(1684,1686),(1686,1687),(1687,1688),(1688,1689),(1689,1690),(1690,1692),(1692,1693),(1693,1694),(1694,1695),(1695,1696),(1696,1698),(1698,1699),(1699,1700),(1700,1701),(1701,1702),(1702,1704),(1704,1705),(1705,1706),(1706,1707),(1707,1708),(1708,1710),(1710,1711),(1711,1712),(1712,1713),(1713,1714),(1714,1716),(1716,1717),(1717,1718),(1718,1719),(1719,1720),(1720,1722),(1722,1724),(1724,1725),(1725,1726),(1726,1727),(1727,1728),(1728,1730),(1730,1731),(1731,1732),(1732,1733),(1733,1734),(1734,1736),(1736,1737),(1737,1738),(1738,1739),(1739,1740),(1740,1742),(1742,1743),(1743,1744),(1744,1745),(1745,1746),(1746,1748),(1748,1749),(1749,1750),(1750,1751),(1751,1752),(1752,1754),(1754,1755),(1755,1756),(1756,1757),(1757,1758),(1758,1760),(1760,1761),(1761,1762),(1762,1763),(1763,1764),(1764,1766),(1766,1767),(1767,1768),(1768,1769),(1769,1770),(1770,1772),(1772,1773),(1773,1774),(1774,1775),(1775,1776),(1776,1778),(1778,1780),(1780,1781),(1781,1782),(1782,1783),(1783,1784),(1784,1786),(1786,1787),(1787,1788),(1788,1789),(1789,1790),(1790,1792),(1792,1793),(1793,1794),(1794,1795),(1795,1796),(1796,1798),(1798,1799),(1799,1800),(1800,1801),(1801,1802),(1802,1804),(1804,1805),(1805,1806),(1806,1807),(1807,1808),(1808,1810),(1810,1811),(1811,1812),(1812,1813),(1813,1814),(1814,1815),(1815,1817),(1817,1818),(1818,1819),(1819,1820),(1820,1821),(1821,1823),(1823,1824),(1824,1825),(1825,1826),(1826,1827),(1827,1829),(1829,1831),(1831,1832),(1832,1833),(1833,1834),(1834,1835),(1835,1836),(1836,1838),(1838,1839),(1839,1840),(1840,1841),(1841,1842),(1842,1844),(1844,1845),(1845,1846),(1846,1847),(1847,1848),(1848,1850),(1850,1851),(1851,1852),(1852,1853),(1853,1854),(1854,1856),(1856,1858),(1858,1859),(1859,1860),(1860,1861),(1861,1862),(1862,1864),(1864,1865),(1865,1866),(1866,1867),(1867,1868),(1868,1870),(1870,1871),(1871,1872),(1872,1873),(1873,1874),(1874,1876),(1876,1877),(1877,1878),(1878,1879),(1879,1880),(1880,1882),(1882,1883),(1883,1884),(1884,1885),(1885,1886),(1886,1888),(1888,1889),(1889,1890),(1890,1891),(1891,1892),(1892,1894),(1894,1895),(1895,1896),(1896,1897),(1897,1898),(1898,1900),(1900,1901),(1901,1902),(1902,1903),(1903,1904),(1904,1906),(1906,1907),(1907,1908),(1908,1909),(1909,1910),(1910,1912),(1912,1914),(1914,1915),(1915,1916),(1916,1917),(1917,1918),(1918,1920),(1920,1921),(1921,1922),(1922,1923),(1923,1924),(1924,1926),(1926,1927),(1927,1928),(1928,1929),(1929,1930),(1930,1932),(1932,1933),(1933,1934),(1934,1935),(1935,1936),(1936,1938),(1938,1940),(1940,1941),(1941,1942),(1942,1943),(1943,1944),(1944,1946),(1946,1947),(1947,1948),(1948,1949),(1949,1950),(1950,1952),(1952,1953),(1953,1954),(1954,1955),(1955,1956),(1956,1958),(1958,1959),(1959,1960),(1960,1961),(1961,1962),(1962,1964),(1964,1965),(1965,1966),(1966,1967),(1967,1968),(1245,1250),(1973,1975),(1975,1976),(1976,1977),(1977,1978),(1978,1979),(1979,1981),(1981,1982),(1982,1983),(1983,1984),(1984,1985),(1985,1987),(1987,1988),(1988,1989),(1989,1990),(1990,1991),(1991,1993),(1993,1995),(1995,1996),(1996,1997),(1997,1998),(1998,1999),(1999,2001),(2001,2002),(2002,2003),(2003,2004),(2004,2005),(2005,2007),(2007,2008),(2008,2009),(2009,2010),(2010,2011),(2011,2013),(2013,2014),(2014,2015),(2015,2016),(2016,2017),(2017,2019),(2019,2020),(2020,2021),(2021,2022),(2022,2023),(2023,2025),(2025,2026),(2026,2027),(2027,2028),(2028,2029),(2029,2031),(2031,2032),(2032,2033),(2033,2034),(2034,2035),(2035,2037),(2037,2039),(2039,2040),(2040,2041),(2041,2042),(2042,2043),(2043,2045),(2045,2046),(2046,2047),(2047,2048),(2048,2049),(2049,2051),(2051,2052),(2052,2053),(2053,2054),(2054,2055),(2055,2057),(2057,2058),(2058,2059),(2059,2060),(2060,2061),(2061,2063),(2063,2064),(2064,2065),(2065,2066),(2066,2067),(2067,2069),(2069,2070),(2070,2071),(2071,2072),(2072,2073),(2073,2075),(2075,2076),(2076,2077),(2077,2078),(2078,2079),(2079,2081),(2081,2083),(2083,2084),(2084,2085),(2085,2086),(2086,2087),(2087,2089),(2089,2090),(2090,2091),(2091,2092),(2092,2093),(2093,2095),(2095,2096),(2096,2097),(2097,2098),(2098,2099),(2099,2101),(2101,2102),(2102,2103),(2103,2104),(2104,2105),(2105,2107),(2107,2108),(2108,2109),(2109,2110),(2110,2111),(2111,2113),(2113,2115),(2115,2116),(2116,2117),(2117,2118),(2118,2119),(2119,2121),(2121,2122),(2122,2123),(2123,2124),(2124,2125),(2125,2127),(2127,2129),(2129,2130),(2130,2131),(2131,2132),(2132,2133),(2133,2135),(2135,2136),(2136,2137),(2137,2138),(2138,2139),(2139,2141),(2141,2143),(2143,2144),(2144,2145),(2145,2146),(2146,2147),(2147,2149),(2149,2150),(2150,2151),(2151,2152),(2152,2153),(2153,2155),(2155,2157),(2157,2158),(2158,2159),(2159,2160),(2160,2161),(2161,2163),(2163,2164),(2164,2165),(2165,2166),(2166,2167),(2167,2169),(2169,2170),(2170,2171),(2171,2172),(2172,2173),(2173,2175),(2175,2176),(2176,2177),(2177,2178),(2178,2179),(2179,2181),(2181,2182),(2182,2183),(2183,2184),(2184,2185),(2185,2187),(2187,2188),(2188,2189),(2189,2190),(2190,2191),(2191,2193),(2193,2194),(2194,2195),(2195,2196),(2196,2197),(2197,2199),(2199,2201),(2201,2202),(2202,2203),(2203,2204),(2204,2205),(2205,2207),(2207,2208),(2208,2209),(2209,2210),(2210,2211),(2211,2213),(2213,2214),(2214,2215),(2215,2216),(2216,2217),(2217,2219),(2219,2220),(2220,2221),(2221,2222),(2222,2223),(2223,2225),(2225,2226),(2226,2227),(2227,2228),(2228,2229),(2229,2231),(2231,2232),(2232,2233),(2233,2234),(2234,2235),(2235,2237),(2237,2239),(2239,2240),(2240,2241),(2241,2242),(2242,2243),(2243,2245),(2245,2246),(2246,2247),(2247,2248),(2248,2249),(2249,2251),(2251,2252),(2252,2253),(2253,2254),(2254,2255),(2255,2257),(2257,2258),(2258,2259),(2259,2260),(2260,2261),(1968,1973),(2266,2268),(2268,2269),(2269,2270),(2270,2271),(2271,2272),(2272,2274),(2274,2275),(2275,2276),(2276,2277),(2277,2278),(2278,2280),(2280,2281),(2281,2282),(2282,2283),(2283,2284),(2284,2286),(2286,2287),(2287,2288),(2288,2289),(2289,2290),(2290,2292),(2292,2294),(2294,2295),(2295,2296),(2296,2297),(2297,2298),(2298,2300),(2300,2302),(2302,2303),(2303,2304),(2304,2305),(2305,2306),(2306,2308),(2308,2309),(2309,2310),(2310,2311),(2311,2312),(2312,2314),(2314,2315),(2315,2316),(2316,2317),(2317,2318),(2318,2320),(2320,2321),(2321,2322),(2322,2323),(2323,2324),(2324,2326),(2326,2327),(2327,2328),(2328,2329),(2329,2330),(2330,2332),(2332,2333),(2333,2334),(2334,2335),(2335,2336),(2336,2338),(2338,2339),(2339,2340),(2340,2341),(2341,2342),(2342,2344),(2344,2345),(2345,2346),(2346,2347),(2347,2348),(2348,2350),(2350,2352),(2352,2353),(2353,2354),(2354,2355),(2355,2356),(2356,2358),(2358,2359),(2359,2360),(2360,2361),(2361,2362),(2362,2364),(2364,2365),(2365,2366),(2366,2367),(2367,2368),(2368,2370),(2370,2371),(2371,2372),(2372,2373),(2373,2374),(2374,2376),(2376,2377),(2377,2378),(2378,2379),(2379,2380),(2380,2382),(2382,2383),(2383,2384),(2384,2385),(2385,2386),(2386,2388),(2388,2389),(2389,2390),(2390,2391),(2391,2392),(2392,2394),(2394,2395),(2395,2396),(2396,2397),(2397,2398),(2398,2400),(2400,2402),(2402,2403),(2403,2404),(2404,2405),(2405,2406),(2406,2408),(2408,2409),(2409,2410),(2410,2411),(2411,2412),(2412,2414),(2414,2415),(2415,2416),(2416,2417),(2417,2418),(2418,2420),(2420,2421),(2421,2422),(2422,2423),(2423,2424),(2424,2426),(2426,2427),(2427,2428),(2428,2429),(2429,2430),(2430,2432),(2432,2433),(2433,2434),(2434,2435),(2435,2436),(2436,2438),(2438,2439),(2439,2440),(2440,2441),(2441,2442),(2442,2444),(2444,2445),(2445,2446),(2446,2447),(2447,2448),(2448,2450),(2450,2451),(2451,2452),(2452,2453),(2453,2454),(2454,2456),(2456,2458),(2458,2459),(2459,2460),(2460,2461),(2461,2462),(2462,2464),(2464,2466),(2466,2467),(2467,2468),(2468,2469),(2469,2470),(2470,2472),(2472,2473),(2473,2474),(2474,2475),(2475,2476),(2476,2478),(2478,2479),(2479,2480),(2480,2481),(2481,2482),(2482,2484),(2484,2485),(2485,2486),(2486,2487),(2487,2488),(2488,2490),(2490,2491),(2491,2492),(2492,2493),(2493,2494),(2494,2496),(2496,2498),(2498,2499),(2499,2500),(2500,2501),(2501,2502),(2502,2504),(2504,2505),(2505,2506),(2506,2507),(2507,2508),(2508,2510),(2510,2511),(2511,2512),(2512,2513),(2513,2514),(2514,2516),(2516,2517),(2517,2518),(2518,2519),(2519,2520),(2520,2522),(2522,2523),(2523,2524),(2524,2525),(2525,2526),(2526,2528),(2528,2530),(2530,2531),(2531,2532),(2532,2533),(2533,2534),(2534,2536),(2536,2538),(2538,2539),(2539,2540),(2540,2541),(2541,2542),(2542,2543),(2543,2545),(2545,2546),(2546,2547),(2547,2548),(2548,2549),(2549,2551),(2551,2552),(2552,2553),(2553,2554),(2554,2555),(2555,2557),(2557,2558),(2558,2559),(2559,2560),(2560,2561),(2561,2563),(2563,2564),(2564,2565),(2565,2566),(2566,2567),(2567,2569),(2569,2570),(2570,2571),(2571,2572),(2572,2573),(2573,2575),(2575,2576),(2576,2577),(2577,2578),(2578,2579),(2579,2581),(2581,2583),(2583,2584),(2584,2585),(2585,2586),(2586,2587),(2587,2589),(2589,2590),(2590,2591),(2591,2592),(2592,2593),(2593,2595),(2595,2596),(2596,2597),(2597,2598),(2598,2599),(2599,2601),(2601,2603),(2603,2604),(2604,2605),(2605,2606),(2606,2607),(2607,2609),(2609,2610),(2610,2611),(2611,2612),(2612,2613),(2613,2615),(2615,2616),(2616,2617),(2617,2618),(2618,2619),(2619,2621),(2621,2622),(2622,2623),(2623,2624),(2624,2625),(2625,2627),(2627,2628),(2628,2629),(2629,2630),(2630,2631),(2631,2633),(2633,2634),(2634,2635),(2635,2636),(2636,2637),(2637,2639),(2639,2641),(2641,2642),(2642,2643),(2643,2644),(2644,2645),(2645,2647),(2647,2648),(2648,2649),(2649,2650),(2650,2651),(2651,2653),(2653,2654),(2654,2655),(2655,2656),(2656,2657),(2657,2659),(2659,2660),(2660,2661),(2661,2662),(2662,2663),(2663,2665),(2665,2666),(2666,2667),(2667,2668),(2668,2669),(2669,2671),(2671,2672),(2672,2673),(2673,2674),(2674,2675),(2675,2677),(2677,2678),(2678,2679),(2679,2680),(2680,2681),(2681,2683),(2683,2684),(2684,2685),(2685,2686),(2686,2687),(2687,2689),(2689,2690),(2690,2691),(2691,2692),(2692,2693),(2693,2695),(2695,2697),(2697,2698),(2698,2699),(2699,2700),(2700,2701),(2701,2703),(2703,2704),(2704,2705),(2705,2706),(2706,2707),(2707,2709),(2709,2710),(2710,2711),(2711,2712),(2712,2713),(2713,2715),(2715,2716),(2716,2717),(2717,2718),(2718,2719),(2719,2721),(2721,2722),(2722,2723),(2723,2724),(2724,2725),(2725,2727),(2727,2728),(2728,2729),(2729,2730),(2730,2731),(2731,2733),(2733,2734),(2734,2735),(2735,2736),(2736,2737),(2737,2739),(2739,2740),(2740,2741),(2741,2742),(2742,2743),(2743,2745),(2745,2747),(2747,2748),(2748,2749),(2749,2750),(2750,2751),(2751,2753),(2753,2754),(2754,2755),(2755,2756),(2756,2757),(2757,2759),(2759,2760),(2760,2761),(2761,2762),(2762,2763),(2763,2765),(2765,2766),(2766,2767),(2767,2768),(2768,2769),(2769,2771),(2771,2772),(2772,2773),(2773,2774),(2774,2775),(2775,2777),(2777,2778),(2778,2779),(2779,2780),(2780,2781),(2781,2783),(2783,2785),(2785,2786),(2786,2787),(2787,2788),(2788,2789),(2789,2791),(2791,2792),(2792,2793),(2793,2794),(2794,2795),(2795,2797),(2797,2798),(2798,2799),(2799,2800),(2800,2801),(2261,2266),(2805,2807),(2807,2808),(2808,2809),(2809,2810),(2810,2811),(2811,2813),(2813,2814),(2814,2815),(2815,2816),(2816,2817),(2817,2819),(2819,2820),(2820,2821),(2821,2822),(2822,2823),(2823,2825),(2825,2826),(2826,2827),(2827,2828),(2828,2829),(2829,2831),(2831,2832),(2832,2833),(2833,2834),(2834,2835),(2835,2837),(2837,2839),(2839,2840),(2840,2841),(2841,2842),(2842,2843),(2843,2845),(2845,2846),(2846,2847),(2847,2848),(2848,2849),(2849,2851),(2851,2853),(2853,2854),(2854,2855),(2855,2856),(2856,2857),(2857,2859),(2859,2860),(2860,2861),(2861,2862),(2862,2863),(2863,2865),(2865,2866),(2866,2867),(2867,2868),(2868,2869),(2869,2871),(2871,2873),(2873,2874),(2874,2875),(2875,2876),(2876,2877),(2877,2879),(2879,2880),(2880,2881),(2881,2882),(2882,2883),(2883,2885),(2885,2886),(2886,2887),(2887,2888),(2888,2889),(2889,2891),(2891,2893),(2893,2894),(2894,2895),(2895,2896),(2896,2897),(2897,2899),(2899,2900),(2900,2901),(2901,2902),(2902,2903),(2903,2905),(2905,2906),(2906,2907),(2907,2908),(2908,2909),(2909,2911),(2911,2912),(2912,2913),(2913,2914),(2914,2915),(2915,2917),(2917,2918),(2918,2919),(2919,2920),(2920,2921),(2921,2923),(2923,2924),(2924,2925),(2925,2926),(2926,2927),(2927,2929),(2929,2930),(2930,2931),(2931,2932),(2932,2933),(2933,2935),(2935,2937),(2937,2938),(2938,2939),(2939,2940),(2940,2941),(2941,2943),(2943,2944),(2944,2945),(2945,2946),(2946,2947),(2947,2949),(2949,2951),(2951,2952),(2952,2953),(2953,2954),(2954,2955),(2955,2957),(2957,2959),(2959,2960),(2960,2961),(2961,2962),(2962,2963),(2963,2965),(2965,2966),(2966,2967),(2967,2968),(2968,2969),(2969,2971),(2971,2972),(2972,2973),(2973,2974),(2974,2975),(2975,2977),(2977,2978),(2978,2979),(2979,2980),(2980,2981),(2981,2983),(2983,2984),(2984,2985),(2985,2986),(2986,2987),(2987,2989),(2989,2990),(2990,2991),(2991,2992),(2992,2993),(2993,2995),(2995,2997),(2997,2998),(2998,2999),(2999,3000),(3000,3001),(3001,3003),(3003,3004),(3004,3005),(3005,3006),(3006,3007),(3007,3009),(3009,3010),(3010,3011),(3011,3012),(3012,3013),(3013,3015),(3015,3016),(3016,3017),(3017,3018),(3018,3019),(3019,3021),(3021,3022),(3022,3023),(3023,3024),(3024,3025),(3025,3027),(3027,3028),(3028,3029),(3029,3030),(3030,3031),(3031,3033),(3033,3035),(3035,3036),(3036,3037),(3037,3038),(3038,3039),(3039,3041),(3041,3042),(3042,3043),(3043,3044),(3044,3045),(3045,3047),(3047,3048),(3048,3049),(3049,3050),(3050,3051),(3051,3053),(3053,3054),(3054,3055),(3055,3056),(3056,3057),(3057,3059),(3059,3060),(3060,3061),(3061,3062),(3062,3063),(3063,3065),(3065,3066),(3066,3067),(3067,3068),(3068,3069),(3069,3071),(3071,3072),(3072,3073),(3073,3074),(3074,3075),(3075,3077),(3077,3078),(3078,3079),(3079,3080),(3080,3081),(3081,3083),(3083,3085),(3085,3086),(3086,3087),(3087,3088),(3088,3089),(3089,3091),(3091,3092),(3092,3093),(3093,3094),(3094,3095),(3095,3097),(3097,3098),(3098,3099),(3099,3100),(3100,3101),(3101,3103),(3103,3104),(3104,3105),(3105,3106),(3106,3107),(3107,3109),(3109,3110),(3110,3111),(3111,3112),(3112,3113),(3113,3114),(3114,3116),(3116,3117),(3117,3118),(3118,3119),(3119,3120),(3120,3122),(3122,3123),(3123,3124),(3124,3125),(3125,3126),(3126,3128),(3128,3129),(3129,3130),(3130,3131),(3131,3132),(3132,3134),(3134,3135),(3135,3136),(3136,3137),(3137,3138),(2801,2805),(3138,5);
/*!40000 ALTER TABLE `connectsTo` ENABLE KEYS */;
UNLOCK TABLES;
DROP TABLE IF EXISTS `monitoredBy`;
/*!40101 SET @saved_cs_client     = @@character_set_client */;
/*!40101 SET character_set_client = utf8 */;
CREATE TABLE `monitoredBy` (
  `TrackElement_id` int(11) NOT NULL,
  `Sensor_id` int(11) NOT NULL,
  PRIMARY KEY (`TrackElement_id`,`Sensor_id`),
  KEY `monitoredBy_idx` (`Sensor_id`,`TrackElement_id`)
) ENGINE=MEMORY DEFAULT CHARSET=utf8;
/*!40101 SET character_set_client = @saved_cs_client */;

LOCK TABLES `monitoredBy` WRITE;
/*!40000 ALTER TABLE `monitoredBy` DISABLE KEYS */;
INSERT INTO `monitoredBy` VALUES (5,6),(7,6),(8,6),(9,6),(10,6),(11,6),(13,12),(14,12),(15,12),(16,12),(17,12),(5,18),(19,18),(20,18),(21,18),(22,18),(23,18),(28,29),(30,29),(31,29),(32,29),(33,29),(34,29),(28,35),(36,35),(37,35),(38,35),(39,35),(40,35),(44,43),(45,43),(46,43),(47,43),(48,43),(42,49),(50,49),(51,49),(52,49),(53,49),(54,49),(42,55),(56,55),(57,55),(58,55),(59,55),(60,55),(42,61),(62,61),(63,61),(64,61),(65,61),(66,61),(42,67),(68,67),(69,67),(70,67),(71,67),(72,67),(42,73),(74,73),(75,73),(76,73),(77,73),(78,73),(80,79),(81,79),(82,79),(83,79),(84,79),(42,85),(86,85),(87,85),(88,85),(89,85),(90,85),(42,91),(92,91),(93,91),(94,91),(95,91),(96,91),(98,99),(100,99),(101,99),(102,99),(103,99),(104,99),(98,105),(106,105),(107,105),(108,105),(109,105),(110,105),(98,111),(112,111),(113,111),(114,111),(115,111),(116,111),(118,119),(120,119),(121,119),(122,119),(123,119),(124,119),(129,130),(131,130),(132,130),(133,130),(134,130),(135,130),(137,136),(138,136),(139,136),(140,136),(141,136),(129,142),(143,142),(144,142),(145,142),(146,142),(147,142),(149,150),(151,150),(152,150),(153,150),(154,150),(155,150),(149,156),(157,156),(158,156),(159,156),(160,156),(161,156),(149,162),(163,162),(164,162),(165,162),(166,162),(167,162),(149,168),(169,168),(170,168),(171,168),(172,168),(173,168),(175,174),(176,174),(177,174),(178,174),(179,174),(149,180),(181,180),(182,180),(183,180),(184,180),(185,180),(187,188),(189,188),(190,188),(191,188),(192,188),(193,188),(187,194),(195,194),(196,194),(197,194),(198,194),(199,194),(187,200),(201,200),(202,200),(203,200),(204,200),(205,200),(187,206),(207,206),(208,206),(209,206),(210,206),(211,206),(187,212),(213,212),(214,212),(215,212),(216,212),(217,212),(187,218),(219,218),(220,218),(221,218),(222,218),(223,218),(187,224),(225,224),(226,224),(227,224),(228,224),(229,224),(187,230),(231,230),(232,230),(233,230),(234,230),(235,230),(187,236),(237,236),(238,236),(239,236),(240,236),(241,236),(243,244),(245,244),(246,244),(247,244),(248,244),(249,244),(243,250),(251,250),(252,250),(253,250),(254,250),(255,250),(243,256),(257,256),(258,256),(259,256),(260,256),(261,256),(243,262),(263,262),(264,262),(265,262),(266,262),(267,262),(269,270),(271,270),(272,270),(273,270),(274,270),(275,270),(269,276),(277,276),(278,276),(279,276),(280,276),(281,276),(269,282),(283,282),(284,282),(285,282),(286,282),(287,282),(269,288),(289,288),(290,288),(291,288),(292,288),(293,288),(269,294),(295,294),(296,294),(297,294),(298,294),(299,294),(269,300),(301,300),(302,300),(303,300),(304,300),(305,300),(269,306),(307,306),(308,306),(309,306),(310,306),(311,306),(313,312),(314,312),(315,312),(316,312),(317,312),(319,320),(321,320),(322,320),(323,320),(324,320),(325,320),(326,320),(328,327),(329,327),(330,327),(331,327),(332,327),(319,333),(334,333),(335,333),(336,333),(337,333),(338,333),(319,339),(340,339),(341,339),(342,339),(343,339),(344,339),(346,347),(348,347),(349,347),(350,347),(351,347),(352,347),(354,355),(356,355),(357,355),(358,355),(359,355),(360,355),(362,361),(363,361),(364,361),(365,361),(366,361),(354,367),(368,367),(369,367),(370,367),(371,367),(372,367),(374,375),(376,375),(377,375),(378,375),(379,375),(380,375),(382,381),(383,381),(384,381),(385,381),(386,381),(374,387),(388,387),(389,387),(390,387),(391,387),(392,387),(394,393),(395,393),(396,393),(397,393),(398,393),(400,399),(401,399),(402,399),(403,399),(404,399),(408,407),(409,407),(410,407),(411,407),(412,407),(414,413),(415,413),(416,413),(417,413),(418,413),(406,419),(420,419),(421,419),(422,419),(423,419),(424,419),(406,425),(426,425),(427,425),(428,425),(429,425),(430,425),(432,431),(433,431),(434,431),(435,431),(436,431),(406,437),(438,437),(439,437),(440,437),(441,437),(442,437),(444,445),(446,445),(447,445),(448,445),(449,445),(450,445),(452,451),(453,451),(454,451),(455,451),(456,451),(444,457),(458,457),(459,457),(460,457),(461,457),(462,457),(444,463),(464,463),(465,463),(466,463),(467,463),(468,463),(470,471),(472,471),(473,471),(474,471),(475,471),(476,471),(478,477),(479,477),(480,477),(481,477),(482,477),(470,483),(484,483),(485,483),(486,483),(487,483),(488,483),(490,491),(492,491),(493,491),(494,491),(495,491),(496,491),(500,499),(501,499),(502,499),(503,499),(504,499),(498,505),(506,505),(507,505),(508,505),(509,505),(510,505),(498,511),(512,511),(513,511),(514,511),(515,511),(516,511),(498,517),(518,517),(519,517),(520,517),(521,517),(522,517),(498,523),(524,523),(525,523),(526,523),(527,523),(528,523),(498,529),(530,529),(531,529),(532,529),(533,529),(534,529),(498,535),(536,535),(537,535),(538,535),(539,535),(540,535),(498,541),(542,541),(543,541),(544,541),(545,541),(546,541),(498,547),(548,547),(549,547),(550,547),(551,547),(552,547),(554,555),(556,555),(557,555),(558,555),(559,555),(560,555),(554,561),(562,561),(563,561),(564,561),(565,561),(566,561),(554,567),(568,567),(569,567),(570,567),(571,567),(572,567),(573,567),(554,574),(575,574),(576,574),(577,574),(578,574),(579,574),(554,580),(581,580),(582,580),(583,580),(584,580),(585,580),(554,586),(587,586),(588,586),(589,586),(590,586),(591,586),(554,592),(593,592),(594,592),(595,592),(596,592),(597,592),(554,598),(599,598),(600,598),(601,598),(602,598),(603,598),(605,606),(607,606),(608,606),(609,606),(610,606),(611,606),(613,612),(614,612),(615,612),(616,612),(617,612),(605,618),(619,618),(620,618),(621,618),(622,618),(623,618),(605,624),(625,624),(626,624),(627,624),(628,624),(629,624),(605,630),(631,630),(632,630),(633,630),(634,630),(635,630),(605,636),(637,636),(638,636),(639,636),(640,636),(641,636),(643,644),(645,644),(646,644),(647,644),(648,644),(649,644),(643,650),(651,650),(652,650),(653,650),(654,650),(655,650),(657,656),(658,656),(659,656),(660,656),(661,656),(643,662),(663,662),(664,662),(665,662),(666,662),(667,662),(669,668),(670,668),(671,668),(672,668),(673,668),(675,674),(676,674),(677,674),(678,674),(679,674),(680,674),(643,681),(682,681),(683,681),(684,681),(685,681),(686,681),(643,687),(688,687),(689,687),(690,687),(691,687),(692,687),(697,698),(699,698),(700,698),(701,698),(702,698),(703,698),(697,704),(705,704),(706,704),(707,704),(708,704),(709,704),(697,710),(711,710),(712,710),(713,710),(714,710),(715,710),(697,716),(717,716),(718,716),(719,716),(720,716),(721,716),(697,722),(723,722),(724,722),(725,722),(726,722),(727,722),(697,728),(729,728),(730,728),(731,728),(732,728),(733,728),(697,734),(735,734),(736,734),(737,734),(738,734),(739,734),(697,740),(741,740),(742,740),(743,740),(744,740),(745,740),(747,746),(748,746),(749,746),(750,746),(751,746),(753,754),(755,754),(756,754),(757,754),(758,754),(759,754),(753,760),(761,760),(762,760),(763,760),(764,760),(765,760),(753,766),(767,766),(768,766),(769,766),(770,766),(771,766),(753,772),(773,772),(774,772),(775,772),(776,772),(777,772),(753,778),(779,778),(780,778),(781,778),(782,778),(783,778),(753,784),(785,784),(786,784),(787,784),(788,784),(789,784),(791,792),(793,792),(794,792),(795,792),(796,792),(797,792),(799,798),(800,798),(801,798),(802,798),(803,798),(791,804),(805,804),(806,804),(807,804),(808,804),(809,804),(811,812),(813,812),(814,812),(815,812),(816,812),(817,812),(811,818),(819,818),(820,818),(821,818),(822,818),(823,818),(811,824),(825,824),(826,824),(827,824),(828,824),(829,824),(834,835),(836,835),(837,835),(838,835),(839,835),(840,835),(834,841),(842,841),(843,841),(844,841),(845,841),(846,841),(834,847),(848,847),(849,847),(850,847),(851,847),(852,847),(834,853),(854,853),(855,853),(856,853),(857,853),(858,853),(834,859),(860,859),(861,859),(862,859),(863,859),(864,859),(866,865),(867,865),(868,865),(869,865),(870,865),(872,873),(874,873),(875,873),(876,873),(877,873),(878,873),(872,879),(880,879),(881,879),(882,879),(883,879),(884,879),(872,885),(886,885),(887,885),(888,885),(889,885),(890,885),(872,891),(892,891),(893,891),(894,891),(895,891),(896,891),(872,897),(898,897),(899,897),(900,897),(901,897),(902,897),(872,903),(904,903),(905,903),(906,903),(907,903),(908,903),(910,911),(912,911),(913,911),(914,911),(915,911),(916,911),(910,917),(918,917),(919,917),(920,917),(921,917),(922,917),(910,923),(924,923),(925,923),(926,923),(927,923),(928,923),(910,929),(930,929),(931,929),(932,929),(933,929),(934,929),(935,929),(910,936),(937,936),(938,936),(939,936),(940,936),(941,936),(943,942),(944,942),(945,942),(946,942),(947,942),(910,948),(949,948),(950,948),(951,948),(952,948),(953,948),(910,954),(955,954),(956,954),(957,954),(958,954),(959,954),(961,962),(963,962),(964,962),(965,962),(966,962),(967,962),(961,968),(969,968),(970,968),(971,968),(972,968),(973,968),(975,974),(976,974),(977,974),(978,974),(979,974),(961,980),(981,980),(982,980),(983,980),(984,980),(985,980),(961,986),(987,986),(988,986),(989,986),(990,986),(991,986),(961,992),(993,992),(994,992),(995,992),(996,992),(997,992),(961,998),(999,998),(1000,998),(1001,998),(1002,998),(1003,998),(961,1004),(1005,1004),(1006,1004),(1007,1004),(1008,1004),(1009,1004),(1011,1012),(1013,1012),(1014,1012),(1015,1012),(1016,1012),(1017,1012),(1011,1018),(1019,1018),(1020,1018),(1021,1018),(1022,1018),(1023,1018),(1011,1024),(1025,1024),(1026,1024),(1027,1024),(1028,1024),(1029,1024),(1031,1030),(1032,1030),(1033,1030),(1034,1030),(1035,1030),(1011,1036),(1037,1036),(1038,1036),(1039,1036),(1040,1036),(1041,1036),(1043,1042),(1044,1042),(1045,1042),(1046,1042),(1047,1042),(1011,1048),(1049,1048),(1050,1048),(1051,1048),(1052,1048),(1053,1048),(1057,1056),(1058,1056),(1059,1056),(1060,1056),(1061,1056),(1063,1062),(1064,1062),(1065,1062),(1066,1062),(1067,1062),(1055,1068),(1069,1068),(1070,1068),(1071,1068),(1072,1068),(1073,1068),(1055,1074),(1075,1074),(1076,1074),(1077,1074),(1078,1074),(1079,1074),(1055,1080),(1081,1080),(1082,1080),(1083,1080),(1084,1080),(1085,1080),(1055,1086),(1087,1086),(1088,1086),(1089,1086),(1090,1086),(1091,1086),(1093,1094),(1095,1094),(1096,1094),(1097,1094),(1098,1094),(1099,1094),(1093,1100),(1101,1100),(1102,1100),(1103,1100),(1104,1100),(1105,1100),(1093,1106),(1107,1106),(1108,1106),(1109,1106),(1110,1106),(1111,1106),(1113,1114),(1115,1114),(1116,1114),(1117,1114),(1118,1114),(1119,1114),(1121,1120),(1122,1120),(1123,1120),(1124,1120),(1125,1120),(1113,1126),(1127,1126),(1128,1126),(1129,1126),(1130,1126),(1131,1126),(1133,1132),(1134,1132),(1135,1132),(1136,1132),(1137,1132),(1139,1140),(1141,1140),(1142,1140),(1143,1140),(1144,1140),(1145,1140),(1139,1146),(1147,1146),(1148,1146),(1149,1146),(1150,1146),(1151,1146),(1139,1152),(1153,1152),(1154,1152),(1155,1152),(1156,1152),(1157,1152),(1159,1158),(1160,1158),(1161,1158),(1162,1158),(1163,1158),(1139,1164),(1165,1164),(1166,1164),(1167,1164),(1168,1164),(1169,1164),(1139,1170),(1171,1170),(1172,1170),(1173,1170),(1174,1170),(1175,1170),(1139,1176),(1177,1176),(1178,1176),(1179,1176),(1180,1176),(1181,1176),(1139,1182),(1183,1182),(1184,1182),(1185,1182),(1186,1182),(1187,1182),(1139,1188),(1189,1188),(1190,1188),(1191,1188),(1192,1188),(1193,1188),(1195,1196),(1197,1196),(1198,1196),(1199,1196),(1200,1196),(1201,1196),(1195,1202),(1203,1202),(1204,1202),(1205,1202),(1206,1202),(1207,1202),(1195,1208),(1209,1208),(1210,1208),(1211,1208),(1212,1208),(1213,1208),(1215,1214),(1216,1214),(1217,1214),(1218,1214),(1219,1214),(1221,1220),(1222,1220),(1223,1220),(1224,1220),(1225,1220),(1230,1231),(1232,1231),(1233,1231),(1234,1231),(1235,1231),(1236,1231),(1238,1239),(1240,1239),(1241,1239),(1242,1239),(1243,1239),(1244,1239),(1245,1239),(1250,1251),(1252,1251),(1253,1251),(1254,1251),(1255,1251),(1256,1251),(1258,1257),(1259,1257),(1260,1257),(1261,1257),(1262,1257),(1250,1263),(1264,1263),(1265,1263),(1266,1263),(1267,1263),(1268,1263),(1250,1269),(1270,1269),(1271,1269),(1272,1269),(1273,1269),(1274,1269),(1276,1275),(1277,1275),(1278,1275),(1279,1275),(1280,1275),(1250,1281),(1282,1281),(1283,1281),(1284,1281),(1285,1281),(1286,1281),(1250,1287),(1288,1287),(1289,1287),(1290,1287),(1291,1287),(1292,1287),(1294,1293),(1295,1293),(1296,1293),(1297,1293),(1298,1293),(1300,1299),(1301,1299),(1302,1299),(1303,1299),(1304,1299),(1306,1307),(1308,1307),(1309,1307),(1310,1307),(1311,1307),(1312,1307),(1306,1313),(1314,1313),(1315,1313),(1316,1313),(1317,1313),(1318,1313),(1306,1319),(1320,1319),(1321,1319),(1322,1319),(1323,1319),(1324,1319),(1326,1327),(1328,1327),(1329,1327),(1330,1327),(1331,1327),(1332,1327),(1326,1333),(1334,1333),(1335,1333),(1336,1333),(1337,1333),(1338,1333),(1326,1339),(1340,1339),(1341,1339),(1342,1339),(1343,1339),(1344,1339),(1326,1345),(1346,1345),(1347,1345),(1348,1345),(1349,1345),(1350,1345),(1326,1351),(1352,1351),(1353,1351),(1354,1351),(1355,1351),(1356,1351),(1326,1357),(1358,1357),(1359,1357),(1360,1357),(1361,1357),(1362,1357),(1326,1363),(1364,1363),(1365,1363),(1366,1363),(1367,1363),(1368,1363),(1326,1369),(1370,1369),(1371,1369),(1372,1369),(1373,1369),(1374,1369),(1326,1375),(1376,1375),(1377,1375),(1378,1375),(1379,1375),(1380,1375),(1382,1383),(1384,1383),(1385,1383),(1386,1383),(1387,1383),(1388,1383),(1382,1389),(1390,1389),(1391,1389),(1392,1389),(1393,1389),(1394,1389),(1382,1395),(1396,1395),(1397,1395),(1398,1395),(1399,1395),(1400,1395),(1382,1401),(1402,1401),(1403,1401),(1404,1401),(1405,1401),(1406,1401),(1408,1409),(1410,1409),(1411,1409),(1412,1409),(1413,1409),(1414,1409),(1408,1415),(1416,1415),(1417,1415),(1418,1415),(1419,1415),(1420,1415),(1408,1421),(1422,1421),(1423,1421),(1424,1421),(1425,1421),(1426,1421),(1408,1427),(1428,1427),(1429,1427),(1430,1427),(1431,1427),(1432,1427),(1408,1433),(1434,1433),(1435,1433),(1436,1433),(1437,1433),(1438,1433),(1408,1439),(1440,1439),(1441,1439),(1442,1439),(1443,1439),(1444,1439),(1408,1445),(1446,1445),(1447,1445),(1448,1445),(1449,1445),(1450,1445),(1452,1453),(1454,1453),(1455,1453),(1456,1453),(1457,1453),(1458,1453),(1452,1459),(1460,1459),(1461,1459),(1462,1459),(1463,1459),(1464,1459),(1452,1465),(1466,1465),(1467,1465),(1468,1465),(1469,1465),(1470,1465),(1452,1471),(1472,1471),(1473,1471),(1474,1471),(1475,1471),(1476,1471),(1477,1471),(1452,1478),(1479,1478),(1480,1478),(1481,1478),(1482,1478),(1483,1478),(1485,1486),(1487,1486),(1488,1486),(1489,1486),(1490,1486),(1491,1486),(1485,1492),(1493,1492),(1494,1492),(1495,1492),(1496,1492),(1497,1492),(1485,1498),(1499,1498),(1500,1498),(1501,1498),(1502,1498),(1503,1498),(1485,1504),(1505,1504),(1506,1504),(1507,1504),(1508,1504),(1509,1504),(1485,1510),(1511,1510),(1512,1510),(1513,1510),(1514,1510),(1515,1510),(1485,1516),(1517,1516),(1518,1516),(1519,1516),(1520,1516),(1521,1516),(1485,1522),(1523,1522),(1524,1522),(1525,1522),(1526,1522),(1527,1522),(1485,1528),(1529,1528),(1530,1528),(1531,1528),(1532,1528),(1533,1528),(1535,1534),(1536,1534),(1537,1534),(1538,1534),(1539,1534),(1541,1542),(1543,1542),(1544,1542),(1545,1542),(1546,1542),(1547,1542),(1549,1548),(1550,1548),(1551,1548),(1552,1548),(1553,1548),(1541,1554),(1555,1554),(1556,1554),(1557,1554),(1558,1554),(1559,1554),(1541,1560),(1561,1560),(1562,1560),(1563,1560),(1564,1560),(1565,1560),(1541,1566),(1567,1566),(1568,1566),(1569,1566),(1570,1566),(1571,1566),(1572,1566),(1574,1575),(1576,1575),(1577,1575),(1578,1575),(1579,1575),(1580,1575),(1574,1581),(1582,1581),(1583,1581),(1584,1581),(1585,1581),(1586,1581),(1574,1587),(1588,1587),(1589,1587),(1590,1587),(1591,1587),(1592,1587),(1574,1593),(1594,1593),(1595,1593),(1596,1593),(1597,1593),(1598,1593),(1600,1599),(1601,1599),(1602,1599),(1603,1599),(1604,1599),(1574,1605),(1606,1605),(1607,1605),(1608,1605),(1609,1605),(1610,1605),(1574,1611),(1612,1611),(1613,1611),(1614,1611),(1615,1611),(1616,1611),(1574,1617),(1618,1617),(1619,1617),(1620,1617),(1621,1617),(1622,1617),(1624,1625),(1626,1625),(1627,1625),(1628,1625),(1629,1625),(1630,1625),(1632,1631),(1633,1631),(1634,1631),(1635,1631),(1636,1631),(1624,1637),(1638,1637),(1639,1637),(1640,1637),(1641,1637),(1642,1637),(1644,1643),(1645,1643),(1646,1643),(1647,1643),(1648,1643),(1624,1649),(1650,1649),(1651,1649),(1652,1649),(1653,1649),(1654,1649),(1624,1655),(1656,1655),(1657,1655),(1658,1655),(1659,1655),(1660,1655),(1662,1663),(1664,1663),(1665,1663),(1666,1663),(1667,1663),(1668,1663),(1670,1671),(1672,1671),(1673,1671),(1674,1671),(1675,1671),(1676,1671),(1670,1677),(1678,1677),(1679,1677),(1680,1677),(1681,1677),(1682,1677),(1684,1685),(1686,1685),(1687,1685),(1688,1685),(1689,1685),(1690,1685),(1684,1691),(1692,1691),(1693,1691),(1694,1691),(1695,1691),(1696,1691),(1684,1697),(1698,1697),(1699,1697),(1700,1697),(1701,1697),(1702,1697),(1684,1703),(1704,1703),(1705,1703),(1706,1703),(1707,1703),(1708,1703),(1710,1709),(1711,1709),(1712,1709),(1713,1709),(1714,1709),(1684,1715),(1716,1715),(1717,1715),(1718,1715),(1719,1715),(1720,1715),(1724,1723),(1725,1723),(1726,1723),(1727,1723),(1728,1723),(1722,1729),(1730,1729),(1731,1729),(1732,1729),(1733,1729),(1734,1729),(1722,1735),(1736,1735),(1737,1735),(1738,1735),(1739,1735),(1740,1735),(1722,1741),(1742,1741),(1743,1741),(1744,1741),(1745,1741),(1746,1741),(1748,1747),(1749,1747),(1750,1747),(1751,1747),(1752,1747),(1722,1753),(1754,1753),(1755,1753),(1756,1753),(1757,1753),(1758,1753),(1722,1759),(1760,1759),(1761,1759),(1762,1759),(1763,1759),(1764,1759),(1722,1765),(1766,1765),(1767,1765),(1768,1765),(1769,1765),(1770,1765),(1772,1771),(1773,1771),(1774,1771),(1775,1771),(1776,1771),(1778,1779),(1780,1779),(1781,1779),(1782,1779),(1783,1779),(1784,1779),(1778,1785),(1786,1785),(1787,1785),(1788,1785),(1789,1785),(1790,1785),(1778,1791),(1792,1791),(1793,1791),(1794,1791),(1795,1791),(1796,1791),(1778,1797),(1798,1797),(1799,1797),(1800,1797),(1801,1797),(1802,1797),(1778,1803),(1804,1803),(1805,1803),(1806,1803),(1807,1803),(1808,1803),(1778,1809),(1810,1809),(1811,1809),(1812,1809),(1813,1809),(1814,1809),(1815,1809),(1778,1816),(1817,1816),(1818,1816),(1819,1816),(1820,1816),(1821,1816),(1823,1822),(1824,1822),(1825,1822),(1826,1822),(1827,1822),(1829,1830),(1831,1830),(1832,1830),(1833,1830),(1834,1830),(1835,1830),(1836,1830),(1829,1837),(1838,1837),(1839,1837),(1840,1837),(1841,1837),(1842,1837),(1829,1843),(1844,1843),(1845,1843),(1846,1843),(1847,1843),(1848,1843),(1829,1849),(1850,1849),(1851,1849),(1852,1849),(1853,1849),(1854,1849),(1856,1857),(1858,1857),(1859,1857),(1860,1857),(1861,1857),(1862,1857),(1856,1863),(1864,1863),(1865,1863),(1866,1863),(1867,1863),(1868,1863),(1856,1869),(1870,1869),(1871,1869),(1872,1869),(1873,1869),(1874,1869),(1876,1875),(1877,1875),(1878,1875),(1879,1875),(1880,1875),(1856,1881),(1882,1881),(1883,1881),(1884,1881),(1885,1881),(1886,1881),(1856,1887),(1888,1887),(1889,1887),(1890,1887),(1891,1887),(1892,1887),(1894,1893),(1895,1893),(1896,1893),(1897,1893),(1898,1893),(1856,1899),(1900,1899),(1901,1899),(1902,1899),(1903,1899),(1904,1899),(1856,1905),(1906,1905),(1907,1905),(1908,1905),(1909,1905),(1910,1905),(1912,1913),(1914,1913),(1915,1913),(1916,1913),(1917,1913),(1918,1913),(1912,1919),(1920,1919),(1921,1919),(1922,1919),(1923,1919),(1924,1919),(1912,1925),(1926,1925),(1927,1925),(1928,1925),(1929,1925),(1930,1925),(1912,1931),(1932,1931),(1933,1931),(1934,1931),(1935,1931),(1936,1931),(1938,1939),(1940,1939),(1941,1939),(1942,1939),(1943,1939),(1944,1939),(1938,1945),(1946,1945),(1947,1945),(1948,1945),(1949,1945),(1950,1945),(1938,1951),(1952,1951),(1953,1951),(1954,1951),(1955,1951),(1956,1951),(1938,1957),(1958,1957),(1959,1957),(1960,1957),(1961,1957),(1962,1957),(1964,1963),(1965,1963),(1966,1963),(1967,1963),(1968,1963),(1973,1974),(1975,1974),(1976,1974),(1977,1974),(1978,1974),(1979,1974),(1981,1980),(1982,1980),(1983,1980),(1984,1980),(1985,1980),(1973,1986),(1987,1986),(1988,1986),(1989,1986),(1990,1986),(1991,1986),(1993,1994),(1995,1994),(1996,1994),(1997,1994),(1998,1994),(1999,1994),(1993,2000),(2001,2000),(2002,2000),(2003,2000),(2004,2000),(2005,2000),(1993,2006),(2007,2006),(2008,2006),(2009,2006),(2010,2006),(2011,2006),(1993,2012),(2013,2012),(2014,2012),(2015,2012),(2016,2012),(2017,2012),(1993,2018),(2019,2018),(2020,2018),(2021,2018),(2022,2018),(2023,2018),(1993,2024),(2025,2024),(2026,2024),(2027,2024),(2028,2024),(2029,2024),(2031,2030),(2032,2030),(2033,2030),(2034,2030),(2035,2030),(2037,2038),(2039,2038),(2040,2038),(2041,2038),(2042,2038),(2043,2038),(2037,2044),(2045,2044),(2046,2044),(2047,2044),(2048,2044),(2049,2044),(2051,2050),(2052,2050),(2053,2050),(2054,2050),(2055,2050),(2037,2056),(2057,2056),(2058,2056),(2059,2056),(2060,2056),(2061,2056),(2037,2062),(2063,2062),(2064,2062),(2065,2062),(2066,2062),(2067,2062),(2037,2068),(2069,2068),(2070,2068),(2071,2068),(2072,2068),(2073,2068),(2037,2074),(2075,2074),(2076,2074),(2077,2074),(2078,2074),(2079,2074),(2081,2082),(2083,2082),(2084,2082),(2085,2082),(2086,2082),(2087,2082),(2081,2088),(2089,2088),(2090,2088),(2091,2088),(2092,2088),(2093,2088),(2081,2094),(2095,2094),(2096,2094),(2097,2094),(2098,2094),(2099,2094),(2101,2100),(2102,2100),(2103,2100),(2104,2100),(2105,2100),(2081,2106),(2107,2106),(2108,2106),(2109,2106),(2110,2106),(2111,2106),(2113,2114),(2115,2114),(2116,2114),(2117,2114),(2118,2114),(2119,2114),(2113,2120),(2121,2120),(2122,2120),(2123,2120),(2124,2120),(2125,2120),(2127,2128),(2129,2128),(2130,2128),(2131,2128),(2132,2128),(2133,2128),(2127,2134),(2135,2134),(2136,2134),(2137,2134),(2138,2134),(2139,2134),(2141,2142),(2143,2142),(2144,2142),(2145,2142),(2146,2142),(2147,2142),(2141,2148),(2149,2148),(2150,2148),(2151,2148),(2152,2148),(2153,2148),(2157,2156),(2158,2156),(2159,2156),(2160,2156),(2161,2156),(2155,2162),(2163,2162),(2164,2162),(2165,2162),(2166,2162),(2167,2162),(2155,2168),(2169,2168),(2170,2168),(2171,2168),(2172,2168),(2173,2168),(2155,2174),(2175,2174),(2176,2174),(2177,2174),(2178,2174),(2179,2174),(2155,2180),(2181,2180),(2182,2180),(2183,2180),(2184,2180),(2185,2180),(2155,2186),(2187,2186),(2188,2186),(2189,2186),(2190,2186),(2191,2186),(2155,2192),(2193,2192),(2194,2192),(2195,2192),(2196,2192),(2197,2192),(2199,2200),(2201,2200),(2202,2200),(2203,2200),(2204,2200),(2205,2200),(2207,2206),(2208,2206),(2209,2206),(2210,2206),(2211,2206),(2213,2212),(2214,2212),(2215,2212),(2216,2212),(2217,2212),(2199,2218),(2219,2218),(2220,2218),(2221,2218),(2222,2218),(2223,2218),(2199,2224),(2225,2224),(2226,2224),(2227,2224),(2228,2224),(2229,2224),(2199,2230),(2231,2230),(2232,2230),(2233,2230),(2234,2230),(2235,2230),(2239,2238),(2240,2238),(2241,2238),(2242,2238),(2243,2238),(2237,2244),(2245,2244),(2246,2244),(2247,2244),(2248,2244),(2249,2244),(2237,2250),(2251,2250),(2252,2250),(2253,2250),(2254,2250),(2255,2250),(2237,2256),(2257,2256),(2258,2256),(2259,2256),(2260,2256),(2261,2256),(2266,2267),(2268,2267),(2269,2267),(2270,2267),(2271,2267),(2272,2267),(2266,2273),(2274,2273),(2275,2273),(2276,2273),(2277,2273),(2278,2273),(2280,2279),(2281,2279),(2282,2279),(2283,2279),(2284,2279),(2266,2285),(2286,2285),(2287,2285),(2288,2285),(2289,2285),(2290,2285),(2292,2293),(2294,2293),(2295,2293),(2296,2293),(2297,2293),(2298,2293),(2300,2301),(2302,2301),(2303,2301),(2304,2301),(2305,2301),(2306,2301),(2300,2307),(2308,2307),(2309,2307),(2310,2307),(2311,2307),(2312,2307),(2300,2313),(2314,2313),(2315,2313),(2316,2313),(2317,2313),(2318,2313),(2320,2319),(2321,2319),(2322,2319),(2323,2319),(2324,2319),(2326,2325),(2327,2325),(2328,2325),(2329,2325),(2330,2325),(2332,2331),(2333,2331),(2334,2331),(2335,2331),(2336,2331),(2300,2337),(2338,2337),(2339,2337),(2340,2337),(2341,2337),(2342,2337),(2300,2343),(2344,2343),(2345,2343),(2346,2343),(2347,2343),(2348,2343),(2350,2351),(2352,2351),(2353,2351),(2354,2351),(2355,2351),(2356,2351),(2350,2357),(2358,2357),(2359,2357),(2360,2357),(2361,2357),(2362,2357),(2350,2363),(2364,2363),(2365,2363),(2366,2363),(2367,2363),(2368,2363),(2350,2369),(2370,2369),(2371,2369),(2372,2369),(2373,2369),(2374,2369),(2350,2375),(2376,2375),(2377,2375),(2378,2375),(2379,2375),(2380,2375),(2350,2381),(2382,2381),(2383,2381),(2384,2381),(2385,2381),(2386,2381),(2350,2387),(2388,2387),(2389,2387),(2390,2387),(2391,2387),(2392,2387),(2350,2393),(2394,2393),(2395,2393),(2396,2393),(2397,2393),(2398,2393),(2400,2401),(2402,2401),(2403,2401),(2404,2401),(2405,2401),(2406,2401),(2408,2407),(2409,2407),(2410,2407),(2411,2407),(2412,2407),(2400,2413),(2414,2413),(2415,2413),(2416,2413),(2417,2413),(2418,2413),(2420,2419),(2421,2419),(2422,2419),(2423,2419),(2424,2419),(2400,2425),(2426,2425),(2427,2425),(2428,2425),(2429,2425),(2430,2425),(2400,2431),(2432,2431),(2433,2431),(2434,2431),(2435,2431),(2436,2431),(2400,2437),(2438,2437),(2439,2437),(2440,2437),(2441,2437),(2442,2437),(2444,2443),(2445,2443),(2446,2443),(2447,2443),(2448,2443),(2400,2449),(2450,2449),(2451,2449),(2452,2449),(2453,2449),(2454,2449),(2456,2457),(2458,2457),(2459,2457),(2460,2457),(2461,2457),(2462,2457),(2464,2465),(2466,2465),(2467,2465),(2468,2465),(2469,2465),(2470,2465),(2464,2471),(2472,2471),(2473,2471),(2474,2471),(2475,2471),(2476,2471),(2464,2477),(2478,2477),(2479,2477),(2480,2477),(2481,2477),(2482,2477),(2464,2483),(2484,2483),(2485,2483),(2486,2483),(2487,2483),(2488,2483),(2464,2489),(2490,2489),(2491,2489),(2492,2489),(2493,2489),(2494,2489),(2496,2497),(2498,2497),(2499,2497),(2500,2497),(2501,2497),(2502,2497),(2496,2503),(2504,2503),(2505,2503),(2506,2503),(2507,2503),(2508,2503),(2496,2509),(2510,2509),(2511,2509),(2512,2509),(2513,2509),(2514,2509),(2496,2515),(2516,2515),(2517,2515),(2518,2515),(2519,2515),(2520,2515),(2496,2521),(2522,2521),(2523,2521),(2524,2521),(2525,2521),(2526,2521),(2528,2529),(2530,2529),(2531,2529),(2532,2529),(2533,2529),(2534,2529),(2536,2537),(2538,2537),(2539,2537),(2540,2537),(2541,2537),(2542,2537),(2543,2537),(2545,2544),(2546,2544),(2547,2544),(2548,2544),(2549,2544),(2536,2550),(2551,2550),(2552,2550),(2553,2550),(2554,2550),(2555,2550),(2557,2556),(2558,2556),(2559,2556),(2560,2556),(2561,2556),(2536,2562),(2563,2562),(2564,2562),(2565,2562),(2566,2562),(2567,2562),(2536,2568),(2569,2568),(2570,2568),(2571,2568),(2572,2568),(2573,2568),(2575,2574),(2576,2574),(2577,2574),(2578,2574),(2579,2574),(2581,2582),(2583,2582),(2584,2582),(2585,2582),(2586,2582),(2587,2582),(2581,2588),(2589,2588),(2590,2588),(2591,2588),(2592,2588),(2593,2588),(2581,2594),(2595,2594),(2596,2594),(2597,2594),(2598,2594),(2599,2594),(2603,2602),(2604,2602),(2605,2602),(2606,2602),(2607,2602),(2601,2608),(2609,2608),(2610,2608),(2611,2608),(2612,2608),(2613,2608),(2601,2614),(2615,2614),(2616,2614),(2617,2614),(2618,2614),(2619,2614),(2601,2620),(2621,2620),(2622,2620),(2623,2620),(2624,2620),(2625,2620),(2601,2626),(2627,2626),(2628,2626),(2629,2626),(2630,2626),(2631,2626),(2601,2632),(2633,2632),(2634,2632),(2635,2632),(2636,2632),(2637,2632),(2639,2640),(2641,2640),(2642,2640),(2643,2640),(2644,2640),(2645,2640),(2639,2646),(2647,2646),(2648,2646),(2649,2646),(2650,2646),(2651,2646),(2639,2652),(2653,2652),(2654,2652),(2655,2652),(2656,2652),(2657,2652),(2659,2658),(2660,2658),(2661,2658),(2662,2658),(2663,2658),(2639,2664),(2665,2664),(2666,2664),(2667,2664),(2668,2664),(2669,2664),(2639,2670),(2671,2670),(2672,2670),(2673,2670),(2674,2670),(2675,2670),(2677,2676),(2678,2676),(2679,2676),(2680,2676),(2681,2676),(2683,2682),(2684,2682),(2685,2682),(2686,2682),(2687,2682),(2639,2688),(2689,2688),(2690,2688),(2691,2688),(2692,2688),(2693,2688),(2695,2696),(2697,2696),(2698,2696),(2699,2696),(2700,2696),(2701,2696),(2703,2702),(2704,2702),(2705,2702),(2706,2702),(2707,2702),(2695,2708),(2709,2708),(2710,2708),(2711,2708),(2712,2708),(2713,2708),(2695,2714),(2715,2714),(2716,2714),(2717,2714),(2718,2714),(2719,2714),(2721,2720),(2722,2720),(2723,2720),(2724,2720),(2725,2720),(2695,2726),(2727,2726),(2728,2726),(2729,2726),(2730,2726),(2731,2726),(2695,2732),(2733,2732),(2734,2732),(2735,2732),(2736,2732),(2737,2732),(2695,2738),(2739,2738),(2740,2738),(2741,2738),(2742,2738),(2743,2738),(2745,2746),(2747,2746),(2748,2746),(2749,2746),(2750,2746),(2751,2746),(2745,2752),(2753,2752),(2754,2752),(2755,2752),(2756,2752),(2757,2752),(2745,2758),(2759,2758),(2760,2758),(2761,2758),(2762,2758),(2763,2758),(2745,2764),(2765,2764),(2766,2764),(2767,2764),(2768,2764),(2769,2764),(2745,2770),(2771,2770),(2772,2770),(2773,2770),(2774,2770),(2775,2770),(2745,2776),(2777,2776),(2778,2776),(2779,2776),(2780,2776),(2781,2776),(2783,2784),(2785,2784),(2786,2784),(2787,2784),(2788,2784),(2789,2784),(2783,2790),(2791,2790),(2792,2790),(2793,2790),(2794,2790),(2795,2790),(2783,2796),(2797,2796),(2798,2796),(2799,2796),(2800,2796),(2801,2796),(2805,2806),(2807,2806),(2808,2806),(2809,2806),(2810,2806),(2811,2806),(2805,2812),(2813,2812),(2814,2812),(2815,2812),(2816,2812),(2817,2812),(2805,2818),(2819,2818),(2820,2818),(2821,2818),(2822,2818),(2823,2818),(2805,2824),(2825,2824),(2826,2824),(2827,2824),(2828,2824),(2829,2824),(2805,2830),(2831,2830),(2832,2830),(2833,2830),(2834,2830),(2835,2830),(2837,2838),(2839,2838),(2840,2838),(2841,2838),(2842,2838),(2843,2838),(2837,2844),(2845,2844),(2846,2844),(2847,2844),(2848,2844),(2849,2844),(2851,2852),(2853,2852),(2854,2852),(2855,2852),(2856,2852),(2857,2852),(2851,2858),(2859,2858),(2860,2858),(2861,2858),(2862,2858),(2863,2858),(2851,2864),(2865,2864),(2866,2864),(2867,2864),(2868,2864),(2869,2864),(2871,2872),(2873,2872),(2874,2872),(2875,2872),(2876,2872),(2877,2872),(2879,2878),(2880,2878),(2881,2878),(2882,2878),(2883,2878),(2871,2884),(2885,2884),(2886,2884),(2887,2884),(2888,2884),(2889,2884),(2893,2892),(2894,2892),(2895,2892),(2896,2892),(2897,2892),(2891,2898),(2899,2898),(2900,2898),(2901,2898),(2902,2898),(2903,2898),(2891,2904),(2905,2904),(2906,2904),(2907,2904),(2908,2904),(2909,2904),(2891,2910),(2911,2910),(2912,2910),(2913,2910),(2914,2910),(2915,2910),(2891,2916),(2917,2916),(2918,2916),(2919,2916),(2920,2916),(2921,2916),(2891,2922),(2923,2922),(2924,2922),(2925,2922),(2926,2922),(2927,2922),(2891,2928),(2929,2928),(2930,2928),(2931,2928),(2932,2928),(2933,2928),(2937,2936),(2938,2936),(2939,2936),(2940,2936),(2941,2936),(2935,2942),(2943,2942),(2944,2942),(2945,2942),(2946,2942),(2947,2942),(2951,2950),(2952,2950),(2953,2950),(2954,2950),(2955,2950),(2959,2958),(2960,2958),(2961,2958),(2962,2958),(2963,2958),(2957,2964),(2965,2964),(2966,2964),(2967,2964),(2968,2964),(2969,2964),(2957,2970),(2971,2970),(2972,2970),(2973,2970),(2974,2970),(2975,2970),(2957,2976),(2977,2976),(2978,2976),(2979,2976),(2980,2976),(2981,2976),(2957,2982),(2983,2982),(2984,2982),(2985,2982),(2986,2982),(2987,2982),(2957,2988),(2989,2988),(2990,2988),(2991,2988),(2992,2988),(2993,2988),(2995,2996),(2997,2996),(2998,2996),(2999,2996),(3000,2996),(3001,2996),(2995,3002),(3003,3002),(3004,3002),(3005,3002),(3006,3002),(3007,3002),(2995,3008),(3009,3008),(3010,3008),(3011,3008),(3012,3008),(3013,3008),(3015,3014),(3016,3014),(3017,3014),(3018,3014),(3019,3014),(2995,3020),(3021,3020),(3022,3020),(3023,3020),(3024,3020),(3025,3020),(3027,3026),(3028,3026),(3029,3026),(3030,3026),(3031,3026),(3033,3034),(3035,3034),(3036,3034),(3037,3034),(3038,3034),(3039,3034),(3033,3040),(3041,3040),(3042,3040),(3043,3040),(3044,3040),(3045,3040),(3033,3046),(3047,3046),(3048,3046),(3049,3046),(3050,3046),(3051,3046),(3033,3052),(3053,3052),(3054,3052),(3055,3052),(3056,3052),(3057,3052),(3059,3058),(3060,3058),(3061,3058),(3062,3058),(3063,3058),(3033,3064),(3065,3064),(3066,3064),(3067,3064),(3068,3064),(3069,3064),(3033,3070),(3071,3070),(3072,3070),(3073,3070),(3074,3070),(3075,3070),(3033,3076),(3077,3076),(3078,3076),(3079,3076),(3080,3076),(3081,3076),(3083,3084),(3085,3084),(3086,3084),(3087,3084),(3088,3084),(3089,3084),(3083,3090),(3091,3090),(3092,3090),(3093,3090),(3094,3090),(3095,3090),(3083,3096),(3097,3096),(3098,3096),(3099,3096),(3100,3096),(3101,3096),(3083,3102),(3103,3102),(3104,3102),(3105,3102),(3106,3102),(3107,3102),(3083,3108),(3109,3108),(3110,3108),(3111,3108),(3112,3108),(3113,3108),(3114,3108),(3083,3115),(3116,3115),(3117,3115),(3118,3115),(3119,3115),(3120,3115),(3083,3121),(3122,3121),(3123,3121),(3124,3121),(3125,3121),(3126,3121),(3083,3127),(3128,3127),(3129,3127),(3130,3127),(3131,3127),(3132,3127),(3083,3133),(3134,3133),(3135,3133),(3136,3133),(3137,3133),(3138,3133);
/*!40000 ALTER TABLE `monitoredBy` ENABLE KEYS */;
UNLOCK TABLES;
DROP TABLE IF EXISTS `requires`;
/*!40101 SET @saved_cs_client     = @@character_set_client */;
/*!40101 SET character_set_client = utf8 */;
CREATE TABLE `requires` (
  `Route_id` int(11) NOT NULL,
  `Sensor_id` int(11) NOT NULL,
  PRIMARY KEY (`Route_id`,`Sensor_id`)
) ENGINE=MEMORY DEFAULT CHARSET=utf8;
/*!40101 SET character_set_client = @saved_cs_client */;

LOCK TABLES `requires` WRITE;
/*!40000 ALTER TABLE `requires` DISABLE KEYS */;
INSERT INTO `requires` VALUES (3,6),(3,18),(26,29),(26,35),(26,49),(26,55),(26,61),(26,67),(26,91),(26,99),(26,105),(26,111),(26,119),(127,142),(127,150),(127,162),(127,168),(127,180),(127,188),(127,194),(127,206),(127,212),(127,218),(127,224),(127,230),(127,236),(127,244),(127,250),(127,256),(127,262),(127,270),(127,276),(127,282),(127,288),(127,300),(127,306),(127,320),(127,339),(127,347),(127,367),(127,375),(127,387),(127,419),(127,425),(127,437),(127,445),(127,457),(127,463),(127,471),(127,483),(127,491),(127,505),(127,511),(127,523),(127,529),(127,547),(127,555),(127,561),(127,567),(127,580),(127,586),(127,592),(127,598),(127,606),(127,618),(127,630),(127,636),(127,644),(127,662),(127,681),(127,687),(695,698),(695,704),(695,710),(695,716),(695,722),(695,728),(695,740),(695,754),(695,760),(695,766),(695,772),(695,778),(695,784),(695,792),(695,804),(695,812),(695,818),(695,824),(832,835),(832,841),(832,847),(832,853),(832,859),(832,873),(832,879),(832,885),(832,891),(832,897),(832,903),(832,911),(832,917),(832,923),(832,929),(832,936),(832,948),(832,954),(832,962),(832,968),(832,980),(832,986),(832,992),(832,998),(832,1004),(832,1018),(832,1024),(832,1036),(832,1048),(832,1068),(832,1074),(832,1080),(832,1086),(832,1094),(832,1100),(832,1106),(832,1114),(832,1140),(832,1146),(832,1152),(832,1164),(832,1170),(832,1176),(832,1182),(832,1188),(832,1196),(832,1202),(832,1208),(1228,1231),(1228,1239),(1248,1251),(1248,1269),(1248,1287),(1248,1307),(1248,1313),(1248,1319),(1248,1327),(1248,1333),(1248,1339),(1248,1351),(1248,1357),(1248,1363),(1248,1369),(1248,1375),(1248,1383),(1248,1389),(1248,1395),(1248,1401),(1248,1409),(1248,1415),(1248,1427),(1248,1433),(1248,1439),(1248,1445),(1248,1453),(1248,1465),(1248,1471),(1248,1478),(1248,1486),(1248,1492),(1248,1498),(1248,1504),(1248,1510),(1248,1516),(1248,1522),(1248,1528),(1248,1542),(1248,1554),(1248,1560),(1248,1566),(1248,1575),(1248,1581),(1248,1587),(1248,1593),(1248,1605),(1248,1617),(1248,1625),(1248,1637),(1248,1649),(1248,1655),(1248,1663),(1248,1671),(1248,1677),(1248,1685),(1248,1703),(1248,1715),(1248,1729),(1248,1735),(1248,1753),(1248,1759),(1248,1765),(1248,1779),(1248,1785),(1248,1791),(1248,1797),(1248,1803),(1248,1809),(1248,1816),(1248,1830),(1248,1837),(1248,1849),(1248,1857),(1248,1869),(1248,1881),(1248,1887),(1248,1899),(1248,1905),(1248,1913),(1248,1919),(1248,1925),(1248,1931),(1248,1945),(1248,1951),(1248,1957),(1971,1974),(1971,1986),(1971,1994),(1971,2000),(1971,2006),(1971,2012),(1971,2018),(1971,2024),(1971,2038),(1971,2044),(1971,2056),(1971,2062),(1971,2068),(1971,2074),(1971,2082),(1971,2088),(1971,2094),(1971,2106),(1971,2114),(1971,2120),(1971,2134),(1971,2142),(1971,2148),(1971,2162),(1971,2174),(1971,2180),(1971,2186),(1971,2192),(1971,2218),(1971,2230),(1971,2244),(1971,2250),(1971,2256),(2264,2267),(2264,2273),(2264,2285),(2264,2293),(2264,2301),(2264,2307),(2264,2313),(2264,2351),(2264,2363),(2264,2369),(2264,2375),(2264,2393),(2264,2401),(2264,2413),(2264,2425),(2264,2431),(2264,2437),(2264,2449),(2264,2457),(2264,2465),(2264,2471),(2264,2477),(2264,2483),(2264,2489),(2264,2497),(2264,2503),(2264,2509),(2264,2515),(2264,2521),(2264,2529),(2264,2537),(2264,2550),(2264,2562),(2264,2568),(2264,2582),(2264,2588),(2264,2594),(2264,2608),(2264,2614),(2264,2620),(2264,2626),(2264,2632),(2264,2646),(2264,2670),(2264,2696),(2264,2708),(2264,2714),(2264,2726),(2264,2732),(2264,2746),(2264,2752),(2264,2758),(2264,2764),(2264,2770),(2264,2784),(2264,2790),(2264,2796),(2803,2806),(2803,2812),(2803,2818),(2803,2824),(2803,2830),(2803,2838),(2803,2858),(2803,2872),(2803,2884),(2803,2904),(2803,2910),(2803,2916),(2803,2922),(2803,2928),(2803,2942),(2803,2964),(2803,2970),(2803,2976),(2803,2982),(2803,2988),(2803,2996),(2803,3002),(2803,3008),(2803,3034),(2803,3040),(2803,3046),(2803,3052),(2803,3064),(2803,3070),(2803,3076),(2803,3084),(2803,3096),(2803,3102),(2803,3108),(2803,3121),(2803,3127),(2803,3133);
/*!40000 ALTER TABLE `requires` ENABLE KEYS */;
UNLOCK TABLES;
/*!40103 SET TIME_ZONE=@OLD_TIME_ZONE */;

/*!40101 SET SQL_MODE=@OLD_SQL_MODE */;
/*!40014 SET FOREIGN_KEY_CHECKS=@OLD_FOREIGN_KEY_CHECKS */;
/*!40014 SET UNIQUE_CHECKS=@OLD_UNIQUE_CHECKS */;
/*!40101 SET CHARACTER_SET_CLIENT=@OLD_CHARACTER_SET_CLIENT */;
/*!40101 SET CHARACTER_SET_RESULTS=@OLD_CHARACTER_SET_RESULTS */;
/*!40101 SET COLLATION_CONNECTION=@OLD_COLLATION_CONNECTION */;
/*!40111 SET SQL_NOTES=@OLD_SQL_NOTES */;

