SET SESSION sql_mode = 'ANSI_QUOTES';
--
-- Database: "trainbenchmark"
--

-- 512 Mb
SET max_heap_table_size=536870912;

DROP DATABASE IF EXISTS "trainbenchmark";
CREATE DATABASE "trainbenchmark";
USE "trainbenchmark";

START TRANSACTION;
-- --------------------------------------------------------

--
-- Nodes
--

CREATE TABLE IF NOT EXISTS "Route" (
  "id" int NOT NULL AUTO_INCREMENT,
  "active" int,
  "entry" int,
  "exit" int,
  PRIMARY KEY  ("id")
) DEFAULT CHARSET=utf8 AUTO_INCREMENT=1 ENGINE=MEMORY;

CREATE TABLE IF NOT EXISTS "Region" (
  "id" int NOT NULL AUTO_INCREMENT,
  PRIMARY KEY  ("id")
) DEFAULT CHARSET=utf8 AUTO_INCREMENT=1 ENGINE=MEMORY;

CREATE TABLE IF NOT EXISTS "Segment" (
  "id" int NOT NULL AUTO_INCREMENT,
  "length" int NOT NULL DEFAULT 1,
  PRIMARY KEY  ("id")
) DEFAULT CHARSET=utf8 ENGINE=MEMORY;

CREATE TABLE IF NOT EXISTS "Sensor" (
  "id" int NOT NULL AUTO_INCREMENT,
  "region" int NOT NULL, -- inverse of the "sensors" edge
  PRIMARY KEY  ("id")
) DEFAULT CHARSET=utf8 AUTO_INCREMENT=1 ENGINE=MEMORY;

CREATE TABLE IF NOT EXISTS "Semaphore" (
  "id" int NOT NULL AUTO_INCREMENT,
  "segment" int NOT NULL, -- inverse of the "semaphores" edge
  "signal" int NOT NULL,
  PRIMARY KEY  ("id")
) DEFAULT CHARSET=utf8 AUTO_INCREMENT=1 ENGINE=MEMORY;

CREATE TABLE IF NOT EXISTS "Switch" (
  "id" int NOT NULL AUTO_INCREMENT,
  "currentPosition" int NOT NULL,
  PRIMARY KEY  ("id")
) DEFAULT CHARSET=utf8 ENGINE=MEMORY;

CREATE TABLE IF NOT EXISTS "SwitchPosition" (
  "id" int NOT NULL AUTO_INCREMENT,
  "route" int, -- inverse of the "follows" edge
  "target" int,
  "position" int NOT NULL,
  PRIMARY KEY  ("id")
) DEFAULT CHARSET=utf8 AUTO_INCREMENT=1 ENGINE=MEMORY;

CREATE TABLE IF NOT EXISTS "TrackElement" (
  "id" int NOT NULL AUTO_INCREMENT,
  "region" int NOT NULL, -- inverse of the "elements" edge
  PRIMARY KEY  ("id")
) DEFAULT CHARSET=utf8 AUTO_INCREMENT=1 ENGINE=MEMORY;

--
-- Edges
--

CREATE TABLE IF NOT EXISTS "connectsTo" (
  "TrackElement1_id" int NOT NULL,
  "TrackElement2_id" int NOT NULL,
  PRIMARY KEY  ("TrackElement1_id", "TrackElement2_id")
) DEFAULT CHARSET=utf8 ENGINE=MEMORY;

CREATE TABLE IF NOT EXISTS "monitoredBy" (
  "TrackElement_id" int NOT NULL,
  "Sensor_id" int NOT NULL,
  PRIMARY KEY  ("TrackElement_id", "Sensor_id")
) DEFAULT CHARSET=utf8 ENGINE=MEMORY;

CREATE TABLE IF NOT EXISTS "requires" (
  "Route_id" int NOT NULL,
  "Sensor_id" int NOT NULL,
  PRIMARY KEY  ("Route_id", "Sensor_id")
) DEFAULT CHARSET=utf8 ENGINE=MEMORY;
INSERT INTO "Semaphore" ("id", "signal") VALUES (1, 2);
INSERT INTO "Semaphore" ("id", "signal") VALUES (2, 2);
INSERT INTO "Route" ("id", "active", "entry", "exit") VALUES (3, 1, 1, 2);
INSERT INTO "Region" ("id") VALUES (4);
INSERT INTO "TrackElement" ("id") VALUES (5);
INSERT INTO "Switch" ("id", "currentPosition") VALUES (5, 0);
UPDATE "TrackElement" SET "region" = 4 WHERE "id" = 5;
INSERT INTO "Sensor" ("id") VALUES (6);
UPDATE "Sensor" SET "region" = 4 WHERE "id" = 6;
INSERT INTO "monitoredBy" VALUES (5, 6);
INSERT INTO "requires" VALUES (3, 6);
INSERT INTO "TrackElement" ("id") VALUES (7);
INSERT INTO "Segment" ("id", "length") VALUES (7, 461);
UPDATE "TrackElement" SET "region" = 4 WHERE "id" = 7;
INSERT INTO "monitoredBy" VALUES (7, 6);
UPDATE "Semaphore" SET "segment" = 7 WHERE "id" = 2;
INSERT INTO "TrackElement" ("id") VALUES (8);
INSERT INTO "Segment" ("id", "length") VALUES (8, 879);
UPDATE "TrackElement" SET "region" = 4 WHERE "id" = 8;
INSERT INTO "monitoredBy" VALUES (8, 6);
INSERT INTO "TrackElement" ("id") VALUES (9);
INSERT INTO "Segment" ("id", "length") VALUES (9, 829);
UPDATE "TrackElement" SET "region" = 4 WHERE "id" = 9;
INSERT INTO "monitoredBy" VALUES (9, 6);
INSERT INTO "TrackElement" ("id") VALUES (10);
INSERT INTO "Segment" ("id", "length") VALUES (10, 732);
UPDATE "TrackElement" SET "region" = 4 WHERE "id" = 10;
INSERT INTO "monitoredBy" VALUES (10, 6);
INSERT INTO "TrackElement" ("id") VALUES (11);
INSERT INTO "Segment" ("id", "length") VALUES (11, 857);
UPDATE "TrackElement" SET "region" = 4 WHERE "id" = 11;
INSERT INTO "monitoredBy" VALUES (11, 6);
INSERT INTO "Sensor" ("id") VALUES (12);
UPDATE "Sensor" SET "region" = 4 WHERE "id" = 12;
INSERT INTO "monitoredBy" VALUES (5, 12);
INSERT INTO "requires" VALUES (3, 12);
INSERT INTO "TrackElement" ("id") VALUES (13);
INSERT INTO "Segment" ("id", "length") VALUES (13, 294);
UPDATE "TrackElement" SET "region" = 4 WHERE "id" = 13;
INSERT INTO "monitoredBy" VALUES (13, 12);
INSERT INTO "TrackElement" ("id") VALUES (14);
INSERT INTO "Segment" ("id", "length") VALUES (14, 306);
UPDATE "TrackElement" SET "region" = 4 WHERE "id" = 14;
INSERT INTO "monitoredBy" VALUES (14, 12);
INSERT INTO "TrackElement" ("id") VALUES (15);
INSERT INTO "Segment" ("id", "length") VALUES (15, 597);
UPDATE "TrackElement" SET "region" = 4 WHERE "id" = 15;
INSERT INTO "monitoredBy" VALUES (15, 12);
INSERT INTO "TrackElement" ("id") VALUES (16);
INSERT INTO "Segment" ("id", "length") VALUES (16, 396);
UPDATE "TrackElement" SET "region" = 4 WHERE "id" = 16;
INSERT INTO "monitoredBy" VALUES (16, 12);
INSERT INTO "TrackElement" ("id") VALUES (17);
INSERT INTO "Segment" ("id", "length") VALUES (17, 518);
UPDATE "TrackElement" SET "region" = 4 WHERE "id" = 17;
INSERT INTO "monitoredBy" VALUES (17, 12);
INSERT INTO "Sensor" ("id") VALUES (18);
UPDATE "Sensor" SET "region" = 4 WHERE "id" = 18;
INSERT INTO "monitoredBy" VALUES (5, 18);
INSERT INTO "requires" VALUES (3, 18);
INSERT INTO "TrackElement" ("id") VALUES (19);
INSERT INTO "Segment" ("id", "length") VALUES (19, 974);
UPDATE "TrackElement" SET "region" = 4 WHERE "id" = 19;
INSERT INTO "monitoredBy" VALUES (19, 18);
INSERT INTO "TrackElement" ("id") VALUES (20);
INSERT INTO "Segment" ("id", "length") VALUES (20, 324);
UPDATE "TrackElement" SET "region" = 4 WHERE "id" = 20;
INSERT INTO "monitoredBy" VALUES (20, 18);
INSERT INTO "TrackElement" ("id") VALUES (21);
INSERT INTO "Segment" ("id", "length") VALUES (21, 996);
UPDATE "TrackElement" SET "region" = 4 WHERE "id" = 21;
INSERT INTO "monitoredBy" VALUES (21, 18);
INSERT INTO "TrackElement" ("id") VALUES (22);
INSERT INTO "Segment" ("id", "length") VALUES (22, 455);
UPDATE "TrackElement" SET "region" = 4 WHERE "id" = 22;
INSERT INTO "monitoredBy" VALUES (22, 18);
INSERT INTO "TrackElement" ("id") VALUES (23);
INSERT INTO "Segment" ("id", "length") VALUES (23, 582);
UPDATE "TrackElement" SET "region" = 4 WHERE "id" = 23;
INSERT INTO "monitoredBy" VALUES (23, 18);
INSERT INTO "SwitchPosition" ("id", "position", "target") VALUES (24, 0, 5);
UPDATE "SwitchPosition" SET "route" = 3 WHERE "id" = 24;
INSERT INTO "connectsTo" VALUES (5, 7);
INSERT INTO "connectsTo" VALUES (7, 8);
INSERT INTO "connectsTo" VALUES (8, 9);
INSERT INTO "connectsTo" VALUES (9, 10);
INSERT INTO "connectsTo" VALUES (10, 11);
INSERT INTO "connectsTo" VALUES (11, 13);
INSERT INTO "connectsTo" VALUES (13, 14);
INSERT INTO "connectsTo" VALUES (14, 15);
INSERT INTO "connectsTo" VALUES (15, 16);
INSERT INTO "connectsTo" VALUES (16, 17);
INSERT INTO "connectsTo" VALUES (17, 19);
INSERT INTO "connectsTo" VALUES (19, 20);
INSERT INTO "connectsTo" VALUES (20, 21);
INSERT INTO "connectsTo" VALUES (21, 22);
INSERT INTO "connectsTo" VALUES (22, 23);
INSERT INTO "Semaphore" ("id", "signal") VALUES (25, 2);
INSERT INTO "Route" ("id", "active", "entry", "exit") VALUES (26, 1, 2, 25);
INSERT INTO "Region" ("id") VALUES (27);
INSERT INTO "TrackElement" ("id") VALUES (28);
INSERT INTO "Switch" ("id", "currentPosition") VALUES (28, 1);
UPDATE "TrackElement" SET "region" = 27 WHERE "id" = 28;
INSERT INTO "Sensor" ("id") VALUES (29);
UPDATE "Sensor" SET "region" = 27 WHERE "id" = 29;
INSERT INTO "monitoredBy" VALUES (28, 29);
INSERT INTO "requires" VALUES (26, 29);
INSERT INTO "TrackElement" ("id") VALUES (30);
INSERT INTO "Segment" ("id", "length") VALUES (30, 679);
UPDATE "TrackElement" SET "region" = 27 WHERE "id" = 30;
INSERT INTO "monitoredBy" VALUES (30, 29);
UPDATE "Semaphore" SET "segment" = 30 WHERE "id" = 25;
INSERT INTO "TrackElement" ("id") VALUES (31);
INSERT INTO "Segment" ("id", "length") VALUES (31, 745);
UPDATE "TrackElement" SET "region" = 27 WHERE "id" = 31;
INSERT INTO "monitoredBy" VALUES (31, 29);
INSERT INTO "TrackElement" ("id") VALUES (32);
INSERT INTO "Segment" ("id", "length") VALUES (32, 711);
UPDATE "TrackElement" SET "region" = 27 WHERE "id" = 32;
INSERT INTO "monitoredBy" VALUES (32, 29);
INSERT INTO "TrackElement" ("id") VALUES (33);
INSERT INTO "Segment" ("id", "length") VALUES (33, 733);
UPDATE "TrackElement" SET "region" = 27 WHERE "id" = 33;
INSERT INTO "monitoredBy" VALUES (33, 29);
INSERT INTO "TrackElement" ("id") VALUES (34);
INSERT INTO "Segment" ("id", "length") VALUES (34, 449);
UPDATE "TrackElement" SET "region" = 27 WHERE "id" = 34;
INSERT INTO "monitoredBy" VALUES (34, 29);
INSERT INTO "Sensor" ("id") VALUES (35);
UPDATE "Sensor" SET "region" = 27 WHERE "id" = 35;
INSERT INTO "monitoredBy" VALUES (28, 35);
INSERT INTO "requires" VALUES (26, 35);
INSERT INTO "TrackElement" ("id") VALUES (36);
INSERT INTO "Segment" ("id", "length") VALUES (36, 483);
UPDATE "TrackElement" SET "region" = 27 WHERE "id" = 36;
INSERT INTO "monitoredBy" VALUES (36, 35);
INSERT INTO "TrackElement" ("id") VALUES (37);
INSERT INTO "Segment" ("id", "length") VALUES (37, 636);
UPDATE "TrackElement" SET "region" = 27 WHERE "id" = 37;
INSERT INTO "monitoredBy" VALUES (37, 35);
INSERT INTO "TrackElement" ("id") VALUES (38);
INSERT INTO "Segment" ("id", "length") VALUES (38, 849);
UPDATE "TrackElement" SET "region" = 27 WHERE "id" = 38;
INSERT INTO "monitoredBy" VALUES (38, 35);
INSERT INTO "TrackElement" ("id") VALUES (39);
INSERT INTO "Segment" ("id", "length") VALUES (39, 345);
UPDATE "TrackElement" SET "region" = 27 WHERE "id" = 39;
INSERT INTO "monitoredBy" VALUES (39, 35);
INSERT INTO "TrackElement" ("id") VALUES (40);
INSERT INTO "Segment" ("id", "length") VALUES (40, 771);
UPDATE "TrackElement" SET "region" = 27 WHERE "id" = 40;
INSERT INTO "monitoredBy" VALUES (40, 35);
INSERT INTO "Sensor" ("id") VALUES (41);
UPDATE "Sensor" SET "region" = 27 WHERE "id" = 41;
INSERT INTO "monitoredBy" VALUES (28, 41);
INSERT INTO "requires" VALUES (26, 41);
INSERT INTO "TrackElement" ("id") VALUES (42);
INSERT INTO "Segment" ("id", "length") VALUES (42, 209);
UPDATE "TrackElement" SET "region" = 27 WHERE "id" = 42;
INSERT INTO "monitoredBy" VALUES (42, 41);
INSERT INTO "TrackElement" ("id") VALUES (43);
INSERT INTO "Segment" ("id", "length") VALUES (43, 721);
UPDATE "TrackElement" SET "region" = 27 WHERE "id" = 43;
INSERT INTO "monitoredBy" VALUES (43, 41);
INSERT INTO "TrackElement" ("id") VALUES (44);
INSERT INTO "Segment" ("id", "length") VALUES (44, 436);
UPDATE "TrackElement" SET "region" = 27 WHERE "id" = 44;
INSERT INTO "monitoredBy" VALUES (44, 41);
INSERT INTO "TrackElement" ("id") VALUES (45);
INSERT INTO "Segment" ("id", "length") VALUES (45, 818);
UPDATE "TrackElement" SET "region" = 27 WHERE "id" = 45;
INSERT INTO "monitoredBy" VALUES (45, 41);
INSERT INTO "TrackElement" ("id") VALUES (46);
INSERT INTO "Segment" ("id", "length") VALUES (46, 153);
UPDATE "TrackElement" SET "region" = 27 WHERE "id" = 46;
INSERT INTO "monitoredBy" VALUES (46, 41);
INSERT INTO "Sensor" ("id") VALUES (47);
UPDATE "Sensor" SET "region" = 27 WHERE "id" = 47;
INSERT INTO "monitoredBy" VALUES (28, 47);
INSERT INTO "requires" VALUES (26, 47);
INSERT INTO "TrackElement" ("id") VALUES (48);
INSERT INTO "Segment" ("id", "length") VALUES (48, 764);
UPDATE "TrackElement" SET "region" = 27 WHERE "id" = 48;
INSERT INTO "monitoredBy" VALUES (48, 47);
INSERT INTO "TrackElement" ("id") VALUES (49);
INSERT INTO "Segment" ("id", "length") VALUES (49, 872);
UPDATE "TrackElement" SET "region" = 27 WHERE "id" = 49;
INSERT INTO "monitoredBy" VALUES (49, 47);
INSERT INTO "TrackElement" ("id") VALUES (50);
INSERT INTO "Segment" ("id", "length") VALUES (50, 515);
UPDATE "TrackElement" SET "region" = 27 WHERE "id" = 50;
INSERT INTO "monitoredBy" VALUES (50, 47);
INSERT INTO "TrackElement" ("id") VALUES (51);
INSERT INTO "Segment" ("id", "length") VALUES (51, 11);
UPDATE "TrackElement" SET "region" = 27 WHERE "id" = 51;
INSERT INTO "monitoredBy" VALUES (51, 47);
INSERT INTO "TrackElement" ("id") VALUES (52);
INSERT INTO "Segment" ("id", "length") VALUES (52, 994);
UPDATE "TrackElement" SET "region" = 27 WHERE "id" = 52;
INSERT INTO "monitoredBy" VALUES (52, 47);
INSERT INTO "Sensor" ("id") VALUES (53);
UPDATE "Sensor" SET "region" = 27 WHERE "id" = 53;
INSERT INTO "monitoredBy" VALUES (28, 53);
INSERT INTO "requires" VALUES (26, 53);
INSERT INTO "TrackElement" ("id") VALUES (54);
INSERT INTO "Segment" ("id", "length") VALUES (54, 692);
UPDATE "TrackElement" SET "region" = 27 WHERE "id" = 54;
INSERT INTO "monitoredBy" VALUES (54, 53);
INSERT INTO "TrackElement" ("id") VALUES (55);
INSERT INTO "Segment" ("id", "length") VALUES (55, 590);
UPDATE "TrackElement" SET "region" = 27 WHERE "id" = 55;
INSERT INTO "monitoredBy" VALUES (55, 53);
INSERT INTO "TrackElement" ("id") VALUES (56);
INSERT INTO "Segment" ("id", "length") VALUES (56, 896);
UPDATE "TrackElement" SET "region" = 27 WHERE "id" = 56;
INSERT INTO "monitoredBy" VALUES (56, 53);
INSERT INTO "TrackElement" ("id") VALUES (57);
INSERT INTO "Segment" ("id", "length") VALUES (57, 325);
UPDATE "TrackElement" SET "region" = 27 WHERE "id" = 57;
INSERT INTO "monitoredBy" VALUES (57, 53);
INSERT INTO "TrackElement" ("id") VALUES (58);
INSERT INTO "Segment" ("id", "length") VALUES (58, 800);
UPDATE "TrackElement" SET "region" = 27 WHERE "id" = 58;
INSERT INTO "monitoredBy" VALUES (58, 53);
INSERT INTO "SwitchPosition" ("id", "position", "target") VALUES (59, 1, 28);
UPDATE "SwitchPosition" SET "route" = 26 WHERE "id" = 59;
INSERT INTO "TrackElement" ("id") VALUES (60);
INSERT INTO "Switch" ("id", "currentPosition") VALUES (60, 1);
UPDATE "TrackElement" SET "region" = 27 WHERE "id" = 60;
INSERT INTO "Sensor" ("id") VALUES (61);
UPDATE "Sensor" SET "region" = 27 WHERE "id" = 61;
INSERT INTO "monitoredBy" VALUES (60, 61);
INSERT INTO "requires" VALUES (26, 61);
INSERT INTO "TrackElement" ("id") VALUES (62);
INSERT INTO "Segment" ("id", "length") VALUES (62, 220);
UPDATE "TrackElement" SET "region" = 27 WHERE "id" = 62;
INSERT INTO "monitoredBy" VALUES (62, 61);
INSERT INTO "TrackElement" ("id") VALUES (63);
INSERT INTO "Segment" ("id", "length") VALUES (63, 929);
UPDATE "TrackElement" SET "region" = 27 WHERE "id" = 63;
INSERT INTO "monitoredBy" VALUES (63, 61);
INSERT INTO "TrackElement" ("id") VALUES (64);
INSERT INTO "Segment" ("id", "length") VALUES (64, 152);
UPDATE "TrackElement" SET "region" = 27 WHERE "id" = 64;
INSERT INTO "monitoredBy" VALUES (64, 61);
INSERT INTO "TrackElement" ("id") VALUES (65);
INSERT INTO "Segment" ("id", "length") VALUES (65, 886);
UPDATE "TrackElement" SET "region" = 27 WHERE "id" = 65;
INSERT INTO "monitoredBy" VALUES (65, 61);
INSERT INTO "TrackElement" ("id") VALUES (66);
INSERT INTO "Segment" ("id", "length") VALUES (66, 23);
UPDATE "TrackElement" SET "region" = 27 WHERE "id" = 66;
INSERT INTO "monitoredBy" VALUES (66, 61);
INSERT INTO "Sensor" ("id") VALUES (67);
UPDATE "Sensor" SET "region" = 27 WHERE "id" = 67;
INSERT INTO "monitoredBy" VALUES (60, 67);
INSERT INTO "requires" VALUES (26, 67);
INSERT INTO "TrackElement" ("id") VALUES (68);
INSERT INTO "Segment" ("id", "length") VALUES (68, 437);
UPDATE "TrackElement" SET "region" = 27 WHERE "id" = 68;
INSERT INTO "monitoredBy" VALUES (68, 67);
INSERT INTO "TrackElement" ("id") VALUES (69);
INSERT INTO "Segment" ("id", "length") VALUES (69, 375);
UPDATE "TrackElement" SET "region" = 27 WHERE "id" = 69;
INSERT INTO "monitoredBy" VALUES (69, 67);
INSERT INTO "TrackElement" ("id") VALUES (70);
INSERT INTO "Segment" ("id", "length") VALUES (70, 942);
UPDATE "TrackElement" SET "region" = 27 WHERE "id" = 70;
INSERT INTO "monitoredBy" VALUES (70, 67);
INSERT INTO "TrackElement" ("id") VALUES (71);
INSERT INTO "Segment" ("id", "length") VALUES (71, 18);
UPDATE "TrackElement" SET "region" = 27 WHERE "id" = 71;
INSERT INTO "monitoredBy" VALUES (71, 67);
INSERT INTO "TrackElement" ("id") VALUES (72);
INSERT INTO "Segment" ("id", "length") VALUES (72, 488);
UPDATE "TrackElement" SET "region" = 27 WHERE "id" = 72;
INSERT INTO "monitoredBy" VALUES (72, 67);
INSERT INTO "Sensor" ("id") VALUES (73);
UPDATE "Sensor" SET "region" = 27 WHERE "id" = 73;
INSERT INTO "monitoredBy" VALUES (60, 73);
INSERT INTO "requires" VALUES (26, 73);
INSERT INTO "TrackElement" ("id") VALUES (74);
INSERT INTO "Segment" ("id", "length") VALUES (74, 511);
UPDATE "TrackElement" SET "region" = 27 WHERE "id" = 74;
INSERT INTO "monitoredBy" VALUES (74, 73);
INSERT INTO "TrackElement" ("id") VALUES (75);
INSERT INTO "Segment" ("id", "length") VALUES (75, 625);
UPDATE "TrackElement" SET "region" = 27 WHERE "id" = 75;
INSERT INTO "monitoredBy" VALUES (75, 73);
INSERT INTO "TrackElement" ("id") VALUES (76);
INSERT INTO "Segment" ("id", "length") VALUES (76, 111);
UPDATE "TrackElement" SET "region" = 27 WHERE "id" = 76;
INSERT INTO "monitoredBy" VALUES (76, 73);
INSERT INTO "TrackElement" ("id") VALUES (77);
INSERT INTO "Segment" ("id", "length") VALUES (77, 757);
UPDATE "TrackElement" SET "region" = 27 WHERE "id" = 77;
INSERT INTO "monitoredBy" VALUES (77, 73);
INSERT INTO "TrackElement" ("id") VALUES (78);
INSERT INTO "Segment" ("id", "length") VALUES (78, 711);
UPDATE "TrackElement" SET "region" = 27 WHERE "id" = 78;
INSERT INTO "monitoredBy" VALUES (78, 73);
INSERT INTO "Sensor" ("id") VALUES (79);
UPDATE "Sensor" SET "region" = 27 WHERE "id" = 79;
INSERT INTO "monitoredBy" VALUES (60, 79);
INSERT INTO "requires" VALUES (26, 79);
INSERT INTO "TrackElement" ("id") VALUES (80);
INSERT INTO "Segment" ("id", "length") VALUES (80, 789);
UPDATE "TrackElement" SET "region" = 27 WHERE "id" = 80;
INSERT INTO "monitoredBy" VALUES (80, 79);
INSERT INTO "TrackElement" ("id") VALUES (81);
INSERT INTO "Segment" ("id", "length") VALUES (81, 456);
UPDATE "TrackElement" SET "region" = 27 WHERE "id" = 81;
INSERT INTO "monitoredBy" VALUES (81, 79);
INSERT INTO "TrackElement" ("id") VALUES (82);
INSERT INTO "Segment" ("id", "length") VALUES (82, 434);
UPDATE "TrackElement" SET "region" = 27 WHERE "id" = 82;
INSERT INTO "monitoredBy" VALUES (82, 79);
INSERT INTO "TrackElement" ("id") VALUES (83);
INSERT INTO "Segment" ("id", "length") VALUES (83, 613);
UPDATE "TrackElement" SET "region" = 27 WHERE "id" = 83;
INSERT INTO "monitoredBy" VALUES (83, 79);
INSERT INTO "TrackElement" ("id") VALUES (84);
INSERT INTO "Segment" ("id", "length") VALUES (84, 801);
UPDATE "TrackElement" SET "region" = 27 WHERE "id" = 84;
INSERT INTO "monitoredBy" VALUES (84, 79);
INSERT INTO "Sensor" ("id") VALUES (85);
UPDATE "Sensor" SET "region" = 27 WHERE "id" = 85;
INSERT INTO "monitoredBy" VALUES (60, 85);
INSERT INTO "requires" VALUES (26, 85);
INSERT INTO "TrackElement" ("id") VALUES (86);
INSERT INTO "Segment" ("id", "length") VALUES (86, 608);
UPDATE "TrackElement" SET "region" = 27 WHERE "id" = 86;
INSERT INTO "monitoredBy" VALUES (86, 85);
INSERT INTO "TrackElement" ("id") VALUES (87);
INSERT INTO "Segment" ("id", "length") VALUES (87, 829);
UPDATE "TrackElement" SET "region" = 27 WHERE "id" = 87;
INSERT INTO "monitoredBy" VALUES (87, 85);
INSERT INTO "TrackElement" ("id") VALUES (88);
INSERT INTO "Segment" ("id", "length") VALUES (88, 619);
UPDATE "TrackElement" SET "region" = 27 WHERE "id" = 88;
INSERT INTO "monitoredBy" VALUES (88, 85);
INSERT INTO "TrackElement" ("id") VALUES (89);
INSERT INTO "Segment" ("id", "length") VALUES (89, 620);
UPDATE "TrackElement" SET "region" = 27 WHERE "id" = 89;
INSERT INTO "monitoredBy" VALUES (89, 85);
INSERT INTO "TrackElement" ("id") VALUES (90);
INSERT INTO "Segment" ("id", "length") VALUES (90, 181);
UPDATE "TrackElement" SET "region" = 27 WHERE "id" = 90;
INSERT INTO "monitoredBy" VALUES (90, 85);
INSERT INTO "Sensor" ("id") VALUES (91);
UPDATE "Sensor" SET "region" = 27 WHERE "id" = 91;
INSERT INTO "monitoredBy" VALUES (60, 91);
INSERT INTO "requires" VALUES (26, 91);
INSERT INTO "TrackElement" ("id") VALUES (92);
INSERT INTO "Segment" ("id", "length") VALUES (92, 703);
UPDATE "TrackElement" SET "region" = 27 WHERE "id" = 92;
INSERT INTO "monitoredBy" VALUES (92, 91);
INSERT INTO "TrackElement" ("id") VALUES (93);
INSERT INTO "Segment" ("id", "length") VALUES (93, 763);
UPDATE "TrackElement" SET "region" = 27 WHERE "id" = 93;
INSERT INTO "monitoredBy" VALUES (93, 91);
INSERT INTO "TrackElement" ("id") VALUES (94);
INSERT INTO "Segment" ("id", "length") VALUES (94, 890);
UPDATE "TrackElement" SET "region" = 27 WHERE "id" = 94;
INSERT INTO "monitoredBy" VALUES (94, 91);
INSERT INTO "TrackElement" ("id") VALUES (95);
INSERT INTO "Segment" ("id", "length") VALUES (95, 736);
UPDATE "TrackElement" SET "region" = 27 WHERE "id" = 95;
INSERT INTO "monitoredBy" VALUES (95, 91);
INSERT INTO "TrackElement" ("id") VALUES (96);
INSERT INTO "Segment" ("id", "length") VALUES (96, 836);
UPDATE "TrackElement" SET "region" = 27 WHERE "id" = 96;
INSERT INTO "monitoredBy" VALUES (96, 91);
INSERT INTO "Sensor" ("id") VALUES (97);
UPDATE "Sensor" SET "region" = 27 WHERE "id" = 97;
INSERT INTO "monitoredBy" VALUES (60, 97);
INSERT INTO "requires" VALUES (26, 97);
INSERT INTO "TrackElement" ("id") VALUES (98);
INSERT INTO "Segment" ("id", "length") VALUES (98, 366);
UPDATE "TrackElement" SET "region" = 27 WHERE "id" = 98;
INSERT INTO "monitoredBy" VALUES (98, 97);
INSERT INTO "TrackElement" ("id") VALUES (99);
INSERT INTO "Segment" ("id", "length") VALUES (99, 638);
UPDATE "TrackElement" SET "region" = 27 WHERE "id" = 99;
INSERT INTO "monitoredBy" VALUES (99, 97);
INSERT INTO "TrackElement" ("id") VALUES (100);
INSERT INTO "Segment" ("id", "length") VALUES (100, 102);
UPDATE "TrackElement" SET "region" = 27 WHERE "id" = 100;
INSERT INTO "monitoredBy" VALUES (100, 97);
INSERT INTO "TrackElement" ("id") VALUES (101);
INSERT INTO "Segment" ("id", "length") VALUES (101, 517);
UPDATE "TrackElement" SET "region" = 27 WHERE "id" = 101;
INSERT INTO "monitoredBy" VALUES (101, 97);
INSERT INTO "TrackElement" ("id") VALUES (102);
INSERT INTO "Segment" ("id", "length") VALUES (102, 785);
UPDATE "TrackElement" SET "region" = 27 WHERE "id" = 102;
INSERT INTO "monitoredBy" VALUES (102, 97);
INSERT INTO "SwitchPosition" ("id", "position", "target") VALUES (103, 1, 60);
UPDATE "SwitchPosition" SET "route" = 26 WHERE "id" = 103;
INSERT INTO "TrackElement" ("id") VALUES (104);
INSERT INTO "Switch" ("id", "currentPosition") VALUES (104, 1);
UPDATE "TrackElement" SET "region" = 27 WHERE "id" = 104;
INSERT INTO "Sensor" ("id") VALUES (105);
UPDATE "Sensor" SET "region" = 27 WHERE "id" = 105;
INSERT INTO "monitoredBy" VALUES (104, 105);
INSERT INTO "requires" VALUES (26, 105);
INSERT INTO "TrackElement" ("id") VALUES (106);
INSERT INTO "Segment" ("id", "length") VALUES (106, 657);
UPDATE "TrackElement" SET "region" = 27 WHERE "id" = 106;
INSERT INTO "monitoredBy" VALUES (106, 105);
INSERT INTO "TrackElement" ("id") VALUES (107);
INSERT INTO "Segment" ("id", "length") VALUES (107, 931);
UPDATE "TrackElement" SET "region" = 27 WHERE "id" = 107;
INSERT INTO "monitoredBy" VALUES (107, 105);
INSERT INTO "TrackElement" ("id") VALUES (108);
INSERT INTO "Segment" ("id", "length") VALUES (108, 119);
UPDATE "TrackElement" SET "region" = 27 WHERE "id" = 108;
INSERT INTO "monitoredBy" VALUES (108, 105);
INSERT INTO "TrackElement" ("id") VALUES (109);
INSERT INTO "Segment" ("id", "length") VALUES (109, 342);
UPDATE "TrackElement" SET "region" = 27 WHERE "id" = 109;
INSERT INTO "monitoredBy" VALUES (109, 105);
INSERT INTO "TrackElement" ("id") VALUES (110);
INSERT INTO "Segment" ("id", "length") VALUES (110, 986);
UPDATE "TrackElement" SET "region" = 27 WHERE "id" = 110;
INSERT INTO "monitoredBy" VALUES (110, 105);
INSERT INTO "Sensor" ("id") VALUES (111);
UPDATE "Sensor" SET "region" = 27 WHERE "id" = 111;
INSERT INTO "monitoredBy" VALUES (104, 111);
INSERT INTO "requires" VALUES (26, 111);
INSERT INTO "TrackElement" ("id") VALUES (112);
INSERT INTO "Segment" ("id", "length") VALUES (112, 212);
UPDATE "TrackElement" SET "region" = 27 WHERE "id" = 112;
INSERT INTO "monitoredBy" VALUES (112, 111);
INSERT INTO "TrackElement" ("id") VALUES (113);
INSERT INTO "Segment" ("id", "length") VALUES (113, 907);
UPDATE "TrackElement" SET "region" = 27 WHERE "id" = 113;
INSERT INTO "monitoredBy" VALUES (113, 111);
INSERT INTO "TrackElement" ("id") VALUES (114);
INSERT INTO "Segment" ("id", "length") VALUES (114, 118);
UPDATE "TrackElement" SET "region" = 27 WHERE "id" = 114;
INSERT INTO "monitoredBy" VALUES (114, 111);
INSERT INTO "TrackElement" ("id") VALUES (115);
INSERT INTO "Segment" ("id", "length") VALUES (115, 533);
UPDATE "TrackElement" SET "region" = 27 WHERE "id" = 115;
INSERT INTO "monitoredBy" VALUES (115, 111);
INSERT INTO "TrackElement" ("id") VALUES (116);
INSERT INTO "Segment" ("id", "length") VALUES (116, 510);
UPDATE "TrackElement" SET "region" = 27 WHERE "id" = 116;
INSERT INTO "monitoredBy" VALUES (116, 111);
INSERT INTO "Sensor" ("id") VALUES (117);
UPDATE "Sensor" SET "region" = 27 WHERE "id" = 117;
INSERT INTO "monitoredBy" VALUES (104, 117);
INSERT INTO "requires" VALUES (26, 117);
INSERT INTO "TrackElement" ("id") VALUES (118);
INSERT INTO "Segment" ("id", "length") VALUES (118, 881);
UPDATE "TrackElement" SET "region" = 27 WHERE "id" = 118;
INSERT INTO "monitoredBy" VALUES (118, 117);
INSERT INTO "TrackElement" ("id") VALUES (119);
INSERT INTO "Segment" ("id", "length") VALUES (119, 740);
UPDATE "TrackElement" SET "region" = 27 WHERE "id" = 119;
INSERT INTO "monitoredBy" VALUES (119, 117);
INSERT INTO "TrackElement" ("id") VALUES (120);
INSERT INTO "Segment" ("id", "length") VALUES (120, 897);
UPDATE "TrackElement" SET "region" = 27 WHERE "id" = 120;
INSERT INTO "monitoredBy" VALUES (120, 117);
INSERT INTO "TrackElement" ("id") VALUES (121);
INSERT INTO "Segment" ("id", "length") VALUES (121, 685);
UPDATE "TrackElement" SET "region" = 27 WHERE "id" = 121;
INSERT INTO "monitoredBy" VALUES (121, 117);
INSERT INTO "TrackElement" ("id") VALUES (122);
INSERT INTO "Segment" ("id", "length") VALUES (122, 630);
UPDATE "TrackElement" SET "region" = 27 WHERE "id" = 122;
INSERT INTO "monitoredBy" VALUES (122, 117);
INSERT INTO "Sensor" ("id") VALUES (123);
UPDATE "Sensor" SET "region" = 27 WHERE "id" = 123;
INSERT INTO "monitoredBy" VALUES (104, 123);
INSERT INTO "requires" VALUES (26, 123);
INSERT INTO "TrackElement" ("id") VALUES (124);
INSERT INTO "Segment" ("id", "length") VALUES (124, 39);
UPDATE "TrackElement" SET "region" = 27 WHERE "id" = 124;
INSERT INTO "monitoredBy" VALUES (124, 123);
INSERT INTO "TrackElement" ("id") VALUES (125);
INSERT INTO "Segment" ("id", "length") VALUES (125, 91);
UPDATE "TrackElement" SET "region" = 27 WHERE "id" = 125;
INSERT INTO "monitoredBy" VALUES (125, 123);
INSERT INTO "TrackElement" ("id") VALUES (126);
INSERT INTO "Segment" ("id", "length") VALUES (126, 963);
UPDATE "TrackElement" SET "region" = 27 WHERE "id" = 126;
INSERT INTO "monitoredBy" VALUES (126, 123);
INSERT INTO "TrackElement" ("id") VALUES (127);
INSERT INTO "Segment" ("id", "length") VALUES (127, 802);
UPDATE "TrackElement" SET "region" = 27 WHERE "id" = 127;
INSERT INTO "monitoredBy" VALUES (127, 123);
INSERT INTO "TrackElement" ("id") VALUES (128);
INSERT INTO "Segment" ("id", "length") VALUES (128, 402);
UPDATE "TrackElement" SET "region" = 27 WHERE "id" = 128;
INSERT INTO "monitoredBy" VALUES (128, 123);
INSERT INTO "Sensor" ("id") VALUES (129);
UPDATE "Sensor" SET "region" = 27 WHERE "id" = 129;
INSERT INTO "monitoredBy" VALUES (104, 129);
INSERT INTO "requires" VALUES (26, 129);
INSERT INTO "TrackElement" ("id") VALUES (130);
INSERT INTO "Segment" ("id", "length") VALUES (130, 547);
UPDATE "TrackElement" SET "region" = 27 WHERE "id" = 130;
INSERT INTO "monitoredBy" VALUES (130, 129);
INSERT INTO "TrackElement" ("id") VALUES (131);
INSERT INTO "Segment" ("id", "length") VALUES (131, 836);
UPDATE "TrackElement" SET "region" = 27 WHERE "id" = 131;
INSERT INTO "monitoredBy" VALUES (131, 129);
INSERT INTO "TrackElement" ("id") VALUES (132);
INSERT INTO "Segment" ("id", "length") VALUES (132, 579);
UPDATE "TrackElement" SET "region" = 27 WHERE "id" = 132;
INSERT INTO "monitoredBy" VALUES (132, 129);
INSERT INTO "TrackElement" ("id") VALUES (133);
INSERT INTO "Segment" ("id", "length") VALUES (133, 218);
UPDATE "TrackElement" SET "region" = 27 WHERE "id" = 133;
INSERT INTO "monitoredBy" VALUES (133, 129);
INSERT INTO "TrackElement" ("id") VALUES (134);
INSERT INTO "Segment" ("id", "length") VALUES (134, 191);
UPDATE "TrackElement" SET "region" = 27 WHERE "id" = 134;
INSERT INTO "monitoredBy" VALUES (134, 129);
INSERT INTO "Sensor" ("id") VALUES (135);
UPDATE "Sensor" SET "region" = 27 WHERE "id" = 135;
INSERT INTO "monitoredBy" VALUES (104, 135);
INSERT INTO "requires" VALUES (26, 135);
INSERT INTO "TrackElement" ("id") VALUES (136);
INSERT INTO "Segment" ("id", "length") VALUES (136, 333);
UPDATE "TrackElement" SET "region" = 27 WHERE "id" = 136;
INSERT INTO "monitoredBy" VALUES (136, 135);
INSERT INTO "TrackElement" ("id") VALUES (137);
INSERT INTO "Segment" ("id", "length") VALUES (137, 923);
UPDATE "TrackElement" SET "region" = 27 WHERE "id" = 137;
INSERT INTO "monitoredBy" VALUES (137, 135);
INSERT INTO "TrackElement" ("id") VALUES (138);
INSERT INTO "Segment" ("id", "length") VALUES (138, 627);
UPDATE "TrackElement" SET "region" = 27 WHERE "id" = 138;
INSERT INTO "monitoredBy" VALUES (138, 135);
INSERT INTO "TrackElement" ("id") VALUES (139);
INSERT INTO "Segment" ("id", "length") VALUES (139, 699);
UPDATE "TrackElement" SET "region" = 27 WHERE "id" = 139;
INSERT INTO "monitoredBy" VALUES (139, 135);
INSERT INTO "TrackElement" ("id") VALUES (140);
INSERT INTO "Segment" ("id", "length") VALUES (140, 11);
UPDATE "TrackElement" SET "region" = 27 WHERE "id" = 140;
INSERT INTO "monitoredBy" VALUES (140, 135);
INSERT INTO "Sensor" ("id") VALUES (141);
UPDATE "Sensor" SET "region" = 27 WHERE "id" = 141;
INSERT INTO "monitoredBy" VALUES (104, 141);
INSERT INTO "requires" VALUES (26, 141);
INSERT INTO "TrackElement" ("id") VALUES (142);
INSERT INTO "Segment" ("id", "length") VALUES (142, 343);
UPDATE "TrackElement" SET "region" = 27 WHERE "id" = 142;
INSERT INTO "monitoredBy" VALUES (142, 141);
INSERT INTO "TrackElement" ("id") VALUES (143);
INSERT INTO "Segment" ("id", "length") VALUES (143, 771);
UPDATE "TrackElement" SET "region" = 27 WHERE "id" = 143;
INSERT INTO "monitoredBy" VALUES (143, 141);
INSERT INTO "TrackElement" ("id") VALUES (144);
INSERT INTO "Segment" ("id", "length") VALUES (144, 288);
UPDATE "TrackElement" SET "region" = 27 WHERE "id" = 144;
INSERT INTO "monitoredBy" VALUES (144, 141);
INSERT INTO "TrackElement" ("id") VALUES (145);
INSERT INTO "Segment" ("id", "length") VALUES (145, 964);
UPDATE "TrackElement" SET "region" = 27 WHERE "id" = 145;
INSERT INTO "monitoredBy" VALUES (145, 141);
INSERT INTO "TrackElement" ("id") VALUES (146);
INSERT INTO "Segment" ("id", "length") VALUES (146, 518);
UPDATE "TrackElement" SET "region" = 27 WHERE "id" = 146;
INSERT INTO "monitoredBy" VALUES (146, 141);
INSERT INTO "SwitchPosition" ("id", "position", "target") VALUES (147, 1, 104);
UPDATE "SwitchPosition" SET "route" = 26 WHERE "id" = 147;
INSERT INTO "TrackElement" ("id") VALUES (148);
INSERT INTO "Switch" ("id", "currentPosition") VALUES (148, 1);
UPDATE "TrackElement" SET "region" = 27 WHERE "id" = 148;
INSERT INTO "Sensor" ("id") VALUES (149);
UPDATE "Sensor" SET "region" = 27 WHERE "id" = 149;
INSERT INTO "monitoredBy" VALUES (148, 149);
INSERT INTO "requires" VALUES (26, 149);
INSERT INTO "TrackElement" ("id") VALUES (150);
INSERT INTO "Segment" ("id", "length") VALUES (150, 404);
UPDATE "TrackElement" SET "region" = 27 WHERE "id" = 150;
INSERT INTO "monitoredBy" VALUES (150, 149);
INSERT INTO "TrackElement" ("id") VALUES (151);
INSERT INTO "Segment" ("id", "length") VALUES (151, 111);
UPDATE "TrackElement" SET "region" = 27 WHERE "id" = 151;
INSERT INTO "monitoredBy" VALUES (151, 149);
INSERT INTO "TrackElement" ("id") VALUES (152);
INSERT INTO "Segment" ("id", "length") VALUES (152, 852);
UPDATE "TrackElement" SET "region" = 27 WHERE "id" = 152;
INSERT INTO "monitoredBy" VALUES (152, 149);
INSERT INTO "TrackElement" ("id") VALUES (153);
INSERT INTO "Segment" ("id", "length") VALUES (153, 36);
UPDATE "TrackElement" SET "region" = 27 WHERE "id" = 153;
INSERT INTO "monitoredBy" VALUES (153, 149);
INSERT INTO "TrackElement" ("id") VALUES (154);
INSERT INTO "Segment" ("id", "length") VALUES (154, 458);
UPDATE "TrackElement" SET "region" = 27 WHERE "id" = 154;
INSERT INTO "monitoredBy" VALUES (154, 149);
INSERT INTO "Sensor" ("id") VALUES (155);
UPDATE "Sensor" SET "region" = 27 WHERE "id" = 155;
INSERT INTO "monitoredBy" VALUES (148, 155);
INSERT INTO "requires" VALUES (26, 155);
INSERT INTO "TrackElement" ("id") VALUES (156);
INSERT INTO "Segment" ("id", "length") VALUES (156, 684);
UPDATE "TrackElement" SET "region" = 27 WHERE "id" = 156;
INSERT INTO "monitoredBy" VALUES (156, 155);
INSERT INTO "TrackElement" ("id") VALUES (157);
INSERT INTO "Segment" ("id", "length") VALUES (157, 156);
UPDATE "TrackElement" SET "region" = 27 WHERE "id" = 157;
INSERT INTO "monitoredBy" VALUES (157, 155);
INSERT INTO "TrackElement" ("id") VALUES (158);
INSERT INTO "Segment" ("id", "length") VALUES (158, 754);
UPDATE "TrackElement" SET "region" = 27 WHERE "id" = 158;
INSERT INTO "monitoredBy" VALUES (158, 155);
INSERT INTO "TrackElement" ("id") VALUES (159);
INSERT INTO "Segment" ("id", "length") VALUES (159, 901);
UPDATE "TrackElement" SET "region" = 27 WHERE "id" = 159;
INSERT INTO "monitoredBy" VALUES (159, 155);
INSERT INTO "TrackElement" ("id") VALUES (160);
INSERT INTO "Segment" ("id", "length") VALUES (160, 534);
UPDATE "TrackElement" SET "region" = 27 WHERE "id" = 160;
INSERT INTO "monitoredBy" VALUES (160, 155);
INSERT INTO "Sensor" ("id") VALUES (161);
UPDATE "Sensor" SET "region" = 27 WHERE "id" = 161;
INSERT INTO "monitoredBy" VALUES (148, 161);
INSERT INTO "requires" VALUES (26, 161);
INSERT INTO "TrackElement" ("id") VALUES (162);
INSERT INTO "Segment" ("id", "length") VALUES (162, 373);
UPDATE "TrackElement" SET "region" = 27 WHERE "id" = 162;
INSERT INTO "monitoredBy" VALUES (162, 161);
INSERT INTO "TrackElement" ("id") VALUES (163);
INSERT INTO "Segment" ("id", "length") VALUES (163, 507);
UPDATE "TrackElement" SET "region" = 27 WHERE "id" = 163;
INSERT INTO "monitoredBy" VALUES (163, 161);
INSERT INTO "TrackElement" ("id") VALUES (164);
INSERT INTO "Segment" ("id", "length") VALUES (164, 348);
UPDATE "TrackElement" SET "region" = 27 WHERE "id" = 164;
INSERT INTO "monitoredBy" VALUES (164, 161);
INSERT INTO "TrackElement" ("id") VALUES (165);
INSERT INTO "Segment" ("id", "length") VALUES (165, 411);
UPDATE "TrackElement" SET "region" = 27 WHERE "id" = 165;
INSERT INTO "monitoredBy" VALUES (165, 161);
INSERT INTO "TrackElement" ("id") VALUES (166);
INSERT INTO "Segment" ("id", "length") VALUES (166, 541);
UPDATE "TrackElement" SET "region" = 27 WHERE "id" = 166;
INSERT INTO "monitoredBy" VALUES (166, 161);
INSERT INTO "Sensor" ("id") VALUES (167);
UPDATE "Sensor" SET "region" = 27 WHERE "id" = 167;
INSERT INTO "monitoredBy" VALUES (148, 167);
INSERT INTO "requires" VALUES (26, 167);
INSERT INTO "TrackElement" ("id") VALUES (168);
INSERT INTO "Segment" ("id", "length") VALUES (168, 565);
UPDATE "TrackElement" SET "region" = 27 WHERE "id" = 168;
INSERT INTO "monitoredBy" VALUES (168, 167);
INSERT INTO "TrackElement" ("id") VALUES (169);
INSERT INTO "Segment" ("id", "length") VALUES (169, 883);
UPDATE "TrackElement" SET "region" = 27 WHERE "id" = 169;
INSERT INTO "monitoredBy" VALUES (169, 167);
INSERT INTO "TrackElement" ("id") VALUES (170);
INSERT INTO "Segment" ("id", "length") VALUES (170, 415);
UPDATE "TrackElement" SET "region" = 27 WHERE "id" = 170;
INSERT INTO "monitoredBy" VALUES (170, 167);
INSERT INTO "TrackElement" ("id") VALUES (171);
INSERT INTO "Segment" ("id", "length") VALUES (171, 136);
UPDATE "TrackElement" SET "region" = 27 WHERE "id" = 171;
INSERT INTO "monitoredBy" VALUES (171, 167);
INSERT INTO "TrackElement" ("id") VALUES (172);
INSERT INTO "Segment" ("id", "length") VALUES (172, 640);
UPDATE "TrackElement" SET "region" = 27 WHERE "id" = 172;
INSERT INTO "monitoredBy" VALUES (172, 167);
INSERT INTO "Sensor" ("id") VALUES (173);
UPDATE "Sensor" SET "region" = 27 WHERE "id" = 173;
INSERT INTO "monitoredBy" VALUES (148, 173);
INSERT INTO "requires" VALUES (26, 173);
INSERT INTO "TrackElement" ("id") VALUES (174);
INSERT INTO "Segment" ("id", "length") VALUES (174, 933);
UPDATE "TrackElement" SET "region" = 27 WHERE "id" = 174;
INSERT INTO "monitoredBy" VALUES (174, 173);
INSERT INTO "TrackElement" ("id") VALUES (175);
INSERT INTO "Segment" ("id", "length") VALUES (175, 976);
UPDATE "TrackElement" SET "region" = 27 WHERE "id" = 175;
INSERT INTO "monitoredBy" VALUES (175, 173);
INSERT INTO "TrackElement" ("id") VALUES (176);
INSERT INTO "Segment" ("id", "length") VALUES (176, 644);
UPDATE "TrackElement" SET "region" = 27 WHERE "id" = 176;
INSERT INTO "monitoredBy" VALUES (176, 173);
INSERT INTO "TrackElement" ("id") VALUES (177);
INSERT INTO "Segment" ("id", "length") VALUES (177, 519);
UPDATE "TrackElement" SET "region" = 27 WHERE "id" = 177;
INSERT INTO "monitoredBy" VALUES (177, 173);
INSERT INTO "TrackElement" ("id") VALUES (178);
INSERT INTO "Segment" ("id", "length") VALUES (178, 643);
UPDATE "TrackElement" SET "region" = 27 WHERE "id" = 178;
INSERT INTO "monitoredBy" VALUES (178, 173);
INSERT INTO "Sensor" ("id") VALUES (179);
UPDATE "Sensor" SET "region" = 27 WHERE "id" = 179;
INSERT INTO "monitoredBy" VALUES (148, 179);
INSERT INTO "requires" VALUES (26, 179);
INSERT INTO "TrackElement" ("id") VALUES (180);
INSERT INTO "Segment" ("id", "length") VALUES (180, 60);
UPDATE "TrackElement" SET "region" = 27 WHERE "id" = 180;
INSERT INTO "monitoredBy" VALUES (180, 179);
INSERT INTO "TrackElement" ("id") VALUES (181);
INSERT INTO "Segment" ("id", "length") VALUES (181, 718);
UPDATE "TrackElement" SET "region" = 27 WHERE "id" = 181;
INSERT INTO "monitoredBy" VALUES (181, 179);
INSERT INTO "TrackElement" ("id") VALUES (182);
INSERT INTO "Segment" ("id", "length") VALUES (182, 553);
UPDATE "TrackElement" SET "region" = 27 WHERE "id" = 182;
INSERT INTO "monitoredBy" VALUES (182, 179);
INSERT INTO "TrackElement" ("id") VALUES (183);
INSERT INTO "Segment" ("id", "length") VALUES (183, 536);
UPDATE "TrackElement" SET "region" = 27 WHERE "id" = 183;
INSERT INTO "monitoredBy" VALUES (183, 179);
INSERT INTO "TrackElement" ("id") VALUES (184);
INSERT INTO "Segment" ("id", "length") VALUES (184, 783);
UPDATE "TrackElement" SET "region" = 27 WHERE "id" = 184;
INSERT INTO "monitoredBy" VALUES (184, 179);
INSERT INTO "Sensor" ("id") VALUES (185);
UPDATE "Sensor" SET "region" = 27 WHERE "id" = 185;
INSERT INTO "monitoredBy" VALUES (148, 185);
INSERT INTO "requires" VALUES (26, 185);
INSERT INTO "TrackElement" ("id") VALUES (186);
INSERT INTO "Segment" ("id", "length") VALUES (186, 36);
UPDATE "TrackElement" SET "region" = 27 WHERE "id" = 186;
INSERT INTO "monitoredBy" VALUES (186, 185);
INSERT INTO "TrackElement" ("id") VALUES (187);
INSERT INTO "Segment" ("id", "length") VALUES (187, 263);
UPDATE "TrackElement" SET "region" = 27 WHERE "id" = 187;
INSERT INTO "monitoredBy" VALUES (187, 185);
INSERT INTO "TrackElement" ("id") VALUES (188);
INSERT INTO "Segment" ("id", "length") VALUES (188, 970);
UPDATE "TrackElement" SET "region" = 27 WHERE "id" = 188;
INSERT INTO "monitoredBy" VALUES (188, 185);
INSERT INTO "TrackElement" ("id") VALUES (189);
INSERT INTO "Segment" ("id", "length") VALUES (189, 39);
UPDATE "TrackElement" SET "region" = 27 WHERE "id" = 189;
INSERT INTO "monitoredBy" VALUES (189, 185);
INSERT INTO "TrackElement" ("id") VALUES (190);
INSERT INTO "Segment" ("id", "length") VALUES (190, 83);
UPDATE "TrackElement" SET "region" = 27 WHERE "id" = 190;
INSERT INTO "monitoredBy" VALUES (190, 185);
INSERT INTO "Sensor" ("id") VALUES (191);
UPDATE "Sensor" SET "region" = 27 WHERE "id" = 191;
INSERT INTO "monitoredBy" VALUES (148, 191);
INSERT INTO "requires" VALUES (26, 191);
INSERT INTO "TrackElement" ("id") VALUES (192);
INSERT INTO "Segment" ("id", "length") VALUES (192, 777);
UPDATE "TrackElement" SET "region" = 27 WHERE "id" = 192;
INSERT INTO "monitoredBy" VALUES (192, 191);
INSERT INTO "TrackElement" ("id") VALUES (193);
INSERT INTO "Segment" ("id", "length") VALUES (193, 546);
UPDATE "TrackElement" SET "region" = 27 WHERE "id" = 193;
INSERT INTO "monitoredBy" VALUES (193, 191);
INSERT INTO "TrackElement" ("id") VALUES (194);
INSERT INTO "Segment" ("id", "length") VALUES (194, 352);
UPDATE "TrackElement" SET "region" = 27 WHERE "id" = 194;
INSERT INTO "monitoredBy" VALUES (194, 191);
INSERT INTO "TrackElement" ("id") VALUES (195);
INSERT INTO "Segment" ("id", "length") VALUES (195, 742);
UPDATE "TrackElement" SET "region" = 27 WHERE "id" = 195;
INSERT INTO "monitoredBy" VALUES (195, 191);
INSERT INTO "TrackElement" ("id") VALUES (196);
INSERT INTO "Segment" ("id", "length") VALUES (196, 177);
UPDATE "TrackElement" SET "region" = 27 WHERE "id" = 196;
INSERT INTO "monitoredBy" VALUES (196, 191);
INSERT INTO "Sensor" ("id") VALUES (197);
UPDATE "Sensor" SET "region" = 27 WHERE "id" = 197;
INSERT INTO "monitoredBy" VALUES (148, 197);
INSERT INTO "requires" VALUES (26, 197);
INSERT INTO "TrackElement" ("id") VALUES (198);
INSERT INTO "Segment" ("id", "length") VALUES (198, 386);
UPDATE "TrackElement" SET "region" = 27 WHERE "id" = 198;
INSERT INTO "monitoredBy" VALUES (198, 197);
INSERT INTO "TrackElement" ("id") VALUES (199);
INSERT INTO "Segment" ("id", "length") VALUES (199, 781);
UPDATE "TrackElement" SET "region" = 27 WHERE "id" = 199;
INSERT INTO "monitoredBy" VALUES (199, 197);
INSERT INTO "TrackElement" ("id") VALUES (200);
INSERT INTO "Segment" ("id", "length") VALUES (200, 83);
UPDATE "TrackElement" SET "region" = 27 WHERE "id" = 200;
INSERT INTO "monitoredBy" VALUES (200, 197);
INSERT INTO "TrackElement" ("id") VALUES (201);
INSERT INTO "Segment" ("id", "length") VALUES (201, 973);
UPDATE "TrackElement" SET "region" = 27 WHERE "id" = 201;
INSERT INTO "monitoredBy" VALUES (201, 197);
INSERT INTO "TrackElement" ("id") VALUES (202);
INSERT INTO "Segment" ("id", "length") VALUES (202, 918);
UPDATE "TrackElement" SET "region" = 27 WHERE "id" = 202;
INSERT INTO "monitoredBy" VALUES (202, 197);
INSERT INTO "SwitchPosition" ("id", "position", "target") VALUES (203, 1, 148);
UPDATE "SwitchPosition" SET "route" = 26 WHERE "id" = 203;
INSERT INTO "connectsTo" VALUES (28, 30);
INSERT INTO "connectsTo" VALUES (30, 31);
INSERT INTO "connectsTo" VALUES (31, 32);
INSERT INTO "connectsTo" VALUES (32, 33);
INSERT INTO "connectsTo" VALUES (33, 34);
INSERT INTO "connectsTo" VALUES (34, 36);
INSERT INTO "connectsTo" VALUES (36, 37);
INSERT INTO "connectsTo" VALUES (37, 38);
INSERT INTO "connectsTo" VALUES (38, 39);
INSERT INTO "connectsTo" VALUES (39, 40);
INSERT INTO "connectsTo" VALUES (40, 42);
INSERT INTO "connectsTo" VALUES (42, 43);
INSERT INTO "connectsTo" VALUES (43, 44);
INSERT INTO "connectsTo" VALUES (44, 45);
INSERT INTO "connectsTo" VALUES (45, 46);
INSERT INTO "connectsTo" VALUES (46, 48);
INSERT INTO "connectsTo" VALUES (48, 49);
INSERT INTO "connectsTo" VALUES (49, 50);
INSERT INTO "connectsTo" VALUES (50, 51);
INSERT INTO "connectsTo" VALUES (51, 52);
INSERT INTO "connectsTo" VALUES (52, 54);
INSERT INTO "connectsTo" VALUES (54, 55);
INSERT INTO "connectsTo" VALUES (55, 56);
INSERT INTO "connectsTo" VALUES (56, 57);
INSERT INTO "connectsTo" VALUES (57, 58);
INSERT INTO "connectsTo" VALUES (58, 60);
INSERT INTO "connectsTo" VALUES (60, 62);
INSERT INTO "connectsTo" VALUES (62, 63);
INSERT INTO "connectsTo" VALUES (63, 64);
INSERT INTO "connectsTo" VALUES (64, 65);
INSERT INTO "connectsTo" VALUES (65, 66);
INSERT INTO "connectsTo" VALUES (66, 68);
INSERT INTO "connectsTo" VALUES (68, 69);
INSERT INTO "connectsTo" VALUES (69, 70);
INSERT INTO "connectsTo" VALUES (70, 71);
INSERT INTO "connectsTo" VALUES (71, 72);
INSERT INTO "connectsTo" VALUES (72, 74);
INSERT INTO "connectsTo" VALUES (74, 75);
INSERT INTO "connectsTo" VALUES (75, 76);
INSERT INTO "connectsTo" VALUES (76, 77);
INSERT INTO "connectsTo" VALUES (77, 78);
INSERT INTO "connectsTo" VALUES (78, 80);
INSERT INTO "connectsTo" VALUES (80, 81);
INSERT INTO "connectsTo" VALUES (81, 82);
INSERT INTO "connectsTo" VALUES (82, 83);
INSERT INTO "connectsTo" VALUES (83, 84);
INSERT INTO "connectsTo" VALUES (84, 86);
INSERT INTO "connectsTo" VALUES (86, 87);
INSERT INTO "connectsTo" VALUES (87, 88);
INSERT INTO "connectsTo" VALUES (88, 89);
INSERT INTO "connectsTo" VALUES (89, 90);
INSERT INTO "connectsTo" VALUES (90, 92);
INSERT INTO "connectsTo" VALUES (92, 93);
INSERT INTO "connectsTo" VALUES (93, 94);
INSERT INTO "connectsTo" VALUES (94, 95);
INSERT INTO "connectsTo" VALUES (95, 96);
INSERT INTO "connectsTo" VALUES (96, 98);
INSERT INTO "connectsTo" VALUES (98, 99);
INSERT INTO "connectsTo" VALUES (99, 100);
INSERT INTO "connectsTo" VALUES (100, 101);
INSERT INTO "connectsTo" VALUES (101, 102);
INSERT INTO "connectsTo" VALUES (102, 104);
INSERT INTO "connectsTo" VALUES (104, 106);
INSERT INTO "connectsTo" VALUES (106, 107);
INSERT INTO "connectsTo" VALUES (107, 108);
INSERT INTO "connectsTo" VALUES (108, 109);
INSERT INTO "connectsTo" VALUES (109, 110);
INSERT INTO "connectsTo" VALUES (110, 112);
INSERT INTO "connectsTo" VALUES (112, 113);
INSERT INTO "connectsTo" VALUES (113, 114);
INSERT INTO "connectsTo" VALUES (114, 115);
INSERT INTO "connectsTo" VALUES (115, 116);
INSERT INTO "connectsTo" VALUES (116, 118);
INSERT INTO "connectsTo" VALUES (119, 120);
INSERT INTO "connectsTo" VALUES (120, 121);
INSERT INTO "connectsTo" VALUES (121, 122);
INSERT INTO "connectsTo" VALUES (122, 124);
INSERT INTO "connectsTo" VALUES (124, 125);
INSERT INTO "connectsTo" VALUES (125, 126);
INSERT INTO "connectsTo" VALUES (126, 127);
INSERT INTO "connectsTo" VALUES (127, 128);
INSERT INTO "connectsTo" VALUES (130, 131);
INSERT INTO "connectsTo" VALUES (131, 132);
INSERT INTO "connectsTo" VALUES (132, 133);
INSERT INTO "connectsTo" VALUES (133, 134);
INSERT INTO "connectsTo" VALUES (134, 136);
INSERT INTO "connectsTo" VALUES (136, 137);
INSERT INTO "connectsTo" VALUES (137, 138);
INSERT INTO "connectsTo" VALUES (138, 139);
INSERT INTO "connectsTo" VALUES (139, 140);
INSERT INTO "connectsTo" VALUES (140, 142);
INSERT INTO "connectsTo" VALUES (142, 143);
INSERT INTO "connectsTo" VALUES (143, 144);
INSERT INTO "connectsTo" VALUES (144, 145);
INSERT INTO "connectsTo" VALUES (145, 146);
INSERT INTO "connectsTo" VALUES (146, 148);
INSERT INTO "connectsTo" VALUES (148, 150);
INSERT INTO "connectsTo" VALUES (150, 151);
INSERT INTO "connectsTo" VALUES (151, 152);
INSERT INTO "connectsTo" VALUES (152, 153);
INSERT INTO "connectsTo" VALUES (153, 154);
INSERT INTO "connectsTo" VALUES (154, 156);
INSERT INTO "connectsTo" VALUES (156, 157);
INSERT INTO "connectsTo" VALUES (157, 158);
INSERT INTO "connectsTo" VALUES (158, 159);
INSERT INTO "connectsTo" VALUES (159, 160);
INSERT INTO "connectsTo" VALUES (160, 162);
INSERT INTO "connectsTo" VALUES (162, 163);
INSERT INTO "connectsTo" VALUES (163, 164);
INSERT INTO "connectsTo" VALUES (164, 165);
INSERT INTO "connectsTo" VALUES (165, 166);
INSERT INTO "connectsTo" VALUES (166, 168);
INSERT INTO "connectsTo" VALUES (168, 169);
INSERT INTO "connectsTo" VALUES (169, 170);
INSERT INTO "connectsTo" VALUES (170, 171);
INSERT INTO "connectsTo" VALUES (171, 172);
INSERT INTO "connectsTo" VALUES (172, 174);
INSERT INTO "connectsTo" VALUES (174, 175);
INSERT INTO "connectsTo" VALUES (175, 176);
INSERT INTO "connectsTo" VALUES (176, 177);
INSERT INTO "connectsTo" VALUES (177, 178);
INSERT INTO "connectsTo" VALUES (178, 180);
INSERT INTO "connectsTo" VALUES (180, 181);
INSERT INTO "connectsTo" VALUES (181, 182);
INSERT INTO "connectsTo" VALUES (182, 183);
INSERT INTO "connectsTo" VALUES (183, 184);
INSERT INTO "connectsTo" VALUES (184, 186);
INSERT INTO "connectsTo" VALUES (186, 187);
INSERT INTO "connectsTo" VALUES (187, 188);
INSERT INTO "connectsTo" VALUES (188, 189);
INSERT INTO "connectsTo" VALUES (189, 190);
INSERT INTO "connectsTo" VALUES (190, 192);
INSERT INTO "connectsTo" VALUES (192, 193);
INSERT INTO "connectsTo" VALUES (193, 194);
INSERT INTO "connectsTo" VALUES (194, 195);
INSERT INTO "connectsTo" VALUES (195, 196);
INSERT INTO "connectsTo" VALUES (196, 198);
INSERT INTO "connectsTo" VALUES (198, 199);
INSERT INTO "connectsTo" VALUES (199, 200);
INSERT INTO "connectsTo" VALUES (200, 201);
INSERT INTO "connectsTo" VALUES (201, 202);
INSERT INTO "connectsTo" VALUES (23, 28);
INSERT INTO "Semaphore" ("id", "signal") VALUES (204, 2);
INSERT INTO "Route" ("id", "active", "entry", "exit") VALUES (205, 1, 25, 204);
INSERT INTO "Region" ("id") VALUES (206);
INSERT INTO "TrackElement" ("id") VALUES (207);
INSERT INTO "Switch" ("id", "currentPosition") VALUES (207, 0);
UPDATE "TrackElement" SET "region" = 206 WHERE "id" = 207;
INSERT INTO "Sensor" ("id") VALUES (208);
UPDATE "Sensor" SET "region" = 206 WHERE "id" = 208;
INSERT INTO "monitoredBy" VALUES (207, 208);
INSERT INTO "requires" VALUES (205, 208);
INSERT INTO "TrackElement" ("id") VALUES (209);
INSERT INTO "Segment" ("id", "length") VALUES (209, 130);
UPDATE "TrackElement" SET "region" = 206 WHERE "id" = 209;
INSERT INTO "monitoredBy" VALUES (209, 208);
UPDATE "Semaphore" SET "segment" = 209 WHERE "id" = 204;
INSERT INTO "TrackElement" ("id") VALUES (210);
INSERT INTO "Segment" ("id", "length") VALUES (210, 69);
UPDATE "TrackElement" SET "region" = 206 WHERE "id" = 210;
INSERT INTO "monitoredBy" VALUES (210, 208);
INSERT INTO "TrackElement" ("id") VALUES (211);
INSERT INTO "Segment" ("id", "length") VALUES (211, 47);
UPDATE "TrackElement" SET "region" = 206 WHERE "id" = 211;
INSERT INTO "monitoredBy" VALUES (211, 208);
INSERT INTO "TrackElement" ("id") VALUES (212);
INSERT INTO "Segment" ("id", "length") VALUES (212, 521);
UPDATE "TrackElement" SET "region" = 206 WHERE "id" = 212;
INSERT INTO "monitoredBy" VALUES (212, 208);
INSERT INTO "TrackElement" ("id") VALUES (213);
INSERT INTO "Segment" ("id", "length") VALUES (213, 21);
UPDATE "TrackElement" SET "region" = 206 WHERE "id" = 213;
INSERT INTO "monitoredBy" VALUES (213, 208);
INSERT INTO "Sensor" ("id") VALUES (214);
UPDATE "Sensor" SET "region" = 206 WHERE "id" = 214;
INSERT INTO "monitoredBy" VALUES (207, 214);
INSERT INTO "requires" VALUES (205, 214);
INSERT INTO "TrackElement" ("id") VALUES (215);
INSERT INTO "Segment" ("id", "length") VALUES (215, 993);
UPDATE "TrackElement" SET "region" = 206 WHERE "id" = 215;
INSERT INTO "monitoredBy" VALUES (215, 214);
INSERT INTO "TrackElement" ("id") VALUES (216);
INSERT INTO "Segment" ("id", "length") VALUES (216, 455);
UPDATE "TrackElement" SET "region" = 206 WHERE "id" = 216;
INSERT INTO "monitoredBy" VALUES (216, 214);
INSERT INTO "TrackElement" ("id") VALUES (217);
INSERT INTO "Segment" ("id", "length") VALUES (217, 325);
UPDATE "TrackElement" SET "region" = 206 WHERE "id" = 217;
INSERT INTO "monitoredBy" VALUES (217, 214);
INSERT INTO "TrackElement" ("id") VALUES (218);
INSERT INTO "Segment" ("id", "length") VALUES (218, 536);
UPDATE "TrackElement" SET "region" = 206 WHERE "id" = 218;
INSERT INTO "monitoredBy" VALUES (218, 214);
INSERT INTO "TrackElement" ("id") VALUES (219);
INSERT INTO "Segment" ("id", "length") VALUES (219, 108);
UPDATE "TrackElement" SET "region" = 206 WHERE "id" = 219;
INSERT INTO "monitoredBy" VALUES (219, 214);
INSERT INTO "SwitchPosition" ("id", "position", "target") VALUES (220, 0, 207);
UPDATE "SwitchPosition" SET "route" = 205 WHERE "id" = 220;
INSERT INTO "TrackElement" ("id") VALUES (221);
INSERT INTO "Switch" ("id", "currentPosition") VALUES (221, 0);
UPDATE "TrackElement" SET "region" = 206 WHERE "id" = 221;
INSERT INTO "Sensor" ("id") VALUES (222);
UPDATE "Sensor" SET "region" = 206 WHERE "id" = 222;
INSERT INTO "monitoredBy" VALUES (221, 222);
INSERT INTO "requires" VALUES (205, 222);
INSERT INTO "TrackElement" ("id") VALUES (223);
INSERT INTO "Segment" ("id", "length") VALUES (223, 917);
UPDATE "TrackElement" SET "region" = 206 WHERE "id" = 223;
INSERT INTO "monitoredBy" VALUES (223, 222);
INSERT INTO "TrackElement" ("id") VALUES (224);
INSERT INTO "Segment" ("id", "length") VALUES (224, 569);
UPDATE "TrackElement" SET "region" = 206 WHERE "id" = 224;
INSERT INTO "monitoredBy" VALUES (224, 222);
INSERT INTO "TrackElement" ("id") VALUES (225);
INSERT INTO "Segment" ("id", "length") VALUES (225, 971);
UPDATE "TrackElement" SET "region" = 206 WHERE "id" = 225;
INSERT INTO "monitoredBy" VALUES (225, 222);
INSERT INTO "TrackElement" ("id") VALUES (226);
INSERT INTO "Segment" ("id", "length") VALUES (226, 593);
UPDATE "TrackElement" SET "region" = 206 WHERE "id" = 226;
INSERT INTO "monitoredBy" VALUES (226, 222);
INSERT INTO "TrackElement" ("id") VALUES (227);
INSERT INTO "Segment" ("id", "length") VALUES (227, 358);
UPDATE "TrackElement" SET "region" = 206 WHERE "id" = 227;
INSERT INTO "monitoredBy" VALUES (227, 222);
INSERT INTO "Sensor" ("id") VALUES (228);
UPDATE "Sensor" SET "region" = 206 WHERE "id" = 228;
INSERT INTO "monitoredBy" VALUES (221, 228);
INSERT INTO "requires" VALUES (205, 228);
INSERT INTO "TrackElement" ("id") VALUES (229);
INSERT INTO "Segment" ("id", "length") VALUES (229, 718);
UPDATE "TrackElement" SET "region" = 206 WHERE "id" = 229;
INSERT INTO "monitoredBy" VALUES (229, 228);
INSERT INTO "TrackElement" ("id") VALUES (230);
INSERT INTO "Segment" ("id", "length") VALUES (230, 307);
UPDATE "TrackElement" SET "region" = 206 WHERE "id" = 230;
INSERT INTO "monitoredBy" VALUES (230, 228);
INSERT INTO "TrackElement" ("id") VALUES (231);
INSERT INTO "Segment" ("id", "length") VALUES (231, 161);
UPDATE "TrackElement" SET "region" = 206 WHERE "id" = 231;
INSERT INTO "monitoredBy" VALUES (231, 228);
INSERT INTO "TrackElement" ("id") VALUES (232);
INSERT INTO "Segment" ("id", "length") VALUES (232, 1000);
UPDATE "TrackElement" SET "region" = 206 WHERE "id" = 232;
INSERT INTO "monitoredBy" VALUES (232, 228);
INSERT INTO "TrackElement" ("id") VALUES (233);
INSERT INTO "Segment" ("id", "length") VALUES (233, 534);
UPDATE "TrackElement" SET "region" = 206 WHERE "id" = 233;
INSERT INTO "monitoredBy" VALUES (233, 228);
INSERT INTO "Sensor" ("id") VALUES (234);
UPDATE "Sensor" SET "region" = 206 WHERE "id" = 234;
INSERT INTO "monitoredBy" VALUES (221, 234);
INSERT INTO "requires" VALUES (205, 234);
INSERT INTO "TrackElement" ("id") VALUES (235);
INSERT INTO "Segment" ("id", "length") VALUES (235, 750);
UPDATE "TrackElement" SET "region" = 206 WHERE "id" = 235;
INSERT INTO "monitoredBy" VALUES (235, 234);
INSERT INTO "TrackElement" ("id") VALUES (236);
INSERT INTO "Segment" ("id", "length") VALUES (236, 200);
UPDATE "TrackElement" SET "region" = 206 WHERE "id" = 236;
INSERT INTO "monitoredBy" VALUES (236, 234);
INSERT INTO "TrackElement" ("id") VALUES (237);
INSERT INTO "Segment" ("id", "length") VALUES (237, 79);
UPDATE "TrackElement" SET "region" = 206 WHERE "id" = 237;
INSERT INTO "monitoredBy" VALUES (237, 234);
INSERT INTO "TrackElement" ("id") VALUES (238);
INSERT INTO "Segment" ("id", "length") VALUES (238, 135);
UPDATE "TrackElement" SET "region" = 206 WHERE "id" = 238;
INSERT INTO "monitoredBy" VALUES (238, 234);
INSERT INTO "TrackElement" ("id") VALUES (239);
INSERT INTO "Segment" ("id", "length") VALUES (239, 493);
UPDATE "TrackElement" SET "region" = 206 WHERE "id" = 239;
INSERT INTO "monitoredBy" VALUES (239, 234);
INSERT INTO "Sensor" ("id") VALUES (240);
UPDATE "Sensor" SET "region" = 206 WHERE "id" = 240;
INSERT INTO "monitoredBy" VALUES (221, 240);
INSERT INTO "requires" VALUES (205, 240);
INSERT INTO "TrackElement" ("id") VALUES (241);
INSERT INTO "Segment" ("id", "length") VALUES (241, 758);
UPDATE "TrackElement" SET "region" = 206 WHERE "id" = 241;
INSERT INTO "monitoredBy" VALUES (241, 240);
INSERT INTO "TrackElement" ("id") VALUES (242);
INSERT INTO "Segment" ("id", "length") VALUES (242, 89);
UPDATE "TrackElement" SET "region" = 206 WHERE "id" = 242;
INSERT INTO "monitoredBy" VALUES (242, 240);
INSERT INTO "TrackElement" ("id") VALUES (243);
INSERT INTO "Segment" ("id", "length") VALUES (243, 135);
UPDATE "TrackElement" SET "region" = 206 WHERE "id" = 243;
INSERT INTO "monitoredBy" VALUES (243, 240);
INSERT INTO "TrackElement" ("id") VALUES (244);
INSERT INTO "Segment" ("id", "length") VALUES (244, 735);
UPDATE "TrackElement" SET "region" = 206 WHERE "id" = 244;
INSERT INTO "monitoredBy" VALUES (244, 240);
INSERT INTO "TrackElement" ("id") VALUES (245);
INSERT INTO "Segment" ("id", "length") VALUES (245, 342);
UPDATE "TrackElement" SET "region" = 206 WHERE "id" = 245;
INSERT INTO "monitoredBy" VALUES (245, 240);
INSERT INTO "Sensor" ("id") VALUES (246);
UPDATE "Sensor" SET "region" = 206 WHERE "id" = 246;
INSERT INTO "monitoredBy" VALUES (221, 246);
INSERT INTO "requires" VALUES (205, 246);
INSERT INTO "TrackElement" ("id") VALUES (247);
INSERT INTO "Segment" ("id", "length") VALUES (247, 78);
UPDATE "TrackElement" SET "region" = 206 WHERE "id" = 247;
INSERT INTO "monitoredBy" VALUES (247, 246);
INSERT INTO "TrackElement" ("id") VALUES (248);
INSERT INTO "Segment" ("id", "length") VALUES (248, 56);
UPDATE "TrackElement" SET "region" = 206 WHERE "id" = 248;
INSERT INTO "monitoredBy" VALUES (248, 246);
INSERT INTO "TrackElement" ("id") VALUES (249);
INSERT INTO "Segment" ("id", "length") VALUES (249, 161);
UPDATE "TrackElement" SET "region" = 206 WHERE "id" = 249;
INSERT INTO "monitoredBy" VALUES (249, 246);
INSERT INTO "TrackElement" ("id") VALUES (250);
INSERT INTO "Segment" ("id", "length") VALUES (250, 145);
UPDATE "TrackElement" SET "region" = 206 WHERE "id" = 250;
INSERT INTO "monitoredBy" VALUES (250, 246);
INSERT INTO "TrackElement" ("id") VALUES (251);
INSERT INTO "Segment" ("id", "length") VALUES (251, 904);
UPDATE "TrackElement" SET "region" = 206 WHERE "id" = 251;
INSERT INTO "monitoredBy" VALUES (251, 246);
INSERT INTO "SwitchPosition" ("id", "position", "target") VALUES (252, 0, 221);
UPDATE "SwitchPosition" SET "route" = 205 WHERE "id" = 252;
INSERT INTO "connectsTo" VALUES (207, 209);
INSERT INTO "connectsTo" VALUES (209, 210);
INSERT INTO "connectsTo" VALUES (210, 211);
INSERT INTO "connectsTo" VALUES (211, 212);
INSERT INTO "connectsTo" VALUES (212, 213);
INSERT INTO "connectsTo" VALUES (213, 215);
INSERT INTO "connectsTo" VALUES (215, 216);
INSERT INTO "connectsTo" VALUES (216, 217);
INSERT INTO "connectsTo" VALUES (217, 218);
INSERT INTO "connectsTo" VALUES (218, 219);
INSERT INTO "connectsTo" VALUES (219, 221);
INSERT INTO "connectsTo" VALUES (221, 223);
INSERT INTO "connectsTo" VALUES (223, 224);
INSERT INTO "connectsTo" VALUES (224, 225);
INSERT INTO "connectsTo" VALUES (225, 226);
INSERT INTO "connectsTo" VALUES (226, 227);
INSERT INTO "connectsTo" VALUES (227, 229);
INSERT INTO "connectsTo" VALUES (229, 230);
INSERT INTO "connectsTo" VALUES (230, 231);
INSERT INTO "connectsTo" VALUES (231, 232);
INSERT INTO "connectsTo" VALUES (232, 233);
INSERT INTO "connectsTo" VALUES (233, 235);
INSERT INTO "connectsTo" VALUES (235, 236);
INSERT INTO "connectsTo" VALUES (236, 237);
INSERT INTO "connectsTo" VALUES (237, 238);
INSERT INTO "connectsTo" VALUES (238, 239);
INSERT INTO "connectsTo" VALUES (239, 241);
INSERT INTO "connectsTo" VALUES (241, 242);
INSERT INTO "connectsTo" VALUES (242, 243);
INSERT INTO "connectsTo" VALUES (243, 244);
INSERT INTO "connectsTo" VALUES (244, 245);
INSERT INTO "connectsTo" VALUES (245, 247);
INSERT INTO "connectsTo" VALUES (247, 248);
INSERT INTO "connectsTo" VALUES (248, 249);
INSERT INTO "connectsTo" VALUES (249, 250);
INSERT INTO "connectsTo" VALUES (250, 251);
INSERT INTO "connectsTo" VALUES (202, 207);
INSERT INTO "Semaphore" ("id", "signal") VALUES (253, 2);
INSERT INTO "Route" ("id", "active", "entry", "exit") VALUES (254, 1, 204, 253);
INSERT INTO "Region" ("id") VALUES (255);
INSERT INTO "TrackElement" ("id") VALUES (256);
INSERT INTO "Switch" ("id", "currentPosition") VALUES (256, 0);
UPDATE "TrackElement" SET "region" = 255 WHERE "id" = 256;
INSERT INTO "Sensor" ("id") VALUES (257);
UPDATE "Sensor" SET "region" = 255 WHERE "id" = 257;
INSERT INTO "monitoredBy" VALUES (256, 257);
INSERT INTO "requires" VALUES (254, 257);
INSERT INTO "TrackElement" ("id") VALUES (258);
INSERT INTO "Segment" ("id", "length") VALUES (258, 900);
UPDATE "TrackElement" SET "region" = 255 WHERE "id" = 258;
INSERT INTO "monitoredBy" VALUES (258, 257);
UPDATE "Semaphore" SET "segment" = 258 WHERE "id" = 253;
INSERT INTO "TrackElement" ("id") VALUES (259);
INSERT INTO "Segment" ("id", "length") VALUES (259, 449);
UPDATE "TrackElement" SET "region" = 255 WHERE "id" = 259;
INSERT INTO "monitoredBy" VALUES (259, 257);
INSERT INTO "TrackElement" ("id") VALUES (260);
INSERT INTO "Segment" ("id", "length") VALUES (260, 51);
UPDATE "TrackElement" SET "region" = 255 WHERE "id" = 260;
INSERT INTO "monitoredBy" VALUES (260, 257);
INSERT INTO "TrackElement" ("id") VALUES (261);
INSERT INTO "Segment" ("id", "length") VALUES (261, 332);
UPDATE "TrackElement" SET "region" = 255 WHERE "id" = 261;
INSERT INTO "monitoredBy" VALUES (261, 257);
INSERT INTO "TrackElement" ("id") VALUES (262);
INSERT INTO "Segment" ("id", "length") VALUES (262, 282);
UPDATE "TrackElement" SET "region" = 255 WHERE "id" = 262;
INSERT INTO "monitoredBy" VALUES (262, 257);
INSERT INTO "Sensor" ("id") VALUES (263);
UPDATE "Sensor" SET "region" = 255 WHERE "id" = 263;
INSERT INTO "monitoredBy" VALUES (256, 263);
INSERT INTO "requires" VALUES (254, 263);
INSERT INTO "TrackElement" ("id") VALUES (264);
INSERT INTO "Segment" ("id", "length") VALUES (264, 777);
UPDATE "TrackElement" SET "region" = 255 WHERE "id" = 264;
INSERT INTO "monitoredBy" VALUES (264, 263);
INSERT INTO "TrackElement" ("id") VALUES (265);
INSERT INTO "Segment" ("id", "length") VALUES (265, 997);
UPDATE "TrackElement" SET "region" = 255 WHERE "id" = 265;
INSERT INTO "monitoredBy" VALUES (265, 263);
INSERT INTO "TrackElement" ("id") VALUES (266);
INSERT INTO "Segment" ("id", "length") VALUES (266, 596);
UPDATE "TrackElement" SET "region" = 255 WHERE "id" = 266;
INSERT INTO "monitoredBy" VALUES (266, 263);
INSERT INTO "TrackElement" ("id") VALUES (267);
INSERT INTO "Segment" ("id", "length") VALUES (267, 331);
UPDATE "TrackElement" SET "region" = 255 WHERE "id" = 267;
INSERT INTO "monitoredBy" VALUES (267, 263);
INSERT INTO "TrackElement" ("id") VALUES (268);
INSERT INTO "Segment" ("id", "length") VALUES (268, 500);
UPDATE "TrackElement" SET "region" = 255 WHERE "id" = 268;
INSERT INTO "monitoredBy" VALUES (268, 263);
INSERT INTO "Sensor" ("id") VALUES (269);
UPDATE "Sensor" SET "region" = 255 WHERE "id" = 269;
INSERT INTO "monitoredBy" VALUES (256, 269);
INSERT INTO "requires" VALUES (254, 269);
INSERT INTO "TrackElement" ("id") VALUES (270);
INSERT INTO "Segment" ("id", "length") VALUES (270, 578);
UPDATE "TrackElement" SET "region" = 255 WHERE "id" = 270;
INSERT INTO "monitoredBy" VALUES (270, 269);
INSERT INTO "TrackElement" ("id") VALUES (271);
INSERT INTO "Segment" ("id", "length") VALUES (271, 596);
UPDATE "TrackElement" SET "region" = 255 WHERE "id" = 271;
INSERT INTO "monitoredBy" VALUES (271, 269);
INSERT INTO "TrackElement" ("id") VALUES (272);
INSERT INTO "Segment" ("id", "length") VALUES (272, 836);
UPDATE "TrackElement" SET "region" = 255 WHERE "id" = 272;
INSERT INTO "monitoredBy" VALUES (272, 269);
INSERT INTO "TrackElement" ("id") VALUES (273);
INSERT INTO "Segment" ("id", "length") VALUES (273, 120);
UPDATE "TrackElement" SET "region" = 255 WHERE "id" = 273;
INSERT INTO "monitoredBy" VALUES (273, 269);
INSERT INTO "TrackElement" ("id") VALUES (274);
INSERT INTO "Segment" ("id", "length") VALUES (274, 173);
UPDATE "TrackElement" SET "region" = 255 WHERE "id" = 274;
INSERT INTO "monitoredBy" VALUES (274, 269);
INSERT INTO "Sensor" ("id") VALUES (275);
UPDATE "Sensor" SET "region" = 255 WHERE "id" = 275;
INSERT INTO "monitoredBy" VALUES (256, 275);
INSERT INTO "requires" VALUES (254, 275);
INSERT INTO "TrackElement" ("id") VALUES (276);
INSERT INTO "Segment" ("id", "length") VALUES (276, 654);
UPDATE "TrackElement" SET "region" = 255 WHERE "id" = 276;
INSERT INTO "monitoredBy" VALUES (276, 275);
INSERT INTO "TrackElement" ("id") VALUES (277);
INSERT INTO "Segment" ("id", "length") VALUES (277, 96);
UPDATE "TrackElement" SET "region" = 255 WHERE "id" = 277;
INSERT INTO "monitoredBy" VALUES (277, 275);
INSERT INTO "TrackElement" ("id") VALUES (278);
INSERT INTO "Segment" ("id", "length") VALUES (278, 997);
UPDATE "TrackElement" SET "region" = 255 WHERE "id" = 278;
INSERT INTO "monitoredBy" VALUES (278, 275);
INSERT INTO "TrackElement" ("id") VALUES (279);
INSERT INTO "Segment" ("id", "length") VALUES (279, 809);
UPDATE "TrackElement" SET "region" = 255 WHERE "id" = 279;
INSERT INTO "monitoredBy" VALUES (279, 275);
INSERT INTO "TrackElement" ("id") VALUES (280);
INSERT INTO "Segment" ("id", "length") VALUES (280, 373);
UPDATE "TrackElement" SET "region" = 255 WHERE "id" = 280;
INSERT INTO "monitoredBy" VALUES (280, 275);
INSERT INTO "SwitchPosition" ("id", "position", "target") VALUES (281, 0, 256);
UPDATE "SwitchPosition" SET "route" = 254 WHERE "id" = 281;
INSERT INTO "TrackElement" ("id") VALUES (282);
INSERT INTO "Switch" ("id", "currentPosition") VALUES (282, 0);
UPDATE "TrackElement" SET "region" = 255 WHERE "id" = 282;
INSERT INTO "Sensor" ("id") VALUES (283);
UPDATE "Sensor" SET "region" = 255 WHERE "id" = 283;
INSERT INTO "monitoredBy" VALUES (282, 283);
INSERT INTO "requires" VALUES (254, 283);
INSERT INTO "TrackElement" ("id") VALUES (284);
INSERT INTO "Segment" ("id", "length") VALUES (284, 806);
UPDATE "TrackElement" SET "region" = 255 WHERE "id" = 284;
INSERT INTO "monitoredBy" VALUES (284, 283);
INSERT INTO "TrackElement" ("id") VALUES (285);
INSERT INTO "Segment" ("id", "length") VALUES (285, 690);
UPDATE "TrackElement" SET "region" = 255 WHERE "id" = 285;
INSERT INTO "monitoredBy" VALUES (285, 283);
INSERT INTO "TrackElement" ("id") VALUES (286);
INSERT INTO "Segment" ("id", "length") VALUES (286, 855);
UPDATE "TrackElement" SET "region" = 255 WHERE "id" = 286;
INSERT INTO "monitoredBy" VALUES (286, 283);
INSERT INTO "TrackElement" ("id") VALUES (287);
INSERT INTO "Segment" ("id", "length") VALUES (287, 838);
UPDATE "TrackElement" SET "region" = 255 WHERE "id" = 287;
INSERT INTO "monitoredBy" VALUES (287, 283);
INSERT INTO "TrackElement" ("id") VALUES (288);
INSERT INTO "Segment" ("id", "length") VALUES (288, 31);
UPDATE "TrackElement" SET "region" = 255 WHERE "id" = 288;
INSERT INTO "monitoredBy" VALUES (288, 283);
INSERT INTO "Sensor" ("id") VALUES (289);
UPDATE "Sensor" SET "region" = 255 WHERE "id" = 289;
INSERT INTO "monitoredBy" VALUES (282, 289);
INSERT INTO "requires" VALUES (254, 289);
INSERT INTO "TrackElement" ("id") VALUES (290);
INSERT INTO "Segment" ("id", "length") VALUES (290, 410);
UPDATE "TrackElement" SET "region" = 255 WHERE "id" = 290;
INSERT INTO "monitoredBy" VALUES (290, 289);
INSERT INTO "TrackElement" ("id") VALUES (291);
INSERT INTO "Segment" ("id", "length") VALUES (291, 256);
UPDATE "TrackElement" SET "region" = 255 WHERE "id" = 291;
INSERT INTO "monitoredBy" VALUES (291, 289);
INSERT INTO "TrackElement" ("id") VALUES (292);
INSERT INTO "Segment" ("id", "length") VALUES (292, 673);
UPDATE "TrackElement" SET "region" = 255 WHERE "id" = 292;
INSERT INTO "monitoredBy" VALUES (292, 289);
INSERT INTO "TrackElement" ("id") VALUES (293);
INSERT INTO "Segment" ("id", "length") VALUES (293, 101);
UPDATE "TrackElement" SET "region" = 255 WHERE "id" = 293;
INSERT INTO "monitoredBy" VALUES (293, 289);
INSERT INTO "TrackElement" ("id") VALUES (294);
INSERT INTO "Segment" ("id", "length") VALUES (294, 838);
UPDATE "TrackElement" SET "region" = 255 WHERE "id" = 294;
INSERT INTO "monitoredBy" VALUES (294, 289);
INSERT INTO "Sensor" ("id") VALUES (295);
UPDATE "Sensor" SET "region" = 255 WHERE "id" = 295;
INSERT INTO "monitoredBy" VALUES (282, 295);
INSERT INTO "requires" VALUES (254, 295);
INSERT INTO "TrackElement" ("id") VALUES (296);
INSERT INTO "Segment" ("id", "length") VALUES (296, 294);
UPDATE "TrackElement" SET "region" = 255 WHERE "id" = 296;
INSERT INTO "monitoredBy" VALUES (296, 295);
INSERT INTO "TrackElement" ("id") VALUES (297);
INSERT INTO "Segment" ("id", "length") VALUES (297, 488);
UPDATE "TrackElement" SET "region" = 255 WHERE "id" = 297;
INSERT INTO "monitoredBy" VALUES (297, 295);
INSERT INTO "TrackElement" ("id") VALUES (298);
INSERT INTO "Segment" ("id", "length") VALUES (298, 861);
UPDATE "TrackElement" SET "region" = 255 WHERE "id" = 298;
INSERT INTO "monitoredBy" VALUES (298, 295);
INSERT INTO "TrackElement" ("id") VALUES (299);
INSERT INTO "Segment" ("id", "length") VALUES (299, 674);
UPDATE "TrackElement" SET "region" = 255 WHERE "id" = 299;
INSERT INTO "monitoredBy" VALUES (299, 295);
INSERT INTO "TrackElement" ("id") VALUES (300);
INSERT INTO "Segment" ("id", "length") VALUES (300, 723);
UPDATE "TrackElement" SET "region" = 255 WHERE "id" = 300;
INSERT INTO "monitoredBy" VALUES (300, 295);
INSERT INTO "Sensor" ("id") VALUES (301);
UPDATE "Sensor" SET "region" = 255 WHERE "id" = 301;
INSERT INTO "monitoredBy" VALUES (282, 301);
INSERT INTO "requires" VALUES (254, 301);
INSERT INTO "TrackElement" ("id") VALUES (302);
INSERT INTO "Segment" ("id", "length") VALUES (302, 915);
UPDATE "TrackElement" SET "region" = 255 WHERE "id" = 302;
INSERT INTO "monitoredBy" VALUES (302, 301);
INSERT INTO "TrackElement" ("id") VALUES (303);
INSERT INTO "Segment" ("id", "length") VALUES (303, 182);
UPDATE "TrackElement" SET "region" = 255 WHERE "id" = 303;
INSERT INTO "monitoredBy" VALUES (303, 301);
INSERT INTO "TrackElement" ("id") VALUES (304);
INSERT INTO "Segment" ("id", "length") VALUES (304, 22);
UPDATE "TrackElement" SET "region" = 255 WHERE "id" = 304;
INSERT INTO "monitoredBy" VALUES (304, 301);
INSERT INTO "TrackElement" ("id") VALUES (305);
INSERT INTO "Segment" ("id", "length") VALUES (305, 75);
UPDATE "TrackElement" SET "region" = 255 WHERE "id" = 305;
INSERT INTO "monitoredBy" VALUES (305, 301);
INSERT INTO "TrackElement" ("id") VALUES (306);
INSERT INTO "Segment" ("id", "length") VALUES (306, 456);
UPDATE "TrackElement" SET "region" = 255 WHERE "id" = 306;
INSERT INTO "monitoredBy" VALUES (306, 301);
INSERT INTO "Sensor" ("id") VALUES (307);
UPDATE "Sensor" SET "region" = 255 WHERE "id" = 307;
INSERT INTO "monitoredBy" VALUES (282, 307);
INSERT INTO "requires" VALUES (254, 307);
INSERT INTO "TrackElement" ("id") VALUES (308);
INSERT INTO "Segment" ("id", "length") VALUES (308, 342);
UPDATE "TrackElement" SET "region" = 255 WHERE "id" = 308;
INSERT INTO "monitoredBy" VALUES (308, 307);
INSERT INTO "TrackElement" ("id") VALUES (309);
INSERT INTO "Segment" ("id", "length") VALUES (309, 501);
UPDATE "TrackElement" SET "region" = 255 WHERE "id" = 309;
INSERT INTO "monitoredBy" VALUES (309, 307);
INSERT INTO "TrackElement" ("id") VALUES (310);
INSERT INTO "Segment" ("id", "length") VALUES (310, 953);
UPDATE "TrackElement" SET "region" = 255 WHERE "id" = 310;
INSERT INTO "monitoredBy" VALUES (310, 307);
INSERT INTO "TrackElement" ("id") VALUES (311);
INSERT INTO "Segment" ("id", "length") VALUES (311, 917);
UPDATE "TrackElement" SET "region" = 255 WHERE "id" = 311;
INSERT INTO "monitoredBy" VALUES (311, 307);
INSERT INTO "TrackElement" ("id") VALUES (312);
INSERT INTO "Segment" ("id", "length") VALUES (312, 827);
UPDATE "TrackElement" SET "region" = 255 WHERE "id" = 312;
INSERT INTO "monitoredBy" VALUES (312, 307);
INSERT INTO "Sensor" ("id") VALUES (313);
UPDATE "Sensor" SET "region" = 255 WHERE "id" = 313;
INSERT INTO "monitoredBy" VALUES (282, 313);
INSERT INTO "requires" VALUES (254, 313);
INSERT INTO "TrackElement" ("id") VALUES (314);
INSERT INTO "Segment" ("id", "length") VALUES (314, 638);
UPDATE "TrackElement" SET "region" = 255 WHERE "id" = 314;
INSERT INTO "monitoredBy" VALUES (314, 313);
INSERT INTO "TrackElement" ("id") VALUES (315);
INSERT INTO "Segment" ("id", "length") VALUES (315, 669);
UPDATE "TrackElement" SET "region" = 255 WHERE "id" = 315;
INSERT INTO "monitoredBy" VALUES (315, 313);
INSERT INTO "TrackElement" ("id") VALUES (316);
INSERT INTO "Segment" ("id", "length") VALUES (316, 546);
UPDATE "TrackElement" SET "region" = 255 WHERE "id" = 316;
INSERT INTO "monitoredBy" VALUES (316, 313);
INSERT INTO "TrackElement" ("id") VALUES (317);
INSERT INTO "Segment" ("id", "length") VALUES (317, 443);
UPDATE "TrackElement" SET "region" = 255 WHERE "id" = 317;
INSERT INTO "monitoredBy" VALUES (317, 313);
INSERT INTO "TrackElement" ("id") VALUES (318);
INSERT INTO "Segment" ("id", "length") VALUES (318, 127);
UPDATE "TrackElement" SET "region" = 255 WHERE "id" = 318;
INSERT INTO "monitoredBy" VALUES (318, 313);
INSERT INTO "Sensor" ("id") VALUES (319);
UPDATE "Sensor" SET "region" = 255 WHERE "id" = 319;
INSERT INTO "monitoredBy" VALUES (282, 319);
INSERT INTO "requires" VALUES (254, 319);
INSERT INTO "TrackElement" ("id") VALUES (320);
INSERT INTO "Segment" ("id", "length") VALUES (320, 941);
UPDATE "TrackElement" SET "region" = 255 WHERE "id" = 320;
INSERT INTO "monitoredBy" VALUES (320, 319);
INSERT INTO "TrackElement" ("id") VALUES (321);
INSERT INTO "Segment" ("id", "length") VALUES (321, 26);
UPDATE "TrackElement" SET "region" = 255 WHERE "id" = 321;
INSERT INTO "monitoredBy" VALUES (321, 319);
INSERT INTO "TrackElement" ("id") VALUES (322);
INSERT INTO "Segment" ("id", "length") VALUES (322, 939);
UPDATE "TrackElement" SET "region" = 255 WHERE "id" = 322;
INSERT INTO "monitoredBy" VALUES (322, 319);
INSERT INTO "TrackElement" ("id") VALUES (323);
INSERT INTO "Segment" ("id", "length") VALUES (323, 703);
UPDATE "TrackElement" SET "region" = 255 WHERE "id" = 323;
INSERT INTO "monitoredBy" VALUES (323, 319);
INSERT INTO "TrackElement" ("id") VALUES (324);
INSERT INTO "Segment" ("id", "length") VALUES (324, 625);
UPDATE "TrackElement" SET "region" = 255 WHERE "id" = 324;
INSERT INTO "monitoredBy" VALUES (324, 319);
INSERT INTO "Sensor" ("id") VALUES (325);
UPDATE "Sensor" SET "region" = 255 WHERE "id" = 325;
INSERT INTO "monitoredBy" VALUES (282, 325);
INSERT INTO "requires" VALUES (254, 325);
INSERT INTO "TrackElement" ("id") VALUES (326);
INSERT INTO "Segment" ("id", "length") VALUES (326, 994);
UPDATE "TrackElement" SET "region" = 255 WHERE "id" = 326;
INSERT INTO "monitoredBy" VALUES (326, 325);
INSERT INTO "TrackElement" ("id") VALUES (327);
INSERT INTO "Segment" ("id", "length") VALUES (327, 837);
UPDATE "TrackElement" SET "region" = 255 WHERE "id" = 327;
INSERT INTO "monitoredBy" VALUES (327, 325);
INSERT INTO "TrackElement" ("id") VALUES (328);
INSERT INTO "Segment" ("id", "length") VALUES (328, 479);
UPDATE "TrackElement" SET "region" = 255 WHERE "id" = 328;
INSERT INTO "monitoredBy" VALUES (328, 325);
INSERT INTO "TrackElement" ("id") VALUES (329);
INSERT INTO "Segment" ("id", "length") VALUES (329, 297);
UPDATE "TrackElement" SET "region" = 255 WHERE "id" = 329;
INSERT INTO "monitoredBy" VALUES (329, 325);
INSERT INTO "TrackElement" ("id") VALUES (330);
INSERT INTO "Segment" ("id", "length") VALUES (330, 430);
UPDATE "TrackElement" SET "region" = 255 WHERE "id" = 330;
INSERT INTO "monitoredBy" VALUES (330, 325);
INSERT INTO "SwitchPosition" ("id", "position", "target") VALUES (331, 0, 282);
UPDATE "SwitchPosition" SET "route" = 254 WHERE "id" = 331;
INSERT INTO "TrackElement" ("id") VALUES (332);
INSERT INTO "Switch" ("id", "currentPosition") VALUES (332, 1);
UPDATE "TrackElement" SET "region" = 255 WHERE "id" = 332;
INSERT INTO "Sensor" ("id") VALUES (333);
UPDATE "Sensor" SET "region" = 255 WHERE "id" = 333;
INSERT INTO "monitoredBy" VALUES (332, 333);
INSERT INTO "requires" VALUES (254, 333);
INSERT INTO "TrackElement" ("id") VALUES (334);
INSERT INTO "Segment" ("id", "length") VALUES (334, 772);
UPDATE "TrackElement" SET "region" = 255 WHERE "id" = 334;
INSERT INTO "monitoredBy" VALUES (334, 333);
INSERT INTO "TrackElement" ("id") VALUES (335);
INSERT INTO "Segment" ("id", "length") VALUES (335, 469);
UPDATE "TrackElement" SET "region" = 255 WHERE "id" = 335;
INSERT INTO "monitoredBy" VALUES (335, 333);
INSERT INTO "TrackElement" ("id") VALUES (336);
INSERT INTO "Segment" ("id", "length") VALUES (336, 863);
UPDATE "TrackElement" SET "region" = 255 WHERE "id" = 336;
INSERT INTO "monitoredBy" VALUES (336, 333);
INSERT INTO "TrackElement" ("id") VALUES (337);
INSERT INTO "Segment" ("id", "length") VALUES (337, 62);
UPDATE "TrackElement" SET "region" = 255 WHERE "id" = 337;
INSERT INTO "monitoredBy" VALUES (337, 333);
INSERT INTO "TrackElement" ("id") VALUES (338);
INSERT INTO "Segment" ("id", "length") VALUES (338, 57);
UPDATE "TrackElement" SET "region" = 255 WHERE "id" = 338;
INSERT INTO "monitoredBy" VALUES (338, 333);
INSERT INTO "Sensor" ("id") VALUES (339);
UPDATE "Sensor" SET "region" = 255 WHERE "id" = 339;
INSERT INTO "monitoredBy" VALUES (332, 339);
INSERT INTO "requires" VALUES (254, 339);
INSERT INTO "TrackElement" ("id") VALUES (340);
INSERT INTO "Segment" ("id", "length") VALUES (340, 307);
UPDATE "TrackElement" SET "region" = 255 WHERE "id" = 340;
INSERT INTO "monitoredBy" VALUES (340, 339);
INSERT INTO "TrackElement" ("id") VALUES (341);
INSERT INTO "Segment" ("id", "length") VALUES (341, 116);
UPDATE "TrackElement" SET "region" = 255 WHERE "id" = 341;
INSERT INTO "monitoredBy" VALUES (341, 339);
INSERT INTO "TrackElement" ("id") VALUES (342);
INSERT INTO "Segment" ("id", "length") VALUES (342, 252);
UPDATE "TrackElement" SET "region" = 255 WHERE "id" = 342;
INSERT INTO "monitoredBy" VALUES (342, 339);
INSERT INTO "TrackElement" ("id") VALUES (343);
INSERT INTO "Segment" ("id", "length") VALUES (343, 795);
UPDATE "TrackElement" SET "region" = 255 WHERE "id" = 343;
INSERT INTO "monitoredBy" VALUES (343, 339);
INSERT INTO "TrackElement" ("id") VALUES (344);
INSERT INTO "Segment" ("id", "length") VALUES (344, 392);
UPDATE "TrackElement" SET "region" = 255 WHERE "id" = 344;
INSERT INTO "monitoredBy" VALUES (344, 339);
INSERT INTO "Sensor" ("id") VALUES (345);
UPDATE "Sensor" SET "region" = 255 WHERE "id" = 345;
INSERT INTO "monitoredBy" VALUES (332, 345);
INSERT INTO "requires" VALUES (254, 345);
INSERT INTO "TrackElement" ("id") VALUES (346);
INSERT INTO "Segment" ("id", "length") VALUES (346, 764);
UPDATE "TrackElement" SET "region" = 255 WHERE "id" = 346;
INSERT INTO "monitoredBy" VALUES (346, 345);
INSERT INTO "TrackElement" ("id") VALUES (347);
INSERT INTO "Segment" ("id", "length") VALUES (347, 230);
UPDATE "TrackElement" SET "region" = 255 WHERE "id" = 347;
INSERT INTO "monitoredBy" VALUES (347, 345);
INSERT INTO "TrackElement" ("id") VALUES (348);
INSERT INTO "Segment" ("id", "length") VALUES (348, 83);
UPDATE "TrackElement" SET "region" = 255 WHERE "id" = 348;
INSERT INTO "monitoredBy" VALUES (348, 345);
INSERT INTO "TrackElement" ("id") VALUES (349);
INSERT INTO "Segment" ("id", "length") VALUES (349, 102);
UPDATE "TrackElement" SET "region" = 255 WHERE "id" = 349;
INSERT INTO "monitoredBy" VALUES (349, 345);
INSERT INTO "TrackElement" ("id") VALUES (350);
INSERT INTO "Segment" ("id", "length") VALUES (350, 351);
UPDATE "TrackElement" SET "region" = 255 WHERE "id" = 350;
INSERT INTO "monitoredBy" VALUES (350, 345);
INSERT INTO "Sensor" ("id") VALUES (351);
UPDATE "Sensor" SET "region" = 255 WHERE "id" = 351;
INSERT INTO "monitoredBy" VALUES (332, 351);
INSERT INTO "requires" VALUES (254, 351);
INSERT INTO "TrackElement" ("id") VALUES (352);
INSERT INTO "Segment" ("id", "length") VALUES (352, 132);
UPDATE "TrackElement" SET "region" = 255 WHERE "id" = 352;
INSERT INTO "monitoredBy" VALUES (352, 351);
INSERT INTO "TrackElement" ("id") VALUES (353);
INSERT INTO "Segment" ("id", "length") VALUES (353, 455);
UPDATE "TrackElement" SET "region" = 255 WHERE "id" = 353;
INSERT INTO "monitoredBy" VALUES (353, 351);
INSERT INTO "TrackElement" ("id") VALUES (354);
INSERT INTO "Segment" ("id", "length") VALUES (354, 678);
UPDATE "TrackElement" SET "region" = 255 WHERE "id" = 354;
INSERT INTO "monitoredBy" VALUES (354, 351);
INSERT INTO "TrackElement" ("id") VALUES (355);
INSERT INTO "Segment" ("id", "length") VALUES (355, 489);
UPDATE "TrackElement" SET "region" = 255 WHERE "id" = 355;
INSERT INTO "monitoredBy" VALUES (355, 351);
INSERT INTO "TrackElement" ("id") VALUES (356);
INSERT INTO "Segment" ("id", "length") VALUES (356, 540);
UPDATE "TrackElement" SET "region" = 255 WHERE "id" = 356;
INSERT INTO "monitoredBy" VALUES (356, 351);
INSERT INTO "Sensor" ("id") VALUES (357);
UPDATE "Sensor" SET "region" = 255 WHERE "id" = 357;
INSERT INTO "monitoredBy" VALUES (332, 357);
INSERT INTO "requires" VALUES (254, 357);
INSERT INTO "TrackElement" ("id") VALUES (358);
INSERT INTO "Segment" ("id", "length") VALUES (358, 682);
UPDATE "TrackElement" SET "region" = 255 WHERE "id" = 358;
INSERT INTO "monitoredBy" VALUES (358, 357);
INSERT INTO "TrackElement" ("id") VALUES (359);
INSERT INTO "Segment" ("id", "length") VALUES (359, 76);
UPDATE "TrackElement" SET "region" = 255 WHERE "id" = 359;
INSERT INTO "monitoredBy" VALUES (359, 357);
INSERT INTO "TrackElement" ("id") VALUES (360);
INSERT INTO "Segment" ("id", "length") VALUES (360, 169);
UPDATE "TrackElement" SET "region" = 255 WHERE "id" = 360;
INSERT INTO "monitoredBy" VALUES (360, 357);
INSERT INTO "TrackElement" ("id") VALUES (361);
INSERT INTO "Segment" ("id", "length") VALUES (361, 171);
UPDATE "TrackElement" SET "region" = 255 WHERE "id" = 361;
INSERT INTO "monitoredBy" VALUES (361, 357);
INSERT INTO "TrackElement" ("id") VALUES (362);
INSERT INTO "Segment" ("id", "length") VALUES (362, 26);
UPDATE "TrackElement" SET "region" = 255 WHERE "id" = 362;
INSERT INTO "monitoredBy" VALUES (362, 357);
INSERT INTO "Sensor" ("id") VALUES (363);
UPDATE "Sensor" SET "region" = 255 WHERE "id" = 363;
INSERT INTO "monitoredBy" VALUES (332, 363);
INSERT INTO "requires" VALUES (254, 363);
INSERT INTO "TrackElement" ("id") VALUES (364);
INSERT INTO "Segment" ("id", "length") VALUES (364, 421);
UPDATE "TrackElement" SET "region" = 255 WHERE "id" = 364;
INSERT INTO "monitoredBy" VALUES (364, 363);
INSERT INTO "TrackElement" ("id") VALUES (365);
INSERT INTO "Segment" ("id", "length") VALUES (365, 188);
UPDATE "TrackElement" SET "region" = 255 WHERE "id" = 365;
INSERT INTO "monitoredBy" VALUES (365, 363);
INSERT INTO "TrackElement" ("id") VALUES (366);
INSERT INTO "Segment" ("id", "length") VALUES (366, 149);
UPDATE "TrackElement" SET "region" = 255 WHERE "id" = 366;
INSERT INTO "monitoredBy" VALUES (366, 363);
INSERT INTO "TrackElement" ("id") VALUES (367);
INSERT INTO "Segment" ("id", "length") VALUES (367, 413);
UPDATE "TrackElement" SET "region" = 255 WHERE "id" = 367;
INSERT INTO "monitoredBy" VALUES (367, 363);
INSERT INTO "TrackElement" ("id") VALUES (368);
INSERT INTO "Segment" ("id", "length") VALUES (368, 709);
UPDATE "TrackElement" SET "region" = 255 WHERE "id" = 368;
INSERT INTO "monitoredBy" VALUES (368, 363);
INSERT INTO "Sensor" ("id") VALUES (369);
UPDATE "Sensor" SET "region" = 255 WHERE "id" = 369;
INSERT INTO "monitoredBy" VALUES (332, 369);
INSERT INTO "requires" VALUES (254, 369);
INSERT INTO "TrackElement" ("id") VALUES (370);
INSERT INTO "Segment" ("id", "length") VALUES (370, 36);
UPDATE "TrackElement" SET "region" = 255 WHERE "id" = 370;
INSERT INTO "monitoredBy" VALUES (370, 369);
INSERT INTO "TrackElement" ("id") VALUES (371);
INSERT INTO "Segment" ("id", "length") VALUES (371, 578);
UPDATE "TrackElement" SET "region" = 255 WHERE "id" = 371;
INSERT INTO "monitoredBy" VALUES (371, 369);
INSERT INTO "TrackElement" ("id") VALUES (372);
INSERT INTO "Segment" ("id", "length") VALUES (372, 322);
UPDATE "TrackElement" SET "region" = 255 WHERE "id" = 372;
INSERT INTO "monitoredBy" VALUES (372, 369);
INSERT INTO "TrackElement" ("id") VALUES (373);
INSERT INTO "Segment" ("id", "length") VALUES (373, 563);
UPDATE "TrackElement" SET "region" = 255 WHERE "id" = 373;
INSERT INTO "monitoredBy" VALUES (373, 369);
INSERT INTO "TrackElement" ("id") VALUES (374);
INSERT INTO "Segment" ("id", "length") VALUES (374, 860);
UPDATE "TrackElement" SET "region" = 255 WHERE "id" = 374;
INSERT INTO "monitoredBy" VALUES (374, 369);
INSERT INTO "Sensor" ("id") VALUES (375);
UPDATE "Sensor" SET "region" = 255 WHERE "id" = 375;
INSERT INTO "monitoredBy" VALUES (332, 375);
INSERT INTO "requires" VALUES (254, 375);
INSERT INTO "TrackElement" ("id") VALUES (376);
INSERT INTO "Segment" ("id", "length") VALUES (376, 611);
UPDATE "TrackElement" SET "region" = 255 WHERE "id" = 376;
INSERT INTO "monitoredBy" VALUES (376, 375);
INSERT INTO "TrackElement" ("id") VALUES (377);
INSERT INTO "Segment" ("id", "length") VALUES (377, 98);
UPDATE "TrackElement" SET "region" = 255 WHERE "id" = 377;
INSERT INTO "monitoredBy" VALUES (377, 375);
INSERT INTO "TrackElement" ("id") VALUES (378);
INSERT INTO "Segment" ("id", "length") VALUES (378, 107);
UPDATE "TrackElement" SET "region" = 255 WHERE "id" = 378;
INSERT INTO "monitoredBy" VALUES (378, 375);
INSERT INTO "TrackElement" ("id") VALUES (379);
INSERT INTO "Segment" ("id", "length") VALUES (379, 360);
UPDATE "TrackElement" SET "region" = 255 WHERE "id" = 379;
INSERT INTO "monitoredBy" VALUES (379, 375);
INSERT INTO "TrackElement" ("id") VALUES (380);
INSERT INTO "Segment" ("id", "length") VALUES (380, 499);
UPDATE "TrackElement" SET "region" = 255 WHERE "id" = 380;
INSERT INTO "monitoredBy" VALUES (380, 375);
INSERT INTO "SwitchPosition" ("id", "position", "target") VALUES (381, 1, 332);
UPDATE "SwitchPosition" SET "route" = 254 WHERE "id" = 381;
INSERT INTO "TrackElement" ("id") VALUES (382);
INSERT INTO "Switch" ("id", "currentPosition") VALUES (382, 1);
UPDATE "TrackElement" SET "region" = 255 WHERE "id" = 382;
INSERT INTO "Sensor" ("id") VALUES (383);
UPDATE "Sensor" SET "region" = 255 WHERE "id" = 383;
INSERT INTO "monitoredBy" VALUES (382, 383);
INSERT INTO "requires" VALUES (254, 383);
INSERT INTO "TrackElement" ("id") VALUES (384);
INSERT INTO "Segment" ("id", "length") VALUES (384, 181);
UPDATE "TrackElement" SET "region" = 255 WHERE "id" = 384;
INSERT INTO "monitoredBy" VALUES (384, 383);
INSERT INTO "TrackElement" ("id") VALUES (385);
INSERT INTO "Segment" ("id", "length") VALUES (385, 724);
UPDATE "TrackElement" SET "region" = 255 WHERE "id" = 385;
INSERT INTO "monitoredBy" VALUES (385, 383);
INSERT INTO "TrackElement" ("id") VALUES (386);
INSERT INTO "Segment" ("id", "length") VALUES (386, 455);
UPDATE "TrackElement" SET "region" = 255 WHERE "id" = 386;
INSERT INTO "monitoredBy" VALUES (386, 383);
INSERT INTO "TrackElement" ("id") VALUES (387);
INSERT INTO "Segment" ("id", "length") VALUES (387, 296);
UPDATE "TrackElement" SET "region" = 255 WHERE "id" = 387;
INSERT INTO "monitoredBy" VALUES (387, 383);
INSERT INTO "TrackElement" ("id") VALUES (388);
INSERT INTO "Segment" ("id", "length") VALUES (388, 686);
UPDATE "TrackElement" SET "region" = 255 WHERE "id" = 388;
INSERT INTO "monitoredBy" VALUES (388, 383);
INSERT INTO "Sensor" ("id") VALUES (389);
UPDATE "Sensor" SET "region" = 255 WHERE "id" = 389;
INSERT INTO "monitoredBy" VALUES (382, 389);
INSERT INTO "requires" VALUES (254, 389);
INSERT INTO "TrackElement" ("id") VALUES (390);
INSERT INTO "Segment" ("id", "length") VALUES (390, 613);
UPDATE "TrackElement" SET "region" = 255 WHERE "id" = 390;
INSERT INTO "monitoredBy" VALUES (390, 389);
INSERT INTO "TrackElement" ("id") VALUES (391);
INSERT INTO "Segment" ("id", "length") VALUES (391, 83);
UPDATE "TrackElement" SET "region" = 255 WHERE "id" = 391;
INSERT INTO "monitoredBy" VALUES (391, 389);
INSERT INTO "TrackElement" ("id") VALUES (392);
INSERT INTO "Segment" ("id", "length") VALUES (392, 625);
UPDATE "TrackElement" SET "region" = 255 WHERE "id" = 392;
INSERT INTO "monitoredBy" VALUES (392, 389);
INSERT INTO "TrackElement" ("id") VALUES (393);
INSERT INTO "Segment" ("id", "length") VALUES (393, 605);
UPDATE "TrackElement" SET "region" = 255 WHERE "id" = 393;
INSERT INTO "monitoredBy" VALUES (393, 389);
INSERT INTO "TrackElement" ("id") VALUES (394);
INSERT INTO "Segment" ("id", "length") VALUES (394, 501);
UPDATE "TrackElement" SET "region" = 255 WHERE "id" = 394;
INSERT INTO "monitoredBy" VALUES (394, 389);
INSERT INTO "Sensor" ("id") VALUES (395);
UPDATE "Sensor" SET "region" = 255 WHERE "id" = 395;
INSERT INTO "monitoredBy" VALUES (382, 395);
INSERT INTO "requires" VALUES (254, 395);
INSERT INTO "TrackElement" ("id") VALUES (396);
INSERT INTO "Segment" ("id", "length") VALUES (396, 187);
UPDATE "TrackElement" SET "region" = 255 WHERE "id" = 396;
INSERT INTO "monitoredBy" VALUES (396, 395);
INSERT INTO "TrackElement" ("id") VALUES (397);
INSERT INTO "Segment" ("id", "length") VALUES (397, 717);
UPDATE "TrackElement" SET "region" = 255 WHERE "id" = 397;
INSERT INTO "monitoredBy" VALUES (397, 395);
INSERT INTO "TrackElement" ("id") VALUES (398);
INSERT INTO "Segment" ("id", "length") VALUES (398, 779);
UPDATE "TrackElement" SET "region" = 255 WHERE "id" = 398;
INSERT INTO "monitoredBy" VALUES (398, 395);
INSERT INTO "TrackElement" ("id") VALUES (399);
INSERT INTO "Segment" ("id", "length") VALUES (399, 520);
UPDATE "TrackElement" SET "region" = 255 WHERE "id" = 399;
INSERT INTO "monitoredBy" VALUES (399, 395);
INSERT INTO "TrackElement" ("id") VALUES (400);
INSERT INTO "Segment" ("id", "length") VALUES (400, 585);
UPDATE "TrackElement" SET "region" = 255 WHERE "id" = 400;
INSERT INTO "monitoredBy" VALUES (400, 395);
INSERT INTO "Sensor" ("id") VALUES (401);
UPDATE "Sensor" SET "region" = 255 WHERE "id" = 401;
INSERT INTO "monitoredBy" VALUES (382, 401);
INSERT INTO "requires" VALUES (254, 401);
INSERT INTO "TrackElement" ("id") VALUES (402);
INSERT INTO "Segment" ("id", "length") VALUES (402, 194);
UPDATE "TrackElement" SET "region" = 255 WHERE "id" = 402;
INSERT INTO "monitoredBy" VALUES (402, 401);
INSERT INTO "TrackElement" ("id") VALUES (403);
INSERT INTO "Segment" ("id", "length") VALUES (403, 60);
UPDATE "TrackElement" SET "region" = 255 WHERE "id" = 403;
INSERT INTO "monitoredBy" VALUES (403, 401);
INSERT INTO "TrackElement" ("id") VALUES (404);
INSERT INTO "Segment" ("id", "length") VALUES (404, 686);
UPDATE "TrackElement" SET "region" = 255 WHERE "id" = 404;
INSERT INTO "monitoredBy" VALUES (404, 401);
INSERT INTO "TrackElement" ("id") VALUES (405);
INSERT INTO "Segment" ("id", "length") VALUES (405, 867);
UPDATE "TrackElement" SET "region" = 255 WHERE "id" = 405;
INSERT INTO "monitoredBy" VALUES (405, 401);
INSERT INTO "TrackElement" ("id") VALUES (406);
INSERT INTO "Segment" ("id", "length") VALUES (406, 940);
UPDATE "TrackElement" SET "region" = 255 WHERE "id" = 406;
INSERT INTO "monitoredBy" VALUES (406, 401);
INSERT INTO "SwitchPosition" ("id", "position", "target") VALUES (407, 1, 382);
UPDATE "SwitchPosition" SET "route" = 254 WHERE "id" = 407;
INSERT INTO "TrackElement" ("id") VALUES (408);
INSERT INTO "Switch" ("id", "currentPosition") VALUES (408, 2);
UPDATE "TrackElement" SET "region" = 255 WHERE "id" = 408;
INSERT INTO "Sensor" ("id") VALUES (409);
UPDATE "Sensor" SET "region" = 255 WHERE "id" = 409;
INSERT INTO "monitoredBy" VALUES (408, 409);
INSERT INTO "requires" VALUES (254, 409);
INSERT INTO "TrackElement" ("id") VALUES (410);
INSERT INTO "Segment" ("id", "length") VALUES (410, 658);
UPDATE "TrackElement" SET "region" = 255 WHERE "id" = 410;
INSERT INTO "monitoredBy" VALUES (410, 409);
INSERT INTO "TrackElement" ("id") VALUES (411);
INSERT INTO "Segment" ("id", "length") VALUES (411, 101);
UPDATE "TrackElement" SET "region" = 255 WHERE "id" = 411;
INSERT INTO "monitoredBy" VALUES (411, 409);
INSERT INTO "TrackElement" ("id") VALUES (412);
INSERT INTO "Segment" ("id", "length") VALUES (412, 696);
UPDATE "TrackElement" SET "region" = 255 WHERE "id" = 412;
INSERT INTO "monitoredBy" VALUES (412, 409);
INSERT INTO "TrackElement" ("id") VALUES (413);
INSERT INTO "Segment" ("id", "length") VALUES (413, 357);
UPDATE "TrackElement" SET "region" = 255 WHERE "id" = 413;
INSERT INTO "monitoredBy" VALUES (413, 409);
INSERT INTO "TrackElement" ("id") VALUES (414);
INSERT INTO "Segment" ("id", "length") VALUES (414, 710);
UPDATE "TrackElement" SET "region" = 255 WHERE "id" = 414;
INSERT INTO "monitoredBy" VALUES (414, 409);
INSERT INTO "Sensor" ("id") VALUES (415);
UPDATE "Sensor" SET "region" = 255 WHERE "id" = 415;
INSERT INTO "monitoredBy" VALUES (408, 415);
INSERT INTO "requires" VALUES (254, 415);
INSERT INTO "TrackElement" ("id") VALUES (416);
INSERT INTO "Segment" ("id", "length") VALUES (416, 462);
UPDATE "TrackElement" SET "region" = 255 WHERE "id" = 416;
INSERT INTO "monitoredBy" VALUES (416, 415);
INSERT INTO "TrackElement" ("id") VALUES (417);
INSERT INTO "Segment" ("id", "length") VALUES (417, 718);
UPDATE "TrackElement" SET "region" = 255 WHERE "id" = 417;
INSERT INTO "monitoredBy" VALUES (417, 415);
INSERT INTO "TrackElement" ("id") VALUES (418);
INSERT INTO "Segment" ("id", "length") VALUES (418, 907);
UPDATE "TrackElement" SET "region" = 255 WHERE "id" = 418;
INSERT INTO "monitoredBy" VALUES (418, 415);
INSERT INTO "TrackElement" ("id") VALUES (419);
INSERT INTO "Segment" ("id", "length") VALUES (419, 225);
UPDATE "TrackElement" SET "region" = 255 WHERE "id" = 419;
INSERT INTO "monitoredBy" VALUES (419, 415);
INSERT INTO "TrackElement" ("id") VALUES (420);
INSERT INTO "Segment" ("id", "length") VALUES (420, 409);
UPDATE "TrackElement" SET "region" = 255 WHERE "id" = 420;
INSERT INTO "monitoredBy" VALUES (420, 415);
INSERT INTO "SwitchPosition" ("id", "position", "target") VALUES (421, 2, 408);
UPDATE "SwitchPosition" SET "route" = 254 WHERE "id" = 421;
INSERT INTO "TrackElement" ("id") VALUES (422);
INSERT INTO "Switch" ("id", "currentPosition") VALUES (422, 0);
UPDATE "TrackElement" SET "region" = 255 WHERE "id" = 422;
INSERT INTO "Sensor" ("id") VALUES (423);
UPDATE "Sensor" SET "region" = 255 WHERE "id" = 423;
INSERT INTO "monitoredBy" VALUES (422, 423);
INSERT INTO "requires" VALUES (254, 423);
INSERT INTO "TrackElement" ("id") VALUES (424);
INSERT INTO "Segment" ("id", "length") VALUES (424, 536);
UPDATE "TrackElement" SET "region" = 255 WHERE "id" = 424;
INSERT INTO "monitoredBy" VALUES (424, 423);
INSERT INTO "TrackElement" ("id") VALUES (425);
INSERT INTO "Segment" ("id", "length") VALUES (425, 818);
UPDATE "TrackElement" SET "region" = 255 WHERE "id" = 425;
INSERT INTO "monitoredBy" VALUES (425, 423);
INSERT INTO "TrackElement" ("id") VALUES (426);
INSERT INTO "Segment" ("id", "length") VALUES (426, 378);
UPDATE "TrackElement" SET "region" = 255 WHERE "id" = 426;
INSERT INTO "monitoredBy" VALUES (426, 423);
INSERT INTO "TrackElement" ("id") VALUES (427);
INSERT INTO "Segment" ("id", "length") VALUES (427, 68);
UPDATE "TrackElement" SET "region" = 255 WHERE "id" = 427;
INSERT INTO "monitoredBy" VALUES (427, 423);
INSERT INTO "TrackElement" ("id") VALUES (428);
INSERT INTO "Segment" ("id", "length") VALUES (428, 124);
UPDATE "TrackElement" SET "region" = 255 WHERE "id" = 428;
INSERT INTO "monitoredBy" VALUES (428, 423);
INSERT INTO "Sensor" ("id") VALUES (429);
UPDATE "Sensor" SET "region" = 255 WHERE "id" = 429;
INSERT INTO "monitoredBy" VALUES (422, 429);
INSERT INTO "requires" VALUES (254, 429);
INSERT INTO "TrackElement" ("id") VALUES (430);
INSERT INTO "Segment" ("id", "length") VALUES (430, 796);
UPDATE "TrackElement" SET "region" = 255 WHERE "id" = 430;
INSERT INTO "monitoredBy" VALUES (430, 429);
INSERT INTO "TrackElement" ("id") VALUES (431);
INSERT INTO "Segment" ("id", "length") VALUES (431, 649);
UPDATE "TrackElement" SET "region" = 255 WHERE "id" = 431;
INSERT INTO "monitoredBy" VALUES (431, 429);
INSERT INTO "TrackElement" ("id") VALUES (432);
INSERT INTO "Segment" ("id", "length") VALUES (432, 697);
UPDATE "TrackElement" SET "region" = 255 WHERE "id" = 432;
INSERT INTO "monitoredBy" VALUES (432, 429);
INSERT INTO "TrackElement" ("id") VALUES (433);
INSERT INTO "Segment" ("id", "length") VALUES (433, 1000);
UPDATE "TrackElement" SET "region" = 255 WHERE "id" = 433;
INSERT INTO "monitoredBy" VALUES (433, 429);
INSERT INTO "TrackElement" ("id") VALUES (434);
INSERT INTO "Segment" ("id", "length") VALUES (434, 827);
UPDATE "TrackElement" SET "region" = 255 WHERE "id" = 434;
INSERT INTO "monitoredBy" VALUES (434, 429);
INSERT INTO "Sensor" ("id") VALUES (435);
UPDATE "Sensor" SET "region" = 255 WHERE "id" = 435;
INSERT INTO "monitoredBy" VALUES (422, 435);
INSERT INTO "requires" VALUES (254, 435);
INSERT INTO "TrackElement" ("id") VALUES (436);
INSERT INTO "Segment" ("id", "length") VALUES (436, 555);
UPDATE "TrackElement" SET "region" = 255 WHERE "id" = 436;
INSERT INTO "monitoredBy" VALUES (436, 435);
INSERT INTO "TrackElement" ("id") VALUES (437);
INSERT INTO "Segment" ("id", "length") VALUES (437, 578);
UPDATE "TrackElement" SET "region" = 255 WHERE "id" = 437;
INSERT INTO "monitoredBy" VALUES (437, 435);
INSERT INTO "TrackElement" ("id") VALUES (438);
INSERT INTO "Segment" ("id", "length") VALUES (438, 597);
UPDATE "TrackElement" SET "region" = 255 WHERE "id" = 438;
INSERT INTO "monitoredBy" VALUES (438, 435);
INSERT INTO "TrackElement" ("id") VALUES (439);
INSERT INTO "Segment" ("id", "length") VALUES (439, 992);
UPDATE "TrackElement" SET "region" = 255 WHERE "id" = 439;
INSERT INTO "monitoredBy" VALUES (439, 435);
INSERT INTO "TrackElement" ("id") VALUES (440);
INSERT INTO "Segment" ("id", "length") VALUES (440, 149);
UPDATE "TrackElement" SET "region" = 255 WHERE "id" = 440;
INSERT INTO "monitoredBy" VALUES (440, 435);
INSERT INTO "Sensor" ("id") VALUES (441);
UPDATE "Sensor" SET "region" = 255 WHERE "id" = 441;
INSERT INTO "monitoredBy" VALUES (422, 441);
INSERT INTO "requires" VALUES (254, 441);
INSERT INTO "TrackElement" ("id") VALUES (442);
INSERT INTO "Segment" ("id", "length") VALUES (442, 333);
UPDATE "TrackElement" SET "region" = 255 WHERE "id" = 442;
INSERT INTO "monitoredBy" VALUES (442, 441);
INSERT INTO "TrackElement" ("id") VALUES (443);
INSERT INTO "Segment" ("id", "length") VALUES (443, 799);
UPDATE "TrackElement" SET "region" = 255 WHERE "id" = 443;
INSERT INTO "monitoredBy" VALUES (443, 441);
INSERT INTO "TrackElement" ("id") VALUES (444);
INSERT INTO "Segment" ("id", "length") VALUES (444, 807);
UPDATE "TrackElement" SET "region" = 255 WHERE "id" = 444;
INSERT INTO "monitoredBy" VALUES (444, 441);
INSERT INTO "TrackElement" ("id") VALUES (445);
INSERT INTO "Segment" ("id", "length") VALUES (445, 7);
UPDATE "TrackElement" SET "region" = 255 WHERE "id" = 445;
INSERT INTO "monitoredBy" VALUES (445, 441);
INSERT INTO "TrackElement" ("id") VALUES (446);
INSERT INTO "Segment" ("id", "length") VALUES (446, 887);
UPDATE "TrackElement" SET "region" = 255 WHERE "id" = 446;
INSERT INTO "monitoredBy" VALUES (446, 441);
INSERT INTO "Sensor" ("id") VALUES (447);
UPDATE "Sensor" SET "region" = 255 WHERE "id" = 447;
INSERT INTO "monitoredBy" VALUES (422, 447);
INSERT INTO "requires" VALUES (254, 447);
INSERT INTO "TrackElement" ("id") VALUES (448);
INSERT INTO "Segment" ("id", "length") VALUES (448, 638);
UPDATE "TrackElement" SET "region" = 255 WHERE "id" = 448;
INSERT INTO "monitoredBy" VALUES (448, 447);
INSERT INTO "TrackElement" ("id") VALUES (449);
INSERT INTO "Segment" ("id", "length") VALUES (449, 451);
UPDATE "TrackElement" SET "region" = 255 WHERE "id" = 449;
INSERT INTO "monitoredBy" VALUES (449, 447);
INSERT INTO "TrackElement" ("id") VALUES (450);
INSERT INTO "Segment" ("id", "length") VALUES (450, 623);
UPDATE "TrackElement" SET "region" = 255 WHERE "id" = 450;
INSERT INTO "monitoredBy" VALUES (450, 447);
INSERT INTO "TrackElement" ("id") VALUES (451);
INSERT INTO "Segment" ("id", "length") VALUES (451, 298);
UPDATE "TrackElement" SET "region" = 255 WHERE "id" = 451;
INSERT INTO "monitoredBy" VALUES (451, 447);
INSERT INTO "TrackElement" ("id") VALUES (452);
INSERT INTO "Segment" ("id", "length") VALUES (452, 486);
UPDATE "TrackElement" SET "region" = 255 WHERE "id" = 452;
INSERT INTO "monitoredBy" VALUES (452, 447);
INSERT INTO "Sensor" ("id") VALUES (453);
UPDATE "Sensor" SET "region" = 255 WHERE "id" = 453;
INSERT INTO "monitoredBy" VALUES (422, 453);
INSERT INTO "requires" VALUES (254, 453);
INSERT INTO "TrackElement" ("id") VALUES (454);
INSERT INTO "Segment" ("id", "length") VALUES (454, 208);
UPDATE "TrackElement" SET "region" = 255 WHERE "id" = 454;
INSERT INTO "monitoredBy" VALUES (454, 453);
INSERT INTO "TrackElement" ("id") VALUES (455);
INSERT INTO "Segment" ("id", "length") VALUES (455, 584);
UPDATE "TrackElement" SET "region" = 255 WHERE "id" = 455;
INSERT INTO "monitoredBy" VALUES (455, 453);
INSERT INTO "TrackElement" ("id") VALUES (456);
INSERT INTO "Segment" ("id", "length") VALUES (456, 428);
UPDATE "TrackElement" SET "region" = 255 WHERE "id" = 456;
INSERT INTO "monitoredBy" VALUES (456, 453);
INSERT INTO "TrackElement" ("id") VALUES (457);
INSERT INTO "Segment" ("id", "length") VALUES (457, 843);
UPDATE "TrackElement" SET "region" = 255 WHERE "id" = 457;
INSERT INTO "monitoredBy" VALUES (457, 453);
INSERT INTO "TrackElement" ("id") VALUES (458);
INSERT INTO "Segment" ("id", "length") VALUES (458, 989);
UPDATE "TrackElement" SET "region" = 255 WHERE "id" = 458;
INSERT INTO "monitoredBy" VALUES (458, 453);
INSERT INTO "SwitchPosition" ("id", "position", "target") VALUES (459, 0, 422);
UPDATE "SwitchPosition" SET "route" = 254 WHERE "id" = 459;
INSERT INTO "TrackElement" ("id") VALUES (460);
INSERT INTO "Switch" ("id", "currentPosition") VALUES (460, 0);
UPDATE "TrackElement" SET "region" = 255 WHERE "id" = 460;
INSERT INTO "Sensor" ("id") VALUES (461);
UPDATE "Sensor" SET "region" = 255 WHERE "id" = 461;
INSERT INTO "monitoredBy" VALUES (460, 461);
INSERT INTO "requires" VALUES (254, 461);
INSERT INTO "TrackElement" ("id") VALUES (462);
INSERT INTO "Segment" ("id", "length") VALUES (462, 523);
UPDATE "TrackElement" SET "region" = 255 WHERE "id" = 462;
INSERT INTO "monitoredBy" VALUES (462, 461);
INSERT INTO "TrackElement" ("id") VALUES (463);
INSERT INTO "Segment" ("id", "length") VALUES (463, 595);
UPDATE "TrackElement" SET "region" = 255 WHERE "id" = 463;
INSERT INTO "monitoredBy" VALUES (463, 461);
INSERT INTO "TrackElement" ("id") VALUES (464);
INSERT INTO "Segment" ("id", "length") VALUES (464, 177);
UPDATE "TrackElement" SET "region" = 255 WHERE "id" = 464;
INSERT INTO "monitoredBy" VALUES (464, 461);
INSERT INTO "TrackElement" ("id") VALUES (465);
INSERT INTO "Segment" ("id", "length") VALUES (465, 490);
UPDATE "TrackElement" SET "region" = 255 WHERE "id" = 465;
INSERT INTO "monitoredBy" VALUES (465, 461);
INSERT INTO "TrackElement" ("id") VALUES (466);
INSERT INTO "Segment" ("id", "length") VALUES (466, 780);
UPDATE "TrackElement" SET "region" = 255 WHERE "id" = 466;
INSERT INTO "monitoredBy" VALUES (466, 461);
INSERT INTO "Sensor" ("id") VALUES (467);
UPDATE "Sensor" SET "region" = 255 WHERE "id" = 467;
INSERT INTO "monitoredBy" VALUES (460, 467);
INSERT INTO "requires" VALUES (254, 467);
INSERT INTO "TrackElement" ("id") VALUES (468);
INSERT INTO "Segment" ("id", "length") VALUES (468, 980);
UPDATE "TrackElement" SET "region" = 255 WHERE "id" = 468;
INSERT INTO "monitoredBy" VALUES (468, 467);
INSERT INTO "TrackElement" ("id") VALUES (469);
INSERT INTO "Segment" ("id", "length") VALUES (469, 743);
UPDATE "TrackElement" SET "region" = 255 WHERE "id" = 469;
INSERT INTO "monitoredBy" VALUES (469, 467);
INSERT INTO "TrackElement" ("id") VALUES (470);
INSERT INTO "Segment" ("id", "length") VALUES (470, 316);
UPDATE "TrackElement" SET "region" = 255 WHERE "id" = 470;
INSERT INTO "monitoredBy" VALUES (470, 467);
INSERT INTO "TrackElement" ("id") VALUES (471);
INSERT INTO "Segment" ("id", "length") VALUES (471, 668);
UPDATE "TrackElement" SET "region" = 255 WHERE "id" = 471;
INSERT INTO "monitoredBy" VALUES (471, 467);
INSERT INTO "TrackElement" ("id") VALUES (472);
INSERT INTO "Segment" ("id", "length") VALUES (472, 152);
UPDATE "TrackElement" SET "region" = 255 WHERE "id" = 472;
INSERT INTO "monitoredBy" VALUES (472, 467);
INSERT INTO "SwitchPosition" ("id", "position", "target") VALUES (473, 0, 460);
UPDATE "SwitchPosition" SET "route" = 254 WHERE "id" = 473;
INSERT INTO "TrackElement" ("id") VALUES (474);
INSERT INTO "Switch" ("id", "currentPosition") VALUES (474, 2);
UPDATE "TrackElement" SET "region" = 255 WHERE "id" = 474;
INSERT INTO "Sensor" ("id") VALUES (475);
UPDATE "Sensor" SET "region" = 255 WHERE "id" = 475;
INSERT INTO "monitoredBy" VALUES (474, 475);
INSERT INTO "requires" VALUES (254, 475);
INSERT INTO "TrackElement" ("id") VALUES (476);
INSERT INTO "Segment" ("id", "length") VALUES (476, 969);
UPDATE "TrackElement" SET "region" = 255 WHERE "id" = 476;
INSERT INTO "monitoredBy" VALUES (476, 475);
INSERT INTO "TrackElement" ("id") VALUES (477);
INSERT INTO "Segment" ("id", "length") VALUES (477, 316);
UPDATE "TrackElement" SET "region" = 255 WHERE "id" = 477;
INSERT INTO "monitoredBy" VALUES (477, 475);
INSERT INTO "TrackElement" ("id") VALUES (478);
INSERT INTO "Segment" ("id", "length") VALUES (478, 9);
UPDATE "TrackElement" SET "region" = 255 WHERE "id" = 478;
INSERT INTO "monitoredBy" VALUES (478, 475);
INSERT INTO "TrackElement" ("id") VALUES (479);
INSERT INTO "Segment" ("id", "length") VALUES (479, 941);
UPDATE "TrackElement" SET "region" = 255 WHERE "id" = 479;
INSERT INTO "monitoredBy" VALUES (479, 475);
INSERT INTO "TrackElement" ("id") VALUES (480);
INSERT INTO "Segment" ("id", "length") VALUES (480, 134);
UPDATE "TrackElement" SET "region" = 255 WHERE "id" = 480;
INSERT INTO "monitoredBy" VALUES (480, 475);
INSERT INTO "Sensor" ("id") VALUES (481);
UPDATE "Sensor" SET "region" = 255 WHERE "id" = 481;
INSERT INTO "monitoredBy" VALUES (474, 481);
INSERT INTO "requires" VALUES (254, 481);
INSERT INTO "TrackElement" ("id") VALUES (482);
INSERT INTO "Segment" ("id", "length") VALUES (482, 686);
UPDATE "TrackElement" SET "region" = 255 WHERE "id" = 482;
INSERT INTO "monitoredBy" VALUES (482, 481);
INSERT INTO "TrackElement" ("id") VALUES (483);
INSERT INTO "Segment" ("id", "length") VALUES (483, 759);
UPDATE "TrackElement" SET "region" = 255 WHERE "id" = 483;
INSERT INTO "monitoredBy" VALUES (483, 481);
INSERT INTO "TrackElement" ("id") VALUES (484);
INSERT INTO "Segment" ("id", "length") VALUES (484, 357);
UPDATE "TrackElement" SET "region" = 255 WHERE "id" = 484;
INSERT INTO "monitoredBy" VALUES (484, 481);
INSERT INTO "TrackElement" ("id") VALUES (485);
INSERT INTO "Segment" ("id", "length") VALUES (485, 533);
UPDATE "TrackElement" SET "region" = 255 WHERE "id" = 485;
INSERT INTO "monitoredBy" VALUES (485, 481);
INSERT INTO "TrackElement" ("id") VALUES (486);
INSERT INTO "Segment" ("id", "length") VALUES (486, 174);
UPDATE "TrackElement" SET "region" = 255 WHERE "id" = 486;
INSERT INTO "monitoredBy" VALUES (486, 481);
INSERT INTO "Sensor" ("id") VALUES (487);
UPDATE "Sensor" SET "region" = 255 WHERE "id" = 487;
INSERT INTO "monitoredBy" VALUES (474, 487);
INSERT INTO "requires" VALUES (254, 487);
INSERT INTO "TrackElement" ("id") VALUES (488);
INSERT INTO "Segment" ("id", "length") VALUES (488, 831);
UPDATE "TrackElement" SET "region" = 255 WHERE "id" = 488;
INSERT INTO "monitoredBy" VALUES (488, 487);
INSERT INTO "TrackElement" ("id") VALUES (489);
INSERT INTO "Segment" ("id", "length") VALUES (489, 573);
UPDATE "TrackElement" SET "region" = 255 WHERE "id" = 489;
INSERT INTO "monitoredBy" VALUES (489, 487);
INSERT INTO "TrackElement" ("id") VALUES (490);
INSERT INTO "Segment" ("id", "length") VALUES (490, 237);
UPDATE "TrackElement" SET "region" = 255 WHERE "id" = 490;
INSERT INTO "monitoredBy" VALUES (490, 487);
INSERT INTO "TrackElement" ("id") VALUES (491);
INSERT INTO "Segment" ("id", "length") VALUES (491, 95);
UPDATE "TrackElement" SET "region" = 255 WHERE "id" = 491;
INSERT INTO "monitoredBy" VALUES (491, 487);
INSERT INTO "TrackElement" ("id") VALUES (492);
INSERT INTO "Segment" ("id", "length") VALUES (492, 669);
UPDATE "TrackElement" SET "region" = 255 WHERE "id" = 492;
INSERT INTO "monitoredBy" VALUES (492, 487);
INSERT INTO "Sensor" ("id") VALUES (493);
UPDATE "Sensor" SET "region" = 255 WHERE "id" = 493;
INSERT INTO "monitoredBy" VALUES (474, 493);
INSERT INTO "requires" VALUES (254, 493);
INSERT INTO "TrackElement" ("id") VALUES (494);
INSERT INTO "Segment" ("id", "length") VALUES (494, 597);
UPDATE "TrackElement" SET "region" = 255 WHERE "id" = 494;
INSERT INTO "monitoredBy" VALUES (494, 493);
INSERT INTO "TrackElement" ("id") VALUES (495);
INSERT INTO "Segment" ("id", "length") VALUES (495, 995);
UPDATE "TrackElement" SET "region" = 255 WHERE "id" = 495;
INSERT INTO "monitoredBy" VALUES (495, 493);
INSERT INTO "TrackElement" ("id") VALUES (496);
INSERT INTO "Segment" ("id", "length") VALUES (496, 382);
UPDATE "TrackElement" SET "region" = 255 WHERE "id" = 496;
INSERT INTO "monitoredBy" VALUES (496, 493);
INSERT INTO "TrackElement" ("id") VALUES (497);
INSERT INTO "Segment" ("id", "length") VALUES (497, 685);
UPDATE "TrackElement" SET "region" = 255 WHERE "id" = 497;
INSERT INTO "monitoredBy" VALUES (497, 493);
INSERT INTO "TrackElement" ("id") VALUES (498);
INSERT INTO "Segment" ("id", "length") VALUES (498, 759);
UPDATE "TrackElement" SET "region" = 255 WHERE "id" = 498;
INSERT INTO "monitoredBy" VALUES (498, 493);
INSERT INTO "Sensor" ("id") VALUES (499);
UPDATE "Sensor" SET "region" = 255 WHERE "id" = 499;
INSERT INTO "monitoredBy" VALUES (474, 499);
INSERT INTO "requires" VALUES (254, 499);
INSERT INTO "TrackElement" ("id") VALUES (500);
INSERT INTO "Segment" ("id", "length") VALUES (500, 514);
UPDATE "TrackElement" SET "region" = 255 WHERE "id" = 500;
INSERT INTO "monitoredBy" VALUES (500, 499);
INSERT INTO "TrackElement" ("id") VALUES (501);
INSERT INTO "Segment" ("id", "length") VALUES (501, 214);
UPDATE "TrackElement" SET "region" = 255 WHERE "id" = 501;
INSERT INTO "monitoredBy" VALUES (501, 499);
INSERT INTO "TrackElement" ("id") VALUES (502);
INSERT INTO "Segment" ("id", "length") VALUES (502, 574);
UPDATE "TrackElement" SET "region" = 255 WHERE "id" = 502;
INSERT INTO "monitoredBy" VALUES (502, 499);
INSERT INTO "TrackElement" ("id") VALUES (503);
INSERT INTO "Segment" ("id", "length") VALUES (503, 868);
UPDATE "TrackElement" SET "region" = 255 WHERE "id" = 503;
INSERT INTO "monitoredBy" VALUES (503, 499);
INSERT INTO "TrackElement" ("id") VALUES (504);
INSERT INTO "Segment" ("id", "length") VALUES (504, 938);
UPDATE "TrackElement" SET "region" = 255 WHERE "id" = 504;
INSERT INTO "monitoredBy" VALUES (504, 499);
INSERT INTO "Sensor" ("id") VALUES (505);
UPDATE "Sensor" SET "region" = 255 WHERE "id" = 505;
INSERT INTO "monitoredBy" VALUES (474, 505);
INSERT INTO "requires" VALUES (254, 505);
INSERT INTO "TrackElement" ("id") VALUES (506);
INSERT INTO "Segment" ("id", "length") VALUES (506, 974);
UPDATE "TrackElement" SET "region" = 255 WHERE "id" = 506;
INSERT INTO "monitoredBy" VALUES (506, 505);
INSERT INTO "TrackElement" ("id") VALUES (507);
INSERT INTO "Segment" ("id", "length") VALUES (507, 44);
UPDATE "TrackElement" SET "region" = 255 WHERE "id" = 507;
INSERT INTO "monitoredBy" VALUES (507, 505);
INSERT INTO "TrackElement" ("id") VALUES (508);
INSERT INTO "Segment" ("id", "length") VALUES (508, 696);
UPDATE "TrackElement" SET "region" = 255 WHERE "id" = 508;
INSERT INTO "monitoredBy" VALUES (508, 505);
INSERT INTO "TrackElement" ("id") VALUES (509);
INSERT INTO "Segment" ("id", "length") VALUES (509, 674);
UPDATE "TrackElement" SET "region" = 255 WHERE "id" = 509;
INSERT INTO "monitoredBy" VALUES (509, 505);
INSERT INTO "TrackElement" ("id") VALUES (510);
INSERT INTO "Segment" ("id", "length") VALUES (510, 493);
UPDATE "TrackElement" SET "region" = 255 WHERE "id" = 510;
INSERT INTO "monitoredBy" VALUES (510, 505);
INSERT INTO "Sensor" ("id") VALUES (511);
UPDATE "Sensor" SET "region" = 255 WHERE "id" = 511;
INSERT INTO "monitoredBy" VALUES (474, 511);
INSERT INTO "requires" VALUES (254, 511);
INSERT INTO "TrackElement" ("id") VALUES (512);
INSERT INTO "Segment" ("id", "length") VALUES (512, 578);
UPDATE "TrackElement" SET "region" = 255 WHERE "id" = 512;
INSERT INTO "monitoredBy" VALUES (512, 511);
INSERT INTO "TrackElement" ("id") VALUES (513);
INSERT INTO "Segment" ("id", "length") VALUES (513, 832);
UPDATE "TrackElement" SET "region" = 255 WHERE "id" = 513;
INSERT INTO "monitoredBy" VALUES (513, 511);
INSERT INTO "TrackElement" ("id") VALUES (514);
INSERT INTO "Segment" ("id", "length") VALUES (514, 741);
UPDATE "TrackElement" SET "region" = 255 WHERE "id" = 514;
INSERT INTO "monitoredBy" VALUES (514, 511);
INSERT INTO "TrackElement" ("id") VALUES (515);
INSERT INTO "Segment" ("id", "length") VALUES (515, 343);
UPDATE "TrackElement" SET "region" = 255 WHERE "id" = 515;
INSERT INTO "monitoredBy" VALUES (515, 511);
INSERT INTO "TrackElement" ("id") VALUES (516);
INSERT INTO "Segment" ("id", "length") VALUES (516, 261);
UPDATE "TrackElement" SET "region" = 255 WHERE "id" = 516;
INSERT INTO "monitoredBy" VALUES (516, 511);
INSERT INTO "Sensor" ("id") VALUES (517);
UPDATE "Sensor" SET "region" = 255 WHERE "id" = 517;
INSERT INTO "monitoredBy" VALUES (474, 517);
INSERT INTO "requires" VALUES (254, 517);
INSERT INTO "TrackElement" ("id") VALUES (518);
INSERT INTO "Segment" ("id", "length") VALUES (518, 19);
UPDATE "TrackElement" SET "region" = 255 WHERE "id" = 518;
INSERT INTO "monitoredBy" VALUES (518, 517);
INSERT INTO "TrackElement" ("id") VALUES (519);
INSERT INTO "Segment" ("id", "length") VALUES (519, 923);
UPDATE "TrackElement" SET "region" = 255 WHERE "id" = 519;
INSERT INTO "monitoredBy" VALUES (519, 517);
INSERT INTO "TrackElement" ("id") VALUES (520);
INSERT INTO "Segment" ("id", "length") VALUES (520, 848);
UPDATE "TrackElement" SET "region" = 255 WHERE "id" = 520;
INSERT INTO "monitoredBy" VALUES (520, 517);
INSERT INTO "TrackElement" ("id") VALUES (521);
INSERT INTO "Segment" ("id", "length") VALUES (521, 808);
UPDATE "TrackElement" SET "region" = 255 WHERE "id" = 521;
INSERT INTO "monitoredBy" VALUES (521, 517);
INSERT INTO "TrackElement" ("id") VALUES (522);
INSERT INTO "Segment" ("id", "length") VALUES (522, 77);
UPDATE "TrackElement" SET "region" = 255 WHERE "id" = 522;
INSERT INTO "monitoredBy" VALUES (522, 517);
INSERT INTO "SwitchPosition" ("id", "position", "target") VALUES (523, 2, 474);
UPDATE "SwitchPosition" SET "route" = 254 WHERE "id" = 523;
INSERT INTO "TrackElement" ("id") VALUES (524);
INSERT INTO "Switch" ("id", "currentPosition") VALUES (524, 1);
UPDATE "TrackElement" SET "region" = 255 WHERE "id" = 524;
INSERT INTO "Sensor" ("id") VALUES (525);
UPDATE "Sensor" SET "region" = 255 WHERE "id" = 525;
INSERT INTO "monitoredBy" VALUES (524, 525);
INSERT INTO "requires" VALUES (254, 525);
INSERT INTO "TrackElement" ("id") VALUES (526);
INSERT INTO "Segment" ("id", "length") VALUES (526, 864);
UPDATE "TrackElement" SET "region" = 255 WHERE "id" = 526;
INSERT INTO "monitoredBy" VALUES (526, 525);
INSERT INTO "TrackElement" ("id") VALUES (527);
INSERT INTO "Segment" ("id", "length") VALUES (527, 201);
UPDATE "TrackElement" SET "region" = 255 WHERE "id" = 527;
INSERT INTO "monitoredBy" VALUES (527, 525);
INSERT INTO "TrackElement" ("id") VALUES (528);
INSERT INTO "Segment" ("id", "length") VALUES (528, 986);
UPDATE "TrackElement" SET "region" = 255 WHERE "id" = 528;
INSERT INTO "monitoredBy" VALUES (528, 525);
INSERT INTO "TrackElement" ("id") VALUES (529);
INSERT INTO "Segment" ("id", "length") VALUES (529, 986);
UPDATE "TrackElement" SET "region" = 255 WHERE "id" = 529;
INSERT INTO "monitoredBy" VALUES (529, 525);
INSERT INTO "TrackElement" ("id") VALUES (530);
INSERT INTO "Segment" ("id", "length") VALUES (530, 487);
UPDATE "TrackElement" SET "region" = 255 WHERE "id" = 530;
INSERT INTO "monitoredBy" VALUES (530, 525);
INSERT INTO "Sensor" ("id") VALUES (531);
UPDATE "Sensor" SET "region" = 255 WHERE "id" = 531;
INSERT INTO "monitoredBy" VALUES (524, 531);
INSERT INTO "requires" VALUES (254, 531);
INSERT INTO "TrackElement" ("id") VALUES (532);
INSERT INTO "Segment" ("id", "length") VALUES (532, 70);
UPDATE "TrackElement" SET "region" = 255 WHERE "id" = 532;
INSERT INTO "monitoredBy" VALUES (532, 531);
INSERT INTO "TrackElement" ("id") VALUES (533);
INSERT INTO "Segment" ("id", "length") VALUES (533, 104);
UPDATE "TrackElement" SET "region" = 255 WHERE "id" = 533;
INSERT INTO "monitoredBy" VALUES (533, 531);
INSERT INTO "TrackElement" ("id") VALUES (534);
INSERT INTO "Segment" ("id", "length") VALUES (534, 723);
UPDATE "TrackElement" SET "region" = 255 WHERE "id" = 534;
INSERT INTO "monitoredBy" VALUES (534, 531);
INSERT INTO "TrackElement" ("id") VALUES (535);
INSERT INTO "Segment" ("id", "length") VALUES (535, 880);
UPDATE "TrackElement" SET "region" = 255 WHERE "id" = 535;
INSERT INTO "monitoredBy" VALUES (535, 531);
INSERT INTO "TrackElement" ("id") VALUES (536);
INSERT INTO "Segment" ("id", "length") VALUES (536, 375);
UPDATE "TrackElement" SET "region" = 255 WHERE "id" = 536;
INSERT INTO "monitoredBy" VALUES (536, 531);
INSERT INTO "SwitchPosition" ("id", "position", "target") VALUES (537, 1, 524);
UPDATE "SwitchPosition" SET "route" = 254 WHERE "id" = 537;
INSERT INTO "connectsTo" VALUES (256, 258);
INSERT INTO "connectsTo" VALUES (258, 259);
INSERT INTO "connectsTo" VALUES (259, 260);
INSERT INTO "connectsTo" VALUES (260, 261);
INSERT INTO "connectsTo" VALUES (261, 262);
INSERT INTO "connectsTo" VALUES (262, 264);
INSERT INTO "connectsTo" VALUES (264, 265);
INSERT INTO "connectsTo" VALUES (265, 266);
INSERT INTO "connectsTo" VALUES (266, 267);
INSERT INTO "connectsTo" VALUES (267, 268);
INSERT INTO "connectsTo" VALUES (268, 270);
INSERT INTO "connectsTo" VALUES (270, 271);
INSERT INTO "connectsTo" VALUES (271, 272);
INSERT INTO "connectsTo" VALUES (272, 273);
INSERT INTO "connectsTo" VALUES (273, 274);
INSERT INTO "connectsTo" VALUES (274, 276);
INSERT INTO "connectsTo" VALUES (276, 277);
INSERT INTO "connectsTo" VALUES (277, 278);
INSERT INTO "connectsTo" VALUES (278, 279);
INSERT INTO "connectsTo" VALUES (279, 280);
INSERT INTO "connectsTo" VALUES (280, 282);
INSERT INTO "connectsTo" VALUES (282, 284);
INSERT INTO "connectsTo" VALUES (284, 285);
INSERT INTO "connectsTo" VALUES (285, 286);
INSERT INTO "connectsTo" VALUES (286, 287);
INSERT INTO "connectsTo" VALUES (287, 288);
INSERT INTO "connectsTo" VALUES (288, 290);
INSERT INTO "connectsTo" VALUES (290, 291);
INSERT INTO "connectsTo" VALUES (291, 292);
INSERT INTO "connectsTo" VALUES (292, 293);
INSERT INTO "connectsTo" VALUES (293, 294);
INSERT INTO "connectsTo" VALUES (294, 296);
INSERT INTO "connectsTo" VALUES (296, 297);
INSERT INTO "connectsTo" VALUES (297, 298);
INSERT INTO "connectsTo" VALUES (298, 299);
INSERT INTO "connectsTo" VALUES (299, 300);
INSERT INTO "connectsTo" VALUES (300, 302);
INSERT INTO "connectsTo" VALUES (302, 303);
INSERT INTO "connectsTo" VALUES (303, 304);
INSERT INTO "connectsTo" VALUES (304, 305);
INSERT INTO "connectsTo" VALUES (305, 306);
INSERT INTO "connectsTo" VALUES (306, 308);
INSERT INTO "connectsTo" VALUES (308, 309);
INSERT INTO "connectsTo" VALUES (309, 310);
INSERT INTO "connectsTo" VALUES (310, 311);
INSERT INTO "connectsTo" VALUES (311, 312);
INSERT INTO "connectsTo" VALUES (312, 314);
INSERT INTO "connectsTo" VALUES (314, 315);
INSERT INTO "connectsTo" VALUES (315, 316);
INSERT INTO "connectsTo" VALUES (316, 317);
INSERT INTO "connectsTo" VALUES (317, 318);
INSERT INTO "connectsTo" VALUES (318, 320);
INSERT INTO "connectsTo" VALUES (320, 321);
INSERT INTO "connectsTo" VALUES (321, 322);
INSERT INTO "connectsTo" VALUES (322, 323);
INSERT INTO "connectsTo" VALUES (323, 324);
INSERT INTO "connectsTo" VALUES (324, 326);
INSERT INTO "connectsTo" VALUES (326, 327);
INSERT INTO "connectsTo" VALUES (327, 328);
INSERT INTO "connectsTo" VALUES (328, 329);
INSERT INTO "connectsTo" VALUES (329, 330);
INSERT INTO "connectsTo" VALUES (330, 332);
INSERT INTO "connectsTo" VALUES (332, 334);
INSERT INTO "connectsTo" VALUES (334, 335);
INSERT INTO "connectsTo" VALUES (335, 336);
INSERT INTO "connectsTo" VALUES (336, 337);
INSERT INTO "connectsTo" VALUES (337, 338);
INSERT INTO "connectsTo" VALUES (338, 340);
INSERT INTO "connectsTo" VALUES (340, 341);
INSERT INTO "connectsTo" VALUES (341, 342);
INSERT INTO "connectsTo" VALUES (342, 343);
INSERT INTO "connectsTo" VALUES (343, 344);
INSERT INTO "connectsTo" VALUES (344, 346);
INSERT INTO "connectsTo" VALUES (346, 347);
INSERT INTO "connectsTo" VALUES (347, 348);
INSERT INTO "connectsTo" VALUES (348, 349);
INSERT INTO "connectsTo" VALUES (349, 350);
INSERT INTO "connectsTo" VALUES (350, 352);
INSERT INTO "connectsTo" VALUES (352, 353);
INSERT INTO "connectsTo" VALUES (353, 354);
INSERT INTO "connectsTo" VALUES (354, 355);
INSERT INTO "connectsTo" VALUES (355, 356);
INSERT INTO "connectsTo" VALUES (356, 358);
INSERT INTO "connectsTo" VALUES (358, 359);
INSERT INTO "connectsTo" VALUES (359, 360);
INSERT INTO "connectsTo" VALUES (360, 361);
INSERT INTO "connectsTo" VALUES (361, 362);
INSERT INTO "connectsTo" VALUES (362, 364);
INSERT INTO "connectsTo" VALUES (364, 365);
INSERT INTO "connectsTo" VALUES (365, 366);
INSERT INTO "connectsTo" VALUES (366, 367);
INSERT INTO "connectsTo" VALUES (367, 368);
INSERT INTO "connectsTo" VALUES (368, 370);
INSERT INTO "connectsTo" VALUES (370, 371);
INSERT INTO "connectsTo" VALUES (371, 372);
INSERT INTO "connectsTo" VALUES (372, 373);
INSERT INTO "connectsTo" VALUES (373, 374);
INSERT INTO "connectsTo" VALUES (374, 376);
INSERT INTO "connectsTo" VALUES (376, 377);
INSERT INTO "connectsTo" VALUES (377, 378);
INSERT INTO "connectsTo" VALUES (378, 379);
INSERT INTO "connectsTo" VALUES (379, 380);
INSERT INTO "connectsTo" VALUES (380, 382);
INSERT INTO "connectsTo" VALUES (382, 384);
INSERT INTO "connectsTo" VALUES (384, 385);
INSERT INTO "connectsTo" VALUES (385, 386);
INSERT INTO "connectsTo" VALUES (386, 387);
INSERT INTO "connectsTo" VALUES (387, 388);
INSERT INTO "connectsTo" VALUES (388, 390);
INSERT INTO "connectsTo" VALUES (390, 391);
INSERT INTO "connectsTo" VALUES (391, 392);
INSERT INTO "connectsTo" VALUES (392, 393);
INSERT INTO "connectsTo" VALUES (393, 394);
INSERT INTO "connectsTo" VALUES (394, 396);
INSERT INTO "connectsTo" VALUES (396, 397);
INSERT INTO "connectsTo" VALUES (397, 398);
INSERT INTO "connectsTo" VALUES (398, 399);
INSERT INTO "connectsTo" VALUES (399, 400);
INSERT INTO "connectsTo" VALUES (400, 402);
INSERT INTO "connectsTo" VALUES (402, 403);
INSERT INTO "connectsTo" VALUES (403, 404);
INSERT INTO "connectsTo" VALUES (404, 405);
INSERT INTO "connectsTo" VALUES (405, 406);
INSERT INTO "connectsTo" VALUES (406, 408);
INSERT INTO "connectsTo" VALUES (408, 410);
INSERT INTO "connectsTo" VALUES (410, 411);
INSERT INTO "connectsTo" VALUES (411, 412);
INSERT INTO "connectsTo" VALUES (412, 413);
INSERT INTO "connectsTo" VALUES (413, 414);
INSERT INTO "connectsTo" VALUES (414, 416);
INSERT INTO "connectsTo" VALUES (416, 417);
INSERT INTO "connectsTo" VALUES (417, 418);
INSERT INTO "connectsTo" VALUES (418, 419);
INSERT INTO "connectsTo" VALUES (419, 420);
INSERT INTO "connectsTo" VALUES (420, 422);
INSERT INTO "connectsTo" VALUES (422, 424);
INSERT INTO "connectsTo" VALUES (424, 425);
INSERT INTO "connectsTo" VALUES (425, 426);
INSERT INTO "connectsTo" VALUES (426, 427);
INSERT INTO "connectsTo" VALUES (427, 428);
INSERT INTO "connectsTo" VALUES (428, 430);
INSERT INTO "connectsTo" VALUES (430, 431);
INSERT INTO "connectsTo" VALUES (431, 432);
INSERT INTO "connectsTo" VALUES (432, 433);
INSERT INTO "connectsTo" VALUES (433, 434);
INSERT INTO "connectsTo" VALUES (434, 436);
INSERT INTO "connectsTo" VALUES (436, 437);
INSERT INTO "connectsTo" VALUES (437, 438);
INSERT INTO "connectsTo" VALUES (438, 439);
INSERT INTO "connectsTo" VALUES (439, 440);
INSERT INTO "connectsTo" VALUES (440, 442);
INSERT INTO "connectsTo" VALUES (442, 443);
INSERT INTO "connectsTo" VALUES (443, 444);
INSERT INTO "connectsTo" VALUES (444, 445);
INSERT INTO "connectsTo" VALUES (445, 446);
INSERT INTO "connectsTo" VALUES (446, 448);
INSERT INTO "connectsTo" VALUES (448, 449);
INSERT INTO "connectsTo" VALUES (449, 450);
INSERT INTO "connectsTo" VALUES (450, 451);
INSERT INTO "connectsTo" VALUES (451, 452);
INSERT INTO "connectsTo" VALUES (452, 454);
INSERT INTO "connectsTo" VALUES (454, 455);
INSERT INTO "connectsTo" VALUES (455, 456);
INSERT INTO "connectsTo" VALUES (456, 457);
INSERT INTO "connectsTo" VALUES (457, 458);
INSERT INTO "connectsTo" VALUES (458, 460);
INSERT INTO "connectsTo" VALUES (460, 462);
INSERT INTO "connectsTo" VALUES (462, 463);
INSERT INTO "connectsTo" VALUES (463, 464);
INSERT INTO "connectsTo" VALUES (464, 465);
INSERT INTO "connectsTo" VALUES (465, 466);
INSERT INTO "connectsTo" VALUES (466, 468);
INSERT INTO "connectsTo" VALUES (468, 469);
INSERT INTO "connectsTo" VALUES (469, 470);
INSERT INTO "connectsTo" VALUES (470, 471);
INSERT INTO "connectsTo" VALUES (471, 472);
INSERT INTO "connectsTo" VALUES (472, 474);
INSERT INTO "connectsTo" VALUES (474, 476);
INSERT INTO "connectsTo" VALUES (476, 477);
INSERT INTO "connectsTo" VALUES (477, 478);
INSERT INTO "connectsTo" VALUES (478, 479);
INSERT INTO "connectsTo" VALUES (479, 480);
INSERT INTO "connectsTo" VALUES (480, 482);
INSERT INTO "connectsTo" VALUES (482, 483);
INSERT INTO "connectsTo" VALUES (483, 484);
INSERT INTO "connectsTo" VALUES (484, 485);
INSERT INTO "connectsTo" VALUES (485, 486);
INSERT INTO "connectsTo" VALUES (486, 488);
INSERT INTO "connectsTo" VALUES (488, 489);
INSERT INTO "connectsTo" VALUES (489, 490);
INSERT INTO "connectsTo" VALUES (490, 491);
INSERT INTO "connectsTo" VALUES (491, 492);
INSERT INTO "connectsTo" VALUES (492, 494);
INSERT INTO "connectsTo" VALUES (494, 495);
INSERT INTO "connectsTo" VALUES (495, 496);
INSERT INTO "connectsTo" VALUES (496, 497);
INSERT INTO "connectsTo" VALUES (497, 498);
INSERT INTO "connectsTo" VALUES (498, 500);
INSERT INTO "connectsTo" VALUES (500, 501);
INSERT INTO "connectsTo" VALUES (501, 502);
INSERT INTO "connectsTo" VALUES (502, 503);
INSERT INTO "connectsTo" VALUES (503, 504);
INSERT INTO "connectsTo" VALUES (504, 506);
INSERT INTO "connectsTo" VALUES (506, 507);
INSERT INTO "connectsTo" VALUES (507, 508);
INSERT INTO "connectsTo" VALUES (508, 509);
INSERT INTO "connectsTo" VALUES (509, 510);
INSERT INTO "connectsTo" VALUES (510, 512);
INSERT INTO "connectsTo" VALUES (512, 513);
INSERT INTO "connectsTo" VALUES (513, 514);
INSERT INTO "connectsTo" VALUES (514, 515);
INSERT INTO "connectsTo" VALUES (515, 516);
INSERT INTO "connectsTo" VALUES (516, 518);
INSERT INTO "connectsTo" VALUES (518, 519);
INSERT INTO "connectsTo" VALUES (519, 520);
INSERT INTO "connectsTo" VALUES (520, 521);
INSERT INTO "connectsTo" VALUES (521, 522);
INSERT INTO "connectsTo" VALUES (522, 524);
INSERT INTO "connectsTo" VALUES (524, 526);
INSERT INTO "connectsTo" VALUES (526, 527);
INSERT INTO "connectsTo" VALUES (527, 528);
INSERT INTO "connectsTo" VALUES (528, 529);
INSERT INTO "connectsTo" VALUES (529, 530);
INSERT INTO "connectsTo" VALUES (530, 532);
INSERT INTO "connectsTo" VALUES (532, 533);
INSERT INTO "connectsTo" VALUES (533, 534);
INSERT INTO "connectsTo" VALUES (534, 535);
INSERT INTO "connectsTo" VALUES (535, 536);
INSERT INTO "connectsTo" VALUES (251, 256);
INSERT INTO "Semaphore" ("id", "signal") VALUES (538, 2);
INSERT INTO "Route" ("id", "active", "entry", "exit") VALUES (539, 1, 253, 538);
INSERT INTO "Region" ("id") VALUES (540);
INSERT INTO "TrackElement" ("id") VALUES (541);
INSERT INTO "Switch" ("id", "currentPosition") VALUES (541, 1);
UPDATE "TrackElement" SET "region" = 540 WHERE "id" = 541;
INSERT INTO "Sensor" ("id") VALUES (542);
UPDATE "Sensor" SET "region" = 540 WHERE "id" = 542;
INSERT INTO "monitoredBy" VALUES (541, 542);
INSERT INTO "requires" VALUES (539, 542);
INSERT INTO "TrackElement" ("id") VALUES (543);
INSERT INTO "Segment" ("id", "length") VALUES (543, 560);
UPDATE "TrackElement" SET "region" = 540 WHERE "id" = 543;
INSERT INTO "monitoredBy" VALUES (543, 542);
UPDATE "Semaphore" SET "segment" = 543 WHERE "id" = 538;
INSERT INTO "TrackElement" ("id") VALUES (544);
INSERT INTO "Segment" ("id", "length") VALUES (544, 694);
UPDATE "TrackElement" SET "region" = 540 WHERE "id" = 544;
INSERT INTO "monitoredBy" VALUES (544, 542);
INSERT INTO "TrackElement" ("id") VALUES (545);
INSERT INTO "Segment" ("id", "length") VALUES (545, 780);
UPDATE "TrackElement" SET "region" = 540 WHERE "id" = 545;
INSERT INTO "monitoredBy" VALUES (545, 542);
INSERT INTO "TrackElement" ("id") VALUES (546);
INSERT INTO "Segment" ("id", "length") VALUES (546, 372);
UPDATE "TrackElement" SET "region" = 540 WHERE "id" = 546;
INSERT INTO "monitoredBy" VALUES (546, 542);
INSERT INTO "TrackElement" ("id") VALUES (547);
INSERT INTO "Segment" ("id", "length") VALUES (547, 911);
UPDATE "TrackElement" SET "region" = 540 WHERE "id" = 547;
INSERT INTO "monitoredBy" VALUES (547, 542);
INSERT INTO "Sensor" ("id") VALUES (548);
UPDATE "Sensor" SET "region" = 540 WHERE "id" = 548;
INSERT INTO "monitoredBy" VALUES (541, 548);
INSERT INTO "requires" VALUES (539, 548);
INSERT INTO "TrackElement" ("id") VALUES (549);
INSERT INTO "Segment" ("id", "length") VALUES (549, 452);
UPDATE "TrackElement" SET "region" = 540 WHERE "id" = 549;
INSERT INTO "monitoredBy" VALUES (549, 548);
INSERT INTO "TrackElement" ("id") VALUES (550);
INSERT INTO "Segment" ("id", "length") VALUES (550, 887);
UPDATE "TrackElement" SET "region" = 540 WHERE "id" = 550;
INSERT INTO "monitoredBy" VALUES (550, 548);
INSERT INTO "TrackElement" ("id") VALUES (551);
INSERT INTO "Segment" ("id", "length") VALUES (551, 461);
UPDATE "TrackElement" SET "region" = 540 WHERE "id" = 551;
INSERT INTO "monitoredBy" VALUES (551, 548);
INSERT INTO "TrackElement" ("id") VALUES (552);
INSERT INTO "Segment" ("id", "length") VALUES (552, 183);
UPDATE "TrackElement" SET "region" = 540 WHERE "id" = 552;
INSERT INTO "monitoredBy" VALUES (552, 548);
INSERT INTO "TrackElement" ("id") VALUES (553);
INSERT INTO "Segment" ("id", "length") VALUES (553, 818);
UPDATE "TrackElement" SET "region" = 540 WHERE "id" = 553;
INSERT INTO "monitoredBy" VALUES (553, 548);
INSERT INTO "Sensor" ("id") VALUES (554);
UPDATE "Sensor" SET "region" = 540 WHERE "id" = 554;
INSERT INTO "monitoredBy" VALUES (541, 554);
INSERT INTO "requires" VALUES (539, 554);
INSERT INTO "TrackElement" ("id") VALUES (555);
INSERT INTO "Segment" ("id", "length") VALUES (555, 852);
UPDATE "TrackElement" SET "region" = 540 WHERE "id" = 555;
INSERT INTO "monitoredBy" VALUES (555, 554);
INSERT INTO "TrackElement" ("id") VALUES (556);
INSERT INTO "Segment" ("id", "length") VALUES (556, 364);
UPDATE "TrackElement" SET "region" = 540 WHERE "id" = 556;
INSERT INTO "monitoredBy" VALUES (556, 554);
INSERT INTO "TrackElement" ("id") VALUES (557);
INSERT INTO "Segment" ("id", "length") VALUES (557, 525);
UPDATE "TrackElement" SET "region" = 540 WHERE "id" = 557;
INSERT INTO "monitoredBy" VALUES (557, 554);
INSERT INTO "TrackElement" ("id") VALUES (558);
INSERT INTO "Segment" ("id", "length") VALUES (558, 615);
UPDATE "TrackElement" SET "region" = 540 WHERE "id" = 558;
INSERT INTO "monitoredBy" VALUES (558, 554);
INSERT INTO "TrackElement" ("id") VALUES (559);
INSERT INTO "Segment" ("id", "length") VALUES (559, 721);
UPDATE "TrackElement" SET "region" = 540 WHERE "id" = 559;
INSERT INTO "monitoredBy" VALUES (559, 554);
INSERT INTO "Sensor" ("id") VALUES (560);
UPDATE "Sensor" SET "region" = 540 WHERE "id" = 560;
INSERT INTO "monitoredBy" VALUES (541, 560);
INSERT INTO "requires" VALUES (539, 560);
INSERT INTO "TrackElement" ("id") VALUES (561);
INSERT INTO "Segment" ("id", "length") VALUES (561, 252);
UPDATE "TrackElement" SET "region" = 540 WHERE "id" = 561;
INSERT INTO "monitoredBy" VALUES (561, 560);
INSERT INTO "TrackElement" ("id") VALUES (562);
INSERT INTO "Segment" ("id", "length") VALUES (562, 147);
UPDATE "TrackElement" SET "region" = 540 WHERE "id" = 562;
INSERT INTO "monitoredBy" VALUES (562, 560);
INSERT INTO "TrackElement" ("id") VALUES (563);
INSERT INTO "Segment" ("id", "length") VALUES (563, 495);
UPDATE "TrackElement" SET "region" = 540 WHERE "id" = 563;
INSERT INTO "monitoredBy" VALUES (563, 560);
INSERT INTO "TrackElement" ("id") VALUES (564);
INSERT INTO "Segment" ("id", "length") VALUES (564, 341);
UPDATE "TrackElement" SET "region" = 540 WHERE "id" = 564;
INSERT INTO "monitoredBy" VALUES (564, 560);
INSERT INTO "TrackElement" ("id") VALUES (565);
INSERT INTO "Segment" ("id", "length") VALUES (565, 803);
UPDATE "TrackElement" SET "region" = 540 WHERE "id" = 565;
INSERT INTO "monitoredBy" VALUES (565, 560);
INSERT INTO "Sensor" ("id") VALUES (566);
UPDATE "Sensor" SET "region" = 540 WHERE "id" = 566;
INSERT INTO "monitoredBy" VALUES (541, 566);
INSERT INTO "requires" VALUES (539, 566);
INSERT INTO "TrackElement" ("id") VALUES (567);
INSERT INTO "Segment" ("id", "length") VALUES (567, 27);
UPDATE "TrackElement" SET "region" = 540 WHERE "id" = 567;
INSERT INTO "monitoredBy" VALUES (567, 566);
INSERT INTO "TrackElement" ("id") VALUES (568);
INSERT INTO "Segment" ("id", "length") VALUES (568, 149);
UPDATE "TrackElement" SET "region" = 540 WHERE "id" = 568;
INSERT INTO "monitoredBy" VALUES (568, 566);
INSERT INTO "TrackElement" ("id") VALUES (569);
INSERT INTO "Segment" ("id", "length") VALUES (569, 723);
UPDATE "TrackElement" SET "region" = 540 WHERE "id" = 569;
INSERT INTO "monitoredBy" VALUES (569, 566);
INSERT INTO "TrackElement" ("id") VALUES (570);
INSERT INTO "Segment" ("id", "length") VALUES (570, 595);
UPDATE "TrackElement" SET "region" = 540 WHERE "id" = 570;
INSERT INTO "monitoredBy" VALUES (570, 566);
INSERT INTO "TrackElement" ("id") VALUES (571);
INSERT INTO "Segment" ("id", "length") VALUES (571, 714);
UPDATE "TrackElement" SET "region" = 540 WHERE "id" = 571;
INSERT INTO "monitoredBy" VALUES (571, 566);
INSERT INTO "Sensor" ("id") VALUES (572);
UPDATE "Sensor" SET "region" = 540 WHERE "id" = 572;
INSERT INTO "monitoredBy" VALUES (541, 572);
INSERT INTO "requires" VALUES (539, 572);
INSERT INTO "TrackElement" ("id") VALUES (573);
INSERT INTO "Segment" ("id", "length") VALUES (573, 391);
UPDATE "TrackElement" SET "region" = 540 WHERE "id" = 573;
INSERT INTO "monitoredBy" VALUES (573, 572);
INSERT INTO "TrackElement" ("id") VALUES (574);
INSERT INTO "Segment" ("id", "length") VALUES (574, 564);
UPDATE "TrackElement" SET "region" = 540 WHERE "id" = 574;
INSERT INTO "monitoredBy" VALUES (574, 572);
INSERT INTO "TrackElement" ("id") VALUES (575);
INSERT INTO "Segment" ("id", "length") VALUES (575, 171);
UPDATE "TrackElement" SET "region" = 540 WHERE "id" = 575;
INSERT INTO "monitoredBy" VALUES (575, 572);
INSERT INTO "TrackElement" ("id") VALUES (576);
INSERT INTO "Segment" ("id", "length") VALUES (576, 730);
UPDATE "TrackElement" SET "region" = 540 WHERE "id" = 576;
INSERT INTO "monitoredBy" VALUES (576, 572);
INSERT INTO "TrackElement" ("id") VALUES (577);
INSERT INTO "Segment" ("id", "length") VALUES (577, 387);
UPDATE "TrackElement" SET "region" = 540 WHERE "id" = 577;
INSERT INTO "monitoredBy" VALUES (577, 572);
INSERT INTO "Sensor" ("id") VALUES (578);
UPDATE "Sensor" SET "region" = 540 WHERE "id" = 578;
INSERT INTO "monitoredBy" VALUES (541, 578);
INSERT INTO "requires" VALUES (539, 578);
INSERT INTO "TrackElement" ("id") VALUES (579);
INSERT INTO "Segment" ("id", "length") VALUES (579, 781);
UPDATE "TrackElement" SET "region" = 540 WHERE "id" = 579;
INSERT INTO "monitoredBy" VALUES (579, 578);
INSERT INTO "TrackElement" ("id") VALUES (580);
INSERT INTO "Segment" ("id", "length") VALUES (580, 82);
UPDATE "TrackElement" SET "region" = 540 WHERE "id" = 580;
INSERT INTO "monitoredBy" VALUES (580, 578);
INSERT INTO "TrackElement" ("id") VALUES (581);
INSERT INTO "Segment" ("id", "length") VALUES (581, 963);
UPDATE "TrackElement" SET "region" = 540 WHERE "id" = 581;
INSERT INTO "monitoredBy" VALUES (581, 578);
INSERT INTO "TrackElement" ("id") VALUES (582);
INSERT INTO "Segment" ("id", "length") VALUES (582, 647);
UPDATE "TrackElement" SET "region" = 540 WHERE "id" = 582;
INSERT INTO "monitoredBy" VALUES (582, 578);
INSERT INTO "TrackElement" ("id") VALUES (583);
INSERT INTO "Segment" ("id", "length") VALUES (583, 666);
UPDATE "TrackElement" SET "region" = 540 WHERE "id" = 583;
INSERT INTO "monitoredBy" VALUES (583, 578);
INSERT INTO "SwitchPosition" ("id", "position", "target") VALUES (584, 1, 541);
UPDATE "SwitchPosition" SET "route" = 539 WHERE "id" = 584;
INSERT INTO "TrackElement" ("id") VALUES (585);
INSERT INTO "Switch" ("id", "currentPosition") VALUES (585, 0);
UPDATE "TrackElement" SET "region" = 540 WHERE "id" = 585;
INSERT INTO "Sensor" ("id") VALUES (586);
UPDATE "Sensor" SET "region" = 540 WHERE "id" = 586;
INSERT INTO "monitoredBy" VALUES (585, 586);
INSERT INTO "requires" VALUES (539, 586);
INSERT INTO "TrackElement" ("id") VALUES (587);
INSERT INTO "Segment" ("id", "length") VALUES (587, 741);
UPDATE "TrackElement" SET "region" = 540 WHERE "id" = 587;
INSERT INTO "monitoredBy" VALUES (587, 586);
INSERT INTO "TrackElement" ("id") VALUES (588);
INSERT INTO "Segment" ("id", "length") VALUES (588, 610);
UPDATE "TrackElement" SET "region" = 540 WHERE "id" = 588;
INSERT INTO "monitoredBy" VALUES (588, 586);
INSERT INTO "TrackElement" ("id") VALUES (589);
INSERT INTO "Segment" ("id", "length") VALUES (589, 32);
UPDATE "TrackElement" SET "region" = 540 WHERE "id" = 589;
INSERT INTO "monitoredBy" VALUES (589, 586);
INSERT INTO "TrackElement" ("id") VALUES (590);
INSERT INTO "Segment" ("id", "length") VALUES (590, 44);
UPDATE "TrackElement" SET "region" = 540 WHERE "id" = 590;
INSERT INTO "monitoredBy" VALUES (590, 586);
INSERT INTO "TrackElement" ("id") VALUES (591);
INSERT INTO "Segment" ("id", "length") VALUES (591, 700);
UPDATE "TrackElement" SET "region" = 540 WHERE "id" = 591;
INSERT INTO "monitoredBy" VALUES (591, 586);
INSERT INTO "Sensor" ("id") VALUES (592);
UPDATE "Sensor" SET "region" = 540 WHERE "id" = 592;
INSERT INTO "monitoredBy" VALUES (585, 592);
INSERT INTO "requires" VALUES (539, 592);
INSERT INTO "TrackElement" ("id") VALUES (593);
INSERT INTO "Segment" ("id", "length") VALUES (593, 320);
UPDATE "TrackElement" SET "region" = 540 WHERE "id" = 593;
INSERT INTO "monitoredBy" VALUES (593, 592);
INSERT INTO "TrackElement" ("id") VALUES (594);
INSERT INTO "Segment" ("id", "length") VALUES (594, 881);
UPDATE "TrackElement" SET "region" = 540 WHERE "id" = 594;
INSERT INTO "monitoredBy" VALUES (594, 592);
INSERT INTO "TrackElement" ("id") VALUES (595);
INSERT INTO "Segment" ("id", "length") VALUES (595, 140);
UPDATE "TrackElement" SET "region" = 540 WHERE "id" = 595;
INSERT INTO "monitoredBy" VALUES (595, 592);
INSERT INTO "TrackElement" ("id") VALUES (596);
INSERT INTO "Segment" ("id", "length") VALUES (596, 91);
UPDATE "TrackElement" SET "region" = 540 WHERE "id" = 596;
INSERT INTO "monitoredBy" VALUES (596, 592);
INSERT INTO "TrackElement" ("id") VALUES (597);
INSERT INTO "Segment" ("id", "length") VALUES (597, 701);
UPDATE "TrackElement" SET "region" = 540 WHERE "id" = 597;
INSERT INTO "monitoredBy" VALUES (597, 592);
INSERT INTO "Sensor" ("id") VALUES (598);
UPDATE "Sensor" SET "region" = 540 WHERE "id" = 598;
INSERT INTO "monitoredBy" VALUES (585, 598);
INSERT INTO "requires" VALUES (539, 598);
INSERT INTO "TrackElement" ("id") VALUES (599);
INSERT INTO "Segment" ("id", "length") VALUES (599, 244);
UPDATE "TrackElement" SET "region" = 540 WHERE "id" = 599;
INSERT INTO "monitoredBy" VALUES (599, 598);
INSERT INTO "TrackElement" ("id") VALUES (600);
INSERT INTO "Segment" ("id", "length") VALUES (600, 891);
UPDATE "TrackElement" SET "region" = 540 WHERE "id" = 600;
INSERT INTO "monitoredBy" VALUES (600, 598);
INSERT INTO "TrackElement" ("id") VALUES (601);
INSERT INTO "Segment" ("id", "length") VALUES (601, 820);
UPDATE "TrackElement" SET "region" = 540 WHERE "id" = 601;
INSERT INTO "monitoredBy" VALUES (601, 598);
INSERT INTO "TrackElement" ("id") VALUES (602);
INSERT INTO "Segment" ("id", "length") VALUES (602, 913);
UPDATE "TrackElement" SET "region" = 540 WHERE "id" = 602;
INSERT INTO "monitoredBy" VALUES (602, 598);
INSERT INTO "TrackElement" ("id") VALUES (603);
INSERT INTO "Segment" ("id", "length") VALUES (603, 871);
UPDATE "TrackElement" SET "region" = 540 WHERE "id" = 603;
INSERT INTO "monitoredBy" VALUES (603, 598);
INSERT INTO "Sensor" ("id") VALUES (604);
UPDATE "Sensor" SET "region" = 540 WHERE "id" = 604;
INSERT INTO "monitoredBy" VALUES (585, 604);
INSERT INTO "requires" VALUES (539, 604);
INSERT INTO "TrackElement" ("id") VALUES (605);
INSERT INTO "Segment" ("id", "length") VALUES (605, 997);
UPDATE "TrackElement" SET "region" = 540 WHERE "id" = 605;
INSERT INTO "monitoredBy" VALUES (605, 604);
INSERT INTO "TrackElement" ("id") VALUES (606);
INSERT INTO "Segment" ("id", "length") VALUES (606, 681);
UPDATE "TrackElement" SET "region" = 540 WHERE "id" = 606;
INSERT INTO "monitoredBy" VALUES (606, 604);
INSERT INTO "TrackElement" ("id") VALUES (607);
INSERT INTO "Segment" ("id", "length") VALUES (607, 80);
UPDATE "TrackElement" SET "region" = 540 WHERE "id" = 607;
INSERT INTO "monitoredBy" VALUES (607, 604);
INSERT INTO "TrackElement" ("id") VALUES (608);
INSERT INTO "Segment" ("id", "length") VALUES (608, 913);
UPDATE "TrackElement" SET "region" = 540 WHERE "id" = 608;
INSERT INTO "monitoredBy" VALUES (608, 604);
INSERT INTO "TrackElement" ("id") VALUES (609);
INSERT INTO "Segment" ("id", "length") VALUES (609, 492);
UPDATE "TrackElement" SET "region" = 540 WHERE "id" = 609;
INSERT INTO "monitoredBy" VALUES (609, 604);
INSERT INTO "SwitchPosition" ("id", "position", "target") VALUES (610, 0, 585);
UPDATE "SwitchPosition" SET "route" = 539 WHERE "id" = 610;
INSERT INTO "TrackElement" ("id") VALUES (611);
INSERT INTO "Switch" ("id", "currentPosition") VALUES (611, 2);
UPDATE "TrackElement" SET "region" = 540 WHERE "id" = 611;
INSERT INTO "Sensor" ("id") VALUES (612);
UPDATE "Sensor" SET "region" = 540 WHERE "id" = 612;
INSERT INTO "monitoredBy" VALUES (611, 612);
INSERT INTO "requires" VALUES (539, 612);
INSERT INTO "TrackElement" ("id") VALUES (613);
INSERT INTO "Segment" ("id", "length") VALUES (613, 745);
UPDATE "TrackElement" SET "region" = 540 WHERE "id" = 613;
INSERT INTO "monitoredBy" VALUES (613, 612);
INSERT INTO "TrackElement" ("id") VALUES (614);
INSERT INTO "Segment" ("id", "length") VALUES (614, 900);
UPDATE "TrackElement" SET "region" = 540 WHERE "id" = 614;
INSERT INTO "monitoredBy" VALUES (614, 612);
INSERT INTO "TrackElement" ("id") VALUES (615);
INSERT INTO "Segment" ("id", "length") VALUES (615, 482);
UPDATE "TrackElement" SET "region" = 540 WHERE "id" = 615;
INSERT INTO "monitoredBy" VALUES (615, 612);
INSERT INTO "TrackElement" ("id") VALUES (616);
INSERT INTO "Segment" ("id", "length") VALUES (616, 758);
UPDATE "TrackElement" SET "region" = 540 WHERE "id" = 616;
INSERT INTO "monitoredBy" VALUES (616, 612);
INSERT INTO "TrackElement" ("id") VALUES (617);
INSERT INTO "Segment" ("id", "length") VALUES (617, 723);
UPDATE "TrackElement" SET "region" = 540 WHERE "id" = 617;
INSERT INTO "monitoredBy" VALUES (617, 612);
INSERT INTO "SwitchPosition" ("id", "position", "target") VALUES (618, 2, 611);
UPDATE "SwitchPosition" SET "route" = 539 WHERE "id" = 618;
INSERT INTO "TrackElement" ("id") VALUES (619);
INSERT INTO "Switch" ("id", "currentPosition") VALUES (619, 0);
UPDATE "TrackElement" SET "region" = 540 WHERE "id" = 619;
INSERT INTO "Sensor" ("id") VALUES (620);
UPDATE "Sensor" SET "region" = 540 WHERE "id" = 620;
INSERT INTO "monitoredBy" VALUES (619, 620);
INSERT INTO "requires" VALUES (539, 620);
INSERT INTO "TrackElement" ("id") VALUES (621);
INSERT INTO "Segment" ("id", "length") VALUES (621, 249);
UPDATE "TrackElement" SET "region" = 540 WHERE "id" = 621;
INSERT INTO "monitoredBy" VALUES (621, 620);
INSERT INTO "TrackElement" ("id") VALUES (622);
INSERT INTO "Segment" ("id", "length") VALUES (622, 290);
UPDATE "TrackElement" SET "region" = 540 WHERE "id" = 622;
INSERT INTO "monitoredBy" VALUES (622, 620);
INSERT INTO "TrackElement" ("id") VALUES (623);
INSERT INTO "Segment" ("id", "length") VALUES (623, 349);
UPDATE "TrackElement" SET "region" = 540 WHERE "id" = 623;
INSERT INTO "monitoredBy" VALUES (623, 620);
INSERT INTO "TrackElement" ("id") VALUES (624);
INSERT INTO "Segment" ("id", "length") VALUES (624, 602);
UPDATE "TrackElement" SET "region" = 540 WHERE "id" = 624;
INSERT INTO "monitoredBy" VALUES (624, 620);
INSERT INTO "TrackElement" ("id") VALUES (625);
INSERT INTO "Segment" ("id", "length") VALUES (625, 248);
UPDATE "TrackElement" SET "region" = 540 WHERE "id" = 625;
INSERT INTO "monitoredBy" VALUES (625, 620);
INSERT INTO "Sensor" ("id") VALUES (626);
UPDATE "Sensor" SET "region" = 540 WHERE "id" = 626;
INSERT INTO "monitoredBy" VALUES (619, 626);
INSERT INTO "requires" VALUES (539, 626);
INSERT INTO "TrackElement" ("id") VALUES (627);
INSERT INTO "Segment" ("id", "length") VALUES (627, 664);
UPDATE "TrackElement" SET "region" = 540 WHERE "id" = 627;
INSERT INTO "monitoredBy" VALUES (627, 626);
INSERT INTO "TrackElement" ("id") VALUES (628);
INSERT INTO "Segment" ("id", "length") VALUES (628, 192);
UPDATE "TrackElement" SET "region" = 540 WHERE "id" = 628;
INSERT INTO "monitoredBy" VALUES (628, 626);
INSERT INTO "TrackElement" ("id") VALUES (629);
INSERT INTO "Segment" ("id", "length") VALUES (629, 759);
UPDATE "TrackElement" SET "region" = 540 WHERE "id" = 629;
INSERT INTO "monitoredBy" VALUES (629, 626);
INSERT INTO "TrackElement" ("id") VALUES (630);
INSERT INTO "Segment" ("id", "length") VALUES (630, 180);
UPDATE "TrackElement" SET "region" = 540 WHERE "id" = 630;
INSERT INTO "monitoredBy" VALUES (630, 626);
INSERT INTO "TrackElement" ("id") VALUES (631);
INSERT INTO "Segment" ("id", "length") VALUES (631, 504);
UPDATE "TrackElement" SET "region" = 540 WHERE "id" = 631;
INSERT INTO "monitoredBy" VALUES (631, 626);
INSERT INTO "Sensor" ("id") VALUES (632);
UPDATE "Sensor" SET "region" = 540 WHERE "id" = 632;
INSERT INTO "monitoredBy" VALUES (619, 632);
INSERT INTO "requires" VALUES (539, 632);
INSERT INTO "TrackElement" ("id") VALUES (633);
INSERT INTO "Segment" ("id", "length") VALUES (633, 758);
UPDATE "TrackElement" SET "region" = 540 WHERE "id" = 633;
INSERT INTO "monitoredBy" VALUES (633, 632);
INSERT INTO "TrackElement" ("id") VALUES (634);
INSERT INTO "Segment" ("id", "length") VALUES (634, 762);
UPDATE "TrackElement" SET "region" = 540 WHERE "id" = 634;
INSERT INTO "monitoredBy" VALUES (634, 632);
INSERT INTO "TrackElement" ("id") VALUES (635);
INSERT INTO "Segment" ("id", "length") VALUES (635, 364);
UPDATE "TrackElement" SET "region" = 540 WHERE "id" = 635;
INSERT INTO "monitoredBy" VALUES (635, 632);
INSERT INTO "TrackElement" ("id") VALUES (636);
INSERT INTO "Segment" ("id", "length") VALUES (636, 566);
UPDATE "TrackElement" SET "region" = 540 WHERE "id" = 636;
INSERT INTO "monitoredBy" VALUES (636, 632);
INSERT INTO "TrackElement" ("id") VALUES (637);
INSERT INTO "Segment" ("id", "length") VALUES (637, 367);
UPDATE "TrackElement" SET "region" = 540 WHERE "id" = 637;
INSERT INTO "monitoredBy" VALUES (637, 632);
INSERT INTO "Sensor" ("id") VALUES (638);
UPDATE "Sensor" SET "region" = 540 WHERE "id" = 638;
INSERT INTO "monitoredBy" VALUES (619, 638);
INSERT INTO "requires" VALUES (539, 638);
INSERT INTO "TrackElement" ("id") VALUES (639);
INSERT INTO "Segment" ("id", "length") VALUES (639, 427);
UPDATE "TrackElement" SET "region" = 540 WHERE "id" = 639;
INSERT INTO "monitoredBy" VALUES (639, 638);
INSERT INTO "TrackElement" ("id") VALUES (640);
INSERT INTO "Segment" ("id", "length") VALUES (640, 461);
UPDATE "TrackElement" SET "region" = 540 WHERE "id" = 640;
INSERT INTO "monitoredBy" VALUES (640, 638);
INSERT INTO "TrackElement" ("id") VALUES (641);
INSERT INTO "Segment" ("id", "length") VALUES (641, 883);
UPDATE "TrackElement" SET "region" = 540 WHERE "id" = 641;
INSERT INTO "monitoredBy" VALUES (641, 638);
INSERT INTO "TrackElement" ("id") VALUES (642);
INSERT INTO "Segment" ("id", "length") VALUES (642, 255);
UPDATE "TrackElement" SET "region" = 540 WHERE "id" = 642;
INSERT INTO "monitoredBy" VALUES (642, 638);
INSERT INTO "TrackElement" ("id") VALUES (643);
INSERT INTO "Segment" ("id", "length") VALUES (643, 265);
UPDATE "TrackElement" SET "region" = 540 WHERE "id" = 643;
INSERT INTO "monitoredBy" VALUES (643, 638);
INSERT INTO "SwitchPosition" ("id", "position", "target") VALUES (644, 0, 619);
UPDATE "SwitchPosition" SET "route" = 539 WHERE "id" = 644;
INSERT INTO "TrackElement" ("id") VALUES (645);
INSERT INTO "Switch" ("id", "currentPosition") VALUES (645, 1);
UPDATE "TrackElement" SET "region" = 540 WHERE "id" = 645;
INSERT INTO "Sensor" ("id") VALUES (646);
UPDATE "Sensor" SET "region" = 540 WHERE "id" = 646;
INSERT INTO "monitoredBy" VALUES (645, 646);
INSERT INTO "requires" VALUES (539, 646);
INSERT INTO "TrackElement" ("id") VALUES (647);
INSERT INTO "Segment" ("id", "length") VALUES (647, 551);
UPDATE "TrackElement" SET "region" = 540 WHERE "id" = 647;
INSERT INTO "monitoredBy" VALUES (647, 646);
INSERT INTO "TrackElement" ("id") VALUES (648);
INSERT INTO "Segment" ("id", "length") VALUES (648, 942);
UPDATE "TrackElement" SET "region" = 540 WHERE "id" = 648;
INSERT INTO "monitoredBy" VALUES (648, 646);
INSERT INTO "TrackElement" ("id") VALUES (649);
INSERT INTO "Segment" ("id", "length") VALUES (649, 403);
UPDATE "TrackElement" SET "region" = 540 WHERE "id" = 649;
INSERT INTO "monitoredBy" VALUES (649, 646);
INSERT INTO "TrackElement" ("id") VALUES (650);
INSERT INTO "Segment" ("id", "length") VALUES (650, 615);
UPDATE "TrackElement" SET "region" = 540 WHERE "id" = 650;
INSERT INTO "monitoredBy" VALUES (650, 646);
INSERT INTO "TrackElement" ("id") VALUES (651);
INSERT INTO "Segment" ("id", "length") VALUES (651, 887);
UPDATE "TrackElement" SET "region" = 540 WHERE "id" = 651;
INSERT INTO "monitoredBy" VALUES (651, 646);
INSERT INTO "Sensor" ("id") VALUES (652);
UPDATE "Sensor" SET "region" = 540 WHERE "id" = 652;
INSERT INTO "monitoredBy" VALUES (645, 652);
INSERT INTO "requires" VALUES (539, 652);
INSERT INTO "TrackElement" ("id") VALUES (653);
INSERT INTO "Segment" ("id", "length") VALUES (653, 667);
UPDATE "TrackElement" SET "region" = 540 WHERE "id" = 653;
INSERT INTO "monitoredBy" VALUES (653, 652);
INSERT INTO "TrackElement" ("id") VALUES (654);
INSERT INTO "Segment" ("id", "length") VALUES (654, 285);
UPDATE "TrackElement" SET "region" = 540 WHERE "id" = 654;
INSERT INTO "monitoredBy" VALUES (654, 652);
INSERT INTO "TrackElement" ("id") VALUES (655);
INSERT INTO "Segment" ("id", "length") VALUES (655, 889);
UPDATE "TrackElement" SET "region" = 540 WHERE "id" = 655;
INSERT INTO "monitoredBy" VALUES (655, 652);
INSERT INTO "TrackElement" ("id") VALUES (656);
INSERT INTO "Segment" ("id", "length") VALUES (656, 87);
UPDATE "TrackElement" SET "region" = 540 WHERE "id" = 656;
INSERT INTO "monitoredBy" VALUES (656, 652);
INSERT INTO "TrackElement" ("id") VALUES (657);
INSERT INTO "Segment" ("id", "length") VALUES (657, 271);
UPDATE "TrackElement" SET "region" = 540 WHERE "id" = 657;
INSERT INTO "monitoredBy" VALUES (657, 652);
INSERT INTO "Sensor" ("id") VALUES (658);
UPDATE "Sensor" SET "region" = 540 WHERE "id" = 658;
INSERT INTO "monitoredBy" VALUES (645, 658);
INSERT INTO "requires" VALUES (539, 658);
INSERT INTO "TrackElement" ("id") VALUES (659);
INSERT INTO "Segment" ("id", "length") VALUES (659, 511);
UPDATE "TrackElement" SET "region" = 540 WHERE "id" = 659;
INSERT INTO "monitoredBy" VALUES (659, 658);
INSERT INTO "TrackElement" ("id") VALUES (660);
INSERT INTO "Segment" ("id", "length") VALUES (660, 11);
UPDATE "TrackElement" SET "region" = 540 WHERE "id" = 660;
INSERT INTO "monitoredBy" VALUES (660, 658);
INSERT INTO "TrackElement" ("id") VALUES (661);
INSERT INTO "Segment" ("id", "length") VALUES (661, 153);
UPDATE "TrackElement" SET "region" = 540 WHERE "id" = 661;
INSERT INTO "monitoredBy" VALUES (661, 658);
INSERT INTO "TrackElement" ("id") VALUES (662);
INSERT INTO "Segment" ("id", "length") VALUES (662, 444);
UPDATE "TrackElement" SET "region" = 540 WHERE "id" = 662;
INSERT INTO "monitoredBy" VALUES (662, 658);
INSERT INTO "TrackElement" ("id") VALUES (663);
INSERT INTO "Segment" ("id", "length") VALUES (663, 576);
UPDATE "TrackElement" SET "region" = 540 WHERE "id" = 663;
INSERT INTO "monitoredBy" VALUES (663, 658);
INSERT INTO "Sensor" ("id") VALUES (664);
UPDATE "Sensor" SET "region" = 540 WHERE "id" = 664;
INSERT INTO "monitoredBy" VALUES (645, 664);
INSERT INTO "requires" VALUES (539, 664);
INSERT INTO "TrackElement" ("id") VALUES (665);
INSERT INTO "Segment" ("id", "length") VALUES (665, 356);
UPDATE "TrackElement" SET "region" = 540 WHERE "id" = 665;
INSERT INTO "monitoredBy" VALUES (665, 664);
INSERT INTO "TrackElement" ("id") VALUES (666);
INSERT INTO "Segment" ("id", "length") VALUES (666, 229);
UPDATE "TrackElement" SET "region" = 540 WHERE "id" = 666;
INSERT INTO "monitoredBy" VALUES (666, 664);
INSERT INTO "TrackElement" ("id") VALUES (667);
INSERT INTO "Segment" ("id", "length") VALUES (667, 541);
UPDATE "TrackElement" SET "region" = 540 WHERE "id" = 667;
INSERT INTO "monitoredBy" VALUES (667, 664);
INSERT INTO "TrackElement" ("id") VALUES (668);
INSERT INTO "Segment" ("id", "length") VALUES (668, 924);
UPDATE "TrackElement" SET "region" = 540 WHERE "id" = 668;
INSERT INTO "monitoredBy" VALUES (668, 664);
INSERT INTO "TrackElement" ("id") VALUES (669);
INSERT INTO "Segment" ("id", "length") VALUES (669, 801);
UPDATE "TrackElement" SET "region" = 540 WHERE "id" = 669;
INSERT INTO "monitoredBy" VALUES (669, 664);
INSERT INTO "SwitchPosition" ("id", "position", "target") VALUES (670, 1, 645);
UPDATE "SwitchPosition" SET "route" = 539 WHERE "id" = 670;
INSERT INTO "TrackElement" ("id") VALUES (671);
INSERT INTO "Switch" ("id", "currentPosition") VALUES (671, 2);
UPDATE "TrackElement" SET "region" = 540 WHERE "id" = 671;
INSERT INTO "Sensor" ("id") VALUES (672);
UPDATE "Sensor" SET "region" = 540 WHERE "id" = 672;
INSERT INTO "monitoredBy" VALUES (671, 672);
INSERT INTO "requires" VALUES (539, 672);
INSERT INTO "TrackElement" ("id") VALUES (673);
INSERT INTO "Segment" ("id", "length") VALUES (673, 625);
UPDATE "TrackElement" SET "region" = 540 WHERE "id" = 673;
INSERT INTO "monitoredBy" VALUES (673, 672);
INSERT INTO "TrackElement" ("id") VALUES (674);
INSERT INTO "Segment" ("id", "length") VALUES (674, 883);
UPDATE "TrackElement" SET "region" = 540 WHERE "id" = 674;
INSERT INTO "monitoredBy" VALUES (674, 672);
INSERT INTO "TrackElement" ("id") VALUES (675);
INSERT INTO "Segment" ("id", "length") VALUES (675, 378);
UPDATE "TrackElement" SET "region" = 540 WHERE "id" = 675;
INSERT INTO "monitoredBy" VALUES (675, 672);
INSERT INTO "TrackElement" ("id") VALUES (676);
INSERT INTO "Segment" ("id", "length") VALUES (676, 805);
UPDATE "TrackElement" SET "region" = 540 WHERE "id" = 676;
INSERT INTO "monitoredBy" VALUES (676, 672);
INSERT INTO "TrackElement" ("id") VALUES (677);
INSERT INTO "Segment" ("id", "length") VALUES (677, 787);
UPDATE "TrackElement" SET "region" = 540 WHERE "id" = 677;
INSERT INTO "monitoredBy" VALUES (677, 672);
INSERT INTO "Sensor" ("id") VALUES (678);
UPDATE "Sensor" SET "region" = 540 WHERE "id" = 678;
INSERT INTO "monitoredBy" VALUES (671, 678);
INSERT INTO "requires" VALUES (539, 678);
INSERT INTO "TrackElement" ("id") VALUES (679);
INSERT INTO "Segment" ("id", "length") VALUES (679, 576);
UPDATE "TrackElement" SET "region" = 540 WHERE "id" = 679;
INSERT INTO "monitoredBy" VALUES (679, 678);
INSERT INTO "TrackElement" ("id") VALUES (680);
INSERT INTO "Segment" ("id", "length") VALUES (680, 734);
UPDATE "TrackElement" SET "region" = 540 WHERE "id" = 680;
INSERT INTO "monitoredBy" VALUES (680, 678);
INSERT INTO "TrackElement" ("id") VALUES (681);
INSERT INTO "Segment" ("id", "length") VALUES (681, 720);
UPDATE "TrackElement" SET "region" = 540 WHERE "id" = 681;
INSERT INTO "monitoredBy" VALUES (681, 678);
INSERT INTO "TrackElement" ("id") VALUES (682);
INSERT INTO "Segment" ("id", "length") VALUES (682, 382);
UPDATE "TrackElement" SET "region" = 540 WHERE "id" = 682;
INSERT INTO "monitoredBy" VALUES (682, 678);
INSERT INTO "TrackElement" ("id") VALUES (683);
INSERT INTO "Segment" ("id", "length") VALUES (683, 79);
UPDATE "TrackElement" SET "region" = 540 WHERE "id" = 683;
INSERT INTO "monitoredBy" VALUES (683, 678);
INSERT INTO "Sensor" ("id") VALUES (684);
UPDATE "Sensor" SET "region" = 540 WHERE "id" = 684;
INSERT INTO "monitoredBy" VALUES (671, 684);
INSERT INTO "requires" VALUES (539, 684);
INSERT INTO "TrackElement" ("id") VALUES (685);
INSERT INTO "Segment" ("id", "length") VALUES (685, 565);
UPDATE "TrackElement" SET "region" = 540 WHERE "id" = 685;
INSERT INTO "monitoredBy" VALUES (685, 684);
INSERT INTO "TrackElement" ("id") VALUES (686);
INSERT INTO "Segment" ("id", "length") VALUES (686, 618);
UPDATE "TrackElement" SET "region" = 540 WHERE "id" = 686;
INSERT INTO "monitoredBy" VALUES (686, 684);
INSERT INTO "TrackElement" ("id") VALUES (687);
INSERT INTO "Segment" ("id", "length") VALUES (687, 132);
UPDATE "TrackElement" SET "region" = 540 WHERE "id" = 687;
INSERT INTO "monitoredBy" VALUES (687, 684);
INSERT INTO "TrackElement" ("id") VALUES (688);
INSERT INTO "Segment" ("id", "length") VALUES (688, 133);
UPDATE "TrackElement" SET "region" = 540 WHERE "id" = 688;
INSERT INTO "monitoredBy" VALUES (688, 684);
INSERT INTO "TrackElement" ("id") VALUES (689);
INSERT INTO "Segment" ("id", "length") VALUES (689, 108);
UPDATE "TrackElement" SET "region" = 540 WHERE "id" = 689;
INSERT INTO "monitoredBy" VALUES (689, 684);
INSERT INTO "Sensor" ("id") VALUES (690);
UPDATE "Sensor" SET "region" = 540 WHERE "id" = 690;
INSERT INTO "monitoredBy" VALUES (671, 690);
INSERT INTO "requires" VALUES (539, 690);
INSERT INTO "TrackElement" ("id") VALUES (691);
INSERT INTO "Segment" ("id", "length") VALUES (691, 574);
UPDATE "TrackElement" SET "region" = 540 WHERE "id" = 691;
INSERT INTO "monitoredBy" VALUES (691, 690);
INSERT INTO "TrackElement" ("id") VALUES (692);
INSERT INTO "Segment" ("id", "length") VALUES (692, 81);
UPDATE "TrackElement" SET "region" = 540 WHERE "id" = 692;
INSERT INTO "monitoredBy" VALUES (692, 690);
INSERT INTO "TrackElement" ("id") VALUES (693);
INSERT INTO "Segment" ("id", "length") VALUES (693, 832);
UPDATE "TrackElement" SET "region" = 540 WHERE "id" = 693;
INSERT INTO "monitoredBy" VALUES (693, 690);
INSERT INTO "TrackElement" ("id") VALUES (694);
INSERT INTO "Segment" ("id", "length") VALUES (694, 45);
UPDATE "TrackElement" SET "region" = 540 WHERE "id" = 694;
INSERT INTO "monitoredBy" VALUES (694, 690);
INSERT INTO "TrackElement" ("id") VALUES (695);
INSERT INTO "Segment" ("id", "length") VALUES (695, 843);
UPDATE "TrackElement" SET "region" = 540 WHERE "id" = 695;
INSERT INTO "monitoredBy" VALUES (695, 690);
INSERT INTO "Sensor" ("id") VALUES (696);
UPDATE "Sensor" SET "region" = 540 WHERE "id" = 696;
INSERT INTO "monitoredBy" VALUES (671, 696);
INSERT INTO "requires" VALUES (539, 696);
INSERT INTO "TrackElement" ("id") VALUES (697);
INSERT INTO "Segment" ("id", "length") VALUES (697, 979);
UPDATE "TrackElement" SET "region" = 540 WHERE "id" = 697;
INSERT INTO "monitoredBy" VALUES (697, 696);
INSERT INTO "TrackElement" ("id") VALUES (698);
INSERT INTO "Segment" ("id", "length") VALUES (698, 354);
UPDATE "TrackElement" SET "region" = 540 WHERE "id" = 698;
INSERT INTO "monitoredBy" VALUES (698, 696);
INSERT INTO "TrackElement" ("id") VALUES (699);
INSERT INTO "Segment" ("id", "length") VALUES (699, 455);
UPDATE "TrackElement" SET "region" = 540 WHERE "id" = 699;
INSERT INTO "monitoredBy" VALUES (699, 696);
INSERT INTO "TrackElement" ("id") VALUES (700);
INSERT INTO "Segment" ("id", "length") VALUES (700, 272);
UPDATE "TrackElement" SET "region" = 540 WHERE "id" = 700;
INSERT INTO "monitoredBy" VALUES (700, 696);
INSERT INTO "TrackElement" ("id") VALUES (701);
INSERT INTO "Segment" ("id", "length") VALUES (701, 655);
UPDATE "TrackElement" SET "region" = 540 WHERE "id" = 701;
INSERT INTO "monitoredBy" VALUES (701, 696);
INSERT INTO "Sensor" ("id") VALUES (702);
UPDATE "Sensor" SET "region" = 540 WHERE "id" = 702;
INSERT INTO "monitoredBy" VALUES (671, 702);
INSERT INTO "requires" VALUES (539, 702);
INSERT INTO "TrackElement" ("id") VALUES (703);
INSERT INTO "Segment" ("id", "length") VALUES (703, 320);
UPDATE "TrackElement" SET "region" = 540 WHERE "id" = 703;
INSERT INTO "monitoredBy" VALUES (703, 702);
INSERT INTO "TrackElement" ("id") VALUES (704);
INSERT INTO "Segment" ("id", "length") VALUES (704, 867);
UPDATE "TrackElement" SET "region" = 540 WHERE "id" = 704;
INSERT INTO "monitoredBy" VALUES (704, 702);
INSERT INTO "TrackElement" ("id") VALUES (705);
INSERT INTO "Segment" ("id", "length") VALUES (705, 212);
UPDATE "TrackElement" SET "region" = 540 WHERE "id" = 705;
INSERT INTO "monitoredBy" VALUES (705, 702);
INSERT INTO "TrackElement" ("id") VALUES (706);
INSERT INTO "Segment" ("id", "length") VALUES (706, 546);
UPDATE "TrackElement" SET "region" = 540 WHERE "id" = 706;
INSERT INTO "monitoredBy" VALUES (706, 702);
INSERT INTO "TrackElement" ("id") VALUES (707);
INSERT INTO "Segment" ("id", "length") VALUES (707, 570);
UPDATE "TrackElement" SET "region" = 540 WHERE "id" = 707;
INSERT INTO "monitoredBy" VALUES (707, 702);
INSERT INTO "Sensor" ("id") VALUES (708);
UPDATE "Sensor" SET "region" = 540 WHERE "id" = 708;
INSERT INTO "monitoredBy" VALUES (671, 708);
INSERT INTO "requires" VALUES (539, 708);
INSERT INTO "TrackElement" ("id") VALUES (709);
INSERT INTO "Segment" ("id", "length") VALUES (709, 69);
UPDATE "TrackElement" SET "region" = 540 WHERE "id" = 709;
INSERT INTO "monitoredBy" VALUES (709, 708);
INSERT INTO "TrackElement" ("id") VALUES (710);
INSERT INTO "Segment" ("id", "length") VALUES (710, 645);
UPDATE "TrackElement" SET "region" = 540 WHERE "id" = 710;
INSERT INTO "monitoredBy" VALUES (710, 708);
INSERT INTO "TrackElement" ("id") VALUES (711);
INSERT INTO "Segment" ("id", "length") VALUES (711, 250);
UPDATE "TrackElement" SET "region" = 540 WHERE "id" = 711;
INSERT INTO "monitoredBy" VALUES (711, 708);
INSERT INTO "TrackElement" ("id") VALUES (712);
INSERT INTO "Segment" ("id", "length") VALUES (712, 344);
UPDATE "TrackElement" SET "region" = 540 WHERE "id" = 712;
INSERT INTO "monitoredBy" VALUES (712, 708);
INSERT INTO "TrackElement" ("id") VALUES (713);
INSERT INTO "Segment" ("id", "length") VALUES (713, 553);
UPDATE "TrackElement" SET "region" = 540 WHERE "id" = 713;
INSERT INTO "monitoredBy" VALUES (713, 708);
INSERT INTO "SwitchPosition" ("id", "position", "target") VALUES (714, 2, 671);
UPDATE "SwitchPosition" SET "route" = 539 WHERE "id" = 714;
INSERT INTO "TrackElement" ("id") VALUES (715);
INSERT INTO "Switch" ("id", "currentPosition") VALUES (715, 2);
UPDATE "TrackElement" SET "region" = 540 WHERE "id" = 715;
INSERT INTO "Sensor" ("id") VALUES (716);
UPDATE "Sensor" SET "region" = 540 WHERE "id" = 716;
INSERT INTO "monitoredBy" VALUES (715, 716);
INSERT INTO "requires" VALUES (539, 716);
INSERT INTO "TrackElement" ("id") VALUES (717);
INSERT INTO "Segment" ("id", "length") VALUES (717, 957);
UPDATE "TrackElement" SET "region" = 540 WHERE "id" = 717;
INSERT INTO "monitoredBy" VALUES (717, 716);
INSERT INTO "TrackElement" ("id") VALUES (718);
INSERT INTO "Segment" ("id", "length") VALUES (718, 481);
UPDATE "TrackElement" SET "region" = 540 WHERE "id" = 718;
INSERT INTO "monitoredBy" VALUES (718, 716);
INSERT INTO "TrackElement" ("id") VALUES (719);
INSERT INTO "Segment" ("id", "length") VALUES (719, 14);
UPDATE "TrackElement" SET "region" = 540 WHERE "id" = 719;
INSERT INTO "monitoredBy" VALUES (719, 716);
INSERT INTO "TrackElement" ("id") VALUES (720);
INSERT INTO "Segment" ("id", "length") VALUES (720, 897);
UPDATE "TrackElement" SET "region" = 540 WHERE "id" = 720;
INSERT INTO "monitoredBy" VALUES (720, 716);
INSERT INTO "TrackElement" ("id") VALUES (721);
INSERT INTO "Segment" ("id", "length") VALUES (721, 604);
UPDATE "TrackElement" SET "region" = 540 WHERE "id" = 721;
INSERT INTO "monitoredBy" VALUES (721, 716);
INSERT INTO "Sensor" ("id") VALUES (722);
UPDATE "Sensor" SET "region" = 540 WHERE "id" = 722;
INSERT INTO "monitoredBy" VALUES (715, 722);
INSERT INTO "requires" VALUES (539, 722);
INSERT INTO "TrackElement" ("id") VALUES (723);
INSERT INTO "Segment" ("id", "length") VALUES (723, 383);
UPDATE "TrackElement" SET "region" = 540 WHERE "id" = 723;
INSERT INTO "monitoredBy" VALUES (723, 722);
INSERT INTO "TrackElement" ("id") VALUES (724);
INSERT INTO "Segment" ("id", "length") VALUES (724, 27);
UPDATE "TrackElement" SET "region" = 540 WHERE "id" = 724;
INSERT INTO "monitoredBy" VALUES (724, 722);
INSERT INTO "TrackElement" ("id") VALUES (725);
INSERT INTO "Segment" ("id", "length") VALUES (725, 795);
UPDATE "TrackElement" SET "region" = 540 WHERE "id" = 725;
INSERT INTO "monitoredBy" VALUES (725, 722);
INSERT INTO "TrackElement" ("id") VALUES (726);
INSERT INTO "Segment" ("id", "length") VALUES (726, 156);
UPDATE "TrackElement" SET "region" = 540 WHERE "id" = 726;
INSERT INTO "monitoredBy" VALUES (726, 722);
INSERT INTO "TrackElement" ("id") VALUES (727);
INSERT INTO "Segment" ("id", "length") VALUES (727, 479);
UPDATE "TrackElement" SET "region" = 540 WHERE "id" = 727;
INSERT INTO "monitoredBy" VALUES (727, 722);
INSERT INTO "Sensor" ("id") VALUES (728);
UPDATE "Sensor" SET "region" = 540 WHERE "id" = 728;
INSERT INTO "monitoredBy" VALUES (715, 728);
INSERT INTO "requires" VALUES (539, 728);
INSERT INTO "TrackElement" ("id") VALUES (729);
INSERT INTO "Segment" ("id", "length") VALUES (729, 934);
UPDATE "TrackElement" SET "region" = 540 WHERE "id" = 729;
INSERT INTO "monitoredBy" VALUES (729, 728);
INSERT INTO "TrackElement" ("id") VALUES (730);
INSERT INTO "Segment" ("id", "length") VALUES (730, 748);
UPDATE "TrackElement" SET "region" = 540 WHERE "id" = 730;
INSERT INTO "monitoredBy" VALUES (730, 728);
INSERT INTO "TrackElement" ("id") VALUES (731);
INSERT INTO "Segment" ("id", "length") VALUES (731, 899);
UPDATE "TrackElement" SET "region" = 540 WHERE "id" = 731;
INSERT INTO "monitoredBy" VALUES (731, 728);
INSERT INTO "TrackElement" ("id") VALUES (732);
INSERT INTO "Segment" ("id", "length") VALUES (732, 15);
UPDATE "TrackElement" SET "region" = 540 WHERE "id" = 732;
INSERT INTO "monitoredBy" VALUES (732, 728);
INSERT INTO "TrackElement" ("id") VALUES (733);
INSERT INTO "Segment" ("id", "length") VALUES (733, 103);
UPDATE "TrackElement" SET "region" = 540 WHERE "id" = 733;
INSERT INTO "monitoredBy" VALUES (733, 728);
INSERT INTO "Sensor" ("id") VALUES (734);
UPDATE "Sensor" SET "region" = 540 WHERE "id" = 734;
INSERT INTO "monitoredBy" VALUES (715, 734);
INSERT INTO "requires" VALUES (539, 734);
INSERT INTO "TrackElement" ("id") VALUES (735);
INSERT INTO "Segment" ("id", "length") VALUES (735, 685);
UPDATE "TrackElement" SET "region" = 540 WHERE "id" = 735;
INSERT INTO "monitoredBy" VALUES (735, 734);
INSERT INTO "TrackElement" ("id") VALUES (736);
INSERT INTO "Segment" ("id", "length") VALUES (736, 281);
UPDATE "TrackElement" SET "region" = 540 WHERE "id" = 736;
INSERT INTO "monitoredBy" VALUES (736, 734);
INSERT INTO "TrackElement" ("id") VALUES (737);
INSERT INTO "Segment" ("id", "length") VALUES (737, 141);
UPDATE "TrackElement" SET "region" = 540 WHERE "id" = 737;
INSERT INTO "monitoredBy" VALUES (737, 734);
INSERT INTO "TrackElement" ("id") VALUES (738);
INSERT INTO "Segment" ("id", "length") VALUES (738, 53);
UPDATE "TrackElement" SET "region" = 540 WHERE "id" = 738;
INSERT INTO "monitoredBy" VALUES (738, 734);
INSERT INTO "TrackElement" ("id") VALUES (739);
INSERT INTO "Segment" ("id", "length") VALUES (739, 915);
UPDATE "TrackElement" SET "region" = 540 WHERE "id" = 739;
INSERT INTO "monitoredBy" VALUES (739, 734);
INSERT INTO "Sensor" ("id") VALUES (740);
UPDATE "Sensor" SET "region" = 540 WHERE "id" = 740;
INSERT INTO "monitoredBy" VALUES (715, 740);
INSERT INTO "requires" VALUES (539, 740);
INSERT INTO "TrackElement" ("id") VALUES (741);
INSERT INTO "Segment" ("id", "length") VALUES (741, 18);
UPDATE "TrackElement" SET "region" = 540 WHERE "id" = 741;
INSERT INTO "monitoredBy" VALUES (741, 740);
INSERT INTO "TrackElement" ("id") VALUES (742);
INSERT INTO "Segment" ("id", "length") VALUES (742, 145);
UPDATE "TrackElement" SET "region" = 540 WHERE "id" = 742;
INSERT INTO "monitoredBy" VALUES (742, 740);
INSERT INTO "TrackElement" ("id") VALUES (743);
INSERT INTO "Segment" ("id", "length") VALUES (743, 841);
UPDATE "TrackElement" SET "region" = 540 WHERE "id" = 743;
INSERT INTO "monitoredBy" VALUES (743, 740);
INSERT INTO "TrackElement" ("id") VALUES (744);
INSERT INTO "Segment" ("id", "length") VALUES (744, 410);
UPDATE "TrackElement" SET "region" = 540 WHERE "id" = 744;
INSERT INTO "monitoredBy" VALUES (744, 740);
INSERT INTO "TrackElement" ("id") VALUES (745);
INSERT INTO "Segment" ("id", "length") VALUES (745, 653);
UPDATE "TrackElement" SET "region" = 540 WHERE "id" = 745;
INSERT INTO "monitoredBy" VALUES (745, 740);
INSERT INTO "SwitchPosition" ("id", "position", "target") VALUES (746, 2, 715);
UPDATE "SwitchPosition" SET "route" = 539 WHERE "id" = 746;
INSERT INTO "TrackElement" ("id") VALUES (747);
INSERT INTO "Switch" ("id", "currentPosition") VALUES (747, 0);
UPDATE "TrackElement" SET "region" = 540 WHERE "id" = 747;
INSERT INTO "Sensor" ("id") VALUES (748);
UPDATE "Sensor" SET "region" = 540 WHERE "id" = 748;
INSERT INTO "monitoredBy" VALUES (747, 748);
INSERT INTO "requires" VALUES (539, 748);
INSERT INTO "TrackElement" ("id") VALUES (749);
INSERT INTO "Segment" ("id", "length") VALUES (749, 959);
UPDATE "TrackElement" SET "region" = 540 WHERE "id" = 749;
INSERT INTO "monitoredBy" VALUES (749, 748);
INSERT INTO "TrackElement" ("id") VALUES (750);
INSERT INTO "Segment" ("id", "length") VALUES (750, 159);
UPDATE "TrackElement" SET "region" = 540 WHERE "id" = 750;
INSERT INTO "monitoredBy" VALUES (750, 748);
INSERT INTO "TrackElement" ("id") VALUES (751);
INSERT INTO "Segment" ("id", "length") VALUES (751, 983);
UPDATE "TrackElement" SET "region" = 540 WHERE "id" = 751;
INSERT INTO "monitoredBy" VALUES (751, 748);
INSERT INTO "TrackElement" ("id") VALUES (752);
INSERT INTO "Segment" ("id", "length") VALUES (752, 302);
UPDATE "TrackElement" SET "region" = 540 WHERE "id" = 752;
INSERT INTO "monitoredBy" VALUES (752, 748);
INSERT INTO "TrackElement" ("id") VALUES (753);
INSERT INTO "Segment" ("id", "length") VALUES (753, 334);
UPDATE "TrackElement" SET "region" = 540 WHERE "id" = 753;
INSERT INTO "monitoredBy" VALUES (753, 748);
INSERT INTO "Sensor" ("id") VALUES (754);
UPDATE "Sensor" SET "region" = 540 WHERE "id" = 754;
INSERT INTO "monitoredBy" VALUES (747, 754);
INSERT INTO "requires" VALUES (539, 754);
INSERT INTO "TrackElement" ("id") VALUES (755);
INSERT INTO "Segment" ("id", "length") VALUES (755, 395);
UPDATE "TrackElement" SET "region" = 540 WHERE "id" = 755;
INSERT INTO "monitoredBy" VALUES (755, 754);
INSERT INTO "TrackElement" ("id") VALUES (756);
INSERT INTO "Segment" ("id", "length") VALUES (756, 710);
UPDATE "TrackElement" SET "region" = 540 WHERE "id" = 756;
INSERT INTO "monitoredBy" VALUES (756, 754);
INSERT INTO "TrackElement" ("id") VALUES (757);
INSERT INTO "Segment" ("id", "length") VALUES (757, 407);
UPDATE "TrackElement" SET "region" = 540 WHERE "id" = 757;
INSERT INTO "monitoredBy" VALUES (757, 754);
INSERT INTO "TrackElement" ("id") VALUES (758);
INSERT INTO "Segment" ("id", "length") VALUES (758, 183);
UPDATE "TrackElement" SET "region" = 540 WHERE "id" = 758;
INSERT INTO "monitoredBy" VALUES (758, 754);
INSERT INTO "TrackElement" ("id") VALUES (759);
INSERT INTO "Segment" ("id", "length") VALUES (759, 305);
UPDATE "TrackElement" SET "region" = 540 WHERE "id" = 759;
INSERT INTO "monitoredBy" VALUES (759, 754);
INSERT INTO "Sensor" ("id") VALUES (760);
UPDATE "Sensor" SET "region" = 540 WHERE "id" = 760;
INSERT INTO "monitoredBy" VALUES (747, 760);
INSERT INTO "requires" VALUES (539, 760);
INSERT INTO "TrackElement" ("id") VALUES (761);
INSERT INTO "Segment" ("id", "length") VALUES (761, 515);
UPDATE "TrackElement" SET "region" = 540 WHERE "id" = 761;
INSERT INTO "monitoredBy" VALUES (761, 760);
INSERT INTO "TrackElement" ("id") VALUES (762);
INSERT INTO "Segment" ("id", "length") VALUES (762, 767);
UPDATE "TrackElement" SET "region" = 540 WHERE "id" = 762;
INSERT INTO "monitoredBy" VALUES (762, 760);
INSERT INTO "TrackElement" ("id") VALUES (763);
INSERT INTO "Segment" ("id", "length") VALUES (763, 915);
UPDATE "TrackElement" SET "region" = 540 WHERE "id" = 763;
INSERT INTO "monitoredBy" VALUES (763, 760);
INSERT INTO "TrackElement" ("id") VALUES (764);
INSERT INTO "Segment" ("id", "length") VALUES (764, 191);
UPDATE "TrackElement" SET "region" = 540 WHERE "id" = 764;
INSERT INTO "monitoredBy" VALUES (764, 760);
INSERT INTO "TrackElement" ("id") VALUES (765);
INSERT INTO "Segment" ("id", "length") VALUES (765, 989);
UPDATE "TrackElement" SET "region" = 540 WHERE "id" = 765;
INSERT INTO "monitoredBy" VALUES (765, 760);
INSERT INTO "Sensor" ("id") VALUES (766);
UPDATE "Sensor" SET "region" = 540 WHERE "id" = 766;
INSERT INTO "monitoredBy" VALUES (747, 766);
INSERT INTO "requires" VALUES (539, 766);
INSERT INTO "TrackElement" ("id") VALUES (767);
INSERT INTO "Segment" ("id", "length") VALUES (767, 513);
UPDATE "TrackElement" SET "region" = 540 WHERE "id" = 767;
INSERT INTO "monitoredBy" VALUES (767, 766);
INSERT INTO "TrackElement" ("id") VALUES (768);
INSERT INTO "Segment" ("id", "length") VALUES (768, 105);
UPDATE "TrackElement" SET "region" = 540 WHERE "id" = 768;
INSERT INTO "monitoredBy" VALUES (768, 766);
INSERT INTO "TrackElement" ("id") VALUES (769);
INSERT INTO "Segment" ("id", "length") VALUES (769, 481);
UPDATE "TrackElement" SET "region" = 540 WHERE "id" = 769;
INSERT INTO "monitoredBy" VALUES (769, 766);
INSERT INTO "TrackElement" ("id") VALUES (770);
INSERT INTO "Segment" ("id", "length") VALUES (770, 830);
UPDATE "TrackElement" SET "region" = 540 WHERE "id" = 770;
INSERT INTO "monitoredBy" VALUES (770, 766);
INSERT INTO "TrackElement" ("id") VALUES (771);
INSERT INTO "Segment" ("id", "length") VALUES (771, 843);
UPDATE "TrackElement" SET "region" = 540 WHERE "id" = 771;
INSERT INTO "monitoredBy" VALUES (771, 766);
INSERT INTO "Sensor" ("id") VALUES (772);
UPDATE "Sensor" SET "region" = 540 WHERE "id" = 772;
INSERT INTO "monitoredBy" VALUES (747, 772);
INSERT INTO "requires" VALUES (539, 772);
INSERT INTO "TrackElement" ("id") VALUES (773);
INSERT INTO "Segment" ("id", "length") VALUES (773, 649);
UPDATE "TrackElement" SET "region" = 540 WHERE "id" = 773;
INSERT INTO "monitoredBy" VALUES (773, 772);
INSERT INTO "TrackElement" ("id") VALUES (774);
INSERT INTO "Segment" ("id", "length") VALUES (774, 772);
UPDATE "TrackElement" SET "region" = 540 WHERE "id" = 774;
INSERT INTO "monitoredBy" VALUES (774, 772);
INSERT INTO "TrackElement" ("id") VALUES (775);
INSERT INTO "Segment" ("id", "length") VALUES (775, 769);
UPDATE "TrackElement" SET "region" = 540 WHERE "id" = 775;
INSERT INTO "monitoredBy" VALUES (775, 772);
INSERT INTO "TrackElement" ("id") VALUES (776);
INSERT INTO "Segment" ("id", "length") VALUES (776, 857);
UPDATE "TrackElement" SET "region" = 540 WHERE "id" = 776;
INSERT INTO "monitoredBy" VALUES (776, 772);
INSERT INTO "TrackElement" ("id") VALUES (777);
INSERT INTO "Segment" ("id", "length") VALUES (777, 350);
UPDATE "TrackElement" SET "region" = 540 WHERE "id" = 777;
INSERT INTO "monitoredBy" VALUES (777, 772);
INSERT INTO "SwitchPosition" ("id", "position", "target") VALUES (778, 0, 747);
UPDATE "SwitchPosition" SET "route" = 539 WHERE "id" = 778;
INSERT INTO "TrackElement" ("id") VALUES (779);
INSERT INTO "Switch" ("id", "currentPosition") VALUES (779, 0);
UPDATE "TrackElement" SET "region" = 540 WHERE "id" = 779;
INSERT INTO "Sensor" ("id") VALUES (780);
UPDATE "Sensor" SET "region" = 540 WHERE "id" = 780;
INSERT INTO "monitoredBy" VALUES (779, 780);
INSERT INTO "requires" VALUES (539, 780);
INSERT INTO "TrackElement" ("id") VALUES (781);
INSERT INTO "Segment" ("id", "length") VALUES (781, 563);
UPDATE "TrackElement" SET "region" = 540 WHERE "id" = 781;
INSERT INTO "monitoredBy" VALUES (781, 780);
INSERT INTO "TrackElement" ("id") VALUES (782);
INSERT INTO "Segment" ("id", "length") VALUES (782, 355);
UPDATE "TrackElement" SET "region" = 540 WHERE "id" = 782;
INSERT INTO "monitoredBy" VALUES (782, 780);
INSERT INTO "TrackElement" ("id") VALUES (783);
INSERT INTO "Segment" ("id", "length") VALUES (783, 735);
UPDATE "TrackElement" SET "region" = 540 WHERE "id" = 783;
INSERT INTO "monitoredBy" VALUES (783, 780);
INSERT INTO "TrackElement" ("id") VALUES (784);
INSERT INTO "Segment" ("id", "length") VALUES (784, 137);
UPDATE "TrackElement" SET "region" = 540 WHERE "id" = 784;
INSERT INTO "monitoredBy" VALUES (784, 780);
INSERT INTO "TrackElement" ("id") VALUES (785);
INSERT INTO "Segment" ("id", "length") VALUES (785, 770);
UPDATE "TrackElement" SET "region" = 540 WHERE "id" = 785;
INSERT INTO "monitoredBy" VALUES (785, 780);
INSERT INTO "Sensor" ("id") VALUES (786);
UPDATE "Sensor" SET "region" = 540 WHERE "id" = 786;
INSERT INTO "monitoredBy" VALUES (779, 786);
INSERT INTO "requires" VALUES (539, 786);
INSERT INTO "TrackElement" ("id") VALUES (787);
INSERT INTO "Segment" ("id", "length") VALUES (787, 185);
UPDATE "TrackElement" SET "region" = 540 WHERE "id" = 787;
INSERT INTO "monitoredBy" VALUES (787, 786);
INSERT INTO "TrackElement" ("id") VALUES (788);
INSERT INTO "Segment" ("id", "length") VALUES (788, 155);
UPDATE "TrackElement" SET "region" = 540 WHERE "id" = 788;
INSERT INTO "monitoredBy" VALUES (788, 786);
INSERT INTO "TrackElement" ("id") VALUES (789);
INSERT INTO "Segment" ("id", "length") VALUES (789, 557);
UPDATE "TrackElement" SET "region" = 540 WHERE "id" = 789;
INSERT INTO "monitoredBy" VALUES (789, 786);
INSERT INTO "TrackElement" ("id") VALUES (790);
INSERT INTO "Segment" ("id", "length") VALUES (790, 22);
UPDATE "TrackElement" SET "region" = 540 WHERE "id" = 790;
INSERT INTO "monitoredBy" VALUES (790, 786);
INSERT INTO "TrackElement" ("id") VALUES (791);
INSERT INTO "Segment" ("id", "length") VALUES (791, 964);
UPDATE "TrackElement" SET "region" = 540 WHERE "id" = 791;
INSERT INTO "monitoredBy" VALUES (791, 786);
INSERT INTO "Sensor" ("id") VALUES (792);
UPDATE "Sensor" SET "region" = 540 WHERE "id" = 792;
INSERT INTO "monitoredBy" VALUES (779, 792);
INSERT INTO "requires" VALUES (539, 792);
INSERT INTO "TrackElement" ("id") VALUES (793);
INSERT INTO "Segment" ("id", "length") VALUES (793, 428);
UPDATE "TrackElement" SET "region" = 540 WHERE "id" = 793;
INSERT INTO "monitoredBy" VALUES (793, 792);
INSERT INTO "TrackElement" ("id") VALUES (794);
INSERT INTO "Segment" ("id", "length") VALUES (794, 662);
UPDATE "TrackElement" SET "region" = 540 WHERE "id" = 794;
INSERT INTO "monitoredBy" VALUES (794, 792);
INSERT INTO "TrackElement" ("id") VALUES (795);
INSERT INTO "Segment" ("id", "length") VALUES (795, 219);
UPDATE "TrackElement" SET "region" = 540 WHERE "id" = 795;
INSERT INTO "monitoredBy" VALUES (795, 792);
INSERT INTO "TrackElement" ("id") VALUES (796);
INSERT INTO "Segment" ("id", "length") VALUES (796, 409);
UPDATE "TrackElement" SET "region" = 540 WHERE "id" = 796;
INSERT INTO "monitoredBy" VALUES (796, 792);
INSERT INTO "TrackElement" ("id") VALUES (797);
INSERT INTO "Segment" ("id", "length") VALUES (797, 851);
UPDATE "TrackElement" SET "region" = 540 WHERE "id" = 797;
INSERT INTO "monitoredBy" VALUES (797, 792);
INSERT INTO "Sensor" ("id") VALUES (798);
UPDATE "Sensor" SET "region" = 540 WHERE "id" = 798;
INSERT INTO "monitoredBy" VALUES (779, 798);
INSERT INTO "requires" VALUES (539, 798);
INSERT INTO "TrackElement" ("id") VALUES (799);
INSERT INTO "Segment" ("id", "length") VALUES (799, 387);
UPDATE "TrackElement" SET "region" = 540 WHERE "id" = 799;
INSERT INTO "monitoredBy" VALUES (799, 798);
INSERT INTO "TrackElement" ("id") VALUES (800);
INSERT INTO "Segment" ("id", "length") VALUES (800, 782);
UPDATE "TrackElement" SET "region" = 540 WHERE "id" = 800;
INSERT INTO "monitoredBy" VALUES (800, 798);
INSERT INTO "TrackElement" ("id") VALUES (801);
INSERT INTO "Segment" ("id", "length") VALUES (801, 848);
UPDATE "TrackElement" SET "region" = 540 WHERE "id" = 801;
INSERT INTO "monitoredBy" VALUES (801, 798);
INSERT INTO "TrackElement" ("id") VALUES (802);
INSERT INTO "Segment" ("id", "length") VALUES (802, 630);
UPDATE "TrackElement" SET "region" = 540 WHERE "id" = 802;
INSERT INTO "monitoredBy" VALUES (802, 798);
INSERT INTO "TrackElement" ("id") VALUES (803);
INSERT INTO "Segment" ("id", "length") VALUES (803, 428);
UPDATE "TrackElement" SET "region" = 540 WHERE "id" = 803;
INSERT INTO "monitoredBy" VALUES (803, 798);
INSERT INTO "Sensor" ("id") VALUES (804);
UPDATE "Sensor" SET "region" = 540 WHERE "id" = 804;
INSERT INTO "monitoredBy" VALUES (779, 804);
INSERT INTO "requires" VALUES (539, 804);
INSERT INTO "TrackElement" ("id") VALUES (805);
INSERT INTO "Segment" ("id", "length") VALUES (805, 935);
UPDATE "TrackElement" SET "region" = 540 WHERE "id" = 805;
INSERT INTO "monitoredBy" VALUES (805, 804);
INSERT INTO "TrackElement" ("id") VALUES (806);
INSERT INTO "Segment" ("id", "length") VALUES (806, 754);
UPDATE "TrackElement" SET "region" = 540 WHERE "id" = 806;
INSERT INTO "monitoredBy" VALUES (806, 804);
INSERT INTO "TrackElement" ("id") VALUES (807);
INSERT INTO "Segment" ("id", "length") VALUES (807, 782);
UPDATE "TrackElement" SET "region" = 540 WHERE "id" = 807;
INSERT INTO "monitoredBy" VALUES (807, 804);
INSERT INTO "TrackElement" ("id") VALUES (808);
INSERT INTO "Segment" ("id", "length") VALUES (808, 316);
UPDATE "TrackElement" SET "region" = 540 WHERE "id" = 808;
INSERT INTO "monitoredBy" VALUES (808, 804);
INSERT INTO "TrackElement" ("id") VALUES (809);
INSERT INTO "Segment" ("id", "length") VALUES (809, 772);
UPDATE "TrackElement" SET "region" = 540 WHERE "id" = 809;
INSERT INTO "monitoredBy" VALUES (809, 804);
INSERT INTO "Sensor" ("id") VALUES (810);
UPDATE "Sensor" SET "region" = 540 WHERE "id" = 810;
INSERT INTO "monitoredBy" VALUES (779, 810);
INSERT INTO "requires" VALUES (539, 810);
INSERT INTO "TrackElement" ("id") VALUES (811);
INSERT INTO "Segment" ("id", "length") VALUES (811, 43);
UPDATE "TrackElement" SET "region" = 540 WHERE "id" = 811;
INSERT INTO "monitoredBy" VALUES (811, 810);
INSERT INTO "TrackElement" ("id") VALUES (812);
INSERT INTO "Segment" ("id", "length") VALUES (812, 658);
UPDATE "TrackElement" SET "region" = 540 WHERE "id" = 812;
INSERT INTO "monitoredBy" VALUES (812, 810);
INSERT INTO "TrackElement" ("id") VALUES (813);
INSERT INTO "Segment" ("id", "length") VALUES (813, 417);
UPDATE "TrackElement" SET "region" = 540 WHERE "id" = 813;
INSERT INTO "monitoredBy" VALUES (813, 810);
INSERT INTO "TrackElement" ("id") VALUES (814);
INSERT INTO "Segment" ("id", "length") VALUES (814, 118);
UPDATE "TrackElement" SET "region" = 540 WHERE "id" = 814;
INSERT INTO "monitoredBy" VALUES (814, 810);
INSERT INTO "TrackElement" ("id") VALUES (815);
INSERT INTO "Segment" ("id", "length") VALUES (815, 243);
UPDATE "TrackElement" SET "region" = 540 WHERE "id" = 815;
INSERT INTO "monitoredBy" VALUES (815, 810);
INSERT INTO "SwitchPosition" ("id", "position", "target") VALUES (816, 0, 779);
UPDATE "SwitchPosition" SET "route" = 539 WHERE "id" = 816;
INSERT INTO "TrackElement" ("id") VALUES (817);
INSERT INTO "Switch" ("id", "currentPosition") VALUES (817, 1);
UPDATE "TrackElement" SET "region" = 540 WHERE "id" = 817;
INSERT INTO "Sensor" ("id") VALUES (818);
UPDATE "Sensor" SET "region" = 540 WHERE "id" = 818;
INSERT INTO "monitoredBy" VALUES (817, 818);
INSERT INTO "requires" VALUES (539, 818);
INSERT INTO "TrackElement" ("id") VALUES (819);
INSERT INTO "Segment" ("id", "length") VALUES (819, 788);
UPDATE "TrackElement" SET "region" = 540 WHERE "id" = 819;
INSERT INTO "monitoredBy" VALUES (819, 818);
INSERT INTO "TrackElement" ("id") VALUES (820);
INSERT INTO "Segment" ("id", "length") VALUES (820, 437);
UPDATE "TrackElement" SET "region" = 540 WHERE "id" = 820;
INSERT INTO "monitoredBy" VALUES (820, 818);
INSERT INTO "TrackElement" ("id") VALUES (821);
INSERT INTO "Segment" ("id", "length") VALUES (821, 552);
UPDATE "TrackElement" SET "region" = 540 WHERE "id" = 821;
INSERT INTO "monitoredBy" VALUES (821, 818);
INSERT INTO "TrackElement" ("id") VALUES (822);
INSERT INTO "Segment" ("id", "length") VALUES (822, 641);
UPDATE "TrackElement" SET "region" = 540 WHERE "id" = 822;
INSERT INTO "monitoredBy" VALUES (822, 818);
INSERT INTO "TrackElement" ("id") VALUES (823);
INSERT INTO "Segment" ("id", "length") VALUES (823, 497);
UPDATE "TrackElement" SET "region" = 540 WHERE "id" = 823;
INSERT INTO "monitoredBy" VALUES (823, 818);
INSERT INTO "Sensor" ("id") VALUES (824);
UPDATE "Sensor" SET "region" = 540 WHERE "id" = 824;
INSERT INTO "monitoredBy" VALUES (817, 824);
INSERT INTO "requires" VALUES (539, 824);
INSERT INTO "TrackElement" ("id") VALUES (825);
INSERT INTO "Segment" ("id", "length") VALUES (825, 608);
UPDATE "TrackElement" SET "region" = 540 WHERE "id" = 825;
INSERT INTO "monitoredBy" VALUES (825, 824);
INSERT INTO "TrackElement" ("id") VALUES (826);
INSERT INTO "Segment" ("id", "length") VALUES (826, 689);
UPDATE "TrackElement" SET "region" = 540 WHERE "id" = 826;
INSERT INTO "monitoredBy" VALUES (826, 824);
INSERT INTO "TrackElement" ("id") VALUES (827);
INSERT INTO "Segment" ("id", "length") VALUES (827, 471);
UPDATE "TrackElement" SET "region" = 540 WHERE "id" = 827;
INSERT INTO "monitoredBy" VALUES (827, 824);
INSERT INTO "TrackElement" ("id") VALUES (828);
INSERT INTO "Segment" ("id", "length") VALUES (828, 641);
UPDATE "TrackElement" SET "region" = 540 WHERE "id" = 828;
INSERT INTO "monitoredBy" VALUES (828, 824);
INSERT INTO "TrackElement" ("id") VALUES (829);
INSERT INTO "Segment" ("id", "length") VALUES (829, 692);
UPDATE "TrackElement" SET "region" = 540 WHERE "id" = 829;
INSERT INTO "monitoredBy" VALUES (829, 824);
INSERT INTO "Sensor" ("id") VALUES (830);
UPDATE "Sensor" SET "region" = 540 WHERE "id" = 830;
INSERT INTO "monitoredBy" VALUES (817, 830);
INSERT INTO "requires" VALUES (539, 830);
INSERT INTO "TrackElement" ("id") VALUES (831);
INSERT INTO "Segment" ("id", "length") VALUES (831, 995);
UPDATE "TrackElement" SET "region" = 540 WHERE "id" = 831;
INSERT INTO "monitoredBy" VALUES (831, 830);
INSERT INTO "TrackElement" ("id") VALUES (832);
INSERT INTO "Segment" ("id", "length") VALUES (832, 899);
UPDATE "TrackElement" SET "region" = 540 WHERE "id" = 832;
INSERT INTO "monitoredBy" VALUES (832, 830);
INSERT INTO "TrackElement" ("id") VALUES (833);
INSERT INTO "Segment" ("id", "length") VALUES (833, 487);
UPDATE "TrackElement" SET "region" = 540 WHERE "id" = 833;
INSERT INTO "monitoredBy" VALUES (833, 830);
INSERT INTO "TrackElement" ("id") VALUES (834);
INSERT INTO "Segment" ("id", "length") VALUES (834, 960);
UPDATE "TrackElement" SET "region" = 540 WHERE "id" = 834;
INSERT INTO "monitoredBy" VALUES (834, 830);
INSERT INTO "TrackElement" ("id") VALUES (835);
INSERT INTO "Segment" ("id", "length") VALUES (835, 10);
UPDATE "TrackElement" SET "region" = 540 WHERE "id" = 835;
INSERT INTO "monitoredBy" VALUES (835, 830);
INSERT INTO "Sensor" ("id") VALUES (836);
UPDATE "Sensor" SET "region" = 540 WHERE "id" = 836;
INSERT INTO "monitoredBy" VALUES (817, 836);
INSERT INTO "requires" VALUES (539, 836);
INSERT INTO "TrackElement" ("id") VALUES (837);
INSERT INTO "Segment" ("id", "length") VALUES (837, 506);
UPDATE "TrackElement" SET "region" = 540 WHERE "id" = 837;
INSERT INTO "monitoredBy" VALUES (837, 836);
INSERT INTO "TrackElement" ("id") VALUES (838);
INSERT INTO "Segment" ("id", "length") VALUES (838, 846);
UPDATE "TrackElement" SET "region" = 540 WHERE "id" = 838;
INSERT INTO "monitoredBy" VALUES (838, 836);
INSERT INTO "TrackElement" ("id") VALUES (839);
INSERT INTO "Segment" ("id", "length") VALUES (839, 457);
UPDATE "TrackElement" SET "region" = 540 WHERE "id" = 839;
INSERT INTO "monitoredBy" VALUES (839, 836);
INSERT INTO "TrackElement" ("id") VALUES (840);
INSERT INTO "Segment" ("id", "length") VALUES (840, 319);
UPDATE "TrackElement" SET "region" = 540 WHERE "id" = 840;
INSERT INTO "monitoredBy" VALUES (840, 836);
INSERT INTO "TrackElement" ("id") VALUES (841);
INSERT INTO "Segment" ("id", "length") VALUES (841, 68);
UPDATE "TrackElement" SET "region" = 540 WHERE "id" = 841;
INSERT INTO "monitoredBy" VALUES (841, 836);
INSERT INTO "SwitchPosition" ("id", "position", "target") VALUES (842, 1, 817);
UPDATE "SwitchPosition" SET "route" = 539 WHERE "id" = 842;
INSERT INTO "TrackElement" ("id") VALUES (843);
INSERT INTO "Switch" ("id", "currentPosition") VALUES (843, 0);
UPDATE "TrackElement" SET "region" = 540 WHERE "id" = 843;
INSERT INTO "Sensor" ("id") VALUES (844);
UPDATE "Sensor" SET "region" = 540 WHERE "id" = 844;
INSERT INTO "monitoredBy" VALUES (843, 844);
INSERT INTO "requires" VALUES (539, 844);
INSERT INTO "TrackElement" ("id") VALUES (845);
INSERT INTO "Segment" ("id", "length") VALUES (845, 222);
UPDATE "TrackElement" SET "region" = 540 WHERE "id" = 845;
INSERT INTO "monitoredBy" VALUES (845, 844);
INSERT INTO "TrackElement" ("id") VALUES (846);
INSERT INTO "Segment" ("id", "length") VALUES (846, 629);
UPDATE "TrackElement" SET "region" = 540 WHERE "id" = 846;
INSERT INTO "monitoredBy" VALUES (846, 844);
INSERT INTO "TrackElement" ("id") VALUES (847);
INSERT INTO "Segment" ("id", "length") VALUES (847, 941);
UPDATE "TrackElement" SET "region" = 540 WHERE "id" = 847;
INSERT INTO "monitoredBy" VALUES (847, 844);
INSERT INTO "TrackElement" ("id") VALUES (848);
INSERT INTO "Segment" ("id", "length") VALUES (848, 954);
UPDATE "TrackElement" SET "region" = 540 WHERE "id" = 848;
INSERT INTO "monitoredBy" VALUES (848, 844);
INSERT INTO "TrackElement" ("id") VALUES (849);
INSERT INTO "Segment" ("id", "length") VALUES (849, 470);
UPDATE "TrackElement" SET "region" = 540 WHERE "id" = 849;
INSERT INTO "monitoredBy" VALUES (849, 844);
INSERT INTO "Sensor" ("id") VALUES (850);
UPDATE "Sensor" SET "region" = 540 WHERE "id" = 850;
INSERT INTO "monitoredBy" VALUES (843, 850);
INSERT INTO "requires" VALUES (539, 850);
INSERT INTO "TrackElement" ("id") VALUES (851);
INSERT INTO "Segment" ("id", "length") VALUES (851, 946);
UPDATE "TrackElement" SET "region" = 540 WHERE "id" = 851;
INSERT INTO "monitoredBy" VALUES (851, 850);
INSERT INTO "TrackElement" ("id") VALUES (852);
INSERT INTO "Segment" ("id", "length") VALUES (852, 565);
UPDATE "TrackElement" SET "region" = 540 WHERE "id" = 852;
INSERT INTO "monitoredBy" VALUES (852, 850);
INSERT INTO "TrackElement" ("id") VALUES (853);
INSERT INTO "Segment" ("id", "length") VALUES (853, 92);
UPDATE "TrackElement" SET "region" = 540 WHERE "id" = 853;
INSERT INTO "monitoredBy" VALUES (853, 850);
INSERT INTO "TrackElement" ("id") VALUES (854);
INSERT INTO "Segment" ("id", "length") VALUES (854, 11);
UPDATE "TrackElement" SET "region" = 540 WHERE "id" = 854;
INSERT INTO "monitoredBy" VALUES (854, 850);
INSERT INTO "TrackElement" ("id") VALUES (855);
INSERT INTO "Segment" ("id", "length") VALUES (855, 663);
UPDATE "TrackElement" SET "region" = 540 WHERE "id" = 855;
INSERT INTO "monitoredBy" VALUES (855, 850);
INSERT INTO "Sensor" ("id") VALUES (856);
UPDATE "Sensor" SET "region" = 540 WHERE "id" = 856;
INSERT INTO "monitoredBy" VALUES (843, 856);
INSERT INTO "requires" VALUES (539, 856);
INSERT INTO "TrackElement" ("id") VALUES (857);
INSERT INTO "Segment" ("id", "length") VALUES (857, 436);
UPDATE "TrackElement" SET "region" = 540 WHERE "id" = 857;
INSERT INTO "monitoredBy" VALUES (857, 856);
INSERT INTO "TrackElement" ("id") VALUES (858);
INSERT INTO "Segment" ("id", "length") VALUES (858, 193);
UPDATE "TrackElement" SET "region" = 540 WHERE "id" = 858;
INSERT INTO "monitoredBy" VALUES (858, 856);
INSERT INTO "TrackElement" ("id") VALUES (859);
INSERT INTO "Segment" ("id", "length") VALUES (859, 421);
UPDATE "TrackElement" SET "region" = 540 WHERE "id" = 859;
INSERT INTO "monitoredBy" VALUES (859, 856);
INSERT INTO "TrackElement" ("id") VALUES (860);
INSERT INTO "Segment" ("id", "length") VALUES (860, 140);
UPDATE "TrackElement" SET "region" = 540 WHERE "id" = 860;
INSERT INTO "monitoredBy" VALUES (860, 856);
INSERT INTO "TrackElement" ("id") VALUES (861);
INSERT INTO "Segment" ("id", "length") VALUES (861, 122);
UPDATE "TrackElement" SET "region" = 540 WHERE "id" = 861;
INSERT INTO "monitoredBy" VALUES (861, 856);
INSERT INTO "Sensor" ("id") VALUES (862);
UPDATE "Sensor" SET "region" = 540 WHERE "id" = 862;
INSERT INTO "monitoredBy" VALUES (843, 862);
INSERT INTO "requires" VALUES (539, 862);
INSERT INTO "TrackElement" ("id") VALUES (863);
INSERT INTO "Segment" ("id", "length") VALUES (863, 266);
UPDATE "TrackElement" SET "region" = 540 WHERE "id" = 863;
INSERT INTO "monitoredBy" VALUES (863, 862);
INSERT INTO "TrackElement" ("id") VALUES (864);
INSERT INTO "Segment" ("id", "length") VALUES (864, 46);
UPDATE "TrackElement" SET "region" = 540 WHERE "id" = 864;
INSERT INTO "monitoredBy" VALUES (864, 862);
INSERT INTO "TrackElement" ("id") VALUES (865);
INSERT INTO "Segment" ("id", "length") VALUES (865, 731);
UPDATE "TrackElement" SET "region" = 540 WHERE "id" = 865;
INSERT INTO "monitoredBy" VALUES (865, 862);
INSERT INTO "TrackElement" ("id") VALUES (866);
INSERT INTO "Segment" ("id", "length") VALUES (866, 916);
UPDATE "TrackElement" SET "region" = 540 WHERE "id" = 866;
INSERT INTO "monitoredBy" VALUES (866, 862);
INSERT INTO "TrackElement" ("id") VALUES (867);
INSERT INTO "Segment" ("id", "length") VALUES (867, 887);
UPDATE "TrackElement" SET "region" = 540 WHERE "id" = 867;
INSERT INTO "monitoredBy" VALUES (867, 862);
INSERT INTO "SwitchPosition" ("id", "position", "target") VALUES (868, 0, 843);
UPDATE "SwitchPosition" SET "route" = 539 WHERE "id" = 868;
INSERT INTO "TrackElement" ("id") VALUES (869);
INSERT INTO "Switch" ("id", "currentPosition") VALUES (869, 0);
UPDATE "TrackElement" SET "region" = 540 WHERE "id" = 869;
INSERT INTO "Sensor" ("id") VALUES (870);
UPDATE "Sensor" SET "region" = 540 WHERE "id" = 870;
INSERT INTO "monitoredBy" VALUES (869, 870);
INSERT INTO "requires" VALUES (539, 870);
INSERT INTO "TrackElement" ("id") VALUES (871);
INSERT INTO "Segment" ("id", "length") VALUES (871, 781);
UPDATE "TrackElement" SET "region" = 540 WHERE "id" = 871;
INSERT INTO "monitoredBy" VALUES (871, 870);
INSERT INTO "TrackElement" ("id") VALUES (872);
INSERT INTO "Segment" ("id", "length") VALUES (872, 850);
UPDATE "TrackElement" SET "region" = 540 WHERE "id" = 872;
INSERT INTO "monitoredBy" VALUES (872, 870);
INSERT INTO "TrackElement" ("id") VALUES (873);
INSERT INTO "Segment" ("id", "length") VALUES (873, 849);
UPDATE "TrackElement" SET "region" = 540 WHERE "id" = 873;
INSERT INTO "monitoredBy" VALUES (873, 870);
INSERT INTO "TrackElement" ("id") VALUES (874);
INSERT INTO "Segment" ("id", "length") VALUES (874, 70);
UPDATE "TrackElement" SET "region" = 540 WHERE "id" = 874;
INSERT INTO "monitoredBy" VALUES (874, 870);
INSERT INTO "TrackElement" ("id") VALUES (875);
INSERT INTO "Segment" ("id", "length") VALUES (875, 950);
UPDATE "TrackElement" SET "region" = 540 WHERE "id" = 875;
INSERT INTO "monitoredBy" VALUES (875, 870);
INSERT INTO "Sensor" ("id") VALUES (876);
UPDATE "Sensor" SET "region" = 540 WHERE "id" = 876;
INSERT INTO "monitoredBy" VALUES (869, 876);
INSERT INTO "requires" VALUES (539, 876);
INSERT INTO "TrackElement" ("id") VALUES (877);
INSERT INTO "Segment" ("id", "length") VALUES (877, 499);
UPDATE "TrackElement" SET "region" = 540 WHERE "id" = 877;
INSERT INTO "monitoredBy" VALUES (877, 876);
INSERT INTO "TrackElement" ("id") VALUES (878);
INSERT INTO "Segment" ("id", "length") VALUES (878, 165);
UPDATE "TrackElement" SET "region" = 540 WHERE "id" = 878;
INSERT INTO "monitoredBy" VALUES (878, 876);
INSERT INTO "TrackElement" ("id") VALUES (879);
INSERT INTO "Segment" ("id", "length") VALUES (879, 369);
UPDATE "TrackElement" SET "region" = 540 WHERE "id" = 879;
INSERT INTO "monitoredBy" VALUES (879, 876);
INSERT INTO "TrackElement" ("id") VALUES (880);
INSERT INTO "Segment" ("id", "length") VALUES (880, 260);
UPDATE "TrackElement" SET "region" = 540 WHERE "id" = 880;
INSERT INTO "monitoredBy" VALUES (880, 876);
INSERT INTO "TrackElement" ("id") VALUES (881);
INSERT INTO "Segment" ("id", "length") VALUES (881, 727);
UPDATE "TrackElement" SET "region" = 540 WHERE "id" = 881;
INSERT INTO "monitoredBy" VALUES (881, 876);
INSERT INTO "Sensor" ("id") VALUES (882);
UPDATE "Sensor" SET "region" = 540 WHERE "id" = 882;
INSERT INTO "monitoredBy" VALUES (869, 882);
INSERT INTO "requires" VALUES (539, 882);
INSERT INTO "TrackElement" ("id") VALUES (883);
INSERT INTO "Segment" ("id", "length") VALUES (883, 704);
UPDATE "TrackElement" SET "region" = 540 WHERE "id" = 883;
INSERT INTO "monitoredBy" VALUES (883, 882);
INSERT INTO "TrackElement" ("id") VALUES (884);
INSERT INTO "Segment" ("id", "length") VALUES (884, 496);
UPDATE "TrackElement" SET "region" = 540 WHERE "id" = 884;
INSERT INTO "monitoredBy" VALUES (884, 882);
INSERT INTO "TrackElement" ("id") VALUES (885);
INSERT INTO "Segment" ("id", "length") VALUES (885, 115);
UPDATE "TrackElement" SET "region" = 540 WHERE "id" = 885;
INSERT INTO "monitoredBy" VALUES (885, 882);
INSERT INTO "TrackElement" ("id") VALUES (886);
INSERT INTO "Segment" ("id", "length") VALUES (886, 829);
UPDATE "TrackElement" SET "region" = 540 WHERE "id" = 886;
INSERT INTO "monitoredBy" VALUES (886, 882);
INSERT INTO "TrackElement" ("id") VALUES (887);
INSERT INTO "Segment" ("id", "length") VALUES (887, 490);
UPDATE "TrackElement" SET "region" = 540 WHERE "id" = 887;
INSERT INTO "monitoredBy" VALUES (887, 882);
INSERT INTO "Sensor" ("id") VALUES (888);
UPDATE "Sensor" SET "region" = 540 WHERE "id" = 888;
INSERT INTO "monitoredBy" VALUES (869, 888);
INSERT INTO "requires" VALUES (539, 888);
INSERT INTO "TrackElement" ("id") VALUES (889);
INSERT INTO "Segment" ("id", "length") VALUES (889, 18);
UPDATE "TrackElement" SET "region" = 540 WHERE "id" = 889;
INSERT INTO "monitoredBy" VALUES (889, 888);
INSERT INTO "TrackElement" ("id") VALUES (890);
INSERT INTO "Segment" ("id", "length") VALUES (890, 19);
UPDATE "TrackElement" SET "region" = 540 WHERE "id" = 890;
INSERT INTO "monitoredBy" VALUES (890, 888);
INSERT INTO "TrackElement" ("id") VALUES (891);
INSERT INTO "Segment" ("id", "length") VALUES (891, 304);
UPDATE "TrackElement" SET "region" = 540 WHERE "id" = 891;
INSERT INTO "monitoredBy" VALUES (891, 888);
INSERT INTO "TrackElement" ("id") VALUES (892);
INSERT INTO "Segment" ("id", "length") VALUES (892, 542);
UPDATE "TrackElement" SET "region" = 540 WHERE "id" = 892;
INSERT INTO "monitoredBy" VALUES (892, 888);
INSERT INTO "TrackElement" ("id") VALUES (893);
INSERT INTO "Segment" ("id", "length") VALUES (893, 145);
UPDATE "TrackElement" SET "region" = 540 WHERE "id" = 893;
INSERT INTO "monitoredBy" VALUES (893, 888);
INSERT INTO "SwitchPosition" ("id", "position", "target") VALUES (894, 0, 869);
UPDATE "SwitchPosition" SET "route" = 539 WHERE "id" = 894;
INSERT INTO "TrackElement" ("id") VALUES (895);
INSERT INTO "Switch" ("id", "currentPosition") VALUES (895, 2);
UPDATE "TrackElement" SET "region" = 540 WHERE "id" = 895;
INSERT INTO "Sensor" ("id") VALUES (896);
UPDATE "Sensor" SET "region" = 540 WHERE "id" = 896;
INSERT INTO "monitoredBy" VALUES (895, 896);
INSERT INTO "requires" VALUES (539, 896);
INSERT INTO "TrackElement" ("id") VALUES (897);
INSERT INTO "Segment" ("id", "length") VALUES (897, 581);
UPDATE "TrackElement" SET "region" = 540 WHERE "id" = 897;
INSERT INTO "monitoredBy" VALUES (897, 896);
INSERT INTO "TrackElement" ("id") VALUES (898);
INSERT INTO "Segment" ("id", "length") VALUES (898, 39);
UPDATE "TrackElement" SET "region" = 540 WHERE "id" = 898;
INSERT INTO "monitoredBy" VALUES (898, 896);
INSERT INTO "TrackElement" ("id") VALUES (899);
INSERT INTO "Segment" ("id", "length") VALUES (899, 66);
UPDATE "TrackElement" SET "region" = 540 WHERE "id" = 899;
INSERT INTO "monitoredBy" VALUES (899, 896);
INSERT INTO "TrackElement" ("id") VALUES (900);
INSERT INTO "Segment" ("id", "length") VALUES (900, 782);
UPDATE "TrackElement" SET "region" = 540 WHERE "id" = 900;
INSERT INTO "monitoredBy" VALUES (900, 896);
INSERT INTO "TrackElement" ("id") VALUES (901);
INSERT INTO "Segment" ("id", "length") VALUES (901, 968);
UPDATE "TrackElement" SET "region" = 540 WHERE "id" = 901;
INSERT INTO "monitoredBy" VALUES (901, 896);
INSERT INTO "Sensor" ("id") VALUES (902);
UPDATE "Sensor" SET "region" = 540 WHERE "id" = 902;
INSERT INTO "monitoredBy" VALUES (895, 902);
INSERT INTO "requires" VALUES (539, 902);
INSERT INTO "TrackElement" ("id") VALUES (903);
INSERT INTO "Segment" ("id", "length") VALUES (903, 574);
UPDATE "TrackElement" SET "region" = 540 WHERE "id" = 903;
INSERT INTO "monitoredBy" VALUES (903, 902);
INSERT INTO "TrackElement" ("id") VALUES (904);
INSERT INTO "Segment" ("id", "length") VALUES (904, 41);
UPDATE "TrackElement" SET "region" = 540 WHERE "id" = 904;
INSERT INTO "monitoredBy" VALUES (904, 902);
INSERT INTO "TrackElement" ("id") VALUES (905);
INSERT INTO "Segment" ("id", "length") VALUES (905, 134);
UPDATE "TrackElement" SET "region" = 540 WHERE "id" = 905;
INSERT INTO "monitoredBy" VALUES (905, 902);
INSERT INTO "TrackElement" ("id") VALUES (906);
INSERT INTO "Segment" ("id", "length") VALUES (906, 821);
UPDATE "TrackElement" SET "region" = 540 WHERE "id" = 906;
INSERT INTO "monitoredBy" VALUES (906, 902);
INSERT INTO "TrackElement" ("id") VALUES (907);
INSERT INTO "Segment" ("id", "length") VALUES (907, 44);
UPDATE "TrackElement" SET "region" = 540 WHERE "id" = 907;
INSERT INTO "monitoredBy" VALUES (907, 902);
INSERT INTO "Sensor" ("id") VALUES (908);
UPDATE "Sensor" SET "region" = 540 WHERE "id" = 908;
INSERT INTO "monitoredBy" VALUES (895, 908);
INSERT INTO "requires" VALUES (539, 908);
INSERT INTO "TrackElement" ("id") VALUES (909);
INSERT INTO "Segment" ("id", "length") VALUES (909, 268);
UPDATE "TrackElement" SET "region" = 540 WHERE "id" = 909;
INSERT INTO "monitoredBy" VALUES (909, 908);
INSERT INTO "TrackElement" ("id") VALUES (910);
INSERT INTO "Segment" ("id", "length") VALUES (910, 934);
UPDATE "TrackElement" SET "region" = 540 WHERE "id" = 910;
INSERT INTO "monitoredBy" VALUES (910, 908);
INSERT INTO "TrackElement" ("id") VALUES (911);
INSERT INTO "Segment" ("id", "length") VALUES (911, 842);
UPDATE "TrackElement" SET "region" = 540 WHERE "id" = 911;
INSERT INTO "monitoredBy" VALUES (911, 908);
INSERT INTO "TrackElement" ("id") VALUES (912);
INSERT INTO "Segment" ("id", "length") VALUES (912, 3);
UPDATE "TrackElement" SET "region" = 540 WHERE "id" = 912;
INSERT INTO "monitoredBy" VALUES (912, 908);
INSERT INTO "TrackElement" ("id") VALUES (913);
INSERT INTO "Segment" ("id", "length") VALUES (913, 471);
UPDATE "TrackElement" SET "region" = 540 WHERE "id" = 913;
INSERT INTO "monitoredBy" VALUES (913, 908);
INSERT INTO "Sensor" ("id") VALUES (914);
UPDATE "Sensor" SET "region" = 540 WHERE "id" = 914;
INSERT INTO "monitoredBy" VALUES (895, 914);
INSERT INTO "requires" VALUES (539, 914);
INSERT INTO "TrackElement" ("id") VALUES (915);
INSERT INTO "Segment" ("id", "length") VALUES (915, 610);
UPDATE "TrackElement" SET "region" = 540 WHERE "id" = 915;
INSERT INTO "monitoredBy" VALUES (915, 914);
INSERT INTO "TrackElement" ("id") VALUES (916);
INSERT INTO "Segment" ("id", "length") VALUES (916, 161);
UPDATE "TrackElement" SET "region" = 540 WHERE "id" = 916;
INSERT INTO "monitoredBy" VALUES (916, 914);
INSERT INTO "TrackElement" ("id") VALUES (917);
INSERT INTO "Segment" ("id", "length") VALUES (917, 234);
UPDATE "TrackElement" SET "region" = 540 WHERE "id" = 917;
INSERT INTO "monitoredBy" VALUES (917, 914);
INSERT INTO "TrackElement" ("id") VALUES (918);
INSERT INTO "Segment" ("id", "length") VALUES (918, 951);
UPDATE "TrackElement" SET "region" = 540 WHERE "id" = 918;
INSERT INTO "monitoredBy" VALUES (918, 914);
INSERT INTO "TrackElement" ("id") VALUES (919);
INSERT INTO "Segment" ("id", "length") VALUES (919, 553);
UPDATE "TrackElement" SET "region" = 540 WHERE "id" = 919;
INSERT INTO "monitoredBy" VALUES (919, 914);
INSERT INTO "SwitchPosition" ("id", "position", "target") VALUES (920, 2, 895);
UPDATE "SwitchPosition" SET "route" = 539 WHERE "id" = 920;
INSERT INTO "TrackElement" ("id") VALUES (921);
INSERT INTO "Switch" ("id", "currentPosition") VALUES (921, 0);
UPDATE "TrackElement" SET "region" = 540 WHERE "id" = 921;
INSERT INTO "Sensor" ("id") VALUES (922);
UPDATE "Sensor" SET "region" = 540 WHERE "id" = 922;
INSERT INTO "monitoredBy" VALUES (921, 922);
INSERT INTO "requires" VALUES (539, 922);
INSERT INTO "TrackElement" ("id") VALUES (923);
INSERT INTO "Segment" ("id", "length") VALUES (923, 672);
UPDATE "TrackElement" SET "region" = 540 WHERE "id" = 923;
INSERT INTO "monitoredBy" VALUES (923, 922);
INSERT INTO "TrackElement" ("id") VALUES (924);
INSERT INTO "Segment" ("id", "length") VALUES (924, 340);
UPDATE "TrackElement" SET "region" = 540 WHERE "id" = 924;
INSERT INTO "monitoredBy" VALUES (924, 922);
INSERT INTO "TrackElement" ("id") VALUES (925);
INSERT INTO "Segment" ("id", "length") VALUES (925, 366);
UPDATE "TrackElement" SET "region" = 540 WHERE "id" = 925;
INSERT INTO "monitoredBy" VALUES (925, 922);
INSERT INTO "TrackElement" ("id") VALUES (926);
INSERT INTO "Segment" ("id", "length") VALUES (926, 128);
UPDATE "TrackElement" SET "region" = 540 WHERE "id" = 926;
INSERT INTO "monitoredBy" VALUES (926, 922);
INSERT INTO "TrackElement" ("id") VALUES (927);
INSERT INTO "Segment" ("id", "length") VALUES (927, 833);
UPDATE "TrackElement" SET "region" = 540 WHERE "id" = 927;
INSERT INTO "monitoredBy" VALUES (927, 922);
INSERT INTO "Sensor" ("id") VALUES (928);
UPDATE "Sensor" SET "region" = 540 WHERE "id" = 928;
INSERT INTO "monitoredBy" VALUES (921, 928);
INSERT INTO "requires" VALUES (539, 928);
INSERT INTO "TrackElement" ("id") VALUES (929);
INSERT INTO "Segment" ("id", "length") VALUES (929, 197);
UPDATE "TrackElement" SET "region" = 540 WHERE "id" = 929;
INSERT INTO "monitoredBy" VALUES (929, 928);
INSERT INTO "TrackElement" ("id") VALUES (930);
INSERT INTO "Segment" ("id", "length") VALUES (930, 918);
UPDATE "TrackElement" SET "region" = 540 WHERE "id" = 930;
INSERT INTO "monitoredBy" VALUES (930, 928);
INSERT INTO "TrackElement" ("id") VALUES (931);
INSERT INTO "Segment" ("id", "length") VALUES (931, 388);
UPDATE "TrackElement" SET "region" = 540 WHERE "id" = 931;
INSERT INTO "monitoredBy" VALUES (931, 928);
INSERT INTO "TrackElement" ("id") VALUES (932);
INSERT INTO "Segment" ("id", "length") VALUES (932, 246);
UPDATE "TrackElement" SET "region" = 540 WHERE "id" = 932;
INSERT INTO "monitoredBy" VALUES (932, 928);
INSERT INTO "TrackElement" ("id") VALUES (933);
INSERT INTO "Segment" ("id", "length") VALUES (933, 175);
UPDATE "TrackElement" SET "region" = 540 WHERE "id" = 933;
INSERT INTO "monitoredBy" VALUES (933, 928);
INSERT INTO "Sensor" ("id") VALUES (934);
UPDATE "Sensor" SET "region" = 540 WHERE "id" = 934;
INSERT INTO "monitoredBy" VALUES (921, 934);
INSERT INTO "requires" VALUES (539, 934);
INSERT INTO "TrackElement" ("id") VALUES (935);
INSERT INTO "Segment" ("id", "length") VALUES (935, 313);
UPDATE "TrackElement" SET "region" = 540 WHERE "id" = 935;
INSERT INTO "monitoredBy" VALUES (935, 934);
INSERT INTO "TrackElement" ("id") VALUES (936);
INSERT INTO "Segment" ("id", "length") VALUES (936, 917);
UPDATE "TrackElement" SET "region" = 540 WHERE "id" = 936;
INSERT INTO "monitoredBy" VALUES (936, 934);
INSERT INTO "TrackElement" ("id") VALUES (937);
INSERT INTO "Segment" ("id", "length") VALUES (937, 941);
UPDATE "TrackElement" SET "region" = 540 WHERE "id" = 937;
INSERT INTO "monitoredBy" VALUES (937, 934);
INSERT INTO "TrackElement" ("id") VALUES (938);
INSERT INTO "Segment" ("id", "length") VALUES (938, 60);
UPDATE "TrackElement" SET "region" = 540 WHERE "id" = 938;
INSERT INTO "monitoredBy" VALUES (938, 934);
INSERT INTO "TrackElement" ("id") VALUES (939);
INSERT INTO "Segment" ("id", "length") VALUES (939, 381);
UPDATE "TrackElement" SET "region" = 540 WHERE "id" = 939;
INSERT INTO "monitoredBy" VALUES (939, 934);
INSERT INTO "Sensor" ("id") VALUES (940);
UPDATE "Sensor" SET "region" = 540 WHERE "id" = 940;
INSERT INTO "monitoredBy" VALUES (921, 940);
INSERT INTO "requires" VALUES (539, 940);
INSERT INTO "TrackElement" ("id") VALUES (941);
INSERT INTO "Segment" ("id", "length") VALUES (941, 256);
UPDATE "TrackElement" SET "region" = 540 WHERE "id" = 941;
INSERT INTO "monitoredBy" VALUES (941, 940);
INSERT INTO "TrackElement" ("id") VALUES (942);
INSERT INTO "Segment" ("id", "length") VALUES (942, 192);
UPDATE "TrackElement" SET "region" = 540 WHERE "id" = 942;
INSERT INTO "monitoredBy" VALUES (942, 940);
INSERT INTO "TrackElement" ("id") VALUES (943);
INSERT INTO "Segment" ("id", "length") VALUES (943, 563);
UPDATE "TrackElement" SET "region" = 540 WHERE "id" = 943;
INSERT INTO "monitoredBy" VALUES (943, 940);
INSERT INTO "TrackElement" ("id") VALUES (944);
INSERT INTO "Segment" ("id", "length") VALUES (944, 815);
UPDATE "TrackElement" SET "region" = 540 WHERE "id" = 944;
INSERT INTO "monitoredBy" VALUES (944, 940);
INSERT INTO "TrackElement" ("id") VALUES (945);
INSERT INTO "Segment" ("id", "length") VALUES (945, 547);
UPDATE "TrackElement" SET "region" = 540 WHERE "id" = 945;
INSERT INTO "monitoredBy" VALUES (945, 940);
INSERT INTO "Sensor" ("id") VALUES (946);
UPDATE "Sensor" SET "region" = 540 WHERE "id" = 946;
INSERT INTO "monitoredBy" VALUES (921, 946);
INSERT INTO "requires" VALUES (539, 946);
INSERT INTO "TrackElement" ("id") VALUES (947);
INSERT INTO "Segment" ("id", "length") VALUES (947, 230);
UPDATE "TrackElement" SET "region" = 540 WHERE "id" = 947;
INSERT INTO "monitoredBy" VALUES (947, 946);
INSERT INTO "TrackElement" ("id") VALUES (948);
INSERT INTO "Segment" ("id", "length") VALUES (948, 2);
UPDATE "TrackElement" SET "region" = 540 WHERE "id" = 948;
INSERT INTO "monitoredBy" VALUES (948, 946);
INSERT INTO "TrackElement" ("id") VALUES (949);
INSERT INTO "Segment" ("id", "length") VALUES (949, 186);
UPDATE "TrackElement" SET "region" = 540 WHERE "id" = 949;
INSERT INTO "monitoredBy" VALUES (949, 946);
INSERT INTO "TrackElement" ("id") VALUES (950);
INSERT INTO "Segment" ("id", "length") VALUES (950, 560);
UPDATE "TrackElement" SET "region" = 540 WHERE "id" = 950;
INSERT INTO "monitoredBy" VALUES (950, 946);
INSERT INTO "TrackElement" ("id") VALUES (951);
INSERT INTO "Segment" ("id", "length") VALUES (951, 801);
UPDATE "TrackElement" SET "region" = 540 WHERE "id" = 951;
INSERT INTO "monitoredBy" VALUES (951, 946);
INSERT INTO "Sensor" ("id") VALUES (952);
UPDATE "Sensor" SET "region" = 540 WHERE "id" = 952;
INSERT INTO "monitoredBy" VALUES (921, 952);
INSERT INTO "requires" VALUES (539, 952);
INSERT INTO "TrackElement" ("id") VALUES (953);
INSERT INTO "Segment" ("id", "length") VALUES (953, 814);
UPDATE "TrackElement" SET "region" = 540 WHERE "id" = 953;
INSERT INTO "monitoredBy" VALUES (953, 952);
INSERT INTO "TrackElement" ("id") VALUES (954);
INSERT INTO "Segment" ("id", "length") VALUES (954, 257);
UPDATE "TrackElement" SET "region" = 540 WHERE "id" = 954;
INSERT INTO "monitoredBy" VALUES (954, 952);
INSERT INTO "TrackElement" ("id") VALUES (955);
INSERT INTO "Segment" ("id", "length") VALUES (955, 26);
UPDATE "TrackElement" SET "region" = 540 WHERE "id" = 955;
INSERT INTO "monitoredBy" VALUES (955, 952);
INSERT INTO "TrackElement" ("id") VALUES (956);
INSERT INTO "Segment" ("id", "length") VALUES (956, 343);
UPDATE "TrackElement" SET "region" = 540 WHERE "id" = 956;
INSERT INTO "monitoredBy" VALUES (956, 952);
INSERT INTO "TrackElement" ("id") VALUES (957);
INSERT INTO "Segment" ("id", "length") VALUES (957, 881);
UPDATE "TrackElement" SET "region" = 540 WHERE "id" = 957;
INSERT INTO "monitoredBy" VALUES (957, 952);
INSERT INTO "Sensor" ("id") VALUES (958);
UPDATE "Sensor" SET "region" = 540 WHERE "id" = 958;
INSERT INTO "monitoredBy" VALUES (921, 958);
INSERT INTO "requires" VALUES (539, 958);
INSERT INTO "TrackElement" ("id") VALUES (959);
INSERT INTO "Segment" ("id", "length") VALUES (959, 63);
UPDATE "TrackElement" SET "region" = 540 WHERE "id" = 959;
INSERT INTO "monitoredBy" VALUES (959, 958);
INSERT INTO "TrackElement" ("id") VALUES (960);
INSERT INTO "Segment" ("id", "length") VALUES (960, 653);
UPDATE "TrackElement" SET "region" = 540 WHERE "id" = 960;
INSERT INTO "monitoredBy" VALUES (960, 958);
INSERT INTO "TrackElement" ("id") VALUES (961);
INSERT INTO "Segment" ("id", "length") VALUES (961, 323);
UPDATE "TrackElement" SET "region" = 540 WHERE "id" = 961;
INSERT INTO "monitoredBy" VALUES (961, 958);
INSERT INTO "TrackElement" ("id") VALUES (962);
INSERT INTO "Segment" ("id", "length") VALUES (962, 172);
UPDATE "TrackElement" SET "region" = 540 WHERE "id" = 962;
INSERT INTO "monitoredBy" VALUES (962, 958);
INSERT INTO "TrackElement" ("id") VALUES (963);
INSERT INTO "Segment" ("id", "length") VALUES (963, 756);
UPDATE "TrackElement" SET "region" = 540 WHERE "id" = 963;
INSERT INTO "monitoredBy" VALUES (963, 958);
INSERT INTO "Sensor" ("id") VALUES (964);
UPDATE "Sensor" SET "region" = 540 WHERE "id" = 964;
INSERT INTO "monitoredBy" VALUES (921, 964);
INSERT INTO "requires" VALUES (539, 964);
INSERT INTO "TrackElement" ("id") VALUES (965);
INSERT INTO "Segment" ("id", "length") VALUES (965, 37);
UPDATE "TrackElement" SET "region" = 540 WHERE "id" = 965;
INSERT INTO "monitoredBy" VALUES (965, 964);
INSERT INTO "TrackElement" ("id") VALUES (966);
INSERT INTO "Segment" ("id", "length") VALUES (966, 597);
UPDATE "TrackElement" SET "region" = 540 WHERE "id" = 966;
INSERT INTO "monitoredBy" VALUES (966, 964);
INSERT INTO "TrackElement" ("id") VALUES (967);
INSERT INTO "Segment" ("id", "length") VALUES (967, 869);
UPDATE "TrackElement" SET "region" = 540 WHERE "id" = 967;
INSERT INTO "monitoredBy" VALUES (967, 964);
INSERT INTO "TrackElement" ("id") VALUES (968);
INSERT INTO "Segment" ("id", "length") VALUES (968, 13);
UPDATE "TrackElement" SET "region" = 540 WHERE "id" = 968;
INSERT INTO "monitoredBy" VALUES (968, 964);
INSERT INTO "TrackElement" ("id") VALUES (969);
INSERT INTO "Segment" ("id", "length") VALUES (969, 124);
UPDATE "TrackElement" SET "region" = 540 WHERE "id" = 969;
INSERT INTO "monitoredBy" VALUES (969, 964);
INSERT INTO "Sensor" ("id") VALUES (970);
UPDATE "Sensor" SET "region" = 540 WHERE "id" = 970;
INSERT INTO "monitoredBy" VALUES (921, 970);
INSERT INTO "requires" VALUES (539, 970);
INSERT INTO "TrackElement" ("id") VALUES (971);
INSERT INTO "Segment" ("id", "length") VALUES (971, 135);
UPDATE "TrackElement" SET "region" = 540 WHERE "id" = 971;
INSERT INTO "monitoredBy" VALUES (971, 970);
INSERT INTO "TrackElement" ("id") VALUES (972);
INSERT INTO "Segment" ("id", "length") VALUES (972, 267);
UPDATE "TrackElement" SET "region" = 540 WHERE "id" = 972;
INSERT INTO "monitoredBy" VALUES (972, 970);
INSERT INTO "TrackElement" ("id") VALUES (973);
INSERT INTO "Segment" ("id", "length") VALUES (973, 771);
UPDATE "TrackElement" SET "region" = 540 WHERE "id" = 973;
INSERT INTO "monitoredBy" VALUES (973, 970);
INSERT INTO "TrackElement" ("id") VALUES (974);
INSERT INTO "Segment" ("id", "length") VALUES (974, 261);
UPDATE "TrackElement" SET "region" = 540 WHERE "id" = 974;
INSERT INTO "monitoredBy" VALUES (974, 970);
INSERT INTO "TrackElement" ("id") VALUES (975);
INSERT INTO "Segment" ("id", "length") VALUES (975, 132);
UPDATE "TrackElement" SET "region" = 540 WHERE "id" = 975;
INSERT INTO "monitoredBy" VALUES (975, 970);
INSERT INTO "SwitchPosition" ("id", "position", "target") VALUES (976, 0, 921);
UPDATE "SwitchPosition" SET "route" = 539 WHERE "id" = 976;
INSERT INTO "TrackElement" ("id") VALUES (977);
INSERT INTO "Switch" ("id", "currentPosition") VALUES (977, 0);
UPDATE "TrackElement" SET "region" = 540 WHERE "id" = 977;
INSERT INTO "Sensor" ("id") VALUES (978);
UPDATE "Sensor" SET "region" = 540 WHERE "id" = 978;
INSERT INTO "monitoredBy" VALUES (977, 978);
INSERT INTO "requires" VALUES (539, 978);
INSERT INTO "TrackElement" ("id") VALUES (979);
INSERT INTO "Segment" ("id", "length") VALUES (979, 185);
UPDATE "TrackElement" SET "region" = 540 WHERE "id" = 979;
INSERT INTO "monitoredBy" VALUES (979, 978);
INSERT INTO "TrackElement" ("id") VALUES (980);
INSERT INTO "Segment" ("id", "length") VALUES (980, 525);
UPDATE "TrackElement" SET "region" = 540 WHERE "id" = 980;
INSERT INTO "monitoredBy" VALUES (980, 978);
INSERT INTO "TrackElement" ("id") VALUES (981);
INSERT INTO "Segment" ("id", "length") VALUES (981, 674);
UPDATE "TrackElement" SET "region" = 540 WHERE "id" = 981;
INSERT INTO "monitoredBy" VALUES (981, 978);
INSERT INTO "TrackElement" ("id") VALUES (982);
INSERT INTO "Segment" ("id", "length") VALUES (982, 478);
UPDATE "TrackElement" SET "region" = 540 WHERE "id" = 982;
INSERT INTO "monitoredBy" VALUES (982, 978);
INSERT INTO "TrackElement" ("id") VALUES (983);
INSERT INTO "Segment" ("id", "length") VALUES (983, 86);
UPDATE "TrackElement" SET "region" = 540 WHERE "id" = 983;
INSERT INTO "monitoredBy" VALUES (983, 978);
INSERT INTO "Sensor" ("id") VALUES (984);
UPDATE "Sensor" SET "region" = 540 WHERE "id" = 984;
INSERT INTO "monitoredBy" VALUES (977, 984);
INSERT INTO "requires" VALUES (539, 984);
INSERT INTO "TrackElement" ("id") VALUES (985);
INSERT INTO "Segment" ("id", "length") VALUES (985, 263);
UPDATE "TrackElement" SET "region" = 540 WHERE "id" = 985;
INSERT INTO "monitoredBy" VALUES (985, 984);
INSERT INTO "TrackElement" ("id") VALUES (986);
INSERT INTO "Segment" ("id", "length") VALUES (986, 301);
UPDATE "TrackElement" SET "region" = 540 WHERE "id" = 986;
INSERT INTO "monitoredBy" VALUES (986, 984);
INSERT INTO "TrackElement" ("id") VALUES (987);
INSERT INTO "Segment" ("id", "length") VALUES (987, 608);
UPDATE "TrackElement" SET "region" = 540 WHERE "id" = 987;
INSERT INTO "monitoredBy" VALUES (987, 984);
INSERT INTO "TrackElement" ("id") VALUES (988);
INSERT INTO "Segment" ("id", "length") VALUES (988, 123);
UPDATE "TrackElement" SET "region" = 540 WHERE "id" = 988;
INSERT INTO "monitoredBy" VALUES (988, 984);
INSERT INTO "TrackElement" ("id") VALUES (989);
INSERT INTO "Segment" ("id", "length") VALUES (989, 251);
UPDATE "TrackElement" SET "region" = 540 WHERE "id" = 989;
INSERT INTO "monitoredBy" VALUES (989, 984);
INSERT INTO "Sensor" ("id") VALUES (990);
UPDATE "Sensor" SET "region" = 540 WHERE "id" = 990;
INSERT INTO "monitoredBy" VALUES (977, 990);
INSERT INTO "requires" VALUES (539, 990);
INSERT INTO "TrackElement" ("id") VALUES (991);
INSERT INTO "Segment" ("id", "length") VALUES (991, 913);
UPDATE "TrackElement" SET "region" = 540 WHERE "id" = 991;
INSERT INTO "monitoredBy" VALUES (991, 990);
INSERT INTO "TrackElement" ("id") VALUES (992);
INSERT INTO "Segment" ("id", "length") VALUES (992, 282);
UPDATE "TrackElement" SET "region" = 540 WHERE "id" = 992;
INSERT INTO "monitoredBy" VALUES (992, 990);
INSERT INTO "TrackElement" ("id") VALUES (993);
INSERT INTO "Segment" ("id", "length") VALUES (993, 548);
UPDATE "TrackElement" SET "region" = 540 WHERE "id" = 993;
INSERT INTO "monitoredBy" VALUES (993, 990);
INSERT INTO "TrackElement" ("id") VALUES (994);
INSERT INTO "Segment" ("id", "length") VALUES (994, 129);
UPDATE "TrackElement" SET "region" = 540 WHERE "id" = 994;
INSERT INTO "monitoredBy" VALUES (994, 990);
INSERT INTO "TrackElement" ("id") VALUES (995);
INSERT INTO "Segment" ("id", "length") VALUES (995, 890);
UPDATE "TrackElement" SET "region" = 540 WHERE "id" = 995;
INSERT INTO "monitoredBy" VALUES (995, 990);
INSERT INTO "Sensor" ("id") VALUES (996);
UPDATE "Sensor" SET "region" = 540 WHERE "id" = 996;
INSERT INTO "monitoredBy" VALUES (977, 996);
INSERT INTO "requires" VALUES (539, 996);
INSERT INTO "TrackElement" ("id") VALUES (997);
INSERT INTO "Segment" ("id", "length") VALUES (997, 637);
UPDATE "TrackElement" SET "region" = 540 WHERE "id" = 997;
INSERT INTO "monitoredBy" VALUES (997, 996);
INSERT INTO "TrackElement" ("id") VALUES (998);
INSERT INTO "Segment" ("id", "length") VALUES (998, 647);
UPDATE "TrackElement" SET "region" = 540 WHERE "id" = 998;
INSERT INTO "monitoredBy" VALUES (998, 996);
INSERT INTO "TrackElement" ("id") VALUES (999);
INSERT INTO "Segment" ("id", "length") VALUES (999, 681);
UPDATE "TrackElement" SET "region" = 540 WHERE "id" = 999;
INSERT INTO "monitoredBy" VALUES (999, 996);
INSERT INTO "TrackElement" ("id") VALUES (1000);
INSERT INTO "Segment" ("id", "length") VALUES (1000, 732);
UPDATE "TrackElement" SET "region" = 540 WHERE "id" = 1000;
INSERT INTO "monitoredBy" VALUES (1000, 996);
INSERT INTO "TrackElement" ("id") VALUES (1001);
INSERT INTO "Segment" ("id", "length") VALUES (1001, 309);
UPDATE "TrackElement" SET "region" = 540 WHERE "id" = 1001;
INSERT INTO "monitoredBy" VALUES (1001, 996);
INSERT INTO "Sensor" ("id") VALUES (1002);
UPDATE "Sensor" SET "region" = 540 WHERE "id" = 1002;
INSERT INTO "monitoredBy" VALUES (977, 1002);
INSERT INTO "requires" VALUES (539, 1002);
INSERT INTO "TrackElement" ("id") VALUES (1003);
INSERT INTO "Segment" ("id", "length") VALUES (1003, 463);
UPDATE "TrackElement" SET "region" = 540 WHERE "id" = 1003;
INSERT INTO "monitoredBy" VALUES (1003, 1002);
INSERT INTO "TrackElement" ("id") VALUES (1004);
INSERT INTO "Segment" ("id", "length") VALUES (1004, 734);
UPDATE "TrackElement" SET "region" = 540 WHERE "id" = 1004;
INSERT INTO "monitoredBy" VALUES (1004, 1002);
INSERT INTO "TrackElement" ("id") VALUES (1005);
INSERT INTO "Segment" ("id", "length") VALUES (1005, 921);
UPDATE "TrackElement" SET "region" = 540 WHERE "id" = 1005;
INSERT INTO "monitoredBy" VALUES (1005, 1002);
INSERT INTO "TrackElement" ("id") VALUES (1006);
INSERT INTO "Segment" ("id", "length") VALUES (1006, 527);
UPDATE "TrackElement" SET "region" = 540 WHERE "id" = 1006;
INSERT INTO "monitoredBy" VALUES (1006, 1002);
INSERT INTO "TrackElement" ("id") VALUES (1007);
INSERT INTO "Segment" ("id", "length") VALUES (1007, 267);
UPDATE "TrackElement" SET "region" = 540 WHERE "id" = 1007;
INSERT INTO "monitoredBy" VALUES (1007, 1002);
INSERT INTO "Sensor" ("id") VALUES (1008);
UPDATE "Sensor" SET "region" = 540 WHERE "id" = 1008;
INSERT INTO "monitoredBy" VALUES (977, 1008);
INSERT INTO "requires" VALUES (539, 1008);
INSERT INTO "TrackElement" ("id") VALUES (1009);
INSERT INTO "Segment" ("id", "length") VALUES (1009, 240);
UPDATE "TrackElement" SET "region" = 540 WHERE "id" = 1009;
INSERT INTO "monitoredBy" VALUES (1009, 1008);
INSERT INTO "TrackElement" ("id") VALUES (1010);
INSERT INTO "Segment" ("id", "length") VALUES (1010, 589);
UPDATE "TrackElement" SET "region" = 540 WHERE "id" = 1010;
INSERT INTO "monitoredBy" VALUES (1010, 1008);
INSERT INTO "TrackElement" ("id") VALUES (1011);
INSERT INTO "Segment" ("id", "length") VALUES (1011, 963);
UPDATE "TrackElement" SET "region" = 540 WHERE "id" = 1011;
INSERT INTO "monitoredBy" VALUES (1011, 1008);
INSERT INTO "TrackElement" ("id") VALUES (1012);
INSERT INTO "Segment" ("id", "length") VALUES (1012, 77);
UPDATE "TrackElement" SET "region" = 540 WHERE "id" = 1012;
INSERT INTO "monitoredBy" VALUES (1012, 1008);
INSERT INTO "TrackElement" ("id") VALUES (1013);
INSERT INTO "Segment" ("id", "length") VALUES (1013, 74);
UPDATE "TrackElement" SET "region" = 540 WHERE "id" = 1013;
INSERT INTO "monitoredBy" VALUES (1013, 1008);
INSERT INTO "SwitchPosition" ("id", "position", "target") VALUES (1014, 0, 977);
UPDATE "SwitchPosition" SET "route" = 539 WHERE "id" = 1014;
INSERT INTO "connectsTo" VALUES (541, 543);
INSERT INTO "connectsTo" VALUES (543, 544);
INSERT INTO "connectsTo" VALUES (544, 545);
INSERT INTO "connectsTo" VALUES (545, 546);
INSERT INTO "connectsTo" VALUES (546, 547);
INSERT INTO "connectsTo" VALUES (547, 549);
INSERT INTO "connectsTo" VALUES (549, 550);
INSERT INTO "connectsTo" VALUES (550, 551);
INSERT INTO "connectsTo" VALUES (551, 552);
INSERT INTO "connectsTo" VALUES (552, 553);
INSERT INTO "connectsTo" VALUES (553, 555);
INSERT INTO "connectsTo" VALUES (555, 556);
INSERT INTO "connectsTo" VALUES (556, 557);
INSERT INTO "connectsTo" VALUES (557, 558);
INSERT INTO "connectsTo" VALUES (558, 559);
INSERT INTO "connectsTo" VALUES (559, 561);
INSERT INTO "connectsTo" VALUES (561, 562);
INSERT INTO "connectsTo" VALUES (562, 563);
INSERT INTO "connectsTo" VALUES (563, 564);
INSERT INTO "connectsTo" VALUES (564, 565);
INSERT INTO "connectsTo" VALUES (565, 567);
INSERT INTO "connectsTo" VALUES (567, 568);
INSERT INTO "connectsTo" VALUES (568, 569);
INSERT INTO "connectsTo" VALUES (569, 570);
INSERT INTO "connectsTo" VALUES (570, 571);
INSERT INTO "connectsTo" VALUES (571, 573);
INSERT INTO "connectsTo" VALUES (573, 574);
INSERT INTO "connectsTo" VALUES (574, 575);
INSERT INTO "connectsTo" VALUES (575, 576);
INSERT INTO "connectsTo" VALUES (576, 577);
INSERT INTO "connectsTo" VALUES (577, 579);
INSERT INTO "connectsTo" VALUES (579, 580);
INSERT INTO "connectsTo" VALUES (580, 581);
INSERT INTO "connectsTo" VALUES (581, 582);
INSERT INTO "connectsTo" VALUES (582, 583);
INSERT INTO "connectsTo" VALUES (583, 585);
INSERT INTO "connectsTo" VALUES (585, 587);
INSERT INTO "connectsTo" VALUES (587, 588);
INSERT INTO "connectsTo" VALUES (588, 589);
INSERT INTO "connectsTo" VALUES (589, 590);
INSERT INTO "connectsTo" VALUES (590, 591);
INSERT INTO "connectsTo" VALUES (591, 593);
INSERT INTO "connectsTo" VALUES (593, 594);
INSERT INTO "connectsTo" VALUES (594, 595);
INSERT INTO "connectsTo" VALUES (595, 596);
INSERT INTO "connectsTo" VALUES (596, 597);
INSERT INTO "connectsTo" VALUES (597, 599);
INSERT INTO "connectsTo" VALUES (599, 600);
INSERT INTO "connectsTo" VALUES (600, 601);
INSERT INTO "connectsTo" VALUES (601, 602);
INSERT INTO "connectsTo" VALUES (602, 603);
INSERT INTO "connectsTo" VALUES (603, 605);
INSERT INTO "connectsTo" VALUES (605, 606);
INSERT INTO "connectsTo" VALUES (606, 607);
INSERT INTO "connectsTo" VALUES (607, 608);
INSERT INTO "connectsTo" VALUES (608, 609);
INSERT INTO "connectsTo" VALUES (609, 611);
INSERT INTO "connectsTo" VALUES (611, 613);
INSERT INTO "connectsTo" VALUES (613, 614);
INSERT INTO "connectsTo" VALUES (614, 615);
INSERT INTO "connectsTo" VALUES (615, 616);
INSERT INTO "connectsTo" VALUES (616, 617);
INSERT INTO "connectsTo" VALUES (617, 619);
INSERT INTO "connectsTo" VALUES (619, 621);
INSERT INTO "connectsTo" VALUES (621, 622);
INSERT INTO "connectsTo" VALUES (622, 623);
INSERT INTO "connectsTo" VALUES (623, 624);
INSERT INTO "connectsTo" VALUES (624, 625);
INSERT INTO "connectsTo" VALUES (625, 627);
INSERT INTO "connectsTo" VALUES (627, 628);
INSERT INTO "connectsTo" VALUES (628, 629);
INSERT INTO "connectsTo" VALUES (629, 630);
INSERT INTO "connectsTo" VALUES (630, 631);
INSERT INTO "connectsTo" VALUES (631, 633);
INSERT INTO "connectsTo" VALUES (633, 634);
INSERT INTO "connectsTo" VALUES (634, 635);
INSERT INTO "connectsTo" VALUES (635, 636);
INSERT INTO "connectsTo" VALUES (636, 637);
INSERT INTO "connectsTo" VALUES (637, 639);
INSERT INTO "connectsTo" VALUES (639, 640);
INSERT INTO "connectsTo" VALUES (640, 641);
INSERT INTO "connectsTo" VALUES (641, 642);
INSERT INTO "connectsTo" VALUES (642, 643);
INSERT INTO "connectsTo" VALUES (643, 645);
INSERT INTO "connectsTo" VALUES (645, 647);
INSERT INTO "connectsTo" VALUES (647, 648);
INSERT INTO "connectsTo" VALUES (648, 649);
INSERT INTO "connectsTo" VALUES (649, 650);
INSERT INTO "connectsTo" VALUES (650, 651);
INSERT INTO "connectsTo" VALUES (651, 653);
INSERT INTO "connectsTo" VALUES (653, 654);
INSERT INTO "connectsTo" VALUES (654, 655);
INSERT INTO "connectsTo" VALUES (655, 656);
INSERT INTO "connectsTo" VALUES (656, 657);
INSERT INTO "connectsTo" VALUES (657, 659);
INSERT INTO "connectsTo" VALUES (659, 660);
INSERT INTO "connectsTo" VALUES (660, 661);
INSERT INTO "connectsTo" VALUES (661, 662);
INSERT INTO "connectsTo" VALUES (662, 663);
INSERT INTO "connectsTo" VALUES (663, 665);
INSERT INTO "connectsTo" VALUES (665, 666);
INSERT INTO "connectsTo" VALUES (666, 667);
INSERT INTO "connectsTo" VALUES (667, 668);
INSERT INTO "connectsTo" VALUES (668, 669);
INSERT INTO "connectsTo" VALUES (669, 671);
INSERT INTO "connectsTo" VALUES (671, 673);
INSERT INTO "connectsTo" VALUES (673, 674);
INSERT INTO "connectsTo" VALUES (674, 675);
INSERT INTO "connectsTo" VALUES (675, 676);
INSERT INTO "connectsTo" VALUES (676, 677);
INSERT INTO "connectsTo" VALUES (677, 679);
INSERT INTO "connectsTo" VALUES (679, 680);
INSERT INTO "connectsTo" VALUES (680, 681);
INSERT INTO "connectsTo" VALUES (681, 682);
INSERT INTO "connectsTo" VALUES (682, 683);
INSERT INTO "connectsTo" VALUES (683, 685);
INSERT INTO "connectsTo" VALUES (685, 686);
INSERT INTO "connectsTo" VALUES (686, 687);
INSERT INTO "connectsTo" VALUES (687, 688);
INSERT INTO "connectsTo" VALUES (688, 689);
INSERT INTO "connectsTo" VALUES (689, 691);
INSERT INTO "connectsTo" VALUES (691, 692);
INSERT INTO "connectsTo" VALUES (692, 693);
INSERT INTO "connectsTo" VALUES (693, 694);
INSERT INTO "connectsTo" VALUES (694, 695);
INSERT INTO "connectsTo" VALUES (695, 697);
INSERT INTO "connectsTo" VALUES (697, 698);
INSERT INTO "connectsTo" VALUES (698, 699);
INSERT INTO "connectsTo" VALUES (699, 700);
INSERT INTO "connectsTo" VALUES (700, 701);
INSERT INTO "connectsTo" VALUES (701, 703);
INSERT INTO "connectsTo" VALUES (703, 704);
INSERT INTO "connectsTo" VALUES (704, 705);
INSERT INTO "connectsTo" VALUES (705, 706);
INSERT INTO "connectsTo" VALUES (706, 707);
INSERT INTO "connectsTo" VALUES (707, 709);
INSERT INTO "connectsTo" VALUES (709, 710);
INSERT INTO "connectsTo" VALUES (710, 711);
INSERT INTO "connectsTo" VALUES (711, 712);
INSERT INTO "connectsTo" VALUES (712, 713);
INSERT INTO "connectsTo" VALUES (713, 715);
INSERT INTO "connectsTo" VALUES (715, 717);
INSERT INTO "connectsTo" VALUES (717, 718);
INSERT INTO "connectsTo" VALUES (718, 719);
INSERT INTO "connectsTo" VALUES (719, 720);
INSERT INTO "connectsTo" VALUES (720, 721);
INSERT INTO "connectsTo" VALUES (721, 723);
INSERT INTO "connectsTo" VALUES (723, 724);
INSERT INTO "connectsTo" VALUES (724, 725);
INSERT INTO "connectsTo" VALUES (725, 726);
INSERT INTO "connectsTo" VALUES (726, 727);
INSERT INTO "connectsTo" VALUES (727, 729);
INSERT INTO "connectsTo" VALUES (729, 730);
INSERT INTO "connectsTo" VALUES (730, 731);
INSERT INTO "connectsTo" VALUES (731, 732);
INSERT INTO "connectsTo" VALUES (732, 733);
INSERT INTO "connectsTo" VALUES (733, 735);
INSERT INTO "connectsTo" VALUES (735, 736);
INSERT INTO "connectsTo" VALUES (736, 737);
INSERT INTO "connectsTo" VALUES (737, 738);
INSERT INTO "connectsTo" VALUES (738, 739);
INSERT INTO "connectsTo" VALUES (739, 741);
INSERT INTO "connectsTo" VALUES (741, 742);
INSERT INTO "connectsTo" VALUES (742, 743);
INSERT INTO "connectsTo" VALUES (743, 744);
INSERT INTO "connectsTo" VALUES (744, 745);
INSERT INTO "connectsTo" VALUES (745, 747);
INSERT INTO "connectsTo" VALUES (747, 749);
INSERT INTO "connectsTo" VALUES (749, 750);
INSERT INTO "connectsTo" VALUES (750, 751);
INSERT INTO "connectsTo" VALUES (751, 752);
INSERT INTO "connectsTo" VALUES (752, 753);
INSERT INTO "connectsTo" VALUES (753, 755);
INSERT INTO "connectsTo" VALUES (755, 756);
INSERT INTO "connectsTo" VALUES (756, 757);
INSERT INTO "connectsTo" VALUES (757, 758);
INSERT INTO "connectsTo" VALUES (758, 759);
INSERT INTO "connectsTo" VALUES (759, 761);
INSERT INTO "connectsTo" VALUES (761, 762);
INSERT INTO "connectsTo" VALUES (762, 763);
INSERT INTO "connectsTo" VALUES (763, 764);
INSERT INTO "connectsTo" VALUES (764, 765);
INSERT INTO "connectsTo" VALUES (765, 767);
INSERT INTO "connectsTo" VALUES (767, 768);
INSERT INTO "connectsTo" VALUES (768, 769);
INSERT INTO "connectsTo" VALUES (769, 770);
INSERT INTO "connectsTo" VALUES (770, 771);
INSERT INTO "connectsTo" VALUES (771, 773);
INSERT INTO "connectsTo" VALUES (773, 774);
INSERT INTO "connectsTo" VALUES (774, 775);
INSERT INTO "connectsTo" VALUES (775, 776);
INSERT INTO "connectsTo" VALUES (776, 777);
INSERT INTO "connectsTo" VALUES (777, 779);
INSERT INTO "connectsTo" VALUES (779, 781);
INSERT INTO "connectsTo" VALUES (781, 782);
INSERT INTO "connectsTo" VALUES (782, 783);
INSERT INTO "connectsTo" VALUES (783, 784);
INSERT INTO "connectsTo" VALUES (784, 785);
INSERT INTO "connectsTo" VALUES (785, 787);
INSERT INTO "connectsTo" VALUES (787, 788);
INSERT INTO "connectsTo" VALUES (788, 789);
INSERT INTO "connectsTo" VALUES (789, 790);
INSERT INTO "connectsTo" VALUES (790, 791);
INSERT INTO "connectsTo" VALUES (791, 793);
INSERT INTO "connectsTo" VALUES (793, 794);
INSERT INTO "connectsTo" VALUES (794, 795);
INSERT INTO "connectsTo" VALUES (795, 796);
INSERT INTO "connectsTo" VALUES (796, 797);
INSERT INTO "connectsTo" VALUES (797, 799);
INSERT INTO "connectsTo" VALUES (799, 800);
INSERT INTO "connectsTo" VALUES (800, 801);
INSERT INTO "connectsTo" VALUES (801, 802);
INSERT INTO "connectsTo" VALUES (802, 803);
INSERT INTO "connectsTo" VALUES (803, 805);
INSERT INTO "connectsTo" VALUES (805, 806);
INSERT INTO "connectsTo" VALUES (806, 807);
INSERT INTO "connectsTo" VALUES (807, 808);
INSERT INTO "connectsTo" VALUES (808, 809);
INSERT INTO "connectsTo" VALUES (809, 811);
INSERT INTO "connectsTo" VALUES (811, 812);
INSERT INTO "connectsTo" VALUES (812, 813);
INSERT INTO "connectsTo" VALUES (813, 814);
INSERT INTO "connectsTo" VALUES (814, 815);
INSERT INTO "connectsTo" VALUES (815, 817);
INSERT INTO "connectsTo" VALUES (817, 819);
INSERT INTO "connectsTo" VALUES (819, 820);
INSERT INTO "connectsTo" VALUES (820, 821);
INSERT INTO "connectsTo" VALUES (821, 822);
INSERT INTO "connectsTo" VALUES (822, 823);
INSERT INTO "connectsTo" VALUES (823, 825);
INSERT INTO "connectsTo" VALUES (825, 826);
INSERT INTO "connectsTo" VALUES (826, 827);
INSERT INTO "connectsTo" VALUES (827, 828);
INSERT INTO "connectsTo" VALUES (828, 829);
INSERT INTO "connectsTo" VALUES (829, 831);
INSERT INTO "connectsTo" VALUES (831, 832);
INSERT INTO "connectsTo" VALUES (832, 833);
INSERT INTO "connectsTo" VALUES (833, 834);
INSERT INTO "connectsTo" VALUES (834, 835);
INSERT INTO "connectsTo" VALUES (835, 837);
INSERT INTO "connectsTo" VALUES (837, 838);
INSERT INTO "connectsTo" VALUES (838, 839);
INSERT INTO "connectsTo" VALUES (839, 840);
INSERT INTO "connectsTo" VALUES (840, 841);
INSERT INTO "connectsTo" VALUES (841, 843);
INSERT INTO "connectsTo" VALUES (843, 845);
INSERT INTO "connectsTo" VALUES (845, 846);
INSERT INTO "connectsTo" VALUES (846, 847);
INSERT INTO "connectsTo" VALUES (847, 848);
INSERT INTO "connectsTo" VALUES (848, 849);
INSERT INTO "connectsTo" VALUES (849, 851);
INSERT INTO "connectsTo" VALUES (851, 852);
INSERT INTO "connectsTo" VALUES (852, 853);
INSERT INTO "connectsTo" VALUES (853, 854);
INSERT INTO "connectsTo" VALUES (854, 855);
INSERT INTO "connectsTo" VALUES (855, 857);
INSERT INTO "connectsTo" VALUES (857, 858);
INSERT INTO "connectsTo" VALUES (858, 859);
INSERT INTO "connectsTo" VALUES (859, 860);
INSERT INTO "connectsTo" VALUES (860, 861);
INSERT INTO "connectsTo" VALUES (861, 863);
INSERT INTO "connectsTo" VALUES (863, 864);
INSERT INTO "connectsTo" VALUES (864, 865);
INSERT INTO "connectsTo" VALUES (865, 866);
INSERT INTO "connectsTo" VALUES (866, 867);
INSERT INTO "connectsTo" VALUES (867, 869);
INSERT INTO "connectsTo" VALUES (869, 871);
INSERT INTO "connectsTo" VALUES (871, 872);
INSERT INTO "connectsTo" VALUES (872, 873);
INSERT INTO "connectsTo" VALUES (873, 874);
INSERT INTO "connectsTo" VALUES (874, 875);
INSERT INTO "connectsTo" VALUES (875, 877);
INSERT INTO "connectsTo" VALUES (877, 878);
INSERT INTO "connectsTo" VALUES (878, 879);
INSERT INTO "connectsTo" VALUES (879, 880);
INSERT INTO "connectsTo" VALUES (880, 881);
INSERT INTO "connectsTo" VALUES (881, 883);
INSERT INTO "connectsTo" VALUES (883, 884);
INSERT INTO "connectsTo" VALUES (884, 885);
INSERT INTO "connectsTo" VALUES (885, 886);
INSERT INTO "connectsTo" VALUES (886, 887);
INSERT INTO "connectsTo" VALUES (887, 889);
INSERT INTO "connectsTo" VALUES (889, 890);
INSERT INTO "connectsTo" VALUES (890, 891);
INSERT INTO "connectsTo" VALUES (891, 892);
INSERT INTO "connectsTo" VALUES (892, 893);
INSERT INTO "connectsTo" VALUES (893, 895);
INSERT INTO "connectsTo" VALUES (895, 897);
INSERT INTO "connectsTo" VALUES (897, 898);
INSERT INTO "connectsTo" VALUES (898, 899);
INSERT INTO "connectsTo" VALUES (899, 900);
INSERT INTO "connectsTo" VALUES (900, 901);
INSERT INTO "connectsTo" VALUES (901, 903);
INSERT INTO "connectsTo" VALUES (903, 904);
INSERT INTO "connectsTo" VALUES (904, 905);
INSERT INTO "connectsTo" VALUES (905, 906);
INSERT INTO "connectsTo" VALUES (906, 907);
INSERT INTO "connectsTo" VALUES (907, 909);
INSERT INTO "connectsTo" VALUES (909, 910);
INSERT INTO "connectsTo" VALUES (910, 911);
INSERT INTO "connectsTo" VALUES (911, 912);
INSERT INTO "connectsTo" VALUES (912, 913);
INSERT INTO "connectsTo" VALUES (913, 915);
INSERT INTO "connectsTo" VALUES (915, 916);
INSERT INTO "connectsTo" VALUES (916, 917);
INSERT INTO "connectsTo" VALUES (917, 918);
INSERT INTO "connectsTo" VALUES (918, 919);
INSERT INTO "connectsTo" VALUES (919, 921);
INSERT INTO "connectsTo" VALUES (921, 923);
INSERT INTO "connectsTo" VALUES (923, 924);
INSERT INTO "connectsTo" VALUES (924, 925);
INSERT INTO "connectsTo" VALUES (925, 926);
INSERT INTO "connectsTo" VALUES (926, 927);
INSERT INTO "connectsTo" VALUES (927, 929);
INSERT INTO "connectsTo" VALUES (929, 930);
INSERT INTO "connectsTo" VALUES (930, 931);
INSERT INTO "connectsTo" VALUES (931, 932);
INSERT INTO "connectsTo" VALUES (932, 933);
INSERT INTO "connectsTo" VALUES (933, 935);
INSERT INTO "connectsTo" VALUES (935, 936);
INSERT INTO "connectsTo" VALUES (936, 937);
INSERT INTO "connectsTo" VALUES (937, 938);
INSERT INTO "connectsTo" VALUES (938, 939);
INSERT INTO "connectsTo" VALUES (939, 941);
INSERT INTO "connectsTo" VALUES (941, 942);
INSERT INTO "connectsTo" VALUES (942, 943);
INSERT INTO "connectsTo" VALUES (943, 944);
INSERT INTO "connectsTo" VALUES (944, 945);
INSERT INTO "connectsTo" VALUES (945, 947);
INSERT INTO "connectsTo" VALUES (947, 948);
INSERT INTO "connectsTo" VALUES (948, 949);
INSERT INTO "connectsTo" VALUES (949, 950);
INSERT INTO "connectsTo" VALUES (950, 951);
INSERT INTO "connectsTo" VALUES (951, 953);
INSERT INTO "connectsTo" VALUES (953, 954);
INSERT INTO "connectsTo" VALUES (954, 955);
INSERT INTO "connectsTo" VALUES (955, 956);
INSERT INTO "connectsTo" VALUES (956, 957);
INSERT INTO "connectsTo" VALUES (957, 959);
INSERT INTO "connectsTo" VALUES (959, 960);
INSERT INTO "connectsTo" VALUES (960, 961);
INSERT INTO "connectsTo" VALUES (961, 962);
INSERT INTO "connectsTo" VALUES (962, 963);
INSERT INTO "connectsTo" VALUES (963, 965);
INSERT INTO "connectsTo" VALUES (965, 966);
INSERT INTO "connectsTo" VALUES (966, 967);
INSERT INTO "connectsTo" VALUES (967, 968);
INSERT INTO "connectsTo" VALUES (968, 969);
INSERT INTO "connectsTo" VALUES (969, 971);
INSERT INTO "connectsTo" VALUES (971, 972);
INSERT INTO "connectsTo" VALUES (972, 973);
INSERT INTO "connectsTo" VALUES (973, 974);
INSERT INTO "connectsTo" VALUES (974, 975);
INSERT INTO "connectsTo" VALUES (975, 977);
INSERT INTO "connectsTo" VALUES (977, 979);
INSERT INTO "connectsTo" VALUES (979, 980);
INSERT INTO "connectsTo" VALUES (980, 981);
INSERT INTO "connectsTo" VALUES (981, 982);
INSERT INTO "connectsTo" VALUES (982, 983);
INSERT INTO "connectsTo" VALUES (983, 985);
INSERT INTO "connectsTo" VALUES (985, 986);
INSERT INTO "connectsTo" VALUES (986, 987);
INSERT INTO "connectsTo" VALUES (987, 988);
INSERT INTO "connectsTo" VALUES (988, 989);
INSERT INTO "connectsTo" VALUES (989, 991);
INSERT INTO "connectsTo" VALUES (991, 992);
INSERT INTO "connectsTo" VALUES (992, 993);
INSERT INTO "connectsTo" VALUES (993, 994);
INSERT INTO "connectsTo" VALUES (994, 995);
INSERT INTO "connectsTo" VALUES (995, 997);
INSERT INTO "connectsTo" VALUES (997, 998);
INSERT INTO "connectsTo" VALUES (998, 999);
INSERT INTO "connectsTo" VALUES (999, 1000);
INSERT INTO "connectsTo" VALUES (1000, 1001);
INSERT INTO "connectsTo" VALUES (1001, 1003);
INSERT INTO "connectsTo" VALUES (1003, 1004);
INSERT INTO "connectsTo" VALUES (1004, 1005);
INSERT INTO "connectsTo" VALUES (1005, 1006);
INSERT INTO "connectsTo" VALUES (1006, 1007);
INSERT INTO "connectsTo" VALUES (1007, 1009);
INSERT INTO "connectsTo" VALUES (1009, 1010);
INSERT INTO "connectsTo" VALUES (1010, 1011);
INSERT INTO "connectsTo" VALUES (1011, 1012);
INSERT INTO "connectsTo" VALUES (1012, 1013);
INSERT INTO "connectsTo" VALUES (536, 541);
INSERT INTO "Semaphore" ("id", "signal") VALUES (1015, 2);
INSERT INTO "Route" ("id", "active", "entry", "exit") VALUES (1016, 1, 538, 1015);
INSERT INTO "Region" ("id") VALUES (1017);
INSERT INTO "TrackElement" ("id") VALUES (1018);
INSERT INTO "Switch" ("id", "currentPosition") VALUES (1018, 1);
UPDATE "TrackElement" SET "region" = 1017 WHERE "id" = 1018;
INSERT INTO "Sensor" ("id") VALUES (1019);
UPDATE "Sensor" SET "region" = 1017 WHERE "id" = 1019;
INSERT INTO "monitoredBy" VALUES (1018, 1019);
INSERT INTO "requires" VALUES (1016, 1019);
INSERT INTO "TrackElement" ("id") VALUES (1020);
INSERT INTO "Segment" ("id", "length") VALUES (1020, 682);
UPDATE "TrackElement" SET "region" = 1017 WHERE "id" = 1020;
INSERT INTO "monitoredBy" VALUES (1020, 1019);
UPDATE "Semaphore" SET "segment" = 1020 WHERE "id" = 1015;
INSERT INTO "TrackElement" ("id") VALUES (1021);
INSERT INTO "Segment" ("id", "length") VALUES (1021, 392);
UPDATE "TrackElement" SET "region" = 1017 WHERE "id" = 1021;
INSERT INTO "monitoredBy" VALUES (1021, 1019);
INSERT INTO "TrackElement" ("id") VALUES (1022);
INSERT INTO "Segment" ("id", "length") VALUES (1022, 800);
UPDATE "TrackElement" SET "region" = 1017 WHERE "id" = 1022;
INSERT INTO "monitoredBy" VALUES (1022, 1019);
INSERT INTO "TrackElement" ("id") VALUES (1023);
INSERT INTO "Segment" ("id", "length") VALUES (1023, 284);
UPDATE "TrackElement" SET "region" = 1017 WHERE "id" = 1023;
INSERT INTO "monitoredBy" VALUES (1023, 1019);
INSERT INTO "TrackElement" ("id") VALUES (1024);
INSERT INTO "Segment" ("id", "length") VALUES (1024, 385);
UPDATE "TrackElement" SET "region" = 1017 WHERE "id" = 1024;
INSERT INTO "monitoredBy" VALUES (1024, 1019);
INSERT INTO "SwitchPosition" ("id", "position", "target") VALUES (1025, 1, 1018);
UPDATE "SwitchPosition" SET "route" = 1016 WHERE "id" = 1025;
INSERT INTO "connectsTo" VALUES (1018, 1020);
INSERT INTO "connectsTo" VALUES (1020, 1021);
INSERT INTO "connectsTo" VALUES (1021, 1022);
INSERT INTO "connectsTo" VALUES (1022, 1023);
INSERT INTO "connectsTo" VALUES (1023, 1024);
INSERT INTO "connectsTo" VALUES (1013, 1018);
INSERT INTO "Semaphore" ("id", "signal") VALUES (1026, 2);
INSERT INTO "Route" ("id", "active", "entry", "exit") VALUES (1027, 1, 1015, 1026);
INSERT INTO "Region" ("id") VALUES (1028);
INSERT INTO "TrackElement" ("id") VALUES (1029);
INSERT INTO "Switch" ("id", "currentPosition") VALUES (1029, 2);
UPDATE "TrackElement" SET "region" = 1028 WHERE "id" = 1029;
INSERT INTO "Sensor" ("id") VALUES (1030);
UPDATE "Sensor" SET "region" = 1028 WHERE "id" = 1030;
INSERT INTO "monitoredBy" VALUES (1029, 1030);
INSERT INTO "requires" VALUES (1027, 1030);
INSERT INTO "TrackElement" ("id") VALUES (1031);
INSERT INTO "Segment" ("id", "length") VALUES (1031, 787);
UPDATE "TrackElement" SET "region" = 1028 WHERE "id" = 1031;
INSERT INTO "monitoredBy" VALUES (1031, 1030);
UPDATE "Semaphore" SET "segment" = 1031 WHERE "id" = 1026;
INSERT INTO "TrackElement" ("id") VALUES (1032);
INSERT INTO "Segment" ("id", "length") VALUES (1032, 33);
UPDATE "TrackElement" SET "region" = 1028 WHERE "id" = 1032;
INSERT INTO "monitoredBy" VALUES (1032, 1030);
INSERT INTO "TrackElement" ("id") VALUES (1033);
INSERT INTO "Segment" ("id", "length") VALUES (1033, 874);
UPDATE "TrackElement" SET "region" = 1028 WHERE "id" = 1033;
INSERT INTO "monitoredBy" VALUES (1033, 1030);
INSERT INTO "TrackElement" ("id") VALUES (1034);
INSERT INTO "Segment" ("id", "length") VALUES (1034, 585);
UPDATE "TrackElement" SET "region" = 1028 WHERE "id" = 1034;
INSERT INTO "monitoredBy" VALUES (1034, 1030);
INSERT INTO "TrackElement" ("id") VALUES (1035);
INSERT INTO "Segment" ("id", "length") VALUES (1035, 366);
UPDATE "TrackElement" SET "region" = 1028 WHERE "id" = 1035;
INSERT INTO "monitoredBy" VALUES (1035, 1030);
INSERT INTO "Sensor" ("id") VALUES (1036);
UPDATE "Sensor" SET "region" = 1028 WHERE "id" = 1036;
INSERT INTO "monitoredBy" VALUES (1029, 1036);
INSERT INTO "requires" VALUES (1027, 1036);
INSERT INTO "TrackElement" ("id") VALUES (1037);
INSERT INTO "Segment" ("id", "length") VALUES (1037, 393);
UPDATE "TrackElement" SET "region" = 1028 WHERE "id" = 1037;
INSERT INTO "monitoredBy" VALUES (1037, 1036);
INSERT INTO "TrackElement" ("id") VALUES (1038);
INSERT INTO "Segment" ("id", "length") VALUES (1038, 862);
UPDATE "TrackElement" SET "region" = 1028 WHERE "id" = 1038;
INSERT INTO "monitoredBy" VALUES (1038, 1036);
INSERT INTO "TrackElement" ("id") VALUES (1039);
INSERT INTO "Segment" ("id", "length") VALUES (1039, 52);
UPDATE "TrackElement" SET "region" = 1028 WHERE "id" = 1039;
INSERT INTO "monitoredBy" VALUES (1039, 1036);
INSERT INTO "TrackElement" ("id") VALUES (1040);
INSERT INTO "Segment" ("id", "length") VALUES (1040, 54);
UPDATE "TrackElement" SET "region" = 1028 WHERE "id" = 1040;
INSERT INTO "monitoredBy" VALUES (1040, 1036);
INSERT INTO "TrackElement" ("id") VALUES (1041);
INSERT INTO "Segment" ("id", "length") VALUES (1041, 364);
UPDATE "TrackElement" SET "region" = 1028 WHERE "id" = 1041;
INSERT INTO "monitoredBy" VALUES (1041, 1036);
INSERT INTO "Sensor" ("id") VALUES (1042);
UPDATE "Sensor" SET "region" = 1028 WHERE "id" = 1042;
INSERT INTO "monitoredBy" VALUES (1029, 1042);
INSERT INTO "requires" VALUES (1027, 1042);
INSERT INTO "TrackElement" ("id") VALUES (1043);
INSERT INTO "Segment" ("id", "length") VALUES (1043, 279);
UPDATE "TrackElement" SET "region" = 1028 WHERE "id" = 1043;
INSERT INTO "monitoredBy" VALUES (1043, 1042);
INSERT INTO "TrackElement" ("id") VALUES (1044);
INSERT INTO "Segment" ("id", "length") VALUES (1044, 801);
UPDATE "TrackElement" SET "region" = 1028 WHERE "id" = 1044;
INSERT INTO "monitoredBy" VALUES (1044, 1042);
INSERT INTO "TrackElement" ("id") VALUES (1045);
INSERT INTO "Segment" ("id", "length") VALUES (1045, 210);
UPDATE "TrackElement" SET "region" = 1028 WHERE "id" = 1045;
INSERT INTO "monitoredBy" VALUES (1045, 1042);
INSERT INTO "TrackElement" ("id") VALUES (1046);
INSERT INTO "Segment" ("id", "length") VALUES (1046, 575);
UPDATE "TrackElement" SET "region" = 1028 WHERE "id" = 1046;
INSERT INTO "monitoredBy" VALUES (1046, 1042);
INSERT INTO "TrackElement" ("id") VALUES (1047);
INSERT INTO "Segment" ("id", "length") VALUES (1047, 407);
UPDATE "TrackElement" SET "region" = 1028 WHERE "id" = 1047;
INSERT INTO "monitoredBy" VALUES (1047, 1042);
INSERT INTO "Sensor" ("id") VALUES (1048);
UPDATE "Sensor" SET "region" = 1028 WHERE "id" = 1048;
INSERT INTO "monitoredBy" VALUES (1029, 1048);
INSERT INTO "requires" VALUES (1027, 1048);
INSERT INTO "TrackElement" ("id") VALUES (1049);
INSERT INTO "Segment" ("id", "length") VALUES (1049, 961);
UPDATE "TrackElement" SET "region" = 1028 WHERE "id" = 1049;
INSERT INTO "monitoredBy" VALUES (1049, 1048);
INSERT INTO "TrackElement" ("id") VALUES (1050);
INSERT INTO "Segment" ("id", "length") VALUES (1050, 731);
UPDATE "TrackElement" SET "region" = 1028 WHERE "id" = 1050;
INSERT INTO "monitoredBy" VALUES (1050, 1048);
INSERT INTO "TrackElement" ("id") VALUES (1051);
INSERT INTO "Segment" ("id", "length") VALUES (1051, 601);
UPDATE "TrackElement" SET "region" = 1028 WHERE "id" = 1051;
INSERT INTO "monitoredBy" VALUES (1051, 1048);
INSERT INTO "TrackElement" ("id") VALUES (1052);
INSERT INTO "Segment" ("id", "length") VALUES (1052, 807);
UPDATE "TrackElement" SET "region" = 1028 WHERE "id" = 1052;
INSERT INTO "monitoredBy" VALUES (1052, 1048);
INSERT INTO "TrackElement" ("id") VALUES (1053);
INSERT INTO "Segment" ("id", "length") VALUES (1053, 183);
UPDATE "TrackElement" SET "region" = 1028 WHERE "id" = 1053;
INSERT INTO "monitoredBy" VALUES (1053, 1048);
INSERT INTO "Sensor" ("id") VALUES (1054);
UPDATE "Sensor" SET "region" = 1028 WHERE "id" = 1054;
INSERT INTO "monitoredBy" VALUES (1029, 1054);
INSERT INTO "requires" VALUES (1027, 1054);
INSERT INTO "TrackElement" ("id") VALUES (1055);
INSERT INTO "Segment" ("id", "length") VALUES (1055, 922);
UPDATE "TrackElement" SET "region" = 1028 WHERE "id" = 1055;
INSERT INTO "monitoredBy" VALUES (1055, 1054);
INSERT INTO "TrackElement" ("id") VALUES (1056);
INSERT INTO "Segment" ("id", "length") VALUES (1056, 250);
UPDATE "TrackElement" SET "region" = 1028 WHERE "id" = 1056;
INSERT INTO "monitoredBy" VALUES (1056, 1054);
INSERT INTO "TrackElement" ("id") VALUES (1057);
INSERT INTO "Segment" ("id", "length") VALUES (1057, 518);
UPDATE "TrackElement" SET "region" = 1028 WHERE "id" = 1057;
INSERT INTO "monitoredBy" VALUES (1057, 1054);
INSERT INTO "TrackElement" ("id") VALUES (1058);
INSERT INTO "Segment" ("id", "length") VALUES (1058, 205);
UPDATE "TrackElement" SET "region" = 1028 WHERE "id" = 1058;
INSERT INTO "monitoredBy" VALUES (1058, 1054);
INSERT INTO "TrackElement" ("id") VALUES (1059);
INSERT INTO "Segment" ("id", "length") VALUES (1059, 508);
UPDATE "TrackElement" SET "region" = 1028 WHERE "id" = 1059;
INSERT INTO "monitoredBy" VALUES (1059, 1054);
INSERT INTO "SwitchPosition" ("id", "position", "target") VALUES (1060, 2, 1029);
UPDATE "SwitchPosition" SET "route" = 1027 WHERE "id" = 1060;
INSERT INTO "TrackElement" ("id") VALUES (1061);
INSERT INTO "Switch" ("id", "currentPosition") VALUES (1061, 1);
UPDATE "TrackElement" SET "region" = 1028 WHERE "id" = 1061;
INSERT INTO "Sensor" ("id") VALUES (1062);
UPDATE "Sensor" SET "region" = 1028 WHERE "id" = 1062;
INSERT INTO "monitoredBy" VALUES (1061, 1062);
INSERT INTO "requires" VALUES (1027, 1062);
INSERT INTO "TrackElement" ("id") VALUES (1063);
INSERT INTO "Segment" ("id", "length") VALUES (1063, 924);
UPDATE "TrackElement" SET "region" = 1028 WHERE "id" = 1063;
INSERT INTO "monitoredBy" VALUES (1063, 1062);
INSERT INTO "TrackElement" ("id") VALUES (1064);
INSERT INTO "Segment" ("id", "length") VALUES (1064, 403);
UPDATE "TrackElement" SET "region" = 1028 WHERE "id" = 1064;
INSERT INTO "monitoredBy" VALUES (1064, 1062);
INSERT INTO "TrackElement" ("id") VALUES (1065);
INSERT INTO "Segment" ("id", "length") VALUES (1065, 124);
UPDATE "TrackElement" SET "region" = 1028 WHERE "id" = 1065;
INSERT INTO "monitoredBy" VALUES (1065, 1062);
INSERT INTO "TrackElement" ("id") VALUES (1066);
INSERT INTO "Segment" ("id", "length") VALUES (1066, 808);
UPDATE "TrackElement" SET "region" = 1028 WHERE "id" = 1066;
INSERT INTO "monitoredBy" VALUES (1066, 1062);
INSERT INTO "TrackElement" ("id") VALUES (1067);
INSERT INTO "Segment" ("id", "length") VALUES (1067, 323);
UPDATE "TrackElement" SET "region" = 1028 WHERE "id" = 1067;
INSERT INTO "monitoredBy" VALUES (1067, 1062);
INSERT INTO "Sensor" ("id") VALUES (1068);
UPDATE "Sensor" SET "region" = 1028 WHERE "id" = 1068;
INSERT INTO "monitoredBy" VALUES (1061, 1068);
INSERT INTO "requires" VALUES (1027, 1068);
INSERT INTO "TrackElement" ("id") VALUES (1069);
INSERT INTO "Segment" ("id", "length") VALUES (1069, 165);
UPDATE "TrackElement" SET "region" = 1028 WHERE "id" = 1069;
INSERT INTO "monitoredBy" VALUES (1069, 1068);
INSERT INTO "TrackElement" ("id") VALUES (1070);
INSERT INTO "Segment" ("id", "length") VALUES (1070, 954);
UPDATE "TrackElement" SET "region" = 1028 WHERE "id" = 1070;
INSERT INTO "monitoredBy" VALUES (1070, 1068);
INSERT INTO "TrackElement" ("id") VALUES (1071);
INSERT INTO "Segment" ("id", "length") VALUES (1071, 891);
UPDATE "TrackElement" SET "region" = 1028 WHERE "id" = 1071;
INSERT INTO "monitoredBy" VALUES (1071, 1068);
INSERT INTO "TrackElement" ("id") VALUES (1072);
INSERT INTO "Segment" ("id", "length") VALUES (1072, 929);
UPDATE "TrackElement" SET "region" = 1028 WHERE "id" = 1072;
INSERT INTO "monitoredBy" VALUES (1072, 1068);
INSERT INTO "TrackElement" ("id") VALUES (1073);
INSERT INTO "Segment" ("id", "length") VALUES (1073, 849);
UPDATE "TrackElement" SET "region" = 1028 WHERE "id" = 1073;
INSERT INTO "monitoredBy" VALUES (1073, 1068);
INSERT INTO "Sensor" ("id") VALUES (1074);
UPDATE "Sensor" SET "region" = 1028 WHERE "id" = 1074;
INSERT INTO "monitoredBy" VALUES (1061, 1074);
INSERT INTO "requires" VALUES (1027, 1074);
INSERT INTO "TrackElement" ("id") VALUES (1075);
INSERT INTO "Segment" ("id", "length") VALUES (1075, 196);
UPDATE "TrackElement" SET "region" = 1028 WHERE "id" = 1075;
INSERT INTO "monitoredBy" VALUES (1075, 1074);
INSERT INTO "TrackElement" ("id") VALUES (1076);
INSERT INTO "Segment" ("id", "length") VALUES (1076, 120);
UPDATE "TrackElement" SET "region" = 1028 WHERE "id" = 1076;
INSERT INTO "monitoredBy" VALUES (1076, 1074);
INSERT INTO "TrackElement" ("id") VALUES (1077);
INSERT INTO "Segment" ("id", "length") VALUES (1077, 70);
UPDATE "TrackElement" SET "region" = 1028 WHERE "id" = 1077;
INSERT INTO "monitoredBy" VALUES (1077, 1074);
INSERT INTO "TrackElement" ("id") VALUES (1078);
INSERT INTO "Segment" ("id", "length") VALUES (1078, 604);
UPDATE "TrackElement" SET "region" = 1028 WHERE "id" = 1078;
INSERT INTO "monitoredBy" VALUES (1078, 1074);
INSERT INTO "TrackElement" ("id") VALUES (1079);
INSERT INTO "Segment" ("id", "length") VALUES (1079, 33);
UPDATE "TrackElement" SET "region" = 1028 WHERE "id" = 1079;
INSERT INTO "monitoredBy" VALUES (1079, 1074);
INSERT INTO "Sensor" ("id") VALUES (1080);
UPDATE "Sensor" SET "region" = 1028 WHERE "id" = 1080;
INSERT INTO "monitoredBy" VALUES (1061, 1080);
INSERT INTO "requires" VALUES (1027, 1080);
INSERT INTO "TrackElement" ("id") VALUES (1081);
INSERT INTO "Segment" ("id", "length") VALUES (1081, 85);
UPDATE "TrackElement" SET "region" = 1028 WHERE "id" = 1081;
INSERT INTO "monitoredBy" VALUES (1081, 1080);
INSERT INTO "TrackElement" ("id") VALUES (1082);
INSERT INTO "Segment" ("id", "length") VALUES (1082, 784);
UPDATE "TrackElement" SET "region" = 1028 WHERE "id" = 1082;
INSERT INTO "monitoredBy" VALUES (1082, 1080);
INSERT INTO "TrackElement" ("id") VALUES (1083);
INSERT INTO "Segment" ("id", "length") VALUES (1083, 234);
UPDATE "TrackElement" SET "region" = 1028 WHERE "id" = 1083;
INSERT INTO "monitoredBy" VALUES (1083, 1080);
INSERT INTO "TrackElement" ("id") VALUES (1084);
INSERT INTO "Segment" ("id", "length") VALUES (1084, 627);
UPDATE "TrackElement" SET "region" = 1028 WHERE "id" = 1084;
INSERT INTO "monitoredBy" VALUES (1084, 1080);
INSERT INTO "TrackElement" ("id") VALUES (1085);
INSERT INTO "Segment" ("id", "length") VALUES (1085, 94);
UPDATE "TrackElement" SET "region" = 1028 WHERE "id" = 1085;
INSERT INTO "monitoredBy" VALUES (1085, 1080);
INSERT INTO "Sensor" ("id") VALUES (1086);
UPDATE "Sensor" SET "region" = 1028 WHERE "id" = 1086;
INSERT INTO "monitoredBy" VALUES (1061, 1086);
INSERT INTO "requires" VALUES (1027, 1086);
INSERT INTO "TrackElement" ("id") VALUES (1087);
INSERT INTO "Segment" ("id", "length") VALUES (1087, 365);
UPDATE "TrackElement" SET "region" = 1028 WHERE "id" = 1087;
INSERT INTO "monitoredBy" VALUES (1087, 1086);
INSERT INTO "TrackElement" ("id") VALUES (1088);
INSERT INTO "Segment" ("id", "length") VALUES (1088, 488);
UPDATE "TrackElement" SET "region" = 1028 WHERE "id" = 1088;
INSERT INTO "monitoredBy" VALUES (1088, 1086);
INSERT INTO "TrackElement" ("id") VALUES (1089);
INSERT INTO "Segment" ("id", "length") VALUES (1089, 583);
UPDATE "TrackElement" SET "region" = 1028 WHERE "id" = 1089;
INSERT INTO "monitoredBy" VALUES (1089, 1086);
INSERT INTO "TrackElement" ("id") VALUES (1090);
INSERT INTO "Segment" ("id", "length") VALUES (1090, 972);
UPDATE "TrackElement" SET "region" = 1028 WHERE "id" = 1090;
INSERT INTO "monitoredBy" VALUES (1090, 1086);
INSERT INTO "TrackElement" ("id") VALUES (1091);
INSERT INTO "Segment" ("id", "length") VALUES (1091, 533);
UPDATE "TrackElement" SET "region" = 1028 WHERE "id" = 1091;
INSERT INTO "monitoredBy" VALUES (1091, 1086);
INSERT INTO "Sensor" ("id") VALUES (1092);
UPDATE "Sensor" SET "region" = 1028 WHERE "id" = 1092;
INSERT INTO "monitoredBy" VALUES (1061, 1092);
INSERT INTO "requires" VALUES (1027, 1092);
INSERT INTO "TrackElement" ("id") VALUES (1093);
INSERT INTO "Segment" ("id", "length") VALUES (1093, 75);
UPDATE "TrackElement" SET "region" = 1028 WHERE "id" = 1093;
INSERT INTO "monitoredBy" VALUES (1093, 1092);
INSERT INTO "TrackElement" ("id") VALUES (1094);
INSERT INTO "Segment" ("id", "length") VALUES (1094, 533);
UPDATE "TrackElement" SET "region" = 1028 WHERE "id" = 1094;
INSERT INTO "monitoredBy" VALUES (1094, 1092);
INSERT INTO "TrackElement" ("id") VALUES (1095);
INSERT INTO "Segment" ("id", "length") VALUES (1095, 688);
UPDATE "TrackElement" SET "region" = 1028 WHERE "id" = 1095;
INSERT INTO "monitoredBy" VALUES (1095, 1092);
INSERT INTO "TrackElement" ("id") VALUES (1096);
INSERT INTO "Segment" ("id", "length") VALUES (1096, 953);
UPDATE "TrackElement" SET "region" = 1028 WHERE "id" = 1096;
INSERT INTO "monitoredBy" VALUES (1096, 1092);
INSERT INTO "TrackElement" ("id") VALUES (1097);
INSERT INTO "Segment" ("id", "length") VALUES (1097, 322);
UPDATE "TrackElement" SET "region" = 1028 WHERE "id" = 1097;
INSERT INTO "monitoredBy" VALUES (1097, 1092);
INSERT INTO "Sensor" ("id") VALUES (1098);
UPDATE "Sensor" SET "region" = 1028 WHERE "id" = 1098;
INSERT INTO "monitoredBy" VALUES (1061, 1098);
INSERT INTO "requires" VALUES (1027, 1098);
INSERT INTO "TrackElement" ("id") VALUES (1099);
INSERT INTO "Segment" ("id", "length") VALUES (1099, 292);
UPDATE "TrackElement" SET "region" = 1028 WHERE "id" = 1099;
INSERT INTO "monitoredBy" VALUES (1099, 1098);
INSERT INTO "TrackElement" ("id") VALUES (1100);
INSERT INTO "Segment" ("id", "length") VALUES (1100, 320);
UPDATE "TrackElement" SET "region" = 1028 WHERE "id" = 1100;
INSERT INTO "monitoredBy" VALUES (1100, 1098);
INSERT INTO "TrackElement" ("id") VALUES (1101);
INSERT INTO "Segment" ("id", "length") VALUES (1101, 793);
UPDATE "TrackElement" SET "region" = 1028 WHERE "id" = 1101;
INSERT INTO "monitoredBy" VALUES (1101, 1098);
INSERT INTO "TrackElement" ("id") VALUES (1102);
INSERT INTO "Segment" ("id", "length") VALUES (1102, 991);
UPDATE "TrackElement" SET "region" = 1028 WHERE "id" = 1102;
INSERT INTO "monitoredBy" VALUES (1102, 1098);
INSERT INTO "TrackElement" ("id") VALUES (1103);
INSERT INTO "Segment" ("id", "length") VALUES (1103, 845);
UPDATE "TrackElement" SET "region" = 1028 WHERE "id" = 1103;
INSERT INTO "monitoredBy" VALUES (1103, 1098);
INSERT INTO "SwitchPosition" ("id", "position", "target") VALUES (1104, 1, 1061);
UPDATE "SwitchPosition" SET "route" = 1027 WHERE "id" = 1104;
INSERT INTO "TrackElement" ("id") VALUES (1105);
INSERT INTO "Switch" ("id", "currentPosition") VALUES (1105, 0);
UPDATE "TrackElement" SET "region" = 1028 WHERE "id" = 1105;
INSERT INTO "Sensor" ("id") VALUES (1106);
UPDATE "Sensor" SET "region" = 1028 WHERE "id" = 1106;
INSERT INTO "monitoredBy" VALUES (1105, 1106);
INSERT INTO "requires" VALUES (1027, 1106);
INSERT INTO "TrackElement" ("id") VALUES (1107);
INSERT INTO "Segment" ("id", "length") VALUES (1107, 931);
UPDATE "TrackElement" SET "region" = 1028 WHERE "id" = 1107;
INSERT INTO "monitoredBy" VALUES (1107, 1106);
INSERT INTO "TrackElement" ("id") VALUES (1108);
INSERT INTO "Segment" ("id", "length") VALUES (1108, 172);
UPDATE "TrackElement" SET "region" = 1028 WHERE "id" = 1108;
INSERT INTO "monitoredBy" VALUES (1108, 1106);
INSERT INTO "TrackElement" ("id") VALUES (1109);
INSERT INTO "Segment" ("id", "length") VALUES (1109, 186);
UPDATE "TrackElement" SET "region" = 1028 WHERE "id" = 1109;
INSERT INTO "monitoredBy" VALUES (1109, 1106);
INSERT INTO "TrackElement" ("id") VALUES (1110);
INSERT INTO "Segment" ("id", "length") VALUES (1110, 875);
UPDATE "TrackElement" SET "region" = 1028 WHERE "id" = 1110;
INSERT INTO "monitoredBy" VALUES (1110, 1106);
INSERT INTO "TrackElement" ("id") VALUES (1111);
INSERT INTO "Segment" ("id", "length") VALUES (1111, 938);
UPDATE "TrackElement" SET "region" = 1028 WHERE "id" = 1111;
INSERT INTO "monitoredBy" VALUES (1111, 1106);
INSERT INTO "Sensor" ("id") VALUES (1112);
UPDATE "Sensor" SET "region" = 1028 WHERE "id" = 1112;
INSERT INTO "monitoredBy" VALUES (1105, 1112);
INSERT INTO "requires" VALUES (1027, 1112);
INSERT INTO "TrackElement" ("id") VALUES (1113);
INSERT INTO "Segment" ("id", "length") VALUES (1113, 560);
UPDATE "TrackElement" SET "region" = 1028 WHERE "id" = 1113;
INSERT INTO "monitoredBy" VALUES (1113, 1112);
INSERT INTO "TrackElement" ("id") VALUES (1114);
INSERT INTO "Segment" ("id", "length") VALUES (1114, 684);
UPDATE "TrackElement" SET "region" = 1028 WHERE "id" = 1114;
INSERT INTO "monitoredBy" VALUES (1114, 1112);
INSERT INTO "TrackElement" ("id") VALUES (1115);
INSERT INTO "Segment" ("id", "length") VALUES (1115, 669);
UPDATE "TrackElement" SET "region" = 1028 WHERE "id" = 1115;
INSERT INTO "monitoredBy" VALUES (1115, 1112);
INSERT INTO "TrackElement" ("id") VALUES (1116);
INSERT INTO "Segment" ("id", "length") VALUES (1116, 461);
UPDATE "TrackElement" SET "region" = 1028 WHERE "id" = 1116;
INSERT INTO "monitoredBy" VALUES (1116, 1112);
INSERT INTO "TrackElement" ("id") VALUES (1117);
INSERT INTO "Segment" ("id", "length") VALUES (1117, 547);
UPDATE "TrackElement" SET "region" = 1028 WHERE "id" = 1117;
INSERT INTO "monitoredBy" VALUES (1117, 1112);
INSERT INTO "Sensor" ("id") VALUES (1118);
UPDATE "Sensor" SET "region" = 1028 WHERE "id" = 1118;
INSERT INTO "monitoredBy" VALUES (1105, 1118);
INSERT INTO "requires" VALUES (1027, 1118);
INSERT INTO "TrackElement" ("id") VALUES (1119);
INSERT INTO "Segment" ("id", "length") VALUES (1119, 125);
UPDATE "TrackElement" SET "region" = 1028 WHERE "id" = 1119;
INSERT INTO "monitoredBy" VALUES (1119, 1118);
INSERT INTO "TrackElement" ("id") VALUES (1120);
INSERT INTO "Segment" ("id", "length") VALUES (1120, 712);
UPDATE "TrackElement" SET "region" = 1028 WHERE "id" = 1120;
INSERT INTO "monitoredBy" VALUES (1120, 1118);
INSERT INTO "TrackElement" ("id") VALUES (1121);
INSERT INTO "Segment" ("id", "length") VALUES (1121, 357);
UPDATE "TrackElement" SET "region" = 1028 WHERE "id" = 1121;
INSERT INTO "monitoredBy" VALUES (1121, 1118);
INSERT INTO "TrackElement" ("id") VALUES (1122);
INSERT INTO "Segment" ("id", "length") VALUES (1122, 766);
UPDATE "TrackElement" SET "region" = 1028 WHERE "id" = 1122;
INSERT INTO "monitoredBy" VALUES (1122, 1118);
INSERT INTO "TrackElement" ("id") VALUES (1123);
INSERT INTO "Segment" ("id", "length") VALUES (1123, 29);
UPDATE "TrackElement" SET "region" = 1028 WHERE "id" = 1123;
INSERT INTO "monitoredBy" VALUES (1123, 1118);
INSERT INTO "Sensor" ("id") VALUES (1124);
UPDATE "Sensor" SET "region" = 1028 WHERE "id" = 1124;
INSERT INTO "monitoredBy" VALUES (1105, 1124);
INSERT INTO "requires" VALUES (1027, 1124);
INSERT INTO "TrackElement" ("id") VALUES (1125);
INSERT INTO "Segment" ("id", "length") VALUES (1125, 453);
UPDATE "TrackElement" SET "region" = 1028 WHERE "id" = 1125;
INSERT INTO "monitoredBy" VALUES (1125, 1124);
INSERT INTO "TrackElement" ("id") VALUES (1126);
INSERT INTO "Segment" ("id", "length") VALUES (1126, 171);
UPDATE "TrackElement" SET "region" = 1028 WHERE "id" = 1126;
INSERT INTO "monitoredBy" VALUES (1126, 1124);
INSERT INTO "TrackElement" ("id") VALUES (1127);
INSERT INTO "Segment" ("id", "length") VALUES (1127, 880);
UPDATE "TrackElement" SET "region" = 1028 WHERE "id" = 1127;
INSERT INTO "monitoredBy" VALUES (1127, 1124);
INSERT INTO "TrackElement" ("id") VALUES (1128);
INSERT INTO "Segment" ("id", "length") VALUES (1128, 512);
UPDATE "TrackElement" SET "region" = 1028 WHERE "id" = 1128;
INSERT INTO "monitoredBy" VALUES (1128, 1124);
INSERT INTO "TrackElement" ("id") VALUES (1129);
INSERT INTO "Segment" ("id", "length") VALUES (1129, 216);
UPDATE "TrackElement" SET "region" = 1028 WHERE "id" = 1129;
INSERT INTO "monitoredBy" VALUES (1129, 1124);
INSERT INTO "Sensor" ("id") VALUES (1130);
UPDATE "Sensor" SET "region" = 1028 WHERE "id" = 1130;
INSERT INTO "monitoredBy" VALUES (1105, 1130);
INSERT INTO "requires" VALUES (1027, 1130);
INSERT INTO "TrackElement" ("id") VALUES (1131);
INSERT INTO "Segment" ("id", "length") VALUES (1131, 781);
UPDATE "TrackElement" SET "region" = 1028 WHERE "id" = 1131;
INSERT INTO "monitoredBy" VALUES (1131, 1130);
INSERT INTO "TrackElement" ("id") VALUES (1132);
INSERT INTO "Segment" ("id", "length") VALUES (1132, 831);
UPDATE "TrackElement" SET "region" = 1028 WHERE "id" = 1132;
INSERT INTO "monitoredBy" VALUES (1132, 1130);
INSERT INTO "TrackElement" ("id") VALUES (1133);
INSERT INTO "Segment" ("id", "length") VALUES (1133, 731);
UPDATE "TrackElement" SET "region" = 1028 WHERE "id" = 1133;
INSERT INTO "monitoredBy" VALUES (1133, 1130);
INSERT INTO "TrackElement" ("id") VALUES (1134);
INSERT INTO "Segment" ("id", "length") VALUES (1134, 11);
UPDATE "TrackElement" SET "region" = 1028 WHERE "id" = 1134;
INSERT INTO "monitoredBy" VALUES (1134, 1130);
INSERT INTO "TrackElement" ("id") VALUES (1135);
INSERT INTO "Segment" ("id", "length") VALUES (1135, 899);
UPDATE "TrackElement" SET "region" = 1028 WHERE "id" = 1135;
INSERT INTO "monitoredBy" VALUES (1135, 1130);
INSERT INTO "SwitchPosition" ("id", "position", "target") VALUES (1136, 0, 1105);
UPDATE "SwitchPosition" SET "route" = 1027 WHERE "id" = 1136;
INSERT INTO "TrackElement" ("id") VALUES (1137);
INSERT INTO "Switch" ("id", "currentPosition") VALUES (1137, 1);
UPDATE "TrackElement" SET "region" = 1028 WHERE "id" = 1137;
INSERT INTO "Sensor" ("id") VALUES (1138);
UPDATE "Sensor" SET "region" = 1028 WHERE "id" = 1138;
INSERT INTO "monitoredBy" VALUES (1137, 1138);
INSERT INTO "requires" VALUES (1027, 1138);
INSERT INTO "TrackElement" ("id") VALUES (1139);
INSERT INTO "Segment" ("id", "length") VALUES (1139, 531);
UPDATE "TrackElement" SET "region" = 1028 WHERE "id" = 1139;
INSERT INTO "monitoredBy" VALUES (1139, 1138);
INSERT INTO "TrackElement" ("id") VALUES (1140);
INSERT INTO "Segment" ("id", "length") VALUES (1140, 614);
UPDATE "TrackElement" SET "region" = 1028 WHERE "id" = 1140;
INSERT INTO "monitoredBy" VALUES (1140, 1138);
INSERT INTO "TrackElement" ("id") VALUES (1141);
INSERT INTO "Segment" ("id", "length") VALUES (1141, 315);
UPDATE "TrackElement" SET "region" = 1028 WHERE "id" = 1141;
INSERT INTO "monitoredBy" VALUES (1141, 1138);
INSERT INTO "TrackElement" ("id") VALUES (1142);
INSERT INTO "Segment" ("id", "length") VALUES (1142, 757);
UPDATE "TrackElement" SET "region" = 1028 WHERE "id" = 1142;
INSERT INTO "monitoredBy" VALUES (1142, 1138);
INSERT INTO "TrackElement" ("id") VALUES (1143);
INSERT INTO "Segment" ("id", "length") VALUES (1143, 722);
UPDATE "TrackElement" SET "region" = 1028 WHERE "id" = 1143;
INSERT INTO "monitoredBy" VALUES (1143, 1138);
INSERT INTO "SwitchPosition" ("id", "position", "target") VALUES (1144, 1, 1137);
UPDATE "SwitchPosition" SET "route" = 1027 WHERE "id" = 1144;
INSERT INTO "TrackElement" ("id") VALUES (1145);
INSERT INTO "Switch" ("id", "currentPosition") VALUES (1145, 0);
UPDATE "TrackElement" SET "region" = 1028 WHERE "id" = 1145;
INSERT INTO "Sensor" ("id") VALUES (1146);
UPDATE "Sensor" SET "region" = 1028 WHERE "id" = 1146;
INSERT INTO "monitoredBy" VALUES (1145, 1146);
INSERT INTO "requires" VALUES (1027, 1146);
INSERT INTO "TrackElement" ("id") VALUES (1147);
INSERT INTO "Segment" ("id", "length") VALUES (1147, 467);
UPDATE "TrackElement" SET "region" = 1028 WHERE "id" = 1147;
INSERT INTO "monitoredBy" VALUES (1147, 1146);
INSERT INTO "TrackElement" ("id") VALUES (1148);
INSERT INTO "Segment" ("id", "length") VALUES (1148, 892);
UPDATE "TrackElement" SET "region" = 1028 WHERE "id" = 1148;
INSERT INTO "monitoredBy" VALUES (1148, 1146);
INSERT INTO "TrackElement" ("id") VALUES (1149);
INSERT INTO "Segment" ("id", "length") VALUES (1149, 515);
UPDATE "TrackElement" SET "region" = 1028 WHERE "id" = 1149;
INSERT INTO "monitoredBy" VALUES (1149, 1146);
INSERT INTO "TrackElement" ("id") VALUES (1150);
INSERT INTO "Segment" ("id", "length") VALUES (1150, 749);
UPDATE "TrackElement" SET "region" = 1028 WHERE "id" = 1150;
INSERT INTO "monitoredBy" VALUES (1150, 1146);
INSERT INTO "TrackElement" ("id") VALUES (1151);
INSERT INTO "Segment" ("id", "length") VALUES (1151, 655);
UPDATE "TrackElement" SET "region" = 1028 WHERE "id" = 1151;
INSERT INTO "monitoredBy" VALUES (1151, 1146);
INSERT INTO "Sensor" ("id") VALUES (1152);
UPDATE "Sensor" SET "region" = 1028 WHERE "id" = 1152;
INSERT INTO "monitoredBy" VALUES (1145, 1152);
INSERT INTO "requires" VALUES (1027, 1152);
INSERT INTO "TrackElement" ("id") VALUES (1153);
INSERT INTO "Segment" ("id", "length") VALUES (1153, 49);
UPDATE "TrackElement" SET "region" = 1028 WHERE "id" = 1153;
INSERT INTO "monitoredBy" VALUES (1153, 1152);
INSERT INTO "TrackElement" ("id") VALUES (1154);
INSERT INTO "Segment" ("id", "length") VALUES (1154, 815);
UPDATE "TrackElement" SET "region" = 1028 WHERE "id" = 1154;
INSERT INTO "monitoredBy" VALUES (1154, 1152);
INSERT INTO "TrackElement" ("id") VALUES (1155);
INSERT INTO "Segment" ("id", "length") VALUES (1155, 152);
UPDATE "TrackElement" SET "region" = 1028 WHERE "id" = 1155;
INSERT INTO "monitoredBy" VALUES (1155, 1152);
INSERT INTO "TrackElement" ("id") VALUES (1156);
INSERT INTO "Segment" ("id", "length") VALUES (1156, 718);
UPDATE "TrackElement" SET "region" = 1028 WHERE "id" = 1156;
INSERT INTO "monitoredBy" VALUES (1156, 1152);
INSERT INTO "TrackElement" ("id") VALUES (1157);
INSERT INTO "Segment" ("id", "length") VALUES (1157, 445);
UPDATE "TrackElement" SET "region" = 1028 WHERE "id" = 1157;
INSERT INTO "monitoredBy" VALUES (1157, 1152);
INSERT INTO "Sensor" ("id") VALUES (1158);
UPDATE "Sensor" SET "region" = 1028 WHERE "id" = 1158;
INSERT INTO "monitoredBy" VALUES (1145, 1158);
INSERT INTO "requires" VALUES (1027, 1158);
INSERT INTO "TrackElement" ("id") VALUES (1159);
INSERT INTO "Segment" ("id", "length") VALUES (1159, 75);
UPDATE "TrackElement" SET "region" = 1028 WHERE "id" = 1159;
INSERT INTO "monitoredBy" VALUES (1159, 1158);
INSERT INTO "TrackElement" ("id") VALUES (1160);
INSERT INTO "Segment" ("id", "length") VALUES (1160, 305);
UPDATE "TrackElement" SET "region" = 1028 WHERE "id" = 1160;
INSERT INTO "monitoredBy" VALUES (1160, 1158);
INSERT INTO "TrackElement" ("id") VALUES (1161);
INSERT INTO "Segment" ("id", "length") VALUES (1161, 571);
UPDATE "TrackElement" SET "region" = 1028 WHERE "id" = 1161;
INSERT INTO "monitoredBy" VALUES (1161, 1158);
INSERT INTO "TrackElement" ("id") VALUES (1162);
INSERT INTO "Segment" ("id", "length") VALUES (1162, 817);
UPDATE "TrackElement" SET "region" = 1028 WHERE "id" = 1162;
INSERT INTO "monitoredBy" VALUES (1162, 1158);
INSERT INTO "TrackElement" ("id") VALUES (1163);
INSERT INTO "Segment" ("id", "length") VALUES (1163, 768);
UPDATE "TrackElement" SET "region" = 1028 WHERE "id" = 1163;
INSERT INTO "monitoredBy" VALUES (1163, 1158);
INSERT INTO "Sensor" ("id") VALUES (1164);
UPDATE "Sensor" SET "region" = 1028 WHERE "id" = 1164;
INSERT INTO "monitoredBy" VALUES (1145, 1164);
INSERT INTO "requires" VALUES (1027, 1164);
INSERT INTO "TrackElement" ("id") VALUES (1165);
INSERT INTO "Segment" ("id", "length") VALUES (1165, 359);
UPDATE "TrackElement" SET "region" = 1028 WHERE "id" = 1165;
INSERT INTO "monitoredBy" VALUES (1165, 1164);
INSERT INTO "TrackElement" ("id") VALUES (1166);
INSERT INTO "Segment" ("id", "length") VALUES (1166, 145);
UPDATE "TrackElement" SET "region" = 1028 WHERE "id" = 1166;
INSERT INTO "monitoredBy" VALUES (1166, 1164);
INSERT INTO "TrackElement" ("id") VALUES (1167);
INSERT INTO "Segment" ("id", "length") VALUES (1167, 201);
UPDATE "TrackElement" SET "region" = 1028 WHERE "id" = 1167;
INSERT INTO "monitoredBy" VALUES (1167, 1164);
INSERT INTO "TrackElement" ("id") VALUES (1168);
INSERT INTO "Segment" ("id", "length") VALUES (1168, 354);
UPDATE "TrackElement" SET "region" = 1028 WHERE "id" = 1168;
INSERT INTO "monitoredBy" VALUES (1168, 1164);
INSERT INTO "TrackElement" ("id") VALUES (1169);
INSERT INTO "Segment" ("id", "length") VALUES (1169, 750);
UPDATE "TrackElement" SET "region" = 1028 WHERE "id" = 1169;
INSERT INTO "monitoredBy" VALUES (1169, 1164);
INSERT INTO "Sensor" ("id") VALUES (1170);
UPDATE "Sensor" SET "region" = 1028 WHERE "id" = 1170;
INSERT INTO "monitoredBy" VALUES (1145, 1170);
INSERT INTO "requires" VALUES (1027, 1170);
INSERT INTO "TrackElement" ("id") VALUES (1171);
INSERT INTO "Segment" ("id", "length") VALUES (1171, 262);
UPDATE "TrackElement" SET "region" = 1028 WHERE "id" = 1171;
INSERT INTO "monitoredBy" VALUES (1171, 1170);
INSERT INTO "TrackElement" ("id") VALUES (1172);
INSERT INTO "Segment" ("id", "length") VALUES (1172, 417);
UPDATE "TrackElement" SET "region" = 1028 WHERE "id" = 1172;
INSERT INTO "monitoredBy" VALUES (1172, 1170);
INSERT INTO "TrackElement" ("id") VALUES (1173);
INSERT INTO "Segment" ("id", "length") VALUES (1173, 729);
UPDATE "TrackElement" SET "region" = 1028 WHERE "id" = 1173;
INSERT INTO "monitoredBy" VALUES (1173, 1170);
INSERT INTO "TrackElement" ("id") VALUES (1174);
INSERT INTO "Segment" ("id", "length") VALUES (1174, 613);
UPDATE "TrackElement" SET "region" = 1028 WHERE "id" = 1174;
INSERT INTO "monitoredBy" VALUES (1174, 1170);
INSERT INTO "TrackElement" ("id") VALUES (1175);
INSERT INTO "Segment" ("id", "length") VALUES (1175, 807);
UPDATE "TrackElement" SET "region" = 1028 WHERE "id" = 1175;
INSERT INTO "monitoredBy" VALUES (1175, 1170);
INSERT INTO "SwitchPosition" ("id", "position", "target") VALUES (1176, 0, 1145);
UPDATE "SwitchPosition" SET "route" = 1027 WHERE "id" = 1176;
INSERT INTO "TrackElement" ("id") VALUES (1177);
INSERT INTO "Switch" ("id", "currentPosition") VALUES (1177, 0);
UPDATE "TrackElement" SET "region" = 1028 WHERE "id" = 1177;
INSERT INTO "Sensor" ("id") VALUES (1178);
UPDATE "Sensor" SET "region" = 1028 WHERE "id" = 1178;
INSERT INTO "monitoredBy" VALUES (1177, 1178);
INSERT INTO "requires" VALUES (1027, 1178);
INSERT INTO "TrackElement" ("id") VALUES (1179);
INSERT INTO "Segment" ("id", "length") VALUES (1179, 603);
UPDATE "TrackElement" SET "region" = 1028 WHERE "id" = 1179;
INSERT INTO "monitoredBy" VALUES (1179, 1178);
INSERT INTO "TrackElement" ("id") VALUES (1180);
INSERT INTO "Segment" ("id", "length") VALUES (1180, 665);
UPDATE "TrackElement" SET "region" = 1028 WHERE "id" = 1180;
INSERT INTO "monitoredBy" VALUES (1180, 1178);
INSERT INTO "TrackElement" ("id") VALUES (1181);
INSERT INTO "Segment" ("id", "length") VALUES (1181, 858);
UPDATE "TrackElement" SET "region" = 1028 WHERE "id" = 1181;
INSERT INTO "monitoredBy" VALUES (1181, 1178);
INSERT INTO "TrackElement" ("id") VALUES (1182);
INSERT INTO "Segment" ("id", "length") VALUES (1182, 435);
UPDATE "TrackElement" SET "region" = 1028 WHERE "id" = 1182;
INSERT INTO "monitoredBy" VALUES (1182, 1178);
INSERT INTO "TrackElement" ("id") VALUES (1183);
INSERT INTO "Segment" ("id", "length") VALUES (1183, 469);
UPDATE "TrackElement" SET "region" = 1028 WHERE "id" = 1183;
INSERT INTO "monitoredBy" VALUES (1183, 1178);
INSERT INTO "Sensor" ("id") VALUES (1184);
UPDATE "Sensor" SET "region" = 1028 WHERE "id" = 1184;
INSERT INTO "monitoredBy" VALUES (1177, 1184);
INSERT INTO "requires" VALUES (1027, 1184);
INSERT INTO "TrackElement" ("id") VALUES (1185);
INSERT INTO "Segment" ("id", "length") VALUES (1185, 252);
UPDATE "TrackElement" SET "region" = 1028 WHERE "id" = 1185;
INSERT INTO "monitoredBy" VALUES (1185, 1184);
INSERT INTO "TrackElement" ("id") VALUES (1186);
INSERT INTO "Segment" ("id", "length") VALUES (1186, 835);
UPDATE "TrackElement" SET "region" = 1028 WHERE "id" = 1186;
INSERT INTO "monitoredBy" VALUES (1186, 1184);
INSERT INTO "TrackElement" ("id") VALUES (1187);
INSERT INTO "Segment" ("id", "length") VALUES (1187, 337);
UPDATE "TrackElement" SET "region" = 1028 WHERE "id" = 1187;
INSERT INTO "monitoredBy" VALUES (1187, 1184);
INSERT INTO "TrackElement" ("id") VALUES (1188);
INSERT INTO "Segment" ("id", "length") VALUES (1188, 757);
UPDATE "TrackElement" SET "region" = 1028 WHERE "id" = 1188;
INSERT INTO "monitoredBy" VALUES (1188, 1184);
INSERT INTO "TrackElement" ("id") VALUES (1189);
INSERT INTO "Segment" ("id", "length") VALUES (1189, 729);
UPDATE "TrackElement" SET "region" = 1028 WHERE "id" = 1189;
INSERT INTO "monitoredBy" VALUES (1189, 1184);
INSERT INTO "Sensor" ("id") VALUES (1190);
UPDATE "Sensor" SET "region" = 1028 WHERE "id" = 1190;
INSERT INTO "monitoredBy" VALUES (1177, 1190);
INSERT INTO "requires" VALUES (1027, 1190);
INSERT INTO "TrackElement" ("id") VALUES (1191);
INSERT INTO "Segment" ("id", "length") VALUES (1191, 398);
UPDATE "TrackElement" SET "region" = 1028 WHERE "id" = 1191;
INSERT INTO "monitoredBy" VALUES (1191, 1190);
INSERT INTO "TrackElement" ("id") VALUES (1192);
INSERT INTO "Segment" ("id", "length") VALUES (1192, 997);
UPDATE "TrackElement" SET "region" = 1028 WHERE "id" = 1192;
INSERT INTO "monitoredBy" VALUES (1192, 1190);
INSERT INTO "TrackElement" ("id") VALUES (1193);
INSERT INTO "Segment" ("id", "length") VALUES (1193, 457);
UPDATE "TrackElement" SET "region" = 1028 WHERE "id" = 1193;
INSERT INTO "monitoredBy" VALUES (1193, 1190);
INSERT INTO "TrackElement" ("id") VALUES (1194);
INSERT INTO "Segment" ("id", "length") VALUES (1194, 779);
UPDATE "TrackElement" SET "region" = 1028 WHERE "id" = 1194;
INSERT INTO "monitoredBy" VALUES (1194, 1190);
INSERT INTO "TrackElement" ("id") VALUES (1195);
INSERT INTO "Segment" ("id", "length") VALUES (1195, 537);
UPDATE "TrackElement" SET "region" = 1028 WHERE "id" = 1195;
INSERT INTO "monitoredBy" VALUES (1195, 1190);
INSERT INTO "Sensor" ("id") VALUES (1196);
UPDATE "Sensor" SET "region" = 1028 WHERE "id" = 1196;
INSERT INTO "monitoredBy" VALUES (1177, 1196);
INSERT INTO "requires" VALUES (1027, 1196);
INSERT INTO "TrackElement" ("id") VALUES (1197);
INSERT INTO "Segment" ("id", "length") VALUES (1197, 450);
UPDATE "TrackElement" SET "region" = 1028 WHERE "id" = 1197;
INSERT INTO "monitoredBy" VALUES (1197, 1196);
INSERT INTO "TrackElement" ("id") VALUES (1198);
INSERT INTO "Segment" ("id", "length") VALUES (1198, 748);
UPDATE "TrackElement" SET "region" = 1028 WHERE "id" = 1198;
INSERT INTO "monitoredBy" VALUES (1198, 1196);
INSERT INTO "TrackElement" ("id") VALUES (1199);
INSERT INTO "Segment" ("id", "length") VALUES (1199, 756);
UPDATE "TrackElement" SET "region" = 1028 WHERE "id" = 1199;
INSERT INTO "monitoredBy" VALUES (1199, 1196);
INSERT INTO "TrackElement" ("id") VALUES (1200);
INSERT INTO "Segment" ("id", "length") VALUES (1200, 567);
UPDATE "TrackElement" SET "region" = 1028 WHERE "id" = 1200;
INSERT INTO "monitoredBy" VALUES (1200, 1196);
INSERT INTO "TrackElement" ("id") VALUES (1201);
INSERT INTO "Segment" ("id", "length") VALUES (1201, 777);
UPDATE "TrackElement" SET "region" = 1028 WHERE "id" = 1201;
INSERT INTO "monitoredBy" VALUES (1201, 1196);
INSERT INTO "Sensor" ("id") VALUES (1202);
UPDATE "Sensor" SET "region" = 1028 WHERE "id" = 1202;
INSERT INTO "monitoredBy" VALUES (1177, 1202);
INSERT INTO "requires" VALUES (1027, 1202);
INSERT INTO "TrackElement" ("id") VALUES (1203);
INSERT INTO "Segment" ("id", "length") VALUES (1203, 699);
UPDATE "TrackElement" SET "region" = 1028 WHERE "id" = 1203;
INSERT INTO "monitoredBy" VALUES (1203, 1202);
INSERT INTO "TrackElement" ("id") VALUES (1204);
INSERT INTO "Segment" ("id", "length") VALUES (1204, 881);
UPDATE "TrackElement" SET "region" = 1028 WHERE "id" = 1204;
INSERT INTO "monitoredBy" VALUES (1204, 1202);
INSERT INTO "TrackElement" ("id") VALUES (1205);
INSERT INTO "Segment" ("id", "length") VALUES (1205, 797);
UPDATE "TrackElement" SET "region" = 1028 WHERE "id" = 1205;
INSERT INTO "monitoredBy" VALUES (1205, 1202);
INSERT INTO "TrackElement" ("id") VALUES (1206);
INSERT INTO "Segment" ("id", "length") VALUES (1206, 777);
UPDATE "TrackElement" SET "region" = 1028 WHERE "id" = 1206;
INSERT INTO "monitoredBy" VALUES (1206, 1202);
INSERT INTO "TrackElement" ("id") VALUES (1207);
INSERT INTO "Segment" ("id", "length") VALUES (1207, 170);
UPDATE "TrackElement" SET "region" = 1028 WHERE "id" = 1207;
INSERT INTO "monitoredBy" VALUES (1207, 1202);
INSERT INTO "Sensor" ("id") VALUES (1208);
UPDATE "Sensor" SET "region" = 1028 WHERE "id" = 1208;
INSERT INTO "monitoredBy" VALUES (1177, 1208);
INSERT INTO "requires" VALUES (1027, 1208);
INSERT INTO "TrackElement" ("id") VALUES (1209);
INSERT INTO "Segment" ("id", "length") VALUES (1209, 872);
UPDATE "TrackElement" SET "region" = 1028 WHERE "id" = 1209;
INSERT INTO "monitoredBy" VALUES (1209, 1208);
INSERT INTO "TrackElement" ("id") VALUES (1210);
INSERT INTO "Segment" ("id", "length") VALUES (1210, 711);
UPDATE "TrackElement" SET "region" = 1028 WHERE "id" = 1210;
INSERT INTO "monitoredBy" VALUES (1210, 1208);
INSERT INTO "TrackElement" ("id") VALUES (1211);
INSERT INTO "Segment" ("id", "length") VALUES (1211, 903);
UPDATE "TrackElement" SET "region" = 1028 WHERE "id" = 1211;
INSERT INTO "monitoredBy" VALUES (1211, 1208);
INSERT INTO "TrackElement" ("id") VALUES (1212);
INSERT INTO "Segment" ("id", "length") VALUES (1212, 86);
UPDATE "TrackElement" SET "region" = 1028 WHERE "id" = 1212;
INSERT INTO "monitoredBy" VALUES (1212, 1208);
INSERT INTO "TrackElement" ("id") VALUES (1213);
INSERT INTO "Segment" ("id", "length") VALUES (1213, 694);
UPDATE "TrackElement" SET "region" = 1028 WHERE "id" = 1213;
INSERT INTO "monitoredBy" VALUES (1213, 1208);
INSERT INTO "Sensor" ("id") VALUES (1214);
UPDATE "Sensor" SET "region" = 1028 WHERE "id" = 1214;
INSERT INTO "monitoredBy" VALUES (1177, 1214);
INSERT INTO "requires" VALUES (1027, 1214);
INSERT INTO "TrackElement" ("id") VALUES (1215);
INSERT INTO "Segment" ("id", "length") VALUES (1215, 985);
UPDATE "TrackElement" SET "region" = 1028 WHERE "id" = 1215;
INSERT INTO "monitoredBy" VALUES (1215, 1214);
INSERT INTO "TrackElement" ("id") VALUES (1216);
INSERT INTO "Segment" ("id", "length") VALUES (1216, 853);
UPDATE "TrackElement" SET "region" = 1028 WHERE "id" = 1216;
INSERT INTO "monitoredBy" VALUES (1216, 1214);
INSERT INTO "TrackElement" ("id") VALUES (1217);
INSERT INTO "Segment" ("id", "length") VALUES (1217, 654);
UPDATE "TrackElement" SET "region" = 1028 WHERE "id" = 1217;
INSERT INTO "monitoredBy" VALUES (1217, 1214);
INSERT INTO "TrackElement" ("id") VALUES (1218);
INSERT INTO "Segment" ("id", "length") VALUES (1218, 819);
UPDATE "TrackElement" SET "region" = 1028 WHERE "id" = 1218;
INSERT INTO "monitoredBy" VALUES (1218, 1214);
INSERT INTO "TrackElement" ("id") VALUES (1219);
INSERT INTO "Segment" ("id", "length") VALUES (1219, 874);
UPDATE "TrackElement" SET "region" = 1028 WHERE "id" = 1219;
INSERT INTO "monitoredBy" VALUES (1219, 1214);
INSERT INTO "Sensor" ("id") VALUES (1220);
UPDATE "Sensor" SET "region" = 1028 WHERE "id" = 1220;
INSERT INTO "monitoredBy" VALUES (1177, 1220);
INSERT INTO "requires" VALUES (1027, 1220);
INSERT INTO "TrackElement" ("id") VALUES (1221);
INSERT INTO "Segment" ("id", "length") VALUES (1221, 730);
UPDATE "TrackElement" SET "region" = 1028 WHERE "id" = 1221;
INSERT INTO "monitoredBy" VALUES (1221, 1220);
INSERT INTO "TrackElement" ("id") VALUES (1222);
INSERT INTO "Segment" ("id", "length") VALUES (1222, 777);
UPDATE "TrackElement" SET "region" = 1028 WHERE "id" = 1222;
INSERT INTO "monitoredBy" VALUES (1222, 1220);
INSERT INTO "TrackElement" ("id") VALUES (1223);
INSERT INTO "Segment" ("id", "length") VALUES (1223, 556);
UPDATE "TrackElement" SET "region" = 1028 WHERE "id" = 1223;
INSERT INTO "monitoredBy" VALUES (1223, 1220);
INSERT INTO "TrackElement" ("id") VALUES (1224);
INSERT INTO "Segment" ("id", "length") VALUES (1224, 972);
UPDATE "TrackElement" SET "region" = 1028 WHERE "id" = 1224;
INSERT INTO "monitoredBy" VALUES (1224, 1220);
INSERT INTO "TrackElement" ("id") VALUES (1225);
INSERT INTO "Segment" ("id", "length") VALUES (1225, 142);
UPDATE "TrackElement" SET "region" = 1028 WHERE "id" = 1225;
INSERT INTO "monitoredBy" VALUES (1225, 1220);
INSERT INTO "Sensor" ("id") VALUES (1226);
UPDATE "Sensor" SET "region" = 1028 WHERE "id" = 1226;
INSERT INTO "monitoredBy" VALUES (1177, 1226);
INSERT INTO "requires" VALUES (1027, 1226);
INSERT INTO "TrackElement" ("id") VALUES (1227);
INSERT INTO "Segment" ("id", "length") VALUES (1227, 812);
UPDATE "TrackElement" SET "region" = 1028 WHERE "id" = 1227;
INSERT INTO "monitoredBy" VALUES (1227, 1226);
INSERT INTO "TrackElement" ("id") VALUES (1228);
INSERT INTO "Segment" ("id", "length") VALUES (1228, 495);
UPDATE "TrackElement" SET "region" = 1028 WHERE "id" = 1228;
INSERT INTO "monitoredBy" VALUES (1228, 1226);
INSERT INTO "TrackElement" ("id") VALUES (1229);
INSERT INTO "Segment" ("id", "length") VALUES (1229, 381);
UPDATE "TrackElement" SET "region" = 1028 WHERE "id" = 1229;
INSERT INTO "monitoredBy" VALUES (1229, 1226);
INSERT INTO "TrackElement" ("id") VALUES (1230);
INSERT INTO "Segment" ("id", "length") VALUES (1230, 403);
UPDATE "TrackElement" SET "region" = 1028 WHERE "id" = 1230;
INSERT INTO "monitoredBy" VALUES (1230, 1226);
INSERT INTO "TrackElement" ("id") VALUES (1231);
INSERT INTO "Segment" ("id", "length") VALUES (1231, 576);
UPDATE "TrackElement" SET "region" = 1028 WHERE "id" = 1231;
INSERT INTO "monitoredBy" VALUES (1231, 1226);
INSERT INTO "SwitchPosition" ("id", "position", "target") VALUES (1232, 0, 1177);
UPDATE "SwitchPosition" SET "route" = 1027 WHERE "id" = 1232;
INSERT INTO "TrackElement" ("id") VALUES (1233);
INSERT INTO "Switch" ("id", "currentPosition") VALUES (1233, 0);
UPDATE "TrackElement" SET "region" = 1028 WHERE "id" = 1233;
INSERT INTO "Sensor" ("id") VALUES (1234);
UPDATE "Sensor" SET "region" = 1028 WHERE "id" = 1234;
INSERT INTO "monitoredBy" VALUES (1233, 1234);
INSERT INTO "requires" VALUES (1027, 1234);
INSERT INTO "TrackElement" ("id") VALUES (1235);
INSERT INTO "Segment" ("id", "length") VALUES (1235, 688);
UPDATE "TrackElement" SET "region" = 1028 WHERE "id" = 1235;
INSERT INTO "monitoredBy" VALUES (1235, 1234);
INSERT INTO "TrackElement" ("id") VALUES (1236);
INSERT INTO "Segment" ("id", "length") VALUES (1236, 407);
UPDATE "TrackElement" SET "region" = 1028 WHERE "id" = 1236;
INSERT INTO "monitoredBy" VALUES (1236, 1234);
INSERT INTO "TrackElement" ("id") VALUES (1237);
INSERT INTO "Segment" ("id", "length") VALUES (1237, 865);
UPDATE "TrackElement" SET "region" = 1028 WHERE "id" = 1237;
INSERT INTO "monitoredBy" VALUES (1237, 1234);
INSERT INTO "TrackElement" ("id") VALUES (1238);
INSERT INTO "Segment" ("id", "length") VALUES (1238, 401);
UPDATE "TrackElement" SET "region" = 1028 WHERE "id" = 1238;
INSERT INTO "monitoredBy" VALUES (1238, 1234);
INSERT INTO "TrackElement" ("id") VALUES (1239);
INSERT INTO "Segment" ("id", "length") VALUES (1239, 144);
UPDATE "TrackElement" SET "region" = 1028 WHERE "id" = 1239;
INSERT INTO "monitoredBy" VALUES (1239, 1234);
INSERT INTO "Sensor" ("id") VALUES (1240);
UPDATE "Sensor" SET "region" = 1028 WHERE "id" = 1240;
INSERT INTO "monitoredBy" VALUES (1233, 1240);
INSERT INTO "requires" VALUES (1027, 1240);
INSERT INTO "TrackElement" ("id") VALUES (1241);
INSERT INTO "Segment" ("id", "length") VALUES (1241, 931);
UPDATE "TrackElement" SET "region" = 1028 WHERE "id" = 1241;
INSERT INTO "monitoredBy" VALUES (1241, 1240);
INSERT INTO "TrackElement" ("id") VALUES (1242);
INSERT INTO "Segment" ("id", "length") VALUES (1242, 163);
UPDATE "TrackElement" SET "region" = 1028 WHERE "id" = 1242;
INSERT INTO "monitoredBy" VALUES (1242, 1240);
INSERT INTO "TrackElement" ("id") VALUES (1243);
INSERT INTO "Segment" ("id", "length") VALUES (1243, 417);
UPDATE "TrackElement" SET "region" = 1028 WHERE "id" = 1243;
INSERT INTO "monitoredBy" VALUES (1243, 1240);
INSERT INTO "TrackElement" ("id") VALUES (1244);
INSERT INTO "Segment" ("id", "length") VALUES (1244, 634);
UPDATE "TrackElement" SET "region" = 1028 WHERE "id" = 1244;
INSERT INTO "monitoredBy" VALUES (1244, 1240);
INSERT INTO "TrackElement" ("id") VALUES (1245);
INSERT INTO "Segment" ("id", "length") VALUES (1245, 561);
UPDATE "TrackElement" SET "region" = 1028 WHERE "id" = 1245;
INSERT INTO "monitoredBy" VALUES (1245, 1240);
INSERT INTO "Sensor" ("id") VALUES (1246);
UPDATE "Sensor" SET "region" = 1028 WHERE "id" = 1246;
INSERT INTO "monitoredBy" VALUES (1233, 1246);
INSERT INTO "requires" VALUES (1027, 1246);
INSERT INTO "TrackElement" ("id") VALUES (1247);
INSERT INTO "Segment" ("id", "length") VALUES (1247, 760);
UPDATE "TrackElement" SET "region" = 1028 WHERE "id" = 1247;
INSERT INTO "monitoredBy" VALUES (1247, 1246);
INSERT INTO "TrackElement" ("id") VALUES (1248);
INSERT INTO "Segment" ("id", "length") VALUES (1248, 547);
UPDATE "TrackElement" SET "region" = 1028 WHERE "id" = 1248;
INSERT INTO "monitoredBy" VALUES (1248, 1246);
INSERT INTO "TrackElement" ("id") VALUES (1249);
INSERT INTO "Segment" ("id", "length") VALUES (1249, 209);
UPDATE "TrackElement" SET "region" = 1028 WHERE "id" = 1249;
INSERT INTO "monitoredBy" VALUES (1249, 1246);
INSERT INTO "TrackElement" ("id") VALUES (1250);
INSERT INTO "Segment" ("id", "length") VALUES (1250, 302);
UPDATE "TrackElement" SET "region" = 1028 WHERE "id" = 1250;
INSERT INTO "monitoredBy" VALUES (1250, 1246);
INSERT INTO "TrackElement" ("id") VALUES (1251);
INSERT INTO "Segment" ("id", "length") VALUES (1251, 41);
UPDATE "TrackElement" SET "region" = 1028 WHERE "id" = 1251;
INSERT INTO "monitoredBy" VALUES (1251, 1246);
INSERT INTO "Sensor" ("id") VALUES (1252);
UPDATE "Sensor" SET "region" = 1028 WHERE "id" = 1252;
INSERT INTO "monitoredBy" VALUES (1233, 1252);
INSERT INTO "requires" VALUES (1027, 1252);
INSERT INTO "TrackElement" ("id") VALUES (1253);
INSERT INTO "Segment" ("id", "length") VALUES (1253, 471);
UPDATE "TrackElement" SET "region" = 1028 WHERE "id" = 1253;
INSERT INTO "monitoredBy" VALUES (1253, 1252);
INSERT INTO "TrackElement" ("id") VALUES (1254);
INSERT INTO "Segment" ("id", "length") VALUES (1254, 451);
UPDATE "TrackElement" SET "region" = 1028 WHERE "id" = 1254;
INSERT INTO "monitoredBy" VALUES (1254, 1252);
INSERT INTO "TrackElement" ("id") VALUES (1255);
INSERT INTO "Segment" ("id", "length") VALUES (1255, 954);
UPDATE "TrackElement" SET "region" = 1028 WHERE "id" = 1255;
INSERT INTO "monitoredBy" VALUES (1255, 1252);
INSERT INTO "TrackElement" ("id") VALUES (1256);
INSERT INTO "Segment" ("id", "length") VALUES (1256, 154);
UPDATE "TrackElement" SET "region" = 1028 WHERE "id" = 1256;
INSERT INTO "monitoredBy" VALUES (1256, 1252);
INSERT INTO "TrackElement" ("id") VALUES (1257);
INSERT INTO "Segment" ("id", "length") VALUES (1257, 300);
UPDATE "TrackElement" SET "region" = 1028 WHERE "id" = 1257;
INSERT INTO "monitoredBy" VALUES (1257, 1252);
INSERT INTO "Sensor" ("id") VALUES (1258);
UPDATE "Sensor" SET "region" = 1028 WHERE "id" = 1258;
INSERT INTO "monitoredBy" VALUES (1233, 1258);
INSERT INTO "requires" VALUES (1027, 1258);
INSERT INTO "TrackElement" ("id") VALUES (1259);
INSERT INTO "Segment" ("id", "length") VALUES (1259, 244);
UPDATE "TrackElement" SET "region" = 1028 WHERE "id" = 1259;
INSERT INTO "monitoredBy" VALUES (1259, 1258);
INSERT INTO "TrackElement" ("id") VALUES (1260);
INSERT INTO "Segment" ("id", "length") VALUES (1260, 121);
UPDATE "TrackElement" SET "region" = 1028 WHERE "id" = 1260;
INSERT INTO "monitoredBy" VALUES (1260, 1258);
INSERT INTO "TrackElement" ("id") VALUES (1261);
INSERT INTO "Segment" ("id", "length") VALUES (1261, 111);
UPDATE "TrackElement" SET "region" = 1028 WHERE "id" = 1261;
INSERT INTO "monitoredBy" VALUES (1261, 1258);
INSERT INTO "TrackElement" ("id") VALUES (1262);
INSERT INTO "Segment" ("id", "length") VALUES (1262, 931);
UPDATE "TrackElement" SET "region" = 1028 WHERE "id" = 1262;
INSERT INTO "monitoredBy" VALUES (1262, 1258);
INSERT INTO "TrackElement" ("id") VALUES (1263);
INSERT INTO "Segment" ("id", "length") VALUES (1263, 307);
UPDATE "TrackElement" SET "region" = 1028 WHERE "id" = 1263;
INSERT INTO "monitoredBy" VALUES (1263, 1258);
INSERT INTO "Sensor" ("id") VALUES (1264);
UPDATE "Sensor" SET "region" = 1028 WHERE "id" = 1264;
INSERT INTO "monitoredBy" VALUES (1233, 1264);
INSERT INTO "requires" VALUES (1027, 1264);
INSERT INTO "TrackElement" ("id") VALUES (1265);
INSERT INTO "Segment" ("id", "length") VALUES (1265, 935);
UPDATE "TrackElement" SET "region" = 1028 WHERE "id" = 1265;
INSERT INTO "monitoredBy" VALUES (1265, 1264);
INSERT INTO "TrackElement" ("id") VALUES (1266);
INSERT INTO "Segment" ("id", "length") VALUES (1266, 677);
UPDATE "TrackElement" SET "region" = 1028 WHERE "id" = 1266;
INSERT INTO "monitoredBy" VALUES (1266, 1264);
INSERT INTO "TrackElement" ("id") VALUES (1267);
INSERT INTO "Segment" ("id", "length") VALUES (1267, 940);
UPDATE "TrackElement" SET "region" = 1028 WHERE "id" = 1267;
INSERT INTO "monitoredBy" VALUES (1267, 1264);
INSERT INTO "TrackElement" ("id") VALUES (1268);
INSERT INTO "Segment" ("id", "length") VALUES (1268, 107);
UPDATE "TrackElement" SET "region" = 1028 WHERE "id" = 1268;
INSERT INTO "monitoredBy" VALUES (1268, 1264);
INSERT INTO "TrackElement" ("id") VALUES (1269);
INSERT INTO "Segment" ("id", "length") VALUES (1269, 607);
UPDATE "TrackElement" SET "region" = 1028 WHERE "id" = 1269;
INSERT INTO "monitoredBy" VALUES (1269, 1264);
INSERT INTO "Sensor" ("id") VALUES (1270);
UPDATE "Sensor" SET "region" = 1028 WHERE "id" = 1270;
INSERT INTO "monitoredBy" VALUES (1233, 1270);
INSERT INTO "requires" VALUES (1027, 1270);
INSERT INTO "TrackElement" ("id") VALUES (1271);
INSERT INTO "Segment" ("id", "length") VALUES (1271, 371);
UPDATE "TrackElement" SET "region" = 1028 WHERE "id" = 1271;
INSERT INTO "monitoredBy" VALUES (1271, 1270);
INSERT INTO "TrackElement" ("id") VALUES (1272);
INSERT INTO "Segment" ("id", "length") VALUES (1272, 526);
UPDATE "TrackElement" SET "region" = 1028 WHERE "id" = 1272;
INSERT INTO "monitoredBy" VALUES (1272, 1270);
INSERT INTO "TrackElement" ("id") VALUES (1273);
INSERT INTO "Segment" ("id", "length") VALUES (1273, 958);
UPDATE "TrackElement" SET "region" = 1028 WHERE "id" = 1273;
INSERT INTO "monitoredBy" VALUES (1273, 1270);
INSERT INTO "TrackElement" ("id") VALUES (1274);
INSERT INTO "Segment" ("id", "length") VALUES (1274, 591);
UPDATE "TrackElement" SET "region" = 1028 WHERE "id" = 1274;
INSERT INTO "monitoredBy" VALUES (1274, 1270);
INSERT INTO "TrackElement" ("id") VALUES (1275);
INSERT INTO "Segment" ("id", "length") VALUES (1275, 172);
UPDATE "TrackElement" SET "region" = 1028 WHERE "id" = 1275;
INSERT INTO "monitoredBy" VALUES (1275, 1270);
INSERT INTO "Sensor" ("id") VALUES (1276);
UPDATE "Sensor" SET "region" = 1028 WHERE "id" = 1276;
INSERT INTO "monitoredBy" VALUES (1233, 1276);
INSERT INTO "requires" VALUES (1027, 1276);
INSERT INTO "TrackElement" ("id") VALUES (1277);
INSERT INTO "Segment" ("id", "length") VALUES (1277, 695);
UPDATE "TrackElement" SET "region" = 1028 WHERE "id" = 1277;
INSERT INTO "monitoredBy" VALUES (1277, 1276);
INSERT INTO "TrackElement" ("id") VALUES (1278);
INSERT INTO "Segment" ("id", "length") VALUES (1278, 306);
UPDATE "TrackElement" SET "region" = 1028 WHERE "id" = 1278;
INSERT INTO "monitoredBy" VALUES (1278, 1276);
INSERT INTO "TrackElement" ("id") VALUES (1279);
INSERT INTO "Segment" ("id", "length") VALUES (1279, 617);
UPDATE "TrackElement" SET "region" = 1028 WHERE "id" = 1279;
INSERT INTO "monitoredBy" VALUES (1279, 1276);
INSERT INTO "TrackElement" ("id") VALUES (1280);
INSERT INTO "Segment" ("id", "length") VALUES (1280, 444);
UPDATE "TrackElement" SET "region" = 1028 WHERE "id" = 1280;
INSERT INTO "monitoredBy" VALUES (1280, 1276);
INSERT INTO "TrackElement" ("id") VALUES (1281);
INSERT INTO "Segment" ("id", "length") VALUES (1281, 170);
UPDATE "TrackElement" SET "region" = 1028 WHERE "id" = 1281;
INSERT INTO "monitoredBy" VALUES (1281, 1276);
INSERT INTO "SwitchPosition" ("id", "position", "target") VALUES (1282, 0, 1233);
UPDATE "SwitchPosition" SET "route" = 1027 WHERE "id" = 1282;
INSERT INTO "TrackElement" ("id") VALUES (1283);
INSERT INTO "Switch" ("id", "currentPosition") VALUES (1283, 2);
UPDATE "TrackElement" SET "region" = 1028 WHERE "id" = 1283;
INSERT INTO "Sensor" ("id") VALUES (1284);
UPDATE "Sensor" SET "region" = 1028 WHERE "id" = 1284;
INSERT INTO "monitoredBy" VALUES (1283, 1284);
INSERT INTO "requires" VALUES (1027, 1284);
INSERT INTO "TrackElement" ("id") VALUES (1285);
INSERT INTO "Segment" ("id", "length") VALUES (1285, 597);
UPDATE "TrackElement" SET "region" = 1028 WHERE "id" = 1285;
INSERT INTO "monitoredBy" VALUES (1285, 1284);
INSERT INTO "TrackElement" ("id") VALUES (1286);
INSERT INTO "Segment" ("id", "length") VALUES (1286, 771);
UPDATE "TrackElement" SET "region" = 1028 WHERE "id" = 1286;
INSERT INTO "monitoredBy" VALUES (1286, 1284);
INSERT INTO "TrackElement" ("id") VALUES (1287);
INSERT INTO "Segment" ("id", "length") VALUES (1287, 469);
UPDATE "TrackElement" SET "region" = 1028 WHERE "id" = 1287;
INSERT INTO "monitoredBy" VALUES (1287, 1284);
INSERT INTO "TrackElement" ("id") VALUES (1288);
INSERT INTO "Segment" ("id", "length") VALUES (1288, 971);
UPDATE "TrackElement" SET "region" = 1028 WHERE "id" = 1288;
INSERT INTO "monitoredBy" VALUES (1288, 1284);
INSERT INTO "TrackElement" ("id") VALUES (1289);
INSERT INTO "Segment" ("id", "length") VALUES (1289, 724);
UPDATE "TrackElement" SET "region" = 1028 WHERE "id" = 1289;
INSERT INTO "monitoredBy" VALUES (1289, 1284);
INSERT INTO "Sensor" ("id") VALUES (1290);
UPDATE "Sensor" SET "region" = 1028 WHERE "id" = 1290;
INSERT INTO "monitoredBy" VALUES (1283, 1290);
INSERT INTO "requires" VALUES (1027, 1290);
INSERT INTO "TrackElement" ("id") VALUES (1291);
INSERT INTO "Segment" ("id", "length") VALUES (1291, 240);
UPDATE "TrackElement" SET "region" = 1028 WHERE "id" = 1291;
INSERT INTO "monitoredBy" VALUES (1291, 1290);
INSERT INTO "TrackElement" ("id") VALUES (1292);
INSERT INTO "Segment" ("id", "length") VALUES (1292, 833);
UPDATE "TrackElement" SET "region" = 1028 WHERE "id" = 1292;
INSERT INTO "monitoredBy" VALUES (1292, 1290);
INSERT INTO "TrackElement" ("id") VALUES (1293);
INSERT INTO "Segment" ("id", "length") VALUES (1293, 273);
UPDATE "TrackElement" SET "region" = 1028 WHERE "id" = 1293;
INSERT INTO "monitoredBy" VALUES (1293, 1290);
INSERT INTO "TrackElement" ("id") VALUES (1294);
INSERT INTO "Segment" ("id", "length") VALUES (1294, 367);
UPDATE "TrackElement" SET "region" = 1028 WHERE "id" = 1294;
INSERT INTO "monitoredBy" VALUES (1294, 1290);
INSERT INTO "TrackElement" ("id") VALUES (1295);
INSERT INTO "Segment" ("id", "length") VALUES (1295, 840);
UPDATE "TrackElement" SET "region" = 1028 WHERE "id" = 1295;
INSERT INTO "monitoredBy" VALUES (1295, 1290);
INSERT INTO "Sensor" ("id") VALUES (1296);
UPDATE "Sensor" SET "region" = 1028 WHERE "id" = 1296;
INSERT INTO "monitoredBy" VALUES (1283, 1296);
INSERT INTO "requires" VALUES (1027, 1296);
INSERT INTO "TrackElement" ("id") VALUES (1297);
INSERT INTO "Segment" ("id", "length") VALUES (1297, 970);
UPDATE "TrackElement" SET "region" = 1028 WHERE "id" = 1297;
INSERT INTO "monitoredBy" VALUES (1297, 1296);
INSERT INTO "TrackElement" ("id") VALUES (1298);
INSERT INTO "Segment" ("id", "length") VALUES (1298, 101);
UPDATE "TrackElement" SET "region" = 1028 WHERE "id" = 1298;
INSERT INTO "monitoredBy" VALUES (1298, 1296);
INSERT INTO "TrackElement" ("id") VALUES (1299);
INSERT INTO "Segment" ("id", "length") VALUES (1299, 272);
UPDATE "TrackElement" SET "region" = 1028 WHERE "id" = 1299;
INSERT INTO "monitoredBy" VALUES (1299, 1296);
INSERT INTO "TrackElement" ("id") VALUES (1300);
INSERT INTO "Segment" ("id", "length") VALUES (1300, 646);
UPDATE "TrackElement" SET "region" = 1028 WHERE "id" = 1300;
INSERT INTO "monitoredBy" VALUES (1300, 1296);
INSERT INTO "TrackElement" ("id") VALUES (1301);
INSERT INTO "Segment" ("id", "length") VALUES (1301, 598);
UPDATE "TrackElement" SET "region" = 1028 WHERE "id" = 1301;
INSERT INTO "monitoredBy" VALUES (1301, 1296);
INSERT INTO "SwitchPosition" ("id", "position", "target") VALUES (1302, 2, 1283);
UPDATE "SwitchPosition" SET "route" = 1027 WHERE "id" = 1302;
INSERT INTO "TrackElement" ("id") VALUES (1303);
INSERT INTO "Switch" ("id", "currentPosition") VALUES (1303, 2);
UPDATE "TrackElement" SET "region" = 1028 WHERE "id" = 1303;
INSERT INTO "Sensor" ("id") VALUES (1304);
UPDATE "Sensor" SET "region" = 1028 WHERE "id" = 1304;
INSERT INTO "monitoredBy" VALUES (1303, 1304);
INSERT INTO "requires" VALUES (1027, 1304);
INSERT INTO "TrackElement" ("id") VALUES (1305);
INSERT INTO "Segment" ("id", "length") VALUES (1305, 202);
UPDATE "TrackElement" SET "region" = 1028 WHERE "id" = 1305;
INSERT INTO "monitoredBy" VALUES (1305, 1304);
INSERT INTO "TrackElement" ("id") VALUES (1306);
INSERT INTO "Segment" ("id", "length") VALUES (1306, 64);
UPDATE "TrackElement" SET "region" = 1028 WHERE "id" = 1306;
INSERT INTO "monitoredBy" VALUES (1306, 1304);
INSERT INTO "TrackElement" ("id") VALUES (1307);
INSERT INTO "Segment" ("id", "length") VALUES (1307, 924);
UPDATE "TrackElement" SET "region" = 1028 WHERE "id" = 1307;
INSERT INTO "monitoredBy" VALUES (1307, 1304);
INSERT INTO "TrackElement" ("id") VALUES (1308);
INSERT INTO "Segment" ("id", "length") VALUES (1308, 98);
UPDATE "TrackElement" SET "region" = 1028 WHERE "id" = 1308;
INSERT INTO "monitoredBy" VALUES (1308, 1304);
INSERT INTO "TrackElement" ("id") VALUES (1309);
INSERT INTO "Segment" ("id", "length") VALUES (1309, 904);
UPDATE "TrackElement" SET "region" = 1028 WHERE "id" = 1309;
INSERT INTO "monitoredBy" VALUES (1309, 1304);
INSERT INTO "SwitchPosition" ("id", "position", "target") VALUES (1310, 2, 1303);
UPDATE "SwitchPosition" SET "route" = 1027 WHERE "id" = 1310;
INSERT INTO "TrackElement" ("id") VALUES (1311);
INSERT INTO "Switch" ("id", "currentPosition") VALUES (1311, 1);
UPDATE "TrackElement" SET "region" = 1028 WHERE "id" = 1311;
INSERT INTO "Sensor" ("id") VALUES (1312);
UPDATE "Sensor" SET "region" = 1028 WHERE "id" = 1312;
INSERT INTO "monitoredBy" VALUES (1311, 1312);
INSERT INTO "requires" VALUES (1027, 1312);
INSERT INTO "TrackElement" ("id") VALUES (1313);
INSERT INTO "Segment" ("id", "length") VALUES (1313, 571);
UPDATE "TrackElement" SET "region" = 1028 WHERE "id" = 1313;
INSERT INTO "monitoredBy" VALUES (1313, 1312);
INSERT INTO "TrackElement" ("id") VALUES (1314);
INSERT INTO "Segment" ("id", "length") VALUES (1314, 938);
UPDATE "TrackElement" SET "region" = 1028 WHERE "id" = 1314;
INSERT INTO "monitoredBy" VALUES (1314, 1312);
INSERT INTO "TrackElement" ("id") VALUES (1315);
INSERT INTO "Segment" ("id", "length") VALUES (1315, 294);
UPDATE "TrackElement" SET "region" = 1028 WHERE "id" = 1315;
INSERT INTO "monitoredBy" VALUES (1315, 1312);
INSERT INTO "TrackElement" ("id") VALUES (1316);
INSERT INTO "Segment" ("id", "length") VALUES (1316, 254);
UPDATE "TrackElement" SET "region" = 1028 WHERE "id" = 1316;
INSERT INTO "monitoredBy" VALUES (1316, 1312);
INSERT INTO "TrackElement" ("id") VALUES (1317);
INSERT INTO "Segment" ("id", "length") VALUES (1317, 767);
UPDATE "TrackElement" SET "region" = 1028 WHERE "id" = 1317;
INSERT INTO "monitoredBy" VALUES (1317, 1312);
INSERT INTO "Sensor" ("id") VALUES (1318);
UPDATE "Sensor" SET "region" = 1028 WHERE "id" = 1318;
INSERT INTO "monitoredBy" VALUES (1311, 1318);
INSERT INTO "requires" VALUES (1027, 1318);
INSERT INTO "TrackElement" ("id") VALUES (1319);
INSERT INTO "Segment" ("id", "length") VALUES (1319, 671);
UPDATE "TrackElement" SET "region" = 1028 WHERE "id" = 1319;
INSERT INTO "monitoredBy" VALUES (1319, 1318);
INSERT INTO "TrackElement" ("id") VALUES (1320);
INSERT INTO "Segment" ("id", "length") VALUES (1320, 370);
UPDATE "TrackElement" SET "region" = 1028 WHERE "id" = 1320;
INSERT INTO "monitoredBy" VALUES (1320, 1318);
INSERT INTO "TrackElement" ("id") VALUES (1321);
INSERT INTO "Segment" ("id", "length") VALUES (1321, 406);
UPDATE "TrackElement" SET "region" = 1028 WHERE "id" = 1321;
INSERT INTO "monitoredBy" VALUES (1321, 1318);
INSERT INTO "TrackElement" ("id") VALUES (1322);
INSERT INTO "Segment" ("id", "length") VALUES (1322, 971);
UPDATE "TrackElement" SET "region" = 1028 WHERE "id" = 1322;
INSERT INTO "monitoredBy" VALUES (1322, 1318);
INSERT INTO "TrackElement" ("id") VALUES (1323);
INSERT INTO "Segment" ("id", "length") VALUES (1323, 202);
UPDATE "TrackElement" SET "region" = 1028 WHERE "id" = 1323;
INSERT INTO "monitoredBy" VALUES (1323, 1318);
INSERT INTO "Sensor" ("id") VALUES (1324);
UPDATE "Sensor" SET "region" = 1028 WHERE "id" = 1324;
INSERT INTO "monitoredBy" VALUES (1311, 1324);
INSERT INTO "requires" VALUES (1027, 1324);
INSERT INTO "TrackElement" ("id") VALUES (1325);
INSERT INTO "Segment" ("id", "length") VALUES (1325, 298);
UPDATE "TrackElement" SET "region" = 1028 WHERE "id" = 1325;
INSERT INTO "monitoredBy" VALUES (1325, 1324);
INSERT INTO "TrackElement" ("id") VALUES (1326);
INSERT INTO "Segment" ("id", "length") VALUES (1326, 361);
UPDATE "TrackElement" SET "region" = 1028 WHERE "id" = 1326;
INSERT INTO "monitoredBy" VALUES (1326, 1324);
INSERT INTO "TrackElement" ("id") VALUES (1327);
INSERT INTO "Segment" ("id", "length") VALUES (1327, 155);
UPDATE "TrackElement" SET "region" = 1028 WHERE "id" = 1327;
INSERT INTO "monitoredBy" VALUES (1327, 1324);
INSERT INTO "TrackElement" ("id") VALUES (1328);
INSERT INTO "Segment" ("id", "length") VALUES (1328, 62);
UPDATE "TrackElement" SET "region" = 1028 WHERE "id" = 1328;
INSERT INTO "monitoredBy" VALUES (1328, 1324);
INSERT INTO "TrackElement" ("id") VALUES (1329);
INSERT INTO "Segment" ("id", "length") VALUES (1329, 794);
UPDATE "TrackElement" SET "region" = 1028 WHERE "id" = 1329;
INSERT INTO "monitoredBy" VALUES (1329, 1324);
INSERT INTO "Sensor" ("id") VALUES (1330);
UPDATE "Sensor" SET "region" = 1028 WHERE "id" = 1330;
INSERT INTO "monitoredBy" VALUES (1311, 1330);
INSERT INTO "requires" VALUES (1027, 1330);
INSERT INTO "TrackElement" ("id") VALUES (1331);
INSERT INTO "Segment" ("id", "length") VALUES (1331, 95);
UPDATE "TrackElement" SET "region" = 1028 WHERE "id" = 1331;
INSERT INTO "monitoredBy" VALUES (1331, 1330);
INSERT INTO "TrackElement" ("id") VALUES (1332);
INSERT INTO "Segment" ("id", "length") VALUES (1332, 95);
UPDATE "TrackElement" SET "region" = 1028 WHERE "id" = 1332;
INSERT INTO "monitoredBy" VALUES (1332, 1330);
INSERT INTO "TrackElement" ("id") VALUES (1333);
INSERT INTO "Segment" ("id", "length") VALUES (1333, 782);
UPDATE "TrackElement" SET "region" = 1028 WHERE "id" = 1333;
INSERT INTO "monitoredBy" VALUES (1333, 1330);
INSERT INTO "TrackElement" ("id") VALUES (1334);
INSERT INTO "Segment" ("id", "length") VALUES (1334, 635);
UPDATE "TrackElement" SET "region" = 1028 WHERE "id" = 1334;
INSERT INTO "monitoredBy" VALUES (1334, 1330);
INSERT INTO "TrackElement" ("id") VALUES (1335);
INSERT INTO "Segment" ("id", "length") VALUES (1335, 725);
UPDATE "TrackElement" SET "region" = 1028 WHERE "id" = 1335;
INSERT INTO "monitoredBy" VALUES (1335, 1330);
INSERT INTO "Sensor" ("id") VALUES (1336);
UPDATE "Sensor" SET "region" = 1028 WHERE "id" = 1336;
INSERT INTO "monitoredBy" VALUES (1311, 1336);
INSERT INTO "requires" VALUES (1027, 1336);
INSERT INTO "TrackElement" ("id") VALUES (1337);
INSERT INTO "Segment" ("id", "length") VALUES (1337, 406);
UPDATE "TrackElement" SET "region" = 1028 WHERE "id" = 1337;
INSERT INTO "monitoredBy" VALUES (1337, 1336);
INSERT INTO "TrackElement" ("id") VALUES (1338);
INSERT INTO "Segment" ("id", "length") VALUES (1338, 490);
UPDATE "TrackElement" SET "region" = 1028 WHERE "id" = 1338;
INSERT INTO "monitoredBy" VALUES (1338, 1336);
INSERT INTO "TrackElement" ("id") VALUES (1339);
INSERT INTO "Segment" ("id", "length") VALUES (1339, 58);
UPDATE "TrackElement" SET "region" = 1028 WHERE "id" = 1339;
INSERT INTO "monitoredBy" VALUES (1339, 1336);
INSERT INTO "TrackElement" ("id") VALUES (1340);
INSERT INTO "Segment" ("id", "length") VALUES (1340, 918);
UPDATE "TrackElement" SET "region" = 1028 WHERE "id" = 1340;
INSERT INTO "monitoredBy" VALUES (1340, 1336);
INSERT INTO "TrackElement" ("id") VALUES (1341);
INSERT INTO "Segment" ("id", "length") VALUES (1341, 194);
UPDATE "TrackElement" SET "region" = 1028 WHERE "id" = 1341;
INSERT INTO "monitoredBy" VALUES (1341, 1336);
INSERT INTO "Sensor" ("id") VALUES (1342);
UPDATE "Sensor" SET "region" = 1028 WHERE "id" = 1342;
INSERT INTO "monitoredBy" VALUES (1311, 1342);
INSERT INTO "requires" VALUES (1027, 1342);
INSERT INTO "TrackElement" ("id") VALUES (1343);
INSERT INTO "Segment" ("id", "length") VALUES (1343, 280);
UPDATE "TrackElement" SET "region" = 1028 WHERE "id" = 1343;
INSERT INTO "monitoredBy" VALUES (1343, 1342);
INSERT INTO "TrackElement" ("id") VALUES (1344);
INSERT INTO "Segment" ("id", "length") VALUES (1344, 535);
UPDATE "TrackElement" SET "region" = 1028 WHERE "id" = 1344;
INSERT INTO "monitoredBy" VALUES (1344, 1342);
INSERT INTO "TrackElement" ("id") VALUES (1345);
INSERT INTO "Segment" ("id", "length") VALUES (1345, 147);
UPDATE "TrackElement" SET "region" = 1028 WHERE "id" = 1345;
INSERT INTO "monitoredBy" VALUES (1345, 1342);
INSERT INTO "TrackElement" ("id") VALUES (1346);
INSERT INTO "Segment" ("id", "length") VALUES (1346, 715);
UPDATE "TrackElement" SET "region" = 1028 WHERE "id" = 1346;
INSERT INTO "monitoredBy" VALUES (1346, 1342);
INSERT INTO "TrackElement" ("id") VALUES (1347);
INSERT INTO "Segment" ("id", "length") VALUES (1347, 385);
UPDATE "TrackElement" SET "region" = 1028 WHERE "id" = 1347;
INSERT INTO "monitoredBy" VALUES (1347, 1342);
INSERT INTO "Sensor" ("id") VALUES (1348);
UPDATE "Sensor" SET "region" = 1028 WHERE "id" = 1348;
INSERT INTO "monitoredBy" VALUES (1311, 1348);
INSERT INTO "requires" VALUES (1027, 1348);
INSERT INTO "TrackElement" ("id") VALUES (1349);
INSERT INTO "Segment" ("id", "length") VALUES (1349, 780);
UPDATE "TrackElement" SET "region" = 1028 WHERE "id" = 1349;
INSERT INTO "monitoredBy" VALUES (1349, 1348);
INSERT INTO "TrackElement" ("id") VALUES (1350);
INSERT INTO "Segment" ("id", "length") VALUES (1350, 359);
UPDATE "TrackElement" SET "region" = 1028 WHERE "id" = 1350;
INSERT INTO "monitoredBy" VALUES (1350, 1348);
INSERT INTO "TrackElement" ("id") VALUES (1351);
INSERT INTO "Segment" ("id", "length") VALUES (1351, 374);
UPDATE "TrackElement" SET "region" = 1028 WHERE "id" = 1351;
INSERT INTO "monitoredBy" VALUES (1351, 1348);
INSERT INTO "TrackElement" ("id") VALUES (1352);
INSERT INTO "Segment" ("id", "length") VALUES (1352, 3);
UPDATE "TrackElement" SET "region" = 1028 WHERE "id" = 1352;
INSERT INTO "monitoredBy" VALUES (1352, 1348);
INSERT INTO "TrackElement" ("id") VALUES (1353);
INSERT INTO "Segment" ("id", "length") VALUES (1353, 343);
UPDATE "TrackElement" SET "region" = 1028 WHERE "id" = 1353;
INSERT INTO "monitoredBy" VALUES (1353, 1348);
INSERT INTO "Sensor" ("id") VALUES (1354);
UPDATE "Sensor" SET "region" = 1028 WHERE "id" = 1354;
INSERT INTO "monitoredBy" VALUES (1311, 1354);
INSERT INTO "requires" VALUES (1027, 1354);
INSERT INTO "TrackElement" ("id") VALUES (1355);
INSERT INTO "Segment" ("id", "length") VALUES (1355, 54);
UPDATE "TrackElement" SET "region" = 1028 WHERE "id" = 1355;
INSERT INTO "monitoredBy" VALUES (1355, 1354);
INSERT INTO "TrackElement" ("id") VALUES (1356);
INSERT INTO "Segment" ("id", "length") VALUES (1356, 943);
UPDATE "TrackElement" SET "region" = 1028 WHERE "id" = 1356;
INSERT INTO "monitoredBy" VALUES (1356, 1354);
INSERT INTO "TrackElement" ("id") VALUES (1357);
INSERT INTO "Segment" ("id", "length") VALUES (1357, 385);
UPDATE "TrackElement" SET "region" = 1028 WHERE "id" = 1357;
INSERT INTO "monitoredBy" VALUES (1357, 1354);
INSERT INTO "TrackElement" ("id") VALUES (1358);
INSERT INTO "Segment" ("id", "length") VALUES (1358, 256);
UPDATE "TrackElement" SET "region" = 1028 WHERE "id" = 1358;
INSERT INTO "monitoredBy" VALUES (1358, 1354);
INSERT INTO "TrackElement" ("id") VALUES (1359);
INSERT INTO "Segment" ("id", "length") VALUES (1359, 853);
UPDATE "TrackElement" SET "region" = 1028 WHERE "id" = 1359;
INSERT INTO "monitoredBy" VALUES (1359, 1354);
INSERT INTO "Sensor" ("id") VALUES (1360);
UPDATE "Sensor" SET "region" = 1028 WHERE "id" = 1360;
INSERT INTO "monitoredBy" VALUES (1311, 1360);
INSERT INTO "requires" VALUES (1027, 1360);
INSERT INTO "TrackElement" ("id") VALUES (1361);
INSERT INTO "Segment" ("id", "length") VALUES (1361, 733);
UPDATE "TrackElement" SET "region" = 1028 WHERE "id" = 1361;
INSERT INTO "monitoredBy" VALUES (1361, 1360);
INSERT INTO "TrackElement" ("id") VALUES (1362);
INSERT INTO "Segment" ("id", "length") VALUES (1362, 960);
UPDATE "TrackElement" SET "region" = 1028 WHERE "id" = 1362;
INSERT INTO "monitoredBy" VALUES (1362, 1360);
INSERT INTO "TrackElement" ("id") VALUES (1363);
INSERT INTO "Segment" ("id", "length") VALUES (1363, 485);
UPDATE "TrackElement" SET "region" = 1028 WHERE "id" = 1363;
INSERT INTO "monitoredBy" VALUES (1363, 1360);
INSERT INTO "TrackElement" ("id") VALUES (1364);
INSERT INTO "Segment" ("id", "length") VALUES (1364, 709);
UPDATE "TrackElement" SET "region" = 1028 WHERE "id" = 1364;
INSERT INTO "monitoredBy" VALUES (1364, 1360);
INSERT INTO "TrackElement" ("id") VALUES (1365);
INSERT INTO "Segment" ("id", "length") VALUES (1365, 640);
UPDATE "TrackElement" SET "region" = 1028 WHERE "id" = 1365;
INSERT INTO "monitoredBy" VALUES (1365, 1360);
INSERT INTO "SwitchPosition" ("id", "position", "target") VALUES (1366, 1, 1311);
UPDATE "SwitchPosition" SET "route" = 1027 WHERE "id" = 1366;
INSERT INTO "TrackElement" ("id") VALUES (1367);
INSERT INTO "Switch" ("id", "currentPosition") VALUES (1367, 2);
UPDATE "TrackElement" SET "region" = 1028 WHERE "id" = 1367;
INSERT INTO "Sensor" ("id") VALUES (1368);
UPDATE "Sensor" SET "region" = 1028 WHERE "id" = 1368;
INSERT INTO "monitoredBy" VALUES (1367, 1368);
INSERT INTO "requires" VALUES (1027, 1368);
INSERT INTO "TrackElement" ("id") VALUES (1369);
INSERT INTO "Segment" ("id", "length") VALUES (1369, 63);
UPDATE "TrackElement" SET "region" = 1028 WHERE "id" = 1369;
INSERT INTO "monitoredBy" VALUES (1369, 1368);
INSERT INTO "TrackElement" ("id") VALUES (1370);
INSERT INTO "Segment" ("id", "length") VALUES (1370, 801);
UPDATE "TrackElement" SET "region" = 1028 WHERE "id" = 1370;
INSERT INTO "monitoredBy" VALUES (1370, 1368);
INSERT INTO "TrackElement" ("id") VALUES (1371);
INSERT INTO "Segment" ("id", "length") VALUES (1371, 721);
UPDATE "TrackElement" SET "region" = 1028 WHERE "id" = 1371;
INSERT INTO "monitoredBy" VALUES (1371, 1368);
INSERT INTO "TrackElement" ("id") VALUES (1372);
INSERT INTO "Segment" ("id", "length") VALUES (1372, 487);
UPDATE "TrackElement" SET "region" = 1028 WHERE "id" = 1372;
INSERT INTO "monitoredBy" VALUES (1372, 1368);
INSERT INTO "TrackElement" ("id") VALUES (1373);
INSERT INTO "Segment" ("id", "length") VALUES (1373, 675);
UPDATE "TrackElement" SET "region" = 1028 WHERE "id" = 1373;
INSERT INTO "monitoredBy" VALUES (1373, 1368);
INSERT INTO "Sensor" ("id") VALUES (1374);
UPDATE "Sensor" SET "region" = 1028 WHERE "id" = 1374;
INSERT INTO "monitoredBy" VALUES (1367, 1374);
INSERT INTO "requires" VALUES (1027, 1374);
INSERT INTO "TrackElement" ("id") VALUES (1375);
INSERT INTO "Segment" ("id", "length") VALUES (1375, 84);
UPDATE "TrackElement" SET "region" = 1028 WHERE "id" = 1375;
INSERT INTO "monitoredBy" VALUES (1375, 1374);
INSERT INTO "TrackElement" ("id") VALUES (1376);
INSERT INTO "Segment" ("id", "length") VALUES (1376, 65);
UPDATE "TrackElement" SET "region" = 1028 WHERE "id" = 1376;
INSERT INTO "monitoredBy" VALUES (1376, 1374);
INSERT INTO "TrackElement" ("id") VALUES (1377);
INSERT INTO "Segment" ("id", "length") VALUES (1377, 825);
UPDATE "TrackElement" SET "region" = 1028 WHERE "id" = 1377;
INSERT INTO "monitoredBy" VALUES (1377, 1374);
INSERT INTO "TrackElement" ("id") VALUES (1378);
INSERT INTO "Segment" ("id", "length") VALUES (1378, 351);
UPDATE "TrackElement" SET "region" = 1028 WHERE "id" = 1378;
INSERT INTO "monitoredBy" VALUES (1378, 1374);
INSERT INTO "TrackElement" ("id") VALUES (1379);
INSERT INTO "Segment" ("id", "length") VALUES (1379, 248);
UPDATE "TrackElement" SET "region" = 1028 WHERE "id" = 1379;
INSERT INTO "monitoredBy" VALUES (1379, 1374);
INSERT INTO "Sensor" ("id") VALUES (1380);
UPDATE "Sensor" SET "region" = 1028 WHERE "id" = 1380;
INSERT INTO "monitoredBy" VALUES (1367, 1380);
INSERT INTO "requires" VALUES (1027, 1380);
INSERT INTO "TrackElement" ("id") VALUES (1381);
INSERT INTO "Segment" ("id", "length") VALUES (1381, 186);
UPDATE "TrackElement" SET "region" = 1028 WHERE "id" = 1381;
INSERT INTO "monitoredBy" VALUES (1381, 1380);
INSERT INTO "TrackElement" ("id") VALUES (1382);
INSERT INTO "Segment" ("id", "length") VALUES (1382, 818);
UPDATE "TrackElement" SET "region" = 1028 WHERE "id" = 1382;
INSERT INTO "monitoredBy" VALUES (1382, 1380);
INSERT INTO "TrackElement" ("id") VALUES (1383);
INSERT INTO "Segment" ("id", "length") VALUES (1383, 84);
UPDATE "TrackElement" SET "region" = 1028 WHERE "id" = 1383;
INSERT INTO "monitoredBy" VALUES (1383, 1380);
INSERT INTO "TrackElement" ("id") VALUES (1384);
INSERT INTO "Segment" ("id", "length") VALUES (1384, 996);
UPDATE "TrackElement" SET "region" = 1028 WHERE "id" = 1384;
INSERT INTO "monitoredBy" VALUES (1384, 1380);
INSERT INTO "TrackElement" ("id") VALUES (1385);
INSERT INTO "Segment" ("id", "length") VALUES (1385, 999);
UPDATE "TrackElement" SET "region" = 1028 WHERE "id" = 1385;
INSERT INTO "monitoredBy" VALUES (1385, 1380);
INSERT INTO "Sensor" ("id") VALUES (1386);
UPDATE "Sensor" SET "region" = 1028 WHERE "id" = 1386;
INSERT INTO "monitoredBy" VALUES (1367, 1386);
INSERT INTO "requires" VALUES (1027, 1386);
INSERT INTO "TrackElement" ("id") VALUES (1387);
INSERT INTO "Segment" ("id", "length") VALUES (1387, 846);
UPDATE "TrackElement" SET "region" = 1028 WHERE "id" = 1387;
INSERT INTO "monitoredBy" VALUES (1387, 1386);
INSERT INTO "TrackElement" ("id") VALUES (1388);
INSERT INTO "Segment" ("id", "length") VALUES (1388, 701);
UPDATE "TrackElement" SET "region" = 1028 WHERE "id" = 1388;
INSERT INTO "monitoredBy" VALUES (1388, 1386);
INSERT INTO "TrackElement" ("id") VALUES (1389);
INSERT INTO "Segment" ("id", "length") VALUES (1389, 104);
UPDATE "TrackElement" SET "region" = 1028 WHERE "id" = 1389;
INSERT INTO "monitoredBy" VALUES (1389, 1386);
INSERT INTO "TrackElement" ("id") VALUES (1390);
INSERT INTO "Segment" ("id", "length") VALUES (1390, 89);
UPDATE "TrackElement" SET "region" = 1028 WHERE "id" = 1390;
INSERT INTO "monitoredBy" VALUES (1390, 1386);
INSERT INTO "TrackElement" ("id") VALUES (1391);
INSERT INTO "Segment" ("id", "length") VALUES (1391, 804);
UPDATE "TrackElement" SET "region" = 1028 WHERE "id" = 1391;
INSERT INTO "monitoredBy" VALUES (1391, 1386);
INSERT INTO "SwitchPosition" ("id", "position", "target") VALUES (1392, 2, 1367);
UPDATE "SwitchPosition" SET "route" = 1027 WHERE "id" = 1392;
INSERT INTO "TrackElement" ("id") VALUES (1393);
INSERT INTO "Switch" ("id", "currentPosition") VALUES (1393, 1);
UPDATE "TrackElement" SET "region" = 1028 WHERE "id" = 1393;
INSERT INTO "Sensor" ("id") VALUES (1394);
UPDATE "Sensor" SET "region" = 1028 WHERE "id" = 1394;
INSERT INTO "monitoredBy" VALUES (1393, 1394);
INSERT INTO "requires" VALUES (1027, 1394);
INSERT INTO "TrackElement" ("id") VALUES (1395);
INSERT INTO "Segment" ("id", "length") VALUES (1395, 297);
UPDATE "TrackElement" SET "region" = 1028 WHERE "id" = 1395;
INSERT INTO "monitoredBy" VALUES (1395, 1394);
INSERT INTO "TrackElement" ("id") VALUES (1396);
INSERT INTO "Segment" ("id", "length") VALUES (1396, 962);
UPDATE "TrackElement" SET "region" = 1028 WHERE "id" = 1396;
INSERT INTO "monitoredBy" VALUES (1396, 1394);
INSERT INTO "TrackElement" ("id") VALUES (1397);
INSERT INTO "Segment" ("id", "length") VALUES (1397, 341);
UPDATE "TrackElement" SET "region" = 1028 WHERE "id" = 1397;
INSERT INTO "monitoredBy" VALUES (1397, 1394);
INSERT INTO "TrackElement" ("id") VALUES (1398);
INSERT INTO "Segment" ("id", "length") VALUES (1398, 858);
UPDATE "TrackElement" SET "region" = 1028 WHERE "id" = 1398;
INSERT INTO "monitoredBy" VALUES (1398, 1394);
INSERT INTO "TrackElement" ("id") VALUES (1399);
INSERT INTO "Segment" ("id", "length") VALUES (1399, 170);
UPDATE "TrackElement" SET "region" = 1028 WHERE "id" = 1399;
INSERT INTO "monitoredBy" VALUES (1399, 1394);
INSERT INTO "Sensor" ("id") VALUES (1400);
UPDATE "Sensor" SET "region" = 1028 WHERE "id" = 1400;
INSERT INTO "monitoredBy" VALUES (1393, 1400);
INSERT INTO "requires" VALUES (1027, 1400);
INSERT INTO "TrackElement" ("id") VALUES (1401);
INSERT INTO "Segment" ("id", "length") VALUES (1401, 734);
UPDATE "TrackElement" SET "region" = 1028 WHERE "id" = 1401;
INSERT INTO "monitoredBy" VALUES (1401, 1400);
INSERT INTO "TrackElement" ("id") VALUES (1402);
INSERT INTO "Segment" ("id", "length") VALUES (1402, 804);
UPDATE "TrackElement" SET "region" = 1028 WHERE "id" = 1402;
INSERT INTO "monitoredBy" VALUES (1402, 1400);
INSERT INTO "TrackElement" ("id") VALUES (1403);
INSERT INTO "Segment" ("id", "length") VALUES (1403, 933);
UPDATE "TrackElement" SET "region" = 1028 WHERE "id" = 1403;
INSERT INTO "monitoredBy" VALUES (1403, 1400);
INSERT INTO "TrackElement" ("id") VALUES (1404);
INSERT INTO "Segment" ("id", "length") VALUES (1404, 221);
UPDATE "TrackElement" SET "region" = 1028 WHERE "id" = 1404;
INSERT INTO "monitoredBy" VALUES (1404, 1400);
INSERT INTO "TrackElement" ("id") VALUES (1405);
INSERT INTO "Segment" ("id", "length") VALUES (1405, 985);
UPDATE "TrackElement" SET "region" = 1028 WHERE "id" = 1405;
INSERT INTO "monitoredBy" VALUES (1405, 1400);
INSERT INTO "Sensor" ("id") VALUES (1406);
UPDATE "Sensor" SET "region" = 1028 WHERE "id" = 1406;
INSERT INTO "monitoredBy" VALUES (1393, 1406);
INSERT INTO "requires" VALUES (1027, 1406);
INSERT INTO "TrackElement" ("id") VALUES (1407);
INSERT INTO "Segment" ("id", "length") VALUES (1407, 525);
UPDATE "TrackElement" SET "region" = 1028 WHERE "id" = 1407;
INSERT INTO "monitoredBy" VALUES (1407, 1406);
INSERT INTO "TrackElement" ("id") VALUES (1408);
INSERT INTO "Segment" ("id", "length") VALUES (1408, 204);
UPDATE "TrackElement" SET "region" = 1028 WHERE "id" = 1408;
INSERT INTO "monitoredBy" VALUES (1408, 1406);
INSERT INTO "TrackElement" ("id") VALUES (1409);
INSERT INTO "Segment" ("id", "length") VALUES (1409, 459);
UPDATE "TrackElement" SET "region" = 1028 WHERE "id" = 1409;
INSERT INTO "monitoredBy" VALUES (1409, 1406);
INSERT INTO "TrackElement" ("id") VALUES (1410);
INSERT INTO "Segment" ("id", "length") VALUES (1410, 93);
UPDATE "TrackElement" SET "region" = 1028 WHERE "id" = 1410;
INSERT INTO "monitoredBy" VALUES (1410, 1406);
INSERT INTO "TrackElement" ("id") VALUES (1411);
INSERT INTO "Segment" ("id", "length") VALUES (1411, 110);
UPDATE "TrackElement" SET "region" = 1028 WHERE "id" = 1411;
INSERT INTO "monitoredBy" VALUES (1411, 1406);
INSERT INTO "Sensor" ("id") VALUES (1412);
UPDATE "Sensor" SET "region" = 1028 WHERE "id" = 1412;
INSERT INTO "monitoredBy" VALUES (1393, 1412);
INSERT INTO "requires" VALUES (1027, 1412);
INSERT INTO "TrackElement" ("id") VALUES (1413);
INSERT INTO "Segment" ("id", "length") VALUES (1413, 8);
UPDATE "TrackElement" SET "region" = 1028 WHERE "id" = 1413;
INSERT INTO "monitoredBy" VALUES (1413, 1412);
INSERT INTO "TrackElement" ("id") VALUES (1414);
INSERT INTO "Segment" ("id", "length") VALUES (1414, 650);
UPDATE "TrackElement" SET "region" = 1028 WHERE "id" = 1414;
INSERT INTO "monitoredBy" VALUES (1414, 1412);
INSERT INTO "TrackElement" ("id") VALUES (1415);
INSERT INTO "Segment" ("id", "length") VALUES (1415, 50);
UPDATE "TrackElement" SET "region" = 1028 WHERE "id" = 1415;
INSERT INTO "monitoredBy" VALUES (1415, 1412);
INSERT INTO "TrackElement" ("id") VALUES (1416);
INSERT INTO "Segment" ("id", "length") VALUES (1416, 954);
UPDATE "TrackElement" SET "region" = 1028 WHERE "id" = 1416;
INSERT INTO "monitoredBy" VALUES (1416, 1412);
INSERT INTO "TrackElement" ("id") VALUES (1417);
INSERT INTO "Segment" ("id", "length") VALUES (1417, 353);
UPDATE "TrackElement" SET "region" = 1028 WHERE "id" = 1417;
INSERT INTO "monitoredBy" VALUES (1417, 1412);
INSERT INTO "Sensor" ("id") VALUES (1418);
UPDATE "Sensor" SET "region" = 1028 WHERE "id" = 1418;
INSERT INTO "monitoredBy" VALUES (1393, 1418);
INSERT INTO "requires" VALUES (1027, 1418);
INSERT INTO "TrackElement" ("id") VALUES (1419);
INSERT INTO "Segment" ("id", "length") VALUES (1419, 949);
UPDATE "TrackElement" SET "region" = 1028 WHERE "id" = 1419;
INSERT INTO "monitoredBy" VALUES (1419, 1418);
INSERT INTO "TrackElement" ("id") VALUES (1420);
INSERT INTO "Segment" ("id", "length") VALUES (1420, 65);
UPDATE "TrackElement" SET "region" = 1028 WHERE "id" = 1420;
INSERT INTO "monitoredBy" VALUES (1420, 1418);
INSERT INTO "TrackElement" ("id") VALUES (1421);
INSERT INTO "Segment" ("id", "length") VALUES (1421, 708);
UPDATE "TrackElement" SET "region" = 1028 WHERE "id" = 1421;
INSERT INTO "monitoredBy" VALUES (1421, 1418);
INSERT INTO "TrackElement" ("id") VALUES (1422);
INSERT INTO "Segment" ("id", "length") VALUES (1422, 731);
UPDATE "TrackElement" SET "region" = 1028 WHERE "id" = 1422;
INSERT INTO "monitoredBy" VALUES (1422, 1418);
INSERT INTO "TrackElement" ("id") VALUES (1423);
INSERT INTO "Segment" ("id", "length") VALUES (1423, 563);
UPDATE "TrackElement" SET "region" = 1028 WHERE "id" = 1423;
INSERT INTO "monitoredBy" VALUES (1423, 1418);
INSERT INTO "Sensor" ("id") VALUES (1424);
UPDATE "Sensor" SET "region" = 1028 WHERE "id" = 1424;
INSERT INTO "monitoredBy" VALUES (1393, 1424);
INSERT INTO "requires" VALUES (1027, 1424);
INSERT INTO "TrackElement" ("id") VALUES (1425);
INSERT INTO "Segment" ("id", "length") VALUES (1425, 907);
UPDATE "TrackElement" SET "region" = 1028 WHERE "id" = 1425;
INSERT INTO "monitoredBy" VALUES (1425, 1424);
INSERT INTO "TrackElement" ("id") VALUES (1426);
INSERT INTO "Segment" ("id", "length") VALUES (1426, 823);
UPDATE "TrackElement" SET "region" = 1028 WHERE "id" = 1426;
INSERT INTO "monitoredBy" VALUES (1426, 1424);
INSERT INTO "TrackElement" ("id") VALUES (1427);
INSERT INTO "Segment" ("id", "length") VALUES (1427, 9);
UPDATE "TrackElement" SET "region" = 1028 WHERE "id" = 1427;
INSERT INTO "monitoredBy" VALUES (1427, 1424);
INSERT INTO "TrackElement" ("id") VALUES (1428);
INSERT INTO "Segment" ("id", "length") VALUES (1428, 368);
UPDATE "TrackElement" SET "region" = 1028 WHERE "id" = 1428;
INSERT INTO "monitoredBy" VALUES (1428, 1424);
INSERT INTO "TrackElement" ("id") VALUES (1429);
INSERT INTO "Segment" ("id", "length") VALUES (1429, 922);
UPDATE "TrackElement" SET "region" = 1028 WHERE "id" = 1429;
INSERT INTO "monitoredBy" VALUES (1429, 1424);
INSERT INTO "Sensor" ("id") VALUES (1430);
UPDATE "Sensor" SET "region" = 1028 WHERE "id" = 1430;
INSERT INTO "monitoredBy" VALUES (1393, 1430);
INSERT INTO "requires" VALUES (1027, 1430);
INSERT INTO "TrackElement" ("id") VALUES (1431);
INSERT INTO "Segment" ("id", "length") VALUES (1431, 264);
UPDATE "TrackElement" SET "region" = 1028 WHERE "id" = 1431;
INSERT INTO "monitoredBy" VALUES (1431, 1430);
INSERT INTO "TrackElement" ("id") VALUES (1432);
INSERT INTO "Segment" ("id", "length") VALUES (1432, 131);
UPDATE "TrackElement" SET "region" = 1028 WHERE "id" = 1432;
INSERT INTO "monitoredBy" VALUES (1432, 1430);
INSERT INTO "TrackElement" ("id") VALUES (1433);
INSERT INTO "Segment" ("id", "length") VALUES (1433, 9);
UPDATE "TrackElement" SET "region" = 1028 WHERE "id" = 1433;
INSERT INTO "monitoredBy" VALUES (1433, 1430);
INSERT INTO "TrackElement" ("id") VALUES (1434);
INSERT INTO "Segment" ("id", "length") VALUES (1434, 211);
UPDATE "TrackElement" SET "region" = 1028 WHERE "id" = 1434;
INSERT INTO "monitoredBy" VALUES (1434, 1430);
INSERT INTO "TrackElement" ("id") VALUES (1435);
INSERT INTO "Segment" ("id", "length") VALUES (1435, 348);
UPDATE "TrackElement" SET "region" = 1028 WHERE "id" = 1435;
INSERT INTO "monitoredBy" VALUES (1435, 1430);
INSERT INTO "SwitchPosition" ("id", "position", "target") VALUES (1436, 1, 1393);
UPDATE "SwitchPosition" SET "route" = 1027 WHERE "id" = 1436;
INSERT INTO "TrackElement" ("id") VALUES (1437);
INSERT INTO "Switch" ("id", "currentPosition") VALUES (1437, 1);
UPDATE "TrackElement" SET "region" = 1028 WHERE "id" = 1437;
INSERT INTO "Sensor" ("id") VALUES (1438);
UPDATE "Sensor" SET "region" = 1028 WHERE "id" = 1438;
INSERT INTO "monitoredBy" VALUES (1437, 1438);
INSERT INTO "requires" VALUES (1027, 1438);
INSERT INTO "TrackElement" ("id") VALUES (1439);
INSERT INTO "Segment" ("id", "length") VALUES (1439, 236);
UPDATE "TrackElement" SET "region" = 1028 WHERE "id" = 1439;
INSERT INTO "monitoredBy" VALUES (1439, 1438);
INSERT INTO "TrackElement" ("id") VALUES (1440);
INSERT INTO "Segment" ("id", "length") VALUES (1440, 706);
UPDATE "TrackElement" SET "region" = 1028 WHERE "id" = 1440;
INSERT INTO "monitoredBy" VALUES (1440, 1438);
INSERT INTO "TrackElement" ("id") VALUES (1441);
INSERT INTO "Segment" ("id", "length") VALUES (1441, 344);
UPDATE "TrackElement" SET "region" = 1028 WHERE "id" = 1441;
INSERT INTO "monitoredBy" VALUES (1441, 1438);
INSERT INTO "TrackElement" ("id") VALUES (1442);
INSERT INTO "Segment" ("id", "length") VALUES (1442, 550);
UPDATE "TrackElement" SET "region" = 1028 WHERE "id" = 1442;
INSERT INTO "monitoredBy" VALUES (1442, 1438);
INSERT INTO "TrackElement" ("id") VALUES (1443);
INSERT INTO "Segment" ("id", "length") VALUES (1443, 231);
UPDATE "TrackElement" SET "region" = 1028 WHERE "id" = 1443;
INSERT INTO "monitoredBy" VALUES (1443, 1438);
INSERT INTO "Sensor" ("id") VALUES (1444);
UPDATE "Sensor" SET "region" = 1028 WHERE "id" = 1444;
INSERT INTO "monitoredBy" VALUES (1437, 1444);
INSERT INTO "requires" VALUES (1027, 1444);
INSERT INTO "TrackElement" ("id") VALUES (1445);
INSERT INTO "Segment" ("id", "length") VALUES (1445, 436);
UPDATE "TrackElement" SET "region" = 1028 WHERE "id" = 1445;
INSERT INTO "monitoredBy" VALUES (1445, 1444);
INSERT INTO "TrackElement" ("id") VALUES (1446);
INSERT INTO "Segment" ("id", "length") VALUES (1446, 953);
UPDATE "TrackElement" SET "region" = 1028 WHERE "id" = 1446;
INSERT INTO "monitoredBy" VALUES (1446, 1444);
INSERT INTO "TrackElement" ("id") VALUES (1447);
INSERT INTO "Segment" ("id", "length") VALUES (1447, 226);
UPDATE "TrackElement" SET "region" = 1028 WHERE "id" = 1447;
INSERT INTO "monitoredBy" VALUES (1447, 1444);
INSERT INTO "TrackElement" ("id") VALUES (1448);
INSERT INTO "Segment" ("id", "length") VALUES (1448, 928);
UPDATE "TrackElement" SET "region" = 1028 WHERE "id" = 1448;
INSERT INTO "monitoredBy" VALUES (1448, 1444);
INSERT INTO "TrackElement" ("id") VALUES (1449);
INSERT INTO "Segment" ("id", "length") VALUES (1449, 778);
UPDATE "TrackElement" SET "region" = 1028 WHERE "id" = 1449;
INSERT INTO "monitoredBy" VALUES (1449, 1444);
INSERT INTO "Sensor" ("id") VALUES (1450);
UPDATE "Sensor" SET "region" = 1028 WHERE "id" = 1450;
INSERT INTO "monitoredBy" VALUES (1437, 1450);
INSERT INTO "requires" VALUES (1027, 1450);
INSERT INTO "TrackElement" ("id") VALUES (1451);
INSERT INTO "Segment" ("id", "length") VALUES (1451, 655);
UPDATE "TrackElement" SET "region" = 1028 WHERE "id" = 1451;
INSERT INTO "monitoredBy" VALUES (1451, 1450);
INSERT INTO "TrackElement" ("id") VALUES (1452);
INSERT INTO "Segment" ("id", "length") VALUES (1452, 366);
UPDATE "TrackElement" SET "region" = 1028 WHERE "id" = 1452;
INSERT INTO "monitoredBy" VALUES (1452, 1450);
INSERT INTO "TrackElement" ("id") VALUES (1453);
INSERT INTO "Segment" ("id", "length") VALUES (1453, 304);
UPDATE "TrackElement" SET "region" = 1028 WHERE "id" = 1453;
INSERT INTO "monitoredBy" VALUES (1453, 1450);
INSERT INTO "TrackElement" ("id") VALUES (1454);
INSERT INTO "Segment" ("id", "length") VALUES (1454, 45);
UPDATE "TrackElement" SET "region" = 1028 WHERE "id" = 1454;
INSERT INTO "monitoredBy" VALUES (1454, 1450);
INSERT INTO "TrackElement" ("id") VALUES (1455);
INSERT INTO "Segment" ("id", "length") VALUES (1455, 596);
UPDATE "TrackElement" SET "region" = 1028 WHERE "id" = 1455;
INSERT INTO "monitoredBy" VALUES (1455, 1450);
INSERT INTO "Sensor" ("id") VALUES (1456);
UPDATE "Sensor" SET "region" = 1028 WHERE "id" = 1456;
INSERT INTO "monitoredBy" VALUES (1437, 1456);
INSERT INTO "requires" VALUES (1027, 1456);
INSERT INTO "TrackElement" ("id") VALUES (1457);
INSERT INTO "Segment" ("id", "length") VALUES (1457, 879);
UPDATE "TrackElement" SET "region" = 1028 WHERE "id" = 1457;
INSERT INTO "monitoredBy" VALUES (1457, 1456);
INSERT INTO "TrackElement" ("id") VALUES (1458);
INSERT INTO "Segment" ("id", "length") VALUES (1458, 89);
UPDATE "TrackElement" SET "region" = 1028 WHERE "id" = 1458;
INSERT INTO "monitoredBy" VALUES (1458, 1456);
INSERT INTO "TrackElement" ("id") VALUES (1459);
INSERT INTO "Segment" ("id", "length") VALUES (1459, 768);
UPDATE "TrackElement" SET "region" = 1028 WHERE "id" = 1459;
INSERT INTO "monitoredBy" VALUES (1459, 1456);
INSERT INTO "TrackElement" ("id") VALUES (1460);
INSERT INTO "Segment" ("id", "length") VALUES (1460, 521);
UPDATE "TrackElement" SET "region" = 1028 WHERE "id" = 1460;
INSERT INTO "monitoredBy" VALUES (1460, 1456);
INSERT INTO "TrackElement" ("id") VALUES (1461);
INSERT INTO "Segment" ("id", "length") VALUES (1461, 981);
UPDATE "TrackElement" SET "region" = 1028 WHERE "id" = 1461;
INSERT INTO "monitoredBy" VALUES (1461, 1456);
INSERT INTO "Sensor" ("id") VALUES (1462);
UPDATE "Sensor" SET "region" = 1028 WHERE "id" = 1462;
INSERT INTO "monitoredBy" VALUES (1437, 1462);
INSERT INTO "requires" VALUES (1027, 1462);
INSERT INTO "TrackElement" ("id") VALUES (1463);
INSERT INTO "Segment" ("id", "length") VALUES (1463, 456);
UPDATE "TrackElement" SET "region" = 1028 WHERE "id" = 1463;
INSERT INTO "monitoredBy" VALUES (1463, 1462);
INSERT INTO "TrackElement" ("id") VALUES (1464);
INSERT INTO "Segment" ("id", "length") VALUES (1464, 979);
UPDATE "TrackElement" SET "region" = 1028 WHERE "id" = 1464;
INSERT INTO "monitoredBy" VALUES (1464, 1462);
INSERT INTO "TrackElement" ("id") VALUES (1465);
INSERT INTO "Segment" ("id", "length") VALUES (1465, 636);
UPDATE "TrackElement" SET "region" = 1028 WHERE "id" = 1465;
INSERT INTO "monitoredBy" VALUES (1465, 1462);
INSERT INTO "TrackElement" ("id") VALUES (1466);
INSERT INTO "Segment" ("id", "length") VALUES (1466, 218);
UPDATE "TrackElement" SET "region" = 1028 WHERE "id" = 1466;
INSERT INTO "monitoredBy" VALUES (1466, 1462);
INSERT INTO "TrackElement" ("id") VALUES (1467);
INSERT INTO "Segment" ("id", "length") VALUES (1467, 762);
UPDATE "TrackElement" SET "region" = 1028 WHERE "id" = 1467;
INSERT INTO "monitoredBy" VALUES (1467, 1462);
INSERT INTO "SwitchPosition" ("id", "position", "target") VALUES (1468, 1, 1437);
UPDATE "SwitchPosition" SET "route" = 1027 WHERE "id" = 1468;
INSERT INTO "TrackElement" ("id") VALUES (1469);
INSERT INTO "Switch" ("id", "currentPosition") VALUES (1469, 0);
UPDATE "TrackElement" SET "region" = 1028 WHERE "id" = 1469;
INSERT INTO "Sensor" ("id") VALUES (1470);
UPDATE "Sensor" SET "region" = 1028 WHERE "id" = 1470;
INSERT INTO "monitoredBy" VALUES (1469, 1470);
INSERT INTO "requires" VALUES (1027, 1470);
INSERT INTO "TrackElement" ("id") VALUES (1471);
INSERT INTO "Segment" ("id", "length") VALUES (1471, 346);
UPDATE "TrackElement" SET "region" = 1028 WHERE "id" = 1471;
INSERT INTO "monitoredBy" VALUES (1471, 1470);
INSERT INTO "TrackElement" ("id") VALUES (1472);
INSERT INTO "Segment" ("id", "length") VALUES (1472, 89);
UPDATE "TrackElement" SET "region" = 1028 WHERE "id" = 1472;
INSERT INTO "monitoredBy" VALUES (1472, 1470);
INSERT INTO "TrackElement" ("id") VALUES (1473);
INSERT INTO "Segment" ("id", "length") VALUES (1473, 301);
UPDATE "TrackElement" SET "region" = 1028 WHERE "id" = 1473;
INSERT INTO "monitoredBy" VALUES (1473, 1470);
INSERT INTO "TrackElement" ("id") VALUES (1474);
INSERT INTO "Segment" ("id", "length") VALUES (1474, 638);
UPDATE "TrackElement" SET "region" = 1028 WHERE "id" = 1474;
INSERT INTO "monitoredBy" VALUES (1474, 1470);
INSERT INTO "TrackElement" ("id") VALUES (1475);
INSERT INTO "Segment" ("id", "length") VALUES (1475, 338);
UPDATE "TrackElement" SET "region" = 1028 WHERE "id" = 1475;
INSERT INTO "monitoredBy" VALUES (1475, 1470);
INSERT INTO "Sensor" ("id") VALUES (1476);
UPDATE "Sensor" SET "region" = 1028 WHERE "id" = 1476;
INSERT INTO "monitoredBy" VALUES (1469, 1476);
INSERT INTO "requires" VALUES (1027, 1476);
INSERT INTO "TrackElement" ("id") VALUES (1477);
INSERT INTO "Segment" ("id", "length") VALUES (1477, 149);
UPDATE "TrackElement" SET "region" = 1028 WHERE "id" = 1477;
INSERT INTO "monitoredBy" VALUES (1477, 1476);
INSERT INTO "TrackElement" ("id") VALUES (1478);
INSERT INTO "Segment" ("id", "length") VALUES (1478, 33);
UPDATE "TrackElement" SET "region" = 1028 WHERE "id" = 1478;
INSERT INTO "monitoredBy" VALUES (1478, 1476);
INSERT INTO "TrackElement" ("id") VALUES (1479);
INSERT INTO "Segment" ("id", "length") VALUES (1479, 284);
UPDATE "TrackElement" SET "region" = 1028 WHERE "id" = 1479;
INSERT INTO "monitoredBy" VALUES (1479, 1476);
INSERT INTO "TrackElement" ("id") VALUES (1480);
INSERT INTO "Segment" ("id", "length") VALUES (1480, 998);
UPDATE "TrackElement" SET "region" = 1028 WHERE "id" = 1480;
INSERT INTO "monitoredBy" VALUES (1480, 1476);
INSERT INTO "TrackElement" ("id") VALUES (1481);
INSERT INTO "Segment" ("id", "length") VALUES (1481, 825);
UPDATE "TrackElement" SET "region" = 1028 WHERE "id" = 1481;
INSERT INTO "monitoredBy" VALUES (1481, 1476);
INSERT INTO "Sensor" ("id") VALUES (1482);
UPDATE "Sensor" SET "region" = 1028 WHERE "id" = 1482;
INSERT INTO "monitoredBy" VALUES (1469, 1482);
INSERT INTO "requires" VALUES (1027, 1482);
INSERT INTO "TrackElement" ("id") VALUES (1483);
INSERT INTO "Segment" ("id", "length") VALUES (1483, 579);
UPDATE "TrackElement" SET "region" = 1028 WHERE "id" = 1483;
INSERT INTO "monitoredBy" VALUES (1483, 1482);
INSERT INTO "TrackElement" ("id") VALUES (1484);
INSERT INTO "Segment" ("id", "length") VALUES (1484, 436);
UPDATE "TrackElement" SET "region" = 1028 WHERE "id" = 1484;
INSERT INTO "monitoredBy" VALUES (1484, 1482);
INSERT INTO "TrackElement" ("id") VALUES (1485);
INSERT INTO "Segment" ("id", "length") VALUES (1485, 601);
UPDATE "TrackElement" SET "region" = 1028 WHERE "id" = 1485;
INSERT INTO "monitoredBy" VALUES (1485, 1482);
INSERT INTO "TrackElement" ("id") VALUES (1486);
INSERT INTO "Segment" ("id", "length") VALUES (1486, 611);
UPDATE "TrackElement" SET "region" = 1028 WHERE "id" = 1486;
INSERT INTO "monitoredBy" VALUES (1486, 1482);
INSERT INTO "TrackElement" ("id") VALUES (1487);
INSERT INTO "Segment" ("id", "length") VALUES (1487, 111);
UPDATE "TrackElement" SET "region" = 1028 WHERE "id" = 1487;
INSERT INTO "monitoredBy" VALUES (1487, 1482);
INSERT INTO "Sensor" ("id") VALUES (1488);
UPDATE "Sensor" SET "region" = 1028 WHERE "id" = 1488;
INSERT INTO "monitoredBy" VALUES (1469, 1488);
INSERT INTO "requires" VALUES (1027, 1488);
INSERT INTO "TrackElement" ("id") VALUES (1489);
INSERT INTO "Segment" ("id", "length") VALUES (1489, 393);
UPDATE "TrackElement" SET "region" = 1028 WHERE "id" = 1489;
INSERT INTO "monitoredBy" VALUES (1489, 1488);
INSERT INTO "TrackElement" ("id") VALUES (1490);
INSERT INTO "Segment" ("id", "length") VALUES (1490, 292);
UPDATE "TrackElement" SET "region" = 1028 WHERE "id" = 1490;
INSERT INTO "monitoredBy" VALUES (1490, 1488);
INSERT INTO "TrackElement" ("id") VALUES (1491);
INSERT INTO "Segment" ("id", "length") VALUES (1491, 593);
UPDATE "TrackElement" SET "region" = 1028 WHERE "id" = 1491;
INSERT INTO "monitoredBy" VALUES (1491, 1488);
INSERT INTO "TrackElement" ("id") VALUES (1492);
INSERT INTO "Segment" ("id", "length") VALUES (1492, 850);
UPDATE "TrackElement" SET "region" = 1028 WHERE "id" = 1492;
INSERT INTO "monitoredBy" VALUES (1492, 1488);
INSERT INTO "TrackElement" ("id") VALUES (1493);
INSERT INTO "Segment" ("id", "length") VALUES (1493, 880);
UPDATE "TrackElement" SET "region" = 1028 WHERE "id" = 1493;
INSERT INTO "monitoredBy" VALUES (1493, 1488);
INSERT INTO "SwitchPosition" ("id", "position", "target") VALUES (1494, 0, 1469);
UPDATE "SwitchPosition" SET "route" = 1027 WHERE "id" = 1494;
INSERT INTO "TrackElement" ("id") VALUES (1495);
INSERT INTO "Switch" ("id", "currentPosition") VALUES (1495, 2);
UPDATE "TrackElement" SET "region" = 1028 WHERE "id" = 1495;
INSERT INTO "Sensor" ("id") VALUES (1496);
UPDATE "Sensor" SET "region" = 1028 WHERE "id" = 1496;
INSERT INTO "monitoredBy" VALUES (1495, 1496);
INSERT INTO "requires" VALUES (1027, 1496);
INSERT INTO "TrackElement" ("id") VALUES (1497);
INSERT INTO "Segment" ("id", "length") VALUES (1497, 947);
UPDATE "TrackElement" SET "region" = 1028 WHERE "id" = 1497;
INSERT INTO "monitoredBy" VALUES (1497, 1496);
INSERT INTO "TrackElement" ("id") VALUES (1498);
INSERT INTO "Segment" ("id", "length") VALUES (1498, 185);
UPDATE "TrackElement" SET "region" = 1028 WHERE "id" = 1498;
INSERT INTO "monitoredBy" VALUES (1498, 1496);
INSERT INTO "TrackElement" ("id") VALUES (1499);
INSERT INTO "Segment" ("id", "length") VALUES (1499, 424);
UPDATE "TrackElement" SET "region" = 1028 WHERE "id" = 1499;
INSERT INTO "monitoredBy" VALUES (1499, 1496);
INSERT INTO "TrackElement" ("id") VALUES (1500);
INSERT INTO "Segment" ("id", "length") VALUES (1500, 321);
UPDATE "TrackElement" SET "region" = 1028 WHERE "id" = 1500;
INSERT INTO "monitoredBy" VALUES (1500, 1496);
INSERT INTO "TrackElement" ("id") VALUES (1501);
INSERT INTO "Segment" ("id", "length") VALUES (1501, 778);
UPDATE "TrackElement" SET "region" = 1028 WHERE "id" = 1501;
INSERT INTO "monitoredBy" VALUES (1501, 1496);
INSERT INTO "Sensor" ("id") VALUES (1502);
UPDATE "Sensor" SET "region" = 1028 WHERE "id" = 1502;
INSERT INTO "monitoredBy" VALUES (1495, 1502);
INSERT INTO "requires" VALUES (1027, 1502);
INSERT INTO "TrackElement" ("id") VALUES (1503);
INSERT INTO "Segment" ("id", "length") VALUES (1503, 133);
UPDATE "TrackElement" SET "region" = 1028 WHERE "id" = 1503;
INSERT INTO "monitoredBy" VALUES (1503, 1502);
INSERT INTO "TrackElement" ("id") VALUES (1504);
INSERT INTO "Segment" ("id", "length") VALUES (1504, 973);
UPDATE "TrackElement" SET "region" = 1028 WHERE "id" = 1504;
INSERT INTO "monitoredBy" VALUES (1504, 1502);
INSERT INTO "TrackElement" ("id") VALUES (1505);
INSERT INTO "Segment" ("id", "length") VALUES (1505, 420);
UPDATE "TrackElement" SET "region" = 1028 WHERE "id" = 1505;
INSERT INTO "monitoredBy" VALUES (1505, 1502);
INSERT INTO "TrackElement" ("id") VALUES (1506);
INSERT INTO "Segment" ("id", "length") VALUES (1506, 283);
UPDATE "TrackElement" SET "region" = 1028 WHERE "id" = 1506;
INSERT INTO "monitoredBy" VALUES (1506, 1502);
INSERT INTO "TrackElement" ("id") VALUES (1507);
INSERT INTO "Segment" ("id", "length") VALUES (1507, 314);
UPDATE "TrackElement" SET "region" = 1028 WHERE "id" = 1507;
INSERT INTO "monitoredBy" VALUES (1507, 1502);
INSERT INTO "Sensor" ("id") VALUES (1508);
UPDATE "Sensor" SET "region" = 1028 WHERE "id" = 1508;
INSERT INTO "monitoredBy" VALUES (1495, 1508);
INSERT INTO "requires" VALUES (1027, 1508);
INSERT INTO "TrackElement" ("id") VALUES (1509);
INSERT INTO "Segment" ("id", "length") VALUES (1509, 282);
UPDATE "TrackElement" SET "region" = 1028 WHERE "id" = 1509;
INSERT INTO "monitoredBy" VALUES (1509, 1508);
INSERT INTO "TrackElement" ("id") VALUES (1510);
INSERT INTO "Segment" ("id", "length") VALUES (1510, 207);
UPDATE "TrackElement" SET "region" = 1028 WHERE "id" = 1510;
INSERT INTO "monitoredBy" VALUES (1510, 1508);
INSERT INTO "TrackElement" ("id") VALUES (1511);
INSERT INTO "Segment" ("id", "length") VALUES (1511, 706);
UPDATE "TrackElement" SET "region" = 1028 WHERE "id" = 1511;
INSERT INTO "monitoredBy" VALUES (1511, 1508);
INSERT INTO "TrackElement" ("id") VALUES (1512);
INSERT INTO "Segment" ("id", "length") VALUES (1512, 888);
UPDATE "TrackElement" SET "region" = 1028 WHERE "id" = 1512;
INSERT INTO "monitoredBy" VALUES (1512, 1508);
INSERT INTO "TrackElement" ("id") VALUES (1513);
INSERT INTO "Segment" ("id", "length") VALUES (1513, 78);
UPDATE "TrackElement" SET "region" = 1028 WHERE "id" = 1513;
INSERT INTO "monitoredBy" VALUES (1513, 1508);
INSERT INTO "Sensor" ("id") VALUES (1514);
UPDATE "Sensor" SET "region" = 1028 WHERE "id" = 1514;
INSERT INTO "monitoredBy" VALUES (1495, 1514);
INSERT INTO "requires" VALUES (1027, 1514);
INSERT INTO "TrackElement" ("id") VALUES (1515);
INSERT INTO "Segment" ("id", "length") VALUES (1515, 717);
UPDATE "TrackElement" SET "region" = 1028 WHERE "id" = 1515;
INSERT INTO "monitoredBy" VALUES (1515, 1514);
INSERT INTO "TrackElement" ("id") VALUES (1516);
INSERT INTO "Segment" ("id", "length") VALUES (1516, 346);
UPDATE "TrackElement" SET "region" = 1028 WHERE "id" = 1516;
INSERT INTO "monitoredBy" VALUES (1516, 1514);
INSERT INTO "TrackElement" ("id") VALUES (1517);
INSERT INTO "Segment" ("id", "length") VALUES (1517, 1000);
UPDATE "TrackElement" SET "region" = 1028 WHERE "id" = 1517;
INSERT INTO "monitoredBy" VALUES (1517, 1514);
INSERT INTO "TrackElement" ("id") VALUES (1518);
INSERT INTO "Segment" ("id", "length") VALUES (1518, 138);
UPDATE "TrackElement" SET "region" = 1028 WHERE "id" = 1518;
INSERT INTO "monitoredBy" VALUES (1518, 1514);
INSERT INTO "TrackElement" ("id") VALUES (1519);
INSERT INTO "Segment" ("id", "length") VALUES (1519, 910);
UPDATE "TrackElement" SET "region" = 1028 WHERE "id" = 1519;
INSERT INTO "monitoredBy" VALUES (1519, 1514);
INSERT INTO "Sensor" ("id") VALUES (1520);
UPDATE "Sensor" SET "region" = 1028 WHERE "id" = 1520;
INSERT INTO "monitoredBy" VALUES (1495, 1520);
INSERT INTO "requires" VALUES (1027, 1520);
INSERT INTO "TrackElement" ("id") VALUES (1521);
INSERT INTO "Segment" ("id", "length") VALUES (1521, 369);
UPDATE "TrackElement" SET "region" = 1028 WHERE "id" = 1521;
INSERT INTO "monitoredBy" VALUES (1521, 1520);
INSERT INTO "TrackElement" ("id") VALUES (1522);
INSERT INTO "Segment" ("id", "length") VALUES (1522, 777);
UPDATE "TrackElement" SET "region" = 1028 WHERE "id" = 1522;
INSERT INTO "monitoredBy" VALUES (1522, 1520);
INSERT INTO "TrackElement" ("id") VALUES (1523);
INSERT INTO "Segment" ("id", "length") VALUES (1523, 703);
UPDATE "TrackElement" SET "region" = 1028 WHERE "id" = 1523;
INSERT INTO "monitoredBy" VALUES (1523, 1520);
INSERT INTO "TrackElement" ("id") VALUES (1524);
INSERT INTO "Segment" ("id", "length") VALUES (1524, 894);
UPDATE "TrackElement" SET "region" = 1028 WHERE "id" = 1524;
INSERT INTO "monitoredBy" VALUES (1524, 1520);
INSERT INTO "TrackElement" ("id") VALUES (1525);
INSERT INTO "Segment" ("id", "length") VALUES (1525, 465);
UPDATE "TrackElement" SET "region" = 1028 WHERE "id" = 1525;
INSERT INTO "monitoredBy" VALUES (1525, 1520);
INSERT INTO "Sensor" ("id") VALUES (1526);
UPDATE "Sensor" SET "region" = 1028 WHERE "id" = 1526;
INSERT INTO "monitoredBy" VALUES (1495, 1526);
INSERT INTO "requires" VALUES (1027, 1526);
INSERT INTO "TrackElement" ("id") VALUES (1527);
INSERT INTO "Segment" ("id", "length") VALUES (1527, 562);
UPDATE "TrackElement" SET "region" = 1028 WHERE "id" = 1527;
INSERT INTO "monitoredBy" VALUES (1527, 1526);
INSERT INTO "TrackElement" ("id") VALUES (1528);
INSERT INTO "Segment" ("id", "length") VALUES (1528, 262);
UPDATE "TrackElement" SET "region" = 1028 WHERE "id" = 1528;
INSERT INTO "monitoredBy" VALUES (1528, 1526);
INSERT INTO "TrackElement" ("id") VALUES (1529);
INSERT INTO "Segment" ("id", "length") VALUES (1529, 111);
UPDATE "TrackElement" SET "region" = 1028 WHERE "id" = 1529;
INSERT INTO "monitoredBy" VALUES (1529, 1526);
INSERT INTO "TrackElement" ("id") VALUES (1530);
INSERT INTO "Segment" ("id", "length") VALUES (1530, 312);
UPDATE "TrackElement" SET "region" = 1028 WHERE "id" = 1530;
INSERT INTO "monitoredBy" VALUES (1530, 1526);
INSERT INTO "TrackElement" ("id") VALUES (1531);
INSERT INTO "Segment" ("id", "length") VALUES (1531, 703);
UPDATE "TrackElement" SET "region" = 1028 WHERE "id" = 1531;
INSERT INTO "monitoredBy" VALUES (1531, 1526);
INSERT INTO "SwitchPosition" ("id", "position", "target") VALUES (1532, 2, 1495);
UPDATE "SwitchPosition" SET "route" = 1027 WHERE "id" = 1532;
INSERT INTO "connectsTo" VALUES (1029, 1031);
INSERT INTO "connectsTo" VALUES (1031, 1032);
INSERT INTO "connectsTo" VALUES (1032, 1033);
INSERT INTO "connectsTo" VALUES (1033, 1034);
INSERT INTO "connectsTo" VALUES (1034, 1035);
INSERT INTO "connectsTo" VALUES (1035, 1037);
INSERT INTO "connectsTo" VALUES (1037, 1038);
INSERT INTO "connectsTo" VALUES (1038, 1039);
INSERT INTO "connectsTo" VALUES (1039, 1040);
INSERT INTO "connectsTo" VALUES (1040, 1041);
INSERT INTO "connectsTo" VALUES (1041, 1043);
INSERT INTO "connectsTo" VALUES (1043, 1044);
INSERT INTO "connectsTo" VALUES (1044, 1045);
INSERT INTO "connectsTo" VALUES (1045, 1046);
INSERT INTO "connectsTo" VALUES (1046, 1047);
INSERT INTO "connectsTo" VALUES (1047, 1049);
INSERT INTO "connectsTo" VALUES (1049, 1050);
INSERT INTO "connectsTo" VALUES (1050, 1051);
INSERT INTO "connectsTo" VALUES (1051, 1052);
INSERT INTO "connectsTo" VALUES (1052, 1053);
INSERT INTO "connectsTo" VALUES (1053, 1055);
INSERT INTO "connectsTo" VALUES (1055, 1056);
INSERT INTO "connectsTo" VALUES (1056, 1057);
INSERT INTO "connectsTo" VALUES (1057, 1058);
INSERT INTO "connectsTo" VALUES (1058, 1059);
INSERT INTO "connectsTo" VALUES (1059, 1061);
INSERT INTO "connectsTo" VALUES (1061, 1063);
INSERT INTO "connectsTo" VALUES (1063, 1064);
INSERT INTO "connectsTo" VALUES (1064, 1065);
INSERT INTO "connectsTo" VALUES (1065, 1066);
INSERT INTO "connectsTo" VALUES (1066, 1067);
INSERT INTO "connectsTo" VALUES (1067, 1069);
INSERT INTO "connectsTo" VALUES (1069, 1070);
INSERT INTO "connectsTo" VALUES (1070, 1071);
INSERT INTO "connectsTo" VALUES (1071, 1072);
INSERT INTO "connectsTo" VALUES (1072, 1073);
INSERT INTO "connectsTo" VALUES (1073, 1075);
INSERT INTO "connectsTo" VALUES (1075, 1076);
INSERT INTO "connectsTo" VALUES (1076, 1077);
INSERT INTO "connectsTo" VALUES (1077, 1078);
INSERT INTO "connectsTo" VALUES (1078, 1079);
INSERT INTO "connectsTo" VALUES (1079, 1081);
INSERT INTO "connectsTo" VALUES (1081, 1082);
INSERT INTO "connectsTo" VALUES (1082, 1083);
INSERT INTO "connectsTo" VALUES (1083, 1084);
INSERT INTO "connectsTo" VALUES (1084, 1085);
INSERT INTO "connectsTo" VALUES (1085, 1087);
INSERT INTO "connectsTo" VALUES (1087, 1088);
INSERT INTO "connectsTo" VALUES (1088, 1089);
INSERT INTO "connectsTo" VALUES (1089, 1090);
INSERT INTO "connectsTo" VALUES (1090, 1091);
INSERT INTO "connectsTo" VALUES (1091, 1093);
INSERT INTO "connectsTo" VALUES (1093, 1094);
INSERT INTO "connectsTo" VALUES (1094, 1095);
INSERT INTO "connectsTo" VALUES (1095, 1096);
INSERT INTO "connectsTo" VALUES (1096, 1097);
INSERT INTO "connectsTo" VALUES (1097, 1099);
INSERT INTO "connectsTo" VALUES (1099, 1100);
INSERT INTO "connectsTo" VALUES (1100, 1101);
INSERT INTO "connectsTo" VALUES (1101, 1102);
INSERT INTO "connectsTo" VALUES (1102, 1103);
INSERT INTO "connectsTo" VALUES (1103, 1105);
INSERT INTO "connectsTo" VALUES (1105, 1107);
INSERT INTO "connectsTo" VALUES (1107, 1108);
INSERT INTO "connectsTo" VALUES (1108, 1109);
INSERT INTO "connectsTo" VALUES (1109, 1110);
INSERT INTO "connectsTo" VALUES (1110, 1111);
INSERT INTO "connectsTo" VALUES (1111, 1113);
INSERT INTO "connectsTo" VALUES (1113, 1114);
INSERT INTO "connectsTo" VALUES (1114, 1115);
INSERT INTO "connectsTo" VALUES (1115, 1116);
INSERT INTO "connectsTo" VALUES (1116, 1117);
INSERT INTO "connectsTo" VALUES (1117, 1119);
INSERT INTO "connectsTo" VALUES (1119, 1120);
INSERT INTO "connectsTo" VALUES (1120, 1121);
INSERT INTO "connectsTo" VALUES (1121, 1122);
INSERT INTO "connectsTo" VALUES (1122, 1123);
INSERT INTO "connectsTo" VALUES (1123, 1125);
INSERT INTO "connectsTo" VALUES (1125, 1126);
INSERT INTO "connectsTo" VALUES (1126, 1127);
INSERT INTO "connectsTo" VALUES (1127, 1128);
INSERT INTO "connectsTo" VALUES (1128, 1129);
INSERT INTO "connectsTo" VALUES (1129, 1131);
INSERT INTO "connectsTo" VALUES (1131, 1132);
INSERT INTO "connectsTo" VALUES (1132, 1133);
INSERT INTO "connectsTo" VALUES (1133, 1134);
INSERT INTO "connectsTo" VALUES (1134, 1135);
INSERT INTO "connectsTo" VALUES (1135, 1137);
INSERT INTO "connectsTo" VALUES (1137, 1139);
INSERT INTO "connectsTo" VALUES (1139, 1140);
INSERT INTO "connectsTo" VALUES (1140, 1141);
INSERT INTO "connectsTo" VALUES (1141, 1142);
INSERT INTO "connectsTo" VALUES (1142, 1143);
INSERT INTO "connectsTo" VALUES (1143, 1145);
INSERT INTO "connectsTo" VALUES (1145, 1147);
INSERT INTO "connectsTo" VALUES (1147, 1148);
INSERT INTO "connectsTo" VALUES (1148, 1149);
INSERT INTO "connectsTo" VALUES (1149, 1150);
INSERT INTO "connectsTo" VALUES (1150, 1151);
INSERT INTO "connectsTo" VALUES (1151, 1153);
INSERT INTO "connectsTo" VALUES (1153, 1154);
INSERT INTO "connectsTo" VALUES (1154, 1155);
INSERT INTO "connectsTo" VALUES (1155, 1156);
INSERT INTO "connectsTo" VALUES (1156, 1157);
INSERT INTO "connectsTo" VALUES (1157, 1159);
INSERT INTO "connectsTo" VALUES (1159, 1160);
INSERT INTO "connectsTo" VALUES (1160, 1161);
INSERT INTO "connectsTo" VALUES (1161, 1162);
INSERT INTO "connectsTo" VALUES (1162, 1163);
INSERT INTO "connectsTo" VALUES (1163, 1165);
INSERT INTO "connectsTo" VALUES (1165, 1166);
INSERT INTO "connectsTo" VALUES (1166, 1167);
INSERT INTO "connectsTo" VALUES (1167, 1168);
INSERT INTO "connectsTo" VALUES (1168, 1169);
INSERT INTO "connectsTo" VALUES (1169, 1171);
INSERT INTO "connectsTo" VALUES (1171, 1172);
INSERT INTO "connectsTo" VALUES (1172, 1173);
INSERT INTO "connectsTo" VALUES (1173, 1174);
INSERT INTO "connectsTo" VALUES (1174, 1175);
INSERT INTO "connectsTo" VALUES (1175, 1177);
INSERT INTO "connectsTo" VALUES (1177, 1179);
INSERT INTO "connectsTo" VALUES (1179, 1180);
INSERT INTO "connectsTo" VALUES (1180, 1181);
INSERT INTO "connectsTo" VALUES (1181, 1182);
INSERT INTO "connectsTo" VALUES (1182, 1183);
INSERT INTO "connectsTo" VALUES (1183, 1185);
INSERT INTO "connectsTo" VALUES (1185, 1186);
INSERT INTO "connectsTo" VALUES (1186, 1187);
INSERT INTO "connectsTo" VALUES (1187, 1188);
INSERT INTO "connectsTo" VALUES (1188, 1189);
INSERT INTO "connectsTo" VALUES (1189, 1191);
INSERT INTO "connectsTo" VALUES (1191, 1192);
INSERT INTO "connectsTo" VALUES (1192, 1193);
INSERT INTO "connectsTo" VALUES (1193, 1194);
INSERT INTO "connectsTo" VALUES (1194, 1195);
INSERT INTO "connectsTo" VALUES (1195, 1197);
INSERT INTO "connectsTo" VALUES (1197, 1198);
INSERT INTO "connectsTo" VALUES (1198, 1199);
INSERT INTO "connectsTo" VALUES (1199, 1200);
INSERT INTO "connectsTo" VALUES (1200, 1201);
INSERT INTO "connectsTo" VALUES (1201, 1203);
INSERT INTO "connectsTo" VALUES (1203, 1204);
INSERT INTO "connectsTo" VALUES (1204, 1205);
INSERT INTO "connectsTo" VALUES (1205, 1206);
INSERT INTO "connectsTo" VALUES (1206, 1207);
INSERT INTO "connectsTo" VALUES (1207, 1209);
INSERT INTO "connectsTo" VALUES (1209, 1210);
INSERT INTO "connectsTo" VALUES (1210, 1211);
INSERT INTO "connectsTo" VALUES (1211, 1212);
INSERT INTO "connectsTo" VALUES (1212, 1213);
INSERT INTO "connectsTo" VALUES (1213, 1215);
INSERT INTO "connectsTo" VALUES (1215, 1216);
INSERT INTO "connectsTo" VALUES (1216, 1217);
INSERT INTO "connectsTo" VALUES (1217, 1218);
INSERT INTO "connectsTo" VALUES (1218, 1219);
INSERT INTO "connectsTo" VALUES (1219, 1221);
INSERT INTO "connectsTo" VALUES (1221, 1222);
INSERT INTO "connectsTo" VALUES (1222, 1223);
INSERT INTO "connectsTo" VALUES (1223, 1224);
INSERT INTO "connectsTo" VALUES (1224, 1225);
INSERT INTO "connectsTo" VALUES (1225, 1227);
INSERT INTO "connectsTo" VALUES (1227, 1228);
INSERT INTO "connectsTo" VALUES (1228, 1229);
INSERT INTO "connectsTo" VALUES (1229, 1230);
INSERT INTO "connectsTo" VALUES (1230, 1231);
INSERT INTO "connectsTo" VALUES (1231, 1233);
INSERT INTO "connectsTo" VALUES (1233, 1235);
INSERT INTO "connectsTo" VALUES (1235, 1236);
INSERT INTO "connectsTo" VALUES (1236, 1237);
INSERT INTO "connectsTo" VALUES (1237, 1238);
INSERT INTO "connectsTo" VALUES (1238, 1239);
INSERT INTO "connectsTo" VALUES (1239, 1241);
INSERT INTO "connectsTo" VALUES (1241, 1242);
INSERT INTO "connectsTo" VALUES (1242, 1243);
INSERT INTO "connectsTo" VALUES (1243, 1244);
INSERT INTO "connectsTo" VALUES (1244, 1245);
INSERT INTO "connectsTo" VALUES (1245, 1247);
INSERT INTO "connectsTo" VALUES (1247, 1248);
INSERT INTO "connectsTo" VALUES (1248, 1249);
INSERT INTO "connectsTo" VALUES (1249, 1250);
INSERT INTO "connectsTo" VALUES (1250, 1251);
INSERT INTO "connectsTo" VALUES (1251, 1253);
INSERT INTO "connectsTo" VALUES (1253, 1254);
INSERT INTO "connectsTo" VALUES (1254, 1255);
INSERT INTO "connectsTo" VALUES (1255, 1256);
INSERT INTO "connectsTo" VALUES (1256, 1257);
INSERT INTO "connectsTo" VALUES (1257, 1259);
INSERT INTO "connectsTo" VALUES (1259, 1260);
INSERT INTO "connectsTo" VALUES (1260, 1261);
INSERT INTO "connectsTo" VALUES (1261, 1262);
INSERT INTO "connectsTo" VALUES (1262, 1263);
INSERT INTO "connectsTo" VALUES (1263, 1265);
INSERT INTO "connectsTo" VALUES (1265, 1266);
INSERT INTO "connectsTo" VALUES (1266, 1267);
INSERT INTO "connectsTo" VALUES (1267, 1268);
INSERT INTO "connectsTo" VALUES (1268, 1269);
INSERT INTO "connectsTo" VALUES (1269, 1271);
INSERT INTO "connectsTo" VALUES (1271, 1272);
INSERT INTO "connectsTo" VALUES (1272, 1273);
INSERT INTO "connectsTo" VALUES (1273, 1274);
INSERT INTO "connectsTo" VALUES (1274, 1275);
INSERT INTO "connectsTo" VALUES (1275, 1277);
INSERT INTO "connectsTo" VALUES (1277, 1278);
INSERT INTO "connectsTo" VALUES (1278, 1279);
INSERT INTO "connectsTo" VALUES (1279, 1280);
INSERT INTO "connectsTo" VALUES (1280, 1281);
INSERT INTO "connectsTo" VALUES (1281, 1283);
INSERT INTO "connectsTo" VALUES (1283, 1285);
INSERT INTO "connectsTo" VALUES (1285, 1286);
INSERT INTO "connectsTo" VALUES (1286, 1287);
INSERT INTO "connectsTo" VALUES (1287, 1288);
INSERT INTO "connectsTo" VALUES (1288, 1289);
INSERT INTO "connectsTo" VALUES (1289, 1291);
INSERT INTO "connectsTo" VALUES (1291, 1292);
INSERT INTO "connectsTo" VALUES (1292, 1293);
INSERT INTO "connectsTo" VALUES (1293, 1294);
INSERT INTO "connectsTo" VALUES (1294, 1295);
INSERT INTO "connectsTo" VALUES (1295, 1297);
INSERT INTO "connectsTo" VALUES (1297, 1298);
INSERT INTO "connectsTo" VALUES (1298, 1299);
INSERT INTO "connectsTo" VALUES (1299, 1300);
INSERT INTO "connectsTo" VALUES (1300, 1301);
INSERT INTO "connectsTo" VALUES (1301, 1303);
INSERT INTO "connectsTo" VALUES (1303, 1305);
INSERT INTO "connectsTo" VALUES (1305, 1306);
INSERT INTO "connectsTo" VALUES (1306, 1307);
INSERT INTO "connectsTo" VALUES (1307, 1308);
INSERT INTO "connectsTo" VALUES (1308, 1309);
INSERT INTO "connectsTo" VALUES (1309, 1311);
INSERT INTO "connectsTo" VALUES (1311, 1313);
INSERT INTO "connectsTo" VALUES (1313, 1314);
INSERT INTO "connectsTo" VALUES (1314, 1315);
INSERT INTO "connectsTo" VALUES (1315, 1316);
INSERT INTO "connectsTo" VALUES (1316, 1317);
INSERT INTO "connectsTo" VALUES (1317, 1319);
INSERT INTO "connectsTo" VALUES (1319, 1320);
INSERT INTO "connectsTo" VALUES (1320, 1321);
INSERT INTO "connectsTo" VALUES (1321, 1322);
INSERT INTO "connectsTo" VALUES (1322, 1323);
INSERT INTO "connectsTo" VALUES (1323, 1325);
INSERT INTO "connectsTo" VALUES (1325, 1326);
INSERT INTO "connectsTo" VALUES (1326, 1327);
INSERT INTO "connectsTo" VALUES (1327, 1328);
INSERT INTO "connectsTo" VALUES (1328, 1329);
INSERT INTO "connectsTo" VALUES (1329, 1331);
INSERT INTO "connectsTo" VALUES (1331, 1332);
INSERT INTO "connectsTo" VALUES (1332, 1333);
INSERT INTO "connectsTo" VALUES (1333, 1334);
INSERT INTO "connectsTo" VALUES (1334, 1335);
INSERT INTO "connectsTo" VALUES (1335, 1337);
INSERT INTO "connectsTo" VALUES (1337, 1338);
INSERT INTO "connectsTo" VALUES (1338, 1339);
INSERT INTO "connectsTo" VALUES (1339, 1340);
INSERT INTO "connectsTo" VALUES (1340, 1341);
INSERT INTO "connectsTo" VALUES (1341, 1343);
INSERT INTO "connectsTo" VALUES (1343, 1344);
INSERT INTO "connectsTo" VALUES (1344, 1345);
INSERT INTO "connectsTo" VALUES (1345, 1346);
INSERT INTO "connectsTo" VALUES (1346, 1347);
INSERT INTO "connectsTo" VALUES (1347, 1349);
INSERT INTO "connectsTo" VALUES (1349, 1350);
INSERT INTO "connectsTo" VALUES (1350, 1351);
INSERT INTO "connectsTo" VALUES (1351, 1352);
INSERT INTO "connectsTo" VALUES (1352, 1353);
INSERT INTO "connectsTo" VALUES (1353, 1355);
INSERT INTO "connectsTo" VALUES (1355, 1356);
INSERT INTO "connectsTo" VALUES (1356, 1357);
INSERT INTO "connectsTo" VALUES (1357, 1358);
INSERT INTO "connectsTo" VALUES (1358, 1359);
INSERT INTO "connectsTo" VALUES (1359, 1361);
INSERT INTO "connectsTo" VALUES (1361, 1362);
INSERT INTO "connectsTo" VALUES (1362, 1363);
INSERT INTO "connectsTo" VALUES (1363, 1364);
INSERT INTO "connectsTo" VALUES (1364, 1365);
INSERT INTO "connectsTo" VALUES (1365, 1367);
INSERT INTO "connectsTo" VALUES (1367, 1369);
INSERT INTO "connectsTo" VALUES (1369, 1370);
INSERT INTO "connectsTo" VALUES (1370, 1371);
INSERT INTO "connectsTo" VALUES (1371, 1372);
INSERT INTO "connectsTo" VALUES (1372, 1373);
INSERT INTO "connectsTo" VALUES (1373, 1375);
INSERT INTO "connectsTo" VALUES (1375, 1376);
INSERT INTO "connectsTo" VALUES (1376, 1377);
INSERT INTO "connectsTo" VALUES (1377, 1378);
INSERT INTO "connectsTo" VALUES (1378, 1379);
INSERT INTO "connectsTo" VALUES (1379, 1381);
INSERT INTO "connectsTo" VALUES (1381, 1382);
INSERT INTO "connectsTo" VALUES (1382, 1383);
INSERT INTO "connectsTo" VALUES (1383, 1384);
INSERT INTO "connectsTo" VALUES (1384, 1385);
INSERT INTO "connectsTo" VALUES (1385, 1387);
INSERT INTO "connectsTo" VALUES (1387, 1388);
INSERT INTO "connectsTo" VALUES (1388, 1389);
INSERT INTO "connectsTo" VALUES (1389, 1390);
INSERT INTO "connectsTo" VALUES (1390, 1391);
INSERT INTO "connectsTo" VALUES (1391, 1393);
INSERT INTO "connectsTo" VALUES (1393, 1395);
INSERT INTO "connectsTo" VALUES (1395, 1396);
INSERT INTO "connectsTo" VALUES (1396, 1397);
INSERT INTO "connectsTo" VALUES (1397, 1398);
INSERT INTO "connectsTo" VALUES (1398, 1399);
INSERT INTO "connectsTo" VALUES (1399, 1401);
INSERT INTO "connectsTo" VALUES (1401, 1402);
INSERT INTO "connectsTo" VALUES (1402, 1403);
INSERT INTO "connectsTo" VALUES (1403, 1404);
INSERT INTO "connectsTo" VALUES (1404, 1405);
INSERT INTO "connectsTo" VALUES (1405, 1407);
INSERT INTO "connectsTo" VALUES (1407, 1408);
INSERT INTO "connectsTo" VALUES (1408, 1409);
INSERT INTO "connectsTo" VALUES (1409, 1410);
INSERT INTO "connectsTo" VALUES (1410, 1411);
INSERT INTO "connectsTo" VALUES (1411, 1413);
INSERT INTO "connectsTo" VALUES (1413, 1414);
INSERT INTO "connectsTo" VALUES (1414, 1415);
INSERT INTO "connectsTo" VALUES (1415, 1416);
INSERT INTO "connectsTo" VALUES (1416, 1417);
INSERT INTO "connectsTo" VALUES (1417, 1419);
INSERT INTO "connectsTo" VALUES (1419, 1420);
INSERT INTO "connectsTo" VALUES (1420, 1421);
INSERT INTO "connectsTo" VALUES (1421, 1422);
INSERT INTO "connectsTo" VALUES (1422, 1423);
INSERT INTO "connectsTo" VALUES (1423, 1425);
INSERT INTO "connectsTo" VALUES (1425, 1426);
INSERT INTO "connectsTo" VALUES (1426, 1427);
INSERT INTO "connectsTo" VALUES (1427, 1428);
INSERT INTO "connectsTo" VALUES (1428, 1429);
INSERT INTO "connectsTo" VALUES (1429, 1431);
INSERT INTO "connectsTo" VALUES (1431, 1432);
INSERT INTO "connectsTo" VALUES (1432, 1433);
INSERT INTO "connectsTo" VALUES (1433, 1434);
INSERT INTO "connectsTo" VALUES (1434, 1435);
INSERT INTO "connectsTo" VALUES (1435, 1437);
INSERT INTO "connectsTo" VALUES (1437, 1439);
INSERT INTO "connectsTo" VALUES (1439, 1440);
INSERT INTO "connectsTo" VALUES (1440, 1441);
INSERT INTO "connectsTo" VALUES (1441, 1442);
INSERT INTO "connectsTo" VALUES (1442, 1443);
INSERT INTO "connectsTo" VALUES (1443, 1445);
INSERT INTO "connectsTo" VALUES (1445, 1446);
INSERT INTO "connectsTo" VALUES (1446, 1447);
INSERT INTO "connectsTo" VALUES (1447, 1448);
INSERT INTO "connectsTo" VALUES (1448, 1449);
INSERT INTO "connectsTo" VALUES (1449, 1451);
INSERT INTO "connectsTo" VALUES (1451, 1452);
INSERT INTO "connectsTo" VALUES (1452, 1453);
INSERT INTO "connectsTo" VALUES (1453, 1454);
INSERT INTO "connectsTo" VALUES (1454, 1455);
INSERT INTO "connectsTo" VALUES (1455, 1457);
INSERT INTO "connectsTo" VALUES (1457, 1458);
INSERT INTO "connectsTo" VALUES (1458, 1459);
INSERT INTO "connectsTo" VALUES (1459, 1460);
INSERT INTO "connectsTo" VALUES (1460, 1461);
INSERT INTO "connectsTo" VALUES (1461, 1463);
INSERT INTO "connectsTo" VALUES (1463, 1464);
INSERT INTO "connectsTo" VALUES (1464, 1465);
INSERT INTO "connectsTo" VALUES (1465, 1466);
INSERT INTO "connectsTo" VALUES (1466, 1467);
INSERT INTO "connectsTo" VALUES (1467, 1469);
INSERT INTO "connectsTo" VALUES (1469, 1471);
INSERT INTO "connectsTo" VALUES (1471, 1472);
INSERT INTO "connectsTo" VALUES (1472, 1473);
INSERT INTO "connectsTo" VALUES (1473, 1474);
INSERT INTO "connectsTo" VALUES (1474, 1475);
INSERT INTO "connectsTo" VALUES (1475, 1477);
INSERT INTO "connectsTo" VALUES (1477, 1478);
INSERT INTO "connectsTo" VALUES (1478, 1479);
INSERT INTO "connectsTo" VALUES (1479, 1480);
INSERT INTO "connectsTo" VALUES (1480, 1481);
INSERT INTO "connectsTo" VALUES (1481, 1483);
INSERT INTO "connectsTo" VALUES (1483, 1484);
INSERT INTO "connectsTo" VALUES (1484, 1485);
INSERT INTO "connectsTo" VALUES (1485, 1486);
INSERT INTO "connectsTo" VALUES (1486, 1487);
INSERT INTO "connectsTo" VALUES (1487, 1489);
INSERT INTO "connectsTo" VALUES (1489, 1490);
INSERT INTO "connectsTo" VALUES (1490, 1491);
INSERT INTO "connectsTo" VALUES (1491, 1492);
INSERT INTO "connectsTo" VALUES (1492, 1493);
INSERT INTO "connectsTo" VALUES (1493, 1495);
INSERT INTO "connectsTo" VALUES (1495, 1497);
INSERT INTO "connectsTo" VALUES (1497, 1498);
INSERT INTO "connectsTo" VALUES (1498, 1499);
INSERT INTO "connectsTo" VALUES (1499, 1500);
INSERT INTO "connectsTo" VALUES (1500, 1501);
INSERT INTO "connectsTo" VALUES (1501, 1503);
INSERT INTO "connectsTo" VALUES (1503, 1504);
INSERT INTO "connectsTo" VALUES (1504, 1505);
INSERT INTO "connectsTo" VALUES (1505, 1506);
INSERT INTO "connectsTo" VALUES (1506, 1507);
INSERT INTO "connectsTo" VALUES (1507, 1509);
INSERT INTO "connectsTo" VALUES (1509, 1510);
INSERT INTO "connectsTo" VALUES (1510, 1511);
INSERT INTO "connectsTo" VALUES (1511, 1512);
INSERT INTO "connectsTo" VALUES (1512, 1513);
INSERT INTO "connectsTo" VALUES (1513, 1515);
INSERT INTO "connectsTo" VALUES (1515, 1516);
INSERT INTO "connectsTo" VALUES (1516, 1517);
INSERT INTO "connectsTo" VALUES (1517, 1518);
INSERT INTO "connectsTo" VALUES (1518, 1519);
INSERT INTO "connectsTo" VALUES (1519, 1521);
INSERT INTO "connectsTo" VALUES (1521, 1522);
INSERT INTO "connectsTo" VALUES (1522, 1523);
INSERT INTO "connectsTo" VALUES (1523, 1524);
INSERT INTO "connectsTo" VALUES (1524, 1525);
INSERT INTO "connectsTo" VALUES (1525, 1527);
INSERT INTO "connectsTo" VALUES (1527, 1528);
INSERT INTO "connectsTo" VALUES (1528, 1529);
INSERT INTO "connectsTo" VALUES (1529, 1530);
INSERT INTO "connectsTo" VALUES (1530, 1531);
INSERT INTO "connectsTo" VALUES (1024, 1029);
INSERT INTO "Semaphore" ("id", "signal") VALUES (1533, 2);
INSERT INTO "Route" ("id", "active", "entry", "exit") VALUES (1534, 1, 1026, 1533);
INSERT INTO "Region" ("id") VALUES (1535);
INSERT INTO "TrackElement" ("id") VALUES (1536);
INSERT INTO "Switch" ("id", "currentPosition") VALUES (1536, 1);
UPDATE "TrackElement" SET "region" = 1535 WHERE "id" = 1536;
INSERT INTO "Sensor" ("id") VALUES (1537);
UPDATE "Sensor" SET "region" = 1535 WHERE "id" = 1537;
INSERT INTO "monitoredBy" VALUES (1536, 1537);
INSERT INTO "requires" VALUES (1534, 1537);
INSERT INTO "TrackElement" ("id") VALUES (1538);
INSERT INTO "Segment" ("id", "length") VALUES (1538, 994);
UPDATE "TrackElement" SET "region" = 1535 WHERE "id" = 1538;
INSERT INTO "monitoredBy" VALUES (1538, 1537);
UPDATE "Semaphore" SET "segment" = 1538 WHERE "id" = 1533;
INSERT INTO "TrackElement" ("id") VALUES (1539);
INSERT INTO "Segment" ("id", "length") VALUES (1539, 497);
UPDATE "TrackElement" SET "region" = 1535 WHERE "id" = 1539;
INSERT INTO "monitoredBy" VALUES (1539, 1537);
INSERT INTO "TrackElement" ("id") VALUES (1540);
INSERT INTO "Segment" ("id", "length") VALUES (1540, 630);
UPDATE "TrackElement" SET "region" = 1535 WHERE "id" = 1540;
INSERT INTO "monitoredBy" VALUES (1540, 1537);
INSERT INTO "TrackElement" ("id") VALUES (1541);
INSERT INTO "Segment" ("id", "length") VALUES (1541, 905);
UPDATE "TrackElement" SET "region" = 1535 WHERE "id" = 1541;
INSERT INTO "monitoredBy" VALUES (1541, 1537);
INSERT INTO "TrackElement" ("id") VALUES (1542);
INSERT INTO "Segment" ("id", "length") VALUES (1542, 41);
UPDATE "TrackElement" SET "region" = 1535 WHERE "id" = 1542;
INSERT INTO "monitoredBy" VALUES (1542, 1537);
INSERT INTO "Sensor" ("id") VALUES (1543);
UPDATE "Sensor" SET "region" = 1535 WHERE "id" = 1543;
INSERT INTO "monitoredBy" VALUES (1536, 1543);
INSERT INTO "requires" VALUES (1534, 1543);
INSERT INTO "TrackElement" ("id") VALUES (1544);
INSERT INTO "Segment" ("id", "length") VALUES (1544, 609);
UPDATE "TrackElement" SET "region" = 1535 WHERE "id" = 1544;
INSERT INTO "monitoredBy" VALUES (1544, 1543);
INSERT INTO "TrackElement" ("id") VALUES (1545);
INSERT INTO "Segment" ("id", "length") VALUES (1545, 149);
UPDATE "TrackElement" SET "region" = 1535 WHERE "id" = 1545;
INSERT INTO "monitoredBy" VALUES (1545, 1543);
INSERT INTO "TrackElement" ("id") VALUES (1546);
INSERT INTO "Segment" ("id", "length") VALUES (1546, 130);
UPDATE "TrackElement" SET "region" = 1535 WHERE "id" = 1546;
INSERT INTO "monitoredBy" VALUES (1546, 1543);
INSERT INTO "TrackElement" ("id") VALUES (1547);
INSERT INTO "Segment" ("id", "length") VALUES (1547, 151);
UPDATE "TrackElement" SET "region" = 1535 WHERE "id" = 1547;
INSERT INTO "monitoredBy" VALUES (1547, 1543);
INSERT INTO "TrackElement" ("id") VALUES (1548);
INSERT INTO "Segment" ("id", "length") VALUES (1548, 177);
UPDATE "TrackElement" SET "region" = 1535 WHERE "id" = 1548;
INSERT INTO "monitoredBy" VALUES (1548, 1543);
INSERT INTO "Sensor" ("id") VALUES (1549);
UPDATE "Sensor" SET "region" = 1535 WHERE "id" = 1549;
INSERT INTO "monitoredBy" VALUES (1536, 1549);
INSERT INTO "requires" VALUES (1534, 1549);
INSERT INTO "TrackElement" ("id") VALUES (1550);
INSERT INTO "Segment" ("id", "length") VALUES (1550, 467);
UPDATE "TrackElement" SET "region" = 1535 WHERE "id" = 1550;
INSERT INTO "monitoredBy" VALUES (1550, 1549);
INSERT INTO "TrackElement" ("id") VALUES (1551);
INSERT INTO "Segment" ("id", "length") VALUES (1551, 709);
UPDATE "TrackElement" SET "region" = 1535 WHERE "id" = 1551;
INSERT INTO "monitoredBy" VALUES (1551, 1549);
INSERT INTO "TrackElement" ("id") VALUES (1552);
INSERT INTO "Segment" ("id", "length") VALUES (1552, 92);
UPDATE "TrackElement" SET "region" = 1535 WHERE "id" = 1552;
INSERT INTO "monitoredBy" VALUES (1552, 1549);
INSERT INTO "TrackElement" ("id") VALUES (1553);
INSERT INTO "Segment" ("id", "length") VALUES (1553, 829);
UPDATE "TrackElement" SET "region" = 1535 WHERE "id" = 1553;
INSERT INTO "monitoredBy" VALUES (1553, 1549);
INSERT INTO "TrackElement" ("id") VALUES (1554);
INSERT INTO "Segment" ("id", "length") VALUES (1554, 935);
UPDATE "TrackElement" SET "region" = 1535 WHERE "id" = 1554;
INSERT INTO "monitoredBy" VALUES (1554, 1549);
INSERT INTO "Sensor" ("id") VALUES (1555);
UPDATE "Sensor" SET "region" = 1535 WHERE "id" = 1555;
INSERT INTO "monitoredBy" VALUES (1536, 1555);
INSERT INTO "requires" VALUES (1534, 1555);
INSERT INTO "TrackElement" ("id") VALUES (1556);
INSERT INTO "Segment" ("id", "length") VALUES (1556, 636);
UPDATE "TrackElement" SET "region" = 1535 WHERE "id" = 1556;
INSERT INTO "monitoredBy" VALUES (1556, 1555);
INSERT INTO "TrackElement" ("id") VALUES (1557);
INSERT INTO "Segment" ("id", "length") VALUES (1557, 599);
UPDATE "TrackElement" SET "region" = 1535 WHERE "id" = 1557;
INSERT INTO "monitoredBy" VALUES (1557, 1555);
INSERT INTO "TrackElement" ("id") VALUES (1558);
INSERT INTO "Segment" ("id", "length") VALUES (1558, 69);
UPDATE "TrackElement" SET "region" = 1535 WHERE "id" = 1558;
INSERT INTO "monitoredBy" VALUES (1558, 1555);
INSERT INTO "TrackElement" ("id") VALUES (1559);
INSERT INTO "Segment" ("id", "length") VALUES (1559, 575);
UPDATE "TrackElement" SET "region" = 1535 WHERE "id" = 1559;
INSERT INTO "monitoredBy" VALUES (1559, 1555);
INSERT INTO "TrackElement" ("id") VALUES (1560);
INSERT INTO "Segment" ("id", "length") VALUES (1560, 764);
UPDATE "TrackElement" SET "region" = 1535 WHERE "id" = 1560;
INSERT INTO "monitoredBy" VALUES (1560, 1555);
INSERT INTO "Sensor" ("id") VALUES (1561);
UPDATE "Sensor" SET "region" = 1535 WHERE "id" = 1561;
INSERT INTO "monitoredBy" VALUES (1536, 1561);
INSERT INTO "requires" VALUES (1534, 1561);
INSERT INTO "TrackElement" ("id") VALUES (1562);
INSERT INTO "Segment" ("id", "length") VALUES (1562, 407);
UPDATE "TrackElement" SET "region" = 1535 WHERE "id" = 1562;
INSERT INTO "monitoredBy" VALUES (1562, 1561);
INSERT INTO "TrackElement" ("id") VALUES (1563);
INSERT INTO "Segment" ("id", "length") VALUES (1563, 109);
UPDATE "TrackElement" SET "region" = 1535 WHERE "id" = 1563;
INSERT INTO "monitoredBy" VALUES (1563, 1561);
INSERT INTO "TrackElement" ("id") VALUES (1564);
INSERT INTO "Segment" ("id", "length") VALUES (1564, 226);
UPDATE "TrackElement" SET "region" = 1535 WHERE "id" = 1564;
INSERT INTO "monitoredBy" VALUES (1564, 1561);
INSERT INTO "TrackElement" ("id") VALUES (1565);
INSERT INTO "Segment" ("id", "length") VALUES (1565, 407);
UPDATE "TrackElement" SET "region" = 1535 WHERE "id" = 1565;
INSERT INTO "monitoredBy" VALUES (1565, 1561);
INSERT INTO "TrackElement" ("id") VALUES (1566);
INSERT INTO "Segment" ("id", "length") VALUES (1566, 914);
UPDATE "TrackElement" SET "region" = 1535 WHERE "id" = 1566;
INSERT INTO "monitoredBy" VALUES (1566, 1561);
INSERT INTO "Sensor" ("id") VALUES (1567);
UPDATE "Sensor" SET "region" = 1535 WHERE "id" = 1567;
INSERT INTO "monitoredBy" VALUES (1536, 1567);
INSERT INTO "requires" VALUES (1534, 1567);
INSERT INTO "TrackElement" ("id") VALUES (1568);
INSERT INTO "Segment" ("id", "length") VALUES (1568, 754);
UPDATE "TrackElement" SET "region" = 1535 WHERE "id" = 1568;
INSERT INTO "monitoredBy" VALUES (1568, 1567);
INSERT INTO "TrackElement" ("id") VALUES (1569);
INSERT INTO "Segment" ("id", "length") VALUES (1569, 532);
UPDATE "TrackElement" SET "region" = 1535 WHERE "id" = 1569;
INSERT INTO "monitoredBy" VALUES (1569, 1567);
INSERT INTO "TrackElement" ("id") VALUES (1570);
INSERT INTO "Segment" ("id", "length") VALUES (1570, 43);
UPDATE "TrackElement" SET "region" = 1535 WHERE "id" = 1570;
INSERT INTO "monitoredBy" VALUES (1570, 1567);
INSERT INTO "TrackElement" ("id") VALUES (1571);
INSERT INTO "Segment" ("id", "length") VALUES (1571, 102);
UPDATE "TrackElement" SET "region" = 1535 WHERE "id" = 1571;
INSERT INTO "monitoredBy" VALUES (1571, 1567);
INSERT INTO "TrackElement" ("id") VALUES (1572);
INSERT INTO "Segment" ("id", "length") VALUES (1572, 963);
UPDATE "TrackElement" SET "region" = 1535 WHERE "id" = 1572;
INSERT INTO "monitoredBy" VALUES (1572, 1567);
INSERT INTO "SwitchPosition" ("id", "position", "target") VALUES (1573, 1, 1536);
UPDATE "SwitchPosition" SET "route" = 1534 WHERE "id" = 1573;
INSERT INTO "TrackElement" ("id") VALUES (1574);
INSERT INTO "Switch" ("id", "currentPosition") VALUES (1574, 2);
UPDATE "TrackElement" SET "region" = 1535 WHERE "id" = 1574;
INSERT INTO "Sensor" ("id") VALUES (1575);
UPDATE "Sensor" SET "region" = 1535 WHERE "id" = 1575;
INSERT INTO "monitoredBy" VALUES (1574, 1575);
INSERT INTO "requires" VALUES (1534, 1575);
INSERT INTO "TrackElement" ("id") VALUES (1576);
INSERT INTO "Segment" ("id", "length") VALUES (1576, 14);
UPDATE "TrackElement" SET "region" = 1535 WHERE "id" = 1576;
INSERT INTO "monitoredBy" VALUES (1576, 1575);
INSERT INTO "TrackElement" ("id") VALUES (1577);
INSERT INTO "Segment" ("id", "length") VALUES (1577, 354);
UPDATE "TrackElement" SET "region" = 1535 WHERE "id" = 1577;
INSERT INTO "monitoredBy" VALUES (1577, 1575);
INSERT INTO "TrackElement" ("id") VALUES (1578);
INSERT INTO "Segment" ("id", "length") VALUES (1578, 731);
UPDATE "TrackElement" SET "region" = 1535 WHERE "id" = 1578;
INSERT INTO "monitoredBy" VALUES (1578, 1575);
INSERT INTO "TrackElement" ("id") VALUES (1579);
INSERT INTO "Segment" ("id", "length") VALUES (1579, 618);
UPDATE "TrackElement" SET "region" = 1535 WHERE "id" = 1579;
INSERT INTO "monitoredBy" VALUES (1579, 1575);
INSERT INTO "TrackElement" ("id") VALUES (1580);
INSERT INTO "Segment" ("id", "length") VALUES (1580, 483);
UPDATE "TrackElement" SET "region" = 1535 WHERE "id" = 1580;
INSERT INTO "monitoredBy" VALUES (1580, 1575);
INSERT INTO "Sensor" ("id") VALUES (1581);
UPDATE "Sensor" SET "region" = 1535 WHERE "id" = 1581;
INSERT INTO "monitoredBy" VALUES (1574, 1581);
INSERT INTO "requires" VALUES (1534, 1581);
INSERT INTO "TrackElement" ("id") VALUES (1582);
INSERT INTO "Segment" ("id", "length") VALUES (1582, 284);
UPDATE "TrackElement" SET "region" = 1535 WHERE "id" = 1582;
INSERT INTO "monitoredBy" VALUES (1582, 1581);
INSERT INTO "TrackElement" ("id") VALUES (1583);
INSERT INTO "Segment" ("id", "length") VALUES (1583, 437);
UPDATE "TrackElement" SET "region" = 1535 WHERE "id" = 1583;
INSERT INTO "monitoredBy" VALUES (1583, 1581);
INSERT INTO "TrackElement" ("id") VALUES (1584);
INSERT INTO "Segment" ("id", "length") VALUES (1584, 389);
UPDATE "TrackElement" SET "region" = 1535 WHERE "id" = 1584;
INSERT INTO "monitoredBy" VALUES (1584, 1581);
INSERT INTO "TrackElement" ("id") VALUES (1585);
INSERT INTO "Segment" ("id", "length") VALUES (1585, 829);
UPDATE "TrackElement" SET "region" = 1535 WHERE "id" = 1585;
INSERT INTO "monitoredBy" VALUES (1585, 1581);
INSERT INTO "TrackElement" ("id") VALUES (1586);
INSERT INTO "Segment" ("id", "length") VALUES (1586, 720);
UPDATE "TrackElement" SET "region" = 1535 WHERE "id" = 1586;
INSERT INTO "monitoredBy" VALUES (1586, 1581);
INSERT INTO "Sensor" ("id") VALUES (1587);
UPDATE "Sensor" SET "region" = 1535 WHERE "id" = 1587;
INSERT INTO "monitoredBy" VALUES (1574, 1587);
INSERT INTO "requires" VALUES (1534, 1587);
INSERT INTO "TrackElement" ("id") VALUES (1588);
INSERT INTO "Segment" ("id", "length") VALUES (1588, 316);
UPDATE "TrackElement" SET "region" = 1535 WHERE "id" = 1588;
INSERT INTO "monitoredBy" VALUES (1588, 1587);
INSERT INTO "TrackElement" ("id") VALUES (1589);
INSERT INTO "Segment" ("id", "length") VALUES (1589, 87);
UPDATE "TrackElement" SET "region" = 1535 WHERE "id" = 1589;
INSERT INTO "monitoredBy" VALUES (1589, 1587);
INSERT INTO "TrackElement" ("id") VALUES (1590);
INSERT INTO "Segment" ("id", "length") VALUES (1590, 812);
UPDATE "TrackElement" SET "region" = 1535 WHERE "id" = 1590;
INSERT INTO "monitoredBy" VALUES (1590, 1587);
INSERT INTO "TrackElement" ("id") VALUES (1591);
INSERT INTO "Segment" ("id", "length") VALUES (1591, 108);
UPDATE "TrackElement" SET "region" = 1535 WHERE "id" = 1591;
INSERT INTO "monitoredBy" VALUES (1591, 1587);
INSERT INTO "TrackElement" ("id") VALUES (1592);
INSERT INTO "Segment" ("id", "length") VALUES (1592, 390);
UPDATE "TrackElement" SET "region" = 1535 WHERE "id" = 1592;
INSERT INTO "monitoredBy" VALUES (1592, 1587);
INSERT INTO "Sensor" ("id") VALUES (1593);
UPDATE "Sensor" SET "region" = 1535 WHERE "id" = 1593;
INSERT INTO "monitoredBy" VALUES (1574, 1593);
INSERT INTO "requires" VALUES (1534, 1593);
INSERT INTO "TrackElement" ("id") VALUES (1594);
INSERT INTO "Segment" ("id", "length") VALUES (1594, 43);
UPDATE "TrackElement" SET "region" = 1535 WHERE "id" = 1594;
INSERT INTO "monitoredBy" VALUES (1594, 1593);
INSERT INTO "TrackElement" ("id") VALUES (1595);
INSERT INTO "Segment" ("id", "length") VALUES (1595, 757);
UPDATE "TrackElement" SET "region" = 1535 WHERE "id" = 1595;
INSERT INTO "monitoredBy" VALUES (1595, 1593);
INSERT INTO "TrackElement" ("id") VALUES (1596);
INSERT INTO "Segment" ("id", "length") VALUES (1596, 753);
UPDATE "TrackElement" SET "region" = 1535 WHERE "id" = 1596;
INSERT INTO "monitoredBy" VALUES (1596, 1593);
INSERT INTO "TrackElement" ("id") VALUES (1597);
INSERT INTO "Segment" ("id", "length") VALUES (1597, 999);
UPDATE "TrackElement" SET "region" = 1535 WHERE "id" = 1597;
INSERT INTO "monitoredBy" VALUES (1597, 1593);
INSERT INTO "TrackElement" ("id") VALUES (1598);
INSERT INTO "Segment" ("id", "length") VALUES (1598, 122);
UPDATE "TrackElement" SET "region" = 1535 WHERE "id" = 1598;
INSERT INTO "monitoredBy" VALUES (1598, 1593);
INSERT INTO "SwitchPosition" ("id", "position", "target") VALUES (1599, 2, 1574);
UPDATE "SwitchPosition" SET "route" = 1534 WHERE "id" = 1599;
INSERT INTO "TrackElement" ("id") VALUES (1600);
INSERT INTO "Switch" ("id", "currentPosition") VALUES (1600, 1);
UPDATE "TrackElement" SET "region" = 1535 WHERE "id" = 1600;
INSERT INTO "Sensor" ("id") VALUES (1601);
UPDATE "Sensor" SET "region" = 1535 WHERE "id" = 1601;
INSERT INTO "monitoredBy" VALUES (1600, 1601);
INSERT INTO "requires" VALUES (1534, 1601);
INSERT INTO "TrackElement" ("id") VALUES (1602);
INSERT INTO "Segment" ("id", "length") VALUES (1602, 450);
UPDATE "TrackElement" SET "region" = 1535 WHERE "id" = 1602;
INSERT INTO "monitoredBy" VALUES (1602, 1601);
INSERT INTO "TrackElement" ("id") VALUES (1603);
INSERT INTO "Segment" ("id", "length") VALUES (1603, 606);
UPDATE "TrackElement" SET "region" = 1535 WHERE "id" = 1603;
INSERT INTO "monitoredBy" VALUES (1603, 1601);
INSERT INTO "TrackElement" ("id") VALUES (1604);
INSERT INTO "Segment" ("id", "length") VALUES (1604, 143);
UPDATE "TrackElement" SET "region" = 1535 WHERE "id" = 1604;
INSERT INTO "monitoredBy" VALUES (1604, 1601);
INSERT INTO "TrackElement" ("id") VALUES (1605);
INSERT INTO "Segment" ("id", "length") VALUES (1605, 430);
UPDATE "TrackElement" SET "region" = 1535 WHERE "id" = 1605;
INSERT INTO "monitoredBy" VALUES (1605, 1601);
INSERT INTO "TrackElement" ("id") VALUES (1606);
INSERT INTO "Segment" ("id", "length") VALUES (1606, 377);
UPDATE "TrackElement" SET "region" = 1535 WHERE "id" = 1606;
INSERT INTO "monitoredBy" VALUES (1606, 1601);
INSERT INTO "Sensor" ("id") VALUES (1607);
UPDATE "Sensor" SET "region" = 1535 WHERE "id" = 1607;
INSERT INTO "monitoredBy" VALUES (1600, 1607);
INSERT INTO "requires" VALUES (1534, 1607);
INSERT INTO "TrackElement" ("id") VALUES (1608);
INSERT INTO "Segment" ("id", "length") VALUES (1608, 928);
UPDATE "TrackElement" SET "region" = 1535 WHERE "id" = 1608;
INSERT INTO "monitoredBy" VALUES (1608, 1607);
INSERT INTO "TrackElement" ("id") VALUES (1609);
INSERT INTO "Segment" ("id", "length") VALUES (1609, 511);
UPDATE "TrackElement" SET "region" = 1535 WHERE "id" = 1609;
INSERT INTO "monitoredBy" VALUES (1609, 1607);
INSERT INTO "TrackElement" ("id") VALUES (1610);
INSERT INTO "Segment" ("id", "length") VALUES (1610, 552);
UPDATE "TrackElement" SET "region" = 1535 WHERE "id" = 1610;
INSERT INTO "monitoredBy" VALUES (1610, 1607);
INSERT INTO "TrackElement" ("id") VALUES (1611);
INSERT INTO "Segment" ("id", "length") VALUES (1611, 84);
UPDATE "TrackElement" SET "region" = 1535 WHERE "id" = 1611;
INSERT INTO "monitoredBy" VALUES (1611, 1607);
INSERT INTO "TrackElement" ("id") VALUES (1612);
INSERT INTO "Segment" ("id", "length") VALUES (1612, 15);
UPDATE "TrackElement" SET "region" = 1535 WHERE "id" = 1612;
INSERT INTO "monitoredBy" VALUES (1612, 1607);
INSERT INTO "Sensor" ("id") VALUES (1613);
UPDATE "Sensor" SET "region" = 1535 WHERE "id" = 1613;
INSERT INTO "monitoredBy" VALUES (1600, 1613);
INSERT INTO "requires" VALUES (1534, 1613);
INSERT INTO "TrackElement" ("id") VALUES (1614);
INSERT INTO "Segment" ("id", "length") VALUES (1614, 201);
UPDATE "TrackElement" SET "region" = 1535 WHERE "id" = 1614;
INSERT INTO "monitoredBy" VALUES (1614, 1613);
INSERT INTO "TrackElement" ("id") VALUES (1615);
INSERT INTO "Segment" ("id", "length") VALUES (1615, 782);
UPDATE "TrackElement" SET "region" = 1535 WHERE "id" = 1615;
INSERT INTO "monitoredBy" VALUES (1615, 1613);
INSERT INTO "TrackElement" ("id") VALUES (1616);
INSERT INTO "Segment" ("id", "length") VALUES (1616, 843);
UPDATE "TrackElement" SET "region" = 1535 WHERE "id" = 1616;
INSERT INTO "monitoredBy" VALUES (1616, 1613);
INSERT INTO "TrackElement" ("id") VALUES (1617);
INSERT INTO "Segment" ("id", "length") VALUES (1617, 621);
UPDATE "TrackElement" SET "region" = 1535 WHERE "id" = 1617;
INSERT INTO "monitoredBy" VALUES (1617, 1613);
INSERT INTO "TrackElement" ("id") VALUES (1618);
INSERT INTO "Segment" ("id", "length") VALUES (1618, 815);
UPDATE "TrackElement" SET "region" = 1535 WHERE "id" = 1618;
INSERT INTO "monitoredBy" VALUES (1618, 1613);
INSERT INTO "Sensor" ("id") VALUES (1619);
UPDATE "Sensor" SET "region" = 1535 WHERE "id" = 1619;
INSERT INTO "monitoredBy" VALUES (1600, 1619);
INSERT INTO "requires" VALUES (1534, 1619);
INSERT INTO "TrackElement" ("id") VALUES (1620);
INSERT INTO "Segment" ("id", "length") VALUES (1620, 880);
UPDATE "TrackElement" SET "region" = 1535 WHERE "id" = 1620;
INSERT INTO "monitoredBy" VALUES (1620, 1619);
INSERT INTO "TrackElement" ("id") VALUES (1621);
INSERT INTO "Segment" ("id", "length") VALUES (1621, 144);
UPDATE "TrackElement" SET "region" = 1535 WHERE "id" = 1621;
INSERT INTO "monitoredBy" VALUES (1621, 1619);
INSERT INTO "TrackElement" ("id") VALUES (1622);
INSERT INTO "Segment" ("id", "length") VALUES (1622, 404);
UPDATE "TrackElement" SET "region" = 1535 WHERE "id" = 1622;
INSERT INTO "monitoredBy" VALUES (1622, 1619);
INSERT INTO "TrackElement" ("id") VALUES (1623);
INSERT INTO "Segment" ("id", "length") VALUES (1623, 620);
UPDATE "TrackElement" SET "region" = 1535 WHERE "id" = 1623;
INSERT INTO "monitoredBy" VALUES (1623, 1619);
INSERT INTO "TrackElement" ("id") VALUES (1624);
INSERT INTO "Segment" ("id", "length") VALUES (1624, 933);
UPDATE "TrackElement" SET "region" = 1535 WHERE "id" = 1624;
INSERT INTO "monitoredBy" VALUES (1624, 1619);
INSERT INTO "SwitchPosition" ("id", "position", "target") VALUES (1625, 1, 1600);
UPDATE "SwitchPosition" SET "route" = 1534 WHERE "id" = 1625;
INSERT INTO "TrackElement" ("id") VALUES (1626);
INSERT INTO "Switch" ("id", "currentPosition") VALUES (1626, 1);
UPDATE "TrackElement" SET "region" = 1535 WHERE "id" = 1626;
INSERT INTO "Sensor" ("id") VALUES (1627);
UPDATE "Sensor" SET "region" = 1535 WHERE "id" = 1627;
INSERT INTO "monitoredBy" VALUES (1626, 1627);
INSERT INTO "requires" VALUES (1534, 1627);
INSERT INTO "TrackElement" ("id") VALUES (1628);
INSERT INTO "Segment" ("id", "length") VALUES (1628, 946);
UPDATE "TrackElement" SET "region" = 1535 WHERE "id" = 1628;
INSERT INTO "monitoredBy" VALUES (1628, 1627);
INSERT INTO "TrackElement" ("id") VALUES (1629);
INSERT INTO "Segment" ("id", "length") VALUES (1629, 719);
UPDATE "TrackElement" SET "region" = 1535 WHERE "id" = 1629;
INSERT INTO "monitoredBy" VALUES (1629, 1627);
INSERT INTO "TrackElement" ("id") VALUES (1630);
INSERT INTO "Segment" ("id", "length") VALUES (1630, 920);
UPDATE "TrackElement" SET "region" = 1535 WHERE "id" = 1630;
INSERT INTO "monitoredBy" VALUES (1630, 1627);
INSERT INTO "TrackElement" ("id") VALUES (1631);
INSERT INTO "Segment" ("id", "length") VALUES (1631, 667);
UPDATE "TrackElement" SET "region" = 1535 WHERE "id" = 1631;
INSERT INTO "monitoredBy" VALUES (1631, 1627);
INSERT INTO "TrackElement" ("id") VALUES (1632);
INSERT INTO "Segment" ("id", "length") VALUES (1632, 653);
UPDATE "TrackElement" SET "region" = 1535 WHERE "id" = 1632;
INSERT INTO "monitoredBy" VALUES (1632, 1627);
INSERT INTO "Sensor" ("id") VALUES (1633);
UPDATE "Sensor" SET "region" = 1535 WHERE "id" = 1633;
INSERT INTO "monitoredBy" VALUES (1626, 1633);
INSERT INTO "requires" VALUES (1534, 1633);
INSERT INTO "TrackElement" ("id") VALUES (1634);
INSERT INTO "Segment" ("id", "length") VALUES (1634, 659);
UPDATE "TrackElement" SET "region" = 1535 WHERE "id" = 1634;
INSERT INTO "monitoredBy" VALUES (1634, 1633);
INSERT INTO "TrackElement" ("id") VALUES (1635);
INSERT INTO "Segment" ("id", "length") VALUES (1635, 789);
UPDATE "TrackElement" SET "region" = 1535 WHERE "id" = 1635;
INSERT INTO "monitoredBy" VALUES (1635, 1633);
INSERT INTO "TrackElement" ("id") VALUES (1636);
INSERT INTO "Segment" ("id", "length") VALUES (1636, 436);
UPDATE "TrackElement" SET "region" = 1535 WHERE "id" = 1636;
INSERT INTO "monitoredBy" VALUES (1636, 1633);
INSERT INTO "TrackElement" ("id") VALUES (1637);
INSERT INTO "Segment" ("id", "length") VALUES (1637, 449);
UPDATE "TrackElement" SET "region" = 1535 WHERE "id" = 1637;
INSERT INTO "monitoredBy" VALUES (1637, 1633);
INSERT INTO "TrackElement" ("id") VALUES (1638);
INSERT INTO "Segment" ("id", "length") VALUES (1638, 581);
UPDATE "TrackElement" SET "region" = 1535 WHERE "id" = 1638;
INSERT INTO "monitoredBy" VALUES (1638, 1633);
INSERT INTO "Sensor" ("id") VALUES (1639);
UPDATE "Sensor" SET "region" = 1535 WHERE "id" = 1639;
INSERT INTO "monitoredBy" VALUES (1626, 1639);
INSERT INTO "requires" VALUES (1534, 1639);
INSERT INTO "TrackElement" ("id") VALUES (1640);
INSERT INTO "Segment" ("id", "length") VALUES (1640, 657);
UPDATE "TrackElement" SET "region" = 1535 WHERE "id" = 1640;
INSERT INTO "monitoredBy" VALUES (1640, 1639);
INSERT INTO "TrackElement" ("id") VALUES (1641);
INSERT INTO "Segment" ("id", "length") VALUES (1641, 386);
UPDATE "TrackElement" SET "region" = 1535 WHERE "id" = 1641;
INSERT INTO "monitoredBy" VALUES (1641, 1639);
INSERT INTO "TrackElement" ("id") VALUES (1642);
INSERT INTO "Segment" ("id", "length") VALUES (1642, 612);
UPDATE "TrackElement" SET "region" = 1535 WHERE "id" = 1642;
INSERT INTO "monitoredBy" VALUES (1642, 1639);
INSERT INTO "TrackElement" ("id") VALUES (1643);
INSERT INTO "Segment" ("id", "length") VALUES (1643, 165);
UPDATE "TrackElement" SET "region" = 1535 WHERE "id" = 1643;
INSERT INTO "monitoredBy" VALUES (1643, 1639);
INSERT INTO "TrackElement" ("id") VALUES (1644);
INSERT INTO "Segment" ("id", "length") VALUES (1644, 925);
UPDATE "TrackElement" SET "region" = 1535 WHERE "id" = 1644;
INSERT INTO "monitoredBy" VALUES (1644, 1639);
INSERT INTO "Sensor" ("id") VALUES (1645);
UPDATE "Sensor" SET "region" = 1535 WHERE "id" = 1645;
INSERT INTO "monitoredBy" VALUES (1626, 1645);
INSERT INTO "requires" VALUES (1534, 1645);
INSERT INTO "TrackElement" ("id") VALUES (1646);
INSERT INTO "Segment" ("id", "length") VALUES (1646, 102);
UPDATE "TrackElement" SET "region" = 1535 WHERE "id" = 1646;
INSERT INTO "monitoredBy" VALUES (1646, 1645);
INSERT INTO "TrackElement" ("id") VALUES (1647);
INSERT INTO "Segment" ("id", "length") VALUES (1647, 51);
UPDATE "TrackElement" SET "region" = 1535 WHERE "id" = 1647;
INSERT INTO "monitoredBy" VALUES (1647, 1645);
INSERT INTO "TrackElement" ("id") VALUES (1648);
INSERT INTO "Segment" ("id", "length") VALUES (1648, 340);
UPDATE "TrackElement" SET "region" = 1535 WHERE "id" = 1648;
INSERT INTO "monitoredBy" VALUES (1648, 1645);
INSERT INTO "TrackElement" ("id") VALUES (1649);
INSERT INTO "Segment" ("id", "length") VALUES (1649, 671);
UPDATE "TrackElement" SET "region" = 1535 WHERE "id" = 1649;
INSERT INTO "monitoredBy" VALUES (1649, 1645);
INSERT INTO "TrackElement" ("id") VALUES (1650);
INSERT INTO "Segment" ("id", "length") VALUES (1650, 973);
UPDATE "TrackElement" SET "region" = 1535 WHERE "id" = 1650;
INSERT INTO "monitoredBy" VALUES (1650, 1645);
INSERT INTO "Sensor" ("id") VALUES (1651);
UPDATE "Sensor" SET "region" = 1535 WHERE "id" = 1651;
INSERT INTO "monitoredBy" VALUES (1626, 1651);
INSERT INTO "requires" VALUES (1534, 1651);
INSERT INTO "TrackElement" ("id") VALUES (1652);
INSERT INTO "Segment" ("id", "length") VALUES (1652, 512);
UPDATE "TrackElement" SET "region" = 1535 WHERE "id" = 1652;
INSERT INTO "monitoredBy" VALUES (1652, 1651);
INSERT INTO "TrackElement" ("id") VALUES (1653);
INSERT INTO "Segment" ("id", "length") VALUES (1653, 996);
UPDATE "TrackElement" SET "region" = 1535 WHERE "id" = 1653;
INSERT INTO "monitoredBy" VALUES (1653, 1651);
INSERT INTO "TrackElement" ("id") VALUES (1654);
INSERT INTO "Segment" ("id", "length") VALUES (1654, 329);
UPDATE "TrackElement" SET "region" = 1535 WHERE "id" = 1654;
INSERT INTO "monitoredBy" VALUES (1654, 1651);
INSERT INTO "TrackElement" ("id") VALUES (1655);
INSERT INTO "Segment" ("id", "length") VALUES (1655, 136);
UPDATE "TrackElement" SET "region" = 1535 WHERE "id" = 1655;
INSERT INTO "monitoredBy" VALUES (1655, 1651);
INSERT INTO "TrackElement" ("id") VALUES (1656);
INSERT INTO "Segment" ("id", "length") VALUES (1656, 789);
UPDATE "TrackElement" SET "region" = 1535 WHERE "id" = 1656;
INSERT INTO "monitoredBy" VALUES (1656, 1651);
INSERT INTO "SwitchPosition" ("id", "position", "target") VALUES (1657, 1, 1626);
UPDATE "SwitchPosition" SET "route" = 1534 WHERE "id" = 1657;
INSERT INTO "connectsTo" VALUES (1536, 1538);
INSERT INTO "connectsTo" VALUES (1538, 1539);
INSERT INTO "connectsTo" VALUES (1539, 1540);
INSERT INTO "connectsTo" VALUES (1540, 1541);
INSERT INTO "connectsTo" VALUES (1541, 1542);
INSERT INTO "connectsTo" VALUES (1542, 1544);
INSERT INTO "connectsTo" VALUES (1544, 1545);
INSERT INTO "connectsTo" VALUES (1545, 1546);
INSERT INTO "connectsTo" VALUES (1546, 1547);
INSERT INTO "connectsTo" VALUES (1547, 1548);
INSERT INTO "connectsTo" VALUES (1548, 1550);
INSERT INTO "connectsTo" VALUES (1550, 1551);
INSERT INTO "connectsTo" VALUES (1551, 1552);
INSERT INTO "connectsTo" VALUES (1552, 1553);
INSERT INTO "connectsTo" VALUES (1553, 1554);
INSERT INTO "connectsTo" VALUES (1554, 1556);
INSERT INTO "connectsTo" VALUES (1556, 1557);
INSERT INTO "connectsTo" VALUES (1557, 1558);
INSERT INTO "connectsTo" VALUES (1558, 1559);
INSERT INTO "connectsTo" VALUES (1559, 1560);
INSERT INTO "connectsTo" VALUES (1560, 1562);
INSERT INTO "connectsTo" VALUES (1562, 1563);
INSERT INTO "connectsTo" VALUES (1563, 1564);
INSERT INTO "connectsTo" VALUES (1564, 1565);
INSERT INTO "connectsTo" VALUES (1565, 1566);
INSERT INTO "connectsTo" VALUES (1566, 1568);
INSERT INTO "connectsTo" VALUES (1568, 1569);
INSERT INTO "connectsTo" VALUES (1569, 1570);
INSERT INTO "connectsTo" VALUES (1570, 1571);
INSERT INTO "connectsTo" VALUES (1571, 1572);
INSERT INTO "connectsTo" VALUES (1572, 1574);
INSERT INTO "connectsTo" VALUES (1574, 1576);
INSERT INTO "connectsTo" VALUES (1576, 1577);
INSERT INTO "connectsTo" VALUES (1577, 1578);
INSERT INTO "connectsTo" VALUES (1578, 1579);
INSERT INTO "connectsTo" VALUES (1579, 1580);
INSERT INTO "connectsTo" VALUES (1580, 1582);
INSERT INTO "connectsTo" VALUES (1582, 1583);
INSERT INTO "connectsTo" VALUES (1583, 1584);
INSERT INTO "connectsTo" VALUES (1584, 1585);
INSERT INTO "connectsTo" VALUES (1585, 1586);
INSERT INTO "connectsTo" VALUES (1586, 1588);
INSERT INTO "connectsTo" VALUES (1588, 1589);
INSERT INTO "connectsTo" VALUES (1589, 1590);
INSERT INTO "connectsTo" VALUES (1590, 1591);
INSERT INTO "connectsTo" VALUES (1591, 1592);
INSERT INTO "connectsTo" VALUES (1592, 1594);
INSERT INTO "connectsTo" VALUES (1594, 1595);
INSERT INTO "connectsTo" VALUES (1595, 1596);
INSERT INTO "connectsTo" VALUES (1596, 1597);
INSERT INTO "connectsTo" VALUES (1597, 1598);
INSERT INTO "connectsTo" VALUES (1598, 1600);
INSERT INTO "connectsTo" VALUES (1600, 1602);
INSERT INTO "connectsTo" VALUES (1602, 1603);
INSERT INTO "connectsTo" VALUES (1603, 1604);
INSERT INTO "connectsTo" VALUES (1604, 1605);
INSERT INTO "connectsTo" VALUES (1605, 1606);
INSERT INTO "connectsTo" VALUES (1606, 1608);
INSERT INTO "connectsTo" VALUES (1608, 1609);
INSERT INTO "connectsTo" VALUES (1609, 1610);
INSERT INTO "connectsTo" VALUES (1610, 1611);
INSERT INTO "connectsTo" VALUES (1611, 1612);
INSERT INTO "connectsTo" VALUES (1612, 1614);
INSERT INTO "connectsTo" VALUES (1614, 1615);
INSERT INTO "connectsTo" VALUES (1615, 1616);
INSERT INTO "connectsTo" VALUES (1616, 1617);
INSERT INTO "connectsTo" VALUES (1617, 1618);
INSERT INTO "connectsTo" VALUES (1618, 1620);
INSERT INTO "connectsTo" VALUES (1620, 1621);
INSERT INTO "connectsTo" VALUES (1621, 1622);
INSERT INTO "connectsTo" VALUES (1622, 1623);
INSERT INTO "connectsTo" VALUES (1623, 1624);
INSERT INTO "connectsTo" VALUES (1624, 1626);
INSERT INTO "connectsTo" VALUES (1626, 1628);
INSERT INTO "connectsTo" VALUES (1628, 1629);
INSERT INTO "connectsTo" VALUES (1629, 1630);
INSERT INTO "connectsTo" VALUES (1630, 1631);
INSERT INTO "connectsTo" VALUES (1631, 1632);
INSERT INTO "connectsTo" VALUES (1632, 1634);
INSERT INTO "connectsTo" VALUES (1634, 1635);
INSERT INTO "connectsTo" VALUES (1635, 1636);
INSERT INTO "connectsTo" VALUES (1636, 1637);
INSERT INTO "connectsTo" VALUES (1637, 1638);
INSERT INTO "connectsTo" VALUES (1638, 1640);
INSERT INTO "connectsTo" VALUES (1640, 1641);
INSERT INTO "connectsTo" VALUES (1641, 1642);
INSERT INTO "connectsTo" VALUES (1642, 1643);
INSERT INTO "connectsTo" VALUES (1643, 1644);
INSERT INTO "connectsTo" VALUES (1644, 1646);
INSERT INTO "connectsTo" VALUES (1646, 1647);
INSERT INTO "connectsTo" VALUES (1647, 1648);
INSERT INTO "connectsTo" VALUES (1648, 1649);
INSERT INTO "connectsTo" VALUES (1649, 1650);
INSERT INTO "connectsTo" VALUES (1650, 1652);
INSERT INTO "connectsTo" VALUES (1652, 1653);
INSERT INTO "connectsTo" VALUES (1653, 1654);
INSERT INTO "connectsTo" VALUES (1654, 1655);
INSERT INTO "connectsTo" VALUES (1655, 1656);
INSERT INTO "connectsTo" VALUES (1531, 1536);
INSERT INTO "Semaphore" ("id", "signal") VALUES (1658, 2);
INSERT INTO "Route" ("id", "active", "entry", "exit") VALUES (1659, 1, 1533, 1658);
INSERT INTO "Region" ("id") VALUES (1660);
INSERT INTO "TrackElement" ("id") VALUES (1661);
INSERT INTO "Switch" ("id", "currentPosition") VALUES (1661, 0);
UPDATE "TrackElement" SET "region" = 1660 WHERE "id" = 1661;
INSERT INTO "Sensor" ("id") VALUES (1662);
UPDATE "Sensor" SET "region" = 1660 WHERE "id" = 1662;
INSERT INTO "monitoredBy" VALUES (1661, 1662);
INSERT INTO "requires" VALUES (1659, 1662);
INSERT INTO "TrackElement" ("id") VALUES (1663);
INSERT INTO "Segment" ("id", "length") VALUES (1663, 62);
UPDATE "TrackElement" SET "region" = 1660 WHERE "id" = 1663;
INSERT INTO "monitoredBy" VALUES (1663, 1662);
UPDATE "Semaphore" SET "segment" = 1663 WHERE "id" = 1658;
INSERT INTO "TrackElement" ("id") VALUES (1664);
INSERT INTO "Segment" ("id", "length") VALUES (1664, 183);
UPDATE "TrackElement" SET "region" = 1660 WHERE "id" = 1664;
INSERT INTO "monitoredBy" VALUES (1664, 1662);
INSERT INTO "TrackElement" ("id") VALUES (1665);
INSERT INTO "Segment" ("id", "length") VALUES (1665, 634);
UPDATE "TrackElement" SET "region" = 1660 WHERE "id" = 1665;
INSERT INTO "monitoredBy" VALUES (1665, 1662);
INSERT INTO "TrackElement" ("id") VALUES (1666);
INSERT INTO "Segment" ("id", "length") VALUES (1666, 512);
UPDATE "TrackElement" SET "region" = 1660 WHERE "id" = 1666;
INSERT INTO "monitoredBy" VALUES (1666, 1662);
INSERT INTO "TrackElement" ("id") VALUES (1667);
INSERT INTO "Segment" ("id", "length") VALUES (1667, 27);
UPDATE "TrackElement" SET "region" = 1660 WHERE "id" = 1667;
INSERT INTO "monitoredBy" VALUES (1667, 1662);
INSERT INTO "Sensor" ("id") VALUES (1668);
UPDATE "Sensor" SET "region" = 1660 WHERE "id" = 1668;
INSERT INTO "monitoredBy" VALUES (1661, 1668);
INSERT INTO "requires" VALUES (1659, 1668);
INSERT INTO "TrackElement" ("id") VALUES (1669);
INSERT INTO "Segment" ("id", "length") VALUES (1669, 367);
UPDATE "TrackElement" SET "region" = 1660 WHERE "id" = 1669;
INSERT INTO "monitoredBy" VALUES (1669, 1668);
INSERT INTO "TrackElement" ("id") VALUES (1670);
INSERT INTO "Segment" ("id", "length") VALUES (1670, 205);
UPDATE "TrackElement" SET "region" = 1660 WHERE "id" = 1670;
INSERT INTO "monitoredBy" VALUES (1670, 1668);
INSERT INTO "TrackElement" ("id") VALUES (1671);
INSERT INTO "Segment" ("id", "length") VALUES (1671, 230);
UPDATE "TrackElement" SET "region" = 1660 WHERE "id" = 1671;
INSERT INTO "monitoredBy" VALUES (1671, 1668);
INSERT INTO "TrackElement" ("id") VALUES (1672);
INSERT INTO "Segment" ("id", "length") VALUES (1672, 410);
UPDATE "TrackElement" SET "region" = 1660 WHERE "id" = 1672;
INSERT INTO "monitoredBy" VALUES (1672, 1668);
INSERT INTO "TrackElement" ("id") VALUES (1673);
INSERT INTO "Segment" ("id", "length") VALUES (1673, 518);
UPDATE "TrackElement" SET "region" = 1660 WHERE "id" = 1673;
INSERT INTO "monitoredBy" VALUES (1673, 1668);
INSERT INTO "Sensor" ("id") VALUES (1674);
UPDATE "Sensor" SET "region" = 1660 WHERE "id" = 1674;
INSERT INTO "monitoredBy" VALUES (1661, 1674);
INSERT INTO "requires" VALUES (1659, 1674);
INSERT INTO "TrackElement" ("id") VALUES (1675);
INSERT INTO "Segment" ("id", "length") VALUES (1675, 658);
UPDATE "TrackElement" SET "region" = 1660 WHERE "id" = 1675;
INSERT INTO "monitoredBy" VALUES (1675, 1674);
INSERT INTO "TrackElement" ("id") VALUES (1676);
INSERT INTO "Segment" ("id", "length") VALUES (1676, 908);
UPDATE "TrackElement" SET "region" = 1660 WHERE "id" = 1676;
INSERT INTO "monitoredBy" VALUES (1676, 1674);
INSERT INTO "TrackElement" ("id") VALUES (1677);
INSERT INTO "Segment" ("id", "length") VALUES (1677, 816);
UPDATE "TrackElement" SET "region" = 1660 WHERE "id" = 1677;
INSERT INTO "monitoredBy" VALUES (1677, 1674);
INSERT INTO "TrackElement" ("id") VALUES (1678);
INSERT INTO "Segment" ("id", "length") VALUES (1678, 489);
UPDATE "TrackElement" SET "region" = 1660 WHERE "id" = 1678;
INSERT INTO "monitoredBy" VALUES (1678, 1674);
INSERT INTO "TrackElement" ("id") VALUES (1679);
INSERT INTO "Segment" ("id", "length") VALUES (1679, 450);
UPDATE "TrackElement" SET "region" = 1660 WHERE "id" = 1679;
INSERT INTO "monitoredBy" VALUES (1679, 1674);
INSERT INTO "Sensor" ("id") VALUES (1680);
UPDATE "Sensor" SET "region" = 1660 WHERE "id" = 1680;
INSERT INTO "monitoredBy" VALUES (1661, 1680);
INSERT INTO "requires" VALUES (1659, 1680);
INSERT INTO "TrackElement" ("id") VALUES (1681);
INSERT INTO "Segment" ("id", "length") VALUES (1681, 360);
UPDATE "TrackElement" SET "region" = 1660 WHERE "id" = 1681;
INSERT INTO "monitoredBy" VALUES (1681, 1680);
INSERT INTO "TrackElement" ("id") VALUES (1682);
INSERT INTO "Segment" ("id", "length") VALUES (1682, 471);
UPDATE "TrackElement" SET "region" = 1660 WHERE "id" = 1682;
INSERT INTO "monitoredBy" VALUES (1682, 1680);
INSERT INTO "TrackElement" ("id") VALUES (1683);
INSERT INTO "Segment" ("id", "length") VALUES (1683, 137);
UPDATE "TrackElement" SET "region" = 1660 WHERE "id" = 1683;
INSERT INTO "monitoredBy" VALUES (1683, 1680);
INSERT INTO "TrackElement" ("id") VALUES (1684);
INSERT INTO "Segment" ("id", "length") VALUES (1684, 974);
UPDATE "TrackElement" SET "region" = 1660 WHERE "id" = 1684;
INSERT INTO "monitoredBy" VALUES (1684, 1680);
INSERT INTO "TrackElement" ("id") VALUES (1685);
INSERT INTO "Segment" ("id", "length") VALUES (1685, 483);
UPDATE "TrackElement" SET "region" = 1660 WHERE "id" = 1685;
INSERT INTO "monitoredBy" VALUES (1685, 1680);
INSERT INTO "Sensor" ("id") VALUES (1686);
UPDATE "Sensor" SET "region" = 1660 WHERE "id" = 1686;
INSERT INTO "monitoredBy" VALUES (1661, 1686);
INSERT INTO "requires" VALUES (1659, 1686);
INSERT INTO "TrackElement" ("id") VALUES (1687);
INSERT INTO "Segment" ("id", "length") VALUES (1687, 809);
UPDATE "TrackElement" SET "region" = 1660 WHERE "id" = 1687;
INSERT INTO "monitoredBy" VALUES (1687, 1686);
INSERT INTO "TrackElement" ("id") VALUES (1688);
INSERT INTO "Segment" ("id", "length") VALUES (1688, 422);
UPDATE "TrackElement" SET "region" = 1660 WHERE "id" = 1688;
INSERT INTO "monitoredBy" VALUES (1688, 1686);
INSERT INTO "TrackElement" ("id") VALUES (1689);
INSERT INTO "Segment" ("id", "length") VALUES (1689, 475);
UPDATE "TrackElement" SET "region" = 1660 WHERE "id" = 1689;
INSERT INTO "monitoredBy" VALUES (1689, 1686);
INSERT INTO "TrackElement" ("id") VALUES (1690);
INSERT INTO "Segment" ("id", "length") VALUES (1690, 395);
UPDATE "TrackElement" SET "region" = 1660 WHERE "id" = 1690;
INSERT INTO "monitoredBy" VALUES (1690, 1686);
INSERT INTO "TrackElement" ("id") VALUES (1691);
INSERT INTO "Segment" ("id", "length") VALUES (1691, 831);
UPDATE "TrackElement" SET "region" = 1660 WHERE "id" = 1691;
INSERT INTO "monitoredBy" VALUES (1691, 1686);
INSERT INTO "Sensor" ("id") VALUES (1692);
UPDATE "Sensor" SET "region" = 1660 WHERE "id" = 1692;
INSERT INTO "monitoredBy" VALUES (1661, 1692);
INSERT INTO "requires" VALUES (1659, 1692);
INSERT INTO "TrackElement" ("id") VALUES (1693);
INSERT INTO "Segment" ("id", "length") VALUES (1693, 63);
UPDATE "TrackElement" SET "region" = 1660 WHERE "id" = 1693;
INSERT INTO "monitoredBy" VALUES (1693, 1692);
INSERT INTO "TrackElement" ("id") VALUES (1694);
INSERT INTO "Segment" ("id", "length") VALUES (1694, 992);
UPDATE "TrackElement" SET "region" = 1660 WHERE "id" = 1694;
INSERT INTO "monitoredBy" VALUES (1694, 1692);
INSERT INTO "TrackElement" ("id") VALUES (1695);
INSERT INTO "Segment" ("id", "length") VALUES (1695, 93);
UPDATE "TrackElement" SET "region" = 1660 WHERE "id" = 1695;
INSERT INTO "monitoredBy" VALUES (1695, 1692);
INSERT INTO "TrackElement" ("id") VALUES (1696);
INSERT INTO "Segment" ("id", "length") VALUES (1696, 26);
UPDATE "TrackElement" SET "region" = 1660 WHERE "id" = 1696;
INSERT INTO "monitoredBy" VALUES (1696, 1692);
INSERT INTO "TrackElement" ("id") VALUES (1697);
INSERT INTO "Segment" ("id", "length") VALUES (1697, 652);
UPDATE "TrackElement" SET "region" = 1660 WHERE "id" = 1697;
INSERT INTO "monitoredBy" VALUES (1697, 1692);
INSERT INTO "Sensor" ("id") VALUES (1698);
UPDATE "Sensor" SET "region" = 1660 WHERE "id" = 1698;
INSERT INTO "monitoredBy" VALUES (1661, 1698);
INSERT INTO "requires" VALUES (1659, 1698);
INSERT INTO "TrackElement" ("id") VALUES (1699);
INSERT INTO "Segment" ("id", "length") VALUES (1699, 247);
UPDATE "TrackElement" SET "region" = 1660 WHERE "id" = 1699;
INSERT INTO "monitoredBy" VALUES (1699, 1698);
INSERT INTO "TrackElement" ("id") VALUES (1700);
INSERT INTO "Segment" ("id", "length") VALUES (1700, 933);
UPDATE "TrackElement" SET "region" = 1660 WHERE "id" = 1700;
INSERT INTO "monitoredBy" VALUES (1700, 1698);
INSERT INTO "TrackElement" ("id") VALUES (1701);
INSERT INTO "Segment" ("id", "length") VALUES (1701, 345);
UPDATE "TrackElement" SET "region" = 1660 WHERE "id" = 1701;
INSERT INTO "monitoredBy" VALUES (1701, 1698);
INSERT INTO "TrackElement" ("id") VALUES (1702);
INSERT INTO "Segment" ("id", "length") VALUES (1702, 892);
UPDATE "TrackElement" SET "region" = 1660 WHERE "id" = 1702;
INSERT INTO "monitoredBy" VALUES (1702, 1698);
INSERT INTO "TrackElement" ("id") VALUES (1703);
INSERT INTO "Segment" ("id", "length") VALUES (1703, 55);
UPDATE "TrackElement" SET "region" = 1660 WHERE "id" = 1703;
INSERT INTO "monitoredBy" VALUES (1703, 1698);
INSERT INTO "Sensor" ("id") VALUES (1704);
UPDATE "Sensor" SET "region" = 1660 WHERE "id" = 1704;
INSERT INTO "monitoredBy" VALUES (1661, 1704);
INSERT INTO "requires" VALUES (1659, 1704);
INSERT INTO "TrackElement" ("id") VALUES (1705);
INSERT INTO "Segment" ("id", "length") VALUES (1705, 336);
UPDATE "TrackElement" SET "region" = 1660 WHERE "id" = 1705;
INSERT INTO "monitoredBy" VALUES (1705, 1704);
INSERT INTO "TrackElement" ("id") VALUES (1706);
INSERT INTO "Segment" ("id", "length") VALUES (1706, 541);
UPDATE "TrackElement" SET "region" = 1660 WHERE "id" = 1706;
INSERT INTO "monitoredBy" VALUES (1706, 1704);
INSERT INTO "TrackElement" ("id") VALUES (1707);
INSERT INTO "Segment" ("id", "length") VALUES (1707, 1000);
UPDATE "TrackElement" SET "region" = 1660 WHERE "id" = 1707;
INSERT INTO "monitoredBy" VALUES (1707, 1704);
INSERT INTO "TrackElement" ("id") VALUES (1708);
INSERT INTO "Segment" ("id", "length") VALUES (1708, 108);
UPDATE "TrackElement" SET "region" = 1660 WHERE "id" = 1708;
INSERT INTO "monitoredBy" VALUES (1708, 1704);
INSERT INTO "TrackElement" ("id") VALUES (1709);
INSERT INTO "Segment" ("id", "length") VALUES (1709, 868);
UPDATE "TrackElement" SET "region" = 1660 WHERE "id" = 1709;
INSERT INTO "monitoredBy" VALUES (1709, 1704);
INSERT INTO "SwitchPosition" ("id", "position", "target") VALUES (1710, 0, 1661);
UPDATE "SwitchPosition" SET "route" = 1659 WHERE "id" = 1710;
INSERT INTO "TrackElement" ("id") VALUES (1711);
INSERT INTO "Switch" ("id", "currentPosition") VALUES (1711, 1);
UPDATE "TrackElement" SET "region" = 1660 WHERE "id" = 1711;
INSERT INTO "Sensor" ("id") VALUES (1712);
UPDATE "Sensor" SET "region" = 1660 WHERE "id" = 1712;
INSERT INTO "monitoredBy" VALUES (1711, 1712);
INSERT INTO "requires" VALUES (1659, 1712);
INSERT INTO "TrackElement" ("id") VALUES (1713);
INSERT INTO "Segment" ("id", "length") VALUES (1713, 311);
UPDATE "TrackElement" SET "region" = 1660 WHERE "id" = 1713;
INSERT INTO "monitoredBy" VALUES (1713, 1712);
INSERT INTO "TrackElement" ("id") VALUES (1714);
INSERT INTO "Segment" ("id", "length") VALUES (1714, 506);
UPDATE "TrackElement" SET "region" = 1660 WHERE "id" = 1714;
INSERT INTO "monitoredBy" VALUES (1714, 1712);
INSERT INTO "TrackElement" ("id") VALUES (1715);
INSERT INTO "Segment" ("id", "length") VALUES (1715, 788);
UPDATE "TrackElement" SET "region" = 1660 WHERE "id" = 1715;
INSERT INTO "monitoredBy" VALUES (1715, 1712);
INSERT INTO "TrackElement" ("id") VALUES (1716);
INSERT INTO "Segment" ("id", "length") VALUES (1716, 66);
UPDATE "TrackElement" SET "region" = 1660 WHERE "id" = 1716;
INSERT INTO "monitoredBy" VALUES (1716, 1712);
INSERT INTO "TrackElement" ("id") VALUES (1717);
INSERT INTO "Segment" ("id", "length") VALUES (1717, 413);
UPDATE "TrackElement" SET "region" = 1660 WHERE "id" = 1717;
INSERT INTO "monitoredBy" VALUES (1717, 1712);
INSERT INTO "Sensor" ("id") VALUES (1718);
UPDATE "Sensor" SET "region" = 1660 WHERE "id" = 1718;
INSERT INTO "monitoredBy" VALUES (1711, 1718);
INSERT INTO "requires" VALUES (1659, 1718);
INSERT INTO "TrackElement" ("id") VALUES (1719);
INSERT INTO "Segment" ("id", "length") VALUES (1719, 904);
UPDATE "TrackElement" SET "region" = 1660 WHERE "id" = 1719;
INSERT INTO "monitoredBy" VALUES (1719, 1718);
INSERT INTO "TrackElement" ("id") VALUES (1720);
INSERT INTO "Segment" ("id", "length") VALUES (1720, 451);
UPDATE "TrackElement" SET "region" = 1660 WHERE "id" = 1720;
INSERT INTO "monitoredBy" VALUES (1720, 1718);
INSERT INTO "TrackElement" ("id") VALUES (1721);
INSERT INTO "Segment" ("id", "length") VALUES (1721, 563);
UPDATE "TrackElement" SET "region" = 1660 WHERE "id" = 1721;
INSERT INTO "monitoredBy" VALUES (1721, 1718);
INSERT INTO "TrackElement" ("id") VALUES (1722);
INSERT INTO "Segment" ("id", "length") VALUES (1722, 402);
UPDATE "TrackElement" SET "region" = 1660 WHERE "id" = 1722;
INSERT INTO "monitoredBy" VALUES (1722, 1718);
INSERT INTO "TrackElement" ("id") VALUES (1723);
INSERT INTO "Segment" ("id", "length") VALUES (1723, 500);
UPDATE "TrackElement" SET "region" = 1660 WHERE "id" = 1723;
INSERT INTO "monitoredBy" VALUES (1723, 1718);
INSERT INTO "Sensor" ("id") VALUES (1724);
UPDATE "Sensor" SET "region" = 1660 WHERE "id" = 1724;
INSERT INTO "monitoredBy" VALUES (1711, 1724);
INSERT INTO "requires" VALUES (1659, 1724);
INSERT INTO "TrackElement" ("id") VALUES (1725);
INSERT INTO "Segment" ("id", "length") VALUES (1725, 693);
UPDATE "TrackElement" SET "region" = 1660 WHERE "id" = 1725;
INSERT INTO "monitoredBy" VALUES (1725, 1724);
INSERT INTO "TrackElement" ("id") VALUES (1726);
INSERT INTO "Segment" ("id", "length") VALUES (1726, 244);
UPDATE "TrackElement" SET "region" = 1660 WHERE "id" = 1726;
INSERT INTO "monitoredBy" VALUES (1726, 1724);
INSERT INTO "TrackElement" ("id") VALUES (1727);
INSERT INTO "Segment" ("id", "length") VALUES (1727, 120);
UPDATE "TrackElement" SET "region" = 1660 WHERE "id" = 1727;
INSERT INTO "monitoredBy" VALUES (1727, 1724);
INSERT INTO "TrackElement" ("id") VALUES (1728);
INSERT INTO "Segment" ("id", "length") VALUES (1728, 414);
UPDATE "TrackElement" SET "region" = 1660 WHERE "id" = 1728;
INSERT INTO "monitoredBy" VALUES (1728, 1724);
INSERT INTO "TrackElement" ("id") VALUES (1729);
INSERT INTO "Segment" ("id", "length") VALUES (1729, 328);
UPDATE "TrackElement" SET "region" = 1660 WHERE "id" = 1729;
INSERT INTO "monitoredBy" VALUES (1729, 1724);
INSERT INTO "Sensor" ("id") VALUES (1730);
UPDATE "Sensor" SET "region" = 1660 WHERE "id" = 1730;
INSERT INTO "monitoredBy" VALUES (1711, 1730);
INSERT INTO "requires" VALUES (1659, 1730);
INSERT INTO "TrackElement" ("id") VALUES (1731);
INSERT INTO "Segment" ("id", "length") VALUES (1731, 671);
UPDATE "TrackElement" SET "region" = 1660 WHERE "id" = 1731;
INSERT INTO "monitoredBy" VALUES (1731, 1730);
INSERT INTO "TrackElement" ("id") VALUES (1732);
INSERT INTO "Segment" ("id", "length") VALUES (1732, 396);
UPDATE "TrackElement" SET "region" = 1660 WHERE "id" = 1732;
INSERT INTO "monitoredBy" VALUES (1732, 1730);
INSERT INTO "TrackElement" ("id") VALUES (1733);
INSERT INTO "Segment" ("id", "length") VALUES (1733, 441);
UPDATE "TrackElement" SET "region" = 1660 WHERE "id" = 1733;
INSERT INTO "monitoredBy" VALUES (1733, 1730);
INSERT INTO "TrackElement" ("id") VALUES (1734);
INSERT INTO "Segment" ("id", "length") VALUES (1734, 881);
UPDATE "TrackElement" SET "region" = 1660 WHERE "id" = 1734;
INSERT INTO "monitoredBy" VALUES (1734, 1730);
INSERT INTO "TrackElement" ("id") VALUES (1735);
INSERT INTO "Segment" ("id", "length") VALUES (1735, 362);
UPDATE "TrackElement" SET "region" = 1660 WHERE "id" = 1735;
INSERT INTO "monitoredBy" VALUES (1735, 1730);
INSERT INTO "Sensor" ("id") VALUES (1736);
UPDATE "Sensor" SET "region" = 1660 WHERE "id" = 1736;
INSERT INTO "monitoredBy" VALUES (1711, 1736);
INSERT INTO "requires" VALUES (1659, 1736);
INSERT INTO "TrackElement" ("id") VALUES (1737);
INSERT INTO "Segment" ("id", "length") VALUES (1737, 384);
UPDATE "TrackElement" SET "region" = 1660 WHERE "id" = 1737;
INSERT INTO "monitoredBy" VALUES (1737, 1736);
INSERT INTO "TrackElement" ("id") VALUES (1738);
INSERT INTO "Segment" ("id", "length") VALUES (1738, 417);
UPDATE "TrackElement" SET "region" = 1660 WHERE "id" = 1738;
INSERT INTO "monitoredBy" VALUES (1738, 1736);
INSERT INTO "TrackElement" ("id") VALUES (1739);
INSERT INTO "Segment" ("id", "length") VALUES (1739, 760);
UPDATE "TrackElement" SET "region" = 1660 WHERE "id" = 1739;
INSERT INTO "monitoredBy" VALUES (1739, 1736);
INSERT INTO "TrackElement" ("id") VALUES (1740);
INSERT INTO "Segment" ("id", "length") VALUES (1740, 62);
UPDATE "TrackElement" SET "region" = 1660 WHERE "id" = 1740;
INSERT INTO "monitoredBy" VALUES (1740, 1736);
INSERT INTO "TrackElement" ("id") VALUES (1741);
INSERT INTO "Segment" ("id", "length") VALUES (1741, 68);
UPDATE "TrackElement" SET "region" = 1660 WHERE "id" = 1741;
INSERT INTO "monitoredBy" VALUES (1741, 1736);
INSERT INTO "Sensor" ("id") VALUES (1742);
UPDATE "Sensor" SET "region" = 1660 WHERE "id" = 1742;
INSERT INTO "monitoredBy" VALUES (1711, 1742);
INSERT INTO "requires" VALUES (1659, 1742);
INSERT INTO "TrackElement" ("id") VALUES (1743);
INSERT INTO "Segment" ("id", "length") VALUES (1743, 16);
UPDATE "TrackElement" SET "region" = 1660 WHERE "id" = 1743;
INSERT INTO "monitoredBy" VALUES (1743, 1742);
INSERT INTO "TrackElement" ("id") VALUES (1744);
INSERT INTO "Segment" ("id", "length") VALUES (1744, 774);
UPDATE "TrackElement" SET "region" = 1660 WHERE "id" = 1744;
INSERT INTO "monitoredBy" VALUES (1744, 1742);
INSERT INTO "TrackElement" ("id") VALUES (1745);
INSERT INTO "Segment" ("id", "length") VALUES (1745, 717);
UPDATE "TrackElement" SET "region" = 1660 WHERE "id" = 1745;
INSERT INTO "monitoredBy" VALUES (1745, 1742);
INSERT INTO "TrackElement" ("id") VALUES (1746);
INSERT INTO "Segment" ("id", "length") VALUES (1746, 823);
UPDATE "TrackElement" SET "region" = 1660 WHERE "id" = 1746;
INSERT INTO "monitoredBy" VALUES (1746, 1742);
INSERT INTO "TrackElement" ("id") VALUES (1747);
INSERT INTO "Segment" ("id", "length") VALUES (1747, 817);
UPDATE "TrackElement" SET "region" = 1660 WHERE "id" = 1747;
INSERT INTO "monitoredBy" VALUES (1747, 1742);
INSERT INTO "Sensor" ("id") VALUES (1748);
UPDATE "Sensor" SET "region" = 1660 WHERE "id" = 1748;
INSERT INTO "monitoredBy" VALUES (1711, 1748);
INSERT INTO "requires" VALUES (1659, 1748);
INSERT INTO "TrackElement" ("id") VALUES (1749);
INSERT INTO "Segment" ("id", "length") VALUES (1749, 395);
UPDATE "TrackElement" SET "region" = 1660 WHERE "id" = 1749;
INSERT INTO "monitoredBy" VALUES (1749, 1748);
INSERT INTO "TrackElement" ("id") VALUES (1750);
INSERT INTO "Segment" ("id", "length") VALUES (1750, 375);
UPDATE "TrackElement" SET "region" = 1660 WHERE "id" = 1750;
INSERT INTO "monitoredBy" VALUES (1750, 1748);
INSERT INTO "TrackElement" ("id") VALUES (1751);
INSERT INTO "Segment" ("id", "length") VALUES (1751, 293);
UPDATE "TrackElement" SET "region" = 1660 WHERE "id" = 1751;
INSERT INTO "monitoredBy" VALUES (1751, 1748);
INSERT INTO "TrackElement" ("id") VALUES (1752);
INSERT INTO "Segment" ("id", "length") VALUES (1752, 495);
UPDATE "TrackElement" SET "region" = 1660 WHERE "id" = 1752;
INSERT INTO "monitoredBy" VALUES (1752, 1748);
INSERT INTO "TrackElement" ("id") VALUES (1753);
INSERT INTO "Segment" ("id", "length") VALUES (1753, 162);
UPDATE "TrackElement" SET "region" = 1660 WHERE "id" = 1753;
INSERT INTO "monitoredBy" VALUES (1753, 1748);
INSERT INTO "Sensor" ("id") VALUES (1754);
UPDATE "Sensor" SET "region" = 1660 WHERE "id" = 1754;
INSERT INTO "monitoredBy" VALUES (1711, 1754);
INSERT INTO "requires" VALUES (1659, 1754);
INSERT INTO "TrackElement" ("id") VALUES (1755);
INSERT INTO "Segment" ("id", "length") VALUES (1755, 670);
UPDATE "TrackElement" SET "region" = 1660 WHERE "id" = 1755;
INSERT INTO "monitoredBy" VALUES (1755, 1754);
INSERT INTO "TrackElement" ("id") VALUES (1756);
INSERT INTO "Segment" ("id", "length") VALUES (1756, 837);
UPDATE "TrackElement" SET "region" = 1660 WHERE "id" = 1756;
INSERT INTO "monitoredBy" VALUES (1756, 1754);
INSERT INTO "TrackElement" ("id") VALUES (1757);
INSERT INTO "Segment" ("id", "length") VALUES (1757, 38);
UPDATE "TrackElement" SET "region" = 1660 WHERE "id" = 1757;
INSERT INTO "monitoredBy" VALUES (1757, 1754);
INSERT INTO "TrackElement" ("id") VALUES (1758);
INSERT INTO "Segment" ("id", "length") VALUES (1758, 747);
UPDATE "TrackElement" SET "region" = 1660 WHERE "id" = 1758;
INSERT INTO "monitoredBy" VALUES (1758, 1754);
INSERT INTO "TrackElement" ("id") VALUES (1759);
INSERT INTO "Segment" ("id", "length") VALUES (1759, 616);
UPDATE "TrackElement" SET "region" = 1660 WHERE "id" = 1759;
INSERT INTO "monitoredBy" VALUES (1759, 1754);
INSERT INTO "SwitchPosition" ("id", "position", "target") VALUES (1760, 1, 1711);
UPDATE "SwitchPosition" SET "route" = 1659 WHERE "id" = 1760;
INSERT INTO "TrackElement" ("id") VALUES (1761);
INSERT INTO "Switch" ("id", "currentPosition") VALUES (1761, 0);
UPDATE "TrackElement" SET "region" = 1660 WHERE "id" = 1761;
INSERT INTO "Sensor" ("id") VALUES (1762);
UPDATE "Sensor" SET "region" = 1660 WHERE "id" = 1762;
INSERT INTO "monitoredBy" VALUES (1761, 1762);
INSERT INTO "requires" VALUES (1659, 1762);
INSERT INTO "TrackElement" ("id") VALUES (1763);
INSERT INTO "Segment" ("id", "length") VALUES (1763, 55);
UPDATE "TrackElement" SET "region" = 1660 WHERE "id" = 1763;
INSERT INTO "monitoredBy" VALUES (1763, 1762);
INSERT INTO "TrackElement" ("id") VALUES (1764);
INSERT INTO "Segment" ("id", "length") VALUES (1764, 92);
UPDATE "TrackElement" SET "region" = 1660 WHERE "id" = 1764;
INSERT INTO "monitoredBy" VALUES (1764, 1762);
INSERT INTO "TrackElement" ("id") VALUES (1765);
INSERT INTO "Segment" ("id", "length") VALUES (1765, 962);
UPDATE "TrackElement" SET "region" = 1660 WHERE "id" = 1765;
INSERT INTO "monitoredBy" VALUES (1765, 1762);
INSERT INTO "TrackElement" ("id") VALUES (1766);
INSERT INTO "Segment" ("id", "length") VALUES (1766, 94);
UPDATE "TrackElement" SET "region" = 1660 WHERE "id" = 1766;
INSERT INTO "monitoredBy" VALUES (1766, 1762);
INSERT INTO "TrackElement" ("id") VALUES (1767);
INSERT INTO "Segment" ("id", "length") VALUES (1767, 997);
UPDATE "TrackElement" SET "region" = 1660 WHERE "id" = 1767;
INSERT INTO "monitoredBy" VALUES (1767, 1762);
INSERT INTO "Sensor" ("id") VALUES (1768);
UPDATE "Sensor" SET "region" = 1660 WHERE "id" = 1768;
INSERT INTO "monitoredBy" VALUES (1761, 1768);
INSERT INTO "requires" VALUES (1659, 1768);
INSERT INTO "TrackElement" ("id") VALUES (1769);
INSERT INTO "Segment" ("id", "length") VALUES (1769, 222);
UPDATE "TrackElement" SET "region" = 1660 WHERE "id" = 1769;
INSERT INTO "monitoredBy" VALUES (1769, 1768);
INSERT INTO "TrackElement" ("id") VALUES (1770);
INSERT INTO "Segment" ("id", "length") VALUES (1770, 259);
UPDATE "TrackElement" SET "region" = 1660 WHERE "id" = 1770;
INSERT INTO "monitoredBy" VALUES (1770, 1768);
INSERT INTO "TrackElement" ("id") VALUES (1771);
INSERT INTO "Segment" ("id", "length") VALUES (1771, 47);
UPDATE "TrackElement" SET "region" = 1660 WHERE "id" = 1771;
INSERT INTO "monitoredBy" VALUES (1771, 1768);
INSERT INTO "TrackElement" ("id") VALUES (1772);
INSERT INTO "Segment" ("id", "length") VALUES (1772, 60);
UPDATE "TrackElement" SET "region" = 1660 WHERE "id" = 1772;
INSERT INTO "monitoredBy" VALUES (1772, 1768);
INSERT INTO "TrackElement" ("id") VALUES (1773);
INSERT INTO "Segment" ("id", "length") VALUES (1773, 58);
UPDATE "TrackElement" SET "region" = 1660 WHERE "id" = 1773;
INSERT INTO "monitoredBy" VALUES (1773, 1768);
INSERT INTO "Sensor" ("id") VALUES (1774);
UPDATE "Sensor" SET "region" = 1660 WHERE "id" = 1774;
INSERT INTO "monitoredBy" VALUES (1761, 1774);
INSERT INTO "requires" VALUES (1659, 1774);
INSERT INTO "TrackElement" ("id") VALUES (1775);
INSERT INTO "Segment" ("id", "length") VALUES (1775, 546);
UPDATE "TrackElement" SET "region" = 1660 WHERE "id" = 1775;
INSERT INTO "monitoredBy" VALUES (1775, 1774);
INSERT INTO "TrackElement" ("id") VALUES (1776);
INSERT INTO "Segment" ("id", "length") VALUES (1776, 992);
UPDATE "TrackElement" SET "region" = 1660 WHERE "id" = 1776;
INSERT INTO "monitoredBy" VALUES (1776, 1774);
INSERT INTO "TrackElement" ("id") VALUES (1777);
INSERT INTO "Segment" ("id", "length") VALUES (1777, 576);
UPDATE "TrackElement" SET "region" = 1660 WHERE "id" = 1777;
INSERT INTO "monitoredBy" VALUES (1777, 1774);
INSERT INTO "TrackElement" ("id") VALUES (1778);
INSERT INTO "Segment" ("id", "length") VALUES (1778, 861);
UPDATE "TrackElement" SET "region" = 1660 WHERE "id" = 1778;
INSERT INTO "monitoredBy" VALUES (1778, 1774);
INSERT INTO "TrackElement" ("id") VALUES (1779);
INSERT INTO "Segment" ("id", "length") VALUES (1779, 366);
UPDATE "TrackElement" SET "region" = 1660 WHERE "id" = 1779;
INSERT INTO "monitoredBy" VALUES (1779, 1774);
INSERT INTO "Sensor" ("id") VALUES (1780);
UPDATE "Sensor" SET "region" = 1660 WHERE "id" = 1780;
INSERT INTO "monitoredBy" VALUES (1761, 1780);
INSERT INTO "requires" VALUES (1659, 1780);
INSERT INTO "TrackElement" ("id") VALUES (1781);
INSERT INTO "Segment" ("id", "length") VALUES (1781, 705);
UPDATE "TrackElement" SET "region" = 1660 WHERE "id" = 1781;
INSERT INTO "monitoredBy" VALUES (1781, 1780);
INSERT INTO "TrackElement" ("id") VALUES (1782);
INSERT INTO "Segment" ("id", "length") VALUES (1782, 145);
UPDATE "TrackElement" SET "region" = 1660 WHERE "id" = 1782;
INSERT INTO "monitoredBy" VALUES (1782, 1780);
INSERT INTO "TrackElement" ("id") VALUES (1783);
INSERT INTO "Segment" ("id", "length") VALUES (1783, 177);
UPDATE "TrackElement" SET "region" = 1660 WHERE "id" = 1783;
INSERT INTO "monitoredBy" VALUES (1783, 1780);
INSERT INTO "TrackElement" ("id") VALUES (1784);
INSERT INTO "Segment" ("id", "length") VALUES (1784, 683);
UPDATE "TrackElement" SET "region" = 1660 WHERE "id" = 1784;
INSERT INTO "monitoredBy" VALUES (1784, 1780);
INSERT INTO "TrackElement" ("id") VALUES (1785);
INSERT INTO "Segment" ("id", "length") VALUES (1785, 64);
UPDATE "TrackElement" SET "region" = 1660 WHERE "id" = 1785;
INSERT INTO "monitoredBy" VALUES (1785, 1780);
INSERT INTO "Sensor" ("id") VALUES (1786);
UPDATE "Sensor" SET "region" = 1660 WHERE "id" = 1786;
INSERT INTO "monitoredBy" VALUES (1761, 1786);
INSERT INTO "requires" VALUES (1659, 1786);
INSERT INTO "TrackElement" ("id") VALUES (1787);
INSERT INTO "Segment" ("id", "length") VALUES (1787, 885);
UPDATE "TrackElement" SET "region" = 1660 WHERE "id" = 1787;
INSERT INTO "monitoredBy" VALUES (1787, 1786);
INSERT INTO "TrackElement" ("id") VALUES (1788);
INSERT INTO "Segment" ("id", "length") VALUES (1788, 251);
UPDATE "TrackElement" SET "region" = 1660 WHERE "id" = 1788;
INSERT INTO "monitoredBy" VALUES (1788, 1786);
INSERT INTO "TrackElement" ("id") VALUES (1789);
INSERT INTO "Segment" ("id", "length") VALUES (1789, 204);
UPDATE "TrackElement" SET "region" = 1660 WHERE "id" = 1789;
INSERT INTO "monitoredBy" VALUES (1789, 1786);
INSERT INTO "TrackElement" ("id") VALUES (1790);
INSERT INTO "Segment" ("id", "length") VALUES (1790, 900);
UPDATE "TrackElement" SET "region" = 1660 WHERE "id" = 1790;
INSERT INTO "monitoredBy" VALUES (1790, 1786);
INSERT INTO "TrackElement" ("id") VALUES (1791);
INSERT INTO "Segment" ("id", "length") VALUES (1791, 760);
UPDATE "TrackElement" SET "region" = 1660 WHERE "id" = 1791;
INSERT INTO "monitoredBy" VALUES (1791, 1786);
INSERT INTO "Sensor" ("id") VALUES (1792);
UPDATE "Sensor" SET "region" = 1660 WHERE "id" = 1792;
INSERT INTO "monitoredBy" VALUES (1761, 1792);
INSERT INTO "requires" VALUES (1659, 1792);
INSERT INTO "TrackElement" ("id") VALUES (1793);
INSERT INTO "Segment" ("id", "length") VALUES (1793, 189);
UPDATE "TrackElement" SET "region" = 1660 WHERE "id" = 1793;
INSERT INTO "monitoredBy" VALUES (1793, 1792);
INSERT INTO "TrackElement" ("id") VALUES (1794);
INSERT INTO "Segment" ("id", "length") VALUES (1794, 772);
UPDATE "TrackElement" SET "region" = 1660 WHERE "id" = 1794;
INSERT INTO "monitoredBy" VALUES (1794, 1792);
INSERT INTO "TrackElement" ("id") VALUES (1795);
INSERT INTO "Segment" ("id", "length") VALUES (1795, 196);
UPDATE "TrackElement" SET "region" = 1660 WHERE "id" = 1795;
INSERT INTO "monitoredBy" VALUES (1795, 1792);
INSERT INTO "TrackElement" ("id") VALUES (1796);
INSERT INTO "Segment" ("id", "length") VALUES (1796, 242);
UPDATE "TrackElement" SET "region" = 1660 WHERE "id" = 1796;
INSERT INTO "monitoredBy" VALUES (1796, 1792);
INSERT INTO "TrackElement" ("id") VALUES (1797);
INSERT INTO "Segment" ("id", "length") VALUES (1797, 236);
UPDATE "TrackElement" SET "region" = 1660 WHERE "id" = 1797;
INSERT INTO "monitoredBy" VALUES (1797, 1792);
INSERT INTO "Sensor" ("id") VALUES (1798);
UPDATE "Sensor" SET "region" = 1660 WHERE "id" = 1798;
INSERT INTO "monitoredBy" VALUES (1761, 1798);
INSERT INTO "requires" VALUES (1659, 1798);
INSERT INTO "TrackElement" ("id") VALUES (1799);
INSERT INTO "Segment" ("id", "length") VALUES (1799, 322);
UPDATE "TrackElement" SET "region" = 1660 WHERE "id" = 1799;
INSERT INTO "monitoredBy" VALUES (1799, 1798);
INSERT INTO "TrackElement" ("id") VALUES (1800);
INSERT INTO "Segment" ("id", "length") VALUES (1800, 785);
UPDATE "TrackElement" SET "region" = 1660 WHERE "id" = 1800;
INSERT INTO "monitoredBy" VALUES (1800, 1798);
INSERT INTO "TrackElement" ("id") VALUES (1801);
INSERT INTO "Segment" ("id", "length") VALUES (1801, 893);
UPDATE "TrackElement" SET "region" = 1660 WHERE "id" = 1801;
INSERT INTO "monitoredBy" VALUES (1801, 1798);
INSERT INTO "TrackElement" ("id") VALUES (1802);
INSERT INTO "Segment" ("id", "length") VALUES (1802, 963);
UPDATE "TrackElement" SET "region" = 1660 WHERE "id" = 1802;
INSERT INTO "monitoredBy" VALUES (1802, 1798);
INSERT INTO "TrackElement" ("id") VALUES (1803);
INSERT INTO "Segment" ("id", "length") VALUES (1803, 760);
UPDATE "TrackElement" SET "region" = 1660 WHERE "id" = 1803;
INSERT INTO "monitoredBy" VALUES (1803, 1798);
INSERT INTO "Sensor" ("id") VALUES (1804);
UPDATE "Sensor" SET "region" = 1660 WHERE "id" = 1804;
INSERT INTO "monitoredBy" VALUES (1761, 1804);
INSERT INTO "requires" VALUES (1659, 1804);
INSERT INTO "TrackElement" ("id") VALUES (1805);
INSERT INTO "Segment" ("id", "length") VALUES (1805, 29);
UPDATE "TrackElement" SET "region" = 1660 WHERE "id" = 1805;
INSERT INTO "monitoredBy" VALUES (1805, 1804);
INSERT INTO "TrackElement" ("id") VALUES (1806);
INSERT INTO "Segment" ("id", "length") VALUES (1806, 255);
UPDATE "TrackElement" SET "region" = 1660 WHERE "id" = 1806;
INSERT INTO "monitoredBy" VALUES (1806, 1804);
INSERT INTO "TrackElement" ("id") VALUES (1807);
INSERT INTO "Segment" ("id", "length") VALUES (1807, 105);
UPDATE "TrackElement" SET "region" = 1660 WHERE "id" = 1807;
INSERT INTO "monitoredBy" VALUES (1807, 1804);
INSERT INTO "TrackElement" ("id") VALUES (1808);
INSERT INTO "Segment" ("id", "length") VALUES (1808, 506);
UPDATE "TrackElement" SET "region" = 1660 WHERE "id" = 1808;
INSERT INTO "monitoredBy" VALUES (1808, 1804);
INSERT INTO "TrackElement" ("id") VALUES (1809);
INSERT INTO "Segment" ("id", "length") VALUES (1809, 322);
UPDATE "TrackElement" SET "region" = 1660 WHERE "id" = 1809;
INSERT INTO "monitoredBy" VALUES (1809, 1804);
INSERT INTO "SwitchPosition" ("id", "position", "target") VALUES (1810, 0, 1761);
UPDATE "SwitchPosition" SET "route" = 1659 WHERE "id" = 1810;
INSERT INTO "TrackElement" ("id") VALUES (1811);
INSERT INTO "Switch" ("id", "currentPosition") VALUES (1811, 1);
UPDATE "TrackElement" SET "region" = 1660 WHERE "id" = 1811;
INSERT INTO "Sensor" ("id") VALUES (1812);
UPDATE "Sensor" SET "region" = 1660 WHERE "id" = 1812;
INSERT INTO "monitoredBy" VALUES (1811, 1812);
INSERT INTO "requires" VALUES (1659, 1812);
INSERT INTO "TrackElement" ("id") VALUES (1813);
INSERT INTO "Segment" ("id", "length") VALUES (1813, 741);
UPDATE "TrackElement" SET "region" = 1660 WHERE "id" = 1813;
INSERT INTO "monitoredBy" VALUES (1813, 1812);
INSERT INTO "TrackElement" ("id") VALUES (1814);
INSERT INTO "Segment" ("id", "length") VALUES (1814, 487);
UPDATE "TrackElement" SET "region" = 1660 WHERE "id" = 1814;
INSERT INTO "monitoredBy" VALUES (1814, 1812);
INSERT INTO "TrackElement" ("id") VALUES (1815);
INSERT INTO "Segment" ("id", "length") VALUES (1815, 50);
UPDATE "TrackElement" SET "region" = 1660 WHERE "id" = 1815;
INSERT INTO "monitoredBy" VALUES (1815, 1812);
INSERT INTO "TrackElement" ("id") VALUES (1816);
INSERT INTO "Segment" ("id", "length") VALUES (1816, 221);
UPDATE "TrackElement" SET "region" = 1660 WHERE "id" = 1816;
INSERT INTO "monitoredBy" VALUES (1816, 1812);
INSERT INTO "TrackElement" ("id") VALUES (1817);
INSERT INTO "Segment" ("id", "length") VALUES (1817, 621);
UPDATE "TrackElement" SET "region" = 1660 WHERE "id" = 1817;
INSERT INTO "monitoredBy" VALUES (1817, 1812);
INSERT INTO "SwitchPosition" ("id", "position", "target") VALUES (1818, 1, 1811);
UPDATE "SwitchPosition" SET "route" = 1659 WHERE "id" = 1818;
INSERT INTO "connectsTo" VALUES (1661, 1663);
INSERT INTO "connectsTo" VALUES (1663, 1664);
INSERT INTO "connectsTo" VALUES (1664, 1665);
INSERT INTO "connectsTo" VALUES (1665, 1666);
INSERT INTO "connectsTo" VALUES (1666, 1667);
INSERT INTO "connectsTo" VALUES (1667, 1669);
INSERT INTO "connectsTo" VALUES (1669, 1670);
INSERT INTO "connectsTo" VALUES (1670, 1671);
INSERT INTO "connectsTo" VALUES (1671, 1672);
INSERT INTO "connectsTo" VALUES (1672, 1673);
INSERT INTO "connectsTo" VALUES (1673, 1675);
INSERT INTO "connectsTo" VALUES (1675, 1676);
INSERT INTO "connectsTo" VALUES (1676, 1677);
INSERT INTO "connectsTo" VALUES (1677, 1678);
INSERT INTO "connectsTo" VALUES (1678, 1679);
INSERT INTO "connectsTo" VALUES (1679, 1681);
INSERT INTO "connectsTo" VALUES (1681, 1682);
INSERT INTO "connectsTo" VALUES (1682, 1683);
INSERT INTO "connectsTo" VALUES (1683, 1684);
INSERT INTO "connectsTo" VALUES (1684, 1685);
INSERT INTO "connectsTo" VALUES (1685, 1687);
INSERT INTO "connectsTo" VALUES (1687, 1688);
INSERT INTO "connectsTo" VALUES (1688, 1689);
INSERT INTO "connectsTo" VALUES (1689, 1690);
INSERT INTO "connectsTo" VALUES (1690, 1691);
INSERT INTO "connectsTo" VALUES (1691, 1693);
INSERT INTO "connectsTo" VALUES (1693, 1694);
INSERT INTO "connectsTo" VALUES (1694, 1695);
INSERT INTO "connectsTo" VALUES (1695, 1696);
INSERT INTO "connectsTo" VALUES (1696, 1697);
INSERT INTO "connectsTo" VALUES (1697, 1699);
INSERT INTO "connectsTo" VALUES (1699, 1700);
INSERT INTO "connectsTo" VALUES (1700, 1701);
INSERT INTO "connectsTo" VALUES (1701, 1702);
INSERT INTO "connectsTo" VALUES (1702, 1703);
INSERT INTO "connectsTo" VALUES (1703, 1705);
INSERT INTO "connectsTo" VALUES (1705, 1706);
INSERT INTO "connectsTo" VALUES (1706, 1707);
INSERT INTO "connectsTo" VALUES (1707, 1708);
INSERT INTO "connectsTo" VALUES (1708, 1709);
INSERT INTO "connectsTo" VALUES (1709, 1711);
INSERT INTO "connectsTo" VALUES (1711, 1713);
INSERT INTO "connectsTo" VALUES (1713, 1714);
INSERT INTO "connectsTo" VALUES (1714, 1715);
INSERT INTO "connectsTo" VALUES (1715, 1716);
INSERT INTO "connectsTo" VALUES (1716, 1717);
INSERT INTO "connectsTo" VALUES (1717, 1719);
INSERT INTO "connectsTo" VALUES (1719, 1720);
INSERT INTO "connectsTo" VALUES (1720, 1721);
INSERT INTO "connectsTo" VALUES (1721, 1722);
INSERT INTO "connectsTo" VALUES (1722, 1723);
INSERT INTO "connectsTo" VALUES (1723, 1725);
INSERT INTO "connectsTo" VALUES (1725, 1726);
INSERT INTO "connectsTo" VALUES (1726, 1727);
INSERT INTO "connectsTo" VALUES (1727, 1728);
INSERT INTO "connectsTo" VALUES (1728, 1729);
INSERT INTO "connectsTo" VALUES (1729, 1731);
INSERT INTO "connectsTo" VALUES (1731, 1732);
INSERT INTO "connectsTo" VALUES (1732, 1733);
INSERT INTO "connectsTo" VALUES (1733, 1734);
INSERT INTO "connectsTo" VALUES (1734, 1735);
INSERT INTO "connectsTo" VALUES (1735, 1737);
INSERT INTO "connectsTo" VALUES (1737, 1738);
INSERT INTO "connectsTo" VALUES (1738, 1739);
INSERT INTO "connectsTo" VALUES (1739, 1740);
INSERT INTO "connectsTo" VALUES (1740, 1741);
INSERT INTO "connectsTo" VALUES (1741, 1743);
INSERT INTO "connectsTo" VALUES (1743, 1744);
INSERT INTO "connectsTo" VALUES (1744, 1745);
INSERT INTO "connectsTo" VALUES (1745, 1746);
INSERT INTO "connectsTo" VALUES (1746, 1747);
INSERT INTO "connectsTo" VALUES (1747, 1749);
INSERT INTO "connectsTo" VALUES (1749, 1750);
INSERT INTO "connectsTo" VALUES (1750, 1751);
INSERT INTO "connectsTo" VALUES (1751, 1752);
INSERT INTO "connectsTo" VALUES (1752, 1753);
INSERT INTO "connectsTo" VALUES (1753, 1755);
INSERT INTO "connectsTo" VALUES (1755, 1756);
INSERT INTO "connectsTo" VALUES (1756, 1757);
INSERT INTO "connectsTo" VALUES (1757, 1758);
INSERT INTO "connectsTo" VALUES (1758, 1759);
INSERT INTO "connectsTo" VALUES (1759, 1761);
INSERT INTO "connectsTo" VALUES (1761, 1763);
INSERT INTO "connectsTo" VALUES (1763, 1764);
INSERT INTO "connectsTo" VALUES (1764, 1765);
INSERT INTO "connectsTo" VALUES (1765, 1766);
INSERT INTO "connectsTo" VALUES (1766, 1767);
INSERT INTO "connectsTo" VALUES (1767, 1769);
INSERT INTO "connectsTo" VALUES (1769, 1770);
INSERT INTO "connectsTo" VALUES (1770, 1771);
INSERT INTO "connectsTo" VALUES (1771, 1772);
INSERT INTO "connectsTo" VALUES (1772, 1773);
INSERT INTO "connectsTo" VALUES (1773, 1775);
INSERT INTO "connectsTo" VALUES (1775, 1776);
INSERT INTO "connectsTo" VALUES (1776, 1777);
INSERT INTO "connectsTo" VALUES (1777, 1778);
INSERT INTO "connectsTo" VALUES (1778, 1779);
INSERT INTO "connectsTo" VALUES (1779, 1781);
INSERT INTO "connectsTo" VALUES (1781, 1782);
INSERT INTO "connectsTo" VALUES (1782, 1783);
INSERT INTO "connectsTo" VALUES (1783, 1784);
INSERT INTO "connectsTo" VALUES (1784, 1785);
INSERT INTO "connectsTo" VALUES (1785, 1787);
INSERT INTO "connectsTo" VALUES (1787, 1788);
INSERT INTO "connectsTo" VALUES (1788, 1789);
INSERT INTO "connectsTo" VALUES (1789, 1790);
INSERT INTO "connectsTo" VALUES (1790, 1791);
INSERT INTO "connectsTo" VALUES (1791, 1793);
INSERT INTO "connectsTo" VALUES (1793, 1794);
INSERT INTO "connectsTo" VALUES (1794, 1795);
INSERT INTO "connectsTo" VALUES (1795, 1796);
INSERT INTO "connectsTo" VALUES (1796, 1797);
INSERT INTO "connectsTo" VALUES (1797, 1799);
INSERT INTO "connectsTo" VALUES (1799, 1800);
INSERT INTO "connectsTo" VALUES (1800, 1801);
INSERT INTO "connectsTo" VALUES (1801, 1802);
INSERT INTO "connectsTo" VALUES (1802, 1803);
INSERT INTO "connectsTo" VALUES (1803, 1805);
INSERT INTO "connectsTo" VALUES (1805, 1806);
INSERT INTO "connectsTo" VALUES (1806, 1807);
INSERT INTO "connectsTo" VALUES (1807, 1808);
INSERT INTO "connectsTo" VALUES (1808, 1809);
INSERT INTO "connectsTo" VALUES (1809, 1811);
INSERT INTO "connectsTo" VALUES (1811, 1813);
INSERT INTO "connectsTo" VALUES (1813, 1814);
INSERT INTO "connectsTo" VALUES (1814, 1815);
INSERT INTO "connectsTo" VALUES (1815, 1816);
INSERT INTO "connectsTo" VALUES (1816, 1817);
INSERT INTO "connectsTo" VALUES (1656, 1661);
INSERT INTO "Route" ("id", "active", "entry", "exit") VALUES (1819, 1, 1658, 1);
INSERT INTO "Region" ("id") VALUES (1820);
INSERT INTO "TrackElement" ("id") VALUES (1821);
INSERT INTO "Switch" ("id", "currentPosition") VALUES (1821, 1);
UPDATE "TrackElement" SET "region" = 1820 WHERE "id" = 1821;
INSERT INTO "Sensor" ("id") VALUES (1822);
UPDATE "Sensor" SET "region" = 1820 WHERE "id" = 1822;
INSERT INTO "monitoredBy" VALUES (1821, 1822);
INSERT INTO "requires" VALUES (1819, 1822);
INSERT INTO "TrackElement" ("id") VALUES (1823);
INSERT INTO "Segment" ("id", "length") VALUES (1823, 349);
UPDATE "TrackElement" SET "region" = 1820 WHERE "id" = 1823;
INSERT INTO "monitoredBy" VALUES (1823, 1822);
UPDATE "Semaphore" SET "segment" = 1823 WHERE "id" = 1;
INSERT INTO "TrackElement" ("id") VALUES (1824);
INSERT INTO "Segment" ("id", "length") VALUES (1824, 561);
UPDATE "TrackElement" SET "region" = 1820 WHERE "id" = 1824;
INSERT INTO "monitoredBy" VALUES (1824, 1822);
INSERT INTO "TrackElement" ("id") VALUES (1825);
INSERT INTO "Segment" ("id", "length") VALUES (1825, 563);
UPDATE "TrackElement" SET "region" = 1820 WHERE "id" = 1825;
INSERT INTO "monitoredBy" VALUES (1825, 1822);
INSERT INTO "TrackElement" ("id") VALUES (1826);
INSERT INTO "Segment" ("id", "length") VALUES (1826, 861);
UPDATE "TrackElement" SET "region" = 1820 WHERE "id" = 1826;
INSERT INTO "monitoredBy" VALUES (1826, 1822);
INSERT INTO "TrackElement" ("id") VALUES (1827);
INSERT INTO "Segment" ("id", "length") VALUES (1827, 966);
UPDATE "TrackElement" SET "region" = 1820 WHERE "id" = 1827;
INSERT INTO "monitoredBy" VALUES (1827, 1822);
INSERT INTO "Sensor" ("id") VALUES (1828);
UPDATE "Sensor" SET "region" = 1820 WHERE "id" = 1828;
INSERT INTO "monitoredBy" VALUES (1821, 1828);
INSERT INTO "requires" VALUES (1819, 1828);
INSERT INTO "TrackElement" ("id") VALUES (1829);
INSERT INTO "Segment" ("id", "length") VALUES (1829, 613);
UPDATE "TrackElement" SET "region" = 1820 WHERE "id" = 1829;
INSERT INTO "monitoredBy" VALUES (1829, 1828);
INSERT INTO "TrackElement" ("id") VALUES (1830);
INSERT INTO "Segment" ("id", "length") VALUES (1830, 400);
UPDATE "TrackElement" SET "region" = 1820 WHERE "id" = 1830;
INSERT INTO "monitoredBy" VALUES (1830, 1828);
INSERT INTO "TrackElement" ("id") VALUES (1831);
INSERT INTO "Segment" ("id", "length") VALUES (1831, 270);
UPDATE "TrackElement" SET "region" = 1820 WHERE "id" = 1831;
INSERT INTO "monitoredBy" VALUES (1831, 1828);
INSERT INTO "TrackElement" ("id") VALUES (1832);
INSERT INTO "Segment" ("id", "length") VALUES (1832, 932);
UPDATE "TrackElement" SET "region" = 1820 WHERE "id" = 1832;
INSERT INTO "monitoredBy" VALUES (1832, 1828);
INSERT INTO "TrackElement" ("id") VALUES (1833);
INSERT INTO "Segment" ("id", "length") VALUES (1833, 634);
UPDATE "TrackElement" SET "region" = 1820 WHERE "id" = 1833;
INSERT INTO "monitoredBy" VALUES (1833, 1828);
INSERT INTO "SwitchPosition" ("id", "position", "target") VALUES (1834, 1, 1821);
UPDATE "SwitchPosition" SET "route" = 1819 WHERE "id" = 1834;
INSERT INTO "TrackElement" ("id") VALUES (1835);
INSERT INTO "Switch" ("id", "currentPosition") VALUES (1835, 0);
UPDATE "TrackElement" SET "region" = 1820 WHERE "id" = 1835;
INSERT INTO "Sensor" ("id") VALUES (1836);
UPDATE "Sensor" SET "region" = 1820 WHERE "id" = 1836;
INSERT INTO "monitoredBy" VALUES (1835, 1836);
INSERT INTO "requires" VALUES (1819, 1836);
INSERT INTO "TrackElement" ("id") VALUES (1837);
INSERT INTO "Segment" ("id", "length") VALUES (1837, 428);
UPDATE "TrackElement" SET "region" = 1820 WHERE "id" = 1837;
INSERT INTO "monitoredBy" VALUES (1837, 1836);
INSERT INTO "TrackElement" ("id") VALUES (1838);
INSERT INTO "Segment" ("id", "length") VALUES (1838, 237);
UPDATE "TrackElement" SET "region" = 1820 WHERE "id" = 1838;
INSERT INTO "monitoredBy" VALUES (1838, 1836);
INSERT INTO "TrackElement" ("id") VALUES (1839);
INSERT INTO "Segment" ("id", "length") VALUES (1839, 461);
UPDATE "TrackElement" SET "region" = 1820 WHERE "id" = 1839;
INSERT INTO "monitoredBy" VALUES (1839, 1836);
INSERT INTO "TrackElement" ("id") VALUES (1840);
INSERT INTO "Segment" ("id", "length") VALUES (1840, 209);
UPDATE "TrackElement" SET "region" = 1820 WHERE "id" = 1840;
INSERT INTO "monitoredBy" VALUES (1840, 1836);
INSERT INTO "TrackElement" ("id") VALUES (1841);
INSERT INTO "Segment" ("id", "length") VALUES (1841, 778);
UPDATE "TrackElement" SET "region" = 1820 WHERE "id" = 1841;
INSERT INTO "monitoredBy" VALUES (1841, 1836);
INSERT INTO "Sensor" ("id") VALUES (1842);
UPDATE "Sensor" SET "region" = 1820 WHERE "id" = 1842;
INSERT INTO "monitoredBy" VALUES (1835, 1842);
INSERT INTO "requires" VALUES (1819, 1842);
INSERT INTO "TrackElement" ("id") VALUES (1843);
INSERT INTO "Segment" ("id", "length") VALUES (1843, 223);
UPDATE "TrackElement" SET "region" = 1820 WHERE "id" = 1843;
INSERT INTO "monitoredBy" VALUES (1843, 1842);
INSERT INTO "TrackElement" ("id") VALUES (1844);
INSERT INTO "Segment" ("id", "length") VALUES (1844, 961);
UPDATE "TrackElement" SET "region" = 1820 WHERE "id" = 1844;
INSERT INTO "monitoredBy" VALUES (1844, 1842);
INSERT INTO "TrackElement" ("id") VALUES (1845);
INSERT INTO "Segment" ("id", "length") VALUES (1845, 890);
UPDATE "TrackElement" SET "region" = 1820 WHERE "id" = 1845;
INSERT INTO "monitoredBy" VALUES (1845, 1842);
INSERT INTO "TrackElement" ("id") VALUES (1846);
INSERT INTO "Segment" ("id", "length") VALUES (1846, 141);
UPDATE "TrackElement" SET "region" = 1820 WHERE "id" = 1846;
INSERT INTO "monitoredBy" VALUES (1846, 1842);
INSERT INTO "TrackElement" ("id") VALUES (1847);
INSERT INTO "Segment" ("id", "length") VALUES (1847, 608);
UPDATE "TrackElement" SET "region" = 1820 WHERE "id" = 1847;
INSERT INTO "monitoredBy" VALUES (1847, 1842);
INSERT INTO "Sensor" ("id") VALUES (1848);
UPDATE "Sensor" SET "region" = 1820 WHERE "id" = 1848;
INSERT INTO "monitoredBy" VALUES (1835, 1848);
INSERT INTO "requires" VALUES (1819, 1848);
INSERT INTO "TrackElement" ("id") VALUES (1849);
INSERT INTO "Segment" ("id", "length") VALUES (1849, 225);
UPDATE "TrackElement" SET "region" = 1820 WHERE "id" = 1849;
INSERT INTO "monitoredBy" VALUES (1849, 1848);
INSERT INTO "TrackElement" ("id") VALUES (1850);
INSERT INTO "Segment" ("id", "length") VALUES (1850, 746);
UPDATE "TrackElement" SET "region" = 1820 WHERE "id" = 1850;
INSERT INTO "monitoredBy" VALUES (1850, 1848);
INSERT INTO "TrackElement" ("id") VALUES (1851);
INSERT INTO "Segment" ("id", "length") VALUES (1851, 963);
UPDATE "TrackElement" SET "region" = 1820 WHERE "id" = 1851;
INSERT INTO "monitoredBy" VALUES (1851, 1848);
INSERT INTO "TrackElement" ("id") VALUES (1852);
INSERT INTO "Segment" ("id", "length") VALUES (1852, 916);
UPDATE "TrackElement" SET "region" = 1820 WHERE "id" = 1852;
INSERT INTO "monitoredBy" VALUES (1852, 1848);
INSERT INTO "TrackElement" ("id") VALUES (1853);
INSERT INTO "Segment" ("id", "length") VALUES (1853, 333);
UPDATE "TrackElement" SET "region" = 1820 WHERE "id" = 1853;
INSERT INTO "monitoredBy" VALUES (1853, 1848);
INSERT INTO "Sensor" ("id") VALUES (1854);
UPDATE "Sensor" SET "region" = 1820 WHERE "id" = 1854;
INSERT INTO "monitoredBy" VALUES (1835, 1854);
INSERT INTO "requires" VALUES (1819, 1854);
INSERT INTO "TrackElement" ("id") VALUES (1855);
INSERT INTO "Segment" ("id", "length") VALUES (1855, 324);
UPDATE "TrackElement" SET "region" = 1820 WHERE "id" = 1855;
INSERT INTO "monitoredBy" VALUES (1855, 1854);
INSERT INTO "TrackElement" ("id") VALUES (1856);
INSERT INTO "Segment" ("id", "length") VALUES (1856, 371);
UPDATE "TrackElement" SET "region" = 1820 WHERE "id" = 1856;
INSERT INTO "monitoredBy" VALUES (1856, 1854);
INSERT INTO "TrackElement" ("id") VALUES (1857);
INSERT INTO "Segment" ("id", "length") VALUES (1857, 47);
UPDATE "TrackElement" SET "region" = 1820 WHERE "id" = 1857;
INSERT INTO "monitoredBy" VALUES (1857, 1854);
INSERT INTO "TrackElement" ("id") VALUES (1858);
INSERT INTO "Segment" ("id", "length") VALUES (1858, 324);
UPDATE "TrackElement" SET "region" = 1820 WHERE "id" = 1858;
INSERT INTO "monitoredBy" VALUES (1858, 1854);
INSERT INTO "TrackElement" ("id") VALUES (1859);
INSERT INTO "Segment" ("id", "length") VALUES (1859, 113);
UPDATE "TrackElement" SET "region" = 1820 WHERE "id" = 1859;
INSERT INTO "monitoredBy" VALUES (1859, 1854);
INSERT INTO "Sensor" ("id") VALUES (1860);
UPDATE "Sensor" SET "region" = 1820 WHERE "id" = 1860;
INSERT INTO "monitoredBy" VALUES (1835, 1860);
INSERT INTO "requires" VALUES (1819, 1860);
INSERT INTO "TrackElement" ("id") VALUES (1861);
INSERT INTO "Segment" ("id", "length") VALUES (1861, 347);
UPDATE "TrackElement" SET "region" = 1820 WHERE "id" = 1861;
INSERT INTO "monitoredBy" VALUES (1861, 1860);
INSERT INTO "TrackElement" ("id") VALUES (1862);
INSERT INTO "Segment" ("id", "length") VALUES (1862, 913);
UPDATE "TrackElement" SET "region" = 1820 WHERE "id" = 1862;
INSERT INTO "monitoredBy" VALUES (1862, 1860);
INSERT INTO "TrackElement" ("id") VALUES (1863);
INSERT INTO "Segment" ("id", "length") VALUES (1863, 153);
UPDATE "TrackElement" SET "region" = 1820 WHERE "id" = 1863;
INSERT INTO "monitoredBy" VALUES (1863, 1860);
INSERT INTO "TrackElement" ("id") VALUES (1864);
INSERT INTO "Segment" ("id", "length") VALUES (1864, 662);
UPDATE "TrackElement" SET "region" = 1820 WHERE "id" = 1864;
INSERT INTO "monitoredBy" VALUES (1864, 1860);
INSERT INTO "TrackElement" ("id") VALUES (1865);
INSERT INTO "Segment" ("id", "length") VALUES (1865, 166);
UPDATE "TrackElement" SET "region" = 1820 WHERE "id" = 1865;
INSERT INTO "monitoredBy" VALUES (1865, 1860);
INSERT INTO "SwitchPosition" ("id", "position", "target") VALUES (1866, 0, 1835);
UPDATE "SwitchPosition" SET "route" = 1819 WHERE "id" = 1866;
INSERT INTO "TrackElement" ("id") VALUES (1867);
INSERT INTO "Switch" ("id", "currentPosition") VALUES (1867, 2);
UPDATE "TrackElement" SET "region" = 1820 WHERE "id" = 1867;
INSERT INTO "Sensor" ("id") VALUES (1868);
UPDATE "Sensor" SET "region" = 1820 WHERE "id" = 1868;
INSERT INTO "monitoredBy" VALUES (1867, 1868);
INSERT INTO "requires" VALUES (1819, 1868);
INSERT INTO "TrackElement" ("id") VALUES (1869);
INSERT INTO "Segment" ("id", "length") VALUES (1869, 436);
UPDATE "TrackElement" SET "region" = 1820 WHERE "id" = 1869;
INSERT INTO "monitoredBy" VALUES (1869, 1868);
INSERT INTO "TrackElement" ("id") VALUES (1870);
INSERT INTO "Segment" ("id", "length") VALUES (1870, 521);
UPDATE "TrackElement" SET "region" = 1820 WHERE "id" = 1870;
INSERT INTO "monitoredBy" VALUES (1870, 1868);
INSERT INTO "TrackElement" ("id") VALUES (1871);
INSERT INTO "Segment" ("id", "length") VALUES (1871, 672);
UPDATE "TrackElement" SET "region" = 1820 WHERE "id" = 1871;
INSERT INTO "monitoredBy" VALUES (1871, 1868);
INSERT INTO "TrackElement" ("id") VALUES (1872);
INSERT INTO "Segment" ("id", "length") VALUES (1872, 521);
UPDATE "TrackElement" SET "region" = 1820 WHERE "id" = 1872;
INSERT INTO "monitoredBy" VALUES (1872, 1868);
INSERT INTO "TrackElement" ("id") VALUES (1873);
INSERT INTO "Segment" ("id", "length") VALUES (1873, 419);
UPDATE "TrackElement" SET "region" = 1820 WHERE "id" = 1873;
INSERT INTO "monitoredBy" VALUES (1873, 1868);
INSERT INTO "Sensor" ("id") VALUES (1874);
UPDATE "Sensor" SET "region" = 1820 WHERE "id" = 1874;
INSERT INTO "monitoredBy" VALUES (1867, 1874);
INSERT INTO "requires" VALUES (1819, 1874);
INSERT INTO "TrackElement" ("id") VALUES (1875);
INSERT INTO "Segment" ("id", "length") VALUES (1875, 371);
UPDATE "TrackElement" SET "region" = 1820 WHERE "id" = 1875;
INSERT INTO "monitoredBy" VALUES (1875, 1874);
INSERT INTO "TrackElement" ("id") VALUES (1876);
INSERT INTO "Segment" ("id", "length") VALUES (1876, 569);
UPDATE "TrackElement" SET "region" = 1820 WHERE "id" = 1876;
INSERT INTO "monitoredBy" VALUES (1876, 1874);
INSERT INTO "TrackElement" ("id") VALUES (1877);
INSERT INTO "Segment" ("id", "length") VALUES (1877, 728);
UPDATE "TrackElement" SET "region" = 1820 WHERE "id" = 1877;
INSERT INTO "monitoredBy" VALUES (1877, 1874);
INSERT INTO "TrackElement" ("id") VALUES (1878);
INSERT INTO "Segment" ("id", "length") VALUES (1878, 29);
UPDATE "TrackElement" SET "region" = 1820 WHERE "id" = 1878;
INSERT INTO "monitoredBy" VALUES (1878, 1874);
INSERT INTO "TrackElement" ("id") VALUES (1879);
INSERT INTO "Segment" ("id", "length") VALUES (1879, 250);
UPDATE "TrackElement" SET "region" = 1820 WHERE "id" = 1879;
INSERT INTO "monitoredBy" VALUES (1879, 1874);
INSERT INTO "Sensor" ("id") VALUES (1880);
UPDATE "Sensor" SET "region" = 1820 WHERE "id" = 1880;
INSERT INTO "monitoredBy" VALUES (1867, 1880);
INSERT INTO "requires" VALUES (1819, 1880);
INSERT INTO "TrackElement" ("id") VALUES (1881);
INSERT INTO "Segment" ("id", "length") VALUES (1881, 941);
UPDATE "TrackElement" SET "region" = 1820 WHERE "id" = 1881;
INSERT INTO "monitoredBy" VALUES (1881, 1880);
INSERT INTO "TrackElement" ("id") VALUES (1882);
INSERT INTO "Segment" ("id", "length") VALUES (1882, 347);
UPDATE "TrackElement" SET "region" = 1820 WHERE "id" = 1882;
INSERT INTO "monitoredBy" VALUES (1882, 1880);
INSERT INTO "TrackElement" ("id") VALUES (1883);
INSERT INTO "Segment" ("id", "length") VALUES (1883, 346);
UPDATE "TrackElement" SET "region" = 1820 WHERE "id" = 1883;
INSERT INTO "monitoredBy" VALUES (1883, 1880);
INSERT INTO "TrackElement" ("id") VALUES (1884);
INSERT INTO "Segment" ("id", "length") VALUES (1884, 731);
UPDATE "TrackElement" SET "region" = 1820 WHERE "id" = 1884;
INSERT INTO "monitoredBy" VALUES (1884, 1880);
INSERT INTO "TrackElement" ("id") VALUES (1885);
INSERT INTO "Segment" ("id", "length") VALUES (1885, 519);
UPDATE "TrackElement" SET "region" = 1820 WHERE "id" = 1885;
INSERT INTO "monitoredBy" VALUES (1885, 1880);
INSERT INTO "Sensor" ("id") VALUES (1886);
UPDATE "Sensor" SET "region" = 1820 WHERE "id" = 1886;
INSERT INTO "monitoredBy" VALUES (1867, 1886);
INSERT INTO "requires" VALUES (1819, 1886);
INSERT INTO "TrackElement" ("id") VALUES (1887);
INSERT INTO "Segment" ("id", "length") VALUES (1887, 110);
UPDATE "TrackElement" SET "region" = 1820 WHERE "id" = 1887;
INSERT INTO "monitoredBy" VALUES (1887, 1886);
INSERT INTO "TrackElement" ("id") VALUES (1888);
INSERT INTO "Segment" ("id", "length") VALUES (1888, 7);
UPDATE "TrackElement" SET "region" = 1820 WHERE "id" = 1888;
INSERT INTO "monitoredBy" VALUES (1888, 1886);
INSERT INTO "TrackElement" ("id") VALUES (1889);
INSERT INTO "Segment" ("id", "length") VALUES (1889, 179);
UPDATE "TrackElement" SET "region" = 1820 WHERE "id" = 1889;
INSERT INTO "monitoredBy" VALUES (1889, 1886);
INSERT INTO "TrackElement" ("id") VALUES (1890);
INSERT INTO "Segment" ("id", "length") VALUES (1890, 802);
UPDATE "TrackElement" SET "region" = 1820 WHERE "id" = 1890;
INSERT INTO "monitoredBy" VALUES (1890, 1886);
INSERT INTO "TrackElement" ("id") VALUES (1891);
INSERT INTO "Segment" ("id", "length") VALUES (1891, 800);
UPDATE "TrackElement" SET "region" = 1820 WHERE "id" = 1891;
INSERT INTO "monitoredBy" VALUES (1891, 1886);
INSERT INTO "SwitchPosition" ("id", "position", "target") VALUES (1892, 2, 1867);
UPDATE "SwitchPosition" SET "route" = 1819 WHERE "id" = 1892;
INSERT INTO "TrackElement" ("id") VALUES (1893);
INSERT INTO "Switch" ("id", "currentPosition") VALUES (1893, 2);
UPDATE "TrackElement" SET "region" = 1820 WHERE "id" = 1893;
INSERT INTO "Sensor" ("id") VALUES (1894);
UPDATE "Sensor" SET "region" = 1820 WHERE "id" = 1894;
INSERT INTO "monitoredBy" VALUES (1893, 1894);
INSERT INTO "requires" VALUES (1819, 1894);
INSERT INTO "TrackElement" ("id") VALUES (1895);
INSERT INTO "Segment" ("id", "length") VALUES (1895, 51);
UPDATE "TrackElement" SET "region" = 1820 WHERE "id" = 1895;
INSERT INTO "monitoredBy" VALUES (1895, 1894);
INSERT INTO "TrackElement" ("id") VALUES (1896);
INSERT INTO "Segment" ("id", "length") VALUES (1896, 190);
UPDATE "TrackElement" SET "region" = 1820 WHERE "id" = 1896;
INSERT INTO "monitoredBy" VALUES (1896, 1894);
INSERT INTO "TrackElement" ("id") VALUES (1897);
INSERT INTO "Segment" ("id", "length") VALUES (1897, 522);
UPDATE "TrackElement" SET "region" = 1820 WHERE "id" = 1897;
INSERT INTO "monitoredBy" VALUES (1897, 1894);
INSERT INTO "TrackElement" ("id") VALUES (1898);
INSERT INTO "Segment" ("id", "length") VALUES (1898, 90);
UPDATE "TrackElement" SET "region" = 1820 WHERE "id" = 1898;
INSERT INTO "monitoredBy" VALUES (1898, 1894);
INSERT INTO "TrackElement" ("id") VALUES (1899);
INSERT INTO "Segment" ("id", "length") VALUES (1899, 919);
UPDATE "TrackElement" SET "region" = 1820 WHERE "id" = 1899;
INSERT INTO "monitoredBy" VALUES (1899, 1894);
INSERT INTO "Sensor" ("id") VALUES (1900);
UPDATE "Sensor" SET "region" = 1820 WHERE "id" = 1900;
INSERT INTO "monitoredBy" VALUES (1893, 1900);
INSERT INTO "requires" VALUES (1819, 1900);
INSERT INTO "TrackElement" ("id") VALUES (1901);
INSERT INTO "Segment" ("id", "length") VALUES (1901, 843);
UPDATE "TrackElement" SET "region" = 1820 WHERE "id" = 1901;
INSERT INTO "monitoredBy" VALUES (1901, 1900);
INSERT INTO "TrackElement" ("id") VALUES (1902);
INSERT INTO "Segment" ("id", "length") VALUES (1902, 757);
UPDATE "TrackElement" SET "region" = 1820 WHERE "id" = 1902;
INSERT INTO "monitoredBy" VALUES (1902, 1900);
INSERT INTO "TrackElement" ("id") VALUES (1903);
INSERT INTO "Segment" ("id", "length") VALUES (1903, 442);
UPDATE "TrackElement" SET "region" = 1820 WHERE "id" = 1903;
INSERT INTO "monitoredBy" VALUES (1903, 1900);
INSERT INTO "TrackElement" ("id") VALUES (1904);
INSERT INTO "Segment" ("id", "length") VALUES (1904, 576);
UPDATE "TrackElement" SET "region" = 1820 WHERE "id" = 1904;
INSERT INTO "monitoredBy" VALUES (1904, 1900);
INSERT INTO "TrackElement" ("id") VALUES (1905);
INSERT INTO "Segment" ("id", "length") VALUES (1905, 512);
UPDATE "TrackElement" SET "region" = 1820 WHERE "id" = 1905;
INSERT INTO "monitoredBy" VALUES (1905, 1900);
INSERT INTO "Sensor" ("id") VALUES (1906);
UPDATE "Sensor" SET "region" = 1820 WHERE "id" = 1906;
INSERT INTO "monitoredBy" VALUES (1893, 1906);
INSERT INTO "requires" VALUES (1819, 1906);
INSERT INTO "TrackElement" ("id") VALUES (1907);
INSERT INTO "Segment" ("id", "length") VALUES (1907, 76);
UPDATE "TrackElement" SET "region" = 1820 WHERE "id" = 1907;
INSERT INTO "monitoredBy" VALUES (1907, 1906);
INSERT INTO "TrackElement" ("id") VALUES (1908);
INSERT INTO "Segment" ("id", "length") VALUES (1908, 443);
UPDATE "TrackElement" SET "region" = 1820 WHERE "id" = 1908;
INSERT INTO "monitoredBy" VALUES (1908, 1906);
INSERT INTO "TrackElement" ("id") VALUES (1909);
INSERT INTO "Segment" ("id", "length") VALUES (1909, 909);
UPDATE "TrackElement" SET "region" = 1820 WHERE "id" = 1909;
INSERT INTO "monitoredBy" VALUES (1909, 1906);
INSERT INTO "TrackElement" ("id") VALUES (1910);
INSERT INTO "Segment" ("id", "length") VALUES (1910, 240);
UPDATE "TrackElement" SET "region" = 1820 WHERE "id" = 1910;
INSERT INTO "monitoredBy" VALUES (1910, 1906);
INSERT INTO "TrackElement" ("id") VALUES (1911);
INSERT INTO "Segment" ("id", "length") VALUES (1911, 249);
UPDATE "TrackElement" SET "region" = 1820 WHERE "id" = 1911;
INSERT INTO "monitoredBy" VALUES (1911, 1906);
INSERT INTO "Sensor" ("id") VALUES (1912);
UPDATE "Sensor" SET "region" = 1820 WHERE "id" = 1912;
INSERT INTO "monitoredBy" VALUES (1893, 1912);
INSERT INTO "requires" VALUES (1819, 1912);
INSERT INTO "TrackElement" ("id") VALUES (1913);
INSERT INTO "Segment" ("id", "length") VALUES (1913, 213);
UPDATE "TrackElement" SET "region" = 1820 WHERE "id" = 1913;
INSERT INTO "monitoredBy" VALUES (1913, 1912);
INSERT INTO "TrackElement" ("id") VALUES (1914);
INSERT INTO "Segment" ("id", "length") VALUES (1914, 782);
UPDATE "TrackElement" SET "region" = 1820 WHERE "id" = 1914;
INSERT INTO "monitoredBy" VALUES (1914, 1912);
INSERT INTO "TrackElement" ("id") VALUES (1915);
INSERT INTO "Segment" ("id", "length") VALUES (1915, 906);
UPDATE "TrackElement" SET "region" = 1820 WHERE "id" = 1915;
INSERT INTO "monitoredBy" VALUES (1915, 1912);
INSERT INTO "TrackElement" ("id") VALUES (1916);
INSERT INTO "Segment" ("id", "length") VALUES (1916, 451);
UPDATE "TrackElement" SET "region" = 1820 WHERE "id" = 1916;
INSERT INTO "monitoredBy" VALUES (1916, 1912);
INSERT INTO "TrackElement" ("id") VALUES (1917);
INSERT INTO "Segment" ("id", "length") VALUES (1917, 106);
UPDATE "TrackElement" SET "region" = 1820 WHERE "id" = 1917;
INSERT INTO "monitoredBy" VALUES (1917, 1912);
INSERT INTO "Sensor" ("id") VALUES (1918);
UPDATE "Sensor" SET "region" = 1820 WHERE "id" = 1918;
INSERT INTO "monitoredBy" VALUES (1893, 1918);
INSERT INTO "requires" VALUES (1819, 1918);
INSERT INTO "TrackElement" ("id") VALUES (1919);
INSERT INTO "Segment" ("id", "length") VALUES (1919, 574);
UPDATE "TrackElement" SET "region" = 1820 WHERE "id" = 1919;
INSERT INTO "monitoredBy" VALUES (1919, 1918);
INSERT INTO "TrackElement" ("id") VALUES (1920);
INSERT INTO "Segment" ("id", "length") VALUES (1920, 591);
UPDATE "TrackElement" SET "region" = 1820 WHERE "id" = 1920;
INSERT INTO "monitoredBy" VALUES (1920, 1918);
INSERT INTO "TrackElement" ("id") VALUES (1921);
INSERT INTO "Segment" ("id", "length") VALUES (1921, 137);
UPDATE "TrackElement" SET "region" = 1820 WHERE "id" = 1921;
INSERT INTO "monitoredBy" VALUES (1921, 1918);
INSERT INTO "TrackElement" ("id") VALUES (1922);
INSERT INTO "Segment" ("id", "length") VALUES (1922, 748);
UPDATE "TrackElement" SET "region" = 1820 WHERE "id" = 1922;
INSERT INTO "monitoredBy" VALUES (1922, 1918);
INSERT INTO "TrackElement" ("id") VALUES (1923);
INSERT INTO "Segment" ("id", "length") VALUES (1923, 844);
UPDATE "TrackElement" SET "region" = 1820 WHERE "id" = 1923;
INSERT INTO "monitoredBy" VALUES (1923, 1918);
INSERT INTO "Sensor" ("id") VALUES (1924);
UPDATE "Sensor" SET "region" = 1820 WHERE "id" = 1924;
INSERT INTO "monitoredBy" VALUES (1893, 1924);
INSERT INTO "requires" VALUES (1819, 1924);
INSERT INTO "TrackElement" ("id") VALUES (1925);
INSERT INTO "Segment" ("id", "length") VALUES (1925, 445);
UPDATE "TrackElement" SET "region" = 1820 WHERE "id" = 1925;
INSERT INTO "monitoredBy" VALUES (1925, 1924);
INSERT INTO "TrackElement" ("id") VALUES (1926);
INSERT INTO "Segment" ("id", "length") VALUES (1926, 212);
UPDATE "TrackElement" SET "region" = 1820 WHERE "id" = 1926;
INSERT INTO "monitoredBy" VALUES (1926, 1924);
INSERT INTO "TrackElement" ("id") VALUES (1927);
INSERT INTO "Segment" ("id", "length") VALUES (1927, 915);
UPDATE "TrackElement" SET "region" = 1820 WHERE "id" = 1927;
INSERT INTO "monitoredBy" VALUES (1927, 1924);
INSERT INTO "TrackElement" ("id") VALUES (1928);
INSERT INTO "Segment" ("id", "length") VALUES (1928, 966);
UPDATE "TrackElement" SET "region" = 1820 WHERE "id" = 1928;
INSERT INTO "monitoredBy" VALUES (1928, 1924);
INSERT INTO "TrackElement" ("id") VALUES (1929);
INSERT INTO "Segment" ("id", "length") VALUES (1929, 537);
UPDATE "TrackElement" SET "region" = 1820 WHERE "id" = 1929;
INSERT INTO "monitoredBy" VALUES (1929, 1924);
INSERT INTO "Sensor" ("id") VALUES (1930);
UPDATE "Sensor" SET "region" = 1820 WHERE "id" = 1930;
INSERT INTO "monitoredBy" VALUES (1893, 1930);
INSERT INTO "requires" VALUES (1819, 1930);
INSERT INTO "TrackElement" ("id") VALUES (1931);
INSERT INTO "Segment" ("id", "length") VALUES (1931, 929);
UPDATE "TrackElement" SET "region" = 1820 WHERE "id" = 1931;
INSERT INTO "monitoredBy" VALUES (1931, 1930);
INSERT INTO "TrackElement" ("id") VALUES (1932);
INSERT INTO "Segment" ("id", "length") VALUES (1932, 612);
UPDATE "TrackElement" SET "region" = 1820 WHERE "id" = 1932;
INSERT INTO "monitoredBy" VALUES (1932, 1930);
INSERT INTO "TrackElement" ("id") VALUES (1933);
INSERT INTO "Segment" ("id", "length") VALUES (1933, 172);
UPDATE "TrackElement" SET "region" = 1820 WHERE "id" = 1933;
INSERT INTO "monitoredBy" VALUES (1933, 1930);
INSERT INTO "TrackElement" ("id") VALUES (1934);
INSERT INTO "Segment" ("id", "length") VALUES (1934, 532);
UPDATE "TrackElement" SET "region" = 1820 WHERE "id" = 1934;
INSERT INTO "monitoredBy" VALUES (1934, 1930);
INSERT INTO "TrackElement" ("id") VALUES (1935);
INSERT INTO "Segment" ("id", "length") VALUES (1935, 974);
UPDATE "TrackElement" SET "region" = 1820 WHERE "id" = 1935;
INSERT INTO "monitoredBy" VALUES (1935, 1930);
INSERT INTO "SwitchPosition" ("id", "position", "target") VALUES (1936, 2, 1893);
UPDATE "SwitchPosition" SET "route" = 1819 WHERE "id" = 1936;
INSERT INTO "TrackElement" ("id") VALUES (1937);
INSERT INTO "Switch" ("id", "currentPosition") VALUES (1937, 2);
UPDATE "TrackElement" SET "region" = 1820 WHERE "id" = 1937;
INSERT INTO "Sensor" ("id") VALUES (1938);
UPDATE "Sensor" SET "region" = 1820 WHERE "id" = 1938;
INSERT INTO "monitoredBy" VALUES (1937, 1938);
INSERT INTO "requires" VALUES (1819, 1938);
INSERT INTO "TrackElement" ("id") VALUES (1939);
INSERT INTO "Segment" ("id", "length") VALUES (1939, 518);
UPDATE "TrackElement" SET "region" = 1820 WHERE "id" = 1939;
INSERT INTO "monitoredBy" VALUES (1939, 1938);
INSERT INTO "TrackElement" ("id") VALUES (1940);
INSERT INTO "Segment" ("id", "length") VALUES (1940, 274);
UPDATE "TrackElement" SET "region" = 1820 WHERE "id" = 1940;
INSERT INTO "monitoredBy" VALUES (1940, 1938);
INSERT INTO "TrackElement" ("id") VALUES (1941);
INSERT INTO "Segment" ("id", "length") VALUES (1941, 18);
UPDATE "TrackElement" SET "region" = 1820 WHERE "id" = 1941;
INSERT INTO "monitoredBy" VALUES (1941, 1938);
INSERT INTO "TrackElement" ("id") VALUES (1942);
INSERT INTO "Segment" ("id", "length") VALUES (1942, 166);
UPDATE "TrackElement" SET "region" = 1820 WHERE "id" = 1942;
INSERT INTO "monitoredBy" VALUES (1942, 1938);
INSERT INTO "TrackElement" ("id") VALUES (1943);
INSERT INTO "Segment" ("id", "length") VALUES (1943, 188);
UPDATE "TrackElement" SET "region" = 1820 WHERE "id" = 1943;
INSERT INTO "monitoredBy" VALUES (1943, 1938);
INSERT INTO "Sensor" ("id") VALUES (1944);
UPDATE "Sensor" SET "region" = 1820 WHERE "id" = 1944;
INSERT INTO "monitoredBy" VALUES (1937, 1944);
INSERT INTO "requires" VALUES (1819, 1944);
INSERT INTO "TrackElement" ("id") VALUES (1945);
INSERT INTO "Segment" ("id", "length") VALUES (1945, 6);
UPDATE "TrackElement" SET "region" = 1820 WHERE "id" = 1945;
INSERT INTO "monitoredBy" VALUES (1945, 1944);
INSERT INTO "TrackElement" ("id") VALUES (1946);
INSERT INTO "Segment" ("id", "length") VALUES (1946, 838);
UPDATE "TrackElement" SET "region" = 1820 WHERE "id" = 1946;
INSERT INTO "monitoredBy" VALUES (1946, 1944);
INSERT INTO "TrackElement" ("id") VALUES (1947);
INSERT INTO "Segment" ("id", "length") VALUES (1947, 510);
UPDATE "TrackElement" SET "region" = 1820 WHERE "id" = 1947;
INSERT INTO "monitoredBy" VALUES (1947, 1944);
INSERT INTO "TrackElement" ("id") VALUES (1948);
INSERT INTO "Segment" ("id", "length") VALUES (1948, 525);
UPDATE "TrackElement" SET "region" = 1820 WHERE "id" = 1948;
INSERT INTO "monitoredBy" VALUES (1948, 1944);
INSERT INTO "TrackElement" ("id") VALUES (1949);
INSERT INTO "Segment" ("id", "length") VALUES (1949, 34);
UPDATE "TrackElement" SET "region" = 1820 WHERE "id" = 1949;
INSERT INTO "monitoredBy" VALUES (1949, 1944);
INSERT INTO "Sensor" ("id") VALUES (1950);
UPDATE "Sensor" SET "region" = 1820 WHERE "id" = 1950;
INSERT INTO "monitoredBy" VALUES (1937, 1950);
INSERT INTO "requires" VALUES (1819, 1950);
INSERT INTO "TrackElement" ("id") VALUES (1951);
INSERT INTO "Segment" ("id", "length") VALUES (1951, 55);
UPDATE "TrackElement" SET "region" = 1820 WHERE "id" = 1951;
INSERT INTO "monitoredBy" VALUES (1951, 1950);
INSERT INTO "TrackElement" ("id") VALUES (1952);
INSERT INTO "Segment" ("id", "length") VALUES (1952, 131);
UPDATE "TrackElement" SET "region" = 1820 WHERE "id" = 1952;
INSERT INTO "monitoredBy" VALUES (1952, 1950);
INSERT INTO "TrackElement" ("id") VALUES (1953);
INSERT INTO "Segment" ("id", "length") VALUES (1953, 358);
UPDATE "TrackElement" SET "region" = 1820 WHERE "id" = 1953;
INSERT INTO "monitoredBy" VALUES (1953, 1950);
INSERT INTO "TrackElement" ("id") VALUES (1954);
INSERT INTO "Segment" ("id", "length") VALUES (1954, 324);
UPDATE "TrackElement" SET "region" = 1820 WHERE "id" = 1954;
INSERT INTO "monitoredBy" VALUES (1954, 1950);
INSERT INTO "TrackElement" ("id") VALUES (1955);
INSERT INTO "Segment" ("id", "length") VALUES (1955, 119);
UPDATE "TrackElement" SET "region" = 1820 WHERE "id" = 1955;
INSERT INTO "monitoredBy" VALUES (1955, 1950);
INSERT INTO "Sensor" ("id") VALUES (1956);
UPDATE "Sensor" SET "region" = 1820 WHERE "id" = 1956;
INSERT INTO "monitoredBy" VALUES (1937, 1956);
INSERT INTO "requires" VALUES (1819, 1956);
INSERT INTO "TrackElement" ("id") VALUES (1957);
INSERT INTO "Segment" ("id", "length") VALUES (1957, 917);
UPDATE "TrackElement" SET "region" = 1820 WHERE "id" = 1957;
INSERT INTO "monitoredBy" VALUES (1957, 1956);
INSERT INTO "TrackElement" ("id") VALUES (1958);
INSERT INTO "Segment" ("id", "length") VALUES (1958, 699);
UPDATE "TrackElement" SET "region" = 1820 WHERE "id" = 1958;
INSERT INTO "monitoredBy" VALUES (1958, 1956);
INSERT INTO "TrackElement" ("id") VALUES (1959);
INSERT INTO "Segment" ("id", "length") VALUES (1959, 553);
UPDATE "TrackElement" SET "region" = 1820 WHERE "id" = 1959;
INSERT INTO "monitoredBy" VALUES (1959, 1956);
INSERT INTO "TrackElement" ("id") VALUES (1960);
INSERT INTO "Segment" ("id", "length") VALUES (1960, 208);
UPDATE "TrackElement" SET "region" = 1820 WHERE "id" = 1960;
INSERT INTO "monitoredBy" VALUES (1960, 1956);
INSERT INTO "TrackElement" ("id") VALUES (1961);
INSERT INTO "Segment" ("id", "length") VALUES (1961, 16);
UPDATE "TrackElement" SET "region" = 1820 WHERE "id" = 1961;
INSERT INTO "monitoredBy" VALUES (1961, 1956);
INSERT INTO "Sensor" ("id") VALUES (1962);
UPDATE "Sensor" SET "region" = 1820 WHERE "id" = 1962;
INSERT INTO "monitoredBy" VALUES (1937, 1962);
INSERT INTO "requires" VALUES (1819, 1962);
INSERT INTO "TrackElement" ("id") VALUES (1963);
INSERT INTO "Segment" ("id", "length") VALUES (1963, 444);
UPDATE "TrackElement" SET "region" = 1820 WHERE "id" = 1963;
INSERT INTO "monitoredBy" VALUES (1963, 1962);
INSERT INTO "TrackElement" ("id") VALUES (1964);
INSERT INTO "Segment" ("id", "length") VALUES (1964, 558);
UPDATE "TrackElement" SET "region" = 1820 WHERE "id" = 1964;
INSERT INTO "monitoredBy" VALUES (1964, 1962);
INSERT INTO "TrackElement" ("id") VALUES (1965);
INSERT INTO "Segment" ("id", "length") VALUES (1965, 399);
UPDATE "TrackElement" SET "region" = 1820 WHERE "id" = 1965;
INSERT INTO "monitoredBy" VALUES (1965, 1962);
INSERT INTO "TrackElement" ("id") VALUES (1966);
INSERT INTO "Segment" ("id", "length") VALUES (1966, 131);
UPDATE "TrackElement" SET "region" = 1820 WHERE "id" = 1966;
INSERT INTO "monitoredBy" VALUES (1966, 1962);
INSERT INTO "TrackElement" ("id") VALUES (1967);
INSERT INTO "Segment" ("id", "length") VALUES (1967, 323);
UPDATE "TrackElement" SET "region" = 1820 WHERE "id" = 1967;
INSERT INTO "monitoredBy" VALUES (1967, 1962);
INSERT INTO "SwitchPosition" ("id", "position", "target") VALUES (1968, 2, 1937);
UPDATE "SwitchPosition" SET "route" = 1819 WHERE "id" = 1968;
INSERT INTO "TrackElement" ("id") VALUES (1969);
INSERT INTO "Switch" ("id", "currentPosition") VALUES (1969, 1);
UPDATE "TrackElement" SET "region" = 1820 WHERE "id" = 1969;
INSERT INTO "Sensor" ("id") VALUES (1970);
UPDATE "Sensor" SET "region" = 1820 WHERE "id" = 1970;
INSERT INTO "monitoredBy" VALUES (1969, 1970);
INSERT INTO "requires" VALUES (1819, 1970);
INSERT INTO "TrackElement" ("id") VALUES (1971);
INSERT INTO "Segment" ("id", "length") VALUES (1971, 859);
UPDATE "TrackElement" SET "region" = 1820 WHERE "id" = 1971;
INSERT INTO "monitoredBy" VALUES (1971, 1970);
INSERT INTO "TrackElement" ("id") VALUES (1972);
INSERT INTO "Segment" ("id", "length") VALUES (1972, 913);
UPDATE "TrackElement" SET "region" = 1820 WHERE "id" = 1972;
INSERT INTO "monitoredBy" VALUES (1972, 1970);
INSERT INTO "TrackElement" ("id") VALUES (1973);
INSERT INTO "Segment" ("id", "length") VALUES (1973, 833);
UPDATE "TrackElement" SET "region" = 1820 WHERE "id" = 1973;
INSERT INTO "monitoredBy" VALUES (1973, 1970);
INSERT INTO "TrackElement" ("id") VALUES (1974);
INSERT INTO "Segment" ("id", "length") VALUES (1974, 859);
UPDATE "TrackElement" SET "region" = 1820 WHERE "id" = 1974;
INSERT INTO "monitoredBy" VALUES (1974, 1970);
INSERT INTO "TrackElement" ("id") VALUES (1975);
INSERT INTO "Segment" ("id", "length") VALUES (1975, 597);
UPDATE "TrackElement" SET "region" = 1820 WHERE "id" = 1975;
INSERT INTO "monitoredBy" VALUES (1975, 1970);
INSERT INTO "Sensor" ("id") VALUES (1976);
UPDATE "Sensor" SET "region" = 1820 WHERE "id" = 1976;
INSERT INTO "monitoredBy" VALUES (1969, 1976);
INSERT INTO "requires" VALUES (1819, 1976);
INSERT INTO "TrackElement" ("id") VALUES (1977);
INSERT INTO "Segment" ("id", "length") VALUES (1977, 852);
UPDATE "TrackElement" SET "region" = 1820 WHERE "id" = 1977;
INSERT INTO "monitoredBy" VALUES (1977, 1976);
INSERT INTO "TrackElement" ("id") VALUES (1978);
INSERT INTO "Segment" ("id", "length") VALUES (1978, 486);
UPDATE "TrackElement" SET "region" = 1820 WHERE "id" = 1978;
INSERT INTO "monitoredBy" VALUES (1978, 1976);
INSERT INTO "TrackElement" ("id") VALUES (1979);
INSERT INTO "Segment" ("id", "length") VALUES (1979, 464);
UPDATE "TrackElement" SET "region" = 1820 WHERE "id" = 1979;
INSERT INTO "monitoredBy" VALUES (1979, 1976);
INSERT INTO "TrackElement" ("id") VALUES (1980);
INSERT INTO "Segment" ("id", "length") VALUES (1980, 462);
UPDATE "TrackElement" SET "region" = 1820 WHERE "id" = 1980;
INSERT INTO "monitoredBy" VALUES (1980, 1976);
INSERT INTO "TrackElement" ("id") VALUES (1981);
INSERT INTO "Segment" ("id", "length") VALUES (1981, 43);
UPDATE "TrackElement" SET "region" = 1820 WHERE "id" = 1981;
INSERT INTO "monitoredBy" VALUES (1981, 1976);
INSERT INTO "Sensor" ("id") VALUES (1982);
UPDATE "Sensor" SET "region" = 1820 WHERE "id" = 1982;
INSERT INTO "monitoredBy" VALUES (1969, 1982);
INSERT INTO "requires" VALUES (1819, 1982);
INSERT INTO "TrackElement" ("id") VALUES (1983);
INSERT INTO "Segment" ("id", "length") VALUES (1983, 542);
UPDATE "TrackElement" SET "region" = 1820 WHERE "id" = 1983;
INSERT INTO "monitoredBy" VALUES (1983, 1982);
INSERT INTO "TrackElement" ("id") VALUES (1984);
INSERT INTO "Segment" ("id", "length") VALUES (1984, 711);
UPDATE "TrackElement" SET "region" = 1820 WHERE "id" = 1984;
INSERT INTO "monitoredBy" VALUES (1984, 1982);
INSERT INTO "TrackElement" ("id") VALUES (1985);
INSERT INTO "Segment" ("id", "length") VALUES (1985, 245);
UPDATE "TrackElement" SET "region" = 1820 WHERE "id" = 1985;
INSERT INTO "monitoredBy" VALUES (1985, 1982);
INSERT INTO "TrackElement" ("id") VALUES (1986);
INSERT INTO "Segment" ("id", "length") VALUES (1986, 433);
UPDATE "TrackElement" SET "region" = 1820 WHERE "id" = 1986;
INSERT INTO "monitoredBy" VALUES (1986, 1982);
INSERT INTO "TrackElement" ("id") VALUES (1987);
INSERT INTO "Segment" ("id", "length") VALUES (1987, 641);
UPDATE "TrackElement" SET "region" = 1820 WHERE "id" = 1987;
INSERT INTO "monitoredBy" VALUES (1987, 1982);
INSERT INTO "Sensor" ("id") VALUES (1988);
UPDATE "Sensor" SET "region" = 1820 WHERE "id" = 1988;
INSERT INTO "monitoredBy" VALUES (1969, 1988);
INSERT INTO "requires" VALUES (1819, 1988);
INSERT INTO "TrackElement" ("id") VALUES (1989);
INSERT INTO "Segment" ("id", "length") VALUES (1989, 915);
UPDATE "TrackElement" SET "region" = 1820 WHERE "id" = 1989;
INSERT INTO "monitoredBy" VALUES (1989, 1988);
INSERT INTO "TrackElement" ("id") VALUES (1990);
INSERT INTO "Segment" ("id", "length") VALUES (1990, 600);
UPDATE "TrackElement" SET "region" = 1820 WHERE "id" = 1990;
INSERT INTO "monitoredBy" VALUES (1990, 1988);
INSERT INTO "TrackElement" ("id") VALUES (1991);
INSERT INTO "Segment" ("id", "length") VALUES (1991, 435);
UPDATE "TrackElement" SET "region" = 1820 WHERE "id" = 1991;
INSERT INTO "monitoredBy" VALUES (1991, 1988);
INSERT INTO "TrackElement" ("id") VALUES (1992);
INSERT INTO "Segment" ("id", "length") VALUES (1992, 495);
UPDATE "TrackElement" SET "region" = 1820 WHERE "id" = 1992;
INSERT INTO "monitoredBy" VALUES (1992, 1988);
INSERT INTO "TrackElement" ("id") VALUES (1993);
INSERT INTO "Segment" ("id", "length") VALUES (1993, 450);
UPDATE "TrackElement" SET "region" = 1820 WHERE "id" = 1993;
INSERT INTO "monitoredBy" VALUES (1993, 1988);
INSERT INTO "Sensor" ("id") VALUES (1994);
UPDATE "Sensor" SET "region" = 1820 WHERE "id" = 1994;
INSERT INTO "monitoredBy" VALUES (1969, 1994);
INSERT INTO "requires" VALUES (1819, 1994);
INSERT INTO "TrackElement" ("id") VALUES (1995);
INSERT INTO "Segment" ("id", "length") VALUES (1995, 115);
UPDATE "TrackElement" SET "region" = 1820 WHERE "id" = 1995;
INSERT INTO "monitoredBy" VALUES (1995, 1994);
INSERT INTO "TrackElement" ("id") VALUES (1996);
INSERT INTO "Segment" ("id", "length") VALUES (1996, 766);
UPDATE "TrackElement" SET "region" = 1820 WHERE "id" = 1996;
INSERT INTO "monitoredBy" VALUES (1996, 1994);
INSERT INTO "TrackElement" ("id") VALUES (1997);
INSERT INTO "Segment" ("id", "length") VALUES (1997, 997);
UPDATE "TrackElement" SET "region" = 1820 WHERE "id" = 1997;
INSERT INTO "monitoredBy" VALUES (1997, 1994);
INSERT INTO "TrackElement" ("id") VALUES (1998);
INSERT INTO "Segment" ("id", "length") VALUES (1998, 998);
UPDATE "TrackElement" SET "region" = 1820 WHERE "id" = 1998;
INSERT INTO "monitoredBy" VALUES (1998, 1994);
INSERT INTO "TrackElement" ("id") VALUES (1999);
INSERT INTO "Segment" ("id", "length") VALUES (1999, 500);
UPDATE "TrackElement" SET "region" = 1820 WHERE "id" = 1999;
INSERT INTO "monitoredBy" VALUES (1999, 1994);
INSERT INTO "Sensor" ("id") VALUES (2000);
UPDATE "Sensor" SET "region" = 1820 WHERE "id" = 2000;
INSERT INTO "monitoredBy" VALUES (1969, 2000);
INSERT INTO "requires" VALUES (1819, 2000);
INSERT INTO "TrackElement" ("id") VALUES (2001);
INSERT INTO "Segment" ("id", "length") VALUES (2001, 589);
UPDATE "TrackElement" SET "region" = 1820 WHERE "id" = 2001;
INSERT INTO "monitoredBy" VALUES (2001, 2000);
INSERT INTO "TrackElement" ("id") VALUES (2002);
INSERT INTO "Segment" ("id", "length") VALUES (2002, 307);
UPDATE "TrackElement" SET "region" = 1820 WHERE "id" = 2002;
INSERT INTO "monitoredBy" VALUES (2002, 2000);
INSERT INTO "TrackElement" ("id") VALUES (2003);
INSERT INTO "Segment" ("id", "length") VALUES (2003, 372);
UPDATE "TrackElement" SET "region" = 1820 WHERE "id" = 2003;
INSERT INTO "monitoredBy" VALUES (2003, 2000);
INSERT INTO "TrackElement" ("id") VALUES (2004);
INSERT INTO "Segment" ("id", "length") VALUES (2004, 65);
UPDATE "TrackElement" SET "region" = 1820 WHERE "id" = 2004;
INSERT INTO "monitoredBy" VALUES (2004, 2000);
INSERT INTO "TrackElement" ("id") VALUES (2005);
INSERT INTO "Segment" ("id", "length") VALUES (2005, 854);
UPDATE "TrackElement" SET "region" = 1820 WHERE "id" = 2005;
INSERT INTO "monitoredBy" VALUES (2005, 2000);
INSERT INTO "Sensor" ("id") VALUES (2006);
UPDATE "Sensor" SET "region" = 1820 WHERE "id" = 2006;
INSERT INTO "monitoredBy" VALUES (1969, 2006);
INSERT INTO "requires" VALUES (1819, 2006);
INSERT INTO "TrackElement" ("id") VALUES (2007);
INSERT INTO "Segment" ("id", "length") VALUES (2007, 722);
UPDATE "TrackElement" SET "region" = 1820 WHERE "id" = 2007;
INSERT INTO "monitoredBy" VALUES (2007, 2006);
INSERT INTO "TrackElement" ("id") VALUES (2008);
INSERT INTO "Segment" ("id", "length") VALUES (2008, 968);
UPDATE "TrackElement" SET "region" = 1820 WHERE "id" = 2008;
INSERT INTO "monitoredBy" VALUES (2008, 2006);
INSERT INTO "TrackElement" ("id") VALUES (2009);
INSERT INTO "Segment" ("id", "length") VALUES (2009, 289);
UPDATE "TrackElement" SET "region" = 1820 WHERE "id" = 2009;
INSERT INTO "monitoredBy" VALUES (2009, 2006);
INSERT INTO "TrackElement" ("id") VALUES (2010);
INSERT INTO "Segment" ("id", "length") VALUES (2010, 807);
UPDATE "TrackElement" SET "region" = 1820 WHERE "id" = 2010;
INSERT INTO "monitoredBy" VALUES (2010, 2006);
INSERT INTO "TrackElement" ("id") VALUES (2011);
INSERT INTO "Segment" ("id", "length") VALUES (2011, 412);
UPDATE "TrackElement" SET "region" = 1820 WHERE "id" = 2011;
INSERT INTO "monitoredBy" VALUES (2011, 2006);
INSERT INTO "SwitchPosition" ("id", "position", "target") VALUES (2012, 1, 1969);
UPDATE "SwitchPosition" SET "route" = 1819 WHERE "id" = 2012;
INSERT INTO "TrackElement" ("id") VALUES (2013);
INSERT INTO "Switch" ("id", "currentPosition") VALUES (2013, 0);
UPDATE "TrackElement" SET "region" = 1820 WHERE "id" = 2013;
INSERT INTO "Sensor" ("id") VALUES (2014);
UPDATE "Sensor" SET "region" = 1820 WHERE "id" = 2014;
INSERT INTO "monitoredBy" VALUES (2013, 2014);
INSERT INTO "requires" VALUES (1819, 2014);
INSERT INTO "TrackElement" ("id") VALUES (2015);
INSERT INTO "Segment" ("id", "length") VALUES (2015, 810);
UPDATE "TrackElement" SET "region" = 1820 WHERE "id" = 2015;
INSERT INTO "monitoredBy" VALUES (2015, 2014);
INSERT INTO "TrackElement" ("id") VALUES (2016);
INSERT INTO "Segment" ("id", "length") VALUES (2016, 612);
UPDATE "TrackElement" SET "region" = 1820 WHERE "id" = 2016;
INSERT INTO "monitoredBy" VALUES (2016, 2014);
INSERT INTO "TrackElement" ("id") VALUES (2017);
INSERT INTO "Segment" ("id", "length") VALUES (2017, 854);
UPDATE "TrackElement" SET "region" = 1820 WHERE "id" = 2017;
INSERT INTO "monitoredBy" VALUES (2017, 2014);
INSERT INTO "TrackElement" ("id") VALUES (2018);
INSERT INTO "Segment" ("id", "length") VALUES (2018, 885);
UPDATE "TrackElement" SET "region" = 1820 WHERE "id" = 2018;
INSERT INTO "monitoredBy" VALUES (2018, 2014);
INSERT INTO "TrackElement" ("id") VALUES (2019);
INSERT INTO "Segment" ("id", "length") VALUES (2019, 179);
UPDATE "TrackElement" SET "region" = 1820 WHERE "id" = 2019;
INSERT INTO "monitoredBy" VALUES (2019, 2014);
INSERT INTO "Sensor" ("id") VALUES (2020);
UPDATE "Sensor" SET "region" = 1820 WHERE "id" = 2020;
INSERT INTO "monitoredBy" VALUES (2013, 2020);
INSERT INTO "requires" VALUES (1819, 2020);
INSERT INTO "TrackElement" ("id") VALUES (2021);
INSERT INTO "Segment" ("id", "length") VALUES (2021, 258);
UPDATE "TrackElement" SET "region" = 1820 WHERE "id" = 2021;
INSERT INTO "monitoredBy" VALUES (2021, 2020);
INSERT INTO "TrackElement" ("id") VALUES (2022);
INSERT INTO "Segment" ("id", "length") VALUES (2022, 804);
UPDATE "TrackElement" SET "region" = 1820 WHERE "id" = 2022;
INSERT INTO "monitoredBy" VALUES (2022, 2020);
INSERT INTO "TrackElement" ("id") VALUES (2023);
INSERT INTO "Segment" ("id", "length") VALUES (2023, 285);
UPDATE "TrackElement" SET "region" = 1820 WHERE "id" = 2023;
INSERT INTO "monitoredBy" VALUES (2023, 2020);
INSERT INTO "TrackElement" ("id") VALUES (2024);
INSERT INTO "Segment" ("id", "length") VALUES (2024, 241);
UPDATE "TrackElement" SET "region" = 1820 WHERE "id" = 2024;
INSERT INTO "monitoredBy" VALUES (2024, 2020);
INSERT INTO "TrackElement" ("id") VALUES (2025);
INSERT INTO "Segment" ("id", "length") VALUES (2025, 655);
UPDATE "TrackElement" SET "region" = 1820 WHERE "id" = 2025;
INSERT INTO "monitoredBy" VALUES (2025, 2020);
INSERT INTO "Sensor" ("id") VALUES (2026);
UPDATE "Sensor" SET "region" = 1820 WHERE "id" = 2026;
INSERT INTO "monitoredBy" VALUES (2013, 2026);
INSERT INTO "requires" VALUES (1819, 2026);
INSERT INTO "TrackElement" ("id") VALUES (2027);
INSERT INTO "Segment" ("id", "length") VALUES (2027, 68);
UPDATE "TrackElement" SET "region" = 1820 WHERE "id" = 2027;
INSERT INTO "monitoredBy" VALUES (2027, 2026);
INSERT INTO "TrackElement" ("id") VALUES (2028);
INSERT INTO "Segment" ("id", "length") VALUES (2028, 963);
UPDATE "TrackElement" SET "region" = 1820 WHERE "id" = 2028;
INSERT INTO "monitoredBy" VALUES (2028, 2026);
INSERT INTO "TrackElement" ("id") VALUES (2029);
INSERT INTO "Segment" ("id", "length") VALUES (2029, 177);
UPDATE "TrackElement" SET "region" = 1820 WHERE "id" = 2029;
INSERT INTO "monitoredBy" VALUES (2029, 2026);
INSERT INTO "TrackElement" ("id") VALUES (2030);
INSERT INTO "Segment" ("id", "length") VALUES (2030, 286);
UPDATE "TrackElement" SET "region" = 1820 WHERE "id" = 2030;
INSERT INTO "monitoredBy" VALUES (2030, 2026);
INSERT INTO "TrackElement" ("id") VALUES (2031);
INSERT INTO "Segment" ("id", "length") VALUES (2031, 376);
UPDATE "TrackElement" SET "region" = 1820 WHERE "id" = 2031;
INSERT INTO "monitoredBy" VALUES (2031, 2026);
INSERT INTO "Sensor" ("id") VALUES (2032);
UPDATE "Sensor" SET "region" = 1820 WHERE "id" = 2032;
INSERT INTO "monitoredBy" VALUES (2013, 2032);
INSERT INTO "requires" VALUES (1819, 2032);
INSERT INTO "TrackElement" ("id") VALUES (2033);
INSERT INTO "Segment" ("id", "length") VALUES (2033, 872);
UPDATE "TrackElement" SET "region" = 1820 WHERE "id" = 2033;
INSERT INTO "monitoredBy" VALUES (2033, 2032);
INSERT INTO "TrackElement" ("id") VALUES (2034);
INSERT INTO "Segment" ("id", "length") VALUES (2034, 936);
UPDATE "TrackElement" SET "region" = 1820 WHERE "id" = 2034;
INSERT INTO "monitoredBy" VALUES (2034, 2032);
INSERT INTO "TrackElement" ("id") VALUES (2035);
INSERT INTO "Segment" ("id", "length") VALUES (2035, 83);
UPDATE "TrackElement" SET "region" = 1820 WHERE "id" = 2035;
INSERT INTO "monitoredBy" VALUES (2035, 2032);
INSERT INTO "TrackElement" ("id") VALUES (2036);
INSERT INTO "Segment" ("id", "length") VALUES (2036, 821);
UPDATE "TrackElement" SET "region" = 1820 WHERE "id" = 2036;
INSERT INTO "monitoredBy" VALUES (2036, 2032);
INSERT INTO "TrackElement" ("id") VALUES (2037);
INSERT INTO "Segment" ("id", "length") VALUES (2037, 117);
UPDATE "TrackElement" SET "region" = 1820 WHERE "id" = 2037;
INSERT INTO "monitoredBy" VALUES (2037, 2032);
INSERT INTO "SwitchPosition" ("id", "position", "target") VALUES (2038, 0, 2013);
UPDATE "SwitchPosition" SET "route" = 1819 WHERE "id" = 2038;
INSERT INTO "connectsTo" VALUES (1821, 1823);
INSERT INTO "connectsTo" VALUES (1823, 1824);
INSERT INTO "connectsTo" VALUES (1824, 1825);
INSERT INTO "connectsTo" VALUES (1825, 1826);
INSERT INTO "connectsTo" VALUES (1826, 1827);
INSERT INTO "connectsTo" VALUES (1827, 1829);
INSERT INTO "connectsTo" VALUES (1829, 1830);
INSERT INTO "connectsTo" VALUES (1830, 1831);
INSERT INTO "connectsTo" VALUES (1831, 1832);
INSERT INTO "connectsTo" VALUES (1832, 1833);
INSERT INTO "connectsTo" VALUES (1833, 1835);
INSERT INTO "connectsTo" VALUES (1835, 1837);
INSERT INTO "connectsTo" VALUES (1837, 1838);
INSERT INTO "connectsTo" VALUES (1838, 1839);
INSERT INTO "connectsTo" VALUES (1839, 1840);
INSERT INTO "connectsTo" VALUES (1840, 1841);
INSERT INTO "connectsTo" VALUES (1841, 1843);
INSERT INTO "connectsTo" VALUES (1843, 1844);
INSERT INTO "connectsTo" VALUES (1844, 1845);
INSERT INTO "connectsTo" VALUES (1845, 1846);
INSERT INTO "connectsTo" VALUES (1846, 1847);
INSERT INTO "connectsTo" VALUES (1847, 1849);
INSERT INTO "connectsTo" VALUES (1849, 1850);
INSERT INTO "connectsTo" VALUES (1850, 1851);
INSERT INTO "connectsTo" VALUES (1851, 1852);
INSERT INTO "connectsTo" VALUES (1852, 1853);
INSERT INTO "connectsTo" VALUES (1853, 1855);
INSERT INTO "connectsTo" VALUES (1855, 1856);
INSERT INTO "connectsTo" VALUES (1856, 1857);
INSERT INTO "connectsTo" VALUES (1857, 1858);
INSERT INTO "connectsTo" VALUES (1858, 1859);
INSERT INTO "connectsTo" VALUES (1859, 1861);
INSERT INTO "connectsTo" VALUES (1861, 1862);
INSERT INTO "connectsTo" VALUES (1862, 1863);
INSERT INTO "connectsTo" VALUES (1863, 1864);
INSERT INTO "connectsTo" VALUES (1864, 1865);
INSERT INTO "connectsTo" VALUES (1865, 1867);
INSERT INTO "connectsTo" VALUES (1867, 1869);
INSERT INTO "connectsTo" VALUES (1869, 1870);
INSERT INTO "connectsTo" VALUES (1870, 1871);
INSERT INTO "connectsTo" VALUES (1871, 1872);
INSERT INTO "connectsTo" VALUES (1872, 1873);
INSERT INTO "connectsTo" VALUES (1873, 1875);
INSERT INTO "connectsTo" VALUES (1875, 1876);
INSERT INTO "connectsTo" VALUES (1876, 1877);
INSERT INTO "connectsTo" VALUES (1877, 1878);
INSERT INTO "connectsTo" VALUES (1878, 1879);
INSERT INTO "connectsTo" VALUES (1879, 1881);
INSERT INTO "connectsTo" VALUES (1881, 1882);
INSERT INTO "connectsTo" VALUES (1882, 1883);
INSERT INTO "connectsTo" VALUES (1883, 1884);
INSERT INTO "connectsTo" VALUES (1884, 1885);
INSERT INTO "connectsTo" VALUES (1885, 1887);
INSERT INTO "connectsTo" VALUES (1887, 1888);
INSERT INTO "connectsTo" VALUES (1888, 1889);
INSERT INTO "connectsTo" VALUES (1889, 1890);
INSERT INTO "connectsTo" VALUES (1890, 1891);
INSERT INTO "connectsTo" VALUES (1891, 1893);
INSERT INTO "connectsTo" VALUES (1893, 1895);
INSERT INTO "connectsTo" VALUES (1895, 1896);
INSERT INTO "connectsTo" VALUES (1896, 1897);
INSERT INTO "connectsTo" VALUES (1897, 1898);
INSERT INTO "connectsTo" VALUES (1898, 1899);
INSERT INTO "connectsTo" VALUES (1899, 1901);
INSERT INTO "connectsTo" VALUES (1901, 1902);
INSERT INTO "connectsTo" VALUES (1902, 1903);
INSERT INTO "connectsTo" VALUES (1903, 1904);
INSERT INTO "connectsTo" VALUES (1904, 1905);
INSERT INTO "connectsTo" VALUES (1905, 1907);
INSERT INTO "connectsTo" VALUES (1907, 1908);
INSERT INTO "connectsTo" VALUES (1908, 1909);
INSERT INTO "connectsTo" VALUES (1909, 1910);
INSERT INTO "connectsTo" VALUES (1910, 1911);
INSERT INTO "connectsTo" VALUES (1911, 1913);
INSERT INTO "connectsTo" VALUES (1913, 1914);
INSERT INTO "connectsTo" VALUES (1914, 1915);
INSERT INTO "connectsTo" VALUES (1915, 1916);
INSERT INTO "connectsTo" VALUES (1916, 1917);
INSERT INTO "connectsTo" VALUES (1917, 1919);
INSERT INTO "connectsTo" VALUES (1919, 1920);
INSERT INTO "connectsTo" VALUES (1920, 1921);
INSERT INTO "connectsTo" VALUES (1921, 1922);
INSERT INTO "connectsTo" VALUES (1922, 1923);
INSERT INTO "connectsTo" VALUES (1923, 1925);
INSERT INTO "connectsTo" VALUES (1925, 1926);
INSERT INTO "connectsTo" VALUES (1926, 1927);
INSERT INTO "connectsTo" VALUES (1927, 1928);
INSERT INTO "connectsTo" VALUES (1928, 1929);
INSERT INTO "connectsTo" VALUES (1929, 1931);
INSERT INTO "connectsTo" VALUES (1931, 1932);
INSERT INTO "connectsTo" VALUES (1932, 1933);
INSERT INTO "connectsTo" VALUES (1933, 1934);
INSERT INTO "connectsTo" VALUES (1934, 1935);
INSERT INTO "connectsTo" VALUES (1935, 1937);
INSERT INTO "connectsTo" VALUES (1937, 1939);
INSERT INTO "connectsTo" VALUES (1939, 1940);
INSERT INTO "connectsTo" VALUES (1940, 1941);
INSERT INTO "connectsTo" VALUES (1941, 1942);
INSERT INTO "connectsTo" VALUES (1942, 1943);
INSERT INTO "connectsTo" VALUES (1943, 1945);
INSERT INTO "connectsTo" VALUES (1945, 1946);
INSERT INTO "connectsTo" VALUES (1946, 1947);
INSERT INTO "connectsTo" VALUES (1947, 1948);
INSERT INTO "connectsTo" VALUES (1948, 1949);
INSERT INTO "connectsTo" VALUES (1949, 1951);
INSERT INTO "connectsTo" VALUES (1951, 1952);
INSERT INTO "connectsTo" VALUES (1952, 1953);
INSERT INTO "connectsTo" VALUES (1953, 1954);
INSERT INTO "connectsTo" VALUES (1954, 1955);
INSERT INTO "connectsTo" VALUES (1955, 1957);
INSERT INTO "connectsTo" VALUES (1957, 1958);
INSERT INTO "connectsTo" VALUES (1958, 1959);
INSERT INTO "connectsTo" VALUES (1959, 1960);
INSERT INTO "connectsTo" VALUES (1960, 1961);
INSERT INTO "connectsTo" VALUES (1961, 1963);
INSERT INTO "connectsTo" VALUES (1963, 1964);
INSERT INTO "connectsTo" VALUES (1964, 1965);
INSERT INTO "connectsTo" VALUES (1965, 1966);
INSERT INTO "connectsTo" VALUES (1966, 1967);
INSERT INTO "connectsTo" VALUES (1967, 1969);
INSERT INTO "connectsTo" VALUES (1969, 1971);
INSERT INTO "connectsTo" VALUES (1971, 1972);
INSERT INTO "connectsTo" VALUES (1972, 1973);
INSERT INTO "connectsTo" VALUES (1973, 1974);
INSERT INTO "connectsTo" VALUES (1974, 1975);
INSERT INTO "connectsTo" VALUES (1975, 1977);
INSERT INTO "connectsTo" VALUES (1977, 1978);
INSERT INTO "connectsTo" VALUES (1978, 1979);
INSERT INTO "connectsTo" VALUES (1979, 1980);
INSERT INTO "connectsTo" VALUES (1980, 1981);
INSERT INTO "connectsTo" VALUES (1981, 1983);
INSERT INTO "connectsTo" VALUES (1983, 1984);
INSERT INTO "connectsTo" VALUES (1984, 1985);
INSERT INTO "connectsTo" VALUES (1985, 1986);
INSERT INTO "connectsTo" VALUES (1986, 1987);
INSERT INTO "connectsTo" VALUES (1987, 1989);
INSERT INTO "connectsTo" VALUES (1989, 1990);
INSERT INTO "connectsTo" VALUES (1990, 1991);
INSERT INTO "connectsTo" VALUES (1991, 1992);
INSERT INTO "connectsTo" VALUES (1992, 1993);
INSERT INTO "connectsTo" VALUES (1993, 1995);
INSERT INTO "connectsTo" VALUES (1995, 1996);
INSERT INTO "connectsTo" VALUES (1996, 1997);
INSERT INTO "connectsTo" VALUES (1997, 1998);
INSERT INTO "connectsTo" VALUES (1998, 1999);
INSERT INTO "connectsTo" VALUES (1999, 2001);
INSERT INTO "connectsTo" VALUES (2001, 2002);
INSERT INTO "connectsTo" VALUES (2002, 2003);
INSERT INTO "connectsTo" VALUES (2003, 2004);
INSERT INTO "connectsTo" VALUES (2004, 2005);
INSERT INTO "connectsTo" VALUES (2005, 2007);
INSERT INTO "connectsTo" VALUES (2007, 2008);
INSERT INTO "connectsTo" VALUES (2008, 2009);
INSERT INTO "connectsTo" VALUES (2009, 2010);
INSERT INTO "connectsTo" VALUES (2010, 2011);
INSERT INTO "connectsTo" VALUES (2011, 2013);
INSERT INTO "connectsTo" VALUES (2013, 2015);
INSERT INTO "connectsTo" VALUES (2015, 2016);
INSERT INTO "connectsTo" VALUES (2016, 2017);
INSERT INTO "connectsTo" VALUES (2017, 2018);
INSERT INTO "connectsTo" VALUES (2018, 2019);
INSERT INTO "connectsTo" VALUES (2019, 2021);
INSERT INTO "connectsTo" VALUES (2021, 2022);
INSERT INTO "connectsTo" VALUES (2022, 2023);
INSERT INTO "connectsTo" VALUES (2023, 2024);
INSERT INTO "connectsTo" VALUES (2024, 2025);
INSERT INTO "connectsTo" VALUES (2025, 2027);
INSERT INTO "connectsTo" VALUES (2027, 2028);
INSERT INTO "connectsTo" VALUES (2028, 2029);
INSERT INTO "connectsTo" VALUES (2029, 2030);
INSERT INTO "connectsTo" VALUES (2030, 2031);
INSERT INTO "connectsTo" VALUES (2031, 2033);
INSERT INTO "connectsTo" VALUES (2033, 2034);
INSERT INTO "connectsTo" VALUES (2034, 2035);
INSERT INTO "connectsTo" VALUES (2035, 2036);
INSERT INTO "connectsTo" VALUES (2036, 2037);
INSERT INTO "connectsTo" VALUES (1817, 1821);
INSERT INTO "connectsTo" VALUES (2037, 5);

COMMIT;
CREATE INDEX segment_length_idx ON "Segment" ("length");
CREATE INDEX route_active_idx ON "Route" ("active");
CREATE INDEX semaphore_signal_idx ON "Semaphore" ("signal");
CREATE INDEX monitoredBy_idx ON "monitoredBy" ("Sensor_id", "TrackElement_id");
CREATE INDEX connectsTo_idx1 ON "connectsTo" ("TrackElement1_id");
CREATE INDEX connectsTo_idx2 ON "connectsTo" ("TrackElement2_id");
