SET SESSION sql_mode = 'ANSI_QUOTES';
--
-- Database: "trainbenchmark"
--

-- 512 Mb
SET max_heap_table_size=536870912;

DROP DATABASE IF EXISTS "trainbenchmark";
CREATE DATABASE "trainbenchmark";
USE "trainbenchmark";

START TRANSACTION;
-- --------------------------------------------------------

--
-- Table structure: "Route"
--

CREATE TABLE IF NOT EXISTS "Route" (
  "id" int NOT NULL AUTO_INCREMENT,
  "entry" int,
  "exit" int,
  PRIMARY KEY  ("id")
) DEFAULT CHARSET=utf8 AUTO_INCREMENT=1 ENGINE=MEMORY;

-- --------------------------------------------------------

--
-- Table structure: "definedBy"
--

CREATE TABLE IF NOT EXISTS "definedBy" (
  "Route_id" int NOT NULL,
  "Sensor_id" int NOT NULL,
  PRIMARY KEY  ("Route_id", "Sensor_id")
) DEFAULT CHARSET=utf8 ENGINE=MEMORY;

-- --------------------------------------------------------

--
-- Table structure: "Segment"
--

CREATE TABLE IF NOT EXISTS "Segment" (
  "id" int NOT NULL AUTO_INCREMENT,
  "length" int NOT NULL DEFAULT 1,
  PRIMARY KEY  ("id")
) DEFAULT CHARSET=utf8 ENGINE=MEMORY;

-- --------------------------------------------------------

--
-- Table structure: "Sensor"
--

CREATE TABLE IF NOT EXISTS "Sensor" (
  "id" int NOT NULL AUTO_INCREMENT,
  PRIMARY KEY  ("id")
) DEFAULT CHARSET=utf8 AUTO_INCREMENT=1 ENGINE=MEMORY;

-- --------------------------------------------------------

--
-- Table structure: "Semaphore"
--

CREATE TABLE IF NOT EXISTS "Semaphore" (
  "id" int NOT NULL AUTO_INCREMENT,
  "signal" int NOT NULL,
  PRIMARY KEY  ("id")
) DEFAULT CHARSET=utf8 AUTO_INCREMENT=1 ENGINE=MEMORY;

-- --------------------------------------------------------


--
-- Table structure: "Switch"
--

CREATE TABLE IF NOT EXISTS "Switch" (
  "id" int NOT NULL AUTO_INCREMENT,
  "currentPosition" int,
  PRIMARY KEY  ("id")
) DEFAULT CHARSET=utf8 ENGINE=MEMORY;

-- --------------------------------------------------------

--
-- Table structure: "SwitchPosition"
--

CREATE TABLE IF NOT EXISTS "SwitchPosition" (
  "id" int NOT NULL AUTO_INCREMENT,
  "follows" int, -- inverse of the route edge
  "switch" int NOT NULL,
  "position" int NOT NULL,
  PRIMARY KEY  ("id")
) DEFAULT CHARSET=utf8 AUTO_INCREMENT=1 ENGINE=MEMORY;

-- --------------------------------------------------------

--
-- Table structure: "TrackElement"
--

CREATE TABLE IF NOT EXISTS "TrackElement" (
  "id" int NOT NULL AUTO_INCREMENT,
  "sensor" int,
  PRIMARY KEY  ("id")
) DEFAULT CHARSET=utf8 AUTO_INCREMENT=1 ENGINE=MEMORY;

-- --------------------------------------------------------

--
-- Table structure: "TrackElement_connectsTo"
--

CREATE TABLE IF NOT EXISTS "connectsTo" (
  "TrackElement1" int NOT NULL,
  "TrackElement2" int NOT NULL,
  PRIMARY KEY  ("TrackElement1", "TrackElement2")
) DEFAULT CHARSET=utf8 ENGINE=MEMORY;

INSERT INTO "Semaphore" ("id", "signal") VALUES (1, 2);
INSERT INTO "Semaphore" ("id", "signal") VALUES (2, 2);
INSERT INTO "Route" ("id", "entry", "exit") VALUES (3, 1, 2);
INSERT INTO "TrackElement" ("id") VALUES (4);
INSERT INTO "Switch" ("id") VALUES (4);
INSERT INTO "Sensor" ("id") VALUES (5);
INSERT INTO "definedBy" VALUES (3, 5);
INSERT INTO "TrackElement" ("id") VALUES (6);
INSERT INTO "Segment" ("id", "length") VALUES (6, 358);
UPDATE "TrackElement" SET "sensor" = 5 WHERE "id" = 6;
INSERT INTO "TrackElement" ("id") VALUES (7);
INSERT INTO "Segment" ("id", "length") VALUES (7, 461);
UPDATE "TrackElement" SET "sensor" = 5 WHERE "id" = 7;
INSERT INTO "TrackElement" ("id") VALUES (8);
INSERT INTO "Segment" ("id", "length") VALUES (8, 879);
UPDATE "TrackElement" SET "sensor" = 5 WHERE "id" = 8;
INSERT INTO "TrackElement" ("id") VALUES (9);
INSERT INTO "Segment" ("id", "length") VALUES (9, 829);
UPDATE "TrackElement" SET "sensor" = 5 WHERE "id" = 9;
INSERT INTO "TrackElement" ("id") VALUES (10);
INSERT INTO "Segment" ("id", "length") VALUES (10, 732);
UPDATE "TrackElement" SET "sensor" = 5 WHERE "id" = 10;
INSERT INTO "Sensor" ("id") VALUES (11);
INSERT INTO "definedBy" VALUES (3, 11);
INSERT INTO "TrackElement" ("id") VALUES (12);
INSERT INTO "Segment" ("id", "length") VALUES (12, 803);
UPDATE "TrackElement" SET "sensor" = 11 WHERE "id" = 12;
INSERT INTO "TrackElement" ("id") VALUES (13);
INSERT INTO "Segment" ("id", "length") VALUES (13, 137);
UPDATE "TrackElement" SET "sensor" = 11 WHERE "id" = 13;
INSERT INTO "TrackElement" ("id") VALUES (14);
INSERT INTO "Segment" ("id", "length") VALUES (14, 494);
UPDATE "TrackElement" SET "sensor" = 11 WHERE "id" = 14;
INSERT INTO "TrackElement" ("id") VALUES (15);
INSERT INTO "Segment" ("id", "length") VALUES (15, 979);
UPDATE "TrackElement" SET "sensor" = 11 WHERE "id" = 15;
INSERT INTO "TrackElement" ("id") VALUES (16);
INSERT INTO "Segment" ("id", "length") VALUES (16, 815);
UPDATE "TrackElement" SET "sensor" = 11 WHERE "id" = 16;
INSERT INTO "Sensor" ("id") VALUES (17);
INSERT INTO "definedBy" VALUES (3, 17);
INSERT INTO "TrackElement" ("id") VALUES (18);
INSERT INTO "Segment" ("id", "length") VALUES (18, 831);
UPDATE "TrackElement" SET "sensor" = 17 WHERE "id" = 18;
INSERT INTO "TrackElement" ("id") VALUES (19);
INSERT INTO "Segment" ("id", "length") VALUES (19, 127);
UPDATE "TrackElement" SET "sensor" = 17 WHERE "id" = 19;
INSERT INTO "TrackElement" ("id") VALUES (20);
INSERT INTO "Segment" ("id", "length") VALUES (20, 974);
UPDATE "TrackElement" SET "sensor" = 17 WHERE "id" = 20;
INSERT INTO "TrackElement" ("id") VALUES (21);
INSERT INTO "Segment" ("id", "length") VALUES (21, 324);
UPDATE "TrackElement" SET "sensor" = 17 WHERE "id" = 21;
INSERT INTO "TrackElement" ("id") VALUES (22);
INSERT INTO "Segment" ("id", "length") VALUES (22, 996);
UPDATE "TrackElement" SET "sensor" = 17 WHERE "id" = 22;
INSERT INTO "Sensor" ("id") VALUES (23);
INSERT INTO "definedBy" VALUES (3, 23);
INSERT INTO "TrackElement" ("id") VALUES (24);
INSERT INTO "Segment" ("id", "length") VALUES (24, 582);
UPDATE "TrackElement" SET "sensor" = 23 WHERE "id" = 24;
INSERT INTO "TrackElement" ("id") VALUES (25);
INSERT INTO "Segment" ("id", "length") VALUES (25, 683);
UPDATE "TrackElement" SET "sensor" = 23 WHERE "id" = 25;
INSERT INTO "TrackElement" ("id") VALUES (26);
INSERT INTO "Segment" ("id", "length") VALUES (26, 212);
UPDATE "TrackElement" SET "sensor" = 23 WHERE "id" = 26;
INSERT INTO "TrackElement" ("id") VALUES (27);
INSERT INTO "Segment" ("id", "length") VALUES (27, 994);
UPDATE "TrackElement" SET "sensor" = 23 WHERE "id" = 27;
INSERT INTO "TrackElement" ("id") VALUES (28);
INSERT INTO "Segment" ("id", "length") VALUES (28, 472);
UPDATE "TrackElement" SET "sensor" = 23 WHERE "id" = 28;
INSERT INTO "Sensor" ("id") VALUES (29);
INSERT INTO "definedBy" VALUES (3, 29);
INSERT INTO "TrackElement" ("id") VALUES (30);
INSERT INTO "Segment" ("id", "length") VALUES (30, 745);
UPDATE "TrackElement" SET "sensor" = 29 WHERE "id" = 30;
INSERT INTO "TrackElement" ("id") VALUES (31);
INSERT INTO "Segment" ("id", "length") VALUES (31, 711);
UPDATE "TrackElement" SET "sensor" = 29 WHERE "id" = 31;
INSERT INTO "TrackElement" ("id") VALUES (32);
INSERT INTO "Segment" ("id", "length") VALUES (32, 733);
UPDATE "TrackElement" SET "sensor" = 29 WHERE "id" = 32;
INSERT INTO "TrackElement" ("id") VALUES (33);
INSERT INTO "Segment" ("id", "length") VALUES (33, 449);
UPDATE "TrackElement" SET "sensor" = 29 WHERE "id" = 33;
INSERT INTO "TrackElement" ("id") VALUES (34);
INSERT INTO "Segment" ("id", "length") VALUES (34, 549);
UPDATE "TrackElement" SET "sensor" = 29 WHERE "id" = 34;
INSERT INTO "Sensor" ("id") VALUES (35);
INSERT INTO "definedBy" VALUES (3, 35);
INSERT INTO "TrackElement" ("id") VALUES (36);
INSERT INTO "Segment" ("id", "length") VALUES (36, 234);
UPDATE "TrackElement" SET "sensor" = 35 WHERE "id" = 36;
INSERT INTO "TrackElement" ("id") VALUES (37);
INSERT INTO "Segment" ("id", "length") VALUES (37, 132);
UPDATE "TrackElement" SET "sensor" = 35 WHERE "id" = 37;
INSERT INTO "TrackElement" ("id") VALUES (38);
INSERT INTO "Segment" ("id", "length") VALUES (38, 421);
UPDATE "TrackElement" SET "sensor" = 35 WHERE "id" = 38;
INSERT INTO "TrackElement" ("id") VALUES (39);
INSERT INTO "Segment" ("id", "length") VALUES (39, 429);
UPDATE "TrackElement" SET "sensor" = 35 WHERE "id" = 39;
INSERT INTO "TrackElement" ("id") VALUES (40);
INSERT INTO "Segment" ("id", "length") VALUES (40, 892);
UPDATE "TrackElement" SET "sensor" = 35 WHERE "id" = 40;
INSERT INTO "Sensor" ("id") VALUES (41);
INSERT INTO "definedBy" VALUES (3, 41);
INSERT INTO "TrackElement" ("id") VALUES (42);
INSERT INTO "Segment" ("id", "length") VALUES (42, 209);
UPDATE "TrackElement" SET "sensor" = 41 WHERE "id" = 42;
INSERT INTO "TrackElement" ("id") VALUES (43);
INSERT INTO "Segment" ("id", "length") VALUES (43, 721);
UPDATE "TrackElement" SET "sensor" = 41 WHERE "id" = 43;
INSERT INTO "TrackElement" ("id") VALUES (44);
INSERT INTO "Segment" ("id", "length") VALUES (44, 436);
UPDATE "TrackElement" SET "sensor" = 41 WHERE "id" = 44;
INSERT INTO "TrackElement" ("id") VALUES (45);
INSERT INTO "Segment" ("id", "length") VALUES (45, 818);
UPDATE "TrackElement" SET "sensor" = 41 WHERE "id" = 45;
INSERT INTO "TrackElement" ("id") VALUES (46);
INSERT INTO "Segment" ("id", "length") VALUES (46, 153);
UPDATE "TrackElement" SET "sensor" = 41 WHERE "id" = 46;
UPDATE "TrackElement" SET "sensor" = 41 WHERE "id" = 4;
UPDATE "Switch" SET "currentPosition" = 2 WHERE "id" = 4;
INSERT INTO "SwitchPosition" ("id", "position", "switch", "follows") VALUES (47, 2, 4, 3);
INSERT INTO "TrackElement" ("id") VALUES (48);
INSERT INTO "Switch" ("id") VALUES (48);
INSERT INTO "Sensor" ("id") VALUES (49);
INSERT INTO "definedBy" VALUES (3, 49);
INSERT INTO "TrackElement" ("id") VALUES (50);
INSERT INTO "Segment" ("id", "length") VALUES (50, 193);
UPDATE "TrackElement" SET "sensor" = 49 WHERE "id" = 50;
INSERT INTO "TrackElement" ("id") VALUES (51);
INSERT INTO "Segment" ("id", "length") VALUES (51, 141);
UPDATE "TrackElement" SET "sensor" = 49 WHERE "id" = 51;
INSERT INTO "TrackElement" ("id") VALUES (52);
INSERT INTO "Segment" ("id", "length") VALUES (52, 288);
UPDATE "TrackElement" SET "sensor" = 49 WHERE "id" = 52;
INSERT INTO "TrackElement" ("id") VALUES (53);
INSERT INTO "Segment" ("id", "length") VALUES (53, 852);
UPDATE "TrackElement" SET "sensor" = 49 WHERE "id" = 53;
INSERT INTO "TrackElement" ("id") VALUES (54);
INSERT INTO "Segment" ("id", "length") VALUES (54, 933);
UPDATE "TrackElement" SET "sensor" = 49 WHERE "id" = 54;
INSERT INTO "Sensor" ("id") VALUES (55);
INSERT INTO "definedBy" VALUES (3, 55);
INSERT INTO "TrackElement" ("id") VALUES (56);
INSERT INTO "Segment" ("id", "length") VALUES (56, 590);
UPDATE "TrackElement" SET "sensor" = 55 WHERE "id" = 56;
INSERT INTO "TrackElement" ("id") VALUES (57);
INSERT INTO "Segment" ("id", "length") VALUES (57, 896);
UPDATE "TrackElement" SET "sensor" = 55 WHERE "id" = 57;
INSERT INTO "TrackElement" ("id") VALUES (58);
INSERT INTO "Segment" ("id", "length") VALUES (58, 325);
UPDATE "TrackElement" SET "sensor" = 55 WHERE "id" = 58;
INSERT INTO "TrackElement" ("id") VALUES (59);
INSERT INTO "Segment" ("id", "length") VALUES (59, 800);
UPDATE "TrackElement" SET "sensor" = 55 WHERE "id" = 59;
INSERT INTO "TrackElement" ("id") VALUES (60);
INSERT INTO "Segment" ("id", "length") VALUES (60, 813);
UPDATE "TrackElement" SET "sensor" = 55 WHERE "id" = 60;
INSERT INTO "Sensor" ("id") VALUES (61);
INSERT INTO "definedBy" VALUES (3, 61);
INSERT INTO "TrackElement" ("id") VALUES (62);
INSERT INTO "Segment" ("id", "length") VALUES (62, 386);
UPDATE "TrackElement" SET "sensor" = 61 WHERE "id" = 62;
INSERT INTO "TrackElement" ("id") VALUES (63);
INSERT INTO "Segment" ("id", "length") VALUES (63, 220);
UPDATE "TrackElement" SET "sensor" = 61 WHERE "id" = 63;
INSERT INTO "TrackElement" ("id") VALUES (64);
INSERT INTO "Segment" ("id", "length") VALUES (64, 929);
UPDATE "TrackElement" SET "sensor" = 61 WHERE "id" = 64;
INSERT INTO "TrackElement" ("id") VALUES (65);
INSERT INTO "Segment" ("id", "length") VALUES (65, 152);
UPDATE "TrackElement" SET "sensor" = 61 WHERE "id" = 65;
INSERT INTO "TrackElement" ("id") VALUES (66);
INSERT INTO "Segment" ("id", "length") VALUES (66, 886);
UPDATE "TrackElement" SET "sensor" = 61 WHERE "id" = 66;
INSERT INTO "Sensor" ("id") VALUES (67);
INSERT INTO "definedBy" VALUES (3, 67);
INSERT INTO "TrackElement" ("id") VALUES (68);
INSERT INTO "Segment" ("id", "length") VALUES (68, 245);
UPDATE "TrackElement" SET "sensor" = 67 WHERE "id" = 68;
INSERT INTO "TrackElement" ("id") VALUES (69);
INSERT INTO "Segment" ("id", "length") VALUES (69, 239);
UPDATE "TrackElement" SET "sensor" = 67 WHERE "id" = 69;
INSERT INTO "TrackElement" ("id") VALUES (70);
INSERT INTO "Segment" ("id", "length") VALUES (70, 544);
UPDATE "TrackElement" SET "sensor" = 67 WHERE "id" = 70;
INSERT INTO "TrackElement" ("id") VALUES (71);
INSERT INTO "Segment" ("id", "length") VALUES (71, 398);
UPDATE "TrackElement" SET "sensor" = 67 WHERE "id" = 71;
INSERT INTO "TrackElement" ("id") VALUES (72);
INSERT INTO "Segment" ("id", "length") VALUES (72, 191);
UPDATE "TrackElement" SET "sensor" = 67 WHERE "id" = 72;
INSERT INTO "Sensor" ("id") VALUES (73);
INSERT INTO "definedBy" VALUES (3, 73);
INSERT INTO "TrackElement" ("id") VALUES (74);
INSERT INTO "Segment" ("id", "length") VALUES (74, 301);
UPDATE "TrackElement" SET "sensor" = 73 WHERE "id" = 74;
INSERT INTO "TrackElement" ("id") VALUES (75);
INSERT INTO "Segment" ("id", "length") VALUES (75, 437);
UPDATE "TrackElement" SET "sensor" = 73 WHERE "id" = 75;
INSERT INTO "TrackElement" ("id") VALUES (76);
INSERT INTO "Segment" ("id", "length") VALUES (76, 511);
UPDATE "TrackElement" SET "sensor" = 73 WHERE "id" = 76;
INSERT INTO "TrackElement" ("id") VALUES (77);
INSERT INTO "Segment" ("id", "length") VALUES (77, 625);
UPDATE "TrackElement" SET "sensor" = 73 WHERE "id" = 77;
INSERT INTO "TrackElement" ("id") VALUES (78);
INSERT INTO "Segment" ("id", "length") VALUES (78, 111);
UPDATE "TrackElement" SET "sensor" = 73 WHERE "id" = 78;
INSERT INTO "Sensor" ("id") VALUES (79);
INSERT INTO "definedBy" VALUES (3, 79);
INSERT INTO "TrackElement" ("id") VALUES (80);
INSERT INTO "Segment" ("id", "length") VALUES (80, 711);
UPDATE "TrackElement" SET "sensor" = 79 WHERE "id" = 80;
INSERT INTO "TrackElement" ("id") VALUES (81);
INSERT INTO "Segment" ("id", "length") VALUES (81, 740);
UPDATE "TrackElement" SET "sensor" = 79 WHERE "id" = 81;
INSERT INTO "TrackElement" ("id") VALUES (82);
INSERT INTO "Segment" ("id", "length") VALUES (82, 242);
UPDATE "TrackElement" SET "sensor" = 79 WHERE "id" = 82;
INSERT INTO "TrackElement" ("id") VALUES (83);
INSERT INTO "Segment" ("id", "length") VALUES (83, 840);
UPDATE "TrackElement" SET "sensor" = 79 WHERE "id" = 83;
INSERT INTO "TrackElement" ("id") VALUES (84);
INSERT INTO "Segment" ("id", "length") VALUES (84, 284);
UPDATE "TrackElement" SET "sensor" = 79 WHERE "id" = 84;
INSERT INTO "Sensor" ("id") VALUES (85);
INSERT INTO "definedBy" VALUES (3, 85);
INSERT INTO "TrackElement" ("id") VALUES (86);
INSERT INTO "Segment" ("id", "length") VALUES (86, 977);
UPDATE "TrackElement" SET "sensor" = 85 WHERE "id" = 86;
INSERT INTO "TrackElement" ("id") VALUES (87);
INSERT INTO "Segment" ("id", "length") VALUES (87, 824);
UPDATE "TrackElement" SET "sensor" = 85 WHERE "id" = 87;
INSERT INTO "TrackElement" ("id") VALUES (88);
INSERT INTO "Segment" ("id", "length") VALUES (88, 395);
UPDATE "TrackElement" SET "sensor" = 85 WHERE "id" = 88;
INSERT INTO "TrackElement" ("id") VALUES (89);
INSERT INTO "Segment" ("id", "length") VALUES (89, 608);
UPDATE "TrackElement" SET "sensor" = 85 WHERE "id" = 89;
INSERT INTO "TrackElement" ("id") VALUES (90);
INSERT INTO "Segment" ("id", "length") VALUES (90, 829);
UPDATE "TrackElement" SET "sensor" = 85 WHERE "id" = 90;
INSERT INTO "Sensor" ("id") VALUES (91);
INSERT INTO "definedBy" VALUES (3, 91);
INSERT INTO "TrackElement" ("id") VALUES (92);
INSERT INTO "Segment" ("id", "length") VALUES (92, 620);
UPDATE "TrackElement" SET "sensor" = 91 WHERE "id" = 92;
INSERT INTO "TrackElement" ("id") VALUES (93);
INSERT INTO "Segment" ("id", "length") VALUES (93, 181);
UPDATE "TrackElement" SET "sensor" = 91 WHERE "id" = 93;
INSERT INTO "TrackElement" ("id") VALUES (94);
INSERT INTO "Segment" ("id", "length") VALUES (94, 54);
UPDATE "TrackElement" SET "sensor" = 91 WHERE "id" = 94;
INSERT INTO "TrackElement" ("id") VALUES (95);
INSERT INTO "Segment" ("id", "length") VALUES (95, 745);
UPDATE "TrackElement" SET "sensor" = 91 WHERE "id" = 95;
INSERT INTO "TrackElement" ("id") VALUES (96);
INSERT INTO "Segment" ("id", "length") VALUES (96, 322);
UPDATE "TrackElement" SET "sensor" = 91 WHERE "id" = 96;
UPDATE "TrackElement" SET "sensor" = 91 WHERE "id" = 48;
UPDATE "Switch" SET "currentPosition" = 1 WHERE "id" = 48;
INSERT INTO "SwitchPosition" ("id", "position", "switch", "follows") VALUES (97, 1, 48, 3);
INSERT INTO "TrackElement" ("id") VALUES (98);
INSERT INTO "Switch" ("id") VALUES (98);
INSERT INTO "Sensor" ("id") VALUES (99);
INSERT INTO "definedBy" VALUES (3, 99);
INSERT INTO "TrackElement" ("id") VALUES (100);
INSERT INTO "Segment" ("id", "length") VALUES (100, 257);
UPDATE "TrackElement" SET "sensor" = 99 WHERE "id" = 100;
INSERT INTO "TrackElement" ("id") VALUES (101);
INSERT INTO "Segment" ("id", "length") VALUES (101, 488);
UPDATE "TrackElement" SET "sensor" = 99 WHERE "id" = 101;
INSERT INTO "TrackElement" ("id") VALUES (102);
INSERT INTO "Segment" ("id", "length") VALUES (102, 366);
UPDATE "TrackElement" SET "sensor" = 99 WHERE "id" = 102;
INSERT INTO "TrackElement" ("id") VALUES (103);
INSERT INTO "Segment" ("id", "length") VALUES (103, 638);
UPDATE "TrackElement" SET "sensor" = 99 WHERE "id" = 103;
INSERT INTO "TrackElement" ("id") VALUES (104);
INSERT INTO "Segment" ("id", "length") VALUES (104, 102);
UPDATE "TrackElement" SET "sensor" = 99 WHERE "id" = 104;
INSERT INTO "Sensor" ("id") VALUES (105);
INSERT INTO "definedBy" VALUES (3, 105);
INSERT INTO "TrackElement" ("id") VALUES (106);
INSERT INTO "Segment" ("id", "length") VALUES (106, 785);
UPDATE "TrackElement" SET "sensor" = 105 WHERE "id" = 106;
INSERT INTO "TrackElement" ("id") VALUES (107);
INSERT INTO "Segment" ("id", "length") VALUES (107, 566);
UPDATE "TrackElement" SET "sensor" = 105 WHERE "id" = 107;
INSERT INTO "TrackElement" ("id") VALUES (108);
INSERT INTO "Segment" ("id", "length") VALUES (108, 386);
UPDATE "TrackElement" SET "sensor" = 105 WHERE "id" = 108;
INSERT INTO "TrackElement" ("id") VALUES (109);
INSERT INTO "Segment" ("id", "length") VALUES (109, 462);
UPDATE "TrackElement" SET "sensor" = 105 WHERE "id" = 109;
INSERT INTO "TrackElement" ("id") VALUES (110);
INSERT INTO "Segment" ("id", "length") VALUES (110, 657);
UPDATE "TrackElement" SET "sensor" = 105 WHERE "id" = 110;
UPDATE "TrackElement" SET "sensor" = 105 WHERE "id" = 98;
UPDATE "Switch" SET "currentPosition" = 0 WHERE "id" = 98;
INSERT INTO "SwitchPosition" ("id", "position", "switch", "follows") VALUES (111, 0, 98, 3);
INSERT INTO "TrackElement" ("id") VALUES (112);
INSERT INTO "Switch" ("id") VALUES (112);
INSERT INTO "Sensor" ("id") VALUES (113);
INSERT INTO "definedBy" VALUES (3, 113);
INSERT INTO "TrackElement" ("id") VALUES (114);
INSERT INTO "Segment" ("id", "length") VALUES (114, 986);
UPDATE "TrackElement" SET "sensor" = 113 WHERE "id" = 114;
INSERT INTO "TrackElement" ("id") VALUES (115);
INSERT INTO "Segment" ("id", "length") VALUES (115, 798);
UPDATE "TrackElement" SET "sensor" = 113 WHERE "id" = 115;
INSERT INTO "TrackElement" ("id") VALUES (116);
INSERT INTO "Segment" ("id", "length") VALUES (116, 480);
UPDATE "TrackElement" SET "sensor" = 113 WHERE "id" = 116;
INSERT INTO "TrackElement" ("id") VALUES (117);
INSERT INTO "Segment" ("id", "length") VALUES (117, 214);
UPDATE "TrackElement" SET "sensor" = 113 WHERE "id" = 117;
INSERT INTO "TrackElement" ("id") VALUES (118);
INSERT INTO "Segment" ("id", "length") VALUES (118, 617);
UPDATE "TrackElement" SET "sensor" = 113 WHERE "id" = 118;
INSERT INTO "Sensor" ("id") VALUES (119);
INSERT INTO "definedBy" VALUES (3, 119);
INSERT INTO "TrackElement" ("id") VALUES (120);
INSERT INTO "Segment" ("id", "length") VALUES (120, 981);
UPDATE "TrackElement" SET "sensor" = 119 WHERE "id" = 120;
INSERT INTO "TrackElement" ("id") VALUES (121);
INSERT INTO "Segment" ("id", "length") VALUES (121, 186);
UPDATE "TrackElement" SET "sensor" = 119 WHERE "id" = 121;
INSERT INTO "TrackElement" ("id") VALUES (122);
INSERT INTO "Segment" ("id", "length") VALUES (122, 324);
UPDATE "TrackElement" SET "sensor" = 119 WHERE "id" = 122;
INSERT INTO "TrackElement" ("id") VALUES (123);
INSERT INTO "Segment" ("id", "length") VALUES (123, 881);
UPDATE "TrackElement" SET "sensor" = 119 WHERE "id" = 123;
INSERT INTO "TrackElement" ("id") VALUES (124);
INSERT INTO "Segment" ("id", "length") VALUES (124, 740);
UPDATE "TrackElement" SET "sensor" = 119 WHERE "id" = 124;
INSERT INTO "Sensor" ("id") VALUES (125);
INSERT INTO "definedBy" VALUES (3, 125);
INSERT INTO "TrackElement" ("id") VALUES (126);
INSERT INTO "Segment" ("id", "length") VALUES (126, 685);
UPDATE "TrackElement" SET "sensor" = 125 WHERE "id" = 126;
INSERT INTO "TrackElement" ("id") VALUES (127);
INSERT INTO "Segment" ("id", "length") VALUES (127, 630);
UPDATE "TrackElement" SET "sensor" = 125 WHERE "id" = 127;
INSERT INTO "TrackElement" ("id") VALUES (128);
INSERT INTO "Segment" ("id", "length") VALUES (128, 809);
UPDATE "TrackElement" SET "sensor" = 125 WHERE "id" = 128;
INSERT INTO "TrackElement" ("id") VALUES (129);
INSERT INTO "Segment" ("id", "length") VALUES (129, 77);
UPDATE "TrackElement" SET "sensor" = 125 WHERE "id" = 129;
INSERT INTO "TrackElement" ("id") VALUES (130);
INSERT INTO "Segment" ("id", "length") VALUES (130, 719);
UPDATE "TrackElement" SET "sensor" = 125 WHERE "id" = 130;
INSERT INTO "Sensor" ("id") VALUES (131);
INSERT INTO "definedBy" VALUES (3, 131);
INSERT INTO "TrackElement" ("id") VALUES (132);
INSERT INTO "Segment" ("id", "length") VALUES (132, 894);
UPDATE "TrackElement" SET "sensor" = 131 WHERE "id" = 132;
INSERT INTO "TrackElement" ("id") VALUES (133);
INSERT INTO "Segment" ("id", "length") VALUES (133, 951);
UPDATE "TrackElement" SET "sensor" = 131 WHERE "id" = 133;
INSERT INTO "TrackElement" ("id") VALUES (134);
INSERT INTO "Segment" ("id", "length") VALUES (134, 718);
UPDATE "TrackElement" SET "sensor" = 131 WHERE "id" = 134;
INSERT INTO "TrackElement" ("id") VALUES (135);
INSERT INTO "Segment" ("id", "length") VALUES (135, 942);
UPDATE "TrackElement" SET "sensor" = 131 WHERE "id" = 135;
INSERT INTO "TrackElement" ("id") VALUES (136);
INSERT INTO "Segment" ("id", "length") VALUES (136, 547);
UPDATE "TrackElement" SET "sensor" = 131 WHERE "id" = 136;
UPDATE "TrackElement" SET "sensor" = 131 WHERE "id" = 112;
UPDATE "Switch" SET "currentPosition" = 2 WHERE "id" = 112;
INSERT INTO "SwitchPosition" ("id", "position", "switch", "follows") VALUES (137, 2, 112, 3);
INSERT INTO "TrackElement" ("id") VALUES (138);
INSERT INTO "Switch" ("id") VALUES (138);
INSERT INTO "Sensor" ("id") VALUES (139);
INSERT INTO "definedBy" VALUES (3, 139);
INSERT INTO "TrackElement" ("id") VALUES (140);
INSERT INTO "Segment" ("id", "length") VALUES (140, 191);
UPDATE "TrackElement" SET "sensor" = 139 WHERE "id" = 140;
INSERT INTO "TrackElement" ("id") VALUES (141);
INSERT INTO "Segment" ("id", "length") VALUES (141, 610);
UPDATE "TrackElement" SET "sensor" = 139 WHERE "id" = 141;
INSERT INTO "TrackElement" ("id") VALUES (142);
INSERT INTO "Segment" ("id", "length") VALUES (142, 374);
UPDATE "TrackElement" SET "sensor" = 139 WHERE "id" = 142;
INSERT INTO "TrackElement" ("id") VALUES (143);
INSERT INTO "Segment" ("id", "length") VALUES (143, 792);
UPDATE "TrackElement" SET "sensor" = 139 WHERE "id" = 143;
INSERT INTO "TrackElement" ("id") VALUES (144);
INSERT INTO "Segment" ("id", "length") VALUES (144, 100);
UPDATE "TrackElement" SET "sensor" = 139 WHERE "id" = 144;
INSERT INTO "Sensor" ("id") VALUES (145);
INSERT INTO "definedBy" VALUES (3, 145);
INSERT INTO "TrackElement" ("id") VALUES (146);
INSERT INTO "Segment" ("id", "length") VALUES (146, 889);
UPDATE "TrackElement" SET "sensor" = 145 WHERE "id" = 146;
INSERT INTO "TrackElement" ("id") VALUES (147);
INSERT INTO "Segment" ("id", "length") VALUES (147, 465);
UPDATE "TrackElement" SET "sensor" = 145 WHERE "id" = 147;
INSERT INTO "TrackElement" ("id") VALUES (148);
INSERT INTO "Segment" ("id", "length") VALUES (148, 470);
UPDATE "TrackElement" SET "sensor" = 145 WHERE "id" = 148;
INSERT INTO "TrackElement" ("id") VALUES (149);
INSERT INTO "Segment" ("id", "length") VALUES (149, 343);
UPDATE "TrackElement" SET "sensor" = 145 WHERE "id" = 149;
INSERT INTO "TrackElement" ("id") VALUES (150);
INSERT INTO "Segment" ("id", "length") VALUES (150, 771);
UPDATE "TrackElement" SET "sensor" = 145 WHERE "id" = 150;
INSERT INTO "Sensor" ("id") VALUES (151);
INSERT INTO "definedBy" VALUES (3, 151);
INSERT INTO "TrackElement" ("id") VALUES (152);
INSERT INTO "Segment" ("id", "length") VALUES (152, 964);
UPDATE "TrackElement" SET "sensor" = 151 WHERE "id" = 152;
INSERT INTO "TrackElement" ("id") VALUES (153);
INSERT INTO "Segment" ("id", "length") VALUES (153, 518);
UPDATE "TrackElement" SET "sensor" = 151 WHERE "id" = 153;
INSERT INTO "TrackElement" ("id") VALUES (154);
INSERT INTO "Segment" ("id", "length") VALUES (154, 90);
UPDATE "TrackElement" SET "sensor" = 151 WHERE "id" = 154;
INSERT INTO "TrackElement" ("id") VALUES (155);
INSERT INTO "Segment" ("id", "length") VALUES (155, 52);
UPDATE "TrackElement" SET "sensor" = 151 WHERE "id" = 155;
INSERT INTO "TrackElement" ("id") VALUES (156);
INSERT INTO "Segment" ("id", "length") VALUES (156, 685);
UPDATE "TrackElement" SET "sensor" = 151 WHERE "id" = 156;
INSERT INTO "Sensor" ("id") VALUES (157);
INSERT INTO "definedBy" VALUES (3, 157);
INSERT INTO "TrackElement" ("id") VALUES (158);
INSERT INTO "Segment" ("id", "length") VALUES (158, 111);
UPDATE "TrackElement" SET "sensor" = 157 WHERE "id" = 158;
INSERT INTO "TrackElement" ("id") VALUES (159);
INSERT INTO "Segment" ("id", "length") VALUES (159, 852);
UPDATE "TrackElement" SET "sensor" = 157 WHERE "id" = 159;
INSERT INTO "TrackElement" ("id") VALUES (160);
INSERT INTO "Segment" ("id", "length") VALUES (160, 36);
UPDATE "TrackElement" SET "sensor" = 157 WHERE "id" = 160;
INSERT INTO "TrackElement" ("id") VALUES (161);
INSERT INTO "Segment" ("id", "length") VALUES (161, 458);
UPDATE "TrackElement" SET "sensor" = 157 WHERE "id" = 161;
INSERT INTO "TrackElement" ("id") VALUES (162);
INSERT INTO "Segment" ("id", "length") VALUES (162, 918);
UPDATE "TrackElement" SET "sensor" = 157 WHERE "id" = 162;
INSERT INTO "Sensor" ("id") VALUES (163);
INSERT INTO "definedBy" VALUES (3, 163);
INSERT INTO "TrackElement" ("id") VALUES (164);
INSERT INTO "Segment" ("id", "length") VALUES (164, 820);
UPDATE "TrackElement" SET "sensor" = 163 WHERE "id" = 164;
INSERT INTO "TrackElement" ("id") VALUES (165);
INSERT INTO "Segment" ("id", "length") VALUES (165, 428);
UPDATE "TrackElement" SET "sensor" = 163 WHERE "id" = 165;
INSERT INTO "TrackElement" ("id") VALUES (166);
INSERT INTO "Segment" ("id", "length") VALUES (166, 714);
UPDATE "TrackElement" SET "sensor" = 163 WHERE "id" = 166;
INSERT INTO "TrackElement" ("id") VALUES (167);
INSERT INTO "Segment" ("id", "length") VALUES (167, 735);
UPDATE "TrackElement" SET "sensor" = 163 WHERE "id" = 167;
INSERT INTO "TrackElement" ("id") VALUES (168);
INSERT INTO "Segment" ("id", "length") VALUES (168, 372);
UPDATE "TrackElement" SET "sensor" = 163 WHERE "id" = 168;
INSERT INTO "Sensor" ("id") VALUES (169);
INSERT INTO "definedBy" VALUES (3, 169);
INSERT INTO "TrackElement" ("id") VALUES (170);
INSERT INTO "Segment" ("id", "length") VALUES (170, 373);
UPDATE "TrackElement" SET "sensor" = 169 WHERE "id" = 170;
INSERT INTO "TrackElement" ("id") VALUES (171);
INSERT INTO "Segment" ("id", "length") VALUES (171, 507);
UPDATE "TrackElement" SET "sensor" = 169 WHERE "id" = 171;
INSERT INTO "TrackElement" ("id") VALUES (172);
INSERT INTO "Segment" ("id", "length") VALUES (172, 348);
UPDATE "TrackElement" SET "sensor" = 169 WHERE "id" = 172;
INSERT INTO "TrackElement" ("id") VALUES (173);
INSERT INTO "Segment" ("id", "length") VALUES (173, 411);
UPDATE "TrackElement" SET "sensor" = 169 WHERE "id" = 173;
INSERT INTO "TrackElement" ("id") VALUES (174);
INSERT INTO "Segment" ("id", "length") VALUES (174, 541);
UPDATE "TrackElement" SET "sensor" = 169 WHERE "id" = 174;
UPDATE "TrackElement" SET "sensor" = 169 WHERE "id" = 138;
UPDATE "Switch" SET "currentPosition" = 2 WHERE "id" = 138;
INSERT INTO "SwitchPosition" ("id", "position", "switch", "follows") VALUES (175, 2, 138, 3);
INSERT INTO "TrackElement" ("id") VALUES (176);
INSERT INTO "Switch" ("id") VALUES (176);
INSERT INTO "Sensor" ("id") VALUES (177);
INSERT INTO "definedBy" VALUES (3, 177);
INSERT INTO "TrackElement" ("id") VALUES (178);
INSERT INTO "Segment" ("id", "length") VALUES (178, 160);
UPDATE "TrackElement" SET "sensor" = 177 WHERE "id" = 178;
INSERT INTO "TrackElement" ("id") VALUES (179);
INSERT INTO "Segment" ("id", "length") VALUES (179, 744);
UPDATE "TrackElement" SET "sensor" = 177 WHERE "id" = 179;
INSERT INTO "TrackElement" ("id") VALUES (180);
INSERT INTO "Segment" ("id", "length") VALUES (180, 461);
UPDATE "TrackElement" SET "sensor" = 177 WHERE "id" = 180;
INSERT INTO "TrackElement" ("id") VALUES (181);
INSERT INTO "Segment" ("id", "length") VALUES (181, 224);
UPDATE "TrackElement" SET "sensor" = 177 WHERE "id" = 181;
INSERT INTO "TrackElement" ("id") VALUES (182);
INSERT INTO "Segment" ("id", "length") VALUES (182, 857);
UPDATE "TrackElement" SET "sensor" = 177 WHERE "id" = 182;
INSERT INTO "Sensor" ("id") VALUES (183);
INSERT INTO "definedBy" VALUES (3, 183);
INSERT INTO "TrackElement" ("id") VALUES (184);
INSERT INTO "Segment" ("id", "length") VALUES (184, 976);
UPDATE "TrackElement" SET "sensor" = 183 WHERE "id" = 184;
INSERT INTO "TrackElement" ("id") VALUES (185);
INSERT INTO "Segment" ("id", "length") VALUES (185, 644);
UPDATE "TrackElement" SET "sensor" = 183 WHERE "id" = 185;
INSERT INTO "TrackElement" ("id") VALUES (186);
INSERT INTO "Segment" ("id", "length") VALUES (186, 519);
UPDATE "TrackElement" SET "sensor" = 183 WHERE "id" = 186;
INSERT INTO "TrackElement" ("id") VALUES (187);
INSERT INTO "Segment" ("id", "length") VALUES (187, 643);
UPDATE "TrackElement" SET "sensor" = 183 WHERE "id" = 187;
INSERT INTO "TrackElement" ("id") VALUES (188);
INSERT INTO "Segment" ("id", "length") VALUES (188, 207);
UPDATE "TrackElement" SET "sensor" = 183 WHERE "id" = 188;
INSERT INTO "Sensor" ("id") VALUES (189);
INSERT INTO "definedBy" VALUES (3, 189);
INSERT INTO "TrackElement" ("id") VALUES (190);
INSERT INTO "Segment" ("id", "length") VALUES (190, 620);
UPDATE "TrackElement" SET "sensor" = 189 WHERE "id" = 190;
INSERT INTO "TrackElement" ("id") VALUES (191);
INSERT INTO "Segment" ("id", "length") VALUES (191, 905);
UPDATE "TrackElement" SET "sensor" = 189 WHERE "id" = 191;
INSERT INTO "TrackElement" ("id") VALUES (192);
INSERT INTO "Segment" ("id", "length") VALUES (192, 453);
UPDATE "TrackElement" SET "sensor" = 189 WHERE "id" = 192;
INSERT INTO "TrackElement" ("id") VALUES (193);
INSERT INTO "Segment" ("id", "length") VALUES (193, 322);
UPDATE "TrackElement" SET "sensor" = 189 WHERE "id" = 193;
INSERT INTO "TrackElement" ("id") VALUES (194);
INSERT INTO "Segment" ("id", "length") VALUES (194, 524);
UPDATE "TrackElement" SET "sensor" = 189 WHERE "id" = 194;
INSERT INTO "Sensor" ("id") VALUES (195);
INSERT INTO "definedBy" VALUES (3, 195);
INSERT INTO "TrackElement" ("id") VALUES (196);
INSERT INTO "Segment" ("id", "length") VALUES (196, 36);
UPDATE "TrackElement" SET "sensor" = 195 WHERE "id" = 196;
INSERT INTO "TrackElement" ("id") VALUES (197);
INSERT INTO "Segment" ("id", "length") VALUES (197, 263);
UPDATE "TrackElement" SET "sensor" = 195 WHERE "id" = 197;
INSERT INTO "TrackElement" ("id") VALUES (198);
INSERT INTO "Segment" ("id", "length") VALUES (198, 970);
UPDATE "TrackElement" SET "sensor" = 195 WHERE "id" = 198;
INSERT INTO "TrackElement" ("id") VALUES (199);
INSERT INTO "Segment" ("id", "length") VALUES (199, 39);
UPDATE "TrackElement" SET "sensor" = 195 WHERE "id" = 199;
INSERT INTO "TrackElement" ("id") VALUES (200);
INSERT INTO "Segment" ("id", "length") VALUES (200, 83);
UPDATE "TrackElement" SET "sensor" = 195 WHERE "id" = 200;
UPDATE "TrackElement" SET "sensor" = 195 WHERE "id" = 176;
UPDATE "Switch" SET "currentPosition" = 3 WHERE "id" = 176;
INSERT INTO "SwitchPosition" ("id", "position", "switch", "follows") VALUES (201, 3, 176, 3);
INSERT INTO "TrackElement" ("id") VALUES (202);
INSERT INTO "Switch" ("id") VALUES (202);
INSERT INTO "Sensor" ("id") VALUES (203);
INSERT INTO "definedBy" VALUES (3, 203);
INSERT INTO "TrackElement" ("id") VALUES (204);
INSERT INTO "Segment" ("id", "length") VALUES (204, 371);
UPDATE "TrackElement" SET "sensor" = 203 WHERE "id" = 204;
INSERT INTO "TrackElement" ("id") VALUES (205);
INSERT INTO "Segment" ("id", "length") VALUES (205, 227);
UPDATE "TrackElement" SET "sensor" = 203 WHERE "id" = 205;
INSERT INTO "TrackElement" ("id") VALUES (206);
INSERT INTO "Segment" ("id", "length") VALUES (206, 208);
UPDATE "TrackElement" SET "sensor" = 203 WHERE "id" = 206;
INSERT INTO "TrackElement" ("id") VALUES (207);
INSERT INTO "Segment" ("id", "length") VALUES (207, 611);
UPDATE "TrackElement" SET "sensor" = 203 WHERE "id" = 207;
INSERT INTO "TrackElement" ("id") VALUES (208);
INSERT INTO "Segment" ("id", "length") VALUES (208, 605);
UPDATE "TrackElement" SET "sensor" = 203 WHERE "id" = 208;
INSERT INTO "Sensor" ("id") VALUES (209);
INSERT INTO "definedBy" VALUES (3, 209);
INSERT INTO "TrackElement" ("id") VALUES (210);
INSERT INTO "Segment" ("id", "length") VALUES (210, 781);
UPDATE "TrackElement" SET "sensor" = 209 WHERE "id" = 210;
INSERT INTO "TrackElement" ("id") VALUES (211);
INSERT INTO "Segment" ("id", "length") VALUES (211, 83);
UPDATE "TrackElement" SET "sensor" = 209 WHERE "id" = 211;
INSERT INTO "TrackElement" ("id") VALUES (212);
INSERT INTO "Segment" ("id", "length") VALUES (212, 973);
UPDATE "TrackElement" SET "sensor" = 209 WHERE "id" = 212;
INSERT INTO "TrackElement" ("id") VALUES (213);
INSERT INTO "Segment" ("id", "length") VALUES (213, 918);
UPDATE "TrackElement" SET "sensor" = 209 WHERE "id" = 213;
INSERT INTO "TrackElement" ("id") VALUES (214);
INSERT INTO "Segment" ("id", "length") VALUES (214, 185);
UPDATE "TrackElement" SET "sensor" = 209 WHERE "id" = 214;
INSERT INTO "Sensor" ("id") VALUES (215);
INSERT INTO "definedBy" VALUES (3, 215);
INSERT INTO "TrackElement" ("id") VALUES (216);
INSERT INTO "Segment" ("id", "length") VALUES (216, 314);
UPDATE "TrackElement" SET "sensor" = 215 WHERE "id" = 216;
INSERT INTO "TrackElement" ("id") VALUES (217);
INSERT INTO "Segment" ("id", "length") VALUES (217, 300);
UPDATE "TrackElement" SET "sensor" = 215 WHERE "id" = 217;
INSERT INTO "TrackElement" ("id") VALUES (218);
INSERT INTO "Segment" ("id", "length") VALUES (218, 51);
UPDATE "TrackElement" SET "sensor" = 215 WHERE "id" = 218;
INSERT INTO "TrackElement" ("id") VALUES (219);
INSERT INTO "Segment" ("id", "length") VALUES (219, 270);
UPDATE "TrackElement" SET "sensor" = 215 WHERE "id" = 219;
INSERT INTO "TrackElement" ("id") VALUES (220);
INSERT INTO "Segment" ("id", "length") VALUES (220, 195);
UPDATE "TrackElement" SET "sensor" = 215 WHERE "id" = 220;
INSERT INTO "Sensor" ("id") VALUES (221);
INSERT INTO "definedBy" VALUES (3, 221);
INSERT INTO "TrackElement" ("id") VALUES (222);
INSERT INTO "Segment" ("id", "length") VALUES (222, 373);
UPDATE "TrackElement" SET "sensor" = 221 WHERE "id" = 222;
INSERT INTO "TrackElement" ("id") VALUES (223);
INSERT INTO "Segment" ("id", "length") VALUES (223, 423);
UPDATE "TrackElement" SET "sensor" = 221 WHERE "id" = 223;
INSERT INTO "TrackElement" ("id") VALUES (224);
INSERT INTO "Segment" ("id", "length") VALUES (224, 450);
UPDATE "TrackElement" SET "sensor" = 221 WHERE "id" = 224;
INSERT INTO "TrackElement" ("id") VALUES (225);
INSERT INTO "Segment" ("id", "length") VALUES (225, 372);
UPDATE "TrackElement" SET "sensor" = 221 WHERE "id" = 225;
INSERT INTO "TrackElement" ("id") VALUES (226);
INSERT INTO "Segment" ("id", "length") VALUES (226, 993);
UPDATE "TrackElement" SET "sensor" = 221 WHERE "id" = 226;
INSERT INTO "Sensor" ("id") VALUES (227);
INSERT INTO "definedBy" VALUES (3, 227);
INSERT INTO "TrackElement" ("id") VALUES (228);
INSERT INTO "Segment" ("id", "length") VALUES (228, 325);
UPDATE "TrackElement" SET "sensor" = 227 WHERE "id" = 228;
INSERT INTO "TrackElement" ("id") VALUES (229);
INSERT INTO "Segment" ("id", "length") VALUES (229, 536);
UPDATE "TrackElement" SET "sensor" = 227 WHERE "id" = 229;
INSERT INTO "TrackElement" ("id") VALUES (230);
INSERT INTO "Segment" ("id", "length") VALUES (230, 108);
UPDATE "TrackElement" SET "sensor" = 227 WHERE "id" = 230;
INSERT INTO "TrackElement" ("id") VALUES (231);
INSERT INTO "Segment" ("id", "length") VALUES (231, 176);
UPDATE "TrackElement" SET "sensor" = 227 WHERE "id" = 231;
INSERT INTO "TrackElement" ("id") VALUES (232);
INSERT INTO "Segment" ("id", "length") VALUES (232, 759);
UPDATE "TrackElement" SET "sensor" = 227 WHERE "id" = 232;
INSERT INTO "Sensor" ("id") VALUES (233);
INSERT INTO "definedBy" VALUES (3, 233);
INSERT INTO "TrackElement" ("id") VALUES (234);
INSERT INTO "Segment" ("id", "length") VALUES (234, 917);
UPDATE "TrackElement" SET "sensor" = 233 WHERE "id" = 234;
INSERT INTO "TrackElement" ("id") VALUES (235);
INSERT INTO "Segment" ("id", "length") VALUES (235, 569);
UPDATE "TrackElement" SET "sensor" = 233 WHERE "id" = 235;
INSERT INTO "TrackElement" ("id") VALUES (236);
INSERT INTO "Segment" ("id", "length") VALUES (236, 971);
UPDATE "TrackElement" SET "sensor" = 233 WHERE "id" = 236;
INSERT INTO "TrackElement" ("id") VALUES (237);
INSERT INTO "Segment" ("id", "length") VALUES (237, 593);
UPDATE "TrackElement" SET "sensor" = 233 WHERE "id" = 237;
INSERT INTO "TrackElement" ("id") VALUES (238);
INSERT INTO "Segment" ("id", "length") VALUES (238, 358);
UPDATE "TrackElement" SET "sensor" = 233 WHERE "id" = 238;
INSERT INTO "Sensor" ("id") VALUES (239);
INSERT INTO "definedBy" VALUES (3, 239);
INSERT INTO "TrackElement" ("id") VALUES (240);
INSERT INTO "Segment" ("id", "length") VALUES (240, 969);
UPDATE "TrackElement" SET "sensor" = 239 WHERE "id" = 240;
INSERT INTO "TrackElement" ("id") VALUES (241);
INSERT INTO "Segment" ("id", "length") VALUES (241, 421);
UPDATE "TrackElement" SET "sensor" = 239 WHERE "id" = 241;
INSERT INTO "TrackElement" ("id") VALUES (242);
INSERT INTO "Segment" ("id", "length") VALUES (242, 514);
UPDATE "TrackElement" SET "sensor" = 239 WHERE "id" = 242;
INSERT INTO "TrackElement" ("id") VALUES (243);
INSERT INTO "Segment" ("id", "length") VALUES (243, 530);
UPDATE "TrackElement" SET "sensor" = 239 WHERE "id" = 243;
INSERT INTO "TrackElement" ("id") VALUES (244);
INSERT INTO "Segment" ("id", "length") VALUES (244, 686);
UPDATE "TrackElement" SET "sensor" = 239 WHERE "id" = 244;
INSERT INTO "Sensor" ("id") VALUES (245);
INSERT INTO "definedBy" VALUES (3, 245);
INSERT INTO "TrackElement" ("id") VALUES (246);
INSERT INTO "Segment" ("id", "length") VALUES (246, 909);
UPDATE "TrackElement" SET "sensor" = 245 WHERE "id" = 246;
INSERT INTO "TrackElement" ("id") VALUES (247);
INSERT INTO "Segment" ("id", "length") VALUES (247, 750);
UPDATE "TrackElement" SET "sensor" = 245 WHERE "id" = 247;
INSERT INTO "TrackElement" ("id") VALUES (248);
INSERT INTO "Segment" ("id", "length") VALUES (248, 200);
UPDATE "TrackElement" SET "sensor" = 245 WHERE "id" = 248;
INSERT INTO "TrackElement" ("id") VALUES (249);
INSERT INTO "Segment" ("id", "length") VALUES (249, 79);
UPDATE "TrackElement" SET "sensor" = 245 WHERE "id" = 249;
INSERT INTO "TrackElement" ("id") VALUES (250);
INSERT INTO "Segment" ("id", "length") VALUES (250, 135);
UPDATE "TrackElement" SET "sensor" = 245 WHERE "id" = 250;
INSERT INTO "Sensor" ("id") VALUES (251);
INSERT INTO "definedBy" VALUES (3, 251);
INSERT INTO "TrackElement" ("id") VALUES (252);
INSERT INTO "Segment" ("id", "length") VALUES (252, 943);
UPDATE "TrackElement" SET "sensor" = 251 WHERE "id" = 252;
INSERT INTO "TrackElement" ("id") VALUES (253);
INSERT INTO "Segment" ("id", "length") VALUES (253, 168);
UPDATE "TrackElement" SET "sensor" = 251 WHERE "id" = 253;
INSERT INTO "TrackElement" ("id") VALUES (254);
INSERT INTO "Segment" ("id", "length") VALUES (254, 432);
UPDATE "TrackElement" SET "sensor" = 251 WHERE "id" = 254;
INSERT INTO "TrackElement" ("id") VALUES (255);
INSERT INTO "Segment" ("id", "length") VALUES (255, 589);
UPDATE "TrackElement" SET "sensor" = 251 WHERE "id" = 255;
INSERT INTO "TrackElement" ("id") VALUES (256);
INSERT INTO "Segment" ("id", "length") VALUES (256, 533);
UPDATE "TrackElement" SET "sensor" = 251 WHERE "id" = 256;
UPDATE "TrackElement" SET "sensor" = 251 WHERE "id" = 202;
UPDATE "Switch" SET "currentPosition" = 1 WHERE "id" = 202;
INSERT INTO "SwitchPosition" ("id", "position", "switch", "follows") VALUES (257, 1, 202, 3);
INSERT INTO "TrackElement" ("id") VALUES (258);
INSERT INTO "Switch" ("id") VALUES (258);
INSERT INTO "Sensor" ("id") VALUES (259);
INSERT INTO "definedBy" VALUES (3, 259);
INSERT INTO "TrackElement" ("id") VALUES (260);
INSERT INTO "Segment" ("id", "length") VALUES (260, 78);
UPDATE "TrackElement" SET "sensor" = 259 WHERE "id" = 260;
INSERT INTO "TrackElement" ("id") VALUES (261);
INSERT INTO "Segment" ("id", "length") VALUES (261, 56);
UPDATE "TrackElement" SET "sensor" = 259 WHERE "id" = 261;
INSERT INTO "TrackElement" ("id") VALUES (262);
INSERT INTO "Segment" ("id", "length") VALUES (262, 161);
UPDATE "TrackElement" SET "sensor" = 259 WHERE "id" = 262;
INSERT INTO "TrackElement" ("id") VALUES (263);
INSERT INTO "Segment" ("id", "length") VALUES (263, 145);
UPDATE "TrackElement" SET "sensor" = 259 WHERE "id" = 263;
INSERT INTO "TrackElement" ("id") VALUES (264);
INSERT INTO "Segment" ("id", "length") VALUES (264, 904);
UPDATE "TrackElement" SET "sensor" = 259 WHERE "id" = 264;
INSERT INTO "Sensor" ("id") VALUES (265);
INSERT INTO "definedBy" VALUES (3, 265);
INSERT INTO "TrackElement" ("id") VALUES (266);
INSERT INTO "Segment" ("id", "length") VALUES (266, 916);
UPDATE "TrackElement" SET "sensor" = 265 WHERE "id" = 266;
INSERT INTO "TrackElement" ("id") VALUES (267);
INSERT INTO "Segment" ("id", "length") VALUES (267, 182);
UPDATE "TrackElement" SET "sensor" = 265 WHERE "id" = 267;
INSERT INTO "TrackElement" ("id") VALUES (268);
INSERT INTO "Segment" ("id", "length") VALUES (268, 972);
UPDATE "TrackElement" SET "sensor" = 265 WHERE "id" = 268;
INSERT INTO "TrackElement" ("id") VALUES (269);
INSERT INTO "Segment" ("id", "length") VALUES (269, 349);
UPDATE "TrackElement" SET "sensor" = 265 WHERE "id" = 269;
INSERT INTO "TrackElement" ("id") VALUES (270);
INSERT INTO "Segment" ("id", "length") VALUES (270, 695);
UPDATE "TrackElement" SET "sensor" = 265 WHERE "id" = 270;
INSERT INTO "Sensor" ("id") VALUES (271);
INSERT INTO "definedBy" VALUES (3, 271);
INSERT INTO "TrackElement" ("id") VALUES (272);
INSERT INTO "Segment" ("id", "length") VALUES (272, 163);
UPDATE "TrackElement" SET "sensor" = 271 WHERE "id" = 272;
INSERT INTO "TrackElement" ("id") VALUES (273);
INSERT INTO "Segment" ("id", "length") VALUES (273, 81);
UPDATE "TrackElement" SET "sensor" = 271 WHERE "id" = 273;
INSERT INTO "TrackElement" ("id") VALUES (274);
INSERT INTO "Segment" ("id", "length") VALUES (274, 510);
UPDATE "TrackElement" SET "sensor" = 271 WHERE "id" = 274;
INSERT INTO "TrackElement" ("id") VALUES (275);
INSERT INTO "Segment" ("id", "length") VALUES (275, 941);
UPDATE "TrackElement" SET "sensor" = 271 WHERE "id" = 275;
INSERT INTO "TrackElement" ("id") VALUES (276);
INSERT INTO "Segment" ("id", "length") VALUES (276, 777);
UPDATE "TrackElement" SET "sensor" = 271 WHERE "id" = 276;
INSERT INTO "Sensor" ("id") VALUES (277);
INSERT INTO "definedBy" VALUES (3, 277);
INSERT INTO "TrackElement" ("id") VALUES (278);
INSERT INTO "Segment" ("id", "length") VALUES (278, 596);
UPDATE "TrackElement" SET "sensor" = 277 WHERE "id" = 278;
INSERT INTO "TrackElement" ("id") VALUES (279);
INSERT INTO "Segment" ("id", "length") VALUES (279, 331);
UPDATE "TrackElement" SET "sensor" = 277 WHERE "id" = 279;
INSERT INTO "TrackElement" ("id") VALUES (280);
INSERT INTO "Segment" ("id", "length") VALUES (280, 500);
UPDATE "TrackElement" SET "sensor" = 277 WHERE "id" = 280;
INSERT INTO "TrackElement" ("id") VALUES (281);
INSERT INTO "Segment" ("id", "length") VALUES (281, 683);
UPDATE "TrackElement" SET "sensor" = 277 WHERE "id" = 281;
INSERT INTO "TrackElement" ("id") VALUES (282);
INSERT INTO "Segment" ("id", "length") VALUES (282, 633);
UPDATE "TrackElement" SET "sensor" = 277 WHERE "id" = 282;
INSERT INTO "Sensor" ("id") VALUES (283);
INSERT INTO "definedBy" VALUES (3, 283);
INSERT INTO "TrackElement" ("id") VALUES (284);
INSERT INTO "Segment" ("id", "length") VALUES (284, 525);
UPDATE "TrackElement" SET "sensor" = 283 WHERE "id" = 284;
INSERT INTO "TrackElement" ("id") VALUES (285);
INSERT INTO "Segment" ("id", "length") VALUES (285, 691);
UPDATE "TrackElement" SET "sensor" = 283 WHERE "id" = 285;
INSERT INTO "TrackElement" ("id") VALUES (286);
INSERT INTO "Segment" ("id", "length") VALUES (286, 359);
UPDATE "TrackElement" SET "sensor" = 283 WHERE "id" = 286;
INSERT INTO "TrackElement" ("id") VALUES (287);
INSERT INTO "Segment" ("id", "length") VALUES (287, 523);
UPDATE "TrackElement" SET "sensor" = 283 WHERE "id" = 287;
INSERT INTO "TrackElement" ("id") VALUES (288);
INSERT INTO "Segment" ("id", "length") VALUES (288, 341);
UPDATE "TrackElement" SET "sensor" = 283 WHERE "id" = 288;
UPDATE "TrackElement" SET "sensor" = 283 WHERE "id" = 258;
UPDATE "Switch" SET "currentPosition" = 3 WHERE "id" = 258;
INSERT INTO "SwitchPosition" ("id", "position", "switch", "follows") VALUES (289, 3, 258, 3);
INSERT INTO "TrackElement" ("id") VALUES (290);
INSERT INTO "Switch" ("id") VALUES (290);
INSERT INTO "Sensor" ("id") VALUES (291);
INSERT INTO "definedBy" VALUES (3, 291);
INSERT INTO "TrackElement" ("id") VALUES (292);
INSERT INTO "Segment" ("id", "length") VALUES (292, 809);
UPDATE "TrackElement" SET "sensor" = 291 WHERE "id" = 292;
INSERT INTO "TrackElement" ("id") VALUES (293);
INSERT INTO "Segment" ("id", "length") VALUES (293, 373);
UPDATE "TrackElement" SET "sensor" = 291 WHERE "id" = 293;
INSERT INTO "TrackElement" ("id") VALUES (294);
INSERT INTO "Segment" ("id", "length") VALUES (294, 954);
UPDATE "TrackElement" SET "sensor" = 291 WHERE "id" = 294;
INSERT INTO "TrackElement" ("id") VALUES (295);
INSERT INTO "Segment" ("id", "length") VALUES (295, 554);
UPDATE "TrackElement" SET "sensor" = 291 WHERE "id" = 295;
INSERT INTO "TrackElement" ("id") VALUES (296);
INSERT INTO "Segment" ("id", "length") VALUES (296, 191);
UPDATE "TrackElement" SET "sensor" = 291 WHERE "id" = 296;
INSERT INTO "Sensor" ("id") VALUES (297);
INSERT INTO "definedBy" VALUES (3, 297);
INSERT INTO "TrackElement" ("id") VALUES (298);
INSERT INTO "Segment" ("id", "length") VALUES (298, 690);
UPDATE "TrackElement" SET "sensor" = 297 WHERE "id" = 298;
INSERT INTO "TrackElement" ("id") VALUES (299);
INSERT INTO "Segment" ("id", "length") VALUES (299, 855);
UPDATE "TrackElement" SET "sensor" = 297 WHERE "id" = 299;
INSERT INTO "TrackElement" ("id") VALUES (300);
INSERT INTO "Segment" ("id", "length") VALUES (300, 838);
UPDATE "TrackElement" SET "sensor" = 297 WHERE "id" = 300;
INSERT INTO "TrackElement" ("id") VALUES (301);
INSERT INTO "Segment" ("id", "length") VALUES (301, 31);
UPDATE "TrackElement" SET "sensor" = 297 WHERE "id" = 301;
INSERT INTO "TrackElement" ("id") VALUES (302);
INSERT INTO "Segment" ("id", "length") VALUES (302, 100);
UPDATE "TrackElement" SET "sensor" = 297 WHERE "id" = 302;
INSERT INTO "Sensor" ("id") VALUES (303);
INSERT INTO "definedBy" VALUES (3, 303);
INSERT INTO "TrackElement" ("id") VALUES (304);
INSERT INTO "Segment" ("id", "length") VALUES (304, 569);
UPDATE "TrackElement" SET "sensor" = 303 WHERE "id" = 304;
INSERT INTO "TrackElement" ("id") VALUES (305);
INSERT INTO "Segment" ("id", "length") VALUES (305, 881);
UPDATE "TrackElement" SET "sensor" = 303 WHERE "id" = 305;
INSERT INTO "TrackElement" ("id") VALUES (306);
INSERT INTO "Segment" ("id", "length") VALUES (306, 193);
UPDATE "TrackElement" SET "sensor" = 303 WHERE "id" = 306;
INSERT INTO "TrackElement" ("id") VALUES (307);
INSERT INTO "Segment" ("id", "length") VALUES (307, 620);
UPDATE "TrackElement" SET "sensor" = 303 WHERE "id" = 307;
INSERT INTO "TrackElement" ("id") VALUES (308);
INSERT INTO "Segment" ("id", "length") VALUES (308, 236);
UPDATE "TrackElement" SET "sensor" = 303 WHERE "id" = 308;
UPDATE "TrackElement" SET "sensor" = 303 WHERE "id" = 290;
UPDATE "Switch" SET "currentPosition" = 1 WHERE "id" = 290;
INSERT INTO "SwitchPosition" ("id", "position", "switch", "follows") VALUES (309, 1, 290, 3);
INSERT INTO "TrackElement" ("id") VALUES (310);
INSERT INTO "Switch" ("id") VALUES (310);
INSERT INTO "Sensor" ("id") VALUES (311);
INSERT INTO "definedBy" VALUES (3, 311);
INSERT INTO "TrackElement" ("id") VALUES (312);
INSERT INTO "Segment" ("id", "length") VALUES (312, 861);
UPDATE "TrackElement" SET "sensor" = 311 WHERE "id" = 312;
INSERT INTO "TrackElement" ("id") VALUES (313);
INSERT INTO "Segment" ("id", "length") VALUES (313, 674);
UPDATE "TrackElement" SET "sensor" = 311 WHERE "id" = 313;
INSERT INTO "TrackElement" ("id") VALUES (314);
INSERT INTO "Segment" ("id", "length") VALUES (314, 723);
UPDATE "TrackElement" SET "sensor" = 311 WHERE "id" = 314;
INSERT INTO "TrackElement" ("id") VALUES (315);
INSERT INTO "Segment" ("id", "length") VALUES (315, 495);
UPDATE "TrackElement" SET "sensor" = 311 WHERE "id" = 315;
INSERT INTO "TrackElement" ("id") VALUES (316);
INSERT INTO "Segment" ("id", "length") VALUES (316, 123);
UPDATE "TrackElement" SET "sensor" = 311 WHERE "id" = 316;
UPDATE "TrackElement" SET "sensor" = 311 WHERE "id" = 310;
UPDATE "Switch" SET "currentPosition" = 1 WHERE "id" = 310;
INSERT INTO "SwitchPosition" ("id", "position", "switch", "follows") VALUES (317, 1, 310, 3);
INSERT INTO "TrackElement" ("id") VALUES (318);
INSERT INTO "Switch" ("id") VALUES (318);
INSERT INTO "Sensor" ("id") VALUES (319);
INSERT INTO "definedBy" VALUES (3, 319);
INSERT INTO "TrackElement" ("id") VALUES (320);
INSERT INTO "Segment" ("id", "length") VALUES (320, 882);
UPDATE "TrackElement" SET "sensor" = 319 WHERE "id" = 320;
INSERT INTO "TrackElement" ("id") VALUES (321);
INSERT INTO "Segment" ("id", "length") VALUES (321, 118);
UPDATE "TrackElement" SET "sensor" = 319 WHERE "id" = 321;
INSERT INTO "TrackElement" ("id") VALUES (322);
INSERT INTO "Segment" ("id", "length") VALUES (322, 707);
UPDATE "TrackElement" SET "sensor" = 319 WHERE "id" = 322;
INSERT INTO "TrackElement" ("id") VALUES (323);
INSERT INTO "Segment" ("id", "length") VALUES (323, 342);
UPDATE "TrackElement" SET "sensor" = 319 WHERE "id" = 323;
INSERT INTO "TrackElement" ("id") VALUES (324);
INSERT INTO "Segment" ("id", "length") VALUES (324, 501);
UPDATE "TrackElement" SET "sensor" = 319 WHERE "id" = 324;
INSERT INTO "Sensor" ("id") VALUES (325);
INSERT INTO "definedBy" VALUES (3, 325);
INSERT INTO "TrackElement" ("id") VALUES (326);
INSERT INTO "Segment" ("id", "length") VALUES (326, 917);
UPDATE "TrackElement" SET "sensor" = 325 WHERE "id" = 326;
INSERT INTO "TrackElement" ("id") VALUES (327);
INSERT INTO "Segment" ("id", "length") VALUES (327, 827);
UPDATE "TrackElement" SET "sensor" = 325 WHERE "id" = 327;
INSERT INTO "TrackElement" ("id") VALUES (328);
INSERT INTO "Segment" ("id", "length") VALUES (328, 594);
UPDATE "TrackElement" SET "sensor" = 325 WHERE "id" = 328;
INSERT INTO "TrackElement" ("id") VALUES (329);
INSERT INTO "Segment" ("id", "length") VALUES (329, 498);
UPDATE "TrackElement" SET "sensor" = 325 WHERE "id" = 329;
INSERT INTO "TrackElement" ("id") VALUES (330);
INSERT INTO "Segment" ("id", "length") VALUES (330, 752);
UPDATE "TrackElement" SET "sensor" = 325 WHERE "id" = 330;
INSERT INTO "Sensor" ("id") VALUES (331);
INSERT INTO "definedBy" VALUES (3, 331);
INSERT INTO "TrackElement" ("id") VALUES (332);
INSERT INTO "Segment" ("id", "length") VALUES (332, 169);
UPDATE "TrackElement" SET "sensor" = 331 WHERE "id" = 332;
INSERT INTO "TrackElement" ("id") VALUES (333);
INSERT INTO "Segment" ("id", "length") VALUES (333, 63);
UPDATE "TrackElement" SET "sensor" = 331 WHERE "id" = 333;
INSERT INTO "TrackElement" ("id") VALUES (334);
INSERT INTO "Segment" ("id", "length") VALUES (334, 587);
UPDATE "TrackElement" SET "sensor" = 331 WHERE "id" = 334;
INSERT INTO "TrackElement" ("id") VALUES (335);
INSERT INTO "Segment" ("id", "length") VALUES (335, 827);
UPDATE "TrackElement" SET "sensor" = 331 WHERE "id" = 335;
INSERT INTO "TrackElement" ("id") VALUES (336);
INSERT INTO "Segment" ("id", "length") VALUES (336, 941);
UPDATE "TrackElement" SET "sensor" = 331 WHERE "id" = 336;
INSERT INTO "Sensor" ("id") VALUES (337);
INSERT INTO "definedBy" VALUES (3, 337);
INSERT INTO "TrackElement" ("id") VALUES (338);
INSERT INTO "Segment" ("id", "length") VALUES (338, 939);
UPDATE "TrackElement" SET "sensor" = 337 WHERE "id" = 338;
INSERT INTO "TrackElement" ("id") VALUES (339);
INSERT INTO "Segment" ("id", "length") VALUES (339, 703);
UPDATE "TrackElement" SET "sensor" = 337 WHERE "id" = 339;
INSERT INTO "TrackElement" ("id") VALUES (340);
INSERT INTO "Segment" ("id", "length") VALUES (340, 625);
UPDATE "TrackElement" SET "sensor" = 337 WHERE "id" = 340;
INSERT INTO "TrackElement" ("id") VALUES (341);
INSERT INTO "Segment" ("id", "length") VALUES (341, 148);
UPDATE "TrackElement" SET "sensor" = 337 WHERE "id" = 341;
INSERT INTO "TrackElement" ("id") VALUES (342);
INSERT INTO "Segment" ("id", "length") VALUES (342, 691);
UPDATE "TrackElement" SET "sensor" = 337 WHERE "id" = 342;
INSERT INTO "Sensor" ("id") VALUES (343);
INSERT INTO "definedBy" VALUES (3, 343);
INSERT INTO "TrackElement" ("id") VALUES (344);
INSERT INTO "Segment" ("id", "length") VALUES (344, 659);
UPDATE "TrackElement" SET "sensor" = 343 WHERE "id" = 344;
INSERT INTO "TrackElement" ("id") VALUES (345);
INSERT INTO "Segment" ("id", "length") VALUES (345, 898);
UPDATE "TrackElement" SET "sensor" = 343 WHERE "id" = 345;
INSERT INTO "TrackElement" ("id") VALUES (346);
INSERT INTO "Segment" ("id", "length") VALUES (346, 364);
UPDATE "TrackElement" SET "sensor" = 343 WHERE "id" = 346;
INSERT INTO "TrackElement" ("id") VALUES (347);
INSERT INTO "Segment" ("id", "length") VALUES (347, 307);
UPDATE "TrackElement" SET "sensor" = 343 WHERE "id" = 347;
INSERT INTO "TrackElement" ("id") VALUES (348);
INSERT INTO "Segment" ("id", "length") VALUES (348, 283);
UPDATE "TrackElement" SET "sensor" = 343 WHERE "id" = 348;
INSERT INTO "Sensor" ("id") VALUES (349);
INSERT INTO "definedBy" VALUES (3, 349);
INSERT INTO "TrackElement" ("id") VALUES (350);
INSERT INTO "Segment" ("id", "length") VALUES (350, 694);
UPDATE "TrackElement" SET "sensor" = 349 WHERE "id" = 350;
INSERT INTO "TrackElement" ("id") VALUES (351);
INSERT INTO "Segment" ("id", "length") VALUES (351, 895);
UPDATE "TrackElement" SET "sensor" = 349 WHERE "id" = 351;
INSERT INTO "TrackElement" ("id") VALUES (352);
INSERT INTO "Segment" ("id", "length") VALUES (352, 140);
UPDATE "TrackElement" SET "sensor" = 349 WHERE "id" = 352;
INSERT INTO "TrackElement" ("id") VALUES (353);
INSERT INTO "Segment" ("id", "length") VALUES (353, 160);
UPDATE "TrackElement" SET "sensor" = 349 WHERE "id" = 353;
INSERT INTO "TrackElement" ("id") VALUES (354);
INSERT INTO "Segment" ("id", "length") VALUES (354, 12);
UPDATE "TrackElement" SET "sensor" = 349 WHERE "id" = 354;
UPDATE "TrackElement" SET "sensor" = 349 WHERE "id" = 318;
UPDATE "Switch" SET "currentPosition" = 0 WHERE "id" = 318;
INSERT INTO "SwitchPosition" ("id", "position", "switch", "follows") VALUES (355, 0, 318, 3);
INSERT INTO "TrackElement" ("id") VALUES (356);
INSERT INTO "Switch" ("id") VALUES (356);
INSERT INTO "Sensor" ("id") VALUES (357);
INSERT INTO "definedBy" VALUES (3, 357);
INSERT INTO "TrackElement" ("id") VALUES (358);
INSERT INTO "Segment" ("id", "length") VALUES (358, 116);
UPDATE "TrackElement" SET "sensor" = 357 WHERE "id" = 358;
INSERT INTO "TrackElement" ("id") VALUES (359);
INSERT INTO "Segment" ("id", "length") VALUES (359, 252);
UPDATE "TrackElement" SET "sensor" = 357 WHERE "id" = 359;
INSERT INTO "TrackElement" ("id") VALUES (360);
INSERT INTO "Segment" ("id", "length") VALUES (360, 795);
UPDATE "TrackElement" SET "sensor" = 357 WHERE "id" = 360;
INSERT INTO "TrackElement" ("id") VALUES (361);
INSERT INTO "Segment" ("id", "length") VALUES (361, 392);
UPDATE "TrackElement" SET "sensor" = 357 WHERE "id" = 361;
INSERT INTO "TrackElement" ("id") VALUES (362);
INSERT INTO "Segment" ("id", "length") VALUES (362, 628);
UPDATE "TrackElement" SET "sensor" = 357 WHERE "id" = 362;
INSERT INTO "Sensor" ("id") VALUES (363);
INSERT INTO "definedBy" VALUES (3, 363);
INSERT INTO "TrackElement" ("id") VALUES (364);
INSERT INTO "Segment" ("id", "length") VALUES (364, 110);
UPDATE "TrackElement" SET "sensor" = 363 WHERE "id" = 364;
INSERT INTO "TrackElement" ("id") VALUES (365);
INSERT INTO "Segment" ("id", "length") VALUES (365, 30);
UPDATE "TrackElement" SET "sensor" = 363 WHERE "id" = 365;
INSERT INTO "TrackElement" ("id") VALUES (366);
INSERT INTO "Segment" ("id", "length") VALUES (366, 182);
UPDATE "TrackElement" SET "sensor" = 363 WHERE "id" = 366;
INSERT INTO "TrackElement" ("id") VALUES (367);
INSERT INTO "Segment" ("id", "length") VALUES (367, 217);
UPDATE "TrackElement" SET "sensor" = 363 WHERE "id" = 367;
INSERT INTO "TrackElement" ("id") VALUES (368);
INSERT INTO "Segment" ("id", "length") VALUES (368, 758);
UPDATE "TrackElement" SET "sensor" = 363 WHERE "id" = 368;
INSERT INTO "Sensor" ("id") VALUES (369);
INSERT INTO "definedBy" VALUES (3, 369);
INSERT INTO "TrackElement" ("id") VALUES (370);
INSERT INTO "Segment" ("id", "length") VALUES (370, 132);
UPDATE "TrackElement" SET "sensor" = 369 WHERE "id" = 370;
INSERT INTO "TrackElement" ("id") VALUES (371);
INSERT INTO "Segment" ("id", "length") VALUES (371, 455);
UPDATE "TrackElement" SET "sensor" = 369 WHERE "id" = 371;
INSERT INTO "TrackElement" ("id") VALUES (372);
INSERT INTO "Segment" ("id", "length") VALUES (372, 678);
UPDATE "TrackElement" SET "sensor" = 369 WHERE "id" = 372;
INSERT INTO "TrackElement" ("id") VALUES (373);
INSERT INTO "Segment" ("id", "length") VALUES (373, 489);
UPDATE "TrackElement" SET "sensor" = 369 WHERE "id" = 373;
INSERT INTO "TrackElement" ("id") VALUES (374);
INSERT INTO "Segment" ("id", "length") VALUES (374, 540);
UPDATE "TrackElement" SET "sensor" = 369 WHERE "id" = 374;
UPDATE "TrackElement" SET "sensor" = 369 WHERE "id" = 356;
UPDATE "Switch" SET "currentPosition" = 0 WHERE "id" = 356;
INSERT INTO "SwitchPosition" ("id", "position", "switch", "follows") VALUES (375, 0, 356, 3);
INSERT INTO "TrackElement" ("id") VALUES (376);
INSERT INTO "Switch" ("id") VALUES (376);
INSERT INTO "Sensor" ("id") VALUES (377);
INSERT INTO "definedBy" VALUES (3, 377);
INSERT INTO "TrackElement" ("id") VALUES (378);
INSERT INTO "Segment" ("id", "length") VALUES (378, 316);
UPDATE "TrackElement" SET "sensor" = 377 WHERE "id" = 378;
INSERT INTO "TrackElement" ("id") VALUES (379);
INSERT INTO "Segment" ("id", "length") VALUES (379, 26);
UPDATE "TrackElement" SET "sensor" = 377 WHERE "id" = 379;
INSERT INTO "TrackElement" ("id") VALUES (380);
INSERT INTO "Segment" ("id", "length") VALUES (380, 772);
UPDATE "TrackElement" SET "sensor" = 377 WHERE "id" = 380;
INSERT INTO "TrackElement" ("id") VALUES (381);
INSERT INTO "Segment" ("id", "length") VALUES (381, 473);
UPDATE "TrackElement" SET "sensor" = 377 WHERE "id" = 381;
INSERT INTO "TrackElement" ("id") VALUES (382);
INSERT INTO "Segment" ("id", "length") VALUES (382, 726);
UPDATE "TrackElement" SET "sensor" = 377 WHERE "id" = 382;
UPDATE "TrackElement" SET "sensor" = 377 WHERE "id" = 376;
UPDATE "Switch" SET "currentPosition" = 3 WHERE "id" = 376;
INSERT INTO "SwitchPosition" ("id", "position", "switch", "follows") VALUES (383, 3, 376, 3);
INSERT INTO "TrackElement" ("id") VALUES (384);
INSERT INTO "Switch" ("id") VALUES (384);
INSERT INTO "Sensor" ("id") VALUES (385);
INSERT INTO "definedBy" VALUES (3, 385);
INSERT INTO "TrackElement" ("id") VALUES (386);
INSERT INTO "Segment" ("id", "length") VALUES (386, 413);
UPDATE "TrackElement" SET "sensor" = 385 WHERE "id" = 386;
INSERT INTO "TrackElement" ("id") VALUES (387);
INSERT INTO "Segment" ("id", "length") VALUES (387, 709);
UPDATE "TrackElement" SET "sensor" = 385 WHERE "id" = 387;
INSERT INTO "TrackElement" ("id") VALUES (388);
INSERT INTO "Segment" ("id", "length") VALUES (388, 664);
UPDATE "TrackElement" SET "sensor" = 385 WHERE "id" = 388;
INSERT INTO "TrackElement" ("id") VALUES (389);
INSERT INTO "Segment" ("id", "length") VALUES (389, 395);
UPDATE "TrackElement" SET "sensor" = 385 WHERE "id" = 389;
INSERT INTO "TrackElement" ("id") VALUES (390);
INSERT INTO "Segment" ("id", "length") VALUES (390, 70);
UPDATE "TrackElement" SET "sensor" = 385 WHERE "id" = 390;
INSERT INTO "Sensor" ("id") VALUES (391);
INSERT INTO "definedBy" VALUES (3, 391);
INSERT INTO "TrackElement" ("id") VALUES (392);
INSERT INTO "Segment" ("id", "length") VALUES (392, 544);
UPDATE "TrackElement" SET "sensor" = 391 WHERE "id" = 392;
INSERT INTO "TrackElement" ("id") VALUES (393);
INSERT INTO "Segment" ("id", "length") VALUES (393, 287);
UPDATE "TrackElement" SET "sensor" = 391 WHERE "id" = 393;
INSERT INTO "TrackElement" ("id") VALUES (394);
INSERT INTO "Segment" ("id", "length") VALUES (394, 632);
UPDATE "TrackElement" SET "sensor" = 391 WHERE "id" = 394;
INSERT INTO "TrackElement" ("id") VALUES (395);
INSERT INTO "Segment" ("id", "length") VALUES (395, 252);
UPDATE "TrackElement" SET "sensor" = 391 WHERE "id" = 395;
INSERT INTO "TrackElement" ("id") VALUES (396);
INSERT INTO "Segment" ("id", "length") VALUES (396, 611);
UPDATE "TrackElement" SET "sensor" = 391 WHERE "id" = 396;
INSERT INTO "Sensor" ("id") VALUES (397);
INSERT INTO "definedBy" VALUES (3, 397);
INSERT INTO "TrackElement" ("id") VALUES (398);
INSERT INTO "Segment" ("id", "length") VALUES (398, 107);
UPDATE "TrackElement" SET "sensor" = 397 WHERE "id" = 398;
INSERT INTO "TrackElement" ("id") VALUES (399);
INSERT INTO "Segment" ("id", "length") VALUES (399, 360);
UPDATE "TrackElement" SET "sensor" = 397 WHERE "id" = 399;
INSERT INTO "TrackElement" ("id") VALUES (400);
INSERT INTO "Segment" ("id", "length") VALUES (400, 499);
UPDATE "TrackElement" SET "sensor" = 397 WHERE "id" = 400;
INSERT INTO "TrackElement" ("id") VALUES (401);
INSERT INTO "Segment" ("id", "length") VALUES (401, 987);
UPDATE "TrackElement" SET "sensor" = 397 WHERE "id" = 401;
INSERT INTO "TrackElement" ("id") VALUES (402);
INSERT INTO "Segment" ("id", "length") VALUES (402, 132);
UPDATE "TrackElement" SET "sensor" = 397 WHERE "id" = 402;
INSERT INTO "Sensor" ("id") VALUES (403);
INSERT INTO "definedBy" VALUES (3, 403);
INSERT INTO "TrackElement" ("id") VALUES (404);
INSERT INTO "Segment" ("id", "length") VALUES (404, 181);
UPDATE "TrackElement" SET "sensor" = 403 WHERE "id" = 404;
INSERT INTO "TrackElement" ("id") VALUES (405);
INSERT INTO "Segment" ("id", "length") VALUES (405, 724);
UPDATE "TrackElement" SET "sensor" = 403 WHERE "id" = 405;
INSERT INTO "TrackElement" ("id") VALUES (406);
INSERT INTO "Segment" ("id", "length") VALUES (406, 455);
UPDATE "TrackElement" SET "sensor" = 403 WHERE "id" = 406;
INSERT INTO "TrackElement" ("id") VALUES (407);
INSERT INTO "Segment" ("id", "length") VALUES (407, 296);
UPDATE "TrackElement" SET "sensor" = 403 WHERE "id" = 407;
INSERT INTO "TrackElement" ("id") VALUES (408);
INSERT INTO "Segment" ("id", "length") VALUES (408, 686);
UPDATE "TrackElement" SET "sensor" = 403 WHERE "id" = 408;
INSERT INTO "Sensor" ("id") VALUES (409);
INSERT INTO "definedBy" VALUES (3, 409);
INSERT INTO "TrackElement" ("id") VALUES (410);
INSERT INTO "Segment" ("id", "length") VALUES (410, 659);
UPDATE "TrackElement" SET "sensor" = 409 WHERE "id" = 410;
INSERT INTO "TrackElement" ("id") VALUES (411);
INSERT INTO "Segment" ("id", "length") VALUES (411, 630);
UPDATE "TrackElement" SET "sensor" = 409 WHERE "id" = 411;
INSERT INTO "TrackElement" ("id") VALUES (412);
INSERT INTO "Segment" ("id", "length") VALUES (412, 6);
UPDATE "TrackElement" SET "sensor" = 409 WHERE "id" = 412;
INSERT INTO "TrackElement" ("id") VALUES (413);
INSERT INTO "Segment" ("id", "length") VALUES (413, 220);
UPDATE "TrackElement" SET "sensor" = 409 WHERE "id" = 413;
INSERT INTO "TrackElement" ("id") VALUES (414);
INSERT INTO "Segment" ("id", "length") VALUES (414, 793);
UPDATE "TrackElement" SET "sensor" = 409 WHERE "id" = 414;
UPDATE "TrackElement" SET "sensor" = 409 WHERE "id" = 384;
UPDATE "Switch" SET "currentPosition" = 3 WHERE "id" = 384;
INSERT INTO "SwitchPosition" ("id", "position", "switch", "follows") VALUES (415, 3, 384, 3);
INSERT INTO "TrackElement" ("id") VALUES (416);
INSERT INTO "Switch" ("id") VALUES (416);
INSERT INTO "Sensor" ("id") VALUES (417);
INSERT INTO "definedBy" VALUES (3, 417);
INSERT INTO "TrackElement" ("id") VALUES (418);
INSERT INTO "Segment" ("id", "length") VALUES (418, 717);
UPDATE "TrackElement" SET "sensor" = 417 WHERE "id" = 418;
INSERT INTO "TrackElement" ("id") VALUES (419);
INSERT INTO "Segment" ("id", "length") VALUES (419, 779);
UPDATE "TrackElement" SET "sensor" = 417 WHERE "id" = 419;
INSERT INTO "TrackElement" ("id") VALUES (420);
INSERT INTO "Segment" ("id", "length") VALUES (420, 520);
UPDATE "TrackElement" SET "sensor" = 417 WHERE "id" = 420;
INSERT INTO "TrackElement" ("id") VALUES (421);
INSERT INTO "Segment" ("id", "length") VALUES (421, 585);
UPDATE "TrackElement" SET "sensor" = 417 WHERE "id" = 421;
INSERT INTO "TrackElement" ("id") VALUES (422);
INSERT INTO "Segment" ("id", "length") VALUES (422, 11);
UPDATE "TrackElement" SET "sensor" = 417 WHERE "id" = 422;
UPDATE "TrackElement" SET "sensor" = 417 WHERE "id" = 416;
UPDATE "Switch" SET "currentPosition" = 1 WHERE "id" = 416;
INSERT INTO "SwitchPosition" ("id", "position", "switch", "follows") VALUES (423, 1, 416, 3);
INSERT INTO "connectsTo" VALUES (4, 6);
INSERT INTO "connectsTo" VALUES (6, 7);
INSERT INTO "connectsTo" VALUES (7, 8);
INSERT INTO "connectsTo" VALUES (8, 9);
INSERT INTO "connectsTo" VALUES (9, 10);
INSERT INTO "connectsTo" VALUES (10, 12);
INSERT INTO "connectsTo" VALUES (12, 13);
INSERT INTO "connectsTo" VALUES (13, 14);
INSERT INTO "connectsTo" VALUES (14, 15);
INSERT INTO "connectsTo" VALUES (15, 16);
INSERT INTO "connectsTo" VALUES (16, 18);
INSERT INTO "connectsTo" VALUES (18, 19);
INSERT INTO "connectsTo" VALUES (19, 20);
INSERT INTO "connectsTo" VALUES (20, 21);
INSERT INTO "connectsTo" VALUES (21, 22);
INSERT INTO "connectsTo" VALUES (22, 24);
INSERT INTO "connectsTo" VALUES (24, 25);
INSERT INTO "connectsTo" VALUES (25, 26);
INSERT INTO "connectsTo" VALUES (26, 27);
INSERT INTO "connectsTo" VALUES (27, 28);
INSERT INTO "connectsTo" VALUES (28, 30);
INSERT INTO "connectsTo" VALUES (30, 31);
INSERT INTO "connectsTo" VALUES (31, 32);
INSERT INTO "connectsTo" VALUES (32, 33);
INSERT INTO "connectsTo" VALUES (33, 34);
INSERT INTO "connectsTo" VALUES (34, 36);
INSERT INTO "connectsTo" VALUES (36, 37);
INSERT INTO "connectsTo" VALUES (37, 38);
INSERT INTO "connectsTo" VALUES (38, 39);
INSERT INTO "connectsTo" VALUES (39, 40);
INSERT INTO "connectsTo" VALUES (40, 42);
INSERT INTO "connectsTo" VALUES (42, 43);
INSERT INTO "connectsTo" VALUES (43, 44);
INSERT INTO "connectsTo" VALUES (44, 45);
INSERT INTO "connectsTo" VALUES (45, 46);
INSERT INTO "connectsTo" VALUES (46, 48);
INSERT INTO "connectsTo" VALUES (48, 50);
INSERT INTO "connectsTo" VALUES (50, 51);
INSERT INTO "connectsTo" VALUES (51, 52);
INSERT INTO "connectsTo" VALUES (52, 53);
INSERT INTO "connectsTo" VALUES (53, 54);
INSERT INTO "connectsTo" VALUES (54, 56);
INSERT INTO "connectsTo" VALUES (56, 57);
INSERT INTO "connectsTo" VALUES (57, 58);
INSERT INTO "connectsTo" VALUES (58, 59);
INSERT INTO "connectsTo" VALUES (59, 60);
INSERT INTO "connectsTo" VALUES (60, 62);
INSERT INTO "connectsTo" VALUES (62, 63);
INSERT INTO "connectsTo" VALUES (63, 64);
INSERT INTO "connectsTo" VALUES (64, 65);
INSERT INTO "connectsTo" VALUES (65, 66);
INSERT INTO "connectsTo" VALUES (66, 68);
INSERT INTO "connectsTo" VALUES (68, 69);
INSERT INTO "connectsTo" VALUES (69, 70);
INSERT INTO "connectsTo" VALUES (70, 71);
INSERT INTO "connectsTo" VALUES (71, 72);
INSERT INTO "connectsTo" VALUES (72, 74);
INSERT INTO "connectsTo" VALUES (74, 75);
INSERT INTO "connectsTo" VALUES (75, 76);
INSERT INTO "connectsTo" VALUES (76, 77);
INSERT INTO "connectsTo" VALUES (77, 78);
INSERT INTO "connectsTo" VALUES (78, 80);
INSERT INTO "connectsTo" VALUES (80, 81);
INSERT INTO "connectsTo" VALUES (81, 82);
INSERT INTO "connectsTo" VALUES (82, 83);
INSERT INTO "connectsTo" VALUES (83, 84);
INSERT INTO "connectsTo" VALUES (84, 86);
INSERT INTO "connectsTo" VALUES (86, 87);
INSERT INTO "connectsTo" VALUES (87, 88);
INSERT INTO "connectsTo" VALUES (88, 89);
INSERT INTO "connectsTo" VALUES (89, 90);
INSERT INTO "connectsTo" VALUES (90, 92);
INSERT INTO "connectsTo" VALUES (92, 93);
INSERT INTO "connectsTo" VALUES (93, 94);
INSERT INTO "connectsTo" VALUES (94, 95);
INSERT INTO "connectsTo" VALUES (95, 96);
INSERT INTO "connectsTo" VALUES (96, 98);
INSERT INTO "connectsTo" VALUES (98, 100);
INSERT INTO "connectsTo" VALUES (100, 101);
INSERT INTO "connectsTo" VALUES (101, 102);
INSERT INTO "connectsTo" VALUES (102, 103);
INSERT INTO "connectsTo" VALUES (103, 104);
INSERT INTO "connectsTo" VALUES (104, 106);
INSERT INTO "connectsTo" VALUES (106, 107);
INSERT INTO "connectsTo" VALUES (107, 108);
INSERT INTO "connectsTo" VALUES (108, 109);
INSERT INTO "connectsTo" VALUES (109, 110);
INSERT INTO "connectsTo" VALUES (110, 112);
INSERT INTO "connectsTo" VALUES (112, 114);
INSERT INTO "connectsTo" VALUES (114, 115);
INSERT INTO "connectsTo" VALUES (115, 116);
INSERT INTO "connectsTo" VALUES (116, 117);
INSERT INTO "connectsTo" VALUES (117, 118);
INSERT INTO "connectsTo" VALUES (118, 120);
INSERT INTO "connectsTo" VALUES (120, 121);
INSERT INTO "connectsTo" VALUES (121, 122);
INSERT INTO "connectsTo" VALUES (122, 123);
INSERT INTO "connectsTo" VALUES (123, 124);
INSERT INTO "connectsTo" VALUES (124, 126);
INSERT INTO "connectsTo" VALUES (126, 127);
INSERT INTO "connectsTo" VALUES (127, 128);
INSERT INTO "connectsTo" VALUES (128, 129);
INSERT INTO "connectsTo" VALUES (129, 130);
INSERT INTO "connectsTo" VALUES (130, 132);
INSERT INTO "connectsTo" VALUES (132, 133);
INSERT INTO "connectsTo" VALUES (133, 134);
INSERT INTO "connectsTo" VALUES (134, 135);
INSERT INTO "connectsTo" VALUES (135, 136);
INSERT INTO "connectsTo" VALUES (136, 138);
INSERT INTO "connectsTo" VALUES (138, 140);
INSERT INTO "connectsTo" VALUES (140, 141);
INSERT INTO "connectsTo" VALUES (141, 142);
INSERT INTO "connectsTo" VALUES (142, 143);
INSERT INTO "connectsTo" VALUES (143, 144);
INSERT INTO "connectsTo" VALUES (144, 146);
INSERT INTO "connectsTo" VALUES (146, 147);
INSERT INTO "connectsTo" VALUES (147, 148);
INSERT INTO "connectsTo" VALUES (148, 149);
INSERT INTO "connectsTo" VALUES (149, 150);
INSERT INTO "connectsTo" VALUES (150, 152);
INSERT INTO "connectsTo" VALUES (152, 153);
INSERT INTO "connectsTo" VALUES (153, 154);
INSERT INTO "connectsTo" VALUES (154, 155);
INSERT INTO "connectsTo" VALUES (155, 156);
INSERT INTO "connectsTo" VALUES (156, 158);
INSERT INTO "connectsTo" VALUES (158, 159);
INSERT INTO "connectsTo" VALUES (159, 160);
INSERT INTO "connectsTo" VALUES (160, 161);
INSERT INTO "connectsTo" VALUES (161, 162);
INSERT INTO "connectsTo" VALUES (162, 164);
INSERT INTO "connectsTo" VALUES (164, 165);
INSERT INTO "connectsTo" VALUES (165, 166);
INSERT INTO "connectsTo" VALUES (166, 167);
INSERT INTO "connectsTo" VALUES (167, 168);
INSERT INTO "connectsTo" VALUES (168, 170);
INSERT INTO "connectsTo" VALUES (170, 171);
INSERT INTO "connectsTo" VALUES (171, 172);
INSERT INTO "connectsTo" VALUES (172, 173);
INSERT INTO "connectsTo" VALUES (173, 174);
INSERT INTO "connectsTo" VALUES (174, 176);
INSERT INTO "connectsTo" VALUES (176, 178);
INSERT INTO "connectsTo" VALUES (178, 179);
INSERT INTO "connectsTo" VALUES (179, 180);
INSERT INTO "connectsTo" VALUES (180, 181);
INSERT INTO "connectsTo" VALUES (181, 182);
INSERT INTO "connectsTo" VALUES (182, 184);
INSERT INTO "connectsTo" VALUES (184, 185);
INSERT INTO "connectsTo" VALUES (185, 186);
INSERT INTO "connectsTo" VALUES (186, 187);
INSERT INTO "connectsTo" VALUES (187, 188);
INSERT INTO "connectsTo" VALUES (188, 190);
INSERT INTO "connectsTo" VALUES (190, 191);
INSERT INTO "connectsTo" VALUES (191, 192);
INSERT INTO "connectsTo" VALUES (192, 193);
INSERT INTO "connectsTo" VALUES (193, 194);
INSERT INTO "connectsTo" VALUES (194, 196);
INSERT INTO "connectsTo" VALUES (196, 197);
INSERT INTO "connectsTo" VALUES (197, 198);
INSERT INTO "connectsTo" VALUES (198, 199);
INSERT INTO "connectsTo" VALUES (199, 200);
INSERT INTO "connectsTo" VALUES (200, 202);
INSERT INTO "connectsTo" VALUES (202, 204);
INSERT INTO "connectsTo" VALUES (204, 205);
INSERT INTO "connectsTo" VALUES (205, 206);
INSERT INTO "connectsTo" VALUES (206, 207);
INSERT INTO "connectsTo" VALUES (207, 208);
INSERT INTO "connectsTo" VALUES (208, 210);
INSERT INTO "connectsTo" VALUES (210, 211);
INSERT INTO "connectsTo" VALUES (211, 212);
INSERT INTO "connectsTo" VALUES (212, 213);
INSERT INTO "connectsTo" VALUES (213, 214);
INSERT INTO "connectsTo" VALUES (214, 216);
INSERT INTO "connectsTo" VALUES (216, 217);
INSERT INTO "connectsTo" VALUES (217, 218);
INSERT INTO "connectsTo" VALUES (218, 219);
INSERT INTO "connectsTo" VALUES (219, 220);
INSERT INTO "connectsTo" VALUES (220, 222);
INSERT INTO "connectsTo" VALUES (222, 223);
INSERT INTO "connectsTo" VALUES (223, 224);
INSERT INTO "connectsTo" VALUES (224, 225);
INSERT INTO "connectsTo" VALUES (225, 226);
INSERT INTO "connectsTo" VALUES (226, 228);
INSERT INTO "connectsTo" VALUES (228, 229);
INSERT INTO "connectsTo" VALUES (229, 230);
INSERT INTO "connectsTo" VALUES (230, 231);
INSERT INTO "connectsTo" VALUES (231, 232);
INSERT INTO "connectsTo" VALUES (232, 234);
INSERT INTO "connectsTo" VALUES (234, 235);
INSERT INTO "connectsTo" VALUES (235, 236);
INSERT INTO "connectsTo" VALUES (236, 237);
INSERT INTO "connectsTo" VALUES (237, 238);
INSERT INTO "connectsTo" VALUES (238, 240);
INSERT INTO "connectsTo" VALUES (240, 241);
INSERT INTO "connectsTo" VALUES (241, 242);
INSERT INTO "connectsTo" VALUES (242, 243);
INSERT INTO "connectsTo" VALUES (243, 244);
INSERT INTO "connectsTo" VALUES (244, 246);
INSERT INTO "connectsTo" VALUES (246, 247);
INSERT INTO "connectsTo" VALUES (247, 248);
INSERT INTO "connectsTo" VALUES (248, 249);
INSERT INTO "connectsTo" VALUES (249, 250);
INSERT INTO "connectsTo" VALUES (250, 252);
INSERT INTO "connectsTo" VALUES (252, 253);
INSERT INTO "connectsTo" VALUES (253, 254);
INSERT INTO "connectsTo" VALUES (254, 255);
INSERT INTO "connectsTo" VALUES (255, 256);
INSERT INTO "connectsTo" VALUES (256, 258);
INSERT INTO "connectsTo" VALUES (258, 260);
INSERT INTO "connectsTo" VALUES (260, 261);
INSERT INTO "connectsTo" VALUES (261, 262);
INSERT INTO "connectsTo" VALUES (262, 263);
INSERT INTO "connectsTo" VALUES (263, 264);
INSERT INTO "connectsTo" VALUES (264, 266);
INSERT INTO "connectsTo" VALUES (266, 267);
INSERT INTO "connectsTo" VALUES (267, 268);
INSERT INTO "connectsTo" VALUES (268, 269);
INSERT INTO "connectsTo" VALUES (269, 270);
INSERT INTO "connectsTo" VALUES (270, 272);
INSERT INTO "connectsTo" VALUES (272, 273);
INSERT INTO "connectsTo" VALUES (273, 274);
INSERT INTO "connectsTo" VALUES (274, 275);
INSERT INTO "connectsTo" VALUES (275, 276);
INSERT INTO "connectsTo" VALUES (276, 278);
INSERT INTO "connectsTo" VALUES (278, 279);
INSERT INTO "connectsTo" VALUES (279, 280);
INSERT INTO "connectsTo" VALUES (280, 281);
INSERT INTO "connectsTo" VALUES (281, 282);
INSERT INTO "connectsTo" VALUES (282, 284);
INSERT INTO "connectsTo" VALUES (284, 285);
INSERT INTO "connectsTo" VALUES (285, 286);
INSERT INTO "connectsTo" VALUES (286, 287);
INSERT INTO "connectsTo" VALUES (287, 288);
INSERT INTO "connectsTo" VALUES (288, 290);
INSERT INTO "connectsTo" VALUES (290, 292);
INSERT INTO "connectsTo" VALUES (292, 293);
INSERT INTO "connectsTo" VALUES (293, 294);
INSERT INTO "connectsTo" VALUES (294, 295);
INSERT INTO "connectsTo" VALUES (295, 296);
INSERT INTO "connectsTo" VALUES (296, 298);
INSERT INTO "connectsTo" VALUES (298, 299);
INSERT INTO "connectsTo" VALUES (299, 300);
INSERT INTO "connectsTo" VALUES (300, 301);
INSERT INTO "connectsTo" VALUES (301, 302);
INSERT INTO "connectsTo" VALUES (302, 304);
INSERT INTO "connectsTo" VALUES (304, 305);
INSERT INTO "connectsTo" VALUES (305, 306);
INSERT INTO "connectsTo" VALUES (306, 307);
INSERT INTO "connectsTo" VALUES (307, 308);
INSERT INTO "connectsTo" VALUES (308, 310);
INSERT INTO "connectsTo" VALUES (310, 312);
INSERT INTO "connectsTo" VALUES (312, 313);
INSERT INTO "connectsTo" VALUES (313, 314);
INSERT INTO "connectsTo" VALUES (314, 315);
INSERT INTO "connectsTo" VALUES (315, 316);
INSERT INTO "connectsTo" VALUES (316, 318);
INSERT INTO "connectsTo" VALUES (318, 320);
INSERT INTO "connectsTo" VALUES (320, 321);
INSERT INTO "connectsTo" VALUES (321, 322);
INSERT INTO "connectsTo" VALUES (322, 323);
INSERT INTO "connectsTo" VALUES (323, 324);
INSERT INTO "connectsTo" VALUES (324, 326);
INSERT INTO "connectsTo" VALUES (326, 327);
INSERT INTO "connectsTo" VALUES (327, 328);
INSERT INTO "connectsTo" VALUES (328, 329);
INSERT INTO "connectsTo" VALUES (329, 330);
INSERT INTO "connectsTo" VALUES (330, 332);
INSERT INTO "connectsTo" VALUES (332, 333);
INSERT INTO "connectsTo" VALUES (333, 334);
INSERT INTO "connectsTo" VALUES (334, 335);
INSERT INTO "connectsTo" VALUES (335, 336);
INSERT INTO "connectsTo" VALUES (336, 338);
INSERT INTO "connectsTo" VALUES (338, 339);
INSERT INTO "connectsTo" VALUES (339, 340);
INSERT INTO "connectsTo" VALUES (340, 341);
INSERT INTO "connectsTo" VALUES (341, 342);
INSERT INTO "connectsTo" VALUES (342, 344);
INSERT INTO "connectsTo" VALUES (344, 345);
INSERT INTO "connectsTo" VALUES (345, 346);
INSERT INTO "connectsTo" VALUES (346, 347);
INSERT INTO "connectsTo" VALUES (347, 348);
INSERT INTO "connectsTo" VALUES (348, 350);
INSERT INTO "connectsTo" VALUES (350, 351);
INSERT INTO "connectsTo" VALUES (351, 352);
INSERT INTO "connectsTo" VALUES (352, 353);
INSERT INTO "connectsTo" VALUES (353, 354);
INSERT INTO "connectsTo" VALUES (354, 356);
INSERT INTO "connectsTo" VALUES (356, 358);
INSERT INTO "connectsTo" VALUES (358, 359);
INSERT INTO "connectsTo" VALUES (359, 360);
INSERT INTO "connectsTo" VALUES (360, 361);
INSERT INTO "connectsTo" VALUES (361, 362);
INSERT INTO "connectsTo" VALUES (362, 364);
INSERT INTO "connectsTo" VALUES (364, 365);
INSERT INTO "connectsTo" VALUES (365, 366);
INSERT INTO "connectsTo" VALUES (366, 367);
INSERT INTO "connectsTo" VALUES (367, 368);
INSERT INTO "connectsTo" VALUES (368, 370);
INSERT INTO "connectsTo" VALUES (370, 371);
INSERT INTO "connectsTo" VALUES (371, 372);
INSERT INTO "connectsTo" VALUES (372, 373);
INSERT INTO "connectsTo" VALUES (373, 374);
INSERT INTO "connectsTo" VALUES (374, 376);
INSERT INTO "connectsTo" VALUES (376, 378);
INSERT INTO "connectsTo" VALUES (378, 379);
INSERT INTO "connectsTo" VALUES (379, 380);
INSERT INTO "connectsTo" VALUES (380, 381);
INSERT INTO "connectsTo" VALUES (381, 382);
INSERT INTO "connectsTo" VALUES (382, 384);
INSERT INTO "connectsTo" VALUES (384, 386);
INSERT INTO "connectsTo" VALUES (386, 387);
INSERT INTO "connectsTo" VALUES (387, 388);
INSERT INTO "connectsTo" VALUES (388, 389);
INSERT INTO "connectsTo" VALUES (389, 390);
INSERT INTO "connectsTo" VALUES (390, 392);
INSERT INTO "connectsTo" VALUES (392, 393);
INSERT INTO "connectsTo" VALUES (393, 394);
INSERT INTO "connectsTo" VALUES (394, 395);
INSERT INTO "connectsTo" VALUES (395, 396);
INSERT INTO "connectsTo" VALUES (396, 398);
INSERT INTO "connectsTo" VALUES (398, 399);
INSERT INTO "connectsTo" VALUES (399, 400);
INSERT INTO "connectsTo" VALUES (400, 401);
INSERT INTO "connectsTo" VALUES (401, 402);
INSERT INTO "connectsTo" VALUES (402, 404);
INSERT INTO "connectsTo" VALUES (404, 405);
INSERT INTO "connectsTo" VALUES (405, 406);
INSERT INTO "connectsTo" VALUES (406, 407);
INSERT INTO "connectsTo" VALUES (407, 408);
INSERT INTO "connectsTo" VALUES (408, 410);
INSERT INTO "connectsTo" VALUES (410, 411);
INSERT INTO "connectsTo" VALUES (411, 412);
INSERT INTO "connectsTo" VALUES (412, 413);
INSERT INTO "connectsTo" VALUES (413, 414);
INSERT INTO "connectsTo" VALUES (414, 416);
INSERT INTO "connectsTo" VALUES (416, 418);
INSERT INTO "connectsTo" VALUES (418, 419);
INSERT INTO "connectsTo" VALUES (419, 420);
INSERT INTO "connectsTo" VALUES (420, 421);
INSERT INTO "connectsTo" VALUES (421, 422);
INSERT INTO "Semaphore" ("id", "signal") VALUES (424, 2);
INSERT INTO "Route" ("id", "entry", "exit") VALUES (425, 2, 424);
INSERT INTO "TrackElement" ("id") VALUES (426);
INSERT INTO "Switch" ("id") VALUES (426);
INSERT INTO "Sensor" ("id") VALUES (427);
INSERT INTO "definedBy" VALUES (425, 427);
INSERT INTO "TrackElement" ("id") VALUES (428);
INSERT INTO "Segment" ("id", "length") VALUES (428, 262);
UPDATE "TrackElement" SET "sensor" = 427 WHERE "id" = 428;
INSERT INTO "TrackElement" ("id") VALUES (429);
INSERT INTO "Segment" ("id", "length") VALUES (429, 610);
UPDATE "TrackElement" SET "sensor" = 427 WHERE "id" = 429;
INSERT INTO "TrackElement" ("id") VALUES (430);
INSERT INTO "Segment" ("id", "length") VALUES (430, 301);
UPDATE "TrackElement" SET "sensor" = 427 WHERE "id" = 430;
INSERT INTO "TrackElement" ("id") VALUES (431);
INSERT INTO "Segment" ("id", "length") VALUES (431, 836);
UPDATE "TrackElement" SET "sensor" = 427 WHERE "id" = 431;
INSERT INTO "TrackElement" ("id") VALUES (432);
INSERT INTO "Segment" ("id", "length") VALUES (432, 254);
UPDATE "TrackElement" SET "sensor" = 427 WHERE "id" = 432;
INSERT INTO "Sensor" ("id") VALUES (433);
INSERT INTO "definedBy" VALUES (425, 433);
INSERT INTO "TrackElement" ("id") VALUES (434);
INSERT INTO "Segment" ("id", "length") VALUES (434, 146);
UPDATE "TrackElement" SET "sensor" = 433 WHERE "id" = 434;
INSERT INTO "TrackElement" ("id") VALUES (435);
INSERT INTO "Segment" ("id", "length") VALUES (435, 43);
UPDATE "TrackElement" SET "sensor" = 433 WHERE "id" = 435;
INSERT INTO "TrackElement" ("id") VALUES (436);
INSERT INTO "Segment" ("id", "length") VALUES (436, 938);
UPDATE "TrackElement" SET "sensor" = 433 WHERE "id" = 436;
INSERT INTO "TrackElement" ("id") VALUES (437);
INSERT INTO "Segment" ("id", "length") VALUES (437, 693);
UPDATE "TrackElement" SET "sensor" = 433 WHERE "id" = 437;
INSERT INTO "TrackElement" ("id") VALUES (438);
INSERT INTO "Segment" ("id", "length") VALUES (438, 813);
UPDATE "TrackElement" SET "sensor" = 433 WHERE "id" = 438;
INSERT INTO "Sensor" ("id") VALUES (439);
INSERT INTO "definedBy" VALUES (425, 439);
INSERT INTO "TrackElement" ("id") VALUES (440);
INSERT INTO "Segment" ("id", "length") VALUES (440, 718);
UPDATE "TrackElement" SET "sensor" = 439 WHERE "id" = 440;
INSERT INTO "TrackElement" ("id") VALUES (441);
INSERT INTO "Segment" ("id", "length") VALUES (441, 907);
UPDATE "TrackElement" SET "sensor" = 439 WHERE "id" = 441;
INSERT INTO "TrackElement" ("id") VALUES (442);
INSERT INTO "Segment" ("id", "length") VALUES (442, 225);
UPDATE "TrackElement" SET "sensor" = 439 WHERE "id" = 442;
INSERT INTO "TrackElement" ("id") VALUES (443);
INSERT INTO "Segment" ("id", "length") VALUES (443, 409);
UPDATE "TrackElement" SET "sensor" = 439 WHERE "id" = 443;
INSERT INTO "TrackElement" ("id") VALUES (444);
INSERT INTO "Segment" ("id", "length") VALUES (444, 78);
UPDATE "TrackElement" SET "sensor" = 439 WHERE "id" = 444;
UPDATE "TrackElement" SET "sensor" = 439 WHERE "id" = 426;
UPDATE "Switch" SET "currentPosition" = 2 WHERE "id" = 426;
INSERT INTO "SwitchPosition" ("id", "position", "switch", "follows") VALUES (445, 2, 426, 425);
INSERT INTO "TrackElement" ("id") VALUES (446);
INSERT INTO "Switch" ("id") VALUES (446);
INSERT INTO "Sensor" ("id") VALUES (447);
INSERT INTO "definedBy" VALUES (425, 447);
INSERT INTO "TrackElement" ("id") VALUES (448);
INSERT INTO "Segment" ("id", "length") VALUES (448, 818);
UPDATE "TrackElement" SET "sensor" = 447 WHERE "id" = 448;
INSERT INTO "TrackElement" ("id") VALUES (449);
INSERT INTO "Segment" ("id", "length") VALUES (449, 378);
UPDATE "TrackElement" SET "sensor" = 447 WHERE "id" = 449;
INSERT INTO "TrackElement" ("id") VALUES (450);
INSERT INTO "Segment" ("id", "length") VALUES (450, 68);
UPDATE "TrackElement" SET "sensor" = 447 WHERE "id" = 450;
INSERT INTO "TrackElement" ("id") VALUES (451);
INSERT INTO "Segment" ("id", "length") VALUES (451, 124);
UPDATE "TrackElement" SET "sensor" = 447 WHERE "id" = 451;
INSERT INTO "TrackElement" ("id") VALUES (452);
INSERT INTO "Segment" ("id", "length") VALUES (452, 629);
UPDATE "TrackElement" SET "sensor" = 447 WHERE "id" = 452;
INSERT INTO "Sensor" ("id") VALUES (453);
INSERT INTO "definedBy" VALUES (425, 453);
INSERT INTO "TrackElement" ("id") VALUES (454);
INSERT INTO "Segment" ("id", "length") VALUES (454, 173);
UPDATE "TrackElement" SET "sensor" = 453 WHERE "id" = 454;
INSERT INTO "TrackElement" ("id") VALUES (455);
INSERT INTO "Segment" ("id", "length") VALUES (455, 587);
UPDATE "TrackElement" SET "sensor" = 453 WHERE "id" = 455;
INSERT INTO "TrackElement" ("id") VALUES (456);
INSERT INTO "Segment" ("id", "length") VALUES (456, 113);
UPDATE "TrackElement" SET "sensor" = 453 WHERE "id" = 456;
INSERT INTO "TrackElement" ("id") VALUES (457);
INSERT INTO "Segment" ("id", "length") VALUES (457, 3);
UPDATE "TrackElement" SET "sensor" = 453 WHERE "id" = 457;
INSERT INTO "TrackElement" ("id") VALUES (458);
INSERT INTO "Segment" ("id", "length") VALUES (458, 326);
UPDATE "TrackElement" SET "sensor" = 453 WHERE "id" = 458;
UPDATE "TrackElement" SET "sensor" = 453 WHERE "id" = 446;
UPDATE "Switch" SET "currentPosition" = 3 WHERE "id" = 446;
INSERT INTO "SwitchPosition" ("id", "position", "switch", "follows") VALUES (459, 3, 446, 425);
INSERT INTO "TrackElement" ("id") VALUES (460);
INSERT INTO "Switch" ("id") VALUES (460);
INSERT INTO "Sensor" ("id") VALUES (461);
INSERT INTO "definedBy" VALUES (425, 461);
INSERT INTO "TrackElement" ("id") VALUES (462);
INSERT INTO "Segment" ("id", "length") VALUES (462, 597);
UPDATE "TrackElement" SET "sensor" = 461 WHERE "id" = 462;
INSERT INTO "TrackElement" ("id") VALUES (463);
INSERT INTO "Segment" ("id", "length") VALUES (463, 992);
UPDATE "TrackElement" SET "sensor" = 461 WHERE "id" = 463;
INSERT INTO "TrackElement" ("id") VALUES (464);
INSERT INTO "Segment" ("id", "length") VALUES (464, 149);
UPDATE "TrackElement" SET "sensor" = 461 WHERE "id" = 464;
INSERT INTO "TrackElement" ("id") VALUES (465);
INSERT INTO "Segment" ("id", "length") VALUES (465, 359);
UPDATE "TrackElement" SET "sensor" = 461 WHERE "id" = 465;
INSERT INTO "TrackElement" ("id") VALUES (466);
INSERT INTO "Segment" ("id", "length") VALUES (466, 356);
UPDATE "TrackElement" SET "sensor" = 461 WHERE "id" = 466;
INSERT INTO "Sensor" ("id") VALUES (467);
INSERT INTO "definedBy" VALUES (425, 467);
INSERT INTO "TrackElement" ("id") VALUES (468);
INSERT INTO "Segment" ("id", "length") VALUES (468, 38);
UPDATE "TrackElement" SET "sensor" = 467 WHERE "id" = 468;
INSERT INTO "TrackElement" ("id") VALUES (469);
INSERT INTO "Segment" ("id", "length") VALUES (469, 598);
UPDATE "TrackElement" SET "sensor" = 467 WHERE "id" = 469;
INSERT INTO "TrackElement" ("id") VALUES (470);
INSERT INTO "Segment" ("id", "length") VALUES (470, 172);
UPDATE "TrackElement" SET "sensor" = 467 WHERE "id" = 470;
INSERT INTO "TrackElement" ("id") VALUES (471);
INSERT INTO "Segment" ("id", "length") VALUES (471, 263);
UPDATE "TrackElement" SET "sensor" = 467 WHERE "id" = 471;
INSERT INTO "TrackElement" ("id") VALUES (472);
INSERT INTO "Segment" ("id", "length") VALUES (472, 411);
UPDATE "TrackElement" SET "sensor" = 467 WHERE "id" = 472;
UPDATE "TrackElement" SET "sensor" = 467 WHERE "id" = 460;
UPDATE "Switch" SET "currentPosition" = 0 WHERE "id" = 460;
INSERT INTO "SwitchPosition" ("id", "position", "switch", "follows") VALUES (473, 0, 460, 425);
INSERT INTO "TrackElement" ("id") VALUES (474);
INSERT INTO "Switch" ("id") VALUES (474);
INSERT INTO "Sensor" ("id") VALUES (475);
INSERT INTO "definedBy" VALUES (425, 475);
INSERT INTO "TrackElement" ("id") VALUES (476);
INSERT INTO "Segment" ("id", "length") VALUES (476, 298);
UPDATE "TrackElement" SET "sensor" = 475 WHERE "id" = 476;
INSERT INTO "TrackElement" ("id") VALUES (477);
INSERT INTO "Segment" ("id", "length") VALUES (477, 486);
UPDATE "TrackElement" SET "sensor" = 475 WHERE "id" = 477;
INSERT INTO "TrackElement" ("id") VALUES (478);
INSERT INTO "Segment" ("id", "length") VALUES (478, 942);
UPDATE "TrackElement" SET "sensor" = 475 WHERE "id" = 478;
INSERT INTO "TrackElement" ("id") VALUES (479);
INSERT INTO "Segment" ("id", "length") VALUES (479, 553);
UPDATE "TrackElement" SET "sensor" = 475 WHERE "id" = 479;
INSERT INTO "TrackElement" ("id") VALUES (480);
INSERT INTO "Segment" ("id", "length") VALUES (480, 393);
UPDATE "TrackElement" SET "sensor" = 475 WHERE "id" = 480;
INSERT INTO "Sensor" ("id") VALUES (481);
INSERT INTO "definedBy" VALUES (425, 481);
INSERT INTO "TrackElement" ("id") VALUES (482);
INSERT INTO "Segment" ("id", "length") VALUES (482, 542);
UPDATE "TrackElement" SET "sensor" = 481 WHERE "id" = 482;
INSERT INTO "TrackElement" ("id") VALUES (483);
INSERT INTO "Segment" ("id", "length") VALUES (483, 770);
UPDATE "TrackElement" SET "sensor" = 481 WHERE "id" = 483;
INSERT INTO "TrackElement" ("id") VALUES (484);
INSERT INTO "Segment" ("id", "length") VALUES (484, 147);
UPDATE "TrackElement" SET "sensor" = 481 WHERE "id" = 484;
INSERT INTO "TrackElement" ("id") VALUES (485);
INSERT INTO "Segment" ("id", "length") VALUES (485, 170);
UPDATE "TrackElement" SET "sensor" = 481 WHERE "id" = 485;
INSERT INTO "TrackElement" ("id") VALUES (486);
INSERT INTO "Segment" ("id", "length") VALUES (486, 167);
UPDATE "TrackElement" SET "sensor" = 481 WHERE "id" = 486;
INSERT INTO "Sensor" ("id") VALUES (487);
INSERT INTO "definedBy" VALUES (425, 487);
INSERT INTO "TrackElement" ("id") VALUES (488);
INSERT INTO "Segment" ("id", "length") VALUES (488, 74);
UPDATE "TrackElement" SET "sensor" = 487 WHERE "id" = 488;
INSERT INTO "TrackElement" ("id") VALUES (489);
INSERT INTO "Segment" ("id", "length") VALUES (489, 952);
UPDATE "TrackElement" SET "sensor" = 487 WHERE "id" = 489;
INSERT INTO "TrackElement" ("id") VALUES (490);
INSERT INTO "Segment" ("id", "length") VALUES (490, 524);
UPDATE "TrackElement" SET "sensor" = 487 WHERE "id" = 490;
INSERT INTO "TrackElement" ("id") VALUES (491);
INSERT INTO "Segment" ("id", "length") VALUES (491, 5);
UPDATE "TrackElement" SET "sensor" = 487 WHERE "id" = 491;
INSERT INTO "TrackElement" ("id") VALUES (492);
INSERT INTO "Segment" ("id", "length") VALUES (492, 133);
UPDATE "TrackElement" SET "sensor" = 487 WHERE "id" = 492;
INSERT INTO "Sensor" ("id") VALUES (493);
INSERT INTO "definedBy" VALUES (425, 493);
INSERT INTO "TrackElement" ("id") VALUES (494);
INSERT INTO "Segment" ("id", "length") VALUES (494, 980);
UPDATE "TrackElement" SET "sensor" = 493 WHERE "id" = 494;
INSERT INTO "TrackElement" ("id") VALUES (495);
INSERT INTO "Segment" ("id", "length") VALUES (495, 743);
UPDATE "TrackElement" SET "sensor" = 493 WHERE "id" = 495;
INSERT INTO "TrackElement" ("id") VALUES (496);
INSERT INTO "Segment" ("id", "length") VALUES (496, 316);
UPDATE "TrackElement" SET "sensor" = 493 WHERE "id" = 496;
INSERT INTO "TrackElement" ("id") VALUES (497);
INSERT INTO "Segment" ("id", "length") VALUES (497, 668);
UPDATE "TrackElement" SET "sensor" = 493 WHERE "id" = 497;
INSERT INTO "TrackElement" ("id") VALUES (498);
INSERT INTO "Segment" ("id", "length") VALUES (498, 152);
UPDATE "TrackElement" SET "sensor" = 493 WHERE "id" = 498;
INSERT INTO "Sensor" ("id") VALUES (499);
INSERT INTO "definedBy" VALUES (425, 499);
INSERT INTO "TrackElement" ("id") VALUES (500);
INSERT INTO "Segment" ("id", "length") VALUES (500, 94);
UPDATE "TrackElement" SET "sensor" = 499 WHERE "id" = 500;
INSERT INTO "TrackElement" ("id") VALUES (501);
INSERT INTO "Segment" ("id", "length") VALUES (501, 768);
UPDATE "TrackElement" SET "sensor" = 499 WHERE "id" = 501;
INSERT INTO "TrackElement" ("id") VALUES (502);
INSERT INTO "Segment" ("id", "length") VALUES (502, 969);
UPDATE "TrackElement" SET "sensor" = 499 WHERE "id" = 502;
INSERT INTO "TrackElement" ("id") VALUES (503);
INSERT INTO "Segment" ("id", "length") VALUES (503, 316);
UPDATE "TrackElement" SET "sensor" = 499 WHERE "id" = 503;
INSERT INTO "TrackElement" ("id") VALUES (504);
INSERT INTO "Segment" ("id", "length") VALUES (504, 9);
UPDATE "TrackElement" SET "sensor" = 499 WHERE "id" = 504;
UPDATE "TrackElement" SET "sensor" = 499 WHERE "id" = 474;
UPDATE "Switch" SET "currentPosition" = 0 WHERE "id" = 474;
INSERT INTO "SwitchPosition" ("id", "position", "switch", "follows") VALUES (505, 0, 474, 425);
INSERT INTO "TrackElement" ("id") VALUES (506);
INSERT INTO "Switch" ("id") VALUES (506);
INSERT INTO "Sensor" ("id") VALUES (507);
INSERT INTO "definedBy" VALUES (425, 507);
INSERT INTO "TrackElement" ("id") VALUES (508);
INSERT INTO "Segment" ("id", "length") VALUES (508, 506);
UPDATE "TrackElement" SET "sensor" = 507 WHERE "id" = 508;
INSERT INTO "TrackElement" ("id") VALUES (509);
INSERT INTO "Segment" ("id", "length") VALUES (509, 387);
UPDATE "TrackElement" SET "sensor" = 507 WHERE "id" = 509;
INSERT INTO "TrackElement" ("id") VALUES (510);
INSERT INTO "Segment" ("id", "length") VALUES (510, 932);
UPDATE "TrackElement" SET "sensor" = 507 WHERE "id" = 510;
INSERT INTO "TrackElement" ("id") VALUES (511);
INSERT INTO "Segment" ("id", "length") VALUES (511, 606);
UPDATE "TrackElement" SET "sensor" = 507 WHERE "id" = 511;
INSERT INTO "TrackElement" ("id") VALUES (512);
INSERT INTO "Segment" ("id", "length") VALUES (512, 672);
UPDATE "TrackElement" SET "sensor" = 507 WHERE "id" = 512;
UPDATE "TrackElement" SET "sensor" = 507 WHERE "id" = 506;
UPDATE "Switch" SET "currentPosition" = 1 WHERE "id" = 506;
INSERT INTO "SwitchPosition" ("id", "position", "switch", "follows") VALUES (513, 1, 506, 425);
INSERT INTO "connectsTo" VALUES (426, 428);
INSERT INTO "connectsTo" VALUES (428, 429);
INSERT INTO "connectsTo" VALUES (429, 430);
INSERT INTO "connectsTo" VALUES (430, 431);
INSERT INTO "connectsTo" VALUES (431, 432);
INSERT INTO "connectsTo" VALUES (432, 434);
INSERT INTO "connectsTo" VALUES (434, 435);
INSERT INTO "connectsTo" VALUES (435, 436);
INSERT INTO "connectsTo" VALUES (436, 437);
INSERT INTO "connectsTo" VALUES (437, 438);
INSERT INTO "connectsTo" VALUES (438, 440);
INSERT INTO "connectsTo" VALUES (440, 441);
INSERT INTO "connectsTo" VALUES (441, 442);
INSERT INTO "connectsTo" VALUES (442, 443);
INSERT INTO "connectsTo" VALUES (443, 444);
INSERT INTO "connectsTo" VALUES (444, 446);
INSERT INTO "connectsTo" VALUES (446, 448);
INSERT INTO "connectsTo" VALUES (448, 449);
INSERT INTO "connectsTo" VALUES (449, 450);
INSERT INTO "connectsTo" VALUES (450, 451);
INSERT INTO "connectsTo" VALUES (451, 452);
INSERT INTO "connectsTo" VALUES (452, 454);
INSERT INTO "connectsTo" VALUES (454, 455);
INSERT INTO "connectsTo" VALUES (455, 456);
INSERT INTO "connectsTo" VALUES (456, 457);
INSERT INTO "connectsTo" VALUES (457, 458);
INSERT INTO "connectsTo" VALUES (458, 460);
INSERT INTO "connectsTo" VALUES (460, 462);
INSERT INTO "connectsTo" VALUES (462, 463);
INSERT INTO "connectsTo" VALUES (463, 464);
INSERT INTO "connectsTo" VALUES (464, 465);
INSERT INTO "connectsTo" VALUES (465, 466);
INSERT INTO "connectsTo" VALUES (466, 468);
INSERT INTO "connectsTo" VALUES (468, 469);
INSERT INTO "connectsTo" VALUES (469, 470);
INSERT INTO "connectsTo" VALUES (470, 471);
INSERT INTO "connectsTo" VALUES (471, 472);
INSERT INTO "connectsTo" VALUES (472, 474);
INSERT INTO "connectsTo" VALUES (474, 476);
INSERT INTO "connectsTo" VALUES (476, 477);
INSERT INTO "connectsTo" VALUES (477, 478);
INSERT INTO "connectsTo" VALUES (478, 479);
INSERT INTO "connectsTo" VALUES (479, 480);
INSERT INTO "connectsTo" VALUES (480, 482);
INSERT INTO "connectsTo" VALUES (482, 483);
INSERT INTO "connectsTo" VALUES (483, 484);
INSERT INTO "connectsTo" VALUES (484, 485);
INSERT INTO "connectsTo" VALUES (485, 486);
INSERT INTO "connectsTo" VALUES (486, 488);
INSERT INTO "connectsTo" VALUES (488, 489);
INSERT INTO "connectsTo" VALUES (489, 490);
INSERT INTO "connectsTo" VALUES (490, 491);
INSERT INTO "connectsTo" VALUES (491, 492);
INSERT INTO "connectsTo" VALUES (492, 494);
INSERT INTO "connectsTo" VALUES (494, 495);
INSERT INTO "connectsTo" VALUES (495, 496);
INSERT INTO "connectsTo" VALUES (496, 497);
INSERT INTO "connectsTo" VALUES (497, 498);
INSERT INTO "connectsTo" VALUES (498, 500);
INSERT INTO "connectsTo" VALUES (500, 501);
INSERT INTO "connectsTo" VALUES (501, 502);
INSERT INTO "connectsTo" VALUES (502, 503);
INSERT INTO "connectsTo" VALUES (503, 504);
INSERT INTO "connectsTo" VALUES (504, 506);
INSERT INTO "connectsTo" VALUES (506, 508);
INSERT INTO "connectsTo" VALUES (508, 509);
INSERT INTO "connectsTo" VALUES (509, 510);
INSERT INTO "connectsTo" VALUES (510, 511);
INSERT INTO "connectsTo" VALUES (511, 512);
INSERT INTO "connectsTo" VALUES (422, 426);
INSERT INTO "Semaphore" ("id", "signal") VALUES (514, 2);
INSERT INTO "Route" ("id", "entry", "exit") VALUES (515, 424, 514);
INSERT INTO "TrackElement" ("id") VALUES (516);
INSERT INTO "Switch" ("id") VALUES (516);
INSERT INTO "Sensor" ("id") VALUES (517);
INSERT INTO "definedBy" VALUES (515, 517);
INSERT INTO "TrackElement" ("id") VALUES (518);
INSERT INTO "Segment" ("id", "length") VALUES (518, 237);
UPDATE "TrackElement" SET "sensor" = 517 WHERE "id" = 518;
INSERT INTO "TrackElement" ("id") VALUES (519);
INSERT INTO "Segment" ("id", "length") VALUES (519, 95);
UPDATE "TrackElement" SET "sensor" = 517 WHERE "id" = 519;
INSERT INTO "TrackElement" ("id") VALUES (520);
INSERT INTO "Segment" ("id", "length") VALUES (520, 669);
UPDATE "TrackElement" SET "sensor" = 517 WHERE "id" = 520;
INSERT INTO "TrackElement" ("id") VALUES (521);
INSERT INTO "Segment" ("id", "length") VALUES (521, 628);
UPDATE "TrackElement" SET "sensor" = 517 WHERE "id" = 521;
INSERT INTO "TrackElement" ("id") VALUES (522);
INSERT INTO "Segment" ("id", "length") VALUES (522, 50);
UPDATE "TrackElement" SET "sensor" = 517 WHERE "id" = 522;
INSERT INTO "Sensor" ("id") VALUES (523);
INSERT INTO "definedBy" VALUES (515, 523);
INSERT INTO "TrackElement" ("id") VALUES (524);
INSERT INTO "Segment" ("id", "length") VALUES (524, 965);
UPDATE "TrackElement" SET "sensor" = 523 WHERE "id" = 524;
INSERT INTO "TrackElement" ("id") VALUES (525);
INSERT INTO "Segment" ("id", "length") VALUES (525, 28);
UPDATE "TrackElement" SET "sensor" = 523 WHERE "id" = 525;
INSERT INTO "TrackElement" ("id") VALUES (526);
INSERT INTO "Segment" ("id", "length") VALUES (526, 196);
UPDATE "TrackElement" SET "sensor" = 523 WHERE "id" = 526;
INSERT INTO "TrackElement" ("id") VALUES (527);
INSERT INTO "Segment" ("id", "length") VALUES (527, 953);
UPDATE "TrackElement" SET "sensor" = 523 WHERE "id" = 527;
INSERT INTO "TrackElement" ("id") VALUES (528);
INSERT INTO "Segment" ("id", "length") VALUES (528, 473);
UPDATE "TrackElement" SET "sensor" = 523 WHERE "id" = 528;
INSERT INTO "Sensor" ("id") VALUES (529);
INSERT INTO "definedBy" VALUES (515, 529);
INSERT INTO "TrackElement" ("id") VALUES (530);
INSERT INTO "Segment" ("id", "length") VALUES (530, 214);
UPDATE "TrackElement" SET "sensor" = 529 WHERE "id" = 530;
INSERT INTO "TrackElement" ("id") VALUES (531);
INSERT INTO "Segment" ("id", "length") VALUES (531, 574);
UPDATE "TrackElement" SET "sensor" = 529 WHERE "id" = 531;
INSERT INTO "TrackElement" ("id") VALUES (532);
INSERT INTO "Segment" ("id", "length") VALUES (532, 868);
UPDATE "TrackElement" SET "sensor" = 529 WHERE "id" = 532;
INSERT INTO "TrackElement" ("id") VALUES (533);
INSERT INTO "Segment" ("id", "length") VALUES (533, 938);
UPDATE "TrackElement" SET "sensor" = 529 WHERE "id" = 533;
INSERT INTO "TrackElement" ("id") VALUES (534);
INSERT INTO "Segment" ("id", "length") VALUES (534, 675);
UPDATE "TrackElement" SET "sensor" = 529 WHERE "id" = 534;
INSERT INTO "Sensor" ("id") VALUES (535);
INSERT INTO "definedBy" VALUES (515, 535);
INSERT INTO "TrackElement" ("id") VALUES (536);
INSERT INTO "Segment" ("id", "length") VALUES (536, 220);
UPDATE "TrackElement" SET "sensor" = 535 WHERE "id" = 536;
INSERT INTO "TrackElement" ("id") VALUES (537);
INSERT INTO "Segment" ("id", "length") VALUES (537, 319);
UPDATE "TrackElement" SET "sensor" = 535 WHERE "id" = 537;
INSERT INTO "TrackElement" ("id") VALUES (538);
INSERT INTO "Segment" ("id", "length") VALUES (538, 706);
UPDATE "TrackElement" SET "sensor" = 535 WHERE "id" = 538;
INSERT INTO "TrackElement" ("id") VALUES (539);
INSERT INTO "Segment" ("id", "length") VALUES (539, 35);
UPDATE "TrackElement" SET "sensor" = 535 WHERE "id" = 539;
INSERT INTO "TrackElement" ("id") VALUES (540);
INSERT INTO "Segment" ("id", "length") VALUES (540, 383);
UPDATE "TrackElement" SET "sensor" = 535 WHERE "id" = 540;
INSERT INTO "Sensor" ("id") VALUES (541);
INSERT INTO "definedBy" VALUES (515, 541);
INSERT INTO "TrackElement" ("id") VALUES (542);
INSERT INTO "Segment" ("id", "length") VALUES (542, 578);
UPDATE "TrackElement" SET "sensor" = 541 WHERE "id" = 542;
INSERT INTO "TrackElement" ("id") VALUES (543);
INSERT INTO "Segment" ("id", "length") VALUES (543, 832);
UPDATE "TrackElement" SET "sensor" = 541 WHERE "id" = 543;
INSERT INTO "TrackElement" ("id") VALUES (544);
INSERT INTO "Segment" ("id", "length") VALUES (544, 741);
UPDATE "TrackElement" SET "sensor" = 541 WHERE "id" = 544;
INSERT INTO "TrackElement" ("id") VALUES (545);
INSERT INTO "Segment" ("id", "length") VALUES (545, 343);
UPDATE "TrackElement" SET "sensor" = 541 WHERE "id" = 545;
INSERT INTO "TrackElement" ("id") VALUES (546);
INSERT INTO "Segment" ("id", "length") VALUES (546, 261);
UPDATE "TrackElement" SET "sensor" = 541 WHERE "id" = 546;
INSERT INTO "Sensor" ("id") VALUES (547);
INSERT INTO "definedBy" VALUES (515, 547);
INSERT INTO "TrackElement" ("id") VALUES (548);
INSERT INTO "Segment" ("id", "length") VALUES (548, 300);
UPDATE "TrackElement" SET "sensor" = 547 WHERE "id" = 548;
INSERT INTO "TrackElement" ("id") VALUES (549);
INSERT INTO "Segment" ("id", "length") VALUES (549, 403);
UPDATE "TrackElement" SET "sensor" = 547 WHERE "id" = 549;
INSERT INTO "TrackElement" ("id") VALUES (550);
INSERT INTO "Segment" ("id", "length") VALUES (550, 728);
UPDATE "TrackElement" SET "sensor" = 547 WHERE "id" = 550;
INSERT INTO "TrackElement" ("id") VALUES (551);
INSERT INTO "Segment" ("id", "length") VALUES (551, 798);
UPDATE "TrackElement" SET "sensor" = 547 WHERE "id" = 551;
INSERT INTO "TrackElement" ("id") VALUES (552);
INSERT INTO "Segment" ("id", "length") VALUES (552, 214);
UPDATE "TrackElement" SET "sensor" = 547 WHERE "id" = 552;
INSERT INTO "Sensor" ("id") VALUES (553);
INSERT INTO "definedBy" VALUES (515, 553);
INSERT INTO "TrackElement" ("id") VALUES (554);
INSERT INTO "Segment" ("id", "length") VALUES (554, 441);
UPDATE "TrackElement" SET "sensor" = 553 WHERE "id" = 554;
INSERT INTO "TrackElement" ("id") VALUES (555);
INSERT INTO "Segment" ("id", "length") VALUES (555, 823);
UPDATE "TrackElement" SET "sensor" = 553 WHERE "id" = 555;
INSERT INTO "TrackElement" ("id") VALUES (556);
INSERT INTO "Segment" ("id", "length") VALUES (556, 588);
UPDATE "TrackElement" SET "sensor" = 553 WHERE "id" = 556;
INSERT INTO "TrackElement" ("id") VALUES (557);
INSERT INTO "Segment" ("id", "length") VALUES (557, 286);
UPDATE "TrackElement" SET "sensor" = 553 WHERE "id" = 557;
INSERT INTO "TrackElement" ("id") VALUES (558);
INSERT INTO "Segment" ("id", "length") VALUES (558, 904);
UPDATE "TrackElement" SET "sensor" = 553 WHERE "id" = 558;
INSERT INTO "Sensor" ("id") VALUES (559);
INSERT INTO "definedBy" VALUES (515, 559);
INSERT INTO "TrackElement" ("id") VALUES (560);
INSERT INTO "Segment" ("id", "length") VALUES (560, 182);
UPDATE "TrackElement" SET "sensor" = 559 WHERE "id" = 560;
INSERT INTO "TrackElement" ("id") VALUES (561);
INSERT INTO "Segment" ("id", "length") VALUES (561, 241);
UPDATE "TrackElement" SET "sensor" = 559 WHERE "id" = 561;
INSERT INTO "TrackElement" ("id") VALUES (562);
INSERT INTO "Segment" ("id", "length") VALUES (562, 734);
UPDATE "TrackElement" SET "sensor" = 559 WHERE "id" = 562;
INSERT INTO "TrackElement" ("id") VALUES (563);
INSERT INTO "Segment" ("id", "length") VALUES (563, 70);
UPDATE "TrackElement" SET "sensor" = 559 WHERE "id" = 563;
INSERT INTO "TrackElement" ("id") VALUES (564);
INSERT INTO "Segment" ("id", "length") VALUES (564, 104);
UPDATE "TrackElement" SET "sensor" = 559 WHERE "id" = 564;
INSERT INTO "Sensor" ("id") VALUES (565);
INSERT INTO "definedBy" VALUES (515, 565);
INSERT INTO "TrackElement" ("id") VALUES (566);
INSERT INTO "Segment" ("id", "length") VALUES (566, 880);
UPDATE "TrackElement" SET "sensor" = 565 WHERE "id" = 566;
INSERT INTO "TrackElement" ("id") VALUES (567);
INSERT INTO "Segment" ("id", "length") VALUES (567, 375);
UPDATE "TrackElement" SET "sensor" = 565 WHERE "id" = 567;
INSERT INTO "TrackElement" ("id") VALUES (568);
INSERT INTO "Segment" ("id", "length") VALUES (568, 727);
UPDATE "TrackElement" SET "sensor" = 565 WHERE "id" = 568;
INSERT INTO "TrackElement" ("id") VALUES (569);
INSERT INTO "Segment" ("id", "length") VALUES (569, 77);
UPDATE "TrackElement" SET "sensor" = 565 WHERE "id" = 569;
INSERT INTO "TrackElement" ("id") VALUES (570);
INSERT INTO "Segment" ("id", "length") VALUES (570, 84);
UPDATE "TrackElement" SET "sensor" = 565 WHERE "id" = 570;
UPDATE "TrackElement" SET "sensor" = 565 WHERE "id" = 516;
UPDATE "Switch" SET "currentPosition" = 0 WHERE "id" = 516;
INSERT INTO "SwitchPosition" ("id", "position", "switch", "follows") VALUES (571, 0, 516, 515);
INSERT INTO "TrackElement" ("id") VALUES (572);
INSERT INTO "Switch" ("id") VALUES (572);
INSERT INTO "Sensor" ("id") VALUES (573);
INSERT INTO "definedBy" VALUES (515, 573);
INSERT INTO "TrackElement" ("id") VALUES (574);
INSERT INTO "Segment" ("id", "length") VALUES (574, 106);
UPDATE "TrackElement" SET "sensor" = 573 WHERE "id" = 574;
INSERT INTO "TrackElement" ("id") VALUES (575);
INSERT INTO "Segment" ("id", "length") VALUES (575, 482);
UPDATE "TrackElement" SET "sensor" = 573 WHERE "id" = 575;
INSERT INTO "TrackElement" ("id") VALUES (576);
INSERT INTO "Segment" ("id", "length") VALUES (576, 560);
UPDATE "TrackElement" SET "sensor" = 573 WHERE "id" = 576;
INSERT INTO "TrackElement" ("id") VALUES (577);
INSERT INTO "Segment" ("id", "length") VALUES (577, 694);
UPDATE "TrackElement" SET "sensor" = 573 WHERE "id" = 577;
INSERT INTO "TrackElement" ("id") VALUES (578);
INSERT INTO "Segment" ("id", "length") VALUES (578, 780);
UPDATE "TrackElement" SET "sensor" = 573 WHERE "id" = 578;
INSERT INTO "Sensor" ("id") VALUES (579);
INSERT INTO "definedBy" VALUES (515, 579);
INSERT INTO "TrackElement" ("id") VALUES (580);
INSERT INTO "Segment" ("id", "length") VALUES (580, 911);
UPDATE "TrackElement" SET "sensor" = 579 WHERE "id" = 580;
INSERT INTO "TrackElement" ("id") VALUES (581);
INSERT INTO "Segment" ("id", "length") VALUES (581, 837);
UPDATE "TrackElement" SET "sensor" = 579 WHERE "id" = 581;
INSERT INTO "TrackElement" ("id") VALUES (582);
INSERT INTO "Segment" ("id", "length") VALUES (582, 245);
UPDATE "TrackElement" SET "sensor" = 579 WHERE "id" = 582;
INSERT INTO "TrackElement" ("id") VALUES (583);
INSERT INTO "Segment" ("id", "length") VALUES (583, 171);
UPDATE "TrackElement" SET "sensor" = 579 WHERE "id" = 583;
INSERT INTO "TrackElement" ("id") VALUES (584);
INSERT INTO "Segment" ("id", "length") VALUES (584, 83);
UPDATE "TrackElement" SET "sensor" = 579 WHERE "id" = 584;
INSERT INTO "Sensor" ("id") VALUES (585);
INSERT INTO "definedBy" VALUES (515, 585);
INSERT INTO "TrackElement" ("id") VALUES (586);
INSERT INTO "Segment" ("id", "length") VALUES (586, 702);
UPDATE "TrackElement" SET "sensor" = 585 WHERE "id" = 586;
INSERT INTO "TrackElement" ("id") VALUES (587);
INSERT INTO "Segment" ("id", "length") VALUES (587, 68);
UPDATE "TrackElement" SET "sensor" = 585 WHERE "id" = 587;
INSERT INTO "TrackElement" ("id") VALUES (588);
INSERT INTO "Segment" ("id", "length") VALUES (588, 634);
UPDATE "TrackElement" SET "sensor" = 585 WHERE "id" = 588;
INSERT INTO "TrackElement" ("id") VALUES (589);
INSERT INTO "Segment" ("id", "length") VALUES (589, 852);
UPDATE "TrackElement" SET "sensor" = 585 WHERE "id" = 589;
INSERT INTO "TrackElement" ("id") VALUES (590);
INSERT INTO "Segment" ("id", "length") VALUES (590, 364);
UPDATE "TrackElement" SET "sensor" = 585 WHERE "id" = 590;
INSERT INTO "Sensor" ("id") VALUES (591);
INSERT INTO "definedBy" VALUES (515, 591);
INSERT INTO "TrackElement" ("id") VALUES (592);
INSERT INTO "Segment" ("id", "length") VALUES (592, 615);
UPDATE "TrackElement" SET "sensor" = 591 WHERE "id" = 592;
INSERT INTO "TrackElement" ("id") VALUES (593);
INSERT INTO "Segment" ("id", "length") VALUES (593, 721);
UPDATE "TrackElement" SET "sensor" = 591 WHERE "id" = 593;
INSERT INTO "TrackElement" ("id") VALUES (594);
INSERT INTO "Segment" ("id", "length") VALUES (594, 394);
UPDATE "TrackElement" SET "sensor" = 591 WHERE "id" = 594;
INSERT INTO "TrackElement" ("id") VALUES (595);
INSERT INTO "Segment" ("id", "length") VALUES (595, 904);
UPDATE "TrackElement" SET "sensor" = 591 WHERE "id" = 595;
INSERT INTO "TrackElement" ("id") VALUES (596);
INSERT INTO "Segment" ("id", "length") VALUES (596, 939);
UPDATE "TrackElement" SET "sensor" = 591 WHERE "id" = 596;
INSERT INTO "Sensor" ("id") VALUES (597);
INSERT INTO "definedBy" VALUES (515, 597);
INSERT INTO "TrackElement" ("id") VALUES (598);
INSERT INTO "Segment" ("id", "length") VALUES (598, 77);
UPDATE "TrackElement" SET "sensor" = 597 WHERE "id" = 598;
INSERT INTO "TrackElement" ("id") VALUES (599);
INSERT INTO "Segment" ("id", "length") VALUES (599, 710);
UPDATE "TrackElement" SET "sensor" = 597 WHERE "id" = 599;
INSERT INTO "TrackElement" ("id") VALUES (600);
INSERT INTO "Segment" ("id", "length") VALUES (600, 845);
UPDATE "TrackElement" SET "sensor" = 597 WHERE "id" = 600;
INSERT INTO "TrackElement" ("id") VALUES (601);
INSERT INTO "Segment" ("id", "length") VALUES (601, 835);
UPDATE "TrackElement" SET "sensor" = 597 WHERE "id" = 601;
INSERT INTO "TrackElement" ("id") VALUES (602);
INSERT INTO "Segment" ("id", "length") VALUES (602, 27);
UPDATE "TrackElement" SET "sensor" = 597 WHERE "id" = 602;
INSERT INTO "Sensor" ("id") VALUES (603);
INSERT INTO "definedBy" VALUES (515, 603);
INSERT INTO "TrackElement" ("id") VALUES (604);
INSERT INTO "Segment" ("id", "length") VALUES (604, 723);
UPDATE "TrackElement" SET "sensor" = 603 WHERE "id" = 604;
INSERT INTO "TrackElement" ("id") VALUES (605);
INSERT INTO "Segment" ("id", "length") VALUES (605, 595);
UPDATE "TrackElement" SET "sensor" = 603 WHERE "id" = 605;
INSERT INTO "TrackElement" ("id") VALUES (606);
INSERT INTO "Segment" ("id", "length") VALUES (606, 714);
UPDATE "TrackElement" SET "sensor" = 603 WHERE "id" = 606;
INSERT INTO "TrackElement" ("id") VALUES (607);
INSERT INTO "Segment" ("id", "length") VALUES (607, 210);
UPDATE "TrackElement" SET "sensor" = 603 WHERE "id" = 607;
INSERT INTO "TrackElement" ("id") VALUES (608);
INSERT INTO "Segment" ("id", "length") VALUES (608, 630);
UPDATE "TrackElement" SET "sensor" = 603 WHERE "id" = 608;
INSERT INTO "Sensor" ("id") VALUES (609);
INSERT INTO "definedBy" VALUES (515, 609);
INSERT INTO "TrackElement" ("id") VALUES (610);
INSERT INTO "Segment" ("id", "length") VALUES (610, 807);
UPDATE "TrackElement" SET "sensor" = 609 WHERE "id" = 610;
INSERT INTO "TrackElement" ("id") VALUES (611);
INSERT INTO "Segment" ("id", "length") VALUES (611, 911);
UPDATE "TrackElement" SET "sensor" = 609 WHERE "id" = 611;
INSERT INTO "TrackElement" ("id") VALUES (612);
INSERT INTO "Segment" ("id", "length") VALUES (612, 394);
UPDATE "TrackElement" SET "sensor" = 609 WHERE "id" = 612;
INSERT INTO "TrackElement" ("id") VALUES (613);
INSERT INTO "Segment" ("id", "length") VALUES (613, 268);
UPDATE "TrackElement" SET "sensor" = 609 WHERE "id" = 613;
INSERT INTO "TrackElement" ("id") VALUES (614);
INSERT INTO "Segment" ("id", "length") VALUES (614, 468);
UPDATE "TrackElement" SET "sensor" = 609 WHERE "id" = 614;
INSERT INTO "Sensor" ("id") VALUES (615);
INSERT INTO "definedBy" VALUES (515, 615);
INSERT INTO "TrackElement" ("id") VALUES (616);
INSERT INTO "Segment" ("id", "length") VALUES (616, 82);
UPDATE "TrackElement" SET "sensor" = 615 WHERE "id" = 616;
INSERT INTO "TrackElement" ("id") VALUES (617);
INSERT INTO "Segment" ("id", "length") VALUES (617, 963);
UPDATE "TrackElement" SET "sensor" = 615 WHERE "id" = 617;
INSERT INTO "TrackElement" ("id") VALUES (618);
INSERT INTO "Segment" ("id", "length") VALUES (618, 647);
UPDATE "TrackElement" SET "sensor" = 615 WHERE "id" = 618;
INSERT INTO "TrackElement" ("id") VALUES (619);
INSERT INTO "Segment" ("id", "length") VALUES (619, 666);
UPDATE "TrackElement" SET "sensor" = 615 WHERE "id" = 619;
INSERT INTO "TrackElement" ("id") VALUES (620);
INSERT INTO "Segment" ("id", "length") VALUES (620, 464);
UPDATE "TrackElement" SET "sensor" = 615 WHERE "id" = 620;
INSERT INTO "Sensor" ("id") VALUES (621);
INSERT INTO "definedBy" VALUES (515, 621);
INSERT INTO "TrackElement" ("id") VALUES (622);
INSERT INTO "Segment" ("id", "length") VALUES (622, 825);
UPDATE "TrackElement" SET "sensor" = 621 WHERE "id" = 622;
INSERT INTO "TrackElement" ("id") VALUES (623);
INSERT INTO "Segment" ("id", "length") VALUES (623, 741);
UPDATE "TrackElement" SET "sensor" = 621 WHERE "id" = 623;
INSERT INTO "TrackElement" ("id") VALUES (624);
INSERT INTO "Segment" ("id", "length") VALUES (624, 610);
UPDATE "TrackElement" SET "sensor" = 621 WHERE "id" = 624;
INSERT INTO "TrackElement" ("id") VALUES (625);
INSERT INTO "Segment" ("id", "length") VALUES (625, 32);
UPDATE "TrackElement" SET "sensor" = 621 WHERE "id" = 625;
INSERT INTO "TrackElement" ("id") VALUES (626);
INSERT INTO "Segment" ("id", "length") VALUES (626, 44);
UPDATE "TrackElement" SET "sensor" = 621 WHERE "id" = 626;
UPDATE "TrackElement" SET "sensor" = 621 WHERE "id" = 572;
UPDATE "Switch" SET "currentPosition" = 3 WHERE "id" = 572;
INSERT INTO "SwitchPosition" ("id", "position", "switch", "follows") VALUES (627, 3, 572, 515);
INSERT INTO "TrackElement" ("id") VALUES (628);
INSERT INTO "Switch" ("id") VALUES (628);
INSERT INTO "Sensor" ("id") VALUES (629);
INSERT INTO "definedBy" VALUES (515, 629);
INSERT INTO "TrackElement" ("id") VALUES (630);
INSERT INTO "Segment" ("id", "length") VALUES (630, 300);
UPDATE "TrackElement" SET "sensor" = 629 WHERE "id" = 630;
INSERT INTO "TrackElement" ("id") VALUES (631);
INSERT INTO "Segment" ("id", "length") VALUES (631, 212);
UPDATE "TrackElement" SET "sensor" = 629 WHERE "id" = 631;
INSERT INTO "TrackElement" ("id") VALUES (632);
INSERT INTO "Segment" ("id", "length") VALUES (632, 78);
UPDATE "TrackElement" SET "sensor" = 629 WHERE "id" = 632;
INSERT INTO "TrackElement" ("id") VALUES (633);
INSERT INTO "Segment" ("id", "length") VALUES (633, 58);
UPDATE "TrackElement" SET "sensor" = 629 WHERE "id" = 633;
INSERT INTO "TrackElement" ("id") VALUES (634);
INSERT INTO "Segment" ("id", "length") VALUES (634, 959);
UPDATE "TrackElement" SET "sensor" = 629 WHERE "id" = 634;
INSERT INTO "Sensor" ("id") VALUES (635);
INSERT INTO "definedBy" VALUES (515, 635);
INSERT INTO "TrackElement" ("id") VALUES (636);
INSERT INTO "Segment" ("id", "length") VALUES (636, 244);
UPDATE "TrackElement" SET "sensor" = 635 WHERE "id" = 636;
INSERT INTO "TrackElement" ("id") VALUES (637);
INSERT INTO "Segment" ("id", "length") VALUES (637, 891);
UPDATE "TrackElement" SET "sensor" = 635 WHERE "id" = 637;
INSERT INTO "TrackElement" ("id") VALUES (638);
INSERT INTO "Segment" ("id", "length") VALUES (638, 820);
UPDATE "TrackElement" SET "sensor" = 635 WHERE "id" = 638;
INSERT INTO "TrackElement" ("id") VALUES (639);
INSERT INTO "Segment" ("id", "length") VALUES (639, 913);
UPDATE "TrackElement" SET "sensor" = 635 WHERE "id" = 639;
INSERT INTO "TrackElement" ("id") VALUES (640);
INSERT INTO "Segment" ("id", "length") VALUES (640, 871);
UPDATE "TrackElement" SET "sensor" = 635 WHERE "id" = 640;
INSERT INTO "Sensor" ("id") VALUES (641);
INSERT INTO "definedBy" VALUES (515, 641);
INSERT INTO "TrackElement" ("id") VALUES (642);
INSERT INTO "Segment" ("id", "length") VALUES (642, 319);
UPDATE "TrackElement" SET "sensor" = 641 WHERE "id" = 642;
INSERT INTO "TrackElement" ("id") VALUES (643);
INSERT INTO "Segment" ("id", "length") VALUES (643, 364);
UPDATE "TrackElement" SET "sensor" = 641 WHERE "id" = 643;
INSERT INTO "TrackElement" ("id") VALUES (644);
INSERT INTO "Segment" ("id", "length") VALUES (644, 923);
UPDATE "TrackElement" SET "sensor" = 641 WHERE "id" = 644;
INSERT INTO "TrackElement" ("id") VALUES (645);
INSERT INTO "Segment" ("id", "length") VALUES (645, 142);
UPDATE "TrackElement" SET "sensor" = 641 WHERE "id" = 645;
INSERT INTO "TrackElement" ("id") VALUES (646);
INSERT INTO "Segment" ("id", "length") VALUES (646, 275);
UPDATE "TrackElement" SET "sensor" = 641 WHERE "id" = 646;
INSERT INTO "Sensor" ("id") VALUES (647);
INSERT INTO "definedBy" VALUES (515, 647);
INSERT INTO "TrackElement" ("id") VALUES (648);
INSERT INTO "Segment" ("id", "length") VALUES (648, 557);
UPDATE "TrackElement" SET "sensor" = 647 WHERE "id" = 648;
INSERT INTO "TrackElement" ("id") VALUES (649);
INSERT INTO "Segment" ("id", "length") VALUES (649, 165);
UPDATE "TrackElement" SET "sensor" = 647 WHERE "id" = 649;
INSERT INTO "TrackElement" ("id") VALUES (650);
INSERT INTO "Segment" ("id", "length") VALUES (650, 238);
UPDATE "TrackElement" SET "sensor" = 647 WHERE "id" = 650;
INSERT INTO "TrackElement" ("id") VALUES (651);
INSERT INTO "Segment" ("id", "length") VALUES (651, 691);
UPDATE "TrackElement" SET "sensor" = 647 WHERE "id" = 651;
INSERT INTO "TrackElement" ("id") VALUES (652);
INSERT INTO "Segment" ("id", "length") VALUES (652, 804);
UPDATE "TrackElement" SET "sensor" = 647 WHERE "id" = 652;
INSERT INTO "Sensor" ("id") VALUES (653);
INSERT INTO "definedBy" VALUES (515, 653);
INSERT INTO "TrackElement" ("id") VALUES (654);
INSERT INTO "Segment" ("id", "length") VALUES (654, 144);
UPDATE "TrackElement" SET "sensor" = 653 WHERE "id" = 654;
INSERT INTO "TrackElement" ("id") VALUES (655);
INSERT INTO "Segment" ("id", "length") VALUES (655, 770);
UPDATE "TrackElement" SET "sensor" = 653 WHERE "id" = 655;
INSERT INTO "TrackElement" ("id") VALUES (656);
INSERT INTO "Segment" ("id", "length") VALUES (656, 113);
UPDATE "TrackElement" SET "sensor" = 653 WHERE "id" = 656;
INSERT INTO "TrackElement" ("id") VALUES (657);
INSERT INTO "Segment" ("id", "length") VALUES (657, 575);
UPDATE "TrackElement" SET "sensor" = 653 WHERE "id" = 657;
INSERT INTO "TrackElement" ("id") VALUES (658);
INSERT INTO "Segment" ("id", "length") VALUES (658, 131);
UPDATE "TrackElement" SET "sensor" = 653 WHERE "id" = 658;
INSERT INTO "Sensor" ("id") VALUES (659);
INSERT INTO "definedBy" VALUES (515, 659);
INSERT INTO "TrackElement" ("id") VALUES (660);
INSERT INTO "Segment" ("id", "length") VALUES (660, 911);
UPDATE "TrackElement" SET "sensor" = 659 WHERE "id" = 660;
INSERT INTO "TrackElement" ("id") VALUES (661);
INSERT INTO "Segment" ("id", "length") VALUES (661, 452);
UPDATE "TrackElement" SET "sensor" = 659 WHERE "id" = 661;
INSERT INTO "TrackElement" ("id") VALUES (662);
INSERT INTO "Segment" ("id", "length") VALUES (662, 900);
UPDATE "TrackElement" SET "sensor" = 659 WHERE "id" = 662;
INSERT INTO "TrackElement" ("id") VALUES (663);
INSERT INTO "Segment" ("id", "length") VALUES (663, 552);
UPDATE "TrackElement" SET "sensor" = 659 WHERE "id" = 663;
INSERT INTO "TrackElement" ("id") VALUES (664);
INSERT INTO "Segment" ("id", "length") VALUES (664, 411);
UPDATE "TrackElement" SET "sensor" = 659 WHERE "id" = 664;
INSERT INTO "Sensor" ("id") VALUES (665);
INSERT INTO "definedBy" VALUES (515, 665);
INSERT INTO "TrackElement" ("id") VALUES (666);
INSERT INTO "Segment" ("id", "length") VALUES (666, 192);
UPDATE "TrackElement" SET "sensor" = 665 WHERE "id" = 666;
INSERT INTO "TrackElement" ("id") VALUES (667);
INSERT INTO "Segment" ("id", "length") VALUES (667, 759);
UPDATE "TrackElement" SET "sensor" = 665 WHERE "id" = 667;
INSERT INTO "TrackElement" ("id") VALUES (668);
INSERT INTO "Segment" ("id", "length") VALUES (668, 180);
UPDATE "TrackElement" SET "sensor" = 665 WHERE "id" = 668;
INSERT INTO "TrackElement" ("id") VALUES (669);
INSERT INTO "Segment" ("id", "length") VALUES (669, 504);
UPDATE "TrackElement" SET "sensor" = 665 WHERE "id" = 669;
INSERT INTO "TrackElement" ("id") VALUES (670);
INSERT INTO "Segment" ("id", "length") VALUES (670, 471);
UPDATE "TrackElement" SET "sensor" = 665 WHERE "id" = 670;
UPDATE "TrackElement" SET "sensor" = 665 WHERE "id" = 628;
UPDATE "Switch" SET "currentPosition" = 1 WHERE "id" = 628;
INSERT INTO "SwitchPosition" ("id", "position", "switch", "follows") VALUES (671, 1, 628, 515);
INSERT INTO "TrackElement" ("id") VALUES (672);
INSERT INTO "Switch" ("id") VALUES (672);
INSERT INTO "Sensor" ("id") VALUES (673);
INSERT INTO "definedBy" VALUES (515, 673);
INSERT INTO "TrackElement" ("id") VALUES (674);
INSERT INTO "Segment" ("id", "length") VALUES (674, 357);
UPDATE "TrackElement" SET "sensor" = 673 WHERE "id" = 674;
INSERT INTO "TrackElement" ("id") VALUES (675);
INSERT INTO "Segment" ("id", "length") VALUES (675, 604);
UPDATE "TrackElement" SET "sensor" = 673 WHERE "id" = 675;
INSERT INTO "TrackElement" ("id") VALUES (676);
INSERT INTO "Segment" ("id", "length") VALUES (676, 492);
UPDATE "TrackElement" SET "sensor" = 673 WHERE "id" = 676;
INSERT INTO "TrackElement" ("id") VALUES (677);
INSERT INTO "Segment" ("id", "length") VALUES (677, 37);
UPDATE "TrackElement" SET "sensor" = 673 WHERE "id" = 677;
INSERT INTO "TrackElement" ("id") VALUES (678);
INSERT INTO "Segment" ("id", "length") VALUES (678, 427);
UPDATE "TrackElement" SET "sensor" = 673 WHERE "id" = 678;
INSERT INTO "Sensor" ("id") VALUES (679);
INSERT INTO "definedBy" VALUES (515, 679);
INSERT INTO "TrackElement" ("id") VALUES (680);
INSERT INTO "Segment" ("id", "length") VALUES (680, 883);
UPDATE "TrackElement" SET "sensor" = 679 WHERE "id" = 680;
INSERT INTO "TrackElement" ("id") VALUES (681);
INSERT INTO "Segment" ("id", "length") VALUES (681, 255);
UPDATE "TrackElement" SET "sensor" = 679 WHERE "id" = 681;
INSERT INTO "TrackElement" ("id") VALUES (682);
INSERT INTO "Segment" ("id", "length") VALUES (682, 265);
UPDATE "TrackElement" SET "sensor" = 679 WHERE "id" = 682;
INSERT INTO "TrackElement" ("id") VALUES (683);
INSERT INTO "Segment" ("id", "length") VALUES (683, 926);
UPDATE "TrackElement" SET "sensor" = 679 WHERE "id" = 683;
INSERT INTO "TrackElement" ("id") VALUES (684);
INSERT INTO "Segment" ("id", "length") VALUES (684, 672);
UPDATE "TrackElement" SET "sensor" = 679 WHERE "id" = 684;
INSERT INTO "Sensor" ("id") VALUES (685);
INSERT INTO "definedBy" VALUES (515, 685);
INSERT INTO "TrackElement" ("id") VALUES (686);
INSERT INTO "Segment" ("id", "length") VALUES (686, 551);
UPDATE "TrackElement" SET "sensor" = 685 WHERE "id" = 686;
INSERT INTO "TrackElement" ("id") VALUES (687);
INSERT INTO "Segment" ("id", "length") VALUES (687, 942);
UPDATE "TrackElement" SET "sensor" = 685 WHERE "id" = 687;
INSERT INTO "TrackElement" ("id") VALUES (688);
INSERT INTO "Segment" ("id", "length") VALUES (688, 403);
UPDATE "TrackElement" SET "sensor" = 685 WHERE "id" = 688;
INSERT INTO "TrackElement" ("id") VALUES (689);
INSERT INTO "Segment" ("id", "length") VALUES (689, 615);
UPDATE "TrackElement" SET "sensor" = 685 WHERE "id" = 689;
INSERT INTO "TrackElement" ("id") VALUES (690);
INSERT INTO "Segment" ("id", "length") VALUES (690, 887);
UPDATE "TrackElement" SET "sensor" = 685 WHERE "id" = 690;
INSERT INTO "Sensor" ("id") VALUES (691);
INSERT INTO "definedBy" VALUES (515, 691);
INSERT INTO "TrackElement" ("id") VALUES (692);
INSERT INTO "Segment" ("id", "length") VALUES (692, 55);
UPDATE "TrackElement" SET "sensor" = 691 WHERE "id" = 692;
INSERT INTO "TrackElement" ("id") VALUES (693);
INSERT INTO "Segment" ("id", "length") VALUES (693, 317);
UPDATE "TrackElement" SET "sensor" = 691 WHERE "id" = 693;
INSERT INTO "TrackElement" ("id") VALUES (694);
INSERT INTO "Segment" ("id", "length") VALUES (694, 813);
UPDATE "TrackElement" SET "sensor" = 691 WHERE "id" = 694;
INSERT INTO "TrackElement" ("id") VALUES (695);
INSERT INTO "Segment" ("id", "length") VALUES (695, 914);
UPDATE "TrackElement" SET "sensor" = 691 WHERE "id" = 695;
INSERT INTO "TrackElement" ("id") VALUES (696);
INSERT INTO "Segment" ("id", "length") VALUES (696, 258);
UPDATE "TrackElement" SET "sensor" = 691 WHERE "id" = 696;
UPDATE "TrackElement" SET "sensor" = 691 WHERE "id" = 672;
UPDATE "Switch" SET "currentPosition" = 3 WHERE "id" = 672;
INSERT INTO "SwitchPosition" ("id", "position", "switch", "follows") VALUES (697, 3, 672, 515);
INSERT INTO "TrackElement" ("id") VALUES (698);
INSERT INTO "Switch" ("id") VALUES (698);
INSERT INTO "Sensor" ("id") VALUES (699);
INSERT INTO "definedBy" VALUES (515, 699);
INSERT INTO "TrackElement" ("id") VALUES (700);
INSERT INTO "Segment" ("id", "length") VALUES (700, 11);
UPDATE "TrackElement" SET "sensor" = 699 WHERE "id" = 700;
INSERT INTO "TrackElement" ("id") VALUES (701);
INSERT INTO "Segment" ("id", "length") VALUES (701, 153);
UPDATE "TrackElement" SET "sensor" = 699 WHERE "id" = 701;
INSERT INTO "TrackElement" ("id") VALUES (702);
INSERT INTO "Segment" ("id", "length") VALUES (702, 444);
UPDATE "TrackElement" SET "sensor" = 699 WHERE "id" = 702;
INSERT INTO "TrackElement" ("id") VALUES (703);
INSERT INTO "Segment" ("id", "length") VALUES (703, 576);
UPDATE "TrackElement" SET "sensor" = 699 WHERE "id" = 703;
INSERT INTO "TrackElement" ("id") VALUES (704);
INSERT INTO "Segment" ("id", "length") VALUES (704, 11);
UPDATE "TrackElement" SET "sensor" = 699 WHERE "id" = 704;
INSERT INTO "Sensor" ("id") VALUES (705);
INSERT INTO "definedBy" VALUES (515, 705);
INSERT INTO "TrackElement" ("id") VALUES (706);
INSERT INTO "Segment" ("id", "length") VALUES (706, 15);
UPDATE "TrackElement" SET "sensor" = 705 WHERE "id" = 706;
INSERT INTO "TrackElement" ("id") VALUES (707);
INSERT INTO "Segment" ("id", "length") VALUES (707, 309);
UPDATE "TrackElement" SET "sensor" = 705 WHERE "id" = 707;
INSERT INTO "TrackElement" ("id") VALUES (708);
INSERT INTO "Segment" ("id", "length") VALUES (708, 596);
UPDATE "TrackElement" SET "sensor" = 705 WHERE "id" = 708;
INSERT INTO "TrackElement" ("id") VALUES (709);
INSERT INTO "Segment" ("id", "length") VALUES (709, 584);
UPDATE "TrackElement" SET "sensor" = 705 WHERE "id" = 709;
INSERT INTO "TrackElement" ("id") VALUES (710);
INSERT INTO "Segment" ("id", "length") VALUES (710, 749);
UPDATE "TrackElement" SET "sensor" = 705 WHERE "id" = 710;
INSERT INTO "Sensor" ("id") VALUES (711);
INSERT INTO "definedBy" VALUES (515, 711);
INSERT INTO "TrackElement" ("id") VALUES (712);
INSERT INTO "Segment" ("id", "length") VALUES (712, 820);
UPDATE "TrackElement" SET "sensor" = 711 WHERE "id" = 712;
INSERT INTO "TrackElement" ("id") VALUES (713);
INSERT INTO "Segment" ("id", "length") VALUES (713, 66);
UPDATE "TrackElement" SET "sensor" = 711 WHERE "id" = 713;
INSERT INTO "TrackElement" ("id") VALUES (714);
INSERT INTO "Segment" ("id", "length") VALUES (714, 898);
UPDATE "TrackElement" SET "sensor" = 711 WHERE "id" = 714;
INSERT INTO "TrackElement" ("id") VALUES (715);
INSERT INTO "Segment" ("id", "length") VALUES (715, 660);
UPDATE "TrackElement" SET "sensor" = 711 WHERE "id" = 715;
INSERT INTO "TrackElement" ("id") VALUES (716);
INSERT INTO "Segment" ("id", "length") VALUES (716, 555);
UPDATE "TrackElement" SET "sensor" = 711 WHERE "id" = 716;
INSERT INTO "Sensor" ("id") VALUES (717);
INSERT INTO "definedBy" VALUES (515, 717);
INSERT INTO "TrackElement" ("id") VALUES (718);
INSERT INTO "Segment" ("id", "length") VALUES (718, 448);
UPDATE "TrackElement" SET "sensor" = 717 WHERE "id" = 718;
INSERT INTO "TrackElement" ("id") VALUES (719);
INSERT INTO "Segment" ("id", "length") VALUES (719, 367);
UPDATE "TrackElement" SET "sensor" = 717 WHERE "id" = 719;
INSERT INTO "TrackElement" ("id") VALUES (720);
INSERT INTO "Segment" ("id", "length") VALUES (720, 576);
UPDATE "TrackElement" SET "sensor" = 717 WHERE "id" = 720;
INSERT INTO "TrackElement" ("id") VALUES (721);
INSERT INTO "Segment" ("id", "length") VALUES (721, 734);
UPDATE "TrackElement" SET "sensor" = 717 WHERE "id" = 721;
INSERT INTO "TrackElement" ("id") VALUES (722);
INSERT INTO "Segment" ("id", "length") VALUES (722, 720);
UPDATE "TrackElement" SET "sensor" = 717 WHERE "id" = 722;
INSERT INTO "Sensor" ("id") VALUES (723);
INSERT INTO "definedBy" VALUES (515, 723);
INSERT INTO "TrackElement" ("id") VALUES (724);
INSERT INTO "Segment" ("id", "length") VALUES (724, 79);
UPDATE "TrackElement" SET "sensor" = 723 WHERE "id" = 724;
INSERT INTO "TrackElement" ("id") VALUES (725);
INSERT INTO "Segment" ("id", "length") VALUES (725, 538);
UPDATE "TrackElement" SET "sensor" = 723 WHERE "id" = 725;
INSERT INTO "TrackElement" ("id") VALUES (726);
INSERT INTO "Segment" ("id", "length") VALUES (726, 127);
UPDATE "TrackElement" SET "sensor" = 723 WHERE "id" = 726;
INSERT INTO "TrackElement" ("id") VALUES (727);
INSERT INTO "Segment" ("id", "length") VALUES (727, 970);
UPDATE "TrackElement" SET "sensor" = 723 WHERE "id" = 727;
INSERT INTO "TrackElement" ("id") VALUES (728);
INSERT INTO "Segment" ("id", "length") VALUES (728, 389);
UPDATE "TrackElement" SET "sensor" = 723 WHERE "id" = 728;
INSERT INTO "Sensor" ("id") VALUES (729);
INSERT INTO "definedBy" VALUES (515, 729);
INSERT INTO "TrackElement" ("id") VALUES (730);
INSERT INTO "Segment" ("id", "length") VALUES (730, 170);
UPDATE "TrackElement" SET "sensor" = 729 WHERE "id" = 730;
INSERT INTO "TrackElement" ("id") VALUES (731);
INSERT INTO "Segment" ("id", "length") VALUES (731, 809);
UPDATE "TrackElement" SET "sensor" = 729 WHERE "id" = 731;
INSERT INTO "TrackElement" ("id") VALUES (732);
INSERT INTO "Segment" ("id", "length") VALUES (732, 434);
UPDATE "TrackElement" SET "sensor" = 729 WHERE "id" = 732;
INSERT INTO "TrackElement" ("id") VALUES (733);
INSERT INTO "Segment" ("id", "length") VALUES (733, 574);
UPDATE "TrackElement" SET "sensor" = 729 WHERE "id" = 733;
INSERT INTO "TrackElement" ("id") VALUES (734);
INSERT INTO "Segment" ("id", "length") VALUES (734, 81);
UPDATE "TrackElement" SET "sensor" = 729 WHERE "id" = 734;
INSERT INTO "Sensor" ("id") VALUES (735);
INSERT INTO "definedBy" VALUES (515, 735);
INSERT INTO "TrackElement" ("id") VALUES (736);
INSERT INTO "Segment" ("id", "length") VALUES (736, 45);
UPDATE "TrackElement" SET "sensor" = 735 WHERE "id" = 736;
INSERT INTO "TrackElement" ("id") VALUES (737);
INSERT INTO "Segment" ("id", "length") VALUES (737, 843);
UPDATE "TrackElement" SET "sensor" = 735 WHERE "id" = 737;
INSERT INTO "TrackElement" ("id") VALUES (738);
INSERT INTO "Segment" ("id", "length") VALUES (738, 943);
UPDATE "TrackElement" SET "sensor" = 735 WHERE "id" = 738;
INSERT INTO "TrackElement" ("id") VALUES (739);
INSERT INTO "Segment" ("id", "length") VALUES (739, 593);
UPDATE "TrackElement" SET "sensor" = 735 WHERE "id" = 739;
INSERT INTO "TrackElement" ("id") VALUES (740);
INSERT INTO "Segment" ("id", "length") VALUES (740, 371);
UPDATE "TrackElement" SET "sensor" = 735 WHERE "id" = 740;
INSERT INTO "Sensor" ("id") VALUES (741);
INSERT INTO "definedBy" VALUES (515, 741);
INSERT INTO "TrackElement" ("id") VALUES (742);
INSERT INTO "Segment" ("id", "length") VALUES (742, 983);
UPDATE "TrackElement" SET "sensor" = 741 WHERE "id" = 742;
INSERT INTO "TrackElement" ("id") VALUES (743);
INSERT INTO "Segment" ("id", "length") VALUES (743, 998);
UPDATE "TrackElement" SET "sensor" = 741 WHERE "id" = 743;
INSERT INTO "TrackElement" ("id") VALUES (744);
INSERT INTO "Segment" ("id", "length") VALUES (744, 297);
UPDATE "TrackElement" SET "sensor" = 741 WHERE "id" = 744;
INSERT INTO "TrackElement" ("id") VALUES (745);
INSERT INTO "Segment" ("id", "length") VALUES (745, 941);
UPDATE "TrackElement" SET "sensor" = 741 WHERE "id" = 745;
INSERT INTO "TrackElement" ("id") VALUES (746);
INSERT INTO "Segment" ("id", "length") VALUES (746, 320);
UPDATE "TrackElement" SET "sensor" = 741 WHERE "id" = 746;
INSERT INTO "Sensor" ("id") VALUES (747);
INSERT INTO "definedBy" VALUES (515, 747);
INSERT INTO "TrackElement" ("id") VALUES (748);
INSERT INTO "Segment" ("id", "length") VALUES (748, 212);
UPDATE "TrackElement" SET "sensor" = 747 WHERE "id" = 748;
INSERT INTO "TrackElement" ("id") VALUES (749);
INSERT INTO "Segment" ("id", "length") VALUES (749, 546);
UPDATE "TrackElement" SET "sensor" = 747 WHERE "id" = 749;
INSERT INTO "TrackElement" ("id") VALUES (750);
INSERT INTO "Segment" ("id", "length") VALUES (750, 570);
UPDATE "TrackElement" SET "sensor" = 747 WHERE "id" = 750;
INSERT INTO "TrackElement" ("id") VALUES (751);
INSERT INTO "Segment" ("id", "length") VALUES (751, 399);
UPDATE "TrackElement" SET "sensor" = 747 WHERE "id" = 751;
INSERT INTO "TrackElement" ("id") VALUES (752);
INSERT INTO "Segment" ("id", "length") VALUES (752, 248);
UPDATE "TrackElement" SET "sensor" = 747 WHERE "id" = 752;
UPDATE "TrackElement" SET "sensor" = 747 WHERE "id" = 698;
UPDATE "Switch" SET "currentPosition" = 0 WHERE "id" = 698;
INSERT INTO "SwitchPosition" ("id", "position", "switch", "follows") VALUES (753, 0, 698, 515);
INSERT INTO "TrackElement" ("id") VALUES (754);
INSERT INTO "Switch" ("id") VALUES (754);
INSERT INTO "Sensor" ("id") VALUES (755);
INSERT INTO "definedBy" VALUES (515, 755);
INSERT INTO "TrackElement" ("id") VALUES (756);
INSERT INTO "Segment" ("id", "length") VALUES (756, 358);
UPDATE "TrackElement" SET "sensor" = 755 WHERE "id" = 756;
INSERT INTO "TrackElement" ("id") VALUES (757);
INSERT INTO "Segment" ("id", "length") VALUES (757, 459);
UPDATE "TrackElement" SET "sensor" = 755 WHERE "id" = 757;
INSERT INTO "TrackElement" ("id") VALUES (758);
INSERT INTO "Segment" ("id", "length") VALUES (758, 522);
UPDATE "TrackElement" SET "sensor" = 755 WHERE "id" = 758;
INSERT INTO "TrackElement" ("id") VALUES (759);
INSERT INTO "Segment" ("id", "length") VALUES (759, 529);
UPDATE "TrackElement" SET "sensor" = 755 WHERE "id" = 759;
INSERT INTO "TrackElement" ("id") VALUES (760);
INSERT INTO "Segment" ("id", "length") VALUES (760, 643);
UPDATE "TrackElement" SET "sensor" = 755 WHERE "id" = 760;
INSERT INTO "Sensor" ("id") VALUES (761);
INSERT INTO "definedBy" VALUES (515, 761);
INSERT INTO "TrackElement" ("id") VALUES (762);
INSERT INTO "Segment" ("id", "length") VALUES (762, 458);
UPDATE "TrackElement" SET "sensor" = 761 WHERE "id" = 762;
INSERT INTO "TrackElement" ("id") VALUES (763);
INSERT INTO "Segment" ("id", "length") VALUES (763, 261);
UPDATE "TrackElement" SET "sensor" = 761 WHERE "id" = 763;
INSERT INTO "TrackElement" ("id") VALUES (764);
INSERT INTO "Segment" ("id", "length") VALUES (764, 319);
UPDATE "TrackElement" SET "sensor" = 761 WHERE "id" = 764;
INSERT INTO "TrackElement" ("id") VALUES (765);
INSERT INTO "Segment" ("id", "length") VALUES (765, 543);
UPDATE "TrackElement" SET "sensor" = 761 WHERE "id" = 765;
INSERT INTO "TrackElement" ("id") VALUES (766);
INSERT INTO "Segment" ("id", "length") VALUES (766, 919);
UPDATE "TrackElement" SET "sensor" = 761 WHERE "id" = 766;
UPDATE "TrackElement" SET "sensor" = 761 WHERE "id" = 754;
UPDATE "Switch" SET "currentPosition" = 0 WHERE "id" = 754;
INSERT INTO "SwitchPosition" ("id", "position", "switch", "follows") VALUES (767, 0, 754, 515);
INSERT INTO "TrackElement" ("id") VALUES (768);
INSERT INTO "Switch" ("id") VALUES (768);
INSERT INTO "Sensor" ("id") VALUES (769);
INSERT INTO "definedBy" VALUES (515, 769);
INSERT INTO "TrackElement" ("id") VALUES (770);
INSERT INTO "Segment" ("id", "length") VALUES (770, 156);
UPDATE "TrackElement" SET "sensor" = 769 WHERE "id" = 770;
INSERT INTO "TrackElement" ("id") VALUES (771);
INSERT INTO "Segment" ("id", "length") VALUES (771, 479);
UPDATE "TrackElement" SET "sensor" = 769 WHERE "id" = 771;
INSERT INTO "TrackElement" ("id") VALUES (772);
INSERT INTO "Segment" ("id", "length") VALUES (772, 514);
UPDATE "TrackElement" SET "sensor" = 769 WHERE "id" = 772;
INSERT INTO "TrackElement" ("id") VALUES (773);
INSERT INTO "Segment" ("id", "length") VALUES (773, 938);
UPDATE "TrackElement" SET "sensor" = 769 WHERE "id" = 773;
INSERT INTO "TrackElement" ("id") VALUES (774);
INSERT INTO "Segment" ("id", "length") VALUES (774, 507);
UPDATE "TrackElement" SET "sensor" = 769 WHERE "id" = 774;
INSERT INTO "Sensor" ("id") VALUES (775);
INSERT INTO "definedBy" VALUES (515, 775);
INSERT INTO "TrackElement" ("id") VALUES (776);
INSERT INTO "Segment" ("id", "length") VALUES (776, 232);
UPDATE "TrackElement" SET "sensor" = 775 WHERE "id" = 776;
INSERT INTO "TrackElement" ("id") VALUES (777);
INSERT INTO "Segment" ("id", "length") VALUES (777, 992);
UPDATE "TrackElement" SET "sensor" = 775 WHERE "id" = 777;
INSERT INTO "TrackElement" ("id") VALUES (778);
INSERT INTO "Segment" ("id", "length") VALUES (778, 211);
UPDATE "TrackElement" SET "sensor" = 775 WHERE "id" = 778;
INSERT INTO "TrackElement" ("id") VALUES (779);
INSERT INTO "Segment" ("id", "length") VALUES (779, 940);
UPDATE "TrackElement" SET "sensor" = 775 WHERE "id" = 779;
INSERT INTO "TrackElement" ("id") VALUES (780);
INSERT INTO "Segment" ("id", "length") VALUES (780, 685);
UPDATE "TrackElement" SET "sensor" = 775 WHERE "id" = 780;
INSERT INTO "Sensor" ("id") VALUES (781);
INSERT INTO "definedBy" VALUES (515, 781);
INSERT INTO "TrackElement" ("id") VALUES (782);
INSERT INTO "Segment" ("id", "length") VALUES (782, 141);
UPDATE "TrackElement" SET "sensor" = 781 WHERE "id" = 782;
INSERT INTO "TrackElement" ("id") VALUES (783);
INSERT INTO "Segment" ("id", "length") VALUES (783, 53);
UPDATE "TrackElement" SET "sensor" = 781 WHERE "id" = 783;
INSERT INTO "TrackElement" ("id") VALUES (784);
INSERT INTO "Segment" ("id", "length") VALUES (784, 915);
UPDATE "TrackElement" SET "sensor" = 781 WHERE "id" = 784;
INSERT INTO "TrackElement" ("id") VALUES (785);
INSERT INTO "Segment" ("id", "length") VALUES (785, 302);
UPDATE "TrackElement" SET "sensor" = 781 WHERE "id" = 785;
INSERT INTO "TrackElement" ("id") VALUES (786);
INSERT INTO "Segment" ("id", "length") VALUES (786, 386);
UPDATE "TrackElement" SET "sensor" = 781 WHERE "id" = 786;
INSERT INTO "Sensor" ("id") VALUES (787);
INSERT INTO "definedBy" VALUES (515, 787);
INSERT INTO "TrackElement" ("id") VALUES (788);
INSERT INTO "Segment" ("id", "length") VALUES (788, 827);
UPDATE "TrackElement" SET "sensor" = 787 WHERE "id" = 788;
INSERT INTO "TrackElement" ("id") VALUES (789);
INSERT INTO "Segment" ("id", "length") VALUES (789, 88);
UPDATE "TrackElement" SET "sensor" = 787 WHERE "id" = 789;
INSERT INTO "TrackElement" ("id") VALUES (790);
INSERT INTO "Segment" ("id", "length") VALUES (790, 550);
UPDATE "TrackElement" SET "sensor" = 787 WHERE "id" = 790;
INSERT INTO "TrackElement" ("id") VALUES (791);
INSERT INTO "Segment" ("id", "length") VALUES (791, 925);
UPDATE "TrackElement" SET "sensor" = 787 WHERE "id" = 791;
INSERT INTO "TrackElement" ("id") VALUES (792);
INSERT INTO "Segment" ("id", "length") VALUES (792, 84);
UPDATE "TrackElement" SET "sensor" = 787 WHERE "id" = 792;
INSERT INTO "Sensor" ("id") VALUES (793);
INSERT INTO "definedBy" VALUES (515, 793);
INSERT INTO "TrackElement" ("id") VALUES (794);
INSERT INTO "Segment" ("id", "length") VALUES (794, 464);
UPDATE "TrackElement" SET "sensor" = 793 WHERE "id" = 794;
INSERT INTO "TrackElement" ("id") VALUES (795);
INSERT INTO "Segment" ("id", "length") VALUES (795, 236);
UPDATE "TrackElement" SET "sensor" = 793 WHERE "id" = 795;
INSERT INTO "TrackElement" ("id") VALUES (796);
INSERT INTO "Segment" ("id", "length") VALUES (796, 236);
UPDATE "TrackElement" SET "sensor" = 793 WHERE "id" = 796;
INSERT INTO "TrackElement" ("id") VALUES (797);
INSERT INTO "Segment" ("id", "length") VALUES (797, 572);
UPDATE "TrackElement" SET "sensor" = 793 WHERE "id" = 797;
INSERT INTO "TrackElement" ("id") VALUES (798);
INSERT INTO "Segment" ("id", "length") VALUES (798, 647);
UPDATE "TrackElement" SET "sensor" = 793 WHERE "id" = 798;
INSERT INTO "Sensor" ("id") VALUES (799);
INSERT INTO "definedBy" VALUES (515, 799);
INSERT INTO "TrackElement" ("id") VALUES (800);
INSERT INTO "Segment" ("id", "length") VALUES (800, 220);
UPDATE "TrackElement" SET "sensor" = 799 WHERE "id" = 800;
INSERT INTO "TrackElement" ("id") VALUES (801);
INSERT INTO "Segment" ("id", "length") VALUES (801, 395);
UPDATE "TrackElement" SET "sensor" = 799 WHERE "id" = 801;
INSERT INTO "TrackElement" ("id") VALUES (802);
INSERT INTO "Segment" ("id", "length") VALUES (802, 710);
UPDATE "TrackElement" SET "sensor" = 799 WHERE "id" = 802;
INSERT INTO "TrackElement" ("id") VALUES (803);
INSERT INTO "Segment" ("id", "length") VALUES (803, 407);
UPDATE "TrackElement" SET "sensor" = 799 WHERE "id" = 803;
INSERT INTO "TrackElement" ("id") VALUES (804);
INSERT INTO "Segment" ("id", "length") VALUES (804, 183);
UPDATE "TrackElement" SET "sensor" = 799 WHERE "id" = 804;
INSERT INTO "Sensor" ("id") VALUES (805);
INSERT INTO "definedBy" VALUES (515, 805);
INSERT INTO "TrackElement" ("id") VALUES (806);
INSERT INTO "Segment" ("id", "length") VALUES (806, 8);
UPDATE "TrackElement" SET "sensor" = 805 WHERE "id" = 806;
INSERT INTO "TrackElement" ("id") VALUES (807);
INSERT INTO "Segment" ("id", "length") VALUES (807, 439);
UPDATE "TrackElement" SET "sensor" = 805 WHERE "id" = 807;
INSERT INTO "TrackElement" ("id") VALUES (808);
INSERT INTO "Segment" ("id", "length") VALUES (808, 739);
UPDATE "TrackElement" SET "sensor" = 805 WHERE "id" = 808;
INSERT INTO "TrackElement" ("id") VALUES (809);
INSERT INTO "Segment" ("id", "length") VALUES (809, 507);
UPDATE "TrackElement" SET "sensor" = 805 WHERE "id" = 809;
INSERT INTO "TrackElement" ("id") VALUES (810);
INSERT INTO "Segment" ("id", "length") VALUES (810, 620);
UPDATE "TrackElement" SET "sensor" = 805 WHERE "id" = 810;
INSERT INTO "Sensor" ("id") VALUES (811);
INSERT INTO "definedBy" VALUES (515, 811);
INSERT INTO "TrackElement" ("id") VALUES (812);
INSERT INTO "Segment" ("id", "length") VALUES (812, 918);
UPDATE "TrackElement" SET "sensor" = 811 WHERE "id" = 812;
INSERT INTO "TrackElement" ("id") VALUES (813);
INSERT INTO "Segment" ("id", "length") VALUES (813, 116);
UPDATE "TrackElement" SET "sensor" = 811 WHERE "id" = 813;
INSERT INTO "TrackElement" ("id") VALUES (814);
INSERT INTO "Segment" ("id", "length") VALUES (814, 513);
UPDATE "TrackElement" SET "sensor" = 811 WHERE "id" = 814;
INSERT INTO "TrackElement" ("id") VALUES (815);
INSERT INTO "Segment" ("id", "length") VALUES (815, 105);
UPDATE "TrackElement" SET "sensor" = 811 WHERE "id" = 815;
INSERT INTO "TrackElement" ("id") VALUES (816);
INSERT INTO "Segment" ("id", "length") VALUES (816, 481);
UPDATE "TrackElement" SET "sensor" = 811 WHERE "id" = 816;
INSERT INTO "Sensor" ("id") VALUES (817);
INSERT INTO "definedBy" VALUES (515, 817);
INSERT INTO "TrackElement" ("id") VALUES (818);
INSERT INTO "Segment" ("id", "length") VALUES (818, 843);
UPDATE "TrackElement" SET "sensor" = 817 WHERE "id" = 818;
INSERT INTO "TrackElement" ("id") VALUES (819);
INSERT INTO "Segment" ("id", "length") VALUES (819, 403);
UPDATE "TrackElement" SET "sensor" = 817 WHERE "id" = 819;
INSERT INTO "TrackElement" ("id") VALUES (820);
INSERT INTO "Segment" ("id", "length") VALUES (820, 568);
UPDATE "TrackElement" SET "sensor" = 817 WHERE "id" = 820;
INSERT INTO "TrackElement" ("id") VALUES (821);
INSERT INTO "Segment" ("id", "length") VALUES (821, 977);
UPDATE "TrackElement" SET "sensor" = 817 WHERE "id" = 821;
INSERT INTO "TrackElement" ("id") VALUES (822);
INSERT INTO "Segment" ("id", "length") VALUES (822, 772);
UPDATE "TrackElement" SET "sensor" = 817 WHERE "id" = 822;
UPDATE "TrackElement" SET "sensor" = 817 WHERE "id" = 768;
UPDATE "Switch" SET "currentPosition" = 2 WHERE "id" = 768;
INSERT INTO "SwitchPosition" ("id", "position", "switch", "follows") VALUES (823, 2, 768, 515);
INSERT INTO "TrackElement" ("id") VALUES (824);
INSERT INTO "Switch" ("id") VALUES (824);
INSERT INTO "Sensor" ("id") VALUES (825);
INSERT INTO "definedBy" VALUES (515, 825);
INSERT INTO "TrackElement" ("id") VALUES (826);
INSERT INTO "Segment" ("id", "length") VALUES (826, 867);
UPDATE "TrackElement" SET "sensor" = 825 WHERE "id" = 826;
INSERT INTO "TrackElement" ("id") VALUES (827);
INSERT INTO "Segment" ("id", "length") VALUES (827, 732);
UPDATE "TrackElement" SET "sensor" = 825 WHERE "id" = 827;
INSERT INTO "TrackElement" ("id") VALUES (828);
INSERT INTO "Segment" ("id", "length") VALUES (828, 415);
UPDATE "TrackElement" SET "sensor" = 825 WHERE "id" = 828;
INSERT INTO "TrackElement" ("id") VALUES (829);
INSERT INTO "Segment" ("id", "length") VALUES (829, 517);
UPDATE "TrackElement" SET "sensor" = 825 WHERE "id" = 829;
INSERT INTO "TrackElement" ("id") VALUES (830);
INSERT INTO "Segment" ("id", "length") VALUES (830, 200);
UPDATE "TrackElement" SET "sensor" = 825 WHERE "id" = 830;
INSERT INTO "Sensor" ("id") VALUES (831);
INSERT INTO "definedBy" VALUES (515, 831);
INSERT INTO "TrackElement" ("id") VALUES (832);
INSERT INTO "Segment" ("id", "length") VALUES (832, 991);
UPDATE "TrackElement" SET "sensor" = 831 WHERE "id" = 832;
INSERT INTO "TrackElement" ("id") VALUES (833);
INSERT INTO "Segment" ("id", "length") VALUES (833, 715);
UPDATE "TrackElement" SET "sensor" = 831 WHERE "id" = 833;
INSERT INTO "TrackElement" ("id") VALUES (834);
INSERT INTO "Segment" ("id", "length") VALUES (834, 341);
UPDATE "TrackElement" SET "sensor" = 831 WHERE "id" = 834;
INSERT INTO "TrackElement" ("id") VALUES (835);
INSERT INTO "Segment" ("id", "length") VALUES (835, 185);
UPDATE "TrackElement" SET "sensor" = 831 WHERE "id" = 835;
INSERT INTO "TrackElement" ("id") VALUES (836);
INSERT INTO "Segment" ("id", "length") VALUES (836, 155);
UPDATE "TrackElement" SET "sensor" = 831 WHERE "id" = 836;
INSERT INTO "Sensor" ("id") VALUES (837);
INSERT INTO "definedBy" VALUES (515, 837);
INSERT INTO "TrackElement" ("id") VALUES (838);
INSERT INTO "Segment" ("id", "length") VALUES (838, 22);
UPDATE "TrackElement" SET "sensor" = 837 WHERE "id" = 838;
INSERT INTO "TrackElement" ("id") VALUES (839);
INSERT INTO "Segment" ("id", "length") VALUES (839, 964);
UPDATE "TrackElement" SET "sensor" = 837 WHERE "id" = 839;
INSERT INTO "TrackElement" ("id") VALUES (840);
INSERT INTO "Segment" ("id", "length") VALUES (840, 528);
UPDATE "TrackElement" SET "sensor" = 837 WHERE "id" = 840;
INSERT INTO "TrackElement" ("id") VALUES (841);
INSERT INTO "Segment" ("id", "length") VALUES (841, 918);
UPDATE "TrackElement" SET "sensor" = 837 WHERE "id" = 841;
INSERT INTO "TrackElement" ("id") VALUES (842);
INSERT INTO "Segment" ("id", "length") VALUES (842, 153);
UPDATE "TrackElement" SET "sensor" = 837 WHERE "id" = 842;
INSERT INTO "Sensor" ("id") VALUES (843);
INSERT INTO "definedBy" VALUES (515, 843);
INSERT INTO "TrackElement" ("id") VALUES (844);
INSERT INTO "Segment" ("id", "length") VALUES (844, 997);
UPDATE "TrackElement" SET "sensor" = 843 WHERE "id" = 844;
INSERT INTO "TrackElement" ("id") VALUES (845);
INSERT INTO "Segment" ("id", "length") VALUES (845, 940);
UPDATE "TrackElement" SET "sensor" = 843 WHERE "id" = 845;
INSERT INTO "TrackElement" ("id") VALUES (846);
INSERT INTO "Segment" ("id", "length") VALUES (846, 255);
UPDATE "TrackElement" SET "sensor" = 843 WHERE "id" = 846;
INSERT INTO "TrackElement" ("id") VALUES (847);
INSERT INTO "Segment" ("id", "length") VALUES (847, 283);
UPDATE "TrackElement" SET "sensor" = 843 WHERE "id" = 847;
INSERT INTO "TrackElement" ("id") VALUES (848);
INSERT INTO "Segment" ("id", "length") VALUES (848, 387);
UPDATE "TrackElement" SET "sensor" = 843 WHERE "id" = 848;
INSERT INTO "Sensor" ("id") VALUES (849);
INSERT INTO "definedBy" VALUES (515, 849);
INSERT INTO "TrackElement" ("id") VALUES (850);
INSERT INTO "Segment" ("id", "length") VALUES (850, 848);
UPDATE "TrackElement" SET "sensor" = 849 WHERE "id" = 850;
INSERT INTO "TrackElement" ("id") VALUES (851);
INSERT INTO "Segment" ("id", "length") VALUES (851, 630);
UPDATE "TrackElement" SET "sensor" = 849 WHERE "id" = 851;
INSERT INTO "TrackElement" ("id") VALUES (852);
INSERT INTO "Segment" ("id", "length") VALUES (852, 428);
UPDATE "TrackElement" SET "sensor" = 849 WHERE "id" = 852;
INSERT INTO "TrackElement" ("id") VALUES (853);
INSERT INTO "Segment" ("id", "length") VALUES (853, 663);
UPDATE "TrackElement" SET "sensor" = 849 WHERE "id" = 853;
INSERT INTO "TrackElement" ("id") VALUES (854);
INSERT INTO "Segment" ("id", "length") VALUES (854, 986);
UPDATE "TrackElement" SET "sensor" = 849 WHERE "id" = 854;
UPDATE "TrackElement" SET "sensor" = 849 WHERE "id" = 824;
UPDATE "Switch" SET "currentPosition" = 0 WHERE "id" = 824;
INSERT INTO "SwitchPosition" ("id", "position", "switch", "follows") VALUES (855, 0, 824, 515);
INSERT INTO "TrackElement" ("id") VALUES (856);
INSERT INTO "Switch" ("id") VALUES (856);
INSERT INTO "Sensor" ("id") VALUES (857);
INSERT INTO "definedBy" VALUES (515, 857);
INSERT INTO "TrackElement" ("id") VALUES (858);
INSERT INTO "Segment" ("id", "length") VALUES (858, 979);
UPDATE "TrackElement" SET "sensor" = 857 WHERE "id" = 858;
INSERT INTO "TrackElement" ("id") VALUES (859);
INSERT INTO "Segment" ("id", "length") VALUES (859, 391);
UPDATE "TrackElement" SET "sensor" = 857 WHERE "id" = 859;
INSERT INTO "TrackElement" ("id") VALUES (860);
INSERT INTO "Segment" ("id", "length") VALUES (860, 858);
UPDATE "TrackElement" SET "sensor" = 857 WHERE "id" = 860;
INSERT INTO "TrackElement" ("id") VALUES (861);
INSERT INTO "Segment" ("id", "length") VALUES (861, 43);
UPDATE "TrackElement" SET "sensor" = 857 WHERE "id" = 861;
INSERT INTO "TrackElement" ("id") VALUES (862);
INSERT INTO "Segment" ("id", "length") VALUES (862, 658);
UPDATE "TrackElement" SET "sensor" = 857 WHERE "id" = 862;
INSERT INTO "Sensor" ("id") VALUES (863);
INSERT INTO "definedBy" VALUES (515, 863);
INSERT INTO "TrackElement" ("id") VALUES (864);
INSERT INTO "Segment" ("id", "length") VALUES (864, 118);
UPDATE "TrackElement" SET "sensor" = 863 WHERE "id" = 864;
INSERT INTO "TrackElement" ("id") VALUES (865);
INSERT INTO "Segment" ("id", "length") VALUES (865, 243);
UPDATE "TrackElement" SET "sensor" = 863 WHERE "id" = 865;
INSERT INTO "TrackElement" ("id") VALUES (866);
INSERT INTO "Segment" ("id", "length") VALUES (866, 665);
UPDATE "TrackElement" SET "sensor" = 863 WHERE "id" = 866;
INSERT INTO "TrackElement" ("id") VALUES (867);
INSERT INTO "Segment" ("id", "length") VALUES (867, 557);
UPDATE "TrackElement" SET "sensor" = 863 WHERE "id" = 867;
INSERT INTO "TrackElement" ("id") VALUES (868);
INSERT INTO "Segment" ("id", "length") VALUES (868, 199);
UPDATE "TrackElement" SET "sensor" = 863 WHERE "id" = 868;
UPDATE "TrackElement" SET "sensor" = 863 WHERE "id" = 856;
UPDATE "Switch" SET "currentPosition" = 2 WHERE "id" = 856;
INSERT INTO "SwitchPosition" ("id", "position", "switch", "follows") VALUES (869, 2, 856, 515);
INSERT INTO "TrackElement" ("id") VALUES (870);
INSERT INTO "Switch" ("id") VALUES (870);
INSERT INTO "Sensor" ("id") VALUES (871);
INSERT INTO "definedBy" VALUES (515, 871);
INSERT INTO "TrackElement" ("id") VALUES (872);
INSERT INTO "Segment" ("id", "length") VALUES (872, 641);
UPDATE "TrackElement" SET "sensor" = 871 WHERE "id" = 872;
INSERT INTO "TrackElement" ("id") VALUES (873);
INSERT INTO "Segment" ("id", "length") VALUES (873, 497);
UPDATE "TrackElement" SET "sensor" = 871 WHERE "id" = 873;
INSERT INTO "TrackElement" ("id") VALUES (874);
INSERT INTO "Segment" ("id", "length") VALUES (874, 84);
UPDATE "TrackElement" SET "sensor" = 871 WHERE "id" = 874;
INSERT INTO "TrackElement" ("id") VALUES (875);
INSERT INTO "Segment" ("id", "length") VALUES (875, 13);
UPDATE "TrackElement" SET "sensor" = 871 WHERE "id" = 875;
INSERT INTO "TrackElement" ("id") VALUES (876);
INSERT INTO "Segment" ("id", "length") VALUES (876, 547);
UPDATE "TrackElement" SET "sensor" = 871 WHERE "id" = 876;
INSERT INTO "Sensor" ("id") VALUES (877);
INSERT INTO "definedBy" VALUES (515, 877);
INSERT INTO "TrackElement" ("id") VALUES (878);
INSERT INTO "Segment" ("id", "length") VALUES (878, 557);
UPDATE "TrackElement" SET "sensor" = 877 WHERE "id" = 878;
INSERT INTO "TrackElement" ("id") VALUES (879);
INSERT INTO "Segment" ("id", "length") VALUES (879, 540);
UPDATE "TrackElement" SET "sensor" = 877 WHERE "id" = 879;
INSERT INTO "TrackElement" ("id") VALUES (880);
INSERT INTO "Segment" ("id", "length") VALUES (880, 775);
UPDATE "TrackElement" SET "sensor" = 877 WHERE "id" = 880;
INSERT INTO "TrackElement" ("id") VALUES (881);
INSERT INTO "Segment" ("id", "length") VALUES (881, 430);
UPDATE "TrackElement" SET "sensor" = 877 WHERE "id" = 881;
INSERT INTO "TrackElement" ("id") VALUES (882);
INSERT INTO "Segment" ("id", "length") VALUES (882, 995);
UPDATE "TrackElement" SET "sensor" = 877 WHERE "id" = 882;
INSERT INTO "Sensor" ("id") VALUES (883);
INSERT INTO "definedBy" VALUES (515, 883);
INSERT INTO "TrackElement" ("id") VALUES (884);
INSERT INTO "Segment" ("id", "length") VALUES (884, 487);
UPDATE "TrackElement" SET "sensor" = 883 WHERE "id" = 884;
INSERT INTO "TrackElement" ("id") VALUES (885);
INSERT INTO "Segment" ("id", "length") VALUES (885, 960);
UPDATE "TrackElement" SET "sensor" = 883 WHERE "id" = 885;
INSERT INTO "TrackElement" ("id") VALUES (886);
INSERT INTO "Segment" ("id", "length") VALUES (886, 10);
UPDATE "TrackElement" SET "sensor" = 883 WHERE "id" = 886;
INSERT INTO "TrackElement" ("id") VALUES (887);
INSERT INTO "Segment" ("id", "length") VALUES (887, 167);
UPDATE "TrackElement" SET "sensor" = 883 WHERE "id" = 887;
INSERT INTO "TrackElement" ("id") VALUES (888);
INSERT INTO "Segment" ("id", "length") VALUES (888, 209);
UPDATE "TrackElement" SET "sensor" = 883 WHERE "id" = 888;
INSERT INTO "Sensor" ("id") VALUES (889);
INSERT INTO "definedBy" VALUES (515, 889);
INSERT INTO "TrackElement" ("id") VALUES (890);
INSERT INTO "Segment" ("id", "length") VALUES (890, 8);
UPDATE "TrackElement" SET "sensor" = 889 WHERE "id" = 890;
INSERT INTO "TrackElement" ("id") VALUES (891);
INSERT INTO "Segment" ("id", "length") VALUES (891, 132);
UPDATE "TrackElement" SET "sensor" = 889 WHERE "id" = 891;
INSERT INTO "TrackElement" ("id") VALUES (892);
INSERT INTO "Segment" ("id", "length") VALUES (892, 180);
UPDATE "TrackElement" SET "sensor" = 889 WHERE "id" = 892;
INSERT INTO "TrackElement" ("id") VALUES (893);
INSERT INTO "Segment" ("id", "length") VALUES (893, 756);
UPDATE "TrackElement" SET "sensor" = 889 WHERE "id" = 893;
INSERT INTO "TrackElement" ("id") VALUES (894);
INSERT INTO "Segment" ("id", "length") VALUES (894, 53);
UPDATE "TrackElement" SET "sensor" = 889 WHERE "id" = 894;
INSERT INTO "Sensor" ("id") VALUES (895);
INSERT INTO "definedBy" VALUES (515, 895);
INSERT INTO "TrackElement" ("id") VALUES (896);
INSERT INTO "Segment" ("id", "length") VALUES (896, 632);
UPDATE "TrackElement" SET "sensor" = 895 WHERE "id" = 896;
INSERT INTO "TrackElement" ("id") VALUES (897);
INSERT INTO "Segment" ("id", "length") VALUES (897, 948);
UPDATE "TrackElement" SET "sensor" = 895 WHERE "id" = 897;
INSERT INTO "TrackElement" ("id") VALUES (898);
INSERT INTO "Segment" ("id", "length") VALUES (898, 346);
UPDATE "TrackElement" SET "sensor" = 895 WHERE "id" = 898;
INSERT INTO "TrackElement" ("id") VALUES (899);
INSERT INTO "Segment" ("id", "length") VALUES (899, 796);
UPDATE "TrackElement" SET "sensor" = 895 WHERE "id" = 899;
INSERT INTO "TrackElement" ("id") VALUES (900);
INSERT INTO "Segment" ("id", "length") VALUES (900, 642);
UPDATE "TrackElement" SET "sensor" = 895 WHERE "id" = 900;
INSERT INTO "Sensor" ("id") VALUES (901);
INSERT INTO "definedBy" VALUES (515, 901);
INSERT INTO "TrackElement" ("id") VALUES (902);
INSERT INTO "Segment" ("id", "length") VALUES (902, 909);
UPDATE "TrackElement" SET "sensor" = 901 WHERE "id" = 902;
INSERT INTO "TrackElement" ("id") VALUES (903);
INSERT INTO "Segment" ("id", "length") VALUES (903, 946);
UPDATE "TrackElement" SET "sensor" = 901 WHERE "id" = 903;
INSERT INTO "TrackElement" ("id") VALUES (904);
INSERT INTO "Segment" ("id", "length") VALUES (904, 565);
UPDATE "TrackElement" SET "sensor" = 901 WHERE "id" = 904;
INSERT INTO "TrackElement" ("id") VALUES (905);
INSERT INTO "Segment" ("id", "length") VALUES (905, 92);
UPDATE "TrackElement" SET "sensor" = 901 WHERE "id" = 905;
INSERT INTO "TrackElement" ("id") VALUES (906);
INSERT INTO "Segment" ("id", "length") VALUES (906, 11);
UPDATE "TrackElement" SET "sensor" = 901 WHERE "id" = 906;
INSERT INTO "Sensor" ("id") VALUES (907);
INSERT INTO "definedBy" VALUES (515, 907);
INSERT INTO "TrackElement" ("id") VALUES (908);
INSERT INTO "Segment" ("id", "length") VALUES (908, 793);
UPDATE "TrackElement" SET "sensor" = 907 WHERE "id" = 908;
INSERT INTO "TrackElement" ("id") VALUES (909);
INSERT INTO "Segment" ("id", "length") VALUES (909, 551);
UPDATE "TrackElement" SET "sensor" = 907 WHERE "id" = 909;
INSERT INTO "TrackElement" ("id") VALUES (910);
INSERT INTO "Segment" ("id", "length") VALUES (910, 852);
UPDATE "TrackElement" SET "sensor" = 907 WHERE "id" = 910;
INSERT INTO "TrackElement" ("id") VALUES (911);
INSERT INTO "Segment" ("id", "length") VALUES (911, 418);
UPDATE "TrackElement" SET "sensor" = 907 WHERE "id" = 911;
INSERT INTO "TrackElement" ("id") VALUES (912);
INSERT INTO "Segment" ("id", "length") VALUES (912, 631);
UPDATE "TrackElement" SET "sensor" = 907 WHERE "id" = 912;
UPDATE "TrackElement" SET "sensor" = 907 WHERE "id" = 870;
UPDATE "Switch" SET "currentPosition" = 3 WHERE "id" = 870;
INSERT INTO "SwitchPosition" ("id", "position", "switch", "follows") VALUES (913, 3, 870, 515);
INSERT INTO "connectsTo" VALUES (516, 518);
INSERT INTO "connectsTo" VALUES (518, 519);
INSERT INTO "connectsTo" VALUES (519, 520);
INSERT INTO "connectsTo" VALUES (520, 521);
INSERT INTO "connectsTo" VALUES (521, 522);
INSERT INTO "connectsTo" VALUES (522, 524);
INSERT INTO "connectsTo" VALUES (524, 525);
INSERT INTO "connectsTo" VALUES (525, 526);
INSERT INTO "connectsTo" VALUES (526, 527);
INSERT INTO "connectsTo" VALUES (527, 528);
INSERT INTO "connectsTo" VALUES (528, 530);
INSERT INTO "connectsTo" VALUES (530, 531);
INSERT INTO "connectsTo" VALUES (531, 532);
INSERT INTO "connectsTo" VALUES (532, 533);
INSERT INTO "connectsTo" VALUES (533, 534);
INSERT INTO "connectsTo" VALUES (534, 536);
INSERT INTO "connectsTo" VALUES (536, 537);
INSERT INTO "connectsTo" VALUES (537, 538);
INSERT INTO "connectsTo" VALUES (538, 539);
INSERT INTO "connectsTo" VALUES (539, 540);
INSERT INTO "connectsTo" VALUES (540, 542);
INSERT INTO "connectsTo" VALUES (542, 543);
INSERT INTO "connectsTo" VALUES (543, 544);
INSERT INTO "connectsTo" VALUES (544, 545);
INSERT INTO "connectsTo" VALUES (545, 546);
INSERT INTO "connectsTo" VALUES (546, 548);
INSERT INTO "connectsTo" VALUES (548, 549);
INSERT INTO "connectsTo" VALUES (549, 550);
INSERT INTO "connectsTo" VALUES (550, 551);
INSERT INTO "connectsTo" VALUES (551, 552);
INSERT INTO "connectsTo" VALUES (552, 554);
INSERT INTO "connectsTo" VALUES (554, 555);
INSERT INTO "connectsTo" VALUES (555, 556);
INSERT INTO "connectsTo" VALUES (556, 557);
INSERT INTO "connectsTo" VALUES (557, 558);
INSERT INTO "connectsTo" VALUES (558, 560);
INSERT INTO "connectsTo" VALUES (560, 561);
INSERT INTO "connectsTo" VALUES (561, 562);
INSERT INTO "connectsTo" VALUES (562, 563);
INSERT INTO "connectsTo" VALUES (563, 564);
INSERT INTO "connectsTo" VALUES (564, 566);
INSERT INTO "connectsTo" VALUES (566, 567);
INSERT INTO "connectsTo" VALUES (567, 568);
INSERT INTO "connectsTo" VALUES (568, 569);
INSERT INTO "connectsTo" VALUES (569, 570);
INSERT INTO "connectsTo" VALUES (570, 572);
INSERT INTO "connectsTo" VALUES (572, 574);
INSERT INTO "connectsTo" VALUES (574, 575);
INSERT INTO "connectsTo" VALUES (575, 576);
INSERT INTO "connectsTo" VALUES (576, 577);
INSERT INTO "connectsTo" VALUES (577, 578);
INSERT INTO "connectsTo" VALUES (578, 580);
INSERT INTO "connectsTo" VALUES (580, 581);
INSERT INTO "connectsTo" VALUES (581, 582);
INSERT INTO "connectsTo" VALUES (582, 583);
INSERT INTO "connectsTo" VALUES (583, 584);
INSERT INTO "connectsTo" VALUES (584, 586);
INSERT INTO "connectsTo" VALUES (586, 587);
INSERT INTO "connectsTo" VALUES (587, 588);
INSERT INTO "connectsTo" VALUES (588, 589);
INSERT INTO "connectsTo" VALUES (589, 590);
INSERT INTO "connectsTo" VALUES (590, 592);
INSERT INTO "connectsTo" VALUES (592, 593);
INSERT INTO "connectsTo" VALUES (593, 594);
INSERT INTO "connectsTo" VALUES (594, 595);
INSERT INTO "connectsTo" VALUES (595, 596);
INSERT INTO "connectsTo" VALUES (596, 598);
INSERT INTO "connectsTo" VALUES (598, 599);
INSERT INTO "connectsTo" VALUES (599, 600);
INSERT INTO "connectsTo" VALUES (600, 601);
INSERT INTO "connectsTo" VALUES (601, 602);
INSERT INTO "connectsTo" VALUES (602, 604);
INSERT INTO "connectsTo" VALUES (604, 605);
INSERT INTO "connectsTo" VALUES (605, 606);
INSERT INTO "connectsTo" VALUES (606, 607);
INSERT INTO "connectsTo" VALUES (607, 608);
INSERT INTO "connectsTo" VALUES (608, 610);
INSERT INTO "connectsTo" VALUES (610, 611);
INSERT INTO "connectsTo" VALUES (611, 612);
INSERT INTO "connectsTo" VALUES (612, 613);
INSERT INTO "connectsTo" VALUES (613, 614);
INSERT INTO "connectsTo" VALUES (614, 616);
INSERT INTO "connectsTo" VALUES (616, 617);
INSERT INTO "connectsTo" VALUES (617, 618);
INSERT INTO "connectsTo" VALUES (618, 619);
INSERT INTO "connectsTo" VALUES (619, 620);
INSERT INTO "connectsTo" VALUES (620, 622);
INSERT INTO "connectsTo" VALUES (622, 623);
INSERT INTO "connectsTo" VALUES (623, 624);
INSERT INTO "connectsTo" VALUES (624, 625);
INSERT INTO "connectsTo" VALUES (625, 626);
INSERT INTO "connectsTo" VALUES (626, 628);
INSERT INTO "connectsTo" VALUES (628, 630);
INSERT INTO "connectsTo" VALUES (630, 631);
INSERT INTO "connectsTo" VALUES (631, 632);
INSERT INTO "connectsTo" VALUES (632, 633);
INSERT INTO "connectsTo" VALUES (633, 634);
INSERT INTO "connectsTo" VALUES (634, 636);
INSERT INTO "connectsTo" VALUES (636, 637);
INSERT INTO "connectsTo" VALUES (637, 638);
INSERT INTO "connectsTo" VALUES (638, 639);
INSERT INTO "connectsTo" VALUES (639, 640);
INSERT INTO "connectsTo" VALUES (640, 642);
INSERT INTO "connectsTo" VALUES (642, 643);
INSERT INTO "connectsTo" VALUES (643, 644);
INSERT INTO "connectsTo" VALUES (644, 645);
INSERT INTO "connectsTo" VALUES (645, 646);
INSERT INTO "connectsTo" VALUES (646, 648);
INSERT INTO "connectsTo" VALUES (648, 649);
INSERT INTO "connectsTo" VALUES (649, 650);
INSERT INTO "connectsTo" VALUES (650, 651);
INSERT INTO "connectsTo" VALUES (651, 652);
INSERT INTO "connectsTo" VALUES (652, 654);
INSERT INTO "connectsTo" VALUES (654, 655);
INSERT INTO "connectsTo" VALUES (655, 656);
INSERT INTO "connectsTo" VALUES (656, 657);
INSERT INTO "connectsTo" VALUES (657, 658);
INSERT INTO "connectsTo" VALUES (658, 660);
INSERT INTO "connectsTo" VALUES (660, 661);
INSERT INTO "connectsTo" VALUES (661, 662);
INSERT INTO "connectsTo" VALUES (662, 663);
INSERT INTO "connectsTo" VALUES (663, 664);
INSERT INTO "connectsTo" VALUES (664, 666);
INSERT INTO "connectsTo" VALUES (666, 667);
INSERT INTO "connectsTo" VALUES (667, 668);
INSERT INTO "connectsTo" VALUES (668, 669);
INSERT INTO "connectsTo" VALUES (669, 670);
INSERT INTO "connectsTo" VALUES (670, 672);
INSERT INTO "connectsTo" VALUES (672, 674);
INSERT INTO "connectsTo" VALUES (674, 675);
INSERT INTO "connectsTo" VALUES (675, 676);
INSERT INTO "connectsTo" VALUES (676, 677);
INSERT INTO "connectsTo" VALUES (677, 678);
INSERT INTO "connectsTo" VALUES (678, 680);
INSERT INTO "connectsTo" VALUES (680, 681);
INSERT INTO "connectsTo" VALUES (681, 682);
INSERT INTO "connectsTo" VALUES (682, 683);
INSERT INTO "connectsTo" VALUES (683, 684);
INSERT INTO "connectsTo" VALUES (684, 686);
INSERT INTO "connectsTo" VALUES (686, 687);
INSERT INTO "connectsTo" VALUES (687, 688);
INSERT INTO "connectsTo" VALUES (688, 689);
INSERT INTO "connectsTo" VALUES (689, 690);
INSERT INTO "connectsTo" VALUES (690, 692);
INSERT INTO "connectsTo" VALUES (692, 693);
INSERT INTO "connectsTo" VALUES (693, 694);
INSERT INTO "connectsTo" VALUES (694, 695);
INSERT INTO "connectsTo" VALUES (695, 696);
INSERT INTO "connectsTo" VALUES (696, 698);
INSERT INTO "connectsTo" VALUES (698, 700);
INSERT INTO "connectsTo" VALUES (700, 701);
INSERT INTO "connectsTo" VALUES (701, 702);
INSERT INTO "connectsTo" VALUES (702, 703);
INSERT INTO "connectsTo" VALUES (703, 704);
INSERT INTO "connectsTo" VALUES (704, 706);
INSERT INTO "connectsTo" VALUES (706, 707);
INSERT INTO "connectsTo" VALUES (707, 708);
INSERT INTO "connectsTo" VALUES (708, 709);
INSERT INTO "connectsTo" VALUES (709, 710);
INSERT INTO "connectsTo" VALUES (710, 712);
INSERT INTO "connectsTo" VALUES (712, 713);
INSERT INTO "connectsTo" VALUES (713, 714);
INSERT INTO "connectsTo" VALUES (714, 715);
INSERT INTO "connectsTo" VALUES (715, 716);
INSERT INTO "connectsTo" VALUES (716, 718);
INSERT INTO "connectsTo" VALUES (718, 719);
INSERT INTO "connectsTo" VALUES (719, 720);
INSERT INTO "connectsTo" VALUES (720, 721);
INSERT INTO "connectsTo" VALUES (721, 722);
INSERT INTO "connectsTo" VALUES (722, 724);
INSERT INTO "connectsTo" VALUES (724, 725);
INSERT INTO "connectsTo" VALUES (725, 726);
INSERT INTO "connectsTo" VALUES (726, 727);
INSERT INTO "connectsTo" VALUES (727, 728);
INSERT INTO "connectsTo" VALUES (728, 730);
INSERT INTO "connectsTo" VALUES (730, 731);
INSERT INTO "connectsTo" VALUES (731, 732);
INSERT INTO "connectsTo" VALUES (732, 733);
INSERT INTO "connectsTo" VALUES (733, 734);
INSERT INTO "connectsTo" VALUES (734, 736);
INSERT INTO "connectsTo" VALUES (736, 737);
INSERT INTO "connectsTo" VALUES (737, 738);
INSERT INTO "connectsTo" VALUES (738, 739);
INSERT INTO "connectsTo" VALUES (739, 740);
INSERT INTO "connectsTo" VALUES (740, 742);
INSERT INTO "connectsTo" VALUES (742, 743);
INSERT INTO "connectsTo" VALUES (743, 744);
INSERT INTO "connectsTo" VALUES (744, 745);
INSERT INTO "connectsTo" VALUES (745, 746);
INSERT INTO "connectsTo" VALUES (746, 748);
INSERT INTO "connectsTo" VALUES (748, 749);
INSERT INTO "connectsTo" VALUES (749, 750);
INSERT INTO "connectsTo" VALUES (750, 751);
INSERT INTO "connectsTo" VALUES (751, 752);
INSERT INTO "connectsTo" VALUES (752, 754);
INSERT INTO "connectsTo" VALUES (754, 756);
INSERT INTO "connectsTo" VALUES (756, 757);
INSERT INTO "connectsTo" VALUES (757, 758);
INSERT INTO "connectsTo" VALUES (758, 759);
INSERT INTO "connectsTo" VALUES (759, 760);
INSERT INTO "connectsTo" VALUES (760, 762);
INSERT INTO "connectsTo" VALUES (762, 763);
INSERT INTO "connectsTo" VALUES (763, 764);
INSERT INTO "connectsTo" VALUES (764, 765);
INSERT INTO "connectsTo" VALUES (765, 766);
INSERT INTO "connectsTo" VALUES (766, 768);
INSERT INTO "connectsTo" VALUES (768, 770);
INSERT INTO "connectsTo" VALUES (770, 771);
INSERT INTO "connectsTo" VALUES (771, 772);
INSERT INTO "connectsTo" VALUES (772, 773);
INSERT INTO "connectsTo" VALUES (773, 774);
INSERT INTO "connectsTo" VALUES (774, 776);
INSERT INTO "connectsTo" VALUES (776, 777);
INSERT INTO "connectsTo" VALUES (777, 778);
INSERT INTO "connectsTo" VALUES (778, 779);
INSERT INTO "connectsTo" VALUES (779, 780);
INSERT INTO "connectsTo" VALUES (780, 782);
INSERT INTO "connectsTo" VALUES (782, 783);
INSERT INTO "connectsTo" VALUES (783, 784);
INSERT INTO "connectsTo" VALUES (784, 785);
INSERT INTO "connectsTo" VALUES (785, 786);
INSERT INTO "connectsTo" VALUES (786, 788);
INSERT INTO "connectsTo" VALUES (788, 789);
INSERT INTO "connectsTo" VALUES (789, 790);
INSERT INTO "connectsTo" VALUES (790, 791);
INSERT INTO "connectsTo" VALUES (791, 792);
INSERT INTO "connectsTo" VALUES (792, 794);
INSERT INTO "connectsTo" VALUES (794, 795);
INSERT INTO "connectsTo" VALUES (795, 796);
INSERT INTO "connectsTo" VALUES (796, 797);
INSERT INTO "connectsTo" VALUES (797, 798);
INSERT INTO "connectsTo" VALUES (798, 800);
INSERT INTO "connectsTo" VALUES (800, 801);
INSERT INTO "connectsTo" VALUES (801, 802);
INSERT INTO "connectsTo" VALUES (802, 803);
INSERT INTO "connectsTo" VALUES (803, 804);
INSERT INTO "connectsTo" VALUES (804, 806);
INSERT INTO "connectsTo" VALUES (806, 807);
INSERT INTO "connectsTo" VALUES (807, 808);
INSERT INTO "connectsTo" VALUES (808, 809);
INSERT INTO "connectsTo" VALUES (809, 810);
INSERT INTO "connectsTo" VALUES (810, 812);
INSERT INTO "connectsTo" VALUES (812, 813);
INSERT INTO "connectsTo" VALUES (813, 814);
INSERT INTO "connectsTo" VALUES (814, 815);
INSERT INTO "connectsTo" VALUES (815, 816);
INSERT INTO "connectsTo" VALUES (816, 818);
INSERT INTO "connectsTo" VALUES (818, 819);
INSERT INTO "connectsTo" VALUES (819, 820);
INSERT INTO "connectsTo" VALUES (820, 821);
INSERT INTO "connectsTo" VALUES (821, 822);
INSERT INTO "connectsTo" VALUES (822, 824);
INSERT INTO "connectsTo" VALUES (824, 826);
INSERT INTO "connectsTo" VALUES (826, 827);
INSERT INTO "connectsTo" VALUES (827, 828);
INSERT INTO "connectsTo" VALUES (828, 829);
INSERT INTO "connectsTo" VALUES (829, 830);
INSERT INTO "connectsTo" VALUES (830, 832);
INSERT INTO "connectsTo" VALUES (832, 833);
INSERT INTO "connectsTo" VALUES (833, 834);
INSERT INTO "connectsTo" VALUES (834, 835);
INSERT INTO "connectsTo" VALUES (835, 836);
INSERT INTO "connectsTo" VALUES (836, 838);
INSERT INTO "connectsTo" VALUES (838, 839);
INSERT INTO "connectsTo" VALUES (839, 840);
INSERT INTO "connectsTo" VALUES (840, 841);
INSERT INTO "connectsTo" VALUES (841, 842);
INSERT INTO "connectsTo" VALUES (842, 844);
INSERT INTO "connectsTo" VALUES (844, 845);
INSERT INTO "connectsTo" VALUES (845, 846);
INSERT INTO "connectsTo" VALUES (846, 847);
INSERT INTO "connectsTo" VALUES (847, 848);
INSERT INTO "connectsTo" VALUES (848, 850);
INSERT INTO "connectsTo" VALUES (850, 851);
INSERT INTO "connectsTo" VALUES (851, 852);
INSERT INTO "connectsTo" VALUES (852, 853);
INSERT INTO "connectsTo" VALUES (853, 854);
INSERT INTO "connectsTo" VALUES (854, 856);
INSERT INTO "connectsTo" VALUES (856, 858);
INSERT INTO "connectsTo" VALUES (858, 859);
INSERT INTO "connectsTo" VALUES (859, 860);
INSERT INTO "connectsTo" VALUES (860, 861);
INSERT INTO "connectsTo" VALUES (861, 862);
INSERT INTO "connectsTo" VALUES (862, 864);
INSERT INTO "connectsTo" VALUES (864, 865);
INSERT INTO "connectsTo" VALUES (865, 866);
INSERT INTO "connectsTo" VALUES (866, 867);
INSERT INTO "connectsTo" VALUES (867, 868);
INSERT INTO "connectsTo" VALUES (868, 870);
INSERT INTO "connectsTo" VALUES (870, 872);
INSERT INTO "connectsTo" VALUES (872, 873);
INSERT INTO "connectsTo" VALUES (873, 874);
INSERT INTO "connectsTo" VALUES (874, 875);
INSERT INTO "connectsTo" VALUES (875, 876);
INSERT INTO "connectsTo" VALUES (876, 878);
INSERT INTO "connectsTo" VALUES (878, 879);
INSERT INTO "connectsTo" VALUES (879, 880);
INSERT INTO "connectsTo" VALUES (880, 881);
INSERT INTO "connectsTo" VALUES (881, 882);
INSERT INTO "connectsTo" VALUES (882, 884);
INSERT INTO "connectsTo" VALUES (884, 885);
INSERT INTO "connectsTo" VALUES (885, 886);
INSERT INTO "connectsTo" VALUES (886, 887);
INSERT INTO "connectsTo" VALUES (887, 888);
INSERT INTO "connectsTo" VALUES (888, 890);
INSERT INTO "connectsTo" VALUES (890, 891);
INSERT INTO "connectsTo" VALUES (891, 892);
INSERT INTO "connectsTo" VALUES (892, 893);
INSERT INTO "connectsTo" VALUES (893, 894);
INSERT INTO "connectsTo" VALUES (894, 896);
INSERT INTO "connectsTo" VALUES (896, 897);
INSERT INTO "connectsTo" VALUES (897, 898);
INSERT INTO "connectsTo" VALUES (898, 899);
INSERT INTO "connectsTo" VALUES (899, 900);
INSERT INTO "connectsTo" VALUES (900, 902);
INSERT INTO "connectsTo" VALUES (902, 903);
INSERT INTO "connectsTo" VALUES (903, 904);
INSERT INTO "connectsTo" VALUES (904, 905);
INSERT INTO "connectsTo" VALUES (905, 906);
INSERT INTO "connectsTo" VALUES (906, 908);
INSERT INTO "connectsTo" VALUES (908, 909);
INSERT INTO "connectsTo" VALUES (909, 910);
INSERT INTO "connectsTo" VALUES (910, 911);
INSERT INTO "connectsTo" VALUES (911, 912);
INSERT INTO "connectsTo" VALUES (512, 516);
INSERT INTO "Semaphore" ("id", "signal") VALUES (914, 2);
INSERT INTO "Route" ("id", "entry", "exit") VALUES (915, 514, 914);
INSERT INTO "TrackElement" ("id") VALUES (916);
INSERT INTO "Switch" ("id") VALUES (916);
INSERT INTO "Sensor" ("id") VALUES (917);
INSERT INTO "definedBy" VALUES (915, 917);
INSERT INTO "TrackElement" ("id") VALUES (918);
INSERT INTO "Segment" ("id", "length") VALUES (918, 46);
UPDATE "TrackElement" SET "sensor" = 917 WHERE "id" = 918;
INSERT INTO "TrackElement" ("id") VALUES (919);
INSERT INTO "Segment" ("id", "length") VALUES (919, 731);
UPDATE "TrackElement" SET "sensor" = 917 WHERE "id" = 919;
INSERT INTO "TrackElement" ("id") VALUES (920);
INSERT INTO "Segment" ("id", "length") VALUES (920, 916);
UPDATE "TrackElement" SET "sensor" = 917 WHERE "id" = 920;
INSERT INTO "TrackElement" ("id") VALUES (921);
INSERT INTO "Segment" ("id", "length") VALUES (921, 887);
UPDATE "TrackElement" SET "sensor" = 917 WHERE "id" = 921;
INSERT INTO "TrackElement" ("id") VALUES (922);
INSERT INTO "Segment" ("id", "length") VALUES (922, 424);
UPDATE "TrackElement" SET "sensor" = 917 WHERE "id" = 922;
INSERT INTO "Sensor" ("id") VALUES (923);
INSERT INTO "definedBy" VALUES (915, 923);
INSERT INTO "TrackElement" ("id") VALUES (924);
INSERT INTO "Segment" ("id", "length") VALUES (924, 283);
UPDATE "TrackElement" SET "sensor" = 923 WHERE "id" = 924;
INSERT INTO "TrackElement" ("id") VALUES (925);
INSERT INTO "Segment" ("id", "length") VALUES (925, 781);
UPDATE "TrackElement" SET "sensor" = 923 WHERE "id" = 925;
INSERT INTO "TrackElement" ("id") VALUES (926);
INSERT INTO "Segment" ("id", "length") VALUES (926, 850);
UPDATE "TrackElement" SET "sensor" = 923 WHERE "id" = 926;
INSERT INTO "TrackElement" ("id") VALUES (927);
INSERT INTO "Segment" ("id", "length") VALUES (927, 849);
UPDATE "TrackElement" SET "sensor" = 923 WHERE "id" = 927;
INSERT INTO "TrackElement" ("id") VALUES (928);
INSERT INTO "Segment" ("id", "length") VALUES (928, 70);
UPDATE "TrackElement" SET "sensor" = 923 WHERE "id" = 928;
INSERT INTO "Sensor" ("id") VALUES (929);
INSERT INTO "definedBy" VALUES (915, 929);
INSERT INTO "TrackElement" ("id") VALUES (930);
INSERT INTO "Segment" ("id", "length") VALUES (930, 124);
UPDATE "TrackElement" SET "sensor" = 929 WHERE "id" = 930;
INSERT INTO "TrackElement" ("id") VALUES (931);
INSERT INTO "Segment" ("id", "length") VALUES (931, 361);
UPDATE "TrackElement" SET "sensor" = 929 WHERE "id" = 931;
INSERT INTO "TrackElement" ("id") VALUES (932);
INSERT INTO "Segment" ("id", "length") VALUES (932, 796);
UPDATE "TrackElement" SET "sensor" = 929 WHERE "id" = 932;
INSERT INTO "TrackElement" ("id") VALUES (933);
INSERT INTO "Segment" ("id", "length") VALUES (933, 92);
UPDATE "TrackElement" SET "sensor" = 929 WHERE "id" = 933;
INSERT INTO "TrackElement" ("id") VALUES (934);
INSERT INTO "Segment" ("id", "length") VALUES (934, 343);
UPDATE "TrackElement" SET "sensor" = 929 WHERE "id" = 934;
INSERT INTO "Sensor" ("id") VALUES (935);
INSERT INTO "definedBy" VALUES (915, 935);
INSERT INTO "TrackElement" ("id") VALUES (936);
INSERT INTO "Segment" ("id", "length") VALUES (936, 954);
UPDATE "TrackElement" SET "sensor" = 935 WHERE "id" = 936;
INSERT INTO "TrackElement" ("id") VALUES (937);
INSERT INTO "Segment" ("id", "length") VALUES (937, 196);
UPDATE "TrackElement" SET "sensor" = 935 WHERE "id" = 937;
INSERT INTO "TrackElement" ("id") VALUES (938);
INSERT INTO "Segment" ("id", "length") VALUES (938, 704);
UPDATE "TrackElement" SET "sensor" = 935 WHERE "id" = 938;
INSERT INTO "TrackElement" ("id") VALUES (939);
INSERT INTO "Segment" ("id", "length") VALUES (939, 496);
UPDATE "TrackElement" SET "sensor" = 935 WHERE "id" = 939;
INSERT INTO "TrackElement" ("id") VALUES (940);
INSERT INTO "Segment" ("id", "length") VALUES (940, 115);
UPDATE "TrackElement" SET "sensor" = 935 WHERE "id" = 940;
INSERT INTO "Sensor" ("id") VALUES (941);
INSERT INTO "definedBy" VALUES (915, 941);
INSERT INTO "TrackElement" ("id") VALUES (942);
INSERT INTO "Segment" ("id", "length") VALUES (942, 490);
UPDATE "TrackElement" SET "sensor" = 941 WHERE "id" = 942;
INSERT INTO "TrackElement" ("id") VALUES (943);
INSERT INTO "Segment" ("id", "length") VALUES (943, 45);
UPDATE "TrackElement" SET "sensor" = 941 WHERE "id" = 943;
INSERT INTO "TrackElement" ("id") VALUES (944);
INSERT INTO "Segment" ("id", "length") VALUES (944, 503);
UPDATE "TrackElement" SET "sensor" = 941 WHERE "id" = 944;
INSERT INTO "TrackElement" ("id") VALUES (945);
INSERT INTO "Segment" ("id", "length") VALUES (945, 529);
UPDATE "TrackElement" SET "sensor" = 941 WHERE "id" = 945;
INSERT INTO "TrackElement" ("id") VALUES (946);
INSERT INTO "Segment" ("id", "length") VALUES (946, 719);
UPDATE "TrackElement" SET "sensor" = 941 WHERE "id" = 946;
INSERT INTO "Sensor" ("id") VALUES (947);
INSERT INTO "definedBy" VALUES (915, 947);
INSERT INTO "TrackElement" ("id") VALUES (948);
INSERT INTO "Segment" ("id", "length") VALUES (948, 988);
UPDATE "TrackElement" SET "sensor" = 947 WHERE "id" = 948;
INSERT INTO "TrackElement" ("id") VALUES (949);
INSERT INTO "Segment" ("id", "length") VALUES (949, 251);
UPDATE "TrackElement" SET "sensor" = 947 WHERE "id" = 949;
INSERT INTO "TrackElement" ("id") VALUES (950);
INSERT INTO "Segment" ("id", "length") VALUES (950, 224);
UPDATE "TrackElement" SET "sensor" = 947 WHERE "id" = 950;
INSERT INTO "TrackElement" ("id") VALUES (951);
INSERT INTO "Segment" ("id", "length") VALUES (951, 301);
UPDATE "TrackElement" SET "sensor" = 947 WHERE "id" = 951;
INSERT INTO "TrackElement" ("id") VALUES (952);
INSERT INTO "Segment" ("id", "length") VALUES (952, 743);
UPDATE "TrackElement" SET "sensor" = 947 WHERE "id" = 952;
UPDATE "TrackElement" SET "sensor" = 947 WHERE "id" = 916;
UPDATE "Switch" SET "currentPosition" = 3 WHERE "id" = 916;
INSERT INTO "SwitchPosition" ("id", "position", "switch", "follows") VALUES (953, 3, 916, 915);
INSERT INTO "TrackElement" ("id") VALUES (954);
INSERT INTO "Switch" ("id") VALUES (954);
INSERT INTO "Sensor" ("id") VALUES (955);
INSERT INTO "definedBy" VALUES (915, 955);
INSERT INTO "TrackElement" ("id") VALUES (956);
INSERT INTO "Segment" ("id", "length") VALUES (956, 804);
UPDATE "TrackElement" SET "sensor" = 955 WHERE "id" = 956;
INSERT INTO "TrackElement" ("id") VALUES (957);
INSERT INTO "Segment" ("id", "length") VALUES (957, 925);
UPDATE "TrackElement" SET "sensor" = 955 WHERE "id" = 957;
INSERT INTO "TrackElement" ("id") VALUES (958);
INSERT INTO "Segment" ("id", "length") VALUES (958, 764);
UPDATE "TrackElement" SET "sensor" = 955 WHERE "id" = 958;
INSERT INTO "TrackElement" ("id") VALUES (959);
INSERT INTO "Segment" ("id", "length") VALUES (959, 574);
UPDATE "TrackElement" SET "sensor" = 955 WHERE "id" = 959;
INSERT INTO "TrackElement" ("id") VALUES (960);
INSERT INTO "Segment" ("id", "length") VALUES (960, 41);
UPDATE "TrackElement" SET "sensor" = 955 WHERE "id" = 960;
INSERT INTO "Sensor" ("id") VALUES (961);
INSERT INTO "definedBy" VALUES (915, 961);
INSERT INTO "TrackElement" ("id") VALUES (962);
INSERT INTO "Segment" ("id", "length") VALUES (962, 821);
UPDATE "TrackElement" SET "sensor" = 961 WHERE "id" = 962;
INSERT INTO "TrackElement" ("id") VALUES (963);
INSERT INTO "Segment" ("id", "length") VALUES (963, 44);
UPDATE "TrackElement" SET "sensor" = 961 WHERE "id" = 963;
INSERT INTO "TrackElement" ("id") VALUES (964);
INSERT INTO "Segment" ("id", "length") VALUES (964, 327);
UPDATE "TrackElement" SET "sensor" = 961 WHERE "id" = 964;
INSERT INTO "TrackElement" ("id") VALUES (965);
INSERT INTO "Segment" ("id", "length") VALUES (965, 12);
UPDATE "TrackElement" SET "sensor" = 961 WHERE "id" = 965;
INSERT INTO "TrackElement" ("id") VALUES (966);
INSERT INTO "Segment" ("id", "length") VALUES (966, 459);
UPDATE "TrackElement" SET "sensor" = 961 WHERE "id" = 966;
INSERT INTO "Sensor" ("id") VALUES (967);
INSERT INTO "definedBy" VALUES (915, 967);
INSERT INTO "TrackElement" ("id") VALUES (968);
INSERT INTO "Segment" ("id", "length") VALUES (968, 488);
UPDATE "TrackElement" SET "sensor" = 967 WHERE "id" = 968;
INSERT INTO "TrackElement" ("id") VALUES (969);
INSERT INTO "Segment" ("id", "length") VALUES (969, 894);
UPDATE "TrackElement" SET "sensor" = 967 WHERE "id" = 969;
INSERT INTO "TrackElement" ("id") VALUES (970);
INSERT INTO "Segment" ("id", "length") VALUES (970, 691);
UPDATE "TrackElement" SET "sensor" = 967 WHERE "id" = 970;
INSERT INTO "TrackElement" ("id") VALUES (971);
INSERT INTO "Segment" ("id", "length") VALUES (971, 546);
UPDATE "TrackElement" SET "sensor" = 967 WHERE "id" = 971;
INSERT INTO "TrackElement" ("id") VALUES (972);
INSERT INTO "Segment" ("id", "length") VALUES (972, 610);
UPDATE "TrackElement" SET "sensor" = 967 WHERE "id" = 972;
INSERT INTO "Sensor" ("id") VALUES (973);
INSERT INTO "definedBy" VALUES (915, 973);
INSERT INTO "TrackElement" ("id") VALUES (974);
INSERT INTO "Segment" ("id", "length") VALUES (974, 234);
UPDATE "TrackElement" SET "sensor" = 973 WHERE "id" = 974;
INSERT INTO "TrackElement" ("id") VALUES (975);
INSERT INTO "Segment" ("id", "length") VALUES (975, 951);
UPDATE "TrackElement" SET "sensor" = 973 WHERE "id" = 975;
INSERT INTO "TrackElement" ("id") VALUES (976);
INSERT INTO "Segment" ("id", "length") VALUES (976, 553);
UPDATE "TrackElement" SET "sensor" = 973 WHERE "id" = 976;
INSERT INTO "TrackElement" ("id") VALUES (977);
INSERT INTO "Segment" ("id", "length") VALUES (977, 303);
UPDATE "TrackElement" SET "sensor" = 973 WHERE "id" = 977;
INSERT INTO "TrackElement" ("id") VALUES (978);
INSERT INTO "Segment" ("id", "length") VALUES (978, 208);
UPDATE "TrackElement" SET "sensor" = 973 WHERE "id" = 978;
INSERT INTO "Sensor" ("id") VALUES (979);
INSERT INTO "definedBy" VALUES (915, 979);
INSERT INTO "TrackElement" ("id") VALUES (980);
INSERT INTO "Segment" ("id", "length") VALUES (980, 672);
UPDATE "TrackElement" SET "sensor" = 979 WHERE "id" = 980;
INSERT INTO "TrackElement" ("id") VALUES (981);
INSERT INTO "Segment" ("id", "length") VALUES (981, 340);
UPDATE "TrackElement" SET "sensor" = 979 WHERE "id" = 981;
INSERT INTO "TrackElement" ("id") VALUES (982);
INSERT INTO "Segment" ("id", "length") VALUES (982, 366);
UPDATE "TrackElement" SET "sensor" = 979 WHERE "id" = 982;
INSERT INTO "TrackElement" ("id") VALUES (983);
INSERT INTO "Segment" ("id", "length") VALUES (983, 128);
UPDATE "TrackElement" SET "sensor" = 979 WHERE "id" = 983;
INSERT INTO "TrackElement" ("id") VALUES (984);
INSERT INTO "Segment" ("id", "length") VALUES (984, 833);
UPDATE "TrackElement" SET "sensor" = 979 WHERE "id" = 984;
INSERT INTO "Sensor" ("id") VALUES (985);
INSERT INTO "definedBy" VALUES (915, 985);
INSERT INTO "TrackElement" ("id") VALUES (986);
INSERT INTO "Segment" ("id", "length") VALUES (986, 871);
UPDATE "TrackElement" SET "sensor" = 985 WHERE "id" = 986;
INSERT INTO "TrackElement" ("id") VALUES (987);
INSERT INTO "Segment" ("id", "length") VALUES (987, 878);
UPDATE "TrackElement" SET "sensor" = 985 WHERE "id" = 987;
INSERT INTO "TrackElement" ("id") VALUES (988);
INSERT INTO "Segment" ("id", "length") VALUES (988, 535);
UPDATE "TrackElement" SET "sensor" = 985 WHERE "id" = 988;
INSERT INTO "TrackElement" ("id") VALUES (989);
INSERT INTO "Segment" ("id", "length") VALUES (989, 381);
UPDATE "TrackElement" SET "sensor" = 985 WHERE "id" = 989;
INSERT INTO "TrackElement" ("id") VALUES (990);
INSERT INTO "Segment" ("id", "length") VALUES (990, 890);
UPDATE "TrackElement" SET "sensor" = 985 WHERE "id" = 990;
INSERT INTO "Sensor" ("id") VALUES (991);
INSERT INTO "definedBy" VALUES (915, 991);
INSERT INTO "TrackElement" ("id") VALUES (992);
INSERT INTO "Segment" ("id", "length") VALUES (992, 963);
UPDATE "TrackElement" SET "sensor" = 991 WHERE "id" = 992;
INSERT INTO "TrackElement" ("id") VALUES (993);
INSERT INTO "Segment" ("id", "length") VALUES (993, 313);
UPDATE "TrackElement" SET "sensor" = 991 WHERE "id" = 993;
INSERT INTO "TrackElement" ("id") VALUES (994);
INSERT INTO "Segment" ("id", "length") VALUES (994, 917);
UPDATE "TrackElement" SET "sensor" = 991 WHERE "id" = 994;
INSERT INTO "TrackElement" ("id") VALUES (995);
INSERT INTO "Segment" ("id", "length") VALUES (995, 941);
UPDATE "TrackElement" SET "sensor" = 991 WHERE "id" = 995;
INSERT INTO "TrackElement" ("id") VALUES (996);
INSERT INTO "Segment" ("id", "length") VALUES (996, 60);
UPDATE "TrackElement" SET "sensor" = 991 WHERE "id" = 996;
INSERT INTO "Sensor" ("id") VALUES (997);
INSERT INTO "definedBy" VALUES (915, 997);
INSERT INTO "TrackElement" ("id") VALUES (998);
INSERT INTO "Segment" ("id", "length") VALUES (998, 667);
UPDATE "TrackElement" SET "sensor" = 997 WHERE "id" = 998;
INSERT INTO "TrackElement" ("id") VALUES (999);
INSERT INTO "Segment" ("id", "length") VALUES (999, 589);
UPDATE "TrackElement" SET "sensor" = 997 WHERE "id" = 999;
INSERT INTO "TrackElement" ("id") VALUES (1000);
INSERT INTO "Segment" ("id", "length") VALUES (1000, 829);
UPDATE "TrackElement" SET "sensor" = 997 WHERE "id" = 1000;
INSERT INTO "TrackElement" ("id") VALUES (1001);
INSERT INTO "Segment" ("id", "length") VALUES (1001, 99);
UPDATE "TrackElement" SET "sensor" = 997 WHERE "id" = 1001;
INSERT INTO "TrackElement" ("id") VALUES (1002);
INSERT INTO "Segment" ("id", "length") VALUES (1002, 175);
UPDATE "TrackElement" SET "sensor" = 997 WHERE "id" = 1002;
UPDATE "TrackElement" SET "sensor" = 997 WHERE "id" = 954;
UPDATE "Switch" SET "currentPosition" = 0 WHERE "id" = 954;
INSERT INTO "SwitchPosition" ("id", "position", "switch", "follows") VALUES (1003, 0, 954, 915);
INSERT INTO "connectsTo" VALUES (916, 918);
INSERT INTO "connectsTo" VALUES (918, 919);
INSERT INTO "connectsTo" VALUES (919, 920);
INSERT INTO "connectsTo" VALUES (920, 921);
INSERT INTO "connectsTo" VALUES (921, 922);
INSERT INTO "connectsTo" VALUES (922, 924);
INSERT INTO "connectsTo" VALUES (924, 925);
INSERT INTO "connectsTo" VALUES (925, 926);
INSERT INTO "connectsTo" VALUES (926, 927);
INSERT INTO "connectsTo" VALUES (927, 928);
INSERT INTO "connectsTo" VALUES (928, 930);
INSERT INTO "connectsTo" VALUES (930, 931);
INSERT INTO "connectsTo" VALUES (931, 932);
INSERT INTO "connectsTo" VALUES (932, 933);
INSERT INTO "connectsTo" VALUES (933, 934);
INSERT INTO "connectsTo" VALUES (934, 936);
INSERT INTO "connectsTo" VALUES (936, 937);
INSERT INTO "connectsTo" VALUES (937, 938);
INSERT INTO "connectsTo" VALUES (938, 939);
INSERT INTO "connectsTo" VALUES (939, 940);
INSERT INTO "connectsTo" VALUES (940, 942);
INSERT INTO "connectsTo" VALUES (942, 943);
INSERT INTO "connectsTo" VALUES (943, 944);
INSERT INTO "connectsTo" VALUES (944, 945);
INSERT INTO "connectsTo" VALUES (945, 946);
INSERT INTO "connectsTo" VALUES (946, 948);
INSERT INTO "connectsTo" VALUES (948, 949);
INSERT INTO "connectsTo" VALUES (949, 950);
INSERT INTO "connectsTo" VALUES (950, 951);
INSERT INTO "connectsTo" VALUES (951, 952);
INSERT INTO "connectsTo" VALUES (952, 954);
INSERT INTO "connectsTo" VALUES (954, 956);
INSERT INTO "connectsTo" VALUES (956, 957);
INSERT INTO "connectsTo" VALUES (957, 958);
INSERT INTO "connectsTo" VALUES (958, 959);
INSERT INTO "connectsTo" VALUES (959, 960);
INSERT INTO "connectsTo" VALUES (960, 962);
INSERT INTO "connectsTo" VALUES (962, 963);
INSERT INTO "connectsTo" VALUES (963, 964);
INSERT INTO "connectsTo" VALUES (964, 965);
INSERT INTO "connectsTo" VALUES (965, 966);
INSERT INTO "connectsTo" VALUES (966, 968);
INSERT INTO "connectsTo" VALUES (968, 969);
INSERT INTO "connectsTo" VALUES (969, 970);
INSERT INTO "connectsTo" VALUES (970, 971);
INSERT INTO "connectsTo" VALUES (971, 972);
INSERT INTO "connectsTo" VALUES (972, 974);
INSERT INTO "connectsTo" VALUES (974, 975);
INSERT INTO "connectsTo" VALUES (975, 976);
INSERT INTO "connectsTo" VALUES (976, 977);
INSERT INTO "connectsTo" VALUES (977, 978);
INSERT INTO "connectsTo" VALUES (978, 980);
INSERT INTO "connectsTo" VALUES (980, 981);
INSERT INTO "connectsTo" VALUES (981, 982);
INSERT INTO "connectsTo" VALUES (982, 983);
INSERT INTO "connectsTo" VALUES (983, 984);
INSERT INTO "connectsTo" VALUES (984, 986);
INSERT INTO "connectsTo" VALUES (986, 987);
INSERT INTO "connectsTo" VALUES (987, 988);
INSERT INTO "connectsTo" VALUES (988, 989);
INSERT INTO "connectsTo" VALUES (989, 990);
INSERT INTO "connectsTo" VALUES (990, 992);
INSERT INTO "connectsTo" VALUES (992, 993);
INSERT INTO "connectsTo" VALUES (993, 994);
INSERT INTO "connectsTo" VALUES (994, 995);
INSERT INTO "connectsTo" VALUES (995, 996);
INSERT INTO "connectsTo" VALUES (996, 998);
INSERT INTO "connectsTo" VALUES (998, 999);
INSERT INTO "connectsTo" VALUES (999, 1000);
INSERT INTO "connectsTo" VALUES (1000, 1001);
INSERT INTO "connectsTo" VALUES (1001, 1002);
INSERT INTO "connectsTo" VALUES (912, 916);
INSERT INTO "Route" ("id", "entry", "exit") VALUES (1004, 914, 1);
INSERT INTO "TrackElement" ("id") VALUES (1005);
INSERT INTO "Switch" ("id") VALUES (1005);
INSERT INTO "Sensor" ("id") VALUES (1006);
INSERT INTO "definedBy" VALUES (1004, 1006);
INSERT INTO "TrackElement" ("id") VALUES (1007);
INSERT INTO "Segment" ("id", "length") VALUES (1007, 2);
UPDATE "TrackElement" SET "sensor" = 1006 WHERE "id" = 1007;
INSERT INTO "TrackElement" ("id") VALUES (1008);
INSERT INTO "Segment" ("id", "length") VALUES (1008, 186);
UPDATE "TrackElement" SET "sensor" = 1006 WHERE "id" = 1008;
INSERT INTO "TrackElement" ("id") VALUES (1009);
INSERT INTO "Segment" ("id", "length") VALUES (1009, 560);
UPDATE "TrackElement" SET "sensor" = 1006 WHERE "id" = 1009;
INSERT INTO "TrackElement" ("id") VALUES (1010);
INSERT INTO "Segment" ("id", "length") VALUES (1010, 801);
UPDATE "TrackElement" SET "sensor" = 1006 WHERE "id" = 1010;
INSERT INTO "TrackElement" ("id") VALUES (1011);
INSERT INTO "Segment" ("id", "length") VALUES (1011, 257);
UPDATE "TrackElement" SET "sensor" = 1006 WHERE "id" = 1011;
INSERT INTO "Sensor" ("id") VALUES (1012);
INSERT INTO "definedBy" VALUES (1004, 1012);
INSERT INTO "TrackElement" ("id") VALUES (1013);
INSERT INTO "Segment" ("id", "length") VALUES (1013, 131);
UPDATE "TrackElement" SET "sensor" = 1012 WHERE "id" = 1013;
INSERT INTO "TrackElement" ("id") VALUES (1014);
INSERT INTO "Segment" ("id", "length") VALUES (1014, 320);
UPDATE "TrackElement" SET "sensor" = 1012 WHERE "id" = 1014;
INSERT INTO "TrackElement" ("id") VALUES (1015);
INSERT INTO "Segment" ("id", "length") VALUES (1015, 188);
UPDATE "TrackElement" SET "sensor" = 1012 WHERE "id" = 1015;
INSERT INTO "TrackElement" ("id") VALUES (1016);
INSERT INTO "Segment" ("id", "length") VALUES (1016, 832);
UPDATE "TrackElement" SET "sensor" = 1012 WHERE "id" = 1016;
INSERT INTO "TrackElement" ("id") VALUES (1017);
INSERT INTO "Segment" ("id", "length") VALUES (1017, 250);
UPDATE "TrackElement" SET "sensor" = 1012 WHERE "id" = 1017;
INSERT INTO "Sensor" ("id") VALUES (1018);
INSERT INTO "definedBy" VALUES (1004, 1018);
INSERT INTO "TrackElement" ("id") VALUES (1019);
INSERT INTO "Segment" ("id", "length") VALUES (1019, 63);
UPDATE "TrackElement" SET "sensor" = 1018 WHERE "id" = 1019;
INSERT INTO "TrackElement" ("id") VALUES (1020);
INSERT INTO "Segment" ("id", "length") VALUES (1020, 653);
UPDATE "TrackElement" SET "sensor" = 1018 WHERE "id" = 1020;
INSERT INTO "TrackElement" ("id") VALUES (1021);
INSERT INTO "Segment" ("id", "length") VALUES (1021, 323);
UPDATE "TrackElement" SET "sensor" = 1018 WHERE "id" = 1021;
INSERT INTO "TrackElement" ("id") VALUES (1022);
INSERT INTO "Segment" ("id", "length") VALUES (1022, 172);
UPDATE "TrackElement" SET "sensor" = 1018 WHERE "id" = 1022;
INSERT INTO "TrackElement" ("id") VALUES (1023);
INSERT INTO "Segment" ("id", "length") VALUES (1023, 756);
UPDATE "TrackElement" SET "sensor" = 1018 WHERE "id" = 1023;
INSERT INTO "Sensor" ("id") VALUES (1024);
INSERT INTO "definedBy" VALUES (1004, 1024);
INSERT INTO "TrackElement" ("id") VALUES (1025);
INSERT INTO "Segment" ("id", "length") VALUES (1025, 360);
UPDATE "TrackElement" SET "sensor" = 1024 WHERE "id" = 1025;
INSERT INTO "TrackElement" ("id") VALUES (1026);
INSERT INTO "Segment" ("id", "length") VALUES (1026, 430);
UPDATE "TrackElement" SET "sensor" = 1024 WHERE "id" = 1026;
INSERT INTO "TrackElement" ("id") VALUES (1027);
INSERT INTO "Segment" ("id", "length") VALUES (1027, 915);
UPDATE "TrackElement" SET "sensor" = 1024 WHERE "id" = 1027;
INSERT INTO "TrackElement" ("id") VALUES (1028);
INSERT INTO "Segment" ("id", "length") VALUES (1028, 51);
UPDATE "TrackElement" SET "sensor" = 1024 WHERE "id" = 1028;
INSERT INTO "TrackElement" ("id") VALUES (1029);
INSERT INTO "Segment" ("id", "length") VALUES (1029, 676);
UPDATE "TrackElement" SET "sensor" = 1024 WHERE "id" = 1029;
INSERT INTO "Sensor" ("id") VALUES (1030);
INSERT INTO "definedBy" VALUES (1004, 1030);
INSERT INTO "TrackElement" ("id") VALUES (1031);
INSERT INTO "Segment" ("id", "length") VALUES (1031, 649);
UPDATE "TrackElement" SET "sensor" = 1030 WHERE "id" = 1031;
INSERT INTO "TrackElement" ("id") VALUES (1032);
INSERT INTO "Segment" ("id", "length") VALUES (1032, 135);
UPDATE "TrackElement" SET "sensor" = 1030 WHERE "id" = 1032;
INSERT INTO "TrackElement" ("id") VALUES (1033);
INSERT INTO "Segment" ("id", "length") VALUES (1033, 267);
UPDATE "TrackElement" SET "sensor" = 1030 WHERE "id" = 1033;
INSERT INTO "TrackElement" ("id") VALUES (1034);
INSERT INTO "Segment" ("id", "length") VALUES (1034, 771);
UPDATE "TrackElement" SET "sensor" = 1030 WHERE "id" = 1034;
INSERT INTO "TrackElement" ("id") VALUES (1035);
INSERT INTO "Segment" ("id", "length") VALUES (1035, 261);
UPDATE "TrackElement" SET "sensor" = 1030 WHERE "id" = 1035;
INSERT INTO "Sensor" ("id") VALUES (1036);
INSERT INTO "definedBy" VALUES (1004, 1036);
INSERT INTO "TrackElement" ("id") VALUES (1037);
INSERT INTO "Segment" ("id", "length") VALUES (1037, 14);
UPDATE "TrackElement" SET "sensor" = 1036 WHERE "id" = 1037;
INSERT INTO "TrackElement" ("id") VALUES (1038);
INSERT INTO "Segment" ("id", "length") VALUES (1038, 406);
UPDATE "TrackElement" SET "sensor" = 1036 WHERE "id" = 1038;
INSERT INTO "TrackElement" ("id") VALUES (1039);
INSERT INTO "Segment" ("id", "length") VALUES (1039, 918);
UPDATE "TrackElement" SET "sensor" = 1036 WHERE "id" = 1039;
INSERT INTO "TrackElement" ("id") VALUES (1040);
INSERT INTO "Segment" ("id", "length") VALUES (1040, 185);
UPDATE "TrackElement" SET "sensor" = 1036 WHERE "id" = 1040;
INSERT INTO "TrackElement" ("id") VALUES (1041);
INSERT INTO "Segment" ("id", "length") VALUES (1041, 525);
UPDATE "TrackElement" SET "sensor" = 1036 WHERE "id" = 1041;
UPDATE "TrackElement" SET "sensor" = 1036 WHERE "id" = 1005;
UPDATE "Switch" SET "currentPosition" = 2 WHERE "id" = 1005;
INSERT INTO "SwitchPosition" ("id", "position", "switch", "follows") VALUES (1042, 2, 1005, 1004);
INSERT INTO "TrackElement" ("id") VALUES (1043);
INSERT INTO "Switch" ("id") VALUES (1043);
INSERT INTO "Sensor" ("id") VALUES (1044);
INSERT INTO "definedBy" VALUES (1004, 1044);
INSERT INTO "TrackElement" ("id") VALUES (1045);
INSERT INTO "Segment" ("id", "length") VALUES (1045, 898);
UPDATE "TrackElement" SET "sensor" = 1044 WHERE "id" = 1045;
INSERT INTO "TrackElement" ("id") VALUES (1046);
INSERT INTO "Segment" ("id", "length") VALUES (1046, 526);
UPDATE "TrackElement" SET "sensor" = 1044 WHERE "id" = 1046;
INSERT INTO "TrackElement" ("id") VALUES (1047);
INSERT INTO "Segment" ("id", "length") VALUES (1047, 489);
UPDATE "TrackElement" SET "sensor" = 1044 WHERE "id" = 1047;
INSERT INTO "TrackElement" ("id") VALUES (1048);
INSERT INTO "Segment" ("id", "length") VALUES (1048, 653);
UPDATE "TrackElement" SET "sensor" = 1044 WHERE "id" = 1048;
INSERT INTO "TrackElement" ("id") VALUES (1049);
INSERT INTO "Segment" ("id", "length") VALUES (1049, 412);
UPDATE "TrackElement" SET "sensor" = 1044 WHERE "id" = 1049;
INSERT INTO "Sensor" ("id") VALUES (1050);
INSERT INTO "definedBy" VALUES (1004, 1050);
INSERT INTO "TrackElement" ("id") VALUES (1051);
INSERT INTO "Segment" ("id", "length") VALUES (1051, 606);
UPDATE "TrackElement" SET "sensor" = 1050 WHERE "id" = 1051;
INSERT INTO "TrackElement" ("id") VALUES (1052);
INSERT INTO "Segment" ("id", "length") VALUES (1052, 980);
UPDATE "TrackElement" SET "sensor" = 1050 WHERE "id" = 1052;
INSERT INTO "TrackElement" ("id") VALUES (1053);
INSERT INTO "Segment" ("id", "length") VALUES (1053, 913);
UPDATE "TrackElement" SET "sensor" = 1050 WHERE "id" = 1053;
INSERT INTO "TrackElement" ("id") VALUES (1054);
INSERT INTO "Segment" ("id", "length") VALUES (1054, 282);
UPDATE "TrackElement" SET "sensor" = 1050 WHERE "id" = 1054;
INSERT INTO "TrackElement" ("id") VALUES (1055);
INSERT INTO "Segment" ("id", "length") VALUES (1055, 548);
UPDATE "TrackElement" SET "sensor" = 1050 WHERE "id" = 1055;
INSERT INTO "Sensor" ("id") VALUES (1056);
INSERT INTO "definedBy" VALUES (1004, 1056);
INSERT INTO "TrackElement" ("id") VALUES (1057);
INSERT INTO "Segment" ("id", "length") VALUES (1057, 890);
UPDATE "TrackElement" SET "sensor" = 1056 WHERE "id" = 1057;
INSERT INTO "TrackElement" ("id") VALUES (1058);
INSERT INTO "Segment" ("id", "length") VALUES (1058, 599);
UPDATE "TrackElement" SET "sensor" = 1056 WHERE "id" = 1058;
INSERT INTO "TrackElement" ("id") VALUES (1059);
INSERT INTO "Segment" ("id", "length") VALUES (1059, 470);
UPDATE "TrackElement" SET "sensor" = 1056 WHERE "id" = 1059;
INSERT INTO "TrackElement" ("id") VALUES (1060);
INSERT INTO "Segment" ("id", "length") VALUES (1060, 188);
UPDATE "TrackElement" SET "sensor" = 1056 WHERE "id" = 1060;
INSERT INTO "TrackElement" ("id") VALUES (1061);
INSERT INTO "Segment" ("id", "length") VALUES (1061, 66);
UPDATE "TrackElement" SET "sensor" = 1056 WHERE "id" = 1061;
UPDATE "TrackElement" SET "sensor" = 1056 WHERE "id" = 1043;
UPDATE "Switch" SET "currentPosition" = 3 WHERE "id" = 1043;
INSERT INTO "SwitchPosition" ("id", "position", "switch", "follows") VALUES (1062, 3, 1043, 1004);
INSERT INTO "TrackElement" ("id") VALUES (1063);
INSERT INTO "Switch" ("id") VALUES (1063);
INSERT INTO "Sensor" ("id") VALUES (1064);
INSERT INTO "definedBy" VALUES (1004, 1064);
INSERT INTO "TrackElement" ("id") VALUES (1065);
INSERT INTO "Segment" ("id", "length") VALUES (1065, 423);
UPDATE "TrackElement" SET "sensor" = 1064 WHERE "id" = 1065;
INSERT INTO "TrackElement" ("id") VALUES (1066);
INSERT INTO "Segment" ("id", "length") VALUES (1066, 463);
UPDATE "TrackElement" SET "sensor" = 1064 WHERE "id" = 1066;
INSERT INTO "TrackElement" ("id") VALUES (1067);
INSERT INTO "Segment" ("id", "length") VALUES (1067, 734);
UPDATE "TrackElement" SET "sensor" = 1064 WHERE "id" = 1067;
INSERT INTO "TrackElement" ("id") VALUES (1068);
INSERT INTO "Segment" ("id", "length") VALUES (1068, 921);
UPDATE "TrackElement" SET "sensor" = 1064 WHERE "id" = 1068;
INSERT INTO "TrackElement" ("id") VALUES (1069);
INSERT INTO "Segment" ("id", "length") VALUES (1069, 527);
UPDATE "TrackElement" SET "sensor" = 1064 WHERE "id" = 1069;
INSERT INTO "Sensor" ("id") VALUES (1070);
INSERT INTO "definedBy" VALUES (1004, 1070);
INSERT INTO "TrackElement" ("id") VALUES (1071);
INSERT INTO "Segment" ("id", "length") VALUES (1071, 939);
UPDATE "TrackElement" SET "sensor" = 1070 WHERE "id" = 1071;
INSERT INTO "TrackElement" ("id") VALUES (1072);
INSERT INTO "Segment" ("id", "length") VALUES (1072, 950);
UPDATE "TrackElement" SET "sensor" = 1070 WHERE "id" = 1072;
INSERT INTO "TrackElement" ("id") VALUES (1073);
INSERT INTO "Segment" ("id", "length") VALUES (1073, 436);
UPDATE "TrackElement" SET "sensor" = 1070 WHERE "id" = 1073;
INSERT INTO "TrackElement" ("id") VALUES (1074);
INSERT INTO "Segment" ("id", "length") VALUES (1074, 11);
UPDATE "TrackElement" SET "sensor" = 1070 WHERE "id" = 1074;
INSERT INTO "TrackElement" ("id") VALUES (1075);
INSERT INTO "Segment" ("id", "length") VALUES (1075, 935);
UPDATE "TrackElement" SET "sensor" = 1070 WHERE "id" = 1075;
INSERT INTO "Sensor" ("id") VALUES (1076);
INSERT INTO "definedBy" VALUES (1004, 1076);
INSERT INTO "TrackElement" ("id") VALUES (1077);
INSERT INTO "Segment" ("id", "length") VALUES (1077, 760);
UPDATE "TrackElement" SET "sensor" = 1076 WHERE "id" = 1077;
INSERT INTO "TrackElement" ("id") VALUES (1078);
INSERT INTO "Segment" ("id", "length") VALUES (1078, 488);
UPDATE "TrackElement" SET "sensor" = 1076 WHERE "id" = 1078;
INSERT INTO "TrackElement" ("id") VALUES (1079);
INSERT INTO "Segment" ("id", "length") VALUES (1079, 912);
UPDATE "TrackElement" SET "sensor" = 1076 WHERE "id" = 1079;
INSERT INTO "TrackElement" ("id") VALUES (1080);
INSERT INTO "Segment" ("id", "length") VALUES (1080, 945);
UPDATE "TrackElement" SET "sensor" = 1076 WHERE "id" = 1080;
INSERT INTO "TrackElement" ("id") VALUES (1081);
INSERT INTO "Segment" ("id", "length") VALUES (1081, 601);
UPDATE "TrackElement" SET "sensor" = 1076 WHERE "id" = 1081;
INSERT INTO "Sensor" ("id") VALUES (1082);
INSERT INTO "definedBy" VALUES (1004, 1082);
INSERT INTO "TrackElement" ("id") VALUES (1083);
INSERT INTO "Segment" ("id", "length") VALUES (1083, 90);
UPDATE "TrackElement" SET "sensor" = 1082 WHERE "id" = 1083;
INSERT INTO "TrackElement" ("id") VALUES (1084);
INSERT INTO "Segment" ("id", "length") VALUES (1084, 974);
UPDATE "TrackElement" SET "sensor" = 1082 WHERE "id" = 1084;
INSERT INTO "TrackElement" ("id") VALUES (1085);
INSERT INTO "Segment" ("id", "length") VALUES (1085, 205);
UPDATE "TrackElement" SET "sensor" = 1082 WHERE "id" = 1085;
INSERT INTO "TrackElement" ("id") VALUES (1086);
INSERT INTO "Segment" ("id", "length") VALUES (1086, 692);
UPDATE "TrackElement" SET "sensor" = 1082 WHERE "id" = 1086;
INSERT INTO "TrackElement" ("id") VALUES (1087);
INSERT INTO "Segment" ("id", "length") VALUES (1087, 350);
UPDATE "TrackElement" SET "sensor" = 1082 WHERE "id" = 1087;
INSERT INTO "Sensor" ("id") VALUES (1088);
INSERT INTO "definedBy" VALUES (1004, 1088);
INSERT INTO "TrackElement" ("id") VALUES (1089);
INSERT INTO "Segment" ("id", "length") VALUES (1089, 7);
UPDATE "TrackElement" SET "sensor" = 1088 WHERE "id" = 1089;
INSERT INTO "TrackElement" ("id") VALUES (1090);
INSERT INTO "Segment" ("id", "length") VALUES (1090, 536);
UPDATE "TrackElement" SET "sensor" = 1088 WHERE "id" = 1090;
INSERT INTO "TrackElement" ("id") VALUES (1091);
INSERT INTO "Segment" ("id", "length") VALUES (1091, 502);
UPDATE "TrackElement" SET "sensor" = 1088 WHERE "id" = 1091;
INSERT INTO "TrackElement" ("id") VALUES (1092);
INSERT INTO "Segment" ("id", "length") VALUES (1092, 791);
UPDATE "TrackElement" SET "sensor" = 1088 WHERE "id" = 1092;
INSERT INTO "TrackElement" ("id") VALUES (1093);
INSERT INTO "Segment" ("id", "length") VALUES (1093, 688);
UPDATE "TrackElement" SET "sensor" = 1088 WHERE "id" = 1093;
INSERT INTO "Sensor" ("id") VALUES (1094);
INSERT INTO "definedBy" VALUES (1004, 1094);
INSERT INTO "TrackElement" ("id") VALUES (1095);
INSERT INTO "Segment" ("id", "length") VALUES (1095, 878);
UPDATE "TrackElement" SET "sensor" = 1094 WHERE "id" = 1095;
INSERT INTO "TrackElement" ("id") VALUES (1096);
INSERT INTO "Segment" ("id", "length") VALUES (1096, 190);
UPDATE "TrackElement" SET "sensor" = 1094 WHERE "id" = 1096;
INSERT INTO "TrackElement" ("id") VALUES (1097);
INSERT INTO "Segment" ("id", "length") VALUES (1097, 214);
UPDATE "TrackElement" SET "sensor" = 1094 WHERE "id" = 1097;
INSERT INTO "TrackElement" ("id") VALUES (1098);
INSERT INTO "Segment" ("id", "length") VALUES (1098, 867);
UPDATE "TrackElement" SET "sensor" = 1094 WHERE "id" = 1098;
INSERT INTO "TrackElement" ("id") VALUES (1099);
INSERT INTO "Segment" ("id", "length") VALUES (1099, 213);
UPDATE "TrackElement" SET "sensor" = 1094 WHERE "id" = 1099;
INSERT INTO "Sensor" ("id") VALUES (1100);
INSERT INTO "definedBy" VALUES (1004, 1100);
INSERT INTO "TrackElement" ("id") VALUES (1101);
INSERT INTO "Segment" ("id", "length") VALUES (1101, 127);
UPDATE "TrackElement" SET "sensor" = 1100 WHERE "id" = 1101;
INSERT INTO "TrackElement" ("id") VALUES (1102);
INSERT INTO "Segment" ("id", "length") VALUES (1102, 547);
UPDATE "TrackElement" SET "sensor" = 1100 WHERE "id" = 1102;
INSERT INTO "TrackElement" ("id") VALUES (1103);
INSERT INTO "Segment" ("id", "length") VALUES (1103, 857);
UPDATE "TrackElement" SET "sensor" = 1100 WHERE "id" = 1103;
INSERT INTO "TrackElement" ("id") VALUES (1104);
INSERT INTO "Segment" ("id", "length") VALUES (1104, 393);
UPDATE "TrackElement" SET "sensor" = 1100 WHERE "id" = 1104;
INSERT INTO "TrackElement" ("id") VALUES (1105);
INSERT INTO "Segment" ("id", "length") VALUES (1105, 862);
UPDATE "TrackElement" SET "sensor" = 1100 WHERE "id" = 1105;
INSERT INTO "Sensor" ("id") VALUES (1106);
INSERT INTO "definedBy" VALUES (1004, 1106);
INSERT INTO "TrackElement" ("id") VALUES (1107);
INSERT INTO "Segment" ("id", "length") VALUES (1107, 54);
UPDATE "TrackElement" SET "sensor" = 1106 WHERE "id" = 1107;
INSERT INTO "TrackElement" ("id") VALUES (1108);
INSERT INTO "Segment" ("id", "length") VALUES (1108, 364);
UPDATE "TrackElement" SET "sensor" = 1106 WHERE "id" = 1108;
INSERT INTO "TrackElement" ("id") VALUES (1109);
INSERT INTO "Segment" ("id", "length") VALUES (1109, 773);
UPDATE "TrackElement" SET "sensor" = 1106 WHERE "id" = 1109;
INSERT INTO "TrackElement" ("id") VALUES (1110);
INSERT INTO "Segment" ("id", "length") VALUES (1110, 271);
UPDATE "TrackElement" SET "sensor" = 1106 WHERE "id" = 1110;
INSERT INTO "TrackElement" ("id") VALUES (1111);
INSERT INTO "Segment" ("id", "length") VALUES (1111, 847);
UPDATE "TrackElement" SET "sensor" = 1106 WHERE "id" = 1111;
UPDATE "TrackElement" SET "sensor" = 1106 WHERE "id" = 1063;
UPDATE "Switch" SET "currentPosition" = 3 WHERE "id" = 1063;
INSERT INTO "SwitchPosition" ("id", "position", "switch", "follows") VALUES (1112, 3, 1063, 1004);
INSERT INTO "TrackElement" ("id") VALUES (1113);
INSERT INTO "Switch" ("id") VALUES (1113);
INSERT INTO "Sensor" ("id") VALUES (1114);
INSERT INTO "definedBy" VALUES (1004, 1114);
INSERT INTO "TrackElement" ("id") VALUES (1115);
INSERT INTO "Segment" ("id", "length") VALUES (1115, 267);
UPDATE "TrackElement" SET "sensor" = 1114 WHERE "id" = 1115;
INSERT INTO "TrackElement" ("id") VALUES (1116);
INSERT INTO "Segment" ("id", "length") VALUES (1116, 618);
UPDATE "TrackElement" SET "sensor" = 1114 WHERE "id" = 1116;
INSERT INTO "TrackElement" ("id") VALUES (1117);
INSERT INTO "Segment" ("id", "length") VALUES (1117, 961);
UPDATE "TrackElement" SET "sensor" = 1114 WHERE "id" = 1117;
INSERT INTO "TrackElement" ("id") VALUES (1118);
INSERT INTO "Segment" ("id", "length") VALUES (1118, 731);
UPDATE "TrackElement" SET "sensor" = 1114 WHERE "id" = 1118;
INSERT INTO "TrackElement" ("id") VALUES (1119);
INSERT INTO "Segment" ("id", "length") VALUES (1119, 601);
UPDATE "TrackElement" SET "sensor" = 1114 WHERE "id" = 1119;
INSERT INTO "Sensor" ("id") VALUES (1120);
INSERT INTO "definedBy" VALUES (1004, 1120);
INSERT INTO "TrackElement" ("id") VALUES (1121);
INSERT INTO "Segment" ("id", "length") VALUES (1121, 183);
UPDATE "TrackElement" SET "sensor" = 1120 WHERE "id" = 1121;
INSERT INTO "TrackElement" ("id") VALUES (1122);
INSERT INTO "Segment" ("id", "length") VALUES (1122, 433);
UPDATE "TrackElement" SET "sensor" = 1120 WHERE "id" = 1122;
INSERT INTO "TrackElement" ("id") VALUES (1123);
INSERT INTO "Segment" ("id", "length") VALUES (1123, 35);
UPDATE "TrackElement" SET "sensor" = 1120 WHERE "id" = 1123;
INSERT INTO "TrackElement" ("id") VALUES (1124);
INSERT INTO "Segment" ("id", "length") VALUES (1124, 996);
UPDATE "TrackElement" SET "sensor" = 1120 WHERE "id" = 1124;
INSERT INTO "TrackElement" ("id") VALUES (1125);
INSERT INTO "Segment" ("id", "length") VALUES (1125, 428);
UPDATE "TrackElement" SET "sensor" = 1120 WHERE "id" = 1125;
INSERT INTO "Sensor" ("id") VALUES (1126);
INSERT INTO "definedBy" VALUES (1004, 1126);
INSERT INTO "TrackElement" ("id") VALUES (1127);
INSERT INTO "Segment" ("id", "length") VALUES (1127, 422);
UPDATE "TrackElement" SET "sensor" = 1126 WHERE "id" = 1127;
INSERT INTO "TrackElement" ("id") VALUES (1128);
INSERT INTO "Segment" ("id", "length") VALUES (1128, 691);
UPDATE "TrackElement" SET "sensor" = 1126 WHERE "id" = 1128;
INSERT INTO "TrackElement" ("id") VALUES (1129);
INSERT INTO "Segment" ("id", "length") VALUES (1129, 527);
UPDATE "TrackElement" SET "sensor" = 1126 WHERE "id" = 1129;
INSERT INTO "TrackElement" ("id") VALUES (1130);
INSERT INTO "Segment" ("id", "length") VALUES (1130, 927);
UPDATE "TrackElement" SET "sensor" = 1126 WHERE "id" = 1130;
INSERT INTO "TrackElement" ("id") VALUES (1131);
INSERT INTO "Segment" ("id", "length") VALUES (1131, 152);
UPDATE "TrackElement" SET "sensor" = 1126 WHERE "id" = 1131;
UPDATE "TrackElement" SET "sensor" = 1126 WHERE "id" = 1113;
UPDATE "Switch" SET "currentPosition" = 0 WHERE "id" = 1113;
INSERT INTO "SwitchPosition" ("id", "position", "switch", "follows") VALUES (1132, 0, 1113, 1004);
INSERT INTO "TrackElement" ("id") VALUES (1133);
INSERT INTO "Switch" ("id") VALUES (1133);
INSERT INTO "Sensor" ("id") VALUES (1134);
INSERT INTO "definedBy" VALUES (1004, 1134);
INSERT INTO "TrackElement" ("id") VALUES (1135);
INSERT INTO "Segment" ("id", "length") VALUES (1135, 481);
UPDATE "TrackElement" SET "sensor" = 1134 WHERE "id" = 1135;
INSERT INTO "TrackElement" ("id") VALUES (1136);
INSERT INTO "Segment" ("id", "length") VALUES (1136, 155);
UPDATE "TrackElement" SET "sensor" = 1134 WHERE "id" = 1136;
INSERT INTO "TrackElement" ("id") VALUES (1137);
INSERT INTO "Segment" ("id", "length") VALUES (1137, 572);
UPDATE "TrackElement" SET "sensor" = 1134 WHERE "id" = 1137;
INSERT INTO "TrackElement" ("id") VALUES (1138);
INSERT INTO "Segment" ("id", "length") VALUES (1138, 165);
UPDATE "TrackElement" SET "sensor" = 1134 WHERE "id" = 1138;
INSERT INTO "TrackElement" ("id") VALUES (1139);
INSERT INTO "Segment" ("id", "length") VALUES (1139, 954);
UPDATE "TrackElement" SET "sensor" = 1134 WHERE "id" = 1139;
INSERT INTO "Sensor" ("id") VALUES (1140);
INSERT INTO "definedBy" VALUES (1004, 1140);
INSERT INTO "TrackElement" ("id") VALUES (1141);
INSERT INTO "Segment" ("id", "length") VALUES (1141, 929);
UPDATE "TrackElement" SET "sensor" = 1140 WHERE "id" = 1141;
INSERT INTO "TrackElement" ("id") VALUES (1142);
INSERT INTO "Segment" ("id", "length") VALUES (1142, 849);
UPDATE "TrackElement" SET "sensor" = 1140 WHERE "id" = 1142;
INSERT INTO "TrackElement" ("id") VALUES (1143);
INSERT INTO "Segment" ("id", "length") VALUES (1143, 568);
UPDATE "TrackElement" SET "sensor" = 1140 WHERE "id" = 1143;
INSERT INTO "TrackElement" ("id") VALUES (1144);
INSERT INTO "Segment" ("id", "length") VALUES (1144, 867);
UPDATE "TrackElement" SET "sensor" = 1140 WHERE "id" = 1144;
INSERT INTO "TrackElement" ("id") VALUES (1145);
INSERT INTO "Segment" ("id", "length") VALUES (1145, 620);
UPDATE "TrackElement" SET "sensor" = 1140 WHERE "id" = 1145;
INSERT INTO "Sensor" ("id") VALUES (1146);
INSERT INTO "definedBy" VALUES (1004, 1146);
INSERT INTO "TrackElement" ("id") VALUES (1147);
INSERT INTO "Segment" ("id", "length") VALUES (1147, 857);
UPDATE "TrackElement" SET "sensor" = 1146 WHERE "id" = 1147;
INSERT INTO "TrackElement" ("id") VALUES (1148);
INSERT INTO "Segment" ("id", "length") VALUES (1148, 527);
UPDATE "TrackElement" SET "sensor" = 1146 WHERE "id" = 1148;
INSERT INTO "TrackElement" ("id") VALUES (1149);
INSERT INTO "Segment" ("id", "length") VALUES (1149, 492);
UPDATE "TrackElement" SET "sensor" = 1146 WHERE "id" = 1149;
INSERT INTO "TrackElement" ("id") VALUES (1150);
INSERT INTO "Segment" ("id", "length") VALUES (1150, 69);
UPDATE "TrackElement" SET "sensor" = 1146 WHERE "id" = 1150;
INSERT INTO "TrackElement" ("id") VALUES (1151);
INSERT INTO "Segment" ("id", "length") VALUES (1151, 85);
UPDATE "TrackElement" SET "sensor" = 1146 WHERE "id" = 1151;
INSERT INTO "Sensor" ("id") VALUES (1152);
INSERT INTO "definedBy" VALUES (1004, 1152);
INSERT INTO "TrackElement" ("id") VALUES (1153);
INSERT INTO "Segment" ("id", "length") VALUES (1153, 234);
UPDATE "TrackElement" SET "sensor" = 1152 WHERE "id" = 1153;
INSERT INTO "TrackElement" ("id") VALUES (1154);
INSERT INTO "Segment" ("id", "length") VALUES (1154, 627);
UPDATE "TrackElement" SET "sensor" = 1152 WHERE "id" = 1154;
INSERT INTO "TrackElement" ("id") VALUES (1155);
INSERT INTO "Segment" ("id", "length") VALUES (1155, 94);
UPDATE "TrackElement" SET "sensor" = 1152 WHERE "id" = 1155;
INSERT INTO "TrackElement" ("id") VALUES (1156);
INSERT INTO "Segment" ("id", "length") VALUES (1156, 180);
UPDATE "TrackElement" SET "sensor" = 1152 WHERE "id" = 1156;
INSERT INTO "TrackElement" ("id") VALUES (1157);
INSERT INTO "Segment" ("id", "length") VALUES (1157, 848);
UPDATE "TrackElement" SET "sensor" = 1152 WHERE "id" = 1157;
INSERT INTO "Sensor" ("id") VALUES (1158);
INSERT INTO "definedBy" VALUES (1004, 1158);
INSERT INTO "TrackElement" ("id") VALUES (1159);
INSERT INTO "Segment" ("id", "length") VALUES (1159, 200);
UPDATE "TrackElement" SET "sensor" = 1158 WHERE "id" = 1159;
INSERT INTO "TrackElement" ("id") VALUES (1160);
INSERT INTO "Segment" ("id", "length") VALUES (1160, 494);
UPDATE "TrackElement" SET "sensor" = 1158 WHERE "id" = 1160;
INSERT INTO "TrackElement" ("id") VALUES (1161);
INSERT INTO "Segment" ("id", "length") VALUES (1161, 836);
UPDATE "TrackElement" SET "sensor" = 1158 WHERE "id" = 1161;
INSERT INTO "TrackElement" ("id") VALUES (1162);
INSERT INTO "Segment" ("id", "length") VALUES (1162, 652);
UPDATE "TrackElement" SET "sensor" = 1158 WHERE "id" = 1162;
INSERT INTO "TrackElement" ("id") VALUES (1163);
INSERT INTO "Segment" ("id", "length") VALUES (1163, 873);
UPDATE "TrackElement" SET "sensor" = 1158 WHERE "id" = 1163;
INSERT INTO "Sensor" ("id") VALUES (1164);
INSERT INTO "definedBy" VALUES (1004, 1164);
INSERT INTO "TrackElement" ("id") VALUES (1165);
INSERT INTO "Segment" ("id", "length") VALUES (1165, 533);
UPDATE "TrackElement" SET "sensor" = 1164 WHERE "id" = 1165;
INSERT INTO "TrackElement" ("id") VALUES (1166);
INSERT INTO "Segment" ("id", "length") VALUES (1166, 688);
UPDATE "TrackElement" SET "sensor" = 1164 WHERE "id" = 1166;
INSERT INTO "TrackElement" ("id") VALUES (1167);
INSERT INTO "Segment" ("id", "length") VALUES (1167, 953);
UPDATE "TrackElement" SET "sensor" = 1164 WHERE "id" = 1167;
INSERT INTO "TrackElement" ("id") VALUES (1168);
INSERT INTO "Segment" ("id", "length") VALUES (1168, 322);
UPDATE "TrackElement" SET "sensor" = 1164 WHERE "id" = 1168;
INSERT INTO "TrackElement" ("id") VALUES (1169);
INSERT INTO "Segment" ("id", "length") VALUES (1169, 372);
UPDATE "TrackElement" SET "sensor" = 1164 WHERE "id" = 1169;
INSERT INTO "Sensor" ("id") VALUES (1170);
INSERT INTO "definedBy" VALUES (1004, 1170);
INSERT INTO "TrackElement" ("id") VALUES (1171);
INSERT INTO "Segment" ("id", "length") VALUES (1171, 907);
UPDATE "TrackElement" SET "sensor" = 1170 WHERE "id" = 1171;
INSERT INTO "TrackElement" ("id") VALUES (1172);
INSERT INTO "Segment" ("id", "length") VALUES (1172, 627);
UPDATE "TrackElement" SET "sensor" = 1170 WHERE "id" = 1172;
INSERT INTO "TrackElement" ("id") VALUES (1173);
INSERT INTO "Segment" ("id", "length") VALUES (1173, 125);
UPDATE "TrackElement" SET "sensor" = 1170 WHERE "id" = 1173;
INSERT INTO "TrackElement" ("id") VALUES (1174);
INSERT INTO "Segment" ("id", "length") VALUES (1174, 728);
UPDATE "TrackElement" SET "sensor" = 1170 WHERE "id" = 1174;
INSERT INTO "TrackElement" ("id") VALUES (1175);
INSERT INTO "Segment" ("id", "length") VALUES (1175, 634);
UPDATE "TrackElement" SET "sensor" = 1170 WHERE "id" = 1175;
UPDATE "TrackElement" SET "sensor" = 1170 WHERE "id" = 1133;
UPDATE "Switch" SET "currentPosition" = 2 WHERE "id" = 1133;
INSERT INTO "SwitchPosition" ("id", "position", "switch", "follows") VALUES (1176, 2, 1133, 1004);
INSERT INTO "TrackElement" ("id") VALUES (1177);
INSERT INTO "Switch" ("id") VALUES (1177);
INSERT INTO "Sensor" ("id") VALUES (1178);
INSERT INTO "definedBy" VALUES (1004, 1178);
INSERT INTO "TrackElement" ("id") VALUES (1179);
INSERT INTO "Segment" ("id", "length") VALUES (1179, 780);
UPDATE "TrackElement" SET "sensor" = 1178 WHERE "id" = 1179;
INSERT INTO "TrackElement" ("id") VALUES (1180);
INSERT INTO "Segment" ("id", "length") VALUES (1180, 911);
UPDATE "TrackElement" SET "sensor" = 1178 WHERE "id" = 1180;
INSERT INTO "TrackElement" ("id") VALUES (1181);
INSERT INTO "Segment" ("id", "length") VALUES (1181, 774);
UPDATE "TrackElement" SET "sensor" = 1178 WHERE "id" = 1181;
INSERT INTO "TrackElement" ("id") VALUES (1182);
INSERT INTO "Segment" ("id", "length") VALUES (1182, 68);
UPDATE "TrackElement" SET "sensor" = 1178 WHERE "id" = 1182;
INSERT INTO "TrackElement" ("id") VALUES (1183);
INSERT INTO "Segment" ("id", "length") VALUES (1183, 2);
UPDATE "TrackElement" SET "sensor" = 1178 WHERE "id" = 1183;
INSERT INTO "Sensor" ("id") VALUES (1184);
INSERT INTO "definedBy" VALUES (1004, 1184);
INSERT INTO "TrackElement" ("id") VALUES (1185);
INSERT INTO "Segment" ("id", "length") VALUES (1185, 560);
UPDATE "TrackElement" SET "sensor" = 1184 WHERE "id" = 1185;
INSERT INTO "TrackElement" ("id") VALUES (1186);
INSERT INTO "Segment" ("id", "length") VALUES (1186, 684);
UPDATE "TrackElement" SET "sensor" = 1184 WHERE "id" = 1186;
INSERT INTO "TrackElement" ("id") VALUES (1187);
INSERT INTO "Segment" ("id", "length") VALUES (1187, 669);
UPDATE "TrackElement" SET "sensor" = 1184 WHERE "id" = 1187;
INSERT INTO "TrackElement" ("id") VALUES (1188);
INSERT INTO "Segment" ("id", "length") VALUES (1188, 461);
UPDATE "TrackElement" SET "sensor" = 1184 WHERE "id" = 1188;
INSERT INTO "TrackElement" ("id") VALUES (1189);
INSERT INTO "Segment" ("id", "length") VALUES (1189, 547);
UPDATE "TrackElement" SET "sensor" = 1184 WHERE "id" = 1189;
INSERT INTO "Sensor" ("id") VALUES (1190);
INSERT INTO "definedBy" VALUES (1004, 1190);
INSERT INTO "TrackElement" ("id") VALUES (1191);
INSERT INTO "Segment" ("id", "length") VALUES (1191, 274);
UPDATE "TrackElement" SET "sensor" = 1190 WHERE "id" = 1191;
INSERT INTO "TrackElement" ("id") VALUES (1192);
INSERT INTO "Segment" ("id", "length") VALUES (1192, 743);
UPDATE "TrackElement" SET "sensor" = 1190 WHERE "id" = 1192;
INSERT INTO "TrackElement" ("id") VALUES (1193);
INSERT INTO "Segment" ("id", "length") VALUES (1193, 932);
UPDATE "TrackElement" SET "sensor" = 1190 WHERE "id" = 1193;
INSERT INTO "TrackElement" ("id") VALUES (1194);
INSERT INTO "Segment" ("id", "length") VALUES (1194, 336);
UPDATE "TrackElement" SET "sensor" = 1190 WHERE "id" = 1194;
INSERT INTO "TrackElement" ("id") VALUES (1195);
INSERT INTO "Segment" ("id", "length") VALUES (1195, 78);
UPDATE "TrackElement" SET "sensor" = 1190 WHERE "id" = 1195;
INSERT INTO "Sensor" ("id") VALUES (1196);
INSERT INTO "definedBy" VALUES (1004, 1196);
INSERT INTO "TrackElement" ("id") VALUES (1197);
INSERT INTO "Segment" ("id", "length") VALUES (1197, 691);
UPDATE "TrackElement" SET "sensor" = 1196 WHERE "id" = 1197;
INSERT INTO "TrackElement" ("id") VALUES (1198);
INSERT INTO "Segment" ("id", "length") VALUES (1198, 453);
UPDATE "TrackElement" SET "sensor" = 1196 WHERE "id" = 1198;
INSERT INTO "TrackElement" ("id") VALUES (1199);
INSERT INTO "Segment" ("id", "length") VALUES (1199, 171);
UPDATE "TrackElement" SET "sensor" = 1196 WHERE "id" = 1199;
INSERT INTO "TrackElement" ("id") VALUES (1200);
INSERT INTO "Segment" ("id", "length") VALUES (1200, 880);
UPDATE "TrackElement" SET "sensor" = 1196 WHERE "id" = 1200;
INSERT INTO "TrackElement" ("id") VALUES (1201);
INSERT INTO "Segment" ("id", "length") VALUES (1201, 512);
UPDATE "TrackElement" SET "sensor" = 1196 WHERE "id" = 1201;
INSERT INTO "Sensor" ("id") VALUES (1202);
INSERT INTO "definedBy" VALUES (1004, 1202);
INSERT INTO "TrackElement" ("id") VALUES (1203);
INSERT INTO "Segment" ("id", "length") VALUES (1203, 225);
UPDATE "TrackElement" SET "sensor" = 1202 WHERE "id" = 1203;
INSERT INTO "TrackElement" ("id") VALUES (1204);
INSERT INTO "Segment" ("id", "length") VALUES (1204, 366);
UPDATE "TrackElement" SET "sensor" = 1202 WHERE "id" = 1204;
INSERT INTO "TrackElement" ("id") VALUES (1205);
INSERT INTO "Segment" ("id", "length") VALUES (1205, 631);
UPDATE "TrackElement" SET "sensor" = 1202 WHERE "id" = 1205;
INSERT INTO "TrackElement" ("id") VALUES (1206);
INSERT INTO "Segment" ("id", "length") VALUES (1206, 467);
UPDATE "TrackElement" SET "sensor" = 1202 WHERE "id" = 1206;
INSERT INTO "TrackElement" ("id") VALUES (1207);
INSERT INTO "Segment" ("id", "length") VALUES (1207, 381);
UPDATE "TrackElement" SET "sensor" = 1202 WHERE "id" = 1207;
INSERT INTO "Sensor" ("id") VALUES (1208);
INSERT INTO "definedBy" VALUES (1004, 1208);
INSERT INTO "TrackElement" ("id") VALUES (1209);
INSERT INTO "Segment" ("id", "length") VALUES (1209, 108);
UPDATE "TrackElement" SET "sensor" = 1208 WHERE "id" = 1209;
INSERT INTO "TrackElement" ("id") VALUES (1210);
INSERT INTO "Segment" ("id", "length") VALUES (1210, 424);
UPDATE "TrackElement" SET "sensor" = 1208 WHERE "id" = 1210;
INSERT INTO "TrackElement" ("id") VALUES (1211);
INSERT INTO "Segment" ("id", "length") VALUES (1211, 836);
UPDATE "TrackElement" SET "sensor" = 1208 WHERE "id" = 1211;
INSERT INTO "TrackElement" ("id") VALUES (1212);
INSERT INTO "Segment" ("id", "length") VALUES (1212, 314);
UPDATE "TrackElement" SET "sensor" = 1208 WHERE "id" = 1212;
INSERT INTO "TrackElement" ("id") VALUES (1213);
INSERT INTO "Segment" ("id", "length") VALUES (1213, 287);
UPDATE "TrackElement" SET "sensor" = 1208 WHERE "id" = 1213;
INSERT INTO "Sensor" ("id") VALUES (1214);
INSERT INTO "definedBy" VALUES (1004, 1214);
INSERT INTO "TrackElement" ("id") VALUES (1215);
INSERT INTO "Segment" ("id", "length") VALUES (1215, 416);
UPDATE "TrackElement" SET "sensor" = 1214 WHERE "id" = 1215;
INSERT INTO "TrackElement" ("id") VALUES (1216);
INSERT INTO "Segment" ("id", "length") VALUES (1216, 27);
UPDATE "TrackElement" SET "sensor" = 1214 WHERE "id" = 1216;
INSERT INTO "TrackElement" ("id") VALUES (1217);
INSERT INTO "Segment" ("id", "length") VALUES (1217, 57);
UPDATE "TrackElement" SET "sensor" = 1214 WHERE "id" = 1217;
INSERT INTO "TrackElement" ("id") VALUES (1218);
INSERT INTO "Segment" ("id", "length") VALUES (1218, 702);
UPDATE "TrackElement" SET "sensor" = 1214 WHERE "id" = 1218;
INSERT INTO "TrackElement" ("id") VALUES (1219);
INSERT INTO "Segment" ("id", "length") VALUES (1219, 770);
UPDATE "TrackElement" SET "sensor" = 1214 WHERE "id" = 1219;
INSERT INTO "Sensor" ("id") VALUES (1220);
INSERT INTO "definedBy" VALUES (1004, 1220);
INSERT INTO "TrackElement" ("id") VALUES (1221);
INSERT INTO "Segment" ("id", "length") VALUES (1221, 93);
UPDATE "TrackElement" SET "sensor" = 1220 WHERE "id" = 1221;
INSERT INTO "TrackElement" ("id") VALUES (1222);
INSERT INTO "Segment" ("id", "length") VALUES (1222, 878);
UPDATE "TrackElement" SET "sensor" = 1220 WHERE "id" = 1222;
INSERT INTO "TrackElement" ("id") VALUES (1223);
INSERT INTO "Segment" ("id", "length") VALUES (1223, 557);
UPDATE "TrackElement" SET "sensor" = 1220 WHERE "id" = 1223;
INSERT INTO "TrackElement" ("id") VALUES (1224);
INSERT INTO "Segment" ("id", "length") VALUES (1224, 902);
UPDATE "TrackElement" SET "sensor" = 1220 WHERE "id" = 1224;
INSERT INTO "TrackElement" ("id") VALUES (1225);
INSERT INTO "Segment" ("id", "length") VALUES (1225, 95);
UPDATE "TrackElement" SET "sensor" = 1220 WHERE "id" = 1225;
INSERT INTO "Sensor" ("id") VALUES (1226);
INSERT INTO "definedBy" VALUES (1004, 1226);
INSERT INTO "TrackElement" ("id") VALUES (1227);
INSERT INTO "Segment" ("id", "length") VALUES (1227, 49);
UPDATE "TrackElement" SET "sensor" = 1226 WHERE "id" = 1227;
INSERT INTO "TrackElement" ("id") VALUES (1228);
INSERT INTO "Segment" ("id", "length") VALUES (1228, 815);
UPDATE "TrackElement" SET "sensor" = 1226 WHERE "id" = 1228;
INSERT INTO "TrackElement" ("id") VALUES (1229);
INSERT INTO "Segment" ("id", "length") VALUES (1229, 152);
UPDATE "TrackElement" SET "sensor" = 1226 WHERE "id" = 1229;
INSERT INTO "TrackElement" ("id") VALUES (1230);
INSERT INTO "Segment" ("id", "length") VALUES (1230, 718);
UPDATE "TrackElement" SET "sensor" = 1226 WHERE "id" = 1230;
INSERT INTO "TrackElement" ("id") VALUES (1231);
INSERT INTO "Segment" ("id", "length") VALUES (1231, 445);
UPDATE "TrackElement" SET "sensor" = 1226 WHERE "id" = 1231;
UPDATE "TrackElement" SET "sensor" = 1226 WHERE "id" = 1177;
UPDATE "Switch" SET "currentPosition" = 0 WHERE "id" = 1177;
INSERT INTO "SwitchPosition" ("id", "position", "switch", "follows") VALUES (1232, 0, 1177, 1004);
INSERT INTO "TrackElement" ("id") VALUES (1233);
INSERT INTO "Switch" ("id") VALUES (1233);
INSERT INTO "Sensor" ("id") VALUES (1234);
INSERT INTO "definedBy" VALUES (1004, 1234);
INSERT INTO "TrackElement" ("id") VALUES (1235);
INSERT INTO "Segment" ("id", "length") VALUES (1235, 4);
UPDATE "TrackElement" SET "sensor" = 1234 WHERE "id" = 1235;
INSERT INTO "TrackElement" ("id") VALUES (1236);
INSERT INTO "Segment" ("id", "length") VALUES (1236, 690);
UPDATE "TrackElement" SET "sensor" = 1234 WHERE "id" = 1236;
INSERT INTO "TrackElement" ("id") VALUES (1237);
INSERT INTO "Segment" ("id", "length") VALUES (1237, 832);
UPDATE "TrackElement" SET "sensor" = 1234 WHERE "id" = 1237;
INSERT INTO "TrackElement" ("id") VALUES (1238);
INSERT INTO "Segment" ("id", "length") VALUES (1238, 769);
UPDATE "TrackElement" SET "sensor" = 1234 WHERE "id" = 1238;
INSERT INTO "TrackElement" ("id") VALUES (1239);
INSERT INTO "Segment" ("id", "length") VALUES (1239, 25);
UPDATE "TrackElement" SET "sensor" = 1234 WHERE "id" = 1239;
INSERT INTO "Sensor" ("id") VALUES (1240);
INSERT INTO "definedBy" VALUES (1004, 1240);
INSERT INTO "TrackElement" ("id") VALUES (1241);
INSERT INTO "Segment" ("id", "length") VALUES (1241, 145);
UPDATE "TrackElement" SET "sensor" = 1240 WHERE "id" = 1241;
INSERT INTO "TrackElement" ("id") VALUES (1242);
INSERT INTO "Segment" ("id", "length") VALUES (1242, 201);
UPDATE "TrackElement" SET "sensor" = 1240 WHERE "id" = 1242;
INSERT INTO "TrackElement" ("id") VALUES (1243);
INSERT INTO "Segment" ("id", "length") VALUES (1243, 354);
UPDATE "TrackElement" SET "sensor" = 1240 WHERE "id" = 1243;
INSERT INTO "TrackElement" ("id") VALUES (1244);
INSERT INTO "Segment" ("id", "length") VALUES (1244, 750);
UPDATE "TrackElement" SET "sensor" = 1240 WHERE "id" = 1244;
INSERT INTO "TrackElement" ("id") VALUES (1245);
INSERT INTO "Segment" ("id", "length") VALUES (1245, 248);
UPDATE "TrackElement" SET "sensor" = 1240 WHERE "id" = 1245;
UPDATE "TrackElement" SET "sensor" = 1240 WHERE "id" = 1233;
UPDATE "Switch" SET "currentPosition" = 3 WHERE "id" = 1233;
INSERT INTO "SwitchPosition" ("id", "position", "switch", "follows") VALUES (1246, 3, 1233, 1004);
INSERT INTO "connectsTo" VALUES (1005, 1007);
INSERT INTO "connectsTo" VALUES (1007, 1008);
INSERT INTO "connectsTo" VALUES (1008, 1009);
INSERT INTO "connectsTo" VALUES (1009, 1010);
INSERT INTO "connectsTo" VALUES (1010, 1011);
INSERT INTO "connectsTo" VALUES (1011, 1013);
INSERT INTO "connectsTo" VALUES (1013, 1014);
INSERT INTO "connectsTo" VALUES (1014, 1015);
INSERT INTO "connectsTo" VALUES (1015, 1016);
INSERT INTO "connectsTo" VALUES (1016, 1017);
INSERT INTO "connectsTo" VALUES (1017, 1019);
INSERT INTO "connectsTo" VALUES (1019, 1020);
INSERT INTO "connectsTo" VALUES (1020, 1021);
INSERT INTO "connectsTo" VALUES (1021, 1022);
INSERT INTO "connectsTo" VALUES (1022, 1023);
INSERT INTO "connectsTo" VALUES (1023, 1025);
INSERT INTO "connectsTo" VALUES (1025, 1026);
INSERT INTO "connectsTo" VALUES (1026, 1027);
INSERT INTO "connectsTo" VALUES (1027, 1028);
INSERT INTO "connectsTo" VALUES (1028, 1029);
INSERT INTO "connectsTo" VALUES (1029, 1031);
INSERT INTO "connectsTo" VALUES (1031, 1032);
INSERT INTO "connectsTo" VALUES (1032, 1033);
INSERT INTO "connectsTo" VALUES (1033, 1034);
INSERT INTO "connectsTo" VALUES (1034, 1035);
INSERT INTO "connectsTo" VALUES (1035, 1037);
INSERT INTO "connectsTo" VALUES (1037, 1038);
INSERT INTO "connectsTo" VALUES (1038, 1039);
INSERT INTO "connectsTo" VALUES (1039, 1040);
INSERT INTO "connectsTo" VALUES (1040, 1041);
INSERT INTO "connectsTo" VALUES (1041, 1043);
INSERT INTO "connectsTo" VALUES (1043, 1045);
INSERT INTO "connectsTo" VALUES (1045, 1046);
INSERT INTO "connectsTo" VALUES (1046, 1047);
INSERT INTO "connectsTo" VALUES (1047, 1048);
INSERT INTO "connectsTo" VALUES (1048, 1049);
INSERT INTO "connectsTo" VALUES (1049, 1051);
INSERT INTO "connectsTo" VALUES (1051, 1052);
INSERT INTO "connectsTo" VALUES (1052, 1053);
INSERT INTO "connectsTo" VALUES (1053, 1054);
INSERT INTO "connectsTo" VALUES (1054, 1055);
INSERT INTO "connectsTo" VALUES (1055, 1057);
INSERT INTO "connectsTo" VALUES (1057, 1058);
INSERT INTO "connectsTo" VALUES (1058, 1059);
INSERT INTO "connectsTo" VALUES (1059, 1060);
INSERT INTO "connectsTo" VALUES (1060, 1061);
INSERT INTO "connectsTo" VALUES (1061, 1063);
INSERT INTO "connectsTo" VALUES (1063, 1065);
INSERT INTO "connectsTo" VALUES (1065, 1066);
INSERT INTO "connectsTo" VALUES (1066, 1067);
INSERT INTO "connectsTo" VALUES (1067, 1068);
INSERT INTO "connectsTo" VALUES (1068, 1069);
INSERT INTO "connectsTo" VALUES (1069, 1071);
INSERT INTO "connectsTo" VALUES (1071, 1072);
INSERT INTO "connectsTo" VALUES (1072, 1073);
INSERT INTO "connectsTo" VALUES (1073, 1074);
INSERT INTO "connectsTo" VALUES (1074, 1075);
INSERT INTO "connectsTo" VALUES (1075, 1077);
INSERT INTO "connectsTo" VALUES (1077, 1078);
INSERT INTO "connectsTo" VALUES (1078, 1079);
INSERT INTO "connectsTo" VALUES (1079, 1080);
INSERT INTO "connectsTo" VALUES (1080, 1081);
INSERT INTO "connectsTo" VALUES (1081, 1083);
INSERT INTO "connectsTo" VALUES (1083, 1084);
INSERT INTO "connectsTo" VALUES (1084, 1085);
INSERT INTO "connectsTo" VALUES (1085, 1086);
INSERT INTO "connectsTo" VALUES (1086, 1087);
INSERT INTO "connectsTo" VALUES (1087, 1089);
INSERT INTO "connectsTo" VALUES (1089, 1090);
INSERT INTO "connectsTo" VALUES (1090, 1091);
INSERT INTO "connectsTo" VALUES (1091, 1092);
INSERT INTO "connectsTo" VALUES (1092, 1093);
INSERT INTO "connectsTo" VALUES (1093, 1095);
INSERT INTO "connectsTo" VALUES (1095, 1096);
INSERT INTO "connectsTo" VALUES (1096, 1097);
INSERT INTO "connectsTo" VALUES (1097, 1098);
INSERT INTO "connectsTo" VALUES (1098, 1099);
INSERT INTO "connectsTo" VALUES (1099, 1101);
INSERT INTO "connectsTo" VALUES (1101, 1102);
INSERT INTO "connectsTo" VALUES (1102, 1103);
INSERT INTO "connectsTo" VALUES (1103, 1104);
INSERT INTO "connectsTo" VALUES (1104, 1105);
INSERT INTO "connectsTo" VALUES (1105, 1107);
INSERT INTO "connectsTo" VALUES (1107, 1108);
INSERT INTO "connectsTo" VALUES (1108, 1109);
INSERT INTO "connectsTo" VALUES (1109, 1110);
INSERT INTO "connectsTo" VALUES (1110, 1111);
INSERT INTO "connectsTo" VALUES (1111, 1113);
INSERT INTO "connectsTo" VALUES (1113, 1115);
INSERT INTO "connectsTo" VALUES (1115, 1116);
INSERT INTO "connectsTo" VALUES (1116, 1117);
INSERT INTO "connectsTo" VALUES (1117, 1118);
INSERT INTO "connectsTo" VALUES (1118, 1119);
INSERT INTO "connectsTo" VALUES (1119, 1121);
INSERT INTO "connectsTo" VALUES (1121, 1122);
INSERT INTO "connectsTo" VALUES (1122, 1123);
INSERT INTO "connectsTo" VALUES (1123, 1124);
INSERT INTO "connectsTo" VALUES (1124, 1125);
INSERT INTO "connectsTo" VALUES (1125, 1127);
INSERT INTO "connectsTo" VALUES (1127, 1128);
INSERT INTO "connectsTo" VALUES (1128, 1129);
INSERT INTO "connectsTo" VALUES (1129, 1130);
INSERT INTO "connectsTo" VALUES (1130, 1131);
INSERT INTO "connectsTo" VALUES (1131, 1133);
INSERT INTO "connectsTo" VALUES (1133, 1135);
INSERT INTO "connectsTo" VALUES (1135, 1136);
INSERT INTO "connectsTo" VALUES (1136, 1137);
INSERT INTO "connectsTo" VALUES (1137, 1138);
INSERT INTO "connectsTo" VALUES (1138, 1139);
INSERT INTO "connectsTo" VALUES (1139, 1141);
INSERT INTO "connectsTo" VALUES (1141, 1142);
INSERT INTO "connectsTo" VALUES (1142, 1143);
INSERT INTO "connectsTo" VALUES (1143, 1144);
INSERT INTO "connectsTo" VALUES (1144, 1145);
INSERT INTO "connectsTo" VALUES (1145, 1147);
INSERT INTO "connectsTo" VALUES (1147, 1148);
INSERT INTO "connectsTo" VALUES (1148, 1149);
INSERT INTO "connectsTo" VALUES (1149, 1150);
INSERT INTO "connectsTo" VALUES (1150, 1151);
INSERT INTO "connectsTo" VALUES (1151, 1153);
INSERT INTO "connectsTo" VALUES (1153, 1154);
INSERT INTO "connectsTo" VALUES (1154, 1155);
INSERT INTO "connectsTo" VALUES (1155, 1156);
INSERT INTO "connectsTo" VALUES (1156, 1157);
INSERT INTO "connectsTo" VALUES (1157, 1159);
INSERT INTO "connectsTo" VALUES (1159, 1160);
INSERT INTO "connectsTo" VALUES (1160, 1161);
INSERT INTO "connectsTo" VALUES (1161, 1162);
INSERT INTO "connectsTo" VALUES (1162, 1163);
INSERT INTO "connectsTo" VALUES (1163, 1165);
INSERT INTO "connectsTo" VALUES (1165, 1166);
INSERT INTO "connectsTo" VALUES (1166, 1167);
INSERT INTO "connectsTo" VALUES (1167, 1168);
INSERT INTO "connectsTo" VALUES (1168, 1169);
INSERT INTO "connectsTo" VALUES (1169, 1171);
INSERT INTO "connectsTo" VALUES (1171, 1172);
INSERT INTO "connectsTo" VALUES (1172, 1173);
INSERT INTO "connectsTo" VALUES (1173, 1174);
INSERT INTO "connectsTo" VALUES (1174, 1175);
INSERT INTO "connectsTo" VALUES (1175, 1177);
INSERT INTO "connectsTo" VALUES (1177, 1179);
INSERT INTO "connectsTo" VALUES (1179, 1180);
INSERT INTO "connectsTo" VALUES (1180, 1181);
INSERT INTO "connectsTo" VALUES (1181, 1182);
INSERT INTO "connectsTo" VALUES (1182, 1183);
INSERT INTO "connectsTo" VALUES (1183, 1185);
INSERT INTO "connectsTo" VALUES (1185, 1186);
INSERT INTO "connectsTo" VALUES (1186, 1187);
INSERT INTO "connectsTo" VALUES (1187, 1188);
INSERT INTO "connectsTo" VALUES (1188, 1189);
INSERT INTO "connectsTo" VALUES (1189, 1191);
INSERT INTO "connectsTo" VALUES (1191, 1192);
INSERT INTO "connectsTo" VALUES (1192, 1193);
INSERT INTO "connectsTo" VALUES (1193, 1194);
INSERT INTO "connectsTo" VALUES (1194, 1195);
INSERT INTO "connectsTo" VALUES (1195, 1197);
INSERT INTO "connectsTo" VALUES (1197, 1198);
INSERT INTO "connectsTo" VALUES (1198, 1199);
INSERT INTO "connectsTo" VALUES (1199, 1200);
INSERT INTO "connectsTo" VALUES (1200, 1201);
INSERT INTO "connectsTo" VALUES (1201, 1203);
INSERT INTO "connectsTo" VALUES (1203, 1204);
INSERT INTO "connectsTo" VALUES (1204, 1205);
INSERT INTO "connectsTo" VALUES (1205, 1206);
INSERT INTO "connectsTo" VALUES (1206, 1207);
INSERT INTO "connectsTo" VALUES (1207, 1209);
INSERT INTO "connectsTo" VALUES (1209, 1210);
INSERT INTO "connectsTo" VALUES (1210, 1211);
INSERT INTO "connectsTo" VALUES (1211, 1212);
INSERT INTO "connectsTo" VALUES (1212, 1213);
INSERT INTO "connectsTo" VALUES (1213, 1215);
INSERT INTO "connectsTo" VALUES (1215, 1216);
INSERT INTO "connectsTo" VALUES (1216, 1217);
INSERT INTO "connectsTo" VALUES (1217, 1218);
INSERT INTO "connectsTo" VALUES (1218, 1219);
INSERT INTO "connectsTo" VALUES (1219, 1221);
INSERT INTO "connectsTo" VALUES (1221, 1222);
INSERT INTO "connectsTo" VALUES (1222, 1223);
INSERT INTO "connectsTo" VALUES (1223, 1224);
INSERT INTO "connectsTo" VALUES (1224, 1225);
INSERT INTO "connectsTo" VALUES (1225, 1227);
INSERT INTO "connectsTo" VALUES (1227, 1228);
INSERT INTO "connectsTo" VALUES (1228, 1229);
INSERT INTO "connectsTo" VALUES (1229, 1230);
INSERT INTO "connectsTo" VALUES (1230, 1231);
INSERT INTO "connectsTo" VALUES (1231, 1233);
INSERT INTO "connectsTo" VALUES (1233, 1235);
INSERT INTO "connectsTo" VALUES (1235, 1236);
INSERT INTO "connectsTo" VALUES (1236, 1237);
INSERT INTO "connectsTo" VALUES (1237, 1238);
INSERT INTO "connectsTo" VALUES (1238, 1239);
INSERT INTO "connectsTo" VALUES (1239, 1241);
INSERT INTO "connectsTo" VALUES (1241, 1242);
INSERT INTO "connectsTo" VALUES (1242, 1243);
INSERT INTO "connectsTo" VALUES (1243, 1244);
INSERT INTO "connectsTo" VALUES (1244, 1245);
INSERT INTO "connectsTo" VALUES (1002, 1005);
INSERT INTO "connectsTo" VALUES (1245, 4);

COMMIT;
CREATE INDEX segment_length_idx ON "Segment" ("length");
CREATE INDEX definedBy_idx ON "definedBy" ("Route_id", "Sensor_id");
CREATE INDEX connectsTo_idx1 ON "connectsTo" ("TrackElement1");
CREATE INDEX connectsTo_idx2 ON "connectsTo" ("TrackElement1");
