
/*!40101 SET @OLD_CHARACTER_SET_CLIENT=@@CHARACTER_SET_CLIENT */;
/*!40101 SET @OLD_CHARACTER_SET_RESULTS=@@CHARACTER_SET_RESULTS */;
/*!40101 SET @OLD_COLLATION_CONNECTION=@@COLLATION_CONNECTION */;
/*!40101 SET NAMES utf8 */;
/*!40103 SET @OLD_TIME_ZONE=@@TIME_ZONE */;
/*!40103 SET TIME_ZONE='+00:00' */;
/*!40014 SET @OLD_UNIQUE_CHECKS=@@UNIQUE_CHECKS, UNIQUE_CHECKS=0 */;
/*!40014 SET @OLD_FOREIGN_KEY_CHECKS=@@FOREIGN_KEY_CHECKS, FOREIGN_KEY_CHECKS=0 */;
/*!40101 SET @OLD_SQL_MODE=@@SQL_MODE, SQL_MODE='NO_AUTO_VALUE_ON_ZERO' */;
/*!40111 SET @OLD_SQL_NOTES=@@SQL_NOTES, SQL_NOTES=0 */;

CREATE DATABASE /*!32312 IF NOT EXISTS*/ `trainbenchmark` /*!40100 DEFAULT CHARACTER SET latin1 */;

USE `trainbenchmark`;
DROP TABLE IF EXISTS `Region`;
/*!40101 SET @saved_cs_client     = @@character_set_client */;
/*!40101 SET character_set_client = utf8 */;
CREATE TABLE `Region` (
  `id` int(11) NOT NULL AUTO_INCREMENT,
  PRIMARY KEY (`id`)
) ENGINE=MEMORY AUTO_INCREMENT=1348 DEFAULT CHARSET=utf8;
/*!40101 SET character_set_client = @saved_cs_client */;

LOCK TABLES `Region` WRITE;
/*!40000 ALTER TABLE `Region` DISABLE KEYS */;
INSERT INTO `Region` VALUES (4),(51),(493),(928),(1347);
/*!40000 ALTER TABLE `Region` ENABLE KEYS */;
UNLOCK TABLES;
DROP TABLE IF EXISTS `Route`;
/*!40101 SET @saved_cs_client     = @@character_set_client */;
/*!40101 SET character_set_client = utf8 */;
CREATE TABLE `Route` (
  `id` int(11) NOT NULL AUTO_INCREMENT,
  `active` int(11) DEFAULT NULL,
  `entry` int(11) DEFAULT NULL,
  `exit` int(11) DEFAULT NULL,
  PRIMARY KEY (`id`)
) ENGINE=MEMORY AUTO_INCREMENT=1347 DEFAULT CHARSET=utf8;
/*!40101 SET character_set_client = @saved_cs_client */;

LOCK TABLES `Route` WRITE;
/*!40000 ALTER TABLE `Route` DISABLE KEYS */;
INSERT INTO `Route` VALUES (3,1,NULL,2),(50,1,2,49),(492,1,49,491),(927,1,491,926),(1346,1,926,1);
/*!40000 ALTER TABLE `Route` ENABLE KEYS */;
UNLOCK TABLES;
DROP TABLE IF EXISTS `Segment`;
/*!40101 SET @saved_cs_client     = @@character_set_client */;
/*!40101 SET character_set_client = utf8 */;
CREATE TABLE `Segment` (
  `id` int(11) NOT NULL AUTO_INCREMENT,
  `length` int(11) NOT NULL DEFAULT '1',
  PRIMARY KEY (`id`),
  KEY `segment_length_idx` (`length`)
) ENGINE=MEMORY AUTO_INCREMENT=1417 DEFAULT CHARSET=utf8;
/*!40101 SET character_set_client = @saved_cs_client */;

LOCK TABLES `Segment` WRITE;
/*!40000 ALTER TABLE `Segment` DISABLE KEYS */;
INSERT INTO `Segment` VALUES (7,358),(8,461),(9,879),(10,829),(11,732),(13,-503),(14,294),(15,306),(16,597),(17,396),(19,730),(20,968),(21,197),(22,324),(23,645),(25,641),(26,639),(27,852),(28,931),(29,367),(31,711),(32,733),(33,449),(34,549),(35,567),(37,849),(38,345),(39,771),(40,387),(41,313),(43,26),(44,99),(45,853),(46,560),(47,190),(54,994),(55,715),(56,232),(57,901),(58,530),(60,800),(61,813),(62,975),(63,386),(64,220),(66,45),(67,85),(68,246),(69,246),(70,437),(74,488),(75,-557),(76,997),(77,494),(78,23),(80,711),(81,740),(82,242),(83,840),(84,284),(86,801),(87,386),(88,769),(89,-378),(90,230),(92,486),(93,921),(94,329),(95,703),(96,763),(98,547),(99,257),(100,488),(101,366),(102,638),(104,517),(105,-783),(106,566),(107,386),(108,462),(112,342),(113,986),(114,798),(115,480),(116,214),(118,772),(119,981),(120,-184),(121,324),(122,881),(124,521),(125,750),(126,250),(127,-577),(128,39),(130,894),(131,-949),(132,-716),(133,942),(134,547),(138,616),(139,870),(140,-342),(141,333),(142,923),(144,889),(145,465),(146,470),(147,343),(148,-769),(152,90),(153,52),(154,685),(155,404),(156,111),(158,514),(159,883),(160,270),(161,684),(162,156),(164,-733),(165,372),(166,917),(167,373),(168,507),(170,149),(171,773),(172,75),(173,565),(174,-881),(176,136),(177,640),(178,267),(179,94),(180,627),(182,519),(183,643),(184,207),(185,157),(186,620),(190,524),(191,82),(192,36),(193,263),(194,970),(196,683),(197,806),(198,777),(199,-544),(200,352),(202,611),(203,605),(204,386),(205,781),(206,83),(208,772),(209,817),(210,503),(211,847),(212,121),(214,195),(215,899),(216,373),(217,423),(218,450),(220,95),(221,522),(222,984),(223,460),(224,-689),(226,61),(227,917),(228,569),(229,971),(230,-591),(232,35),(233,718),(234,307),(235,161),(236,1000),(238,909),(239,750),(240,200),(241,79),(242,135),(246,432),(247,589),(248,533),(249,632),(250,469),(252,225),(253,966),(254,517),(255,778),(256,-465),(258,182),(259,972),(260,349),(261,695),(262,223),(264,282),(265,-981),(266,78),(267,229),(268,137),(272,50),(273,578),(274,596),(275,836),(276,120),(278,341),(279,654),(280,96),(281,-995),(282,809),(284,507),(285,83),(286,186),(287,-913),(288,303),(290,31),(291,100),(292,741),(293,-567),(294,881),(296,838),(297,215),(298,845),(299,573),(300,475),(302,723),(303,495),(304,123),(305,772),(306,769),(308,456),(309,148),(310,-920),(311,912),(312,-451),(314,30),(315,827),(316,998),(317,638),(318,669),(322,211),(323,773),(324,220),(325,431),(326,884),(327,625),(329,236),(330,994),(331,837),(332,479),(333,297),(335,283),(336,52),(337,694),(338,895),(339,140),(341,57),(342,-248),(343,-933),(344,-233),(345,326),(349,164),(350,764),(351,-228),(352,83),(353,102),(357,196),(358,675),(359,299),(360,824),(361,452),(363,-680),(364,-74),(365,169),(366,171),(367,26),(369,421),(370,188),(371,149),(372,413),(373,709),(377,718),(378,544),(379,287),(380,632),(381,252),(383,98),(384,107),(385,360),(386,499),(387,-985),(389,480),(390,148),(391,94),(392,299),(393,2),(395,-588),(396,613),(397,83),(398,-623),(399,605),(401,555),(402,368),(403,777),(404,906),(405,244),(409,287),(410,947),(411,106),(412,722),(413,262),(415,301),(416,836),(417,254),(418,422),(419,-144),(421,710),(422,576),(423,481),(424,638),(425,781),(427,409),(428,78),(429,34),(430,-508),(431,536),(433,-376),(434,68),(435,124),(436,629),(437,320),(439,697),(440,1000),(441,-825),(442,856),(443,835),(447,126),(448,620),(449,323),(450,333),(451,-797),(453,7),(454,887),(455,78),(456,30),(457,217),(459,298),(460,486),(461,942),(462,553),(463,-391),(465,843),(466,989),(467,724),(468,480),(469,333),(473,490),(474,-778),(475,931),(476,558),(477,220),(479,268),(480,280),(481,609),(482,-855),(483,400),(485,316),(486,9),(487,941),(488,134),(489,947),(496,773),(497,386),(498,340),(499,597),(500,995),(502,196),(503,953),(504,473),(505,514),(506,214),(508,972),(509,708),(510,669),(511,974),(512,44),(514,35),(515,383),(516,902),(517,578),(518,832),(520,154),(521,882),(522,579),(523,19),(524,-921),(526,-212),(527,566),(528,441),(529,823),(530,588),(532,-984),(533,986),(534,487),(535,461),(536,997),(538,723),(539,880),(540,375),(541,727),(542,77),(544,309),(545,383),(546,53),(547,-571),(548,447),(552,395),(553,950),(554,569),(555,452),(556,887),(558,702),(559,68),(560,634),(561,852),(562,364),(564,875),(565,989),(566,837),(567,-250),(568,147),(569,77),(571,-843),(572,835),(573,27),(574,149),(575,723),(577,348),(578,-204),(579,391),(580,564),(581,-169),(583,268),(584,468),(585,781),(586,82),(587,963),(589,668),(590,78),(591,573),(592,808),(593,631),(595,44),(596,700),(597,918),(598,648),(599,300),(603,-957),(604,633),(605,244),(606,891),(607,820),(609,871),(610,653),(611,319),(612,364),(613,923),(615,492),(616,727),(617,667),(618,753),(619,745),(621,205),(622,144),(623,770),(624,113),(625,575),(627,290),(628,349),(629,602),(630,248),(631,351),(633,192),(634,759),(635,180),(636,504),(637,471),(641,357),(642,604),(643,492),(644,37),(645,427),(647,881),(648,902),(649,47),(650,195),(651,735),(653,104),(654,763),(655,-97),(656,929),(657,710),(659,317),(660,813),(661,914),(662,258),(663,655),(665,511),(666,-9),(667,153),(668,444),(669,576),(671,324),(672,15),(673,309),(674,596),(675,584),(676,887),(678,380),(679,625),(680,883),(681,378),(682,805),(684,367),(685,576),(686,734),(687,720),(688,382),(692,970),(693,389),(694,237),(695,170),(696,-807),(698,704),(699,123),(700,460),(701,719),(702,738),(704,979),(705,354),(706,455),(707,272),(708,655),(710,793),(711,286),(712,25),(713,667),(714,921),(716,248),(717,390),(718,871),(719,387),(720,358),(722,556),(723,225),(724,957),(725,481),(726,14),(728,-541),(729,919),(730,383),(731,27),(732,795),(736,770),(737,934),(738,-746),(739,899),(740,15),(742,623),(743,711),(744,689),(745,56),(746,177),(748,302),(749,386),(750,514),(751,827),(752,88),(754,123),(755,131),(756,329),(757,959),(758,159),(760,-645),(761,164),(762,220),(763,395),(764,710),(768,8),(769,439),(770,739),(771,507),(772,620),(774,873),(775,448),(776,505),(777,-579),(778,322),(780,403),(781,568),(782,977),(783,772),(784,904),(786,824),(787,726),(788,733),(789,563),(790,355),(794,894),(795,262),(796,546),(797,395),(798,162),(800,528),(801,918),(802,153),(803,910),(804,997),(806,196),(807,151),(808,795),(809,166),(810,742),(812,663),(813,986),(814,889),(815,319),(816,89),(818,802),(819,335),(820,26),(821,779),(822,876),(824,665),(825,557),(826,199),(827,788),(828,437),(830,830),(831,179),(832,555),(833,608),(834,689),(836,540),(837,775),(838,430),(839,995),(840,899),(842,277),(843,-382),(844,200),(845,-504),(846,846),(850,811),(851,354),(852,-785),(853,222),(854,629),(858,445),(859,-732),(860,626),(861,180),(862,208),(864,793),(865,551),(866,852),(867,418),(868,631),(870,581),(871,929),(872,406),(873,491),(874,484),(876,34),(877,181),(878,356),(879,348),(880,913),(882,70),(883,950),(884,124),(885,361),(886,796),(888,260),(889,727),(890,688),(891,391),(892,-968),(894,829),(895,490),(896,45),(897,503),(898,529),(900,542),(901,145),(902,761),(903,52),(904,-936),(908,782),(909,-966),(910,687),(911,633),(912,783),(914,821),(915,44),(916,327),(917,12),(918,459),(920,3),(921,471),(922,682),(923,115),(924,-515),(931,678),(932,899),(933,893),(934,401),(935,197),(937,388),(938,246),(939,175),(940,446),(941,214),(943,541),(944,491),(945,555),(946,720),(947,681),(949,99),(950,175),(951,425),(952,186),(953,148),(955,-431),(956,646),(957,535),(958,-524),(959,84),(961,257),(962,26),(963,343),(964,881),(965,296),(967,-651),(968,323),(969,172),(970,756),(971,203),(973,597),(974,869),(975,13),(976,124),(977,477),(979,267),(980,771),(981,261),(982,132),(983,14),(987,-523),(988,674),(989,478),(990,86),(991,898),(993,301),(994,608),(995,123),(996,251),(997,-521),(999,282),(1000,548),(1001,129),(1002,-888),(1003,599),(1005,647),(1006,681),(1007,732),(1008,309),(1009,-181),(1011,734),(1012,-919),(1013,527),(1014,267),(1015,-937),(1017,589),(1018,963),(1019,77),(1020,74),(1021,147),(1025,-585),(1026,222),(1027,263),(1028,389),(1029,-692),(1033,7),(1034,536),(1035,502),(1036,791),(1037,688),(1039,371),(1040,344),(1041,787),(1042,33),(1043,874),(1045,547),(1046,857),(1047,-391),(1048,862),(1049,52),(1051,879),(1052,9),(1053,279),(1054,801),(1055,210),(1057,-265),(1058,618),(1059,961),(1060,731),(1061,601),(1063,183),(1064,433),(1065,35),(1066,996),(1067,428),(1069,508),(1070,564),(1071,178),(1072,181),(1073,924),(1077,-479),(1078,155),(1079,572),(1080,165),(1081,954),(1083,576),(1084,337),(1085,863),(1086,196),(1087,120),(1088,857),(1090,33),(1091,649),(1092,667),(1093,998),(1094,967),(1096,94),(1097,180),(1098,848),(1099,153),(1100,200),(1102,533),(1103,895),(1104,317),(1105,845),(1106,290),(1108,72),(1109,327),(1110,86),(1111,292),(1112,-318),(1114,728),(1115,634),(1116,281),(1117,843),(1118,304),(1122,68),(1123,2),(1124,686),(1125,560),(1126,684),(1127,721),(1129,140),(1130,-619),(1131,125),(1132,712),(1133,357),(1135,608),(1136,691),(1137,453),(1138,171),(1139,880),(1141,216),(1142,225),(1143,-364),(1144,631),(1145,467),(1149,424),(1150,836),(1151,314),(1152,287),(1153,679),(1155,27),(1156,57),(1157,702),(1158,770),(1159,305),(1161,515),(1162,749),(1163,-653),(1164,490),(1165,819),(1169,908),(1170,98),(1171,318),(1172,75),(1173,305),(1174,690),(1176,768),(1177,842),(1178,881),(1179,784),(1180,559),(1181,354),(1183,244),(1184,498),(1185,262),(1186,417),(1187,729),(1189,807),(1190,443),(1191,395),(1192,685),(1193,603),(1195,710),(1196,169),(1197,801),(1198,889),(1199,252),(1203,729),(1204,147),(1205,132),(1206,705),(1207,985),(1209,-535),(1210,185),(1211,355),(1212,249),(1213,437),(1215,390),(1216,298),(1217,263),(1218,699),(1219,881),(1221,670),(1222,718),(1223,749),(1224,-870),(1225,711),(1227,86),(1228,694),(1229,972),(1230,535),(1231,684),(1233,819),(1234,874),(1235,988),(1236,-390),(1237,560),(1241,653),(1242,619),(1243,812),(1244,495),(1245,381),(1247,576),(1248,912),(1249,-496),(1250,585),(1251,688),(1253,865),(1254,401),(1255,144),(1256,-149),(1257,995),(1259,417),(1260,634),(1261,561),(1262,473),(1263,309),(1265,209),(1266,302),(1267,41),(1268,386),(1269,957),(1271,954),(1272,154),(1273,300),(1274,665),(1275,71),(1277,-109),(1278,931),(1279,307),(1280,182),(1281,49),(1283,608),(1284,972),(1285,-699),(1286,-168),(1287,800),(1289,120),(1290,193),(1291,906),(1292,99),(1293,636),(1297,822),(1298,704),(1299,589),(1300,408),(1301,847),(1303,771),(1304,469),(1305,971),(1306,724),(1307,112),(1309,833),(1310,273),(1311,367),(1312,840),(1313,78),(1315,101),(1316,272),(1317,646),(1318,598),(1319,22),(1321,310),(1322,-933),(1323,818),(1324,484),(1325,102),(1326,-34),(1328,78),(1329,479),(1330,852),(1331,118),(1332,62),(1334,822),(1335,930),(1336,43),(1337,380),(1338,-852),(1340,162),(1341,622),(1342,820),(1343,831),(1344,172),(1350,481),(1351,-884),(1352,257),(1353,544),(1354,654),(1356,7),(1357,561),(1358,16),(1359,245),(1360,951),(1362,109),(1363,145),(1364,174),(1365,23),(1366,-211),(1368,76),(1369,761),(1370,254),(1371,186),(1372,580),(1374,759),(1375,84),(1376,10),(1377,816),(1378,-401),(1380,104),(1381,457),(1382,63),(1383,801),(1384,721),(1388,132),(1389,850),(1390,633),(1391,745),(1392,375),(1394,121),(1395,186),(1396,818),(1397,84),(1398,996),(1400,989),(1401,846),(1402,701),(1403,104),(1404,89),(1406,853),(1407,388),(1408,259),(1409,297),(1410,962),(1412,285),(1413,111),(1414,419),(1415,734),(1416,804);
/*!40000 ALTER TABLE `Segment` ENABLE KEYS */;
UNLOCK TABLES;
DROP TABLE IF EXISTS `Semaphore`;
/*!40101 SET @saved_cs_client     = @@character_set_client */;
/*!40101 SET character_set_client = utf8 */;
CREATE TABLE `Semaphore` (
  `id` int(11) NOT NULL AUTO_INCREMENT,
  `segment` int(11) NOT NULL,
  `signal` int(11) NOT NULL,
  PRIMARY KEY (`id`)
) ENGINE=MEMORY AUTO_INCREMENT=927 DEFAULT CHARSET=utf8;
/*!40101 SET character_set_client = @saved_cs_client */;

LOCK TABLES `Semaphore` WRITE;
/*!40000 ALTER TABLE `Semaphore` DISABLE KEYS */;
INSERT INTO `Semaphore` VALUES (1,1350,2),(2,7,2),(49,54,2),(491,496,2),(926,931,2);
/*!40000 ALTER TABLE `Semaphore` ENABLE KEYS */;
UNLOCK TABLES;
DROP TABLE IF EXISTS `Sensor`;
/*!40101 SET @saved_cs_client     = @@character_set_client */;
/*!40101 SET character_set_client = utf8 */;
CREATE TABLE `Sensor` (
  `id` int(11) NOT NULL AUTO_INCREMENT,
  `region` int(11) NOT NULL,
  PRIMARY KEY (`id`)
) ENGINE=MEMORY AUTO_INCREMENT=1412 DEFAULT CHARSET=utf8;
/*!40101 SET character_set_client = @saved_cs_client */;

LOCK TABLES `Sensor` WRITE;
/*!40000 ALTER TABLE `Sensor` DISABLE KEYS */;
INSERT INTO `Sensor` VALUES (6,4),(12,4),(18,4),(24,4),(30,4),(36,4),(42,4),(53,51),(59,51),(65,51),(73,51),(79,51),(85,51),(91,51),(97,51),(103,51),(111,51),(117,51),(123,51),(129,51),(137,51),(143,51),(151,51),(157,51),(163,51),(169,51),(175,51),(181,51),(189,51),(195,51),(201,51),(207,51),(213,51),(219,51),(225,51),(231,51),(237,51),(245,51),(251,51),(257,51),(263,51),(271,51),(277,51),(283,51),(289,51),(295,51),(301,51),(307,51),(313,51),(321,51),(328,51),(334,51),(340,51),(348,51),(356,51),(362,51),(368,51),(376,51),(382,51),(388,51),(394,51),(400,51),(408,51),(414,51),(420,51),(426,51),(432,51),(438,51),(446,51),(452,51),(458,51),(464,51),(472,51),(478,51),(484,51),(495,493),(501,493),(507,493),(513,493),(519,493),(525,493),(531,493),(537,493),(543,493),(551,493),(557,493),(563,493),(570,493),(576,493),(582,493),(588,493),(594,493),(602,493),(608,493),(614,493),(620,493),(626,493),(632,493),(640,493),(646,493),(652,493),(658,493),(664,493),(670,493),(677,493),(683,493),(691,493),(697,493),(703,493),(709,493),(715,493),(721,493),(727,493),(735,493),(741,493),(747,493),(753,493),(759,493),(767,493),(773,493),(779,493),(785,493),(793,493),(799,493),(805,493),(811,493),(817,493),(823,493),(829,493),(835,493),(841,493),(849,493),(857,493),(863,493),(869,493),(875,493),(881,493),(887,493),(893,493),(899,493),(907,493),(913,493),(919,493),(930,928),(936,928),(942,928),(948,928),(954,928),(960,928),(966,928),(972,928),(978,928),(986,928),(992,928),(998,928),(1004,928),(1010,928),(1016,928),(1024,928),(1032,928),(1038,928),(1044,928),(1050,928),(1056,928),(1062,928),(1068,928),(1076,928),(1082,928),(1089,928),(1095,928),(1101,928),(1107,928),(1113,928),(1121,928),(1128,928),(1134,928),(1140,928),(1148,928),(1154,928),(1160,928),(1168,928),(1175,928),(1182,928),(1188,928),(1194,928),(1202,928),(1208,928),(1214,928),(1220,928),(1226,928),(1232,928),(1240,928),(1246,928),(1252,928),(1258,928),(1264,928),(1270,928),(1276,928),(1282,928),(1288,928),(1296,928),(1302,928),(1308,928),(1314,928),(1320,928),(1327,928),(1333,928),(1339,928),(1349,1347),(1355,1347),(1361,1347),(1367,1347),(1373,1347),(1379,1347),(1387,1347),(1393,1347),(1399,1347),(1405,1347),(1411,1347);
/*!40000 ALTER TABLE `Sensor` ENABLE KEYS */;
UNLOCK TABLES;
DROP TABLE IF EXISTS `Switch`;
/*!40101 SET @saved_cs_client     = @@character_set_client */;
/*!40101 SET character_set_client = utf8 */;
CREATE TABLE `Switch` (
  `id` int(11) NOT NULL AUTO_INCREMENT,
  `currentPosition` int(11) NOT NULL,
  PRIMARY KEY (`id`)
) ENGINE=MEMORY AUTO_INCREMENT=1387 DEFAULT CHARSET=utf8;
/*!40101 SET character_set_client = @saved_cs_client */;

LOCK TABLES `Switch` WRITE;
/*!40000 ALTER TABLE `Switch` DISABLE KEYS */;
INSERT INTO `Switch` VALUES (5,1),(52,1),(72,1),(110,1),(136,1),(150,0),(188,0),(244,0),(270,0),(320,1),(347,1),(355,2),(375,0),(407,1),(445,0),(471,1),(494,2),(550,1),(601,0),(639,2),(690,0),(734,0),(766,1),(792,0),(848,2),(856,1),(906,2),(929,2),(985,0),(1023,0),(1031,1),(1075,1),(1120,0),(1147,2),(1167,2),(1201,0),(1239,1),(1295,0),(1348,0),(1386,2);
/*!40000 ALTER TABLE `Switch` ENABLE KEYS */;
UNLOCK TABLES;
DROP TABLE IF EXISTS `SwitchPosition`;
/*!40101 SET @saved_cs_client     = @@character_set_client */;
/*!40101 SET character_set_client = utf8 */;
CREATE TABLE `SwitchPosition` (
  `id` int(11) NOT NULL AUTO_INCREMENT,
  `route` int(11) DEFAULT NULL,
  `target` int(11) DEFAULT NULL,
  `position` int(11) NOT NULL,
  PRIMARY KEY (`id`)
) ENGINE=MEMORY AUTO_INCREMENT=1418 DEFAULT CHARSET=utf8;
/*!40101 SET character_set_client = @saved_cs_client */;

LOCK TABLES `SwitchPosition` WRITE;
/*!40000 ALTER TABLE `SwitchPosition` DISABLE KEYS */;
INSERT INTO `SwitchPosition` VALUES (48,3,5,1),(71,50,52,1),(109,50,72,1),(135,50,110,1),(149,50,136,1),(187,50,150,0),(243,50,188,0),(269,50,244,0),(319,50,270,0),(346,50,320,1),(354,50,347,1),(374,50,355,2),(406,50,375,0),(444,50,407,1),(470,50,445,0),(490,50,471,1),(549,492,494,2),(600,492,550,1),(638,492,601,0),(689,492,639,2),(733,492,690,2),(765,492,734,0),(791,492,766,1),(847,492,792,0),(855,492,848,2),(905,492,856,1),(925,492,906,2),(984,927,929,2),(1022,927,985,2),(1030,927,1023,0),(1074,927,1031,1),(1119,927,1075,1),(1146,927,1120,2),(1166,927,1147,0),(1200,927,1167,0),(1238,927,1201,0),(1294,927,1239,1),(1345,927,1295,0),(1385,1346,1348,0),(1417,1346,1386,2);
/*!40000 ALTER TABLE `SwitchPosition` ENABLE KEYS */;
UNLOCK TABLES;
DROP TABLE IF EXISTS `TrackElement`;
/*!40101 SET @saved_cs_client     = @@character_set_client */;
/*!40101 SET character_set_client = utf8 */;
CREATE TABLE `TrackElement` (
  `id` int(11) NOT NULL AUTO_INCREMENT,
  `region` int(11) NOT NULL,
  PRIMARY KEY (`id`)
) ENGINE=MEMORY AUTO_INCREMENT=1417 DEFAULT CHARSET=utf8;
/*!40101 SET character_set_client = @saved_cs_client */;

LOCK TABLES `TrackElement` WRITE;
/*!40000 ALTER TABLE `TrackElement` DISABLE KEYS */;
INSERT INTO `TrackElement` VALUES (5,4),(7,4),(8,4),(9,4),(10,4),(11,4),(13,4),(14,4),(15,4),(16,4),(17,4),(19,4),(20,4),(21,4),(22,4),(23,4),(25,4),(26,4),(27,4),(28,4),(29,4),(31,4),(32,4),(33,4),(34,4),(35,4),(37,4),(38,4),(39,4),(40,4),(41,4),(43,4),(44,4),(45,4),(46,4),(47,4),(52,51),(54,51),(55,51),(56,51),(57,51),(58,51),(60,51),(61,51),(62,51),(63,51),(64,51),(66,51),(67,51),(68,51),(69,51),(70,51),(72,51),(74,51),(75,51),(76,51),(77,51),(78,51),(80,51),(81,51),(82,51),(83,51),(84,51),(86,51),(87,51),(88,51),(89,51),(90,51),(92,51),(93,51),(94,51),(95,51),(96,51),(98,51),(99,51),(100,51),(101,51),(102,51),(104,51),(105,51),(106,51),(107,51),(108,51),(110,51),(112,51),(113,51),(114,51),(115,51),(116,51),(118,51),(119,51),(120,51),(121,51),(122,51),(124,51),(125,51),(126,51),(127,51),(128,51),(130,51),(131,51),(132,51),(133,51),(134,51),(136,51),(138,51),(139,51),(140,51),(141,51),(142,51),(144,51),(145,51),(146,51),(147,51),(148,51),(150,51),(152,51),(153,51),(154,51),(155,51),(156,51),(158,51),(159,51),(160,51),(161,51),(162,51),(164,51),(165,51),(166,51),(167,51),(168,51),(170,51),(171,51),(172,51),(173,51),(174,51),(176,51),(177,51),(178,51),(179,51),(180,51),(182,51),(183,51),(184,51),(185,51),(186,51),(188,51),(190,51),(191,51),(192,51),(193,51),(194,51),(196,51),(197,51),(198,51),(199,51),(200,51),(202,51),(203,51),(204,51),(205,51),(206,51),(208,51),(209,51),(210,51),(211,51),(212,51),(214,51),(215,51),(216,51),(217,51),(218,51),(220,51),(221,51),(222,51),(223,51),(224,51),(226,51),(227,51),(228,51),(229,51),(230,51),(232,51),(233,51),(234,51),(235,51),(236,51),(238,51),(239,51),(240,51),(241,51),(242,51),(244,51),(246,51),(247,51),(248,51),(249,51),(250,51),(252,51),(253,51),(254,51),(255,51),(256,51),(258,51),(259,51),(260,51),(261,51),(262,51),(264,51),(265,51),(266,51),(267,51),(268,51),(270,51),(272,51),(273,51),(274,51),(275,51),(276,51),(278,51),(279,51),(280,51),(281,51),(282,51),(284,51),(285,51),(286,51),(287,51),(288,51),(290,51),(291,51),(292,51),(293,51),(294,51),(296,51),(297,51),(298,51),(299,51),(300,51),(302,51),(303,51),(304,51),(305,51),(306,51),(308,51),(309,51),(310,51),(311,51),(312,51),(314,51),(315,51),(316,51),(317,51),(318,51),(320,51),(322,51),(323,51),(324,51),(325,51),(326,51),(327,51),(329,51),(330,51),(331,51),(332,51),(333,51),(335,51),(336,51),(337,51),(338,51),(339,51),(341,51),(342,51),(343,51),(344,51),(345,51),(347,51),(349,51),(350,51),(351,51),(352,51),(353,51),(355,51),(357,51),(358,51),(359,51),(360,51),(361,51),(363,51),(364,51),(365,51),(366,51),(367,51),(369,51),(370,51),(371,51),(372,51),(373,51),(375,51),(377,51),(378,51),(379,51),(380,51),(381,51),(383,51),(384,51),(385,51),(386,51),(387,51),(389,51),(390,51),(391,51),(392,51),(393,51),(395,51),(396,51),(397,51),(398,51),(399,51),(401,51),(402,51),(403,51),(404,51),(405,51),(407,51),(409,51),(410,51),(411,51),(412,51),(413,51),(415,51),(416,51),(417,51),(418,51),(419,51),(421,51),(422,51),(423,51),(424,51),(425,51),(427,51),(428,51),(429,51),(430,51),(431,51),(433,51),(434,51),(435,51),(436,51),(437,51),(439,51),(440,51),(441,51),(442,51),(443,51),(445,51),(447,51),(448,51),(449,51),(450,51),(451,51),(453,51),(454,51),(455,51),(456,51),(457,51),(459,51),(460,51),(461,51),(462,51),(463,51),(465,51),(466,51),(467,51),(468,51),(469,51),(471,51),(473,51),(474,51),(475,51),(476,51),(477,51),(479,51),(480,51),(481,51),(482,51),(483,51),(485,51),(486,51),(487,51),(488,51),(489,51),(494,493),(496,493),(497,493),(498,493),(499,493),(500,493),(502,493),(503,493),(504,493),(505,493),(506,493),(508,493),(509,493),(510,493),(511,493),(512,493),(514,493),(515,493),(516,493),(517,493),(518,493),(520,493),(521,493),(522,493),(523,493),(524,493),(526,493),(527,493),(528,493),(529,493),(530,493),(532,493),(533,493),(534,493),(535,493),(536,493),(538,493),(539,493),(540,493),(541,493),(542,493),(544,493),(545,493),(546,493),(547,493),(548,493),(550,493),(552,493),(553,493),(554,493),(555,493),(556,493),(558,493),(559,493),(560,493),(561,493),(562,493),(564,493),(565,493),(566,493),(567,493),(568,493),(569,493),(571,493),(572,493),(573,493),(574,493),(575,493),(577,493),(578,493),(579,493),(580,493),(581,493),(583,493),(584,493),(585,493),(586,493),(587,493),(589,493),(590,493),(591,493),(592,493),(593,493),(595,493),(596,493),(597,493),(598,493),(599,493),(601,493),(603,493),(604,493),(605,493),(606,493),(607,493),(609,493),(610,493),(611,493),(612,493),(613,493),(615,493),(616,493),(617,493),(618,493),(619,493),(621,493),(622,493),(623,493),(624,493),(625,493),(627,493),(628,493),(629,493),(630,493),(631,493),(633,493),(634,493),(635,493),(636,493),(637,493),(639,493),(641,493),(642,493),(643,493),(644,493),(645,493),(647,493),(648,493),(649,493),(650,493),(651,493),(653,493),(654,493),(655,493),(656,493),(657,493),(659,493),(660,493),(661,493),(662,493),(663,493),(665,493),(666,493),(667,493),(668,493),(669,493),(671,493),(672,493),(673,493),(674,493),(675,493),(676,493),(678,493),(679,493),(680,493),(681,493),(682,493),(684,493),(685,493),(686,493),(687,493),(688,493),(690,493),(692,493),(693,493),(694,493),(695,493),(696,493),(698,493),(699,493),(700,493),(701,493),(702,493),(704,493),(705,493),(706,493),(707,493),(708,493),(710,493),(711,493),(712,493),(713,493),(714,493),(716,493),(717,493),(718,493),(719,493),(720,493),(722,493),(723,493),(724,493),(725,493),(726,493),(728,493),(729,493),(730,493),(731,493),(732,493),(734,493),(736,493),(737,493),(738,493),(739,493),(740,493),(742,493),(743,493),(744,493),(745,493),(746,493),(748,493),(749,493),(750,493),(751,493),(752,493),(754,493),(755,493),(756,493),(757,493),(758,493),(760,493),(761,493),(762,493),(763,493),(764,493),(766,493),(768,493),(769,493),(770,493),(771,493),(772,493),(774,493),(775,493),(776,493),(777,493),(778,493),(780,493),(781,493),(782,493),(783,493),(784,493),(786,493),(787,493),(788,493),(789,493),(790,493),(792,493),(794,493),(795,493),(796,493),(797,493),(798,493),(800,493),(801,493),(802,493),(803,493),(804,493),(806,493),(807,493),(808,493),(809,493),(810,493),(812,493),(813,493),(814,493),(815,493),(816,493),(818,493),(819,493),(820,493),(821,493),(822,493),(824,493),(825,493),(826,493),(827,493),(828,493),(830,493),(831,493),(832,493),(833,493),(834,493),(836,493),(837,493),(838,493),(839,493),(840,493),(842,493),(843,493),(844,493),(845,493),(846,493),(848,493),(850,493),(851,493),(852,493),(853,493),(854,493),(856,493),(858,493),(859,493),(860,493),(861,493),(862,493),(864,493),(865,493),(866,493),(867,493),(868,493),(870,493),(871,493),(872,493),(873,493),(874,493),(876,493),(877,493),(878,493),(879,493),(880,493),(882,493),(883,493),(884,493),(885,493),(886,493),(888,493),(889,493),(890,493),(891,493),(892,493),(894,493),(895,493),(896,493),(897,493),(898,493),(900,493),(901,493),(902,493),(903,493),(904,493),(906,493),(908,493),(909,493),(910,493),(911,493),(912,493),(914,493),(915,493),(916,493),(917,493),(918,493),(920,493),(921,493),(922,493),(923,493),(924,493),(929,928),(931,928),(932,928),(933,928),(934,928),(935,928),(937,928),(938,928),(939,928),(940,928),(941,928),(943,928),(944,928),(945,928),(946,928),(947,928),(949,928),(950,928),(951,928),(952,928),(953,928),(955,928),(956,928),(957,928),(958,928),(959,928),(961,928),(962,928),(963,928),(964,928),(965,928),(967,928),(968,928),(969,928),(970,928),(971,928),(973,928),(974,928),(975,928),(976,928),(977,928),(979,928),(980,928),(981,928),(982,928),(983,928),(985,928),(987,928),(988,928),(989,928),(990,928),(991,928),(993,928),(994,928),(995,928),(996,928),(997,928),(999,928),(1000,928),(1001,928),(1002,928),(1003,928),(1005,928),(1006,928),(1007,928),(1008,928),(1009,928),(1011,928),(1012,928),(1013,928),(1014,928),(1015,928),(1017,928),(1018,928),(1019,928),(1020,928),(1021,928),(1023,928),(1025,928),(1026,928),(1027,928),(1028,928),(1029,928),(1031,928),(1033,928),(1034,928),(1035,928),(1036,928),(1037,928),(1039,928),(1040,928),(1041,928),(1042,928),(1043,928),(1045,928),(1046,928),(1047,928),(1048,928),(1049,928),(1051,928),(1052,928),(1053,928),(1054,928),(1055,928),(1057,928),(1058,928),(1059,928),(1060,928),(1061,928),(1063,928),(1064,928),(1065,928),(1066,928),(1067,928),(1069,928),(1070,928),(1071,928),(1072,928),(1073,928),(1075,928),(1077,928),(1078,928),(1079,928),(1080,928),(1081,928),(1083,928),(1084,928),(1085,928),(1086,928),(1087,928),(1088,928),(1090,928),(1091,928),(1092,928),(1093,928),(1094,928),(1096,928),(1097,928),(1098,928),(1099,928),(1100,928),(1102,928),(1103,928),(1104,928),(1105,928),(1106,928),(1108,928),(1109,928),(1110,928),(1111,928),(1112,928),(1114,928),(1115,928),(1116,928),(1117,928),(1118,928),(1120,928),(1122,928),(1123,928),(1124,928),(1125,928),(1126,928),(1127,928),(1129,928),(1130,928),(1131,928),(1132,928),(1133,928),(1135,928),(1136,928),(1137,928),(1138,928),(1139,928),(1141,928),(1142,928),(1143,928),(1144,928),(1145,928),(1147,928),(1149,928),(1150,928),(1151,928),(1152,928),(1153,928),(1155,928),(1156,928),(1157,928),(1158,928),(1159,928),(1161,928),(1162,928),(1163,928),(1164,928),(1165,928),(1167,928),(1169,928),(1170,928),(1171,928),(1172,928),(1173,928),(1174,928),(1176,928),(1177,928),(1178,928),(1179,928),(1180,928),(1181,928),(1183,928),(1184,928),(1185,928),(1186,928),(1187,928),(1189,928),(1190,928),(1191,928),(1192,928),(1193,928),(1195,928),(1196,928),(1197,928),(1198,928),(1199,928),(1201,928),(1203,928),(1204,928),(1205,928),(1206,928),(1207,928),(1209,928),(1210,928),(1211,928),(1212,928),(1213,928),(1215,928),(1216,928),(1217,928),(1218,928),(1219,928),(1221,928),(1222,928),(1223,928),(1224,928),(1225,928),(1227,928),(1228,928),(1229,928),(1230,928),(1231,928),(1233,928),(1234,928),(1235,928),(1236,928),(1237,928),(1239,928),(1241,928),(1242,928),(1243,928),(1244,928),(1245,928),(1247,928),(1248,928),(1249,928),(1250,928),(1251,928),(1253,928),(1254,928),(1255,928),(1256,928),(1257,928),(1259,928),(1260,928),(1261,928),(1262,928),(1263,928),(1265,928),(1266,928),(1267,928),(1268,928),(1269,928),(1271,928),(1272,928),(1273,928),(1274,928),(1275,928),(1277,928),(1278,928),(1279,928),(1280,928),(1281,928),(1283,928),(1284,928),(1285,928),(1286,928),(1287,928),(1289,928),(1290,928),(1291,928),(1292,928),(1293,928),(1295,928),(1297,928),(1298,928),(1299,928),(1300,928),(1301,928),(1303,928),(1304,928),(1305,928),(1306,928),(1307,928),(1309,928),(1310,928),(1311,928),(1312,928),(1313,928),(1315,928),(1316,928),(1317,928),(1318,928),(1319,928),(1321,928),(1322,928),(1323,928),(1324,928),(1325,928),(1326,928),(1328,928),(1329,928),(1330,928),(1331,928),(1332,928),(1334,928),(1335,928),(1336,928),(1337,928),(1338,928),(1340,928),(1341,928),(1342,928),(1343,928),(1344,928),(1348,1347),(1350,1347),(1351,1347),(1352,1347),(1353,1347),(1354,1347),(1356,1347),(1357,1347),(1358,1347),(1359,1347),(1360,1347),(1362,1347),(1363,1347),(1364,1347),(1365,1347),(1366,1347),(1368,1347),(1369,1347),(1370,1347),(1371,1347),(1372,1347),(1374,1347),(1375,1347),(1376,1347),(1377,1347),(1378,1347),(1380,1347),(1381,1347),(1382,1347),(1383,1347),(1384,1347),(1386,1347),(1388,1347),(1389,1347),(1390,1347),(1391,1347),(1392,1347),(1394,1347),(1395,1347),(1396,1347),(1397,1347),(1398,1347),(1400,1347),(1401,1347),(1402,1347),(1403,1347),(1404,1347),(1406,1347),(1407,1347),(1408,1347),(1409,1347),(1410,1347),(1412,1347),(1413,1347),(1414,1347),(1415,1347),(1416,1347);
/*!40000 ALTER TABLE `TrackElement` ENABLE KEYS */;
UNLOCK TABLES;
DROP TABLE IF EXISTS `connectsTo`;
/*!40101 SET @saved_cs_client     = @@character_set_client */;
/*!40101 SET character_set_client = utf8 */;
CREATE TABLE `connectsTo` (
  `TrackElement1_id` int(11) NOT NULL,
  `TrackElement2_id` int(11) NOT NULL,
  PRIMARY KEY (`TrackElement1_id`,`TrackElement2_id`),
  KEY `connectsTo_idx1` (`TrackElement1_id`),
  KEY `connectsTo_idx2` (`TrackElement2_id`)
) ENGINE=MEMORY DEFAULT CHARSET=utf8;
/*!40101 SET character_set_client = @saved_cs_client */;

LOCK TABLES `connectsTo` WRITE;
/*!40000 ALTER TABLE `connectsTo` DISABLE KEYS */;
INSERT INTO `connectsTo` VALUES (5,7),(7,8),(8,9),(9,10),(10,11),(11,13),(13,14),(14,15),(15,16),(16,17),(17,19),(19,20),(20,21),(21,22),(22,23),(23,25),(25,26),(26,27),(27,28),(28,29),(29,31),(31,32),(32,33),(33,34),(34,35),(35,37),(37,38),(38,39),(39,40),(40,41),(41,43),(43,44),(44,45),(45,46),(46,47),(52,54),(54,55),(55,56),(56,57),(57,58),(58,60),(60,61),(61,62),(62,63),(63,64),(64,66),(66,67),(67,68),(68,69),(69,70),(70,72),(72,74),(74,75),(75,76),(76,77),(77,78),(78,80),(80,81),(81,82),(82,83),(83,84),(84,86),(86,87),(87,88),(88,89),(89,90),(90,92),(92,93),(93,94),(94,95),(95,96),(96,98),(98,99),(99,100),(100,101),(101,102),(102,104),(104,105),(105,106),(106,107),(107,108),(108,110),(110,112),(112,113),(113,114),(114,115),(115,116),(116,118),(118,119),(119,120),(120,121),(121,122),(122,124),(124,125),(125,126),(126,127),(127,128),(128,130),(130,131),(131,132),(132,133),(133,134),(134,136),(136,138),(138,139),(139,140),(140,141),(141,142),(142,144),(144,145),(145,146),(146,147),(147,148),(148,150),(150,152),(152,153),(153,154),(154,155),(155,156),(156,158),(158,159),(159,160),(160,161),(161,162),(162,164),(164,165),(165,166),(166,167),(167,168),(168,170),(170,171),(171,172),(172,173),(173,174),(174,176),(176,177),(177,178),(178,179),(179,180),(180,182),(182,183),(183,184),(184,185),(185,186),(186,188),(188,190),(190,191),(191,192),(192,193),(193,194),(194,196),(196,197),(197,198),(198,199),(199,200),(200,202),(202,203),(203,204),(204,205),(205,206),(206,208),(208,209),(209,210),(210,211),(211,212),(212,214),(214,215),(215,216),(216,217),(217,218),(218,220),(220,221),(221,222),(222,223),(223,224),(224,226),(226,227),(227,228),(228,229),(229,230),(230,232),(232,233),(233,234),(234,235),(235,236),(236,238),(238,239),(239,240),(240,241),(241,242),(242,244),(244,246),(246,247),(247,248),(248,249),(249,250),(253,254),(254,255),(255,256),(256,258),(258,259),(259,260),(260,261),(261,262),(262,264),(264,265),(265,266),(266,267),(267,268),(268,270),(270,272),(272,273),(273,274),(274,275),(275,276),(276,278),(278,279),(279,280),(280,281),(281,282),(282,284),(284,285),(285,286),(286,287),(288,290),(290,291),(291,292),(292,293),(293,294),(294,296),(296,297),(297,298),(298,299),(299,300),(302,303),(303,304),(304,305),(305,306),(306,308),(308,309),(309,310),(310,311),(311,312),(312,314),(314,315),(315,316),(316,317),(317,318),(318,320),(320,322),(322,323),(323,324),(324,325),(325,326),(326,327),(327,329),(329,330),(330,331),(331,332),(332,333),(333,335),(335,336),(336,337),(337,338),(338,339),(339,341),(341,342),(342,343),(343,344),(344,345),(345,347),(347,349),(349,350),(350,351),(351,352),(352,353),(353,355),(355,357),(357,358),(358,359),(359,360),(360,361),(361,363),(363,364),(364,365),(365,366),(366,367),(367,369),(369,370),(370,371),(371,372),(372,373),(373,375),(375,377),(377,378),(378,379),(379,380),(380,381),(381,383),(383,384),(384,385),(385,386),(386,387),(387,389),(389,390),(390,391),(391,392),(392,393),(393,395),(395,396),(396,397),(397,398),(398,399),(399,401),(401,402),(402,403),(403,404),(404,405),(405,407),(407,409),(409,410),(410,411),(411,412),(412,413),(413,415),(415,416),(416,417),(417,418),(418,419),(419,421),(421,422),(422,423),(423,424),(424,425),(425,427),(427,428),(428,429),(429,430),(430,431),(431,433),(433,434),(434,435),(435,436),(436,437),(437,439),(439,440),(440,441),(441,442),(442,443),(443,445),(445,447),(447,448),(448,449),(449,450),(450,451),(451,453),(453,454),(454,455),(455,456),(456,457),(457,459),(459,460),(460,461),(461,462),(462,463),(463,465),(465,466),(466,467),(467,468),(468,469),(469,471),(471,473),(473,474),(474,475),(475,476),(476,477),(477,479),(479,480),(480,481),(481,482),(482,483),(483,485),(485,486),(486,487),(487,488),(488,489),(47,52),(494,496),(496,497),(497,498),(498,499),(499,500),(500,502),(502,503),(503,504),(504,505),(505,506),(506,508),(508,509),(509,510),(510,511),(511,512),(512,514),(514,515),(515,516),(516,517),(517,518),(518,520),(520,521),(521,522),(522,523),(523,524),(524,526),(526,527),(527,528),(528,529),(529,530),(530,532),(532,533),(533,534),(534,535),(535,536),(536,538),(538,539),(539,540),(540,541),(541,542),(542,544),(544,545),(545,546),(546,547),(547,548),(548,550),(550,552),(552,553),(553,554),(554,555),(555,556),(556,558),(558,559),(559,560),(560,561),(561,562),(562,564),(564,565),(565,566),(566,567),(567,568),(568,569),(569,571),(571,572),(572,573),(573,574),(574,575),(575,577),(577,578),(578,579),(579,580),(580,581),(581,583),(583,584),(584,585),(585,586),(586,587),(587,589),(589,590),(590,591),(591,592),(592,593),(593,595),(595,596),(596,597),(597,598),(598,599),(599,601),(601,603),(603,604),(604,605),(605,606),(606,607),(607,609),(609,610),(610,611),(611,612),(612,613),(613,615),(615,616),(616,617),(617,618),(618,619),(619,621),(621,622),(622,623),(623,624),(624,625),(625,627),(627,628),(628,629),(629,630),(630,631),(631,633),(633,634),(634,635),(635,636),(636,637),(637,639),(639,641),(641,642),(642,643),(643,644),(644,645),(645,647),(647,648),(648,649),(649,650),(650,651),(651,653),(653,654),(654,655),(655,656),(656,657),(657,659),(659,660),(660,661),(661,662),(662,663),(663,665),(665,666),(666,667),(667,668),(668,669),(669,671),(671,672),(672,673),(673,674),(674,675),(675,676),(676,678),(678,679),(679,680),(680,681),(681,682),(682,684),(684,685),(685,686),(686,687),(687,688),(688,690),(690,692),(692,693),(693,694),(694,695),(695,696),(696,698),(698,699),(699,700),(700,701),(701,702),(702,704),(704,705),(705,706),(706,707),(707,708),(708,710),(710,711),(711,712),(712,713),(713,714),(714,716),(716,717),(717,718),(718,719),(719,720),(720,722),(722,723),(723,724),(724,725),(725,726),(726,728),(728,729),(729,730),(730,731),(731,732),(732,734),(734,736),(736,737),(737,738),(738,739),(739,740),(740,742),(742,743),(743,744),(744,745),(745,746),(746,748),(748,749),(749,750),(750,751),(751,752),(752,754),(754,755),(755,756),(756,757),(757,758),(758,760),(760,761),(761,762),(762,763),(763,764),(764,766),(766,768),(768,769),(769,770),(770,771),(771,772),(772,774),(774,775),(775,776),(776,777),(777,778),(778,780),(780,781),(781,782),(782,783),(783,784),(784,786),(786,787),(787,788),(788,789),(789,790),(790,792),(792,794),(794,795),(795,796),(796,797),(797,798),(798,800),(800,801),(801,802),(802,803),(803,804),(804,806),(806,807),(807,808),(808,809),(809,810),(810,812),(812,813),(813,814),(814,815),(815,816),(816,818),(818,819),(819,820),(820,821),(821,822),(822,824),(824,825),(825,826),(826,827),(827,828),(828,830),(830,831),(831,832),(832,833),(833,834),(834,836),(836,837),(837,838),(838,839),(839,840),(840,842),(842,843),(843,844),(844,845),(845,846),(846,848),(848,850),(850,851),(851,852),(852,853),(853,854),(854,856),(856,858),(858,859),(859,860),(860,861),(861,862),(862,864),(864,865),(865,866),(866,867),(867,868),(868,870),(870,871),(871,872),(872,873),(873,874),(874,876),(876,877),(877,878),(878,879),(879,880),(880,882),(882,883),(883,884),(884,885),(885,886),(886,888),(888,889),(889,890),(890,891),(891,892),(892,894),(894,895),(895,896),(896,897),(897,898),(898,900),(900,901),(901,902),(902,903),(903,904),(904,906),(906,908),(908,909),(909,910),(910,911),(911,912),(912,914),(914,915),(915,916),(916,917),(917,918),(918,920),(920,921),(921,922),(922,923),(923,924),(489,494),(929,931),(931,932),(932,933),(933,934),(934,935),(935,937),(937,938),(938,939),(939,940),(940,941),(941,943),(943,944),(944,945),(945,946),(946,947),(947,949),(949,950),(950,951),(951,952),(952,953),(953,955),(955,956),(956,957),(957,958),(958,959),(959,961),(961,962),(962,963),(963,964),(964,965),(965,967),(967,968),(968,969),(969,970),(970,971),(971,973),(973,974),(974,975),(975,976),(976,977),(977,979),(979,980),(980,981),(981,982),(982,983),(983,985),(985,987),(987,988),(988,989),(989,990),(990,991),(991,993),(993,994),(994,995),(995,996),(996,997),(997,999),(999,1000),(1000,1001),(1001,1002),(1002,1003),(1003,1005),(1005,1006),(1006,1007),(1007,1008),(1008,1009),(1009,1011),(1011,1012),(1012,1013),(1013,1014),(1014,1015),(1015,1017),(1017,1018),(1018,1019),(1019,1020),(1020,1021),(1021,1023),(1023,1025),(1025,1026),(1026,1027),(1027,1028),(1028,1029),(1029,1031),(1031,1033),(1033,1034),(1034,1035),(1035,1036),(1036,1037),(1037,1039),(1039,1040),(1040,1041),(1041,1042),(1042,1043),(1043,1045),(1045,1046),(1046,1047),(1047,1048),(1048,1049),(1049,1051),(1051,1052),(1052,1053),(1053,1054),(1054,1055),(1055,1057),(1057,1058),(1058,1059),(1059,1060),(1060,1061),(1061,1063),(1063,1064),(1064,1065),(1065,1066),(1066,1067),(1067,1069),(1069,1070),(1070,1071),(1071,1072),(1072,1073),(1073,1075),(1075,1077),(1077,1078),(1078,1079),(1079,1080),(1080,1081),(1081,1083),(1083,1084),(1084,1085),(1085,1086),(1086,1087),(1087,1088),(1088,1090),(1090,1091),(1091,1092),(1092,1093),(1093,1094),(1094,1096),(1096,1097),(1097,1098),(1098,1099),(1099,1100),(1100,1102),(1102,1103),(1103,1104),(1104,1105),(1105,1106),(1106,1108),(1108,1109),(1109,1110),(1110,1111),(1111,1112),(1112,1114),(1114,1115),(1115,1116),(1116,1117),(1117,1118),(1118,1120),(1120,1122),(1122,1123),(1123,1124),(1124,1125),(1125,1126),(1126,1127),(1127,1129),(1129,1130),(1130,1131),(1131,1132),(1132,1133),(1133,1135),(1135,1136),(1136,1137),(1137,1138),(1138,1139),(1139,1141),(1141,1142),(1142,1143),(1143,1144),(1144,1145),(1145,1147),(1147,1149),(1149,1150),(1150,1151),(1151,1152),(1152,1153),(1153,1155),(1155,1156),(1156,1157),(1157,1158),(1158,1159),(1159,1161),(1161,1162),(1162,1163),(1163,1164),(1164,1165),(1165,1167),(1167,1169),(1169,1170),(1170,1171),(1171,1172),(1172,1173),(1173,1174),(1174,1176),(1176,1177),(1177,1178),(1178,1179),(1179,1180),(1180,1181),(1181,1183),(1183,1184),(1184,1185),(1185,1186),(1186,1187),(1187,1189),(1189,1190),(1190,1191),(1191,1192),(1192,1193),(1193,1195),(1195,1196),(1196,1197),(1197,1198),(1198,1199),(1199,1201),(1201,1203),(1203,1204),(1204,1205),(1205,1206),(1206,1207),(1207,1209),(1209,1210),(1210,1211),(1211,1212),(1212,1213),(1213,1215),(1215,1216),(1216,1217),(1217,1218),(1218,1219),(1219,1221),(1221,1222),(1222,1223),(1223,1224),(1224,1225),(1225,1227),(1227,1228),(1228,1229),(1229,1230),(1230,1231),(1231,1233),(1233,1234),(1234,1235),(1235,1236),(1236,1237),(1237,1239),(1239,1241),(1241,1242),(1242,1243),(1243,1244),(1244,1245),(1245,1247),(1247,1248),(1248,1249),(1249,1250),(1250,1251),(1251,1253),(1253,1254),(1254,1255),(1255,1256),(1256,1257),(1257,1259),(1259,1260),(1260,1261),(1261,1262),(1262,1263),(1263,1265),(1265,1266),(1266,1267),(1267,1268),(1268,1269),(1269,1271),(1271,1272),(1272,1273),(1273,1274),(1274,1275),(1275,1277),(1277,1278),(1278,1279),(1279,1280),(1280,1281),(1281,1283),(1283,1284),(1284,1285),(1285,1286),(1286,1287),(1287,1289),(1289,1290),(1290,1291),(1291,1292),(1292,1293),(1293,1295),(1295,1297),(1297,1298),(1298,1299),(1299,1300),(1300,1301),(1301,1303),(1303,1304),(1304,1305),(1305,1306),(1306,1307),(1307,1309),(1309,1310),(1310,1311),(1311,1312),(1312,1313),(1313,1315),(1315,1316),(1316,1317),(1317,1318),(1318,1319),(1319,1321),(1321,1322),(1322,1323),(1323,1324),(1324,1325),(1325,1326),(1326,1328),(1328,1329),(1329,1330),(1330,1331),(1331,1332),(1332,1334),(1334,1335),(1335,1336),(1336,1337),(1337,1338),(1338,1340),(1340,1341),(1341,1342),(1342,1343),(1343,1344),(924,929),(1348,1350),(1350,1351),(1351,1352),(1352,1353),(1353,1354),(1354,1356),(1356,1357),(1357,1358),(1358,1359),(1359,1360),(1360,1362),(1362,1363),(1363,1364),(1364,1365),(1365,1366),(1366,1368),(1368,1369),(1369,1370),(1370,1371),(1371,1372),(1372,1374),(1374,1375),(1375,1376),(1376,1377),(1377,1378),(1378,1380),(1380,1381),(1381,1382),(1382,1383),(1383,1384),(1384,1386),(1386,1388),(1388,1389),(1389,1390),(1390,1391),(1391,1392),(1392,1394),(1394,1395),(1395,1396),(1396,1397),(1397,1398),(1398,1400),(1400,1401),(1401,1402),(1402,1403),(1403,1404),(1404,1406),(1406,1407),(1407,1408),(1408,1409),(1409,1410),(1410,1412),(1412,1413),(1413,1414),(1414,1415),(1415,1416),(1344,1348),(1416,5);
/*!40000 ALTER TABLE `connectsTo` ENABLE KEYS */;
UNLOCK TABLES;
DROP TABLE IF EXISTS `monitoredBy`;
/*!40101 SET @saved_cs_client     = @@character_set_client */;
/*!40101 SET character_set_client = utf8 */;
CREATE TABLE `monitoredBy` (
  `TrackElement_id` int(11) NOT NULL,
  `Sensor_id` int(11) NOT NULL,
  PRIMARY KEY (`TrackElement_id`,`Sensor_id`),
  KEY `monitoredBy_idx` (`Sensor_id`,`TrackElement_id`)
) ENGINE=MEMORY DEFAULT CHARSET=utf8;
/*!40101 SET character_set_client = @saved_cs_client */;

LOCK TABLES `monitoredBy` WRITE;
/*!40000 ALTER TABLE `monitoredBy` DISABLE KEYS */;
INSERT INTO `monitoredBy` VALUES (7,6),(8,6),(9,6),(10,6),(11,6),(5,12),(13,12),(14,12),(15,12),(16,12),(17,12),(19,18),(20,18),(21,18),(22,18),(23,18),(25,24),(26,24),(27,24),(28,24),(29,24),(5,30),(31,30),(32,30),(33,30),(34,30),(35,30),(5,36),(37,36),(38,36),(39,36),(40,36),(41,36),(43,42),(44,42),(45,42),(46,42),(47,42),(52,53),(54,53),(55,53),(56,53),(57,53),(58,53),(52,59),(60,59),(61,59),(62,59),(63,59),(64,59),(52,65),(66,65),(67,65),(68,65),(69,65),(70,65),(72,73),(74,73),(75,73),(76,73),(77,73),(78,73),(72,79),(80,79),(81,79),(82,79),(83,79),(84,79),(72,85),(86,85),(87,85),(88,85),(89,85),(90,85),(92,91),(93,91),(94,91),(95,91),(96,91),(72,97),(98,97),(99,97),(100,97),(101,97),(102,97),(104,103),(105,103),(106,103),(107,103),(108,103),(110,111),(112,111),(113,111),(114,111),(115,111),(116,111),(118,117),(119,117),(120,117),(121,117),(122,117),(110,123),(124,123),(125,123),(126,123),(127,123),(128,123),(110,129),(130,129),(131,129),(132,129),(133,129),(134,129),(138,137),(139,137),(140,137),(141,137),(142,137),(136,143),(144,143),(145,143),(146,143),(147,143),(148,143),(150,151),(152,151),(153,151),(154,151),(155,151),(156,151),(150,157),(158,157),(159,157),(160,157),(161,157),(162,157),(150,163),(164,163),(165,163),(166,163),(167,163),(168,163),(150,169),(170,169),(171,169),(172,169),(173,169),(174,169),(176,175),(177,175),(178,175),(179,175),(180,175),(150,181),(182,181),(183,181),(184,181),(185,181),(186,181),(188,189),(190,189),(191,189),(192,189),(193,189),(194,189),(188,195),(196,195),(197,195),(198,195),(199,195),(200,195),(188,201),(202,201),(203,201),(204,201),(205,201),(206,201),(188,207),(208,207),(209,207),(210,207),(211,207),(212,207),(188,213),(214,213),(215,213),(216,213),(217,213),(218,213),(188,219),(220,219),(221,219),(222,219),(223,219),(224,219),(188,225),(226,225),(227,225),(228,225),(229,225),(230,225),(188,231),(232,231),(233,231),(234,231),(235,231),(236,231),(188,237),(238,237),(239,237),(240,237),(241,237),(242,237),(244,245),(246,245),(247,245),(248,245),(249,245),(250,245),(244,251),(252,251),(253,251),(254,251),(255,251),(256,251),(244,257),(258,257),(259,257),(260,257),(261,257),(262,257),(244,263),(264,263),(265,263),(266,263),(267,263),(268,263),(270,271),(272,271),(273,271),(274,271),(275,271),(276,271),(270,277),(278,277),(279,277),(280,277),(281,277),(282,277),(270,283),(284,283),(285,283),(286,283),(287,283),(288,283),(270,289),(290,289),(291,289),(292,289),(293,289),(294,289),(270,295),(296,295),(297,295),(298,295),(299,295),(300,295),(270,301),(302,301),(303,301),(304,301),(305,301),(306,301),(270,307),(308,307),(309,307),(310,307),(311,307),(312,307),(314,313),(315,313),(316,313),(317,313),(318,313),(320,321),(322,321),(323,321),(324,321),(325,321),(326,321),(327,321),(329,328),(330,328),(331,328),(332,328),(333,328),(320,334),(335,334),(336,334),(337,334),(338,334),(339,334),(320,340),(341,340),(342,340),(343,340),(344,340),(345,340),(347,348),(349,348),(350,348),(351,348),(352,348),(353,348),(355,356),(357,356),(358,356),(359,356),(360,356),(361,356),(363,362),(364,362),(365,362),(366,362),(367,362),(355,368),(369,368),(370,368),(371,368),(372,368),(373,368),(375,376),(377,376),(378,376),(379,376),(380,376),(381,376),(383,382),(384,382),(385,382),(386,382),(387,382),(375,388),(389,388),(390,388),(391,388),(392,388),(393,388),(395,394),(396,394),(397,394),(398,394),(399,394),(401,400),(402,400),(403,400),(404,400),(405,400),(409,408),(410,408),(411,408),(412,408),(413,408),(415,414),(416,414),(417,414),(418,414),(419,414),(407,420),(421,420),(422,420),(423,420),(424,420),(425,420),(407,426),(427,426),(428,426),(429,426),(430,426),(431,426),(433,432),(434,432),(435,432),(436,432),(437,432),(407,438),(439,438),(440,438),(441,438),(442,438),(443,438),(445,446),(447,446),(448,446),(449,446),(450,446),(451,446),(453,452),(454,452),(455,452),(456,452),(457,452),(445,458),(459,458),(460,458),(461,458),(462,458),(463,458),(445,464),(465,464),(466,464),(467,464),(468,464),(469,464),(471,472),(473,472),(474,472),(475,472),(476,472),(477,472),(479,478),(480,478),(481,478),(482,478),(483,478),(471,484),(485,484),(486,484),(487,484),(488,484),(489,484),(496,495),(497,495),(498,495),(499,495),(500,495),(494,501),(502,501),(503,501),(504,501),(505,501),(506,501),(494,507),(508,507),(509,507),(510,507),(511,507),(512,507),(494,513),(514,513),(515,513),(516,513),(517,513),(518,513),(494,519),(520,519),(521,519),(522,519),(523,519),(524,519),(494,525),(526,525),(527,525),(528,525),(529,525),(530,525),(494,531),(532,531),(533,531),(534,531),(535,531),(536,531),(494,537),(538,537),(539,537),(540,537),(541,537),(542,537),(494,543),(544,543),(545,543),(546,543),(547,543),(548,543),(550,551),(552,551),(553,551),(554,551),(555,551),(556,551),(550,557),(558,557),(559,557),(560,557),(561,557),(562,557),(550,563),(564,563),(565,563),(566,563),(567,563),(568,563),(569,563),(550,570),(571,570),(572,570),(573,570),(574,570),(575,570),(550,576),(577,576),(578,576),(579,576),(580,576),(581,576),(550,582),(583,582),(584,582),(585,582),(586,582),(587,582),(550,588),(589,588),(590,588),(591,588),(592,588),(593,588),(550,594),(595,594),(596,594),(597,594),(598,594),(599,594),(601,602),(603,602),(604,602),(605,602),(606,602),(607,602),(609,608),(610,608),(611,608),(612,608),(613,608),(601,614),(615,614),(616,614),(617,614),(618,614),(619,614),(601,620),(621,620),(622,620),(623,620),(624,620),(625,620),(601,626),(627,626),(628,626),(629,626),(630,626),(631,626),(601,632),(633,632),(634,632),(635,632),(636,632),(637,632),(639,640),(641,640),(642,640),(643,640),(644,640),(645,640),(639,646),(647,646),(648,646),(649,646),(650,646),(651,646),(653,652),(654,652),(655,652),(656,652),(657,652),(639,658),(659,658),(660,658),(661,658),(662,658),(663,658),(665,664),(666,664),(667,664),(668,664),(669,664),(671,670),(672,670),(673,670),(674,670),(675,670),(676,670),(639,677),(678,677),(679,677),(680,677),(681,677),(682,677),(639,683),(684,683),(685,683),(686,683),(687,683),(688,683),(690,691),(692,691),(693,691),(694,691),(695,691),(696,691),(690,697),(698,697),(699,697),(700,697),(701,697),(702,697),(704,703),(705,703),(706,703),(707,703),(708,703),(710,709),(711,709),(712,709),(713,709),(714,709),(690,715),(716,715),(717,715),(718,715),(719,715),(720,715),(690,721),(722,721),(723,721),(724,721),(725,721),(726,721),(690,727),(728,727),(729,727),(730,727),(731,727),(732,727),(736,735),(737,735),(738,735),(739,735),(740,735),(742,741),(743,741),(744,741),(745,741),(746,741),(734,747),(748,747),(749,747),(750,747),(751,747),(752,747),(734,753),(754,753),(755,753),(756,753),(757,753),(758,753),(734,759),(760,759),(761,759),(762,759),(763,759),(764,759),(766,767),(768,767),(769,767),(770,767),(771,767),(772,767),(766,773),(774,773),(775,773),(776,773),(777,773),(778,773),(766,779),(780,779),(781,779),(782,779),(783,779),(784,779),(766,785),(786,785),(787,785),(788,785),(789,785),(790,785),(792,793),(794,793),(795,793),(796,793),(797,793),(798,793),(792,799),(800,799),(801,799),(802,799),(803,799),(804,799),(792,805),(806,805),(807,805),(808,805),(809,805),(810,805),(792,811),(812,811),(813,811),(814,811),(815,811),(816,811),(792,817),(818,817),(819,817),(820,817),(821,817),(822,817),(792,823),(824,823),(825,823),(826,823),(827,823),(828,823),(792,829),(830,829),(831,829),(832,829),(833,829),(834,829),(792,835),(836,835),(837,835),(838,835),(839,835),(840,835),(792,841),(842,841),(843,841),(844,841),(845,841),(846,841),(848,849),(850,849),(851,849),(852,849),(853,849),(854,849),(856,857),(858,857),(859,857),(860,857),(861,857),(862,857),(856,863),(864,863),(865,863),(866,863),(867,863),(868,863),(856,869),(870,869),(871,869),(872,869),(873,869),(874,869),(876,875),(877,875),(878,875),(879,875),(880,875),(856,881),(882,881),(883,881),(884,881),(885,881),(886,881),(856,887),(888,887),(889,887),(890,887),(891,887),(892,887),(856,893),(894,893),(895,893),(896,893),(897,893),(898,893),(856,899),(900,899),(901,899),(902,899),(903,899),(904,899),(906,907),(908,907),(909,907),(910,907),(911,907),(912,907),(906,913),(914,913),(915,913),(916,913),(917,913),(918,913),(906,919),(920,919),(921,919),(922,919),(923,919),(924,919),(929,930),(931,930),(932,930),(933,930),(934,930),(935,930),(937,936),(938,936),(939,936),(940,936),(941,936),(943,942),(944,942),(945,942),(946,942),(947,942),(929,948),(949,948),(950,948),(951,948),(952,948),(953,948),(929,954),(955,954),(956,954),(957,954),(958,954),(959,954),(961,960),(962,960),(963,960),(964,960),(965,960),(929,966),(967,966),(968,966),(969,966),(970,966),(971,966),(929,972),(973,972),(974,972),(975,972),(976,972),(977,972),(929,978),(979,978),(980,978),(981,978),(982,978),(983,978),(985,986),(987,986),(988,986),(989,986),(990,986),(991,986),(985,992),(993,992),(994,992),(995,992),(996,992),(997,992),(985,998),(999,998),(1000,998),(1001,998),(1002,998),(1003,998),(985,1004),(1005,1004),(1006,1004),(1007,1004),(1008,1004),(1009,1004),(985,1010),(1011,1010),(1012,1010),(1013,1010),(1014,1010),(1015,1010),(985,1016),(1017,1016),(1018,1016),(1019,1016),(1020,1016),(1021,1016),(1023,1024),(1025,1024),(1026,1024),(1027,1024),(1028,1024),(1029,1024),(1033,1032),(1034,1032),(1035,1032),(1036,1032),(1037,1032),(1031,1038),(1039,1038),(1040,1038),(1041,1038),(1042,1038),(1043,1038),(1031,1044),(1045,1044),(1046,1044),(1047,1044),(1048,1044),(1049,1044),(1031,1050),(1051,1050),(1052,1050),(1053,1050),(1054,1050),(1055,1050),(1031,1056),(1057,1056),(1058,1056),(1059,1056),(1060,1056),(1061,1056),(1063,1062),(1064,1062),(1065,1062),(1066,1062),(1067,1062),(1031,1068),(1069,1068),(1070,1068),(1071,1068),(1072,1068),(1073,1068),(1077,1076),(1078,1076),(1079,1076),(1080,1076),(1081,1076),(1075,1082),(1083,1082),(1084,1082),(1085,1082),(1086,1082),(1087,1082),(1088,1082),(1090,1089),(1091,1089),(1092,1089),(1093,1089),(1094,1089),(1075,1095),(1096,1095),(1097,1095),(1098,1095),(1099,1095),(1100,1095),(1075,1101),(1102,1101),(1103,1101),(1104,1101),(1105,1101),(1106,1101),(1108,1107),(1109,1107),(1110,1107),(1111,1107),(1112,1107),(1075,1113),(1114,1113),(1115,1113),(1116,1113),(1117,1113),(1118,1113),(1120,1121),(1122,1121),(1123,1121),(1124,1121),(1125,1121),(1126,1121),(1127,1121),(1120,1128),(1129,1128),(1130,1128),(1131,1128),(1132,1128),(1133,1128),(1120,1134),(1135,1134),(1136,1134),(1137,1134),(1138,1134),(1139,1134),(1141,1140),(1142,1140),(1143,1140),(1144,1140),(1145,1140),(1147,1148),(1149,1148),(1150,1148),(1151,1148),(1152,1148),(1153,1148),(1155,1154),(1156,1154),(1157,1154),(1158,1154),(1159,1154),(1147,1160),(1161,1160),(1162,1160),(1163,1160),(1164,1160),(1165,1160),(1167,1168),(1169,1168),(1170,1168),(1171,1168),(1172,1168),(1173,1168),(1174,1168),(1176,1175),(1177,1175),(1178,1175),(1179,1175),(1180,1175),(1181,1175),(1183,1182),(1184,1182),(1185,1182),(1186,1182),(1187,1182),(1189,1188),(1190,1188),(1191,1188),(1192,1188),(1193,1188),(1167,1194),(1195,1194),(1196,1194),(1197,1194),(1198,1194),(1199,1194),(1201,1202),(1203,1202),(1204,1202),(1205,1202),(1206,1202),(1207,1202),(1201,1208),(1209,1208),(1210,1208),(1211,1208),(1212,1208),(1213,1208),(1215,1214),(1216,1214),(1217,1214),(1218,1214),(1219,1214),(1201,1220),(1221,1220),(1222,1220),(1223,1220),(1224,1220),(1225,1220),(1227,1226),(1228,1226),(1229,1226),(1230,1226),(1231,1226),(1201,1232),(1233,1232),(1234,1232),(1235,1232),(1236,1232),(1237,1232),(1239,1240),(1241,1240),(1242,1240),(1243,1240),(1244,1240),(1245,1240),(1247,1246),(1248,1246),(1249,1246),(1250,1246),(1251,1246),(1253,1252),(1254,1252),(1255,1252),(1256,1252),(1257,1252),(1239,1258),(1259,1258),(1260,1258),(1261,1258),(1262,1258),(1263,1258),(1239,1264),(1265,1264),(1266,1264),(1267,1264),(1268,1264),(1269,1264),(1239,1270),(1271,1270),(1272,1270),(1273,1270),(1274,1270),(1275,1270),(1239,1276),(1277,1276),(1278,1276),(1279,1276),(1280,1276),(1281,1276),(1283,1282),(1284,1282),(1285,1282),(1286,1282),(1287,1282),(1239,1288),(1289,1288),(1290,1288),(1291,1288),(1292,1288),(1293,1288),(1297,1296),(1298,1296),(1299,1296),(1300,1296),(1301,1296),(1295,1302),(1303,1302),(1304,1302),(1305,1302),(1306,1302),(1307,1302),(1295,1308),(1309,1308),(1310,1308),(1311,1308),(1312,1308),(1313,1308),(1295,1314),(1315,1314),(1316,1314),(1317,1314),(1318,1314),(1319,1314),(1295,1320),(1321,1320),(1322,1320),(1323,1320),(1324,1320),(1325,1320),(1326,1320),(1328,1327),(1329,1327),(1330,1327),(1331,1327),(1332,1327),(1295,1333),(1334,1333),(1335,1333),(1336,1333),(1337,1333),(1338,1333),(1295,1339),(1340,1339),(1341,1339),(1342,1339),(1343,1339),(1344,1339),(1348,1349),(1350,1349),(1351,1349),(1352,1349),(1353,1349),(1354,1349),(1348,1355),(1356,1355),(1357,1355),(1358,1355),(1359,1355),(1360,1355),(1348,1361),(1362,1361),(1363,1361),(1364,1361),(1365,1361),(1366,1361),(1348,1367),(1368,1367),(1369,1367),(1370,1367),(1371,1367),(1372,1367),(1348,1373),(1374,1373),(1375,1373),(1376,1373),(1377,1373),(1378,1373),(1348,1379),(1380,1379),(1381,1379),(1382,1379),(1383,1379),(1384,1379),(1386,1387),(1388,1387),(1389,1387),(1390,1387),(1391,1387),(1392,1387),(1394,1393),(1395,1393),(1396,1393),(1397,1393),(1398,1393),(1386,1399),(1400,1399),(1401,1399),(1402,1399),(1403,1399),(1404,1399),(1406,1405),(1407,1405),(1408,1405),(1409,1405),(1410,1405),(1386,1411),(1412,1411),(1413,1411),(1414,1411),(1415,1411),(1416,1411);
/*!40000 ALTER TABLE `monitoredBy` ENABLE KEYS */;
UNLOCK TABLES;
DROP TABLE IF EXISTS `requires`;
/*!40101 SET @saved_cs_client     = @@character_set_client */;
/*!40101 SET character_set_client = utf8 */;
CREATE TABLE `requires` (
  `Route_id` int(11) NOT NULL,
  `Sensor_id` int(11) NOT NULL,
  PRIMARY KEY (`Route_id`,`Sensor_id`)
) ENGINE=MEMORY DEFAULT CHARSET=utf8;
/*!40101 SET character_set_client = @saved_cs_client */;

LOCK TABLES `requires` WRITE;
/*!40000 ALTER TABLE `requires` DISABLE KEYS */;
INSERT INTO `requires` VALUES (3,12),(3,30),(3,36),(50,53),(50,59),(50,65),(50,73),(50,79),(50,85),(50,97),(50,111),(50,123),(50,129),(50,143),(50,151),(50,163),(50,169),(50,181),(50,189),(50,195),(50,207),(50,213),(50,219),(50,225),(50,231),(50,237),(50,245),(50,251),(50,257),(50,263),(50,271),(50,277),(50,283),(50,289),(50,301),(50,307),(50,321),(50,340),(50,348),(50,368),(50,376),(50,388),(50,420),(50,426),(50,438),(50,446),(50,458),(50,464),(50,472),(50,484),(492,501),(492,507),(492,519),(492,525),(492,543),(492,551),(492,557),(492,563),(492,576),(492,582),(492,588),(492,594),(492,602),(492,614),(492,626),(492,632),(492,640),(492,658),(492,677),(492,683),(492,691),(492,697),(492,715),(492,721),(492,727),(492,747),(492,753),(492,759),(492,773),(492,779),(492,785),(492,793),(492,799),(492,805),(492,811),(492,817),(492,823),(492,829),(492,835),(492,841),(492,849),(492,857),(492,863),(492,869),(492,881),(492,887),(492,893),(492,907),(492,913),(492,919),(927,930),(927,948),(927,954),(927,966),(927,972),(927,978),(927,986),(927,992),(927,998),(927,1004),(927,1010),(927,1016),(927,1024),(927,1038),(927,1044),(927,1050),(927,1056),(927,1082),(927,1095),(927,1101),(927,1113),(927,1121),(927,1134),(927,1160),(927,1168),(927,1194),(927,1202),(927,1208),(927,1220),(927,1232),(927,1240),(927,1258),(927,1264),(927,1270),(927,1276),(927,1288),(927,1302),(927,1308),(927,1314),(927,1320),(927,1333),(1346,1349),(1346,1355),(1346,1361),(1346,1367),(1346,1373),(1346,1387),(1346,1399),(1346,1411);
/*!40000 ALTER TABLE `requires` ENABLE KEYS */;
UNLOCK TABLES;
/*!40103 SET TIME_ZONE=@OLD_TIME_ZONE */;

/*!40101 SET SQL_MODE=@OLD_SQL_MODE */;
/*!40014 SET FOREIGN_KEY_CHECKS=@OLD_FOREIGN_KEY_CHECKS */;
/*!40014 SET UNIQUE_CHECKS=@OLD_UNIQUE_CHECKS */;
/*!40101 SET CHARACTER_SET_CLIENT=@OLD_CHARACTER_SET_CLIENT */;
/*!40101 SET CHARACTER_SET_RESULTS=@OLD_CHARACTER_SET_RESULTS */;
/*!40101 SET COLLATION_CONNECTION=@OLD_COLLATION_CONNECTION */;
/*!40111 SET SQL_NOTES=@OLD_SQL_NOTES */;

