PRAGMA synchronous = OFF;
PRAGMA journal_mode = MEMORY;
BEGIN TRANSACTION;
CREATE TABLE `Region` (
  `id` integer NOT NULL PRIMARY KEY AUTOINCREMENT
);
INSERT INTO `Region` VALUES (4),(51),(160),(183),(385);
CREATE TABLE `Route` (
  `id` integer NOT NULL PRIMARY KEY AUTOINCREMENT
,  `active` integer DEFAULT NULL
,  `entry` integer DEFAULT NULL
,  `exit` integer DEFAULT NULL
);
INSERT INTO `Route` VALUES (3,1,NULL,2),(50,1,2,49),(159,1,49,158),(182,1,NULL,181),(384,1,181,1);
CREATE TABLE `Segment` (
  `id` integer NOT NULL PRIMARY KEY AUTOINCREMENT
,  `length` integer NOT NULL DEFAULT '1'
);
INSERT INTO `Segment` VALUES (7,335),(8,439),(9,90),(10,395),(11,134),(13,137),(14,494),(15,979),(16,815),(17,813),(19,968),(20,197),(21,324),(22,645),(23,517),(25,212),(26,994),(27,472),(28,679),(29,745),(31,542),(32,655),(33,988),(34,483),(35,636),(37,429),(38,892),(39,149),(40,209),(41,721),(43,853),(44,560),(45,190),(46,764),(47,872),(54,232),(55,901),(56,530),(57,494),(58,273),(60,975),(61,386),(62,220),(63,929),(64,152),(66,246),(67,246),(68,437),(69,375),(70,942),(72,301),(73,437),(74,511),(75,625),(76,111),(78,227),(79,145),(80,789),(81,456),(82,434),(84,-822),(85,395),(86,608),(87,829),(88,619),(90,921),(91,329),(92,703),(93,763),(94,890),(96,257),(97,488),(98,366),(99,638),(100,102),(104,386),(105,462),(106,657),(107,931),(108,119),(110,392),(111,782),(112,212),(113,907),(114,118),(116,186),(117,324),(118,881),(119,740),(120,897),(122,250),(123,579),(124,39),(125,91),(126,963),(128,402),(129,337),(130,59),(131,686),(132,212),(134,191),(135,610),(136,374),(137,792),(138,100),(140,11),(141,14),(142,232),(143,605),(144,799),(146,518),(147,90),(148,52),(149,685),(150,404),(152,610),(153,514),(154,883),(155,270),(156,684),(163,917),(164,373),(165,507),(166,348),(167,411),(169,75),(170,565),(171,883),(172,415),(173,136),(175,857),(176,933),(177,976),(178,644),(179,519),(186,905),(187,453),(188,322),(189,524),(190,82),(192,717),(193,150),(194,159),(195,683),(196,806),(198,371),(199,227),(200,208),(201,611),(202,605),(204,652),(205,27),(206,42),(207,772),(208,817),(210,300),(211,51),(212,270),(213,195),(214,899),(216,21),(217,820),(218,291),(219,95),(220,522),(222,108),(223,176),(224,759),(225,61),(226,917),(230,358),(231,673),(232,969),(233,421),(234,514),(238,909),(239,750),(240,200),(241,79),(242,135),(244,639),(245,758),(246,89),(247,135),(248,735),(250,576),(251,78),(252,56),(253,161),(254,145),(256,367),(257,522),(258,579),(259,940),(260,900),(264,282),(265,983),(266,78),(267,229),(268,137),(270,500),(271,683),(272,633),(273,456),(274,525),(276,173),(277,638),(278,792),(279,65),(280,707),(284,507),(285,83),(286,186),(287,915),(288,303),(290,31),(291,100),(292,741),(293,569),(294,881),(296,838),(297,215),(298,845),(299,573),(300,475),(302,723),(303,495),(304,123),(305,772),(306,769),(308,456),(309,148),(310,922),(311,912),(312,-451),(316,998),(317,638),(318,669),(319,546),(320,443),(322,827),(323,941),(324,26),(325,939),(326,703),(328,236),(329,994),(330,837),(331,479),(332,297),(334,283),(335,52),(336,694),(337,895),(338,140),(340,57),(341,250),(342,935),(343,235),(344,326),(346,392),(347,628),(348,558),(349,110),(350,30),(352,351),(353,54),(354,509),(355,196),(356,675),(360,5),(361,682),(362,76),(363,169),(364,171),(366,726),(367,421),(368,188),(369,149),(370,413),(372,531),(373,36),(374,578),(375,322),(376,563),(378,252),(379,611),(380,98),(381,107),(382,360),(388,296),(389,-684),(390,810),(391,659),(392,630),(394,605),(395,501),(396,555),(397,368),(398,777),(400,520),(401,585),(402,11),(403,287),(404,947),(406,867),(407,940),(408,965),(409,-378),(410,268),(412,-144),(413,43),(414,938),(415,693),(416,813),(418,781),(419,267),(420,328),(421,761),(422,453),(424,536),(425,818),(426,378),(427,68),(428,124),(430,796),(431,649),(432,697),(433,1000),(434,827),(436,555),(437,578),(438,597),(439,992),(440,149),(444,38),(445,598),(446,172),(447,263),(448,411),(452,298),(453,486),(454,942),(455,553),(456,393),(460,147),(461,170),(462,167),(463,886),(464,74),(466,490),(467,780),(468,931),(469,558),(470,220),(474,609),(475,857),(476,400),(477,249),(478,537),(480,941),(481,134),(482,947),(483,506),(484,387),(486,533),(487,174),(488,99),(489,347),(490,679),(492,95),(493,669),(494,628),(495,50),(496,44),(498,685),(499,759),(500,233),(501,239),(502,466),(504,868),(505,938),(506,675),(507,573),(508,220),(510,674),(511,493),(512,777),(513,-363),(514,297),(516,343),(517,261),(518,378),(519,300),(520,403),(522,808),(523,77),(524,419),(525,752),(526,100),(530,986),(531,487),(532,461),(533,997),(534,25),(535,723),(537,375),(538,727),(539,77),(540,84),(541,11),(543,53),(544,573),(545,447),(546,340),(547,748),(549,911),(550,837),(551,245),(552,171),(553,83),(555,-816),(556,220),(557,851),(558,38),(559,399),(561,721),(562,394),(563,904),(564,939),(565,303),(567,803),(568,780),(569,97),(570,157),(571,365),(573,714),(574,210),(575,630),(576,61),(577,807),(579,387),(580,864),(581,731),(582,761),(583,98),(587,78),(588,573),(589,808),(590,631),(591,284),(593,700),(594,918),(595,648),(596,300),(597,212),(599,701),(600,365),(601,477),(602,166),(603,379),(607,945),(608,997),(609,681),(610,80),(611,913),(613,557),(614,165),(615,238),(616,691),(617,804),(621,113),(622,575),(623,131),(624,211),(625,911),(627,248),(628,351),(629,95),(630,912),(631,99),(633,504),(634,471),(635,525),(636,795),(637,636),(639,367),(640,685),(641,148),(642,768),(643,905),(645,-263),(646,926),(647,672),(648,496),(649,551),(650,763),(652,929),(653,710),(654,52),(655,667),(656,285),(660,432),(661,232),(662,404),(663,280),(664,927),(666,11),(667,324),(668,15),(669,309),(670,596),(672,887),(673,838),(674,380),(675,625),(676,883),(678,559),(679,448),(680,367),(681,576),(682,734),(684,438),(685,362),(686,658),(687,565),(688,618),(690,170),(691,809),(692,434),(693,574),(694,81),(696,719),(697,738),(698,811),(699,979),(700,354),(702,998),(703,297),(704,941),(705,320),(706,867),(710,399),(711,248),(712,390),(713,871),(714,387),(716,17),(717,556),(718,225),(719,957),(720,481),(724,242),(725,263),(726,445),(727,633),(728,310),(730,514),(731,938),(732,507),(733,39),(734,232),(736,623),(737,711),(738,689),(739,56),(740,177),(742,302),(743,386),(744,514),(745,827),(746,88),(748,123),(749,131),(750,329),(751,959),(752,159),(754,-645),(755,164),(756,220),(757,395),(758,710),(760,794),(761,327),(762,754),(763,515),(764,767),(766,456),(767,918),(768,116),(769,513),(770,105),(772,56),(773,585),(774,433),(775,649),(776,772),(780,824),(781,726),(782,733),(783,563),(784,355),(786,991),(787,715),(788,341),(789,185),(790,155),(792,884),(793,391),(794,140),(795,428),(796,662),(798,940),(799,255),(800,283),(801,387),(802,782),(804,962),(805,666),(806,791),(807,935),(808,754),(810,979),(811,391),(812,-856),(813,43),(814,658),(816,322),(817,42),(818,598),(819,62),(820,68),(822,552),(823,641),(824,497),(825,84),(826,13),(830,540),(831,775),(832,430),(833,995),(834,899),(836,277),(837,384),(838,200),(839,506),(840,846),(842,180),(843,756),(844,53),(845,208),(846,632),(848,941),(849,954),(850,470),(851,445),(852,734),(856,751),(857,276),(858,394),(859,436),(860,193),(862,31),(863,131),(864,163),(865,266),(866,46),(868,208),(869,34),(870,181),(871,356),(872,348),(874,849),(875,70),(876,950),(877,124),(878,361),(880,369),(881,260),(882,727),(883,688),(884,391),(885,496),(887,829),(888,490),(889,45),(890,503),(891,529),(893,542),(894,145),(895,761),(896,52),(897,-936),(901,782),(902,968),(903,687),(904,633),(905,783),(907,821),(908,44),(909,327),(910,12),(911,459),(913,3),(914,471),(915,682),(916,115),(917,517),(921,578),(922,982),(923,805),(924,326),(925,832);
CREATE TABLE `Semaphore` (
  `id` integer NOT NULL PRIMARY KEY AUTOINCREMENT
,  `segment` integer NOT NULL
,  `signal` integer NOT NULL
);
INSERT INTO `Semaphore` VALUES (1,388,2),(2,7,2),(49,54,2),(158,163,2),(181,186,2);
CREATE TABLE `Sensor` (
  `id` integer NOT NULL PRIMARY KEY AUTOINCREMENT
,  `region` integer NOT NULL
);
INSERT INTO `Sensor` VALUES (6,4),(12,4),(18,4),(24,4),(30,4),(36,4),(42,4),(53,51),(59,51),(65,51),(71,51),(77,51),(83,51),(89,51),(95,51),(103,51),(109,51),(115,51),(121,51),(127,51),(133,51),(139,51),(145,51),(151,51),(162,160),(168,160),(174,160),(185,183),(191,183),(197,183),(203,183),(209,183),(215,183),(221,183),(229,183),(237,183),(243,183),(249,183),(255,183),(263,183),(269,183),(275,183),(283,183),(289,183),(295,183),(301,183),(307,183),(315,183),(321,183),(327,183),(333,183),(339,183),(345,183),(351,183),(359,183),(365,183),(371,183),(377,183),(387,385),(393,385),(399,385),(405,385),(411,385),(417,385),(423,385),(429,385),(435,385),(443,385),(451,385),(459,385),(465,385),(473,385),(479,385),(485,385),(491,385),(497,385),(503,385),(509,385),(515,385),(521,385),(529,385),(536,385),(542,385),(548,385),(554,385),(560,385),(566,385),(572,385),(578,385),(586,385),(592,385),(598,385),(606,385),(612,385),(620,385),(626,385),(632,385),(638,385),(644,385),(651,385),(659,385),(665,385),(671,385),(677,385),(683,385),(689,385),(695,385),(701,385),(709,385),(715,385),(723,385),(729,385),(735,385),(741,385),(747,385),(753,385),(759,385),(765,385),(771,385),(779,385),(785,385),(791,385),(797,385),(803,385),(809,385),(815,385),(821,385),(829,385),(835,385),(841,385),(847,385),(855,385),(861,385),(867,385),(873,385),(879,385),(886,385),(892,385),(900,385),(906,385),(912,385),(920,385);
CREATE TABLE `Switch` (
  `id` integer NOT NULL PRIMARY KEY AUTOINCREMENT
,  `currentPosition` integer NOT NULL
);
INSERT INTO `Switch` VALUES (5,2),(52,1),(102,0),(161,1),(184,0),(228,1),(236,2),(262,2),(282,2),(314,2),(358,2),(386,2),(442,0),(450,0),(458,0),(472,1),(528,1),(585,0),(605,2),(619,0),(658,0),(708,2),(722,1),(778,0),(828,1),(854,1),(899,2),(919,0);
CREATE TABLE `SwitchPosition` (
  `id` integer NOT NULL PRIMARY KEY AUTOINCREMENT
,  `route` integer DEFAULT NULL
,  `target` integer DEFAULT NULL
,  `position` integer NOT NULL
);
INSERT INTO `SwitchPosition` VALUES (48,3,5,2),(101,50,52,1),(157,50,102,0),(180,159,161,1),(227,182,184,0),(235,182,228,1),(261,182,236,2),(281,182,262,2),(313,182,282,2),(357,182,314,2),(383,182,358,0),(441,384,386,2),(449,384,442,0),(457,384,450,0),(471,384,458,0),(527,384,472,1),(584,384,528,1),(604,384,585,0),(618,384,605,2),(657,384,619,0),(707,384,658,0),(721,384,708,2),(777,384,722,1),(827,384,778,0),(853,384,828,1),(898,384,854,1),(918,384,899,2),(926,384,919,0);
CREATE TABLE `TrackElement` (
  `id` integer NOT NULL PRIMARY KEY AUTOINCREMENT
,  `region` integer NOT NULL
);
INSERT INTO `TrackElement` VALUES (5,4),(7,4),(8,4),(9,4),(10,4),(11,4),(13,4),(14,4),(15,4),(16,4),(17,4),(19,4),(20,4),(21,4),(22,4),(23,4),(25,4),(26,4),(27,4),(28,4),(29,4),(31,4),(32,4),(33,4),(34,4),(35,4),(37,4),(38,4),(39,4),(40,4),(41,4),(43,4),(44,4),(45,4),(46,4),(47,4),(52,51),(54,51),(55,51),(56,51),(57,51),(58,51),(60,51),(61,51),(62,51),(63,51),(64,51),(66,51),(67,51),(68,51),(69,51),(70,51),(72,51),(73,51),(74,51),(75,51),(76,51),(78,51),(79,51),(80,51),(81,51),(82,51),(84,51),(85,51),(86,51),(87,51),(88,51),(90,51),(91,51),(92,51),(93,51),(94,51),(96,51),(97,51),(98,51),(99,51),(100,51),(102,51),(104,51),(105,51),(106,51),(107,51),(108,51),(110,51),(111,51),(112,51),(113,51),(114,51),(116,51),(117,51),(118,51),(119,51),(120,51),(122,51),(123,51),(124,51),(125,51),(126,51),(128,51),(129,51),(130,51),(131,51),(132,51),(134,51),(135,51),(136,51),(137,51),(138,51),(140,51),(141,51),(142,51),(143,51),(144,51),(146,51),(147,51),(148,51),(149,51),(150,51),(152,51),(153,51),(154,51),(155,51),(156,51),(161,160),(163,160),(164,160),(165,160),(166,160),(167,160),(169,160),(170,160),(171,160),(172,160),(173,160),(175,160),(176,160),(177,160),(178,160),(179,160),(184,183),(186,183),(187,183),(188,183),(189,183),(190,183),(192,183),(193,183),(194,183),(195,183),(196,183),(198,183),(199,183),(200,183),(201,183),(202,183),(204,183),(205,183),(206,183),(207,183),(208,183),(210,183),(211,183),(212,183),(213,183),(214,183),(216,183),(217,183),(218,183),(219,183),(220,183),(222,183),(223,183),(224,183),(225,183),(226,183),(228,183),(230,183),(231,183),(232,183),(233,183),(234,183),(236,183),(238,183),(239,183),(240,183),(241,183),(242,183),(244,183),(245,183),(246,183),(247,183),(248,183),(250,183),(251,183),(252,183),(253,183),(254,183),(256,183),(257,183),(258,183),(259,183),(260,183),(262,183),(264,183),(265,183),(266,183),(267,183),(268,183),(270,183),(271,183),(272,183),(273,183),(274,183),(276,183),(277,183),(278,183),(279,183),(280,183),(282,183),(284,183),(285,183),(286,183),(287,183),(288,183),(290,183),(291,183),(292,183),(293,183),(294,183),(296,183),(297,183),(298,183),(299,183),(300,183),(302,183),(303,183),(304,183),(305,183),(306,183),(308,183),(309,183),(310,183),(311,183),(312,183),(314,183),(316,183),(317,183),(318,183),(319,183),(320,183),(322,183),(323,183),(324,183),(325,183),(326,183),(328,183),(329,183),(330,183),(331,183),(332,183),(334,183),(335,183),(336,183),(337,183),(338,183),(340,183),(341,183),(342,183),(343,183),(344,183),(346,183),(347,183),(348,183),(349,183),(350,183),(352,183),(353,183),(354,183),(355,183),(356,183),(358,183),(360,183),(361,183),(362,183),(363,183),(364,183),(366,183),(367,183),(368,183),(369,183),(370,183),(372,183),(373,183),(374,183),(375,183),(376,183),(378,183),(379,183),(380,183),(381,183),(382,183),(386,385),(388,385),(389,385),(390,385),(391,385),(392,385),(394,385),(395,385),(396,385),(397,385),(398,385),(400,385),(401,385),(402,385),(403,385),(404,385),(406,385),(407,385),(408,385),(409,385),(410,385),(412,385),(413,385),(414,385),(415,385),(416,385),(418,385),(419,385),(420,385),(421,385),(422,385),(424,385),(425,385),(426,385),(427,385),(428,385),(430,385),(431,385),(432,385),(433,385),(434,385),(436,385),(437,385),(438,385),(439,385),(440,385),(442,385),(444,385),(445,385),(446,385),(447,385),(448,385),(450,385),(452,385),(453,385),(454,385),(455,385),(456,385),(458,385),(460,385),(461,385),(462,385),(463,385),(464,385),(466,385),(467,385),(468,385),(469,385),(470,385),(472,385),(474,385),(475,385),(476,385),(477,385),(478,385),(480,385),(481,385),(482,385),(483,385),(484,385),(486,385),(487,385),(488,385),(489,385),(490,385),(492,385),(493,385),(494,385),(495,385),(496,385),(498,385),(499,385),(500,385),(501,385),(502,385),(504,385),(505,385),(506,385),(507,385),(508,385),(510,385),(511,385),(512,385),(513,385),(514,385),(516,385),(517,385),(518,385),(519,385),(520,385),(522,385),(523,385),(524,385),(525,385),(526,385),(528,385),(530,385),(531,385),(532,385),(533,385),(534,385),(535,385),(537,385),(538,385),(539,385),(540,385),(541,385),(543,385),(544,385),(545,385),(546,385),(547,385),(549,385),(550,385),(551,385),(552,385),(553,385),(555,385),(556,385),(557,385),(558,385),(559,385),(561,385),(562,385),(563,385),(564,385),(565,385),(567,385),(568,385),(569,385),(570,385),(571,385),(573,385),(574,385),(575,385),(576,385),(577,385),(579,385),(580,385),(581,385),(582,385),(583,385),(585,385),(587,385),(588,385),(589,385),(590,385),(591,385),(593,385),(594,385),(595,385),(596,385),(597,385),(599,385),(600,385),(601,385),(602,385),(603,385),(605,385),(607,385),(608,385),(609,385),(610,385),(611,385),(613,385),(614,385),(615,385),(616,385),(617,385),(619,385),(621,385),(622,385),(623,385),(624,385),(625,385),(627,385),(628,385),(629,385),(630,385),(631,385),(633,385),(634,385),(635,385),(636,385),(637,385),(639,385),(640,385),(641,385),(642,385),(643,385),(645,385),(646,385),(647,385),(648,385),(649,385),(650,385),(652,385),(653,385),(654,385),(655,385),(656,385),(658,385),(660,385),(661,385),(662,385),(663,385),(664,385),(666,385),(667,385),(668,385),(669,385),(670,385),(672,385),(673,385),(674,385),(675,385),(676,385),(678,385),(679,385),(680,385),(681,385),(682,385),(684,385),(685,385),(686,385),(687,385),(688,385),(690,385),(691,385),(692,385),(693,385),(694,385),(696,385),(697,385),(698,385),(699,385),(700,385),(702,385),(703,385),(704,385),(705,385),(706,385),(708,385),(710,385),(711,385),(712,385),(713,385),(714,385),(716,385),(717,385),(718,385),(719,385),(720,385),(722,385),(724,385),(725,385),(726,385),(727,385),(728,385),(730,385),(731,385),(732,385),(733,385),(734,385),(736,385),(737,385),(738,385),(739,385),(740,385),(742,385),(743,385),(744,385),(745,385),(746,385),(748,385),(749,385),(750,385),(751,385),(752,385),(754,385),(755,385),(756,385),(757,385),(758,385),(760,385),(761,385),(762,385),(763,385),(764,385),(766,385),(767,385),(768,385),(769,385),(770,385),(772,385),(773,385),(774,385),(775,385),(776,385),(778,385),(780,385),(781,385),(782,385),(783,385),(784,385),(786,385),(787,385),(788,385),(789,385),(790,385),(792,385),(793,385),(794,385),(795,385),(796,385),(798,385),(799,385),(800,385),(801,385),(802,385),(804,385),(805,385),(806,385),(807,385),(808,385),(810,385),(811,385),(812,385),(813,385),(814,385),(816,385),(817,385),(818,385),(819,385),(820,385),(822,385),(823,385),(824,385),(825,385),(826,385),(828,385),(830,385),(831,385),(832,385),(833,385),(834,385),(836,385),(837,385),(838,385),(839,385),(840,385),(842,385),(843,385),(844,385),(845,385),(846,385),(848,385),(849,385),(850,385),(851,385),(852,385),(854,385),(856,385),(857,385),(858,385),(859,385),(860,385),(862,385),(863,385),(864,385),(865,385),(866,385),(868,385),(869,385),(870,385),(871,385),(872,385),(874,385),(875,385),(876,385),(877,385),(878,385),(880,385),(881,385),(882,385),(883,385),(884,385),(885,385),(887,385),(888,385),(889,385),(890,385),(891,385),(893,385),(894,385),(895,385),(896,385),(897,385),(899,385),(901,385),(902,385),(903,385),(904,385),(905,385),(907,385),(908,385),(909,385),(910,385),(911,385),(913,385),(914,385),(915,385),(916,385),(917,385),(919,385),(921,385),(922,385),(923,385),(924,385),(925,385);
CREATE TABLE `connectsTo` (
  `TrackElement1_id` integer NOT NULL
,  `TrackElement2_id` integer NOT NULL
,  PRIMARY KEY (`TrackElement1_id`,`TrackElement2_id`)
);
INSERT INTO `connectsTo` VALUES (5,7),(7,8),(8,9),(9,10),(10,11),(11,13),(13,14),(14,15),(15,16),(16,17),(17,19),(19,20),(20,21),(21,22),(22,23),(23,25),(25,26),(26,27),(27,28),(28,29),(29,31),(31,32),(32,33),(33,34),(34,35),(35,37),(37,38),(38,39),(39,40),(40,41),(41,43),(43,44),(44,45),(45,46),(46,47),(52,54),(54,55),(55,56),(56,57),(57,58),(58,60),(60,61),(61,62),(62,63),(63,64),(64,66),(66,67),(67,68),(68,69),(69,70),(70,72),(72,73),(73,74),(74,75),(75,76),(76,78),(78,79),(79,80),(80,81),(81,82),(82,84),(84,85),(85,86),(86,87),(87,88),(88,90),(90,91),(91,92),(92,93),(93,94),(94,96),(96,97),(97,98),(98,99),(99,100),(100,102),(102,104),(104,105),(105,106),(106,107),(107,108),(108,110),(110,111),(111,112),(112,113),(113,114),(114,116),(116,117),(117,118),(118,119),(119,120),(120,122),(122,123),(123,124),(124,125),(125,126),(126,128),(128,129),(129,130),(130,131),(131,132),(132,134),(134,135),(135,136),(136,137),(137,138),(138,140),(140,141),(141,142),(142,143),(143,144),(144,146),(146,147),(147,148),(148,149),(149,150),(150,152),(152,153),(153,154),(154,155),(155,156),(47,52),(161,163),(163,164),(164,165),(165,166),(166,167),(167,169),(169,170),(170,171),(171,172),(172,173),(173,175),(175,176),(176,177),(177,178),(178,179),(156,161),(184,186),(186,187),(187,188),(188,189),(189,190),(190,192),(192,193),(193,194),(194,195),(195,196),(196,198),(198,199),(199,200),(200,201),(201,202),(202,204),(204,205),(205,206),(206,207),(207,208),(208,210),(210,211),(211,212),(212,213),(213,214),(214,216),(216,217),(217,218),(218,219),(219,220),(220,222),(222,223),(223,224),(224,225),(225,226),(226,228),(228,230),(230,231),(231,232),(232,233),(233,234),(234,236),(236,238),(238,239),(239,240),(240,241),(241,242),(242,244),(244,245),(245,246),(246,247),(247,248),(248,250),(250,251),(251,252),(252,253),(253,254),(254,256),(256,257),(257,258),(258,259),(259,260),(260,262),(262,264),(264,265),(265,266),(266,267),(267,268),(268,270),(270,271),(271,272),(272,273),(273,274),(274,276),(276,277),(277,278),(278,279),(279,280),(280,282),(282,284),(284,285),(285,286),(286,287),(287,288),(288,290),(290,291),(291,292),(292,293),(293,294),(294,296),(296,297),(297,298),(298,299),(299,300),(300,302),(302,303),(303,304),(304,305),(305,306),(306,308),(308,309),(309,310),(310,311),(311,312),(312,314),(314,316),(316,317),(317,318),(318,319),(319,320),(320,322),(322,323),(323,324),(324,325),(325,326),(326,328),(328,329),(329,330),(330,331),(331,332),(332,334),(334,335),(335,336),(336,337),(337,338),(338,340),(340,341),(341,342),(342,343),(343,344),(344,346),(346,347),(347,348),(348,349),(349,350),(350,352),(352,353),(353,354),(354,355),(355,356),(356,358),(358,360),(360,361),(361,362),(362,363),(363,364),(364,366),(366,367),(367,368),(368,369),(369,370),(370,372),(372,373),(373,374),(374,375),(375,376),(376,378),(378,379),(379,380),(380,381),(381,382),(179,184),(386,388),(388,389),(389,390),(390,391),(391,392),(392,394),(394,395),(395,396),(396,397),(397,398),(398,400),(400,401),(401,402),(402,403),(403,404),(404,406),(406,407),(407,408),(408,409),(409,410),(410,412),(412,413),(413,414),(414,415),(415,416),(416,418),(418,419),(419,420),(420,421),(421,422),(422,424),(424,425),(425,426),(426,427),(427,428),(428,430),(430,431),(431,432),(432,433),(433,434),(434,436),(436,437),(437,438),(438,439),(439,440),(440,442),(442,444),(444,445),(445,446),(446,447),(447,448),(448,450),(450,452),(452,453),(453,454),(454,455),(455,456),(456,458),(458,460),(460,461),(461,462),(462,463),(463,464),(464,466),(466,467),(467,468),(468,469),(469,470),(470,472),(472,474),(474,475),(475,476),(476,477),(477,478),(478,480),(480,481),(481,482),(482,483),(483,484),(484,486),(486,487),(487,488),(488,489),(489,490),(490,492),(492,493),(493,494),(494,495),(495,496),(496,498),(498,499),(499,500),(500,501),(501,502),(502,504),(504,505),(505,506),(506,507),(507,508),(508,510),(510,511),(511,512),(512,513),(513,514),(514,516),(516,517),(517,518),(518,519),(519,520),(520,522),(522,523),(523,524),(524,525),(525,526),(526,528),(528,530),(530,531),(531,532),(532,533),(533,534),(534,535),(535,537),(537,538),(538,539),(539,540),(540,541),(541,543),(543,544),(544,545),(545,546),(546,547),(547,549),(549,550),(550,551),(551,552),(552,553),(553,555),(555,556),(556,557),(557,558),(558,559),(559,561),(561,562),(562,563),(563,564),(564,565),(565,567),(567,568),(568,569),(569,570),(570,571),(571,573),(573,574),(574,575),(575,576),(576,577),(577,579),(579,580),(580,581),(581,582),(582,583),(583,585),(585,587),(587,588),(588,589),(589,590),(590,591),(591,593),(593,594),(594,595),(595,596),(596,597),(597,599),(599,600),(600,601),(601,602),(602,603),(603,605),(605,607),(607,608),(608,609),(609,610),(610,611),(611,613),(613,614),(614,615),(615,616),(616,617),(617,619),(619,621),(621,622),(622,623),(623,624),(624,625),(625,627),(627,628),(628,629),(629,630),(630,631),(631,633),(633,634),(634,635),(635,636),(636,637),(637,639),(639,640),(640,641),(641,642),(642,643),(643,645),(645,646),(646,647),(647,648),(648,649),(649,650),(650,652),(652,653),(653,654),(654,655),(655,656),(656,658),(658,660),(660,661),(661,662),(662,663),(663,664),(664,666),(666,667),(667,668),(668,669),(669,670),(670,672),(672,673),(673,674),(674,675),(675,676),(676,678),(678,679),(679,680),(680,681),(681,682),(682,684),(684,685),(685,686),(686,687),(687,688),(688,690),(690,691),(691,692),(692,693),(693,694),(694,696),(696,697),(697,698),(698,699),(699,700),(700,702),(702,703),(703,704),(704,705),(705,706),(706,708),(708,710),(710,711),(711,712),(712,713),(713,714),(714,716),(716,717),(717,718),(718,719),(719,720),(720,722),(722,724),(724,725),(725,726),(726,727),(727,728),(728,730),(730,731),(731,732),(732,733),(733,734),(734,736),(736,737),(737,738),(738,739),(739,740),(740,742),(742,743),(743,744),(744,745),(745,746),(746,748),(748,749),(749,750),(750,751),(751,752),(752,754),(754,755),(755,756),(756,757),(757,758),(758,760),(760,761),(761,762),(762,763),(763,764),(764,766),(766,767),(767,768),(768,769),(769,770),(770,772),(772,773),(773,774),(774,775),(775,776),(776,778),(778,780),(780,781),(781,782),(782,783),(783,784),(784,786),(786,787),(787,788),(788,789),(789,790),(790,792),(792,793),(793,794),(794,795),(795,796),(796,798),(798,799),(799,800),(800,801),(801,802),(802,804),(804,805),(805,806),(806,807),(807,808),(808,810),(810,811),(811,812),(812,813),(813,814),(814,816),(816,817),(817,818),(818,819),(819,820),(820,822),(822,823),(823,824),(824,825),(825,826),(826,828),(828,830),(830,831),(831,832),(832,833),(833,834),(834,836),(836,837),(837,838),(838,839),(839,840),(840,842),(842,843),(843,844),(844,845),(845,846),(846,848),(848,849),(849,850),(850,851),(851,852),(852,854),(854,856),(856,857),(857,858),(858,859),(859,860),(860,862),(862,863),(863,864),(864,865),(865,866),(866,868),(868,869),(869,870),(870,871),(871,872),(872,874),(874,875),(875,876),(876,877),(877,878),(878,880),(880,881),(881,882),(882,883),(883,884),(884,885),(885,887),(887,888),(888,889),(889,890),(890,891),(891,893),(893,894),(894,895),(895,896),(896,897),(897,899),(899,901),(901,902),(902,903),(903,904),(904,905),(905,907),(907,908),(908,909),(909,910),(910,911),(911,913),(913,914),(914,915),(915,916),(916,917),(917,919),(919,921),(921,922),(922,923),(923,924),(924,925),(382,386),(925,5);
CREATE TABLE `monitoredBy` (
  `TrackElement_id` integer NOT NULL
,  `Sensor_id` integer NOT NULL
,  PRIMARY KEY (`TrackElement_id`,`Sensor_id`)
);
INSERT INTO `monitoredBy` VALUES (5,6),(7,6),(8,6),(9,6),(10,6),(11,6),(5,12),(13,12),(14,12),(15,12),(16,12),(17,12),(5,18),(19,18),(20,18),(21,18),(22,18),(23,18),(5,24),(25,24),(26,24),(27,24),(28,24),(29,24),(5,30),(31,30),(32,30),(33,30),(34,30),(35,30),(5,36),(37,36),(38,36),(39,36),(40,36),(41,36),(5,42),(43,42),(44,42),(45,42),(46,42),(47,42),(52,53),(54,53),(55,53),(56,53),(57,53),(58,53),(52,59),(60,59),(61,59),(62,59),(63,59),(64,59),(52,65),(66,65),(67,65),(68,65),(69,65),(70,65),(52,71),(72,71),(73,71),(74,71),(75,71),(76,71),(52,77),(78,77),(79,77),(80,77),(81,77),(82,77),(52,83),(84,83),(85,83),(86,83),(87,83),(88,83),(52,89),(90,89),(91,89),(92,89),(93,89),(94,89),(52,95),(96,95),(97,95),(98,95),(99,95),(100,95),(102,103),(104,103),(105,103),(106,103),(107,103),(108,103),(102,109),(110,109),(111,109),(112,109),(113,109),(114,109),(102,115),(116,115),(117,115),(118,115),(119,115),(120,115),(102,121),(122,121),(123,121),(124,121),(125,121),(126,121),(128,127),(129,127),(130,127),(131,127),(132,127),(102,133),(134,133),(135,133),(136,133),(137,133),(138,133),(102,139),(140,139),(141,139),(142,139),(143,139),(144,139),(102,145),(146,145),(147,145),(148,145),(149,145),(150,145),(102,151),(152,151),(153,151),(154,151),(155,151),(156,151),(161,162),(163,162),(164,162),(165,162),(166,162),(167,162),(161,168),(169,168),(170,168),(171,168),(172,168),(173,168),(161,174),(175,174),(176,174),(177,174),(178,174),(179,174),(184,185),(186,185),(187,185),(188,185),(189,185),(190,185),(184,191),(192,191),(193,191),(194,191),(195,191),(196,191),(184,197),(198,197),(199,197),(200,197),(201,197),(202,197),(184,203),(204,203),(205,203),(206,203),(207,203),(208,203),(184,209),(210,209),(211,209),(212,209),(213,209),(214,209),(184,215),(216,215),(217,215),(218,215),(219,215),(220,215),(184,221),(222,221),(223,221),(224,221),(225,221),(226,221),(228,229),(230,229),(231,229),(232,229),(233,229),(234,229),(236,237),(238,237),(239,237),(240,237),(241,237),(242,237),(236,243),(244,243),(245,243),(246,243),(247,243),(248,243),(236,249),(250,249),(251,249),(252,249),(253,249),(254,249),(236,255),(256,255),(257,255),(258,255),(259,255),(260,255),(262,263),(264,263),(265,263),(266,263),(267,263),(268,263),(262,269),(270,269),(271,269),(272,269),(273,269),(274,269),(262,275),(276,275),(277,275),(278,275),(279,275),(280,275),(282,283),(284,283),(285,283),(286,283),(287,283),(288,283),(282,289),(290,289),(291,289),(292,289),(293,289),(294,289),(282,295),(296,295),(297,295),(298,295),(299,295),(300,295),(282,301),(302,301),(303,301),(304,301),(305,301),(306,301),(282,307),(308,307),(309,307),(310,307),(311,307),(312,307),(314,315),(316,315),(317,315),(318,315),(319,315),(320,315),(314,321),(322,321),(323,321),(324,321),(325,321),(326,321),(314,327),(328,327),(329,327),(330,327),(331,327),(332,327),(314,333),(334,333),(335,333),(336,333),(337,333),(338,333),(314,339),(340,339),(341,339),(342,339),(343,339),(344,339),(314,345),(346,345),(347,345),(348,345),(349,345),(350,345),(314,351),(352,351),(353,351),(354,351),(355,351),(356,351),(358,359),(360,359),(361,359),(362,359),(363,359),(364,359),(358,365),(366,365),(367,365),(368,365),(369,365),(370,365),(358,371),(372,371),(373,371),(374,371),(375,371),(376,371),(358,377),(378,377),(379,377),(380,377),(381,377),(382,377),(386,387),(388,387),(389,387),(390,387),(391,387),(392,387),(386,393),(394,393),(395,393),(396,393),(397,393),(398,393),(386,399),(400,399),(401,399),(402,399),(403,399),(404,399),(386,405),(406,405),(407,405),(408,405),(409,405),(410,405),(386,411),(412,411),(413,411),(414,411),(415,411),(416,411),(386,417),(418,417),(419,417),(420,417),(421,417),(422,417),(386,423),(424,423),(425,423),(426,423),(427,423),(428,423),(386,429),(430,429),(431,429),(432,429),(433,429),(434,429),(386,435),(436,435),(437,435),(438,435),(439,435),(440,435),(442,443),(444,443),(445,443),(446,443),(447,443),(448,443),(450,451),(452,451),(453,451),(454,451),(455,451),(456,451),(458,459),(460,459),(461,459),(462,459),(463,459),(464,459),(458,465),(466,465),(467,465),(468,465),(469,465),(470,465),(472,473),(474,473),(475,473),(476,473),(477,473),(478,473),(472,479),(480,479),(481,479),(482,479),(483,479),(484,479),(472,485),(486,485),(487,485),(488,485),(489,485),(490,485),(472,491),(492,491),(493,491),(494,491),(495,491),(496,491),(472,497),(498,497),(499,497),(500,497),(501,497),(502,497),(472,503),(504,503),(505,503),(506,503),(507,503),(508,503),(472,509),(510,509),(511,509),(512,509),(513,509),(514,509),(472,515),(516,515),(517,515),(518,515),(519,515),(520,515),(472,521),(522,521),(523,521),(524,521),(525,521),(526,521),(528,529),(530,529),(531,529),(532,529),(533,529),(534,529),(535,529),(528,536),(537,536),(538,536),(539,536),(540,536),(541,536),(528,542),(543,542),(544,542),(545,542),(546,542),(547,542),(528,548),(549,548),(550,548),(551,548),(552,548),(553,548),(528,554),(555,554),(556,554),(557,554),(558,554),(559,554),(528,560),(561,560),(562,560),(563,560),(564,560),(565,560),(528,566),(567,566),(568,566),(569,566),(570,566),(571,566),(528,572),(573,572),(574,572),(575,572),(576,572),(577,572),(528,578),(579,578),(580,578),(581,578),(582,578),(583,578),(585,586),(587,586),(588,586),(589,586),(590,586),(591,586),(585,592),(593,592),(594,592),(595,592),(596,592),(597,592),(585,598),(599,598),(600,598),(601,598),(602,598),(603,598),(605,606),(607,606),(608,606),(609,606),(610,606),(611,606),(605,612),(613,612),(614,612),(615,612),(616,612),(617,612),(619,620),(621,620),(622,620),(623,620),(624,620),(625,620),(619,626),(627,626),(628,626),(629,626),(630,626),(631,626),(619,632),(633,632),(634,632),(635,632),(636,632),(637,632),(619,638),(639,638),(640,638),(641,638),(642,638),(643,638),(619,644),(645,644),(646,644),(647,644),(648,644),(649,644),(650,644),(619,651),(652,651),(653,651),(654,651),(655,651),(656,651),(658,659),(660,659),(661,659),(662,659),(663,659),(664,659),(658,665),(666,665),(667,665),(668,665),(669,665),(670,665),(658,671),(672,671),(673,671),(674,671),(675,671),(676,671),(658,677),(678,677),(679,677),(680,677),(681,677),(682,677),(658,683),(684,683),(685,683),(686,683),(687,683),(688,683),(658,689),(690,689),(691,689),(692,689),(693,689),(694,689),(658,695),(696,695),(697,695),(698,695),(699,695),(700,695),(658,701),(702,701),(703,701),(704,701),(705,701),(706,701),(708,709),(710,709),(711,709),(712,709),(713,709),(714,709),(708,715),(716,715),(717,715),(718,715),(719,715),(720,715),(722,723),(724,723),(725,723),(726,723),(727,723),(728,723),(722,729),(730,729),(731,729),(732,729),(733,729),(734,729),(722,735),(736,735),(737,735),(738,735),(739,735),(740,735),(722,741),(742,741),(743,741),(744,741),(745,741),(746,741),(722,747),(748,747),(749,747),(750,747),(751,747),(752,747),(722,753),(754,753),(755,753),(756,753),(757,753),(758,753),(722,759),(760,759),(761,759),(762,759),(763,759),(764,759),(722,765),(766,765),(767,765),(768,765),(769,765),(770,765),(722,771),(772,771),(773,771),(774,771),(775,771),(776,771),(778,779),(780,779),(781,779),(782,779),(783,779),(784,779),(778,785),(786,785),(787,785),(788,785),(789,785),(790,785),(778,791),(792,791),(793,791),(794,791),(795,791),(796,791),(778,797),(798,797),(799,797),(800,797),(801,797),(802,797),(778,803),(804,803),(805,803),(806,803),(807,803),(808,803),(778,809),(810,809),(811,809),(812,809),(813,809),(814,809),(778,815),(816,815),(817,815),(818,815),(819,815),(820,815),(778,821),(822,821),(823,821),(824,821),(825,821),(826,821),(828,829),(830,829),(831,829),(832,829),(833,829),(834,829),(828,835),(836,835),(837,835),(838,835),(839,835),(840,835),(828,841),(842,841),(843,841),(844,841),(845,841),(846,841),(828,847),(848,847),(849,847),(850,847),(851,847),(852,847),(854,855),(856,855),(857,855),(858,855),(859,855),(860,855),(854,861),(862,861),(863,861),(864,861),(865,861),(866,861),(854,867),(868,867),(869,867),(870,867),(871,867),(872,867),(854,873),(874,873),(875,873),(876,873),(877,873),(878,873),(854,879),(880,879),(881,879),(882,879),(883,879),(884,879),(885,879),(854,886),(887,886),(888,886),(889,886),(890,886),(891,886),(854,892),(893,892),(894,892),(895,892),(896,892),(897,892),(899,900),(901,900),(902,900),(903,900),(904,900),(905,900),(899,906),(907,906),(908,906),(909,906),(910,906),(911,906),(899,912),(913,912),(914,912),(915,912),(916,912),(917,912),(919,920),(921,920),(922,920),(923,920),(924,920),(925,920);
CREATE TABLE `requires` (
  `Route_id` integer NOT NULL
,  `Sensor_id` integer NOT NULL
,  PRIMARY KEY (`Route_id`,`Sensor_id`)
);
INSERT INTO `requires` VALUES (3,6),(3,18),(3,24),(3,30),(3,36),(3,42),(50,53),(50,59),(50,65),(50,71),(50,77),(50,83),(50,89),(50,95),(50,103),(50,109),(50,115),(50,121),(50,133),(50,139),(50,145),(50,151),(159,162),(159,168),(159,174),(182,185),(182,191),(182,203),(182,209),(182,215),(182,221),(182,229),(182,237),(182,243),(182,249),(182,255),(182,263),(182,269),(182,275),(182,283),(182,289),(182,301),(182,307),(182,315),(182,321),(182,327),(182,333),(182,339),(182,345),(182,359),(182,365),(182,371),(182,377),(384,387),(384,393),(384,399),(384,405),(384,411),(384,417),(384,423),(384,429),(384,435),(384,443),(384,451),(384,459),(384,465),(384,473),(384,479),(384,485),(384,491),(384,497),(384,503),(384,509),(384,515),(384,521),(384,529),(384,536),(384,542),(384,548),(384,554),(384,560),(384,566),(384,572),(384,578),(384,586),(384,592),(384,598),(384,606),(384,612),(384,620),(384,632),(384,638),(384,644),(384,651),(384,659),(384,665),(384,677),(384,683),(384,689),(384,695),(384,701),(384,709),(384,715),(384,729),(384,741),(384,747),(384,753),(384,759),(384,765),(384,771),(384,779),(384,785),(384,791),(384,797),(384,803),(384,809),(384,815),(384,821),(384,829),(384,835),(384,841),(384,847),(384,855),(384,861),(384,867),(384,873),(384,879),(384,886),(384,900),(384,906),(384,912),(384,920);
CREATE INDEX "idx_connectsTo_connectsTo_idx1" ON "connectsTo" (`TrackElement1_id`);
CREATE INDEX "idx_connectsTo_connectsTo_idx2" ON "connectsTo" (`TrackElement2_id`);
CREATE INDEX "idx_Route_route_active_idx" ON "Route" (`active`);
CREATE INDEX "idx_Semaphore_semaphore_signal_idx" ON "Semaphore" (`signal`);
CREATE INDEX "idx_Segment_segment_length_idx" ON "Segment" (`length`);
CREATE INDEX "idx_monitoredBy_monitoredBy_idx" ON "monitoredBy" (`Sensor_id`,`TrackElement_id`);
END TRANSACTION;
