PRAGMA synchronous = OFF;
PRAGMA journal_mode = MEMORY;
BEGIN TRANSACTION;
CREATE TABLE `Region` (
  `id` integer NOT NULL PRIMARY KEY AUTOINCREMENT
);
INSERT INTO `Region` VALUES (4),(27),(206),(255),(540),(1017),(1028),(1535),(1660),(1820);
CREATE TABLE `Route` (
  `id` integer NOT NULL PRIMARY KEY AUTOINCREMENT
,  `active` integer DEFAULT NULL
,  `entry` integer DEFAULT NULL
,  `exit` integer DEFAULT NULL
);
INSERT INTO `Route` VALUES (3,1,1,2),(26,1,2,25),(205,1,25,204),(254,1,204,253),(539,1,253,538),(1016,1,538,1015),(1027,1,1015,1026),(1534,1,1026,1533),(1659,1,1533,1658),(1819,1,1658,1);
CREATE TABLE `Segment` (
  `id` integer NOT NULL PRIMARY KEY AUTOINCREMENT
,  `length` integer NOT NULL DEFAULT '1'
);
INSERT INTO `Segment` VALUES (7,461),(8,879),(9,829),(10,732),(11,857),(13,294),(14,306),(15,597),(16,396),(17,518),(19,974),(20,324),(21,996),(22,455),(23,582),(30,679),(31,745),(32,711),(33,733),(34,449),(36,483),(37,636),(38,849),(39,345),(40,771),(42,209),(43,721),(44,436),(45,818),(46,153),(48,764),(49,872),(50,515),(51,11),(52,994),(54,692),(55,590),(56,896),(57,325),(58,800),(62,220),(63,929),(64,152),(65,886),(66,23),(68,437),(69,375),(70,942),(71,18),(72,488),(74,511),(75,625),(76,111),(77,757),(78,711),(80,789),(81,456),(82,434),(83,613),(84,801),(86,608),(87,829),(88,619),(89,620),(90,181),(92,703),(93,763),(94,890),(95,736),(96,836),(98,366),(99,638),(100,102),(101,517),(102,785),(106,657),(107,931),(108,119),(109,342),(110,986),(112,212),(113,907),(114,118),(115,533),(116,510),(118,881),(119,740),(120,897),(121,685),(122,630),(124,39),(125,91),(126,963),(127,802),(128,402),(130,547),(131,836),(132,579),(133,218),(134,191),(136,333),(137,923),(138,627),(139,699),(140,11),(142,343),(143,771),(144,288),(145,964),(146,518),(150,404),(151,111),(152,852),(153,36),(154,458),(156,684),(157,156),(158,754),(159,901),(160,534),(162,373),(163,507),(164,348),(165,411),(166,541),(168,565),(169,883),(170,415),(171,136),(172,640),(174,933),(175,976),(176,644),(177,519),(178,643),(180,60),(181,718),(182,553),(183,536),(184,783),(186,36),(187,263),(188,970),(189,39),(190,83),(192,777),(193,546),(194,352),(195,742),(196,177),(198,386),(199,781),(200,83),(201,973),(202,918),(209,130),(210,69),(211,47),(212,521),(213,21),(215,993),(216,455),(217,325),(218,536),(219,108),(223,917),(224,569),(225,971),(226,593),(227,358),(229,718),(230,307),(231,161),(232,1000),(233,534),(235,750),(236,200),(237,79),(238,135),(239,493),(241,758),(242,89),(243,135),(244,735),(245,342),(247,78),(248,56),(249,161),(250,145),(251,904),(258,900),(259,449),(260,51),(261,332),(262,282),(264,777),(265,997),(266,596),(267,331),(268,500),(270,578),(271,596),(272,836),(273,120),(274,173),(276,654),(277,96),(278,997),(279,809),(280,373),(284,806),(285,690),(286,855),(287,838),(288,31),(290,410),(291,256),(292,673),(293,101),(294,838),(296,294),(297,488),(298,861),(299,674),(300,723),(302,915),(303,182),(304,22),(305,75),(306,456),(308,342),(309,501),(310,953),(311,917),(312,827),(314,638),(315,669),(316,546),(317,443),(318,127),(320,941),(321,26),(322,939),(323,703),(324,625),(326,994),(327,837),(328,479),(329,297),(330,430),(334,772),(335,469),(336,863),(337,62),(338,57),(340,307),(341,116),(342,252),(343,795),(344,392),(346,764),(347,230),(348,83),(349,102),(350,351),(352,132),(353,455),(354,678),(355,489),(356,540),(358,682),(359,76),(360,169),(361,171),(362,26),(364,421),(365,188),(366,149),(367,413),(368,709),(370,36),(371,578),(372,322),(373,563),(374,860),(376,611),(377,98),(378,107),(379,360),(380,499),(384,181),(385,724),(386,455),(387,296),(388,686),(390,613),(391,83),(392,625),(393,605),(394,501),(396,187),(397,717),(398,779),(399,520),(400,585),(402,194),(403,60),(404,686),(405,867),(406,940),(410,658),(411,101),(412,696),(413,357),(414,710),(416,462),(417,718),(418,907),(419,225),(420,409),(424,536),(425,818),(426,378),(427,68),(428,124),(430,796),(431,649),(432,697),(433,1000),(434,827),(436,555),(437,578),(438,597),(439,992),(440,149),(442,333),(443,799),(444,807),(445,7),(446,887),(448,638),(449,451),(450,623),(451,298),(452,486),(454,208),(455,584),(456,428),(457,843),(458,989),(462,523),(463,595),(464,177),(465,490),(466,780),(468,980),(469,743),(470,316),(471,668),(472,152),(476,969),(477,316),(478,9),(479,941),(480,134),(482,686),(483,759),(484,357),(485,533),(486,174),(488,831),(489,573),(490,237),(491,95),(492,669),(494,597),(495,995),(496,382),(497,685),(498,759),(500,514),(501,214),(502,574),(503,868),(504,938),(506,974),(507,44),(508,696),(509,674),(510,493),(512,578),(513,832),(514,741),(515,343),(516,261),(518,19),(519,923),(520,848),(521,808),(522,77),(526,864),(527,201),(528,986),(529,986),(530,487),(532,70),(533,104),(534,723),(535,880),(536,375),(543,560),(544,694),(545,780),(546,372),(547,911),(549,452),(550,887),(551,461),(552,183),(553,818),(555,852),(556,364),(557,525),(558,615),(559,721),(561,252),(562,147),(563,495),(564,341),(565,803),(567,27),(568,149),(569,723),(570,595),(571,714),(573,391),(574,564),(575,171),(576,730),(577,387),(579,781),(580,82),(581,963),(582,647),(583,666),(587,741),(588,610),(589,32),(590,44),(591,700),(593,320),(594,881),(595,140),(596,91),(597,701),(599,244),(600,891),(601,820),(602,913),(603,871),(605,997),(606,681),(607,80),(608,913),(609,492),(613,745),(614,900),(615,482),(616,758),(617,723),(621,249),(622,290),(623,349),(624,602),(625,248),(627,664),(628,192),(629,759),(630,180),(631,504),(633,758),(634,762),(635,364),(636,566),(637,367),(639,427),(640,461),(641,883),(642,255),(643,265),(647,551),(648,942),(649,403),(650,615),(651,887),(653,667),(654,285),(655,889),(656,87),(657,271),(659,511),(660,11),(661,153),(662,444),(663,576),(665,356),(666,229),(667,541),(668,924),(669,801),(673,625),(674,883),(675,378),(676,805),(677,787),(679,576),(680,734),(681,720),(682,382),(683,79),(685,565),(686,618),(687,132),(688,133),(689,108),(691,574),(692,81),(693,832),(694,45),(695,843),(697,979),(698,354),(699,455),(700,272),(701,655),(703,320),(704,867),(705,212),(706,546),(707,570),(709,69),(710,645),(711,250),(712,344),(713,553),(717,957),(718,481),(719,14),(720,897),(721,604),(723,383),(724,27),(725,795),(726,156),(727,479),(729,934),(730,748),(731,899),(732,15),(733,103),(735,685),(736,281),(737,141),(738,53),(739,915),(741,18),(742,145),(743,841),(744,410),(745,653),(749,959),(750,159),(751,983),(752,302),(753,334),(755,395),(756,710),(757,407),(758,183),(759,305),(761,515),(762,767),(763,915),(764,191),(765,989),(767,513),(768,105),(769,481),(770,830),(771,843),(773,649),(774,772),(775,769),(776,857),(777,350),(781,563),(782,355),(783,735),(784,137),(785,770),(787,185),(788,155),(789,557),(790,22),(791,964),(793,428),(794,662),(795,219),(796,409),(797,851),(799,387),(800,782),(801,848),(802,630),(803,428),(805,935),(806,754),(807,782),(808,316),(809,772),(811,43),(812,658),(813,417),(814,118),(815,243),(819,788),(820,437),(821,552),(822,641),(823,497),(825,608),(826,689),(827,471),(828,641),(829,692),(831,995),(832,899),(833,487),(834,960),(835,10),(837,506),(838,846),(839,457),(840,319),(841,68),(845,222),(846,629),(847,941),(848,954),(849,470),(851,946),(852,565),(853,92),(854,11),(855,663),(857,436),(858,193),(859,421),(860,140),(861,122),(863,266),(864,46),(865,731),(866,916),(867,887),(871,781),(872,850),(873,849),(874,70),(875,950),(877,499),(878,165),(879,369),(880,260),(881,727),(883,704),(884,496),(885,115),(886,829),(887,490),(889,18),(890,19),(891,304),(892,542),(893,145),(897,581),(898,39),(899,66),(900,782),(901,968),(903,574),(904,41),(905,134),(906,821),(907,44),(909,268),(910,934),(911,842),(912,3),(913,471),(915,610),(916,161),(917,234),(918,951),(919,553),(923,672),(924,340),(925,366),(926,128),(927,833),(929,197),(930,918),(931,388),(932,246),(933,175),(935,313),(936,917),(937,941),(938,60),(939,381),(941,256),(942,192),(943,563),(944,815),(945,547),(947,230),(948,2),(949,186),(950,560),(951,801),(953,814),(954,257),(955,26),(956,343),(957,881),(959,63),(960,653),(961,323),(962,172),(963,756),(965,37),(966,597),(967,869),(968,13),(969,124),(971,135),(972,267),(973,771),(974,261),(975,132),(979,185),(980,525),(981,674),(982,478),(983,86),(985,263),(986,301),(987,608),(988,123),(989,251),(991,913),(992,282),(993,548),(994,129),(995,890),(997,637),(998,647),(999,681),(1000,732),(1001,309),(1003,463),(1004,734),(1005,921),(1006,527),(1007,267),(1009,240),(1010,589),(1011,963),(1012,77),(1013,74),(1020,682),(1021,392),(1022,800),(1023,284),(1024,385),(1031,787),(1032,33),(1033,874),(1034,585),(1035,366),(1037,393),(1038,862),(1039,52),(1040,54),(1041,364),(1043,279),(1044,801),(1045,210),(1046,575),(1047,407),(1049,961),(1050,731),(1051,601),(1052,807),(1053,183),(1055,922),(1056,250),(1057,518),(1058,205),(1059,508),(1063,924),(1064,403),(1065,124),(1066,808),(1067,323),(1069,165),(1070,954),(1071,891),(1072,929),(1073,849),(1075,196),(1076,120),(1077,70),(1078,604),(1079,33),(1081,85),(1082,784),(1083,234),(1084,627),(1085,94),(1087,365),(1088,488),(1089,583),(1090,972),(1091,533),(1093,75),(1094,533),(1095,688),(1096,953),(1097,322),(1099,292),(1100,320),(1101,793),(1102,991),(1103,845),(1107,931),(1108,172),(1109,186),(1110,875),(1111,938),(1113,560),(1114,684),(1115,669),(1116,461),(1117,547),(1119,125),(1120,712),(1121,357),(1122,766),(1123,29),(1125,453),(1126,171),(1127,880),(1128,512),(1129,216),(1131,781),(1132,831),(1133,731),(1134,11),(1135,899),(1139,531),(1140,614),(1141,315),(1142,757),(1143,722),(1147,467),(1148,892),(1149,515),(1150,749),(1151,655),(1153,49),(1154,815),(1155,152),(1156,718),(1157,445),(1159,75),(1160,305),(1161,571),(1162,817),(1163,768),(1165,359),(1166,145),(1167,201),(1168,354),(1169,750),(1171,262),(1172,417),(1173,729),(1174,613),(1175,807),(1179,603),(1180,665),(1181,858),(1182,435),(1183,469),(1185,252),(1186,835),(1187,337),(1188,757),(1189,729),(1191,398),(1192,997),(1193,457),(1194,779),(1195,537),(1197,450),(1198,748),(1199,756),(1200,567),(1201,777),(1203,699),(1204,881),(1205,797),(1206,777),(1207,170),(1209,872),(1210,711),(1211,903),(1212,86),(1213,694),(1215,985),(1216,853),(1217,654),(1218,819),(1219,874),(1221,730),(1222,777),(1223,556),(1224,972),(1225,142),(1227,812),(1228,495),(1229,381),(1230,403),(1231,576),(1235,688),(1236,407),(1237,865),(1238,401),(1239,144),(1241,931),(1242,163),(1243,417),(1244,634),(1245,561),(1247,760),(1248,547),(1249,209),(1250,302),(1251,41),(1253,471),(1254,451),(1255,954),(1256,154),(1257,300),(1259,244),(1260,121),(1261,111),(1262,931),(1263,307),(1265,935),(1266,677),(1267,940),(1268,107),(1269,607),(1271,371),(1272,526),(1273,958),(1274,591),(1275,172),(1277,695),(1278,306),(1279,617),(1280,444),(1281,170),(1285,597),(1286,771),(1287,469),(1288,971),(1289,724),(1291,240),(1292,833),(1293,273),(1294,367),(1295,840),(1297,970),(1298,101),(1299,272),(1300,646),(1301,598),(1305,202),(1306,64),(1307,924),(1308,98),(1309,904),(1313,571),(1314,938),(1315,294),(1316,254),(1317,767),(1319,671),(1320,370),(1321,406),(1322,971),(1323,202),(1325,298),(1326,361),(1327,155),(1328,62),(1329,794),(1331,95),(1332,95),(1333,782),(1334,635),(1335,725),(1337,406),(1338,490),(1339,58),(1340,918),(1341,194),(1343,280),(1344,535),(1345,147),(1346,715),(1347,385),(1349,780),(1350,359),(1351,374),(1352,3),(1353,343),(1355,54),(1356,943),(1357,385),(1358,256),(1359,853),(1361,733),(1362,960),(1363,485),(1364,709),(1365,640),(1369,63),(1370,801),(1371,721),(1372,487),(1373,675),(1375,84),(1376,65),(1377,825),(1378,351),(1379,248),(1381,186),(1382,818),(1383,84),(1384,996),(1385,999),(1387,846),(1388,701),(1389,104),(1390,89),(1391,804),(1395,297),(1396,962),(1397,341),(1398,858),(1399,170),(1401,734),(1402,804),(1403,933),(1404,221),(1405,985),(1407,525),(1408,204),(1409,459),(1410,93),(1411,110),(1413,8),(1414,650),(1415,50),(1416,954),(1417,353),(1419,949),(1420,65),(1421,708),(1422,731),(1423,563),(1425,907),(1426,823),(1427,9),(1428,368),(1429,922),(1431,264),(1432,131),(1433,9),(1434,211),(1435,348),(1439,236),(1440,706),(1441,344),(1442,550),(1443,231),(1445,436),(1446,953),(1447,226),(1448,928),(1449,778),(1451,655),(1452,366),(1453,304),(1454,45),(1455,596),(1457,879),(1458,89),(1459,768),(1460,521),(1461,981),(1463,456),(1464,979),(1465,636),(1466,218),(1467,762),(1471,346),(1472,89),(1473,301),(1474,638),(1475,338),(1477,149),(1478,33),(1479,284),(1480,998),(1481,825),(1483,579),(1484,436),(1485,601),(1486,611),(1487,111),(1489,393),(1490,292),(1491,593),(1492,850),(1493,880),(1497,947),(1498,185),(1499,424),(1500,321),(1501,778),(1503,133),(1504,973),(1505,420),(1506,283),(1507,314),(1509,282),(1510,207),(1511,706),(1512,888),(1513,78),(1515,717),(1516,346),(1517,1000),(1518,138),(1519,910),(1521,369),(1522,777),(1523,703),(1524,894),(1525,465),(1527,562),(1528,262),(1529,111),(1530,312),(1531,703),(1538,994),(1539,497),(1540,630),(1541,905),(1542,41),(1544,609),(1545,149),(1546,130),(1547,151),(1548,177),(1550,467),(1551,709),(1552,92),(1553,829),(1554,935),(1556,636),(1557,599),(1558,69),(1559,575),(1560,764),(1562,407),(1563,109),(1564,226),(1565,407),(1566,914),(1568,754),(1569,532),(1570,43),(1571,102),(1572,963),(1576,14),(1577,354),(1578,731),(1579,618),(1580,483),(1582,284),(1583,437),(1584,389),(1585,829),(1586,720),(1588,316),(1589,87),(1590,812),(1591,108),(1592,390),(1594,43),(1595,757),(1596,753),(1597,999),(1598,122),(1602,450),(1603,606),(1604,143),(1605,430),(1606,377),(1608,928),(1609,511),(1610,552),(1611,84),(1612,15),(1614,201),(1615,782),(1616,843),(1617,621),(1618,815),(1620,880),(1621,144),(1622,404),(1623,620),(1624,933),(1628,946),(1629,719),(1630,920),(1631,667),(1632,653),(1634,659),(1635,789),(1636,436),(1637,449),(1638,581),(1640,657),(1641,386),(1642,612),(1643,165),(1644,925),(1646,102),(1647,51),(1648,340),(1649,671),(1650,973),(1652,512),(1653,996),(1654,329),(1655,136),(1656,789),(1663,62),(1664,183),(1665,634),(1666,512),(1667,27),(1669,367),(1670,205),(1671,230),(1672,410),(1673,518),(1675,658),(1676,908),(1677,816),(1678,489),(1679,450),(1681,360),(1682,471),(1683,137),(1684,974),(1685,483),(1687,809),(1688,422),(1689,475),(1690,395),(1691,831),(1693,63),(1694,992),(1695,93),(1696,26),(1697,652),(1699,247),(1700,933),(1701,345),(1702,892),(1703,55),(1705,336),(1706,541),(1707,1000),(1708,108),(1709,868),(1713,311),(1714,506),(1715,788),(1716,66),(1717,413),(1719,904),(1720,451),(1721,563),(1722,402),(1723,500),(1725,693),(1726,244),(1727,120),(1728,414),(1729,328),(1731,671),(1732,396),(1733,441),(1734,881),(1735,362),(1737,384),(1738,417),(1739,760),(1740,62),(1741,68),(1743,16),(1744,774),(1745,717),(1746,823),(1747,817),(1749,395),(1750,375),(1751,293),(1752,495),(1753,162),(1755,670),(1756,837),(1757,38),(1758,747),(1759,616),(1763,55),(1764,92),(1765,962),(1766,94),(1767,997),(1769,222),(1770,259),(1771,47),(1772,60),(1773,58),(1775,546),(1776,992),(1777,576),(1778,861),(1779,366),(1781,705),(1782,145),(1783,177),(1784,683),(1785,64),(1787,885),(1788,251),(1789,204),(1790,900),(1791,760),(1793,189),(1794,772),(1795,196),(1796,242),(1797,236),(1799,322),(1800,785),(1801,893),(1802,963),(1803,760),(1805,29),(1806,255),(1807,105),(1808,506),(1809,322),(1813,741),(1814,487),(1815,50),(1816,221),(1817,621),(1823,349),(1824,561),(1825,563),(1826,861),(1827,966),(1829,613),(1830,400),(1831,270),(1832,932),(1833,634),(1837,428),(1838,237),(1839,461),(1840,209),(1841,778),(1843,223),(1844,961),(1845,890),(1846,141),(1847,608),(1849,225),(1850,746),(1851,963),(1852,916),(1853,333),(1855,324),(1856,371),(1857,47),(1858,324),(1859,113),(1861,347),(1862,913),(1863,153),(1864,662),(1865,166),(1869,436),(1870,521),(1871,672),(1872,521),(1873,419),(1875,371),(1876,569),(1877,728),(1878,29),(1879,250),(1881,941),(1882,347),(1883,346),(1884,731),(1885,519),(1887,110),(1888,7),(1889,179),(1890,802),(1891,800),(1895,51),(1896,190),(1897,522),(1898,90),(1899,919),(1901,843),(1902,757),(1903,442),(1904,576),(1905,512),(1907,76),(1908,443),(1909,909),(1910,240),(1911,249),(1913,213),(1914,782),(1915,906),(1916,451),(1917,106),(1919,574),(1920,591),(1921,137),(1922,748),(1923,844),(1925,445),(1926,212),(1927,915),(1928,966),(1929,537),(1931,929),(1932,612),(1933,172),(1934,532),(1935,974),(1939,518),(1940,274),(1941,18),(1942,166),(1943,188),(1945,6),(1946,838),(1947,510),(1948,525),(1949,34),(1951,55),(1952,131),(1953,358),(1954,324),(1955,119),(1957,917),(1958,699),(1959,553),(1960,208),(1961,16),(1963,444),(1964,558),(1965,399),(1966,131),(1967,323),(1971,859),(1972,913),(1973,833),(1974,859),(1975,597),(1977,852),(1978,486),(1979,464),(1980,462),(1981,43),(1983,542),(1984,711),(1985,245),(1986,433),(1987,641),(1989,915),(1990,600),(1991,435),(1992,495),(1993,450),(1995,115),(1996,766),(1997,997),(1998,998),(1999,500),(2001,589),(2002,307),(2003,372),(2004,65),(2005,854),(2007,722),(2008,968),(2009,289),(2010,807),(2011,412),(2015,810),(2016,612),(2017,854),(2018,885),(2019,179),(2021,258),(2022,804),(2023,285),(2024,241),(2025,655),(2027,68),(2028,963),(2029,177),(2030,286),(2031,376),(2033,872),(2034,936),(2035,83),(2036,821),(2037,117);
CREATE TABLE `Semaphore` (
  `id` integer NOT NULL PRIMARY KEY AUTOINCREMENT
,  `segment` integer NOT NULL
,  `signal` integer NOT NULL
);
INSERT INTO `Semaphore` VALUES (1,1823,2),(2,7,2),(25,30,2),(204,209,2),(253,258,2),(538,543,2),(1015,1020,2),(1026,1031,2),(1533,1538,2),(1658,1663,2);
CREATE TABLE `Sensor` (
  `id` integer NOT NULL PRIMARY KEY AUTOINCREMENT
,  `region` integer NOT NULL
);
INSERT INTO `Sensor` VALUES (6,4),(12,4),(18,4),(29,27),(35,27),(41,27),(47,27),(53,27),(61,27),(67,27),(73,27),(79,27),(85,27),(91,27),(97,27),(105,27),(111,27),(117,27),(123,27),(129,27),(135,27),(141,27),(149,27),(155,27),(161,27),(167,27),(173,27),(179,27),(185,27),(191,27),(197,27),(208,206),(214,206),(222,206),(228,206),(234,206),(240,206),(246,206),(257,255),(263,255),(269,255),(275,255),(283,255),(289,255),(295,255),(301,255),(307,255),(313,255),(319,255),(325,255),(333,255),(339,255),(345,255),(351,255),(357,255),(363,255),(369,255),(375,255),(383,255),(389,255),(395,255),(401,255),(409,255),(415,255),(423,255),(429,255),(435,255),(441,255),(447,255),(453,255),(461,255),(467,255),(475,255),(481,255),(487,255),(493,255),(499,255),(505,255),(511,255),(517,255),(525,255),(531,255),(542,540),(548,540),(554,540),(560,540),(566,540),(572,540),(578,540),(586,540),(592,540),(598,540),(604,540),(612,540),(620,540),(626,540),(632,540),(638,540),(646,540),(652,540),(658,540),(664,540),(672,540),(678,540),(684,540),(690,540),(696,540),(702,540),(708,540),(716,540),(722,540),(728,540),(734,540),(740,540),(748,540),(754,540),(760,540),(766,540),(772,540),(780,540),(786,540),(792,540),(798,540),(804,540),(810,540),(818,540),(824,540),(830,540),(836,540),(844,540),(850,540),(856,540),(862,540),(870,540),(876,540),(882,540),(888,540),(896,540),(902,540),(908,540),(914,540),(922,540),(928,540),(934,540),(940,540),(946,540),(952,540),(958,540),(964,540),(970,540),(978,540),(984,540),(990,540),(996,540),(1002,540),(1008,540),(1019,1017),(1030,1028),(1036,1028),(1042,1028),(1048,1028),(1054,1028),(1062,1028),(1068,1028),(1074,1028),(1080,1028),(1086,1028),(1092,1028),(1098,1028),(1106,1028),(1112,1028),(1118,1028),(1124,1028),(1130,1028),(1138,1028),(1146,1028),(1152,1028),(1158,1028),(1164,1028),(1170,1028),(1178,1028),(1184,1028),(1190,1028),(1196,1028),(1202,1028),(1208,1028),(1214,1028),(1220,1028),(1226,1028),(1234,1028),(1240,1028),(1246,1028),(1252,1028),(1258,1028),(1264,1028),(1270,1028),(1276,1028),(1284,1028),(1290,1028),(1296,1028),(1304,1028),(1312,1028),(1318,1028),(1324,1028),(1330,1028),(1336,1028),(1342,1028),(1348,1028),(1354,1028),(1360,1028),(1368,1028),(1374,1028),(1380,1028),(1386,1028),(1394,1028),(1400,1028),(1406,1028),(1412,1028),(1418,1028),(1424,1028),(1430,1028),(1438,1028),(1444,1028),(1450,1028),(1456,1028),(1462,1028),(1470,1028),(1476,1028),(1482,1028),(1488,1028),(1496,1028),(1502,1028),(1508,1028),(1514,1028),(1520,1028),(1526,1028),(1537,1535),(1543,1535),(1549,1535),(1555,1535),(1561,1535),(1567,1535),(1575,1535),(1581,1535),(1587,1535),(1593,1535),(1601,1535),(1607,1535),(1613,1535),(1619,1535),(1627,1535),(1633,1535),(1639,1535),(1645,1535),(1651,1535),(1662,1660),(1668,1660),(1674,1660),(1680,1660),(1686,1660),(1692,1660),(1698,1660),(1704,1660),(1712,1660),(1718,1660),(1724,1660),(1730,1660),(1736,1660),(1742,1660),(1748,1660),(1754,1660),(1762,1660),(1768,1660),(1774,1660),(1780,1660),(1786,1660),(1792,1660),(1798,1660),(1804,1660),(1812,1660),(1822,1820),(1828,1820),(1836,1820),(1842,1820),(1848,1820),(1854,1820),(1860,1820),(1868,1820),(1874,1820),(1880,1820),(1886,1820),(1894,1820),(1900,1820),(1906,1820),(1912,1820),(1918,1820),(1924,1820),(1930,1820),(1938,1820),(1944,1820),(1950,1820),(1956,1820),(1962,1820),(1970,1820),(1976,1820),(1982,1820),(1988,1820),(1994,1820),(2000,1820),(2006,1820),(2014,1820),(2020,1820),(2026,1820),(2032,1820);
CREATE TABLE `Switch` (
  `id` integer NOT NULL PRIMARY KEY AUTOINCREMENT
,  `currentPosition` integer NOT NULL
);
INSERT INTO `Switch` VALUES (5,0),(28,1),(60,1),(104,1),(148,1),(207,0),(221,0),(256,0),(282,0),(332,1),(382,1),(408,2),(422,0),(460,0),(474,2),(524,1),(541,1),(585,0),(611,2),(619,0),(645,1),(671,2),(715,2),(747,0),(779,0),(817,1),(843,0),(869,0),(895,2),(921,0),(977,0),(1018,1),(1029,2),(1061,1),(1105,0),(1137,1),(1145,0),(1177,0),(1233,0),(1283,2),(1303,2),(1311,1),(1367,2),(1393,1),(1437,1),(1469,0),(1495,2),(1536,1),(1574,2),(1600,1),(1626,1),(1661,0),(1711,1),(1761,0),(1811,1),(1821,1),(1835,0),(1867,2),(1893,2),(1937,2),(1969,1),(2013,0);
CREATE TABLE `SwitchPosition` (
  `id` integer NOT NULL PRIMARY KEY AUTOINCREMENT
,  `route` integer DEFAULT NULL
,  `target` integer DEFAULT NULL
,  `position` integer NOT NULL
);
INSERT INTO `SwitchPosition` VALUES (24,3,5,0),(59,26,28,1),(103,26,60,1),(147,26,104,1),(203,26,148,1),(220,205,207,0),(252,205,221,0),(281,254,256,0),(331,254,282,0),(381,254,332,1),(407,254,382,1),(421,254,408,2),(459,254,422,0),(473,254,460,0),(523,254,474,2),(537,254,524,1),(584,539,541,1),(610,539,585,0),(618,539,611,2),(644,539,619,0),(670,539,645,1),(714,539,671,2),(746,539,715,2),(778,539,747,0),(816,539,779,0),(842,539,817,1),(868,539,843,0),(894,539,869,0),(920,539,895,2),(976,539,921,0),(1014,539,977,0),(1025,1016,1018,1),(1060,1027,1029,2),(1104,1027,1061,1),(1136,1027,1105,0),(1144,1027,1137,1),(1176,1027,1145,0),(1232,1027,1177,0),(1282,1027,1233,0),(1302,1027,1283,2),(1310,1027,1303,2),(1366,1027,1311,1),(1392,1027,1367,2),(1436,1027,1393,1),(1468,1027,1437,1),(1494,1027,1469,0),(1532,1027,1495,2),(1573,1534,1536,1),(1599,1534,1574,2),(1625,1534,1600,1),(1657,1534,1626,1),(1710,1659,1661,0),(1760,1659,1711,1),(1810,1659,1761,0),(1818,1659,1811,1),(1834,1819,1821,1),(1866,1819,1835,0),(1892,1819,1867,2),(1936,1819,1893,2),(1968,1819,1937,2),(2012,1819,1969,1),(2038,1819,2013,0);
CREATE TABLE `TrackElement` (
  `id` integer NOT NULL PRIMARY KEY AUTOINCREMENT
,  `region` integer NOT NULL
);
INSERT INTO `TrackElement` VALUES (5,4),(7,4),(8,4),(9,4),(10,4),(11,4),(13,4),(14,4),(15,4),(16,4),(17,4),(19,4),(20,4),(21,4),(22,4),(23,4),(28,27),(30,27),(31,27),(32,27),(33,27),(34,27),(36,27),(37,27),(38,27),(39,27),(40,27),(42,27),(43,27),(44,27),(45,27),(46,27),(48,27),(49,27),(50,27),(51,27),(52,27),(54,27),(55,27),(56,27),(57,27),(58,27),(60,27),(62,27),(63,27),(64,27),(65,27),(66,27),(68,27),(69,27),(70,27),(71,27),(72,27),(74,27),(75,27),(76,27),(77,27),(78,27),(80,27),(81,27),(82,27),(83,27),(84,27),(86,27),(87,27),(88,27),(89,27),(90,27),(92,27),(93,27),(94,27),(95,27),(96,27),(98,27),(99,27),(100,27),(101,27),(102,27),(104,27),(106,27),(107,27),(108,27),(109,27),(110,27),(112,27),(113,27),(114,27),(115,27),(116,27),(118,27),(119,27),(120,27),(121,27),(122,27),(124,27),(125,27),(126,27),(127,27),(128,27),(130,27),(131,27),(132,27),(133,27),(134,27),(136,27),(137,27),(138,27),(139,27),(140,27),(142,27),(143,27),(144,27),(145,27),(146,27),(148,27),(150,27),(151,27),(152,27),(153,27),(154,27),(156,27),(157,27),(158,27),(159,27),(160,27),(162,27),(163,27),(164,27),(165,27),(166,27),(168,27),(169,27),(170,27),(171,27),(172,27),(174,27),(175,27),(176,27),(177,27),(178,27),(180,27),(181,27),(182,27),(183,27),(184,27),(186,27),(187,27),(188,27),(189,27),(190,27),(192,27),(193,27),(194,27),(195,27),(196,27),(198,27),(199,27),(200,27),(201,27),(202,27),(207,206),(209,206),(210,206),(211,206),(212,206),(213,206),(215,206),(216,206),(217,206),(218,206),(219,206),(221,206),(223,206),(224,206),(225,206),(226,206),(227,206),(229,206),(230,206),(231,206),(232,206),(233,206),(235,206),(236,206),(237,206),(238,206),(239,206),(241,206),(242,206),(243,206),(244,206),(245,206),(247,206),(248,206),(249,206),(250,206),(251,206),(256,255),(258,255),(259,255),(260,255),(261,255),(262,255),(264,255),(265,255),(266,255),(267,255),(268,255),(270,255),(271,255),(272,255),(273,255),(274,255),(276,255),(277,255),(278,255),(279,255),(280,255),(282,255),(284,255),(285,255),(286,255),(287,255),(288,255),(290,255),(291,255),(292,255),(293,255),(294,255),(296,255),(297,255),(298,255),(299,255),(300,255),(302,255),(303,255),(304,255),(305,255),(306,255),(308,255),(309,255),(310,255),(311,255),(312,255),(314,255),(315,255),(316,255),(317,255),(318,255),(320,255),(321,255),(322,255),(323,255),(324,255),(326,255),(327,255),(328,255),(329,255),(330,255),(332,255),(334,255),(335,255),(336,255),(337,255),(338,255),(340,255),(341,255),(342,255),(343,255),(344,255),(346,255),(347,255),(348,255),(349,255),(350,255),(352,255),(353,255),(354,255),(355,255),(356,255),(358,255),(359,255),(360,255),(361,255),(362,255),(364,255),(365,255),(366,255),(367,255),(368,255),(370,255),(371,255),(372,255),(373,255),(374,255),(376,255),(377,255),(378,255),(379,255),(380,255),(382,255),(384,255),(385,255),(386,255),(387,255),(388,255),(390,255),(391,255),(392,255),(393,255),(394,255),(396,255),(397,255),(398,255),(399,255),(400,255),(402,255),(403,255),(404,255),(405,255),(406,255),(408,255),(410,255),(411,255),(412,255),(413,255),(414,255),(416,255),(417,255),(418,255),(419,255),(420,255),(422,255),(424,255),(425,255),(426,255),(427,255),(428,255),(430,255),(431,255),(432,255),(433,255),(434,255),(436,255),(437,255),(438,255),(439,255),(440,255),(442,255),(443,255),(444,255),(445,255),(446,255),(448,255),(449,255),(450,255),(451,255),(452,255),(454,255),(455,255),(456,255),(457,255),(458,255),(460,255),(462,255),(463,255),(464,255),(465,255),(466,255),(468,255),(469,255),(470,255),(471,255),(472,255),(474,255),(476,255),(477,255),(478,255),(479,255),(480,255),(482,255),(483,255),(484,255),(485,255),(486,255),(488,255),(489,255),(490,255),(491,255),(492,255),(494,255),(495,255),(496,255),(497,255),(498,255),(500,255),(501,255),(502,255),(503,255),(504,255),(506,255),(507,255),(508,255),(509,255),(510,255),(512,255),(513,255),(514,255),(515,255),(516,255),(518,255),(519,255),(520,255),(521,255),(522,255),(524,255),(526,255),(527,255),(528,255),(529,255),(530,255),(532,255),(533,255),(534,255),(535,255),(536,255),(541,540),(543,540),(544,540),(545,540),(546,540),(547,540),(549,540),(550,540),(551,540),(552,540),(553,540),(555,540),(556,540),(557,540),(558,540),(559,540),(561,540),(562,540),(563,540),(564,540),(565,540),(567,540),(568,540),(569,540),(570,540),(571,540),(573,540),(574,540),(575,540),(576,540),(577,540),(579,540),(580,540),(581,540),(582,540),(583,540),(585,540),(587,540),(588,540),(589,540),(590,540),(591,540),(593,540),(594,540),(595,540),(596,540),(597,540),(599,540),(600,540),(601,540),(602,540),(603,540),(605,540),(606,540),(607,540),(608,540),(609,540),(611,540),(613,540),(614,540),(615,540),(616,540),(617,540),(619,540),(621,540),(622,540),(623,540),(624,540),(625,540),(627,540),(628,540),(629,540),(630,540),(631,540),(633,540),(634,540),(635,540),(636,540),(637,540),(639,540),(640,540),(641,540),(642,540),(643,540),(645,540),(647,540),(648,540),(649,540),(650,540),(651,540),(653,540),(654,540),(655,540),(656,540),(657,540),(659,540),(660,540),(661,540),(662,540),(663,540),(665,540),(666,540),(667,540),(668,540),(669,540),(671,540),(673,540),(674,540),(675,540),(676,540),(677,540),(679,540),(680,540),(681,540),(682,540),(683,540),(685,540),(686,540),(687,540),(688,540),(689,540),(691,540),(692,540),(693,540),(694,540),(695,540),(697,540),(698,540),(699,540),(700,540),(701,540),(703,540),(704,540),(705,540),(706,540),(707,540),(709,540),(710,540),(711,540),(712,540),(713,540),(715,540),(717,540),(718,540),(719,540),(720,540),(721,540),(723,540),(724,540),(725,540),(726,540),(727,540),(729,540),(730,540),(731,540),(732,540),(733,540),(735,540),(736,540),(737,540),(738,540),(739,540),(741,540),(742,540),(743,540),(744,540),(745,540),(747,540),(749,540),(750,540),(751,540),(752,540),(753,540),(755,540),(756,540),(757,540),(758,540),(759,540),(761,540),(762,540),(763,540),(764,540),(765,540),(767,540),(768,540),(769,540),(770,540),(771,540),(773,540),(774,540),(775,540),(776,540),(777,540),(779,540),(781,540),(782,540),(783,540),(784,540),(785,540),(787,540),(788,540),(789,540),(790,540),(791,540),(793,540),(794,540),(795,540),(796,540),(797,540),(799,540),(800,540),(801,540),(802,540),(803,540),(805,540),(806,540),(807,540),(808,540),(809,540),(811,540),(812,540),(813,540),(814,540),(815,540),(817,540),(819,540),(820,540),(821,540),(822,540),(823,540),(825,540),(826,540),(827,540),(828,540),(829,540),(831,540),(832,540),(833,540),(834,540),(835,540),(837,540),(838,540),(839,540),(840,540),(841,540),(843,540),(845,540),(846,540),(847,540),(848,540),(849,540),(851,540),(852,540),(853,540),(854,540),(855,540),(857,540),(858,540),(859,540),(860,540),(861,540),(863,540),(864,540),(865,540),(866,540),(867,540),(869,540),(871,540),(872,540),(873,540),(874,540),(875,540),(877,540),(878,540),(879,540),(880,540),(881,540),(883,540),(884,540),(885,540),(886,540),(887,540),(889,540),(890,540),(891,540),(892,540),(893,540),(895,540),(897,540),(898,540),(899,540),(900,540),(901,540),(903,540),(904,540),(905,540),(906,540),(907,540),(909,540),(910,540),(911,540),(912,540),(913,540),(915,540),(916,540),(917,540),(918,540),(919,540),(921,540),(923,540),(924,540),(925,540),(926,540),(927,540),(929,540),(930,540),(931,540),(932,540),(933,540),(935,540),(936,540),(937,540),(938,540),(939,540),(941,540),(942,540),(943,540),(944,540),(945,540),(947,540),(948,540),(949,540),(950,540),(951,540),(953,540),(954,540),(955,540),(956,540),(957,540),(959,540),(960,540),(961,540),(962,540),(963,540),(965,540),(966,540),(967,540),(968,540),(969,540),(971,540),(972,540),(973,540),(974,540),(975,540),(977,540),(979,540),(980,540),(981,540),(982,540),(983,540),(985,540),(986,540),(987,540),(988,540),(989,540),(991,540),(992,540),(993,540),(994,540),(995,540),(997,540),(998,540),(999,540),(1000,540),(1001,540),(1003,540),(1004,540),(1005,540),(1006,540),(1007,540),(1009,540),(1010,540),(1011,540),(1012,540),(1013,540),(1018,1017),(1020,1017),(1021,1017),(1022,1017),(1023,1017),(1024,1017),(1029,1028),(1031,1028),(1032,1028),(1033,1028),(1034,1028),(1035,1028),(1037,1028),(1038,1028),(1039,1028),(1040,1028),(1041,1028),(1043,1028),(1044,1028),(1045,1028),(1046,1028),(1047,1028),(1049,1028),(1050,1028),(1051,1028),(1052,1028),(1053,1028),(1055,1028),(1056,1028),(1057,1028),(1058,1028),(1059,1028),(1061,1028),(1063,1028),(1064,1028),(1065,1028),(1066,1028),(1067,1028),(1069,1028),(1070,1028),(1071,1028),(1072,1028),(1073,1028),(1075,1028),(1076,1028),(1077,1028),(1078,1028),(1079,1028),(1081,1028),(1082,1028),(1083,1028),(1084,1028),(1085,1028),(1087,1028),(1088,1028),(1089,1028),(1090,1028),(1091,1028),(1093,1028),(1094,1028),(1095,1028),(1096,1028),(1097,1028),(1099,1028),(1100,1028),(1101,1028),(1102,1028),(1103,1028),(1105,1028),(1107,1028),(1108,1028),(1109,1028),(1110,1028),(1111,1028),(1113,1028),(1114,1028),(1115,1028),(1116,1028),(1117,1028),(1119,1028),(1120,1028),(1121,1028),(1122,1028),(1123,1028),(1125,1028),(1126,1028),(1127,1028),(1128,1028),(1129,1028),(1131,1028),(1132,1028),(1133,1028),(1134,1028),(1135,1028),(1137,1028),(1139,1028),(1140,1028),(1141,1028),(1142,1028),(1143,1028),(1145,1028),(1147,1028),(1148,1028),(1149,1028),(1150,1028),(1151,1028),(1153,1028),(1154,1028),(1155,1028),(1156,1028),(1157,1028),(1159,1028),(1160,1028),(1161,1028),(1162,1028),(1163,1028),(1165,1028),(1166,1028),(1167,1028),(1168,1028),(1169,1028),(1171,1028),(1172,1028),(1173,1028),(1174,1028),(1175,1028),(1177,1028),(1179,1028),(1180,1028),(1181,1028),(1182,1028),(1183,1028),(1185,1028),(1186,1028),(1187,1028),(1188,1028),(1189,1028),(1191,1028),(1192,1028),(1193,1028),(1194,1028),(1195,1028),(1197,1028),(1198,1028),(1199,1028),(1200,1028),(1201,1028),(1203,1028),(1204,1028),(1205,1028),(1206,1028),(1207,1028),(1209,1028),(1210,1028),(1211,1028),(1212,1028),(1213,1028),(1215,1028),(1216,1028),(1217,1028),(1218,1028),(1219,1028),(1221,1028),(1222,1028),(1223,1028),(1224,1028),(1225,1028),(1227,1028),(1228,1028),(1229,1028),(1230,1028),(1231,1028),(1233,1028),(1235,1028),(1236,1028),(1237,1028),(1238,1028),(1239,1028),(1241,1028),(1242,1028),(1243,1028),(1244,1028),(1245,1028),(1247,1028),(1248,1028),(1249,1028),(1250,1028),(1251,1028),(1253,1028),(1254,1028),(1255,1028),(1256,1028),(1257,1028),(1259,1028),(1260,1028),(1261,1028),(1262,1028),(1263,1028),(1265,1028),(1266,1028),(1267,1028),(1268,1028),(1269,1028),(1271,1028),(1272,1028),(1273,1028),(1274,1028),(1275,1028),(1277,1028),(1278,1028),(1279,1028),(1280,1028),(1281,1028),(1283,1028),(1285,1028),(1286,1028),(1287,1028),(1288,1028),(1289,1028),(1291,1028),(1292,1028),(1293,1028),(1294,1028),(1295,1028),(1297,1028),(1298,1028),(1299,1028),(1300,1028),(1301,1028),(1303,1028),(1305,1028),(1306,1028),(1307,1028),(1308,1028),(1309,1028),(1311,1028),(1313,1028),(1314,1028),(1315,1028),(1316,1028),(1317,1028),(1319,1028),(1320,1028),(1321,1028),(1322,1028),(1323,1028),(1325,1028),(1326,1028),(1327,1028),(1328,1028),(1329,1028),(1331,1028),(1332,1028),(1333,1028),(1334,1028),(1335,1028),(1337,1028),(1338,1028),(1339,1028),(1340,1028),(1341,1028),(1343,1028),(1344,1028),(1345,1028),(1346,1028),(1347,1028),(1349,1028),(1350,1028),(1351,1028),(1352,1028),(1353,1028),(1355,1028),(1356,1028),(1357,1028),(1358,1028),(1359,1028),(1361,1028),(1362,1028),(1363,1028),(1364,1028),(1365,1028),(1367,1028),(1369,1028),(1370,1028),(1371,1028),(1372,1028),(1373,1028),(1375,1028),(1376,1028),(1377,1028),(1378,1028),(1379,1028),(1381,1028),(1382,1028),(1383,1028),(1384,1028),(1385,1028),(1387,1028),(1388,1028),(1389,1028),(1390,1028),(1391,1028),(1393,1028),(1395,1028),(1396,1028),(1397,1028),(1398,1028),(1399,1028),(1401,1028),(1402,1028),(1403,1028),(1404,1028),(1405,1028),(1407,1028),(1408,1028),(1409,1028),(1410,1028),(1411,1028),(1413,1028),(1414,1028),(1415,1028),(1416,1028),(1417,1028),(1419,1028),(1420,1028),(1421,1028),(1422,1028),(1423,1028),(1425,1028),(1426,1028),(1427,1028),(1428,1028),(1429,1028),(1431,1028),(1432,1028),(1433,1028),(1434,1028),(1435,1028),(1437,1028),(1439,1028),(1440,1028),(1441,1028),(1442,1028),(1443,1028),(1445,1028),(1446,1028),(1447,1028),(1448,1028),(1449,1028),(1451,1028),(1452,1028),(1453,1028),(1454,1028),(1455,1028),(1457,1028),(1458,1028),(1459,1028),(1460,1028),(1461,1028),(1463,1028),(1464,1028),(1465,1028),(1466,1028),(1467,1028),(1469,1028),(1471,1028),(1472,1028),(1473,1028),(1474,1028),(1475,1028),(1477,1028),(1478,1028),(1479,1028),(1480,1028),(1481,1028),(1483,1028),(1484,1028),(1485,1028),(1486,1028),(1487,1028),(1489,1028),(1490,1028),(1491,1028),(1492,1028),(1493,1028),(1495,1028),(1497,1028),(1498,1028),(1499,1028),(1500,1028),(1501,1028),(1503,1028),(1504,1028),(1505,1028),(1506,1028),(1507,1028),(1509,1028),(1510,1028),(1511,1028),(1512,1028),(1513,1028),(1515,1028),(1516,1028),(1517,1028),(1518,1028),(1519,1028),(1521,1028),(1522,1028),(1523,1028),(1524,1028),(1525,1028),(1527,1028),(1528,1028),(1529,1028),(1530,1028),(1531,1028),(1536,1535),(1538,1535),(1539,1535),(1540,1535),(1541,1535),(1542,1535),(1544,1535),(1545,1535),(1546,1535),(1547,1535),(1548,1535),(1550,1535),(1551,1535),(1552,1535),(1553,1535),(1554,1535),(1556,1535),(1557,1535),(1558,1535),(1559,1535),(1560,1535),(1562,1535),(1563,1535),(1564,1535),(1565,1535),(1566,1535),(1568,1535),(1569,1535),(1570,1535),(1571,1535),(1572,1535),(1574,1535),(1576,1535),(1577,1535),(1578,1535),(1579,1535),(1580,1535),(1582,1535),(1583,1535),(1584,1535),(1585,1535),(1586,1535),(1588,1535),(1589,1535),(1590,1535),(1591,1535),(1592,1535),(1594,1535),(1595,1535),(1596,1535),(1597,1535),(1598,1535),(1600,1535),(1602,1535),(1603,1535),(1604,1535),(1605,1535),(1606,1535),(1608,1535),(1609,1535),(1610,1535),(1611,1535),(1612,1535),(1614,1535),(1615,1535),(1616,1535),(1617,1535),(1618,1535),(1620,1535),(1621,1535),(1622,1535),(1623,1535),(1624,1535),(1626,1535),(1628,1535),(1629,1535),(1630,1535),(1631,1535),(1632,1535),(1634,1535),(1635,1535),(1636,1535),(1637,1535),(1638,1535),(1640,1535),(1641,1535),(1642,1535),(1643,1535),(1644,1535),(1646,1535),(1647,1535),(1648,1535),(1649,1535),(1650,1535),(1652,1535),(1653,1535),(1654,1535),(1655,1535),(1656,1535),(1661,1660),(1663,1660),(1664,1660),(1665,1660),(1666,1660),(1667,1660),(1669,1660),(1670,1660),(1671,1660),(1672,1660),(1673,1660),(1675,1660),(1676,1660),(1677,1660),(1678,1660),(1679,1660),(1681,1660),(1682,1660),(1683,1660),(1684,1660),(1685,1660),(1687,1660),(1688,1660),(1689,1660),(1690,1660),(1691,1660),(1693,1660),(1694,1660),(1695,1660),(1696,1660),(1697,1660),(1699,1660),(1700,1660),(1701,1660),(1702,1660),(1703,1660),(1705,1660),(1706,1660),(1707,1660),(1708,1660),(1709,1660),(1711,1660),(1713,1660),(1714,1660),(1715,1660),(1716,1660),(1717,1660),(1719,1660),(1720,1660),(1721,1660),(1722,1660),(1723,1660),(1725,1660),(1726,1660),(1727,1660),(1728,1660),(1729,1660),(1731,1660),(1732,1660),(1733,1660),(1734,1660),(1735,1660),(1737,1660),(1738,1660),(1739,1660),(1740,1660),(1741,1660),(1743,1660),(1744,1660),(1745,1660),(1746,1660),(1747,1660),(1749,1660),(1750,1660),(1751,1660),(1752,1660),(1753,1660),(1755,1660),(1756,1660),(1757,1660),(1758,1660),(1759,1660),(1761,1660),(1763,1660),(1764,1660),(1765,1660),(1766,1660),(1767,1660),(1769,1660),(1770,1660),(1771,1660),(1772,1660),(1773,1660),(1775,1660),(1776,1660),(1777,1660),(1778,1660),(1779,1660),(1781,1660),(1782,1660),(1783,1660),(1784,1660),(1785,1660),(1787,1660),(1788,1660),(1789,1660),(1790,1660),(1791,1660),(1793,1660),(1794,1660),(1795,1660),(1796,1660),(1797,1660),(1799,1660),(1800,1660),(1801,1660),(1802,1660),(1803,1660),(1805,1660),(1806,1660),(1807,1660),(1808,1660),(1809,1660),(1811,1660),(1813,1660),(1814,1660),(1815,1660),(1816,1660),(1817,1660),(1821,1820),(1823,1820),(1824,1820),(1825,1820),(1826,1820),(1827,1820),(1829,1820),(1830,1820),(1831,1820),(1832,1820),(1833,1820),(1835,1820),(1837,1820),(1838,1820),(1839,1820),(1840,1820),(1841,1820),(1843,1820),(1844,1820),(1845,1820),(1846,1820),(1847,1820),(1849,1820),(1850,1820),(1851,1820),(1852,1820),(1853,1820),(1855,1820),(1856,1820),(1857,1820),(1858,1820),(1859,1820),(1861,1820),(1862,1820),(1863,1820),(1864,1820),(1865,1820),(1867,1820),(1869,1820),(1870,1820),(1871,1820),(1872,1820),(1873,1820),(1875,1820),(1876,1820),(1877,1820),(1878,1820),(1879,1820),(1881,1820),(1882,1820),(1883,1820),(1884,1820),(1885,1820),(1887,1820),(1888,1820),(1889,1820),(1890,1820),(1891,1820),(1893,1820),(1895,1820),(1896,1820),(1897,1820),(1898,1820),(1899,1820),(1901,1820),(1902,1820),(1903,1820),(1904,1820),(1905,1820),(1907,1820),(1908,1820),(1909,1820),(1910,1820),(1911,1820),(1913,1820),(1914,1820),(1915,1820),(1916,1820),(1917,1820),(1919,1820),(1920,1820),(1921,1820),(1922,1820),(1923,1820),(1925,1820),(1926,1820),(1927,1820),(1928,1820),(1929,1820),(1931,1820),(1932,1820),(1933,1820),(1934,1820),(1935,1820),(1937,1820),(1939,1820),(1940,1820),(1941,1820),(1942,1820),(1943,1820),(1945,1820),(1946,1820),(1947,1820),(1948,1820),(1949,1820),(1951,1820),(1952,1820),(1953,1820),(1954,1820),(1955,1820),(1957,1820),(1958,1820),(1959,1820),(1960,1820),(1961,1820),(1963,1820),(1964,1820),(1965,1820),(1966,1820),(1967,1820),(1969,1820),(1971,1820),(1972,1820),(1973,1820),(1974,1820),(1975,1820),(1977,1820),(1978,1820),(1979,1820),(1980,1820),(1981,1820),(1983,1820),(1984,1820),(1985,1820),(1986,1820),(1987,1820),(1989,1820),(1990,1820),(1991,1820),(1992,1820),(1993,1820),(1995,1820),(1996,1820),(1997,1820),(1998,1820),(1999,1820),(2001,1820),(2002,1820),(2003,1820),(2004,1820),(2005,1820),(2007,1820),(2008,1820),(2009,1820),(2010,1820),(2011,1820),(2013,1820),(2015,1820),(2016,1820),(2017,1820),(2018,1820),(2019,1820),(2021,1820),(2022,1820),(2023,1820),(2024,1820),(2025,1820),(2027,1820),(2028,1820),(2029,1820),(2030,1820),(2031,1820),(2033,1820),(2034,1820),(2035,1820),(2036,1820),(2037,1820);
CREATE TABLE `connectsTo` (
  `TrackElement1_id` integer NOT NULL
,  `TrackElement2_id` integer NOT NULL
,  PRIMARY KEY (`TrackElement1_id`,`TrackElement2_id`)
);
INSERT INTO `connectsTo` VALUES (5,7),(7,8),(8,9),(9,10),(10,11),(11,13),(13,14),(14,15),(15,16),(16,17),(17,19),(19,20),(20,21),(21,22),(22,23),(28,30),(30,31),(31,32),(32,33),(33,34),(34,36),(36,37),(37,38),(38,39),(39,40),(40,42),(42,43),(43,44),(44,45),(45,46),(46,48),(48,49),(49,50),(50,51),(51,52),(52,54),(54,55),(55,56),(56,57),(57,58),(58,60),(60,62),(62,63),(63,64),(64,65),(65,66),(66,68),(68,69),(69,70),(70,71),(71,72),(72,74),(74,75),(75,76),(76,77),(77,78),(78,80),(80,81),(81,82),(82,83),(83,84),(84,86),(86,87),(87,88),(88,89),(89,90),(90,92),(92,93),(93,94),(94,95),(95,96),(96,98),(98,99),(99,100),(100,101),(101,102),(102,104),(104,106),(106,107),(107,108),(108,109),(109,110),(110,112),(112,113),(113,114),(114,115),(115,116),(116,118),(119,120),(120,121),(121,122),(122,124),(124,125),(125,126),(126,127),(127,128),(130,131),(131,132),(132,133),(133,134),(134,136),(136,137),(137,138),(138,139),(139,140),(140,142),(142,143),(143,144),(144,145),(145,146),(146,148),(148,150),(150,151),(151,152),(152,153),(153,154),(154,156),(156,157),(157,158),(158,159),(159,160),(160,162),(162,163),(163,164),(164,165),(165,166),(166,168),(168,169),(169,170),(170,171),(171,172),(172,174),(174,175),(175,176),(176,177),(177,178),(178,180),(180,181),(181,182),(182,183),(183,184),(184,186),(186,187),(187,188),(188,189),(189,190),(190,192),(192,193),(193,194),(194,195),(195,196),(196,198),(198,199),(199,200),(200,201),(201,202),(23,28),(207,209),(209,210),(210,211),(211,212),(212,213),(213,215),(215,216),(216,217),(217,218),(218,219),(219,221),(221,223),(223,224),(224,225),(225,226),(226,227),(227,229),(229,230),(230,231),(231,232),(232,233),(233,235),(235,236),(236,237),(237,238),(238,239),(239,241),(241,242),(242,243),(243,244),(244,245),(245,247),(247,248),(248,249),(249,250),(250,251),(202,207),(256,258),(258,259),(259,260),(260,261),(261,262),(262,264),(264,265),(265,266),(266,267),(267,268),(268,270),(270,271),(271,272),(272,273),(273,274),(274,276),(276,277),(277,278),(278,279),(279,280),(280,282),(282,284),(284,285),(285,286),(286,287),(287,288),(288,290),(290,291),(291,292),(292,293),(293,294),(294,296),(296,297),(297,298),(298,299),(299,300),(300,302),(302,303),(303,304),(304,305),(305,306),(306,308),(308,309),(309,310),(310,311),(311,312),(312,314),(314,315),(315,316),(316,317),(317,318),(318,320),(320,321),(321,322),(322,323),(323,324),(324,326),(326,327),(327,328),(328,329),(329,330),(330,332),(332,334),(334,335),(335,336),(336,337),(337,338),(338,340),(340,341),(341,342),(342,343),(343,344),(344,346),(346,347),(347,348),(348,349),(349,350),(350,352),(352,353),(353,354),(354,355),(355,356),(356,358),(358,359),(359,360),(360,361),(361,362),(362,364),(364,365),(365,366),(366,367),(367,368),(368,370),(370,371),(371,372),(372,373),(373,374),(374,376),(376,377),(377,378),(378,379),(379,380),(380,382),(382,384),(384,385),(385,386),(386,387),(387,388),(388,390),(390,391),(391,392),(392,393),(393,394),(394,396),(396,397),(397,398),(398,399),(399,400),(400,402),(402,403),(403,404),(404,405),(405,406),(406,408),(408,410),(410,411),(411,412),(412,413),(413,414),(414,416),(416,417),(417,418),(418,419),(419,420),(420,422),(422,424),(424,425),(425,426),(426,427),(427,428),(428,430),(430,431),(431,432),(432,433),(433,434),(434,436),(436,437),(437,438),(438,439),(439,440),(440,442),(442,443),(443,444),(444,445),(445,446),(446,448),(448,449),(449,450),(450,451),(451,452),(452,454),(454,455),(455,456),(456,457),(457,458),(458,460),(460,462),(462,463),(463,464),(464,465),(465,466),(466,468),(468,469),(469,470),(470,471),(471,472),(472,474),(474,476),(476,477),(477,478),(478,479),(479,480),(480,482),(482,483),(483,484),(484,485),(485,486),(486,488),(488,489),(489,490),(490,491),(491,492),(492,494),(494,495),(495,496),(496,497),(497,498),(498,500),(500,501),(501,502),(502,503),(503,504),(504,506),(506,507),(507,508),(508,509),(509,510),(510,512),(512,513),(513,514),(514,515),(515,516),(516,518),(518,519),(519,520),(520,521),(521,522),(522,524),(524,526),(526,527),(527,528),(528,529),(529,530),(530,532),(532,533),(533,534),(534,535),(535,536),(251,256),(541,543),(543,544),(544,545),(545,546),(546,547),(547,549),(549,550),(550,551),(551,552),(552,553),(553,555),(555,556),(556,557),(557,558),(558,559),(559,561),(561,562),(562,563),(563,564),(564,565),(565,567),(567,568),(568,569),(569,570),(570,571),(571,573),(573,574),(574,575),(575,576),(576,577),(577,579),(579,580),(580,581),(581,582),(582,583),(583,585),(585,587),(587,588),(588,589),(589,590),(590,591),(591,593),(593,594),(594,595),(595,596),(596,597),(597,599),(599,600),(600,601),(601,602),(602,603),(603,605),(605,606),(606,607),(607,608),(608,609),(609,611),(611,613),(613,614),(614,615),(615,616),(616,617),(617,619),(619,621),(621,622),(622,623),(623,624),(624,625),(625,627),(627,628),(628,629),(629,630),(630,631),(631,633),(633,634),(634,635),(635,636),(636,637),(637,639),(639,640),(640,641),(641,642),(642,643),(643,645),(645,647),(647,648),(648,649),(649,650),(650,651),(651,653),(653,654),(654,655),(655,656),(656,657),(657,659),(659,660),(660,661),(661,662),(662,663),(663,665),(665,666),(666,667),(667,668),(668,669),(669,671),(671,673),(673,674),(674,675),(675,676),(676,677),(677,679),(679,680),(680,681),(681,682),(682,683),(683,685),(685,686),(686,687),(687,688),(688,689),(689,691),(691,692),(692,693),(693,694),(694,695),(695,697),(697,698),(698,699),(699,700),(700,701),(701,703),(703,704),(704,705),(705,706),(706,707),(707,709),(709,710),(710,711),(711,712),(712,713),(713,715),(715,717),(717,718),(718,719),(719,720),(720,721),(721,723),(723,724),(724,725),(725,726),(726,727),(727,729),(729,730),(730,731),(731,732),(732,733),(733,735),(735,736),(736,737),(737,738),(738,739),(739,741),(741,742),(742,743),(743,744),(744,745),(745,747),(747,749),(749,750),(750,751),(751,752),(752,753),(753,755),(755,756),(756,757),(757,758),(758,759),(759,761),(761,762),(762,763),(763,764),(764,765),(765,767),(767,768),(768,769),(769,770),(770,771),(771,773),(773,774),(774,775),(775,776),(776,777),(777,779),(779,781),(781,782),(782,783),(783,784),(784,785),(785,787),(787,788),(788,789),(789,790),(790,791),(791,793),(793,794),(794,795),(795,796),(796,797),(797,799),(799,800),(800,801),(801,802),(802,803),(803,805),(805,806),(806,807),(807,808),(808,809),(809,811),(811,812),(812,813),(813,814),(814,815),(815,817),(817,819),(819,820),(820,821),(821,822),(822,823),(823,825),(825,826),(826,827),(827,828),(828,829),(829,831),(831,832),(832,833),(833,834),(834,835),(835,837),(837,838),(838,839),(839,840),(840,841),(841,843),(843,845),(845,846),(846,847),(847,848),(848,849),(849,851),(851,852),(852,853),(853,854),(854,855),(855,857),(857,858),(858,859),(859,860),(860,861),(861,863),(863,864),(864,865),(865,866),(866,867),(867,869),(869,871),(871,872),(872,873),(873,874),(874,875),(875,877),(877,878),(878,879),(879,880),(880,881),(881,883),(883,884),(884,885),(885,886),(886,887),(887,889),(889,890),(890,891),(891,892),(892,893),(893,895),(895,897),(897,898),(898,899),(899,900),(900,901),(901,903),(903,904),(904,905),(905,906),(906,907),(907,909),(909,910),(910,911),(911,912),(912,913),(913,915),(915,916),(916,917),(917,918),(918,919),(919,921),(921,923),(923,924),(924,925),(925,926),(926,927),(927,929),(929,930),(930,931),(931,932),(932,933),(933,935),(935,936),(936,937),(937,938),(938,939),(939,941),(941,942),(942,943),(943,944),(944,945),(945,947),(947,948),(948,949),(949,950),(950,951),(951,953),(953,954),(954,955),(955,956),(956,957),(957,959),(959,960),(960,961),(961,962),(962,963),(963,965),(965,966),(966,967),(967,968),(968,969),(969,971),(971,972),(972,973),(973,974),(974,975),(975,977),(977,979),(979,980),(980,981),(981,982),(982,983),(983,985),(985,986),(986,987),(987,988),(988,989),(989,991),(991,992),(992,993),(993,994),(994,995),(995,997),(997,998),(998,999),(999,1000),(1000,1001),(1001,1003),(1003,1004),(1004,1005),(1005,1006),(1006,1007),(1007,1009),(1009,1010),(1010,1011),(1011,1012),(1012,1013),(536,541),(1018,1020),(1020,1021),(1021,1022),(1022,1023),(1023,1024),(1013,1018),(1029,1031),(1031,1032),(1032,1033),(1033,1034),(1034,1035),(1035,1037),(1037,1038),(1038,1039),(1039,1040),(1040,1041),(1041,1043),(1043,1044),(1044,1045),(1045,1046),(1046,1047),(1047,1049),(1049,1050),(1050,1051),(1051,1052),(1052,1053),(1053,1055),(1055,1056),(1056,1057),(1057,1058),(1058,1059),(1059,1061),(1061,1063),(1063,1064),(1064,1065),(1065,1066),(1066,1067),(1067,1069),(1069,1070),(1070,1071),(1071,1072),(1072,1073),(1073,1075),(1075,1076),(1076,1077),(1077,1078),(1078,1079),(1079,1081),(1081,1082),(1082,1083),(1083,1084),(1084,1085),(1085,1087),(1087,1088),(1088,1089),(1089,1090),(1090,1091),(1091,1093),(1093,1094),(1094,1095),(1095,1096),(1096,1097),(1097,1099),(1099,1100),(1100,1101),(1101,1102),(1102,1103),(1103,1105),(1105,1107),(1107,1108),(1108,1109),(1109,1110),(1110,1111),(1111,1113),(1113,1114),(1114,1115),(1115,1116),(1116,1117),(1117,1119),(1119,1120),(1120,1121),(1121,1122),(1122,1123),(1123,1125),(1125,1126),(1126,1127),(1127,1128),(1128,1129),(1129,1131),(1131,1132),(1132,1133),(1133,1134),(1134,1135),(1135,1137),(1137,1139),(1139,1140),(1140,1141),(1141,1142),(1142,1143),(1143,1145),(1145,1147),(1147,1148),(1148,1149),(1149,1150),(1150,1151),(1151,1153),(1153,1154),(1154,1155),(1155,1156),(1156,1157),(1157,1159),(1159,1160),(1160,1161),(1161,1162),(1162,1163),(1163,1165),(1165,1166),(1166,1167),(1167,1168),(1168,1169),(1169,1171),(1171,1172),(1172,1173),(1173,1174),(1174,1175),(1175,1177),(1177,1179),(1179,1180),(1180,1181),(1181,1182),(1182,1183),(1183,1185),(1185,1186),(1186,1187),(1187,1188),(1188,1189),(1189,1191),(1191,1192),(1192,1193),(1193,1194),(1194,1195),(1195,1197),(1197,1198),(1198,1199),(1199,1200),(1200,1201),(1201,1203),(1203,1204),(1204,1205),(1205,1206),(1206,1207),(1207,1209),(1209,1210),(1210,1211),(1211,1212),(1212,1213),(1213,1215),(1215,1216),(1216,1217),(1217,1218),(1218,1219),(1219,1221),(1221,1222),(1222,1223),(1223,1224),(1224,1225),(1225,1227),(1227,1228),(1228,1229),(1229,1230),(1230,1231),(1231,1233),(1233,1235),(1235,1236),(1236,1237),(1237,1238),(1238,1239),(1239,1241),(1241,1242),(1242,1243),(1243,1244),(1244,1245),(1245,1247),(1247,1248),(1248,1249),(1249,1250),(1250,1251),(1251,1253),(1253,1254),(1254,1255),(1255,1256),(1256,1257),(1257,1259),(1259,1260),(1260,1261),(1261,1262),(1262,1263),(1263,1265),(1265,1266),(1266,1267),(1267,1268),(1268,1269),(1269,1271),(1271,1272),(1272,1273),(1273,1274),(1274,1275),(1275,1277),(1277,1278),(1278,1279),(1279,1280),(1280,1281),(1281,1283),(1283,1285),(1285,1286),(1286,1287),(1287,1288),(1288,1289),(1289,1291),(1291,1292),(1292,1293),(1293,1294),(1294,1295),(1295,1297),(1297,1298),(1298,1299),(1299,1300),(1300,1301),(1301,1303),(1303,1305),(1305,1306),(1306,1307),(1307,1308),(1308,1309),(1309,1311),(1311,1313),(1313,1314),(1314,1315),(1315,1316),(1316,1317),(1317,1319),(1319,1320),(1320,1321),(1321,1322),(1322,1323),(1323,1325),(1325,1326),(1326,1327),(1327,1328),(1328,1329),(1329,1331),(1331,1332),(1332,1333),(1333,1334),(1334,1335),(1335,1337),(1337,1338),(1338,1339),(1339,1340),(1340,1341),(1341,1343),(1343,1344),(1344,1345),(1345,1346),(1346,1347),(1347,1349),(1349,1350),(1350,1351),(1351,1352),(1352,1353),(1353,1355),(1355,1356),(1356,1357),(1357,1358),(1358,1359),(1359,1361),(1361,1362),(1362,1363),(1363,1364),(1364,1365),(1365,1367),(1367,1369),(1369,1370),(1370,1371),(1371,1372),(1372,1373),(1373,1375),(1375,1376),(1376,1377),(1377,1378),(1378,1379),(1379,1381),(1381,1382),(1382,1383),(1383,1384),(1384,1385),(1385,1387),(1387,1388),(1388,1389),(1389,1390),(1390,1391),(1391,1393),(1393,1395),(1395,1396),(1396,1397),(1397,1398),(1398,1399),(1399,1401),(1401,1402),(1402,1403),(1403,1404),(1404,1405),(1405,1407),(1407,1408),(1408,1409),(1409,1410),(1410,1411),(1411,1413),(1413,1414),(1414,1415),(1415,1416),(1416,1417),(1417,1419),(1419,1420),(1420,1421),(1421,1422),(1422,1423),(1423,1425),(1425,1426),(1426,1427),(1427,1428),(1428,1429),(1429,1431),(1431,1432),(1432,1433),(1433,1434),(1434,1435),(1435,1437),(1437,1439),(1439,1440),(1440,1441),(1441,1442),(1442,1443),(1443,1445),(1445,1446),(1446,1447),(1447,1448),(1448,1449),(1449,1451),(1451,1452),(1452,1453),(1453,1454),(1454,1455),(1455,1457),(1457,1458),(1458,1459),(1459,1460),(1460,1461),(1461,1463),(1463,1464),(1464,1465),(1465,1466),(1466,1467),(1467,1469),(1469,1471),(1471,1472),(1472,1473),(1473,1474),(1474,1475),(1475,1477),(1477,1478),(1478,1479),(1479,1480),(1480,1481),(1481,1483),(1483,1484),(1484,1485),(1485,1486),(1486,1487),(1487,1489),(1489,1490),(1490,1491),(1491,1492),(1492,1493),(1493,1495),(1495,1497),(1497,1498),(1498,1499),(1499,1500),(1500,1501),(1501,1503),(1503,1504),(1504,1505),(1505,1506),(1506,1507),(1507,1509),(1509,1510),(1510,1511),(1511,1512),(1512,1513),(1513,1515),(1515,1516),(1516,1517),(1517,1518),(1518,1519),(1519,1521),(1521,1522),(1522,1523),(1523,1524),(1524,1525),(1525,1527),(1527,1528),(1528,1529),(1529,1530),(1530,1531),(1024,1029),(1536,1538),(1538,1539),(1539,1540),(1540,1541),(1541,1542),(1542,1544),(1544,1545),(1545,1546),(1546,1547),(1547,1548),(1548,1550),(1550,1551),(1551,1552),(1552,1553),(1553,1554),(1554,1556),(1556,1557),(1557,1558),(1558,1559),(1559,1560),(1560,1562),(1562,1563),(1563,1564),(1564,1565),(1565,1566),(1566,1568),(1568,1569),(1569,1570),(1570,1571),(1571,1572),(1572,1574),(1574,1576),(1576,1577),(1577,1578),(1578,1579),(1579,1580),(1580,1582),(1582,1583),(1583,1584),(1584,1585),(1585,1586),(1586,1588),(1588,1589),(1589,1590),(1590,1591),(1591,1592),(1592,1594),(1594,1595),(1595,1596),(1596,1597),(1597,1598),(1598,1600),(1600,1602),(1602,1603),(1603,1604),(1604,1605),(1605,1606),(1606,1608),(1608,1609),(1609,1610),(1610,1611),(1611,1612),(1612,1614),(1614,1615),(1615,1616),(1616,1617),(1617,1618),(1618,1620),(1620,1621),(1621,1622),(1622,1623),(1623,1624),(1624,1626),(1626,1628),(1628,1629),(1629,1630),(1630,1631),(1631,1632),(1632,1634),(1634,1635),(1635,1636),(1636,1637),(1637,1638),(1638,1640),(1640,1641),(1641,1642),(1642,1643),(1643,1644),(1644,1646),(1646,1647),(1647,1648),(1648,1649),(1649,1650),(1650,1652),(1652,1653),(1653,1654),(1654,1655),(1655,1656),(1531,1536),(1661,1663),(1663,1664),(1664,1665),(1665,1666),(1666,1667),(1667,1669),(1669,1670),(1670,1671),(1671,1672),(1672,1673),(1673,1675),(1675,1676),(1676,1677),(1677,1678),(1678,1679),(1679,1681),(1681,1682),(1682,1683),(1683,1684),(1684,1685),(1685,1687),(1687,1688),(1688,1689),(1689,1690),(1690,1691),(1691,1693),(1693,1694),(1694,1695),(1695,1696),(1696,1697),(1697,1699),(1699,1700),(1700,1701),(1701,1702),(1702,1703),(1703,1705),(1705,1706),(1706,1707),(1707,1708),(1708,1709),(1709,1711),(1711,1713),(1713,1714),(1714,1715),(1715,1716),(1716,1717),(1717,1719),(1719,1720),(1720,1721),(1721,1722),(1722,1723),(1723,1725),(1725,1726),(1726,1727),(1727,1728),(1728,1729),(1729,1731),(1731,1732),(1732,1733),(1733,1734),(1734,1735),(1735,1737),(1737,1738),(1738,1739),(1739,1740),(1740,1741),(1741,1743),(1743,1744),(1744,1745),(1745,1746),(1746,1747),(1747,1749),(1749,1750),(1750,1751),(1751,1752),(1752,1753),(1753,1755),(1755,1756),(1756,1757),(1757,1758),(1758,1759),(1759,1761),(1761,1763),(1763,1764),(1764,1765),(1765,1766),(1766,1767),(1767,1769),(1769,1770),(1770,1771),(1771,1772),(1772,1773),(1773,1775),(1775,1776),(1776,1777),(1777,1778),(1778,1779),(1779,1781),(1781,1782),(1782,1783),(1783,1784),(1784,1785),(1785,1787),(1787,1788),(1788,1789),(1789,1790),(1790,1791),(1791,1793),(1793,1794),(1794,1795),(1795,1796),(1796,1797),(1797,1799),(1799,1800),(1800,1801),(1801,1802),(1802,1803),(1803,1805),(1805,1806),(1806,1807),(1807,1808),(1808,1809),(1809,1811),(1811,1813),(1813,1814),(1814,1815),(1815,1816),(1816,1817),(1656,1661),(1821,1823),(1823,1824),(1824,1825),(1825,1826),(1826,1827),(1827,1829),(1829,1830),(1830,1831),(1831,1832),(1832,1833),(1833,1835),(1835,1837),(1837,1838),(1838,1839),(1839,1840),(1840,1841),(1841,1843),(1843,1844),(1844,1845),(1845,1846),(1846,1847),(1847,1849),(1849,1850),(1850,1851),(1851,1852),(1852,1853),(1853,1855),(1855,1856),(1856,1857),(1857,1858),(1858,1859),(1859,1861),(1861,1862),(1862,1863),(1863,1864),(1864,1865),(1865,1867),(1867,1869),(1869,1870),(1870,1871),(1871,1872),(1872,1873),(1873,1875),(1875,1876),(1876,1877),(1877,1878),(1878,1879),(1879,1881),(1881,1882),(1882,1883),(1883,1884),(1884,1885),(1885,1887),(1887,1888),(1888,1889),(1889,1890),(1890,1891),(1891,1893),(1893,1895),(1895,1896),(1896,1897),(1897,1898),(1898,1899),(1899,1901),(1901,1902),(1902,1903),(1903,1904),(1904,1905),(1905,1907),(1907,1908),(1908,1909),(1909,1910),(1910,1911),(1911,1913),(1913,1914),(1914,1915),(1915,1916),(1916,1917),(1917,1919),(1919,1920),(1920,1921),(1921,1922),(1922,1923),(1923,1925),(1925,1926),(1926,1927),(1927,1928),(1928,1929),(1929,1931),(1931,1932),(1932,1933),(1933,1934),(1934,1935),(1935,1937),(1937,1939),(1939,1940),(1940,1941),(1941,1942),(1942,1943),(1943,1945),(1945,1946),(1946,1947),(1947,1948),(1948,1949),(1949,1951),(1951,1952),(1952,1953),(1953,1954),(1954,1955),(1955,1957),(1957,1958),(1958,1959),(1959,1960),(1960,1961),(1961,1963),(1963,1964),(1964,1965),(1965,1966),(1966,1967),(1967,1969),(1969,1971),(1971,1972),(1972,1973),(1973,1974),(1974,1975),(1975,1977),(1977,1978),(1978,1979),(1979,1980),(1980,1981),(1981,1983),(1983,1984),(1984,1985),(1985,1986),(1986,1987),(1987,1989),(1989,1990),(1990,1991),(1991,1992),(1992,1993),(1993,1995),(1995,1996),(1996,1997),(1997,1998),(1998,1999),(1999,2001),(2001,2002),(2002,2003),(2003,2004),(2004,2005),(2005,2007),(2007,2008),(2008,2009),(2009,2010),(2010,2011),(2011,2013),(2013,2015),(2015,2016),(2016,2017),(2017,2018),(2018,2019),(2019,2021),(2021,2022),(2022,2023),(2023,2024),(2024,2025),(2025,2027),(2027,2028),(2028,2029),(2029,2030),(2030,2031),(2031,2033),(2033,2034),(2034,2035),(2035,2036),(2036,2037),(1817,1821),(2037,5);
CREATE TABLE `monitoredBy` (
  `TrackElement_id` integer NOT NULL
,  `Sensor_id` integer NOT NULL
,  PRIMARY KEY (`TrackElement_id`,`Sensor_id`)
);
INSERT INTO `monitoredBy` VALUES (5,6),(7,6),(8,6),(9,6),(10,6),(11,6),(5,12),(13,12),(14,12),(15,12),(16,12),(17,12),(5,18),(19,18),(20,18),(21,18),(22,18),(23,18),(28,29),(30,29),(31,29),(32,29),(33,29),(34,29),(28,35),(36,35),(37,35),(38,35),(39,35),(40,35),(28,41),(42,41),(43,41),(44,41),(45,41),(46,41),(28,47),(48,47),(49,47),(50,47),(51,47),(52,47),(28,53),(54,53),(55,53),(56,53),(57,53),(58,53),(60,61),(62,61),(63,61),(64,61),(65,61),(66,61),(60,67),(68,67),(69,67),(70,67),(71,67),(72,67),(60,73),(74,73),(75,73),(76,73),(77,73),(78,73),(60,79),(80,79),(81,79),(82,79),(83,79),(84,79),(60,85),(86,85),(87,85),(88,85),(89,85),(90,85),(60,91),(92,91),(93,91),(94,91),(95,91),(96,91),(60,97),(98,97),(99,97),(100,97),(101,97),(102,97),(104,105),(106,105),(107,105),(108,105),(109,105),(110,105),(104,111),(112,111),(113,111),(114,111),(115,111),(116,111),(104,117),(118,117),(119,117),(120,117),(121,117),(122,117),(104,123),(124,123),(125,123),(126,123),(127,123),(128,123),(104,129),(130,129),(131,129),(132,129),(133,129),(134,129),(104,135),(136,135),(137,135),(138,135),(139,135),(140,135),(104,141),(142,141),(143,141),(144,141),(145,141),(146,141),(148,149),(150,149),(151,149),(152,149),(153,149),(154,149),(148,155),(156,155),(157,155),(158,155),(159,155),(160,155),(148,161),(162,161),(163,161),(164,161),(165,161),(166,161),(148,167),(168,167),(169,167),(170,167),(171,167),(172,167),(148,173),(174,173),(175,173),(176,173),(177,173),(178,173),(148,179),(180,179),(181,179),(182,179),(183,179),(184,179),(148,185),(186,185),(187,185),(188,185),(189,185),(190,185),(148,191),(192,191),(193,191),(194,191),(195,191),(196,191),(148,197),(198,197),(199,197),(200,197),(201,197),(202,197),(207,208),(209,208),(210,208),(211,208),(212,208),(213,208),(207,214),(215,214),(216,214),(217,214),(218,214),(219,214),(221,222),(223,222),(224,222),(225,222),(226,222),(227,222),(221,228),(229,228),(230,228),(231,228),(232,228),(233,228),(221,234),(235,234),(236,234),(237,234),(238,234),(239,234),(221,240),(241,240),(242,240),(243,240),(244,240),(245,240),(221,246),(247,246),(248,246),(249,246),(250,246),(251,246),(256,257),(258,257),(259,257),(260,257),(261,257),(262,257),(256,263),(264,263),(265,263),(266,263),(267,263),(268,263),(256,269),(270,269),(271,269),(272,269),(273,269),(274,269),(256,275),(276,275),(277,275),(278,275),(279,275),(280,275),(282,283),(284,283),(285,283),(286,283),(287,283),(288,283),(282,289),(290,289),(291,289),(292,289),(293,289),(294,289),(282,295),(296,295),(297,295),(298,295),(299,295),(300,295),(282,301),(302,301),(303,301),(304,301),(305,301),(306,301),(282,307),(308,307),(309,307),(310,307),(311,307),(312,307),(282,313),(314,313),(315,313),(316,313),(317,313),(318,313),(282,319),(320,319),(321,319),(322,319),(323,319),(324,319),(282,325),(326,325),(327,325),(328,325),(329,325),(330,325),(332,333),(334,333),(335,333),(336,333),(337,333),(338,333),(332,339),(340,339),(341,339),(342,339),(343,339),(344,339),(332,345),(346,345),(347,345),(348,345),(349,345),(350,345),(332,351),(352,351),(353,351),(354,351),(355,351),(356,351),(332,357),(358,357),(359,357),(360,357),(361,357),(362,357),(332,363),(364,363),(365,363),(366,363),(367,363),(368,363),(332,369),(370,369),(371,369),(372,369),(373,369),(374,369),(332,375),(376,375),(377,375),(378,375),(379,375),(380,375),(382,383),(384,383),(385,383),(386,383),(387,383),(388,383),(382,389),(390,389),(391,389),(392,389),(393,389),(394,389),(382,395),(396,395),(397,395),(398,395),(399,395),(400,395),(382,401),(402,401),(403,401),(404,401),(405,401),(406,401),(408,409),(410,409),(411,409),(412,409),(413,409),(414,409),(408,415),(416,415),(417,415),(418,415),(419,415),(420,415),(422,423),(424,423),(425,423),(426,423),(427,423),(428,423),(422,429),(430,429),(431,429),(432,429),(433,429),(434,429),(422,435),(436,435),(437,435),(438,435),(439,435),(440,435),(422,441),(442,441),(443,441),(444,441),(445,441),(446,441),(422,447),(448,447),(449,447),(450,447),(451,447),(452,447),(422,453),(454,453),(455,453),(456,453),(457,453),(458,453),(460,461),(462,461),(463,461),(464,461),(465,461),(466,461),(460,467),(468,467),(469,467),(470,467),(471,467),(472,467),(474,475),(476,475),(477,475),(478,475),(479,475),(480,475),(474,481),(482,481),(483,481),(484,481),(485,481),(486,481),(474,487),(488,487),(489,487),(490,487),(491,487),(492,487),(474,493),(494,493),(495,493),(496,493),(497,493),(498,493),(474,499),(500,499),(501,499),(502,499),(503,499),(504,499),(474,505),(506,505),(507,505),(508,505),(509,505),(510,505),(474,511),(512,511),(513,511),(514,511),(515,511),(516,511),(474,517),(518,517),(519,517),(520,517),(521,517),(522,517),(524,525),(526,525),(527,525),(528,525),(529,525),(530,525),(524,531),(532,531),(533,531),(534,531),(535,531),(536,531),(541,542),(543,542),(544,542),(545,542),(546,542),(547,542),(541,548),(549,548),(550,548),(551,548),(552,548),(553,548),(541,554),(555,554),(556,554),(557,554),(558,554),(559,554),(541,560),(561,560),(562,560),(563,560),(564,560),(565,560),(541,566),(567,566),(568,566),(569,566),(570,566),(571,566),(541,572),(573,572),(574,572),(575,572),(576,572),(577,572),(541,578),(579,578),(580,578),(581,578),(582,578),(583,578),(585,586),(587,586),(588,586),(589,586),(590,586),(591,586),(585,592),(593,592),(594,592),(595,592),(596,592),(597,592),(585,598),(599,598),(600,598),(601,598),(602,598),(603,598),(585,604),(605,604),(606,604),(607,604),(608,604),(609,604),(611,612),(613,612),(614,612),(615,612),(616,612),(617,612),(619,620),(621,620),(622,620),(623,620),(624,620),(625,620),(619,626),(627,626),(628,626),(629,626),(630,626),(631,626),(619,632),(633,632),(634,632),(635,632),(636,632),(637,632),(619,638),(639,638),(640,638),(641,638),(642,638),(643,638),(645,646),(647,646),(648,646),(649,646),(650,646),(651,646),(645,652),(653,652),(654,652),(655,652),(656,652),(657,652),(645,658),(659,658),(660,658),(661,658),(662,658),(663,658),(645,664),(665,664),(666,664),(667,664),(668,664),(669,664),(671,672),(673,672),(674,672),(675,672),(676,672),(677,672),(671,678),(679,678),(680,678),(681,678),(682,678),(683,678),(671,684),(685,684),(686,684),(687,684),(688,684),(689,684),(671,690),(691,690),(692,690),(693,690),(694,690),(695,690),(671,696),(697,696),(698,696),(699,696),(700,696),(701,696),(671,702),(703,702),(704,702),(705,702),(706,702),(707,702),(671,708),(709,708),(710,708),(711,708),(712,708),(713,708),(715,716),(717,716),(718,716),(719,716),(720,716),(721,716),(715,722),(723,722),(724,722),(725,722),(726,722),(727,722),(715,728),(729,728),(730,728),(731,728),(732,728),(733,728),(715,734),(735,734),(736,734),(737,734),(738,734),(739,734),(715,740),(741,740),(742,740),(743,740),(744,740),(745,740),(747,748),(749,748),(750,748),(751,748),(752,748),(753,748),(747,754),(755,754),(756,754),(757,754),(758,754),(759,754),(747,760),(761,760),(762,760),(763,760),(764,760),(765,760),(747,766),(767,766),(768,766),(769,766),(770,766),(771,766),(747,772),(773,772),(774,772),(775,772),(776,772),(777,772),(779,780),(781,780),(782,780),(783,780),(784,780),(785,780),(779,786),(787,786),(788,786),(789,786),(790,786),(791,786),(779,792),(793,792),(794,792),(795,792),(796,792),(797,792),(779,798),(799,798),(800,798),(801,798),(802,798),(803,798),(779,804),(805,804),(806,804),(807,804),(808,804),(809,804),(779,810),(811,810),(812,810),(813,810),(814,810),(815,810),(817,818),(819,818),(820,818),(821,818),(822,818),(823,818),(817,824),(825,824),(826,824),(827,824),(828,824),(829,824),(817,830),(831,830),(832,830),(833,830),(834,830),(835,830),(817,836),(837,836),(838,836),(839,836),(840,836),(841,836),(843,844),(845,844),(846,844),(847,844),(848,844),(849,844),(843,850),(851,850),(852,850),(853,850),(854,850),(855,850),(843,856),(857,856),(858,856),(859,856),(860,856),(861,856),(843,862),(863,862),(864,862),(865,862),(866,862),(867,862),(869,870),(871,870),(872,870),(873,870),(874,870),(875,870),(869,876),(877,876),(878,876),(879,876),(880,876),(881,876),(869,882),(883,882),(884,882),(885,882),(886,882),(887,882),(869,888),(889,888),(890,888),(891,888),(892,888),(893,888),(895,896),(897,896),(898,896),(899,896),(900,896),(901,896),(895,902),(903,902),(904,902),(905,902),(906,902),(907,902),(895,908),(909,908),(910,908),(911,908),(912,908),(913,908),(895,914),(915,914),(916,914),(917,914),(918,914),(919,914),(921,922),(923,922),(924,922),(925,922),(926,922),(927,922),(921,928),(929,928),(930,928),(931,928),(932,928),(933,928),(921,934),(935,934),(936,934),(937,934),(938,934),(939,934),(921,940),(941,940),(942,940),(943,940),(944,940),(945,940),(921,946),(947,946),(948,946),(949,946),(950,946),(951,946),(921,952),(953,952),(954,952),(955,952),(956,952),(957,952),(921,958),(959,958),(960,958),(961,958),(962,958),(963,958),(921,964),(965,964),(966,964),(967,964),(968,964),(969,964),(921,970),(971,970),(972,970),(973,970),(974,970),(975,970),(977,978),(979,978),(980,978),(981,978),(982,978),(983,978),(977,984),(985,984),(986,984),(987,984),(988,984),(989,984),(977,990),(991,990),(992,990),(993,990),(994,990),(995,990),(977,996),(997,996),(998,996),(999,996),(1000,996),(1001,996),(977,1002),(1003,1002),(1004,1002),(1005,1002),(1006,1002),(1007,1002),(977,1008),(1009,1008),(1010,1008),(1011,1008),(1012,1008),(1013,1008),(1018,1019),(1020,1019),(1021,1019),(1022,1019),(1023,1019),(1024,1019),(1029,1030),(1031,1030),(1032,1030),(1033,1030),(1034,1030),(1035,1030),(1029,1036),(1037,1036),(1038,1036),(1039,1036),(1040,1036),(1041,1036),(1029,1042),(1043,1042),(1044,1042),(1045,1042),(1046,1042),(1047,1042),(1029,1048),(1049,1048),(1050,1048),(1051,1048),(1052,1048),(1053,1048),(1029,1054),(1055,1054),(1056,1054),(1057,1054),(1058,1054),(1059,1054),(1061,1062),(1063,1062),(1064,1062),(1065,1062),(1066,1062),(1067,1062),(1061,1068),(1069,1068),(1070,1068),(1071,1068),(1072,1068),(1073,1068),(1061,1074),(1075,1074),(1076,1074),(1077,1074),(1078,1074),(1079,1074),(1061,1080),(1081,1080),(1082,1080),(1083,1080),(1084,1080),(1085,1080),(1061,1086),(1087,1086),(1088,1086),(1089,1086),(1090,1086),(1091,1086),(1061,1092),(1093,1092),(1094,1092),(1095,1092),(1096,1092),(1097,1092),(1061,1098),(1099,1098),(1100,1098),(1101,1098),(1102,1098),(1103,1098),(1105,1106),(1107,1106),(1108,1106),(1109,1106),(1110,1106),(1111,1106),(1105,1112),(1113,1112),(1114,1112),(1115,1112),(1116,1112),(1117,1112),(1105,1118),(1119,1118),(1120,1118),(1121,1118),(1122,1118),(1123,1118),(1105,1124),(1125,1124),(1126,1124),(1127,1124),(1128,1124),(1129,1124),(1105,1130),(1131,1130),(1132,1130),(1133,1130),(1134,1130),(1135,1130),(1137,1138),(1139,1138),(1140,1138),(1141,1138),(1142,1138),(1143,1138),(1145,1146),(1147,1146),(1148,1146),(1149,1146),(1150,1146),(1151,1146),(1145,1152),(1153,1152),(1154,1152),(1155,1152),(1156,1152),(1157,1152),(1145,1158),(1159,1158),(1160,1158),(1161,1158),(1162,1158),(1163,1158),(1145,1164),(1165,1164),(1166,1164),(1167,1164),(1168,1164),(1169,1164),(1145,1170),(1171,1170),(1172,1170),(1173,1170),(1174,1170),(1175,1170),(1177,1178),(1179,1178),(1180,1178),(1181,1178),(1182,1178),(1183,1178),(1177,1184),(1185,1184),(1186,1184),(1187,1184),(1188,1184),(1189,1184),(1177,1190),(1191,1190),(1192,1190),(1193,1190),(1194,1190),(1195,1190),(1177,1196),(1197,1196),(1198,1196),(1199,1196),(1200,1196),(1201,1196),(1177,1202),(1203,1202),(1204,1202),(1205,1202),(1206,1202),(1207,1202),(1177,1208),(1209,1208),(1210,1208),(1211,1208),(1212,1208),(1213,1208),(1177,1214),(1215,1214),(1216,1214),(1217,1214),(1218,1214),(1219,1214),(1177,1220),(1221,1220),(1222,1220),(1223,1220),(1224,1220),(1225,1220),(1177,1226),(1227,1226),(1228,1226),(1229,1226),(1230,1226),(1231,1226),(1233,1234),(1235,1234),(1236,1234),(1237,1234),(1238,1234),(1239,1234),(1233,1240),(1241,1240),(1242,1240),(1243,1240),(1244,1240),(1245,1240),(1233,1246),(1247,1246),(1248,1246),(1249,1246),(1250,1246),(1251,1246),(1233,1252),(1253,1252),(1254,1252),(1255,1252),(1256,1252),(1257,1252),(1233,1258),(1259,1258),(1260,1258),(1261,1258),(1262,1258),(1263,1258),(1233,1264),(1265,1264),(1266,1264),(1267,1264),(1268,1264),(1269,1264),(1233,1270),(1271,1270),(1272,1270),(1273,1270),(1274,1270),(1275,1270),(1233,1276),(1277,1276),(1278,1276),(1279,1276),(1280,1276),(1281,1276),(1283,1284),(1285,1284),(1286,1284),(1287,1284),(1288,1284),(1289,1284),(1283,1290),(1291,1290),(1292,1290),(1293,1290),(1294,1290),(1295,1290),(1283,1296),(1297,1296),(1298,1296),(1299,1296),(1300,1296),(1301,1296),(1303,1304),(1305,1304),(1306,1304),(1307,1304),(1308,1304),(1309,1304),(1311,1312),(1313,1312),(1314,1312),(1315,1312),(1316,1312),(1317,1312),(1311,1318),(1319,1318),(1320,1318),(1321,1318),(1322,1318),(1323,1318),(1311,1324),(1325,1324),(1326,1324),(1327,1324),(1328,1324),(1329,1324),(1311,1330),(1331,1330),(1332,1330),(1333,1330),(1334,1330),(1335,1330),(1311,1336),(1337,1336),(1338,1336),(1339,1336),(1340,1336),(1341,1336),(1311,1342),(1343,1342),(1344,1342),(1345,1342),(1346,1342),(1347,1342),(1311,1348),(1349,1348),(1350,1348),(1351,1348),(1352,1348),(1353,1348),(1311,1354),(1355,1354),(1356,1354),(1357,1354),(1358,1354),(1359,1354),(1311,1360),(1361,1360),(1362,1360),(1363,1360),(1364,1360),(1365,1360),(1367,1368),(1369,1368),(1370,1368),(1371,1368),(1372,1368),(1373,1368),(1367,1374),(1375,1374),(1376,1374),(1377,1374),(1378,1374),(1379,1374),(1367,1380),(1381,1380),(1382,1380),(1383,1380),(1384,1380),(1385,1380),(1367,1386),(1387,1386),(1388,1386),(1389,1386),(1390,1386),(1391,1386),(1393,1394),(1395,1394),(1396,1394),(1397,1394),(1398,1394),(1399,1394),(1393,1400),(1401,1400),(1402,1400),(1403,1400),(1404,1400),(1405,1400),(1393,1406),(1407,1406),(1408,1406),(1409,1406),(1410,1406),(1411,1406),(1393,1412),(1413,1412),(1414,1412),(1415,1412),(1416,1412),(1417,1412),(1393,1418),(1419,1418),(1420,1418),(1421,1418),(1422,1418),(1423,1418),(1393,1424),(1425,1424),(1426,1424),(1427,1424),(1428,1424),(1429,1424),(1393,1430),(1431,1430),(1432,1430),(1433,1430),(1434,1430),(1435,1430),(1437,1438),(1439,1438),(1440,1438),(1441,1438),(1442,1438),(1443,1438),(1437,1444),(1445,1444),(1446,1444),(1447,1444),(1448,1444),(1449,1444),(1437,1450),(1451,1450),(1452,1450),(1453,1450),(1454,1450),(1455,1450),(1437,1456),(1457,1456),(1458,1456),(1459,1456),(1460,1456),(1461,1456),(1437,1462),(1463,1462),(1464,1462),(1465,1462),(1466,1462),(1467,1462),(1469,1470),(1471,1470),(1472,1470),(1473,1470),(1474,1470),(1475,1470),(1469,1476),(1477,1476),(1478,1476),(1479,1476),(1480,1476),(1481,1476),(1469,1482),(1483,1482),(1484,1482),(1485,1482),(1486,1482),(1487,1482),(1469,1488),(1489,1488),(1490,1488),(1491,1488),(1492,1488),(1493,1488),(1495,1496),(1497,1496),(1498,1496),(1499,1496),(1500,1496),(1501,1496),(1495,1502),(1503,1502),(1504,1502),(1505,1502),(1506,1502),(1507,1502),(1495,1508),(1509,1508),(1510,1508),(1511,1508),(1512,1508),(1513,1508),(1495,1514),(1515,1514),(1516,1514),(1517,1514),(1518,1514),(1519,1514),(1495,1520),(1521,1520),(1522,1520),(1523,1520),(1524,1520),(1525,1520),(1495,1526),(1527,1526),(1528,1526),(1529,1526),(1530,1526),(1531,1526),(1536,1537),(1538,1537),(1539,1537),(1540,1537),(1541,1537),(1542,1537),(1536,1543),(1544,1543),(1545,1543),(1546,1543),(1547,1543),(1548,1543),(1536,1549),(1550,1549),(1551,1549),(1552,1549),(1553,1549),(1554,1549),(1536,1555),(1556,1555),(1557,1555),(1558,1555),(1559,1555),(1560,1555),(1536,1561),(1562,1561),(1563,1561),(1564,1561),(1565,1561),(1566,1561),(1536,1567),(1568,1567),(1569,1567),(1570,1567),(1571,1567),(1572,1567),(1574,1575),(1576,1575),(1577,1575),(1578,1575),(1579,1575),(1580,1575),(1574,1581),(1582,1581),(1583,1581),(1584,1581),(1585,1581),(1586,1581),(1574,1587),(1588,1587),(1589,1587),(1590,1587),(1591,1587),(1592,1587),(1574,1593),(1594,1593),(1595,1593),(1596,1593),(1597,1593),(1598,1593),(1600,1601),(1602,1601),(1603,1601),(1604,1601),(1605,1601),(1606,1601),(1600,1607),(1608,1607),(1609,1607),(1610,1607),(1611,1607),(1612,1607),(1600,1613),(1614,1613),(1615,1613),(1616,1613),(1617,1613),(1618,1613),(1600,1619),(1620,1619),(1621,1619),(1622,1619),(1623,1619),(1624,1619),(1626,1627),(1628,1627),(1629,1627),(1630,1627),(1631,1627),(1632,1627),(1626,1633),(1634,1633),(1635,1633),(1636,1633),(1637,1633),(1638,1633),(1626,1639),(1640,1639),(1641,1639),(1642,1639),(1643,1639),(1644,1639),(1626,1645),(1646,1645),(1647,1645),(1648,1645),(1649,1645),(1650,1645),(1626,1651),(1652,1651),(1653,1651),(1654,1651),(1655,1651),(1656,1651),(1661,1662),(1663,1662),(1664,1662),(1665,1662),(1666,1662),(1667,1662),(1661,1668),(1669,1668),(1670,1668),(1671,1668),(1672,1668),(1673,1668),(1661,1674),(1675,1674),(1676,1674),(1677,1674),(1678,1674),(1679,1674),(1661,1680),(1681,1680),(1682,1680),(1683,1680),(1684,1680),(1685,1680),(1661,1686),(1687,1686),(1688,1686),(1689,1686),(1690,1686),(1691,1686),(1661,1692),(1693,1692),(1694,1692),(1695,1692),(1696,1692),(1697,1692),(1661,1698),(1699,1698),(1700,1698),(1701,1698),(1702,1698),(1703,1698),(1661,1704),(1705,1704),(1706,1704),(1707,1704),(1708,1704),(1709,1704),(1711,1712),(1713,1712),(1714,1712),(1715,1712),(1716,1712),(1717,1712),(1711,1718),(1719,1718),(1720,1718),(1721,1718),(1722,1718),(1723,1718),(1711,1724),(1725,1724),(1726,1724),(1727,1724),(1728,1724),(1729,1724),(1711,1730),(1731,1730),(1732,1730),(1733,1730),(1734,1730),(1735,1730),(1711,1736),(1737,1736),(1738,1736),(1739,1736),(1740,1736),(1741,1736),(1711,1742),(1743,1742),(1744,1742),(1745,1742),(1746,1742),(1747,1742),(1711,1748),(1749,1748),(1750,1748),(1751,1748),(1752,1748),(1753,1748),(1711,1754),(1755,1754),(1756,1754),(1757,1754),(1758,1754),(1759,1754),(1761,1762),(1763,1762),(1764,1762),(1765,1762),(1766,1762),(1767,1762),(1761,1768),(1769,1768),(1770,1768),(1771,1768),(1772,1768),(1773,1768),(1761,1774),(1775,1774),(1776,1774),(1777,1774),(1778,1774),(1779,1774),(1761,1780),(1781,1780),(1782,1780),(1783,1780),(1784,1780),(1785,1780),(1761,1786),(1787,1786),(1788,1786),(1789,1786),(1790,1786),(1791,1786),(1761,1792),(1793,1792),(1794,1792),(1795,1792),(1796,1792),(1797,1792),(1761,1798),(1799,1798),(1800,1798),(1801,1798),(1802,1798),(1803,1798),(1761,1804),(1805,1804),(1806,1804),(1807,1804),(1808,1804),(1809,1804),(1811,1812),(1813,1812),(1814,1812),(1815,1812),(1816,1812),(1817,1812),(1821,1822),(1823,1822),(1824,1822),(1825,1822),(1826,1822),(1827,1822),(1821,1828),(1829,1828),(1830,1828),(1831,1828),(1832,1828),(1833,1828),(1835,1836),(1837,1836),(1838,1836),(1839,1836),(1840,1836),(1841,1836),(1835,1842),(1843,1842),(1844,1842),(1845,1842),(1846,1842),(1847,1842),(1835,1848),(1849,1848),(1850,1848),(1851,1848),(1852,1848),(1853,1848),(1835,1854),(1855,1854),(1856,1854),(1857,1854),(1858,1854),(1859,1854),(1835,1860),(1861,1860),(1862,1860),(1863,1860),(1864,1860),(1865,1860),(1867,1868),(1869,1868),(1870,1868),(1871,1868),(1872,1868),(1873,1868),(1867,1874),(1875,1874),(1876,1874),(1877,1874),(1878,1874),(1879,1874),(1867,1880),(1881,1880),(1882,1880),(1883,1880),(1884,1880),(1885,1880),(1867,1886),(1887,1886),(1888,1886),(1889,1886),(1890,1886),(1891,1886),(1893,1894),(1895,1894),(1896,1894),(1897,1894),(1898,1894),(1899,1894),(1893,1900),(1901,1900),(1902,1900),(1903,1900),(1904,1900),(1905,1900),(1893,1906),(1907,1906),(1908,1906),(1909,1906),(1910,1906),(1911,1906),(1893,1912),(1913,1912),(1914,1912),(1915,1912),(1916,1912),(1917,1912),(1893,1918),(1919,1918),(1920,1918),(1921,1918),(1922,1918),(1923,1918),(1893,1924),(1925,1924),(1926,1924),(1927,1924),(1928,1924),(1929,1924),(1893,1930),(1931,1930),(1932,1930),(1933,1930),(1934,1930),(1935,1930),(1937,1938),(1939,1938),(1940,1938),(1941,1938),(1942,1938),(1943,1938),(1937,1944),(1945,1944),(1946,1944),(1947,1944),(1948,1944),(1949,1944),(1937,1950),(1951,1950),(1952,1950),(1953,1950),(1954,1950),(1955,1950),(1937,1956),(1957,1956),(1958,1956),(1959,1956),(1960,1956),(1961,1956),(1937,1962),(1963,1962),(1964,1962),(1965,1962),(1966,1962),(1967,1962),(1969,1970),(1971,1970),(1972,1970),(1973,1970),(1974,1970),(1975,1970),(1969,1976),(1977,1976),(1978,1976),(1979,1976),(1980,1976),(1981,1976),(1969,1982),(1983,1982),(1984,1982),(1985,1982),(1986,1982),(1987,1982),(1969,1988),(1989,1988),(1990,1988),(1991,1988),(1992,1988),(1993,1988),(1969,1994),(1995,1994),(1996,1994),(1997,1994),(1998,1994),(1999,1994),(1969,2000),(2001,2000),(2002,2000),(2003,2000),(2004,2000),(2005,2000),(1969,2006),(2007,2006),(2008,2006),(2009,2006),(2010,2006),(2011,2006),(2013,2014),(2015,2014),(2016,2014),(2017,2014),(2018,2014),(2019,2014),(2013,2020),(2021,2020),(2022,2020),(2023,2020),(2024,2020),(2025,2020),(2013,2026),(2027,2026),(2028,2026),(2029,2026),(2030,2026),(2031,2026),(2013,2032),(2033,2032),(2034,2032),(2035,2032),(2036,2032),(2037,2032);
CREATE TABLE `requires` (
  `Route_id` integer NOT NULL
,  `Sensor_id` integer NOT NULL
,  PRIMARY KEY (`Route_id`,`Sensor_id`)
);
INSERT INTO `requires` VALUES (3,6),(3,12),(3,18),(26,29),(26,35),(26,41),(26,47),(26,53),(26,61),(26,67),(26,73),(26,79),(26,85),(26,91),(26,97),(26,105),(26,111),(26,117),(26,123),(26,129),(26,135),(26,141),(26,149),(26,155),(26,161),(26,167),(26,173),(26,179),(26,185),(26,191),(26,197),(205,208),(205,214),(205,222),(205,228),(205,234),(205,240),(205,246),(254,257),(254,263),(254,269),(254,275),(254,283),(254,289),(254,295),(254,301),(254,307),(254,313),(254,319),(254,325),(254,333),(254,339),(254,345),(254,351),(254,357),(254,363),(254,369),(254,375),(254,383),(254,389),(254,395),(254,401),(254,409),(254,415),(254,423),(254,429),(254,435),(254,441),(254,447),(254,453),(254,461),(254,467),(254,475),(254,481),(254,487),(254,493),(254,499),(254,505),(254,511),(254,517),(254,525),(254,531),(539,542),(539,548),(539,554),(539,560),(539,566),(539,572),(539,578),(539,586),(539,592),(539,598),(539,604),(539,612),(539,620),(539,626),(539,632),(539,638),(539,646),(539,652),(539,658),(539,664),(539,672),(539,678),(539,684),(539,690),(539,696),(539,702),(539,708),(539,716),(539,722),(539,728),(539,734),(539,740),(539,748),(539,754),(539,760),(539,766),(539,772),(539,780),(539,786),(539,792),(539,798),(539,804),(539,810),(539,818),(539,824),(539,830),(539,836),(539,844),(539,850),(539,856),(539,862),(539,870),(539,876),(539,882),(539,888),(539,896),(539,902),(539,908),(539,914),(539,922),(539,928),(539,934),(539,940),(539,946),(539,952),(539,958),(539,964),(539,970),(539,978),(539,984),(539,990),(539,996),(539,1002),(539,1008),(1016,1019),(1027,1030),(1027,1036),(1027,1042),(1027,1048),(1027,1054),(1027,1062),(1027,1068),(1027,1074),(1027,1080),(1027,1086),(1027,1092),(1027,1098),(1027,1106),(1027,1112),(1027,1118),(1027,1124),(1027,1130),(1027,1138),(1027,1146),(1027,1152),(1027,1158),(1027,1164),(1027,1170),(1027,1178),(1027,1184),(1027,1190),(1027,1196),(1027,1202),(1027,1208),(1027,1214),(1027,1220),(1027,1226),(1027,1234),(1027,1240),(1027,1246),(1027,1252),(1027,1258),(1027,1264),(1027,1270),(1027,1276),(1027,1284),(1027,1290),(1027,1296),(1027,1304),(1027,1312),(1027,1318),(1027,1324),(1027,1330),(1027,1336),(1027,1342),(1027,1348),(1027,1354),(1027,1360),(1027,1368),(1027,1374),(1027,1380),(1027,1386),(1027,1394),(1027,1400),(1027,1406),(1027,1412),(1027,1418),(1027,1424),(1027,1430),(1027,1438),(1027,1444),(1027,1450),(1027,1456),(1027,1462),(1027,1470),(1027,1476),(1027,1482),(1027,1488),(1027,1496),(1027,1502),(1027,1508),(1027,1514),(1027,1520),(1027,1526),(1534,1537),(1534,1543),(1534,1549),(1534,1555),(1534,1561),(1534,1567),(1534,1575),(1534,1581),(1534,1587),(1534,1593),(1534,1601),(1534,1607),(1534,1613),(1534,1619),(1534,1627),(1534,1633),(1534,1639),(1534,1645),(1534,1651),(1659,1662),(1659,1668),(1659,1674),(1659,1680),(1659,1686),(1659,1692),(1659,1698),(1659,1704),(1659,1712),(1659,1718),(1659,1724),(1659,1730),(1659,1736),(1659,1742),(1659,1748),(1659,1754),(1659,1762),(1659,1768),(1659,1774),(1659,1780),(1659,1786),(1659,1792),(1659,1798),(1659,1804),(1659,1812),(1819,1822),(1819,1828),(1819,1836),(1819,1842),(1819,1848),(1819,1854),(1819,1860),(1819,1868),(1819,1874),(1819,1880),(1819,1886),(1819,1894),(1819,1900),(1819,1906),(1819,1912),(1819,1918),(1819,1924),(1819,1930),(1819,1938),(1819,1944),(1819,1950),(1819,1956),(1819,1962),(1819,1970),(1819,1976),(1819,1982),(1819,1988),(1819,1994),(1819,2000),(1819,2006),(1819,2014),(1819,2020),(1819,2026),(1819,2032);
CREATE INDEX "idx_connectsTo_connectsTo_idx1" ON "connectsTo" (`TrackElement1_id`);
CREATE INDEX "idx_connectsTo_connectsTo_idx2" ON "connectsTo" (`TrackElement2_id`);
CREATE INDEX "idx_Route_route_active_idx" ON "Route" (`active`);
CREATE INDEX "idx_Semaphore_semaphore_signal_idx" ON "Semaphore" (`signal`);
CREATE INDEX "idx_Segment_segment_length_idx" ON "Segment" (`length`);
CREATE INDEX "idx_monitoredBy_monitoredBy_idx" ON "monitoredBy" (`Sensor_id`,`TrackElement_id`);
END TRANSACTION;
