
/*!40101 SET @OLD_CHARACTER_SET_CLIENT=@@CHARACTER_SET_CLIENT */;
/*!40101 SET @OLD_CHARACTER_SET_RESULTS=@@CHARACTER_SET_RESULTS */;
/*!40101 SET @OLD_COLLATION_CONNECTION=@@COLLATION_CONNECTION */;
/*!40101 SET NAMES utf8 */;
/*!40103 SET @OLD_TIME_ZONE=@@TIME_ZONE */;
/*!40103 SET TIME_ZONE='+00:00' */;
/*!40014 SET @OLD_UNIQUE_CHECKS=@@UNIQUE_CHECKS, UNIQUE_CHECKS=0 */;
/*!40014 SET @OLD_FOREIGN_KEY_CHECKS=@@FOREIGN_KEY_CHECKS, FOREIGN_KEY_CHECKS=0 */;
/*!40101 SET @OLD_SQL_MODE=@@SQL_MODE, SQL_MODE='NO_AUTO_VALUE_ON_ZERO' */;
/*!40111 SET @OLD_SQL_NOTES=@@SQL_NOTES, SQL_NOTES=0 */;

CREATE DATABASE /*!32312 IF NOT EXISTS*/ `trainbenchmark` /*!40100 DEFAULT CHARACTER SET latin1 */;

USE `trainbenchmark`;
DROP TABLE IF EXISTS `Region`;
/*!40101 SET @saved_cs_client     = @@character_set_client */;
/*!40101 SET character_set_client = utf8 */;
CREATE TABLE `Region` (
  `id` int(11) NOT NULL AUTO_INCREMENT,
  PRIMARY KEY (`id`)
) ENGINE=MEMORY AUTO_INCREMENT=1032 DEFAULT CHARSET=utf8;
/*!40101 SET character_set_client = @saved_cs_client */;

LOCK TABLES `Region` WRITE;
/*!40000 ALTER TABLE `Region` DISABLE KEYS */;
INSERT INTO `Region` VALUES (4),(51),(160),(432),(1031);
/*!40000 ALTER TABLE `Region` ENABLE KEYS */;
UNLOCK TABLES;
DROP TABLE IF EXISTS `Route`;
/*!40101 SET @saved_cs_client     = @@character_set_client */;
/*!40101 SET character_set_client = utf8 */;
CREATE TABLE `Route` (
  `id` int(11) NOT NULL AUTO_INCREMENT,
  `entry` int(11) DEFAULT NULL,
  `exit` int(11) DEFAULT NULL,
  PRIMARY KEY (`id`)
) ENGINE=MEMORY AUTO_INCREMENT=1031 DEFAULT CHARSET=utf8;
/*!40101 SET character_set_client = @saved_cs_client */;

LOCK TABLES `Route` WRITE;
/*!40000 ALTER TABLE `Route` DISABLE KEYS */;
INSERT INTO `Route` VALUES (3,NULL,2),(50,2,49),(159,49,158),(431,158,430),(1030,NULL,1);
/*!40000 ALTER TABLE `Route` ENABLE KEYS */;
UNLOCK TABLES;
DROP TABLE IF EXISTS `Segment`;
/*!40101 SET @saved_cs_client     = @@character_set_client */;
/*!40101 SET character_set_client = utf8 */;
CREATE TABLE `Segment` (
  `id` int(11) NOT NULL AUTO_INCREMENT,
  `length` int(11) NOT NULL DEFAULT '1',
  PRIMARY KEY (`id`),
  KEY `segment_length_idx` (`length`)
) ENGINE=MEMORY AUTO_INCREMENT=1232 DEFAULT CHARSET=utf8;
/*!40101 SET character_set_client = @saved_cs_client */;

LOCK TABLES `Segment` WRITE;
/*!40000 ALTER TABLE `Segment` DISABLE KEYS */;
INSERT INTO `Segment` VALUES (7,335),(8,439),(9,90),(10,395),(11,134),(13,137),(14,494),(15,979),(16,815),(17,813),(19,968),(20,197),(21,324),(22,645),(23,517),(25,212),(26,994),(27,472),(28,679),(29,745),(31,542),(32,655),(33,988),(34,483),(35,636),(37,429),(38,892),(39,149),(40,209),(41,721),(43,853),(44,560),(45,190),(46,764),(47,872),(54,232),(55,901),(56,530),(57,494),(58,273),(60,975),(61,386),(62,220),(63,929),(64,152),(66,246),(67,246),(68,437),(69,375),(70,942),(72,301),(73,437),(74,511),(75,625),(76,111),(78,227),(79,145),(80,789),(81,456),(82,434),(84,-822),(85,395),(86,608),(87,829),(88,619),(90,921),(91,329),(92,703),(93,763),(94,890),(96,257),(97,488),(98,366),(99,638),(100,102),(104,386),(105,462),(106,657),(107,931),(108,119),(110,392),(111,782),(112,212),(113,907),(114,118),(116,186),(117,324),(118,881),(119,740),(120,897),(122,250),(123,579),(124,39),(125,91),(126,963),(128,402),(129,337),(130,59),(131,686),(132,212),(134,191),(135,610),(136,374),(137,792),(138,100),(140,11),(141,14),(142,232),(143,605),(144,799),(146,518),(147,90),(148,52),(149,685),(150,404),(152,610),(153,514),(154,883),(155,270),(156,684),(163,49),(164,369),(165,94),(166,737),(167,433),(169,278),(170,70),(171,809),(172,160),(173,744),(175,267),(176,94),(177,627),(178,773),(179,493),(181,207),(182,157),(183,620),(184,905),(185,453),(187,283),(188,574),(189,464),(190,717),(191,150),(193,632),(194,453),(195,904),(196,371),(197,227),(201,386),(202,781),(203,83),(204,973),(205,918),(207,503),(208,847),(209,121),(210,977),(211,130),(213,373),(214,423),(215,450),(216,372),(217,993),(219,984),(220,460),(221,691),(222,822),(223,348),(225,569),(226,971),(227,593),(228,358),(229,673),(231,307),(232,161),(233,1000),(234,534),(235,520),(237,200),(238,79),(239,135),(240,493),(241,943),(243,89),(244,135),(245,735),(246,342),(247,29),(251,517),(252,778),(253,467),(254,367),(255,522),(257,349),(258,695),(259,223),(260,163),(261,81),(263,78),(264,229),(265,137),(266,916),(267,407),(269,633),(270,456),(271,525),(272,691),(273,359),(277,96),(278,997),(279,809),(280,373),(281,954),(283,186),(284,915),(285,303),(286,977),(287,730),(289,741),(290,569),(291,881),(292,193),(293,-618),(297,488),(298,861),(299,674),(300,723),(301,495),(303,182),(304,22),(305,75),(306,456),(307,148),(309,501),(310,953),(311,917),(312,827),(313,594),(315,669),(316,546),(317,443),(318,127),(319,211),(321,26),(322,939),(323,703),(324,625),(325,148),(327,837),(328,479),(329,297),(330,430),(331,212),(333,694),(334,895),(335,140),(336,160),(337,12),(339,935),(340,235),(341,326),(342,271),(343,282),(347,230),(348,83),(349,102),(350,351),(351,54),(353,455),(354,678),(355,489),(356,540),(357,571),(358,682),(362,772),(363,473),(364,726),(365,421),(366,188),(368,833),(369,318),(370,531),(371,36),(372,578),(374,287),(375,632),(376,252),(377,611),(378,98),(380,118),(381,902),(382,387),(383,12),(384,480),(386,455),(387,296),(388,-684),(389,810),(390,659),(392,625),(393,605),(394,501),(395,555),(396,368),(398,779),(399,520),(400,585),(401,11),(402,287),(404,686),(405,867),(406,940),(407,965),(408,-378),(412,696),(413,357),(414,710),(415,576),(416,481),(418,907),(419,225),(420,409),(421,78),(422,34),(424,664),(425,807),(426,851),(427,898),(428,731),(435,1000),(436,827),(437,856),(438,835),(439,531),(443,620),(444,323),(445,333),(446,799),(447,807),(449,263),(450,411),(451,638),(452,451),(453,623),(455,40),(456,546),(457,208),(458,584),(459,428),(461,147),(462,170),(463,167),(464,886),(465,74),(467,490),(468,780),(469,931),(470,558),(471,220),(473,668),(474,152),(475,808),(476,94),(477,768),(479,523),(480,948),(481,366),(482,971),(483,75),(485,932),(486,606),(487,672),(488,316),(489,915),(491,535),(492,711),(493,773),(494,386),(495,340),(499,685),(500,759),(501,233),(502,239),(503,466),(505,868),(506,938),(507,675),(508,573),(509,220),(511,674),(512,493),(513,777),(514,-363),(515,297),(517,343),(518,261),(519,378),(520,300),(521,403),(523,808),(524,77),(525,419),(526,752),(527,100),(529,-902),(530,868),(531,182),(532,241),(533,734),(535,735),(536,665),(537,860),(538,143),(539,962),(541,11),(542,417),(543,630),(544,106),(545,482),(547,748),(548,135),(549,395),(550,950),(551,569),(555,183),(556,-816),(557,220),(558,851),(559,38),(561,615),(562,721),(563,394),(564,904),(565,939),(567,341),(568,803),(569,780),(570,97),(571,157),(573,595),(574,714),(575,210),(576,630),(577,61),(579,730),(580,387),(581,864),(582,731),(583,761),(585,647),(586,666),(587,464),(588,375),(589,825),(591,284),(592,236),(593,420),(594,855),(595,856),(597,212),(598,78),(599,58),(600,-957),(601,633),(605,913),(606,871),(607,653),(608,319),(609,364),(611,913),(612,492),(613,727),(614,667),(615,753),(617,804),(618,205),(619,144),(620,770),(621,113),(623,249),(624,290),(625,349),(626,602),(627,248),(629,664),(630,192),(631,759),(632,180),(633,504),(637,636),(638,357),(639,604),(640,492),(641,37),(643,905),(644,881),(645,902),(646,47),(647,195),(649,551),(650,942),(651,403),(652,615),(653,887),(655,667),(656,285),(657,889),(658,87),(659,271),(661,511),(662,11),(663,153),(664,444),(665,576),(667,356),(668,229),(669,541),(670,924),(671,801),(673,820),(674,66),(675,898),(676,660),(677,555),(678,787),(682,734),(683,720),(684,382),(685,79),(686,538),(688,618),(689,132),(690,133),(691,108),(692,563),(694,81),(695,832),(696,45),(697,843),(698,943),(700,354),(701,455),(702,272),(703,655),(704,411),(706,867),(707,212),(708,546),(709,570),(710,399),(712,645),(713,250),(714,344),(715,553),(716,17),(718,643),(719,572),(720,458),(721,261),(722,319),(723,242),(727,795),(728,156),(729,479),(730,514),(731,938),(733,899),(734,15),(735,103),(736,623),(737,711),(739,141),(740,53),(741,915),(742,302),(743,386),(745,841),(746,410),(747,653),(748,123),(749,131),(751,236),(752,236),(753,572),(754,-645),(755,164),(757,63),(758,948),(759,373),(760,794),(761,327),(765,915),(766,191),(767,989),(768,873),(769,448),(771,481),(772,830),(773,843),(774,403),(775,568),(777,769),(778,857),(779,350),(780,824),(781,726),(785,735),(786,137),(787,770),(788,894),(789,262),(791,557),(792,22),(793,964),(794,528),(795,918),(797,219),(798,409),(799,851),(800,196),(801,151),(803,848),(804,630),(805,428),(806,663),(807,986),(809,782),(810,316),(811,772),(812,802),(813,335),(817,322),(818,42),(819,598),(820,62),(821,68),(823,552),(824,641),(825,497),(826,84),(827,13),(831,540),(832,775),(833,430),(834,995),(835,899),(837,277),(838,384),(839,200),(840,506),(841,846),(843,180),(844,756),(845,53),(846,208),(847,632),(849,941),(850,954),(851,470),(852,445),(853,734),(857,751),(858,276),(859,394),(860,436),(861,193),(863,31),(864,131),(865,163),(866,266),(867,46),(869,208),(870,34),(871,181),(872,356),(873,348),(875,849),(876,70),(877,950),(878,124),(879,361),(881,369),(882,260),(883,727),(884,688),(885,391),(886,496),(888,829),(889,490),(890,45),(891,503),(892,529),(894,542),(895,145),(896,761),(897,52),(898,-936),(902,782),(903,968),(904,687),(905,633),(906,783),(908,821),(909,44),(910,327),(911,12),(912,459),(914,3),(915,471),(916,682),(917,115),(918,517),(922,578),(923,982),(924,805),(925,326),(926,832),(930,893),(931,401),(932,197),(933,918),(934,388),(936,420),(937,963),(938,313),(939,917),(940,941),(942,720),(943,681),(944,256),(945,192),(946,563),(948,186),(949,148),(950,230),(951,2),(952,186),(956,558),(957,131),(958,320),(959,188),(960,832),(962,997),(963,109),(964,263),(965,997),(966,350),(968,360),(969,430),(970,915),(971,51),(972,676),(974,849),(975,42),(976,76),(977,450),(978,145),(980,406),(981,918),(982,185),(983,525),(984,674),(986,932),(987,862),(988,263),(989,301),(990,608),(992,606),(993,980),(994,913),(995,282),(996,548),(998,288),(999,596),(1000,637),(1001,647),(1002,681),(1004,704),(1005,423),(1006,463),(1007,734),(1008,921),(1012,950),(1013,436),(1014,11),(1015,935),(1016,640),(1018,966),(1019,765),(1020,27),(1021,-585),(1022,222),(1024,205),(1025,692),(1026,350),(1027,605),(1028,7),(1034,68),(1035,878),(1036,190),(1037,214),(1038,867),(1040,585),(1041,366),(1042,887),(1043,409),(1044,279),(1046,54),(1047,364),(1048,773),(1049,271),(1050,847),(1051,210),(1055,618),(1056,961),(1057,731),(1058,601),(1059,807),(1061,313),(1062,922),(1063,250),(1064,518),(1065,205),(1067,527),(1068,927),(1069,152),(1070,656),(1071,431),(1073,323),(1074,241),(1075,927),(1076,542),(1077,992),(1079,849),(1080,568),(1081,867),(1082,620),(1083,303),(1085,33),(1086,649),(1087,667),(1088,998),(1089,967),(1091,94),(1092,180),(1093,848),(1094,153),(1095,200),(1099,873),(1100,75),(1101,533),(1102,688),(1103,953),(1105,86),(1106,292),(1107,320),(1108,793),(1109,991),(1111,281),(1112,843),(1113,304),(1114,780),(1115,911),(1119,686),(1120,560),(1121,684),(1122,-667),(1123,461),(1125,-619),(1126,125),(1127,712),(1128,357),(1129,766),(1131,691),(1132,453),(1133,171),(1134,880),(1135,512),(1139,631),(1140,467),(1141,381),(1142,245),(1143,108),(1147,287),(1148,679),(1149,416),(1150,27),(1151,57),(1153,770),(1154,305),(1155,93),(1156,878),(1157,557),(1159,95),(1160,829),(1161,49),(1162,815),(1163,152),(1165,98),(1166,318),(1167,75),(1168,305),(1169,571),(1171,769),(1172,25),(1173,359),(1174,145),(1175,201),(1177,244),(1178,498),(1179,262),(1180,417),(1181,729),(1185,395),(1186,685),(1187,603),(1188,665),(1189,858),(1191,801),(1192,889),(1193,252),(1194,835),(1195,337),(1197,160),(1198,88),(1199,398),(1200,997),(1201,457),(1203,311),(1204,857),(1205,450),(1206,748),(1207,756),(1209,298),(1210,263),(1211,699),(1212,881),(1213,797),(1215,718),(1216,749),(1217,872),(1218,711),(1219,903),(1221,979),(1222,864),(1223,985),(1224,853),(1225,654),(1227,821),(1228,210),(1229,730),(1230,777),(1231,556);
/*!40000 ALTER TABLE `Segment` ENABLE KEYS */;
UNLOCK TABLES;
DROP TABLE IF EXISTS `Semaphore`;
/*!40101 SET @saved_cs_client     = @@character_set_client */;
/*!40101 SET character_set_client = utf8 */;
CREATE TABLE `Semaphore` (
  `id` int(11) NOT NULL AUTO_INCREMENT,
  `segment` int(11) NOT NULL,
  `signal` int(11) NOT NULL,
  PRIMARY KEY (`id`)
) ENGINE=MEMORY AUTO_INCREMENT=431 DEFAULT CHARSET=utf8;
/*!40101 SET character_set_client = @saved_cs_client */;

LOCK TABLES `Semaphore` WRITE;
/*!40000 ALTER TABLE `Semaphore` DISABLE KEYS */;
INSERT INTO `Semaphore` VALUES (1,1034,2),(2,7,2),(49,54,2),(158,163,2),(430,435,2);
/*!40000 ALTER TABLE `Semaphore` ENABLE KEYS */;
UNLOCK TABLES;
DROP TABLE IF EXISTS `Sensor`;
/*!40101 SET @saved_cs_client     = @@character_set_client */;
/*!40101 SET character_set_client = utf8 */;
CREATE TABLE `Sensor` (
  `id` int(11) NOT NULL AUTO_INCREMENT,
  `route` int(11) DEFAULT NULL,
  `region` int(11) NOT NULL,
  PRIMARY KEY (`id`)
) ENGINE=MEMORY AUTO_INCREMENT=1227 DEFAULT CHARSET=utf8;
/*!40101 SET character_set_client = @saved_cs_client */;

LOCK TABLES `Sensor` WRITE;
/*!40000 ALTER TABLE `Sensor` DISABLE KEYS */;
INSERT INTO `Sensor` VALUES (6,3,4),(12,NULL,4),(18,3,4),(24,3,4),(30,3,4),(36,3,4),(42,3,4),(53,50,51),(59,50,51),(65,50,51),(71,50,51),(77,50,51),(83,50,51),(89,50,51),(95,50,51),(103,50,51),(109,50,51),(115,50,51),(121,50,51),(127,NULL,51),(133,50,51),(139,50,51),(145,50,51),(151,50,51),(162,159,160),(168,159,160),(174,159,160),(180,159,160),(186,159,160),(192,159,160),(200,159,160),(206,159,160),(212,159,160),(218,159,160),(224,159,160),(230,159,160),(236,159,160),(242,159,160),(250,159,160),(256,159,160),(262,159,160),(268,159,160),(276,159,160),(282,159,160),(288,159,160),(296,159,160),(302,159,160),(308,159,160),(314,159,160),(320,159,160),(326,159,160),(332,159,160),(338,159,160),(346,159,160),(352,159,160),(361,159,160),(367,159,160),(373,159,160),(379,159,160),(385,159,160),(391,159,160),(397,159,160),(403,159,160),(411,NULL,160),(417,159,160),(423,159,160),(434,431,432),(442,431,432),(448,431,432),(454,431,432),(460,431,432),(466,431,432),(472,431,432),(478,431,432),(484,431,432),(490,431,432),(498,431,432),(504,431,432),(510,431,432),(516,431,432),(522,431,432),(528,431,432),(534,431,432),(540,431,432),(546,431,432),(554,431,432),(560,431,432),(566,431,432),(572,431,432),(578,431,432),(584,431,432),(590,431,432),(596,431,432),(604,431,432),(610,431,432),(616,431,432),(622,431,432),(628,431,432),(636,431,432),(642,431,432),(648,431,432),(654,431,432),(660,431,432),(666,431,432),(672,431,432),(681,431,432),(687,431,432),(693,431,432),(699,431,432),(705,431,432),(711,431,432),(717,431,432),(726,431,432),(732,431,432),(738,431,432),(744,431,432),(750,431,432),(756,431,432),(764,431,432),(770,431,432),(776,431,432),(784,431,432),(790,431,432),(796,431,432),(802,431,432),(808,431,432),(816,431,432),(822,431,432),(830,431,432),(836,431,432),(842,431,432),(848,431,432),(856,431,432),(862,431,432),(868,431,432),(874,431,432),(880,431,432),(887,431,432),(893,NULL,432),(901,431,432),(907,431,432),(913,431,432),(921,431,432),(929,431,432),(935,431,432),(941,431,432),(947,431,432),(955,431,432),(961,431,432),(967,NULL,432),(973,431,432),(979,431,432),(985,431,432),(991,431,432),(997,431,432),(1003,431,432),(1011,431,432),(1017,431,432),(1023,431,432),(1033,1030,1031),(1039,1030,1031),(1045,1030,1031),(1054,1030,1031),(1060,1030,1031),(1066,1030,1031),(1072,1030,1031),(1078,1030,1031),(1084,NULL,1031),(1090,1030,1031),(1098,1030,1031),(1104,1030,1031),(1110,1030,1031),(1118,NULL,1031),(1124,1030,1031),(1130,1030,1031),(1138,1030,1031),(1146,1030,1031),(1152,NULL,1031),(1158,NULL,1031),(1164,1030,1031),(1170,1030,1031),(1176,1030,1031),(1184,1030,1031),(1190,1030,1031),(1196,1030,1031),(1202,1030,1031),(1208,1030,1031),(1214,1030,1031),(1220,1030,1031),(1226,1030,1031);
/*!40000 ALTER TABLE `Sensor` ENABLE KEYS */;
UNLOCK TABLES;
DROP TABLE IF EXISTS `Switch`;
/*!40101 SET @saved_cs_client     = @@character_set_client */;
/*!40101 SET character_set_client = utf8 */;
CREATE TABLE `Switch` (
  `id` int(11) NOT NULL AUTO_INCREMENT,
  `currentPosition` int(11) NOT NULL,
  PRIMARY KEY (`id`)
) ENGINE=MEMORY AUTO_INCREMENT=1184 DEFAULT CHARSET=utf8;
/*!40101 SET character_set_client = @saved_cs_client */;

LOCK TABLES `Switch` WRITE;
/*!40000 ALTER TABLE `Switch` DISABLE KEYS */;
INSERT INTO `Switch` VALUES (5,2),(52,1),(102,0),(161,1),(199,1),(249,0),(275,0),(295,0),(345,2),(360,0),(410,2),(433,0),(441,2),(497,2),(553,0),(603,2),(635,0),(680,1),(725,0),(763,1),(783,0),(815,0),(829,1),(855,1),(900,2),(920,0),(928,1),(954,0),(1010,0),(1032,1),(1053,0),(1097,0),(1117,2),(1137,1),(1145,2),(1183,2);
/*!40000 ALTER TABLE `Switch` ENABLE KEYS */;
UNLOCK TABLES;
DROP TABLE IF EXISTS `SwitchPosition`;
/*!40101 SET @saved_cs_client     = @@character_set_client */;
/*!40101 SET character_set_client = utf8 */;
CREATE TABLE `SwitchPosition` (
  `id` int(11) NOT NULL AUTO_INCREMENT,
  `route` int(11) DEFAULT NULL,
  `target` int(11) DEFAULT NULL,
  `position` int(11) NOT NULL,
  PRIMARY KEY (`id`)
) ENGINE=MEMORY AUTO_INCREMENT=1233 DEFAULT CHARSET=utf8;
/*!40101 SET character_set_client = @saved_cs_client */;

LOCK TABLES `SwitchPosition` WRITE;
/*!40000 ALTER TABLE `SwitchPosition` DISABLE KEYS */;
INSERT INTO `SwitchPosition` VALUES (48,3,5,2),(101,50,52,1),(157,50,102,0),(198,159,161,1),(248,159,199,1),(274,159,249,0),(294,159,275,0),(344,159,295,0),(359,159,345,2),(409,159,360,0),(429,159,410,2),(440,431,433,0),(496,431,441,2),(552,431,497,2),(602,431,553,0),(634,431,603,2),(679,431,635,0),(724,431,680,1),(762,431,725,0),(782,431,763,1),(814,431,783,0),(828,431,815,0),(854,431,829,1),(899,431,855,1),(919,431,900,2),(927,431,920,0),(953,431,928,1),(1009,431,954,0),(1029,431,1010,0),(1052,1030,1032,1),(1096,1030,1053,0),(1116,1030,1097,0),(1136,1030,1117,2),(1144,1030,1137,1),(1182,1030,1145,2),(1232,1030,1183,2);
/*!40000 ALTER TABLE `SwitchPosition` ENABLE KEYS */;
UNLOCK TABLES;
DROP TABLE IF EXISTS `TrackElement`;
/*!40101 SET @saved_cs_client     = @@character_set_client */;
/*!40101 SET character_set_client = utf8 */;
CREATE TABLE `TrackElement` (
  `id` int(11) NOT NULL AUTO_INCREMENT,
  `region` int(11) NOT NULL,
  PRIMARY KEY (`id`)
) ENGINE=MEMORY AUTO_INCREMENT=1232 DEFAULT CHARSET=utf8;
/*!40101 SET character_set_client = @saved_cs_client */;

LOCK TABLES `TrackElement` WRITE;
/*!40000 ALTER TABLE `TrackElement` DISABLE KEYS */;
INSERT INTO `TrackElement` VALUES (5,4),(7,4),(8,4),(9,4),(10,4),(11,4),(13,4),(14,4),(15,4),(16,4),(17,4),(19,4),(20,4),(21,4),(22,4),(23,4),(25,4),(26,4),(27,4),(28,4),(29,4),(31,4),(32,4),(33,4),(34,4),(35,4),(37,4),(38,4),(39,4),(40,4),(41,4),(43,4),(44,4),(45,4),(46,4),(47,4),(52,51),(54,51),(55,51),(56,51),(57,51),(58,51),(60,51),(61,51),(62,51),(63,51),(64,51),(66,51),(67,51),(68,51),(69,51),(70,51),(72,51),(73,51),(74,51),(75,51),(76,51),(78,51),(79,51),(80,51),(81,51),(82,51),(84,51),(85,51),(86,51),(87,51),(88,51),(90,51),(91,51),(92,51),(93,51),(94,51),(96,51),(97,51),(98,51),(99,51),(100,51),(102,51),(104,51),(105,51),(106,51),(107,51),(108,51),(110,51),(111,51),(112,51),(113,51),(114,51),(116,51),(117,51),(118,51),(119,51),(120,51),(122,51),(123,51),(124,51),(125,51),(126,51),(128,51),(129,51),(130,51),(131,51),(132,51),(134,51),(135,51),(136,51),(137,51),(138,51),(140,51),(141,51),(142,51),(143,51),(144,51),(146,51),(147,51),(148,51),(149,51),(150,51),(152,51),(153,51),(154,51),(155,51),(156,51),(161,160),(163,160),(164,160),(165,160),(166,160),(167,160),(169,160),(170,160),(171,160),(172,160),(173,160),(175,160),(176,160),(177,160),(178,160),(179,160),(181,160),(182,160),(183,160),(184,160),(185,160),(187,160),(188,160),(189,160),(190,160),(191,160),(193,160),(194,160),(195,160),(196,160),(197,160),(199,160),(201,160),(202,160),(203,160),(204,160),(205,160),(207,160),(208,160),(209,160),(210,160),(211,160),(213,160),(214,160),(215,160),(216,160),(217,160),(219,160),(220,160),(221,160),(222,160),(223,160),(225,160),(226,160),(227,160),(228,160),(229,160),(231,160),(232,160),(233,160),(234,160),(235,160),(237,160),(238,160),(239,160),(240,160),(241,160),(243,160),(244,160),(245,160),(246,160),(247,160),(249,160),(251,160),(252,160),(253,160),(254,160),(255,160),(257,160),(258,160),(259,160),(260,160),(261,160),(263,160),(264,160),(265,160),(266,160),(267,160),(269,160),(270,160),(271,160),(272,160),(273,160),(275,160),(277,160),(278,160),(279,160),(280,160),(281,160),(283,160),(284,160),(285,160),(286,160),(287,160),(289,160),(290,160),(291,160),(292,160),(293,160),(295,160),(297,160),(298,160),(299,160),(300,160),(301,160),(303,160),(304,160),(305,160),(306,160),(307,160),(309,160),(310,160),(311,160),(312,160),(313,160),(315,160),(316,160),(317,160),(318,160),(319,160),(321,160),(322,160),(323,160),(324,160),(325,160),(327,160),(328,160),(329,160),(330,160),(331,160),(333,160),(334,160),(335,160),(336,160),(337,160),(339,160),(340,160),(341,160),(342,160),(343,160),(345,160),(347,160),(348,160),(349,160),(350,160),(351,160),(353,160),(354,160),(355,160),(356,160),(357,160),(358,160),(360,160),(362,160),(363,160),(364,160),(365,160),(366,160),(368,160),(369,160),(370,160),(371,160),(372,160),(374,160),(375,160),(376,160),(377,160),(378,160),(380,160),(381,160),(382,160),(383,160),(384,160),(386,160),(387,160),(388,160),(389,160),(390,160),(392,160),(393,160),(394,160),(395,160),(396,160),(398,160),(399,160),(400,160),(401,160),(402,160),(404,160),(405,160),(406,160),(407,160),(408,160),(410,160),(412,160),(413,160),(414,160),(415,160),(416,160),(418,160),(419,160),(420,160),(421,160),(422,160),(424,160),(425,160),(426,160),(427,160),(428,160),(433,432),(435,432),(436,432),(437,432),(438,432),(439,432),(441,432),(443,432),(444,432),(445,432),(446,432),(447,432),(449,432),(450,432),(451,432),(452,432),(453,432),(455,432),(456,432),(457,432),(458,432),(459,432),(461,432),(462,432),(463,432),(464,432),(465,432),(467,432),(468,432),(469,432),(470,432),(471,432),(473,432),(474,432),(475,432),(476,432),(477,432),(479,432),(480,432),(481,432),(482,432),(483,432),(485,432),(486,432),(487,432),(488,432),(489,432),(491,432),(492,432),(493,432),(494,432),(495,432),(497,432),(499,432),(500,432),(501,432),(502,432),(503,432),(505,432),(506,432),(507,432),(508,432),(509,432),(511,432),(512,432),(513,432),(514,432),(515,432),(517,432),(518,432),(519,432),(520,432),(521,432),(523,432),(524,432),(525,432),(526,432),(527,432),(529,432),(530,432),(531,432),(532,432),(533,432),(535,432),(536,432),(537,432),(538,432),(539,432),(541,432),(542,432),(543,432),(544,432),(545,432),(547,432),(548,432),(549,432),(550,432),(551,432),(553,432),(555,432),(556,432),(557,432),(558,432),(559,432),(561,432),(562,432),(563,432),(564,432),(565,432),(567,432),(568,432),(569,432),(570,432),(571,432),(573,432),(574,432),(575,432),(576,432),(577,432),(579,432),(580,432),(581,432),(582,432),(583,432),(585,432),(586,432),(587,432),(588,432),(589,432),(591,432),(592,432),(593,432),(594,432),(595,432),(597,432),(598,432),(599,432),(600,432),(601,432),(603,432),(605,432),(606,432),(607,432),(608,432),(609,432),(611,432),(612,432),(613,432),(614,432),(615,432),(617,432),(618,432),(619,432),(620,432),(621,432),(623,432),(624,432),(625,432),(626,432),(627,432),(629,432),(630,432),(631,432),(632,432),(633,432),(635,432),(637,432),(638,432),(639,432),(640,432),(641,432),(643,432),(644,432),(645,432),(646,432),(647,432),(649,432),(650,432),(651,432),(652,432),(653,432),(655,432),(656,432),(657,432),(658,432),(659,432),(661,432),(662,432),(663,432),(664,432),(665,432),(667,432),(668,432),(669,432),(670,432),(671,432),(673,432),(674,432),(675,432),(676,432),(677,432),(678,432),(680,432),(682,432),(683,432),(684,432),(685,432),(686,432),(688,432),(689,432),(690,432),(691,432),(692,432),(694,432),(695,432),(696,432),(697,432),(698,432),(700,432),(701,432),(702,432),(703,432),(704,432),(706,432),(707,432),(708,432),(709,432),(710,432),(712,432),(713,432),(714,432),(715,432),(716,432),(718,432),(719,432),(720,432),(721,432),(722,432),(723,432),(725,432),(727,432),(728,432),(729,432),(730,432),(731,432),(733,432),(734,432),(735,432),(736,432),(737,432),(739,432),(740,432),(741,432),(742,432),(743,432),(745,432),(746,432),(747,432),(748,432),(749,432),(751,432),(752,432),(753,432),(754,432),(755,432),(757,432),(758,432),(759,432),(760,432),(761,432),(763,432),(765,432),(766,432),(767,432),(768,432),(769,432),(771,432),(772,432),(773,432),(774,432),(775,432),(777,432),(778,432),(779,432),(780,432),(781,432),(783,432),(785,432),(786,432),(787,432),(788,432),(789,432),(791,432),(792,432),(793,432),(794,432),(795,432),(797,432),(798,432),(799,432),(800,432),(801,432),(803,432),(804,432),(805,432),(806,432),(807,432),(809,432),(810,432),(811,432),(812,432),(813,432),(815,432),(817,432),(818,432),(819,432),(820,432),(821,432),(823,432),(824,432),(825,432),(826,432),(827,432),(829,432),(831,432),(832,432),(833,432),(834,432),(835,432),(837,432),(838,432),(839,432),(840,432),(841,432),(843,432),(844,432),(845,432),(846,432),(847,432),(849,432),(850,432),(851,432),(852,432),(853,432),(855,432),(857,432),(858,432),(859,432),(860,432),(861,432),(863,432),(864,432),(865,432),(866,432),(867,432),(869,432),(870,432),(871,432),(872,432),(873,432),(875,432),(876,432),(877,432),(878,432),(879,432),(881,432),(882,432),(883,432),(884,432),(885,432),(886,432),(888,432),(889,432),(890,432),(891,432),(892,432),(894,432),(895,432),(896,432),(897,432),(898,432),(900,432),(902,432),(903,432),(904,432),(905,432),(906,432),(908,432),(909,432),(910,432),(911,432),(912,432),(914,432),(915,432),(916,432),(917,432),(918,432),(920,432),(922,432),(923,432),(924,432),(925,432),(926,432),(928,432),(930,432),(931,432),(932,432),(933,432),(934,432),(936,432),(937,432),(938,432),(939,432),(940,432),(942,432),(943,432),(944,432),(945,432),(946,432),(948,432),(949,432),(950,432),(951,432),(952,432),(954,432),(956,432),(957,432),(958,432),(959,432),(960,432),(962,432),(963,432),(964,432),(965,432),(966,432),(968,432),(969,432),(970,432),(971,432),(972,432),(974,432),(975,432),(976,432),(977,432),(978,432),(980,432),(981,432),(982,432),(983,432),(984,432),(986,432),(987,432),(988,432),(989,432),(990,432),(992,432),(993,432),(994,432),(995,432),(996,432),(998,432),(999,432),(1000,432),(1001,432),(1002,432),(1004,432),(1005,432),(1006,432),(1007,432),(1008,432),(1010,432),(1012,432),(1013,432),(1014,432),(1015,432),(1016,432),(1018,432),(1019,432),(1020,432),(1021,432),(1022,432),(1024,432),(1025,432),(1026,432),(1027,432),(1028,432),(1032,1031),(1034,1031),(1035,1031),(1036,1031),(1037,1031),(1038,1031),(1040,1031),(1041,1031),(1042,1031),(1043,1031),(1044,1031),(1046,1031),(1047,1031),(1048,1031),(1049,1031),(1050,1031),(1051,1031),(1053,1031),(1055,1031),(1056,1031),(1057,1031),(1058,1031),(1059,1031),(1061,1031),(1062,1031),(1063,1031),(1064,1031),(1065,1031),(1067,1031),(1068,1031),(1069,1031),(1070,1031),(1071,1031),(1073,1031),(1074,1031),(1075,1031),(1076,1031),(1077,1031),(1079,1031),(1080,1031),(1081,1031),(1082,1031),(1083,1031),(1085,1031),(1086,1031),(1087,1031),(1088,1031),(1089,1031),(1091,1031),(1092,1031),(1093,1031),(1094,1031),(1095,1031),(1097,1031),(1099,1031),(1100,1031),(1101,1031),(1102,1031),(1103,1031),(1105,1031),(1106,1031),(1107,1031),(1108,1031),(1109,1031),(1111,1031),(1112,1031),(1113,1031),(1114,1031),(1115,1031),(1117,1031),(1119,1031),(1120,1031),(1121,1031),(1122,1031),(1123,1031),(1125,1031),(1126,1031),(1127,1031),(1128,1031),(1129,1031),(1131,1031),(1132,1031),(1133,1031),(1134,1031),(1135,1031),(1137,1031),(1139,1031),(1140,1031),(1141,1031),(1142,1031),(1143,1031),(1145,1031),(1147,1031),(1148,1031),(1149,1031),(1150,1031),(1151,1031),(1153,1031),(1154,1031),(1155,1031),(1156,1031),(1157,1031),(1159,1031),(1160,1031),(1161,1031),(1162,1031),(1163,1031),(1165,1031),(1166,1031),(1167,1031),(1168,1031),(1169,1031),(1171,1031),(1172,1031),(1173,1031),(1174,1031),(1175,1031),(1177,1031),(1178,1031),(1179,1031),(1180,1031),(1181,1031),(1183,1031),(1185,1031),(1186,1031),(1187,1031),(1188,1031),(1189,1031),(1191,1031),(1192,1031),(1193,1031),(1194,1031),(1195,1031),(1197,1031),(1198,1031),(1199,1031),(1200,1031),(1201,1031),(1203,1031),(1204,1031),(1205,1031),(1206,1031),(1207,1031),(1209,1031),(1210,1031),(1211,1031),(1212,1031),(1213,1031),(1215,1031),(1216,1031),(1217,1031),(1218,1031),(1219,1031),(1221,1031),(1222,1031),(1223,1031),(1224,1031),(1225,1031),(1227,1031),(1228,1031),(1229,1031),(1230,1031),(1231,1031);
/*!40000 ALTER TABLE `TrackElement` ENABLE KEYS */;
UNLOCK TABLES;
DROP TABLE IF EXISTS `connectsTo`;
/*!40101 SET @saved_cs_client     = @@character_set_client */;
/*!40101 SET character_set_client = utf8 */;
CREATE TABLE `connectsTo` (
  `TrackElement1_id` int(11) NOT NULL,
  `TrackElement2_id` int(11) NOT NULL,
  PRIMARY KEY (`TrackElement1_id`,`TrackElement2_id`),
  KEY `connectsTo_idx1` (`TrackElement1_id`),
  KEY `connectsTo_idx2` (`TrackElement2_id`)
) ENGINE=MEMORY DEFAULT CHARSET=utf8;
/*!40101 SET character_set_client = @saved_cs_client */;

LOCK TABLES `connectsTo` WRITE;
/*!40000 ALTER TABLE `connectsTo` DISABLE KEYS */;
INSERT INTO `connectsTo` VALUES (5,7),(7,8),(8,9),(9,10),(10,11),(11,13),(13,14),(14,15),(15,16),(16,17),(17,19),(19,20),(20,21),(21,22),(22,23),(23,25),(25,26),(26,27),(27,28),(28,29),(29,31),(31,32),(32,33),(33,34),(34,35),(35,37),(37,38),(38,39),(39,40),(40,41),(41,43),(43,44),(44,45),(45,46),(46,47),(52,54),(54,55),(55,56),(56,57),(57,58),(58,60),(60,61),(61,62),(62,63),(63,64),(64,66),(66,67),(67,68),(68,69),(69,70),(70,72),(72,73),(73,74),(74,75),(75,76),(76,78),(78,79),(79,80),(80,81),(81,82),(82,84),(84,85),(85,86),(86,87),(87,88),(88,90),(90,91),(91,92),(92,93),(93,94),(94,96),(96,97),(97,98),(98,99),(99,100),(100,102),(102,104),(104,105),(105,106),(106,107),(107,108),(108,110),(110,111),(111,112),(112,113),(113,114),(114,116),(116,117),(117,118),(118,119),(119,120),(120,122),(122,123),(123,124),(124,125),(125,126),(126,128),(128,129),(129,130),(130,131),(131,132),(132,134),(134,135),(135,136),(136,137),(137,138),(138,140),(140,141),(141,142),(142,143),(143,144),(144,146),(146,147),(147,148),(148,149),(149,150),(150,152),(152,153),(153,154),(154,155),(155,156),(47,52),(161,163),(163,164),(164,165),(165,166),(166,167),(167,169),(169,170),(170,171),(171,172),(172,173),(173,175),(175,176),(176,177),(177,178),(178,179),(179,181),(181,182),(182,183),(183,184),(184,185),(185,187),(187,188),(188,189),(189,190),(190,191),(191,193),(193,194),(194,195),(195,196),(196,197),(197,199),(199,201),(201,202),(202,203),(203,204),(204,205),(205,207),(207,208),(208,209),(209,210),(210,211),(211,213),(213,214),(214,215),(215,216),(216,217),(217,219),(219,220),(220,221),(221,222),(222,223),(223,225),(225,226),(226,227),(227,228),(228,229),(229,231),(231,232),(232,233),(233,234),(234,235),(235,237),(237,238),(238,239),(239,240),(240,241),(241,243),(243,244),(244,245),(245,246),(246,247),(247,249),(249,251),(251,252),(252,253),(253,254),(254,255),(255,257),(257,258),(258,259),(259,260),(260,261),(261,263),(263,264),(264,265),(265,266),(266,267),(267,269),(269,270),(270,271),(271,272),(272,273),(273,275),(275,277),(277,278),(278,279),(279,280),(280,281),(281,283),(283,284),(284,285),(285,286),(286,287),(287,289),(289,290),(290,291),(291,292),(292,293),(293,295),(295,297),(297,298),(298,299),(299,300),(300,301),(301,303),(303,304),(304,305),(305,306),(306,307),(307,309),(309,310),(310,311),(311,312),(312,313),(313,315),(315,316),(316,317),(317,318),(318,319),(319,321),(321,322),(322,323),(323,324),(324,325),(325,327),(327,328),(328,329),(329,330),(330,331),(331,333),(333,334),(334,335),(335,336),(336,337),(337,339),(339,340),(340,341),(341,342),(342,343),(343,345),(345,347),(347,348),(348,349),(349,350),(350,351),(351,353),(353,354),(354,355),(355,356),(356,357),(357,358),(358,360),(360,362),(362,363),(363,364),(364,365),(365,366),(366,368),(368,369),(369,370),(370,371),(371,372),(372,374),(374,375),(375,376),(376,377),(377,378),(378,380),(380,381),(381,382),(382,383),(383,384),(384,386),(386,387),(387,388),(388,389),(389,390),(390,392),(392,393),(393,394),(394,395),(395,396),(396,398),(398,399),(399,400),(400,401),(401,402),(402,404),(404,405),(405,406),(406,407),(407,408),(408,410),(410,412),(412,413),(413,414),(414,415),(415,416),(416,418),(418,419),(419,420),(420,421),(421,422),(422,424),(424,425),(425,426),(426,427),(427,428),(156,161),(433,435),(435,436),(436,437),(437,438),(438,439),(439,441),(441,443),(443,444),(444,445),(445,446),(446,447),(447,449),(449,450),(450,451),(451,452),(452,453),(453,455),(455,456),(456,457),(457,458),(458,459),(459,461),(461,462),(462,463),(463,464),(464,465),(465,467),(467,468),(468,469),(469,470),(470,471),(471,473),(473,474),(474,475),(475,476),(476,477),(477,479),(479,480),(480,481),(481,482),(482,483),(483,485),(485,486),(486,487),(487,488),(488,489),(489,491),(491,492),(492,493),(493,494),(494,495),(495,497),(497,499),(499,500),(500,501),(501,502),(502,503),(503,505),(505,506),(506,507),(507,508),(508,509),(509,511),(511,512),(512,513),(513,514),(514,515),(515,517),(517,518),(518,519),(519,520),(520,521),(521,523),(523,524),(524,525),(525,526),(526,527),(527,529),(529,530),(530,531),(531,532),(532,533),(533,535),(535,536),(536,537),(537,538),(538,539),(539,541),(541,542),(542,543),(543,544),(544,545),(545,547),(547,548),(548,549),(549,550),(550,551),(551,553),(553,555),(555,556),(556,557),(557,558),(558,559),(559,561),(561,562),(562,563),(563,564),(564,565),(565,567),(567,568),(568,569),(569,570),(570,571),(571,573),(573,574),(574,575),(575,576),(576,577),(577,579),(579,580),(580,581),(581,582),(582,583),(583,585),(585,586),(586,587),(587,588),(588,589),(589,591),(591,592),(592,593),(593,594),(594,595),(595,597),(597,598),(598,599),(599,600),(600,601),(601,603),(603,605),(605,606),(606,607),(607,608),(608,609),(609,611),(611,612),(612,613),(613,614),(614,615),(615,617),(617,618),(618,619),(619,620),(620,621),(621,623),(623,624),(624,625),(625,626),(626,627),(627,629),(629,630),(630,631),(631,632),(632,633),(633,635),(635,637),(637,638),(638,639),(639,640),(640,641),(641,643),(643,644),(644,645),(645,646),(646,647),(647,649),(649,650),(650,651),(651,652),(652,653),(653,655),(655,656),(656,657),(657,658),(658,659),(659,661),(661,662),(662,663),(663,664),(664,665),(665,667),(667,668),(668,669),(669,670),(670,671),(671,673),(673,674),(674,675),(675,676),(676,677),(677,678),(678,680),(680,682),(682,683),(683,684),(684,685),(685,686),(686,688),(688,689),(689,690),(690,691),(691,692),(692,694),(694,695),(695,696),(696,697),(697,698),(698,700),(700,701),(701,702),(702,703),(703,704),(704,706),(706,707),(707,708),(708,709),(709,710),(710,712),(712,713),(713,714),(714,715),(715,716),(716,718),(718,719),(719,720),(720,721),(721,722),(722,723),(723,725),(725,727),(727,728),(728,729),(729,730),(730,731),(731,733),(733,734),(734,735),(735,736),(736,737),(737,739),(739,740),(740,741),(741,742),(742,743),(743,745),(745,746),(746,747),(747,748),(748,749),(749,751),(751,752),(752,753),(753,754),(754,755),(755,757),(757,758),(758,759),(759,760),(760,761),(761,763),(763,765),(765,766),(766,767),(767,768),(768,769),(769,771),(771,772),(772,773),(773,774),(774,775),(775,777),(777,778),(778,779),(779,780),(780,781),(781,783),(783,785),(785,786),(786,787),(787,788),(788,789),(789,791),(791,792),(792,793),(793,794),(794,795),(795,797),(797,798),(798,799),(799,800),(800,801),(801,803),(803,804),(804,805),(805,806),(806,807),(807,809),(809,810),(810,811),(811,812),(812,813),(813,815),(815,817),(817,818),(818,819),(819,820),(820,821),(821,823),(823,824),(824,825),(825,826),(826,827),(827,829),(829,831),(831,832),(832,833),(833,834),(834,835),(835,837),(837,838),(838,839),(839,840),(840,841),(841,843),(843,844),(844,845),(845,846),(846,847),(847,849),(849,850),(850,851),(851,852),(852,853),(853,855),(855,857),(857,858),(858,859),(859,860),(860,861),(861,863),(863,864),(864,865),(865,866),(866,867),(867,869),(869,870),(870,871),(871,872),(872,873),(873,875),(875,876),(876,877),(877,878),(878,879),(879,881),(881,882),(882,883),(883,884),(884,885),(885,886),(886,888),(888,889),(889,890),(890,891),(891,892),(892,894),(894,895),(895,896),(896,897),(897,898),(898,900),(900,902),(902,903),(903,904),(904,905),(905,906),(906,908),(908,909),(909,910),(910,911),(911,912),(912,914),(914,915),(915,916),(916,917),(917,918),(918,920),(920,922),(922,923),(923,924),(924,925),(925,926),(926,928),(928,930),(930,931),(931,932),(932,933),(933,934),(934,936),(936,937),(937,938),(938,939),(939,940),(940,942),(942,943),(943,944),(944,945),(945,946),(946,948),(948,949),(949,950),(950,951),(951,952),(952,954),(954,956),(956,957),(957,958),(958,959),(959,960),(960,962),(962,963),(963,964),(964,965),(965,966),(966,968),(968,969),(969,970),(970,971),(971,972),(972,974),(974,975),(975,976),(976,977),(977,978),(978,980),(980,981),(981,982),(982,983),(983,984),(984,986),(986,987),(987,988),(988,989),(989,990),(990,992),(992,993),(993,994),(994,995),(995,996),(996,998),(998,999),(999,1000),(1000,1001),(1001,1002),(1002,1004),(1004,1005),(1005,1006),(1006,1007),(1007,1008),(1008,1010),(1010,1012),(1012,1013),(1013,1014),(1014,1015),(1015,1016),(1016,1018),(1018,1019),(1019,1020),(1020,1021),(1021,1022),(1022,1024),(1024,1025),(1025,1026),(1026,1027),(1027,1028),(428,433),(1032,1034),(1034,1035),(1035,1036),(1036,1037),(1037,1038),(1038,1040),(1040,1041),(1041,1042),(1042,1043),(1043,1044),(1044,1046),(1046,1047),(1047,1048),(1048,1049),(1049,1050),(1050,1051),(1051,1053),(1053,1055),(1055,1056),(1056,1057),(1057,1058),(1058,1059),(1059,1061),(1061,1062),(1062,1063),(1063,1064),(1064,1065),(1065,1067),(1067,1068),(1068,1069),(1069,1070),(1070,1071),(1071,1073),(1073,1074),(1074,1075),(1075,1076),(1076,1077),(1077,1079),(1079,1080),(1080,1081),(1081,1082),(1082,1083),(1083,1085),(1085,1086),(1086,1087),(1087,1088),(1088,1089),(1089,1091),(1091,1092),(1092,1093),(1093,1094),(1094,1095),(1095,1097),(1097,1099),(1099,1100),(1100,1101),(1101,1102),(1102,1103),(1103,1105),(1105,1106),(1106,1107),(1107,1108),(1108,1109),(1109,1111),(1111,1112),(1112,1113),(1113,1114),(1114,1115),(1115,1117),(1117,1119),(1119,1120),(1120,1121),(1121,1122),(1122,1123),(1123,1125),(1125,1126),(1126,1127),(1127,1128),(1128,1129),(1129,1131),(1131,1132),(1132,1133),(1133,1134),(1134,1135),(1135,1137),(1137,1139),(1139,1140),(1140,1141),(1141,1142),(1142,1143),(1143,1145),(1145,1147),(1147,1148),(1148,1149),(1149,1150),(1150,1151),(1151,1153),(1153,1154),(1154,1155),(1155,1156),(1156,1157),(1157,1159),(1159,1160),(1160,1161),(1161,1162),(1162,1163),(1163,1165),(1165,1166),(1166,1167),(1167,1168),(1168,1169),(1169,1171),(1171,1172),(1172,1173),(1173,1174),(1174,1175),(1175,1177),(1177,1178),(1178,1179),(1179,1180),(1180,1181),(1181,1183),(1183,1185),(1185,1186),(1186,1187),(1187,1188),(1188,1189),(1189,1191),(1191,1192),(1192,1193),(1193,1194),(1194,1195),(1195,1197),(1197,1198),(1198,1199),(1199,1200),(1200,1201),(1201,1203),(1203,1204),(1204,1205),(1205,1206),(1206,1207),(1207,1209),(1209,1210),(1210,1211),(1211,1212),(1212,1213),(1213,1215),(1215,1216),(1216,1217),(1217,1218),(1218,1219),(1219,1221),(1221,1222),(1222,1223),(1223,1224),(1224,1225),(1225,1227),(1227,1228),(1228,1229),(1229,1230),(1230,1231),(1028,1032),(1231,5);
/*!40000 ALTER TABLE `connectsTo` ENABLE KEYS */;
UNLOCK TABLES;
DROP TABLE IF EXISTS `monitoredBy`;
/*!40101 SET @saved_cs_client     = @@character_set_client */;
/*!40101 SET character_set_client = utf8 */;
CREATE TABLE `monitoredBy` (
  `TrackElement_id` int(11) NOT NULL,
  `Sensor_id` int(11) NOT NULL,
  PRIMARY KEY (`TrackElement_id`,`Sensor_id`),
  KEY `monitoredBy_idx` (`Sensor_id`,`TrackElement_id`)
) ENGINE=MEMORY DEFAULT CHARSET=utf8;
/*!40101 SET character_set_client = @saved_cs_client */;

LOCK TABLES `monitoredBy` WRITE;
/*!40000 ALTER TABLE `monitoredBy` DISABLE KEYS */;
INSERT INTO `monitoredBy` VALUES (5,6),(7,6),(8,6),(9,6),(10,6),(11,6),(5,12),(13,12),(14,12),(15,12),(16,12),(17,12),(5,18),(19,18),(20,18),(21,18),(22,18),(23,18),(5,24),(25,24),(26,24),(27,24),(28,24),(29,24),(5,30),(31,30),(32,30),(33,30),(34,30),(35,30),(5,36),(37,36),(38,36),(39,36),(40,36),(41,36),(5,42),(43,42),(44,42),(45,42),(46,42),(47,42),(52,53),(54,53),(55,53),(56,53),(57,53),(58,53),(52,59),(60,59),(61,59),(62,59),(63,59),(64,59),(52,65),(66,65),(67,65),(68,65),(69,65),(70,65),(52,71),(72,71),(73,71),(74,71),(75,71),(76,71),(52,77),(78,77),(79,77),(80,77),(81,77),(82,77),(52,83),(84,83),(85,83),(86,83),(87,83),(88,83),(52,89),(90,89),(91,89),(92,89),(93,89),(94,89),(52,95),(96,95),(97,95),(98,95),(99,95),(100,95),(102,103),(104,103),(105,103),(106,103),(107,103),(108,103),(102,109),(110,109),(111,109),(112,109),(113,109),(114,109),(102,115),(116,115),(117,115),(118,115),(119,115),(120,115),(102,121),(122,121),(123,121),(124,121),(125,121),(126,121),(128,127),(129,127),(130,127),(131,127),(132,127),(102,133),(134,133),(135,133),(136,133),(137,133),(138,133),(102,139),(140,139),(141,139),(142,139),(143,139),(144,139),(102,145),(146,145),(147,145),(148,145),(149,145),(150,145),(102,151),(152,151),(153,151),(154,151),(155,151),(156,151),(161,162),(163,162),(164,162),(165,162),(166,162),(167,162),(161,168),(169,168),(170,168),(171,168),(172,168),(173,168),(161,174),(175,174),(176,174),(177,174),(178,174),(179,174),(161,180),(181,180),(182,180),(183,180),(184,180),(185,180),(161,186),(187,186),(188,186),(189,186),(190,186),(191,186),(161,192),(193,192),(194,192),(195,192),(196,192),(197,192),(199,200),(201,200),(202,200),(203,200),(204,200),(205,200),(199,206),(207,206),(208,206),(209,206),(210,206),(211,206),(199,212),(213,212),(214,212),(215,212),(216,212),(217,212),(199,218),(219,218),(220,218),(221,218),(222,218),(223,218),(199,224),(225,224),(226,224),(227,224),(228,224),(229,224),(199,230),(231,230),(232,230),(233,230),(234,230),(235,230),(199,236),(237,236),(238,236),(239,236),(240,236),(241,236),(199,242),(243,242),(244,242),(245,242),(246,242),(247,242),(249,250),(251,250),(252,250),(253,250),(254,250),(255,250),(249,256),(257,256),(258,256),(259,256),(260,256),(261,256),(249,262),(263,262),(264,262),(265,262),(266,262),(267,262),(249,268),(269,268),(270,268),(271,268),(272,268),(273,268),(275,276),(277,276),(278,276),(279,276),(280,276),(281,276),(275,282),(283,282),(284,282),(285,282),(286,282),(287,282),(275,288),(289,288),(290,288),(291,288),(292,288),(293,288),(295,296),(297,296),(298,296),(299,296),(300,296),(301,296),(295,302),(303,302),(304,302),(305,302),(306,302),(307,302),(295,308),(309,308),(310,308),(311,308),(312,308),(313,308),(295,314),(315,314),(316,314),(317,314),(318,314),(319,314),(295,320),(321,320),(322,320),(323,320),(324,320),(325,320),(295,326),(327,326),(328,326),(329,326),(330,326),(331,326),(295,332),(333,332),(334,332),(335,332),(336,332),(337,332),(295,338),(339,338),(340,338),(341,338),(342,338),(343,338),(345,346),(347,346),(348,346),(349,346),(350,346),(351,346),(345,352),(353,352),(354,352),(355,352),(356,352),(357,352),(358,352),(360,361),(362,361),(363,361),(364,361),(365,361),(366,361),(360,367),(368,367),(369,367),(370,367),(371,367),(372,367),(360,373),(374,373),(375,373),(376,373),(377,373),(378,373),(360,379),(380,379),(381,379),(382,379),(383,379),(384,379),(360,385),(386,385),(387,385),(388,385),(389,385),(390,385),(360,391),(392,391),(393,391),(394,391),(395,391),(396,391),(360,397),(398,397),(399,397),(400,397),(401,397),(402,397),(360,403),(404,403),(405,403),(406,403),(407,403),(408,403),(410,411),(412,411),(413,411),(414,411),(415,411),(416,411),(410,417),(418,417),(419,417),(420,417),(421,417),(422,417),(410,423),(424,423),(425,423),(426,423),(427,423),(428,423),(433,434),(435,434),(436,434),(437,434),(438,434),(439,434),(441,442),(443,442),(444,442),(445,442),(446,442),(447,442),(441,448),(449,448),(450,448),(451,448),(452,448),(453,448),(441,454),(455,454),(456,454),(457,454),(458,454),(459,454),(441,460),(461,460),(462,460),(463,460),(464,460),(465,460),(441,466),(467,466),(468,466),(469,466),(470,466),(471,466),(441,472),(473,472),(474,472),(475,472),(476,472),(477,472),(441,478),(479,478),(480,478),(481,478),(482,478),(483,478),(441,484),(485,484),(486,484),(487,484),(488,484),(489,484),(441,490),(491,490),(492,490),(493,490),(494,490),(495,490),(497,498),(499,498),(500,498),(501,498),(502,498),(503,498),(497,504),(505,504),(506,504),(507,504),(508,504),(509,504),(497,510),(511,510),(512,510),(513,510),(514,510),(515,510),(497,516),(517,516),(518,516),(519,516),(520,516),(521,516),(497,522),(523,522),(524,522),(525,522),(526,522),(527,522),(497,528),(529,528),(530,528),(531,528),(532,528),(533,528),(497,534),(535,534),(536,534),(537,534),(538,534),(539,534),(497,540),(541,540),(542,540),(543,540),(544,540),(545,540),(497,546),(547,546),(548,546),(549,546),(550,546),(551,546),(553,554),(555,554),(556,554),(557,554),(558,554),(559,554),(553,560),(561,560),(562,560),(563,560),(564,560),(565,560),(553,566),(567,566),(568,566),(569,566),(570,566),(571,566),(553,572),(573,572),(574,572),(575,572),(576,572),(577,572),(553,578),(579,578),(580,578),(581,578),(582,578),(583,578),(553,584),(585,584),(586,584),(587,584),(588,584),(589,584),(553,590),(591,590),(592,590),(593,590),(594,590),(595,590),(553,596),(597,596),(598,596),(599,596),(600,596),(601,596),(603,604),(605,604),(606,604),(607,604),(608,604),(609,604),(603,610),(611,610),(612,610),(613,610),(614,610),(615,610),(603,616),(617,616),(618,616),(619,616),(620,616),(621,616),(603,622),(623,622),(624,622),(625,622),(626,622),(627,622),(603,628),(629,628),(630,628),(631,628),(632,628),(633,628),(635,636),(637,636),(638,636),(639,636),(640,636),(641,636),(635,642),(643,642),(644,642),(645,642),(646,642),(647,642),(635,648),(649,648),(650,648),(651,648),(652,648),(653,648),(635,654),(655,654),(656,654),(657,654),(658,654),(659,654),(635,660),(661,660),(662,660),(663,660),(664,660),(665,660),(635,666),(667,666),(668,666),(669,666),(670,666),(671,666),(635,672),(673,672),(674,672),(675,672),(676,672),(677,672),(678,672),(680,681),(682,681),(683,681),(684,681),(685,681),(686,681),(680,687),(688,687),(689,687),(690,687),(691,687),(692,687),(680,693),(694,693),(695,693),(696,693),(697,693),(698,693),(680,699),(700,699),(701,699),(702,699),(703,699),(704,699),(680,705),(706,705),(707,705),(708,705),(709,705),(710,705),(680,711),(712,711),(713,711),(714,711),(715,711),(716,711),(680,717),(718,717),(719,717),(720,717),(721,717),(722,717),(723,717),(725,726),(727,726),(728,726),(729,726),(730,726),(731,726),(725,732),(733,732),(734,732),(735,732),(736,732),(737,732),(725,738),(739,738),(740,738),(741,738),(742,738),(743,738),(725,744),(745,744),(746,744),(747,744),(748,744),(749,744),(725,750),(751,750),(752,750),(753,750),(754,750),(755,750),(725,756),(757,756),(758,756),(759,756),(760,756),(761,756),(763,764),(765,764),(766,764),(767,764),(768,764),(769,764),(763,770),(771,770),(772,770),(773,770),(774,770),(775,770),(763,776),(777,776),(778,776),(779,776),(780,776),(781,776),(783,784),(785,784),(786,784),(787,784),(788,784),(789,784),(783,790),(791,790),(792,790),(793,790),(794,790),(795,790),(783,796),(797,796),(798,796),(799,796),(800,796),(801,796),(783,802),(803,802),(804,802),(805,802),(806,802),(807,802),(783,808),(809,808),(810,808),(811,808),(812,808),(813,808),(815,816),(817,816),(818,816),(819,816),(820,816),(821,816),(815,822),(823,822),(824,822),(825,822),(826,822),(827,822),(829,830),(831,830),(832,830),(833,830),(834,830),(835,830),(829,836),(837,836),(838,836),(839,836),(840,836),(841,836),(829,842),(843,842),(844,842),(845,842),(846,842),(847,842),(829,848),(849,848),(850,848),(851,848),(852,848),(853,848),(855,856),(857,856),(858,856),(859,856),(860,856),(861,856),(855,862),(863,862),(864,862),(865,862),(866,862),(867,862),(855,868),(869,868),(870,868),(871,868),(872,868),(873,868),(855,874),(875,874),(876,874),(877,874),(878,874),(879,874),(855,880),(881,880),(882,880),(883,880),(884,880),(885,880),(886,880),(855,887),(888,887),(889,887),(890,887),(891,887),(892,887),(855,893),(894,893),(895,893),(896,893),(897,893),(898,893),(900,901),(902,901),(903,901),(904,901),(905,901),(906,901),(900,907),(908,907),(909,907),(910,907),(911,907),(912,907),(900,913),(914,913),(915,913),(916,913),(917,913),(918,913),(920,921),(922,921),(923,921),(924,921),(925,921),(926,921),(928,929),(930,929),(931,929),(932,929),(933,929),(934,929),(928,935),(936,935),(937,935),(938,935),(939,935),(940,935),(928,941),(942,941),(943,941),(944,941),(945,941),(946,941),(928,947),(948,947),(949,947),(950,947),(951,947),(952,947),(954,955),(956,955),(957,955),(958,955),(959,955),(960,955),(954,961),(962,961),(963,961),(964,961),(965,961),(966,961),(954,967),(968,967),(969,967),(970,967),(971,967),(972,967),(954,973),(974,973),(975,973),(976,973),(977,973),(978,973),(954,979),(980,979),(981,979),(982,979),(983,979),(984,979),(954,985),(986,985),(987,985),(988,985),(989,985),(990,985),(954,991),(992,991),(993,991),(994,991),(995,991),(996,991),(954,997),(998,997),(999,997),(1000,997),(1001,997),(1002,997),(954,1003),(1004,1003),(1005,1003),(1006,1003),(1007,1003),(1008,1003),(1010,1011),(1012,1011),(1013,1011),(1014,1011),(1015,1011),(1016,1011),(1010,1017),(1018,1017),(1019,1017),(1020,1017),(1021,1017),(1022,1017),(1010,1023),(1024,1023),(1025,1023),(1026,1023),(1027,1023),(1028,1023),(1032,1033),(1034,1033),(1035,1033),(1036,1033),(1037,1033),(1038,1033),(1032,1039),(1040,1039),(1041,1039),(1042,1039),(1043,1039),(1044,1039),(1032,1045),(1046,1045),(1047,1045),(1048,1045),(1049,1045),(1050,1045),(1051,1045),(1053,1054),(1055,1054),(1056,1054),(1057,1054),(1058,1054),(1059,1054),(1053,1060),(1061,1060),(1062,1060),(1063,1060),(1064,1060),(1065,1060),(1053,1066),(1067,1066),(1068,1066),(1069,1066),(1070,1066),(1071,1066),(1053,1072),(1073,1072),(1074,1072),(1075,1072),(1076,1072),(1077,1072),(1053,1078),(1079,1078),(1080,1078),(1081,1078),(1082,1078),(1083,1078),(1053,1084),(1085,1084),(1086,1084),(1087,1084),(1088,1084),(1089,1084),(1053,1090),(1091,1090),(1092,1090),(1093,1090),(1094,1090),(1095,1090),(1097,1098),(1099,1098),(1100,1098),(1101,1098),(1102,1098),(1103,1098),(1097,1104),(1105,1104),(1106,1104),(1107,1104),(1108,1104),(1109,1104),(1097,1110),(1111,1110),(1112,1110),(1113,1110),(1114,1110),(1115,1110),(1117,1118),(1119,1118),(1120,1118),(1121,1118),(1122,1118),(1123,1118),(1117,1124),(1125,1124),(1126,1124),(1127,1124),(1128,1124),(1129,1124),(1117,1130),(1131,1130),(1132,1130),(1133,1130),(1134,1130),(1135,1130),(1137,1138),(1139,1138),(1140,1138),(1141,1138),(1142,1138),(1143,1138),(1145,1146),(1147,1146),(1148,1146),(1149,1146),(1150,1146),(1151,1146),(1153,1152),(1154,1152),(1155,1152),(1156,1152),(1157,1152),(1159,1158),(1160,1158),(1161,1158),(1162,1158),(1163,1158),(1145,1164),(1165,1164),(1166,1164),(1167,1164),(1168,1164),(1169,1164),(1145,1170),(1171,1170),(1172,1170),(1173,1170),(1174,1170),(1175,1170),(1145,1176),(1177,1176),(1178,1176),(1179,1176),(1180,1176),(1181,1176),(1183,1184),(1185,1184),(1186,1184),(1187,1184),(1188,1184),(1189,1184),(1183,1190),(1191,1190),(1192,1190),(1193,1190),(1194,1190),(1195,1190),(1183,1196),(1197,1196),(1198,1196),(1199,1196),(1200,1196),(1201,1196),(1183,1202),(1203,1202),(1204,1202),(1205,1202),(1206,1202),(1207,1202),(1183,1208),(1209,1208),(1210,1208),(1211,1208),(1212,1208),(1213,1208),(1183,1214),(1215,1214),(1216,1214),(1217,1214),(1218,1214),(1219,1214),(1183,1220),(1221,1220),(1222,1220),(1223,1220),(1224,1220),(1225,1220),(1183,1226),(1227,1226),(1228,1226),(1229,1226),(1230,1226),(1231,1226);
/*!40000 ALTER TABLE `monitoredBy` ENABLE KEYS */;
UNLOCK TABLES;
/*!40103 SET TIME_ZONE=@OLD_TIME_ZONE */;

/*!40101 SET SQL_MODE=@OLD_SQL_MODE */;
/*!40014 SET FOREIGN_KEY_CHECKS=@OLD_FOREIGN_KEY_CHECKS */;
/*!40014 SET UNIQUE_CHECKS=@OLD_UNIQUE_CHECKS */;
/*!40101 SET CHARACTER_SET_CLIENT=@OLD_CHARACTER_SET_CLIENT */;
/*!40101 SET CHARACTER_SET_RESULTS=@OLD_CHARACTER_SET_RESULTS */;
/*!40101 SET COLLATION_CONNECTION=@OLD_COLLATION_CONNECTION */;
/*!40111 SET SQL_NOTES=@OLD_SQL_NOTES */;

