
/*!40101 SET @OLD_CHARACTER_SET_CLIENT=@@CHARACTER_SET_CLIENT */;
/*!40101 SET @OLD_CHARACTER_SET_RESULTS=@@CHARACTER_SET_RESULTS */;
/*!40101 SET @OLD_COLLATION_CONNECTION=@@COLLATION_CONNECTION */;
/*!40101 SET NAMES utf8 */;
/*!40103 SET @OLD_TIME_ZONE=@@TIME_ZONE */;
/*!40103 SET TIME_ZONE='+00:00' */;
/*!40014 SET @OLD_UNIQUE_CHECKS=@@UNIQUE_CHECKS, UNIQUE_CHECKS=0 */;
/*!40014 SET @OLD_FOREIGN_KEY_CHECKS=@@FOREIGN_KEY_CHECKS, FOREIGN_KEY_CHECKS=0 */;
/*!40101 SET @OLD_SQL_MODE=@@SQL_MODE, SQL_MODE='NO_AUTO_VALUE_ON_ZERO' */;
/*!40111 SET @OLD_SQL_NOTES=@@SQL_NOTES, SQL_NOTES=0 */;

CREATE DATABASE /*!32312 IF NOT EXISTS*/ `trainbenchmark` /*!40100 DEFAULT CHARACTER SET latin1 */;

USE `trainbenchmark`;
DROP TABLE IF EXISTS `Route`;
/*!40101 SET @saved_cs_client     = @@character_set_client */;
/*!40101 SET character_set_client = utf8 */;
CREATE TABLE `Route` (
  `id` int(11) NOT NULL AUTO_INCREMENT,
  `entry` int(11) DEFAULT NULL,
  `exit` int(11) DEFAULT NULL,
  PRIMARY KEY (`id`)
) ENGINE=MEMORY AUTO_INCREMENT=1096 DEFAULT CHARSET=utf8;
/*!40101 SET character_set_client = @saved_cs_client */;

LOCK TABLES `Route` WRITE;
/*!40000 ALTER TABLE `Route` DISABLE KEYS */;
INSERT INTO `Route` VALUES (3,NULL,2),(474,2,473),(534,473,533),(898,533,897),(1095,897,1);
/*!40000 ALTER TABLE `Route` ENABLE KEYS */;
UNLOCK TABLES;
DROP TABLE IF EXISTS `Segment`;
/*!40101 SET @saved_cs_client     = @@character_set_client */;
/*!40101 SET character_set_client = utf8 */;
CREATE TABLE `Segment` (
  `id` int(11) NOT NULL AUTO_INCREMENT,
  `length` int(11) NOT NULL DEFAULT '1',
  PRIMARY KEY (`id`),
  KEY `segment_length_idx` (`length`)
) ENGINE=MEMORY AUTO_INCREMENT=1330 DEFAULT CHARSET=utf8;
/*!40101 SET character_set_client = @saved_cs_client */;

LOCK TABLES `Segment` WRITE;
/*!40000 ALTER TABLE `Segment` DISABLE KEYS */;
INSERT INTO `Segment` VALUES (6,358),(7,461),(8,879),(9,829),(10,732),(12,803),(13,-135),(14,494),(15,-977),(16,815),(18,831),(19,127),(20,974),(21,324),(22,996),(24,582),(25,683),(26,212),(27,994),(28,472),(30,745),(31,711),(32,733),(33,449),(34,549),(36,234),(37,132),(38,421),(39,429),(40,892),(42,209),(43,721),(44,436),(45,818),(46,153),(50,193),(51,141),(52,288),(53,852),(54,933),(56,-588),(57,896),(58,325),(59,800),(60,813),(62,386),(63,220),(64,929),(65,152),(66,886),(68,245),(69,239),(70,544),(71,398),(72,191),(74,301),(75,437),(76,511),(77,625),(78,111),(80,711),(81,740),(82,242),(83,840),(84,284),(86,977),(87,-822),(88,395),(89,608),(90,829),(92,-618),(93,181),(94,54),(95,745),(96,-320),(100,257),(101,488),(102,366),(103,638),(104,102),(106,-783),(107,566),(108,386),(109,462),(110,657),(114,986),(115,798),(116,480),(117,214),(118,-615),(120,981),(121,-184),(122,324),(123,881),(124,740),(126,685),(127,630),(128,809),(129,77),(130,719),(132,894),(133,-949),(134,-716),(135,942),(136,547),(140,191),(141,610),(142,374),(143,792),(144,100),(146,889),(147,465),(148,470),(149,343),(150,-769),(152,964),(153,518),(154,90),(155,52),(156,685),(158,111),(159,-850),(160,-34),(161,458),(162,918),(164,820),(165,428),(166,714),(167,-733),(168,372),(170,373),(171,507),(172,348),(173,411),(174,541),(178,160),(179,744),(180,461),(181,224),(182,857),(184,976),(185,644),(186,519),(187,643),(188,207),(190,620),(191,905),(192,453),(193,322),(194,524),(196,36),(197,263),(198,970),(199,39),(200,83),(204,371),(205,227),(206,208),(207,611),(208,605),(210,781),(211,83),(212,973),(213,918),(214,185),(216,-312),(217,300),(218,51),(219,270),(220,195),(222,373),(223,423),(224,450),(225,372),(226,993),(228,325),(229,536),(230,108),(231,176),(232,759),(234,917),(235,569),(236,971),(237,-591),(238,358),(240,969),(241,421),(242,-512),(243,530),(244,686),(246,909),(247,750),(248,200),(249,79),(250,135),(252,943),(253,168),(254,432),(255,589),(256,533),(260,78),(261,56),(262,161),(263,145),(264,904),(266,916),(267,182),(268,972),(269,349),(270,695),(272,163),(273,81),(274,510),(275,941),(276,777),(278,596),(279,331),(280,-498),(281,683),(282,633),(284,525),(285,691),(286,359),(287,523),(288,341),(292,809),(293,373),(294,954),(295,-552),(296,191),(298,690),(299,-853),(300,838),(301,31),(302,100),(304,-567),(305,881),(306,193),(307,-618),(308,236),(312,861),(313,674),(314,723),(315,495),(316,123),(320,882),(321,118),(322,707),(323,342),(324,501),(326,-915),(327,827),(328,594),(329,498),(330,752),(332,169),(333,63),(334,587),(335,827),(336,941),(338,939),(339,703),(340,625),(341,148),(342,691),(344,659),(345,898),(346,364),(347,307),(348,283),(350,694),(351,895),(352,140),(353,160),(354,12),(358,116),(359,252),(360,795),(361,392),(362,628),(364,110),(365,30),(366,182),(367,-215),(368,758),(370,-130),(371,455),(372,678),(373,489),(374,540),(378,316),(379,26),(380,772),(381,473),(382,726),(386,413),(387,709),(388,664),(389,395),(390,70),(392,544),(393,287),(394,632),(395,252),(396,611),(398,107),(399,360),(400,499),(401,-985),(402,132),(404,181),(405,724),(406,455),(407,296),(408,-684),(410,659),(411,630),(412,6),(413,220),(414,-791),(415,555),(419,-777),(420,520),(421,585),(422,11),(423,287),(425,106),(426,722),(427,262),(428,610),(429,301),(431,254),(432,422),(433,-144),(434,43),(435,938),(437,813),(438,462),(439,718),(440,907),(441,225),(443,78),(444,34),(445,-508),(446,536),(447,818),(449,68),(450,124),(451,629),(452,320),(453,173),(455,113),(456,3),(457,326),(458,100),(459,555),(461,597),(462,992),(463,149),(464,359),(465,356),(467,38),(468,-596),(469,-170),(470,263),(471,411),(477,486),(478,942),(479,553),(480,-391),(481,233),(483,770),(484,147),(485,170),(486,167),(487,886),(489,952),(490,524),(491,5),(492,133),(493,818),(495,743),(496,-314),(497,668),(498,152),(499,-806),(503,316),(504,9),(505,941),(506,134),(507,947),(509,387),(510,932),(511,606),(512,672),(513,316),(515,831),(516,573),(517,237),(518,95),(519,669),(521,50),(522,44),(523,965),(524,28),(525,196),(527,473),(528,514),(529,214),(530,574),(531,868),(537,319),(538,706),(539,35),(540,383),(541,902),(543,832),(544,741),(545,343),(546,261),(547,378),(549,403),(550,728),(551,798),(552,-212),(553,566),(555,823),(556,588),(557,286),(558,-902),(559,868),(561,241),(562,734),(563,70),(564,104),(565,723),(567,375),(568,727),(569,77),(570,84),(571,11),(573,630),(574,106),(575,482),(576,560),(577,694),(581,837),(582,245),(583,171),(584,83),(585,744),(587,68),(588,634),(589,852),(590,364),(591,525),(593,721),(594,394),(595,904),(596,939),(597,303),(599,710),(600,-843),(601,835),(602,27),(603,149),(605,595),(606,714),(607,210),(608,-628),(609,61),(611,911),(612,394),(613,268),(614,468),(615,781),(617,963),(618,647),(619,666),(620,464),(621,375),(625,32),(626,44),(627,700),(628,918),(629,648),(631,212),(632,78),(633,58),(634,-957),(635,633),(637,891),(638,820),(639,913),(640,871),(641,653),(643,364),(644,923),(645,142),(646,275),(647,382),(649,165),(650,238),(651,691),(652,804),(653,205),(657,575),(658,-129),(659,211),(660,911),(661,452),(662,248),(664,411),(665,664),(666,192),(667,759),(668,180),(670,471),(671,525),(672,795),(673,636),(674,357),(678,427),(679,461),(680,-881),(681,255),(682,-263),(686,-549),(687,-940),(688,403),(689,615),(690,887),(694,813),(695,914),(696,258),(697,655),(698,310),(700,-9),(701,153),(702,444),(703,576),(704,11),(706,15),(707,309),(708,596),(709,584),(710,-747),(712,820),(713,66),(714,898),(715,660),(716,555),(717,787),(719,367),(720,576),(721,734),(722,720),(723,382),(725,538),(726,127),(727,970),(728,389),(729,237),(731,-807),(732,434),(733,574),(734,-79),(735,832),(737,843),(738,943),(739,593),(740,371),(741,831),(745,941),(746,320),(747,867),(748,212),(749,546),(751,399),(752,248),(753,390),(754,871),(755,387),(757,459),(758,522),(759,529),(760,643),(761,572),(763,261),(764,319),(765,-541),(766,919),(767,383),(769,795),(770,-154),(771,-477),(772,-512),(773,938),(775,39),(776,232),(777,992),(778,-209),(779,940),(783,53),(784,915),(785,302),(786,386),(787,514),(789,88),(790,-548),(791,925),(792,84),(793,75),(795,236),(796,236),(797,572),(798,-645),(799,164),(801,395),(802,710),(803,407),(804,183),(805,305),(807,439),(808,739),(809,507),(810,620),(811,456),(813,116),(814,513),(815,-103),(816,481),(817,830),(819,403),(820,568),(821,977),(822,772),(823,904),(827,732),(828,415),(829,517),(830,200),(831,399),(833,715),(834,341),(835,185),(836,155),(837,557),(841,918),(842,153),(843,910),(844,997),(845,-938),(847,283),(848,387),(849,782),(850,848),(851,630),(853,663),(854,986),(855,889),(856,319),(857,89),(861,43),(862,658),(863,417),(864,118),(865,243),(867,557),(868,199),(869,788),(870,437),(871,552),(873,497),(874,84),(875,13),(876,-545),(877,151),(879,540),(880,775),(881,430),(882,995),(883,899),(885,960),(886,10),(887,167),(888,209),(889,-623),(891,132),(892,180),(893,756),(894,53),(895,208),(901,642),(902,24),(903,909),(904,946),(905,565),(907,-9),(908,663),(909,793),(910,551),(911,852),(913,631),(914,31),(915,131),(916,163),(917,266),(921,-885),(922,424),(923,234),(924,283),(925,781),(927,849),(928,70),(929,950),(930,124),(931,361),(933,92),(934,343),(935,431),(936,954),(937,196),(939,496),(940,115),(941,829),(942,490),(943,45),(945,529),(946,719),(947,-486),(948,988),(949,251),(951,301),(952,743),(953,239),(954,591),(955,281),(959,574),(960,41),(961,134),(962,821),(963,44),(965,12),(966,459),(967,737),(968,488),(969,-892),(971,546),(972,610),(973,161),(974,234),(975,951),(977,303),(978,208),(979,-128),(980,672),(981,340),(983,128),(984,833),(985,475),(986,-869),(987,878),(991,420),(992,963),(993,313),(994,917),(995,941),(997,381),(998,667),(999,589),(1000,829),(1001,99),(1003,425),(1004,186),(1005,148),(1006,230),(1007,2),(1009,560),(1010,801),(1011,257),(1012,558),(1013,131),(1015,188),(1016,832),(1017,250),(1018,151),(1019,63),(1021,323),(1022,172),(1023,756),(1024,203),(1025,360),(1027,915),(1028,51),(1029,676),(1030,711),(1031,649),(1033,267),(1034,771),(1035,261),(1036,132),(1037,14),(1041,-523),(1042,674),(1043,478),(1044,86),(1045,898),(1047,489),(1048,-651),(1049,-410),(1050,359),(1051,606),(1053,913),(1054,282),(1055,548),(1056,129),(1057,-888),(1059,470),(1060,188),(1061,66),(1062,744),(1063,111),(1065,423),(1066,463),(1067,734),(1068,-919),(1069,527),(1071,-937),(1072,-948),(1073,436),(1074,11),(1075,935),(1077,760),(1078,488),(1079,912),(1080,945),(1081,601),(1083,90),(1084,974),(1085,205),(1086,692),(1087,350),(1089,7),(1090,536),(1091,502),(1092,791),(1093,688),(1098,867),(1099,213),(1100,479),(1101,127),(1102,547),(1104,-391),(1105,862),(1106,52),(1107,54),(1108,364),(1110,-269),(1111,847),(1112,-9),(1113,-407),(1114,663),(1116,618),(1117,961),(1118,731),(1119,601),(1120,807),(1122,433),(1123,35),(1124,996),(1125,428),(1126,36),(1127,508),(1129,527),(1130,927),(1131,152),(1132,656),(1133,-429),(1135,-479),(1136,155),(1137,572),(1138,165),(1139,954),(1141,929),(1142,849),(1143,568),(1144,867),(1145,620),(1147,857),(1148,-525),(1149,492),(1150,69),(1151,85),(1155,94),(1156,180),(1157,848),(1158,153),(1159,200),(1161,836),(1162,652),(1163,873),(1164,75),(1165,533),(1167,953),(1168,322),(1169,372),(1170,718),(1171,907),(1173,125),(1174,728),(1175,634),(1176,281),(1177,843),(1179,780),(1180,911),(1181,774),(1182,68),(1183,2),(1185,560),(1186,684),(1187,-667),(1188,461),(1189,-545),(1191,274),(1192,743),(1193,932),(1194,336),(1195,78),(1197,691),(1198,453),(1199,171),(1200,880),(1201,512),(1203,225),(1204,-364),(1205,631),(1206,467),(1207,381),(1211,836),(1212,314),(1213,287),(1214,679),(1215,416),(1217,57),(1218,702),(1219,770),(1220,305),(1221,93),(1225,95),(1226,829),(1227,49),(1228,815),(1229,152),(1231,-443),(1232,899),(1233,991),(1234,458),(1235,-2),(1237,832),(1238,769),(1239,25),(1240,359),(1241,145),(1243,354),(1244,750),(1245,248),(1246,262),(1247,743),(1249,534),(1250,159),(1251,-857),(1252,494),(1253,214),(1255,-312),(1256,947),(1257,710),(1258,169),(1259,801),(1261,252),(1262,835),(1263,-335),(1264,757),(1265,729),(1267,132),(1268,705),(1269,985),(1270,892),(1271,806),(1275,748),(1276,756),(1277,567),(1278,777),(1279,912),(1281,37),(1282,41),(1283,26),(1284,670),(1285,718),(1289,903),(1290,86),(1291,694),(1292,972),(1293,535),(1295,142),(1296,613),(1297,166),(1298,821),(1299,210),(1301,777),(1302,556),(1303,972),(1304,142),(1305,900),(1309,22),(1310,-310),(1311,897),(1312,301),(1313,856),(1317,453),(1318,-924),(1319,303),(1320,840),(1321,931),(1325,561),(1326,473),(1327,309),(1328,43),(1329,550);
/*!40000 ALTER TABLE `Segment` ENABLE KEYS */;
UNLOCK TABLES;
DROP TABLE IF EXISTS `Semaphore`;
/*!40101 SET @saved_cs_client     = @@character_set_client */;
/*!40101 SET character_set_client = utf8 */;
CREATE TABLE `Semaphore` (
  `id` int(11) NOT NULL AUTO_INCREMENT,
  `signal` int(11) NOT NULL,
  PRIMARY KEY (`id`)
) ENGINE=MEMORY AUTO_INCREMENT=898 DEFAULT CHARSET=utf8;
/*!40101 SET character_set_client = @saved_cs_client */;

LOCK TABLES `Semaphore` WRITE;
/*!40000 ALTER TABLE `Semaphore` DISABLE KEYS */;
INSERT INTO `Semaphore` VALUES (1,2),(2,2),(473,2),(533,2),(897,2);
/*!40000 ALTER TABLE `Semaphore` ENABLE KEYS */;
UNLOCK TABLES;
DROP TABLE IF EXISTS `Sensor`;
/*!40101 SET @saved_cs_client     = @@character_set_client */;
/*!40101 SET character_set_client = utf8 */;
CREATE TABLE `Sensor` (
  `id` int(11) NOT NULL AUTO_INCREMENT,
  PRIMARY KEY (`id`)
) ENGINE=MEMORY AUTO_INCREMENT=1325 DEFAULT CHARSET=utf8;
/*!40101 SET character_set_client = @saved_cs_client */;

LOCK TABLES `Sensor` WRITE;
/*!40000 ALTER TABLE `Sensor` DISABLE KEYS */;
INSERT INTO `Sensor` VALUES (5),(11),(17),(23),(29),(35),(41),(49),(55),(61),(67),(73),(79),(85),(91),(99),(105),(113),(119),(125),(131),(139),(145),(151),(157),(163),(169),(177),(183),(189),(195),(203),(209),(215),(221),(227),(233),(239),(245),(251),(259),(265),(271),(277),(283),(291),(297),(303),(311),(319),(325),(331),(337),(343),(349),(357),(363),(369),(377),(385),(391),(397),(403),(409),(418),(424),(430),(436),(442),(448),(454),(460),(466),(476),(482),(488),(494),(502),(508),(514),(520),(526),(536),(542),(548),(554),(560),(566),(572),(580),(586),(592),(598),(604),(610),(616),(624),(630),(636),(642),(648),(656),(663),(669),(677),(685),(693),(699),(705),(711),(718),(724),(730),(736),(744),(750),(756),(762),(768),(774),(782),(788),(794),(800),(806),(812),(818),(826),(832),(840),(846),(852),(860),(866),(872),(878),(884),(890),(900),(906),(912),(920),(926),(932),(938),(944),(950),(958),(964),(970),(976),(982),(990),(996),(1002),(1008),(1014),(1020),(1026),(1032),(1040),(1046),(1052),(1058),(1064),(1070),(1076),(1082),(1088),(1097),(1103),(1109),(1115),(1121),(1128),(1134),(1140),(1146),(1154),(1160),(1166),(1172),(1178),(1184),(1190),(1196),(1202),(1210),(1216),(1224),(1230),(1236),(1242),(1248),(1254),(1260),(1266),(1274),(1280),(1288),(1294),(1300),(1308),(1316),(1324);
/*!40000 ALTER TABLE `Sensor` ENABLE KEYS */;
UNLOCK TABLES;
DROP TABLE IF EXISTS `Switch`;
/*!40101 SET @saved_cs_client     = @@character_set_client */;
/*!40101 SET character_set_client = utf8 */;
CREATE TABLE `Switch` (
  `id` int(11) NOT NULL AUTO_INCREMENT,
  `currentPosition` int(11) DEFAULT NULL,
  PRIMARY KEY (`id`)
) ENGINE=MEMORY AUTO_INCREMENT=1324 DEFAULT CHARSET=utf8;
/*!40101 SET character_set_client = @saved_cs_client */;

LOCK TABLES `Switch` WRITE;
/*!40000 ALTER TABLE `Switch` DISABLE KEYS */;
INSERT INTO `Switch` VALUES (4,2),(48,1),(98,0),(112,2),(138,2),(176,3),(202,1),(258,3),(290,1),(310,1),(318,0),(356,0),(376,3),(384,3),(417,0),(475,2),(501,2),(535,1),(579,3),(623,1),(655,0),(676,1),(684,1),(692,1),(743,0),(781,3),(825,3),(839,3),(859,1),(899,3),(919,3),(957,1),(989,1),(1039,2),(1096,1),(1153,0),(1209,0),(1223,2),(1273,0),(1287,1),(1307,3),(1315,1),(1323,3);
/*!40000 ALTER TABLE `Switch` ENABLE KEYS */;
UNLOCK TABLES;
DROP TABLE IF EXISTS `SwitchPosition`;
/*!40101 SET @saved_cs_client     = @@character_set_client */;
/*!40101 SET character_set_client = utf8 */;
CREATE TABLE `SwitchPosition` (
  `id` int(11) NOT NULL AUTO_INCREMENT,
  `follows` int(11) DEFAULT NULL,
  `switch` int(11) NOT NULL,
  `position` int(11) NOT NULL,
  PRIMARY KEY (`id`)
) ENGINE=MEMORY AUTO_INCREMENT=1331 DEFAULT CHARSET=utf8;
/*!40101 SET character_set_client = @saved_cs_client */;

LOCK TABLES `SwitchPosition` WRITE;
/*!40000 ALTER TABLE `SwitchPosition` DISABLE KEYS */;
INSERT INTO `SwitchPosition` VALUES (47,3,4,2),(97,3,48,1),(111,3,98,0),(137,3,112,2),(175,3,138,2),(201,3,176,3),(257,3,202,1),(289,3,258,3),(309,3,290,1),(317,3,310,1),(355,3,318,3),(375,3,356,3),(383,3,376,3),(416,3,384,3),(472,3,417,0),(500,474,475,2),(532,474,501,2),(578,534,535,1),(622,534,579,3),(654,534,623,1),(675,534,655,0),(683,534,676,1),(691,534,684,1),(742,534,692,1),(780,534,743,0),(824,534,781,3),(838,534,825,3),(858,534,839,3),(896,534,859,1),(918,898,899,3),(956,898,919,3),(988,898,957,1),(1038,898,989,1),(1094,898,1039,2),(1152,1095,1096,1),(1208,1095,1153,3),(1222,1095,1209,0),(1272,1095,1223,2),(1286,1095,1273,0),(1306,1095,1287,1),(1314,1095,1307,0),(1322,1095,1315,1),(1330,1095,1323,3);
/*!40000 ALTER TABLE `SwitchPosition` ENABLE KEYS */;
UNLOCK TABLES;
DROP TABLE IF EXISTS `TrackElement`;
/*!40101 SET @saved_cs_client     = @@character_set_client */;
/*!40101 SET character_set_client = utf8 */;
CREATE TABLE `TrackElement` (
  `id` int(11) NOT NULL AUTO_INCREMENT,
  `sensor` int(11) DEFAULT NULL,
  PRIMARY KEY (`id`)
) ENGINE=MEMORY AUTO_INCREMENT=1330 DEFAULT CHARSET=utf8;
/*!40101 SET character_set_client = @saved_cs_client */;

LOCK TABLES `TrackElement` WRITE;
/*!40000 ALTER TABLE `TrackElement` DISABLE KEYS */;
INSERT INTO `TrackElement` VALUES (4,41),(6,5),(7,5),(8,5),(9,5),(10,5),(12,11),(13,11),(14,11),(15,11),(16,11),(18,17),(19,17),(20,17),(21,17),(22,17),(24,23),(25,23),(26,23),(27,23),(28,23),(30,29),(31,29),(32,29),(33,29),(34,29),(36,35),(37,35),(38,35),(39,35),(40,35),(42,41),(43,41),(44,41),(45,41),(46,41),(48,91),(50,49),(51,49),(52,49),(53,49),(54,49),(56,55),(57,55),(58,55),(59,55),(60,55),(62,61),(63,61),(64,61),(65,61),(66,61),(68,67),(69,67),(70,67),(71,67),(72,67),(74,73),(75,73),(76,73),(77,73),(78,73),(80,79),(81,79),(82,79),(83,79),(84,79),(86,85),(87,85),(88,85),(89,85),(90,85),(92,91),(93,91),(94,91),(95,91),(96,91),(98,105),(100,99),(101,99),(102,99),(103,99),(104,99),(106,105),(107,105),(108,105),(109,105),(110,105),(112,131),(114,113),(115,113),(116,113),(117,113),(118,113),(120,119),(121,119),(122,119),(123,119),(124,119),(126,125),(127,125),(128,125),(129,125),(130,125),(132,131),(133,131),(134,131),(135,131),(136,131),(138,169),(140,139),(141,139),(142,139),(143,139),(144,139),(146,145),(147,145),(148,145),(149,145),(150,145),(152,151),(153,151),(154,151),(155,151),(156,151),(158,157),(159,157),(160,157),(161,157),(162,157),(164,163),(165,163),(166,163),(167,163),(168,163),(170,169),(171,169),(172,169),(173,169),(174,169),(176,195),(178,177),(179,177),(180,177),(181,177),(182,177),(184,183),(185,183),(186,183),(187,183),(188,183),(190,189),(191,189),(192,189),(193,189),(194,189),(196,195),(197,195),(198,195),(199,195),(200,195),(202,251),(204,203),(205,203),(206,203),(207,203),(208,203),(210,209),(211,209),(212,209),(213,209),(214,209),(216,215),(217,215),(218,215),(219,215),(220,215),(222,221),(223,221),(224,221),(225,221),(226,221),(228,227),(229,227),(230,227),(231,227),(232,227),(234,233),(235,233),(236,233),(237,233),(238,233),(240,239),(241,239),(242,239),(243,239),(244,239),(246,245),(247,245),(248,245),(249,245),(250,245),(252,251),(253,251),(254,251),(255,251),(256,251),(258,283),(260,259),(261,259),(262,259),(263,259),(264,259),(266,265),(267,265),(268,265),(269,265),(270,265),(272,271),(273,271),(274,271),(275,271),(276,271),(278,277),(279,277),(280,277),(281,277),(282,277),(284,283),(285,283),(286,283),(287,283),(288,283),(290,303),(292,291),(293,291),(294,291),(295,291),(296,291),(298,297),(299,297),(300,297),(301,297),(302,297),(304,303),(305,303),(306,303),(307,303),(308,303),(310,311),(312,311),(313,311),(314,311),(315,311),(316,311),(318,NULL),(320,319),(321,319),(322,319),(323,319),(324,319),(326,325),(327,325),(328,325),(329,325),(330,325),(332,331),(333,331),(334,331),(335,331),(336,331),(338,337),(339,337),(340,337),(341,337),(342,337),(344,343),(345,343),(346,343),(347,343),(348,343),(350,349),(351,349),(352,349),(353,349),(354,349),(356,369),(358,357),(359,357),(360,357),(361,357),(362,357),(364,363),(365,363),(366,363),(367,363),(368,363),(370,369),(371,369),(372,369),(373,369),(374,369),(376,377),(378,377),(379,377),(380,377),(381,377),(382,377),(384,409),(386,385),(387,385),(388,385),(389,385),(390,385),(392,391),(393,391),(394,391),(395,391),(396,391),(398,397),(399,397),(400,397),(401,397),(402,397),(404,403),(405,403),(406,403),(407,403),(408,403),(410,409),(411,409),(412,409),(413,409),(414,409),(415,409),(417,466),(419,418),(420,418),(421,418),(422,418),(423,418),(425,424),(426,424),(427,424),(428,424),(429,424),(431,430),(432,430),(433,430),(434,430),(435,430),(437,436),(438,436),(439,436),(440,436),(441,436),(443,442),(444,442),(445,442),(446,442),(447,442),(449,448),(450,448),(451,448),(452,448),(453,448),(455,454),(456,454),(457,454),(458,454),(459,454),(461,460),(462,460),(463,460),(464,460),(465,460),(467,466),(468,466),(469,466),(470,466),(471,466),(475,494),(477,476),(478,476),(479,476),(480,476),(481,476),(483,482),(484,482),(485,482),(486,482),(487,482),(489,488),(490,488),(491,488),(492,488),(493,488),(495,494),(496,494),(497,494),(498,494),(499,494),(501,526),(503,502),(504,502),(505,502),(506,502),(507,502),(509,508),(510,508),(511,508),(512,508),(513,508),(515,514),(516,514),(517,514),(518,514),(519,514),(521,520),(522,520),(523,520),(524,520),(525,520),(527,526),(528,526),(529,526),(530,526),(531,526),(535,572),(537,536),(538,536),(539,536),(540,536),(541,536),(543,542),(544,542),(545,542),(546,542),(547,542),(549,548),(550,548),(551,548),(552,548),(553,548),(555,554),(556,554),(557,554),(558,554),(559,554),(561,560),(562,560),(563,560),(564,560),(565,560),(567,566),(568,566),(569,566),(570,566),(571,566),(573,572),(574,572),(575,572),(576,572),(577,572),(579,616),(581,580),(582,580),(583,580),(584,580),(585,580),(587,586),(588,586),(589,586),(590,586),(591,586),(593,592),(594,592),(595,592),(596,592),(597,592),(599,598),(600,598),(601,598),(602,598),(603,598),(605,604),(606,604),(607,604),(608,604),(609,604),(611,610),(612,610),(613,610),(614,610),(615,610),(617,616),(618,616),(619,616),(620,616),(621,616),(623,648),(625,624),(626,624),(627,624),(628,624),(629,624),(631,630),(632,630),(633,630),(634,630),(635,630),(637,636),(638,636),(639,636),(640,636),(641,636),(643,642),(644,642),(645,642),(646,642),(647,642),(649,648),(650,648),(651,648),(652,648),(653,648),(655,NULL),(657,656),(658,656),(659,656),(660,656),(661,656),(662,656),(664,663),(665,663),(666,663),(667,663),(668,663),(670,669),(671,669),(672,669),(673,669),(674,669),(676,677),(678,677),(679,677),(680,677),(681,677),(682,677),(684,685),(686,685),(687,685),(688,685),(689,685),(690,685),(692,736),(694,693),(695,693),(696,693),(697,693),(698,693),(700,699),(701,699),(702,699),(703,699),(704,699),(706,705),(707,705),(708,705),(709,705),(710,705),(712,711),(713,711),(714,711),(715,711),(716,711),(717,711),(719,718),(720,718),(721,718),(722,718),(723,718),(725,724),(726,724),(727,724),(728,724),(729,724),(731,730),(732,730),(733,730),(734,730),(735,730),(737,736),(738,736),(739,736),(740,736),(741,736),(743,774),(745,744),(746,744),(747,744),(748,744),(749,744),(751,750),(752,750),(753,750),(754,750),(755,750),(757,756),(758,756),(759,756),(760,756),(761,756),(763,762),(764,762),(765,762),(766,762),(767,762),(769,768),(770,768),(771,768),(772,768),(773,768),(775,774),(776,774),(777,774),(778,774),(779,774),(781,818),(783,782),(784,782),(785,782),(786,782),(787,782),(789,788),(790,788),(791,788),(792,788),(793,788),(795,794),(796,794),(797,794),(798,794),(799,794),(801,800),(802,800),(803,800),(804,800),(805,800),(807,806),(808,806),(809,806),(810,806),(811,806),(813,812),(814,812),(815,812),(816,812),(817,812),(819,818),(820,818),(821,818),(822,818),(823,818),(825,832),(827,826),(828,826),(829,826),(830,826),(831,826),(833,832),(834,832),(835,832),(836,832),(837,832),(839,852),(841,840),(842,840),(843,840),(844,840),(845,840),(847,846),(848,846),(849,846),(850,846),(851,846),(853,852),(854,852),(855,852),(856,852),(857,852),(859,890),(861,860),(862,860),(863,860),(864,860),(865,860),(867,866),(868,866),(869,866),(870,866),(871,866),(873,872),(874,872),(875,872),(876,872),(877,872),(879,878),(880,878),(881,878),(882,878),(883,878),(885,884),(886,884),(887,884),(888,884),(889,884),(891,890),(892,890),(893,890),(894,890),(895,890),(899,912),(901,900),(902,900),(903,900),(904,900),(905,900),(907,906),(908,906),(909,906),(910,906),(911,906),(913,912),(914,912),(915,912),(916,912),(917,912),(919,NULL),(921,920),(922,920),(923,920),(924,920),(925,920),(927,926),(928,926),(929,926),(930,926),(931,926),(933,932),(934,932),(935,932),(936,932),(937,932),(939,938),(940,938),(941,938),(942,938),(943,938),(945,944),(946,944),(947,944),(948,944),(949,944),(951,950),(952,950),(953,950),(954,950),(955,950),(957,982),(959,958),(960,958),(961,958),(962,958),(963,958),(965,964),(966,964),(967,964),(968,964),(969,964),(971,970),(972,970),(973,970),(974,970),(975,970),(977,976),(978,976),(979,976),(980,976),(981,976),(983,982),(984,982),(985,982),(986,982),(987,982),(989,1032),(991,990),(992,990),(993,990),(994,990),(995,990),(997,996),(998,996),(999,996),(1000,996),(1001,996),(1003,1002),(1004,1002),(1005,1002),(1006,1002),(1007,1002),(1009,1008),(1010,1008),(1011,1008),(1012,1008),(1013,1008),(1015,1014),(1016,1014),(1017,1014),(1018,1014),(1019,1014),(1021,1020),(1022,1020),(1023,1020),(1024,1020),(1025,1020),(1027,1026),(1028,1026),(1029,1026),(1030,1026),(1031,1026),(1033,1032),(1034,1032),(1035,1032),(1036,1032),(1037,1032),(1039,1088),(1041,1040),(1042,1040),(1043,1040),(1044,1040),(1045,1040),(1047,1046),(1048,1046),(1049,1046),(1050,1046),(1051,1046),(1053,1052),(1054,1052),(1055,1052),(1056,1052),(1057,1052),(1059,1058),(1060,1058),(1061,1058),(1062,1058),(1063,1058),(1065,1064),(1066,1064),(1067,1064),(1068,1064),(1069,1064),(1071,1070),(1072,1070),(1073,1070),(1074,1070),(1075,1070),(1077,1076),(1078,1076),(1079,1076),(1080,1076),(1081,1076),(1083,1082),(1084,1082),(1085,1082),(1086,1082),(1087,1082),(1089,1088),(1090,1088),(1091,1088),(1092,1088),(1093,1088),(1096,1146),(1098,1097),(1099,1097),(1100,1097),(1101,1097),(1102,1097),(1104,1103),(1105,1103),(1106,1103),(1107,1103),(1108,1103),(1110,1109),(1111,1109),(1112,1109),(1113,1109),(1114,1109),(1116,1115),(1117,1115),(1118,1115),(1119,1115),(1120,1115),(1122,1121),(1123,1121),(1124,1121),(1125,1121),(1126,1121),(1127,1121),(1129,1128),(1130,1128),(1131,1128),(1132,1128),(1133,1128),(1135,1134),(1136,1134),(1137,1134),(1138,1134),(1139,1134),(1141,1140),(1142,1140),(1143,1140),(1144,1140),(1145,1140),(1147,1146),(1148,1146),(1149,1146),(1150,1146),(1151,1146),(1153,1202),(1155,1154),(1156,1154),(1157,1154),(1158,1154),(1159,1154),(1161,1160),(1162,1160),(1163,1160),(1164,1160),(1165,1160),(1167,1166),(1168,1166),(1169,1166),(1170,1166),(1171,1166),(1173,1172),(1174,1172),(1175,1172),(1176,1172),(1177,1172),(1179,1178),(1180,1178),(1181,1178),(1182,1178),(1183,1178),(1185,1184),(1186,1184),(1187,1184),(1188,1184),(1189,1184),(1191,1190),(1192,1190),(1193,1190),(1194,1190),(1195,1190),(1197,1196),(1198,1196),(1199,1196),(1200,1196),(1201,1196),(1203,1202),(1204,1202),(1205,1202),(1206,1202),(1207,1202),(1209,1216),(1211,1210),(1212,1210),(1213,1210),(1214,1210),(1215,1210),(1217,1216),(1218,1216),(1219,1216),(1220,1216),(1221,1216),(1223,1266),(1225,1224),(1226,1224),(1227,1224),(1228,1224),(1229,1224),(1231,1230),(1232,1230),(1233,1230),(1234,1230),(1235,1230),(1237,1236),(1238,1236),(1239,1236),(1240,1236),(1241,1236),(1243,1242),(1244,1242),(1245,1242),(1246,1242),(1247,1242),(1249,1248),(1250,1248),(1251,1248),(1252,1248),(1253,1248),(1255,1254),(1256,1254),(1257,1254),(1258,1254),(1259,1254),(1261,1260),(1262,1260),(1263,1260),(1264,1260),(1265,1260),(1267,1266),(1268,1266),(1269,1266),(1270,1266),(1271,1266),(1273,1280),(1275,1274),(1276,1274),(1277,1274),(1278,1274),(1279,1274),(1281,1280),(1282,1280),(1283,1280),(1284,1280),(1285,1280),(1287,1300),(1289,1288),(1290,1288),(1291,1288),(1292,1288),(1293,1288),(1295,1294),(1296,1294),(1297,1294),(1298,1294),(1299,1294),(1301,1300),(1302,1300),(1303,1300),(1304,1300),(1305,1300),(1307,1308),(1309,1308),(1310,1308),(1311,1308),(1312,1308),(1313,1308),(1315,1316),(1317,1316),(1318,1316),(1319,1316),(1320,1316),(1321,1316),(1323,1324),(1325,1324),(1326,1324),(1327,1324),(1328,1324),(1329,1324);
/*!40000 ALTER TABLE `TrackElement` ENABLE KEYS */;
UNLOCK TABLES;
DROP TABLE IF EXISTS `connectsTo`;
/*!40101 SET @saved_cs_client     = @@character_set_client */;
/*!40101 SET character_set_client = utf8 */;
CREATE TABLE `connectsTo` (
  `TrackElement1` int(11) NOT NULL,
  `TrackElement2` int(11) NOT NULL,
  PRIMARY KEY (`TrackElement1`,`TrackElement2`),
  KEY `connectsTo_idx1` (`TrackElement1`),
  KEY `connectsTo_idx2` (`TrackElement1`)
) ENGINE=MEMORY DEFAULT CHARSET=utf8;
/*!40101 SET character_set_client = @saved_cs_client */;

LOCK TABLES `connectsTo` WRITE;
/*!40000 ALTER TABLE `connectsTo` DISABLE KEYS */;
INSERT INTO `connectsTo` VALUES (4,6),(6,7),(7,8),(8,9),(9,10),(10,12),(12,13),(13,14),(14,15),(15,16),(16,18),(18,19),(19,20),(20,21),(21,22),(22,24),(24,25),(25,26),(26,27),(27,28),(28,30),(30,31),(31,32),(32,33),(33,34),(34,36),(36,37),(37,38),(38,39),(39,40),(40,42),(42,43),(43,44),(44,45),(45,46),(46,48),(48,50),(50,51),(51,52),(52,53),(53,54),(54,56),(56,57),(57,58),(58,59),(59,60),(60,62),(62,63),(63,64),(64,65),(65,66),(66,68),(68,69),(69,70),(70,71),(71,72),(72,74),(74,75),(75,76),(76,77),(77,78),(78,80),(80,81),(81,82),(82,83),(83,84),(84,86),(86,87),(87,88),(88,89),(89,90),(90,92),(92,93),(93,94),(94,95),(95,96),(96,98),(98,100),(100,101),(101,102),(102,103),(103,104),(104,106),(106,107),(107,108),(108,109),(109,110),(110,112),(112,114),(114,115),(115,116),(116,117),(117,118),(118,120),(120,121),(121,122),(122,123),(123,124),(124,126),(126,127),(127,128),(128,129),(129,130),(130,132),(132,133),(133,134),(134,135),(135,136),(136,138),(138,140),(140,141),(141,142),(142,143),(143,144),(144,146),(146,147),(147,148),(148,149),(149,150),(150,152),(152,153),(153,154),(154,155),(155,156),(156,158),(158,159),(159,160),(160,161),(161,162),(162,164),(164,165),(165,166),(166,167),(167,168),(168,170),(170,171),(171,172),(172,173),(173,174),(174,176),(176,178),(178,179),(179,180),(180,181),(181,182),(182,184),(184,185),(185,186),(186,187),(187,188),(188,190),(190,191),(191,192),(192,193),(193,194),(194,196),(196,197),(197,198),(198,199),(199,200),(200,202),(202,204),(204,205),(205,206),(206,207),(207,208),(208,210),(210,211),(211,212),(212,213),(213,214),(214,216),(216,217),(217,218),(218,219),(219,220),(220,222),(222,223),(223,224),(224,225),(225,226),(226,228),(228,229),(229,230),(230,231),(231,232),(232,234),(234,235),(235,236),(236,237),(237,238),(238,240),(240,241),(241,242),(242,243),(243,244),(244,246),(246,247),(247,248),(248,249),(249,250),(250,252),(252,253),(253,254),(254,255),(255,256),(256,258),(258,260),(260,261),(261,262),(262,263),(263,264),(264,266),(266,267),(267,268),(268,269),(269,270),(270,272),(272,273),(273,274),(274,275),(275,276),(276,278),(278,279),(279,280),(280,281),(281,282),(282,284),(284,285),(285,286),(286,287),(287,288),(288,290),(290,292),(292,293),(293,294),(294,295),(295,296),(296,298),(298,299),(299,300),(300,301),(301,302),(302,304),(304,305),(305,306),(306,307),(307,308),(308,310),(310,312),(312,313),(313,314),(314,315),(315,316),(316,318),(318,320),(320,321),(321,322),(322,323),(323,324),(324,326),(326,327),(327,328),(328,329),(329,330),(330,332),(332,333),(333,334),(334,335),(335,336),(336,338),(338,339),(339,340),(340,341),(341,342),(342,344),(344,345),(345,346),(346,347),(347,348),(348,350),(350,351),(351,352),(352,353),(353,354),(354,356),(356,358),(358,359),(359,360),(360,361),(361,362),(362,364),(364,365),(365,366),(366,367),(367,368),(368,370),(370,371),(371,372),(372,373),(373,374),(374,376),(376,378),(378,379),(379,380),(380,381),(381,382),(382,384),(384,386),(386,387),(387,388),(388,389),(389,390),(390,392),(392,393),(393,394),(394,395),(395,396),(396,398),(398,399),(399,400),(400,401),(401,402),(402,404),(404,405),(405,406),(406,407),(407,408),(408,410),(410,411),(411,412),(412,413),(413,414),(414,415),(415,417),(417,419),(419,420),(420,421),(421,422),(422,423),(423,425),(425,426),(426,427),(427,428),(428,429),(429,431),(431,432),(432,433),(433,434),(434,435),(435,437),(437,438),(438,439),(439,440),(440,441),(441,443),(443,444),(444,445),(445,446),(446,447),(447,449),(449,450),(450,451),(451,452),(452,453),(453,455),(455,456),(456,457),(457,458),(458,459),(459,461),(461,462),(462,463),(463,464),(464,465),(465,467),(467,468),(468,469),(469,470),(470,471),(475,477),(477,478),(478,479),(479,480),(480,481),(481,483),(483,484),(484,485),(485,486),(486,487),(487,489),(489,490),(490,491),(491,492),(492,493),(493,495),(495,496),(496,497),(497,498),(498,499),(499,501),(501,503),(503,504),(504,505),(505,506),(506,507),(507,509),(509,510),(510,511),(511,512),(512,513),(513,515),(515,516),(516,517),(517,518),(518,519),(519,521),(521,522),(522,523),(523,524),(524,525),(525,527),(527,528),(528,529),(529,530),(530,531),(471,475),(535,537),(537,538),(538,539),(539,540),(540,541),(541,543),(543,544),(544,545),(545,546),(546,547),(547,549),(549,550),(550,551),(551,552),(552,553),(553,555),(555,556),(556,557),(557,558),(558,559),(559,561),(561,562),(562,563),(563,564),(564,565),(565,567),(567,568),(568,569),(569,570),(570,571),(571,573),(573,574),(574,575),(575,576),(576,577),(577,579),(579,581),(581,582),(582,583),(583,584),(584,585),(585,587),(587,588),(588,589),(589,590),(590,591),(591,593),(593,594),(594,595),(595,596),(596,597),(597,599),(599,600),(600,601),(601,602),(602,603),(603,605),(605,606),(606,607),(607,608),(608,609),(609,611),(611,612),(612,613),(613,614),(614,615),(615,617),(617,618),(618,619),(619,620),(620,621),(621,623),(623,625),(625,626),(626,627),(627,628),(628,629),(629,631),(631,632),(632,633),(633,634),(634,635),(635,637),(637,638),(638,639),(639,640),(640,641),(641,643),(643,644),(644,645),(645,646),(646,647),(647,649),(649,650),(650,651),(651,652),(652,653),(653,655),(655,657),(657,658),(658,659),(659,660),(660,661),(661,662),(662,664),(664,665),(665,666),(666,667),(667,668),(668,670),(670,671),(671,672),(672,673),(673,674),(674,676),(676,678),(678,679),(679,680),(680,681),(681,682),(682,684),(684,686),(686,687),(687,688),(688,689),(689,690),(690,692),(692,694),(694,695),(695,696),(696,697),(697,698),(698,700),(700,701),(701,702),(702,703),(703,704),(704,706),(706,707),(707,708),(708,709),(709,710),(710,712),(712,713),(713,714),(714,715),(715,716),(716,717),(717,719),(719,720),(720,721),(721,722),(722,723),(723,725),(725,726),(726,727),(727,728),(728,729),(729,731),(731,732),(732,733),(733,734),(734,735),(735,737),(737,738),(738,739),(739,740),(740,741),(741,743),(743,745),(745,746),(746,747),(747,748),(748,749),(749,751),(751,752),(752,753),(753,754),(754,755),(755,757),(757,758),(758,759),(759,760),(760,761),(761,763),(763,764),(764,765),(765,766),(766,767),(767,769),(769,770),(770,771),(771,772),(772,773),(773,775),(775,776),(776,777),(777,778),(778,779),(779,781),(781,783),(783,784),(784,785),(785,786),(786,787),(787,789),(789,790),(790,791),(791,792),(792,793),(793,795),(795,796),(796,797),(797,798),(798,799),(799,801),(801,802),(802,803),(803,804),(804,805),(805,807),(807,808),(808,809),(809,810),(810,811),(811,813),(813,814),(814,815),(815,816),(816,817),(817,819),(819,820),(820,821),(821,822),(822,823),(823,825),(825,827),(827,828),(828,829),(829,830),(830,831),(831,833),(833,834),(834,835),(835,836),(836,837),(837,839),(839,841),(841,842),(842,843),(843,844),(844,845),(845,847),(847,848),(848,849),(849,850),(850,851),(851,853),(853,854),(854,855),(855,856),(856,857),(857,859),(859,861),(861,862),(862,863),(863,864),(864,865),(865,867),(867,868),(868,869),(869,870),(870,871),(871,873),(873,874),(874,875),(875,876),(876,877),(877,879),(879,880),(880,881),(881,882),(882,883),(883,885),(885,886),(886,887),(887,888),(888,889),(889,891),(891,892),(892,893),(893,894),(894,895),(531,535),(899,901),(901,902),(902,903),(903,904),(904,905),(905,907),(907,908),(908,909),(909,910),(910,911),(911,913),(913,914),(914,915),(915,916),(916,917),(917,919),(919,921),(921,922),(922,923),(923,924),(924,925),(925,927),(927,928),(928,929),(929,930),(930,931),(931,933),(933,934),(934,935),(935,936),(936,937),(937,939),(939,940),(940,941),(941,942),(942,943),(943,945),(945,946),(946,947),(947,948),(948,949),(949,951),(951,952),(952,953),(953,954),(954,955),(955,957),(957,959),(959,960),(960,961),(961,962),(962,963),(963,965),(965,966),(966,967),(967,968),(968,969),(969,971),(971,972),(972,973),(973,974),(974,975),(975,977),(977,978),(978,979),(979,980),(980,981),(981,983),(983,984),(984,985),(985,986),(986,987),(987,989),(989,991),(991,992),(992,993),(993,994),(994,995),(995,997),(997,998),(998,999),(999,1000),(1000,1001),(1001,1003),(1003,1004),(1004,1005),(1005,1006),(1006,1007),(1007,1009),(1009,1010),(1010,1011),(1011,1012),(1012,1013),(1013,1015),(1015,1016),(1016,1017),(1017,1018),(1018,1019),(1019,1021),(1021,1022),(1022,1023),(1023,1024),(1024,1025),(1025,1027),(1027,1028),(1028,1029),(1029,1030),(1030,1031),(1031,1033),(1033,1034),(1034,1035),(1035,1036),(1036,1037),(1037,1039),(1039,1041),(1041,1042),(1042,1043),(1043,1044),(1044,1045),(1045,1047),(1047,1048),(1048,1049),(1049,1050),(1050,1051),(1051,1053),(1053,1054),(1054,1055),(1055,1056),(1056,1057),(1057,1059),(1059,1060),(1060,1061),(1061,1062),(1062,1063),(1063,1065),(1065,1066),(1066,1067),(1067,1068),(1068,1069),(1069,1071),(1071,1072),(1072,1073),(1073,1074),(1074,1075),(1075,1077),(1077,1078),(1078,1079),(1079,1080),(1080,1081),(1081,1083),(1083,1084),(1084,1085),(1085,1086),(1086,1087),(1087,1089),(1089,1090),(1090,1091),(1091,1092),(1092,1093),(895,899),(1096,1098),(1098,1099),(1099,1100),(1100,1101),(1101,1102),(1102,1104),(1104,1105),(1105,1106),(1106,1107),(1107,1108),(1108,1110),(1110,1111),(1111,1112),(1112,1113),(1113,1114),(1114,1116),(1116,1117),(1117,1118),(1118,1119),(1119,1120),(1120,1122),(1122,1123),(1123,1124),(1124,1125),(1125,1126),(1126,1127),(1127,1129),(1129,1130),(1130,1131),(1131,1132),(1132,1133),(1133,1135),(1135,1136),(1136,1137),(1137,1138),(1138,1139),(1139,1141),(1141,1142),(1142,1143),(1143,1144),(1144,1145),(1145,1147),(1147,1148),(1148,1149),(1149,1150),(1150,1151),(1151,1153),(1153,1155),(1155,1156),(1156,1157),(1157,1158),(1158,1159),(1159,1161),(1161,1162),(1162,1163),(1163,1164),(1164,1165),(1165,1167),(1167,1168),(1168,1169),(1169,1170),(1170,1171),(1171,1173),(1173,1174),(1174,1175),(1175,1176),(1176,1177),(1177,1179),(1179,1180),(1180,1181),(1181,1182),(1182,1183),(1183,1185),(1185,1186),(1186,1187),(1187,1188),(1188,1189),(1189,1191),(1191,1192),(1192,1193),(1193,1194),(1194,1195),(1195,1197),(1197,1198),(1198,1199),(1199,1200),(1200,1201),(1201,1203),(1203,1204),(1204,1205),(1205,1206),(1206,1207),(1207,1209),(1209,1211),(1211,1212),(1212,1213),(1213,1214),(1214,1215),(1215,1217),(1217,1218),(1218,1219),(1219,1220),(1220,1221),(1221,1223),(1223,1225),(1225,1226),(1226,1227),(1227,1228),(1228,1229),(1229,1231),(1231,1232),(1232,1233),(1233,1234),(1234,1235),(1235,1237),(1237,1238),(1238,1239),(1239,1240),(1240,1241),(1241,1243),(1243,1244),(1244,1245),(1245,1246),(1246,1247),(1247,1249),(1249,1250),(1250,1251),(1251,1252),(1252,1253),(1253,1255),(1255,1256),(1256,1257),(1257,1258),(1258,1259),(1259,1261),(1261,1262),(1262,1263),(1263,1264),(1264,1265),(1265,1267),(1267,1268),(1268,1269),(1269,1270),(1270,1271),(1271,1273),(1273,1275),(1275,1276),(1276,1277),(1277,1278),(1278,1279),(1279,1281),(1281,1282),(1282,1283),(1283,1284),(1284,1285),(1285,1287),(1287,1289),(1289,1290),(1290,1291),(1291,1292),(1292,1293),(1293,1295),(1295,1296),(1296,1297),(1297,1298),(1298,1299),(1299,1301),(1301,1302),(1302,1303),(1303,1304),(1304,1305),(1305,1307),(1307,1309),(1309,1310),(1310,1311),(1311,1312),(1312,1313),(1313,1315),(1315,1317),(1317,1318),(1318,1319),(1319,1320),(1320,1321),(1321,1323),(1323,1325),(1325,1326),(1326,1327),(1327,1328),(1328,1329),(1093,1096),(1329,4);
/*!40000 ALTER TABLE `connectsTo` ENABLE KEYS */;
UNLOCK TABLES;
DROP TABLE IF EXISTS `definedBy`;
/*!40101 SET @saved_cs_client     = @@character_set_client */;
/*!40101 SET character_set_client = utf8 */;
CREATE TABLE `definedBy` (
  `Route_id` int(11) NOT NULL,
  `Sensor_id` int(11) NOT NULL,
  PRIMARY KEY (`Route_id`,`Sensor_id`),
  KEY `definedBy_idx` (`Route_id`,`Sensor_id`)
) ENGINE=MEMORY DEFAULT CHARSET=utf8;
/*!40101 SET character_set_client = @saved_cs_client */;

LOCK TABLES `definedBy` WRITE;
/*!40000 ALTER TABLE `definedBy` DISABLE KEYS */;
INSERT INTO `definedBy` VALUES (3,11),(3,17),(3,23),(3,29),(3,35),(3,41),(3,49),(3,55),(3,61),(3,67),(3,73),(3,79),(3,85),(3,91),(3,99),(3,105),(3,113),(3,119),(3,125),(3,131),(3,139),(3,145),(3,151),(3,163),(3,169),(3,183),(3,189),(3,195),(3,209),(3,215),(3,221),(3,227),(3,233),(3,239),(3,245),(3,251),(3,259),(3,265),(3,271),(3,277),(3,283),(3,291),(3,303),(3,311),(3,319),(3,325),(3,331),(3,337),(3,343),(3,349),(3,363),(3,369),(3,385),(3,391),(3,397),(3,403),(3,418),(3,424),(3,430),(3,436),(3,448),(3,454),(3,460),(474,476),(474,482),(474,488),(474,494),(474,502),(474,514),(474,520),(474,526),(534,536),(534,542),(534,548),(534,554),(534,560),(534,566),(534,572),(534,580),(534,592),(534,598),(534,604),(534,616),(534,630),(534,636),(534,642),(534,648),(534,656),(534,663),(534,677),(534,685),(534,693),(534,699),(534,705),(534,711),(534,718),(534,724),(534,730),(534,736),(534,744),(534,750),(534,756),(534,762),(534,768),(534,782),(534,788),(534,794),(534,800),(534,812),(534,818),(534,826),(534,832),(534,840),(534,846),(534,852),(534,860),(534,866),(534,872),(534,878),(534,884),(898,900),(898,906),(898,912),(898,920),(898,926),(898,932),(898,950),(898,958),(898,964),(898,970),(898,976),(898,982),(898,990),(898,996),(898,1002),(898,1008),(898,1014),(898,1020),(898,1026),(898,1032),(898,1040),(898,1046),(898,1052),(898,1058),(898,1070),(898,1076),(898,1082),(1095,1097),(1095,1103),(1095,1109),(1095,1115),(1095,1121),(1095,1128),(1095,1140),(1095,1154),(1095,1160),(1095,1166),(1095,1172),(1095,1184),(1095,1202),(1095,1210),(1095,1216),(1095,1230),(1095,1236),(1095,1248),(1095,1254),(1095,1260),(1095,1266),(1095,1274),(1095,1280),(1095,1288),(1095,1294),(1095,1300),(1095,1308),(1095,1316),(1095,1324);
/*!40000 ALTER TABLE `definedBy` ENABLE KEYS */;
UNLOCK TABLES;
/*!40103 SET TIME_ZONE=@OLD_TIME_ZONE */;

/*!40101 SET SQL_MODE=@OLD_SQL_MODE */;
/*!40014 SET FOREIGN_KEY_CHECKS=@OLD_FOREIGN_KEY_CHECKS */;
/*!40014 SET UNIQUE_CHECKS=@OLD_UNIQUE_CHECKS */;
/*!40101 SET CHARACTER_SET_CLIENT=@OLD_CHARACTER_SET_CLIENT */;
/*!40101 SET CHARACTER_SET_RESULTS=@OLD_CHARACTER_SET_RESULTS */;
/*!40101 SET COLLATION_CONNECTION=@OLD_COLLATION_CONNECTION */;
/*!40111 SET SQL_NOTES=@OLD_SQL_NOTES */;

