
/*!40101 SET @OLD_CHARACTER_SET_CLIENT=@@CHARACTER_SET_CLIENT */;
/*!40101 SET @OLD_CHARACTER_SET_RESULTS=@@CHARACTER_SET_RESULTS */;
/*!40101 SET @OLD_COLLATION_CONNECTION=@@COLLATION_CONNECTION */;
/*!40101 SET NAMES utf8mb4 */;
/*!40103 SET @OLD_TIME_ZONE=@@TIME_ZONE */;
/*!40103 SET TIME_ZONE='+00:00' */;
/*!40014 SET @OLD_UNIQUE_CHECKS=@@UNIQUE_CHECKS, UNIQUE_CHECKS=0 */;
/*!40014 SET @OLD_FOREIGN_KEY_CHECKS=@@FOREIGN_KEY_CHECKS, FOREIGN_KEY_CHECKS=0 */;
/*!40101 SET @OLD_SQL_MODE=@@SQL_MODE, SQL_MODE='NO_AUTO_VALUE_ON_ZERO' */;
/*!40111 SET @OLD_SQL_NOTES=@@SQL_NOTES, SQL_NOTES=0 */;

CREATE DATABASE /*!32312 IF NOT EXISTS*/ `trainbenchmark` /*!40100 DEFAULT CHARACTER SET utf8mb4 */;

USE `trainbenchmark`;
DROP TABLE IF EXISTS `Region`;
/*!40101 SET @saved_cs_client     = @@character_set_client */;
/*!40101 SET character_set_client = utf8 */;
CREATE TABLE `Region` (
  `id` int(11) NOT NULL AUTO_INCREMENT,
  PRIMARY KEY (`id`)
) ENGINE=MEMORY AUTO_INCREMENT=1887 DEFAULT CHARSET=utf8;
/*!40101 SET character_set_client = @saved_cs_client */;

LOCK TABLES `Region` WRITE;
/*!40000 ALTER TABLE `Region` DISABLE KEYS */;
INSERT INTO `Region` VALUES (4),(52),(69),(214),(623),(745),(838),(1380),(1767),(1886);
/*!40000 ALTER TABLE `Region` ENABLE KEYS */;
UNLOCK TABLES;
DROP TABLE IF EXISTS `Route`;
/*!40101 SET @saved_cs_client     = @@character_set_client */;
/*!40101 SET character_set_client = utf8 */;
CREATE TABLE `Route` (
  `id` int(11) NOT NULL AUTO_INCREMENT,
  `active` int(11) DEFAULT NULL,
  `entry` int(11) DEFAULT NULL,
  `exit` int(11) DEFAULT NULL,
  PRIMARY KEY (`id`),
  KEY `route_active_idx` (`active`)
) ENGINE=MEMORY AUTO_INCREMENT=1886 DEFAULT CHARSET=utf8;
/*!40101 SET character_set_client = @saved_cs_client */;

LOCK TABLES `Route` WRITE;
/*!40000 ALTER TABLE `Route` DISABLE KEYS */;
INSERT INTO `Route` VALUES (3,1,1,2),(51,1,2,50),(68,1,50,67),(213,1,67,212),(622,1,212,621),(744,1,621,743),(837,1,NULL,836),(1379,1,836,1378),(1766,1,1378,1765),(1885,1,1765,1);
/*!40000 ALTER TABLE `Route` ENABLE KEYS */;
UNLOCK TABLES;
DROP TABLE IF EXISTS `Segment`;
/*!40101 SET @saved_cs_client     = @@character_set_client */;
/*!40101 SET character_set_client = utf8 */;
CREATE TABLE `Segment` (
  `id` int(11) NOT NULL AUTO_INCREMENT,
  `length` int(11) NOT NULL DEFAULT '1',
  PRIMARY KEY (`id`),
  KEY `segment_length_idx` (`length`)
) ENGINE=MEMORY AUTO_INCREMENT=2038 DEFAULT CHARSET=utf8;
/*!40101 SET character_set_client = @saved_cs_client */;

LOCK TABLES `Segment` WRITE;
/*!40000 ALTER TABLE `Segment` DISABLE KEYS */;
INSERT INTO `Segment` VALUES (7,504),(8,776),(9,60),(10,808),(11,576),(12,358),(14,335),(15,461),(16,439),(17,879),(18,90),(20,829),(21,395),(22,732),(23,134),(24,857),(26,376),(27,803),(28,505),(29,137),(30,294),(32,494),(33,306),(34,979),(35,597),(36,815),(38,396),(39,813),(40,518),(41,831),(42,730),(44,127),(45,968),(46,974),(47,197),(48,324),(55,324),(56,996),(57,645),(58,455),(59,517),(61,582),(62,641),(63,683),(64,639),(65,212),(72,852),(73,994),(74,931),(75,472),(76,367),(78,679),(79,180),(80,745),(81,629),(82,711),(84,633),(85,733),(86,542),(87,449),(88,655),(90,549),(91,988),(92,567),(93,483),(94,234),(96,636),(97,132),(98,849),(99,421),(100,345),(102,-427),(103,771),(104,892),(105,387),(106,149),(108,313),(109,209),(110,814),(111,721),(112,26),(116,436),(117,99),(118,-816),(119,853),(120,153),(122,560),(123,872),(124,190),(125,340),(126,764),(127,35),(129,872),(130,193),(131,515),(132,141),(133,11),(134,288),(138,994),(139,852),(140,-713),(141,933),(142,232),(144,692),(145,901),(146,590),(147,530),(148,896),(150,494),(151,325),(152,273),(153,800),(154,137),(156,813),(157,137),(158,975),(159,53),(160,386),(162,633),(163,220),(164,697),(165,929),(166,586),(168,152),(169,45),(170,886),(171,85),(172,23),(176,246),(177,245),(178,246),(179,239),(180,437),(182,544),(183,375),(184,398),(185,942),(186,191),(188,18),(189,1000),(190,488),(191,301),(192,559),(194,437),(195,997),(196,511),(197,494),(198,625),(200,23),(201,111),(202,578),(203,757),(204,893),(206,711),(207,227),(208,740),(209,145),(210,242),(217,789),(218,840),(219,456),(220,284),(221,434),(223,546),(224,613),(225,977),(226,801),(227,824),(229,386),(230,395),(231,769),(232,608),(233,380),(235,829),(236,230),(237,-617),(238,609),(239,620),(241,486),(242,181),(243,921),(244,54),(245,329),(247,745),(248,703),(249,322),(250,763),(251,369),(253,890),(254,591),(255,736),(256,547),(257,836),(259,257),(260,746),(261,488),(262,830),(263,366),(265,754),(266,638),(267,214),(268,102),(269,985),(273,517),(274,302),(275,785),(276,593),(277,566),(279,570),(280,386),(281,949),(282,462),(283,158),(287,657),(288,697),(289,931),(290,225),(291,119),(293,999),(294,342),(295,490),(296,986),(297,392),(299,798),(300,782),(301,480),(302,212),(303,214),(307,907),(308,617),(309,118),(310,772),(311,533),(315,981),(316,510),(317,186),(318,298),(319,324),(321,372),(322,881),(323,219),(324,740),(325,822),(327,897),(328,521),(329,685),(330,750),(331,630),(333,250),(334,809),(335,579),(336,77),(337,39),(341,719),(342,91),(343,796),(344,963),(345,894),(347,802),(348,951),(349,402),(350,718),(351,337),(353,942),(354,59),(355,547),(356,686),(357,836),(361,212),(362,579),(363,403),(364,218),(365,616),(367,191),(368,870),(369,-608),(370,344),(371,374),(373,333),(374,792),(375,923),(376,100),(377,627),(379,258),(380,699),(381,889),(382,11),(383,465),(385,14),(386,470),(387,232),(388,343),(389,605),(391,771),(392,799),(393,288),(394,333),(395,964),(397,994),(398,518),(399,167),(400,90),(401,466),(405,52),(406,886),(407,685),(408,248),(409,404),(411,261),(412,111),(413,408),(414,852),(415,610),(417,36),(418,514),(419,458),(420,883),(421,918),(423,270),(424,345),(425,684),(426,820),(427,156),(429,428),(430,754),(431,714),(432,901),(433,735),(435,534),(436,372),(437,49),(438,917),(439,369),(441,373),(442,94),(443,507),(444,737),(445,348),(447,433),(448,411),(449,149),(450,541),(451,773),(453,278),(454,75),(455,70),(456,565),(457,809),(461,883),(462,160),(463,415),(464,744),(465,136),(467,461),(468,640),(469,224),(470,267),(471,857),(473,-92),(474,933),(475,627),(476,976),(477,773),(479,644),(480,493),(481,519),(482,273),(483,-641),(485,699),(486,207),(487,293),(488,157),(489,60),(491,620),(492,718),(493,905),(494,553),(495,453),(497,536),(498,322),(499,783),(500,524),(501,283),(503,82),(504,574),(505,36),(506,464),(507,263),(511,717),(512,970),(513,150),(514,39),(515,159),(517,83),(518,683),(519,632),(520,806),(521,453),(523,777),(524,904),(525,546),(526,371),(527,352),(529,227),(530,742),(531,208),(532,177),(533,611),(537,576),(538,605),(539,326),(540,386),(541,531),(543,781),(544,652),(545,83),(546,27),(547,973),(549,42),(550,918),(551,772),(552,185),(553,817),(555,850),(556,503),(557,314),(558,847),(559,300),(561,121),(562,51),(563,977),(564,270),(565,130),(569,195),(570,69),(571,899),(572,47),(573,373),(575,521),(576,423),(577,21),(578,450),(579,820),(583,372),(584,291),(585,993),(586,95),(587,455),(589,522),(590,325),(591,984),(592,536),(593,460),(597,108),(598,691),(599,176),(600,822),(601,759),(603,348),(604,61),(605,-825),(606,917),(607,749),(609,569),(610,934),(611,971),(612,-902),(613,593),(615,571),(616,358),(617,787),(618,673),(619,35),(626,969),(627,718),(628,421),(629,307),(630,514),(634,161),(635,530),(636,1000),(637,686),(638,534),(640,-856),(641,520),(642,909),(643,664),(644,750),(646,944),(647,200),(648,895),(649,79),(650,214),(652,135),(653,345),(654,493),(655,922),(656,943),(658,639),(659,168),(660,758),(661,432),(662,89),(664,589),(665,135),(666,533),(667,735),(668,632),(670,342),(671,469),(672,29),(673,576),(674,320),(678,78),(679,225),(680,56),(681,966),(682,161),(684,517),(685,145),(686,778),(687,-902),(688,467),(690,53),(691,367),(692,916),(693,522),(694,182),(695,579),(699,972),(700,940),(701,349),(702,900),(703,695),(705,449),(706,223),(707,51),(708,-161),(709,332),(711,81),(712,282),(713,510),(714,983),(715,941),(717,78),(718,777),(719,229),(720,997),(721,137),(723,596),(724,916),(725,331),(726,407),(727,500),(729,54),(730,683),(731,50),(732,633),(733,578),(737,456),(738,596),(739,525),(740,836),(741,691),(748,120),(749,359),(750,173),(751,523),(752,638),(754,341),(755,792),(756,654),(757,65),(758,96),(760,707),(761,-995),(762,391),(763,809),(764,582),(766,373),(767,20),(768,954),(769,507),(770,-552),(772,83),(773,-189),(774,186),(775,806),(776,915),(778,690),(779,303),(780,855),(781,977),(782,838),(784,730),(785,31),(786,312),(787,100),(788,59),(790,741),(791,410),(792,569),(793,256),(794,881),(798,673),(799,-191),(800,101),(801,620),(802,838),(804,236),(805,215),(806,573),(807,845),(808,-292),(810,573),(811,488),(812,475),(813,861),(814,267),(816,674),(817,357),(818,723),(819,236),(820,495),(824,455),(825,123),(826,915),(827,772),(828,182),(830,769),(831,22),(832,929),(833,75),(834,882),(841,456),(842,118),(843,148),(844,707),(845,922),(847,342),(848,912),(849,501),(850,453),(851,953),(853,510),(854,917),(855,-28),(856,827),(857,827),(859,-592),(860,998),(861,498),(862,638),(863,752),(865,669),(866,29),(867,546),(868,169),(869,443),(871,63),(872,127),(873,587),(874,211),(875,827),(879,773),(880,941),(881,220),(882,26),(883,431),(885,939),(886,884),(887,703),(888,328),(889,625),(891,611),(892,148),(893,236),(894,691),(895,994),(897,390),(898,837),(899,659),(900,479),(901,898),(903,297),(904,364),(905,430),(906,307),(907,212),(909,283),(910,493),(911,52),(912,456),(913,694),(915,772),(916,895),(917,469),(918,140),(919,863),(923,160),(924,62),(925,12),(926,57),(927,204),(929,250),(930,706),(931,935),(932,307),(933,235),(935,116),(936,326),(937,252),(938,271),(939,795),(940,282),(942,392),(943,241),(944,628),(945,164),(946,558),(948,764),(949,110),(950,230),(951,30),(952,83),(954,182),(955,102),(956,217),(957,351),(958,758),(960,54),(961,557),(962,509),(963,132),(964,196),(966,455),(967,675),(968,678),(969,299),(970,489),(974,824),(975,540),(976,452),(977,571),(978,5),(982,910),(983,682),(984,5),(985,76),(986,316),(988,169),(989,26),(990,171),(991,772),(992,26),(994,473),(995,285),(996,726),(997,934),(998,421),(1000,269),(1001,188),(1002,916),(1003,149),(1004,960),(1006,413),(1007,833),(1008,709),(1009,-316),(1010,664),(1014,531),(1015,395),(1016,36),(1017,70),(1018,578),(1020,718),(1021,322),(1022,544),(1023,563),(1024,287),(1028,860),(1029,632),(1030,795),(1031,252),(1032,399),(1034,611),(1035,468),(1036,98),(1037,218),(1038,107),(1040,719),(1041,360),(1042,118),(1043,499),(1044,902),(1046,987),(1047,387),(1048,132),(1049,12),(1050,51),(1052,480),(1053,181),(1054,148),(1055,724),(1056,94),(1058,455),(1059,299),(1060,296),(1061,2),(1062,686),(1064,707),(1065,810),(1066,590),(1067,659),(1068,613),(1070,630),(1071,83),(1072,6),(1073,625),(1074,220),(1078,605),(1079,793),(1080,501),(1081,452),(1082,555),(1084,856),(1085,368),(1086,187),(1087,777),(1088,717),(1090,906),(1091,779),(1092,244),(1093,520),(1094,74),(1096,585),(1097,777),(1098,11),(1099,771),(1100,287),(1101,194),(1103,947),(1104,60),(1105,106),(1106,686),(1107,722),(1109,867),(1110,262),(1111,940),(1112,610),(1113,965),(1115,301),(1116,380),(1117,836),(1118,268),(1119,254),(1121,658),(1122,422),(1123,101),(1124,146),(1125,696),(1129,43),(1130,357),(1131,938),(1132,710),(1133,693),(1135,576),(1136,-811),(1137,481),(1138,462),(1139,638),(1141,718),(1142,781),(1143,907),(1144,267),(1145,225),(1147,328),(1148,409),(1149,761),(1150,78),(1151,453),(1153,34),(1154,307),(1155,510),(1156,842),(1157,536),(1159,664),(1160,818),(1161,807),(1162,378),(1163,851),(1165,-66),(1166,898),(1167,124),(1168,731),(1169,629),(1173,83),(1174,320),(1175,796),(1176,173),(1177,649),(1179,587),(1180,697),(1181,113),(1182,1000),(1183,3),(1185,827),(1186,326),(1187,856),(1188,100),(1189,835),(1191,555),(1192,531),(1193,578),(1194,192),(1195,597),(1197,290),(1198,992),(1199,126),(1200,149),(1201,620),(1203,359),(1204,323),(1205,356),(1206,333),(1207,210),(1209,799),(1210,38),(1211,807),(1212,598),(1213,7),(1214,172),(1216,887),(1217,263),(1218,78),(1219,411),(1220,30),(1222,638),(1223,217),(1224,451),(1225,482),(1226,623),(1230,421),(1231,298),(1232,921),(1233,-484),(1234,40),(1236,942),(1237,546),(1238,553),(1239,208),(1240,393),(1242,584),(1243,233),(1244,428),(1245,542),(1246,843),(1248,770),(1249,989),(1250,147),(1251,724),(1252,170),(1254,480),(1255,167),(1256,333),(1257,886),(1258,523),(1262,74),(1263,595),(1264,952),(1265,177),(1266,524),(1268,490),(1269,5),(1270,780),(1271,133),(1272,931),(1276,818),(1277,558),(1278,-978),(1279,220),(1280,743),(1282,508),(1283,316),(1284,268),(1285,668),(1286,280),(1288,152),(1289,609),(1290,808),(1291,857),(1292,94),(1294,400),(1295,768),(1296,249),(1297,969),(1298,537),(1300,316),(1301,523),(1302,9),(1303,948),(1304,941),(1306,366),(1307,134),(1308,971),(1309,947),(1310,75),(1314,506),(1315,686),(1316,387),(1317,759),(1318,932),(1320,357),(1321,606),(1322,533),(1323,672),(1324,174),(1325,316),(1327,99),(1328,915),(1329,347),(1330,831),(1331,679),(1333,573),(1334,535),(1335,237),(1336,711),(1337,95),(1339,773),(1340,669),(1341,386),(1342,628),(1343,340),(1344,50),(1348,597),(1349,44),(1350,995),(1351,965),(1352,382),(1354,28),(1355,685),(1356,196),(1357,759),(1358,953),(1360,233),(1361,473),(1362,239),(1363,514),(1364,466),(1366,214),(1367,987),(1368,574),(1369,429),(1370,868),(1372,972),(1373,938),(1374,708),(1375,675),(1376,669),(1383,573),(1384,974),(1385,220),(1386,44),(1387,319),(1389,696),(1390,706),(1391,674),(1392,35),(1393,493),(1395,383),(1396,777),(1397,902),(1398,365),(1399,578),(1401,297),(1402,832),(1403,877),(1404,741),(1405,630),(1407,343),(1408,154),(1409,261),(1410,882),(1411,378),(1413,579),(1414,300),(1415,19),(1416,403),(1417,923),(1419,728),(1420,848),(1421,798),(1422,808),(1423,214),(1427,77),(1428,566),(1429,419),(1430,441),(1431,752),(1433,823),(1434,100),(1435,588),(1436,864),(1437,286),(1441,201),(1442,904),(1443,986),(1444,868),(1445,986),(1447,182),(1448,487),(1449,241),(1450,461),(1451,734),(1453,997),(1454,70),(1455,25),(1456,104),(1457,735),(1461,723),(1462,665),(1463,880),(1464,860),(1465,375),(1467,143),(1468,727),(1469,962),(1470,77),(1471,346),(1475,84),(1476,124),(1477,11),(1478,309),(1479,417),(1481,383),(1482,630),(1483,53),(1484,106),(1485,573),(1487,482),(1488,447),(1489,560),(1490,340),(1491,694),(1493,748),(1494,780),(1495,135),(1496,372),(1497,395),(1499,911),(1500,950),(1501,837),(1502,569),(1503,-243),(1507,452),(1508,171),(1509,887),(1510,83),(1511,461),(1513,744),(1514,183),(1515,702),(1516,818),(1517,68),(1519,220),(1520,634),(1521,851),(1522,852),(1523,38),(1525,364),(1526,399),(1527,525),(1528,551),(1529,615),(1531,875),(1532,721),(1533,989),(1534,394),(1535,837),(1537,904),(1538,252),(1539,939),(1540,147),(1541,303),(1543,495),(1544,77),(1545,341),(1546,710),(1547,803),(1549,845),(1550,780),(1551,835),(1552,97),(1553,27),(1555,157),(1556,149),(1557,365),(1558,723),(1559,686),(1563,595),(1564,247),(1565,714),(1566,348),(1567,210),(1569,206),(1570,630),(1571,391),(1572,61),(1573,564),(1575,807),(1576,171),(1577,911),(1578,730),(1579,394),(1581,387),(1582,268),(1583,864),(1584,468),(1585,731),(1587,781),(1588,761),(1589,82),(1590,98),(1591,963),(1593,185),(1594,647),(1595,658),(1596,666),(1597,668),(1601,464),(1602,78),(1603,375),(1604,573),(1605,825),(1607,808),(1608,741),(1609,631),(1610,610),(1611,284),(1613,32),(1614,236),(1615,44),(1616,420),(1617,700),(1619,855),(1620,918),(1621,856),(1622,648),(1623,320),(1625,300),(1626,881),(1627,212),(1628,140),(1629,78),(1631,91),(1632,58),(1633,701),(1634,959),(1635,365),(1637,633),(1638,477),(1639,244),(1640,166),(1641,891),(1643,379),(1644,820),(1645,830),(1646,913),(1647,40),(1649,871),(1650,534),(1651,653),(1652,945),(1653,319),(1657,997),(1658,364),(1659,681),(1660,923),(1661,80),(1663,142),(1664,913),(1665,275),(1666,492),(1667,382),(1669,-725),(1670,557),(1671,667),(1672,165),(1673,753),(1677,238),(1678,745),(1679,691),(1680,900),(1681,804),(1685,482),(1686,205),(1687,758),(1688,-142),(1689,723),(1693,770),(1694,563),(1695,113),(1696,377),(1697,575),(1698,408),(1700,131),(1701,249),(1702,211),(1703,290),(1704,911),(1706,349),(1707,452),(1708,602),(1709,900),(1710,248),(1711,552),(1713,351),(1714,411),(1715,95),(1716,664),(1717,912),(1721,192),(1722,99),(1723,759),(1724,453),(1725,180),(1727,599),(1728,504),(1729,616),(1730,471),(1731,714),(1735,525),(1736,758),(1737,795),(1738,762),(1739,636),(1741,364),(1742,357),(1743,566),(1744,604),(1745,367),(1747,492),(1748,685),(1749,37),(1750,148),(1751,427),(1753,768),(1754,461),(1755,905),(1756,883),(1757,881),(1759,255),(1760,902),(1761,265),(1762,47),(1763,926),(1770,195),(1771,672),(1772,735),(1773,496),(1774,608),(1776,551),(1777,104),(1778,942),(1779,763),(1780,403),(1781,99),(1783,615),(1784,929),(1785,887),(1786,710),(1787,387),(1789,52),(1790,55),(1791,667),(1792,317),(1793,285),(1795,813),(1796,889),(1797,914),(1798,87),(1799,258),(1801,271),(1802,655),(1803,432),(1804,310),(1805,232),(1809,511),(1810,404),(1811,-9),(1812,280),(1813,-151),(1815,927),(1816,444),(1817,265),(1818,576),(1819,575),(1821,11),(1822,914),(1823,324),(1824,356),(1825,15),(1827,229),(1828,309),(1829,541),(1830,596),(1831,924),(1835,584),(1836,801),(1837,749),(1838,887),(1839,819),(1841,838),(1842,820),(1843,380),(1844,66),(1845,625),(1847,898),(1848,883),(1849,660),(1850,378),(1851,555),(1853,805),(1854,559),(1855,787),(1856,448),(1857,297),(1859,367),(1860,142),(1861,576),(1862,562),(1863,734),(1867,488),(1868,720),(1869,152),(1870,382),(1871,438),(1873,79),(1874,362),(1875,538),(1876,658),(1877,127),(1879,565),(1880,970),(1881,618),(1882,389),(1883,132),(1889,237),(1890,133),(1891,170),(1892,108),(1893,809),(1895,563),(1896,434),(1897,162),(1898,574),(1899,704),(1903,81),(1904,123),(1905,832),(1906,460),(1907,45),(1909,719),(1910,843),(1911,738),(1912,943),(1913,811),(1915,593),(1916,979),(1917,371),(1918,354),(1919,831),(1923,455),(1924,983),(1925,272),(1926,998),(1927,655),(1928,297),(1930,411),(1931,941),(1932,793),(1933,320),(1934,-284),(1938,867),(1939,25),(1940,212),(1941,667),(1942,546),(1944,921),(1945,570),(1946,300),(1947,399),(1948,141),(1950,248),(1951,69),(1952,390),(1953,645),(1954,871),(1958,250),(1959,387),(1960,344),(1961,358),(1962,553),(1964,459),(1965,17),(1966,522),(1967,556),(1968,529),(1970,225),(1971,643),(1972,957),(1973,572),(1974,481),(1976,458),(1977,14),(1978,261),(1979,897),(1980,319),(1982,604),(1983,543),(1984,-240),(1985,919),(1986,263),(1988,383),(1989,445),(1990,27),(1991,633),(1992,795),(1994,310),(1995,156),(1996,704),(1997,479),(1998,208),(2002,514),(2003,770),(2004,938),(2005,934),(2006,507),(2008,748),(2009,39),(2010,899),(2011,-230),(2012,15),(2014,992),(2015,103),(2016,211),(2017,623),(2018,940),(2020,711),(2021,685),(2022,689),(2023,281),(2024,56),(2025,141),(2027,177),(2028,53),(2029,263),(2030,915),(2031,885),(2033,302),(2034,816),(2035,386),(2036,18),(2037,514);
/*!40000 ALTER TABLE `Segment` ENABLE KEYS */;
UNLOCK TABLES;
DROP TABLE IF EXISTS `Semaphore`;
/*!40101 SET @saved_cs_client     = @@character_set_client */;
/*!40101 SET character_set_client = utf8 */;
CREATE TABLE `Semaphore` (
  `id` int(11) NOT NULL AUTO_INCREMENT,
  `segment` int(11) NOT NULL,
  `signal` int(11) NOT NULL,
  PRIMARY KEY (`id`),
  KEY `semaphore_signal_idx` (`signal`)
) ENGINE=MEMORY AUTO_INCREMENT=1766 DEFAULT CHARSET=utf8;
/*!40101 SET character_set_client = @saved_cs_client */;

LOCK TABLES `Semaphore` WRITE;
/*!40000 ALTER TABLE `Semaphore` DISABLE KEYS */;
INSERT INTO `Semaphore` VALUES (1,1889,2),(2,7,2),(50,55,2),(67,72,2),(212,217,2),(621,626,2),(743,748,2),(836,841,2),(1378,1383,2),(1765,1770,2);
/*!40000 ALTER TABLE `Semaphore` ENABLE KEYS */;
UNLOCK TABLES;
DROP TABLE IF EXISTS `Sensor`;
/*!40101 SET @saved_cs_client     = @@character_set_client */;
/*!40101 SET character_set_client = utf8 */;
CREATE TABLE `Sensor` (
  `id` int(11) NOT NULL AUTO_INCREMENT,
  `region` int(11) NOT NULL,
  PRIMARY KEY (`id`)
) ENGINE=MEMORY AUTO_INCREMENT=2033 DEFAULT CHARSET=utf8;
/*!40101 SET character_set_client = @saved_cs_client */;

LOCK TABLES `Sensor` WRITE;
/*!40000 ALTER TABLE `Sensor` DISABLE KEYS */;
INSERT INTO `Sensor` VALUES (6,4),(13,4),(19,4),(25,4),(31,4),(37,4),(43,4),(54,52),(60,52),(71,69),(77,69),(83,69),(89,69),(95,69),(101,69),(107,69),(115,69),(121,69),(128,69),(137,69),(143,69),(149,69),(155,69),(161,69),(167,69),(175,69),(181,69),(187,69),(193,69),(199,69),(205,69),(216,214),(222,214),(228,214),(234,214),(240,214),(246,214),(252,214),(258,214),(264,214),(272,214),(278,214),(286,214),(292,214),(298,214),(306,214),(314,214),(320,214),(326,214),(332,214),(340,214),(346,214),(352,214),(360,214),(366,214),(372,214),(378,214),(384,214),(390,214),(396,214),(404,214),(410,214),(416,214),(422,214),(428,214),(434,214),(440,214),(446,214),(452,214),(460,214),(466,214),(472,214),(478,214),(484,214),(490,214),(496,214),(502,214),(510,214),(516,214),(522,214),(528,214),(536,214),(542,214),(548,214),(554,214),(560,214),(568,214),(574,214),(582,214),(588,214),(596,214),(602,214),(608,214),(614,214),(625,623),(633,623),(639,623),(645,623),(651,623),(657,623),(663,623),(669,623),(677,623),(683,623),(689,623),(698,623),(704,623),(710,623),(716,623),(722,623),(728,623),(736,623),(747,745),(753,745),(759,745),(765,745),(771,745),(777,745),(783,745),(789,745),(797,745),(803,745),(809,745),(815,745),(823,745),(829,745),(840,838),(846,838),(852,838),(858,838),(864,838),(870,838),(878,838),(884,838),(890,838),(896,838),(902,838),(908,838),(914,838),(922,838),(928,838),(934,838),(941,838),(947,838),(953,838),(959,838),(965,838),(973,838),(981,838),(987,838),(993,838),(999,838),(1005,838),(1013,838),(1019,838),(1027,838),(1033,838),(1039,838),(1045,838),(1051,838),(1057,838),(1063,838),(1069,838),(1077,838),(1083,838),(1089,838),(1095,838),(1102,838),(1108,838),(1114,838),(1120,838),(1128,838),(1134,838),(1140,838),(1146,838),(1152,838),(1158,838),(1164,838),(1172,838),(1178,838),(1184,838),(1190,838),(1196,838),(1202,838),(1208,838),(1215,838),(1221,838),(1229,838),(1235,838),(1241,838),(1247,838),(1253,838),(1261,838),(1267,838),(1275,838),(1281,838),(1287,838),(1293,838),(1299,838),(1305,838),(1313,838),(1319,838),(1326,838),(1332,838),(1338,838),(1347,838),(1353,838),(1359,838),(1365,838),(1371,838),(1382,1380),(1388,1380),(1394,1380),(1400,1380),(1406,1380),(1412,1380),(1418,1380),(1426,1380),(1432,1380),(1440,1380),(1446,1380),(1452,1380),(1460,1380),(1466,1380),(1474,1380),(1480,1380),(1486,1380),(1492,1380),(1498,1380),(1506,1380),(1512,1380),(1518,1380),(1524,1380),(1530,1380),(1536,1380),(1542,1380),(1548,1380),(1554,1380),(1562,1380),(1568,1380),(1574,1380),(1580,1380),(1586,1380),(1592,1380),(1600,1380),(1606,1380),(1612,1380),(1618,1380),(1624,1380),(1630,1380),(1636,1380),(1642,1380),(1648,1380),(1656,1380),(1662,1380),(1668,1380),(1676,1380),(1684,1380),(1692,1380),(1699,1380),(1705,1380),(1712,1380),(1720,1380),(1726,1380),(1734,1380),(1740,1380),(1746,1380),(1752,1380),(1758,1380),(1769,1767),(1775,1767),(1782,1767),(1788,1767),(1794,1767),(1800,1767),(1808,1767),(1814,1767),(1820,1767),(1826,1767),(1834,1767),(1840,1767),(1846,1767),(1852,1767),(1858,1767),(1866,1767),(1872,1767),(1878,1767),(1888,1886),(1894,1886),(1902,1886),(1908,1886),(1914,1886),(1922,1886),(1929,1886),(1937,1886),(1943,1886),(1949,1886),(1957,1886),(1963,1886),(1969,1886),(1975,1886),(1981,1886),(1987,1886),(1993,1886),(2001,1886),(2007,1886),(2013,1886),(2019,1886),(2026,1886),(2032,1886);
/*!40000 ALTER TABLE `Sensor` ENABLE KEYS */;
UNLOCK TABLES;
DROP TABLE IF EXISTS `Switch`;
/*!40101 SET @saved_cs_client     = @@character_set_client */;
/*!40101 SET character_set_client = utf8 */;
CREATE TABLE `Switch` (
  `id` int(11) NOT NULL AUTO_INCREMENT,
  `currentPosition` int(11) NOT NULL,
  PRIMARY KEY (`id`)
) ENGINE=MEMORY AUTO_INCREMENT=2001 DEFAULT CHARSET=utf8;
/*!40101 SET character_set_client = @saved_cs_client */;

LOCK TABLES `Switch` WRITE;
/*!40000 ALTER TABLE `Switch` DISABLE KEYS */;
INSERT INTO `Switch` VALUES (5,0),(53,1),(70,0),(114,2),(136,2),(174,2),(215,2),(271,1),(285,2),(305,0),(313,0),(339,2),(359,0),(403,2),(459,1),(509,0),(535,1),(567,1),(581,1),(595,0),(624,0),(632,0),(676,2),(697,2),(735,0),(746,1),(796,0),(822,1),(839,2),(877,0),(921,1),(972,0),(980,1),(1012,1),(1026,1),(1076,1),(1127,0),(1171,2),(1228,1),(1260,1),(1274,2),(1312,1),(1346,1),(1381,0),(1425,1),(1439,2),(1459,1),(1473,1),(1505,2),(1561,2),(1599,2),(1655,2),(1675,0),(1683,0),(1691,0),(1719,1),(1733,1),(1768,2),(1807,0),(1833,1),(1865,2),(1887,1),(1901,2),(1921,1),(1936,2),(1956,0),(2000,2);
/*!40000 ALTER TABLE `Switch` ENABLE KEYS */;
UNLOCK TABLES;
DROP TABLE IF EXISTS `SwitchPosition`;
/*!40101 SET @saved_cs_client     = @@character_set_client */;
/*!40101 SET character_set_client = utf8 */;
CREATE TABLE `SwitchPosition` (
  `id` int(11) NOT NULL AUTO_INCREMENT,
  `route` int(11) DEFAULT NULL,
  `target` int(11) DEFAULT NULL,
  `position` int(11) NOT NULL,
  PRIMARY KEY (`id`)
) ENGINE=MEMORY AUTO_INCREMENT=2039 DEFAULT CHARSET=utf8;
/*!40101 SET character_set_client = @saved_cs_client */;

LOCK TABLES `SwitchPosition` WRITE;
/*!40000 ALTER TABLE `SwitchPosition` DISABLE KEYS */;
INSERT INTO `SwitchPosition` VALUES (49,3,5,0),(66,51,53,1),(113,68,70,0),(135,68,114,2),(173,68,136,2),(211,68,174,2),(270,213,215,2),(284,213,271,1),(304,213,285,2),(312,213,305,0),(338,213,313,0),(358,213,339,2),(402,213,359,2),(458,213,403,2),(508,213,459,1),(534,213,509,0),(566,213,535,1),(580,213,567,1),(594,213,581,1),(620,213,595,0),(631,622,624,0),(675,622,632,0),(696,622,676,2),(734,622,697,2),(742,622,735,0),(795,744,746,1),(821,744,796,0),(835,744,822,1),(876,837,839,2),(920,837,877,0),(971,837,921,1),(979,837,972,0),(1011,837,980,1),(1025,837,1012,1),(1075,837,1026,1),(1126,837,1076,1),(1170,837,1127,0),(1227,837,1171,2),(1259,837,1228,1),(1273,837,1260,1),(1311,837,1274,2),(1345,837,1312,1),(1377,837,1346,1),(1424,1379,1381,0),(1438,1379,1425,1),(1458,1379,1439,2),(1472,1379,1459,1),(1504,1379,1473,1),(1560,1379,1505,0),(1598,1379,1561,2),(1654,1379,1599,2),(1674,1379,1655,2),(1682,1379,1675,0),(1690,1379,1683,0),(1718,1379,1691,0),(1732,1379,1719,1),(1764,1379,1733,1),(1806,1766,1768,2),(1832,1766,1807,0),(1864,1766,1833,1),(1884,1766,1865,2),(1900,1885,1887,1),(1920,1885,1901,2),(1935,1885,1921,1),(1955,1885,1936,2),(1999,1885,1956,0),(2038,1885,2000,2);
/*!40000 ALTER TABLE `SwitchPosition` ENABLE KEYS */;
UNLOCK TABLES;
DROP TABLE IF EXISTS `TrackElement`;
/*!40101 SET @saved_cs_client     = @@character_set_client */;
/*!40101 SET character_set_client = utf8 */;
CREATE TABLE `TrackElement` (
  `id` int(11) NOT NULL AUTO_INCREMENT,
  `region` int(11) NOT NULL,
  PRIMARY KEY (`id`)
) ENGINE=MEMORY AUTO_INCREMENT=2038 DEFAULT CHARSET=utf8;
/*!40101 SET character_set_client = @saved_cs_client */;

LOCK TABLES `TrackElement` WRITE;
/*!40000 ALTER TABLE `TrackElement` DISABLE KEYS */;
INSERT INTO `TrackElement` VALUES (5,4),(7,4),(8,4),(9,4),(10,4),(11,4),(12,4),(14,4),(15,4),(16,4),(17,4),(18,4),(20,4),(21,4),(22,4),(23,4),(24,4),(26,4),(27,4),(28,4),(29,4),(30,4),(32,4),(33,4),(34,4),(35,4),(36,4),(38,4),(39,4),(40,4),(41,4),(42,4),(44,4),(45,4),(46,4),(47,4),(48,4),(53,52),(55,52),(56,52),(57,52),(58,52),(59,52),(61,52),(62,52),(63,52),(64,52),(65,52),(70,69),(72,69),(73,69),(74,69),(75,69),(76,69),(78,69),(79,69),(80,69),(81,69),(82,69),(84,69),(85,69),(86,69),(87,69),(88,69),(90,69),(91,69),(92,69),(93,69),(94,69),(96,69),(97,69),(98,69),(99,69),(100,69),(102,69),(103,69),(104,69),(105,69),(106,69),(108,69),(109,69),(110,69),(111,69),(112,69),(114,69),(116,69),(117,69),(118,69),(119,69),(120,69),(122,69),(123,69),(124,69),(125,69),(126,69),(127,69),(129,69),(130,69),(131,69),(132,69),(133,69),(134,69),(136,69),(138,69),(139,69),(140,69),(141,69),(142,69),(144,69),(145,69),(146,69),(147,69),(148,69),(150,69),(151,69),(152,69),(153,69),(154,69),(156,69),(157,69),(158,69),(159,69),(160,69),(162,69),(163,69),(164,69),(165,69),(166,69),(168,69),(169,69),(170,69),(171,69),(172,69),(174,69),(176,69),(177,69),(178,69),(179,69),(180,69),(182,69),(183,69),(184,69),(185,69),(186,69),(188,69),(189,69),(190,69),(191,69),(192,69),(194,69),(195,69),(196,69),(197,69),(198,69),(200,69),(201,69),(202,69),(203,69),(204,69),(206,69),(207,69),(208,69),(209,69),(210,69),(215,214),(217,214),(218,214),(219,214),(220,214),(221,214),(223,214),(224,214),(225,214),(226,214),(227,214),(229,214),(230,214),(231,214),(232,214),(233,214),(235,214),(236,214),(237,214),(238,214),(239,214),(241,214),(242,214),(243,214),(244,214),(245,214),(247,214),(248,214),(249,214),(250,214),(251,214),(253,214),(254,214),(255,214),(256,214),(257,214),(259,214),(260,214),(261,214),(262,214),(263,214),(265,214),(266,214),(267,214),(268,214),(269,214),(271,214),(273,214),(274,214),(275,214),(276,214),(277,214),(279,214),(280,214),(281,214),(282,214),(283,214),(285,214),(287,214),(288,214),(289,214),(290,214),(291,214),(293,214),(294,214),(295,214),(296,214),(297,214),(299,214),(300,214),(301,214),(302,214),(303,214),(305,214),(307,214),(308,214),(309,214),(310,214),(311,214),(313,214),(315,214),(316,214),(317,214),(318,214),(319,214),(321,214),(322,214),(323,214),(324,214),(325,214),(327,214),(328,214),(329,214),(330,214),(331,214),(333,214),(334,214),(335,214),(336,214),(337,214),(339,214),(341,214),(342,214),(343,214),(344,214),(345,214),(347,214),(348,214),(349,214),(350,214),(351,214),(353,214),(354,214),(355,214),(356,214),(357,214),(359,214),(361,214),(362,214),(363,214),(364,214),(365,214),(367,214),(368,214),(369,214),(370,214),(371,214),(373,214),(374,214),(375,214),(376,214),(377,214),(379,214),(380,214),(381,214),(382,214),(383,214),(385,214),(386,214),(387,214),(388,214),(389,214),(391,214),(392,214),(393,214),(394,214),(395,214),(397,214),(398,214),(399,214),(400,214),(401,214),(403,214),(405,214),(406,214),(407,214),(408,214),(409,214),(411,214),(412,214),(413,214),(414,214),(415,214),(417,214),(418,214),(419,214),(420,214),(421,214),(423,214),(424,214),(425,214),(426,214),(427,214),(429,214),(430,214),(431,214),(432,214),(433,214),(435,214),(436,214),(437,214),(438,214),(439,214),(441,214),(442,214),(443,214),(444,214),(445,214),(447,214),(448,214),(449,214),(450,214),(451,214),(453,214),(454,214),(455,214),(456,214),(457,214),(459,214),(461,214),(462,214),(463,214),(464,214),(465,214),(467,214),(468,214),(469,214),(470,214),(471,214),(473,214),(474,214),(475,214),(476,214),(477,214),(479,214),(480,214),(481,214),(482,214),(483,214),(485,214),(486,214),(487,214),(488,214),(489,214),(491,214),(492,214),(493,214),(494,214),(495,214),(497,214),(498,214),(499,214),(500,214),(501,214),(503,214),(504,214),(505,214),(506,214),(507,214),(509,214),(511,214),(512,214),(513,214),(514,214),(515,214),(517,214),(518,214),(519,214),(520,214),(521,214),(523,214),(524,214),(525,214),(526,214),(527,214),(529,214),(530,214),(531,214),(532,214),(533,214),(535,214),(537,214),(538,214),(539,214),(540,214),(541,214),(543,214),(544,214),(545,214),(546,214),(547,214),(549,214),(550,214),(551,214),(552,214),(553,214),(555,214),(556,214),(557,214),(558,214),(559,214),(561,214),(562,214),(563,214),(564,214),(565,214),(567,214),(569,214),(570,214),(571,214),(572,214),(573,214),(575,214),(576,214),(577,214),(578,214),(579,214),(581,214),(583,214),(584,214),(585,214),(586,214),(587,214),(589,214),(590,214),(591,214),(592,214),(593,214),(595,214),(597,214),(598,214),(599,214),(600,214),(601,214),(603,214),(604,214),(605,214),(606,214),(607,214),(609,214),(610,214),(611,214),(612,214),(613,214),(615,214),(616,214),(617,214),(618,214),(619,214),(624,623),(626,623),(627,623),(628,623),(629,623),(630,623),(632,623),(634,623),(635,623),(636,623),(637,623),(638,623),(640,623),(641,623),(642,623),(643,623),(644,623),(646,623),(647,623),(648,623),(649,623),(650,623),(652,623),(653,623),(654,623),(655,623),(656,623),(658,623),(659,623),(660,623),(661,623),(662,623),(664,623),(665,623),(666,623),(667,623),(668,623),(670,623),(671,623),(672,623),(673,623),(674,623),(676,623),(678,623),(679,623),(680,623),(681,623),(682,623),(684,623),(685,623),(686,623),(687,623),(688,623),(690,623),(691,623),(692,623),(693,623),(694,623),(695,623),(697,623),(699,623),(700,623),(701,623),(702,623),(703,623),(705,623),(706,623),(707,623),(708,623),(709,623),(711,623),(712,623),(713,623),(714,623),(715,623),(717,623),(718,623),(719,623),(720,623),(721,623),(723,623),(724,623),(725,623),(726,623),(727,623),(729,623),(730,623),(731,623),(732,623),(733,623),(735,623),(737,623),(738,623),(739,623),(740,623),(741,623),(746,745),(748,745),(749,745),(750,745),(751,745),(752,745),(754,745),(755,745),(756,745),(757,745),(758,745),(760,745),(761,745),(762,745),(763,745),(764,745),(766,745),(767,745),(768,745),(769,745),(770,745),(772,745),(773,745),(774,745),(775,745),(776,745),(778,745),(779,745),(780,745),(781,745),(782,745),(784,745),(785,745),(786,745),(787,745),(788,745),(790,745),(791,745),(792,745),(793,745),(794,745),(796,745),(798,745),(799,745),(800,745),(801,745),(802,745),(804,745),(805,745),(806,745),(807,745),(808,745),(810,745),(811,745),(812,745),(813,745),(814,745),(816,745),(817,745),(818,745),(819,745),(820,745),(822,745),(824,745),(825,745),(826,745),(827,745),(828,745),(830,745),(831,745),(832,745),(833,745),(834,745),(839,838),(841,838),(842,838),(843,838),(844,838),(845,838),(847,838),(848,838),(849,838),(850,838),(851,838),(853,838),(854,838),(855,838),(856,838),(857,838),(859,838),(860,838),(861,838),(862,838),(863,838),(865,838),(866,838),(867,838),(868,838),(869,838),(871,838),(872,838),(873,838),(874,838),(875,838),(877,838),(879,838),(880,838),(881,838),(882,838),(883,838),(885,838),(886,838),(887,838),(888,838),(889,838),(891,838),(892,838),(893,838),(894,838),(895,838),(897,838),(898,838),(899,838),(900,838),(901,838),(903,838),(904,838),(905,838),(906,838),(907,838),(909,838),(910,838),(911,838),(912,838),(913,838),(915,838),(916,838),(917,838),(918,838),(919,838),(921,838),(923,838),(924,838),(925,838),(926,838),(927,838),(929,838),(930,838),(931,838),(932,838),(933,838),(935,838),(936,838),(937,838),(938,838),(939,838),(940,838),(942,838),(943,838),(944,838),(945,838),(946,838),(948,838),(949,838),(950,838),(951,838),(952,838),(954,838),(955,838),(956,838),(957,838),(958,838),(960,838),(961,838),(962,838),(963,838),(964,838),(966,838),(967,838),(968,838),(969,838),(970,838),(972,838),(974,838),(975,838),(976,838),(977,838),(978,838),(980,838),(982,838),(983,838),(984,838),(985,838),(986,838),(988,838),(989,838),(990,838),(991,838),(992,838),(994,838),(995,838),(996,838),(997,838),(998,838),(1000,838),(1001,838),(1002,838),(1003,838),(1004,838),(1006,838),(1007,838),(1008,838),(1009,838),(1010,838),(1012,838),(1014,838),(1015,838),(1016,838),(1017,838),(1018,838),(1020,838),(1021,838),(1022,838),(1023,838),(1024,838),(1026,838),(1028,838),(1029,838),(1030,838),(1031,838),(1032,838),(1034,838),(1035,838),(1036,838),(1037,838),(1038,838),(1040,838),(1041,838),(1042,838),(1043,838),(1044,838),(1046,838),(1047,838),(1048,838),(1049,838),(1050,838),(1052,838),(1053,838),(1054,838),(1055,838),(1056,838),(1058,838),(1059,838),(1060,838),(1061,838),(1062,838),(1064,838),(1065,838),(1066,838),(1067,838),(1068,838),(1070,838),(1071,838),(1072,838),(1073,838),(1074,838),(1076,838),(1078,838),(1079,838),(1080,838),(1081,838),(1082,838),(1084,838),(1085,838),(1086,838),(1087,838),(1088,838),(1090,838),(1091,838),(1092,838),(1093,838),(1094,838),(1096,838),(1097,838),(1098,838),(1099,838),(1100,838),(1101,838),(1103,838),(1104,838),(1105,838),(1106,838),(1107,838),(1109,838),(1110,838),(1111,838),(1112,838),(1113,838),(1115,838),(1116,838),(1117,838),(1118,838),(1119,838),(1121,838),(1122,838),(1123,838),(1124,838),(1125,838),(1127,838),(1129,838),(1130,838),(1131,838),(1132,838),(1133,838),(1135,838),(1136,838),(1137,838),(1138,838),(1139,838),(1141,838),(1142,838),(1143,838),(1144,838),(1145,838),(1147,838),(1148,838),(1149,838),(1150,838),(1151,838),(1153,838),(1154,838),(1155,838),(1156,838),(1157,838),(1159,838),(1160,838),(1161,838),(1162,838),(1163,838),(1165,838),(1166,838),(1167,838),(1168,838),(1169,838),(1171,838),(1173,838),(1174,838),(1175,838),(1176,838),(1177,838),(1179,838),(1180,838),(1181,838),(1182,838),(1183,838),(1185,838),(1186,838),(1187,838),(1188,838),(1189,838),(1191,838),(1192,838),(1193,838),(1194,838),(1195,838),(1197,838),(1198,838),(1199,838),(1200,838),(1201,838),(1203,838),(1204,838),(1205,838),(1206,838),(1207,838),(1209,838),(1210,838),(1211,838),(1212,838),(1213,838),(1214,838),(1216,838),(1217,838),(1218,838),(1219,838),(1220,838),(1222,838),(1223,838),(1224,838),(1225,838),(1226,838),(1228,838),(1230,838),(1231,838),(1232,838),(1233,838),(1234,838),(1236,838),(1237,838),(1238,838),(1239,838),(1240,838),(1242,838),(1243,838),(1244,838),(1245,838),(1246,838),(1248,838),(1249,838),(1250,838),(1251,838),(1252,838),(1254,838),(1255,838),(1256,838),(1257,838),(1258,838),(1260,838),(1262,838),(1263,838),(1264,838),(1265,838),(1266,838),(1268,838),(1269,838),(1270,838),(1271,838),(1272,838),(1274,838),(1276,838),(1277,838),(1278,838),(1279,838),(1280,838),(1282,838),(1283,838),(1284,838),(1285,838),(1286,838),(1288,838),(1289,838),(1290,838),(1291,838),(1292,838),(1294,838),(1295,838),(1296,838),(1297,838),(1298,838),(1300,838),(1301,838),(1302,838),(1303,838),(1304,838),(1306,838),(1307,838),(1308,838),(1309,838),(1310,838),(1312,838),(1314,838),(1315,838),(1316,838),(1317,838),(1318,838),(1320,838),(1321,838),(1322,838),(1323,838),(1324,838),(1325,838),(1327,838),(1328,838),(1329,838),(1330,838),(1331,838),(1333,838),(1334,838),(1335,838),(1336,838),(1337,838),(1339,838),(1340,838),(1341,838),(1342,838),(1343,838),(1344,838),(1346,838),(1348,838),(1349,838),(1350,838),(1351,838),(1352,838),(1354,838),(1355,838),(1356,838),(1357,838),(1358,838),(1360,838),(1361,838),(1362,838),(1363,838),(1364,838),(1366,838),(1367,838),(1368,838),(1369,838),(1370,838),(1372,838),(1373,838),(1374,838),(1375,838),(1376,838),(1381,1380),(1383,1380),(1384,1380),(1385,1380),(1386,1380),(1387,1380),(1389,1380),(1390,1380),(1391,1380),(1392,1380),(1393,1380),(1395,1380),(1396,1380),(1397,1380),(1398,1380),(1399,1380),(1401,1380),(1402,1380),(1403,1380),(1404,1380),(1405,1380),(1407,1380),(1408,1380),(1409,1380),(1410,1380),(1411,1380),(1413,1380),(1414,1380),(1415,1380),(1416,1380),(1417,1380),(1419,1380),(1420,1380),(1421,1380),(1422,1380),(1423,1380),(1425,1380),(1427,1380),(1428,1380),(1429,1380),(1430,1380),(1431,1380),(1433,1380),(1434,1380),(1435,1380),(1436,1380),(1437,1380),(1439,1380),(1441,1380),(1442,1380),(1443,1380),(1444,1380),(1445,1380),(1447,1380),(1448,1380),(1449,1380),(1450,1380),(1451,1380),(1453,1380),(1454,1380),(1455,1380),(1456,1380),(1457,1380),(1459,1380),(1461,1380),(1462,1380),(1463,1380),(1464,1380),(1465,1380),(1467,1380),(1468,1380),(1469,1380),(1470,1380),(1471,1380),(1473,1380),(1475,1380),(1476,1380),(1477,1380),(1478,1380),(1479,1380),(1481,1380),(1482,1380),(1483,1380),(1484,1380),(1485,1380),(1487,1380),(1488,1380),(1489,1380),(1490,1380),(1491,1380),(1493,1380),(1494,1380),(1495,1380),(1496,1380),(1497,1380),(1499,1380),(1500,1380),(1501,1380),(1502,1380),(1503,1380),(1505,1380),(1507,1380),(1508,1380),(1509,1380),(1510,1380),(1511,1380),(1513,1380),(1514,1380),(1515,1380),(1516,1380),(1517,1380),(1519,1380),(1520,1380),(1521,1380),(1522,1380),(1523,1380),(1525,1380),(1526,1380),(1527,1380),(1528,1380),(1529,1380),(1531,1380),(1532,1380),(1533,1380),(1534,1380),(1535,1380),(1537,1380),(1538,1380),(1539,1380),(1540,1380),(1541,1380),(1543,1380),(1544,1380),(1545,1380),(1546,1380),(1547,1380),(1549,1380),(1550,1380),(1551,1380),(1552,1380),(1553,1380),(1555,1380),(1556,1380),(1557,1380),(1558,1380),(1559,1380),(1561,1380),(1563,1380),(1564,1380),(1565,1380),(1566,1380),(1567,1380),(1569,1380),(1570,1380),(1571,1380),(1572,1380),(1573,1380),(1575,1380),(1576,1380),(1577,1380),(1578,1380),(1579,1380),(1581,1380),(1582,1380),(1583,1380),(1584,1380),(1585,1380),(1587,1380),(1588,1380),(1589,1380),(1590,1380),(1591,1380),(1593,1380),(1594,1380),(1595,1380),(1596,1380),(1597,1380),(1599,1380),(1601,1380),(1602,1380),(1603,1380),(1604,1380),(1605,1380),(1607,1380),(1608,1380),(1609,1380),(1610,1380),(1611,1380),(1613,1380),(1614,1380),(1615,1380),(1616,1380),(1617,1380),(1619,1380),(1620,1380),(1621,1380),(1622,1380),(1623,1380),(1625,1380),(1626,1380),(1627,1380),(1628,1380),(1629,1380),(1631,1380),(1632,1380),(1633,1380),(1634,1380),(1635,1380),(1637,1380),(1638,1380),(1639,1380),(1640,1380),(1641,1380),(1643,1380),(1644,1380),(1645,1380),(1646,1380),(1647,1380),(1649,1380),(1650,1380),(1651,1380),(1652,1380),(1653,1380),(1655,1380),(1657,1380),(1658,1380),(1659,1380),(1660,1380),(1661,1380),(1663,1380),(1664,1380),(1665,1380),(1666,1380),(1667,1380),(1669,1380),(1670,1380),(1671,1380),(1672,1380),(1673,1380),(1675,1380),(1677,1380),(1678,1380),(1679,1380),(1680,1380),(1681,1380),(1683,1380),(1685,1380),(1686,1380),(1687,1380),(1688,1380),(1689,1380),(1691,1380),(1693,1380),(1694,1380),(1695,1380),(1696,1380),(1697,1380),(1698,1380),(1700,1380),(1701,1380),(1702,1380),(1703,1380),(1704,1380),(1706,1380),(1707,1380),(1708,1380),(1709,1380),(1710,1380),(1711,1380),(1713,1380),(1714,1380),(1715,1380),(1716,1380),(1717,1380),(1719,1380),(1721,1380),(1722,1380),(1723,1380),(1724,1380),(1725,1380),(1727,1380),(1728,1380),(1729,1380),(1730,1380),(1731,1380),(1733,1380),(1735,1380),(1736,1380),(1737,1380),(1738,1380),(1739,1380),(1741,1380),(1742,1380),(1743,1380),(1744,1380),(1745,1380),(1747,1380),(1748,1380),(1749,1380),(1750,1380),(1751,1380),(1753,1380),(1754,1380),(1755,1380),(1756,1380),(1757,1380),(1759,1380),(1760,1380),(1761,1380),(1762,1380),(1763,1380),(1768,1767),(1770,1767),(1771,1767),(1772,1767),(1773,1767),(1774,1767),(1776,1767),(1777,1767),(1778,1767),(1779,1767),(1780,1767),(1781,1767),(1783,1767),(1784,1767),(1785,1767),(1786,1767),(1787,1767),(1789,1767),(1790,1767),(1791,1767),(1792,1767),(1793,1767),(1795,1767),(1796,1767),(1797,1767),(1798,1767),(1799,1767),(1801,1767),(1802,1767),(1803,1767),(1804,1767),(1805,1767),(1807,1767),(1809,1767),(1810,1767),(1811,1767),(1812,1767),(1813,1767),(1815,1767),(1816,1767),(1817,1767),(1818,1767),(1819,1767),(1821,1767),(1822,1767),(1823,1767),(1824,1767),(1825,1767),(1827,1767),(1828,1767),(1829,1767),(1830,1767),(1831,1767),(1833,1767),(1835,1767),(1836,1767),(1837,1767),(1838,1767),(1839,1767),(1841,1767),(1842,1767),(1843,1767),(1844,1767),(1845,1767),(1847,1767),(1848,1767),(1849,1767),(1850,1767),(1851,1767),(1853,1767),(1854,1767),(1855,1767),(1856,1767),(1857,1767),(1859,1767),(1860,1767),(1861,1767),(1862,1767),(1863,1767),(1865,1767),(1867,1767),(1868,1767),(1869,1767),(1870,1767),(1871,1767),(1873,1767),(1874,1767),(1875,1767),(1876,1767),(1877,1767),(1879,1767),(1880,1767),(1881,1767),(1882,1767),(1883,1767),(1887,1886),(1889,1886),(1890,1886),(1891,1886),(1892,1886),(1893,1886),(1895,1886),(1896,1886),(1897,1886),(1898,1886),(1899,1886),(1901,1886),(1903,1886),(1904,1886),(1905,1886),(1906,1886),(1907,1886),(1909,1886),(1910,1886),(1911,1886),(1912,1886),(1913,1886),(1915,1886),(1916,1886),(1917,1886),(1918,1886),(1919,1886),(1921,1886),(1923,1886),(1924,1886),(1925,1886),(1926,1886),(1927,1886),(1928,1886),(1930,1886),(1931,1886),(1932,1886),(1933,1886),(1934,1886),(1936,1886),(1938,1886),(1939,1886),(1940,1886),(1941,1886),(1942,1886),(1944,1886),(1945,1886),(1946,1886),(1947,1886),(1948,1886),(1950,1886),(1951,1886),(1952,1886),(1953,1886),(1954,1886),(1956,1886),(1958,1886),(1959,1886),(1960,1886),(1961,1886),(1962,1886),(1964,1886),(1965,1886),(1966,1886),(1967,1886),(1968,1886),(1970,1886),(1971,1886),(1972,1886),(1973,1886),(1974,1886),(1976,1886),(1977,1886),(1978,1886),(1979,1886),(1980,1886),(1982,1886),(1983,1886),(1984,1886),(1985,1886),(1986,1886),(1988,1886),(1989,1886),(1990,1886),(1991,1886),(1992,1886),(1994,1886),(1995,1886),(1996,1886),(1997,1886),(1998,1886),(2000,1886),(2002,1886),(2003,1886),(2004,1886),(2005,1886),(2006,1886),(2008,1886),(2009,1886),(2010,1886),(2011,1886),(2012,1886),(2014,1886),(2015,1886),(2016,1886),(2017,1886),(2018,1886),(2020,1886),(2021,1886),(2022,1886),(2023,1886),(2024,1886),(2025,1886),(2027,1886),(2028,1886),(2029,1886),(2030,1886),(2031,1886),(2033,1886),(2034,1886),(2035,1886),(2036,1886),(2037,1886);
/*!40000 ALTER TABLE `TrackElement` ENABLE KEYS */;
UNLOCK TABLES;
DROP TABLE IF EXISTS `connectsTo`;
/*!40101 SET @saved_cs_client     = @@character_set_client */;
/*!40101 SET character_set_client = utf8 */;
CREATE TABLE `connectsTo` (
  `TrackElement1_id` int(11) NOT NULL,
  `TrackElement2_id` int(11) NOT NULL,
  PRIMARY KEY (`TrackElement1_id`,`TrackElement2_id`),
  KEY `connectsTo_idx1` (`TrackElement1_id`),
  KEY `connectsTo_idx2` (`TrackElement2_id`)
) ENGINE=MEMORY DEFAULT CHARSET=utf8;
/*!40101 SET character_set_client = @saved_cs_client */;

LOCK TABLES `connectsTo` WRITE;
/*!40000 ALTER TABLE `connectsTo` DISABLE KEYS */;
INSERT INTO `connectsTo` VALUES (5,7),(7,8),(8,9),(9,10),(10,11),(11,12),(12,14),(14,15),(15,16),(16,17),(17,18),(18,20),(20,21),(21,22),(22,23),(23,24),(24,26),(26,27),(27,28),(28,29),(29,30),(30,32),(32,33),(33,34),(34,35),(35,36),(36,38),(38,39),(39,40),(40,41),(41,42),(42,44),(44,45),(45,46),(46,47),(47,48),(53,55),(55,56),(56,57),(57,58),(58,59),(59,61),(61,62),(62,63),(63,64),(64,65),(48,53),(70,72),(72,73),(73,74),(74,75),(75,76),(76,78),(78,79),(79,80),(80,81),(81,82),(82,84),(84,85),(85,86),(86,87),(87,88),(88,90),(90,91),(91,92),(92,93),(93,94),(94,96),(96,97),(97,98),(98,99),(99,100),(100,102),(102,103),(103,104),(104,105),(105,106),(106,108),(108,109),(109,110),(110,111),(111,112),(112,114),(114,116),(116,117),(117,118),(118,119),(119,120),(120,122),(122,123),(123,124),(124,125),(125,126),(126,127),(127,129),(129,130),(130,131),(131,132),(132,133),(133,134),(134,136),(136,138),(138,139),(139,140),(140,141),(141,142),(142,144),(144,145),(145,146),(146,147),(147,148),(148,150),(150,151),(151,152),(152,153),(153,154),(154,156),(156,157),(157,158),(158,159),(159,160),(160,162),(162,163),(163,164),(164,165),(165,166),(166,168),(168,169),(169,170),(170,171),(171,172),(172,174),(174,176),(176,177),(177,178),(178,179),(179,180),(180,182),(182,183),(183,184),(184,185),(185,186),(186,188),(188,189),(189,190),(190,191),(191,192),(192,194),(194,195),(195,196),(196,197),(197,198),(198,200),(200,201),(201,202),(202,203),(203,204),(204,206),(206,207),(207,208),(208,209),(209,210),(65,70),(215,217),(217,218),(218,219),(219,220),(220,221),(221,223),(223,224),(224,225),(225,226),(226,227),(227,229),(229,230),(230,231),(231,232),(232,233),(233,235),(235,236),(236,237),(237,238),(238,239),(239,241),(241,242),(242,243),(243,244),(244,245),(245,247),(247,248),(248,249),(249,250),(250,251),(251,253),(253,254),(254,255),(255,256),(256,257),(257,259),(259,260),(260,261),(261,262),(262,263),(263,265),(265,266),(266,267),(267,268),(268,269),(269,271),(271,273),(273,274),(274,275),(275,276),(276,277),(277,279),(279,280),(280,281),(281,282),(282,283),(283,285),(285,287),(287,288),(288,289),(289,290),(290,291),(291,293),(293,294),(294,295),(295,296),(296,297),(297,299),(299,300),(300,301),(301,302),(302,303),(303,305),(305,307),(307,308),(308,309),(309,310),(310,311),(311,313),(313,315),(315,316),(316,317),(317,318),(318,319),(319,321),(321,322),(322,323),(323,324),(324,325),(325,327),(327,328),(328,329),(329,330),(330,331),(331,333),(333,334),(334,335),(335,336),(336,337),(337,339),(339,341),(341,342),(342,343),(343,344),(344,345),(345,347),(347,348),(348,349),(349,350),(350,351),(351,353),(353,354),(354,355),(355,356),(356,357),(357,359),(359,361),(361,362),(362,363),(363,364),(364,365),(365,367),(367,368),(368,369),(369,370),(370,371),(371,373),(373,374),(374,375),(375,376),(376,377),(377,379),(379,380),(380,381),(381,382),(382,383),(383,385),(385,386),(386,387),(387,388),(388,389),(389,391),(391,392),(392,393),(393,394),(394,395),(395,397),(397,398),(398,399),(399,400),(400,401),(401,403),(403,405),(405,406),(406,407),(407,408),(408,409),(409,411),(411,412),(412,413),(413,414),(414,415),(415,417),(417,418),(418,419),(419,420),(420,421),(421,423),(423,424),(424,425),(425,426),(426,427),(427,429),(429,430),(430,431),(431,432),(432,433),(433,435),(435,436),(436,437),(437,438),(438,439),(439,441),(441,442),(442,443),(443,444),(444,445),(445,447),(447,448),(448,449),(449,450),(450,451),(451,453),(453,454),(454,455),(455,456),(456,457),(457,459),(459,461),(461,462),(462,463),(463,464),(464,465),(465,467),(467,468),(468,469),(469,470),(470,471),(471,473),(473,474),(474,475),(475,476),(476,477),(477,479),(479,480),(480,481),(481,482),(482,483),(483,485),(485,486),(486,487),(487,488),(488,489),(489,491),(491,492),(492,493),(493,494),(494,495),(495,497),(497,498),(498,499),(499,500),(500,501),(501,503),(503,504),(504,505),(505,506),(506,507),(507,509),(509,511),(511,512),(512,513),(513,514),(514,515),(515,517),(517,518),(518,519),(519,520),(520,521),(521,523),(523,524),(524,525),(525,526),(526,527),(527,529),(529,530),(530,531),(531,532),(532,533),(533,535),(535,537),(537,538),(538,539),(539,540),(540,541),(541,543),(543,544),(544,545),(545,546),(546,547),(547,549),(549,550),(550,551),(551,552),(552,553),(553,555),(555,556),(556,557),(557,558),(558,559),(559,561),(561,562),(562,563),(563,564),(564,565),(565,567),(567,569),(569,570),(570,571),(571,572),(572,573),(573,575),(575,576),(576,577),(577,578),(578,579),(579,581),(581,583),(583,584),(584,585),(585,586),(586,587),(587,589),(589,590),(590,591),(591,592),(592,593),(593,595),(595,597),(597,598),(598,599),(599,600),(600,601),(601,603),(603,604),(604,605),(605,606),(606,607),(607,609),(609,610),(610,611),(611,612),(612,613),(613,615),(615,616),(616,617),(617,618),(618,619),(210,215),(624,626),(626,627),(627,628),(628,629),(629,630),(630,632),(632,634),(634,635),(635,636),(636,637),(637,638),(638,640),(640,641),(641,642),(642,643),(643,644),(644,646),(646,647),(647,648),(648,649),(649,650),(650,652),(652,653),(653,654),(654,655),(655,656),(656,658),(658,659),(659,660),(660,661),(661,662),(662,664),(664,665),(665,666),(666,667),(667,668),(668,670),(670,671),(671,672),(672,673),(673,674),(674,676),(676,678),(678,679),(679,680),(680,681),(681,682),(682,684),(684,685),(685,686),(686,687),(687,688),(688,690),(690,691),(691,692),(692,693),(693,694),(694,695),(695,697),(697,699),(699,700),(700,701),(701,702),(702,703),(703,705),(705,706),(706,707),(707,708),(708,709),(709,711),(711,712),(712,713),(713,714),(714,715),(715,717),(717,718),(718,719),(719,720),(720,721),(721,723),(723,724),(724,725),(725,726),(726,727),(727,729),(729,730),(730,731),(731,732),(732,733),(733,735),(735,737),(737,738),(738,739),(739,740),(740,741),(619,624),(746,748),(748,749),(749,750),(750,751),(751,752),(752,754),(754,755),(755,756),(756,757),(757,758),(758,760),(760,761),(761,762),(762,763),(763,764),(764,766),(766,767),(767,768),(768,769),(769,770),(770,772),(772,773),(773,774),(774,775),(775,776),(776,778),(778,779),(779,780),(780,781),(781,782),(782,784),(784,785),(785,786),(786,787),(787,788),(788,790),(790,791),(791,792),(792,793),(793,794),(794,796),(796,798),(798,799),(799,800),(800,801),(801,802),(802,804),(804,805),(805,806),(806,807),(807,808),(808,810),(810,811),(811,812),(812,813),(813,814),(814,816),(816,817),(817,818),(818,819),(819,820),(820,822),(822,824),(824,825),(825,826),(826,827),(827,828),(828,830),(830,831),(831,832),(832,833),(833,834),(741,746),(839,841),(841,842),(842,843),(843,844),(844,845),(845,847),(847,848),(848,849),(849,850),(850,851),(851,853),(853,854),(854,855),(855,856),(856,857),(857,859),(859,860),(860,861),(861,862),(862,863),(863,865),(865,866),(866,867),(867,868),(868,869),(869,871),(871,872),(872,873),(873,874),(874,875),(875,877),(877,879),(879,880),(880,881),(881,882),(882,883),(883,885),(885,886),(886,887),(887,888),(888,889),(889,891),(891,892),(892,893),(893,894),(894,895),(895,897),(897,898),(898,899),(899,900),(900,901),(901,903),(903,904),(904,905),(905,906),(906,907),(907,909),(909,910),(910,911),(911,912),(912,913),(913,915),(915,916),(916,917),(917,918),(918,919),(919,921),(921,923),(923,924),(924,925),(925,926),(926,927),(927,929),(929,930),(930,931),(931,932),(932,933),(933,935),(935,936),(936,937),(937,938),(938,939),(939,940),(940,942),(942,943),(943,944),(944,945),(945,946),(946,948),(948,949),(949,950),(950,951),(951,952),(952,954),(954,955),(955,956),(956,957),(957,958),(958,960),(960,961),(961,962),(962,963),(963,964),(964,966),(966,967),(967,968),(968,969),(969,970),(970,972),(972,974),(974,975),(975,976),(976,977),(977,978),(978,980),(980,982),(982,983),(983,984),(984,985),(985,986),(986,988),(988,989),(989,990),(990,991),(991,992),(992,994),(994,995),(995,996),(996,997),(997,998),(998,1000),(1000,1001),(1001,1002),(1002,1003),(1003,1004),(1004,1006),(1006,1007),(1007,1008),(1008,1009),(1009,1010),(1010,1012),(1012,1014),(1014,1015),(1015,1016),(1016,1017),(1017,1018),(1018,1020),(1020,1021),(1021,1022),(1022,1023),(1023,1024),(1024,1026),(1026,1028),(1028,1029),(1029,1030),(1030,1031),(1031,1032),(1032,1034),(1034,1035),(1035,1036),(1036,1037),(1037,1038),(1038,1040),(1040,1041),(1041,1042),(1042,1043),(1043,1044),(1044,1046),(1046,1047),(1047,1048),(1048,1049),(1049,1050),(1050,1052),(1052,1053),(1053,1054),(1054,1055),(1055,1056),(1056,1058),(1058,1059),(1059,1060),(1060,1061),(1061,1062),(1062,1064),(1064,1065),(1065,1066),(1066,1067),(1067,1068),(1068,1070),(1070,1071),(1071,1072),(1072,1073),(1073,1074),(1074,1076),(1076,1078),(1078,1079),(1079,1080),(1080,1081),(1081,1082),(1082,1084),(1084,1085),(1085,1086),(1086,1087),(1087,1088),(1088,1090),(1090,1091),(1091,1092),(1092,1093),(1093,1094),(1094,1096),(1096,1097),(1097,1098),(1098,1099),(1099,1100),(1100,1101),(1101,1103),(1103,1104),(1104,1105),(1105,1106),(1106,1107),(1107,1109),(1109,1110),(1110,1111),(1111,1112),(1112,1113),(1113,1115),(1115,1116),(1116,1117),(1117,1118),(1118,1119),(1119,1121),(1121,1122),(1122,1123),(1123,1124),(1124,1125),(1125,1127),(1127,1129),(1129,1130),(1130,1131),(1131,1132),(1132,1133),(1133,1135),(1135,1136),(1136,1137),(1137,1138),(1138,1139),(1139,1141),(1141,1142),(1142,1143),(1143,1144),(1144,1145),(1145,1147),(1147,1148),(1148,1149),(1149,1150),(1150,1151),(1151,1153),(1153,1154),(1154,1155),(1155,1156),(1156,1157),(1157,1159),(1159,1160),(1160,1161),(1161,1162),(1162,1163),(1163,1165),(1165,1166),(1166,1167),(1167,1168),(1168,1169),(1169,1171),(1171,1173),(1173,1174),(1174,1175),(1175,1176),(1176,1177),(1177,1179),(1179,1180),(1180,1181),(1181,1182),(1182,1183),(1183,1185),(1185,1186),(1186,1187),(1187,1188),(1188,1189),(1189,1191),(1191,1192),(1192,1193),(1193,1194),(1194,1195),(1195,1197),(1197,1198),(1198,1199),(1199,1200),(1200,1201),(1201,1203),(1203,1204),(1204,1205),(1205,1206),(1206,1207),(1207,1209),(1209,1210),(1210,1211),(1211,1212),(1212,1213),(1213,1214),(1214,1216),(1216,1217),(1217,1218),(1218,1219),(1219,1220),(1220,1222),(1222,1223),(1223,1224),(1224,1225),(1225,1226),(1226,1228),(1228,1230),(1230,1231),(1231,1232),(1232,1233),(1233,1234),(1234,1236),(1236,1237),(1237,1238),(1238,1239),(1239,1240),(1240,1242),(1242,1243),(1243,1244),(1244,1245),(1245,1246),(1246,1248),(1248,1249),(1249,1250),(1250,1251),(1251,1252),(1252,1254),(1254,1255),(1255,1256),(1256,1257),(1257,1258),(1258,1260),(1260,1262),(1262,1263),(1263,1264),(1264,1265),(1265,1266),(1266,1268),(1268,1269),(1269,1270),(1270,1271),(1271,1272),(1272,1274),(1274,1276),(1276,1277),(1277,1278),(1278,1279),(1279,1280),(1280,1282),(1282,1283),(1283,1284),(1284,1285),(1285,1286),(1286,1288),(1288,1289),(1289,1290),(1290,1291),(1291,1292),(1292,1294),(1294,1295),(1295,1296),(1296,1297),(1297,1298),(1298,1300),(1300,1301),(1301,1302),(1302,1303),(1303,1304),(1304,1306),(1306,1307),(1307,1308),(1308,1309),(1309,1310),(1310,1312),(1312,1314),(1314,1315),(1315,1316),(1316,1317),(1317,1318),(1318,1320),(1320,1321),(1321,1322),(1322,1323),(1323,1324),(1324,1325),(1325,1327),(1327,1328),(1328,1329),(1329,1330),(1330,1331),(1331,1333),(1333,1334),(1334,1335),(1335,1336),(1336,1337),(1337,1339),(1339,1340),(1340,1341),(1341,1342),(1342,1343),(1343,1344),(1344,1346),(1346,1348),(1348,1349),(1349,1350),(1350,1351),(1351,1352),(1352,1354),(1354,1355),(1355,1356),(1356,1357),(1357,1358),(1358,1360),(1360,1361),(1361,1362),(1362,1363),(1363,1364),(1364,1366),(1366,1367),(1367,1368),(1368,1369),(1369,1370),(1370,1372),(1372,1373),(1373,1374),(1374,1375),(1375,1376),(834,839),(1381,1383),(1383,1384),(1384,1385),(1385,1386),(1386,1387),(1387,1389),(1389,1390),(1390,1391),(1391,1392),(1392,1393),(1393,1395),(1395,1396),(1396,1397),(1397,1398),(1398,1399),(1399,1401),(1401,1402),(1402,1403),(1403,1404),(1404,1405),(1405,1407),(1407,1408),(1408,1409),(1409,1410),(1410,1411),(1411,1413),(1413,1414),(1414,1415),(1415,1416),(1416,1417),(1417,1419),(1419,1420),(1420,1421),(1421,1422),(1422,1423),(1423,1425),(1425,1427),(1427,1428),(1428,1429),(1429,1430),(1430,1431),(1431,1433),(1433,1434),(1434,1435),(1435,1436),(1436,1437),(1437,1439),(1439,1441),(1441,1442),(1442,1443),(1443,1444),(1444,1445),(1445,1447),(1447,1448),(1448,1449),(1449,1450),(1450,1451),(1451,1453),(1453,1454),(1454,1455),(1455,1456),(1456,1457),(1457,1459),(1459,1461),(1461,1462),(1462,1463),(1463,1464),(1464,1465),(1465,1467),(1467,1468),(1468,1469),(1469,1470),(1470,1471),(1471,1473),(1473,1475),(1475,1476),(1476,1477),(1477,1478),(1478,1479),(1479,1481),(1481,1482),(1482,1483),(1483,1484),(1484,1485),(1485,1487),(1487,1488),(1488,1489),(1489,1490),(1490,1491),(1491,1493),(1493,1494),(1494,1495),(1495,1496),(1496,1497),(1497,1499),(1499,1500),(1500,1501),(1501,1502),(1502,1503),(1503,1505),(1505,1507),(1507,1508),(1508,1509),(1509,1510),(1510,1511),(1511,1513),(1513,1514),(1514,1515),(1515,1516),(1516,1517),(1517,1519),(1519,1520),(1520,1521),(1521,1522),(1522,1523),(1523,1525),(1525,1526),(1526,1527),(1527,1528),(1528,1529),(1529,1531),(1531,1532),(1532,1533),(1533,1534),(1534,1535),(1535,1537),(1537,1538),(1538,1539),(1539,1540),(1540,1541),(1541,1543),(1543,1544),(1544,1545),(1545,1546),(1546,1547),(1547,1549),(1549,1550),(1550,1551),(1551,1552),(1552,1553),(1553,1555),(1555,1556),(1556,1557),(1557,1558),(1558,1559),(1559,1561),(1561,1563),(1563,1564),(1564,1565),(1565,1566),(1566,1567),(1567,1569),(1569,1570),(1570,1571),(1571,1572),(1572,1573),(1573,1575),(1575,1576),(1576,1577),(1577,1578),(1578,1579),(1579,1581),(1581,1582),(1582,1583),(1583,1584),(1584,1585),(1585,1587),(1587,1588),(1588,1589),(1589,1590),(1590,1591),(1591,1593),(1593,1594),(1594,1595),(1595,1596),(1596,1597),(1597,1599),(1599,1601),(1601,1602),(1602,1603),(1603,1604),(1604,1605),(1605,1607),(1607,1608),(1608,1609),(1609,1610),(1610,1611),(1611,1613),(1613,1614),(1614,1615),(1615,1616),(1616,1617),(1617,1619),(1619,1620),(1620,1621),(1621,1622),(1622,1623),(1623,1625),(1625,1626),(1626,1627),(1627,1628),(1628,1629),(1629,1631),(1631,1632),(1632,1633),(1633,1634),(1634,1635),(1635,1637),(1637,1638),(1638,1639),(1639,1640),(1640,1641),(1641,1643),(1643,1644),(1644,1645),(1645,1646),(1646,1647),(1647,1649),(1649,1650),(1650,1651),(1651,1652),(1652,1653),(1653,1655),(1655,1657),(1657,1658),(1658,1659),(1659,1660),(1660,1661),(1661,1663),(1663,1664),(1664,1665),(1665,1666),(1666,1667),(1667,1669),(1669,1670),(1670,1671),(1671,1672),(1672,1673),(1673,1675),(1675,1677),(1677,1678),(1678,1679),(1679,1680),(1680,1681),(1681,1683),(1683,1685),(1685,1686),(1686,1687),(1687,1688),(1688,1689),(1689,1691),(1691,1693),(1693,1694),(1694,1695),(1695,1696),(1696,1697),(1697,1698),(1698,1700),(1700,1701),(1701,1702),(1702,1703),(1703,1704),(1704,1706),(1706,1707),(1707,1708),(1708,1709),(1709,1710),(1710,1711),(1711,1713),(1713,1714),(1714,1715),(1715,1716),(1716,1717),(1717,1719),(1719,1721),(1721,1722),(1722,1723),(1723,1724),(1724,1725),(1725,1727),(1727,1728),(1728,1729),(1729,1730),(1730,1731),(1731,1733),(1733,1735),(1735,1736),(1736,1737),(1737,1738),(1738,1739),(1739,1741),(1741,1742),(1742,1743),(1743,1744),(1744,1745),(1745,1747),(1747,1748),(1748,1749),(1749,1750),(1750,1751),(1751,1753),(1753,1754),(1754,1755),(1755,1756),(1756,1757),(1757,1759),(1759,1760),(1760,1761),(1761,1762),(1762,1763),(1376,1381),(1768,1770),(1770,1771),(1771,1772),(1772,1773),(1773,1774),(1774,1776),(1776,1777),(1777,1778),(1778,1779),(1779,1780),(1780,1781),(1781,1783),(1783,1784),(1784,1785),(1785,1786),(1786,1787),(1787,1789),(1789,1790),(1790,1791),(1791,1792),(1792,1793),(1793,1795),(1795,1796),(1796,1797),(1797,1798),(1798,1799),(1799,1801),(1801,1802),(1802,1803),(1803,1804),(1804,1805),(1805,1807),(1807,1809),(1809,1810),(1810,1811),(1811,1812),(1812,1813),(1813,1815),(1815,1816),(1816,1817),(1817,1818),(1818,1819),(1819,1821),(1821,1822),(1822,1823),(1823,1824),(1824,1825),(1825,1827),(1827,1828),(1828,1829),(1829,1830),(1830,1831),(1831,1833),(1833,1835),(1835,1836),(1836,1837),(1837,1838),(1838,1839),(1839,1841),(1841,1842),(1842,1843),(1843,1844),(1844,1845),(1845,1847),(1847,1848),(1848,1849),(1849,1850),(1850,1851),(1851,1853),(1853,1854),(1854,1855),(1855,1856),(1856,1857),(1857,1859),(1859,1860),(1860,1861),(1861,1862),(1862,1863),(1863,1865),(1865,1867),(1867,1868),(1868,1869),(1869,1870),(1870,1871),(1871,1873),(1873,1874),(1874,1875),(1875,1876),(1876,1877),(1877,1879),(1879,1880),(1880,1881),(1881,1882),(1882,1883),(1763,1768),(1887,1889),(1889,1890),(1890,1891),(1891,1892),(1892,1893),(1893,1895),(1895,1896),(1896,1897),(1897,1898),(1898,1899),(1899,1901),(1901,1903),(1903,1904),(1904,1905),(1905,1906),(1906,1907),(1907,1909),(1909,1910),(1910,1911),(1911,1912),(1912,1913),(1913,1915),(1915,1916),(1916,1917),(1917,1918),(1918,1919),(1919,1921),(1921,1923),(1923,1924),(1924,1925),(1925,1926),(1926,1927),(1927,1928),(1928,1930),(1930,1931),(1931,1932),(1932,1933),(1933,1934),(1934,1936),(1936,1938),(1938,1939),(1939,1940),(1940,1941),(1941,1942),(1942,1944),(1944,1945),(1945,1946),(1946,1947),(1947,1948),(1948,1950),(1950,1951),(1951,1952),(1952,1953),(1953,1954),(1954,1956),(1956,1958),(1958,1959),(1959,1960),(1960,1961),(1961,1962),(1962,1964),(1964,1965),(1965,1966),(1966,1967),(1967,1968),(1968,1970),(1970,1971),(1971,1972),(1972,1973),(1973,1974),(1974,1976),(1976,1977),(1977,1978),(1978,1979),(1979,1980),(1980,1982),(1982,1983),(1983,1984),(1984,1985),(1985,1986),(1986,1988),(1988,1989),(1989,1990),(1990,1991),(1991,1992),(1992,1994),(1994,1995),(1995,1996),(1996,1997),(1997,1998),(1998,2000),(2000,2002),(2002,2003),(2003,2004),(2004,2005),(2005,2006),(2006,2008),(2008,2009),(2009,2010),(2010,2011),(2011,2012),(2012,2014),(2014,2015),(2015,2016),(2016,2017),(2017,2018),(2018,2020),(2020,2021),(2021,2022),(2022,2023),(2023,2024),(2024,2025),(2025,2027),(2027,2028),(2028,2029),(2029,2030),(2030,2031),(2031,2033),(2033,2034),(2034,2035),(2035,2036),(2036,2037),(1883,1887),(2037,5);
/*!40000 ALTER TABLE `connectsTo` ENABLE KEYS */;
UNLOCK TABLES;
DROP TABLE IF EXISTS `monitoredBy`;
/*!40101 SET @saved_cs_client     = @@character_set_client */;
/*!40101 SET character_set_client = utf8 */;
CREATE TABLE `monitoredBy` (
  `TrackElement_id` int(11) NOT NULL,
  `Sensor_id` int(11) NOT NULL,
  PRIMARY KEY (`TrackElement_id`,`Sensor_id`),
  KEY `monitoredBy_idx` (`Sensor_id`,`TrackElement_id`)
) ENGINE=MEMORY DEFAULT CHARSET=utf8;
/*!40101 SET character_set_client = @saved_cs_client */;

LOCK TABLES `monitoredBy` WRITE;
/*!40000 ALTER TABLE `monitoredBy` DISABLE KEYS */;
INSERT INTO `monitoredBy` VALUES (5,6),(7,6),(8,6),(9,6),(10,6),(11,6),(12,6),(5,13),(14,13),(15,13),(16,13),(17,13),(18,13),(5,19),(20,19),(21,19),(22,19),(23,19),(24,19),(5,25),(26,25),(27,25),(28,25),(29,25),(30,25),(5,31),(32,31),(33,31),(34,31),(35,31),(36,31),(5,37),(38,37),(39,37),(40,37),(41,37),(42,37),(5,43),(44,43),(45,43),(46,43),(47,43),(48,43),(53,54),(55,54),(56,54),(57,54),(58,54),(59,54),(53,60),(61,60),(62,60),(63,60),(64,60),(65,60),(70,71),(72,71),(73,71),(74,71),(75,71),(76,71),(70,77),(78,77),(79,77),(80,77),(81,77),(82,77),(70,83),(84,83),(85,83),(86,83),(87,83),(88,83),(70,89),(90,89),(91,89),(92,89),(93,89),(94,89),(70,95),(96,95),(97,95),(98,95),(99,95),(100,95),(70,101),(102,101),(103,101),(104,101),(105,101),(106,101),(70,107),(108,107),(109,107),(110,107),(111,107),(112,107),(114,115),(116,115),(117,115),(118,115),(119,115),(120,115),(114,121),(122,121),(123,121),(124,121),(125,121),(126,121),(127,121),(114,128),(129,128),(130,128),(131,128),(132,128),(133,128),(134,128),(136,137),(138,137),(139,137),(140,137),(141,137),(142,137),(136,143),(144,143),(145,143),(146,143),(147,143),(148,143),(136,149),(150,149),(151,149),(152,149),(153,149),(154,149),(136,155),(156,155),(157,155),(158,155),(159,155),(160,155),(136,161),(162,161),(163,161),(164,161),(165,161),(166,161),(136,167),(168,167),(169,167),(170,167),(171,167),(172,167),(174,175),(176,175),(177,175),(178,175),(179,175),(180,175),(174,181),(182,181),(183,181),(184,181),(185,181),(186,181),(174,187),(188,187),(189,187),(190,187),(191,187),(192,187),(174,193),(194,193),(195,193),(196,193),(197,193),(198,193),(174,199),(200,199),(201,199),(202,199),(203,199),(204,199),(174,205),(206,205),(207,205),(208,205),(209,205),(210,205),(215,216),(217,216),(218,216),(219,216),(220,216),(221,216),(215,222),(223,222),(224,222),(225,222),(226,222),(227,222),(215,228),(229,228),(230,228),(231,228),(232,228),(233,228),(215,234),(235,234),(236,234),(237,234),(238,234),(239,234),(215,240),(241,240),(242,240),(243,240),(244,240),(245,240),(215,246),(247,246),(248,246),(249,246),(250,246),(251,246),(215,252),(253,252),(254,252),(255,252),(256,252),(257,252),(215,258),(259,258),(260,258),(261,258),(262,258),(263,258),(215,264),(265,264),(266,264),(267,264),(268,264),(269,264),(271,272),(273,272),(274,272),(275,272),(276,272),(277,272),(271,278),(279,278),(280,278),(281,278),(282,278),(283,278),(285,286),(287,286),(288,286),(289,286),(290,286),(291,286),(285,292),(293,292),(294,292),(295,292),(296,292),(297,292),(285,298),(299,298),(300,298),(301,298),(302,298),(303,298),(305,306),(307,306),(308,306),(309,306),(310,306),(311,306),(313,314),(315,314),(316,314),(317,314),(318,314),(319,314),(313,320),(321,320),(322,320),(323,320),(324,320),(325,320),(313,326),(327,326),(328,326),(329,326),(330,326),(331,326),(313,332),(333,332),(334,332),(335,332),(336,332),(337,332),(339,340),(341,340),(342,340),(343,340),(344,340),(345,340),(339,346),(347,346),(348,346),(349,346),(350,346),(351,346),(339,352),(353,352),(354,352),(355,352),(356,352),(357,352),(359,360),(361,360),(362,360),(363,360),(364,360),(365,360),(359,366),(367,366),(368,366),(369,366),(370,366),(371,366),(359,372),(373,372),(374,372),(375,372),(376,372),(377,372),(359,378),(379,378),(380,378),(381,378),(382,378),(383,378),(359,384),(385,384),(386,384),(387,384),(388,384),(389,384),(359,390),(391,390),(392,390),(393,390),(394,390),(395,390),(359,396),(397,396),(398,396),(399,396),(400,396),(401,396),(403,404),(405,404),(406,404),(407,404),(408,404),(409,404),(403,410),(411,410),(412,410),(413,410),(414,410),(415,410),(403,416),(417,416),(418,416),(419,416),(420,416),(421,416),(403,422),(423,422),(424,422),(425,422),(426,422),(427,422),(403,428),(429,428),(430,428),(431,428),(432,428),(433,428),(403,434),(435,434),(436,434),(437,434),(438,434),(439,434),(403,440),(441,440),(442,440),(443,440),(444,440),(445,440),(403,446),(447,446),(448,446),(449,446),(450,446),(451,446),(403,452),(453,452),(454,452),(455,452),(456,452),(457,452),(459,460),(461,460),(462,460),(463,460),(464,460),(465,460),(459,466),(467,466),(468,466),(469,466),(470,466),(471,466),(459,472),(473,472),(474,472),(475,472),(476,472),(477,472),(459,478),(479,478),(480,478),(481,478),(482,478),(483,478),(459,484),(485,484),(486,484),(487,484),(488,484),(489,484),(459,490),(491,490),(492,490),(493,490),(494,490),(495,490),(459,496),(497,496),(498,496),(499,496),(500,496),(501,496),(459,502),(503,502),(504,502),(505,502),(506,502),(507,502),(509,510),(511,510),(512,510),(513,510),(514,510),(515,510),(509,516),(517,516),(518,516),(519,516),(520,516),(521,516),(509,522),(523,522),(524,522),(525,522),(526,522),(527,522),(509,528),(529,528),(530,528),(531,528),(532,528),(533,528),(535,536),(537,536),(538,536),(539,536),(540,536),(541,536),(535,542),(543,542),(544,542),(545,542),(546,542),(547,542),(535,548),(549,548),(550,548),(551,548),(552,548),(553,548),(535,554),(555,554),(556,554),(557,554),(558,554),(559,554),(535,560),(561,560),(562,560),(563,560),(564,560),(565,560),(567,568),(569,568),(570,568),(571,568),(572,568),(573,568),(567,574),(575,574),(576,574),(577,574),(578,574),(579,574),(581,582),(583,582),(584,582),(585,582),(586,582),(587,582),(581,588),(589,588),(590,588),(591,588),(592,588),(593,588),(595,596),(597,596),(598,596),(599,596),(600,596),(601,596),(595,602),(603,602),(604,602),(605,602),(606,602),(607,602),(595,608),(609,608),(610,608),(611,608),(612,608),(613,608),(595,614),(615,614),(616,614),(617,614),(618,614),(619,614),(624,625),(626,625),(627,625),(628,625),(629,625),(630,625),(632,633),(634,633),(635,633),(636,633),(637,633),(638,633),(632,639),(640,639),(641,639),(642,639),(643,639),(644,639),(632,645),(646,645),(647,645),(648,645),(649,645),(650,645),(632,651),(652,651),(653,651),(654,651),(655,651),(656,651),(632,657),(658,657),(659,657),(660,657),(661,657),(662,657),(632,663),(664,663),(665,663),(666,663),(667,663),(668,663),(632,669),(670,669),(671,669),(672,669),(673,669),(674,669),(676,677),(678,677),(679,677),(680,677),(681,677),(682,677),(676,683),(684,683),(685,683),(686,683),(687,683),(688,683),(676,689),(690,689),(691,689),(692,689),(693,689),(694,689),(695,689),(697,698),(699,698),(700,698),(701,698),(702,698),(703,698),(697,704),(705,704),(706,704),(707,704),(708,704),(709,704),(697,710),(711,710),(712,710),(713,710),(714,710),(715,710),(697,716),(717,716),(718,716),(719,716),(720,716),(721,716),(697,722),(723,722),(724,722),(725,722),(726,722),(727,722),(697,728),(729,728),(730,728),(731,728),(732,728),(733,728),(735,736),(737,736),(738,736),(739,736),(740,736),(741,736),(746,747),(748,747),(749,747),(750,747),(751,747),(752,747),(746,753),(754,753),(755,753),(756,753),(757,753),(758,753),(746,759),(760,759),(761,759),(762,759),(763,759),(764,759),(746,765),(766,765),(767,765),(768,765),(769,765),(770,765),(746,771),(772,771),(773,771),(774,771),(775,771),(776,771),(746,777),(778,777),(779,777),(780,777),(781,777),(782,777),(746,783),(784,783),(785,783),(786,783),(787,783),(788,783),(746,789),(790,789),(791,789),(792,789),(793,789),(794,789),(796,797),(798,797),(799,797),(800,797),(801,797),(802,797),(796,803),(804,803),(805,803),(806,803),(807,803),(808,803),(796,809),(810,809),(811,809),(812,809),(813,809),(814,809),(796,815),(816,815),(817,815),(818,815),(819,815),(820,815),(822,823),(824,823),(825,823),(826,823),(827,823),(828,823),(822,829),(830,829),(831,829),(832,829),(833,829),(834,829),(839,840),(841,840),(842,840),(843,840),(844,840),(845,840),(839,846),(847,846),(848,846),(849,846),(850,846),(851,846),(839,852),(853,852),(854,852),(855,852),(856,852),(857,852),(839,858),(859,858),(860,858),(861,858),(862,858),(863,858),(839,864),(865,864),(866,864),(867,864),(868,864),(869,864),(839,870),(871,870),(872,870),(873,870),(874,870),(875,870),(877,878),(879,878),(880,878),(881,878),(882,878),(883,878),(877,884),(885,884),(886,884),(887,884),(888,884),(889,884),(877,890),(891,890),(892,890),(893,890),(894,890),(895,890),(877,896),(897,896),(898,896),(899,896),(900,896),(901,896),(877,902),(903,902),(904,902),(905,902),(906,902),(907,902),(877,908),(909,908),(910,908),(911,908),(912,908),(913,908),(877,914),(915,914),(916,914),(917,914),(918,914),(919,914),(921,922),(923,922),(924,922),(925,922),(926,922),(927,922),(921,928),(929,928),(930,928),(931,928),(932,928),(933,928),(921,934),(935,934),(936,934),(937,934),(938,934),(939,934),(940,934),(921,941),(942,941),(943,941),(944,941),(945,941),(946,941),(921,947),(948,947),(949,947),(950,947),(951,947),(952,947),(921,953),(954,953),(955,953),(956,953),(957,953),(958,953),(921,959),(960,959),(961,959),(962,959),(963,959),(964,959),(921,965),(966,965),(967,965),(968,965),(969,965),(970,965),(972,973),(974,973),(975,973),(976,973),(977,973),(978,973),(980,981),(982,981),(983,981),(984,981),(985,981),(986,981),(980,987),(988,987),(989,987),(990,987),(991,987),(992,987),(980,993),(994,993),(995,993),(996,993),(997,993),(998,993),(980,999),(1000,999),(1001,999),(1002,999),(1003,999),(1004,999),(980,1005),(1006,1005),(1007,1005),(1008,1005),(1009,1005),(1010,1005),(1012,1013),(1014,1013),(1015,1013),(1016,1013),(1017,1013),(1018,1013),(1012,1019),(1020,1019),(1021,1019),(1022,1019),(1023,1019),(1024,1019),(1026,1027),(1028,1027),(1029,1027),(1030,1027),(1031,1027),(1032,1027),(1026,1033),(1034,1033),(1035,1033),(1036,1033),(1037,1033),(1038,1033),(1026,1039),(1040,1039),(1041,1039),(1042,1039),(1043,1039),(1044,1039),(1026,1045),(1046,1045),(1047,1045),(1048,1045),(1049,1045),(1050,1045),(1026,1051),(1052,1051),(1053,1051),(1054,1051),(1055,1051),(1056,1051),(1026,1057),(1058,1057),(1059,1057),(1060,1057),(1061,1057),(1062,1057),(1026,1063),(1064,1063),(1065,1063),(1066,1063),(1067,1063),(1068,1063),(1026,1069),(1070,1069),(1071,1069),(1072,1069),(1073,1069),(1074,1069),(1076,1077),(1078,1077),(1079,1077),(1080,1077),(1081,1077),(1082,1077),(1076,1083),(1084,1083),(1085,1083),(1086,1083),(1087,1083),(1088,1083),(1076,1089),(1090,1089),(1091,1089),(1092,1089),(1093,1089),(1094,1089),(1076,1095),(1096,1095),(1097,1095),(1098,1095),(1099,1095),(1100,1095),(1101,1095),(1076,1102),(1103,1102),(1104,1102),(1105,1102),(1106,1102),(1107,1102),(1076,1108),(1109,1108),(1110,1108),(1111,1108),(1112,1108),(1113,1108),(1076,1114),(1115,1114),(1116,1114),(1117,1114),(1118,1114),(1119,1114),(1076,1120),(1121,1120),(1122,1120),(1123,1120),(1124,1120),(1125,1120),(1127,1128),(1129,1128),(1130,1128),(1131,1128),(1132,1128),(1133,1128),(1127,1134),(1135,1134),(1136,1134),(1137,1134),(1138,1134),(1139,1134),(1127,1140),(1141,1140),(1142,1140),(1143,1140),(1144,1140),(1145,1140),(1127,1146),(1147,1146),(1148,1146),(1149,1146),(1150,1146),(1151,1146),(1127,1152),(1153,1152),(1154,1152),(1155,1152),(1156,1152),(1157,1152),(1127,1158),(1159,1158),(1160,1158),(1161,1158),(1162,1158),(1163,1158),(1127,1164),(1165,1164),(1166,1164),(1167,1164),(1168,1164),(1169,1164),(1173,1172),(1174,1172),(1175,1172),(1176,1172),(1177,1172),(1171,1178),(1179,1178),(1180,1178),(1181,1178),(1182,1178),(1183,1178),(1171,1184),(1185,1184),(1186,1184),(1187,1184),(1188,1184),(1189,1184),(1171,1190),(1191,1190),(1192,1190),(1193,1190),(1194,1190),(1195,1190),(1171,1196),(1197,1196),(1198,1196),(1199,1196),(1200,1196),(1201,1196),(1171,1202),(1203,1202),(1204,1202),(1205,1202),(1206,1202),(1207,1202),(1171,1208),(1209,1208),(1210,1208),(1211,1208),(1212,1208),(1213,1208),(1214,1208),(1171,1215),(1216,1215),(1217,1215),(1218,1215),(1219,1215),(1220,1215),(1171,1221),(1222,1221),(1223,1221),(1224,1221),(1225,1221),(1226,1221),(1228,1229),(1230,1229),(1231,1229),(1232,1229),(1233,1229),(1234,1229),(1228,1235),(1236,1235),(1237,1235),(1238,1235),(1239,1235),(1240,1235),(1228,1241),(1242,1241),(1243,1241),(1244,1241),(1245,1241),(1246,1241),(1228,1247),(1248,1247),(1249,1247),(1250,1247),(1251,1247),(1252,1247),(1228,1253),(1254,1253),(1255,1253),(1256,1253),(1257,1253),(1258,1253),(1260,1261),(1262,1261),(1263,1261),(1264,1261),(1265,1261),(1266,1261),(1260,1267),(1268,1267),(1269,1267),(1270,1267),(1271,1267),(1272,1267),(1274,1275),(1276,1275),(1277,1275),(1278,1275),(1279,1275),(1280,1275),(1274,1281),(1282,1281),(1283,1281),(1284,1281),(1285,1281),(1286,1281),(1274,1287),(1288,1287),(1289,1287),(1290,1287),(1291,1287),(1292,1287),(1274,1293),(1294,1293),(1295,1293),(1296,1293),(1297,1293),(1298,1293),(1274,1299),(1300,1299),(1301,1299),(1302,1299),(1303,1299),(1304,1299),(1274,1305),(1306,1305),(1307,1305),(1308,1305),(1309,1305),(1310,1305),(1312,1313),(1314,1313),(1315,1313),(1316,1313),(1317,1313),(1318,1313),(1312,1319),(1320,1319),(1321,1319),(1322,1319),(1323,1319),(1324,1319),(1325,1319),(1312,1326),(1327,1326),(1328,1326),(1329,1326),(1330,1326),(1331,1326),(1312,1332),(1333,1332),(1334,1332),(1335,1332),(1336,1332),(1337,1332),(1312,1338),(1339,1338),(1340,1338),(1341,1338),(1342,1338),(1343,1338),(1344,1338),(1346,1347),(1348,1347),(1349,1347),(1350,1347),(1351,1347),(1352,1347),(1346,1353),(1354,1353),(1355,1353),(1356,1353),(1357,1353),(1358,1353),(1346,1359),(1360,1359),(1361,1359),(1362,1359),(1363,1359),(1364,1359),(1346,1365),(1366,1365),(1367,1365),(1368,1365),(1369,1365),(1370,1365),(1346,1371),(1372,1371),(1373,1371),(1374,1371),(1375,1371),(1376,1371),(1381,1382),(1383,1382),(1384,1382),(1385,1382),(1386,1382),(1387,1382),(1381,1388),(1389,1388),(1390,1388),(1391,1388),(1392,1388),(1393,1388),(1381,1394),(1395,1394),(1396,1394),(1397,1394),(1398,1394),(1399,1394),(1381,1400),(1401,1400),(1402,1400),(1403,1400),(1404,1400),(1405,1400),(1381,1406),(1407,1406),(1408,1406),(1409,1406),(1410,1406),(1411,1406),(1381,1412),(1413,1412),(1414,1412),(1415,1412),(1416,1412),(1417,1412),(1381,1418),(1419,1418),(1420,1418),(1421,1418),(1422,1418),(1423,1418),(1425,1426),(1427,1426),(1428,1426),(1429,1426),(1430,1426),(1431,1426),(1425,1432),(1433,1432),(1434,1432),(1435,1432),(1436,1432),(1437,1432),(1439,1440),(1441,1440),(1442,1440),(1443,1440),(1444,1440),(1445,1440),(1439,1446),(1447,1446),(1448,1446),(1449,1446),(1450,1446),(1451,1446),(1439,1452),(1453,1452),(1454,1452),(1455,1452),(1456,1452),(1457,1452),(1459,1460),(1461,1460),(1462,1460),(1463,1460),(1464,1460),(1465,1460),(1459,1466),(1467,1466),(1468,1466),(1469,1466),(1470,1466),(1471,1466),(1473,1474),(1475,1474),(1476,1474),(1477,1474),(1478,1474),(1479,1474),(1473,1480),(1481,1480),(1482,1480),(1483,1480),(1484,1480),(1485,1480),(1473,1486),(1487,1486),(1488,1486),(1489,1486),(1490,1486),(1491,1486),(1473,1492),(1493,1492),(1494,1492),(1495,1492),(1496,1492),(1497,1492),(1473,1498),(1499,1498),(1500,1498),(1501,1498),(1502,1498),(1503,1498),(1505,1506),(1507,1506),(1508,1506),(1509,1506),(1510,1506),(1511,1506),(1505,1512),(1513,1512),(1514,1512),(1515,1512),(1516,1512),(1517,1512),(1505,1518),(1519,1518),(1520,1518),(1521,1518),(1522,1518),(1523,1518),(1505,1524),(1525,1524),(1526,1524),(1527,1524),(1528,1524),(1529,1524),(1505,1530),(1531,1530),(1532,1530),(1533,1530),(1534,1530),(1535,1530),(1505,1536),(1537,1536),(1538,1536),(1539,1536),(1540,1536),(1541,1536),(1505,1542),(1543,1542),(1544,1542),(1545,1542),(1546,1542),(1547,1542),(1505,1548),(1549,1548),(1550,1548),(1551,1548),(1552,1548),(1553,1548),(1505,1554),(1555,1554),(1556,1554),(1557,1554),(1558,1554),(1559,1554),(1561,1562),(1563,1562),(1564,1562),(1565,1562),(1566,1562),(1567,1562),(1561,1568),(1569,1568),(1570,1568),(1571,1568),(1572,1568),(1573,1568),(1561,1574),(1575,1574),(1576,1574),(1577,1574),(1578,1574),(1579,1574),(1561,1580),(1581,1580),(1582,1580),(1583,1580),(1584,1580),(1585,1580),(1561,1586),(1587,1586),(1588,1586),(1589,1586),(1590,1586),(1591,1586),(1561,1592),(1593,1592),(1594,1592),(1595,1592),(1596,1592),(1597,1592),(1599,1600),(1601,1600),(1602,1600),(1603,1600),(1604,1600),(1605,1600),(1599,1606),(1607,1606),(1608,1606),(1609,1606),(1610,1606),(1611,1606),(1599,1612),(1613,1612),(1614,1612),(1615,1612),(1616,1612),(1617,1612),(1599,1618),(1619,1618),(1620,1618),(1621,1618),(1622,1618),(1623,1618),(1599,1624),(1625,1624),(1626,1624),(1627,1624),(1628,1624),(1629,1624),(1599,1630),(1631,1630),(1632,1630),(1633,1630),(1634,1630),(1635,1630),(1599,1636),(1637,1636),(1638,1636),(1639,1636),(1640,1636),(1641,1636),(1599,1642),(1643,1642),(1644,1642),(1645,1642),(1646,1642),(1647,1642),(1599,1648),(1649,1648),(1650,1648),(1651,1648),(1652,1648),(1653,1648),(1655,1656),(1657,1656),(1658,1656),(1659,1656),(1660,1656),(1661,1656),(1655,1662),(1663,1662),(1664,1662),(1665,1662),(1666,1662),(1667,1662),(1655,1668),(1669,1668),(1670,1668),(1671,1668),(1672,1668),(1673,1668),(1675,1676),(1677,1676),(1678,1676),(1679,1676),(1680,1676),(1681,1676),(1683,1684),(1685,1684),(1686,1684),(1687,1684),(1688,1684),(1689,1684),(1691,1692),(1693,1692),(1694,1692),(1695,1692),(1696,1692),(1697,1692),(1698,1692),(1691,1699),(1700,1699),(1701,1699),(1702,1699),(1703,1699),(1704,1699),(1691,1705),(1706,1705),(1707,1705),(1708,1705),(1709,1705),(1710,1705),(1711,1705),(1691,1712),(1713,1712),(1714,1712),(1715,1712),(1716,1712),(1717,1712),(1719,1720),(1721,1720),(1722,1720),(1723,1720),(1724,1720),(1725,1720),(1719,1726),(1727,1726),(1728,1726),(1729,1726),(1730,1726),(1731,1726),(1733,1734),(1735,1734),(1736,1734),(1737,1734),(1738,1734),(1739,1734),(1733,1740),(1741,1740),(1742,1740),(1743,1740),(1744,1740),(1745,1740),(1733,1746),(1747,1746),(1748,1746),(1749,1746),(1750,1746),(1751,1746),(1733,1752),(1753,1752),(1754,1752),(1755,1752),(1756,1752),(1757,1752),(1733,1758),(1759,1758),(1760,1758),(1761,1758),(1762,1758),(1763,1758),(1768,1769),(1770,1769),(1771,1769),(1772,1769),(1773,1769),(1774,1769),(1768,1775),(1776,1775),(1777,1775),(1778,1775),(1779,1775),(1780,1775),(1781,1775),(1768,1782),(1783,1782),(1784,1782),(1785,1782),(1786,1782),(1787,1782),(1768,1788),(1789,1788),(1790,1788),(1791,1788),(1792,1788),(1793,1788),(1768,1794),(1795,1794),(1796,1794),(1797,1794),(1798,1794),(1799,1794),(1768,1800),(1801,1800),(1802,1800),(1803,1800),(1804,1800),(1805,1800),(1807,1808),(1809,1808),(1810,1808),(1811,1808),(1812,1808),(1813,1808),(1807,1814),(1815,1814),(1816,1814),(1817,1814),(1818,1814),(1819,1814),(1807,1820),(1821,1820),(1822,1820),(1823,1820),(1824,1820),(1825,1820),(1807,1826),(1827,1826),(1828,1826),(1829,1826),(1830,1826),(1831,1826),(1833,1834),(1835,1834),(1836,1834),(1837,1834),(1838,1834),(1839,1834),(1833,1840),(1841,1840),(1842,1840),(1843,1840),(1844,1840),(1845,1840),(1833,1846),(1847,1846),(1848,1846),(1849,1846),(1850,1846),(1851,1846),(1833,1852),(1853,1852),(1854,1852),(1855,1852),(1856,1852),(1857,1852),(1833,1858),(1859,1858),(1860,1858),(1861,1858),(1862,1858),(1863,1858),(1865,1866),(1867,1866),(1868,1866),(1869,1866),(1870,1866),(1871,1866),(1865,1872),(1873,1872),(1874,1872),(1875,1872),(1876,1872),(1877,1872),(1865,1878),(1879,1878),(1880,1878),(1881,1878),(1882,1878),(1883,1878),(1887,1888),(1889,1888),(1890,1888),(1891,1888),(1892,1888),(1893,1888),(1887,1894),(1895,1894),(1896,1894),(1897,1894),(1898,1894),(1899,1894),(1901,1902),(1903,1902),(1904,1902),(1905,1902),(1906,1902),(1907,1902),(1901,1908),(1909,1908),(1910,1908),(1911,1908),(1912,1908),(1913,1908),(1901,1914),(1915,1914),(1916,1914),(1917,1914),(1918,1914),(1919,1914),(1921,1922),(1923,1922),(1924,1922),(1925,1922),(1926,1922),(1927,1922),(1928,1922),(1921,1929),(1930,1929),(1931,1929),(1932,1929),(1933,1929),(1934,1929),(1936,1937),(1938,1937),(1939,1937),(1940,1937),(1941,1937),(1942,1937),(1936,1943),(1944,1943),(1945,1943),(1946,1943),(1947,1943),(1948,1943),(1936,1949),(1950,1949),(1951,1949),(1952,1949),(1953,1949),(1954,1949),(1956,1957),(1958,1957),(1959,1957),(1960,1957),(1961,1957),(1962,1957),(1956,1963),(1964,1963),(1965,1963),(1966,1963),(1967,1963),(1968,1963),(1956,1969),(1970,1969),(1971,1969),(1972,1969),(1973,1969),(1974,1969),(1956,1975),(1976,1975),(1977,1975),(1978,1975),(1979,1975),(1980,1975),(1956,1981),(1982,1981),(1983,1981),(1984,1981),(1985,1981),(1986,1981),(1956,1987),(1988,1987),(1989,1987),(1990,1987),(1991,1987),(1992,1987),(1994,1993),(1995,1993),(1996,1993),(1997,1993),(1998,1993),(2000,2001),(2002,2001),(2003,2001),(2004,2001),(2005,2001),(2006,2001),(2000,2007),(2008,2007),(2009,2007),(2010,2007),(2011,2007),(2012,2007),(2000,2013),(2014,2013),(2015,2013),(2016,2013),(2017,2013),(2018,2013),(2000,2019),(2020,2019),(2021,2019),(2022,2019),(2023,2019),(2024,2019),(2025,2019),(2000,2026),(2027,2026),(2028,2026),(2029,2026),(2030,2026),(2031,2026),(2000,2032),(2033,2032),(2034,2032),(2035,2032),(2036,2032),(2037,2032);
/*!40000 ALTER TABLE `monitoredBy` ENABLE KEYS */;
UNLOCK TABLES;
DROP TABLE IF EXISTS `requires`;
/*!40101 SET @saved_cs_client     = @@character_set_client */;
/*!40101 SET character_set_client = utf8 */;
CREATE TABLE `requires` (
  `Route_id` int(11) NOT NULL,
  `Sensor_id` int(11) NOT NULL,
  PRIMARY KEY (`Route_id`,`Sensor_id`)
) ENGINE=MEMORY DEFAULT CHARSET=utf8;
/*!40101 SET character_set_client = @saved_cs_client */;

LOCK TABLES `requires` WRITE;
/*!40000 ALTER TABLE `requires` DISABLE KEYS */;
INSERT INTO `requires` VALUES (3,6),(3,13),(3,19),(3,25),(3,31),(3,37),(3,43),(51,54),(51,60),(68,71),(68,77),(68,83),(68,89),(68,95),(68,107),(68,115),(68,121),(68,128),(68,137),(68,143),(68,149),(68,155),(68,161),(68,175),(68,181),(68,187),(68,193),(68,199),(68,205),(213,216),(213,222),(213,228),(213,234),(213,240),(213,246),(213,252),(213,258),(213,264),(213,272),(213,278),(213,286),(213,292),(213,298),(213,306),(213,314),(213,320),(213,326),(213,332),(213,340),(213,346),(213,352),(213,360),(213,366),(213,378),(213,384),(213,390),(213,396),(213,404),(213,410),(213,416),(213,422),(213,428),(213,434),(213,440),(213,446),(213,452),(213,466),(213,472),(213,484),(213,490),(213,496),(213,502),(213,510),(213,516),(213,522),(213,528),(213,536),(213,548),(213,554),(213,560),(213,568),(213,574),(213,582),(213,596),(213,602),(213,608),(213,614),(622,625),(622,633),(622,639),(622,645),(622,651),(622,657),(622,663),(622,669),(622,677),(622,683),(622,689),(622,698),(622,704),(622,710),(622,716),(622,722),(622,728),(622,736),(744,747),(744,753),(744,759),(744,765),(744,771),(744,777),(744,783),(744,789),(744,797),(744,803),(744,809),(744,815),(744,823),(744,829),(837,840),(837,852),(837,858),(837,864),(837,870),(837,878),(837,884),(837,890),(837,896),(837,902),(837,908),(837,914),(837,922),(837,928),(837,934),(837,941),(837,947),(837,953),(837,959),(837,965),(837,973),(837,981),(837,987),(837,993),(837,999),(837,1005),(837,1013),(837,1019),(837,1027),(837,1033),(837,1039),(837,1045),(837,1051),(837,1057),(837,1063),(837,1069),(837,1077),(837,1083),(837,1089),(837,1095),(837,1102),(837,1108),(837,1114),(837,1120),(837,1128),(837,1140),(837,1146),(837,1152),(837,1158),(837,1164),(837,1178),(837,1184),(837,1190),(837,1196),(837,1202),(837,1208),(837,1215),(837,1221),(837,1229),(837,1235),(837,1241),(837,1247),(837,1253),(837,1261),(837,1267),(837,1275),(837,1281),(837,1287),(837,1293),(837,1299),(837,1305),(837,1313),(837,1319),(837,1326),(837,1332),(837,1338),(837,1347),(837,1353),(837,1359),(837,1365),(837,1371),(1379,1382),(1379,1388),(1379,1394),(1379,1400),(1379,1406),(1379,1412),(1379,1418),(1379,1426),(1379,1432),(1379,1446),(1379,1452),(1379,1460),(1379,1466),(1379,1480),(1379,1486),(1379,1492),(1379,1498),(1379,1506),(1379,1512),(1379,1518),(1379,1524),(1379,1530),(1379,1536),(1379,1542),(1379,1548),(1379,1554),(1379,1568),(1379,1574),(1379,1580),(1379,1586),(1379,1592),(1379,1600),(1379,1606),(1379,1612),(1379,1618),(1379,1624),(1379,1630),(1379,1636),(1379,1642),(1379,1648),(1379,1656),(1379,1662),(1379,1668),(1379,1676),(1379,1684),(1379,1692),(1379,1699),(1379,1705),(1379,1712),(1379,1720),(1379,1726),(1379,1734),(1379,1740),(1379,1746),(1379,1752),(1379,1758),(1766,1769),(1766,1775),(1766,1782),(1766,1788),(1766,1794),(1766,1800),(1766,1808),(1766,1814),(1766,1820),(1766,1826),(1766,1846),(1766,1852),(1766,1858),(1766,1866),(1766,1872),(1766,1878),(1885,1888),(1885,1894),(1885,1902),(1885,1908),(1885,1914),(1885,1922),(1885,1929),(1885,1937),(1885,1943),(1885,1949),(1885,1957),(1885,1963),(1885,1969),(1885,1975),(1885,1981),(1885,1987),(1885,2001),(1885,2007),(1885,2013),(1885,2019),(1885,2026),(1885,2032);
/*!40000 ALTER TABLE `requires` ENABLE KEYS */;
UNLOCK TABLES;
/*!40103 SET TIME_ZONE=@OLD_TIME_ZONE */;

/*!40101 SET SQL_MODE=@OLD_SQL_MODE */;
/*!40014 SET FOREIGN_KEY_CHECKS=@OLD_FOREIGN_KEY_CHECKS */;
/*!40014 SET UNIQUE_CHECKS=@OLD_UNIQUE_CHECKS */;
/*!40101 SET CHARACTER_SET_CLIENT=@OLD_CHARACTER_SET_CLIENT */;
/*!40101 SET CHARACTER_SET_RESULTS=@OLD_CHARACTER_SET_RESULTS */;
/*!40101 SET COLLATION_CONNECTION=@OLD_COLLATION_CONNECTION */;
/*!40111 SET SQL_NOTES=@OLD_SQL_NOTES */;

