SET SESSION sql_mode = 'ANSI_QUOTES';
--
-- Database: "trainbenchmark"
--

-- 512 Mb
SET max_heap_table_size=536870912;

DROP DATABASE IF EXISTS "trainbenchmark";
CREATE DATABASE "trainbenchmark";
USE "trainbenchmark";

START TRANSACTION;
-- --------------------------------------------------------

--
-- Table structure: "Route"
--

CREATE TABLE IF NOT EXISTS "Route" (
  "id" int NOT NULL AUTO_INCREMENT,
  "active" int,
  "entry" int,
  "exit" int,
  PRIMARY KEY  ("id")
) DEFAULT CHARSET=utf8 AUTO_INCREMENT=1 ENGINE=MEMORY;

-- --------------------------------------------------------

--
-- Table structure: "Region"
--

CREATE TABLE IF NOT EXISTS "Region" (
  "id" int NOT NULL AUTO_INCREMENT,
  PRIMARY KEY  ("id")
) DEFAULT CHARSET=utf8 AUTO_INCREMENT=1 ENGINE=MEMORY;

-- --------------------------------------------------------

--
-- Table structure: "Segment"
--

CREATE TABLE IF NOT EXISTS "Segment" (
  "id" int NOT NULL AUTO_INCREMENT,
  "length" int NOT NULL DEFAULT 1,
  PRIMARY KEY  ("id")
) DEFAULT CHARSET=utf8 ENGINE=MEMORY;

-- --------------------------------------------------------
--
-- Table structure: "Sensor"
--

CREATE TABLE IF NOT EXISTS "Sensor" (
  "id" int NOT NULL AUTO_INCREMENT,
  "route" int, -- inverse of the "requires" edge
  "region" int NOT NULL, -- inverse of the "sensors" edge
  PRIMARY KEY  ("id")
) DEFAULT CHARSET=utf8 AUTO_INCREMENT=1 ENGINE=MEMORY;

-- --------------------------------------------------------

--
-- Table structure: "Semaphore"
--

CREATE TABLE IF NOT EXISTS "Semaphore" (
  "id" int NOT NULL AUTO_INCREMENT,
  "segment" int NOT NULL, -- inverse of the "semaphores" edge
  "signal" int NOT NULL,
  PRIMARY KEY  ("id")
) DEFAULT CHARSET=utf8 AUTO_INCREMENT=1 ENGINE=MEMORY;

-- --------------------------------------------------------


--
-- Table structure: "Switch"
--

CREATE TABLE IF NOT EXISTS "Switch" (
  "id" int NOT NULL AUTO_INCREMENT,
  "currentPosition" int NOT NULL,
  PRIMARY KEY  ("id")
) DEFAULT CHARSET=utf8 ENGINE=MEMORY;

-- --------------------------------------------------------

--
-- Table structure: "SwitchPosition"
--

CREATE TABLE IF NOT EXISTS "SwitchPosition" (
  "id" int NOT NULL AUTO_INCREMENT,
  "route" int, -- inverse of the "follows" edge
  "target" int,
  "position" int NOT NULL,
  PRIMARY KEY  ("id")
) DEFAULT CHARSET=utf8 AUTO_INCREMENT=1 ENGINE=MEMORY;

-- --------------------------------------------------------

--
-- Table structure: "TrackElement"
--

CREATE TABLE IF NOT EXISTS "TrackElement" (
  "id" int NOT NULL AUTO_INCREMENT,
  "region" int NOT NULL, -- inverse of the "elements" edge
  PRIMARY KEY  ("id")
) DEFAULT CHARSET=utf8 AUTO_INCREMENT=1 ENGINE=MEMORY;

-- --------------------------------------------------------

--
-- Table structure: "TrackElement_connectsTo"
--

CREATE TABLE IF NOT EXISTS "connectsTo" (
  "TrackElement1_id" int NOT NULL,
  "TrackElement2_id" int NOT NULL,
  PRIMARY KEY  ("TrackElement1_id", "TrackElement2_id")
) DEFAULT CHARSET=utf8 ENGINE=MEMORY;

-- --------------------------------------------------------

--
-- Table structure: "TrackElement_monitoredBy"
--

CREATE TABLE IF NOT EXISTS "monitoredBy" (
  "TrackElement_id" int NOT NULL,
  "Sensor_id" int NOT NULL,
  PRIMARY KEY  ("TrackElement_id", "Sensor_id")
) DEFAULT CHARSET=utf8 ENGINE=MEMORY;
INSERT INTO "Semaphore" ("id", "signal") VALUES (1, 2);
INSERT INTO "Semaphore" ("id", "signal") VALUES (2, 2);
INSERT INTO "Route" ("id", "active", "entry", "exit") VALUES (3, 1, NULL, 2);
INSERT INTO "Region" ("id") VALUES (4);
INSERT INTO "TrackElement" ("id") VALUES (5);
INSERT INTO "Switch" ("id") VALUES (5);
UPDATE "TrackElement" SET "region" = 4 WHERE "id" = 5;
INSERT INTO "Sensor" ("id") VALUES (6);
UPDATE "Sensor" SET "region" = 4 WHERE "id" = 6;
INSERT INTO "monitoredBy" VALUES (5, 6);
UPDATE "Sensor" SET "route" = 3 WHERE "id" = 6;
INSERT INTO "TrackElement" ("id") VALUES (7);
INSERT INTO "Segment" ("id", "length") VALUES (7, 335);
UPDATE "TrackElement" SET "region" = 4 WHERE "id" = 7;
INSERT INTO "monitoredBy" VALUES (7, 6);
UPDATE "Semaphore" SET "segment" = 7 WHERE "id" = 2;
INSERT INTO "TrackElement" ("id") VALUES (8);
INSERT INTO "Segment" ("id", "length") VALUES (8, 439);
UPDATE "TrackElement" SET "region" = 4 WHERE "id" = 8;
INSERT INTO "monitoredBy" VALUES (8, 6);
INSERT INTO "TrackElement" ("id") VALUES (9);
INSERT INTO "Segment" ("id", "length") VALUES (9, 90);
UPDATE "TrackElement" SET "region" = 4 WHERE "id" = 9;
INSERT INTO "monitoredBy" VALUES (9, 6);
INSERT INTO "TrackElement" ("id") VALUES (10);
INSERT INTO "Segment" ("id", "length") VALUES (10, 395);
UPDATE "TrackElement" SET "region" = 4 WHERE "id" = 10;
INSERT INTO "monitoredBy" VALUES (10, 6);
INSERT INTO "TrackElement" ("id") VALUES (11);
INSERT INTO "Segment" ("id", "length") VALUES (11, 134);
UPDATE "TrackElement" SET "region" = 4 WHERE "id" = 11;
INSERT INTO "monitoredBy" VALUES (11, 6);
INSERT INTO "Sensor" ("id") VALUES (12);
UPDATE "Sensor" SET "region" = 4 WHERE "id" = 12;
INSERT INTO "monitoredBy" VALUES (5, 12);
INSERT INTO "TrackElement" ("id") VALUES (13);
INSERT INTO "Segment" ("id", "length") VALUES (13, 137);
UPDATE "TrackElement" SET "region" = 4 WHERE "id" = 13;
INSERT INTO "monitoredBy" VALUES (13, 12);
INSERT INTO "TrackElement" ("id") VALUES (14);
INSERT INTO "Segment" ("id", "length") VALUES (14, 494);
UPDATE "TrackElement" SET "region" = 4 WHERE "id" = 14;
INSERT INTO "monitoredBy" VALUES (14, 12);
INSERT INTO "TrackElement" ("id") VALUES (15);
INSERT INTO "Segment" ("id", "length") VALUES (15, 979);
UPDATE "TrackElement" SET "region" = 4 WHERE "id" = 15;
INSERT INTO "monitoredBy" VALUES (15, 12);
INSERT INTO "TrackElement" ("id") VALUES (16);
INSERT INTO "Segment" ("id", "length") VALUES (16, 815);
UPDATE "TrackElement" SET "region" = 4 WHERE "id" = 16;
INSERT INTO "monitoredBy" VALUES (16, 12);
INSERT INTO "TrackElement" ("id") VALUES (17);
INSERT INTO "Segment" ("id", "length") VALUES (17, 813);
UPDATE "TrackElement" SET "region" = 4 WHERE "id" = 17;
INSERT INTO "monitoredBy" VALUES (17, 12);
INSERT INTO "Sensor" ("id") VALUES (18);
UPDATE "Sensor" SET "region" = 4 WHERE "id" = 18;
INSERT INTO "monitoredBy" VALUES (5, 18);
UPDATE "Sensor" SET "route" = 3 WHERE "id" = 18;
INSERT INTO "TrackElement" ("id") VALUES (19);
INSERT INTO "Segment" ("id", "length") VALUES (19, 968);
UPDATE "TrackElement" SET "region" = 4 WHERE "id" = 19;
INSERT INTO "monitoredBy" VALUES (19, 18);
INSERT INTO "TrackElement" ("id") VALUES (20);
INSERT INTO "Segment" ("id", "length") VALUES (20, 197);
UPDATE "TrackElement" SET "region" = 4 WHERE "id" = 20;
INSERT INTO "monitoredBy" VALUES (20, 18);
INSERT INTO "TrackElement" ("id") VALUES (21);
INSERT INTO "Segment" ("id", "length") VALUES (21, 324);
UPDATE "TrackElement" SET "region" = 4 WHERE "id" = 21;
INSERT INTO "monitoredBy" VALUES (21, 18);
INSERT INTO "TrackElement" ("id") VALUES (22);
INSERT INTO "Segment" ("id", "length") VALUES (22, 645);
UPDATE "TrackElement" SET "region" = 4 WHERE "id" = 22;
INSERT INTO "monitoredBy" VALUES (22, 18);
INSERT INTO "TrackElement" ("id") VALUES (23);
INSERT INTO "Segment" ("id", "length") VALUES (23, 517);
UPDATE "TrackElement" SET "region" = 4 WHERE "id" = 23;
INSERT INTO "monitoredBy" VALUES (23, 18);
INSERT INTO "Sensor" ("id") VALUES (24);
UPDATE "Sensor" SET "region" = 4 WHERE "id" = 24;
INSERT INTO "monitoredBy" VALUES (5, 24);
UPDATE "Sensor" SET "route" = 3 WHERE "id" = 24;
INSERT INTO "TrackElement" ("id") VALUES (25);
INSERT INTO "Segment" ("id", "length") VALUES (25, 212);
UPDATE "TrackElement" SET "region" = 4 WHERE "id" = 25;
INSERT INTO "monitoredBy" VALUES (25, 24);
INSERT INTO "TrackElement" ("id") VALUES (26);
INSERT INTO "Segment" ("id", "length") VALUES (26, 994);
UPDATE "TrackElement" SET "region" = 4 WHERE "id" = 26;
INSERT INTO "monitoredBy" VALUES (26, 24);
INSERT INTO "TrackElement" ("id") VALUES (27);
INSERT INTO "Segment" ("id", "length") VALUES (27, 472);
UPDATE "TrackElement" SET "region" = 4 WHERE "id" = 27;
INSERT INTO "monitoredBy" VALUES (27, 24);
INSERT INTO "TrackElement" ("id") VALUES (28);
INSERT INTO "Segment" ("id", "length") VALUES (28, 679);
UPDATE "TrackElement" SET "region" = 4 WHERE "id" = 28;
INSERT INTO "monitoredBy" VALUES (28, 24);
INSERT INTO "TrackElement" ("id") VALUES (29);
INSERT INTO "Segment" ("id", "length") VALUES (29, 745);
UPDATE "TrackElement" SET "region" = 4 WHERE "id" = 29;
INSERT INTO "monitoredBy" VALUES (29, 24);
INSERT INTO "Sensor" ("id") VALUES (30);
UPDATE "Sensor" SET "region" = 4 WHERE "id" = 30;
INSERT INTO "monitoredBy" VALUES (5, 30);
UPDATE "Sensor" SET "route" = 3 WHERE "id" = 30;
INSERT INTO "TrackElement" ("id") VALUES (31);
INSERT INTO "Segment" ("id", "length") VALUES (31, 542);
UPDATE "TrackElement" SET "region" = 4 WHERE "id" = 31;
INSERT INTO "monitoredBy" VALUES (31, 30);
INSERT INTO "TrackElement" ("id") VALUES (32);
INSERT INTO "Segment" ("id", "length") VALUES (32, 655);
UPDATE "TrackElement" SET "region" = 4 WHERE "id" = 32;
INSERT INTO "monitoredBy" VALUES (32, 30);
INSERT INTO "TrackElement" ("id") VALUES (33);
INSERT INTO "Segment" ("id", "length") VALUES (33, 988);
UPDATE "TrackElement" SET "region" = 4 WHERE "id" = 33;
INSERT INTO "monitoredBy" VALUES (33, 30);
INSERT INTO "TrackElement" ("id") VALUES (34);
INSERT INTO "Segment" ("id", "length") VALUES (34, 483);
UPDATE "TrackElement" SET "region" = 4 WHERE "id" = 34;
INSERT INTO "monitoredBy" VALUES (34, 30);
INSERT INTO "TrackElement" ("id") VALUES (35);
INSERT INTO "Segment" ("id", "length") VALUES (35, 636);
UPDATE "TrackElement" SET "region" = 4 WHERE "id" = 35;
INSERT INTO "monitoredBy" VALUES (35, 30);
INSERT INTO "Sensor" ("id") VALUES (36);
UPDATE "Sensor" SET "region" = 4 WHERE "id" = 36;
INSERT INTO "monitoredBy" VALUES (5, 36);
UPDATE "Sensor" SET "route" = 3 WHERE "id" = 36;
INSERT INTO "TrackElement" ("id") VALUES (37);
INSERT INTO "Segment" ("id", "length") VALUES (37, 429);
UPDATE "TrackElement" SET "region" = 4 WHERE "id" = 37;
INSERT INTO "monitoredBy" VALUES (37, 36);
INSERT INTO "TrackElement" ("id") VALUES (38);
INSERT INTO "Segment" ("id", "length") VALUES (38, 892);
UPDATE "TrackElement" SET "region" = 4 WHERE "id" = 38;
INSERT INTO "monitoredBy" VALUES (38, 36);
INSERT INTO "TrackElement" ("id") VALUES (39);
INSERT INTO "Segment" ("id", "length") VALUES (39, 149);
UPDATE "TrackElement" SET "region" = 4 WHERE "id" = 39;
INSERT INTO "monitoredBy" VALUES (39, 36);
INSERT INTO "TrackElement" ("id") VALUES (40);
INSERT INTO "Segment" ("id", "length") VALUES (40, 209);
UPDATE "TrackElement" SET "region" = 4 WHERE "id" = 40;
INSERT INTO "monitoredBy" VALUES (40, 36);
INSERT INTO "TrackElement" ("id") VALUES (41);
INSERT INTO "Segment" ("id", "length") VALUES (41, 721);
UPDATE "TrackElement" SET "region" = 4 WHERE "id" = 41;
INSERT INTO "monitoredBy" VALUES (41, 36);
INSERT INTO "Sensor" ("id") VALUES (42);
UPDATE "Sensor" SET "region" = 4 WHERE "id" = 42;
INSERT INTO "monitoredBy" VALUES (5, 42);
UPDATE "Sensor" SET "route" = 3 WHERE "id" = 42;
INSERT INTO "TrackElement" ("id") VALUES (43);
INSERT INTO "Segment" ("id", "length") VALUES (43, 853);
UPDATE "TrackElement" SET "region" = 4 WHERE "id" = 43;
INSERT INTO "monitoredBy" VALUES (43, 42);
INSERT INTO "TrackElement" ("id") VALUES (44);
INSERT INTO "Segment" ("id", "length") VALUES (44, 560);
UPDATE "TrackElement" SET "region" = 4 WHERE "id" = 44;
INSERT INTO "monitoredBy" VALUES (44, 42);
INSERT INTO "TrackElement" ("id") VALUES (45);
INSERT INTO "Segment" ("id", "length") VALUES (45, 190);
UPDATE "TrackElement" SET "region" = 4 WHERE "id" = 45;
INSERT INTO "monitoredBy" VALUES (45, 42);
INSERT INTO "TrackElement" ("id") VALUES (46);
INSERT INTO "Segment" ("id", "length") VALUES (46, 764);
UPDATE "TrackElement" SET "region" = 4 WHERE "id" = 46;
INSERT INTO "monitoredBy" VALUES (46, 42);
INSERT INTO "TrackElement" ("id") VALUES (47);
INSERT INTO "Segment" ("id", "length") VALUES (47, 872);
UPDATE "TrackElement" SET "region" = 4 WHERE "id" = 47;
INSERT INTO "monitoredBy" VALUES (47, 42);
UPDATE "Switch" SET "currentPosition" = 2 WHERE "id" = 5;
INSERT INTO "SwitchPosition" ("id", "position", "target") VALUES (48, 2, 5);
UPDATE "SwitchPosition" SET "route" = 3 WHERE "id" = 48;
INSERT INTO "connectsTo" VALUES (5, 7);
INSERT INTO "connectsTo" VALUES (7, 8);
INSERT INTO "connectsTo" VALUES (8, 9);
INSERT INTO "connectsTo" VALUES (9, 10);
INSERT INTO "connectsTo" VALUES (10, 11);
INSERT INTO "connectsTo" VALUES (11, 13);
INSERT INTO "connectsTo" VALUES (13, 14);
INSERT INTO "connectsTo" VALUES (14, 15);
INSERT INTO "connectsTo" VALUES (15, 16);
INSERT INTO "connectsTo" VALUES (16, 17);
INSERT INTO "connectsTo" VALUES (17, 19);
INSERT INTO "connectsTo" VALUES (19, 20);
INSERT INTO "connectsTo" VALUES (20, 21);
INSERT INTO "connectsTo" VALUES (21, 22);
INSERT INTO "connectsTo" VALUES (22, 23);
INSERT INTO "connectsTo" VALUES (23, 25);
INSERT INTO "connectsTo" VALUES (25, 26);
INSERT INTO "connectsTo" VALUES (26, 27);
INSERT INTO "connectsTo" VALUES (27, 28);
INSERT INTO "connectsTo" VALUES (28, 29);
INSERT INTO "connectsTo" VALUES (29, 31);
INSERT INTO "connectsTo" VALUES (31, 32);
INSERT INTO "connectsTo" VALUES (32, 33);
INSERT INTO "connectsTo" VALUES (33, 34);
INSERT INTO "connectsTo" VALUES (34, 35);
INSERT INTO "connectsTo" VALUES (35, 37);
INSERT INTO "connectsTo" VALUES (37, 38);
INSERT INTO "connectsTo" VALUES (38, 39);
INSERT INTO "connectsTo" VALUES (39, 40);
INSERT INTO "connectsTo" VALUES (40, 41);
INSERT INTO "connectsTo" VALUES (41, 43);
INSERT INTO "connectsTo" VALUES (43, 44);
INSERT INTO "connectsTo" VALUES (44, 45);
INSERT INTO "connectsTo" VALUES (45, 46);
INSERT INTO "connectsTo" VALUES (46, 47);
INSERT INTO "Semaphore" ("id", "signal") VALUES (49, 2);
INSERT INTO "Route" ("id", "active", "entry", "exit") VALUES (50, 1, 2, 49);
INSERT INTO "Region" ("id") VALUES (51);
INSERT INTO "TrackElement" ("id") VALUES (52);
INSERT INTO "Switch" ("id") VALUES (52);
UPDATE "TrackElement" SET "region" = 51 WHERE "id" = 52;
INSERT INTO "Sensor" ("id") VALUES (53);
UPDATE "Sensor" SET "region" = 51 WHERE "id" = 53;
INSERT INTO "monitoredBy" VALUES (52, 53);
UPDATE "Sensor" SET "route" = 50 WHERE "id" = 53;
INSERT INTO "TrackElement" ("id") VALUES (54);
INSERT INTO "Segment" ("id", "length") VALUES (54, 232);
UPDATE "TrackElement" SET "region" = 51 WHERE "id" = 54;
INSERT INTO "monitoredBy" VALUES (54, 53);
UPDATE "Semaphore" SET "segment" = 54 WHERE "id" = 49;
INSERT INTO "TrackElement" ("id") VALUES (55);
INSERT INTO "Segment" ("id", "length") VALUES (55, 901);
UPDATE "TrackElement" SET "region" = 51 WHERE "id" = 55;
INSERT INTO "monitoredBy" VALUES (55, 53);
INSERT INTO "TrackElement" ("id") VALUES (56);
INSERT INTO "Segment" ("id", "length") VALUES (56, 530);
UPDATE "TrackElement" SET "region" = 51 WHERE "id" = 56;
INSERT INTO "monitoredBy" VALUES (56, 53);
INSERT INTO "TrackElement" ("id") VALUES (57);
INSERT INTO "Segment" ("id", "length") VALUES (57, 494);
UPDATE "TrackElement" SET "region" = 51 WHERE "id" = 57;
INSERT INTO "monitoredBy" VALUES (57, 53);
INSERT INTO "TrackElement" ("id") VALUES (58);
INSERT INTO "Segment" ("id", "length") VALUES (58, 273);
UPDATE "TrackElement" SET "region" = 51 WHERE "id" = 58;
INSERT INTO "monitoredBy" VALUES (58, 53);
INSERT INTO "Sensor" ("id") VALUES (59);
UPDATE "Sensor" SET "region" = 51 WHERE "id" = 59;
INSERT INTO "monitoredBy" VALUES (52, 59);
UPDATE "Sensor" SET "route" = 50 WHERE "id" = 59;
INSERT INTO "TrackElement" ("id") VALUES (60);
INSERT INTO "Segment" ("id", "length") VALUES (60, 975);
UPDATE "TrackElement" SET "region" = 51 WHERE "id" = 60;
INSERT INTO "monitoredBy" VALUES (60, 59);
INSERT INTO "TrackElement" ("id") VALUES (61);
INSERT INTO "Segment" ("id", "length") VALUES (61, 386);
UPDATE "TrackElement" SET "region" = 51 WHERE "id" = 61;
INSERT INTO "monitoredBy" VALUES (61, 59);
INSERT INTO "TrackElement" ("id") VALUES (62);
INSERT INTO "Segment" ("id", "length") VALUES (62, 220);
UPDATE "TrackElement" SET "region" = 51 WHERE "id" = 62;
INSERT INTO "monitoredBy" VALUES (62, 59);
INSERT INTO "TrackElement" ("id") VALUES (63);
INSERT INTO "Segment" ("id", "length") VALUES (63, 929);
UPDATE "TrackElement" SET "region" = 51 WHERE "id" = 63;
INSERT INTO "monitoredBy" VALUES (63, 59);
INSERT INTO "TrackElement" ("id") VALUES (64);
INSERT INTO "Segment" ("id", "length") VALUES (64, 152);
UPDATE "TrackElement" SET "region" = 51 WHERE "id" = 64;
INSERT INTO "monitoredBy" VALUES (64, 59);
INSERT INTO "Sensor" ("id") VALUES (65);
UPDATE "Sensor" SET "region" = 51 WHERE "id" = 65;
INSERT INTO "monitoredBy" VALUES (52, 65);
UPDATE "Sensor" SET "route" = 50 WHERE "id" = 65;
INSERT INTO "TrackElement" ("id") VALUES (66);
INSERT INTO "Segment" ("id", "length") VALUES (66, 246);
UPDATE "TrackElement" SET "region" = 51 WHERE "id" = 66;
INSERT INTO "monitoredBy" VALUES (66, 65);
INSERT INTO "TrackElement" ("id") VALUES (67);
INSERT INTO "Segment" ("id", "length") VALUES (67, 246);
UPDATE "TrackElement" SET "region" = 51 WHERE "id" = 67;
INSERT INTO "monitoredBy" VALUES (67, 65);
INSERT INTO "TrackElement" ("id") VALUES (68);
INSERT INTO "Segment" ("id", "length") VALUES (68, 437);
UPDATE "TrackElement" SET "region" = 51 WHERE "id" = 68;
INSERT INTO "monitoredBy" VALUES (68, 65);
INSERT INTO "TrackElement" ("id") VALUES (69);
INSERT INTO "Segment" ("id", "length") VALUES (69, 375);
UPDATE "TrackElement" SET "region" = 51 WHERE "id" = 69;
INSERT INTO "monitoredBy" VALUES (69, 65);
INSERT INTO "TrackElement" ("id") VALUES (70);
INSERT INTO "Segment" ("id", "length") VALUES (70, 942);
UPDATE "TrackElement" SET "region" = 51 WHERE "id" = 70;
INSERT INTO "monitoredBy" VALUES (70, 65);
INSERT INTO "Sensor" ("id") VALUES (71);
UPDATE "Sensor" SET "region" = 51 WHERE "id" = 71;
INSERT INTO "monitoredBy" VALUES (52, 71);
UPDATE "Sensor" SET "route" = 50 WHERE "id" = 71;
INSERT INTO "TrackElement" ("id") VALUES (72);
INSERT INTO "Segment" ("id", "length") VALUES (72, 301);
UPDATE "TrackElement" SET "region" = 51 WHERE "id" = 72;
INSERT INTO "monitoredBy" VALUES (72, 71);
INSERT INTO "TrackElement" ("id") VALUES (73);
INSERT INTO "Segment" ("id", "length") VALUES (73, 437);
UPDATE "TrackElement" SET "region" = 51 WHERE "id" = 73;
INSERT INTO "monitoredBy" VALUES (73, 71);
INSERT INTO "TrackElement" ("id") VALUES (74);
INSERT INTO "Segment" ("id", "length") VALUES (74, 511);
UPDATE "TrackElement" SET "region" = 51 WHERE "id" = 74;
INSERT INTO "monitoredBy" VALUES (74, 71);
INSERT INTO "TrackElement" ("id") VALUES (75);
INSERT INTO "Segment" ("id", "length") VALUES (75, 625);
UPDATE "TrackElement" SET "region" = 51 WHERE "id" = 75;
INSERT INTO "monitoredBy" VALUES (75, 71);
INSERT INTO "TrackElement" ("id") VALUES (76);
INSERT INTO "Segment" ("id", "length") VALUES (76, 111);
UPDATE "TrackElement" SET "region" = 51 WHERE "id" = 76;
INSERT INTO "monitoredBy" VALUES (76, 71);
INSERT INTO "Sensor" ("id") VALUES (77);
UPDATE "Sensor" SET "region" = 51 WHERE "id" = 77;
INSERT INTO "monitoredBy" VALUES (52, 77);
UPDATE "Sensor" SET "route" = 50 WHERE "id" = 77;
INSERT INTO "TrackElement" ("id") VALUES (78);
INSERT INTO "Segment" ("id", "length") VALUES (78, 227);
UPDATE "TrackElement" SET "region" = 51 WHERE "id" = 78;
INSERT INTO "monitoredBy" VALUES (78, 77);
INSERT INTO "TrackElement" ("id") VALUES (79);
INSERT INTO "Segment" ("id", "length") VALUES (79, 145);
UPDATE "TrackElement" SET "region" = 51 WHERE "id" = 79;
INSERT INTO "monitoredBy" VALUES (79, 77);
INSERT INTO "TrackElement" ("id") VALUES (80);
INSERT INTO "Segment" ("id", "length") VALUES (80, 789);
UPDATE "TrackElement" SET "region" = 51 WHERE "id" = 80;
INSERT INTO "monitoredBy" VALUES (80, 77);
INSERT INTO "TrackElement" ("id") VALUES (81);
INSERT INTO "Segment" ("id", "length") VALUES (81, 456);
UPDATE "TrackElement" SET "region" = 51 WHERE "id" = 81;
INSERT INTO "monitoredBy" VALUES (81, 77);
INSERT INTO "TrackElement" ("id") VALUES (82);
INSERT INTO "Segment" ("id", "length") VALUES (82, 434);
UPDATE "TrackElement" SET "region" = 51 WHERE "id" = 82;
INSERT INTO "monitoredBy" VALUES (82, 77);
INSERT INTO "Sensor" ("id") VALUES (83);
UPDATE "Sensor" SET "region" = 51 WHERE "id" = 83;
INSERT INTO "monitoredBy" VALUES (52, 83);
UPDATE "Sensor" SET "route" = 50 WHERE "id" = 83;
INSERT INTO "TrackElement" ("id") VALUES (84);
INSERT INTO "Segment" ("id", "length") VALUES (84, -822);
UPDATE "TrackElement" SET "region" = 51 WHERE "id" = 84;
INSERT INTO "monitoredBy" VALUES (84, 83);
INSERT INTO "TrackElement" ("id") VALUES (85);
INSERT INTO "Segment" ("id", "length") VALUES (85, 395);
UPDATE "TrackElement" SET "region" = 51 WHERE "id" = 85;
INSERT INTO "monitoredBy" VALUES (85, 83);
INSERT INTO "TrackElement" ("id") VALUES (86);
INSERT INTO "Segment" ("id", "length") VALUES (86, 608);
UPDATE "TrackElement" SET "region" = 51 WHERE "id" = 86;
INSERT INTO "monitoredBy" VALUES (86, 83);
INSERT INTO "TrackElement" ("id") VALUES (87);
INSERT INTO "Segment" ("id", "length") VALUES (87, 829);
UPDATE "TrackElement" SET "region" = 51 WHERE "id" = 87;
INSERT INTO "monitoredBy" VALUES (87, 83);
INSERT INTO "TrackElement" ("id") VALUES (88);
INSERT INTO "Segment" ("id", "length") VALUES (88, 619);
UPDATE "TrackElement" SET "region" = 51 WHERE "id" = 88;
INSERT INTO "monitoredBy" VALUES (88, 83);
INSERT INTO "Sensor" ("id") VALUES (89);
UPDATE "Sensor" SET "region" = 51 WHERE "id" = 89;
INSERT INTO "monitoredBy" VALUES (52, 89);
UPDATE "Sensor" SET "route" = 50 WHERE "id" = 89;
INSERT INTO "TrackElement" ("id") VALUES (90);
INSERT INTO "Segment" ("id", "length") VALUES (90, 921);
UPDATE "TrackElement" SET "region" = 51 WHERE "id" = 90;
INSERT INTO "monitoredBy" VALUES (90, 89);
INSERT INTO "TrackElement" ("id") VALUES (91);
INSERT INTO "Segment" ("id", "length") VALUES (91, 329);
UPDATE "TrackElement" SET "region" = 51 WHERE "id" = 91;
INSERT INTO "monitoredBy" VALUES (91, 89);
INSERT INTO "TrackElement" ("id") VALUES (92);
INSERT INTO "Segment" ("id", "length") VALUES (92, 703);
UPDATE "TrackElement" SET "region" = 51 WHERE "id" = 92;
INSERT INTO "monitoredBy" VALUES (92, 89);
INSERT INTO "TrackElement" ("id") VALUES (93);
INSERT INTO "Segment" ("id", "length") VALUES (93, 763);
UPDATE "TrackElement" SET "region" = 51 WHERE "id" = 93;
INSERT INTO "monitoredBy" VALUES (93, 89);
INSERT INTO "TrackElement" ("id") VALUES (94);
INSERT INTO "Segment" ("id", "length") VALUES (94, 890);
UPDATE "TrackElement" SET "region" = 51 WHERE "id" = 94;
INSERT INTO "monitoredBy" VALUES (94, 89);
INSERT INTO "Sensor" ("id") VALUES (95);
UPDATE "Sensor" SET "region" = 51 WHERE "id" = 95;
INSERT INTO "monitoredBy" VALUES (52, 95);
UPDATE "Sensor" SET "route" = 50 WHERE "id" = 95;
INSERT INTO "TrackElement" ("id") VALUES (96);
INSERT INTO "Segment" ("id", "length") VALUES (96, 257);
UPDATE "TrackElement" SET "region" = 51 WHERE "id" = 96;
INSERT INTO "monitoredBy" VALUES (96, 95);
INSERT INTO "TrackElement" ("id") VALUES (97);
INSERT INTO "Segment" ("id", "length") VALUES (97, 488);
UPDATE "TrackElement" SET "region" = 51 WHERE "id" = 97;
INSERT INTO "monitoredBy" VALUES (97, 95);
INSERT INTO "TrackElement" ("id") VALUES (98);
INSERT INTO "Segment" ("id", "length") VALUES (98, 366);
UPDATE "TrackElement" SET "region" = 51 WHERE "id" = 98;
INSERT INTO "monitoredBy" VALUES (98, 95);
INSERT INTO "TrackElement" ("id") VALUES (99);
INSERT INTO "Segment" ("id", "length") VALUES (99, 638);
UPDATE "TrackElement" SET "region" = 51 WHERE "id" = 99;
INSERT INTO "monitoredBy" VALUES (99, 95);
INSERT INTO "TrackElement" ("id") VALUES (100);
INSERT INTO "Segment" ("id", "length") VALUES (100, 102);
UPDATE "TrackElement" SET "region" = 51 WHERE "id" = 100;
INSERT INTO "monitoredBy" VALUES (100, 95);
UPDATE "Switch" SET "currentPosition" = 1 WHERE "id" = 52;
INSERT INTO "SwitchPosition" ("id", "position", "target") VALUES (101, 1, 52);
UPDATE "SwitchPosition" SET "route" = 50 WHERE "id" = 101;
INSERT INTO "TrackElement" ("id") VALUES (102);
INSERT INTO "Switch" ("id") VALUES (102);
UPDATE "TrackElement" SET "region" = 51 WHERE "id" = 102;
INSERT INTO "Sensor" ("id") VALUES (103);
UPDATE "Sensor" SET "region" = 51 WHERE "id" = 103;
INSERT INTO "monitoredBy" VALUES (102, 103);
UPDATE "Sensor" SET "route" = 50 WHERE "id" = 103;
INSERT INTO "TrackElement" ("id") VALUES (104);
INSERT INTO "Segment" ("id", "length") VALUES (104, 386);
UPDATE "TrackElement" SET "region" = 51 WHERE "id" = 104;
INSERT INTO "monitoredBy" VALUES (104, 103);
INSERT INTO "TrackElement" ("id") VALUES (105);
INSERT INTO "Segment" ("id", "length") VALUES (105, 462);
UPDATE "TrackElement" SET "region" = 51 WHERE "id" = 105;
INSERT INTO "monitoredBy" VALUES (105, 103);
INSERT INTO "TrackElement" ("id") VALUES (106);
INSERT INTO "Segment" ("id", "length") VALUES (106, 657);
UPDATE "TrackElement" SET "region" = 51 WHERE "id" = 106;
INSERT INTO "monitoredBy" VALUES (106, 103);
INSERT INTO "TrackElement" ("id") VALUES (107);
INSERT INTO "Segment" ("id", "length") VALUES (107, 931);
UPDATE "TrackElement" SET "region" = 51 WHERE "id" = 107;
INSERT INTO "monitoredBy" VALUES (107, 103);
INSERT INTO "TrackElement" ("id") VALUES (108);
INSERT INTO "Segment" ("id", "length") VALUES (108, 119);
UPDATE "TrackElement" SET "region" = 51 WHERE "id" = 108;
INSERT INTO "monitoredBy" VALUES (108, 103);
INSERT INTO "Sensor" ("id") VALUES (109);
UPDATE "Sensor" SET "region" = 51 WHERE "id" = 109;
INSERT INTO "monitoredBy" VALUES (102, 109);
UPDATE "Sensor" SET "route" = 50 WHERE "id" = 109;
INSERT INTO "TrackElement" ("id") VALUES (110);
INSERT INTO "Segment" ("id", "length") VALUES (110, 392);
UPDATE "TrackElement" SET "region" = 51 WHERE "id" = 110;
INSERT INTO "monitoredBy" VALUES (110, 109);
INSERT INTO "TrackElement" ("id") VALUES (111);
INSERT INTO "Segment" ("id", "length") VALUES (111, 782);
UPDATE "TrackElement" SET "region" = 51 WHERE "id" = 111;
INSERT INTO "monitoredBy" VALUES (111, 109);
INSERT INTO "TrackElement" ("id") VALUES (112);
INSERT INTO "Segment" ("id", "length") VALUES (112, 212);
UPDATE "TrackElement" SET "region" = 51 WHERE "id" = 112;
INSERT INTO "monitoredBy" VALUES (112, 109);
INSERT INTO "TrackElement" ("id") VALUES (113);
INSERT INTO "Segment" ("id", "length") VALUES (113, 907);
UPDATE "TrackElement" SET "region" = 51 WHERE "id" = 113;
INSERT INTO "monitoredBy" VALUES (113, 109);
INSERT INTO "TrackElement" ("id") VALUES (114);
INSERT INTO "Segment" ("id", "length") VALUES (114, 118);
UPDATE "TrackElement" SET "region" = 51 WHERE "id" = 114;
INSERT INTO "monitoredBy" VALUES (114, 109);
INSERT INTO "Sensor" ("id") VALUES (115);
UPDATE "Sensor" SET "region" = 51 WHERE "id" = 115;
INSERT INTO "monitoredBy" VALUES (102, 115);
UPDATE "Sensor" SET "route" = 50 WHERE "id" = 115;
INSERT INTO "TrackElement" ("id") VALUES (116);
INSERT INTO "Segment" ("id", "length") VALUES (116, 186);
UPDATE "TrackElement" SET "region" = 51 WHERE "id" = 116;
INSERT INTO "monitoredBy" VALUES (116, 115);
INSERT INTO "TrackElement" ("id") VALUES (117);
INSERT INTO "Segment" ("id", "length") VALUES (117, 324);
UPDATE "TrackElement" SET "region" = 51 WHERE "id" = 117;
INSERT INTO "monitoredBy" VALUES (117, 115);
INSERT INTO "TrackElement" ("id") VALUES (118);
INSERT INTO "Segment" ("id", "length") VALUES (118, 881);
UPDATE "TrackElement" SET "region" = 51 WHERE "id" = 118;
INSERT INTO "monitoredBy" VALUES (118, 115);
INSERT INTO "TrackElement" ("id") VALUES (119);
INSERT INTO "Segment" ("id", "length") VALUES (119, 740);
UPDATE "TrackElement" SET "region" = 51 WHERE "id" = 119;
INSERT INTO "monitoredBy" VALUES (119, 115);
INSERT INTO "TrackElement" ("id") VALUES (120);
INSERT INTO "Segment" ("id", "length") VALUES (120, 897);
UPDATE "TrackElement" SET "region" = 51 WHERE "id" = 120;
INSERT INTO "monitoredBy" VALUES (120, 115);
INSERT INTO "Sensor" ("id") VALUES (121);
UPDATE "Sensor" SET "region" = 51 WHERE "id" = 121;
INSERT INTO "monitoredBy" VALUES (102, 121);
UPDATE "Sensor" SET "route" = 50 WHERE "id" = 121;
INSERT INTO "TrackElement" ("id") VALUES (122);
INSERT INTO "Segment" ("id", "length") VALUES (122, 250);
UPDATE "TrackElement" SET "region" = 51 WHERE "id" = 122;
INSERT INTO "monitoredBy" VALUES (122, 121);
INSERT INTO "TrackElement" ("id") VALUES (123);
INSERT INTO "Segment" ("id", "length") VALUES (123, 579);
UPDATE "TrackElement" SET "region" = 51 WHERE "id" = 123;
INSERT INTO "monitoredBy" VALUES (123, 121);
INSERT INTO "TrackElement" ("id") VALUES (124);
INSERT INTO "Segment" ("id", "length") VALUES (124, 39);
UPDATE "TrackElement" SET "region" = 51 WHERE "id" = 124;
INSERT INTO "monitoredBy" VALUES (124, 121);
INSERT INTO "TrackElement" ("id") VALUES (125);
INSERT INTO "Segment" ("id", "length") VALUES (125, 91);
UPDATE "TrackElement" SET "region" = 51 WHERE "id" = 125;
INSERT INTO "monitoredBy" VALUES (125, 121);
INSERT INTO "TrackElement" ("id") VALUES (126);
INSERT INTO "Segment" ("id", "length") VALUES (126, 963);
UPDATE "TrackElement" SET "region" = 51 WHERE "id" = 126;
INSERT INTO "monitoredBy" VALUES (126, 121);
INSERT INTO "Sensor" ("id") VALUES (127);
UPDATE "Sensor" SET "region" = 51 WHERE "id" = 127;
INSERT INTO "TrackElement" ("id") VALUES (128);
INSERT INTO "Segment" ("id", "length") VALUES (128, 402);
UPDATE "TrackElement" SET "region" = 51 WHERE "id" = 128;
INSERT INTO "monitoredBy" VALUES (128, 127);
INSERT INTO "TrackElement" ("id") VALUES (129);
INSERT INTO "Segment" ("id", "length") VALUES (129, 337);
UPDATE "TrackElement" SET "region" = 51 WHERE "id" = 129;
INSERT INTO "monitoredBy" VALUES (129, 127);
INSERT INTO "TrackElement" ("id") VALUES (130);
INSERT INTO "Segment" ("id", "length") VALUES (130, 59);
UPDATE "TrackElement" SET "region" = 51 WHERE "id" = 130;
INSERT INTO "monitoredBy" VALUES (130, 127);
INSERT INTO "TrackElement" ("id") VALUES (131);
INSERT INTO "Segment" ("id", "length") VALUES (131, 686);
UPDATE "TrackElement" SET "region" = 51 WHERE "id" = 131;
INSERT INTO "monitoredBy" VALUES (131, 127);
INSERT INTO "TrackElement" ("id") VALUES (132);
INSERT INTO "Segment" ("id", "length") VALUES (132, 212);
UPDATE "TrackElement" SET "region" = 51 WHERE "id" = 132;
INSERT INTO "monitoredBy" VALUES (132, 127);
INSERT INTO "Sensor" ("id") VALUES (133);
UPDATE "Sensor" SET "region" = 51 WHERE "id" = 133;
INSERT INTO "monitoredBy" VALUES (102, 133);
UPDATE "Sensor" SET "route" = 50 WHERE "id" = 133;
INSERT INTO "TrackElement" ("id") VALUES (134);
INSERT INTO "Segment" ("id", "length") VALUES (134, 191);
UPDATE "TrackElement" SET "region" = 51 WHERE "id" = 134;
INSERT INTO "monitoredBy" VALUES (134, 133);
INSERT INTO "TrackElement" ("id") VALUES (135);
INSERT INTO "Segment" ("id", "length") VALUES (135, 610);
UPDATE "TrackElement" SET "region" = 51 WHERE "id" = 135;
INSERT INTO "monitoredBy" VALUES (135, 133);
INSERT INTO "TrackElement" ("id") VALUES (136);
INSERT INTO "Segment" ("id", "length") VALUES (136, 374);
UPDATE "TrackElement" SET "region" = 51 WHERE "id" = 136;
INSERT INTO "monitoredBy" VALUES (136, 133);
INSERT INTO "TrackElement" ("id") VALUES (137);
INSERT INTO "Segment" ("id", "length") VALUES (137, 792);
UPDATE "TrackElement" SET "region" = 51 WHERE "id" = 137;
INSERT INTO "monitoredBy" VALUES (137, 133);
INSERT INTO "TrackElement" ("id") VALUES (138);
INSERT INTO "Segment" ("id", "length") VALUES (138, 100);
UPDATE "TrackElement" SET "region" = 51 WHERE "id" = 138;
INSERT INTO "monitoredBy" VALUES (138, 133);
INSERT INTO "Sensor" ("id") VALUES (139);
UPDATE "Sensor" SET "region" = 51 WHERE "id" = 139;
INSERT INTO "monitoredBy" VALUES (102, 139);
UPDATE "Sensor" SET "route" = 50 WHERE "id" = 139;
INSERT INTO "TrackElement" ("id") VALUES (140);
INSERT INTO "Segment" ("id", "length") VALUES (140, 11);
UPDATE "TrackElement" SET "region" = 51 WHERE "id" = 140;
INSERT INTO "monitoredBy" VALUES (140, 139);
INSERT INTO "TrackElement" ("id") VALUES (141);
INSERT INTO "Segment" ("id", "length") VALUES (141, 14);
UPDATE "TrackElement" SET "region" = 51 WHERE "id" = 141;
INSERT INTO "monitoredBy" VALUES (141, 139);
INSERT INTO "TrackElement" ("id") VALUES (142);
INSERT INTO "Segment" ("id", "length") VALUES (142, 232);
UPDATE "TrackElement" SET "region" = 51 WHERE "id" = 142;
INSERT INTO "monitoredBy" VALUES (142, 139);
INSERT INTO "TrackElement" ("id") VALUES (143);
INSERT INTO "Segment" ("id", "length") VALUES (143, 605);
UPDATE "TrackElement" SET "region" = 51 WHERE "id" = 143;
INSERT INTO "monitoredBy" VALUES (143, 139);
INSERT INTO "TrackElement" ("id") VALUES (144);
INSERT INTO "Segment" ("id", "length") VALUES (144, 799);
UPDATE "TrackElement" SET "region" = 51 WHERE "id" = 144;
INSERT INTO "monitoredBy" VALUES (144, 139);
INSERT INTO "Sensor" ("id") VALUES (145);
UPDATE "Sensor" SET "region" = 51 WHERE "id" = 145;
INSERT INTO "monitoredBy" VALUES (102, 145);
UPDATE "Sensor" SET "route" = 50 WHERE "id" = 145;
INSERT INTO "TrackElement" ("id") VALUES (146);
INSERT INTO "Segment" ("id", "length") VALUES (146, 518);
UPDATE "TrackElement" SET "region" = 51 WHERE "id" = 146;
INSERT INTO "monitoredBy" VALUES (146, 145);
INSERT INTO "TrackElement" ("id") VALUES (147);
INSERT INTO "Segment" ("id", "length") VALUES (147, 90);
UPDATE "TrackElement" SET "region" = 51 WHERE "id" = 147;
INSERT INTO "monitoredBy" VALUES (147, 145);
INSERT INTO "TrackElement" ("id") VALUES (148);
INSERT INTO "Segment" ("id", "length") VALUES (148, 52);
UPDATE "TrackElement" SET "region" = 51 WHERE "id" = 148;
INSERT INTO "monitoredBy" VALUES (148, 145);
INSERT INTO "TrackElement" ("id") VALUES (149);
INSERT INTO "Segment" ("id", "length") VALUES (149, 685);
UPDATE "TrackElement" SET "region" = 51 WHERE "id" = 149;
INSERT INTO "monitoredBy" VALUES (149, 145);
INSERT INTO "TrackElement" ("id") VALUES (150);
INSERT INTO "Segment" ("id", "length") VALUES (150, 404);
UPDATE "TrackElement" SET "region" = 51 WHERE "id" = 150;
INSERT INTO "monitoredBy" VALUES (150, 145);
INSERT INTO "Sensor" ("id") VALUES (151);
UPDATE "Sensor" SET "region" = 51 WHERE "id" = 151;
INSERT INTO "monitoredBy" VALUES (102, 151);
UPDATE "Sensor" SET "route" = 50 WHERE "id" = 151;
INSERT INTO "TrackElement" ("id") VALUES (152);
INSERT INTO "Segment" ("id", "length") VALUES (152, 610);
UPDATE "TrackElement" SET "region" = 51 WHERE "id" = 152;
INSERT INTO "monitoredBy" VALUES (152, 151);
INSERT INTO "TrackElement" ("id") VALUES (153);
INSERT INTO "Segment" ("id", "length") VALUES (153, 514);
UPDATE "TrackElement" SET "region" = 51 WHERE "id" = 153;
INSERT INTO "monitoredBy" VALUES (153, 151);
INSERT INTO "TrackElement" ("id") VALUES (154);
INSERT INTO "Segment" ("id", "length") VALUES (154, 883);
UPDATE "TrackElement" SET "region" = 51 WHERE "id" = 154;
INSERT INTO "monitoredBy" VALUES (154, 151);
INSERT INTO "TrackElement" ("id") VALUES (155);
INSERT INTO "Segment" ("id", "length") VALUES (155, 270);
UPDATE "TrackElement" SET "region" = 51 WHERE "id" = 155;
INSERT INTO "monitoredBy" VALUES (155, 151);
INSERT INTO "TrackElement" ("id") VALUES (156);
INSERT INTO "Segment" ("id", "length") VALUES (156, 684);
UPDATE "TrackElement" SET "region" = 51 WHERE "id" = 156;
INSERT INTO "monitoredBy" VALUES (156, 151);
UPDATE "Switch" SET "currentPosition" = 0 WHERE "id" = 102;
INSERT INTO "SwitchPosition" ("id", "position", "target") VALUES (157, 0, 102);
UPDATE "SwitchPosition" SET "route" = 50 WHERE "id" = 157;
INSERT INTO "connectsTo" VALUES (52, 54);
INSERT INTO "connectsTo" VALUES (54, 55);
INSERT INTO "connectsTo" VALUES (55, 56);
INSERT INTO "connectsTo" VALUES (56, 57);
INSERT INTO "connectsTo" VALUES (57, 58);
INSERT INTO "connectsTo" VALUES (58, 60);
INSERT INTO "connectsTo" VALUES (60, 61);
INSERT INTO "connectsTo" VALUES (61, 62);
INSERT INTO "connectsTo" VALUES (62, 63);
INSERT INTO "connectsTo" VALUES (63, 64);
INSERT INTO "connectsTo" VALUES (64, 66);
INSERT INTO "connectsTo" VALUES (66, 67);
INSERT INTO "connectsTo" VALUES (67, 68);
INSERT INTO "connectsTo" VALUES (68, 69);
INSERT INTO "connectsTo" VALUES (69, 70);
INSERT INTO "connectsTo" VALUES (70, 72);
INSERT INTO "connectsTo" VALUES (72, 73);
INSERT INTO "connectsTo" VALUES (73, 74);
INSERT INTO "connectsTo" VALUES (74, 75);
INSERT INTO "connectsTo" VALUES (75, 76);
INSERT INTO "connectsTo" VALUES (76, 78);
INSERT INTO "connectsTo" VALUES (78, 79);
INSERT INTO "connectsTo" VALUES (79, 80);
INSERT INTO "connectsTo" VALUES (80, 81);
INSERT INTO "connectsTo" VALUES (81, 82);
INSERT INTO "connectsTo" VALUES (82, 84);
INSERT INTO "connectsTo" VALUES (84, 85);
INSERT INTO "connectsTo" VALUES (85, 86);
INSERT INTO "connectsTo" VALUES (86, 87);
INSERT INTO "connectsTo" VALUES (87, 88);
INSERT INTO "connectsTo" VALUES (88, 90);
INSERT INTO "connectsTo" VALUES (90, 91);
INSERT INTO "connectsTo" VALUES (91, 92);
INSERT INTO "connectsTo" VALUES (92, 93);
INSERT INTO "connectsTo" VALUES (93, 94);
INSERT INTO "connectsTo" VALUES (94, 96);
INSERT INTO "connectsTo" VALUES (96, 97);
INSERT INTO "connectsTo" VALUES (97, 98);
INSERT INTO "connectsTo" VALUES (98, 99);
INSERT INTO "connectsTo" VALUES (99, 100);
INSERT INTO "connectsTo" VALUES (100, 102);
INSERT INTO "connectsTo" VALUES (102, 104);
INSERT INTO "connectsTo" VALUES (104, 105);
INSERT INTO "connectsTo" VALUES (105, 106);
INSERT INTO "connectsTo" VALUES (106, 107);
INSERT INTO "connectsTo" VALUES (107, 108);
INSERT INTO "connectsTo" VALUES (108, 110);
INSERT INTO "connectsTo" VALUES (110, 111);
INSERT INTO "connectsTo" VALUES (111, 112);
INSERT INTO "connectsTo" VALUES (112, 113);
INSERT INTO "connectsTo" VALUES (113, 114);
INSERT INTO "connectsTo" VALUES (114, 116);
INSERT INTO "connectsTo" VALUES (116, 117);
INSERT INTO "connectsTo" VALUES (117, 118);
INSERT INTO "connectsTo" VALUES (118, 119);
INSERT INTO "connectsTo" VALUES (119, 120);
INSERT INTO "connectsTo" VALUES (120, 122);
INSERT INTO "connectsTo" VALUES (122, 123);
INSERT INTO "connectsTo" VALUES (123, 124);
INSERT INTO "connectsTo" VALUES (124, 125);
INSERT INTO "connectsTo" VALUES (125, 126);
INSERT INTO "connectsTo" VALUES (126, 128);
INSERT INTO "connectsTo" VALUES (128, 129);
INSERT INTO "connectsTo" VALUES (129, 130);
INSERT INTO "connectsTo" VALUES (130, 131);
INSERT INTO "connectsTo" VALUES (131, 132);
INSERT INTO "connectsTo" VALUES (132, 134);
INSERT INTO "connectsTo" VALUES (134, 135);
INSERT INTO "connectsTo" VALUES (135, 136);
INSERT INTO "connectsTo" VALUES (136, 137);
INSERT INTO "connectsTo" VALUES (137, 138);
INSERT INTO "connectsTo" VALUES (138, 140);
INSERT INTO "connectsTo" VALUES (140, 141);
INSERT INTO "connectsTo" VALUES (141, 142);
INSERT INTO "connectsTo" VALUES (142, 143);
INSERT INTO "connectsTo" VALUES (143, 144);
INSERT INTO "connectsTo" VALUES (144, 146);
INSERT INTO "connectsTo" VALUES (146, 147);
INSERT INTO "connectsTo" VALUES (147, 148);
INSERT INTO "connectsTo" VALUES (148, 149);
INSERT INTO "connectsTo" VALUES (149, 150);
INSERT INTO "connectsTo" VALUES (150, 152);
INSERT INTO "connectsTo" VALUES (152, 153);
INSERT INTO "connectsTo" VALUES (153, 154);
INSERT INTO "connectsTo" VALUES (154, 155);
INSERT INTO "connectsTo" VALUES (155, 156);
INSERT INTO "connectsTo" VALUES (47, 52);
INSERT INTO "Semaphore" ("id", "signal") VALUES (158, 2);
INSERT INTO "Route" ("id", "active", "entry", "exit") VALUES (159, 1, 49, 158);
INSERT INTO "Region" ("id") VALUES (160);
INSERT INTO "TrackElement" ("id") VALUES (161);
INSERT INTO "Switch" ("id") VALUES (161);
UPDATE "TrackElement" SET "region" = 160 WHERE "id" = 161;
INSERT INTO "Sensor" ("id") VALUES (162);
UPDATE "Sensor" SET "region" = 160 WHERE "id" = 162;
INSERT INTO "monitoredBy" VALUES (161, 162);
UPDATE "Sensor" SET "route" = 159 WHERE "id" = 162;
INSERT INTO "TrackElement" ("id") VALUES (163);
INSERT INTO "Segment" ("id", "length") VALUES (163, 917);
UPDATE "TrackElement" SET "region" = 160 WHERE "id" = 163;
INSERT INTO "monitoredBy" VALUES (163, 162);
UPDATE "Semaphore" SET "segment" = 163 WHERE "id" = 158;
INSERT INTO "TrackElement" ("id") VALUES (164);
INSERT INTO "Segment" ("id", "length") VALUES (164, 373);
UPDATE "TrackElement" SET "region" = 160 WHERE "id" = 164;
INSERT INTO "monitoredBy" VALUES (164, 162);
INSERT INTO "TrackElement" ("id") VALUES (165);
INSERT INTO "Segment" ("id", "length") VALUES (165, 507);
UPDATE "TrackElement" SET "region" = 160 WHERE "id" = 165;
INSERT INTO "monitoredBy" VALUES (165, 162);
INSERT INTO "TrackElement" ("id") VALUES (166);
INSERT INTO "Segment" ("id", "length") VALUES (166, 348);
UPDATE "TrackElement" SET "region" = 160 WHERE "id" = 166;
INSERT INTO "monitoredBy" VALUES (166, 162);
INSERT INTO "TrackElement" ("id") VALUES (167);
INSERT INTO "Segment" ("id", "length") VALUES (167, 411);
UPDATE "TrackElement" SET "region" = 160 WHERE "id" = 167;
INSERT INTO "monitoredBy" VALUES (167, 162);
INSERT INTO "Sensor" ("id") VALUES (168);
UPDATE "Sensor" SET "region" = 160 WHERE "id" = 168;
INSERT INTO "monitoredBy" VALUES (161, 168);
UPDATE "Sensor" SET "route" = 159 WHERE "id" = 168;
INSERT INTO "TrackElement" ("id") VALUES (169);
INSERT INTO "Segment" ("id", "length") VALUES (169, 75);
UPDATE "TrackElement" SET "region" = 160 WHERE "id" = 169;
INSERT INTO "monitoredBy" VALUES (169, 168);
INSERT INTO "TrackElement" ("id") VALUES (170);
INSERT INTO "Segment" ("id", "length") VALUES (170, 565);
UPDATE "TrackElement" SET "region" = 160 WHERE "id" = 170;
INSERT INTO "monitoredBy" VALUES (170, 168);
INSERT INTO "TrackElement" ("id") VALUES (171);
INSERT INTO "Segment" ("id", "length") VALUES (171, 883);
UPDATE "TrackElement" SET "region" = 160 WHERE "id" = 171;
INSERT INTO "monitoredBy" VALUES (171, 168);
INSERT INTO "TrackElement" ("id") VALUES (172);
INSERT INTO "Segment" ("id", "length") VALUES (172, 415);
UPDATE "TrackElement" SET "region" = 160 WHERE "id" = 172;
INSERT INTO "monitoredBy" VALUES (172, 168);
INSERT INTO "TrackElement" ("id") VALUES (173);
INSERT INTO "Segment" ("id", "length") VALUES (173, 136);
UPDATE "TrackElement" SET "region" = 160 WHERE "id" = 173;
INSERT INTO "monitoredBy" VALUES (173, 168);
INSERT INTO "Sensor" ("id") VALUES (174);
UPDATE "Sensor" SET "region" = 160 WHERE "id" = 174;
INSERT INTO "monitoredBy" VALUES (161, 174);
UPDATE "Sensor" SET "route" = 159 WHERE "id" = 174;
INSERT INTO "TrackElement" ("id") VALUES (175);
INSERT INTO "Segment" ("id", "length") VALUES (175, 857);
UPDATE "TrackElement" SET "region" = 160 WHERE "id" = 175;
INSERT INTO "monitoredBy" VALUES (175, 174);
INSERT INTO "TrackElement" ("id") VALUES (176);
INSERT INTO "Segment" ("id", "length") VALUES (176, 933);
UPDATE "TrackElement" SET "region" = 160 WHERE "id" = 176;
INSERT INTO "monitoredBy" VALUES (176, 174);
INSERT INTO "TrackElement" ("id") VALUES (177);
INSERT INTO "Segment" ("id", "length") VALUES (177, 976);
UPDATE "TrackElement" SET "region" = 160 WHERE "id" = 177;
INSERT INTO "monitoredBy" VALUES (177, 174);
INSERT INTO "TrackElement" ("id") VALUES (178);
INSERT INTO "Segment" ("id", "length") VALUES (178, 644);
UPDATE "TrackElement" SET "region" = 160 WHERE "id" = 178;
INSERT INTO "monitoredBy" VALUES (178, 174);
INSERT INTO "TrackElement" ("id") VALUES (179);
INSERT INTO "Segment" ("id", "length") VALUES (179, 519);
UPDATE "TrackElement" SET "region" = 160 WHERE "id" = 179;
INSERT INTO "monitoredBy" VALUES (179, 174);
UPDATE "Switch" SET "currentPosition" = 1 WHERE "id" = 161;
INSERT INTO "SwitchPosition" ("id", "position", "target") VALUES (180, 1, 161);
UPDATE "SwitchPosition" SET "route" = 159 WHERE "id" = 180;
INSERT INTO "connectsTo" VALUES (161, 163);
INSERT INTO "connectsTo" VALUES (163, 164);
INSERT INTO "connectsTo" VALUES (164, 165);
INSERT INTO "connectsTo" VALUES (165, 166);
INSERT INTO "connectsTo" VALUES (166, 167);
INSERT INTO "connectsTo" VALUES (167, 169);
INSERT INTO "connectsTo" VALUES (169, 170);
INSERT INTO "connectsTo" VALUES (170, 171);
INSERT INTO "connectsTo" VALUES (171, 172);
INSERT INTO "connectsTo" VALUES (172, 173);
INSERT INTO "connectsTo" VALUES (173, 175);
INSERT INTO "connectsTo" VALUES (175, 176);
INSERT INTO "connectsTo" VALUES (176, 177);
INSERT INTO "connectsTo" VALUES (177, 178);
INSERT INTO "connectsTo" VALUES (178, 179);
INSERT INTO "connectsTo" VALUES (156, 161);
INSERT INTO "Semaphore" ("id", "signal") VALUES (181, 2);
INSERT INTO "Route" ("id", "active", "entry", "exit") VALUES (182, 1, NULL, 181);
INSERT INTO "Region" ("id") VALUES (183);
INSERT INTO "TrackElement" ("id") VALUES (184);
INSERT INTO "Switch" ("id") VALUES (184);
UPDATE "TrackElement" SET "region" = 183 WHERE "id" = 184;
INSERT INTO "Sensor" ("id") VALUES (185);
UPDATE "Sensor" SET "region" = 183 WHERE "id" = 185;
INSERT INTO "monitoredBy" VALUES (184, 185);
UPDATE "Sensor" SET "route" = 182 WHERE "id" = 185;
INSERT INTO "TrackElement" ("id") VALUES (186);
INSERT INTO "Segment" ("id", "length") VALUES (186, 905);
UPDATE "TrackElement" SET "region" = 183 WHERE "id" = 186;
INSERT INTO "monitoredBy" VALUES (186, 185);
UPDATE "Semaphore" SET "segment" = 186 WHERE "id" = 181;
INSERT INTO "TrackElement" ("id") VALUES (187);
INSERT INTO "Segment" ("id", "length") VALUES (187, 453);
UPDATE "TrackElement" SET "region" = 183 WHERE "id" = 187;
INSERT INTO "monitoredBy" VALUES (187, 185);
INSERT INTO "TrackElement" ("id") VALUES (188);
INSERT INTO "Segment" ("id", "length") VALUES (188, 322);
UPDATE "TrackElement" SET "region" = 183 WHERE "id" = 188;
INSERT INTO "monitoredBy" VALUES (188, 185);
INSERT INTO "TrackElement" ("id") VALUES (189);
INSERT INTO "Segment" ("id", "length") VALUES (189, 524);
UPDATE "TrackElement" SET "region" = 183 WHERE "id" = 189;
INSERT INTO "monitoredBy" VALUES (189, 185);
INSERT INTO "TrackElement" ("id") VALUES (190);
INSERT INTO "Segment" ("id", "length") VALUES (190, 82);
UPDATE "TrackElement" SET "region" = 183 WHERE "id" = 190;
INSERT INTO "monitoredBy" VALUES (190, 185);
INSERT INTO "Sensor" ("id") VALUES (191);
UPDATE "Sensor" SET "region" = 183 WHERE "id" = 191;
INSERT INTO "monitoredBy" VALUES (184, 191);
UPDATE "Sensor" SET "route" = 182 WHERE "id" = 191;
INSERT INTO "TrackElement" ("id") VALUES (192);
INSERT INTO "Segment" ("id", "length") VALUES (192, 717);
UPDATE "TrackElement" SET "region" = 183 WHERE "id" = 192;
INSERT INTO "monitoredBy" VALUES (192, 191);
INSERT INTO "TrackElement" ("id") VALUES (193);
INSERT INTO "Segment" ("id", "length") VALUES (193, 150);
UPDATE "TrackElement" SET "region" = 183 WHERE "id" = 193;
INSERT INTO "monitoredBy" VALUES (193, 191);
INSERT INTO "TrackElement" ("id") VALUES (194);
INSERT INTO "Segment" ("id", "length") VALUES (194, 159);
UPDATE "TrackElement" SET "region" = 183 WHERE "id" = 194;
INSERT INTO "monitoredBy" VALUES (194, 191);
INSERT INTO "TrackElement" ("id") VALUES (195);
INSERT INTO "Segment" ("id", "length") VALUES (195, 683);
UPDATE "TrackElement" SET "region" = 183 WHERE "id" = 195;
INSERT INTO "monitoredBy" VALUES (195, 191);
INSERT INTO "TrackElement" ("id") VALUES (196);
INSERT INTO "Segment" ("id", "length") VALUES (196, 806);
UPDATE "TrackElement" SET "region" = 183 WHERE "id" = 196;
INSERT INTO "monitoredBy" VALUES (196, 191);
INSERT INTO "Sensor" ("id") VALUES (197);
UPDATE "Sensor" SET "region" = 183 WHERE "id" = 197;
INSERT INTO "monitoredBy" VALUES (184, 197);
INSERT INTO "TrackElement" ("id") VALUES (198);
INSERT INTO "Segment" ("id", "length") VALUES (198, 371);
UPDATE "TrackElement" SET "region" = 183 WHERE "id" = 198;
INSERT INTO "monitoredBy" VALUES (198, 197);
INSERT INTO "TrackElement" ("id") VALUES (199);
INSERT INTO "Segment" ("id", "length") VALUES (199, 227);
UPDATE "TrackElement" SET "region" = 183 WHERE "id" = 199;
INSERT INTO "monitoredBy" VALUES (199, 197);
INSERT INTO "TrackElement" ("id") VALUES (200);
INSERT INTO "Segment" ("id", "length") VALUES (200, 208);
UPDATE "TrackElement" SET "region" = 183 WHERE "id" = 200;
INSERT INTO "monitoredBy" VALUES (200, 197);
INSERT INTO "TrackElement" ("id") VALUES (201);
INSERT INTO "Segment" ("id", "length") VALUES (201, 611);
UPDATE "TrackElement" SET "region" = 183 WHERE "id" = 201;
INSERT INTO "monitoredBy" VALUES (201, 197);
INSERT INTO "TrackElement" ("id") VALUES (202);
INSERT INTO "Segment" ("id", "length") VALUES (202, 605);
UPDATE "TrackElement" SET "region" = 183 WHERE "id" = 202;
INSERT INTO "monitoredBy" VALUES (202, 197);
INSERT INTO "Sensor" ("id") VALUES (203);
UPDATE "Sensor" SET "region" = 183 WHERE "id" = 203;
INSERT INTO "monitoredBy" VALUES (184, 203);
UPDATE "Sensor" SET "route" = 182 WHERE "id" = 203;
INSERT INTO "TrackElement" ("id") VALUES (204);
INSERT INTO "Segment" ("id", "length") VALUES (204, 652);
UPDATE "TrackElement" SET "region" = 183 WHERE "id" = 204;
INSERT INTO "monitoredBy" VALUES (204, 203);
INSERT INTO "TrackElement" ("id") VALUES (205);
INSERT INTO "Segment" ("id", "length") VALUES (205, 27);
UPDATE "TrackElement" SET "region" = 183 WHERE "id" = 205;
INSERT INTO "monitoredBy" VALUES (205, 203);
INSERT INTO "TrackElement" ("id") VALUES (206);
INSERT INTO "Segment" ("id", "length") VALUES (206, 42);
UPDATE "TrackElement" SET "region" = 183 WHERE "id" = 206;
INSERT INTO "monitoredBy" VALUES (206, 203);
INSERT INTO "TrackElement" ("id") VALUES (207);
INSERT INTO "Segment" ("id", "length") VALUES (207, 772);
UPDATE "TrackElement" SET "region" = 183 WHERE "id" = 207;
INSERT INTO "monitoredBy" VALUES (207, 203);
INSERT INTO "TrackElement" ("id") VALUES (208);
INSERT INTO "Segment" ("id", "length") VALUES (208, 817);
UPDATE "TrackElement" SET "region" = 183 WHERE "id" = 208;
INSERT INTO "monitoredBy" VALUES (208, 203);
INSERT INTO "Sensor" ("id") VALUES (209);
UPDATE "Sensor" SET "region" = 183 WHERE "id" = 209;
INSERT INTO "monitoredBy" VALUES (184, 209);
UPDATE "Sensor" SET "route" = 182 WHERE "id" = 209;
INSERT INTO "TrackElement" ("id") VALUES (210);
INSERT INTO "Segment" ("id", "length") VALUES (210, 300);
UPDATE "TrackElement" SET "region" = 183 WHERE "id" = 210;
INSERT INTO "monitoredBy" VALUES (210, 209);
INSERT INTO "TrackElement" ("id") VALUES (211);
INSERT INTO "Segment" ("id", "length") VALUES (211, 51);
UPDATE "TrackElement" SET "region" = 183 WHERE "id" = 211;
INSERT INTO "monitoredBy" VALUES (211, 209);
INSERT INTO "TrackElement" ("id") VALUES (212);
INSERT INTO "Segment" ("id", "length") VALUES (212, 270);
UPDATE "TrackElement" SET "region" = 183 WHERE "id" = 212;
INSERT INTO "monitoredBy" VALUES (212, 209);
INSERT INTO "TrackElement" ("id") VALUES (213);
INSERT INTO "Segment" ("id", "length") VALUES (213, 195);
UPDATE "TrackElement" SET "region" = 183 WHERE "id" = 213;
INSERT INTO "monitoredBy" VALUES (213, 209);
INSERT INTO "TrackElement" ("id") VALUES (214);
INSERT INTO "Segment" ("id", "length") VALUES (214, 899);
UPDATE "TrackElement" SET "region" = 183 WHERE "id" = 214;
INSERT INTO "monitoredBy" VALUES (214, 209);
INSERT INTO "Sensor" ("id") VALUES (215);
UPDATE "Sensor" SET "region" = 183 WHERE "id" = 215;
INSERT INTO "monitoredBy" VALUES (184, 215);
UPDATE "Sensor" SET "route" = 182 WHERE "id" = 215;
INSERT INTO "TrackElement" ("id") VALUES (216);
INSERT INTO "Segment" ("id", "length") VALUES (216, 21);
UPDATE "TrackElement" SET "region" = 183 WHERE "id" = 216;
INSERT INTO "monitoredBy" VALUES (216, 215);
INSERT INTO "TrackElement" ("id") VALUES (217);
INSERT INTO "Segment" ("id", "length") VALUES (217, 820);
UPDATE "TrackElement" SET "region" = 183 WHERE "id" = 217;
INSERT INTO "monitoredBy" VALUES (217, 215);
INSERT INTO "TrackElement" ("id") VALUES (218);
INSERT INTO "Segment" ("id", "length") VALUES (218, 291);
UPDATE "TrackElement" SET "region" = 183 WHERE "id" = 218;
INSERT INTO "monitoredBy" VALUES (218, 215);
INSERT INTO "TrackElement" ("id") VALUES (219);
INSERT INTO "Segment" ("id", "length") VALUES (219, 95);
UPDATE "TrackElement" SET "region" = 183 WHERE "id" = 219;
INSERT INTO "monitoredBy" VALUES (219, 215);
INSERT INTO "TrackElement" ("id") VALUES (220);
INSERT INTO "Segment" ("id", "length") VALUES (220, 522);
UPDATE "TrackElement" SET "region" = 183 WHERE "id" = 220;
INSERT INTO "monitoredBy" VALUES (220, 215);
INSERT INTO "Sensor" ("id") VALUES (221);
UPDATE "Sensor" SET "region" = 183 WHERE "id" = 221;
INSERT INTO "monitoredBy" VALUES (184, 221);
UPDATE "Sensor" SET "route" = 182 WHERE "id" = 221;
INSERT INTO "TrackElement" ("id") VALUES (222);
INSERT INTO "Segment" ("id", "length") VALUES (222, 108);
UPDATE "TrackElement" SET "region" = 183 WHERE "id" = 222;
INSERT INTO "monitoredBy" VALUES (222, 221);
INSERT INTO "TrackElement" ("id") VALUES (223);
INSERT INTO "Segment" ("id", "length") VALUES (223, 176);
UPDATE "TrackElement" SET "region" = 183 WHERE "id" = 223;
INSERT INTO "monitoredBy" VALUES (223, 221);
INSERT INTO "TrackElement" ("id") VALUES (224);
INSERT INTO "Segment" ("id", "length") VALUES (224, 759);
UPDATE "TrackElement" SET "region" = 183 WHERE "id" = 224;
INSERT INTO "monitoredBy" VALUES (224, 221);
INSERT INTO "TrackElement" ("id") VALUES (225);
INSERT INTO "Segment" ("id", "length") VALUES (225, 61);
UPDATE "TrackElement" SET "region" = 183 WHERE "id" = 225;
INSERT INTO "monitoredBy" VALUES (225, 221);
INSERT INTO "TrackElement" ("id") VALUES (226);
INSERT INTO "Segment" ("id", "length") VALUES (226, 917);
UPDATE "TrackElement" SET "region" = 183 WHERE "id" = 226;
INSERT INTO "monitoredBy" VALUES (226, 221);
UPDATE "Switch" SET "currentPosition" = 0 WHERE "id" = 184;
INSERT INTO "SwitchPosition" ("id", "position", "target") VALUES (227, 0, 184);
UPDATE "SwitchPosition" SET "route" = 182 WHERE "id" = 227;
INSERT INTO "TrackElement" ("id") VALUES (228);
INSERT INTO "Switch" ("id") VALUES (228);
UPDATE "TrackElement" SET "region" = 183 WHERE "id" = 228;
INSERT INTO "Sensor" ("id") VALUES (229);
UPDATE "Sensor" SET "region" = 183 WHERE "id" = 229;
INSERT INTO "monitoredBy" VALUES (228, 229);
UPDATE "Sensor" SET "route" = 182 WHERE "id" = 229;
INSERT INTO "TrackElement" ("id") VALUES (230);
INSERT INTO "Segment" ("id", "length") VALUES (230, 358);
UPDATE "TrackElement" SET "region" = 183 WHERE "id" = 230;
INSERT INTO "monitoredBy" VALUES (230, 229);
INSERT INTO "TrackElement" ("id") VALUES (231);
INSERT INTO "Segment" ("id", "length") VALUES (231, 673);
UPDATE "TrackElement" SET "region" = 183 WHERE "id" = 231;
INSERT INTO "monitoredBy" VALUES (231, 229);
INSERT INTO "TrackElement" ("id") VALUES (232);
INSERT INTO "Segment" ("id", "length") VALUES (232, 969);
UPDATE "TrackElement" SET "region" = 183 WHERE "id" = 232;
INSERT INTO "monitoredBy" VALUES (232, 229);
INSERT INTO "TrackElement" ("id") VALUES (233);
INSERT INTO "Segment" ("id", "length") VALUES (233, 421);
UPDATE "TrackElement" SET "region" = 183 WHERE "id" = 233;
INSERT INTO "monitoredBy" VALUES (233, 229);
INSERT INTO "TrackElement" ("id") VALUES (234);
INSERT INTO "Segment" ("id", "length") VALUES (234, 514);
UPDATE "TrackElement" SET "region" = 183 WHERE "id" = 234;
INSERT INTO "monitoredBy" VALUES (234, 229);
UPDATE "Switch" SET "currentPosition" = 1 WHERE "id" = 228;
INSERT INTO "SwitchPosition" ("id", "position", "target") VALUES (235, 1, 228);
UPDATE "SwitchPosition" SET "route" = 182 WHERE "id" = 235;
INSERT INTO "TrackElement" ("id") VALUES (236);
INSERT INTO "Switch" ("id") VALUES (236);
UPDATE "TrackElement" SET "region" = 183 WHERE "id" = 236;
INSERT INTO "Sensor" ("id") VALUES (237);
UPDATE "Sensor" SET "region" = 183 WHERE "id" = 237;
INSERT INTO "monitoredBy" VALUES (236, 237);
UPDATE "Sensor" SET "route" = 182 WHERE "id" = 237;
INSERT INTO "TrackElement" ("id") VALUES (238);
INSERT INTO "Segment" ("id", "length") VALUES (238, 909);
UPDATE "TrackElement" SET "region" = 183 WHERE "id" = 238;
INSERT INTO "monitoredBy" VALUES (238, 237);
INSERT INTO "TrackElement" ("id") VALUES (239);
INSERT INTO "Segment" ("id", "length") VALUES (239, 750);
UPDATE "TrackElement" SET "region" = 183 WHERE "id" = 239;
INSERT INTO "monitoredBy" VALUES (239, 237);
INSERT INTO "TrackElement" ("id") VALUES (240);
INSERT INTO "Segment" ("id", "length") VALUES (240, 200);
UPDATE "TrackElement" SET "region" = 183 WHERE "id" = 240;
INSERT INTO "monitoredBy" VALUES (240, 237);
INSERT INTO "TrackElement" ("id") VALUES (241);
INSERT INTO "Segment" ("id", "length") VALUES (241, 79);
UPDATE "TrackElement" SET "region" = 183 WHERE "id" = 241;
INSERT INTO "monitoredBy" VALUES (241, 237);
INSERT INTO "TrackElement" ("id") VALUES (242);
INSERT INTO "Segment" ("id", "length") VALUES (242, 135);
UPDATE "TrackElement" SET "region" = 183 WHERE "id" = 242;
INSERT INTO "monitoredBy" VALUES (242, 237);
INSERT INTO "Sensor" ("id") VALUES (243);
UPDATE "Sensor" SET "region" = 183 WHERE "id" = 243;
INSERT INTO "monitoredBy" VALUES (236, 243);
UPDATE "Sensor" SET "route" = 182 WHERE "id" = 243;
INSERT INTO "TrackElement" ("id") VALUES (244);
INSERT INTO "Segment" ("id", "length") VALUES (244, 639);
UPDATE "TrackElement" SET "region" = 183 WHERE "id" = 244;
INSERT INTO "monitoredBy" VALUES (244, 243);
INSERT INTO "TrackElement" ("id") VALUES (245);
INSERT INTO "Segment" ("id", "length") VALUES (245, 758);
UPDATE "TrackElement" SET "region" = 183 WHERE "id" = 245;
INSERT INTO "monitoredBy" VALUES (245, 243);
INSERT INTO "TrackElement" ("id") VALUES (246);
INSERT INTO "Segment" ("id", "length") VALUES (246, 89);
UPDATE "TrackElement" SET "region" = 183 WHERE "id" = 246;
INSERT INTO "monitoredBy" VALUES (246, 243);
INSERT INTO "TrackElement" ("id") VALUES (247);
INSERT INTO "Segment" ("id", "length") VALUES (247, 135);
UPDATE "TrackElement" SET "region" = 183 WHERE "id" = 247;
INSERT INTO "monitoredBy" VALUES (247, 243);
INSERT INTO "TrackElement" ("id") VALUES (248);
INSERT INTO "Segment" ("id", "length") VALUES (248, 735);
UPDATE "TrackElement" SET "region" = 183 WHERE "id" = 248;
INSERT INTO "monitoredBy" VALUES (248, 243);
INSERT INTO "Sensor" ("id") VALUES (249);
UPDATE "Sensor" SET "region" = 183 WHERE "id" = 249;
INSERT INTO "monitoredBy" VALUES (236, 249);
UPDATE "Sensor" SET "route" = 182 WHERE "id" = 249;
INSERT INTO "TrackElement" ("id") VALUES (250);
INSERT INTO "Segment" ("id", "length") VALUES (250, 576);
UPDATE "TrackElement" SET "region" = 183 WHERE "id" = 250;
INSERT INTO "monitoredBy" VALUES (250, 249);
INSERT INTO "TrackElement" ("id") VALUES (251);
INSERT INTO "Segment" ("id", "length") VALUES (251, 78);
UPDATE "TrackElement" SET "region" = 183 WHERE "id" = 251;
INSERT INTO "monitoredBy" VALUES (251, 249);
INSERT INTO "TrackElement" ("id") VALUES (252);
INSERT INTO "Segment" ("id", "length") VALUES (252, 56);
UPDATE "TrackElement" SET "region" = 183 WHERE "id" = 252;
INSERT INTO "monitoredBy" VALUES (252, 249);
INSERT INTO "TrackElement" ("id") VALUES (253);
INSERT INTO "Segment" ("id", "length") VALUES (253, 161);
UPDATE "TrackElement" SET "region" = 183 WHERE "id" = 253;
INSERT INTO "monitoredBy" VALUES (253, 249);
INSERT INTO "TrackElement" ("id") VALUES (254);
INSERT INTO "Segment" ("id", "length") VALUES (254, 145);
UPDATE "TrackElement" SET "region" = 183 WHERE "id" = 254;
INSERT INTO "monitoredBy" VALUES (254, 249);
INSERT INTO "Sensor" ("id") VALUES (255);
UPDATE "Sensor" SET "region" = 183 WHERE "id" = 255;
INSERT INTO "monitoredBy" VALUES (236, 255);
UPDATE "Sensor" SET "route" = 182 WHERE "id" = 255;
INSERT INTO "TrackElement" ("id") VALUES (256);
INSERT INTO "Segment" ("id", "length") VALUES (256, 367);
UPDATE "TrackElement" SET "region" = 183 WHERE "id" = 256;
INSERT INTO "monitoredBy" VALUES (256, 255);
INSERT INTO "TrackElement" ("id") VALUES (257);
INSERT INTO "Segment" ("id", "length") VALUES (257, 522);
UPDATE "TrackElement" SET "region" = 183 WHERE "id" = 257;
INSERT INTO "monitoredBy" VALUES (257, 255);
INSERT INTO "TrackElement" ("id") VALUES (258);
INSERT INTO "Segment" ("id", "length") VALUES (258, 579);
UPDATE "TrackElement" SET "region" = 183 WHERE "id" = 258;
INSERT INTO "monitoredBy" VALUES (258, 255);
INSERT INTO "TrackElement" ("id") VALUES (259);
INSERT INTO "Segment" ("id", "length") VALUES (259, 940);
UPDATE "TrackElement" SET "region" = 183 WHERE "id" = 259;
INSERT INTO "monitoredBy" VALUES (259, 255);
INSERT INTO "TrackElement" ("id") VALUES (260);
INSERT INTO "Segment" ("id", "length") VALUES (260, 900);
UPDATE "TrackElement" SET "region" = 183 WHERE "id" = 260;
INSERT INTO "monitoredBy" VALUES (260, 255);
UPDATE "Switch" SET "currentPosition" = 2 WHERE "id" = 236;
INSERT INTO "SwitchPosition" ("id", "position", "target") VALUES (261, 2, 236);
UPDATE "SwitchPosition" SET "route" = 182 WHERE "id" = 261;
INSERT INTO "TrackElement" ("id") VALUES (262);
INSERT INTO "Switch" ("id") VALUES (262);
UPDATE "TrackElement" SET "region" = 183 WHERE "id" = 262;
INSERT INTO "Sensor" ("id") VALUES (263);
UPDATE "Sensor" SET "region" = 183 WHERE "id" = 263;
INSERT INTO "monitoredBy" VALUES (262, 263);
UPDATE "Sensor" SET "route" = 182 WHERE "id" = 263;
INSERT INTO "TrackElement" ("id") VALUES (264);
INSERT INTO "Segment" ("id", "length") VALUES (264, 282);
UPDATE "TrackElement" SET "region" = 183 WHERE "id" = 264;
INSERT INTO "monitoredBy" VALUES (264, 263);
INSERT INTO "TrackElement" ("id") VALUES (265);
INSERT INTO "Segment" ("id", "length") VALUES (265, 983);
UPDATE "TrackElement" SET "region" = 183 WHERE "id" = 265;
INSERT INTO "monitoredBy" VALUES (265, 263);
INSERT INTO "TrackElement" ("id") VALUES (266);
INSERT INTO "Segment" ("id", "length") VALUES (266, 78);
UPDATE "TrackElement" SET "region" = 183 WHERE "id" = 266;
INSERT INTO "monitoredBy" VALUES (266, 263);
INSERT INTO "TrackElement" ("id") VALUES (267);
INSERT INTO "Segment" ("id", "length") VALUES (267, 229);
UPDATE "TrackElement" SET "region" = 183 WHERE "id" = 267;
INSERT INTO "monitoredBy" VALUES (267, 263);
INSERT INTO "TrackElement" ("id") VALUES (268);
INSERT INTO "Segment" ("id", "length") VALUES (268, 137);
UPDATE "TrackElement" SET "region" = 183 WHERE "id" = 268;
INSERT INTO "monitoredBy" VALUES (268, 263);
INSERT INTO "Sensor" ("id") VALUES (269);
UPDATE "Sensor" SET "region" = 183 WHERE "id" = 269;
INSERT INTO "monitoredBy" VALUES (262, 269);
UPDATE "Sensor" SET "route" = 182 WHERE "id" = 269;
INSERT INTO "TrackElement" ("id") VALUES (270);
INSERT INTO "Segment" ("id", "length") VALUES (270, 500);
UPDATE "TrackElement" SET "region" = 183 WHERE "id" = 270;
INSERT INTO "monitoredBy" VALUES (270, 269);
INSERT INTO "TrackElement" ("id") VALUES (271);
INSERT INTO "Segment" ("id", "length") VALUES (271, 683);
UPDATE "TrackElement" SET "region" = 183 WHERE "id" = 271;
INSERT INTO "monitoredBy" VALUES (271, 269);
INSERT INTO "TrackElement" ("id") VALUES (272);
INSERT INTO "Segment" ("id", "length") VALUES (272, 633);
UPDATE "TrackElement" SET "region" = 183 WHERE "id" = 272;
INSERT INTO "monitoredBy" VALUES (272, 269);
INSERT INTO "TrackElement" ("id") VALUES (273);
INSERT INTO "Segment" ("id", "length") VALUES (273, 456);
UPDATE "TrackElement" SET "region" = 183 WHERE "id" = 273;
INSERT INTO "monitoredBy" VALUES (273, 269);
INSERT INTO "TrackElement" ("id") VALUES (274);
INSERT INTO "Segment" ("id", "length") VALUES (274, 525);
UPDATE "TrackElement" SET "region" = 183 WHERE "id" = 274;
INSERT INTO "monitoredBy" VALUES (274, 269);
INSERT INTO "Sensor" ("id") VALUES (275);
UPDATE "Sensor" SET "region" = 183 WHERE "id" = 275;
INSERT INTO "monitoredBy" VALUES (262, 275);
UPDATE "Sensor" SET "route" = 182 WHERE "id" = 275;
INSERT INTO "TrackElement" ("id") VALUES (276);
INSERT INTO "Segment" ("id", "length") VALUES (276, 173);
UPDATE "TrackElement" SET "region" = 183 WHERE "id" = 276;
INSERT INTO "monitoredBy" VALUES (276, 275);
INSERT INTO "TrackElement" ("id") VALUES (277);
INSERT INTO "Segment" ("id", "length") VALUES (277, 638);
UPDATE "TrackElement" SET "region" = 183 WHERE "id" = 277;
INSERT INTO "monitoredBy" VALUES (277, 275);
INSERT INTO "TrackElement" ("id") VALUES (278);
INSERT INTO "Segment" ("id", "length") VALUES (278, 792);
UPDATE "TrackElement" SET "region" = 183 WHERE "id" = 278;
INSERT INTO "monitoredBy" VALUES (278, 275);
INSERT INTO "TrackElement" ("id") VALUES (279);
INSERT INTO "Segment" ("id", "length") VALUES (279, 65);
UPDATE "TrackElement" SET "region" = 183 WHERE "id" = 279;
INSERT INTO "monitoredBy" VALUES (279, 275);
INSERT INTO "TrackElement" ("id") VALUES (280);
INSERT INTO "Segment" ("id", "length") VALUES (280, 707);
UPDATE "TrackElement" SET "region" = 183 WHERE "id" = 280;
INSERT INTO "monitoredBy" VALUES (280, 275);
UPDATE "Switch" SET "currentPosition" = 2 WHERE "id" = 262;
INSERT INTO "SwitchPosition" ("id", "position", "target") VALUES (281, 2, 262);
UPDATE "SwitchPosition" SET "route" = 182 WHERE "id" = 281;
INSERT INTO "TrackElement" ("id") VALUES (282);
INSERT INTO "Switch" ("id") VALUES (282);
UPDATE "TrackElement" SET "region" = 183 WHERE "id" = 282;
INSERT INTO "Sensor" ("id") VALUES (283);
UPDATE "Sensor" SET "region" = 183 WHERE "id" = 283;
INSERT INTO "monitoredBy" VALUES (282, 283);
UPDATE "Sensor" SET "route" = 182 WHERE "id" = 283;
INSERT INTO "TrackElement" ("id") VALUES (284);
INSERT INTO "Segment" ("id", "length") VALUES (284, 507);
UPDATE "TrackElement" SET "region" = 183 WHERE "id" = 284;
INSERT INTO "monitoredBy" VALUES (284, 283);
INSERT INTO "TrackElement" ("id") VALUES (285);
INSERT INTO "Segment" ("id", "length") VALUES (285, 83);
UPDATE "TrackElement" SET "region" = 183 WHERE "id" = 285;
INSERT INTO "monitoredBy" VALUES (285, 283);
INSERT INTO "TrackElement" ("id") VALUES (286);
INSERT INTO "Segment" ("id", "length") VALUES (286, 186);
UPDATE "TrackElement" SET "region" = 183 WHERE "id" = 286;
INSERT INTO "monitoredBy" VALUES (286, 283);
INSERT INTO "TrackElement" ("id") VALUES (287);
INSERT INTO "Segment" ("id", "length") VALUES (287, 915);
UPDATE "TrackElement" SET "region" = 183 WHERE "id" = 287;
INSERT INTO "monitoredBy" VALUES (287, 283);
INSERT INTO "TrackElement" ("id") VALUES (288);
INSERT INTO "Segment" ("id", "length") VALUES (288, 303);
UPDATE "TrackElement" SET "region" = 183 WHERE "id" = 288;
INSERT INTO "monitoredBy" VALUES (288, 283);
INSERT INTO "Sensor" ("id") VALUES (289);
UPDATE "Sensor" SET "region" = 183 WHERE "id" = 289;
INSERT INTO "monitoredBy" VALUES (282, 289);
UPDATE "Sensor" SET "route" = 182 WHERE "id" = 289;
INSERT INTO "TrackElement" ("id") VALUES (290);
INSERT INTO "Segment" ("id", "length") VALUES (290, 31);
UPDATE "TrackElement" SET "region" = 183 WHERE "id" = 290;
INSERT INTO "monitoredBy" VALUES (290, 289);
INSERT INTO "TrackElement" ("id") VALUES (291);
INSERT INTO "Segment" ("id", "length") VALUES (291, 100);
UPDATE "TrackElement" SET "region" = 183 WHERE "id" = 291;
INSERT INTO "monitoredBy" VALUES (291, 289);
INSERT INTO "TrackElement" ("id") VALUES (292);
INSERT INTO "Segment" ("id", "length") VALUES (292, 741);
UPDATE "TrackElement" SET "region" = 183 WHERE "id" = 292;
INSERT INTO "monitoredBy" VALUES (292, 289);
INSERT INTO "TrackElement" ("id") VALUES (293);
INSERT INTO "Segment" ("id", "length") VALUES (293, 569);
UPDATE "TrackElement" SET "region" = 183 WHERE "id" = 293;
INSERT INTO "monitoredBy" VALUES (293, 289);
INSERT INTO "TrackElement" ("id") VALUES (294);
INSERT INTO "Segment" ("id", "length") VALUES (294, 881);
UPDATE "TrackElement" SET "region" = 183 WHERE "id" = 294;
INSERT INTO "monitoredBy" VALUES (294, 289);
INSERT INTO "Sensor" ("id") VALUES (295);
UPDATE "Sensor" SET "region" = 183 WHERE "id" = 295;
INSERT INTO "monitoredBy" VALUES (282, 295);
INSERT INTO "TrackElement" ("id") VALUES (296);
INSERT INTO "Segment" ("id", "length") VALUES (296, 838);
UPDATE "TrackElement" SET "region" = 183 WHERE "id" = 296;
INSERT INTO "monitoredBy" VALUES (296, 295);
INSERT INTO "TrackElement" ("id") VALUES (297);
INSERT INTO "Segment" ("id", "length") VALUES (297, 215);
UPDATE "TrackElement" SET "region" = 183 WHERE "id" = 297;
INSERT INTO "monitoredBy" VALUES (297, 295);
INSERT INTO "TrackElement" ("id") VALUES (298);
INSERT INTO "Segment" ("id", "length") VALUES (298, 845);
UPDATE "TrackElement" SET "region" = 183 WHERE "id" = 298;
INSERT INTO "monitoredBy" VALUES (298, 295);
INSERT INTO "TrackElement" ("id") VALUES (299);
INSERT INTO "Segment" ("id", "length") VALUES (299, 573);
UPDATE "TrackElement" SET "region" = 183 WHERE "id" = 299;
INSERT INTO "monitoredBy" VALUES (299, 295);
INSERT INTO "TrackElement" ("id") VALUES (300);
INSERT INTO "Segment" ("id", "length") VALUES (300, 475);
UPDATE "TrackElement" SET "region" = 183 WHERE "id" = 300;
INSERT INTO "monitoredBy" VALUES (300, 295);
INSERT INTO "Sensor" ("id") VALUES (301);
UPDATE "Sensor" SET "region" = 183 WHERE "id" = 301;
INSERT INTO "monitoredBy" VALUES (282, 301);
UPDATE "Sensor" SET "route" = 182 WHERE "id" = 301;
INSERT INTO "TrackElement" ("id") VALUES (302);
INSERT INTO "Segment" ("id", "length") VALUES (302, 723);
UPDATE "TrackElement" SET "region" = 183 WHERE "id" = 302;
INSERT INTO "monitoredBy" VALUES (302, 301);
INSERT INTO "TrackElement" ("id") VALUES (303);
INSERT INTO "Segment" ("id", "length") VALUES (303, 495);
UPDATE "TrackElement" SET "region" = 183 WHERE "id" = 303;
INSERT INTO "monitoredBy" VALUES (303, 301);
INSERT INTO "TrackElement" ("id") VALUES (304);
INSERT INTO "Segment" ("id", "length") VALUES (304, 123);
UPDATE "TrackElement" SET "region" = 183 WHERE "id" = 304;
INSERT INTO "monitoredBy" VALUES (304, 301);
INSERT INTO "TrackElement" ("id") VALUES (305);
INSERT INTO "Segment" ("id", "length") VALUES (305, 772);
UPDATE "TrackElement" SET "region" = 183 WHERE "id" = 305;
INSERT INTO "monitoredBy" VALUES (305, 301);
INSERT INTO "TrackElement" ("id") VALUES (306);
INSERT INTO "Segment" ("id", "length") VALUES (306, 769);
UPDATE "TrackElement" SET "region" = 183 WHERE "id" = 306;
INSERT INTO "monitoredBy" VALUES (306, 301);
INSERT INTO "Sensor" ("id") VALUES (307);
UPDATE "Sensor" SET "region" = 183 WHERE "id" = 307;
INSERT INTO "monitoredBy" VALUES (282, 307);
UPDATE "Sensor" SET "route" = 182 WHERE "id" = 307;
INSERT INTO "TrackElement" ("id") VALUES (308);
INSERT INTO "Segment" ("id", "length") VALUES (308, 456);
UPDATE "TrackElement" SET "region" = 183 WHERE "id" = 308;
INSERT INTO "monitoredBy" VALUES (308, 307);
INSERT INTO "TrackElement" ("id") VALUES (309);
INSERT INTO "Segment" ("id", "length") VALUES (309, 148);
UPDATE "TrackElement" SET "region" = 183 WHERE "id" = 309;
INSERT INTO "monitoredBy" VALUES (309, 307);
INSERT INTO "TrackElement" ("id") VALUES (310);
INSERT INTO "Segment" ("id", "length") VALUES (310, 922);
UPDATE "TrackElement" SET "region" = 183 WHERE "id" = 310;
INSERT INTO "monitoredBy" VALUES (310, 307);
INSERT INTO "TrackElement" ("id") VALUES (311);
INSERT INTO "Segment" ("id", "length") VALUES (311, 912);
UPDATE "TrackElement" SET "region" = 183 WHERE "id" = 311;
INSERT INTO "monitoredBy" VALUES (311, 307);
INSERT INTO "TrackElement" ("id") VALUES (312);
INSERT INTO "Segment" ("id", "length") VALUES (312, -451);
UPDATE "TrackElement" SET "region" = 183 WHERE "id" = 312;
INSERT INTO "monitoredBy" VALUES (312, 307);
UPDATE "Switch" SET "currentPosition" = 2 WHERE "id" = 282;
INSERT INTO "SwitchPosition" ("id", "position", "target") VALUES (313, 2, 282);
UPDATE "SwitchPosition" SET "route" = 182 WHERE "id" = 313;
INSERT INTO "TrackElement" ("id") VALUES (314);
INSERT INTO "Switch" ("id") VALUES (314);
UPDATE "TrackElement" SET "region" = 183 WHERE "id" = 314;
INSERT INTO "Sensor" ("id") VALUES (315);
UPDATE "Sensor" SET "region" = 183 WHERE "id" = 315;
INSERT INTO "monitoredBy" VALUES (314, 315);
UPDATE "Sensor" SET "route" = 182 WHERE "id" = 315;
INSERT INTO "TrackElement" ("id") VALUES (316);
INSERT INTO "Segment" ("id", "length") VALUES (316, 998);
UPDATE "TrackElement" SET "region" = 183 WHERE "id" = 316;
INSERT INTO "monitoredBy" VALUES (316, 315);
INSERT INTO "TrackElement" ("id") VALUES (317);
INSERT INTO "Segment" ("id", "length") VALUES (317, 638);
UPDATE "TrackElement" SET "region" = 183 WHERE "id" = 317;
INSERT INTO "monitoredBy" VALUES (317, 315);
INSERT INTO "TrackElement" ("id") VALUES (318);
INSERT INTO "Segment" ("id", "length") VALUES (318, 669);
UPDATE "TrackElement" SET "region" = 183 WHERE "id" = 318;
INSERT INTO "monitoredBy" VALUES (318, 315);
INSERT INTO "TrackElement" ("id") VALUES (319);
INSERT INTO "Segment" ("id", "length") VALUES (319, 546);
UPDATE "TrackElement" SET "region" = 183 WHERE "id" = 319;
INSERT INTO "monitoredBy" VALUES (319, 315);
INSERT INTO "TrackElement" ("id") VALUES (320);
INSERT INTO "Segment" ("id", "length") VALUES (320, 443);
UPDATE "TrackElement" SET "region" = 183 WHERE "id" = 320;
INSERT INTO "monitoredBy" VALUES (320, 315);
INSERT INTO "Sensor" ("id") VALUES (321);
UPDATE "Sensor" SET "region" = 183 WHERE "id" = 321;
INSERT INTO "monitoredBy" VALUES (314, 321);
UPDATE "Sensor" SET "route" = 182 WHERE "id" = 321;
INSERT INTO "TrackElement" ("id") VALUES (322);
INSERT INTO "Segment" ("id", "length") VALUES (322, 827);
UPDATE "TrackElement" SET "region" = 183 WHERE "id" = 322;
INSERT INTO "monitoredBy" VALUES (322, 321);
INSERT INTO "TrackElement" ("id") VALUES (323);
INSERT INTO "Segment" ("id", "length") VALUES (323, 941);
UPDATE "TrackElement" SET "region" = 183 WHERE "id" = 323;
INSERT INTO "monitoredBy" VALUES (323, 321);
INSERT INTO "TrackElement" ("id") VALUES (324);
INSERT INTO "Segment" ("id", "length") VALUES (324, 26);
UPDATE "TrackElement" SET "region" = 183 WHERE "id" = 324;
INSERT INTO "monitoredBy" VALUES (324, 321);
INSERT INTO "TrackElement" ("id") VALUES (325);
INSERT INTO "Segment" ("id", "length") VALUES (325, 939);
UPDATE "TrackElement" SET "region" = 183 WHERE "id" = 325;
INSERT INTO "monitoredBy" VALUES (325, 321);
INSERT INTO "TrackElement" ("id") VALUES (326);
INSERT INTO "Segment" ("id", "length") VALUES (326, 703);
UPDATE "TrackElement" SET "region" = 183 WHERE "id" = 326;
INSERT INTO "monitoredBy" VALUES (326, 321);
INSERT INTO "Sensor" ("id") VALUES (327);
UPDATE "Sensor" SET "region" = 183 WHERE "id" = 327;
INSERT INTO "monitoredBy" VALUES (314, 327);
UPDATE "Sensor" SET "route" = 182 WHERE "id" = 327;
INSERT INTO "TrackElement" ("id") VALUES (328);
INSERT INTO "Segment" ("id", "length") VALUES (328, 236);
UPDATE "TrackElement" SET "region" = 183 WHERE "id" = 328;
INSERT INTO "monitoredBy" VALUES (328, 327);
INSERT INTO "TrackElement" ("id") VALUES (329);
INSERT INTO "Segment" ("id", "length") VALUES (329, 994);
UPDATE "TrackElement" SET "region" = 183 WHERE "id" = 329;
INSERT INTO "monitoredBy" VALUES (329, 327);
INSERT INTO "TrackElement" ("id") VALUES (330);
INSERT INTO "Segment" ("id", "length") VALUES (330, 837);
UPDATE "TrackElement" SET "region" = 183 WHERE "id" = 330;
INSERT INTO "monitoredBy" VALUES (330, 327);
INSERT INTO "TrackElement" ("id") VALUES (331);
INSERT INTO "Segment" ("id", "length") VALUES (331, 479);
UPDATE "TrackElement" SET "region" = 183 WHERE "id" = 331;
INSERT INTO "monitoredBy" VALUES (331, 327);
INSERT INTO "TrackElement" ("id") VALUES (332);
INSERT INTO "Segment" ("id", "length") VALUES (332, 297);
UPDATE "TrackElement" SET "region" = 183 WHERE "id" = 332;
INSERT INTO "monitoredBy" VALUES (332, 327);
INSERT INTO "Sensor" ("id") VALUES (333);
UPDATE "Sensor" SET "region" = 183 WHERE "id" = 333;
INSERT INTO "monitoredBy" VALUES (314, 333);
UPDATE "Sensor" SET "route" = 182 WHERE "id" = 333;
INSERT INTO "TrackElement" ("id") VALUES (334);
INSERT INTO "Segment" ("id", "length") VALUES (334, 283);
UPDATE "TrackElement" SET "region" = 183 WHERE "id" = 334;
INSERT INTO "monitoredBy" VALUES (334, 333);
INSERT INTO "TrackElement" ("id") VALUES (335);
INSERT INTO "Segment" ("id", "length") VALUES (335, 52);
UPDATE "TrackElement" SET "region" = 183 WHERE "id" = 335;
INSERT INTO "monitoredBy" VALUES (335, 333);
INSERT INTO "TrackElement" ("id") VALUES (336);
INSERT INTO "Segment" ("id", "length") VALUES (336, 694);
UPDATE "TrackElement" SET "region" = 183 WHERE "id" = 336;
INSERT INTO "monitoredBy" VALUES (336, 333);
INSERT INTO "TrackElement" ("id") VALUES (337);
INSERT INTO "Segment" ("id", "length") VALUES (337, 895);
UPDATE "TrackElement" SET "region" = 183 WHERE "id" = 337;
INSERT INTO "monitoredBy" VALUES (337, 333);
INSERT INTO "TrackElement" ("id") VALUES (338);
INSERT INTO "Segment" ("id", "length") VALUES (338, 140);
UPDATE "TrackElement" SET "region" = 183 WHERE "id" = 338;
INSERT INTO "monitoredBy" VALUES (338, 333);
INSERT INTO "Sensor" ("id") VALUES (339);
UPDATE "Sensor" SET "region" = 183 WHERE "id" = 339;
INSERT INTO "monitoredBy" VALUES (314, 339);
UPDATE "Sensor" SET "route" = 182 WHERE "id" = 339;
INSERT INTO "TrackElement" ("id") VALUES (340);
INSERT INTO "Segment" ("id", "length") VALUES (340, 57);
UPDATE "TrackElement" SET "region" = 183 WHERE "id" = 340;
INSERT INTO "monitoredBy" VALUES (340, 339);
INSERT INTO "TrackElement" ("id") VALUES (341);
INSERT INTO "Segment" ("id", "length") VALUES (341, 250);
UPDATE "TrackElement" SET "region" = 183 WHERE "id" = 341;
INSERT INTO "monitoredBy" VALUES (341, 339);
INSERT INTO "TrackElement" ("id") VALUES (342);
INSERT INTO "Segment" ("id", "length") VALUES (342, 935);
UPDATE "TrackElement" SET "region" = 183 WHERE "id" = 342;
INSERT INTO "monitoredBy" VALUES (342, 339);
INSERT INTO "TrackElement" ("id") VALUES (343);
INSERT INTO "Segment" ("id", "length") VALUES (343, 235);
UPDATE "TrackElement" SET "region" = 183 WHERE "id" = 343;
INSERT INTO "monitoredBy" VALUES (343, 339);
INSERT INTO "TrackElement" ("id") VALUES (344);
INSERT INTO "Segment" ("id", "length") VALUES (344, 326);
UPDATE "TrackElement" SET "region" = 183 WHERE "id" = 344;
INSERT INTO "monitoredBy" VALUES (344, 339);
INSERT INTO "Sensor" ("id") VALUES (345);
UPDATE "Sensor" SET "region" = 183 WHERE "id" = 345;
INSERT INTO "monitoredBy" VALUES (314, 345);
UPDATE "Sensor" SET "route" = 182 WHERE "id" = 345;
INSERT INTO "TrackElement" ("id") VALUES (346);
INSERT INTO "Segment" ("id", "length") VALUES (346, 392);
UPDATE "TrackElement" SET "region" = 183 WHERE "id" = 346;
INSERT INTO "monitoredBy" VALUES (346, 345);
INSERT INTO "TrackElement" ("id") VALUES (347);
INSERT INTO "Segment" ("id", "length") VALUES (347, 628);
UPDATE "TrackElement" SET "region" = 183 WHERE "id" = 347;
INSERT INTO "monitoredBy" VALUES (347, 345);
INSERT INTO "TrackElement" ("id") VALUES (348);
INSERT INTO "Segment" ("id", "length") VALUES (348, 558);
UPDATE "TrackElement" SET "region" = 183 WHERE "id" = 348;
INSERT INTO "monitoredBy" VALUES (348, 345);
INSERT INTO "TrackElement" ("id") VALUES (349);
INSERT INTO "Segment" ("id", "length") VALUES (349, 110);
UPDATE "TrackElement" SET "region" = 183 WHERE "id" = 349;
INSERT INTO "monitoredBy" VALUES (349, 345);
INSERT INTO "TrackElement" ("id") VALUES (350);
INSERT INTO "Segment" ("id", "length") VALUES (350, 30);
UPDATE "TrackElement" SET "region" = 183 WHERE "id" = 350;
INSERT INTO "monitoredBy" VALUES (350, 345);
INSERT INTO "Sensor" ("id") VALUES (351);
UPDATE "Sensor" SET "region" = 183 WHERE "id" = 351;
INSERT INTO "monitoredBy" VALUES (314, 351);
INSERT INTO "TrackElement" ("id") VALUES (352);
INSERT INTO "Segment" ("id", "length") VALUES (352, 351);
UPDATE "TrackElement" SET "region" = 183 WHERE "id" = 352;
INSERT INTO "monitoredBy" VALUES (352, 351);
INSERT INTO "TrackElement" ("id") VALUES (353);
INSERT INTO "Segment" ("id", "length") VALUES (353, 54);
UPDATE "TrackElement" SET "region" = 183 WHERE "id" = 353;
INSERT INTO "monitoredBy" VALUES (353, 351);
INSERT INTO "TrackElement" ("id") VALUES (354);
INSERT INTO "Segment" ("id", "length") VALUES (354, 509);
UPDATE "TrackElement" SET "region" = 183 WHERE "id" = 354;
INSERT INTO "monitoredBy" VALUES (354, 351);
INSERT INTO "TrackElement" ("id") VALUES (355);
INSERT INTO "Segment" ("id", "length") VALUES (355, 196);
UPDATE "TrackElement" SET "region" = 183 WHERE "id" = 355;
INSERT INTO "monitoredBy" VALUES (355, 351);
INSERT INTO "TrackElement" ("id") VALUES (356);
INSERT INTO "Segment" ("id", "length") VALUES (356, 675);
UPDATE "TrackElement" SET "region" = 183 WHERE "id" = 356;
INSERT INTO "monitoredBy" VALUES (356, 351);
UPDATE "Switch" SET "currentPosition" = 2 WHERE "id" = 314;
INSERT INTO "SwitchPosition" ("id", "position", "target") VALUES (357, 2, 314);
UPDATE "SwitchPosition" SET "route" = 182 WHERE "id" = 357;
INSERT INTO "TrackElement" ("id") VALUES (358);
INSERT INTO "Switch" ("id") VALUES (358);
UPDATE "TrackElement" SET "region" = 183 WHERE "id" = 358;
INSERT INTO "Sensor" ("id") VALUES (359);
UPDATE "Sensor" SET "region" = 183 WHERE "id" = 359;
INSERT INTO "monitoredBy" VALUES (358, 359);
UPDATE "Sensor" SET "route" = 182 WHERE "id" = 359;
INSERT INTO "TrackElement" ("id") VALUES (360);
INSERT INTO "Segment" ("id", "length") VALUES (360, 5);
UPDATE "TrackElement" SET "region" = 183 WHERE "id" = 360;
INSERT INTO "monitoredBy" VALUES (360, 359);
INSERT INTO "TrackElement" ("id") VALUES (361);
INSERT INTO "Segment" ("id", "length") VALUES (361, 682);
UPDATE "TrackElement" SET "region" = 183 WHERE "id" = 361;
INSERT INTO "monitoredBy" VALUES (361, 359);
INSERT INTO "TrackElement" ("id") VALUES (362);
INSERT INTO "Segment" ("id", "length") VALUES (362, 76);
UPDATE "TrackElement" SET "region" = 183 WHERE "id" = 362;
INSERT INTO "monitoredBy" VALUES (362, 359);
INSERT INTO "TrackElement" ("id") VALUES (363);
INSERT INTO "Segment" ("id", "length") VALUES (363, 169);
UPDATE "TrackElement" SET "region" = 183 WHERE "id" = 363;
INSERT INTO "monitoredBy" VALUES (363, 359);
INSERT INTO "TrackElement" ("id") VALUES (364);
INSERT INTO "Segment" ("id", "length") VALUES (364, 171);
UPDATE "TrackElement" SET "region" = 183 WHERE "id" = 364;
INSERT INTO "monitoredBy" VALUES (364, 359);
INSERT INTO "Sensor" ("id") VALUES (365);
UPDATE "Sensor" SET "region" = 183 WHERE "id" = 365;
INSERT INTO "monitoredBy" VALUES (358, 365);
UPDATE "Sensor" SET "route" = 182 WHERE "id" = 365;
INSERT INTO "TrackElement" ("id") VALUES (366);
INSERT INTO "Segment" ("id", "length") VALUES (366, 726);
UPDATE "TrackElement" SET "region" = 183 WHERE "id" = 366;
INSERT INTO "monitoredBy" VALUES (366, 365);
INSERT INTO "TrackElement" ("id") VALUES (367);
INSERT INTO "Segment" ("id", "length") VALUES (367, 421);
UPDATE "TrackElement" SET "region" = 183 WHERE "id" = 367;
INSERT INTO "monitoredBy" VALUES (367, 365);
INSERT INTO "TrackElement" ("id") VALUES (368);
INSERT INTO "Segment" ("id", "length") VALUES (368, 188);
UPDATE "TrackElement" SET "region" = 183 WHERE "id" = 368;
INSERT INTO "monitoredBy" VALUES (368, 365);
INSERT INTO "TrackElement" ("id") VALUES (369);
INSERT INTO "Segment" ("id", "length") VALUES (369, 149);
UPDATE "TrackElement" SET "region" = 183 WHERE "id" = 369;
INSERT INTO "monitoredBy" VALUES (369, 365);
INSERT INTO "TrackElement" ("id") VALUES (370);
INSERT INTO "Segment" ("id", "length") VALUES (370, 413);
UPDATE "TrackElement" SET "region" = 183 WHERE "id" = 370;
INSERT INTO "monitoredBy" VALUES (370, 365);
INSERT INTO "Sensor" ("id") VALUES (371);
UPDATE "Sensor" SET "region" = 183 WHERE "id" = 371;
INSERT INTO "monitoredBy" VALUES (358, 371);
UPDATE "Sensor" SET "route" = 182 WHERE "id" = 371;
INSERT INTO "TrackElement" ("id") VALUES (372);
INSERT INTO "Segment" ("id", "length") VALUES (372, 531);
UPDATE "TrackElement" SET "region" = 183 WHERE "id" = 372;
INSERT INTO "monitoredBy" VALUES (372, 371);
INSERT INTO "TrackElement" ("id") VALUES (373);
INSERT INTO "Segment" ("id", "length") VALUES (373, 36);
UPDATE "TrackElement" SET "region" = 183 WHERE "id" = 373;
INSERT INTO "monitoredBy" VALUES (373, 371);
INSERT INTO "TrackElement" ("id") VALUES (374);
INSERT INTO "Segment" ("id", "length") VALUES (374, 578);
UPDATE "TrackElement" SET "region" = 183 WHERE "id" = 374;
INSERT INTO "monitoredBy" VALUES (374, 371);
INSERT INTO "TrackElement" ("id") VALUES (375);
INSERT INTO "Segment" ("id", "length") VALUES (375, 322);
UPDATE "TrackElement" SET "region" = 183 WHERE "id" = 375;
INSERT INTO "monitoredBy" VALUES (375, 371);
INSERT INTO "TrackElement" ("id") VALUES (376);
INSERT INTO "Segment" ("id", "length") VALUES (376, 563);
UPDATE "TrackElement" SET "region" = 183 WHERE "id" = 376;
INSERT INTO "monitoredBy" VALUES (376, 371);
INSERT INTO "Sensor" ("id") VALUES (377);
UPDATE "Sensor" SET "region" = 183 WHERE "id" = 377;
INSERT INTO "monitoredBy" VALUES (358, 377);
UPDATE "Sensor" SET "route" = 182 WHERE "id" = 377;
INSERT INTO "TrackElement" ("id") VALUES (378);
INSERT INTO "Segment" ("id", "length") VALUES (378, 252);
UPDATE "TrackElement" SET "region" = 183 WHERE "id" = 378;
INSERT INTO "monitoredBy" VALUES (378, 377);
INSERT INTO "TrackElement" ("id") VALUES (379);
INSERT INTO "Segment" ("id", "length") VALUES (379, 611);
UPDATE "TrackElement" SET "region" = 183 WHERE "id" = 379;
INSERT INTO "monitoredBy" VALUES (379, 377);
INSERT INTO "TrackElement" ("id") VALUES (380);
INSERT INTO "Segment" ("id", "length") VALUES (380, 98);
UPDATE "TrackElement" SET "region" = 183 WHERE "id" = 380;
INSERT INTO "monitoredBy" VALUES (380, 377);
INSERT INTO "TrackElement" ("id") VALUES (381);
INSERT INTO "Segment" ("id", "length") VALUES (381, 107);
UPDATE "TrackElement" SET "region" = 183 WHERE "id" = 381;
INSERT INTO "monitoredBy" VALUES (381, 377);
INSERT INTO "TrackElement" ("id") VALUES (382);
INSERT INTO "Segment" ("id", "length") VALUES (382, 360);
UPDATE "TrackElement" SET "region" = 183 WHERE "id" = 382;
INSERT INTO "monitoredBy" VALUES (382, 377);
UPDATE "Switch" SET "currentPosition" = 2 WHERE "id" = 358;
INSERT INTO "SwitchPosition" ("id", "position", "target") VALUES (383, 0, 358);
UPDATE "SwitchPosition" SET "route" = 182 WHERE "id" = 383;
INSERT INTO "connectsTo" VALUES (184, 186);
INSERT INTO "connectsTo" VALUES (186, 187);
INSERT INTO "connectsTo" VALUES (187, 188);
INSERT INTO "connectsTo" VALUES (188, 189);
INSERT INTO "connectsTo" VALUES (189, 190);
INSERT INTO "connectsTo" VALUES (190, 192);
INSERT INTO "connectsTo" VALUES (192, 193);
INSERT INTO "connectsTo" VALUES (193, 194);
INSERT INTO "connectsTo" VALUES (194, 195);
INSERT INTO "connectsTo" VALUES (195, 196);
INSERT INTO "connectsTo" VALUES (196, 198);
INSERT INTO "connectsTo" VALUES (198, 199);
INSERT INTO "connectsTo" VALUES (199, 200);
INSERT INTO "connectsTo" VALUES (200, 201);
INSERT INTO "connectsTo" VALUES (201, 202);
INSERT INTO "connectsTo" VALUES (202, 204);
INSERT INTO "connectsTo" VALUES (204, 205);
INSERT INTO "connectsTo" VALUES (205, 206);
INSERT INTO "connectsTo" VALUES (206, 207);
INSERT INTO "connectsTo" VALUES (207, 208);
INSERT INTO "connectsTo" VALUES (208, 210);
INSERT INTO "connectsTo" VALUES (210, 211);
INSERT INTO "connectsTo" VALUES (211, 212);
INSERT INTO "connectsTo" VALUES (212, 213);
INSERT INTO "connectsTo" VALUES (213, 214);
INSERT INTO "connectsTo" VALUES (214, 216);
INSERT INTO "connectsTo" VALUES (216, 217);
INSERT INTO "connectsTo" VALUES (217, 218);
INSERT INTO "connectsTo" VALUES (218, 219);
INSERT INTO "connectsTo" VALUES (219, 220);
INSERT INTO "connectsTo" VALUES (220, 222);
INSERT INTO "connectsTo" VALUES (222, 223);
INSERT INTO "connectsTo" VALUES (223, 224);
INSERT INTO "connectsTo" VALUES (224, 225);
INSERT INTO "connectsTo" VALUES (225, 226);
INSERT INTO "connectsTo" VALUES (226, 228);
INSERT INTO "connectsTo" VALUES (228, 230);
INSERT INTO "connectsTo" VALUES (230, 231);
INSERT INTO "connectsTo" VALUES (231, 232);
INSERT INTO "connectsTo" VALUES (232, 233);
INSERT INTO "connectsTo" VALUES (233, 234);
INSERT INTO "connectsTo" VALUES (234, 236);
INSERT INTO "connectsTo" VALUES (236, 238);
INSERT INTO "connectsTo" VALUES (238, 239);
INSERT INTO "connectsTo" VALUES (239, 240);
INSERT INTO "connectsTo" VALUES (240, 241);
INSERT INTO "connectsTo" VALUES (241, 242);
INSERT INTO "connectsTo" VALUES (242, 244);
INSERT INTO "connectsTo" VALUES (244, 245);
INSERT INTO "connectsTo" VALUES (245, 246);
INSERT INTO "connectsTo" VALUES (246, 247);
INSERT INTO "connectsTo" VALUES (247, 248);
INSERT INTO "connectsTo" VALUES (248, 250);
INSERT INTO "connectsTo" VALUES (250, 251);
INSERT INTO "connectsTo" VALUES (251, 252);
INSERT INTO "connectsTo" VALUES (252, 253);
INSERT INTO "connectsTo" VALUES (253, 254);
INSERT INTO "connectsTo" VALUES (254, 256);
INSERT INTO "connectsTo" VALUES (256, 257);
INSERT INTO "connectsTo" VALUES (257, 258);
INSERT INTO "connectsTo" VALUES (258, 259);
INSERT INTO "connectsTo" VALUES (259, 260);
INSERT INTO "connectsTo" VALUES (260, 262);
INSERT INTO "connectsTo" VALUES (262, 264);
INSERT INTO "connectsTo" VALUES (264, 265);
INSERT INTO "connectsTo" VALUES (265, 266);
INSERT INTO "connectsTo" VALUES (266, 267);
INSERT INTO "connectsTo" VALUES (267, 268);
INSERT INTO "connectsTo" VALUES (268, 270);
INSERT INTO "connectsTo" VALUES (270, 271);
INSERT INTO "connectsTo" VALUES (271, 272);
INSERT INTO "connectsTo" VALUES (272, 273);
INSERT INTO "connectsTo" VALUES (273, 274);
INSERT INTO "connectsTo" VALUES (274, 276);
INSERT INTO "connectsTo" VALUES (276, 277);
INSERT INTO "connectsTo" VALUES (277, 278);
INSERT INTO "connectsTo" VALUES (278, 279);
INSERT INTO "connectsTo" VALUES (279, 280);
INSERT INTO "connectsTo" VALUES (280, 282);
INSERT INTO "connectsTo" VALUES (282, 284);
INSERT INTO "connectsTo" VALUES (284, 285);
INSERT INTO "connectsTo" VALUES (285, 286);
INSERT INTO "connectsTo" VALUES (286, 287);
INSERT INTO "connectsTo" VALUES (287, 288);
INSERT INTO "connectsTo" VALUES (288, 290);
INSERT INTO "connectsTo" VALUES (290, 291);
INSERT INTO "connectsTo" VALUES (291, 292);
INSERT INTO "connectsTo" VALUES (292, 293);
INSERT INTO "connectsTo" VALUES (293, 294);
INSERT INTO "connectsTo" VALUES (294, 296);
INSERT INTO "connectsTo" VALUES (296, 297);
INSERT INTO "connectsTo" VALUES (297, 298);
INSERT INTO "connectsTo" VALUES (298, 299);
INSERT INTO "connectsTo" VALUES (299, 300);
INSERT INTO "connectsTo" VALUES (300, 302);
INSERT INTO "connectsTo" VALUES (302, 303);
INSERT INTO "connectsTo" VALUES (303, 304);
INSERT INTO "connectsTo" VALUES (304, 305);
INSERT INTO "connectsTo" VALUES (305, 306);
INSERT INTO "connectsTo" VALUES (306, 308);
INSERT INTO "connectsTo" VALUES (308, 309);
INSERT INTO "connectsTo" VALUES (309, 310);
INSERT INTO "connectsTo" VALUES (310, 311);
INSERT INTO "connectsTo" VALUES (311, 312);
INSERT INTO "connectsTo" VALUES (312, 314);
INSERT INTO "connectsTo" VALUES (314, 316);
INSERT INTO "connectsTo" VALUES (316, 317);
INSERT INTO "connectsTo" VALUES (317, 318);
INSERT INTO "connectsTo" VALUES (318, 319);
INSERT INTO "connectsTo" VALUES (319, 320);
INSERT INTO "connectsTo" VALUES (320, 322);
INSERT INTO "connectsTo" VALUES (322, 323);
INSERT INTO "connectsTo" VALUES (323, 324);
INSERT INTO "connectsTo" VALUES (324, 325);
INSERT INTO "connectsTo" VALUES (325, 326);
INSERT INTO "connectsTo" VALUES (326, 328);
INSERT INTO "connectsTo" VALUES (328, 329);
INSERT INTO "connectsTo" VALUES (329, 330);
INSERT INTO "connectsTo" VALUES (330, 331);
INSERT INTO "connectsTo" VALUES (331, 332);
INSERT INTO "connectsTo" VALUES (332, 334);
INSERT INTO "connectsTo" VALUES (334, 335);
INSERT INTO "connectsTo" VALUES (335, 336);
INSERT INTO "connectsTo" VALUES (336, 337);
INSERT INTO "connectsTo" VALUES (337, 338);
INSERT INTO "connectsTo" VALUES (338, 340);
INSERT INTO "connectsTo" VALUES (340, 341);
INSERT INTO "connectsTo" VALUES (341, 342);
INSERT INTO "connectsTo" VALUES (342, 343);
INSERT INTO "connectsTo" VALUES (343, 344);
INSERT INTO "connectsTo" VALUES (344, 346);
INSERT INTO "connectsTo" VALUES (346, 347);
INSERT INTO "connectsTo" VALUES (347, 348);
INSERT INTO "connectsTo" VALUES (348, 349);
INSERT INTO "connectsTo" VALUES (349, 350);
INSERT INTO "connectsTo" VALUES (350, 352);
INSERT INTO "connectsTo" VALUES (352, 353);
INSERT INTO "connectsTo" VALUES (353, 354);
INSERT INTO "connectsTo" VALUES (354, 355);
INSERT INTO "connectsTo" VALUES (355, 356);
INSERT INTO "connectsTo" VALUES (356, 358);
INSERT INTO "connectsTo" VALUES (358, 360);
INSERT INTO "connectsTo" VALUES (360, 361);
INSERT INTO "connectsTo" VALUES (361, 362);
INSERT INTO "connectsTo" VALUES (362, 363);
INSERT INTO "connectsTo" VALUES (363, 364);
INSERT INTO "connectsTo" VALUES (364, 366);
INSERT INTO "connectsTo" VALUES (366, 367);
INSERT INTO "connectsTo" VALUES (367, 368);
INSERT INTO "connectsTo" VALUES (368, 369);
INSERT INTO "connectsTo" VALUES (369, 370);
INSERT INTO "connectsTo" VALUES (370, 372);
INSERT INTO "connectsTo" VALUES (372, 373);
INSERT INTO "connectsTo" VALUES (373, 374);
INSERT INTO "connectsTo" VALUES (374, 375);
INSERT INTO "connectsTo" VALUES (375, 376);
INSERT INTO "connectsTo" VALUES (376, 378);
INSERT INTO "connectsTo" VALUES (378, 379);
INSERT INTO "connectsTo" VALUES (379, 380);
INSERT INTO "connectsTo" VALUES (380, 381);
INSERT INTO "connectsTo" VALUES (381, 382);
INSERT INTO "connectsTo" VALUES (179, 184);
INSERT INTO "Semaphore" ("id", "signal") VALUES (384, 2);
INSERT INTO "Route" ("id", "active", "entry", "exit") VALUES (385, 1, 181, 384);
INSERT INTO "Region" ("id") VALUES (386);
INSERT INTO "TrackElement" ("id") VALUES (387);
INSERT INTO "Switch" ("id") VALUES (387);
UPDATE "TrackElement" SET "region" = 386 WHERE "id" = 387;
INSERT INTO "Sensor" ("id") VALUES (388);
UPDATE "Sensor" SET "region" = 386 WHERE "id" = 388;
INSERT INTO "monitoredBy" VALUES (387, 388);
UPDATE "Sensor" SET "route" = 385 WHERE "id" = 388;
INSERT INTO "TrackElement" ("id") VALUES (389);
INSERT INTO "Segment" ("id", "length") VALUES (389, 296);
UPDATE "TrackElement" SET "region" = 386 WHERE "id" = 389;
INSERT INTO "monitoredBy" VALUES (389, 388);
UPDATE "Semaphore" SET "segment" = 389 WHERE "id" = 384;
INSERT INTO "TrackElement" ("id") VALUES (390);
INSERT INTO "Segment" ("id", "length") VALUES (390, -684);
UPDATE "TrackElement" SET "region" = 386 WHERE "id" = 390;
INSERT INTO "monitoredBy" VALUES (390, 388);
INSERT INTO "TrackElement" ("id") VALUES (391);
INSERT INTO "Segment" ("id", "length") VALUES (391, 810);
UPDATE "TrackElement" SET "region" = 386 WHERE "id" = 391;
INSERT INTO "monitoredBy" VALUES (391, 388);
INSERT INTO "TrackElement" ("id") VALUES (392);
INSERT INTO "Segment" ("id", "length") VALUES (392, 659);
UPDATE "TrackElement" SET "region" = 386 WHERE "id" = 392;
INSERT INTO "monitoredBy" VALUES (392, 388);
INSERT INTO "TrackElement" ("id") VALUES (393);
INSERT INTO "Segment" ("id", "length") VALUES (393, 630);
UPDATE "TrackElement" SET "region" = 386 WHERE "id" = 393;
INSERT INTO "monitoredBy" VALUES (393, 388);
INSERT INTO "Sensor" ("id") VALUES (394);
UPDATE "Sensor" SET "region" = 386 WHERE "id" = 394;
INSERT INTO "monitoredBy" VALUES (387, 394);
UPDATE "Sensor" SET "route" = 385 WHERE "id" = 394;
INSERT INTO "TrackElement" ("id") VALUES (395);
INSERT INTO "Segment" ("id", "length") VALUES (395, 605);
UPDATE "TrackElement" SET "region" = 386 WHERE "id" = 395;
INSERT INTO "monitoredBy" VALUES (395, 394);
INSERT INTO "TrackElement" ("id") VALUES (396);
INSERT INTO "Segment" ("id", "length") VALUES (396, 501);
UPDATE "TrackElement" SET "region" = 386 WHERE "id" = 396;
INSERT INTO "monitoredBy" VALUES (396, 394);
INSERT INTO "TrackElement" ("id") VALUES (397);
INSERT INTO "Segment" ("id", "length") VALUES (397, 555);
UPDATE "TrackElement" SET "region" = 386 WHERE "id" = 397;
INSERT INTO "monitoredBy" VALUES (397, 394);
INSERT INTO "TrackElement" ("id") VALUES (398);
INSERT INTO "Segment" ("id", "length") VALUES (398, 368);
UPDATE "TrackElement" SET "region" = 386 WHERE "id" = 398;
INSERT INTO "monitoredBy" VALUES (398, 394);
INSERT INTO "TrackElement" ("id") VALUES (399);
INSERT INTO "Segment" ("id", "length") VALUES (399, 777);
UPDATE "TrackElement" SET "region" = 386 WHERE "id" = 399;
INSERT INTO "monitoredBy" VALUES (399, 394);
INSERT INTO "Sensor" ("id") VALUES (400);
UPDATE "Sensor" SET "region" = 386 WHERE "id" = 400;
INSERT INTO "monitoredBy" VALUES (387, 400);
UPDATE "Sensor" SET "route" = 385 WHERE "id" = 400;
INSERT INTO "TrackElement" ("id") VALUES (401);
INSERT INTO "Segment" ("id", "length") VALUES (401, 520);
UPDATE "TrackElement" SET "region" = 386 WHERE "id" = 401;
INSERT INTO "monitoredBy" VALUES (401, 400);
INSERT INTO "TrackElement" ("id") VALUES (402);
INSERT INTO "Segment" ("id", "length") VALUES (402, 585);
UPDATE "TrackElement" SET "region" = 386 WHERE "id" = 402;
INSERT INTO "monitoredBy" VALUES (402, 400);
INSERT INTO "TrackElement" ("id") VALUES (403);
INSERT INTO "Segment" ("id", "length") VALUES (403, 11);
UPDATE "TrackElement" SET "region" = 386 WHERE "id" = 403;
INSERT INTO "monitoredBy" VALUES (403, 400);
INSERT INTO "TrackElement" ("id") VALUES (404);
INSERT INTO "Segment" ("id", "length") VALUES (404, 287);
UPDATE "TrackElement" SET "region" = 386 WHERE "id" = 404;
INSERT INTO "monitoredBy" VALUES (404, 400);
INSERT INTO "TrackElement" ("id") VALUES (405);
INSERT INTO "Segment" ("id", "length") VALUES (405, 947);
UPDATE "TrackElement" SET "region" = 386 WHERE "id" = 405;
INSERT INTO "monitoredBy" VALUES (405, 400);
INSERT INTO "Sensor" ("id") VALUES (406);
UPDATE "Sensor" SET "region" = 386 WHERE "id" = 406;
INSERT INTO "monitoredBy" VALUES (387, 406);
UPDATE "Sensor" SET "route" = 385 WHERE "id" = 406;
INSERT INTO "TrackElement" ("id") VALUES (407);
INSERT INTO "Segment" ("id", "length") VALUES (407, 867);
UPDATE "TrackElement" SET "region" = 386 WHERE "id" = 407;
INSERT INTO "monitoredBy" VALUES (407, 406);
INSERT INTO "TrackElement" ("id") VALUES (408);
INSERT INTO "Segment" ("id", "length") VALUES (408, 940);
UPDATE "TrackElement" SET "region" = 386 WHERE "id" = 408;
INSERT INTO "monitoredBy" VALUES (408, 406);
INSERT INTO "TrackElement" ("id") VALUES (409);
INSERT INTO "Segment" ("id", "length") VALUES (409, 965);
UPDATE "TrackElement" SET "region" = 386 WHERE "id" = 409;
INSERT INTO "monitoredBy" VALUES (409, 406);
INSERT INTO "TrackElement" ("id") VALUES (410);
INSERT INTO "Segment" ("id", "length") VALUES (410, -378);
UPDATE "TrackElement" SET "region" = 386 WHERE "id" = 410;
INSERT INTO "monitoredBy" VALUES (410, 406);
INSERT INTO "TrackElement" ("id") VALUES (411);
INSERT INTO "Segment" ("id", "length") VALUES (411, 268);
UPDATE "TrackElement" SET "region" = 386 WHERE "id" = 411;
INSERT INTO "monitoredBy" VALUES (411, 406);
INSERT INTO "Sensor" ("id") VALUES (412);
UPDATE "Sensor" SET "region" = 386 WHERE "id" = 412;
INSERT INTO "monitoredBy" VALUES (387, 412);
UPDATE "Sensor" SET "route" = 385 WHERE "id" = 412;
INSERT INTO "TrackElement" ("id") VALUES (413);
INSERT INTO "Segment" ("id", "length") VALUES (413, -144);
UPDATE "TrackElement" SET "region" = 386 WHERE "id" = 413;
INSERT INTO "monitoredBy" VALUES (413, 412);
INSERT INTO "TrackElement" ("id") VALUES (414);
INSERT INTO "Segment" ("id", "length") VALUES (414, 43);
UPDATE "TrackElement" SET "region" = 386 WHERE "id" = 414;
INSERT INTO "monitoredBy" VALUES (414, 412);
INSERT INTO "TrackElement" ("id") VALUES (415);
INSERT INTO "Segment" ("id", "length") VALUES (415, 938);
UPDATE "TrackElement" SET "region" = 386 WHERE "id" = 415;
INSERT INTO "monitoredBy" VALUES (415, 412);
INSERT INTO "TrackElement" ("id") VALUES (416);
INSERT INTO "Segment" ("id", "length") VALUES (416, 693);
UPDATE "TrackElement" SET "region" = 386 WHERE "id" = 416;
INSERT INTO "monitoredBy" VALUES (416, 412);
INSERT INTO "TrackElement" ("id") VALUES (417);
INSERT INTO "Segment" ("id", "length") VALUES (417, 813);
UPDATE "TrackElement" SET "region" = 386 WHERE "id" = 417;
INSERT INTO "monitoredBy" VALUES (417, 412);
INSERT INTO "Sensor" ("id") VALUES (418);
UPDATE "Sensor" SET "region" = 386 WHERE "id" = 418;
INSERT INTO "monitoredBy" VALUES (387, 418);
UPDATE "Sensor" SET "route" = 385 WHERE "id" = 418;
INSERT INTO "TrackElement" ("id") VALUES (419);
INSERT INTO "Segment" ("id", "length") VALUES (419, 781);
UPDATE "TrackElement" SET "region" = 386 WHERE "id" = 419;
INSERT INTO "monitoredBy" VALUES (419, 418);
INSERT INTO "TrackElement" ("id") VALUES (420);
INSERT INTO "Segment" ("id", "length") VALUES (420, 267);
UPDATE "TrackElement" SET "region" = 386 WHERE "id" = 420;
INSERT INTO "monitoredBy" VALUES (420, 418);
INSERT INTO "TrackElement" ("id") VALUES (421);
INSERT INTO "Segment" ("id", "length") VALUES (421, 328);
UPDATE "TrackElement" SET "region" = 386 WHERE "id" = 421;
INSERT INTO "monitoredBy" VALUES (421, 418);
INSERT INTO "TrackElement" ("id") VALUES (422);
INSERT INTO "Segment" ("id", "length") VALUES (422, 761);
UPDATE "TrackElement" SET "region" = 386 WHERE "id" = 422;
INSERT INTO "monitoredBy" VALUES (422, 418);
INSERT INTO "TrackElement" ("id") VALUES (423);
INSERT INTO "Segment" ("id", "length") VALUES (423, 453);
UPDATE "TrackElement" SET "region" = 386 WHERE "id" = 423;
INSERT INTO "monitoredBy" VALUES (423, 418);
INSERT INTO "Sensor" ("id") VALUES (424);
UPDATE "Sensor" SET "region" = 386 WHERE "id" = 424;
INSERT INTO "monitoredBy" VALUES (387, 424);
UPDATE "Sensor" SET "route" = 385 WHERE "id" = 424;
INSERT INTO "TrackElement" ("id") VALUES (425);
INSERT INTO "Segment" ("id", "length") VALUES (425, 536);
UPDATE "TrackElement" SET "region" = 386 WHERE "id" = 425;
INSERT INTO "monitoredBy" VALUES (425, 424);
INSERT INTO "TrackElement" ("id") VALUES (426);
INSERT INTO "Segment" ("id", "length") VALUES (426, 818);
UPDATE "TrackElement" SET "region" = 386 WHERE "id" = 426;
INSERT INTO "monitoredBy" VALUES (426, 424);
INSERT INTO "TrackElement" ("id") VALUES (427);
INSERT INTO "Segment" ("id", "length") VALUES (427, 378);
UPDATE "TrackElement" SET "region" = 386 WHERE "id" = 427;
INSERT INTO "monitoredBy" VALUES (427, 424);
INSERT INTO "TrackElement" ("id") VALUES (428);
INSERT INTO "Segment" ("id", "length") VALUES (428, 68);
UPDATE "TrackElement" SET "region" = 386 WHERE "id" = 428;
INSERT INTO "monitoredBy" VALUES (428, 424);
INSERT INTO "TrackElement" ("id") VALUES (429);
INSERT INTO "Segment" ("id", "length") VALUES (429, 124);
UPDATE "TrackElement" SET "region" = 386 WHERE "id" = 429;
INSERT INTO "monitoredBy" VALUES (429, 424);
INSERT INTO "Sensor" ("id") VALUES (430);
UPDATE "Sensor" SET "region" = 386 WHERE "id" = 430;
INSERT INTO "monitoredBy" VALUES (387, 430);
UPDATE "Sensor" SET "route" = 385 WHERE "id" = 430;
INSERT INTO "TrackElement" ("id") VALUES (431);
INSERT INTO "Segment" ("id", "length") VALUES (431, 796);
UPDATE "TrackElement" SET "region" = 386 WHERE "id" = 431;
INSERT INTO "monitoredBy" VALUES (431, 430);
INSERT INTO "TrackElement" ("id") VALUES (432);
INSERT INTO "Segment" ("id", "length") VALUES (432, 649);
UPDATE "TrackElement" SET "region" = 386 WHERE "id" = 432;
INSERT INTO "monitoredBy" VALUES (432, 430);
INSERT INTO "TrackElement" ("id") VALUES (433);
INSERT INTO "Segment" ("id", "length") VALUES (433, 697);
UPDATE "TrackElement" SET "region" = 386 WHERE "id" = 433;
INSERT INTO "monitoredBy" VALUES (433, 430);
INSERT INTO "TrackElement" ("id") VALUES (434);
INSERT INTO "Segment" ("id", "length") VALUES (434, 1000);
UPDATE "TrackElement" SET "region" = 386 WHERE "id" = 434;
INSERT INTO "monitoredBy" VALUES (434, 430);
INSERT INTO "TrackElement" ("id") VALUES (435);
INSERT INTO "Segment" ("id", "length") VALUES (435, 827);
UPDATE "TrackElement" SET "region" = 386 WHERE "id" = 435;
INSERT INTO "monitoredBy" VALUES (435, 430);
INSERT INTO "Sensor" ("id") VALUES (436);
UPDATE "Sensor" SET "region" = 386 WHERE "id" = 436;
INSERT INTO "monitoredBy" VALUES (387, 436);
UPDATE "Sensor" SET "route" = 385 WHERE "id" = 436;
INSERT INTO "TrackElement" ("id") VALUES (437);
INSERT INTO "Segment" ("id", "length") VALUES (437, 555);
UPDATE "TrackElement" SET "region" = 386 WHERE "id" = 437;
INSERT INTO "monitoredBy" VALUES (437, 436);
INSERT INTO "TrackElement" ("id") VALUES (438);
INSERT INTO "Segment" ("id", "length") VALUES (438, 578);
UPDATE "TrackElement" SET "region" = 386 WHERE "id" = 438;
INSERT INTO "monitoredBy" VALUES (438, 436);
INSERT INTO "TrackElement" ("id") VALUES (439);
INSERT INTO "Segment" ("id", "length") VALUES (439, 597);
UPDATE "TrackElement" SET "region" = 386 WHERE "id" = 439;
INSERT INTO "monitoredBy" VALUES (439, 436);
INSERT INTO "TrackElement" ("id") VALUES (440);
INSERT INTO "Segment" ("id", "length") VALUES (440, 992);
UPDATE "TrackElement" SET "region" = 386 WHERE "id" = 440;
INSERT INTO "monitoredBy" VALUES (440, 436);
INSERT INTO "TrackElement" ("id") VALUES (441);
INSERT INTO "Segment" ("id", "length") VALUES (441, 149);
UPDATE "TrackElement" SET "region" = 386 WHERE "id" = 441;
INSERT INTO "monitoredBy" VALUES (441, 436);
UPDATE "Switch" SET "currentPosition" = 2 WHERE "id" = 387;
INSERT INTO "SwitchPosition" ("id", "position", "target") VALUES (442, 2, 387);
UPDATE "SwitchPosition" SET "route" = 385 WHERE "id" = 442;
INSERT INTO "TrackElement" ("id") VALUES (443);
INSERT INTO "Switch" ("id") VALUES (443);
UPDATE "TrackElement" SET "region" = 386 WHERE "id" = 443;
INSERT INTO "Sensor" ("id") VALUES (444);
UPDATE "Sensor" SET "region" = 386 WHERE "id" = 444;
INSERT INTO "monitoredBy" VALUES (443, 444);
UPDATE "Sensor" SET "route" = 385 WHERE "id" = 444;
INSERT INTO "TrackElement" ("id") VALUES (445);
INSERT INTO "Segment" ("id", "length") VALUES (445, 38);
UPDATE "TrackElement" SET "region" = 386 WHERE "id" = 445;
INSERT INTO "monitoredBy" VALUES (445, 444);
INSERT INTO "TrackElement" ("id") VALUES (446);
INSERT INTO "Segment" ("id", "length") VALUES (446, 598);
UPDATE "TrackElement" SET "region" = 386 WHERE "id" = 446;
INSERT INTO "monitoredBy" VALUES (446, 444);
INSERT INTO "TrackElement" ("id") VALUES (447);
INSERT INTO "Segment" ("id", "length") VALUES (447, 172);
UPDATE "TrackElement" SET "region" = 386 WHERE "id" = 447;
INSERT INTO "monitoredBy" VALUES (447, 444);
INSERT INTO "TrackElement" ("id") VALUES (448);
INSERT INTO "Segment" ("id", "length") VALUES (448, 263);
UPDATE "TrackElement" SET "region" = 386 WHERE "id" = 448;
INSERT INTO "monitoredBy" VALUES (448, 444);
INSERT INTO "TrackElement" ("id") VALUES (449);
INSERT INTO "Segment" ("id", "length") VALUES (449, 411);
UPDATE "TrackElement" SET "region" = 386 WHERE "id" = 449;
INSERT INTO "monitoredBy" VALUES (449, 444);
UPDATE "Switch" SET "currentPosition" = 0 WHERE "id" = 443;
INSERT INTO "SwitchPosition" ("id", "position", "target") VALUES (450, 0, 443);
UPDATE "SwitchPosition" SET "route" = 385 WHERE "id" = 450;
INSERT INTO "TrackElement" ("id") VALUES (451);
INSERT INTO "Switch" ("id") VALUES (451);
UPDATE "TrackElement" SET "region" = 386 WHERE "id" = 451;
INSERT INTO "Sensor" ("id") VALUES (452);
UPDATE "Sensor" SET "region" = 386 WHERE "id" = 452;
INSERT INTO "monitoredBy" VALUES (451, 452);
UPDATE "Sensor" SET "route" = 385 WHERE "id" = 452;
INSERT INTO "TrackElement" ("id") VALUES (453);
INSERT INTO "Segment" ("id", "length") VALUES (453, 298);
UPDATE "TrackElement" SET "region" = 386 WHERE "id" = 453;
INSERT INTO "monitoredBy" VALUES (453, 452);
INSERT INTO "TrackElement" ("id") VALUES (454);
INSERT INTO "Segment" ("id", "length") VALUES (454, 486);
UPDATE "TrackElement" SET "region" = 386 WHERE "id" = 454;
INSERT INTO "monitoredBy" VALUES (454, 452);
INSERT INTO "TrackElement" ("id") VALUES (455);
INSERT INTO "Segment" ("id", "length") VALUES (455, 942);
UPDATE "TrackElement" SET "region" = 386 WHERE "id" = 455;
INSERT INTO "monitoredBy" VALUES (455, 452);
INSERT INTO "TrackElement" ("id") VALUES (456);
INSERT INTO "Segment" ("id", "length") VALUES (456, 553);
UPDATE "TrackElement" SET "region" = 386 WHERE "id" = 456;
INSERT INTO "monitoredBy" VALUES (456, 452);
INSERT INTO "TrackElement" ("id") VALUES (457);
INSERT INTO "Segment" ("id", "length") VALUES (457, 393);
UPDATE "TrackElement" SET "region" = 386 WHERE "id" = 457;
INSERT INTO "monitoredBy" VALUES (457, 452);
UPDATE "Switch" SET "currentPosition" = 0 WHERE "id" = 451;
INSERT INTO "SwitchPosition" ("id", "position", "target") VALUES (458, 0, 451);
UPDATE "SwitchPosition" SET "route" = 385 WHERE "id" = 458;
INSERT INTO "TrackElement" ("id") VALUES (459);
INSERT INTO "Switch" ("id") VALUES (459);
UPDATE "TrackElement" SET "region" = 386 WHERE "id" = 459;
INSERT INTO "Sensor" ("id") VALUES (460);
UPDATE "Sensor" SET "region" = 386 WHERE "id" = 460;
INSERT INTO "monitoredBy" VALUES (459, 460);
UPDATE "Sensor" SET "route" = 385 WHERE "id" = 460;
INSERT INTO "TrackElement" ("id") VALUES (461);
INSERT INTO "Segment" ("id", "length") VALUES (461, 147);
UPDATE "TrackElement" SET "region" = 386 WHERE "id" = 461;
INSERT INTO "monitoredBy" VALUES (461, 460);
INSERT INTO "TrackElement" ("id") VALUES (462);
INSERT INTO "Segment" ("id", "length") VALUES (462, 170);
UPDATE "TrackElement" SET "region" = 386 WHERE "id" = 462;
INSERT INTO "monitoredBy" VALUES (462, 460);
INSERT INTO "TrackElement" ("id") VALUES (463);
INSERT INTO "Segment" ("id", "length") VALUES (463, 167);
UPDATE "TrackElement" SET "region" = 386 WHERE "id" = 463;
INSERT INTO "monitoredBy" VALUES (463, 460);
INSERT INTO "TrackElement" ("id") VALUES (464);
INSERT INTO "Segment" ("id", "length") VALUES (464, 886);
UPDATE "TrackElement" SET "region" = 386 WHERE "id" = 464;
INSERT INTO "monitoredBy" VALUES (464, 460);
INSERT INTO "TrackElement" ("id") VALUES (465);
INSERT INTO "Segment" ("id", "length") VALUES (465, 74);
UPDATE "TrackElement" SET "region" = 386 WHERE "id" = 465;
INSERT INTO "monitoredBy" VALUES (465, 460);
INSERT INTO "Sensor" ("id") VALUES (466);
UPDATE "Sensor" SET "region" = 386 WHERE "id" = 466;
INSERT INTO "monitoredBy" VALUES (459, 466);
UPDATE "Sensor" SET "route" = 385 WHERE "id" = 466;
INSERT INTO "TrackElement" ("id") VALUES (467);
INSERT INTO "Segment" ("id", "length") VALUES (467, 490);
UPDATE "TrackElement" SET "region" = 386 WHERE "id" = 467;
INSERT INTO "monitoredBy" VALUES (467, 466);
INSERT INTO "TrackElement" ("id") VALUES (468);
INSERT INTO "Segment" ("id", "length") VALUES (468, 780);
UPDATE "TrackElement" SET "region" = 386 WHERE "id" = 468;
INSERT INTO "monitoredBy" VALUES (468, 466);
INSERT INTO "TrackElement" ("id") VALUES (469);
INSERT INTO "Segment" ("id", "length") VALUES (469, 931);
UPDATE "TrackElement" SET "region" = 386 WHERE "id" = 469;
INSERT INTO "monitoredBy" VALUES (469, 466);
INSERT INTO "TrackElement" ("id") VALUES (470);
INSERT INTO "Segment" ("id", "length") VALUES (470, 558);
UPDATE "TrackElement" SET "region" = 386 WHERE "id" = 470;
INSERT INTO "monitoredBy" VALUES (470, 466);
INSERT INTO "TrackElement" ("id") VALUES (471);
INSERT INTO "Segment" ("id", "length") VALUES (471, 220);
UPDATE "TrackElement" SET "region" = 386 WHERE "id" = 471;
INSERT INTO "monitoredBy" VALUES (471, 466);
UPDATE "Switch" SET "currentPosition" = 0 WHERE "id" = 459;
INSERT INTO "SwitchPosition" ("id", "position", "target") VALUES (472, 0, 459);
UPDATE "SwitchPosition" SET "route" = 385 WHERE "id" = 472;
INSERT INTO "TrackElement" ("id") VALUES (473);
INSERT INTO "Switch" ("id") VALUES (473);
UPDATE "TrackElement" SET "region" = 386 WHERE "id" = 473;
INSERT INTO "Sensor" ("id") VALUES (474);
UPDATE "Sensor" SET "region" = 386 WHERE "id" = 474;
INSERT INTO "monitoredBy" VALUES (473, 474);
UPDATE "Sensor" SET "route" = 385 WHERE "id" = 474;
INSERT INTO "TrackElement" ("id") VALUES (475);
INSERT INTO "Segment" ("id", "length") VALUES (475, 609);
UPDATE "TrackElement" SET "region" = 386 WHERE "id" = 475;
INSERT INTO "monitoredBy" VALUES (475, 474);
INSERT INTO "TrackElement" ("id") VALUES (476);
INSERT INTO "Segment" ("id", "length") VALUES (476, 857);
UPDATE "TrackElement" SET "region" = 386 WHERE "id" = 476;
INSERT INTO "monitoredBy" VALUES (476, 474);
INSERT INTO "TrackElement" ("id") VALUES (477);
INSERT INTO "Segment" ("id", "length") VALUES (477, 400);
UPDATE "TrackElement" SET "region" = 386 WHERE "id" = 477;
INSERT INTO "monitoredBy" VALUES (477, 474);
INSERT INTO "TrackElement" ("id") VALUES (478);
INSERT INTO "Segment" ("id", "length") VALUES (478, 249);
UPDATE "TrackElement" SET "region" = 386 WHERE "id" = 478;
INSERT INTO "monitoredBy" VALUES (478, 474);
INSERT INTO "TrackElement" ("id") VALUES (479);
INSERT INTO "Segment" ("id", "length") VALUES (479, 537);
UPDATE "TrackElement" SET "region" = 386 WHERE "id" = 479;
INSERT INTO "monitoredBy" VALUES (479, 474);
INSERT INTO "Sensor" ("id") VALUES (480);
UPDATE "Sensor" SET "region" = 386 WHERE "id" = 480;
INSERT INTO "monitoredBy" VALUES (473, 480);
UPDATE "Sensor" SET "route" = 385 WHERE "id" = 480;
INSERT INTO "TrackElement" ("id") VALUES (481);
INSERT INTO "Segment" ("id", "length") VALUES (481, 941);
UPDATE "TrackElement" SET "region" = 386 WHERE "id" = 481;
INSERT INTO "monitoredBy" VALUES (481, 480);
INSERT INTO "TrackElement" ("id") VALUES (482);
INSERT INTO "Segment" ("id", "length") VALUES (482, 134);
UPDATE "TrackElement" SET "region" = 386 WHERE "id" = 482;
INSERT INTO "monitoredBy" VALUES (482, 480);
INSERT INTO "TrackElement" ("id") VALUES (483);
INSERT INTO "Segment" ("id", "length") VALUES (483, 947);
UPDATE "TrackElement" SET "region" = 386 WHERE "id" = 483;
INSERT INTO "monitoredBy" VALUES (483, 480);
INSERT INTO "TrackElement" ("id") VALUES (484);
INSERT INTO "Segment" ("id", "length") VALUES (484, 506);
UPDATE "TrackElement" SET "region" = 386 WHERE "id" = 484;
INSERT INTO "monitoredBy" VALUES (484, 480);
INSERT INTO "TrackElement" ("id") VALUES (485);
INSERT INTO "Segment" ("id", "length") VALUES (485, 387);
UPDATE "TrackElement" SET "region" = 386 WHERE "id" = 485;
INSERT INTO "monitoredBy" VALUES (485, 480);
INSERT INTO "Sensor" ("id") VALUES (486);
UPDATE "Sensor" SET "region" = 386 WHERE "id" = 486;
INSERT INTO "monitoredBy" VALUES (473, 486);
UPDATE "Sensor" SET "route" = 385 WHERE "id" = 486;
INSERT INTO "TrackElement" ("id") VALUES (487);
INSERT INTO "Segment" ("id", "length") VALUES (487, 533);
UPDATE "TrackElement" SET "region" = 386 WHERE "id" = 487;
INSERT INTO "monitoredBy" VALUES (487, 486);
INSERT INTO "TrackElement" ("id") VALUES (488);
INSERT INTO "Segment" ("id", "length") VALUES (488, 174);
UPDATE "TrackElement" SET "region" = 386 WHERE "id" = 488;
INSERT INTO "monitoredBy" VALUES (488, 486);
INSERT INTO "TrackElement" ("id") VALUES (489);
INSERT INTO "Segment" ("id", "length") VALUES (489, 99);
UPDATE "TrackElement" SET "region" = 386 WHERE "id" = 489;
INSERT INTO "monitoredBy" VALUES (489, 486);
INSERT INTO "TrackElement" ("id") VALUES (490);
INSERT INTO "Segment" ("id", "length") VALUES (490, 347);
UPDATE "TrackElement" SET "region" = 386 WHERE "id" = 490;
INSERT INTO "monitoredBy" VALUES (490, 486);
INSERT INTO "TrackElement" ("id") VALUES (491);
INSERT INTO "Segment" ("id", "length") VALUES (491, 679);
UPDATE "TrackElement" SET "region" = 386 WHERE "id" = 491;
INSERT INTO "monitoredBy" VALUES (491, 486);
INSERT INTO "Sensor" ("id") VALUES (492);
UPDATE "Sensor" SET "region" = 386 WHERE "id" = 492;
INSERT INTO "monitoredBy" VALUES (473, 492);
UPDATE "Sensor" SET "route" = 385 WHERE "id" = 492;
INSERT INTO "TrackElement" ("id") VALUES (493);
INSERT INTO "Segment" ("id", "length") VALUES (493, 95);
UPDATE "TrackElement" SET "region" = 386 WHERE "id" = 493;
INSERT INTO "monitoredBy" VALUES (493, 492);
INSERT INTO "TrackElement" ("id") VALUES (494);
INSERT INTO "Segment" ("id", "length") VALUES (494, 669);
UPDATE "TrackElement" SET "region" = 386 WHERE "id" = 494;
INSERT INTO "monitoredBy" VALUES (494, 492);
INSERT INTO "TrackElement" ("id") VALUES (495);
INSERT INTO "Segment" ("id", "length") VALUES (495, 628);
UPDATE "TrackElement" SET "region" = 386 WHERE "id" = 495;
INSERT INTO "monitoredBy" VALUES (495, 492);
INSERT INTO "TrackElement" ("id") VALUES (496);
INSERT INTO "Segment" ("id", "length") VALUES (496, 50);
UPDATE "TrackElement" SET "region" = 386 WHERE "id" = 496;
INSERT INTO "monitoredBy" VALUES (496, 492);
INSERT INTO "TrackElement" ("id") VALUES (497);
INSERT INTO "Segment" ("id", "length") VALUES (497, 44);
UPDATE "TrackElement" SET "region" = 386 WHERE "id" = 497;
INSERT INTO "monitoredBy" VALUES (497, 492);
INSERT INTO "Sensor" ("id") VALUES (498);
UPDATE "Sensor" SET "region" = 386 WHERE "id" = 498;
INSERT INTO "monitoredBy" VALUES (473, 498);
UPDATE "Sensor" SET "route" = 385 WHERE "id" = 498;
INSERT INTO "TrackElement" ("id") VALUES (499);
INSERT INTO "Segment" ("id", "length") VALUES (499, 685);
UPDATE "TrackElement" SET "region" = 386 WHERE "id" = 499;
INSERT INTO "monitoredBy" VALUES (499, 498);
INSERT INTO "TrackElement" ("id") VALUES (500);
INSERT INTO "Segment" ("id", "length") VALUES (500, 759);
UPDATE "TrackElement" SET "region" = 386 WHERE "id" = 500;
INSERT INTO "monitoredBy" VALUES (500, 498);
INSERT INTO "TrackElement" ("id") VALUES (501);
INSERT INTO "Segment" ("id", "length") VALUES (501, 233);
UPDATE "TrackElement" SET "region" = 386 WHERE "id" = 501;
INSERT INTO "monitoredBy" VALUES (501, 498);
INSERT INTO "TrackElement" ("id") VALUES (502);
INSERT INTO "Segment" ("id", "length") VALUES (502, 239);
UPDATE "TrackElement" SET "region" = 386 WHERE "id" = 502;
INSERT INTO "monitoredBy" VALUES (502, 498);
INSERT INTO "TrackElement" ("id") VALUES (503);
INSERT INTO "Segment" ("id", "length") VALUES (503, 466);
UPDATE "TrackElement" SET "region" = 386 WHERE "id" = 503;
INSERT INTO "monitoredBy" VALUES (503, 498);
INSERT INTO "Sensor" ("id") VALUES (504);
UPDATE "Sensor" SET "region" = 386 WHERE "id" = 504;
INSERT INTO "monitoredBy" VALUES (473, 504);
UPDATE "Sensor" SET "route" = 385 WHERE "id" = 504;
INSERT INTO "TrackElement" ("id") VALUES (505);
INSERT INTO "Segment" ("id", "length") VALUES (505, 868);
UPDATE "TrackElement" SET "region" = 386 WHERE "id" = 505;
INSERT INTO "monitoredBy" VALUES (505, 504);
INSERT INTO "TrackElement" ("id") VALUES (506);
INSERT INTO "Segment" ("id", "length") VALUES (506, 938);
UPDATE "TrackElement" SET "region" = 386 WHERE "id" = 506;
INSERT INTO "monitoredBy" VALUES (506, 504);
INSERT INTO "TrackElement" ("id") VALUES (507);
INSERT INTO "Segment" ("id", "length") VALUES (507, 675);
UPDATE "TrackElement" SET "region" = 386 WHERE "id" = 507;
INSERT INTO "monitoredBy" VALUES (507, 504);
INSERT INTO "TrackElement" ("id") VALUES (508);
INSERT INTO "Segment" ("id", "length") VALUES (508, 573);
UPDATE "TrackElement" SET "region" = 386 WHERE "id" = 508;
INSERT INTO "monitoredBy" VALUES (508, 504);
INSERT INTO "TrackElement" ("id") VALUES (509);
INSERT INTO "Segment" ("id", "length") VALUES (509, 220);
UPDATE "TrackElement" SET "region" = 386 WHERE "id" = 509;
INSERT INTO "monitoredBy" VALUES (509, 504);
INSERT INTO "Sensor" ("id") VALUES (510);
UPDATE "Sensor" SET "region" = 386 WHERE "id" = 510;
INSERT INTO "monitoredBy" VALUES (473, 510);
UPDATE "Sensor" SET "route" = 385 WHERE "id" = 510;
INSERT INTO "TrackElement" ("id") VALUES (511);
INSERT INTO "Segment" ("id", "length") VALUES (511, 674);
UPDATE "TrackElement" SET "region" = 386 WHERE "id" = 511;
INSERT INTO "monitoredBy" VALUES (511, 510);
INSERT INTO "TrackElement" ("id") VALUES (512);
INSERT INTO "Segment" ("id", "length") VALUES (512, 493);
UPDATE "TrackElement" SET "region" = 386 WHERE "id" = 512;
INSERT INTO "monitoredBy" VALUES (512, 510);
INSERT INTO "TrackElement" ("id") VALUES (513);
INSERT INTO "Segment" ("id", "length") VALUES (513, 777);
UPDATE "TrackElement" SET "region" = 386 WHERE "id" = 513;
INSERT INTO "monitoredBy" VALUES (513, 510);
INSERT INTO "TrackElement" ("id") VALUES (514);
INSERT INTO "Segment" ("id", "length") VALUES (514, -363);
UPDATE "TrackElement" SET "region" = 386 WHERE "id" = 514;
INSERT INTO "monitoredBy" VALUES (514, 510);
INSERT INTO "TrackElement" ("id") VALUES (515);
INSERT INTO "Segment" ("id", "length") VALUES (515, 297);
UPDATE "TrackElement" SET "region" = 386 WHERE "id" = 515;
INSERT INTO "monitoredBy" VALUES (515, 510);
INSERT INTO "Sensor" ("id") VALUES (516);
UPDATE "Sensor" SET "region" = 386 WHERE "id" = 516;
INSERT INTO "monitoredBy" VALUES (473, 516);
UPDATE "Sensor" SET "route" = 385 WHERE "id" = 516;
INSERT INTO "TrackElement" ("id") VALUES (517);
INSERT INTO "Segment" ("id", "length") VALUES (517, 343);
UPDATE "TrackElement" SET "region" = 386 WHERE "id" = 517;
INSERT INTO "monitoredBy" VALUES (517, 516);
INSERT INTO "TrackElement" ("id") VALUES (518);
INSERT INTO "Segment" ("id", "length") VALUES (518, 261);
UPDATE "TrackElement" SET "region" = 386 WHERE "id" = 518;
INSERT INTO "monitoredBy" VALUES (518, 516);
INSERT INTO "TrackElement" ("id") VALUES (519);
INSERT INTO "Segment" ("id", "length") VALUES (519, 378);
UPDATE "TrackElement" SET "region" = 386 WHERE "id" = 519;
INSERT INTO "monitoredBy" VALUES (519, 516);
INSERT INTO "TrackElement" ("id") VALUES (520);
INSERT INTO "Segment" ("id", "length") VALUES (520, 300);
UPDATE "TrackElement" SET "region" = 386 WHERE "id" = 520;
INSERT INTO "monitoredBy" VALUES (520, 516);
INSERT INTO "TrackElement" ("id") VALUES (521);
INSERT INTO "Segment" ("id", "length") VALUES (521, 403);
UPDATE "TrackElement" SET "region" = 386 WHERE "id" = 521;
INSERT INTO "monitoredBy" VALUES (521, 516);
INSERT INTO "Sensor" ("id") VALUES (522);
UPDATE "Sensor" SET "region" = 386 WHERE "id" = 522;
INSERT INTO "monitoredBy" VALUES (473, 522);
UPDATE "Sensor" SET "route" = 385 WHERE "id" = 522;
INSERT INTO "TrackElement" ("id") VALUES (523);
INSERT INTO "Segment" ("id", "length") VALUES (523, 808);
UPDATE "TrackElement" SET "region" = 386 WHERE "id" = 523;
INSERT INTO "monitoredBy" VALUES (523, 522);
INSERT INTO "TrackElement" ("id") VALUES (524);
INSERT INTO "Segment" ("id", "length") VALUES (524, 77);
UPDATE "TrackElement" SET "region" = 386 WHERE "id" = 524;
INSERT INTO "monitoredBy" VALUES (524, 522);
INSERT INTO "TrackElement" ("id") VALUES (525);
INSERT INTO "Segment" ("id", "length") VALUES (525, 419);
UPDATE "TrackElement" SET "region" = 386 WHERE "id" = 525;
INSERT INTO "monitoredBy" VALUES (525, 522);
INSERT INTO "TrackElement" ("id") VALUES (526);
INSERT INTO "Segment" ("id", "length") VALUES (526, 752);
UPDATE "TrackElement" SET "region" = 386 WHERE "id" = 526;
INSERT INTO "monitoredBy" VALUES (526, 522);
INSERT INTO "TrackElement" ("id") VALUES (527);
INSERT INTO "Segment" ("id", "length") VALUES (527, 100);
UPDATE "TrackElement" SET "region" = 386 WHERE "id" = 527;
INSERT INTO "monitoredBy" VALUES (527, 522);
UPDATE "Switch" SET "currentPosition" = 1 WHERE "id" = 473;
INSERT INTO "SwitchPosition" ("id", "position", "target") VALUES (528, 1, 473);
UPDATE "SwitchPosition" SET "route" = 385 WHERE "id" = 528;
INSERT INTO "TrackElement" ("id") VALUES (529);
INSERT INTO "Switch" ("id") VALUES (529);
UPDATE "TrackElement" SET "region" = 386 WHERE "id" = 529;
INSERT INTO "Sensor" ("id") VALUES (530);
UPDATE "Sensor" SET "region" = 386 WHERE "id" = 530;
INSERT INTO "monitoredBy" VALUES (529, 530);
UPDATE "Sensor" SET "route" = 385 WHERE "id" = 530;
INSERT INTO "TrackElement" ("id") VALUES (531);
INSERT INTO "Segment" ("id", "length") VALUES (531, 986);
UPDATE "TrackElement" SET "region" = 386 WHERE "id" = 531;
INSERT INTO "monitoredBy" VALUES (531, 530);
INSERT INTO "TrackElement" ("id") VALUES (532);
INSERT INTO "Segment" ("id", "length") VALUES (532, 487);
UPDATE "TrackElement" SET "region" = 386 WHERE "id" = 532;
INSERT INTO "monitoredBy" VALUES (532, 530);
INSERT INTO "TrackElement" ("id") VALUES (533);
INSERT INTO "Segment" ("id", "length") VALUES (533, 461);
UPDATE "TrackElement" SET "region" = 386 WHERE "id" = 533;
INSERT INTO "monitoredBy" VALUES (533, 530);
INSERT INTO "TrackElement" ("id") VALUES (534);
INSERT INTO "Segment" ("id", "length") VALUES (534, 997);
UPDATE "TrackElement" SET "region" = 386 WHERE "id" = 534;
INSERT INTO "monitoredBy" VALUES (534, 530);
INSERT INTO "TrackElement" ("id") VALUES (535);
INSERT INTO "Segment" ("id", "length") VALUES (535, 25);
UPDATE "TrackElement" SET "region" = 386 WHERE "id" = 535;
INSERT INTO "monitoredBy" VALUES (535, 530);
INSERT INTO "TrackElement" ("id") VALUES (536);
INSERT INTO "Segment" ("id", "length") VALUES (536, 723);
UPDATE "TrackElement" SET "region" = 386 WHERE "id" = 536;
INSERT INTO "monitoredBy" VALUES (536, 530);
INSERT INTO "Sensor" ("id") VALUES (537);
UPDATE "Sensor" SET "region" = 386 WHERE "id" = 537;
INSERT INTO "monitoredBy" VALUES (529, 537);
UPDATE "Sensor" SET "route" = 385 WHERE "id" = 537;
INSERT INTO "TrackElement" ("id") VALUES (538);
INSERT INTO "Segment" ("id", "length") VALUES (538, 375);
UPDATE "TrackElement" SET "region" = 386 WHERE "id" = 538;
INSERT INTO "monitoredBy" VALUES (538, 537);
INSERT INTO "TrackElement" ("id") VALUES (539);
INSERT INTO "Segment" ("id", "length") VALUES (539, 727);
UPDATE "TrackElement" SET "region" = 386 WHERE "id" = 539;
INSERT INTO "monitoredBy" VALUES (539, 537);
INSERT INTO "TrackElement" ("id") VALUES (540);
INSERT INTO "Segment" ("id", "length") VALUES (540, 77);
UPDATE "TrackElement" SET "region" = 386 WHERE "id" = 540;
INSERT INTO "monitoredBy" VALUES (540, 537);
INSERT INTO "TrackElement" ("id") VALUES (541);
INSERT INTO "Segment" ("id", "length") VALUES (541, 84);
UPDATE "TrackElement" SET "region" = 386 WHERE "id" = 541;
INSERT INTO "monitoredBy" VALUES (541, 537);
INSERT INTO "TrackElement" ("id") VALUES (542);
INSERT INTO "Segment" ("id", "length") VALUES (542, 11);
UPDATE "TrackElement" SET "region" = 386 WHERE "id" = 542;
INSERT INTO "monitoredBy" VALUES (542, 537);
INSERT INTO "Sensor" ("id") VALUES (543);
UPDATE "Sensor" SET "region" = 386 WHERE "id" = 543;
INSERT INTO "monitoredBy" VALUES (529, 543);
UPDATE "Sensor" SET "route" = 385 WHERE "id" = 543;
INSERT INTO "TrackElement" ("id") VALUES (544);
INSERT INTO "Segment" ("id", "length") VALUES (544, 53);
UPDATE "TrackElement" SET "region" = 386 WHERE "id" = 544;
INSERT INTO "monitoredBy" VALUES (544, 543);
INSERT INTO "TrackElement" ("id") VALUES (545);
INSERT INTO "Segment" ("id", "length") VALUES (545, 573);
UPDATE "TrackElement" SET "region" = 386 WHERE "id" = 545;
INSERT INTO "monitoredBy" VALUES (545, 543);
INSERT INTO "TrackElement" ("id") VALUES (546);
INSERT INTO "Segment" ("id", "length") VALUES (546, 447);
UPDATE "TrackElement" SET "region" = 386 WHERE "id" = 546;
INSERT INTO "monitoredBy" VALUES (546, 543);
INSERT INTO "TrackElement" ("id") VALUES (547);
INSERT INTO "Segment" ("id", "length") VALUES (547, 340);
UPDATE "TrackElement" SET "region" = 386 WHERE "id" = 547;
INSERT INTO "monitoredBy" VALUES (547, 543);
INSERT INTO "TrackElement" ("id") VALUES (548);
INSERT INTO "Segment" ("id", "length") VALUES (548, 748);
UPDATE "TrackElement" SET "region" = 386 WHERE "id" = 548;
INSERT INTO "monitoredBy" VALUES (548, 543);
INSERT INTO "Sensor" ("id") VALUES (549);
UPDATE "Sensor" SET "region" = 386 WHERE "id" = 549;
INSERT INTO "monitoredBy" VALUES (529, 549);
UPDATE "Sensor" SET "route" = 385 WHERE "id" = 549;
INSERT INTO "TrackElement" ("id") VALUES (550);
INSERT INTO "Segment" ("id", "length") VALUES (550, 911);
UPDATE "TrackElement" SET "region" = 386 WHERE "id" = 550;
INSERT INTO "monitoredBy" VALUES (550, 549);
INSERT INTO "TrackElement" ("id") VALUES (551);
INSERT INTO "Segment" ("id", "length") VALUES (551, 837);
UPDATE "TrackElement" SET "region" = 386 WHERE "id" = 551;
INSERT INTO "monitoredBy" VALUES (551, 549);
INSERT INTO "TrackElement" ("id") VALUES (552);
INSERT INTO "Segment" ("id", "length") VALUES (552, 245);
UPDATE "TrackElement" SET "region" = 386 WHERE "id" = 552;
INSERT INTO "monitoredBy" VALUES (552, 549);
INSERT INTO "TrackElement" ("id") VALUES (553);
INSERT INTO "Segment" ("id", "length") VALUES (553, 171);
UPDATE "TrackElement" SET "region" = 386 WHERE "id" = 553;
INSERT INTO "monitoredBy" VALUES (553, 549);
INSERT INTO "TrackElement" ("id") VALUES (554);
INSERT INTO "Segment" ("id", "length") VALUES (554, 83);
UPDATE "TrackElement" SET "region" = 386 WHERE "id" = 554;
INSERT INTO "monitoredBy" VALUES (554, 549);
INSERT INTO "Sensor" ("id") VALUES (555);
UPDATE "Sensor" SET "region" = 386 WHERE "id" = 555;
INSERT INTO "monitoredBy" VALUES (529, 555);
UPDATE "Sensor" SET "route" = 385 WHERE "id" = 555;
INSERT INTO "TrackElement" ("id") VALUES (556);
INSERT INTO "Segment" ("id", "length") VALUES (556, -816);
UPDATE "TrackElement" SET "region" = 386 WHERE "id" = 556;
INSERT INTO "monitoredBy" VALUES (556, 555);
INSERT INTO "TrackElement" ("id") VALUES (557);
INSERT INTO "Segment" ("id", "length") VALUES (557, 220);
UPDATE "TrackElement" SET "region" = 386 WHERE "id" = 557;
INSERT INTO "monitoredBy" VALUES (557, 555);
INSERT INTO "TrackElement" ("id") VALUES (558);
INSERT INTO "Segment" ("id", "length") VALUES (558, 851);
UPDATE "TrackElement" SET "region" = 386 WHERE "id" = 558;
INSERT INTO "monitoredBy" VALUES (558, 555);
INSERT INTO "TrackElement" ("id") VALUES (559);
INSERT INTO "Segment" ("id", "length") VALUES (559, 38);
UPDATE "TrackElement" SET "region" = 386 WHERE "id" = 559;
INSERT INTO "monitoredBy" VALUES (559, 555);
INSERT INTO "TrackElement" ("id") VALUES (560);
INSERT INTO "Segment" ("id", "length") VALUES (560, 399);
UPDATE "TrackElement" SET "region" = 386 WHERE "id" = 560;
INSERT INTO "monitoredBy" VALUES (560, 555);
INSERT INTO "Sensor" ("id") VALUES (561);
UPDATE "Sensor" SET "region" = 386 WHERE "id" = 561;
INSERT INTO "monitoredBy" VALUES (529, 561);
UPDATE "Sensor" SET "route" = 385 WHERE "id" = 561;
INSERT INTO "TrackElement" ("id") VALUES (562);
INSERT INTO "Segment" ("id", "length") VALUES (562, 721);
UPDATE "TrackElement" SET "region" = 386 WHERE "id" = 562;
INSERT INTO "monitoredBy" VALUES (562, 561);
INSERT INTO "TrackElement" ("id") VALUES (563);
INSERT INTO "Segment" ("id", "length") VALUES (563, 394);
UPDATE "TrackElement" SET "region" = 386 WHERE "id" = 563;
INSERT INTO "monitoredBy" VALUES (563, 561);
INSERT INTO "TrackElement" ("id") VALUES (564);
INSERT INTO "Segment" ("id", "length") VALUES (564, 904);
UPDATE "TrackElement" SET "region" = 386 WHERE "id" = 564;
INSERT INTO "monitoredBy" VALUES (564, 561);
INSERT INTO "TrackElement" ("id") VALUES (565);
INSERT INTO "Segment" ("id", "length") VALUES (565, 939);
UPDATE "TrackElement" SET "region" = 386 WHERE "id" = 565;
INSERT INTO "monitoredBy" VALUES (565, 561);
INSERT INTO "TrackElement" ("id") VALUES (566);
INSERT INTO "Segment" ("id", "length") VALUES (566, 303);
UPDATE "TrackElement" SET "region" = 386 WHERE "id" = 566;
INSERT INTO "monitoredBy" VALUES (566, 561);
INSERT INTO "Sensor" ("id") VALUES (567);
UPDATE "Sensor" SET "region" = 386 WHERE "id" = 567;
INSERT INTO "monitoredBy" VALUES (529, 567);
UPDATE "Sensor" SET "route" = 385 WHERE "id" = 567;
INSERT INTO "TrackElement" ("id") VALUES (568);
INSERT INTO "Segment" ("id", "length") VALUES (568, 803);
UPDATE "TrackElement" SET "region" = 386 WHERE "id" = 568;
INSERT INTO "monitoredBy" VALUES (568, 567);
INSERT INTO "TrackElement" ("id") VALUES (569);
INSERT INTO "Segment" ("id", "length") VALUES (569, 780);
UPDATE "TrackElement" SET "region" = 386 WHERE "id" = 569;
INSERT INTO "monitoredBy" VALUES (569, 567);
INSERT INTO "TrackElement" ("id") VALUES (570);
INSERT INTO "Segment" ("id", "length") VALUES (570, 97);
UPDATE "TrackElement" SET "region" = 386 WHERE "id" = 570;
INSERT INTO "monitoredBy" VALUES (570, 567);
INSERT INTO "TrackElement" ("id") VALUES (571);
INSERT INTO "Segment" ("id", "length") VALUES (571, 157);
UPDATE "TrackElement" SET "region" = 386 WHERE "id" = 571;
INSERT INTO "monitoredBy" VALUES (571, 567);
INSERT INTO "TrackElement" ("id") VALUES (572);
INSERT INTO "Segment" ("id", "length") VALUES (572, 365);
UPDATE "TrackElement" SET "region" = 386 WHERE "id" = 572;
INSERT INTO "monitoredBy" VALUES (572, 567);
INSERT INTO "Sensor" ("id") VALUES (573);
UPDATE "Sensor" SET "region" = 386 WHERE "id" = 573;
INSERT INTO "monitoredBy" VALUES (529, 573);
UPDATE "Sensor" SET "route" = 385 WHERE "id" = 573;
INSERT INTO "TrackElement" ("id") VALUES (574);
INSERT INTO "Segment" ("id", "length") VALUES (574, 714);
UPDATE "TrackElement" SET "region" = 386 WHERE "id" = 574;
INSERT INTO "monitoredBy" VALUES (574, 573);
INSERT INTO "TrackElement" ("id") VALUES (575);
INSERT INTO "Segment" ("id", "length") VALUES (575, 210);
UPDATE "TrackElement" SET "region" = 386 WHERE "id" = 575;
INSERT INTO "monitoredBy" VALUES (575, 573);
INSERT INTO "TrackElement" ("id") VALUES (576);
INSERT INTO "Segment" ("id", "length") VALUES (576, 630);
UPDATE "TrackElement" SET "region" = 386 WHERE "id" = 576;
INSERT INTO "monitoredBy" VALUES (576, 573);
INSERT INTO "TrackElement" ("id") VALUES (577);
INSERT INTO "Segment" ("id", "length") VALUES (577, 61);
UPDATE "TrackElement" SET "region" = 386 WHERE "id" = 577;
INSERT INTO "monitoredBy" VALUES (577, 573);
INSERT INTO "TrackElement" ("id") VALUES (578);
INSERT INTO "Segment" ("id", "length") VALUES (578, 807);
UPDATE "TrackElement" SET "region" = 386 WHERE "id" = 578;
INSERT INTO "monitoredBy" VALUES (578, 573);
INSERT INTO "Sensor" ("id") VALUES (579);
UPDATE "Sensor" SET "region" = 386 WHERE "id" = 579;
INSERT INTO "monitoredBy" VALUES (529, 579);
UPDATE "Sensor" SET "route" = 385 WHERE "id" = 579;
INSERT INTO "TrackElement" ("id") VALUES (580);
INSERT INTO "Segment" ("id", "length") VALUES (580, 387);
UPDATE "TrackElement" SET "region" = 386 WHERE "id" = 580;
INSERT INTO "monitoredBy" VALUES (580, 579);
INSERT INTO "TrackElement" ("id") VALUES (581);
INSERT INTO "Segment" ("id", "length") VALUES (581, 864);
UPDATE "TrackElement" SET "region" = 386 WHERE "id" = 581;
INSERT INTO "monitoredBy" VALUES (581, 579);
INSERT INTO "TrackElement" ("id") VALUES (582);
INSERT INTO "Segment" ("id", "length") VALUES (582, 731);
UPDATE "TrackElement" SET "region" = 386 WHERE "id" = 582;
INSERT INTO "monitoredBy" VALUES (582, 579);
INSERT INTO "TrackElement" ("id") VALUES (583);
INSERT INTO "Segment" ("id", "length") VALUES (583, 761);
UPDATE "TrackElement" SET "region" = 386 WHERE "id" = 583;
INSERT INTO "monitoredBy" VALUES (583, 579);
INSERT INTO "TrackElement" ("id") VALUES (584);
INSERT INTO "Segment" ("id", "length") VALUES (584, 98);
UPDATE "TrackElement" SET "region" = 386 WHERE "id" = 584;
INSERT INTO "monitoredBy" VALUES (584, 579);
UPDATE "Switch" SET "currentPosition" = 1 WHERE "id" = 529;
INSERT INTO "SwitchPosition" ("id", "position", "target") VALUES (585, 1, 529);
UPDATE "SwitchPosition" SET "route" = 385 WHERE "id" = 585;
INSERT INTO "TrackElement" ("id") VALUES (586);
INSERT INTO "Switch" ("id") VALUES (586);
UPDATE "TrackElement" SET "region" = 386 WHERE "id" = 586;
INSERT INTO "Sensor" ("id") VALUES (587);
UPDATE "Sensor" SET "region" = 386 WHERE "id" = 587;
INSERT INTO "monitoredBy" VALUES (586, 587);
UPDATE "Sensor" SET "route" = 385 WHERE "id" = 587;
INSERT INTO "TrackElement" ("id") VALUES (588);
INSERT INTO "Segment" ("id", "length") VALUES (588, 78);
UPDATE "TrackElement" SET "region" = 386 WHERE "id" = 588;
INSERT INTO "monitoredBy" VALUES (588, 587);
INSERT INTO "TrackElement" ("id") VALUES (589);
INSERT INTO "Segment" ("id", "length") VALUES (589, 573);
UPDATE "TrackElement" SET "region" = 386 WHERE "id" = 589;
INSERT INTO "monitoredBy" VALUES (589, 587);
INSERT INTO "TrackElement" ("id") VALUES (590);
INSERT INTO "Segment" ("id", "length") VALUES (590, 808);
UPDATE "TrackElement" SET "region" = 386 WHERE "id" = 590;
INSERT INTO "monitoredBy" VALUES (590, 587);
INSERT INTO "TrackElement" ("id") VALUES (591);
INSERT INTO "Segment" ("id", "length") VALUES (591, 631);
UPDATE "TrackElement" SET "region" = 386 WHERE "id" = 591;
INSERT INTO "monitoredBy" VALUES (591, 587);
INSERT INTO "TrackElement" ("id") VALUES (592);
INSERT INTO "Segment" ("id", "length") VALUES (592, 284);
UPDATE "TrackElement" SET "region" = 386 WHERE "id" = 592;
INSERT INTO "monitoredBy" VALUES (592, 587);
INSERT INTO "Sensor" ("id") VALUES (593);
UPDATE "Sensor" SET "region" = 386 WHERE "id" = 593;
INSERT INTO "monitoredBy" VALUES (586, 593);
UPDATE "Sensor" SET "route" = 385 WHERE "id" = 593;
INSERT INTO "TrackElement" ("id") VALUES (594);
INSERT INTO "Segment" ("id", "length") VALUES (594, 700);
UPDATE "TrackElement" SET "region" = 386 WHERE "id" = 594;
INSERT INTO "monitoredBy" VALUES (594, 593);
INSERT INTO "TrackElement" ("id") VALUES (595);
INSERT INTO "Segment" ("id", "length") VALUES (595, 918);
UPDATE "TrackElement" SET "region" = 386 WHERE "id" = 595;
INSERT INTO "monitoredBy" VALUES (595, 593);
INSERT INTO "TrackElement" ("id") VALUES (596);
INSERT INTO "Segment" ("id", "length") VALUES (596, 648);
UPDATE "TrackElement" SET "region" = 386 WHERE "id" = 596;
INSERT INTO "monitoredBy" VALUES (596, 593);
INSERT INTO "TrackElement" ("id") VALUES (597);
INSERT INTO "Segment" ("id", "length") VALUES (597, 300);
UPDATE "TrackElement" SET "region" = 386 WHERE "id" = 597;
INSERT INTO "monitoredBy" VALUES (597, 593);
INSERT INTO "TrackElement" ("id") VALUES (598);
INSERT INTO "Segment" ("id", "length") VALUES (598, 212);
UPDATE "TrackElement" SET "region" = 386 WHERE "id" = 598;
INSERT INTO "monitoredBy" VALUES (598, 593);
INSERT INTO "Sensor" ("id") VALUES (599);
UPDATE "Sensor" SET "region" = 386 WHERE "id" = 599;
INSERT INTO "monitoredBy" VALUES (586, 599);
UPDATE "Sensor" SET "route" = 385 WHERE "id" = 599;
INSERT INTO "TrackElement" ("id") VALUES (600);
INSERT INTO "Segment" ("id", "length") VALUES (600, 701);
UPDATE "TrackElement" SET "region" = 386 WHERE "id" = 600;
INSERT INTO "monitoredBy" VALUES (600, 599);
INSERT INTO "TrackElement" ("id") VALUES (601);
INSERT INTO "Segment" ("id", "length") VALUES (601, 365);
UPDATE "TrackElement" SET "region" = 386 WHERE "id" = 601;
INSERT INTO "monitoredBy" VALUES (601, 599);
INSERT INTO "TrackElement" ("id") VALUES (602);
INSERT INTO "Segment" ("id", "length") VALUES (602, 477);
UPDATE "TrackElement" SET "region" = 386 WHERE "id" = 602;
INSERT INTO "monitoredBy" VALUES (602, 599);
INSERT INTO "TrackElement" ("id") VALUES (603);
INSERT INTO "Segment" ("id", "length") VALUES (603, 166);
UPDATE "TrackElement" SET "region" = 386 WHERE "id" = 603;
INSERT INTO "monitoredBy" VALUES (603, 599);
INSERT INTO "TrackElement" ("id") VALUES (604);
INSERT INTO "Segment" ("id", "length") VALUES (604, 379);
UPDATE "TrackElement" SET "region" = 386 WHERE "id" = 604;
INSERT INTO "monitoredBy" VALUES (604, 599);
UPDATE "Switch" SET "currentPosition" = 0 WHERE "id" = 586;
INSERT INTO "SwitchPosition" ("id", "position", "target") VALUES (605, 0, 586);
UPDATE "SwitchPosition" SET "route" = 385 WHERE "id" = 605;
INSERT INTO "TrackElement" ("id") VALUES (606);
INSERT INTO "Switch" ("id") VALUES (606);
UPDATE "TrackElement" SET "region" = 386 WHERE "id" = 606;
INSERT INTO "Sensor" ("id") VALUES (607);
UPDATE "Sensor" SET "region" = 386 WHERE "id" = 607;
INSERT INTO "monitoredBy" VALUES (606, 607);
UPDATE "Sensor" SET "route" = 385 WHERE "id" = 607;
INSERT INTO "TrackElement" ("id") VALUES (608);
INSERT INTO "Segment" ("id", "length") VALUES (608, 945);
UPDATE "TrackElement" SET "region" = 386 WHERE "id" = 608;
INSERT INTO "monitoredBy" VALUES (608, 607);
INSERT INTO "TrackElement" ("id") VALUES (609);
INSERT INTO "Segment" ("id", "length") VALUES (609, 997);
UPDATE "TrackElement" SET "region" = 386 WHERE "id" = 609;
INSERT INTO "monitoredBy" VALUES (609, 607);
INSERT INTO "TrackElement" ("id") VALUES (610);
INSERT INTO "Segment" ("id", "length") VALUES (610, 681);
UPDATE "TrackElement" SET "region" = 386 WHERE "id" = 610;
INSERT INTO "monitoredBy" VALUES (610, 607);
INSERT INTO "TrackElement" ("id") VALUES (611);
INSERT INTO "Segment" ("id", "length") VALUES (611, 80);
UPDATE "TrackElement" SET "region" = 386 WHERE "id" = 611;
INSERT INTO "monitoredBy" VALUES (611, 607);
INSERT INTO "TrackElement" ("id") VALUES (612);
INSERT INTO "Segment" ("id", "length") VALUES (612, 913);
UPDATE "TrackElement" SET "region" = 386 WHERE "id" = 612;
INSERT INTO "monitoredBy" VALUES (612, 607);
INSERT INTO "Sensor" ("id") VALUES (613);
UPDATE "Sensor" SET "region" = 386 WHERE "id" = 613;
INSERT INTO "monitoredBy" VALUES (606, 613);
UPDATE "Sensor" SET "route" = 385 WHERE "id" = 613;
INSERT INTO "TrackElement" ("id") VALUES (614);
INSERT INTO "Segment" ("id", "length") VALUES (614, 557);
UPDATE "TrackElement" SET "region" = 386 WHERE "id" = 614;
INSERT INTO "monitoredBy" VALUES (614, 613);
INSERT INTO "TrackElement" ("id") VALUES (615);
INSERT INTO "Segment" ("id", "length") VALUES (615, 165);
UPDATE "TrackElement" SET "region" = 386 WHERE "id" = 615;
INSERT INTO "monitoredBy" VALUES (615, 613);
INSERT INTO "TrackElement" ("id") VALUES (616);
INSERT INTO "Segment" ("id", "length") VALUES (616, 238);
UPDATE "TrackElement" SET "region" = 386 WHERE "id" = 616;
INSERT INTO "monitoredBy" VALUES (616, 613);
INSERT INTO "TrackElement" ("id") VALUES (617);
INSERT INTO "Segment" ("id", "length") VALUES (617, 691);
UPDATE "TrackElement" SET "region" = 386 WHERE "id" = 617;
INSERT INTO "monitoredBy" VALUES (617, 613);
INSERT INTO "TrackElement" ("id") VALUES (618);
INSERT INTO "Segment" ("id", "length") VALUES (618, 804);
UPDATE "TrackElement" SET "region" = 386 WHERE "id" = 618;
INSERT INTO "monitoredBy" VALUES (618, 613);
UPDATE "Switch" SET "currentPosition" = 2 WHERE "id" = 606;
INSERT INTO "SwitchPosition" ("id", "position", "target") VALUES (619, 2, 606);
UPDATE "SwitchPosition" SET "route" = 385 WHERE "id" = 619;
INSERT INTO "TrackElement" ("id") VALUES (620);
INSERT INTO "Switch" ("id") VALUES (620);
UPDATE "TrackElement" SET "region" = 386 WHERE "id" = 620;
INSERT INTO "Sensor" ("id") VALUES (621);
UPDATE "Sensor" SET "region" = 386 WHERE "id" = 621;
INSERT INTO "monitoredBy" VALUES (620, 621);
UPDATE "Sensor" SET "route" = 385 WHERE "id" = 621;
INSERT INTO "TrackElement" ("id") VALUES (622);
INSERT INTO "Segment" ("id", "length") VALUES (622, 113);
UPDATE "TrackElement" SET "region" = 386 WHERE "id" = 622;
INSERT INTO "monitoredBy" VALUES (622, 621);
INSERT INTO "TrackElement" ("id") VALUES (623);
INSERT INTO "Segment" ("id", "length") VALUES (623, 575);
UPDATE "TrackElement" SET "region" = 386 WHERE "id" = 623;
INSERT INTO "monitoredBy" VALUES (623, 621);
INSERT INTO "TrackElement" ("id") VALUES (624);
INSERT INTO "Segment" ("id", "length") VALUES (624, 131);
UPDATE "TrackElement" SET "region" = 386 WHERE "id" = 624;
INSERT INTO "monitoredBy" VALUES (624, 621);
INSERT INTO "TrackElement" ("id") VALUES (625);
INSERT INTO "Segment" ("id", "length") VALUES (625, 211);
UPDATE "TrackElement" SET "region" = 386 WHERE "id" = 625;
INSERT INTO "monitoredBy" VALUES (625, 621);
INSERT INTO "TrackElement" ("id") VALUES (626);
INSERT INTO "Segment" ("id", "length") VALUES (626, 911);
UPDATE "TrackElement" SET "region" = 386 WHERE "id" = 626;
INSERT INTO "monitoredBy" VALUES (626, 621);
INSERT INTO "Sensor" ("id") VALUES (627);
UPDATE "Sensor" SET "region" = 386 WHERE "id" = 627;
INSERT INTO "monitoredBy" VALUES (620, 627);
INSERT INTO "TrackElement" ("id") VALUES (628);
INSERT INTO "Segment" ("id", "length") VALUES (628, 248);
UPDATE "TrackElement" SET "region" = 386 WHERE "id" = 628;
INSERT INTO "monitoredBy" VALUES (628, 627);
INSERT INTO "TrackElement" ("id") VALUES (629);
INSERT INTO "Segment" ("id", "length") VALUES (629, 351);
UPDATE "TrackElement" SET "region" = 386 WHERE "id" = 629;
INSERT INTO "monitoredBy" VALUES (629, 627);
INSERT INTO "TrackElement" ("id") VALUES (630);
INSERT INTO "Segment" ("id", "length") VALUES (630, 95);
UPDATE "TrackElement" SET "region" = 386 WHERE "id" = 630;
INSERT INTO "monitoredBy" VALUES (630, 627);
INSERT INTO "TrackElement" ("id") VALUES (631);
INSERT INTO "Segment" ("id", "length") VALUES (631, 912);
UPDATE "TrackElement" SET "region" = 386 WHERE "id" = 631;
INSERT INTO "monitoredBy" VALUES (631, 627);
INSERT INTO "TrackElement" ("id") VALUES (632);
INSERT INTO "Segment" ("id", "length") VALUES (632, 99);
UPDATE "TrackElement" SET "region" = 386 WHERE "id" = 632;
INSERT INTO "monitoredBy" VALUES (632, 627);
INSERT INTO "Sensor" ("id") VALUES (633);
UPDATE "Sensor" SET "region" = 386 WHERE "id" = 633;
INSERT INTO "monitoredBy" VALUES (620, 633);
UPDATE "Sensor" SET "route" = 385 WHERE "id" = 633;
INSERT INTO "TrackElement" ("id") VALUES (634);
INSERT INTO "Segment" ("id", "length") VALUES (634, 504);
UPDATE "TrackElement" SET "region" = 386 WHERE "id" = 634;
INSERT INTO "monitoredBy" VALUES (634, 633);
INSERT INTO "TrackElement" ("id") VALUES (635);
INSERT INTO "Segment" ("id", "length") VALUES (635, 471);
UPDATE "TrackElement" SET "region" = 386 WHERE "id" = 635;
INSERT INTO "monitoredBy" VALUES (635, 633);
INSERT INTO "TrackElement" ("id") VALUES (636);
INSERT INTO "Segment" ("id", "length") VALUES (636, 525);
UPDATE "TrackElement" SET "region" = 386 WHERE "id" = 636;
INSERT INTO "monitoredBy" VALUES (636, 633);
INSERT INTO "TrackElement" ("id") VALUES (637);
INSERT INTO "Segment" ("id", "length") VALUES (637, 795);
UPDATE "TrackElement" SET "region" = 386 WHERE "id" = 637;
INSERT INTO "monitoredBy" VALUES (637, 633);
INSERT INTO "TrackElement" ("id") VALUES (638);
INSERT INTO "Segment" ("id", "length") VALUES (638, 636);
UPDATE "TrackElement" SET "region" = 386 WHERE "id" = 638;
INSERT INTO "monitoredBy" VALUES (638, 633);
INSERT INTO "Sensor" ("id") VALUES (639);
UPDATE "Sensor" SET "region" = 386 WHERE "id" = 639;
INSERT INTO "monitoredBy" VALUES (620, 639);
UPDATE "Sensor" SET "route" = 385 WHERE "id" = 639;
INSERT INTO "TrackElement" ("id") VALUES (640);
INSERT INTO "Segment" ("id", "length") VALUES (640, 367);
UPDATE "TrackElement" SET "region" = 386 WHERE "id" = 640;
INSERT INTO "monitoredBy" VALUES (640, 639);
INSERT INTO "TrackElement" ("id") VALUES (641);
INSERT INTO "Segment" ("id", "length") VALUES (641, 685);
UPDATE "TrackElement" SET "region" = 386 WHERE "id" = 641;
INSERT INTO "monitoredBy" VALUES (641, 639);
INSERT INTO "TrackElement" ("id") VALUES (642);
INSERT INTO "Segment" ("id", "length") VALUES (642, 148);
UPDATE "TrackElement" SET "region" = 386 WHERE "id" = 642;
INSERT INTO "monitoredBy" VALUES (642, 639);
INSERT INTO "TrackElement" ("id") VALUES (643);
INSERT INTO "Segment" ("id", "length") VALUES (643, 768);
UPDATE "TrackElement" SET "region" = 386 WHERE "id" = 643;
INSERT INTO "monitoredBy" VALUES (643, 639);
INSERT INTO "TrackElement" ("id") VALUES (644);
INSERT INTO "Segment" ("id", "length") VALUES (644, 905);
UPDATE "TrackElement" SET "region" = 386 WHERE "id" = 644;
INSERT INTO "monitoredBy" VALUES (644, 639);
INSERT INTO "Sensor" ("id") VALUES (645);
UPDATE "Sensor" SET "region" = 386 WHERE "id" = 645;
INSERT INTO "monitoredBy" VALUES (620, 645);
UPDATE "Sensor" SET "route" = 385 WHERE "id" = 645;
INSERT INTO "TrackElement" ("id") VALUES (646);
INSERT INTO "Segment" ("id", "length") VALUES (646, -263);
UPDATE "TrackElement" SET "region" = 386 WHERE "id" = 646;
INSERT INTO "monitoredBy" VALUES (646, 645);
INSERT INTO "TrackElement" ("id") VALUES (647);
INSERT INTO "Segment" ("id", "length") VALUES (647, 926);
UPDATE "TrackElement" SET "region" = 386 WHERE "id" = 647;
INSERT INTO "monitoredBy" VALUES (647, 645);
INSERT INTO "TrackElement" ("id") VALUES (648);
INSERT INTO "Segment" ("id", "length") VALUES (648, 672);
UPDATE "TrackElement" SET "region" = 386 WHERE "id" = 648;
INSERT INTO "monitoredBy" VALUES (648, 645);
INSERT INTO "TrackElement" ("id") VALUES (649);
INSERT INTO "Segment" ("id", "length") VALUES (649, 496);
UPDATE "TrackElement" SET "region" = 386 WHERE "id" = 649;
INSERT INTO "monitoredBy" VALUES (649, 645);
INSERT INTO "TrackElement" ("id") VALUES (650);
INSERT INTO "Segment" ("id", "length") VALUES (650, 551);
UPDATE "TrackElement" SET "region" = 386 WHERE "id" = 650;
INSERT INTO "monitoredBy" VALUES (650, 645);
INSERT INTO "TrackElement" ("id") VALUES (651);
INSERT INTO "Segment" ("id", "length") VALUES (651, 763);
UPDATE "TrackElement" SET "region" = 386 WHERE "id" = 651;
INSERT INTO "monitoredBy" VALUES (651, 645);
INSERT INTO "Sensor" ("id") VALUES (652);
UPDATE "Sensor" SET "region" = 386 WHERE "id" = 652;
INSERT INTO "monitoredBy" VALUES (620, 652);
UPDATE "Sensor" SET "route" = 385 WHERE "id" = 652;
INSERT INTO "TrackElement" ("id") VALUES (653);
INSERT INTO "Segment" ("id", "length") VALUES (653, 929);
UPDATE "TrackElement" SET "region" = 386 WHERE "id" = 653;
INSERT INTO "monitoredBy" VALUES (653, 652);
INSERT INTO "TrackElement" ("id") VALUES (654);
INSERT INTO "Segment" ("id", "length") VALUES (654, 710);
UPDATE "TrackElement" SET "region" = 386 WHERE "id" = 654;
INSERT INTO "monitoredBy" VALUES (654, 652);
INSERT INTO "TrackElement" ("id") VALUES (655);
INSERT INTO "Segment" ("id", "length") VALUES (655, 52);
UPDATE "TrackElement" SET "region" = 386 WHERE "id" = 655;
INSERT INTO "monitoredBy" VALUES (655, 652);
INSERT INTO "TrackElement" ("id") VALUES (656);
INSERT INTO "Segment" ("id", "length") VALUES (656, 667);
UPDATE "TrackElement" SET "region" = 386 WHERE "id" = 656;
INSERT INTO "monitoredBy" VALUES (656, 652);
INSERT INTO "TrackElement" ("id") VALUES (657);
INSERT INTO "Segment" ("id", "length") VALUES (657, 285);
UPDATE "TrackElement" SET "region" = 386 WHERE "id" = 657;
INSERT INTO "monitoredBy" VALUES (657, 652);
UPDATE "Switch" SET "currentPosition" = 0 WHERE "id" = 620;
INSERT INTO "SwitchPosition" ("id", "position", "target") VALUES (658, 0, 620);
UPDATE "SwitchPosition" SET "route" = 385 WHERE "id" = 658;
INSERT INTO "TrackElement" ("id") VALUES (659);
INSERT INTO "Switch" ("id") VALUES (659);
UPDATE "TrackElement" SET "region" = 386 WHERE "id" = 659;
INSERT INTO "Sensor" ("id") VALUES (660);
UPDATE "Sensor" SET "region" = 386 WHERE "id" = 660;
INSERT INTO "monitoredBy" VALUES (659, 660);
UPDATE "Sensor" SET "route" = 385 WHERE "id" = 660;
INSERT INTO "TrackElement" ("id") VALUES (661);
INSERT INTO "Segment" ("id", "length") VALUES (661, 432);
UPDATE "TrackElement" SET "region" = 386 WHERE "id" = 661;
INSERT INTO "monitoredBy" VALUES (661, 660);
INSERT INTO "TrackElement" ("id") VALUES (662);
INSERT INTO "Segment" ("id", "length") VALUES (662, 232);
UPDATE "TrackElement" SET "region" = 386 WHERE "id" = 662;
INSERT INTO "monitoredBy" VALUES (662, 660);
INSERT INTO "TrackElement" ("id") VALUES (663);
INSERT INTO "Segment" ("id", "length") VALUES (663, 404);
UPDATE "TrackElement" SET "region" = 386 WHERE "id" = 663;
INSERT INTO "monitoredBy" VALUES (663, 660);
INSERT INTO "TrackElement" ("id") VALUES (664);
INSERT INTO "Segment" ("id", "length") VALUES (664, 280);
UPDATE "TrackElement" SET "region" = 386 WHERE "id" = 664;
INSERT INTO "monitoredBy" VALUES (664, 660);
INSERT INTO "TrackElement" ("id") VALUES (665);
INSERT INTO "Segment" ("id", "length") VALUES (665, 927);
UPDATE "TrackElement" SET "region" = 386 WHERE "id" = 665;
INSERT INTO "monitoredBy" VALUES (665, 660);
INSERT INTO "Sensor" ("id") VALUES (666);
UPDATE "Sensor" SET "region" = 386 WHERE "id" = 666;
INSERT INTO "monitoredBy" VALUES (659, 666);
UPDATE "Sensor" SET "route" = 385 WHERE "id" = 666;
INSERT INTO "TrackElement" ("id") VALUES (667);
INSERT INTO "Segment" ("id", "length") VALUES (667, 11);
UPDATE "TrackElement" SET "region" = 386 WHERE "id" = 667;
INSERT INTO "monitoredBy" VALUES (667, 666);
INSERT INTO "TrackElement" ("id") VALUES (668);
INSERT INTO "Segment" ("id", "length") VALUES (668, 324);
UPDATE "TrackElement" SET "region" = 386 WHERE "id" = 668;
INSERT INTO "monitoredBy" VALUES (668, 666);
INSERT INTO "TrackElement" ("id") VALUES (669);
INSERT INTO "Segment" ("id", "length") VALUES (669, 15);
UPDATE "TrackElement" SET "region" = 386 WHERE "id" = 669;
INSERT INTO "monitoredBy" VALUES (669, 666);
INSERT INTO "TrackElement" ("id") VALUES (670);
INSERT INTO "Segment" ("id", "length") VALUES (670, 309);
UPDATE "TrackElement" SET "region" = 386 WHERE "id" = 670;
INSERT INTO "monitoredBy" VALUES (670, 666);
INSERT INTO "TrackElement" ("id") VALUES (671);
INSERT INTO "Segment" ("id", "length") VALUES (671, 596);
UPDATE "TrackElement" SET "region" = 386 WHERE "id" = 671;
INSERT INTO "monitoredBy" VALUES (671, 666);
INSERT INTO "Sensor" ("id") VALUES (672);
UPDATE "Sensor" SET "region" = 386 WHERE "id" = 672;
INSERT INTO "monitoredBy" VALUES (659, 672);
INSERT INTO "TrackElement" ("id") VALUES (673);
INSERT INTO "Segment" ("id", "length") VALUES (673, 887);
UPDATE "TrackElement" SET "region" = 386 WHERE "id" = 673;
INSERT INTO "monitoredBy" VALUES (673, 672);
INSERT INTO "TrackElement" ("id") VALUES (674);
INSERT INTO "Segment" ("id", "length") VALUES (674, 838);
UPDATE "TrackElement" SET "region" = 386 WHERE "id" = 674;
INSERT INTO "monitoredBy" VALUES (674, 672);
INSERT INTO "TrackElement" ("id") VALUES (675);
INSERT INTO "Segment" ("id", "length") VALUES (675, 380);
UPDATE "TrackElement" SET "region" = 386 WHERE "id" = 675;
INSERT INTO "monitoredBy" VALUES (675, 672);
INSERT INTO "TrackElement" ("id") VALUES (676);
INSERT INTO "Segment" ("id", "length") VALUES (676, 625);
UPDATE "TrackElement" SET "region" = 386 WHERE "id" = 676;
INSERT INTO "monitoredBy" VALUES (676, 672);
INSERT INTO "TrackElement" ("id") VALUES (677);
INSERT INTO "Segment" ("id", "length") VALUES (677, 883);
UPDATE "TrackElement" SET "region" = 386 WHERE "id" = 677;
INSERT INTO "monitoredBy" VALUES (677, 672);
INSERT INTO "Sensor" ("id") VALUES (678);
UPDATE "Sensor" SET "region" = 386 WHERE "id" = 678;
INSERT INTO "monitoredBy" VALUES (659, 678);
UPDATE "Sensor" SET "route" = 385 WHERE "id" = 678;
INSERT INTO "TrackElement" ("id") VALUES (679);
INSERT INTO "Segment" ("id", "length") VALUES (679, 559);
UPDATE "TrackElement" SET "region" = 386 WHERE "id" = 679;
INSERT INTO "monitoredBy" VALUES (679, 678);
INSERT INTO "TrackElement" ("id") VALUES (680);
INSERT INTO "Segment" ("id", "length") VALUES (680, 448);
UPDATE "TrackElement" SET "region" = 386 WHERE "id" = 680;
INSERT INTO "monitoredBy" VALUES (680, 678);
INSERT INTO "TrackElement" ("id") VALUES (681);
INSERT INTO "Segment" ("id", "length") VALUES (681, 367);
UPDATE "TrackElement" SET "region" = 386 WHERE "id" = 681;
INSERT INTO "monitoredBy" VALUES (681, 678);
INSERT INTO "TrackElement" ("id") VALUES (682);
INSERT INTO "Segment" ("id", "length") VALUES (682, 576);
UPDATE "TrackElement" SET "region" = 386 WHERE "id" = 682;
INSERT INTO "monitoredBy" VALUES (682, 678);
INSERT INTO "TrackElement" ("id") VALUES (683);
INSERT INTO "Segment" ("id", "length") VALUES (683, 734);
UPDATE "TrackElement" SET "region" = 386 WHERE "id" = 683;
INSERT INTO "monitoredBy" VALUES (683, 678);
INSERT INTO "Sensor" ("id") VALUES (684);
UPDATE "Sensor" SET "region" = 386 WHERE "id" = 684;
INSERT INTO "monitoredBy" VALUES (659, 684);
UPDATE "Sensor" SET "route" = 385 WHERE "id" = 684;
INSERT INTO "TrackElement" ("id") VALUES (685);
INSERT INTO "Segment" ("id", "length") VALUES (685, 438);
UPDATE "TrackElement" SET "region" = 386 WHERE "id" = 685;
INSERT INTO "monitoredBy" VALUES (685, 684);
INSERT INTO "TrackElement" ("id") VALUES (686);
INSERT INTO "Segment" ("id", "length") VALUES (686, 362);
UPDATE "TrackElement" SET "region" = 386 WHERE "id" = 686;
INSERT INTO "monitoredBy" VALUES (686, 684);
INSERT INTO "TrackElement" ("id") VALUES (687);
INSERT INTO "Segment" ("id", "length") VALUES (687, 658);
UPDATE "TrackElement" SET "region" = 386 WHERE "id" = 687;
INSERT INTO "monitoredBy" VALUES (687, 684);
INSERT INTO "TrackElement" ("id") VALUES (688);
INSERT INTO "Segment" ("id", "length") VALUES (688, 565);
UPDATE "TrackElement" SET "region" = 386 WHERE "id" = 688;
INSERT INTO "monitoredBy" VALUES (688, 684);
INSERT INTO "TrackElement" ("id") VALUES (689);
INSERT INTO "Segment" ("id", "length") VALUES (689, 618);
UPDATE "TrackElement" SET "region" = 386 WHERE "id" = 689;
INSERT INTO "monitoredBy" VALUES (689, 684);
INSERT INTO "Sensor" ("id") VALUES (690);
UPDATE "Sensor" SET "region" = 386 WHERE "id" = 690;
INSERT INTO "monitoredBy" VALUES (659, 690);
UPDATE "Sensor" SET "route" = 385 WHERE "id" = 690;
INSERT INTO "TrackElement" ("id") VALUES (691);
INSERT INTO "Segment" ("id", "length") VALUES (691, 170);
UPDATE "TrackElement" SET "region" = 386 WHERE "id" = 691;
INSERT INTO "monitoredBy" VALUES (691, 690);
INSERT INTO "TrackElement" ("id") VALUES (692);
INSERT INTO "Segment" ("id", "length") VALUES (692, 809);
UPDATE "TrackElement" SET "region" = 386 WHERE "id" = 692;
INSERT INTO "monitoredBy" VALUES (692, 690);
INSERT INTO "TrackElement" ("id") VALUES (693);
INSERT INTO "Segment" ("id", "length") VALUES (693, 434);
UPDATE "TrackElement" SET "region" = 386 WHERE "id" = 693;
INSERT INTO "monitoredBy" VALUES (693, 690);
INSERT INTO "TrackElement" ("id") VALUES (694);
INSERT INTO "Segment" ("id", "length") VALUES (694, 574);
UPDATE "TrackElement" SET "region" = 386 WHERE "id" = 694;
INSERT INTO "monitoredBy" VALUES (694, 690);
INSERT INTO "TrackElement" ("id") VALUES (695);
INSERT INTO "Segment" ("id", "length") VALUES (695, 81);
UPDATE "TrackElement" SET "region" = 386 WHERE "id" = 695;
INSERT INTO "monitoredBy" VALUES (695, 690);
INSERT INTO "Sensor" ("id") VALUES (696);
UPDATE "Sensor" SET "region" = 386 WHERE "id" = 696;
INSERT INTO "monitoredBy" VALUES (659, 696);
UPDATE "Sensor" SET "route" = 385 WHERE "id" = 696;
INSERT INTO "TrackElement" ("id") VALUES (697);
INSERT INTO "Segment" ("id", "length") VALUES (697, 719);
UPDATE "TrackElement" SET "region" = 386 WHERE "id" = 697;
INSERT INTO "monitoredBy" VALUES (697, 696);
INSERT INTO "TrackElement" ("id") VALUES (698);
INSERT INTO "Segment" ("id", "length") VALUES (698, 738);
UPDATE "TrackElement" SET "region" = 386 WHERE "id" = 698;
INSERT INTO "monitoredBy" VALUES (698, 696);
INSERT INTO "TrackElement" ("id") VALUES (699);
INSERT INTO "Segment" ("id", "length") VALUES (699, 811);
UPDATE "TrackElement" SET "region" = 386 WHERE "id" = 699;
INSERT INTO "monitoredBy" VALUES (699, 696);
INSERT INTO "TrackElement" ("id") VALUES (700);
INSERT INTO "Segment" ("id", "length") VALUES (700, 979);
UPDATE "TrackElement" SET "region" = 386 WHERE "id" = 700;
INSERT INTO "monitoredBy" VALUES (700, 696);
INSERT INTO "TrackElement" ("id") VALUES (701);
INSERT INTO "Segment" ("id", "length") VALUES (701, 354);
UPDATE "TrackElement" SET "region" = 386 WHERE "id" = 701;
INSERT INTO "monitoredBy" VALUES (701, 696);
INSERT INTO "Sensor" ("id") VALUES (702);
UPDATE "Sensor" SET "region" = 386 WHERE "id" = 702;
INSERT INTO "monitoredBy" VALUES (659, 702);
UPDATE "Sensor" SET "route" = 385 WHERE "id" = 702;
INSERT INTO "TrackElement" ("id") VALUES (703);
INSERT INTO "Segment" ("id", "length") VALUES (703, 998);
UPDATE "TrackElement" SET "region" = 386 WHERE "id" = 703;
INSERT INTO "monitoredBy" VALUES (703, 702);
INSERT INTO "TrackElement" ("id") VALUES (704);
INSERT INTO "Segment" ("id", "length") VALUES (704, 297);
UPDATE "TrackElement" SET "region" = 386 WHERE "id" = 704;
INSERT INTO "monitoredBy" VALUES (704, 702);
INSERT INTO "TrackElement" ("id") VALUES (705);
INSERT INTO "Segment" ("id", "length") VALUES (705, 941);
UPDATE "TrackElement" SET "region" = 386 WHERE "id" = 705;
INSERT INTO "monitoredBy" VALUES (705, 702);
INSERT INTO "TrackElement" ("id") VALUES (706);
INSERT INTO "Segment" ("id", "length") VALUES (706, 320);
UPDATE "TrackElement" SET "region" = 386 WHERE "id" = 706;
INSERT INTO "monitoredBy" VALUES (706, 702);
INSERT INTO "TrackElement" ("id") VALUES (707);
INSERT INTO "Segment" ("id", "length") VALUES (707, 867);
UPDATE "TrackElement" SET "region" = 386 WHERE "id" = 707;
INSERT INTO "monitoredBy" VALUES (707, 702);
UPDATE "Switch" SET "currentPosition" = 0 WHERE "id" = 659;
INSERT INTO "SwitchPosition" ("id", "position", "target") VALUES (708, 0, 659);
UPDATE "SwitchPosition" SET "route" = 385 WHERE "id" = 708;
INSERT INTO "TrackElement" ("id") VALUES (709);
INSERT INTO "Switch" ("id") VALUES (709);
UPDATE "TrackElement" SET "region" = 386 WHERE "id" = 709;
INSERT INTO "Sensor" ("id") VALUES (710);
UPDATE "Sensor" SET "region" = 386 WHERE "id" = 710;
INSERT INTO "monitoredBy" VALUES (709, 710);
UPDATE "Sensor" SET "route" = 385 WHERE "id" = 710;
INSERT INTO "TrackElement" ("id") VALUES (711);
INSERT INTO "Segment" ("id", "length") VALUES (711, 399);
UPDATE "TrackElement" SET "region" = 386 WHERE "id" = 711;
INSERT INTO "monitoredBy" VALUES (711, 710);
INSERT INTO "TrackElement" ("id") VALUES (712);
INSERT INTO "Segment" ("id", "length") VALUES (712, 248);
UPDATE "TrackElement" SET "region" = 386 WHERE "id" = 712;
INSERT INTO "monitoredBy" VALUES (712, 710);
INSERT INTO "TrackElement" ("id") VALUES (713);
INSERT INTO "Segment" ("id", "length") VALUES (713, 390);
UPDATE "TrackElement" SET "region" = 386 WHERE "id" = 713;
INSERT INTO "monitoredBy" VALUES (713, 710);
INSERT INTO "TrackElement" ("id") VALUES (714);
INSERT INTO "Segment" ("id", "length") VALUES (714, 871);
UPDATE "TrackElement" SET "region" = 386 WHERE "id" = 714;
INSERT INTO "monitoredBy" VALUES (714, 710);
INSERT INTO "TrackElement" ("id") VALUES (715);
INSERT INTO "Segment" ("id", "length") VALUES (715, 387);
UPDATE "TrackElement" SET "region" = 386 WHERE "id" = 715;
INSERT INTO "monitoredBy" VALUES (715, 710);
INSERT INTO "Sensor" ("id") VALUES (716);
UPDATE "Sensor" SET "region" = 386 WHERE "id" = 716;
INSERT INTO "monitoredBy" VALUES (709, 716);
UPDATE "Sensor" SET "route" = 385 WHERE "id" = 716;
INSERT INTO "TrackElement" ("id") VALUES (717);
INSERT INTO "Segment" ("id", "length") VALUES (717, 17);
UPDATE "TrackElement" SET "region" = 386 WHERE "id" = 717;
INSERT INTO "monitoredBy" VALUES (717, 716);
INSERT INTO "TrackElement" ("id") VALUES (718);
INSERT INTO "Segment" ("id", "length") VALUES (718, 556);
UPDATE "TrackElement" SET "region" = 386 WHERE "id" = 718;
INSERT INTO "monitoredBy" VALUES (718, 716);
INSERT INTO "TrackElement" ("id") VALUES (719);
INSERT INTO "Segment" ("id", "length") VALUES (719, 225);
UPDATE "TrackElement" SET "region" = 386 WHERE "id" = 719;
INSERT INTO "monitoredBy" VALUES (719, 716);
INSERT INTO "TrackElement" ("id") VALUES (720);
INSERT INTO "Segment" ("id", "length") VALUES (720, 957);
UPDATE "TrackElement" SET "region" = 386 WHERE "id" = 720;
INSERT INTO "monitoredBy" VALUES (720, 716);
INSERT INTO "TrackElement" ("id") VALUES (721);
INSERT INTO "Segment" ("id", "length") VALUES (721, 481);
UPDATE "TrackElement" SET "region" = 386 WHERE "id" = 721;
INSERT INTO "monitoredBy" VALUES (721, 716);
UPDATE "Switch" SET "currentPosition" = 2 WHERE "id" = 709;
INSERT INTO "SwitchPosition" ("id", "position", "target") VALUES (722, 2, 709);
UPDATE "SwitchPosition" SET "route" = 385 WHERE "id" = 722;
INSERT INTO "TrackElement" ("id") VALUES (723);
INSERT INTO "Switch" ("id") VALUES (723);
UPDATE "TrackElement" SET "region" = 386 WHERE "id" = 723;
INSERT INTO "Sensor" ("id") VALUES (724);
UPDATE "Sensor" SET "region" = 386 WHERE "id" = 724;
INSERT INTO "monitoredBy" VALUES (723, 724);
INSERT INTO "TrackElement" ("id") VALUES (725);
INSERT INTO "Segment" ("id", "length") VALUES (725, 242);
UPDATE "TrackElement" SET "region" = 386 WHERE "id" = 725;
INSERT INTO "monitoredBy" VALUES (725, 724);
INSERT INTO "TrackElement" ("id") VALUES (726);
INSERT INTO "Segment" ("id", "length") VALUES (726, 263);
UPDATE "TrackElement" SET "region" = 386 WHERE "id" = 726;
INSERT INTO "monitoredBy" VALUES (726, 724);
INSERT INTO "TrackElement" ("id") VALUES (727);
INSERT INTO "Segment" ("id", "length") VALUES (727, 445);
UPDATE "TrackElement" SET "region" = 386 WHERE "id" = 727;
INSERT INTO "monitoredBy" VALUES (727, 724);
INSERT INTO "TrackElement" ("id") VALUES (728);
INSERT INTO "Segment" ("id", "length") VALUES (728, 633);
UPDATE "TrackElement" SET "region" = 386 WHERE "id" = 728;
INSERT INTO "monitoredBy" VALUES (728, 724);
INSERT INTO "TrackElement" ("id") VALUES (729);
INSERT INTO "Segment" ("id", "length") VALUES (729, 310);
UPDATE "TrackElement" SET "region" = 386 WHERE "id" = 729;
INSERT INTO "monitoredBy" VALUES (729, 724);
INSERT INTO "Sensor" ("id") VALUES (730);
UPDATE "Sensor" SET "region" = 386 WHERE "id" = 730;
INSERT INTO "monitoredBy" VALUES (723, 730);
UPDATE "Sensor" SET "route" = 385 WHERE "id" = 730;
INSERT INTO "TrackElement" ("id") VALUES (731);
INSERT INTO "Segment" ("id", "length") VALUES (731, 514);
UPDATE "TrackElement" SET "region" = 386 WHERE "id" = 731;
INSERT INTO "monitoredBy" VALUES (731, 730);
INSERT INTO "TrackElement" ("id") VALUES (732);
INSERT INTO "Segment" ("id", "length") VALUES (732, 938);
UPDATE "TrackElement" SET "region" = 386 WHERE "id" = 732;
INSERT INTO "monitoredBy" VALUES (732, 730);
INSERT INTO "TrackElement" ("id") VALUES (733);
INSERT INTO "Segment" ("id", "length") VALUES (733, 507);
UPDATE "TrackElement" SET "region" = 386 WHERE "id" = 733;
INSERT INTO "monitoredBy" VALUES (733, 730);
INSERT INTO "TrackElement" ("id") VALUES (734);
INSERT INTO "Segment" ("id", "length") VALUES (734, 39);
UPDATE "TrackElement" SET "region" = 386 WHERE "id" = 734;
INSERT INTO "monitoredBy" VALUES (734, 730);
INSERT INTO "TrackElement" ("id") VALUES (735);
INSERT INTO "Segment" ("id", "length") VALUES (735, 232);
UPDATE "TrackElement" SET "region" = 386 WHERE "id" = 735;
INSERT INTO "monitoredBy" VALUES (735, 730);
INSERT INTO "Sensor" ("id") VALUES (736);
UPDATE "Sensor" SET "region" = 386 WHERE "id" = 736;
INSERT INTO "monitoredBy" VALUES (723, 736);
INSERT INTO "TrackElement" ("id") VALUES (737);
INSERT INTO "Segment" ("id", "length") VALUES (737, 623);
UPDATE "TrackElement" SET "region" = 386 WHERE "id" = 737;
INSERT INTO "monitoredBy" VALUES (737, 736);
INSERT INTO "TrackElement" ("id") VALUES (738);
INSERT INTO "Segment" ("id", "length") VALUES (738, 711);
UPDATE "TrackElement" SET "region" = 386 WHERE "id" = 738;
INSERT INTO "monitoredBy" VALUES (738, 736);
INSERT INTO "TrackElement" ("id") VALUES (739);
INSERT INTO "Segment" ("id", "length") VALUES (739, 689);
UPDATE "TrackElement" SET "region" = 386 WHERE "id" = 739;
INSERT INTO "monitoredBy" VALUES (739, 736);
INSERT INTO "TrackElement" ("id") VALUES (740);
INSERT INTO "Segment" ("id", "length") VALUES (740, 56);
UPDATE "TrackElement" SET "region" = 386 WHERE "id" = 740;
INSERT INTO "monitoredBy" VALUES (740, 736);
INSERT INTO "TrackElement" ("id") VALUES (741);
INSERT INTO "Segment" ("id", "length") VALUES (741, 177);
UPDATE "TrackElement" SET "region" = 386 WHERE "id" = 741;
INSERT INTO "monitoredBy" VALUES (741, 736);
INSERT INTO "Sensor" ("id") VALUES (742);
UPDATE "Sensor" SET "region" = 386 WHERE "id" = 742;
INSERT INTO "monitoredBy" VALUES (723, 742);
UPDATE "Sensor" SET "route" = 385 WHERE "id" = 742;
INSERT INTO "TrackElement" ("id") VALUES (743);
INSERT INTO "Segment" ("id", "length") VALUES (743, 302);
UPDATE "TrackElement" SET "region" = 386 WHERE "id" = 743;
INSERT INTO "monitoredBy" VALUES (743, 742);
INSERT INTO "TrackElement" ("id") VALUES (744);
INSERT INTO "Segment" ("id", "length") VALUES (744, 386);
UPDATE "TrackElement" SET "region" = 386 WHERE "id" = 744;
INSERT INTO "monitoredBy" VALUES (744, 742);
INSERT INTO "TrackElement" ("id") VALUES (745);
INSERT INTO "Segment" ("id", "length") VALUES (745, 514);
UPDATE "TrackElement" SET "region" = 386 WHERE "id" = 745;
INSERT INTO "monitoredBy" VALUES (745, 742);
INSERT INTO "TrackElement" ("id") VALUES (746);
INSERT INTO "Segment" ("id", "length") VALUES (746, 827);
UPDATE "TrackElement" SET "region" = 386 WHERE "id" = 746;
INSERT INTO "monitoredBy" VALUES (746, 742);
INSERT INTO "TrackElement" ("id") VALUES (747);
INSERT INTO "Segment" ("id", "length") VALUES (747, 88);
UPDATE "TrackElement" SET "region" = 386 WHERE "id" = 747;
INSERT INTO "monitoredBy" VALUES (747, 742);
INSERT INTO "Sensor" ("id") VALUES (748);
UPDATE "Sensor" SET "region" = 386 WHERE "id" = 748;
INSERT INTO "monitoredBy" VALUES (723, 748);
UPDATE "Sensor" SET "route" = 385 WHERE "id" = 748;
INSERT INTO "TrackElement" ("id") VALUES (749);
INSERT INTO "Segment" ("id", "length") VALUES (749, 123);
UPDATE "TrackElement" SET "region" = 386 WHERE "id" = 749;
INSERT INTO "monitoredBy" VALUES (749, 748);
INSERT INTO "TrackElement" ("id") VALUES (750);
INSERT INTO "Segment" ("id", "length") VALUES (750, 131);
UPDATE "TrackElement" SET "region" = 386 WHERE "id" = 750;
INSERT INTO "monitoredBy" VALUES (750, 748);
INSERT INTO "TrackElement" ("id") VALUES (751);
INSERT INTO "Segment" ("id", "length") VALUES (751, 329);
UPDATE "TrackElement" SET "region" = 386 WHERE "id" = 751;
INSERT INTO "monitoredBy" VALUES (751, 748);
INSERT INTO "TrackElement" ("id") VALUES (752);
INSERT INTO "Segment" ("id", "length") VALUES (752, 959);
UPDATE "TrackElement" SET "region" = 386 WHERE "id" = 752;
INSERT INTO "monitoredBy" VALUES (752, 748);
INSERT INTO "TrackElement" ("id") VALUES (753);
INSERT INTO "Segment" ("id", "length") VALUES (753, 159);
UPDATE "TrackElement" SET "region" = 386 WHERE "id" = 753;
INSERT INTO "monitoredBy" VALUES (753, 748);
INSERT INTO "Sensor" ("id") VALUES (754);
UPDATE "Sensor" SET "region" = 386 WHERE "id" = 754;
INSERT INTO "monitoredBy" VALUES (723, 754);
UPDATE "Sensor" SET "route" = 385 WHERE "id" = 754;
INSERT INTO "TrackElement" ("id") VALUES (755);
INSERT INTO "Segment" ("id", "length") VALUES (755, -645);
UPDATE "TrackElement" SET "region" = 386 WHERE "id" = 755;
INSERT INTO "monitoredBy" VALUES (755, 754);
INSERT INTO "TrackElement" ("id") VALUES (756);
INSERT INTO "Segment" ("id", "length") VALUES (756, 164);
UPDATE "TrackElement" SET "region" = 386 WHERE "id" = 756;
INSERT INTO "monitoredBy" VALUES (756, 754);
INSERT INTO "TrackElement" ("id") VALUES (757);
INSERT INTO "Segment" ("id", "length") VALUES (757, 220);
UPDATE "TrackElement" SET "region" = 386 WHERE "id" = 757;
INSERT INTO "monitoredBy" VALUES (757, 754);
INSERT INTO "TrackElement" ("id") VALUES (758);
INSERT INTO "Segment" ("id", "length") VALUES (758, 395);
UPDATE "TrackElement" SET "region" = 386 WHERE "id" = 758;
INSERT INTO "monitoredBy" VALUES (758, 754);
INSERT INTO "TrackElement" ("id") VALUES (759);
INSERT INTO "Segment" ("id", "length") VALUES (759, 710);
UPDATE "TrackElement" SET "region" = 386 WHERE "id" = 759;
INSERT INTO "monitoredBy" VALUES (759, 754);
INSERT INTO "Sensor" ("id") VALUES (760);
UPDATE "Sensor" SET "region" = 386 WHERE "id" = 760;
INSERT INTO "monitoredBy" VALUES (723, 760);
UPDATE "Sensor" SET "route" = 385 WHERE "id" = 760;
INSERT INTO "TrackElement" ("id") VALUES (761);
INSERT INTO "Segment" ("id", "length") VALUES (761, 794);
UPDATE "TrackElement" SET "region" = 386 WHERE "id" = 761;
INSERT INTO "monitoredBy" VALUES (761, 760);
INSERT INTO "TrackElement" ("id") VALUES (762);
INSERT INTO "Segment" ("id", "length") VALUES (762, 327);
UPDATE "TrackElement" SET "region" = 386 WHERE "id" = 762;
INSERT INTO "monitoredBy" VALUES (762, 760);
INSERT INTO "TrackElement" ("id") VALUES (763);
INSERT INTO "Segment" ("id", "length") VALUES (763, 754);
UPDATE "TrackElement" SET "region" = 386 WHERE "id" = 763;
INSERT INTO "monitoredBy" VALUES (763, 760);
INSERT INTO "TrackElement" ("id") VALUES (764);
INSERT INTO "Segment" ("id", "length") VALUES (764, 515);
UPDATE "TrackElement" SET "region" = 386 WHERE "id" = 764;
INSERT INTO "monitoredBy" VALUES (764, 760);
INSERT INTO "TrackElement" ("id") VALUES (765);
INSERT INTO "Segment" ("id", "length") VALUES (765, 767);
UPDATE "TrackElement" SET "region" = 386 WHERE "id" = 765;
INSERT INTO "monitoredBy" VALUES (765, 760);
INSERT INTO "Sensor" ("id") VALUES (766);
UPDATE "Sensor" SET "region" = 386 WHERE "id" = 766;
INSERT INTO "monitoredBy" VALUES (723, 766);
UPDATE "Sensor" SET "route" = 385 WHERE "id" = 766;
INSERT INTO "TrackElement" ("id") VALUES (767);
INSERT INTO "Segment" ("id", "length") VALUES (767, 456);
UPDATE "TrackElement" SET "region" = 386 WHERE "id" = 767;
INSERT INTO "monitoredBy" VALUES (767, 766);
INSERT INTO "TrackElement" ("id") VALUES (768);
INSERT INTO "Segment" ("id", "length") VALUES (768, 918);
UPDATE "TrackElement" SET "region" = 386 WHERE "id" = 768;
INSERT INTO "monitoredBy" VALUES (768, 766);
INSERT INTO "TrackElement" ("id") VALUES (769);
INSERT INTO "Segment" ("id", "length") VALUES (769, 116);
UPDATE "TrackElement" SET "region" = 386 WHERE "id" = 769;
INSERT INTO "monitoredBy" VALUES (769, 766);
INSERT INTO "TrackElement" ("id") VALUES (770);
INSERT INTO "Segment" ("id", "length") VALUES (770, 513);
UPDATE "TrackElement" SET "region" = 386 WHERE "id" = 770;
INSERT INTO "monitoredBy" VALUES (770, 766);
INSERT INTO "TrackElement" ("id") VALUES (771);
INSERT INTO "Segment" ("id", "length") VALUES (771, 105);
UPDATE "TrackElement" SET "region" = 386 WHERE "id" = 771;
INSERT INTO "monitoredBy" VALUES (771, 766);
INSERT INTO "Sensor" ("id") VALUES (772);
UPDATE "Sensor" SET "region" = 386 WHERE "id" = 772;
INSERT INTO "monitoredBy" VALUES (723, 772);
UPDATE "Sensor" SET "route" = 385 WHERE "id" = 772;
INSERT INTO "TrackElement" ("id") VALUES (773);
INSERT INTO "Segment" ("id", "length") VALUES (773, 56);
UPDATE "TrackElement" SET "region" = 386 WHERE "id" = 773;
INSERT INTO "monitoredBy" VALUES (773, 772);
INSERT INTO "TrackElement" ("id") VALUES (774);
INSERT INTO "Segment" ("id", "length") VALUES (774, 585);
UPDATE "TrackElement" SET "region" = 386 WHERE "id" = 774;
INSERT INTO "monitoredBy" VALUES (774, 772);
INSERT INTO "TrackElement" ("id") VALUES (775);
INSERT INTO "Segment" ("id", "length") VALUES (775, 433);
UPDATE "TrackElement" SET "region" = 386 WHERE "id" = 775;
INSERT INTO "monitoredBy" VALUES (775, 772);
INSERT INTO "TrackElement" ("id") VALUES (776);
INSERT INTO "Segment" ("id", "length") VALUES (776, 649);
UPDATE "TrackElement" SET "region" = 386 WHERE "id" = 776;
INSERT INTO "monitoredBy" VALUES (776, 772);
INSERT INTO "TrackElement" ("id") VALUES (777);
INSERT INTO "Segment" ("id", "length") VALUES (777, 772);
UPDATE "TrackElement" SET "region" = 386 WHERE "id" = 777;
INSERT INTO "monitoredBy" VALUES (777, 772);
UPDATE "Switch" SET "currentPosition" = 1 WHERE "id" = 723;
INSERT INTO "SwitchPosition" ("id", "position", "target") VALUES (778, 1, 723);
UPDATE "SwitchPosition" SET "route" = 385 WHERE "id" = 778;
INSERT INTO "TrackElement" ("id") VALUES (779);
INSERT INTO "Switch" ("id") VALUES (779);
UPDATE "TrackElement" SET "region" = 386 WHERE "id" = 779;
INSERT INTO "Sensor" ("id") VALUES (780);
UPDATE "Sensor" SET "region" = 386 WHERE "id" = 780;
INSERT INTO "monitoredBy" VALUES (779, 780);
UPDATE "Sensor" SET "route" = 385 WHERE "id" = 780;
INSERT INTO "TrackElement" ("id") VALUES (781);
INSERT INTO "Segment" ("id", "length") VALUES (781, 824);
UPDATE "TrackElement" SET "region" = 386 WHERE "id" = 781;
INSERT INTO "monitoredBy" VALUES (781, 780);
INSERT INTO "TrackElement" ("id") VALUES (782);
INSERT INTO "Segment" ("id", "length") VALUES (782, 726);
UPDATE "TrackElement" SET "region" = 386 WHERE "id" = 782;
INSERT INTO "monitoredBy" VALUES (782, 780);
INSERT INTO "TrackElement" ("id") VALUES (783);
INSERT INTO "Segment" ("id", "length") VALUES (783, 733);
UPDATE "TrackElement" SET "region" = 386 WHERE "id" = 783;
INSERT INTO "monitoredBy" VALUES (783, 780);
INSERT INTO "TrackElement" ("id") VALUES (784);
INSERT INTO "Segment" ("id", "length") VALUES (784, 563);
UPDATE "TrackElement" SET "region" = 386 WHERE "id" = 784;
INSERT INTO "monitoredBy" VALUES (784, 780);
INSERT INTO "TrackElement" ("id") VALUES (785);
INSERT INTO "Segment" ("id", "length") VALUES (785, 355);
UPDATE "TrackElement" SET "region" = 386 WHERE "id" = 785;
INSERT INTO "monitoredBy" VALUES (785, 780);
INSERT INTO "Sensor" ("id") VALUES (786);
UPDATE "Sensor" SET "region" = 386 WHERE "id" = 786;
INSERT INTO "monitoredBy" VALUES (779, 786);
UPDATE "Sensor" SET "route" = 385 WHERE "id" = 786;
INSERT INTO "TrackElement" ("id") VALUES (787);
INSERT INTO "Segment" ("id", "length") VALUES (787, 991);
UPDATE "TrackElement" SET "region" = 386 WHERE "id" = 787;
INSERT INTO "monitoredBy" VALUES (787, 786);
INSERT INTO "TrackElement" ("id") VALUES (788);
INSERT INTO "Segment" ("id", "length") VALUES (788, 715);
UPDATE "TrackElement" SET "region" = 386 WHERE "id" = 788;
INSERT INTO "monitoredBy" VALUES (788, 786);
INSERT INTO "TrackElement" ("id") VALUES (789);
INSERT INTO "Segment" ("id", "length") VALUES (789, 341);
UPDATE "TrackElement" SET "region" = 386 WHERE "id" = 789;
INSERT INTO "monitoredBy" VALUES (789, 786);
INSERT INTO "TrackElement" ("id") VALUES (790);
INSERT INTO "Segment" ("id", "length") VALUES (790, 185);
UPDATE "TrackElement" SET "region" = 386 WHERE "id" = 790;
INSERT INTO "monitoredBy" VALUES (790, 786);
INSERT INTO "TrackElement" ("id") VALUES (791);
INSERT INTO "Segment" ("id", "length") VALUES (791, 155);
UPDATE "TrackElement" SET "region" = 386 WHERE "id" = 791;
INSERT INTO "monitoredBy" VALUES (791, 786);
INSERT INTO "Sensor" ("id") VALUES (792);
UPDATE "Sensor" SET "region" = 386 WHERE "id" = 792;
INSERT INTO "monitoredBy" VALUES (779, 792);
UPDATE "Sensor" SET "route" = 385 WHERE "id" = 792;
INSERT INTO "TrackElement" ("id") VALUES (793);
INSERT INTO "Segment" ("id", "length") VALUES (793, 884);
UPDATE "TrackElement" SET "region" = 386 WHERE "id" = 793;
INSERT INTO "monitoredBy" VALUES (793, 792);
INSERT INTO "TrackElement" ("id") VALUES (794);
INSERT INTO "Segment" ("id", "length") VALUES (794, 391);
UPDATE "TrackElement" SET "region" = 386 WHERE "id" = 794;
INSERT INTO "monitoredBy" VALUES (794, 792);
INSERT INTO "TrackElement" ("id") VALUES (795);
INSERT INTO "Segment" ("id", "length") VALUES (795, 140);
UPDATE "TrackElement" SET "region" = 386 WHERE "id" = 795;
INSERT INTO "monitoredBy" VALUES (795, 792);
INSERT INTO "TrackElement" ("id") VALUES (796);
INSERT INTO "Segment" ("id", "length") VALUES (796, 428);
UPDATE "TrackElement" SET "region" = 386 WHERE "id" = 796;
INSERT INTO "monitoredBy" VALUES (796, 792);
INSERT INTO "TrackElement" ("id") VALUES (797);
INSERT INTO "Segment" ("id", "length") VALUES (797, 662);
UPDATE "TrackElement" SET "region" = 386 WHERE "id" = 797;
INSERT INTO "monitoredBy" VALUES (797, 792);
INSERT INTO "Sensor" ("id") VALUES (798);
UPDATE "Sensor" SET "region" = 386 WHERE "id" = 798;
INSERT INTO "monitoredBy" VALUES (779, 798);
UPDATE "Sensor" SET "route" = 385 WHERE "id" = 798;
INSERT INTO "TrackElement" ("id") VALUES (799);
INSERT INTO "Segment" ("id", "length") VALUES (799, 940);
UPDATE "TrackElement" SET "region" = 386 WHERE "id" = 799;
INSERT INTO "monitoredBy" VALUES (799, 798);
INSERT INTO "TrackElement" ("id") VALUES (800);
INSERT INTO "Segment" ("id", "length") VALUES (800, 255);
UPDATE "TrackElement" SET "region" = 386 WHERE "id" = 800;
INSERT INTO "monitoredBy" VALUES (800, 798);
INSERT INTO "TrackElement" ("id") VALUES (801);
INSERT INTO "Segment" ("id", "length") VALUES (801, 283);
UPDATE "TrackElement" SET "region" = 386 WHERE "id" = 801;
INSERT INTO "monitoredBy" VALUES (801, 798);
INSERT INTO "TrackElement" ("id") VALUES (802);
INSERT INTO "Segment" ("id", "length") VALUES (802, 387);
UPDATE "TrackElement" SET "region" = 386 WHERE "id" = 802;
INSERT INTO "monitoredBy" VALUES (802, 798);
INSERT INTO "TrackElement" ("id") VALUES (803);
INSERT INTO "Segment" ("id", "length") VALUES (803, 782);
UPDATE "TrackElement" SET "region" = 386 WHERE "id" = 803;
INSERT INTO "monitoredBy" VALUES (803, 798);
INSERT INTO "Sensor" ("id") VALUES (804);
UPDATE "Sensor" SET "region" = 386 WHERE "id" = 804;
INSERT INTO "monitoredBy" VALUES (779, 804);
UPDATE "Sensor" SET "route" = 385 WHERE "id" = 804;
INSERT INTO "TrackElement" ("id") VALUES (805);
INSERT INTO "Segment" ("id", "length") VALUES (805, 962);
UPDATE "TrackElement" SET "region" = 386 WHERE "id" = 805;
INSERT INTO "monitoredBy" VALUES (805, 804);
INSERT INTO "TrackElement" ("id") VALUES (806);
INSERT INTO "Segment" ("id", "length") VALUES (806, 666);
UPDATE "TrackElement" SET "region" = 386 WHERE "id" = 806;
INSERT INTO "monitoredBy" VALUES (806, 804);
INSERT INTO "TrackElement" ("id") VALUES (807);
INSERT INTO "Segment" ("id", "length") VALUES (807, 791);
UPDATE "TrackElement" SET "region" = 386 WHERE "id" = 807;
INSERT INTO "monitoredBy" VALUES (807, 804);
INSERT INTO "TrackElement" ("id") VALUES (808);
INSERT INTO "Segment" ("id", "length") VALUES (808, 935);
UPDATE "TrackElement" SET "region" = 386 WHERE "id" = 808;
INSERT INTO "monitoredBy" VALUES (808, 804);
INSERT INTO "TrackElement" ("id") VALUES (809);
INSERT INTO "Segment" ("id", "length") VALUES (809, 754);
UPDATE "TrackElement" SET "region" = 386 WHERE "id" = 809;
INSERT INTO "monitoredBy" VALUES (809, 804);
INSERT INTO "Sensor" ("id") VALUES (810);
UPDATE "Sensor" SET "region" = 386 WHERE "id" = 810;
INSERT INTO "monitoredBy" VALUES (779, 810);
UPDATE "Sensor" SET "route" = 385 WHERE "id" = 810;
INSERT INTO "TrackElement" ("id") VALUES (811);
INSERT INTO "Segment" ("id", "length") VALUES (811, 979);
UPDATE "TrackElement" SET "region" = 386 WHERE "id" = 811;
INSERT INTO "monitoredBy" VALUES (811, 810);
INSERT INTO "TrackElement" ("id") VALUES (812);
INSERT INTO "Segment" ("id", "length") VALUES (812, 391);
UPDATE "TrackElement" SET "region" = 386 WHERE "id" = 812;
INSERT INTO "monitoredBy" VALUES (812, 810);
INSERT INTO "TrackElement" ("id") VALUES (813);
INSERT INTO "Segment" ("id", "length") VALUES (813, -856);
UPDATE "TrackElement" SET "region" = 386 WHERE "id" = 813;
INSERT INTO "monitoredBy" VALUES (813, 810);
INSERT INTO "TrackElement" ("id") VALUES (814);
INSERT INTO "Segment" ("id", "length") VALUES (814, 43);
UPDATE "TrackElement" SET "region" = 386 WHERE "id" = 814;
INSERT INTO "monitoredBy" VALUES (814, 810);
INSERT INTO "TrackElement" ("id") VALUES (815);
INSERT INTO "Segment" ("id", "length") VALUES (815, 658);
UPDATE "TrackElement" SET "region" = 386 WHERE "id" = 815;
INSERT INTO "monitoredBy" VALUES (815, 810);
INSERT INTO "Sensor" ("id") VALUES (816);
UPDATE "Sensor" SET "region" = 386 WHERE "id" = 816;
INSERT INTO "monitoredBy" VALUES (779, 816);
UPDATE "Sensor" SET "route" = 385 WHERE "id" = 816;
INSERT INTO "TrackElement" ("id") VALUES (817);
INSERT INTO "Segment" ("id", "length") VALUES (817, 322);
UPDATE "TrackElement" SET "region" = 386 WHERE "id" = 817;
INSERT INTO "monitoredBy" VALUES (817, 816);
INSERT INTO "TrackElement" ("id") VALUES (818);
INSERT INTO "Segment" ("id", "length") VALUES (818, 42);
UPDATE "TrackElement" SET "region" = 386 WHERE "id" = 818;
INSERT INTO "monitoredBy" VALUES (818, 816);
INSERT INTO "TrackElement" ("id") VALUES (819);
INSERT INTO "Segment" ("id", "length") VALUES (819, 598);
UPDATE "TrackElement" SET "region" = 386 WHERE "id" = 819;
INSERT INTO "monitoredBy" VALUES (819, 816);
INSERT INTO "TrackElement" ("id") VALUES (820);
INSERT INTO "Segment" ("id", "length") VALUES (820, 62);
UPDATE "TrackElement" SET "region" = 386 WHERE "id" = 820;
INSERT INTO "monitoredBy" VALUES (820, 816);
INSERT INTO "TrackElement" ("id") VALUES (821);
INSERT INTO "Segment" ("id", "length") VALUES (821, 68);
UPDATE "TrackElement" SET "region" = 386 WHERE "id" = 821;
INSERT INTO "monitoredBy" VALUES (821, 816);
INSERT INTO "Sensor" ("id") VALUES (822);
UPDATE "Sensor" SET "region" = 386 WHERE "id" = 822;
INSERT INTO "monitoredBy" VALUES (779, 822);
UPDATE "Sensor" SET "route" = 385 WHERE "id" = 822;
INSERT INTO "TrackElement" ("id") VALUES (823);
INSERT INTO "Segment" ("id", "length") VALUES (823, 552);
UPDATE "TrackElement" SET "region" = 386 WHERE "id" = 823;
INSERT INTO "monitoredBy" VALUES (823, 822);
INSERT INTO "TrackElement" ("id") VALUES (824);
INSERT INTO "Segment" ("id", "length") VALUES (824, 641);
UPDATE "TrackElement" SET "region" = 386 WHERE "id" = 824;
INSERT INTO "monitoredBy" VALUES (824, 822);
INSERT INTO "TrackElement" ("id") VALUES (825);
INSERT INTO "Segment" ("id", "length") VALUES (825, 497);
UPDATE "TrackElement" SET "region" = 386 WHERE "id" = 825;
INSERT INTO "monitoredBy" VALUES (825, 822);
INSERT INTO "TrackElement" ("id") VALUES (826);
INSERT INTO "Segment" ("id", "length") VALUES (826, 84);
UPDATE "TrackElement" SET "region" = 386 WHERE "id" = 826;
INSERT INTO "monitoredBy" VALUES (826, 822);
INSERT INTO "TrackElement" ("id") VALUES (827);
INSERT INTO "Segment" ("id", "length") VALUES (827, 13);
UPDATE "TrackElement" SET "region" = 386 WHERE "id" = 827;
INSERT INTO "monitoredBy" VALUES (827, 822);
UPDATE "Switch" SET "currentPosition" = 0 WHERE "id" = 779;
INSERT INTO "SwitchPosition" ("id", "position", "target") VALUES (828, 0, 779);
UPDATE "SwitchPosition" SET "route" = 385 WHERE "id" = 828;
INSERT INTO "TrackElement" ("id") VALUES (829);
INSERT INTO "Switch" ("id") VALUES (829);
UPDATE "TrackElement" SET "region" = 386 WHERE "id" = 829;
INSERT INTO "Sensor" ("id") VALUES (830);
UPDATE "Sensor" SET "region" = 386 WHERE "id" = 830;
INSERT INTO "monitoredBy" VALUES (829, 830);
UPDATE "Sensor" SET "route" = 385 WHERE "id" = 830;
INSERT INTO "TrackElement" ("id") VALUES (831);
INSERT INTO "Segment" ("id", "length") VALUES (831, 540);
UPDATE "TrackElement" SET "region" = 386 WHERE "id" = 831;
INSERT INTO "monitoredBy" VALUES (831, 830);
INSERT INTO "TrackElement" ("id") VALUES (832);
INSERT INTO "Segment" ("id", "length") VALUES (832, 775);
UPDATE "TrackElement" SET "region" = 386 WHERE "id" = 832;
INSERT INTO "monitoredBy" VALUES (832, 830);
INSERT INTO "TrackElement" ("id") VALUES (833);
INSERT INTO "Segment" ("id", "length") VALUES (833, 430);
UPDATE "TrackElement" SET "region" = 386 WHERE "id" = 833;
INSERT INTO "monitoredBy" VALUES (833, 830);
INSERT INTO "TrackElement" ("id") VALUES (834);
INSERT INTO "Segment" ("id", "length") VALUES (834, 995);
UPDATE "TrackElement" SET "region" = 386 WHERE "id" = 834;
INSERT INTO "monitoredBy" VALUES (834, 830);
INSERT INTO "TrackElement" ("id") VALUES (835);
INSERT INTO "Segment" ("id", "length") VALUES (835, 899);
UPDATE "TrackElement" SET "region" = 386 WHERE "id" = 835;
INSERT INTO "monitoredBy" VALUES (835, 830);
INSERT INTO "Sensor" ("id") VALUES (836);
UPDATE "Sensor" SET "region" = 386 WHERE "id" = 836;
INSERT INTO "monitoredBy" VALUES (829, 836);
UPDATE "Sensor" SET "route" = 385 WHERE "id" = 836;
INSERT INTO "TrackElement" ("id") VALUES (837);
INSERT INTO "Segment" ("id", "length") VALUES (837, 277);
UPDATE "TrackElement" SET "region" = 386 WHERE "id" = 837;
INSERT INTO "monitoredBy" VALUES (837, 836);
INSERT INTO "TrackElement" ("id") VALUES (838);
INSERT INTO "Segment" ("id", "length") VALUES (838, 384);
UPDATE "TrackElement" SET "region" = 386 WHERE "id" = 838;
INSERT INTO "monitoredBy" VALUES (838, 836);
INSERT INTO "TrackElement" ("id") VALUES (839);
INSERT INTO "Segment" ("id", "length") VALUES (839, 200);
UPDATE "TrackElement" SET "region" = 386 WHERE "id" = 839;
INSERT INTO "monitoredBy" VALUES (839, 836);
INSERT INTO "TrackElement" ("id") VALUES (840);
INSERT INTO "Segment" ("id", "length") VALUES (840, 506);
UPDATE "TrackElement" SET "region" = 386 WHERE "id" = 840;
INSERT INTO "monitoredBy" VALUES (840, 836);
INSERT INTO "TrackElement" ("id") VALUES (841);
INSERT INTO "Segment" ("id", "length") VALUES (841, 846);
UPDATE "TrackElement" SET "region" = 386 WHERE "id" = 841;
INSERT INTO "monitoredBy" VALUES (841, 836);
INSERT INTO "Sensor" ("id") VALUES (842);
UPDATE "Sensor" SET "region" = 386 WHERE "id" = 842;
INSERT INTO "monitoredBy" VALUES (829, 842);
UPDATE "Sensor" SET "route" = 385 WHERE "id" = 842;
INSERT INTO "TrackElement" ("id") VALUES (843);
INSERT INTO "Segment" ("id", "length") VALUES (843, 180);
UPDATE "TrackElement" SET "region" = 386 WHERE "id" = 843;
INSERT INTO "monitoredBy" VALUES (843, 842);
INSERT INTO "TrackElement" ("id") VALUES (844);
INSERT INTO "Segment" ("id", "length") VALUES (844, 756);
UPDATE "TrackElement" SET "region" = 386 WHERE "id" = 844;
INSERT INTO "monitoredBy" VALUES (844, 842);
INSERT INTO "TrackElement" ("id") VALUES (845);
INSERT INTO "Segment" ("id", "length") VALUES (845, 53);
UPDATE "TrackElement" SET "region" = 386 WHERE "id" = 845;
INSERT INTO "monitoredBy" VALUES (845, 842);
INSERT INTO "TrackElement" ("id") VALUES (846);
INSERT INTO "Segment" ("id", "length") VALUES (846, 208);
UPDATE "TrackElement" SET "region" = 386 WHERE "id" = 846;
INSERT INTO "monitoredBy" VALUES (846, 842);
INSERT INTO "TrackElement" ("id") VALUES (847);
INSERT INTO "Segment" ("id", "length") VALUES (847, 632);
UPDATE "TrackElement" SET "region" = 386 WHERE "id" = 847;
INSERT INTO "monitoredBy" VALUES (847, 842);
INSERT INTO "Sensor" ("id") VALUES (848);
UPDATE "Sensor" SET "region" = 386 WHERE "id" = 848;
INSERT INTO "monitoredBy" VALUES (829, 848);
UPDATE "Sensor" SET "route" = 385 WHERE "id" = 848;
INSERT INTO "TrackElement" ("id") VALUES (849);
INSERT INTO "Segment" ("id", "length") VALUES (849, 941);
UPDATE "TrackElement" SET "region" = 386 WHERE "id" = 849;
INSERT INTO "monitoredBy" VALUES (849, 848);
INSERT INTO "TrackElement" ("id") VALUES (850);
INSERT INTO "Segment" ("id", "length") VALUES (850, 954);
UPDATE "TrackElement" SET "region" = 386 WHERE "id" = 850;
INSERT INTO "monitoredBy" VALUES (850, 848);
INSERT INTO "TrackElement" ("id") VALUES (851);
INSERT INTO "Segment" ("id", "length") VALUES (851, 470);
UPDATE "TrackElement" SET "region" = 386 WHERE "id" = 851;
INSERT INTO "monitoredBy" VALUES (851, 848);
INSERT INTO "TrackElement" ("id") VALUES (852);
INSERT INTO "Segment" ("id", "length") VALUES (852, 445);
UPDATE "TrackElement" SET "region" = 386 WHERE "id" = 852;
INSERT INTO "monitoredBy" VALUES (852, 848);
INSERT INTO "TrackElement" ("id") VALUES (853);
INSERT INTO "Segment" ("id", "length") VALUES (853, 734);
UPDATE "TrackElement" SET "region" = 386 WHERE "id" = 853;
INSERT INTO "monitoredBy" VALUES (853, 848);
UPDATE "Switch" SET "currentPosition" = 1 WHERE "id" = 829;
INSERT INTO "SwitchPosition" ("id", "position", "target") VALUES (854, 1, 829);
UPDATE "SwitchPosition" SET "route" = 385 WHERE "id" = 854;
INSERT INTO "TrackElement" ("id") VALUES (855);
INSERT INTO "Switch" ("id") VALUES (855);
UPDATE "TrackElement" SET "region" = 386 WHERE "id" = 855;
INSERT INTO "Sensor" ("id") VALUES (856);
UPDATE "Sensor" SET "region" = 386 WHERE "id" = 856;
INSERT INTO "monitoredBy" VALUES (855, 856);
UPDATE "Sensor" SET "route" = 385 WHERE "id" = 856;
INSERT INTO "TrackElement" ("id") VALUES (857);
INSERT INTO "Segment" ("id", "length") VALUES (857, 751);
UPDATE "TrackElement" SET "region" = 386 WHERE "id" = 857;
INSERT INTO "monitoredBy" VALUES (857, 856);
INSERT INTO "TrackElement" ("id") VALUES (858);
INSERT INTO "Segment" ("id", "length") VALUES (858, 276);
UPDATE "TrackElement" SET "region" = 386 WHERE "id" = 858;
INSERT INTO "monitoredBy" VALUES (858, 856);
INSERT INTO "TrackElement" ("id") VALUES (859);
INSERT INTO "Segment" ("id", "length") VALUES (859, 394);
UPDATE "TrackElement" SET "region" = 386 WHERE "id" = 859;
INSERT INTO "monitoredBy" VALUES (859, 856);
INSERT INTO "TrackElement" ("id") VALUES (860);
INSERT INTO "Segment" ("id", "length") VALUES (860, 436);
UPDATE "TrackElement" SET "region" = 386 WHERE "id" = 860;
INSERT INTO "monitoredBy" VALUES (860, 856);
INSERT INTO "TrackElement" ("id") VALUES (861);
INSERT INTO "Segment" ("id", "length") VALUES (861, 193);
UPDATE "TrackElement" SET "region" = 386 WHERE "id" = 861;
INSERT INTO "monitoredBy" VALUES (861, 856);
INSERT INTO "Sensor" ("id") VALUES (862);
UPDATE "Sensor" SET "region" = 386 WHERE "id" = 862;
INSERT INTO "monitoredBy" VALUES (855, 862);
UPDATE "Sensor" SET "route" = 385 WHERE "id" = 862;
INSERT INTO "TrackElement" ("id") VALUES (863);
INSERT INTO "Segment" ("id", "length") VALUES (863, 31);
UPDATE "TrackElement" SET "region" = 386 WHERE "id" = 863;
INSERT INTO "monitoredBy" VALUES (863, 862);
INSERT INTO "TrackElement" ("id") VALUES (864);
INSERT INTO "Segment" ("id", "length") VALUES (864, 131);
UPDATE "TrackElement" SET "region" = 386 WHERE "id" = 864;
INSERT INTO "monitoredBy" VALUES (864, 862);
INSERT INTO "TrackElement" ("id") VALUES (865);
INSERT INTO "Segment" ("id", "length") VALUES (865, 163);
UPDATE "TrackElement" SET "region" = 386 WHERE "id" = 865;
INSERT INTO "monitoredBy" VALUES (865, 862);
INSERT INTO "TrackElement" ("id") VALUES (866);
INSERT INTO "Segment" ("id", "length") VALUES (866, 266);
UPDATE "TrackElement" SET "region" = 386 WHERE "id" = 866;
INSERT INTO "monitoredBy" VALUES (866, 862);
INSERT INTO "TrackElement" ("id") VALUES (867);
INSERT INTO "Segment" ("id", "length") VALUES (867, 46);
UPDATE "TrackElement" SET "region" = 386 WHERE "id" = 867;
INSERT INTO "monitoredBy" VALUES (867, 862);
INSERT INTO "Sensor" ("id") VALUES (868);
UPDATE "Sensor" SET "region" = 386 WHERE "id" = 868;
INSERT INTO "monitoredBy" VALUES (855, 868);
UPDATE "Sensor" SET "route" = 385 WHERE "id" = 868;
INSERT INTO "TrackElement" ("id") VALUES (869);
INSERT INTO "Segment" ("id", "length") VALUES (869, 208);
UPDATE "TrackElement" SET "region" = 386 WHERE "id" = 869;
INSERT INTO "monitoredBy" VALUES (869, 868);
INSERT INTO "TrackElement" ("id") VALUES (870);
INSERT INTO "Segment" ("id", "length") VALUES (870, 34);
UPDATE "TrackElement" SET "region" = 386 WHERE "id" = 870;
INSERT INTO "monitoredBy" VALUES (870, 868);
INSERT INTO "TrackElement" ("id") VALUES (871);
INSERT INTO "Segment" ("id", "length") VALUES (871, 181);
UPDATE "TrackElement" SET "region" = 386 WHERE "id" = 871;
INSERT INTO "monitoredBy" VALUES (871, 868);
INSERT INTO "TrackElement" ("id") VALUES (872);
INSERT INTO "Segment" ("id", "length") VALUES (872, 356);
UPDATE "TrackElement" SET "region" = 386 WHERE "id" = 872;
INSERT INTO "monitoredBy" VALUES (872, 868);
INSERT INTO "TrackElement" ("id") VALUES (873);
INSERT INTO "Segment" ("id", "length") VALUES (873, 348);
UPDATE "TrackElement" SET "region" = 386 WHERE "id" = 873;
INSERT INTO "monitoredBy" VALUES (873, 868);
INSERT INTO "Sensor" ("id") VALUES (874);
UPDATE "Sensor" SET "region" = 386 WHERE "id" = 874;
INSERT INTO "monitoredBy" VALUES (855, 874);
UPDATE "Sensor" SET "route" = 385 WHERE "id" = 874;
INSERT INTO "TrackElement" ("id") VALUES (875);
INSERT INTO "Segment" ("id", "length") VALUES (875, 849);
UPDATE "TrackElement" SET "region" = 386 WHERE "id" = 875;
INSERT INTO "monitoredBy" VALUES (875, 874);
INSERT INTO "TrackElement" ("id") VALUES (876);
INSERT INTO "Segment" ("id", "length") VALUES (876, 70);
UPDATE "TrackElement" SET "region" = 386 WHERE "id" = 876;
INSERT INTO "monitoredBy" VALUES (876, 874);
INSERT INTO "TrackElement" ("id") VALUES (877);
INSERT INTO "Segment" ("id", "length") VALUES (877, 950);
UPDATE "TrackElement" SET "region" = 386 WHERE "id" = 877;
INSERT INTO "monitoredBy" VALUES (877, 874);
INSERT INTO "TrackElement" ("id") VALUES (878);
INSERT INTO "Segment" ("id", "length") VALUES (878, 124);
UPDATE "TrackElement" SET "region" = 386 WHERE "id" = 878;
INSERT INTO "monitoredBy" VALUES (878, 874);
INSERT INTO "TrackElement" ("id") VALUES (879);
INSERT INTO "Segment" ("id", "length") VALUES (879, 361);
UPDATE "TrackElement" SET "region" = 386 WHERE "id" = 879;
INSERT INTO "monitoredBy" VALUES (879, 874);
INSERT INTO "Sensor" ("id") VALUES (880);
UPDATE "Sensor" SET "region" = 386 WHERE "id" = 880;
INSERT INTO "monitoredBy" VALUES (855, 880);
UPDATE "Sensor" SET "route" = 385 WHERE "id" = 880;
INSERT INTO "TrackElement" ("id") VALUES (881);
INSERT INTO "Segment" ("id", "length") VALUES (881, 369);
UPDATE "TrackElement" SET "region" = 386 WHERE "id" = 881;
INSERT INTO "monitoredBy" VALUES (881, 880);
INSERT INTO "TrackElement" ("id") VALUES (882);
INSERT INTO "Segment" ("id", "length") VALUES (882, 260);
UPDATE "TrackElement" SET "region" = 386 WHERE "id" = 882;
INSERT INTO "monitoredBy" VALUES (882, 880);
INSERT INTO "TrackElement" ("id") VALUES (883);
INSERT INTO "Segment" ("id", "length") VALUES (883, 727);
UPDATE "TrackElement" SET "region" = 386 WHERE "id" = 883;
INSERT INTO "monitoredBy" VALUES (883, 880);
INSERT INTO "TrackElement" ("id") VALUES (884);
INSERT INTO "Segment" ("id", "length") VALUES (884, 688);
UPDATE "TrackElement" SET "region" = 386 WHERE "id" = 884;
INSERT INTO "monitoredBy" VALUES (884, 880);
INSERT INTO "TrackElement" ("id") VALUES (885);
INSERT INTO "Segment" ("id", "length") VALUES (885, 391);
UPDATE "TrackElement" SET "region" = 386 WHERE "id" = 885;
INSERT INTO "monitoredBy" VALUES (885, 880);
INSERT INTO "TrackElement" ("id") VALUES (886);
INSERT INTO "Segment" ("id", "length") VALUES (886, 496);
UPDATE "TrackElement" SET "region" = 386 WHERE "id" = 886;
INSERT INTO "monitoredBy" VALUES (886, 880);
INSERT INTO "Sensor" ("id") VALUES (887);
UPDATE "Sensor" SET "region" = 386 WHERE "id" = 887;
INSERT INTO "monitoredBy" VALUES (855, 887);
UPDATE "Sensor" SET "route" = 385 WHERE "id" = 887;
INSERT INTO "TrackElement" ("id") VALUES (888);
INSERT INTO "Segment" ("id", "length") VALUES (888, 829);
UPDATE "TrackElement" SET "region" = 386 WHERE "id" = 888;
INSERT INTO "monitoredBy" VALUES (888, 887);
INSERT INTO "TrackElement" ("id") VALUES (889);
INSERT INTO "Segment" ("id", "length") VALUES (889, 490);
UPDATE "TrackElement" SET "region" = 386 WHERE "id" = 889;
INSERT INTO "monitoredBy" VALUES (889, 887);
INSERT INTO "TrackElement" ("id") VALUES (890);
INSERT INTO "Segment" ("id", "length") VALUES (890, 45);
UPDATE "TrackElement" SET "region" = 386 WHERE "id" = 890;
INSERT INTO "monitoredBy" VALUES (890, 887);
INSERT INTO "TrackElement" ("id") VALUES (891);
INSERT INTO "Segment" ("id", "length") VALUES (891, 503);
UPDATE "TrackElement" SET "region" = 386 WHERE "id" = 891;
INSERT INTO "monitoredBy" VALUES (891, 887);
INSERT INTO "TrackElement" ("id") VALUES (892);
INSERT INTO "Segment" ("id", "length") VALUES (892, 529);
UPDATE "TrackElement" SET "region" = 386 WHERE "id" = 892;
INSERT INTO "monitoredBy" VALUES (892, 887);
INSERT INTO "Sensor" ("id") VALUES (893);
UPDATE "Sensor" SET "region" = 386 WHERE "id" = 893;
INSERT INTO "monitoredBy" VALUES (855, 893);
INSERT INTO "TrackElement" ("id") VALUES (894);
INSERT INTO "Segment" ("id", "length") VALUES (894, 542);
UPDATE "TrackElement" SET "region" = 386 WHERE "id" = 894;
INSERT INTO "monitoredBy" VALUES (894, 893);
INSERT INTO "TrackElement" ("id") VALUES (895);
INSERT INTO "Segment" ("id", "length") VALUES (895, 145);
UPDATE "TrackElement" SET "region" = 386 WHERE "id" = 895;
INSERT INTO "monitoredBy" VALUES (895, 893);
INSERT INTO "TrackElement" ("id") VALUES (896);
INSERT INTO "Segment" ("id", "length") VALUES (896, 761);
UPDATE "TrackElement" SET "region" = 386 WHERE "id" = 896;
INSERT INTO "monitoredBy" VALUES (896, 893);
INSERT INTO "TrackElement" ("id") VALUES (897);
INSERT INTO "Segment" ("id", "length") VALUES (897, 52);
UPDATE "TrackElement" SET "region" = 386 WHERE "id" = 897;
INSERT INTO "monitoredBy" VALUES (897, 893);
INSERT INTO "TrackElement" ("id") VALUES (898);
INSERT INTO "Segment" ("id", "length") VALUES (898, -936);
UPDATE "TrackElement" SET "region" = 386 WHERE "id" = 898;
INSERT INTO "monitoredBy" VALUES (898, 893);
UPDATE "Switch" SET "currentPosition" = 1 WHERE "id" = 855;
INSERT INTO "SwitchPosition" ("id", "position", "target") VALUES (899, 1, 855);
UPDATE "SwitchPosition" SET "route" = 385 WHERE "id" = 899;
INSERT INTO "TrackElement" ("id") VALUES (900);
INSERT INTO "Switch" ("id") VALUES (900);
UPDATE "TrackElement" SET "region" = 386 WHERE "id" = 900;
INSERT INTO "Sensor" ("id") VALUES (901);
UPDATE "Sensor" SET "region" = 386 WHERE "id" = 901;
INSERT INTO "monitoredBy" VALUES (900, 901);
UPDATE "Sensor" SET "route" = 385 WHERE "id" = 901;
INSERT INTO "TrackElement" ("id") VALUES (902);
INSERT INTO "Segment" ("id", "length") VALUES (902, 782);
UPDATE "TrackElement" SET "region" = 386 WHERE "id" = 902;
INSERT INTO "monitoredBy" VALUES (902, 901);
INSERT INTO "TrackElement" ("id") VALUES (903);
INSERT INTO "Segment" ("id", "length") VALUES (903, 968);
UPDATE "TrackElement" SET "region" = 386 WHERE "id" = 903;
INSERT INTO "monitoredBy" VALUES (903, 901);
INSERT INTO "TrackElement" ("id") VALUES (904);
INSERT INTO "Segment" ("id", "length") VALUES (904, 687);
UPDATE "TrackElement" SET "region" = 386 WHERE "id" = 904;
INSERT INTO "monitoredBy" VALUES (904, 901);
INSERT INTO "TrackElement" ("id") VALUES (905);
INSERT INTO "Segment" ("id", "length") VALUES (905, 633);
UPDATE "TrackElement" SET "region" = 386 WHERE "id" = 905;
INSERT INTO "monitoredBy" VALUES (905, 901);
INSERT INTO "TrackElement" ("id") VALUES (906);
INSERT INTO "Segment" ("id", "length") VALUES (906, 783);
UPDATE "TrackElement" SET "region" = 386 WHERE "id" = 906;
INSERT INTO "monitoredBy" VALUES (906, 901);
INSERT INTO "Sensor" ("id") VALUES (907);
UPDATE "Sensor" SET "region" = 386 WHERE "id" = 907;
INSERT INTO "monitoredBy" VALUES (900, 907);
UPDATE "Sensor" SET "route" = 385 WHERE "id" = 907;
INSERT INTO "TrackElement" ("id") VALUES (908);
INSERT INTO "Segment" ("id", "length") VALUES (908, 821);
UPDATE "TrackElement" SET "region" = 386 WHERE "id" = 908;
INSERT INTO "monitoredBy" VALUES (908, 907);
INSERT INTO "TrackElement" ("id") VALUES (909);
INSERT INTO "Segment" ("id", "length") VALUES (909, 44);
UPDATE "TrackElement" SET "region" = 386 WHERE "id" = 909;
INSERT INTO "monitoredBy" VALUES (909, 907);
INSERT INTO "TrackElement" ("id") VALUES (910);
INSERT INTO "Segment" ("id", "length") VALUES (910, 327);
UPDATE "TrackElement" SET "region" = 386 WHERE "id" = 910;
INSERT INTO "monitoredBy" VALUES (910, 907);
INSERT INTO "TrackElement" ("id") VALUES (911);
INSERT INTO "Segment" ("id", "length") VALUES (911, 12);
UPDATE "TrackElement" SET "region" = 386 WHERE "id" = 911;
INSERT INTO "monitoredBy" VALUES (911, 907);
INSERT INTO "TrackElement" ("id") VALUES (912);
INSERT INTO "Segment" ("id", "length") VALUES (912, 459);
UPDATE "TrackElement" SET "region" = 386 WHERE "id" = 912;
INSERT INTO "monitoredBy" VALUES (912, 907);
INSERT INTO "Sensor" ("id") VALUES (913);
UPDATE "Sensor" SET "region" = 386 WHERE "id" = 913;
INSERT INTO "monitoredBy" VALUES (900, 913);
UPDATE "Sensor" SET "route" = 385 WHERE "id" = 913;
INSERT INTO "TrackElement" ("id") VALUES (914);
INSERT INTO "Segment" ("id", "length") VALUES (914, 3);
UPDATE "TrackElement" SET "region" = 386 WHERE "id" = 914;
INSERT INTO "monitoredBy" VALUES (914, 913);
INSERT INTO "TrackElement" ("id") VALUES (915);
INSERT INTO "Segment" ("id", "length") VALUES (915, 471);
UPDATE "TrackElement" SET "region" = 386 WHERE "id" = 915;
INSERT INTO "monitoredBy" VALUES (915, 913);
INSERT INTO "TrackElement" ("id") VALUES (916);
INSERT INTO "Segment" ("id", "length") VALUES (916, 682);
UPDATE "TrackElement" SET "region" = 386 WHERE "id" = 916;
INSERT INTO "monitoredBy" VALUES (916, 913);
INSERT INTO "TrackElement" ("id") VALUES (917);
INSERT INTO "Segment" ("id", "length") VALUES (917, 115);
UPDATE "TrackElement" SET "region" = 386 WHERE "id" = 917;
INSERT INTO "monitoredBy" VALUES (917, 913);
INSERT INTO "TrackElement" ("id") VALUES (918);
INSERT INTO "Segment" ("id", "length") VALUES (918, 517);
UPDATE "TrackElement" SET "region" = 386 WHERE "id" = 918;
INSERT INTO "monitoredBy" VALUES (918, 913);
UPDATE "Switch" SET "currentPosition" = 2 WHERE "id" = 900;
INSERT INTO "SwitchPosition" ("id", "position", "target") VALUES (919, 2, 900);
UPDATE "SwitchPosition" SET "route" = 385 WHERE "id" = 919;
INSERT INTO "TrackElement" ("id") VALUES (920);
INSERT INTO "Switch" ("id") VALUES (920);
UPDATE "TrackElement" SET "region" = 386 WHERE "id" = 920;
INSERT INTO "Sensor" ("id") VALUES (921);
UPDATE "Sensor" SET "region" = 386 WHERE "id" = 921;
INSERT INTO "monitoredBy" VALUES (920, 921);
UPDATE "Sensor" SET "route" = 385 WHERE "id" = 921;
INSERT INTO "TrackElement" ("id") VALUES (922);
INSERT INTO "Segment" ("id", "length") VALUES (922, 578);
UPDATE "TrackElement" SET "region" = 386 WHERE "id" = 922;
INSERT INTO "monitoredBy" VALUES (922, 921);
INSERT INTO "TrackElement" ("id") VALUES (923);
INSERT INTO "Segment" ("id", "length") VALUES (923, 982);
UPDATE "TrackElement" SET "region" = 386 WHERE "id" = 923;
INSERT INTO "monitoredBy" VALUES (923, 921);
INSERT INTO "TrackElement" ("id") VALUES (924);
INSERT INTO "Segment" ("id", "length") VALUES (924, 805);
UPDATE "TrackElement" SET "region" = 386 WHERE "id" = 924;
INSERT INTO "monitoredBy" VALUES (924, 921);
INSERT INTO "TrackElement" ("id") VALUES (925);
INSERT INTO "Segment" ("id", "length") VALUES (925, 326);
UPDATE "TrackElement" SET "region" = 386 WHERE "id" = 925;
INSERT INTO "monitoredBy" VALUES (925, 921);
INSERT INTO "TrackElement" ("id") VALUES (926);
INSERT INTO "Segment" ("id", "length") VALUES (926, 832);
UPDATE "TrackElement" SET "region" = 386 WHERE "id" = 926;
INSERT INTO "monitoredBy" VALUES (926, 921);
UPDATE "Switch" SET "currentPosition" = 0 WHERE "id" = 920;
INSERT INTO "SwitchPosition" ("id", "position", "target") VALUES (927, 0, 920);
UPDATE "SwitchPosition" SET "route" = 385 WHERE "id" = 927;
INSERT INTO "connectsTo" VALUES (387, 389);
INSERT INTO "connectsTo" VALUES (389, 390);
INSERT INTO "connectsTo" VALUES (390, 391);
INSERT INTO "connectsTo" VALUES (391, 392);
INSERT INTO "connectsTo" VALUES (392, 393);
INSERT INTO "connectsTo" VALUES (393, 395);
INSERT INTO "connectsTo" VALUES (395, 396);
INSERT INTO "connectsTo" VALUES (396, 397);
INSERT INTO "connectsTo" VALUES (397, 398);
INSERT INTO "connectsTo" VALUES (398, 399);
INSERT INTO "connectsTo" VALUES (399, 401);
INSERT INTO "connectsTo" VALUES (401, 402);
INSERT INTO "connectsTo" VALUES (402, 403);
INSERT INTO "connectsTo" VALUES (403, 404);
INSERT INTO "connectsTo" VALUES (404, 405);
INSERT INTO "connectsTo" VALUES (405, 407);
INSERT INTO "connectsTo" VALUES (407, 408);
INSERT INTO "connectsTo" VALUES (408, 409);
INSERT INTO "connectsTo" VALUES (409, 410);
INSERT INTO "connectsTo" VALUES (410, 411);
INSERT INTO "connectsTo" VALUES (411, 413);
INSERT INTO "connectsTo" VALUES (413, 414);
INSERT INTO "connectsTo" VALUES (414, 415);
INSERT INTO "connectsTo" VALUES (415, 416);
INSERT INTO "connectsTo" VALUES (416, 417);
INSERT INTO "connectsTo" VALUES (417, 419);
INSERT INTO "connectsTo" VALUES (419, 420);
INSERT INTO "connectsTo" VALUES (420, 421);
INSERT INTO "connectsTo" VALUES (421, 422);
INSERT INTO "connectsTo" VALUES (422, 423);
INSERT INTO "connectsTo" VALUES (423, 425);
INSERT INTO "connectsTo" VALUES (425, 426);
INSERT INTO "connectsTo" VALUES (426, 427);
INSERT INTO "connectsTo" VALUES (427, 428);
INSERT INTO "connectsTo" VALUES (428, 429);
INSERT INTO "connectsTo" VALUES (429, 431);
INSERT INTO "connectsTo" VALUES (431, 432);
INSERT INTO "connectsTo" VALUES (432, 433);
INSERT INTO "connectsTo" VALUES (433, 434);
INSERT INTO "connectsTo" VALUES (434, 435);
INSERT INTO "connectsTo" VALUES (435, 437);
INSERT INTO "connectsTo" VALUES (437, 438);
INSERT INTO "connectsTo" VALUES (438, 439);
INSERT INTO "connectsTo" VALUES (439, 440);
INSERT INTO "connectsTo" VALUES (440, 441);
INSERT INTO "connectsTo" VALUES (441, 443);
INSERT INTO "connectsTo" VALUES (443, 445);
INSERT INTO "connectsTo" VALUES (445, 446);
INSERT INTO "connectsTo" VALUES (446, 447);
INSERT INTO "connectsTo" VALUES (447, 448);
INSERT INTO "connectsTo" VALUES (448, 449);
INSERT INTO "connectsTo" VALUES (449, 451);
INSERT INTO "connectsTo" VALUES (451, 453);
INSERT INTO "connectsTo" VALUES (453, 454);
INSERT INTO "connectsTo" VALUES (454, 455);
INSERT INTO "connectsTo" VALUES (455, 456);
INSERT INTO "connectsTo" VALUES (456, 457);
INSERT INTO "connectsTo" VALUES (457, 459);
INSERT INTO "connectsTo" VALUES (459, 461);
INSERT INTO "connectsTo" VALUES (461, 462);
INSERT INTO "connectsTo" VALUES (462, 463);
INSERT INTO "connectsTo" VALUES (463, 464);
INSERT INTO "connectsTo" VALUES (464, 465);
INSERT INTO "connectsTo" VALUES (465, 467);
INSERT INTO "connectsTo" VALUES (467, 468);
INSERT INTO "connectsTo" VALUES (468, 469);
INSERT INTO "connectsTo" VALUES (469, 470);
INSERT INTO "connectsTo" VALUES (470, 471);
INSERT INTO "connectsTo" VALUES (471, 473);
INSERT INTO "connectsTo" VALUES (473, 475);
INSERT INTO "connectsTo" VALUES (475, 476);
INSERT INTO "connectsTo" VALUES (476, 477);
INSERT INTO "connectsTo" VALUES (477, 478);
INSERT INTO "connectsTo" VALUES (478, 479);
INSERT INTO "connectsTo" VALUES (479, 481);
INSERT INTO "connectsTo" VALUES (481, 482);
INSERT INTO "connectsTo" VALUES (482, 483);
INSERT INTO "connectsTo" VALUES (483, 484);
INSERT INTO "connectsTo" VALUES (484, 485);
INSERT INTO "connectsTo" VALUES (485, 487);
INSERT INTO "connectsTo" VALUES (487, 488);
INSERT INTO "connectsTo" VALUES (488, 489);
INSERT INTO "connectsTo" VALUES (489, 490);
INSERT INTO "connectsTo" VALUES (490, 491);
INSERT INTO "connectsTo" VALUES (491, 493);
INSERT INTO "connectsTo" VALUES (493, 494);
INSERT INTO "connectsTo" VALUES (494, 495);
INSERT INTO "connectsTo" VALUES (495, 496);
INSERT INTO "connectsTo" VALUES (496, 497);
INSERT INTO "connectsTo" VALUES (497, 499);
INSERT INTO "connectsTo" VALUES (499, 500);
INSERT INTO "connectsTo" VALUES (500, 501);
INSERT INTO "connectsTo" VALUES (501, 502);
INSERT INTO "connectsTo" VALUES (502, 503);
INSERT INTO "connectsTo" VALUES (503, 505);
INSERT INTO "connectsTo" VALUES (505, 506);
INSERT INTO "connectsTo" VALUES (506, 507);
INSERT INTO "connectsTo" VALUES (507, 508);
INSERT INTO "connectsTo" VALUES (508, 509);
INSERT INTO "connectsTo" VALUES (509, 511);
INSERT INTO "connectsTo" VALUES (511, 512);
INSERT INTO "connectsTo" VALUES (512, 513);
INSERT INTO "connectsTo" VALUES (513, 514);
INSERT INTO "connectsTo" VALUES (514, 515);
INSERT INTO "connectsTo" VALUES (515, 517);
INSERT INTO "connectsTo" VALUES (517, 518);
INSERT INTO "connectsTo" VALUES (518, 519);
INSERT INTO "connectsTo" VALUES (519, 520);
INSERT INTO "connectsTo" VALUES (520, 521);
INSERT INTO "connectsTo" VALUES (521, 523);
INSERT INTO "connectsTo" VALUES (523, 524);
INSERT INTO "connectsTo" VALUES (524, 525);
INSERT INTO "connectsTo" VALUES (525, 526);
INSERT INTO "connectsTo" VALUES (526, 527);
INSERT INTO "connectsTo" VALUES (527, 529);
INSERT INTO "connectsTo" VALUES (529, 531);
INSERT INTO "connectsTo" VALUES (531, 532);
INSERT INTO "connectsTo" VALUES (532, 533);
INSERT INTO "connectsTo" VALUES (533, 534);
INSERT INTO "connectsTo" VALUES (534, 535);
INSERT INTO "connectsTo" VALUES (535, 536);
INSERT INTO "connectsTo" VALUES (536, 538);
INSERT INTO "connectsTo" VALUES (538, 539);
INSERT INTO "connectsTo" VALUES (539, 540);
INSERT INTO "connectsTo" VALUES (540, 541);
INSERT INTO "connectsTo" VALUES (541, 542);
INSERT INTO "connectsTo" VALUES (542, 544);
INSERT INTO "connectsTo" VALUES (544, 545);
INSERT INTO "connectsTo" VALUES (545, 546);
INSERT INTO "connectsTo" VALUES (546, 547);
INSERT INTO "connectsTo" VALUES (547, 548);
INSERT INTO "connectsTo" VALUES (548, 550);
INSERT INTO "connectsTo" VALUES (550, 551);
INSERT INTO "connectsTo" VALUES (551, 552);
INSERT INTO "connectsTo" VALUES (552, 553);
INSERT INTO "connectsTo" VALUES (553, 554);
INSERT INTO "connectsTo" VALUES (554, 556);
INSERT INTO "connectsTo" VALUES (556, 557);
INSERT INTO "connectsTo" VALUES (557, 558);
INSERT INTO "connectsTo" VALUES (558, 559);
INSERT INTO "connectsTo" VALUES (559, 560);
INSERT INTO "connectsTo" VALUES (560, 562);
INSERT INTO "connectsTo" VALUES (562, 563);
INSERT INTO "connectsTo" VALUES (563, 564);
INSERT INTO "connectsTo" VALUES (564, 565);
INSERT INTO "connectsTo" VALUES (565, 566);
INSERT INTO "connectsTo" VALUES (566, 568);
INSERT INTO "connectsTo" VALUES (568, 569);
INSERT INTO "connectsTo" VALUES (569, 570);
INSERT INTO "connectsTo" VALUES (570, 571);
INSERT INTO "connectsTo" VALUES (571, 572);
INSERT INTO "connectsTo" VALUES (572, 574);
INSERT INTO "connectsTo" VALUES (574, 575);
INSERT INTO "connectsTo" VALUES (575, 576);
INSERT INTO "connectsTo" VALUES (576, 577);
INSERT INTO "connectsTo" VALUES (577, 578);
INSERT INTO "connectsTo" VALUES (578, 580);
INSERT INTO "connectsTo" VALUES (580, 581);
INSERT INTO "connectsTo" VALUES (581, 582);
INSERT INTO "connectsTo" VALUES (582, 583);
INSERT INTO "connectsTo" VALUES (583, 584);
INSERT INTO "connectsTo" VALUES (584, 586);
INSERT INTO "connectsTo" VALUES (586, 588);
INSERT INTO "connectsTo" VALUES (588, 589);
INSERT INTO "connectsTo" VALUES (589, 590);
INSERT INTO "connectsTo" VALUES (590, 591);
INSERT INTO "connectsTo" VALUES (591, 592);
INSERT INTO "connectsTo" VALUES (592, 594);
INSERT INTO "connectsTo" VALUES (594, 595);
INSERT INTO "connectsTo" VALUES (595, 596);
INSERT INTO "connectsTo" VALUES (596, 597);
INSERT INTO "connectsTo" VALUES (597, 598);
INSERT INTO "connectsTo" VALUES (598, 600);
INSERT INTO "connectsTo" VALUES (600, 601);
INSERT INTO "connectsTo" VALUES (601, 602);
INSERT INTO "connectsTo" VALUES (602, 603);
INSERT INTO "connectsTo" VALUES (603, 604);
INSERT INTO "connectsTo" VALUES (604, 606);
INSERT INTO "connectsTo" VALUES (606, 608);
INSERT INTO "connectsTo" VALUES (608, 609);
INSERT INTO "connectsTo" VALUES (609, 610);
INSERT INTO "connectsTo" VALUES (610, 611);
INSERT INTO "connectsTo" VALUES (611, 612);
INSERT INTO "connectsTo" VALUES (612, 614);
INSERT INTO "connectsTo" VALUES (614, 615);
INSERT INTO "connectsTo" VALUES (615, 616);
INSERT INTO "connectsTo" VALUES (616, 617);
INSERT INTO "connectsTo" VALUES (617, 618);
INSERT INTO "connectsTo" VALUES (618, 620);
INSERT INTO "connectsTo" VALUES (620, 622);
INSERT INTO "connectsTo" VALUES (622, 623);
INSERT INTO "connectsTo" VALUES (623, 624);
INSERT INTO "connectsTo" VALUES (624, 625);
INSERT INTO "connectsTo" VALUES (625, 626);
INSERT INTO "connectsTo" VALUES (626, 628);
INSERT INTO "connectsTo" VALUES (628, 629);
INSERT INTO "connectsTo" VALUES (629, 630);
INSERT INTO "connectsTo" VALUES (630, 631);
INSERT INTO "connectsTo" VALUES (631, 632);
INSERT INTO "connectsTo" VALUES (632, 634);
INSERT INTO "connectsTo" VALUES (634, 635);
INSERT INTO "connectsTo" VALUES (635, 636);
INSERT INTO "connectsTo" VALUES (636, 637);
INSERT INTO "connectsTo" VALUES (637, 638);
INSERT INTO "connectsTo" VALUES (638, 640);
INSERT INTO "connectsTo" VALUES (640, 641);
INSERT INTO "connectsTo" VALUES (641, 642);
INSERT INTO "connectsTo" VALUES (642, 643);
INSERT INTO "connectsTo" VALUES (643, 644);
INSERT INTO "connectsTo" VALUES (644, 646);
INSERT INTO "connectsTo" VALUES (646, 647);
INSERT INTO "connectsTo" VALUES (647, 648);
INSERT INTO "connectsTo" VALUES (648, 649);
INSERT INTO "connectsTo" VALUES (649, 650);
INSERT INTO "connectsTo" VALUES (650, 651);
INSERT INTO "connectsTo" VALUES (651, 653);
INSERT INTO "connectsTo" VALUES (653, 654);
INSERT INTO "connectsTo" VALUES (654, 655);
INSERT INTO "connectsTo" VALUES (655, 656);
INSERT INTO "connectsTo" VALUES (656, 657);
INSERT INTO "connectsTo" VALUES (657, 659);
INSERT INTO "connectsTo" VALUES (659, 661);
INSERT INTO "connectsTo" VALUES (661, 662);
INSERT INTO "connectsTo" VALUES (662, 663);
INSERT INTO "connectsTo" VALUES (663, 664);
INSERT INTO "connectsTo" VALUES (664, 665);
INSERT INTO "connectsTo" VALUES (665, 667);
INSERT INTO "connectsTo" VALUES (667, 668);
INSERT INTO "connectsTo" VALUES (668, 669);
INSERT INTO "connectsTo" VALUES (669, 670);
INSERT INTO "connectsTo" VALUES (670, 671);
INSERT INTO "connectsTo" VALUES (671, 673);
INSERT INTO "connectsTo" VALUES (673, 674);
INSERT INTO "connectsTo" VALUES (674, 675);
INSERT INTO "connectsTo" VALUES (675, 676);
INSERT INTO "connectsTo" VALUES (676, 677);
INSERT INTO "connectsTo" VALUES (677, 679);
INSERT INTO "connectsTo" VALUES (679, 680);
INSERT INTO "connectsTo" VALUES (680, 681);
INSERT INTO "connectsTo" VALUES (681, 682);
INSERT INTO "connectsTo" VALUES (682, 683);
INSERT INTO "connectsTo" VALUES (683, 685);
INSERT INTO "connectsTo" VALUES (685, 686);
INSERT INTO "connectsTo" VALUES (686, 687);
INSERT INTO "connectsTo" VALUES (687, 688);
INSERT INTO "connectsTo" VALUES (688, 689);
INSERT INTO "connectsTo" VALUES (689, 691);
INSERT INTO "connectsTo" VALUES (691, 692);
INSERT INTO "connectsTo" VALUES (692, 693);
INSERT INTO "connectsTo" VALUES (693, 694);
INSERT INTO "connectsTo" VALUES (694, 695);
INSERT INTO "connectsTo" VALUES (695, 697);
INSERT INTO "connectsTo" VALUES (697, 698);
INSERT INTO "connectsTo" VALUES (698, 699);
INSERT INTO "connectsTo" VALUES (699, 700);
INSERT INTO "connectsTo" VALUES (700, 701);
INSERT INTO "connectsTo" VALUES (701, 703);
INSERT INTO "connectsTo" VALUES (703, 704);
INSERT INTO "connectsTo" VALUES (704, 705);
INSERT INTO "connectsTo" VALUES (705, 706);
INSERT INTO "connectsTo" VALUES (706, 707);
INSERT INTO "connectsTo" VALUES (707, 709);
INSERT INTO "connectsTo" VALUES (709, 711);
INSERT INTO "connectsTo" VALUES (711, 712);
INSERT INTO "connectsTo" VALUES (712, 713);
INSERT INTO "connectsTo" VALUES (713, 714);
INSERT INTO "connectsTo" VALUES (714, 715);
INSERT INTO "connectsTo" VALUES (715, 717);
INSERT INTO "connectsTo" VALUES (717, 718);
INSERT INTO "connectsTo" VALUES (718, 719);
INSERT INTO "connectsTo" VALUES (719, 720);
INSERT INTO "connectsTo" VALUES (720, 721);
INSERT INTO "connectsTo" VALUES (721, 723);
INSERT INTO "connectsTo" VALUES (723, 725);
INSERT INTO "connectsTo" VALUES (725, 726);
INSERT INTO "connectsTo" VALUES (726, 727);
INSERT INTO "connectsTo" VALUES (727, 728);
INSERT INTO "connectsTo" VALUES (728, 729);
INSERT INTO "connectsTo" VALUES (729, 731);
INSERT INTO "connectsTo" VALUES (731, 732);
INSERT INTO "connectsTo" VALUES (732, 733);
INSERT INTO "connectsTo" VALUES (733, 734);
INSERT INTO "connectsTo" VALUES (734, 735);
INSERT INTO "connectsTo" VALUES (735, 737);
INSERT INTO "connectsTo" VALUES (737, 738);
INSERT INTO "connectsTo" VALUES (738, 739);
INSERT INTO "connectsTo" VALUES (739, 740);
INSERT INTO "connectsTo" VALUES (740, 741);
INSERT INTO "connectsTo" VALUES (741, 743);
INSERT INTO "connectsTo" VALUES (743, 744);
INSERT INTO "connectsTo" VALUES (744, 745);
INSERT INTO "connectsTo" VALUES (745, 746);
INSERT INTO "connectsTo" VALUES (746, 747);
INSERT INTO "connectsTo" VALUES (747, 749);
INSERT INTO "connectsTo" VALUES (749, 750);
INSERT INTO "connectsTo" VALUES (750, 751);
INSERT INTO "connectsTo" VALUES (751, 752);
INSERT INTO "connectsTo" VALUES (752, 753);
INSERT INTO "connectsTo" VALUES (753, 755);
INSERT INTO "connectsTo" VALUES (755, 756);
INSERT INTO "connectsTo" VALUES (756, 757);
INSERT INTO "connectsTo" VALUES (757, 758);
INSERT INTO "connectsTo" VALUES (758, 759);
INSERT INTO "connectsTo" VALUES (759, 761);
INSERT INTO "connectsTo" VALUES (761, 762);
INSERT INTO "connectsTo" VALUES (762, 763);
INSERT INTO "connectsTo" VALUES (763, 764);
INSERT INTO "connectsTo" VALUES (764, 765);
INSERT INTO "connectsTo" VALUES (765, 767);
INSERT INTO "connectsTo" VALUES (767, 768);
INSERT INTO "connectsTo" VALUES (768, 769);
INSERT INTO "connectsTo" VALUES (769, 770);
INSERT INTO "connectsTo" VALUES (770, 771);
INSERT INTO "connectsTo" VALUES (771, 773);
INSERT INTO "connectsTo" VALUES (773, 774);
INSERT INTO "connectsTo" VALUES (774, 775);
INSERT INTO "connectsTo" VALUES (775, 776);
INSERT INTO "connectsTo" VALUES (776, 777);
INSERT INTO "connectsTo" VALUES (777, 779);
INSERT INTO "connectsTo" VALUES (779, 781);
INSERT INTO "connectsTo" VALUES (781, 782);
INSERT INTO "connectsTo" VALUES (782, 783);
INSERT INTO "connectsTo" VALUES (783, 784);
INSERT INTO "connectsTo" VALUES (784, 785);
INSERT INTO "connectsTo" VALUES (785, 787);
INSERT INTO "connectsTo" VALUES (787, 788);
INSERT INTO "connectsTo" VALUES (788, 789);
INSERT INTO "connectsTo" VALUES (789, 790);
INSERT INTO "connectsTo" VALUES (790, 791);
INSERT INTO "connectsTo" VALUES (791, 793);
INSERT INTO "connectsTo" VALUES (793, 794);
INSERT INTO "connectsTo" VALUES (794, 795);
INSERT INTO "connectsTo" VALUES (795, 796);
INSERT INTO "connectsTo" VALUES (796, 797);
INSERT INTO "connectsTo" VALUES (797, 799);
INSERT INTO "connectsTo" VALUES (799, 800);
INSERT INTO "connectsTo" VALUES (800, 801);
INSERT INTO "connectsTo" VALUES (801, 802);
INSERT INTO "connectsTo" VALUES (802, 803);
INSERT INTO "connectsTo" VALUES (803, 805);
INSERT INTO "connectsTo" VALUES (805, 806);
INSERT INTO "connectsTo" VALUES (806, 807);
INSERT INTO "connectsTo" VALUES (807, 808);
INSERT INTO "connectsTo" VALUES (808, 809);
INSERT INTO "connectsTo" VALUES (809, 811);
INSERT INTO "connectsTo" VALUES (811, 812);
INSERT INTO "connectsTo" VALUES (812, 813);
INSERT INTO "connectsTo" VALUES (813, 814);
INSERT INTO "connectsTo" VALUES (814, 815);
INSERT INTO "connectsTo" VALUES (815, 817);
INSERT INTO "connectsTo" VALUES (817, 818);
INSERT INTO "connectsTo" VALUES (818, 819);
INSERT INTO "connectsTo" VALUES (819, 820);
INSERT INTO "connectsTo" VALUES (820, 821);
INSERT INTO "connectsTo" VALUES (821, 823);
INSERT INTO "connectsTo" VALUES (823, 824);
INSERT INTO "connectsTo" VALUES (824, 825);
INSERT INTO "connectsTo" VALUES (825, 826);
INSERT INTO "connectsTo" VALUES (826, 827);
INSERT INTO "connectsTo" VALUES (827, 829);
INSERT INTO "connectsTo" VALUES (829, 831);
INSERT INTO "connectsTo" VALUES (831, 832);
INSERT INTO "connectsTo" VALUES (832, 833);
INSERT INTO "connectsTo" VALUES (833, 834);
INSERT INTO "connectsTo" VALUES (834, 835);
INSERT INTO "connectsTo" VALUES (835, 837);
INSERT INTO "connectsTo" VALUES (837, 838);
INSERT INTO "connectsTo" VALUES (838, 839);
INSERT INTO "connectsTo" VALUES (839, 840);
INSERT INTO "connectsTo" VALUES (840, 841);
INSERT INTO "connectsTo" VALUES (841, 843);
INSERT INTO "connectsTo" VALUES (843, 844);
INSERT INTO "connectsTo" VALUES (844, 845);
INSERT INTO "connectsTo" VALUES (845, 846);
INSERT INTO "connectsTo" VALUES (846, 847);
INSERT INTO "connectsTo" VALUES (847, 849);
INSERT INTO "connectsTo" VALUES (849, 850);
INSERT INTO "connectsTo" VALUES (850, 851);
INSERT INTO "connectsTo" VALUES (851, 852);
INSERT INTO "connectsTo" VALUES (852, 853);
INSERT INTO "connectsTo" VALUES (853, 855);
INSERT INTO "connectsTo" VALUES (855, 857);
INSERT INTO "connectsTo" VALUES (857, 858);
INSERT INTO "connectsTo" VALUES (858, 859);
INSERT INTO "connectsTo" VALUES (859, 860);
INSERT INTO "connectsTo" VALUES (860, 861);
INSERT INTO "connectsTo" VALUES (861, 863);
INSERT INTO "connectsTo" VALUES (863, 864);
INSERT INTO "connectsTo" VALUES (864, 865);
INSERT INTO "connectsTo" VALUES (865, 866);
INSERT INTO "connectsTo" VALUES (866, 867);
INSERT INTO "connectsTo" VALUES (867, 869);
INSERT INTO "connectsTo" VALUES (869, 870);
INSERT INTO "connectsTo" VALUES (870, 871);
INSERT INTO "connectsTo" VALUES (871, 872);
INSERT INTO "connectsTo" VALUES (872, 873);
INSERT INTO "connectsTo" VALUES (873, 875);
INSERT INTO "connectsTo" VALUES (875, 876);
INSERT INTO "connectsTo" VALUES (876, 877);
INSERT INTO "connectsTo" VALUES (877, 878);
INSERT INTO "connectsTo" VALUES (878, 879);
INSERT INTO "connectsTo" VALUES (879, 881);
INSERT INTO "connectsTo" VALUES (881, 882);
INSERT INTO "connectsTo" VALUES (882, 883);
INSERT INTO "connectsTo" VALUES (883, 884);
INSERT INTO "connectsTo" VALUES (884, 885);
INSERT INTO "connectsTo" VALUES (885, 886);
INSERT INTO "connectsTo" VALUES (886, 888);
INSERT INTO "connectsTo" VALUES (888, 889);
INSERT INTO "connectsTo" VALUES (889, 890);
INSERT INTO "connectsTo" VALUES (890, 891);
INSERT INTO "connectsTo" VALUES (891, 892);
INSERT INTO "connectsTo" VALUES (892, 894);
INSERT INTO "connectsTo" VALUES (894, 895);
INSERT INTO "connectsTo" VALUES (895, 896);
INSERT INTO "connectsTo" VALUES (896, 897);
INSERT INTO "connectsTo" VALUES (897, 898);
INSERT INTO "connectsTo" VALUES (898, 900);
INSERT INTO "connectsTo" VALUES (900, 902);
INSERT INTO "connectsTo" VALUES (902, 903);
INSERT INTO "connectsTo" VALUES (903, 904);
INSERT INTO "connectsTo" VALUES (904, 905);
INSERT INTO "connectsTo" VALUES (905, 906);
INSERT INTO "connectsTo" VALUES (906, 908);
INSERT INTO "connectsTo" VALUES (908, 909);
INSERT INTO "connectsTo" VALUES (909, 910);
INSERT INTO "connectsTo" VALUES (910, 911);
INSERT INTO "connectsTo" VALUES (911, 912);
INSERT INTO "connectsTo" VALUES (912, 914);
INSERT INTO "connectsTo" VALUES (914, 915);
INSERT INTO "connectsTo" VALUES (915, 916);
INSERT INTO "connectsTo" VALUES (916, 917);
INSERT INTO "connectsTo" VALUES (917, 918);
INSERT INTO "connectsTo" VALUES (918, 920);
INSERT INTO "connectsTo" VALUES (920, 922);
INSERT INTO "connectsTo" VALUES (922, 923);
INSERT INTO "connectsTo" VALUES (923, 924);
INSERT INTO "connectsTo" VALUES (924, 925);
INSERT INTO "connectsTo" VALUES (925, 926);
INSERT INTO "connectsTo" VALUES (382, 387);
INSERT INTO "Semaphore" ("id", "signal") VALUES (928, 2);
INSERT INTO "Route" ("id", "active", "entry", "exit") VALUES (929, 1, 384, 928);
INSERT INTO "Region" ("id") VALUES (930);
INSERT INTO "TrackElement" ("id") VALUES (931);
INSERT INTO "Switch" ("id") VALUES (931);
UPDATE "TrackElement" SET "region" = 930 WHERE "id" = 931;
INSERT INTO "Sensor" ("id") VALUES (932);
UPDATE "Sensor" SET "region" = 930 WHERE "id" = 932;
INSERT INTO "monitoredBy" VALUES (931, 932);
UPDATE "Sensor" SET "route" = 929 WHERE "id" = 932;
INSERT INTO "TrackElement" ("id") VALUES (933);
INSERT INTO "Segment" ("id", "length") VALUES (933, 518);
UPDATE "TrackElement" SET "region" = 930 WHERE "id" = 933;
INSERT INTO "monitoredBy" VALUES (933, 932);
UPDATE "Semaphore" SET "segment" = 933 WHERE "id" = 928;
INSERT INTO "TrackElement" ("id") VALUES (934);
INSERT INTO "Segment" ("id", "length") VALUES (934, 541);
UPDATE "TrackElement" SET "region" = 930 WHERE "id" = 934;
INSERT INTO "monitoredBy" VALUES (934, 932);
INSERT INTO "TrackElement" ("id") VALUES (935);
INSERT INTO "Segment" ("id", "length") VALUES (935, 491);
UPDATE "TrackElement" SET "region" = 930 WHERE "id" = 935;
INSERT INTO "monitoredBy" VALUES (935, 932);
INSERT INTO "TrackElement" ("id") VALUES (936);
INSERT INTO "Segment" ("id", "length") VALUES (936, 555);
UPDATE "TrackElement" SET "region" = 930 WHERE "id" = 936;
INSERT INTO "monitoredBy" VALUES (936, 932);
INSERT INTO "TrackElement" ("id") VALUES (937);
INSERT INTO "Segment" ("id", "length") VALUES (937, 720);
UPDATE "TrackElement" SET "region" = 930 WHERE "id" = 937;
INSERT INTO "monitoredBy" VALUES (937, 932);
INSERT INTO "Sensor" ("id") VALUES (938);
UPDATE "Sensor" SET "region" = 930 WHERE "id" = 938;
INSERT INTO "monitoredBy" VALUES (931, 938);
UPDATE "Sensor" SET "route" = 929 WHERE "id" = 938;
INSERT INTO "TrackElement" ("id") VALUES (939);
INSERT INTO "Segment" ("id", "length") VALUES (939, 829);
UPDATE "TrackElement" SET "region" = 930 WHERE "id" = 939;
INSERT INTO "monitoredBy" VALUES (939, 938);
INSERT INTO "TrackElement" ("id") VALUES (940);
INSERT INTO "Segment" ("id", "length") VALUES (940, 99);
UPDATE "TrackElement" SET "region" = 930 WHERE "id" = 940;
INSERT INTO "monitoredBy" VALUES (940, 938);
INSERT INTO "TrackElement" ("id") VALUES (941);
INSERT INTO "Segment" ("id", "length") VALUES (941, 175);
UPDATE "TrackElement" SET "region" = 930 WHERE "id" = 941;
INSERT INTO "monitoredBy" VALUES (941, 938);
INSERT INTO "TrackElement" ("id") VALUES (942);
INSERT INTO "Segment" ("id", "length") VALUES (942, 425);
UPDATE "TrackElement" SET "region" = 930 WHERE "id" = 942;
INSERT INTO "monitoredBy" VALUES (942, 938);
INSERT INTO "TrackElement" ("id") VALUES (943);
INSERT INTO "Segment" ("id", "length") VALUES (943, 186);
UPDATE "TrackElement" SET "region" = 930 WHERE "id" = 943;
INSERT INTO "monitoredBy" VALUES (943, 938);
INSERT INTO "Sensor" ("id") VALUES (944);
UPDATE "Sensor" SET "region" = 930 WHERE "id" = 944;
INSERT INTO "monitoredBy" VALUES (931, 944);
UPDATE "Sensor" SET "route" = 929 WHERE "id" = 944;
INSERT INTO "TrackElement" ("id") VALUES (945);
INSERT INTO "Segment" ("id", "length") VALUES (945, 814);
UPDATE "TrackElement" SET "region" = 930 WHERE "id" = 945;
INSERT INTO "monitoredBy" VALUES (945, 944);
INSERT INTO "TrackElement" ("id") VALUES (946);
INSERT INTO "Segment" ("id", "length") VALUES (946, -431);
UPDATE "TrackElement" SET "region" = 930 WHERE "id" = 946;
INSERT INTO "monitoredBy" VALUES (946, 944);
INSERT INTO "TrackElement" ("id") VALUES (947);
INSERT INTO "Segment" ("id", "length") VALUES (947, 646);
UPDATE "TrackElement" SET "region" = 930 WHERE "id" = 947;
INSERT INTO "monitoredBy" VALUES (947, 944);
INSERT INTO "TrackElement" ("id") VALUES (948);
INSERT INTO "Segment" ("id", "length") VALUES (948, 535);
UPDATE "TrackElement" SET "region" = 930 WHERE "id" = 948;
INSERT INTO "monitoredBy" VALUES (948, 944);
INSERT INTO "TrackElement" ("id") VALUES (949);
INSERT INTO "Segment" ("id", "length") VALUES (949, -524);
UPDATE "TrackElement" SET "region" = 930 WHERE "id" = 949;
INSERT INTO "monitoredBy" VALUES (949, 944);
UPDATE "Switch" SET "currentPosition" = 2 WHERE "id" = 931;
INSERT INTO "SwitchPosition" ("id", "position", "target") VALUES (950, 2, 931);
UPDATE "SwitchPosition" SET "route" = 929 WHERE "id" = 950;
INSERT INTO "TrackElement" ("id") VALUES (951);
INSERT INTO "Switch" ("id") VALUES (951);
UPDATE "TrackElement" SET "region" = 930 WHERE "id" = 951;
INSERT INTO "Sensor" ("id") VALUES (952);
UPDATE "Sensor" SET "region" = 930 WHERE "id" = 952;
INSERT INTO "monitoredBy" VALUES (951, 952);
UPDATE "Sensor" SET "route" = 929 WHERE "id" = 952;
INSERT INTO "TrackElement" ("id") VALUES (953);
INSERT INTO "Segment" ("id", "length") VALUES (953, 26);
UPDATE "TrackElement" SET "region" = 930 WHERE "id" = 953;
INSERT INTO "monitoredBy" VALUES (953, 952);
INSERT INTO "TrackElement" ("id") VALUES (954);
INSERT INTO "Segment" ("id", "length") VALUES (954, 343);
UPDATE "TrackElement" SET "region" = 930 WHERE "id" = 954;
INSERT INTO "monitoredBy" VALUES (954, 952);
INSERT INTO "TrackElement" ("id") VALUES (955);
INSERT INTO "Segment" ("id", "length") VALUES (955, 881);
UPDATE "TrackElement" SET "region" = 930 WHERE "id" = 955;
INSERT INTO "monitoredBy" VALUES (955, 952);
INSERT INTO "TrackElement" ("id") VALUES (956);
INSERT INTO "Segment" ("id", "length") VALUES (956, 296);
UPDATE "TrackElement" SET "region" = 930 WHERE "id" = 956;
INSERT INTO "monitoredBy" VALUES (956, 952);
INSERT INTO "TrackElement" ("id") VALUES (957);
INSERT INTO "Segment" ("id", "length") VALUES (957, 997);
UPDATE "TrackElement" SET "region" = 930 WHERE "id" = 957;
INSERT INTO "monitoredBy" VALUES (957, 952);
INSERT INTO "Sensor" ("id") VALUES (958);
UPDATE "Sensor" SET "region" = 930 WHERE "id" = 958;
INSERT INTO "monitoredBy" VALUES (951, 958);
UPDATE "Sensor" SET "route" = 929 WHERE "id" = 958;
INSERT INTO "TrackElement" ("id") VALUES (959);
INSERT INTO "Segment" ("id", "length") VALUES (959, 323);
UPDATE "TrackElement" SET "region" = 930 WHERE "id" = 959;
INSERT INTO "monitoredBy" VALUES (959, 958);
INSERT INTO "TrackElement" ("id") VALUES (960);
INSERT INTO "Segment" ("id", "length") VALUES (960, 172);
UPDATE "TrackElement" SET "region" = 930 WHERE "id" = 960;
INSERT INTO "monitoredBy" VALUES (960, 958);
INSERT INTO "TrackElement" ("id") VALUES (961);
INSERT INTO "Segment" ("id", "length") VALUES (961, 756);
UPDATE "TrackElement" SET "region" = 930 WHERE "id" = 961;
INSERT INTO "monitoredBy" VALUES (961, 958);
INSERT INTO "TrackElement" ("id") VALUES (962);
INSERT INTO "Segment" ("id", "length") VALUES (962, 203);
UPDATE "TrackElement" SET "region" = 930 WHERE "id" = 962;
INSERT INTO "monitoredBy" VALUES (962, 958);
INSERT INTO "TrackElement" ("id") VALUES (963);
INSERT INTO "Segment" ("id", "length") VALUES (963, 360);
UPDATE "TrackElement" SET "region" = 930 WHERE "id" = 963;
INSERT INTO "monitoredBy" VALUES (963, 958);
INSERT INTO "Sensor" ("id") VALUES (964);
UPDATE "Sensor" SET "region" = 930 WHERE "id" = 964;
INSERT INTO "monitoredBy" VALUES (951, 964);
UPDATE "Sensor" SET "route" = 929 WHERE "id" = 964;
INSERT INTO "TrackElement" ("id") VALUES (965);
INSERT INTO "Segment" ("id", "length") VALUES (965, 869);
UPDATE "TrackElement" SET "region" = 930 WHERE "id" = 965;
INSERT INTO "monitoredBy" VALUES (965, 964);
INSERT INTO "TrackElement" ("id") VALUES (966);
INSERT INTO "Segment" ("id", "length") VALUES (966, 13);
UPDATE "TrackElement" SET "region" = 930 WHERE "id" = 966;
INSERT INTO "monitoredBy" VALUES (966, 964);
INSERT INTO "TrackElement" ("id") VALUES (967);
INSERT INTO "Segment" ("id", "length") VALUES (967, 124);
UPDATE "TrackElement" SET "region" = 930 WHERE "id" = 967;
INSERT INTO "monitoredBy" VALUES (967, 964);
INSERT INTO "TrackElement" ("id") VALUES (968);
INSERT INTO "Segment" ("id", "length") VALUES (968, 477);
UPDATE "TrackElement" SET "region" = 930 WHERE "id" = 968;
INSERT INTO "monitoredBy" VALUES (968, 964);
INSERT INTO "TrackElement" ("id") VALUES (969);
INSERT INTO "Segment" ("id", "length") VALUES (969, 849);
UPDATE "TrackElement" SET "region" = 930 WHERE "id" = 969;
INSERT INTO "monitoredBy" VALUES (969, 964);
INSERT INTO "Sensor" ("id") VALUES (970);
UPDATE "Sensor" SET "region" = 930 WHERE "id" = 970;
INSERT INTO "monitoredBy" VALUES (951, 970);
UPDATE "Sensor" SET "route" = 929 WHERE "id" = 970;
INSERT INTO "TrackElement" ("id") VALUES (971);
INSERT INTO "Segment" ("id", "length") VALUES (971, 771);
UPDATE "TrackElement" SET "region" = 930 WHERE "id" = 971;
INSERT INTO "monitoredBy" VALUES (971, 970);
INSERT INTO "TrackElement" ("id") VALUES (972);
INSERT INTO "Segment" ("id", "length") VALUES (972, 261);
UPDATE "TrackElement" SET "region" = 930 WHERE "id" = 972;
INSERT INTO "monitoredBy" VALUES (972, 970);
INSERT INTO "TrackElement" ("id") VALUES (973);
INSERT INTO "Segment" ("id", "length") VALUES (973, 132);
UPDATE "TrackElement" SET "region" = 930 WHERE "id" = 973;
INSERT INTO "monitoredBy" VALUES (973, 970);
INSERT INTO "TrackElement" ("id") VALUES (974);
INSERT INTO "Segment" ("id", "length") VALUES (974, 14);
UPDATE "TrackElement" SET "region" = 930 WHERE "id" = 974;
INSERT INTO "monitoredBy" VALUES (974, 970);
INSERT INTO "TrackElement" ("id") VALUES (975);
INSERT INTO "Segment" ("id", "length") VALUES (975, 406);
UPDATE "TrackElement" SET "region" = 930 WHERE "id" = 975;
INSERT INTO "monitoredBy" VALUES (975, 970);
UPDATE "Switch" SET "currentPosition" = 2 WHERE "id" = 951;
INSERT INTO "SwitchPosition" ("id", "position", "target") VALUES (976, 2, 951);
UPDATE "SwitchPosition" SET "route" = 929 WHERE "id" = 976;
INSERT INTO "TrackElement" ("id") VALUES (977);
INSERT INTO "Switch" ("id") VALUES (977);
UPDATE "TrackElement" SET "region" = 930 WHERE "id" = 977;
INSERT INTO "Sensor" ("id") VALUES (978);
UPDATE "Sensor" SET "region" = 930 WHERE "id" = 978;
INSERT INTO "monitoredBy" VALUES (977, 978);
UPDATE "Sensor" SET "route" = 929 WHERE "id" = 978;
INSERT INTO "TrackElement" ("id") VALUES (979);
INSERT INTO "Segment" ("id", "length") VALUES (979, 674);
UPDATE "TrackElement" SET "region" = 930 WHERE "id" = 979;
INSERT INTO "monitoredBy" VALUES (979, 978);
INSERT INTO "TrackElement" ("id") VALUES (980);
INSERT INTO "Segment" ("id", "length") VALUES (980, 478);
UPDATE "TrackElement" SET "region" = 930 WHERE "id" = 980;
INSERT INTO "monitoredBy" VALUES (980, 978);
INSERT INTO "TrackElement" ("id") VALUES (981);
INSERT INTO "Segment" ("id", "length") VALUES (981, 86);
UPDATE "TrackElement" SET "region" = 930 WHERE "id" = 981;
INSERT INTO "monitoredBy" VALUES (981, 978);
INSERT INTO "TrackElement" ("id") VALUES (982);
INSERT INTO "Segment" ("id", "length") VALUES (982, 898);
UPDATE "TrackElement" SET "region" = 930 WHERE "id" = 982;
INSERT INTO "monitoredBy" VALUES (982, 978);
INSERT INTO "TrackElement" ("id") VALUES (983);
INSERT INTO "Segment" ("id", "length") VALUES (983, 526);
UPDATE "TrackElement" SET "region" = 930 WHERE "id" = 983;
INSERT INTO "monitoredBy" VALUES (983, 978);
INSERT INTO "Sensor" ("id") VALUES (984);
UPDATE "Sensor" SET "region" = 930 WHERE "id" = 984;
INSERT INTO "monitoredBy" VALUES (977, 984);
INSERT INTO "TrackElement" ("id") VALUES (985);
INSERT INTO "Segment" ("id", "length") VALUES (985, 608);
UPDATE "TrackElement" SET "region" = 930 WHERE "id" = 985;
INSERT INTO "monitoredBy" VALUES (985, 984);
INSERT INTO "TrackElement" ("id") VALUES (986);
INSERT INTO "Segment" ("id", "length") VALUES (986, 123);
UPDATE "TrackElement" SET "region" = 930 WHERE "id" = 986;
INSERT INTO "monitoredBy" VALUES (986, 984);
INSERT INTO "TrackElement" ("id") VALUES (987);
INSERT INTO "Segment" ("id", "length") VALUES (987, 251);
UPDATE "TrackElement" SET "region" = 930 WHERE "id" = 987;
INSERT INTO "monitoredBy" VALUES (987, 984);
INSERT INTO "TrackElement" ("id") VALUES (988);
INSERT INTO "Segment" ("id", "length") VALUES (988, 523);
UPDATE "TrackElement" SET "region" = 930 WHERE "id" = 988;
INSERT INTO "monitoredBy" VALUES (988, 984);
INSERT INTO "TrackElement" ("id") VALUES (989);
INSERT INTO "Segment" ("id", "length") VALUES (989, 98);
UPDATE "TrackElement" SET "region" = 930 WHERE "id" = 989;
INSERT INTO "monitoredBy" VALUES (989, 984);
INSERT INTO "Sensor" ("id") VALUES (990);
UPDATE "Sensor" SET "region" = 930 WHERE "id" = 990;
INSERT INTO "monitoredBy" VALUES (977, 990);
UPDATE "Sensor" SET "route" = 929 WHERE "id" = 990;
INSERT INTO "TrackElement" ("id") VALUES (991);
INSERT INTO "Segment" ("id", "length") VALUES (991, 548);
UPDATE "TrackElement" SET "region" = 930 WHERE "id" = 991;
INSERT INTO "monitoredBy" VALUES (991, 990);
INSERT INTO "TrackElement" ("id") VALUES (992);
INSERT INTO "Segment" ("id", "length") VALUES (992, 129);
UPDATE "TrackElement" SET "region" = 930 WHERE "id" = 992;
INSERT INTO "monitoredBy" VALUES (992, 990);
INSERT INTO "TrackElement" ("id") VALUES (993);
INSERT INTO "Segment" ("id", "length") VALUES (993, 890);
UPDATE "TrackElement" SET "region" = 930 WHERE "id" = 993;
INSERT INTO "monitoredBy" VALUES (993, 990);
INSERT INTO "TrackElement" ("id") VALUES (994);
INSERT INTO "Segment" ("id", "length") VALUES (994, 599);
UPDATE "TrackElement" SET "region" = 930 WHERE "id" = 994;
INSERT INTO "monitoredBy" VALUES (994, 990);
INSERT INTO "TrackElement" ("id") VALUES (995);
INSERT INTO "Segment" ("id", "length") VALUES (995, 470);
UPDATE "TrackElement" SET "region" = 930 WHERE "id" = 995;
INSERT INTO "monitoredBy" VALUES (995, 990);
UPDATE "Switch" SET "currentPosition" = 2 WHERE "id" = 977;
INSERT INTO "SwitchPosition" ("id", "position", "target") VALUES (996, 2, 977);
UPDATE "SwitchPosition" SET "route" = 929 WHERE "id" = 996;
INSERT INTO "TrackElement" ("id") VALUES (997);
INSERT INTO "Switch" ("id") VALUES (997);
UPDATE "TrackElement" SET "region" = 930 WHERE "id" = 997;
INSERT INTO "Sensor" ("id") VALUES (998);
UPDATE "Sensor" SET "region" = 930 WHERE "id" = 998;
INSERT INTO "monitoredBy" VALUES (997, 998);
UPDATE "Sensor" SET "route" = 929 WHERE "id" = 998;
INSERT INTO "TrackElement" ("id") VALUES (999);
INSERT INTO "Segment" ("id", "length") VALUES (999, 111);
UPDATE "TrackElement" SET "region" = 930 WHERE "id" = 999;
INSERT INTO "monitoredBy" VALUES (999, 998);
INSERT INTO "TrackElement" ("id") VALUES (1000);
INSERT INTO "Segment" ("id", "length") VALUES (1000, 704);
UPDATE "TrackElement" SET "region" = 930 WHERE "id" = 1000;
INSERT INTO "monitoredBy" VALUES (1000, 998);
INSERT INTO "TrackElement" ("id") VALUES (1001);
INSERT INTO "Segment" ("id", "length") VALUES (1001, 423);
UPDATE "TrackElement" SET "region" = 930 WHERE "id" = 1001;
INSERT INTO "monitoredBy" VALUES (1001, 998);
INSERT INTO "TrackElement" ("id") VALUES (1002);
INSERT INTO "Segment" ("id", "length") VALUES (1002, 463);
UPDATE "TrackElement" SET "region" = 930 WHERE "id" = 1002;
INSERT INTO "monitoredBy" VALUES (1002, 998);
INSERT INTO "TrackElement" ("id") VALUES (1003);
INSERT INTO "Segment" ("id", "length") VALUES (1003, 734);
UPDATE "TrackElement" SET "region" = 930 WHERE "id" = 1003;
INSERT INTO "monitoredBy" VALUES (1003, 998);
INSERT INTO "Sensor" ("id") VALUES (1004);
UPDATE "Sensor" SET "region" = 930 WHERE "id" = 1004;
INSERT INTO "monitoredBy" VALUES (997, 1004);
UPDATE "Sensor" SET "route" = 929 WHERE "id" = 1004;
INSERT INTO "TrackElement" ("id") VALUES (1005);
INSERT INTO "Segment" ("id", "length") VALUES (1005, 425);
UPDATE "TrackElement" SET "region" = 930 WHERE "id" = 1005;
INSERT INTO "monitoredBy" VALUES (1005, 1004);
INSERT INTO "TrackElement" ("id") VALUES (1006);
INSERT INTO "Segment" ("id", "length") VALUES (1006, 704);
UPDATE "TrackElement" SET "region" = 930 WHERE "id" = 1006;
INSERT INTO "monitoredBy" VALUES (1006, 1004);
INSERT INTO "TrackElement" ("id") VALUES (1007);
INSERT INTO "Segment" ("id", "length") VALUES (1007, 209);
UPDATE "TrackElement" SET "region" = 930 WHERE "id" = 1007;
INSERT INTO "monitoredBy" VALUES (1007, 1004);
INSERT INTO "TrackElement" ("id") VALUES (1008);
INSERT INTO "Segment" ("id", "length") VALUES (1008, 240);
UPDATE "TrackElement" SET "region" = 930 WHERE "id" = 1008;
INSERT INTO "monitoredBy" VALUES (1008, 1004);
INSERT INTO "TrackElement" ("id") VALUES (1009);
INSERT INTO "Segment" ("id", "length") VALUES (1009, 589);
UPDATE "TrackElement" SET "region" = 930 WHERE "id" = 1009;
INSERT INTO "monitoredBy" VALUES (1009, 1004);
INSERT INTO "Sensor" ("id") VALUES (1010);
UPDATE "Sensor" SET "region" = 930 WHERE "id" = 1010;
INSERT INTO "monitoredBy" VALUES (997, 1010);
UPDATE "Sensor" SET "route" = 929 WHERE "id" = 1010;
INSERT INTO "TrackElement" ("id") VALUES (1011);
INSERT INTO "Segment" ("id", "length") VALUES (1011, 640);
UPDATE "TrackElement" SET "region" = 930 WHERE "id" = 1011;
INSERT INTO "monitoredBy" VALUES (1011, 1010);
INSERT INTO "TrackElement" ("id") VALUES (1012);
INSERT INTO "Segment" ("id", "length") VALUES (1012, 760);
UPDATE "TrackElement" SET "region" = 930 WHERE "id" = 1012;
INSERT INTO "monitoredBy" VALUES (1012, 1010);
INSERT INTO "TrackElement" ("id") VALUES (1013);
INSERT INTO "Segment" ("id", "length") VALUES (1013, 488);
UPDATE "TrackElement" SET "region" = 930 WHERE "id" = 1013;
INSERT INTO "monitoredBy" VALUES (1013, 1010);
INSERT INTO "TrackElement" ("id") VALUES (1014);
INSERT INTO "Segment" ("id", "length") VALUES (1014, 912);
UPDATE "TrackElement" SET "region" = 930 WHERE "id" = 1014;
INSERT INTO "monitoredBy" VALUES (1014, 1010);
INSERT INTO "TrackElement" ("id") VALUES (1015);
INSERT INTO "Segment" ("id", "length") VALUES (1015, 945);
UPDATE "TrackElement" SET "region" = 930 WHERE "id" = 1015;
INSERT INTO "monitoredBy" VALUES (1015, 1010);
INSERT INTO "Sensor" ("id") VALUES (1016);
UPDATE "Sensor" SET "region" = 930 WHERE "id" = 1016;
INSERT INTO "TrackElement" ("id") VALUES (1017);
INSERT INTO "Segment" ("id", "length") VALUES (1017, 87);
UPDATE "TrackElement" SET "region" = 930 WHERE "id" = 1017;
INSERT INTO "monitoredBy" VALUES (1017, 1016);
INSERT INTO "TrackElement" ("id") VALUES (1018);
INSERT INTO "Segment" ("id", "length") VALUES (1018, 90);
UPDATE "TrackElement" SET "region" = 930 WHERE "id" = 1018;
INSERT INTO "monitoredBy" VALUES (1018, 1016);
INSERT INTO "TrackElement" ("id") VALUES (1019);
INSERT INTO "Segment" ("id", "length") VALUES (1019, 974);
UPDATE "TrackElement" SET "region" = 930 WHERE "id" = 1019;
INSERT INTO "monitoredBy" VALUES (1019, 1016);
INSERT INTO "TrackElement" ("id") VALUES (1020);
INSERT INTO "Segment" ("id", "length") VALUES (1020, 205);
UPDATE "TrackElement" SET "region" = 930 WHERE "id" = 1020;
INSERT INTO "monitoredBy" VALUES (1020, 1016);
INSERT INTO "TrackElement" ("id") VALUES (1021);
INSERT INTO "Segment" ("id", "length") VALUES (1021, 692);
UPDATE "TrackElement" SET "region" = 930 WHERE "id" = 1021;
INSERT INTO "monitoredBy" VALUES (1021, 1016);
INSERT INTO "Sensor" ("id") VALUES (1022);
UPDATE "Sensor" SET "region" = 930 WHERE "id" = 1022;
INSERT INTO "monitoredBy" VALUES (997, 1022);
UPDATE "Sensor" SET "route" = 929 WHERE "id" = 1022;
INSERT INTO "TrackElement" ("id") VALUES (1023);
INSERT INTO "Segment" ("id", "length") VALUES (1023, 682);
UPDATE "TrackElement" SET "region" = 930 WHERE "id" = 1023;
INSERT INTO "monitoredBy" VALUES (1023, 1022);
INSERT INTO "TrackElement" ("id") VALUES (1024);
INSERT INTO "Segment" ("id", "length") VALUES (1024, 392);
UPDATE "TrackElement" SET "region" = 930 WHERE "id" = 1024;
INSERT INTO "monitoredBy" VALUES (1024, 1022);
INSERT INTO "TrackElement" ("id") VALUES (1025);
INSERT INTO "Segment" ("id", "length") VALUES (1025, 800);
UPDATE "TrackElement" SET "region" = 930 WHERE "id" = 1025;
INSERT INTO "monitoredBy" VALUES (1025, 1022);
INSERT INTO "TrackElement" ("id") VALUES (1026);
INSERT INTO "Segment" ("id", "length") VALUES (1026, -282);
UPDATE "TrackElement" SET "region" = 930 WHERE "id" = 1026;
INSERT INTO "monitoredBy" VALUES (1026, 1022);
INSERT INTO "TrackElement" ("id") VALUES (1027);
INSERT INTO "Segment" ("id", "length") VALUES (1027, 385);
UPDATE "TrackElement" SET "region" = 930 WHERE "id" = 1027;
INSERT INTO "monitoredBy" VALUES (1027, 1022);
INSERT INTO "Sensor" ("id") VALUES (1028);
UPDATE "Sensor" SET "region" = 930 WHERE "id" = 1028;
INSERT INTO "monitoredBy" VALUES (997, 1028);
UPDATE "Sensor" SET "route" = 929 WHERE "id" = 1028;
INSERT INTO "TrackElement" ("id") VALUES (1029);
INSERT INTO "Segment" ("id", "length") VALUES (1029, 878);
UPDATE "TrackElement" SET "region" = 930 WHERE "id" = 1029;
INSERT INTO "monitoredBy" VALUES (1029, 1028);
INSERT INTO "TrackElement" ("id") VALUES (1030);
INSERT INTO "Segment" ("id", "length") VALUES (1030, 190);
UPDATE "TrackElement" SET "region" = 930 WHERE "id" = 1030;
INSERT INTO "monitoredBy" VALUES (1030, 1028);
INSERT INTO "TrackElement" ("id") VALUES (1031);
INSERT INTO "Segment" ("id", "length") VALUES (1031, 214);
UPDATE "TrackElement" SET "region" = 930 WHERE "id" = 1031;
INSERT INTO "monitoredBy" VALUES (1031, 1028);
INSERT INTO "TrackElement" ("id") VALUES (1032);
INSERT INTO "Segment" ("id", "length") VALUES (1032, 867);
UPDATE "TrackElement" SET "region" = 930 WHERE "id" = 1032;
INSERT INTO "monitoredBy" VALUES (1032, 1028);
INSERT INTO "TrackElement" ("id") VALUES (1033);
INSERT INTO "Segment" ("id", "length") VALUES (1033, 213);
UPDATE "TrackElement" SET "region" = 930 WHERE "id" = 1033;
INSERT INTO "monitoredBy" VALUES (1033, 1028);
INSERT INTO "Sensor" ("id") VALUES (1034);
UPDATE "Sensor" SET "region" = 930 WHERE "id" = 1034;
INSERT INTO "monitoredBy" VALUES (997, 1034);
UPDATE "Sensor" SET "route" = 929 WHERE "id" = 1034;
INSERT INTO "TrackElement" ("id") VALUES (1035);
INSERT INTO "Segment" ("id", "length") VALUES (1035, 366);
UPDATE "TrackElement" SET "region" = 930 WHERE "id" = 1035;
INSERT INTO "monitoredBy" VALUES (1035, 1034);
INSERT INTO "TrackElement" ("id") VALUES (1036);
INSERT INTO "Segment" ("id", "length") VALUES (1036, 887);
UPDATE "TrackElement" SET "region" = 930 WHERE "id" = 1036;
INSERT INTO "monitoredBy" VALUES (1036, 1034);
INSERT INTO "TrackElement" ("id") VALUES (1037);
INSERT INTO "Segment" ("id", "length") VALUES (1037, 409);
UPDATE "TrackElement" SET "region" = 930 WHERE "id" = 1037;
INSERT INTO "monitoredBy" VALUES (1037, 1034);
INSERT INTO "TrackElement" ("id") VALUES (1038);
INSERT INTO "Segment" ("id", "length") VALUES (1038, 279);
UPDATE "TrackElement" SET "region" = 930 WHERE "id" = 1038;
INSERT INTO "monitoredBy" VALUES (1038, 1034);
INSERT INTO "TrackElement" ("id") VALUES (1039);
INSERT INTO "Segment" ("id", "length") VALUES (1039, 36);
UPDATE "TrackElement" SET "region" = 930 WHERE "id" = 1039;
INSERT INTO "monitoredBy" VALUES (1039, 1034);
UPDATE "Switch" SET "currentPosition" = 0 WHERE "id" = 997;
INSERT INTO "SwitchPosition" ("id", "position", "target") VALUES (1040, 0, 997);
UPDATE "SwitchPosition" SET "route" = 929 WHERE "id" = 1040;
INSERT INTO "TrackElement" ("id") VALUES (1041);
INSERT INTO "Switch" ("id") VALUES (1041);
UPDATE "TrackElement" SET "region" = 930 WHERE "id" = 1041;
INSERT INTO "Sensor" ("id") VALUES (1042);
UPDATE "Sensor" SET "region" = 930 WHERE "id" = 1042;
INSERT INTO "monitoredBy" VALUES (1041, 1042);
UPDATE "Sensor" SET "route" = 929 WHERE "id" = 1042;
INSERT INTO "TrackElement" ("id") VALUES (1043);
INSERT INTO "Segment" ("id", "length") VALUES (1043, 9);
UPDATE "TrackElement" SET "region" = 930 WHERE "id" = 1043;
INSERT INTO "monitoredBy" VALUES (1043, 1042);
INSERT INTO "TrackElement" ("id") VALUES (1044);
INSERT INTO "Segment" ("id", "length") VALUES (1044, 279);
UPDATE "TrackElement" SET "region" = 930 WHERE "id" = 1044;
INSERT INTO "monitoredBy" VALUES (1044, 1042);
INSERT INTO "TrackElement" ("id") VALUES (1045);
INSERT INTO "Segment" ("id", "length") VALUES (1045, 801);
UPDATE "TrackElement" SET "region" = 930 WHERE "id" = 1045;
INSERT INTO "monitoredBy" VALUES (1045, 1042);
INSERT INTO "TrackElement" ("id") VALUES (1046);
INSERT INTO "Segment" ("id", "length") VALUES (1046, 210);
UPDATE "TrackElement" SET "region" = 930 WHERE "id" = 1046;
INSERT INTO "monitoredBy" VALUES (1046, 1042);
INSERT INTO "TrackElement" ("id") VALUES (1047);
INSERT INTO "Segment" ("id", "length") VALUES (1047, 575);
UPDATE "TrackElement" SET "region" = 930 WHERE "id" = 1047;
INSERT INTO "monitoredBy" VALUES (1047, 1042);
INSERT INTO "Sensor" ("id") VALUES (1048);
UPDATE "Sensor" SET "region" = 930 WHERE "id" = 1048;
INSERT INTO "monitoredBy" VALUES (1041, 1048);
UPDATE "Sensor" SET "route" = 929 WHERE "id" = 1048;
INSERT INTO "TrackElement" ("id") VALUES (1049);
INSERT INTO "Segment" ("id", "length") VALUES (1049, 618);
UPDATE "TrackElement" SET "region" = 930 WHERE "id" = 1049;
INSERT INTO "monitoredBy" VALUES (1049, 1048);
INSERT INTO "TrackElement" ("id") VALUES (1050);
INSERT INTO "Segment" ("id", "length") VALUES (1050, 961);
UPDATE "TrackElement" SET "region" = 930 WHERE "id" = 1050;
INSERT INTO "monitoredBy" VALUES (1050, 1048);
INSERT INTO "TrackElement" ("id") VALUES (1051);
INSERT INTO "Segment" ("id", "length") VALUES (1051, 731);
UPDATE "TrackElement" SET "region" = 930 WHERE "id" = 1051;
INSERT INTO "monitoredBy" VALUES (1051, 1048);
INSERT INTO "TrackElement" ("id") VALUES (1052);
INSERT INTO "Segment" ("id", "length") VALUES (1052, 601);
UPDATE "TrackElement" SET "region" = 930 WHERE "id" = 1052;
INSERT INTO "monitoredBy" VALUES (1052, 1048);
INSERT INTO "TrackElement" ("id") VALUES (1053);
INSERT INTO "Segment" ("id", "length") VALUES (1053, 807);
UPDATE "TrackElement" SET "region" = 930 WHERE "id" = 1053;
INSERT INTO "monitoredBy" VALUES (1053, 1048);
INSERT INTO "Sensor" ("id") VALUES (1054);
UPDATE "Sensor" SET "region" = 930 WHERE "id" = 1054;
INSERT INTO "monitoredBy" VALUES (1041, 1054);
UPDATE "Sensor" SET "route" = 929 WHERE "id" = 1054;
INSERT INTO "TrackElement" ("id") VALUES (1055);
INSERT INTO "Segment" ("id", "length") VALUES (1055, 313);
UPDATE "TrackElement" SET "region" = 930 WHERE "id" = 1055;
INSERT INTO "monitoredBy" VALUES (1055, 1054);
INSERT INTO "TrackElement" ("id") VALUES (1056);
INSERT INTO "Segment" ("id", "length") VALUES (1056, 922);
UPDATE "TrackElement" SET "region" = 930 WHERE "id" = 1056;
INSERT INTO "monitoredBy" VALUES (1056, 1054);
INSERT INTO "TrackElement" ("id") VALUES (1057);
INSERT INTO "Segment" ("id", "length") VALUES (1057, 250);
UPDATE "TrackElement" SET "region" = 930 WHERE "id" = 1057;
INSERT INTO "monitoredBy" VALUES (1057, 1054);
INSERT INTO "TrackElement" ("id") VALUES (1058);
INSERT INTO "Segment" ("id", "length") VALUES (1058, 518);
UPDATE "TrackElement" SET "region" = 930 WHERE "id" = 1058;
INSERT INTO "monitoredBy" VALUES (1058, 1054);
INSERT INTO "TrackElement" ("id") VALUES (1059);
INSERT INTO "Segment" ("id", "length") VALUES (1059, 205);
UPDATE "TrackElement" SET "region" = 930 WHERE "id" = 1059;
INSERT INTO "monitoredBy" VALUES (1059, 1054);
INSERT INTO "Sensor" ("id") VALUES (1060);
UPDATE "Sensor" SET "region" = 930 WHERE "id" = 1060;
INSERT INTO "monitoredBy" VALUES (1041, 1060);
UPDATE "Sensor" SET "route" = 929 WHERE "id" = 1060;
INSERT INTO "TrackElement" ("id") VALUES (1061);
INSERT INTO "Segment" ("id", "length") VALUES (1061, 527);
UPDATE "TrackElement" SET "region" = 930 WHERE "id" = 1061;
INSERT INTO "monitoredBy" VALUES (1061, 1060);
INSERT INTO "TrackElement" ("id") VALUES (1062);
INSERT INTO "Segment" ("id", "length") VALUES (1062, 927);
UPDATE "TrackElement" SET "region" = 930 WHERE "id" = 1062;
INSERT INTO "monitoredBy" VALUES (1062, 1060);
INSERT INTO "TrackElement" ("id") VALUES (1063);
INSERT INTO "Segment" ("id", "length") VALUES (1063, 152);
UPDATE "TrackElement" SET "region" = 930 WHERE "id" = 1063;
INSERT INTO "monitoredBy" VALUES (1063, 1060);
INSERT INTO "TrackElement" ("id") VALUES (1064);
INSERT INTO "Segment" ("id", "length") VALUES (1064, 656);
UPDATE "TrackElement" SET "region" = 930 WHERE "id" = 1064;
INSERT INTO "monitoredBy" VALUES (1064, 1060);
INSERT INTO "TrackElement" ("id") VALUES (1065);
INSERT INTO "Segment" ("id", "length") VALUES (1065, 431);
UPDATE "TrackElement" SET "region" = 930 WHERE "id" = 1065;
INSERT INTO "monitoredBy" VALUES (1065, 1060);
INSERT INTO "Sensor" ("id") VALUES (1066);
UPDATE "Sensor" SET "region" = 930 WHERE "id" = 1066;
INSERT INTO "monitoredBy" VALUES (1041, 1066);
UPDATE "Sensor" SET "route" = 929 WHERE "id" = 1066;
INSERT INTO "TrackElement" ("id") VALUES (1067);
INSERT INTO "Segment" ("id", "length") VALUES (1067, 323);
UPDATE "TrackElement" SET "region" = 930 WHERE "id" = 1067;
INSERT INTO "monitoredBy" VALUES (1067, 1066);
INSERT INTO "TrackElement" ("id") VALUES (1068);
INSERT INTO "Segment" ("id", "length") VALUES (1068, 241);
UPDATE "TrackElement" SET "region" = 930 WHERE "id" = 1068;
INSERT INTO "monitoredBy" VALUES (1068, 1066);
INSERT INTO "TrackElement" ("id") VALUES (1069);
INSERT INTO "Segment" ("id", "length") VALUES (1069, 927);
UPDATE "TrackElement" SET "region" = 930 WHERE "id" = 1069;
INSERT INTO "monitoredBy" VALUES (1069, 1066);
INSERT INTO "TrackElement" ("id") VALUES (1070);
INSERT INTO "Segment" ("id", "length") VALUES (1070, 542);
UPDATE "TrackElement" SET "region" = 930 WHERE "id" = 1070;
INSERT INTO "monitoredBy" VALUES (1070, 1066);
INSERT INTO "TrackElement" ("id") VALUES (1071);
INSERT INTO "Segment" ("id", "length") VALUES (1071, 992);
UPDATE "TrackElement" SET "region" = 930 WHERE "id" = 1071;
INSERT INTO "monitoredBy" VALUES (1071, 1066);
INSERT INTO "Sensor" ("id") VALUES (1072);
UPDATE "Sensor" SET "region" = 930 WHERE "id" = 1072;
INSERT INTO "monitoredBy" VALUES (1041, 1072);
UPDATE "Sensor" SET "route" = 929 WHERE "id" = 1072;
INSERT INTO "TrackElement" ("id") VALUES (1073);
INSERT INTO "Segment" ("id", "length") VALUES (1073, 849);
UPDATE "TrackElement" SET "region" = 930 WHERE "id" = 1073;
INSERT INTO "monitoredBy" VALUES (1073, 1072);
INSERT INTO "TrackElement" ("id") VALUES (1074);
INSERT INTO "Segment" ("id", "length") VALUES (1074, 568);
UPDATE "TrackElement" SET "region" = 930 WHERE "id" = 1074;
INSERT INTO "monitoredBy" VALUES (1074, 1072);
INSERT INTO "TrackElement" ("id") VALUES (1075);
INSERT INTO "Segment" ("id", "length") VALUES (1075, 867);
UPDATE "TrackElement" SET "region" = 930 WHERE "id" = 1075;
INSERT INTO "monitoredBy" VALUES (1075, 1072);
INSERT INTO "TrackElement" ("id") VALUES (1076);
INSERT INTO "Segment" ("id", "length") VALUES (1076, 620);
UPDATE "TrackElement" SET "region" = 930 WHERE "id" = 1076;
INSERT INTO "monitoredBy" VALUES (1076, 1072);
INSERT INTO "TrackElement" ("id") VALUES (1077);
INSERT INTO "Segment" ("id", "length") VALUES (1077, 303);
UPDATE "TrackElement" SET "region" = 930 WHERE "id" = 1077;
INSERT INTO "monitoredBy" VALUES (1077, 1072);
UPDATE "Switch" SET "currentPosition" = 0 WHERE "id" = 1041;
INSERT INTO "SwitchPosition" ("id", "position", "target") VALUES (1078, 2, 1041);
UPDATE "SwitchPosition" SET "route" = 929 WHERE "id" = 1078;
INSERT INTO "TrackElement" ("id") VALUES (1079);
INSERT INTO "Switch" ("id") VALUES (1079);
UPDATE "TrackElement" SET "region" = 930 WHERE "id" = 1079;
INSERT INTO "Sensor" ("id") VALUES (1080);
UPDATE "Sensor" SET "region" = 930 WHERE "id" = 1080;
INSERT INTO "monitoredBy" VALUES (1079, 1080);
UPDATE "Sensor" SET "route" = 929 WHERE "id" = 1080;
INSERT INTO "TrackElement" ("id") VALUES (1081);
INSERT INTO "Segment" ("id", "length") VALUES (1081, 69);
UPDATE "TrackElement" SET "region" = 930 WHERE "id" = 1081;
INSERT INTO "monitoredBy" VALUES (1081, 1080);
INSERT INTO "TrackElement" ("id") VALUES (1082);
INSERT INTO "Segment" ("id", "length") VALUES (1082, 85);
UPDATE "TrackElement" SET "region" = 930 WHERE "id" = 1082;
INSERT INTO "monitoredBy" VALUES (1082, 1080);
INSERT INTO "TrackElement" ("id") VALUES (1083);
INSERT INTO "Segment" ("id", "length") VALUES (1083, 784);
UPDATE "TrackElement" SET "region" = 930 WHERE "id" = 1083;
INSERT INTO "monitoredBy" VALUES (1083, 1080);
INSERT INTO "TrackElement" ("id") VALUES (1084);
INSERT INTO "Segment" ("id", "length") VALUES (1084, 234);
UPDATE "TrackElement" SET "region" = 930 WHERE "id" = 1084;
INSERT INTO "monitoredBy" VALUES (1084, 1080);
INSERT INTO "TrackElement" ("id") VALUES (1085);
INSERT INTO "Segment" ("id", "length") VALUES (1085, 627);
UPDATE "TrackElement" SET "region" = 930 WHERE "id" = 1085;
INSERT INTO "monitoredBy" VALUES (1085, 1080);
INSERT INTO "Sensor" ("id") VALUES (1086);
UPDATE "Sensor" SET "region" = 930 WHERE "id" = 1086;
INSERT INTO "monitoredBy" VALUES (1079, 1086);
UPDATE "Sensor" SET "route" = 929 WHERE "id" = 1086;
INSERT INTO "TrackElement" ("id") VALUES (1087);
INSERT INTO "Segment" ("id", "length") VALUES (1087, 555);
UPDATE "TrackElement" SET "region" = 930 WHERE "id" = 1087;
INSERT INTO "monitoredBy" VALUES (1087, 1086);
INSERT INTO "TrackElement" ("id") VALUES (1088);
INSERT INTO "Segment" ("id", "length") VALUES (1088, 365);
UPDATE "TrackElement" SET "region" = 930 WHERE "id" = 1088;
INSERT INTO "monitoredBy" VALUES (1088, 1086);
INSERT INTO "TrackElement" ("id") VALUES (1089);
INSERT INTO "Segment" ("id", "length") VALUES (1089, 488);
UPDATE "TrackElement" SET "region" = 930 WHERE "id" = 1089;
INSERT INTO "monitoredBy" VALUES (1089, 1086);
INSERT INTO "TrackElement" ("id") VALUES (1090);
INSERT INTO "Segment" ("id", "length") VALUES (1090, 583);
UPDATE "TrackElement" SET "region" = 930 WHERE "id" = 1090;
INSERT INTO "monitoredBy" VALUES (1090, 1086);
INSERT INTO "TrackElement" ("id") VALUES (1091);
INSERT INTO "Segment" ("id", "length") VALUES (1091, 972);
UPDATE "TrackElement" SET "region" = 930 WHERE "id" = 1091;
INSERT INTO "monitoredBy" VALUES (1091, 1086);
INSERT INTO "Sensor" ("id") VALUES (1092);
UPDATE "Sensor" SET "region" = 930 WHERE "id" = 1092;
INSERT INTO "monitoredBy" VALUES (1079, 1092);
UPDATE "Sensor" SET "route" = 929 WHERE "id" = 1092;
INSERT INTO "TrackElement" ("id") VALUES (1093);
INSERT INTO "Segment" ("id", "length") VALUES (1093, 873);
UPDATE "TrackElement" SET "region" = 930 WHERE "id" = 1093;
INSERT INTO "monitoredBy" VALUES (1093, 1092);
INSERT INTO "TrackElement" ("id") VALUES (1094);
INSERT INTO "Segment" ("id", "length") VALUES (1094, 75);
UPDATE "TrackElement" SET "region" = 930 WHERE "id" = 1094;
INSERT INTO "monitoredBy" VALUES (1094, 1092);
INSERT INTO "TrackElement" ("id") VALUES (1095);
INSERT INTO "Segment" ("id", "length") VALUES (1095, 533);
UPDATE "TrackElement" SET "region" = 930 WHERE "id" = 1095;
INSERT INTO "monitoredBy" VALUES (1095, 1092);
INSERT INTO "TrackElement" ("id") VALUES (1096);
INSERT INTO "Segment" ("id", "length") VALUES (1096, 688);
UPDATE "TrackElement" SET "region" = 930 WHERE "id" = 1096;
INSERT INTO "monitoredBy" VALUES (1096, 1092);
INSERT INTO "TrackElement" ("id") VALUES (1097);
INSERT INTO "Segment" ("id", "length") VALUES (1097, 953);
UPDATE "TrackElement" SET "region" = 930 WHERE "id" = 1097;
INSERT INTO "monitoredBy" VALUES (1097, 1092);
INSERT INTO "Sensor" ("id") VALUES (1098);
UPDATE "Sensor" SET "region" = 930 WHERE "id" = 1098;
INSERT INTO "monitoredBy" VALUES (1079, 1098);
UPDATE "Sensor" SET "route" = 929 WHERE "id" = 1098;
INSERT INTO "TrackElement" ("id") VALUES (1099);
INSERT INTO "Segment" ("id", "length") VALUES (1099, 86);
UPDATE "TrackElement" SET "region" = 930 WHERE "id" = 1099;
INSERT INTO "monitoredBy" VALUES (1099, 1098);
INSERT INTO "TrackElement" ("id") VALUES (1100);
INSERT INTO "Segment" ("id", "length") VALUES (1100, 292);
UPDATE "TrackElement" SET "region" = 930 WHERE "id" = 1100;
INSERT INTO "monitoredBy" VALUES (1100, 1098);
INSERT INTO "TrackElement" ("id") VALUES (1101);
INSERT INTO "Segment" ("id", "length") VALUES (1101, 320);
UPDATE "TrackElement" SET "region" = 930 WHERE "id" = 1101;
INSERT INTO "monitoredBy" VALUES (1101, 1098);
INSERT INTO "TrackElement" ("id") VALUES (1102);
INSERT INTO "Segment" ("id", "length") VALUES (1102, 793);
UPDATE "TrackElement" SET "region" = 930 WHERE "id" = 1102;
INSERT INTO "monitoredBy" VALUES (1102, 1098);
INSERT INTO "TrackElement" ("id") VALUES (1103);
INSERT INTO "Segment" ("id", "length") VALUES (1103, 991);
UPDATE "TrackElement" SET "region" = 930 WHERE "id" = 1103;
INSERT INTO "monitoredBy" VALUES (1103, 1098);
INSERT INTO "Sensor" ("id") VALUES (1104);
UPDATE "Sensor" SET "region" = 930 WHERE "id" = 1104;
INSERT INTO "monitoredBy" VALUES (1079, 1104);
UPDATE "Sensor" SET "route" = 929 WHERE "id" = 1104;
INSERT INTO "TrackElement" ("id") VALUES (1105);
INSERT INTO "Segment" ("id", "length") VALUES (1105, 281);
UPDATE "TrackElement" SET "region" = 930 WHERE "id" = 1105;
INSERT INTO "monitoredBy" VALUES (1105, 1104);
INSERT INTO "TrackElement" ("id") VALUES (1106);
INSERT INTO "Segment" ("id", "length") VALUES (1106, 843);
UPDATE "TrackElement" SET "region" = 930 WHERE "id" = 1106;
INSERT INTO "monitoredBy" VALUES (1106, 1104);
INSERT INTO "TrackElement" ("id") VALUES (1107);
INSERT INTO "Segment" ("id", "length") VALUES (1107, 304);
UPDATE "TrackElement" SET "region" = 930 WHERE "id" = 1107;
INSERT INTO "monitoredBy" VALUES (1107, 1104);
INSERT INTO "TrackElement" ("id") VALUES (1108);
INSERT INTO "Segment" ("id", "length") VALUES (1108, 780);
UPDATE "TrackElement" SET "region" = 930 WHERE "id" = 1108;
INSERT INTO "monitoredBy" VALUES (1108, 1104);
INSERT INTO "TrackElement" ("id") VALUES (1109);
INSERT INTO "Segment" ("id", "length") VALUES (1109, 911);
UPDATE "TrackElement" SET "region" = 930 WHERE "id" = 1109;
INSERT INTO "monitoredBy" VALUES (1109, 1104);
INSERT INTO "Sensor" ("id") VALUES (1110);
UPDATE "Sensor" SET "region" = 930 WHERE "id" = 1110;
INSERT INTO "monitoredBy" VALUES (1079, 1110);
UPDATE "Sensor" SET "route" = 929 WHERE "id" = 1110;
INSERT INTO "TrackElement" ("id") VALUES (1111);
INSERT INTO "Segment" ("id", "length") VALUES (1111, 938);
UPDATE "TrackElement" SET "region" = 930 WHERE "id" = 1111;
INSERT INTO "monitoredBy" VALUES (1111, 1110);
INSERT INTO "TrackElement" ("id") VALUES (1112);
INSERT INTO "Segment" ("id", "length") VALUES (1112, -74);
UPDATE "TrackElement" SET "region" = 930 WHERE "id" = 1112;
INSERT INTO "monitoredBy" VALUES (1112, 1110);
INSERT INTO "TrackElement" ("id") VALUES (1113);
INSERT INTO "Segment" ("id", "length") VALUES (1113, 942);
UPDATE "TrackElement" SET "region" = 930 WHERE "id" = 1113;
INSERT INTO "monitoredBy" VALUES (1113, 1110);
INSERT INTO "TrackElement" ("id") VALUES (1114);
INSERT INTO "Segment" ("id", "length") VALUES (1114, 995);
UPDATE "TrackElement" SET "region" = 930 WHERE "id" = 1114;
INSERT INTO "monitoredBy" VALUES (1114, 1110);
INSERT INTO "TrackElement" ("id") VALUES (1115);
INSERT INTO "Segment" ("id", "length") VALUES (1115, 501);
UPDATE "TrackElement" SET "region" = 930 WHERE "id" = 1115;
INSERT INTO "monitoredBy" VALUES (1115, 1110);
INSERT INTO "Sensor" ("id") VALUES (1116);
UPDATE "Sensor" SET "region" = 930 WHERE "id" = 1116;
INSERT INTO "monitoredBy" VALUES (1079, 1116);
UPDATE "Sensor" SET "route" = 929 WHERE "id" = 1116;
INSERT INTO "TrackElement" ("id") VALUES (1117);
INSERT INTO "Segment" ("id", "length") VALUES (1117, 547);
UPDATE "TrackElement" SET "region" = 930 WHERE "id" = 1117;
INSERT INTO "monitoredBy" VALUES (1117, 1116);
INSERT INTO "TrackElement" ("id") VALUES (1118);
INSERT INTO "Segment" ("id", "length") VALUES (1118, 202);
UPDATE "TrackElement" SET "region" = 930 WHERE "id" = 1118;
INSERT INTO "monitoredBy" VALUES (1118, 1116);
INSERT INTO "TrackElement" ("id") VALUES (1119);
INSERT INTO "Segment" ("id", "length") VALUES (1119, 274);
UPDATE "TrackElement" SET "region" = 930 WHERE "id" = 1119;
INSERT INTO "monitoredBy" VALUES (1119, 1116);
INSERT INTO "TrackElement" ("id") VALUES (1120);
INSERT INTO "Segment" ("id", "length") VALUES (1120, 743);
UPDATE "TrackElement" SET "region" = 930 WHERE "id" = 1120;
INSERT INTO "monitoredBy" VALUES (1120, 1116);
INSERT INTO "TrackElement" ("id") VALUES (1121);
INSERT INTO "Segment" ("id", "length") VALUES (1121, 932);
UPDATE "TrackElement" SET "region" = 930 WHERE "id" = 1121;
INSERT INTO "monitoredBy" VALUES (1121, 1116);
INSERT INTO "Sensor" ("id") VALUES (1122);
UPDATE "Sensor" SET "region" = 930 WHERE "id" = 1122;
INSERT INTO "monitoredBy" VALUES (1079, 1122);
UPDATE "Sensor" SET "route" = 929 WHERE "id" = 1122;
INSERT INTO "TrackElement" ("id") VALUES (1123);
INSERT INTO "Segment" ("id", "length") VALUES (1123, 29);
UPDATE "TrackElement" SET "region" = 930 WHERE "id" = 1123;
INSERT INTO "monitoredBy" VALUES (1123, 1122);
INSERT INTO "TrackElement" ("id") VALUES (1124);
INSERT INTO "Segment" ("id", "length") VALUES (1124, 174);
UPDATE "TrackElement" SET "region" = 930 WHERE "id" = 1124;
INSERT INTO "monitoredBy" VALUES (1124, 1122);
INSERT INTO "TrackElement" ("id") VALUES (1125);
INSERT INTO "Segment" ("id", "length") VALUES (1125, 369);
UPDATE "TrackElement" SET "region" = 930 WHERE "id" = 1125;
INSERT INTO "monitoredBy" VALUES (1125, 1122);
INSERT INTO "TrackElement" ("id") VALUES (1126);
INSERT INTO "Segment" ("id", "length") VALUES (1126, 335);
UPDATE "TrackElement" SET "region" = 930 WHERE "id" = 1126;
INSERT INTO "monitoredBy" VALUES (1126, 1122);
INSERT INTO "TrackElement" ("id") VALUES (1127);
INSERT INTO "Segment" ("id", "length") VALUES (1127, 368);
UPDATE "TrackElement" SET "region" = 930 WHERE "id" = 1127;
INSERT INTO "monitoredBy" VALUES (1127, 1122);
INSERT INTO "Sensor" ("id") VALUES (1128);
UPDATE "Sensor" SET "region" = 930 WHERE "id" = 1128;
INSERT INTO "monitoredBy" VALUES (1079, 1128);
UPDATE "Sensor" SET "route" = 929 WHERE "id" = 1128;
INSERT INTO "TrackElement" ("id") VALUES (1129);
INSERT INTO "Segment" ("id", "length") VALUES (1129, 216);
UPDATE "TrackElement" SET "region" = 930 WHERE "id" = 1129;
INSERT INTO "monitoredBy" VALUES (1129, 1128);
INSERT INTO "TrackElement" ("id") VALUES (1130);
INSERT INTO "Segment" ("id", "length") VALUES (1130, 225);
UPDATE "TrackElement" SET "region" = 930 WHERE "id" = 1130;
INSERT INTO "monitoredBy" VALUES (1130, 1128);
INSERT INTO "TrackElement" ("id") VALUES (1131);
INSERT INTO "Segment" ("id", "length") VALUES (1131, 366);
UPDATE "TrackElement" SET "region" = 930 WHERE "id" = 1131;
INSERT INTO "monitoredBy" VALUES (1131, 1128);
INSERT INTO "TrackElement" ("id") VALUES (1132);
INSERT INTO "Segment" ("id", "length") VALUES (1132, 631);
UPDATE "TrackElement" SET "region" = 930 WHERE "id" = 1132;
INSERT INTO "monitoredBy" VALUES (1132, 1128);
INSERT INTO "TrackElement" ("id") VALUES (1133);
INSERT INTO "Segment" ("id", "length") VALUES (1133, 467);
UPDATE "TrackElement" SET "region" = 930 WHERE "id" = 1133;
INSERT INTO "monitoredBy" VALUES (1133, 1128);
UPDATE "Switch" SET "currentPosition" = 0 WHERE "id" = 1079;
INSERT INTO "SwitchPosition" ("id", "position", "target") VALUES (1134, 0, 1079);
UPDATE "SwitchPosition" SET "route" = 929 WHERE "id" = 1134;
INSERT INTO "TrackElement" ("id") VALUES (1135);
INSERT INTO "Switch" ("id") VALUES (1135);
UPDATE "TrackElement" SET "region" = 930 WHERE "id" = 1135;
INSERT INTO "Sensor" ("id") VALUES (1136);
UPDATE "Sensor" SET "region" = 930 WHERE "id" = 1136;
INSERT INTO "monitoredBy" VALUES (1135, 1136);
UPDATE "Sensor" SET "route" = 929 WHERE "id" = 1136;
INSERT INTO "TrackElement" ("id") VALUES (1137);
INSERT INTO "Segment" ("id", "length") VALUES (1137, 424);
UPDATE "TrackElement" SET "region" = 930 WHERE "id" = 1137;
INSERT INTO "monitoredBy" VALUES (1137, 1136);
INSERT INTO "TrackElement" ("id") VALUES (1138);
INSERT INTO "Segment" ("id", "length") VALUES (1138, 836);
UPDATE "TrackElement" SET "region" = 930 WHERE "id" = 1138;
INSERT INTO "monitoredBy" VALUES (1138, 1136);
INSERT INTO "TrackElement" ("id") VALUES (1139);
INSERT INTO "Segment" ("id", "length") VALUES (1139, 314);
UPDATE "TrackElement" SET "region" = 930 WHERE "id" = 1139;
INSERT INTO "monitoredBy" VALUES (1139, 1136);
INSERT INTO "TrackElement" ("id") VALUES (1140);
INSERT INTO "Segment" ("id", "length") VALUES (1140, 287);
UPDATE "TrackElement" SET "region" = 930 WHERE "id" = 1140;
INSERT INTO "monitoredBy" VALUES (1140, 1136);
INSERT INTO "TrackElement" ("id") VALUES (1141);
INSERT INTO "Segment" ("id", "length") VALUES (1141, 679);
UPDATE "TrackElement" SET "region" = 930 WHERE "id" = 1141;
INSERT INTO "monitoredBy" VALUES (1141, 1136);
INSERT INTO "Sensor" ("id") VALUES (1142);
UPDATE "Sensor" SET "region" = 930 WHERE "id" = 1142;
INSERT INTO "monitoredBy" VALUES (1135, 1142);
UPDATE "Sensor" SET "route" = 929 WHERE "id" = 1142;
INSERT INTO "TrackElement" ("id") VALUES (1143);
INSERT INTO "Segment" ("id", "length") VALUES (1143, 722);
UPDATE "TrackElement" SET "region" = 930 WHERE "id" = 1143;
INSERT INTO "monitoredBy" VALUES (1143, 1142);
INSERT INTO "TrackElement" ("id") VALUES (1144);
INSERT INTO "Segment" ("id", "length") VALUES (1144, 638);
UPDATE "TrackElement" SET "region" = 930 WHERE "id" = 1144;
INSERT INTO "monitoredBy" VALUES (1144, 1142);
INSERT INTO "TrackElement" ("id") VALUES (1145);
INSERT INTO "Segment" ("id", "length") VALUES (1145, -621);
UPDATE "TrackElement" SET "region" = 930 WHERE "id" = 1145;
INSERT INTO "monitoredBy" VALUES (1145, 1142);
INSERT INTO "TrackElement" ("id") VALUES (1146);
INSERT INTO "Segment" ("id", "length") VALUES (1146, 515);
UPDATE "TrackElement" SET "region" = 930 WHERE "id" = 1146;
INSERT INTO "monitoredBy" VALUES (1146, 1142);
INSERT INTO "TrackElement" ("id") VALUES (1147);
INSERT INTO "Segment" ("id", "length") VALUES (1147, 467);
UPDATE "TrackElement" SET "region" = 930 WHERE "id" = 1147;
INSERT INTO "monitoredBy" VALUES (1147, 1142);
INSERT INTO "Sensor" ("id") VALUES (1148);
UPDATE "Sensor" SET "region" = 930 WHERE "id" = 1148;
INSERT INTO "monitoredBy" VALUES (1135, 1148);
UPDATE "Sensor" SET "route" = 929 WHERE "id" = 1148;
INSERT INTO "TrackElement" ("id") VALUES (1149);
INSERT INTO "Segment" ("id", "length") VALUES (1149, 557);
UPDATE "TrackElement" SET "region" = 930 WHERE "id" = 1149;
INSERT INTO "monitoredBy" VALUES (1149, 1148);
INSERT INTO "TrackElement" ("id") VALUES (1150);
INSERT INTO "Segment" ("id", "length") VALUES (1150, 902);
UPDATE "TrackElement" SET "region" = 930 WHERE "id" = 1150;
INSERT INTO "monitoredBy" VALUES (1150, 1148);
INSERT INTO "TrackElement" ("id") VALUES (1151);
INSERT INTO "Segment" ("id", "length") VALUES (1151, 95);
UPDATE "TrackElement" SET "region" = 930 WHERE "id" = 1151;
INSERT INTO "monitoredBy" VALUES (1151, 1148);
INSERT INTO "TrackElement" ("id") VALUES (1152);
INSERT INTO "Segment" ("id", "length") VALUES (1152, 829);
UPDATE "TrackElement" SET "region" = 930 WHERE "id" = 1152;
INSERT INTO "monitoredBy" VALUES (1152, 1148);
INSERT INTO "TrackElement" ("id") VALUES (1153);
INSERT INTO "Segment" ("id", "length") VALUES (1153, 49);
UPDATE "TrackElement" SET "region" = 930 WHERE "id" = 1153;
INSERT INTO "monitoredBy" VALUES (1153, 1148);
UPDATE "Switch" SET "currentPosition" = 0 WHERE "id" = 1135;
INSERT INTO "SwitchPosition" ("id", "position", "target") VALUES (1154, 0, 1135);
UPDATE "SwitchPosition" SET "route" = 929 WHERE "id" = 1154;
INSERT INTO "TrackElement" ("id") VALUES (1155);
INSERT INTO "Switch" ("id") VALUES (1155);
UPDATE "TrackElement" SET "region" = 930 WHERE "id" = 1155;
INSERT INTO "Sensor" ("id") VALUES (1156);
UPDATE "Sensor" SET "region" = 930 WHERE "id" = 1156;
INSERT INTO "monitoredBy" VALUES (1155, 1156);
UPDATE "Sensor" SET "route" = 929 WHERE "id" = 1156;
INSERT INTO "TrackElement" ("id") VALUES (1157);
INSERT INTO "Segment" ("id", "length") VALUES (1157, 445);
UPDATE "TrackElement" SET "region" = 930 WHERE "id" = 1157;
INSERT INTO "monitoredBy" VALUES (1157, 1156);
INSERT INTO "TrackElement" ("id") VALUES (1158);
INSERT INTO "Segment" ("id", "length") VALUES (1158, 899);
UPDATE "TrackElement" SET "region" = 930 WHERE "id" = 1158;
INSERT INTO "monitoredBy" VALUES (1158, 1156);
INSERT INTO "TrackElement" ("id") VALUES (1159);
INSERT INTO "Segment" ("id", "length") VALUES (1159, 991);
UPDATE "TrackElement" SET "region" = 930 WHERE "id" = 1159;
INSERT INTO "monitoredBy" VALUES (1159, 1156);
INSERT INTO "TrackElement" ("id") VALUES (1160);
INSERT INTO "Segment" ("id", "length") VALUES (1160, 458);
UPDATE "TrackElement" SET "region" = 930 WHERE "id" = 1160;
INSERT INTO "monitoredBy" VALUES (1160, 1156);
INSERT INTO "TrackElement" ("id") VALUES (1161);
INSERT INTO "Segment" ("id", "length") VALUES (1161, 4);
UPDATE "TrackElement" SET "region" = 930 WHERE "id" = 1161;
INSERT INTO "monitoredBy" VALUES (1161, 1156);
INSERT INTO "Sensor" ("id") VALUES (1162);
UPDATE "Sensor" SET "region" = 930 WHERE "id" = 1162;
INSERT INTO "monitoredBy" VALUES (1155, 1162);
UPDATE "Sensor" SET "route" = 929 WHERE "id" = 1162;
INSERT INTO "TrackElement" ("id") VALUES (1163);
INSERT INTO "Segment" ("id", "length") VALUES (1163, 768);
UPDATE "TrackElement" SET "region" = 930 WHERE "id" = 1163;
INSERT INTO "monitoredBy" VALUES (1163, 1162);
INSERT INTO "TrackElement" ("id") VALUES (1164);
INSERT INTO "Segment" ("id", "length") VALUES (1164, 842);
UPDATE "TrackElement" SET "region" = 930 WHERE "id" = 1164;
INSERT INTO "monitoredBy" VALUES (1164, 1162);
INSERT INTO "TrackElement" ("id") VALUES (1165);
INSERT INTO "Segment" ("id", "length") VALUES (1165, 881);
UPDATE "TrackElement" SET "region" = 930 WHERE "id" = 1165;
INSERT INTO "monitoredBy" VALUES (1165, 1162);
INSERT INTO "TrackElement" ("id") VALUES (1166);
INSERT INTO "Segment" ("id", "length") VALUES (1166, 784);
UPDATE "TrackElement" SET "region" = 930 WHERE "id" = 1166;
INSERT INTO "monitoredBy" VALUES (1166, 1162);
INSERT INTO "TrackElement" ("id") VALUES (1167);
INSERT INTO "Segment" ("id", "length") VALUES (1167, 559);
UPDATE "TrackElement" SET "region" = 930 WHERE "id" = 1167;
INSERT INTO "monitoredBy" VALUES (1167, 1162);
INSERT INTO "TrackElement" ("id") VALUES (1168);
INSERT INTO "Segment" ("id", "length") VALUES (1168, 354);
UPDATE "TrackElement" SET "region" = 930 WHERE "id" = 1168;
INSERT INTO "monitoredBy" VALUES (1168, 1162);
INSERT INTO "Sensor" ("id") VALUES (1169);
UPDATE "Sensor" SET "region" = 930 WHERE "id" = 1169;
INSERT INTO "monitoredBy" VALUES (1155, 1169);
UPDATE "Sensor" SET "route" = 929 WHERE "id" = 1169;
INSERT INTO "TrackElement" ("id") VALUES (1170);
INSERT INTO "Segment" ("id", "length") VALUES (1170, 248);
UPDATE "TrackElement" SET "region" = 930 WHERE "id" = 1170;
INSERT INTO "monitoredBy" VALUES (1170, 1169);
INSERT INTO "TrackElement" ("id") VALUES (1171);
INSERT INTO "Segment" ("id", "length") VALUES (1171, 262);
UPDATE "TrackElement" SET "region" = 930 WHERE "id" = 1171;
INSERT INTO "monitoredBy" VALUES (1171, 1169);
INSERT INTO "TrackElement" ("id") VALUES (1172);
INSERT INTO "Segment" ("id", "length") VALUES (1172, 743);
UPDATE "TrackElement" SET "region" = 930 WHERE "id" = 1172;
INSERT INTO "monitoredBy" VALUES (1172, 1169);
INSERT INTO "TrackElement" ("id") VALUES (1173);
INSERT INTO "Segment" ("id", "length") VALUES (1173, 269);
UPDATE "TrackElement" SET "region" = 930 WHERE "id" = 1173;
INSERT INTO "monitoredBy" VALUES (1173, 1169);
INSERT INTO "TrackElement" ("id") VALUES (1174);
INSERT INTO "Segment" ("id", "length") VALUES (1174, 534);
UPDATE "TrackElement" SET "region" = 930 WHERE "id" = 1174;
INSERT INTO "monitoredBy" VALUES (1174, 1169);
INSERT INTO "Sensor" ("id") VALUES (1175);
UPDATE "Sensor" SET "region" = 930 WHERE "id" = 1175;
INSERT INTO "monitoredBy" VALUES (1155, 1175);
UPDATE "Sensor" SET "route" = 929 WHERE "id" = 1175;
INSERT INTO "TrackElement" ("id") VALUES (1176);
INSERT INTO "Segment" ("id", "length") VALUES (1176, 443);
UPDATE "TrackElement" SET "region" = 930 WHERE "id" = 1176;
INSERT INTO "monitoredBy" VALUES (1176, 1175);
INSERT INTO "TrackElement" ("id") VALUES (1177);
INSERT INTO "Segment" ("id", "length") VALUES (1177, 395);
UPDATE "TrackElement" SET "region" = 930 WHERE "id" = 1177;
INSERT INTO "monitoredBy" VALUES (1177, 1175);
INSERT INTO "TrackElement" ("id") VALUES (1178);
INSERT INTO "Segment" ("id", "length") VALUES (1178, 685);
UPDATE "TrackElement" SET "region" = 930 WHERE "id" = 1178;
INSERT INTO "monitoredBy" VALUES (1178, 1175);
INSERT INTO "TrackElement" ("id") VALUES (1179);
INSERT INTO "Segment" ("id", "length") VALUES (1179, 603);
UPDATE "TrackElement" SET "region" = 930 WHERE "id" = 1179;
INSERT INTO "monitoredBy" VALUES (1179, 1175);
INSERT INTO "TrackElement" ("id") VALUES (1180);
INSERT INTO "Segment" ("id", "length") VALUES (1180, 665);
UPDATE "TrackElement" SET "region" = 930 WHERE "id" = 1180;
INSERT INTO "monitoredBy" VALUES (1180, 1175);
INSERT INTO "Sensor" ("id") VALUES (1181);
UPDATE "Sensor" SET "region" = 930 WHERE "id" = 1181;
INSERT INTO "monitoredBy" VALUES (1155, 1181);
UPDATE "Sensor" SET "route" = 929 WHERE "id" = 1181;
INSERT INTO "TrackElement" ("id") VALUES (1182);
INSERT INTO "Segment" ("id", "length") VALUES (1182, 169);
UPDATE "TrackElement" SET "region" = 930 WHERE "id" = 1182;
INSERT INTO "monitoredBy" VALUES (1182, 1181);
INSERT INTO "TrackElement" ("id") VALUES (1183);
INSERT INTO "Segment" ("id", "length") VALUES (1183, 801);
UPDATE "TrackElement" SET "region" = 930 WHERE "id" = 1183;
INSERT INTO "monitoredBy" VALUES (1183, 1181);
INSERT INTO "TrackElement" ("id") VALUES (1184);
INSERT INTO "Segment" ("id", "length") VALUES (1184, 889);
UPDATE "TrackElement" SET "region" = 930 WHERE "id" = 1184;
INSERT INTO "monitoredBy" VALUES (1184, 1181);
INSERT INTO "TrackElement" ("id") VALUES (1185);
INSERT INTO "Segment" ("id", "length") VALUES (1185, 252);
UPDATE "TrackElement" SET "region" = 930 WHERE "id" = 1185;
INSERT INTO "monitoredBy" VALUES (1185, 1181);
INSERT INTO "TrackElement" ("id") VALUES (1186);
INSERT INTO "Segment" ("id", "length") VALUES (1186, 835);
UPDATE "TrackElement" SET "region" = 930 WHERE "id" = 1186;
INSERT INTO "monitoredBy" VALUES (1186, 1181);
INSERT INTO "TrackElement" ("id") VALUES (1187);
INSERT INTO "Segment" ("id", "length") VALUES (1187, 247);
UPDATE "TrackElement" SET "region" = 930 WHERE "id" = 1187;
INSERT INTO "monitoredBy" VALUES (1187, 1181);
INSERT INTO "Sensor" ("id") VALUES (1188);
UPDATE "Sensor" SET "region" = 930 WHERE "id" = 1188;
INSERT INTO "monitoredBy" VALUES (1155, 1188);
UPDATE "Sensor" SET "route" = 929 WHERE "id" = 1188;
INSERT INTO "TrackElement" ("id") VALUES (1189);
INSERT INTO "Segment" ("id", "length") VALUES (1189, 160);
UPDATE "TrackElement" SET "region" = 930 WHERE "id" = 1189;
INSERT INTO "monitoredBy" VALUES (1189, 1188);
INSERT INTO "TrackElement" ("id") VALUES (1190);
INSERT INTO "Segment" ("id", "length") VALUES (1190, 88);
UPDATE "TrackElement" SET "region" = 930 WHERE "id" = 1190;
INSERT INTO "monitoredBy" VALUES (1190, 1188);
INSERT INTO "TrackElement" ("id") VALUES (1191);
INSERT INTO "Segment" ("id", "length") VALUES (1191, 398);
UPDATE "TrackElement" SET "region" = 930 WHERE "id" = 1191;
INSERT INTO "monitoredBy" VALUES (1191, 1188);
INSERT INTO "TrackElement" ("id") VALUES (1192);
INSERT INTO "Segment" ("id", "length") VALUES (1192, 997);
UPDATE "TrackElement" SET "region" = 930 WHERE "id" = 1192;
INSERT INTO "monitoredBy" VALUES (1192, 1188);
INSERT INTO "TrackElement" ("id") VALUES (1193);
INSERT INTO "Segment" ("id", "length") VALUES (1193, 457);
UPDATE "TrackElement" SET "region" = 930 WHERE "id" = 1193;
INSERT INTO "monitoredBy" VALUES (1193, 1188);
UPDATE "Switch" SET "currentPosition" = 2 WHERE "id" = 1155;
INSERT INTO "SwitchPosition" ("id", "position", "target") VALUES (1194, 0, 1155);
UPDATE "SwitchPosition" SET "route" = 929 WHERE "id" = 1194;
INSERT INTO "TrackElement" ("id") VALUES (1195);
INSERT INTO "Switch" ("id") VALUES (1195);
UPDATE "TrackElement" SET "region" = 930 WHERE "id" = 1195;
INSERT INTO "Sensor" ("id") VALUES (1196);
UPDATE "Sensor" SET "region" = 930 WHERE "id" = 1196;
INSERT INTO "monitoredBy" VALUES (1195, 1196);
UPDATE "Sensor" SET "route" = 929 WHERE "id" = 1196;
INSERT INTO "TrackElement" ("id") VALUES (1197);
INSERT INTO "Segment" ("id", "length") VALUES (1197, 355);
UPDATE "TrackElement" SET "region" = 930 WHERE "id" = 1197;
INSERT INTO "monitoredBy" VALUES (1197, 1196);
INSERT INTO "TrackElement" ("id") VALUES (1198);
INSERT INTO "Segment" ("id", "length") VALUES (1198, 249);
UPDATE "TrackElement" SET "region" = 930 WHERE "id" = 1198;
INSERT INTO "monitoredBy" VALUES (1198, 1196);
INSERT INTO "TrackElement" ("id") VALUES (1199);
INSERT INTO "Segment" ("id", "length") VALUES (1199, 437);
UPDATE "TrackElement" SET "region" = 930 WHERE "id" = 1199;
INSERT INTO "monitoredBy" VALUES (1199, 1196);
INSERT INTO "TrackElement" ("id") VALUES (1200);
INSERT INTO "Segment" ("id", "length") VALUES (1200, 13);
UPDATE "TrackElement" SET "region" = 930 WHERE "id" = 1200;
INSERT INTO "monitoredBy" VALUES (1200, 1196);
INSERT INTO "TrackElement" ("id") VALUES (1201);
INSERT INTO "Segment" ("id", "length") VALUES (1201, 390);
UPDATE "TrackElement" SET "region" = 930 WHERE "id" = 1201;
INSERT INTO "monitoredBy" VALUES (1201, 1196);
INSERT INTO "Sensor" ("id") VALUES (1202);
UPDATE "Sensor" SET "region" = 930 WHERE "id" = 1202;
INSERT INTO "monitoredBy" VALUES (1195, 1202);
UPDATE "Sensor" SET "route" = 929 WHERE "id" = 1202;
INSERT INTO "TrackElement" ("id") VALUES (1203);
INSERT INTO "Segment" ("id", "length") VALUES (1203, 558);
UPDATE "TrackElement" SET "region" = 930 WHERE "id" = 1203;
INSERT INTO "monitoredBy" VALUES (1203, 1202);
INSERT INTO "TrackElement" ("id") VALUES (1204);
INSERT INTO "Segment" ("id", "length") VALUES (1204, 37);
UPDATE "TrackElement" SET "region" = 930 WHERE "id" = 1204;
INSERT INTO "monitoredBy" VALUES (1204, 1202);
INSERT INTO "TrackElement" ("id") VALUES (1205);
INSERT INTO "Segment" ("id", "length") VALUES (1205, 41);
UPDATE "TrackElement" SET "region" = 930 WHERE "id" = 1205;
INSERT INTO "monitoredBy" VALUES (1205, 1202);
INSERT INTO "TrackElement" ("id") VALUES (1206);
INSERT INTO "Segment" ("id", "length") VALUES (1206, 26);
UPDATE "TrackElement" SET "region" = 930 WHERE "id" = 1206;
INSERT INTO "monitoredBy" VALUES (1206, 1202);
INSERT INTO "TrackElement" ("id") VALUES (1207);
INSERT INTO "Segment" ("id", "length") VALUES (1207, 670);
UPDATE "TrackElement" SET "region" = 930 WHERE "id" = 1207;
INSERT INTO "monitoredBy" VALUES (1207, 1202);
INSERT INTO "Sensor" ("id") VALUES (1208);
UPDATE "Sensor" SET "region" = 930 WHERE "id" = 1208;
INSERT INTO "monitoredBy" VALUES (1195, 1208);
UPDATE "Sensor" SET "route" = 929 WHERE "id" = 1208;
INSERT INTO "TrackElement" ("id") VALUES (1209);
INSERT INTO "Segment" ("id", "length") VALUES (1209, 709);
UPDATE "TrackElement" SET "region" = 930 WHERE "id" = 1209;
INSERT INTO "monitoredBy" VALUES (1209, 1208);
INSERT INTO "TrackElement" ("id") VALUES (1210);
INSERT INTO "Segment" ("id", "length") VALUES (1210, 215);
UPDATE "TrackElement" SET "region" = 930 WHERE "id" = 1210;
INSERT INTO "monitoredBy" VALUES (1210, 1208);
INSERT INTO "TrackElement" ("id") VALUES (1211);
INSERT INTO "Segment" ("id", "length") VALUES (1211, 985);
UPDATE "TrackElement" SET "region" = 930 WHERE "id" = 1211;
INSERT INTO "monitoredBy" VALUES (1211, 1208);
INSERT INTO "TrackElement" ("id") VALUES (1212);
INSERT INTO "Segment" ("id", "length") VALUES (1212, 489);
UPDATE "TrackElement" SET "region" = 930 WHERE "id" = 1212;
INSERT INTO "monitoredBy" VALUES (1212, 1208);
INSERT INTO "TrackElement" ("id") VALUES (1213);
INSERT INTO "Segment" ("id", "length") VALUES (1213, 821);
UPDATE "TrackElement" SET "region" = 930 WHERE "id" = 1213;
INSERT INTO "monitoredBy" VALUES (1213, 1208);
INSERT INTO "Sensor" ("id") VALUES (1214);
UPDATE "Sensor" SET "region" = 930 WHERE "id" = 1214;
INSERT INTO "monitoredBy" VALUES (1195, 1214);
UPDATE "Sensor" SET "route" = 929 WHERE "id" = 1214;
INSERT INTO "TrackElement" ("id") VALUES (1215);
INSERT INTO "Segment" ("id", "length") VALUES (1215, 535);
UPDATE "TrackElement" SET "region" = 930 WHERE "id" = 1215;
INSERT INTO "monitoredBy" VALUES (1215, 1214);
INSERT INTO "TrackElement" ("id") VALUES (1216);
INSERT INTO "Segment" ("id", "length") VALUES (1216, 684);
UPDATE "TrackElement" SET "region" = 930 WHERE "id" = 1216;
INSERT INTO "monitoredBy" VALUES (1216, 1214);
INSERT INTO "TrackElement" ("id") VALUES (1217);
INSERT INTO "Segment" ("id", "length") VALUES (1217, 142);
UPDATE "TrackElement" SET "region" = 930 WHERE "id" = 1217;
INSERT INTO "monitoredBy" VALUES (1217, 1214);
INSERT INTO "TrackElement" ("id") VALUES (1218);
INSERT INTO "Segment" ("id", "length") VALUES (1218, 613);
UPDATE "TrackElement" SET "region" = 930 WHERE "id" = 1218;
INSERT INTO "monitoredBy" VALUES (1218, 1214);
INSERT INTO "TrackElement" ("id") VALUES (1219);
INSERT INTO "Segment" ("id", "length") VALUES (1219, 166);
UPDATE "TrackElement" SET "region" = 930 WHERE "id" = 1219;
INSERT INTO "monitoredBy" VALUES (1219, 1214);
INSERT INTO "Sensor" ("id") VALUES (1220);
UPDATE "Sensor" SET "region" = 930 WHERE "id" = 1220;
INSERT INTO "monitoredBy" VALUES (1195, 1220);
UPDATE "Sensor" SET "route" = 929 WHERE "id" = 1220;
INSERT INTO "TrackElement" ("id") VALUES (1221);
INSERT INTO "Segment" ("id", "length") VALUES (1221, 392);
UPDATE "TrackElement" SET "region" = 930 WHERE "id" = 1221;
INSERT INTO "monitoredBy" VALUES (1221, 1220);
INSERT INTO "TrackElement" ("id") VALUES (1222);
INSERT INTO "Segment" ("id", "length") VALUES (1222, 560);
UPDATE "TrackElement" SET "region" = 930 WHERE "id" = 1222;
INSERT INTO "monitoredBy" VALUES (1222, 1220);
INSERT INTO "TrackElement" ("id") VALUES (1223);
INSERT INTO "Segment" ("id", "length") VALUES (1223, 379);
UPDATE "TrackElement" SET "region" = 930 WHERE "id" = 1223;
INSERT INTO "monitoredBy" VALUES (1223, 1220);
INSERT INTO "TrackElement" ("id") VALUES (1224);
INSERT INTO "Segment" ("id", "length") VALUES (1224, 173);
UPDATE "TrackElement" SET "region" = 930 WHERE "id" = 1224;
INSERT INTO "monitoredBy" VALUES (1224, 1220);
INSERT INTO "TrackElement" ("id") VALUES (1225);
INSERT INTO "Segment" ("id", "length") VALUES (1225, 364);
UPDATE "TrackElement" SET "region" = 930 WHERE "id" = 1225;
INSERT INTO "monitoredBy" VALUES (1225, 1220);
INSERT INTO "Sensor" ("id") VALUES (1226);
UPDATE "Sensor" SET "region" = 930 WHERE "id" = 1226;
INSERT INTO "monitoredBy" VALUES (1195, 1226);
UPDATE "Sensor" SET "route" = 929 WHERE "id" = 1226;
INSERT INTO "TrackElement" ("id") VALUES (1227);
INSERT INTO "Segment" ("id", "length") VALUES (1227, 867);
UPDATE "TrackElement" SET "region" = 930 WHERE "id" = 1227;
INSERT INTO "monitoredBy" VALUES (1227, 1226);
INSERT INTO "TrackElement" ("id") VALUES (1228);
INSERT INTO "Segment" ("id", "length") VALUES (1228, 644);
UPDATE "TrackElement" SET "region" = 930 WHERE "id" = 1228;
INSERT INTO "monitoredBy" VALUES (1228, 1226);
INSERT INTO "TrackElement" ("id") VALUES (1229);
INSERT INTO "Segment" ("id", "length") VALUES (1229, 277);
UPDATE "TrackElement" SET "region" = 930 WHERE "id" = 1229;
INSERT INTO "monitoredBy" VALUES (1229, 1226);
INSERT INTO "TrackElement" ("id") VALUES (1230);
INSERT INTO "Segment" ("id", "length") VALUES (1230, 22);
UPDATE "TrackElement" SET "region" = 930 WHERE "id" = 1230;
INSERT INTO "monitoredBy" VALUES (1230, 1226);
INSERT INTO "TrackElement" ("id") VALUES (1231);
INSERT INTO "Segment" ("id", "length") VALUES (1231, 312);
UPDATE "TrackElement" SET "region" = 930 WHERE "id" = 1231;
INSERT INTO "monitoredBy" VALUES (1231, 1226);
INSERT INTO "Sensor" ("id") VALUES (1232);
UPDATE "Sensor" SET "region" = 930 WHERE "id" = 1232;
INSERT INTO "monitoredBy" VALUES (1195, 1232);
UPDATE "Sensor" SET "route" = 929 WHERE "id" = 1232;
INSERT INTO "TrackElement" ("id") VALUES (1233);
INSERT INTO "Segment" ("id", "length") VALUES (1233, -496);
UPDATE "TrackElement" SET "region" = 930 WHERE "id" = 1233;
INSERT INTO "monitoredBy" VALUES (1233, 1232);
INSERT INTO "TrackElement" ("id") VALUES (1234);
INSERT INTO "Segment" ("id", "length") VALUES (1234, 585);
UPDATE "TrackElement" SET "region" = 930 WHERE "id" = 1234;
INSERT INTO "monitoredBy" VALUES (1234, 1232);
INSERT INTO "TrackElement" ("id") VALUES (1235);
INSERT INTO "Segment" ("id", "length") VALUES (1235, 688);
UPDATE "TrackElement" SET "region" = 930 WHERE "id" = 1235;
INSERT INTO "monitoredBy" VALUES (1235, 1232);
INSERT INTO "TrackElement" ("id") VALUES (1236);
INSERT INTO "Segment" ("id", "length") VALUES (1236, 407);
UPDATE "TrackElement" SET "region" = 930 WHERE "id" = 1236;
INSERT INTO "monitoredBy" VALUES (1236, 1232);
INSERT INTO "TrackElement" ("id") VALUES (1237);
INSERT INTO "Segment" ("id", "length") VALUES (1237, 865);
UPDATE "TrackElement" SET "region" = 930 WHERE "id" = 1237;
INSERT INTO "monitoredBy" VALUES (1237, 1232);
UPDATE "Switch" SET "currentPosition" = 2 WHERE "id" = 1195;
INSERT INTO "SwitchPosition" ("id", "position", "target") VALUES (1238, 2, 1195);
UPDATE "SwitchPosition" SET "route" = 929 WHERE "id" = 1238;
INSERT INTO "TrackElement" ("id") VALUES (1239);
INSERT INTO "Switch" ("id") VALUES (1239);
UPDATE "TrackElement" SET "region" = 930 WHERE "id" = 1239;
INSERT INTO "Sensor" ("id") VALUES (1240);
UPDATE "Sensor" SET "region" = 930 WHERE "id" = 1240;
INSERT INTO "monitoredBy" VALUES (1239, 1240);
UPDATE "Sensor" SET "route" = 929 WHERE "id" = 1240;
INSERT INTO "TrackElement" ("id") VALUES (1241);
INSERT INTO "Segment" ("id", "length") VALUES (1241, 995);
UPDATE "TrackElement" SET "region" = 930 WHERE "id" = 1241;
INSERT INTO "monitoredBy" VALUES (1241, 1240);
INSERT INTO "TrackElement" ("id") VALUES (1242);
INSERT INTO "Segment" ("id", "length") VALUES (1242, 187);
UPDATE "TrackElement" SET "region" = 930 WHERE "id" = 1242;
INSERT INTO "monitoredBy" VALUES (1242, 1240);
INSERT INTO "TrackElement" ("id") VALUES (1243);
INSERT INTO "Segment" ("id", "length") VALUES (1243, 99);
UPDATE "TrackElement" SET "region" = 930 WHERE "id" = 1243;
INSERT INTO "monitoredBy" VALUES (1243, 1240);
INSERT INTO "TrackElement" ("id") VALUES (1244);
INSERT INTO "Segment" ("id", "length") VALUES (1244, 381);
UPDATE "TrackElement" SET "region" = 930 WHERE "id" = 1244;
INSERT INTO "monitoredBy" VALUES (1244, 1240);
INSERT INTO "TrackElement" ("id") VALUES (1245);
INSERT INTO "Segment" ("id", "length") VALUES (1245, 552);
UPDATE "TrackElement" SET "region" = 930 WHERE "id" = 1245;
INSERT INTO "monitoredBy" VALUES (1245, 1240);
INSERT INTO "Sensor" ("id") VALUES (1246);
UPDATE "Sensor" SET "region" = 930 WHERE "id" = 1246;
INSERT INTO "monitoredBy" VALUES (1239, 1246);
UPDATE "Sensor" SET "route" = 929 WHERE "id" = 1246;
INSERT INTO "TrackElement" ("id") VALUES (1247);
INSERT INTO "Segment" ("id", "length") VALUES (1247, 309);
UPDATE "TrackElement" SET "region" = 930 WHERE "id" = 1247;
INSERT INTO "monitoredBy" VALUES (1247, 1246);
INSERT INTO "TrackElement" ("id") VALUES (1248);
INSERT INTO "Segment" ("id", "length") VALUES (1248, 43);
UPDATE "TrackElement" SET "region" = 930 WHERE "id" = 1248;
INSERT INTO "monitoredBy" VALUES (1248, 1246);
INSERT INTO "TrackElement" ("id") VALUES (1249);
INSERT INTO "Segment" ("id", "length") VALUES (1249, 550);
UPDATE "TrackElement" SET "region" = 930 WHERE "id" = 1249;
INSERT INTO "monitoredBy" VALUES (1249, 1246);
INSERT INTO "TrackElement" ("id") VALUES (1250);
INSERT INTO "Segment" ("id", "length") VALUES (1250, 983);
UPDATE "TrackElement" SET "region" = 930 WHERE "id" = 1250;
INSERT INTO "monitoredBy" VALUES (1250, 1246);
INSERT INTO "TrackElement" ("id") VALUES (1251);
INSERT INTO "Segment" ("id", "length") VALUES (1251, -970);
UPDATE "TrackElement" SET "region" = 930 WHERE "id" = 1251;
INSERT INTO "monitoredBy" VALUES (1251, 1246);
INSERT INTO "Sensor" ("id") VALUES (1252);
UPDATE "Sensor" SET "region" = 930 WHERE "id" = 1252;
INSERT INTO "monitoredBy" VALUES (1239, 1252);
UPDATE "Sensor" SET "route" = 929 WHERE "id" = 1252;
INSERT INTO "TrackElement" ("id") VALUES (1253);
INSERT INTO "Segment" ("id", "length") VALUES (1253, 957);
UPDATE "TrackElement" SET "region" = 930 WHERE "id" = 1253;
INSERT INTO "monitoredBy" VALUES (1253, 1252);
INSERT INTO "TrackElement" ("id") VALUES (1254);
INSERT INTO "Segment" ("id", "length") VALUES (1254, 881);
UPDATE "TrackElement" SET "region" = 930 WHERE "id" = 1254;
INSERT INTO "monitoredBy" VALUES (1254, 1252);
INSERT INTO "TrackElement" ("id") VALUES (1255);
INSERT INTO "Segment" ("id", "length") VALUES (1255, 658);
UPDATE "TrackElement" SET "region" = 930 WHERE "id" = 1255;
INSERT INTO "monitoredBy" VALUES (1255, 1252);
INSERT INTO "TrackElement" ("id") VALUES (1256);
INSERT INTO "Segment" ("id", "length") VALUES (1256, 485);
UPDATE "TrackElement" SET "region" = 930 WHERE "id" = 1256;
INSERT INTO "monitoredBy" VALUES (1256, 1252);
INSERT INTO "TrackElement" ("id") VALUES (1257);
INSERT INTO "Segment" ("id", "length") VALUES (1257, 767);
UPDATE "TrackElement" SET "region" = 930 WHERE "id" = 1257;
INSERT INTO "monitoredBy" VALUES (1257, 1252);
INSERT INTO "Sensor" ("id") VALUES (1258);
UPDATE "Sensor" SET "region" = 930 WHERE "id" = 1258;
INSERT INTO "monitoredBy" VALUES (1239, 1258);
UPDATE "Sensor" SET "route" = 929 WHERE "id" = 1258;
INSERT INTO "TrackElement" ("id") VALUES (1259);
INSERT INTO "Segment" ("id", "length") VALUES (1259, 71);
UPDATE "TrackElement" SET "region" = 930 WHERE "id" = 1259;
INSERT INTO "monitoredBy" VALUES (1259, 1258);
INSERT INTO "TrackElement" ("id") VALUES (1260);
INSERT INTO "Segment" ("id", "length") VALUES (1260, 219);
UPDATE "TrackElement" SET "region" = 930 WHERE "id" = 1260;
INSERT INTO "monitoredBy" VALUES (1260, 1258);
INSERT INTO "TrackElement" ("id") VALUES (1261);
INSERT INTO "Segment" ("id", "length") VALUES (1261, 507);
UPDATE "TrackElement" SET "region" = 930 WHERE "id" = 1261;
INSERT INTO "monitoredBy" VALUES (1261, 1258);
INSERT INTO "TrackElement" ("id") VALUES (1262);
INSERT INTO "Segment" ("id", "length") VALUES (1262, 948);
UPDATE "TrackElement" SET "region" = 930 WHERE "id" = 1262;
INSERT INTO "monitoredBy" VALUES (1262, 1258);
INSERT INTO "TrackElement" ("id") VALUES (1263);
INSERT INTO "Segment" ("id", "length") VALUES (1263, 258);
UPDATE "TrackElement" SET "region" = 930 WHERE "id" = 1263;
INSERT INTO "monitoredBy" VALUES (1263, 1258);
UPDATE "Switch" SET "currentPosition" = 1 WHERE "id" = 1239;
INSERT INTO "SwitchPosition" ("id", "position", "target") VALUES (1264, 1, 1239);
UPDATE "SwitchPosition" SET "route" = 929 WHERE "id" = 1264;
INSERT INTO "TrackElement" ("id") VALUES (1265);
INSERT INTO "Switch" ("id") VALUES (1265);
UPDATE "TrackElement" SET "region" = 930 WHERE "id" = 1265;
INSERT INTO "Sensor" ("id") VALUES (1266);
UPDATE "Sensor" SET "region" = 930 WHERE "id" = 1266;
INSERT INTO "monitoredBy" VALUES (1265, 1266);
UPDATE "Sensor" SET "route" = 929 WHERE "id" = 1266;
INSERT INTO "TrackElement" ("id") VALUES (1267);
INSERT INTO "Segment" ("id", "length") VALUES (1267, 677);
UPDATE "TrackElement" SET "region" = 930 WHERE "id" = 1267;
INSERT INTO "monitoredBy" VALUES (1267, 1266);
INSERT INTO "TrackElement" ("id") VALUES (1268);
INSERT INTO "Segment" ("id", "length") VALUES (1268, 940);
UPDATE "TrackElement" SET "region" = 930 WHERE "id" = 1268;
INSERT INTO "monitoredBy" VALUES (1268, 1266);
INSERT INTO "TrackElement" ("id") VALUES (1269);
INSERT INTO "Segment" ("id", "length") VALUES (1269, 107);
UPDATE "TrackElement" SET "region" = 930 WHERE "id" = 1269;
INSERT INTO "monitoredBy" VALUES (1269, 1266);
INSERT INTO "TrackElement" ("id") VALUES (1270);
INSERT INTO "Segment" ("id", "length") VALUES (1270, -605);
UPDATE "TrackElement" SET "region" = 930 WHERE "id" = 1270;
INSERT INTO "monitoredBy" VALUES (1270, 1266);
INSERT INTO "TrackElement" ("id") VALUES (1271);
INSERT INTO "Segment" ("id", "length") VALUES (1271, 432);
UPDATE "TrackElement" SET "region" = 930 WHERE "id" = 1271;
INSERT INTO "monitoredBy" VALUES (1271, 1266);
INSERT INTO "Sensor" ("id") VALUES (1272);
UPDATE "Sensor" SET "region" = 930 WHERE "id" = 1272;
INSERT INTO "monitoredBy" VALUES (1265, 1272);
UPDATE "Sensor" SET "route" = 929 WHERE "id" = 1272;
INSERT INTO "TrackElement" ("id") VALUES (1273);
INSERT INTO "Segment" ("id", "length") VALUES (1273, 526);
UPDATE "TrackElement" SET "region" = 930 WHERE "id" = 1273;
INSERT INTO "monitoredBy" VALUES (1273, 1272);
INSERT INTO "TrackElement" ("id") VALUES (1274);
INSERT INTO "Segment" ("id", "length") VALUES (1274, 958);
UPDATE "TrackElement" SET "region" = 930 WHERE "id" = 1274;
INSERT INTO "monitoredBy" VALUES (1274, 1272);
INSERT INTO "TrackElement" ("id") VALUES (1275);
INSERT INTO "Segment" ("id", "length") VALUES (1275, 591);
UPDATE "TrackElement" SET "region" = 930 WHERE "id" = 1275;
INSERT INTO "monitoredBy" VALUES (1275, 1272);
INSERT INTO "TrackElement" ("id") VALUES (1276);
INSERT INTO "Segment" ("id", "length") VALUES (1276, 172);
UPDATE "TrackElement" SET "region" = 930 WHERE "id" = 1276;
INSERT INTO "monitoredBy" VALUES (1276, 1272);
INSERT INTO "TrackElement" ("id") VALUES (1277);
INSERT INTO "Segment" ("id", "length") VALUES (1277, 284);
UPDATE "TrackElement" SET "region" = 930 WHERE "id" = 1277;
INSERT INTO "monitoredBy" VALUES (1277, 1272);
INSERT INTO "Sensor" ("id") VALUES (1278);
UPDATE "Sensor" SET "region" = 930 WHERE "id" = 1278;
INSERT INTO "monitoredBy" VALUES (1265, 1278);
UPDATE "Sensor" SET "route" = 929 WHERE "id" = 1278;
INSERT INTO "TrackElement" ("id") VALUES (1279);
INSERT INTO "Segment" ("id", "length") VALUES (1279, 306);
UPDATE "TrackElement" SET "region" = 930 WHERE "id" = 1279;
INSERT INTO "monitoredBy" VALUES (1279, 1278);
INSERT INTO "TrackElement" ("id") VALUES (1280);
INSERT INTO "Segment" ("id", "length") VALUES (1280, 617);
UPDATE "TrackElement" SET "region" = 930 WHERE "id" = 1280;
INSERT INTO "monitoredBy" VALUES (1280, 1278);
INSERT INTO "TrackElement" ("id") VALUES (1281);
INSERT INTO "Segment" ("id", "length") VALUES (1281, 444);
UPDATE "TrackElement" SET "region" = 930 WHERE "id" = 1281;
INSERT INTO "monitoredBy" VALUES (1281, 1278);
INSERT INTO "TrackElement" ("id") VALUES (1282);
INSERT INTO "Segment" ("id", "length") VALUES (1282, 170);
UPDATE "TrackElement" SET "region" = 930 WHERE "id" = 1282;
INSERT INTO "monitoredBy" VALUES (1282, 1278);
INSERT INTO "TrackElement" ("id") VALUES (1283);
INSERT INTO "Segment" ("id", "length") VALUES (1283, 582);
UPDATE "TrackElement" SET "region" = 930 WHERE "id" = 1283;
INSERT INTO "monitoredBy" VALUES (1283, 1278);
INSERT INTO "Sensor" ("id") VALUES (1284);
UPDATE "Sensor" SET "region" = 930 WHERE "id" = 1284;
INSERT INTO "monitoredBy" VALUES (1265, 1284);
UPDATE "Sensor" SET "route" = 929 WHERE "id" = 1284;
INSERT INTO "TrackElement" ("id") VALUES (1285);
INSERT INTO "Segment" ("id", "length") VALUES (1285, 275);
UPDATE "TrackElement" SET "region" = 930 WHERE "id" = 1285;
INSERT INTO "monitoredBy" VALUES (1285, 1284);
INSERT INTO "TrackElement" ("id") VALUES (1286);
INSERT INTO "Segment" ("id", "length") VALUES (1286, 193);
UPDATE "TrackElement" SET "region" = 930 WHERE "id" = 1286;
INSERT INTO "monitoredBy" VALUES (1286, 1284);
INSERT INTO "TrackElement" ("id") VALUES (1287);
INSERT INTO "Segment" ("id", "length") VALUES (1287, 929);
UPDATE "TrackElement" SET "region" = 930 WHERE "id" = 1287;
INSERT INTO "monitoredBy" VALUES (1287, 1284);
INSERT INTO "TrackElement" ("id") VALUES (1288);
INSERT INTO "Segment" ("id", "length") VALUES (1288, 283);
UPDATE "TrackElement" SET "region" = 930 WHERE "id" = 1288;
INSERT INTO "monitoredBy" VALUES (1288, 1284);
INSERT INTO "TrackElement" ("id") VALUES (1289);
INSERT INTO "Segment" ("id", "length") VALUES (1289, 353);
UPDATE "TrackElement" SET "region" = 930 WHERE "id" = 1289;
INSERT INTO "monitoredBy" VALUES (1289, 1284);
UPDATE "Switch" SET "currentPosition" = 0 WHERE "id" = 1265;
INSERT INTO "SwitchPosition" ("id", "position", "target") VALUES (1290, 0, 1265);
UPDATE "SwitchPosition" SET "route" = 929 WHERE "id" = 1290;
INSERT INTO "TrackElement" ("id") VALUES (1291);
INSERT INTO "Switch" ("id") VALUES (1291);
UPDATE "TrackElement" SET "region" = 930 WHERE "id" = 1291;
INSERT INTO "Sensor" ("id") VALUES (1292);
UPDATE "Sensor" SET "region" = 930 WHERE "id" = 1292;
INSERT INTO "monitoredBy" VALUES (1291, 1292);
UPDATE "Sensor" SET "route" = 929 WHERE "id" = 1292;
INSERT INTO "TrackElement" ("id") VALUES (1293);
INSERT INTO "Segment" ("id", "length") VALUES (1293, 833);
UPDATE "TrackElement" SET "region" = 930 WHERE "id" = 1293;
INSERT INTO "monitoredBy" VALUES (1293, 1292);
INSERT INTO "TrackElement" ("id") VALUES (1294);
INSERT INTO "Segment" ("id", "length") VALUES (1294, 273);
UPDATE "TrackElement" SET "region" = 930 WHERE "id" = 1294;
INSERT INTO "monitoredBy" VALUES (1294, 1292);
INSERT INTO "TrackElement" ("id") VALUES (1295);
INSERT INTO "Segment" ("id", "length") VALUES (1295, 367);
UPDATE "TrackElement" SET "region" = 930 WHERE "id" = 1295;
INSERT INTO "monitoredBy" VALUES (1295, 1292);
INSERT INTO "TrackElement" ("id") VALUES (1296);
INSERT INTO "Segment" ("id", "length") VALUES (1296, 840);
UPDATE "TrackElement" SET "region" = 930 WHERE "id" = 1296;
INSERT INTO "monitoredBy" VALUES (1296, 1292);
INSERT INTO "TrackElement" ("id") VALUES (1297);
INSERT INTO "Segment" ("id", "length") VALUES (1297, 78);
UPDATE "TrackElement" SET "region" = 930 WHERE "id" = 1297;
INSERT INTO "monitoredBy" VALUES (1297, 1292);
INSERT INTO "Sensor" ("id") VALUES (1298);
UPDATE "Sensor" SET "region" = 930 WHERE "id" = 1298;
INSERT INTO "monitoredBy" VALUES (1291, 1298);
UPDATE "Sensor" SET "route" = 929 WHERE "id" = 1298;
INSERT INTO "TrackElement" ("id") VALUES (1299);
INSERT INTO "Segment" ("id", "length") VALUES (1299, 101);
UPDATE "TrackElement" SET "region" = 930 WHERE "id" = 1299;
INSERT INTO "monitoredBy" VALUES (1299, 1298);
INSERT INTO "TrackElement" ("id") VALUES (1300);
INSERT INTO "Segment" ("id", "length") VALUES (1300, 272);
UPDATE "TrackElement" SET "region" = 930 WHERE "id" = 1300;
INSERT INTO "monitoredBy" VALUES (1300, 1298);
INSERT INTO "TrackElement" ("id") VALUES (1301);
INSERT INTO "Segment" ("id", "length") VALUES (1301, 646);
UPDATE "TrackElement" SET "region" = 930 WHERE "id" = 1301;
INSERT INTO "monitoredBy" VALUES (1301, 1298);
INSERT INTO "TrackElement" ("id") VALUES (1302);
INSERT INTO "Segment" ("id", "length") VALUES (1302, 598);
UPDATE "TrackElement" SET "region" = 930 WHERE "id" = 1302;
INSERT INTO "monitoredBy" VALUES (1302, 1298);
INSERT INTO "TrackElement" ("id") VALUES (1303);
INSERT INTO "Segment" ("id", "length") VALUES (1303, 22);
UPDATE "TrackElement" SET "region" = 930 WHERE "id" = 1303;
INSERT INTO "monitoredBy" VALUES (1303, 1298);
INSERT INTO "Sensor" ("id") VALUES (1304);
UPDATE "Sensor" SET "region" = 930 WHERE "id" = 1304;
INSERT INTO "monitoredBy" VALUES (1291, 1304);
UPDATE "Sensor" SET "route" = 929 WHERE "id" = 1304;
INSERT INTO "TrackElement" ("id") VALUES (1305);
INSERT INTO "Segment" ("id", "length") VALUES (1305, 310);
UPDATE "TrackElement" SET "region" = 930 WHERE "id" = 1305;
INSERT INTO "monitoredBy" VALUES (1305, 1304);
INSERT INTO "TrackElement" ("id") VALUES (1306);
INSERT INTO "Segment" ("id", "length") VALUES (1306, -933);
UPDATE "TrackElement" SET "region" = 930 WHERE "id" = 1306;
INSERT INTO "monitoredBy" VALUES (1306, 1304);
INSERT INTO "TrackElement" ("id") VALUES (1307);
INSERT INTO "Segment" ("id", "length") VALUES (1307, 818);
UPDATE "TrackElement" SET "region" = 930 WHERE "id" = 1307;
INSERT INTO "monitoredBy" VALUES (1307, 1304);
INSERT INTO "TrackElement" ("id") VALUES (1308);
INSERT INTO "Segment" ("id", "length") VALUES (1308, 484);
UPDATE "TrackElement" SET "region" = 930 WHERE "id" = 1308;
INSERT INTO "monitoredBy" VALUES (1308, 1304);
INSERT INTO "TrackElement" ("id") VALUES (1309);
INSERT INTO "Segment" ("id", "length") VALUES (1309, 102);
UPDATE "TrackElement" SET "region" = 930 WHERE "id" = 1309;
INSERT INTO "monitoredBy" VALUES (1309, 1304);
INSERT INTO "TrackElement" ("id") VALUES (1310);
INSERT INTO "Segment" ("id", "length") VALUES (1310, 36);
UPDATE "TrackElement" SET "region" = 930 WHERE "id" = 1310;
INSERT INTO "monitoredBy" VALUES (1310, 1304);
INSERT INTO "Sensor" ("id") VALUES (1311);
UPDATE "Sensor" SET "region" = 930 WHERE "id" = 1311;
INSERT INTO "monitoredBy" VALUES (1291, 1311);
UPDATE "Sensor" SET "route" = 929 WHERE "id" = 1311;
INSERT INTO "TrackElement" ("id") VALUES (1312);
INSERT INTO "Segment" ("id", "length") VALUES (1312, 666);
UPDATE "TrackElement" SET "region" = 930 WHERE "id" = 1312;
INSERT INTO "monitoredBy" VALUES (1312, 1311);
INSERT INTO "TrackElement" ("id") VALUES (1313);
INSERT INTO "Segment" ("id", "length") VALUES (1313, 571);
UPDATE "TrackElement" SET "region" = 930 WHERE "id" = 1313;
INSERT INTO "monitoredBy" VALUES (1313, 1311);
INSERT INTO "TrackElement" ("id") VALUES (1314);
INSERT INTO "Segment" ("id", "length") VALUES (1314, 938);
UPDATE "TrackElement" SET "region" = 930 WHERE "id" = 1314;
INSERT INTO "monitoredBy" VALUES (1314, 1311);
INSERT INTO "TrackElement" ("id") VALUES (1315);
INSERT INTO "Segment" ("id", "length") VALUES (1315, 294);
UPDATE "TrackElement" SET "region" = 930 WHERE "id" = 1315;
INSERT INTO "monitoredBy" VALUES (1315, 1311);
INSERT INTO "TrackElement" ("id") VALUES (1316);
INSERT INTO "Segment" ("id", "length") VALUES (1316, 254);
UPDATE "TrackElement" SET "region" = 930 WHERE "id" = 1316;
INSERT INTO "monitoredBy" VALUES (1316, 1311);
INSERT INTO "Sensor" ("id") VALUES (1317);
UPDATE "Sensor" SET "region" = 930 WHERE "id" = 1317;
INSERT INTO "monitoredBy" VALUES (1291, 1317);
UPDATE "Sensor" SET "route" = 929 WHERE "id" = 1317;
INSERT INTO "TrackElement" ("id") VALUES (1318);
INSERT INTO "Segment" ("id", "length") VALUES (1318, 655);
UPDATE "TrackElement" SET "region" = 930 WHERE "id" = 1318;
INSERT INTO "monitoredBy" VALUES (1318, 1317);
INSERT INTO "TrackElement" ("id") VALUES (1319);
INSERT INTO "Segment" ("id", "length") VALUES (1319, 671);
UPDATE "TrackElement" SET "region" = 930 WHERE "id" = 1319;
INSERT INTO "monitoredBy" VALUES (1319, 1317);
INSERT INTO "TrackElement" ("id") VALUES (1320);
INSERT INTO "Segment" ("id", "length") VALUES (1320, 370);
UPDATE "TrackElement" SET "region" = 930 WHERE "id" = 1320;
INSERT INTO "monitoredBy" VALUES (1320, 1317);
INSERT INTO "TrackElement" ("id") VALUES (1321);
INSERT INTO "Segment" ("id", "length") VALUES (1321, 406);
UPDATE "TrackElement" SET "region" = 930 WHERE "id" = 1321;
INSERT INTO "monitoredBy" VALUES (1321, 1317);
INSERT INTO "TrackElement" ("id") VALUES (1322);
INSERT INTO "Segment" ("id", "length") VALUES (1322, 971);
UPDATE "TrackElement" SET "region" = 930 WHERE "id" = 1322;
INSERT INTO "monitoredBy" VALUES (1322, 1317);
INSERT INTO "Sensor" ("id") VALUES (1323);
UPDATE "Sensor" SET "region" = 930 WHERE "id" = 1323;
INSERT INTO "TrackElement" ("id") VALUES (1324);
INSERT INTO "Segment" ("id", "length") VALUES (1324, 162);
UPDATE "TrackElement" SET "region" = 930 WHERE "id" = 1324;
INSERT INTO "monitoredBy" VALUES (1324, 1323);
INSERT INTO "TrackElement" ("id") VALUES (1325);
INSERT INTO "Segment" ("id", "length") VALUES (1325, 622);
UPDATE "TrackElement" SET "region" = 930 WHERE "id" = 1325;
INSERT INTO "monitoredBy" VALUES (1325, 1323);
INSERT INTO "TrackElement" ("id") VALUES (1326);
INSERT INTO "Segment" ("id", "length") VALUES (1326, 820);
UPDATE "TrackElement" SET "region" = 930 WHERE "id" = 1326;
INSERT INTO "monitoredBy" VALUES (1326, 1323);
INSERT INTO "TrackElement" ("id") VALUES (1327);
INSERT INTO "Segment" ("id", "length") VALUES (1327, 831);
UPDATE "TrackElement" SET "region" = 930 WHERE "id" = 1327;
INSERT INTO "monitoredBy" VALUES (1327, 1323);
INSERT INTO "TrackElement" ("id") VALUES (1328);
INSERT INTO "Segment" ("id", "length") VALUES (1328, 172);
UPDATE "TrackElement" SET "region" = 930 WHERE "id" = 1328;
INSERT INTO "monitoredBy" VALUES (1328, 1323);
UPDATE "Switch" SET "currentPosition" = 0 WHERE "id" = 1291;
INSERT INTO "SwitchPosition" ("id", "position", "target") VALUES (1329, 0, 1291);
UPDATE "SwitchPosition" SET "route" = 929 WHERE "id" = 1329;
INSERT INTO "TrackElement" ("id") VALUES (1330);
INSERT INTO "Switch" ("id") VALUES (1330);
UPDATE "TrackElement" SET "region" = 930 WHERE "id" = 1330;
INSERT INTO "Sensor" ("id") VALUES (1331);
UPDATE "Sensor" SET "region" = 930 WHERE "id" = 1331;
INSERT INTO "monitoredBy" VALUES (1330, 1331);
UPDATE "Sensor" SET "route" = 929 WHERE "id" = 1331;
INSERT INTO "TrackElement" ("id") VALUES (1332);
INSERT INTO "Segment" ("id", "length") VALUES (1332, 95);
UPDATE "TrackElement" SET "region" = 930 WHERE "id" = 1332;
INSERT INTO "monitoredBy" VALUES (1332, 1331);
INSERT INTO "TrackElement" ("id") VALUES (1333);
INSERT INTO "Segment" ("id", "length") VALUES (1333, 95);
UPDATE "TrackElement" SET "region" = 930 WHERE "id" = 1333;
INSERT INTO "monitoredBy" VALUES (1333, 1331);
INSERT INTO "TrackElement" ("id") VALUES (1334);
INSERT INTO "Segment" ("id", "length") VALUES (1334, 782);
UPDATE "TrackElement" SET "region" = 930 WHERE "id" = 1334;
INSERT INTO "monitoredBy" VALUES (1334, 1331);
INSERT INTO "TrackElement" ("id") VALUES (1335);
INSERT INTO "Segment" ("id", "length") VALUES (1335, 635);
UPDATE "TrackElement" SET "region" = 930 WHERE "id" = 1335;
INSERT INTO "monitoredBy" VALUES (1335, 1331);
INSERT INTO "TrackElement" ("id") VALUES (1336);
INSERT INTO "Segment" ("id", "length") VALUES (1336, 725);
UPDATE "TrackElement" SET "region" = 930 WHERE "id" = 1336;
INSERT INTO "monitoredBy" VALUES (1336, 1331);
INSERT INTO "Sensor" ("id") VALUES (1337);
UPDATE "Sensor" SET "region" = 930 WHERE "id" = 1337;
INSERT INTO "monitoredBy" VALUES (1330, 1337);
UPDATE "Sensor" SET "route" = 929 WHERE "id" = 1337;
INSERT INTO "TrackElement" ("id") VALUES (1338);
INSERT INTO "Segment" ("id", "length") VALUES (1338, 406);
UPDATE "TrackElement" SET "region" = 930 WHERE "id" = 1338;
INSERT INTO "monitoredBy" VALUES (1338, 1337);
INSERT INTO "TrackElement" ("id") VALUES (1339);
INSERT INTO "Segment" ("id", "length") VALUES (1339, 490);
UPDATE "TrackElement" SET "region" = 930 WHERE "id" = 1339;
INSERT INTO "monitoredBy" VALUES (1339, 1337);
INSERT INTO "TrackElement" ("id") VALUES (1340);
INSERT INTO "Segment" ("id", "length") VALUES (1340, 58);
UPDATE "TrackElement" SET "region" = 930 WHERE "id" = 1340;
INSERT INTO "monitoredBy" VALUES (1340, 1337);
INSERT INTO "TrackElement" ("id") VALUES (1341);
INSERT INTO "Segment" ("id", "length") VALUES (1341, 918);
UPDATE "TrackElement" SET "region" = 930 WHERE "id" = 1341;
INSERT INTO "monitoredBy" VALUES (1341, 1337);
INSERT INTO "TrackElement" ("id") VALUES (1342);
INSERT INTO "Segment" ("id", "length") VALUES (1342, 194);
UPDATE "TrackElement" SET "region" = 930 WHERE "id" = 1342;
INSERT INTO "monitoredBy" VALUES (1342, 1337);
INSERT INTO "Sensor" ("id") VALUES (1343);
UPDATE "Sensor" SET "region" = 930 WHERE "id" = 1343;
INSERT INTO "monitoredBy" VALUES (1330, 1343);
UPDATE "Sensor" SET "route" = 929 WHERE "id" = 1343;
INSERT INTO "TrackElement" ("id") VALUES (1344);
INSERT INTO "Segment" ("id", "length") VALUES (1344, 280);
UPDATE "TrackElement" SET "region" = 930 WHERE "id" = 1344;
INSERT INTO "monitoredBy" VALUES (1344, 1343);
INSERT INTO "TrackElement" ("id") VALUES (1345);
INSERT INTO "Segment" ("id", "length") VALUES (1345, 535);
UPDATE "TrackElement" SET "region" = 930 WHERE "id" = 1345;
INSERT INTO "monitoredBy" VALUES (1345, 1343);
INSERT INTO "TrackElement" ("id") VALUES (1346);
INSERT INTO "Segment" ("id", "length") VALUES (1346, 147);
UPDATE "TrackElement" SET "region" = 930 WHERE "id" = 1346;
INSERT INTO "monitoredBy" VALUES (1346, 1343);
INSERT INTO "TrackElement" ("id") VALUES (1347);
INSERT INTO "Segment" ("id", "length") VALUES (1347, 715);
UPDATE "TrackElement" SET "region" = 930 WHERE "id" = 1347;
INSERT INTO "monitoredBy" VALUES (1347, 1343);
INSERT INTO "TrackElement" ("id") VALUES (1348);
INSERT INTO "Segment" ("id", "length") VALUES (1348, 385);
UPDATE "TrackElement" SET "region" = 930 WHERE "id" = 1348;
INSERT INTO "monitoredBy" VALUES (1348, 1343);
INSERT INTO "Sensor" ("id") VALUES (1349);
UPDATE "Sensor" SET "region" = 930 WHERE "id" = 1349;
INSERT INTO "monitoredBy" VALUES (1330, 1349);
UPDATE "Sensor" SET "route" = 929 WHERE "id" = 1349;
INSERT INTO "TrackElement" ("id") VALUES (1350);
INSERT INTO "Segment" ("id", "length") VALUES (1350, 780);
UPDATE "TrackElement" SET "region" = 930 WHERE "id" = 1350;
INSERT INTO "monitoredBy" VALUES (1350, 1349);
INSERT INTO "TrackElement" ("id") VALUES (1351);
INSERT INTO "Segment" ("id", "length") VALUES (1351, 359);
UPDATE "TrackElement" SET "region" = 930 WHERE "id" = 1351;
INSERT INTO "monitoredBy" VALUES (1351, 1349);
INSERT INTO "TrackElement" ("id") VALUES (1352);
INSERT INTO "Segment" ("id", "length") VALUES (1352, 374);
UPDATE "TrackElement" SET "region" = 930 WHERE "id" = 1352;
INSERT INTO "monitoredBy" VALUES (1352, 1349);
INSERT INTO "TrackElement" ("id") VALUES (1353);
INSERT INTO "Segment" ("id", "length") VALUES (1353, 3);
UPDATE "TrackElement" SET "region" = 930 WHERE "id" = 1353;
INSERT INTO "monitoredBy" VALUES (1353, 1349);
INSERT INTO "TrackElement" ("id") VALUES (1354);
INSERT INTO "Segment" ("id", "length") VALUES (1354, 343);
UPDATE "TrackElement" SET "region" = 930 WHERE "id" = 1354;
INSERT INTO "monitoredBy" VALUES (1354, 1349);
UPDATE "Switch" SET "currentPosition" = 1 WHERE "id" = 1330;
INSERT INTO "SwitchPosition" ("id", "position", "target") VALUES (1355, 1, 1330);
UPDATE "SwitchPosition" SET "route" = 929 WHERE "id" = 1355;
INSERT INTO "TrackElement" ("id") VALUES (1356);
INSERT INTO "Switch" ("id") VALUES (1356);
UPDATE "TrackElement" SET "region" = 930 WHERE "id" = 1356;
INSERT INTO "Sensor" ("id") VALUES (1357);
UPDATE "Sensor" SET "region" = 930 WHERE "id" = 1357;
INSERT INTO "monitoredBy" VALUES (1356, 1357);
UPDATE "Sensor" SET "route" = 929 WHERE "id" = 1357;
INSERT INTO "TrackElement" ("id") VALUES (1358);
INSERT INTO "Segment" ("id", "length") VALUES (1358, 254);
UPDATE "TrackElement" SET "region" = 930 WHERE "id" = 1358;
INSERT INTO "monitoredBy" VALUES (1358, 1357);
INSERT INTO "TrackElement" ("id") VALUES (1359);
INSERT INTO "Segment" ("id", "length") VALUES (1359, 186);
UPDATE "TrackElement" SET "region" = 930 WHERE "id" = 1359;
INSERT INTO "monitoredBy" VALUES (1359, 1357);
INSERT INTO "TrackElement" ("id") VALUES (1360);
INSERT INTO "Segment" ("id", "length") VALUES (1360, 580);
UPDATE "TrackElement" SET "region" = 930 WHERE "id" = 1360;
INSERT INTO "monitoredBy" VALUES (1360, 1357);
INSERT INTO "TrackElement" ("id") VALUES (1361);
INSERT INTO "Segment" ("id", "length") VALUES (1361, 93);
UPDATE "TrackElement" SET "region" = 930 WHERE "id" = 1361;
INSERT INTO "monitoredBy" VALUES (1361, 1357);
INSERT INTO "TrackElement" ("id") VALUES (1362);
INSERT INTO "Segment" ("id", "length") VALUES (1362, 236);
UPDATE "TrackElement" SET "region" = 930 WHERE "id" = 1362;
INSERT INTO "monitoredBy" VALUES (1362, 1357);
INSERT INTO "Sensor" ("id") VALUES (1363);
UPDATE "Sensor" SET "region" = 930 WHERE "id" = 1363;
INSERT INTO "monitoredBy" VALUES (1356, 1363);
UPDATE "Sensor" SET "route" = 929 WHERE "id" = 1363;
INSERT INTO "TrackElement" ("id") VALUES (1364);
INSERT INTO "Segment" ("id", "length") VALUES (1364, 10);
UPDATE "TrackElement" SET "region" = 930 WHERE "id" = 1364;
INSERT INTO "monitoredBy" VALUES (1364, 1363);
INSERT INTO "TrackElement" ("id") VALUES (1365);
INSERT INTO "Segment" ("id", "length") VALUES (1365, 816);
UPDATE "TrackElement" SET "region" = 930 WHERE "id" = 1365;
INSERT INTO "monitoredBy" VALUES (1365, 1363);
INSERT INTO "TrackElement" ("id") VALUES (1366);
INSERT INTO "Segment" ("id", "length") VALUES (1366, 403);
UPDATE "TrackElement" SET "region" = 930 WHERE "id" = 1366;
INSERT INTO "monitoredBy" VALUES (1366, 1363);
INSERT INTO "TrackElement" ("id") VALUES (1367);
INSERT INTO "Segment" ("id", "length") VALUES (1367, 173);
UPDATE "TrackElement" SET "region" = 930 WHERE "id" = 1367;
INSERT INTO "monitoredBy" VALUES (1367, 1363);
INSERT INTO "TrackElement" ("id") VALUES (1368);
INSERT INTO "Segment" ("id", "length") VALUES (1368, 714);
UPDATE "TrackElement" SET "region" = 930 WHERE "id" = 1368;
INSERT INTO "monitoredBy" VALUES (1368, 1363);
INSERT INTO "TrackElement" ("id") VALUES (1369);
INSERT INTO "Segment" ("id", "length") VALUES (1369, 457);
UPDATE "TrackElement" SET "region" = 930 WHERE "id" = 1369;
INSERT INTO "monitoredBy" VALUES (1369, 1363);
INSERT INTO "Sensor" ("id") VALUES (1370);
UPDATE "Sensor" SET "region" = 930 WHERE "id" = 1370;
INSERT INTO "monitoredBy" VALUES (1356, 1370);
UPDATE "Sensor" SET "route" = 929 WHERE "id" = 1370;
INSERT INTO "TrackElement" ("id") VALUES (1371);
INSERT INTO "Segment" ("id", "length") VALUES (1371, 801);
UPDATE "TrackElement" SET "region" = 930 WHERE "id" = 1371;
INSERT INTO "monitoredBy" VALUES (1371, 1370);
INSERT INTO "TrackElement" ("id") VALUES (1372);
INSERT INTO "Segment" ("id", "length") VALUES (1372, 721);
UPDATE "TrackElement" SET "region" = 930 WHERE "id" = 1372;
INSERT INTO "monitoredBy" VALUES (1372, 1370);
INSERT INTO "TrackElement" ("id") VALUES (1373);
INSERT INTO "Segment" ("id", "length") VALUES (1373, 487);
UPDATE "TrackElement" SET "region" = 930 WHERE "id" = 1373;
INSERT INTO "monitoredBy" VALUES (1373, 1370);
INSERT INTO "TrackElement" ("id") VALUES (1374);
INSERT INTO "Segment" ("id", "length") VALUES (1374, 675);
UPDATE "TrackElement" SET "region" = 930 WHERE "id" = 1374;
INSERT INTO "monitoredBy" VALUES (1374, 1370);
INSERT INTO "TrackElement" ("id") VALUES (1375);
INSERT INTO "Segment" ("id", "length") VALUES (1375, 725);
UPDATE "TrackElement" SET "region" = 930 WHERE "id" = 1375;
INSERT INTO "monitoredBy" VALUES (1375, 1370);
INSERT INTO "Sensor" ("id") VALUES (1376);
UPDATE "Sensor" SET "region" = 930 WHERE "id" = 1376;
INSERT INTO "monitoredBy" VALUES (1356, 1376);
UPDATE "Sensor" SET "route" = 929 WHERE "id" = 1376;
INSERT INTO "TrackElement" ("id") VALUES (1377);
INSERT INTO "Segment" ("id", "length") VALUES (1377, 65);
UPDATE "TrackElement" SET "region" = 930 WHERE "id" = 1377;
INSERT INTO "monitoredBy" VALUES (1377, 1376);
INSERT INTO "TrackElement" ("id") VALUES (1378);
INSERT INTO "Segment" ("id", "length") VALUES (1378, 825);
UPDATE "TrackElement" SET "region" = 930 WHERE "id" = 1378;
INSERT INTO "monitoredBy" VALUES (1378, 1376);
INSERT INTO "TrackElement" ("id") VALUES (1379);
INSERT INTO "Segment" ("id", "length") VALUES (1379, 351);
UPDATE "TrackElement" SET "region" = 930 WHERE "id" = 1379;
INSERT INTO "monitoredBy" VALUES (1379, 1376);
INSERT INTO "TrackElement" ("id") VALUES (1380);
INSERT INTO "Segment" ("id", "length") VALUES (1380, 248);
UPDATE "TrackElement" SET "region" = 930 WHERE "id" = 1380;
INSERT INTO "monitoredBy" VALUES (1380, 1376);
INSERT INTO "TrackElement" ("id") VALUES (1381);
INSERT INTO "Segment" ("id", "length") VALUES (1381, 575);
UPDATE "TrackElement" SET "region" = 930 WHERE "id" = 1381;
INSERT INTO "monitoredBy" VALUES (1381, 1376);
INSERT INTO "Sensor" ("id") VALUES (1382);
UPDATE "Sensor" SET "region" = 930 WHERE "id" = 1382;
INSERT INTO "monitoredBy" VALUES (1356, 1382);
UPDATE "Sensor" SET "route" = 929 WHERE "id" = 1382;
INSERT INTO "TrackElement" ("id") VALUES (1383);
INSERT INTO "Segment" ("id", "length") VALUES (1383, 818);
UPDATE "TrackElement" SET "region" = 930 WHERE "id" = 1383;
INSERT INTO "monitoredBy" VALUES (1383, 1382);
INSERT INTO "TrackElement" ("id") VALUES (1384);
INSERT INTO "Segment" ("id", "length") VALUES (1384, 84);
UPDATE "TrackElement" SET "region" = 930 WHERE "id" = 1384;
INSERT INTO "monitoredBy" VALUES (1384, 1382);
INSERT INTO "TrackElement" ("id") VALUES (1385);
INSERT INTO "Segment" ("id", "length") VALUES (1385, 996);
UPDATE "TrackElement" SET "region" = 930 WHERE "id" = 1385;
INSERT INTO "monitoredBy" VALUES (1385, 1382);
INSERT INTO "TrackElement" ("id") VALUES (1386);
INSERT INTO "Segment" ("id", "length") VALUES (1386, 999);
UPDATE "TrackElement" SET "region" = 930 WHERE "id" = 1386;
INSERT INTO "monitoredBy" VALUES (1386, 1382);
INSERT INTO "TrackElement" ("id") VALUES (1387);
INSERT INTO "Segment" ("id", "length") VALUES (1387, 471);
UPDATE "TrackElement" SET "region" = 930 WHERE "id" = 1387;
INSERT INTO "monitoredBy" VALUES (1387, 1382);
INSERT INTO "Sensor" ("id") VALUES (1388);
UPDATE "Sensor" SET "region" = 930 WHERE "id" = 1388;
INSERT INTO "monitoredBy" VALUES (1356, 1388);
UPDATE "Sensor" SET "route" = 929 WHERE "id" = 1388;
INSERT INTO "TrackElement" ("id") VALUES (1389);
INSERT INTO "Segment" ("id", "length") VALUES (1389, 701);
UPDATE "TrackElement" SET "region" = 930 WHERE "id" = 1389;
INSERT INTO "monitoredBy" VALUES (1389, 1388);
INSERT INTO "TrackElement" ("id") VALUES (1390);
INSERT INTO "Segment" ("id", "length") VALUES (1390, 104);
UPDATE "TrackElement" SET "region" = 930 WHERE "id" = 1390;
INSERT INTO "monitoredBy" VALUES (1390, 1388);
INSERT INTO "TrackElement" ("id") VALUES (1391);
INSERT INTO "Segment" ("id", "length") VALUES (1391, 89);
UPDATE "TrackElement" SET "region" = 930 WHERE "id" = 1391;
INSERT INTO "monitoredBy" VALUES (1391, 1388);
INSERT INTO "TrackElement" ("id") VALUES (1392);
INSERT INTO "Segment" ("id", "length") VALUES (1392, 804);
UPDATE "TrackElement" SET "region" = 930 WHERE "id" = 1392;
INSERT INTO "monitoredBy" VALUES (1392, 1388);
INSERT INTO "TrackElement" ("id") VALUES (1393);
INSERT INTO "Segment" ("id", "length") VALUES (1393, 853);
UPDATE "TrackElement" SET "region" = 930 WHERE "id" = 1393;
INSERT INTO "monitoredBy" VALUES (1393, 1388);
INSERT INTO "Sensor" ("id") VALUES (1394);
UPDATE "Sensor" SET "region" = 930 WHERE "id" = 1394;
INSERT INTO "monitoredBy" VALUES (1356, 1394);
UPDATE "Sensor" SET "route" = 929 WHERE "id" = 1394;
INSERT INTO "TrackElement" ("id") VALUES (1395);
INSERT INTO "Segment" ("id", "length") VALUES (1395, 117);
UPDATE "TrackElement" SET "region" = 930 WHERE "id" = 1395;
INSERT INTO "monitoredBy" VALUES (1395, 1394);
INSERT INTO "TrackElement" ("id") VALUES (1396);
INSERT INTO "Segment" ("id", "length") VALUES (1396, 294);
UPDATE "TrackElement" SET "region" = 930 WHERE "id" = 1396;
INSERT INTO "monitoredBy" VALUES (1396, 1394);
INSERT INTO "TrackElement" ("id") VALUES (1397);
INSERT INTO "Segment" ("id", "length") VALUES (1397, 369);
UPDATE "TrackElement" SET "region" = 930 WHERE "id" = 1397;
INSERT INTO "monitoredBy" VALUES (1397, 1394);
INSERT INTO "TrackElement" ("id") VALUES (1398);
INSERT INTO "Segment" ("id", "length") VALUES (1398, 148);
UPDATE "TrackElement" SET "region" = 930 WHERE "id" = 1398;
INSERT INTO "monitoredBy" VALUES (1398, 1394);
INSERT INTO "TrackElement" ("id") VALUES (1399);
INSERT INTO "Segment" ("id", "length") VALUES (1399, 285);
UPDATE "TrackElement" SET "region" = 930 WHERE "id" = 1399;
INSERT INTO "monitoredBy" VALUES (1399, 1394);
INSERT INTO "Sensor" ("id") VALUES (1400);
UPDATE "Sensor" SET "region" = 930 WHERE "id" = 1400;
INSERT INTO "monitoredBy" VALUES (1356, 1400);
UPDATE "Sensor" SET "route" = 929 WHERE "id" = 1400;
INSERT INTO "TrackElement" ("id") VALUES (1401);
INSERT INTO "Segment" ("id", "length") VALUES (1401, 373);
UPDATE "TrackElement" SET "region" = 930 WHERE "id" = 1401;
INSERT INTO "monitoredBy" VALUES (1401, 1400);
INSERT INTO "TrackElement" ("id") VALUES (1402);
INSERT INTO "Segment" ("id", "length") VALUES (1402, 424);
UPDATE "TrackElement" SET "region" = 930 WHERE "id" = 1402;
INSERT INTO "monitoredBy" VALUES (1402, 1400);
INSERT INTO "TrackElement" ("id") VALUES (1403);
INSERT INTO "Segment" ("id", "length") VALUES (1403, 315);
UPDATE "TrackElement" SET "region" = 930 WHERE "id" = 1403;
INSERT INTO "monitoredBy" VALUES (1403, 1400);
INSERT INTO "TrackElement" ("id") VALUES (1404);
INSERT INTO "Segment" ("id", "length") VALUES (1404, 131);
UPDATE "TrackElement" SET "region" = 930 WHERE "id" = 1404;
INSERT INTO "monitoredBy" VALUES (1404, 1400);
INSERT INTO "TrackElement" ("id") VALUES (1405);
INSERT INTO "Segment" ("id", "length") VALUES (1405, 654);
UPDATE "TrackElement" SET "region" = 930 WHERE "id" = 1405;
INSERT INTO "monitoredBy" VALUES (1405, 1400);
INSERT INTO "Sensor" ("id") VALUES (1406);
UPDATE "Sensor" SET "region" = 930 WHERE "id" = 1406;
INSERT INTO "monitoredBy" VALUES (1356, 1406);
UPDATE "Sensor" SET "route" = 929 WHERE "id" = 1406;
INSERT INTO "TrackElement" ("id") VALUES (1407);
INSERT INTO "Segment" ("id", "length") VALUES (1407, 791);
UPDATE "TrackElement" SET "region" = 930 WHERE "id" = 1407;
INSERT INTO "monitoredBy" VALUES (1407, 1406);
INSERT INTO "TrackElement" ("id") VALUES (1408);
INSERT INTO "Segment" ("id", "length") VALUES (1408, 459);
UPDATE "TrackElement" SET "region" = 930 WHERE "id" = 1408;
INSERT INTO "monitoredBy" VALUES (1408, 1406);
INSERT INTO "TrackElement" ("id") VALUES (1409);
INSERT INTO "Segment" ("id", "length") VALUES (1409, 166);
UPDATE "TrackElement" SET "region" = 930 WHERE "id" = 1409;
INSERT INTO "monitoredBy" VALUES (1409, 1406);
INSERT INTO "TrackElement" ("id") VALUES (1410);
INSERT INTO "Segment" ("id", "length") VALUES (1410, 772);
UPDATE "TrackElement" SET "region" = 930 WHERE "id" = 1410;
INSERT INTO "monitoredBy" VALUES (1410, 1406);
INSERT INTO "TrackElement" ("id") VALUES (1411);
INSERT INTO "Segment" ("id", "length") VALUES (1411, 411);
UPDATE "TrackElement" SET "region" = 930 WHERE "id" = 1411;
INSERT INTO "monitoredBy" VALUES (1411, 1406);
UPDATE "Switch" SET "currentPosition" = 1 WHERE "id" = 1356;
INSERT INTO "SwitchPosition" ("id", "position", "target") VALUES (1412, 1, 1356);
UPDATE "SwitchPosition" SET "route" = 929 WHERE "id" = 1412;
INSERT INTO "TrackElement" ("id") VALUES (1413);
INSERT INTO "Switch" ("id") VALUES (1413);
UPDATE "TrackElement" SET "region" = 930 WHERE "id" = 1413;
INSERT INTO "Sensor" ("id") VALUES (1414);
UPDATE "Sensor" SET "region" = 930 WHERE "id" = 1414;
INSERT INTO "monitoredBy" VALUES (1413, 1414);
UPDATE "Sensor" SET "route" = 929 WHERE "id" = 1414;
INSERT INTO "TrackElement" ("id") VALUES (1415);
INSERT INTO "Segment" ("id", "length") VALUES (1415, 650);
UPDATE "TrackElement" SET "region" = 930 WHERE "id" = 1415;
INSERT INTO "monitoredBy" VALUES (1415, 1414);
INSERT INTO "TrackElement" ("id") VALUES (1416);
INSERT INTO "Segment" ("id", "length") VALUES (1416, 50);
UPDATE "TrackElement" SET "region" = 930 WHERE "id" = 1416;
INSERT INTO "monitoredBy" VALUES (1416, 1414);
INSERT INTO "TrackElement" ("id") VALUES (1417);
INSERT INTO "Segment" ("id", "length") VALUES (1417, 954);
UPDATE "TrackElement" SET "region" = 930 WHERE "id" = 1417;
INSERT INTO "monitoredBy" VALUES (1417, 1414);
INSERT INTO "TrackElement" ("id") VALUES (1418);
INSERT INTO "Segment" ("id", "length") VALUES (1418, 353);
UPDATE "TrackElement" SET "region" = 930 WHERE "id" = 1418;
INSERT INTO "monitoredBy" VALUES (1418, 1414);
INSERT INTO "TrackElement" ("id") VALUES (1419);
INSERT INTO "Segment" ("id", "length") VALUES (1419, 231);
UPDATE "TrackElement" SET "region" = 930 WHERE "id" = 1419;
INSERT INTO "monitoredBy" VALUES (1419, 1414);
INSERT INTO "Sensor" ("id") VALUES (1420);
UPDATE "Sensor" SET "region" = 930 WHERE "id" = 1420;
INSERT INTO "monitoredBy" VALUES (1413, 1420);
UPDATE "Sensor" SET "route" = 929 WHERE "id" = 1420;
INSERT INTO "TrackElement" ("id") VALUES (1421);
INSERT INTO "Segment" ("id", "length") VALUES (1421, 65);
UPDATE "TrackElement" SET "region" = 930 WHERE "id" = 1421;
INSERT INTO "monitoredBy" VALUES (1421, 1420);
INSERT INTO "TrackElement" ("id") VALUES (1422);
INSERT INTO "Segment" ("id", "length") VALUES (1422, 708);
UPDATE "TrackElement" SET "region" = 930 WHERE "id" = 1422;
INSERT INTO "monitoredBy" VALUES (1422, 1420);
INSERT INTO "TrackElement" ("id") VALUES (1423);
INSERT INTO "Segment" ("id", "length") VALUES (1423, 731);
UPDATE "TrackElement" SET "region" = 930 WHERE "id" = 1423;
INSERT INTO "monitoredBy" VALUES (1423, 1420);
INSERT INTO "TrackElement" ("id") VALUES (1424);
INSERT INTO "Segment" ("id", "length") VALUES (1424, 563);
UPDATE "TrackElement" SET "region" = 930 WHERE "id" = 1424;
INSERT INTO "monitoredBy" VALUES (1424, 1420);
INSERT INTO "TrackElement" ("id") VALUES (1425);
INSERT INTO "Segment" ("id", "length") VALUES (1425, 53);
UPDATE "TrackElement" SET "region" = 930 WHERE "id" = 1425;
INSERT INTO "monitoredBy" VALUES (1425, 1420);
INSERT INTO "Sensor" ("id") VALUES (1426);
UPDATE "Sensor" SET "region" = 930 WHERE "id" = 1426;
INSERT INTO "monitoredBy" VALUES (1413, 1426);
UPDATE "Sensor" SET "route" = 929 WHERE "id" = 1426;
INSERT INTO "TrackElement" ("id") VALUES (1427);
INSERT INTO "Segment" ("id", "length") VALUES (1427, 823);
UPDATE "TrackElement" SET "region" = 930 WHERE "id" = 1427;
INSERT INTO "monitoredBy" VALUES (1427, 1426);
INSERT INTO "TrackElement" ("id") VALUES (1428);
INSERT INTO "Segment" ("id", "length") VALUES (1428, 9);
UPDATE "TrackElement" SET "region" = 930 WHERE "id" = 1428;
INSERT INTO "monitoredBy" VALUES (1428, 1426);
INSERT INTO "TrackElement" ("id") VALUES (1429);
INSERT INTO "Segment" ("id", "length") VALUES (1429, 368);
UPDATE "TrackElement" SET "region" = 930 WHERE "id" = 1429;
INSERT INTO "monitoredBy" VALUES (1429, 1426);
INSERT INTO "TrackElement" ("id") VALUES (1430);
INSERT INTO "Segment" ("id", "length") VALUES (1430, 922);
UPDATE "TrackElement" SET "region" = 930 WHERE "id" = 1430;
INSERT INTO "monitoredBy" VALUES (1430, 1426);
INSERT INTO "TrackElement" ("id") VALUES (1431);
INSERT INTO "Segment" ("id", "length") VALUES (1431, 726);
UPDATE "TrackElement" SET "region" = 930 WHERE "id" = 1431;
INSERT INTO "monitoredBy" VALUES (1431, 1426);
INSERT INTO "Sensor" ("id") VALUES (1432);
UPDATE "Sensor" SET "region" = 930 WHERE "id" = 1432;
INSERT INTO "monitoredBy" VALUES (1413, 1432);
UPDATE "Sensor" SET "route" = 929 WHERE "id" = 1432;
INSERT INTO "TrackElement" ("id") VALUES (1433);
INSERT INTO "Segment" ("id", "length") VALUES (1433, 131);
UPDATE "TrackElement" SET "region" = 930 WHERE "id" = 1433;
INSERT INTO "monitoredBy" VALUES (1433, 1432);
INSERT INTO "TrackElement" ("id") VALUES (1434);
INSERT INTO "Segment" ("id", "length") VALUES (1434, 9);
UPDATE "TrackElement" SET "region" = 930 WHERE "id" = 1434;
INSERT INTO "monitoredBy" VALUES (1434, 1432);
INSERT INTO "TrackElement" ("id") VALUES (1435);
INSERT INTO "Segment" ("id", "length") VALUES (1435, 211);
UPDATE "TrackElement" SET "region" = 930 WHERE "id" = 1435;
INSERT INTO "monitoredBy" VALUES (1435, 1432);
INSERT INTO "TrackElement" ("id") VALUES (1436);
INSERT INTO "Segment" ("id", "length") VALUES (1436, 348);
UPDATE "TrackElement" SET "region" = 930 WHERE "id" = 1436;
INSERT INTO "monitoredBy" VALUES (1436, 1432);
INSERT INTO "TrackElement" ("id") VALUES (1437);
INSERT INTO "Segment" ("id", "length") VALUES (1437, 313);
UPDATE "TrackElement" SET "region" = 930 WHERE "id" = 1437;
INSERT INTO "monitoredBy" VALUES (1437, 1432);
INSERT INTO "Sensor" ("id") VALUES (1438);
UPDATE "Sensor" SET "region" = 930 WHERE "id" = 1438;
INSERT INTO "monitoredBy" VALUES (1413, 1438);
UPDATE "Sensor" SET "route" = 929 WHERE "id" = 1438;
INSERT INTO "TrackElement" ("id") VALUES (1439);
INSERT INTO "Segment" ("id", "length") VALUES (1439, 425);
UPDATE "TrackElement" SET "region" = 930 WHERE "id" = 1439;
INSERT INTO "monitoredBy" VALUES (1439, 1438);
INSERT INTO "TrackElement" ("id") VALUES (1440);
INSERT INTO "Segment" ("id", "length") VALUES (1440, 332);
UPDATE "TrackElement" SET "region" = 930 WHERE "id" = 1440;
INSERT INTO "monitoredBy" VALUES (1440, 1438);
INSERT INTO "TrackElement" ("id") VALUES (1441);
INSERT INTO "Segment" ("id", "length") VALUES (1441, 547);
UPDATE "TrackElement" SET "region" = 930 WHERE "id" = 1441;
INSERT INTO "monitoredBy" VALUES (1441, 1438);
INSERT INTO "TrackElement" ("id") VALUES (1442);
INSERT INTO "Segment" ("id", "length") VALUES (1442, 262);
UPDATE "TrackElement" SET "region" = 930 WHERE "id" = 1442;
INSERT INTO "monitoredBy" VALUES (1442, 1438);
INSERT INTO "TrackElement" ("id") VALUES (1443);
INSERT INTO "Segment" ("id", "length") VALUES (1443, 908);
UPDATE "TrackElement" SET "region" = 930 WHERE "id" = 1443;
INSERT INTO "monitoredBy" VALUES (1443, 1438);
INSERT INTO "Sensor" ("id") VALUES (1444);
UPDATE "Sensor" SET "region" = 930 WHERE "id" = 1444;
INSERT INTO "monitoredBy" VALUES (1413, 1444);
UPDATE "Sensor" SET "route" = 929 WHERE "id" = 1444;
INSERT INTO "TrackElement" ("id") VALUES (1445);
INSERT INTO "Segment" ("id", "length") VALUES (1445, -954);
UPDATE "TrackElement" SET "region" = 930 WHERE "id" = 1445;
INSERT INTO "monitoredBy" VALUES (1445, 1444);
INSERT INTO "TrackElement" ("id") VALUES (1446);
INSERT INTO "Segment" ("id", "length") VALUES (1446, 725);
UPDATE "TrackElement" SET "region" = 930 WHERE "id" = 1446;
INSERT INTO "monitoredBy" VALUES (1446, 1444);
INSERT INTO "TrackElement" ("id") VALUES (1447);
INSERT INTO "Segment" ("id", "length") VALUES (1447, 718);
UPDATE "TrackElement" SET "region" = 930 WHERE "id" = 1447;
INSERT INTO "monitoredBy" VALUES (1447, 1444);
INSERT INTO "TrackElement" ("id") VALUES (1448);
INSERT INTO "Segment" ("id", "length") VALUES (1448, 647);
UPDATE "TrackElement" SET "region" = 930 WHERE "id" = 1448;
INSERT INTO "monitoredBy" VALUES (1448, 1444);
INSERT INTO "TrackElement" ("id") VALUES (1449);
INSERT INTO "Segment" ("id", "length") VALUES (1449, 393);
UPDATE "TrackElement" SET "region" = 930 WHERE "id" = 1449;
INSERT INTO "monitoredBy" VALUES (1449, 1444);
INSERT INTO "Sensor" ("id") VALUES (1450);
UPDATE "Sensor" SET "region" = 930 WHERE "id" = 1450;
INSERT INTO "monitoredBy" VALUES (1413, 1450);
UPDATE "Sensor" SET "route" = 929 WHERE "id" = 1450;
INSERT INTO "TrackElement" ("id") VALUES (1451);
INSERT INTO "Segment" ("id", "length") VALUES (1451, 175);
UPDATE "TrackElement" SET "region" = 930 WHERE "id" = 1451;
INSERT INTO "monitoredBy" VALUES (1451, 1450);
INSERT INTO "TrackElement" ("id") VALUES (1452);
INSERT INTO "Segment" ("id", "length") VALUES (1452, 978);
UPDATE "TrackElement" SET "region" = 930 WHERE "id" = 1452;
INSERT INTO "monitoredBy" VALUES (1452, 1450);
INSERT INTO "TrackElement" ("id") VALUES (1453);
INSERT INTO "Segment" ("id", "length") VALUES (1453, 810);
UPDATE "TrackElement" SET "region" = 930 WHERE "id" = 1453;
INSERT INTO "monitoredBy" VALUES (1453, 1450);
INSERT INTO "TrackElement" ("id") VALUES (1454);
INSERT INTO "Segment" ("id", "length") VALUES (1454, 336);
UPDATE "TrackElement" SET "region" = 930 WHERE "id" = 1454;
INSERT INTO "monitoredBy" VALUES (1454, 1450);
INSERT INTO "TrackElement" ("id") VALUES (1455);
INSERT INTO "Segment" ("id", "length") VALUES (1455, 716);
UPDATE "TrackElement" SET "region" = 930 WHERE "id" = 1455;
INSERT INTO "monitoredBy" VALUES (1455, 1450);
INSERT INTO "Sensor" ("id") VALUES (1456);
UPDATE "Sensor" SET "region" = 930 WHERE "id" = 1456;
INSERT INTO "monitoredBy" VALUES (1413, 1456);
UPDATE "Sensor" SET "route" = 929 WHERE "id" = 1456;
INSERT INTO "TrackElement" ("id") VALUES (1457);
INSERT INTO "Segment" ("id", "length") VALUES (1457, 287);
UPDATE "TrackElement" SET "region" = 930 WHERE "id" = 1457;
INSERT INTO "monitoredBy" VALUES (1457, 1456);
INSERT INTO "TrackElement" ("id") VALUES (1458);
INSERT INTO "Segment" ("id", "length") VALUES (1458, 417);
UPDATE "TrackElement" SET "region" = 930 WHERE "id" = 1458;
INSERT INTO "monitoredBy" VALUES (1458, 1456);
INSERT INTO "TrackElement" ("id") VALUES (1459);
INSERT INTO "Segment" ("id", "length") VALUES (1459, 945);
UPDATE "TrackElement" SET "region" = 930 WHERE "id" = 1459;
INSERT INTO "monitoredBy" VALUES (1459, 1456);
INSERT INTO "TrackElement" ("id") VALUES (1460);
INSERT INTO "Segment" ("id", "length") VALUES (1460, 169);
UPDATE "TrackElement" SET "region" = 930 WHERE "id" = 1460;
INSERT INTO "monitoredBy" VALUES (1460, 1456);
INSERT INTO "TrackElement" ("id") VALUES (1461);
INSERT INTO "Segment" ("id", "length") VALUES (1461, 634);
UPDATE "TrackElement" SET "region" = 930 WHERE "id" = 1461;
INSERT INTO "monitoredBy" VALUES (1461, 1456);
UPDATE "Switch" SET "currentPosition" = 0 WHERE "id" = 1413;
INSERT INTO "SwitchPosition" ("id", "position", "target") VALUES (1462, 0, 1413);
UPDATE "SwitchPosition" SET "route" = 929 WHERE "id" = 1462;
INSERT INTO "TrackElement" ("id") VALUES (1463);
INSERT INTO "Switch" ("id") VALUES (1463);
UPDATE "TrackElement" SET "region" = 930 WHERE "id" = 1463;
INSERT INTO "Sensor" ("id") VALUES (1464);
UPDATE "Sensor" SET "region" = 930 WHERE "id" = 1464;
INSERT INTO "monitoredBy" VALUES (1463, 1464);
UPDATE "Sensor" SET "route" = 929 WHERE "id" = 1464;
INSERT INTO "TrackElement" ("id") VALUES (1465);
INSERT INTO "Segment" ("id", "length") VALUES (1465, -977);
UPDATE "TrackElement" SET "region" = 930 WHERE "id" = 1465;
INSERT INTO "monitoredBy" VALUES (1465, 1464);
INSERT INTO "TrackElement" ("id") VALUES (1466);
INSERT INTO "Segment" ("id", "length") VALUES (1466, 636);
UPDATE "TrackElement" SET "region" = 930 WHERE "id" = 1466;
INSERT INTO "monitoredBy" VALUES (1466, 1464);
INSERT INTO "TrackElement" ("id") VALUES (1467);
INSERT INTO "Segment" ("id", "length") VALUES (1467, 218);
UPDATE "TrackElement" SET "region" = 930 WHERE "id" = 1467;
INSERT INTO "monitoredBy" VALUES (1467, 1464);
INSERT INTO "TrackElement" ("id") VALUES (1468);
INSERT INTO "Segment" ("id", "length") VALUES (1468, 762);
UPDATE "TrackElement" SET "region" = 930 WHERE "id" = 1468;
INSERT INTO "monitoredBy" VALUES (1468, 1464);
INSERT INTO "TrackElement" ("id") VALUES (1469);
INSERT INTO "Segment" ("id", "length") VALUES (1469, 366);
UPDATE "TrackElement" SET "region" = 930 WHERE "id" = 1469;
INSERT INTO "monitoredBy" VALUES (1469, 1464);
INSERT INTO "Sensor" ("id") VALUES (1470);
UPDATE "Sensor" SET "region" = 930 WHERE "id" = 1470;
INSERT INTO "monitoredBy" VALUES (1463, 1470);
UPDATE "Sensor" SET "route" = 929 WHERE "id" = 1470;
INSERT INTO "TrackElement" ("id") VALUES (1471);
INSERT INTO "Segment" ("id", "length") VALUES (1471, 355);
UPDATE "TrackElement" SET "region" = 930 WHERE "id" = 1471;
INSERT INTO "monitoredBy" VALUES (1471, 1470);
INSERT INTO "TrackElement" ("id") VALUES (1472);
INSERT INTO "Segment" ("id", "length") VALUES (1472, 814);
UPDATE "TrackElement" SET "region" = 930 WHERE "id" = 1472;
INSERT INTO "monitoredBy" VALUES (1472, 1470);
INSERT INTO "TrackElement" ("id") VALUES (1473);
INSERT INTO "Segment" ("id", "length") VALUES (1473, 814);
UPDATE "TrackElement" SET "region" = 930 WHERE "id" = 1473;
INSERT INTO "monitoredBy" VALUES (1473, 1470);
INSERT INTO "TrackElement" ("id") VALUES (1474);
INSERT INTO "Segment" ("id", "length") VALUES (1474, -688);
UPDATE "TrackElement" SET "region" = 930 WHERE "id" = 1474;
INSERT INTO "monitoredBy" VALUES (1474, 1470);
INSERT INTO "TrackElement" ("id") VALUES (1475);
INSERT INTO "Segment" ("id", "length") VALUES (1475, 990);
UPDATE "TrackElement" SET "region" = 930 WHERE "id" = 1475;
INSERT INTO "monitoredBy" VALUES (1475, 1470);
INSERT INTO "Sensor" ("id") VALUES (1476);
UPDATE "Sensor" SET "region" = 930 WHERE "id" = 1476;
INSERT INTO "monitoredBy" VALUES (1463, 1476);
UPDATE "Sensor" SET "route" = 929 WHERE "id" = 1476;
INSERT INTO "TrackElement" ("id") VALUES (1477);
INSERT INTO "Segment" ("id", "length") VALUES (1477, 225);
UPDATE "TrackElement" SET "region" = 930 WHERE "id" = 1477;
INSERT INTO "monitoredBy" VALUES (1477, 1476);
INSERT INTO "TrackElement" ("id") VALUES (1478);
INSERT INTO "Segment" ("id", "length") VALUES (1478, 459);
UPDATE "TrackElement" SET "region" = 930 WHERE "id" = 1478;
INSERT INTO "monitoredBy" VALUES (1478, 1476);
INSERT INTO "TrackElement" ("id") VALUES (1479);
INSERT INTO "Segment" ("id", "length") VALUES (1479, 392);
UPDATE "TrackElement" SET "region" = 930 WHERE "id" = 1479;
INSERT INTO "monitoredBy" VALUES (1479, 1476);
INSERT INTO "TrackElement" ("id") VALUES (1480);
INSERT INTO "Segment" ("id", "length") VALUES (1480, 396);
UPDATE "TrackElement" SET "region" = 930 WHERE "id" = 1480;
INSERT INTO "monitoredBy" VALUES (1480, 1476);
INSERT INTO "TrackElement" ("id") VALUES (1481);
INSERT INTO "Segment" ("id", "length") VALUES (1481, 257);
UPDATE "TrackElement" SET "region" = 930 WHERE "id" = 1481;
INSERT INTO "monitoredBy" VALUES (1481, 1476);
INSERT INTO "Sensor" ("id") VALUES (1482);
UPDATE "Sensor" SET "region" = 930 WHERE "id" = 1482;
INSERT INTO "monitoredBy" VALUES (1463, 1482);
UPDATE "Sensor" SET "route" = 929 WHERE "id" = 1482;
INSERT INTO "TrackElement" ("id") VALUES (1483);
INSERT INTO "Segment" ("id", "length") VALUES (1483, 384);
UPDATE "TrackElement" SET "region" = 930 WHERE "id" = 1483;
INSERT INTO "monitoredBy" VALUES (1483, 1482);
INSERT INTO "TrackElement" ("id") VALUES (1484);
INSERT INTO "Segment" ("id", "length") VALUES (1484, 923);
UPDATE "TrackElement" SET "region" = 930 WHERE "id" = 1484;
INSERT INTO "monitoredBy" VALUES (1484, 1482);
INSERT INTO "TrackElement" ("id") VALUES (1485);
INSERT INTO "Segment" ("id", "length") VALUES (1485, 323);
UPDATE "TrackElement" SET "region" = 930 WHERE "id" = 1485;
INSERT INTO "monitoredBy" VALUES (1485, 1482);
INSERT INTO "TrackElement" ("id") VALUES (1486);
INSERT INTO "Segment" ("id", "length") VALUES (1486, -992);
UPDATE "TrackElement" SET "region" = 930 WHERE "id" = 1486;
INSERT INTO "monitoredBy" VALUES (1486, 1482);
INSERT INTO "TrackElement" ("id") VALUES (1487);
INSERT INTO "Segment" ("id", "length") VALUES (1487, 48);
UPDATE "TrackElement" SET "region" = 930 WHERE "id" = 1487;
INSERT INTO "monitoredBy" VALUES (1487, 1482);
UPDATE "Switch" SET "currentPosition" = 2 WHERE "id" = 1463;
INSERT INTO "SwitchPosition" ("id", "position", "target") VALUES (1488, 2, 1463);
UPDATE "SwitchPosition" SET "route" = 929 WHERE "id" = 1488;
INSERT INTO "TrackElement" ("id") VALUES (1489);
INSERT INTO "Switch" ("id") VALUES (1489);
UPDATE "TrackElement" SET "region" = 930 WHERE "id" = 1489;
INSERT INTO "Sensor" ("id") VALUES (1490);
UPDATE "Sensor" SET "region" = 930 WHERE "id" = 1490;
INSERT INTO "monitoredBy" VALUES (1489, 1490);
UPDATE "Sensor" SET "route" = 929 WHERE "id" = 1490;
INSERT INTO "TrackElement" ("id") VALUES (1491);
INSERT INTO "Segment" ("id", "length") VALUES (1491, 292);
UPDATE "TrackElement" SET "region" = 930 WHERE "id" = 1491;
INSERT INTO "monitoredBy" VALUES (1491, 1490);
INSERT INTO "TrackElement" ("id") VALUES (1492);
INSERT INTO "Segment" ("id", "length") VALUES (1492, -591);
UPDATE "TrackElement" SET "region" = 930 WHERE "id" = 1492;
INSERT INTO "monitoredBy" VALUES (1492, 1490);
INSERT INTO "TrackElement" ("id") VALUES (1493);
INSERT INTO "Segment" ("id", "length") VALUES (1493, 850);
UPDATE "TrackElement" SET "region" = 930 WHERE "id" = 1493;
INSERT INTO "monitoredBy" VALUES (1493, 1490);
INSERT INTO "TrackElement" ("id") VALUES (1494);
INSERT INTO "Segment" ("id", "length") VALUES (1494, 880);
UPDATE "TrackElement" SET "region" = 930 WHERE "id" = 1494;
INSERT INTO "monitoredBy" VALUES (1494, 1490);
INSERT INTO "TrackElement" ("id") VALUES (1495);
INSERT INTO "Segment" ("id", "length") VALUES (1495, 718);
UPDATE "TrackElement" SET "region" = 930 WHERE "id" = 1495;
INSERT INTO "monitoredBy" VALUES (1495, 1490);
INSERT INTO "Sensor" ("id") VALUES (1496);
UPDATE "Sensor" SET "region" = 930 WHERE "id" = 1496;
INSERT INTO "monitoredBy" VALUES (1489, 1496);
UPDATE "Sensor" SET "route" = 929 WHERE "id" = 1496;
INSERT INTO "TrackElement" ("id") VALUES (1497);
INSERT INTO "Segment" ("id", "length") VALUES (1497, 151);
UPDATE "TrackElement" SET "region" = 930 WHERE "id" = 1497;
INSERT INTO "monitoredBy" VALUES (1497, 1496);
INSERT INTO "TrackElement" ("id") VALUES (1498);
INSERT INTO "Segment" ("id", "length") VALUES (1498, 884);
UPDATE "TrackElement" SET "region" = 930 WHERE "id" = 1498;
INSERT INTO "monitoredBy" VALUES (1498, 1496);
INSERT INTO "TrackElement" ("id") VALUES (1499);
INSERT INTO "Segment" ("id", "length") VALUES (1499, 67);
UPDATE "TrackElement" SET "region" = 930 WHERE "id" = 1499;
INSERT INTO "monitoredBy" VALUES (1499, 1496);
INSERT INTO "TrackElement" ("id") VALUES (1500);
INSERT INTO "Segment" ("id", "length") VALUES (1500, 26);
UPDATE "TrackElement" SET "region" = 930 WHERE "id" = 1500;
INSERT INTO "monitoredBy" VALUES (1500, 1496);
INSERT INTO "TrackElement" ("id") VALUES (1501);
INSERT INTO "Segment" ("id", "length") VALUES (1501, 236);
UPDATE "TrackElement" SET "region" = 930 WHERE "id" = 1501;
INSERT INTO "monitoredBy" VALUES (1501, 1496);
INSERT INTO "Sensor" ("id") VALUES (1502);
UPDATE "Sensor" SET "region" = 930 WHERE "id" = 1502;
INSERT INTO "monitoredBy" VALUES (1489, 1502);
UPDATE "Sensor" SET "route" = 929 WHERE "id" = 1502;
INSERT INTO "TrackElement" ("id") VALUES (1503);
INSERT INTO "Segment" ("id", "length") VALUES (1503, 186);
UPDATE "TrackElement" SET "region" = 930 WHERE "id" = 1503;
INSERT INTO "monitoredBy" VALUES (1503, 1502);
INSERT INTO "TrackElement" ("id") VALUES (1504);
INSERT INTO "Segment" ("id", "length") VALUES (1504, 952);
UPDATE "TrackElement" SET "region" = 930 WHERE "id" = 1504;
INSERT INTO "monitoredBy" VALUES (1504, 1502);
INSERT INTO "TrackElement" ("id") VALUES (1505);
INSERT INTO "Segment" ("id", "length") VALUES (1505, 293);
UPDATE "TrackElement" SET "region" = 930 WHERE "id" = 1505;
INSERT INTO "monitoredBy" VALUES (1505, 1502);
INSERT INTO "TrackElement" ("id") VALUES (1506);
INSERT INTO "Segment" ("id", "length") VALUES (1506, 826);
UPDATE "TrackElement" SET "region" = 930 WHERE "id" = 1506;
INSERT INTO "monitoredBy" VALUES (1506, 1502);
INSERT INTO "TrackElement" ("id") VALUES (1507);
INSERT INTO "Segment" ("id", "length") VALUES (1507, 233);
UPDATE "TrackElement" SET "region" = 930 WHERE "id" = 1507;
INSERT INTO "monitoredBy" VALUES (1507, 1502);
INSERT INTO "Sensor" ("id") VALUES (1508);
UPDATE "Sensor" SET "region" = 930 WHERE "id" = 1508;
INSERT INTO "monitoredBy" VALUES (1489, 1508);
UPDATE "Sensor" SET "route" = 929 WHERE "id" = 1508;
INSERT INTO "TrackElement" ("id") VALUES (1509);
INSERT INTO "Segment" ("id", "length") VALUES (1509, 208);
UPDATE "TrackElement" SET "region" = 930 WHERE "id" = 1509;
INSERT INTO "monitoredBy" VALUES (1509, 1508);
INSERT INTO "TrackElement" ("id") VALUES (1510);
INSERT INTO "Segment" ("id", "length") VALUES (1510, 470);
UPDATE "TrackElement" SET "region" = 930 WHERE "id" = 1510;
INSERT INTO "monitoredBy" VALUES (1510, 1508);
INSERT INTO "TrackElement" ("id") VALUES (1511);
INSERT INTO "Segment" ("id", "length") VALUES (1511, 577);
UPDATE "TrackElement" SET "region" = 930 WHERE "id" = 1511;
INSERT INTO "monitoredBy" VALUES (1511, 1508);
INSERT INTO "TrackElement" ("id") VALUES (1512);
INSERT INTO "Segment" ("id", "length") VALUES (1512, 313);
UPDATE "TrackElement" SET "region" = 930 WHERE "id" = 1512;
INSERT INTO "monitoredBy" VALUES (1512, 1508);
INSERT INTO "TrackElement" ("id") VALUES (1513);
INSERT INTO "Segment" ("id", "length") VALUES (1513, 754);
UPDATE "TrackElement" SET "region" = 930 WHERE "id" = 1513;
INSERT INTO "monitoredBy" VALUES (1513, 1508);
INSERT INTO "Sensor" ("id") VALUES (1514);
UPDATE "Sensor" SET "region" = 930 WHERE "id" = 1514;
INSERT INTO "monitoredBy" VALUES (1489, 1514);
UPDATE "Sensor" SET "route" = 929 WHERE "id" = 1514;
INSERT INTO "TrackElement" ("id") VALUES (1515);
INSERT INTO "Segment" ("id", "length") VALUES (1515, 371);
UPDATE "TrackElement" SET "region" = 930 WHERE "id" = 1515;
INSERT INTO "monitoredBy" VALUES (1515, 1514);
INSERT INTO "TrackElement" ("id") VALUES (1516);
INSERT INTO "Segment" ("id", "length") VALUES (1516, 693);
UPDATE "TrackElement" SET "region" = 930 WHERE "id" = 1516;
INSERT INTO "monitoredBy" VALUES (1516, 1514);
INSERT INTO "TrackElement" ("id") VALUES (1517);
INSERT INTO "Segment" ("id", "length") VALUES (1517, 482);
UPDATE "TrackElement" SET "region" = 930 WHERE "id" = 1517;
INSERT INTO "monitoredBy" VALUES (1517, 1514);
INSERT INTO "TrackElement" ("id") VALUES (1518);
INSERT INTO "Segment" ("id", "length") VALUES (1518, 854);
UPDATE "TrackElement" SET "region" = 930 WHERE "id" = 1518;
INSERT INTO "monitoredBy" VALUES (1518, 1514);
INSERT INTO "TrackElement" ("id") VALUES (1519);
INSERT INTO "Segment" ("id", "length") VALUES (1519, 405);
UPDATE "TrackElement" SET "region" = 930 WHERE "id" = 1519;
INSERT INTO "monitoredBy" VALUES (1519, 1514);
INSERT INTO "Sensor" ("id") VALUES (1520);
UPDATE "Sensor" SET "region" = 930 WHERE "id" = 1520;
INSERT INTO "TrackElement" ("id") VALUES (1521);
INSERT INTO "Segment" ("id", "length") VALUES (1521, 855);
UPDATE "TrackElement" SET "region" = 930 WHERE "id" = 1521;
INSERT INTO "monitoredBy" VALUES (1521, 1520);
INSERT INTO "TrackElement" ("id") VALUES (1522);
INSERT INTO "Segment" ("id", "length") VALUES (1522, 369);
UPDATE "TrackElement" SET "region" = 930 WHERE "id" = 1522;
INSERT INTO "monitoredBy" VALUES (1522, 1520);
INSERT INTO "TrackElement" ("id") VALUES (1523);
INSERT INTO "Segment" ("id", "length") VALUES (1523, 777);
UPDATE "TrackElement" SET "region" = 930 WHERE "id" = 1523;
INSERT INTO "monitoredBy" VALUES (1523, 1520);
INSERT INTO "TrackElement" ("id") VALUES (1524);
INSERT INTO "Segment" ("id", "length") VALUES (1524, 703);
UPDATE "TrackElement" SET "region" = 930 WHERE "id" = 1524;
INSERT INTO "monitoredBy" VALUES (1524, 1520);
INSERT INTO "TrackElement" ("id") VALUES (1525);
INSERT INTO "Segment" ("id", "length") VALUES (1525, 894);
UPDATE "TrackElement" SET "region" = 930 WHERE "id" = 1525;
INSERT INTO "monitoredBy" VALUES (1525, 1520);
INSERT INTO "Sensor" ("id") VALUES (1526);
UPDATE "Sensor" SET "region" = 930 WHERE "id" = 1526;
INSERT INTO "monitoredBy" VALUES (1489, 1526);
UPDATE "Sensor" SET "route" = 929 WHERE "id" = 1526;
INSERT INTO "TrackElement" ("id") VALUES (1527);
INSERT INTO "Segment" ("id", "length") VALUES (1527, 56);
UPDATE "TrackElement" SET "region" = 930 WHERE "id" = 1527;
INSERT INTO "monitoredBy" VALUES (1527, 1526);
INSERT INTO "TrackElement" ("id") VALUES (1528);
INSERT INTO "Segment" ("id", "length") VALUES (1528, 562);
UPDATE "TrackElement" SET "region" = 930 WHERE "id" = 1528;
INSERT INTO "monitoredBy" VALUES (1528, 1526);
INSERT INTO "TrackElement" ("id") VALUES (1529);
INSERT INTO "Segment" ("id", "length") VALUES (1529, 262);
UPDATE "TrackElement" SET "region" = 930 WHERE "id" = 1529;
INSERT INTO "monitoredBy" VALUES (1529, 1526);
INSERT INTO "TrackElement" ("id") VALUES (1530);
INSERT INTO "Segment" ("id", "length") VALUES (1530, 111);
UPDATE "TrackElement" SET "region" = 930 WHERE "id" = 1530;
INSERT INTO "monitoredBy" VALUES (1530, 1526);
INSERT INTO "TrackElement" ("id") VALUES (1531);
INSERT INTO "Segment" ("id", "length") VALUES (1531, 312);
UPDATE "TrackElement" SET "region" = 930 WHERE "id" = 1531;
INSERT INTO "monitoredBy" VALUES (1531, 1526);
UPDATE "Switch" SET "currentPosition" = 2 WHERE "id" = 1489;
INSERT INTO "SwitchPosition" ("id", "position", "target") VALUES (1532, 2, 1489);
UPDATE "SwitchPosition" SET "route" = 929 WHERE "id" = 1532;
INSERT INTO "TrackElement" ("id") VALUES (1533);
INSERT INTO "Switch" ("id") VALUES (1533);
UPDATE "TrackElement" SET "region" = 930 WHERE "id" = 1533;
INSERT INTO "Sensor" ("id") VALUES (1534);
UPDATE "Sensor" SET "region" = 930 WHERE "id" = 1534;
INSERT INTO "monitoredBy" VALUES (1533, 1534);
UPDATE "Sensor" SET "route" = 929 WHERE "id" = 1534;
INSERT INTO "TrackElement" ("id") VALUES (1535);
INSERT INTO "Segment" ("id", "length") VALUES (1535, 367);
UPDATE "TrackElement" SET "region" = 930 WHERE "id" = 1535;
INSERT INTO "monitoredBy" VALUES (1535, 1534);
INSERT INTO "TrackElement" ("id") VALUES (1536);
INSERT INTO "Segment" ("id", "length") VALUES (1536, 698);
UPDATE "TrackElement" SET "region" = 930 WHERE "id" = 1536;
INSERT INTO "monitoredBy" VALUES (1536, 1534);
INSERT INTO "TrackElement" ("id") VALUES (1537);
INSERT INTO "Segment" ("id", "length") VALUES (1537, 86);
UPDATE "TrackElement" SET "region" = 930 WHERE "id" = 1537;
INSERT INTO "monitoredBy" VALUES (1537, 1534);
INSERT INTO "TrackElement" ("id") VALUES (1538);
INSERT INTO "Segment" ("id", "length") VALUES (1538, 457);
UPDATE "TrackElement" SET "region" = 930 WHERE "id" = 1538;
INSERT INTO "monitoredBy" VALUES (1538, 1534);
INSERT INTO "TrackElement" ("id") VALUES (1539);
INSERT INTO "Segment" ("id", "length") VALUES (1539, 930);
UPDATE "TrackElement" SET "region" = 930 WHERE "id" = 1539;
INSERT INTO "monitoredBy" VALUES (1539, 1534);
INSERT INTO "Sensor" ("id") VALUES (1540);
UPDATE "Sensor" SET "region" = 930 WHERE "id" = 1540;
INSERT INTO "monitoredBy" VALUES (1533, 1540);
UPDATE "Sensor" SET "route" = 929 WHERE "id" = 1540;
INSERT INTO "TrackElement" ("id") VALUES (1541);
INSERT INTO "Segment" ("id", "length") VALUES (1541, 689);
UPDATE "TrackElement" SET "region" = 930 WHERE "id" = 1541;
INSERT INTO "monitoredBy" VALUES (1541, 1540);
INSERT INTO "TrackElement" ("id") VALUES (1542);
INSERT INTO "Segment" ("id", "length") VALUES (1542, 353);
UPDATE "TrackElement" SET "region" = 930 WHERE "id" = 1542;
INSERT INTO "monitoredBy" VALUES (1542, 1540);
INSERT INTO "TrackElement" ("id") VALUES (1543);
INSERT INTO "Segment" ("id", "length") VALUES (1543, 716);
UPDATE "TrackElement" SET "region" = 930 WHERE "id" = 1543;
INSERT INTO "monitoredBy" VALUES (1543, 1540);
INSERT INTO "TrackElement" ("id") VALUES (1544);
INSERT INTO "Segment" ("id", "length") VALUES (1544, 188);
UPDATE "TrackElement" SET "region" = 930 WHERE "id" = 1544;
INSERT INTO "monitoredBy" VALUES (1544, 1540);
INSERT INTO "TrackElement" ("id") VALUES (1545);
INSERT INTO "Segment" ("id", "length") VALUES (1545, 369);
UPDATE "TrackElement" SET "region" = 930 WHERE "id" = 1545;
INSERT INTO "monitoredBy" VALUES (1545, 1540);
INSERT INTO "Sensor" ("id") VALUES (1546);
UPDATE "Sensor" SET "region" = 930 WHERE "id" = 1546;
INSERT INTO "monitoredBy" VALUES (1533, 1546);
UPDATE "Sensor" SET "route" = 929 WHERE "id" = 1546;
INSERT INTO "TrackElement" ("id") VALUES (1547);
INSERT INTO "Segment" ("id", "length") VALUES (1547, 41);
UPDATE "TrackElement" SET "region" = 930 WHERE "id" = 1547;
INSERT INTO "monitoredBy" VALUES (1547, 1546);
INSERT INTO "TrackElement" ("id") VALUES (1548);
INSERT INTO "Segment" ("id", "length") VALUES (1548, 907);
UPDATE "TrackElement" SET "region" = 930 WHERE "id" = 1548;
INSERT INTO "monitoredBy" VALUES (1548, 1546);
INSERT INTO "TrackElement" ("id") VALUES (1549);
INSERT INTO "Segment" ("id", "length") VALUES (1549, 742);
UPDATE "TrackElement" SET "region" = 930 WHERE "id" = 1549;
INSERT INTO "monitoredBy" VALUES (1549, 1546);
INSERT INTO "TrackElement" ("id") VALUES (1550);
INSERT INTO "Segment" ("id", "length") VALUES (1550, 835);
UPDATE "TrackElement" SET "region" = 930 WHERE "id" = 1550;
INSERT INTO "monitoredBy" VALUES (1550, 1546);
INSERT INTO "TrackElement" ("id") VALUES (1551);
INSERT INTO "Segment" ("id", "length") VALUES (1551, 657);
UPDATE "TrackElement" SET "region" = 930 WHERE "id" = 1551;
INSERT INTO "monitoredBy" VALUES (1551, 1546);
INSERT INTO "Sensor" ("id") VALUES (1552);
UPDATE "Sensor" SET "region" = 930 WHERE "id" = 1552;
INSERT INTO "monitoredBy" VALUES (1533, 1552);
UPDATE "Sensor" SET "route" = 929 WHERE "id" = 1552;
INSERT INTO "TrackElement" ("id") VALUES (1553);
INSERT INTO "Segment" ("id", "length") VALUES (1553, 177);
UPDATE "TrackElement" SET "region" = 930 WHERE "id" = 1553;
INSERT INTO "monitoredBy" VALUES (1553, 1552);
INSERT INTO "TrackElement" ("id") VALUES (1554);
INSERT INTO "Segment" ("id", "length") VALUES (1554, 573);
UPDATE "TrackElement" SET "region" = 930 WHERE "id" = 1554;
INSERT INTO "monitoredBy" VALUES (1554, 1552);
INSERT INTO "TrackElement" ("id") VALUES (1555);
INSERT INTO "Segment" ("id", "length") VALUES (1555, 723);
UPDATE "TrackElement" SET "region" = 930 WHERE "id" = 1555;
INSERT INTO "monitoredBy" VALUES (1555, 1552);
INSERT INTO "TrackElement" ("id") VALUES (1556);
INSERT INTO "Segment" ("id", "length") VALUES (1556, 900);
UPDATE "TrackElement" SET "region" = 930 WHERE "id" = 1556;
INSERT INTO "monitoredBy" VALUES (1556, 1552);
INSERT INTO "TrackElement" ("id") VALUES (1557);
INSERT INTO "Segment" ("id", "length") VALUES (1557, 705);
UPDATE "TrackElement" SET "region" = 930 WHERE "id" = 1557;
INSERT INTO "monitoredBy" VALUES (1557, 1552);
INSERT INTO "Sensor" ("id") VALUES (1558);
UPDATE "Sensor" SET "region" = 930 WHERE "id" = 1558;
INSERT INTO "monitoredBy" VALUES (1533, 1558);
UPDATE "Sensor" SET "route" = 929 WHERE "id" = 1558;
INSERT INTO "TrackElement" ("id") VALUES (1559);
INSERT INTO "Segment" ("id", "length") VALUES (1559, 935);
UPDATE "TrackElement" SET "region" = 930 WHERE "id" = 1559;
INSERT INTO "monitoredBy" VALUES (1559, 1558);
INSERT INTO "TrackElement" ("id") VALUES (1560);
INSERT INTO "Segment" ("id", "length") VALUES (1560, 627);
UPDATE "TrackElement" SET "region" = 930 WHERE "id" = 1560;
INSERT INTO "monitoredBy" VALUES (1560, 1558);
INSERT INTO "TrackElement" ("id") VALUES (1561);
INSERT INTO "Segment" ("id", "length") VALUES (1561, 700);
UPDATE "TrackElement" SET "region" = 930 WHERE "id" = 1561;
INSERT INTO "monitoredBy" VALUES (1561, 1558);
INSERT INTO "TrackElement" ("id") VALUES (1562);
INSERT INTO "Segment" ("id", "length") VALUES (1562, 963);
UPDATE "TrackElement" SET "region" = 930 WHERE "id" = 1562;
INSERT INTO "monitoredBy" VALUES (1562, 1558);
INSERT INTO "TrackElement" ("id") VALUES (1563);
INSERT INTO "Segment" ("id", "length") VALUES (1563, 331);
UPDATE "TrackElement" SET "region" = 930 WHERE "id" = 1563;
INSERT INTO "monitoredBy" VALUES (1563, 1558);
INSERT INTO "Sensor" ("id") VALUES (1564);
UPDATE "Sensor" SET "region" = 930 WHERE "id" = 1564;
INSERT INTO "monitoredBy" VALUES (1533, 1564);
UPDATE "Sensor" SET "route" = 929 WHERE "id" = 1564;
INSERT INTO "TrackElement" ("id") VALUES (1565);
INSERT INTO "Segment" ("id", "length") VALUES (1565, 764);
UPDATE "TrackElement" SET "region" = 930 WHERE "id" = 1565;
INSERT INTO "monitoredBy" VALUES (1565, 1564);
INSERT INTO "TrackElement" ("id") VALUES (1566);
INSERT INTO "Segment" ("id", "length") VALUES (1566, 969);
UPDATE "TrackElement" SET "region" = 930 WHERE "id" = 1566;
INSERT INTO "monitoredBy" VALUES (1566, 1564);
INSERT INTO "TrackElement" ("id") VALUES (1567);
INSERT INTO "Segment" ("id", "length") VALUES (1567, 572);
UPDATE "TrackElement" SET "region" = 930 WHERE "id" = 1567;
INSERT INTO "monitoredBy" VALUES (1567, 1564);
INSERT INTO "TrackElement" ("id") VALUES (1568);
INSERT INTO "Segment" ("id", "length") VALUES (1568, 971);
UPDATE "TrackElement" SET "region" = 930 WHERE "id" = 1568;
INSERT INTO "monitoredBy" VALUES (1568, 1564);
INSERT INTO "TrackElement" ("id") VALUES (1569);
INSERT INTO "Segment" ("id", "length") VALUES (1569, 989);
UPDATE "TrackElement" SET "region" = 930 WHERE "id" = 1569;
INSERT INTO "monitoredBy" VALUES (1569, 1564);
INSERT INTO "Sensor" ("id") VALUES (1570);
UPDATE "Sensor" SET "region" = 930 WHERE "id" = 1570;
INSERT INTO "monitoredBy" VALUES (1533, 1570);
UPDATE "Sensor" SET "route" = 929 WHERE "id" = 1570;
INSERT INTO "TrackElement" ("id") VALUES (1571);
INSERT INTO "Segment" ("id", "length") VALUES (1571, 914);
UPDATE "TrackElement" SET "region" = 930 WHERE "id" = 1571;
INSERT INTO "monitoredBy" VALUES (1571, 1570);
INSERT INTO "TrackElement" ("id") VALUES (1572);
INSERT INTO "Segment" ("id", "length") VALUES (1572, 817);
UPDATE "TrackElement" SET "region" = 930 WHERE "id" = 1572;
INSERT INTO "monitoredBy" VALUES (1572, 1570);
INSERT INTO "TrackElement" ("id") VALUES (1573);
INSERT INTO "Segment" ("id", "length") VALUES (1573, 480);
UPDATE "TrackElement" SET "region" = 930 WHERE "id" = 1573;
INSERT INTO "monitoredBy" VALUES (1573, 1570);
INSERT INTO "TrackElement" ("id") VALUES (1574);
INSERT INTO "Segment" ("id", "length") VALUES (1574, 484);
UPDATE "TrackElement" SET "region" = 930 WHERE "id" = 1574;
INSERT INTO "monitoredBy" VALUES (1574, 1570);
INSERT INTO "TrackElement" ("id") VALUES (1575);
INSERT INTO "Segment" ("id", "length") VALUES (1575, 761);
UPDATE "TrackElement" SET "region" = 930 WHERE "id" = 1575;
INSERT INTO "monitoredBy" VALUES (1575, 1570);
INSERT INTO "Sensor" ("id") VALUES (1576);
UPDATE "Sensor" SET "region" = 930 WHERE "id" = 1576;
INSERT INTO "monitoredBy" VALUES (1533, 1576);
INSERT INTO "TrackElement" ("id") VALUES (1577);
INSERT INTO "Segment" ("id", "length") VALUES (1577, 963);
UPDATE "TrackElement" SET "region" = 930 WHERE "id" = 1577;
INSERT INTO "monitoredBy" VALUES (1577, 1576);
INSERT INTO "TrackElement" ("id") VALUES (1578);
INSERT INTO "Segment" ("id", "length") VALUES (1578, 378);
UPDATE "TrackElement" SET "region" = 930 WHERE "id" = 1578;
INSERT INTO "monitoredBy" VALUES (1578, 1576);
INSERT INTO "TrackElement" ("id") VALUES (1579);
INSERT INTO "Segment" ("id", "length") VALUES (1579, 658);
UPDATE "TrackElement" SET "region" = 930 WHERE "id" = 1579;
INSERT INTO "monitoredBy" VALUES (1579, 1576);
INSERT INTO "TrackElement" ("id") VALUES (1580);
INSERT INTO "Segment" ("id", "length") VALUES (1580, 176);
UPDATE "TrackElement" SET "region" = 930 WHERE "id" = 1580;
INSERT INTO "monitoredBy" VALUES (1580, 1576);
INSERT INTO "TrackElement" ("id") VALUES (1581);
INSERT INTO "Segment" ("id", "length") VALUES (1581, 14);
UPDATE "TrackElement" SET "region" = 930 WHERE "id" = 1581;
INSERT INTO "monitoredBy" VALUES (1581, 1576);
INSERT INTO "Sensor" ("id") VALUES (1582);
UPDATE "Sensor" SET "region" = 930 WHERE "id" = 1582;
INSERT INTO "monitoredBy" VALUES (1533, 1582);
UPDATE "Sensor" SET "route" = 929 WHERE "id" = 1582;
INSERT INTO "TrackElement" ("id") VALUES (1583);
INSERT INTO "Segment" ("id", "length") VALUES (1583, 464);
UPDATE "TrackElement" SET "region" = 930 WHERE "id" = 1583;
INSERT INTO "monitoredBy" VALUES (1583, 1582);
INSERT INTO "TrackElement" ("id") VALUES (1584);
INSERT INTO "Segment" ("id", "length") VALUES (1584, 929);
UPDATE "TrackElement" SET "region" = 930 WHERE "id" = 1584;
INSERT INTO "monitoredBy" VALUES (1584, 1582);
INSERT INTO "TrackElement" ("id") VALUES (1585);
INSERT INTO "Segment" ("id", "length") VALUES (1585, 961);
UPDATE "TrackElement" SET "region" = 930 WHERE "id" = 1585;
INSERT INTO "monitoredBy" VALUES (1585, 1582);
INSERT INTO "TrackElement" ("id") VALUES (1586);
INSERT INTO "Segment" ("id", "length") VALUES (1586, 455);
UPDATE "TrackElement" SET "region" = 930 WHERE "id" = 1586;
INSERT INTO "monitoredBy" VALUES (1586, 1582);
INSERT INTO "TrackElement" ("id") VALUES (1587);
INSERT INTO "Segment" ("id", "length") VALUES (1587, 284);
UPDATE "TrackElement" SET "region" = 930 WHERE "id" = 1587;
INSERT INTO "monitoredBy" VALUES (1587, 1582);
UPDATE "Switch" SET "currentPosition" = 2 WHERE "id" = 1533;
INSERT INTO "SwitchPosition" ("id", "position", "target") VALUES (1588, 2, 1533);
UPDATE "SwitchPosition" SET "route" = 929 WHERE "id" = 1588;
INSERT INTO "TrackElement" ("id") VALUES (1589);
INSERT INTO "Switch" ("id") VALUES (1589);
UPDATE "TrackElement" SET "region" = 930 WHERE "id" = 1589;
INSERT INTO "Sensor" ("id") VALUES (1590);
UPDATE "Sensor" SET "region" = 930 WHERE "id" = 1590;
INSERT INTO "monitoredBy" VALUES (1589, 1590);
UPDATE "Sensor" SET "route" = 929 WHERE "id" = 1590;
INSERT INTO "TrackElement" ("id") VALUES (1591);
INSERT INTO "Segment" ("id", "length") VALUES (1591, 720);
UPDATE "TrackElement" SET "region" = 930 WHERE "id" = 1591;
INSERT INTO "monitoredBy" VALUES (1591, 1590);
INSERT INTO "TrackElement" ("id") VALUES (1592);
INSERT INTO "Segment" ("id", "length") VALUES (1592, 216);
UPDATE "TrackElement" SET "region" = 930 WHERE "id" = 1592;
INSERT INTO "monitoredBy" VALUES (1592, 1590);
INSERT INTO "TrackElement" ("id") VALUES (1593);
INSERT INTO "Segment" ("id", "length") VALUES (1593, 332);
UPDATE "TrackElement" SET "region" = 930 WHERE "id" = 1593;
INSERT INTO "monitoredBy" VALUES (1593, 1590);
INSERT INTO "TrackElement" ("id") VALUES (1594);
INSERT INTO "Segment" ("id", "length") VALUES (1594, 87);
UPDATE "TrackElement" SET "region" = 930 WHERE "id" = 1594;
INSERT INTO "monitoredBy" VALUES (1594, 1590);
INSERT INTO "TrackElement" ("id") VALUES (1595);
INSERT INTO "Segment" ("id", "length") VALUES (1595, 703);
UPDATE "TrackElement" SET "region" = 930 WHERE "id" = 1595;
INSERT INTO "monitoredBy" VALUES (1595, 1590);
UPDATE "Switch" SET "currentPosition" = 2 WHERE "id" = 1589;
INSERT INTO "SwitchPosition" ("id", "position", "target") VALUES (1596, 0, 1589);
UPDATE "SwitchPosition" SET "route" = 929 WHERE "id" = 1596;
INSERT INTO "connectsTo" VALUES (931, 933);
INSERT INTO "connectsTo" VALUES (933, 934);
INSERT INTO "connectsTo" VALUES (934, 935);
INSERT INTO "connectsTo" VALUES (935, 936);
INSERT INTO "connectsTo" VALUES (936, 937);
INSERT INTO "connectsTo" VALUES (937, 939);
INSERT INTO "connectsTo" VALUES (939, 940);
INSERT INTO "connectsTo" VALUES (940, 941);
INSERT INTO "connectsTo" VALUES (941, 942);
INSERT INTO "connectsTo" VALUES (942, 943);
INSERT INTO "connectsTo" VALUES (943, 945);
INSERT INTO "connectsTo" VALUES (945, 946);
INSERT INTO "connectsTo" VALUES (946, 947);
INSERT INTO "connectsTo" VALUES (947, 948);
INSERT INTO "connectsTo" VALUES (948, 949);
INSERT INTO "connectsTo" VALUES (949, 951);
INSERT INTO "connectsTo" VALUES (951, 953);
INSERT INTO "connectsTo" VALUES (953, 954);
INSERT INTO "connectsTo" VALUES (954, 955);
INSERT INTO "connectsTo" VALUES (955, 956);
INSERT INTO "connectsTo" VALUES (956, 957);
INSERT INTO "connectsTo" VALUES (957, 959);
INSERT INTO "connectsTo" VALUES (959, 960);
INSERT INTO "connectsTo" VALUES (960, 961);
INSERT INTO "connectsTo" VALUES (961, 962);
INSERT INTO "connectsTo" VALUES (962, 963);
INSERT INTO "connectsTo" VALUES (963, 965);
INSERT INTO "connectsTo" VALUES (965, 966);
INSERT INTO "connectsTo" VALUES (966, 967);
INSERT INTO "connectsTo" VALUES (967, 968);
INSERT INTO "connectsTo" VALUES (968, 969);
INSERT INTO "connectsTo" VALUES (969, 971);
INSERT INTO "connectsTo" VALUES (971, 972);
INSERT INTO "connectsTo" VALUES (972, 973);
INSERT INTO "connectsTo" VALUES (973, 974);
INSERT INTO "connectsTo" VALUES (974, 975);
INSERT INTO "connectsTo" VALUES (975, 977);
INSERT INTO "connectsTo" VALUES (977, 979);
INSERT INTO "connectsTo" VALUES (979, 980);
INSERT INTO "connectsTo" VALUES (980, 981);
INSERT INTO "connectsTo" VALUES (981, 982);
INSERT INTO "connectsTo" VALUES (982, 983);
INSERT INTO "connectsTo" VALUES (983, 985);
INSERT INTO "connectsTo" VALUES (985, 986);
INSERT INTO "connectsTo" VALUES (986, 987);
INSERT INTO "connectsTo" VALUES (987, 988);
INSERT INTO "connectsTo" VALUES (988, 989);
INSERT INTO "connectsTo" VALUES (989, 991);
INSERT INTO "connectsTo" VALUES (991, 992);
INSERT INTO "connectsTo" VALUES (992, 993);
INSERT INTO "connectsTo" VALUES (993, 994);
INSERT INTO "connectsTo" VALUES (994, 995);
INSERT INTO "connectsTo" VALUES (995, 997);
INSERT INTO "connectsTo" VALUES (997, 999);
INSERT INTO "connectsTo" VALUES (999, 1000);
INSERT INTO "connectsTo" VALUES (1000, 1001);
INSERT INTO "connectsTo" VALUES (1001, 1002);
INSERT INTO "connectsTo" VALUES (1002, 1003);
INSERT INTO "connectsTo" VALUES (1003, 1005);
INSERT INTO "connectsTo" VALUES (1005, 1006);
INSERT INTO "connectsTo" VALUES (1006, 1007);
INSERT INTO "connectsTo" VALUES (1007, 1008);
INSERT INTO "connectsTo" VALUES (1008, 1009);
INSERT INTO "connectsTo" VALUES (1009, 1011);
INSERT INTO "connectsTo" VALUES (1011, 1012);
INSERT INTO "connectsTo" VALUES (1012, 1013);
INSERT INTO "connectsTo" VALUES (1013, 1014);
INSERT INTO "connectsTo" VALUES (1014, 1015);
INSERT INTO "connectsTo" VALUES (1015, 1017);
INSERT INTO "connectsTo" VALUES (1017, 1018);
INSERT INTO "connectsTo" VALUES (1018, 1019);
INSERT INTO "connectsTo" VALUES (1019, 1020);
INSERT INTO "connectsTo" VALUES (1020, 1021);
INSERT INTO "connectsTo" VALUES (1021, 1023);
INSERT INTO "connectsTo" VALUES (1023, 1024);
INSERT INTO "connectsTo" VALUES (1024, 1025);
INSERT INTO "connectsTo" VALUES (1025, 1026);
INSERT INTO "connectsTo" VALUES (1026, 1027);
INSERT INTO "connectsTo" VALUES (1027, 1029);
INSERT INTO "connectsTo" VALUES (1029, 1030);
INSERT INTO "connectsTo" VALUES (1030, 1031);
INSERT INTO "connectsTo" VALUES (1031, 1032);
INSERT INTO "connectsTo" VALUES (1032, 1033);
INSERT INTO "connectsTo" VALUES (1033, 1035);
INSERT INTO "connectsTo" VALUES (1035, 1036);
INSERT INTO "connectsTo" VALUES (1036, 1037);
INSERT INTO "connectsTo" VALUES (1037, 1038);
INSERT INTO "connectsTo" VALUES (1038, 1039);
INSERT INTO "connectsTo" VALUES (1039, 1041);
INSERT INTO "connectsTo" VALUES (1041, 1043);
INSERT INTO "connectsTo" VALUES (1043, 1044);
INSERT INTO "connectsTo" VALUES (1044, 1045);
INSERT INTO "connectsTo" VALUES (1045, 1046);
INSERT INTO "connectsTo" VALUES (1046, 1047);
INSERT INTO "connectsTo" VALUES (1047, 1049);
INSERT INTO "connectsTo" VALUES (1049, 1050);
INSERT INTO "connectsTo" VALUES (1050, 1051);
INSERT INTO "connectsTo" VALUES (1051, 1052);
INSERT INTO "connectsTo" VALUES (1052, 1053);
INSERT INTO "connectsTo" VALUES (1053, 1055);
INSERT INTO "connectsTo" VALUES (1055, 1056);
INSERT INTO "connectsTo" VALUES (1056, 1057);
INSERT INTO "connectsTo" VALUES (1057, 1058);
INSERT INTO "connectsTo" VALUES (1058, 1059);
INSERT INTO "connectsTo" VALUES (1059, 1061);
INSERT INTO "connectsTo" VALUES (1061, 1062);
INSERT INTO "connectsTo" VALUES (1062, 1063);
INSERT INTO "connectsTo" VALUES (1063, 1064);
INSERT INTO "connectsTo" VALUES (1064, 1065);
INSERT INTO "connectsTo" VALUES (1065, 1067);
INSERT INTO "connectsTo" VALUES (1067, 1068);
INSERT INTO "connectsTo" VALUES (1068, 1069);
INSERT INTO "connectsTo" VALUES (1069, 1070);
INSERT INTO "connectsTo" VALUES (1070, 1071);
INSERT INTO "connectsTo" VALUES (1071, 1073);
INSERT INTO "connectsTo" VALUES (1073, 1074);
INSERT INTO "connectsTo" VALUES (1074, 1075);
INSERT INTO "connectsTo" VALUES (1075, 1076);
INSERT INTO "connectsTo" VALUES (1076, 1077);
INSERT INTO "connectsTo" VALUES (1077, 1079);
INSERT INTO "connectsTo" VALUES (1079, 1081);
INSERT INTO "connectsTo" VALUES (1081, 1082);
INSERT INTO "connectsTo" VALUES (1082, 1083);
INSERT INTO "connectsTo" VALUES (1083, 1084);
INSERT INTO "connectsTo" VALUES (1084, 1085);
INSERT INTO "connectsTo" VALUES (1085, 1087);
INSERT INTO "connectsTo" VALUES (1087, 1088);
INSERT INTO "connectsTo" VALUES (1088, 1089);
INSERT INTO "connectsTo" VALUES (1089, 1090);
INSERT INTO "connectsTo" VALUES (1090, 1091);
INSERT INTO "connectsTo" VALUES (1091, 1093);
INSERT INTO "connectsTo" VALUES (1093, 1094);
INSERT INTO "connectsTo" VALUES (1094, 1095);
INSERT INTO "connectsTo" VALUES (1095, 1096);
INSERT INTO "connectsTo" VALUES (1096, 1097);
INSERT INTO "connectsTo" VALUES (1097, 1099);
INSERT INTO "connectsTo" VALUES (1099, 1100);
INSERT INTO "connectsTo" VALUES (1100, 1101);
INSERT INTO "connectsTo" VALUES (1101, 1102);
INSERT INTO "connectsTo" VALUES (1102, 1103);
INSERT INTO "connectsTo" VALUES (1103, 1105);
INSERT INTO "connectsTo" VALUES (1105, 1106);
INSERT INTO "connectsTo" VALUES (1106, 1107);
INSERT INTO "connectsTo" VALUES (1107, 1108);
INSERT INTO "connectsTo" VALUES (1108, 1109);
INSERT INTO "connectsTo" VALUES (1109, 1111);
INSERT INTO "connectsTo" VALUES (1111, 1112);
INSERT INTO "connectsTo" VALUES (1112, 1113);
INSERT INTO "connectsTo" VALUES (1113, 1114);
INSERT INTO "connectsTo" VALUES (1114, 1115);
INSERT INTO "connectsTo" VALUES (1115, 1117);
INSERT INTO "connectsTo" VALUES (1117, 1118);
INSERT INTO "connectsTo" VALUES (1118, 1119);
INSERT INTO "connectsTo" VALUES (1119, 1120);
INSERT INTO "connectsTo" VALUES (1120, 1121);
INSERT INTO "connectsTo" VALUES (1121, 1123);
INSERT INTO "connectsTo" VALUES (1123, 1124);
INSERT INTO "connectsTo" VALUES (1124, 1125);
INSERT INTO "connectsTo" VALUES (1125, 1126);
INSERT INTO "connectsTo" VALUES (1126, 1127);
INSERT INTO "connectsTo" VALUES (1127, 1129);
INSERT INTO "connectsTo" VALUES (1129, 1130);
INSERT INTO "connectsTo" VALUES (1130, 1131);
INSERT INTO "connectsTo" VALUES (1131, 1132);
INSERT INTO "connectsTo" VALUES (1132, 1133);
INSERT INTO "connectsTo" VALUES (1133, 1135);
INSERT INTO "connectsTo" VALUES (1135, 1137);
INSERT INTO "connectsTo" VALUES (1137, 1138);
INSERT INTO "connectsTo" VALUES (1138, 1139);
INSERT INTO "connectsTo" VALUES (1139, 1140);
INSERT INTO "connectsTo" VALUES (1140, 1141);
INSERT INTO "connectsTo" VALUES (1141, 1143);
INSERT INTO "connectsTo" VALUES (1143, 1144);
INSERT INTO "connectsTo" VALUES (1144, 1145);
INSERT INTO "connectsTo" VALUES (1145, 1146);
INSERT INTO "connectsTo" VALUES (1146, 1147);
INSERT INTO "connectsTo" VALUES (1147, 1149);
INSERT INTO "connectsTo" VALUES (1149, 1150);
INSERT INTO "connectsTo" VALUES (1150, 1151);
INSERT INTO "connectsTo" VALUES (1151, 1152);
INSERT INTO "connectsTo" VALUES (1152, 1153);
INSERT INTO "connectsTo" VALUES (1153, 1155);
INSERT INTO "connectsTo" VALUES (1155, 1157);
INSERT INTO "connectsTo" VALUES (1157, 1158);
INSERT INTO "connectsTo" VALUES (1158, 1159);
INSERT INTO "connectsTo" VALUES (1159, 1160);
INSERT INTO "connectsTo" VALUES (1160, 1161);
INSERT INTO "connectsTo" VALUES (1161, 1163);
INSERT INTO "connectsTo" VALUES (1163, 1164);
INSERT INTO "connectsTo" VALUES (1164, 1165);
INSERT INTO "connectsTo" VALUES (1165, 1166);
INSERT INTO "connectsTo" VALUES (1166, 1167);
INSERT INTO "connectsTo" VALUES (1167, 1168);
INSERT INTO "connectsTo" VALUES (1168, 1170);
INSERT INTO "connectsTo" VALUES (1170, 1171);
INSERT INTO "connectsTo" VALUES (1171, 1172);
INSERT INTO "connectsTo" VALUES (1172, 1173);
INSERT INTO "connectsTo" VALUES (1173, 1174);
INSERT INTO "connectsTo" VALUES (1174, 1176);
INSERT INTO "connectsTo" VALUES (1176, 1177);
INSERT INTO "connectsTo" VALUES (1177, 1178);
INSERT INTO "connectsTo" VALUES (1178, 1179);
INSERT INTO "connectsTo" VALUES (1179, 1180);
INSERT INTO "connectsTo" VALUES (1180, 1182);
INSERT INTO "connectsTo" VALUES (1182, 1183);
INSERT INTO "connectsTo" VALUES (1183, 1184);
INSERT INTO "connectsTo" VALUES (1184, 1185);
INSERT INTO "connectsTo" VALUES (1185, 1186);
INSERT INTO "connectsTo" VALUES (1186, 1187);
INSERT INTO "connectsTo" VALUES (1187, 1189);
INSERT INTO "connectsTo" VALUES (1189, 1190);
INSERT INTO "connectsTo" VALUES (1190, 1191);
INSERT INTO "connectsTo" VALUES (1191, 1192);
INSERT INTO "connectsTo" VALUES (1192, 1193);
INSERT INTO "connectsTo" VALUES (1193, 1195);
INSERT INTO "connectsTo" VALUES (1195, 1197);
INSERT INTO "connectsTo" VALUES (1197, 1198);
INSERT INTO "connectsTo" VALUES (1198, 1199);
INSERT INTO "connectsTo" VALUES (1199, 1200);
INSERT INTO "connectsTo" VALUES (1200, 1201);
INSERT INTO "connectsTo" VALUES (1201, 1203);
INSERT INTO "connectsTo" VALUES (1203, 1204);
INSERT INTO "connectsTo" VALUES (1204, 1205);
INSERT INTO "connectsTo" VALUES (1205, 1206);
INSERT INTO "connectsTo" VALUES (1206, 1207);
INSERT INTO "connectsTo" VALUES (1207, 1209);
INSERT INTO "connectsTo" VALUES (1209, 1210);
INSERT INTO "connectsTo" VALUES (1210, 1211);
INSERT INTO "connectsTo" VALUES (1211, 1212);
INSERT INTO "connectsTo" VALUES (1212, 1213);
INSERT INTO "connectsTo" VALUES (1213, 1215);
INSERT INTO "connectsTo" VALUES (1215, 1216);
INSERT INTO "connectsTo" VALUES (1216, 1217);
INSERT INTO "connectsTo" VALUES (1217, 1218);
INSERT INTO "connectsTo" VALUES (1218, 1219);
INSERT INTO "connectsTo" VALUES (1219, 1221);
INSERT INTO "connectsTo" VALUES (1221, 1222);
INSERT INTO "connectsTo" VALUES (1222, 1223);
INSERT INTO "connectsTo" VALUES (1223, 1224);
INSERT INTO "connectsTo" VALUES (1224, 1225);
INSERT INTO "connectsTo" VALUES (1225, 1227);
INSERT INTO "connectsTo" VALUES (1227, 1228);
INSERT INTO "connectsTo" VALUES (1228, 1229);
INSERT INTO "connectsTo" VALUES (1229, 1230);
INSERT INTO "connectsTo" VALUES (1230, 1231);
INSERT INTO "connectsTo" VALUES (1231, 1233);
INSERT INTO "connectsTo" VALUES (1233, 1234);
INSERT INTO "connectsTo" VALUES (1234, 1235);
INSERT INTO "connectsTo" VALUES (1235, 1236);
INSERT INTO "connectsTo" VALUES (1236, 1237);
INSERT INTO "connectsTo" VALUES (1237, 1239);
INSERT INTO "connectsTo" VALUES (1239, 1241);
INSERT INTO "connectsTo" VALUES (1241, 1242);
INSERT INTO "connectsTo" VALUES (1242, 1243);
INSERT INTO "connectsTo" VALUES (1243, 1244);
INSERT INTO "connectsTo" VALUES (1244, 1245);
INSERT INTO "connectsTo" VALUES (1245, 1247);
INSERT INTO "connectsTo" VALUES (1247, 1248);
INSERT INTO "connectsTo" VALUES (1248, 1249);
INSERT INTO "connectsTo" VALUES (1249, 1250);
INSERT INTO "connectsTo" VALUES (1250, 1251);
INSERT INTO "connectsTo" VALUES (1251, 1253);
INSERT INTO "connectsTo" VALUES (1253, 1254);
INSERT INTO "connectsTo" VALUES (1254, 1255);
INSERT INTO "connectsTo" VALUES (1255, 1256);
INSERT INTO "connectsTo" VALUES (1256, 1257);
INSERT INTO "connectsTo" VALUES (1257, 1259);
INSERT INTO "connectsTo" VALUES (1259, 1260);
INSERT INTO "connectsTo" VALUES (1260, 1261);
INSERT INTO "connectsTo" VALUES (1261, 1262);
INSERT INTO "connectsTo" VALUES (1262, 1263);
INSERT INTO "connectsTo" VALUES (1263, 1265);
INSERT INTO "connectsTo" VALUES (1265, 1267);
INSERT INTO "connectsTo" VALUES (1267, 1268);
INSERT INTO "connectsTo" VALUES (1268, 1269);
INSERT INTO "connectsTo" VALUES (1269, 1270);
INSERT INTO "connectsTo" VALUES (1270, 1271);
INSERT INTO "connectsTo" VALUES (1271, 1273);
INSERT INTO "connectsTo" VALUES (1273, 1274);
INSERT INTO "connectsTo" VALUES (1274, 1275);
INSERT INTO "connectsTo" VALUES (1275, 1276);
INSERT INTO "connectsTo" VALUES (1276, 1277);
INSERT INTO "connectsTo" VALUES (1277, 1279);
INSERT INTO "connectsTo" VALUES (1279, 1280);
INSERT INTO "connectsTo" VALUES (1280, 1281);
INSERT INTO "connectsTo" VALUES (1281, 1282);
INSERT INTO "connectsTo" VALUES (1282, 1283);
INSERT INTO "connectsTo" VALUES (1283, 1285);
INSERT INTO "connectsTo" VALUES (1285, 1286);
INSERT INTO "connectsTo" VALUES (1286, 1287);
INSERT INTO "connectsTo" VALUES (1287, 1288);
INSERT INTO "connectsTo" VALUES (1288, 1289);
INSERT INTO "connectsTo" VALUES (1289, 1291);
INSERT INTO "connectsTo" VALUES (1291, 1293);
INSERT INTO "connectsTo" VALUES (1293, 1294);
INSERT INTO "connectsTo" VALUES (1294, 1295);
INSERT INTO "connectsTo" VALUES (1295, 1296);
INSERT INTO "connectsTo" VALUES (1296, 1297);
INSERT INTO "connectsTo" VALUES (1297, 1299);
INSERT INTO "connectsTo" VALUES (1299, 1300);
INSERT INTO "connectsTo" VALUES (1300, 1301);
INSERT INTO "connectsTo" VALUES (1301, 1302);
INSERT INTO "connectsTo" VALUES (1302, 1303);
INSERT INTO "connectsTo" VALUES (1303, 1305);
INSERT INTO "connectsTo" VALUES (1305, 1306);
INSERT INTO "connectsTo" VALUES (1306, 1307);
INSERT INTO "connectsTo" VALUES (1307, 1308);
INSERT INTO "connectsTo" VALUES (1308, 1309);
INSERT INTO "connectsTo" VALUES (1309, 1310);
INSERT INTO "connectsTo" VALUES (1310, 1312);
INSERT INTO "connectsTo" VALUES (1312, 1313);
INSERT INTO "connectsTo" VALUES (1313, 1314);
INSERT INTO "connectsTo" VALUES (1314, 1315);
INSERT INTO "connectsTo" VALUES (1315, 1316);
INSERT INTO "connectsTo" VALUES (1316, 1318);
INSERT INTO "connectsTo" VALUES (1318, 1319);
INSERT INTO "connectsTo" VALUES (1319, 1320);
INSERT INTO "connectsTo" VALUES (1320, 1321);
INSERT INTO "connectsTo" VALUES (1321, 1322);
INSERT INTO "connectsTo" VALUES (1322, 1324);
INSERT INTO "connectsTo" VALUES (1324, 1325);
INSERT INTO "connectsTo" VALUES (1325, 1326);
INSERT INTO "connectsTo" VALUES (1326, 1327);
INSERT INTO "connectsTo" VALUES (1327, 1328);
INSERT INTO "connectsTo" VALUES (1328, 1330);
INSERT INTO "connectsTo" VALUES (1330, 1332);
INSERT INTO "connectsTo" VALUES (1332, 1333);
INSERT INTO "connectsTo" VALUES (1333, 1334);
INSERT INTO "connectsTo" VALUES (1334, 1335);
INSERT INTO "connectsTo" VALUES (1335, 1336);
INSERT INTO "connectsTo" VALUES (1336, 1338);
INSERT INTO "connectsTo" VALUES (1338, 1339);
INSERT INTO "connectsTo" VALUES (1339, 1340);
INSERT INTO "connectsTo" VALUES (1340, 1341);
INSERT INTO "connectsTo" VALUES (1341, 1342);
INSERT INTO "connectsTo" VALUES (1342, 1344);
INSERT INTO "connectsTo" VALUES (1344, 1345);
INSERT INTO "connectsTo" VALUES (1345, 1346);
INSERT INTO "connectsTo" VALUES (1346, 1347);
INSERT INTO "connectsTo" VALUES (1347, 1348);
INSERT INTO "connectsTo" VALUES (1348, 1350);
INSERT INTO "connectsTo" VALUES (1350, 1351);
INSERT INTO "connectsTo" VALUES (1351, 1352);
INSERT INTO "connectsTo" VALUES (1352, 1353);
INSERT INTO "connectsTo" VALUES (1353, 1354);
INSERT INTO "connectsTo" VALUES (1354, 1356);
INSERT INTO "connectsTo" VALUES (1356, 1358);
INSERT INTO "connectsTo" VALUES (1358, 1359);
INSERT INTO "connectsTo" VALUES (1359, 1360);
INSERT INTO "connectsTo" VALUES (1360, 1361);
INSERT INTO "connectsTo" VALUES (1361, 1362);
INSERT INTO "connectsTo" VALUES (1362, 1364);
INSERT INTO "connectsTo" VALUES (1364, 1365);
INSERT INTO "connectsTo" VALUES (1365, 1366);
INSERT INTO "connectsTo" VALUES (1366, 1367);
INSERT INTO "connectsTo" VALUES (1367, 1368);
INSERT INTO "connectsTo" VALUES (1368, 1369);
INSERT INTO "connectsTo" VALUES (1369, 1371);
INSERT INTO "connectsTo" VALUES (1371, 1372);
INSERT INTO "connectsTo" VALUES (1372, 1373);
INSERT INTO "connectsTo" VALUES (1373, 1374);
INSERT INTO "connectsTo" VALUES (1374, 1375);
INSERT INTO "connectsTo" VALUES (1375, 1377);
INSERT INTO "connectsTo" VALUES (1377, 1378);
INSERT INTO "connectsTo" VALUES (1378, 1379);
INSERT INTO "connectsTo" VALUES (1379, 1380);
INSERT INTO "connectsTo" VALUES (1380, 1381);
INSERT INTO "connectsTo" VALUES (1381, 1383);
INSERT INTO "connectsTo" VALUES (1383, 1384);
INSERT INTO "connectsTo" VALUES (1384, 1385);
INSERT INTO "connectsTo" VALUES (1385, 1386);
INSERT INTO "connectsTo" VALUES (1386, 1387);
INSERT INTO "connectsTo" VALUES (1387, 1389);
INSERT INTO "connectsTo" VALUES (1389, 1390);
INSERT INTO "connectsTo" VALUES (1390, 1391);
INSERT INTO "connectsTo" VALUES (1391, 1392);
INSERT INTO "connectsTo" VALUES (1392, 1393);
INSERT INTO "connectsTo" VALUES (1393, 1395);
INSERT INTO "connectsTo" VALUES (1395, 1396);
INSERT INTO "connectsTo" VALUES (1396, 1397);
INSERT INTO "connectsTo" VALUES (1397, 1398);
INSERT INTO "connectsTo" VALUES (1398, 1399);
INSERT INTO "connectsTo" VALUES (1399, 1401);
INSERT INTO "connectsTo" VALUES (1401, 1402);
INSERT INTO "connectsTo" VALUES (1402, 1403);
INSERT INTO "connectsTo" VALUES (1403, 1404);
INSERT INTO "connectsTo" VALUES (1404, 1405);
INSERT INTO "connectsTo" VALUES (1405, 1407);
INSERT INTO "connectsTo" VALUES (1407, 1408);
INSERT INTO "connectsTo" VALUES (1408, 1409);
INSERT INTO "connectsTo" VALUES (1409, 1410);
INSERT INTO "connectsTo" VALUES (1410, 1411);
INSERT INTO "connectsTo" VALUES (1411, 1413);
INSERT INTO "connectsTo" VALUES (1413, 1415);
INSERT INTO "connectsTo" VALUES (1415, 1416);
INSERT INTO "connectsTo" VALUES (1416, 1417);
INSERT INTO "connectsTo" VALUES (1417, 1418);
INSERT INTO "connectsTo" VALUES (1418, 1419);
INSERT INTO "connectsTo" VALUES (1419, 1421);
INSERT INTO "connectsTo" VALUES (1421, 1422);
INSERT INTO "connectsTo" VALUES (1422, 1423);
INSERT INTO "connectsTo" VALUES (1423, 1424);
INSERT INTO "connectsTo" VALUES (1424, 1425);
INSERT INTO "connectsTo" VALUES (1425, 1427);
INSERT INTO "connectsTo" VALUES (1427, 1428);
INSERT INTO "connectsTo" VALUES (1428, 1429);
INSERT INTO "connectsTo" VALUES (1429, 1430);
INSERT INTO "connectsTo" VALUES (1430, 1431);
INSERT INTO "connectsTo" VALUES (1431, 1433);
INSERT INTO "connectsTo" VALUES (1433, 1434);
INSERT INTO "connectsTo" VALUES (1434, 1435);
INSERT INTO "connectsTo" VALUES (1435, 1436);
INSERT INTO "connectsTo" VALUES (1436, 1437);
INSERT INTO "connectsTo" VALUES (1437, 1439);
INSERT INTO "connectsTo" VALUES (1439, 1440);
INSERT INTO "connectsTo" VALUES (1440, 1441);
INSERT INTO "connectsTo" VALUES (1441, 1442);
INSERT INTO "connectsTo" VALUES (1442, 1443);
INSERT INTO "connectsTo" VALUES (1443, 1445);
INSERT INTO "connectsTo" VALUES (1445, 1446);
INSERT INTO "connectsTo" VALUES (1446, 1447);
INSERT INTO "connectsTo" VALUES (1447, 1448);
INSERT INTO "connectsTo" VALUES (1448, 1449);
INSERT INTO "connectsTo" VALUES (1449, 1451);
INSERT INTO "connectsTo" VALUES (1451, 1452);
INSERT INTO "connectsTo" VALUES (1452, 1453);
INSERT INTO "connectsTo" VALUES (1453, 1454);
INSERT INTO "connectsTo" VALUES (1454, 1455);
INSERT INTO "connectsTo" VALUES (1455, 1457);
INSERT INTO "connectsTo" VALUES (1457, 1458);
INSERT INTO "connectsTo" VALUES (1458, 1459);
INSERT INTO "connectsTo" VALUES (1459, 1460);
INSERT INTO "connectsTo" VALUES (1460, 1461);
INSERT INTO "connectsTo" VALUES (1461, 1463);
INSERT INTO "connectsTo" VALUES (1463, 1465);
INSERT INTO "connectsTo" VALUES (1465, 1466);
INSERT INTO "connectsTo" VALUES (1466, 1467);
INSERT INTO "connectsTo" VALUES (1467, 1468);
INSERT INTO "connectsTo" VALUES (1468, 1469);
INSERT INTO "connectsTo" VALUES (1469, 1471);
INSERT INTO "connectsTo" VALUES (1471, 1472);
INSERT INTO "connectsTo" VALUES (1472, 1473);
INSERT INTO "connectsTo" VALUES (1473, 1474);
INSERT INTO "connectsTo" VALUES (1474, 1475);
INSERT INTO "connectsTo" VALUES (1475, 1477);
INSERT INTO "connectsTo" VALUES (1477, 1478);
INSERT INTO "connectsTo" VALUES (1478, 1479);
INSERT INTO "connectsTo" VALUES (1479, 1480);
INSERT INTO "connectsTo" VALUES (1480, 1481);
INSERT INTO "connectsTo" VALUES (1481, 1483);
INSERT INTO "connectsTo" VALUES (1483, 1484);
INSERT INTO "connectsTo" VALUES (1484, 1485);
INSERT INTO "connectsTo" VALUES (1485, 1486);
INSERT INTO "connectsTo" VALUES (1486, 1487);
INSERT INTO "connectsTo" VALUES (1487, 1489);
INSERT INTO "connectsTo" VALUES (1489, 1491);
INSERT INTO "connectsTo" VALUES (1491, 1492);
INSERT INTO "connectsTo" VALUES (1492, 1493);
INSERT INTO "connectsTo" VALUES (1493, 1494);
INSERT INTO "connectsTo" VALUES (1494, 1495);
INSERT INTO "connectsTo" VALUES (1495, 1497);
INSERT INTO "connectsTo" VALUES (1497, 1498);
INSERT INTO "connectsTo" VALUES (1498, 1499);
INSERT INTO "connectsTo" VALUES (1499, 1500);
INSERT INTO "connectsTo" VALUES (1500, 1501);
INSERT INTO "connectsTo" VALUES (1501, 1503);
INSERT INTO "connectsTo" VALUES (1503, 1504);
INSERT INTO "connectsTo" VALUES (1504, 1505);
INSERT INTO "connectsTo" VALUES (1505, 1506);
INSERT INTO "connectsTo" VALUES (1506, 1507);
INSERT INTO "connectsTo" VALUES (1507, 1509);
INSERT INTO "connectsTo" VALUES (1509, 1510);
INSERT INTO "connectsTo" VALUES (1510, 1511);
INSERT INTO "connectsTo" VALUES (1511, 1512);
INSERT INTO "connectsTo" VALUES (1512, 1513);
INSERT INTO "connectsTo" VALUES (1513, 1515);
INSERT INTO "connectsTo" VALUES (1515, 1516);
INSERT INTO "connectsTo" VALUES (1516, 1517);
INSERT INTO "connectsTo" VALUES (1517, 1518);
INSERT INTO "connectsTo" VALUES (1518, 1519);
INSERT INTO "connectsTo" VALUES (1519, 1521);
INSERT INTO "connectsTo" VALUES (1521, 1522);
INSERT INTO "connectsTo" VALUES (1522, 1523);
INSERT INTO "connectsTo" VALUES (1523, 1524);
INSERT INTO "connectsTo" VALUES (1524, 1525);
INSERT INTO "connectsTo" VALUES (1525, 1527);
INSERT INTO "connectsTo" VALUES (1527, 1528);
INSERT INTO "connectsTo" VALUES (1528, 1529);
INSERT INTO "connectsTo" VALUES (1529, 1530);
INSERT INTO "connectsTo" VALUES (1530, 1531);
INSERT INTO "connectsTo" VALUES (1531, 1533);
INSERT INTO "connectsTo" VALUES (1533, 1535);
INSERT INTO "connectsTo" VALUES (1535, 1536);
INSERT INTO "connectsTo" VALUES (1536, 1537);
INSERT INTO "connectsTo" VALUES (1537, 1538);
INSERT INTO "connectsTo" VALUES (1538, 1539);
INSERT INTO "connectsTo" VALUES (1539, 1541);
INSERT INTO "connectsTo" VALUES (1541, 1542);
INSERT INTO "connectsTo" VALUES (1542, 1543);
INSERT INTO "connectsTo" VALUES (1543, 1544);
INSERT INTO "connectsTo" VALUES (1544, 1545);
INSERT INTO "connectsTo" VALUES (1545, 1547);
INSERT INTO "connectsTo" VALUES (1547, 1548);
INSERT INTO "connectsTo" VALUES (1548, 1549);
INSERT INTO "connectsTo" VALUES (1549, 1550);
INSERT INTO "connectsTo" VALUES (1550, 1551);
INSERT INTO "connectsTo" VALUES (1551, 1553);
INSERT INTO "connectsTo" VALUES (1553, 1554);
INSERT INTO "connectsTo" VALUES (1554, 1555);
INSERT INTO "connectsTo" VALUES (1555, 1556);
INSERT INTO "connectsTo" VALUES (1556, 1557);
INSERT INTO "connectsTo" VALUES (1557, 1559);
INSERT INTO "connectsTo" VALUES (1559, 1560);
INSERT INTO "connectsTo" VALUES (1560, 1561);
INSERT INTO "connectsTo" VALUES (1561, 1562);
INSERT INTO "connectsTo" VALUES (1562, 1563);
INSERT INTO "connectsTo" VALUES (1563, 1565);
INSERT INTO "connectsTo" VALUES (1565, 1566);
INSERT INTO "connectsTo" VALUES (1566, 1567);
INSERT INTO "connectsTo" VALUES (1567, 1568);
INSERT INTO "connectsTo" VALUES (1568, 1569);
INSERT INTO "connectsTo" VALUES (1569, 1571);
INSERT INTO "connectsTo" VALUES (1571, 1572);
INSERT INTO "connectsTo" VALUES (1572, 1573);
INSERT INTO "connectsTo" VALUES (1573, 1574);
INSERT INTO "connectsTo" VALUES (1574, 1575);
INSERT INTO "connectsTo" VALUES (1575, 1577);
INSERT INTO "connectsTo" VALUES (1577, 1578);
INSERT INTO "connectsTo" VALUES (1578, 1579);
INSERT INTO "connectsTo" VALUES (1579, 1580);
INSERT INTO "connectsTo" VALUES (1580, 1581);
INSERT INTO "connectsTo" VALUES (1581, 1583);
INSERT INTO "connectsTo" VALUES (1583, 1584);
INSERT INTO "connectsTo" VALUES (1584, 1585);
INSERT INTO "connectsTo" VALUES (1585, 1586);
INSERT INTO "connectsTo" VALUES (1586, 1587);
INSERT INTO "connectsTo" VALUES (1587, 1589);
INSERT INTO "connectsTo" VALUES (1589, 1591);
INSERT INTO "connectsTo" VALUES (1591, 1592);
INSERT INTO "connectsTo" VALUES (1592, 1593);
INSERT INTO "connectsTo" VALUES (1593, 1594);
INSERT INTO "connectsTo" VALUES (1594, 1595);
INSERT INTO "connectsTo" VALUES (926, 931);
INSERT INTO "Semaphore" ("id", "signal") VALUES (1597, 2);
INSERT INTO "Route" ("id", "active", "entry", "exit") VALUES (1598, 1, 928, 1597);
INSERT INTO "Region" ("id") VALUES (1599);
INSERT INTO "TrackElement" ("id") VALUES (1600);
INSERT INTO "Switch" ("id") VALUES (1600);
UPDATE "TrackElement" SET "region" = 1599 WHERE "id" = 1600;
INSERT INTO "Sensor" ("id") VALUES (1601);
UPDATE "Sensor" SET "region" = 1599 WHERE "id" = 1601;
INSERT INTO "monitoredBy" VALUES (1600, 1601);
UPDATE "Sensor" SET "route" = 1598 WHERE "id" = 1601;
INSERT INTO "TrackElement" ("id") VALUES (1602);
INSERT INTO "Segment" ("id", "length") VALUES (1602, 606);
UPDATE "TrackElement" SET "region" = 1599 WHERE "id" = 1602;
INSERT INTO "monitoredBy" VALUES (1602, 1601);
UPDATE "Semaphore" SET "segment" = 1602 WHERE "id" = 1597;
INSERT INTO "TrackElement" ("id") VALUES (1603);
INSERT INTO "Segment" ("id", "length") VALUES (1603, 143);
UPDATE "TrackElement" SET "region" = 1599 WHERE "id" = 1603;
INSERT INTO "monitoredBy" VALUES (1603, 1601);
INSERT INTO "TrackElement" ("id") VALUES (1604);
INSERT INTO "Segment" ("id", "length") VALUES (1604, 430);
UPDATE "TrackElement" SET "region" = 1599 WHERE "id" = 1604;
INSERT INTO "monitoredBy" VALUES (1604, 1601);
INSERT INTO "TrackElement" ("id") VALUES (1605);
INSERT INTO "Segment" ("id", "length") VALUES (1605, 377);
UPDATE "TrackElement" SET "region" = 1599 WHERE "id" = 1605;
INSERT INTO "monitoredBy" VALUES (1605, 1601);
INSERT INTO "TrackElement" ("id") VALUES (1606);
INSERT INTO "Segment" ("id", "length") VALUES (1606, 254);
UPDATE "TrackElement" SET "region" = 1599 WHERE "id" = 1606;
INSERT INTO "monitoredBy" VALUES (1606, 1601);
INSERT INTO "Sensor" ("id") VALUES (1607);
UPDATE "Sensor" SET "region" = 1599 WHERE "id" = 1607;
INSERT INTO "monitoredBy" VALUES (1600, 1607);
UPDATE "Sensor" SET "route" = 1598 WHERE "id" = 1607;
INSERT INTO "TrackElement" ("id") VALUES (1608);
INSERT INTO "Segment" ("id", "length") VALUES (1608, 511);
UPDATE "TrackElement" SET "region" = 1599 WHERE "id" = 1608;
INSERT INTO "monitoredBy" VALUES (1608, 1607);
INSERT INTO "TrackElement" ("id") VALUES (1609);
INSERT INTO "Segment" ("id", "length") VALUES (1609, 552);
UPDATE "TrackElement" SET "region" = 1599 WHERE "id" = 1609;
INSERT INTO "monitoredBy" VALUES (1609, 1607);
INSERT INTO "TrackElement" ("id") VALUES (1610);
INSERT INTO "Segment" ("id", "length") VALUES (1610, 84);
UPDATE "TrackElement" SET "region" = 1599 WHERE "id" = 1610;
INSERT INTO "monitoredBy" VALUES (1610, 1607);
INSERT INTO "TrackElement" ("id") VALUES (1611);
INSERT INTO "Segment" ("id", "length") VALUES (1611, 15);
UPDATE "TrackElement" SET "region" = 1599 WHERE "id" = 1611;
INSERT INTO "monitoredBy" VALUES (1611, 1607);
INSERT INTO "TrackElement" ("id") VALUES (1612);
INSERT INTO "Segment" ("id", "length") VALUES (1612, 998);
UPDATE "TrackElement" SET "region" = 1599 WHERE "id" = 1612;
INSERT INTO "monitoredBy" VALUES (1612, 1607);
INSERT INTO "Sensor" ("id") VALUES (1613);
UPDATE "Sensor" SET "region" = 1599 WHERE "id" = 1613;
INSERT INTO "monitoredBy" VALUES (1600, 1613);
INSERT INTO "TrackElement" ("id") VALUES (1614);
INSERT INTO "Segment" ("id", "length") VALUES (1614, 782);
UPDATE "TrackElement" SET "region" = 1599 WHERE "id" = 1614;
INSERT INTO "monitoredBy" VALUES (1614, 1613);
INSERT INTO "TrackElement" ("id") VALUES (1615);
INSERT INTO "Segment" ("id", "length") VALUES (1615, 843);
UPDATE "TrackElement" SET "region" = 1599 WHERE "id" = 1615;
INSERT INTO "monitoredBy" VALUES (1615, 1613);
INSERT INTO "TrackElement" ("id") VALUES (1616);
INSERT INTO "Segment" ("id", "length") VALUES (1616, 621);
UPDATE "TrackElement" SET "region" = 1599 WHERE "id" = 1616;
INSERT INTO "monitoredBy" VALUES (1616, 1613);
INSERT INTO "TrackElement" ("id") VALUES (1617);
INSERT INTO "Segment" ("id", "length") VALUES (1617, 815);
UPDATE "TrackElement" SET "region" = 1599 WHERE "id" = 1617;
INSERT INTO "monitoredBy" VALUES (1617, 1613);
INSERT INTO "TrackElement" ("id") VALUES (1618);
INSERT INTO "Segment" ("id", "length") VALUES (1618, 153);
UPDATE "TrackElement" SET "region" = 1599 WHERE "id" = 1618;
INSERT INTO "monitoredBy" VALUES (1618, 1613);
INSERT INTO "Sensor" ("id") VALUES (1619);
UPDATE "Sensor" SET "region" = 1599 WHERE "id" = 1619;
INSERT INTO "monitoredBy" VALUES (1600, 1619);
UPDATE "Sensor" SET "route" = 1598 WHERE "id" = 1619;
INSERT INTO "TrackElement" ("id") VALUES (1620);
INSERT INTO "Segment" ("id", "length") VALUES (1620, 144);
UPDATE "TrackElement" SET "region" = 1599 WHERE "id" = 1620;
INSERT INTO "monitoredBy" VALUES (1620, 1619);
INSERT INTO "TrackElement" ("id") VALUES (1621);
INSERT INTO "Segment" ("id", "length") VALUES (1621, 404);
UPDATE "TrackElement" SET "region" = 1599 WHERE "id" = 1621;
INSERT INTO "monitoredBy" VALUES (1621, 1619);
INSERT INTO "TrackElement" ("id") VALUES (1622);
INSERT INTO "Segment" ("id", "length") VALUES (1622, 620);
UPDATE "TrackElement" SET "region" = 1599 WHERE "id" = 1622;
INSERT INTO "monitoredBy" VALUES (1622, 1619);
INSERT INTO "TrackElement" ("id") VALUES (1623);
INSERT INTO "Segment" ("id", "length") VALUES (1623, 933);
UPDATE "TrackElement" SET "region" = 1599 WHERE "id" = 1623;
INSERT INTO "monitoredBy" VALUES (1623, 1619);
INSERT INTO "TrackElement" ("id") VALUES (1624);
INSERT INTO "Segment" ("id", "length") VALUES (1624, 261);
UPDATE "TrackElement" SET "region" = 1599 WHERE "id" = 1624;
INSERT INTO "monitoredBy" VALUES (1624, 1619);
INSERT INTO "Sensor" ("id") VALUES (1625);
UPDATE "Sensor" SET "region" = 1599 WHERE "id" = 1625;
INSERT INTO "monitoredBy" VALUES (1600, 1625);
UPDATE "Sensor" SET "route" = 1598 WHERE "id" = 1625;
INSERT INTO "TrackElement" ("id") VALUES (1626);
INSERT INTO "Segment" ("id", "length") VALUES (1626, -838);
UPDATE "TrackElement" SET "region" = 1599 WHERE "id" = 1626;
INSERT INTO "monitoredBy" VALUES (1626, 1625);
INSERT INTO "TrackElement" ("id") VALUES (1627);
INSERT INTO "Segment" ("id", "length") VALUES (1627, 224);
UPDATE "TrackElement" SET "region" = 1599 WHERE "id" = 1627;
INSERT INTO "monitoredBy" VALUES (1627, 1625);
INSERT INTO "TrackElement" ("id") VALUES (1628);
INSERT INTO "Segment" ("id", "length") VALUES (1628, 92);
UPDATE "TrackElement" SET "region" = 1599 WHERE "id" = 1628;
INSERT INTO "monitoredBy" VALUES (1628, 1625);
INSERT INTO "TrackElement" ("id") VALUES (1629);
INSERT INTO "Segment" ("id", "length") VALUES (1629, 499);
UPDATE "TrackElement" SET "region" = 1599 WHERE "id" = 1629;
INSERT INTO "monitoredBy" VALUES (1629, 1625);
INSERT INTO "TrackElement" ("id") VALUES (1630);
INSERT INTO "Segment" ("id", "length") VALUES (1630, 11);
UPDATE "TrackElement" SET "region" = 1599 WHERE "id" = 1630;
INSERT INTO "monitoredBy" VALUES (1630, 1625);
INSERT INTO "Sensor" ("id") VALUES (1631);
UPDATE "Sensor" SET "region" = 1599 WHERE "id" = 1631;
INSERT INTO "monitoredBy" VALUES (1600, 1631);
UPDATE "Sensor" SET "route" = 1598 WHERE "id" = 1631;
INSERT INTO "TrackElement" ("id") VALUES (1632);
INSERT INTO "Segment" ("id", "length") VALUES (1632, 723);
UPDATE "TrackElement" SET "region" = 1599 WHERE "id" = 1632;
INSERT INTO "monitoredBy" VALUES (1632, 1631);
INSERT INTO "TrackElement" ("id") VALUES (1633);
INSERT INTO "Segment" ("id", "length") VALUES (1633, 671);
UPDATE "TrackElement" SET "region" = 1599 WHERE "id" = 1633;
INSERT INTO "monitoredBy" VALUES (1633, 1631);
INSERT INTO "TrackElement" ("id") VALUES (1634);
INSERT INTO "Segment" ("id", "length") VALUES (1634, 254);
UPDATE "TrackElement" SET "region" = 1599 WHERE "id" = 1634;
INSERT INTO "monitoredBy" VALUES (1634, 1631);
INSERT INTO "TrackElement" ("id") VALUES (1635);
INSERT INTO "Segment" ("id", "length") VALUES (1635, 965);
UPDATE "TrackElement" SET "region" = 1599 WHERE "id" = 1635;
INSERT INTO "monitoredBy" VALUES (1635, 1631);
INSERT INTO "TrackElement" ("id") VALUES (1636);
INSERT INTO "Segment" ("id", "length") VALUES (1636, 335);
UPDATE "TrackElement" SET "region" = 1599 WHERE "id" = 1636;
INSERT INTO "monitoredBy" VALUES (1636, 1631);
UPDATE "Switch" SET "currentPosition" = 0 WHERE "id" = 1600;
INSERT INTO "SwitchPosition" ("id", "position", "target") VALUES (1637, 0, 1600);
UPDATE "SwitchPosition" SET "route" = 1598 WHERE "id" = 1637;
INSERT INTO "TrackElement" ("id") VALUES (1638);
INSERT INTO "Switch" ("id") VALUES (1638);
UPDATE "TrackElement" SET "region" = 1599 WHERE "id" = 1638;
INSERT INTO "Sensor" ("id") VALUES (1639);
UPDATE "Sensor" SET "region" = 1599 WHERE "id" = 1639;
INSERT INTO "monitoredBy" VALUES (1638, 1639);
UPDATE "Sensor" SET "route" = 1598 WHERE "id" = 1639;
INSERT INTO "TrackElement" ("id") VALUES (1640);
INSERT INTO "Segment" ("id", "length") VALUES (1640, 386);
UPDATE "TrackElement" SET "region" = 1599 WHERE "id" = 1640;
INSERT INTO "monitoredBy" VALUES (1640, 1639);
INSERT INTO "TrackElement" ("id") VALUES (1641);
INSERT INTO "Segment" ("id", "length") VALUES (1641, 612);
UPDATE "TrackElement" SET "region" = 1599 WHERE "id" = 1641;
INSERT INTO "monitoredBy" VALUES (1641, 1639);
INSERT INTO "TrackElement" ("id") VALUES (1642);
INSERT INTO "Segment" ("id", "length") VALUES (1642, 165);
UPDATE "TrackElement" SET "region" = 1599 WHERE "id" = 1642;
INSERT INTO "monitoredBy" VALUES (1642, 1639);
INSERT INTO "TrackElement" ("id") VALUES (1643);
INSERT INTO "Segment" ("id", "length") VALUES (1643, 925);
UPDATE "TrackElement" SET "region" = 1599 WHERE "id" = 1643;
INSERT INTO "monitoredBy" VALUES (1643, 1639);
INSERT INTO "TrackElement" ("id") VALUES (1644);
INSERT INTO "Segment" ("id", "length") VALUES (1644, 858);
UPDATE "TrackElement" SET "region" = 1599 WHERE "id" = 1644;
INSERT INTO "monitoredBy" VALUES (1644, 1639);
INSERT INTO "Sensor" ("id") VALUES (1645);
UPDATE "Sensor" SET "region" = 1599 WHERE "id" = 1645;
INSERT INTO "monitoredBy" VALUES (1638, 1645);
INSERT INTO "TrackElement" ("id") VALUES (1646);
INSERT INTO "Segment" ("id", "length") VALUES (1646, 51);
UPDATE "TrackElement" SET "region" = 1599 WHERE "id" = 1646;
INSERT INTO "monitoredBy" VALUES (1646, 1645);
INSERT INTO "TrackElement" ("id") VALUES (1647);
INSERT INTO "Segment" ("id", "length") VALUES (1647, 340);
UPDATE "TrackElement" SET "region" = 1599 WHERE "id" = 1647;
INSERT INTO "monitoredBy" VALUES (1647, 1645);
INSERT INTO "TrackElement" ("id") VALUES (1648);
INSERT INTO "Segment" ("id", "length") VALUES (1648, 671);
UPDATE "TrackElement" SET "region" = 1599 WHERE "id" = 1648;
INSERT INTO "monitoredBy" VALUES (1648, 1645);
INSERT INTO "TrackElement" ("id") VALUES (1649);
INSERT INTO "Segment" ("id", "length") VALUES (1649, 973);
UPDATE "TrackElement" SET "region" = 1599 WHERE "id" = 1649;
INSERT INTO "monitoredBy" VALUES (1649, 1645);
INSERT INTO "TrackElement" ("id") VALUES (1650);
INSERT INTO "Segment" ("id", "length") VALUES (1650, 131);
UPDATE "TrackElement" SET "region" = 1599 WHERE "id" = 1650;
INSERT INTO "monitoredBy" VALUES (1650, 1645);
INSERT INTO "Sensor" ("id") VALUES (1651);
UPDATE "Sensor" SET "region" = 1599 WHERE "id" = 1651;
INSERT INTO "monitoredBy" VALUES (1638, 1651);
UPDATE "Sensor" SET "route" = 1598 WHERE "id" = 1651;
INSERT INTO "TrackElement" ("id") VALUES (1652);
INSERT INTO "Segment" ("id", "length") VALUES (1652, 996);
UPDATE "TrackElement" SET "region" = 1599 WHERE "id" = 1652;
INSERT INTO "monitoredBy" VALUES (1652, 1651);
INSERT INTO "TrackElement" ("id") VALUES (1653);
INSERT INTO "Segment" ("id", "length") VALUES (1653, 329);
UPDATE "TrackElement" SET "region" = 1599 WHERE "id" = 1653;
INSERT INTO "monitoredBy" VALUES (1653, 1651);
INSERT INTO "TrackElement" ("id") VALUES (1654);
INSERT INTO "Segment" ("id", "length") VALUES (1654, 136);
UPDATE "TrackElement" SET "region" = 1599 WHERE "id" = 1654;
INSERT INTO "monitoredBy" VALUES (1654, 1651);
INSERT INTO "TrackElement" ("id") VALUES (1655);
INSERT INTO "Segment" ("id", "length") VALUES (1655, 789);
UPDATE "TrackElement" SET "region" = 1599 WHERE "id" = 1655;
INSERT INTO "monitoredBy" VALUES (1655, 1651);
INSERT INTO "TrackElement" ("id") VALUES (1656);
INSERT INTO "Segment" ("id", "length") VALUES (1656, 953);
UPDATE "TrackElement" SET "region" = 1599 WHERE "id" = 1656;
INSERT INTO "monitoredBy" VALUES (1656, 1651);
INSERT INTO "Sensor" ("id") VALUES (1657);
UPDATE "Sensor" SET "region" = 1599 WHERE "id" = 1657;
INSERT INTO "monitoredBy" VALUES (1638, 1657);
INSERT INTO "TrackElement" ("id") VALUES (1658);
INSERT INTO "Segment" ("id", "length") VALUES (1658, 609);
UPDATE "TrackElement" SET "region" = 1599 WHERE "id" = 1658;
INSERT INTO "monitoredBy" VALUES (1658, 1657);
INSERT INTO "TrackElement" ("id") VALUES (1659);
INSERT INTO "Segment" ("id", "length") VALUES (1659, 842);
UPDATE "TrackElement" SET "region" = 1599 WHERE "id" = 1659;
INSERT INTO "monitoredBy" VALUES (1659, 1657);
INSERT INTO "TrackElement" ("id") VALUES (1660);
INSERT INTO "Segment" ("id", "length") VALUES (1660, 566);
UPDATE "TrackElement" SET "region" = 1599 WHERE "id" = 1660;
INSERT INTO "monitoredBy" VALUES (1660, 1657);
INSERT INTO "TrackElement" ("id") VALUES (1661);
INSERT INTO "Segment" ("id", "length") VALUES (1661, 62);
UPDATE "TrackElement" SET "region" = 1599 WHERE "id" = 1661;
INSERT INTO "monitoredBy" VALUES (1661, 1657);
INSERT INTO "TrackElement" ("id") VALUES (1662);
INSERT INTO "Segment" ("id", "length") VALUES (1662, 183);
UPDATE "TrackElement" SET "region" = 1599 WHERE "id" = 1662;
INSERT INTO "monitoredBy" VALUES (1662, 1657);
INSERT INTO "Sensor" ("id") VALUES (1663);
UPDATE "Sensor" SET "region" = 1599 WHERE "id" = 1663;
INSERT INTO "monitoredBy" VALUES (1638, 1663);
UPDATE "Sensor" SET "route" = 1598 WHERE "id" = 1663;
INSERT INTO "TrackElement" ("id") VALUES (1664);
INSERT INTO "Segment" ("id", "length") VALUES (1664, 962);
UPDATE "TrackElement" SET "region" = 1599 WHERE "id" = 1664;
INSERT INTO "monitoredBy" VALUES (1664, 1663);
INSERT INTO "TrackElement" ("id") VALUES (1665);
INSERT INTO "Segment" ("id", "length") VALUES (1665, 121);
UPDATE "TrackElement" SET "region" = 1599 WHERE "id" = 1665;
INSERT INTO "monitoredBy" VALUES (1665, 1663);
INSERT INTO "TrackElement" ("id") VALUES (1666);
INSERT INTO "Segment" ("id", "length") VALUES (1666, 610);
UPDATE "TrackElement" SET "region" = 1599 WHERE "id" = 1666;
INSERT INTO "monitoredBy" VALUES (1666, 1663);
INSERT INTO "TrackElement" ("id") VALUES (1667);
INSERT INTO "Segment" ("id", "length") VALUES (1667, 367);
UPDATE "TrackElement" SET "region" = 1599 WHERE "id" = 1667;
INSERT INTO "monitoredBy" VALUES (1667, 1663);
INSERT INTO "TrackElement" ("id") VALUES (1668);
INSERT INTO "Segment" ("id", "length") VALUES (1668, 205);
UPDATE "TrackElement" SET "region" = 1599 WHERE "id" = 1668;
INSERT INTO "monitoredBy" VALUES (1668, 1663);
INSERT INTO "Sensor" ("id") VALUES (1669);
UPDATE "Sensor" SET "region" = 1599 WHERE "id" = 1669;
INSERT INTO "monitoredBy" VALUES (1638, 1669);
UPDATE "Sensor" SET "route" = 1598 WHERE "id" = 1669;
INSERT INTO "TrackElement" ("id") VALUES (1670);
INSERT INTO "Segment" ("id", "length") VALUES (1670, 671);
UPDATE "TrackElement" SET "region" = 1599 WHERE "id" = 1670;
INSERT INTO "monitoredBy" VALUES (1670, 1669);
INSERT INTO "TrackElement" ("id") VALUES (1671);
INSERT INTO "Segment" ("id", "length") VALUES (1671, 529);
UPDATE "TrackElement" SET "region" = 1599 WHERE "id" = 1671;
INSERT INTO "monitoredBy" VALUES (1671, 1669);
INSERT INTO "TrackElement" ("id") VALUES (1672);
INSERT INTO "Segment" ("id", "length") VALUES (1672, 120);
UPDATE "TrackElement" SET "region" = 1599 WHERE "id" = 1672;
INSERT INTO "monitoredBy" VALUES (1672, 1669);
INSERT INTO "TrackElement" ("id") VALUES (1673);
INSERT INTO "Segment" ("id", "length") VALUES (1673, 658);
UPDATE "TrackElement" SET "region" = 1599 WHERE "id" = 1673;
INSERT INTO "monitoredBy" VALUES (1673, 1669);
INSERT INTO "TrackElement" ("id") VALUES (1674);
INSERT INTO "Segment" ("id", "length") VALUES (1674, 908);
UPDATE "TrackElement" SET "region" = 1599 WHERE "id" = 1674;
INSERT INTO "monitoredBy" VALUES (1674, 1669);
INSERT INTO "Sensor" ("id") VALUES (1675);
UPDATE "Sensor" SET "region" = 1599 WHERE "id" = 1675;
INSERT INTO "monitoredBy" VALUES (1638, 1675);
UPDATE "Sensor" SET "route" = 1598 WHERE "id" = 1675;
INSERT INTO "TrackElement" ("id") VALUES (1676);
INSERT INTO "Segment" ("id", "length") VALUES (1676, 755);
UPDATE "TrackElement" SET "region" = 1599 WHERE "id" = 1676;
INSERT INTO "monitoredBy" VALUES (1676, 1675);
INSERT INTO "TrackElement" ("id") VALUES (1677);
INSERT INTO "Segment" ("id", "length") VALUES (1677, 712);
UPDATE "TrackElement" SET "region" = 1599 WHERE "id" = 1677;
INSERT INTO "monitoredBy" VALUES (1677, 1675);
INSERT INTO "TrackElement" ("id") VALUES (1678);
INSERT INTO "Segment" ("id", "length") VALUES (1678, 541);
UPDATE "TrackElement" SET "region" = 1599 WHERE "id" = 1678;
INSERT INTO "monitoredBy" VALUES (1678, 1675);
INSERT INTO "TrackElement" ("id") VALUES (1679);
INSERT INTO "Segment" ("id", "length") VALUES (1679, 360);
UPDATE "TrackElement" SET "region" = 1599 WHERE "id" = 1679;
INSERT INTO "monitoredBy" VALUES (1679, 1675);
INSERT INTO "TrackElement" ("id") VALUES (1680);
INSERT INTO "Segment" ("id", "length") VALUES (1680, 471);
UPDATE "TrackElement" SET "region" = 1599 WHERE "id" = 1680;
INSERT INTO "monitoredBy" VALUES (1680, 1675);
INSERT INTO "Sensor" ("id") VALUES (1681);
UPDATE "Sensor" SET "region" = 1599 WHERE "id" = 1681;
INSERT INTO "monitoredBy" VALUES (1638, 1681);
UPDATE "Sensor" SET "route" = 1598 WHERE "id" = 1681;
INSERT INTO "TrackElement" ("id") VALUES (1682);
INSERT INTO "Segment" ("id", "length") VALUES (1682, 436);
UPDATE "TrackElement" SET "region" = 1599 WHERE "id" = 1682;
INSERT INTO "monitoredBy" VALUES (1682, 1681);
INSERT INTO "TrackElement" ("id") VALUES (1683);
INSERT INTO "Segment" ("id", "length") VALUES (1683, 668);
UPDATE "TrackElement" SET "region" = 1599 WHERE "id" = 1683;
INSERT INTO "monitoredBy" VALUES (1683, 1681);
INSERT INTO "TrackElement" ("id") VALUES (1684);
INSERT INTO "Segment" ("id", "length") VALUES (1684, 179);
UPDATE "TrackElement" SET "region" = 1599 WHERE "id" = 1684;
INSERT INTO "monitoredBy" VALUES (1684, 1681);
INSERT INTO "TrackElement" ("id") VALUES (1685);
INSERT INTO "Segment" ("id", "length") VALUES (1685, 809);
UPDATE "TrackElement" SET "region" = 1599 WHERE "id" = 1685;
INSERT INTO "monitoredBy" VALUES (1685, 1681);
INSERT INTO "TrackElement" ("id") VALUES (1686);
INSERT INTO "Segment" ("id", "length") VALUES (1686, 422);
UPDATE "TrackElement" SET "region" = 1599 WHERE "id" = 1686;
INSERT INTO "monitoredBy" VALUES (1686, 1681);
INSERT INTO "TrackElement" ("id") VALUES (1687);
INSERT INTO "Segment" ("id", "length") VALUES (1687, 805);
UPDATE "TrackElement" SET "region" = 1599 WHERE "id" = 1687;
INSERT INTO "monitoredBy" VALUES (1687, 1681);
INSERT INTO "Sensor" ("id") VALUES (1688);
UPDATE "Sensor" SET "region" = 1599 WHERE "id" = 1688;
INSERT INTO "monitoredBy" VALUES (1638, 1688);
UPDATE "Sensor" SET "route" = 1598 WHERE "id" = 1688;
INSERT INTO "TrackElement" ("id") VALUES (1689);
INSERT INTO "Segment" ("id", "length") VALUES (1689, 580);
UPDATE "TrackElement" SET "region" = 1599 WHERE "id" = 1689;
INSERT INTO "monitoredBy" VALUES (1689, 1688);
INSERT INTO "TrackElement" ("id") VALUES (1690);
INSERT INTO "Segment" ("id", "length") VALUES (1690, 352);
UPDATE "TrackElement" SET "region" = 1599 WHERE "id" = 1690;
INSERT INTO "monitoredBy" VALUES (1690, 1688);
INSERT INTO "TrackElement" ("id") VALUES (1691);
INSERT INTO "Segment" ("id", "length") VALUES (1691, 63);
UPDATE "TrackElement" SET "region" = 1599 WHERE "id" = 1691;
INSERT INTO "monitoredBy" VALUES (1691, 1688);
INSERT INTO "TrackElement" ("id") VALUES (1692);
INSERT INTO "Segment" ("id", "length") VALUES (1692, 992);
UPDATE "TrackElement" SET "region" = 1599 WHERE "id" = 1692;
INSERT INTO "monitoredBy" VALUES (1692, 1688);
INSERT INTO "TrackElement" ("id") VALUES (1693);
INSERT INTO "Segment" ("id", "length") VALUES (1693, 93);
UPDATE "TrackElement" SET "region" = 1599 WHERE "id" = 1693;
INSERT INTO "monitoredBy" VALUES (1693, 1688);
UPDATE "Switch" SET "currentPosition" = 1 WHERE "id" = 1638;
INSERT INTO "SwitchPosition" ("id", "position", "target") VALUES (1694, 1, 1638);
UPDATE "SwitchPosition" SET "route" = 1598 WHERE "id" = 1694;
INSERT INTO "TrackElement" ("id") VALUES (1695);
INSERT INTO "Switch" ("id") VALUES (1695);
UPDATE "TrackElement" SET "region" = 1599 WHERE "id" = 1695;
INSERT INTO "Sensor" ("id") VALUES (1696);
UPDATE "Sensor" SET "region" = 1599 WHERE "id" = 1696;
INSERT INTO "monitoredBy" VALUES (1695, 1696);
UPDATE "Sensor" SET "route" = 1598 WHERE "id" = 1696;
INSERT INTO "TrackElement" ("id") VALUES (1697);
INSERT INTO "Segment" ("id", "length") VALUES (1697, 682);
UPDATE "TrackElement" SET "region" = 1599 WHERE "id" = 1697;
INSERT INTO "monitoredBy" VALUES (1697, 1696);
INSERT INTO "TrackElement" ("id") VALUES (1698);
INSERT INTO "Segment" ("id", "length") VALUES (1698, 647);
UPDATE "TrackElement" SET "region" = 1599 WHERE "id" = 1698;
INSERT INTO "monitoredBy" VALUES (1698, 1696);
INSERT INTO "TrackElement" ("id") VALUES (1699);
INSERT INTO "Segment" ("id", "length") VALUES (1699, 911);
UPDATE "TrackElement" SET "region" = 1599 WHERE "id" = 1699;
INSERT INTO "monitoredBy" VALUES (1699, 1696);
INSERT INTO "TrackElement" ("id") VALUES (1700);
INSERT INTO "Segment" ("id", "length") VALUES (1700, 10);
UPDATE "TrackElement" SET "region" = 1599 WHERE "id" = 1700;
INSERT INTO "monitoredBy" VALUES (1700, 1696);
INSERT INTO "TrackElement" ("id") VALUES (1701);
INSERT INTO "Segment" ("id", "length") VALUES (1701, 686);
UPDATE "TrackElement" SET "region" = 1599 WHERE "id" = 1701;
INSERT INTO "monitoredBy" VALUES (1701, 1696);
UPDATE "Switch" SET "currentPosition" = 0 WHERE "id" = 1695;
INSERT INTO "SwitchPosition" ("id", "position", "target") VALUES (1702, 0, 1695);
UPDATE "SwitchPosition" SET "route" = 1598 WHERE "id" = 1702;
INSERT INTO "TrackElement" ("id") VALUES (1703);
INSERT INTO "Switch" ("id") VALUES (1703);
UPDATE "TrackElement" SET "region" = 1599 WHERE "id" = 1703;
INSERT INTO "Sensor" ("id") VALUES (1704);
UPDATE "Sensor" SET "region" = 1599 WHERE "id" = 1704;
INSERT INTO "monitoredBy" VALUES (1703, 1704);
UPDATE "Sensor" SET "route" = 1598 WHERE "id" = 1704;
INSERT INTO "TrackElement" ("id") VALUES (1705);
INSERT INTO "Segment" ("id", "length") VALUES (1705, 541);
UPDATE "TrackElement" SET "region" = 1599 WHERE "id" = 1705;
INSERT INTO "monitoredBy" VALUES (1705, 1704);
INSERT INTO "TrackElement" ("id") VALUES (1706);
INSERT INTO "Segment" ("id", "length") VALUES (1706, 1000);
UPDATE "TrackElement" SET "region" = 1599 WHERE "id" = 1706;
INSERT INTO "monitoredBy" VALUES (1706, 1704);
INSERT INTO "TrackElement" ("id") VALUES (1707);
INSERT INTO "Segment" ("id", "length") VALUES (1707, 108);
UPDATE "TrackElement" SET "region" = 1599 WHERE "id" = 1707;
INSERT INTO "monitoredBy" VALUES (1707, 1704);
INSERT INTO "TrackElement" ("id") VALUES (1708);
INSERT INTO "Segment" ("id", "length") VALUES (1708, 868);
UPDATE "TrackElement" SET "region" = 1599 WHERE "id" = 1708;
INSERT INTO "monitoredBy" VALUES (1708, 1704);
INSERT INTO "TrackElement" ("id") VALUES (1709);
INSERT INTO "Segment" ("id", "length") VALUES (1709, 734);
UPDATE "TrackElement" SET "region" = 1599 WHERE "id" = 1709;
INSERT INTO "monitoredBy" VALUES (1709, 1704);
INSERT INTO "Sensor" ("id") VALUES (1710);
UPDATE "Sensor" SET "region" = 1599 WHERE "id" = 1710;
INSERT INTO "monitoredBy" VALUES (1703, 1710);
UPDATE "Sensor" SET "route" = 1598 WHERE "id" = 1710;
INSERT INTO "TrackElement" ("id") VALUES (1711);
INSERT INTO "Segment" ("id", "length") VALUES (1711, 874);
UPDATE "TrackElement" SET "region" = 1599 WHERE "id" = 1711;
INSERT INTO "monitoredBy" VALUES (1711, 1710);
INSERT INTO "TrackElement" ("id") VALUES (1712);
INSERT INTO "Segment" ("id", "length") VALUES (1712, 218);
UPDATE "TrackElement" SET "region" = 1599 WHERE "id" = 1712;
INSERT INTO "monitoredBy" VALUES (1712, 1710);
INSERT INTO "TrackElement" ("id") VALUES (1713);
INSERT INTO "Segment" ("id", "length") VALUES (1713, 421);
UPDATE "TrackElement" SET "region" = 1599 WHERE "id" = 1713;
INSERT INTO "monitoredBy" VALUES (1713, 1710);
INSERT INTO "TrackElement" ("id") VALUES (1714);
INSERT INTO "Segment" ("id", "length") VALUES (1714, 224);
UPDATE "TrackElement" SET "region" = 1599 WHERE "id" = 1714;
INSERT INTO "monitoredBy" VALUES (1714, 1710);
INSERT INTO "TrackElement" ("id") VALUES (1715);
INSERT INTO "Segment" ("id", "length") VALUES (1715, 256);
UPDATE "TrackElement" SET "region" = 1599 WHERE "id" = 1715;
INSERT INTO "monitoredBy" VALUES (1715, 1710);
INSERT INTO "Sensor" ("id") VALUES (1716);
UPDATE "Sensor" SET "region" = 1599 WHERE "id" = 1716;
INSERT INTO "monitoredBy" VALUES (1703, 1716);
UPDATE "Sensor" SET "route" = 1598 WHERE "id" = 1716;
INSERT INTO "TrackElement" ("id") VALUES (1717);
INSERT INTO "Segment" ("id", "length") VALUES (1717, 876);
UPDATE "TrackElement" SET "region" = 1599 WHERE "id" = 1717;
INSERT INTO "monitoredBy" VALUES (1717, 1716);
INSERT INTO "TrackElement" ("id") VALUES (1718);
INSERT INTO "Segment" ("id", "length") VALUES (1718, 244);
UPDATE "TrackElement" SET "region" = 1599 WHERE "id" = 1718;
INSERT INTO "monitoredBy" VALUES (1718, 1716);
INSERT INTO "TrackElement" ("id") VALUES (1719);
INSERT INTO "Segment" ("id", "length") VALUES (1719, 486);
UPDATE "TrackElement" SET "region" = 1599 WHERE "id" = 1719;
INSERT INTO "monitoredBy" VALUES (1719, 1716);
INSERT INTO "TrackElement" ("id") VALUES (1720);
INSERT INTO "Segment" ("id", "length") VALUES (1720, 972);
UPDATE "TrackElement" SET "region" = 1599 WHERE "id" = 1720;
INSERT INTO "monitoredBy" VALUES (1720, 1716);
INSERT INTO "TrackElement" ("id") VALUES (1721);
INSERT INTO "Segment" ("id", "length") VALUES (1721, -746);
UPDATE "TrackElement" SET "region" = 1599 WHERE "id" = 1721;
INSERT INTO "monitoredBy" VALUES (1721, 1716);
INSERT INTO "Sensor" ("id") VALUES (1722);
UPDATE "Sensor" SET "region" = 1599 WHERE "id" = 1722;
INSERT INTO "monitoredBy" VALUES (1703, 1722);
UPDATE "Sensor" SET "route" = 1598 WHERE "id" = 1722;
INSERT INTO "TrackElement" ("id") VALUES (1723);
INSERT INTO "Segment" ("id", "length") VALUES (1723, 407);
UPDATE "TrackElement" SET "region" = 1599 WHERE "id" = 1723;
INSERT INTO "monitoredBy" VALUES (1723, 1722);
INSERT INTO "TrackElement" ("id") VALUES (1724);
INSERT INTO "Segment" ("id", "length") VALUES (1724, 753);
UPDATE "TrackElement" SET "region" = 1599 WHERE "id" = 1724;
INSERT INTO "monitoredBy" VALUES (1724, 1722);
INSERT INTO "TrackElement" ("id") VALUES (1725);
INSERT INTO "Segment" ("id", "length") VALUES (1725, 536);
UPDATE "TrackElement" SET "region" = 1599 WHERE "id" = 1725;
INSERT INTO "monitoredBy" VALUES (1725, 1722);
INSERT INTO "TrackElement" ("id") VALUES (1726);
INSERT INTO "Segment" ("id", "length") VALUES (1726, 36);
UPDATE "TrackElement" SET "region" = 1599 WHERE "id" = 1726;
INSERT INTO "monitoredBy" VALUES (1726, 1722);
INSERT INTO "TrackElement" ("id") VALUES (1727);
INSERT INTO "Segment" ("id", "length") VALUES (1727, 401);
UPDATE "TrackElement" SET "region" = 1599 WHERE "id" = 1727;
INSERT INTO "monitoredBy" VALUES (1727, 1722);
INSERT INTO "Sensor" ("id") VALUES (1728);
UPDATE "Sensor" SET "region" = 1599 WHERE "id" = 1728;
INSERT INTO "monitoredBy" VALUES (1703, 1728);
UPDATE "Sensor" SET "route" = 1598 WHERE "id" = 1728;
INSERT INTO "TrackElement" ("id") VALUES (1729);
INSERT INTO "Segment" ("id", "length") VALUES (1729, 188);
UPDATE "TrackElement" SET "region" = 1599 WHERE "id" = 1729;
INSERT INTO "monitoredBy" VALUES (1729, 1728);
INSERT INTO "TrackElement" ("id") VALUES (1730);
INSERT INTO "Segment" ("id", "length") VALUES (1730, 451);
UPDATE "TrackElement" SET "region" = 1599 WHERE "id" = 1730;
INSERT INTO "monitoredBy" VALUES (1730, 1728);
INSERT INTO "TrackElement" ("id") VALUES (1731);
INSERT INTO "Segment" ("id", "length") VALUES (1731, 845);
UPDATE "TrackElement" SET "region" = 1599 WHERE "id" = 1731;
INSERT INTO "monitoredBy" VALUES (1731, 1728);
INSERT INTO "TrackElement" ("id") VALUES (1732);
INSERT INTO "Segment" ("id", "length") VALUES (1732, 844);
UPDATE "TrackElement" SET "region" = 1599 WHERE "id" = 1732;
INSERT INTO "monitoredBy" VALUES (1732, 1728);
INSERT INTO "TrackElement" ("id") VALUES (1733);
INSERT INTO "Segment" ("id", "length") VALUES (1733, 701);
UPDATE "TrackElement" SET "region" = 1599 WHERE "id" = 1733;
INSERT INTO "monitoredBy" VALUES (1733, 1728);
INSERT INTO "Sensor" ("id") VALUES (1734);
UPDATE "Sensor" SET "region" = 1599 WHERE "id" = 1734;
INSERT INTO "monitoredBy" VALUES (1703, 1734);
UPDATE "Sensor" SET "route" = 1598 WHERE "id" = 1734;
INSERT INTO "TrackElement" ("id") VALUES (1735);
INSERT INTO "Segment" ("id", "length") VALUES (1735, 620);
UPDATE "TrackElement" SET "region" = 1599 WHERE "id" = 1735;
INSERT INTO "monitoredBy" VALUES (1735, 1734);
INSERT INTO "TrackElement" ("id") VALUES (1736);
INSERT INTO "Segment" ("id", "length") VALUES (1736, 839);
UPDATE "TrackElement" SET "region" = 1599 WHERE "id" = 1736;
INSERT INTO "monitoredBy" VALUES (1736, 1734);
INSERT INTO "TrackElement" ("id") VALUES (1737);
INSERT INTO "Segment" ("id", "length") VALUES (1737, 139);
UPDATE "TrackElement" SET "region" = 1599 WHERE "id" = 1737;
INSERT INTO "monitoredBy" VALUES (1737, 1734);
INSERT INTO "TrackElement" ("id") VALUES (1738);
INSERT INTO "Segment" ("id", "length") VALUES (1738, 527);
UPDATE "TrackElement" SET "region" = 1599 WHERE "id" = 1738;
INSERT INTO "monitoredBy" VALUES (1738, 1734);
INSERT INTO "TrackElement" ("id") VALUES (1739);
INSERT INTO "Segment" ("id", "length") VALUES (1739, 486);
UPDATE "TrackElement" SET "region" = 1599 WHERE "id" = 1739;
INSERT INTO "monitoredBy" VALUES (1739, 1734);
INSERT INTO "Sensor" ("id") VALUES (1740);
UPDATE "Sensor" SET "region" = 1599 WHERE "id" = 1740;
INSERT INTO "monitoredBy" VALUES (1703, 1740);
UPDATE "Sensor" SET "route" = 1598 WHERE "id" = 1740;
INSERT INTO "TrackElement" ("id") VALUES (1741);
INSERT INTO "Segment" ("id", "length") VALUES (1741, 962);
UPDATE "TrackElement" SET "region" = 1599 WHERE "id" = 1741;
INSERT INTO "monitoredBy" VALUES (1741, 1740);
INSERT INTO "TrackElement" ("id") VALUES (1742);
INSERT INTO "Segment" ("id", "length") VALUES (1742, 632);
UPDATE "TrackElement" SET "region" = 1599 WHERE "id" = 1742;
INSERT INTO "monitoredBy" VALUES (1742, 1740);
INSERT INTO "TrackElement" ("id") VALUES (1743);
INSERT INTO "Segment" ("id", "length") VALUES (1743, 181);
UPDATE "TrackElement" SET "region" = 1599 WHERE "id" = 1743;
INSERT INTO "monitoredBy" VALUES (1743, 1740);
INSERT INTO "TrackElement" ("id") VALUES (1744);
INSERT INTO "Segment" ("id", "length") VALUES (1744, 370);
UPDATE "TrackElement" SET "region" = 1599 WHERE "id" = 1744;
INSERT INTO "monitoredBy" VALUES (1744, 1740);
INSERT INTO "TrackElement" ("id") VALUES (1745);
INSERT INTO "Segment" ("id", "length") VALUES (1745, 127);
UPDATE "TrackElement" SET "region" = 1599 WHERE "id" = 1745;
INSERT INTO "monitoredBy" VALUES (1745, 1740);
INSERT INTO "Sensor" ("id") VALUES (1746);
UPDATE "Sensor" SET "region" = 1599 WHERE "id" = 1746;
INSERT INTO "monitoredBy" VALUES (1703, 1746);
UPDATE "Sensor" SET "route" = 1598 WHERE "id" = 1746;
INSERT INTO "TrackElement" ("id") VALUES (1747);
INSERT INTO "Segment" ("id", "length") VALUES (1747, 753);
UPDATE "TrackElement" SET "region" = 1599 WHERE "id" = 1747;
INSERT INTO "monitoredBy" VALUES (1747, 1746);
INSERT INTO "TrackElement" ("id") VALUES (1748);
INSERT INTO "Segment" ("id", "length") VALUES (1748, 992);
UPDATE "TrackElement" SET "region" = 1599 WHERE "id" = 1748;
INSERT INTO "monitoredBy" VALUES (1748, 1746);
INSERT INTO "TrackElement" ("id") VALUES (1749);
INSERT INTO "Segment" ("id", "length") VALUES (1749, 798);
UPDATE "TrackElement" SET "region" = 1599 WHERE "id" = 1749;
INSERT INTO "monitoredBy" VALUES (1749, 1746);
INSERT INTO "TrackElement" ("id") VALUES (1750);
INSERT INTO "Segment" ("id", "length") VALUES (1750, 171);
UPDATE "TrackElement" SET "region" = 1599 WHERE "id" = 1750;
INSERT INTO "monitoredBy" VALUES (1750, 1746);
INSERT INTO "TrackElement" ("id") VALUES (1751);
INSERT INTO "Segment" ("id", "length") VALUES (1751, 127);
UPDATE "TrackElement" SET "region" = 1599 WHERE "id" = 1751;
INSERT INTO "monitoredBy" VALUES (1751, 1746);
UPDATE "Switch" SET "currentPosition" = 1 WHERE "id" = 1703;
INSERT INTO "SwitchPosition" ("id", "position", "target") VALUES (1752, 1, 1703);
UPDATE "SwitchPosition" SET "route" = 1598 WHERE "id" = 1752;
INSERT INTO "TrackElement" ("id") VALUES (1753);
INSERT INTO "Switch" ("id") VALUES (1753);
UPDATE "TrackElement" SET "region" = 1599 WHERE "id" = 1753;
INSERT INTO "Sensor" ("id") VALUES (1754);
UPDATE "Sensor" SET "region" = 1599 WHERE "id" = 1754;
INSERT INTO "monitoredBy" VALUES (1753, 1754);
UPDATE "Sensor" SET "route" = 1598 WHERE "id" = 1754;
INSERT INTO "TrackElement" ("id") VALUES (1755);
INSERT INTO "Segment" ("id", "length") VALUES (1755, 837);
UPDATE "TrackElement" SET "region" = 1599 WHERE "id" = 1755;
INSERT INTO "monitoredBy" VALUES (1755, 1754);
INSERT INTO "TrackElement" ("id") VALUES (1756);
INSERT INTO "Segment" ("id", "length") VALUES (1756, 38);
UPDATE "TrackElement" SET "region" = 1599 WHERE "id" = 1756;
INSERT INTO "monitoredBy" VALUES (1756, 1754);
INSERT INTO "TrackElement" ("id") VALUES (1757);
INSERT INTO "Segment" ("id", "length") VALUES (1757, 747);
UPDATE "TrackElement" SET "region" = 1599 WHERE "id" = 1757;
INSERT INTO "monitoredBy" VALUES (1757, 1754);
INSERT INTO "TrackElement" ("id") VALUES (1758);
INSERT INTO "Segment" ("id", "length") VALUES (1758, 616);
UPDATE "TrackElement" SET "region" = 1599 WHERE "id" = 1758;
INSERT INTO "monitoredBy" VALUES (1758, 1754);
INSERT INTO "TrackElement" ("id") VALUES (1759);
INSERT INTO "Segment" ("id", "length") VALUES (1759, 238);
UPDATE "TrackElement" SET "region" = 1599 WHERE "id" = 1759;
INSERT INTO "monitoredBy" VALUES (1759, 1754);
INSERT INTO "Sensor" ("id") VALUES (1760);
UPDATE "Sensor" SET "region" = 1599 WHERE "id" = 1760;
INSERT INTO "monitoredBy" VALUES (1753, 1760);
UPDATE "Sensor" SET "route" = 1598 WHERE "id" = 1760;
INSERT INTO "TrackElement" ("id") VALUES (1761);
INSERT INTO "Segment" ("id", "length") VALUES (1761, 882);
UPDATE "TrackElement" SET "region" = 1599 WHERE "id" = 1761;
INSERT INTO "monitoredBy" VALUES (1761, 1760);
INSERT INTO "TrackElement" ("id") VALUES (1762);
INSERT INTO "Segment" ("id", "length") VALUES (1762, 959);
UPDATE "TrackElement" SET "region" = 1599 WHERE "id" = 1762;
INSERT INTO "monitoredBy" VALUES (1762, 1760);
INSERT INTO "TrackElement" ("id") VALUES (1763);
INSERT INTO "Segment" ("id", "length") VALUES (1763, 793);
UPDATE "TrackElement" SET "region" = 1599 WHERE "id" = 1763;
INSERT INTO "monitoredBy" VALUES (1763, 1760);
INSERT INTO "TrackElement" ("id") VALUES (1764);
INSERT INTO "Segment" ("id", "length") VALUES (1764, 235);
UPDATE "TrackElement" SET "region" = 1599 WHERE "id" = 1764;
INSERT INTO "monitoredBy" VALUES (1764, 1760);
INSERT INTO "TrackElement" ("id") VALUES (1765);
INSERT INTO "Segment" ("id", "length") VALUES (1765, 793);
UPDATE "TrackElement" SET "region" = 1599 WHERE "id" = 1765;
INSERT INTO "monitoredBy" VALUES (1765, 1760);
UPDATE "Switch" SET "currentPosition" = 0 WHERE "id" = 1753;
INSERT INTO "SwitchPosition" ("id", "position", "target") VALUES (1766, 0, 1753);
UPDATE "SwitchPosition" SET "route" = 1598 WHERE "id" = 1766;
INSERT INTO "TrackElement" ("id") VALUES (1767);
INSERT INTO "Switch" ("id") VALUES (1767);
UPDATE "TrackElement" SET "region" = 1599 WHERE "id" = 1767;
INSERT INTO "Sensor" ("id") VALUES (1768);
UPDATE "Sensor" SET "region" = 1599 WHERE "id" = 1768;
INSERT INTO "monitoredBy" VALUES (1767, 1768);
UPDATE "Sensor" SET "route" = 1598 WHERE "id" = 1768;
INSERT INTO "TrackElement" ("id") VALUES (1769);
INSERT INTO "Segment" ("id", "length") VALUES (1769, 259);
UPDATE "TrackElement" SET "region" = 1599 WHERE "id" = 1769;
INSERT INTO "monitoredBy" VALUES (1769, 1768);
INSERT INTO "TrackElement" ("id") VALUES (1770);
INSERT INTO "Segment" ("id", "length") VALUES (1770, 47);
UPDATE "TrackElement" SET "region" = 1599 WHERE "id" = 1770;
INSERT INTO "monitoredBy" VALUES (1770, 1768);
INSERT INTO "TrackElement" ("id") VALUES (1771);
INSERT INTO "Segment" ("id", "length") VALUES (1771, 60);
UPDATE "TrackElement" SET "region" = 1599 WHERE "id" = 1771;
INSERT INTO "monitoredBy" VALUES (1771, 1768);
INSERT INTO "TrackElement" ("id") VALUES (1772);
INSERT INTO "Segment" ("id", "length") VALUES (1772, 58);
UPDATE "TrackElement" SET "region" = 1599 WHERE "id" = 1772;
INSERT INTO "monitoredBy" VALUES (1772, 1768);
INSERT INTO "TrackElement" ("id") VALUES (1773);
INSERT INTO "Segment" ("id", "length") VALUES (1773, 920);
UPDATE "TrackElement" SET "region" = 1599 WHERE "id" = 1773;
INSERT INTO "monitoredBy" VALUES (1773, 1768);
INSERT INTO "Sensor" ("id") VALUES (1774);
UPDATE "Sensor" SET "region" = 1599 WHERE "id" = 1774;
INSERT INTO "monitoredBy" VALUES (1767, 1774);
UPDATE "Sensor" SET "route" = 1598 WHERE "id" = 1774;
INSERT INTO "TrackElement" ("id") VALUES (1775);
INSERT INTO "Segment" ("id", "length") VALUES (1775, 992);
UPDATE "TrackElement" SET "region" = 1599 WHERE "id" = 1775;
INSERT INTO "monitoredBy" VALUES (1775, 1774);
INSERT INTO "TrackElement" ("id") VALUES (1776);
INSERT INTO "Segment" ("id", "length") VALUES (1776, 576);
UPDATE "TrackElement" SET "region" = 1599 WHERE "id" = 1776;
INSERT INTO "monitoredBy" VALUES (1776, 1774);
INSERT INTO "TrackElement" ("id") VALUES (1777);
INSERT INTO "Segment" ("id", "length") VALUES (1777, 861);
UPDATE "TrackElement" SET "region" = 1599 WHERE "id" = 1777;
INSERT INTO "monitoredBy" VALUES (1777, 1774);
INSERT INTO "TrackElement" ("id") VALUES (1778);
INSERT INTO "Segment" ("id", "length") VALUES (1778, 366);
UPDATE "TrackElement" SET "region" = 1599 WHERE "id" = 1778;
INSERT INTO "monitoredBy" VALUES (1778, 1774);
INSERT INTO "TrackElement" ("id") VALUES (1779);
INSERT INTO "Segment" ("id", "length") VALUES (1779, 835);
UPDATE "TrackElement" SET "region" = 1599 WHERE "id" = 1779;
INSERT INTO "monitoredBy" VALUES (1779, 1774);
INSERT INTO "Sensor" ("id") VALUES (1780);
UPDATE "Sensor" SET "region" = 1599 WHERE "id" = 1780;
INSERT INTO "monitoredBy" VALUES (1767, 1780);
UPDATE "Sensor" SET "route" = 1598 WHERE "id" = 1780;
INSERT INTO "TrackElement" ("id") VALUES (1781);
INSERT INTO "Segment" ("id", "length") VALUES (1781, 145);
UPDATE "TrackElement" SET "region" = 1599 WHERE "id" = 1781;
INSERT INTO "monitoredBy" VALUES (1781, 1780);
INSERT INTO "TrackElement" ("id") VALUES (1782);
INSERT INTO "Segment" ("id", "length") VALUES (1782, 177);
UPDATE "TrackElement" SET "region" = 1599 WHERE "id" = 1782;
INSERT INTO "monitoredBy" VALUES (1782, 1780);
INSERT INTO "TrackElement" ("id") VALUES (1783);
INSERT INTO "Segment" ("id", "length") VALUES (1783, 683);
UPDATE "TrackElement" SET "region" = 1599 WHERE "id" = 1783;
INSERT INTO "monitoredBy" VALUES (1783, 1780);
INSERT INTO "TrackElement" ("id") VALUES (1784);
INSERT INTO "Segment" ("id", "length") VALUES (1784, 64);
UPDATE "TrackElement" SET "region" = 1599 WHERE "id" = 1784;
INSERT INTO "monitoredBy" VALUES (1784, 1780);
INSERT INTO "TrackElement" ("id") VALUES (1785);
INSERT INTO "Segment" ("id", "length") VALUES (1785, 986);
UPDATE "TrackElement" SET "region" = 1599 WHERE "id" = 1785;
INSERT INTO "monitoredBy" VALUES (1785, 1780);
INSERT INTO "Sensor" ("id") VALUES (1786);
UPDATE "Sensor" SET "region" = 1599 WHERE "id" = 1786;
INSERT INTO "monitoredBy" VALUES (1767, 1786);
UPDATE "Sensor" SET "route" = 1598 WHERE "id" = 1786;
INSERT INTO "TrackElement" ("id") VALUES (1787);
INSERT INTO "Segment" ("id", "length") VALUES (1787, 251);
UPDATE "TrackElement" SET "region" = 1599 WHERE "id" = 1787;
INSERT INTO "monitoredBy" VALUES (1787, 1786);
INSERT INTO "TrackElement" ("id") VALUES (1788);
INSERT INTO "Segment" ("id", "length") VALUES (1788, 204);
UPDATE "TrackElement" SET "region" = 1599 WHERE "id" = 1788;
INSERT INTO "monitoredBy" VALUES (1788, 1786);
INSERT INTO "TrackElement" ("id") VALUES (1789);
INSERT INTO "Segment" ("id", "length") VALUES (1789, 900);
UPDATE "TrackElement" SET "region" = 1599 WHERE "id" = 1789;
INSERT INTO "monitoredBy" VALUES (1789, 1786);
INSERT INTO "TrackElement" ("id") VALUES (1790);
INSERT INTO "Segment" ("id", "length") VALUES (1790, 760);
UPDATE "TrackElement" SET "region" = 1599 WHERE "id" = 1790;
INSERT INTO "monitoredBy" VALUES (1790, 1786);
INSERT INTO "TrackElement" ("id") VALUES (1791);
INSERT INTO "Segment" ("id", "length") VALUES (1791, 515);
UPDATE "TrackElement" SET "region" = 1599 WHERE "id" = 1791;
INSERT INTO "monitoredBy" VALUES (1791, 1786);
INSERT INTO "Sensor" ("id") VALUES (1792);
UPDATE "Sensor" SET "region" = 1599 WHERE "id" = 1792;
INSERT INTO "monitoredBy" VALUES (1767, 1792);
UPDATE "Sensor" SET "route" = 1598 WHERE "id" = 1792;
INSERT INTO "TrackElement" ("id") VALUES (1793);
INSERT INTO "Segment" ("id", "length") VALUES (1793, 772);
UPDATE "TrackElement" SET "region" = 1599 WHERE "id" = 1793;
INSERT INTO "monitoredBy" VALUES (1793, 1792);
INSERT INTO "TrackElement" ("id") VALUES (1794);
INSERT INTO "Segment" ("id", "length") VALUES (1794, 196);
UPDATE "TrackElement" SET "region" = 1599 WHERE "id" = 1794;
INSERT INTO "monitoredBy" VALUES (1794, 1792);
INSERT INTO "TrackElement" ("id") VALUES (1795);
INSERT INTO "Segment" ("id", "length") VALUES (1795, 242);
UPDATE "TrackElement" SET "region" = 1599 WHERE "id" = 1795;
INSERT INTO "monitoredBy" VALUES (1795, 1792);
INSERT INTO "TrackElement" ("id") VALUES (1796);
INSERT INTO "Segment" ("id", "length") VALUES (1796, 236);
UPDATE "TrackElement" SET "region" = 1599 WHERE "id" = 1796;
INSERT INTO "monitoredBy" VALUES (1796, 1792);
INSERT INTO "TrackElement" ("id") VALUES (1797);
INSERT INTO "Segment" ("id", "length") VALUES (1797, 312);
UPDATE "TrackElement" SET "region" = 1599 WHERE "id" = 1797;
INSERT INTO "monitoredBy" VALUES (1797, 1792);
INSERT INTO "Sensor" ("id") VALUES (1798);
UPDATE "Sensor" SET "region" = 1599 WHERE "id" = 1798;
INSERT INTO "monitoredBy" VALUES (1767, 1798);
UPDATE "Sensor" SET "route" = 1598 WHERE "id" = 1798;
INSERT INTO "TrackElement" ("id") VALUES (1799);
INSERT INTO "Segment" ("id", "length") VALUES (1799, -783);
UPDATE "TrackElement" SET "region" = 1599 WHERE "id" = 1799;
INSERT INTO "monitoredBy" VALUES (1799, 1798);
INSERT INTO "TrackElement" ("id") VALUES (1800);
INSERT INTO "Segment" ("id", "length") VALUES (1800, 893);
UPDATE "TrackElement" SET "region" = 1599 WHERE "id" = 1800;
INSERT INTO "monitoredBy" VALUES (1800, 1798);
INSERT INTO "TrackElement" ("id") VALUES (1801);
INSERT INTO "Segment" ("id", "length") VALUES (1801, 963);
UPDATE "TrackElement" SET "region" = 1599 WHERE "id" = 1801;
INSERT INTO "monitoredBy" VALUES (1801, 1798);
INSERT INTO "TrackElement" ("id") VALUES (1802);
INSERT INTO "Segment" ("id", "length") VALUES (1802, 760);
UPDATE "TrackElement" SET "region" = 1599 WHERE "id" = 1802;
INSERT INTO "monitoredBy" VALUES (1802, 1798);
INSERT INTO "TrackElement" ("id") VALUES (1803);
INSERT INTO "Segment" ("id", "length") VALUES (1803, 638);
UPDATE "TrackElement" SET "region" = 1599 WHERE "id" = 1803;
INSERT INTO "monitoredBy" VALUES (1803, 1798);
INSERT INTO "Sensor" ("id") VALUES (1804);
UPDATE "Sensor" SET "region" = 1599 WHERE "id" = 1804;
INSERT INTO "monitoredBy" VALUES (1767, 1804);
UPDATE "Sensor" SET "route" = 1598 WHERE "id" = 1804;
INSERT INTO "TrackElement" ("id") VALUES (1805);
INSERT INTO "Segment" ("id", "length") VALUES (1805, 255);
UPDATE "TrackElement" SET "region" = 1599 WHERE "id" = 1805;
INSERT INTO "monitoredBy" VALUES (1805, 1804);
INSERT INTO "TrackElement" ("id") VALUES (1806);
INSERT INTO "Segment" ("id", "length") VALUES (1806, 105);
UPDATE "TrackElement" SET "region" = 1599 WHERE "id" = 1806;
INSERT INTO "monitoredBy" VALUES (1806, 1804);
INSERT INTO "TrackElement" ("id") VALUES (1807);
INSERT INTO "Segment" ("id", "length") VALUES (1807, 506);
UPDATE "TrackElement" SET "region" = 1599 WHERE "id" = 1807;
INSERT INTO "monitoredBy" VALUES (1807, 1804);
INSERT INTO "TrackElement" ("id") VALUES (1808);
INSERT INTO "Segment" ("id", "length") VALUES (1808, 322);
UPDATE "TrackElement" SET "region" = 1599 WHERE "id" = 1808;
INSERT INTO "monitoredBy" VALUES (1808, 1804);
INSERT INTO "TrackElement" ("id") VALUES (1809);
INSERT INTO "Segment" ("id", "length") VALUES (1809, 225);
UPDATE "TrackElement" SET "region" = 1599 WHERE "id" = 1809;
INSERT INTO "monitoredBy" VALUES (1809, 1804);
UPDATE "Switch" SET "currentPosition" = 0 WHERE "id" = 1767;
INSERT INTO "SwitchPosition" ("id", "position", "target") VALUES (1810, 2, 1767);
UPDATE "SwitchPosition" SET "route" = 1598 WHERE "id" = 1810;
INSERT INTO "TrackElement" ("id") VALUES (1811);
INSERT INTO "Switch" ("id") VALUES (1811);
UPDATE "TrackElement" SET "region" = 1599 WHERE "id" = 1811;
INSERT INTO "Sensor" ("id") VALUES (1812);
UPDATE "Sensor" SET "region" = 1599 WHERE "id" = 1812;
INSERT INTO "monitoredBy" VALUES (1811, 1812);
UPDATE "Sensor" SET "route" = 1598 WHERE "id" = 1812;
INSERT INTO "TrackElement" ("id") VALUES (1813);
INSERT INTO "Segment" ("id", "length") VALUES (1813, 487);
UPDATE "TrackElement" SET "region" = 1599 WHERE "id" = 1813;
INSERT INTO "monitoredBy" VALUES (1813, 1812);
INSERT INTO "TrackElement" ("id") VALUES (1814);
INSERT INTO "Segment" ("id", "length") VALUES (1814, 50);
UPDATE "TrackElement" SET "region" = 1599 WHERE "id" = 1814;
INSERT INTO "monitoredBy" VALUES (1814, 1812);
INSERT INTO "TrackElement" ("id") VALUES (1815);
INSERT INTO "Segment" ("id", "length") VALUES (1815, 221);
UPDATE "TrackElement" SET "region" = 1599 WHERE "id" = 1815;
INSERT INTO "monitoredBy" VALUES (1815, 1812);
INSERT INTO "TrackElement" ("id") VALUES (1816);
INSERT INTO "Segment" ("id", "length") VALUES (1816, 621);
UPDATE "TrackElement" SET "region" = 1599 WHERE "id" = 1816;
INSERT INTO "monitoredBy" VALUES (1816, 1812);
INSERT INTO "TrackElement" ("id") VALUES (1817);
INSERT INTO "Segment" ("id", "length") VALUES (1817, 74);
UPDATE "TrackElement" SET "region" = 1599 WHERE "id" = 1817;
INSERT INTO "monitoredBy" VALUES (1817, 1812);
INSERT INTO "Sensor" ("id") VALUES (1818);
UPDATE "Sensor" SET "region" = 1599 WHERE "id" = 1818;
INSERT INTO "monitoredBy" VALUES (1811, 1818);
UPDATE "Sensor" SET "route" = 1598 WHERE "id" = 1818;
INSERT INTO "TrackElement" ("id") VALUES (1819);
INSERT INTO "Segment" ("id", "length") VALUES (1819, -608);
UPDATE "TrackElement" SET "region" = 1599 WHERE "id" = 1819;
INSERT INTO "monitoredBy" VALUES (1819, 1818);
INSERT INTO "TrackElement" ("id") VALUES (1820);
INSERT INTO "Segment" ("id", "length") VALUES (1820, 403);
UPDATE "TrackElement" SET "region" = 1599 WHERE "id" = 1820;
INSERT INTO "monitoredBy" VALUES (1820, 1818);
INSERT INTO "TrackElement" ("id") VALUES (1821);
INSERT INTO "Segment" ("id", "length") VALUES (1821, 659);
UPDATE "TrackElement" SET "region" = 1599 WHERE "id" = 1821;
INSERT INTO "monitoredBy" VALUES (1821, 1818);
INSERT INTO "TrackElement" ("id") VALUES (1822);
INSERT INTO "Segment" ("id", "length") VALUES (1822, 349);
UPDATE "TrackElement" SET "region" = 1599 WHERE "id" = 1822;
INSERT INTO "monitoredBy" VALUES (1822, 1818);
INSERT INTO "TrackElement" ("id") VALUES (1823);
INSERT INTO "Segment" ("id", "length") VALUES (1823, 561);
UPDATE "TrackElement" SET "region" = 1599 WHERE "id" = 1823;
INSERT INTO "monitoredBy" VALUES (1823, 1818);
INSERT INTO "Sensor" ("id") VALUES (1824);
UPDATE "Sensor" SET "region" = 1599 WHERE "id" = 1824;
INSERT INTO "monitoredBy" VALUES (1811, 1824);
UPDATE "Sensor" SET "route" = 1598 WHERE "id" = 1824;
INSERT INTO "TrackElement" ("id") VALUES (1825);
INSERT INTO "Segment" ("id", "length") VALUES (1825, 117);
UPDATE "TrackElement" SET "region" = 1599 WHERE "id" = 1825;
INSERT INTO "monitoredBy" VALUES (1825, 1824);
INSERT INTO "TrackElement" ("id") VALUES (1826);
INSERT INTO "Segment" ("id", "length") VALUES (1826, 953);
UPDATE "TrackElement" SET "region" = 1599 WHERE "id" = 1826;
INSERT INTO "monitoredBy" VALUES (1826, 1824);
INSERT INTO "TrackElement" ("id") VALUES (1827);
INSERT INTO "Segment" ("id", "length") VALUES (1827, 658);
UPDATE "TrackElement" SET "region" = 1599 WHERE "id" = 1827;
INSERT INTO "monitoredBy" VALUES (1827, 1824);
INSERT INTO "TrackElement" ("id") VALUES (1828);
INSERT INTO "Segment" ("id", "length") VALUES (1828, 613);
UPDATE "TrackElement" SET "region" = 1599 WHERE "id" = 1828;
INSERT INTO "monitoredBy" VALUES (1828, 1824);
INSERT INTO "TrackElement" ("id") VALUES (1829);
INSERT INTO "Segment" ("id", "length") VALUES (1829, 400);
UPDATE "TrackElement" SET "region" = 1599 WHERE "id" = 1829;
INSERT INTO "monitoredBy" VALUES (1829, 1824);
INSERT INTO "Sensor" ("id") VALUES (1830);
UPDATE "Sensor" SET "region" = 1599 WHERE "id" = 1830;
INSERT INTO "monitoredBy" VALUES (1811, 1830);
UPDATE "Sensor" SET "route" = 1598 WHERE "id" = 1830;
INSERT INTO "TrackElement" ("id") VALUES (1831);
INSERT INTO "Segment" ("id", "length") VALUES (1831, 383);
UPDATE "TrackElement" SET "region" = 1599 WHERE "id" = 1831;
INSERT INTO "monitoredBy" VALUES (1831, 1830);
INSERT INTO "TrackElement" ("id") VALUES (1832);
INSERT INTO "Segment" ("id", "length") VALUES (1832, 738);
UPDATE "TrackElement" SET "region" = 1599 WHERE "id" = 1832;
INSERT INTO "monitoredBy" VALUES (1832, 1830);
INSERT INTO "TrackElement" ("id") VALUES (1833);
INSERT INTO "Segment" ("id", "length") VALUES (1833, 77);
UPDATE "TrackElement" SET "region" = 1599 WHERE "id" = 1833;
INSERT INTO "monitoredBy" VALUES (1833, 1830);
INSERT INTO "TrackElement" ("id") VALUES (1834);
INSERT INTO "Segment" ("id", "length") VALUES (1834, 551);
UPDATE "TrackElement" SET "region" = 1599 WHERE "id" = 1834;
INSERT INTO "monitoredBy" VALUES (1834, 1830);
INSERT INTO "TrackElement" ("id") VALUES (1835);
INSERT INTO "Segment" ("id", "length") VALUES (1835, 958);
UPDATE "TrackElement" SET "region" = 1599 WHERE "id" = 1835;
INSERT INTO "monitoredBy" VALUES (1835, 1830);
INSERT INTO "Sensor" ("id") VALUES (1836);
UPDATE "Sensor" SET "region" = 1599 WHERE "id" = 1836;
INSERT INTO "monitoredBy" VALUES (1811, 1836);
UPDATE "Sensor" SET "route" = 1598 WHERE "id" = 1836;
INSERT INTO "TrackElement" ("id") VALUES (1837);
INSERT INTO "Segment" ("id", "length") VALUES (1837, 461);
UPDATE "TrackElement" SET "region" = 1599 WHERE "id" = 1837;
INSERT INTO "monitoredBy" VALUES (1837, 1836);
INSERT INTO "TrackElement" ("id") VALUES (1838);
INSERT INTO "Segment" ("id", "length") VALUES (1838, 209);
UPDATE "TrackElement" SET "region" = 1599 WHERE "id" = 1838;
INSERT INTO "monitoredBy" VALUES (1838, 1836);
INSERT INTO "TrackElement" ("id") VALUES (1839);
INSERT INTO "Segment" ("id", "length") VALUES (1839, 778);
UPDATE "TrackElement" SET "region" = 1599 WHERE "id" = 1839;
INSERT INTO "monitoredBy" VALUES (1839, 1836);
INSERT INTO "TrackElement" ("id") VALUES (1840);
INSERT INTO "Segment" ("id", "length") VALUES (1840, 7);
UPDATE "TrackElement" SET "region" = 1599 WHERE "id" = 1840;
INSERT INTO "monitoredBy" VALUES (1840, 1836);
INSERT INTO "TrackElement" ("id") VALUES (1841);
INSERT INTO "Segment" ("id", "length") VALUES (1841, 484);
UPDATE "TrackElement" SET "region" = 1599 WHERE "id" = 1841;
INSERT INTO "monitoredBy" VALUES (1841, 1836);
INSERT INTO "Sensor" ("id") VALUES (1842);
UPDATE "Sensor" SET "region" = 1599 WHERE "id" = 1842;
INSERT INTO "monitoredBy" VALUES (1811, 1842);
UPDATE "Sensor" SET "route" = 1598 WHERE "id" = 1842;
INSERT INTO "TrackElement" ("id") VALUES (1843);
INSERT INTO "Segment" ("id", "length") VALUES (1843, 890);
UPDATE "TrackElement" SET "region" = 1599 WHERE "id" = 1843;
INSERT INTO "monitoredBy" VALUES (1843, 1842);
INSERT INTO "TrackElement" ("id") VALUES (1844);
INSERT INTO "Segment" ("id", "length") VALUES (1844, 141);
UPDATE "TrackElement" SET "region" = 1599 WHERE "id" = 1844;
INSERT INTO "monitoredBy" VALUES (1844, 1842);
INSERT INTO "TrackElement" ("id") VALUES (1845);
INSERT INTO "Segment" ("id", "length") VALUES (1845, 608);
UPDATE "TrackElement" SET "region" = 1599 WHERE "id" = 1845;
INSERT INTO "monitoredBy" VALUES (1845, 1842);
INSERT INTO "TrackElement" ("id") VALUES (1846);
INSERT INTO "Segment" ("id", "length") VALUES (1846, 469);
UPDATE "TrackElement" SET "region" = 1599 WHERE "id" = 1846;
INSERT INTO "monitoredBy" VALUES (1846, 1842);
INSERT INTO "TrackElement" ("id") VALUES (1847);
INSERT INTO "Segment" ("id", "length") VALUES (1847, 510);
UPDATE "TrackElement" SET "region" = 1599 WHERE "id" = 1847;
INSERT INTO "monitoredBy" VALUES (1847, 1842);
INSERT INTO "Sensor" ("id") VALUES (1848);
UPDATE "Sensor" SET "region" = 1599 WHERE "id" = 1848;
INSERT INTO "monitoredBy" VALUES (1811, 1848);
UPDATE "Sensor" SET "route" = 1598 WHERE "id" = 1848;
INSERT INTO "TrackElement" ("id") VALUES (1849);
INSERT INTO "Segment" ("id", "length") VALUES (1849, 963);
UPDATE "TrackElement" SET "region" = 1599 WHERE "id" = 1849;
INSERT INTO "monitoredBy" VALUES (1849, 1848);
INSERT INTO "TrackElement" ("id") VALUES (1850);
INSERT INTO "Segment" ("id", "length") VALUES (1850, 916);
UPDATE "TrackElement" SET "region" = 1599 WHERE "id" = 1850;
INSERT INTO "monitoredBy" VALUES (1850, 1848);
INSERT INTO "TrackElement" ("id") VALUES (1851);
INSERT INTO "Segment" ("id", "length") VALUES (1851, 333);
UPDATE "TrackElement" SET "region" = 1599 WHERE "id" = 1851;
INSERT INTO "monitoredBy" VALUES (1851, 1848);
INSERT INTO "TrackElement" ("id") VALUES (1852);
INSERT INTO "Segment" ("id", "length") VALUES (1852, 747);
UPDATE "TrackElement" SET "region" = 1599 WHERE "id" = 1852;
INSERT INTO "monitoredBy" VALUES (1852, 1848);
INSERT INTO "TrackElement" ("id") VALUES (1853);
INSERT INTO "Segment" ("id", "length") VALUES (1853, 827);
UPDATE "TrackElement" SET "region" = 1599 WHERE "id" = 1853;
INSERT INTO "monitoredBy" VALUES (1853, 1848);
UPDATE "Switch" SET "currentPosition" = 2 WHERE "id" = 1811;
INSERT INTO "SwitchPosition" ("id", "position", "target") VALUES (1854, 2, 1811);
UPDATE "SwitchPosition" SET "route" = 1598 WHERE "id" = 1854;
INSERT INTO "TrackElement" ("id") VALUES (1855);
INSERT INTO "Switch" ("id") VALUES (1855);
UPDATE "TrackElement" SET "region" = 1599 WHERE "id" = 1855;
INSERT INTO "Sensor" ("id") VALUES (1856);
UPDATE "Sensor" SET "region" = 1599 WHERE "id" = 1856;
INSERT INTO "monitoredBy" VALUES (1855, 1856);
UPDATE "Sensor" SET "route" = 1598 WHERE "id" = 1856;
INSERT INTO "TrackElement" ("id") VALUES (1857);
INSERT INTO "Segment" ("id", "length") VALUES (1857, 728);
UPDATE "TrackElement" SET "region" = 1599 WHERE "id" = 1857;
INSERT INTO "monitoredBy" VALUES (1857, 1856);
INSERT INTO "TrackElement" ("id") VALUES (1858);
INSERT INTO "Segment" ("id", "length") VALUES (1858, 62);
UPDATE "TrackElement" SET "region" = 1599 WHERE "id" = 1858;
INSERT INTO "monitoredBy" VALUES (1858, 1856);
INSERT INTO "TrackElement" ("id") VALUES (1859);
INSERT INTO "Segment" ("id", "length") VALUES (1859, 79);
UPDATE "TrackElement" SET "region" = 1599 WHERE "id" = 1859;
INSERT INTO "monitoredBy" VALUES (1859, 1856);
INSERT INTO "TrackElement" ("id") VALUES (1860);
INSERT INTO "Segment" ("id", "length") VALUES (1860, 347);
UPDATE "TrackElement" SET "region" = 1599 WHERE "id" = 1860;
INSERT INTO "monitoredBy" VALUES (1860, 1856);
INSERT INTO "TrackElement" ("id") VALUES (1861);
INSERT INTO "Segment" ("id", "length") VALUES (1861, 913);
UPDATE "TrackElement" SET "region" = 1599 WHERE "id" = 1861;
INSERT INTO "monitoredBy" VALUES (1861, 1856);
UPDATE "Switch" SET "currentPosition" = 0 WHERE "id" = 1855;
INSERT INTO "SwitchPosition" ("id", "position", "target") VALUES (1862, 0, 1855);
UPDATE "SwitchPosition" SET "route" = 1598 WHERE "id" = 1862;
INSERT INTO "TrackElement" ("id") VALUES (1863);
INSERT INTO "Switch" ("id") VALUES (1863);
UPDATE "TrackElement" SET "region" = 1599 WHERE "id" = 1863;
INSERT INTO "Sensor" ("id") VALUES (1864);
UPDATE "Sensor" SET "region" = 1599 WHERE "id" = 1864;
INSERT INTO "monitoredBy" VALUES (1863, 1864);
UPDATE "Sensor" SET "route" = 1598 WHERE "id" = 1864;
INSERT INTO "TrackElement" ("id") VALUES (1865);
INSERT INTO "Segment" ("id", "length") VALUES (1865, 424);
UPDATE "TrackElement" SET "region" = 1599 WHERE "id" = 1865;
INSERT INTO "monitoredBy" VALUES (1865, 1864);
INSERT INTO "TrackElement" ("id") VALUES (1866);
INSERT INTO "Segment" ("id", "length") VALUES (1866, 83);
UPDATE "TrackElement" SET "region" = 1599 WHERE "id" = 1866;
INSERT INTO "monitoredBy" VALUES (1866, 1864);
INSERT INTO "TrackElement" ("id") VALUES (1867);
INSERT INTO "Segment" ("id", "length") VALUES (1867, 287);
UPDATE "TrackElement" SET "region" = 1599 WHERE "id" = 1867;
INSERT INTO "monitoredBy" VALUES (1867, 1864);
INSERT INTO "TrackElement" ("id") VALUES (1868);
INSERT INTO "Segment" ("id", "length") VALUES (1868, 436);
UPDATE "TrackElement" SET "region" = 1599 WHERE "id" = 1868;
INSERT INTO "monitoredBy" VALUES (1868, 1864);
INSERT INTO "TrackElement" ("id") VALUES (1869);
INSERT INTO "Segment" ("id", "length") VALUES (1869, 521);
UPDATE "TrackElement" SET "region" = 1599 WHERE "id" = 1869;
INSERT INTO "monitoredBy" VALUES (1869, 1864);
INSERT INTO "Sensor" ("id") VALUES (1870);
UPDATE "Sensor" SET "region" = 1599 WHERE "id" = 1870;
INSERT INTO "monitoredBy" VALUES (1863, 1870);
UPDATE "Sensor" SET "route" = 1598 WHERE "id" = 1870;
INSERT INTO "TrackElement" ("id") VALUES (1871);
INSERT INTO "Segment" ("id", "length") VALUES (1871, 781);
UPDATE "TrackElement" SET "region" = 1599 WHERE "id" = 1871;
INSERT INTO "monitoredBy" VALUES (1871, 1870);
INSERT INTO "TrackElement" ("id") VALUES (1872);
INSERT INTO "Segment" ("id", "length") VALUES (1872, 941);
UPDATE "TrackElement" SET "region" = 1599 WHERE "id" = 1872;
INSERT INTO "monitoredBy" VALUES (1872, 1870);
INSERT INTO "TrackElement" ("id") VALUES (1873);
INSERT INTO "Segment" ("id", "length") VALUES (1873, 654);
UPDATE "TrackElement" SET "region" = 1599 WHERE "id" = 1873;
INSERT INTO "monitoredBy" VALUES (1873, 1870);
INSERT INTO "TrackElement" ("id") VALUES (1874);
INSERT INTO "Segment" ("id", "length") VALUES (1874, 371);
UPDATE "TrackElement" SET "region" = 1599 WHERE "id" = 1874;
INSERT INTO "monitoredBy" VALUES (1874, 1870);
INSERT INTO "TrackElement" ("id") VALUES (1875);
INSERT INTO "Segment" ("id", "length") VALUES (1875, 569);
UPDATE "TrackElement" SET "region" = 1599 WHERE "id" = 1875;
INSERT INTO "monitoredBy" VALUES (1875, 1870);
INSERT INTO "Sensor" ("id") VALUES (1876);
UPDATE "Sensor" SET "region" = 1599 WHERE "id" = 1876;
INSERT INTO "monitoredBy" VALUES (1863, 1876);
UPDATE "Sensor" SET "route" = 1598 WHERE "id" = 1876;
INSERT INTO "TrackElement" ("id") VALUES (1877);
INSERT INTO "Segment" ("id", "length") VALUES (1877, 505);
UPDATE "TrackElement" SET "region" = 1599 WHERE "id" = 1877;
INSERT INTO "monitoredBy" VALUES (1877, 1876);
INSERT INTO "TrackElement" ("id") VALUES (1878);
INSERT INTO "Segment" ("id", "length") VALUES (1878, 297);
UPDATE "TrackElement" SET "region" = 1599 WHERE "id" = 1878;
INSERT INTO "monitoredBy" VALUES (1878, 1876);
INSERT INTO "TrackElement" ("id") VALUES (1879);
INSERT INTO "Segment" ("id", "length") VALUES (1879, -957);
UPDATE "TrackElement" SET "region" = 1599 WHERE "id" = 1879;
INSERT INTO "monitoredBy" VALUES (1879, 1876);
INSERT INTO "TrackElement" ("id") VALUES (1880);
INSERT INTO "Segment" ("id", "length") VALUES (1880, 941);
UPDATE "TrackElement" SET "region" = 1599 WHERE "id" = 1880;
INSERT INTO "monitoredBy" VALUES (1880, 1876);
INSERT INTO "TrackElement" ("id") VALUES (1881);
INSERT INTO "Segment" ("id", "length") VALUES (1881, 347);
UPDATE "TrackElement" SET "region" = 1599 WHERE "id" = 1881;
INSERT INTO "monitoredBy" VALUES (1881, 1876);
INSERT INTO "Sensor" ("id") VALUES (1882);
UPDATE "Sensor" SET "region" = 1599 WHERE "id" = 1882;
INSERT INTO "monitoredBy" VALUES (1863, 1882);
INSERT INTO "TrackElement" ("id") VALUES (1883);
INSERT INTO "Segment" ("id", "length") VALUES (1883, 800);
UPDATE "TrackElement" SET "region" = 1599 WHERE "id" = 1883;
INSERT INTO "monitoredBy" VALUES (1883, 1882);
INSERT INTO "TrackElement" ("id") VALUES (1884);
INSERT INTO "Segment" ("id", "length") VALUES (1884, 386);
UPDATE "TrackElement" SET "region" = 1599 WHERE "id" = 1884;
INSERT INTO "monitoredBy" VALUES (1884, 1882);
INSERT INTO "TrackElement" ("id") VALUES (1885);
INSERT INTO "Segment" ("id", "length") VALUES (1885, 704);
UPDATE "TrackElement" SET "region" = 1599 WHERE "id" = 1885;
INSERT INTO "monitoredBy" VALUES (1885, 1882);
INSERT INTO "TrackElement" ("id") VALUES (1886);
INSERT INTO "Segment" ("id", "length") VALUES (1886, 110);
UPDATE "TrackElement" SET "region" = 1599 WHERE "id" = 1886;
INSERT INTO "monitoredBy" VALUES (1886, 1882);
INSERT INTO "TrackElement" ("id") VALUES (1887);
INSERT INTO "Segment" ("id", "length") VALUES (1887, 7);
UPDATE "TrackElement" SET "region" = 1599 WHERE "id" = 1887;
INSERT INTO "monitoredBy" VALUES (1887, 1882);
INSERT INTO "Sensor" ("id") VALUES (1888);
UPDATE "Sensor" SET "region" = 1599 WHERE "id" = 1888;
INSERT INTO "monitoredBy" VALUES (1863, 1888);
UPDATE "Sensor" SET "route" = 1598 WHERE "id" = 1888;
INSERT INTO "TrackElement" ("id") VALUES (1889);
INSERT INTO "Segment" ("id", "length") VALUES (1889, -595);
UPDATE "TrackElement" SET "region" = 1599 WHERE "id" = 1889;
INSERT INTO "monitoredBy" VALUES (1889, 1888);
INSERT INTO "TrackElement" ("id") VALUES (1890);
INSERT INTO "Segment" ("id", "length") VALUES (1890, 202);
UPDATE "TrackElement" SET "region" = 1599 WHERE "id" = 1890;
INSERT INTO "monitoredBy" VALUES (1890, 1888);
INSERT INTO "TrackElement" ("id") VALUES (1891);
INSERT INTO "Segment" ("id", "length") VALUES (1891, 750);
UPDATE "TrackElement" SET "region" = 1599 WHERE "id" = 1891;
INSERT INTO "monitoredBy" VALUES (1891, 1888);
INSERT INTO "TrackElement" ("id") VALUES (1892);
INSERT INTO "Segment" ("id", "length") VALUES (1892, 742);
UPDATE "TrackElement" SET "region" = 1599 WHERE "id" = 1892;
INSERT INTO "monitoredBy" VALUES (1892, 1888);
INSERT INTO "TrackElement" ("id") VALUES (1893);
INSERT INTO "Segment" ("id", "length") VALUES (1893, 742);
UPDATE "TrackElement" SET "region" = 1599 WHERE "id" = 1893;
INSERT INTO "monitoredBy" VALUES (1893, 1888);
INSERT INTO "Sensor" ("id") VALUES (1894);
UPDATE "Sensor" SET "region" = 1599 WHERE "id" = 1894;
INSERT INTO "monitoredBy" VALUES (1863, 1894);
UPDATE "Sensor" SET "route" = 1598 WHERE "id" = 1894;
INSERT INTO "TrackElement" ("id") VALUES (1895);
INSERT INTO "Segment" ("id", "length") VALUES (1895, 522);
UPDATE "TrackElement" SET "region" = 1599 WHERE "id" = 1895;
INSERT INTO "monitoredBy" VALUES (1895, 1894);
INSERT INTO "TrackElement" ("id") VALUES (1896);
INSERT INTO "Segment" ("id", "length") VALUES (1896, 90);
UPDATE "TrackElement" SET "region" = 1599 WHERE "id" = 1896;
INSERT INTO "monitoredBy" VALUES (1896, 1894);
INSERT INTO "TrackElement" ("id") VALUES (1897);
INSERT INTO "Segment" ("id", "length") VALUES (1897, 919);
UPDATE "TrackElement" SET "region" = 1599 WHERE "id" = 1897;
INSERT INTO "monitoredBy" VALUES (1897, 1894);
INSERT INTO "TrackElement" ("id") VALUES (1898);
INSERT INTO "Segment" ("id", "length") VALUES (1898, 300);
UPDATE "TrackElement" SET "region" = 1599 WHERE "id" = 1898;
INSERT INTO "monitoredBy" VALUES (1898, 1894);
INSERT INTO "TrackElement" ("id") VALUES (1899);
INSERT INTO "Segment" ("id", "length") VALUES (1899, 175);
UPDATE "TrackElement" SET "region" = 1599 WHERE "id" = 1899;
INSERT INTO "monitoredBy" VALUES (1899, 1894);
UPDATE "Switch" SET "currentPosition" = 2 WHERE "id" = 1863;
INSERT INTO "SwitchPosition" ("id", "position", "target") VALUES (1900, 2, 1863);
UPDATE "SwitchPosition" SET "route" = 1598 WHERE "id" = 1900;
INSERT INTO "TrackElement" ("id") VALUES (1901);
INSERT INTO "Switch" ("id") VALUES (1901);
UPDATE "TrackElement" SET "region" = 1599 WHERE "id" = 1901;
INSERT INTO "Sensor" ("id") VALUES (1902);
UPDATE "Sensor" SET "region" = 1599 WHERE "id" = 1902;
INSERT INTO "monitoredBy" VALUES (1901, 1902);
UPDATE "Sensor" SET "route" = 1598 WHERE "id" = 1902;
INSERT INTO "TrackElement" ("id") VALUES (1903);
INSERT INTO "Segment" ("id", "length") VALUES (1903, 948);
UPDATE "TrackElement" SET "region" = 1599 WHERE "id" = 1903;
INSERT INTO "monitoredBy" VALUES (1903, 1902);
INSERT INTO "TrackElement" ("id") VALUES (1904);
INSERT INTO "Segment" ("id", "length") VALUES (1904, 759);
UPDATE "TrackElement" SET "region" = 1599 WHERE "id" = 1904;
INSERT INTO "monitoredBy" VALUES (1904, 1902);
INSERT INTO "TrackElement" ("id") VALUES (1905);
INSERT INTO "Segment" ("id", "length") VALUES (1905, 161);
UPDATE "TrackElement" SET "region" = 1599 WHERE "id" = 1905;
INSERT INTO "monitoredBy" VALUES (1905, 1902);
INSERT INTO "TrackElement" ("id") VALUES (1906);
INSERT INTO "Segment" ("id", "length") VALUES (1906, 76);
UPDATE "TrackElement" SET "region" = 1599 WHERE "id" = 1906;
INSERT INTO "monitoredBy" VALUES (1906, 1902);
INSERT INTO "TrackElement" ("id") VALUES (1907);
INSERT INTO "Segment" ("id", "length") VALUES (1907, 443);
UPDATE "TrackElement" SET "region" = 1599 WHERE "id" = 1907;
INSERT INTO "monitoredBy" VALUES (1907, 1902);
INSERT INTO "Sensor" ("id") VALUES (1908);
UPDATE "Sensor" SET "region" = 1599 WHERE "id" = 1908;
INSERT INTO "monitoredBy" VALUES (1901, 1908);
UPDATE "Sensor" SET "route" = 1598 WHERE "id" = 1908;
INSERT INTO "TrackElement" ("id") VALUES (1909);
INSERT INTO "Segment" ("id", "length") VALUES (1909, 371);
UPDATE "TrackElement" SET "region" = 1599 WHERE "id" = 1909;
INSERT INTO "monitoredBy" VALUES (1909, 1908);
INSERT INTO "TrackElement" ("id") VALUES (1910);
INSERT INTO "Segment" ("id", "length") VALUES (1910, 323);
UPDATE "TrackElement" SET "region" = 1599 WHERE "id" = 1910;
INSERT INTO "monitoredBy" VALUES (1910, 1908);
INSERT INTO "TrackElement" ("id") VALUES (1911);
INSERT INTO "Segment" ("id", "length") VALUES (1911, 531);
UPDATE "TrackElement" SET "region" = 1599 WHERE "id" = 1911;
INSERT INTO "monitoredBy" VALUES (1911, 1908);
INSERT INTO "TrackElement" ("id") VALUES (1912);
INSERT INTO "Segment" ("id", "length") VALUES (1912, 213);
UPDATE "TrackElement" SET "region" = 1599 WHERE "id" = 1912;
INSERT INTO "monitoredBy" VALUES (1912, 1908);
INSERT INTO "TrackElement" ("id") VALUES (1913);
INSERT INTO "Segment" ("id", "length") VALUES (1913, 782);
UPDATE "TrackElement" SET "region" = 1599 WHERE "id" = 1913;
INSERT INTO "monitoredBy" VALUES (1913, 1908);
INSERT INTO "Sensor" ("id") VALUES (1914);
UPDATE "Sensor" SET "region" = 1599 WHERE "id" = 1914;
INSERT INTO "monitoredBy" VALUES (1901, 1914);
UPDATE "Sensor" SET "route" = 1598 WHERE "id" = 1914;
INSERT INTO "TrackElement" ("id") VALUES (1915);
INSERT INTO "Segment" ("id", "length") VALUES (1915, 715);
UPDATE "TrackElement" SET "region" = 1599 WHERE "id" = 1915;
INSERT INTO "monitoredBy" VALUES (1915, 1914);
INSERT INTO "TrackElement" ("id") VALUES (1916);
INSERT INTO "Segment" ("id", "length") VALUES (1916, 782);
UPDATE "TrackElement" SET "region" = 1599 WHERE "id" = 1916;
INSERT INTO "monitoredBy" VALUES (1916, 1914);
INSERT INTO "TrackElement" ("id") VALUES (1917);
INSERT INTO "Segment" ("id", "length") VALUES (1917, 530);
UPDATE "TrackElement" SET "region" = 1599 WHERE "id" = 1917;
INSERT INTO "monitoredBy" VALUES (1917, 1914);
INSERT INTO "TrackElement" ("id") VALUES (1918);
INSERT INTO "Segment" ("id", "length") VALUES (1918, 574);
UPDATE "TrackElement" SET "region" = 1599 WHERE "id" = 1918;
INSERT INTO "monitoredBy" VALUES (1918, 1914);
INSERT INTO "TrackElement" ("id") VALUES (1919);
INSERT INTO "Segment" ("id", "length") VALUES (1919, 591);
UPDATE "TrackElement" SET "region" = 1599 WHERE "id" = 1919;
INSERT INTO "monitoredBy" VALUES (1919, 1914);
INSERT INTO "Sensor" ("id") VALUES (1920);
UPDATE "Sensor" SET "region" = 1599 WHERE "id" = 1920;
INSERT INTO "monitoredBy" VALUES (1901, 1920);
UPDATE "Sensor" SET "route" = 1598 WHERE "id" = 1920;
INSERT INTO "TrackElement" ("id") VALUES (1921);
INSERT INTO "Segment" ("id", "length") VALUES (1921, 347);
UPDATE "TrackElement" SET "region" = 1599 WHERE "id" = 1921;
INSERT INTO "monitoredBy" VALUES (1921, 1920);
INSERT INTO "TrackElement" ("id") VALUES (1922);
INSERT INTO "Segment" ("id", "length") VALUES (1922, 936);
UPDATE "TrackElement" SET "region" = 1599 WHERE "id" = 1922;
INSERT INTO "monitoredBy" VALUES (1922, 1920);
INSERT INTO "TrackElement" ("id") VALUES (1923);
INSERT INTO "Segment" ("id", "length") VALUES (1923, 721);
UPDATE "TrackElement" SET "region" = 1599 WHERE "id" = 1923;
INSERT INTO "monitoredBy" VALUES (1923, 1920);
INSERT INTO "TrackElement" ("id") VALUES (1924);
INSERT INTO "Segment" ("id", "length") VALUES (1924, 445);
UPDATE "TrackElement" SET "region" = 1599 WHERE "id" = 1924;
INSERT INTO "monitoredBy" VALUES (1924, 1920);
INSERT INTO "TrackElement" ("id") VALUES (1925);
INSERT INTO "Segment" ("id", "length") VALUES (1925, 212);
UPDATE "TrackElement" SET "region" = 1599 WHERE "id" = 1925;
INSERT INTO "monitoredBy" VALUES (1925, 1920);
INSERT INTO "Sensor" ("id") VALUES (1926);
UPDATE "Sensor" SET "region" = 1599 WHERE "id" = 1926;
INSERT INTO "monitoredBy" VALUES (1901, 1926);
UPDATE "Sensor" SET "route" = 1598 WHERE "id" = 1926;
INSERT INTO "TrackElement" ("id") VALUES (1927);
INSERT INTO "Segment" ("id", "length") VALUES (1927, 796);
UPDATE "TrackElement" SET "region" = 1599 WHERE "id" = 1927;
INSERT INTO "monitoredBy" VALUES (1927, 1926);
INSERT INTO "TrackElement" ("id") VALUES (1928);
INSERT INTO "Segment" ("id", "length") VALUES (1928, 776);
UPDATE "TrackElement" SET "region" = 1599 WHERE "id" = 1928;
INSERT INTO "monitoredBy" VALUES (1928, 1926);
INSERT INTO "TrackElement" ("id") VALUES (1929);
INSERT INTO "Segment" ("id", "length") VALUES (1929, 942);
UPDATE "TrackElement" SET "region" = 1599 WHERE "id" = 1929;
INSERT INTO "monitoredBy" VALUES (1929, 1926);
INSERT INTO "TrackElement" ("id") VALUES (1930);
INSERT INTO "Segment" ("id", "length") VALUES (1930, 929);
UPDATE "TrackElement" SET "region" = 1599 WHERE "id" = 1930;
INSERT INTO "monitoredBy" VALUES (1930, 1926);
INSERT INTO "TrackElement" ("id") VALUES (1931);
INSERT INTO "Segment" ("id", "length") VALUES (1931, 612);
UPDATE "TrackElement" SET "region" = 1599 WHERE "id" = 1931;
INSERT INTO "monitoredBy" VALUES (1931, 1926);
UPDATE "Switch" SET "currentPosition" = 1 WHERE "id" = 1901;
INSERT INTO "SwitchPosition" ("id", "position", "target") VALUES (1932, 1, 1901);
UPDATE "SwitchPosition" SET "route" = 1598 WHERE "id" = 1932;
INSERT INTO "TrackElement" ("id") VALUES (1933);
INSERT INTO "Switch" ("id") VALUES (1933);
UPDATE "TrackElement" SET "region" = 1599 WHERE "id" = 1933;
INSERT INTO "Sensor" ("id") VALUES (1934);
UPDATE "Sensor" SET "region" = 1599 WHERE "id" = 1934;
INSERT INTO "monitoredBy" VALUES (1933, 1934);
UPDATE "Sensor" SET "route" = 1598 WHERE "id" = 1934;
INSERT INTO "TrackElement" ("id") VALUES (1935);
INSERT INTO "Segment" ("id", "length") VALUES (1935, 980);
UPDATE "TrackElement" SET "region" = 1599 WHERE "id" = 1935;
INSERT INTO "monitoredBy" VALUES (1935, 1934);
INSERT INTO "TrackElement" ("id") VALUES (1936);
INSERT INTO "Segment" ("id", "length") VALUES (1936, 5);
UPDATE "TrackElement" SET "region" = 1599 WHERE "id" = 1936;
INSERT INTO "monitoredBy" VALUES (1936, 1934);
INSERT INTO "TrackElement" ("id") VALUES (1937);
INSERT INTO "Segment" ("id", "length") VALUES (1937, 246);
UPDATE "TrackElement" SET "region" = 1599 WHERE "id" = 1937;
INSERT INTO "monitoredBy" VALUES (1937, 1934);
INSERT INTO "TrackElement" ("id") VALUES (1938);
INSERT INTO "Segment" ("id", "length") VALUES (1938, 518);
UPDATE "TrackElement" SET "region" = 1599 WHERE "id" = 1938;
INSERT INTO "monitoredBy" VALUES (1938, 1934);
INSERT INTO "TrackElement" ("id") VALUES (1939);
INSERT INTO "Segment" ("id", "length") VALUES (1939, 274);
UPDATE "TrackElement" SET "region" = 1599 WHERE "id" = 1939;
INSERT INTO "monitoredBy" VALUES (1939, 1934);
INSERT INTO "Sensor" ("id") VALUES (1940);
UPDATE "Sensor" SET "region" = 1599 WHERE "id" = 1940;
INSERT INTO "monitoredBy" VALUES (1933, 1940);
UPDATE "Sensor" SET "route" = 1598 WHERE "id" = 1940;
INSERT INTO "TrackElement" ("id") VALUES (1941);
INSERT INTO "Segment" ("id", "length") VALUES (1941, 637);
UPDATE "TrackElement" SET "region" = 1599 WHERE "id" = 1941;
INSERT INTO "monitoredBy" VALUES (1941, 1940);
INSERT INTO "TrackElement" ("id") VALUES (1942);
INSERT INTO "Segment" ("id", "length") VALUES (1942, 319);
UPDATE "TrackElement" SET "region" = 1599 WHERE "id" = 1942;
INSERT INTO "monitoredBy" VALUES (1942, 1940);
INSERT INTO "TrackElement" ("id") VALUES (1943);
INSERT INTO "Segment" ("id", "length") VALUES (1943, 628);
UPDATE "TrackElement" SET "region" = 1599 WHERE "id" = 1943;
INSERT INTO "monitoredBy" VALUES (1943, 1940);
INSERT INTO "TrackElement" ("id") VALUES (1944);
INSERT INTO "Segment" ("id", "length") VALUES (1944, 6);
UPDATE "TrackElement" SET "region" = 1599 WHERE "id" = 1944;
INSERT INTO "monitoredBy" VALUES (1944, 1940);
INSERT INTO "TrackElement" ("id") VALUES (1945);
INSERT INTO "Segment" ("id", "length") VALUES (1945, 838);
UPDATE "TrackElement" SET "region" = 1599 WHERE "id" = 1945;
INSERT INTO "monitoredBy" VALUES (1945, 1940);
INSERT INTO "Sensor" ("id") VALUES (1946);
UPDATE "Sensor" SET "region" = 1599 WHERE "id" = 1946;
INSERT INTO "monitoredBy" VALUES (1933, 1946);
UPDATE "Sensor" SET "route" = 1598 WHERE "id" = 1946;
INSERT INTO "TrackElement" ("id") VALUES (1947);
INSERT INTO "Segment" ("id", "length") VALUES (1947, 406);
UPDATE "TrackElement" SET "region" = 1599 WHERE "id" = 1947;
INSERT INTO "monitoredBy" VALUES (1947, 1946);
INSERT INTO "TrackElement" ("id") VALUES (1948);
INSERT INTO "Segment" ("id", "length") VALUES (1948, 859);
UPDATE "TrackElement" SET "region" = 1599 WHERE "id" = 1948;
INSERT INTO "monitoredBy" VALUES (1948, 1946);
INSERT INTO "TrackElement" ("id") VALUES (1949);
INSERT INTO "Segment" ("id", "length") VALUES (1949, 511);
UPDATE "TrackElement" SET "region" = 1599 WHERE "id" = 1949;
INSERT INTO "monitoredBy" VALUES (1949, 1946);
INSERT INTO "TrackElement" ("id") VALUES (1950);
INSERT INTO "Segment" ("id", "length") VALUES (1950, 55);
UPDATE "TrackElement" SET "region" = 1599 WHERE "id" = 1950;
INSERT INTO "monitoredBy" VALUES (1950, 1946);
INSERT INTO "TrackElement" ("id") VALUES (1951);
INSERT INTO "Segment" ("id", "length") VALUES (1951, 131);
UPDATE "TrackElement" SET "region" = 1599 WHERE "id" = 1951;
INSERT INTO "monitoredBy" VALUES (1951, 1946);
UPDATE "Switch" SET "currentPosition" = 1 WHERE "id" = 1933;
INSERT INTO "SwitchPosition" ("id", "position", "target") VALUES (1952, 1, 1933);
UPDATE "SwitchPosition" SET "route" = 1598 WHERE "id" = 1952;
INSERT INTO "TrackElement" ("id") VALUES (1953);
INSERT INTO "Switch" ("id") VALUES (1953);
UPDATE "TrackElement" SET "region" = 1599 WHERE "id" = 1953;
INSERT INTO "Sensor" ("id") VALUES (1954);
UPDATE "Sensor" SET "region" = 1599 WHERE "id" = 1954;
INSERT INTO "TrackElement" ("id") VALUES (1955);
INSERT INTO "Segment" ("id", "length") VALUES (1955, 887);
UPDATE "TrackElement" SET "region" = 1599 WHERE "id" = 1955;
INSERT INTO "monitoredBy" VALUES (1955, 1954);
INSERT INTO "TrackElement" ("id") VALUES (1956);
INSERT INTO "Segment" ("id", "length") VALUES (1956, 40);
UPDATE "TrackElement" SET "region" = 1599 WHERE "id" = 1956;
INSERT INTO "monitoredBy" VALUES (1956, 1954);
INSERT INTO "TrackElement" ("id") VALUES (1957);
INSERT INTO "Segment" ("id", "length") VALUES (1957, 917);
UPDATE "TrackElement" SET "region" = 1599 WHERE "id" = 1957;
INSERT INTO "monitoredBy" VALUES (1957, 1954);
INSERT INTO "TrackElement" ("id") VALUES (1958);
INSERT INTO "Segment" ("id", "length") VALUES (1958, 699);
UPDATE "TrackElement" SET "region" = 1599 WHERE "id" = 1958;
INSERT INTO "monitoredBy" VALUES (1958, 1954);
INSERT INTO "TrackElement" ("id") VALUES (1959);
INSERT INTO "Segment" ("id", "length") VALUES (1959, 553);
UPDATE "TrackElement" SET "region" = 1599 WHERE "id" = 1959;
INSERT INTO "monitoredBy" VALUES (1959, 1954);
INSERT INTO "Sensor" ("id") VALUES (1960);
UPDATE "Sensor" SET "region" = 1599 WHERE "id" = 1960;
INSERT INTO "monitoredBy" VALUES (1953, 1960);
UPDATE "Sensor" SET "route" = 1598 WHERE "id" = 1960;
INSERT INTO "TrackElement" ("id") VALUES (1961);
INSERT INTO "Segment" ("id", "length") VALUES (1961, 18);
UPDATE "TrackElement" SET "region" = 1599 WHERE "id" = 1961;
INSERT INTO "monitoredBy" VALUES (1961, 1960);
INSERT INTO "TrackElement" ("id") VALUES (1962);
INSERT INTO "Segment" ("id", "length") VALUES (1962, 563);
UPDATE "TrackElement" SET "region" = 1599 WHERE "id" = 1962;
INSERT INTO "monitoredBy" VALUES (1962, 1960);
INSERT INTO "TrackElement" ("id") VALUES (1963);
INSERT INTO "Segment" ("id", "length") VALUES (1963, 444);
UPDATE "TrackElement" SET "region" = 1599 WHERE "id" = 1963;
INSERT INTO "monitoredBy" VALUES (1963, 1960);
INSERT INTO "TrackElement" ("id") VALUES (1964);
INSERT INTO "Segment" ("id", "length") VALUES (1964, 558);
UPDATE "TrackElement" SET "region" = 1599 WHERE "id" = 1964;
INSERT INTO "monitoredBy" VALUES (1964, 1960);
INSERT INTO "TrackElement" ("id") VALUES (1965);
INSERT INTO "Segment" ("id", "length") VALUES (1965, 399);
UPDATE "TrackElement" SET "region" = 1599 WHERE "id" = 1965;
INSERT INTO "monitoredBy" VALUES (1965, 1960);
INSERT INTO "Sensor" ("id") VALUES (1966);
UPDATE "Sensor" SET "region" = 1599 WHERE "id" = 1966;
INSERT INTO "monitoredBy" VALUES (1953, 1966);
UPDATE "Sensor" SET "route" = 1598 WHERE "id" = 1966;
INSERT INTO "TrackElement" ("id") VALUES (1967);
INSERT INTO "Segment" ("id", "length") VALUES (1967, 53);
UPDATE "TrackElement" SET "region" = 1599 WHERE "id" = 1967;
INSERT INTO "monitoredBy" VALUES (1967, 1966);
INSERT INTO "TrackElement" ("id") VALUES (1968);
INSERT INTO "Segment" ("id", "length") VALUES (1968, 322);
UPDATE "TrackElement" SET "region" = 1599 WHERE "id" = 1968;
INSERT INTO "monitoredBy" VALUES (1968, 1966);
INSERT INTO "TrackElement" ("id") VALUES (1969);
INSERT INTO "Segment" ("id", "length") VALUES (1969, 717);
UPDATE "TrackElement" SET "region" = 1599 WHERE "id" = 1969;
INSERT INTO "monitoredBy" VALUES (1969, 1966);
INSERT INTO "TrackElement" ("id") VALUES (1970);
INSERT INTO "Segment" ("id", "length") VALUES (1970, 151);
UPDATE "TrackElement" SET "region" = 1599 WHERE "id" = 1970;
INSERT INTO "monitoredBy" VALUES (1970, 1966);
INSERT INTO "TrackElement" ("id") VALUES (1971);
INSERT INTO "Segment" ("id", "length") VALUES (1971, 363);
UPDATE "TrackElement" SET "region" = 1599 WHERE "id" = 1971;
INSERT INTO "monitoredBy" VALUES (1971, 1966);
INSERT INTO "Sensor" ("id") VALUES (1972);
UPDATE "Sensor" SET "region" = 1599 WHERE "id" = 1972;
INSERT INTO "monitoredBy" VALUES (1953, 1972);
UPDATE "Sensor" SET "route" = 1598 WHERE "id" = 1972;
INSERT INTO "TrackElement" ("id") VALUES (1973);
INSERT INTO "Segment" ("id", "length") VALUES (1973, 859);
UPDATE "TrackElement" SET "region" = 1599 WHERE "id" = 1973;
INSERT INTO "monitoredBy" VALUES (1973, 1972);
INSERT INTO "TrackElement" ("id") VALUES (1974);
INSERT INTO "Segment" ("id", "length") VALUES (1974, 597);
UPDATE "TrackElement" SET "region" = 1599 WHERE "id" = 1974;
INSERT INTO "monitoredBy" VALUES (1974, 1972);
INSERT INTO "TrackElement" ("id") VALUES (1975);
INSERT INTO "Segment" ("id", "length") VALUES (1975, 328);
UPDATE "TrackElement" SET "region" = 1599 WHERE "id" = 1975;
INSERT INTO "monitoredBy" VALUES (1975, 1972);
INSERT INTO "TrackElement" ("id") VALUES (1976);
INSERT INTO "Segment" ("id", "length") VALUES (1976, 109);
UPDATE "TrackElement" SET "region" = 1599 WHERE "id" = 1976;
INSERT INTO "monitoredBy" VALUES (1976, 1972);
INSERT INTO "TrackElement" ("id") VALUES (1977);
INSERT INTO "Segment" ("id", "length") VALUES (1977, 563);
UPDATE "TrackElement" SET "region" = 1599 WHERE "id" = 1977;
INSERT INTO "monitoredBy" VALUES (1977, 1972);
UPDATE "Switch" SET "currentPosition" = 2 WHERE "id" = 1953;
INSERT INTO "SwitchPosition" ("id", "position", "target") VALUES (1978, 2, 1953);
UPDATE "SwitchPosition" SET "route" = 1598 WHERE "id" = 1978;
INSERT INTO "connectsTo" VALUES (1600, 1602);
INSERT INTO "connectsTo" VALUES (1602, 1603);
INSERT INTO "connectsTo" VALUES (1603, 1604);
INSERT INTO "connectsTo" VALUES (1604, 1605);
INSERT INTO "connectsTo" VALUES (1605, 1606);
INSERT INTO "connectsTo" VALUES (1606, 1608);
INSERT INTO "connectsTo" VALUES (1608, 1609);
INSERT INTO "connectsTo" VALUES (1609, 1610);
INSERT INTO "connectsTo" VALUES (1610, 1611);
INSERT INTO "connectsTo" VALUES (1611, 1612);
INSERT INTO "connectsTo" VALUES (1612, 1614);
INSERT INTO "connectsTo" VALUES (1614, 1615);
INSERT INTO "connectsTo" VALUES (1615, 1616);
INSERT INTO "connectsTo" VALUES (1616, 1617);
INSERT INTO "connectsTo" VALUES (1617, 1618);
INSERT INTO "connectsTo" VALUES (1618, 1620);
INSERT INTO "connectsTo" VALUES (1620, 1621);
INSERT INTO "connectsTo" VALUES (1621, 1622);
INSERT INTO "connectsTo" VALUES (1622, 1623);
INSERT INTO "connectsTo" VALUES (1623, 1624);
INSERT INTO "connectsTo" VALUES (1624, 1626);
INSERT INTO "connectsTo" VALUES (1626, 1627);
INSERT INTO "connectsTo" VALUES (1627, 1628);
INSERT INTO "connectsTo" VALUES (1628, 1629);
INSERT INTO "connectsTo" VALUES (1629, 1630);
INSERT INTO "connectsTo" VALUES (1630, 1632);
INSERT INTO "connectsTo" VALUES (1632, 1633);
INSERT INTO "connectsTo" VALUES (1633, 1634);
INSERT INTO "connectsTo" VALUES (1634, 1635);
INSERT INTO "connectsTo" VALUES (1635, 1636);
INSERT INTO "connectsTo" VALUES (1636, 1638);
INSERT INTO "connectsTo" VALUES (1638, 1640);
INSERT INTO "connectsTo" VALUES (1640, 1641);
INSERT INTO "connectsTo" VALUES (1641, 1642);
INSERT INTO "connectsTo" VALUES (1642, 1643);
INSERT INTO "connectsTo" VALUES (1643, 1644);
INSERT INTO "connectsTo" VALUES (1644, 1646);
INSERT INTO "connectsTo" VALUES (1646, 1647);
INSERT INTO "connectsTo" VALUES (1647, 1648);
INSERT INTO "connectsTo" VALUES (1648, 1649);
INSERT INTO "connectsTo" VALUES (1649, 1650);
INSERT INTO "connectsTo" VALUES (1650, 1652);
INSERT INTO "connectsTo" VALUES (1652, 1653);
INSERT INTO "connectsTo" VALUES (1653, 1654);
INSERT INTO "connectsTo" VALUES (1654, 1655);
INSERT INTO "connectsTo" VALUES (1655, 1656);
INSERT INTO "connectsTo" VALUES (1656, 1658);
INSERT INTO "connectsTo" VALUES (1658, 1659);
INSERT INTO "connectsTo" VALUES (1659, 1660);
INSERT INTO "connectsTo" VALUES (1660, 1661);
INSERT INTO "connectsTo" VALUES (1661, 1662);
INSERT INTO "connectsTo" VALUES (1662, 1664);
INSERT INTO "connectsTo" VALUES (1664, 1665);
INSERT INTO "connectsTo" VALUES (1665, 1666);
INSERT INTO "connectsTo" VALUES (1666, 1667);
INSERT INTO "connectsTo" VALUES (1667, 1668);
INSERT INTO "connectsTo" VALUES (1668, 1670);
INSERT INTO "connectsTo" VALUES (1670, 1671);
INSERT INTO "connectsTo" VALUES (1671, 1672);
INSERT INTO "connectsTo" VALUES (1672, 1673);
INSERT INTO "connectsTo" VALUES (1673, 1674);
INSERT INTO "connectsTo" VALUES (1674, 1676);
INSERT INTO "connectsTo" VALUES (1676, 1677);
INSERT INTO "connectsTo" VALUES (1677, 1678);
INSERT INTO "connectsTo" VALUES (1678, 1679);
INSERT INTO "connectsTo" VALUES (1679, 1680);
INSERT INTO "connectsTo" VALUES (1680, 1682);
INSERT INTO "connectsTo" VALUES (1682, 1683);
INSERT INTO "connectsTo" VALUES (1683, 1684);
INSERT INTO "connectsTo" VALUES (1684, 1685);
INSERT INTO "connectsTo" VALUES (1685, 1686);
INSERT INTO "connectsTo" VALUES (1686, 1687);
INSERT INTO "connectsTo" VALUES (1687, 1689);
INSERT INTO "connectsTo" VALUES (1689, 1690);
INSERT INTO "connectsTo" VALUES (1690, 1691);
INSERT INTO "connectsTo" VALUES (1691, 1692);
INSERT INTO "connectsTo" VALUES (1692, 1693);
INSERT INTO "connectsTo" VALUES (1693, 1695);
INSERT INTO "connectsTo" VALUES (1695, 1697);
INSERT INTO "connectsTo" VALUES (1697, 1698);
INSERT INTO "connectsTo" VALUES (1698, 1699);
INSERT INTO "connectsTo" VALUES (1699, 1700);
INSERT INTO "connectsTo" VALUES (1700, 1701);
INSERT INTO "connectsTo" VALUES (1701, 1703);
INSERT INTO "connectsTo" VALUES (1703, 1705);
INSERT INTO "connectsTo" VALUES (1705, 1706);
INSERT INTO "connectsTo" VALUES (1706, 1707);
INSERT INTO "connectsTo" VALUES (1707, 1708);
INSERT INTO "connectsTo" VALUES (1708, 1709);
INSERT INTO "connectsTo" VALUES (1709, 1711);
INSERT INTO "connectsTo" VALUES (1711, 1712);
INSERT INTO "connectsTo" VALUES (1712, 1713);
INSERT INTO "connectsTo" VALUES (1713, 1714);
INSERT INTO "connectsTo" VALUES (1714, 1715);
INSERT INTO "connectsTo" VALUES (1715, 1717);
INSERT INTO "connectsTo" VALUES (1717, 1718);
INSERT INTO "connectsTo" VALUES (1718, 1719);
INSERT INTO "connectsTo" VALUES (1719, 1720);
INSERT INTO "connectsTo" VALUES (1720, 1721);
INSERT INTO "connectsTo" VALUES (1721, 1723);
INSERT INTO "connectsTo" VALUES (1723, 1724);
INSERT INTO "connectsTo" VALUES (1724, 1725);
INSERT INTO "connectsTo" VALUES (1725, 1726);
INSERT INTO "connectsTo" VALUES (1726, 1727);
INSERT INTO "connectsTo" VALUES (1727, 1729);
INSERT INTO "connectsTo" VALUES (1729, 1730);
INSERT INTO "connectsTo" VALUES (1730, 1731);
INSERT INTO "connectsTo" VALUES (1731, 1732);
INSERT INTO "connectsTo" VALUES (1732, 1733);
INSERT INTO "connectsTo" VALUES (1733, 1735);
INSERT INTO "connectsTo" VALUES (1735, 1736);
INSERT INTO "connectsTo" VALUES (1736, 1737);
INSERT INTO "connectsTo" VALUES (1737, 1738);
INSERT INTO "connectsTo" VALUES (1738, 1739);
INSERT INTO "connectsTo" VALUES (1739, 1741);
INSERT INTO "connectsTo" VALUES (1741, 1742);
INSERT INTO "connectsTo" VALUES (1742, 1743);
INSERT INTO "connectsTo" VALUES (1743, 1744);
INSERT INTO "connectsTo" VALUES (1744, 1745);
INSERT INTO "connectsTo" VALUES (1745, 1747);
INSERT INTO "connectsTo" VALUES (1747, 1748);
INSERT INTO "connectsTo" VALUES (1748, 1749);
INSERT INTO "connectsTo" VALUES (1749, 1750);
INSERT INTO "connectsTo" VALUES (1750, 1751);
INSERT INTO "connectsTo" VALUES (1751, 1753);
INSERT INTO "connectsTo" VALUES (1753, 1755);
INSERT INTO "connectsTo" VALUES (1755, 1756);
INSERT INTO "connectsTo" VALUES (1756, 1757);
INSERT INTO "connectsTo" VALUES (1757, 1758);
INSERT INTO "connectsTo" VALUES (1758, 1759);
INSERT INTO "connectsTo" VALUES (1759, 1761);
INSERT INTO "connectsTo" VALUES (1761, 1762);
INSERT INTO "connectsTo" VALUES (1762, 1763);
INSERT INTO "connectsTo" VALUES (1763, 1764);
INSERT INTO "connectsTo" VALUES (1764, 1765);
INSERT INTO "connectsTo" VALUES (1765, 1767);
INSERT INTO "connectsTo" VALUES (1767, 1769);
INSERT INTO "connectsTo" VALUES (1769, 1770);
INSERT INTO "connectsTo" VALUES (1770, 1771);
INSERT INTO "connectsTo" VALUES (1771, 1772);
INSERT INTO "connectsTo" VALUES (1772, 1773);
INSERT INTO "connectsTo" VALUES (1773, 1775);
INSERT INTO "connectsTo" VALUES (1775, 1776);
INSERT INTO "connectsTo" VALUES (1776, 1777);
INSERT INTO "connectsTo" VALUES (1777, 1778);
INSERT INTO "connectsTo" VALUES (1778, 1779);
INSERT INTO "connectsTo" VALUES (1779, 1781);
INSERT INTO "connectsTo" VALUES (1781, 1782);
INSERT INTO "connectsTo" VALUES (1782, 1783);
INSERT INTO "connectsTo" VALUES (1783, 1784);
INSERT INTO "connectsTo" VALUES (1784, 1785);
INSERT INTO "connectsTo" VALUES (1785, 1787);
INSERT INTO "connectsTo" VALUES (1787, 1788);
INSERT INTO "connectsTo" VALUES (1788, 1789);
INSERT INTO "connectsTo" VALUES (1789, 1790);
INSERT INTO "connectsTo" VALUES (1790, 1791);
INSERT INTO "connectsTo" VALUES (1791, 1793);
INSERT INTO "connectsTo" VALUES (1793, 1794);
INSERT INTO "connectsTo" VALUES (1794, 1795);
INSERT INTO "connectsTo" VALUES (1795, 1796);
INSERT INTO "connectsTo" VALUES (1796, 1797);
INSERT INTO "connectsTo" VALUES (1797, 1799);
INSERT INTO "connectsTo" VALUES (1799, 1800);
INSERT INTO "connectsTo" VALUES (1800, 1801);
INSERT INTO "connectsTo" VALUES (1801, 1802);
INSERT INTO "connectsTo" VALUES (1802, 1803);
INSERT INTO "connectsTo" VALUES (1803, 1805);
INSERT INTO "connectsTo" VALUES (1805, 1806);
INSERT INTO "connectsTo" VALUES (1806, 1807);
INSERT INTO "connectsTo" VALUES (1807, 1808);
INSERT INTO "connectsTo" VALUES (1808, 1809);
INSERT INTO "connectsTo" VALUES (1809, 1811);
INSERT INTO "connectsTo" VALUES (1811, 1813);
INSERT INTO "connectsTo" VALUES (1813, 1814);
INSERT INTO "connectsTo" VALUES (1814, 1815);
INSERT INTO "connectsTo" VALUES (1815, 1816);
INSERT INTO "connectsTo" VALUES (1816, 1817);
INSERT INTO "connectsTo" VALUES (1817, 1819);
INSERT INTO "connectsTo" VALUES (1819, 1820);
INSERT INTO "connectsTo" VALUES (1820, 1821);
INSERT INTO "connectsTo" VALUES (1821, 1822);
INSERT INTO "connectsTo" VALUES (1822, 1823);
INSERT INTO "connectsTo" VALUES (1823, 1825);
INSERT INTO "connectsTo" VALUES (1825, 1826);
INSERT INTO "connectsTo" VALUES (1826, 1827);
INSERT INTO "connectsTo" VALUES (1827, 1828);
INSERT INTO "connectsTo" VALUES (1828, 1829);
INSERT INTO "connectsTo" VALUES (1829, 1831);
INSERT INTO "connectsTo" VALUES (1831, 1832);
INSERT INTO "connectsTo" VALUES (1832, 1833);
INSERT INTO "connectsTo" VALUES (1833, 1834);
INSERT INTO "connectsTo" VALUES (1834, 1835);
INSERT INTO "connectsTo" VALUES (1835, 1837);
INSERT INTO "connectsTo" VALUES (1837, 1838);
INSERT INTO "connectsTo" VALUES (1838, 1839);
INSERT INTO "connectsTo" VALUES (1839, 1840);
INSERT INTO "connectsTo" VALUES (1840, 1841);
INSERT INTO "connectsTo" VALUES (1841, 1843);
INSERT INTO "connectsTo" VALUES (1843, 1844);
INSERT INTO "connectsTo" VALUES (1844, 1845);
INSERT INTO "connectsTo" VALUES (1845, 1846);
INSERT INTO "connectsTo" VALUES (1846, 1847);
INSERT INTO "connectsTo" VALUES (1847, 1849);
INSERT INTO "connectsTo" VALUES (1849, 1850);
INSERT INTO "connectsTo" VALUES (1850, 1851);
INSERT INTO "connectsTo" VALUES (1851, 1852);
INSERT INTO "connectsTo" VALUES (1852, 1853);
INSERT INTO "connectsTo" VALUES (1853, 1855);
INSERT INTO "connectsTo" VALUES (1855, 1857);
INSERT INTO "connectsTo" VALUES (1857, 1858);
INSERT INTO "connectsTo" VALUES (1858, 1859);
INSERT INTO "connectsTo" VALUES (1859, 1860);
INSERT INTO "connectsTo" VALUES (1860, 1861);
INSERT INTO "connectsTo" VALUES (1861, 1863);
INSERT INTO "connectsTo" VALUES (1863, 1865);
INSERT INTO "connectsTo" VALUES (1865, 1866);
INSERT INTO "connectsTo" VALUES (1866, 1867);
INSERT INTO "connectsTo" VALUES (1867, 1868);
INSERT INTO "connectsTo" VALUES (1868, 1869);
INSERT INTO "connectsTo" VALUES (1869, 1871);
INSERT INTO "connectsTo" VALUES (1871, 1872);
INSERT INTO "connectsTo" VALUES (1872, 1873);
INSERT INTO "connectsTo" VALUES (1873, 1874);
INSERT INTO "connectsTo" VALUES (1874, 1875);
INSERT INTO "connectsTo" VALUES (1875, 1877);
INSERT INTO "connectsTo" VALUES (1877, 1878);
INSERT INTO "connectsTo" VALUES (1878, 1879);
INSERT INTO "connectsTo" VALUES (1879, 1880);
INSERT INTO "connectsTo" VALUES (1880, 1881);
INSERT INTO "connectsTo" VALUES (1881, 1883);
INSERT INTO "connectsTo" VALUES (1883, 1884);
INSERT INTO "connectsTo" VALUES (1884, 1885);
INSERT INTO "connectsTo" VALUES (1885, 1886);
INSERT INTO "connectsTo" VALUES (1886, 1887);
INSERT INTO "connectsTo" VALUES (1887, 1889);
INSERT INTO "connectsTo" VALUES (1889, 1890);
INSERT INTO "connectsTo" VALUES (1890, 1891);
INSERT INTO "connectsTo" VALUES (1891, 1892);
INSERT INTO "connectsTo" VALUES (1892, 1893);
INSERT INTO "connectsTo" VALUES (1893, 1895);
INSERT INTO "connectsTo" VALUES (1895, 1896);
INSERT INTO "connectsTo" VALUES (1896, 1897);
INSERT INTO "connectsTo" VALUES (1897, 1898);
INSERT INTO "connectsTo" VALUES (1898, 1899);
INSERT INTO "connectsTo" VALUES (1899, 1901);
INSERT INTO "connectsTo" VALUES (1901, 1903);
INSERT INTO "connectsTo" VALUES (1903, 1904);
INSERT INTO "connectsTo" VALUES (1904, 1905);
INSERT INTO "connectsTo" VALUES (1905, 1906);
INSERT INTO "connectsTo" VALUES (1906, 1907);
INSERT INTO "connectsTo" VALUES (1907, 1909);
INSERT INTO "connectsTo" VALUES (1909, 1910);
INSERT INTO "connectsTo" VALUES (1910, 1911);
INSERT INTO "connectsTo" VALUES (1911, 1912);
INSERT INTO "connectsTo" VALUES (1912, 1913);
INSERT INTO "connectsTo" VALUES (1913, 1915);
INSERT INTO "connectsTo" VALUES (1915, 1916);
INSERT INTO "connectsTo" VALUES (1916, 1917);
INSERT INTO "connectsTo" VALUES (1917, 1918);
INSERT INTO "connectsTo" VALUES (1918, 1919);
INSERT INTO "connectsTo" VALUES (1919, 1921);
INSERT INTO "connectsTo" VALUES (1921, 1922);
INSERT INTO "connectsTo" VALUES (1922, 1923);
INSERT INTO "connectsTo" VALUES (1923, 1924);
INSERT INTO "connectsTo" VALUES (1924, 1925);
INSERT INTO "connectsTo" VALUES (1925, 1927);
INSERT INTO "connectsTo" VALUES (1927, 1928);
INSERT INTO "connectsTo" VALUES (1928, 1929);
INSERT INTO "connectsTo" VALUES (1929, 1930);
INSERT INTO "connectsTo" VALUES (1930, 1931);
INSERT INTO "connectsTo" VALUES (1931, 1933);
INSERT INTO "connectsTo" VALUES (1933, 1935);
INSERT INTO "connectsTo" VALUES (1935, 1936);
INSERT INTO "connectsTo" VALUES (1936, 1937);
INSERT INTO "connectsTo" VALUES (1937, 1938);
INSERT INTO "connectsTo" VALUES (1938, 1939);
INSERT INTO "connectsTo" VALUES (1939, 1941);
INSERT INTO "connectsTo" VALUES (1941, 1942);
INSERT INTO "connectsTo" VALUES (1942, 1943);
INSERT INTO "connectsTo" VALUES (1943, 1944);
INSERT INTO "connectsTo" VALUES (1944, 1945);
INSERT INTO "connectsTo" VALUES (1945, 1947);
INSERT INTO "connectsTo" VALUES (1947, 1948);
INSERT INTO "connectsTo" VALUES (1948, 1949);
INSERT INTO "connectsTo" VALUES (1949, 1950);
INSERT INTO "connectsTo" VALUES (1950, 1951);
INSERT INTO "connectsTo" VALUES (1951, 1953);
INSERT INTO "connectsTo" VALUES (1953, 1955);
INSERT INTO "connectsTo" VALUES (1955, 1956);
INSERT INTO "connectsTo" VALUES (1956, 1957);
INSERT INTO "connectsTo" VALUES (1957, 1958);
INSERT INTO "connectsTo" VALUES (1958, 1959);
INSERT INTO "connectsTo" VALUES (1959, 1961);
INSERT INTO "connectsTo" VALUES (1961, 1962);
INSERT INTO "connectsTo" VALUES (1962, 1963);
INSERT INTO "connectsTo" VALUES (1963, 1964);
INSERT INTO "connectsTo" VALUES (1964, 1965);
INSERT INTO "connectsTo" VALUES (1965, 1967);
INSERT INTO "connectsTo" VALUES (1967, 1968);
INSERT INTO "connectsTo" VALUES (1968, 1969);
INSERT INTO "connectsTo" VALUES (1969, 1970);
INSERT INTO "connectsTo" VALUES (1970, 1971);
INSERT INTO "connectsTo" VALUES (1971, 1973);
INSERT INTO "connectsTo" VALUES (1973, 1974);
INSERT INTO "connectsTo" VALUES (1974, 1975);
INSERT INTO "connectsTo" VALUES (1975, 1976);
INSERT INTO "connectsTo" VALUES (1976, 1977);
INSERT INTO "connectsTo" VALUES (1595, 1600);
INSERT INTO "Semaphore" ("id", "signal") VALUES (1979, 2);
INSERT INTO "Route" ("id", "active", "entry", "exit") VALUES (1980, 1, 1597, 1979);
INSERT INTO "Region" ("id") VALUES (1981);
INSERT INTO "TrackElement" ("id") VALUES (1982);
INSERT INTO "Switch" ("id") VALUES (1982);
UPDATE "TrackElement" SET "region" = 1981 WHERE "id" = 1982;
INSERT INTO "Sensor" ("id") VALUES (1983);
UPDATE "Sensor" SET "region" = 1981 WHERE "id" = 1983;
INSERT INTO "monitoredBy" VALUES (1982, 1983);
UPDATE "Sensor" SET "route" = 1980 WHERE "id" = 1983;
INSERT INTO "TrackElement" ("id") VALUES (1984);
INSERT INTO "Segment" ("id", "length") VALUES (1984, 264);
UPDATE "TrackElement" SET "region" = 1981 WHERE "id" = 1984;
INSERT INTO "monitoredBy" VALUES (1984, 1983);
UPDATE "Semaphore" SET "segment" = 1984 WHERE "id" = 1979;
INSERT INTO "TrackElement" ("id") VALUES (1985);
INSERT INTO "Segment" ("id", "length") VALUES (1985, 389);
UPDATE "TrackElement" SET "region" = 1981 WHERE "id" = 1985;
INSERT INTO "monitoredBy" VALUES (1985, 1983);
INSERT INTO "TrackElement" ("id") VALUES (1986);
INSERT INTO "Segment" ("id", "length") VALUES (1986, 915);
UPDATE "TrackElement" SET "region" = 1981 WHERE "id" = 1986;
INSERT INTO "monitoredBy" VALUES (1986, 1983);
INSERT INTO "TrackElement" ("id") VALUES (1987);
INSERT INTO "Segment" ("id", "length") VALUES (1987, 600);
UPDATE "TrackElement" SET "region" = 1981 WHERE "id" = 1987;
INSERT INTO "monitoredBy" VALUES (1987, 1983);
INSERT INTO "TrackElement" ("id") VALUES (1988);
INSERT INTO "Segment" ("id", "length") VALUES (1988, 435);
UPDATE "TrackElement" SET "region" = 1981 WHERE "id" = 1988;
INSERT INTO "monitoredBy" VALUES (1988, 1983);
INSERT INTO "Sensor" ("id") VALUES (1989);
UPDATE "Sensor" SET "region" = 1981 WHERE "id" = 1989;
INSERT INTO "monitoredBy" VALUES (1982, 1989);
UPDATE "Sensor" SET "route" = 1980 WHERE "id" = 1989;
INSERT INTO "TrackElement" ("id") VALUES (1990);
INSERT INTO "Segment" ("id", "length") VALUES (1990, 533);
UPDATE "TrackElement" SET "region" = 1981 WHERE "id" = 1990;
INSERT INTO "monitoredBy" VALUES (1990, 1989);
INSERT INTO "TrackElement" ("id") VALUES (1991);
INSERT INTO "Segment" ("id", "length") VALUES (1991, 41);
UPDATE "TrackElement" SET "region" = 1981 WHERE "id" = 1991;
INSERT INTO "monitoredBy" VALUES (1991, 1989);
INSERT INTO "TrackElement" ("id") VALUES (1992);
INSERT INTO "Segment" ("id", "length") VALUES (1992, 115);
UPDATE "TrackElement" SET "region" = 1981 WHERE "id" = 1992;
INSERT INTO "monitoredBy" VALUES (1992, 1989);
INSERT INTO "TrackElement" ("id") VALUES (1993);
INSERT INTO "Segment" ("id", "length") VALUES (1993, 766);
UPDATE "TrackElement" SET "region" = 1981 WHERE "id" = 1993;
INSERT INTO "monitoredBy" VALUES (1993, 1989);
INSERT INTO "TrackElement" ("id") VALUES (1994);
INSERT INTO "Segment" ("id", "length") VALUES (1994, 997);
UPDATE "TrackElement" SET "region" = 1981 WHERE "id" = 1994;
INSERT INTO "monitoredBy" VALUES (1994, 1989);
INSERT INTO "Sensor" ("id") VALUES (1995);
UPDATE "Sensor" SET "region" = 1981 WHERE "id" = 1995;
INSERT INTO "monitoredBy" VALUES (1982, 1995);
UPDATE "Sensor" SET "route" = 1980 WHERE "id" = 1995;
INSERT INTO "TrackElement" ("id") VALUES (1996);
INSERT INTO "Segment" ("id", "length") VALUES (1996, 413);
UPDATE "TrackElement" SET "region" = 1981 WHERE "id" = 1996;
INSERT INTO "monitoredBy" VALUES (1996, 1995);
INSERT INTO "TrackElement" ("id") VALUES (1997);
INSERT INTO "Segment" ("id", "length") VALUES (1997, 952);
UPDATE "TrackElement" SET "region" = 1981 WHERE "id" = 1997;
INSERT INTO "monitoredBy" VALUES (1997, 1995);
INSERT INTO "TrackElement" ("id") VALUES (1998);
INSERT INTO "Segment" ("id", "length") VALUES (1998, 589);
UPDATE "TrackElement" SET "region" = 1981 WHERE "id" = 1998;
INSERT INTO "monitoredBy" VALUES (1998, 1995);
INSERT INTO "TrackElement" ("id") VALUES (1999);
INSERT INTO "Segment" ("id", "length") VALUES (1999, 307);
UPDATE "TrackElement" SET "region" = 1981 WHERE "id" = 1999;
INSERT INTO "monitoredBy" VALUES (1999, 1995);
INSERT INTO "TrackElement" ("id") VALUES (2000);
INSERT INTO "Segment" ("id", "length") VALUES (2000, 372);
UPDATE "TrackElement" SET "region" = 1981 WHERE "id" = 2000;
INSERT INTO "monitoredBy" VALUES (2000, 1995);
UPDATE "Switch" SET "currentPosition" = 2 WHERE "id" = 1982;
INSERT INTO "SwitchPosition" ("id", "position", "target") VALUES (2001, 2, 1982);
UPDATE "SwitchPosition" SET "route" = 1980 WHERE "id" = 2001;
INSERT INTO "TrackElement" ("id") VALUES (2002);
INSERT INTO "Switch" ("id") VALUES (2002);
UPDATE "TrackElement" SET "region" = 1981 WHERE "id" = 2002;
INSERT INTO "Sensor" ("id") VALUES (2003);
UPDATE "Sensor" SET "region" = 1981 WHERE "id" = 2003;
INSERT INTO "monitoredBy" VALUES (2002, 2003);
UPDATE "Sensor" SET "route" = 1980 WHERE "id" = 2003;
INSERT INTO "TrackElement" ("id") VALUES (2004);
INSERT INTO "Segment" ("id", "length") VALUES (2004, 883);
UPDATE "TrackElement" SET "region" = 1981 WHERE "id" = 2004;
INSERT INTO "monitoredBy" VALUES (2004, 2003);
INSERT INTO "TrackElement" ("id") VALUES (2005);
INSERT INTO "Segment" ("id", "length") VALUES (2005, 805);
UPDATE "TrackElement" SET "region" = 1981 WHERE "id" = 2005;
INSERT INTO "monitoredBy" VALUES (2005, 2003);
INSERT INTO "TrackElement" ("id") VALUES (2006);
INSERT INTO "Segment" ("id", "length") VALUES (2006, 107);
UPDATE "TrackElement" SET "region" = 1981 WHERE "id" = 2006;
INSERT INTO "monitoredBy" VALUES (2006, 2003);
INSERT INTO "TrackElement" ("id") VALUES (2007);
INSERT INTO "Segment" ("id", "length") VALUES (2007, 957);
UPDATE "TrackElement" SET "region" = 1981 WHERE "id" = 2007;
INSERT INTO "monitoredBy" VALUES (2007, 2003);
INSERT INTO "TrackElement" ("id") VALUES (2008);
INSERT INTO "Segment" ("id", "length") VALUES (2008, 17);
UPDATE "TrackElement" SET "region" = 1981 WHERE "id" = 2008;
INSERT INTO "monitoredBy" VALUES (2008, 2003);
INSERT INTO "Sensor" ("id") VALUES (2009);
UPDATE "Sensor" SET "region" = 1981 WHERE "id" = 2009;
INSERT INTO "monitoredBy" VALUES (2002, 2009);
UPDATE "Sensor" SET "route" = 1980 WHERE "id" = 2009;
INSERT INTO "TrackElement" ("id") VALUES (2010);
INSERT INTO "Segment" ("id", "length") VALUES (2010, 580);
UPDATE "TrackElement" SET "region" = 1981 WHERE "id" = 2010;
INSERT INTO "monitoredBy" VALUES (2010, 2009);
INSERT INTO "TrackElement" ("id") VALUES (2011);
INSERT INTO "Segment" ("id", "length") VALUES (2011, 425);
UPDATE "TrackElement" SET "region" = 1981 WHERE "id" = 2011;
INSERT INTO "monitoredBy" VALUES (2011, 2009);
INSERT INTO "TrackElement" ("id") VALUES (2012);
INSERT INTO "Segment" ("id", "length") VALUES (2012, 810);
UPDATE "TrackElement" SET "region" = 1981 WHERE "id" = 2012;
INSERT INTO "monitoredBy" VALUES (2012, 2009);
INSERT INTO "TrackElement" ("id") VALUES (2013);
INSERT INTO "Segment" ("id", "length") VALUES (2013, 612);
UPDATE "TrackElement" SET "region" = 1981 WHERE "id" = 2013;
INSERT INTO "monitoredBy" VALUES (2013, 2009);
INSERT INTO "TrackElement" ("id") VALUES (2014);
INSERT INTO "Segment" ("id", "length") VALUES (2014, 854);
UPDATE "TrackElement" SET "region" = 1981 WHERE "id" = 2014;
INSERT INTO "monitoredBy" VALUES (2014, 2009);
INSERT INTO "Sensor" ("id") VALUES (2015);
UPDATE "Sensor" SET "region" = 1981 WHERE "id" = 2015;
INSERT INTO "monitoredBy" VALUES (2002, 2015);
UPDATE "Sensor" SET "route" = 1980 WHERE "id" = 2015;
INSERT INTO "TrackElement" ("id") VALUES (2016);
INSERT INTO "Segment" ("id", "length") VALUES (2016, 169);
UPDATE "TrackElement" SET "region" = 1981 WHERE "id" = 2016;
INSERT INTO "monitoredBy" VALUES (2016, 2015);
INSERT INTO "TrackElement" ("id") VALUES (2017);
INSERT INTO "Segment" ("id", "length") VALUES (2017, 313);
UPDATE "TrackElement" SET "region" = 1981 WHERE "id" = 2017;
INSERT INTO "monitoredBy" VALUES (2017, 2015);
INSERT INTO "TrackElement" ("id") VALUES (2018);
INSERT INTO "Segment" ("id", "length") VALUES (2018, 258);
UPDATE "TrackElement" SET "region" = 1981 WHERE "id" = 2018;
INSERT INTO "monitoredBy" VALUES (2018, 2015);
INSERT INTO "TrackElement" ("id") VALUES (2019);
INSERT INTO "Segment" ("id", "length") VALUES (2019, 804);
UPDATE "TrackElement" SET "region" = 1981 WHERE "id" = 2019;
INSERT INTO "monitoredBy" VALUES (2019, 2015);
INSERT INTO "TrackElement" ("id") VALUES (2020);
INSERT INTO "Segment" ("id", "length") VALUES (2020, 285);
UPDATE "TrackElement" SET "region" = 1981 WHERE "id" = 2020;
INSERT INTO "monitoredBy" VALUES (2020, 2015);
INSERT INTO "Sensor" ("id") VALUES (2021);
UPDATE "Sensor" SET "region" = 1981 WHERE "id" = 2021;
INSERT INTO "monitoredBy" VALUES (2002, 2021);
UPDATE "Sensor" SET "route" = 1980 WHERE "id" = 2021;
INSERT INTO "TrackElement" ("id") VALUES (2022);
INSERT INTO "Segment" ("id", "length") VALUES (2022, 873);
UPDATE "TrackElement" SET "region" = 1981 WHERE "id" = 2022;
INSERT INTO "monitoredBy" VALUES (2022, 2021);
INSERT INTO "TrackElement" ("id") VALUES (2023);
INSERT INTO "Segment" ("id", "length") VALUES (2023, 172);
UPDATE "TrackElement" SET "region" = 1981 WHERE "id" = 2023;
INSERT INTO "monitoredBy" VALUES (2023, 2021);
INSERT INTO "TrackElement" ("id") VALUES (2024);
INSERT INTO "Segment" ("id", "length") VALUES (2024, 68);
UPDATE "TrackElement" SET "region" = 1981 WHERE "id" = 2024;
INSERT INTO "monitoredBy" VALUES (2024, 2021);
INSERT INTO "TrackElement" ("id") VALUES (2025);
INSERT INTO "Segment" ("id", "length") VALUES (2025, 963);
UPDATE "TrackElement" SET "region" = 1981 WHERE "id" = 2025;
INSERT INTO "monitoredBy" VALUES (2025, 2021);
INSERT INTO "TrackElement" ("id") VALUES (2026);
INSERT INTO "Segment" ("id", "length") VALUES (2026, -175);
UPDATE "TrackElement" SET "region" = 1981 WHERE "id" = 2026;
INSERT INTO "monitoredBy" VALUES (2026, 2021);
INSERT INTO "Sensor" ("id") VALUES (2027);
UPDATE "Sensor" SET "region" = 1981 WHERE "id" = 2027;
INSERT INTO "monitoredBy" VALUES (2002, 2027);
UPDATE "Sensor" SET "route" = 1980 WHERE "id" = 2027;
INSERT INTO "TrackElement" ("id") VALUES (2028);
INSERT INTO "Segment" ("id", "length") VALUES (2028, 908);
UPDATE "TrackElement" SET "region" = 1981 WHERE "id" = 2028;
INSERT INTO "monitoredBy" VALUES (2028, 2027);
INSERT INTO "TrackElement" ("id") VALUES (2029);
INSERT INTO "Segment" ("id", "length") VALUES (2029, 527);
UPDATE "TrackElement" SET "region" = 1981 WHERE "id" = 2029;
INSERT INTO "monitoredBy" VALUES (2029, 2027);
INSERT INTO "TrackElement" ("id") VALUES (2030);
INSERT INTO "Segment" ("id", "length") VALUES (2030, 872);
UPDATE "TrackElement" SET "region" = 1981 WHERE "id" = 2030;
INSERT INTO "monitoredBy" VALUES (2030, 2027);
INSERT INTO "TrackElement" ("id") VALUES (2031);
INSERT INTO "Segment" ("id", "length") VALUES (2031, 936);
UPDATE "TrackElement" SET "region" = 1981 WHERE "id" = 2031;
INSERT INTO "monitoredBy" VALUES (2031, 2027);
INSERT INTO "TrackElement" ("id") VALUES (2032);
INSERT INTO "Segment" ("id", "length") VALUES (2032, 83);
UPDATE "TrackElement" SET "region" = 1981 WHERE "id" = 2032;
INSERT INTO "monitoredBy" VALUES (2032, 2027);
INSERT INTO "Sensor" ("id") VALUES (2033);
UPDATE "Sensor" SET "region" = 1981 WHERE "id" = 2033;
INSERT INTO "monitoredBy" VALUES (2002, 2033);
UPDATE "Sensor" SET "route" = 1980 WHERE "id" = 2033;
INSERT INTO "TrackElement" ("id") VALUES (2034);
INSERT INTO "Segment" ("id", "length") VALUES (2034, 72);
UPDATE "TrackElement" SET "region" = 1981 WHERE "id" = 2034;
INSERT INTO "monitoredBy" VALUES (2034, 2033);
INSERT INTO "TrackElement" ("id") VALUES (2035);
INSERT INTO "Segment" ("id", "length") VALUES (2035, 166);
UPDATE "TrackElement" SET "region" = 1981 WHERE "id" = 2035;
INSERT INTO "monitoredBy" VALUES (2035, 2033);
INSERT INTO "TrackElement" ("id") VALUES (2036);
INSERT INTO "Segment" ("id", "length") VALUES (2036, 179);
UPDATE "TrackElement" SET "region" = 1981 WHERE "id" = 2036;
INSERT INTO "monitoredBy" VALUES (2036, 2033);
INSERT INTO "TrackElement" ("id") VALUES (2037);
INSERT INTO "Segment" ("id", "length") VALUES (2037, 38);
UPDATE "TrackElement" SET "region" = 1981 WHERE "id" = 2037;
INSERT INTO "monitoredBy" VALUES (2037, 2033);
INSERT INTO "TrackElement" ("id") VALUES (2038);
INSERT INTO "Segment" ("id", "length") VALUES (2038, 284);
UPDATE "TrackElement" SET "region" = 1981 WHERE "id" = 2038;
INSERT INTO "monitoredBy" VALUES (2038, 2033);
INSERT INTO "Sensor" ("id") VALUES (2039);
UPDATE "Sensor" SET "region" = 1981 WHERE "id" = 2039;
INSERT INTO "monitoredBy" VALUES (2002, 2039);
UPDATE "Sensor" SET "route" = 1980 WHERE "id" = 2039;
INSERT INTO "TrackElement" ("id") VALUES (2040);
INSERT INTO "Segment" ("id", "length") VALUES (2040, 755);
UPDATE "TrackElement" SET "region" = 1981 WHERE "id" = 2040;
INSERT INTO "monitoredBy" VALUES (2040, 2039);
INSERT INTO "TrackElement" ("id") VALUES (2041);
INSERT INTO "Segment" ("id", "length") VALUES (2041, 690);
UPDATE "TrackElement" SET "region" = 1981 WHERE "id" = 2041;
INSERT INTO "monitoredBy" VALUES (2041, 2039);
INSERT INTO "TrackElement" ("id") VALUES (2042);
INSERT INTO "Segment" ("id", "length") VALUES (2042, 401);
UPDATE "TrackElement" SET "region" = 1981 WHERE "id" = 2042;
INSERT INTO "monitoredBy" VALUES (2042, 2039);
INSERT INTO "TrackElement" ("id") VALUES (2043);
INSERT INTO "Segment" ("id", "length") VALUES (2043, 806);
UPDATE "TrackElement" SET "region" = 1981 WHERE "id" = 2043;
INSERT INTO "monitoredBy" VALUES (2043, 2039);
INSERT INTO "TrackElement" ("id") VALUES (2044);
INSERT INTO "Segment" ("id", "length") VALUES (2044, 769);
UPDATE "TrackElement" SET "region" = 1981 WHERE "id" = 2044;
INSERT INTO "monitoredBy" VALUES (2044, 2039);
INSERT INTO "Sensor" ("id") VALUES (2045);
UPDATE "Sensor" SET "region" = 1981 WHERE "id" = 2045;
INSERT INTO "monitoredBy" VALUES (2002, 2045);
UPDATE "Sensor" SET "route" = 1980 WHERE "id" = 2045;
INSERT INTO "TrackElement" ("id") VALUES (2046);
INSERT INTO "Segment" ("id", "length") VALUES (2046, 722);
UPDATE "TrackElement" SET "region" = 1981 WHERE "id" = 2046;
INSERT INTO "monitoredBy" VALUES (2046, 2045);
INSERT INTO "TrackElement" ("id") VALUES (2047);
INSERT INTO "Segment" ("id", "length") VALUES (2047, 378);
UPDATE "TrackElement" SET "region" = 1981 WHERE "id" = 2047;
INSERT INTO "monitoredBy" VALUES (2047, 2045);
INSERT INTO "TrackElement" ("id") VALUES (2048);
INSERT INTO "Segment" ("id", "length") VALUES (2048, 645);
UPDATE "TrackElement" SET "region" = 1981 WHERE "id" = 2048;
INSERT INTO "monitoredBy" VALUES (2048, 2045);
INSERT INTO "TrackElement" ("id") VALUES (2049);
INSERT INTO "Segment" ("id", "length") VALUES (2049, 125);
UPDATE "TrackElement" SET "region" = 1981 WHERE "id" = 2049;
INSERT INTO "monitoredBy" VALUES (2049, 2045);
INSERT INTO "TrackElement" ("id") VALUES (2050);
INSERT INTO "Segment" ("id", "length") VALUES (2050, 129);
UPDATE "TrackElement" SET "region" = 1981 WHERE "id" = 2050;
INSERT INTO "monitoredBy" VALUES (2050, 2045);
INSERT INTO "Sensor" ("id") VALUES (2051);
UPDATE "Sensor" SET "region" = 1981 WHERE "id" = 2051;
INSERT INTO "monitoredBy" VALUES (2002, 2051);
UPDATE "Sensor" SET "route" = 1980 WHERE "id" = 2051;
INSERT INTO "TrackElement" ("id") VALUES (2052);
INSERT INTO "Segment" ("id", "length") VALUES (2052, 322);
UPDATE "TrackElement" SET "region" = 1981 WHERE "id" = 2052;
INSERT INTO "monitoredBy" VALUES (2052, 2051);
INSERT INTO "TrackElement" ("id") VALUES (2053);
INSERT INTO "Segment" ("id", "length") VALUES (2053, 459);
UPDATE "TrackElement" SET "region" = 1981 WHERE "id" = 2053;
INSERT INTO "monitoredBy" VALUES (2053, 2051);
INSERT INTO "TrackElement" ("id") VALUES (2054);
INSERT INTO "Segment" ("id", "length") VALUES (2054, 165);
UPDATE "TrackElement" SET "region" = 1981 WHERE "id" = 2054;
INSERT INTO "monitoredBy" VALUES (2054, 2051);
INSERT INTO "TrackElement" ("id") VALUES (2055);
INSERT INTO "Segment" ("id", "length") VALUES (2055, 314);
UPDATE "TrackElement" SET "region" = 1981 WHERE "id" = 2055;
INSERT INTO "monitoredBy" VALUES (2055, 2051);
INSERT INTO "TrackElement" ("id") VALUES (2056);
INSERT INTO "Segment" ("id", "length") VALUES (2056, 308);
UPDATE "TrackElement" SET "region" = 1981 WHERE "id" = 2056;
INSERT INTO "monitoredBy" VALUES (2056, 2051);
UPDATE "Switch" SET "currentPosition" = 0 WHERE "id" = 2002;
INSERT INTO "SwitchPosition" ("id", "position", "target") VALUES (2057, 0, 2002);
UPDATE "SwitchPosition" SET "route" = 1980 WHERE "id" = 2057;
INSERT INTO "TrackElement" ("id") VALUES (2058);
INSERT INTO "Switch" ("id") VALUES (2058);
UPDATE "TrackElement" SET "region" = 1981 WHERE "id" = 2058;
INSERT INTO "Sensor" ("id") VALUES (2059);
UPDATE "Sensor" SET "region" = 1981 WHERE "id" = 2059;
INSERT INTO "monitoredBy" VALUES (2058, 2059);
UPDATE "Sensor" SET "route" = 1980 WHERE "id" = 2059;
INSERT INTO "TrackElement" ("id") VALUES (2060);
INSERT INTO "Segment" ("id", "length") VALUES (2060, 458);
UPDATE "TrackElement" SET "region" = 1981 WHERE "id" = 2060;
INSERT INTO "monitoredBy" VALUES (2060, 2059);
INSERT INTO "TrackElement" ("id") VALUES (2061);
INSERT INTO "Segment" ("id", "length") VALUES (2061, 275);
UPDATE "TrackElement" SET "region" = 1981 WHERE "id" = 2061;
INSERT INTO "monitoredBy" VALUES (2061, 2059);
INSERT INTO "TrackElement" ("id") VALUES (2062);
INSERT INTO "Segment" ("id", "length") VALUES (2062, 679);
UPDATE "TrackElement" SET "region" = 1981 WHERE "id" = 2062;
INSERT INTO "monitoredBy" VALUES (2062, 2059);
INSERT INTO "TrackElement" ("id") VALUES (2063);
INSERT INTO "Segment" ("id", "length") VALUES (2063, 700);
UPDATE "TrackElement" SET "region" = 1981 WHERE "id" = 2063;
INSERT INTO "monitoredBy" VALUES (2063, 2059);
INSERT INTO "TrackElement" ("id") VALUES (2064);
INSERT INTO "Segment" ("id", "length") VALUES (2064, 489);
UPDATE "TrackElement" SET "region" = 1981 WHERE "id" = 2064;
INSERT INTO "monitoredBy" VALUES (2064, 2059);
INSERT INTO "Sensor" ("id") VALUES (2065);
UPDATE "Sensor" SET "region" = 1981 WHERE "id" = 2065;
INSERT INTO "monitoredBy" VALUES (2058, 2065);
UPDATE "Sensor" SET "route" = 1980 WHERE "id" = 2065;
INSERT INTO "TrackElement" ("id") VALUES (2066);
INSERT INTO "Segment" ("id", "length") VALUES (2066, 135);
UPDATE "TrackElement" SET "region" = 1981 WHERE "id" = 2066;
INSERT INTO "monitoredBy" VALUES (2066, 2065);
INSERT INTO "TrackElement" ("id") VALUES (2067);
INSERT INTO "Segment" ("id", "length") VALUES (2067, 57);
UPDATE "TrackElement" SET "region" = 1981 WHERE "id" = 2067;
INSERT INTO "monitoredBy" VALUES (2067, 2065);
INSERT INTO "TrackElement" ("id") VALUES (2068);
INSERT INTO "Segment" ("id", "length") VALUES (2068, 784);
UPDATE "TrackElement" SET "region" = 1981 WHERE "id" = 2068;
INSERT INTO "monitoredBy" VALUES (2068, 2065);
INSERT INTO "TrackElement" ("id") VALUES (2069);
INSERT INTO "Segment" ("id", "length") VALUES (2069, 279);
UPDATE "TrackElement" SET "region" = 1981 WHERE "id" = 2069;
INSERT INTO "monitoredBy" VALUES (2069, 2065);
INSERT INTO "TrackElement" ("id") VALUES (2070);
INSERT INTO "Segment" ("id", "length") VALUES (2070, 960);
UPDATE "TrackElement" SET "region" = 1981 WHERE "id" = 2070;
INSERT INTO "monitoredBy" VALUES (2070, 2065);
INSERT INTO "Sensor" ("id") VALUES (2071);
UPDATE "Sensor" SET "region" = 1981 WHERE "id" = 2071;
INSERT INTO "monitoredBy" VALUES (2058, 2071);
UPDATE "Sensor" SET "route" = 1980 WHERE "id" = 2071;
INSERT INTO "TrackElement" ("id") VALUES (2072);
INSERT INTO "Segment" ("id", "length") VALUES (2072, 192);
UPDATE "TrackElement" SET "region" = 1981 WHERE "id" = 2072;
INSERT INTO "monitoredBy" VALUES (2072, 2071);
INSERT INTO "TrackElement" ("id") VALUES (2073);
INSERT INTO "Segment" ("id", "length") VALUES (2073, 75);
UPDATE "TrackElement" SET "region" = 1981 WHERE "id" = 2073;
INSERT INTO "monitoredBy" VALUES (2073, 2071);
INSERT INTO "TrackElement" ("id") VALUES (2074);
INSERT INTO "Segment" ("id", "length") VALUES (2074, 679);
UPDATE "TrackElement" SET "region" = 1981 WHERE "id" = 2074;
INSERT INTO "monitoredBy" VALUES (2074, 2071);
INSERT INTO "TrackElement" ("id") VALUES (2075);
INSERT INTO "Segment" ("id", "length") VALUES (2075, 426);
UPDATE "TrackElement" SET "region" = 1981 WHERE "id" = 2075;
INSERT INTO "monitoredBy" VALUES (2075, 2071);
INSERT INTO "TrackElement" ("id") VALUES (2076);
INSERT INTO "Segment" ("id", "length") VALUES (2076, 694);
UPDATE "TrackElement" SET "region" = 1981 WHERE "id" = 2076;
INSERT INTO "monitoredBy" VALUES (2076, 2071);
INSERT INTO "Sensor" ("id") VALUES (2077);
UPDATE "Sensor" SET "region" = 1981 WHERE "id" = 2077;
INSERT INTO "monitoredBy" VALUES (2058, 2077);
UPDATE "Sensor" SET "route" = 1980 WHERE "id" = 2077;
INSERT INTO "TrackElement" ("id") VALUES (2078);
INSERT INTO "Segment" ("id", "length") VALUES (2078, 120);
UPDATE "TrackElement" SET "region" = 1981 WHERE "id" = 2078;
INSERT INTO "monitoredBy" VALUES (2078, 2077);
INSERT INTO "TrackElement" ("id") VALUES (2079);
INSERT INTO "Segment" ("id", "length") VALUES (2079, 843);
UPDATE "TrackElement" SET "region" = 1981 WHERE "id" = 2079;
INSERT INTO "monitoredBy" VALUES (2079, 2077);
INSERT INTO "TrackElement" ("id") VALUES (2080);
INSERT INTO "Segment" ("id", "length") VALUES (2080, 644);
UPDATE "TrackElement" SET "region" = 1981 WHERE "id" = 2080;
INSERT INTO "monitoredBy" VALUES (2080, 2077);
INSERT INTO "TrackElement" ("id") VALUES (2081);
INSERT INTO "Segment" ("id", "length") VALUES (2081, 373);
UPDATE "TrackElement" SET "region" = 1981 WHERE "id" = 2081;
INSERT INTO "monitoredBy" VALUES (2081, 2077);
INSERT INTO "TrackElement" ("id") VALUES (2082);
INSERT INTO "Segment" ("id", "length") VALUES (2082, 910);
UPDATE "TrackElement" SET "region" = 1981 WHERE "id" = 2082;
INSERT INTO "monitoredBy" VALUES (2082, 2077);
INSERT INTO "Sensor" ("id") VALUES (2083);
UPDATE "Sensor" SET "region" = 1981 WHERE "id" = 2083;
INSERT INTO "monitoredBy" VALUES (2058, 2083);
UPDATE "Sensor" SET "route" = 1980 WHERE "id" = 2083;
INSERT INTO "TrackElement" ("id") VALUES (2084);
INSERT INTO "Segment" ("id", "length") VALUES (2084, 962);
UPDATE "TrackElement" SET "region" = 1981 WHERE "id" = 2084;
INSERT INTO "monitoredBy" VALUES (2084, 2083);
INSERT INTO "TrackElement" ("id") VALUES (2085);
INSERT INTO "Segment" ("id", "length") VALUES (2085, 580);
UPDATE "TrackElement" SET "region" = 1981 WHERE "id" = 2085;
INSERT INTO "monitoredBy" VALUES (2085, 2083);
INSERT INTO "TrackElement" ("id") VALUES (2086);
INSERT INTO "Segment" ("id", "length") VALUES (2086, 466);
UPDATE "TrackElement" SET "region" = 1981 WHERE "id" = 2086;
INSERT INTO "monitoredBy" VALUES (2086, 2083);
INSERT INTO "TrackElement" ("id") VALUES (2087);
INSERT INTO "Segment" ("id", "length") VALUES (2087, 934);
UPDATE "TrackElement" SET "region" = 1981 WHERE "id" = 2087;
INSERT INTO "monitoredBy" VALUES (2087, 2083);
INSERT INTO "TrackElement" ("id") VALUES (2088);
INSERT INTO "Segment" ("id", "length") VALUES (2088, 197);
UPDATE "TrackElement" SET "region" = 1981 WHERE "id" = 2088;
INSERT INTO "monitoredBy" VALUES (2088, 2083);
UPDATE "Switch" SET "currentPosition" = 2 WHERE "id" = 2058;
INSERT INTO "SwitchPosition" ("id", "position", "target") VALUES (2089, 2, 2058);
UPDATE "SwitchPosition" SET "route" = 1980 WHERE "id" = 2089;
INSERT INTO "TrackElement" ("id") VALUES (2090);
INSERT INTO "Switch" ("id") VALUES (2090);
UPDATE "TrackElement" SET "region" = 1981 WHERE "id" = 2090;
INSERT INTO "Sensor" ("id") VALUES (2091);
UPDATE "Sensor" SET "region" = 1981 WHERE "id" = 2091;
INSERT INTO "monitoredBy" VALUES (2090, 2091);
UPDATE "Sensor" SET "route" = 1980 WHERE "id" = 2091;
INSERT INTO "TrackElement" ("id") VALUES (2092);
INSERT INTO "Segment" ("id", "length") VALUES (2092, 492);
UPDATE "TrackElement" SET "region" = 1981 WHERE "id" = 2092;
INSERT INTO "monitoredBy" VALUES (2092, 2091);
INSERT INTO "TrackElement" ("id") VALUES (2093);
INSERT INTO "Segment" ("id", "length") VALUES (2093, 384);
UPDATE "TrackElement" SET "region" = 1981 WHERE "id" = 2093;
INSERT INTO "monitoredBy" VALUES (2093, 2091);
INSERT INTO "TrackElement" ("id") VALUES (2094);
INSERT INTO "Segment" ("id", "length") VALUES (2094, 991);
UPDATE "TrackElement" SET "region" = 1981 WHERE "id" = 2094;
INSERT INTO "monitoredBy" VALUES (2094, 2091);
INSERT INTO "TrackElement" ("id") VALUES (2095);
INSERT INTO "Segment" ("id", "length") VALUES (2095, 128);
UPDATE "TrackElement" SET "region" = 1981 WHERE "id" = 2095;
INSERT INTO "monitoredBy" VALUES (2095, 2091);
INSERT INTO "TrackElement" ("id") VALUES (2096);
INSERT INTO "Segment" ("id", "length") VALUES (2096, 235);
UPDATE "TrackElement" SET "region" = 1981 WHERE "id" = 2096;
INSERT INTO "monitoredBy" VALUES (2096, 2091);
INSERT INTO "Sensor" ("id") VALUES (2097);
UPDATE "Sensor" SET "region" = 1981 WHERE "id" = 2097;
INSERT INTO "monitoredBy" VALUES (2090, 2097);
UPDATE "Sensor" SET "route" = 1980 WHERE "id" = 2097;
INSERT INTO "TrackElement" ("id") VALUES (2098);
INSERT INTO "Segment" ("id", "length") VALUES (2098, 839);
UPDATE "TrackElement" SET "region" = 1981 WHERE "id" = 2098;
INSERT INTO "monitoredBy" VALUES (2098, 2097);
INSERT INTO "TrackElement" ("id") VALUES (2099);
INSERT INTO "Segment" ("id", "length") VALUES (2099, 837);
UPDATE "TrackElement" SET "region" = 1981 WHERE "id" = 2099;
INSERT INTO "monitoredBy" VALUES (2099, 2097);
INSERT INTO "TrackElement" ("id") VALUES (2100);
INSERT INTO "Segment" ("id", "length") VALUES (2100, 806);
UPDATE "TrackElement" SET "region" = 1981 WHERE "id" = 2100;
INSERT INTO "monitoredBy" VALUES (2100, 2097);
INSERT INTO "TrackElement" ("id") VALUES (2101);
INSERT INTO "Segment" ("id", "length") VALUES (2101, 749);
UPDATE "TrackElement" SET "region" = 1981 WHERE "id" = 2101;
INSERT INTO "monitoredBy" VALUES (2101, 2097);
INSERT INTO "TrackElement" ("id") VALUES (2102);
INSERT INTO "Segment" ("id", "length") VALUES (2102, 47);
UPDATE "TrackElement" SET "region" = 1981 WHERE "id" = 2102;
INSERT INTO "monitoredBy" VALUES (2102, 2097);
INSERT INTO "TrackElement" ("id") VALUES (2103);
INSERT INTO "Segment" ("id", "length") VALUES (2103, 939);
UPDATE "TrackElement" SET "region" = 1981 WHERE "id" = 2103;
INSERT INTO "monitoredBy" VALUES (2103, 2097);
INSERT INTO "Sensor" ("id") VALUES (2104);
UPDATE "Sensor" SET "region" = 1981 WHERE "id" = 2104;
INSERT INTO "monitoredBy" VALUES (2090, 2104);
UPDATE "Sensor" SET "route" = 1980 WHERE "id" = 2104;
INSERT INTO "TrackElement" ("id") VALUES (2105);
INSERT INTO "Segment" ("id", "length") VALUES (2105, 165);
UPDATE "TrackElement" SET "region" = 1981 WHERE "id" = 2105;
INSERT INTO "monitoredBy" VALUES (2105, 2104);
INSERT INTO "TrackElement" ("id") VALUES (2106);
INSERT INTO "Segment" ("id", "length") VALUES (2106, 85);
UPDATE "TrackElement" SET "region" = 1981 WHERE "id" = 2106;
INSERT INTO "monitoredBy" VALUES (2106, 2104);
INSERT INTO "TrackElement" ("id") VALUES (2107);
INSERT INTO "Segment" ("id", "length") VALUES (2107, 986);
UPDATE "TrackElement" SET "region" = 1981 WHERE "id" = 2107;
INSERT INTO "monitoredBy" VALUES (2107, 2104);
INSERT INTO "TrackElement" ("id") VALUES (2108);
INSERT INTO "Segment" ("id", "length") VALUES (2108, 399);
UPDATE "TrackElement" SET "region" = 1981 WHERE "id" = 2108;
INSERT INTO "monitoredBy" VALUES (2108, 2104);
INSERT INTO "TrackElement" ("id") VALUES (2109);
INSERT INTO "Segment" ("id", "length") VALUES (2109, 695);
UPDATE "TrackElement" SET "region" = 1981 WHERE "id" = 2109;
INSERT INTO "monitoredBy" VALUES (2109, 2104);
INSERT INTO "Sensor" ("id") VALUES (2110);
UPDATE "Sensor" SET "region" = 1981 WHERE "id" = 2110;
INSERT INTO "monitoredBy" VALUES (2090, 2110);
UPDATE "Sensor" SET "route" = 1980 WHERE "id" = 2110;
INSERT INTO "TrackElement" ("id") VALUES (2111);
INSERT INTO "Segment" ("id", "length") VALUES (2111, 327);
UPDATE "TrackElement" SET "region" = 1981 WHERE "id" = 2111;
INSERT INTO "monitoredBy" VALUES (2111, 2110);
INSERT INTO "TrackElement" ("id") VALUES (2112);
INSERT INTO "Segment" ("id", "length") VALUES (2112, 148);
UPDATE "TrackElement" SET "region" = 1981 WHERE "id" = 2112;
INSERT INTO "monitoredBy" VALUES (2112, 2110);
INSERT INTO "TrackElement" ("id") VALUES (2113);
INSERT INTO "Segment" ("id", "length") VALUES (2113, 45);
UPDATE "TrackElement" SET "region" = 1981 WHERE "id" = 2113;
INSERT INTO "monitoredBy" VALUES (2113, 2110);
INSERT INTO "TrackElement" ("id") VALUES (2114);
INSERT INTO "Segment" ("id", "length") VALUES (2114, 36);
UPDATE "TrackElement" SET "region" = 1981 WHERE "id" = 2114;
INSERT INTO "monitoredBy" VALUES (2114, 2110);
INSERT INTO "TrackElement" ("id") VALUES (2115);
INSERT INTO "Segment" ("id", "length") VALUES (2115, 609);
UPDATE "TrackElement" SET "region" = 1981 WHERE "id" = 2115;
INSERT INTO "monitoredBy" VALUES (2115, 2110);
INSERT INTO "Sensor" ("id") VALUES (2116);
UPDATE "Sensor" SET "region" = 1981 WHERE "id" = 2116;
INSERT INTO "monitoredBy" VALUES (2090, 2116);
UPDATE "Sensor" SET "route" = 1980 WHERE "id" = 2116;
INSERT INTO "TrackElement" ("id") VALUES (2117);
INSERT INTO "Segment" ("id", "length") VALUES (2117, 780);
UPDATE "TrackElement" SET "region" = 1981 WHERE "id" = 2117;
INSERT INTO "monitoredBy" VALUES (2117, 2116);
INSERT INTO "TrackElement" ("id") VALUES (2118);
INSERT INTO "Segment" ("id", "length") VALUES (2118, 696);
UPDATE "TrackElement" SET "region" = 1981 WHERE "id" = 2118;
INSERT INTO "monitoredBy" VALUES (2118, 2116);
INSERT INTO "TrackElement" ("id") VALUES (2119);
INSERT INTO "Segment" ("id", "length") VALUES (2119, 196);
UPDATE "TrackElement" SET "region" = 1981 WHERE "id" = 2119;
INSERT INTO "monitoredBy" VALUES (2119, 2116);
INSERT INTO "TrackElement" ("id") VALUES (2120);
INSERT INTO "Segment" ("id", "length") VALUES (2120, 816);
UPDATE "TrackElement" SET "region" = 1981 WHERE "id" = 2120;
INSERT INTO "monitoredBy" VALUES (2120, 2116);
INSERT INTO "TrackElement" ("id") VALUES (2121);
INSERT INTO "Segment" ("id", "length") VALUES (2121, 17);
UPDATE "TrackElement" SET "region" = 1981 WHERE "id" = 2121;
INSERT INTO "monitoredBy" VALUES (2121, 2116);
UPDATE "Switch" SET "currentPosition" = 1 WHERE "id" = 2090;
INSERT INTO "SwitchPosition" ("id", "position", "target") VALUES (2122, 1, 2090);
UPDATE "SwitchPosition" SET "route" = 1980 WHERE "id" = 2122;
INSERT INTO "TrackElement" ("id") VALUES (2123);
INSERT INTO "Switch" ("id") VALUES (2123);
UPDATE "TrackElement" SET "region" = 1981 WHERE "id" = 2123;
INSERT INTO "Sensor" ("id") VALUES (2124);
UPDATE "Sensor" SET "region" = 1981 WHERE "id" = 2124;
INSERT INTO "monitoredBy" VALUES (2123, 2124);
UPDATE "Sensor" SET "route" = 1980 WHERE "id" = 2124;
INSERT INTO "TrackElement" ("id") VALUES (2125);
INSERT INTO "Segment" ("id", "length") VALUES (2125, 364);
UPDATE "TrackElement" SET "region" = 1981 WHERE "id" = 2125;
INSERT INTO "monitoredBy" VALUES (2125, 2124);
INSERT INTO "TrackElement" ("id") VALUES (2126);
INSERT INTO "Segment" ("id", "length") VALUES (2126, 678);
UPDATE "TrackElement" SET "region" = 1981 WHERE "id" = 2126;
INSERT INTO "monitoredBy" VALUES (2126, 2124);
INSERT INTO "TrackElement" ("id") VALUES (2127);
INSERT INTO "Segment" ("id", "length") VALUES (2127, 460);
UPDATE "TrackElement" SET "region" = 1981 WHERE "id" = 2127;
INSERT INTO "monitoredBy" VALUES (2127, 2124);
INSERT INTO "TrackElement" ("id") VALUES (2128);
INSERT INTO "Segment" ("id", "length") VALUES (2128, 232);
UPDATE "TrackElement" SET "region" = 1981 WHERE "id" = 2128;
INSERT INTO "monitoredBy" VALUES (2128, 2124);
INSERT INTO "TrackElement" ("id") VALUES (2129);
INSERT INTO "Segment" ("id", "length") VALUES (2129, 438);
UPDATE "TrackElement" SET "region" = 1981 WHERE "id" = 2129;
INSERT INTO "monitoredBy" VALUES (2129, 2124);
INSERT INTO "Sensor" ("id") VALUES (2130);
UPDATE "Sensor" SET "region" = 1981 WHERE "id" = 2130;
INSERT INTO "monitoredBy" VALUES (2123, 2130);
UPDATE "Sensor" SET "route" = 1980 WHERE "id" = 2130;
INSERT INTO "TrackElement" ("id") VALUES (2131);
INSERT INTO "Segment" ("id", "length") VALUES (2131, 801);
UPDATE "TrackElement" SET "region" = 1981 WHERE "id" = 2131;
INSERT INTO "monitoredBy" VALUES (2131, 2130);
INSERT INTO "TrackElement" ("id") VALUES (2132);
INSERT INTO "Segment" ("id", "length") VALUES (2132, 691);
UPDATE "TrackElement" SET "region" = 1981 WHERE "id" = 2132;
INSERT INTO "monitoredBy" VALUES (2132, 2130);
INSERT INTO "TrackElement" ("id") VALUES (2133);
INSERT INTO "Segment" ("id", "length") VALUES (2133, 923);
UPDATE "TrackElement" SET "region" = 1981 WHERE "id" = 2133;
INSERT INTO "monitoredBy" VALUES (2133, 2130);
INSERT INTO "TrackElement" ("id") VALUES (2134);
INSERT INTO "Segment" ("id", "length") VALUES (2134, 548);
UPDATE "TrackElement" SET "region" = 1981 WHERE "id" = 2134;
INSERT INTO "monitoredBy" VALUES (2134, 2130);
INSERT INTO "TrackElement" ("id") VALUES (2135);
INSERT INTO "Segment" ("id", "length") VALUES (2135, 474);
UPDATE "TrackElement" SET "region" = 1981 WHERE "id" = 2135;
INSERT INTO "monitoredBy" VALUES (2135, 2130);
UPDATE "Switch" SET "currentPosition" = 1 WHERE "id" = 2123;
INSERT INTO "SwitchPosition" ("id", "position", "target") VALUES (2136, 1, 2123);
UPDATE "SwitchPosition" SET "route" = 1980 WHERE "id" = 2136;
INSERT INTO "TrackElement" ("id") VALUES (2137);
INSERT INTO "Switch" ("id") VALUES (2137);
UPDATE "TrackElement" SET "region" = 1981 WHERE "id" = 2137;
INSERT INTO "Sensor" ("id") VALUES (2138);
UPDATE "Sensor" SET "region" = 1981 WHERE "id" = 2138;
INSERT INTO "monitoredBy" VALUES (2137, 2138);
UPDATE "Sensor" SET "route" = 1980 WHERE "id" = 2138;
INSERT INTO "TrackElement" ("id") VALUES (2139);
INSERT INTO "Segment" ("id", "length") VALUES (2139, 347);
UPDATE "TrackElement" SET "region" = 1981 WHERE "id" = 2139;
INSERT INTO "monitoredBy" VALUES (2139, 2138);
INSERT INTO "TrackElement" ("id") VALUES (2140);
INSERT INTO "Segment" ("id", "length") VALUES (2140, 308);
UPDATE "TrackElement" SET "region" = 1981 WHERE "id" = 2140;
INSERT INTO "monitoredBy" VALUES (2140, 2138);
INSERT INTO "TrackElement" ("id") VALUES (2141);
INSERT INTO "Segment" ("id", "length") VALUES (2141, 651);
UPDATE "TrackElement" SET "region" = 1981 WHERE "id" = 2141;
INSERT INTO "monitoredBy" VALUES (2141, 2138);
INSERT INTO "TrackElement" ("id") VALUES (2142);
INSERT INTO "Segment" ("id", "length") VALUES (2142, 266);
UPDATE "TrackElement" SET "region" = 1981 WHERE "id" = 2142;
INSERT INTO "monitoredBy" VALUES (2142, 2138);
INSERT INTO "TrackElement" ("id") VALUES (2143);
INSERT INTO "Segment" ("id", "length") VALUES (2143, 965);
UPDATE "TrackElement" SET "region" = 1981 WHERE "id" = 2143;
INSERT INTO "monitoredBy" VALUES (2143, 2138);
INSERT INTO "Sensor" ("id") VALUES (2144);
UPDATE "Sensor" SET "region" = 1981 WHERE "id" = 2144;
INSERT INTO "monitoredBy" VALUES (2137, 2144);
UPDATE "Sensor" SET "route" = 1980 WHERE "id" = 2144;
INSERT INTO "TrackElement" ("id") VALUES (2145);
INSERT INTO "Segment" ("id", "length") VALUES (2145, 750);
UPDATE "TrackElement" SET "region" = 1981 WHERE "id" = 2145;
INSERT INTO "monitoredBy" VALUES (2145, 2144);
INSERT INTO "TrackElement" ("id") VALUES (2146);
INSERT INTO "Segment" ("id", "length") VALUES (2146, 15);
UPDATE "TrackElement" SET "region" = 1981 WHERE "id" = 2146;
INSERT INTO "monitoredBy" VALUES (2146, 2144);
INSERT INTO "TrackElement" ("id") VALUES (2147);
INSERT INTO "Segment" ("id", "length") VALUES (2147, 982);
UPDATE "TrackElement" SET "region" = 1981 WHERE "id" = 2147;
INSERT INTO "monitoredBy" VALUES (2147, 2144);
INSERT INTO "TrackElement" ("id") VALUES (2148);
INSERT INTO "Segment" ("id", "length") VALUES (2148, 976);
UPDATE "TrackElement" SET "region" = 1981 WHERE "id" = 2148;
INSERT INTO "monitoredBy" VALUES (2148, 2144);
INSERT INTO "TrackElement" ("id") VALUES (2149);
INSERT INTO "Segment" ("id", "length") VALUES (2149, 783);
UPDATE "TrackElement" SET "region" = 1981 WHERE "id" = 2149;
INSERT INTO "monitoredBy" VALUES (2149, 2144);
INSERT INTO "Sensor" ("id") VALUES (2150);
UPDATE "Sensor" SET "region" = 1981 WHERE "id" = 2150;
INSERT INTO "monitoredBy" VALUES (2137, 2150);
UPDATE "Sensor" SET "route" = 1980 WHERE "id" = 2150;
INSERT INTO "TrackElement" ("id") VALUES (2151);
INSERT INTO "Segment" ("id", "length") VALUES (2151, 1);
UPDATE "TrackElement" SET "region" = 1981 WHERE "id" = 2151;
INSERT INTO "monitoredBy" VALUES (2151, 2150);
INSERT INTO "TrackElement" ("id") VALUES (2152);
INSERT INTO "Segment" ("id", "length") VALUES (2152, 781);
UPDATE "TrackElement" SET "region" = 1981 WHERE "id" = 2152;
INSERT INTO "monitoredBy" VALUES (2152, 2150);
INSERT INTO "TrackElement" ("id") VALUES (2153);
INSERT INTO "Segment" ("id", "length") VALUES (2153, 731);
UPDATE "TrackElement" SET "region" = 1981 WHERE "id" = 2153;
INSERT INTO "monitoredBy" VALUES (2153, 2150);
INSERT INTO "TrackElement" ("id") VALUES (2154);
INSERT INTO "Segment" ("id", "length") VALUES (2154, 730);
UPDATE "TrackElement" SET "region" = 1981 WHERE "id" = 2154;
INSERT INTO "monitoredBy" VALUES (2154, 2150);
INSERT INTO "TrackElement" ("id") VALUES (2155);
INSERT INTO "Segment" ("id", "length") VALUES (2155, 363);
UPDATE "TrackElement" SET "region" = 1981 WHERE "id" = 2155;
INSERT INTO "monitoredBy" VALUES (2155, 2150);
INSERT INTO "Sensor" ("id") VALUES (2156);
UPDATE "Sensor" SET "region" = 1981 WHERE "id" = 2156;
INSERT INTO "monitoredBy" VALUES (2137, 2156);
UPDATE "Sensor" SET "route" = 1980 WHERE "id" = 2156;
INSERT INTO "TrackElement" ("id") VALUES (2157);
INSERT INTO "Segment" ("id", "length") VALUES (2157, 672);
UPDATE "TrackElement" SET "region" = 1981 WHERE "id" = 2157;
INSERT INTO "monitoredBy" VALUES (2157, 2156);
INSERT INTO "TrackElement" ("id") VALUES (2158);
INSERT INTO "Segment" ("id", "length") VALUES (2158, 444);
UPDATE "TrackElement" SET "region" = 1981 WHERE "id" = 2158;
INSERT INTO "monitoredBy" VALUES (2158, 2156);
INSERT INTO "TrackElement" ("id") VALUES (2159);
INSERT INTO "Segment" ("id", "length") VALUES (2159, 98);
UPDATE "TrackElement" SET "region" = 1981 WHERE "id" = 2159;
INSERT INTO "monitoredBy" VALUES (2159, 2156);
INSERT INTO "TrackElement" ("id") VALUES (2160);
INSERT INTO "Segment" ("id", "length") VALUES (2160, 550);
UPDATE "TrackElement" SET "region" = 1981 WHERE "id" = 2160;
INSERT INTO "monitoredBy" VALUES (2160, 2156);
INSERT INTO "TrackElement" ("id") VALUES (2161);
INSERT INTO "Segment" ("id", "length") VALUES (2161, 391);
UPDATE "TrackElement" SET "region" = 1981 WHERE "id" = 2161;
INSERT INTO "monitoredBy" VALUES (2161, 2156);
INSERT INTO "Sensor" ("id") VALUES (2162);
UPDATE "Sensor" SET "region" = 1981 WHERE "id" = 2162;
INSERT INTO "monitoredBy" VALUES (2137, 2162);
UPDATE "Sensor" SET "route" = 1980 WHERE "id" = 2162;
INSERT INTO "TrackElement" ("id") VALUES (2163);
INSERT INTO "Segment" ("id", "length") VALUES (2163, 633);
UPDATE "TrackElement" SET "region" = 1981 WHERE "id" = 2163;
INSERT INTO "monitoredBy" VALUES (2163, 2162);
INSERT INTO "TrackElement" ("id") VALUES (2164);
INSERT INTO "Segment" ("id", "length") VALUES (2164, 498);
UPDATE "TrackElement" SET "region" = 1981 WHERE "id" = 2164;
INSERT INTO "monitoredBy" VALUES (2164, 2162);
INSERT INTO "TrackElement" ("id") VALUES (2165);
INSERT INTO "Segment" ("id", "length") VALUES (2165, 628);
UPDATE "TrackElement" SET "region" = 1981 WHERE "id" = 2165;
INSERT INTO "monitoredBy" VALUES (2165, 2162);
INSERT INTO "TrackElement" ("id") VALUES (2166);
INSERT INTO "Segment" ("id", "length") VALUES (2166, 27);
UPDATE "TrackElement" SET "region" = 1981 WHERE "id" = 2166;
INSERT INTO "monitoredBy" VALUES (2166, 2162);
INSERT INTO "TrackElement" ("id") VALUES (2167);
INSERT INTO "Segment" ("id", "length") VALUES (2167, 477);
UPDATE "TrackElement" SET "region" = 1981 WHERE "id" = 2167;
INSERT INTO "monitoredBy" VALUES (2167, 2162);
INSERT INTO "Sensor" ("id") VALUES (2168);
UPDATE "Sensor" SET "region" = 1981 WHERE "id" = 2168;
INSERT INTO "monitoredBy" VALUES (2137, 2168);
UPDATE "Sensor" SET "route" = 1980 WHERE "id" = 2168;
INSERT INTO "TrackElement" ("id") VALUES (2169);
INSERT INTO "Segment" ("id", "length") VALUES (2169, 404);
UPDATE "TrackElement" SET "region" = 1981 WHERE "id" = 2169;
INSERT INTO "monitoredBy" VALUES (2169, 2168);
INSERT INTO "TrackElement" ("id") VALUES (2170);
INSERT INTO "Segment" ("id", "length") VALUES (2170, 289);
UPDATE "TrackElement" SET "region" = 1981 WHERE "id" = 2170;
INSERT INTO "monitoredBy" VALUES (2170, 2168);
INSERT INTO "TrackElement" ("id") VALUES (2171);
INSERT INTO "Segment" ("id", "length") VALUES (2171, 2);
UPDATE "TrackElement" SET "region" = 1981 WHERE "id" = 2171;
INSERT INTO "monitoredBy" VALUES (2171, 2168);
INSERT INTO "TrackElement" ("id") VALUES (2172);
INSERT INTO "Segment" ("id", "length") VALUES (2172, 617);
UPDATE "TrackElement" SET "region" = 1981 WHERE "id" = 2172;
INSERT INTO "monitoredBy" VALUES (2172, 2168);
INSERT INTO "TrackElement" ("id") VALUES (2173);
INSERT INTO "Segment" ("id", "length") VALUES (2173, 821);
UPDATE "TrackElement" SET "region" = 1981 WHERE "id" = 2173;
INSERT INTO "monitoredBy" VALUES (2173, 2168);
INSERT INTO "Sensor" ("id") VALUES (2174);
UPDATE "Sensor" SET "region" = 1981 WHERE "id" = 2174;
INSERT INTO "monitoredBy" VALUES (2137, 2174);
UPDATE "Sensor" SET "route" = 1980 WHERE "id" = 2174;
INSERT INTO "TrackElement" ("id") VALUES (2175);
INSERT INTO "Segment" ("id", "length") VALUES (2175, 909);
UPDATE "TrackElement" SET "region" = 1981 WHERE "id" = 2175;
INSERT INTO "monitoredBy" VALUES (2175, 2174);
INSERT INTO "TrackElement" ("id") VALUES (2176);
INSERT INTO "Segment" ("id", "length") VALUES (2176, 749);
UPDATE "TrackElement" SET "region" = 1981 WHERE "id" = 2176;
INSERT INTO "monitoredBy" VALUES (2176, 2174);
INSERT INTO "TrackElement" ("id") VALUES (2177);
INSERT INTO "Segment" ("id", "length") VALUES (2177, 133);
UPDATE "TrackElement" SET "region" = 1981 WHERE "id" = 2177;
INSERT INTO "monitoredBy" VALUES (2177, 2174);
INSERT INTO "TrackElement" ("id") VALUES (2178);
INSERT INTO "Segment" ("id", "length") VALUES (2178, 47);
UPDATE "TrackElement" SET "region" = 1981 WHERE "id" = 2178;
INSERT INTO "monitoredBy" VALUES (2178, 2174);
INSERT INTO "TrackElement" ("id") VALUES (2179);
INSERT INTO "Segment" ("id", "length") VALUES (2179, 164);
UPDATE "TrackElement" SET "region" = 1981 WHERE "id" = 2179;
INSERT INTO "monitoredBy" VALUES (2179, 2174);
UPDATE "Switch" SET "currentPosition" = 0 WHERE "id" = 2137;
INSERT INTO "SwitchPosition" ("id", "position", "target") VALUES (2180, 0, 2137);
UPDATE "SwitchPosition" SET "route" = 1980 WHERE "id" = 2180;
INSERT INTO "TrackElement" ("id") VALUES (2181);
INSERT INTO "Switch" ("id") VALUES (2181);
UPDATE "TrackElement" SET "region" = 1981 WHERE "id" = 2181;
INSERT INTO "Sensor" ("id") VALUES (2182);
UPDATE "Sensor" SET "region" = 1981 WHERE "id" = 2182;
INSERT INTO "monitoredBy" VALUES (2181, 2182);
UPDATE "Sensor" SET "route" = 1980 WHERE "id" = 2182;
INSERT INTO "TrackElement" ("id") VALUES (2183);
INSERT INTO "Segment" ("id", "length") VALUES (2183, 226);
UPDATE "TrackElement" SET "region" = 1981 WHERE "id" = 2183;
INSERT INTO "monitoredBy" VALUES (2183, 2182);
INSERT INTO "TrackElement" ("id") VALUES (2184);
INSERT INTO "Segment" ("id", "length") VALUES (2184, 641);
UPDATE "TrackElement" SET "region" = 1981 WHERE "id" = 2184;
INSERT INTO "monitoredBy" VALUES (2184, 2182);
INSERT INTO "TrackElement" ("id") VALUES (2185);
INSERT INTO "Segment" ("id", "length") VALUES (2185, 335);
UPDATE "TrackElement" SET "region" = 1981 WHERE "id" = 2185;
INSERT INTO "monitoredBy" VALUES (2185, 2182);
INSERT INTO "TrackElement" ("id") VALUES (2186);
INSERT INTO "Segment" ("id", "length") VALUES (2186, 388);
UPDATE "TrackElement" SET "region" = 1981 WHERE "id" = 2186;
INSERT INTO "monitoredBy" VALUES (2186, 2182);
INSERT INTO "TrackElement" ("id") VALUES (2187);
INSERT INTO "Segment" ("id", "length") VALUES (2187, 516);
UPDATE "TrackElement" SET "region" = 1981 WHERE "id" = 2187;
INSERT INTO "monitoredBy" VALUES (2187, 2182);
INSERT INTO "Sensor" ("id") VALUES (2188);
UPDATE "Sensor" SET "region" = 1981 WHERE "id" = 2188;
INSERT INTO "monitoredBy" VALUES (2181, 2188);
UPDATE "Sensor" SET "route" = 1980 WHERE "id" = 2188;
INSERT INTO "TrackElement" ("id") VALUES (2189);
INSERT INTO "Segment" ("id", "length") VALUES (2189, 97);
UPDATE "TrackElement" SET "region" = 1981 WHERE "id" = 2189;
INSERT INTO "monitoredBy" VALUES (2189, 2188);
INSERT INTO "TrackElement" ("id") VALUES (2190);
INSERT INTO "Segment" ("id", "length") VALUES (2190, 996);
UPDATE "TrackElement" SET "region" = 1981 WHERE "id" = 2190;
INSERT INTO "monitoredBy" VALUES (2190, 2188);
INSERT INTO "TrackElement" ("id") VALUES (2191);
INSERT INTO "Segment" ("id", "length") VALUES (2191, 743);
UPDATE "TrackElement" SET "region" = 1981 WHERE "id" = 2191;
INSERT INTO "monitoredBy" VALUES (2191, 2188);
INSERT INTO "TrackElement" ("id") VALUES (2192);
INSERT INTO "Segment" ("id", "length") VALUES (2192, 219);
UPDATE "TrackElement" SET "region" = 1981 WHERE "id" = 2192;
INSERT INTO "monitoredBy" VALUES (2192, 2188);
INSERT INTO "TrackElement" ("id") VALUES (2193);
INSERT INTO "Segment" ("id", "length") VALUES (2193, 739);
UPDATE "TrackElement" SET "region" = 1981 WHERE "id" = 2193;
INSERT INTO "monitoredBy" VALUES (2193, 2188);
INSERT INTO "Sensor" ("id") VALUES (2194);
UPDATE "Sensor" SET "region" = 1981 WHERE "id" = 2194;
INSERT INTO "monitoredBy" VALUES (2181, 2194);
UPDATE "Sensor" SET "route" = 1980 WHERE "id" = 2194;
INSERT INTO "TrackElement" ("id") VALUES (2195);
INSERT INTO "Segment" ("id", "length") VALUES (2195, 904);
UPDATE "TrackElement" SET "region" = 1981 WHERE "id" = 2195;
INSERT INTO "monitoredBy" VALUES (2195, 2194);
INSERT INTO "TrackElement" ("id") VALUES (2196);
INSERT INTO "Segment" ("id", "length") VALUES (2196, 601);
UPDATE "TrackElement" SET "region" = 1981 WHERE "id" = 2196;
INSERT INTO "monitoredBy" VALUES (2196, 2194);
INSERT INTO "TrackElement" ("id") VALUES (2197);
INSERT INTO "Segment" ("id", "length") VALUES (2197, 964);
UPDATE "TrackElement" SET "region" = 1981 WHERE "id" = 2197;
INSERT INTO "monitoredBy" VALUES (2197, 2194);
INSERT INTO "TrackElement" ("id") VALUES (2198);
INSERT INTO "Segment" ("id", "length") VALUES (2198, 50);
UPDATE "TrackElement" SET "region" = 1981 WHERE "id" = 2198;
INSERT INTO "monitoredBy" VALUES (2198, 2194);
INSERT INTO "TrackElement" ("id") VALUES (2199);
INSERT INTO "Segment" ("id", "length") VALUES (2199, 809);
UPDATE "TrackElement" SET "region" = 1981 WHERE "id" = 2199;
INSERT INTO "monitoredBy" VALUES (2199, 2194);
INSERT INTO "Sensor" ("id") VALUES (2200);
UPDATE "Sensor" SET "region" = 1981 WHERE "id" = 2200;
INSERT INTO "monitoredBy" VALUES (2181, 2200);
UPDATE "Sensor" SET "route" = 1980 WHERE "id" = 2200;
INSERT INTO "TrackElement" ("id") VALUES (2201);
INSERT INTO "Segment" ("id", "length") VALUES (2201, 99);
UPDATE "TrackElement" SET "region" = 1981 WHERE "id" = 2201;
INSERT INTO "monitoredBy" VALUES (2201, 2200);
INSERT INTO "TrackElement" ("id") VALUES (2202);
INSERT INTO "Segment" ("id", "length") VALUES (2202, 139);
UPDATE "TrackElement" SET "region" = 1981 WHERE "id" = 2202;
INSERT INTO "monitoredBy" VALUES (2202, 2200);
INSERT INTO "TrackElement" ("id") VALUES (2203);
INSERT INTO "Segment" ("id", "length") VALUES (2203, 815);
UPDATE "TrackElement" SET "region" = 1981 WHERE "id" = 2203;
INSERT INTO "monitoredBy" VALUES (2203, 2200);
INSERT INTO "TrackElement" ("id") VALUES (2204);
INSERT INTO "Segment" ("id", "length") VALUES (2204, 465);
UPDATE "TrackElement" SET "region" = 1981 WHERE "id" = 2204;
INSERT INTO "monitoredBy" VALUES (2204, 2200);
INSERT INTO "TrackElement" ("id") VALUES (2205);
INSERT INTO "Segment" ("id", "length") VALUES (2205, 666);
UPDATE "TrackElement" SET "region" = 1981 WHERE "id" = 2205;
INSERT INTO "monitoredBy" VALUES (2205, 2200);
UPDATE "Switch" SET "currentPosition" = 1 WHERE "id" = 2181;
INSERT INTO "SwitchPosition" ("id", "position", "target") VALUES (2206, 1, 2181);
UPDATE "SwitchPosition" SET "route" = 1980 WHERE "id" = 2206;
INSERT INTO "TrackElement" ("id") VALUES (2207);
INSERT INTO "Switch" ("id") VALUES (2207);
UPDATE "TrackElement" SET "region" = 1981 WHERE "id" = 2207;
INSERT INTO "Sensor" ("id") VALUES (2208);
UPDATE "Sensor" SET "region" = 1981 WHERE "id" = 2208;
INSERT INTO "monitoredBy" VALUES (2207, 2208);
UPDATE "Sensor" SET "route" = 1980 WHERE "id" = 2208;
INSERT INTO "TrackElement" ("id") VALUES (2209);
INSERT INTO "Segment" ("id", "length") VALUES (2209, 186);
UPDATE "TrackElement" SET "region" = 1981 WHERE "id" = 2209;
INSERT INTO "monitoredBy" VALUES (2209, 2208);
INSERT INTO "TrackElement" ("id") VALUES (2210);
INSERT INTO "Segment" ("id", "length") VALUES (2210, 803);
UPDATE "TrackElement" SET "region" = 1981 WHERE "id" = 2210;
INSERT INTO "monitoredBy" VALUES (2210, 2208);
INSERT INTO "TrackElement" ("id") VALUES (2211);
INSERT INTO "Segment" ("id", "length") VALUES (2211, 664);
UPDATE "TrackElement" SET "region" = 1981 WHERE "id" = 2211;
INSERT INTO "monitoredBy" VALUES (2211, 2208);
INSERT INTO "TrackElement" ("id") VALUES (2212);
INSERT INTO "Segment" ("id", "length") VALUES (2212, -316);
UPDATE "TrackElement" SET "region" = 1981 WHERE "id" = 2212;
INSERT INTO "monitoredBy" VALUES (2212, 2208);
INSERT INTO "TrackElement" ("id") VALUES (2213);
INSERT INTO "Segment" ("id", "length") VALUES (2213, 671);
UPDATE "TrackElement" SET "region" = 1981 WHERE "id" = 2213;
INSERT INTO "monitoredBy" VALUES (2213, 2208);
INSERT INTO "TrackElement" ("id") VALUES (2214);
INSERT INTO "Segment" ("id", "length") VALUES (2214, 206);
UPDATE "TrackElement" SET "region" = 1981 WHERE "id" = 2214;
INSERT INTO "monitoredBy" VALUES (2214, 2208);
INSERT INTO "Sensor" ("id") VALUES (2215);
UPDATE "Sensor" SET "region" = 1981 WHERE "id" = 2215;
INSERT INTO "monitoredBy" VALUES (2207, 2215);
UPDATE "Sensor" SET "route" = 1980 WHERE "id" = 2215;
INSERT INTO "TrackElement" ("id") VALUES (2216);
INSERT INTO "Segment" ("id", "length") VALUES (2216, 262);
UPDATE "TrackElement" SET "region" = 1981 WHERE "id" = 2216;
INSERT INTO "monitoredBy" VALUES (2216, 2215);
INSERT INTO "TrackElement" ("id") VALUES (2217);
INSERT INTO "Segment" ("id", "length") VALUES (2217, 527);
UPDATE "TrackElement" SET "region" = 1981 WHERE "id" = 2217;
INSERT INTO "monitoredBy" VALUES (2217, 2215);
INSERT INTO "TrackElement" ("id") VALUES (2218);
INSERT INTO "Segment" ("id", "length") VALUES (2218, 868);
UPDATE "TrackElement" SET "region" = 1981 WHERE "id" = 2218;
INSERT INTO "monitoredBy" VALUES (2218, 2215);
INSERT INTO "TrackElement" ("id") VALUES (2219);
INSERT INTO "Segment" ("id", "length") VALUES (2219, 377);
UPDATE "TrackElement" SET "region" = 1981 WHERE "id" = 2219;
INSERT INTO "monitoredBy" VALUES (2219, 2215);
INSERT INTO "TrackElement" ("id") VALUES (2220);
INSERT INTO "Segment" ("id", "length") VALUES (2220, 725);
UPDATE "TrackElement" SET "region" = 1981 WHERE "id" = 2220;
INSERT INTO "monitoredBy" VALUES (2220, 2215);
UPDATE "Switch" SET "currentPosition" = 2 WHERE "id" = 2207;
INSERT INTO "SwitchPosition" ("id", "position", "target") VALUES (2221, 2, 2207);
UPDATE "SwitchPosition" SET "route" = 1980 WHERE "id" = 2221;
INSERT INTO "TrackElement" ("id") VALUES (2222);
INSERT INTO "Switch" ("id") VALUES (2222);
UPDATE "TrackElement" SET "region" = 1981 WHERE "id" = 2222;
INSERT INTO "Sensor" ("id") VALUES (2223);
UPDATE "Sensor" SET "region" = 1981 WHERE "id" = 2223;
INSERT INTO "monitoredBy" VALUES (2222, 2223);
UPDATE "Sensor" SET "route" = 1980 WHERE "id" = 2223;
INSERT INTO "TrackElement" ("id") VALUES (2224);
INSERT INTO "Segment" ("id", "length") VALUES (2224, 662);
UPDATE "TrackElement" SET "region" = 1981 WHERE "id" = 2224;
INSERT INTO "monitoredBy" VALUES (2224, 2223);
INSERT INTO "TrackElement" ("id") VALUES (2225);
INSERT INTO "Segment" ("id", "length") VALUES (2225, 738);
UPDATE "TrackElement" SET "region" = 1981 WHERE "id" = 2225;
INSERT INTO "monitoredBy" VALUES (2225, 2223);
INSERT INTO "TrackElement" ("id") VALUES (2226);
INSERT INTO "Segment" ("id", "length") VALUES (2226, 591);
UPDATE "TrackElement" SET "region" = 1981 WHERE "id" = 2226;
INSERT INTO "monitoredBy" VALUES (2226, 2223);
INSERT INTO "TrackElement" ("id") VALUES (2227);
INSERT INTO "Segment" ("id", "length") VALUES (2227, 251);
UPDATE "TrackElement" SET "region" = 1981 WHERE "id" = 2227;
INSERT INTO "monitoredBy" VALUES (2227, 2223);
INSERT INTO "TrackElement" ("id") VALUES (2228);
INSERT INTO "Segment" ("id", "length") VALUES (2228, 935);
UPDATE "TrackElement" SET "region" = 1981 WHERE "id" = 2228;
INSERT INTO "monitoredBy" VALUES (2228, 2223);
INSERT INTO "Sensor" ("id") VALUES (2229);
UPDATE "Sensor" SET "region" = 1981 WHERE "id" = 2229;
INSERT INTO "monitoredBy" VALUES (2222, 2229);
UPDATE "Sensor" SET "route" = 1980 WHERE "id" = 2229;
INSERT INTO "TrackElement" ("id") VALUES (2230);
INSERT INTO "Segment" ("id", "length") VALUES (2230, 121);
UPDATE "TrackElement" SET "region" = 1981 WHERE "id" = 2230;
INSERT INTO "monitoredBy" VALUES (2230, 2229);
INSERT INTO "TrackElement" ("id") VALUES (2231);
INSERT INTO "Segment" ("id", "length") VALUES (2231, 988);
UPDATE "TrackElement" SET "region" = 1981 WHERE "id" = 2231;
INSERT INTO "monitoredBy" VALUES (2231, 2229);
INSERT INTO "TrackElement" ("id") VALUES (2232);
INSERT INTO "Segment" ("id", "length") VALUES (2232, 456);
UPDATE "TrackElement" SET "region" = 1981 WHERE "id" = 2232;
INSERT INTO "monitoredBy" VALUES (2232, 2229);
INSERT INTO "TrackElement" ("id") VALUES (2233);
INSERT INTO "Segment" ("id", "length") VALUES (2233, 366);
UPDATE "TrackElement" SET "region" = 1981 WHERE "id" = 2233;
INSERT INTO "monitoredBy" VALUES (2233, 2229);
INSERT INTO "TrackElement" ("id") VALUES (2234);
INSERT INTO "Segment" ("id", "length") VALUES (2234, 71);
UPDATE "TrackElement" SET "region" = 1981 WHERE "id" = 2234;
INSERT INTO "monitoredBy" VALUES (2234, 2229);
INSERT INTO "TrackElement" ("id") VALUES (2235);
INSERT INTO "Segment" ("id", "length") VALUES (2235, 685);
UPDATE "TrackElement" SET "region" = 1981 WHERE "id" = 2235;
INSERT INTO "monitoredBy" VALUES (2235, 2229);
UPDATE "Switch" SET "currentPosition" = 2 WHERE "id" = 2222;
INSERT INTO "SwitchPosition" ("id", "position", "target") VALUES (2236, 2, 2222);
UPDATE "SwitchPosition" SET "route" = 1980 WHERE "id" = 2236;
INSERT INTO "TrackElement" ("id") VALUES (2237);
INSERT INTO "Switch" ("id") VALUES (2237);
UPDATE "TrackElement" SET "region" = 1981 WHERE "id" = 2237;
INSERT INTO "Sensor" ("id") VALUES (2238);
UPDATE "Sensor" SET "region" = 1981 WHERE "id" = 2238;
INSERT INTO "monitoredBy" VALUES (2237, 2238);
UPDATE "Sensor" SET "route" = 1980 WHERE "id" = 2238;
INSERT INTO "TrackElement" ("id") VALUES (2239);
INSERT INTO "Segment" ("id", "length") VALUES (2239, 569);
UPDATE "TrackElement" SET "region" = 1981 WHERE "id" = 2239;
INSERT INTO "monitoredBy" VALUES (2239, 2238);
INSERT INTO "TrackElement" ("id") VALUES (2240);
INSERT INTO "Segment" ("id", "length") VALUES (2240, 237);
UPDATE "TrackElement" SET "region" = 1981 WHERE "id" = 2240;
INSERT INTO "monitoredBy" VALUES (2240, 2238);
INSERT INTO "TrackElement" ("id") VALUES (2241);
INSERT INTO "Segment" ("id", "length") VALUES (2241, 592);
UPDATE "TrackElement" SET "region" = 1981 WHERE "id" = 2241;
INSERT INTO "monitoredBy" VALUES (2241, 2238);
INSERT INTO "TrackElement" ("id") VALUES (2242);
INSERT INTO "Segment" ("id", "length") VALUES (2242, 910);
UPDATE "TrackElement" SET "region" = 1981 WHERE "id" = 2242;
INSERT INTO "monitoredBy" VALUES (2242, 2238);
INSERT INTO "TrackElement" ("id") VALUES (2243);
INSERT INTO "Segment" ("id", "length") VALUES (2243, 355);
UPDATE "TrackElement" SET "region" = 1981 WHERE "id" = 2243;
INSERT INTO "monitoredBy" VALUES (2243, 2238);
INSERT INTO "Sensor" ("id") VALUES (2244);
UPDATE "Sensor" SET "region" = 1981 WHERE "id" = 2244;
INSERT INTO "monitoredBy" VALUES (2237, 2244);
UPDATE "Sensor" SET "route" = 1980 WHERE "id" = 2244;
INSERT INTO "TrackElement" ("id") VALUES (2245);
INSERT INTO "Segment" ("id", "length") VALUES (2245, 426);
UPDATE "TrackElement" SET "region" = 1981 WHERE "id" = 2245;
INSERT INTO "monitoredBy" VALUES (2245, 2244);
INSERT INTO "TrackElement" ("id") VALUES (2246);
INSERT INTO "Segment" ("id", "length") VALUES (2246, 398);
UPDATE "TrackElement" SET "region" = 1981 WHERE "id" = 2246;
INSERT INTO "monitoredBy" VALUES (2246, 2244);
INSERT INTO "TrackElement" ("id") VALUES (2247);
INSERT INTO "Segment" ("id", "length") VALUES (2247, 80);
UPDATE "TrackElement" SET "region" = 1981 WHERE "id" = 2247;
INSERT INTO "monitoredBy" VALUES (2247, 2244);
INSERT INTO "TrackElement" ("id") VALUES (2248);
INSERT INTO "Segment" ("id", "length") VALUES (2248, 429);
UPDATE "TrackElement" SET "region" = 1981 WHERE "id" = 2248;
INSERT INTO "monitoredBy" VALUES (2248, 2244);
INSERT INTO "TrackElement" ("id") VALUES (2249);
INSERT INTO "Segment" ("id", "length") VALUES (2249, 358);
UPDATE "TrackElement" SET "region" = 1981 WHERE "id" = 2249;
INSERT INTO "monitoredBy" VALUES (2249, 2244);
INSERT INTO "Sensor" ("id") VALUES (2250);
UPDATE "Sensor" SET "region" = 1981 WHERE "id" = 2250;
INSERT INTO "monitoredBy" VALUES (2237, 2250);
UPDATE "Sensor" SET "route" = 1980 WHERE "id" = 2250;
INSERT INTO "TrackElement" ("id") VALUES (2251);
INSERT INTO "Segment" ("id", "length") VALUES (2251, 552);
UPDATE "TrackElement" SET "region" = 1981 WHERE "id" = 2251;
INSERT INTO "monitoredBy" VALUES (2251, 2250);
INSERT INTO "TrackElement" ("id") VALUES (2252);
INSERT INTO "Segment" ("id", "length") VALUES (2252, 327);
UPDATE "TrackElement" SET "region" = 1981 WHERE "id" = 2252;
INSERT INTO "monitoredBy" VALUES (2252, 2250);
INSERT INTO "TrackElement" ("id") VALUES (2253);
INSERT INTO "Segment" ("id", "length") VALUES (2253, 685);
UPDATE "TrackElement" SET "region" = 1981 WHERE "id" = 2253;
INSERT INTO "monitoredBy" VALUES (2253, 2250);
INSERT INTO "TrackElement" ("id") VALUES (2254);
INSERT INTO "Segment" ("id", "length") VALUES (2254, 671);
UPDATE "TrackElement" SET "region" = 1981 WHERE "id" = 2254;
INSERT INTO "monitoredBy" VALUES (2254, 2250);
INSERT INTO "TrackElement" ("id") VALUES (2255);
INSERT INTO "Segment" ("id", "length") VALUES (2255, 349);
UPDATE "TrackElement" SET "region" = 1981 WHERE "id" = 2255;
INSERT INTO "monitoredBy" VALUES (2255, 2250);
INSERT INTO "Sensor" ("id") VALUES (2256);
UPDATE "Sensor" SET "region" = 1981 WHERE "id" = 2256;
INSERT INTO "monitoredBy" VALUES (2237, 2256);
UPDATE "Sensor" SET "route" = 1980 WHERE "id" = 2256;
INSERT INTO "TrackElement" ("id") VALUES (2257);
INSERT INTO "Segment" ("id", "length") VALUES (2257, 408);
UPDATE "TrackElement" SET "region" = 1981 WHERE "id" = 2257;
INSERT INTO "monitoredBy" VALUES (2257, 2256);
INSERT INTO "TrackElement" ("id") VALUES (2258);
INSERT INTO "Segment" ("id", "length") VALUES (2258, 927);
UPDATE "TrackElement" SET "region" = 1981 WHERE "id" = 2258;
INSERT INTO "monitoredBy" VALUES (2258, 2256);
INSERT INTO "TrackElement" ("id") VALUES (2259);
INSERT INTO "Segment" ("id", "length") VALUES (2259, 295);
UPDATE "TrackElement" SET "region" = 1981 WHERE "id" = 2259;
INSERT INTO "monitoredBy" VALUES (2259, 2256);
INSERT INTO "TrackElement" ("id") VALUES (2260);
INSERT INTO "Segment" ("id", "length") VALUES (2260, 625);
UPDATE "TrackElement" SET "region" = 1981 WHERE "id" = 2260;
INSERT INTO "monitoredBy" VALUES (2260, 2256);
INSERT INTO "TrackElement" ("id") VALUES (2261);
INSERT INTO "Segment" ("id", "length") VALUES (2261, 763);
UPDATE "TrackElement" SET "region" = 1981 WHERE "id" = 2261;
INSERT INTO "monitoredBy" VALUES (2261, 2256);
INSERT INTO "Sensor" ("id") VALUES (2262);
UPDATE "Sensor" SET "region" = 1981 WHERE "id" = 2262;
INSERT INTO "monitoredBy" VALUES (2237, 2262);
UPDATE "Sensor" SET "route" = 1980 WHERE "id" = 2262;
INSERT INTO "TrackElement" ("id") VALUES (2263);
INSERT INTO "Segment" ("id", "length") VALUES (2263, 811);
UPDATE "TrackElement" SET "region" = 1981 WHERE "id" = 2263;
INSERT INTO "monitoredBy" VALUES (2263, 2262);
INSERT INTO "TrackElement" ("id") VALUES (2264);
INSERT INTO "Segment" ("id", "length") VALUES (2264, 414);
UPDATE "TrackElement" SET "region" = 1981 WHERE "id" = 2264;
INSERT INTO "monitoredBy" VALUES (2264, 2262);
INSERT INTO "TrackElement" ("id") VALUES (2265);
INSERT INTO "Segment" ("id", "length") VALUES (2265, 347);
UPDATE "TrackElement" SET "region" = 1981 WHERE "id" = 2265;
INSERT INTO "monitoredBy" VALUES (2265, 2262);
INSERT INTO "TrackElement" ("id") VALUES (2266);
INSERT INTO "Segment" ("id", "length") VALUES (2266, 598);
UPDATE "TrackElement" SET "region" = 1981 WHERE "id" = 2266;
INSERT INTO "monitoredBy" VALUES (2266, 2262);
INSERT INTO "TrackElement" ("id") VALUES (2267);
INSERT INTO "Segment" ("id", "length") VALUES (2267, 708);
UPDATE "TrackElement" SET "region" = 1981 WHERE "id" = 2267;
INSERT INTO "monitoredBy" VALUES (2267, 2262);
INSERT INTO "Sensor" ("id") VALUES (2268);
UPDATE "Sensor" SET "region" = 1981 WHERE "id" = 2268;
INSERT INTO "monitoredBy" VALUES (2237, 2268);
UPDATE "Sensor" SET "route" = 1980 WHERE "id" = 2268;
INSERT INTO "TrackElement" ("id") VALUES (2269);
INSERT INTO "Segment" ("id", "length") VALUES (2269, 860);
UPDATE "TrackElement" SET "region" = 1981 WHERE "id" = 2269;
INSERT INTO "monitoredBy" VALUES (2269, 2268);
INSERT INTO "TrackElement" ("id") VALUES (2270);
INSERT INTO "Segment" ("id", "length") VALUES (2270, 433);
UPDATE "TrackElement" SET "region" = 1981 WHERE "id" = 2270;
INSERT INTO "monitoredBy" VALUES (2270, 2268);
INSERT INTO "TrackElement" ("id") VALUES (2271);
INSERT INTO "Segment" ("id", "length") VALUES (2271, 841);
UPDATE "TrackElement" SET "region" = 1981 WHERE "id" = 2271;
INSERT INTO "monitoredBy" VALUES (2271, 2268);
INSERT INTO "TrackElement" ("id") VALUES (2272);
INSERT INTO "Segment" ("id", "length") VALUES (2272, 376);
UPDATE "TrackElement" SET "region" = 1981 WHERE "id" = 2272;
INSERT INTO "monitoredBy" VALUES (2272, 2268);
INSERT INTO "TrackElement" ("id") VALUES (2273);
INSERT INTO "Segment" ("id", "length") VALUES (2273, 185);
UPDATE "TrackElement" SET "region" = 1981 WHERE "id" = 2273;
INSERT INTO "monitoredBy" VALUES (2273, 2268);
INSERT INTO "Sensor" ("id") VALUES (2274);
UPDATE "Sensor" SET "region" = 1981 WHERE "id" = 2274;
INSERT INTO "monitoredBy" VALUES (2237, 2274);
UPDATE "Sensor" SET "route" = 1980 WHERE "id" = 2274;
INSERT INTO "TrackElement" ("id") VALUES (2275);
INSERT INTO "Segment" ("id", "length") VALUES (2275, 849);
UPDATE "TrackElement" SET "region" = 1981 WHERE "id" = 2275;
INSERT INTO "monitoredBy" VALUES (2275, 2274);
INSERT INTO "TrackElement" ("id") VALUES (2276);
INSERT INTO "Segment" ("id", "length") VALUES (2276, 36);
UPDATE "TrackElement" SET "region" = 1981 WHERE "id" = 2276;
INSERT INTO "monitoredBy" VALUES (2276, 2274);
INSERT INTO "TrackElement" ("id") VALUES (2277);
INSERT INTO "Segment" ("id", "length") VALUES (2277, 34);
UPDATE "TrackElement" SET "region" = 1981 WHERE "id" = 2277;
INSERT INTO "monitoredBy" VALUES (2277, 2274);
INSERT INTO "TrackElement" ("id") VALUES (2278);
INSERT INTO "Segment" ("id", "length") VALUES (2278, 885);
UPDATE "TrackElement" SET "region" = 1981 WHERE "id" = 2278;
INSERT INTO "monitoredBy" VALUES (2278, 2274);
INSERT INTO "TrackElement" ("id") VALUES (2279);
INSERT INTO "Segment" ("id", "length") VALUES (2279, 125);
UPDATE "TrackElement" SET "region" = 1981 WHERE "id" = 2279;
INSERT INTO "monitoredBy" VALUES (2279, 2274);
INSERT INTO "Sensor" ("id") VALUES (2280);
UPDATE "Sensor" SET "region" = 1981 WHERE "id" = 2280;
INSERT INTO "monitoredBy" VALUES (2237, 2280);
UPDATE "Sensor" SET "route" = 1980 WHERE "id" = 2280;
INSERT INTO "TrackElement" ("id") VALUES (2281);
INSERT INTO "Segment" ("id", "length") VALUES (2281, 443);
UPDATE "TrackElement" SET "region" = 1981 WHERE "id" = 2281;
INSERT INTO "monitoredBy" VALUES (2281, 2280);
INSERT INTO "TrackElement" ("id") VALUES (2282);
INSERT INTO "Segment" ("id", "length") VALUES (2282, 874);
UPDATE "TrackElement" SET "region" = 1981 WHERE "id" = 2282;
INSERT INTO "monitoredBy" VALUES (2282, 2280);
INSERT INTO "TrackElement" ("id") VALUES (2283);
INSERT INTO "Segment" ("id", "length") VALUES (2283, 639);
UPDATE "TrackElement" SET "region" = 1981 WHERE "id" = 2283;
INSERT INTO "monitoredBy" VALUES (2283, 2280);
INSERT INTO "TrackElement" ("id") VALUES (2284);
INSERT INTO "Segment" ("id", "length") VALUES (2284, 637);
UPDATE "TrackElement" SET "region" = 1981 WHERE "id" = 2284;
INSERT INTO "monitoredBy" VALUES (2284, 2280);
INSERT INTO "TrackElement" ("id") VALUES (2285);
INSERT INTO "Segment" ("id", "length") VALUES (2285, 304);
UPDATE "TrackElement" SET "region" = 1981 WHERE "id" = 2285;
INSERT INTO "monitoredBy" VALUES (2285, 2280);
UPDATE "Switch" SET "currentPosition" = 1 WHERE "id" = 2237;
INSERT INTO "SwitchPosition" ("id", "position", "target") VALUES (2286, 1, 2237);
UPDATE "SwitchPosition" SET "route" = 1980 WHERE "id" = 2286;
INSERT INTO "TrackElement" ("id") VALUES (2287);
INSERT INTO "Switch" ("id") VALUES (2287);
UPDATE "TrackElement" SET "region" = 1981 WHERE "id" = 2287;
INSERT INTO "Sensor" ("id") VALUES (2288);
UPDATE "Sensor" SET "region" = 1981 WHERE "id" = 2288;
INSERT INTO "monitoredBy" VALUES (2287, 2288);
UPDATE "Sensor" SET "route" = 1980 WHERE "id" = 2288;
INSERT INTO "TrackElement" ("id") VALUES (2289);
INSERT INTO "Segment" ("id", "length") VALUES (2289, 25);
UPDATE "TrackElement" SET "region" = 1981 WHERE "id" = 2289;
INSERT INTO "monitoredBy" VALUES (2289, 2288);
INSERT INTO "TrackElement" ("id") VALUES (2290);
INSERT INTO "Segment" ("id", "length") VALUES (2290, 611);
UPDATE "TrackElement" SET "region" = 1981 WHERE "id" = 2290;
INSERT INTO "monitoredBy" VALUES (2290, 2288);
INSERT INTO "TrackElement" ("id") VALUES (2291);
INSERT INTO "Segment" ("id", "length") VALUES (2291, 518);
UPDATE "TrackElement" SET "region" = 1981 WHERE "id" = 2291;
INSERT INTO "monitoredBy" VALUES (2291, 2288);
INSERT INTO "TrackElement" ("id") VALUES (2292);
INSERT INTO "Segment" ("id", "length") VALUES (2292, 601);
UPDATE "TrackElement" SET "region" = 1981 WHERE "id" = 2292;
INSERT INTO "monitoredBy" VALUES (2292, 2288);
INSERT INTO "TrackElement" ("id") VALUES (2293);
INSERT INTO "Segment" ("id", "length") VALUES (2293, 323);
UPDATE "TrackElement" SET "region" = 1981 WHERE "id" = 2293;
INSERT INTO "monitoredBy" VALUES (2293, 2288);
INSERT INTO "Sensor" ("id") VALUES (2294);
UPDATE "Sensor" SET "region" = 1981 WHERE "id" = 2294;
INSERT INTO "monitoredBy" VALUES (2287, 2294);
UPDATE "Sensor" SET "route" = 1980 WHERE "id" = 2294;
INSERT INTO "TrackElement" ("id") VALUES (2295);
INSERT INTO "Segment" ("id", "length") VALUES (2295, 161);
UPDATE "TrackElement" SET "region" = 1981 WHERE "id" = 2295;
INSERT INTO "monitoredBy" VALUES (2295, 2294);
INSERT INTO "TrackElement" ("id") VALUES (2296);
INSERT INTO "Segment" ("id", "length") VALUES (2296, 300);
UPDATE "TrackElement" SET "region" = 1981 WHERE "id" = 2296;
INSERT INTO "monitoredBy" VALUES (2296, 2294);
INSERT INTO "TrackElement" ("id") VALUES (2297);
INSERT INTO "Segment" ("id", "length") VALUES (2297, 713);
UPDATE "TrackElement" SET "region" = 1981 WHERE "id" = 2297;
INSERT INTO "monitoredBy" VALUES (2297, 2294);
INSERT INTO "TrackElement" ("id") VALUES (2298);
INSERT INTO "Segment" ("id", "length") VALUES (2298, 540);
UPDATE "TrackElement" SET "region" = 1981 WHERE "id" = 2298;
INSERT INTO "monitoredBy" VALUES (2298, 2294);
INSERT INTO "TrackElement" ("id") VALUES (2299);
INSERT INTO "Segment" ("id", "length") VALUES (2299, 107);
UPDATE "TrackElement" SET "region" = 1981 WHERE "id" = 2299;
INSERT INTO "monitoredBy" VALUES (2299, 2294);
INSERT INTO "Sensor" ("id") VALUES (2300);
UPDATE "Sensor" SET "region" = 1981 WHERE "id" = 2300;
INSERT INTO "monitoredBy" VALUES (2287, 2300);
INSERT INTO "TrackElement" ("id") VALUES (2301);
INSERT INTO "Segment" ("id", "length") VALUES (2301, 747);
UPDATE "TrackElement" SET "region" = 1981 WHERE "id" = 2301;
INSERT INTO "monitoredBy" VALUES (2301, 2300);
INSERT INTO "TrackElement" ("id") VALUES (2302);
INSERT INTO "Segment" ("id", "length") VALUES (2302, -757);
UPDATE "TrackElement" SET "region" = 1981 WHERE "id" = 2302;
INSERT INTO "monitoredBy" VALUES (2302, 2300);
INSERT INTO "TrackElement" ("id") VALUES (2303);
INSERT INTO "Segment" ("id", "length") VALUES (2303, 624);
UPDATE "TrackElement" SET "region" = 1981 WHERE "id" = 2303;
INSERT INTO "monitoredBy" VALUES (2303, 2300);
INSERT INTO "TrackElement" ("id") VALUES (2304);
INSERT INTO "Segment" ("id", "length") VALUES (2304, 590);
UPDATE "TrackElement" SET "region" = 1981 WHERE "id" = 2304;
INSERT INTO "monitoredBy" VALUES (2304, 2300);
INSERT INTO "TrackElement" ("id") VALUES (2305);
INSERT INTO "Segment" ("id", "length") VALUES (2305, 718);
UPDATE "TrackElement" SET "region" = 1981 WHERE "id" = 2305;
INSERT INTO "monitoredBy" VALUES (2305, 2300);
INSERT INTO "Sensor" ("id") VALUES (2306);
UPDATE "Sensor" SET "region" = 1981 WHERE "id" = 2306;
INSERT INTO "monitoredBy" VALUES (2287, 2306);
UPDATE "Sensor" SET "route" = 1980 WHERE "id" = 2306;
INSERT INTO "TrackElement" ("id") VALUES (2307);
INSERT INTO "Segment" ("id", "length") VALUES (2307, 478);
UPDATE "TrackElement" SET "region" = 1981 WHERE "id" = 2307;
INSERT INTO "monitoredBy" VALUES (2307, 2306);
INSERT INTO "TrackElement" ("id") VALUES (2308);
INSERT INTO "Segment" ("id", "length") VALUES (2308, 87);
UPDATE "TrackElement" SET "region" = 1981 WHERE "id" = 2308;
INSERT INTO "monitoredBy" VALUES (2308, 2306);
INSERT INTO "TrackElement" ("id") VALUES (2309);
INSERT INTO "Segment" ("id", "length") VALUES (2309, 809);
UPDATE "TrackElement" SET "region" = 1981 WHERE "id" = 2309;
INSERT INTO "monitoredBy" VALUES (2309, 2306);
INSERT INTO "TrackElement" ("id") VALUES (2310);
INSERT INTO "Segment" ("id", "length") VALUES (2310, 667);
UPDATE "TrackElement" SET "region" = 1981 WHERE "id" = 2310;
INSERT INTO "monitoredBy" VALUES (2310, 2306);
INSERT INTO "TrackElement" ("id") VALUES (2311);
INSERT INTO "Segment" ("id", "length") VALUES (2311, 173);
UPDATE "TrackElement" SET "region" = 1981 WHERE "id" = 2311;
INSERT INTO "monitoredBy" VALUES (2311, 2306);
INSERT INTO "Sensor" ("id") VALUES (2312);
UPDATE "Sensor" SET "region" = 1981 WHERE "id" = 2312;
INSERT INTO "monitoredBy" VALUES (2287, 2312);
UPDATE "Sensor" SET "route" = 1980 WHERE "id" = 2312;
INSERT INTO "TrackElement" ("id") VALUES (2313);
INSERT INTO "Segment" ("id", "length") VALUES (2313, 497);
UPDATE "TrackElement" SET "region" = 1981 WHERE "id" = 2313;
INSERT INTO "monitoredBy" VALUES (2313, 2312);
INSERT INTO "TrackElement" ("id") VALUES (2314);
INSERT INTO "Segment" ("id", "length") VALUES (2314, 502);
UPDATE "TrackElement" SET "region" = 1981 WHERE "id" = 2314;
INSERT INTO "monitoredBy" VALUES (2314, 2312);
INSERT INTO "TrackElement" ("id") VALUES (2315);
INSERT INTO "Segment" ("id", "length") VALUES (2315, 718);
UPDATE "TrackElement" SET "region" = 1981 WHERE "id" = 2315;
INSERT INTO "monitoredBy" VALUES (2315, 2312);
INSERT INTO "TrackElement" ("id") VALUES (2316);
INSERT INTO "Segment" ("id", "length") VALUES (2316, 68);
UPDATE "TrackElement" SET "region" = 1981 WHERE "id" = 2316;
INSERT INTO "monitoredBy" VALUES (2316, 2312);
INSERT INTO "TrackElement" ("id") VALUES (2317);
INSERT INTO "Segment" ("id", "length") VALUES (2317, 526);
UPDATE "TrackElement" SET "region" = 1981 WHERE "id" = 2317;
INSERT INTO "monitoredBy" VALUES (2317, 2312);
INSERT INTO "Sensor" ("id") VALUES (2318);
UPDATE "Sensor" SET "region" = 1981 WHERE "id" = 2318;
INSERT INTO "monitoredBy" VALUES (2287, 2318);
UPDATE "Sensor" SET "route" = 1980 WHERE "id" = 2318;
INSERT INTO "TrackElement" ("id") VALUES (2319);
INSERT INTO "Segment" ("id", "length") VALUES (2319, 743);
UPDATE "TrackElement" SET "region" = 1981 WHERE "id" = 2319;
INSERT INTO "monitoredBy" VALUES (2319, 2318);
INSERT INTO "TrackElement" ("id") VALUES (2320);
INSERT INTO "Segment" ("id", "length") VALUES (2320, 337);
UPDATE "TrackElement" SET "region" = 1981 WHERE "id" = 2320;
INSERT INTO "monitoredBy" VALUES (2320, 2318);
INSERT INTO "TrackElement" ("id") VALUES (2321);
INSERT INTO "Segment" ("id", "length") VALUES (2321, 303);
UPDATE "TrackElement" SET "region" = 1981 WHERE "id" = 2321;
INSERT INTO "monitoredBy" VALUES (2321, 2318);
INSERT INTO "TrackElement" ("id") VALUES (2322);
INSERT INTO "Segment" ("id", "length") VALUES (2322, 897);
UPDATE "TrackElement" SET "region" = 1981 WHERE "id" = 2322;
INSERT INTO "monitoredBy" VALUES (2322, 2318);
INSERT INTO "TrackElement" ("id") VALUES (2323);
INSERT INTO "Segment" ("id", "length") VALUES (2323, 535);
UPDATE "TrackElement" SET "region" = 1981 WHERE "id" = 2323;
INSERT INTO "monitoredBy" VALUES (2323, 2318);
INSERT INTO "Sensor" ("id") VALUES (2324);
UPDATE "Sensor" SET "region" = 1981 WHERE "id" = 2324;
INSERT INTO "monitoredBy" VALUES (2287, 2324);
UPDATE "Sensor" SET "route" = 1980 WHERE "id" = 2324;
INSERT INTO "TrackElement" ("id") VALUES (2325);
INSERT INTO "Segment" ("id", "length") VALUES (2325, 975);
UPDATE "TrackElement" SET "region" = 1981 WHERE "id" = 2325;
INSERT INTO "monitoredBy" VALUES (2325, 2324);
INSERT INTO "TrackElement" ("id") VALUES (2326);
INSERT INTO "Segment" ("id", "length") VALUES (2326, 955);
UPDATE "TrackElement" SET "region" = 1981 WHERE "id" = 2326;
INSERT INTO "monitoredBy" VALUES (2326, 2324);
INSERT INTO "TrackElement" ("id") VALUES (2327);
INSERT INTO "Segment" ("id", "length") VALUES (2327, 191);
UPDATE "TrackElement" SET "region" = 1981 WHERE "id" = 2327;
INSERT INTO "monitoredBy" VALUES (2327, 2324);
INSERT INTO "TrackElement" ("id") VALUES (2328);
INSERT INTO "Segment" ("id", "length") VALUES (2328, 835);
UPDATE "TrackElement" SET "region" = 1981 WHERE "id" = 2328;
INSERT INTO "monitoredBy" VALUES (2328, 2324);
INSERT INTO "TrackElement" ("id") VALUES (2329);
INSERT INTO "Segment" ("id", "length") VALUES (2329, 229);
UPDATE "TrackElement" SET "region" = 1981 WHERE "id" = 2329;
INSERT INTO "monitoredBy" VALUES (2329, 2324);
INSERT INTO "Sensor" ("id") VALUES (2330);
UPDATE "Sensor" SET "region" = 1981 WHERE "id" = 2330;
INSERT INTO "monitoredBy" VALUES (2287, 2330);
UPDATE "Sensor" SET "route" = 1980 WHERE "id" = 2330;
INSERT INTO "TrackElement" ("id") VALUES (2331);
INSERT INTO "Segment" ("id", "length") VALUES (2331, 7);
UPDATE "TrackElement" SET "region" = 1981 WHERE "id" = 2331;
INSERT INTO "monitoredBy" VALUES (2331, 2330);
INSERT INTO "TrackElement" ("id") VALUES (2332);
INSERT INTO "Segment" ("id", "length") VALUES (2332, -891);
UPDATE "TrackElement" SET "region" = 1981 WHERE "id" = 2332;
INSERT INTO "monitoredBy" VALUES (2332, 2330);
INSERT INTO "TrackElement" ("id") VALUES (2333);
INSERT INTO "Segment" ("id", "length") VALUES (2333, 397);
UPDATE "TrackElement" SET "region" = 1981 WHERE "id" = 2333;
INSERT INTO "monitoredBy" VALUES (2333, 2330);
INSERT INTO "TrackElement" ("id") VALUES (2334);
INSERT INTO "Segment" ("id", "length") VALUES (2334, 579);
UPDATE "TrackElement" SET "region" = 1981 WHERE "id" = 2334;
INSERT INTO "monitoredBy" VALUES (2334, 2330);
INSERT INTO "TrackElement" ("id") VALUES (2335);
INSERT INTO "Segment" ("id", "length") VALUES (2335, 445);
UPDATE "TrackElement" SET "region" = 1981 WHERE "id" = 2335;
INSERT INTO "monitoredBy" VALUES (2335, 2330);
INSERT INTO "Sensor" ("id") VALUES (2336);
UPDATE "Sensor" SET "region" = 1981 WHERE "id" = 2336;
INSERT INTO "monitoredBy" VALUES (2287, 2336);
UPDATE "Sensor" SET "route" = 1980 WHERE "id" = 2336;
INSERT INTO "TrackElement" ("id") VALUES (2337);
INSERT INTO "Segment" ("id", "length") VALUES (2337, 549);
UPDATE "TrackElement" SET "region" = 1981 WHERE "id" = 2337;
INSERT INTO "monitoredBy" VALUES (2337, 2336);
INSERT INTO "TrackElement" ("id") VALUES (2338);
INSERT INTO "Segment" ("id", "length") VALUES (2338, 892);
UPDATE "TrackElement" SET "region" = 1981 WHERE "id" = 2338;
INSERT INTO "monitoredBy" VALUES (2338, 2336);
INSERT INTO "TrackElement" ("id") VALUES (2339);
INSERT INTO "Segment" ("id", "length") VALUES (2339, 924);
UPDATE "TrackElement" SET "region" = 1981 WHERE "id" = 2339;
INSERT INTO "monitoredBy" VALUES (2339, 2336);
INSERT INTO "TrackElement" ("id") VALUES (2340);
INSERT INTO "Segment" ("id", "length") VALUES (2340, 351);
UPDATE "TrackElement" SET "region" = 1981 WHERE "id" = 2340;
INSERT INTO "monitoredBy" VALUES (2340, 2336);
INSERT INTO "TrackElement" ("id") VALUES (2341);
INSERT INTO "Segment" ("id", "length") VALUES (2341, 828);
UPDATE "TrackElement" SET "region" = 1981 WHERE "id" = 2341;
INSERT INTO "monitoredBy" VALUES (2341, 2336);
UPDATE "Switch" SET "currentPosition" = 0 WHERE "id" = 2287;
INSERT INTO "SwitchPosition" ("id", "position", "target") VALUES (2342, 0, 2287);
UPDATE "SwitchPosition" SET "route" = 1980 WHERE "id" = 2342;
INSERT INTO "TrackElement" ("id") VALUES (2343);
INSERT INTO "Switch" ("id") VALUES (2343);
UPDATE "TrackElement" SET "region" = 1981 WHERE "id" = 2343;
INSERT INTO "Sensor" ("id") VALUES (2344);
UPDATE "Sensor" SET "region" = 1981 WHERE "id" = 2344;
INSERT INTO "monitoredBy" VALUES (2343, 2344);
UPDATE "Sensor" SET "route" = 1980 WHERE "id" = 2344;
INSERT INTO "TrackElement" ("id") VALUES (2345);
INSERT INTO "Segment" ("id", "length") VALUES (2345, 709);
UPDATE "TrackElement" SET "region" = 1981 WHERE "id" = 2345;
INSERT INTO "monitoredBy" VALUES (2345, 2344);
INSERT INTO "TrackElement" ("id") VALUES (2346);
INSERT INTO "Segment" ("id", "length") VALUES (2346, 190);
UPDATE "TrackElement" SET "region" = 1981 WHERE "id" = 2346;
INSERT INTO "monitoredBy" VALUES (2346, 2344);
INSERT INTO "TrackElement" ("id") VALUES (2347);
INSERT INTO "Segment" ("id", "length") VALUES (2347, 766);
UPDATE "TrackElement" SET "region" = 1981 WHERE "id" = 2347;
INSERT INTO "monitoredBy" VALUES (2347, 2344);
INSERT INTO "TrackElement" ("id") VALUES (2348);
INSERT INTO "Segment" ("id", "length") VALUES (2348, 746);
UPDATE "TrackElement" SET "region" = 1981 WHERE "id" = 2348;
INSERT INTO "monitoredBy" VALUES (2348, 2344);
INSERT INTO "TrackElement" ("id") VALUES (2349);
INSERT INTO "Segment" ("id", "length") VALUES (2349, 15);
UPDATE "TrackElement" SET "region" = 1981 WHERE "id" = 2349;
INSERT INTO "monitoredBy" VALUES (2349, 2344);
INSERT INTO "Sensor" ("id") VALUES (2350);
UPDATE "Sensor" SET "region" = 1981 WHERE "id" = 2350;
INSERT INTO "monitoredBy" VALUES (2343, 2350);
UPDATE "Sensor" SET "route" = 1980 WHERE "id" = 2350;
INSERT INTO "TrackElement" ("id") VALUES (2351);
INSERT INTO "Segment" ("id", "length") VALUES (2351, 665);
UPDATE "TrackElement" SET "region" = 1981 WHERE "id" = 2351;
INSERT INTO "monitoredBy" VALUES (2351, 2350);
INSERT INTO "TrackElement" ("id") VALUES (2352);
INSERT INTO "Segment" ("id", "length") VALUES (2352, 327);
UPDATE "TrackElement" SET "region" = 1981 WHERE "id" = 2352;
INSERT INTO "monitoredBy" VALUES (2352, 2350);
INSERT INTO "TrackElement" ("id") VALUES (2353);
INSERT INTO "Segment" ("id", "length") VALUES (2353, 359);
UPDATE "TrackElement" SET "region" = 1981 WHERE "id" = 2353;
INSERT INTO "monitoredBy" VALUES (2353, 2350);
INSERT INTO "TrackElement" ("id") VALUES (2354);
INSERT INTO "Segment" ("id", "length") VALUES (2354, 966);
UPDATE "TrackElement" SET "region" = 1981 WHERE "id" = 2354;
INSERT INTO "monitoredBy" VALUES (2354, 2350);
INSERT INTO "TrackElement" ("id") VALUES (2355);
INSERT INTO "Segment" ("id", "length") VALUES (2355, 206);
UPDATE "TrackElement" SET "region" = 1981 WHERE "id" = 2355;
INSERT INTO "monitoredBy" VALUES (2355, 2350);
INSERT INTO "Sensor" ("id") VALUES (2356);
UPDATE "Sensor" SET "region" = 1981 WHERE "id" = 2356;
INSERT INTO "monitoredBy" VALUES (2343, 2356);
UPDATE "Sensor" SET "route" = 1980 WHERE "id" = 2356;
INSERT INTO "TrackElement" ("id") VALUES (2357);
INSERT INTO "Segment" ("id", "length") VALUES (2357, 293);
UPDATE "TrackElement" SET "region" = 1981 WHERE "id" = 2357;
INSERT INTO "monitoredBy" VALUES (2357, 2356);
INSERT INTO "TrackElement" ("id") VALUES (2358);
INSERT INTO "Segment" ("id", "length") VALUES (2358, -214);
UPDATE "TrackElement" SET "region" = 1981 WHERE "id" = 2358;
INSERT INTO "monitoredBy" VALUES (2358, 2356);
INSERT INTO "TrackElement" ("id") VALUES (2359);
INSERT INTO "Segment" ("id", "length") VALUES (2359, -333);
UPDATE "TrackElement" SET "region" = 1981 WHERE "id" = 2359;
INSERT INTO "monitoredBy" VALUES (2359, 2356);
INSERT INTO "TrackElement" ("id") VALUES (2360);
INSERT INTO "Segment" ("id", "length") VALUES (2360, 741);
UPDATE "TrackElement" SET "region" = 1981 WHERE "id" = 2360;
INSERT INTO "monitoredBy" VALUES (2360, 2356);
INSERT INTO "TrackElement" ("id") VALUES (2361);
INSERT INTO "Segment" ("id", "length") VALUES (2361, 190);
UPDATE "TrackElement" SET "region" = 1981 WHERE "id" = 2361;
INSERT INTO "monitoredBy" VALUES (2361, 2356);
INSERT INTO "Sensor" ("id") VALUES (2362);
UPDATE "Sensor" SET "region" = 1981 WHERE "id" = 2362;
INSERT INTO "monitoredBy" VALUES (2343, 2362);
UPDATE "Sensor" SET "route" = 1980 WHERE "id" = 2362;
INSERT INTO "TrackElement" ("id") VALUES (2363);
INSERT INTO "Segment" ("id", "length") VALUES (2363, 954);
UPDATE "TrackElement" SET "region" = 1981 WHERE "id" = 2363;
INSERT INTO "monitoredBy" VALUES (2363, 2362);
INSERT INTO "TrackElement" ("id") VALUES (2364);
INSERT INTO "Segment" ("id", "length") VALUES (2364, 534);
UPDATE "TrackElement" SET "region" = 1981 WHERE "id" = 2364;
INSERT INTO "monitoredBy" VALUES (2364, 2362);
INSERT INTO "TrackElement" ("id") VALUES (2365);
INSERT INTO "Segment" ("id", "length") VALUES (2365, 222);
UPDATE "TrackElement" SET "region" = 1981 WHERE "id" = 2365;
INSERT INTO "monitoredBy" VALUES (2365, 2362);
INSERT INTO "TrackElement" ("id") VALUES (2366);
INSERT INTO "Segment" ("id", "length") VALUES (2366, 247);
UPDATE "TrackElement" SET "region" = 1981 WHERE "id" = 2366;
INSERT INTO "monitoredBy" VALUES (2366, 2362);
INSERT INTO "TrackElement" ("id") VALUES (2367);
INSERT INTO "Segment" ("id", "length") VALUES (2367, 378);
UPDATE "TrackElement" SET "region" = 1981 WHERE "id" = 2367;
INSERT INTO "monitoredBy" VALUES (2367, 2362);
UPDATE "Switch" SET "currentPosition" = 1 WHERE "id" = 2343;
INSERT INTO "SwitchPosition" ("id", "position", "target") VALUES (2368, 1, 2343);
UPDATE "SwitchPosition" SET "route" = 1980 WHERE "id" = 2368;
INSERT INTO "TrackElement" ("id") VALUES (2369);
INSERT INTO "Switch" ("id") VALUES (2369);
UPDATE "TrackElement" SET "region" = 1981 WHERE "id" = 2369;
INSERT INTO "Sensor" ("id") VALUES (2370);
UPDATE "Sensor" SET "region" = 1981 WHERE "id" = 2370;
INSERT INTO "monitoredBy" VALUES (2369, 2370);
UPDATE "Sensor" SET "route" = 1980 WHERE "id" = 2370;
INSERT INTO "TrackElement" ("id") VALUES (2371);
INSERT INTO "Segment" ("id", "length") VALUES (2371, 890);
UPDATE "TrackElement" SET "region" = 1981 WHERE "id" = 2371;
INSERT INTO "monitoredBy" VALUES (2371, 2370);
INSERT INTO "TrackElement" ("id") VALUES (2372);
INSERT INTO "Segment" ("id", "length") VALUES (2372, 691);
UPDATE "TrackElement" SET "region" = 1981 WHERE "id" = 2372;
INSERT INTO "monitoredBy" VALUES (2372, 2370);
INSERT INTO "TrackElement" ("id") VALUES (2373);
INSERT INTO "Segment" ("id", "length") VALUES (2373, 516);
UPDATE "TrackElement" SET "region" = 1981 WHERE "id" = 2373;
INSERT INTO "monitoredBy" VALUES (2373, 2370);
INSERT INTO "TrackElement" ("id") VALUES (2374);
INSERT INTO "Segment" ("id", "length") VALUES (2374, 85);
UPDATE "TrackElement" SET "region" = 1981 WHERE "id" = 2374;
INSERT INTO "monitoredBy" VALUES (2374, 2370);
INSERT INTO "TrackElement" ("id") VALUES (2375);
INSERT INTO "Segment" ("id", "length") VALUES (2375, 669);
UPDATE "TrackElement" SET "region" = 1981 WHERE "id" = 2375;
INSERT INTO "monitoredBy" VALUES (2375, 2370);
INSERT INTO "Sensor" ("id") VALUES (2376);
UPDATE "Sensor" SET "region" = 1981 WHERE "id" = 2376;
INSERT INTO "monitoredBy" VALUES (2369, 2376);
UPDATE "Sensor" SET "route" = 1980 WHERE "id" = 2376;
INSERT INTO "TrackElement" ("id") VALUES (2377);
INSERT INTO "Segment" ("id", "length") VALUES (2377, 482);
UPDATE "TrackElement" SET "region" = 1981 WHERE "id" = 2377;
INSERT INTO "monitoredBy" VALUES (2377, 2376);
INSERT INTO "TrackElement" ("id") VALUES (2378);
INSERT INTO "Segment" ("id", "length") VALUES (2378, 452);
UPDATE "TrackElement" SET "region" = 1981 WHERE "id" = 2378;
INSERT INTO "monitoredBy" VALUES (2378, 2376);
INSERT INTO "TrackElement" ("id") VALUES (2379);
INSERT INTO "Segment" ("id", "length") VALUES (2379, 955);
UPDATE "TrackElement" SET "region" = 1981 WHERE "id" = 2379;
INSERT INTO "monitoredBy" VALUES (2379, 2376);
INSERT INTO "TrackElement" ("id") VALUES (2380);
INSERT INTO "Segment" ("id", "length") VALUES (2380, 216);
UPDATE "TrackElement" SET "region" = 1981 WHERE "id" = 2380;
INSERT INTO "monitoredBy" VALUES (2380, 2376);
INSERT INTO "TrackElement" ("id") VALUES (2381);
INSERT INTO "Segment" ("id", "length") VALUES (2381, 467);
UPDATE "TrackElement" SET "region" = 1981 WHERE "id" = 2381;
INSERT INTO "monitoredBy" VALUES (2381, 2376);
UPDATE "Switch" SET "currentPosition" = 2 WHERE "id" = 2369;
INSERT INTO "SwitchPosition" ("id", "position", "target") VALUES (2382, 0, 2369);
UPDATE "SwitchPosition" SET "route" = 1980 WHERE "id" = 2382;
INSERT INTO "TrackElement" ("id") VALUES (2383);
INSERT INTO "Switch" ("id") VALUES (2383);
UPDATE "TrackElement" SET "region" = 1981 WHERE "id" = 2383;
INSERT INTO "Sensor" ("id") VALUES (2384);
UPDATE "Sensor" SET "region" = 1981 WHERE "id" = 2384;
INSERT INTO "monitoredBy" VALUES (2383, 2384);
UPDATE "Sensor" SET "route" = 1980 WHERE "id" = 2384;
INSERT INTO "TrackElement" ("id") VALUES (2385);
INSERT INTO "Segment" ("id", "length") VALUES (2385, 403);
UPDATE "TrackElement" SET "region" = 1981 WHERE "id" = 2385;
INSERT INTO "monitoredBy" VALUES (2385, 2384);
INSERT INTO "TrackElement" ("id") VALUES (2386);
INSERT INTO "Segment" ("id", "length") VALUES (2386, 463);
UPDATE "TrackElement" SET "region" = 1981 WHERE "id" = 2386;
INSERT INTO "monitoredBy" VALUES (2386, 2384);
INSERT INTO "TrackElement" ("id") VALUES (2387);
INSERT INTO "Segment" ("id", "length") VALUES (2387, 181);
UPDATE "TrackElement" SET "region" = 1981 WHERE "id" = 2387;
INSERT INTO "monitoredBy" VALUES (2387, 2384);
INSERT INTO "TrackElement" ("id") VALUES (2388);
INSERT INTO "Segment" ("id", "length") VALUES (2388, 721);
UPDATE "TrackElement" SET "region" = 1981 WHERE "id" = 2388;
INSERT INTO "monitoredBy" VALUES (2388, 2384);
INSERT INTO "TrackElement" ("id") VALUES (2389);
INSERT INTO "Segment" ("id", "length") VALUES (2389, 141);
UPDATE "TrackElement" SET "region" = 1981 WHERE "id" = 2389;
INSERT INTO "monitoredBy" VALUES (2389, 2384);
UPDATE "Switch" SET "currentPosition" = 2 WHERE "id" = 2383;
INSERT INTO "SwitchPosition" ("id", "position", "target") VALUES (2390, 2, 2383);
UPDATE "SwitchPosition" SET "route" = 1980 WHERE "id" = 2390;
INSERT INTO "TrackElement" ("id") VALUES (2391);
INSERT INTO "Switch" ("id") VALUES (2391);
UPDATE "TrackElement" SET "region" = 1981 WHERE "id" = 2391;
INSERT INTO "Sensor" ("id") VALUES (2392);
UPDATE "Sensor" SET "region" = 1981 WHERE "id" = 2392;
INSERT INTO "monitoredBy" VALUES (2391, 2392);
UPDATE "Sensor" SET "route" = 1980 WHERE "id" = 2392;
INSERT INTO "TrackElement" ("id") VALUES (2393);
INSERT INTO "Segment" ("id", "length") VALUES (2393, 393);
UPDATE "TrackElement" SET "region" = 1981 WHERE "id" = 2393;
INSERT INTO "monitoredBy" VALUES (2393, 2392);
INSERT INTO "TrackElement" ("id") VALUES (2394);
INSERT INTO "Segment" ("id", "length") VALUES (2394, 904);
UPDATE "TrackElement" SET "region" = 1981 WHERE "id" = 2394;
INSERT INTO "monitoredBy" VALUES (2394, 2392);
INSERT INTO "TrackElement" ("id") VALUES (2395);
INSERT INTO "Segment" ("id", "length") VALUES (2395, 791);
UPDATE "TrackElement" SET "region" = 1981 WHERE "id" = 2395;
INSERT INTO "monitoredBy" VALUES (2395, 2392);
INSERT INTO "TrackElement" ("id") VALUES (2396);
INSERT INTO "Segment" ("id", "length") VALUES (2396, 186);
UPDATE "TrackElement" SET "region" = 1981 WHERE "id" = 2396;
INSERT INTO "monitoredBy" VALUES (2396, 2392);
INSERT INTO "TrackElement" ("id") VALUES (2397);
INSERT INTO "Segment" ("id", "length") VALUES (2397, 585);
UPDATE "TrackElement" SET "region" = 1981 WHERE "id" = 2397;
INSERT INTO "monitoredBy" VALUES (2397, 2392);
INSERT INTO "Sensor" ("id") VALUES (2398);
UPDATE "Sensor" SET "region" = 1981 WHERE "id" = 2398;
INSERT INTO "monitoredBy" VALUES (2391, 2398);
UPDATE "Sensor" SET "route" = 1980 WHERE "id" = 2398;
INSERT INTO "TrackElement" ("id") VALUES (2399);
INSERT INTO "Segment" ("id", "length") VALUES (2399, 820);
UPDATE "TrackElement" SET "region" = 1981 WHERE "id" = 2399;
INSERT INTO "monitoredBy" VALUES (2399, 2398);
INSERT INTO "TrackElement" ("id") VALUES (2400);
INSERT INTO "Segment" ("id", "length") VALUES (2400, 968);
UPDATE "TrackElement" SET "region" = 1981 WHERE "id" = 2400;
INSERT INTO "monitoredBy" VALUES (2400, 2398);
INSERT INTO "TrackElement" ("id") VALUES (2401);
INSERT INTO "Segment" ("id", "length") VALUES (2401, 359);
UPDATE "TrackElement" SET "region" = 1981 WHERE "id" = 2401;
INSERT INTO "monitoredBy" VALUES (2401, 2398);
INSERT INTO "TrackElement" ("id") VALUES (2402);
INSERT INTO "Segment" ("id", "length") VALUES (2402, 25);
UPDATE "TrackElement" SET "region" = 1981 WHERE "id" = 2402;
INSERT INTO "monitoredBy" VALUES (2402, 2398);
INSERT INTO "TrackElement" ("id") VALUES (2403);
INSERT INTO "Segment" ("id", "length") VALUES (2403, 518);
UPDATE "TrackElement" SET "region" = 1981 WHERE "id" = 2403;
INSERT INTO "monitoredBy" VALUES (2403, 2398);
UPDATE "Switch" SET "currentPosition" = 2 WHERE "id" = 2391;
INSERT INTO "SwitchPosition" ("id", "position", "target") VALUES (2404, 2, 2391);
UPDATE "SwitchPosition" SET "route" = 1980 WHERE "id" = 2404;
INSERT INTO "connectsTo" VALUES (1982, 1984);
INSERT INTO "connectsTo" VALUES (1984, 1985);
INSERT INTO "connectsTo" VALUES (1985, 1986);
INSERT INTO "connectsTo" VALUES (1986, 1987);
INSERT INTO "connectsTo" VALUES (1987, 1988);
INSERT INTO "connectsTo" VALUES (1988, 1990);
INSERT INTO "connectsTo" VALUES (1990, 1991);
INSERT INTO "connectsTo" VALUES (1991, 1992);
INSERT INTO "connectsTo" VALUES (1992, 1993);
INSERT INTO "connectsTo" VALUES (1993, 1994);
INSERT INTO "connectsTo" VALUES (1994, 1996);
INSERT INTO "connectsTo" VALUES (1996, 1997);
INSERT INTO "connectsTo" VALUES (1997, 1998);
INSERT INTO "connectsTo" VALUES (1998, 1999);
INSERT INTO "connectsTo" VALUES (1999, 2000);
INSERT INTO "connectsTo" VALUES (2000, 2002);
INSERT INTO "connectsTo" VALUES (2002, 2004);
INSERT INTO "connectsTo" VALUES (2004, 2005);
INSERT INTO "connectsTo" VALUES (2005, 2006);
INSERT INTO "connectsTo" VALUES (2006, 2007);
INSERT INTO "connectsTo" VALUES (2007, 2008);
INSERT INTO "connectsTo" VALUES (2008, 2010);
INSERT INTO "connectsTo" VALUES (2010, 2011);
INSERT INTO "connectsTo" VALUES (2011, 2012);
INSERT INTO "connectsTo" VALUES (2012, 2013);
INSERT INTO "connectsTo" VALUES (2013, 2014);
INSERT INTO "connectsTo" VALUES (2014, 2016);
INSERT INTO "connectsTo" VALUES (2016, 2017);
INSERT INTO "connectsTo" VALUES (2017, 2018);
INSERT INTO "connectsTo" VALUES (2018, 2019);
INSERT INTO "connectsTo" VALUES (2019, 2020);
INSERT INTO "connectsTo" VALUES (2020, 2022);
INSERT INTO "connectsTo" VALUES (2022, 2023);
INSERT INTO "connectsTo" VALUES (2023, 2024);
INSERT INTO "connectsTo" VALUES (2024, 2025);
INSERT INTO "connectsTo" VALUES (2025, 2026);
INSERT INTO "connectsTo" VALUES (2026, 2028);
INSERT INTO "connectsTo" VALUES (2028, 2029);
INSERT INTO "connectsTo" VALUES (2029, 2030);
INSERT INTO "connectsTo" VALUES (2030, 2031);
INSERT INTO "connectsTo" VALUES (2031, 2032);
INSERT INTO "connectsTo" VALUES (2032, 2034);
INSERT INTO "connectsTo" VALUES (2034, 2035);
INSERT INTO "connectsTo" VALUES (2035, 2036);
INSERT INTO "connectsTo" VALUES (2036, 2037);
INSERT INTO "connectsTo" VALUES (2037, 2038);
INSERT INTO "connectsTo" VALUES (2038, 2040);
INSERT INTO "connectsTo" VALUES (2040, 2041);
INSERT INTO "connectsTo" VALUES (2041, 2042);
INSERT INTO "connectsTo" VALUES (2042, 2043);
INSERT INTO "connectsTo" VALUES (2043, 2044);
INSERT INTO "connectsTo" VALUES (2044, 2046);
INSERT INTO "connectsTo" VALUES (2046, 2047);
INSERT INTO "connectsTo" VALUES (2047, 2048);
INSERT INTO "connectsTo" VALUES (2048, 2049);
INSERT INTO "connectsTo" VALUES (2049, 2050);
INSERT INTO "connectsTo" VALUES (2050, 2052);
INSERT INTO "connectsTo" VALUES (2052, 2053);
INSERT INTO "connectsTo" VALUES (2053, 2054);
INSERT INTO "connectsTo" VALUES (2054, 2055);
INSERT INTO "connectsTo" VALUES (2055, 2056);
INSERT INTO "connectsTo" VALUES (2056, 2058);
INSERT INTO "connectsTo" VALUES (2058, 2060);
INSERT INTO "connectsTo" VALUES (2060, 2061);
INSERT INTO "connectsTo" VALUES (2061, 2062);
INSERT INTO "connectsTo" VALUES (2062, 2063);
INSERT INTO "connectsTo" VALUES (2063, 2064);
INSERT INTO "connectsTo" VALUES (2064, 2066);
INSERT INTO "connectsTo" VALUES (2066, 2067);
INSERT INTO "connectsTo" VALUES (2067, 2068);
INSERT INTO "connectsTo" VALUES (2068, 2069);
INSERT INTO "connectsTo" VALUES (2069, 2070);
INSERT INTO "connectsTo" VALUES (2070, 2072);
INSERT INTO "connectsTo" VALUES (2072, 2073);
INSERT INTO "connectsTo" VALUES (2073, 2074);
INSERT INTO "connectsTo" VALUES (2074, 2075);
INSERT INTO "connectsTo" VALUES (2075, 2076);
INSERT INTO "connectsTo" VALUES (2076, 2078);
INSERT INTO "connectsTo" VALUES (2078, 2079);
INSERT INTO "connectsTo" VALUES (2079, 2080);
INSERT INTO "connectsTo" VALUES (2080, 2081);
INSERT INTO "connectsTo" VALUES (2081, 2082);
INSERT INTO "connectsTo" VALUES (2082, 2084);
INSERT INTO "connectsTo" VALUES (2084, 2085);
INSERT INTO "connectsTo" VALUES (2085, 2086);
INSERT INTO "connectsTo" VALUES (2086, 2087);
INSERT INTO "connectsTo" VALUES (2087, 2088);
INSERT INTO "connectsTo" VALUES (2088, 2090);
INSERT INTO "connectsTo" VALUES (2090, 2092);
INSERT INTO "connectsTo" VALUES (2092, 2093);
INSERT INTO "connectsTo" VALUES (2093, 2094);
INSERT INTO "connectsTo" VALUES (2094, 2095);
INSERT INTO "connectsTo" VALUES (2095, 2096);
INSERT INTO "connectsTo" VALUES (2096, 2098);
INSERT INTO "connectsTo" VALUES (2098, 2099);
INSERT INTO "connectsTo" VALUES (2099, 2100);
INSERT INTO "connectsTo" VALUES (2100, 2101);
INSERT INTO "connectsTo" VALUES (2101, 2102);
INSERT INTO "connectsTo" VALUES (2102, 2103);
INSERT INTO "connectsTo" VALUES (2103, 2105);
INSERT INTO "connectsTo" VALUES (2105, 2106);
INSERT INTO "connectsTo" VALUES (2106, 2107);
INSERT INTO "connectsTo" VALUES (2107, 2108);
INSERT INTO "connectsTo" VALUES (2108, 2109);
INSERT INTO "connectsTo" VALUES (2109, 2111);
INSERT INTO "connectsTo" VALUES (2111, 2112);
INSERT INTO "connectsTo" VALUES (2112, 2113);
INSERT INTO "connectsTo" VALUES (2113, 2114);
INSERT INTO "connectsTo" VALUES (2114, 2115);
INSERT INTO "connectsTo" VALUES (2115, 2117);
INSERT INTO "connectsTo" VALUES (2117, 2118);
INSERT INTO "connectsTo" VALUES (2118, 2119);
INSERT INTO "connectsTo" VALUES (2119, 2120);
INSERT INTO "connectsTo" VALUES (2120, 2121);
INSERT INTO "connectsTo" VALUES (2121, 2123);
INSERT INTO "connectsTo" VALUES (2123, 2125);
INSERT INTO "connectsTo" VALUES (2125, 2126);
INSERT INTO "connectsTo" VALUES (2126, 2127);
INSERT INTO "connectsTo" VALUES (2127, 2128);
INSERT INTO "connectsTo" VALUES (2128, 2129);
INSERT INTO "connectsTo" VALUES (2129, 2131);
INSERT INTO "connectsTo" VALUES (2131, 2132);
INSERT INTO "connectsTo" VALUES (2132, 2133);
INSERT INTO "connectsTo" VALUES (2133, 2134);
INSERT INTO "connectsTo" VALUES (2134, 2135);
INSERT INTO "connectsTo" VALUES (2135, 2137);
INSERT INTO "connectsTo" VALUES (2137, 2139);
INSERT INTO "connectsTo" VALUES (2139, 2140);
INSERT INTO "connectsTo" VALUES (2140, 2141);
INSERT INTO "connectsTo" VALUES (2141, 2142);
INSERT INTO "connectsTo" VALUES (2142, 2143);
INSERT INTO "connectsTo" VALUES (2143, 2145);
INSERT INTO "connectsTo" VALUES (2145, 2146);
INSERT INTO "connectsTo" VALUES (2146, 2147);
INSERT INTO "connectsTo" VALUES (2147, 2148);
INSERT INTO "connectsTo" VALUES (2148, 2149);
INSERT INTO "connectsTo" VALUES (2149, 2151);
INSERT INTO "connectsTo" VALUES (2151, 2152);
INSERT INTO "connectsTo" VALUES (2152, 2153);
INSERT INTO "connectsTo" VALUES (2153, 2154);
INSERT INTO "connectsTo" VALUES (2154, 2155);
INSERT INTO "connectsTo" VALUES (2155, 2157);
INSERT INTO "connectsTo" VALUES (2157, 2158);
INSERT INTO "connectsTo" VALUES (2158, 2159);
INSERT INTO "connectsTo" VALUES (2159, 2160);
INSERT INTO "connectsTo" VALUES (2160, 2161);
INSERT INTO "connectsTo" VALUES (2161, 2163);
INSERT INTO "connectsTo" VALUES (2163, 2164);
INSERT INTO "connectsTo" VALUES (2164, 2165);
INSERT INTO "connectsTo" VALUES (2165, 2166);
INSERT INTO "connectsTo" VALUES (2166, 2167);
INSERT INTO "connectsTo" VALUES (2167, 2169);
INSERT INTO "connectsTo" VALUES (2169, 2170);
INSERT INTO "connectsTo" VALUES (2170, 2171);
INSERT INTO "connectsTo" VALUES (2171, 2172);
INSERT INTO "connectsTo" VALUES (2172, 2173);
INSERT INTO "connectsTo" VALUES (2173, 2175);
INSERT INTO "connectsTo" VALUES (2175, 2176);
INSERT INTO "connectsTo" VALUES (2176, 2177);
INSERT INTO "connectsTo" VALUES (2177, 2178);
INSERT INTO "connectsTo" VALUES (2178, 2179);
INSERT INTO "connectsTo" VALUES (2179, 2181);
INSERT INTO "connectsTo" VALUES (2181, 2183);
INSERT INTO "connectsTo" VALUES (2183, 2184);
INSERT INTO "connectsTo" VALUES (2184, 2185);
INSERT INTO "connectsTo" VALUES (2185, 2186);
INSERT INTO "connectsTo" VALUES (2186, 2187);
INSERT INTO "connectsTo" VALUES (2187, 2189);
INSERT INTO "connectsTo" VALUES (2189, 2190);
INSERT INTO "connectsTo" VALUES (2190, 2191);
INSERT INTO "connectsTo" VALUES (2191, 2192);
INSERT INTO "connectsTo" VALUES (2192, 2193);
INSERT INTO "connectsTo" VALUES (2193, 2195);
INSERT INTO "connectsTo" VALUES (2195, 2196);
INSERT INTO "connectsTo" VALUES (2196, 2197);
INSERT INTO "connectsTo" VALUES (2197, 2198);
INSERT INTO "connectsTo" VALUES (2198, 2199);
INSERT INTO "connectsTo" VALUES (2199, 2201);
INSERT INTO "connectsTo" VALUES (2201, 2202);
INSERT INTO "connectsTo" VALUES (2202, 2203);
INSERT INTO "connectsTo" VALUES (2203, 2204);
INSERT INTO "connectsTo" VALUES (2204, 2205);
INSERT INTO "connectsTo" VALUES (2205, 2207);
INSERT INTO "connectsTo" VALUES (2207, 2209);
INSERT INTO "connectsTo" VALUES (2209, 2210);
INSERT INTO "connectsTo" VALUES (2210, 2211);
INSERT INTO "connectsTo" VALUES (2211, 2212);
INSERT INTO "connectsTo" VALUES (2212, 2213);
INSERT INTO "connectsTo" VALUES (2213, 2214);
INSERT INTO "connectsTo" VALUES (2214, 2216);
INSERT INTO "connectsTo" VALUES (2216, 2217);
INSERT INTO "connectsTo" VALUES (2217, 2218);
INSERT INTO "connectsTo" VALUES (2218, 2219);
INSERT INTO "connectsTo" VALUES (2219, 2220);
INSERT INTO "connectsTo" VALUES (2220, 2222);
INSERT INTO "connectsTo" VALUES (2222, 2224);
INSERT INTO "connectsTo" VALUES (2224, 2225);
INSERT INTO "connectsTo" VALUES (2225, 2226);
INSERT INTO "connectsTo" VALUES (2226, 2227);
INSERT INTO "connectsTo" VALUES (2227, 2228);
INSERT INTO "connectsTo" VALUES (2228, 2230);
INSERT INTO "connectsTo" VALUES (2230, 2231);
INSERT INTO "connectsTo" VALUES (2231, 2232);
INSERT INTO "connectsTo" VALUES (2232, 2233);
INSERT INTO "connectsTo" VALUES (2233, 2234);
INSERT INTO "connectsTo" VALUES (2234, 2235);
INSERT INTO "connectsTo" VALUES (2235, 2237);
INSERT INTO "connectsTo" VALUES (2237, 2239);
INSERT INTO "connectsTo" VALUES (2239, 2240);
INSERT INTO "connectsTo" VALUES (2240, 2241);
INSERT INTO "connectsTo" VALUES (2241, 2242);
INSERT INTO "connectsTo" VALUES (2242, 2243);
INSERT INTO "connectsTo" VALUES (2243, 2245);
INSERT INTO "connectsTo" VALUES (2245, 2246);
INSERT INTO "connectsTo" VALUES (2246, 2247);
INSERT INTO "connectsTo" VALUES (2247, 2248);
INSERT INTO "connectsTo" VALUES (2248, 2249);
INSERT INTO "connectsTo" VALUES (2249, 2251);
INSERT INTO "connectsTo" VALUES (2251, 2252);
INSERT INTO "connectsTo" VALUES (2252, 2253);
INSERT INTO "connectsTo" VALUES (2253, 2254);
INSERT INTO "connectsTo" VALUES (2254, 2255);
INSERT INTO "connectsTo" VALUES (2255, 2257);
INSERT INTO "connectsTo" VALUES (2257, 2258);
INSERT INTO "connectsTo" VALUES (2258, 2259);
INSERT INTO "connectsTo" VALUES (2259, 2260);
INSERT INTO "connectsTo" VALUES (2260, 2261);
INSERT INTO "connectsTo" VALUES (2261, 2263);
INSERT INTO "connectsTo" VALUES (2263, 2264);
INSERT INTO "connectsTo" VALUES (2264, 2265);
INSERT INTO "connectsTo" VALUES (2265, 2266);
INSERT INTO "connectsTo" VALUES (2266, 2267);
INSERT INTO "connectsTo" VALUES (2267, 2269);
INSERT INTO "connectsTo" VALUES (2269, 2270);
INSERT INTO "connectsTo" VALUES (2270, 2271);
INSERT INTO "connectsTo" VALUES (2271, 2272);
INSERT INTO "connectsTo" VALUES (2272, 2273);
INSERT INTO "connectsTo" VALUES (2273, 2275);
INSERT INTO "connectsTo" VALUES (2275, 2276);
INSERT INTO "connectsTo" VALUES (2276, 2277);
INSERT INTO "connectsTo" VALUES (2277, 2278);
INSERT INTO "connectsTo" VALUES (2278, 2279);
INSERT INTO "connectsTo" VALUES (2279, 2281);
INSERT INTO "connectsTo" VALUES (2281, 2282);
INSERT INTO "connectsTo" VALUES (2282, 2283);
INSERT INTO "connectsTo" VALUES (2283, 2284);
INSERT INTO "connectsTo" VALUES (2284, 2285);
INSERT INTO "connectsTo" VALUES (2285, 2287);
INSERT INTO "connectsTo" VALUES (2287, 2289);
INSERT INTO "connectsTo" VALUES (2289, 2290);
INSERT INTO "connectsTo" VALUES (2290, 2291);
INSERT INTO "connectsTo" VALUES (2291, 2292);
INSERT INTO "connectsTo" VALUES (2292, 2293);
INSERT INTO "connectsTo" VALUES (2293, 2295);
INSERT INTO "connectsTo" VALUES (2295, 2296);
INSERT INTO "connectsTo" VALUES (2296, 2297);
INSERT INTO "connectsTo" VALUES (2297, 2298);
INSERT INTO "connectsTo" VALUES (2298, 2299);
INSERT INTO "connectsTo" VALUES (2299, 2301);
INSERT INTO "connectsTo" VALUES (2301, 2302);
INSERT INTO "connectsTo" VALUES (2302, 2303);
INSERT INTO "connectsTo" VALUES (2303, 2304);
INSERT INTO "connectsTo" VALUES (2304, 2305);
INSERT INTO "connectsTo" VALUES (2305, 2307);
INSERT INTO "connectsTo" VALUES (2307, 2308);
INSERT INTO "connectsTo" VALUES (2308, 2309);
INSERT INTO "connectsTo" VALUES (2309, 2310);
INSERT INTO "connectsTo" VALUES (2310, 2311);
INSERT INTO "connectsTo" VALUES (2311, 2313);
INSERT INTO "connectsTo" VALUES (2313, 2314);
INSERT INTO "connectsTo" VALUES (2314, 2315);
INSERT INTO "connectsTo" VALUES (2315, 2316);
INSERT INTO "connectsTo" VALUES (2316, 2317);
INSERT INTO "connectsTo" VALUES (2317, 2319);
INSERT INTO "connectsTo" VALUES (2319, 2320);
INSERT INTO "connectsTo" VALUES (2320, 2321);
INSERT INTO "connectsTo" VALUES (2321, 2322);
INSERT INTO "connectsTo" VALUES (2322, 2323);
INSERT INTO "connectsTo" VALUES (2323, 2325);
INSERT INTO "connectsTo" VALUES (2325, 2326);
INSERT INTO "connectsTo" VALUES (2326, 2327);
INSERT INTO "connectsTo" VALUES (2327, 2328);
INSERT INTO "connectsTo" VALUES (2328, 2329);
INSERT INTO "connectsTo" VALUES (2329, 2331);
INSERT INTO "connectsTo" VALUES (2331, 2332);
INSERT INTO "connectsTo" VALUES (2332, 2333);
INSERT INTO "connectsTo" VALUES (2333, 2334);
INSERT INTO "connectsTo" VALUES (2334, 2335);
INSERT INTO "connectsTo" VALUES (2335, 2337);
INSERT INTO "connectsTo" VALUES (2337, 2338);
INSERT INTO "connectsTo" VALUES (2338, 2339);
INSERT INTO "connectsTo" VALUES (2339, 2340);
INSERT INTO "connectsTo" VALUES (2340, 2341);
INSERT INTO "connectsTo" VALUES (2341, 2343);
INSERT INTO "connectsTo" VALUES (2343, 2345);
INSERT INTO "connectsTo" VALUES (2345, 2346);
INSERT INTO "connectsTo" VALUES (2346, 2347);
INSERT INTO "connectsTo" VALUES (2347, 2348);
INSERT INTO "connectsTo" VALUES (2348, 2349);
INSERT INTO "connectsTo" VALUES (2349, 2351);
INSERT INTO "connectsTo" VALUES (2351, 2352);
INSERT INTO "connectsTo" VALUES (2352, 2353);
INSERT INTO "connectsTo" VALUES (2353, 2354);
INSERT INTO "connectsTo" VALUES (2354, 2355);
INSERT INTO "connectsTo" VALUES (2355, 2357);
INSERT INTO "connectsTo" VALUES (2357, 2358);
INSERT INTO "connectsTo" VALUES (2358, 2359);
INSERT INTO "connectsTo" VALUES (2359, 2360);
INSERT INTO "connectsTo" VALUES (2360, 2361);
INSERT INTO "connectsTo" VALUES (2361, 2363);
INSERT INTO "connectsTo" VALUES (2363, 2364);
INSERT INTO "connectsTo" VALUES (2364, 2365);
INSERT INTO "connectsTo" VALUES (2365, 2366);
INSERT INTO "connectsTo" VALUES (2366, 2367);
INSERT INTO "connectsTo" VALUES (2367, 2369);
INSERT INTO "connectsTo" VALUES (2369, 2371);
INSERT INTO "connectsTo" VALUES (2371, 2372);
INSERT INTO "connectsTo" VALUES (2372, 2373);
INSERT INTO "connectsTo" VALUES (2373, 2374);
INSERT INTO "connectsTo" VALUES (2374, 2375);
INSERT INTO "connectsTo" VALUES (2375, 2377);
INSERT INTO "connectsTo" VALUES (2377, 2378);
INSERT INTO "connectsTo" VALUES (2378, 2379);
INSERT INTO "connectsTo" VALUES (2379, 2380);
INSERT INTO "connectsTo" VALUES (2380, 2381);
INSERT INTO "connectsTo" VALUES (2381, 2383);
INSERT INTO "connectsTo" VALUES (2383, 2385);
INSERT INTO "connectsTo" VALUES (2385, 2386);
INSERT INTO "connectsTo" VALUES (2386, 2387);
INSERT INTO "connectsTo" VALUES (2387, 2388);
INSERT INTO "connectsTo" VALUES (2388, 2389);
INSERT INTO "connectsTo" VALUES (2389, 2391);
INSERT INTO "connectsTo" VALUES (2391, 2393);
INSERT INTO "connectsTo" VALUES (2393, 2394);
INSERT INTO "connectsTo" VALUES (2394, 2395);
INSERT INTO "connectsTo" VALUES (2395, 2396);
INSERT INTO "connectsTo" VALUES (2396, 2397);
INSERT INTO "connectsTo" VALUES (2397, 2399);
INSERT INTO "connectsTo" VALUES (2399, 2400);
INSERT INTO "connectsTo" VALUES (2400, 2401);
INSERT INTO "connectsTo" VALUES (2401, 2402);
INSERT INTO "connectsTo" VALUES (2402, 2403);
INSERT INTO "connectsTo" VALUES (1977, 1982);
INSERT INTO "Semaphore" ("id", "signal") VALUES (2405, 2);
INSERT INTO "Route" ("id", "active", "entry", "exit") VALUES (2406, 1, 1979, 2405);
INSERT INTO "Region" ("id") VALUES (2407);
INSERT INTO "TrackElement" ("id") VALUES (2408);
INSERT INTO "Switch" ("id") VALUES (2408);
UPDATE "TrackElement" SET "region" = 2407 WHERE "id" = 2408;
INSERT INTO "Sensor" ("id") VALUES (2409);
UPDATE "Sensor" SET "region" = 2407 WHERE "id" = 2409;
INSERT INTO "monitoredBy" VALUES (2408, 2409);
UPDATE "Sensor" SET "route" = 2406 WHERE "id" = 2409;
INSERT INTO "TrackElement" ("id") VALUES (2410);
INSERT INTO "Segment" ("id", "length") VALUES (2410, 266);
UPDATE "TrackElement" SET "region" = 2407 WHERE "id" = 2410;
INSERT INTO "monitoredBy" VALUES (2410, 2409);
UPDATE "Semaphore" SET "segment" = 2410 WHERE "id" = 2405;
INSERT INTO "TrackElement" ("id") VALUES (2411);
INSERT INTO "Segment" ("id", "length") VALUES (2411, 665);
UPDATE "TrackElement" SET "region" = 2407 WHERE "id" = 2411;
INSERT INTO "monitoredBy" VALUES (2411, 2409);
INSERT INTO "TrackElement" ("id") VALUES (2412);
INSERT INTO "Segment" ("id", "length") VALUES (2412, 279);
UPDATE "TrackElement" SET "region" = 2407 WHERE "id" = 2412;
INSERT INTO "monitoredBy" VALUES (2412, 2409);
INSERT INTO "TrackElement" ("id") VALUES (2413);
INSERT INTO "Segment" ("id", "length") VALUES (2413, 95);
UPDATE "TrackElement" SET "region" = 2407 WHERE "id" = 2413;
INSERT INTO "monitoredBy" VALUES (2413, 2409);
INSERT INTO "TrackElement" ("id") VALUES (2414);
INSERT INTO "Segment" ("id", "length") VALUES (2414, 12);
UPDATE "TrackElement" SET "region" = 2407 WHERE "id" = 2414;
INSERT INTO "monitoredBy" VALUES (2414, 2409);
INSERT INTO "Sensor" ("id") VALUES (2415);
UPDATE "Sensor" SET "region" = 2407 WHERE "id" = 2415;
INSERT INTO "monitoredBy" VALUES (2408, 2415);
UPDATE "Sensor" SET "route" = 2406 WHERE "id" = 2415;
INSERT INTO "TrackElement" ("id") VALUES (2416);
INSERT INTO "Segment" ("id", "length") VALUES (2416, 724);
UPDATE "TrackElement" SET "region" = 2407 WHERE "id" = 2416;
INSERT INTO "monitoredBy" VALUES (2416, 2415);
INSERT INTO "TrackElement" ("id") VALUES (2417);
INSERT INTO "Segment" ("id", "length") VALUES (2417, 994);
UPDATE "TrackElement" SET "region" = 2407 WHERE "id" = 2417;
INSERT INTO "monitoredBy" VALUES (2417, 2415);
INSERT INTO "TrackElement" ("id") VALUES (2418);
INSERT INTO "Segment" ("id", "length") VALUES (2418, 323);
UPDATE "TrackElement" SET "region" = 2407 WHERE "id" = 2418;
INSERT INTO "monitoredBy" VALUES (2418, 2415);
INSERT INTO "TrackElement" ("id") VALUES (2419);
INSERT INTO "Segment" ("id", "length") VALUES (2419, 839);
UPDATE "TrackElement" SET "region" = 2407 WHERE "id" = 2419;
INSERT INTO "monitoredBy" VALUES (2419, 2415);
INSERT INTO "TrackElement" ("id") VALUES (2420);
INSERT INTO "Segment" ("id", "length") VALUES (2420, 561);
UPDATE "TrackElement" SET "region" = 2407 WHERE "id" = 2420;
INSERT INTO "monitoredBy" VALUES (2420, 2415);
INSERT INTO "Sensor" ("id") VALUES (2421);
UPDATE "Sensor" SET "region" = 2407 WHERE "id" = 2421;
INSERT INTO "monitoredBy" VALUES (2408, 2421);
UPDATE "Sensor" SET "route" = 2406 WHERE "id" = 2421;
INSERT INTO "TrackElement" ("id") VALUES (2422);
INSERT INTO "Segment" ("id", "length") VALUES (2422, -389);
UPDATE "TrackElement" SET "region" = 2407 WHERE "id" = 2422;
INSERT INTO "monitoredBy" VALUES (2422, 2421);
INSERT INTO "TrackElement" ("id") VALUES (2423);
INSERT INTO "Segment" ("id", "length") VALUES (2423, 95);
UPDATE "TrackElement" SET "region" = 2407 WHERE "id" = 2423;
INSERT INTO "monitoredBy" VALUES (2423, 2421);
INSERT INTO "TrackElement" ("id") VALUES (2424);
INSERT INTO "Segment" ("id", "length") VALUES (2424, 94);
UPDATE "TrackElement" SET "region" = 2407 WHERE "id" = 2424;
INSERT INTO "monitoredBy" VALUES (2424, 2421);
INSERT INTO "TrackElement" ("id") VALUES (2425);
INSERT INTO "Segment" ("id", "length") VALUES (2425, 43);
UPDATE "TrackElement" SET "region" = 2407 WHERE "id" = 2425;
INSERT INTO "monitoredBy" VALUES (2425, 2421);
INSERT INTO "TrackElement" ("id") VALUES (2426);
INSERT INTO "Segment" ("id", "length") VALUES (2426, 572);
UPDATE "TrackElement" SET "region" = 2407 WHERE "id" = 2426;
INSERT INTO "monitoredBy" VALUES (2426, 2421);
INSERT INTO "TrackElement" ("id") VALUES (2427);
INSERT INTO "Segment" ("id", "length") VALUES (2427, 229);
UPDATE "TrackElement" SET "region" = 2407 WHERE "id" = 2427;
INSERT INTO "monitoredBy" VALUES (2427, 2421);
INSERT INTO "Sensor" ("id") VALUES (2428);
UPDATE "Sensor" SET "region" = 2407 WHERE "id" = 2428;
INSERT INTO "monitoredBy" VALUES (2408, 2428);
UPDATE "Sensor" SET "route" = 2406 WHERE "id" = 2428;
INSERT INTO "TrackElement" ("id") VALUES (2429);
INSERT INTO "Segment" ("id", "length") VALUES (2429, 527);
UPDATE "TrackElement" SET "region" = 2407 WHERE "id" = 2429;
INSERT INTO "monitoredBy" VALUES (2429, 2428);
INSERT INTO "TrackElement" ("id") VALUES (2430);
INSERT INTO "Segment" ("id", "length") VALUES (2430, 699);
UPDATE "TrackElement" SET "region" = 2407 WHERE "id" = 2430;
INSERT INTO "monitoredBy" VALUES (2430, 2428);
INSERT INTO "TrackElement" ("id") VALUES (2431);
INSERT INTO "Segment" ("id", "length") VALUES (2431, 126);
UPDATE "TrackElement" SET "region" = 2407 WHERE "id" = 2431;
INSERT INTO "monitoredBy" VALUES (2431, 2428);
INSERT INTO "TrackElement" ("id") VALUES (2432);
INSERT INTO "Segment" ("id", "length") VALUES (2432, 45);
UPDATE "TrackElement" SET "region" = 2407 WHERE "id" = 2432;
INSERT INTO "monitoredBy" VALUES (2432, 2428);
INSERT INTO "TrackElement" ("id") VALUES (2433);
INSERT INTO "Segment" ("id", "length") VALUES (2433, 435);
UPDATE "TrackElement" SET "region" = 2407 WHERE "id" = 2433;
INSERT INTO "monitoredBy" VALUES (2433, 2428);
INSERT INTO "Sensor" ("id") VALUES (2434);
UPDATE "Sensor" SET "region" = 2407 WHERE "id" = 2434;
INSERT INTO "monitoredBy" VALUES (2408, 2434);
UPDATE "Sensor" SET "route" = 2406 WHERE "id" = 2434;
INSERT INTO "TrackElement" ("id") VALUES (2435);
INSERT INTO "Segment" ("id", "length") VALUES (2435, 377);
UPDATE "TrackElement" SET "region" = 2407 WHERE "id" = 2435;
INSERT INTO "monitoredBy" VALUES (2435, 2434);
INSERT INTO "TrackElement" ("id") VALUES (2436);
INSERT INTO "Segment" ("id", "length") VALUES (2436, 341);
UPDATE "TrackElement" SET "region" = 2407 WHERE "id" = 2436;
INSERT INTO "monitoredBy" VALUES (2436, 2434);
INSERT INTO "TrackElement" ("id") VALUES (2437);
INSERT INTO "Segment" ("id", "length") VALUES (2437, 582);
UPDATE "TrackElement" SET "region" = 2407 WHERE "id" = 2437;
INSERT INTO "monitoredBy" VALUES (2437, 2434);
INSERT INTO "TrackElement" ("id") VALUES (2438);
INSERT INTO "Segment" ("id", "length") VALUES (2438, 57);
UPDATE "TrackElement" SET "region" = 2407 WHERE "id" = 2438;
INSERT INTO "monitoredBy" VALUES (2438, 2434);
INSERT INTO "TrackElement" ("id") VALUES (2439);
INSERT INTO "Segment" ("id", "length") VALUES (2439, 218);
UPDATE "TrackElement" SET "region" = 2407 WHERE "id" = 2439;
INSERT INTO "monitoredBy" VALUES (2439, 2434);
INSERT INTO "Sensor" ("id") VALUES (2440);
UPDATE "Sensor" SET "region" = 2407 WHERE "id" = 2440;
INSERT INTO "monitoredBy" VALUES (2408, 2440);
UPDATE "Sensor" SET "route" = 2406 WHERE "id" = 2440;
INSERT INTO "TrackElement" ("id") VALUES (2441);
INSERT INTO "Segment" ("id", "length") VALUES (2441, 737);
UPDATE "TrackElement" SET "region" = 2407 WHERE "id" = 2441;
INSERT INTO "monitoredBy" VALUES (2441, 2440);
INSERT INTO "TrackElement" ("id") VALUES (2442);
INSERT INTO "Segment" ("id", "length") VALUES (2442, 466);
UPDATE "TrackElement" SET "region" = 2407 WHERE "id" = 2442;
INSERT INTO "monitoredBy" VALUES (2442, 2440);
INSERT INTO "TrackElement" ("id") VALUES (2443);
INSERT INTO "Segment" ("id", "length") VALUES (2443, 166);
UPDATE "TrackElement" SET "region" = 2407 WHERE "id" = 2443;
INSERT INTO "monitoredBy" VALUES (2443, 2440);
INSERT INTO "TrackElement" ("id") VALUES (2444);
INSERT INTO "Segment" ("id", "length") VALUES (2444, 446);
UPDATE "TrackElement" SET "region" = 2407 WHERE "id" = 2444;
INSERT INTO "monitoredBy" VALUES (2444, 2440);
INSERT INTO "TrackElement" ("id") VALUES (2445);
INSERT INTO "Segment" ("id", "length") VALUES (2445, 957);
UPDATE "TrackElement" SET "region" = 2407 WHERE "id" = 2445;
INSERT INTO "monitoredBy" VALUES (2445, 2440);
INSERT INTO "Sensor" ("id") VALUES (2446);
UPDATE "Sensor" SET "region" = 2407 WHERE "id" = 2446;
INSERT INTO "monitoredBy" VALUES (2408, 2446);
UPDATE "Sensor" SET "route" = 2406 WHERE "id" = 2446;
INSERT INTO "TrackElement" ("id") VALUES (2447);
INSERT INTO "Segment" ("id", "length") VALUES (2447, 15);
UPDATE "TrackElement" SET "region" = 2407 WHERE "id" = 2447;
INSERT INTO "monitoredBy" VALUES (2447, 2446);
INSERT INTO "TrackElement" ("id") VALUES (2448);
INSERT INTO "Segment" ("id", "length") VALUES (2448, 777);
UPDATE "TrackElement" SET "region" = 2407 WHERE "id" = 2448;
INSERT INTO "monitoredBy" VALUES (2448, 2446);
INSERT INTO "TrackElement" ("id") VALUES (2449);
INSERT INTO "Segment" ("id", "length") VALUES (2449, 591);
UPDATE "TrackElement" SET "region" = 2407 WHERE "id" = 2449;
INSERT INTO "monitoredBy" VALUES (2449, 2446);
INSERT INTO "TrackElement" ("id") VALUES (2450);
INSERT INTO "Segment" ("id", "length") VALUES (2450, 764);
UPDATE "TrackElement" SET "region" = 2407 WHERE "id" = 2450;
INSERT INTO "monitoredBy" VALUES (2450, 2446);
INSERT INTO "TrackElement" ("id") VALUES (2451);
INSERT INTO "Segment" ("id", "length") VALUES (2451, 28);
UPDATE "TrackElement" SET "region" = 2407 WHERE "id" = 2451;
INSERT INTO "monitoredBy" VALUES (2451, 2446);
INSERT INTO "Sensor" ("id") VALUES (2452);
UPDATE "Sensor" SET "region" = 2407 WHERE "id" = 2452;
INSERT INTO "monitoredBy" VALUES (2408, 2452);
UPDATE "Sensor" SET "route" = 2406 WHERE "id" = 2452;
INSERT INTO "TrackElement" ("id") VALUES (2453);
INSERT INTO "Segment" ("id", "length") VALUES (2453, 89);
UPDATE "TrackElement" SET "region" = 2407 WHERE "id" = 2453;
INSERT INTO "monitoredBy" VALUES (2453, 2452);
INSERT INTO "TrackElement" ("id") VALUES (2454);
INSERT INTO "Segment" ("id", "length") VALUES (2454, -651);
UPDATE "TrackElement" SET "region" = 2407 WHERE "id" = 2454;
INSERT INTO "monitoredBy" VALUES (2454, 2452);
INSERT INTO "TrackElement" ("id") VALUES (2455);
INSERT INTO "Segment" ("id", "length") VALUES (2455, 614);
UPDATE "TrackElement" SET "region" = 2407 WHERE "id" = 2455;
INSERT INTO "monitoredBy" VALUES (2455, 2452);
INSERT INTO "TrackElement" ("id") VALUES (2456);
INSERT INTO "Segment" ("id", "length") VALUES (2456, 274);
UPDATE "TrackElement" SET "region" = 2407 WHERE "id" = 2456;
INSERT INTO "monitoredBy" VALUES (2456, 2452);
INSERT INTO "TrackElement" ("id") VALUES (2457);
INSERT INTO "Segment" ("id", "length") VALUES (2457, 955);
UPDATE "TrackElement" SET "region" = 2407 WHERE "id" = 2457;
INSERT INTO "monitoredBy" VALUES (2457, 2452);
INSERT INTO "Sensor" ("id") VALUES (2458);
UPDATE "Sensor" SET "region" = 2407 WHERE "id" = 2458;
INSERT INTO "monitoredBy" VALUES (2408, 2458);
UPDATE "Sensor" SET "route" = 2406 WHERE "id" = 2458;
INSERT INTO "TrackElement" ("id") VALUES (2459);
INSERT INTO "Segment" ("id", "length") VALUES (2459, 17);
UPDATE "TrackElement" SET "region" = 2407 WHERE "id" = 2459;
INSERT INTO "monitoredBy" VALUES (2459, 2458);
INSERT INTO "TrackElement" ("id") VALUES (2460);
INSERT INTO "Segment" ("id", "length") VALUES (2460, 418);
UPDATE "TrackElement" SET "region" = 2407 WHERE "id" = 2460;
INSERT INTO "monitoredBy" VALUES (2460, 2458);
INSERT INTO "TrackElement" ("id") VALUES (2461);
INSERT INTO "Segment" ("id", "length") VALUES (2461, 903);
UPDATE "TrackElement" SET "region" = 2407 WHERE "id" = 2461;
INSERT INTO "monitoredBy" VALUES (2461, 2458);
INSERT INTO "TrackElement" ("id") VALUES (2462);
INSERT INTO "Segment" ("id", "length") VALUES (2462, 641);
UPDATE "TrackElement" SET "region" = 2407 WHERE "id" = 2462;
INSERT INTO "monitoredBy" VALUES (2462, 2458);
INSERT INTO "TrackElement" ("id") VALUES (2463);
INSERT INTO "Segment" ("id", "length") VALUES (2463, 121);
UPDATE "TrackElement" SET "region" = 2407 WHERE "id" = 2463;
INSERT INTO "monitoredBy" VALUES (2463, 2458);
UPDATE "Switch" SET "currentPosition" = 0 WHERE "id" = 2408;
INSERT INTO "SwitchPosition" ("id", "position", "target") VALUES (2464, 0, 2408);
UPDATE "SwitchPosition" SET "route" = 2406 WHERE "id" = 2464;
INSERT INTO "TrackElement" ("id") VALUES (2465);
INSERT INTO "Switch" ("id") VALUES (2465);
UPDATE "TrackElement" SET "region" = 2407 WHERE "id" = 2465;
INSERT INTO "Sensor" ("id") VALUES (2466);
UPDATE "Sensor" SET "region" = 2407 WHERE "id" = 2466;
INSERT INTO "monitoredBy" VALUES (2465, 2466);
UPDATE "Sensor" SET "route" = 2406 WHERE "id" = 2466;
INSERT INTO "TrackElement" ("id") VALUES (2467);
INSERT INTO "Segment" ("id", "length") VALUES (2467, 867);
UPDATE "TrackElement" SET "region" = 2407 WHERE "id" = 2467;
INSERT INTO "monitoredBy" VALUES (2467, 2466);
INSERT INTO "TrackElement" ("id") VALUES (2468);
INSERT INTO "Segment" ("id", "length") VALUES (2468, 431);
UPDATE "TrackElement" SET "region" = 2407 WHERE "id" = 2468;
INSERT INTO "monitoredBy" VALUES (2468, 2466);
INSERT INTO "TrackElement" ("id") VALUES (2469);
INSERT INTO "Segment" ("id", "length") VALUES (2469, 544);
UPDATE "TrackElement" SET "region" = 2407 WHERE "id" = 2469;
INSERT INTO "monitoredBy" VALUES (2469, 2466);
INSERT INTO "TrackElement" ("id") VALUES (2470);
INSERT INTO "Segment" ("id", "length") VALUES (2470, 913);
UPDATE "TrackElement" SET "region" = 2407 WHERE "id" = 2470;
INSERT INTO "monitoredBy" VALUES (2470, 2466);
INSERT INTO "TrackElement" ("id") VALUES (2471);
INSERT INTO "Segment" ("id", "length") VALUES (2471, 606);
UPDATE "TrackElement" SET "region" = 2407 WHERE "id" = 2471;
INSERT INTO "monitoredBy" VALUES (2471, 2466);
INSERT INTO "Sensor" ("id") VALUES (2472);
UPDATE "Sensor" SET "region" = 2407 WHERE "id" = 2472;
INSERT INTO "monitoredBy" VALUES (2465, 2472);
UPDATE "Sensor" SET "route" = 2406 WHERE "id" = 2472;
INSERT INTO "TrackElement" ("id") VALUES (2473);
INSERT INTO "Segment" ("id", "length") VALUES (2473, 679);
UPDATE "TrackElement" SET "region" = 2407 WHERE "id" = 2473;
INSERT INTO "monitoredBy" VALUES (2473, 2472);
INSERT INTO "TrackElement" ("id") VALUES (2474);
INSERT INTO "Segment" ("id", "length") VALUES (2474, 830);
UPDATE "TrackElement" SET "region" = 2407 WHERE "id" = 2474;
INSERT INTO "monitoredBy" VALUES (2474, 2472);
INSERT INTO "TrackElement" ("id") VALUES (2475);
INSERT INTO "Segment" ("id", "length") VALUES (2475, 288);
UPDATE "TrackElement" SET "region" = 2407 WHERE "id" = 2475;
INSERT INTO "monitoredBy" VALUES (2475, 2472);
INSERT INTO "TrackElement" ("id") VALUES (2476);
INSERT INTO "Segment" ("id", "length") VALUES (2476, 67);
UPDATE "TrackElement" SET "region" = 2407 WHERE "id" = 2476;
INSERT INTO "monitoredBy" VALUES (2476, 2472);
INSERT INTO "TrackElement" ("id") VALUES (2477);
INSERT INTO "Segment" ("id", "length") VALUES (2477, 510);
UPDATE "TrackElement" SET "region" = 2407 WHERE "id" = 2477;
INSERT INTO "monitoredBy" VALUES (2477, 2472);
INSERT INTO "Sensor" ("id") VALUES (2478);
UPDATE "Sensor" SET "region" = 2407 WHERE "id" = 2478;
INSERT INTO "monitoredBy" VALUES (2465, 2478);
UPDATE "Sensor" SET "route" = 2406 WHERE "id" = 2478;
INSERT INTO "TrackElement" ("id") VALUES (2479);
INSERT INTO "Segment" ("id", "length") VALUES (2479, 805);
UPDATE "TrackElement" SET "region" = 2407 WHERE "id" = 2479;
INSERT INTO "monitoredBy" VALUES (2479, 2478);
INSERT INTO "TrackElement" ("id") VALUES (2480);
INSERT INTO "Segment" ("id", "length") VALUES (2480, 922);
UPDATE "TrackElement" SET "region" = 2407 WHERE "id" = 2480;
INSERT INTO "monitoredBy" VALUES (2480, 2478);
INSERT INTO "TrackElement" ("id") VALUES (2481);
INSERT INTO "Segment" ("id", "length") VALUES (2481, 19);
UPDATE "TrackElement" SET "region" = 2407 WHERE "id" = 2481;
INSERT INTO "monitoredBy" VALUES (2481, 2478);
INSERT INTO "TrackElement" ("id") VALUES (2482);
INSERT INTO "Segment" ("id", "length") VALUES (2482, 648);
UPDATE "TrackElement" SET "region" = 2407 WHERE "id" = 2482;
INSERT INTO "monitoredBy" VALUES (2482, 2478);
INSERT INTO "TrackElement" ("id") VALUES (2483);
INSERT INTO "Segment" ("id", "length") VALUES (2483, 452);
UPDATE "TrackElement" SET "region" = 2407 WHERE "id" = 2483;
INSERT INTO "monitoredBy" VALUES (2483, 2478);
INSERT INTO "Sensor" ("id") VALUES (2484);
UPDATE "Sensor" SET "region" = 2407 WHERE "id" = 2484;
INSERT INTO "monitoredBy" VALUES (2465, 2484);
UPDATE "Sensor" SET "route" = 2406 WHERE "id" = 2484;
INSERT INTO "TrackElement" ("id") VALUES (2485);
INSERT INTO "Segment" ("id", "length") VALUES (2485, 397);
UPDATE "TrackElement" SET "region" = 2407 WHERE "id" = 2485;
INSERT INTO "monitoredBy" VALUES (2485, 2484);
INSERT INTO "TrackElement" ("id") VALUES (2486);
INSERT INTO "Segment" ("id", "length") VALUES (2486, 985);
UPDATE "TrackElement" SET "region" = 2407 WHERE "id" = 2486;
INSERT INTO "monitoredBy" VALUES (2486, 2484);
INSERT INTO "TrackElement" ("id") VALUES (2487);
INSERT INTO "Segment" ("id", "length") VALUES (2487, 926);
UPDATE "TrackElement" SET "region" = 2407 WHERE "id" = 2487;
INSERT INTO "monitoredBy" VALUES (2487, 2484);
INSERT INTO "TrackElement" ("id") VALUES (2488);
INSERT INTO "Segment" ("id", "length") VALUES (2488, 457);
UPDATE "TrackElement" SET "region" = 2407 WHERE "id" = 2488;
INSERT INTO "monitoredBy" VALUES (2488, 2484);
INSERT INTO "TrackElement" ("id") VALUES (2489);
INSERT INTO "Segment" ("id", "length") VALUES (2489, 88);
UPDATE "TrackElement" SET "region" = 2407 WHERE "id" = 2489;
INSERT INTO "monitoredBy" VALUES (2489, 2484);
UPDATE "Switch" SET "currentPosition" = 2 WHERE "id" = 2465;
INSERT INTO "SwitchPosition" ("id", "position", "target") VALUES (2490, 2, 2465);
UPDATE "SwitchPosition" SET "route" = 2406 WHERE "id" = 2490;
INSERT INTO "TrackElement" ("id") VALUES (2491);
INSERT INTO "Switch" ("id") VALUES (2491);
UPDATE "TrackElement" SET "region" = 2407 WHERE "id" = 2491;
INSERT INTO "Sensor" ("id") VALUES (2492);
UPDATE "Sensor" SET "region" = 2407 WHERE "id" = 2492;
INSERT INTO "monitoredBy" VALUES (2491, 2492);
UPDATE "Sensor" SET "route" = 2406 WHERE "id" = 2492;
INSERT INTO "TrackElement" ("id") VALUES (2493);
INSERT INTO "Segment" ("id", "length") VALUES (2493, 341);
UPDATE "TrackElement" SET "region" = 2407 WHERE "id" = 2493;
INSERT INTO "monitoredBy" VALUES (2493, 2492);
INSERT INTO "TrackElement" ("id") VALUES (2494);
INSERT INTO "Segment" ("id", "length") VALUES (2494, 966);
UPDATE "TrackElement" SET "region" = 2407 WHERE "id" = 2494;
INSERT INTO "monitoredBy" VALUES (2494, 2492);
INSERT INTO "TrackElement" ("id") VALUES (2495);
INSERT INTO "Segment" ("id", "length") VALUES (2495, 155);
UPDATE "TrackElement" SET "region" = 2407 WHERE "id" = 2495;
INSERT INTO "monitoredBy" VALUES (2495, 2492);
INSERT INTO "TrackElement" ("id") VALUES (2496);
INSERT INTO "Segment" ("id", "length") VALUES (2496, 313);
UPDATE "TrackElement" SET "region" = 2407 WHERE "id" = 2496;
INSERT INTO "monitoredBy" VALUES (2496, 2492);
INSERT INTO "TrackElement" ("id") VALUES (2497);
INSERT INTO "Segment" ("id", "length") VALUES (2497, 906);
UPDATE "TrackElement" SET "region" = 2407 WHERE "id" = 2497;
INSERT INTO "monitoredBy" VALUES (2497, 2492);
INSERT INTO "Sensor" ("id") VALUES (2498);
UPDATE "Sensor" SET "region" = 2407 WHERE "id" = 2498;
INSERT INTO "monitoredBy" VALUES (2491, 2498);
UPDATE "Sensor" SET "route" = 2406 WHERE "id" = 2498;
INSERT INTO "TrackElement" ("id") VALUES (2499);
INSERT INTO "Segment" ("id", "length") VALUES (2499, 834);
UPDATE "TrackElement" SET "region" = 2407 WHERE "id" = 2499;
INSERT INTO "monitoredBy" VALUES (2499, 2498);
INSERT INTO "TrackElement" ("id") VALUES (2500);
INSERT INTO "Segment" ("id", "length") VALUES (2500, 182);
UPDATE "TrackElement" SET "region" = 2407 WHERE "id" = 2500;
INSERT INTO "monitoredBy" VALUES (2500, 2498);
INSERT INTO "TrackElement" ("id") VALUES (2501);
INSERT INTO "Segment" ("id", "length") VALUES (2501, 517);
UPDATE "TrackElement" SET "region" = 2407 WHERE "id" = 2501;
INSERT INTO "monitoredBy" VALUES (2501, 2498);
INSERT INTO "TrackElement" ("id") VALUES (2502);
INSERT INTO "Segment" ("id", "length") VALUES (2502, 256);
UPDATE "TrackElement" SET "region" = 2407 WHERE "id" = 2502;
INSERT INTO "monitoredBy" VALUES (2502, 2498);
INSERT INTO "TrackElement" ("id") VALUES (2503);
INSERT INTO "Segment" ("id", "length") VALUES (2503, 501);
UPDATE "TrackElement" SET "region" = 2407 WHERE "id" = 2503;
INSERT INTO "monitoredBy" VALUES (2503, 2498);
INSERT INTO "Sensor" ("id") VALUES (2504);
UPDATE "Sensor" SET "region" = 2407 WHERE "id" = 2504;
INSERT INTO "monitoredBy" VALUES (2491, 2504);
UPDATE "Sensor" SET "route" = 2406 WHERE "id" = 2504;
INSERT INTO "TrackElement" ("id") VALUES (2505);
INSERT INTO "Segment" ("id", "length") VALUES (2505, 251);
UPDATE "TrackElement" SET "region" = 2407 WHERE "id" = 2505;
INSERT INTO "monitoredBy" VALUES (2505, 2504);
INSERT INTO "TrackElement" ("id") VALUES (2506);
INSERT INTO "Segment" ("id", "length") VALUES (2506, 384);
UPDATE "TrackElement" SET "region" = 2407 WHERE "id" = 2506;
INSERT INTO "monitoredBy" VALUES (2506, 2504);
INSERT INTO "TrackElement" ("id") VALUES (2507);
INSERT INTO "Segment" ("id", "length") VALUES (2507, 558);
UPDATE "TrackElement" SET "region" = 2407 WHERE "id" = 2507;
INSERT INTO "monitoredBy" VALUES (2507, 2504);
INSERT INTO "TrackElement" ("id") VALUES (2508);
INSERT INTO "Segment" ("id", "length") VALUES (2508, 112);
UPDATE "TrackElement" SET "region" = 2407 WHERE "id" = 2508;
INSERT INTO "monitoredBy" VALUES (2508, 2504);
INSERT INTO "TrackElement" ("id") VALUES (2509);
INSERT INTO "Segment" ("id", "length") VALUES (2509, 324);
UPDATE "TrackElement" SET "region" = 2407 WHERE "id" = 2509;
INSERT INTO "monitoredBy" VALUES (2509, 2504);
UPDATE "Switch" SET "currentPosition" = 2 WHERE "id" = 2491;
INSERT INTO "SwitchPosition" ("id", "position", "target") VALUES (2510, 2, 2491);
UPDATE "SwitchPosition" SET "route" = 2406 WHERE "id" = 2510;
INSERT INTO "TrackElement" ("id") VALUES (2511);
INSERT INTO "Switch" ("id") VALUES (2511);
UPDATE "TrackElement" SET "region" = 2407 WHERE "id" = 2511;
INSERT INTO "Sensor" ("id") VALUES (2512);
UPDATE "Sensor" SET "region" = 2407 WHERE "id" = 2512;
INSERT INTO "monitoredBy" VALUES (2511, 2512);
UPDATE "Sensor" SET "route" = 2406 WHERE "id" = 2512;
INSERT INTO "TrackElement" ("id") VALUES (2513);
INSERT INTO "Segment" ("id", "length") VALUES (2513, 411);
UPDATE "TrackElement" SET "region" = 2407 WHERE "id" = 2513;
INSERT INTO "monitoredBy" VALUES (2513, 2512);
INSERT INTO "TrackElement" ("id") VALUES (2514);
INSERT INTO "Segment" ("id", "length") VALUES (2514, 928);
UPDATE "TrackElement" SET "region" = 2407 WHERE "id" = 2514;
INSERT INTO "monitoredBy" VALUES (2514, 2512);
INSERT INTO "TrackElement" ("id") VALUES (2515);
INSERT INTO "Segment" ("id", "length") VALUES (2515, 283);
UPDATE "TrackElement" SET "region" = 2407 WHERE "id" = 2515;
INSERT INTO "monitoredBy" VALUES (2515, 2512);
INSERT INTO "TrackElement" ("id") VALUES (2516);
INSERT INTO "Segment" ("id", "length") VALUES (2516, 534);
UPDATE "TrackElement" SET "region" = 2407 WHERE "id" = 2516;
INSERT INTO "monitoredBy" VALUES (2516, 2512);
INSERT INTO "TrackElement" ("id") VALUES (2517);
INSERT INTO "Segment" ("id", "length") VALUES (2517, 899);
UPDATE "TrackElement" SET "region" = 2407 WHERE "id" = 2517;
INSERT INTO "monitoredBy" VALUES (2517, 2512);
INSERT INTO "TrackElement" ("id") VALUES (2518);
INSERT INTO "Segment" ("id", "length") VALUES (2518, 557);
UPDATE "TrackElement" SET "region" = 2407 WHERE "id" = 2518;
INSERT INTO "monitoredBy" VALUES (2518, 2512);
INSERT INTO "Sensor" ("id") VALUES (2519);
UPDATE "Sensor" SET "region" = 2407 WHERE "id" = 2519;
INSERT INTO "monitoredBy" VALUES (2511, 2519);
UPDATE "Sensor" SET "route" = 2406 WHERE "id" = 2519;
INSERT INTO "TrackElement" ("id") VALUES (2520);
INSERT INTO "Segment" ("id", "length") VALUES (2520, 961);
UPDATE "TrackElement" SET "region" = 2407 WHERE "id" = 2520;
INSERT INTO "monitoredBy" VALUES (2520, 2519);
INSERT INTO "TrackElement" ("id") VALUES (2521);
INSERT INTO "Segment" ("id", "length") VALUES (2521, 54);
UPDATE "TrackElement" SET "region" = 2407 WHERE "id" = 2521;
INSERT INTO "monitoredBy" VALUES (2521, 2519);
INSERT INTO "TrackElement" ("id") VALUES (2522);
INSERT INTO "Segment" ("id", "length") VALUES (2522, 104);
UPDATE "TrackElement" SET "region" = 2407 WHERE "id" = 2522;
INSERT INTO "monitoredBy" VALUES (2522, 2519);
INSERT INTO "TrackElement" ("id") VALUES (2523);
INSERT INTO "Segment" ("id", "length") VALUES (2523, 590);
UPDATE "TrackElement" SET "region" = 2407 WHERE "id" = 2523;
INSERT INTO "monitoredBy" VALUES (2523, 2519);
INSERT INTO "TrackElement" ("id") VALUES (2524);
INSERT INTO "Segment" ("id", "length") VALUES (2524, 189);
UPDATE "TrackElement" SET "region" = 2407 WHERE "id" = 2524;
INSERT INTO "monitoredBy" VALUES (2524, 2519);
INSERT INTO "Sensor" ("id") VALUES (2525);
UPDATE "Sensor" SET "region" = 2407 WHERE "id" = 2525;
INSERT INTO "monitoredBy" VALUES (2511, 2525);
UPDATE "Sensor" SET "route" = 2406 WHERE "id" = 2525;
INSERT INTO "TrackElement" ("id") VALUES (2526);
INSERT INTO "Segment" ("id", "length") VALUES (2526, 400);
UPDATE "TrackElement" SET "region" = 2407 WHERE "id" = 2526;
INSERT INTO "monitoredBy" VALUES (2526, 2525);
INSERT INTO "TrackElement" ("id") VALUES (2527);
INSERT INTO "Segment" ("id", "length") VALUES (2527, 801);
UPDATE "TrackElement" SET "region" = 2407 WHERE "id" = 2527;
INSERT INTO "monitoredBy" VALUES (2527, 2525);
INSERT INTO "TrackElement" ("id") VALUES (2528);
INSERT INTO "Segment" ("id", "length") VALUES (2528, 286);
UPDATE "TrackElement" SET "region" = 2407 WHERE "id" = 2528;
INSERT INTO "monitoredBy" VALUES (2528, 2525);
INSERT INTO "TrackElement" ("id") VALUES (2529);
INSERT INTO "Segment" ("id", "length") VALUES (2529, 960);
UPDATE "TrackElement" SET "region" = 2407 WHERE "id" = 2529;
INSERT INTO "monitoredBy" VALUES (2529, 2525);
INSERT INTO "TrackElement" ("id") VALUES (2530);
INSERT INTO "Segment" ("id", "length") VALUES (2530, 546);
UPDATE "TrackElement" SET "region" = 2407 WHERE "id" = 2530;
INSERT INTO "monitoredBy" VALUES (2530, 2525);
INSERT INTO "Sensor" ("id") VALUES (2531);
UPDATE "Sensor" SET "region" = 2407 WHERE "id" = 2531;
INSERT INTO "monitoredBy" VALUES (2511, 2531);
UPDATE "Sensor" SET "route" = 2406 WHERE "id" = 2531;
INSERT INTO "TrackElement" ("id") VALUES (2532);
INSERT INTO "Segment" ("id", "length") VALUES (2532, 367);
UPDATE "TrackElement" SET "region" = 2407 WHERE "id" = 2532;
INSERT INTO "monitoredBy" VALUES (2532, 2531);
INSERT INTO "TrackElement" ("id") VALUES (2533);
INSERT INTO "Segment" ("id", "length") VALUES (2533, 140);
UPDATE "TrackElement" SET "region" = 2407 WHERE "id" = 2533;
INSERT INTO "monitoredBy" VALUES (2533, 2531);
INSERT INTO "TrackElement" ("id") VALUES (2534);
INSERT INTO "Segment" ("id", "length") VALUES (2534, 537);
UPDATE "TrackElement" SET "region" = 2407 WHERE "id" = 2534;
INSERT INTO "monitoredBy" VALUES (2534, 2531);
INSERT INTO "TrackElement" ("id") VALUES (2535);
INSERT INTO "Segment" ("id", "length") VALUES (2535, 404);
UPDATE "TrackElement" SET "region" = 2407 WHERE "id" = 2535;
INSERT INTO "monitoredBy" VALUES (2535, 2531);
INSERT INTO "TrackElement" ("id") VALUES (2536);
INSERT INTO "Segment" ("id", "length") VALUES (2536, 357);
UPDATE "TrackElement" SET "region" = 2407 WHERE "id" = 2536;
INSERT INTO "monitoredBy" VALUES (2536, 2531);
INSERT INTO "Sensor" ("id") VALUES (2537);
UPDATE "Sensor" SET "region" = 2407 WHERE "id" = 2537;
INSERT INTO "monitoredBy" VALUES (2511, 2537);
UPDATE "Sensor" SET "route" = 2406 WHERE "id" = 2537;
INSERT INTO "TrackElement" ("id") VALUES (2538);
INSERT INTO "Segment" ("id", "length") VALUES (2538, 142);
UPDATE "TrackElement" SET "region" = 2407 WHERE "id" = 2538;
INSERT INTO "monitoredBy" VALUES (2538, 2537);
INSERT INTO "TrackElement" ("id") VALUES (2539);
INSERT INTO "Segment" ("id", "length") VALUES (2539, 360);
UPDATE "TrackElement" SET "region" = 2407 WHERE "id" = 2539;
INSERT INTO "monitoredBy" VALUES (2539, 2537);
INSERT INTO "TrackElement" ("id") VALUES (2540);
INSERT INTO "Segment" ("id", "length") VALUES (2540, 132);
UPDATE "TrackElement" SET "region" = 2407 WHERE "id" = 2540;
INSERT INTO "monitoredBy" VALUES (2540, 2537);
INSERT INTO "TrackElement" ("id") VALUES (2541);
INSERT INTO "Segment" ("id", "length") VALUES (2541, 483);
UPDATE "TrackElement" SET "region" = 2407 WHERE "id" = 2541;
INSERT INTO "monitoredBy" VALUES (2541, 2537);
INSERT INTO "TrackElement" ("id") VALUES (2542);
INSERT INTO "Segment" ("id", "length") VALUES (2542, 47);
UPDATE "TrackElement" SET "region" = 2407 WHERE "id" = 2542;
INSERT INTO "monitoredBy" VALUES (2542, 2537);
INSERT INTO "Sensor" ("id") VALUES (2543);
UPDATE "Sensor" SET "region" = 2407 WHERE "id" = 2543;
INSERT INTO "monitoredBy" VALUES (2511, 2543);
UPDATE "Sensor" SET "route" = 2406 WHERE "id" = 2543;
INSERT INTO "TrackElement" ("id") VALUES (2544);
INSERT INTO "Segment" ("id", "length") VALUES (2544, 200);
UPDATE "TrackElement" SET "region" = 2407 WHERE "id" = 2544;
INSERT INTO "monitoredBy" VALUES (2544, 2543);
INSERT INTO "TrackElement" ("id") VALUES (2545);
INSERT INTO "Segment" ("id", "length") VALUES (2545, 609);
UPDATE "TrackElement" SET "region" = 2407 WHERE "id" = 2545;
INSERT INTO "monitoredBy" VALUES (2545, 2543);
INSERT INTO "TrackElement" ("id") VALUES (2546);
INSERT INTO "Segment" ("id", "length") VALUES (2546, 729);
UPDATE "TrackElement" SET "region" = 2407 WHERE "id" = 2546;
INSERT INTO "monitoredBy" VALUES (2546, 2543);
INSERT INTO "TrackElement" ("id") VALUES (2547);
INSERT INTO "Segment" ("id", "length") VALUES (2547, 453);
UPDATE "TrackElement" SET "region" = 2407 WHERE "id" = 2547;
INSERT INTO "monitoredBy" VALUES (2547, 2543);
INSERT INTO "TrackElement" ("id") VALUES (2548);
INSERT INTO "Segment" ("id", "length") VALUES (2548, 613);
UPDATE "TrackElement" SET "region" = 2407 WHERE "id" = 2548;
INSERT INTO "monitoredBy" VALUES (2548, 2543);
INSERT INTO "Sensor" ("id") VALUES (2549);
UPDATE "Sensor" SET "region" = 2407 WHERE "id" = 2549;
INSERT INTO "monitoredBy" VALUES (2511, 2549);
UPDATE "Sensor" SET "route" = 2406 WHERE "id" = 2549;
INSERT INTO "TrackElement" ("id") VALUES (2550);
INSERT INTO "Segment" ("id", "length") VALUES (2550, 247);
UPDATE "TrackElement" SET "region" = 2407 WHERE "id" = 2550;
INSERT INTO "monitoredBy" VALUES (2550, 2549);
INSERT INTO "TrackElement" ("id") VALUES (2551);
INSERT INTO "Segment" ("id", "length") VALUES (2551, 809);
UPDATE "TrackElement" SET "region" = 2407 WHERE "id" = 2551;
INSERT INTO "monitoredBy" VALUES (2551, 2549);
INSERT INTO "TrackElement" ("id") VALUES (2552);
INSERT INTO "Segment" ("id", "length") VALUES (2552, 278);
UPDATE "TrackElement" SET "region" = 2407 WHERE "id" = 2552;
INSERT INTO "monitoredBy" VALUES (2552, 2549);
INSERT INTO "TrackElement" ("id") VALUES (2553);
INSERT INTO "Segment" ("id", "length") VALUES (2553, 259);
UPDATE "TrackElement" SET "region" = 2407 WHERE "id" = 2553;
INSERT INTO "monitoredBy" VALUES (2553, 2549);
INSERT INTO "TrackElement" ("id") VALUES (2554);
INSERT INTO "Segment" ("id", "length") VALUES (2554, 741);
UPDATE "TrackElement" SET "region" = 2407 WHERE "id" = 2554;
INSERT INTO "monitoredBy" VALUES (2554, 2549);
INSERT INTO "Sensor" ("id") VALUES (2555);
UPDATE "Sensor" SET "region" = 2407 WHERE "id" = 2555;
INSERT INTO "monitoredBy" VALUES (2511, 2555);
UPDATE "Sensor" SET "route" = 2406 WHERE "id" = 2555;
INSERT INTO "TrackElement" ("id") VALUES (2556);
INSERT INTO "Segment" ("id", "length") VALUES (2556, 413);
UPDATE "TrackElement" SET "region" = 2407 WHERE "id" = 2556;
INSERT INTO "monitoredBy" VALUES (2556, 2555);
INSERT INTO "TrackElement" ("id") VALUES (2557);
INSERT INTO "Segment" ("id", "length") VALUES (2557, -788);
UPDATE "TrackElement" SET "region" = 2407 WHERE "id" = 2557;
INSERT INTO "monitoredBy" VALUES (2557, 2555);
INSERT INTO "TrackElement" ("id") VALUES (2558);
INSERT INTO "Segment" ("id", "length") VALUES (2558, 700);
UPDATE "TrackElement" SET "region" = 2407 WHERE "id" = 2558;
INSERT INTO "monitoredBy" VALUES (2558, 2555);
INSERT INTO "TrackElement" ("id") VALUES (2559);
INSERT INTO "Segment" ("id", "length") VALUES (2559, 500);
UPDATE "TrackElement" SET "region" = 2407 WHERE "id" = 2559;
INSERT INTO "monitoredBy" VALUES (2559, 2555);
INSERT INTO "TrackElement" ("id") VALUES (2560);
INSERT INTO "Segment" ("id", "length") VALUES (2560, 188);
UPDATE "TrackElement" SET "region" = 2407 WHERE "id" = 2560;
INSERT INTO "monitoredBy" VALUES (2560, 2555);
UPDATE "Switch" SET "currentPosition" = 0 WHERE "id" = 2511;
INSERT INTO "SwitchPosition" ("id", "position", "target") VALUES (2561, 0, 2511);
UPDATE "SwitchPosition" SET "route" = 2406 WHERE "id" = 2561;
INSERT INTO "TrackElement" ("id") VALUES (2562);
INSERT INTO "Switch" ("id") VALUES (2562);
UPDATE "TrackElement" SET "region" = 2407 WHERE "id" = 2562;
INSERT INTO "Sensor" ("id") VALUES (2563);
UPDATE "Sensor" SET "region" = 2407 WHERE "id" = 2563;
INSERT INTO "monitoredBy" VALUES (2562, 2563);
UPDATE "Sensor" SET "route" = 2406 WHERE "id" = 2563;
INSERT INTO "TrackElement" ("id") VALUES (2564);
INSERT INTO "Segment" ("id", "length") VALUES (2564, 141);
UPDATE "TrackElement" SET "region" = 2407 WHERE "id" = 2564;
INSERT INTO "monitoredBy" VALUES (2564, 2563);
INSERT INTO "TrackElement" ("id") VALUES (2565);
INSERT INTO "Segment" ("id", "length") VALUES (2565, 285);
UPDATE "TrackElement" SET "region" = 2407 WHERE "id" = 2565;
INSERT INTO "monitoredBy" VALUES (2565, 2563);
INSERT INTO "TrackElement" ("id") VALUES (2566);
INSERT INTO "Segment" ("id", "length") VALUES (2566, 54);
UPDATE "TrackElement" SET "region" = 2407 WHERE "id" = 2566;
INSERT INTO "monitoredBy" VALUES (2566, 2563);
INSERT INTO "TrackElement" ("id") VALUES (2567);
INSERT INTO "Segment" ("id", "length") VALUES (2567, 291);
UPDATE "TrackElement" SET "region" = 2407 WHERE "id" = 2567;
INSERT INTO "monitoredBy" VALUES (2567, 2563);
INSERT INTO "TrackElement" ("id") VALUES (2568);
INSERT INTO "Segment" ("id", "length") VALUES (2568, 844);
UPDATE "TrackElement" SET "region" = 2407 WHERE "id" = 2568;
INSERT INTO "monitoredBy" VALUES (2568, 2563);
UPDATE "Switch" SET "currentPosition" = 2 WHERE "id" = 2562;
INSERT INTO "SwitchPosition" ("id", "position", "target") VALUES (2569, 2, 2562);
UPDATE "SwitchPosition" SET "route" = 2406 WHERE "id" = 2569;
INSERT INTO "TrackElement" ("id") VALUES (2570);
INSERT INTO "Switch" ("id") VALUES (2570);
UPDATE "TrackElement" SET "region" = 2407 WHERE "id" = 2570;
INSERT INTO "Sensor" ("id") VALUES (2571);
UPDATE "Sensor" SET "region" = 2407 WHERE "id" = 2571;
INSERT INTO "monitoredBy" VALUES (2570, 2571);
UPDATE "Sensor" SET "route" = 2406 WHERE "id" = 2571;
INSERT INTO "TrackElement" ("id") VALUES (2572);
INSERT INTO "Segment" ("id", "length") VALUES (2572, 174);
UPDATE "TrackElement" SET "region" = 2407 WHERE "id" = 2572;
INSERT INTO "monitoredBy" VALUES (2572, 2571);
INSERT INTO "TrackElement" ("id") VALUES (2573);
INSERT INTO "Segment" ("id", "length") VALUES (2573, 778);
UPDATE "TrackElement" SET "region" = 2407 WHERE "id" = 2573;
INSERT INTO "monitoredBy" VALUES (2573, 2571);
INSERT INTO "TrackElement" ("id") VALUES (2574);
INSERT INTO "Segment" ("id", "length") VALUES (2574, 764);
UPDATE "TrackElement" SET "region" = 2407 WHERE "id" = 2574;
INSERT INTO "monitoredBy" VALUES (2574, 2571);
INSERT INTO "TrackElement" ("id") VALUES (2575);
INSERT INTO "Segment" ("id", "length") VALUES (2575, 449);
UPDATE "TrackElement" SET "region" = 2407 WHERE "id" = 2575;
INSERT INTO "monitoredBy" VALUES (2575, 2571);
INSERT INTO "TrackElement" ("id") VALUES (2576);
INSERT INTO "Segment" ("id", "length") VALUES (2576, 117);
UPDATE "TrackElement" SET "region" = 2407 WHERE "id" = 2576;
INSERT INTO "monitoredBy" VALUES (2576, 2571);
INSERT INTO "Sensor" ("id") VALUES (2577);
UPDATE "Sensor" SET "region" = 2407 WHERE "id" = 2577;
INSERT INTO "monitoredBy" VALUES (2570, 2577);
UPDATE "Sensor" SET "route" = 2406 WHERE "id" = 2577;
INSERT INTO "TrackElement" ("id") VALUES (2578);
INSERT INTO "Segment" ("id", "length") VALUES (2578, 353);
UPDATE "TrackElement" SET "region" = 2407 WHERE "id" = 2578;
INSERT INTO "monitoredBy" VALUES (2578, 2577);
INSERT INTO "TrackElement" ("id") VALUES (2579);
INSERT INTO "Segment" ("id", "length") VALUES (2579, 953);
UPDATE "TrackElement" SET "region" = 2407 WHERE "id" = 2579;
INSERT INTO "monitoredBy" VALUES (2579, 2577);
INSERT INTO "TrackElement" ("id") VALUES (2580);
INSERT INTO "Segment" ("id", "length") VALUES (2580, 923);
UPDATE "TrackElement" SET "region" = 2407 WHERE "id" = 2580;
INSERT INTO "monitoredBy" VALUES (2580, 2577);
INSERT INTO "TrackElement" ("id") VALUES (2581);
INSERT INTO "Segment" ("id", "length") VALUES (2581, 741);
UPDATE "TrackElement" SET "region" = 2407 WHERE "id" = 2581;
INSERT INTO "monitoredBy" VALUES (2581, 2577);
INSERT INTO "TrackElement" ("id") VALUES (2582);
INSERT INTO "Segment" ("id", "length") VALUES (2582, 959);
UPDATE "TrackElement" SET "region" = 2407 WHERE "id" = 2582;
INSERT INTO "monitoredBy" VALUES (2582, 2577);
INSERT INTO "Sensor" ("id") VALUES (2583);
UPDATE "Sensor" SET "region" = 2407 WHERE "id" = 2583;
INSERT INTO "monitoredBy" VALUES (2570, 2583);
UPDATE "Sensor" SET "route" = 2406 WHERE "id" = 2583;
INSERT INTO "TrackElement" ("id") VALUES (2584);
INSERT INTO "Segment" ("id", "length") VALUES (2584, 705);
UPDATE "TrackElement" SET "region" = 2407 WHERE "id" = 2584;
INSERT INTO "monitoredBy" VALUES (2584, 2583);
INSERT INTO "TrackElement" ("id") VALUES (2585);
INSERT INTO "Segment" ("id", "length") VALUES (2585, 544);
UPDATE "TrackElement" SET "region" = 2407 WHERE "id" = 2585;
INSERT INTO "monitoredBy" VALUES (2585, 2583);
INSERT INTO "TrackElement" ("id") VALUES (2586);
INSERT INTO "Segment" ("id", "length") VALUES (2586, 493);
UPDATE "TrackElement" SET "region" = 2407 WHERE "id" = 2586;
INSERT INTO "monitoredBy" VALUES (2586, 2583);
INSERT INTO "TrackElement" ("id") VALUES (2587);
INSERT INTO "Segment" ("id", "length") VALUES (2587, 638);
UPDATE "TrackElement" SET "region" = 2407 WHERE "id" = 2587;
INSERT INTO "monitoredBy" VALUES (2587, 2583);
INSERT INTO "TrackElement" ("id") VALUES (2588);
INSERT INTO "Segment" ("id", "length") VALUES (2588, 939);
UPDATE "TrackElement" SET "region" = 2407 WHERE "id" = 2588;
INSERT INTO "monitoredBy" VALUES (2588, 2583);
UPDATE "Switch" SET "currentPosition" = 0 WHERE "id" = 2570;
INSERT INTO "SwitchPosition" ("id", "position", "target") VALUES (2589, 0, 2570);
UPDATE "SwitchPosition" SET "route" = 2406 WHERE "id" = 2589;
INSERT INTO "TrackElement" ("id") VALUES (2590);
INSERT INTO "Switch" ("id") VALUES (2590);
UPDATE "TrackElement" SET "region" = 2407 WHERE "id" = 2590;
INSERT INTO "Sensor" ("id") VALUES (2591);
UPDATE "Sensor" SET "region" = 2407 WHERE "id" = 2591;
INSERT INTO "monitoredBy" VALUES (2590, 2591);
UPDATE "Sensor" SET "route" = 2406 WHERE "id" = 2591;
INSERT INTO "TrackElement" ("id") VALUES (2592);
INSERT INTO "Segment" ("id", "length") VALUES (2592, 648);
UPDATE "TrackElement" SET "region" = 2407 WHERE "id" = 2592;
INSERT INTO "monitoredBy" VALUES (2592, 2591);
INSERT INTO "TrackElement" ("id") VALUES (2593);
INSERT INTO "Segment" ("id", "length") VALUES (2593, 789);
UPDATE "TrackElement" SET "region" = 2407 WHERE "id" = 2593;
INSERT INTO "monitoredBy" VALUES (2593, 2591);
INSERT INTO "TrackElement" ("id") VALUES (2594);
INSERT INTO "Segment" ("id", "length") VALUES (2594, 163);
UPDATE "TrackElement" SET "region" = 2407 WHERE "id" = 2594;
INSERT INTO "monitoredBy" VALUES (2594, 2591);
INSERT INTO "TrackElement" ("id") VALUES (2595);
INSERT INTO "Segment" ("id", "length") VALUES (2595, 222);
UPDATE "TrackElement" SET "region" = 2407 WHERE "id" = 2595;
INSERT INTO "monitoredBy" VALUES (2595, 2591);
INSERT INTO "TrackElement" ("id") VALUES (2596);
INSERT INTO "Segment" ("id", "length") VALUES (2596, 111);
UPDATE "TrackElement" SET "region" = 2407 WHERE "id" = 2596;
INSERT INTO "monitoredBy" VALUES (2596, 2591);
INSERT INTO "Sensor" ("id") VALUES (2597);
UPDATE "Sensor" SET "region" = 2407 WHERE "id" = 2597;
INSERT INTO "monitoredBy" VALUES (2590, 2597);
UPDATE "Sensor" SET "route" = 2406 WHERE "id" = 2597;
INSERT INTO "TrackElement" ("id") VALUES (2598);
INSERT INTO "Segment" ("id", "length") VALUES (2598, 225);
UPDATE "TrackElement" SET "region" = 2407 WHERE "id" = 2598;
INSERT INTO "monitoredBy" VALUES (2598, 2597);
INSERT INTO "TrackElement" ("id") VALUES (2599);
INSERT INTO "Segment" ("id", "length") VALUES (2599, 812);
UPDATE "TrackElement" SET "region" = 2407 WHERE "id" = 2599;
INSERT INTO "monitoredBy" VALUES (2599, 2597);
INSERT INTO "TrackElement" ("id") VALUES (2600);
INSERT INTO "Segment" ("id", "length") VALUES (2600, 627);
UPDATE "TrackElement" SET "region" = 2407 WHERE "id" = 2600;
INSERT INTO "monitoredBy" VALUES (2600, 2597);
INSERT INTO "TrackElement" ("id") VALUES (2601);
INSERT INTO "Segment" ("id", "length") VALUES (2601, 161);
UPDATE "TrackElement" SET "region" = 2407 WHERE "id" = 2601;
INSERT INTO "monitoredBy" VALUES (2601, 2597);
INSERT INTO "TrackElement" ("id") VALUES (2602);
INSERT INTO "Segment" ("id", "length") VALUES (2602, 217);
UPDATE "TrackElement" SET "region" = 2407 WHERE "id" = 2602;
INSERT INTO "monitoredBy" VALUES (2602, 2597);
INSERT INTO "Sensor" ("id") VALUES (2603);
UPDATE "Sensor" SET "region" = 2407 WHERE "id" = 2603;
INSERT INTO "monitoredBy" VALUES (2590, 2603);
UPDATE "Sensor" SET "route" = 2406 WHERE "id" = 2603;
INSERT INTO "TrackElement" ("id") VALUES (2604);
INSERT INTO "Segment" ("id", "length") VALUES (2604, 514);
UPDATE "TrackElement" SET "region" = 2407 WHERE "id" = 2604;
INSERT INTO "monitoredBy" VALUES (2604, 2603);
INSERT INTO "TrackElement" ("id") VALUES (2605);
INSERT INTO "Segment" ("id", "length") VALUES (2605, 630);
UPDATE "TrackElement" SET "region" = 2407 WHERE "id" = 2605;
INSERT INTO "monitoredBy" VALUES (2605, 2603);
INSERT INTO "TrackElement" ("id") VALUES (2606);
INSERT INTO "Segment" ("id", "length") VALUES (2606, 530);
UPDATE "TrackElement" SET "region" = 2407 WHERE "id" = 2606;
INSERT INTO "monitoredBy" VALUES (2606, 2603);
INSERT INTO "TrackElement" ("id") VALUES (2607);
INSERT INTO "Segment" ("id", "length") VALUES (2607, 677);
UPDATE "TrackElement" SET "region" = 2407 WHERE "id" = 2607;
INSERT INTO "monitoredBy" VALUES (2607, 2603);
INSERT INTO "TrackElement" ("id") VALUES (2608);
INSERT INTO "Segment" ("id", "length") VALUES (2608, 903);
UPDATE "TrackElement" SET "region" = 2407 WHERE "id" = 2608;
INSERT INTO "monitoredBy" VALUES (2608, 2603);
INSERT INTO "Sensor" ("id") VALUES (2609);
UPDATE "Sensor" SET "region" = 2407 WHERE "id" = 2609;
INSERT INTO "monitoredBy" VALUES (2590, 2609);
UPDATE "Sensor" SET "route" = 2406 WHERE "id" = 2609;
INSERT INTO "TrackElement" ("id") VALUES (2610);
INSERT INTO "Segment" ("id", "length") VALUES (2610, 721);
UPDATE "TrackElement" SET "region" = 2407 WHERE "id" = 2610;
INSERT INTO "monitoredBy" VALUES (2610, 2609);
INSERT INTO "TrackElement" ("id") VALUES (2611);
INSERT INTO "Segment" ("id", "length") VALUES (2611, 547);
UPDATE "TrackElement" SET "region" = 2407 WHERE "id" = 2611;
INSERT INTO "monitoredBy" VALUES (2611, 2609);
INSERT INTO "TrackElement" ("id") VALUES (2612);
INSERT INTO "Segment" ("id", "length") VALUES (2612, 966);
UPDATE "TrackElement" SET "region" = 2407 WHERE "id" = 2612;
INSERT INTO "monitoredBy" VALUES (2612, 2609);
INSERT INTO "TrackElement" ("id") VALUES (2613);
INSERT INTO "Segment" ("id", "length") VALUES (2613, 449);
UPDATE "TrackElement" SET "region" = 2407 WHERE "id" = 2613;
INSERT INTO "monitoredBy" VALUES (2613, 2609);
INSERT INTO "TrackElement" ("id") VALUES (2614);
INSERT INTO "Segment" ("id", "length") VALUES (2614, 27);
UPDATE "TrackElement" SET "region" = 2407 WHERE "id" = 2614;
INSERT INTO "monitoredBy" VALUES (2614, 2609);
INSERT INTO "Sensor" ("id") VALUES (2615);
UPDATE "Sensor" SET "region" = 2407 WHERE "id" = 2615;
INSERT INTO "monitoredBy" VALUES (2590, 2615);
UPDATE "Sensor" SET "route" = 2406 WHERE "id" = 2615;
INSERT INTO "TrackElement" ("id") VALUES (2616);
INSERT INTO "Segment" ("id", "length") VALUES (2616, 575);
UPDATE "TrackElement" SET "region" = 2407 WHERE "id" = 2616;
INSERT INTO "monitoredBy" VALUES (2616, 2615);
INSERT INTO "TrackElement" ("id") VALUES (2617);
INSERT INTO "Segment" ("id", "length") VALUES (2617, 828);
UPDATE "TrackElement" SET "region" = 2407 WHERE "id" = 2617;
INSERT INTO "monitoredBy" VALUES (2617, 2615);
INSERT INTO "TrackElement" ("id") VALUES (2618);
INSERT INTO "Segment" ("id", "length") VALUES (2618, 402);
UPDATE "TrackElement" SET "region" = 2407 WHERE "id" = 2618;
INSERT INTO "monitoredBy" VALUES (2618, 2615);
INSERT INTO "TrackElement" ("id") VALUES (2619);
INSERT INTO "Segment" ("id", "length") VALUES (2619, 745);
UPDATE "TrackElement" SET "region" = 2407 WHERE "id" = 2619;
INSERT INTO "monitoredBy" VALUES (2619, 2615);
INSERT INTO "TrackElement" ("id") VALUES (2620);
INSERT INTO "Segment" ("id", "length") VALUES (2620, 6);
UPDATE "TrackElement" SET "region" = 2407 WHERE "id" = 2620;
INSERT INTO "monitoredBy" VALUES (2620, 2615);
INSERT INTO "Sensor" ("id") VALUES (2621);
UPDATE "Sensor" SET "region" = 2407 WHERE "id" = 2621;
INSERT INTO "monitoredBy" VALUES (2590, 2621);
INSERT INTO "TrackElement" ("id") VALUES (2622);
INSERT INTO "Segment" ("id", "length") VALUES (2622, 452);
UPDATE "TrackElement" SET "region" = 2407 WHERE "id" = 2622;
INSERT INTO "monitoredBy" VALUES (2622, 2621);
INSERT INTO "TrackElement" ("id") VALUES (2623);
INSERT INTO "Segment" ("id", "length") VALUES (2623, 744);
UPDATE "TrackElement" SET "region" = 2407 WHERE "id" = 2623;
INSERT INTO "monitoredBy" VALUES (2623, 2621);
INSERT INTO "TrackElement" ("id") VALUES (2624);
INSERT INTO "Segment" ("id", "length") VALUES (2624, 950);
UPDATE "TrackElement" SET "region" = 2407 WHERE "id" = 2624;
INSERT INTO "monitoredBy" VALUES (2624, 2621);
INSERT INTO "TrackElement" ("id") VALUES (2625);
INSERT INTO "Segment" ("id", "length") VALUES (2625, 883);
UPDATE "TrackElement" SET "region" = 2407 WHERE "id" = 2625;
INSERT INTO "monitoredBy" VALUES (2625, 2621);
INSERT INTO "TrackElement" ("id") VALUES (2626);
INSERT INTO "Segment" ("id", "length") VALUES (2626, 547);
UPDATE "TrackElement" SET "region" = 2407 WHERE "id" = 2626;
INSERT INTO "monitoredBy" VALUES (2626, 2621);
INSERT INTO "Sensor" ("id") VALUES (2627);
UPDATE "Sensor" SET "region" = 2407 WHERE "id" = 2627;
INSERT INTO "monitoredBy" VALUES (2590, 2627);
UPDATE "Sensor" SET "route" = 2406 WHERE "id" = 2627;
INSERT INTO "TrackElement" ("id") VALUES (2628);
INSERT INTO "Segment" ("id", "length") VALUES (2628, 33);
UPDATE "TrackElement" SET "region" = 2407 WHERE "id" = 2628;
INSERT INTO "monitoredBy" VALUES (2628, 2627);
INSERT INTO "TrackElement" ("id") VALUES (2629);
INSERT INTO "Segment" ("id", "length") VALUES (2629, 547);
UPDATE "TrackElement" SET "region" = 2407 WHERE "id" = 2629;
INSERT INTO "monitoredBy" VALUES (2629, 2627);
INSERT INTO "TrackElement" ("id") VALUES (2630);
INSERT INTO "Segment" ("id", "length") VALUES (2630, 490);
UPDATE "TrackElement" SET "region" = 2407 WHERE "id" = 2630;
INSERT INTO "monitoredBy" VALUES (2630, 2627);
INSERT INTO "TrackElement" ("id") VALUES (2631);
INSERT INTO "Segment" ("id", "length") VALUES (2631, 963);
UPDATE "TrackElement" SET "region" = 2407 WHERE "id" = 2631;
INSERT INTO "monitoredBy" VALUES (2631, 2627);
INSERT INTO "TrackElement" ("id") VALUES (2632);
INSERT INTO "Segment" ("id", "length") VALUES (2632, 346);
UPDATE "TrackElement" SET "region" = 2407 WHERE "id" = 2632;
INSERT INTO "monitoredBy" VALUES (2632, 2627);
UPDATE "Switch" SET "currentPosition" = 0 WHERE "id" = 2590;
INSERT INTO "SwitchPosition" ("id", "position", "target") VALUES (2633, 0, 2590);
UPDATE "SwitchPosition" SET "route" = 2406 WHERE "id" = 2633;
INSERT INTO "TrackElement" ("id") VALUES (2634);
INSERT INTO "Switch" ("id") VALUES (2634);
UPDATE "TrackElement" SET "region" = 2407 WHERE "id" = 2634;
INSERT INTO "Sensor" ("id") VALUES (2635);
UPDATE "Sensor" SET "region" = 2407 WHERE "id" = 2635;
INSERT INTO "monitoredBy" VALUES (2634, 2635);
UPDATE "Sensor" SET "route" = 2406 WHERE "id" = 2635;
INSERT INTO "TrackElement" ("id") VALUES (2636);
INSERT INTO "Segment" ("id", "length") VALUES (2636, 409);
UPDATE "TrackElement" SET "region" = 2407 WHERE "id" = 2636;
INSERT INTO "monitoredBy" VALUES (2636, 2635);
INSERT INTO "TrackElement" ("id") VALUES (2637);
INSERT INTO "Segment" ("id", "length") VALUES (2637, 940);
UPDATE "TrackElement" SET "region" = 2407 WHERE "id" = 2637;
INSERT INTO "monitoredBy" VALUES (2637, 2635);
INSERT INTO "TrackElement" ("id") VALUES (2638);
INSERT INTO "Segment" ("id", "length") VALUES (2638, 972);
UPDATE "TrackElement" SET "region" = 2407 WHERE "id" = 2638;
INSERT INTO "monitoredBy" VALUES (2638, 2635);
INSERT INTO "TrackElement" ("id") VALUES (2639);
INSERT INTO "Segment" ("id", "length") VALUES (2639, 948);
UPDATE "TrackElement" SET "region" = 2407 WHERE "id" = 2639;
INSERT INTO "monitoredBy" VALUES (2639, 2635);
INSERT INTO "TrackElement" ("id") VALUES (2640);
INSERT INTO "Segment" ("id", "length") VALUES (2640, 958);
UPDATE "TrackElement" SET "region" = 2407 WHERE "id" = 2640;
INSERT INTO "monitoredBy" VALUES (2640, 2635);
INSERT INTO "Sensor" ("id") VALUES (2641);
UPDATE "Sensor" SET "region" = 2407 WHERE "id" = 2641;
INSERT INTO "monitoredBy" VALUES (2634, 2641);
UPDATE "Sensor" SET "route" = 2406 WHERE "id" = 2641;
INSERT INTO "TrackElement" ("id") VALUES (2642);
INSERT INTO "Segment" ("id", "length") VALUES (2642, 334);
UPDATE "TrackElement" SET "region" = 2407 WHERE "id" = 2642;
INSERT INTO "monitoredBy" VALUES (2642, 2641);
INSERT INTO "TrackElement" ("id") VALUES (2643);
INSERT INTO "Segment" ("id", "length") VALUES (2643, 728);
UPDATE "TrackElement" SET "region" = 2407 WHERE "id" = 2643;
INSERT INTO "monitoredBy" VALUES (2643, 2641);
INSERT INTO "TrackElement" ("id") VALUES (2644);
INSERT INTO "Segment" ("id", "length") VALUES (2644, 734);
UPDATE "TrackElement" SET "region" = 2407 WHERE "id" = 2644;
INSERT INTO "monitoredBy" VALUES (2644, 2641);
INSERT INTO "TrackElement" ("id") VALUES (2645);
INSERT INTO "Segment" ("id", "length") VALUES (2645, 472);
UPDATE "TrackElement" SET "region" = 2407 WHERE "id" = 2645;
INSERT INTO "monitoredBy" VALUES (2645, 2641);
INSERT INTO "TrackElement" ("id") VALUES (2646);
INSERT INTO "Segment" ("id", "length") VALUES (2646, 208);
UPDATE "TrackElement" SET "region" = 2407 WHERE "id" = 2646;
INSERT INTO "monitoredBy" VALUES (2646, 2641);
INSERT INTO "Sensor" ("id") VALUES (2647);
UPDATE "Sensor" SET "region" = 2407 WHERE "id" = 2647;
INSERT INTO "monitoredBy" VALUES (2634, 2647);
UPDATE "Sensor" SET "route" = 2406 WHERE "id" = 2647;
INSERT INTO "TrackElement" ("id") VALUES (2648);
INSERT INTO "Segment" ("id", "length") VALUES (2648, 404);
UPDATE "TrackElement" SET "region" = 2407 WHERE "id" = 2648;
INSERT INTO "monitoredBy" VALUES (2648, 2647);
INSERT INTO "TrackElement" ("id") VALUES (2649);
INSERT INTO "Segment" ("id", "length") VALUES (2649, 410);
UPDATE "TrackElement" SET "region" = 2407 WHERE "id" = 2649;
INSERT INTO "monitoredBy" VALUES (2649, 2647);
INSERT INTO "TrackElement" ("id") VALUES (2650);
INSERT INTO "Segment" ("id", "length") VALUES (2650, 997);
UPDATE "TrackElement" SET "region" = 2407 WHERE "id" = 2650;
INSERT INTO "monitoredBy" VALUES (2650, 2647);
INSERT INTO "TrackElement" ("id") VALUES (2651);
INSERT INTO "Segment" ("id", "length") VALUES (2651, 210);
UPDATE "TrackElement" SET "region" = 2407 WHERE "id" = 2651;
INSERT INTO "monitoredBy" VALUES (2651, 2647);
INSERT INTO "TrackElement" ("id") VALUES (2652);
INSERT INTO "Segment" ("id", "length") VALUES (2652, 333);
UPDATE "TrackElement" SET "region" = 2407 WHERE "id" = 2652;
INSERT INTO "monitoredBy" VALUES (2652, 2647);
INSERT INTO "Sensor" ("id") VALUES (2653);
UPDATE "Sensor" SET "region" = 2407 WHERE "id" = 2653;
INSERT INTO "monitoredBy" VALUES (2634, 2653);
UPDATE "Sensor" SET "route" = 2406 WHERE "id" = 2653;
INSERT INTO "TrackElement" ("id") VALUES (2654);
INSERT INTO "Segment" ("id", "length") VALUES (2654, 353);
UPDATE "TrackElement" SET "region" = 2407 WHERE "id" = 2654;
INSERT INTO "monitoredBy" VALUES (2654, 2653);
INSERT INTO "TrackElement" ("id") VALUES (2655);
INSERT INTO "Segment" ("id", "length") VALUES (2655, 403);
UPDATE "TrackElement" SET "region" = 2407 WHERE "id" = 2655;
INSERT INTO "monitoredBy" VALUES (2655, 2653);
INSERT INTO "TrackElement" ("id") VALUES (2656);
INSERT INTO "Segment" ("id", "length") VALUES (2656, 116);
UPDATE "TrackElement" SET "region" = 2407 WHERE "id" = 2656;
INSERT INTO "monitoredBy" VALUES (2656, 2653);
INSERT INTO "TrackElement" ("id") VALUES (2657);
INSERT INTO "Segment" ("id", "length") VALUES (2657, 529);
UPDATE "TrackElement" SET "region" = 2407 WHERE "id" = 2657;
INSERT INTO "monitoredBy" VALUES (2657, 2653);
INSERT INTO "TrackElement" ("id") VALUES (2658);
INSERT INTO "Segment" ("id", "length") VALUES (2658, 136);
UPDATE "TrackElement" SET "region" = 2407 WHERE "id" = 2658;
INSERT INTO "monitoredBy" VALUES (2658, 2653);
INSERT INTO "Sensor" ("id") VALUES (2659);
UPDATE "Sensor" SET "region" = 2407 WHERE "id" = 2659;
INSERT INTO "monitoredBy" VALUES (2634, 2659);
UPDATE "Sensor" SET "route" = 2406 WHERE "id" = 2659;
INSERT INTO "TrackElement" ("id") VALUES (2660);
INSERT INTO "Segment" ("id", "length") VALUES (2660, 699);
UPDATE "TrackElement" SET "region" = 2407 WHERE "id" = 2660;
INSERT INTO "monitoredBy" VALUES (2660, 2659);
INSERT INTO "TrackElement" ("id") VALUES (2661);
INSERT INTO "Segment" ("id", "length") VALUES (2661, 682);
UPDATE "TrackElement" SET "region" = 2407 WHERE "id" = 2661;
INSERT INTO "monitoredBy" VALUES (2661, 2659);
INSERT INTO "TrackElement" ("id") VALUES (2662);
INSERT INTO "Segment" ("id", "length") VALUES (2662, 128);
UPDATE "TrackElement" SET "region" = 2407 WHERE "id" = 2662;
INSERT INTO "monitoredBy" VALUES (2662, 2659);
INSERT INTO "TrackElement" ("id") VALUES (2663);
INSERT INTO "Segment" ("id", "length") VALUES (2663, 895);
UPDATE "TrackElement" SET "region" = 2407 WHERE "id" = 2663;
INSERT INTO "monitoredBy" VALUES (2663, 2659);
INSERT INTO "TrackElement" ("id") VALUES (2664);
INSERT INTO "Segment" ("id", "length") VALUES (2664, 476);
UPDATE "TrackElement" SET "region" = 2407 WHERE "id" = 2664;
INSERT INTO "monitoredBy" VALUES (2664, 2659);
INSERT INTO "Sensor" ("id") VALUES (2665);
UPDATE "Sensor" SET "region" = 2407 WHERE "id" = 2665;
INSERT INTO "monitoredBy" VALUES (2634, 2665);
UPDATE "Sensor" SET "route" = 2406 WHERE "id" = 2665;
INSERT INTO "TrackElement" ("id") VALUES (2666);
INSERT INTO "Segment" ("id", "length") VALUES (2666, 366);
UPDATE "TrackElement" SET "region" = 2407 WHERE "id" = 2666;
INSERT INTO "monitoredBy" VALUES (2666, 2665);
INSERT INTO "TrackElement" ("id") VALUES (2667);
INSERT INTO "Segment" ("id", "length") VALUES (2667, 700);
UPDATE "TrackElement" SET "region" = 2407 WHERE "id" = 2667;
INSERT INTO "monitoredBy" VALUES (2667, 2665);
INSERT INTO "TrackElement" ("id") VALUES (2668);
INSERT INTO "Segment" ("id", "length") VALUES (2668, 806);
UPDATE "TrackElement" SET "region" = 2407 WHERE "id" = 2668;
INSERT INTO "monitoredBy" VALUES (2668, 2665);
INSERT INTO "TrackElement" ("id") VALUES (2669);
INSERT INTO "Segment" ("id", "length") VALUES (2669, 868);
UPDATE "TrackElement" SET "region" = 2407 WHERE "id" = 2669;
INSERT INTO "monitoredBy" VALUES (2669, 2665);
INSERT INTO "TrackElement" ("id") VALUES (2670);
INSERT INTO "Segment" ("id", "length") VALUES (2670, 649);
UPDATE "TrackElement" SET "region" = 2407 WHERE "id" = 2670;
INSERT INTO "monitoredBy" VALUES (2670, 2665);
INSERT INTO "Sensor" ("id") VALUES (2671);
UPDATE "Sensor" SET "region" = 2407 WHERE "id" = 2671;
INSERT INTO "monitoredBy" VALUES (2634, 2671);
UPDATE "Sensor" SET "route" = 2406 WHERE "id" = 2671;
INSERT INTO "TrackElement" ("id") VALUES (2672);
INSERT INTO "Segment" ("id", "length") VALUES (2672, 539);
UPDATE "TrackElement" SET "region" = 2407 WHERE "id" = 2672;
INSERT INTO "monitoredBy" VALUES (2672, 2671);
INSERT INTO "TrackElement" ("id") VALUES (2673);
INSERT INTO "Segment" ("id", "length") VALUES (2673, 339);
UPDATE "TrackElement" SET "region" = 2407 WHERE "id" = 2673;
INSERT INTO "monitoredBy" VALUES (2673, 2671);
INSERT INTO "TrackElement" ("id") VALUES (2674);
INSERT INTO "Segment" ("id", "length") VALUES (2674, 813);
UPDATE "TrackElement" SET "region" = 2407 WHERE "id" = 2674;
INSERT INTO "monitoredBy" VALUES (2674, 2671);
INSERT INTO "TrackElement" ("id") VALUES (2675);
INSERT INTO "Segment" ("id", "length") VALUES (2675, 902);
UPDATE "TrackElement" SET "region" = 2407 WHERE "id" = 2675;
INSERT INTO "monitoredBy" VALUES (2675, 2671);
INSERT INTO "TrackElement" ("id") VALUES (2676);
INSERT INTO "Segment" ("id", "length") VALUES (2676, 933);
UPDATE "TrackElement" SET "region" = 2407 WHERE "id" = 2676;
INSERT INTO "monitoredBy" VALUES (2676, 2671);
INSERT INTO "Sensor" ("id") VALUES (2677);
UPDATE "Sensor" SET "region" = 2407 WHERE "id" = 2677;
INSERT INTO "monitoredBy" VALUES (2634, 2677);
UPDATE "Sensor" SET "route" = 2406 WHERE "id" = 2677;
INSERT INTO "TrackElement" ("id") VALUES (2678);
INSERT INTO "Segment" ("id", "length") VALUES (2678, 375);
UPDATE "TrackElement" SET "region" = 2407 WHERE "id" = 2678;
INSERT INTO "monitoredBy" VALUES (2678, 2677);
INSERT INTO "TrackElement" ("id") VALUES (2679);
INSERT INTO "Segment" ("id", "length") VALUES (2679, 631);
UPDATE "TrackElement" SET "region" = 2407 WHERE "id" = 2679;
INSERT INTO "monitoredBy" VALUES (2679, 2677);
INSERT INTO "TrackElement" ("id") VALUES (2680);
INSERT INTO "Segment" ("id", "length") VALUES (2680, 237);
UPDATE "TrackElement" SET "region" = 2407 WHERE "id" = 2680;
INSERT INTO "monitoredBy" VALUES (2680, 2677);
INSERT INTO "TrackElement" ("id") VALUES (2681);
INSERT INTO "Segment" ("id", "length") VALUES (2681, 382);
UPDATE "TrackElement" SET "region" = 2407 WHERE "id" = 2681;
INSERT INTO "monitoredBy" VALUES (2681, 2677);
INSERT INTO "TrackElement" ("id") VALUES (2682);
INSERT INTO "Segment" ("id", "length") VALUES (2682, 140);
UPDATE "TrackElement" SET "region" = 2407 WHERE "id" = 2682;
INSERT INTO "monitoredBy" VALUES (2682, 2677);
UPDATE "Switch" SET "currentPosition" = 2 WHERE "id" = 2634;
INSERT INTO "SwitchPosition" ("id", "position", "target") VALUES (2683, 2, 2634);
UPDATE "SwitchPosition" SET "route" = 2406 WHERE "id" = 2683;
INSERT INTO "TrackElement" ("id") VALUES (2684);
INSERT INTO "Switch" ("id") VALUES (2684);
UPDATE "TrackElement" SET "region" = 2407 WHERE "id" = 2684;
INSERT INTO "Sensor" ("id") VALUES (2685);
UPDATE "Sensor" SET "region" = 2407 WHERE "id" = 2685;
INSERT INTO "monitoredBy" VALUES (2684, 2685);
UPDATE "Sensor" SET "route" = 2406 WHERE "id" = 2685;
INSERT INTO "TrackElement" ("id") VALUES (2686);
INSERT INTO "Segment" ("id", "length") VALUES (2686, 501);
UPDATE "TrackElement" SET "region" = 2407 WHERE "id" = 2686;
INSERT INTO "monitoredBy" VALUES (2686, 2685);
INSERT INTO "TrackElement" ("id") VALUES (2687);
INSERT INTO "Segment" ("id", "length") VALUES (2687, 153);
UPDATE "TrackElement" SET "region" = 2407 WHERE "id" = 2687;
INSERT INTO "monitoredBy" VALUES (2687, 2685);
INSERT INTO "TrackElement" ("id") VALUES (2688);
INSERT INTO "Segment" ("id", "length") VALUES (2688, 386);
UPDATE "TrackElement" SET "region" = 2407 WHERE "id" = 2688;
INSERT INTO "monitoredBy" VALUES (2688, 2685);
INSERT INTO "TrackElement" ("id") VALUES (2689);
INSERT INTO "Segment" ("id", "length") VALUES (2689, 23);
UPDATE "TrackElement" SET "region" = 2407 WHERE "id" = 2689;
INSERT INTO "monitoredBy" VALUES (2689, 2685);
INSERT INTO "TrackElement" ("id") VALUES (2690);
INSERT INTO "Segment" ("id", "length") VALUES (2690, 154);
UPDATE "TrackElement" SET "region" = 2407 WHERE "id" = 2690;
INSERT INTO "monitoredBy" VALUES (2690, 2685);
INSERT INTO "Sensor" ("id") VALUES (2691);
UPDATE "Sensor" SET "region" = 2407 WHERE "id" = 2691;
INSERT INTO "monitoredBy" VALUES (2684, 2691);
UPDATE "Sensor" SET "route" = 2406 WHERE "id" = 2691;
INSERT INTO "TrackElement" ("id") VALUES (2692);
INSERT INTO "Segment" ("id", "length") VALUES (2692, 219);
UPDATE "TrackElement" SET "region" = 2407 WHERE "id" = 2692;
INSERT INTO "monitoredBy" VALUES (2692, 2691);
INSERT INTO "TrackElement" ("id") VALUES (2693);
INSERT INTO "Segment" ("id", "length") VALUES (2693, 728);
UPDATE "TrackElement" SET "region" = 2407 WHERE "id" = 2693;
INSERT INTO "monitoredBy" VALUES (2693, 2691);
INSERT INTO "TrackElement" ("id") VALUES (2694);
INSERT INTO "Segment" ("id", "length") VALUES (2694, 584);
UPDATE "TrackElement" SET "region" = 2407 WHERE "id" = 2694;
INSERT INTO "monitoredBy" VALUES (2694, 2691);
INSERT INTO "TrackElement" ("id") VALUES (2695);
INSERT INTO "Segment" ("id", "length") VALUES (2695, 661);
UPDATE "TrackElement" SET "region" = 2407 WHERE "id" = 2695;
INSERT INTO "monitoredBy" VALUES (2695, 2691);
INSERT INTO "TrackElement" ("id") VALUES (2696);
INSERT INTO "Segment" ("id", "length") VALUES (2696, 705);
UPDATE "TrackElement" SET "region" = 2407 WHERE "id" = 2696;
INSERT INTO "monitoredBy" VALUES (2696, 2691);
INSERT INTO "Sensor" ("id") VALUES (2697);
UPDATE "Sensor" SET "region" = 2407 WHERE "id" = 2697;
INSERT INTO "monitoredBy" VALUES (2684, 2697);
UPDATE "Sensor" SET "route" = 2406 WHERE "id" = 2697;
INSERT INTO "TrackElement" ("id") VALUES (2698);
INSERT INTO "Segment" ("id", "length") VALUES (2698, 177);
UPDATE "TrackElement" SET "region" = 2407 WHERE "id" = 2698;
INSERT INTO "monitoredBy" VALUES (2698, 2697);
INSERT INTO "TrackElement" ("id") VALUES (2699);
INSERT INTO "Segment" ("id", "length") VALUES (2699, 99);
UPDATE "TrackElement" SET "region" = 2407 WHERE "id" = 2699;
INSERT INTO "monitoredBy" VALUES (2699, 2697);
INSERT INTO "TrackElement" ("id") VALUES (2700);
INSERT INTO "Segment" ("id", "length") VALUES (2700, 83);
UPDATE "TrackElement" SET "region" = 2407 WHERE "id" = 2700;
INSERT INTO "monitoredBy" VALUES (2700, 2697);
INSERT INTO "TrackElement" ("id") VALUES (2701);
INSERT INTO "Segment" ("id", "length") VALUES (2701, 257);
UPDATE "TrackElement" SET "region" = 2407 WHERE "id" = 2701;
INSERT INTO "monitoredBy" VALUES (2701, 2697);
INSERT INTO "TrackElement" ("id") VALUES (2702);
INSERT INTO "Segment" ("id", "length") VALUES (2702, 751);
UPDATE "TrackElement" SET "region" = 2407 WHERE "id" = 2702;
INSERT INTO "monitoredBy" VALUES (2702, 2697);
INSERT INTO "Sensor" ("id") VALUES (2703);
UPDATE "Sensor" SET "region" = 2407 WHERE "id" = 2703;
INSERT INTO "monitoredBy" VALUES (2684, 2703);
UPDATE "Sensor" SET "route" = 2406 WHERE "id" = 2703;
INSERT INTO "TrackElement" ("id") VALUES (2704);
INSERT INTO "Segment" ("id", "length") VALUES (2704, 603);
UPDATE "TrackElement" SET "region" = 2407 WHERE "id" = 2704;
INSERT INTO "monitoredBy" VALUES (2704, 2703);
INSERT INTO "TrackElement" ("id") VALUES (2705);
INSERT INTO "Segment" ("id", "length") VALUES (2705, 252);
UPDATE "TrackElement" SET "region" = 2407 WHERE "id" = 2705;
INSERT INTO "monitoredBy" VALUES (2705, 2703);
INSERT INTO "TrackElement" ("id") VALUES (2706);
INSERT INTO "Segment" ("id", "length") VALUES (2706, 440);
UPDATE "TrackElement" SET "region" = 2407 WHERE "id" = 2706;
INSERT INTO "monitoredBy" VALUES (2706, 2703);
INSERT INTO "TrackElement" ("id") VALUES (2707);
INSERT INTO "Segment" ("id", "length") VALUES (2707, 941);
UPDATE "TrackElement" SET "region" = 2407 WHERE "id" = 2707;
INSERT INTO "monitoredBy" VALUES (2707, 2703);
INSERT INTO "TrackElement" ("id") VALUES (2708);
INSERT INTO "Segment" ("id", "length") VALUES (2708, 93);
UPDATE "TrackElement" SET "region" = 2407 WHERE "id" = 2708;
INSERT INTO "monitoredBy" VALUES (2708, 2703);
INSERT INTO "Sensor" ("id") VALUES (2709);
UPDATE "Sensor" SET "region" = 2407 WHERE "id" = 2709;
INSERT INTO "monitoredBy" VALUES (2684, 2709);
UPDATE "Sensor" SET "route" = 2406 WHERE "id" = 2709;
INSERT INTO "TrackElement" ("id") VALUES (2710);
INSERT INTO "Segment" ("id", "length") VALUES (2710, 511);
UPDATE "TrackElement" SET "region" = 2407 WHERE "id" = 2710;
INSERT INTO "monitoredBy" VALUES (2710, 2709);
INSERT INTO "TrackElement" ("id") VALUES (2711);
INSERT INTO "Segment" ("id", "length") VALUES (2711, 296);
UPDATE "TrackElement" SET "region" = 2407 WHERE "id" = 2711;
INSERT INTO "monitoredBy" VALUES (2711, 2709);
INSERT INTO "TrackElement" ("id") VALUES (2712);
INSERT INTO "Segment" ("id", "length") VALUES (2712, 182);
UPDATE "TrackElement" SET "region" = 2407 WHERE "id" = 2712;
INSERT INTO "monitoredBy" VALUES (2712, 2709);
INSERT INTO "TrackElement" ("id") VALUES (2713);
INSERT INTO "Segment" ("id", "length") VALUES (2713, 102);
UPDATE "TrackElement" SET "region" = 2407 WHERE "id" = 2713;
INSERT INTO "monitoredBy" VALUES (2713, 2709);
INSERT INTO "TrackElement" ("id") VALUES (2714);
INSERT INTO "Segment" ("id", "length") VALUES (2714, 559);
UPDATE "TrackElement" SET "region" = 2407 WHERE "id" = 2714;
INSERT INTO "monitoredBy" VALUES (2714, 2709);
INSERT INTO "Sensor" ("id") VALUES (2715);
UPDATE "Sensor" SET "region" = 2407 WHERE "id" = 2715;
INSERT INTO "monitoredBy" VALUES (2684, 2715);
UPDATE "Sensor" SET "route" = 2406 WHERE "id" = 2715;
INSERT INTO "TrackElement" ("id") VALUES (2716);
INSERT INTO "Segment" ("id", "length") VALUES (2716, 675);
UPDATE "TrackElement" SET "region" = 2407 WHERE "id" = 2716;
INSERT INTO "monitoredBy" VALUES (2716, 2715);
INSERT INTO "TrackElement" ("id") VALUES (2717);
INSERT INTO "Segment" ("id", "length") VALUES (2717, 821);
UPDATE "TrackElement" SET "region" = 2407 WHERE "id" = 2717;
INSERT INTO "monitoredBy" VALUES (2717, 2715);
INSERT INTO "TrackElement" ("id") VALUES (2718);
INSERT INTO "Segment" ("id", "length") VALUES (2718, 889);
UPDATE "TrackElement" SET "region" = 2407 WHERE "id" = 2718;
INSERT INTO "monitoredBy" VALUES (2718, 2715);
INSERT INTO "TrackElement" ("id") VALUES (2719);
INSERT INTO "Segment" ("id", "length") VALUES (2719, 411);
UPDATE "TrackElement" SET "region" = 2407 WHERE "id" = 2719;
INSERT INTO "monitoredBy" VALUES (2719, 2715);
INSERT INTO "TrackElement" ("id") VALUES (2720);
INSERT INTO "Segment" ("id", "length") VALUES (2720, 399);
UPDATE "TrackElement" SET "region" = 2407 WHERE "id" = 2720;
INSERT INTO "monitoredBy" VALUES (2720, 2715);
INSERT INTO "Sensor" ("id") VALUES (2721);
UPDATE "Sensor" SET "region" = 2407 WHERE "id" = 2721;
INSERT INTO "monitoredBy" VALUES (2684, 2721);
UPDATE "Sensor" SET "route" = 2406 WHERE "id" = 2721;
INSERT INTO "TrackElement" ("id") VALUES (2722);
INSERT INTO "Segment" ("id", "length") VALUES (2722, 103);
UPDATE "TrackElement" SET "region" = 2407 WHERE "id" = 2722;
INSERT INTO "monitoredBy" VALUES (2722, 2721);
INSERT INTO "TrackElement" ("id") VALUES (2723);
INSERT INTO "Segment" ("id", "length") VALUES (2723, 744);
UPDATE "TrackElement" SET "region" = 2407 WHERE "id" = 2723;
INSERT INTO "monitoredBy" VALUES (2723, 2721);
INSERT INTO "TrackElement" ("id") VALUES (2724);
INSERT INTO "Segment" ("id", "length") VALUES (2724, 393);
UPDATE "TrackElement" SET "region" = 2407 WHERE "id" = 2724;
INSERT INTO "monitoredBy" VALUES (2724, 2721);
INSERT INTO "TrackElement" ("id") VALUES (2725);
INSERT INTO "Segment" ("id", "length") VALUES (2725, 787);
UPDATE "TrackElement" SET "region" = 2407 WHERE "id" = 2725;
INSERT INTO "monitoredBy" VALUES (2725, 2721);
INSERT INTO "TrackElement" ("id") VALUES (2726);
INSERT INTO "Segment" ("id", "length") VALUES (2726, 340);
UPDATE "TrackElement" SET "region" = 2407 WHERE "id" = 2726;
INSERT INTO "monitoredBy" VALUES (2726, 2721);
UPDATE "Switch" SET "currentPosition" = 1 WHERE "id" = 2684;
INSERT INTO "SwitchPosition" ("id", "position", "target") VALUES (2727, 1, 2684);
UPDATE "SwitchPosition" SET "route" = 2406 WHERE "id" = 2727;
INSERT INTO "TrackElement" ("id") VALUES (2728);
INSERT INTO "Switch" ("id") VALUES (2728);
UPDATE "TrackElement" SET "region" = 2407 WHERE "id" = 2728;
INSERT INTO "Sensor" ("id") VALUES (2729);
UPDATE "Sensor" SET "region" = 2407 WHERE "id" = 2729;
INSERT INTO "monitoredBy" VALUES (2728, 2729);
UPDATE "Sensor" SET "route" = 2406 WHERE "id" = 2729;
INSERT INTO "TrackElement" ("id") VALUES (2730);
INSERT INTO "Segment" ("id", "length") VALUES (2730, 276);
UPDATE "TrackElement" SET "region" = 2407 WHERE "id" = 2730;
INSERT INTO "monitoredBy" VALUES (2730, 2729);
INSERT INTO "TrackElement" ("id") VALUES (2731);
INSERT INTO "Segment" ("id", "length") VALUES (2731, 990);
UPDATE "TrackElement" SET "region" = 2407 WHERE "id" = 2731;
INSERT INTO "monitoredBy" VALUES (2731, 2729);
INSERT INTO "TrackElement" ("id") VALUES (2732);
INSERT INTO "Segment" ("id", "length") VALUES (2732, 8);
UPDATE "TrackElement" SET "region" = 2407 WHERE "id" = 2732;
INSERT INTO "monitoredBy" VALUES (2732, 2729);
INSERT INTO "TrackElement" ("id") VALUES (2733);
INSERT INTO "Segment" ("id", "length") VALUES (2733, 105);
UPDATE "TrackElement" SET "region" = 2407 WHERE "id" = 2733;
INSERT INTO "monitoredBy" VALUES (2733, 2729);
INSERT INTO "TrackElement" ("id") VALUES (2734);
INSERT INTO "Segment" ("id", "length") VALUES (2734, 578);
UPDATE "TrackElement" SET "region" = 2407 WHERE "id" = 2734;
INSERT INTO "monitoredBy" VALUES (2734, 2729);
UPDATE "Switch" SET "currentPosition" = 1 WHERE "id" = 2728;
INSERT INTO "SwitchPosition" ("id", "position", "target") VALUES (2735, 1, 2728);
UPDATE "SwitchPosition" SET "route" = 2406 WHERE "id" = 2735;
INSERT INTO "TrackElement" ("id") VALUES (2736);
INSERT INTO "Switch" ("id") VALUES (2736);
UPDATE "TrackElement" SET "region" = 2407 WHERE "id" = 2736;
INSERT INTO "Sensor" ("id") VALUES (2737);
UPDATE "Sensor" SET "region" = 2407 WHERE "id" = 2737;
INSERT INTO "monitoredBy" VALUES (2736, 2737);
UPDATE "Sensor" SET "route" = 2406 WHERE "id" = 2737;
INSERT INTO "TrackElement" ("id") VALUES (2738);
INSERT INTO "Segment" ("id", "length") VALUES (2738, 747);
UPDATE "TrackElement" SET "region" = 2407 WHERE "id" = 2738;
INSERT INTO "monitoredBy" VALUES (2738, 2737);
INSERT INTO "TrackElement" ("id") VALUES (2739);
INSERT INTO "Segment" ("id", "length") VALUES (2739, 665);
UPDATE "TrackElement" SET "region" = 2407 WHERE "id" = 2739;
INSERT INTO "monitoredBy" VALUES (2739, 2737);
INSERT INTO "TrackElement" ("id") VALUES (2740);
INSERT INTO "Segment" ("id", "length") VALUES (2740, 951);
UPDATE "TrackElement" SET "region" = 2407 WHERE "id" = 2740;
INSERT INTO "monitoredBy" VALUES (2740, 2737);
INSERT INTO "TrackElement" ("id") VALUES (2741);
INSERT INTO "Segment" ("id", "length") VALUES (2741, 547);
UPDATE "TrackElement" SET "region" = 2407 WHERE "id" = 2741;
INSERT INTO "monitoredBy" VALUES (2741, 2737);
INSERT INTO "TrackElement" ("id") VALUES (2742);
INSERT INTO "Segment" ("id", "length") VALUES (2742, -780);
UPDATE "TrackElement" SET "region" = 2407 WHERE "id" = 2742;
INSERT INTO "monitoredBy" VALUES (2742, 2737);
INSERT INTO "Sensor" ("id") VALUES (2743);
UPDATE "Sensor" SET "region" = 2407 WHERE "id" = 2743;
INSERT INTO "monitoredBy" VALUES (2736, 2743);
UPDATE "Sensor" SET "route" = 2406 WHERE "id" = 2743;
INSERT INTO "TrackElement" ("id") VALUES (2744);
INSERT INTO "Segment" ("id", "length") VALUES (2744, 803);
UPDATE "TrackElement" SET "region" = 2407 WHERE "id" = 2744;
INSERT INTO "monitoredBy" VALUES (2744, 2743);
INSERT INTO "TrackElement" ("id") VALUES (2745);
INSERT INTO "Segment" ("id", "length") VALUES (2745, 777);
UPDATE "TrackElement" SET "region" = 2407 WHERE "id" = 2745;
INSERT INTO "monitoredBy" VALUES (2745, 2743);
INSERT INTO "TrackElement" ("id") VALUES (2746);
INSERT INTO "Segment" ("id", "length") VALUES (2746, 309);
UPDATE "TrackElement" SET "region" = 2407 WHERE "id" = 2746;
INSERT INTO "monitoredBy" VALUES (2746, 2743);
INSERT INTO "TrackElement" ("id") VALUES (2747);
INSERT INTO "Segment" ("id", "length") VALUES (2747, 70);
UPDATE "TrackElement" SET "region" = 2407 WHERE "id" = 2747;
INSERT INTO "monitoredBy" VALUES (2747, 2743);
INSERT INTO "TrackElement" ("id") VALUES (2748);
INSERT INTO "Segment" ("id", "length") VALUES (2748, 118);
UPDATE "TrackElement" SET "region" = 2407 WHERE "id" = 2748;
INSERT INTO "monitoredBy" VALUES (2748, 2743);
UPDATE "Switch" SET "currentPosition" = 2 WHERE "id" = 2736;
INSERT INTO "SwitchPosition" ("id", "position", "target") VALUES (2749, 2, 2736);
UPDATE "SwitchPosition" SET "route" = 2406 WHERE "id" = 2749;
INSERT INTO "TrackElement" ("id") VALUES (2750);
INSERT INTO "Switch" ("id") VALUES (2750);
UPDATE "TrackElement" SET "region" = 2407 WHERE "id" = 2750;
INSERT INTO "Sensor" ("id") VALUES (2751);
UPDATE "Sensor" SET "region" = 2407 WHERE "id" = 2751;
INSERT INTO "monitoredBy" VALUES (2750, 2751);
UPDATE "Sensor" SET "route" = 2406 WHERE "id" = 2751;
INSERT INTO "TrackElement" ("id") VALUES (2752);
INSERT INTO "Segment" ("id", "length") VALUES (2752, 327);
UPDATE "TrackElement" SET "region" = 2407 WHERE "id" = 2752;
INSERT INTO "monitoredBy" VALUES (2752, 2751);
INSERT INTO "TrackElement" ("id") VALUES (2753);
INSERT INTO "Segment" ("id", "length") VALUES (2753, 400);
UPDATE "TrackElement" SET "region" = 2407 WHERE "id" = 2753;
INSERT INTO "monitoredBy" VALUES (2753, 2751);
INSERT INTO "TrackElement" ("id") VALUES (2754);
INSERT INTO "Segment" ("id", "length") VALUES (2754, 839);
UPDATE "TrackElement" SET "region" = 2407 WHERE "id" = 2754;
INSERT INTO "monitoredBy" VALUES (2754, 2751);
INSERT INTO "TrackElement" ("id") VALUES (2755);
INSERT INTO "Segment" ("id", "length") VALUES (2755, 925);
UPDATE "TrackElement" SET "region" = 2407 WHERE "id" = 2755;
INSERT INTO "monitoredBy" VALUES (2755, 2751);
INSERT INTO "TrackElement" ("id") VALUES (2756);
INSERT INTO "Segment" ("id", "length") VALUES (2756, 484);
UPDATE "TrackElement" SET "region" = 2407 WHERE "id" = 2756;
INSERT INTO "monitoredBy" VALUES (2756, 2751);
INSERT INTO "Sensor" ("id") VALUES (2757);
UPDATE "Sensor" SET "region" = 2407 WHERE "id" = 2757;
INSERT INTO "monitoredBy" VALUES (2750, 2757);
UPDATE "Sensor" SET "route" = 2406 WHERE "id" = 2757;
INSERT INTO "TrackElement" ("id") VALUES (2758);
INSERT INTO "Segment" ("id", "length") VALUES (2758, 486);
UPDATE "TrackElement" SET "region" = 2407 WHERE "id" = 2758;
INSERT INTO "monitoredBy" VALUES (2758, 2757);
INSERT INTO "TrackElement" ("id") VALUES (2759);
INSERT INTO "Segment" ("id", "length") VALUES (2759, 117);
UPDATE "TrackElement" SET "region" = 2407 WHERE "id" = 2759;
INSERT INTO "monitoredBy" VALUES (2759, 2757);
INSERT INTO "TrackElement" ("id") VALUES (2760);
INSERT INTO "Segment" ("id", "length") VALUES (2760, 850);
UPDATE "TrackElement" SET "region" = 2407 WHERE "id" = 2760;
INSERT INTO "monitoredBy" VALUES (2760, 2757);
INSERT INTO "TrackElement" ("id") VALUES (2761);
INSERT INTO "Segment" ("id", "length") VALUES (2761, 171);
UPDATE "TrackElement" SET "region" = 2407 WHERE "id" = 2761;
INSERT INTO "monitoredBy" VALUES (2761, 2757);
INSERT INTO "TrackElement" ("id") VALUES (2762);
INSERT INTO "Segment" ("id", "length") VALUES (2762, 377);
UPDATE "TrackElement" SET "region" = 2407 WHERE "id" = 2762;
INSERT INTO "monitoredBy" VALUES (2762, 2757);
INSERT INTO "Sensor" ("id") VALUES (2763);
UPDATE "Sensor" SET "region" = 2407 WHERE "id" = 2763;
INSERT INTO "monitoredBy" VALUES (2750, 2763);
UPDATE "Sensor" SET "route" = 2406 WHERE "id" = 2763;
INSERT INTO "TrackElement" ("id") VALUES (2764);
INSERT INTO "Segment" ("id", "length") VALUES (2764, 672);
UPDATE "TrackElement" SET "region" = 2407 WHERE "id" = 2764;
INSERT INTO "monitoredBy" VALUES (2764, 2763);
INSERT INTO "TrackElement" ("id") VALUES (2765);
INSERT INTO "Segment" ("id", "length") VALUES (2765, 160);
UPDATE "TrackElement" SET "region" = 2407 WHERE "id" = 2765;
INSERT INTO "monitoredBy" VALUES (2765, 2763);
INSERT INTO "TrackElement" ("id") VALUES (2766);
INSERT INTO "Segment" ("id", "length") VALUES (2766, 664);
UPDATE "TrackElement" SET "region" = 2407 WHERE "id" = 2766;
INSERT INTO "monitoredBy" VALUES (2766, 2763);
INSERT INTO "TrackElement" ("id") VALUES (2767);
INSERT INTO "Segment" ("id", "length") VALUES (2767, 711);
UPDATE "TrackElement" SET "region" = 2407 WHERE "id" = 2767;
INSERT INTO "monitoredBy" VALUES (2767, 2763);
INSERT INTO "TrackElement" ("id") VALUES (2768);
INSERT INTO "Segment" ("id", "length") VALUES (2768, 247);
UPDATE "TrackElement" SET "region" = 2407 WHERE "id" = 2768;
INSERT INTO "monitoredBy" VALUES (2768, 2763);
INSERT INTO "Sensor" ("id") VALUES (2769);
UPDATE "Sensor" SET "region" = 2407 WHERE "id" = 2769;
INSERT INTO "monitoredBy" VALUES (2750, 2769);
UPDATE "Sensor" SET "route" = 2406 WHERE "id" = 2769;
INSERT INTO "TrackElement" ("id") VALUES (2770);
INSERT INTO "Segment" ("id", "length") VALUES (2770, 472);
UPDATE "TrackElement" SET "region" = 2407 WHERE "id" = 2770;
INSERT INTO "monitoredBy" VALUES (2770, 2769);
INSERT INTO "TrackElement" ("id") VALUES (2771);
INSERT INTO "Segment" ("id", "length") VALUES (2771, 144);
UPDATE "TrackElement" SET "region" = 2407 WHERE "id" = 2771;
INSERT INTO "monitoredBy" VALUES (2771, 2769);
INSERT INTO "TrackElement" ("id") VALUES (2772);
INSERT INTO "Segment" ("id", "length") VALUES (2772, 734);
UPDATE "TrackElement" SET "region" = 2407 WHERE "id" = 2772;
INSERT INTO "monitoredBy" VALUES (2772, 2769);
INSERT INTO "TrackElement" ("id") VALUES (2773);
INSERT INTO "Segment" ("id", "length") VALUES (2773, 20);
UPDATE "TrackElement" SET "region" = 2407 WHERE "id" = 2773;
INSERT INTO "monitoredBy" VALUES (2773, 2769);
INSERT INTO "TrackElement" ("id") VALUES (2774);
INSERT INTO "Segment" ("id", "length") VALUES (2774, 175);
UPDATE "TrackElement" SET "region" = 2407 WHERE "id" = 2774;
INSERT INTO "monitoredBy" VALUES (2774, 2769);
INSERT INTO "Sensor" ("id") VALUES (2775);
UPDATE "Sensor" SET "region" = 2407 WHERE "id" = 2775;
INSERT INTO "monitoredBy" VALUES (2750, 2775);
UPDATE "Sensor" SET "route" = 2406 WHERE "id" = 2775;
INSERT INTO "TrackElement" ("id") VALUES (2776);
INSERT INTO "Segment" ("id", "length") VALUES (2776, 588);
UPDATE "TrackElement" SET "region" = 2407 WHERE "id" = 2776;
INSERT INTO "monitoredBy" VALUES (2776, 2775);
INSERT INTO "TrackElement" ("id") VALUES (2777);
INSERT INTO "Segment" ("id", "length") VALUES (2777, 640);
UPDATE "TrackElement" SET "region" = 2407 WHERE "id" = 2777;
INSERT INTO "monitoredBy" VALUES (2777, 2775);
INSERT INTO "TrackElement" ("id") VALUES (2778);
INSERT INTO "Segment" ("id", "length") VALUES (2778, 972);
UPDATE "TrackElement" SET "region" = 2407 WHERE "id" = 2778;
INSERT INTO "monitoredBy" VALUES (2778, 2775);
INSERT INTO "TrackElement" ("id") VALUES (2779);
INSERT INTO "Segment" ("id", "length") VALUES (2779, 18);
UPDATE "TrackElement" SET "region" = 2407 WHERE "id" = 2779;
INSERT INTO "monitoredBy" VALUES (2779, 2775);
INSERT INTO "TrackElement" ("id") VALUES (2780);
INSERT INTO "Segment" ("id", "length") VALUES (2780, 807);
UPDATE "TrackElement" SET "region" = 2407 WHERE "id" = 2780;
INSERT INTO "monitoredBy" VALUES (2780, 2775);
INSERT INTO "Sensor" ("id") VALUES (2781);
UPDATE "Sensor" SET "region" = 2407 WHERE "id" = 2781;
INSERT INTO "monitoredBy" VALUES (2750, 2781);
UPDATE "Sensor" SET "route" = 2406 WHERE "id" = 2781;
INSERT INTO "TrackElement" ("id") VALUES (2782);
INSERT INTO "Segment" ("id", "length") VALUES (2782, 576);
UPDATE "TrackElement" SET "region" = 2407 WHERE "id" = 2782;
INSERT INTO "monitoredBy" VALUES (2782, 2781);
INSERT INTO "TrackElement" ("id") VALUES (2783);
INSERT INTO "Segment" ("id", "length") VALUES (2783, 695);
UPDATE "TrackElement" SET "region" = 2407 WHERE "id" = 2783;
INSERT INTO "monitoredBy" VALUES (2783, 2781);
INSERT INTO "TrackElement" ("id") VALUES (2784);
INSERT INTO "Segment" ("id", "length") VALUES (2784, 417);
UPDATE "TrackElement" SET "region" = 2407 WHERE "id" = 2784;
INSERT INTO "monitoredBy" VALUES (2784, 2781);
INSERT INTO "TrackElement" ("id") VALUES (2785);
INSERT INTO "Segment" ("id", "length") VALUES (2785, 51);
UPDATE "TrackElement" SET "region" = 2407 WHERE "id" = 2785;
INSERT INTO "monitoredBy" VALUES (2785, 2781);
INSERT INTO "TrackElement" ("id") VALUES (2786);
INSERT INTO "Segment" ("id", "length") VALUES (2786, 550);
UPDATE "TrackElement" SET "region" = 2407 WHERE "id" = 2786;
INSERT INTO "monitoredBy" VALUES (2786, 2781);
INSERT INTO "Sensor" ("id") VALUES (2787);
UPDATE "Sensor" SET "region" = 2407 WHERE "id" = 2787;
INSERT INTO "monitoredBy" VALUES (2750, 2787);
UPDATE "Sensor" SET "route" = 2406 WHERE "id" = 2787;
INSERT INTO "TrackElement" ("id") VALUES (2788);
INSERT INTO "Segment" ("id", "length") VALUES (2788, 815);
UPDATE "TrackElement" SET "region" = 2407 WHERE "id" = 2788;
INSERT INTO "monitoredBy" VALUES (2788, 2787);
INSERT INTO "TrackElement" ("id") VALUES (2789);
INSERT INTO "Segment" ("id", "length") VALUES (2789, 893);
UPDATE "TrackElement" SET "region" = 2407 WHERE "id" = 2789;
INSERT INTO "monitoredBy" VALUES (2789, 2787);
INSERT INTO "TrackElement" ("id") VALUES (2790);
INSERT INTO "Segment" ("id", "length") VALUES (2790, 379);
UPDATE "TrackElement" SET "region" = 2407 WHERE "id" = 2790;
INSERT INTO "monitoredBy" VALUES (2790, 2787);
INSERT INTO "TrackElement" ("id") VALUES (2791);
INSERT INTO "Segment" ("id", "length") VALUES (2791, 818);
UPDATE "TrackElement" SET "region" = 2407 WHERE "id" = 2791;
INSERT INTO "monitoredBy" VALUES (2791, 2787);
INSERT INTO "TrackElement" ("id") VALUES (2792);
INSERT INTO "Segment" ("id", "length") VALUES (2792, 990);
UPDATE "TrackElement" SET "region" = 2407 WHERE "id" = 2792;
INSERT INTO "monitoredBy" VALUES (2792, 2787);
INSERT INTO "Sensor" ("id") VALUES (2793);
UPDATE "Sensor" SET "region" = 2407 WHERE "id" = 2793;
INSERT INTO "monitoredBy" VALUES (2750, 2793);
UPDATE "Sensor" SET "route" = 2406 WHERE "id" = 2793;
INSERT INTO "TrackElement" ("id") VALUES (2794);
INSERT INTO "Segment" ("id", "length") VALUES (2794, 785);
UPDATE "TrackElement" SET "region" = 2407 WHERE "id" = 2794;
INSERT INTO "monitoredBy" VALUES (2794, 2793);
INSERT INTO "TrackElement" ("id") VALUES (2795);
INSERT INTO "Segment" ("id", "length") VALUES (2795, 629);
UPDATE "TrackElement" SET "region" = 2407 WHERE "id" = 2795;
INSERT INTO "monitoredBy" VALUES (2795, 2793);
INSERT INTO "TrackElement" ("id") VALUES (2796);
INSERT INTO "Segment" ("id", "length") VALUES (2796, 376);
UPDATE "TrackElement" SET "region" = 2407 WHERE "id" = 2796;
INSERT INTO "monitoredBy" VALUES (2796, 2793);
INSERT INTO "TrackElement" ("id") VALUES (2797);
INSERT INTO "Segment" ("id", "length") VALUES (2797, 185);
UPDATE "TrackElement" SET "region" = 2407 WHERE "id" = 2797;
INSERT INTO "monitoredBy" VALUES (2797, 2793);
INSERT INTO "TrackElement" ("id") VALUES (2798);
INSERT INTO "Segment" ("id", "length") VALUES (2798, 913);
UPDATE "TrackElement" SET "region" = 2407 WHERE "id" = 2798;
INSERT INTO "monitoredBy" VALUES (2798, 2793);
UPDATE "Switch" SET "currentPosition" = 0 WHERE "id" = 2750;
INSERT INTO "SwitchPosition" ("id", "position", "target") VALUES (2799, 0, 2750);
UPDATE "SwitchPosition" SET "route" = 2406 WHERE "id" = 2799;
INSERT INTO "TrackElement" ("id") VALUES (2800);
INSERT INTO "Switch" ("id") VALUES (2800);
UPDATE "TrackElement" SET "region" = 2407 WHERE "id" = 2800;
INSERT INTO "Sensor" ("id") VALUES (2801);
UPDATE "Sensor" SET "region" = 2407 WHERE "id" = 2801;
INSERT INTO "monitoredBy" VALUES (2800, 2801);
UPDATE "Sensor" SET "route" = 2406 WHERE "id" = 2801;
INSERT INTO "TrackElement" ("id") VALUES (2802);
INSERT INTO "Segment" ("id", "length") VALUES (2802, 440);
UPDATE "TrackElement" SET "region" = 2407 WHERE "id" = 2802;
INSERT INTO "monitoredBy" VALUES (2802, 2801);
INSERT INTO "TrackElement" ("id") VALUES (2803);
INSERT INTO "Segment" ("id", "length") VALUES (2803, 800);
UPDATE "TrackElement" SET "region" = 2407 WHERE "id" = 2803;
INSERT INTO "monitoredBy" VALUES (2803, 2801);
INSERT INTO "TrackElement" ("id") VALUES (2804);
INSERT INTO "Segment" ("id", "length") VALUES (2804, 46);
UPDATE "TrackElement" SET "region" = 2407 WHERE "id" = 2804;
INSERT INTO "monitoredBy" VALUES (2804, 2801);
INSERT INTO "TrackElement" ("id") VALUES (2805);
INSERT INTO "Segment" ("id", "length") VALUES (2805, 426);
UPDATE "TrackElement" SET "region" = 2407 WHERE "id" = 2805;
INSERT INTO "monitoredBy" VALUES (2805, 2801);
INSERT INTO "TrackElement" ("id") VALUES (2806);
INSERT INTO "Segment" ("id", "length") VALUES (2806, 623);
UPDATE "TrackElement" SET "region" = 2407 WHERE "id" = 2806;
INSERT INTO "monitoredBy" VALUES (2806, 2801);
INSERT INTO "Sensor" ("id") VALUES (2807);
UPDATE "Sensor" SET "region" = 2407 WHERE "id" = 2807;
INSERT INTO "monitoredBy" VALUES (2800, 2807);
UPDATE "Sensor" SET "route" = 2406 WHERE "id" = 2807;
INSERT INTO "TrackElement" ("id") VALUES (2808);
INSERT INTO "Segment" ("id", "length") VALUES (2808, 526);
UPDATE "TrackElement" SET "region" = 2407 WHERE "id" = 2808;
INSERT INTO "monitoredBy" VALUES (2808, 2807);
INSERT INTO "TrackElement" ("id") VALUES (2809);
INSERT INTO "Segment" ("id", "length") VALUES (2809, 404);
UPDATE "TrackElement" SET "region" = 2407 WHERE "id" = 2809;
INSERT INTO "monitoredBy" VALUES (2809, 2807);
INSERT INTO "TrackElement" ("id") VALUES (2810);
INSERT INTO "Segment" ("id", "length") VALUES (2810, 250);
UPDATE "TrackElement" SET "region" = 2407 WHERE "id" = 2810;
INSERT INTO "monitoredBy" VALUES (2810, 2807);
INSERT INTO "TrackElement" ("id") VALUES (2811);
INSERT INTO "Segment" ("id", "length") VALUES (2811, -645);
UPDATE "TrackElement" SET "region" = 2407 WHERE "id" = 2811;
INSERT INTO "monitoredBy" VALUES (2811, 2807);
INSERT INTO "TrackElement" ("id") VALUES (2812);
INSERT INTO "Segment" ("id", "length") VALUES (2812, 278);
UPDATE "TrackElement" SET "region" = 2407 WHERE "id" = 2812;
INSERT INTO "monitoredBy" VALUES (2812, 2807);
INSERT INTO "Sensor" ("id") VALUES (2813);
UPDATE "Sensor" SET "region" = 2407 WHERE "id" = 2813;
INSERT INTO "monitoredBy" VALUES (2800, 2813);
UPDATE "Sensor" SET "route" = 2406 WHERE "id" = 2813;
INSERT INTO "TrackElement" ("id") VALUES (2814);
INSERT INTO "Segment" ("id", "length") VALUES (2814, 189);
UPDATE "TrackElement" SET "region" = 2407 WHERE "id" = 2814;
INSERT INTO "monitoredBy" VALUES (2814, 2813);
INSERT INTO "TrackElement" ("id") VALUES (2815);
INSERT INTO "Segment" ("id", "length") VALUES (2815, 9);
UPDATE "TrackElement" SET "region" = 2407 WHERE "id" = 2815;
INSERT INTO "monitoredBy" VALUES (2815, 2813);
INSERT INTO "TrackElement" ("id") VALUES (2816);
INSERT INTO "Segment" ("id", "length") VALUES (2816, 609);
UPDATE "TrackElement" SET "region" = 2407 WHERE "id" = 2816;
INSERT INTO "monitoredBy" VALUES (2816, 2813);
INSERT INTO "TrackElement" ("id") VALUES (2817);
INSERT INTO "Segment" ("id", "length") VALUES (2817, 440);
UPDATE "TrackElement" SET "region" = 2407 WHERE "id" = 2817;
INSERT INTO "monitoredBy" VALUES (2817, 2813);
INSERT INTO "TrackElement" ("id") VALUES (2818);
INSERT INTO "Segment" ("id", "length") VALUES (2818, 255);
UPDATE "TrackElement" SET "region" = 2407 WHERE "id" = 2818;
INSERT INTO "monitoredBy" VALUES (2818, 2813);
INSERT INTO "Sensor" ("id") VALUES (2819);
UPDATE "Sensor" SET "region" = 2407 WHERE "id" = 2819;
INSERT INTO "monitoredBy" VALUES (2800, 2819);
UPDATE "Sensor" SET "route" = 2406 WHERE "id" = 2819;
INSERT INTO "TrackElement" ("id") VALUES (2820);
INSERT INTO "Segment" ("id", "length") VALUES (2820, 886);
UPDATE "TrackElement" SET "region" = 2407 WHERE "id" = 2820;
INSERT INTO "monitoredBy" VALUES (2820, 2819);
INSERT INTO "TrackElement" ("id") VALUES (2821);
INSERT INTO "Segment" ("id", "length") VALUES (2821, 676);
UPDATE "TrackElement" SET "region" = 2407 WHERE "id" = 2821;
INSERT INTO "monitoredBy" VALUES (2821, 2819);
INSERT INTO "TrackElement" ("id") VALUES (2822);
INSERT INTO "Segment" ("id", "length") VALUES (2822, 79);
UPDATE "TrackElement" SET "region" = 2407 WHERE "id" = 2822;
INSERT INTO "monitoredBy" VALUES (2822, 2819);
INSERT INTO "TrackElement" ("id") VALUES (2823);
INSERT INTO "Segment" ("id", "length") VALUES (2823, 29);
UPDATE "TrackElement" SET "region" = 2407 WHERE "id" = 2823;
INSERT INTO "monitoredBy" VALUES (2823, 2819);
INSERT INTO "TrackElement" ("id") VALUES (2824);
INSERT INTO "Segment" ("id", "length") VALUES (2824, 524);
UPDATE "TrackElement" SET "region" = 2407 WHERE "id" = 2824;
INSERT INTO "monitoredBy" VALUES (2824, 2819);
UPDATE "Switch" SET "currentPosition" = 2 WHERE "id" = 2800;
INSERT INTO "SwitchPosition" ("id", "position", "target") VALUES (2825, 2, 2800);
UPDATE "SwitchPosition" SET "route" = 2406 WHERE "id" = 2825;
INSERT INTO "TrackElement" ("id") VALUES (2826);
INSERT INTO "Switch" ("id") VALUES (2826);
UPDATE "TrackElement" SET "region" = 2407 WHERE "id" = 2826;
INSERT INTO "Sensor" ("id") VALUES (2827);
UPDATE "Sensor" SET "region" = 2407 WHERE "id" = 2827;
INSERT INTO "monitoredBy" VALUES (2826, 2827);
UPDATE "Sensor" SET "route" = 2406 WHERE "id" = 2827;
INSERT INTO "TrackElement" ("id") VALUES (2828);
INSERT INTO "Segment" ("id", "length") VALUES (2828, 342);
UPDATE "TrackElement" SET "region" = 2407 WHERE "id" = 2828;
INSERT INTO "monitoredBy" VALUES (2828, 2827);
INSERT INTO "TrackElement" ("id") VALUES (2829);
INSERT INTO "Segment" ("id", "length") VALUES (2829, 25);
UPDATE "TrackElement" SET "region" = 2407 WHERE "id" = 2829;
INSERT INTO "monitoredBy" VALUES (2829, 2827);
INSERT INTO "TrackElement" ("id") VALUES (2830);
INSERT INTO "Segment" ("id", "length") VALUES (2830, 774);
UPDATE "TrackElement" SET "region" = 2407 WHERE "id" = 2830;
INSERT INTO "monitoredBy" VALUES (2830, 2827);
INSERT INTO "TrackElement" ("id") VALUES (2831);
INSERT INTO "Segment" ("id", "length") VALUES (2831, 118);
UPDATE "TrackElement" SET "region" = 2407 WHERE "id" = 2831;
INSERT INTO "monitoredBy" VALUES (2831, 2827);
INSERT INTO "TrackElement" ("id") VALUES (2832);
INSERT INTO "Segment" ("id", "length") VALUES (2832, 852);
UPDATE "TrackElement" SET "region" = 2407 WHERE "id" = 2832;
INSERT INTO "monitoredBy" VALUES (2832, 2827);
INSERT INTO "TrackElement" ("id") VALUES (2833);
INSERT INTO "Segment" ("id", "length") VALUES (2833, 369);
UPDATE "TrackElement" SET "region" = 2407 WHERE "id" = 2833;
INSERT INTO "monitoredBy" VALUES (2833, 2827);
INSERT INTO "Sensor" ("id") VALUES (2834);
UPDATE "Sensor" SET "region" = 2407 WHERE "id" = 2834;
INSERT INTO "monitoredBy" VALUES (2826, 2834);
UPDATE "Sensor" SET "route" = 2406 WHERE "id" = 2834;
INSERT INTO "TrackElement" ("id") VALUES (2835);
INSERT INTO "Segment" ("id", "length") VALUES (2835, 742);
UPDATE "TrackElement" SET "region" = 2407 WHERE "id" = 2835;
INSERT INTO "monitoredBy" VALUES (2835, 2834);
INSERT INTO "TrackElement" ("id") VALUES (2836);
INSERT INTO "Segment" ("id", "length") VALUES (2836, 7);
UPDATE "TrackElement" SET "region" = 2407 WHERE "id" = 2836;
INSERT INTO "monitoredBy" VALUES (2836, 2834);
INSERT INTO "TrackElement" ("id") VALUES (2837);
INSERT INTO "Segment" ("id", "length") VALUES (2837, 555);
UPDATE "TrackElement" SET "region" = 2407 WHERE "id" = 2837;
INSERT INTO "monitoredBy" VALUES (2837, 2834);
INSERT INTO "TrackElement" ("id") VALUES (2838);
INSERT INTO "Segment" ("id", "length") VALUES (2838, 349);
UPDATE "TrackElement" SET "region" = 2407 WHERE "id" = 2838;
INSERT INTO "monitoredBy" VALUES (2838, 2834);
INSERT INTO "TrackElement" ("id") VALUES (2839);
INSERT INTO "Segment" ("id", "length") VALUES (2839, 340);
UPDATE "TrackElement" SET "region" = 2407 WHERE "id" = 2839;
INSERT INTO "monitoredBy" VALUES (2839, 2834);
INSERT INTO "Sensor" ("id") VALUES (2840);
UPDATE "Sensor" SET "region" = 2407 WHERE "id" = 2840;
INSERT INTO "monitoredBy" VALUES (2826, 2840);
UPDATE "Sensor" SET "route" = 2406 WHERE "id" = 2840;
INSERT INTO "TrackElement" ("id") VALUES (2841);
INSERT INTO "Segment" ("id", "length") VALUES (2841, 843);
UPDATE "TrackElement" SET "region" = 2407 WHERE "id" = 2841;
INSERT INTO "monitoredBy" VALUES (2841, 2840);
INSERT INTO "TrackElement" ("id") VALUES (2842);
INSERT INTO "Segment" ("id", "length") VALUES (2842, 582);
UPDATE "TrackElement" SET "region" = 2407 WHERE "id" = 2842;
INSERT INTO "monitoredBy" VALUES (2842, 2840);
INSERT INTO "TrackElement" ("id") VALUES (2843);
INSERT INTO "Segment" ("id", "length") VALUES (2843, 598);
UPDATE "TrackElement" SET "region" = 2407 WHERE "id" = 2843;
INSERT INTO "monitoredBy" VALUES (2843, 2840);
INSERT INTO "TrackElement" ("id") VALUES (2844);
INSERT INTO "Segment" ("id", "length") VALUES (2844, 123);
UPDATE "TrackElement" SET "region" = 2407 WHERE "id" = 2844;
INSERT INTO "monitoredBy" VALUES (2844, 2840);
INSERT INTO "TrackElement" ("id") VALUES (2845);
INSERT INTO "Segment" ("id", "length") VALUES (2845, 517);
UPDATE "TrackElement" SET "region" = 2407 WHERE "id" = 2845;
INSERT INTO "monitoredBy" VALUES (2845, 2840);
INSERT INTO "Sensor" ("id") VALUES (2846);
UPDATE "Sensor" SET "region" = 2407 WHERE "id" = 2846;
INSERT INTO "monitoredBy" VALUES (2826, 2846);
UPDATE "Sensor" SET "route" = 2406 WHERE "id" = 2846;
INSERT INTO "TrackElement" ("id") VALUES (2847);
INSERT INTO "Segment" ("id", "length") VALUES (2847, 470);
UPDATE "TrackElement" SET "region" = 2407 WHERE "id" = 2847;
INSERT INTO "monitoredBy" VALUES (2847, 2846);
INSERT INTO "TrackElement" ("id") VALUES (2848);
INSERT INTO "Segment" ("id", "length") VALUES (2848, 473);
UPDATE "TrackElement" SET "region" = 2407 WHERE "id" = 2848;
INSERT INTO "monitoredBy" VALUES (2848, 2846);
INSERT INTO "TrackElement" ("id") VALUES (2849);
INSERT INTO "Segment" ("id", "length") VALUES (2849, 813);
UPDATE "TrackElement" SET "region" = 2407 WHERE "id" = 2849;
INSERT INTO "monitoredBy" VALUES (2849, 2846);
INSERT INTO "TrackElement" ("id") VALUES (2850);
INSERT INTO "Segment" ("id", "length") VALUES (2850, -24);
UPDATE "TrackElement" SET "region" = 2407 WHERE "id" = 2850;
INSERT INTO "monitoredBy" VALUES (2850, 2846);
INSERT INTO "TrackElement" ("id") VALUES (2851);
INSERT INTO "Segment" ("id", "length") VALUES (2851, 280);
UPDATE "TrackElement" SET "region" = 2407 WHERE "id" = 2851;
INSERT INTO "monitoredBy" VALUES (2851, 2846);
INSERT INTO "Sensor" ("id") VALUES (2852);
UPDATE "Sensor" SET "region" = 2407 WHERE "id" = 2852;
INSERT INTO "monitoredBy" VALUES (2826, 2852);
UPDATE "Sensor" SET "route" = 2406 WHERE "id" = 2852;
INSERT INTO "TrackElement" ("id") VALUES (2853);
INSERT INTO "Segment" ("id", "length") VALUES (2853, 917);
UPDATE "TrackElement" SET "region" = 2407 WHERE "id" = 2853;
INSERT INTO "monitoredBy" VALUES (2853, 2852);
INSERT INTO "TrackElement" ("id") VALUES (2854);
INSERT INTO "Segment" ("id", "length") VALUES (2854, 720);
UPDATE "TrackElement" SET "region" = 2407 WHERE "id" = 2854;
INSERT INTO "monitoredBy" VALUES (2854, 2852);
INSERT INTO "TrackElement" ("id") VALUES (2855);
INSERT INTO "Segment" ("id", "length") VALUES (2855, 763);
UPDATE "TrackElement" SET "region" = 2407 WHERE "id" = 2855;
INSERT INTO "monitoredBy" VALUES (2855, 2852);
INSERT INTO "TrackElement" ("id") VALUES (2856);
INSERT INTO "Segment" ("id", "length") VALUES (2856, 439);
UPDATE "TrackElement" SET "region" = 2407 WHERE "id" = 2856;
INSERT INTO "monitoredBy" VALUES (2856, 2852);
INSERT INTO "TrackElement" ("id") VALUES (2857);
INSERT INTO "Segment" ("id", "length") VALUES (2857, 882);
UPDATE "TrackElement" SET "region" = 2407 WHERE "id" = 2857;
INSERT INTO "monitoredBy" VALUES (2857, 2852);
INSERT INTO "Sensor" ("id") VALUES (2858);
UPDATE "Sensor" SET "region" = 2407 WHERE "id" = 2858;
INSERT INTO "monitoredBy" VALUES (2826, 2858);
UPDATE "Sensor" SET "route" = 2406 WHERE "id" = 2858;
INSERT INTO "TrackElement" ("id") VALUES (2859);
INSERT INTO "Segment" ("id", "length") VALUES (2859, 10);
UPDATE "TrackElement" SET "region" = 2407 WHERE "id" = 2859;
INSERT INTO "monitoredBy" VALUES (2859, 2858);
INSERT INTO "TrackElement" ("id") VALUES (2860);
INSERT INTO "Segment" ("id", "length") VALUES (2860, 39);
UPDATE "TrackElement" SET "region" = 2407 WHERE "id" = 2860;
INSERT INTO "monitoredBy" VALUES (2860, 2858);
INSERT INTO "TrackElement" ("id") VALUES (2861);
INSERT INTO "Segment" ("id", "length") VALUES (2861, 178);
UPDATE "TrackElement" SET "region" = 2407 WHERE "id" = 2861;
INSERT INTO "monitoredBy" VALUES (2861, 2858);
INSERT INTO "TrackElement" ("id") VALUES (2862);
INSERT INTO "Segment" ("id", "length") VALUES (2862, 918);
UPDATE "TrackElement" SET "region" = 2407 WHERE "id" = 2862;
INSERT INTO "monitoredBy" VALUES (2862, 2858);
INSERT INTO "TrackElement" ("id") VALUES (2863);
INSERT INTO "Segment" ("id", "length") VALUES (2863, 588);
UPDATE "TrackElement" SET "region" = 2407 WHERE "id" = 2863;
INSERT INTO "monitoredBy" VALUES (2863, 2858);
INSERT INTO "Sensor" ("id") VALUES (2864);
UPDATE "Sensor" SET "region" = 2407 WHERE "id" = 2864;
INSERT INTO "monitoredBy" VALUES (2826, 2864);
UPDATE "Sensor" SET "route" = 2406 WHERE "id" = 2864;
INSERT INTO "TrackElement" ("id") VALUES (2865);
INSERT INTO "Segment" ("id", "length") VALUES (2865, 431);
UPDATE "TrackElement" SET "region" = 2407 WHERE "id" = 2865;
INSERT INTO "monitoredBy" VALUES (2865, 2864);
INSERT INTO "TrackElement" ("id") VALUES (2866);
INSERT INTO "Segment" ("id", "length") VALUES (2866, 287);
UPDATE "TrackElement" SET "region" = 2407 WHERE "id" = 2866;
INSERT INTO "monitoredBy" VALUES (2866, 2864);
INSERT INTO "TrackElement" ("id") VALUES (2867);
INSERT INTO "Segment" ("id", "length") VALUES (2867, 242);
UPDATE "TrackElement" SET "region" = 2407 WHERE "id" = 2867;
INSERT INTO "monitoredBy" VALUES (2867, 2864);
INSERT INTO "TrackElement" ("id") VALUES (2868);
INSERT INTO "Segment" ("id", "length") VALUES (2868, 502);
UPDATE "TrackElement" SET "region" = 2407 WHERE "id" = 2868;
INSERT INTO "monitoredBy" VALUES (2868, 2864);
INSERT INTO "TrackElement" ("id") VALUES (2869);
INSERT INTO "Segment" ("id", "length") VALUES (2869, 195);
UPDATE "TrackElement" SET "region" = 2407 WHERE "id" = 2869;
INSERT INTO "monitoredBy" VALUES (2869, 2864);
INSERT INTO "Sensor" ("id") VALUES (2870);
UPDATE "Sensor" SET "region" = 2407 WHERE "id" = 2870;
INSERT INTO "monitoredBy" VALUES (2826, 2870);
UPDATE "Sensor" SET "route" = 2406 WHERE "id" = 2870;
INSERT INTO "TrackElement" ("id") VALUES (2871);
INSERT INTO "Segment" ("id", "length") VALUES (2871, -715);
UPDATE "TrackElement" SET "region" = 2407 WHERE "id" = 2871;
INSERT INTO "monitoredBy" VALUES (2871, 2870);
INSERT INTO "TrackElement" ("id") VALUES (2872);
INSERT INTO "Segment" ("id", "length") VALUES (2872, 952);
UPDATE "TrackElement" SET "region" = 2407 WHERE "id" = 2872;
INSERT INTO "monitoredBy" VALUES (2872, 2870);
INSERT INTO "TrackElement" ("id") VALUES (2873);
INSERT INTO "Segment" ("id", "length") VALUES (2873, 145);
UPDATE "TrackElement" SET "region" = 2407 WHERE "id" = 2873;
INSERT INTO "monitoredBy" VALUES (2873, 2870);
INSERT INTO "TrackElement" ("id") VALUES (2874);
INSERT INTO "Segment" ("id", "length") VALUES (2874, 421);
UPDATE "TrackElement" SET "region" = 2407 WHERE "id" = 2874;
INSERT INTO "monitoredBy" VALUES (2874, 2870);
INSERT INTO "TrackElement" ("id") VALUES (2875);
INSERT INTO "Segment" ("id", "length") VALUES (2875, 407);
UPDATE "TrackElement" SET "region" = 2407 WHERE "id" = 2875;
INSERT INTO "monitoredBy" VALUES (2875, 2870);
UPDATE "Switch" SET "currentPosition" = 0 WHERE "id" = 2826;
INSERT INTO "SwitchPosition" ("id", "position", "target") VALUES (2876, 0, 2826);
UPDATE "SwitchPosition" SET "route" = 2406 WHERE "id" = 2876;
INSERT INTO "TrackElement" ("id") VALUES (2877);
INSERT INTO "Switch" ("id") VALUES (2877);
UPDATE "TrackElement" SET "region" = 2407 WHERE "id" = 2877;
INSERT INTO "Sensor" ("id") VALUES (2878);
UPDATE "Sensor" SET "region" = 2407 WHERE "id" = 2878;
INSERT INTO "monitoredBy" VALUES (2877, 2878);
UPDATE "Sensor" SET "route" = 2406 WHERE "id" = 2878;
INSERT INTO "TrackElement" ("id") VALUES (2879);
INSERT INTO "Segment" ("id", "length") VALUES (2879, 164);
UPDATE "TrackElement" SET "region" = 2407 WHERE "id" = 2879;
INSERT INTO "monitoredBy" VALUES (2879, 2878);
INSERT INTO "TrackElement" ("id") VALUES (2880);
INSERT INTO "Segment" ("id", "length") VALUES (2880, 67);
UPDATE "TrackElement" SET "region" = 2407 WHERE "id" = 2880;
INSERT INTO "monitoredBy" VALUES (2880, 2878);
INSERT INTO "TrackElement" ("id") VALUES (2881);
INSERT INTO "Segment" ("id", "length") VALUES (2881, 450);
UPDATE "TrackElement" SET "region" = 2407 WHERE "id" = 2881;
INSERT INTO "monitoredBy" VALUES (2881, 2878);
INSERT INTO "TrackElement" ("id") VALUES (2882);
INSERT INTO "Segment" ("id", "length") VALUES (2882, 77);
UPDATE "TrackElement" SET "region" = 2407 WHERE "id" = 2882;
INSERT INTO "monitoredBy" VALUES (2882, 2878);
INSERT INTO "TrackElement" ("id") VALUES (2883);
INSERT INTO "Segment" ("id", "length") VALUES (2883, 576);
UPDATE "TrackElement" SET "region" = 2407 WHERE "id" = 2883;
INSERT INTO "monitoredBy" VALUES (2883, 2878);
INSERT INTO "Sensor" ("id") VALUES (2884);
UPDATE "Sensor" SET "region" = 2407 WHERE "id" = 2884;
INSERT INTO "monitoredBy" VALUES (2877, 2884);
UPDATE "Sensor" SET "route" = 2406 WHERE "id" = 2884;
INSERT INTO "TrackElement" ("id") VALUES (2885);
INSERT INTO "Segment" ("id", "length") VALUES (2885, 357);
UPDATE "TrackElement" SET "region" = 2407 WHERE "id" = 2885;
INSERT INTO "monitoredBy" VALUES (2885, 2884);
INSERT INTO "TrackElement" ("id") VALUES (2886);
INSERT INTO "Segment" ("id", "length") VALUES (2886, 999);
UPDATE "TrackElement" SET "region" = 2407 WHERE "id" = 2886;
INSERT INTO "monitoredBy" VALUES (2886, 2884);
INSERT INTO "TrackElement" ("id") VALUES (2887);
INSERT INTO "Segment" ("id", "length") VALUES (2887, 814);
UPDATE "TrackElement" SET "region" = 2407 WHERE "id" = 2887;
INSERT INTO "monitoredBy" VALUES (2887, 2884);
INSERT INTO "TrackElement" ("id") VALUES (2888);
INSERT INTO "Segment" ("id", "length") VALUES (2888, 129);
UPDATE "TrackElement" SET "region" = 2407 WHERE "id" = 2888;
INSERT INTO "monitoredBy" VALUES (2888, 2884);
INSERT INTO "TrackElement" ("id") VALUES (2889);
INSERT INTO "Segment" ("id", "length") VALUES (2889, 124);
UPDATE "TrackElement" SET "region" = 2407 WHERE "id" = 2889;
INSERT INTO "monitoredBy" VALUES (2889, 2884);
UPDATE "Switch" SET "currentPosition" = 0 WHERE "id" = 2877;
INSERT INTO "SwitchPosition" ("id", "position", "target") VALUES (2890, 0, 2877);
UPDATE "SwitchPosition" SET "route" = 2406 WHERE "id" = 2890;
INSERT INTO "TrackElement" ("id") VALUES (2891);
INSERT INTO "Switch" ("id") VALUES (2891);
UPDATE "TrackElement" SET "region" = 2407 WHERE "id" = 2891;
INSERT INTO "Sensor" ("id") VALUES (2892);
UPDATE "Sensor" SET "region" = 2407 WHERE "id" = 2892;
INSERT INTO "monitoredBy" VALUES (2891, 2892);
UPDATE "Sensor" SET "route" = 2406 WHERE "id" = 2892;
INSERT INTO "TrackElement" ("id") VALUES (2893);
INSERT INTO "Segment" ("id", "length") VALUES (2893, 817);
UPDATE "TrackElement" SET "region" = 2407 WHERE "id" = 2893;
INSERT INTO "monitoredBy" VALUES (2893, 2892);
INSERT INTO "TrackElement" ("id") VALUES (2894);
INSERT INTO "Segment" ("id", "length") VALUES (2894, 994);
UPDATE "TrackElement" SET "region" = 2407 WHERE "id" = 2894;
INSERT INTO "monitoredBy" VALUES (2894, 2892);
INSERT INTO "TrackElement" ("id") VALUES (2895);
INSERT INTO "Segment" ("id", "length") VALUES (2895, 862);
UPDATE "TrackElement" SET "region" = 2407 WHERE "id" = 2895;
INSERT INTO "monitoredBy" VALUES (2895, 2892);
INSERT INTO "TrackElement" ("id") VALUES (2896);
INSERT INTO "Segment" ("id", "length") VALUES (2896, 852);
UPDATE "TrackElement" SET "region" = 2407 WHERE "id" = 2896;
INSERT INTO "monitoredBy" VALUES (2896, 2892);
INSERT INTO "TrackElement" ("id") VALUES (2897);
INSERT INTO "Segment" ("id", "length") VALUES (2897, 679);
UPDATE "TrackElement" SET "region" = 2407 WHERE "id" = 2897;
INSERT INTO "monitoredBy" VALUES (2897, 2892);
INSERT INTO "Sensor" ("id") VALUES (2898);
UPDATE "Sensor" SET "region" = 2407 WHERE "id" = 2898;
INSERT INTO "monitoredBy" VALUES (2891, 2898);
UPDATE "Sensor" SET "route" = 2406 WHERE "id" = 2898;
INSERT INTO "TrackElement" ("id") VALUES (2899);
INSERT INTO "Segment" ("id", "length") VALUES (2899, 597);
UPDATE "TrackElement" SET "region" = 2407 WHERE "id" = 2899;
INSERT INTO "monitoredBy" VALUES (2899, 2898);
INSERT INTO "TrackElement" ("id") VALUES (2900);
INSERT INTO "Segment" ("id", "length") VALUES (2900, 379);
UPDATE "TrackElement" SET "region" = 2407 WHERE "id" = 2900;
INSERT INTO "monitoredBy" VALUES (2900, 2898);
INSERT INTO "TrackElement" ("id") VALUES (2901);
INSERT INTO "Segment" ("id", "length") VALUES (2901, 745);
UPDATE "TrackElement" SET "region" = 2407 WHERE "id" = 2901;
INSERT INTO "monitoredBy" VALUES (2901, 2898);
INSERT INTO "TrackElement" ("id") VALUES (2902);
INSERT INTO "Segment" ("id", "length") VALUES (2902, 744);
UPDATE "TrackElement" SET "region" = 2407 WHERE "id" = 2902;
INSERT INTO "monitoredBy" VALUES (2902, 2898);
INSERT INTO "TrackElement" ("id") VALUES (2903);
INSERT INTO "Segment" ("id", "length") VALUES (2903, 478);
UPDATE "TrackElement" SET "region" = 2407 WHERE "id" = 2903;
INSERT INTO "monitoredBy" VALUES (2903, 2898);
INSERT INTO "Sensor" ("id") VALUES (2904);
UPDATE "Sensor" SET "region" = 2407 WHERE "id" = 2904;
INSERT INTO "monitoredBy" VALUES (2891, 2904);
UPDATE "Sensor" SET "route" = 2406 WHERE "id" = 2904;
INSERT INTO "TrackElement" ("id") VALUES (2905);
INSERT INTO "Segment" ("id", "length") VALUES (2905, 57);
UPDATE "TrackElement" SET "region" = 2407 WHERE "id" = 2905;
INSERT INTO "monitoredBy" VALUES (2905, 2904);
INSERT INTO "TrackElement" ("id") VALUES (2906);
INSERT INTO "Segment" ("id", "length") VALUES (2906, 706);
UPDATE "TrackElement" SET "region" = 2407 WHERE "id" = 2906;
INSERT INTO "monitoredBy" VALUES (2906, 2904);
INSERT INTO "TrackElement" ("id") VALUES (2907);
INSERT INTO "Segment" ("id", "length") VALUES (2907, 837);
UPDATE "TrackElement" SET "region" = 2407 WHERE "id" = 2907;
INSERT INTO "monitoredBy" VALUES (2907, 2904);
INSERT INTO "TrackElement" ("id") VALUES (2908);
INSERT INTO "Segment" ("id", "length") VALUES (2908, 453);
UPDATE "TrackElement" SET "region" = 2407 WHERE "id" = 2908;
INSERT INTO "monitoredBy" VALUES (2908, 2904);
INSERT INTO "TrackElement" ("id") VALUES (2909);
INSERT INTO "Segment" ("id", "length") VALUES (2909, 907);
UPDATE "TrackElement" SET "region" = 2407 WHERE "id" = 2909;
INSERT INTO "monitoredBy" VALUES (2909, 2904);
INSERT INTO "Sensor" ("id") VALUES (2910);
UPDATE "Sensor" SET "region" = 2407 WHERE "id" = 2910;
INSERT INTO "monitoredBy" VALUES (2891, 2910);
UPDATE "Sensor" SET "route" = 2406 WHERE "id" = 2910;
INSERT INTO "TrackElement" ("id") VALUES (2911);
INSERT INTO "Segment" ("id", "length") VALUES (2911, 339);
UPDATE "TrackElement" SET "region" = 2407 WHERE "id" = 2911;
INSERT INTO "monitoredBy" VALUES (2911, 2910);
INSERT INTO "TrackElement" ("id") VALUES (2912);
INSERT INTO "Segment" ("id", "length") VALUES (2912, 831);
UPDATE "TrackElement" SET "region" = 2407 WHERE "id" = 2912;
INSERT INTO "monitoredBy" VALUES (2912, 2910);
INSERT INTO "TrackElement" ("id") VALUES (2913);
INSERT INTO "Segment" ("id", "length") VALUES (2913, 189);
UPDATE "TrackElement" SET "region" = 2407 WHERE "id" = 2913;
INSERT INTO "monitoredBy" VALUES (2913, 2910);
INSERT INTO "TrackElement" ("id") VALUES (2914);
INSERT INTO "Segment" ("id", "length") VALUES (2914, 214);
UPDATE "TrackElement" SET "region" = 2407 WHERE "id" = 2914;
INSERT INTO "monitoredBy" VALUES (2914, 2910);
INSERT INTO "TrackElement" ("id") VALUES (2915);
INSERT INTO "Segment" ("id", "length") VALUES (2915, 55);
UPDATE "TrackElement" SET "region" = 2407 WHERE "id" = 2915;
INSERT INTO "monitoredBy" VALUES (2915, 2910);
INSERT INTO "Sensor" ("id") VALUES (2916);
UPDATE "Sensor" SET "region" = 2407 WHERE "id" = 2916;
INSERT INTO "monitoredBy" VALUES (2891, 2916);
UPDATE "Sensor" SET "route" = 2406 WHERE "id" = 2916;
INSERT INTO "TrackElement" ("id") VALUES (2917);
INSERT INTO "Segment" ("id", "length") VALUES (2917, 594);
UPDATE "TrackElement" SET "region" = 2407 WHERE "id" = 2917;
INSERT INTO "monitoredBy" VALUES (2917, 2916);
INSERT INTO "TrackElement" ("id") VALUES (2918);
INSERT INTO "Segment" ("id", "length") VALUES (2918, 82);
UPDATE "TrackElement" SET "region" = 2407 WHERE "id" = 2918;
INSERT INTO "monitoredBy" VALUES (2918, 2916);
INSERT INTO "TrackElement" ("id") VALUES (2919);
INSERT INTO "Segment" ("id", "length") VALUES (2919, 816);
UPDATE "TrackElement" SET "region" = 2407 WHERE "id" = 2919;
INSERT INTO "monitoredBy" VALUES (2919, 2916);
INSERT INTO "TrackElement" ("id") VALUES (2920);
INSERT INTO "Segment" ("id", "length") VALUES (2920, 204);
UPDATE "TrackElement" SET "region" = 2407 WHERE "id" = 2920;
INSERT INTO "monitoredBy" VALUES (2920, 2916);
INSERT INTO "TrackElement" ("id") VALUES (2921);
INSERT INTO "Segment" ("id", "length") VALUES (2921, 990);
UPDATE "TrackElement" SET "region" = 2407 WHERE "id" = 2921;
INSERT INTO "monitoredBy" VALUES (2921, 2916);
INSERT INTO "Sensor" ("id") VALUES (2922);
UPDATE "Sensor" SET "region" = 2407 WHERE "id" = 2922;
INSERT INTO "monitoredBy" VALUES (2891, 2922);
UPDATE "Sensor" SET "route" = 2406 WHERE "id" = 2922;
INSERT INTO "TrackElement" ("id") VALUES (2923);
INSERT INTO "Segment" ("id", "length") VALUES (2923, 399);
UPDATE "TrackElement" SET "region" = 2407 WHERE "id" = 2923;
INSERT INTO "monitoredBy" VALUES (2923, 2922);
INSERT INTO "TrackElement" ("id") VALUES (2924);
INSERT INTO "Segment" ("id", "length") VALUES (2924, 752);
UPDATE "TrackElement" SET "region" = 2407 WHERE "id" = 2924;
INSERT INTO "monitoredBy" VALUES (2924, 2922);
INSERT INTO "TrackElement" ("id") VALUES (2925);
INSERT INTO "Segment" ("id", "length") VALUES (2925, 516);
UPDATE "TrackElement" SET "region" = 2407 WHERE "id" = 2925;
INSERT INTO "monitoredBy" VALUES (2925, 2922);
INSERT INTO "TrackElement" ("id") VALUES (2926);
INSERT INTO "Segment" ("id", "length") VALUES (2926, 518);
UPDATE "TrackElement" SET "region" = 2407 WHERE "id" = 2926;
INSERT INTO "monitoredBy" VALUES (2926, 2922);
INSERT INTO "TrackElement" ("id") VALUES (2927);
INSERT INTO "Segment" ("id", "length") VALUES (2927, 806);
UPDATE "TrackElement" SET "region" = 2407 WHERE "id" = 2927;
INSERT INTO "monitoredBy" VALUES (2927, 2922);
INSERT INTO "Sensor" ("id") VALUES (2928);
UPDATE "Sensor" SET "region" = 2407 WHERE "id" = 2928;
INSERT INTO "monitoredBy" VALUES (2891, 2928);
UPDATE "Sensor" SET "route" = 2406 WHERE "id" = 2928;
INSERT INTO "TrackElement" ("id") VALUES (2929);
INSERT INTO "Segment" ("id", "length") VALUES (2929, 143);
UPDATE "TrackElement" SET "region" = 2407 WHERE "id" = 2929;
INSERT INTO "monitoredBy" VALUES (2929, 2928);
INSERT INTO "TrackElement" ("id") VALUES (2930);
INSERT INTO "Segment" ("id", "length") VALUES (2930, 635);
UPDATE "TrackElement" SET "region" = 2407 WHERE "id" = 2930;
INSERT INTO "monitoredBy" VALUES (2930, 2928);
INSERT INTO "TrackElement" ("id") VALUES (2931);
INSERT INTO "Segment" ("id", "length") VALUES (2931, 232);
UPDATE "TrackElement" SET "region" = 2407 WHERE "id" = 2931;
INSERT INTO "monitoredBy" VALUES (2931, 2928);
INSERT INTO "TrackElement" ("id") VALUES (2932);
INSERT INTO "Segment" ("id", "length") VALUES (2932, 382);
UPDATE "TrackElement" SET "region" = 2407 WHERE "id" = 2932;
INSERT INTO "monitoredBy" VALUES (2932, 2928);
INSERT INTO "TrackElement" ("id") VALUES (2933);
INSERT INTO "Segment" ("id", "length") VALUES (2933, 138);
UPDATE "TrackElement" SET "region" = 2407 WHERE "id" = 2933;
INSERT INTO "monitoredBy" VALUES (2933, 2928);
UPDATE "Switch" SET "currentPosition" = 1 WHERE "id" = 2891;
INSERT INTO "SwitchPosition" ("id", "position", "target") VALUES (2934, 1, 2891);
UPDATE "SwitchPosition" SET "route" = 2406 WHERE "id" = 2934;
INSERT INTO "TrackElement" ("id") VALUES (2935);
INSERT INTO "Switch" ("id") VALUES (2935);
UPDATE "TrackElement" SET "region" = 2407 WHERE "id" = 2935;
INSERT INTO "Sensor" ("id") VALUES (2936);
UPDATE "Sensor" SET "region" = 2407 WHERE "id" = 2936;
INSERT INTO "monitoredBy" VALUES (2935, 2936);
UPDATE "Sensor" SET "route" = 2406 WHERE "id" = 2936;
INSERT INTO "TrackElement" ("id") VALUES (2937);
INSERT INTO "Segment" ("id", "length") VALUES (2937, 287);
UPDATE "TrackElement" SET "region" = 2407 WHERE "id" = 2937;
INSERT INTO "monitoredBy" VALUES (2937, 2936);
INSERT INTO "TrackElement" ("id") VALUES (2938);
INSERT INTO "Segment" ("id", "length") VALUES (2938, 689);
UPDATE "TrackElement" SET "region" = 2407 WHERE "id" = 2938;
INSERT INTO "monitoredBy" VALUES (2938, 2936);
INSERT INTO "TrackElement" ("id") VALUES (2939);
INSERT INTO "Segment" ("id", "length") VALUES (2939, 456);
UPDATE "TrackElement" SET "region" = 2407 WHERE "id" = 2939;
INSERT INTO "monitoredBy" VALUES (2939, 2936);
INSERT INTO "TrackElement" ("id") VALUES (2940);
INSERT INTO "Segment" ("id", "length") VALUES (2940, 625);
UPDATE "TrackElement" SET "region" = 2407 WHERE "id" = 2940;
INSERT INTO "monitoredBy" VALUES (2940, 2936);
INSERT INTO "TrackElement" ("id") VALUES (2941);
INSERT INTO "Segment" ("id", "length") VALUES (2941, 976);
UPDATE "TrackElement" SET "region" = 2407 WHERE "id" = 2941;
INSERT INTO "monitoredBy" VALUES (2941, 2936);
INSERT INTO "Sensor" ("id") VALUES (2942);
UPDATE "Sensor" SET "region" = 2407 WHERE "id" = 2942;
INSERT INTO "monitoredBy" VALUES (2935, 2942);
UPDATE "Sensor" SET "route" = 2406 WHERE "id" = 2942;
INSERT INTO "TrackElement" ("id") VALUES (2943);
INSERT INTO "Segment" ("id", "length") VALUES (2943, -281);
UPDATE "TrackElement" SET "region" = 2407 WHERE "id" = 2943;
INSERT INTO "monitoredBy" VALUES (2943, 2942);
INSERT INTO "TrackElement" ("id") VALUES (2944);
INSERT INTO "Segment" ("id", "length") VALUES (2944, 622);
UPDATE "TrackElement" SET "region" = 2407 WHERE "id" = 2944;
INSERT INTO "monitoredBy" VALUES (2944, 2942);
INSERT INTO "TrackElement" ("id") VALUES (2945);
INSERT INTO "Segment" ("id", "length") VALUES (2945, 493);
UPDATE "TrackElement" SET "region" = 2407 WHERE "id" = 2945;
INSERT INTO "monitoredBy" VALUES (2945, 2942);
INSERT INTO "TrackElement" ("id") VALUES (2946);
INSERT INTO "Segment" ("id", "length") VALUES (2946, 956);
UPDATE "TrackElement" SET "region" = 2407 WHERE "id" = 2946;
INSERT INTO "monitoredBy" VALUES (2946, 2942);
INSERT INTO "TrackElement" ("id") VALUES (2947);
INSERT INTO "Segment" ("id", "length") VALUES (2947, 916);
UPDATE "TrackElement" SET "region" = 2407 WHERE "id" = 2947;
INSERT INTO "monitoredBy" VALUES (2947, 2942);
INSERT INTO "Sensor" ("id") VALUES (2948);
UPDATE "Sensor" SET "region" = 2407 WHERE "id" = 2948;
INSERT INTO "monitoredBy" VALUES (2935, 2948);
UPDATE "Sensor" SET "route" = 2406 WHERE "id" = 2948;
INSERT INTO "TrackElement" ("id") VALUES (2949);
INSERT INTO "Segment" ("id", "length") VALUES (2949, 711);
UPDATE "TrackElement" SET "region" = 2407 WHERE "id" = 2949;
INSERT INTO "monitoredBy" VALUES (2949, 2948);
INSERT INTO "TrackElement" ("id") VALUES (2950);
INSERT INTO "Segment" ("id", "length") VALUES (2950, 932);
UPDATE "TrackElement" SET "region" = 2407 WHERE "id" = 2950;
INSERT INTO "monitoredBy" VALUES (2950, 2948);
INSERT INTO "TrackElement" ("id") VALUES (2951);
INSERT INTO "Segment" ("id", "length") VALUES (2951, 743);
UPDATE "TrackElement" SET "region" = 2407 WHERE "id" = 2951;
INSERT INTO "monitoredBy" VALUES (2951, 2948);
INSERT INTO "TrackElement" ("id") VALUES (2952);
INSERT INTO "Segment" ("id", "length") VALUES (2952, 910);
UPDATE "TrackElement" SET "region" = 2407 WHERE "id" = 2952;
INSERT INTO "monitoredBy" VALUES (2952, 2948);
INSERT INTO "TrackElement" ("id") VALUES (2953);
INSERT INTO "Segment" ("id", "length") VALUES (2953, 2);
UPDATE "TrackElement" SET "region" = 2407 WHERE "id" = 2953;
INSERT INTO "monitoredBy" VALUES (2953, 2948);
INSERT INTO "Sensor" ("id") VALUES (2954);
UPDATE "Sensor" SET "region" = 2407 WHERE "id" = 2954;
INSERT INTO "monitoredBy" VALUES (2935, 2954);
UPDATE "Sensor" SET "route" = 2406 WHERE "id" = 2954;
INSERT INTO "TrackElement" ("id") VALUES (2955);
INSERT INTO "Segment" ("id", "length") VALUES (2955, 863);
UPDATE "TrackElement" SET "region" = 2407 WHERE "id" = 2955;
INSERT INTO "monitoredBy" VALUES (2955, 2954);
INSERT INTO "TrackElement" ("id") VALUES (2956);
INSERT INTO "Segment" ("id", "length") VALUES (2956, 273);
UPDATE "TrackElement" SET "region" = 2407 WHERE "id" = 2956;
INSERT INTO "monitoredBy" VALUES (2956, 2954);
INSERT INTO "TrackElement" ("id") VALUES (2957);
INSERT INTO "Segment" ("id", "length") VALUES (2957, 667);
UPDATE "TrackElement" SET "region" = 2407 WHERE "id" = 2957;
INSERT INTO "monitoredBy" VALUES (2957, 2954);
INSERT INTO "TrackElement" ("id") VALUES (2958);
INSERT INTO "Segment" ("id", "length") VALUES (2958, 953);
UPDATE "TrackElement" SET "region" = 2407 WHERE "id" = 2958;
INSERT INTO "monitoredBy" VALUES (2958, 2954);
INSERT INTO "TrackElement" ("id") VALUES (2959);
INSERT INTO "Segment" ("id", "length") VALUES (2959, 541);
UPDATE "TrackElement" SET "region" = 2407 WHERE "id" = 2959;
INSERT INTO "monitoredBy" VALUES (2959, 2954);
INSERT INTO "Sensor" ("id") VALUES (2960);
UPDATE "Sensor" SET "region" = 2407 WHERE "id" = 2960;
INSERT INTO "monitoredBy" VALUES (2935, 2960);
UPDATE "Sensor" SET "route" = 2406 WHERE "id" = 2960;
INSERT INTO "TrackElement" ("id") VALUES (2961);
INSERT INTO "Segment" ("id", "length") VALUES (2961, 889);
UPDATE "TrackElement" SET "region" = 2407 WHERE "id" = 2961;
INSERT INTO "monitoredBy" VALUES (2961, 2960);
INSERT INTO "TrackElement" ("id") VALUES (2962);
INSERT INTO "Segment" ("id", "length") VALUES (2962, 862);
UPDATE "TrackElement" SET "region" = 2407 WHERE "id" = 2962;
INSERT INTO "monitoredBy" VALUES (2962, 2960);
INSERT INTO "TrackElement" ("id") VALUES (2963);
INSERT INTO "Segment" ("id", "length") VALUES (2963, 43);
UPDATE "TrackElement" SET "region" = 2407 WHERE "id" = 2963;
INSERT INTO "monitoredBy" VALUES (2963, 2960);
INSERT INTO "TrackElement" ("id") VALUES (2964);
INSERT INTO "Segment" ("id", "length") VALUES (2964, 389);
UPDATE "TrackElement" SET "region" = 2407 WHERE "id" = 2964;
INSERT INTO "monitoredBy" VALUES (2964, 2960);
INSERT INTO "TrackElement" ("id") VALUES (2965);
INSERT INTO "Segment" ("id", "length") VALUES (2965, 930);
UPDATE "TrackElement" SET "region" = 2407 WHERE "id" = 2965;
INSERT INTO "monitoredBy" VALUES (2965, 2960);
INSERT INTO "TrackElement" ("id") VALUES (2966);
INSERT INTO "Segment" ("id", "length") VALUES (2966, 718);
UPDATE "TrackElement" SET "region" = 2407 WHERE "id" = 2966;
INSERT INTO "monitoredBy" VALUES (2966, 2960);
INSERT INTO "Sensor" ("id") VALUES (2967);
UPDATE "Sensor" SET "region" = 2407 WHERE "id" = 2967;
INSERT INTO "monitoredBy" VALUES (2935, 2967);
UPDATE "Sensor" SET "route" = 2406 WHERE "id" = 2967;
INSERT INTO "TrackElement" ("id") VALUES (2968);
INSERT INTO "Segment" ("id", "length") VALUES (2968, 421);
UPDATE "TrackElement" SET "region" = 2407 WHERE "id" = 2968;
INSERT INTO "monitoredBy" VALUES (2968, 2967);
INSERT INTO "TrackElement" ("id") VALUES (2969);
INSERT INTO "Segment" ("id", "length") VALUES (2969, 539);
UPDATE "TrackElement" SET "region" = 2407 WHERE "id" = 2969;
INSERT INTO "monitoredBy" VALUES (2969, 2967);
INSERT INTO "TrackElement" ("id") VALUES (2970);
INSERT INTO "Segment" ("id", "length") VALUES (2970, 886);
UPDATE "TrackElement" SET "region" = 2407 WHERE "id" = 2970;
INSERT INTO "monitoredBy" VALUES (2970, 2967);
INSERT INTO "TrackElement" ("id") VALUES (2971);
INSERT INTO "Segment" ("id", "length") VALUES (2971, 623);
UPDATE "TrackElement" SET "region" = 2407 WHERE "id" = 2971;
INSERT INTO "monitoredBy" VALUES (2971, 2967);
INSERT INTO "TrackElement" ("id") VALUES (2972);
INSERT INTO "Segment" ("id", "length") VALUES (2972, 946);
UPDATE "TrackElement" SET "region" = 2407 WHERE "id" = 2972;
INSERT INTO "monitoredBy" VALUES (2972, 2967);
INSERT INTO "Sensor" ("id") VALUES (2973);
UPDATE "Sensor" SET "region" = 2407 WHERE "id" = 2973;
INSERT INTO "monitoredBy" VALUES (2935, 2973);
UPDATE "Sensor" SET "route" = 2406 WHERE "id" = 2973;
INSERT INTO "TrackElement" ("id") VALUES (2974);
INSERT INTO "Segment" ("id", "length") VALUES (2974, 241);
UPDATE "TrackElement" SET "region" = 2407 WHERE "id" = 2974;
INSERT INTO "monitoredBy" VALUES (2974, 2973);
INSERT INTO "TrackElement" ("id") VALUES (2975);
INSERT INTO "Segment" ("id", "length") VALUES (2975, 153);
UPDATE "TrackElement" SET "region" = 2407 WHERE "id" = 2975;
INSERT INTO "monitoredBy" VALUES (2975, 2973);
INSERT INTO "TrackElement" ("id") VALUES (2976);
INSERT INTO "Segment" ("id", "length") VALUES (2976, 787);
UPDATE "TrackElement" SET "region" = 2407 WHERE "id" = 2976;
INSERT INTO "monitoredBy" VALUES (2976, 2973);
INSERT INTO "TrackElement" ("id") VALUES (2977);
INSERT INTO "Segment" ("id", "length") VALUES (2977, 986);
UPDATE "TrackElement" SET "region" = 2407 WHERE "id" = 2977;
INSERT INTO "monitoredBy" VALUES (2977, 2973);
INSERT INTO "TrackElement" ("id") VALUES (2978);
INSERT INTO "Segment" ("id", "length") VALUES (2978, 676);
UPDATE "TrackElement" SET "region" = 2407 WHERE "id" = 2978;
INSERT INTO "monitoredBy" VALUES (2978, 2973);
UPDATE "Switch" SET "currentPosition" = 1 WHERE "id" = 2935;
INSERT INTO "SwitchPosition" ("id", "position", "target") VALUES (2979, 1, 2935);
UPDATE "SwitchPosition" SET "route" = 2406 WHERE "id" = 2979;
INSERT INTO "connectsTo" VALUES (2408, 2410);
INSERT INTO "connectsTo" VALUES (2410, 2411);
INSERT INTO "connectsTo" VALUES (2411, 2412);
INSERT INTO "connectsTo" VALUES (2412, 2413);
INSERT INTO "connectsTo" VALUES (2413, 2414);
INSERT INTO "connectsTo" VALUES (2414, 2416);
INSERT INTO "connectsTo" VALUES (2416, 2417);
INSERT INTO "connectsTo" VALUES (2417, 2418);
INSERT INTO "connectsTo" VALUES (2418, 2419);
INSERT INTO "connectsTo" VALUES (2419, 2420);
INSERT INTO "connectsTo" VALUES (2420, 2422);
INSERT INTO "connectsTo" VALUES (2422, 2423);
INSERT INTO "connectsTo" VALUES (2423, 2424);
INSERT INTO "connectsTo" VALUES (2424, 2425);
INSERT INTO "connectsTo" VALUES (2425, 2426);
INSERT INTO "connectsTo" VALUES (2426, 2427);
INSERT INTO "connectsTo" VALUES (2427, 2429);
INSERT INTO "connectsTo" VALUES (2429, 2430);
INSERT INTO "connectsTo" VALUES (2430, 2431);
INSERT INTO "connectsTo" VALUES (2431, 2432);
INSERT INTO "connectsTo" VALUES (2432, 2433);
INSERT INTO "connectsTo" VALUES (2433, 2435);
INSERT INTO "connectsTo" VALUES (2435, 2436);
INSERT INTO "connectsTo" VALUES (2436, 2437);
INSERT INTO "connectsTo" VALUES (2437, 2438);
INSERT INTO "connectsTo" VALUES (2438, 2439);
INSERT INTO "connectsTo" VALUES (2439, 2441);
INSERT INTO "connectsTo" VALUES (2441, 2442);
INSERT INTO "connectsTo" VALUES (2442, 2443);
INSERT INTO "connectsTo" VALUES (2443, 2444);
INSERT INTO "connectsTo" VALUES (2444, 2445);
INSERT INTO "connectsTo" VALUES (2445, 2447);
INSERT INTO "connectsTo" VALUES (2447, 2448);
INSERT INTO "connectsTo" VALUES (2448, 2449);
INSERT INTO "connectsTo" VALUES (2449, 2450);
INSERT INTO "connectsTo" VALUES (2450, 2451);
INSERT INTO "connectsTo" VALUES (2451, 2453);
INSERT INTO "connectsTo" VALUES (2453, 2454);
INSERT INTO "connectsTo" VALUES (2454, 2455);
INSERT INTO "connectsTo" VALUES (2455, 2456);
INSERT INTO "connectsTo" VALUES (2456, 2457);
INSERT INTO "connectsTo" VALUES (2457, 2459);
INSERT INTO "connectsTo" VALUES (2459, 2460);
INSERT INTO "connectsTo" VALUES (2460, 2461);
INSERT INTO "connectsTo" VALUES (2461, 2462);
INSERT INTO "connectsTo" VALUES (2462, 2463);
INSERT INTO "connectsTo" VALUES (2463, 2465);
INSERT INTO "connectsTo" VALUES (2465, 2467);
INSERT INTO "connectsTo" VALUES (2467, 2468);
INSERT INTO "connectsTo" VALUES (2468, 2469);
INSERT INTO "connectsTo" VALUES (2469, 2470);
INSERT INTO "connectsTo" VALUES (2470, 2471);
INSERT INTO "connectsTo" VALUES (2471, 2473);
INSERT INTO "connectsTo" VALUES (2473, 2474);
INSERT INTO "connectsTo" VALUES (2474, 2475);
INSERT INTO "connectsTo" VALUES (2475, 2476);
INSERT INTO "connectsTo" VALUES (2476, 2477);
INSERT INTO "connectsTo" VALUES (2477, 2479);
INSERT INTO "connectsTo" VALUES (2479, 2480);
INSERT INTO "connectsTo" VALUES (2480, 2481);
INSERT INTO "connectsTo" VALUES (2481, 2482);
INSERT INTO "connectsTo" VALUES (2482, 2483);
INSERT INTO "connectsTo" VALUES (2483, 2485);
INSERT INTO "connectsTo" VALUES (2485, 2486);
INSERT INTO "connectsTo" VALUES (2486, 2487);
INSERT INTO "connectsTo" VALUES (2487, 2488);
INSERT INTO "connectsTo" VALUES (2488, 2489);
INSERT INTO "connectsTo" VALUES (2489, 2491);
INSERT INTO "connectsTo" VALUES (2491, 2493);
INSERT INTO "connectsTo" VALUES (2493, 2494);
INSERT INTO "connectsTo" VALUES (2494, 2495);
INSERT INTO "connectsTo" VALUES (2495, 2496);
INSERT INTO "connectsTo" VALUES (2496, 2497);
INSERT INTO "connectsTo" VALUES (2497, 2499);
INSERT INTO "connectsTo" VALUES (2499, 2500);
INSERT INTO "connectsTo" VALUES (2500, 2501);
INSERT INTO "connectsTo" VALUES (2501, 2502);
INSERT INTO "connectsTo" VALUES (2502, 2503);
INSERT INTO "connectsTo" VALUES (2503, 2505);
INSERT INTO "connectsTo" VALUES (2505, 2506);
INSERT INTO "connectsTo" VALUES (2506, 2507);
INSERT INTO "connectsTo" VALUES (2507, 2508);
INSERT INTO "connectsTo" VALUES (2508, 2509);
INSERT INTO "connectsTo" VALUES (2509, 2511);
INSERT INTO "connectsTo" VALUES (2511, 2513);
INSERT INTO "connectsTo" VALUES (2513, 2514);
INSERT INTO "connectsTo" VALUES (2514, 2515);
INSERT INTO "connectsTo" VALUES (2515, 2516);
INSERT INTO "connectsTo" VALUES (2516, 2517);
INSERT INTO "connectsTo" VALUES (2517, 2518);
INSERT INTO "connectsTo" VALUES (2518, 2520);
INSERT INTO "connectsTo" VALUES (2520, 2521);
INSERT INTO "connectsTo" VALUES (2521, 2522);
INSERT INTO "connectsTo" VALUES (2522, 2523);
INSERT INTO "connectsTo" VALUES (2523, 2524);
INSERT INTO "connectsTo" VALUES (2524, 2526);
INSERT INTO "connectsTo" VALUES (2526, 2527);
INSERT INTO "connectsTo" VALUES (2527, 2528);
INSERT INTO "connectsTo" VALUES (2528, 2529);
INSERT INTO "connectsTo" VALUES (2529, 2530);
INSERT INTO "connectsTo" VALUES (2530, 2532);
INSERT INTO "connectsTo" VALUES (2532, 2533);
INSERT INTO "connectsTo" VALUES (2533, 2534);
INSERT INTO "connectsTo" VALUES (2534, 2535);
INSERT INTO "connectsTo" VALUES (2535, 2536);
INSERT INTO "connectsTo" VALUES (2536, 2538);
INSERT INTO "connectsTo" VALUES (2538, 2539);
INSERT INTO "connectsTo" VALUES (2539, 2540);
INSERT INTO "connectsTo" VALUES (2540, 2541);
INSERT INTO "connectsTo" VALUES (2541, 2542);
INSERT INTO "connectsTo" VALUES (2542, 2544);
INSERT INTO "connectsTo" VALUES (2544, 2545);
INSERT INTO "connectsTo" VALUES (2545, 2546);
INSERT INTO "connectsTo" VALUES (2546, 2547);
INSERT INTO "connectsTo" VALUES (2547, 2548);
INSERT INTO "connectsTo" VALUES (2548, 2550);
INSERT INTO "connectsTo" VALUES (2550, 2551);
INSERT INTO "connectsTo" VALUES (2551, 2552);
INSERT INTO "connectsTo" VALUES (2552, 2553);
INSERT INTO "connectsTo" VALUES (2553, 2554);
INSERT INTO "connectsTo" VALUES (2554, 2556);
INSERT INTO "connectsTo" VALUES (2556, 2557);
INSERT INTO "connectsTo" VALUES (2557, 2558);
INSERT INTO "connectsTo" VALUES (2558, 2559);
INSERT INTO "connectsTo" VALUES (2559, 2560);
INSERT INTO "connectsTo" VALUES (2560, 2562);
INSERT INTO "connectsTo" VALUES (2562, 2564);
INSERT INTO "connectsTo" VALUES (2564, 2565);
INSERT INTO "connectsTo" VALUES (2565, 2566);
INSERT INTO "connectsTo" VALUES (2566, 2567);
INSERT INTO "connectsTo" VALUES (2567, 2568);
INSERT INTO "connectsTo" VALUES (2568, 2570);
INSERT INTO "connectsTo" VALUES (2570, 2572);
INSERT INTO "connectsTo" VALUES (2572, 2573);
INSERT INTO "connectsTo" VALUES (2573, 2574);
INSERT INTO "connectsTo" VALUES (2574, 2575);
INSERT INTO "connectsTo" VALUES (2575, 2576);
INSERT INTO "connectsTo" VALUES (2576, 2578);
INSERT INTO "connectsTo" VALUES (2578, 2579);
INSERT INTO "connectsTo" VALUES (2579, 2580);
INSERT INTO "connectsTo" VALUES (2580, 2581);
INSERT INTO "connectsTo" VALUES (2581, 2582);
INSERT INTO "connectsTo" VALUES (2582, 2584);
INSERT INTO "connectsTo" VALUES (2584, 2585);
INSERT INTO "connectsTo" VALUES (2585, 2586);
INSERT INTO "connectsTo" VALUES (2586, 2587);
INSERT INTO "connectsTo" VALUES (2587, 2588);
INSERT INTO "connectsTo" VALUES (2588, 2590);
INSERT INTO "connectsTo" VALUES (2590, 2592);
INSERT INTO "connectsTo" VALUES (2592, 2593);
INSERT INTO "connectsTo" VALUES (2593, 2594);
INSERT INTO "connectsTo" VALUES (2594, 2595);
INSERT INTO "connectsTo" VALUES (2595, 2596);
INSERT INTO "connectsTo" VALUES (2596, 2598);
INSERT INTO "connectsTo" VALUES (2598, 2599);
INSERT INTO "connectsTo" VALUES (2599, 2600);
INSERT INTO "connectsTo" VALUES (2600, 2601);
INSERT INTO "connectsTo" VALUES (2601, 2602);
INSERT INTO "connectsTo" VALUES (2602, 2604);
INSERT INTO "connectsTo" VALUES (2604, 2605);
INSERT INTO "connectsTo" VALUES (2605, 2606);
INSERT INTO "connectsTo" VALUES (2606, 2607);
INSERT INTO "connectsTo" VALUES (2607, 2608);
INSERT INTO "connectsTo" VALUES (2608, 2610);
INSERT INTO "connectsTo" VALUES (2610, 2611);
INSERT INTO "connectsTo" VALUES (2611, 2612);
INSERT INTO "connectsTo" VALUES (2612, 2613);
INSERT INTO "connectsTo" VALUES (2613, 2614);
INSERT INTO "connectsTo" VALUES (2614, 2616);
INSERT INTO "connectsTo" VALUES (2616, 2617);
INSERT INTO "connectsTo" VALUES (2617, 2618);
INSERT INTO "connectsTo" VALUES (2618, 2619);
INSERT INTO "connectsTo" VALUES (2619, 2620);
INSERT INTO "connectsTo" VALUES (2620, 2622);
INSERT INTO "connectsTo" VALUES (2622, 2623);
INSERT INTO "connectsTo" VALUES (2623, 2624);
INSERT INTO "connectsTo" VALUES (2624, 2625);
INSERT INTO "connectsTo" VALUES (2625, 2626);
INSERT INTO "connectsTo" VALUES (2626, 2628);
INSERT INTO "connectsTo" VALUES (2628, 2629);
INSERT INTO "connectsTo" VALUES (2629, 2630);
INSERT INTO "connectsTo" VALUES (2630, 2631);
INSERT INTO "connectsTo" VALUES (2631, 2632);
INSERT INTO "connectsTo" VALUES (2632, 2634);
INSERT INTO "connectsTo" VALUES (2634, 2636);
INSERT INTO "connectsTo" VALUES (2636, 2637);
INSERT INTO "connectsTo" VALUES (2637, 2638);
INSERT INTO "connectsTo" VALUES (2638, 2639);
INSERT INTO "connectsTo" VALUES (2639, 2640);
INSERT INTO "connectsTo" VALUES (2640, 2642);
INSERT INTO "connectsTo" VALUES (2642, 2643);
INSERT INTO "connectsTo" VALUES (2643, 2644);
INSERT INTO "connectsTo" VALUES (2644, 2645);
INSERT INTO "connectsTo" VALUES (2645, 2646);
INSERT INTO "connectsTo" VALUES (2646, 2648);
INSERT INTO "connectsTo" VALUES (2648, 2649);
INSERT INTO "connectsTo" VALUES (2649, 2650);
INSERT INTO "connectsTo" VALUES (2650, 2651);
INSERT INTO "connectsTo" VALUES (2651, 2652);
INSERT INTO "connectsTo" VALUES (2652, 2654);
INSERT INTO "connectsTo" VALUES (2654, 2655);
INSERT INTO "connectsTo" VALUES (2655, 2656);
INSERT INTO "connectsTo" VALUES (2656, 2657);
INSERT INTO "connectsTo" VALUES (2657, 2658);
INSERT INTO "connectsTo" VALUES (2658, 2660);
INSERT INTO "connectsTo" VALUES (2660, 2661);
INSERT INTO "connectsTo" VALUES (2661, 2662);
INSERT INTO "connectsTo" VALUES (2662, 2663);
INSERT INTO "connectsTo" VALUES (2663, 2664);
INSERT INTO "connectsTo" VALUES (2664, 2666);
INSERT INTO "connectsTo" VALUES (2666, 2667);
INSERT INTO "connectsTo" VALUES (2667, 2668);
INSERT INTO "connectsTo" VALUES (2668, 2669);
INSERT INTO "connectsTo" VALUES (2669, 2670);
INSERT INTO "connectsTo" VALUES (2670, 2672);
INSERT INTO "connectsTo" VALUES (2672, 2673);
INSERT INTO "connectsTo" VALUES (2673, 2674);
INSERT INTO "connectsTo" VALUES (2674, 2675);
INSERT INTO "connectsTo" VALUES (2675, 2676);
INSERT INTO "connectsTo" VALUES (2676, 2678);
INSERT INTO "connectsTo" VALUES (2678, 2679);
INSERT INTO "connectsTo" VALUES (2679, 2680);
INSERT INTO "connectsTo" VALUES (2680, 2681);
INSERT INTO "connectsTo" VALUES (2681, 2682);
INSERT INTO "connectsTo" VALUES (2682, 2684);
INSERT INTO "connectsTo" VALUES (2684, 2686);
INSERT INTO "connectsTo" VALUES (2686, 2687);
INSERT INTO "connectsTo" VALUES (2687, 2688);
INSERT INTO "connectsTo" VALUES (2688, 2689);
INSERT INTO "connectsTo" VALUES (2689, 2690);
INSERT INTO "connectsTo" VALUES (2690, 2692);
INSERT INTO "connectsTo" VALUES (2692, 2693);
INSERT INTO "connectsTo" VALUES (2693, 2694);
INSERT INTO "connectsTo" VALUES (2694, 2695);
INSERT INTO "connectsTo" VALUES (2695, 2696);
INSERT INTO "connectsTo" VALUES (2696, 2698);
INSERT INTO "connectsTo" VALUES (2698, 2699);
INSERT INTO "connectsTo" VALUES (2699, 2700);
INSERT INTO "connectsTo" VALUES (2700, 2701);
INSERT INTO "connectsTo" VALUES (2701, 2702);
INSERT INTO "connectsTo" VALUES (2702, 2704);
INSERT INTO "connectsTo" VALUES (2704, 2705);
INSERT INTO "connectsTo" VALUES (2705, 2706);
INSERT INTO "connectsTo" VALUES (2706, 2707);
INSERT INTO "connectsTo" VALUES (2707, 2708);
INSERT INTO "connectsTo" VALUES (2708, 2710);
INSERT INTO "connectsTo" VALUES (2710, 2711);
INSERT INTO "connectsTo" VALUES (2711, 2712);
INSERT INTO "connectsTo" VALUES (2712, 2713);
INSERT INTO "connectsTo" VALUES (2713, 2714);
INSERT INTO "connectsTo" VALUES (2714, 2716);
INSERT INTO "connectsTo" VALUES (2716, 2717);
INSERT INTO "connectsTo" VALUES (2717, 2718);
INSERT INTO "connectsTo" VALUES (2718, 2719);
INSERT INTO "connectsTo" VALUES (2719, 2720);
INSERT INTO "connectsTo" VALUES (2720, 2722);
INSERT INTO "connectsTo" VALUES (2722, 2723);
INSERT INTO "connectsTo" VALUES (2723, 2724);
INSERT INTO "connectsTo" VALUES (2724, 2725);
INSERT INTO "connectsTo" VALUES (2725, 2726);
INSERT INTO "connectsTo" VALUES (2726, 2728);
INSERT INTO "connectsTo" VALUES (2728, 2730);
INSERT INTO "connectsTo" VALUES (2730, 2731);
INSERT INTO "connectsTo" VALUES (2731, 2732);
INSERT INTO "connectsTo" VALUES (2732, 2733);
INSERT INTO "connectsTo" VALUES (2733, 2734);
INSERT INTO "connectsTo" VALUES (2734, 2736);
INSERT INTO "connectsTo" VALUES (2736, 2738);
INSERT INTO "connectsTo" VALUES (2738, 2739);
INSERT INTO "connectsTo" VALUES (2739, 2740);
INSERT INTO "connectsTo" VALUES (2740, 2741);
INSERT INTO "connectsTo" VALUES (2741, 2742);
INSERT INTO "connectsTo" VALUES (2742, 2744);
INSERT INTO "connectsTo" VALUES (2744, 2745);
INSERT INTO "connectsTo" VALUES (2745, 2746);
INSERT INTO "connectsTo" VALUES (2746, 2747);
INSERT INTO "connectsTo" VALUES (2747, 2748);
INSERT INTO "connectsTo" VALUES (2748, 2750);
INSERT INTO "connectsTo" VALUES (2750, 2752);
INSERT INTO "connectsTo" VALUES (2752, 2753);
INSERT INTO "connectsTo" VALUES (2753, 2754);
INSERT INTO "connectsTo" VALUES (2754, 2755);
INSERT INTO "connectsTo" VALUES (2755, 2756);
INSERT INTO "connectsTo" VALUES (2756, 2758);
INSERT INTO "connectsTo" VALUES (2758, 2759);
INSERT INTO "connectsTo" VALUES (2759, 2760);
INSERT INTO "connectsTo" VALUES (2760, 2761);
INSERT INTO "connectsTo" VALUES (2761, 2762);
INSERT INTO "connectsTo" VALUES (2762, 2764);
INSERT INTO "connectsTo" VALUES (2764, 2765);
INSERT INTO "connectsTo" VALUES (2765, 2766);
INSERT INTO "connectsTo" VALUES (2766, 2767);
INSERT INTO "connectsTo" VALUES (2767, 2768);
INSERT INTO "connectsTo" VALUES (2768, 2770);
INSERT INTO "connectsTo" VALUES (2770, 2771);
INSERT INTO "connectsTo" VALUES (2771, 2772);
INSERT INTO "connectsTo" VALUES (2772, 2773);
INSERT INTO "connectsTo" VALUES (2773, 2774);
INSERT INTO "connectsTo" VALUES (2774, 2776);
INSERT INTO "connectsTo" VALUES (2776, 2777);
INSERT INTO "connectsTo" VALUES (2777, 2778);
INSERT INTO "connectsTo" VALUES (2778, 2779);
INSERT INTO "connectsTo" VALUES (2779, 2780);
INSERT INTO "connectsTo" VALUES (2780, 2782);
INSERT INTO "connectsTo" VALUES (2782, 2783);
INSERT INTO "connectsTo" VALUES (2783, 2784);
INSERT INTO "connectsTo" VALUES (2784, 2785);
INSERT INTO "connectsTo" VALUES (2785, 2786);
INSERT INTO "connectsTo" VALUES (2786, 2788);
INSERT INTO "connectsTo" VALUES (2788, 2789);
INSERT INTO "connectsTo" VALUES (2789, 2790);
INSERT INTO "connectsTo" VALUES (2790, 2791);
INSERT INTO "connectsTo" VALUES (2791, 2792);
INSERT INTO "connectsTo" VALUES (2792, 2794);
INSERT INTO "connectsTo" VALUES (2794, 2795);
INSERT INTO "connectsTo" VALUES (2795, 2796);
INSERT INTO "connectsTo" VALUES (2796, 2797);
INSERT INTO "connectsTo" VALUES (2797, 2798);
INSERT INTO "connectsTo" VALUES (2798, 2800);
INSERT INTO "connectsTo" VALUES (2800, 2802);
INSERT INTO "connectsTo" VALUES (2802, 2803);
INSERT INTO "connectsTo" VALUES (2803, 2804);
INSERT INTO "connectsTo" VALUES (2804, 2805);
INSERT INTO "connectsTo" VALUES (2805, 2806);
INSERT INTO "connectsTo" VALUES (2806, 2808);
INSERT INTO "connectsTo" VALUES (2808, 2809);
INSERT INTO "connectsTo" VALUES (2809, 2810);
INSERT INTO "connectsTo" VALUES (2810, 2811);
INSERT INTO "connectsTo" VALUES (2811, 2812);
INSERT INTO "connectsTo" VALUES (2812, 2814);
INSERT INTO "connectsTo" VALUES (2814, 2815);
INSERT INTO "connectsTo" VALUES (2815, 2816);
INSERT INTO "connectsTo" VALUES (2816, 2817);
INSERT INTO "connectsTo" VALUES (2817, 2818);
INSERT INTO "connectsTo" VALUES (2818, 2820);
INSERT INTO "connectsTo" VALUES (2820, 2821);
INSERT INTO "connectsTo" VALUES (2821, 2822);
INSERT INTO "connectsTo" VALUES (2822, 2823);
INSERT INTO "connectsTo" VALUES (2823, 2824);
INSERT INTO "connectsTo" VALUES (2824, 2826);
INSERT INTO "connectsTo" VALUES (2826, 2828);
INSERT INTO "connectsTo" VALUES (2828, 2829);
INSERT INTO "connectsTo" VALUES (2829, 2830);
INSERT INTO "connectsTo" VALUES (2830, 2831);
INSERT INTO "connectsTo" VALUES (2831, 2832);
INSERT INTO "connectsTo" VALUES (2832, 2833);
INSERT INTO "connectsTo" VALUES (2833, 2835);
INSERT INTO "connectsTo" VALUES (2835, 2836);
INSERT INTO "connectsTo" VALUES (2836, 2837);
INSERT INTO "connectsTo" VALUES (2837, 2838);
INSERT INTO "connectsTo" VALUES (2838, 2839);
INSERT INTO "connectsTo" VALUES (2839, 2841);
INSERT INTO "connectsTo" VALUES (2841, 2842);
INSERT INTO "connectsTo" VALUES (2842, 2843);
INSERT INTO "connectsTo" VALUES (2843, 2844);
INSERT INTO "connectsTo" VALUES (2844, 2845);
INSERT INTO "connectsTo" VALUES (2845, 2847);
INSERT INTO "connectsTo" VALUES (2847, 2848);
INSERT INTO "connectsTo" VALUES (2848, 2849);
INSERT INTO "connectsTo" VALUES (2849, 2850);
INSERT INTO "connectsTo" VALUES (2850, 2851);
INSERT INTO "connectsTo" VALUES (2851, 2853);
INSERT INTO "connectsTo" VALUES (2853, 2854);
INSERT INTO "connectsTo" VALUES (2854, 2855);
INSERT INTO "connectsTo" VALUES (2855, 2856);
INSERT INTO "connectsTo" VALUES (2856, 2857);
INSERT INTO "connectsTo" VALUES (2857, 2859);
INSERT INTO "connectsTo" VALUES (2859, 2860);
INSERT INTO "connectsTo" VALUES (2860, 2861);
INSERT INTO "connectsTo" VALUES (2861, 2862);
INSERT INTO "connectsTo" VALUES (2862, 2863);
INSERT INTO "connectsTo" VALUES (2863, 2865);
INSERT INTO "connectsTo" VALUES (2865, 2866);
INSERT INTO "connectsTo" VALUES (2866, 2867);
INSERT INTO "connectsTo" VALUES (2867, 2868);
INSERT INTO "connectsTo" VALUES (2868, 2869);
INSERT INTO "connectsTo" VALUES (2869, 2871);
INSERT INTO "connectsTo" VALUES (2871, 2872);
INSERT INTO "connectsTo" VALUES (2872, 2873);
INSERT INTO "connectsTo" VALUES (2873, 2874);
INSERT INTO "connectsTo" VALUES (2874, 2875);
INSERT INTO "connectsTo" VALUES (2875, 2877);
INSERT INTO "connectsTo" VALUES (2877, 2879);
INSERT INTO "connectsTo" VALUES (2879, 2880);
INSERT INTO "connectsTo" VALUES (2880, 2881);
INSERT INTO "connectsTo" VALUES (2881, 2882);
INSERT INTO "connectsTo" VALUES (2882, 2883);
INSERT INTO "connectsTo" VALUES (2883, 2885);
INSERT INTO "connectsTo" VALUES (2885, 2886);
INSERT INTO "connectsTo" VALUES (2886, 2887);
INSERT INTO "connectsTo" VALUES (2887, 2888);
INSERT INTO "connectsTo" VALUES (2888, 2889);
INSERT INTO "connectsTo" VALUES (2889, 2891);
INSERT INTO "connectsTo" VALUES (2891, 2893);
INSERT INTO "connectsTo" VALUES (2893, 2894);
INSERT INTO "connectsTo" VALUES (2894, 2895);
INSERT INTO "connectsTo" VALUES (2895, 2896);
INSERT INTO "connectsTo" VALUES (2896, 2897);
INSERT INTO "connectsTo" VALUES (2897, 2899);
INSERT INTO "connectsTo" VALUES (2899, 2900);
INSERT INTO "connectsTo" VALUES (2900, 2901);
INSERT INTO "connectsTo" VALUES (2901, 2902);
INSERT INTO "connectsTo" VALUES (2902, 2903);
INSERT INTO "connectsTo" VALUES (2903, 2905);
INSERT INTO "connectsTo" VALUES (2905, 2906);
INSERT INTO "connectsTo" VALUES (2906, 2907);
INSERT INTO "connectsTo" VALUES (2907, 2908);
INSERT INTO "connectsTo" VALUES (2908, 2909);
INSERT INTO "connectsTo" VALUES (2909, 2911);
INSERT INTO "connectsTo" VALUES (2911, 2912);
INSERT INTO "connectsTo" VALUES (2912, 2913);
INSERT INTO "connectsTo" VALUES (2913, 2914);
INSERT INTO "connectsTo" VALUES (2914, 2915);
INSERT INTO "connectsTo" VALUES (2915, 2917);
INSERT INTO "connectsTo" VALUES (2917, 2918);
INSERT INTO "connectsTo" VALUES (2918, 2919);
INSERT INTO "connectsTo" VALUES (2919, 2920);
INSERT INTO "connectsTo" VALUES (2920, 2921);
INSERT INTO "connectsTo" VALUES (2921, 2923);
INSERT INTO "connectsTo" VALUES (2923, 2924);
INSERT INTO "connectsTo" VALUES (2924, 2925);
INSERT INTO "connectsTo" VALUES (2925, 2926);
INSERT INTO "connectsTo" VALUES (2926, 2927);
INSERT INTO "connectsTo" VALUES (2927, 2929);
INSERT INTO "connectsTo" VALUES (2929, 2930);
INSERT INTO "connectsTo" VALUES (2930, 2931);
INSERT INTO "connectsTo" VALUES (2931, 2932);
INSERT INTO "connectsTo" VALUES (2932, 2933);
INSERT INTO "connectsTo" VALUES (2933, 2935);
INSERT INTO "connectsTo" VALUES (2935, 2937);
INSERT INTO "connectsTo" VALUES (2937, 2938);
INSERT INTO "connectsTo" VALUES (2938, 2939);
INSERT INTO "connectsTo" VALUES (2939, 2940);
INSERT INTO "connectsTo" VALUES (2940, 2941);
INSERT INTO "connectsTo" VALUES (2941, 2943);
INSERT INTO "connectsTo" VALUES (2943, 2944);
INSERT INTO "connectsTo" VALUES (2944, 2945);
INSERT INTO "connectsTo" VALUES (2945, 2946);
INSERT INTO "connectsTo" VALUES (2946, 2947);
INSERT INTO "connectsTo" VALUES (2947, 2949);
INSERT INTO "connectsTo" VALUES (2949, 2950);
INSERT INTO "connectsTo" VALUES (2950, 2951);
INSERT INTO "connectsTo" VALUES (2951, 2952);
INSERT INTO "connectsTo" VALUES (2952, 2953);
INSERT INTO "connectsTo" VALUES (2953, 2955);
INSERT INTO "connectsTo" VALUES (2955, 2956);
INSERT INTO "connectsTo" VALUES (2956, 2957);
INSERT INTO "connectsTo" VALUES (2957, 2958);
INSERT INTO "connectsTo" VALUES (2958, 2959);
INSERT INTO "connectsTo" VALUES (2959, 2961);
INSERT INTO "connectsTo" VALUES (2961, 2962);
INSERT INTO "connectsTo" VALUES (2962, 2963);
INSERT INTO "connectsTo" VALUES (2963, 2964);
INSERT INTO "connectsTo" VALUES (2964, 2965);
INSERT INTO "connectsTo" VALUES (2965, 2966);
INSERT INTO "connectsTo" VALUES (2966, 2968);
INSERT INTO "connectsTo" VALUES (2968, 2969);
INSERT INTO "connectsTo" VALUES (2969, 2970);
INSERT INTO "connectsTo" VALUES (2970, 2971);
INSERT INTO "connectsTo" VALUES (2971, 2972);
INSERT INTO "connectsTo" VALUES (2972, 2974);
INSERT INTO "connectsTo" VALUES (2974, 2975);
INSERT INTO "connectsTo" VALUES (2975, 2976);
INSERT INTO "connectsTo" VALUES (2976, 2977);
INSERT INTO "connectsTo" VALUES (2977, 2978);
INSERT INTO "connectsTo" VALUES (2403, 2408);
INSERT INTO "Route" ("id", "active", "entry", "exit") VALUES (2980, 1, 2405, 1);
INSERT INTO "Region" ("id") VALUES (2981);
INSERT INTO "TrackElement" ("id") VALUES (2982);
INSERT INTO "Switch" ("id") VALUES (2982);
UPDATE "TrackElement" SET "region" = 2981 WHERE "id" = 2982;
INSERT INTO "Sensor" ("id") VALUES (2983);
UPDATE "Sensor" SET "region" = 2981 WHERE "id" = 2983;
INSERT INTO "monitoredBy" VALUES (2982, 2983);
INSERT INTO "TrackElement" ("id") VALUES (2984);
INSERT INTO "Segment" ("id", "length") VALUES (2984, 29);
UPDATE "TrackElement" SET "region" = 2981 WHERE "id" = 2984;
INSERT INTO "monitoredBy" VALUES (2984, 2983);
UPDATE "Semaphore" SET "segment" = 2984 WHERE "id" = 1;
INSERT INTO "TrackElement" ("id") VALUES (2985);
INSERT INTO "Segment" ("id", "length") VALUES (2985, 260);
UPDATE "TrackElement" SET "region" = 2981 WHERE "id" = 2985;
INSERT INTO "monitoredBy" VALUES (2985, 2983);
INSERT INTO "TrackElement" ("id") VALUES (2986);
INSERT INTO "Segment" ("id", "length") VALUES (2986, 382);
UPDATE "TrackElement" SET "region" = 2981 WHERE "id" = 2986;
INSERT INTO "monitoredBy" VALUES (2986, 2983);
INSERT INTO "TrackElement" ("id") VALUES (2987);
INSERT INTO "Segment" ("id", "length") VALUES (2987, 385);
UPDATE "TrackElement" SET "region" = 2981 WHERE "id" = 2987;
INSERT INTO "monitoredBy" VALUES (2987, 2983);
INSERT INTO "TrackElement" ("id") VALUES (2988);
INSERT INTO "Segment" ("id", "length") VALUES (2988, 99);
UPDATE "TrackElement" SET "region" = 2981 WHERE "id" = 2988;
INSERT INTO "monitoredBy" VALUES (2988, 2983);
INSERT INTO "Sensor" ("id") VALUES (2989);
UPDATE "Sensor" SET "region" = 2981 WHERE "id" = 2989;
INSERT INTO "monitoredBy" VALUES (2982, 2989);
UPDATE "Sensor" SET "route" = 2980 WHERE "id" = 2989;
INSERT INTO "TrackElement" ("id") VALUES (2990);
INSERT INTO "Segment" ("id", "length") VALUES (2990, 979);
UPDATE "TrackElement" SET "region" = 2981 WHERE "id" = 2990;
INSERT INTO "monitoredBy" VALUES (2990, 2989);
INSERT INTO "TrackElement" ("id") VALUES (2991);
INSERT INTO "Segment" ("id", "length") VALUES (2991, 678);
UPDATE "TrackElement" SET "region" = 2981 WHERE "id" = 2991;
INSERT INTO "monitoredBy" VALUES (2991, 2989);
INSERT INTO "TrackElement" ("id") VALUES (2992);
INSERT INTO "Segment" ("id", "length") VALUES (2992, 425);
UPDATE "TrackElement" SET "region" = 2981 WHERE "id" = 2992;
INSERT INTO "monitoredBy" VALUES (2992, 2989);
INSERT INTO "TrackElement" ("id") VALUES (2993);
INSERT INTO "Segment" ("id", "length") VALUES (2993, 133);
UPDATE "TrackElement" SET "region" = 2981 WHERE "id" = 2993;
INSERT INTO "monitoredBy" VALUES (2993, 2989);
INSERT INTO "TrackElement" ("id") VALUES (2994);
INSERT INTO "Segment" ("id", "length") VALUES (2994, 709);
UPDATE "TrackElement" SET "region" = 2981 WHERE "id" = 2994;
INSERT INTO "monitoredBy" VALUES (2994, 2989);
INSERT INTO "Sensor" ("id") VALUES (2995);
UPDATE "Sensor" SET "region" = 2981 WHERE "id" = 2995;
INSERT INTO "monitoredBy" VALUES (2982, 2995);
UPDATE "Sensor" SET "route" = 2980 WHERE "id" = 2995;
INSERT INTO "TrackElement" ("id") VALUES (2996);
INSERT INTO "Segment" ("id", "length") VALUES (2996, 179);
UPDATE "TrackElement" SET "region" = 2981 WHERE "id" = 2996;
INSERT INTO "monitoredBy" VALUES (2996, 2995);
INSERT INTO "TrackElement" ("id") VALUES (2997);
INSERT INTO "Segment" ("id", "length") VALUES (2997, 971);
UPDATE "TrackElement" SET "region" = 2981 WHERE "id" = 2997;
INSERT INTO "monitoredBy" VALUES (2997, 2995);
INSERT INTO "TrackElement" ("id") VALUES (2998);
INSERT INTO "Segment" ("id", "length") VALUES (2998, 955);
UPDATE "TrackElement" SET "region" = 2981 WHERE "id" = 2998;
INSERT INTO "monitoredBy" VALUES (2998, 2995);
INSERT INTO "TrackElement" ("id") VALUES (2999);
INSERT INTO "Segment" ("id", "length") VALUES (2999, 916);
UPDATE "TrackElement" SET "region" = 2981 WHERE "id" = 2999;
INSERT INTO "monitoredBy" VALUES (2999, 2995);
INSERT INTO "TrackElement" ("id") VALUES (3000);
INSERT INTO "Segment" ("id", "length") VALUES (3000, 328);
UPDATE "TrackElement" SET "region" = 2981 WHERE "id" = 3000;
INSERT INTO "monitoredBy" VALUES (3000, 2995);
INSERT INTO "Sensor" ("id") VALUES (3001);
UPDATE "Sensor" SET "region" = 2981 WHERE "id" = 3001;
INSERT INTO "monitoredBy" VALUES (2982, 3001);
UPDATE "Sensor" SET "route" = 2980 WHERE "id" = 3001;
INSERT INTO "TrackElement" ("id") VALUES (3002);
INSERT INTO "Segment" ("id", "length") VALUES (3002, 621);
UPDATE "TrackElement" SET "region" = 2981 WHERE "id" = 3002;
INSERT INTO "monitoredBy" VALUES (3002, 3001);
INSERT INTO "TrackElement" ("id") VALUES (3003);
INSERT INTO "Segment" ("id", "length") VALUES (3003, 646);
UPDATE "TrackElement" SET "region" = 2981 WHERE "id" = 3003;
INSERT INTO "monitoredBy" VALUES (3003, 3001);
INSERT INTO "TrackElement" ("id") VALUES (3004);
INSERT INTO "Segment" ("id", "length") VALUES (3004, 472);
UPDATE "TrackElement" SET "region" = 2981 WHERE "id" = 3004;
INSERT INTO "monitoredBy" VALUES (3004, 3001);
INSERT INTO "TrackElement" ("id") VALUES (3005);
INSERT INTO "Segment" ("id", "length") VALUES (3005, 23);
UPDATE "TrackElement" SET "region" = 2981 WHERE "id" = 3005;
INSERT INTO "monitoredBy" VALUES (3005, 3001);
INSERT INTO "TrackElement" ("id") VALUES (3006);
INSERT INTO "Segment" ("id", "length") VALUES (3006, 140);
UPDATE "TrackElement" SET "region" = 2981 WHERE "id" = 3006;
INSERT INTO "monitoredBy" VALUES (3006, 3001);
INSERT INTO "Sensor" ("id") VALUES (3007);
UPDATE "Sensor" SET "region" = 2981 WHERE "id" = 3007;
INSERT INTO "monitoredBy" VALUES (2982, 3007);
UPDATE "Sensor" SET "route" = 2980 WHERE "id" = 3007;
INSERT INTO "TrackElement" ("id") VALUES (3008);
INSERT INTO "Segment" ("id", "length") VALUES (3008, 467);
UPDATE "TrackElement" SET "region" = 2981 WHERE "id" = 3008;
INSERT INTO "monitoredBy" VALUES (3008, 3007);
INSERT INTO "TrackElement" ("id") VALUES (3009);
INSERT INTO "Segment" ("id", "length") VALUES (3009, 689);
UPDATE "TrackElement" SET "region" = 2981 WHERE "id" = 3009;
INSERT INTO "monitoredBy" VALUES (3009, 3007);
INSERT INTO "TrackElement" ("id") VALUES (3010);
INSERT INTO "Segment" ("id", "length") VALUES (3010, 332);
UPDATE "TrackElement" SET "region" = 2981 WHERE "id" = 3010;
INSERT INTO "monitoredBy" VALUES (3010, 3007);
INSERT INTO "TrackElement" ("id") VALUES (3011);
INSERT INTO "Segment" ("id", "length") VALUES (3011, 43);
UPDATE "TrackElement" SET "region" = 2981 WHERE "id" = 3011;
INSERT INTO "monitoredBy" VALUES (3011, 3007);
INSERT INTO "TrackElement" ("id") VALUES (3012);
INSERT INTO "Segment" ("id", "length") VALUES (3012, 638);
UPDATE "TrackElement" SET "region" = 2981 WHERE "id" = 3012;
INSERT INTO "monitoredBy" VALUES (3012, 3007);
INSERT INTO "Sensor" ("id") VALUES (3013);
UPDATE "Sensor" SET "region" = 2981 WHERE "id" = 3013;
INSERT INTO "monitoredBy" VALUES (2982, 3013);
INSERT INTO "TrackElement" ("id") VALUES (3014);
INSERT INTO "Segment" ("id", "length") VALUES (3014, 970);
UPDATE "TrackElement" SET "region" = 2981 WHERE "id" = 3014;
INSERT INTO "monitoredBy" VALUES (3014, 3013);
INSERT INTO "TrackElement" ("id") VALUES (3015);
INSERT INTO "Segment" ("id", "length") VALUES (3015, 611);
UPDATE "TrackElement" SET "region" = 2981 WHERE "id" = 3015;
INSERT INTO "monitoredBy" VALUES (3015, 3013);
INSERT INTO "TrackElement" ("id") VALUES (3016);
INSERT INTO "Segment" ("id", "length") VALUES (3016, 326);
UPDATE "TrackElement" SET "region" = 2981 WHERE "id" = 3016;
INSERT INTO "monitoredBy" VALUES (3016, 3013);
INSERT INTO "TrackElement" ("id") VALUES (3017);
INSERT INTO "Segment" ("id", "length") VALUES (3017, 344);
UPDATE "TrackElement" SET "region" = 2981 WHERE "id" = 3017;
INSERT INTO "monitoredBy" VALUES (3017, 3013);
INSERT INTO "TrackElement" ("id") VALUES (3018);
INSERT INTO "Segment" ("id", "length") VALUES (3018, 856);
UPDATE "TrackElement" SET "region" = 2981 WHERE "id" = 3018;
INSERT INTO "monitoredBy" VALUES (3018, 3013);
UPDATE "Switch" SET "currentPosition" = 2 WHERE "id" = 2982;
INSERT INTO "SwitchPosition" ("id", "position", "target") VALUES (3019, 2, 2982);
UPDATE "SwitchPosition" SET "route" = 2980 WHERE "id" = 3019;
INSERT INTO "TrackElement" ("id") VALUES (3020);
INSERT INTO "Switch" ("id") VALUES (3020);
UPDATE "TrackElement" SET "region" = 2981 WHERE "id" = 3020;
INSERT INTO "Sensor" ("id") VALUES (3021);
UPDATE "Sensor" SET "region" = 2981 WHERE "id" = 3021;
INSERT INTO "monitoredBy" VALUES (3020, 3021);
UPDATE "Sensor" SET "route" = 2980 WHERE "id" = 3021;
INSERT INTO "TrackElement" ("id") VALUES (3022);
INSERT INTO "Segment" ("id", "length") VALUES (3022, 665);
UPDATE "TrackElement" SET "region" = 2981 WHERE "id" = 3022;
INSERT INTO "monitoredBy" VALUES (3022, 3021);
INSERT INTO "TrackElement" ("id") VALUES (3023);
INSERT INTO "Segment" ("id", "length") VALUES (3023, 434);
UPDATE "TrackElement" SET "region" = 2981 WHERE "id" = 3023;
INSERT INTO "monitoredBy" VALUES (3023, 3021);
INSERT INTO "TrackElement" ("id") VALUES (3024);
INSERT INTO "Segment" ("id", "length") VALUES (3024, 578);
UPDATE "TrackElement" SET "region" = 2981 WHERE "id" = 3024;
INSERT INTO "monitoredBy" VALUES (3024, 3021);
INSERT INTO "TrackElement" ("id") VALUES (3025);
INSERT INTO "Segment" ("id", "length") VALUES (3025, 574);
UPDATE "TrackElement" SET "region" = 2981 WHERE "id" = 3025;
INSERT INTO "monitoredBy" VALUES (3025, 3021);
INSERT INTO "TrackElement" ("id") VALUES (3026);
INSERT INTO "Segment" ("id", "length") VALUES (3026, 603);
UPDATE "TrackElement" SET "region" = 2981 WHERE "id" = 3026;
INSERT INTO "monitoredBy" VALUES (3026, 3021);
INSERT INTO "Sensor" ("id") VALUES (3027);
UPDATE "Sensor" SET "region" = 2981 WHERE "id" = 3027;
INSERT INTO "monitoredBy" VALUES (3020, 3027);
UPDATE "Sensor" SET "route" = 2980 WHERE "id" = 3027;
INSERT INTO "TrackElement" ("id") VALUES (3028);
INSERT INTO "Segment" ("id", "length") VALUES (3028, 845);
UPDATE "TrackElement" SET "region" = 2981 WHERE "id" = 3028;
INSERT INTO "monitoredBy" VALUES (3028, 3027);
INSERT INTO "TrackElement" ("id") VALUES (3029);
INSERT INTO "Segment" ("id", "length") VALUES (3029, 461);
UPDATE "TrackElement" SET "region" = 2981 WHERE "id" = 3029;
INSERT INTO "monitoredBy" VALUES (3029, 3027);
INSERT INTO "TrackElement" ("id") VALUES (3030);
INSERT INTO "Segment" ("id", "length") VALUES (3030, 112);
UPDATE "TrackElement" SET "region" = 2981 WHERE "id" = 3030;
INSERT INTO "monitoredBy" VALUES (3030, 3027);
INSERT INTO "TrackElement" ("id") VALUES (3031);
INSERT INTO "Segment" ("id", "length") VALUES (3031, 467);
UPDATE "TrackElement" SET "region" = 2981 WHERE "id" = 3031;
INSERT INTO "monitoredBy" VALUES (3031, 3027);
INSERT INTO "TrackElement" ("id") VALUES (3032);
INSERT INTO "Segment" ("id", "length") VALUES (3032, 898);
UPDATE "TrackElement" SET "region" = 2981 WHERE "id" = 3032;
INSERT INTO "monitoredBy" VALUES (3032, 3027);
INSERT INTO "Sensor" ("id") VALUES (3033);
UPDATE "Sensor" SET "region" = 2981 WHERE "id" = 3033;
INSERT INTO "monitoredBy" VALUES (3020, 3033);
UPDATE "Sensor" SET "route" = 2980 WHERE "id" = 3033;
INSERT INTO "TrackElement" ("id") VALUES (3034);
INSERT INTO "Segment" ("id", "length") VALUES (3034, 343);
UPDATE "TrackElement" SET "region" = 2981 WHERE "id" = 3034;
INSERT INTO "monitoredBy" VALUES (3034, 3033);
INSERT INTO "TrackElement" ("id") VALUES (3035);
INSERT INTO "Segment" ("id", "length") VALUES (3035, 171);
UPDATE "TrackElement" SET "region" = 2981 WHERE "id" = 3035;
INSERT INTO "monitoredBy" VALUES (3035, 3033);
INSERT INTO "TrackElement" ("id") VALUES (3036);
INSERT INTO "Segment" ("id", "length") VALUES (3036, 364);
UPDATE "TrackElement" SET "region" = 2981 WHERE "id" = 3036;
INSERT INTO "monitoredBy" VALUES (3036, 3033);
INSERT INTO "TrackElement" ("id") VALUES (3037);
INSERT INTO "Segment" ("id", "length") VALUES (3037, 839);
UPDATE "TrackElement" SET "region" = 2981 WHERE "id" = 3037;
INSERT INTO "monitoredBy" VALUES (3037, 3033);
INSERT INTO "TrackElement" ("id") VALUES (3038);
INSERT INTO "Segment" ("id", "length") VALUES (3038, 749);
UPDATE "TrackElement" SET "region" = 2981 WHERE "id" = 3038;
INSERT INTO "monitoredBy" VALUES (3038, 3033);
INSERT INTO "Sensor" ("id") VALUES (3039);
UPDATE "Sensor" SET "region" = 2981 WHERE "id" = 3039;
INSERT INTO "monitoredBy" VALUES (3020, 3039);
UPDATE "Sensor" SET "route" = 2980 WHERE "id" = 3039;
INSERT INTO "TrackElement" ("id") VALUES (3040);
INSERT INTO "Segment" ("id", "length") VALUES (3040, 951);
UPDATE "TrackElement" SET "region" = 2981 WHERE "id" = 3040;
INSERT INTO "monitoredBy" VALUES (3040, 3039);
INSERT INTO "TrackElement" ("id") VALUES (3041);
INSERT INTO "Segment" ("id", "length") VALUES (3041, 933);
UPDATE "TrackElement" SET "region" = 2981 WHERE "id" = 3041;
INSERT INTO "monitoredBy" VALUES (3041, 3039);
INSERT INTO "TrackElement" ("id") VALUES (3042);
INSERT INTO "Segment" ("id", "length") VALUES (3042, 632);
UPDATE "TrackElement" SET "region" = 2981 WHERE "id" = 3042;
INSERT INTO "monitoredBy" VALUES (3042, 3039);
INSERT INTO "TrackElement" ("id") VALUES (3043);
INSERT INTO "Segment" ("id", "length") VALUES (3043, 652);
UPDATE "TrackElement" SET "region" = 2981 WHERE "id" = 3043;
INSERT INTO "monitoredBy" VALUES (3043, 3039);
INSERT INTO "TrackElement" ("id") VALUES (3044);
INSERT INTO "Segment" ("id", "length") VALUES (3044, 735);
UPDATE "TrackElement" SET "region" = 2981 WHERE "id" = 3044;
INSERT INTO "monitoredBy" VALUES (3044, 3039);
INSERT INTO "Sensor" ("id") VALUES (3045);
UPDATE "Sensor" SET "region" = 2981 WHERE "id" = 3045;
INSERT INTO "monitoredBy" VALUES (3020, 3045);
UPDATE "Sensor" SET "route" = 2980 WHERE "id" = 3045;
INSERT INTO "TrackElement" ("id") VALUES (3046);
INSERT INTO "Segment" ("id", "length") VALUES (3046, 216);
UPDATE "TrackElement" SET "region" = 2981 WHERE "id" = 3046;
INSERT INTO "monitoredBy" VALUES (3046, 3045);
INSERT INTO "TrackElement" ("id") VALUES (3047);
INSERT INTO "Segment" ("id", "length") VALUES (3047, 798);
UPDATE "TrackElement" SET "region" = 2981 WHERE "id" = 3047;
INSERT INTO "monitoredBy" VALUES (3047, 3045);
INSERT INTO "TrackElement" ("id") VALUES (3048);
INSERT INTO "Segment" ("id", "length") VALUES (3048, 777);
UPDATE "TrackElement" SET "region" = 2981 WHERE "id" = 3048;
INSERT INTO "monitoredBy" VALUES (3048, 3045);
INSERT INTO "TrackElement" ("id") VALUES (3049);
INSERT INTO "Segment" ("id", "length") VALUES (3049, 992);
UPDATE "TrackElement" SET "region" = 2981 WHERE "id" = 3049;
INSERT INTO "monitoredBy" VALUES (3049, 3045);
INSERT INTO "TrackElement" ("id") VALUES (3050);
INSERT INTO "Segment" ("id", "length") VALUES (3050, 284);
UPDATE "TrackElement" SET "region" = 2981 WHERE "id" = 3050;
INSERT INTO "monitoredBy" VALUES (3050, 3045);
INSERT INTO "TrackElement" ("id") VALUES (3051);
INSERT INTO "Segment" ("id", "length") VALUES (3051, 143);
UPDATE "TrackElement" SET "region" = 2981 WHERE "id" = 3051;
INSERT INTO "monitoredBy" VALUES (3051, 3045);
INSERT INTO "Sensor" ("id") VALUES (3052);
UPDATE "Sensor" SET "region" = 2981 WHERE "id" = 3052;
INSERT INTO "monitoredBy" VALUES (3020, 3052);
UPDATE "Sensor" SET "route" = 2980 WHERE "id" = 3052;
INSERT INTO "TrackElement" ("id") VALUES (3053);
INSERT INTO "Segment" ("id", "length") VALUES (3053, 599);
UPDATE "TrackElement" SET "region" = 2981 WHERE "id" = 3053;
INSERT INTO "monitoredBy" VALUES (3053, 3052);
INSERT INTO "TrackElement" ("id") VALUES (3054);
INSERT INTO "Segment" ("id", "length") VALUES (3054, 892);
UPDATE "TrackElement" SET "region" = 2981 WHERE "id" = 3054;
INSERT INTO "monitoredBy" VALUES (3054, 3052);
INSERT INTO "TrackElement" ("id") VALUES (3055);
INSERT INTO "Segment" ("id", "length") VALUES (3055, 598);
UPDATE "TrackElement" SET "region" = 2981 WHERE "id" = 3055;
INSERT INTO "monitoredBy" VALUES (3055, 3052);
INSERT INTO "TrackElement" ("id") VALUES (3056);
INSERT INTO "Segment" ("id", "length") VALUES (3056, 919);
UPDATE "TrackElement" SET "region" = 2981 WHERE "id" = 3056;
INSERT INTO "monitoredBy" VALUES (3056, 3052);
INSERT INTO "TrackElement" ("id") VALUES (3057);
INSERT INTO "Segment" ("id", "length") VALUES (3057, 688);
UPDATE "TrackElement" SET "region" = 2981 WHERE "id" = 3057;
INSERT INTO "monitoredBy" VALUES (3057, 3052);
INSERT INTO "Sensor" ("id") VALUES (3058);
UPDATE "Sensor" SET "region" = 2981 WHERE "id" = 3058;
INSERT INTO "monitoredBy" VALUES (3020, 3058);
UPDATE "Sensor" SET "route" = 2980 WHERE "id" = 3058;
INSERT INTO "TrackElement" ("id") VALUES (3059);
INSERT INTO "Segment" ("id", "length") VALUES (3059, 964);
UPDATE "TrackElement" SET "region" = 2981 WHERE "id" = 3059;
INSERT INTO "monitoredBy" VALUES (3059, 3058);
INSERT INTO "TrackElement" ("id") VALUES (3060);
INSERT INTO "Segment" ("id", "length") VALUES (3060, 939);
UPDATE "TrackElement" SET "region" = 2981 WHERE "id" = 3060;
INSERT INTO "monitoredBy" VALUES (3060, 3058);
INSERT INTO "TrackElement" ("id") VALUES (3061);
INSERT INTO "Segment" ("id", "length") VALUES (3061, 986);
UPDATE "TrackElement" SET "region" = 2981 WHERE "id" = 3061;
INSERT INTO "monitoredBy" VALUES (3061, 3058);
INSERT INTO "TrackElement" ("id") VALUES (3062);
INSERT INTO "Segment" ("id", "length") VALUES (3062, 746);
UPDATE "TrackElement" SET "region" = 2981 WHERE "id" = 3062;
INSERT INTO "monitoredBy" VALUES (3062, 3058);
INSERT INTO "TrackElement" ("id") VALUES (3063);
INSERT INTO "Segment" ("id", "length") VALUES (3063, 473);
UPDATE "TrackElement" SET "region" = 2981 WHERE "id" = 3063;
INSERT INTO "monitoredBy" VALUES (3063, 3058);
UPDATE "Switch" SET "currentPosition" = 0 WHERE "id" = 3020;
INSERT INTO "SwitchPosition" ("id", "position", "target") VALUES (3064, 0, 3020);
UPDATE "SwitchPosition" SET "route" = 2980 WHERE "id" = 3064;
INSERT INTO "TrackElement" ("id") VALUES (3065);
INSERT INTO "Switch" ("id") VALUES (3065);
UPDATE "TrackElement" SET "region" = 2981 WHERE "id" = 3065;
INSERT INTO "Sensor" ("id") VALUES (3066);
UPDATE "Sensor" SET "region" = 2981 WHERE "id" = 3066;
INSERT INTO "monitoredBy" VALUES (3065, 3066);
UPDATE "Sensor" SET "route" = 2980 WHERE "id" = 3066;
INSERT INTO "TrackElement" ("id") VALUES (3067);
INSERT INTO "Segment" ("id", "length") VALUES (3067, 308);
UPDATE "TrackElement" SET "region" = 2981 WHERE "id" = 3067;
INSERT INTO "monitoredBy" VALUES (3067, 3066);
INSERT INTO "TrackElement" ("id") VALUES (3068);
INSERT INTO "Segment" ("id", "length") VALUES (3068, 806);
UPDATE "TrackElement" SET "region" = 2981 WHERE "id" = 3068;
INSERT INTO "monitoredBy" VALUES (3068, 3066);
INSERT INTO "TrackElement" ("id") VALUES (3069);
INSERT INTO "Segment" ("id", "length") VALUES (3069, 882);
UPDATE "TrackElement" SET "region" = 2981 WHERE "id" = 3069;
INSERT INTO "monitoredBy" VALUES (3069, 3066);
INSERT INTO "TrackElement" ("id") VALUES (3070);
INSERT INTO "Segment" ("id", "length") VALUES (3070, 28);
UPDATE "TrackElement" SET "region" = 2981 WHERE "id" = 3070;
INSERT INTO "monitoredBy" VALUES (3070, 3066);
INSERT INTO "TrackElement" ("id") VALUES (3071);
INSERT INTO "Segment" ("id", "length") VALUES (3071, 437);
UPDATE "TrackElement" SET "region" = 2981 WHERE "id" = 3071;
INSERT INTO "monitoredBy" VALUES (3071, 3066);
INSERT INTO "Sensor" ("id") VALUES (3072);
UPDATE "Sensor" SET "region" = 2981 WHERE "id" = 3072;
INSERT INTO "monitoredBy" VALUES (3065, 3072);
UPDATE "Sensor" SET "route" = 2980 WHERE "id" = 3072;
INSERT INTO "TrackElement" ("id") VALUES (3073);
INSERT INTO "Segment" ("id", "length") VALUES (3073, 304);
UPDATE "TrackElement" SET "region" = 2981 WHERE "id" = 3073;
INSERT INTO "monitoredBy" VALUES (3073, 3072);
INSERT INTO "TrackElement" ("id") VALUES (3074);
INSERT INTO "Segment" ("id", "length") VALUES (3074, 105);
UPDATE "TrackElement" SET "region" = 2981 WHERE "id" = 3074;
INSERT INTO "monitoredBy" VALUES (3074, 3072);
INSERT INTO "TrackElement" ("id") VALUES (3075);
INSERT INTO "Segment" ("id", "length") VALUES (3075, 569);
UPDATE "TrackElement" SET "region" = 2981 WHERE "id" = 3075;
INSERT INTO "monitoredBy" VALUES (3075, 3072);
INSERT INTO "TrackElement" ("id") VALUES (3076);
INSERT INTO "Segment" ("id", "length") VALUES (3076, 808);
UPDATE "TrackElement" SET "region" = 2981 WHERE "id" = 3076;
INSERT INTO "monitoredBy" VALUES (3076, 3072);
INSERT INTO "TrackElement" ("id") VALUES (3077);
INSERT INTO "Segment" ("id", "length") VALUES (3077, 130);
UPDATE "TrackElement" SET "region" = 2981 WHERE "id" = 3077;
INSERT INTO "monitoredBy" VALUES (3077, 3072);
INSERT INTO "Sensor" ("id") VALUES (3078);
UPDATE "Sensor" SET "region" = 2981 WHERE "id" = 3078;
INSERT INTO "monitoredBy" VALUES (3065, 3078);
UPDATE "Sensor" SET "route" = 2980 WHERE "id" = 3078;
INSERT INTO "TrackElement" ("id") VALUES (3079);
INSERT INTO "Segment" ("id", "length") VALUES (3079, 860);
UPDATE "TrackElement" SET "region" = 2981 WHERE "id" = 3079;
INSERT INTO "monitoredBy" VALUES (3079, 3078);
INSERT INTO "TrackElement" ("id") VALUES (3080);
INSERT INTO "Segment" ("id", "length") VALUES (3080, 806);
UPDATE "TrackElement" SET "region" = 2981 WHERE "id" = 3080;
INSERT INTO "monitoredBy" VALUES (3080, 3078);
INSERT INTO "TrackElement" ("id") VALUES (3081);
INSERT INTO "Segment" ("id", "length") VALUES (3081, 817);
UPDATE "TrackElement" SET "region" = 2981 WHERE "id" = 3081;
INSERT INTO "monitoredBy" VALUES (3081, 3078);
INSERT INTO "TrackElement" ("id") VALUES (3082);
INSERT INTO "Segment" ("id", "length") VALUES (3082, 627);
UPDATE "TrackElement" SET "region" = 2981 WHERE "id" = 3082;
INSERT INTO "monitoredBy" VALUES (3082, 3078);
INSERT INTO "TrackElement" ("id") VALUES (3083);
INSERT INTO "Segment" ("id", "length") VALUES (3083, 236);
UPDATE "TrackElement" SET "region" = 2981 WHERE "id" = 3083;
INSERT INTO "monitoredBy" VALUES (3083, 3078);
INSERT INTO "Sensor" ("id") VALUES (3084);
UPDATE "Sensor" SET "region" = 2981 WHERE "id" = 3084;
INSERT INTO "monitoredBy" VALUES (3065, 3084);
UPDATE "Sensor" SET "route" = 2980 WHERE "id" = 3084;
INSERT INTO "TrackElement" ("id") VALUES (3085);
INSERT INTO "Segment" ("id", "length") VALUES (3085, 828);
UPDATE "TrackElement" SET "region" = 2981 WHERE "id" = 3085;
INSERT INTO "monitoredBy" VALUES (3085, 3084);
INSERT INTO "TrackElement" ("id") VALUES (3086);
INSERT INTO "Segment" ("id", "length") VALUES (3086, 288);
UPDATE "TrackElement" SET "region" = 2981 WHERE "id" = 3086;
INSERT INTO "monitoredBy" VALUES (3086, 3084);
INSERT INTO "TrackElement" ("id") VALUES (3087);
INSERT INTO "Segment" ("id", "length") VALUES (3087, 857);
UPDATE "TrackElement" SET "region" = 2981 WHERE "id" = 3087;
INSERT INTO "monitoredBy" VALUES (3087, 3084);
INSERT INTO "TrackElement" ("id") VALUES (3088);
INSERT INTO "Segment" ("id", "length") VALUES (3088, 533);
UPDATE "TrackElement" SET "region" = 2981 WHERE "id" = 3088;
INSERT INTO "monitoredBy" VALUES (3088, 3084);
INSERT INTO "TrackElement" ("id") VALUES (3089);
INSERT INTO "Segment" ("id", "length") VALUES (3089, 834);
UPDATE "TrackElement" SET "region" = 2981 WHERE "id" = 3089;
INSERT INTO "monitoredBy" VALUES (3089, 3084);
INSERT INTO "Sensor" ("id") VALUES (3090);
UPDATE "Sensor" SET "region" = 2981 WHERE "id" = 3090;
INSERT INTO "monitoredBy" VALUES (3065, 3090);
UPDATE "Sensor" SET "route" = 2980 WHERE "id" = 3090;
INSERT INTO "TrackElement" ("id") VALUES (3091);
INSERT INTO "Segment" ("id", "length") VALUES (3091, 276);
UPDATE "TrackElement" SET "region" = 2981 WHERE "id" = 3091;
INSERT INTO "monitoredBy" VALUES (3091, 3090);
INSERT INTO "TrackElement" ("id") VALUES (3092);
INSERT INTO "Segment" ("id", "length") VALUES (3092, 319);
UPDATE "TrackElement" SET "region" = 2981 WHERE "id" = 3092;
INSERT INTO "monitoredBy" VALUES (3092, 3090);
INSERT INTO "TrackElement" ("id") VALUES (3093);
INSERT INTO "Segment" ("id", "length") VALUES (3093, 937);
UPDATE "TrackElement" SET "region" = 2981 WHERE "id" = 3093;
INSERT INTO "monitoredBy" VALUES (3093, 3090);
INSERT INTO "TrackElement" ("id") VALUES (3094);
INSERT INTO "Segment" ("id", "length") VALUES (3094, 734);
UPDATE "TrackElement" SET "region" = 2981 WHERE "id" = 3094;
INSERT INTO "monitoredBy" VALUES (3094, 3090);
INSERT INTO "TrackElement" ("id") VALUES (3095);
INSERT INTO "Segment" ("id", "length") VALUES (3095, 400);
UPDATE "TrackElement" SET "region" = 2981 WHERE "id" = 3095;
INSERT INTO "monitoredBy" VALUES (3095, 3090);
UPDATE "Switch" SET "currentPosition" = 0 WHERE "id" = 3065;
INSERT INTO "SwitchPosition" ("id", "position", "target") VALUES (3096, 0, 3065);
UPDATE "SwitchPosition" SET "route" = 2980 WHERE "id" = 3096;
INSERT INTO "TrackElement" ("id") VALUES (3097);
INSERT INTO "Switch" ("id") VALUES (3097);
UPDATE "TrackElement" SET "region" = 2981 WHERE "id" = 3097;
INSERT INTO "Sensor" ("id") VALUES (3098);
UPDATE "Sensor" SET "region" = 2981 WHERE "id" = 3098;
INSERT INTO "monitoredBy" VALUES (3097, 3098);
UPDATE "Sensor" SET "route" = 2980 WHERE "id" = 3098;
INSERT INTO "TrackElement" ("id") VALUES (3099);
INSERT INTO "Segment" ("id", "length") VALUES (3099, 177);
UPDATE "TrackElement" SET "region" = 2981 WHERE "id" = 3099;
INSERT INTO "monitoredBy" VALUES (3099, 3098);
INSERT INTO "TrackElement" ("id") VALUES (3100);
INSERT INTO "Segment" ("id", "length") VALUES (3100, 104);
UPDATE "TrackElement" SET "region" = 2981 WHERE "id" = 3100;
INSERT INTO "monitoredBy" VALUES (3100, 3098);
INSERT INTO "TrackElement" ("id") VALUES (3101);
INSERT INTO "Segment" ("id", "length") VALUES (3101, -766);
UPDATE "TrackElement" SET "region" = 2981 WHERE "id" = 3101;
INSERT INTO "monitoredBy" VALUES (3101, 3098);
INSERT INTO "TrackElement" ("id") VALUES (3102);
INSERT INTO "Segment" ("id", "length") VALUES (3102, 577);
UPDATE "TrackElement" SET "region" = 2981 WHERE "id" = 3102;
INSERT INTO "monitoredBy" VALUES (3102, 3098);
INSERT INTO "TrackElement" ("id") VALUES (3103);
INSERT INTO "Segment" ("id", "length") VALUES (3103, 129);
UPDATE "TrackElement" SET "region" = 2981 WHERE "id" = 3103;
INSERT INTO "monitoredBy" VALUES (3103, 3098);
INSERT INTO "TrackElement" ("id") VALUES (3104);
INSERT INTO "Segment" ("id", "length") VALUES (3104, 202);
UPDATE "TrackElement" SET "region" = 2981 WHERE "id" = 3104;
INSERT INTO "monitoredBy" VALUES (3104, 3098);
INSERT INTO "Sensor" ("id") VALUES (3105);
UPDATE "Sensor" SET "region" = 2981 WHERE "id" = 3105;
INSERT INTO "monitoredBy" VALUES (3097, 3105);
UPDATE "Sensor" SET "route" = 2980 WHERE "id" = 3105;
INSERT INTO "TrackElement" ("id") VALUES (3106);
INSERT INTO "Segment" ("id", "length") VALUES (3106, 281);
UPDATE "TrackElement" SET "region" = 2981 WHERE "id" = 3106;
INSERT INTO "monitoredBy" VALUES (3106, 3105);
INSERT INTO "TrackElement" ("id") VALUES (3107);
INSERT INTO "Segment" ("id", "length") VALUES (3107, 212);
UPDATE "TrackElement" SET "region" = 2981 WHERE "id" = 3107;
INSERT INTO "monitoredBy" VALUES (3107, 3105);
INSERT INTO "TrackElement" ("id") VALUES (3108);
INSERT INTO "Segment" ("id", "length") VALUES (3108, 39);
UPDATE "TrackElement" SET "region" = 2981 WHERE "id" = 3108;
INSERT INTO "monitoredBy" VALUES (3108, 3105);
INSERT INTO "TrackElement" ("id") VALUES (3109);
INSERT INTO "Segment" ("id", "length") VALUES (3109, 760);
UPDATE "TrackElement" SET "region" = 2981 WHERE "id" = 3109;
INSERT INTO "monitoredBy" VALUES (3109, 3105);
INSERT INTO "TrackElement" ("id") VALUES (3110);
INSERT INTO "Segment" ("id", "length") VALUES (3110, 529);
UPDATE "TrackElement" SET "region" = 2981 WHERE "id" = 3110;
INSERT INTO "monitoredBy" VALUES (3110, 3105);
INSERT INTO "Sensor" ("id") VALUES (3111);
UPDATE "Sensor" SET "region" = 2981 WHERE "id" = 3111;
INSERT INTO "monitoredBy" VALUES (3097, 3111);
UPDATE "Sensor" SET "route" = 2980 WHERE "id" = 3111;
INSERT INTO "TrackElement" ("id") VALUES (3112);
INSERT INTO "Segment" ("id", "length") VALUES (3112, 798);
UPDATE "TrackElement" SET "region" = 2981 WHERE "id" = 3112;
INSERT INTO "monitoredBy" VALUES (3112, 3111);
INSERT INTO "TrackElement" ("id") VALUES (3113);
INSERT INTO "Segment" ("id", "length") VALUES (3113, 104);
UPDATE "TrackElement" SET "region" = 2981 WHERE "id" = 3113;
INSERT INTO "monitoredBy" VALUES (3113, 3111);
INSERT INTO "TrackElement" ("id") VALUES (3114);
INSERT INTO "Segment" ("id", "length") VALUES (3114, 90);
UPDATE "TrackElement" SET "region" = 2981 WHERE "id" = 3114;
INSERT INTO "monitoredBy" VALUES (3114, 3111);
INSERT INTO "TrackElement" ("id") VALUES (3115);
INSERT INTO "Segment" ("id", "length") VALUES (3115, 479);
UPDATE "TrackElement" SET "region" = 2981 WHERE "id" = 3115;
INSERT INTO "monitoredBy" VALUES (3115, 3111);
INSERT INTO "TrackElement" ("id") VALUES (3116);
INSERT INTO "Segment" ("id", "length") VALUES (3116, 802);
UPDATE "TrackElement" SET "region" = 2981 WHERE "id" = 3116;
INSERT INTO "monitoredBy" VALUES (3116, 3111);
INSERT INTO "Sensor" ("id") VALUES (3117);
UPDATE "Sensor" SET "region" = 2981 WHERE "id" = 3117;
INSERT INTO "monitoredBy" VALUES (3097, 3117);
UPDATE "Sensor" SET "route" = 2980 WHERE "id" = 3117;
INSERT INTO "TrackElement" ("id") VALUES (3118);
INSERT INTO "Segment" ("id", "length") VALUES (3118, 811);
UPDATE "TrackElement" SET "region" = 2981 WHERE "id" = 3118;
INSERT INTO "monitoredBy" VALUES (3118, 3117);
INSERT INTO "TrackElement" ("id") VALUES (3119);
INSERT INTO "Segment" ("id", "length") VALUES (3119, 957);
UPDATE "TrackElement" SET "region" = 2981 WHERE "id" = 3119;
INSERT INTO "monitoredBy" VALUES (3119, 3117);
INSERT INTO "TrackElement" ("id") VALUES (3120);
INSERT INTO "Segment" ("id", "length") VALUES (3120, -288);
UPDATE "TrackElement" SET "region" = 2981 WHERE "id" = 3120;
INSERT INTO "monitoredBy" VALUES (3120, 3117);
INSERT INTO "TrackElement" ("id") VALUES (3121);
INSERT INTO "Segment" ("id", "length") VALUES (3121, 425);
UPDATE "TrackElement" SET "region" = 2981 WHERE "id" = 3121;
INSERT INTO "monitoredBy" VALUES (3121, 3117);
INSERT INTO "TrackElement" ("id") VALUES (3122);
INSERT INTO "Segment" ("id", "length") VALUES (3122, 131);
UPDATE "TrackElement" SET "region" = 2981 WHERE "id" = 3122;
INSERT INTO "monitoredBy" VALUES (3122, 3117);
INSERT INTO "Sensor" ("id") VALUES (3123);
UPDATE "Sensor" SET "region" = 2981 WHERE "id" = 3123;
INSERT INTO "monitoredBy" VALUES (3097, 3123);
UPDATE "Sensor" SET "route" = 2980 WHERE "id" = 3123;
INSERT INTO "TrackElement" ("id") VALUES (3124);
INSERT INTO "Segment" ("id", "length") VALUES (3124, 271);
UPDATE "TrackElement" SET "region" = 2981 WHERE "id" = 3124;
INSERT INTO "monitoredBy" VALUES (3124, 3123);
INSERT INTO "TrackElement" ("id") VALUES (3125);
INSERT INTO "Segment" ("id", "length") VALUES (3125, 553);
UPDATE "TrackElement" SET "region" = 2981 WHERE "id" = 3125;
INSERT INTO "monitoredBy" VALUES (3125, 3123);
INSERT INTO "TrackElement" ("id") VALUES (3126);
INSERT INTO "Segment" ("id", "length") VALUES (3126, 179);
UPDATE "TrackElement" SET "region" = 2981 WHERE "id" = 3126;
INSERT INTO "monitoredBy" VALUES (3126, 3123);
INSERT INTO "TrackElement" ("id") VALUES (3127);
INSERT INTO "Segment" ("id", "length") VALUES (3127, 706);
UPDATE "TrackElement" SET "region" = 2981 WHERE "id" = 3127;
INSERT INTO "monitoredBy" VALUES (3127, 3123);
INSERT INTO "TrackElement" ("id") VALUES (3128);
INSERT INTO "Segment" ("id", "length") VALUES (3128, 205);
UPDATE "TrackElement" SET "region" = 2981 WHERE "id" = 3128;
INSERT INTO "monitoredBy" VALUES (3128, 3123);
INSERT INTO "TrackElement" ("id") VALUES (3129);
INSERT INTO "Segment" ("id", "length") VALUES (3129, 952);
UPDATE "TrackElement" SET "region" = 2981 WHERE "id" = 3129;
INSERT INTO "monitoredBy" VALUES (3129, 3123);
INSERT INTO "Sensor" ("id") VALUES (3130);
UPDATE "Sensor" SET "region" = 2981 WHERE "id" = 3130;
INSERT INTO "monitoredBy" VALUES (3097, 3130);
UPDATE "Sensor" SET "route" = 2980 WHERE "id" = 3130;
INSERT INTO "TrackElement" ("id") VALUES (3131);
INSERT INTO "Segment" ("id", "length") VALUES (3131, 839);
UPDATE "TrackElement" SET "region" = 2981 WHERE "id" = 3131;
INSERT INTO "monitoredBy" VALUES (3131, 3130);
INSERT INTO "TrackElement" ("id") VALUES (3132);
INSERT INTO "Segment" ("id", "length") VALUES (3132, 705);
UPDATE "TrackElement" SET "region" = 2981 WHERE "id" = 3132;
INSERT INTO "monitoredBy" VALUES (3132, 3130);
INSERT INTO "TrackElement" ("id") VALUES (3133);
INSERT INTO "Segment" ("id", "length") VALUES (3133, 443);
UPDATE "TrackElement" SET "region" = 2981 WHERE "id" = 3133;
INSERT INTO "monitoredBy" VALUES (3133, 3130);
INSERT INTO "TrackElement" ("id") VALUES (3134);
INSERT INTO "Segment" ("id", "length") VALUES (3134, 184);
UPDATE "TrackElement" SET "region" = 2981 WHERE "id" = 3134;
INSERT INTO "monitoredBy" VALUES (3134, 3130);
INSERT INTO "TrackElement" ("id") VALUES (3135);
INSERT INTO "Segment" ("id", "length") VALUES (3135, 715);
UPDATE "TrackElement" SET "region" = 2981 WHERE "id" = 3135;
INSERT INTO "monitoredBy" VALUES (3135, 3130);
INSERT INTO "Sensor" ("id") VALUES (3136);
UPDATE "Sensor" SET "region" = 2981 WHERE "id" = 3136;
INSERT INTO "monitoredBy" VALUES (3097, 3136);
UPDATE "Sensor" SET "route" = 2980 WHERE "id" = 3136;
INSERT INTO "TrackElement" ("id") VALUES (3137);
INSERT INTO "Segment" ("id", "length") VALUES (3137, 907);
UPDATE "TrackElement" SET "region" = 2981 WHERE "id" = 3137;
INSERT INTO "monitoredBy" VALUES (3137, 3136);
INSERT INTO "TrackElement" ("id") VALUES (3138);
INSERT INTO "Segment" ("id", "length") VALUES (3138, 794);
UPDATE "TrackElement" SET "region" = 2981 WHERE "id" = 3138;
INSERT INTO "monitoredBy" VALUES (3138, 3136);
INSERT INTO "TrackElement" ("id") VALUES (3139);
INSERT INTO "Segment" ("id", "length") VALUES (3139, -139);
UPDATE "TrackElement" SET "region" = 2981 WHERE "id" = 3139;
INSERT INTO "monitoredBy" VALUES (3139, 3136);
INSERT INTO "TrackElement" ("id") VALUES (3140);
INSERT INTO "Segment" ("id", "length") VALUES (3140, 392);
UPDATE "TrackElement" SET "region" = 2981 WHERE "id" = 3140;
INSERT INTO "monitoredBy" VALUES (3140, 3136);
INSERT INTO "TrackElement" ("id") VALUES (3141);
INSERT INTO "Segment" ("id", "length") VALUES (3141, 416);
UPDATE "TrackElement" SET "region" = 2981 WHERE "id" = 3141;
INSERT INTO "monitoredBy" VALUES (3141, 3136);
UPDATE "Switch" SET "currentPosition" = 1 WHERE "id" = 3097;
INSERT INTO "SwitchPosition" ("id", "position", "target") VALUES (3142, 1, 3097);
UPDATE "SwitchPosition" SET "route" = 2980 WHERE "id" = 3142;
INSERT INTO "TrackElement" ("id") VALUES (3143);
INSERT INTO "Switch" ("id") VALUES (3143);
UPDATE "TrackElement" SET "region" = 2981 WHERE "id" = 3143;
INSERT INTO "Sensor" ("id") VALUES (3144);
UPDATE "Sensor" SET "region" = 2981 WHERE "id" = 3144;
INSERT INTO "monitoredBy" VALUES (3143, 3144);
UPDATE "Sensor" SET "route" = 2980 WHERE "id" = 3144;
INSERT INTO "TrackElement" ("id") VALUES (3145);
INSERT INTO "Segment" ("id", "length") VALUES (3145, 980);
UPDATE "TrackElement" SET "region" = 2981 WHERE "id" = 3145;
INSERT INTO "monitoredBy" VALUES (3145, 3144);
INSERT INTO "TrackElement" ("id") VALUES (3146);
INSERT INTO "Segment" ("id", "length") VALUES (3146, 969);
UPDATE "TrackElement" SET "region" = 2981 WHERE "id" = 3146;
INSERT INTO "monitoredBy" VALUES (3146, 3144);
INSERT INTO "TrackElement" ("id") VALUES (3147);
INSERT INTO "Segment" ("id", "length") VALUES (3147, 221);
UPDATE "TrackElement" SET "region" = 2981 WHERE "id" = 3147;
INSERT INTO "monitoredBy" VALUES (3147, 3144);
INSERT INTO "TrackElement" ("id") VALUES (3148);
INSERT INTO "Segment" ("id", "length") VALUES (3148, 378);
UPDATE "TrackElement" SET "region" = 2981 WHERE "id" = 3148;
INSERT INTO "monitoredBy" VALUES (3148, 3144);
INSERT INTO "TrackElement" ("id") VALUES (3149);
INSERT INTO "Segment" ("id", "length") VALUES (3149, 353);
UPDATE "TrackElement" SET "region" = 2981 WHERE "id" = 3149;
INSERT INTO "monitoredBy" VALUES (3149, 3144);
INSERT INTO "Sensor" ("id") VALUES (3150);
UPDATE "Sensor" SET "region" = 2981 WHERE "id" = 3150;
INSERT INTO "monitoredBy" VALUES (3143, 3150);
UPDATE "Sensor" SET "route" = 2980 WHERE "id" = 3150;
INSERT INTO "TrackElement" ("id") VALUES (3151);
INSERT INTO "Segment" ("id", "length") VALUES (3151, 598);
UPDATE "TrackElement" SET "region" = 2981 WHERE "id" = 3151;
INSERT INTO "monitoredBy" VALUES (3151, 3150);
INSERT INTO "TrackElement" ("id") VALUES (3152);
INSERT INTO "Segment" ("id", "length") VALUES (3152, 381);
UPDATE "TrackElement" SET "region" = 2981 WHERE "id" = 3152;
INSERT INTO "monitoredBy" VALUES (3152, 3150);
INSERT INTO "TrackElement" ("id") VALUES (3153);
INSERT INTO "Segment" ("id", "length") VALUES (3153, 137);
UPDATE "TrackElement" SET "region" = 2981 WHERE "id" = 3153;
INSERT INTO "monitoredBy" VALUES (3153, 3150);
INSERT INTO "TrackElement" ("id") VALUES (3154);
INSERT INTO "Segment" ("id", "length") VALUES (3154, 365);
UPDATE "TrackElement" SET "region" = 2981 WHERE "id" = 3154;
INSERT INTO "monitoredBy" VALUES (3154, 3150);
INSERT INTO "TrackElement" ("id") VALUES (3155);
INSERT INTO "Segment" ("id", "length") VALUES (3155, 565);
UPDATE "TrackElement" SET "region" = 2981 WHERE "id" = 3155;
INSERT INTO "monitoredBy" VALUES (3155, 3150);
INSERT INTO "Sensor" ("id") VALUES (3156);
UPDATE "Sensor" SET "region" = 2981 WHERE "id" = 3156;
INSERT INTO "monitoredBy" VALUES (3143, 3156);
UPDATE "Sensor" SET "route" = 2980 WHERE "id" = 3156;
INSERT INTO "TrackElement" ("id") VALUES (3157);
INSERT INTO "Segment" ("id", "length") VALUES (3157, 378);
UPDATE "TrackElement" SET "region" = 2981 WHERE "id" = 3157;
INSERT INTO "monitoredBy" VALUES (3157, 3156);
INSERT INTO "TrackElement" ("id") VALUES (3158);
INSERT INTO "Segment" ("id", "length") VALUES (3158, 164);
UPDATE "TrackElement" SET "region" = 2981 WHERE "id" = 3158;
INSERT INTO "monitoredBy" VALUES (3158, 3156);
INSERT INTO "TrackElement" ("id") VALUES (3159);
INSERT INTO "Segment" ("id", "length") VALUES (3159, 503);
UPDATE "TrackElement" SET "region" = 2981 WHERE "id" = 3159;
INSERT INTO "monitoredBy" VALUES (3159, 3156);
INSERT INTO "TrackElement" ("id") VALUES (3160);
INSERT INTO "Segment" ("id", "length") VALUES (3160, 794);
UPDATE "TrackElement" SET "region" = 2981 WHERE "id" = 3160;
INSERT INTO "monitoredBy" VALUES (3160, 3156);
INSERT INTO "TrackElement" ("id") VALUES (3161);
INSERT INTO "Segment" ("id", "length") VALUES (3161, 590);
UPDATE "TrackElement" SET "region" = 2981 WHERE "id" = 3161;
INSERT INTO "monitoredBy" VALUES (3161, 3156);
INSERT INTO "Sensor" ("id") VALUES (3162);
UPDATE "Sensor" SET "region" = 2981 WHERE "id" = 3162;
INSERT INTO "monitoredBy" VALUES (3143, 3162);
UPDATE "Sensor" SET "route" = 2980 WHERE "id" = 3162;
INSERT INTO "TrackElement" ("id") VALUES (3163);
INSERT INTO "Segment" ("id", "length") VALUES (3163, 827);
UPDATE "TrackElement" SET "region" = 2981 WHERE "id" = 3163;
INSERT INTO "monitoredBy" VALUES (3163, 3162);
INSERT INTO "TrackElement" ("id") VALUES (3164);
INSERT INTO "Segment" ("id", "length") VALUES (3164, 885);
UPDATE "TrackElement" SET "region" = 2981 WHERE "id" = 3164;
INSERT INTO "monitoredBy" VALUES (3164, 3162);
INSERT INTO "TrackElement" ("id") VALUES (3165);
INSERT INTO "Segment" ("id", "length") VALUES (3165, 977);
UPDATE "TrackElement" SET "region" = 2981 WHERE "id" = 3165;
INSERT INTO "monitoredBy" VALUES (3165, 3162);
INSERT INTO "TrackElement" ("id") VALUES (3166);
INSERT INTO "Segment" ("id", "length") VALUES (3166, 963);
UPDATE "TrackElement" SET "region" = 2981 WHERE "id" = 3166;
INSERT INTO "monitoredBy" VALUES (3166, 3162);
INSERT INTO "TrackElement" ("id") VALUES (3167);
INSERT INTO "Segment" ("id", "length") VALUES (3167, 801);
UPDATE "TrackElement" SET "region" = 2981 WHERE "id" = 3167;
INSERT INTO "monitoredBy" VALUES (3167, 3162);
INSERT INTO "TrackElement" ("id") VALUES (3168);
INSERT INTO "Segment" ("id", "length") VALUES (3168, 802);
UPDATE "TrackElement" SET "region" = 2981 WHERE "id" = 3168;
INSERT INTO "monitoredBy" VALUES (3168, 3162);
INSERT INTO "Sensor" ("id") VALUES (3169);
UPDATE "Sensor" SET "region" = 2981 WHERE "id" = 3169;
INSERT INTO "monitoredBy" VALUES (3143, 3169);
UPDATE "Sensor" SET "route" = 2980 WHERE "id" = 3169;
INSERT INTO "TrackElement" ("id") VALUES (3170);
INSERT INTO "Segment" ("id", "length") VALUES (3170, 16);
UPDATE "TrackElement" SET "region" = 2981 WHERE "id" = 3170;
INSERT INTO "monitoredBy" VALUES (3170, 3169);
INSERT INTO "TrackElement" ("id") VALUES (3171);
INSERT INTO "Segment" ("id", "length") VALUES (3171, 196);
UPDATE "TrackElement" SET "region" = 2981 WHERE "id" = 3171;
INSERT INTO "monitoredBy" VALUES (3171, 3169);
INSERT INTO "TrackElement" ("id") VALUES (3172);
INSERT INTO "Segment" ("id", "length") VALUES (3172, 134);
UPDATE "TrackElement" SET "region" = 2981 WHERE "id" = 3172;
INSERT INTO "monitoredBy" VALUES (3172, 3169);
INSERT INTO "TrackElement" ("id") VALUES (3173);
INSERT INTO "Segment" ("id", "length") VALUES (3173, 581);
UPDATE "TrackElement" SET "region" = 2981 WHERE "id" = 3173;
INSERT INTO "monitoredBy" VALUES (3173, 3169);
INSERT INTO "TrackElement" ("id") VALUES (3174);
INSERT INTO "Segment" ("id", "length") VALUES (3174, 838);
UPDATE "TrackElement" SET "region" = 2981 WHERE "id" = 3174;
INSERT INTO "monitoredBy" VALUES (3174, 3169);
INSERT INTO "Sensor" ("id") VALUES (3175);
UPDATE "Sensor" SET "region" = 2981 WHERE "id" = 3175;
INSERT INTO "monitoredBy" VALUES (3143, 3175);
UPDATE "Sensor" SET "route" = 2980 WHERE "id" = 3175;
INSERT INTO "TrackElement" ("id") VALUES (3176);
INSERT INTO "Segment" ("id", "length") VALUES (3176, 79);
UPDATE "TrackElement" SET "region" = 2981 WHERE "id" = 3176;
INSERT INTO "monitoredBy" VALUES (3176, 3175);
INSERT INTO "TrackElement" ("id") VALUES (3177);
INSERT INTO "Segment" ("id", "length") VALUES (3177, 757);
UPDATE "TrackElement" SET "region" = 2981 WHERE "id" = 3177;
INSERT INTO "monitoredBy" VALUES (3177, 3175);
INSERT INTO "TrackElement" ("id") VALUES (3178);
INSERT INTO "Segment" ("id", "length") VALUES (3178, 226);
UPDATE "TrackElement" SET "region" = 2981 WHERE "id" = 3178;
INSERT INTO "monitoredBy" VALUES (3178, 3175);
INSERT INTO "TrackElement" ("id") VALUES (3179);
INSERT INTO "Segment" ("id", "length") VALUES (3179, 598);
UPDATE "TrackElement" SET "region" = 2981 WHERE "id" = 3179;
INSERT INTO "monitoredBy" VALUES (3179, 3175);
INSERT INTO "TrackElement" ("id") VALUES (3180);
INSERT INTO "Segment" ("id", "length") VALUES (3180, 623);
UPDATE "TrackElement" SET "region" = 2981 WHERE "id" = 3180;
INSERT INTO "monitoredBy" VALUES (3180, 3175);
INSERT INTO "Sensor" ("id") VALUES (3181);
UPDATE "Sensor" SET "region" = 2981 WHERE "id" = 3181;
INSERT INTO "monitoredBy" VALUES (3143, 3181);
UPDATE "Sensor" SET "route" = 2980 WHERE "id" = 3181;
INSERT INTO "TrackElement" ("id") VALUES (3182);
INSERT INTO "Segment" ("id", "length") VALUES (3182, 813);
UPDATE "TrackElement" SET "region" = 2981 WHERE "id" = 3182;
INSERT INTO "monitoredBy" VALUES (3182, 3181);
INSERT INTO "TrackElement" ("id") VALUES (3183);
INSERT INTO "Segment" ("id", "length") VALUES (3183, 409);
UPDATE "TrackElement" SET "region" = 2981 WHERE "id" = 3183;
INSERT INTO "monitoredBy" VALUES (3183, 3181);
INSERT INTO "TrackElement" ("id") VALUES (3184);
INSERT INTO "Segment" ("id", "length") VALUES (3184, 42);
UPDATE "TrackElement" SET "region" = 2981 WHERE "id" = 3184;
INSERT INTO "monitoredBy" VALUES (3184, 3181);
INSERT INTO "TrackElement" ("id") VALUES (3185);
INSERT INTO "Segment" ("id", "length") VALUES (3185, 528);
UPDATE "TrackElement" SET "region" = 2981 WHERE "id" = 3185;
INSERT INTO "monitoredBy" VALUES (3185, 3181);
INSERT INTO "TrackElement" ("id") VALUES (3186);
INSERT INTO "Segment" ("id", "length") VALUES (3186, -735);
UPDATE "TrackElement" SET "region" = 2981 WHERE "id" = 3186;
INSERT INTO "monitoredBy" VALUES (3186, 3181);
UPDATE "Switch" SET "currentPosition" = 0 WHERE "id" = 3143;
INSERT INTO "SwitchPosition" ("id", "position", "target") VALUES (3187, 0, 3143);
UPDATE "SwitchPosition" SET "route" = 2980 WHERE "id" = 3187;
INSERT INTO "TrackElement" ("id") VALUES (3188);
INSERT INTO "Switch" ("id") VALUES (3188);
UPDATE "TrackElement" SET "region" = 2981 WHERE "id" = 3188;
INSERT INTO "Sensor" ("id") VALUES (3189);
UPDATE "Sensor" SET "region" = 2981 WHERE "id" = 3189;
INSERT INTO "monitoredBy" VALUES (3188, 3189);
UPDATE "Sensor" SET "route" = 2980 WHERE "id" = 3189;
INSERT INTO "TrackElement" ("id") VALUES (3190);
INSERT INTO "Segment" ("id", "length") VALUES (3190, 914);
UPDATE "TrackElement" SET "region" = 2981 WHERE "id" = 3190;
INSERT INTO "monitoredBy" VALUES (3190, 3189);
INSERT INTO "TrackElement" ("id") VALUES (3191);
INSERT INTO "Segment" ("id", "length") VALUES (3191, 776);
UPDATE "TrackElement" SET "region" = 2981 WHERE "id" = 3191;
INSERT INTO "monitoredBy" VALUES (3191, 3189);
INSERT INTO "TrackElement" ("id") VALUES (3192);
INSERT INTO "Segment" ("id", "length") VALUES (3192, 328);
UPDATE "TrackElement" SET "region" = 2981 WHERE "id" = 3192;
INSERT INTO "monitoredBy" VALUES (3192, 3189);
INSERT INTO "TrackElement" ("id") VALUES (3193);
INSERT INTO "Segment" ("id", "length") VALUES (3193, 109);
UPDATE "TrackElement" SET "region" = 2981 WHERE "id" = 3193;
INSERT INTO "monitoredBy" VALUES (3193, 3189);
INSERT INTO "TrackElement" ("id") VALUES (3194);
INSERT INTO "Segment" ("id", "length") VALUES (3194, 433);
UPDATE "TrackElement" SET "region" = 2981 WHERE "id" = 3194;
INSERT INTO "monitoredBy" VALUES (3194, 3189);
INSERT INTO "Sensor" ("id") VALUES (3195);
UPDATE "Sensor" SET "region" = 2981 WHERE "id" = 3195;
INSERT INTO "monitoredBy" VALUES (3188, 3195);
UPDATE "Sensor" SET "route" = 2980 WHERE "id" = 3195;
INSERT INTO "TrackElement" ("id") VALUES (3196);
INSERT INTO "Segment" ("id", "length") VALUES (3196, -802);
UPDATE "TrackElement" SET "region" = 2981 WHERE "id" = 3196;
INSERT INTO "monitoredBy" VALUES (3196, 3195);
INSERT INTO "TrackElement" ("id") VALUES (3197);
INSERT INTO "Segment" ("id", "length") VALUES (3197, 667);
UPDATE "TrackElement" SET "region" = 2981 WHERE "id" = 3197;
INSERT INTO "monitoredBy" VALUES (3197, 3195);
INSERT INTO "TrackElement" ("id") VALUES (3198);
INSERT INTO "Segment" ("id", "length") VALUES (3198, 687);
UPDATE "TrackElement" SET "region" = 2981 WHERE "id" = 3198;
INSERT INTO "monitoredBy" VALUES (3198, 3195);
INSERT INTO "TrackElement" ("id") VALUES (3199);
INSERT INTO "Segment" ("id", "length") VALUES (3199, 33);
UPDATE "TrackElement" SET "region" = 2981 WHERE "id" = 3199;
INSERT INTO "monitoredBy" VALUES (3199, 3195);
INSERT INTO "TrackElement" ("id") VALUES (3200);
INSERT INTO "Segment" ("id", "length") VALUES (3200, 467);
UPDATE "TrackElement" SET "region" = 2981 WHERE "id" = 3200;
INSERT INTO "monitoredBy" VALUES (3200, 3195);
INSERT INTO "Sensor" ("id") VALUES (3201);
UPDATE "Sensor" SET "region" = 2981 WHERE "id" = 3201;
INSERT INTO "monitoredBy" VALUES (3188, 3201);
UPDATE "Sensor" SET "route" = 2980 WHERE "id" = 3201;
INSERT INTO "TrackElement" ("id") VALUES (3202);
INSERT INTO "Segment" ("id", "length") VALUES (3202, -458);
UPDATE "TrackElement" SET "region" = 2981 WHERE "id" = 3202;
INSERT INTO "monitoredBy" VALUES (3202, 3201);
INSERT INTO "TrackElement" ("id") VALUES (3203);
INSERT INTO "Segment" ("id", "length") VALUES (3203, 470);
UPDATE "TrackElement" SET "region" = 2981 WHERE "id" = 3203;
INSERT INTO "monitoredBy" VALUES (3203, 3201);
INSERT INTO "TrackElement" ("id") VALUES (3204);
INSERT INTO "Segment" ("id", "length") VALUES (3204, 325);
UPDATE "TrackElement" SET "region" = 2981 WHERE "id" = 3204;
INSERT INTO "monitoredBy" VALUES (3204, 3201);
INSERT INTO "TrackElement" ("id") VALUES (3205);
INSERT INTO "Segment" ("id", "length") VALUES (3205, 643);
UPDATE "TrackElement" SET "region" = 2981 WHERE "id" = 3205;
INSERT INTO "monitoredBy" VALUES (3205, 3201);
INSERT INTO "TrackElement" ("id") VALUES (3206);
INSERT INTO "Segment" ("id", "length") VALUES (3206, 445);
UPDATE "TrackElement" SET "region" = 2981 WHERE "id" = 3206;
INSERT INTO "monitoredBy" VALUES (3206, 3201);
UPDATE "Switch" SET "currentPosition" = 0 WHERE "id" = 3188;
INSERT INTO "SwitchPosition" ("id", "position", "target") VALUES (3207, 0, 3188);
UPDATE "SwitchPosition" SET "route" = 2980 WHERE "id" = 3207;
INSERT INTO "TrackElement" ("id") VALUES (3208);
INSERT INTO "Switch" ("id") VALUES (3208);
UPDATE "TrackElement" SET "region" = 2981 WHERE "id" = 3208;
INSERT INTO "Sensor" ("id") VALUES (3209);
UPDATE "Sensor" SET "region" = 2981 WHERE "id" = 3209;
INSERT INTO "monitoredBy" VALUES (3208, 3209);
UPDATE "Sensor" SET "route" = 2980 WHERE "id" = 3209;
INSERT INTO "TrackElement" ("id") VALUES (3210);
INSERT INTO "Segment" ("id", "length") VALUES (3210, 366);
UPDATE "TrackElement" SET "region" = 2981 WHERE "id" = 3210;
INSERT INTO "monitoredBy" VALUES (3210, 3209);
INSERT INTO "TrackElement" ("id") VALUES (3211);
INSERT INTO "Segment" ("id", "length") VALUES (3211, 615);
UPDATE "TrackElement" SET "region" = 2981 WHERE "id" = 3211;
INSERT INTO "monitoredBy" VALUES (3211, 3209);
INSERT INTO "TrackElement" ("id") VALUES (3212);
INSERT INTO "Segment" ("id", "length") VALUES (3212, 366);
UPDATE "TrackElement" SET "region" = 2981 WHERE "id" = 3212;
INSERT INTO "monitoredBy" VALUES (3212, 3209);
INSERT INTO "TrackElement" ("id") VALUES (3213);
INSERT INTO "Segment" ("id", "length") VALUES (3213, 901);
UPDATE "TrackElement" SET "region" = 2981 WHERE "id" = 3213;
INSERT INTO "monitoredBy" VALUES (3213, 3209);
INSERT INTO "TrackElement" ("id") VALUES (3214);
INSERT INTO "Segment" ("id", "length") VALUES (3214, 208);
UPDATE "TrackElement" SET "region" = 2981 WHERE "id" = 3214;
INSERT INTO "monitoredBy" VALUES (3214, 3209);
INSERT INTO "Sensor" ("id") VALUES (3215);
UPDATE "Sensor" SET "region" = 2981 WHERE "id" = 3215;
INSERT INTO "monitoredBy" VALUES (3208, 3215);
UPDATE "Sensor" SET "route" = 2980 WHERE "id" = 3215;
INSERT INTO "TrackElement" ("id") VALUES (3216);
INSERT INTO "Segment" ("id", "length") VALUES (3216, 913);
UPDATE "TrackElement" SET "region" = 2981 WHERE "id" = 3216;
INSERT INTO "monitoredBy" VALUES (3216, 3215);
INSERT INTO "TrackElement" ("id") VALUES (3217);
INSERT INTO "Segment" ("id", "length") VALUES (3217, 266);
UPDATE "TrackElement" SET "region" = 2981 WHERE "id" = 3217;
INSERT INTO "monitoredBy" VALUES (3217, 3215);
INSERT INTO "TrackElement" ("id") VALUES (3218);
INSERT INTO "Segment" ("id", "length") VALUES (3218, 782);
UPDATE "TrackElement" SET "region" = 2981 WHERE "id" = 3218;
INSERT INTO "monitoredBy" VALUES (3218, 3215);
INSERT INTO "TrackElement" ("id") VALUES (3219);
INSERT INTO "Segment" ("id", "length") VALUES (3219, 488);
UPDATE "TrackElement" SET "region" = 2981 WHERE "id" = 3219;
INSERT INTO "monitoredBy" VALUES (3219, 3215);
INSERT INTO "TrackElement" ("id") VALUES (3220);
INSERT INTO "Segment" ("id", "length") VALUES (3220, 311);
UPDATE "TrackElement" SET "region" = 2981 WHERE "id" = 3220;
INSERT INTO "monitoredBy" VALUES (3220, 3215);
UPDATE "Switch" SET "currentPosition" = 2 WHERE "id" = 3208;
INSERT INTO "SwitchPosition" ("id", "position", "target") VALUES (3221, 2, 3208);
UPDATE "SwitchPosition" SET "route" = 2980 WHERE "id" = 3221;
INSERT INTO "TrackElement" ("id") VALUES (3222);
INSERT INTO "Switch" ("id") VALUES (3222);
UPDATE "TrackElement" SET "region" = 2981 WHERE "id" = 3222;
INSERT INTO "Sensor" ("id") VALUES (3223);
UPDATE "Sensor" SET "region" = 2981 WHERE "id" = 3223;
INSERT INTO "monitoredBy" VALUES (3222, 3223);
UPDATE "Sensor" SET "route" = 2980 WHERE "id" = 3223;
INSERT INTO "TrackElement" ("id") VALUES (3224);
INSERT INTO "Segment" ("id", "length") VALUES (3224, 445);
UPDATE "TrackElement" SET "region" = 2981 WHERE "id" = 3224;
INSERT INTO "monitoredBy" VALUES (3224, 3223);
INSERT INTO "TrackElement" ("id") VALUES (3225);
INSERT INTO "Segment" ("id", "length") VALUES (3225, 80);
UPDATE "TrackElement" SET "region" = 2981 WHERE "id" = 3225;
INSERT INTO "monitoredBy" VALUES (3225, 3223);
INSERT INTO "TrackElement" ("id") VALUES (3226);
INSERT INTO "Segment" ("id", "length") VALUES (3226, 319);
UPDATE "TrackElement" SET "region" = 2981 WHERE "id" = 3226;
INSERT INTO "monitoredBy" VALUES (3226, 3223);
INSERT INTO "TrackElement" ("id") VALUES (3227);
INSERT INTO "Segment" ("id", "length") VALUES (3227, 61);
UPDATE "TrackElement" SET "region" = 2981 WHERE "id" = 3227;
INSERT INTO "monitoredBy" VALUES (3227, 3223);
INSERT INTO "TrackElement" ("id") VALUES (3228);
INSERT INTO "Segment" ("id", "length") VALUES (3228, 642);
UPDATE "TrackElement" SET "region" = 2981 WHERE "id" = 3228;
INSERT INTO "monitoredBy" VALUES (3228, 3223);
INSERT INTO "Sensor" ("id") VALUES (3229);
UPDATE "Sensor" SET "region" = 2981 WHERE "id" = 3229;
INSERT INTO "monitoredBy" VALUES (3222, 3229);
UPDATE "Sensor" SET "route" = 2980 WHERE "id" = 3229;
INSERT INTO "TrackElement" ("id") VALUES (3230);
INSERT INTO "Segment" ("id", "length") VALUES (3230, 712);
UPDATE "TrackElement" SET "region" = 2981 WHERE "id" = 3230;
INSERT INTO "monitoredBy" VALUES (3230, 3229);
INSERT INTO "TrackElement" ("id") VALUES (3231);
INSERT INTO "Segment" ("id", "length") VALUES (3231, 51);
UPDATE "TrackElement" SET "region" = 2981 WHERE "id" = 3231;
INSERT INTO "monitoredBy" VALUES (3231, 3229);
INSERT INTO "TrackElement" ("id") VALUES (3232);
INSERT INTO "Segment" ("id", "length") VALUES (3232, 67);
UPDATE "TrackElement" SET "region" = 2981 WHERE "id" = 3232;
INSERT INTO "monitoredBy" VALUES (3232, 3229);
INSERT INTO "TrackElement" ("id") VALUES (3233);
INSERT INTO "Segment" ("id", "length") VALUES (3233, 229);
UPDATE "TrackElement" SET "region" = 2981 WHERE "id" = 3233;
INSERT INTO "monitoredBy" VALUES (3233, 3229);
INSERT INTO "TrackElement" ("id") VALUES (3234);
INSERT INTO "Segment" ("id", "length") VALUES (3234, 852);
UPDATE "TrackElement" SET "region" = 2981 WHERE "id" = 3234;
INSERT INTO "monitoredBy" VALUES (3234, 3229);
INSERT INTO "Sensor" ("id") VALUES (3235);
UPDATE "Sensor" SET "region" = 2981 WHERE "id" = 3235;
INSERT INTO "monitoredBy" VALUES (3222, 3235);
UPDATE "Sensor" SET "route" = 2980 WHERE "id" = 3235;
INSERT INTO "TrackElement" ("id") VALUES (3236);
INSERT INTO "Segment" ("id", "length") VALUES (3236, 320);
UPDATE "TrackElement" SET "region" = 2981 WHERE "id" = 3236;
INSERT INTO "monitoredBy" VALUES (3236, 3235);
INSERT INTO "TrackElement" ("id") VALUES (3237);
INSERT INTO "Segment" ("id", "length") VALUES (3237, 753);
UPDATE "TrackElement" SET "region" = 2981 WHERE "id" = 3237;
INSERT INTO "monitoredBy" VALUES (3237, 3235);
INSERT INTO "TrackElement" ("id") VALUES (3238);
INSERT INTO "Segment" ("id", "length") VALUES (3238, 820);
UPDATE "TrackElement" SET "region" = 2981 WHERE "id" = 3238;
INSERT INTO "monitoredBy" VALUES (3238, 3235);
INSERT INTO "TrackElement" ("id") VALUES (3239);
INSERT INTO "Segment" ("id", "length") VALUES (3239, 29);
UPDATE "TrackElement" SET "region" = 2981 WHERE "id" = 3239;
INSERT INTO "monitoredBy" VALUES (3239, 3235);
INSERT INTO "TrackElement" ("id") VALUES (3240);
INSERT INTO "Segment" ("id", "length") VALUES (3240, 104);
UPDATE "TrackElement" SET "region" = 2981 WHERE "id" = 3240;
INSERT INTO "monitoredBy" VALUES (3240, 3235);
INSERT INTO "Sensor" ("id") VALUES (3241);
UPDATE "Sensor" SET "region" = 2981 WHERE "id" = 3241;
INSERT INTO "monitoredBy" VALUES (3222, 3241);
UPDATE "Sensor" SET "route" = 2980 WHERE "id" = 3241;
INSERT INTO "TrackElement" ("id") VALUES (3242);
INSERT INTO "Segment" ("id", "length") VALUES (3242, 125);
UPDATE "TrackElement" SET "region" = 2981 WHERE "id" = 3242;
INSERT INTO "monitoredBy" VALUES (3242, 3241);
INSERT INTO "TrackElement" ("id") VALUES (3243);
INSERT INTO "Segment" ("id", "length") VALUES (3243, 443);
UPDATE "TrackElement" SET "region" = 2981 WHERE "id" = 3243;
INSERT INTO "monitoredBy" VALUES (3243, 3241);
INSERT INTO "TrackElement" ("id") VALUES (3244);
INSERT INTO "Segment" ("id", "length") VALUES (3244, 478);
UPDATE "TrackElement" SET "region" = 2981 WHERE "id" = 3244;
INSERT INTO "monitoredBy" VALUES (3244, 3241);
INSERT INTO "TrackElement" ("id") VALUES (3245);
INSERT INTO "Segment" ("id", "length") VALUES (3245, 368);
UPDATE "TrackElement" SET "region" = 2981 WHERE "id" = 3245;
INSERT INTO "monitoredBy" VALUES (3245, 3241);
INSERT INTO "TrackElement" ("id") VALUES (3246);
INSERT INTO "Segment" ("id", "length") VALUES (3246, 965);
UPDATE "TrackElement" SET "region" = 2981 WHERE "id" = 3246;
INSERT INTO "monitoredBy" VALUES (3246, 3241);
INSERT INTO "Sensor" ("id") VALUES (3247);
UPDATE "Sensor" SET "region" = 2981 WHERE "id" = 3247;
INSERT INTO "monitoredBy" VALUES (3222, 3247);
UPDATE "Sensor" SET "route" = 2980 WHERE "id" = 3247;
INSERT INTO "TrackElement" ("id") VALUES (3248);
INSERT INTO "Segment" ("id", "length") VALUES (3248, 144);
UPDATE "TrackElement" SET "region" = 2981 WHERE "id" = 3248;
INSERT INTO "monitoredBy" VALUES (3248, 3247);
INSERT INTO "TrackElement" ("id") VALUES (3249);
INSERT INTO "Segment" ("id", "length") VALUES (3249, 843);
UPDATE "TrackElement" SET "region" = 2981 WHERE "id" = 3249;
INSERT INTO "monitoredBy" VALUES (3249, 3247);
INSERT INTO "TrackElement" ("id") VALUES (3250);
INSERT INTO "Segment" ("id", "length") VALUES (3250, 424);
UPDATE "TrackElement" SET "region" = 2981 WHERE "id" = 3250;
INSERT INTO "monitoredBy" VALUES (3250, 3247);
INSERT INTO "TrackElement" ("id") VALUES (3251);
INSERT INTO "Segment" ("id", "length") VALUES (3251, 188);
UPDATE "TrackElement" SET "region" = 2981 WHERE "id" = 3251;
INSERT INTO "monitoredBy" VALUES (3251, 3247);
INSERT INTO "TrackElement" ("id") VALUES (3252);
INSERT INTO "Segment" ("id", "length") VALUES (3252, 486);
UPDATE "TrackElement" SET "region" = 2981 WHERE "id" = 3252;
INSERT INTO "monitoredBy" VALUES (3252, 3247);
INSERT INTO "Sensor" ("id") VALUES (3253);
UPDATE "Sensor" SET "region" = 2981 WHERE "id" = 3253;
INSERT INTO "monitoredBy" VALUES (3222, 3253);
UPDATE "Sensor" SET "route" = 2980 WHERE "id" = 3253;
INSERT INTO "TrackElement" ("id") VALUES (3254);
INSERT INTO "Segment" ("id", "length") VALUES (3254, 290);
UPDATE "TrackElement" SET "region" = 2981 WHERE "id" = 3254;
INSERT INTO "monitoredBy" VALUES (3254, 3253);
INSERT INTO "TrackElement" ("id") VALUES (3255);
INSERT INTO "Segment" ("id", "length") VALUES (3255, 931);
UPDATE "TrackElement" SET "region" = 2981 WHERE "id" = 3255;
INSERT INTO "monitoredBy" VALUES (3255, 3253);
INSERT INTO "TrackElement" ("id") VALUES (3256);
INSERT INTO "Segment" ("id", "length") VALUES (3256, 286);
UPDATE "TrackElement" SET "region" = 2981 WHERE "id" = 3256;
INSERT INTO "monitoredBy" VALUES (3256, 3253);
INSERT INTO "TrackElement" ("id") VALUES (3257);
INSERT INTO "Segment" ("id", "length") VALUES (3257, 187);
UPDATE "TrackElement" SET "region" = 2981 WHERE "id" = 3257;
INSERT INTO "monitoredBy" VALUES (3257, 3253);
INSERT INTO "TrackElement" ("id") VALUES (3258);
INSERT INTO "Segment" ("id", "length") VALUES (3258, 776);
UPDATE "TrackElement" SET "region" = 2981 WHERE "id" = 3258;
INSERT INTO "monitoredBy" VALUES (3258, 3253);
INSERT INTO "Sensor" ("id") VALUES (3259);
UPDATE "Sensor" SET "region" = 2981 WHERE "id" = 3259;
INSERT INTO "monitoredBy" VALUES (3222, 3259);
UPDATE "Sensor" SET "route" = 2980 WHERE "id" = 3259;
INSERT INTO "TrackElement" ("id") VALUES (3260);
INSERT INTO "Segment" ("id", "length") VALUES (3260, 926);
UPDATE "TrackElement" SET "region" = 2981 WHERE "id" = 3260;
INSERT INTO "monitoredBy" VALUES (3260, 3259);
INSERT INTO "TrackElement" ("id") VALUES (3261);
INSERT INTO "Segment" ("id", "length") VALUES (3261, 820);
UPDATE "TrackElement" SET "region" = 2981 WHERE "id" = 3261;
INSERT INTO "monitoredBy" VALUES (3261, 3259);
INSERT INTO "TrackElement" ("id") VALUES (3262);
INSERT INTO "Segment" ("id", "length") VALUES (3262, 91);
UPDATE "TrackElement" SET "region" = 2981 WHERE "id" = 3262;
INSERT INTO "monitoredBy" VALUES (3262, 3259);
INSERT INTO "TrackElement" ("id") VALUES (3263);
INSERT INTO "Segment" ("id", "length") VALUES (3263, 964);
UPDATE "TrackElement" SET "region" = 2981 WHERE "id" = 3263;
INSERT INTO "monitoredBy" VALUES (3263, 3259);
INSERT INTO "TrackElement" ("id") VALUES (3264);
INSERT INTO "Segment" ("id", "length") VALUES (3264, 101);
UPDATE "TrackElement" SET "region" = 2981 WHERE "id" = 3264;
INSERT INTO "monitoredBy" VALUES (3264, 3259);
INSERT INTO "Sensor" ("id") VALUES (3265);
UPDATE "Sensor" SET "region" = 2981 WHERE "id" = 3265;
INSERT INTO "monitoredBy" VALUES (3222, 3265);
UPDATE "Sensor" SET "route" = 2980 WHERE "id" = 3265;
INSERT INTO "TrackElement" ("id") VALUES (3266);
INSERT INTO "Segment" ("id", "length") VALUES (3266, 401);
UPDATE "TrackElement" SET "region" = 2981 WHERE "id" = 3266;
INSERT INTO "monitoredBy" VALUES (3266, 3265);
INSERT INTO "TrackElement" ("id") VALUES (3267);
INSERT INTO "Segment" ("id", "length") VALUES (3267, 628);
UPDATE "TrackElement" SET "region" = 2981 WHERE "id" = 3267;
INSERT INTO "monitoredBy" VALUES (3267, 3265);
INSERT INTO "TrackElement" ("id") VALUES (3268);
INSERT INTO "Segment" ("id", "length") VALUES (3268, 695);
UPDATE "TrackElement" SET "region" = 2981 WHERE "id" = 3268;
INSERT INTO "monitoredBy" VALUES (3268, 3265);
INSERT INTO "TrackElement" ("id") VALUES (3269);
INSERT INTO "Segment" ("id", "length") VALUES (3269, 710);
UPDATE "TrackElement" SET "region" = 2981 WHERE "id" = 3269;
INSERT INTO "monitoredBy" VALUES (3269, 3265);
INSERT INTO "TrackElement" ("id") VALUES (3270);
INSERT INTO "Segment" ("id", "length") VALUES (3270, 948);
UPDATE "TrackElement" SET "region" = 2981 WHERE "id" = 3270;
INSERT INTO "monitoredBy" VALUES (3270, 3265);
INSERT INTO "Sensor" ("id") VALUES (3271);
UPDATE "Sensor" SET "region" = 2981 WHERE "id" = 3271;
INSERT INTO "monitoredBy" VALUES (3222, 3271);
UPDATE "Sensor" SET "route" = 2980 WHERE "id" = 3271;
INSERT INTO "TrackElement" ("id") VALUES (3272);
INSERT INTO "Segment" ("id", "length") VALUES (3272, 889);
UPDATE "TrackElement" SET "region" = 2981 WHERE "id" = 3272;
INSERT INTO "monitoredBy" VALUES (3272, 3271);
INSERT INTO "TrackElement" ("id") VALUES (3273);
INSERT INTO "Segment" ("id", "length") VALUES (3273, 316);
UPDATE "TrackElement" SET "region" = 2981 WHERE "id" = 3273;
INSERT INTO "monitoredBy" VALUES (3273, 3271);
INSERT INTO "TrackElement" ("id") VALUES (3274);
INSERT INTO "Segment" ("id", "length") VALUES (3274, 93);
UPDATE "TrackElement" SET "region" = 2981 WHERE "id" = 3274;
INSERT INTO "monitoredBy" VALUES (3274, 3271);
INSERT INTO "TrackElement" ("id") VALUES (3275);
INSERT INTO "Segment" ("id", "length") VALUES (3275, 739);
UPDATE "TrackElement" SET "region" = 2981 WHERE "id" = 3275;
INSERT INTO "monitoredBy" VALUES (3275, 3271);
INSERT INTO "TrackElement" ("id") VALUES (3276);
INSERT INTO "Segment" ("id", "length") VALUES (3276, 605);
UPDATE "TrackElement" SET "region" = 2981 WHERE "id" = 3276;
INSERT INTO "monitoredBy" VALUES (3276, 3271);
UPDATE "Switch" SET "currentPosition" = 1 WHERE "id" = 3222;
INSERT INTO "SwitchPosition" ("id", "position", "target") VALUES (3277, 1, 3222);
UPDATE "SwitchPosition" SET "route" = 2980 WHERE "id" = 3277;
INSERT INTO "TrackElement" ("id") VALUES (3278);
INSERT INTO "Switch" ("id") VALUES (3278);
UPDATE "TrackElement" SET "region" = 2981 WHERE "id" = 3278;
INSERT INTO "Sensor" ("id") VALUES (3279);
UPDATE "Sensor" SET "region" = 2981 WHERE "id" = 3279;
INSERT INTO "monitoredBy" VALUES (3278, 3279);
UPDATE "Sensor" SET "route" = 2980 WHERE "id" = 3279;
INSERT INTO "TrackElement" ("id") VALUES (3280);
INSERT INTO "Segment" ("id", "length") VALUES (3280, 567);
UPDATE "TrackElement" SET "region" = 2981 WHERE "id" = 3280;
INSERT INTO "monitoredBy" VALUES (3280, 3279);
INSERT INTO "TrackElement" ("id") VALUES (3281);
INSERT INTO "Segment" ("id", "length") VALUES (3281, 680);
UPDATE "TrackElement" SET "region" = 2981 WHERE "id" = 3281;
INSERT INTO "monitoredBy" VALUES (3281, 3279);
INSERT INTO "TrackElement" ("id") VALUES (3282);
INSERT INTO "Segment" ("id", "length") VALUES (3282, 313);
UPDATE "TrackElement" SET "region" = 2981 WHERE "id" = 3282;
INSERT INTO "monitoredBy" VALUES (3282, 3279);
INSERT INTO "TrackElement" ("id") VALUES (3283);
INSERT INTO "Segment" ("id", "length") VALUES (3283, 451);
UPDATE "TrackElement" SET "region" = 2981 WHERE "id" = 3283;
INSERT INTO "monitoredBy" VALUES (3283, 3279);
INSERT INTO "TrackElement" ("id") VALUES (3284);
INSERT INTO "Segment" ("id", "length") VALUES (3284, 123);
UPDATE "TrackElement" SET "region" = 2981 WHERE "id" = 3284;
INSERT INTO "monitoredBy" VALUES (3284, 3279);
UPDATE "Switch" SET "currentPosition" = 1 WHERE "id" = 3278;
INSERT INTO "SwitchPosition" ("id", "position", "target") VALUES (3285, 1, 3278);
UPDATE "SwitchPosition" SET "route" = 2980 WHERE "id" = 3285;
INSERT INTO "TrackElement" ("id") VALUES (3286);
INSERT INTO "Switch" ("id") VALUES (3286);
UPDATE "TrackElement" SET "region" = 2981 WHERE "id" = 3286;
INSERT INTO "Sensor" ("id") VALUES (3287);
UPDATE "Sensor" SET "region" = 2981 WHERE "id" = 3287;
INSERT INTO "monitoredBy" VALUES (3286, 3287);
UPDATE "Sensor" SET "route" = 2980 WHERE "id" = 3287;
INSERT INTO "TrackElement" ("id") VALUES (3288);
INSERT INTO "Segment" ("id", "length") VALUES (3288, 943);
UPDATE "TrackElement" SET "region" = 2981 WHERE "id" = 3288;
INSERT INTO "monitoredBy" VALUES (3288, 3287);
INSERT INTO "TrackElement" ("id") VALUES (3289);
INSERT INTO "Segment" ("id", "length") VALUES (3289, 586);
UPDATE "TrackElement" SET "region" = 2981 WHERE "id" = 3289;
INSERT INTO "monitoredBy" VALUES (3289, 3287);
INSERT INTO "TrackElement" ("id") VALUES (3290);
INSERT INTO "Segment" ("id", "length") VALUES (3290, 866);
UPDATE "TrackElement" SET "region" = 2981 WHERE "id" = 3290;
INSERT INTO "monitoredBy" VALUES (3290, 3287);
INSERT INTO "TrackElement" ("id") VALUES (3291);
INSERT INTO "Segment" ("id", "length") VALUES (3291, 146);
UPDATE "TrackElement" SET "region" = 2981 WHERE "id" = 3291;
INSERT INTO "monitoredBy" VALUES (3291, 3287);
INSERT INTO "TrackElement" ("id") VALUES (3292);
INSERT INTO "Segment" ("id", "length") VALUES (3292, 491);
UPDATE "TrackElement" SET "region" = 2981 WHERE "id" = 3292;
INSERT INTO "monitoredBy" VALUES (3292, 3287);
INSERT INTO "TrackElement" ("id") VALUES (3293);
INSERT INTO "Segment" ("id", "length") VALUES (3293, 82);
UPDATE "TrackElement" SET "region" = 2981 WHERE "id" = 3293;
INSERT INTO "monitoredBy" VALUES (3293, 3287);
INSERT INTO "Sensor" ("id") VALUES (3294);
UPDATE "Sensor" SET "region" = 2981 WHERE "id" = 3294;
INSERT INTO "monitoredBy" VALUES (3286, 3294);
UPDATE "Sensor" SET "route" = 2980 WHERE "id" = 3294;
INSERT INTO "TrackElement" ("id") VALUES (3295);
INSERT INTO "Segment" ("id", "length") VALUES (3295, 762);
UPDATE "TrackElement" SET "region" = 2981 WHERE "id" = 3295;
INSERT INTO "monitoredBy" VALUES (3295, 3294);
INSERT INTO "TrackElement" ("id") VALUES (3296);
INSERT INTO "Segment" ("id", "length") VALUES (3296, 971);
UPDATE "TrackElement" SET "region" = 2981 WHERE "id" = 3296;
INSERT INTO "monitoredBy" VALUES (3296, 3294);
INSERT INTO "TrackElement" ("id") VALUES (3297);
INSERT INTO "Segment" ("id", "length") VALUES (3297, 486);
UPDATE "TrackElement" SET "region" = 2981 WHERE "id" = 3297;
INSERT INTO "monitoredBy" VALUES (3297, 3294);
INSERT INTO "TrackElement" ("id") VALUES (3298);
INSERT INTO "Segment" ("id", "length") VALUES (3298, 161);
UPDATE "TrackElement" SET "region" = 2981 WHERE "id" = 3298;
INSERT INTO "monitoredBy" VALUES (3298, 3294);
INSERT INTO "TrackElement" ("id") VALUES (3299);
INSERT INTO "Segment" ("id", "length") VALUES (3299, 795);
UPDATE "TrackElement" SET "region" = 2981 WHERE "id" = 3299;
INSERT INTO "monitoredBy" VALUES (3299, 3294);
INSERT INTO "Sensor" ("id") VALUES (3300);
UPDATE "Sensor" SET "region" = 2981 WHERE "id" = 3300;
INSERT INTO "monitoredBy" VALUES (3286, 3300);
UPDATE "Sensor" SET "route" = 2980 WHERE "id" = 3300;
INSERT INTO "TrackElement" ("id") VALUES (3301);
INSERT INTO "Segment" ("id", "length") VALUES (3301, 628);
UPDATE "TrackElement" SET "region" = 2981 WHERE "id" = 3301;
INSERT INTO "monitoredBy" VALUES (3301, 3300);
INSERT INTO "TrackElement" ("id") VALUES (3302);
INSERT INTO "Segment" ("id", "length") VALUES (3302, 9);
UPDATE "TrackElement" SET "region" = 2981 WHERE "id" = 3302;
INSERT INTO "monitoredBy" VALUES (3302, 3300);
INSERT INTO "TrackElement" ("id") VALUES (3303);
INSERT INTO "Segment" ("id", "length") VALUES (3303, 365);
UPDATE "TrackElement" SET "region" = 2981 WHERE "id" = 3303;
INSERT INTO "monitoredBy" VALUES (3303, 3300);
INSERT INTO "TrackElement" ("id") VALUES (3304);
INSERT INTO "Segment" ("id", "length") VALUES (3304, 381);
UPDATE "TrackElement" SET "region" = 2981 WHERE "id" = 3304;
INSERT INTO "monitoredBy" VALUES (3304, 3300);
INSERT INTO "TrackElement" ("id") VALUES (3305);
INSERT INTO "Segment" ("id", "length") VALUES (3305, 403);
UPDATE "TrackElement" SET "region" = 2981 WHERE "id" = 3305;
INSERT INTO "monitoredBy" VALUES (3305, 3300);
INSERT INTO "Sensor" ("id") VALUES (3306);
UPDATE "Sensor" SET "region" = 2981 WHERE "id" = 3306;
INSERT INTO "monitoredBy" VALUES (3286, 3306);
UPDATE "Sensor" SET "route" = 2980 WHERE "id" = 3306;
INSERT INTO "TrackElement" ("id") VALUES (3307);
INSERT INTO "Segment" ("id", "length") VALUES (3307, 503);
UPDATE "TrackElement" SET "region" = 2981 WHERE "id" = 3307;
INSERT INTO "monitoredBy" VALUES (3307, 3306);
INSERT INTO "TrackElement" ("id") VALUES (3308);
INSERT INTO "Segment" ("id", "length") VALUES (3308, 688);
UPDATE "TrackElement" SET "region" = 2981 WHERE "id" = 3308;
INSERT INTO "monitoredBy" VALUES (3308, 3306);
INSERT INTO "TrackElement" ("id") VALUES (3309);
INSERT INTO "Segment" ("id", "length") VALUES (3309, 354);
UPDATE "TrackElement" SET "region" = 2981 WHERE "id" = 3309;
INSERT INTO "monitoredBy" VALUES (3309, 3306);
INSERT INTO "TrackElement" ("id") VALUES (3310);
INSERT INTO "Segment" ("id", "length") VALUES (3310, 822);
UPDATE "TrackElement" SET "region" = 2981 WHERE "id" = 3310;
INSERT INTO "monitoredBy" VALUES (3310, 3306);
INSERT INTO "TrackElement" ("id") VALUES (3311);
INSERT INTO "Segment" ("id", "length") VALUES (3311, 761);
UPDATE "TrackElement" SET "region" = 2981 WHERE "id" = 3311;
INSERT INTO "monitoredBy" VALUES (3311, 3306);
INSERT INTO "Sensor" ("id") VALUES (3312);
UPDATE "Sensor" SET "region" = 2981 WHERE "id" = 3312;
INSERT INTO "monitoredBy" VALUES (3286, 3312);
UPDATE "Sensor" SET "route" = 2980 WHERE "id" = 3312;
INSERT INTO "TrackElement" ("id") VALUES (3313);
INSERT INTO "Segment" ("id", "length") VALUES (3313, 955);
UPDATE "TrackElement" SET "region" = 2981 WHERE "id" = 3313;
INSERT INTO "monitoredBy" VALUES (3313, 3312);
INSERT INTO "TrackElement" ("id") VALUES (3314);
INSERT INTO "Segment" ("id", "length") VALUES (3314, 120);
UPDATE "TrackElement" SET "region" = 2981 WHERE "id" = 3314;
INSERT INTO "monitoredBy" VALUES (3314, 3312);
INSERT INTO "TrackElement" ("id") VALUES (3315);
INSERT INTO "Segment" ("id", "length") VALUES (3315, 832);
UPDATE "TrackElement" SET "region" = 2981 WHERE "id" = 3315;
INSERT INTO "monitoredBy" VALUES (3315, 3312);
INSERT INTO "TrackElement" ("id") VALUES (3316);
INSERT INTO "Segment" ("id", "length") VALUES (3316, 910);
UPDATE "TrackElement" SET "region" = 2981 WHERE "id" = 3316;
INSERT INTO "monitoredBy" VALUES (3316, 3312);
INSERT INTO "TrackElement" ("id") VALUES (3317);
INSERT INTO "Segment" ("id", "length") VALUES (3317, 482);
UPDATE "TrackElement" SET "region" = 2981 WHERE "id" = 3317;
INSERT INTO "monitoredBy" VALUES (3317, 3312);
INSERT INTO "Sensor" ("id") VALUES (3318);
UPDATE "Sensor" SET "region" = 2981 WHERE "id" = 3318;
INSERT INTO "monitoredBy" VALUES (3286, 3318);
UPDATE "Sensor" SET "route" = 2980 WHERE "id" = 3318;
INSERT INTO "TrackElement" ("id") VALUES (3319);
INSERT INTO "Segment" ("id", "length") VALUES (3319, 987);
UPDATE "TrackElement" SET "region" = 2981 WHERE "id" = 3319;
INSERT INTO "monitoredBy" VALUES (3319, 3318);
INSERT INTO "TrackElement" ("id") VALUES (3320);
INSERT INTO "Segment" ("id", "length") VALUES (3320, 416);
UPDATE "TrackElement" SET "region" = 2981 WHERE "id" = 3320;
INSERT INTO "monitoredBy" VALUES (3320, 3318);
INSERT INTO "TrackElement" ("id") VALUES (3321);
INSERT INTO "Segment" ("id", "length") VALUES (3321, 85);
UPDATE "TrackElement" SET "region" = 2981 WHERE "id" = 3321;
INSERT INTO "monitoredBy" VALUES (3321, 3318);
INSERT INTO "TrackElement" ("id") VALUES (3322);
INSERT INTO "Segment" ("id", "length") VALUES (3322, 788);
UPDATE "TrackElement" SET "region" = 2981 WHERE "id" = 3322;
INSERT INTO "monitoredBy" VALUES (3322, 3318);
INSERT INTO "TrackElement" ("id") VALUES (3323);
INSERT INTO "Segment" ("id", "length") VALUES (3323, 126);
UPDATE "TrackElement" SET "region" = 2981 WHERE "id" = 3323;
INSERT INTO "monitoredBy" VALUES (3323, 3318);
INSERT INTO "Sensor" ("id") VALUES (3324);
UPDATE "Sensor" SET "region" = 2981 WHERE "id" = 3324;
INSERT INTO "monitoredBy" VALUES (3286, 3324);
UPDATE "Sensor" SET "route" = 2980 WHERE "id" = 3324;
INSERT INTO "TrackElement" ("id") VALUES (3325);
INSERT INTO "Segment" ("id", "length") VALUES (3325, 276);
UPDATE "TrackElement" SET "region" = 2981 WHERE "id" = 3325;
INSERT INTO "monitoredBy" VALUES (3325, 3324);
INSERT INTO "TrackElement" ("id") VALUES (3326);
INSERT INTO "Segment" ("id", "length") VALUES (3326, 758);
UPDATE "TrackElement" SET "region" = 2981 WHERE "id" = 3326;
INSERT INTO "monitoredBy" VALUES (3326, 3324);
INSERT INTO "TrackElement" ("id") VALUES (3327);
INSERT INTO "Segment" ("id", "length") VALUES (3327, 498);
UPDATE "TrackElement" SET "region" = 2981 WHERE "id" = 3327;
INSERT INTO "monitoredBy" VALUES (3327, 3324);
INSERT INTO "TrackElement" ("id") VALUES (3328);
INSERT INTO "Segment" ("id", "length") VALUES (3328, 277);
UPDATE "TrackElement" SET "region" = 2981 WHERE "id" = 3328;
INSERT INTO "monitoredBy" VALUES (3328, 3324);
INSERT INTO "TrackElement" ("id") VALUES (3329);
INSERT INTO "Segment" ("id", "length") VALUES (3329, 698);
UPDATE "TrackElement" SET "region" = 2981 WHERE "id" = 3329;
INSERT INTO "monitoredBy" VALUES (3329, 3324);
UPDATE "Switch" SET "currentPosition" = 2 WHERE "id" = 3286;
INSERT INTO "SwitchPosition" ("id", "position", "target") VALUES (3330, 2, 3286);
UPDATE "SwitchPosition" SET "route" = 2980 WHERE "id" = 3330;
INSERT INTO "TrackElement" ("id") VALUES (3331);
INSERT INTO "Switch" ("id") VALUES (3331);
UPDATE "TrackElement" SET "region" = 2981 WHERE "id" = 3331;
INSERT INTO "Sensor" ("id") VALUES (3332);
UPDATE "Sensor" SET "region" = 2981 WHERE "id" = 3332;
INSERT INTO "monitoredBy" VALUES (3331, 3332);
INSERT INTO "TrackElement" ("id") VALUES (3333);
INSERT INTO "Segment" ("id", "length") VALUES (3333, 102);
UPDATE "TrackElement" SET "region" = 2981 WHERE "id" = 3333;
INSERT INTO "monitoredBy" VALUES (3333, 3332);
INSERT INTO "TrackElement" ("id") VALUES (3334);
INSERT INTO "Segment" ("id", "length") VALUES (3334, 319);
UPDATE "TrackElement" SET "region" = 2981 WHERE "id" = 3334;
INSERT INTO "monitoredBy" VALUES (3334, 3332);
INSERT INTO "TrackElement" ("id") VALUES (3335);
INSERT INTO "Segment" ("id", "length") VALUES (3335, 832);
UPDATE "TrackElement" SET "region" = 2981 WHERE "id" = 3335;
INSERT INTO "monitoredBy" VALUES (3335, 3332);
INSERT INTO "TrackElement" ("id") VALUES (3336);
INSERT INTO "Segment" ("id", "length") VALUES (3336, 499);
UPDATE "TrackElement" SET "region" = 2981 WHERE "id" = 3336;
INSERT INTO "monitoredBy" VALUES (3336, 3332);
INSERT INTO "TrackElement" ("id") VALUES (3337);
INSERT INTO "Segment" ("id", "length") VALUES (3337, 750);
UPDATE "TrackElement" SET "region" = 2981 WHERE "id" = 3337;
INSERT INTO "monitoredBy" VALUES (3337, 3332);
INSERT INTO "Sensor" ("id") VALUES (3338);
UPDATE "Sensor" SET "region" = 2981 WHERE "id" = 3338;
INSERT INTO "monitoredBy" VALUES (3331, 3338);
UPDATE "Sensor" SET "route" = 2980 WHERE "id" = 3338;
INSERT INTO "TrackElement" ("id") VALUES (3339);
INSERT INTO "Segment" ("id", "length") VALUES (3339, 756);
UPDATE "TrackElement" SET "region" = 2981 WHERE "id" = 3339;
INSERT INTO "monitoredBy" VALUES (3339, 3338);
INSERT INTO "TrackElement" ("id") VALUES (3340);
INSERT INTO "Segment" ("id", "length") VALUES (3340, 490);
UPDATE "TrackElement" SET "region" = 2981 WHERE "id" = 3340;
INSERT INTO "monitoredBy" VALUES (3340, 3338);
INSERT INTO "TrackElement" ("id") VALUES (3341);
INSERT INTO "Segment" ("id", "length") VALUES (3341, 762);
UPDATE "TrackElement" SET "region" = 2981 WHERE "id" = 3341;
INSERT INTO "monitoredBy" VALUES (3341, 3338);
INSERT INTO "TrackElement" ("id") VALUES (3342);
INSERT INTO "Segment" ("id", "length") VALUES (3342, 7);
UPDATE "TrackElement" SET "region" = 2981 WHERE "id" = 3342;
INSERT INTO "monitoredBy" VALUES (3342, 3338);
INSERT INTO "TrackElement" ("id") VALUES (3343);
INSERT INTO "Segment" ("id", "length") VALUES (3343, 833);
UPDATE "TrackElement" SET "region" = 2981 WHERE "id" = 3343;
INSERT INTO "monitoredBy" VALUES (3343, 3338);
INSERT INTO "Sensor" ("id") VALUES (3344);
UPDATE "Sensor" SET "region" = 2981 WHERE "id" = 3344;
INSERT INTO "monitoredBy" VALUES (3331, 3344);
UPDATE "Sensor" SET "route" = 2980 WHERE "id" = 3344;
INSERT INTO "TrackElement" ("id") VALUES (3345);
INSERT INTO "Segment" ("id", "length") VALUES (3345, 233);
UPDATE "TrackElement" SET "region" = 2981 WHERE "id" = 3345;
INSERT INTO "monitoredBy" VALUES (3345, 3344);
INSERT INTO "TrackElement" ("id") VALUES (3346);
INSERT INTO "Segment" ("id", "length") VALUES (3346, 951);
UPDATE "TrackElement" SET "region" = 2981 WHERE "id" = 3346;
INSERT INTO "monitoredBy" VALUES (3346, 3344);
INSERT INTO "TrackElement" ("id") VALUES (3347);
INSERT INTO "Segment" ("id", "length") VALUES (3347, 811);
UPDATE "TrackElement" SET "region" = 2981 WHERE "id" = 3347;
INSERT INTO "monitoredBy" VALUES (3347, 3344);
INSERT INTO "TrackElement" ("id") VALUES (3348);
INSERT INTO "Segment" ("id", "length") VALUES (3348, 321);
UPDATE "TrackElement" SET "region" = 2981 WHERE "id" = 3348;
INSERT INTO "monitoredBy" VALUES (3348, 3344);
INSERT INTO "TrackElement" ("id") VALUES (3349);
INSERT INTO "Segment" ("id", "length") VALUES (3349, 471);
UPDATE "TrackElement" SET "region" = 2981 WHERE "id" = 3349;
INSERT INTO "monitoredBy" VALUES (3349, 3344);
INSERT INTO "Sensor" ("id") VALUES (3350);
UPDATE "Sensor" SET "region" = 2981 WHERE "id" = 3350;
INSERT INTO "monitoredBy" VALUES (3331, 3350);
UPDATE "Sensor" SET "route" = 2980 WHERE "id" = 3350;
INSERT INTO "TrackElement" ("id") VALUES (3351);
INSERT INTO "Segment" ("id", "length") VALUES (3351, 878);
UPDATE "TrackElement" SET "region" = 2981 WHERE "id" = 3351;
INSERT INTO "monitoredBy" VALUES (3351, 3350);
INSERT INTO "TrackElement" ("id") VALUES (3352);
INSERT INTO "Segment" ("id", "length") VALUES (3352, 216);
UPDATE "TrackElement" SET "region" = 2981 WHERE "id" = 3352;
INSERT INTO "monitoredBy" VALUES (3352, 3350);
INSERT INTO "TrackElement" ("id") VALUES (3353);
INSERT INTO "Segment" ("id", "length") VALUES (3353, 189);
UPDATE "TrackElement" SET "region" = 2981 WHERE "id" = 3353;
INSERT INTO "monitoredBy" VALUES (3353, 3350);
INSERT INTO "TrackElement" ("id") VALUES (3354);
INSERT INTO "Segment" ("id", "length") VALUES (3354, 203);
UPDATE "TrackElement" SET "region" = 2981 WHERE "id" = 3354;
INSERT INTO "monitoredBy" VALUES (3354, 3350);
INSERT INTO "TrackElement" ("id") VALUES (3355);
INSERT INTO "Segment" ("id", "length") VALUES (3355, 954);
UPDATE "TrackElement" SET "region" = 2981 WHERE "id" = 3355;
INSERT INTO "monitoredBy" VALUES (3355, 3350);
UPDATE "Switch" SET "currentPosition" = 0 WHERE "id" = 3331;
INSERT INTO "SwitchPosition" ("id", "position", "target") VALUES (3356, 0, 3331);
UPDATE "SwitchPosition" SET "route" = 2980 WHERE "id" = 3356;
INSERT INTO "TrackElement" ("id") VALUES (3357);
INSERT INTO "Switch" ("id") VALUES (3357);
UPDATE "TrackElement" SET "region" = 2981 WHERE "id" = 3357;
INSERT INTO "Sensor" ("id") VALUES (3358);
UPDATE "Sensor" SET "region" = 2981 WHERE "id" = 3358;
INSERT INTO "monitoredBy" VALUES (3357, 3358);
UPDATE "Sensor" SET "route" = 2980 WHERE "id" = 3358;
INSERT INTO "TrackElement" ("id") VALUES (3359);
INSERT INTO "Segment" ("id", "length") VALUES (3359, 126);
UPDATE "TrackElement" SET "region" = 2981 WHERE "id" = 3359;
INSERT INTO "monitoredBy" VALUES (3359, 3358);
INSERT INTO "TrackElement" ("id") VALUES (3360);
INSERT INTO "Segment" ("id", "length") VALUES (3360, 958);
UPDATE "TrackElement" SET "region" = 2981 WHERE "id" = 3360;
INSERT INTO "monitoredBy" VALUES (3360, 3358);
INSERT INTO "TrackElement" ("id") VALUES (3361);
INSERT INTO "Segment" ("id", "length") VALUES (3361, 388);
UPDATE "TrackElement" SET "region" = 2981 WHERE "id" = 3361;
INSERT INTO "monitoredBy" VALUES (3361, 3358);
INSERT INTO "TrackElement" ("id") VALUES (3362);
INSERT INTO "Segment" ("id", "length") VALUES (3362, 607);
UPDATE "TrackElement" SET "region" = 2981 WHERE "id" = 3362;
INSERT INTO "monitoredBy" VALUES (3362, 3358);
INSERT INTO "TrackElement" ("id") VALUES (3363);
INSERT INTO "Segment" ("id", "length") VALUES (3363, 31);
UPDATE "TrackElement" SET "region" = 2981 WHERE "id" = 3363;
INSERT INTO "monitoredBy" VALUES (3363, 3358);
INSERT INTO "Sensor" ("id") VALUES (3364);
UPDATE "Sensor" SET "region" = 2981 WHERE "id" = 3364;
INSERT INTO "monitoredBy" VALUES (3357, 3364);
UPDATE "Sensor" SET "route" = 2980 WHERE "id" = 3364;
INSERT INTO "TrackElement" ("id") VALUES (3365);
INSERT INTO "Segment" ("id", "length") VALUES (3365, 356);
UPDATE "TrackElement" SET "region" = 2981 WHERE "id" = 3365;
INSERT INTO "monitoredBy" VALUES (3365, 3364);
INSERT INTO "TrackElement" ("id") VALUES (3366);
INSERT INTO "Segment" ("id", "length") VALUES (3366, 997);
UPDATE "TrackElement" SET "region" = 2981 WHERE "id" = 3366;
INSERT INTO "monitoredBy" VALUES (3366, 3364);
INSERT INTO "TrackElement" ("id") VALUES (3367);
INSERT INTO "Segment" ("id", "length") VALUES (3367, 484);
UPDATE "TrackElement" SET "region" = 2981 WHERE "id" = 3367;
INSERT INTO "monitoredBy" VALUES (3367, 3364);
INSERT INTO "TrackElement" ("id") VALUES (3368);
INSERT INTO "Segment" ("id", "length") VALUES (3368, 249);
UPDATE "TrackElement" SET "region" = 2981 WHERE "id" = 3368;
INSERT INTO "monitoredBy" VALUES (3368, 3364);
INSERT INTO "TrackElement" ("id") VALUES (3369);
INSERT INTO "Segment" ("id", "length") VALUES (3369, 205);
UPDATE "TrackElement" SET "region" = 2981 WHERE "id" = 3369;
INSERT INTO "monitoredBy" VALUES (3369, 3364);
INSERT INTO "Sensor" ("id") VALUES (3370);
UPDATE "Sensor" SET "region" = 2981 WHERE "id" = 3370;
INSERT INTO "monitoredBy" VALUES (3357, 3370);
UPDATE "Sensor" SET "route" = 2980 WHERE "id" = 3370;
INSERT INTO "TrackElement" ("id") VALUES (3371);
INSERT INTO "Segment" ("id", "length") VALUES (3371, 865);
UPDATE "TrackElement" SET "region" = 2981 WHERE "id" = 3371;
INSERT INTO "monitoredBy" VALUES (3371, 3370);
INSERT INTO "TrackElement" ("id") VALUES (3372);
INSERT INTO "Segment" ("id", "length") VALUES (3372, 159);
UPDATE "TrackElement" SET "region" = 2981 WHERE "id" = 3372;
INSERT INTO "monitoredBy" VALUES (3372, 3370);
INSERT INTO "TrackElement" ("id") VALUES (3373);
INSERT INTO "Segment" ("id", "length") VALUES (3373, -238);
UPDATE "TrackElement" SET "region" = 2981 WHERE "id" = 3373;
INSERT INTO "monitoredBy" VALUES (3373, 3370);
INSERT INTO "TrackElement" ("id") VALUES (3374);
INSERT INTO "Segment" ("id", "length") VALUES (3374, 673);
UPDATE "TrackElement" SET "region" = 2981 WHERE "id" = 3374;
INSERT INTO "monitoredBy" VALUES (3374, 3370);
INSERT INTO "TrackElement" ("id") VALUES (3375);
INSERT INTO "Segment" ("id", "length") VALUES (3375, 899);
UPDATE "TrackElement" SET "region" = 2981 WHERE "id" = 3375;
INSERT INTO "monitoredBy" VALUES (3375, 3370);
INSERT INTO "Sensor" ("id") VALUES (3376);
UPDATE "Sensor" SET "region" = 2981 WHERE "id" = 3376;
INSERT INTO "monitoredBy" VALUES (3357, 3376);
UPDATE "Sensor" SET "route" = 2980 WHERE "id" = 3376;
INSERT INTO "TrackElement" ("id") VALUES (3377);
INSERT INTO "Segment" ("id", "length") VALUES (3377, 445);
UPDATE "TrackElement" SET "region" = 2981 WHERE "id" = 3377;
INSERT INTO "monitoredBy" VALUES (3377, 3376);
INSERT INTO "TrackElement" ("id") VALUES (3378);
INSERT INTO "Segment" ("id", "length") VALUES (3378, 594);
UPDATE "TrackElement" SET "region" = 2981 WHERE "id" = 3378;
INSERT INTO "monitoredBy" VALUES (3378, 3376);
INSERT INTO "TrackElement" ("id") VALUES (3379);
INSERT INTO "Segment" ("id", "length") VALUES (3379, 112);
UPDATE "TrackElement" SET "region" = 2981 WHERE "id" = 3379;
INSERT INTO "monitoredBy" VALUES (3379, 3376);
INSERT INTO "TrackElement" ("id") VALUES (3380);
INSERT INTO "Segment" ("id", "length") VALUES (3380, 259);
UPDATE "TrackElement" SET "region" = 2981 WHERE "id" = 3380;
INSERT INTO "monitoredBy" VALUES (3380, 3376);
INSERT INTO "TrackElement" ("id") VALUES (3381);
INSERT INTO "Segment" ("id", "length") VALUES (3381, 846);
UPDATE "TrackElement" SET "region" = 2981 WHERE "id" = 3381;
INSERT INTO "monitoredBy" VALUES (3381, 3376);
INSERT INTO "Sensor" ("id") VALUES (3382);
UPDATE "Sensor" SET "region" = 2981 WHERE "id" = 3382;
INSERT INTO "monitoredBy" VALUES (3357, 3382);
UPDATE "Sensor" SET "route" = 2980 WHERE "id" = 3382;
INSERT INTO "TrackElement" ("id") VALUES (3383);
INSERT INTO "Segment" ("id", "length") VALUES (3383, 881);
UPDATE "TrackElement" SET "region" = 2981 WHERE "id" = 3383;
INSERT INTO "monitoredBy" VALUES (3383, 3382);
INSERT INTO "TrackElement" ("id") VALUES (3384);
INSERT INTO "Segment" ("id", "length") VALUES (3384, 953);
UPDATE "TrackElement" SET "region" = 2981 WHERE "id" = 3384;
INSERT INTO "monitoredBy" VALUES (3384, 3382);
INSERT INTO "TrackElement" ("id") VALUES (3385);
INSERT INTO "Segment" ("id", "length") VALUES (3385, 242);
UPDATE "TrackElement" SET "region" = 2981 WHERE "id" = 3385;
INSERT INTO "monitoredBy" VALUES (3385, 3382);
INSERT INTO "TrackElement" ("id") VALUES (3386);
INSERT INTO "Segment" ("id", "length") VALUES (3386, 174);
UPDATE "TrackElement" SET "region" = 2981 WHERE "id" = 3386;
INSERT INTO "monitoredBy" VALUES (3386, 3382);
INSERT INTO "TrackElement" ("id") VALUES (3387);
INSERT INTO "Segment" ("id", "length") VALUES (3387, 763);
UPDATE "TrackElement" SET "region" = 2981 WHERE "id" = 3387;
INSERT INTO "monitoredBy" VALUES (3387, 3382);
INSERT INTO "Sensor" ("id") VALUES (3388);
UPDATE "Sensor" SET "region" = 2981 WHERE "id" = 3388;
INSERT INTO "monitoredBy" VALUES (3357, 3388);
UPDATE "Sensor" SET "route" = 2980 WHERE "id" = 3388;
INSERT INTO "TrackElement" ("id") VALUES (3389);
INSERT INTO "Segment" ("id", "length") VALUES (3389, 49);
UPDATE "TrackElement" SET "region" = 2981 WHERE "id" = 3389;
INSERT INTO "monitoredBy" VALUES (3389, 3388);
INSERT INTO "TrackElement" ("id") VALUES (3390);
INSERT INTO "Segment" ("id", "length") VALUES (3390, 615);
UPDATE "TrackElement" SET "region" = 2981 WHERE "id" = 3390;
INSERT INTO "monitoredBy" VALUES (3390, 3388);
INSERT INTO "TrackElement" ("id") VALUES (3391);
INSERT INTO "Segment" ("id", "length") VALUES (3391, 779);
UPDATE "TrackElement" SET "region" = 2981 WHERE "id" = 3391;
INSERT INTO "monitoredBy" VALUES (3391, 3388);
INSERT INTO "TrackElement" ("id") VALUES (3392);
INSERT INTO "Segment" ("id", "length") VALUES (3392, 474);
UPDATE "TrackElement" SET "region" = 2981 WHERE "id" = 3392;
INSERT INTO "monitoredBy" VALUES (3392, 3388);
INSERT INTO "TrackElement" ("id") VALUES (3393);
INSERT INTO "Segment" ("id", "length") VALUES (3393, 39);
UPDATE "TrackElement" SET "region" = 2981 WHERE "id" = 3393;
INSERT INTO "monitoredBy" VALUES (3393, 3388);
INSERT INTO "Sensor" ("id") VALUES (3394);
UPDATE "Sensor" SET "region" = 2981 WHERE "id" = 3394;
INSERT INTO "monitoredBy" VALUES (3357, 3394);
UPDATE "Sensor" SET "route" = 2980 WHERE "id" = 3394;
INSERT INTO "TrackElement" ("id") VALUES (3395);
INSERT INTO "Segment" ("id", "length") VALUES (3395, 737);
UPDATE "TrackElement" SET "region" = 2981 WHERE "id" = 3395;
INSERT INTO "monitoredBy" VALUES (3395, 3394);
INSERT INTO "TrackElement" ("id") VALUES (3396);
INSERT INTO "Segment" ("id", "length") VALUES (3396, 699);
UPDATE "TrackElement" SET "region" = 2981 WHERE "id" = 3396;
INSERT INTO "monitoredBy" VALUES (3396, 3394);
INSERT INTO "TrackElement" ("id") VALUES (3397);
INSERT INTO "Segment" ("id", "length") VALUES (3397, 788);
UPDATE "TrackElement" SET "region" = 2981 WHERE "id" = 3397;
INSERT INTO "monitoredBy" VALUES (3397, 3394);
INSERT INTO "TrackElement" ("id") VALUES (3398);
INSERT INTO "Segment" ("id", "length") VALUES (3398, 84);
UPDATE "TrackElement" SET "region" = 2981 WHERE "id" = 3398;
INSERT INTO "monitoredBy" VALUES (3398, 3394);
INSERT INTO "TrackElement" ("id") VALUES (3399);
INSERT INTO "Segment" ("id", "length") VALUES (3399, 71);
UPDATE "TrackElement" SET "region" = 2981 WHERE "id" = 3399;
INSERT INTO "monitoredBy" VALUES (3399, 3394);
INSERT INTO "Sensor" ("id") VALUES (3400);
UPDATE "Sensor" SET "region" = 2981 WHERE "id" = 3400;
INSERT INTO "monitoredBy" VALUES (3357, 3400);
UPDATE "Sensor" SET "route" = 2980 WHERE "id" = 3400;
INSERT INTO "TrackElement" ("id") VALUES (3401);
INSERT INTO "Segment" ("id", "length") VALUES (3401, 220);
UPDATE "TrackElement" SET "region" = 2981 WHERE "id" = 3401;
INSERT INTO "monitoredBy" VALUES (3401, 3400);
INSERT INTO "TrackElement" ("id") VALUES (3402);
INSERT INTO "Segment" ("id", "length") VALUES (3402, 678);
UPDATE "TrackElement" SET "region" = 2981 WHERE "id" = 3402;
INSERT INTO "monitoredBy" VALUES (3402, 3400);
INSERT INTO "TrackElement" ("id") VALUES (3403);
INSERT INTO "Segment" ("id", "length") VALUES (3403, 675);
UPDATE "TrackElement" SET "region" = 2981 WHERE "id" = 3403;
INSERT INTO "monitoredBy" VALUES (3403, 3400);
INSERT INTO "TrackElement" ("id") VALUES (3404);
INSERT INTO "Segment" ("id", "length") VALUES (3404, 318);
UPDATE "TrackElement" SET "region" = 2981 WHERE "id" = 3404;
INSERT INTO "monitoredBy" VALUES (3404, 3400);
INSERT INTO "TrackElement" ("id") VALUES (3405);
INSERT INTO "Segment" ("id", "length") VALUES (3405, 854);
UPDATE "TrackElement" SET "region" = 2981 WHERE "id" = 3405;
INSERT INTO "monitoredBy" VALUES (3405, 3400);
UPDATE "Switch" SET "currentPosition" = 2 WHERE "id" = 3357;
INSERT INTO "SwitchPosition" ("id", "position", "target") VALUES (3406, 2, 3357);
UPDATE "SwitchPosition" SET "route" = 2980 WHERE "id" = 3406;
INSERT INTO "connectsTo" VALUES (2982, 2984);
INSERT INTO "connectsTo" VALUES (2984, 2985);
INSERT INTO "connectsTo" VALUES (2985, 2986);
INSERT INTO "connectsTo" VALUES (2986, 2987);
INSERT INTO "connectsTo" VALUES (2987, 2988);
INSERT INTO "connectsTo" VALUES (2988, 2990);
INSERT INTO "connectsTo" VALUES (2990, 2991);
INSERT INTO "connectsTo" VALUES (2991, 2992);
INSERT INTO "connectsTo" VALUES (2992, 2993);
INSERT INTO "connectsTo" VALUES (2993, 2994);
INSERT INTO "connectsTo" VALUES (2994, 2996);
INSERT INTO "connectsTo" VALUES (2996, 2997);
INSERT INTO "connectsTo" VALUES (2997, 2998);
INSERT INTO "connectsTo" VALUES (2998, 2999);
INSERT INTO "connectsTo" VALUES (2999, 3000);
INSERT INTO "connectsTo" VALUES (3000, 3002);
INSERT INTO "connectsTo" VALUES (3002, 3003);
INSERT INTO "connectsTo" VALUES (3003, 3004);
INSERT INTO "connectsTo" VALUES (3004, 3005);
INSERT INTO "connectsTo" VALUES (3005, 3006);
INSERT INTO "connectsTo" VALUES (3006, 3008);
INSERT INTO "connectsTo" VALUES (3008, 3009);
INSERT INTO "connectsTo" VALUES (3009, 3010);
INSERT INTO "connectsTo" VALUES (3010, 3011);
INSERT INTO "connectsTo" VALUES (3011, 3012);
INSERT INTO "connectsTo" VALUES (3012, 3014);
INSERT INTO "connectsTo" VALUES (3014, 3015);
INSERT INTO "connectsTo" VALUES (3015, 3016);
INSERT INTO "connectsTo" VALUES (3016, 3017);
INSERT INTO "connectsTo" VALUES (3017, 3018);
INSERT INTO "connectsTo" VALUES (3018, 3020);
INSERT INTO "connectsTo" VALUES (3020, 3022);
INSERT INTO "connectsTo" VALUES (3022, 3023);
INSERT INTO "connectsTo" VALUES (3023, 3024);
INSERT INTO "connectsTo" VALUES (3024, 3025);
INSERT INTO "connectsTo" VALUES (3025, 3026);
INSERT INTO "connectsTo" VALUES (3026, 3028);
INSERT INTO "connectsTo" VALUES (3028, 3029);
INSERT INTO "connectsTo" VALUES (3029, 3030);
INSERT INTO "connectsTo" VALUES (3030, 3031);
INSERT INTO "connectsTo" VALUES (3031, 3032);
INSERT INTO "connectsTo" VALUES (3032, 3034);
INSERT INTO "connectsTo" VALUES (3034, 3035);
INSERT INTO "connectsTo" VALUES (3035, 3036);
INSERT INTO "connectsTo" VALUES (3036, 3037);
INSERT INTO "connectsTo" VALUES (3037, 3038);
INSERT INTO "connectsTo" VALUES (3038, 3040);
INSERT INTO "connectsTo" VALUES (3040, 3041);
INSERT INTO "connectsTo" VALUES (3041, 3042);
INSERT INTO "connectsTo" VALUES (3042, 3043);
INSERT INTO "connectsTo" VALUES (3043, 3044);
INSERT INTO "connectsTo" VALUES (3044, 3046);
INSERT INTO "connectsTo" VALUES (3046, 3047);
INSERT INTO "connectsTo" VALUES (3047, 3048);
INSERT INTO "connectsTo" VALUES (3048, 3049);
INSERT INTO "connectsTo" VALUES (3049, 3050);
INSERT INTO "connectsTo" VALUES (3050, 3051);
INSERT INTO "connectsTo" VALUES (3051, 3053);
INSERT INTO "connectsTo" VALUES (3053, 3054);
INSERT INTO "connectsTo" VALUES (3054, 3055);
INSERT INTO "connectsTo" VALUES (3055, 3056);
INSERT INTO "connectsTo" VALUES (3056, 3057);
INSERT INTO "connectsTo" VALUES (3057, 3059);
INSERT INTO "connectsTo" VALUES (3059, 3060);
INSERT INTO "connectsTo" VALUES (3060, 3061);
INSERT INTO "connectsTo" VALUES (3061, 3062);
INSERT INTO "connectsTo" VALUES (3062, 3063);
INSERT INTO "connectsTo" VALUES (3063, 3065);
INSERT INTO "connectsTo" VALUES (3065, 3067);
INSERT INTO "connectsTo" VALUES (3067, 3068);
INSERT INTO "connectsTo" VALUES (3068, 3069);
INSERT INTO "connectsTo" VALUES (3069, 3070);
INSERT INTO "connectsTo" VALUES (3070, 3071);
INSERT INTO "connectsTo" VALUES (3071, 3073);
INSERT INTO "connectsTo" VALUES (3073, 3074);
INSERT INTO "connectsTo" VALUES (3074, 3075);
INSERT INTO "connectsTo" VALUES (3075, 3076);
INSERT INTO "connectsTo" VALUES (3076, 3077);
INSERT INTO "connectsTo" VALUES (3077, 3079);
INSERT INTO "connectsTo" VALUES (3079, 3080);
INSERT INTO "connectsTo" VALUES (3080, 3081);
INSERT INTO "connectsTo" VALUES (3081, 3082);
INSERT INTO "connectsTo" VALUES (3082, 3083);
INSERT INTO "connectsTo" VALUES (3083, 3085);
INSERT INTO "connectsTo" VALUES (3085, 3086);
INSERT INTO "connectsTo" VALUES (3086, 3087);
INSERT INTO "connectsTo" VALUES (3087, 3088);
INSERT INTO "connectsTo" VALUES (3088, 3089);
INSERT INTO "connectsTo" VALUES (3089, 3091);
INSERT INTO "connectsTo" VALUES (3091, 3092);
INSERT INTO "connectsTo" VALUES (3092, 3093);
INSERT INTO "connectsTo" VALUES (3093, 3094);
INSERT INTO "connectsTo" VALUES (3094, 3095);
INSERT INTO "connectsTo" VALUES (3095, 3097);
INSERT INTO "connectsTo" VALUES (3097, 3099);
INSERT INTO "connectsTo" VALUES (3099, 3100);
INSERT INTO "connectsTo" VALUES (3100, 3101);
INSERT INTO "connectsTo" VALUES (3101, 3102);
INSERT INTO "connectsTo" VALUES (3102, 3103);
INSERT INTO "connectsTo" VALUES (3103, 3104);
INSERT INTO "connectsTo" VALUES (3104, 3106);
INSERT INTO "connectsTo" VALUES (3106, 3107);
INSERT INTO "connectsTo" VALUES (3107, 3108);
INSERT INTO "connectsTo" VALUES (3108, 3109);
INSERT INTO "connectsTo" VALUES (3109, 3110);
INSERT INTO "connectsTo" VALUES (3110, 3112);
INSERT INTO "connectsTo" VALUES (3112, 3113);
INSERT INTO "connectsTo" VALUES (3113, 3114);
INSERT INTO "connectsTo" VALUES (3114, 3115);
INSERT INTO "connectsTo" VALUES (3115, 3116);
INSERT INTO "connectsTo" VALUES (3116, 3118);
INSERT INTO "connectsTo" VALUES (3118, 3119);
INSERT INTO "connectsTo" VALUES (3119, 3120);
INSERT INTO "connectsTo" VALUES (3120, 3121);
INSERT INTO "connectsTo" VALUES (3121, 3122);
INSERT INTO "connectsTo" VALUES (3122, 3124);
INSERT INTO "connectsTo" VALUES (3124, 3125);
INSERT INTO "connectsTo" VALUES (3125, 3126);
INSERT INTO "connectsTo" VALUES (3126, 3127);
INSERT INTO "connectsTo" VALUES (3127, 3128);
INSERT INTO "connectsTo" VALUES (3128, 3129);
INSERT INTO "connectsTo" VALUES (3129, 3131);
INSERT INTO "connectsTo" VALUES (3131, 3132);
INSERT INTO "connectsTo" VALUES (3132, 3133);
INSERT INTO "connectsTo" VALUES (3133, 3134);
INSERT INTO "connectsTo" VALUES (3134, 3135);
INSERT INTO "connectsTo" VALUES (3135, 3137);
INSERT INTO "connectsTo" VALUES (3137, 3138);
INSERT INTO "connectsTo" VALUES (3138, 3139);
INSERT INTO "connectsTo" VALUES (3139, 3140);
INSERT INTO "connectsTo" VALUES (3140, 3141);
INSERT INTO "connectsTo" VALUES (3141, 3143);
INSERT INTO "connectsTo" VALUES (3143, 3145);
INSERT INTO "connectsTo" VALUES (3145, 3146);
INSERT INTO "connectsTo" VALUES (3146, 3147);
INSERT INTO "connectsTo" VALUES (3147, 3148);
INSERT INTO "connectsTo" VALUES (3148, 3149);
INSERT INTO "connectsTo" VALUES (3149, 3151);
INSERT INTO "connectsTo" VALUES (3151, 3152);
INSERT INTO "connectsTo" VALUES (3152, 3153);
INSERT INTO "connectsTo" VALUES (3153, 3154);
INSERT INTO "connectsTo" VALUES (3154, 3155);
INSERT INTO "connectsTo" VALUES (3155, 3157);
INSERT INTO "connectsTo" VALUES (3157, 3158);
INSERT INTO "connectsTo" VALUES (3158, 3159);
INSERT INTO "connectsTo" VALUES (3159, 3160);
INSERT INTO "connectsTo" VALUES (3160, 3161);
INSERT INTO "connectsTo" VALUES (3161, 3163);
INSERT INTO "connectsTo" VALUES (3163, 3164);
INSERT INTO "connectsTo" VALUES (3164, 3165);
INSERT INTO "connectsTo" VALUES (3165, 3166);
INSERT INTO "connectsTo" VALUES (3166, 3167);
INSERT INTO "connectsTo" VALUES (3167, 3168);
INSERT INTO "connectsTo" VALUES (3168, 3170);
INSERT INTO "connectsTo" VALUES (3170, 3171);
INSERT INTO "connectsTo" VALUES (3171, 3172);
INSERT INTO "connectsTo" VALUES (3172, 3173);
INSERT INTO "connectsTo" VALUES (3173, 3174);
INSERT INTO "connectsTo" VALUES (3174, 3176);
INSERT INTO "connectsTo" VALUES (3176, 3177);
INSERT INTO "connectsTo" VALUES (3177, 3178);
INSERT INTO "connectsTo" VALUES (3178, 3179);
INSERT INTO "connectsTo" VALUES (3179, 3180);
INSERT INTO "connectsTo" VALUES (3180, 3182);
INSERT INTO "connectsTo" VALUES (3182, 3183);
INSERT INTO "connectsTo" VALUES (3183, 3184);
INSERT INTO "connectsTo" VALUES (3184, 3185);
INSERT INTO "connectsTo" VALUES (3185, 3186);
INSERT INTO "connectsTo" VALUES (3186, 3188);
INSERT INTO "connectsTo" VALUES (3188, 3190);
INSERT INTO "connectsTo" VALUES (3190, 3191);
INSERT INTO "connectsTo" VALUES (3191, 3192);
INSERT INTO "connectsTo" VALUES (3192, 3193);
INSERT INTO "connectsTo" VALUES (3193, 3194);
INSERT INTO "connectsTo" VALUES (3194, 3196);
INSERT INTO "connectsTo" VALUES (3196, 3197);
INSERT INTO "connectsTo" VALUES (3197, 3198);
INSERT INTO "connectsTo" VALUES (3198, 3199);
INSERT INTO "connectsTo" VALUES (3199, 3200);
INSERT INTO "connectsTo" VALUES (3200, 3202);
INSERT INTO "connectsTo" VALUES (3202, 3203);
INSERT INTO "connectsTo" VALUES (3203, 3204);
INSERT INTO "connectsTo" VALUES (3204, 3205);
INSERT INTO "connectsTo" VALUES (3205, 3206);
INSERT INTO "connectsTo" VALUES (3206, 3208);
INSERT INTO "connectsTo" VALUES (3208, 3210);
INSERT INTO "connectsTo" VALUES (3210, 3211);
INSERT INTO "connectsTo" VALUES (3211, 3212);
INSERT INTO "connectsTo" VALUES (3212, 3213);
INSERT INTO "connectsTo" VALUES (3213, 3214);
INSERT INTO "connectsTo" VALUES (3214, 3216);
INSERT INTO "connectsTo" VALUES (3216, 3217);
INSERT INTO "connectsTo" VALUES (3217, 3218);
INSERT INTO "connectsTo" VALUES (3218, 3219);
INSERT INTO "connectsTo" VALUES (3219, 3220);
INSERT INTO "connectsTo" VALUES (3220, 3222);
INSERT INTO "connectsTo" VALUES (3222, 3224);
INSERT INTO "connectsTo" VALUES (3224, 3225);
INSERT INTO "connectsTo" VALUES (3225, 3226);
INSERT INTO "connectsTo" VALUES (3226, 3227);
INSERT INTO "connectsTo" VALUES (3227, 3228);
INSERT INTO "connectsTo" VALUES (3228, 3230);
INSERT INTO "connectsTo" VALUES (3230, 3231);
INSERT INTO "connectsTo" VALUES (3231, 3232);
INSERT INTO "connectsTo" VALUES (3232, 3233);
INSERT INTO "connectsTo" VALUES (3233, 3234);
INSERT INTO "connectsTo" VALUES (3234, 3236);
INSERT INTO "connectsTo" VALUES (3236, 3237);
INSERT INTO "connectsTo" VALUES (3237, 3238);
INSERT INTO "connectsTo" VALUES (3238, 3239);
INSERT INTO "connectsTo" VALUES (3239, 3240);
INSERT INTO "connectsTo" VALUES (3240, 3242);
INSERT INTO "connectsTo" VALUES (3242, 3243);
INSERT INTO "connectsTo" VALUES (3243, 3244);
INSERT INTO "connectsTo" VALUES (3244, 3245);
INSERT INTO "connectsTo" VALUES (3245, 3246);
INSERT INTO "connectsTo" VALUES (3246, 3248);
INSERT INTO "connectsTo" VALUES (3248, 3249);
INSERT INTO "connectsTo" VALUES (3249, 3250);
INSERT INTO "connectsTo" VALUES (3250, 3251);
INSERT INTO "connectsTo" VALUES (3251, 3252);
INSERT INTO "connectsTo" VALUES (3252, 3254);
INSERT INTO "connectsTo" VALUES (3254, 3255);
INSERT INTO "connectsTo" VALUES (3255, 3256);
INSERT INTO "connectsTo" VALUES (3256, 3257);
INSERT INTO "connectsTo" VALUES (3257, 3258);
INSERT INTO "connectsTo" VALUES (3258, 3260);
INSERT INTO "connectsTo" VALUES (3260, 3261);
INSERT INTO "connectsTo" VALUES (3261, 3262);
INSERT INTO "connectsTo" VALUES (3262, 3263);
INSERT INTO "connectsTo" VALUES (3263, 3264);
INSERT INTO "connectsTo" VALUES (3264, 3266);
INSERT INTO "connectsTo" VALUES (3266, 3267);
INSERT INTO "connectsTo" VALUES (3267, 3268);
INSERT INTO "connectsTo" VALUES (3268, 3269);
INSERT INTO "connectsTo" VALUES (3269, 3270);
INSERT INTO "connectsTo" VALUES (3270, 3272);
INSERT INTO "connectsTo" VALUES (3272, 3273);
INSERT INTO "connectsTo" VALUES (3273, 3274);
INSERT INTO "connectsTo" VALUES (3274, 3275);
INSERT INTO "connectsTo" VALUES (3275, 3276);
INSERT INTO "connectsTo" VALUES (3276, 3278);
INSERT INTO "connectsTo" VALUES (3278, 3280);
INSERT INTO "connectsTo" VALUES (3280, 3281);
INSERT INTO "connectsTo" VALUES (3281, 3282);
INSERT INTO "connectsTo" VALUES (3282, 3283);
INSERT INTO "connectsTo" VALUES (3283, 3284);
INSERT INTO "connectsTo" VALUES (3284, 3286);
INSERT INTO "connectsTo" VALUES (3286, 3288);
INSERT INTO "connectsTo" VALUES (3288, 3289);
INSERT INTO "connectsTo" VALUES (3289, 3290);
INSERT INTO "connectsTo" VALUES (3290, 3291);
INSERT INTO "connectsTo" VALUES (3291, 3292);
INSERT INTO "connectsTo" VALUES (3292, 3293);
INSERT INTO "connectsTo" VALUES (3293, 3295);
INSERT INTO "connectsTo" VALUES (3295, 3296);
INSERT INTO "connectsTo" VALUES (3296, 3297);
INSERT INTO "connectsTo" VALUES (3297, 3298);
INSERT INTO "connectsTo" VALUES (3298, 3299);
INSERT INTO "connectsTo" VALUES (3299, 3301);
INSERT INTO "connectsTo" VALUES (3301, 3302);
INSERT INTO "connectsTo" VALUES (3302, 3303);
INSERT INTO "connectsTo" VALUES (3303, 3304);
INSERT INTO "connectsTo" VALUES (3304, 3305);
INSERT INTO "connectsTo" VALUES (3305, 3307);
INSERT INTO "connectsTo" VALUES (3307, 3308);
INSERT INTO "connectsTo" VALUES (3308, 3309);
INSERT INTO "connectsTo" VALUES (3309, 3310);
INSERT INTO "connectsTo" VALUES (3310, 3311);
INSERT INTO "connectsTo" VALUES (3311, 3313);
INSERT INTO "connectsTo" VALUES (3313, 3314);
INSERT INTO "connectsTo" VALUES (3314, 3315);
INSERT INTO "connectsTo" VALUES (3315, 3316);
INSERT INTO "connectsTo" VALUES (3316, 3317);
INSERT INTO "connectsTo" VALUES (3317, 3319);
INSERT INTO "connectsTo" VALUES (3319, 3320);
INSERT INTO "connectsTo" VALUES (3320, 3321);
INSERT INTO "connectsTo" VALUES (3321, 3322);
INSERT INTO "connectsTo" VALUES (3322, 3323);
INSERT INTO "connectsTo" VALUES (3323, 3325);
INSERT INTO "connectsTo" VALUES (3325, 3326);
INSERT INTO "connectsTo" VALUES (3326, 3327);
INSERT INTO "connectsTo" VALUES (3327, 3328);
INSERT INTO "connectsTo" VALUES (3328, 3329);
INSERT INTO "connectsTo" VALUES (3329, 3331);
INSERT INTO "connectsTo" VALUES (3331, 3333);
INSERT INTO "connectsTo" VALUES (3333, 3334);
INSERT INTO "connectsTo" VALUES (3334, 3335);
INSERT INTO "connectsTo" VALUES (3335, 3336);
INSERT INTO "connectsTo" VALUES (3336, 3337);
INSERT INTO "connectsTo" VALUES (3337, 3339);
INSERT INTO "connectsTo" VALUES (3339, 3340);
INSERT INTO "connectsTo" VALUES (3340, 3341);
INSERT INTO "connectsTo" VALUES (3341, 3342);
INSERT INTO "connectsTo" VALUES (3342, 3343);
INSERT INTO "connectsTo" VALUES (3343, 3345);
INSERT INTO "connectsTo" VALUES (3345, 3346);
INSERT INTO "connectsTo" VALUES (3346, 3347);
INSERT INTO "connectsTo" VALUES (3347, 3348);
INSERT INTO "connectsTo" VALUES (3348, 3349);
INSERT INTO "connectsTo" VALUES (3349, 3351);
INSERT INTO "connectsTo" VALUES (3351, 3352);
INSERT INTO "connectsTo" VALUES (3352, 3353);
INSERT INTO "connectsTo" VALUES (3353, 3354);
INSERT INTO "connectsTo" VALUES (3354, 3355);
INSERT INTO "connectsTo" VALUES (3355, 3357);
INSERT INTO "connectsTo" VALUES (3357, 3359);
INSERT INTO "connectsTo" VALUES (3359, 3360);
INSERT INTO "connectsTo" VALUES (3360, 3361);
INSERT INTO "connectsTo" VALUES (3361, 3362);
INSERT INTO "connectsTo" VALUES (3362, 3363);
INSERT INTO "connectsTo" VALUES (3363, 3365);
INSERT INTO "connectsTo" VALUES (3365, 3366);
INSERT INTO "connectsTo" VALUES (3366, 3367);
INSERT INTO "connectsTo" VALUES (3367, 3368);
INSERT INTO "connectsTo" VALUES (3368, 3369);
INSERT INTO "connectsTo" VALUES (3369, 3371);
INSERT INTO "connectsTo" VALUES (3371, 3372);
INSERT INTO "connectsTo" VALUES (3372, 3373);
INSERT INTO "connectsTo" VALUES (3373, 3374);
INSERT INTO "connectsTo" VALUES (3374, 3375);
INSERT INTO "connectsTo" VALUES (3375, 3377);
INSERT INTO "connectsTo" VALUES (3377, 3378);
INSERT INTO "connectsTo" VALUES (3378, 3379);
INSERT INTO "connectsTo" VALUES (3379, 3380);
INSERT INTO "connectsTo" VALUES (3380, 3381);
INSERT INTO "connectsTo" VALUES (3381, 3383);
INSERT INTO "connectsTo" VALUES (3383, 3384);
INSERT INTO "connectsTo" VALUES (3384, 3385);
INSERT INTO "connectsTo" VALUES (3385, 3386);
INSERT INTO "connectsTo" VALUES (3386, 3387);
INSERT INTO "connectsTo" VALUES (3387, 3389);
INSERT INTO "connectsTo" VALUES (3389, 3390);
INSERT INTO "connectsTo" VALUES (3390, 3391);
INSERT INTO "connectsTo" VALUES (3391, 3392);
INSERT INTO "connectsTo" VALUES (3392, 3393);
INSERT INTO "connectsTo" VALUES (3393, 3395);
INSERT INTO "connectsTo" VALUES (3395, 3396);
INSERT INTO "connectsTo" VALUES (3396, 3397);
INSERT INTO "connectsTo" VALUES (3397, 3398);
INSERT INTO "connectsTo" VALUES (3398, 3399);
INSERT INTO "connectsTo" VALUES (3399, 3401);
INSERT INTO "connectsTo" VALUES (3401, 3402);
INSERT INTO "connectsTo" VALUES (3402, 3403);
INSERT INTO "connectsTo" VALUES (3403, 3404);
INSERT INTO "connectsTo" VALUES (3404, 3405);
INSERT INTO "connectsTo" VALUES (2978, 2982);
INSERT INTO "connectsTo" VALUES (3405, 5);

COMMIT;
CREATE INDEX segment_length_idx ON "Segment" ("length");
CREATE INDEX monitoredBy_idx ON "monitoredBy" ("Sensor_id", "TrackElement_id");
CREATE INDEX connectsTo_idx1 ON "connectsTo" ("TrackElement1_id");
CREATE INDEX connectsTo_idx2 ON "connectsTo" ("TrackElement2_id");
