":START_ID",":END_ID"
"5","7"
"7","8"
"8","9"
"9","10"
"10","11"
"11","13"
"13","14"
"14","15"
"15","16"
"16","17"
"17","19"
"19","20"
"20","21"
"21","22"
"22","23"
"23","25"
"25","26"
"26","27"
"27","28"
"28","29"
"29","31"
"31","32"
"32","33"
"33","34"
"34","35"
"35","37"
"37","38"
"38","39"
"39","40"
"40","41"
"41","43"
"43","44"
"44","45"
"45","46"
"46","47"
"47","52"
"52","54"
"54","55"
"55","56"
"56","57"
"57","58"
"58","60"
"60","61"
"61","62"
"62","63"
"63","64"
"64","66"
"66","67"
"67","68"
"68","69"
"69","70"
"70","72"
"72","73"
"73","74"
"74","75"
"75","76"
"76","78"
"78","79"
"79","80"
"80","81"
"81","82"
"82","84"
"84","85"
"85","86"
"86","87"
"87","88"
"88","90"
"90","91"
"91","92"
"92","93"
"93","94"
"94","96"
"96","97"
"97","98"
"98","99"
"99","100"
"100","102"
"102","104"
"104","105"
"105","106"
"106","107"
"107","108"
"108","110"
"110","111"
"111","112"
"112","113"
"113","114"
"114","116"
"116","117"
"117","118"
"118","119"
"119","120"
"120","122"
"122","123"
"123","124"
"124","125"
"125","126"
"126","128"
"128","129"
"129","130"
"130","131"
"131","132"
"132","134"
"134","135"
"135","136"
"136","137"
"137","138"
"138","140"
"140","141"
"141","142"
"142","143"
"143","144"
"144","146"
"146","147"
"147","148"
"148","149"
"149","150"
"150","152"
"152","153"
"153","154"
"154","155"
"155","156"
"156","161"
"161","163"
"163","164"
"164","165"
"165","166"
"166","167"
"167","169"
"169","170"
"170","171"
"171","172"
"172","173"
"173","175"
"175","176"
"176","177"
"177","178"
"178","179"
"179","181"
"181","182"
"182","183"
"183","184"
"184","185"
"185","187"
"187","189"
"189","190"
"190","191"
"191","192"
"192","193"
"193","195"
"195","196"
"196","197"
"197","198"
"198","199"
"199","201"
"201","202"
"202","203"
"203","204"
"204","205"
"205","207"
"207","208"
"208","209"
"209","210"
"210","211"
"211","213"
"213","214"
"214","215"
"215","216"
"216","217"
"217","219"
"219","221"
"221","222"
"222","223"
"223","224"
"224","225"
"225","227"
"227","228"
"228","229"
"229","230"
"230","231"
"231","233"
"233","234"
"234","235"
"235","236"
"236","237"
"237","239"
"239","241"
"241","242"
"242","243"
"243","244"
"244","245"
"245","247"
"247","248"
"248","249"
"249","250"
"250","251"
"251","253"
"253","254"
"254","255"
"255","256"
"256","257"
"257","259"
"259","260"
"260","261"
"261","262"
"262","263"
"263","265"
"265","266"
"266","267"
"267","268"
"268","269"
"269","271"
"271","272"
"272","273"
"273","274"
"274","275"
"275","277"
"277","278"
"278","279"
"279","280"
"280","281"
"281","283"
"283","284"
"284","285"
"285","286"
"286","287"
"287","292"
"292","294"
"294","295"
"295","296"
"296","297"
"297","298"
"298","300"
"300","301"
"301","302"
"302","303"
"303","304"
"304","306"
"306","307"
"307","308"
"308","309"
"309","310"
"310","312"
"312","313"
"313","314"
"314","315"
"315","316"
"316","318"
"318","319"
"319","320"
"320","321"
"321","322"
"322","324"
"324","325"
"325","326"
"326","327"
"327","328"
"328","330"
"330","331"
"331","332"
"332","333"
"333","334"
"334","336"
"336","337"
"337","338"
"338","339"
"339","340"
"340","342"
"342","343"
"343","344"
"344","345"
"345","346"
"346","350"
"350","352"
"352","353"
"353","354"
"354","355"
"355","356"
"356","358"
"358","359"
"359","360"
"360","361"
"361","362"
"362","364"
"364","365"
"365","366"
"366","367"
"367","368"
"368","370"
"370","371"
"371","372"
"372","373"
"373","374"
"374","376"
"376","377"
"377","378"
"378","379"
"379","380"
"380","382"
"382","383"
"383","384"
"384","385"
"385","386"
"386","388"
"388","389"
"389","390"
"390","391"
"391","392"
"392","394"
"394","395"
"395","396"
"396","397"
"397","398"
"398","400"
"400","401"
"401","402"
"402","403"
"403","404"
"404","406"
"406","408"
"408","409"
"409","410"
"410","411"
"411","412"
"412","414"
"414","415"
"415","416"
"416","417"
"417","418"
"418","420"
"420","421"
"421","422"
"422","423"
"423","424"
"424","426"
"426","427"
"427","428"
"428","429"
"429","430"
"430","432"
"432","433"
"433","434"
"434","435"
"435","436"
"436","438"
"438","439"
"439","440"
"440","441"
"441","442"
"442","444"
"444","445"
"445","446"
"446","447"
"447","448"
"448","450"
"450","451"
"451","452"
"452","453"
"453","454"
"454","456"
"456","457"
"457","458"
"458","459"
"459","460"
"460","462"
"462","464"
"464","465"
"465","466"
"466","467"
"467","468"
"468","470"
"470","472"
"472","473"
"473","474"
"474","475"
"475","476"
"476","478"
"478","479"
"479","480"
"480","481"
"481","482"
"482","484"
"484","485"
"485","486"
"486","487"
"487","488"
"488","490"
"490","491"
"491","492"
"492","493"
"493","494"
"494","496"
"496","497"
"497","498"
"498","499"
"499","500"
"500","502"
"502","503"
"503","504"
"504","505"
"505","506"
"506","508"
"508","509"
"509","510"
"510","511"
"511","512"
"512","514"
"514","515"
"515","516"
"516","517"
"517","518"
"518","520"
"520","521"
"521","522"
"522","523"
"523","524"
"524","526"
"526","528"
"528","529"
"529","530"
"530","531"
"531","532"
"532","534"
"534","535"
"535","536"
"536","537"
"537","538"
"538","540"
"540","541"
"541","542"
"542","543"
"543","544"
"544","546"
"546","547"
"547","548"
"548","549"
"549","550"
"550","552"
"552","553"
"553","554"
"554","555"
"555","556"
"556","558"
"558","559"
"559","560"
"560","561"
"561","562"
"562","564"
"564","565"
"565","566"
"566","567"
"567","568"
"568","570"
"570","571"
"571","572"
"572","573"
"573","574"
"574","576"
"576","577"
"577","578"
"578","579"
"579","580"
"580","582"
"582","584"
"584","585"
"585","586"
"586","587"
"587","588"
"588","590"
"590","591"
"591","592"
"592","593"
"593","594"
"594","596"
"596","597"
"597","598"
"598","599"
"599","600"
"600","602"
"602","603"
"603","604"
"604","605"
"605","606"
"606","608"
"608","609"
"609","610"
"610","611"
"611","612"
"612","614"
"614","616"
"616","617"
"617","618"
"618","619"
"619","620"
"620","622"
"622","624"
"624","625"
"625","626"
"626","627"
"627","628"
"628","630"
"630","631"
"631","632"
"632","633"
"633","634"
"634","636"
"636","637"
"637","638"
"638","639"
"639","640"
"640","642"
"642","643"
"643","644"
"644","645"
"645","646"
"646","648"
"648","649"
"649","650"
"650","651"
"651","652"
"652","654"
"654","655"
"655","656"
"656","657"
"657","658"
"658","660"
"660","661"
"661","662"
"662","663"
"663","664"
"664","666"
"666","667"
"667","668"
"668","669"
"669","670"
"670","672"
"672","673"
"673","674"
"674","675"
"675","676"
"676","678"
"678","680"
"680","681"
"681","682"
"682","683"
"683","684"
"684","686"
"686","687"
"687","688"
"688","689"
"689","690"
"690","692"
"692","693"
"693","694"
"694","695"
"695","696"
"696","698"
"698","699"
"699","700"
"700","701"
"701","702"
"702","704"
"704","705"
"705","706"
"706","707"
"707","708"
"708","710"
"710","711"
"711","712"
"712","713"
"713","714"
"714","716"
"716","717"
"717","718"
"718","719"
"719","720"
"720","722"
"722","724"
"724","725"
"725","726"
"726","727"
"727","728"
"728","730"
"730","731"
"731","732"
"732","733"
"733","734"
"734","736"
"736","737"
"737","738"
"738","739"
"739","740"
"740","742"
"742","743"
"743","744"
"744","745"
"745","746"
"746","748"
"748","749"
"749","750"
"750","751"
"751","752"
"752","5"
