SET SESSION sql_mode = 'ANSI_QUOTES';
--
-- Database: "trainbenchmark"
--

-- 512 Mb
SET max_heap_table_size=536870912;

DROP DATABASE IF EXISTS "trainbenchmark";
CREATE DATABASE "trainbenchmark";
USE "trainbenchmark";

START TRANSACTION;
-- --------------------------------------------------------

--
-- Nodes
--

CREATE TABLE IF NOT EXISTS "Route" (
  "id" int NOT NULL AUTO_INCREMENT,
  "active" int,
  "entry" int,
  "exit" int,
  PRIMARY KEY  ("id")
) DEFAULT CHARSET=utf8 AUTO_INCREMENT=1 ENGINE=MEMORY;

CREATE TABLE IF NOT EXISTS "Region" (
  "id" int NOT NULL AUTO_INCREMENT,
  PRIMARY KEY  ("id")
) DEFAULT CHARSET=utf8 AUTO_INCREMENT=1 ENGINE=MEMORY;

CREATE TABLE IF NOT EXISTS "Segment" (
  "id" int NOT NULL AUTO_INCREMENT,
  "length" int NOT NULL DEFAULT 1,
  PRIMARY KEY  ("id")
) DEFAULT CHARSET=utf8 ENGINE=MEMORY;

CREATE TABLE IF NOT EXISTS "Sensor" (
  "id" int NOT NULL AUTO_INCREMENT,
  "region" int NOT NULL, -- inverse of the "sensors" edge
  PRIMARY KEY  ("id")
) DEFAULT CHARSET=utf8 AUTO_INCREMENT=1 ENGINE=MEMORY;

CREATE TABLE IF NOT EXISTS "Semaphore" (
  "id" int NOT NULL AUTO_INCREMENT,
  "segment" int NOT NULL, -- inverse of the "semaphores" edge
  "signal" int NOT NULL,
  PRIMARY KEY  ("id")
) DEFAULT CHARSET=utf8 AUTO_INCREMENT=1 ENGINE=MEMORY;

CREATE TABLE IF NOT EXISTS "Switch" (
  "id" int NOT NULL AUTO_INCREMENT,
  "currentPosition" int NOT NULL,
  PRIMARY KEY  ("id")
) DEFAULT CHARSET=utf8 ENGINE=MEMORY;

CREATE TABLE IF NOT EXISTS "SwitchPosition" (
  "id" int NOT NULL AUTO_INCREMENT,
  "route" int, -- inverse of the "follows" edge
  "target" int,
  "position" int NOT NULL,
  PRIMARY KEY  ("id")
) DEFAULT CHARSET=utf8 AUTO_INCREMENT=1 ENGINE=MEMORY;

CREATE TABLE IF NOT EXISTS "TrackElement" (
  "id" int NOT NULL AUTO_INCREMENT,
  "region" int NOT NULL, -- inverse of the "elements" edge
  PRIMARY KEY  ("id")
) DEFAULT CHARSET=utf8 AUTO_INCREMENT=1 ENGINE=MEMORY;

--
-- Edges
--

CREATE TABLE IF NOT EXISTS "connectsTo" (
  "TrackElement1_id" int NOT NULL,
  "TrackElement2_id" int NOT NULL,
  PRIMARY KEY  ("TrackElement1_id", "TrackElement2_id")
) DEFAULT CHARSET=utf8 ENGINE=MEMORY;

CREATE TABLE IF NOT EXISTS "monitoredBy" (
  "TrackElement_id" int NOT NULL,
  "Sensor_id" int NOT NULL,
  PRIMARY KEY  ("TrackElement_id", "Sensor_id")
) DEFAULT CHARSET=utf8 ENGINE=MEMORY;

CREATE TABLE IF NOT EXISTS "requires" (
  "Route_id" int NOT NULL,
  "Sensor_id" int NOT NULL,
  PRIMARY KEY  ("Route_id", "Sensor_id")
) DEFAULT CHARSET=utf8 ENGINE=MEMORY;
INSERT INTO "Semaphore" ("id", "signal") VALUES (1, 2);
INSERT INTO "Semaphore" ("id", "signal") VALUES (2, 2);
INSERT INTO "Route" ("id", "active", "entry", "exit") VALUES (3, 1, 1, 2);
INSERT INTO "Region" ("id") VALUES (4);
INSERT INTO "TrackElement" ("id") VALUES (5);
INSERT INTO "Switch" ("id", "currentPosition") VALUES (5, 0);
UPDATE "TrackElement" SET "region" = 4 WHERE "id" = 5;
INSERT INTO "Sensor" ("id") VALUES (6);
UPDATE "Sensor" SET "region" = 4 WHERE "id" = 6;
INSERT INTO "monitoredBy" VALUES (5, 6);
INSERT INTO "requires" VALUES (3, 6);
INSERT INTO "TrackElement" ("id") VALUES (7);
INSERT INTO "Segment" ("id", "length") VALUES (7, 504);
UPDATE "TrackElement" SET "region" = 4 WHERE "id" = 7;
INSERT INTO "monitoredBy" VALUES (7, 6);
UPDATE "Semaphore" SET "segment" = 7 WHERE "id" = 2;
INSERT INTO "TrackElement" ("id") VALUES (8);
INSERT INTO "Segment" ("id", "length") VALUES (8, 776);
UPDATE "TrackElement" SET "region" = 4 WHERE "id" = 8;
INSERT INTO "monitoredBy" VALUES (8, 6);
INSERT INTO "TrackElement" ("id") VALUES (9);
INSERT INTO "Segment" ("id", "length") VALUES (9, -58);
UPDATE "TrackElement" SET "region" = 4 WHERE "id" = 9;
INSERT INTO "monitoredBy" VALUES (9, 6);
INSERT INTO "TrackElement" ("id") VALUES (10);
INSERT INTO "Segment" ("id", "length") VALUES (10, 808);
UPDATE "TrackElement" SET "region" = 4 WHERE "id" = 10;
INSERT INTO "monitoredBy" VALUES (10, 6);
INSERT INTO "TrackElement" ("id") VALUES (11);
INSERT INTO "Segment" ("id", "length") VALUES (11, 576);
UPDATE "TrackElement" SET "region" = 4 WHERE "id" = 11;
INSERT INTO "monitoredBy" VALUES (11, 6);
INSERT INTO "TrackElement" ("id") VALUES (12);
INSERT INTO "Segment" ("id", "length") VALUES (12, 358);
UPDATE "TrackElement" SET "region" = 4 WHERE "id" = 12;
INSERT INTO "monitoredBy" VALUES (12, 6);
INSERT INTO "Sensor" ("id") VALUES (13);
UPDATE "Sensor" SET "region" = 4 WHERE "id" = 13;
INSERT INTO "monitoredBy" VALUES (5, 13);
INSERT INTO "requires" VALUES (3, 13);
INSERT INTO "TrackElement" ("id") VALUES (14);
INSERT INTO "Segment" ("id", "length") VALUES (14, -333);
UPDATE "TrackElement" SET "region" = 4 WHERE "id" = 14;
INSERT INTO "monitoredBy" VALUES (14, 13);
INSERT INTO "TrackElement" ("id") VALUES (15);
INSERT INTO "Segment" ("id", "length") VALUES (15, 461);
UPDATE "TrackElement" SET "region" = 4 WHERE "id" = 15;
INSERT INTO "monitoredBy" VALUES (15, 13);
INSERT INTO "TrackElement" ("id") VALUES (16);
INSERT INTO "Segment" ("id", "length") VALUES (16, -437);
UPDATE "TrackElement" SET "region" = 4 WHERE "id" = 16;
INSERT INTO "monitoredBy" VALUES (16, 13);
INSERT INTO "TrackElement" ("id") VALUES (17);
INSERT INTO "Segment" ("id", "length") VALUES (17, 879);
UPDATE "TrackElement" SET "region" = 4 WHERE "id" = 17;
INSERT INTO "monitoredBy" VALUES (17, 13);
INSERT INTO "TrackElement" ("id") VALUES (18);
INSERT INTO "Segment" ("id", "length") VALUES (18, 90);
UPDATE "TrackElement" SET "region" = 4 WHERE "id" = 18;
INSERT INTO "monitoredBy" VALUES (18, 13);
INSERT INTO "Sensor" ("id") VALUES (19);
UPDATE "Sensor" SET "region" = 4 WHERE "id" = 19;
INSERT INTO "monitoredBy" VALUES (5, 19);
INSERT INTO "requires" VALUES (3, 19);
INSERT INTO "TrackElement" ("id") VALUES (20);
INSERT INTO "Segment" ("id", "length") VALUES (20, 829);
UPDATE "TrackElement" SET "region" = 4 WHERE "id" = 20;
INSERT INTO "monitoredBy" VALUES (20, 19);
INSERT INTO "TrackElement" ("id") VALUES (21);
INSERT INTO "Segment" ("id", "length") VALUES (21, 395);
UPDATE "TrackElement" SET "region" = 4 WHERE "id" = 21;
INSERT INTO "monitoredBy" VALUES (21, 19);
INSERT INTO "TrackElement" ("id") VALUES (22);
INSERT INTO "Segment" ("id", "length") VALUES (22, 732);
UPDATE "TrackElement" SET "region" = 4 WHERE "id" = 22;
INSERT INTO "monitoredBy" VALUES (22, 19);
INSERT INTO "TrackElement" ("id") VALUES (23);
INSERT INTO "Segment" ("id", "length") VALUES (23, 134);
UPDATE "TrackElement" SET "region" = 4 WHERE "id" = 23;
INSERT INTO "monitoredBy" VALUES (23, 19);
INSERT INTO "TrackElement" ("id") VALUES (24);
INSERT INTO "Segment" ("id", "length") VALUES (24, 857);
UPDATE "TrackElement" SET "region" = 4 WHERE "id" = 24;
INSERT INTO "monitoredBy" VALUES (24, 19);
INSERT INTO "Sensor" ("id") VALUES (25);
UPDATE "Sensor" SET "region" = 4 WHERE "id" = 25;
INSERT INTO "monitoredBy" VALUES (5, 25);
INSERT INTO "requires" VALUES (3, 25);
INSERT INTO "TrackElement" ("id") VALUES (26);
INSERT INTO "Segment" ("id", "length") VALUES (26, 376);
UPDATE "TrackElement" SET "region" = 4 WHERE "id" = 26;
INSERT INTO "monitoredBy" VALUES (26, 25);
INSERT INTO "TrackElement" ("id") VALUES (27);
INSERT INTO "Segment" ("id", "length") VALUES (27, 803);
UPDATE "TrackElement" SET "region" = 4 WHERE "id" = 27;
INSERT INTO "monitoredBy" VALUES (27, 25);
INSERT INTO "TrackElement" ("id") VALUES (28);
INSERT INTO "Segment" ("id", "length") VALUES (28, 505);
UPDATE "TrackElement" SET "region" = 4 WHERE "id" = 28;
INSERT INTO "monitoredBy" VALUES (28, 25);
INSERT INTO "TrackElement" ("id") VALUES (29);
INSERT INTO "Segment" ("id", "length") VALUES (29, 137);
UPDATE "TrackElement" SET "region" = 4 WHERE "id" = 29;
INSERT INTO "monitoredBy" VALUES (29, 25);
INSERT INTO "TrackElement" ("id") VALUES (30);
INSERT INTO "Segment" ("id", "length") VALUES (30, 294);
UPDATE "TrackElement" SET "region" = 4 WHERE "id" = 30;
INSERT INTO "monitoredBy" VALUES (30, 25);
INSERT INTO "Sensor" ("id") VALUES (31);
UPDATE "Sensor" SET "region" = 4 WHERE "id" = 31;
INSERT INTO "TrackElement" ("id") VALUES (32);
INSERT INTO "Segment" ("id", "length") VALUES (32, 494);
UPDATE "TrackElement" SET "region" = 4 WHERE "id" = 32;
INSERT INTO "monitoredBy" VALUES (32, 31);
INSERT INTO "TrackElement" ("id") VALUES (33);
INSERT INTO "Segment" ("id", "length") VALUES (33, 306);
UPDATE "TrackElement" SET "region" = 4 WHERE "id" = 33;
INSERT INTO "monitoredBy" VALUES (33, 31);
INSERT INTO "TrackElement" ("id") VALUES (34);
INSERT INTO "Segment" ("id", "length") VALUES (34, 979);
UPDATE "TrackElement" SET "region" = 4 WHERE "id" = 34;
INSERT INTO "monitoredBy" VALUES (34, 31);
INSERT INTO "TrackElement" ("id") VALUES (35);
INSERT INTO "Segment" ("id", "length") VALUES (35, 597);
UPDATE "TrackElement" SET "region" = 4 WHERE "id" = 35;
INSERT INTO "monitoredBy" VALUES (35, 31);
INSERT INTO "TrackElement" ("id") VALUES (36);
INSERT INTO "Segment" ("id", "length") VALUES (36, 815);
UPDATE "TrackElement" SET "region" = 4 WHERE "id" = 36;
INSERT INTO "monitoredBy" VALUES (36, 31);
INSERT INTO "Sensor" ("id") VALUES (37);
UPDATE "Sensor" SET "region" = 4 WHERE "id" = 37;
INSERT INTO "monitoredBy" VALUES (5, 37);
INSERT INTO "requires" VALUES (3, 37);
INSERT INTO "TrackElement" ("id") VALUES (38);
INSERT INTO "Segment" ("id", "length") VALUES (38, 396);
UPDATE "TrackElement" SET "region" = 4 WHERE "id" = 38;
INSERT INTO "monitoredBy" VALUES (38, 37);
INSERT INTO "TrackElement" ("id") VALUES (39);
INSERT INTO "Segment" ("id", "length") VALUES (39, 813);
UPDATE "TrackElement" SET "region" = 4 WHERE "id" = 39;
INSERT INTO "monitoredBy" VALUES (39, 37);
INSERT INTO "TrackElement" ("id") VALUES (40);
INSERT INTO "Segment" ("id", "length") VALUES (40, 518);
UPDATE "TrackElement" SET "region" = 4 WHERE "id" = 40;
INSERT INTO "monitoredBy" VALUES (40, 37);
INSERT INTO "TrackElement" ("id") VALUES (41);
INSERT INTO "Segment" ("id", "length") VALUES (41, 831);
UPDATE "TrackElement" SET "region" = 4 WHERE "id" = 41;
INSERT INTO "monitoredBy" VALUES (41, 37);
INSERT INTO "TrackElement" ("id") VALUES (42);
INSERT INTO "Segment" ("id", "length") VALUES (42, 730);
UPDATE "TrackElement" SET "region" = 4 WHERE "id" = 42;
INSERT INTO "monitoredBy" VALUES (42, 37);
INSERT INTO "Sensor" ("id") VALUES (43);
UPDATE "Sensor" SET "region" = 4 WHERE "id" = 43;
INSERT INTO "monitoredBy" VALUES (5, 43);
INSERT INTO "TrackElement" ("id") VALUES (44);
INSERT INTO "Segment" ("id", "length") VALUES (44, 127);
UPDATE "TrackElement" SET "region" = 4 WHERE "id" = 44;
INSERT INTO "monitoredBy" VALUES (44, 43);
INSERT INTO "TrackElement" ("id") VALUES (45);
INSERT INTO "Segment" ("id", "length") VALUES (45, 968);
UPDATE "TrackElement" SET "region" = 4 WHERE "id" = 45;
INSERT INTO "monitoredBy" VALUES (45, 43);
INSERT INTO "TrackElement" ("id") VALUES (46);
INSERT INTO "Segment" ("id", "length") VALUES (46, 974);
UPDATE "TrackElement" SET "region" = 4 WHERE "id" = 46;
INSERT INTO "monitoredBy" VALUES (46, 43);
INSERT INTO "TrackElement" ("id") VALUES (47);
INSERT INTO "Segment" ("id", "length") VALUES (47, 197);
UPDATE "TrackElement" SET "region" = 4 WHERE "id" = 47;
INSERT INTO "monitoredBy" VALUES (47, 43);
INSERT INTO "TrackElement" ("id") VALUES (48);
INSERT INTO "Segment" ("id", "length") VALUES (48, 324);
UPDATE "TrackElement" SET "region" = 4 WHERE "id" = 48;
INSERT INTO "monitoredBy" VALUES (48, 43);
INSERT INTO "SwitchPosition" ("id", "position", "target") VALUES (49, 2, 5);
UPDATE "SwitchPosition" SET "route" = 3 WHERE "id" = 49;
INSERT INTO "connectsTo" VALUES (5, 7);
INSERT INTO "connectsTo" VALUES (7, 8);
INSERT INTO "connectsTo" VALUES (8, 9);
INSERT INTO "connectsTo" VALUES (9, 10);
INSERT INTO "connectsTo" VALUES (10, 11);
INSERT INTO "connectsTo" VALUES (11, 12);
INSERT INTO "connectsTo" VALUES (12, 14);
INSERT INTO "connectsTo" VALUES (14, 15);
INSERT INTO "connectsTo" VALUES (15, 16);
INSERT INTO "connectsTo" VALUES (16, 17);
INSERT INTO "connectsTo" VALUES (17, 18);
INSERT INTO "connectsTo" VALUES (18, 20);
INSERT INTO "connectsTo" VALUES (20, 21);
INSERT INTO "connectsTo" VALUES (21, 22);
INSERT INTO "connectsTo" VALUES (22, 23);
INSERT INTO "connectsTo" VALUES (23, 24);
INSERT INTO "connectsTo" VALUES (24, 26);
INSERT INTO "connectsTo" VALUES (26, 27);
INSERT INTO "connectsTo" VALUES (27, 28);
INSERT INTO "connectsTo" VALUES (28, 29);
INSERT INTO "connectsTo" VALUES (29, 30);
INSERT INTO "connectsTo" VALUES (30, 32);
INSERT INTO "connectsTo" VALUES (32, 33);
INSERT INTO "connectsTo" VALUES (33, 34);
INSERT INTO "connectsTo" VALUES (34, 35);
INSERT INTO "connectsTo" VALUES (35, 36);
INSERT INTO "connectsTo" VALUES (36, 38);
INSERT INTO "connectsTo" VALUES (38, 39);
INSERT INTO "connectsTo" VALUES (39, 40);
INSERT INTO "connectsTo" VALUES (40, 41);
INSERT INTO "connectsTo" VALUES (41, 42);
INSERT INTO "connectsTo" VALUES (42, 44);
INSERT INTO "connectsTo" VALUES (44, 45);
INSERT INTO "connectsTo" VALUES (45, 46);
INSERT INTO "connectsTo" VALUES (46, 47);
INSERT INTO "connectsTo" VALUES (47, 48);
INSERT INTO "Semaphore" ("id", "signal") VALUES (50, 2);
INSERT INTO "Route" ("id", "active", "entry", "exit") VALUES (51, 1, NULL, 50);
INSERT INTO "Region" ("id") VALUES (52);
INSERT INTO "TrackElement" ("id") VALUES (53);
INSERT INTO "Switch" ("id", "currentPosition") VALUES (53, 1);
UPDATE "TrackElement" SET "region" = 52 WHERE "id" = 53;
INSERT INTO "Sensor" ("id") VALUES (54);
UPDATE "Sensor" SET "region" = 52 WHERE "id" = 54;
INSERT INTO "monitoredBy" VALUES (53, 54);
INSERT INTO "requires" VALUES (51, 54);
INSERT INTO "TrackElement" ("id") VALUES (55);
INSERT INTO "Segment" ("id", "length") VALUES (55, 324);
UPDATE "TrackElement" SET "region" = 52 WHERE "id" = 55;
INSERT INTO "monitoredBy" VALUES (55, 54);
UPDATE "Semaphore" SET "segment" = 55 WHERE "id" = 50;
INSERT INTO "TrackElement" ("id") VALUES (56);
INSERT INTO "Segment" ("id", "length") VALUES (56, 996);
UPDATE "TrackElement" SET "region" = 52 WHERE "id" = 56;
INSERT INTO "monitoredBy" VALUES (56, 54);
INSERT INTO "TrackElement" ("id") VALUES (57);
INSERT INTO "Segment" ("id", "length") VALUES (57, 645);
UPDATE "TrackElement" SET "region" = 52 WHERE "id" = 57;
INSERT INTO "monitoredBy" VALUES (57, 54);
INSERT INTO "TrackElement" ("id") VALUES (58);
INSERT INTO "Segment" ("id", "length") VALUES (58, 455);
UPDATE "TrackElement" SET "region" = 52 WHERE "id" = 58;
INSERT INTO "monitoredBy" VALUES (58, 54);
INSERT INTO "TrackElement" ("id") VALUES (59);
INSERT INTO "Segment" ("id", "length") VALUES (59, -515);
UPDATE "TrackElement" SET "region" = 52 WHERE "id" = 59;
INSERT INTO "monitoredBy" VALUES (59, 54);
INSERT INTO "Sensor" ("id") VALUES (60);
UPDATE "Sensor" SET "region" = 52 WHERE "id" = 60;
INSERT INTO "monitoredBy" VALUES (53, 60);
INSERT INTO "requires" VALUES (51, 60);
INSERT INTO "TrackElement" ("id") VALUES (61);
INSERT INTO "Segment" ("id", "length") VALUES (61, 582);
UPDATE "TrackElement" SET "region" = 52 WHERE "id" = 61;
INSERT INTO "monitoredBy" VALUES (61, 60);
INSERT INTO "TrackElement" ("id") VALUES (62);
INSERT INTO "Segment" ("id", "length") VALUES (62, 641);
UPDATE "TrackElement" SET "region" = 52 WHERE "id" = 62;
INSERT INTO "monitoredBy" VALUES (62, 60);
INSERT INTO "TrackElement" ("id") VALUES (63);
INSERT INTO "Segment" ("id", "length") VALUES (63, 683);
UPDATE "TrackElement" SET "region" = 52 WHERE "id" = 63;
INSERT INTO "monitoredBy" VALUES (63, 60);
INSERT INTO "TrackElement" ("id") VALUES (64);
INSERT INTO "Segment" ("id", "length") VALUES (64, 639);
UPDATE "TrackElement" SET "region" = 52 WHERE "id" = 64;
INSERT INTO "monitoredBy" VALUES (64, 60);
INSERT INTO "TrackElement" ("id") VALUES (65);
INSERT INTO "Segment" ("id", "length") VALUES (65, -210);
UPDATE "TrackElement" SET "region" = 52 WHERE "id" = 65;
INSERT INTO "monitoredBy" VALUES (65, 60);
INSERT INTO "SwitchPosition" ("id", "position", "target") VALUES (66, 1, 53);
UPDATE "SwitchPosition" SET "route" = 51 WHERE "id" = 66;
INSERT INTO "connectsTo" VALUES (53, 55);
INSERT INTO "connectsTo" VALUES (55, 56);
INSERT INTO "connectsTo" VALUES (56, 57);
INSERT INTO "connectsTo" VALUES (57, 58);
INSERT INTO "connectsTo" VALUES (58, 59);
INSERT INTO "connectsTo" VALUES (59, 61);
INSERT INTO "connectsTo" VALUES (61, 62);
INSERT INTO "connectsTo" VALUES (62, 63);
INSERT INTO "connectsTo" VALUES (63, 64);
INSERT INTO "connectsTo" VALUES (64, 65);
INSERT INTO "connectsTo" VALUES (48, 53);
INSERT INTO "Semaphore" ("id", "signal") VALUES (67, 2);
INSERT INTO "Route" ("id", "active", "entry", "exit") VALUES (68, 1, 50, 67);
INSERT INTO "Region" ("id") VALUES (69);
INSERT INTO "TrackElement" ("id") VALUES (70);
INSERT INTO "Switch" ("id", "currentPosition") VALUES (70, 0);
UPDATE "TrackElement" SET "region" = 69 WHERE "id" = 70;
INSERT INTO "Sensor" ("id") VALUES (71);
UPDATE "Sensor" SET "region" = 69 WHERE "id" = 71;
INSERT INTO "monitoredBy" VALUES (70, 71);
INSERT INTO "requires" VALUES (68, 71);
INSERT INTO "TrackElement" ("id") VALUES (72);
INSERT INTO "Segment" ("id", "length") VALUES (72, 852);
UPDATE "TrackElement" SET "region" = 69 WHERE "id" = 72;
INSERT INTO "monitoredBy" VALUES (72, 71);
UPDATE "Semaphore" SET "segment" = 72 WHERE "id" = 67;
INSERT INTO "TrackElement" ("id") VALUES (73);
INSERT INTO "Segment" ("id", "length") VALUES (73, 994);
UPDATE "TrackElement" SET "region" = 69 WHERE "id" = 73;
INSERT INTO "monitoredBy" VALUES (73, 71);
INSERT INTO "TrackElement" ("id") VALUES (74);
INSERT INTO "Segment" ("id", "length") VALUES (74, 931);
UPDATE "TrackElement" SET "region" = 69 WHERE "id" = 74;
INSERT INTO "monitoredBy" VALUES (74, 71);
INSERT INTO "TrackElement" ("id") VALUES (75);
INSERT INTO "Segment" ("id", "length") VALUES (75, 472);
UPDATE "TrackElement" SET "region" = 69 WHERE "id" = 75;
INSERT INTO "monitoredBy" VALUES (75, 71);
INSERT INTO "TrackElement" ("id") VALUES (76);
INSERT INTO "Segment" ("id", "length") VALUES (76, 367);
UPDATE "TrackElement" SET "region" = 69 WHERE "id" = 76;
INSERT INTO "monitoredBy" VALUES (76, 71);
INSERT INTO "Sensor" ("id") VALUES (77);
UPDATE "Sensor" SET "region" = 69 WHERE "id" = 77;
INSERT INTO "monitoredBy" VALUES (70, 77);
INSERT INTO "requires" VALUES (68, 77);
INSERT INTO "TrackElement" ("id") VALUES (78);
INSERT INTO "Segment" ("id", "length") VALUES (78, 679);
UPDATE "TrackElement" SET "region" = 69 WHERE "id" = 78;
INSERT INTO "monitoredBy" VALUES (78, 77);
INSERT INTO "TrackElement" ("id") VALUES (79);
INSERT INTO "Segment" ("id", "length") VALUES (79, -178);
UPDATE "TrackElement" SET "region" = 69 WHERE "id" = 79;
INSERT INTO "monitoredBy" VALUES (79, 77);
INSERT INTO "TrackElement" ("id") VALUES (80);
INSERT INTO "Segment" ("id", "length") VALUES (80, 745);
UPDATE "TrackElement" SET "region" = 69 WHERE "id" = 80;
INSERT INTO "monitoredBy" VALUES (80, 77);
INSERT INTO "TrackElement" ("id") VALUES (81);
INSERT INTO "Segment" ("id", "length") VALUES (81, 629);
UPDATE "TrackElement" SET "region" = 69 WHERE "id" = 81;
INSERT INTO "monitoredBy" VALUES (81, 77);
INSERT INTO "TrackElement" ("id") VALUES (82);
INSERT INTO "Segment" ("id", "length") VALUES (82, 711);
UPDATE "TrackElement" SET "region" = 69 WHERE "id" = 82;
INSERT INTO "monitoredBy" VALUES (82, 77);
INSERT INTO "Sensor" ("id") VALUES (83);
UPDATE "Sensor" SET "region" = 69 WHERE "id" = 83;
INSERT INTO "monitoredBy" VALUES (70, 83);
INSERT INTO "requires" VALUES (68, 83);
INSERT INTO "TrackElement" ("id") VALUES (84);
INSERT INTO "Segment" ("id", "length") VALUES (84, 633);
UPDATE "TrackElement" SET "region" = 69 WHERE "id" = 84;
INSERT INTO "monitoredBy" VALUES (84, 83);
INSERT INTO "TrackElement" ("id") VALUES (85);
INSERT INTO "Segment" ("id", "length") VALUES (85, -731);
UPDATE "TrackElement" SET "region" = 69 WHERE "id" = 85;
INSERT INTO "monitoredBy" VALUES (85, 83);
INSERT INTO "TrackElement" ("id") VALUES (86);
INSERT INTO "Segment" ("id", "length") VALUES (86, -540);
UPDATE "TrackElement" SET "region" = 69 WHERE "id" = 86;
INSERT INTO "monitoredBy" VALUES (86, 83);
INSERT INTO "TrackElement" ("id") VALUES (87);
INSERT INTO "Segment" ("id", "length") VALUES (87, 449);
UPDATE "TrackElement" SET "region" = 69 WHERE "id" = 87;
INSERT INTO "monitoredBy" VALUES (87, 83);
INSERT INTO "TrackElement" ("id") VALUES (88);
INSERT INTO "Segment" ("id", "length") VALUES (88, 655);
UPDATE "TrackElement" SET "region" = 69 WHERE "id" = 88;
INSERT INTO "monitoredBy" VALUES (88, 83);
INSERT INTO "Sensor" ("id") VALUES (89);
UPDATE "Sensor" SET "region" = 69 WHERE "id" = 89;
INSERT INTO "monitoredBy" VALUES (70, 89);
INSERT INTO "requires" VALUES (68, 89);
INSERT INTO "TrackElement" ("id") VALUES (90);
INSERT INTO "Segment" ("id", "length") VALUES (90, 549);
UPDATE "TrackElement" SET "region" = 69 WHERE "id" = 90;
INSERT INTO "monitoredBy" VALUES (90, 89);
INSERT INTO "TrackElement" ("id") VALUES (91);
INSERT INTO "Segment" ("id", "length") VALUES (91, 988);
UPDATE "TrackElement" SET "region" = 69 WHERE "id" = 91;
INSERT INTO "monitoredBy" VALUES (91, 89);
INSERT INTO "TrackElement" ("id") VALUES (92);
INSERT INTO "Segment" ("id", "length") VALUES (92, 567);
UPDATE "TrackElement" SET "region" = 69 WHERE "id" = 92;
INSERT INTO "monitoredBy" VALUES (92, 89);
INSERT INTO "TrackElement" ("id") VALUES (93);
INSERT INTO "Segment" ("id", "length") VALUES (93, 483);
UPDATE "TrackElement" SET "region" = 69 WHERE "id" = 93;
INSERT INTO "monitoredBy" VALUES (93, 89);
INSERT INTO "TrackElement" ("id") VALUES (94);
INSERT INTO "Segment" ("id", "length") VALUES (94, 234);
UPDATE "TrackElement" SET "region" = 69 WHERE "id" = 94;
INSERT INTO "monitoredBy" VALUES (94, 89);
INSERT INTO "Sensor" ("id") VALUES (95);
UPDATE "Sensor" SET "region" = 69 WHERE "id" = 95;
INSERT INTO "monitoredBy" VALUES (70, 95);
INSERT INTO "requires" VALUES (68, 95);
INSERT INTO "TrackElement" ("id") VALUES (96);
INSERT INTO "Segment" ("id", "length") VALUES (96, 636);
UPDATE "TrackElement" SET "region" = 69 WHERE "id" = 96;
INSERT INTO "monitoredBy" VALUES (96, 95);
INSERT INTO "TrackElement" ("id") VALUES (97);
INSERT INTO "Segment" ("id", "length") VALUES (97, 132);
UPDATE "TrackElement" SET "region" = 69 WHERE "id" = 97;
INSERT INTO "monitoredBy" VALUES (97, 95);
INSERT INTO "TrackElement" ("id") VALUES (98);
INSERT INTO "Segment" ("id", "length") VALUES (98, 849);
UPDATE "TrackElement" SET "region" = 69 WHERE "id" = 98;
INSERT INTO "monitoredBy" VALUES (98, 95);
INSERT INTO "TrackElement" ("id") VALUES (99);
INSERT INTO "Segment" ("id", "length") VALUES (99, 421);
UPDATE "TrackElement" SET "region" = 69 WHERE "id" = 99;
INSERT INTO "monitoredBy" VALUES (99, 95);
INSERT INTO "TrackElement" ("id") VALUES (100);
INSERT INTO "Segment" ("id", "length") VALUES (100, 345);
UPDATE "TrackElement" SET "region" = 69 WHERE "id" = 100;
INSERT INTO "monitoredBy" VALUES (100, 95);
INSERT INTO "Sensor" ("id") VALUES (101);
UPDATE "Sensor" SET "region" = 69 WHERE "id" = 101;
INSERT INTO "monitoredBy" VALUES (70, 101);
INSERT INTO "requires" VALUES (68, 101);
INSERT INTO "TrackElement" ("id") VALUES (102);
INSERT INTO "Segment" ("id", "length") VALUES (102, -427);
UPDATE "TrackElement" SET "region" = 69 WHERE "id" = 102;
INSERT INTO "monitoredBy" VALUES (102, 101);
INSERT INTO "TrackElement" ("id") VALUES (103);
INSERT INTO "Segment" ("id", "length") VALUES (103, 771);
UPDATE "TrackElement" SET "region" = 69 WHERE "id" = 103;
INSERT INTO "monitoredBy" VALUES (103, 101);
INSERT INTO "TrackElement" ("id") VALUES (104);
INSERT INTO "Segment" ("id", "length") VALUES (104, 892);
UPDATE "TrackElement" SET "region" = 69 WHERE "id" = 104;
INSERT INTO "monitoredBy" VALUES (104, 101);
INSERT INTO "TrackElement" ("id") VALUES (105);
INSERT INTO "Segment" ("id", "length") VALUES (105, 387);
UPDATE "TrackElement" SET "region" = 69 WHERE "id" = 105;
INSERT INTO "monitoredBy" VALUES (105, 101);
INSERT INTO "TrackElement" ("id") VALUES (106);
INSERT INTO "Segment" ("id", "length") VALUES (106, 149);
UPDATE "TrackElement" SET "region" = 69 WHERE "id" = 106;
INSERT INTO "monitoredBy" VALUES (106, 101);
INSERT INTO "Sensor" ("id") VALUES (107);
UPDATE "Sensor" SET "region" = 69 WHERE "id" = 107;
INSERT INTO "monitoredBy" VALUES (70, 107);
INSERT INTO "TrackElement" ("id") VALUES (108);
INSERT INTO "Segment" ("id", "length") VALUES (108, 313);
UPDATE "TrackElement" SET "region" = 69 WHERE "id" = 108;
INSERT INTO "monitoredBy" VALUES (108, 107);
INSERT INTO "TrackElement" ("id") VALUES (109);
INSERT INTO "Segment" ("id", "length") VALUES (109, 209);
UPDATE "TrackElement" SET "region" = 69 WHERE "id" = 109;
INSERT INTO "monitoredBy" VALUES (109, 107);
INSERT INTO "TrackElement" ("id") VALUES (110);
INSERT INTO "Segment" ("id", "length") VALUES (110, 814);
UPDATE "TrackElement" SET "region" = 69 WHERE "id" = 110;
INSERT INTO "monitoredBy" VALUES (110, 107);
INSERT INTO "TrackElement" ("id") VALUES (111);
INSERT INTO "Segment" ("id", "length") VALUES (111, 721);
UPDATE "TrackElement" SET "region" = 69 WHERE "id" = 111;
INSERT INTO "monitoredBy" VALUES (111, 107);
INSERT INTO "TrackElement" ("id") VALUES (112);
INSERT INTO "Segment" ("id", "length") VALUES (112, 26);
UPDATE "TrackElement" SET "region" = 69 WHERE "id" = 112;
INSERT INTO "monitoredBy" VALUES (112, 107);
INSERT INTO "SwitchPosition" ("id", "position", "target") VALUES (113, 0, 70);
UPDATE "SwitchPosition" SET "route" = 68 WHERE "id" = 113;
INSERT INTO "TrackElement" ("id") VALUES (114);
INSERT INTO "Switch" ("id", "currentPosition") VALUES (114, 2);
UPDATE "TrackElement" SET "region" = 69 WHERE "id" = 114;
INSERT INTO "Sensor" ("id") VALUES (115);
UPDATE "Sensor" SET "region" = 69 WHERE "id" = 115;
INSERT INTO "monitoredBy" VALUES (114, 115);
INSERT INTO "requires" VALUES (68, 115);
INSERT INTO "TrackElement" ("id") VALUES (116);
INSERT INTO "Segment" ("id", "length") VALUES (116, 436);
UPDATE "TrackElement" SET "region" = 69 WHERE "id" = 116;
INSERT INTO "monitoredBy" VALUES (116, 115);
INSERT INTO "TrackElement" ("id") VALUES (117);
INSERT INTO "Segment" ("id", "length") VALUES (117, 99);
UPDATE "TrackElement" SET "region" = 69 WHERE "id" = 117;
INSERT INTO "monitoredBy" VALUES (117, 115);
INSERT INTO "TrackElement" ("id") VALUES (118);
INSERT INTO "Segment" ("id", "length") VALUES (118, -816);
UPDATE "TrackElement" SET "region" = 69 WHERE "id" = 118;
INSERT INTO "monitoredBy" VALUES (118, 115);
INSERT INTO "TrackElement" ("id") VALUES (119);
INSERT INTO "Segment" ("id", "length") VALUES (119, 853);
UPDATE "TrackElement" SET "region" = 69 WHERE "id" = 119;
INSERT INTO "monitoredBy" VALUES (119, 115);
INSERT INTO "TrackElement" ("id") VALUES (120);
INSERT INTO "Segment" ("id", "length") VALUES (120, 153);
UPDATE "TrackElement" SET "region" = 69 WHERE "id" = 120;
INSERT INTO "monitoredBy" VALUES (120, 115);
INSERT INTO "Sensor" ("id") VALUES (121);
UPDATE "Sensor" SET "region" = 69 WHERE "id" = 121;
INSERT INTO "monitoredBy" VALUES (114, 121);
INSERT INTO "requires" VALUES (68, 121);
INSERT INTO "TrackElement" ("id") VALUES (122);
INSERT INTO "Segment" ("id", "length") VALUES (122, 560);
UPDATE "TrackElement" SET "region" = 69 WHERE "id" = 122;
INSERT INTO "monitoredBy" VALUES (122, 121);
INSERT INTO "TrackElement" ("id") VALUES (123);
INSERT INTO "Segment" ("id", "length") VALUES (123, 872);
UPDATE "TrackElement" SET "region" = 69 WHERE "id" = 123;
INSERT INTO "monitoredBy" VALUES (123, 121);
INSERT INTO "TrackElement" ("id") VALUES (124);
INSERT INTO "Segment" ("id", "length") VALUES (124, 190);
UPDATE "TrackElement" SET "region" = 69 WHERE "id" = 124;
INSERT INTO "monitoredBy" VALUES (124, 121);
INSERT INTO "TrackElement" ("id") VALUES (125);
INSERT INTO "Segment" ("id", "length") VALUES (125, 340);
UPDATE "TrackElement" SET "region" = 69 WHERE "id" = 125;
INSERT INTO "monitoredBy" VALUES (125, 121);
INSERT INTO "TrackElement" ("id") VALUES (126);
INSERT INTO "Segment" ("id", "length") VALUES (126, 764);
UPDATE "TrackElement" SET "region" = 69 WHERE "id" = 126;
INSERT INTO "monitoredBy" VALUES (126, 121);
INSERT INTO "TrackElement" ("id") VALUES (127);
INSERT INTO "Segment" ("id", "length") VALUES (127, 35);
UPDATE "TrackElement" SET "region" = 69 WHERE "id" = 127;
INSERT INTO "monitoredBy" VALUES (127, 121);
INSERT INTO "Sensor" ("id") VALUES (128);
UPDATE "Sensor" SET "region" = 69 WHERE "id" = 128;
INSERT INTO "TrackElement" ("id") VALUES (129);
INSERT INTO "Segment" ("id", "length") VALUES (129, 872);
UPDATE "TrackElement" SET "region" = 69 WHERE "id" = 129;
INSERT INTO "monitoredBy" VALUES (129, 128);
INSERT INTO "TrackElement" ("id") VALUES (130);
INSERT INTO "Segment" ("id", "length") VALUES (130, 193);
UPDATE "TrackElement" SET "region" = 69 WHERE "id" = 130;
INSERT INTO "monitoredBy" VALUES (130, 128);
INSERT INTO "TrackElement" ("id") VALUES (131);
INSERT INTO "Segment" ("id", "length") VALUES (131, -513);
UPDATE "TrackElement" SET "region" = 69 WHERE "id" = 131;
INSERT INTO "monitoredBy" VALUES (131, 128);
INSERT INTO "TrackElement" ("id") VALUES (132);
INSERT INTO "Segment" ("id", "length") VALUES (132, 141);
UPDATE "TrackElement" SET "region" = 69 WHERE "id" = 132;
INSERT INTO "monitoredBy" VALUES (132, 128);
INSERT INTO "TrackElement" ("id") VALUES (133);
INSERT INTO "Segment" ("id", "length") VALUES (133, 11);
UPDATE "TrackElement" SET "region" = 69 WHERE "id" = 133;
INSERT INTO "monitoredBy" VALUES (133, 128);
INSERT INTO "TrackElement" ("id") VALUES (134);
INSERT INTO "Segment" ("id", "length") VALUES (134, 288);
UPDATE "TrackElement" SET "region" = 69 WHERE "id" = 134;
INSERT INTO "monitoredBy" VALUES (134, 128);
INSERT INTO "SwitchPosition" ("id", "position", "target") VALUES (135, 2, 114);
UPDATE "SwitchPosition" SET "route" = 68 WHERE "id" = 135;
INSERT INTO "TrackElement" ("id") VALUES (136);
INSERT INTO "Switch" ("id", "currentPosition") VALUES (136, 2);
UPDATE "TrackElement" SET "region" = 69 WHERE "id" = 136;
INSERT INTO "Sensor" ("id") VALUES (137);
UPDATE "Sensor" SET "region" = 69 WHERE "id" = 137;
INSERT INTO "monitoredBy" VALUES (136, 137);
INSERT INTO "requires" VALUES (68, 137);
INSERT INTO "TrackElement" ("id") VALUES (138);
INSERT INTO "Segment" ("id", "length") VALUES (138, -992);
UPDATE "TrackElement" SET "region" = 69 WHERE "id" = 138;
INSERT INTO "monitoredBy" VALUES (138, 137);
INSERT INTO "TrackElement" ("id") VALUES (139);
INSERT INTO "Segment" ("id", "length") VALUES (139, 852);
UPDATE "TrackElement" SET "region" = 69 WHERE "id" = 139;
INSERT INTO "monitoredBy" VALUES (139, 137);
INSERT INTO "TrackElement" ("id") VALUES (140);
INSERT INTO "Segment" ("id", "length") VALUES (140, -713);
UPDATE "TrackElement" SET "region" = 69 WHERE "id" = 140;
INSERT INTO "monitoredBy" VALUES (140, 137);
INSERT INTO "TrackElement" ("id") VALUES (141);
INSERT INTO "Segment" ("id", "length") VALUES (141, 933);
UPDATE "TrackElement" SET "region" = 69 WHERE "id" = 141;
INSERT INTO "monitoredBy" VALUES (141, 137);
INSERT INTO "TrackElement" ("id") VALUES (142);
INSERT INTO "Segment" ("id", "length") VALUES (142, 232);
UPDATE "TrackElement" SET "region" = 69 WHERE "id" = 142;
INSERT INTO "monitoredBy" VALUES (142, 137);
INSERT INTO "Sensor" ("id") VALUES (143);
UPDATE "Sensor" SET "region" = 69 WHERE "id" = 143;
INSERT INTO "TrackElement" ("id") VALUES (144);
INSERT INTO "Segment" ("id", "length") VALUES (144, 692);
UPDATE "TrackElement" SET "region" = 69 WHERE "id" = 144;
INSERT INTO "monitoredBy" VALUES (144, 143);
INSERT INTO "TrackElement" ("id") VALUES (145);
INSERT INTO "Segment" ("id", "length") VALUES (145, 901);
UPDATE "TrackElement" SET "region" = 69 WHERE "id" = 145;
INSERT INTO "monitoredBy" VALUES (145, 143);
INSERT INTO "TrackElement" ("id") VALUES (146);
INSERT INTO "Segment" ("id", "length") VALUES (146, 590);
UPDATE "TrackElement" SET "region" = 69 WHERE "id" = 146;
INSERT INTO "monitoredBy" VALUES (146, 143);
INSERT INTO "TrackElement" ("id") VALUES (147);
INSERT INTO "Segment" ("id", "length") VALUES (147, 530);
UPDATE "TrackElement" SET "region" = 69 WHERE "id" = 147;
INSERT INTO "monitoredBy" VALUES (147, 143);
INSERT INTO "TrackElement" ("id") VALUES (148);
INSERT INTO "Segment" ("id", "length") VALUES (148, 896);
UPDATE "TrackElement" SET "region" = 69 WHERE "id" = 148;
INSERT INTO "monitoredBy" VALUES (148, 143);
INSERT INTO "Sensor" ("id") VALUES (149);
UPDATE "Sensor" SET "region" = 69 WHERE "id" = 149;
INSERT INTO "monitoredBy" VALUES (136, 149);
INSERT INTO "requires" VALUES (68, 149);
INSERT INTO "TrackElement" ("id") VALUES (150);
INSERT INTO "Segment" ("id", "length") VALUES (150, 494);
UPDATE "TrackElement" SET "region" = 69 WHERE "id" = 150;
INSERT INTO "monitoredBy" VALUES (150, 149);
INSERT INTO "TrackElement" ("id") VALUES (151);
INSERT INTO "Segment" ("id", "length") VALUES (151, 325);
UPDATE "TrackElement" SET "region" = 69 WHERE "id" = 151;
INSERT INTO "monitoredBy" VALUES (151, 149);
INSERT INTO "TrackElement" ("id") VALUES (152);
INSERT INTO "Segment" ("id", "length") VALUES (152, 273);
UPDATE "TrackElement" SET "region" = 69 WHERE "id" = 152;
INSERT INTO "monitoredBy" VALUES (152, 149);
INSERT INTO "TrackElement" ("id") VALUES (153);
INSERT INTO "Segment" ("id", "length") VALUES (153, 800);
UPDATE "TrackElement" SET "region" = 69 WHERE "id" = 153;
INSERT INTO "monitoredBy" VALUES (153, 149);
INSERT INTO "TrackElement" ("id") VALUES (154);
INSERT INTO "Segment" ("id", "length") VALUES (154, 137);
UPDATE "TrackElement" SET "region" = 69 WHERE "id" = 154;
INSERT INTO "monitoredBy" VALUES (154, 149);
INSERT INTO "Sensor" ("id") VALUES (155);
UPDATE "Sensor" SET "region" = 69 WHERE "id" = 155;
INSERT INTO "monitoredBy" VALUES (136, 155);
INSERT INTO "requires" VALUES (68, 155);
INSERT INTO "TrackElement" ("id") VALUES (156);
INSERT INTO "Segment" ("id", "length") VALUES (156, 813);
UPDATE "TrackElement" SET "region" = 69 WHERE "id" = 156;
INSERT INTO "monitoredBy" VALUES (156, 155);
INSERT INTO "TrackElement" ("id") VALUES (157);
INSERT INTO "Segment" ("id", "length") VALUES (157, 137);
UPDATE "TrackElement" SET "region" = 69 WHERE "id" = 157;
INSERT INTO "monitoredBy" VALUES (157, 155);
INSERT INTO "TrackElement" ("id") VALUES (158);
INSERT INTO "Segment" ("id", "length") VALUES (158, 975);
UPDATE "TrackElement" SET "region" = 69 WHERE "id" = 158;
INSERT INTO "monitoredBy" VALUES (158, 155);
INSERT INTO "TrackElement" ("id") VALUES (159);
INSERT INTO "Segment" ("id", "length") VALUES (159, 53);
UPDATE "TrackElement" SET "region" = 69 WHERE "id" = 159;
INSERT INTO "monitoredBy" VALUES (159, 155);
INSERT INTO "TrackElement" ("id") VALUES (160);
INSERT INTO "Segment" ("id", "length") VALUES (160, 386);
UPDATE "TrackElement" SET "region" = 69 WHERE "id" = 160;
INSERT INTO "monitoredBy" VALUES (160, 155);
INSERT INTO "Sensor" ("id") VALUES (161);
UPDATE "Sensor" SET "region" = 69 WHERE "id" = 161;
INSERT INTO "monitoredBy" VALUES (136, 161);
INSERT INTO "requires" VALUES (68, 161);
INSERT INTO "TrackElement" ("id") VALUES (162);
INSERT INTO "Segment" ("id", "length") VALUES (162, 633);
UPDATE "TrackElement" SET "region" = 69 WHERE "id" = 162;
INSERT INTO "monitoredBy" VALUES (162, 161);
INSERT INTO "TrackElement" ("id") VALUES (163);
INSERT INTO "Segment" ("id", "length") VALUES (163, 220);
UPDATE "TrackElement" SET "region" = 69 WHERE "id" = 163;
INSERT INTO "monitoredBy" VALUES (163, 161);
INSERT INTO "TrackElement" ("id") VALUES (164);
INSERT INTO "Segment" ("id", "length") VALUES (164, 697);
UPDATE "TrackElement" SET "region" = 69 WHERE "id" = 164;
INSERT INTO "monitoredBy" VALUES (164, 161);
INSERT INTO "TrackElement" ("id") VALUES (165);
INSERT INTO "Segment" ("id", "length") VALUES (165, 929);
UPDATE "TrackElement" SET "region" = 69 WHERE "id" = 165;
INSERT INTO "monitoredBy" VALUES (165, 161);
INSERT INTO "TrackElement" ("id") VALUES (166);
INSERT INTO "Segment" ("id", "length") VALUES (166, 586);
UPDATE "TrackElement" SET "region" = 69 WHERE "id" = 166;
INSERT INTO "monitoredBy" VALUES (166, 161);
INSERT INTO "Sensor" ("id") VALUES (167);
UPDATE "Sensor" SET "region" = 69 WHERE "id" = 167;
INSERT INTO "monitoredBy" VALUES (136, 167);
INSERT INTO "requires" VALUES (68, 167);
INSERT INTO "TrackElement" ("id") VALUES (168);
INSERT INTO "Segment" ("id", "length") VALUES (168, 152);
UPDATE "TrackElement" SET "region" = 69 WHERE "id" = 168;
INSERT INTO "monitoredBy" VALUES (168, 167);
INSERT INTO "TrackElement" ("id") VALUES (169);
INSERT INTO "Segment" ("id", "length") VALUES (169, 45);
UPDATE "TrackElement" SET "region" = 69 WHERE "id" = 169;
INSERT INTO "monitoredBy" VALUES (169, 167);
INSERT INTO "TrackElement" ("id") VALUES (170);
INSERT INTO "Segment" ("id", "length") VALUES (170, 886);
UPDATE "TrackElement" SET "region" = 69 WHERE "id" = 170;
INSERT INTO "monitoredBy" VALUES (170, 167);
INSERT INTO "TrackElement" ("id") VALUES (171);
INSERT INTO "Segment" ("id", "length") VALUES (171, 85);
UPDATE "TrackElement" SET "region" = 69 WHERE "id" = 171;
INSERT INTO "monitoredBy" VALUES (171, 167);
INSERT INTO "TrackElement" ("id") VALUES (172);
INSERT INTO "Segment" ("id", "length") VALUES (172, 23);
UPDATE "TrackElement" SET "region" = 69 WHERE "id" = 172;
INSERT INTO "monitoredBy" VALUES (172, 167);
INSERT INTO "SwitchPosition" ("id", "position", "target") VALUES (173, 2, 136);
UPDATE "SwitchPosition" SET "route" = 68 WHERE "id" = 173;
INSERT INTO "TrackElement" ("id") VALUES (174);
INSERT INTO "Switch" ("id", "currentPosition") VALUES (174, 2);
UPDATE "TrackElement" SET "region" = 69 WHERE "id" = 174;
INSERT INTO "Sensor" ("id") VALUES (175);
UPDATE "Sensor" SET "region" = 69 WHERE "id" = 175;
INSERT INTO "monitoredBy" VALUES (174, 175);
INSERT INTO "requires" VALUES (68, 175);
INSERT INTO "TrackElement" ("id") VALUES (176);
INSERT INTO "Segment" ("id", "length") VALUES (176, 246);
UPDATE "TrackElement" SET "region" = 69 WHERE "id" = 176;
INSERT INTO "monitoredBy" VALUES (176, 175);
INSERT INTO "TrackElement" ("id") VALUES (177);
INSERT INTO "Segment" ("id", "length") VALUES (177, 245);
UPDATE "TrackElement" SET "region" = 69 WHERE "id" = 177;
INSERT INTO "monitoredBy" VALUES (177, 175);
INSERT INTO "TrackElement" ("id") VALUES (178);
INSERT INTO "Segment" ("id", "length") VALUES (178, 246);
UPDATE "TrackElement" SET "region" = 69 WHERE "id" = 178;
INSERT INTO "monitoredBy" VALUES (178, 175);
INSERT INTO "TrackElement" ("id") VALUES (179);
INSERT INTO "Segment" ("id", "length") VALUES (179, 239);
UPDATE "TrackElement" SET "region" = 69 WHERE "id" = 179;
INSERT INTO "monitoredBy" VALUES (179, 175);
INSERT INTO "TrackElement" ("id") VALUES (180);
INSERT INTO "Segment" ("id", "length") VALUES (180, 437);
UPDATE "TrackElement" SET "region" = 69 WHERE "id" = 180;
INSERT INTO "monitoredBy" VALUES (180, 175);
INSERT INTO "Sensor" ("id") VALUES (181);
UPDATE "Sensor" SET "region" = 69 WHERE "id" = 181;
INSERT INTO "monitoredBy" VALUES (174, 181);
INSERT INTO "requires" VALUES (68, 181);
INSERT INTO "TrackElement" ("id") VALUES (182);
INSERT INTO "Segment" ("id", "length") VALUES (182, 544);
UPDATE "TrackElement" SET "region" = 69 WHERE "id" = 182;
INSERT INTO "monitoredBy" VALUES (182, 181);
INSERT INTO "TrackElement" ("id") VALUES (183);
INSERT INTO "Segment" ("id", "length") VALUES (183, 375);
UPDATE "TrackElement" SET "region" = 69 WHERE "id" = 183;
INSERT INTO "monitoredBy" VALUES (183, 181);
INSERT INTO "TrackElement" ("id") VALUES (184);
INSERT INTO "Segment" ("id", "length") VALUES (184, 398);
UPDATE "TrackElement" SET "region" = 69 WHERE "id" = 184;
INSERT INTO "monitoredBy" VALUES (184, 181);
INSERT INTO "TrackElement" ("id") VALUES (185);
INSERT INTO "Segment" ("id", "length") VALUES (185, 942);
UPDATE "TrackElement" SET "region" = 69 WHERE "id" = 185;
INSERT INTO "monitoredBy" VALUES (185, 181);
INSERT INTO "TrackElement" ("id") VALUES (186);
INSERT INTO "Segment" ("id", "length") VALUES (186, -189);
UPDATE "TrackElement" SET "region" = 69 WHERE "id" = 186;
INSERT INTO "monitoredBy" VALUES (186, 181);
INSERT INTO "Sensor" ("id") VALUES (187);
UPDATE "Sensor" SET "region" = 69 WHERE "id" = 187;
INSERT INTO "TrackElement" ("id") VALUES (188);
INSERT INTO "Segment" ("id", "length") VALUES (188, 18);
UPDATE "TrackElement" SET "region" = 69 WHERE "id" = 188;
INSERT INTO "monitoredBy" VALUES (188, 187);
INSERT INTO "TrackElement" ("id") VALUES (189);
INSERT INTO "Segment" ("id", "length") VALUES (189, 1000);
UPDATE "TrackElement" SET "region" = 69 WHERE "id" = 189;
INSERT INTO "monitoredBy" VALUES (189, 187);
INSERT INTO "TrackElement" ("id") VALUES (190);
INSERT INTO "Segment" ("id", "length") VALUES (190, 488);
UPDATE "TrackElement" SET "region" = 69 WHERE "id" = 190;
INSERT INTO "monitoredBy" VALUES (190, 187);
INSERT INTO "TrackElement" ("id") VALUES (191);
INSERT INTO "Segment" ("id", "length") VALUES (191, 301);
UPDATE "TrackElement" SET "region" = 69 WHERE "id" = 191;
INSERT INTO "monitoredBy" VALUES (191, 187);
INSERT INTO "TrackElement" ("id") VALUES (192);
INSERT INTO "Segment" ("id", "length") VALUES (192, 559);
UPDATE "TrackElement" SET "region" = 69 WHERE "id" = 192;
INSERT INTO "monitoredBy" VALUES (192, 187);
INSERT INTO "Sensor" ("id") VALUES (193);
UPDATE "Sensor" SET "region" = 69 WHERE "id" = 193;
INSERT INTO "monitoredBy" VALUES (174, 193);
INSERT INTO "TrackElement" ("id") VALUES (194);
INSERT INTO "Segment" ("id", "length") VALUES (194, 437);
UPDATE "TrackElement" SET "region" = 69 WHERE "id" = 194;
INSERT INTO "monitoredBy" VALUES (194, 193);
INSERT INTO "TrackElement" ("id") VALUES (195);
INSERT INTO "Segment" ("id", "length") VALUES (195, 997);
UPDATE "TrackElement" SET "region" = 69 WHERE "id" = 195;
INSERT INTO "monitoredBy" VALUES (195, 193);
INSERT INTO "TrackElement" ("id") VALUES (196);
INSERT INTO "Segment" ("id", "length") VALUES (196, 511);
UPDATE "TrackElement" SET "region" = 69 WHERE "id" = 196;
INSERT INTO "monitoredBy" VALUES (196, 193);
INSERT INTO "TrackElement" ("id") VALUES (197);
INSERT INTO "Segment" ("id", "length") VALUES (197, 494);
UPDATE "TrackElement" SET "region" = 69 WHERE "id" = 197;
INSERT INTO "monitoredBy" VALUES (197, 193);
INSERT INTO "TrackElement" ("id") VALUES (198);
INSERT INTO "Segment" ("id", "length") VALUES (198, 625);
UPDATE "TrackElement" SET "region" = 69 WHERE "id" = 198;
INSERT INTO "monitoredBy" VALUES (198, 193);
INSERT INTO "Sensor" ("id") VALUES (199);
UPDATE "Sensor" SET "region" = 69 WHERE "id" = 199;
INSERT INTO "monitoredBy" VALUES (174, 199);
INSERT INTO "requires" VALUES (68, 199);
INSERT INTO "TrackElement" ("id") VALUES (200);
INSERT INTO "Segment" ("id", "length") VALUES (200, -21);
UPDATE "TrackElement" SET "region" = 69 WHERE "id" = 200;
INSERT INTO "monitoredBy" VALUES (200, 199);
INSERT INTO "TrackElement" ("id") VALUES (201);
INSERT INTO "Segment" ("id", "length") VALUES (201, 111);
UPDATE "TrackElement" SET "region" = 69 WHERE "id" = 201;
INSERT INTO "monitoredBy" VALUES (201, 199);
INSERT INTO "TrackElement" ("id") VALUES (202);
INSERT INTO "Segment" ("id", "length") VALUES (202, 578);
UPDATE "TrackElement" SET "region" = 69 WHERE "id" = 202;
INSERT INTO "monitoredBy" VALUES (202, 199);
INSERT INTO "TrackElement" ("id") VALUES (203);
INSERT INTO "Segment" ("id", "length") VALUES (203, 757);
UPDATE "TrackElement" SET "region" = 69 WHERE "id" = 203;
INSERT INTO "monitoredBy" VALUES (203, 199);
INSERT INTO "TrackElement" ("id") VALUES (204);
INSERT INTO "Segment" ("id", "length") VALUES (204, 893);
UPDATE "TrackElement" SET "region" = 69 WHERE "id" = 204;
INSERT INTO "monitoredBy" VALUES (204, 199);
INSERT INTO "Sensor" ("id") VALUES (205);
UPDATE "Sensor" SET "region" = 69 WHERE "id" = 205;
INSERT INTO "monitoredBy" VALUES (174, 205);
INSERT INTO "requires" VALUES (68, 205);
INSERT INTO "TrackElement" ("id") VALUES (206);
INSERT INTO "Segment" ("id", "length") VALUES (206, 711);
UPDATE "TrackElement" SET "region" = 69 WHERE "id" = 206;
INSERT INTO "monitoredBy" VALUES (206, 205);
INSERT INTO "TrackElement" ("id") VALUES (207);
INSERT INTO "Segment" ("id", "length") VALUES (207, 227);
UPDATE "TrackElement" SET "region" = 69 WHERE "id" = 207;
INSERT INTO "monitoredBy" VALUES (207, 205);
INSERT INTO "TrackElement" ("id") VALUES (208);
INSERT INTO "Segment" ("id", "length") VALUES (208, 740);
UPDATE "TrackElement" SET "region" = 69 WHERE "id" = 208;
INSERT INTO "monitoredBy" VALUES (208, 205);
INSERT INTO "TrackElement" ("id") VALUES (209);
INSERT INTO "Segment" ("id", "length") VALUES (209, 145);
UPDATE "TrackElement" SET "region" = 69 WHERE "id" = 209;
INSERT INTO "monitoredBy" VALUES (209, 205);
INSERT INTO "TrackElement" ("id") VALUES (210);
INSERT INTO "Segment" ("id", "length") VALUES (210, 242);
UPDATE "TrackElement" SET "region" = 69 WHERE "id" = 210;
INSERT INTO "monitoredBy" VALUES (210, 205);
INSERT INTO "SwitchPosition" ("id", "position", "target") VALUES (211, 2, 174);
UPDATE "SwitchPosition" SET "route" = 68 WHERE "id" = 211;
INSERT INTO "connectsTo" VALUES (70, 72);
INSERT INTO "connectsTo" VALUES (72, 73);
INSERT INTO "connectsTo" VALUES (73, 74);
INSERT INTO "connectsTo" VALUES (74, 75);
INSERT INTO "connectsTo" VALUES (75, 76);
INSERT INTO "connectsTo" VALUES (76, 78);
INSERT INTO "connectsTo" VALUES (78, 79);
INSERT INTO "connectsTo" VALUES (79, 80);
INSERT INTO "connectsTo" VALUES (80, 81);
INSERT INTO "connectsTo" VALUES (81, 82);
INSERT INTO "connectsTo" VALUES (82, 84);
INSERT INTO "connectsTo" VALUES (84, 85);
INSERT INTO "connectsTo" VALUES (85, 86);
INSERT INTO "connectsTo" VALUES (86, 87);
INSERT INTO "connectsTo" VALUES (87, 88);
INSERT INTO "connectsTo" VALUES (88, 90);
INSERT INTO "connectsTo" VALUES (90, 91);
INSERT INTO "connectsTo" VALUES (91, 92);
INSERT INTO "connectsTo" VALUES (92, 93);
INSERT INTO "connectsTo" VALUES (93, 94);
INSERT INTO "connectsTo" VALUES (94, 96);
INSERT INTO "connectsTo" VALUES (96, 97);
INSERT INTO "connectsTo" VALUES (97, 98);
INSERT INTO "connectsTo" VALUES (98, 99);
INSERT INTO "connectsTo" VALUES (99, 100);
INSERT INTO "connectsTo" VALUES (100, 102);
INSERT INTO "connectsTo" VALUES (102, 103);
INSERT INTO "connectsTo" VALUES (103, 104);
INSERT INTO "connectsTo" VALUES (104, 105);
INSERT INTO "connectsTo" VALUES (105, 106);
INSERT INTO "connectsTo" VALUES (106, 108);
INSERT INTO "connectsTo" VALUES (108, 109);
INSERT INTO "connectsTo" VALUES (109, 110);
INSERT INTO "connectsTo" VALUES (110, 111);
INSERT INTO "connectsTo" VALUES (111, 112);
INSERT INTO "connectsTo" VALUES (112, 114);
INSERT INTO "connectsTo" VALUES (114, 116);
INSERT INTO "connectsTo" VALUES (116, 117);
INSERT INTO "connectsTo" VALUES (117, 118);
INSERT INTO "connectsTo" VALUES (118, 119);
INSERT INTO "connectsTo" VALUES (119, 120);
INSERT INTO "connectsTo" VALUES (120, 122);
INSERT INTO "connectsTo" VALUES (122, 123);
INSERT INTO "connectsTo" VALUES (123, 124);
INSERT INTO "connectsTo" VALUES (124, 125);
INSERT INTO "connectsTo" VALUES (125, 126);
INSERT INTO "connectsTo" VALUES (126, 127);
INSERT INTO "connectsTo" VALUES (127, 129);
INSERT INTO "connectsTo" VALUES (129, 130);
INSERT INTO "connectsTo" VALUES (130, 131);
INSERT INTO "connectsTo" VALUES (131, 132);
INSERT INTO "connectsTo" VALUES (132, 133);
INSERT INTO "connectsTo" VALUES (133, 134);
INSERT INTO "connectsTo" VALUES (134, 136);
INSERT INTO "connectsTo" VALUES (136, 138);
INSERT INTO "connectsTo" VALUES (138, 139);
INSERT INTO "connectsTo" VALUES (139, 140);
INSERT INTO "connectsTo" VALUES (140, 141);
INSERT INTO "connectsTo" VALUES (141, 142);
INSERT INTO "connectsTo" VALUES (142, 144);
INSERT INTO "connectsTo" VALUES (144, 145);
INSERT INTO "connectsTo" VALUES (145, 146);
INSERT INTO "connectsTo" VALUES (146, 147);
INSERT INTO "connectsTo" VALUES (147, 148);
INSERT INTO "connectsTo" VALUES (148, 150);
INSERT INTO "connectsTo" VALUES (150, 151);
INSERT INTO "connectsTo" VALUES (151, 152);
INSERT INTO "connectsTo" VALUES (152, 153);
INSERT INTO "connectsTo" VALUES (153, 154);
INSERT INTO "connectsTo" VALUES (154, 156);
INSERT INTO "connectsTo" VALUES (156, 157);
INSERT INTO "connectsTo" VALUES (157, 158);
INSERT INTO "connectsTo" VALUES (158, 159);
INSERT INTO "connectsTo" VALUES (159, 160);
INSERT INTO "connectsTo" VALUES (160, 162);
INSERT INTO "connectsTo" VALUES (162, 163);
INSERT INTO "connectsTo" VALUES (163, 164);
INSERT INTO "connectsTo" VALUES (164, 165);
INSERT INTO "connectsTo" VALUES (165, 166);
INSERT INTO "connectsTo" VALUES (166, 168);
INSERT INTO "connectsTo" VALUES (168, 169);
INSERT INTO "connectsTo" VALUES (169, 170);
INSERT INTO "connectsTo" VALUES (170, 171);
INSERT INTO "connectsTo" VALUES (171, 172);
INSERT INTO "connectsTo" VALUES (172, 174);
INSERT INTO "connectsTo" VALUES (174, 176);
INSERT INTO "connectsTo" VALUES (176, 177);
INSERT INTO "connectsTo" VALUES (177, 178);
INSERT INTO "connectsTo" VALUES (178, 179);
INSERT INTO "connectsTo" VALUES (179, 180);
INSERT INTO "connectsTo" VALUES (180, 182);
INSERT INTO "connectsTo" VALUES (182, 183);
INSERT INTO "connectsTo" VALUES (183, 184);
INSERT INTO "connectsTo" VALUES (184, 185);
INSERT INTO "connectsTo" VALUES (185, 186);
INSERT INTO "connectsTo" VALUES (186, 188);
INSERT INTO "connectsTo" VALUES (188, 189);
INSERT INTO "connectsTo" VALUES (189, 190);
INSERT INTO "connectsTo" VALUES (190, 191);
INSERT INTO "connectsTo" VALUES (191, 192);
INSERT INTO "connectsTo" VALUES (192, 194);
INSERT INTO "connectsTo" VALUES (194, 195);
INSERT INTO "connectsTo" VALUES (195, 196);
INSERT INTO "connectsTo" VALUES (196, 197);
INSERT INTO "connectsTo" VALUES (197, 198);
INSERT INTO "connectsTo" VALUES (198, 200);
INSERT INTO "connectsTo" VALUES (200, 201);
INSERT INTO "connectsTo" VALUES (201, 202);
INSERT INTO "connectsTo" VALUES (202, 203);
INSERT INTO "connectsTo" VALUES (203, 204);
INSERT INTO "connectsTo" VALUES (204, 206);
INSERT INTO "connectsTo" VALUES (206, 207);
INSERT INTO "connectsTo" VALUES (207, 208);
INSERT INTO "connectsTo" VALUES (208, 209);
INSERT INTO "connectsTo" VALUES (209, 210);
INSERT INTO "connectsTo" VALUES (65, 70);
INSERT INTO "Semaphore" ("id", "signal") VALUES (212, 2);
INSERT INTO "Route" ("id", "active", "entry", "exit") VALUES (213, 1, NULL, 212);
INSERT INTO "Region" ("id") VALUES (214);
INSERT INTO "TrackElement" ("id") VALUES (215);
INSERT INTO "Switch" ("id", "currentPosition") VALUES (215, 2);
UPDATE "TrackElement" SET "region" = 214 WHERE "id" = 215;
INSERT INTO "Sensor" ("id") VALUES (216);
UPDATE "Sensor" SET "region" = 214 WHERE "id" = 216;
INSERT INTO "monitoredBy" VALUES (215, 216);
INSERT INTO "requires" VALUES (213, 216);
INSERT INTO "TrackElement" ("id") VALUES (217);
INSERT INTO "Segment" ("id", "length") VALUES (217, 789);
UPDATE "TrackElement" SET "region" = 214 WHERE "id" = 217;
INSERT INTO "monitoredBy" VALUES (217, 216);
UPDATE "Semaphore" SET "segment" = 217 WHERE "id" = 212;
INSERT INTO "TrackElement" ("id") VALUES (218);
INSERT INTO "Segment" ("id", "length") VALUES (218, 840);
UPDATE "TrackElement" SET "region" = 214 WHERE "id" = 218;
INSERT INTO "monitoredBy" VALUES (218, 216);
INSERT INTO "TrackElement" ("id") VALUES (219);
INSERT INTO "Segment" ("id", "length") VALUES (219, 456);
UPDATE "TrackElement" SET "region" = 214 WHERE "id" = 219;
INSERT INTO "monitoredBy" VALUES (219, 216);
INSERT INTO "TrackElement" ("id") VALUES (220);
INSERT INTO "Segment" ("id", "length") VALUES (220, 284);
UPDATE "TrackElement" SET "region" = 214 WHERE "id" = 220;
INSERT INTO "monitoredBy" VALUES (220, 216);
INSERT INTO "TrackElement" ("id") VALUES (221);
INSERT INTO "Segment" ("id", "length") VALUES (221, 434);
UPDATE "TrackElement" SET "region" = 214 WHERE "id" = 221;
INSERT INTO "monitoredBy" VALUES (221, 216);
INSERT INTO "Sensor" ("id") VALUES (222);
UPDATE "Sensor" SET "region" = 214 WHERE "id" = 222;
INSERT INTO "monitoredBy" VALUES (215, 222);
INSERT INTO "requires" VALUES (213, 222);
INSERT INTO "TrackElement" ("id") VALUES (223);
INSERT INTO "Segment" ("id", "length") VALUES (223, 546);
UPDATE "TrackElement" SET "region" = 214 WHERE "id" = 223;
INSERT INTO "monitoredBy" VALUES (223, 222);
INSERT INTO "TrackElement" ("id") VALUES (224);
INSERT INTO "Segment" ("id", "length") VALUES (224, -611);
UPDATE "TrackElement" SET "region" = 214 WHERE "id" = 224;
INSERT INTO "monitoredBy" VALUES (224, 222);
INSERT INTO "TrackElement" ("id") VALUES (225);
INSERT INTO "Segment" ("id", "length") VALUES (225, 977);
UPDATE "TrackElement" SET "region" = 214 WHERE "id" = 225;
INSERT INTO "monitoredBy" VALUES (225, 222);
INSERT INTO "TrackElement" ("id") VALUES (226);
INSERT INTO "Segment" ("id", "length") VALUES (226, 801);
UPDATE "TrackElement" SET "region" = 214 WHERE "id" = 226;
INSERT INTO "monitoredBy" VALUES (226, 222);
INSERT INTO "TrackElement" ("id") VALUES (227);
INSERT INTO "Segment" ("id", "length") VALUES (227, 824);
UPDATE "TrackElement" SET "region" = 214 WHERE "id" = 227;
INSERT INTO "monitoredBy" VALUES (227, 222);
INSERT INTO "Sensor" ("id") VALUES (228);
UPDATE "Sensor" SET "region" = 214 WHERE "id" = 228;
INSERT INTO "monitoredBy" VALUES (215, 228);
INSERT INTO "requires" VALUES (213, 228);
INSERT INTO "TrackElement" ("id") VALUES (229);
INSERT INTO "Segment" ("id", "length") VALUES (229, 386);
UPDATE "TrackElement" SET "region" = 214 WHERE "id" = 229;
INSERT INTO "monitoredBy" VALUES (229, 228);
INSERT INTO "TrackElement" ("id") VALUES (230);
INSERT INTO "Segment" ("id", "length") VALUES (230, -393);
UPDATE "TrackElement" SET "region" = 214 WHERE "id" = 230;
INSERT INTO "monitoredBy" VALUES (230, 228);
INSERT INTO "TrackElement" ("id") VALUES (231);
INSERT INTO "Segment" ("id", "length") VALUES (231, 769);
UPDATE "TrackElement" SET "region" = 214 WHERE "id" = 231;
INSERT INTO "monitoredBy" VALUES (231, 228);
INSERT INTO "TrackElement" ("id") VALUES (232);
INSERT INTO "Segment" ("id", "length") VALUES (232, 608);
UPDATE "TrackElement" SET "region" = 214 WHERE "id" = 232;
INSERT INTO "monitoredBy" VALUES (232, 228);
INSERT INTO "TrackElement" ("id") VALUES (233);
INSERT INTO "Segment" ("id", "length") VALUES (233, 380);
UPDATE "TrackElement" SET "region" = 214 WHERE "id" = 233;
INSERT INTO "monitoredBy" VALUES (233, 228);
INSERT INTO "Sensor" ("id") VALUES (234);
UPDATE "Sensor" SET "region" = 214 WHERE "id" = 234;
INSERT INTO "monitoredBy" VALUES (215, 234);
INSERT INTO "requires" VALUES (213, 234);
INSERT INTO "TrackElement" ("id") VALUES (235);
INSERT INTO "Segment" ("id", "length") VALUES (235, 829);
UPDATE "TrackElement" SET "region" = 214 WHERE "id" = 235;
INSERT INTO "monitoredBy" VALUES (235, 234);
INSERT INTO "TrackElement" ("id") VALUES (236);
INSERT INTO "Segment" ("id", "length") VALUES (236, 230);
UPDATE "TrackElement" SET "region" = 214 WHERE "id" = 236;
INSERT INTO "monitoredBy" VALUES (236, 234);
INSERT INTO "TrackElement" ("id") VALUES (237);
INSERT INTO "Segment" ("id", "length") VALUES (237, -617);
UPDATE "TrackElement" SET "region" = 214 WHERE "id" = 237;
INSERT INTO "monitoredBy" VALUES (237, 234);
INSERT INTO "TrackElement" ("id") VALUES (238);
INSERT INTO "Segment" ("id", "length") VALUES (238, 609);
UPDATE "TrackElement" SET "region" = 214 WHERE "id" = 238;
INSERT INTO "monitoredBy" VALUES (238, 234);
INSERT INTO "TrackElement" ("id") VALUES (239);
INSERT INTO "Segment" ("id", "length") VALUES (239, -618);
UPDATE "TrackElement" SET "region" = 214 WHERE "id" = 239;
INSERT INTO "monitoredBy" VALUES (239, 234);
INSERT INTO "Sensor" ("id") VALUES (240);
UPDATE "Sensor" SET "region" = 214 WHERE "id" = 240;
INSERT INTO "monitoredBy" VALUES (215, 240);
INSERT INTO "TrackElement" ("id") VALUES (241);
INSERT INTO "Segment" ("id", "length") VALUES (241, 486);
UPDATE "TrackElement" SET "region" = 214 WHERE "id" = 241;
INSERT INTO "monitoredBy" VALUES (241, 240);
INSERT INTO "TrackElement" ("id") VALUES (242);
INSERT INTO "Segment" ("id", "length") VALUES (242, 181);
UPDATE "TrackElement" SET "region" = 214 WHERE "id" = 242;
INSERT INTO "monitoredBy" VALUES (242, 240);
INSERT INTO "TrackElement" ("id") VALUES (243);
INSERT INTO "Segment" ("id", "length") VALUES (243, 921);
UPDATE "TrackElement" SET "region" = 214 WHERE "id" = 243;
INSERT INTO "monitoredBy" VALUES (243, 240);
INSERT INTO "TrackElement" ("id") VALUES (244);
INSERT INTO "Segment" ("id", "length") VALUES (244, 54);
UPDATE "TrackElement" SET "region" = 214 WHERE "id" = 244;
INSERT INTO "monitoredBy" VALUES (244, 240);
INSERT INTO "TrackElement" ("id") VALUES (245);
INSERT INTO "Segment" ("id", "length") VALUES (245, 329);
UPDATE "TrackElement" SET "region" = 214 WHERE "id" = 245;
INSERT INTO "monitoredBy" VALUES (245, 240);
INSERT INTO "Sensor" ("id") VALUES (246);
UPDATE "Sensor" SET "region" = 214 WHERE "id" = 246;
INSERT INTO "monitoredBy" VALUES (215, 246);
INSERT INTO "requires" VALUES (213, 246);
INSERT INTO "TrackElement" ("id") VALUES (247);
INSERT INTO "Segment" ("id", "length") VALUES (247, 745);
UPDATE "TrackElement" SET "region" = 214 WHERE "id" = 247;
INSERT INTO "monitoredBy" VALUES (247, 246);
INSERT INTO "TrackElement" ("id") VALUES (248);
INSERT INTO "Segment" ("id", "length") VALUES (248, -701);
UPDATE "TrackElement" SET "region" = 214 WHERE "id" = 248;
INSERT INTO "monitoredBy" VALUES (248, 246);
INSERT INTO "TrackElement" ("id") VALUES (249);
INSERT INTO "Segment" ("id", "length") VALUES (249, 322);
UPDATE "TrackElement" SET "region" = 214 WHERE "id" = 249;
INSERT INTO "monitoredBy" VALUES (249, 246);
INSERT INTO "TrackElement" ("id") VALUES (250);
INSERT INTO "Segment" ("id", "length") VALUES (250, 763);
UPDATE "TrackElement" SET "region" = 214 WHERE "id" = 250;
INSERT INTO "monitoredBy" VALUES (250, 246);
INSERT INTO "TrackElement" ("id") VALUES (251);
INSERT INTO "Segment" ("id", "length") VALUES (251, 369);
UPDATE "TrackElement" SET "region" = 214 WHERE "id" = 251;
INSERT INTO "monitoredBy" VALUES (251, 246);
INSERT INTO "Sensor" ("id") VALUES (252);
UPDATE "Sensor" SET "region" = 214 WHERE "id" = 252;
INSERT INTO "monitoredBy" VALUES (215, 252);
INSERT INTO "requires" VALUES (213, 252);
INSERT INTO "TrackElement" ("id") VALUES (253);
INSERT INTO "Segment" ("id", "length") VALUES (253, 890);
UPDATE "TrackElement" SET "region" = 214 WHERE "id" = 253;
INSERT INTO "monitoredBy" VALUES (253, 252);
INSERT INTO "TrackElement" ("id") VALUES (254);
INSERT INTO "Segment" ("id", "length") VALUES (254, 591);
UPDATE "TrackElement" SET "region" = 214 WHERE "id" = 254;
INSERT INTO "monitoredBy" VALUES (254, 252);
INSERT INTO "TrackElement" ("id") VALUES (255);
INSERT INTO "Segment" ("id", "length") VALUES (255, 736);
UPDATE "TrackElement" SET "region" = 214 WHERE "id" = 255;
INSERT INTO "monitoredBy" VALUES (255, 252);
INSERT INTO "TrackElement" ("id") VALUES (256);
INSERT INTO "Segment" ("id", "length") VALUES (256, 547);
UPDATE "TrackElement" SET "region" = 214 WHERE "id" = 256;
INSERT INTO "monitoredBy" VALUES (256, 252);
INSERT INTO "TrackElement" ("id") VALUES (257);
INSERT INTO "Segment" ("id", "length") VALUES (257, 836);
UPDATE "TrackElement" SET "region" = 214 WHERE "id" = 257;
INSERT INTO "monitoredBy" VALUES (257, 252);
INSERT INTO "Sensor" ("id") VALUES (258);
UPDATE "Sensor" SET "region" = 214 WHERE "id" = 258;
INSERT INTO "monitoredBy" VALUES (215, 258);
INSERT INTO "requires" VALUES (213, 258);
INSERT INTO "TrackElement" ("id") VALUES (259);
INSERT INTO "Segment" ("id", "length") VALUES (259, 257);
UPDATE "TrackElement" SET "region" = 214 WHERE "id" = 259;
INSERT INTO "monitoredBy" VALUES (259, 258);
INSERT INTO "TrackElement" ("id") VALUES (260);
INSERT INTO "Segment" ("id", "length") VALUES (260, 746);
UPDATE "TrackElement" SET "region" = 214 WHERE "id" = 260;
INSERT INTO "monitoredBy" VALUES (260, 258);
INSERT INTO "TrackElement" ("id") VALUES (261);
INSERT INTO "Segment" ("id", "length") VALUES (261, 488);
UPDATE "TrackElement" SET "region" = 214 WHERE "id" = 261;
INSERT INTO "monitoredBy" VALUES (261, 258);
INSERT INTO "TrackElement" ("id") VALUES (262);
INSERT INTO "Segment" ("id", "length") VALUES (262, 830);
UPDATE "TrackElement" SET "region" = 214 WHERE "id" = 262;
INSERT INTO "monitoredBy" VALUES (262, 258);
INSERT INTO "TrackElement" ("id") VALUES (263);
INSERT INTO "Segment" ("id", "length") VALUES (263, 366);
UPDATE "TrackElement" SET "region" = 214 WHERE "id" = 263;
INSERT INTO "monitoredBy" VALUES (263, 258);
INSERT INTO "Sensor" ("id") VALUES (264);
UPDATE "Sensor" SET "region" = 214 WHERE "id" = 264;
INSERT INTO "monitoredBy" VALUES (215, 264);
INSERT INTO "requires" VALUES (213, 264);
INSERT INTO "TrackElement" ("id") VALUES (265);
INSERT INTO "Segment" ("id", "length") VALUES (265, 754);
UPDATE "TrackElement" SET "region" = 214 WHERE "id" = 265;
INSERT INTO "monitoredBy" VALUES (265, 264);
INSERT INTO "TrackElement" ("id") VALUES (266);
INSERT INTO "Segment" ("id", "length") VALUES (266, 638);
UPDATE "TrackElement" SET "region" = 214 WHERE "id" = 266;
INSERT INTO "monitoredBy" VALUES (266, 264);
INSERT INTO "TrackElement" ("id") VALUES (267);
INSERT INTO "Segment" ("id", "length") VALUES (267, 214);
UPDATE "TrackElement" SET "region" = 214 WHERE "id" = 267;
INSERT INTO "monitoredBy" VALUES (267, 264);
INSERT INTO "TrackElement" ("id") VALUES (268);
INSERT INTO "Segment" ("id", "length") VALUES (268, 102);
UPDATE "TrackElement" SET "region" = 214 WHERE "id" = 268;
INSERT INTO "monitoredBy" VALUES (268, 264);
INSERT INTO "TrackElement" ("id") VALUES (269);
INSERT INTO "Segment" ("id", "length") VALUES (269, 985);
UPDATE "TrackElement" SET "region" = 214 WHERE "id" = 269;
INSERT INTO "monitoredBy" VALUES (269, 264);
INSERT INTO "SwitchPosition" ("id", "position", "target") VALUES (270, 2, 215);
UPDATE "SwitchPosition" SET "route" = 213 WHERE "id" = 270;
INSERT INTO "TrackElement" ("id") VALUES (271);
INSERT INTO "Switch" ("id", "currentPosition") VALUES (271, 1);
UPDATE "TrackElement" SET "region" = 214 WHERE "id" = 271;
INSERT INTO "Sensor" ("id") VALUES (272);
UPDATE "Sensor" SET "region" = 214 WHERE "id" = 272;
INSERT INTO "monitoredBy" VALUES (271, 272);
INSERT INTO "requires" VALUES (213, 272);
INSERT INTO "TrackElement" ("id") VALUES (273);
INSERT INTO "Segment" ("id", "length") VALUES (273, 517);
UPDATE "TrackElement" SET "region" = 214 WHERE "id" = 273;
INSERT INTO "monitoredBy" VALUES (273, 272);
INSERT INTO "TrackElement" ("id") VALUES (274);
INSERT INTO "Segment" ("id", "length") VALUES (274, -300);
UPDATE "TrackElement" SET "region" = 214 WHERE "id" = 274;
INSERT INTO "monitoredBy" VALUES (274, 272);
INSERT INTO "TrackElement" ("id") VALUES (275);
INSERT INTO "Segment" ("id", "length") VALUES (275, 785);
UPDATE "TrackElement" SET "region" = 214 WHERE "id" = 275;
INSERT INTO "monitoredBy" VALUES (275, 272);
INSERT INTO "TrackElement" ("id") VALUES (276);
INSERT INTO "Segment" ("id", "length") VALUES (276, 593);
UPDATE "TrackElement" SET "region" = 214 WHERE "id" = 276;
INSERT INTO "monitoredBy" VALUES (276, 272);
INSERT INTO "TrackElement" ("id") VALUES (277);
INSERT INTO "Segment" ("id", "length") VALUES (277, 566);
UPDATE "TrackElement" SET "region" = 214 WHERE "id" = 277;
INSERT INTO "monitoredBy" VALUES (277, 272);
INSERT INTO "Sensor" ("id") VALUES (278);
UPDATE "Sensor" SET "region" = 214 WHERE "id" = 278;
INSERT INTO "monitoredBy" VALUES (271, 278);
INSERT INTO "TrackElement" ("id") VALUES (279);
INSERT INTO "Segment" ("id", "length") VALUES (279, 570);
UPDATE "TrackElement" SET "region" = 214 WHERE "id" = 279;
INSERT INTO "monitoredBy" VALUES (279, 278);
INSERT INTO "TrackElement" ("id") VALUES (280);
INSERT INTO "Segment" ("id", "length") VALUES (280, 386);
UPDATE "TrackElement" SET "region" = 214 WHERE "id" = 280;
INSERT INTO "monitoredBy" VALUES (280, 278);
INSERT INTO "TrackElement" ("id") VALUES (281);
INSERT INTO "Segment" ("id", "length") VALUES (281, 949);
UPDATE "TrackElement" SET "region" = 214 WHERE "id" = 281;
INSERT INTO "monitoredBy" VALUES (281, 278);
INSERT INTO "TrackElement" ("id") VALUES (282);
INSERT INTO "Segment" ("id", "length") VALUES (282, 462);
UPDATE "TrackElement" SET "region" = 214 WHERE "id" = 282;
INSERT INTO "monitoredBy" VALUES (282, 278);
INSERT INTO "TrackElement" ("id") VALUES (283);
INSERT INTO "Segment" ("id", "length") VALUES (283, 158);
UPDATE "TrackElement" SET "region" = 214 WHERE "id" = 283;
INSERT INTO "monitoredBy" VALUES (283, 278);
INSERT INTO "SwitchPosition" ("id", "position", "target") VALUES (284, 1, 271);
UPDATE "SwitchPosition" SET "route" = 213 WHERE "id" = 284;
INSERT INTO "TrackElement" ("id") VALUES (285);
INSERT INTO "Switch" ("id", "currentPosition") VALUES (285, 2);
UPDATE "TrackElement" SET "region" = 214 WHERE "id" = 285;
INSERT INTO "Sensor" ("id") VALUES (286);
UPDATE "Sensor" SET "region" = 214 WHERE "id" = 286;
INSERT INTO "monitoredBy" VALUES (285, 286);
INSERT INTO "requires" VALUES (213, 286);
INSERT INTO "TrackElement" ("id") VALUES (287);
INSERT INTO "Segment" ("id", "length") VALUES (287, 657);
UPDATE "TrackElement" SET "region" = 214 WHERE "id" = 287;
INSERT INTO "monitoredBy" VALUES (287, 286);
INSERT INTO "TrackElement" ("id") VALUES (288);
INSERT INTO "Segment" ("id", "length") VALUES (288, -695);
UPDATE "TrackElement" SET "region" = 214 WHERE "id" = 288;
INSERT INTO "monitoredBy" VALUES (288, 286);
INSERT INTO "TrackElement" ("id") VALUES (289);
INSERT INTO "Segment" ("id", "length") VALUES (289, 931);
UPDATE "TrackElement" SET "region" = 214 WHERE "id" = 289;
INSERT INTO "monitoredBy" VALUES (289, 286);
INSERT INTO "TrackElement" ("id") VALUES (290);
INSERT INTO "Segment" ("id", "length") VALUES (290, 225);
UPDATE "TrackElement" SET "region" = 214 WHERE "id" = 290;
INSERT INTO "monitoredBy" VALUES (290, 286);
INSERT INTO "TrackElement" ("id") VALUES (291);
INSERT INTO "Segment" ("id", "length") VALUES (291, 119);
UPDATE "TrackElement" SET "region" = 214 WHERE "id" = 291;
INSERT INTO "monitoredBy" VALUES (291, 286);
INSERT INTO "Sensor" ("id") VALUES (292);
UPDATE "Sensor" SET "region" = 214 WHERE "id" = 292;
INSERT INTO "monitoredBy" VALUES (285, 292);
INSERT INTO "requires" VALUES (213, 292);
INSERT INTO "TrackElement" ("id") VALUES (293);
INSERT INTO "Segment" ("id", "length") VALUES (293, -997);
UPDATE "TrackElement" SET "region" = 214 WHERE "id" = 293;
INSERT INTO "monitoredBy" VALUES (293, 292);
INSERT INTO "TrackElement" ("id") VALUES (294);
INSERT INTO "Segment" ("id", "length") VALUES (294, -340);
UPDATE "TrackElement" SET "region" = 214 WHERE "id" = 294;
INSERT INTO "monitoredBy" VALUES (294, 292);
INSERT INTO "TrackElement" ("id") VALUES (295);
INSERT INTO "Segment" ("id", "length") VALUES (295, 490);
UPDATE "TrackElement" SET "region" = 214 WHERE "id" = 295;
INSERT INTO "monitoredBy" VALUES (295, 292);
INSERT INTO "TrackElement" ("id") VALUES (296);
INSERT INTO "Segment" ("id", "length") VALUES (296, 986);
UPDATE "TrackElement" SET "region" = 214 WHERE "id" = 296;
INSERT INTO "monitoredBy" VALUES (296, 292);
INSERT INTO "TrackElement" ("id") VALUES (297);
INSERT INTO "Segment" ("id", "length") VALUES (297, 392);
UPDATE "TrackElement" SET "region" = 214 WHERE "id" = 297;
INSERT INTO "monitoredBy" VALUES (297, 292);
INSERT INTO "Sensor" ("id") VALUES (298);
UPDATE "Sensor" SET "region" = 214 WHERE "id" = 298;
INSERT INTO "monitoredBy" VALUES (285, 298);
INSERT INTO "requires" VALUES (213, 298);
INSERT INTO "TrackElement" ("id") VALUES (299);
INSERT INTO "Segment" ("id", "length") VALUES (299, 798);
UPDATE "TrackElement" SET "region" = 214 WHERE "id" = 299;
INSERT INTO "monitoredBy" VALUES (299, 298);
INSERT INTO "TrackElement" ("id") VALUES (300);
INSERT INTO "Segment" ("id", "length") VALUES (300, 782);
UPDATE "TrackElement" SET "region" = 214 WHERE "id" = 300;
INSERT INTO "monitoredBy" VALUES (300, 298);
INSERT INTO "TrackElement" ("id") VALUES (301);
INSERT INTO "Segment" ("id", "length") VALUES (301, 480);
UPDATE "TrackElement" SET "region" = 214 WHERE "id" = 301;
INSERT INTO "monitoredBy" VALUES (301, 298);
INSERT INTO "TrackElement" ("id") VALUES (302);
INSERT INTO "Segment" ("id", "length") VALUES (302, 212);
UPDATE "TrackElement" SET "region" = 214 WHERE "id" = 302;
INSERT INTO "monitoredBy" VALUES (302, 298);
INSERT INTO "TrackElement" ("id") VALUES (303);
INSERT INTO "Segment" ("id", "length") VALUES (303, 214);
UPDATE "TrackElement" SET "region" = 214 WHERE "id" = 303;
INSERT INTO "monitoredBy" VALUES (303, 298);
INSERT INTO "SwitchPosition" ("id", "position", "target") VALUES (304, 2, 285);
UPDATE "SwitchPosition" SET "route" = 213 WHERE "id" = 304;
INSERT INTO "TrackElement" ("id") VALUES (305);
INSERT INTO "Switch" ("id", "currentPosition") VALUES (305, 0);
UPDATE "TrackElement" SET "region" = 214 WHERE "id" = 305;
INSERT INTO "Sensor" ("id") VALUES (306);
UPDATE "Sensor" SET "region" = 214 WHERE "id" = 306;
INSERT INTO "monitoredBy" VALUES (305, 306);
INSERT INTO "requires" VALUES (213, 306);
INSERT INTO "TrackElement" ("id") VALUES (307);
INSERT INTO "Segment" ("id", "length") VALUES (307, 907);
UPDATE "TrackElement" SET "region" = 214 WHERE "id" = 307;
INSERT INTO "monitoredBy" VALUES (307, 306);
INSERT INTO "TrackElement" ("id") VALUES (308);
INSERT INTO "Segment" ("id", "length") VALUES (308, 617);
UPDATE "TrackElement" SET "region" = 214 WHERE "id" = 308;
INSERT INTO "monitoredBy" VALUES (308, 306);
INSERT INTO "TrackElement" ("id") VALUES (309);
INSERT INTO "Segment" ("id", "length") VALUES (309, 118);
UPDATE "TrackElement" SET "region" = 214 WHERE "id" = 309;
INSERT INTO "monitoredBy" VALUES (309, 306);
INSERT INTO "TrackElement" ("id") VALUES (310);
INSERT INTO "Segment" ("id", "length") VALUES (310, 772);
UPDATE "TrackElement" SET "region" = 214 WHERE "id" = 310;
INSERT INTO "monitoredBy" VALUES (310, 306);
INSERT INTO "TrackElement" ("id") VALUES (311);
INSERT INTO "Segment" ("id", "length") VALUES (311, 533);
UPDATE "TrackElement" SET "region" = 214 WHERE "id" = 311;
INSERT INTO "monitoredBy" VALUES (311, 306);
INSERT INTO "SwitchPosition" ("id", "position", "target") VALUES (312, 0, 305);
UPDATE "SwitchPosition" SET "route" = 213 WHERE "id" = 312;
INSERT INTO "TrackElement" ("id") VALUES (313);
INSERT INTO "Switch" ("id", "currentPosition") VALUES (313, 0);
UPDATE "TrackElement" SET "region" = 214 WHERE "id" = 313;
INSERT INTO "Sensor" ("id") VALUES (314);
UPDATE "Sensor" SET "region" = 214 WHERE "id" = 314;
INSERT INTO "monitoredBy" VALUES (313, 314);
INSERT INTO "requires" VALUES (213, 314);
INSERT INTO "TrackElement" ("id") VALUES (315);
INSERT INTO "Segment" ("id", "length") VALUES (315, 981);
UPDATE "TrackElement" SET "region" = 214 WHERE "id" = 315;
INSERT INTO "monitoredBy" VALUES (315, 314);
INSERT INTO "TrackElement" ("id") VALUES (316);
INSERT INTO "Segment" ("id", "length") VALUES (316, 510);
UPDATE "TrackElement" SET "region" = 214 WHERE "id" = 316;
INSERT INTO "monitoredBy" VALUES (316, 314);
INSERT INTO "TrackElement" ("id") VALUES (317);
INSERT INTO "Segment" ("id", "length") VALUES (317, 186);
UPDATE "TrackElement" SET "region" = 214 WHERE "id" = 317;
INSERT INTO "monitoredBy" VALUES (317, 314);
INSERT INTO "TrackElement" ("id") VALUES (318);
INSERT INTO "Segment" ("id", "length") VALUES (318, -296);
UPDATE "TrackElement" SET "region" = 214 WHERE "id" = 318;
INSERT INTO "monitoredBy" VALUES (318, 314);
INSERT INTO "TrackElement" ("id") VALUES (319);
INSERT INTO "Segment" ("id", "length") VALUES (319, 324);
UPDATE "TrackElement" SET "region" = 214 WHERE "id" = 319;
INSERT INTO "monitoredBy" VALUES (319, 314);
INSERT INTO "Sensor" ("id") VALUES (320);
UPDATE "Sensor" SET "region" = 214 WHERE "id" = 320;
INSERT INTO "monitoredBy" VALUES (313, 320);
INSERT INTO "requires" VALUES (213, 320);
INSERT INTO "TrackElement" ("id") VALUES (321);
INSERT INTO "Segment" ("id", "length") VALUES (321, 372);
UPDATE "TrackElement" SET "region" = 214 WHERE "id" = 321;
INSERT INTO "monitoredBy" VALUES (321, 320);
INSERT INTO "TrackElement" ("id") VALUES (322);
INSERT INTO "Segment" ("id", "length") VALUES (322, 881);
UPDATE "TrackElement" SET "region" = 214 WHERE "id" = 322;
INSERT INTO "monitoredBy" VALUES (322, 320);
INSERT INTO "TrackElement" ("id") VALUES (323);
INSERT INTO "Segment" ("id", "length") VALUES (323, 219);
UPDATE "TrackElement" SET "region" = 214 WHERE "id" = 323;
INSERT INTO "monitoredBy" VALUES (323, 320);
INSERT INTO "TrackElement" ("id") VALUES (324);
INSERT INTO "Segment" ("id", "length") VALUES (324, 740);
UPDATE "TrackElement" SET "region" = 214 WHERE "id" = 324;
INSERT INTO "monitoredBy" VALUES (324, 320);
INSERT INTO "TrackElement" ("id") VALUES (325);
INSERT INTO "Segment" ("id", "length") VALUES (325, 822);
UPDATE "TrackElement" SET "region" = 214 WHERE "id" = 325;
INSERT INTO "monitoredBy" VALUES (325, 320);
INSERT INTO "Sensor" ("id") VALUES (326);
UPDATE "Sensor" SET "region" = 214 WHERE "id" = 326;
INSERT INTO "monitoredBy" VALUES (313, 326);
INSERT INTO "requires" VALUES (213, 326);
INSERT INTO "TrackElement" ("id") VALUES (327);
INSERT INTO "Segment" ("id", "length") VALUES (327, 897);
UPDATE "TrackElement" SET "region" = 214 WHERE "id" = 327;
INSERT INTO "monitoredBy" VALUES (327, 326);
INSERT INTO "TrackElement" ("id") VALUES (328);
INSERT INTO "Segment" ("id", "length") VALUES (328, 521);
UPDATE "TrackElement" SET "region" = 214 WHERE "id" = 328;
INSERT INTO "monitoredBy" VALUES (328, 326);
INSERT INTO "TrackElement" ("id") VALUES (329);
INSERT INTO "Segment" ("id", "length") VALUES (329, 685);
UPDATE "TrackElement" SET "region" = 214 WHERE "id" = 329;
INSERT INTO "monitoredBy" VALUES (329, 326);
INSERT INTO "TrackElement" ("id") VALUES (330);
INSERT INTO "Segment" ("id", "length") VALUES (330, 750);
UPDATE "TrackElement" SET "region" = 214 WHERE "id" = 330;
INSERT INTO "monitoredBy" VALUES (330, 326);
INSERT INTO "TrackElement" ("id") VALUES (331);
INSERT INTO "Segment" ("id", "length") VALUES (331, 630);
UPDATE "TrackElement" SET "region" = 214 WHERE "id" = 331;
INSERT INTO "monitoredBy" VALUES (331, 326);
INSERT INTO "Sensor" ("id") VALUES (332);
UPDATE "Sensor" SET "region" = 214 WHERE "id" = 332;
INSERT INTO "TrackElement" ("id") VALUES (333);
INSERT INTO "Segment" ("id", "length") VALUES (333, 250);
UPDATE "TrackElement" SET "region" = 214 WHERE "id" = 333;
INSERT INTO "monitoredBy" VALUES (333, 332);
INSERT INTO "TrackElement" ("id") VALUES (334);
INSERT INTO "Segment" ("id", "length") VALUES (334, 809);
UPDATE "TrackElement" SET "region" = 214 WHERE "id" = 334;
INSERT INTO "monitoredBy" VALUES (334, 332);
INSERT INTO "TrackElement" ("id") VALUES (335);
INSERT INTO "Segment" ("id", "length") VALUES (335, 579);
UPDATE "TrackElement" SET "region" = 214 WHERE "id" = 335;
INSERT INTO "monitoredBy" VALUES (335, 332);
INSERT INTO "TrackElement" ("id") VALUES (336);
INSERT INTO "Segment" ("id", "length") VALUES (336, 77);
UPDATE "TrackElement" SET "region" = 214 WHERE "id" = 336;
INSERT INTO "monitoredBy" VALUES (336, 332);
INSERT INTO "TrackElement" ("id") VALUES (337);
INSERT INTO "Segment" ("id", "length") VALUES (337, 39);
UPDATE "TrackElement" SET "region" = 214 WHERE "id" = 337;
INSERT INTO "monitoredBy" VALUES (337, 332);
INSERT INTO "SwitchPosition" ("id", "position", "target") VALUES (338, 0, 313);
UPDATE "SwitchPosition" SET "route" = 213 WHERE "id" = 338;
INSERT INTO "TrackElement" ("id") VALUES (339);
INSERT INTO "Switch" ("id", "currentPosition") VALUES (339, 2);
UPDATE "TrackElement" SET "region" = 214 WHERE "id" = 339;
INSERT INTO "Sensor" ("id") VALUES (340);
UPDATE "Sensor" SET "region" = 214 WHERE "id" = 340;
INSERT INTO "TrackElement" ("id") VALUES (341);
INSERT INTO "Segment" ("id", "length") VALUES (341, 719);
UPDATE "TrackElement" SET "region" = 214 WHERE "id" = 341;
INSERT INTO "monitoredBy" VALUES (341, 340);
INSERT INTO "TrackElement" ("id") VALUES (342);
INSERT INTO "Segment" ("id", "length") VALUES (342, 91);
UPDATE "TrackElement" SET "region" = 214 WHERE "id" = 342;
INSERT INTO "monitoredBy" VALUES (342, 340);
INSERT INTO "TrackElement" ("id") VALUES (343);
INSERT INTO "Segment" ("id", "length") VALUES (343, -794);
UPDATE "TrackElement" SET "region" = 214 WHERE "id" = 343;
INSERT INTO "monitoredBy" VALUES (343, 340);
INSERT INTO "TrackElement" ("id") VALUES (344);
INSERT INTO "Segment" ("id", "length") VALUES (344, 963);
UPDATE "TrackElement" SET "region" = 214 WHERE "id" = 344;
INSERT INTO "monitoredBy" VALUES (344, 340);
INSERT INTO "TrackElement" ("id") VALUES (345);
INSERT INTO "Segment" ("id", "length") VALUES (345, 894);
UPDATE "TrackElement" SET "region" = 214 WHERE "id" = 345;
INSERT INTO "monitoredBy" VALUES (345, 340);
INSERT INTO "Sensor" ("id") VALUES (346);
UPDATE "Sensor" SET "region" = 214 WHERE "id" = 346;
INSERT INTO "monitoredBy" VALUES (339, 346);
INSERT INTO "TrackElement" ("id") VALUES (347);
INSERT INTO "Segment" ("id", "length") VALUES (347, 802);
UPDATE "TrackElement" SET "region" = 214 WHERE "id" = 347;
INSERT INTO "monitoredBy" VALUES (347, 346);
INSERT INTO "TrackElement" ("id") VALUES (348);
INSERT INTO "Segment" ("id", "length") VALUES (348, 951);
UPDATE "TrackElement" SET "region" = 214 WHERE "id" = 348;
INSERT INTO "monitoredBy" VALUES (348, 346);
INSERT INTO "TrackElement" ("id") VALUES (349);
INSERT INTO "Segment" ("id", "length") VALUES (349, 402);
UPDATE "TrackElement" SET "region" = 214 WHERE "id" = 349;
INSERT INTO "monitoredBy" VALUES (349, 346);
INSERT INTO "TrackElement" ("id") VALUES (350);
INSERT INTO "Segment" ("id", "length") VALUES (350, 718);
UPDATE "TrackElement" SET "region" = 214 WHERE "id" = 350;
INSERT INTO "monitoredBy" VALUES (350, 346);
INSERT INTO "TrackElement" ("id") VALUES (351);
INSERT INTO "Segment" ("id", "length") VALUES (351, 337);
UPDATE "TrackElement" SET "region" = 214 WHERE "id" = 351;
INSERT INTO "monitoredBy" VALUES (351, 346);
INSERT INTO "Sensor" ("id") VALUES (352);
UPDATE "Sensor" SET "region" = 214 WHERE "id" = 352;
INSERT INTO "monitoredBy" VALUES (339, 352);
INSERT INTO "requires" VALUES (213, 352);
INSERT INTO "TrackElement" ("id") VALUES (353);
INSERT INTO "Segment" ("id", "length") VALUES (353, 942);
UPDATE "TrackElement" SET "region" = 214 WHERE "id" = 353;
INSERT INTO "monitoredBy" VALUES (353, 352);
INSERT INTO "TrackElement" ("id") VALUES (354);
INSERT INTO "Segment" ("id", "length") VALUES (354, 59);
UPDATE "TrackElement" SET "region" = 214 WHERE "id" = 354;
INSERT INTO "monitoredBy" VALUES (354, 352);
INSERT INTO "TrackElement" ("id") VALUES (355);
INSERT INTO "Segment" ("id", "length") VALUES (355, 547);
UPDATE "TrackElement" SET "region" = 214 WHERE "id" = 355;
INSERT INTO "monitoredBy" VALUES (355, 352);
INSERT INTO "TrackElement" ("id") VALUES (356);
INSERT INTO "Segment" ("id", "length") VALUES (356, 686);
UPDATE "TrackElement" SET "region" = 214 WHERE "id" = 356;
INSERT INTO "monitoredBy" VALUES (356, 352);
INSERT INTO "TrackElement" ("id") VALUES (357);
INSERT INTO "Segment" ("id", "length") VALUES (357, 836);
UPDATE "TrackElement" SET "region" = 214 WHERE "id" = 357;
INSERT INTO "monitoredBy" VALUES (357, 352);
INSERT INTO "SwitchPosition" ("id", "position", "target") VALUES (358, 2, 339);
UPDATE "SwitchPosition" SET "route" = 213 WHERE "id" = 358;
INSERT INTO "TrackElement" ("id") VALUES (359);
INSERT INTO "Switch" ("id", "currentPosition") VALUES (359, 0);
UPDATE "TrackElement" SET "region" = 214 WHERE "id" = 359;
INSERT INTO "Sensor" ("id") VALUES (360);
UPDATE "Sensor" SET "region" = 214 WHERE "id" = 360;
INSERT INTO "TrackElement" ("id") VALUES (361);
INSERT INTO "Segment" ("id", "length") VALUES (361, 212);
UPDATE "TrackElement" SET "region" = 214 WHERE "id" = 361;
INSERT INTO "monitoredBy" VALUES (361, 360);
INSERT INTO "TrackElement" ("id") VALUES (362);
INSERT INTO "Segment" ("id", "length") VALUES (362, -577);
UPDATE "TrackElement" SET "region" = 214 WHERE "id" = 362;
INSERT INTO "monitoredBy" VALUES (362, 360);
INSERT INTO "TrackElement" ("id") VALUES (363);
INSERT INTO "Segment" ("id", "length") VALUES (363, 403);
UPDATE "TrackElement" SET "region" = 214 WHERE "id" = 363;
INSERT INTO "monitoredBy" VALUES (363, 360);
INSERT INTO "TrackElement" ("id") VALUES (364);
INSERT INTO "Segment" ("id", "length") VALUES (364, 218);
UPDATE "TrackElement" SET "region" = 214 WHERE "id" = 364;
INSERT INTO "monitoredBy" VALUES (364, 360);
INSERT INTO "TrackElement" ("id") VALUES (365);
INSERT INTO "Segment" ("id", "length") VALUES (365, 616);
UPDATE "TrackElement" SET "region" = 214 WHERE "id" = 365;
INSERT INTO "monitoredBy" VALUES (365, 360);
INSERT INTO "Sensor" ("id") VALUES (366);
UPDATE "Sensor" SET "region" = 214 WHERE "id" = 366;
INSERT INTO "monitoredBy" VALUES (359, 366);
INSERT INTO "requires" VALUES (213, 366);
INSERT INTO "TrackElement" ("id") VALUES (367);
INSERT INTO "Segment" ("id", "length") VALUES (367, 191);
UPDATE "TrackElement" SET "region" = 214 WHERE "id" = 367;
INSERT INTO "monitoredBy" VALUES (367, 366);
INSERT INTO "TrackElement" ("id") VALUES (368);
INSERT INTO "Segment" ("id", "length") VALUES (368, 870);
UPDATE "TrackElement" SET "region" = 214 WHERE "id" = 368;
INSERT INTO "monitoredBy" VALUES (368, 366);
INSERT INTO "TrackElement" ("id") VALUES (369);
INSERT INTO "Segment" ("id", "length") VALUES (369, -608);
UPDATE "TrackElement" SET "region" = 214 WHERE "id" = 369;
INSERT INTO "monitoredBy" VALUES (369, 366);
INSERT INTO "TrackElement" ("id") VALUES (370);
INSERT INTO "Segment" ("id", "length") VALUES (370, 344);
UPDATE "TrackElement" SET "region" = 214 WHERE "id" = 370;
INSERT INTO "monitoredBy" VALUES (370, 366);
INSERT INTO "TrackElement" ("id") VALUES (371);
INSERT INTO "Segment" ("id", "length") VALUES (371, 374);
UPDATE "TrackElement" SET "region" = 214 WHERE "id" = 371;
INSERT INTO "monitoredBy" VALUES (371, 366);
INSERT INTO "Sensor" ("id") VALUES (372);
UPDATE "Sensor" SET "region" = 214 WHERE "id" = 372;
INSERT INTO "TrackElement" ("id") VALUES (373);
INSERT INTO "Segment" ("id", "length") VALUES (373, 333);
UPDATE "TrackElement" SET "region" = 214 WHERE "id" = 373;
INSERT INTO "monitoredBy" VALUES (373, 372);
INSERT INTO "TrackElement" ("id") VALUES (374);
INSERT INTO "Segment" ("id", "length") VALUES (374, 792);
UPDATE "TrackElement" SET "region" = 214 WHERE "id" = 374;
INSERT INTO "monitoredBy" VALUES (374, 372);
INSERT INTO "TrackElement" ("id") VALUES (375);
INSERT INTO "Segment" ("id", "length") VALUES (375, 923);
UPDATE "TrackElement" SET "region" = 214 WHERE "id" = 375;
INSERT INTO "monitoredBy" VALUES (375, 372);
INSERT INTO "TrackElement" ("id") VALUES (376);
INSERT INTO "Segment" ("id", "length") VALUES (376, 100);
UPDATE "TrackElement" SET "region" = 214 WHERE "id" = 376;
INSERT INTO "monitoredBy" VALUES (376, 372);
INSERT INTO "TrackElement" ("id") VALUES (377);
INSERT INTO "Segment" ("id", "length") VALUES (377, 627);
UPDATE "TrackElement" SET "region" = 214 WHERE "id" = 377;
INSERT INTO "monitoredBy" VALUES (377, 372);
INSERT INTO "Sensor" ("id") VALUES (378);
UPDATE "Sensor" SET "region" = 214 WHERE "id" = 378;
INSERT INTO "monitoredBy" VALUES (359, 378);
INSERT INTO "requires" VALUES (213, 378);
INSERT INTO "TrackElement" ("id") VALUES (379);
INSERT INTO "Segment" ("id", "length") VALUES (379, 258);
UPDATE "TrackElement" SET "region" = 214 WHERE "id" = 379;
INSERT INTO "monitoredBy" VALUES (379, 378);
INSERT INTO "TrackElement" ("id") VALUES (380);
INSERT INTO "Segment" ("id", "length") VALUES (380, 699);
UPDATE "TrackElement" SET "region" = 214 WHERE "id" = 380;
INSERT INTO "monitoredBy" VALUES (380, 378);
INSERT INTO "TrackElement" ("id") VALUES (381);
INSERT INTO "Segment" ("id", "length") VALUES (381, 889);
UPDATE "TrackElement" SET "region" = 214 WHERE "id" = 381;
INSERT INTO "monitoredBy" VALUES (381, 378);
INSERT INTO "TrackElement" ("id") VALUES (382);
INSERT INTO "Segment" ("id", "length") VALUES (382, 11);
UPDATE "TrackElement" SET "region" = 214 WHERE "id" = 382;
INSERT INTO "monitoredBy" VALUES (382, 378);
INSERT INTO "TrackElement" ("id") VALUES (383);
INSERT INTO "Segment" ("id", "length") VALUES (383, 465);
UPDATE "TrackElement" SET "region" = 214 WHERE "id" = 383;
INSERT INTO "monitoredBy" VALUES (383, 378);
INSERT INTO "Sensor" ("id") VALUES (384);
UPDATE "Sensor" SET "region" = 214 WHERE "id" = 384;
INSERT INTO "monitoredBy" VALUES (359, 384);
INSERT INTO "requires" VALUES (213, 384);
INSERT INTO "TrackElement" ("id") VALUES (385);
INSERT INTO "Segment" ("id", "length") VALUES (385, 14);
UPDATE "TrackElement" SET "region" = 214 WHERE "id" = 385;
INSERT INTO "monitoredBy" VALUES (385, 384);
INSERT INTO "TrackElement" ("id") VALUES (386);
INSERT INTO "Segment" ("id", "length") VALUES (386, 470);
UPDATE "TrackElement" SET "region" = 214 WHERE "id" = 386;
INSERT INTO "monitoredBy" VALUES (386, 384);
INSERT INTO "TrackElement" ("id") VALUES (387);
INSERT INTO "Segment" ("id", "length") VALUES (387, 232);
UPDATE "TrackElement" SET "region" = 214 WHERE "id" = 387;
INSERT INTO "monitoredBy" VALUES (387, 384);
INSERT INTO "TrackElement" ("id") VALUES (388);
INSERT INTO "Segment" ("id", "length") VALUES (388, 343);
UPDATE "TrackElement" SET "region" = 214 WHERE "id" = 388;
INSERT INTO "monitoredBy" VALUES (388, 384);
INSERT INTO "TrackElement" ("id") VALUES (389);
INSERT INTO "Segment" ("id", "length") VALUES (389, 605);
UPDATE "TrackElement" SET "region" = 214 WHERE "id" = 389;
INSERT INTO "monitoredBy" VALUES (389, 384);
INSERT INTO "Sensor" ("id") VALUES (390);
UPDATE "Sensor" SET "region" = 214 WHERE "id" = 390;
INSERT INTO "monitoredBy" VALUES (359, 390);
INSERT INTO "TrackElement" ("id") VALUES (391);
INSERT INTO "Segment" ("id", "length") VALUES (391, 771);
UPDATE "TrackElement" SET "region" = 214 WHERE "id" = 391;
INSERT INTO "monitoredBy" VALUES (391, 390);
INSERT INTO "TrackElement" ("id") VALUES (392);
INSERT INTO "Segment" ("id", "length") VALUES (392, 799);
UPDATE "TrackElement" SET "region" = 214 WHERE "id" = 392;
INSERT INTO "monitoredBy" VALUES (392, 390);
INSERT INTO "TrackElement" ("id") VALUES (393);
INSERT INTO "Segment" ("id", "length") VALUES (393, 288);
UPDATE "TrackElement" SET "region" = 214 WHERE "id" = 393;
INSERT INTO "monitoredBy" VALUES (393, 390);
INSERT INTO "TrackElement" ("id") VALUES (394);
INSERT INTO "Segment" ("id", "length") VALUES (394, -331);
UPDATE "TrackElement" SET "region" = 214 WHERE "id" = 394;
INSERT INTO "monitoredBy" VALUES (394, 390);
INSERT INTO "TrackElement" ("id") VALUES (395);
INSERT INTO "Segment" ("id", "length") VALUES (395, 964);
UPDATE "TrackElement" SET "region" = 214 WHERE "id" = 395;
INSERT INTO "monitoredBy" VALUES (395, 390);
INSERT INTO "Sensor" ("id") VALUES (396);
UPDATE "Sensor" SET "region" = 214 WHERE "id" = 396;
INSERT INTO "monitoredBy" VALUES (359, 396);
INSERT INTO "requires" VALUES (213, 396);
INSERT INTO "TrackElement" ("id") VALUES (397);
INSERT INTO "Segment" ("id", "length") VALUES (397, 994);
UPDATE "TrackElement" SET "region" = 214 WHERE "id" = 397;
INSERT INTO "monitoredBy" VALUES (397, 396);
INSERT INTO "TrackElement" ("id") VALUES (398);
INSERT INTO "Segment" ("id", "length") VALUES (398, -516);
UPDATE "TrackElement" SET "region" = 214 WHERE "id" = 398;
INSERT INTO "monitoredBy" VALUES (398, 396);
INSERT INTO "TrackElement" ("id") VALUES (399);
INSERT INTO "Segment" ("id", "length") VALUES (399, 167);
UPDATE "TrackElement" SET "region" = 214 WHERE "id" = 399;
INSERT INTO "monitoredBy" VALUES (399, 396);
INSERT INTO "TrackElement" ("id") VALUES (400);
INSERT INTO "Segment" ("id", "length") VALUES (400, 90);
UPDATE "TrackElement" SET "region" = 214 WHERE "id" = 400;
INSERT INTO "monitoredBy" VALUES (400, 396);
INSERT INTO "TrackElement" ("id") VALUES (401);
INSERT INTO "Segment" ("id", "length") VALUES (401, 466);
UPDATE "TrackElement" SET "region" = 214 WHERE "id" = 401;
INSERT INTO "monitoredBy" VALUES (401, 396);
INSERT INTO "SwitchPosition" ("id", "position", "target") VALUES (402, 2, 359);
UPDATE "SwitchPosition" SET "route" = 213 WHERE "id" = 402;
INSERT INTO "TrackElement" ("id") VALUES (403);
INSERT INTO "Switch" ("id", "currentPosition") VALUES (403, 2);
UPDATE "TrackElement" SET "region" = 214 WHERE "id" = 403;
INSERT INTO "Sensor" ("id") VALUES (404);
UPDATE "Sensor" SET "region" = 214 WHERE "id" = 404;
INSERT INTO "TrackElement" ("id") VALUES (405);
INSERT INTO "Segment" ("id", "length") VALUES (405, 52);
UPDATE "TrackElement" SET "region" = 214 WHERE "id" = 405;
INSERT INTO "monitoredBy" VALUES (405, 404);
INSERT INTO "TrackElement" ("id") VALUES (406);
INSERT INTO "Segment" ("id", "length") VALUES (406, 886);
UPDATE "TrackElement" SET "region" = 214 WHERE "id" = 406;
INSERT INTO "monitoredBy" VALUES (406, 404);
INSERT INTO "TrackElement" ("id") VALUES (407);
INSERT INTO "Segment" ("id", "length") VALUES (407, 685);
UPDATE "TrackElement" SET "region" = 214 WHERE "id" = 407;
INSERT INTO "monitoredBy" VALUES (407, 404);
INSERT INTO "TrackElement" ("id") VALUES (408);
INSERT INTO "Segment" ("id", "length") VALUES (408, 248);
UPDATE "TrackElement" SET "region" = 214 WHERE "id" = 408;
INSERT INTO "monitoredBy" VALUES (408, 404);
INSERT INTO "TrackElement" ("id") VALUES (409);
INSERT INTO "Segment" ("id", "length") VALUES (409, 404);
UPDATE "TrackElement" SET "region" = 214 WHERE "id" = 409;
INSERT INTO "monitoredBy" VALUES (409, 404);
INSERT INTO "Sensor" ("id") VALUES (410);
UPDATE "Sensor" SET "region" = 214 WHERE "id" = 410;
INSERT INTO "monitoredBy" VALUES (403, 410);
INSERT INTO "requires" VALUES (213, 410);
INSERT INTO "TrackElement" ("id") VALUES (411);
INSERT INTO "Segment" ("id", "length") VALUES (411, 261);
UPDATE "TrackElement" SET "region" = 214 WHERE "id" = 411;
INSERT INTO "monitoredBy" VALUES (411, 410);
INSERT INTO "TrackElement" ("id") VALUES (412);
INSERT INTO "Segment" ("id", "length") VALUES (412, 111);
UPDATE "TrackElement" SET "region" = 214 WHERE "id" = 412;
INSERT INTO "monitoredBy" VALUES (412, 410);
INSERT INTO "TrackElement" ("id") VALUES (413);
INSERT INTO "Segment" ("id", "length") VALUES (413, 408);
UPDATE "TrackElement" SET "region" = 214 WHERE "id" = 413;
INSERT INTO "monitoredBy" VALUES (413, 410);
INSERT INTO "TrackElement" ("id") VALUES (414);
INSERT INTO "Segment" ("id", "length") VALUES (414, 852);
UPDATE "TrackElement" SET "region" = 214 WHERE "id" = 414;
INSERT INTO "monitoredBy" VALUES (414, 410);
INSERT INTO "TrackElement" ("id") VALUES (415);
INSERT INTO "Segment" ("id", "length") VALUES (415, 610);
UPDATE "TrackElement" SET "region" = 214 WHERE "id" = 415;
INSERT INTO "monitoredBy" VALUES (415, 410);
INSERT INTO "Sensor" ("id") VALUES (416);
UPDATE "Sensor" SET "region" = 214 WHERE "id" = 416;
INSERT INTO "monitoredBy" VALUES (403, 416);
INSERT INTO "requires" VALUES (213, 416);
INSERT INTO "TrackElement" ("id") VALUES (417);
INSERT INTO "Segment" ("id", "length") VALUES (417, 36);
UPDATE "TrackElement" SET "region" = 214 WHERE "id" = 417;
INSERT INTO "monitoredBy" VALUES (417, 416);
INSERT INTO "TrackElement" ("id") VALUES (418);
INSERT INTO "Segment" ("id", "length") VALUES (418, -512);
UPDATE "TrackElement" SET "region" = 214 WHERE "id" = 418;
INSERT INTO "monitoredBy" VALUES (418, 416);
INSERT INTO "TrackElement" ("id") VALUES (419);
INSERT INTO "Segment" ("id", "length") VALUES (419, -456);
UPDATE "TrackElement" SET "region" = 214 WHERE "id" = 419;
INSERT INTO "monitoredBy" VALUES (419, 416);
INSERT INTO "TrackElement" ("id") VALUES (420);
INSERT INTO "Segment" ("id", "length") VALUES (420, 883);
UPDATE "TrackElement" SET "region" = 214 WHERE "id" = 420;
INSERT INTO "monitoredBy" VALUES (420, 416);
INSERT INTO "TrackElement" ("id") VALUES (421);
INSERT INTO "Segment" ("id", "length") VALUES (421, 918);
UPDATE "TrackElement" SET "region" = 214 WHERE "id" = 421;
INSERT INTO "monitoredBy" VALUES (421, 416);
INSERT INTO "Sensor" ("id") VALUES (422);
UPDATE "Sensor" SET "region" = 214 WHERE "id" = 422;
INSERT INTO "monitoredBy" VALUES (403, 422);
INSERT INTO "requires" VALUES (213, 422);
INSERT INTO "TrackElement" ("id") VALUES (423);
INSERT INTO "Segment" ("id", "length") VALUES (423, -268);
UPDATE "TrackElement" SET "region" = 214 WHERE "id" = 423;
INSERT INTO "monitoredBy" VALUES (423, 422);
INSERT INTO "TrackElement" ("id") VALUES (424);
INSERT INTO "Segment" ("id", "length") VALUES (424, 345);
UPDATE "TrackElement" SET "region" = 214 WHERE "id" = 424;
INSERT INTO "monitoredBy" VALUES (424, 422);
INSERT INTO "TrackElement" ("id") VALUES (425);
INSERT INTO "Segment" ("id", "length") VALUES (425, 684);
UPDATE "TrackElement" SET "region" = 214 WHERE "id" = 425;
INSERT INTO "monitoredBy" VALUES (425, 422);
INSERT INTO "TrackElement" ("id") VALUES (426);
INSERT INTO "Segment" ("id", "length") VALUES (426, -818);
UPDATE "TrackElement" SET "region" = 214 WHERE "id" = 426;
INSERT INTO "monitoredBy" VALUES (426, 422);
INSERT INTO "TrackElement" ("id") VALUES (427);
INSERT INTO "Segment" ("id", "length") VALUES (427, 156);
UPDATE "TrackElement" SET "region" = 214 WHERE "id" = 427;
INSERT INTO "monitoredBy" VALUES (427, 422);
INSERT INTO "Sensor" ("id") VALUES (428);
UPDATE "Sensor" SET "region" = 214 WHERE "id" = 428;
INSERT INTO "monitoredBy" VALUES (403, 428);
INSERT INTO "TrackElement" ("id") VALUES (429);
INSERT INTO "Segment" ("id", "length") VALUES (429, 428);
UPDATE "TrackElement" SET "region" = 214 WHERE "id" = 429;
INSERT INTO "monitoredBy" VALUES (429, 428);
INSERT INTO "TrackElement" ("id") VALUES (430);
INSERT INTO "Segment" ("id", "length") VALUES (430, 754);
UPDATE "TrackElement" SET "region" = 214 WHERE "id" = 430;
INSERT INTO "monitoredBy" VALUES (430, 428);
INSERT INTO "TrackElement" ("id") VALUES (431);
INSERT INTO "Segment" ("id", "length") VALUES (431, 714);
UPDATE "TrackElement" SET "region" = 214 WHERE "id" = 431;
INSERT INTO "monitoredBy" VALUES (431, 428);
INSERT INTO "TrackElement" ("id") VALUES (432);
INSERT INTO "Segment" ("id", "length") VALUES (432, 901);
UPDATE "TrackElement" SET "region" = 214 WHERE "id" = 432;
INSERT INTO "monitoredBy" VALUES (432, 428);
INSERT INTO "TrackElement" ("id") VALUES (433);
INSERT INTO "Segment" ("id", "length") VALUES (433, 735);
UPDATE "TrackElement" SET "region" = 214 WHERE "id" = 433;
INSERT INTO "monitoredBy" VALUES (433, 428);
INSERT INTO "Sensor" ("id") VALUES (434);
UPDATE "Sensor" SET "region" = 214 WHERE "id" = 434;
INSERT INTO "monitoredBy" VALUES (403, 434);
INSERT INTO "requires" VALUES (213, 434);
INSERT INTO "TrackElement" ("id") VALUES (435);
INSERT INTO "Segment" ("id", "length") VALUES (435, 534);
UPDATE "TrackElement" SET "region" = 214 WHERE "id" = 435;
INSERT INTO "monitoredBy" VALUES (435, 434);
INSERT INTO "TrackElement" ("id") VALUES (436);
INSERT INTO "Segment" ("id", "length") VALUES (436, 372);
UPDATE "TrackElement" SET "region" = 214 WHERE "id" = 436;
INSERT INTO "monitoredBy" VALUES (436, 434);
INSERT INTO "TrackElement" ("id") VALUES (437);
INSERT INTO "Segment" ("id", "length") VALUES (437, 49);
UPDATE "TrackElement" SET "region" = 214 WHERE "id" = 437;
INSERT INTO "monitoredBy" VALUES (437, 434);
INSERT INTO "TrackElement" ("id") VALUES (438);
INSERT INTO "Segment" ("id", "length") VALUES (438, 917);
UPDATE "TrackElement" SET "region" = 214 WHERE "id" = 438;
INSERT INTO "monitoredBy" VALUES (438, 434);
INSERT INTO "TrackElement" ("id") VALUES (439);
INSERT INTO "Segment" ("id", "length") VALUES (439, -367);
UPDATE "TrackElement" SET "region" = 214 WHERE "id" = 439;
INSERT INTO "monitoredBy" VALUES (439, 434);
INSERT INTO "Sensor" ("id") VALUES (440);
UPDATE "Sensor" SET "region" = 214 WHERE "id" = 440;
INSERT INTO "monitoredBy" VALUES (403, 440);
INSERT INTO "requires" VALUES (213, 440);
INSERT INTO "TrackElement" ("id") VALUES (441);
INSERT INTO "Segment" ("id", "length") VALUES (441, 373);
UPDATE "TrackElement" SET "region" = 214 WHERE "id" = 441;
INSERT INTO "monitoredBy" VALUES (441, 440);
INSERT INTO "TrackElement" ("id") VALUES (442);
INSERT INTO "Segment" ("id", "length") VALUES (442, 94);
UPDATE "TrackElement" SET "region" = 214 WHERE "id" = 442;
INSERT INTO "monitoredBy" VALUES (442, 440);
INSERT INTO "TrackElement" ("id") VALUES (443);
INSERT INTO "Segment" ("id", "length") VALUES (443, 507);
UPDATE "TrackElement" SET "region" = 214 WHERE "id" = 443;
INSERT INTO "monitoredBy" VALUES (443, 440);
INSERT INTO "TrackElement" ("id") VALUES (444);
INSERT INTO "Segment" ("id", "length") VALUES (444, 737);
UPDATE "TrackElement" SET "region" = 214 WHERE "id" = 444;
INSERT INTO "monitoredBy" VALUES (444, 440);
INSERT INTO "TrackElement" ("id") VALUES (445);
INSERT INTO "Segment" ("id", "length") VALUES (445, 348);
UPDATE "TrackElement" SET "region" = 214 WHERE "id" = 445;
INSERT INTO "monitoredBy" VALUES (445, 440);
INSERT INTO "Sensor" ("id") VALUES (446);
UPDATE "Sensor" SET "region" = 214 WHERE "id" = 446;
INSERT INTO "monitoredBy" VALUES (403, 446);
INSERT INTO "requires" VALUES (213, 446);
INSERT INTO "TrackElement" ("id") VALUES (447);
INSERT INTO "Segment" ("id", "length") VALUES (447, 433);
UPDATE "TrackElement" SET "region" = 214 WHERE "id" = 447;
INSERT INTO "monitoredBy" VALUES (447, 446);
INSERT INTO "TrackElement" ("id") VALUES (448);
INSERT INTO "Segment" ("id", "length") VALUES (448, 411);
UPDATE "TrackElement" SET "region" = 214 WHERE "id" = 448;
INSERT INTO "monitoredBy" VALUES (448, 446);
INSERT INTO "TrackElement" ("id") VALUES (449);
INSERT INTO "Segment" ("id", "length") VALUES (449, 149);
UPDATE "TrackElement" SET "region" = 214 WHERE "id" = 449;
INSERT INTO "monitoredBy" VALUES (449, 446);
INSERT INTO "TrackElement" ("id") VALUES (450);
INSERT INTO "Segment" ("id", "length") VALUES (450, 541);
UPDATE "TrackElement" SET "region" = 214 WHERE "id" = 450;
INSERT INTO "monitoredBy" VALUES (450, 446);
INSERT INTO "TrackElement" ("id") VALUES (451);
INSERT INTO "Segment" ("id", "length") VALUES (451, 773);
UPDATE "TrackElement" SET "region" = 214 WHERE "id" = 451;
INSERT INTO "monitoredBy" VALUES (451, 446);
INSERT INTO "Sensor" ("id") VALUES (452);
UPDATE "Sensor" SET "region" = 214 WHERE "id" = 452;
INSERT INTO "monitoredBy" VALUES (403, 452);
INSERT INTO "requires" VALUES (213, 452);
INSERT INTO "TrackElement" ("id") VALUES (453);
INSERT INTO "Segment" ("id", "length") VALUES (453, 278);
UPDATE "TrackElement" SET "region" = 214 WHERE "id" = 453;
INSERT INTO "monitoredBy" VALUES (453, 452);
INSERT INTO "TrackElement" ("id") VALUES (454);
INSERT INTO "Segment" ("id", "length") VALUES (454, -73);
UPDATE "TrackElement" SET "region" = 214 WHERE "id" = 454;
INSERT INTO "monitoredBy" VALUES (454, 452);
INSERT INTO "TrackElement" ("id") VALUES (455);
INSERT INTO "Segment" ("id", "length") VALUES (455, 70);
UPDATE "TrackElement" SET "region" = 214 WHERE "id" = 455;
INSERT INTO "monitoredBy" VALUES (455, 452);
INSERT INTO "TrackElement" ("id") VALUES (456);
INSERT INTO "Segment" ("id", "length") VALUES (456, 565);
UPDATE "TrackElement" SET "region" = 214 WHERE "id" = 456;
INSERT INTO "monitoredBy" VALUES (456, 452);
INSERT INTO "TrackElement" ("id") VALUES (457);
INSERT INTO "Segment" ("id", "length") VALUES (457, 809);
UPDATE "TrackElement" SET "region" = 214 WHERE "id" = 457;
INSERT INTO "monitoredBy" VALUES (457, 452);
INSERT INTO "SwitchPosition" ("id", "position", "target") VALUES (458, 2, 403);
UPDATE "SwitchPosition" SET "route" = 213 WHERE "id" = 458;
INSERT INTO "TrackElement" ("id") VALUES (459);
INSERT INTO "Switch" ("id", "currentPosition") VALUES (459, 1);
UPDATE "TrackElement" SET "region" = 214 WHERE "id" = 459;
INSERT INTO "Sensor" ("id") VALUES (460);
UPDATE "Sensor" SET "region" = 214 WHERE "id" = 460;
INSERT INTO "monitoredBy" VALUES (459, 460);
INSERT INTO "requires" VALUES (213, 460);
INSERT INTO "TrackElement" ("id") VALUES (461);
INSERT INTO "Segment" ("id", "length") VALUES (461, 883);
UPDATE "TrackElement" SET "region" = 214 WHERE "id" = 461;
INSERT INTO "monitoredBy" VALUES (461, 460);
INSERT INTO "TrackElement" ("id") VALUES (462);
INSERT INTO "Segment" ("id", "length") VALUES (462, -158);
UPDATE "TrackElement" SET "region" = 214 WHERE "id" = 462;
INSERT INTO "monitoredBy" VALUES (462, 460);
INSERT INTO "TrackElement" ("id") VALUES (463);
INSERT INTO "Segment" ("id", "length") VALUES (463, 415);
UPDATE "TrackElement" SET "region" = 214 WHERE "id" = 463;
INSERT INTO "monitoredBy" VALUES (463, 460);
INSERT INTO "TrackElement" ("id") VALUES (464);
INSERT INTO "Segment" ("id", "length") VALUES (464, 744);
UPDATE "TrackElement" SET "region" = 214 WHERE "id" = 464;
INSERT INTO "monitoredBy" VALUES (464, 460);
INSERT INTO "TrackElement" ("id") VALUES (465);
INSERT INTO "Segment" ("id", "length") VALUES (465, 136);
UPDATE "TrackElement" SET "region" = 214 WHERE "id" = 465;
INSERT INTO "monitoredBy" VALUES (465, 460);
INSERT INTO "Sensor" ("id") VALUES (466);
UPDATE "Sensor" SET "region" = 214 WHERE "id" = 466;
INSERT INTO "monitoredBy" VALUES (459, 466);
INSERT INTO "requires" VALUES (213, 466);
INSERT INTO "TrackElement" ("id") VALUES (467);
INSERT INTO "Segment" ("id", "length") VALUES (467, 461);
UPDATE "TrackElement" SET "region" = 214 WHERE "id" = 467;
INSERT INTO "monitoredBy" VALUES (467, 466);
INSERT INTO "TrackElement" ("id") VALUES (468);
INSERT INTO "Segment" ("id", "length") VALUES (468, 640);
UPDATE "TrackElement" SET "region" = 214 WHERE "id" = 468;
INSERT INTO "monitoredBy" VALUES (468, 466);
INSERT INTO "TrackElement" ("id") VALUES (469);
INSERT INTO "Segment" ("id", "length") VALUES (469, 224);
UPDATE "TrackElement" SET "region" = 214 WHERE "id" = 469;
INSERT INTO "monitoredBy" VALUES (469, 466);
INSERT INTO "TrackElement" ("id") VALUES (470);
INSERT INTO "Segment" ("id", "length") VALUES (470, 267);
UPDATE "TrackElement" SET "region" = 214 WHERE "id" = 470;
INSERT INTO "monitoredBy" VALUES (470, 466);
INSERT INTO "TrackElement" ("id") VALUES (471);
INSERT INTO "Segment" ("id", "length") VALUES (471, 857);
UPDATE "TrackElement" SET "region" = 214 WHERE "id" = 471;
INSERT INTO "monitoredBy" VALUES (471, 466);
INSERT INTO "Sensor" ("id") VALUES (472);
UPDATE "Sensor" SET "region" = 214 WHERE "id" = 472;
INSERT INTO "monitoredBy" VALUES (459, 472);
INSERT INTO "requires" VALUES (213, 472);
INSERT INTO "TrackElement" ("id") VALUES (473);
INSERT INTO "Segment" ("id", "length") VALUES (473, -92);
UPDATE "TrackElement" SET "region" = 214 WHERE "id" = 473;
INSERT INTO "monitoredBy" VALUES (473, 472);
INSERT INTO "TrackElement" ("id") VALUES (474);
INSERT INTO "Segment" ("id", "length") VALUES (474, 933);
UPDATE "TrackElement" SET "region" = 214 WHERE "id" = 474;
INSERT INTO "monitoredBy" VALUES (474, 472);
INSERT INTO "TrackElement" ("id") VALUES (475);
INSERT INTO "Segment" ("id", "length") VALUES (475, 627);
UPDATE "TrackElement" SET "region" = 214 WHERE "id" = 475;
INSERT INTO "monitoredBy" VALUES (475, 472);
INSERT INTO "TrackElement" ("id") VALUES (476);
INSERT INTO "Segment" ("id", "length") VALUES (476, 976);
UPDATE "TrackElement" SET "region" = 214 WHERE "id" = 476;
INSERT INTO "monitoredBy" VALUES (476, 472);
INSERT INTO "TrackElement" ("id") VALUES (477);
INSERT INTO "Segment" ("id", "length") VALUES (477, 773);
UPDATE "TrackElement" SET "region" = 214 WHERE "id" = 477;
INSERT INTO "monitoredBy" VALUES (477, 472);
INSERT INTO "Sensor" ("id") VALUES (478);
UPDATE "Sensor" SET "region" = 214 WHERE "id" = 478;
INSERT INTO "monitoredBy" VALUES (459, 478);
INSERT INTO "requires" VALUES (213, 478);
INSERT INTO "TrackElement" ("id") VALUES (479);
INSERT INTO "Segment" ("id", "length") VALUES (479, 644);
UPDATE "TrackElement" SET "region" = 214 WHERE "id" = 479;
INSERT INTO "monitoredBy" VALUES (479, 478);
INSERT INTO "TrackElement" ("id") VALUES (480);
INSERT INTO "Segment" ("id", "length") VALUES (480, 493);
UPDATE "TrackElement" SET "region" = 214 WHERE "id" = 480;
INSERT INTO "monitoredBy" VALUES (480, 478);
INSERT INTO "TrackElement" ("id") VALUES (481);
INSERT INTO "Segment" ("id", "length") VALUES (481, 519);
UPDATE "TrackElement" SET "region" = 214 WHERE "id" = 481;
INSERT INTO "monitoredBy" VALUES (481, 478);
INSERT INTO "TrackElement" ("id") VALUES (482);
INSERT INTO "Segment" ("id", "length") VALUES (482, 273);
UPDATE "TrackElement" SET "region" = 214 WHERE "id" = 482;
INSERT INTO "monitoredBy" VALUES (482, 478);
INSERT INTO "TrackElement" ("id") VALUES (483);
INSERT INTO "Segment" ("id", "length") VALUES (483, -641);
UPDATE "TrackElement" SET "region" = 214 WHERE "id" = 483;
INSERT INTO "monitoredBy" VALUES (483, 478);
INSERT INTO "Sensor" ("id") VALUES (484);
UPDATE "Sensor" SET "region" = 214 WHERE "id" = 484;
INSERT INTO "monitoredBy" VALUES (459, 484);
INSERT INTO "requires" VALUES (213, 484);
INSERT INTO "TrackElement" ("id") VALUES (485);
INSERT INTO "Segment" ("id", "length") VALUES (485, 699);
UPDATE "TrackElement" SET "region" = 214 WHERE "id" = 485;
INSERT INTO "monitoredBy" VALUES (485, 484);
INSERT INTO "TrackElement" ("id") VALUES (486);
INSERT INTO "Segment" ("id", "length") VALUES (486, 207);
UPDATE "TrackElement" SET "region" = 214 WHERE "id" = 486;
INSERT INTO "monitoredBy" VALUES (486, 484);
INSERT INTO "TrackElement" ("id") VALUES (487);
INSERT INTO "Segment" ("id", "length") VALUES (487, 293);
UPDATE "TrackElement" SET "region" = 214 WHERE "id" = 487;
INSERT INTO "monitoredBy" VALUES (487, 484);
INSERT INTO "TrackElement" ("id") VALUES (488);
INSERT INTO "Segment" ("id", "length") VALUES (488, 157);
UPDATE "TrackElement" SET "region" = 214 WHERE "id" = 488;
INSERT INTO "monitoredBy" VALUES (488, 484);
INSERT INTO "TrackElement" ("id") VALUES (489);
INSERT INTO "Segment" ("id", "length") VALUES (489, 60);
UPDATE "TrackElement" SET "region" = 214 WHERE "id" = 489;
INSERT INTO "monitoredBy" VALUES (489, 484);
INSERT INTO "Sensor" ("id") VALUES (490);
UPDATE "Sensor" SET "region" = 214 WHERE "id" = 490;
INSERT INTO "monitoredBy" VALUES (459, 490);
INSERT INTO "requires" VALUES (213, 490);
INSERT INTO "TrackElement" ("id") VALUES (491);
INSERT INTO "Segment" ("id", "length") VALUES (491, 620);
UPDATE "TrackElement" SET "region" = 214 WHERE "id" = 491;
INSERT INTO "monitoredBy" VALUES (491, 490);
INSERT INTO "TrackElement" ("id") VALUES (492);
INSERT INTO "Segment" ("id", "length") VALUES (492, 718);
UPDATE "TrackElement" SET "region" = 214 WHERE "id" = 492;
INSERT INTO "monitoredBy" VALUES (492, 490);
INSERT INTO "TrackElement" ("id") VALUES (493);
INSERT INTO "Segment" ("id", "length") VALUES (493, 905);
UPDATE "TrackElement" SET "region" = 214 WHERE "id" = 493;
INSERT INTO "monitoredBy" VALUES (493, 490);
INSERT INTO "TrackElement" ("id") VALUES (494);
INSERT INTO "Segment" ("id", "length") VALUES (494, 553);
UPDATE "TrackElement" SET "region" = 214 WHERE "id" = 494;
INSERT INTO "monitoredBy" VALUES (494, 490);
INSERT INTO "TrackElement" ("id") VALUES (495);
INSERT INTO "Segment" ("id", "length") VALUES (495, 453);
UPDATE "TrackElement" SET "region" = 214 WHERE "id" = 495;
INSERT INTO "monitoredBy" VALUES (495, 490);
INSERT INTO "Sensor" ("id") VALUES (496);
UPDATE "Sensor" SET "region" = 214 WHERE "id" = 496;
INSERT INTO "monitoredBy" VALUES (459, 496);
INSERT INTO "requires" VALUES (213, 496);
INSERT INTO "TrackElement" ("id") VALUES (497);
INSERT INTO "Segment" ("id", "length") VALUES (497, 536);
UPDATE "TrackElement" SET "region" = 214 WHERE "id" = 497;
INSERT INTO "monitoredBy" VALUES (497, 496);
INSERT INTO "TrackElement" ("id") VALUES (498);
INSERT INTO "Segment" ("id", "length") VALUES (498, 322);
UPDATE "TrackElement" SET "region" = 214 WHERE "id" = 498;
INSERT INTO "monitoredBy" VALUES (498, 496);
INSERT INTO "TrackElement" ("id") VALUES (499);
INSERT INTO "Segment" ("id", "length") VALUES (499, 783);
UPDATE "TrackElement" SET "region" = 214 WHERE "id" = 499;
INSERT INTO "monitoredBy" VALUES (499, 496);
INSERT INTO "TrackElement" ("id") VALUES (500);
INSERT INTO "Segment" ("id", "length") VALUES (500, 524);
UPDATE "TrackElement" SET "region" = 214 WHERE "id" = 500;
INSERT INTO "monitoredBy" VALUES (500, 496);
INSERT INTO "TrackElement" ("id") VALUES (501);
INSERT INTO "Segment" ("id", "length") VALUES (501, 283);
UPDATE "TrackElement" SET "region" = 214 WHERE "id" = 501;
INSERT INTO "monitoredBy" VALUES (501, 496);
INSERT INTO "Sensor" ("id") VALUES (502);
UPDATE "Sensor" SET "region" = 214 WHERE "id" = 502;
INSERT INTO "monitoredBy" VALUES (459, 502);
INSERT INTO "requires" VALUES (213, 502);
INSERT INTO "TrackElement" ("id") VALUES (503);
INSERT INTO "Segment" ("id", "length") VALUES (503, 82);
UPDATE "TrackElement" SET "region" = 214 WHERE "id" = 503;
INSERT INTO "monitoredBy" VALUES (503, 502);
INSERT INTO "TrackElement" ("id") VALUES (504);
INSERT INTO "Segment" ("id", "length") VALUES (504, 574);
UPDATE "TrackElement" SET "region" = 214 WHERE "id" = 504;
INSERT INTO "monitoredBy" VALUES (504, 502);
INSERT INTO "TrackElement" ("id") VALUES (505);
INSERT INTO "Segment" ("id", "length") VALUES (505, 36);
UPDATE "TrackElement" SET "region" = 214 WHERE "id" = 505;
INSERT INTO "monitoredBy" VALUES (505, 502);
INSERT INTO "TrackElement" ("id") VALUES (506);
INSERT INTO "Segment" ("id", "length") VALUES (506, 464);
UPDATE "TrackElement" SET "region" = 214 WHERE "id" = 506;
INSERT INTO "monitoredBy" VALUES (506, 502);
INSERT INTO "TrackElement" ("id") VALUES (507);
INSERT INTO "Segment" ("id", "length") VALUES (507, 263);
UPDATE "TrackElement" SET "region" = 214 WHERE "id" = 507;
INSERT INTO "monitoredBy" VALUES (507, 502);
INSERT INTO "SwitchPosition" ("id", "position", "target") VALUES (508, 1, 459);
UPDATE "SwitchPosition" SET "route" = 213 WHERE "id" = 508;
INSERT INTO "TrackElement" ("id") VALUES (509);
INSERT INTO "Switch" ("id", "currentPosition") VALUES (509, 0);
UPDATE "TrackElement" SET "region" = 214 WHERE "id" = 509;
INSERT INTO "Sensor" ("id") VALUES (510);
UPDATE "Sensor" SET "region" = 214 WHERE "id" = 510;
INSERT INTO "TrackElement" ("id") VALUES (511);
INSERT INTO "Segment" ("id", "length") VALUES (511, 717);
UPDATE "TrackElement" SET "region" = 214 WHERE "id" = 511;
INSERT INTO "monitoredBy" VALUES (511, 510);
INSERT INTO "TrackElement" ("id") VALUES (512);
INSERT INTO "Segment" ("id", "length") VALUES (512, 970);
UPDATE "TrackElement" SET "region" = 214 WHERE "id" = 512;
INSERT INTO "monitoredBy" VALUES (512, 510);
INSERT INTO "TrackElement" ("id") VALUES (513);
INSERT INTO "Segment" ("id", "length") VALUES (513, 150);
UPDATE "TrackElement" SET "region" = 214 WHERE "id" = 513;
INSERT INTO "monitoredBy" VALUES (513, 510);
INSERT INTO "TrackElement" ("id") VALUES (514);
INSERT INTO "Segment" ("id", "length") VALUES (514, 39);
UPDATE "TrackElement" SET "region" = 214 WHERE "id" = 514;
INSERT INTO "monitoredBy" VALUES (514, 510);
INSERT INTO "TrackElement" ("id") VALUES (515);
INSERT INTO "Segment" ("id", "length") VALUES (515, 159);
UPDATE "TrackElement" SET "region" = 214 WHERE "id" = 515;
INSERT INTO "monitoredBy" VALUES (515, 510);
INSERT INTO "Sensor" ("id") VALUES (516);
UPDATE "Sensor" SET "region" = 214 WHERE "id" = 516;
INSERT INTO "monitoredBy" VALUES (509, 516);
INSERT INTO "requires" VALUES (213, 516);
INSERT INTO "TrackElement" ("id") VALUES (517);
INSERT INTO "Segment" ("id", "length") VALUES (517, 83);
UPDATE "TrackElement" SET "region" = 214 WHERE "id" = 517;
INSERT INTO "monitoredBy" VALUES (517, 516);
INSERT INTO "TrackElement" ("id") VALUES (518);
INSERT INTO "Segment" ("id", "length") VALUES (518, 683);
UPDATE "TrackElement" SET "region" = 214 WHERE "id" = 518;
INSERT INTO "monitoredBy" VALUES (518, 516);
INSERT INTO "TrackElement" ("id") VALUES (519);
INSERT INTO "Segment" ("id", "length") VALUES (519, 632);
UPDATE "TrackElement" SET "region" = 214 WHERE "id" = 519;
INSERT INTO "monitoredBy" VALUES (519, 516);
INSERT INTO "TrackElement" ("id") VALUES (520);
INSERT INTO "Segment" ("id", "length") VALUES (520, 806);
UPDATE "TrackElement" SET "region" = 214 WHERE "id" = 520;
INSERT INTO "monitoredBy" VALUES (520, 516);
INSERT INTO "TrackElement" ("id") VALUES (521);
INSERT INTO "Segment" ("id", "length") VALUES (521, 453);
UPDATE "TrackElement" SET "region" = 214 WHERE "id" = 521;
INSERT INTO "monitoredBy" VALUES (521, 516);
INSERT INTO "Sensor" ("id") VALUES (522);
UPDATE "Sensor" SET "region" = 214 WHERE "id" = 522;
INSERT INTO "monitoredBy" VALUES (509, 522);
INSERT INTO "TrackElement" ("id") VALUES (523);
INSERT INTO "Segment" ("id", "length") VALUES (523, 777);
UPDATE "TrackElement" SET "region" = 214 WHERE "id" = 523;
INSERT INTO "monitoredBy" VALUES (523, 522);
INSERT INTO "TrackElement" ("id") VALUES (524);
INSERT INTO "Segment" ("id", "length") VALUES (524, 904);
UPDATE "TrackElement" SET "region" = 214 WHERE "id" = 524;
INSERT INTO "monitoredBy" VALUES (524, 522);
INSERT INTO "TrackElement" ("id") VALUES (525);
INSERT INTO "Segment" ("id", "length") VALUES (525, 546);
UPDATE "TrackElement" SET "region" = 214 WHERE "id" = 525;
INSERT INTO "monitoredBy" VALUES (525, 522);
INSERT INTO "TrackElement" ("id") VALUES (526);
INSERT INTO "Segment" ("id", "length") VALUES (526, 371);
UPDATE "TrackElement" SET "region" = 214 WHERE "id" = 526;
INSERT INTO "monitoredBy" VALUES (526, 522);
INSERT INTO "TrackElement" ("id") VALUES (527);
INSERT INTO "Segment" ("id", "length") VALUES (527, 352);
UPDATE "TrackElement" SET "region" = 214 WHERE "id" = 527;
INSERT INTO "monitoredBy" VALUES (527, 522);
INSERT INTO "Sensor" ("id") VALUES (528);
UPDATE "Sensor" SET "region" = 214 WHERE "id" = 528;
INSERT INTO "monitoredBy" VALUES (509, 528);
INSERT INTO "requires" VALUES (213, 528);
INSERT INTO "TrackElement" ("id") VALUES (529);
INSERT INTO "Segment" ("id", "length") VALUES (529, 227);
UPDATE "TrackElement" SET "region" = 214 WHERE "id" = 529;
INSERT INTO "monitoredBy" VALUES (529, 528);
INSERT INTO "TrackElement" ("id") VALUES (530);
INSERT INTO "Segment" ("id", "length") VALUES (530, 742);
UPDATE "TrackElement" SET "region" = 214 WHERE "id" = 530;
INSERT INTO "monitoredBy" VALUES (530, 528);
INSERT INTO "TrackElement" ("id") VALUES (531);
INSERT INTO "Segment" ("id", "length") VALUES (531, 208);
UPDATE "TrackElement" SET "region" = 214 WHERE "id" = 531;
INSERT INTO "monitoredBy" VALUES (531, 528);
INSERT INTO "TrackElement" ("id") VALUES (532);
INSERT INTO "Segment" ("id", "length") VALUES (532, 177);
UPDATE "TrackElement" SET "region" = 214 WHERE "id" = 532;
INSERT INTO "monitoredBy" VALUES (532, 528);
INSERT INTO "TrackElement" ("id") VALUES (533);
INSERT INTO "Segment" ("id", "length") VALUES (533, 611);
UPDATE "TrackElement" SET "region" = 214 WHERE "id" = 533;
INSERT INTO "monitoredBy" VALUES (533, 528);
INSERT INTO "SwitchPosition" ("id", "position", "target") VALUES (534, 0, 509);
UPDATE "SwitchPosition" SET "route" = 213 WHERE "id" = 534;
INSERT INTO "TrackElement" ("id") VALUES (535);
INSERT INTO "Switch" ("id", "currentPosition") VALUES (535, 1);
UPDATE "TrackElement" SET "region" = 214 WHERE "id" = 535;
INSERT INTO "Sensor" ("id") VALUES (536);
UPDATE "Sensor" SET "region" = 214 WHERE "id" = 536;
INSERT INTO "TrackElement" ("id") VALUES (537);
INSERT INTO "Segment" ("id", "length") VALUES (537, 576);
UPDATE "TrackElement" SET "region" = 214 WHERE "id" = 537;
INSERT INTO "monitoredBy" VALUES (537, 536);
INSERT INTO "TrackElement" ("id") VALUES (538);
INSERT INTO "Segment" ("id", "length") VALUES (538, 605);
UPDATE "TrackElement" SET "region" = 214 WHERE "id" = 538;
INSERT INTO "monitoredBy" VALUES (538, 536);
INSERT INTO "TrackElement" ("id") VALUES (539);
INSERT INTO "Segment" ("id", "length") VALUES (539, 326);
UPDATE "TrackElement" SET "region" = 214 WHERE "id" = 539;
INSERT INTO "monitoredBy" VALUES (539, 536);
INSERT INTO "TrackElement" ("id") VALUES (540);
INSERT INTO "Segment" ("id", "length") VALUES (540, 386);
UPDATE "TrackElement" SET "region" = 214 WHERE "id" = 540;
INSERT INTO "monitoredBy" VALUES (540, 536);
INSERT INTO "TrackElement" ("id") VALUES (541);
INSERT INTO "Segment" ("id", "length") VALUES (541, 531);
UPDATE "TrackElement" SET "region" = 214 WHERE "id" = 541;
INSERT INTO "monitoredBy" VALUES (541, 536);
INSERT INTO "Sensor" ("id") VALUES (542);
UPDATE "Sensor" SET "region" = 214 WHERE "id" = 542;
INSERT INTO "monitoredBy" VALUES (535, 542);
INSERT INTO "requires" VALUES (213, 542);
INSERT INTO "TrackElement" ("id") VALUES (543);
INSERT INTO "Segment" ("id", "length") VALUES (543, 781);
UPDATE "TrackElement" SET "region" = 214 WHERE "id" = 543;
INSERT INTO "monitoredBy" VALUES (543, 542);
INSERT INTO "TrackElement" ("id") VALUES (544);
INSERT INTO "Segment" ("id", "length") VALUES (544, 652);
UPDATE "TrackElement" SET "region" = 214 WHERE "id" = 544;
INSERT INTO "monitoredBy" VALUES (544, 542);
INSERT INTO "TrackElement" ("id") VALUES (545);
INSERT INTO "Segment" ("id", "length") VALUES (545, 83);
UPDATE "TrackElement" SET "region" = 214 WHERE "id" = 545;
INSERT INTO "monitoredBy" VALUES (545, 542);
INSERT INTO "TrackElement" ("id") VALUES (546);
INSERT INTO "Segment" ("id", "length") VALUES (546, 27);
UPDATE "TrackElement" SET "region" = 214 WHERE "id" = 546;
INSERT INTO "monitoredBy" VALUES (546, 542);
INSERT INTO "TrackElement" ("id") VALUES (547);
INSERT INTO "Segment" ("id", "length") VALUES (547, 973);
UPDATE "TrackElement" SET "region" = 214 WHERE "id" = 547;
INSERT INTO "monitoredBy" VALUES (547, 542);
INSERT INTO "Sensor" ("id") VALUES (548);
UPDATE "Sensor" SET "region" = 214 WHERE "id" = 548;
INSERT INTO "monitoredBy" VALUES (535, 548);
INSERT INTO "TrackElement" ("id") VALUES (549);
INSERT INTO "Segment" ("id", "length") VALUES (549, -40);
UPDATE "TrackElement" SET "region" = 214 WHERE "id" = 549;
INSERT INTO "monitoredBy" VALUES (549, 548);
INSERT INTO "TrackElement" ("id") VALUES (550);
INSERT INTO "Segment" ("id", "length") VALUES (550, 918);
UPDATE "TrackElement" SET "region" = 214 WHERE "id" = 550;
INSERT INTO "monitoredBy" VALUES (550, 548);
INSERT INTO "TrackElement" ("id") VALUES (551);
INSERT INTO "Segment" ("id", "length") VALUES (551, 772);
UPDATE "TrackElement" SET "region" = 214 WHERE "id" = 551;
INSERT INTO "monitoredBy" VALUES (551, 548);
INSERT INTO "TrackElement" ("id") VALUES (552);
INSERT INTO "Segment" ("id", "length") VALUES (552, 185);
UPDATE "TrackElement" SET "region" = 214 WHERE "id" = 552;
INSERT INTO "monitoredBy" VALUES (552, 548);
INSERT INTO "TrackElement" ("id") VALUES (553);
INSERT INTO "Segment" ("id", "length") VALUES (553, 817);
UPDATE "TrackElement" SET "region" = 214 WHERE "id" = 553;
INSERT INTO "monitoredBy" VALUES (553, 548);
INSERT INTO "Sensor" ("id") VALUES (554);
UPDATE "Sensor" SET "region" = 214 WHERE "id" = 554;
INSERT INTO "monitoredBy" VALUES (535, 554);
INSERT INTO "requires" VALUES (213, 554);
INSERT INTO "TrackElement" ("id") VALUES (555);
INSERT INTO "Segment" ("id", "length") VALUES (555, 850);
UPDATE "TrackElement" SET "region" = 214 WHERE "id" = 555;
INSERT INTO "monitoredBy" VALUES (555, 554);
INSERT INTO "TrackElement" ("id") VALUES (556);
INSERT INTO "Segment" ("id", "length") VALUES (556, 503);
UPDATE "TrackElement" SET "region" = 214 WHERE "id" = 556;
INSERT INTO "monitoredBy" VALUES (556, 554);
INSERT INTO "TrackElement" ("id") VALUES (557);
INSERT INTO "Segment" ("id", "length") VALUES (557, 314);
UPDATE "TrackElement" SET "region" = 214 WHERE "id" = 557;
INSERT INTO "monitoredBy" VALUES (557, 554);
INSERT INTO "TrackElement" ("id") VALUES (558);
INSERT INTO "Segment" ("id", "length") VALUES (558, 847);
UPDATE "TrackElement" SET "region" = 214 WHERE "id" = 558;
INSERT INTO "monitoredBy" VALUES (558, 554);
INSERT INTO "TrackElement" ("id") VALUES (559);
INSERT INTO "Segment" ("id", "length") VALUES (559, 300);
UPDATE "TrackElement" SET "region" = 214 WHERE "id" = 559;
INSERT INTO "monitoredBy" VALUES (559, 554);
INSERT INTO "Sensor" ("id") VALUES (560);
UPDATE "Sensor" SET "region" = 214 WHERE "id" = 560;
INSERT INTO "monitoredBy" VALUES (535, 560);
INSERT INTO "requires" VALUES (213, 560);
INSERT INTO "TrackElement" ("id") VALUES (561);
INSERT INTO "Segment" ("id", "length") VALUES (561, 121);
UPDATE "TrackElement" SET "region" = 214 WHERE "id" = 561;
INSERT INTO "monitoredBy" VALUES (561, 560);
INSERT INTO "TrackElement" ("id") VALUES (562);
INSERT INTO "Segment" ("id", "length") VALUES (562, 51);
UPDATE "TrackElement" SET "region" = 214 WHERE "id" = 562;
INSERT INTO "monitoredBy" VALUES (562, 560);
INSERT INTO "TrackElement" ("id") VALUES (563);
INSERT INTO "Segment" ("id", "length") VALUES (563, 977);
UPDATE "TrackElement" SET "region" = 214 WHERE "id" = 563;
INSERT INTO "monitoredBy" VALUES (563, 560);
INSERT INTO "TrackElement" ("id") VALUES (564);
INSERT INTO "Segment" ("id", "length") VALUES (564, 270);
UPDATE "TrackElement" SET "region" = 214 WHERE "id" = 564;
INSERT INTO "monitoredBy" VALUES (564, 560);
INSERT INTO "TrackElement" ("id") VALUES (565);
INSERT INTO "Segment" ("id", "length") VALUES (565, 130);
UPDATE "TrackElement" SET "region" = 214 WHERE "id" = 565;
INSERT INTO "monitoredBy" VALUES (565, 560);
INSERT INTO "SwitchPosition" ("id", "position", "target") VALUES (566, 1, 535);
UPDATE "SwitchPosition" SET "route" = 213 WHERE "id" = 566;
INSERT INTO "TrackElement" ("id") VALUES (567);
INSERT INTO "Switch" ("id", "currentPosition") VALUES (567, 1);
UPDATE "TrackElement" SET "region" = 214 WHERE "id" = 567;
INSERT INTO "Sensor" ("id") VALUES (568);
UPDATE "Sensor" SET "region" = 214 WHERE "id" = 568;
INSERT INTO "monitoredBy" VALUES (567, 568);
INSERT INTO "requires" VALUES (213, 568);
INSERT INTO "TrackElement" ("id") VALUES (569);
INSERT INTO "Segment" ("id", "length") VALUES (569, 195);
UPDATE "TrackElement" SET "region" = 214 WHERE "id" = 569;
INSERT INTO "monitoredBy" VALUES (569, 568);
INSERT INTO "TrackElement" ("id") VALUES (570);
INSERT INTO "Segment" ("id", "length") VALUES (570, 69);
UPDATE "TrackElement" SET "region" = 214 WHERE "id" = 570;
INSERT INTO "monitoredBy" VALUES (570, 568);
INSERT INTO "TrackElement" ("id") VALUES (571);
INSERT INTO "Segment" ("id", "length") VALUES (571, 899);
UPDATE "TrackElement" SET "region" = 214 WHERE "id" = 571;
INSERT INTO "monitoredBy" VALUES (571, 568);
INSERT INTO "TrackElement" ("id") VALUES (572);
INSERT INTO "Segment" ("id", "length") VALUES (572, 47);
UPDATE "TrackElement" SET "region" = 214 WHERE "id" = 572;
INSERT INTO "monitoredBy" VALUES (572, 568);
INSERT INTO "TrackElement" ("id") VALUES (573);
INSERT INTO "Segment" ("id", "length") VALUES (573, 373);
UPDATE "TrackElement" SET "region" = 214 WHERE "id" = 573;
INSERT INTO "monitoredBy" VALUES (573, 568);
INSERT INTO "Sensor" ("id") VALUES (574);
UPDATE "Sensor" SET "region" = 214 WHERE "id" = 574;
INSERT INTO "monitoredBy" VALUES (567, 574);
INSERT INTO "requires" VALUES (213, 574);
INSERT INTO "TrackElement" ("id") VALUES (575);
INSERT INTO "Segment" ("id", "length") VALUES (575, 521);
UPDATE "TrackElement" SET "region" = 214 WHERE "id" = 575;
INSERT INTO "monitoredBy" VALUES (575, 574);
INSERT INTO "TrackElement" ("id") VALUES (576);
INSERT INTO "Segment" ("id", "length") VALUES (576, 423);
UPDATE "TrackElement" SET "region" = 214 WHERE "id" = 576;
INSERT INTO "monitoredBy" VALUES (576, 574);
INSERT INTO "TrackElement" ("id") VALUES (577);
INSERT INTO "Segment" ("id", "length") VALUES (577, 21);
UPDATE "TrackElement" SET "region" = 214 WHERE "id" = 577;
INSERT INTO "monitoredBy" VALUES (577, 574);
INSERT INTO "TrackElement" ("id") VALUES (578);
INSERT INTO "Segment" ("id", "length") VALUES (578, 450);
UPDATE "TrackElement" SET "region" = 214 WHERE "id" = 578;
INSERT INTO "monitoredBy" VALUES (578, 574);
INSERT INTO "TrackElement" ("id") VALUES (579);
INSERT INTO "Segment" ("id", "length") VALUES (579, 820);
UPDATE "TrackElement" SET "region" = 214 WHERE "id" = 579;
INSERT INTO "monitoredBy" VALUES (579, 574);
INSERT INTO "SwitchPosition" ("id", "position", "target") VALUES (580, 1, 567);
UPDATE "SwitchPosition" SET "route" = 213 WHERE "id" = 580;
INSERT INTO "TrackElement" ("id") VALUES (581);
INSERT INTO "Switch" ("id", "currentPosition") VALUES (581, 1);
UPDATE "TrackElement" SET "region" = 214 WHERE "id" = 581;
INSERT INTO "Sensor" ("id") VALUES (582);
UPDATE "Sensor" SET "region" = 214 WHERE "id" = 582;
INSERT INTO "monitoredBy" VALUES (581, 582);
INSERT INTO "requires" VALUES (213, 582);
INSERT INTO "TrackElement" ("id") VALUES (583);
INSERT INTO "Segment" ("id", "length") VALUES (583, 372);
UPDATE "TrackElement" SET "region" = 214 WHERE "id" = 583;
INSERT INTO "monitoredBy" VALUES (583, 582);
INSERT INTO "TrackElement" ("id") VALUES (584);
INSERT INTO "Segment" ("id", "length") VALUES (584, 291);
UPDATE "TrackElement" SET "region" = 214 WHERE "id" = 584;
INSERT INTO "monitoredBy" VALUES (584, 582);
INSERT INTO "TrackElement" ("id") VALUES (585);
INSERT INTO "Segment" ("id", "length") VALUES (585, 993);
UPDATE "TrackElement" SET "region" = 214 WHERE "id" = 585;
INSERT INTO "monitoredBy" VALUES (585, 582);
INSERT INTO "TrackElement" ("id") VALUES (586);
INSERT INTO "Segment" ("id", "length") VALUES (586, -93);
UPDATE "TrackElement" SET "region" = 214 WHERE "id" = 586;
INSERT INTO "monitoredBy" VALUES (586, 582);
INSERT INTO "TrackElement" ("id") VALUES (587);
INSERT INTO "Segment" ("id", "length") VALUES (587, 455);
UPDATE "TrackElement" SET "region" = 214 WHERE "id" = 587;
INSERT INTO "monitoredBy" VALUES (587, 582);
INSERT INTO "Sensor" ("id") VALUES (588);
UPDATE "Sensor" SET "region" = 214 WHERE "id" = 588;
INSERT INTO "monitoredBy" VALUES (581, 588);
INSERT INTO "requires" VALUES (213, 588);
INSERT INTO "TrackElement" ("id") VALUES (589);
INSERT INTO "Segment" ("id", "length") VALUES (589, 522);
UPDATE "TrackElement" SET "region" = 214 WHERE "id" = 589;
INSERT INTO "monitoredBy" VALUES (589, 588);
INSERT INTO "TrackElement" ("id") VALUES (590);
INSERT INTO "Segment" ("id", "length") VALUES (590, 325);
UPDATE "TrackElement" SET "region" = 214 WHERE "id" = 590;
INSERT INTO "monitoredBy" VALUES (590, 588);
INSERT INTO "TrackElement" ("id") VALUES (591);
INSERT INTO "Segment" ("id", "length") VALUES (591, 984);
UPDATE "TrackElement" SET "region" = 214 WHERE "id" = 591;
INSERT INTO "monitoredBy" VALUES (591, 588);
INSERT INTO "TrackElement" ("id") VALUES (592);
INSERT INTO "Segment" ("id", "length") VALUES (592, 536);
UPDATE "TrackElement" SET "region" = 214 WHERE "id" = 592;
INSERT INTO "monitoredBy" VALUES (592, 588);
INSERT INTO "TrackElement" ("id") VALUES (593);
INSERT INTO "Segment" ("id", "length") VALUES (593, 460);
UPDATE "TrackElement" SET "region" = 214 WHERE "id" = 593;
INSERT INTO "monitoredBy" VALUES (593, 588);
INSERT INTO "SwitchPosition" ("id", "position", "target") VALUES (594, 1, 581);
UPDATE "SwitchPosition" SET "route" = 213 WHERE "id" = 594;
INSERT INTO "TrackElement" ("id") VALUES (595);
INSERT INTO "Switch" ("id", "currentPosition") VALUES (595, 0);
UPDATE "TrackElement" SET "region" = 214 WHERE "id" = 595;
INSERT INTO "Sensor" ("id") VALUES (596);
UPDATE "Sensor" SET "region" = 214 WHERE "id" = 596;
INSERT INTO "monitoredBy" VALUES (595, 596);
INSERT INTO "requires" VALUES (213, 596);
INSERT INTO "TrackElement" ("id") VALUES (597);
INSERT INTO "Segment" ("id", "length") VALUES (597, 108);
UPDATE "TrackElement" SET "region" = 214 WHERE "id" = 597;
INSERT INTO "monitoredBy" VALUES (597, 596);
INSERT INTO "TrackElement" ("id") VALUES (598);
INSERT INTO "Segment" ("id", "length") VALUES (598, 691);
UPDATE "TrackElement" SET "region" = 214 WHERE "id" = 598;
INSERT INTO "monitoredBy" VALUES (598, 596);
INSERT INTO "TrackElement" ("id") VALUES (599);
INSERT INTO "Segment" ("id", "length") VALUES (599, 176);
UPDATE "TrackElement" SET "region" = 214 WHERE "id" = 599;
INSERT INTO "monitoredBy" VALUES (599, 596);
INSERT INTO "TrackElement" ("id") VALUES (600);
INSERT INTO "Segment" ("id", "length") VALUES (600, 822);
UPDATE "TrackElement" SET "region" = 214 WHERE "id" = 600;
INSERT INTO "monitoredBy" VALUES (600, 596);
INSERT INTO "TrackElement" ("id") VALUES (601);
INSERT INTO "Segment" ("id", "length") VALUES (601, 759);
UPDATE "TrackElement" SET "region" = 214 WHERE "id" = 601;
INSERT INTO "monitoredBy" VALUES (601, 596);
INSERT INTO "Sensor" ("id") VALUES (602);
UPDATE "Sensor" SET "region" = 214 WHERE "id" = 602;
INSERT INTO "monitoredBy" VALUES (595, 602);
INSERT INTO "requires" VALUES (213, 602);
INSERT INTO "TrackElement" ("id") VALUES (603);
INSERT INTO "Segment" ("id", "length") VALUES (603, 348);
UPDATE "TrackElement" SET "region" = 214 WHERE "id" = 603;
INSERT INTO "monitoredBy" VALUES (603, 602);
INSERT INTO "TrackElement" ("id") VALUES (604);
INSERT INTO "Segment" ("id", "length") VALUES (604, 61);
UPDATE "TrackElement" SET "region" = 214 WHERE "id" = 604;
INSERT INTO "monitoredBy" VALUES (604, 602);
INSERT INTO "TrackElement" ("id") VALUES (605);
INSERT INTO "Segment" ("id", "length") VALUES (605, -825);
UPDATE "TrackElement" SET "region" = 214 WHERE "id" = 605;
INSERT INTO "monitoredBy" VALUES (605, 602);
INSERT INTO "TrackElement" ("id") VALUES (606);
INSERT INTO "Segment" ("id", "length") VALUES (606, 917);
UPDATE "TrackElement" SET "region" = 214 WHERE "id" = 606;
INSERT INTO "monitoredBy" VALUES (606, 602);
INSERT INTO "TrackElement" ("id") VALUES (607);
INSERT INTO "Segment" ("id", "length") VALUES (607, -747);
UPDATE "TrackElement" SET "region" = 214 WHERE "id" = 607;
INSERT INTO "monitoredBy" VALUES (607, 602);
INSERT INTO "Sensor" ("id") VALUES (608);
UPDATE "Sensor" SET "region" = 214 WHERE "id" = 608;
INSERT INTO "monitoredBy" VALUES (595, 608);
INSERT INTO "requires" VALUES (213, 608);
INSERT INTO "TrackElement" ("id") VALUES (609);
INSERT INTO "Segment" ("id", "length") VALUES (609, 569);
UPDATE "TrackElement" SET "region" = 214 WHERE "id" = 609;
INSERT INTO "monitoredBy" VALUES (609, 608);
INSERT INTO "TrackElement" ("id") VALUES (610);
INSERT INTO "Segment" ("id", "length") VALUES (610, 934);
UPDATE "TrackElement" SET "region" = 214 WHERE "id" = 610;
INSERT INTO "monitoredBy" VALUES (610, 608);
INSERT INTO "TrackElement" ("id") VALUES (611);
INSERT INTO "Segment" ("id", "length") VALUES (611, 971);
UPDATE "TrackElement" SET "region" = 214 WHERE "id" = 611;
INSERT INTO "monitoredBy" VALUES (611, 608);
INSERT INTO "TrackElement" ("id") VALUES (612);
INSERT INTO "Segment" ("id", "length") VALUES (612, -902);
UPDATE "TrackElement" SET "region" = 214 WHERE "id" = 612;
INSERT INTO "monitoredBy" VALUES (612, 608);
INSERT INTO "TrackElement" ("id") VALUES (613);
INSERT INTO "Segment" ("id", "length") VALUES (613, 593);
UPDATE "TrackElement" SET "region" = 214 WHERE "id" = 613;
INSERT INTO "monitoredBy" VALUES (613, 608);
INSERT INTO "Sensor" ("id") VALUES (614);
UPDATE "Sensor" SET "region" = 214 WHERE "id" = 614;
INSERT INTO "monitoredBy" VALUES (595, 614);
INSERT INTO "TrackElement" ("id") VALUES (615);
INSERT INTO "Segment" ("id", "length") VALUES (615, 571);
UPDATE "TrackElement" SET "region" = 214 WHERE "id" = 615;
INSERT INTO "monitoredBy" VALUES (615, 614);
INSERT INTO "TrackElement" ("id") VALUES (616);
INSERT INTO "Segment" ("id", "length") VALUES (616, 358);
UPDATE "TrackElement" SET "region" = 214 WHERE "id" = 616;
INSERT INTO "monitoredBy" VALUES (616, 614);
INSERT INTO "TrackElement" ("id") VALUES (617);
INSERT INTO "Segment" ("id", "length") VALUES (617, 787);
UPDATE "TrackElement" SET "region" = 214 WHERE "id" = 617;
INSERT INTO "monitoredBy" VALUES (617, 614);
INSERT INTO "TrackElement" ("id") VALUES (618);
INSERT INTO "Segment" ("id", "length") VALUES (618, 673);
UPDATE "TrackElement" SET "region" = 214 WHERE "id" = 618;
INSERT INTO "monitoredBy" VALUES (618, 614);
INSERT INTO "TrackElement" ("id") VALUES (619);
INSERT INTO "Segment" ("id", "length") VALUES (619, 35);
UPDATE "TrackElement" SET "region" = 214 WHERE "id" = 619;
INSERT INTO "monitoredBy" VALUES (619, 614);
INSERT INTO "SwitchPosition" ("id", "position", "target") VALUES (620, 0, 595);
UPDATE "SwitchPosition" SET "route" = 213 WHERE "id" = 620;
INSERT INTO "connectsTo" VALUES (215, 217);
INSERT INTO "connectsTo" VALUES (217, 218);
INSERT INTO "connectsTo" VALUES (218, 219);
INSERT INTO "connectsTo" VALUES (219, 220);
INSERT INTO "connectsTo" VALUES (220, 221);
INSERT INTO "connectsTo" VALUES (221, 223);
INSERT INTO "connectsTo" VALUES (223, 224);
INSERT INTO "connectsTo" VALUES (224, 225);
INSERT INTO "connectsTo" VALUES (225, 226);
INSERT INTO "connectsTo" VALUES (226, 227);
INSERT INTO "connectsTo" VALUES (227, 229);
INSERT INTO "connectsTo" VALUES (229, 230);
INSERT INTO "connectsTo" VALUES (230, 231);
INSERT INTO "connectsTo" VALUES (231, 232);
INSERT INTO "connectsTo" VALUES (232, 233);
INSERT INTO "connectsTo" VALUES (233, 235);
INSERT INTO "connectsTo" VALUES (235, 236);
INSERT INTO "connectsTo" VALUES (236, 237);
INSERT INTO "connectsTo" VALUES (237, 238);
INSERT INTO "connectsTo" VALUES (238, 239);
INSERT INTO "connectsTo" VALUES (239, 241);
INSERT INTO "connectsTo" VALUES (241, 242);
INSERT INTO "connectsTo" VALUES (242, 243);
INSERT INTO "connectsTo" VALUES (243, 244);
INSERT INTO "connectsTo" VALUES (244, 245);
INSERT INTO "connectsTo" VALUES (245, 247);
INSERT INTO "connectsTo" VALUES (247, 248);
INSERT INTO "connectsTo" VALUES (248, 249);
INSERT INTO "connectsTo" VALUES (249, 250);
INSERT INTO "connectsTo" VALUES (250, 251);
INSERT INTO "connectsTo" VALUES (251, 253);
INSERT INTO "connectsTo" VALUES (253, 254);
INSERT INTO "connectsTo" VALUES (254, 255);
INSERT INTO "connectsTo" VALUES (255, 256);
INSERT INTO "connectsTo" VALUES (256, 257);
INSERT INTO "connectsTo" VALUES (257, 259);
INSERT INTO "connectsTo" VALUES (259, 260);
INSERT INTO "connectsTo" VALUES (260, 261);
INSERT INTO "connectsTo" VALUES (261, 262);
INSERT INTO "connectsTo" VALUES (262, 263);
INSERT INTO "connectsTo" VALUES (263, 265);
INSERT INTO "connectsTo" VALUES (265, 266);
INSERT INTO "connectsTo" VALUES (266, 267);
INSERT INTO "connectsTo" VALUES (267, 268);
INSERT INTO "connectsTo" VALUES (268, 269);
INSERT INTO "connectsTo" VALUES (269, 271);
INSERT INTO "connectsTo" VALUES (271, 273);
INSERT INTO "connectsTo" VALUES (273, 274);
INSERT INTO "connectsTo" VALUES (274, 275);
INSERT INTO "connectsTo" VALUES (275, 276);
INSERT INTO "connectsTo" VALUES (276, 277);
INSERT INTO "connectsTo" VALUES (277, 279);
INSERT INTO "connectsTo" VALUES (279, 280);
INSERT INTO "connectsTo" VALUES (280, 281);
INSERT INTO "connectsTo" VALUES (281, 282);
INSERT INTO "connectsTo" VALUES (282, 283);
INSERT INTO "connectsTo" VALUES (283, 285);
INSERT INTO "connectsTo" VALUES (285, 287);
INSERT INTO "connectsTo" VALUES (287, 288);
INSERT INTO "connectsTo" VALUES (288, 289);
INSERT INTO "connectsTo" VALUES (289, 290);
INSERT INTO "connectsTo" VALUES (290, 291);
INSERT INTO "connectsTo" VALUES (291, 293);
INSERT INTO "connectsTo" VALUES (293, 294);
INSERT INTO "connectsTo" VALUES (294, 295);
INSERT INTO "connectsTo" VALUES (295, 296);
INSERT INTO "connectsTo" VALUES (296, 297);
INSERT INTO "connectsTo" VALUES (297, 299);
INSERT INTO "connectsTo" VALUES (299, 300);
INSERT INTO "connectsTo" VALUES (300, 301);
INSERT INTO "connectsTo" VALUES (301, 302);
INSERT INTO "connectsTo" VALUES (302, 303);
INSERT INTO "connectsTo" VALUES (303, 305);
INSERT INTO "connectsTo" VALUES (305, 307);
INSERT INTO "connectsTo" VALUES (307, 308);
INSERT INTO "connectsTo" VALUES (308, 309);
INSERT INTO "connectsTo" VALUES (309, 310);
INSERT INTO "connectsTo" VALUES (310, 311);
INSERT INTO "connectsTo" VALUES (311, 313);
INSERT INTO "connectsTo" VALUES (313, 315);
INSERT INTO "connectsTo" VALUES (315, 316);
INSERT INTO "connectsTo" VALUES (316, 317);
INSERT INTO "connectsTo" VALUES (317, 318);
INSERT INTO "connectsTo" VALUES (318, 319);
INSERT INTO "connectsTo" VALUES (319, 321);
INSERT INTO "connectsTo" VALUES (321, 322);
INSERT INTO "connectsTo" VALUES (322, 323);
INSERT INTO "connectsTo" VALUES (323, 324);
INSERT INTO "connectsTo" VALUES (324, 325);
INSERT INTO "connectsTo" VALUES (325, 327);
INSERT INTO "connectsTo" VALUES (327, 328);
INSERT INTO "connectsTo" VALUES (328, 329);
INSERT INTO "connectsTo" VALUES (329, 330);
INSERT INTO "connectsTo" VALUES (330, 331);
INSERT INTO "connectsTo" VALUES (331, 333);
INSERT INTO "connectsTo" VALUES (333, 334);
INSERT INTO "connectsTo" VALUES (334, 335);
INSERT INTO "connectsTo" VALUES (335, 336);
INSERT INTO "connectsTo" VALUES (336, 337);
INSERT INTO "connectsTo" VALUES (337, 339);
INSERT INTO "connectsTo" VALUES (339, 341);
INSERT INTO "connectsTo" VALUES (341, 342);
INSERT INTO "connectsTo" VALUES (342, 343);
INSERT INTO "connectsTo" VALUES (343, 344);
INSERT INTO "connectsTo" VALUES (344, 345);
INSERT INTO "connectsTo" VALUES (345, 347);
INSERT INTO "connectsTo" VALUES (347, 348);
INSERT INTO "connectsTo" VALUES (348, 349);
INSERT INTO "connectsTo" VALUES (349, 350);
INSERT INTO "connectsTo" VALUES (350, 351);
INSERT INTO "connectsTo" VALUES (351, 353);
INSERT INTO "connectsTo" VALUES (353, 354);
INSERT INTO "connectsTo" VALUES (354, 355);
INSERT INTO "connectsTo" VALUES (355, 356);
INSERT INTO "connectsTo" VALUES (356, 357);
INSERT INTO "connectsTo" VALUES (357, 359);
INSERT INTO "connectsTo" VALUES (359, 361);
INSERT INTO "connectsTo" VALUES (361, 362);
INSERT INTO "connectsTo" VALUES (362, 363);
INSERT INTO "connectsTo" VALUES (363, 364);
INSERT INTO "connectsTo" VALUES (364, 365);
INSERT INTO "connectsTo" VALUES (365, 367);
INSERT INTO "connectsTo" VALUES (367, 368);
INSERT INTO "connectsTo" VALUES (368, 369);
INSERT INTO "connectsTo" VALUES (369, 370);
INSERT INTO "connectsTo" VALUES (370, 371);
INSERT INTO "connectsTo" VALUES (371, 373);
INSERT INTO "connectsTo" VALUES (373, 374);
INSERT INTO "connectsTo" VALUES (374, 375);
INSERT INTO "connectsTo" VALUES (375, 376);
INSERT INTO "connectsTo" VALUES (376, 377);
INSERT INTO "connectsTo" VALUES (377, 379);
INSERT INTO "connectsTo" VALUES (379, 380);
INSERT INTO "connectsTo" VALUES (380, 381);
INSERT INTO "connectsTo" VALUES (381, 382);
INSERT INTO "connectsTo" VALUES (382, 383);
INSERT INTO "connectsTo" VALUES (383, 385);
INSERT INTO "connectsTo" VALUES (385, 386);
INSERT INTO "connectsTo" VALUES (386, 387);
INSERT INTO "connectsTo" VALUES (387, 388);
INSERT INTO "connectsTo" VALUES (388, 389);
INSERT INTO "connectsTo" VALUES (389, 391);
INSERT INTO "connectsTo" VALUES (391, 392);
INSERT INTO "connectsTo" VALUES (392, 393);
INSERT INTO "connectsTo" VALUES (393, 394);
INSERT INTO "connectsTo" VALUES (394, 395);
INSERT INTO "connectsTo" VALUES (395, 397);
INSERT INTO "connectsTo" VALUES (397, 398);
INSERT INTO "connectsTo" VALUES (398, 399);
INSERT INTO "connectsTo" VALUES (399, 400);
INSERT INTO "connectsTo" VALUES (400, 401);
INSERT INTO "connectsTo" VALUES (401, 403);
INSERT INTO "connectsTo" VALUES (403, 405);
INSERT INTO "connectsTo" VALUES (405, 406);
INSERT INTO "connectsTo" VALUES (406, 407);
INSERT INTO "connectsTo" VALUES (407, 408);
INSERT INTO "connectsTo" VALUES (408, 409);
INSERT INTO "connectsTo" VALUES (409, 411);
INSERT INTO "connectsTo" VALUES (411, 412);
INSERT INTO "connectsTo" VALUES (412, 413);
INSERT INTO "connectsTo" VALUES (413, 414);
INSERT INTO "connectsTo" VALUES (414, 415);
INSERT INTO "connectsTo" VALUES (415, 417);
INSERT INTO "connectsTo" VALUES (417, 418);
INSERT INTO "connectsTo" VALUES (418, 419);
INSERT INTO "connectsTo" VALUES (419, 420);
INSERT INTO "connectsTo" VALUES (420, 421);
INSERT INTO "connectsTo" VALUES (421, 423);
INSERT INTO "connectsTo" VALUES (423, 424);
INSERT INTO "connectsTo" VALUES (424, 425);
INSERT INTO "connectsTo" VALUES (425, 426);
INSERT INTO "connectsTo" VALUES (426, 427);
INSERT INTO "connectsTo" VALUES (427, 429);
INSERT INTO "connectsTo" VALUES (429, 430);
INSERT INTO "connectsTo" VALUES (430, 431);
INSERT INTO "connectsTo" VALUES (431, 432);
INSERT INTO "connectsTo" VALUES (432, 433);
INSERT INTO "connectsTo" VALUES (433, 435);
INSERT INTO "connectsTo" VALUES (435, 436);
INSERT INTO "connectsTo" VALUES (436, 437);
INSERT INTO "connectsTo" VALUES (437, 438);
INSERT INTO "connectsTo" VALUES (438, 439);
INSERT INTO "connectsTo" VALUES (439, 441);
INSERT INTO "connectsTo" VALUES (441, 442);
INSERT INTO "connectsTo" VALUES (442, 443);
INSERT INTO "connectsTo" VALUES (443, 444);
INSERT INTO "connectsTo" VALUES (444, 445);
INSERT INTO "connectsTo" VALUES (445, 447);
INSERT INTO "connectsTo" VALUES (447, 448);
INSERT INTO "connectsTo" VALUES (448, 449);
INSERT INTO "connectsTo" VALUES (449, 450);
INSERT INTO "connectsTo" VALUES (450, 451);
INSERT INTO "connectsTo" VALUES (451, 453);
INSERT INTO "connectsTo" VALUES (453, 454);
INSERT INTO "connectsTo" VALUES (454, 455);
INSERT INTO "connectsTo" VALUES (455, 456);
INSERT INTO "connectsTo" VALUES (456, 457);
INSERT INTO "connectsTo" VALUES (457, 459);
INSERT INTO "connectsTo" VALUES (459, 461);
INSERT INTO "connectsTo" VALUES (461, 462);
INSERT INTO "connectsTo" VALUES (462, 463);
INSERT INTO "connectsTo" VALUES (463, 464);
INSERT INTO "connectsTo" VALUES (464, 465);
INSERT INTO "connectsTo" VALUES (465, 467);
INSERT INTO "connectsTo" VALUES (467, 468);
INSERT INTO "connectsTo" VALUES (468, 469);
INSERT INTO "connectsTo" VALUES (469, 470);
INSERT INTO "connectsTo" VALUES (470, 471);
INSERT INTO "connectsTo" VALUES (471, 473);
INSERT INTO "connectsTo" VALUES (473, 474);
INSERT INTO "connectsTo" VALUES (474, 475);
INSERT INTO "connectsTo" VALUES (475, 476);
INSERT INTO "connectsTo" VALUES (476, 477);
INSERT INTO "connectsTo" VALUES (477, 479);
INSERT INTO "connectsTo" VALUES (479, 480);
INSERT INTO "connectsTo" VALUES (480, 481);
INSERT INTO "connectsTo" VALUES (481, 482);
INSERT INTO "connectsTo" VALUES (482, 483);
INSERT INTO "connectsTo" VALUES (483, 485);
INSERT INTO "connectsTo" VALUES (485, 486);
INSERT INTO "connectsTo" VALUES (486, 487);
INSERT INTO "connectsTo" VALUES (487, 488);
INSERT INTO "connectsTo" VALUES (488, 489);
INSERT INTO "connectsTo" VALUES (489, 491);
INSERT INTO "connectsTo" VALUES (491, 492);
INSERT INTO "connectsTo" VALUES (492, 493);
INSERT INTO "connectsTo" VALUES (493, 494);
INSERT INTO "connectsTo" VALUES (494, 495);
INSERT INTO "connectsTo" VALUES (495, 497);
INSERT INTO "connectsTo" VALUES (497, 498);
INSERT INTO "connectsTo" VALUES (498, 499);
INSERT INTO "connectsTo" VALUES (499, 500);
INSERT INTO "connectsTo" VALUES (500, 501);
INSERT INTO "connectsTo" VALUES (501, 503);
INSERT INTO "connectsTo" VALUES (503, 504);
INSERT INTO "connectsTo" VALUES (504, 505);
INSERT INTO "connectsTo" VALUES (505, 506);
INSERT INTO "connectsTo" VALUES (506, 507);
INSERT INTO "connectsTo" VALUES (507, 509);
INSERT INTO "connectsTo" VALUES (509, 511);
INSERT INTO "connectsTo" VALUES (511, 512);
INSERT INTO "connectsTo" VALUES (512, 513);
INSERT INTO "connectsTo" VALUES (513, 514);
INSERT INTO "connectsTo" VALUES (514, 515);
INSERT INTO "connectsTo" VALUES (515, 517);
INSERT INTO "connectsTo" VALUES (517, 518);
INSERT INTO "connectsTo" VALUES (518, 519);
INSERT INTO "connectsTo" VALUES (519, 520);
INSERT INTO "connectsTo" VALUES (520, 521);
INSERT INTO "connectsTo" VALUES (521, 523);
INSERT INTO "connectsTo" VALUES (523, 524);
INSERT INTO "connectsTo" VALUES (524, 525);
INSERT INTO "connectsTo" VALUES (525, 526);
INSERT INTO "connectsTo" VALUES (526, 527);
INSERT INTO "connectsTo" VALUES (527, 529);
INSERT INTO "connectsTo" VALUES (529, 530);
INSERT INTO "connectsTo" VALUES (530, 531);
INSERT INTO "connectsTo" VALUES (531, 532);
INSERT INTO "connectsTo" VALUES (532, 533);
INSERT INTO "connectsTo" VALUES (533, 535);
INSERT INTO "connectsTo" VALUES (535, 537);
INSERT INTO "connectsTo" VALUES (537, 538);
INSERT INTO "connectsTo" VALUES (538, 539);
INSERT INTO "connectsTo" VALUES (539, 540);
INSERT INTO "connectsTo" VALUES (540, 541);
INSERT INTO "connectsTo" VALUES (541, 543);
INSERT INTO "connectsTo" VALUES (543, 544);
INSERT INTO "connectsTo" VALUES (544, 545);
INSERT INTO "connectsTo" VALUES (545, 546);
INSERT INTO "connectsTo" VALUES (546, 547);
INSERT INTO "connectsTo" VALUES (547, 549);
INSERT INTO "connectsTo" VALUES (549, 550);
INSERT INTO "connectsTo" VALUES (550, 551);
INSERT INTO "connectsTo" VALUES (551, 552);
INSERT INTO "connectsTo" VALUES (552, 553);
INSERT INTO "connectsTo" VALUES (553, 555);
INSERT INTO "connectsTo" VALUES (555, 556);
INSERT INTO "connectsTo" VALUES (556, 557);
INSERT INTO "connectsTo" VALUES (557, 558);
INSERT INTO "connectsTo" VALUES (558, 559);
INSERT INTO "connectsTo" VALUES (559, 561);
INSERT INTO "connectsTo" VALUES (561, 562);
INSERT INTO "connectsTo" VALUES (562, 563);
INSERT INTO "connectsTo" VALUES (563, 564);
INSERT INTO "connectsTo" VALUES (564, 565);
INSERT INTO "connectsTo" VALUES (565, 567);
INSERT INTO "connectsTo" VALUES (567, 569);
INSERT INTO "connectsTo" VALUES (569, 570);
INSERT INTO "connectsTo" VALUES (570, 571);
INSERT INTO "connectsTo" VALUES (571, 572);
INSERT INTO "connectsTo" VALUES (572, 573);
INSERT INTO "connectsTo" VALUES (573, 575);
INSERT INTO "connectsTo" VALUES (575, 576);
INSERT INTO "connectsTo" VALUES (576, 577);
INSERT INTO "connectsTo" VALUES (577, 578);
INSERT INTO "connectsTo" VALUES (578, 579);
INSERT INTO "connectsTo" VALUES (579, 581);
INSERT INTO "connectsTo" VALUES (581, 583);
INSERT INTO "connectsTo" VALUES (583, 584);
INSERT INTO "connectsTo" VALUES (584, 585);
INSERT INTO "connectsTo" VALUES (585, 586);
INSERT INTO "connectsTo" VALUES (586, 587);
INSERT INTO "connectsTo" VALUES (587, 589);
INSERT INTO "connectsTo" VALUES (589, 590);
INSERT INTO "connectsTo" VALUES (590, 591);
INSERT INTO "connectsTo" VALUES (591, 592);
INSERT INTO "connectsTo" VALUES (592, 593);
INSERT INTO "connectsTo" VALUES (593, 595);
INSERT INTO "connectsTo" VALUES (595, 597);
INSERT INTO "connectsTo" VALUES (597, 598);
INSERT INTO "connectsTo" VALUES (598, 599);
INSERT INTO "connectsTo" VALUES (599, 600);
INSERT INTO "connectsTo" VALUES (600, 601);
INSERT INTO "connectsTo" VALUES (601, 603);
INSERT INTO "connectsTo" VALUES (603, 604);
INSERT INTO "connectsTo" VALUES (604, 605);
INSERT INTO "connectsTo" VALUES (605, 606);
INSERT INTO "connectsTo" VALUES (606, 607);
INSERT INTO "connectsTo" VALUES (607, 609);
INSERT INTO "connectsTo" VALUES (609, 610);
INSERT INTO "connectsTo" VALUES (610, 611);
INSERT INTO "connectsTo" VALUES (611, 612);
INSERT INTO "connectsTo" VALUES (612, 613);
INSERT INTO "connectsTo" VALUES (613, 615);
INSERT INTO "connectsTo" VALUES (615, 616);
INSERT INTO "connectsTo" VALUES (616, 617);
INSERT INTO "connectsTo" VALUES (617, 618);
INSERT INTO "connectsTo" VALUES (618, 619);
INSERT INTO "connectsTo" VALUES (210, 215);
INSERT INTO "Semaphore" ("id", "signal") VALUES (621, 2);
INSERT INTO "Route" ("id", "active", "entry", "exit") VALUES (622, 1, NULL, 621);
INSERT INTO "Region" ("id") VALUES (623);
INSERT INTO "TrackElement" ("id") VALUES (624);
INSERT INTO "Switch" ("id", "currentPosition") VALUES (624, 0);
UPDATE "TrackElement" SET "region" = 623 WHERE "id" = 624;
INSERT INTO "Sensor" ("id") VALUES (625);
UPDATE "Sensor" SET "region" = 623 WHERE "id" = 625;
INSERT INTO "monitoredBy" VALUES (624, 625);
INSERT INTO "requires" VALUES (622, 625);
INSERT INTO "TrackElement" ("id") VALUES (626);
INSERT INTO "Segment" ("id", "length") VALUES (626, 969);
UPDATE "TrackElement" SET "region" = 623 WHERE "id" = 626;
INSERT INTO "monitoredBy" VALUES (626, 625);
UPDATE "Semaphore" SET "segment" = 626 WHERE "id" = 621;
INSERT INTO "TrackElement" ("id") VALUES (627);
INSERT INTO "Segment" ("id", "length") VALUES (627, 718);
UPDATE "TrackElement" SET "region" = 623 WHERE "id" = 627;
INSERT INTO "monitoredBy" VALUES (627, 625);
INSERT INTO "TrackElement" ("id") VALUES (628);
INSERT INTO "Segment" ("id", "length") VALUES (628, 421);
UPDATE "TrackElement" SET "region" = 623 WHERE "id" = 628;
INSERT INTO "monitoredBy" VALUES (628, 625);
INSERT INTO "TrackElement" ("id") VALUES (629);
INSERT INTO "Segment" ("id", "length") VALUES (629, 307);
UPDATE "TrackElement" SET "region" = 623 WHERE "id" = 629;
INSERT INTO "monitoredBy" VALUES (629, 625);
INSERT INTO "TrackElement" ("id") VALUES (630);
INSERT INTO "Segment" ("id", "length") VALUES (630, 514);
UPDATE "TrackElement" SET "region" = 623 WHERE "id" = 630;
INSERT INTO "monitoredBy" VALUES (630, 625);
INSERT INTO "SwitchPosition" ("id", "position", "target") VALUES (631, 0, 624);
UPDATE "SwitchPosition" SET "route" = 622 WHERE "id" = 631;
INSERT INTO "TrackElement" ("id") VALUES (632);
INSERT INTO "Switch" ("id", "currentPosition") VALUES (632, 0);
UPDATE "TrackElement" SET "region" = 623 WHERE "id" = 632;
INSERT INTO "Sensor" ("id") VALUES (633);
UPDATE "Sensor" SET "region" = 623 WHERE "id" = 633;
INSERT INTO "monitoredBy" VALUES (632, 633);
INSERT INTO "requires" VALUES (622, 633);
INSERT INTO "TrackElement" ("id") VALUES (634);
INSERT INTO "Segment" ("id", "length") VALUES (634, 161);
UPDATE "TrackElement" SET "region" = 623 WHERE "id" = 634;
INSERT INTO "monitoredBy" VALUES (634, 633);
INSERT INTO "TrackElement" ("id") VALUES (635);
INSERT INTO "Segment" ("id", "length") VALUES (635, 530);
UPDATE "TrackElement" SET "region" = 623 WHERE "id" = 635;
INSERT INTO "monitoredBy" VALUES (635, 633);
INSERT INTO "TrackElement" ("id") VALUES (636);
INSERT INTO "Segment" ("id", "length") VALUES (636, 1000);
UPDATE "TrackElement" SET "region" = 623 WHERE "id" = 636;
INSERT INTO "monitoredBy" VALUES (636, 633);
INSERT INTO "TrackElement" ("id") VALUES (637);
INSERT INTO "Segment" ("id", "length") VALUES (637, 686);
UPDATE "TrackElement" SET "region" = 623 WHERE "id" = 637;
INSERT INTO "monitoredBy" VALUES (637, 633);
INSERT INTO "TrackElement" ("id") VALUES (638);
INSERT INTO "Segment" ("id", "length") VALUES (638, 534);
UPDATE "TrackElement" SET "region" = 623 WHERE "id" = 638;
INSERT INTO "monitoredBy" VALUES (638, 633);
INSERT INTO "Sensor" ("id") VALUES (639);
UPDATE "Sensor" SET "region" = 623 WHERE "id" = 639;
INSERT INTO "monitoredBy" VALUES (632, 639);
INSERT INTO "requires" VALUES (622, 639);
INSERT INTO "TrackElement" ("id") VALUES (640);
INSERT INTO "Segment" ("id", "length") VALUES (640, -856);
UPDATE "TrackElement" SET "region" = 623 WHERE "id" = 640;
INSERT INTO "monitoredBy" VALUES (640, 639);
INSERT INTO "TrackElement" ("id") VALUES (641);
INSERT INTO "Segment" ("id", "length") VALUES (641, 520);
UPDATE "TrackElement" SET "region" = 623 WHERE "id" = 641;
INSERT INTO "monitoredBy" VALUES (641, 639);
INSERT INTO "TrackElement" ("id") VALUES (642);
INSERT INTO "Segment" ("id", "length") VALUES (642, 909);
UPDATE "TrackElement" SET "region" = 623 WHERE "id" = 642;
INSERT INTO "monitoredBy" VALUES (642, 639);
INSERT INTO "TrackElement" ("id") VALUES (643);
INSERT INTO "Segment" ("id", "length") VALUES (643, 664);
UPDATE "TrackElement" SET "region" = 623 WHERE "id" = 643;
INSERT INTO "monitoredBy" VALUES (643, 639);
INSERT INTO "TrackElement" ("id") VALUES (644);
INSERT INTO "Segment" ("id", "length") VALUES (644, 750);
UPDATE "TrackElement" SET "region" = 623 WHERE "id" = 644;
INSERT INTO "monitoredBy" VALUES (644, 639);
INSERT INTO "Sensor" ("id") VALUES (645);
UPDATE "Sensor" SET "region" = 623 WHERE "id" = 645;
INSERT INTO "monitoredBy" VALUES (632, 645);
INSERT INTO "requires" VALUES (622, 645);
INSERT INTO "TrackElement" ("id") VALUES (646);
INSERT INTO "Segment" ("id", "length") VALUES (646, 944);
UPDATE "TrackElement" SET "region" = 623 WHERE "id" = 646;
INSERT INTO "monitoredBy" VALUES (646, 645);
INSERT INTO "TrackElement" ("id") VALUES (647);
INSERT INTO "Segment" ("id", "length") VALUES (647, 200);
UPDATE "TrackElement" SET "region" = 623 WHERE "id" = 647;
INSERT INTO "monitoredBy" VALUES (647, 645);
INSERT INTO "TrackElement" ("id") VALUES (648);
INSERT INTO "Segment" ("id", "length") VALUES (648, 895);
UPDATE "TrackElement" SET "region" = 623 WHERE "id" = 648;
INSERT INTO "monitoredBy" VALUES (648, 645);
INSERT INTO "TrackElement" ("id") VALUES (649);
INSERT INTO "Segment" ("id", "length") VALUES (649, 79);
UPDATE "TrackElement" SET "region" = 623 WHERE "id" = 649;
INSERT INTO "monitoredBy" VALUES (649, 645);
INSERT INTO "TrackElement" ("id") VALUES (650);
INSERT INTO "Segment" ("id", "length") VALUES (650, 214);
UPDATE "TrackElement" SET "region" = 623 WHERE "id" = 650;
INSERT INTO "monitoredBy" VALUES (650, 645);
INSERT INTO "Sensor" ("id") VALUES (651);
UPDATE "Sensor" SET "region" = 623 WHERE "id" = 651;
INSERT INTO "monitoredBy" VALUES (632, 651);
INSERT INTO "requires" VALUES (622, 651);
INSERT INTO "TrackElement" ("id") VALUES (652);
INSERT INTO "Segment" ("id", "length") VALUES (652, -133);
UPDATE "TrackElement" SET "region" = 623 WHERE "id" = 652;
INSERT INTO "monitoredBy" VALUES (652, 651);
INSERT INTO "TrackElement" ("id") VALUES (653);
INSERT INTO "Segment" ("id", "length") VALUES (653, 345);
UPDATE "TrackElement" SET "region" = 623 WHERE "id" = 653;
INSERT INTO "monitoredBy" VALUES (653, 651);
INSERT INTO "TrackElement" ("id") VALUES (654);
INSERT INTO "Segment" ("id", "length") VALUES (654, 493);
UPDATE "TrackElement" SET "region" = 623 WHERE "id" = 654;
INSERT INTO "monitoredBy" VALUES (654, 651);
INSERT INTO "TrackElement" ("id") VALUES (655);
INSERT INTO "Segment" ("id", "length") VALUES (655, 922);
UPDATE "TrackElement" SET "region" = 623 WHERE "id" = 655;
INSERT INTO "monitoredBy" VALUES (655, 651);
INSERT INTO "TrackElement" ("id") VALUES (656);
INSERT INTO "Segment" ("id", "length") VALUES (656, 943);
UPDATE "TrackElement" SET "region" = 623 WHERE "id" = 656;
INSERT INTO "monitoredBy" VALUES (656, 651);
INSERT INTO "Sensor" ("id") VALUES (657);
UPDATE "Sensor" SET "region" = 623 WHERE "id" = 657;
INSERT INTO "monitoredBy" VALUES (632, 657);
INSERT INTO "requires" VALUES (622, 657);
INSERT INTO "TrackElement" ("id") VALUES (658);
INSERT INTO "Segment" ("id", "length") VALUES (658, -637);
UPDATE "TrackElement" SET "region" = 623 WHERE "id" = 658;
INSERT INTO "monitoredBy" VALUES (658, 657);
INSERT INTO "TrackElement" ("id") VALUES (659);
INSERT INTO "Segment" ("id", "length") VALUES (659, 168);
UPDATE "TrackElement" SET "region" = 623 WHERE "id" = 659;
INSERT INTO "monitoredBy" VALUES (659, 657);
INSERT INTO "TrackElement" ("id") VALUES (660);
INSERT INTO "Segment" ("id", "length") VALUES (660, 758);
UPDATE "TrackElement" SET "region" = 623 WHERE "id" = 660;
INSERT INTO "monitoredBy" VALUES (660, 657);
INSERT INTO "TrackElement" ("id") VALUES (661);
INSERT INTO "Segment" ("id", "length") VALUES (661, 432);
UPDATE "TrackElement" SET "region" = 623 WHERE "id" = 661;
INSERT INTO "monitoredBy" VALUES (661, 657);
INSERT INTO "TrackElement" ("id") VALUES (662);
INSERT INTO "Segment" ("id", "length") VALUES (662, 89);
UPDATE "TrackElement" SET "region" = 623 WHERE "id" = 662;
INSERT INTO "monitoredBy" VALUES (662, 657);
INSERT INTO "Sensor" ("id") VALUES (663);
UPDATE "Sensor" SET "region" = 623 WHERE "id" = 663;
INSERT INTO "TrackElement" ("id") VALUES (664);
INSERT INTO "Segment" ("id", "length") VALUES (664, 589);
UPDATE "TrackElement" SET "region" = 623 WHERE "id" = 664;
INSERT INTO "monitoredBy" VALUES (664, 663);
INSERT INTO "TrackElement" ("id") VALUES (665);
INSERT INTO "Segment" ("id", "length") VALUES (665, 135);
UPDATE "TrackElement" SET "region" = 623 WHERE "id" = 665;
INSERT INTO "monitoredBy" VALUES (665, 663);
INSERT INTO "TrackElement" ("id") VALUES (666);
INSERT INTO "Segment" ("id", "length") VALUES (666, 533);
UPDATE "TrackElement" SET "region" = 623 WHERE "id" = 666;
INSERT INTO "monitoredBy" VALUES (666, 663);
INSERT INTO "TrackElement" ("id") VALUES (667);
INSERT INTO "Segment" ("id", "length") VALUES (667, 735);
UPDATE "TrackElement" SET "region" = 623 WHERE "id" = 667;
INSERT INTO "monitoredBy" VALUES (667, 663);
INSERT INTO "TrackElement" ("id") VALUES (668);
INSERT INTO "Segment" ("id", "length") VALUES (668, 632);
UPDATE "TrackElement" SET "region" = 623 WHERE "id" = 668;
INSERT INTO "monitoredBy" VALUES (668, 663);
INSERT INTO "Sensor" ("id") VALUES (669);
UPDATE "Sensor" SET "region" = 623 WHERE "id" = 669;
INSERT INTO "monitoredBy" VALUES (632, 669);
INSERT INTO "TrackElement" ("id") VALUES (670);
INSERT INTO "Segment" ("id", "length") VALUES (670, 342);
UPDATE "TrackElement" SET "region" = 623 WHERE "id" = 670;
INSERT INTO "monitoredBy" VALUES (670, 669);
INSERT INTO "TrackElement" ("id") VALUES (671);
INSERT INTO "Segment" ("id", "length") VALUES (671, 469);
UPDATE "TrackElement" SET "region" = 623 WHERE "id" = 671;
INSERT INTO "monitoredBy" VALUES (671, 669);
INSERT INTO "TrackElement" ("id") VALUES (672);
INSERT INTO "Segment" ("id", "length") VALUES (672, 29);
UPDATE "TrackElement" SET "region" = 623 WHERE "id" = 672;
INSERT INTO "monitoredBy" VALUES (672, 669);
INSERT INTO "TrackElement" ("id") VALUES (673);
INSERT INTO "Segment" ("id", "length") VALUES (673, 576);
UPDATE "TrackElement" SET "region" = 623 WHERE "id" = 673;
INSERT INTO "monitoredBy" VALUES (673, 669);
INSERT INTO "TrackElement" ("id") VALUES (674);
INSERT INTO "Segment" ("id", "length") VALUES (674, 320);
UPDATE "TrackElement" SET "region" = 623 WHERE "id" = 674;
INSERT INTO "monitoredBy" VALUES (674, 669);
INSERT INTO "SwitchPosition" ("id", "position", "target") VALUES (675, 0, 632);
UPDATE "SwitchPosition" SET "route" = 622 WHERE "id" = 675;
INSERT INTO "TrackElement" ("id") VALUES (676);
INSERT INTO "Switch" ("id", "currentPosition") VALUES (676, 2);
UPDATE "TrackElement" SET "region" = 623 WHERE "id" = 676;
INSERT INTO "Sensor" ("id") VALUES (677);
UPDATE "Sensor" SET "region" = 623 WHERE "id" = 677;
INSERT INTO "TrackElement" ("id") VALUES (678);
INSERT INTO "Segment" ("id", "length") VALUES (678, 78);
UPDATE "TrackElement" SET "region" = 623 WHERE "id" = 678;
INSERT INTO "monitoredBy" VALUES (678, 677);
INSERT INTO "TrackElement" ("id") VALUES (679);
INSERT INTO "Segment" ("id", "length") VALUES (679, -223);
UPDATE "TrackElement" SET "region" = 623 WHERE "id" = 679;
INSERT INTO "monitoredBy" VALUES (679, 677);
INSERT INTO "TrackElement" ("id") VALUES (680);
INSERT INTO "Segment" ("id", "length") VALUES (680, 56);
UPDATE "TrackElement" SET "region" = 623 WHERE "id" = 680;
INSERT INTO "monitoredBy" VALUES (680, 677);
INSERT INTO "TrackElement" ("id") VALUES (681);
INSERT INTO "Segment" ("id", "length") VALUES (681, 966);
UPDATE "TrackElement" SET "region" = 623 WHERE "id" = 681;
INSERT INTO "monitoredBy" VALUES (681, 677);
INSERT INTO "TrackElement" ("id") VALUES (682);
INSERT INTO "Segment" ("id", "length") VALUES (682, 161);
UPDATE "TrackElement" SET "region" = 623 WHERE "id" = 682;
INSERT INTO "monitoredBy" VALUES (682, 677);
INSERT INTO "Sensor" ("id") VALUES (683);
UPDATE "Sensor" SET "region" = 623 WHERE "id" = 683;
INSERT INTO "monitoredBy" VALUES (676, 683);
INSERT INTO "requires" VALUES (622, 683);
INSERT INTO "TrackElement" ("id") VALUES (684);
INSERT INTO "Segment" ("id", "length") VALUES (684, 517);
UPDATE "TrackElement" SET "region" = 623 WHERE "id" = 684;
INSERT INTO "monitoredBy" VALUES (684, 683);
INSERT INTO "TrackElement" ("id") VALUES (685);
INSERT INTO "Segment" ("id", "length") VALUES (685, 145);
UPDATE "TrackElement" SET "region" = 623 WHERE "id" = 685;
INSERT INTO "monitoredBy" VALUES (685, 683);
INSERT INTO "TrackElement" ("id") VALUES (686);
INSERT INTO "Segment" ("id", "length") VALUES (686, 778);
UPDATE "TrackElement" SET "region" = 623 WHERE "id" = 686;
INSERT INTO "monitoredBy" VALUES (686, 683);
INSERT INTO "TrackElement" ("id") VALUES (687);
INSERT INTO "Segment" ("id", "length") VALUES (687, -902);
UPDATE "TrackElement" SET "region" = 623 WHERE "id" = 687;
INSERT INTO "monitoredBy" VALUES (687, 683);
INSERT INTO "TrackElement" ("id") VALUES (688);
INSERT INTO "Segment" ("id", "length") VALUES (688, 467);
UPDATE "TrackElement" SET "region" = 623 WHERE "id" = 688;
INSERT INTO "monitoredBy" VALUES (688, 683);
INSERT INTO "Sensor" ("id") VALUES (689);
UPDATE "Sensor" SET "region" = 623 WHERE "id" = 689;
INSERT INTO "monitoredBy" VALUES (676, 689);
INSERT INTO "requires" VALUES (622, 689);
INSERT INTO "TrackElement" ("id") VALUES (690);
INSERT INTO "Segment" ("id", "length") VALUES (690, 53);
UPDATE "TrackElement" SET "region" = 623 WHERE "id" = 690;
INSERT INTO "monitoredBy" VALUES (690, 689);
INSERT INTO "TrackElement" ("id") VALUES (691);
INSERT INTO "Segment" ("id", "length") VALUES (691, 367);
UPDATE "TrackElement" SET "region" = 623 WHERE "id" = 691;
INSERT INTO "monitoredBy" VALUES (691, 689);
INSERT INTO "TrackElement" ("id") VALUES (692);
INSERT INTO "Segment" ("id", "length") VALUES (692, 916);
UPDATE "TrackElement" SET "region" = 623 WHERE "id" = 692;
INSERT INTO "monitoredBy" VALUES (692, 689);
INSERT INTO "TrackElement" ("id") VALUES (693);
INSERT INTO "Segment" ("id", "length") VALUES (693, 522);
UPDATE "TrackElement" SET "region" = 623 WHERE "id" = 693;
INSERT INTO "monitoredBy" VALUES (693, 689);
INSERT INTO "TrackElement" ("id") VALUES (694);
INSERT INTO "Segment" ("id", "length") VALUES (694, 182);
UPDATE "TrackElement" SET "region" = 623 WHERE "id" = 694;
INSERT INTO "monitoredBy" VALUES (694, 689);
INSERT INTO "TrackElement" ("id") VALUES (695);
INSERT INTO "Segment" ("id", "length") VALUES (695, 579);
UPDATE "TrackElement" SET "region" = 623 WHERE "id" = 695;
INSERT INTO "monitoredBy" VALUES (695, 689);
INSERT INTO "SwitchPosition" ("id", "position", "target") VALUES (696, 2, 676);
UPDATE "SwitchPosition" SET "route" = 622 WHERE "id" = 696;
INSERT INTO "TrackElement" ("id") VALUES (697);
INSERT INTO "Switch" ("id", "currentPosition") VALUES (697, 2);
UPDATE "TrackElement" SET "region" = 623 WHERE "id" = 697;
INSERT INTO "Sensor" ("id") VALUES (698);
UPDATE "Sensor" SET "region" = 623 WHERE "id" = 698;
INSERT INTO "TrackElement" ("id") VALUES (699);
INSERT INTO "Segment" ("id", "length") VALUES (699, 972);
UPDATE "TrackElement" SET "region" = 623 WHERE "id" = 699;
INSERT INTO "monitoredBy" VALUES (699, 698);
INSERT INTO "TrackElement" ("id") VALUES (700);
INSERT INTO "Segment" ("id", "length") VALUES (700, 940);
UPDATE "TrackElement" SET "region" = 623 WHERE "id" = 700;
INSERT INTO "monitoredBy" VALUES (700, 698);
INSERT INTO "TrackElement" ("id") VALUES (701);
INSERT INTO "Segment" ("id", "length") VALUES (701, 349);
UPDATE "TrackElement" SET "region" = 623 WHERE "id" = 701;
INSERT INTO "monitoredBy" VALUES (701, 698);
INSERT INTO "TrackElement" ("id") VALUES (702);
INSERT INTO "Segment" ("id", "length") VALUES (702, 900);
UPDATE "TrackElement" SET "region" = 623 WHERE "id" = 702;
INSERT INTO "monitoredBy" VALUES (702, 698);
INSERT INTO "TrackElement" ("id") VALUES (703);
INSERT INTO "Segment" ("id", "length") VALUES (703, 695);
UPDATE "TrackElement" SET "region" = 623 WHERE "id" = 703;
INSERT INTO "monitoredBy" VALUES (703, 698);
INSERT INTO "Sensor" ("id") VALUES (704);
UPDATE "Sensor" SET "region" = 623 WHERE "id" = 704;
INSERT INTO "monitoredBy" VALUES (697, 704);
INSERT INTO "requires" VALUES (622, 704);
INSERT INTO "TrackElement" ("id") VALUES (705);
INSERT INTO "Segment" ("id", "length") VALUES (705, 449);
UPDATE "TrackElement" SET "region" = 623 WHERE "id" = 705;
INSERT INTO "monitoredBy" VALUES (705, 704);
INSERT INTO "TrackElement" ("id") VALUES (706);
INSERT INTO "Segment" ("id", "length") VALUES (706, 223);
UPDATE "TrackElement" SET "region" = 623 WHERE "id" = 706;
INSERT INTO "monitoredBy" VALUES (706, 704);
INSERT INTO "TrackElement" ("id") VALUES (707);
INSERT INTO "Segment" ("id", "length") VALUES (707, 51);
UPDATE "TrackElement" SET "region" = 623 WHERE "id" = 707;
INSERT INTO "monitoredBy" VALUES (707, 704);
INSERT INTO "TrackElement" ("id") VALUES (708);
INSERT INTO "Segment" ("id", "length") VALUES (708, -161);
UPDATE "TrackElement" SET "region" = 623 WHERE "id" = 708;
INSERT INTO "monitoredBy" VALUES (708, 704);
INSERT INTO "TrackElement" ("id") VALUES (709);
INSERT INTO "Segment" ("id", "length") VALUES (709, 332);
UPDATE "TrackElement" SET "region" = 623 WHERE "id" = 709;
INSERT INTO "monitoredBy" VALUES (709, 704);
INSERT INTO "Sensor" ("id") VALUES (710);
UPDATE "Sensor" SET "region" = 623 WHERE "id" = 710;
INSERT INTO "monitoredBy" VALUES (697, 710);
INSERT INTO "requires" VALUES (622, 710);
INSERT INTO "TrackElement" ("id") VALUES (711);
INSERT INTO "Segment" ("id", "length") VALUES (711, 81);
UPDATE "TrackElement" SET "region" = 623 WHERE "id" = 711;
INSERT INTO "monitoredBy" VALUES (711, 710);
INSERT INTO "TrackElement" ("id") VALUES (712);
INSERT INTO "Segment" ("id", "length") VALUES (712, 282);
UPDATE "TrackElement" SET "region" = 623 WHERE "id" = 712;
INSERT INTO "monitoredBy" VALUES (712, 710);
INSERT INTO "TrackElement" ("id") VALUES (713);
INSERT INTO "Segment" ("id", "length") VALUES (713, 510);
UPDATE "TrackElement" SET "region" = 623 WHERE "id" = 713;
INSERT INTO "monitoredBy" VALUES (713, 710);
INSERT INTO "TrackElement" ("id") VALUES (714);
INSERT INTO "Segment" ("id", "length") VALUES (714, 983);
UPDATE "TrackElement" SET "region" = 623 WHERE "id" = 714;
INSERT INTO "monitoredBy" VALUES (714, 710);
INSERT INTO "TrackElement" ("id") VALUES (715);
INSERT INTO "Segment" ("id", "length") VALUES (715, 941);
UPDATE "TrackElement" SET "region" = 623 WHERE "id" = 715;
INSERT INTO "monitoredBy" VALUES (715, 710);
INSERT INTO "Sensor" ("id") VALUES (716);
UPDATE "Sensor" SET "region" = 623 WHERE "id" = 716;
INSERT INTO "monitoredBy" VALUES (697, 716);
INSERT INTO "requires" VALUES (622, 716);
INSERT INTO "TrackElement" ("id") VALUES (717);
INSERT INTO "Segment" ("id", "length") VALUES (717, 78);
UPDATE "TrackElement" SET "region" = 623 WHERE "id" = 717;
INSERT INTO "monitoredBy" VALUES (717, 716);
INSERT INTO "TrackElement" ("id") VALUES (718);
INSERT INTO "Segment" ("id", "length") VALUES (718, 777);
UPDATE "TrackElement" SET "region" = 623 WHERE "id" = 718;
INSERT INTO "monitoredBy" VALUES (718, 716);
INSERT INTO "TrackElement" ("id") VALUES (719);
INSERT INTO "Segment" ("id", "length") VALUES (719, 229);
UPDATE "TrackElement" SET "region" = 623 WHERE "id" = 719;
INSERT INTO "monitoredBy" VALUES (719, 716);
INSERT INTO "TrackElement" ("id") VALUES (720);
INSERT INTO "Segment" ("id", "length") VALUES (720, 997);
UPDATE "TrackElement" SET "region" = 623 WHERE "id" = 720;
INSERT INTO "monitoredBy" VALUES (720, 716);
INSERT INTO "TrackElement" ("id") VALUES (721);
INSERT INTO "Segment" ("id", "length") VALUES (721, 137);
UPDATE "TrackElement" SET "region" = 623 WHERE "id" = 721;
INSERT INTO "monitoredBy" VALUES (721, 716);
INSERT INTO "Sensor" ("id") VALUES (722);
UPDATE "Sensor" SET "region" = 623 WHERE "id" = 722;
INSERT INTO "monitoredBy" VALUES (697, 722);
INSERT INTO "requires" VALUES (622, 722);
INSERT INTO "TrackElement" ("id") VALUES (723);
INSERT INTO "Segment" ("id", "length") VALUES (723, 596);
UPDATE "TrackElement" SET "region" = 623 WHERE "id" = 723;
INSERT INTO "monitoredBy" VALUES (723, 722);
INSERT INTO "TrackElement" ("id") VALUES (724);
INSERT INTO "Segment" ("id", "length") VALUES (724, 916);
UPDATE "TrackElement" SET "region" = 623 WHERE "id" = 724;
INSERT INTO "monitoredBy" VALUES (724, 722);
INSERT INTO "TrackElement" ("id") VALUES (725);
INSERT INTO "Segment" ("id", "length") VALUES (725, 331);
UPDATE "TrackElement" SET "region" = 623 WHERE "id" = 725;
INSERT INTO "monitoredBy" VALUES (725, 722);
INSERT INTO "TrackElement" ("id") VALUES (726);
INSERT INTO "Segment" ("id", "length") VALUES (726, 407);
UPDATE "TrackElement" SET "region" = 623 WHERE "id" = 726;
INSERT INTO "monitoredBy" VALUES (726, 722);
INSERT INTO "TrackElement" ("id") VALUES (727);
INSERT INTO "Segment" ("id", "length") VALUES (727, -498);
UPDATE "TrackElement" SET "region" = 623 WHERE "id" = 727;
INSERT INTO "monitoredBy" VALUES (727, 722);
INSERT INTO "Sensor" ("id") VALUES (728);
UPDATE "Sensor" SET "region" = 623 WHERE "id" = 728;
INSERT INTO "monitoredBy" VALUES (697, 728);
INSERT INTO "requires" VALUES (622, 728);
INSERT INTO "TrackElement" ("id") VALUES (729);
INSERT INTO "Segment" ("id", "length") VALUES (729, 54);
UPDATE "TrackElement" SET "region" = 623 WHERE "id" = 729;
INSERT INTO "monitoredBy" VALUES (729, 728);
INSERT INTO "TrackElement" ("id") VALUES (730);
INSERT INTO "Segment" ("id", "length") VALUES (730, -681);
UPDATE "TrackElement" SET "region" = 623 WHERE "id" = 730;
INSERT INTO "monitoredBy" VALUES (730, 728);
INSERT INTO "TrackElement" ("id") VALUES (731);
INSERT INTO "Segment" ("id", "length") VALUES (731, 50);
UPDATE "TrackElement" SET "region" = 623 WHERE "id" = 731;
INSERT INTO "monitoredBy" VALUES (731, 728);
INSERT INTO "TrackElement" ("id") VALUES (732);
INSERT INTO "Segment" ("id", "length") VALUES (732, 633);
UPDATE "TrackElement" SET "region" = 623 WHERE "id" = 732;
INSERT INTO "monitoredBy" VALUES (732, 728);
INSERT INTO "TrackElement" ("id") VALUES (733);
INSERT INTO "Segment" ("id", "length") VALUES (733, 578);
UPDATE "TrackElement" SET "region" = 623 WHERE "id" = 733;
INSERT INTO "monitoredBy" VALUES (733, 728);
INSERT INTO "SwitchPosition" ("id", "position", "target") VALUES (734, 2, 697);
UPDATE "SwitchPosition" SET "route" = 622 WHERE "id" = 734;
INSERT INTO "TrackElement" ("id") VALUES (735);
INSERT INTO "Switch" ("id", "currentPosition") VALUES (735, 0);
UPDATE "TrackElement" SET "region" = 623 WHERE "id" = 735;
INSERT INTO "Sensor" ("id") VALUES (736);
UPDATE "Sensor" SET "region" = 623 WHERE "id" = 736;
INSERT INTO "monitoredBy" VALUES (735, 736);
INSERT INTO "requires" VALUES (622, 736);
INSERT INTO "TrackElement" ("id") VALUES (737);
INSERT INTO "Segment" ("id", "length") VALUES (737, 456);
UPDATE "TrackElement" SET "region" = 623 WHERE "id" = 737;
INSERT INTO "monitoredBy" VALUES (737, 736);
INSERT INTO "TrackElement" ("id") VALUES (738);
INSERT INTO "Segment" ("id", "length") VALUES (738, 596);
UPDATE "TrackElement" SET "region" = 623 WHERE "id" = 738;
INSERT INTO "monitoredBy" VALUES (738, 736);
INSERT INTO "TrackElement" ("id") VALUES (739);
INSERT INTO "Segment" ("id", "length") VALUES (739, 525);
UPDATE "TrackElement" SET "region" = 623 WHERE "id" = 739;
INSERT INTO "monitoredBy" VALUES (739, 736);
INSERT INTO "TrackElement" ("id") VALUES (740);
INSERT INTO "Segment" ("id", "length") VALUES (740, 836);
UPDATE "TrackElement" SET "region" = 623 WHERE "id" = 740;
INSERT INTO "monitoredBy" VALUES (740, 736);
INSERT INTO "TrackElement" ("id") VALUES (741);
INSERT INTO "Segment" ("id", "length") VALUES (741, 691);
UPDATE "TrackElement" SET "region" = 623 WHERE "id" = 741;
INSERT INTO "monitoredBy" VALUES (741, 736);
INSERT INTO "SwitchPosition" ("id", "position", "target") VALUES (742, 0, 735);
UPDATE "SwitchPosition" SET "route" = 622 WHERE "id" = 742;
INSERT INTO "connectsTo" VALUES (624, 626);
INSERT INTO "connectsTo" VALUES (626, 627);
INSERT INTO "connectsTo" VALUES (627, 628);
INSERT INTO "connectsTo" VALUES (628, 629);
INSERT INTO "connectsTo" VALUES (629, 630);
INSERT INTO "connectsTo" VALUES (630, 632);
INSERT INTO "connectsTo" VALUES (632, 634);
INSERT INTO "connectsTo" VALUES (634, 635);
INSERT INTO "connectsTo" VALUES (635, 636);
INSERT INTO "connectsTo" VALUES (636, 637);
INSERT INTO "connectsTo" VALUES (637, 638);
INSERT INTO "connectsTo" VALUES (638, 640);
INSERT INTO "connectsTo" VALUES (640, 641);
INSERT INTO "connectsTo" VALUES (641, 642);
INSERT INTO "connectsTo" VALUES (642, 643);
INSERT INTO "connectsTo" VALUES (643, 644);
INSERT INTO "connectsTo" VALUES (644, 646);
INSERT INTO "connectsTo" VALUES (646, 647);
INSERT INTO "connectsTo" VALUES (647, 648);
INSERT INTO "connectsTo" VALUES (648, 649);
INSERT INTO "connectsTo" VALUES (649, 650);
INSERT INTO "connectsTo" VALUES (650, 652);
INSERT INTO "connectsTo" VALUES (652, 653);
INSERT INTO "connectsTo" VALUES (653, 654);
INSERT INTO "connectsTo" VALUES (654, 655);
INSERT INTO "connectsTo" VALUES (655, 656);
INSERT INTO "connectsTo" VALUES (656, 658);
INSERT INTO "connectsTo" VALUES (658, 659);
INSERT INTO "connectsTo" VALUES (659, 660);
INSERT INTO "connectsTo" VALUES (660, 661);
INSERT INTO "connectsTo" VALUES (661, 662);
INSERT INTO "connectsTo" VALUES (662, 664);
INSERT INTO "connectsTo" VALUES (664, 665);
INSERT INTO "connectsTo" VALUES (665, 666);
INSERT INTO "connectsTo" VALUES (666, 667);
INSERT INTO "connectsTo" VALUES (667, 668);
INSERT INTO "connectsTo" VALUES (668, 670);
INSERT INTO "connectsTo" VALUES (670, 671);
INSERT INTO "connectsTo" VALUES (671, 672);
INSERT INTO "connectsTo" VALUES (672, 673);
INSERT INTO "connectsTo" VALUES (673, 674);
INSERT INTO "connectsTo" VALUES (674, 676);
INSERT INTO "connectsTo" VALUES (676, 678);
INSERT INTO "connectsTo" VALUES (678, 679);
INSERT INTO "connectsTo" VALUES (679, 680);
INSERT INTO "connectsTo" VALUES (680, 681);
INSERT INTO "connectsTo" VALUES (681, 682);
INSERT INTO "connectsTo" VALUES (682, 684);
INSERT INTO "connectsTo" VALUES (684, 685);
INSERT INTO "connectsTo" VALUES (685, 686);
INSERT INTO "connectsTo" VALUES (686, 687);
INSERT INTO "connectsTo" VALUES (687, 688);
INSERT INTO "connectsTo" VALUES (688, 690);
INSERT INTO "connectsTo" VALUES (690, 691);
INSERT INTO "connectsTo" VALUES (691, 692);
INSERT INTO "connectsTo" VALUES (692, 693);
INSERT INTO "connectsTo" VALUES (693, 694);
INSERT INTO "connectsTo" VALUES (694, 695);
INSERT INTO "connectsTo" VALUES (695, 697);
INSERT INTO "connectsTo" VALUES (697, 699);
INSERT INTO "connectsTo" VALUES (699, 700);
INSERT INTO "connectsTo" VALUES (700, 701);
INSERT INTO "connectsTo" VALUES (701, 702);
INSERT INTO "connectsTo" VALUES (702, 703);
INSERT INTO "connectsTo" VALUES (703, 705);
INSERT INTO "connectsTo" VALUES (705, 706);
INSERT INTO "connectsTo" VALUES (706, 707);
INSERT INTO "connectsTo" VALUES (707, 708);
INSERT INTO "connectsTo" VALUES (708, 709);
INSERT INTO "connectsTo" VALUES (709, 711);
INSERT INTO "connectsTo" VALUES (711, 712);
INSERT INTO "connectsTo" VALUES (712, 713);
INSERT INTO "connectsTo" VALUES (713, 714);
INSERT INTO "connectsTo" VALUES (714, 715);
INSERT INTO "connectsTo" VALUES (715, 717);
INSERT INTO "connectsTo" VALUES (717, 718);
INSERT INTO "connectsTo" VALUES (718, 719);
INSERT INTO "connectsTo" VALUES (719, 720);
INSERT INTO "connectsTo" VALUES (720, 721);
INSERT INTO "connectsTo" VALUES (721, 723);
INSERT INTO "connectsTo" VALUES (723, 724);
INSERT INTO "connectsTo" VALUES (724, 725);
INSERT INTO "connectsTo" VALUES (725, 726);
INSERT INTO "connectsTo" VALUES (726, 727);
INSERT INTO "connectsTo" VALUES (727, 729);
INSERT INTO "connectsTo" VALUES (729, 730);
INSERT INTO "connectsTo" VALUES (730, 731);
INSERT INTO "connectsTo" VALUES (731, 732);
INSERT INTO "connectsTo" VALUES (732, 733);
INSERT INTO "connectsTo" VALUES (733, 735);
INSERT INTO "connectsTo" VALUES (735, 737);
INSERT INTO "connectsTo" VALUES (737, 738);
INSERT INTO "connectsTo" VALUES (738, 739);
INSERT INTO "connectsTo" VALUES (739, 740);
INSERT INTO "connectsTo" VALUES (740, 741);
INSERT INTO "connectsTo" VALUES (619, 624);
INSERT INTO "Semaphore" ("id", "signal") VALUES (743, 2);
INSERT INTO "Route" ("id", "active", "entry", "exit") VALUES (744, 1, 621, 743);
INSERT INTO "Region" ("id") VALUES (745);
INSERT INTO "TrackElement" ("id") VALUES (746);
INSERT INTO "Switch" ("id", "currentPosition") VALUES (746, 1);
UPDATE "TrackElement" SET "region" = 745 WHERE "id" = 746;
INSERT INTO "Sensor" ("id") VALUES (747);
UPDATE "Sensor" SET "region" = 745 WHERE "id" = 747;
INSERT INTO "monitoredBy" VALUES (746, 747);
INSERT INTO "requires" VALUES (744, 747);
INSERT INTO "TrackElement" ("id") VALUES (748);
INSERT INTO "Segment" ("id", "length") VALUES (748, 120);
UPDATE "TrackElement" SET "region" = 745 WHERE "id" = 748;
INSERT INTO "monitoredBy" VALUES (748, 747);
UPDATE "Semaphore" SET "segment" = 748 WHERE "id" = 743;
INSERT INTO "TrackElement" ("id") VALUES (749);
INSERT INTO "Segment" ("id", "length") VALUES (749, 359);
UPDATE "TrackElement" SET "region" = 745 WHERE "id" = 749;
INSERT INTO "monitoredBy" VALUES (749, 747);
INSERT INTO "TrackElement" ("id") VALUES (750);
INSERT INTO "Segment" ("id", "length") VALUES (750, 173);
UPDATE "TrackElement" SET "region" = 745 WHERE "id" = 750;
INSERT INTO "monitoredBy" VALUES (750, 747);
INSERT INTO "TrackElement" ("id") VALUES (751);
INSERT INTO "Segment" ("id", "length") VALUES (751, 523);
UPDATE "TrackElement" SET "region" = 745 WHERE "id" = 751;
INSERT INTO "monitoredBy" VALUES (751, 747);
INSERT INTO "TrackElement" ("id") VALUES (752);
INSERT INTO "Segment" ("id", "length") VALUES (752, 638);
UPDATE "TrackElement" SET "region" = 745 WHERE "id" = 752;
INSERT INTO "monitoredBy" VALUES (752, 747);
INSERT INTO "Sensor" ("id") VALUES (753);
UPDATE "Sensor" SET "region" = 745 WHERE "id" = 753;
INSERT INTO "monitoredBy" VALUES (746, 753);
INSERT INTO "requires" VALUES (744, 753);
INSERT INTO "TrackElement" ("id") VALUES (754);
INSERT INTO "Segment" ("id", "length") VALUES (754, 341);
UPDATE "TrackElement" SET "region" = 745 WHERE "id" = 754;
INSERT INTO "monitoredBy" VALUES (754, 753);
INSERT INTO "TrackElement" ("id") VALUES (755);
INSERT INTO "Segment" ("id", "length") VALUES (755, 792);
UPDATE "TrackElement" SET "region" = 745 WHERE "id" = 755;
INSERT INTO "monitoredBy" VALUES (755, 753);
INSERT INTO "TrackElement" ("id") VALUES (756);
INSERT INTO "Segment" ("id", "length") VALUES (756, 654);
UPDATE "TrackElement" SET "region" = 745 WHERE "id" = 756;
INSERT INTO "monitoredBy" VALUES (756, 753);
INSERT INTO "TrackElement" ("id") VALUES (757);
INSERT INTO "Segment" ("id", "length") VALUES (757, 65);
UPDATE "TrackElement" SET "region" = 745 WHERE "id" = 757;
INSERT INTO "monitoredBy" VALUES (757, 753);
INSERT INTO "TrackElement" ("id") VALUES (758);
INSERT INTO "Segment" ("id", "length") VALUES (758, 96);
UPDATE "TrackElement" SET "region" = 745 WHERE "id" = 758;
INSERT INTO "monitoredBy" VALUES (758, 753);
INSERT INTO "Sensor" ("id") VALUES (759);
UPDATE "Sensor" SET "region" = 745 WHERE "id" = 759;
INSERT INTO "monitoredBy" VALUES (746, 759);
INSERT INTO "requires" VALUES (744, 759);
INSERT INTO "TrackElement" ("id") VALUES (760);
INSERT INTO "Segment" ("id", "length") VALUES (760, -705);
UPDATE "TrackElement" SET "region" = 745 WHERE "id" = 760;
INSERT INTO "monitoredBy" VALUES (760, 759);
INSERT INTO "TrackElement" ("id") VALUES (761);
INSERT INTO "Segment" ("id", "length") VALUES (761, -995);
UPDATE "TrackElement" SET "region" = 745 WHERE "id" = 761;
INSERT INTO "monitoredBy" VALUES (761, 759);
INSERT INTO "TrackElement" ("id") VALUES (762);
INSERT INTO "Segment" ("id", "length") VALUES (762, -389);
UPDATE "TrackElement" SET "region" = 745 WHERE "id" = 762;
INSERT INTO "monitoredBy" VALUES (762, 759);
INSERT INTO "TrackElement" ("id") VALUES (763);
INSERT INTO "Segment" ("id", "length") VALUES (763, 809);
UPDATE "TrackElement" SET "region" = 745 WHERE "id" = 763;
INSERT INTO "monitoredBy" VALUES (763, 759);
INSERT INTO "TrackElement" ("id") VALUES (764);
INSERT INTO "Segment" ("id", "length") VALUES (764, 582);
UPDATE "TrackElement" SET "region" = 745 WHERE "id" = 764;
INSERT INTO "monitoredBy" VALUES (764, 759);
INSERT INTO "Sensor" ("id") VALUES (765);
UPDATE "Sensor" SET "region" = 745 WHERE "id" = 765;
INSERT INTO "TrackElement" ("id") VALUES (766);
INSERT INTO "Segment" ("id", "length") VALUES (766, 373);
UPDATE "TrackElement" SET "region" = 745 WHERE "id" = 766;
INSERT INTO "monitoredBy" VALUES (766, 765);
INSERT INTO "TrackElement" ("id") VALUES (767);
INSERT INTO "Segment" ("id", "length") VALUES (767, 20);
UPDATE "TrackElement" SET "region" = 745 WHERE "id" = 767;
INSERT INTO "monitoredBy" VALUES (767, 765);
INSERT INTO "TrackElement" ("id") VALUES (768);
INSERT INTO "Segment" ("id", "length") VALUES (768, 954);
UPDATE "TrackElement" SET "region" = 745 WHERE "id" = 768;
INSERT INTO "monitoredBy" VALUES (768, 765);
INSERT INTO "TrackElement" ("id") VALUES (769);
INSERT INTO "Segment" ("id", "length") VALUES (769, 507);
UPDATE "TrackElement" SET "region" = 745 WHERE "id" = 769;
INSERT INTO "monitoredBy" VALUES (769, 765);
INSERT INTO "TrackElement" ("id") VALUES (770);
INSERT INTO "Segment" ("id", "length") VALUES (770, -552);
UPDATE "TrackElement" SET "region" = 745 WHERE "id" = 770;
INSERT INTO "monitoredBy" VALUES (770, 765);
INSERT INTO "Sensor" ("id") VALUES (771);
UPDATE "Sensor" SET "region" = 745 WHERE "id" = 771;
INSERT INTO "monitoredBy" VALUES (746, 771);
INSERT INTO "requires" VALUES (744, 771);
INSERT INTO "TrackElement" ("id") VALUES (772);
INSERT INTO "Segment" ("id", "length") VALUES (772, 83);
UPDATE "TrackElement" SET "region" = 745 WHERE "id" = 772;
INSERT INTO "monitoredBy" VALUES (772, 771);
INSERT INTO "TrackElement" ("id") VALUES (773);
INSERT INTO "Segment" ("id", "length") VALUES (773, -189);
UPDATE "TrackElement" SET "region" = 745 WHERE "id" = 773;
INSERT INTO "monitoredBy" VALUES (773, 771);
INSERT INTO "TrackElement" ("id") VALUES (774);
INSERT INTO "Segment" ("id", "length") VALUES (774, 186);
UPDATE "TrackElement" SET "region" = 745 WHERE "id" = 774;
INSERT INTO "monitoredBy" VALUES (774, 771);
INSERT INTO "TrackElement" ("id") VALUES (775);
INSERT INTO "Segment" ("id", "length") VALUES (775, 806);
UPDATE "TrackElement" SET "region" = 745 WHERE "id" = 775;
INSERT INTO "monitoredBy" VALUES (775, 771);
INSERT INTO "TrackElement" ("id") VALUES (776);
INSERT INTO "Segment" ("id", "length") VALUES (776, 915);
UPDATE "TrackElement" SET "region" = 745 WHERE "id" = 776;
INSERT INTO "monitoredBy" VALUES (776, 771);
INSERT INTO "Sensor" ("id") VALUES (777);
UPDATE "Sensor" SET "region" = 745 WHERE "id" = 777;
INSERT INTO "monitoredBy" VALUES (746, 777);
INSERT INTO "requires" VALUES (744, 777);
INSERT INTO "TrackElement" ("id") VALUES (778);
INSERT INTO "Segment" ("id", "length") VALUES (778, 690);
UPDATE "TrackElement" SET "region" = 745 WHERE "id" = 778;
INSERT INTO "monitoredBy" VALUES (778, 777);
INSERT INTO "TrackElement" ("id") VALUES (779);
INSERT INTO "Segment" ("id", "length") VALUES (779, 303);
UPDATE "TrackElement" SET "region" = 745 WHERE "id" = 779;
INSERT INTO "monitoredBy" VALUES (779, 777);
INSERT INTO "TrackElement" ("id") VALUES (780);
INSERT INTO "Segment" ("id", "length") VALUES (780, 855);
UPDATE "TrackElement" SET "region" = 745 WHERE "id" = 780;
INSERT INTO "monitoredBy" VALUES (780, 777);
INSERT INTO "TrackElement" ("id") VALUES (781);
INSERT INTO "Segment" ("id", "length") VALUES (781, 977);
UPDATE "TrackElement" SET "region" = 745 WHERE "id" = 781;
INSERT INTO "monitoredBy" VALUES (781, 777);
INSERT INTO "TrackElement" ("id") VALUES (782);
INSERT INTO "Segment" ("id", "length") VALUES (782, 838);
UPDATE "TrackElement" SET "region" = 745 WHERE "id" = 782;
INSERT INTO "monitoredBy" VALUES (782, 777);
INSERT INTO "Sensor" ("id") VALUES (783);
UPDATE "Sensor" SET "region" = 745 WHERE "id" = 783;
INSERT INTO "monitoredBy" VALUES (746, 783);
INSERT INTO "requires" VALUES (744, 783);
INSERT INTO "TrackElement" ("id") VALUES (784);
INSERT INTO "Segment" ("id", "length") VALUES (784, 730);
UPDATE "TrackElement" SET "region" = 745 WHERE "id" = 784;
INSERT INTO "monitoredBy" VALUES (784, 783);
INSERT INTO "TrackElement" ("id") VALUES (785);
INSERT INTO "Segment" ("id", "length") VALUES (785, 31);
UPDATE "TrackElement" SET "region" = 745 WHERE "id" = 785;
INSERT INTO "monitoredBy" VALUES (785, 783);
INSERT INTO "TrackElement" ("id") VALUES (786);
INSERT INTO "Segment" ("id", "length") VALUES (786, 312);
UPDATE "TrackElement" SET "region" = 745 WHERE "id" = 786;
INSERT INTO "monitoredBy" VALUES (786, 783);
INSERT INTO "TrackElement" ("id") VALUES (787);
INSERT INTO "Segment" ("id", "length") VALUES (787, 100);
UPDATE "TrackElement" SET "region" = 745 WHERE "id" = 787;
INSERT INTO "monitoredBy" VALUES (787, 783);
INSERT INTO "TrackElement" ("id") VALUES (788);
INSERT INTO "Segment" ("id", "length") VALUES (788, 59);
UPDATE "TrackElement" SET "region" = 745 WHERE "id" = 788;
INSERT INTO "monitoredBy" VALUES (788, 783);
INSERT INTO "Sensor" ("id") VALUES (789);
UPDATE "Sensor" SET "region" = 745 WHERE "id" = 789;
INSERT INTO "monitoredBy" VALUES (746, 789);
INSERT INTO "requires" VALUES (744, 789);
INSERT INTO "TrackElement" ("id") VALUES (790);
INSERT INTO "Segment" ("id", "length") VALUES (790, 741);
UPDATE "TrackElement" SET "region" = 745 WHERE "id" = 790;
INSERT INTO "monitoredBy" VALUES (790, 789);
INSERT INTO "TrackElement" ("id") VALUES (791);
INSERT INTO "Segment" ("id", "length") VALUES (791, 410);
UPDATE "TrackElement" SET "region" = 745 WHERE "id" = 791;
INSERT INTO "monitoredBy" VALUES (791, 789);
INSERT INTO "TrackElement" ("id") VALUES (792);
INSERT INTO "Segment" ("id", "length") VALUES (792, 569);
UPDATE "TrackElement" SET "region" = 745 WHERE "id" = 792;
INSERT INTO "monitoredBy" VALUES (792, 789);
INSERT INTO "TrackElement" ("id") VALUES (793);
INSERT INTO "Segment" ("id", "length") VALUES (793, 256);
UPDATE "TrackElement" SET "region" = 745 WHERE "id" = 793;
INSERT INTO "monitoredBy" VALUES (793, 789);
INSERT INTO "TrackElement" ("id") VALUES (794);
INSERT INTO "Segment" ("id", "length") VALUES (794, 881);
UPDATE "TrackElement" SET "region" = 745 WHERE "id" = 794;
INSERT INTO "monitoredBy" VALUES (794, 789);
INSERT INTO "SwitchPosition" ("id", "position", "target") VALUES (795, 1, 746);
UPDATE "SwitchPosition" SET "route" = 744 WHERE "id" = 795;
INSERT INTO "TrackElement" ("id") VALUES (796);
INSERT INTO "Switch" ("id", "currentPosition") VALUES (796, 0);
UPDATE "TrackElement" SET "region" = 745 WHERE "id" = 796;
INSERT INTO "Sensor" ("id") VALUES (797);
UPDATE "Sensor" SET "region" = 745 WHERE "id" = 797;
INSERT INTO "monitoredBy" VALUES (796, 797);
INSERT INTO "requires" VALUES (744, 797);
INSERT INTO "TrackElement" ("id") VALUES (798);
INSERT INTO "Segment" ("id", "length") VALUES (798, 673);
UPDATE "TrackElement" SET "region" = 745 WHERE "id" = 798;
INSERT INTO "monitoredBy" VALUES (798, 797);
INSERT INTO "TrackElement" ("id") VALUES (799);
INSERT INTO "Segment" ("id", "length") VALUES (799, -191);
UPDATE "TrackElement" SET "region" = 745 WHERE "id" = 799;
INSERT INTO "monitoredBy" VALUES (799, 797);
INSERT INTO "TrackElement" ("id") VALUES (800);
INSERT INTO "Segment" ("id", "length") VALUES (800, 101);
UPDATE "TrackElement" SET "region" = 745 WHERE "id" = 800;
INSERT INTO "monitoredBy" VALUES (800, 797);
INSERT INTO "TrackElement" ("id") VALUES (801);
INSERT INTO "Segment" ("id", "length") VALUES (801, 620);
UPDATE "TrackElement" SET "region" = 745 WHERE "id" = 801;
INSERT INTO "monitoredBy" VALUES (801, 797);
INSERT INTO "TrackElement" ("id") VALUES (802);
INSERT INTO "Segment" ("id", "length") VALUES (802, -836);
UPDATE "TrackElement" SET "region" = 745 WHERE "id" = 802;
INSERT INTO "monitoredBy" VALUES (802, 797);
INSERT INTO "Sensor" ("id") VALUES (803);
UPDATE "Sensor" SET "region" = 745 WHERE "id" = 803;
INSERT INTO "monitoredBy" VALUES (796, 803);
INSERT INTO "requires" VALUES (744, 803);
INSERT INTO "TrackElement" ("id") VALUES (804);
INSERT INTO "Segment" ("id", "length") VALUES (804, 236);
UPDATE "TrackElement" SET "region" = 745 WHERE "id" = 804;
INSERT INTO "monitoredBy" VALUES (804, 803);
INSERT INTO "TrackElement" ("id") VALUES (805);
INSERT INTO "Segment" ("id", "length") VALUES (805, 215);
UPDATE "TrackElement" SET "region" = 745 WHERE "id" = 805;
INSERT INTO "monitoredBy" VALUES (805, 803);
INSERT INTO "TrackElement" ("id") VALUES (806);
INSERT INTO "Segment" ("id", "length") VALUES (806, 573);
UPDATE "TrackElement" SET "region" = 745 WHERE "id" = 806;
INSERT INTO "monitoredBy" VALUES (806, 803);
INSERT INTO "TrackElement" ("id") VALUES (807);
INSERT INTO "Segment" ("id", "length") VALUES (807, 845);
UPDATE "TrackElement" SET "region" = 745 WHERE "id" = 807;
INSERT INTO "monitoredBy" VALUES (807, 803);
INSERT INTO "TrackElement" ("id") VALUES (808);
INSERT INTO "Segment" ("id", "length") VALUES (808, -292);
UPDATE "TrackElement" SET "region" = 745 WHERE "id" = 808;
INSERT INTO "monitoredBy" VALUES (808, 803);
INSERT INTO "Sensor" ("id") VALUES (809);
UPDATE "Sensor" SET "region" = 745 WHERE "id" = 809;
INSERT INTO "monitoredBy" VALUES (796, 809);
INSERT INTO "requires" VALUES (744, 809);
INSERT INTO "TrackElement" ("id") VALUES (810);
INSERT INTO "Segment" ("id", "length") VALUES (810, 573);
UPDATE "TrackElement" SET "region" = 745 WHERE "id" = 810;
INSERT INTO "monitoredBy" VALUES (810, 809);
INSERT INTO "TrackElement" ("id") VALUES (811);
INSERT INTO "Segment" ("id", "length") VALUES (811, 488);
UPDATE "TrackElement" SET "region" = 745 WHERE "id" = 811;
INSERT INTO "monitoredBy" VALUES (811, 809);
INSERT INTO "TrackElement" ("id") VALUES (812);
INSERT INTO "Segment" ("id", "length") VALUES (812, 475);
UPDATE "TrackElement" SET "region" = 745 WHERE "id" = 812;
INSERT INTO "monitoredBy" VALUES (812, 809);
INSERT INTO "TrackElement" ("id") VALUES (813);
INSERT INTO "Segment" ("id", "length") VALUES (813, 861);
UPDATE "TrackElement" SET "region" = 745 WHERE "id" = 813;
INSERT INTO "monitoredBy" VALUES (813, 809);
INSERT INTO "TrackElement" ("id") VALUES (814);
INSERT INTO "Segment" ("id", "length") VALUES (814, -265);
UPDATE "TrackElement" SET "region" = 745 WHERE "id" = 814;
INSERT INTO "monitoredBy" VALUES (814, 809);
INSERT INTO "Sensor" ("id") VALUES (815);
UPDATE "Sensor" SET "region" = 745 WHERE "id" = 815;
INSERT INTO "monitoredBy" VALUES (796, 815);
INSERT INTO "requires" VALUES (744, 815);
INSERT INTO "TrackElement" ("id") VALUES (816);
INSERT INTO "Segment" ("id", "length") VALUES (816, 674);
UPDATE "TrackElement" SET "region" = 745 WHERE "id" = 816;
INSERT INTO "monitoredBy" VALUES (816, 815);
INSERT INTO "TrackElement" ("id") VALUES (817);
INSERT INTO "Segment" ("id", "length") VALUES (817, 357);
UPDATE "TrackElement" SET "region" = 745 WHERE "id" = 817;
INSERT INTO "monitoredBy" VALUES (817, 815);
INSERT INTO "TrackElement" ("id") VALUES (818);
INSERT INTO "Segment" ("id", "length") VALUES (818, 723);
UPDATE "TrackElement" SET "region" = 745 WHERE "id" = 818;
INSERT INTO "monitoredBy" VALUES (818, 815);
INSERT INTO "TrackElement" ("id") VALUES (819);
INSERT INTO "Segment" ("id", "length") VALUES (819, 236);
UPDATE "TrackElement" SET "region" = 745 WHERE "id" = 819;
INSERT INTO "monitoredBy" VALUES (819, 815);
INSERT INTO "TrackElement" ("id") VALUES (820);
INSERT INTO "Segment" ("id", "length") VALUES (820, 495);
UPDATE "TrackElement" SET "region" = 745 WHERE "id" = 820;
INSERT INTO "monitoredBy" VALUES (820, 815);
INSERT INTO "SwitchPosition" ("id", "position", "target") VALUES (821, 0, 796);
UPDATE "SwitchPosition" SET "route" = 744 WHERE "id" = 821;
INSERT INTO "TrackElement" ("id") VALUES (822);
INSERT INTO "Switch" ("id", "currentPosition") VALUES (822, 1);
UPDATE "TrackElement" SET "region" = 745 WHERE "id" = 822;
INSERT INTO "Sensor" ("id") VALUES (823);
UPDATE "Sensor" SET "region" = 745 WHERE "id" = 823;
INSERT INTO "monitoredBy" VALUES (822, 823);
INSERT INTO "TrackElement" ("id") VALUES (824);
INSERT INTO "Segment" ("id", "length") VALUES (824, 455);
UPDATE "TrackElement" SET "region" = 745 WHERE "id" = 824;
INSERT INTO "monitoredBy" VALUES (824, 823);
INSERT INTO "TrackElement" ("id") VALUES (825);
INSERT INTO "Segment" ("id", "length") VALUES (825, 123);
UPDATE "TrackElement" SET "region" = 745 WHERE "id" = 825;
INSERT INTO "monitoredBy" VALUES (825, 823);
INSERT INTO "TrackElement" ("id") VALUES (826);
INSERT INTO "Segment" ("id", "length") VALUES (826, 915);
UPDATE "TrackElement" SET "region" = 745 WHERE "id" = 826;
INSERT INTO "monitoredBy" VALUES (826, 823);
INSERT INTO "TrackElement" ("id") VALUES (827);
INSERT INTO "Segment" ("id", "length") VALUES (827, 772);
UPDATE "TrackElement" SET "region" = 745 WHERE "id" = 827;
INSERT INTO "monitoredBy" VALUES (827, 823);
INSERT INTO "TrackElement" ("id") VALUES (828);
INSERT INTO "Segment" ("id", "length") VALUES (828, 182);
UPDATE "TrackElement" SET "region" = 745 WHERE "id" = 828;
INSERT INTO "monitoredBy" VALUES (828, 823);
INSERT INTO "Sensor" ("id") VALUES (829);
UPDATE "Sensor" SET "region" = 745 WHERE "id" = 829;
INSERT INTO "monitoredBy" VALUES (822, 829);
INSERT INTO "requires" VALUES (744, 829);
INSERT INTO "TrackElement" ("id") VALUES (830);
INSERT INTO "Segment" ("id", "length") VALUES (830, 769);
UPDATE "TrackElement" SET "region" = 745 WHERE "id" = 830;
INSERT INTO "monitoredBy" VALUES (830, 829);
INSERT INTO "TrackElement" ("id") VALUES (831);
INSERT INTO "Segment" ("id", "length") VALUES (831, 22);
UPDATE "TrackElement" SET "region" = 745 WHERE "id" = 831;
INSERT INTO "monitoredBy" VALUES (831, 829);
INSERT INTO "TrackElement" ("id") VALUES (832);
INSERT INTO "Segment" ("id", "length") VALUES (832, 929);
UPDATE "TrackElement" SET "region" = 745 WHERE "id" = 832;
INSERT INTO "monitoredBy" VALUES (832, 829);
INSERT INTO "TrackElement" ("id") VALUES (833);
INSERT INTO "Segment" ("id", "length") VALUES (833, 75);
UPDATE "TrackElement" SET "region" = 745 WHERE "id" = 833;
INSERT INTO "monitoredBy" VALUES (833, 829);
INSERT INTO "TrackElement" ("id") VALUES (834);
INSERT INTO "Segment" ("id", "length") VALUES (834, 882);
UPDATE "TrackElement" SET "region" = 745 WHERE "id" = 834;
INSERT INTO "monitoredBy" VALUES (834, 829);
INSERT INTO "SwitchPosition" ("id", "position", "target") VALUES (835, 1, 822);
UPDATE "SwitchPosition" SET "route" = 744 WHERE "id" = 835;
INSERT INTO "connectsTo" VALUES (746, 748);
INSERT INTO "connectsTo" VALUES (748, 749);
INSERT INTO "connectsTo" VALUES (749, 750);
INSERT INTO "connectsTo" VALUES (750, 751);
INSERT INTO "connectsTo" VALUES (751, 752);
INSERT INTO "connectsTo" VALUES (752, 754);
INSERT INTO "connectsTo" VALUES (754, 755);
INSERT INTO "connectsTo" VALUES (755, 756);
INSERT INTO "connectsTo" VALUES (756, 757);
INSERT INTO "connectsTo" VALUES (757, 758);
INSERT INTO "connectsTo" VALUES (758, 760);
INSERT INTO "connectsTo" VALUES (760, 761);
INSERT INTO "connectsTo" VALUES (761, 762);
INSERT INTO "connectsTo" VALUES (762, 763);
INSERT INTO "connectsTo" VALUES (763, 764);
INSERT INTO "connectsTo" VALUES (764, 766);
INSERT INTO "connectsTo" VALUES (766, 767);
INSERT INTO "connectsTo" VALUES (767, 768);
INSERT INTO "connectsTo" VALUES (768, 769);
INSERT INTO "connectsTo" VALUES (769, 770);
INSERT INTO "connectsTo" VALUES (770, 772);
INSERT INTO "connectsTo" VALUES (772, 773);
INSERT INTO "connectsTo" VALUES (773, 774);
INSERT INTO "connectsTo" VALUES (774, 775);
INSERT INTO "connectsTo" VALUES (775, 776);
INSERT INTO "connectsTo" VALUES (776, 778);
INSERT INTO "connectsTo" VALUES (778, 779);
INSERT INTO "connectsTo" VALUES (779, 780);
INSERT INTO "connectsTo" VALUES (780, 781);
INSERT INTO "connectsTo" VALUES (781, 782);
INSERT INTO "connectsTo" VALUES (782, 784);
INSERT INTO "connectsTo" VALUES (784, 785);
INSERT INTO "connectsTo" VALUES (785, 786);
INSERT INTO "connectsTo" VALUES (786, 787);
INSERT INTO "connectsTo" VALUES (787, 788);
INSERT INTO "connectsTo" VALUES (788, 790);
INSERT INTO "connectsTo" VALUES (790, 791);
INSERT INTO "connectsTo" VALUES (791, 792);
INSERT INTO "connectsTo" VALUES (792, 793);
INSERT INTO "connectsTo" VALUES (793, 794);
INSERT INTO "connectsTo" VALUES (794, 796);
INSERT INTO "connectsTo" VALUES (796, 798);
INSERT INTO "connectsTo" VALUES (798, 799);
INSERT INTO "connectsTo" VALUES (799, 800);
INSERT INTO "connectsTo" VALUES (800, 801);
INSERT INTO "connectsTo" VALUES (801, 802);
INSERT INTO "connectsTo" VALUES (802, 804);
INSERT INTO "connectsTo" VALUES (804, 805);
INSERT INTO "connectsTo" VALUES (805, 806);
INSERT INTO "connectsTo" VALUES (806, 807);
INSERT INTO "connectsTo" VALUES (807, 808);
INSERT INTO "connectsTo" VALUES (808, 810);
INSERT INTO "connectsTo" VALUES (810, 811);
INSERT INTO "connectsTo" VALUES (811, 812);
INSERT INTO "connectsTo" VALUES (812, 813);
INSERT INTO "connectsTo" VALUES (813, 814);
INSERT INTO "connectsTo" VALUES (814, 816);
INSERT INTO "connectsTo" VALUES (816, 817);
INSERT INTO "connectsTo" VALUES (817, 818);
INSERT INTO "connectsTo" VALUES (818, 819);
INSERT INTO "connectsTo" VALUES (819, 820);
INSERT INTO "connectsTo" VALUES (820, 822);
INSERT INTO "connectsTo" VALUES (822, 824);
INSERT INTO "connectsTo" VALUES (824, 825);
INSERT INTO "connectsTo" VALUES (825, 826);
INSERT INTO "connectsTo" VALUES (826, 827);
INSERT INTO "connectsTo" VALUES (827, 828);
INSERT INTO "connectsTo" VALUES (828, 830);
INSERT INTO "connectsTo" VALUES (830, 831);
INSERT INTO "connectsTo" VALUES (831, 832);
INSERT INTO "connectsTo" VALUES (832, 833);
INSERT INTO "connectsTo" VALUES (833, 834);
INSERT INTO "connectsTo" VALUES (741, 746);
INSERT INTO "Semaphore" ("id", "signal") VALUES (836, 2);
INSERT INTO "Route" ("id", "active", "entry", "exit") VALUES (837, 1, NULL, 836);
INSERT INTO "Region" ("id") VALUES (838);
INSERT INTO "TrackElement" ("id") VALUES (839);
INSERT INTO "Switch" ("id", "currentPosition") VALUES (839, 2);
UPDATE "TrackElement" SET "region" = 838 WHERE "id" = 839;
INSERT INTO "Sensor" ("id") VALUES (840);
UPDATE "Sensor" SET "region" = 838 WHERE "id" = 840;
INSERT INTO "monitoredBy" VALUES (839, 840);
INSERT INTO "requires" VALUES (837, 840);
INSERT INTO "TrackElement" ("id") VALUES (841);
INSERT INTO "Segment" ("id", "length") VALUES (841, 456);
UPDATE "TrackElement" SET "region" = 838 WHERE "id" = 841;
INSERT INTO "monitoredBy" VALUES (841, 840);
UPDATE "Semaphore" SET "segment" = 841 WHERE "id" = 836;
INSERT INTO "TrackElement" ("id") VALUES (842);
INSERT INTO "Segment" ("id", "length") VALUES (842, -116);
UPDATE "TrackElement" SET "region" = 838 WHERE "id" = 842;
INSERT INTO "monitoredBy" VALUES (842, 840);
INSERT INTO "TrackElement" ("id") VALUES (843);
INSERT INTO "Segment" ("id", "length") VALUES (843, 148);
UPDATE "TrackElement" SET "region" = 838 WHERE "id" = 843;
INSERT INTO "monitoredBy" VALUES (843, 840);
INSERT INTO "TrackElement" ("id") VALUES (844);
INSERT INTO "Segment" ("id", "length") VALUES (844, 707);
UPDATE "TrackElement" SET "region" = 838 WHERE "id" = 844;
INSERT INTO "monitoredBy" VALUES (844, 840);
INSERT INTO "TrackElement" ("id") VALUES (845);
INSERT INTO "Segment" ("id", "length") VALUES (845, 922);
UPDATE "TrackElement" SET "region" = 838 WHERE "id" = 845;
INSERT INTO "monitoredBy" VALUES (845, 840);
INSERT INTO "Sensor" ("id") VALUES (846);
UPDATE "Sensor" SET "region" = 838 WHERE "id" = 846;
INSERT INTO "monitoredBy" VALUES (839, 846);
INSERT INTO "requires" VALUES (837, 846);
INSERT INTO "TrackElement" ("id") VALUES (847);
INSERT INTO "Segment" ("id", "length") VALUES (847, 342);
UPDATE "TrackElement" SET "region" = 838 WHERE "id" = 847;
INSERT INTO "monitoredBy" VALUES (847, 846);
INSERT INTO "TrackElement" ("id") VALUES (848);
INSERT INTO "Segment" ("id", "length") VALUES (848, 912);
UPDATE "TrackElement" SET "region" = 838 WHERE "id" = 848;
INSERT INTO "monitoredBy" VALUES (848, 846);
INSERT INTO "TrackElement" ("id") VALUES (849);
INSERT INTO "Segment" ("id", "length") VALUES (849, 501);
UPDATE "TrackElement" SET "region" = 838 WHERE "id" = 849;
INSERT INTO "monitoredBy" VALUES (849, 846);
INSERT INTO "TrackElement" ("id") VALUES (850);
INSERT INTO "Segment" ("id", "length") VALUES (850, 453);
UPDATE "TrackElement" SET "region" = 838 WHERE "id" = 850;
INSERT INTO "monitoredBy" VALUES (850, 846);
INSERT INTO "TrackElement" ("id") VALUES (851);
INSERT INTO "Segment" ("id", "length") VALUES (851, 953);
UPDATE "TrackElement" SET "region" = 838 WHERE "id" = 851;
INSERT INTO "monitoredBy" VALUES (851, 846);
INSERT INTO "Sensor" ("id") VALUES (852);
UPDATE "Sensor" SET "region" = 838 WHERE "id" = 852;
INSERT INTO "monitoredBy" VALUES (839, 852);
INSERT INTO "requires" VALUES (837, 852);
INSERT INTO "TrackElement" ("id") VALUES (853);
INSERT INTO "Segment" ("id", "length") VALUES (853, 510);
UPDATE "TrackElement" SET "region" = 838 WHERE "id" = 853;
INSERT INTO "monitoredBy" VALUES (853, 852);
INSERT INTO "TrackElement" ("id") VALUES (854);
INSERT INTO "Segment" ("id", "length") VALUES (854, -915);
UPDATE "TrackElement" SET "region" = 838 WHERE "id" = 854;
INSERT INTO "monitoredBy" VALUES (854, 852);
INSERT INTO "TrackElement" ("id") VALUES (855);
INSERT INTO "Segment" ("id", "length") VALUES (855, -28);
UPDATE "TrackElement" SET "region" = 838 WHERE "id" = 855;
INSERT INTO "monitoredBy" VALUES (855, 852);
INSERT INTO "TrackElement" ("id") VALUES (856);
INSERT INTO "Segment" ("id", "length") VALUES (856, 827);
UPDATE "TrackElement" SET "region" = 838 WHERE "id" = 856;
INSERT INTO "monitoredBy" VALUES (856, 852);
INSERT INTO "TrackElement" ("id") VALUES (857);
INSERT INTO "Segment" ("id", "length") VALUES (857, 827);
UPDATE "TrackElement" SET "region" = 838 WHERE "id" = 857;
INSERT INTO "monitoredBy" VALUES (857, 852);
INSERT INTO "Sensor" ("id") VALUES (858);
UPDATE "Sensor" SET "region" = 838 WHERE "id" = 858;
INSERT INTO "monitoredBy" VALUES (839, 858);
INSERT INTO "requires" VALUES (837, 858);
INSERT INTO "TrackElement" ("id") VALUES (859);
INSERT INTO "Segment" ("id", "length") VALUES (859, -592);
UPDATE "TrackElement" SET "region" = 838 WHERE "id" = 859;
INSERT INTO "monitoredBy" VALUES (859, 858);
INSERT INTO "TrackElement" ("id") VALUES (860);
INSERT INTO "Segment" ("id", "length") VALUES (860, 998);
UPDATE "TrackElement" SET "region" = 838 WHERE "id" = 860;
INSERT INTO "monitoredBy" VALUES (860, 858);
INSERT INTO "TrackElement" ("id") VALUES (861);
INSERT INTO "Segment" ("id", "length") VALUES (861, 498);
UPDATE "TrackElement" SET "region" = 838 WHERE "id" = 861;
INSERT INTO "monitoredBy" VALUES (861, 858);
INSERT INTO "TrackElement" ("id") VALUES (862);
INSERT INTO "Segment" ("id", "length") VALUES (862, 638);
UPDATE "TrackElement" SET "region" = 838 WHERE "id" = 862;
INSERT INTO "monitoredBy" VALUES (862, 858);
INSERT INTO "TrackElement" ("id") VALUES (863);
INSERT INTO "Segment" ("id", "length") VALUES (863, 752);
UPDATE "TrackElement" SET "region" = 838 WHERE "id" = 863;
INSERT INTO "monitoredBy" VALUES (863, 858);
INSERT INTO "Sensor" ("id") VALUES (864);
UPDATE "Sensor" SET "region" = 838 WHERE "id" = 864;
INSERT INTO "monitoredBy" VALUES (839, 864);
INSERT INTO "requires" VALUES (837, 864);
INSERT INTO "TrackElement" ("id") VALUES (865);
INSERT INTO "Segment" ("id", "length") VALUES (865, 669);
UPDATE "TrackElement" SET "region" = 838 WHERE "id" = 865;
INSERT INTO "monitoredBy" VALUES (865, 864);
INSERT INTO "TrackElement" ("id") VALUES (866);
INSERT INTO "Segment" ("id", "length") VALUES (866, 29);
UPDATE "TrackElement" SET "region" = 838 WHERE "id" = 866;
INSERT INTO "monitoredBy" VALUES (866, 864);
INSERT INTO "TrackElement" ("id") VALUES (867);
INSERT INTO "Segment" ("id", "length") VALUES (867, 546);
UPDATE "TrackElement" SET "region" = 838 WHERE "id" = 867;
INSERT INTO "monitoredBy" VALUES (867, 864);
INSERT INTO "TrackElement" ("id") VALUES (868);
INSERT INTO "Segment" ("id", "length") VALUES (868, 169);
UPDATE "TrackElement" SET "region" = 838 WHERE "id" = 868;
INSERT INTO "monitoredBy" VALUES (868, 864);
INSERT INTO "TrackElement" ("id") VALUES (869);
INSERT INTO "Segment" ("id", "length") VALUES (869, 443);
UPDATE "TrackElement" SET "region" = 838 WHERE "id" = 869;
INSERT INTO "monitoredBy" VALUES (869, 864);
INSERT INTO "Sensor" ("id") VALUES (870);
UPDATE "Sensor" SET "region" = 838 WHERE "id" = 870;
INSERT INTO "monitoredBy" VALUES (839, 870);
INSERT INTO "requires" VALUES (837, 870);
INSERT INTO "TrackElement" ("id") VALUES (871);
INSERT INTO "Segment" ("id", "length") VALUES (871, 63);
UPDATE "TrackElement" SET "region" = 838 WHERE "id" = 871;
INSERT INTO "monitoredBy" VALUES (871, 870);
INSERT INTO "TrackElement" ("id") VALUES (872);
INSERT INTO "Segment" ("id", "length") VALUES (872, 127);
UPDATE "TrackElement" SET "region" = 838 WHERE "id" = 872;
INSERT INTO "monitoredBy" VALUES (872, 870);
INSERT INTO "TrackElement" ("id") VALUES (873);
INSERT INTO "Segment" ("id", "length") VALUES (873, 587);
UPDATE "TrackElement" SET "region" = 838 WHERE "id" = 873;
INSERT INTO "monitoredBy" VALUES (873, 870);
INSERT INTO "TrackElement" ("id") VALUES (874);
INSERT INTO "Segment" ("id", "length") VALUES (874, 211);
UPDATE "TrackElement" SET "region" = 838 WHERE "id" = 874;
INSERT INTO "monitoredBy" VALUES (874, 870);
INSERT INTO "TrackElement" ("id") VALUES (875);
INSERT INTO "Segment" ("id", "length") VALUES (875, 827);
UPDATE "TrackElement" SET "region" = 838 WHERE "id" = 875;
INSERT INTO "monitoredBy" VALUES (875, 870);
INSERT INTO "SwitchPosition" ("id", "position", "target") VALUES (876, 2, 839);
UPDATE "SwitchPosition" SET "route" = 837 WHERE "id" = 876;
INSERT INTO "TrackElement" ("id") VALUES (877);
INSERT INTO "Switch" ("id", "currentPosition") VALUES (877, 0);
UPDATE "TrackElement" SET "region" = 838 WHERE "id" = 877;
INSERT INTO "Sensor" ("id") VALUES (878);
UPDATE "Sensor" SET "region" = 838 WHERE "id" = 878;
INSERT INTO "TrackElement" ("id") VALUES (879);
INSERT INTO "Segment" ("id", "length") VALUES (879, 773);
UPDATE "TrackElement" SET "region" = 838 WHERE "id" = 879;
INSERT INTO "monitoredBy" VALUES (879, 878);
INSERT INTO "TrackElement" ("id") VALUES (880);
INSERT INTO "Segment" ("id", "length") VALUES (880, 941);
UPDATE "TrackElement" SET "region" = 838 WHERE "id" = 880;
INSERT INTO "monitoredBy" VALUES (880, 878);
INSERT INTO "TrackElement" ("id") VALUES (881);
INSERT INTO "Segment" ("id", "length") VALUES (881, 220);
UPDATE "TrackElement" SET "region" = 838 WHERE "id" = 881;
INSERT INTO "monitoredBy" VALUES (881, 878);
INSERT INTO "TrackElement" ("id") VALUES (882);
INSERT INTO "Segment" ("id", "length") VALUES (882, 26);
UPDATE "TrackElement" SET "region" = 838 WHERE "id" = 882;
INSERT INTO "monitoredBy" VALUES (882, 878);
INSERT INTO "TrackElement" ("id") VALUES (883);
INSERT INTO "Segment" ("id", "length") VALUES (883, 431);
UPDATE "TrackElement" SET "region" = 838 WHERE "id" = 883;
INSERT INTO "monitoredBy" VALUES (883, 878);
INSERT INTO "Sensor" ("id") VALUES (884);
UPDATE "Sensor" SET "region" = 838 WHERE "id" = 884;
INSERT INTO "TrackElement" ("id") VALUES (885);
INSERT INTO "Segment" ("id", "length") VALUES (885, 939);
UPDATE "TrackElement" SET "region" = 838 WHERE "id" = 885;
INSERT INTO "monitoredBy" VALUES (885, 884);
INSERT INTO "TrackElement" ("id") VALUES (886);
INSERT INTO "Segment" ("id", "length") VALUES (886, 884);
UPDATE "TrackElement" SET "region" = 838 WHERE "id" = 886;
INSERT INTO "monitoredBy" VALUES (886, 884);
INSERT INTO "TrackElement" ("id") VALUES (887);
INSERT INTO "Segment" ("id", "length") VALUES (887, -701);
UPDATE "TrackElement" SET "region" = 838 WHERE "id" = 887;
INSERT INTO "monitoredBy" VALUES (887, 884);
INSERT INTO "TrackElement" ("id") VALUES (888);
INSERT INTO "Segment" ("id", "length") VALUES (888, 328);
UPDATE "TrackElement" SET "region" = 838 WHERE "id" = 888;
INSERT INTO "monitoredBy" VALUES (888, 884);
INSERT INTO "TrackElement" ("id") VALUES (889);
INSERT INTO "Segment" ("id", "length") VALUES (889, 625);
UPDATE "TrackElement" SET "region" = 838 WHERE "id" = 889;
INSERT INTO "monitoredBy" VALUES (889, 884);
INSERT INTO "Sensor" ("id") VALUES (890);
UPDATE "Sensor" SET "region" = 838 WHERE "id" = 890;
INSERT INTO "monitoredBy" VALUES (877, 890);
INSERT INTO "requires" VALUES (837, 890);
INSERT INTO "TrackElement" ("id") VALUES (891);
INSERT INTO "Segment" ("id", "length") VALUES (891, 611);
UPDATE "TrackElement" SET "region" = 838 WHERE "id" = 891;
INSERT INTO "monitoredBy" VALUES (891, 890);
INSERT INTO "TrackElement" ("id") VALUES (892);
INSERT INTO "Segment" ("id", "length") VALUES (892, 148);
UPDATE "TrackElement" SET "region" = 838 WHERE "id" = 892;
INSERT INTO "monitoredBy" VALUES (892, 890);
INSERT INTO "TrackElement" ("id") VALUES (893);
INSERT INTO "Segment" ("id", "length") VALUES (893, 236);
UPDATE "TrackElement" SET "region" = 838 WHERE "id" = 893;
INSERT INTO "monitoredBy" VALUES (893, 890);
INSERT INTO "TrackElement" ("id") VALUES (894);
INSERT INTO "Segment" ("id", "length") VALUES (894, 691);
UPDATE "TrackElement" SET "region" = 838 WHERE "id" = 894;
INSERT INTO "monitoredBy" VALUES (894, 890);
INSERT INTO "TrackElement" ("id") VALUES (895);
INSERT INTO "Segment" ("id", "length") VALUES (895, 994);
UPDATE "TrackElement" SET "region" = 838 WHERE "id" = 895;
INSERT INTO "monitoredBy" VALUES (895, 890);
INSERT INTO "Sensor" ("id") VALUES (896);
UPDATE "Sensor" SET "region" = 838 WHERE "id" = 896;
INSERT INTO "monitoredBy" VALUES (877, 896);
INSERT INTO "requires" VALUES (837, 896);
INSERT INTO "TrackElement" ("id") VALUES (897);
INSERT INTO "Segment" ("id", "length") VALUES (897, 390);
UPDATE "TrackElement" SET "region" = 838 WHERE "id" = 897;
INSERT INTO "monitoredBy" VALUES (897, 896);
INSERT INTO "TrackElement" ("id") VALUES (898);
INSERT INTO "Segment" ("id", "length") VALUES (898, 837);
UPDATE "TrackElement" SET "region" = 838 WHERE "id" = 898;
INSERT INTO "monitoredBy" VALUES (898, 896);
INSERT INTO "TrackElement" ("id") VALUES (899);
INSERT INTO "Segment" ("id", "length") VALUES (899, 659);
UPDATE "TrackElement" SET "region" = 838 WHERE "id" = 899;
INSERT INTO "monitoredBy" VALUES (899, 896);
INSERT INTO "TrackElement" ("id") VALUES (900);
INSERT INTO "Segment" ("id", "length") VALUES (900, 479);
UPDATE "TrackElement" SET "region" = 838 WHERE "id" = 900;
INSERT INTO "monitoredBy" VALUES (900, 896);
INSERT INTO "TrackElement" ("id") VALUES (901);
INSERT INTO "Segment" ("id", "length") VALUES (901, 898);
UPDATE "TrackElement" SET "region" = 838 WHERE "id" = 901;
INSERT INTO "monitoredBy" VALUES (901, 896);
INSERT INTO "Sensor" ("id") VALUES (902);
UPDATE "Sensor" SET "region" = 838 WHERE "id" = 902;
INSERT INTO "monitoredBy" VALUES (877, 902);
INSERT INTO "requires" VALUES (837, 902);
INSERT INTO "TrackElement" ("id") VALUES (903);
INSERT INTO "Segment" ("id", "length") VALUES (903, 297);
UPDATE "TrackElement" SET "region" = 838 WHERE "id" = 903;
INSERT INTO "monitoredBy" VALUES (903, 902);
INSERT INTO "TrackElement" ("id") VALUES (904);
INSERT INTO "Segment" ("id", "length") VALUES (904, 364);
UPDATE "TrackElement" SET "region" = 838 WHERE "id" = 904;
INSERT INTO "monitoredBy" VALUES (904, 902);
INSERT INTO "TrackElement" ("id") VALUES (905);
INSERT INTO "Segment" ("id", "length") VALUES (905, 430);
UPDATE "TrackElement" SET "region" = 838 WHERE "id" = 905;
INSERT INTO "monitoredBy" VALUES (905, 902);
INSERT INTO "TrackElement" ("id") VALUES (906);
INSERT INTO "Segment" ("id", "length") VALUES (906, 307);
UPDATE "TrackElement" SET "region" = 838 WHERE "id" = 906;
INSERT INTO "monitoredBy" VALUES (906, 902);
INSERT INTO "TrackElement" ("id") VALUES (907);
INSERT INTO "Segment" ("id", "length") VALUES (907, 212);
UPDATE "TrackElement" SET "region" = 838 WHERE "id" = 907;
INSERT INTO "monitoredBy" VALUES (907, 902);
INSERT INTO "Sensor" ("id") VALUES (908);
UPDATE "Sensor" SET "region" = 838 WHERE "id" = 908;
INSERT INTO "monitoredBy" VALUES (877, 908);
INSERT INTO "requires" VALUES (837, 908);
INSERT INTO "TrackElement" ("id") VALUES (909);
INSERT INTO "Segment" ("id", "length") VALUES (909, 283);
UPDATE "TrackElement" SET "region" = 838 WHERE "id" = 909;
INSERT INTO "monitoredBy" VALUES (909, 908);
INSERT INTO "TrackElement" ("id") VALUES (910);
INSERT INTO "Segment" ("id", "length") VALUES (910, 493);
UPDATE "TrackElement" SET "region" = 838 WHERE "id" = 910;
INSERT INTO "monitoredBy" VALUES (910, 908);
INSERT INTO "TrackElement" ("id") VALUES (911);
INSERT INTO "Segment" ("id", "length") VALUES (911, 52);
UPDATE "TrackElement" SET "region" = 838 WHERE "id" = 911;
INSERT INTO "monitoredBy" VALUES (911, 908);
INSERT INTO "TrackElement" ("id") VALUES (912);
INSERT INTO "Segment" ("id", "length") VALUES (912, 456);
UPDATE "TrackElement" SET "region" = 838 WHERE "id" = 912;
INSERT INTO "monitoredBy" VALUES (912, 908);
INSERT INTO "TrackElement" ("id") VALUES (913);
INSERT INTO "Segment" ("id", "length") VALUES (913, 694);
UPDATE "TrackElement" SET "region" = 838 WHERE "id" = 913;
INSERT INTO "monitoredBy" VALUES (913, 908);
INSERT INTO "Sensor" ("id") VALUES (914);
UPDATE "Sensor" SET "region" = 838 WHERE "id" = 914;
INSERT INTO "monitoredBy" VALUES (877, 914);
INSERT INTO "requires" VALUES (837, 914);
INSERT INTO "TrackElement" ("id") VALUES (915);
INSERT INTO "Segment" ("id", "length") VALUES (915, 772);
UPDATE "TrackElement" SET "region" = 838 WHERE "id" = 915;
INSERT INTO "monitoredBy" VALUES (915, 914);
INSERT INTO "TrackElement" ("id") VALUES (916);
INSERT INTO "Segment" ("id", "length") VALUES (916, 895);
UPDATE "TrackElement" SET "region" = 838 WHERE "id" = 916;
INSERT INTO "monitoredBy" VALUES (916, 914);
INSERT INTO "TrackElement" ("id") VALUES (917);
INSERT INTO "Segment" ("id", "length") VALUES (917, -467);
UPDATE "TrackElement" SET "region" = 838 WHERE "id" = 917;
INSERT INTO "monitoredBy" VALUES (917, 914);
INSERT INTO "TrackElement" ("id") VALUES (918);
INSERT INTO "Segment" ("id", "length") VALUES (918, -138);
UPDATE "TrackElement" SET "region" = 838 WHERE "id" = 918;
INSERT INTO "monitoredBy" VALUES (918, 914);
INSERT INTO "TrackElement" ("id") VALUES (919);
INSERT INTO "Segment" ("id", "length") VALUES (919, 863);
UPDATE "TrackElement" SET "region" = 838 WHERE "id" = 919;
INSERT INTO "monitoredBy" VALUES (919, 914);
INSERT INTO "SwitchPosition" ("id", "position", "target") VALUES (920, 2, 877);
UPDATE "SwitchPosition" SET "route" = 837 WHERE "id" = 920;
INSERT INTO "TrackElement" ("id") VALUES (921);
INSERT INTO "Switch" ("id", "currentPosition") VALUES (921, 1);
UPDATE "TrackElement" SET "region" = 838 WHERE "id" = 921;
INSERT INTO "Sensor" ("id") VALUES (922);
UPDATE "Sensor" SET "region" = 838 WHERE "id" = 922;
INSERT INTO "monitoredBy" VALUES (921, 922);
INSERT INTO "requires" VALUES (837, 922);
INSERT INTO "TrackElement" ("id") VALUES (923);
INSERT INTO "Segment" ("id", "length") VALUES (923, 160);
UPDATE "TrackElement" SET "region" = 838 WHERE "id" = 923;
INSERT INTO "monitoredBy" VALUES (923, 922);
INSERT INTO "TrackElement" ("id") VALUES (924);
INSERT INTO "Segment" ("id", "length") VALUES (924, 62);
UPDATE "TrackElement" SET "region" = 838 WHERE "id" = 924;
INSERT INTO "monitoredBy" VALUES (924, 922);
INSERT INTO "TrackElement" ("id") VALUES (925);
INSERT INTO "Segment" ("id", "length") VALUES (925, 12);
UPDATE "TrackElement" SET "region" = 838 WHERE "id" = 925;
INSERT INTO "monitoredBy" VALUES (925, 922);
INSERT INTO "TrackElement" ("id") VALUES (926);
INSERT INTO "Segment" ("id", "length") VALUES (926, 57);
UPDATE "TrackElement" SET "region" = 838 WHERE "id" = 926;
INSERT INTO "monitoredBy" VALUES (926, 922);
INSERT INTO "TrackElement" ("id") VALUES (927);
INSERT INTO "Segment" ("id", "length") VALUES (927, 204);
UPDATE "TrackElement" SET "region" = 838 WHERE "id" = 927;
INSERT INTO "monitoredBy" VALUES (927, 922);
INSERT INTO "Sensor" ("id") VALUES (928);
UPDATE "Sensor" SET "region" = 838 WHERE "id" = 928;
INSERT INTO "monitoredBy" VALUES (921, 928);
INSERT INTO "requires" VALUES (837, 928);
INSERT INTO "TrackElement" ("id") VALUES (929);
INSERT INTO "Segment" ("id", "length") VALUES (929, 250);
UPDATE "TrackElement" SET "region" = 838 WHERE "id" = 929;
INSERT INTO "monitoredBy" VALUES (929, 928);
INSERT INTO "TrackElement" ("id") VALUES (930);
INSERT INTO "Segment" ("id", "length") VALUES (930, 706);
UPDATE "TrackElement" SET "region" = 838 WHERE "id" = 930;
INSERT INTO "monitoredBy" VALUES (930, 928);
INSERT INTO "TrackElement" ("id") VALUES (931);
INSERT INTO "Segment" ("id", "length") VALUES (931, 935);
UPDATE "TrackElement" SET "region" = 838 WHERE "id" = 931;
INSERT INTO "monitoredBy" VALUES (931, 928);
INSERT INTO "TrackElement" ("id") VALUES (932);
INSERT INTO "Segment" ("id", "length") VALUES (932, 307);
UPDATE "TrackElement" SET "region" = 838 WHERE "id" = 932;
INSERT INTO "monitoredBy" VALUES (932, 928);
INSERT INTO "TrackElement" ("id") VALUES (933);
INSERT INTO "Segment" ("id", "length") VALUES (933, 235);
UPDATE "TrackElement" SET "region" = 838 WHERE "id" = 933;
INSERT INTO "monitoredBy" VALUES (933, 928);
INSERT INTO "Sensor" ("id") VALUES (934);
UPDATE "Sensor" SET "region" = 838 WHERE "id" = 934;
INSERT INTO "TrackElement" ("id") VALUES (935);
INSERT INTO "Segment" ("id", "length") VALUES (935, 116);
UPDATE "TrackElement" SET "region" = 838 WHERE "id" = 935;
INSERT INTO "monitoredBy" VALUES (935, 934);
INSERT INTO "TrackElement" ("id") VALUES (936);
INSERT INTO "Segment" ("id", "length") VALUES (936, 326);
UPDATE "TrackElement" SET "region" = 838 WHERE "id" = 936;
INSERT INTO "monitoredBy" VALUES (936, 934);
INSERT INTO "TrackElement" ("id") VALUES (937);
INSERT INTO "Segment" ("id", "length") VALUES (937, 252);
UPDATE "TrackElement" SET "region" = 838 WHERE "id" = 937;
INSERT INTO "monitoredBy" VALUES (937, 934);
INSERT INTO "TrackElement" ("id") VALUES (938);
INSERT INTO "Segment" ("id", "length") VALUES (938, 271);
UPDATE "TrackElement" SET "region" = 838 WHERE "id" = 938;
INSERT INTO "monitoredBy" VALUES (938, 934);
INSERT INTO "TrackElement" ("id") VALUES (939);
INSERT INTO "Segment" ("id", "length") VALUES (939, 795);
UPDATE "TrackElement" SET "region" = 838 WHERE "id" = 939;
INSERT INTO "monitoredBy" VALUES (939, 934);
INSERT INTO "TrackElement" ("id") VALUES (940);
INSERT INTO "Segment" ("id", "length") VALUES (940, 282);
UPDATE "TrackElement" SET "region" = 838 WHERE "id" = 940;
INSERT INTO "monitoredBy" VALUES (940, 934);
INSERT INTO "Sensor" ("id") VALUES (941);
UPDATE "Sensor" SET "region" = 838 WHERE "id" = 941;
INSERT INTO "TrackElement" ("id") VALUES (942);
INSERT INTO "Segment" ("id", "length") VALUES (942, 392);
UPDATE "TrackElement" SET "region" = 838 WHERE "id" = 942;
INSERT INTO "monitoredBy" VALUES (942, 941);
INSERT INTO "TrackElement" ("id") VALUES (943);
INSERT INTO "Segment" ("id", "length") VALUES (943, 241);
UPDATE "TrackElement" SET "region" = 838 WHERE "id" = 943;
INSERT INTO "monitoredBy" VALUES (943, 941);
INSERT INTO "TrackElement" ("id") VALUES (944);
INSERT INTO "Segment" ("id", "length") VALUES (944, 628);
UPDATE "TrackElement" SET "region" = 838 WHERE "id" = 944;
INSERT INTO "monitoredBy" VALUES (944, 941);
INSERT INTO "TrackElement" ("id") VALUES (945);
INSERT INTO "Segment" ("id", "length") VALUES (945, 164);
UPDATE "TrackElement" SET "region" = 838 WHERE "id" = 945;
INSERT INTO "monitoredBy" VALUES (945, 941);
INSERT INTO "TrackElement" ("id") VALUES (946);
INSERT INTO "Segment" ("id", "length") VALUES (946, 558);
UPDATE "TrackElement" SET "region" = 838 WHERE "id" = 946;
INSERT INTO "monitoredBy" VALUES (946, 941);
INSERT INTO "Sensor" ("id") VALUES (947);
UPDATE "Sensor" SET "region" = 838 WHERE "id" = 947;
INSERT INTO "monitoredBy" VALUES (921, 947);
INSERT INTO "requires" VALUES (837, 947);
INSERT INTO "TrackElement" ("id") VALUES (948);
INSERT INTO "Segment" ("id", "length") VALUES (948, 764);
UPDATE "TrackElement" SET "region" = 838 WHERE "id" = 948;
INSERT INTO "monitoredBy" VALUES (948, 947);
INSERT INTO "TrackElement" ("id") VALUES (949);
INSERT INTO "Segment" ("id", "length") VALUES (949, 110);
UPDATE "TrackElement" SET "region" = 838 WHERE "id" = 949;
INSERT INTO "monitoredBy" VALUES (949, 947);
INSERT INTO "TrackElement" ("id") VALUES (950);
INSERT INTO "Segment" ("id", "length") VALUES (950, 230);
UPDATE "TrackElement" SET "region" = 838 WHERE "id" = 950;
INSERT INTO "monitoredBy" VALUES (950, 947);
INSERT INTO "TrackElement" ("id") VALUES (951);
INSERT INTO "Segment" ("id", "length") VALUES (951, 30);
UPDATE "TrackElement" SET "region" = 838 WHERE "id" = 951;
INSERT INTO "monitoredBy" VALUES (951, 947);
INSERT INTO "TrackElement" ("id") VALUES (952);
INSERT INTO "Segment" ("id", "length") VALUES (952, 83);
UPDATE "TrackElement" SET "region" = 838 WHERE "id" = 952;
INSERT INTO "monitoredBy" VALUES (952, 947);
INSERT INTO "Sensor" ("id") VALUES (953);
UPDATE "Sensor" SET "region" = 838 WHERE "id" = 953;
INSERT INTO "monitoredBy" VALUES (921, 953);
INSERT INTO "requires" VALUES (837, 953);
INSERT INTO "TrackElement" ("id") VALUES (954);
INSERT INTO "Segment" ("id", "length") VALUES (954, 182);
UPDATE "TrackElement" SET "region" = 838 WHERE "id" = 954;
INSERT INTO "monitoredBy" VALUES (954, 953);
INSERT INTO "TrackElement" ("id") VALUES (955);
INSERT INTO "Segment" ("id", "length") VALUES (955, 102);
UPDATE "TrackElement" SET "region" = 838 WHERE "id" = 955;
INSERT INTO "monitoredBy" VALUES (955, 953);
INSERT INTO "TrackElement" ("id") VALUES (956);
INSERT INTO "Segment" ("id", "length") VALUES (956, 217);
UPDATE "TrackElement" SET "region" = 838 WHERE "id" = 956;
INSERT INTO "monitoredBy" VALUES (956, 953);
INSERT INTO "TrackElement" ("id") VALUES (957);
INSERT INTO "Segment" ("id", "length") VALUES (957, 351);
UPDATE "TrackElement" SET "region" = 838 WHERE "id" = 957;
INSERT INTO "monitoredBy" VALUES (957, 953);
INSERT INTO "TrackElement" ("id") VALUES (958);
INSERT INTO "Segment" ("id", "length") VALUES (958, 758);
UPDATE "TrackElement" SET "region" = 838 WHERE "id" = 958;
INSERT INTO "monitoredBy" VALUES (958, 953);
INSERT INTO "Sensor" ("id") VALUES (959);
UPDATE "Sensor" SET "region" = 838 WHERE "id" = 959;
INSERT INTO "monitoredBy" VALUES (921, 959);
INSERT INTO "requires" VALUES (837, 959);
INSERT INTO "TrackElement" ("id") VALUES (960);
INSERT INTO "Segment" ("id", "length") VALUES (960, 54);
UPDATE "TrackElement" SET "region" = 838 WHERE "id" = 960;
INSERT INTO "monitoredBy" VALUES (960, 959);
INSERT INTO "TrackElement" ("id") VALUES (961);
INSERT INTO "Segment" ("id", "length") VALUES (961, 557);
UPDATE "TrackElement" SET "region" = 838 WHERE "id" = 961;
INSERT INTO "monitoredBy" VALUES (961, 959);
INSERT INTO "TrackElement" ("id") VALUES (962);
INSERT INTO "Segment" ("id", "length") VALUES (962, 509);
UPDATE "TrackElement" SET "region" = 838 WHERE "id" = 962;
INSERT INTO "monitoredBy" VALUES (962, 959);
INSERT INTO "TrackElement" ("id") VALUES (963);
INSERT INTO "Segment" ("id", "length") VALUES (963, 132);
UPDATE "TrackElement" SET "region" = 838 WHERE "id" = 963;
INSERT INTO "monitoredBy" VALUES (963, 959);
INSERT INTO "TrackElement" ("id") VALUES (964);
INSERT INTO "Segment" ("id", "length") VALUES (964, 196);
UPDATE "TrackElement" SET "region" = 838 WHERE "id" = 964;
INSERT INTO "monitoredBy" VALUES (964, 959);
INSERT INTO "Sensor" ("id") VALUES (965);
UPDATE "Sensor" SET "region" = 838 WHERE "id" = 965;
INSERT INTO "monitoredBy" VALUES (921, 965);
INSERT INTO "TrackElement" ("id") VALUES (966);
INSERT INTO "Segment" ("id", "length") VALUES (966, 455);
UPDATE "TrackElement" SET "region" = 838 WHERE "id" = 966;
INSERT INTO "monitoredBy" VALUES (966, 965);
INSERT INTO "TrackElement" ("id") VALUES (967);
INSERT INTO "Segment" ("id", "length") VALUES (967, 675);
UPDATE "TrackElement" SET "region" = 838 WHERE "id" = 967;
INSERT INTO "monitoredBy" VALUES (967, 965);
INSERT INTO "TrackElement" ("id") VALUES (968);
INSERT INTO "Segment" ("id", "length") VALUES (968, 678);
UPDATE "TrackElement" SET "region" = 838 WHERE "id" = 968;
INSERT INTO "monitoredBy" VALUES (968, 965);
INSERT INTO "TrackElement" ("id") VALUES (969);
INSERT INTO "Segment" ("id", "length") VALUES (969, 299);
UPDATE "TrackElement" SET "region" = 838 WHERE "id" = 969;
INSERT INTO "monitoredBy" VALUES (969, 965);
INSERT INTO "TrackElement" ("id") VALUES (970);
INSERT INTO "Segment" ("id", "length") VALUES (970, 489);
UPDATE "TrackElement" SET "region" = 838 WHERE "id" = 970;
INSERT INTO "monitoredBy" VALUES (970, 965);
INSERT INTO "SwitchPosition" ("id", "position", "target") VALUES (971, 1, 921);
UPDATE "SwitchPosition" SET "route" = 837 WHERE "id" = 971;
INSERT INTO "TrackElement" ("id") VALUES (972);
INSERT INTO "Switch" ("id", "currentPosition") VALUES (972, 0);
UPDATE "TrackElement" SET "region" = 838 WHERE "id" = 972;
INSERT INTO "Sensor" ("id") VALUES (973);
UPDATE "Sensor" SET "region" = 838 WHERE "id" = 973;
INSERT INTO "monitoredBy" VALUES (972, 973);
INSERT INTO "requires" VALUES (837, 973);
INSERT INTO "TrackElement" ("id") VALUES (974);
INSERT INTO "Segment" ("id", "length") VALUES (974, 824);
UPDATE "TrackElement" SET "region" = 838 WHERE "id" = 974;
INSERT INTO "monitoredBy" VALUES (974, 973);
INSERT INTO "TrackElement" ("id") VALUES (975);
INSERT INTO "Segment" ("id", "length") VALUES (975, 540);
UPDATE "TrackElement" SET "region" = 838 WHERE "id" = 975;
INSERT INTO "monitoredBy" VALUES (975, 973);
INSERT INTO "TrackElement" ("id") VALUES (976);
INSERT INTO "Segment" ("id", "length") VALUES (976, 452);
UPDATE "TrackElement" SET "region" = 838 WHERE "id" = 976;
INSERT INTO "monitoredBy" VALUES (976, 973);
INSERT INTO "TrackElement" ("id") VALUES (977);
INSERT INTO "Segment" ("id", "length") VALUES (977, 571);
UPDATE "TrackElement" SET "region" = 838 WHERE "id" = 977;
INSERT INTO "monitoredBy" VALUES (977, 973);
INSERT INTO "TrackElement" ("id") VALUES (978);
INSERT INTO "Segment" ("id", "length") VALUES (978, 5);
UPDATE "TrackElement" SET "region" = 838 WHERE "id" = 978;
INSERT INTO "monitoredBy" VALUES (978, 973);
INSERT INTO "SwitchPosition" ("id", "position", "target") VALUES (979, 0, 972);
UPDATE "SwitchPosition" SET "route" = 837 WHERE "id" = 979;
INSERT INTO "TrackElement" ("id") VALUES (980);
INSERT INTO "Switch" ("id", "currentPosition") VALUES (980, 1);
UPDATE "TrackElement" SET "region" = 838 WHERE "id" = 980;
INSERT INTO "Sensor" ("id") VALUES (981);
UPDATE "Sensor" SET "region" = 838 WHERE "id" = 981;
INSERT INTO "TrackElement" ("id") VALUES (982);
INSERT INTO "Segment" ("id", "length") VALUES (982, 910);
UPDATE "TrackElement" SET "region" = 838 WHERE "id" = 982;
INSERT INTO "monitoredBy" VALUES (982, 981);
INSERT INTO "TrackElement" ("id") VALUES (983);
INSERT INTO "Segment" ("id", "length") VALUES (983, 682);
UPDATE "TrackElement" SET "region" = 838 WHERE "id" = 983;
INSERT INTO "monitoredBy" VALUES (983, 981);
INSERT INTO "TrackElement" ("id") VALUES (984);
INSERT INTO "Segment" ("id", "length") VALUES (984, 5);
UPDATE "TrackElement" SET "region" = 838 WHERE "id" = 984;
INSERT INTO "monitoredBy" VALUES (984, 981);
INSERT INTO "TrackElement" ("id") VALUES (985);
INSERT INTO "Segment" ("id", "length") VALUES (985, 76);
UPDATE "TrackElement" SET "region" = 838 WHERE "id" = 985;
INSERT INTO "monitoredBy" VALUES (985, 981);
INSERT INTO "TrackElement" ("id") VALUES (986);
INSERT INTO "Segment" ("id", "length") VALUES (986, 316);
UPDATE "TrackElement" SET "region" = 838 WHERE "id" = 986;
INSERT INTO "monitoredBy" VALUES (986, 981);
INSERT INTO "Sensor" ("id") VALUES (987);
UPDATE "Sensor" SET "region" = 838 WHERE "id" = 987;
INSERT INTO "monitoredBy" VALUES (980, 987);
INSERT INTO "TrackElement" ("id") VALUES (988);
INSERT INTO "Segment" ("id", "length") VALUES (988, 169);
UPDATE "TrackElement" SET "region" = 838 WHERE "id" = 988;
INSERT INTO "monitoredBy" VALUES (988, 987);
INSERT INTO "TrackElement" ("id") VALUES (989);
INSERT INTO "Segment" ("id", "length") VALUES (989, 26);
UPDATE "TrackElement" SET "region" = 838 WHERE "id" = 989;
INSERT INTO "monitoredBy" VALUES (989, 987);
INSERT INTO "TrackElement" ("id") VALUES (990);
INSERT INTO "Segment" ("id", "length") VALUES (990, 171);
UPDATE "TrackElement" SET "region" = 838 WHERE "id" = 990;
INSERT INTO "monitoredBy" VALUES (990, 987);
INSERT INTO "TrackElement" ("id") VALUES (991);
INSERT INTO "Segment" ("id", "length") VALUES (991, 772);
UPDATE "TrackElement" SET "region" = 838 WHERE "id" = 991;
INSERT INTO "monitoredBy" VALUES (991, 987);
INSERT INTO "TrackElement" ("id") VALUES (992);
INSERT INTO "Segment" ("id", "length") VALUES (992, -24);
UPDATE "TrackElement" SET "region" = 838 WHERE "id" = 992;
INSERT INTO "monitoredBy" VALUES (992, 987);
INSERT INTO "Sensor" ("id") VALUES (993);
UPDATE "Sensor" SET "region" = 838 WHERE "id" = 993;
INSERT INTO "monitoredBy" VALUES (980, 993);
INSERT INTO "requires" VALUES (837, 993);
INSERT INTO "TrackElement" ("id") VALUES (994);
INSERT INTO "Segment" ("id", "length") VALUES (994, 473);
UPDATE "TrackElement" SET "region" = 838 WHERE "id" = 994;
INSERT INTO "monitoredBy" VALUES (994, 993);
INSERT INTO "TrackElement" ("id") VALUES (995);
INSERT INTO "Segment" ("id", "length") VALUES (995, 285);
UPDATE "TrackElement" SET "region" = 838 WHERE "id" = 995;
INSERT INTO "monitoredBy" VALUES (995, 993);
INSERT INTO "TrackElement" ("id") VALUES (996);
INSERT INTO "Segment" ("id", "length") VALUES (996, 726);
UPDATE "TrackElement" SET "region" = 838 WHERE "id" = 996;
INSERT INTO "monitoredBy" VALUES (996, 993);
INSERT INTO "TrackElement" ("id") VALUES (997);
INSERT INTO "Segment" ("id", "length") VALUES (997, 934);
UPDATE "TrackElement" SET "region" = 838 WHERE "id" = 997;
INSERT INTO "monitoredBy" VALUES (997, 993);
INSERT INTO "TrackElement" ("id") VALUES (998);
INSERT INTO "Segment" ("id", "length") VALUES (998, 421);
UPDATE "TrackElement" SET "region" = 838 WHERE "id" = 998;
INSERT INTO "monitoredBy" VALUES (998, 993);
INSERT INTO "Sensor" ("id") VALUES (999);
UPDATE "Sensor" SET "region" = 838 WHERE "id" = 999;
INSERT INTO "TrackElement" ("id") VALUES (1000);
INSERT INTO "Segment" ("id", "length") VALUES (1000, 269);
UPDATE "TrackElement" SET "region" = 838 WHERE "id" = 1000;
INSERT INTO "monitoredBy" VALUES (1000, 999);
INSERT INTO "TrackElement" ("id") VALUES (1001);
INSERT INTO "Segment" ("id", "length") VALUES (1001, 188);
UPDATE "TrackElement" SET "region" = 838 WHERE "id" = 1001;
INSERT INTO "monitoredBy" VALUES (1001, 999);
INSERT INTO "TrackElement" ("id") VALUES (1002);
INSERT INTO "Segment" ("id", "length") VALUES (1002, 916);
UPDATE "TrackElement" SET "region" = 838 WHERE "id" = 1002;
INSERT INTO "monitoredBy" VALUES (1002, 999);
INSERT INTO "TrackElement" ("id") VALUES (1003);
INSERT INTO "Segment" ("id", "length") VALUES (1003, -147);
UPDATE "TrackElement" SET "region" = 838 WHERE "id" = 1003;
INSERT INTO "monitoredBy" VALUES (1003, 999);
INSERT INTO "TrackElement" ("id") VALUES (1004);
INSERT INTO "Segment" ("id", "length") VALUES (1004, 960);
UPDATE "TrackElement" SET "region" = 838 WHERE "id" = 1004;
INSERT INTO "monitoredBy" VALUES (1004, 999);
INSERT INTO "Sensor" ("id") VALUES (1005);
UPDATE "Sensor" SET "region" = 838 WHERE "id" = 1005;
INSERT INTO "monitoredBy" VALUES (980, 1005);
INSERT INTO "requires" VALUES (837, 1005);
INSERT INTO "TrackElement" ("id") VALUES (1006);
INSERT INTO "Segment" ("id", "length") VALUES (1006, 413);
UPDATE "TrackElement" SET "region" = 838 WHERE "id" = 1006;
INSERT INTO "monitoredBy" VALUES (1006, 1005);
INSERT INTO "TrackElement" ("id") VALUES (1007);
INSERT INTO "Segment" ("id", "length") VALUES (1007, 833);
UPDATE "TrackElement" SET "region" = 838 WHERE "id" = 1007;
INSERT INTO "monitoredBy" VALUES (1007, 1005);
INSERT INTO "TrackElement" ("id") VALUES (1008);
INSERT INTO "Segment" ("id", "length") VALUES (1008, 709);
UPDATE "TrackElement" SET "region" = 838 WHERE "id" = 1008;
INSERT INTO "monitoredBy" VALUES (1008, 1005);
INSERT INTO "TrackElement" ("id") VALUES (1009);
INSERT INTO "Segment" ("id", "length") VALUES (1009, -316);
UPDATE "TrackElement" SET "region" = 838 WHERE "id" = 1009;
INSERT INTO "monitoredBy" VALUES (1009, 1005);
INSERT INTO "TrackElement" ("id") VALUES (1010);
INSERT INTO "Segment" ("id", "length") VALUES (1010, 664);
UPDATE "TrackElement" SET "region" = 838 WHERE "id" = 1010;
INSERT INTO "monitoredBy" VALUES (1010, 1005);
INSERT INTO "SwitchPosition" ("id", "position", "target") VALUES (1011, 1, 980);
UPDATE "SwitchPosition" SET "route" = 837 WHERE "id" = 1011;
INSERT INTO "TrackElement" ("id") VALUES (1012);
INSERT INTO "Switch" ("id", "currentPosition") VALUES (1012, 1);
UPDATE "TrackElement" SET "region" = 838 WHERE "id" = 1012;
INSERT INTO "Sensor" ("id") VALUES (1013);
UPDATE "Sensor" SET "region" = 838 WHERE "id" = 1013;
INSERT INTO "monitoredBy" VALUES (1012, 1013);
INSERT INTO "requires" VALUES (837, 1013);
INSERT INTO "TrackElement" ("id") VALUES (1014);
INSERT INTO "Segment" ("id", "length") VALUES (1014, 531);
UPDATE "TrackElement" SET "region" = 838 WHERE "id" = 1014;
INSERT INTO "monitoredBy" VALUES (1014, 1013);
INSERT INTO "TrackElement" ("id") VALUES (1015);
INSERT INTO "Segment" ("id", "length") VALUES (1015, 395);
UPDATE "TrackElement" SET "region" = 838 WHERE "id" = 1015;
INSERT INTO "monitoredBy" VALUES (1015, 1013);
INSERT INTO "TrackElement" ("id") VALUES (1016);
INSERT INTO "Segment" ("id", "length") VALUES (1016, 36);
UPDATE "TrackElement" SET "region" = 838 WHERE "id" = 1016;
INSERT INTO "monitoredBy" VALUES (1016, 1013);
INSERT INTO "TrackElement" ("id") VALUES (1017);
INSERT INTO "Segment" ("id", "length") VALUES (1017, 70);
UPDATE "TrackElement" SET "region" = 838 WHERE "id" = 1017;
INSERT INTO "monitoredBy" VALUES (1017, 1013);
INSERT INTO "TrackElement" ("id") VALUES (1018);
INSERT INTO "Segment" ("id", "length") VALUES (1018, 578);
UPDATE "TrackElement" SET "region" = 838 WHERE "id" = 1018;
INSERT INTO "monitoredBy" VALUES (1018, 1013);
INSERT INTO "Sensor" ("id") VALUES (1019);
UPDATE "Sensor" SET "region" = 838 WHERE "id" = 1019;
INSERT INTO "monitoredBy" VALUES (1012, 1019);
INSERT INTO "requires" VALUES (837, 1019);
INSERT INTO "TrackElement" ("id") VALUES (1020);
INSERT INTO "Segment" ("id", "length") VALUES (1020, 718);
UPDATE "TrackElement" SET "region" = 838 WHERE "id" = 1020;
INSERT INTO "monitoredBy" VALUES (1020, 1019);
INSERT INTO "TrackElement" ("id") VALUES (1021);
INSERT INTO "Segment" ("id", "length") VALUES (1021, 322);
UPDATE "TrackElement" SET "region" = 838 WHERE "id" = 1021;
INSERT INTO "monitoredBy" VALUES (1021, 1019);
INSERT INTO "TrackElement" ("id") VALUES (1022);
INSERT INTO "Segment" ("id", "length") VALUES (1022, 544);
UPDATE "TrackElement" SET "region" = 838 WHERE "id" = 1022;
INSERT INTO "monitoredBy" VALUES (1022, 1019);
INSERT INTO "TrackElement" ("id") VALUES (1023);
INSERT INTO "Segment" ("id", "length") VALUES (1023, 563);
UPDATE "TrackElement" SET "region" = 838 WHERE "id" = 1023;
INSERT INTO "monitoredBy" VALUES (1023, 1019);
INSERT INTO "TrackElement" ("id") VALUES (1024);
INSERT INTO "Segment" ("id", "length") VALUES (1024, 287);
UPDATE "TrackElement" SET "region" = 838 WHERE "id" = 1024;
INSERT INTO "monitoredBy" VALUES (1024, 1019);
INSERT INTO "SwitchPosition" ("id", "position", "target") VALUES (1025, 1, 1012);
UPDATE "SwitchPosition" SET "route" = 837 WHERE "id" = 1025;
INSERT INTO "TrackElement" ("id") VALUES (1026);
INSERT INTO "Switch" ("id", "currentPosition") VALUES (1026, 1);
UPDATE "TrackElement" SET "region" = 838 WHERE "id" = 1026;
INSERT INTO "Sensor" ("id") VALUES (1027);
UPDATE "Sensor" SET "region" = 838 WHERE "id" = 1027;
INSERT INTO "monitoredBy" VALUES (1026, 1027);
INSERT INTO "requires" VALUES (837, 1027);
INSERT INTO "TrackElement" ("id") VALUES (1028);
INSERT INTO "Segment" ("id", "length") VALUES (1028, 860);
UPDATE "TrackElement" SET "region" = 838 WHERE "id" = 1028;
INSERT INTO "monitoredBy" VALUES (1028, 1027);
INSERT INTO "TrackElement" ("id") VALUES (1029);
INSERT INTO "Segment" ("id", "length") VALUES (1029, 632);
UPDATE "TrackElement" SET "region" = 838 WHERE "id" = 1029;
INSERT INTO "monitoredBy" VALUES (1029, 1027);
INSERT INTO "TrackElement" ("id") VALUES (1030);
INSERT INTO "Segment" ("id", "length") VALUES (1030, 795);
UPDATE "TrackElement" SET "region" = 838 WHERE "id" = 1030;
INSERT INTO "monitoredBy" VALUES (1030, 1027);
INSERT INTO "TrackElement" ("id") VALUES (1031);
INSERT INTO "Segment" ("id", "length") VALUES (1031, 252);
UPDATE "TrackElement" SET "region" = 838 WHERE "id" = 1031;
INSERT INTO "monitoredBy" VALUES (1031, 1027);
INSERT INTO "TrackElement" ("id") VALUES (1032);
INSERT INTO "Segment" ("id", "length") VALUES (1032, 399);
UPDATE "TrackElement" SET "region" = 838 WHERE "id" = 1032;
INSERT INTO "monitoredBy" VALUES (1032, 1027);
INSERT INTO "Sensor" ("id") VALUES (1033);
UPDATE "Sensor" SET "region" = 838 WHERE "id" = 1033;
INSERT INTO "monitoredBy" VALUES (1026, 1033);
INSERT INTO "requires" VALUES (837, 1033);
INSERT INTO "TrackElement" ("id") VALUES (1034);
INSERT INTO "Segment" ("id", "length") VALUES (1034, 611);
UPDATE "TrackElement" SET "region" = 838 WHERE "id" = 1034;
INSERT INTO "monitoredBy" VALUES (1034, 1033);
INSERT INTO "TrackElement" ("id") VALUES (1035);
INSERT INTO "Segment" ("id", "length") VALUES (1035, 468);
UPDATE "TrackElement" SET "region" = 838 WHERE "id" = 1035;
INSERT INTO "monitoredBy" VALUES (1035, 1033);
INSERT INTO "TrackElement" ("id") VALUES (1036);
INSERT INTO "Segment" ("id", "length") VALUES (1036, 98);
UPDATE "TrackElement" SET "region" = 838 WHERE "id" = 1036;
INSERT INTO "monitoredBy" VALUES (1036, 1033);
INSERT INTO "TrackElement" ("id") VALUES (1037);
INSERT INTO "Segment" ("id", "length") VALUES (1037, 218);
UPDATE "TrackElement" SET "region" = 838 WHERE "id" = 1037;
INSERT INTO "monitoredBy" VALUES (1037, 1033);
INSERT INTO "TrackElement" ("id") VALUES (1038);
INSERT INTO "Segment" ("id", "length") VALUES (1038, 107);
UPDATE "TrackElement" SET "region" = 838 WHERE "id" = 1038;
INSERT INTO "monitoredBy" VALUES (1038, 1033);
INSERT INTO "Sensor" ("id") VALUES (1039);
UPDATE "Sensor" SET "region" = 838 WHERE "id" = 1039;
INSERT INTO "monitoredBy" VALUES (1026, 1039);
INSERT INTO "requires" VALUES (837, 1039);
INSERT INTO "TrackElement" ("id") VALUES (1040);
INSERT INTO "Segment" ("id", "length") VALUES (1040, 719);
UPDATE "TrackElement" SET "region" = 838 WHERE "id" = 1040;
INSERT INTO "monitoredBy" VALUES (1040, 1039);
INSERT INTO "TrackElement" ("id") VALUES (1041);
INSERT INTO "Segment" ("id", "length") VALUES (1041, 360);
UPDATE "TrackElement" SET "region" = 838 WHERE "id" = 1041;
INSERT INTO "monitoredBy" VALUES (1041, 1039);
INSERT INTO "TrackElement" ("id") VALUES (1042);
INSERT INTO "Segment" ("id", "length") VALUES (1042, 118);
UPDATE "TrackElement" SET "region" = 838 WHERE "id" = 1042;
INSERT INTO "monitoredBy" VALUES (1042, 1039);
INSERT INTO "TrackElement" ("id") VALUES (1043);
INSERT INTO "Segment" ("id", "length") VALUES (1043, 499);
UPDATE "TrackElement" SET "region" = 838 WHERE "id" = 1043;
INSERT INTO "monitoredBy" VALUES (1043, 1039);
INSERT INTO "TrackElement" ("id") VALUES (1044);
INSERT INTO "Segment" ("id", "length") VALUES (1044, 902);
UPDATE "TrackElement" SET "region" = 838 WHERE "id" = 1044;
INSERT INTO "monitoredBy" VALUES (1044, 1039);
INSERT INTO "Sensor" ("id") VALUES (1045);
UPDATE "Sensor" SET "region" = 838 WHERE "id" = 1045;
INSERT INTO "monitoredBy" VALUES (1026, 1045);
INSERT INTO "requires" VALUES (837, 1045);
INSERT INTO "TrackElement" ("id") VALUES (1046);
INSERT INTO "Segment" ("id", "length") VALUES (1046, 987);
UPDATE "TrackElement" SET "region" = 838 WHERE "id" = 1046;
INSERT INTO "monitoredBy" VALUES (1046, 1045);
INSERT INTO "TrackElement" ("id") VALUES (1047);
INSERT INTO "Segment" ("id", "length") VALUES (1047, 387);
UPDATE "TrackElement" SET "region" = 838 WHERE "id" = 1047;
INSERT INTO "monitoredBy" VALUES (1047, 1045);
INSERT INTO "TrackElement" ("id") VALUES (1048);
INSERT INTO "Segment" ("id", "length") VALUES (1048, 132);
UPDATE "TrackElement" SET "region" = 838 WHERE "id" = 1048;
INSERT INTO "monitoredBy" VALUES (1048, 1045);
INSERT INTO "TrackElement" ("id") VALUES (1049);
INSERT INTO "Segment" ("id", "length") VALUES (1049, 12);
UPDATE "TrackElement" SET "region" = 838 WHERE "id" = 1049;
INSERT INTO "monitoredBy" VALUES (1049, 1045);
INSERT INTO "TrackElement" ("id") VALUES (1050);
INSERT INTO "Segment" ("id", "length") VALUES (1050, 51);
UPDATE "TrackElement" SET "region" = 838 WHERE "id" = 1050;
INSERT INTO "monitoredBy" VALUES (1050, 1045);
INSERT INTO "Sensor" ("id") VALUES (1051);
UPDATE "Sensor" SET "region" = 838 WHERE "id" = 1051;
INSERT INTO "monitoredBy" VALUES (1026, 1051);
INSERT INTO "requires" VALUES (837, 1051);
INSERT INTO "TrackElement" ("id") VALUES (1052);
INSERT INTO "Segment" ("id", "length") VALUES (1052, 480);
UPDATE "TrackElement" SET "region" = 838 WHERE "id" = 1052;
INSERT INTO "monitoredBy" VALUES (1052, 1051);
INSERT INTO "TrackElement" ("id") VALUES (1053);
INSERT INTO "Segment" ("id", "length") VALUES (1053, 181);
UPDATE "TrackElement" SET "region" = 838 WHERE "id" = 1053;
INSERT INTO "monitoredBy" VALUES (1053, 1051);
INSERT INTO "TrackElement" ("id") VALUES (1054);
INSERT INTO "Segment" ("id", "length") VALUES (1054, 148);
UPDATE "TrackElement" SET "region" = 838 WHERE "id" = 1054;
INSERT INTO "monitoredBy" VALUES (1054, 1051);
INSERT INTO "TrackElement" ("id") VALUES (1055);
INSERT INTO "Segment" ("id", "length") VALUES (1055, 724);
UPDATE "TrackElement" SET "region" = 838 WHERE "id" = 1055;
INSERT INTO "monitoredBy" VALUES (1055, 1051);
INSERT INTO "TrackElement" ("id") VALUES (1056);
INSERT INTO "Segment" ("id", "length") VALUES (1056, 94);
UPDATE "TrackElement" SET "region" = 838 WHERE "id" = 1056;
INSERT INTO "monitoredBy" VALUES (1056, 1051);
INSERT INTO "Sensor" ("id") VALUES (1057);
UPDATE "Sensor" SET "region" = 838 WHERE "id" = 1057;
INSERT INTO "TrackElement" ("id") VALUES (1058);
INSERT INTO "Segment" ("id", "length") VALUES (1058, 455);
UPDATE "TrackElement" SET "region" = 838 WHERE "id" = 1058;
INSERT INTO "monitoredBy" VALUES (1058, 1057);
INSERT INTO "TrackElement" ("id") VALUES (1059);
INSERT INTO "Segment" ("id", "length") VALUES (1059, 299);
UPDATE "TrackElement" SET "region" = 838 WHERE "id" = 1059;
INSERT INTO "monitoredBy" VALUES (1059, 1057);
INSERT INTO "TrackElement" ("id") VALUES (1060);
INSERT INTO "Segment" ("id", "length") VALUES (1060, 296);
UPDATE "TrackElement" SET "region" = 838 WHERE "id" = 1060;
INSERT INTO "monitoredBy" VALUES (1060, 1057);
INSERT INTO "TrackElement" ("id") VALUES (1061);
INSERT INTO "Segment" ("id", "length") VALUES (1061, 2);
UPDATE "TrackElement" SET "region" = 838 WHERE "id" = 1061;
INSERT INTO "monitoredBy" VALUES (1061, 1057);
INSERT INTO "TrackElement" ("id") VALUES (1062);
INSERT INTO "Segment" ("id", "length") VALUES (1062, 686);
UPDATE "TrackElement" SET "region" = 838 WHERE "id" = 1062;
INSERT INTO "monitoredBy" VALUES (1062, 1057);
INSERT INTO "Sensor" ("id") VALUES (1063);
UPDATE "Sensor" SET "region" = 838 WHERE "id" = 1063;
INSERT INTO "monitoredBy" VALUES (1026, 1063);
INSERT INTO "requires" VALUES (837, 1063);
INSERT INTO "TrackElement" ("id") VALUES (1064);
INSERT INTO "Segment" ("id", "length") VALUES (1064, 707);
UPDATE "TrackElement" SET "region" = 838 WHERE "id" = 1064;
INSERT INTO "monitoredBy" VALUES (1064, 1063);
INSERT INTO "TrackElement" ("id") VALUES (1065);
INSERT INTO "Segment" ("id", "length") VALUES (1065, 810);
UPDATE "TrackElement" SET "region" = 838 WHERE "id" = 1065;
INSERT INTO "monitoredBy" VALUES (1065, 1063);
INSERT INTO "TrackElement" ("id") VALUES (1066);
INSERT INTO "Segment" ("id", "length") VALUES (1066, 590);
UPDATE "TrackElement" SET "region" = 838 WHERE "id" = 1066;
INSERT INTO "monitoredBy" VALUES (1066, 1063);
INSERT INTO "TrackElement" ("id") VALUES (1067);
INSERT INTO "Segment" ("id", "length") VALUES (1067, 659);
UPDATE "TrackElement" SET "region" = 838 WHERE "id" = 1067;
INSERT INTO "monitoredBy" VALUES (1067, 1063);
INSERT INTO "TrackElement" ("id") VALUES (1068);
INSERT INTO "Segment" ("id", "length") VALUES (1068, 613);
UPDATE "TrackElement" SET "region" = 838 WHERE "id" = 1068;
INSERT INTO "monitoredBy" VALUES (1068, 1063);
INSERT INTO "Sensor" ("id") VALUES (1069);
UPDATE "Sensor" SET "region" = 838 WHERE "id" = 1069;
INSERT INTO "monitoredBy" VALUES (1026, 1069);
INSERT INTO "requires" VALUES (837, 1069);
INSERT INTO "TrackElement" ("id") VALUES (1070);
INSERT INTO "Segment" ("id", "length") VALUES (1070, 630);
UPDATE "TrackElement" SET "region" = 838 WHERE "id" = 1070;
INSERT INTO "monitoredBy" VALUES (1070, 1069);
INSERT INTO "TrackElement" ("id") VALUES (1071);
INSERT INTO "Segment" ("id", "length") VALUES (1071, 83);
UPDATE "TrackElement" SET "region" = 838 WHERE "id" = 1071;
INSERT INTO "monitoredBy" VALUES (1071, 1069);
INSERT INTO "TrackElement" ("id") VALUES (1072);
INSERT INTO "Segment" ("id", "length") VALUES (1072, 6);
UPDATE "TrackElement" SET "region" = 838 WHERE "id" = 1072;
INSERT INTO "monitoredBy" VALUES (1072, 1069);
INSERT INTO "TrackElement" ("id") VALUES (1073);
INSERT INTO "Segment" ("id", "length") VALUES (1073, 625);
UPDATE "TrackElement" SET "region" = 838 WHERE "id" = 1073;
INSERT INTO "monitoredBy" VALUES (1073, 1069);
INSERT INTO "TrackElement" ("id") VALUES (1074);
INSERT INTO "Segment" ("id", "length") VALUES (1074, 220);
UPDATE "TrackElement" SET "region" = 838 WHERE "id" = 1074;
INSERT INTO "monitoredBy" VALUES (1074, 1069);
INSERT INTO "SwitchPosition" ("id", "position", "target") VALUES (1075, 1, 1026);
UPDATE "SwitchPosition" SET "route" = 837 WHERE "id" = 1075;
INSERT INTO "TrackElement" ("id") VALUES (1076);
INSERT INTO "Switch" ("id", "currentPosition") VALUES (1076, 1);
UPDATE "TrackElement" SET "region" = 838 WHERE "id" = 1076;
INSERT INTO "Sensor" ("id") VALUES (1077);
UPDATE "Sensor" SET "region" = 838 WHERE "id" = 1077;
INSERT INTO "TrackElement" ("id") VALUES (1078);
INSERT INTO "Segment" ("id", "length") VALUES (1078, 605);
UPDATE "TrackElement" SET "region" = 838 WHERE "id" = 1078;
INSERT INTO "monitoredBy" VALUES (1078, 1077);
INSERT INTO "TrackElement" ("id") VALUES (1079);
INSERT INTO "Segment" ("id", "length") VALUES (1079, 793);
UPDATE "TrackElement" SET "region" = 838 WHERE "id" = 1079;
INSERT INTO "monitoredBy" VALUES (1079, 1077);
INSERT INTO "TrackElement" ("id") VALUES (1080);
INSERT INTO "Segment" ("id", "length") VALUES (1080, -499);
UPDATE "TrackElement" SET "region" = 838 WHERE "id" = 1080;
INSERT INTO "monitoredBy" VALUES (1080, 1077);
INSERT INTO "TrackElement" ("id") VALUES (1081);
INSERT INTO "Segment" ("id", "length") VALUES (1081, -450);
UPDATE "TrackElement" SET "region" = 838 WHERE "id" = 1081;
INSERT INTO "monitoredBy" VALUES (1081, 1077);
INSERT INTO "TrackElement" ("id") VALUES (1082);
INSERT INTO "Segment" ("id", "length") VALUES (1082, 555);
UPDATE "TrackElement" SET "region" = 838 WHERE "id" = 1082;
INSERT INTO "monitoredBy" VALUES (1082, 1077);
INSERT INTO "Sensor" ("id") VALUES (1083);
UPDATE "Sensor" SET "region" = 838 WHERE "id" = 1083;
INSERT INTO "monitoredBy" VALUES (1076, 1083);
INSERT INTO "requires" VALUES (837, 1083);
INSERT INTO "TrackElement" ("id") VALUES (1084);
INSERT INTO "Segment" ("id", "length") VALUES (1084, 856);
UPDATE "TrackElement" SET "region" = 838 WHERE "id" = 1084;
INSERT INTO "monitoredBy" VALUES (1084, 1083);
INSERT INTO "TrackElement" ("id") VALUES (1085);
INSERT INTO "Segment" ("id", "length") VALUES (1085, 368);
UPDATE "TrackElement" SET "region" = 838 WHERE "id" = 1085;
INSERT INTO "monitoredBy" VALUES (1085, 1083);
INSERT INTO "TrackElement" ("id") VALUES (1086);
INSERT INTO "Segment" ("id", "length") VALUES (1086, 187);
UPDATE "TrackElement" SET "region" = 838 WHERE "id" = 1086;
INSERT INTO "monitoredBy" VALUES (1086, 1083);
INSERT INTO "TrackElement" ("id") VALUES (1087);
INSERT INTO "Segment" ("id", "length") VALUES (1087, 777);
UPDATE "TrackElement" SET "region" = 838 WHERE "id" = 1087;
INSERT INTO "monitoredBy" VALUES (1087, 1083);
INSERT INTO "TrackElement" ("id") VALUES (1088);
INSERT INTO "Segment" ("id", "length") VALUES (1088, 717);
UPDATE "TrackElement" SET "region" = 838 WHERE "id" = 1088;
INSERT INTO "monitoredBy" VALUES (1088, 1083);
INSERT INTO "Sensor" ("id") VALUES (1089);
UPDATE "Sensor" SET "region" = 838 WHERE "id" = 1089;
INSERT INTO "monitoredBy" VALUES (1076, 1089);
INSERT INTO "requires" VALUES (837, 1089);
INSERT INTO "TrackElement" ("id") VALUES (1090);
INSERT INTO "Segment" ("id", "length") VALUES (1090, 906);
UPDATE "TrackElement" SET "region" = 838 WHERE "id" = 1090;
INSERT INTO "monitoredBy" VALUES (1090, 1089);
INSERT INTO "TrackElement" ("id") VALUES (1091);
INSERT INTO "Segment" ("id", "length") VALUES (1091, 779);
UPDATE "TrackElement" SET "region" = 838 WHERE "id" = 1091;
INSERT INTO "monitoredBy" VALUES (1091, 1089);
INSERT INTO "TrackElement" ("id") VALUES (1092);
INSERT INTO "Segment" ("id", "length") VALUES (1092, 244);
UPDATE "TrackElement" SET "region" = 838 WHERE "id" = 1092;
INSERT INTO "monitoredBy" VALUES (1092, 1089);
INSERT INTO "TrackElement" ("id") VALUES (1093);
INSERT INTO "Segment" ("id", "length") VALUES (1093, 520);
UPDATE "TrackElement" SET "region" = 838 WHERE "id" = 1093;
INSERT INTO "monitoredBy" VALUES (1093, 1089);
INSERT INTO "TrackElement" ("id") VALUES (1094);
INSERT INTO "Segment" ("id", "length") VALUES (1094, 74);
UPDATE "TrackElement" SET "region" = 838 WHERE "id" = 1094;
INSERT INTO "monitoredBy" VALUES (1094, 1089);
INSERT INTO "Sensor" ("id") VALUES (1095);
UPDATE "Sensor" SET "region" = 838 WHERE "id" = 1095;
INSERT INTO "monitoredBy" VALUES (1076, 1095);
INSERT INTO "requires" VALUES (837, 1095);
INSERT INTO "TrackElement" ("id") VALUES (1096);
INSERT INTO "Segment" ("id", "length") VALUES (1096, 585);
UPDATE "TrackElement" SET "region" = 838 WHERE "id" = 1096;
INSERT INTO "monitoredBy" VALUES (1096, 1095);
INSERT INTO "TrackElement" ("id") VALUES (1097);
INSERT INTO "Segment" ("id", "length") VALUES (1097, 777);
UPDATE "TrackElement" SET "region" = 838 WHERE "id" = 1097;
INSERT INTO "monitoredBy" VALUES (1097, 1095);
INSERT INTO "TrackElement" ("id") VALUES (1098);
INSERT INTO "Segment" ("id", "length") VALUES (1098, 11);
UPDATE "TrackElement" SET "region" = 838 WHERE "id" = 1098;
INSERT INTO "monitoredBy" VALUES (1098, 1095);
INSERT INTO "TrackElement" ("id") VALUES (1099);
INSERT INTO "Segment" ("id", "length") VALUES (1099, 771);
UPDATE "TrackElement" SET "region" = 838 WHERE "id" = 1099;
INSERT INTO "monitoredBy" VALUES (1099, 1095);
INSERT INTO "TrackElement" ("id") VALUES (1100);
INSERT INTO "Segment" ("id", "length") VALUES (1100, 287);
UPDATE "TrackElement" SET "region" = 838 WHERE "id" = 1100;
INSERT INTO "monitoredBy" VALUES (1100, 1095);
INSERT INTO "TrackElement" ("id") VALUES (1101);
INSERT INTO "Segment" ("id", "length") VALUES (1101, 194);
UPDATE "TrackElement" SET "region" = 838 WHERE "id" = 1101;
INSERT INTO "monitoredBy" VALUES (1101, 1095);
INSERT INTO "Sensor" ("id") VALUES (1102);
UPDATE "Sensor" SET "region" = 838 WHERE "id" = 1102;
INSERT INTO "monitoredBy" VALUES (1076, 1102);
INSERT INTO "requires" VALUES (837, 1102);
INSERT INTO "TrackElement" ("id") VALUES (1103);
INSERT INTO "Segment" ("id", "length") VALUES (1103, 947);
UPDATE "TrackElement" SET "region" = 838 WHERE "id" = 1103;
INSERT INTO "monitoredBy" VALUES (1103, 1102);
INSERT INTO "TrackElement" ("id") VALUES (1104);
INSERT INTO "Segment" ("id", "length") VALUES (1104, 60);
UPDATE "TrackElement" SET "region" = 838 WHERE "id" = 1104;
INSERT INTO "monitoredBy" VALUES (1104, 1102);
INSERT INTO "TrackElement" ("id") VALUES (1105);
INSERT INTO "Segment" ("id", "length") VALUES (1105, 106);
UPDATE "TrackElement" SET "region" = 838 WHERE "id" = 1105;
INSERT INTO "monitoredBy" VALUES (1105, 1102);
INSERT INTO "TrackElement" ("id") VALUES (1106);
INSERT INTO "Segment" ("id", "length") VALUES (1106, 686);
UPDATE "TrackElement" SET "region" = 838 WHERE "id" = 1106;
INSERT INTO "monitoredBy" VALUES (1106, 1102);
INSERT INTO "TrackElement" ("id") VALUES (1107);
INSERT INTO "Segment" ("id", "length") VALUES (1107, 722);
UPDATE "TrackElement" SET "region" = 838 WHERE "id" = 1107;
INSERT INTO "monitoredBy" VALUES (1107, 1102);
INSERT INTO "Sensor" ("id") VALUES (1108);
UPDATE "Sensor" SET "region" = 838 WHERE "id" = 1108;
INSERT INTO "monitoredBy" VALUES (1076, 1108);
INSERT INTO "requires" VALUES (837, 1108);
INSERT INTO "TrackElement" ("id") VALUES (1109);
INSERT INTO "Segment" ("id", "length") VALUES (1109, 867);
UPDATE "TrackElement" SET "region" = 838 WHERE "id" = 1109;
INSERT INTO "monitoredBy" VALUES (1109, 1108);
INSERT INTO "TrackElement" ("id") VALUES (1110);
INSERT INTO "Segment" ("id", "length") VALUES (1110, 262);
UPDATE "TrackElement" SET "region" = 838 WHERE "id" = 1110;
INSERT INTO "monitoredBy" VALUES (1110, 1108);
INSERT INTO "TrackElement" ("id") VALUES (1111);
INSERT INTO "Segment" ("id", "length") VALUES (1111, 940);
UPDATE "TrackElement" SET "region" = 838 WHERE "id" = 1111;
INSERT INTO "monitoredBy" VALUES (1111, 1108);
INSERT INTO "TrackElement" ("id") VALUES (1112);
INSERT INTO "Segment" ("id", "length") VALUES (1112, 610);
UPDATE "TrackElement" SET "region" = 838 WHERE "id" = 1112;
INSERT INTO "monitoredBy" VALUES (1112, 1108);
INSERT INTO "TrackElement" ("id") VALUES (1113);
INSERT INTO "Segment" ("id", "length") VALUES (1113, 965);
UPDATE "TrackElement" SET "region" = 838 WHERE "id" = 1113;
INSERT INTO "monitoredBy" VALUES (1113, 1108);
INSERT INTO "Sensor" ("id") VALUES (1114);
UPDATE "Sensor" SET "region" = 838 WHERE "id" = 1114;
INSERT INTO "monitoredBy" VALUES (1076, 1114);
INSERT INTO "requires" VALUES (837, 1114);
INSERT INTO "TrackElement" ("id") VALUES (1115);
INSERT INTO "Segment" ("id", "length") VALUES (1115, 301);
UPDATE "TrackElement" SET "region" = 838 WHERE "id" = 1115;
INSERT INTO "monitoredBy" VALUES (1115, 1114);
INSERT INTO "TrackElement" ("id") VALUES (1116);
INSERT INTO "Segment" ("id", "length") VALUES (1116, 380);
UPDATE "TrackElement" SET "region" = 838 WHERE "id" = 1116;
INSERT INTO "monitoredBy" VALUES (1116, 1114);
INSERT INTO "TrackElement" ("id") VALUES (1117);
INSERT INTO "Segment" ("id", "length") VALUES (1117, 836);
UPDATE "TrackElement" SET "region" = 838 WHERE "id" = 1117;
INSERT INTO "monitoredBy" VALUES (1117, 1114);
INSERT INTO "TrackElement" ("id") VALUES (1118);
INSERT INTO "Segment" ("id", "length") VALUES (1118, 268);
UPDATE "TrackElement" SET "region" = 838 WHERE "id" = 1118;
INSERT INTO "monitoredBy" VALUES (1118, 1114);
INSERT INTO "TrackElement" ("id") VALUES (1119);
INSERT INTO "Segment" ("id", "length") VALUES (1119, 254);
UPDATE "TrackElement" SET "region" = 838 WHERE "id" = 1119;
INSERT INTO "monitoredBy" VALUES (1119, 1114);
INSERT INTO "Sensor" ("id") VALUES (1120);
UPDATE "Sensor" SET "region" = 838 WHERE "id" = 1120;
INSERT INTO "monitoredBy" VALUES (1076, 1120);
INSERT INTO "requires" VALUES (837, 1120);
INSERT INTO "TrackElement" ("id") VALUES (1121);
INSERT INTO "Segment" ("id", "length") VALUES (1121, 658);
UPDATE "TrackElement" SET "region" = 838 WHERE "id" = 1121;
INSERT INTO "monitoredBy" VALUES (1121, 1120);
INSERT INTO "TrackElement" ("id") VALUES (1122);
INSERT INTO "Segment" ("id", "length") VALUES (1122, 422);
UPDATE "TrackElement" SET "region" = 838 WHERE "id" = 1122;
INSERT INTO "monitoredBy" VALUES (1122, 1120);
INSERT INTO "TrackElement" ("id") VALUES (1123);
INSERT INTO "Segment" ("id", "length") VALUES (1123, -99);
UPDATE "TrackElement" SET "region" = 838 WHERE "id" = 1123;
INSERT INTO "monitoredBy" VALUES (1123, 1120);
INSERT INTO "TrackElement" ("id") VALUES (1124);
INSERT INTO "Segment" ("id", "length") VALUES (1124, 146);
UPDATE "TrackElement" SET "region" = 838 WHERE "id" = 1124;
INSERT INTO "monitoredBy" VALUES (1124, 1120);
INSERT INTO "TrackElement" ("id") VALUES (1125);
INSERT INTO "Segment" ("id", "length") VALUES (1125, 696);
UPDATE "TrackElement" SET "region" = 838 WHERE "id" = 1125;
INSERT INTO "monitoredBy" VALUES (1125, 1120);
INSERT INTO "SwitchPosition" ("id", "position", "target") VALUES (1126, 1, 1076);
UPDATE "SwitchPosition" SET "route" = 837 WHERE "id" = 1126;
INSERT INTO "TrackElement" ("id") VALUES (1127);
INSERT INTO "Switch" ("id", "currentPosition") VALUES (1127, 0);
UPDATE "TrackElement" SET "region" = 838 WHERE "id" = 1127;
INSERT INTO "Sensor" ("id") VALUES (1128);
UPDATE "Sensor" SET "region" = 838 WHERE "id" = 1128;
INSERT INTO "TrackElement" ("id") VALUES (1129);
INSERT INTO "Segment" ("id", "length") VALUES (1129, 43);
UPDATE "TrackElement" SET "region" = 838 WHERE "id" = 1129;
INSERT INTO "monitoredBy" VALUES (1129, 1128);
INSERT INTO "TrackElement" ("id") VALUES (1130);
INSERT INTO "Segment" ("id", "length") VALUES (1130, 357);
UPDATE "TrackElement" SET "region" = 838 WHERE "id" = 1130;
INSERT INTO "monitoredBy" VALUES (1130, 1128);
INSERT INTO "TrackElement" ("id") VALUES (1131);
INSERT INTO "Segment" ("id", "length") VALUES (1131, 938);
UPDATE "TrackElement" SET "region" = 838 WHERE "id" = 1131;
INSERT INTO "monitoredBy" VALUES (1131, 1128);
INSERT INTO "TrackElement" ("id") VALUES (1132);
INSERT INTO "Segment" ("id", "length") VALUES (1132, 710);
UPDATE "TrackElement" SET "region" = 838 WHERE "id" = 1132;
INSERT INTO "monitoredBy" VALUES (1132, 1128);
INSERT INTO "TrackElement" ("id") VALUES (1133);
INSERT INTO "Segment" ("id", "length") VALUES (1133, 693);
UPDATE "TrackElement" SET "region" = 838 WHERE "id" = 1133;
INSERT INTO "monitoredBy" VALUES (1133, 1128);
INSERT INTO "Sensor" ("id") VALUES (1134);
UPDATE "Sensor" SET "region" = 838 WHERE "id" = 1134;
INSERT INTO "TrackElement" ("id") VALUES (1135);
INSERT INTO "Segment" ("id", "length") VALUES (1135, 576);
UPDATE "TrackElement" SET "region" = 838 WHERE "id" = 1135;
INSERT INTO "monitoredBy" VALUES (1135, 1134);
INSERT INTO "TrackElement" ("id") VALUES (1136);
INSERT INTO "Segment" ("id", "length") VALUES (1136, -811);
UPDATE "TrackElement" SET "region" = 838 WHERE "id" = 1136;
INSERT INTO "monitoredBy" VALUES (1136, 1134);
INSERT INTO "TrackElement" ("id") VALUES (1137);
INSERT INTO "Segment" ("id", "length") VALUES (1137, 481);
UPDATE "TrackElement" SET "region" = 838 WHERE "id" = 1137;
INSERT INTO "monitoredBy" VALUES (1137, 1134);
INSERT INTO "TrackElement" ("id") VALUES (1138);
INSERT INTO "Segment" ("id", "length") VALUES (1138, -460);
UPDATE "TrackElement" SET "region" = 838 WHERE "id" = 1138;
INSERT INTO "monitoredBy" VALUES (1138, 1134);
INSERT INTO "TrackElement" ("id") VALUES (1139);
INSERT INTO "Segment" ("id", "length") VALUES (1139, 638);
UPDATE "TrackElement" SET "region" = 838 WHERE "id" = 1139;
INSERT INTO "monitoredBy" VALUES (1139, 1134);
INSERT INTO "Sensor" ("id") VALUES (1140);
UPDATE "Sensor" SET "region" = 838 WHERE "id" = 1140;
INSERT INTO "monitoredBy" VALUES (1127, 1140);
INSERT INTO "requires" VALUES (837, 1140);
INSERT INTO "TrackElement" ("id") VALUES (1141);
INSERT INTO "Segment" ("id", "length") VALUES (1141, 718);
UPDATE "TrackElement" SET "region" = 838 WHERE "id" = 1141;
INSERT INTO "monitoredBy" VALUES (1141, 1140);
INSERT INTO "TrackElement" ("id") VALUES (1142);
INSERT INTO "Segment" ("id", "length") VALUES (1142, 781);
UPDATE "TrackElement" SET "region" = 838 WHERE "id" = 1142;
INSERT INTO "monitoredBy" VALUES (1142, 1140);
INSERT INTO "TrackElement" ("id") VALUES (1143);
INSERT INTO "Segment" ("id", "length") VALUES (1143, 907);
UPDATE "TrackElement" SET "region" = 838 WHERE "id" = 1143;
INSERT INTO "monitoredBy" VALUES (1143, 1140);
INSERT INTO "TrackElement" ("id") VALUES (1144);
INSERT INTO "Segment" ("id", "length") VALUES (1144, 267);
UPDATE "TrackElement" SET "region" = 838 WHERE "id" = 1144;
INSERT INTO "monitoredBy" VALUES (1144, 1140);
INSERT INTO "TrackElement" ("id") VALUES (1145);
INSERT INTO "Segment" ("id", "length") VALUES (1145, 225);
UPDATE "TrackElement" SET "region" = 838 WHERE "id" = 1145;
INSERT INTO "monitoredBy" VALUES (1145, 1140);
INSERT INTO "Sensor" ("id") VALUES (1146);
UPDATE "Sensor" SET "region" = 838 WHERE "id" = 1146;
INSERT INTO "monitoredBy" VALUES (1127, 1146);
INSERT INTO "requires" VALUES (837, 1146);
INSERT INTO "TrackElement" ("id") VALUES (1147);
INSERT INTO "Segment" ("id", "length") VALUES (1147, 328);
UPDATE "TrackElement" SET "region" = 838 WHERE "id" = 1147;
INSERT INTO "monitoredBy" VALUES (1147, 1146);
INSERT INTO "TrackElement" ("id") VALUES (1148);
INSERT INTO "Segment" ("id", "length") VALUES (1148, 409);
UPDATE "TrackElement" SET "region" = 838 WHERE "id" = 1148;
INSERT INTO "monitoredBy" VALUES (1148, 1146);
INSERT INTO "TrackElement" ("id") VALUES (1149);
INSERT INTO "Segment" ("id", "length") VALUES (1149, 761);
UPDATE "TrackElement" SET "region" = 838 WHERE "id" = 1149;
INSERT INTO "monitoredBy" VALUES (1149, 1146);
INSERT INTO "TrackElement" ("id") VALUES (1150);
INSERT INTO "Segment" ("id", "length") VALUES (1150, 78);
UPDATE "TrackElement" SET "region" = 838 WHERE "id" = 1150;
INSERT INTO "monitoredBy" VALUES (1150, 1146);
INSERT INTO "TrackElement" ("id") VALUES (1151);
INSERT INTO "Segment" ("id", "length") VALUES (1151, 453);
UPDATE "TrackElement" SET "region" = 838 WHERE "id" = 1151;
INSERT INTO "monitoredBy" VALUES (1151, 1146);
INSERT INTO "Sensor" ("id") VALUES (1152);
UPDATE "Sensor" SET "region" = 838 WHERE "id" = 1152;
INSERT INTO "monitoredBy" VALUES (1127, 1152);
INSERT INTO "requires" VALUES (837, 1152);
INSERT INTO "TrackElement" ("id") VALUES (1153);
INSERT INTO "Segment" ("id", "length") VALUES (1153, 34);
UPDATE "TrackElement" SET "region" = 838 WHERE "id" = 1153;
INSERT INTO "monitoredBy" VALUES (1153, 1152);
INSERT INTO "TrackElement" ("id") VALUES (1154);
INSERT INTO "Segment" ("id", "length") VALUES (1154, 307);
UPDATE "TrackElement" SET "region" = 838 WHERE "id" = 1154;
INSERT INTO "monitoredBy" VALUES (1154, 1152);
INSERT INTO "TrackElement" ("id") VALUES (1155);
INSERT INTO "Segment" ("id", "length") VALUES (1155, 510);
UPDATE "TrackElement" SET "region" = 838 WHERE "id" = 1155;
INSERT INTO "monitoredBy" VALUES (1155, 1152);
INSERT INTO "TrackElement" ("id") VALUES (1156);
INSERT INTO "Segment" ("id", "length") VALUES (1156, 842);
UPDATE "TrackElement" SET "region" = 838 WHERE "id" = 1156;
INSERT INTO "monitoredBy" VALUES (1156, 1152);
INSERT INTO "TrackElement" ("id") VALUES (1157);
INSERT INTO "Segment" ("id", "length") VALUES (1157, 536);
UPDATE "TrackElement" SET "region" = 838 WHERE "id" = 1157;
INSERT INTO "monitoredBy" VALUES (1157, 1152);
INSERT INTO "Sensor" ("id") VALUES (1158);
UPDATE "Sensor" SET "region" = 838 WHERE "id" = 1158;
INSERT INTO "monitoredBy" VALUES (1127, 1158);
INSERT INTO "TrackElement" ("id") VALUES (1159);
INSERT INTO "Segment" ("id", "length") VALUES (1159, 664);
UPDATE "TrackElement" SET "region" = 838 WHERE "id" = 1159;
INSERT INTO "monitoredBy" VALUES (1159, 1158);
INSERT INTO "TrackElement" ("id") VALUES (1160);
INSERT INTO "Segment" ("id", "length") VALUES (1160, 818);
UPDATE "TrackElement" SET "region" = 838 WHERE "id" = 1160;
INSERT INTO "monitoredBy" VALUES (1160, 1158);
INSERT INTO "TrackElement" ("id") VALUES (1161);
INSERT INTO "Segment" ("id", "length") VALUES (1161, 807);
UPDATE "TrackElement" SET "region" = 838 WHERE "id" = 1161;
INSERT INTO "monitoredBy" VALUES (1161, 1158);
INSERT INTO "TrackElement" ("id") VALUES (1162);
INSERT INTO "Segment" ("id", "length") VALUES (1162, 378);
UPDATE "TrackElement" SET "region" = 838 WHERE "id" = 1162;
INSERT INTO "monitoredBy" VALUES (1162, 1158);
INSERT INTO "TrackElement" ("id") VALUES (1163);
INSERT INTO "Segment" ("id", "length") VALUES (1163, 851);
UPDATE "TrackElement" SET "region" = 838 WHERE "id" = 1163;
INSERT INTO "monitoredBy" VALUES (1163, 1158);
INSERT INTO "Sensor" ("id") VALUES (1164);
UPDATE "Sensor" SET "region" = 838 WHERE "id" = 1164;
INSERT INTO "monitoredBy" VALUES (1127, 1164);
INSERT INTO "requires" VALUES (837, 1164);
INSERT INTO "TrackElement" ("id") VALUES (1165);
INSERT INTO "Segment" ("id", "length") VALUES (1165, -66);
UPDATE "TrackElement" SET "region" = 838 WHERE "id" = 1165;
INSERT INTO "monitoredBy" VALUES (1165, 1164);
INSERT INTO "TrackElement" ("id") VALUES (1166);
INSERT INTO "Segment" ("id", "length") VALUES (1166, 898);
UPDATE "TrackElement" SET "region" = 838 WHERE "id" = 1166;
INSERT INTO "monitoredBy" VALUES (1166, 1164);
INSERT INTO "TrackElement" ("id") VALUES (1167);
INSERT INTO "Segment" ("id", "length") VALUES (1167, 124);
UPDATE "TrackElement" SET "region" = 838 WHERE "id" = 1167;
INSERT INTO "monitoredBy" VALUES (1167, 1164);
INSERT INTO "TrackElement" ("id") VALUES (1168);
INSERT INTO "Segment" ("id", "length") VALUES (1168, 731);
UPDATE "TrackElement" SET "region" = 838 WHERE "id" = 1168;
INSERT INTO "monitoredBy" VALUES (1168, 1164);
INSERT INTO "TrackElement" ("id") VALUES (1169);
INSERT INTO "Segment" ("id", "length") VALUES (1169, 629);
UPDATE "TrackElement" SET "region" = 838 WHERE "id" = 1169;
INSERT INTO "monitoredBy" VALUES (1169, 1164);
INSERT INTO "SwitchPosition" ("id", "position", "target") VALUES (1170, 0, 1127);
UPDATE "SwitchPosition" SET "route" = 837 WHERE "id" = 1170;
INSERT INTO "TrackElement" ("id") VALUES (1171);
INSERT INTO "Switch" ("id", "currentPosition") VALUES (1171, 2);
UPDATE "TrackElement" SET "region" = 838 WHERE "id" = 1171;
INSERT INTO "Sensor" ("id") VALUES (1172);
UPDATE "Sensor" SET "region" = 838 WHERE "id" = 1172;
INSERT INTO "TrackElement" ("id") VALUES (1173);
INSERT INTO "Segment" ("id", "length") VALUES (1173, 83);
UPDATE "TrackElement" SET "region" = 838 WHERE "id" = 1173;
INSERT INTO "monitoredBy" VALUES (1173, 1172);
INSERT INTO "TrackElement" ("id") VALUES (1174);
INSERT INTO "Segment" ("id", "length") VALUES (1174, 320);
UPDATE "TrackElement" SET "region" = 838 WHERE "id" = 1174;
INSERT INTO "monitoredBy" VALUES (1174, 1172);
INSERT INTO "TrackElement" ("id") VALUES (1175);
INSERT INTO "Segment" ("id", "length") VALUES (1175, 796);
UPDATE "TrackElement" SET "region" = 838 WHERE "id" = 1175;
INSERT INTO "monitoredBy" VALUES (1175, 1172);
INSERT INTO "TrackElement" ("id") VALUES (1176);
INSERT INTO "Segment" ("id", "length") VALUES (1176, 173);
UPDATE "TrackElement" SET "region" = 838 WHERE "id" = 1176;
INSERT INTO "monitoredBy" VALUES (1176, 1172);
INSERT INTO "TrackElement" ("id") VALUES (1177);
INSERT INTO "Segment" ("id", "length") VALUES (1177, 649);
UPDATE "TrackElement" SET "region" = 838 WHERE "id" = 1177;
INSERT INTO "monitoredBy" VALUES (1177, 1172);
INSERT INTO "Sensor" ("id") VALUES (1178);
UPDATE "Sensor" SET "region" = 838 WHERE "id" = 1178;
INSERT INTO "monitoredBy" VALUES (1171, 1178);
INSERT INTO "requires" VALUES (837, 1178);
INSERT INTO "TrackElement" ("id") VALUES (1179);
INSERT INTO "Segment" ("id", "length") VALUES (1179, 587);
UPDATE "TrackElement" SET "region" = 838 WHERE "id" = 1179;
INSERT INTO "monitoredBy" VALUES (1179, 1178);
INSERT INTO "TrackElement" ("id") VALUES (1180);
INSERT INTO "Segment" ("id", "length") VALUES (1180, 697);
UPDATE "TrackElement" SET "region" = 838 WHERE "id" = 1180;
INSERT INTO "monitoredBy" VALUES (1180, 1178);
INSERT INTO "TrackElement" ("id") VALUES (1181);
INSERT INTO "Segment" ("id", "length") VALUES (1181, 113);
UPDATE "TrackElement" SET "region" = 838 WHERE "id" = 1181;
INSERT INTO "monitoredBy" VALUES (1181, 1178);
INSERT INTO "TrackElement" ("id") VALUES (1182);
INSERT INTO "Segment" ("id", "length") VALUES (1182, 1000);
UPDATE "TrackElement" SET "region" = 838 WHERE "id" = 1182;
INSERT INTO "monitoredBy" VALUES (1182, 1178);
INSERT INTO "TrackElement" ("id") VALUES (1183);
INSERT INTO "Segment" ("id", "length") VALUES (1183, 3);
UPDATE "TrackElement" SET "region" = 838 WHERE "id" = 1183;
INSERT INTO "monitoredBy" VALUES (1183, 1178);
INSERT INTO "Sensor" ("id") VALUES (1184);
UPDATE "Sensor" SET "region" = 838 WHERE "id" = 1184;
INSERT INTO "monitoredBy" VALUES (1171, 1184);
INSERT INTO "requires" VALUES (837, 1184);
INSERT INTO "TrackElement" ("id") VALUES (1185);
INSERT INTO "Segment" ("id", "length") VALUES (1185, 827);
UPDATE "TrackElement" SET "region" = 838 WHERE "id" = 1185;
INSERT INTO "monitoredBy" VALUES (1185, 1184);
INSERT INTO "TrackElement" ("id") VALUES (1186);
INSERT INTO "Segment" ("id", "length") VALUES (1186, 326);
UPDATE "TrackElement" SET "region" = 838 WHERE "id" = 1186;
INSERT INTO "monitoredBy" VALUES (1186, 1184);
INSERT INTO "TrackElement" ("id") VALUES (1187);
INSERT INTO "Segment" ("id", "length") VALUES (1187, 856);
UPDATE "TrackElement" SET "region" = 838 WHERE "id" = 1187;
INSERT INTO "monitoredBy" VALUES (1187, 1184);
INSERT INTO "TrackElement" ("id") VALUES (1188);
INSERT INTO "Segment" ("id", "length") VALUES (1188, 100);
UPDATE "TrackElement" SET "region" = 838 WHERE "id" = 1188;
INSERT INTO "monitoredBy" VALUES (1188, 1184);
INSERT INTO "TrackElement" ("id") VALUES (1189);
INSERT INTO "Segment" ("id", "length") VALUES (1189, 835);
UPDATE "TrackElement" SET "region" = 838 WHERE "id" = 1189;
INSERT INTO "monitoredBy" VALUES (1189, 1184);
INSERT INTO "Sensor" ("id") VALUES (1190);
UPDATE "Sensor" SET "region" = 838 WHERE "id" = 1190;
INSERT INTO "monitoredBy" VALUES (1171, 1190);
INSERT INTO "requires" VALUES (837, 1190);
INSERT INTO "TrackElement" ("id") VALUES (1191);
INSERT INTO "Segment" ("id", "length") VALUES (1191, 555);
UPDATE "TrackElement" SET "region" = 838 WHERE "id" = 1191;
INSERT INTO "monitoredBy" VALUES (1191, 1190);
INSERT INTO "TrackElement" ("id") VALUES (1192);
INSERT INTO "Segment" ("id", "length") VALUES (1192, 531);
UPDATE "TrackElement" SET "region" = 838 WHERE "id" = 1192;
INSERT INTO "monitoredBy" VALUES (1192, 1190);
INSERT INTO "TrackElement" ("id") VALUES (1193);
INSERT INTO "Segment" ("id", "length") VALUES (1193, 578);
UPDATE "TrackElement" SET "region" = 838 WHERE "id" = 1193;
INSERT INTO "monitoredBy" VALUES (1193, 1190);
INSERT INTO "TrackElement" ("id") VALUES (1194);
INSERT INTO "Segment" ("id", "length") VALUES (1194, 192);
UPDATE "TrackElement" SET "region" = 838 WHERE "id" = 1194;
INSERT INTO "monitoredBy" VALUES (1194, 1190);
INSERT INTO "TrackElement" ("id") VALUES (1195);
INSERT INTO "Segment" ("id", "length") VALUES (1195, 597);
UPDATE "TrackElement" SET "region" = 838 WHERE "id" = 1195;
INSERT INTO "monitoredBy" VALUES (1195, 1190);
INSERT INTO "Sensor" ("id") VALUES (1196);
UPDATE "Sensor" SET "region" = 838 WHERE "id" = 1196;
INSERT INTO "monitoredBy" VALUES (1171, 1196);
INSERT INTO "requires" VALUES (837, 1196);
INSERT INTO "TrackElement" ("id") VALUES (1197);
INSERT INTO "Segment" ("id", "length") VALUES (1197, 290);
UPDATE "TrackElement" SET "region" = 838 WHERE "id" = 1197;
INSERT INTO "monitoredBy" VALUES (1197, 1196);
INSERT INTO "TrackElement" ("id") VALUES (1198);
INSERT INTO "Segment" ("id", "length") VALUES (1198, 992);
UPDATE "TrackElement" SET "region" = 838 WHERE "id" = 1198;
INSERT INTO "monitoredBy" VALUES (1198, 1196);
INSERT INTO "TrackElement" ("id") VALUES (1199);
INSERT INTO "Segment" ("id", "length") VALUES (1199, 126);
UPDATE "TrackElement" SET "region" = 838 WHERE "id" = 1199;
INSERT INTO "monitoredBy" VALUES (1199, 1196);
INSERT INTO "TrackElement" ("id") VALUES (1200);
INSERT INTO "Segment" ("id", "length") VALUES (1200, 149);
UPDATE "TrackElement" SET "region" = 838 WHERE "id" = 1200;
INSERT INTO "monitoredBy" VALUES (1200, 1196);
INSERT INTO "TrackElement" ("id") VALUES (1201);
INSERT INTO "Segment" ("id", "length") VALUES (1201, 620);
UPDATE "TrackElement" SET "region" = 838 WHERE "id" = 1201;
INSERT INTO "monitoredBy" VALUES (1201, 1196);
INSERT INTO "Sensor" ("id") VALUES (1202);
UPDATE "Sensor" SET "region" = 838 WHERE "id" = 1202;
INSERT INTO "monitoredBy" VALUES (1171, 1202);
INSERT INTO "requires" VALUES (837, 1202);
INSERT INTO "TrackElement" ("id") VALUES (1203);
INSERT INTO "Segment" ("id", "length") VALUES (1203, 359);
UPDATE "TrackElement" SET "region" = 838 WHERE "id" = 1203;
INSERT INTO "monitoredBy" VALUES (1203, 1202);
INSERT INTO "TrackElement" ("id") VALUES (1204);
INSERT INTO "Segment" ("id", "length") VALUES (1204, 323);
UPDATE "TrackElement" SET "region" = 838 WHERE "id" = 1204;
INSERT INTO "monitoredBy" VALUES (1204, 1202);
INSERT INTO "TrackElement" ("id") VALUES (1205);
INSERT INTO "Segment" ("id", "length") VALUES (1205, 356);
UPDATE "TrackElement" SET "region" = 838 WHERE "id" = 1205;
INSERT INTO "monitoredBy" VALUES (1205, 1202);
INSERT INTO "TrackElement" ("id") VALUES (1206);
INSERT INTO "Segment" ("id", "length") VALUES (1206, 333);
UPDATE "TrackElement" SET "region" = 838 WHERE "id" = 1206;
INSERT INTO "monitoredBy" VALUES (1206, 1202);
INSERT INTO "TrackElement" ("id") VALUES (1207);
INSERT INTO "Segment" ("id", "length") VALUES (1207, -208);
UPDATE "TrackElement" SET "region" = 838 WHERE "id" = 1207;
INSERT INTO "monitoredBy" VALUES (1207, 1202);
INSERT INTO "Sensor" ("id") VALUES (1208);
UPDATE "Sensor" SET "region" = 838 WHERE "id" = 1208;
INSERT INTO "monitoredBy" VALUES (1171, 1208);
INSERT INTO "requires" VALUES (837, 1208);
INSERT INTO "TrackElement" ("id") VALUES (1209);
INSERT INTO "Segment" ("id", "length") VALUES (1209, 799);
UPDATE "TrackElement" SET "region" = 838 WHERE "id" = 1209;
INSERT INTO "monitoredBy" VALUES (1209, 1208);
INSERT INTO "TrackElement" ("id") VALUES (1210);
INSERT INTO "Segment" ("id", "length") VALUES (1210, 38);
UPDATE "TrackElement" SET "region" = 838 WHERE "id" = 1210;
INSERT INTO "monitoredBy" VALUES (1210, 1208);
INSERT INTO "TrackElement" ("id") VALUES (1211);
INSERT INTO "Segment" ("id", "length") VALUES (1211, 807);
UPDATE "TrackElement" SET "region" = 838 WHERE "id" = 1211;
INSERT INTO "monitoredBy" VALUES (1211, 1208);
INSERT INTO "TrackElement" ("id") VALUES (1212);
INSERT INTO "Segment" ("id", "length") VALUES (1212, 598);
UPDATE "TrackElement" SET "region" = 838 WHERE "id" = 1212;
INSERT INTO "monitoredBy" VALUES (1212, 1208);
INSERT INTO "TrackElement" ("id") VALUES (1213);
INSERT INTO "Segment" ("id", "length") VALUES (1213, 7);
UPDATE "TrackElement" SET "region" = 838 WHERE "id" = 1213;
INSERT INTO "monitoredBy" VALUES (1213, 1208);
INSERT INTO "TrackElement" ("id") VALUES (1214);
INSERT INTO "Segment" ("id", "length") VALUES (1214, 172);
UPDATE "TrackElement" SET "region" = 838 WHERE "id" = 1214;
INSERT INTO "monitoredBy" VALUES (1214, 1208);
INSERT INTO "Sensor" ("id") VALUES (1215);
UPDATE "Sensor" SET "region" = 838 WHERE "id" = 1215;
INSERT INTO "monitoredBy" VALUES (1171, 1215);
INSERT INTO "requires" VALUES (837, 1215);
INSERT INTO "TrackElement" ("id") VALUES (1216);
INSERT INTO "Segment" ("id", "length") VALUES (1216, 887);
UPDATE "TrackElement" SET "region" = 838 WHERE "id" = 1216;
INSERT INTO "monitoredBy" VALUES (1216, 1215);
INSERT INTO "TrackElement" ("id") VALUES (1217);
INSERT INTO "Segment" ("id", "length") VALUES (1217, -261);
UPDATE "TrackElement" SET "region" = 838 WHERE "id" = 1217;
INSERT INTO "monitoredBy" VALUES (1217, 1215);
INSERT INTO "TrackElement" ("id") VALUES (1218);
INSERT INTO "Segment" ("id", "length") VALUES (1218, 78);
UPDATE "TrackElement" SET "region" = 838 WHERE "id" = 1218;
INSERT INTO "monitoredBy" VALUES (1218, 1215);
INSERT INTO "TrackElement" ("id") VALUES (1219);
INSERT INTO "Segment" ("id", "length") VALUES (1219, -409);
UPDATE "TrackElement" SET "region" = 838 WHERE "id" = 1219;
INSERT INTO "monitoredBy" VALUES (1219, 1215);
INSERT INTO "TrackElement" ("id") VALUES (1220);
INSERT INTO "Segment" ("id", "length") VALUES (1220, 30);
UPDATE "TrackElement" SET "region" = 838 WHERE "id" = 1220;
INSERT INTO "monitoredBy" VALUES (1220, 1215);
INSERT INTO "Sensor" ("id") VALUES (1221);
UPDATE "Sensor" SET "region" = 838 WHERE "id" = 1221;
INSERT INTO "monitoredBy" VALUES (1171, 1221);
INSERT INTO "requires" VALUES (837, 1221);
INSERT INTO "TrackElement" ("id") VALUES (1222);
INSERT INTO "Segment" ("id", "length") VALUES (1222, 638);
UPDATE "TrackElement" SET "region" = 838 WHERE "id" = 1222;
INSERT INTO "monitoredBy" VALUES (1222, 1221);
INSERT INTO "TrackElement" ("id") VALUES (1223);
INSERT INTO "Segment" ("id", "length") VALUES (1223, 217);
UPDATE "TrackElement" SET "region" = 838 WHERE "id" = 1223;
INSERT INTO "monitoredBy" VALUES (1223, 1221);
INSERT INTO "TrackElement" ("id") VALUES (1224);
INSERT INTO "Segment" ("id", "length") VALUES (1224, 451);
UPDATE "TrackElement" SET "region" = 838 WHERE "id" = 1224;
INSERT INTO "monitoredBy" VALUES (1224, 1221);
INSERT INTO "TrackElement" ("id") VALUES (1225);
INSERT INTO "Segment" ("id", "length") VALUES (1225, 482);
UPDATE "TrackElement" SET "region" = 838 WHERE "id" = 1225;
INSERT INTO "monitoredBy" VALUES (1225, 1221);
INSERT INTO "TrackElement" ("id") VALUES (1226);
INSERT INTO "Segment" ("id", "length") VALUES (1226, 623);
UPDATE "TrackElement" SET "region" = 838 WHERE "id" = 1226;
INSERT INTO "monitoredBy" VALUES (1226, 1221);
INSERT INTO "SwitchPosition" ("id", "position", "target") VALUES (1227, 2, 1171);
UPDATE "SwitchPosition" SET "route" = 837 WHERE "id" = 1227;
INSERT INTO "TrackElement" ("id") VALUES (1228);
INSERT INTO "Switch" ("id", "currentPosition") VALUES (1228, 1);
UPDATE "TrackElement" SET "region" = 838 WHERE "id" = 1228;
INSERT INTO "Sensor" ("id") VALUES (1229);
UPDATE "Sensor" SET "region" = 838 WHERE "id" = 1229;
INSERT INTO "monitoredBy" VALUES (1228, 1229);
INSERT INTO "requires" VALUES (837, 1229);
INSERT INTO "TrackElement" ("id") VALUES (1230);
INSERT INTO "Segment" ("id", "length") VALUES (1230, 421);
UPDATE "TrackElement" SET "region" = 838 WHERE "id" = 1230;
INSERT INTO "monitoredBy" VALUES (1230, 1229);
INSERT INTO "TrackElement" ("id") VALUES (1231);
INSERT INTO "Segment" ("id", "length") VALUES (1231, 298);
UPDATE "TrackElement" SET "region" = 838 WHERE "id" = 1231;
INSERT INTO "monitoredBy" VALUES (1231, 1229);
INSERT INTO "TrackElement" ("id") VALUES (1232);
INSERT INTO "Segment" ("id", "length") VALUES (1232, 921);
UPDATE "TrackElement" SET "region" = 838 WHERE "id" = 1232;
INSERT INTO "monitoredBy" VALUES (1232, 1229);
INSERT INTO "TrackElement" ("id") VALUES (1233);
INSERT INTO "Segment" ("id", "length") VALUES (1233, -484);
UPDATE "TrackElement" SET "region" = 838 WHERE "id" = 1233;
INSERT INTO "monitoredBy" VALUES (1233, 1229);
INSERT INTO "TrackElement" ("id") VALUES (1234);
INSERT INTO "Segment" ("id", "length") VALUES (1234, 40);
UPDATE "TrackElement" SET "region" = 838 WHERE "id" = 1234;
INSERT INTO "monitoredBy" VALUES (1234, 1229);
INSERT INTO "Sensor" ("id") VALUES (1235);
UPDATE "Sensor" SET "region" = 838 WHERE "id" = 1235;
INSERT INTO "TrackElement" ("id") VALUES (1236);
INSERT INTO "Segment" ("id", "length") VALUES (1236, 942);
UPDATE "TrackElement" SET "region" = 838 WHERE "id" = 1236;
INSERT INTO "monitoredBy" VALUES (1236, 1235);
INSERT INTO "TrackElement" ("id") VALUES (1237);
INSERT INTO "Segment" ("id", "length") VALUES (1237, 546);
UPDATE "TrackElement" SET "region" = 838 WHERE "id" = 1237;
INSERT INTO "monitoredBy" VALUES (1237, 1235);
INSERT INTO "TrackElement" ("id") VALUES (1238);
INSERT INTO "Segment" ("id", "length") VALUES (1238, -551);
UPDATE "TrackElement" SET "region" = 838 WHERE "id" = 1238;
INSERT INTO "monitoredBy" VALUES (1238, 1235);
INSERT INTO "TrackElement" ("id") VALUES (1239);
INSERT INTO "Segment" ("id", "length") VALUES (1239, 208);
UPDATE "TrackElement" SET "region" = 838 WHERE "id" = 1239;
INSERT INTO "monitoredBy" VALUES (1239, 1235);
INSERT INTO "TrackElement" ("id") VALUES (1240);
INSERT INTO "Segment" ("id", "length") VALUES (1240, 393);
UPDATE "TrackElement" SET "region" = 838 WHERE "id" = 1240;
INSERT INTO "monitoredBy" VALUES (1240, 1235);
INSERT INTO "Sensor" ("id") VALUES (1241);
UPDATE "Sensor" SET "region" = 838 WHERE "id" = 1241;
INSERT INTO "monitoredBy" VALUES (1228, 1241);
INSERT INTO "requires" VALUES (837, 1241);
INSERT INTO "TrackElement" ("id") VALUES (1242);
INSERT INTO "Segment" ("id", "length") VALUES (1242, 584);
UPDATE "TrackElement" SET "region" = 838 WHERE "id" = 1242;
INSERT INTO "monitoredBy" VALUES (1242, 1241);
INSERT INTO "TrackElement" ("id") VALUES (1243);
INSERT INTO "Segment" ("id", "length") VALUES (1243, 233);
UPDATE "TrackElement" SET "region" = 838 WHERE "id" = 1243;
INSERT INTO "monitoredBy" VALUES (1243, 1241);
INSERT INTO "TrackElement" ("id") VALUES (1244);
INSERT INTO "Segment" ("id", "length") VALUES (1244, 428);
UPDATE "TrackElement" SET "region" = 838 WHERE "id" = 1244;
INSERT INTO "monitoredBy" VALUES (1244, 1241);
INSERT INTO "TrackElement" ("id") VALUES (1245);
INSERT INTO "Segment" ("id", "length") VALUES (1245, 542);
UPDATE "TrackElement" SET "region" = 838 WHERE "id" = 1245;
INSERT INTO "monitoredBy" VALUES (1245, 1241);
INSERT INTO "TrackElement" ("id") VALUES (1246);
INSERT INTO "Segment" ("id", "length") VALUES (1246, 843);
UPDATE "TrackElement" SET "region" = 838 WHERE "id" = 1246;
INSERT INTO "monitoredBy" VALUES (1246, 1241);
INSERT INTO "Sensor" ("id") VALUES (1247);
UPDATE "Sensor" SET "region" = 838 WHERE "id" = 1247;
INSERT INTO "monitoredBy" VALUES (1228, 1247);
INSERT INTO "requires" VALUES (837, 1247);
INSERT INTO "TrackElement" ("id") VALUES (1248);
INSERT INTO "Segment" ("id", "length") VALUES (1248, 770);
UPDATE "TrackElement" SET "region" = 838 WHERE "id" = 1248;
INSERT INTO "monitoredBy" VALUES (1248, 1247);
INSERT INTO "TrackElement" ("id") VALUES (1249);
INSERT INTO "Segment" ("id", "length") VALUES (1249, 989);
UPDATE "TrackElement" SET "region" = 838 WHERE "id" = 1249;
INSERT INTO "monitoredBy" VALUES (1249, 1247);
INSERT INTO "TrackElement" ("id") VALUES (1250);
INSERT INTO "Segment" ("id", "length") VALUES (1250, 147);
UPDATE "TrackElement" SET "region" = 838 WHERE "id" = 1250;
INSERT INTO "monitoredBy" VALUES (1250, 1247);
INSERT INTO "TrackElement" ("id") VALUES (1251);
INSERT INTO "Segment" ("id", "length") VALUES (1251, -722);
UPDATE "TrackElement" SET "region" = 838 WHERE "id" = 1251;
INSERT INTO "monitoredBy" VALUES (1251, 1247);
INSERT INTO "TrackElement" ("id") VALUES (1252);
INSERT INTO "Segment" ("id", "length") VALUES (1252, 170);
UPDATE "TrackElement" SET "region" = 838 WHERE "id" = 1252;
INSERT INTO "monitoredBy" VALUES (1252, 1247);
INSERT INTO "Sensor" ("id") VALUES (1253);
UPDATE "Sensor" SET "region" = 838 WHERE "id" = 1253;
INSERT INTO "monitoredBy" VALUES (1228, 1253);
INSERT INTO "requires" VALUES (837, 1253);
INSERT INTO "TrackElement" ("id") VALUES (1254);
INSERT INTO "Segment" ("id", "length") VALUES (1254, 480);
UPDATE "TrackElement" SET "region" = 838 WHERE "id" = 1254;
INSERT INTO "monitoredBy" VALUES (1254, 1253);
INSERT INTO "TrackElement" ("id") VALUES (1255);
INSERT INTO "Segment" ("id", "length") VALUES (1255, -165);
UPDATE "TrackElement" SET "region" = 838 WHERE "id" = 1255;
INSERT INTO "monitoredBy" VALUES (1255, 1253);
INSERT INTO "TrackElement" ("id") VALUES (1256);
INSERT INTO "Segment" ("id", "length") VALUES (1256, 333);
UPDATE "TrackElement" SET "region" = 838 WHERE "id" = 1256;
INSERT INTO "monitoredBy" VALUES (1256, 1253);
INSERT INTO "TrackElement" ("id") VALUES (1257);
INSERT INTO "Segment" ("id", "length") VALUES (1257, 886);
UPDATE "TrackElement" SET "region" = 838 WHERE "id" = 1257;
INSERT INTO "monitoredBy" VALUES (1257, 1253);
INSERT INTO "TrackElement" ("id") VALUES (1258);
INSERT INTO "Segment" ("id", "length") VALUES (1258, 523);
UPDATE "TrackElement" SET "region" = 838 WHERE "id" = 1258;
INSERT INTO "monitoredBy" VALUES (1258, 1253);
INSERT INTO "SwitchPosition" ("id", "position", "target") VALUES (1259, 1, 1228);
UPDATE "SwitchPosition" SET "route" = 837 WHERE "id" = 1259;
INSERT INTO "TrackElement" ("id") VALUES (1260);
INSERT INTO "Switch" ("id", "currentPosition") VALUES (1260, 1);
UPDATE "TrackElement" SET "region" = 838 WHERE "id" = 1260;
INSERT INTO "Sensor" ("id") VALUES (1261);
UPDATE "Sensor" SET "region" = 838 WHERE "id" = 1261;
INSERT INTO "monitoredBy" VALUES (1260, 1261);
INSERT INTO "requires" VALUES (837, 1261);
INSERT INTO "TrackElement" ("id") VALUES (1262);
INSERT INTO "Segment" ("id", "length") VALUES (1262, 74);
UPDATE "TrackElement" SET "region" = 838 WHERE "id" = 1262;
INSERT INTO "monitoredBy" VALUES (1262, 1261);
INSERT INTO "TrackElement" ("id") VALUES (1263);
INSERT INTO "Segment" ("id", "length") VALUES (1263, 595);
UPDATE "TrackElement" SET "region" = 838 WHERE "id" = 1263;
INSERT INTO "monitoredBy" VALUES (1263, 1261);
INSERT INTO "TrackElement" ("id") VALUES (1264);
INSERT INTO "Segment" ("id", "length") VALUES (1264, 952);
UPDATE "TrackElement" SET "region" = 838 WHERE "id" = 1264;
INSERT INTO "monitoredBy" VALUES (1264, 1261);
INSERT INTO "TrackElement" ("id") VALUES (1265);
INSERT INTO "Segment" ("id", "length") VALUES (1265, 177);
UPDATE "TrackElement" SET "region" = 838 WHERE "id" = 1265;
INSERT INTO "monitoredBy" VALUES (1265, 1261);
INSERT INTO "TrackElement" ("id") VALUES (1266);
INSERT INTO "Segment" ("id", "length") VALUES (1266, 524);
UPDATE "TrackElement" SET "region" = 838 WHERE "id" = 1266;
INSERT INTO "monitoredBy" VALUES (1266, 1261);
INSERT INTO "Sensor" ("id") VALUES (1267);
UPDATE "Sensor" SET "region" = 838 WHERE "id" = 1267;
INSERT INTO "monitoredBy" VALUES (1260, 1267);
INSERT INTO "requires" VALUES (837, 1267);
INSERT INTO "TrackElement" ("id") VALUES (1268);
INSERT INTO "Segment" ("id", "length") VALUES (1268, 490);
UPDATE "TrackElement" SET "region" = 838 WHERE "id" = 1268;
INSERT INTO "monitoredBy" VALUES (1268, 1267);
INSERT INTO "TrackElement" ("id") VALUES (1269);
INSERT INTO "Segment" ("id", "length") VALUES (1269, 5);
UPDATE "TrackElement" SET "region" = 838 WHERE "id" = 1269;
INSERT INTO "monitoredBy" VALUES (1269, 1267);
INSERT INTO "TrackElement" ("id") VALUES (1270);
INSERT INTO "Segment" ("id", "length") VALUES (1270, 780);
UPDATE "TrackElement" SET "region" = 838 WHERE "id" = 1270;
INSERT INTO "monitoredBy" VALUES (1270, 1267);
INSERT INTO "TrackElement" ("id") VALUES (1271);
INSERT INTO "Segment" ("id", "length") VALUES (1271, 133);
UPDATE "TrackElement" SET "region" = 838 WHERE "id" = 1271;
INSERT INTO "monitoredBy" VALUES (1271, 1267);
INSERT INTO "TrackElement" ("id") VALUES (1272);
INSERT INTO "Segment" ("id", "length") VALUES (1272, 931);
UPDATE "TrackElement" SET "region" = 838 WHERE "id" = 1272;
INSERT INTO "monitoredBy" VALUES (1272, 1267);
INSERT INTO "SwitchPosition" ("id", "position", "target") VALUES (1273, 1, 1260);
UPDATE "SwitchPosition" SET "route" = 837 WHERE "id" = 1273;
INSERT INTO "TrackElement" ("id") VALUES (1274);
INSERT INTO "Switch" ("id", "currentPosition") VALUES (1274, 2);
UPDATE "TrackElement" SET "region" = 838 WHERE "id" = 1274;
INSERT INTO "Sensor" ("id") VALUES (1275);
UPDATE "Sensor" SET "region" = 838 WHERE "id" = 1275;
INSERT INTO "TrackElement" ("id") VALUES (1276);
INSERT INTO "Segment" ("id", "length") VALUES (1276, 818);
UPDATE "TrackElement" SET "region" = 838 WHERE "id" = 1276;
INSERT INTO "monitoredBy" VALUES (1276, 1275);
INSERT INTO "TrackElement" ("id") VALUES (1277);
INSERT INTO "Segment" ("id", "length") VALUES (1277, 558);
UPDATE "TrackElement" SET "region" = 838 WHERE "id" = 1277;
INSERT INTO "monitoredBy" VALUES (1277, 1275);
INSERT INTO "TrackElement" ("id") VALUES (1278);
INSERT INTO "Segment" ("id", "length") VALUES (1278, -978);
UPDATE "TrackElement" SET "region" = 838 WHERE "id" = 1278;
INSERT INTO "monitoredBy" VALUES (1278, 1275);
INSERT INTO "TrackElement" ("id") VALUES (1279);
INSERT INTO "Segment" ("id", "length") VALUES (1279, 220);
UPDATE "TrackElement" SET "region" = 838 WHERE "id" = 1279;
INSERT INTO "monitoredBy" VALUES (1279, 1275);
INSERT INTO "TrackElement" ("id") VALUES (1280);
INSERT INTO "Segment" ("id", "length") VALUES (1280, 743);
UPDATE "TrackElement" SET "region" = 838 WHERE "id" = 1280;
INSERT INTO "monitoredBy" VALUES (1280, 1275);
INSERT INTO "Sensor" ("id") VALUES (1281);
UPDATE "Sensor" SET "region" = 838 WHERE "id" = 1281;
INSERT INTO "monitoredBy" VALUES (1274, 1281);
INSERT INTO "requires" VALUES (837, 1281);
INSERT INTO "TrackElement" ("id") VALUES (1282);
INSERT INTO "Segment" ("id", "length") VALUES (1282, 508);
UPDATE "TrackElement" SET "region" = 838 WHERE "id" = 1282;
INSERT INTO "monitoredBy" VALUES (1282, 1281);
INSERT INTO "TrackElement" ("id") VALUES (1283);
INSERT INTO "Segment" ("id", "length") VALUES (1283, 316);
UPDATE "TrackElement" SET "region" = 838 WHERE "id" = 1283;
INSERT INTO "monitoredBy" VALUES (1283, 1281);
INSERT INTO "TrackElement" ("id") VALUES (1284);
INSERT INTO "Segment" ("id", "length") VALUES (1284, 268);
UPDATE "TrackElement" SET "region" = 838 WHERE "id" = 1284;
INSERT INTO "monitoredBy" VALUES (1284, 1281);
INSERT INTO "TrackElement" ("id") VALUES (1285);
INSERT INTO "Segment" ("id", "length") VALUES (1285, 668);
UPDATE "TrackElement" SET "region" = 838 WHERE "id" = 1285;
INSERT INTO "monitoredBy" VALUES (1285, 1281);
INSERT INTO "TrackElement" ("id") VALUES (1286);
INSERT INTO "Segment" ("id", "length") VALUES (1286, -278);
UPDATE "TrackElement" SET "region" = 838 WHERE "id" = 1286;
INSERT INTO "monitoredBy" VALUES (1286, 1281);
INSERT INTO "Sensor" ("id") VALUES (1287);
UPDATE "Sensor" SET "region" = 838 WHERE "id" = 1287;
INSERT INTO "monitoredBy" VALUES (1274, 1287);
INSERT INTO "requires" VALUES (837, 1287);
INSERT INTO "TrackElement" ("id") VALUES (1288);
INSERT INTO "Segment" ("id", "length") VALUES (1288, 152);
UPDATE "TrackElement" SET "region" = 838 WHERE "id" = 1288;
INSERT INTO "monitoredBy" VALUES (1288, 1287);
INSERT INTO "TrackElement" ("id") VALUES (1289);
INSERT INTO "Segment" ("id", "length") VALUES (1289, -607);
UPDATE "TrackElement" SET "region" = 838 WHERE "id" = 1289;
INSERT INTO "monitoredBy" VALUES (1289, 1287);
INSERT INTO "TrackElement" ("id") VALUES (1290);
INSERT INTO "Segment" ("id", "length") VALUES (1290, -806);
UPDATE "TrackElement" SET "region" = 838 WHERE "id" = 1290;
INSERT INTO "monitoredBy" VALUES (1290, 1287);
INSERT INTO "TrackElement" ("id") VALUES (1291);
INSERT INTO "Segment" ("id", "length") VALUES (1291, 857);
UPDATE "TrackElement" SET "region" = 838 WHERE "id" = 1291;
INSERT INTO "monitoredBy" VALUES (1291, 1287);
INSERT INTO "TrackElement" ("id") VALUES (1292);
INSERT INTO "Segment" ("id", "length") VALUES (1292, 94);
UPDATE "TrackElement" SET "region" = 838 WHERE "id" = 1292;
INSERT INTO "monitoredBy" VALUES (1292, 1287);
INSERT INTO "Sensor" ("id") VALUES (1293);
UPDATE "Sensor" SET "region" = 838 WHERE "id" = 1293;
INSERT INTO "monitoredBy" VALUES (1274, 1293);
INSERT INTO "requires" VALUES (837, 1293);
INSERT INTO "TrackElement" ("id") VALUES (1294);
INSERT INTO "Segment" ("id", "length") VALUES (1294, 400);
UPDATE "TrackElement" SET "region" = 838 WHERE "id" = 1294;
INSERT INTO "monitoredBy" VALUES (1294, 1293);
INSERT INTO "TrackElement" ("id") VALUES (1295);
INSERT INTO "Segment" ("id", "length") VALUES (1295, 768);
UPDATE "TrackElement" SET "region" = 838 WHERE "id" = 1295;
INSERT INTO "monitoredBy" VALUES (1295, 1293);
INSERT INTO "TrackElement" ("id") VALUES (1296);
INSERT INTO "Segment" ("id", "length") VALUES (1296, 249);
UPDATE "TrackElement" SET "region" = 838 WHERE "id" = 1296;
INSERT INTO "monitoredBy" VALUES (1296, 1293);
INSERT INTO "TrackElement" ("id") VALUES (1297);
INSERT INTO "Segment" ("id", "length") VALUES (1297, 969);
UPDATE "TrackElement" SET "region" = 838 WHERE "id" = 1297;
INSERT INTO "monitoredBy" VALUES (1297, 1293);
INSERT INTO "TrackElement" ("id") VALUES (1298);
INSERT INTO "Segment" ("id", "length") VALUES (1298, 537);
UPDATE "TrackElement" SET "region" = 838 WHERE "id" = 1298;
INSERT INTO "monitoredBy" VALUES (1298, 1293);
INSERT INTO "Sensor" ("id") VALUES (1299);
UPDATE "Sensor" SET "region" = 838 WHERE "id" = 1299;
INSERT INTO "monitoredBy" VALUES (1274, 1299);
INSERT INTO "requires" VALUES (837, 1299);
INSERT INTO "TrackElement" ("id") VALUES (1300);
INSERT INTO "Segment" ("id", "length") VALUES (1300, 316);
UPDATE "TrackElement" SET "region" = 838 WHERE "id" = 1300;
INSERT INTO "monitoredBy" VALUES (1300, 1299);
INSERT INTO "TrackElement" ("id") VALUES (1301);
INSERT INTO "Segment" ("id", "length") VALUES (1301, 523);
UPDATE "TrackElement" SET "region" = 838 WHERE "id" = 1301;
INSERT INTO "monitoredBy" VALUES (1301, 1299);
INSERT INTO "TrackElement" ("id") VALUES (1302);
INSERT INTO "Segment" ("id", "length") VALUES (1302, 9);
UPDATE "TrackElement" SET "region" = 838 WHERE "id" = 1302;
INSERT INTO "monitoredBy" VALUES (1302, 1299);
INSERT INTO "TrackElement" ("id") VALUES (1303);
INSERT INTO "Segment" ("id", "length") VALUES (1303, 948);
UPDATE "TrackElement" SET "region" = 838 WHERE "id" = 1303;
INSERT INTO "monitoredBy" VALUES (1303, 1299);
INSERT INTO "TrackElement" ("id") VALUES (1304);
INSERT INTO "Segment" ("id", "length") VALUES (1304, 941);
UPDATE "TrackElement" SET "region" = 838 WHERE "id" = 1304;
INSERT INTO "monitoredBy" VALUES (1304, 1299);
INSERT INTO "Sensor" ("id") VALUES (1305);
UPDATE "Sensor" SET "region" = 838 WHERE "id" = 1305;
INSERT INTO "monitoredBy" VALUES (1274, 1305);
INSERT INTO "TrackElement" ("id") VALUES (1306);
INSERT INTO "Segment" ("id", "length") VALUES (1306, 366);
UPDATE "TrackElement" SET "region" = 838 WHERE "id" = 1306;
INSERT INTO "monitoredBy" VALUES (1306, 1305);
INSERT INTO "TrackElement" ("id") VALUES (1307);
INSERT INTO "Segment" ("id", "length") VALUES (1307, -132);
UPDATE "TrackElement" SET "region" = 838 WHERE "id" = 1307;
INSERT INTO "monitoredBy" VALUES (1307, 1305);
INSERT INTO "TrackElement" ("id") VALUES (1308);
INSERT INTO "Segment" ("id", "length") VALUES (1308, 971);
UPDATE "TrackElement" SET "region" = 838 WHERE "id" = 1308;
INSERT INTO "monitoredBy" VALUES (1308, 1305);
INSERT INTO "TrackElement" ("id") VALUES (1309);
INSERT INTO "Segment" ("id", "length") VALUES (1309, 947);
UPDATE "TrackElement" SET "region" = 838 WHERE "id" = 1309;
INSERT INTO "monitoredBy" VALUES (1309, 1305);
INSERT INTO "TrackElement" ("id") VALUES (1310);
INSERT INTO "Segment" ("id", "length") VALUES (1310, 75);
UPDATE "TrackElement" SET "region" = 838 WHERE "id" = 1310;
INSERT INTO "monitoredBy" VALUES (1310, 1305);
INSERT INTO "SwitchPosition" ("id", "position", "target") VALUES (1311, 2, 1274);
UPDATE "SwitchPosition" SET "route" = 837 WHERE "id" = 1311;
INSERT INTO "TrackElement" ("id") VALUES (1312);
INSERT INTO "Switch" ("id", "currentPosition") VALUES (1312, 1);
UPDATE "TrackElement" SET "region" = 838 WHERE "id" = 1312;
INSERT INTO "Sensor" ("id") VALUES (1313);
UPDATE "Sensor" SET "region" = 838 WHERE "id" = 1313;
INSERT INTO "monitoredBy" VALUES (1312, 1313);
INSERT INTO "TrackElement" ("id") VALUES (1314);
INSERT INTO "Segment" ("id", "length") VALUES (1314, 506);
UPDATE "TrackElement" SET "region" = 838 WHERE "id" = 1314;
INSERT INTO "monitoredBy" VALUES (1314, 1313);
INSERT INTO "TrackElement" ("id") VALUES (1315);
INSERT INTO "Segment" ("id", "length") VALUES (1315, -684);
UPDATE "TrackElement" SET "region" = 838 WHERE "id" = 1315;
INSERT INTO "monitoredBy" VALUES (1315, 1313);
INSERT INTO "TrackElement" ("id") VALUES (1316);
INSERT INTO "Segment" ("id", "length") VALUES (1316, 387);
UPDATE "TrackElement" SET "region" = 838 WHERE "id" = 1316;
INSERT INTO "monitoredBy" VALUES (1316, 1313);
INSERT INTO "TrackElement" ("id") VALUES (1317);
INSERT INTO "Segment" ("id", "length") VALUES (1317, 759);
UPDATE "TrackElement" SET "region" = 838 WHERE "id" = 1317;
INSERT INTO "monitoredBy" VALUES (1317, 1313);
INSERT INTO "TrackElement" ("id") VALUES (1318);
INSERT INTO "Segment" ("id", "length") VALUES (1318, 932);
UPDATE "TrackElement" SET "region" = 838 WHERE "id" = 1318;
INSERT INTO "monitoredBy" VALUES (1318, 1313);
INSERT INTO "Sensor" ("id") VALUES (1319);
UPDATE "Sensor" SET "region" = 838 WHERE "id" = 1319;
INSERT INTO "monitoredBy" VALUES (1312, 1319);
INSERT INTO "requires" VALUES (837, 1319);
INSERT INTO "TrackElement" ("id") VALUES (1320);
INSERT INTO "Segment" ("id", "length") VALUES (1320, 357);
UPDATE "TrackElement" SET "region" = 838 WHERE "id" = 1320;
INSERT INTO "monitoredBy" VALUES (1320, 1319);
INSERT INTO "TrackElement" ("id") VALUES (1321);
INSERT INTO "Segment" ("id", "length") VALUES (1321, 606);
UPDATE "TrackElement" SET "region" = 838 WHERE "id" = 1321;
INSERT INTO "monitoredBy" VALUES (1321, 1319);
INSERT INTO "TrackElement" ("id") VALUES (1322);
INSERT INTO "Segment" ("id", "length") VALUES (1322, 533);
UPDATE "TrackElement" SET "region" = 838 WHERE "id" = 1322;
INSERT INTO "monitoredBy" VALUES (1322, 1319);
INSERT INTO "TrackElement" ("id") VALUES (1323);
INSERT INTO "Segment" ("id", "length") VALUES (1323, 672);
UPDATE "TrackElement" SET "region" = 838 WHERE "id" = 1323;
INSERT INTO "monitoredBy" VALUES (1323, 1319);
INSERT INTO "TrackElement" ("id") VALUES (1324);
INSERT INTO "Segment" ("id", "length") VALUES (1324, 174);
UPDATE "TrackElement" SET "region" = 838 WHERE "id" = 1324;
INSERT INTO "monitoredBy" VALUES (1324, 1319);
INSERT INTO "TrackElement" ("id") VALUES (1325);
INSERT INTO "Segment" ("id", "length") VALUES (1325, -314);
UPDATE "TrackElement" SET "region" = 838 WHERE "id" = 1325;
INSERT INTO "monitoredBy" VALUES (1325, 1319);
INSERT INTO "Sensor" ("id") VALUES (1326);
UPDATE "Sensor" SET "region" = 838 WHERE "id" = 1326;
INSERT INTO "TrackElement" ("id") VALUES (1327);
INSERT INTO "Segment" ("id", "length") VALUES (1327, 99);
UPDATE "TrackElement" SET "region" = 838 WHERE "id" = 1327;
INSERT INTO "monitoredBy" VALUES (1327, 1326);
INSERT INTO "TrackElement" ("id") VALUES (1328);
INSERT INTO "Segment" ("id", "length") VALUES (1328, 915);
UPDATE "TrackElement" SET "region" = 838 WHERE "id" = 1328;
INSERT INTO "monitoredBy" VALUES (1328, 1326);
INSERT INTO "TrackElement" ("id") VALUES (1329);
INSERT INTO "Segment" ("id", "length") VALUES (1329, 347);
UPDATE "TrackElement" SET "region" = 838 WHERE "id" = 1329;
INSERT INTO "monitoredBy" VALUES (1329, 1326);
INSERT INTO "TrackElement" ("id") VALUES (1330);
INSERT INTO "Segment" ("id", "length") VALUES (1330, 831);
UPDATE "TrackElement" SET "region" = 838 WHERE "id" = 1330;
INSERT INTO "monitoredBy" VALUES (1330, 1326);
INSERT INTO "TrackElement" ("id") VALUES (1331);
INSERT INTO "Segment" ("id", "length") VALUES (1331, 679);
UPDATE "TrackElement" SET "region" = 838 WHERE "id" = 1331;
INSERT INTO "monitoredBy" VALUES (1331, 1326);
INSERT INTO "Sensor" ("id") VALUES (1332);
UPDATE "Sensor" SET "region" = 838 WHERE "id" = 1332;
INSERT INTO "monitoredBy" VALUES (1312, 1332);
INSERT INTO "requires" VALUES (837, 1332);
INSERT INTO "TrackElement" ("id") VALUES (1333);
INSERT INTO "Segment" ("id", "length") VALUES (1333, 573);
UPDATE "TrackElement" SET "region" = 838 WHERE "id" = 1333;
INSERT INTO "monitoredBy" VALUES (1333, 1332);
INSERT INTO "TrackElement" ("id") VALUES (1334);
INSERT INTO "Segment" ("id", "length") VALUES (1334, -533);
UPDATE "TrackElement" SET "region" = 838 WHERE "id" = 1334;
INSERT INTO "monitoredBy" VALUES (1334, 1332);
INSERT INTO "TrackElement" ("id") VALUES (1335);
INSERT INTO "Segment" ("id", "length") VALUES (1335, 237);
UPDATE "TrackElement" SET "region" = 838 WHERE "id" = 1335;
INSERT INTO "monitoredBy" VALUES (1335, 1332);
INSERT INTO "TrackElement" ("id") VALUES (1336);
INSERT INTO "Segment" ("id", "length") VALUES (1336, 711);
UPDATE "TrackElement" SET "region" = 838 WHERE "id" = 1336;
INSERT INTO "monitoredBy" VALUES (1336, 1332);
INSERT INTO "TrackElement" ("id") VALUES (1337);
INSERT INTO "Segment" ("id", "length") VALUES (1337, 95);
UPDATE "TrackElement" SET "region" = 838 WHERE "id" = 1337;
INSERT INTO "monitoredBy" VALUES (1337, 1332);
INSERT INTO "Sensor" ("id") VALUES (1338);
UPDATE "Sensor" SET "region" = 838 WHERE "id" = 1338;
INSERT INTO "monitoredBy" VALUES (1312, 1338);
INSERT INTO "requires" VALUES (837, 1338);
INSERT INTO "TrackElement" ("id") VALUES (1339);
INSERT INTO "Segment" ("id", "length") VALUES (1339, 773);
UPDATE "TrackElement" SET "region" = 838 WHERE "id" = 1339;
INSERT INTO "monitoredBy" VALUES (1339, 1338);
INSERT INTO "TrackElement" ("id") VALUES (1340);
INSERT INTO "Segment" ("id", "length") VALUES (1340, 669);
UPDATE "TrackElement" SET "region" = 838 WHERE "id" = 1340;
INSERT INTO "monitoredBy" VALUES (1340, 1338);
INSERT INTO "TrackElement" ("id") VALUES (1341);
INSERT INTO "Segment" ("id", "length") VALUES (1341, 386);
UPDATE "TrackElement" SET "region" = 838 WHERE "id" = 1341;
INSERT INTO "monitoredBy" VALUES (1341, 1338);
INSERT INTO "TrackElement" ("id") VALUES (1342);
INSERT INTO "Segment" ("id", "length") VALUES (1342, 628);
UPDATE "TrackElement" SET "region" = 838 WHERE "id" = 1342;
INSERT INTO "monitoredBy" VALUES (1342, 1338);
INSERT INTO "TrackElement" ("id") VALUES (1343);
INSERT INTO "Segment" ("id", "length") VALUES (1343, 340);
UPDATE "TrackElement" SET "region" = 838 WHERE "id" = 1343;
INSERT INTO "monitoredBy" VALUES (1343, 1338);
INSERT INTO "TrackElement" ("id") VALUES (1344);
INSERT INTO "Segment" ("id", "length") VALUES (1344, 50);
UPDATE "TrackElement" SET "region" = 838 WHERE "id" = 1344;
INSERT INTO "monitoredBy" VALUES (1344, 1338);
INSERT INTO "SwitchPosition" ("id", "position", "target") VALUES (1345, 1, 1312);
UPDATE "SwitchPosition" SET "route" = 837 WHERE "id" = 1345;
INSERT INTO "TrackElement" ("id") VALUES (1346);
INSERT INTO "Switch" ("id", "currentPosition") VALUES (1346, 1);
UPDATE "TrackElement" SET "region" = 838 WHERE "id" = 1346;
INSERT INTO "Sensor" ("id") VALUES (1347);
UPDATE "Sensor" SET "region" = 838 WHERE "id" = 1347;
INSERT INTO "monitoredBy" VALUES (1346, 1347);
INSERT INTO "requires" VALUES (837, 1347);
INSERT INTO "TrackElement" ("id") VALUES (1348);
INSERT INTO "Segment" ("id", "length") VALUES (1348, 597);
UPDATE "TrackElement" SET "region" = 838 WHERE "id" = 1348;
INSERT INTO "monitoredBy" VALUES (1348, 1347);
INSERT INTO "TrackElement" ("id") VALUES (1349);
INSERT INTO "Segment" ("id", "length") VALUES (1349, 44);
UPDATE "TrackElement" SET "region" = 838 WHERE "id" = 1349;
INSERT INTO "monitoredBy" VALUES (1349, 1347);
INSERT INTO "TrackElement" ("id") VALUES (1350);
INSERT INTO "Segment" ("id", "length") VALUES (1350, 995);
UPDATE "TrackElement" SET "region" = 838 WHERE "id" = 1350;
INSERT INTO "monitoredBy" VALUES (1350, 1347);
INSERT INTO "TrackElement" ("id") VALUES (1351);
INSERT INTO "Segment" ("id", "length") VALUES (1351, 965);
UPDATE "TrackElement" SET "region" = 838 WHERE "id" = 1351;
INSERT INTO "monitoredBy" VALUES (1351, 1347);
INSERT INTO "TrackElement" ("id") VALUES (1352);
INSERT INTO "Segment" ("id", "length") VALUES (1352, 382);
UPDATE "TrackElement" SET "region" = 838 WHERE "id" = 1352;
INSERT INTO "monitoredBy" VALUES (1352, 1347);
INSERT INTO "Sensor" ("id") VALUES (1353);
UPDATE "Sensor" SET "region" = 838 WHERE "id" = 1353;
INSERT INTO "TrackElement" ("id") VALUES (1354);
INSERT INTO "Segment" ("id", "length") VALUES (1354, 28);
UPDATE "TrackElement" SET "region" = 838 WHERE "id" = 1354;
INSERT INTO "monitoredBy" VALUES (1354, 1353);
INSERT INTO "TrackElement" ("id") VALUES (1355);
INSERT INTO "Segment" ("id", "length") VALUES (1355, 685);
UPDATE "TrackElement" SET "region" = 838 WHERE "id" = 1355;
INSERT INTO "monitoredBy" VALUES (1355, 1353);
INSERT INTO "TrackElement" ("id") VALUES (1356);
INSERT INTO "Segment" ("id", "length") VALUES (1356, 196);
UPDATE "TrackElement" SET "region" = 838 WHERE "id" = 1356;
INSERT INTO "monitoredBy" VALUES (1356, 1353);
INSERT INTO "TrackElement" ("id") VALUES (1357);
INSERT INTO "Segment" ("id", "length") VALUES (1357, 759);
UPDATE "TrackElement" SET "region" = 838 WHERE "id" = 1357;
INSERT INTO "monitoredBy" VALUES (1357, 1353);
INSERT INTO "TrackElement" ("id") VALUES (1358);
INSERT INTO "Segment" ("id", "length") VALUES (1358, 953);
UPDATE "TrackElement" SET "region" = 838 WHERE "id" = 1358;
INSERT INTO "monitoredBy" VALUES (1358, 1353);
INSERT INTO "Sensor" ("id") VALUES (1359);
UPDATE "Sensor" SET "region" = 838 WHERE "id" = 1359;
INSERT INTO "monitoredBy" VALUES (1346, 1359);
INSERT INTO "requires" VALUES (837, 1359);
INSERT INTO "TrackElement" ("id") VALUES (1360);
INSERT INTO "Segment" ("id", "length") VALUES (1360, 233);
UPDATE "TrackElement" SET "region" = 838 WHERE "id" = 1360;
INSERT INTO "monitoredBy" VALUES (1360, 1359);
INSERT INTO "TrackElement" ("id") VALUES (1361);
INSERT INTO "Segment" ("id", "length") VALUES (1361, 473);
UPDATE "TrackElement" SET "region" = 838 WHERE "id" = 1361;
INSERT INTO "monitoredBy" VALUES (1361, 1359);
INSERT INTO "TrackElement" ("id") VALUES (1362);
INSERT INTO "Segment" ("id", "length") VALUES (1362, -237);
UPDATE "TrackElement" SET "region" = 838 WHERE "id" = 1362;
INSERT INTO "monitoredBy" VALUES (1362, 1359);
INSERT INTO "TrackElement" ("id") VALUES (1363);
INSERT INTO "Segment" ("id", "length") VALUES (1363, 514);
UPDATE "TrackElement" SET "region" = 838 WHERE "id" = 1363;
INSERT INTO "monitoredBy" VALUES (1363, 1359);
INSERT INTO "TrackElement" ("id") VALUES (1364);
INSERT INTO "Segment" ("id", "length") VALUES (1364, 466);
UPDATE "TrackElement" SET "region" = 838 WHERE "id" = 1364;
INSERT INTO "monitoredBy" VALUES (1364, 1359);
INSERT INTO "Sensor" ("id") VALUES (1365);
UPDATE "Sensor" SET "region" = 838 WHERE "id" = 1365;
INSERT INTO "monitoredBy" VALUES (1346, 1365);
INSERT INTO "requires" VALUES (837, 1365);
INSERT INTO "TrackElement" ("id") VALUES (1366);
INSERT INTO "Segment" ("id", "length") VALUES (1366, 214);
UPDATE "TrackElement" SET "region" = 838 WHERE "id" = 1366;
INSERT INTO "monitoredBy" VALUES (1366, 1365);
INSERT INTO "TrackElement" ("id") VALUES (1367);
INSERT INTO "Segment" ("id", "length") VALUES (1367, 987);
UPDATE "TrackElement" SET "region" = 838 WHERE "id" = 1367;
INSERT INTO "monitoredBy" VALUES (1367, 1365);
INSERT INTO "TrackElement" ("id") VALUES (1368);
INSERT INTO "Segment" ("id", "length") VALUES (1368, 574);
UPDATE "TrackElement" SET "region" = 838 WHERE "id" = 1368;
INSERT INTO "monitoredBy" VALUES (1368, 1365);
INSERT INTO "TrackElement" ("id") VALUES (1369);
INSERT INTO "Segment" ("id", "length") VALUES (1369, 429);
UPDATE "TrackElement" SET "region" = 838 WHERE "id" = 1369;
INSERT INTO "monitoredBy" VALUES (1369, 1365);
INSERT INTO "TrackElement" ("id") VALUES (1370);
INSERT INTO "Segment" ("id", "length") VALUES (1370, 868);
UPDATE "TrackElement" SET "region" = 838 WHERE "id" = 1370;
INSERT INTO "monitoredBy" VALUES (1370, 1365);
INSERT INTO "Sensor" ("id") VALUES (1371);
UPDATE "Sensor" SET "region" = 838 WHERE "id" = 1371;
INSERT INTO "monitoredBy" VALUES (1346, 1371);
INSERT INTO "requires" VALUES (837, 1371);
INSERT INTO "TrackElement" ("id") VALUES (1372);
INSERT INTO "Segment" ("id", "length") VALUES (1372, 972);
UPDATE "TrackElement" SET "region" = 838 WHERE "id" = 1372;
INSERT INTO "monitoredBy" VALUES (1372, 1371);
INSERT INTO "TrackElement" ("id") VALUES (1373);
INSERT INTO "Segment" ("id", "length") VALUES (1373, 938);
UPDATE "TrackElement" SET "region" = 838 WHERE "id" = 1373;
INSERT INTO "monitoredBy" VALUES (1373, 1371);
INSERT INTO "TrackElement" ("id") VALUES (1374);
INSERT INTO "Segment" ("id", "length") VALUES (1374, 708);
UPDATE "TrackElement" SET "region" = 838 WHERE "id" = 1374;
INSERT INTO "monitoredBy" VALUES (1374, 1371);
INSERT INTO "TrackElement" ("id") VALUES (1375);
INSERT INTO "Segment" ("id", "length") VALUES (1375, 675);
UPDATE "TrackElement" SET "region" = 838 WHERE "id" = 1375;
INSERT INTO "monitoredBy" VALUES (1375, 1371);
INSERT INTO "TrackElement" ("id") VALUES (1376);
INSERT INTO "Segment" ("id", "length") VALUES (1376, 669);
UPDATE "TrackElement" SET "region" = 838 WHERE "id" = 1376;
INSERT INTO "monitoredBy" VALUES (1376, 1371);
INSERT INTO "SwitchPosition" ("id", "position", "target") VALUES (1377, 1, 1346);
UPDATE "SwitchPosition" SET "route" = 837 WHERE "id" = 1377;
INSERT INTO "connectsTo" VALUES (839, 841);
INSERT INTO "connectsTo" VALUES (841, 842);
INSERT INTO "connectsTo" VALUES (842, 843);
INSERT INTO "connectsTo" VALUES (843, 844);
INSERT INTO "connectsTo" VALUES (844, 845);
INSERT INTO "connectsTo" VALUES (845, 847);
INSERT INTO "connectsTo" VALUES (847, 848);
INSERT INTO "connectsTo" VALUES (848, 849);
INSERT INTO "connectsTo" VALUES (849, 850);
INSERT INTO "connectsTo" VALUES (850, 851);
INSERT INTO "connectsTo" VALUES (851, 853);
INSERT INTO "connectsTo" VALUES (853, 854);
INSERT INTO "connectsTo" VALUES (854, 855);
INSERT INTO "connectsTo" VALUES (855, 856);
INSERT INTO "connectsTo" VALUES (856, 857);
INSERT INTO "connectsTo" VALUES (857, 859);
INSERT INTO "connectsTo" VALUES (859, 860);
INSERT INTO "connectsTo" VALUES (860, 861);
INSERT INTO "connectsTo" VALUES (861, 862);
INSERT INTO "connectsTo" VALUES (862, 863);
INSERT INTO "connectsTo" VALUES (863, 865);
INSERT INTO "connectsTo" VALUES (865, 866);
INSERT INTO "connectsTo" VALUES (866, 867);
INSERT INTO "connectsTo" VALUES (867, 868);
INSERT INTO "connectsTo" VALUES (868, 869);
INSERT INTO "connectsTo" VALUES (869, 871);
INSERT INTO "connectsTo" VALUES (871, 872);
INSERT INTO "connectsTo" VALUES (872, 873);
INSERT INTO "connectsTo" VALUES (873, 874);
INSERT INTO "connectsTo" VALUES (874, 875);
INSERT INTO "connectsTo" VALUES (875, 877);
INSERT INTO "connectsTo" VALUES (877, 879);
INSERT INTO "connectsTo" VALUES (879, 880);
INSERT INTO "connectsTo" VALUES (880, 881);
INSERT INTO "connectsTo" VALUES (881, 882);
INSERT INTO "connectsTo" VALUES (882, 883);
INSERT INTO "connectsTo" VALUES (883, 885);
INSERT INTO "connectsTo" VALUES (885, 886);
INSERT INTO "connectsTo" VALUES (886, 887);
INSERT INTO "connectsTo" VALUES (887, 888);
INSERT INTO "connectsTo" VALUES (888, 889);
INSERT INTO "connectsTo" VALUES (889, 891);
INSERT INTO "connectsTo" VALUES (891, 892);
INSERT INTO "connectsTo" VALUES (892, 893);
INSERT INTO "connectsTo" VALUES (893, 894);
INSERT INTO "connectsTo" VALUES (894, 895);
INSERT INTO "connectsTo" VALUES (895, 897);
INSERT INTO "connectsTo" VALUES (897, 898);
INSERT INTO "connectsTo" VALUES (898, 899);
INSERT INTO "connectsTo" VALUES (899, 900);
INSERT INTO "connectsTo" VALUES (900, 901);
INSERT INTO "connectsTo" VALUES (901, 903);
INSERT INTO "connectsTo" VALUES (903, 904);
INSERT INTO "connectsTo" VALUES (904, 905);
INSERT INTO "connectsTo" VALUES (905, 906);
INSERT INTO "connectsTo" VALUES (906, 907);
INSERT INTO "connectsTo" VALUES (907, 909);
INSERT INTO "connectsTo" VALUES (909, 910);
INSERT INTO "connectsTo" VALUES (910, 911);
INSERT INTO "connectsTo" VALUES (911, 912);
INSERT INTO "connectsTo" VALUES (912, 913);
INSERT INTO "connectsTo" VALUES (913, 915);
INSERT INTO "connectsTo" VALUES (915, 916);
INSERT INTO "connectsTo" VALUES (916, 917);
INSERT INTO "connectsTo" VALUES (917, 918);
INSERT INTO "connectsTo" VALUES (918, 919);
INSERT INTO "connectsTo" VALUES (919, 921);
INSERT INTO "connectsTo" VALUES (921, 923);
INSERT INTO "connectsTo" VALUES (923, 924);
INSERT INTO "connectsTo" VALUES (924, 925);
INSERT INTO "connectsTo" VALUES (925, 926);
INSERT INTO "connectsTo" VALUES (926, 927);
INSERT INTO "connectsTo" VALUES (927, 929);
INSERT INTO "connectsTo" VALUES (929, 930);
INSERT INTO "connectsTo" VALUES (930, 931);
INSERT INTO "connectsTo" VALUES (931, 932);
INSERT INTO "connectsTo" VALUES (932, 933);
INSERT INTO "connectsTo" VALUES (933, 935);
INSERT INTO "connectsTo" VALUES (935, 936);
INSERT INTO "connectsTo" VALUES (936, 937);
INSERT INTO "connectsTo" VALUES (937, 938);
INSERT INTO "connectsTo" VALUES (938, 939);
INSERT INTO "connectsTo" VALUES (939, 940);
INSERT INTO "connectsTo" VALUES (940, 942);
INSERT INTO "connectsTo" VALUES (942, 943);
INSERT INTO "connectsTo" VALUES (943, 944);
INSERT INTO "connectsTo" VALUES (944, 945);
INSERT INTO "connectsTo" VALUES (945, 946);
INSERT INTO "connectsTo" VALUES (946, 948);
INSERT INTO "connectsTo" VALUES (948, 949);
INSERT INTO "connectsTo" VALUES (949, 950);
INSERT INTO "connectsTo" VALUES (950, 951);
INSERT INTO "connectsTo" VALUES (951, 952);
INSERT INTO "connectsTo" VALUES (952, 954);
INSERT INTO "connectsTo" VALUES (954, 955);
INSERT INTO "connectsTo" VALUES (955, 956);
INSERT INTO "connectsTo" VALUES (956, 957);
INSERT INTO "connectsTo" VALUES (957, 958);
INSERT INTO "connectsTo" VALUES (958, 960);
INSERT INTO "connectsTo" VALUES (960, 961);
INSERT INTO "connectsTo" VALUES (961, 962);
INSERT INTO "connectsTo" VALUES (962, 963);
INSERT INTO "connectsTo" VALUES (963, 964);
INSERT INTO "connectsTo" VALUES (964, 966);
INSERT INTO "connectsTo" VALUES (966, 967);
INSERT INTO "connectsTo" VALUES (967, 968);
INSERT INTO "connectsTo" VALUES (968, 969);
INSERT INTO "connectsTo" VALUES (969, 970);
INSERT INTO "connectsTo" VALUES (970, 972);
INSERT INTO "connectsTo" VALUES (972, 974);
INSERT INTO "connectsTo" VALUES (974, 975);
INSERT INTO "connectsTo" VALUES (975, 976);
INSERT INTO "connectsTo" VALUES (976, 977);
INSERT INTO "connectsTo" VALUES (977, 978);
INSERT INTO "connectsTo" VALUES (978, 980);
INSERT INTO "connectsTo" VALUES (980, 982);
INSERT INTO "connectsTo" VALUES (982, 983);
INSERT INTO "connectsTo" VALUES (983, 984);
INSERT INTO "connectsTo" VALUES (984, 985);
INSERT INTO "connectsTo" VALUES (985, 986);
INSERT INTO "connectsTo" VALUES (986, 988);
INSERT INTO "connectsTo" VALUES (988, 989);
INSERT INTO "connectsTo" VALUES (989, 990);
INSERT INTO "connectsTo" VALUES (990, 991);
INSERT INTO "connectsTo" VALUES (991, 992);
INSERT INTO "connectsTo" VALUES (992, 994);
INSERT INTO "connectsTo" VALUES (994, 995);
INSERT INTO "connectsTo" VALUES (995, 996);
INSERT INTO "connectsTo" VALUES (996, 997);
INSERT INTO "connectsTo" VALUES (997, 998);
INSERT INTO "connectsTo" VALUES (998, 1000);
INSERT INTO "connectsTo" VALUES (1000, 1001);
INSERT INTO "connectsTo" VALUES (1001, 1002);
INSERT INTO "connectsTo" VALUES (1002, 1003);
INSERT INTO "connectsTo" VALUES (1003, 1004);
INSERT INTO "connectsTo" VALUES (1004, 1006);
INSERT INTO "connectsTo" VALUES (1006, 1007);
INSERT INTO "connectsTo" VALUES (1007, 1008);
INSERT INTO "connectsTo" VALUES (1008, 1009);
INSERT INTO "connectsTo" VALUES (1009, 1010);
INSERT INTO "connectsTo" VALUES (1010, 1012);
INSERT INTO "connectsTo" VALUES (1012, 1014);
INSERT INTO "connectsTo" VALUES (1014, 1015);
INSERT INTO "connectsTo" VALUES (1015, 1016);
INSERT INTO "connectsTo" VALUES (1016, 1017);
INSERT INTO "connectsTo" VALUES (1017, 1018);
INSERT INTO "connectsTo" VALUES (1018, 1020);
INSERT INTO "connectsTo" VALUES (1020, 1021);
INSERT INTO "connectsTo" VALUES (1021, 1022);
INSERT INTO "connectsTo" VALUES (1022, 1023);
INSERT INTO "connectsTo" VALUES (1023, 1024);
INSERT INTO "connectsTo" VALUES (1024, 1026);
INSERT INTO "connectsTo" VALUES (1026, 1028);
INSERT INTO "connectsTo" VALUES (1028, 1029);
INSERT INTO "connectsTo" VALUES (1029, 1030);
INSERT INTO "connectsTo" VALUES (1030, 1031);
INSERT INTO "connectsTo" VALUES (1031, 1032);
INSERT INTO "connectsTo" VALUES (1032, 1034);
INSERT INTO "connectsTo" VALUES (1034, 1035);
INSERT INTO "connectsTo" VALUES (1035, 1036);
INSERT INTO "connectsTo" VALUES (1036, 1037);
INSERT INTO "connectsTo" VALUES (1037, 1038);
INSERT INTO "connectsTo" VALUES (1038, 1040);
INSERT INTO "connectsTo" VALUES (1040, 1041);
INSERT INTO "connectsTo" VALUES (1041, 1042);
INSERT INTO "connectsTo" VALUES (1042, 1043);
INSERT INTO "connectsTo" VALUES (1043, 1044);
INSERT INTO "connectsTo" VALUES (1044, 1046);
INSERT INTO "connectsTo" VALUES (1046, 1047);
INSERT INTO "connectsTo" VALUES (1047, 1048);
INSERT INTO "connectsTo" VALUES (1048, 1049);
INSERT INTO "connectsTo" VALUES (1049, 1050);
INSERT INTO "connectsTo" VALUES (1050, 1052);
INSERT INTO "connectsTo" VALUES (1052, 1053);
INSERT INTO "connectsTo" VALUES (1053, 1054);
INSERT INTO "connectsTo" VALUES (1054, 1055);
INSERT INTO "connectsTo" VALUES (1055, 1056);
INSERT INTO "connectsTo" VALUES (1056, 1058);
INSERT INTO "connectsTo" VALUES (1058, 1059);
INSERT INTO "connectsTo" VALUES (1059, 1060);
INSERT INTO "connectsTo" VALUES (1060, 1061);
INSERT INTO "connectsTo" VALUES (1061, 1062);
INSERT INTO "connectsTo" VALUES (1062, 1064);
INSERT INTO "connectsTo" VALUES (1064, 1065);
INSERT INTO "connectsTo" VALUES (1065, 1066);
INSERT INTO "connectsTo" VALUES (1066, 1067);
INSERT INTO "connectsTo" VALUES (1067, 1068);
INSERT INTO "connectsTo" VALUES (1068, 1070);
INSERT INTO "connectsTo" VALUES (1070, 1071);
INSERT INTO "connectsTo" VALUES (1071, 1072);
INSERT INTO "connectsTo" VALUES (1072, 1073);
INSERT INTO "connectsTo" VALUES (1073, 1074);
INSERT INTO "connectsTo" VALUES (1074, 1076);
INSERT INTO "connectsTo" VALUES (1076, 1078);
INSERT INTO "connectsTo" VALUES (1078, 1079);
INSERT INTO "connectsTo" VALUES (1079, 1080);
INSERT INTO "connectsTo" VALUES (1080, 1081);
INSERT INTO "connectsTo" VALUES (1081, 1082);
INSERT INTO "connectsTo" VALUES (1082, 1084);
INSERT INTO "connectsTo" VALUES (1084, 1085);
INSERT INTO "connectsTo" VALUES (1085, 1086);
INSERT INTO "connectsTo" VALUES (1086, 1087);
INSERT INTO "connectsTo" VALUES (1087, 1088);
INSERT INTO "connectsTo" VALUES (1088, 1090);
INSERT INTO "connectsTo" VALUES (1090, 1091);
INSERT INTO "connectsTo" VALUES (1091, 1092);
INSERT INTO "connectsTo" VALUES (1092, 1093);
INSERT INTO "connectsTo" VALUES (1093, 1094);
INSERT INTO "connectsTo" VALUES (1094, 1096);
INSERT INTO "connectsTo" VALUES (1096, 1097);
INSERT INTO "connectsTo" VALUES (1097, 1098);
INSERT INTO "connectsTo" VALUES (1098, 1099);
INSERT INTO "connectsTo" VALUES (1099, 1100);
INSERT INTO "connectsTo" VALUES (1100, 1101);
INSERT INTO "connectsTo" VALUES (1101, 1103);
INSERT INTO "connectsTo" VALUES (1103, 1104);
INSERT INTO "connectsTo" VALUES (1104, 1105);
INSERT INTO "connectsTo" VALUES (1105, 1106);
INSERT INTO "connectsTo" VALUES (1106, 1107);
INSERT INTO "connectsTo" VALUES (1107, 1109);
INSERT INTO "connectsTo" VALUES (1109, 1110);
INSERT INTO "connectsTo" VALUES (1110, 1111);
INSERT INTO "connectsTo" VALUES (1111, 1112);
INSERT INTO "connectsTo" VALUES (1112, 1113);
INSERT INTO "connectsTo" VALUES (1113, 1115);
INSERT INTO "connectsTo" VALUES (1115, 1116);
INSERT INTO "connectsTo" VALUES (1116, 1117);
INSERT INTO "connectsTo" VALUES (1117, 1118);
INSERT INTO "connectsTo" VALUES (1118, 1119);
INSERT INTO "connectsTo" VALUES (1119, 1121);
INSERT INTO "connectsTo" VALUES (1121, 1122);
INSERT INTO "connectsTo" VALUES (1122, 1123);
INSERT INTO "connectsTo" VALUES (1123, 1124);
INSERT INTO "connectsTo" VALUES (1124, 1125);
INSERT INTO "connectsTo" VALUES (1125, 1127);
INSERT INTO "connectsTo" VALUES (1127, 1129);
INSERT INTO "connectsTo" VALUES (1129, 1130);
INSERT INTO "connectsTo" VALUES (1130, 1131);
INSERT INTO "connectsTo" VALUES (1131, 1132);
INSERT INTO "connectsTo" VALUES (1132, 1133);
INSERT INTO "connectsTo" VALUES (1133, 1135);
INSERT INTO "connectsTo" VALUES (1135, 1136);
INSERT INTO "connectsTo" VALUES (1136, 1137);
INSERT INTO "connectsTo" VALUES (1137, 1138);
INSERT INTO "connectsTo" VALUES (1138, 1139);
INSERT INTO "connectsTo" VALUES (1139, 1141);
INSERT INTO "connectsTo" VALUES (1141, 1142);
INSERT INTO "connectsTo" VALUES (1142, 1143);
INSERT INTO "connectsTo" VALUES (1143, 1144);
INSERT INTO "connectsTo" VALUES (1144, 1145);
INSERT INTO "connectsTo" VALUES (1145, 1147);
INSERT INTO "connectsTo" VALUES (1147, 1148);
INSERT INTO "connectsTo" VALUES (1148, 1149);
INSERT INTO "connectsTo" VALUES (1149, 1150);
INSERT INTO "connectsTo" VALUES (1150, 1151);
INSERT INTO "connectsTo" VALUES (1151, 1153);
INSERT INTO "connectsTo" VALUES (1153, 1154);
INSERT INTO "connectsTo" VALUES (1154, 1155);
INSERT INTO "connectsTo" VALUES (1155, 1156);
INSERT INTO "connectsTo" VALUES (1156, 1157);
INSERT INTO "connectsTo" VALUES (1157, 1159);
INSERT INTO "connectsTo" VALUES (1159, 1160);
INSERT INTO "connectsTo" VALUES (1160, 1161);
INSERT INTO "connectsTo" VALUES (1161, 1162);
INSERT INTO "connectsTo" VALUES (1162, 1163);
INSERT INTO "connectsTo" VALUES (1163, 1165);
INSERT INTO "connectsTo" VALUES (1165, 1166);
INSERT INTO "connectsTo" VALUES (1166, 1167);
INSERT INTO "connectsTo" VALUES (1167, 1168);
INSERT INTO "connectsTo" VALUES (1168, 1169);
INSERT INTO "connectsTo" VALUES (1169, 1171);
INSERT INTO "connectsTo" VALUES (1171, 1173);
INSERT INTO "connectsTo" VALUES (1173, 1174);
INSERT INTO "connectsTo" VALUES (1174, 1175);
INSERT INTO "connectsTo" VALUES (1175, 1176);
INSERT INTO "connectsTo" VALUES (1176, 1177);
INSERT INTO "connectsTo" VALUES (1177, 1179);
INSERT INTO "connectsTo" VALUES (1179, 1180);
INSERT INTO "connectsTo" VALUES (1180, 1181);
INSERT INTO "connectsTo" VALUES (1181, 1182);
INSERT INTO "connectsTo" VALUES (1182, 1183);
INSERT INTO "connectsTo" VALUES (1183, 1185);
INSERT INTO "connectsTo" VALUES (1185, 1186);
INSERT INTO "connectsTo" VALUES (1186, 1187);
INSERT INTO "connectsTo" VALUES (1187, 1188);
INSERT INTO "connectsTo" VALUES (1188, 1189);
INSERT INTO "connectsTo" VALUES (1189, 1191);
INSERT INTO "connectsTo" VALUES (1191, 1192);
INSERT INTO "connectsTo" VALUES (1192, 1193);
INSERT INTO "connectsTo" VALUES (1193, 1194);
INSERT INTO "connectsTo" VALUES (1194, 1195);
INSERT INTO "connectsTo" VALUES (1195, 1197);
INSERT INTO "connectsTo" VALUES (1197, 1198);
INSERT INTO "connectsTo" VALUES (1198, 1199);
INSERT INTO "connectsTo" VALUES (1199, 1200);
INSERT INTO "connectsTo" VALUES (1200, 1201);
INSERT INTO "connectsTo" VALUES (1201, 1203);
INSERT INTO "connectsTo" VALUES (1203, 1204);
INSERT INTO "connectsTo" VALUES (1204, 1205);
INSERT INTO "connectsTo" VALUES (1205, 1206);
INSERT INTO "connectsTo" VALUES (1206, 1207);
INSERT INTO "connectsTo" VALUES (1207, 1209);
INSERT INTO "connectsTo" VALUES (1209, 1210);
INSERT INTO "connectsTo" VALUES (1210, 1211);
INSERT INTO "connectsTo" VALUES (1211, 1212);
INSERT INTO "connectsTo" VALUES (1212, 1213);
INSERT INTO "connectsTo" VALUES (1213, 1214);
INSERT INTO "connectsTo" VALUES (1214, 1216);
INSERT INTO "connectsTo" VALUES (1216, 1217);
INSERT INTO "connectsTo" VALUES (1217, 1218);
INSERT INTO "connectsTo" VALUES (1218, 1219);
INSERT INTO "connectsTo" VALUES (1219, 1220);
INSERT INTO "connectsTo" VALUES (1220, 1222);
INSERT INTO "connectsTo" VALUES (1222, 1223);
INSERT INTO "connectsTo" VALUES (1223, 1224);
INSERT INTO "connectsTo" VALUES (1224, 1225);
INSERT INTO "connectsTo" VALUES (1225, 1226);
INSERT INTO "connectsTo" VALUES (1226, 1228);
INSERT INTO "connectsTo" VALUES (1228, 1230);
INSERT INTO "connectsTo" VALUES (1230, 1231);
INSERT INTO "connectsTo" VALUES (1231, 1232);
INSERT INTO "connectsTo" VALUES (1232, 1233);
INSERT INTO "connectsTo" VALUES (1233, 1234);
INSERT INTO "connectsTo" VALUES (1234, 1236);
INSERT INTO "connectsTo" VALUES (1236, 1237);
INSERT INTO "connectsTo" VALUES (1237, 1238);
INSERT INTO "connectsTo" VALUES (1238, 1239);
INSERT INTO "connectsTo" VALUES (1239, 1240);
INSERT INTO "connectsTo" VALUES (1240, 1242);
INSERT INTO "connectsTo" VALUES (1242, 1243);
INSERT INTO "connectsTo" VALUES (1243, 1244);
INSERT INTO "connectsTo" VALUES (1244, 1245);
INSERT INTO "connectsTo" VALUES (1245, 1246);
INSERT INTO "connectsTo" VALUES (1246, 1248);
INSERT INTO "connectsTo" VALUES (1248, 1249);
INSERT INTO "connectsTo" VALUES (1249, 1250);
INSERT INTO "connectsTo" VALUES (1250, 1251);
INSERT INTO "connectsTo" VALUES (1251, 1252);
INSERT INTO "connectsTo" VALUES (1252, 1254);
INSERT INTO "connectsTo" VALUES (1254, 1255);
INSERT INTO "connectsTo" VALUES (1255, 1256);
INSERT INTO "connectsTo" VALUES (1256, 1257);
INSERT INTO "connectsTo" VALUES (1257, 1258);
INSERT INTO "connectsTo" VALUES (1258, 1260);
INSERT INTO "connectsTo" VALUES (1260, 1262);
INSERT INTO "connectsTo" VALUES (1262, 1263);
INSERT INTO "connectsTo" VALUES (1263, 1264);
INSERT INTO "connectsTo" VALUES (1264, 1265);
INSERT INTO "connectsTo" VALUES (1265, 1266);
INSERT INTO "connectsTo" VALUES (1266, 1268);
INSERT INTO "connectsTo" VALUES (1268, 1269);
INSERT INTO "connectsTo" VALUES (1269, 1270);
INSERT INTO "connectsTo" VALUES (1270, 1271);
INSERT INTO "connectsTo" VALUES (1271, 1272);
INSERT INTO "connectsTo" VALUES (1272, 1274);
INSERT INTO "connectsTo" VALUES (1274, 1276);
INSERT INTO "connectsTo" VALUES (1276, 1277);
INSERT INTO "connectsTo" VALUES (1277, 1278);
INSERT INTO "connectsTo" VALUES (1278, 1279);
INSERT INTO "connectsTo" VALUES (1279, 1280);
INSERT INTO "connectsTo" VALUES (1280, 1282);
INSERT INTO "connectsTo" VALUES (1282, 1283);
INSERT INTO "connectsTo" VALUES (1283, 1284);
INSERT INTO "connectsTo" VALUES (1284, 1285);
INSERT INTO "connectsTo" VALUES (1285, 1286);
INSERT INTO "connectsTo" VALUES (1286, 1288);
INSERT INTO "connectsTo" VALUES (1288, 1289);
INSERT INTO "connectsTo" VALUES (1289, 1290);
INSERT INTO "connectsTo" VALUES (1290, 1291);
INSERT INTO "connectsTo" VALUES (1291, 1292);
INSERT INTO "connectsTo" VALUES (1292, 1294);
INSERT INTO "connectsTo" VALUES (1294, 1295);
INSERT INTO "connectsTo" VALUES (1295, 1296);
INSERT INTO "connectsTo" VALUES (1296, 1297);
INSERT INTO "connectsTo" VALUES (1297, 1298);
INSERT INTO "connectsTo" VALUES (1298, 1300);
INSERT INTO "connectsTo" VALUES (1300, 1301);
INSERT INTO "connectsTo" VALUES (1301, 1302);
INSERT INTO "connectsTo" VALUES (1302, 1303);
INSERT INTO "connectsTo" VALUES (1303, 1304);
INSERT INTO "connectsTo" VALUES (1304, 1306);
INSERT INTO "connectsTo" VALUES (1306, 1307);
INSERT INTO "connectsTo" VALUES (1307, 1308);
INSERT INTO "connectsTo" VALUES (1308, 1309);
INSERT INTO "connectsTo" VALUES (1309, 1310);
INSERT INTO "connectsTo" VALUES (1310, 1312);
INSERT INTO "connectsTo" VALUES (1312, 1314);
INSERT INTO "connectsTo" VALUES (1314, 1315);
INSERT INTO "connectsTo" VALUES (1315, 1316);
INSERT INTO "connectsTo" VALUES (1316, 1317);
INSERT INTO "connectsTo" VALUES (1317, 1318);
INSERT INTO "connectsTo" VALUES (1318, 1320);
INSERT INTO "connectsTo" VALUES (1320, 1321);
INSERT INTO "connectsTo" VALUES (1321, 1322);
INSERT INTO "connectsTo" VALUES (1322, 1323);
INSERT INTO "connectsTo" VALUES (1323, 1324);
INSERT INTO "connectsTo" VALUES (1324, 1325);
INSERT INTO "connectsTo" VALUES (1325, 1327);
INSERT INTO "connectsTo" VALUES (1327, 1328);
INSERT INTO "connectsTo" VALUES (1328, 1329);
INSERT INTO "connectsTo" VALUES (1329, 1330);
INSERT INTO "connectsTo" VALUES (1330, 1331);
INSERT INTO "connectsTo" VALUES (1331, 1333);
INSERT INTO "connectsTo" VALUES (1333, 1334);
INSERT INTO "connectsTo" VALUES (1334, 1335);
INSERT INTO "connectsTo" VALUES (1335, 1336);
INSERT INTO "connectsTo" VALUES (1336, 1337);
INSERT INTO "connectsTo" VALUES (1337, 1339);
INSERT INTO "connectsTo" VALUES (1339, 1340);
INSERT INTO "connectsTo" VALUES (1340, 1341);
INSERT INTO "connectsTo" VALUES (1341, 1342);
INSERT INTO "connectsTo" VALUES (1342, 1343);
INSERT INTO "connectsTo" VALUES (1343, 1344);
INSERT INTO "connectsTo" VALUES (1344, 1346);
INSERT INTO "connectsTo" VALUES (1346, 1348);
INSERT INTO "connectsTo" VALUES (1348, 1349);
INSERT INTO "connectsTo" VALUES (1349, 1350);
INSERT INTO "connectsTo" VALUES (1350, 1351);
INSERT INTO "connectsTo" VALUES (1351, 1352);
INSERT INTO "connectsTo" VALUES (1352, 1354);
INSERT INTO "connectsTo" VALUES (1354, 1355);
INSERT INTO "connectsTo" VALUES (1355, 1356);
INSERT INTO "connectsTo" VALUES (1356, 1357);
INSERT INTO "connectsTo" VALUES (1357, 1358);
INSERT INTO "connectsTo" VALUES (1358, 1360);
INSERT INTO "connectsTo" VALUES (1360, 1361);
INSERT INTO "connectsTo" VALUES (1361, 1362);
INSERT INTO "connectsTo" VALUES (1362, 1363);
INSERT INTO "connectsTo" VALUES (1363, 1364);
INSERT INTO "connectsTo" VALUES (1364, 1366);
INSERT INTO "connectsTo" VALUES (1366, 1367);
INSERT INTO "connectsTo" VALUES (1367, 1368);
INSERT INTO "connectsTo" VALUES (1368, 1369);
INSERT INTO "connectsTo" VALUES (1369, 1370);
INSERT INTO "connectsTo" VALUES (1370, 1372);
INSERT INTO "connectsTo" VALUES (1372, 1373);
INSERT INTO "connectsTo" VALUES (1373, 1374);
INSERT INTO "connectsTo" VALUES (1374, 1375);
INSERT INTO "connectsTo" VALUES (1375, 1376);
INSERT INTO "connectsTo" VALUES (834, 839);
INSERT INTO "Semaphore" ("id", "signal") VALUES (1378, 2);
INSERT INTO "Route" ("id", "active", "entry", "exit") VALUES (1379, 1, NULL, 1378);
INSERT INTO "Region" ("id") VALUES (1380);
INSERT INTO "TrackElement" ("id") VALUES (1381);
INSERT INTO "Switch" ("id", "currentPosition") VALUES (1381, 0);
UPDATE "TrackElement" SET "region" = 1380 WHERE "id" = 1381;
INSERT INTO "Sensor" ("id") VALUES (1382);
UPDATE "Sensor" SET "region" = 1380 WHERE "id" = 1382;
INSERT INTO "monitoredBy" VALUES (1381, 1382);
INSERT INTO "requires" VALUES (1379, 1382);
INSERT INTO "TrackElement" ("id") VALUES (1383);
INSERT INTO "Segment" ("id", "length") VALUES (1383, 573);
UPDATE "TrackElement" SET "region" = 1380 WHERE "id" = 1383;
INSERT INTO "monitoredBy" VALUES (1383, 1382);
UPDATE "Semaphore" SET "segment" = 1383 WHERE "id" = 1378;
INSERT INTO "TrackElement" ("id") VALUES (1384);
INSERT INTO "Segment" ("id", "length") VALUES (1384, -972);
UPDATE "TrackElement" SET "region" = 1380 WHERE "id" = 1384;
INSERT INTO "monitoredBy" VALUES (1384, 1382);
INSERT INTO "TrackElement" ("id") VALUES (1385);
INSERT INTO "Segment" ("id", "length") VALUES (1385, 220);
UPDATE "TrackElement" SET "region" = 1380 WHERE "id" = 1385;
INSERT INTO "monitoredBy" VALUES (1385, 1382);
INSERT INTO "TrackElement" ("id") VALUES (1386);
INSERT INTO "Segment" ("id", "length") VALUES (1386, 44);
UPDATE "TrackElement" SET "region" = 1380 WHERE "id" = 1386;
INSERT INTO "monitoredBy" VALUES (1386, 1382);
INSERT INTO "TrackElement" ("id") VALUES (1387);
INSERT INTO "Segment" ("id", "length") VALUES (1387, 319);
UPDATE "TrackElement" SET "region" = 1380 WHERE "id" = 1387;
INSERT INTO "monitoredBy" VALUES (1387, 1382);
INSERT INTO "Sensor" ("id") VALUES (1388);
UPDATE "Sensor" SET "region" = 1380 WHERE "id" = 1388;
INSERT INTO "monitoredBy" VALUES (1381, 1388);
INSERT INTO "requires" VALUES (1379, 1388);
INSERT INTO "TrackElement" ("id") VALUES (1389);
INSERT INTO "Segment" ("id", "length") VALUES (1389, 696);
UPDATE "TrackElement" SET "region" = 1380 WHERE "id" = 1389;
INSERT INTO "monitoredBy" VALUES (1389, 1388);
INSERT INTO "TrackElement" ("id") VALUES (1390);
INSERT INTO "Segment" ("id", "length") VALUES (1390, 706);
UPDATE "TrackElement" SET "region" = 1380 WHERE "id" = 1390;
INSERT INTO "monitoredBy" VALUES (1390, 1388);
INSERT INTO "TrackElement" ("id") VALUES (1391);
INSERT INTO "Segment" ("id", "length") VALUES (1391, -672);
UPDATE "TrackElement" SET "region" = 1380 WHERE "id" = 1391;
INSERT INTO "monitoredBy" VALUES (1391, 1388);
INSERT INTO "TrackElement" ("id") VALUES (1392);
INSERT INTO "Segment" ("id", "length") VALUES (1392, 35);
UPDATE "TrackElement" SET "region" = 1380 WHERE "id" = 1392;
INSERT INTO "monitoredBy" VALUES (1392, 1388);
INSERT INTO "TrackElement" ("id") VALUES (1393);
INSERT INTO "Segment" ("id", "length") VALUES (1393, 493);
UPDATE "TrackElement" SET "region" = 1380 WHERE "id" = 1393;
INSERT INTO "monitoredBy" VALUES (1393, 1388);
INSERT INTO "Sensor" ("id") VALUES (1394);
UPDATE "Sensor" SET "region" = 1380 WHERE "id" = 1394;
INSERT INTO "monitoredBy" VALUES (1381, 1394);
INSERT INTO "requires" VALUES (1379, 1394);
INSERT INTO "TrackElement" ("id") VALUES (1395);
INSERT INTO "Segment" ("id", "length") VALUES (1395, 383);
UPDATE "TrackElement" SET "region" = 1380 WHERE "id" = 1395;
INSERT INTO "monitoredBy" VALUES (1395, 1394);
INSERT INTO "TrackElement" ("id") VALUES (1396);
INSERT INTO "Segment" ("id", "length") VALUES (1396, 777);
UPDATE "TrackElement" SET "region" = 1380 WHERE "id" = 1396;
INSERT INTO "monitoredBy" VALUES (1396, 1394);
INSERT INTO "TrackElement" ("id") VALUES (1397);
INSERT INTO "Segment" ("id", "length") VALUES (1397, 902);
UPDATE "TrackElement" SET "region" = 1380 WHERE "id" = 1397;
INSERT INTO "monitoredBy" VALUES (1397, 1394);
INSERT INTO "TrackElement" ("id") VALUES (1398);
INSERT INTO "Segment" ("id", "length") VALUES (1398, 365);
UPDATE "TrackElement" SET "region" = 1380 WHERE "id" = 1398;
INSERT INTO "monitoredBy" VALUES (1398, 1394);
INSERT INTO "TrackElement" ("id") VALUES (1399);
INSERT INTO "Segment" ("id", "length") VALUES (1399, 578);
UPDATE "TrackElement" SET "region" = 1380 WHERE "id" = 1399;
INSERT INTO "monitoredBy" VALUES (1399, 1394);
INSERT INTO "Sensor" ("id") VALUES (1400);
UPDATE "Sensor" SET "region" = 1380 WHERE "id" = 1400;
INSERT INTO "monitoredBy" VALUES (1381, 1400);
INSERT INTO "requires" VALUES (1379, 1400);
INSERT INTO "TrackElement" ("id") VALUES (1401);
INSERT INTO "Segment" ("id", "length") VALUES (1401, 297);
UPDATE "TrackElement" SET "region" = 1380 WHERE "id" = 1401;
INSERT INTO "monitoredBy" VALUES (1401, 1400);
INSERT INTO "TrackElement" ("id") VALUES (1402);
INSERT INTO "Segment" ("id", "length") VALUES (1402, 832);
UPDATE "TrackElement" SET "region" = 1380 WHERE "id" = 1402;
INSERT INTO "monitoredBy" VALUES (1402, 1400);
INSERT INTO "TrackElement" ("id") VALUES (1403);
INSERT INTO "Segment" ("id", "length") VALUES (1403, 877);
UPDATE "TrackElement" SET "region" = 1380 WHERE "id" = 1403;
INSERT INTO "monitoredBy" VALUES (1403, 1400);
INSERT INTO "TrackElement" ("id") VALUES (1404);
INSERT INTO "Segment" ("id", "length") VALUES (1404, 741);
UPDATE "TrackElement" SET "region" = 1380 WHERE "id" = 1404;
INSERT INTO "monitoredBy" VALUES (1404, 1400);
INSERT INTO "TrackElement" ("id") VALUES (1405);
INSERT INTO "Segment" ("id", "length") VALUES (1405, 630);
UPDATE "TrackElement" SET "region" = 1380 WHERE "id" = 1405;
INSERT INTO "monitoredBy" VALUES (1405, 1400);
INSERT INTO "Sensor" ("id") VALUES (1406);
UPDATE "Sensor" SET "region" = 1380 WHERE "id" = 1406;
INSERT INTO "monitoredBy" VALUES (1381, 1406);
INSERT INTO "requires" VALUES (1379, 1406);
INSERT INTO "TrackElement" ("id") VALUES (1407);
INSERT INTO "Segment" ("id", "length") VALUES (1407, 343);
UPDATE "TrackElement" SET "region" = 1380 WHERE "id" = 1407;
INSERT INTO "monitoredBy" VALUES (1407, 1406);
INSERT INTO "TrackElement" ("id") VALUES (1408);
INSERT INTO "Segment" ("id", "length") VALUES (1408, 154);
UPDATE "TrackElement" SET "region" = 1380 WHERE "id" = 1408;
INSERT INTO "monitoredBy" VALUES (1408, 1406);
INSERT INTO "TrackElement" ("id") VALUES (1409);
INSERT INTO "Segment" ("id", "length") VALUES (1409, 261);
UPDATE "TrackElement" SET "region" = 1380 WHERE "id" = 1409;
INSERT INTO "monitoredBy" VALUES (1409, 1406);
INSERT INTO "TrackElement" ("id") VALUES (1410);
INSERT INTO "Segment" ("id", "length") VALUES (1410, 882);
UPDATE "TrackElement" SET "region" = 1380 WHERE "id" = 1410;
INSERT INTO "monitoredBy" VALUES (1410, 1406);
INSERT INTO "TrackElement" ("id") VALUES (1411);
INSERT INTO "Segment" ("id", "length") VALUES (1411, 378);
UPDATE "TrackElement" SET "region" = 1380 WHERE "id" = 1411;
INSERT INTO "monitoredBy" VALUES (1411, 1406);
INSERT INTO "Sensor" ("id") VALUES (1412);
UPDATE "Sensor" SET "region" = 1380 WHERE "id" = 1412;
INSERT INTO "monitoredBy" VALUES (1381, 1412);
INSERT INTO "requires" VALUES (1379, 1412);
INSERT INTO "TrackElement" ("id") VALUES (1413);
INSERT INTO "Segment" ("id", "length") VALUES (1413, 579);
UPDATE "TrackElement" SET "region" = 1380 WHERE "id" = 1413;
INSERT INTO "monitoredBy" VALUES (1413, 1412);
INSERT INTO "TrackElement" ("id") VALUES (1414);
INSERT INTO "Segment" ("id", "length") VALUES (1414, 300);
UPDATE "TrackElement" SET "region" = 1380 WHERE "id" = 1414;
INSERT INTO "monitoredBy" VALUES (1414, 1412);
INSERT INTO "TrackElement" ("id") VALUES (1415);
INSERT INTO "Segment" ("id", "length") VALUES (1415, 19);
UPDATE "TrackElement" SET "region" = 1380 WHERE "id" = 1415;
INSERT INTO "monitoredBy" VALUES (1415, 1412);
INSERT INTO "TrackElement" ("id") VALUES (1416);
INSERT INTO "Segment" ("id", "length") VALUES (1416, 403);
UPDATE "TrackElement" SET "region" = 1380 WHERE "id" = 1416;
INSERT INTO "monitoredBy" VALUES (1416, 1412);
INSERT INTO "TrackElement" ("id") VALUES (1417);
INSERT INTO "Segment" ("id", "length") VALUES (1417, 923);
UPDATE "TrackElement" SET "region" = 1380 WHERE "id" = 1417;
INSERT INTO "monitoredBy" VALUES (1417, 1412);
INSERT INTO "Sensor" ("id") VALUES (1418);
UPDATE "Sensor" SET "region" = 1380 WHERE "id" = 1418;
INSERT INTO "monitoredBy" VALUES (1381, 1418);
INSERT INTO "requires" VALUES (1379, 1418);
INSERT INTO "TrackElement" ("id") VALUES (1419);
INSERT INTO "Segment" ("id", "length") VALUES (1419, 728);
UPDATE "TrackElement" SET "region" = 1380 WHERE "id" = 1419;
INSERT INTO "monitoredBy" VALUES (1419, 1418);
INSERT INTO "TrackElement" ("id") VALUES (1420);
INSERT INTO "Segment" ("id", "length") VALUES (1420, 848);
UPDATE "TrackElement" SET "region" = 1380 WHERE "id" = 1420;
INSERT INTO "monitoredBy" VALUES (1420, 1418);
INSERT INTO "TrackElement" ("id") VALUES (1421);
INSERT INTO "Segment" ("id", "length") VALUES (1421, 798);
UPDATE "TrackElement" SET "region" = 1380 WHERE "id" = 1421;
INSERT INTO "monitoredBy" VALUES (1421, 1418);
INSERT INTO "TrackElement" ("id") VALUES (1422);
INSERT INTO "Segment" ("id", "length") VALUES (1422, 808);
UPDATE "TrackElement" SET "region" = 1380 WHERE "id" = 1422;
INSERT INTO "monitoredBy" VALUES (1422, 1418);
INSERT INTO "TrackElement" ("id") VALUES (1423);
INSERT INTO "Segment" ("id", "length") VALUES (1423, 214);
UPDATE "TrackElement" SET "region" = 1380 WHERE "id" = 1423;
INSERT INTO "monitoredBy" VALUES (1423, 1418);
INSERT INTO "SwitchPosition" ("id", "position", "target") VALUES (1424, 0, 1381);
UPDATE "SwitchPosition" SET "route" = 1379 WHERE "id" = 1424;
INSERT INTO "TrackElement" ("id") VALUES (1425);
INSERT INTO "Switch" ("id", "currentPosition") VALUES (1425, 1);
UPDATE "TrackElement" SET "region" = 1380 WHERE "id" = 1425;
INSERT INTO "Sensor" ("id") VALUES (1426);
UPDATE "Sensor" SET "region" = 1380 WHERE "id" = 1426;
INSERT INTO "TrackElement" ("id") VALUES (1427);
INSERT INTO "Segment" ("id", "length") VALUES (1427, 77);
UPDATE "TrackElement" SET "region" = 1380 WHERE "id" = 1427;
INSERT INTO "monitoredBy" VALUES (1427, 1426);
INSERT INTO "TrackElement" ("id") VALUES (1428);
INSERT INTO "Segment" ("id", "length") VALUES (1428, 566);
UPDATE "TrackElement" SET "region" = 1380 WHERE "id" = 1428;
INSERT INTO "monitoredBy" VALUES (1428, 1426);
INSERT INTO "TrackElement" ("id") VALUES (1429);
INSERT INTO "Segment" ("id", "length") VALUES (1429, 419);
UPDATE "TrackElement" SET "region" = 1380 WHERE "id" = 1429;
INSERT INTO "monitoredBy" VALUES (1429, 1426);
INSERT INTO "TrackElement" ("id") VALUES (1430);
INSERT INTO "Segment" ("id", "length") VALUES (1430, 441);
UPDATE "TrackElement" SET "region" = 1380 WHERE "id" = 1430;
INSERT INTO "monitoredBy" VALUES (1430, 1426);
INSERT INTO "TrackElement" ("id") VALUES (1431);
INSERT INTO "Segment" ("id", "length") VALUES (1431, 752);
UPDATE "TrackElement" SET "region" = 1380 WHERE "id" = 1431;
INSERT INTO "monitoredBy" VALUES (1431, 1426);
INSERT INTO "Sensor" ("id") VALUES (1432);
UPDATE "Sensor" SET "region" = 1380 WHERE "id" = 1432;
INSERT INTO "monitoredBy" VALUES (1425, 1432);
INSERT INTO "requires" VALUES (1379, 1432);
INSERT INTO "TrackElement" ("id") VALUES (1433);
INSERT INTO "Segment" ("id", "length") VALUES (1433, 823);
UPDATE "TrackElement" SET "region" = 1380 WHERE "id" = 1433;
INSERT INTO "monitoredBy" VALUES (1433, 1432);
INSERT INTO "TrackElement" ("id") VALUES (1434);
INSERT INTO "Segment" ("id", "length") VALUES (1434, 100);
UPDATE "TrackElement" SET "region" = 1380 WHERE "id" = 1434;
INSERT INTO "monitoredBy" VALUES (1434, 1432);
INSERT INTO "TrackElement" ("id") VALUES (1435);
INSERT INTO "Segment" ("id", "length") VALUES (1435, 588);
UPDATE "TrackElement" SET "region" = 1380 WHERE "id" = 1435;
INSERT INTO "monitoredBy" VALUES (1435, 1432);
INSERT INTO "TrackElement" ("id") VALUES (1436);
INSERT INTO "Segment" ("id", "length") VALUES (1436, 864);
UPDATE "TrackElement" SET "region" = 1380 WHERE "id" = 1436;
INSERT INTO "monitoredBy" VALUES (1436, 1432);
INSERT INTO "TrackElement" ("id") VALUES (1437);
INSERT INTO "Segment" ("id", "length") VALUES (1437, -284);
UPDATE "TrackElement" SET "region" = 1380 WHERE "id" = 1437;
INSERT INTO "monitoredBy" VALUES (1437, 1432);
INSERT INTO "SwitchPosition" ("id", "position", "target") VALUES (1438, 1, 1425);
UPDATE "SwitchPosition" SET "route" = 1379 WHERE "id" = 1438;
INSERT INTO "TrackElement" ("id") VALUES (1439);
INSERT INTO "Switch" ("id", "currentPosition") VALUES (1439, 2);
UPDATE "TrackElement" SET "region" = 1380 WHERE "id" = 1439;
INSERT INTO "Sensor" ("id") VALUES (1440);
UPDATE "Sensor" SET "region" = 1380 WHERE "id" = 1440;
INSERT INTO "monitoredBy" VALUES (1439, 1440);
INSERT INTO "TrackElement" ("id") VALUES (1441);
INSERT INTO "Segment" ("id", "length") VALUES (1441, 201);
UPDATE "TrackElement" SET "region" = 1380 WHERE "id" = 1441;
INSERT INTO "monitoredBy" VALUES (1441, 1440);
INSERT INTO "TrackElement" ("id") VALUES (1442);
INSERT INTO "Segment" ("id", "length") VALUES (1442, 904);
UPDATE "TrackElement" SET "region" = 1380 WHERE "id" = 1442;
INSERT INTO "monitoredBy" VALUES (1442, 1440);
INSERT INTO "TrackElement" ("id") VALUES (1443);
INSERT INTO "Segment" ("id", "length") VALUES (1443, 986);
UPDATE "TrackElement" SET "region" = 1380 WHERE "id" = 1443;
INSERT INTO "monitoredBy" VALUES (1443, 1440);
INSERT INTO "TrackElement" ("id") VALUES (1444);
INSERT INTO "Segment" ("id", "length") VALUES (1444, 868);
UPDATE "TrackElement" SET "region" = 1380 WHERE "id" = 1444;
INSERT INTO "monitoredBy" VALUES (1444, 1440);
INSERT INTO "TrackElement" ("id") VALUES (1445);
INSERT INTO "Segment" ("id", "length") VALUES (1445, 986);
UPDATE "TrackElement" SET "region" = 1380 WHERE "id" = 1445;
INSERT INTO "monitoredBy" VALUES (1445, 1440);
INSERT INTO "Sensor" ("id") VALUES (1446);
UPDATE "Sensor" SET "region" = 1380 WHERE "id" = 1446;
INSERT INTO "monitoredBy" VALUES (1439, 1446);
INSERT INTO "requires" VALUES (1379, 1446);
INSERT INTO "TrackElement" ("id") VALUES (1447);
INSERT INTO "Segment" ("id", "length") VALUES (1447, 182);
UPDATE "TrackElement" SET "region" = 1380 WHERE "id" = 1447;
INSERT INTO "monitoredBy" VALUES (1447, 1446);
INSERT INTO "TrackElement" ("id") VALUES (1448);
INSERT INTO "Segment" ("id", "length") VALUES (1448, 487);
UPDATE "TrackElement" SET "region" = 1380 WHERE "id" = 1448;
INSERT INTO "monitoredBy" VALUES (1448, 1446);
INSERT INTO "TrackElement" ("id") VALUES (1449);
INSERT INTO "Segment" ("id", "length") VALUES (1449, -239);
UPDATE "TrackElement" SET "region" = 1380 WHERE "id" = 1449;
INSERT INTO "monitoredBy" VALUES (1449, 1446);
INSERT INTO "TrackElement" ("id") VALUES (1450);
INSERT INTO "Segment" ("id", "length") VALUES (1450, 461);
UPDATE "TrackElement" SET "region" = 1380 WHERE "id" = 1450;
INSERT INTO "monitoredBy" VALUES (1450, 1446);
INSERT INTO "TrackElement" ("id") VALUES (1451);
INSERT INTO "Segment" ("id", "length") VALUES (1451, 734);
UPDATE "TrackElement" SET "region" = 1380 WHERE "id" = 1451;
INSERT INTO "monitoredBy" VALUES (1451, 1446);
INSERT INTO "Sensor" ("id") VALUES (1452);
UPDATE "Sensor" SET "region" = 1380 WHERE "id" = 1452;
INSERT INTO "monitoredBy" VALUES (1439, 1452);
INSERT INTO "requires" VALUES (1379, 1452);
INSERT INTO "TrackElement" ("id") VALUES (1453);
INSERT INTO "Segment" ("id", "length") VALUES (1453, 997);
UPDATE "TrackElement" SET "region" = 1380 WHERE "id" = 1453;
INSERT INTO "monitoredBy" VALUES (1453, 1452);
INSERT INTO "TrackElement" ("id") VALUES (1454);
INSERT INTO "Segment" ("id", "length") VALUES (1454, 70);
UPDATE "TrackElement" SET "region" = 1380 WHERE "id" = 1454;
INSERT INTO "monitoredBy" VALUES (1454, 1452);
INSERT INTO "TrackElement" ("id") VALUES (1455);
INSERT INTO "Segment" ("id", "length") VALUES (1455, 25);
UPDATE "TrackElement" SET "region" = 1380 WHERE "id" = 1455;
INSERT INTO "monitoredBy" VALUES (1455, 1452);
INSERT INTO "TrackElement" ("id") VALUES (1456);
INSERT INTO "Segment" ("id", "length") VALUES (1456, 104);
UPDATE "TrackElement" SET "region" = 1380 WHERE "id" = 1456;
INSERT INTO "monitoredBy" VALUES (1456, 1452);
INSERT INTO "TrackElement" ("id") VALUES (1457);
INSERT INTO "Segment" ("id", "length") VALUES (1457, 735);
UPDATE "TrackElement" SET "region" = 1380 WHERE "id" = 1457;
INSERT INTO "monitoredBy" VALUES (1457, 1452);
INSERT INTO "SwitchPosition" ("id", "position", "target") VALUES (1458, 2, 1439);
UPDATE "SwitchPosition" SET "route" = 1379 WHERE "id" = 1458;
INSERT INTO "TrackElement" ("id") VALUES (1459);
INSERT INTO "Switch" ("id", "currentPosition") VALUES (1459, 1);
UPDATE "TrackElement" SET "region" = 1380 WHERE "id" = 1459;
INSERT INTO "Sensor" ("id") VALUES (1460);
UPDATE "Sensor" SET "region" = 1380 WHERE "id" = 1460;
INSERT INTO "monitoredBy" VALUES (1459, 1460);
INSERT INTO "TrackElement" ("id") VALUES (1461);
INSERT INTO "Segment" ("id", "length") VALUES (1461, 723);
UPDATE "TrackElement" SET "region" = 1380 WHERE "id" = 1461;
INSERT INTO "monitoredBy" VALUES (1461, 1460);
INSERT INTO "TrackElement" ("id") VALUES (1462);
INSERT INTO "Segment" ("id", "length") VALUES (1462, 665);
UPDATE "TrackElement" SET "region" = 1380 WHERE "id" = 1462;
INSERT INTO "monitoredBy" VALUES (1462, 1460);
INSERT INTO "TrackElement" ("id") VALUES (1463);
INSERT INTO "Segment" ("id", "length") VALUES (1463, 880);
UPDATE "TrackElement" SET "region" = 1380 WHERE "id" = 1463;
INSERT INTO "monitoredBy" VALUES (1463, 1460);
INSERT INTO "TrackElement" ("id") VALUES (1464);
INSERT INTO "Segment" ("id", "length") VALUES (1464, 860);
UPDATE "TrackElement" SET "region" = 1380 WHERE "id" = 1464;
INSERT INTO "monitoredBy" VALUES (1464, 1460);
INSERT INTO "TrackElement" ("id") VALUES (1465);
INSERT INTO "Segment" ("id", "length") VALUES (1465, -373);
UPDATE "TrackElement" SET "region" = 1380 WHERE "id" = 1465;
INSERT INTO "monitoredBy" VALUES (1465, 1460);
INSERT INTO "Sensor" ("id") VALUES (1466);
UPDATE "Sensor" SET "region" = 1380 WHERE "id" = 1466;
INSERT INTO "monitoredBy" VALUES (1459, 1466);
INSERT INTO "requires" VALUES (1379, 1466);
INSERT INTO "TrackElement" ("id") VALUES (1467);
INSERT INTO "Segment" ("id", "length") VALUES (1467, 143);
UPDATE "TrackElement" SET "region" = 1380 WHERE "id" = 1467;
INSERT INTO "monitoredBy" VALUES (1467, 1466);
INSERT INTO "TrackElement" ("id") VALUES (1468);
INSERT INTO "Segment" ("id", "length") VALUES (1468, 727);
UPDATE "TrackElement" SET "region" = 1380 WHERE "id" = 1468;
INSERT INTO "monitoredBy" VALUES (1468, 1466);
INSERT INTO "TrackElement" ("id") VALUES (1469);
INSERT INTO "Segment" ("id", "length") VALUES (1469, 962);
UPDATE "TrackElement" SET "region" = 1380 WHERE "id" = 1469;
INSERT INTO "monitoredBy" VALUES (1469, 1466);
INSERT INTO "TrackElement" ("id") VALUES (1470);
INSERT INTO "Segment" ("id", "length") VALUES (1470, 77);
UPDATE "TrackElement" SET "region" = 1380 WHERE "id" = 1470;
INSERT INTO "monitoredBy" VALUES (1470, 1466);
INSERT INTO "TrackElement" ("id") VALUES (1471);
INSERT INTO "Segment" ("id", "length") VALUES (1471, 346);
UPDATE "TrackElement" SET "region" = 1380 WHERE "id" = 1471;
INSERT INTO "monitoredBy" VALUES (1471, 1466);
INSERT INTO "SwitchPosition" ("id", "position", "target") VALUES (1472, 1, 1459);
UPDATE "SwitchPosition" SET "route" = 1379 WHERE "id" = 1472;
INSERT INTO "TrackElement" ("id") VALUES (1473);
INSERT INTO "Switch" ("id", "currentPosition") VALUES (1473, 1);
UPDATE "TrackElement" SET "region" = 1380 WHERE "id" = 1473;
INSERT INTO "Sensor" ("id") VALUES (1474);
UPDATE "Sensor" SET "region" = 1380 WHERE "id" = 1474;
INSERT INTO "monitoredBy" VALUES (1473, 1474);
INSERT INTO "requires" VALUES (1379, 1474);
INSERT INTO "TrackElement" ("id") VALUES (1475);
INSERT INTO "Segment" ("id", "length") VALUES (1475, 84);
UPDATE "TrackElement" SET "region" = 1380 WHERE "id" = 1475;
INSERT INTO "monitoredBy" VALUES (1475, 1474);
INSERT INTO "TrackElement" ("id") VALUES (1476);
INSERT INTO "Segment" ("id", "length") VALUES (1476, 124);
UPDATE "TrackElement" SET "region" = 1380 WHERE "id" = 1476;
INSERT INTO "monitoredBy" VALUES (1476, 1474);
INSERT INTO "TrackElement" ("id") VALUES (1477);
INSERT INTO "Segment" ("id", "length") VALUES (1477, 11);
UPDATE "TrackElement" SET "region" = 1380 WHERE "id" = 1477;
INSERT INTO "monitoredBy" VALUES (1477, 1474);
INSERT INTO "TrackElement" ("id") VALUES (1478);
INSERT INTO "Segment" ("id", "length") VALUES (1478, 309);
UPDATE "TrackElement" SET "region" = 1380 WHERE "id" = 1478;
INSERT INTO "monitoredBy" VALUES (1478, 1474);
INSERT INTO "TrackElement" ("id") VALUES (1479);
INSERT INTO "Segment" ("id", "length") VALUES (1479, 417);
UPDATE "TrackElement" SET "region" = 1380 WHERE "id" = 1479;
INSERT INTO "monitoredBy" VALUES (1479, 1474);
INSERT INTO "Sensor" ("id") VALUES (1480);
UPDATE "Sensor" SET "region" = 1380 WHERE "id" = 1480;
INSERT INTO "monitoredBy" VALUES (1473, 1480);
INSERT INTO "requires" VALUES (1379, 1480);
INSERT INTO "TrackElement" ("id") VALUES (1481);
INSERT INTO "Segment" ("id", "length") VALUES (1481, 383);
UPDATE "TrackElement" SET "region" = 1380 WHERE "id" = 1481;
INSERT INTO "monitoredBy" VALUES (1481, 1480);
INSERT INTO "TrackElement" ("id") VALUES (1482);
INSERT INTO "Segment" ("id", "length") VALUES (1482, 630);
UPDATE "TrackElement" SET "region" = 1380 WHERE "id" = 1482;
INSERT INTO "monitoredBy" VALUES (1482, 1480);
INSERT INTO "TrackElement" ("id") VALUES (1483);
INSERT INTO "Segment" ("id", "length") VALUES (1483, 53);
UPDATE "TrackElement" SET "region" = 1380 WHERE "id" = 1483;
INSERT INTO "monitoredBy" VALUES (1483, 1480);
INSERT INTO "TrackElement" ("id") VALUES (1484);
INSERT INTO "Segment" ("id", "length") VALUES (1484, -104);
UPDATE "TrackElement" SET "region" = 1380 WHERE "id" = 1484;
INSERT INTO "monitoredBy" VALUES (1484, 1480);
INSERT INTO "TrackElement" ("id") VALUES (1485);
INSERT INTO "Segment" ("id", "length") VALUES (1485, 573);
UPDATE "TrackElement" SET "region" = 1380 WHERE "id" = 1485;
INSERT INTO "monitoredBy" VALUES (1485, 1480);
INSERT INTO "Sensor" ("id") VALUES (1486);
UPDATE "Sensor" SET "region" = 1380 WHERE "id" = 1486;
INSERT INTO "monitoredBy" VALUES (1473, 1486);
INSERT INTO "requires" VALUES (1379, 1486);
INSERT INTO "TrackElement" ("id") VALUES (1487);
INSERT INTO "Segment" ("id", "length") VALUES (1487, 482);
UPDATE "TrackElement" SET "region" = 1380 WHERE "id" = 1487;
INSERT INTO "monitoredBy" VALUES (1487, 1486);
INSERT INTO "TrackElement" ("id") VALUES (1488);
INSERT INTO "Segment" ("id", "length") VALUES (1488, 447);
UPDATE "TrackElement" SET "region" = 1380 WHERE "id" = 1488;
INSERT INTO "monitoredBy" VALUES (1488, 1486);
INSERT INTO "TrackElement" ("id") VALUES (1489);
INSERT INTO "Segment" ("id", "length") VALUES (1489, -558);
UPDATE "TrackElement" SET "region" = 1380 WHERE "id" = 1489;
INSERT INTO "monitoredBy" VALUES (1489, 1486);
INSERT INTO "TrackElement" ("id") VALUES (1490);
INSERT INTO "Segment" ("id", "length") VALUES (1490, -338);
UPDATE "TrackElement" SET "region" = 1380 WHERE "id" = 1490;
INSERT INTO "monitoredBy" VALUES (1490, 1486);
INSERT INTO "TrackElement" ("id") VALUES (1491);
INSERT INTO "Segment" ("id", "length") VALUES (1491, 694);
UPDATE "TrackElement" SET "region" = 1380 WHERE "id" = 1491;
INSERT INTO "monitoredBy" VALUES (1491, 1486);
INSERT INTO "Sensor" ("id") VALUES (1492);
UPDATE "Sensor" SET "region" = 1380 WHERE "id" = 1492;
INSERT INTO "monitoredBy" VALUES (1473, 1492);
INSERT INTO "requires" VALUES (1379, 1492);
INSERT INTO "TrackElement" ("id") VALUES (1493);
INSERT INTO "Segment" ("id", "length") VALUES (1493, -746);
UPDATE "TrackElement" SET "region" = 1380 WHERE "id" = 1493;
INSERT INTO "monitoredBy" VALUES (1493, 1492);
INSERT INTO "TrackElement" ("id") VALUES (1494);
INSERT INTO "Segment" ("id", "length") VALUES (1494, 780);
UPDATE "TrackElement" SET "region" = 1380 WHERE "id" = 1494;
INSERT INTO "monitoredBy" VALUES (1494, 1492);
INSERT INTO "TrackElement" ("id") VALUES (1495);
INSERT INTO "Segment" ("id", "length") VALUES (1495, 135);
UPDATE "TrackElement" SET "region" = 1380 WHERE "id" = 1495;
INSERT INTO "monitoredBy" VALUES (1495, 1492);
INSERT INTO "TrackElement" ("id") VALUES (1496);
INSERT INTO "Segment" ("id", "length") VALUES (1496, 372);
UPDATE "TrackElement" SET "region" = 1380 WHERE "id" = 1496;
INSERT INTO "monitoredBy" VALUES (1496, 1492);
INSERT INTO "TrackElement" ("id") VALUES (1497);
INSERT INTO "Segment" ("id", "length") VALUES (1497, 395);
UPDATE "TrackElement" SET "region" = 1380 WHERE "id" = 1497;
INSERT INTO "monitoredBy" VALUES (1497, 1492);
INSERT INTO "Sensor" ("id") VALUES (1498);
UPDATE "Sensor" SET "region" = 1380 WHERE "id" = 1498;
INSERT INTO "monitoredBy" VALUES (1473, 1498);
INSERT INTO "requires" VALUES (1379, 1498);
INSERT INTO "TrackElement" ("id") VALUES (1499);
INSERT INTO "Segment" ("id", "length") VALUES (1499, 911);
UPDATE "TrackElement" SET "region" = 1380 WHERE "id" = 1499;
INSERT INTO "monitoredBy" VALUES (1499, 1498);
INSERT INTO "TrackElement" ("id") VALUES (1500);
INSERT INTO "Segment" ("id", "length") VALUES (1500, 950);
UPDATE "TrackElement" SET "region" = 1380 WHERE "id" = 1500;
INSERT INTO "monitoredBy" VALUES (1500, 1498);
INSERT INTO "TrackElement" ("id") VALUES (1501);
INSERT INTO "Segment" ("id", "length") VALUES (1501, 837);
UPDATE "TrackElement" SET "region" = 1380 WHERE "id" = 1501;
INSERT INTO "monitoredBy" VALUES (1501, 1498);
INSERT INTO "TrackElement" ("id") VALUES (1502);
INSERT INTO "Segment" ("id", "length") VALUES (1502, 569);
UPDATE "TrackElement" SET "region" = 1380 WHERE "id" = 1502;
INSERT INTO "monitoredBy" VALUES (1502, 1498);
INSERT INTO "TrackElement" ("id") VALUES (1503);
INSERT INTO "Segment" ("id", "length") VALUES (1503, -243);
UPDATE "TrackElement" SET "region" = 1380 WHERE "id" = 1503;
INSERT INTO "monitoredBy" VALUES (1503, 1498);
INSERT INTO "SwitchPosition" ("id", "position", "target") VALUES (1504, 1, 1473);
UPDATE "SwitchPosition" SET "route" = 1379 WHERE "id" = 1504;
INSERT INTO "TrackElement" ("id") VALUES (1505);
INSERT INTO "Switch" ("id", "currentPosition") VALUES (1505, 2);
UPDATE "TrackElement" SET "region" = 1380 WHERE "id" = 1505;
INSERT INTO "Sensor" ("id") VALUES (1506);
UPDATE "Sensor" SET "region" = 1380 WHERE "id" = 1506;
INSERT INTO "monitoredBy" VALUES (1505, 1506);
INSERT INTO "requires" VALUES (1379, 1506);
INSERT INTO "TrackElement" ("id") VALUES (1507);
INSERT INTO "Segment" ("id", "length") VALUES (1507, 452);
UPDATE "TrackElement" SET "region" = 1380 WHERE "id" = 1507;
INSERT INTO "monitoredBy" VALUES (1507, 1506);
INSERT INTO "TrackElement" ("id") VALUES (1508);
INSERT INTO "Segment" ("id", "length") VALUES (1508, 171);
UPDATE "TrackElement" SET "region" = 1380 WHERE "id" = 1508;
INSERT INTO "monitoredBy" VALUES (1508, 1506);
INSERT INTO "TrackElement" ("id") VALUES (1509);
INSERT INTO "Segment" ("id", "length") VALUES (1509, 887);
UPDATE "TrackElement" SET "region" = 1380 WHERE "id" = 1509;
INSERT INTO "monitoredBy" VALUES (1509, 1506);
INSERT INTO "TrackElement" ("id") VALUES (1510);
INSERT INTO "Segment" ("id", "length") VALUES (1510, 83);
UPDATE "TrackElement" SET "region" = 1380 WHERE "id" = 1510;
INSERT INTO "monitoredBy" VALUES (1510, 1506);
INSERT INTO "TrackElement" ("id") VALUES (1511);
INSERT INTO "Segment" ("id", "length") VALUES (1511, 461);
UPDATE "TrackElement" SET "region" = 1380 WHERE "id" = 1511;
INSERT INTO "monitoredBy" VALUES (1511, 1506);
INSERT INTO "Sensor" ("id") VALUES (1512);
UPDATE "Sensor" SET "region" = 1380 WHERE "id" = 1512;
INSERT INTO "monitoredBy" VALUES (1505, 1512);
INSERT INTO "requires" VALUES (1379, 1512);
INSERT INTO "TrackElement" ("id") VALUES (1513);
INSERT INTO "Segment" ("id", "length") VALUES (1513, 744);
UPDATE "TrackElement" SET "region" = 1380 WHERE "id" = 1513;
INSERT INTO "monitoredBy" VALUES (1513, 1512);
INSERT INTO "TrackElement" ("id") VALUES (1514);
INSERT INTO "Segment" ("id", "length") VALUES (1514, 183);
UPDATE "TrackElement" SET "region" = 1380 WHERE "id" = 1514;
INSERT INTO "monitoredBy" VALUES (1514, 1512);
INSERT INTO "TrackElement" ("id") VALUES (1515);
INSERT INTO "Segment" ("id", "length") VALUES (1515, 702);
UPDATE "TrackElement" SET "region" = 1380 WHERE "id" = 1515;
INSERT INTO "monitoredBy" VALUES (1515, 1512);
INSERT INTO "TrackElement" ("id") VALUES (1516);
INSERT INTO "Segment" ("id", "length") VALUES (1516, 818);
UPDATE "TrackElement" SET "region" = 1380 WHERE "id" = 1516;
INSERT INTO "monitoredBy" VALUES (1516, 1512);
INSERT INTO "TrackElement" ("id") VALUES (1517);
INSERT INTO "Segment" ("id", "length") VALUES (1517, 68);
UPDATE "TrackElement" SET "region" = 1380 WHERE "id" = 1517;
INSERT INTO "monitoredBy" VALUES (1517, 1512);
INSERT INTO "Sensor" ("id") VALUES (1518);
UPDATE "Sensor" SET "region" = 1380 WHERE "id" = 1518;
INSERT INTO "monitoredBy" VALUES (1505, 1518);
INSERT INTO "requires" VALUES (1379, 1518);
INSERT INTO "TrackElement" ("id") VALUES (1519);
INSERT INTO "Segment" ("id", "length") VALUES (1519, 220);
UPDATE "TrackElement" SET "region" = 1380 WHERE "id" = 1519;
INSERT INTO "monitoredBy" VALUES (1519, 1518);
INSERT INTO "TrackElement" ("id") VALUES (1520);
INSERT INTO "Segment" ("id", "length") VALUES (1520, 634);
UPDATE "TrackElement" SET "region" = 1380 WHERE "id" = 1520;
INSERT INTO "monitoredBy" VALUES (1520, 1518);
INSERT INTO "TrackElement" ("id") VALUES (1521);
INSERT INTO "Segment" ("id", "length") VALUES (1521, 851);
UPDATE "TrackElement" SET "region" = 1380 WHERE "id" = 1521;
INSERT INTO "monitoredBy" VALUES (1521, 1518);
INSERT INTO "TrackElement" ("id") VALUES (1522);
INSERT INTO "Segment" ("id", "length") VALUES (1522, 852);
UPDATE "TrackElement" SET "region" = 1380 WHERE "id" = 1522;
INSERT INTO "monitoredBy" VALUES (1522, 1518);
INSERT INTO "TrackElement" ("id") VALUES (1523);
INSERT INTO "Segment" ("id", "length") VALUES (1523, 38);
UPDATE "TrackElement" SET "region" = 1380 WHERE "id" = 1523;
INSERT INTO "monitoredBy" VALUES (1523, 1518);
INSERT INTO "Sensor" ("id") VALUES (1524);
UPDATE "Sensor" SET "region" = 1380 WHERE "id" = 1524;
INSERT INTO "monitoredBy" VALUES (1505, 1524);
INSERT INTO "requires" VALUES (1379, 1524);
INSERT INTO "TrackElement" ("id") VALUES (1525);
INSERT INTO "Segment" ("id", "length") VALUES (1525, 364);
UPDATE "TrackElement" SET "region" = 1380 WHERE "id" = 1525;
INSERT INTO "monitoredBy" VALUES (1525, 1524);
INSERT INTO "TrackElement" ("id") VALUES (1526);
INSERT INTO "Segment" ("id", "length") VALUES (1526, 399);
UPDATE "TrackElement" SET "region" = 1380 WHERE "id" = 1526;
INSERT INTO "monitoredBy" VALUES (1526, 1524);
INSERT INTO "TrackElement" ("id") VALUES (1527);
INSERT INTO "Segment" ("id", "length") VALUES (1527, 525);
UPDATE "TrackElement" SET "region" = 1380 WHERE "id" = 1527;
INSERT INTO "monitoredBy" VALUES (1527, 1524);
INSERT INTO "TrackElement" ("id") VALUES (1528);
INSERT INTO "Segment" ("id", "length") VALUES (1528, 551);
UPDATE "TrackElement" SET "region" = 1380 WHERE "id" = 1528;
INSERT INTO "monitoredBy" VALUES (1528, 1524);
INSERT INTO "TrackElement" ("id") VALUES (1529);
INSERT INTO "Segment" ("id", "length") VALUES (1529, 615);
UPDATE "TrackElement" SET "region" = 1380 WHERE "id" = 1529;
INSERT INTO "monitoredBy" VALUES (1529, 1524);
INSERT INTO "Sensor" ("id") VALUES (1530);
UPDATE "Sensor" SET "region" = 1380 WHERE "id" = 1530;
INSERT INTO "monitoredBy" VALUES (1505, 1530);
INSERT INTO "TrackElement" ("id") VALUES (1531);
INSERT INTO "Segment" ("id", "length") VALUES (1531, 875);
UPDATE "TrackElement" SET "region" = 1380 WHERE "id" = 1531;
INSERT INTO "monitoredBy" VALUES (1531, 1530);
INSERT INTO "TrackElement" ("id") VALUES (1532);
INSERT INTO "Segment" ("id", "length") VALUES (1532, 721);
UPDATE "TrackElement" SET "region" = 1380 WHERE "id" = 1532;
INSERT INTO "monitoredBy" VALUES (1532, 1530);
INSERT INTO "TrackElement" ("id") VALUES (1533);
INSERT INTO "Segment" ("id", "length") VALUES (1533, 989);
UPDATE "TrackElement" SET "region" = 1380 WHERE "id" = 1533;
INSERT INTO "monitoredBy" VALUES (1533, 1530);
INSERT INTO "TrackElement" ("id") VALUES (1534);
INSERT INTO "Segment" ("id", "length") VALUES (1534, 394);
UPDATE "TrackElement" SET "region" = 1380 WHERE "id" = 1534;
INSERT INTO "monitoredBy" VALUES (1534, 1530);
INSERT INTO "TrackElement" ("id") VALUES (1535);
INSERT INTO "Segment" ("id", "length") VALUES (1535, 837);
UPDATE "TrackElement" SET "region" = 1380 WHERE "id" = 1535;
INSERT INTO "monitoredBy" VALUES (1535, 1530);
INSERT INTO "Sensor" ("id") VALUES (1536);
UPDATE "Sensor" SET "region" = 1380 WHERE "id" = 1536;
INSERT INTO "monitoredBy" VALUES (1505, 1536);
INSERT INTO "requires" VALUES (1379, 1536);
INSERT INTO "TrackElement" ("id") VALUES (1537);
INSERT INTO "Segment" ("id", "length") VALUES (1537, -902);
UPDATE "TrackElement" SET "region" = 1380 WHERE "id" = 1537;
INSERT INTO "monitoredBy" VALUES (1537, 1536);
INSERT INTO "TrackElement" ("id") VALUES (1538);
INSERT INTO "Segment" ("id", "length") VALUES (1538, 252);
UPDATE "TrackElement" SET "region" = 1380 WHERE "id" = 1538;
INSERT INTO "monitoredBy" VALUES (1538, 1536);
INSERT INTO "TrackElement" ("id") VALUES (1539);
INSERT INTO "Segment" ("id", "length") VALUES (1539, 939);
UPDATE "TrackElement" SET "region" = 1380 WHERE "id" = 1539;
INSERT INTO "monitoredBy" VALUES (1539, 1536);
INSERT INTO "TrackElement" ("id") VALUES (1540);
INSERT INTO "Segment" ("id", "length") VALUES (1540, 147);
UPDATE "TrackElement" SET "region" = 1380 WHERE "id" = 1540;
INSERT INTO "monitoredBy" VALUES (1540, 1536);
INSERT INTO "TrackElement" ("id") VALUES (1541);
INSERT INTO "Segment" ("id", "length") VALUES (1541, 303);
UPDATE "TrackElement" SET "region" = 1380 WHERE "id" = 1541;
INSERT INTO "monitoredBy" VALUES (1541, 1536);
INSERT INTO "Sensor" ("id") VALUES (1542);
UPDATE "Sensor" SET "region" = 1380 WHERE "id" = 1542;
INSERT INTO "monitoredBy" VALUES (1505, 1542);
INSERT INTO "requires" VALUES (1379, 1542);
INSERT INTO "TrackElement" ("id") VALUES (1543);
INSERT INTO "Segment" ("id", "length") VALUES (1543, 495);
UPDATE "TrackElement" SET "region" = 1380 WHERE "id" = 1543;
INSERT INTO "monitoredBy" VALUES (1543, 1542);
INSERT INTO "TrackElement" ("id") VALUES (1544);
INSERT INTO "Segment" ("id", "length") VALUES (1544, 77);
UPDATE "TrackElement" SET "region" = 1380 WHERE "id" = 1544;
INSERT INTO "monitoredBy" VALUES (1544, 1542);
INSERT INTO "TrackElement" ("id") VALUES (1545);
INSERT INTO "Segment" ("id", "length") VALUES (1545, 341);
UPDATE "TrackElement" SET "region" = 1380 WHERE "id" = 1545;
INSERT INTO "monitoredBy" VALUES (1545, 1542);
INSERT INTO "TrackElement" ("id") VALUES (1546);
INSERT INTO "Segment" ("id", "length") VALUES (1546, 710);
UPDATE "TrackElement" SET "region" = 1380 WHERE "id" = 1546;
INSERT INTO "monitoredBy" VALUES (1546, 1542);
INSERT INTO "TrackElement" ("id") VALUES (1547);
INSERT INTO "Segment" ("id", "length") VALUES (1547, 803);
UPDATE "TrackElement" SET "region" = 1380 WHERE "id" = 1547;
INSERT INTO "monitoredBy" VALUES (1547, 1542);
INSERT INTO "Sensor" ("id") VALUES (1548);
UPDATE "Sensor" SET "region" = 1380 WHERE "id" = 1548;
INSERT INTO "monitoredBy" VALUES (1505, 1548);
INSERT INTO "requires" VALUES (1379, 1548);
INSERT INTO "TrackElement" ("id") VALUES (1549);
INSERT INTO "Segment" ("id", "length") VALUES (1549, -843);
UPDATE "TrackElement" SET "region" = 1380 WHERE "id" = 1549;
INSERT INTO "monitoredBy" VALUES (1549, 1548);
INSERT INTO "TrackElement" ("id") VALUES (1550);
INSERT INTO "Segment" ("id", "length") VALUES (1550, -778);
UPDATE "TrackElement" SET "region" = 1380 WHERE "id" = 1550;
INSERT INTO "monitoredBy" VALUES (1550, 1548);
INSERT INTO "TrackElement" ("id") VALUES (1551);
INSERT INTO "Segment" ("id", "length") VALUES (1551, 835);
UPDATE "TrackElement" SET "region" = 1380 WHERE "id" = 1551;
INSERT INTO "monitoredBy" VALUES (1551, 1548);
INSERT INTO "TrackElement" ("id") VALUES (1552);
INSERT INTO "Segment" ("id", "length") VALUES (1552, 97);
UPDATE "TrackElement" SET "region" = 1380 WHERE "id" = 1552;
INSERT INTO "monitoredBy" VALUES (1552, 1548);
INSERT INTO "TrackElement" ("id") VALUES (1553);
INSERT INTO "Segment" ("id", "length") VALUES (1553, 27);
UPDATE "TrackElement" SET "region" = 1380 WHERE "id" = 1553;
INSERT INTO "monitoredBy" VALUES (1553, 1548);
INSERT INTO "Sensor" ("id") VALUES (1554);
UPDATE "Sensor" SET "region" = 1380 WHERE "id" = 1554;
INSERT INTO "TrackElement" ("id") VALUES (1555);
INSERT INTO "Segment" ("id", "length") VALUES (1555, 157);
UPDATE "TrackElement" SET "region" = 1380 WHERE "id" = 1555;
INSERT INTO "monitoredBy" VALUES (1555, 1554);
INSERT INTO "TrackElement" ("id") VALUES (1556);
INSERT INTO "Segment" ("id", "length") VALUES (1556, -147);
UPDATE "TrackElement" SET "region" = 1380 WHERE "id" = 1556;
INSERT INTO "monitoredBy" VALUES (1556, 1554);
INSERT INTO "TrackElement" ("id") VALUES (1557);
INSERT INTO "Segment" ("id", "length") VALUES (1557, 365);
UPDATE "TrackElement" SET "region" = 1380 WHERE "id" = 1557;
INSERT INTO "monitoredBy" VALUES (1557, 1554);
INSERT INTO "TrackElement" ("id") VALUES (1558);
INSERT INTO "Segment" ("id", "length") VALUES (1558, 723);
UPDATE "TrackElement" SET "region" = 1380 WHERE "id" = 1558;
INSERT INTO "monitoredBy" VALUES (1558, 1554);
INSERT INTO "TrackElement" ("id") VALUES (1559);
INSERT INTO "Segment" ("id", "length") VALUES (1559, 686);
UPDATE "TrackElement" SET "region" = 1380 WHERE "id" = 1559;
INSERT INTO "monitoredBy" VALUES (1559, 1554);
INSERT INTO "SwitchPosition" ("id", "position", "target") VALUES (1560, 0, 1505);
UPDATE "SwitchPosition" SET "route" = 1379 WHERE "id" = 1560;
INSERT INTO "TrackElement" ("id") VALUES (1561);
INSERT INTO "Switch" ("id", "currentPosition") VALUES (1561, 2);
UPDATE "TrackElement" SET "region" = 1380 WHERE "id" = 1561;
INSERT INTO "Sensor" ("id") VALUES (1562);
UPDATE "Sensor" SET "region" = 1380 WHERE "id" = 1562;
INSERT INTO "monitoredBy" VALUES (1561, 1562);
INSERT INTO "requires" VALUES (1379, 1562);
INSERT INTO "TrackElement" ("id") VALUES (1563);
INSERT INTO "Segment" ("id", "length") VALUES (1563, 595);
UPDATE "TrackElement" SET "region" = 1380 WHERE "id" = 1563;
INSERT INTO "monitoredBy" VALUES (1563, 1562);
INSERT INTO "TrackElement" ("id") VALUES (1564);
INSERT INTO "Segment" ("id", "length") VALUES (1564, 247);
UPDATE "TrackElement" SET "region" = 1380 WHERE "id" = 1564;
INSERT INTO "monitoredBy" VALUES (1564, 1562);
INSERT INTO "TrackElement" ("id") VALUES (1565);
INSERT INTO "Segment" ("id", "length") VALUES (1565, 714);
UPDATE "TrackElement" SET "region" = 1380 WHERE "id" = 1565;
INSERT INTO "monitoredBy" VALUES (1565, 1562);
INSERT INTO "TrackElement" ("id") VALUES (1566);
INSERT INTO "Segment" ("id", "length") VALUES (1566, 348);
UPDATE "TrackElement" SET "region" = 1380 WHERE "id" = 1566;
INSERT INTO "monitoredBy" VALUES (1566, 1562);
INSERT INTO "TrackElement" ("id") VALUES (1567);
INSERT INTO "Segment" ("id", "length") VALUES (1567, 210);
UPDATE "TrackElement" SET "region" = 1380 WHERE "id" = 1567;
INSERT INTO "monitoredBy" VALUES (1567, 1562);
INSERT INTO "Sensor" ("id") VALUES (1568);
UPDATE "Sensor" SET "region" = 1380 WHERE "id" = 1568;
INSERT INTO "monitoredBy" VALUES (1561, 1568);
INSERT INTO "requires" VALUES (1379, 1568);
INSERT INTO "TrackElement" ("id") VALUES (1569);
INSERT INTO "Segment" ("id", "length") VALUES (1569, 206);
UPDATE "TrackElement" SET "region" = 1380 WHERE "id" = 1569;
INSERT INTO "monitoredBy" VALUES (1569, 1568);
INSERT INTO "TrackElement" ("id") VALUES (1570);
INSERT INTO "Segment" ("id", "length") VALUES (1570, 630);
UPDATE "TrackElement" SET "region" = 1380 WHERE "id" = 1570;
INSERT INTO "monitoredBy" VALUES (1570, 1568);
INSERT INTO "TrackElement" ("id") VALUES (1571);
INSERT INTO "Segment" ("id", "length") VALUES (1571, 391);
UPDATE "TrackElement" SET "region" = 1380 WHERE "id" = 1571;
INSERT INTO "monitoredBy" VALUES (1571, 1568);
INSERT INTO "TrackElement" ("id") VALUES (1572);
INSERT INTO "Segment" ("id", "length") VALUES (1572, 61);
UPDATE "TrackElement" SET "region" = 1380 WHERE "id" = 1572;
INSERT INTO "monitoredBy" VALUES (1572, 1568);
INSERT INTO "TrackElement" ("id") VALUES (1573);
INSERT INTO "Segment" ("id", "length") VALUES (1573, 564);
UPDATE "TrackElement" SET "region" = 1380 WHERE "id" = 1573;
INSERT INTO "monitoredBy" VALUES (1573, 1568);
INSERT INTO "Sensor" ("id") VALUES (1574);
UPDATE "Sensor" SET "region" = 1380 WHERE "id" = 1574;
INSERT INTO "monitoredBy" VALUES (1561, 1574);
INSERT INTO "requires" VALUES (1379, 1574);
INSERT INTO "TrackElement" ("id") VALUES (1575);
INSERT INTO "Segment" ("id", "length") VALUES (1575, 807);
UPDATE "TrackElement" SET "region" = 1380 WHERE "id" = 1575;
INSERT INTO "monitoredBy" VALUES (1575, 1574);
INSERT INTO "TrackElement" ("id") VALUES (1576);
INSERT INTO "Segment" ("id", "length") VALUES (1576, 171);
UPDATE "TrackElement" SET "region" = 1380 WHERE "id" = 1576;
INSERT INTO "monitoredBy" VALUES (1576, 1574);
INSERT INTO "TrackElement" ("id") VALUES (1577);
INSERT INTO "Segment" ("id", "length") VALUES (1577, 911);
UPDATE "TrackElement" SET "region" = 1380 WHERE "id" = 1577;
INSERT INTO "monitoredBy" VALUES (1577, 1574);
INSERT INTO "TrackElement" ("id") VALUES (1578);
INSERT INTO "Segment" ("id", "length") VALUES (1578, 730);
UPDATE "TrackElement" SET "region" = 1380 WHERE "id" = 1578;
INSERT INTO "monitoredBy" VALUES (1578, 1574);
INSERT INTO "TrackElement" ("id") VALUES (1579);
INSERT INTO "Segment" ("id", "length") VALUES (1579, 394);
UPDATE "TrackElement" SET "region" = 1380 WHERE "id" = 1579;
INSERT INTO "monitoredBy" VALUES (1579, 1574);
INSERT INTO "Sensor" ("id") VALUES (1580);
UPDATE "Sensor" SET "region" = 1380 WHERE "id" = 1580;
INSERT INTO "monitoredBy" VALUES (1561, 1580);
INSERT INTO "requires" VALUES (1379, 1580);
INSERT INTO "TrackElement" ("id") VALUES (1581);
INSERT INTO "Segment" ("id", "length") VALUES (1581, 387);
UPDATE "TrackElement" SET "region" = 1380 WHERE "id" = 1581;
INSERT INTO "monitoredBy" VALUES (1581, 1580);
INSERT INTO "TrackElement" ("id") VALUES (1582);
INSERT INTO "Segment" ("id", "length") VALUES (1582, 268);
UPDATE "TrackElement" SET "region" = 1380 WHERE "id" = 1582;
INSERT INTO "monitoredBy" VALUES (1582, 1580);
INSERT INTO "TrackElement" ("id") VALUES (1583);
INSERT INTO "Segment" ("id", "length") VALUES (1583, 864);
UPDATE "TrackElement" SET "region" = 1380 WHERE "id" = 1583;
INSERT INTO "monitoredBy" VALUES (1583, 1580);
INSERT INTO "TrackElement" ("id") VALUES (1584);
INSERT INTO "Segment" ("id", "length") VALUES (1584, 468);
UPDATE "TrackElement" SET "region" = 1380 WHERE "id" = 1584;
INSERT INTO "monitoredBy" VALUES (1584, 1580);
INSERT INTO "TrackElement" ("id") VALUES (1585);
INSERT INTO "Segment" ("id", "length") VALUES (1585, -729);
UPDATE "TrackElement" SET "region" = 1380 WHERE "id" = 1585;
INSERT INTO "monitoredBy" VALUES (1585, 1580);
INSERT INTO "Sensor" ("id") VALUES (1586);
UPDATE "Sensor" SET "region" = 1380 WHERE "id" = 1586;
INSERT INTO "monitoredBy" VALUES (1561, 1586);
INSERT INTO "requires" VALUES (1379, 1586);
INSERT INTO "TrackElement" ("id") VALUES (1587);
INSERT INTO "Segment" ("id", "length") VALUES (1587, 781);
UPDATE "TrackElement" SET "region" = 1380 WHERE "id" = 1587;
INSERT INTO "monitoredBy" VALUES (1587, 1586);
INSERT INTO "TrackElement" ("id") VALUES (1588);
INSERT INTO "Segment" ("id", "length") VALUES (1588, 761);
UPDATE "TrackElement" SET "region" = 1380 WHERE "id" = 1588;
INSERT INTO "monitoredBy" VALUES (1588, 1586);
INSERT INTO "TrackElement" ("id") VALUES (1589);
INSERT INTO "Segment" ("id", "length") VALUES (1589, 82);
UPDATE "TrackElement" SET "region" = 1380 WHERE "id" = 1589;
INSERT INTO "monitoredBy" VALUES (1589, 1586);
INSERT INTO "TrackElement" ("id") VALUES (1590);
INSERT INTO "Segment" ("id", "length") VALUES (1590, 98);
UPDATE "TrackElement" SET "region" = 1380 WHERE "id" = 1590;
INSERT INTO "monitoredBy" VALUES (1590, 1586);
INSERT INTO "TrackElement" ("id") VALUES (1591);
INSERT INTO "Segment" ("id", "length") VALUES (1591, 963);
UPDATE "TrackElement" SET "region" = 1380 WHERE "id" = 1591;
INSERT INTO "monitoredBy" VALUES (1591, 1586);
INSERT INTO "Sensor" ("id") VALUES (1592);
UPDATE "Sensor" SET "region" = 1380 WHERE "id" = 1592;
INSERT INTO "monitoredBy" VALUES (1561, 1592);
INSERT INTO "requires" VALUES (1379, 1592);
INSERT INTO "TrackElement" ("id") VALUES (1593);
INSERT INTO "Segment" ("id", "length") VALUES (1593, 185);
UPDATE "TrackElement" SET "region" = 1380 WHERE "id" = 1593;
INSERT INTO "monitoredBy" VALUES (1593, 1592);
INSERT INTO "TrackElement" ("id") VALUES (1594);
INSERT INTO "Segment" ("id", "length") VALUES (1594, 647);
UPDATE "TrackElement" SET "region" = 1380 WHERE "id" = 1594;
INSERT INTO "monitoredBy" VALUES (1594, 1592);
INSERT INTO "TrackElement" ("id") VALUES (1595);
INSERT INTO "Segment" ("id", "length") VALUES (1595, 658);
UPDATE "TrackElement" SET "region" = 1380 WHERE "id" = 1595;
INSERT INTO "monitoredBy" VALUES (1595, 1592);
INSERT INTO "TrackElement" ("id") VALUES (1596);
INSERT INTO "Segment" ("id", "length") VALUES (1596, 666);
UPDATE "TrackElement" SET "region" = 1380 WHERE "id" = 1596;
INSERT INTO "monitoredBy" VALUES (1596, 1592);
INSERT INTO "TrackElement" ("id") VALUES (1597);
INSERT INTO "Segment" ("id", "length") VALUES (1597, 668);
UPDATE "TrackElement" SET "region" = 1380 WHERE "id" = 1597;
INSERT INTO "monitoredBy" VALUES (1597, 1592);
INSERT INTO "SwitchPosition" ("id", "position", "target") VALUES (1598, 2, 1561);
UPDATE "SwitchPosition" SET "route" = 1379 WHERE "id" = 1598;
INSERT INTO "TrackElement" ("id") VALUES (1599);
INSERT INTO "Switch" ("id", "currentPosition") VALUES (1599, 2);
UPDATE "TrackElement" SET "region" = 1380 WHERE "id" = 1599;
INSERT INTO "Sensor" ("id") VALUES (1600);
UPDATE "Sensor" SET "region" = 1380 WHERE "id" = 1600;
INSERT INTO "monitoredBy" VALUES (1599, 1600);
INSERT INTO "requires" VALUES (1379, 1600);
INSERT INTO "TrackElement" ("id") VALUES (1601);
INSERT INTO "Segment" ("id", "length") VALUES (1601, 464);
UPDATE "TrackElement" SET "region" = 1380 WHERE "id" = 1601;
INSERT INTO "monitoredBy" VALUES (1601, 1600);
INSERT INTO "TrackElement" ("id") VALUES (1602);
INSERT INTO "Segment" ("id", "length") VALUES (1602, 78);
UPDATE "TrackElement" SET "region" = 1380 WHERE "id" = 1602;
INSERT INTO "monitoredBy" VALUES (1602, 1600);
INSERT INTO "TrackElement" ("id") VALUES (1603);
INSERT INTO "Segment" ("id", "length") VALUES (1603, 375);
UPDATE "TrackElement" SET "region" = 1380 WHERE "id" = 1603;
INSERT INTO "monitoredBy" VALUES (1603, 1600);
INSERT INTO "TrackElement" ("id") VALUES (1604);
INSERT INTO "Segment" ("id", "length") VALUES (1604, 573);
UPDATE "TrackElement" SET "region" = 1380 WHERE "id" = 1604;
INSERT INTO "monitoredBy" VALUES (1604, 1600);
INSERT INTO "TrackElement" ("id") VALUES (1605);
INSERT INTO "Segment" ("id", "length") VALUES (1605, 825);
UPDATE "TrackElement" SET "region" = 1380 WHERE "id" = 1605;
INSERT INTO "monitoredBy" VALUES (1605, 1600);
INSERT INTO "Sensor" ("id") VALUES (1606);
UPDATE "Sensor" SET "region" = 1380 WHERE "id" = 1606;
INSERT INTO "monitoredBy" VALUES (1599, 1606);
INSERT INTO "requires" VALUES (1379, 1606);
INSERT INTO "TrackElement" ("id") VALUES (1607);
INSERT INTO "Segment" ("id", "length") VALUES (1607, 808);
UPDATE "TrackElement" SET "region" = 1380 WHERE "id" = 1607;
INSERT INTO "monitoredBy" VALUES (1607, 1606);
INSERT INTO "TrackElement" ("id") VALUES (1608);
INSERT INTO "Segment" ("id", "length") VALUES (1608, 741);
UPDATE "TrackElement" SET "region" = 1380 WHERE "id" = 1608;
INSERT INTO "monitoredBy" VALUES (1608, 1606);
INSERT INTO "TrackElement" ("id") VALUES (1609);
INSERT INTO "Segment" ("id", "length") VALUES (1609, 631);
UPDATE "TrackElement" SET "region" = 1380 WHERE "id" = 1609;
INSERT INTO "monitoredBy" VALUES (1609, 1606);
INSERT INTO "TrackElement" ("id") VALUES (1610);
INSERT INTO "Segment" ("id", "length") VALUES (1610, 610);
UPDATE "TrackElement" SET "region" = 1380 WHERE "id" = 1610;
INSERT INTO "monitoredBy" VALUES (1610, 1606);
INSERT INTO "TrackElement" ("id") VALUES (1611);
INSERT INTO "Segment" ("id", "length") VALUES (1611, 284);
UPDATE "TrackElement" SET "region" = 1380 WHERE "id" = 1611;
INSERT INTO "monitoredBy" VALUES (1611, 1606);
INSERT INTO "Sensor" ("id") VALUES (1612);
UPDATE "Sensor" SET "region" = 1380 WHERE "id" = 1612;
INSERT INTO "monitoredBy" VALUES (1599, 1612);
INSERT INTO "requires" VALUES (1379, 1612);
INSERT INTO "TrackElement" ("id") VALUES (1613);
INSERT INTO "Segment" ("id", "length") VALUES (1613, 32);
UPDATE "TrackElement" SET "region" = 1380 WHERE "id" = 1613;
INSERT INTO "monitoredBy" VALUES (1613, 1612);
INSERT INTO "TrackElement" ("id") VALUES (1614);
INSERT INTO "Segment" ("id", "length") VALUES (1614, 236);
UPDATE "TrackElement" SET "region" = 1380 WHERE "id" = 1614;
INSERT INTO "monitoredBy" VALUES (1614, 1612);
INSERT INTO "TrackElement" ("id") VALUES (1615);
INSERT INTO "Segment" ("id", "length") VALUES (1615, 44);
UPDATE "TrackElement" SET "region" = 1380 WHERE "id" = 1615;
INSERT INTO "monitoredBy" VALUES (1615, 1612);
INSERT INTO "TrackElement" ("id") VALUES (1616);
INSERT INTO "Segment" ("id", "length") VALUES (1616, 420);
UPDATE "TrackElement" SET "region" = 1380 WHERE "id" = 1616;
INSERT INTO "monitoredBy" VALUES (1616, 1612);
INSERT INTO "TrackElement" ("id") VALUES (1617);
INSERT INTO "Segment" ("id", "length") VALUES (1617, 700);
UPDATE "TrackElement" SET "region" = 1380 WHERE "id" = 1617;
INSERT INTO "monitoredBy" VALUES (1617, 1612);
INSERT INTO "Sensor" ("id") VALUES (1618);
UPDATE "Sensor" SET "region" = 1380 WHERE "id" = 1618;
INSERT INTO "TrackElement" ("id") VALUES (1619);
INSERT INTO "Segment" ("id", "length") VALUES (1619, 855);
UPDATE "TrackElement" SET "region" = 1380 WHERE "id" = 1619;
INSERT INTO "monitoredBy" VALUES (1619, 1618);
INSERT INTO "TrackElement" ("id") VALUES (1620);
INSERT INTO "Segment" ("id", "length") VALUES (1620, 918);
UPDATE "TrackElement" SET "region" = 1380 WHERE "id" = 1620;
INSERT INTO "monitoredBy" VALUES (1620, 1618);
INSERT INTO "TrackElement" ("id") VALUES (1621);
INSERT INTO "Segment" ("id", "length") VALUES (1621, 856);
UPDATE "TrackElement" SET "region" = 1380 WHERE "id" = 1621;
INSERT INTO "monitoredBy" VALUES (1621, 1618);
INSERT INTO "TrackElement" ("id") VALUES (1622);
INSERT INTO "Segment" ("id", "length") VALUES (1622, 648);
UPDATE "TrackElement" SET "region" = 1380 WHERE "id" = 1622;
INSERT INTO "monitoredBy" VALUES (1622, 1618);
INSERT INTO "TrackElement" ("id") VALUES (1623);
INSERT INTO "Segment" ("id", "length") VALUES (1623, 320);
UPDATE "TrackElement" SET "region" = 1380 WHERE "id" = 1623;
INSERT INTO "monitoredBy" VALUES (1623, 1618);
INSERT INTO "Sensor" ("id") VALUES (1624);
UPDATE "Sensor" SET "region" = 1380 WHERE "id" = 1624;
INSERT INTO "monitoredBy" VALUES (1599, 1624);
INSERT INTO "requires" VALUES (1379, 1624);
INSERT INTO "TrackElement" ("id") VALUES (1625);
INSERT INTO "Segment" ("id", "length") VALUES (1625, 300);
UPDATE "TrackElement" SET "region" = 1380 WHERE "id" = 1625;
INSERT INTO "monitoredBy" VALUES (1625, 1624);
INSERT INTO "TrackElement" ("id") VALUES (1626);
INSERT INTO "Segment" ("id", "length") VALUES (1626, 881);
UPDATE "TrackElement" SET "region" = 1380 WHERE "id" = 1626;
INSERT INTO "monitoredBy" VALUES (1626, 1624);
INSERT INTO "TrackElement" ("id") VALUES (1627);
INSERT INTO "Segment" ("id", "length") VALUES (1627, 212);
UPDATE "TrackElement" SET "region" = 1380 WHERE "id" = 1627;
INSERT INTO "monitoredBy" VALUES (1627, 1624);
INSERT INTO "TrackElement" ("id") VALUES (1628);
INSERT INTO "Segment" ("id", "length") VALUES (1628, 140);
UPDATE "TrackElement" SET "region" = 1380 WHERE "id" = 1628;
INSERT INTO "monitoredBy" VALUES (1628, 1624);
INSERT INTO "TrackElement" ("id") VALUES (1629);
INSERT INTO "Segment" ("id", "length") VALUES (1629, 78);
UPDATE "TrackElement" SET "region" = 1380 WHERE "id" = 1629;
INSERT INTO "monitoredBy" VALUES (1629, 1624);
INSERT INTO "Sensor" ("id") VALUES (1630);
UPDATE "Sensor" SET "region" = 1380 WHERE "id" = 1630;
INSERT INTO "monitoredBy" VALUES (1599, 1630);
INSERT INTO "requires" VALUES (1379, 1630);
INSERT INTO "TrackElement" ("id") VALUES (1631);
INSERT INTO "Segment" ("id", "length") VALUES (1631, 91);
UPDATE "TrackElement" SET "region" = 1380 WHERE "id" = 1631;
INSERT INTO "monitoredBy" VALUES (1631, 1630);
INSERT INTO "TrackElement" ("id") VALUES (1632);
INSERT INTO "Segment" ("id", "length") VALUES (1632, 58);
UPDATE "TrackElement" SET "region" = 1380 WHERE "id" = 1632;
INSERT INTO "monitoredBy" VALUES (1632, 1630);
INSERT INTO "TrackElement" ("id") VALUES (1633);
INSERT INTO "Segment" ("id", "length") VALUES (1633, 701);
UPDATE "TrackElement" SET "region" = 1380 WHERE "id" = 1633;
INSERT INTO "monitoredBy" VALUES (1633, 1630);
INSERT INTO "TrackElement" ("id") VALUES (1634);
INSERT INTO "Segment" ("id", "length") VALUES (1634, 959);
UPDATE "TrackElement" SET "region" = 1380 WHERE "id" = 1634;
INSERT INTO "monitoredBy" VALUES (1634, 1630);
INSERT INTO "TrackElement" ("id") VALUES (1635);
INSERT INTO "Segment" ("id", "length") VALUES (1635, 365);
UPDATE "TrackElement" SET "region" = 1380 WHERE "id" = 1635;
INSERT INTO "monitoredBy" VALUES (1635, 1630);
INSERT INTO "Sensor" ("id") VALUES (1636);
UPDATE "Sensor" SET "region" = 1380 WHERE "id" = 1636;
INSERT INTO "monitoredBy" VALUES (1599, 1636);
INSERT INTO "requires" VALUES (1379, 1636);
INSERT INTO "TrackElement" ("id") VALUES (1637);
INSERT INTO "Segment" ("id", "length") VALUES (1637, 633);
UPDATE "TrackElement" SET "region" = 1380 WHERE "id" = 1637;
INSERT INTO "monitoredBy" VALUES (1637, 1636);
INSERT INTO "TrackElement" ("id") VALUES (1638);
INSERT INTO "Segment" ("id", "length") VALUES (1638, 477);
UPDATE "TrackElement" SET "region" = 1380 WHERE "id" = 1638;
INSERT INTO "monitoredBy" VALUES (1638, 1636);
INSERT INTO "TrackElement" ("id") VALUES (1639);
INSERT INTO "Segment" ("id", "length") VALUES (1639, 244);
UPDATE "TrackElement" SET "region" = 1380 WHERE "id" = 1639;
INSERT INTO "monitoredBy" VALUES (1639, 1636);
INSERT INTO "TrackElement" ("id") VALUES (1640);
INSERT INTO "Segment" ("id", "length") VALUES (1640, 166);
UPDATE "TrackElement" SET "region" = 1380 WHERE "id" = 1640;
INSERT INTO "monitoredBy" VALUES (1640, 1636);
INSERT INTO "TrackElement" ("id") VALUES (1641);
INSERT INTO "Segment" ("id", "length") VALUES (1641, 891);
UPDATE "TrackElement" SET "region" = 1380 WHERE "id" = 1641;
INSERT INTO "monitoredBy" VALUES (1641, 1636);
INSERT INTO "Sensor" ("id") VALUES (1642);
UPDATE "Sensor" SET "region" = 1380 WHERE "id" = 1642;
INSERT INTO "monitoredBy" VALUES (1599, 1642);
INSERT INTO "TrackElement" ("id") VALUES (1643);
INSERT INTO "Segment" ("id", "length") VALUES (1643, 379);
UPDATE "TrackElement" SET "region" = 1380 WHERE "id" = 1643;
INSERT INTO "monitoredBy" VALUES (1643, 1642);
INSERT INTO "TrackElement" ("id") VALUES (1644);
INSERT INTO "Segment" ("id", "length") VALUES (1644, -818);
UPDATE "TrackElement" SET "region" = 1380 WHERE "id" = 1644;
INSERT INTO "monitoredBy" VALUES (1644, 1642);
INSERT INTO "TrackElement" ("id") VALUES (1645);
INSERT INTO "Segment" ("id", "length") VALUES (1645, 830);
UPDATE "TrackElement" SET "region" = 1380 WHERE "id" = 1645;
INSERT INTO "monitoredBy" VALUES (1645, 1642);
INSERT INTO "TrackElement" ("id") VALUES (1646);
INSERT INTO "Segment" ("id", "length") VALUES (1646, 913);
UPDATE "TrackElement" SET "region" = 1380 WHERE "id" = 1646;
INSERT INTO "monitoredBy" VALUES (1646, 1642);
INSERT INTO "TrackElement" ("id") VALUES (1647);
INSERT INTO "Segment" ("id", "length") VALUES (1647, -38);
UPDATE "TrackElement" SET "region" = 1380 WHERE "id" = 1647;
INSERT INTO "monitoredBy" VALUES (1647, 1642);
INSERT INTO "Sensor" ("id") VALUES (1648);
UPDATE "Sensor" SET "region" = 1380 WHERE "id" = 1648;
INSERT INTO "TrackElement" ("id") VALUES (1649);
INSERT INTO "Segment" ("id", "length") VALUES (1649, 871);
UPDATE "TrackElement" SET "region" = 1380 WHERE "id" = 1649;
INSERT INTO "monitoredBy" VALUES (1649, 1648);
INSERT INTO "TrackElement" ("id") VALUES (1650);
INSERT INTO "Segment" ("id", "length") VALUES (1650, 534);
UPDATE "TrackElement" SET "region" = 1380 WHERE "id" = 1650;
INSERT INTO "monitoredBy" VALUES (1650, 1648);
INSERT INTO "TrackElement" ("id") VALUES (1651);
INSERT INTO "Segment" ("id", "length") VALUES (1651, 653);
UPDATE "TrackElement" SET "region" = 1380 WHERE "id" = 1651;
INSERT INTO "monitoredBy" VALUES (1651, 1648);
INSERT INTO "TrackElement" ("id") VALUES (1652);
INSERT INTO "Segment" ("id", "length") VALUES (1652, 945);
UPDATE "TrackElement" SET "region" = 1380 WHERE "id" = 1652;
INSERT INTO "monitoredBy" VALUES (1652, 1648);
INSERT INTO "TrackElement" ("id") VALUES (1653);
INSERT INTO "Segment" ("id", "length") VALUES (1653, 319);
UPDATE "TrackElement" SET "region" = 1380 WHERE "id" = 1653;
INSERT INTO "monitoredBy" VALUES (1653, 1648);
INSERT INTO "SwitchPosition" ("id", "position", "target") VALUES (1654, 0, 1599);
UPDATE "SwitchPosition" SET "route" = 1379 WHERE "id" = 1654;
INSERT INTO "TrackElement" ("id") VALUES (1655);
INSERT INTO "Switch" ("id", "currentPosition") VALUES (1655, 2);
UPDATE "TrackElement" SET "region" = 1380 WHERE "id" = 1655;
INSERT INTO "Sensor" ("id") VALUES (1656);
UPDATE "Sensor" SET "region" = 1380 WHERE "id" = 1656;
INSERT INTO "monitoredBy" VALUES (1655, 1656);
INSERT INTO "requires" VALUES (1379, 1656);
INSERT INTO "TrackElement" ("id") VALUES (1657);
INSERT INTO "Segment" ("id", "length") VALUES (1657, 997);
UPDATE "TrackElement" SET "region" = 1380 WHERE "id" = 1657;
INSERT INTO "monitoredBy" VALUES (1657, 1656);
INSERT INTO "TrackElement" ("id") VALUES (1658);
INSERT INTO "Segment" ("id", "length") VALUES (1658, 364);
UPDATE "TrackElement" SET "region" = 1380 WHERE "id" = 1658;
INSERT INTO "monitoredBy" VALUES (1658, 1656);
INSERT INTO "TrackElement" ("id") VALUES (1659);
INSERT INTO "Segment" ("id", "length") VALUES (1659, 681);
UPDATE "TrackElement" SET "region" = 1380 WHERE "id" = 1659;
INSERT INTO "monitoredBy" VALUES (1659, 1656);
INSERT INTO "TrackElement" ("id") VALUES (1660);
INSERT INTO "Segment" ("id", "length") VALUES (1660, 923);
UPDATE "TrackElement" SET "region" = 1380 WHERE "id" = 1660;
INSERT INTO "monitoredBy" VALUES (1660, 1656);
INSERT INTO "TrackElement" ("id") VALUES (1661);
INSERT INTO "Segment" ("id", "length") VALUES (1661, 80);
UPDATE "TrackElement" SET "region" = 1380 WHERE "id" = 1661;
INSERT INTO "monitoredBy" VALUES (1661, 1656);
INSERT INTO "Sensor" ("id") VALUES (1662);
UPDATE "Sensor" SET "region" = 1380 WHERE "id" = 1662;
INSERT INTO "monitoredBy" VALUES (1655, 1662);
INSERT INTO "requires" VALUES (1379, 1662);
INSERT INTO "TrackElement" ("id") VALUES (1663);
INSERT INTO "Segment" ("id", "length") VALUES (1663, 142);
UPDATE "TrackElement" SET "region" = 1380 WHERE "id" = 1663;
INSERT INTO "monitoredBy" VALUES (1663, 1662);
INSERT INTO "TrackElement" ("id") VALUES (1664);
INSERT INTO "Segment" ("id", "length") VALUES (1664, 913);
UPDATE "TrackElement" SET "region" = 1380 WHERE "id" = 1664;
INSERT INTO "monitoredBy" VALUES (1664, 1662);
INSERT INTO "TrackElement" ("id") VALUES (1665);
INSERT INTO "Segment" ("id", "length") VALUES (1665, 275);
UPDATE "TrackElement" SET "region" = 1380 WHERE "id" = 1665;
INSERT INTO "monitoredBy" VALUES (1665, 1662);
INSERT INTO "TrackElement" ("id") VALUES (1666);
INSERT INTO "Segment" ("id", "length") VALUES (1666, 492);
UPDATE "TrackElement" SET "region" = 1380 WHERE "id" = 1666;
INSERT INTO "monitoredBy" VALUES (1666, 1662);
INSERT INTO "TrackElement" ("id") VALUES (1667);
INSERT INTO "Segment" ("id", "length") VALUES (1667, 382);
UPDATE "TrackElement" SET "region" = 1380 WHERE "id" = 1667;
INSERT INTO "monitoredBy" VALUES (1667, 1662);
INSERT INTO "Sensor" ("id") VALUES (1668);
UPDATE "Sensor" SET "region" = 1380 WHERE "id" = 1668;
INSERT INTO "monitoredBy" VALUES (1655, 1668);
INSERT INTO "requires" VALUES (1379, 1668);
INSERT INTO "TrackElement" ("id") VALUES (1669);
INSERT INTO "Segment" ("id", "length") VALUES (1669, -725);
UPDATE "TrackElement" SET "region" = 1380 WHERE "id" = 1669;
INSERT INTO "monitoredBy" VALUES (1669, 1668);
INSERT INTO "TrackElement" ("id") VALUES (1670);
INSERT INTO "Segment" ("id", "length") VALUES (1670, 557);
UPDATE "TrackElement" SET "region" = 1380 WHERE "id" = 1670;
INSERT INTO "monitoredBy" VALUES (1670, 1668);
INSERT INTO "TrackElement" ("id") VALUES (1671);
INSERT INTO "Segment" ("id", "length") VALUES (1671, 667);
UPDATE "TrackElement" SET "region" = 1380 WHERE "id" = 1671;
INSERT INTO "monitoredBy" VALUES (1671, 1668);
INSERT INTO "TrackElement" ("id") VALUES (1672);
INSERT INTO "Segment" ("id", "length") VALUES (1672, 165);
UPDATE "TrackElement" SET "region" = 1380 WHERE "id" = 1672;
INSERT INTO "monitoredBy" VALUES (1672, 1668);
INSERT INTO "TrackElement" ("id") VALUES (1673);
INSERT INTO "Segment" ("id", "length") VALUES (1673, 753);
UPDATE "TrackElement" SET "region" = 1380 WHERE "id" = 1673;
INSERT INTO "monitoredBy" VALUES (1673, 1668);
INSERT INTO "SwitchPosition" ("id", "position", "target") VALUES (1674, 2, 1655);
UPDATE "SwitchPosition" SET "route" = 1379 WHERE "id" = 1674;
INSERT INTO "TrackElement" ("id") VALUES (1675);
INSERT INTO "Switch" ("id", "currentPosition") VALUES (1675, 0);
UPDATE "TrackElement" SET "region" = 1380 WHERE "id" = 1675;
INSERT INTO "Sensor" ("id") VALUES (1676);
UPDATE "Sensor" SET "region" = 1380 WHERE "id" = 1676;
INSERT INTO "monitoredBy" VALUES (1675, 1676);
INSERT INTO "requires" VALUES (1379, 1676);
INSERT INTO "TrackElement" ("id") VALUES (1677);
INSERT INTO "Segment" ("id", "length") VALUES (1677, 238);
UPDATE "TrackElement" SET "region" = 1380 WHERE "id" = 1677;
INSERT INTO "monitoredBy" VALUES (1677, 1676);
INSERT INTO "TrackElement" ("id") VALUES (1678);
INSERT INTO "Segment" ("id", "length") VALUES (1678, 745);
UPDATE "TrackElement" SET "region" = 1380 WHERE "id" = 1678;
INSERT INTO "monitoredBy" VALUES (1678, 1676);
INSERT INTO "TrackElement" ("id") VALUES (1679);
INSERT INTO "Segment" ("id", "length") VALUES (1679, 691);
UPDATE "TrackElement" SET "region" = 1380 WHERE "id" = 1679;
INSERT INTO "monitoredBy" VALUES (1679, 1676);
INSERT INTO "TrackElement" ("id") VALUES (1680);
INSERT INTO "Segment" ("id", "length") VALUES (1680, -898);
UPDATE "TrackElement" SET "region" = 1380 WHERE "id" = 1680;
INSERT INTO "monitoredBy" VALUES (1680, 1676);
INSERT INTO "TrackElement" ("id") VALUES (1681);
INSERT INTO "Segment" ("id", "length") VALUES (1681, 804);
UPDATE "TrackElement" SET "region" = 1380 WHERE "id" = 1681;
INSERT INTO "monitoredBy" VALUES (1681, 1676);
INSERT INTO "SwitchPosition" ("id", "position", "target") VALUES (1682, 0, 1675);
UPDATE "SwitchPosition" SET "route" = 1379 WHERE "id" = 1682;
INSERT INTO "TrackElement" ("id") VALUES (1683);
INSERT INTO "Switch" ("id", "currentPosition") VALUES (1683, 0);
UPDATE "TrackElement" SET "region" = 1380 WHERE "id" = 1683;
INSERT INTO "Sensor" ("id") VALUES (1684);
UPDATE "Sensor" SET "region" = 1380 WHERE "id" = 1684;
INSERT INTO "monitoredBy" VALUES (1683, 1684);
INSERT INTO "TrackElement" ("id") VALUES (1685);
INSERT INTO "Segment" ("id", "length") VALUES (1685, 482);
UPDATE "TrackElement" SET "region" = 1380 WHERE "id" = 1685;
INSERT INTO "monitoredBy" VALUES (1685, 1684);
INSERT INTO "TrackElement" ("id") VALUES (1686);
INSERT INTO "Segment" ("id", "length") VALUES (1686, 205);
UPDATE "TrackElement" SET "region" = 1380 WHERE "id" = 1686;
INSERT INTO "monitoredBy" VALUES (1686, 1684);
INSERT INTO "TrackElement" ("id") VALUES (1687);
INSERT INTO "Segment" ("id", "length") VALUES (1687, 758);
UPDATE "TrackElement" SET "region" = 1380 WHERE "id" = 1687;
INSERT INTO "monitoredBy" VALUES (1687, 1684);
INSERT INTO "TrackElement" ("id") VALUES (1688);
INSERT INTO "Segment" ("id", "length") VALUES (1688, -142);
UPDATE "TrackElement" SET "region" = 1380 WHERE "id" = 1688;
INSERT INTO "monitoredBy" VALUES (1688, 1684);
INSERT INTO "TrackElement" ("id") VALUES (1689);
INSERT INTO "Segment" ("id", "length") VALUES (1689, 723);
UPDATE "TrackElement" SET "region" = 1380 WHERE "id" = 1689;
INSERT INTO "monitoredBy" VALUES (1689, 1684);
INSERT INTO "SwitchPosition" ("id", "position", "target") VALUES (1690, 0, 1683);
UPDATE "SwitchPosition" SET "route" = 1379 WHERE "id" = 1690;
INSERT INTO "TrackElement" ("id") VALUES (1691);
INSERT INTO "Switch" ("id", "currentPosition") VALUES (1691, 0);
UPDATE "TrackElement" SET "region" = 1380 WHERE "id" = 1691;
INSERT INTO "Sensor" ("id") VALUES (1692);
UPDATE "Sensor" SET "region" = 1380 WHERE "id" = 1692;
INSERT INTO "monitoredBy" VALUES (1691, 1692);
INSERT INTO "requires" VALUES (1379, 1692);
INSERT INTO "TrackElement" ("id") VALUES (1693);
INSERT INTO "Segment" ("id", "length") VALUES (1693, -768);
UPDATE "TrackElement" SET "region" = 1380 WHERE "id" = 1693;
INSERT INTO "monitoredBy" VALUES (1693, 1692);
INSERT INTO "TrackElement" ("id") VALUES (1694);
INSERT INTO "Segment" ("id", "length") VALUES (1694, 563);
UPDATE "TrackElement" SET "region" = 1380 WHERE "id" = 1694;
INSERT INTO "monitoredBy" VALUES (1694, 1692);
INSERT INTO "TrackElement" ("id") VALUES (1695);
INSERT INTO "Segment" ("id", "length") VALUES (1695, 113);
UPDATE "TrackElement" SET "region" = 1380 WHERE "id" = 1695;
INSERT INTO "monitoredBy" VALUES (1695, 1692);
INSERT INTO "TrackElement" ("id") VALUES (1696);
INSERT INTO "Segment" ("id", "length") VALUES (1696, 377);
UPDATE "TrackElement" SET "region" = 1380 WHERE "id" = 1696;
INSERT INTO "monitoredBy" VALUES (1696, 1692);
INSERT INTO "TrackElement" ("id") VALUES (1697);
INSERT INTO "Segment" ("id", "length") VALUES (1697, 575);
UPDATE "TrackElement" SET "region" = 1380 WHERE "id" = 1697;
INSERT INTO "monitoredBy" VALUES (1697, 1692);
INSERT INTO "TrackElement" ("id") VALUES (1698);
INSERT INTO "Segment" ("id", "length") VALUES (1698, 408);
UPDATE "TrackElement" SET "region" = 1380 WHERE "id" = 1698;
INSERT INTO "monitoredBy" VALUES (1698, 1692);
INSERT INTO "Sensor" ("id") VALUES (1699);
UPDATE "Sensor" SET "region" = 1380 WHERE "id" = 1699;
INSERT INTO "monitoredBy" VALUES (1691, 1699);
INSERT INTO "requires" VALUES (1379, 1699);
INSERT INTO "TrackElement" ("id") VALUES (1700);
INSERT INTO "Segment" ("id", "length") VALUES (1700, -129);
UPDATE "TrackElement" SET "region" = 1380 WHERE "id" = 1700;
INSERT INTO "monitoredBy" VALUES (1700, 1699);
INSERT INTO "TrackElement" ("id") VALUES (1701);
INSERT INTO "Segment" ("id", "length") VALUES (1701, 249);
UPDATE "TrackElement" SET "region" = 1380 WHERE "id" = 1701;
INSERT INTO "monitoredBy" VALUES (1701, 1699);
INSERT INTO "TrackElement" ("id") VALUES (1702);
INSERT INTO "Segment" ("id", "length") VALUES (1702, 211);
UPDATE "TrackElement" SET "region" = 1380 WHERE "id" = 1702;
INSERT INTO "monitoredBy" VALUES (1702, 1699);
INSERT INTO "TrackElement" ("id") VALUES (1703);
INSERT INTO "Segment" ("id", "length") VALUES (1703, 290);
UPDATE "TrackElement" SET "region" = 1380 WHERE "id" = 1703;
INSERT INTO "monitoredBy" VALUES (1703, 1699);
INSERT INTO "TrackElement" ("id") VALUES (1704);
INSERT INTO "Segment" ("id", "length") VALUES (1704, 911);
UPDATE "TrackElement" SET "region" = 1380 WHERE "id" = 1704;
INSERT INTO "monitoredBy" VALUES (1704, 1699);
INSERT INTO "Sensor" ("id") VALUES (1705);
UPDATE "Sensor" SET "region" = 1380 WHERE "id" = 1705;
INSERT INTO "TrackElement" ("id") VALUES (1706);
INSERT INTO "Segment" ("id", "length") VALUES (1706, 349);
UPDATE "TrackElement" SET "region" = 1380 WHERE "id" = 1706;
INSERT INTO "monitoredBy" VALUES (1706, 1705);
INSERT INTO "TrackElement" ("id") VALUES (1707);
INSERT INTO "Segment" ("id", "length") VALUES (1707, 452);
UPDATE "TrackElement" SET "region" = 1380 WHERE "id" = 1707;
INSERT INTO "monitoredBy" VALUES (1707, 1705);
INSERT INTO "TrackElement" ("id") VALUES (1708);
INSERT INTO "Segment" ("id", "length") VALUES (1708, 602);
UPDATE "TrackElement" SET "region" = 1380 WHERE "id" = 1708;
INSERT INTO "monitoredBy" VALUES (1708, 1705);
INSERT INTO "TrackElement" ("id") VALUES (1709);
INSERT INTO "Segment" ("id", "length") VALUES (1709, 900);
UPDATE "TrackElement" SET "region" = 1380 WHERE "id" = 1709;
INSERT INTO "monitoredBy" VALUES (1709, 1705);
INSERT INTO "TrackElement" ("id") VALUES (1710);
INSERT INTO "Segment" ("id", "length") VALUES (1710, 248);
UPDATE "TrackElement" SET "region" = 1380 WHERE "id" = 1710;
INSERT INTO "monitoredBy" VALUES (1710, 1705);
INSERT INTO "TrackElement" ("id") VALUES (1711);
INSERT INTO "Segment" ("id", "length") VALUES (1711, -550);
UPDATE "TrackElement" SET "region" = 1380 WHERE "id" = 1711;
INSERT INTO "monitoredBy" VALUES (1711, 1705);
INSERT INTO "Sensor" ("id") VALUES (1712);
UPDATE "Sensor" SET "region" = 1380 WHERE "id" = 1712;
INSERT INTO "monitoredBy" VALUES (1691, 1712);
INSERT INTO "requires" VALUES (1379, 1712);
INSERT INTO "TrackElement" ("id") VALUES (1713);
INSERT INTO "Segment" ("id", "length") VALUES (1713, 351);
UPDATE "TrackElement" SET "region" = 1380 WHERE "id" = 1713;
INSERT INTO "monitoredBy" VALUES (1713, 1712);
INSERT INTO "TrackElement" ("id") VALUES (1714);
INSERT INTO "Segment" ("id", "length") VALUES (1714, 411);
UPDATE "TrackElement" SET "region" = 1380 WHERE "id" = 1714;
INSERT INTO "monitoredBy" VALUES (1714, 1712);
INSERT INTO "TrackElement" ("id") VALUES (1715);
INSERT INTO "Segment" ("id", "length") VALUES (1715, 95);
UPDATE "TrackElement" SET "region" = 1380 WHERE "id" = 1715;
INSERT INTO "monitoredBy" VALUES (1715, 1712);
INSERT INTO "TrackElement" ("id") VALUES (1716);
INSERT INTO "Segment" ("id", "length") VALUES (1716, 664);
UPDATE "TrackElement" SET "region" = 1380 WHERE "id" = 1716;
INSERT INTO "monitoredBy" VALUES (1716, 1712);
INSERT INTO "TrackElement" ("id") VALUES (1717);
INSERT INTO "Segment" ("id", "length") VALUES (1717, 912);
UPDATE "TrackElement" SET "region" = 1380 WHERE "id" = 1717;
INSERT INTO "monitoredBy" VALUES (1717, 1712);
INSERT INTO "SwitchPosition" ("id", "position", "target") VALUES (1718, 0, 1691);
UPDATE "SwitchPosition" SET "route" = 1379 WHERE "id" = 1718;
INSERT INTO "TrackElement" ("id") VALUES (1719);
INSERT INTO "Switch" ("id", "currentPosition") VALUES (1719, 1);
UPDATE "TrackElement" SET "region" = 1380 WHERE "id" = 1719;
INSERT INTO "Sensor" ("id") VALUES (1720);
UPDATE "Sensor" SET "region" = 1380 WHERE "id" = 1720;
INSERT INTO "monitoredBy" VALUES (1719, 1720);
INSERT INTO "requires" VALUES (1379, 1720);
INSERT INTO "TrackElement" ("id") VALUES (1721);
INSERT INTO "Segment" ("id", "length") VALUES (1721, 192);
UPDATE "TrackElement" SET "region" = 1380 WHERE "id" = 1721;
INSERT INTO "monitoredBy" VALUES (1721, 1720);
INSERT INTO "TrackElement" ("id") VALUES (1722);
INSERT INTO "Segment" ("id", "length") VALUES (1722, 99);
UPDATE "TrackElement" SET "region" = 1380 WHERE "id" = 1722;
INSERT INTO "monitoredBy" VALUES (1722, 1720);
INSERT INTO "TrackElement" ("id") VALUES (1723);
INSERT INTO "Segment" ("id", "length") VALUES (1723, 759);
UPDATE "TrackElement" SET "region" = 1380 WHERE "id" = 1723;
INSERT INTO "monitoredBy" VALUES (1723, 1720);
INSERT INTO "TrackElement" ("id") VALUES (1724);
INSERT INTO "Segment" ("id", "length") VALUES (1724, 453);
UPDATE "TrackElement" SET "region" = 1380 WHERE "id" = 1724;
INSERT INTO "monitoredBy" VALUES (1724, 1720);
INSERT INTO "TrackElement" ("id") VALUES (1725);
INSERT INTO "Segment" ("id", "length") VALUES (1725, 180);
UPDATE "TrackElement" SET "region" = 1380 WHERE "id" = 1725;
INSERT INTO "monitoredBy" VALUES (1725, 1720);
INSERT INTO "Sensor" ("id") VALUES (1726);
UPDATE "Sensor" SET "region" = 1380 WHERE "id" = 1726;
INSERT INTO "monitoredBy" VALUES (1719, 1726);
INSERT INTO "requires" VALUES (1379, 1726);
INSERT INTO "TrackElement" ("id") VALUES (1727);
INSERT INTO "Segment" ("id", "length") VALUES (1727, 599);
UPDATE "TrackElement" SET "region" = 1380 WHERE "id" = 1727;
INSERT INTO "monitoredBy" VALUES (1727, 1726);
INSERT INTO "TrackElement" ("id") VALUES (1728);
INSERT INTO "Segment" ("id", "length") VALUES (1728, 504);
UPDATE "TrackElement" SET "region" = 1380 WHERE "id" = 1728;
INSERT INTO "monitoredBy" VALUES (1728, 1726);
INSERT INTO "TrackElement" ("id") VALUES (1729);
INSERT INTO "Segment" ("id", "length") VALUES (1729, 616);
UPDATE "TrackElement" SET "region" = 1380 WHERE "id" = 1729;
INSERT INTO "monitoredBy" VALUES (1729, 1726);
INSERT INTO "TrackElement" ("id") VALUES (1730);
INSERT INTO "Segment" ("id", "length") VALUES (1730, 471);
UPDATE "TrackElement" SET "region" = 1380 WHERE "id" = 1730;
INSERT INTO "monitoredBy" VALUES (1730, 1726);
INSERT INTO "TrackElement" ("id") VALUES (1731);
INSERT INTO "Segment" ("id", "length") VALUES (1731, 714);
UPDATE "TrackElement" SET "region" = 1380 WHERE "id" = 1731;
INSERT INTO "monitoredBy" VALUES (1731, 1726);
INSERT INTO "SwitchPosition" ("id", "position", "target") VALUES (1732, 1, 1719);
UPDATE "SwitchPosition" SET "route" = 1379 WHERE "id" = 1732;
INSERT INTO "TrackElement" ("id") VALUES (1733);
INSERT INTO "Switch" ("id", "currentPosition") VALUES (1733, 1);
UPDATE "TrackElement" SET "region" = 1380 WHERE "id" = 1733;
INSERT INTO "Sensor" ("id") VALUES (1734);
UPDATE "Sensor" SET "region" = 1380 WHERE "id" = 1734;
INSERT INTO "monitoredBy" VALUES (1733, 1734);
INSERT INTO "requires" VALUES (1379, 1734);
INSERT INTO "TrackElement" ("id") VALUES (1735);
INSERT INTO "Segment" ("id", "length") VALUES (1735, 525);
UPDATE "TrackElement" SET "region" = 1380 WHERE "id" = 1735;
INSERT INTO "monitoredBy" VALUES (1735, 1734);
INSERT INTO "TrackElement" ("id") VALUES (1736);
INSERT INTO "Segment" ("id", "length") VALUES (1736, 758);
UPDATE "TrackElement" SET "region" = 1380 WHERE "id" = 1736;
INSERT INTO "monitoredBy" VALUES (1736, 1734);
INSERT INTO "TrackElement" ("id") VALUES (1737);
INSERT INTO "Segment" ("id", "length") VALUES (1737, -793);
UPDATE "TrackElement" SET "region" = 1380 WHERE "id" = 1737;
INSERT INTO "monitoredBy" VALUES (1737, 1734);
INSERT INTO "TrackElement" ("id") VALUES (1738);
INSERT INTO "Segment" ("id", "length") VALUES (1738, -760);
UPDATE "TrackElement" SET "region" = 1380 WHERE "id" = 1738;
INSERT INTO "monitoredBy" VALUES (1738, 1734);
INSERT INTO "TrackElement" ("id") VALUES (1739);
INSERT INTO "Segment" ("id", "length") VALUES (1739, 636);
UPDATE "TrackElement" SET "region" = 1380 WHERE "id" = 1739;
INSERT INTO "monitoredBy" VALUES (1739, 1734);
INSERT INTO "Sensor" ("id") VALUES (1740);
UPDATE "Sensor" SET "region" = 1380 WHERE "id" = 1740;
INSERT INTO "monitoredBy" VALUES (1733, 1740);
INSERT INTO "requires" VALUES (1379, 1740);
INSERT INTO "TrackElement" ("id") VALUES (1741);
INSERT INTO "Segment" ("id", "length") VALUES (1741, 364);
UPDATE "TrackElement" SET "region" = 1380 WHERE "id" = 1741;
INSERT INTO "monitoredBy" VALUES (1741, 1740);
INSERT INTO "TrackElement" ("id") VALUES (1742);
INSERT INTO "Segment" ("id", "length") VALUES (1742, 357);
UPDATE "TrackElement" SET "region" = 1380 WHERE "id" = 1742;
INSERT INTO "monitoredBy" VALUES (1742, 1740);
INSERT INTO "TrackElement" ("id") VALUES (1743);
INSERT INTO "Segment" ("id", "length") VALUES (1743, 566);
UPDATE "TrackElement" SET "region" = 1380 WHERE "id" = 1743;
INSERT INTO "monitoredBy" VALUES (1743, 1740);
INSERT INTO "TrackElement" ("id") VALUES (1744);
INSERT INTO "Segment" ("id", "length") VALUES (1744, 604);
UPDATE "TrackElement" SET "region" = 1380 WHERE "id" = 1744;
INSERT INTO "monitoredBy" VALUES (1744, 1740);
INSERT INTO "TrackElement" ("id") VALUES (1745);
INSERT INTO "Segment" ("id", "length") VALUES (1745, 367);
UPDATE "TrackElement" SET "region" = 1380 WHERE "id" = 1745;
INSERT INTO "monitoredBy" VALUES (1745, 1740);
INSERT INTO "Sensor" ("id") VALUES (1746);
UPDATE "Sensor" SET "region" = 1380 WHERE "id" = 1746;
INSERT INTO "monitoredBy" VALUES (1733, 1746);
INSERT INTO "requires" VALUES (1379, 1746);
INSERT INTO "TrackElement" ("id") VALUES (1747);
INSERT INTO "Segment" ("id", "length") VALUES (1747, 492);
UPDATE "TrackElement" SET "region" = 1380 WHERE "id" = 1747;
INSERT INTO "monitoredBy" VALUES (1747, 1746);
INSERT INTO "TrackElement" ("id") VALUES (1748);
INSERT INTO "Segment" ("id", "length") VALUES (1748, 685);
UPDATE "TrackElement" SET "region" = 1380 WHERE "id" = 1748;
INSERT INTO "monitoredBy" VALUES (1748, 1746);
INSERT INTO "TrackElement" ("id") VALUES (1749);
INSERT INTO "Segment" ("id", "length") VALUES (1749, 37);
UPDATE "TrackElement" SET "region" = 1380 WHERE "id" = 1749;
INSERT INTO "monitoredBy" VALUES (1749, 1746);
INSERT INTO "TrackElement" ("id") VALUES (1750);
INSERT INTO "Segment" ("id", "length") VALUES (1750, 148);
UPDATE "TrackElement" SET "region" = 1380 WHERE "id" = 1750;
INSERT INTO "monitoredBy" VALUES (1750, 1746);
INSERT INTO "TrackElement" ("id") VALUES (1751);
INSERT INTO "Segment" ("id", "length") VALUES (1751, 427);
UPDATE "TrackElement" SET "region" = 1380 WHERE "id" = 1751;
INSERT INTO "monitoredBy" VALUES (1751, 1746);
INSERT INTO "Sensor" ("id") VALUES (1752);
UPDATE "Sensor" SET "region" = 1380 WHERE "id" = 1752;
INSERT INTO "monitoredBy" VALUES (1733, 1752);
INSERT INTO "requires" VALUES (1379, 1752);
INSERT INTO "TrackElement" ("id") VALUES (1753);
INSERT INTO "Segment" ("id", "length") VALUES (1753, -766);
UPDATE "TrackElement" SET "region" = 1380 WHERE "id" = 1753;
INSERT INTO "monitoredBy" VALUES (1753, 1752);
INSERT INTO "TrackElement" ("id") VALUES (1754);
INSERT INTO "Segment" ("id", "length") VALUES (1754, 461);
UPDATE "TrackElement" SET "region" = 1380 WHERE "id" = 1754;
INSERT INTO "monitoredBy" VALUES (1754, 1752);
INSERT INTO "TrackElement" ("id") VALUES (1755);
INSERT INTO "Segment" ("id", "length") VALUES (1755, 905);
UPDATE "TrackElement" SET "region" = 1380 WHERE "id" = 1755;
INSERT INTO "monitoredBy" VALUES (1755, 1752);
INSERT INTO "TrackElement" ("id") VALUES (1756);
INSERT INTO "Segment" ("id", "length") VALUES (1756, 883);
UPDATE "TrackElement" SET "region" = 1380 WHERE "id" = 1756;
INSERT INTO "monitoredBy" VALUES (1756, 1752);
INSERT INTO "TrackElement" ("id") VALUES (1757);
INSERT INTO "Segment" ("id", "length") VALUES (1757, 881);
UPDATE "TrackElement" SET "region" = 1380 WHERE "id" = 1757;
INSERT INTO "monitoredBy" VALUES (1757, 1752);
INSERT INTO "Sensor" ("id") VALUES (1758);
UPDATE "Sensor" SET "region" = 1380 WHERE "id" = 1758;
INSERT INTO "monitoredBy" VALUES (1733, 1758);
INSERT INTO "requires" VALUES (1379, 1758);
INSERT INTO "TrackElement" ("id") VALUES (1759);
INSERT INTO "Segment" ("id", "length") VALUES (1759, 255);
UPDATE "TrackElement" SET "region" = 1380 WHERE "id" = 1759;
INSERT INTO "monitoredBy" VALUES (1759, 1758);
INSERT INTO "TrackElement" ("id") VALUES (1760);
INSERT INTO "Segment" ("id", "length") VALUES (1760, 902);
UPDATE "TrackElement" SET "region" = 1380 WHERE "id" = 1760;
INSERT INTO "monitoredBy" VALUES (1760, 1758);
INSERT INTO "TrackElement" ("id") VALUES (1761);
INSERT INTO "Segment" ("id", "length") VALUES (1761, 265);
UPDATE "TrackElement" SET "region" = 1380 WHERE "id" = 1761;
INSERT INTO "monitoredBy" VALUES (1761, 1758);
INSERT INTO "TrackElement" ("id") VALUES (1762);
INSERT INTO "Segment" ("id", "length") VALUES (1762, 47);
UPDATE "TrackElement" SET "region" = 1380 WHERE "id" = 1762;
INSERT INTO "monitoredBy" VALUES (1762, 1758);
INSERT INTO "TrackElement" ("id") VALUES (1763);
INSERT INTO "Segment" ("id", "length") VALUES (1763, 926);
UPDATE "TrackElement" SET "region" = 1380 WHERE "id" = 1763;
INSERT INTO "monitoredBy" VALUES (1763, 1758);
INSERT INTO "SwitchPosition" ("id", "position", "target") VALUES (1764, 1, 1733);
UPDATE "SwitchPosition" SET "route" = 1379 WHERE "id" = 1764;
INSERT INTO "connectsTo" VALUES (1381, 1383);
INSERT INTO "connectsTo" VALUES (1383, 1384);
INSERT INTO "connectsTo" VALUES (1384, 1385);
INSERT INTO "connectsTo" VALUES (1385, 1386);
INSERT INTO "connectsTo" VALUES (1386, 1387);
INSERT INTO "connectsTo" VALUES (1387, 1389);
INSERT INTO "connectsTo" VALUES (1389, 1390);
INSERT INTO "connectsTo" VALUES (1390, 1391);
INSERT INTO "connectsTo" VALUES (1391, 1392);
INSERT INTO "connectsTo" VALUES (1392, 1393);
INSERT INTO "connectsTo" VALUES (1393, 1395);
INSERT INTO "connectsTo" VALUES (1395, 1396);
INSERT INTO "connectsTo" VALUES (1396, 1397);
INSERT INTO "connectsTo" VALUES (1397, 1398);
INSERT INTO "connectsTo" VALUES (1398, 1399);
INSERT INTO "connectsTo" VALUES (1399, 1401);
INSERT INTO "connectsTo" VALUES (1401, 1402);
INSERT INTO "connectsTo" VALUES (1402, 1403);
INSERT INTO "connectsTo" VALUES (1403, 1404);
INSERT INTO "connectsTo" VALUES (1404, 1405);
INSERT INTO "connectsTo" VALUES (1405, 1407);
INSERT INTO "connectsTo" VALUES (1407, 1408);
INSERT INTO "connectsTo" VALUES (1408, 1409);
INSERT INTO "connectsTo" VALUES (1409, 1410);
INSERT INTO "connectsTo" VALUES (1410, 1411);
INSERT INTO "connectsTo" VALUES (1411, 1413);
INSERT INTO "connectsTo" VALUES (1413, 1414);
INSERT INTO "connectsTo" VALUES (1414, 1415);
INSERT INTO "connectsTo" VALUES (1415, 1416);
INSERT INTO "connectsTo" VALUES (1416, 1417);
INSERT INTO "connectsTo" VALUES (1417, 1419);
INSERT INTO "connectsTo" VALUES (1419, 1420);
INSERT INTO "connectsTo" VALUES (1420, 1421);
INSERT INTO "connectsTo" VALUES (1421, 1422);
INSERT INTO "connectsTo" VALUES (1422, 1423);
INSERT INTO "connectsTo" VALUES (1423, 1425);
INSERT INTO "connectsTo" VALUES (1425, 1427);
INSERT INTO "connectsTo" VALUES (1427, 1428);
INSERT INTO "connectsTo" VALUES (1428, 1429);
INSERT INTO "connectsTo" VALUES (1429, 1430);
INSERT INTO "connectsTo" VALUES (1430, 1431);
INSERT INTO "connectsTo" VALUES (1431, 1433);
INSERT INTO "connectsTo" VALUES (1433, 1434);
INSERT INTO "connectsTo" VALUES (1434, 1435);
INSERT INTO "connectsTo" VALUES (1435, 1436);
INSERT INTO "connectsTo" VALUES (1436, 1437);
INSERT INTO "connectsTo" VALUES (1437, 1439);
INSERT INTO "connectsTo" VALUES (1439, 1441);
INSERT INTO "connectsTo" VALUES (1441, 1442);
INSERT INTO "connectsTo" VALUES (1442, 1443);
INSERT INTO "connectsTo" VALUES (1443, 1444);
INSERT INTO "connectsTo" VALUES (1444, 1445);
INSERT INTO "connectsTo" VALUES (1445, 1447);
INSERT INTO "connectsTo" VALUES (1447, 1448);
INSERT INTO "connectsTo" VALUES (1448, 1449);
INSERT INTO "connectsTo" VALUES (1449, 1450);
INSERT INTO "connectsTo" VALUES (1450, 1451);
INSERT INTO "connectsTo" VALUES (1451, 1453);
INSERT INTO "connectsTo" VALUES (1453, 1454);
INSERT INTO "connectsTo" VALUES (1454, 1455);
INSERT INTO "connectsTo" VALUES (1455, 1456);
INSERT INTO "connectsTo" VALUES (1456, 1457);
INSERT INTO "connectsTo" VALUES (1457, 1459);
INSERT INTO "connectsTo" VALUES (1459, 1461);
INSERT INTO "connectsTo" VALUES (1461, 1462);
INSERT INTO "connectsTo" VALUES (1462, 1463);
INSERT INTO "connectsTo" VALUES (1463, 1464);
INSERT INTO "connectsTo" VALUES (1464, 1465);
INSERT INTO "connectsTo" VALUES (1465, 1467);
INSERT INTO "connectsTo" VALUES (1467, 1468);
INSERT INTO "connectsTo" VALUES (1468, 1469);
INSERT INTO "connectsTo" VALUES (1469, 1470);
INSERT INTO "connectsTo" VALUES (1470, 1471);
INSERT INTO "connectsTo" VALUES (1471, 1473);
INSERT INTO "connectsTo" VALUES (1473, 1475);
INSERT INTO "connectsTo" VALUES (1475, 1476);
INSERT INTO "connectsTo" VALUES (1476, 1477);
INSERT INTO "connectsTo" VALUES (1477, 1478);
INSERT INTO "connectsTo" VALUES (1478, 1479);
INSERT INTO "connectsTo" VALUES (1479, 1481);
INSERT INTO "connectsTo" VALUES (1481, 1482);
INSERT INTO "connectsTo" VALUES (1482, 1483);
INSERT INTO "connectsTo" VALUES (1483, 1484);
INSERT INTO "connectsTo" VALUES (1484, 1485);
INSERT INTO "connectsTo" VALUES (1485, 1487);
INSERT INTO "connectsTo" VALUES (1487, 1488);
INSERT INTO "connectsTo" VALUES (1488, 1489);
INSERT INTO "connectsTo" VALUES (1489, 1490);
INSERT INTO "connectsTo" VALUES (1490, 1491);
INSERT INTO "connectsTo" VALUES (1491, 1493);
INSERT INTO "connectsTo" VALUES (1493, 1494);
INSERT INTO "connectsTo" VALUES (1494, 1495);
INSERT INTO "connectsTo" VALUES (1495, 1496);
INSERT INTO "connectsTo" VALUES (1496, 1497);
INSERT INTO "connectsTo" VALUES (1497, 1499);
INSERT INTO "connectsTo" VALUES (1499, 1500);
INSERT INTO "connectsTo" VALUES (1500, 1501);
INSERT INTO "connectsTo" VALUES (1501, 1502);
INSERT INTO "connectsTo" VALUES (1502, 1503);
INSERT INTO "connectsTo" VALUES (1503, 1505);
INSERT INTO "connectsTo" VALUES (1505, 1507);
INSERT INTO "connectsTo" VALUES (1507, 1508);
INSERT INTO "connectsTo" VALUES (1508, 1509);
INSERT INTO "connectsTo" VALUES (1509, 1510);
INSERT INTO "connectsTo" VALUES (1510, 1511);
INSERT INTO "connectsTo" VALUES (1511, 1513);
INSERT INTO "connectsTo" VALUES (1513, 1514);
INSERT INTO "connectsTo" VALUES (1514, 1515);
INSERT INTO "connectsTo" VALUES (1515, 1516);
INSERT INTO "connectsTo" VALUES (1516, 1517);
INSERT INTO "connectsTo" VALUES (1517, 1519);
INSERT INTO "connectsTo" VALUES (1519, 1520);
INSERT INTO "connectsTo" VALUES (1520, 1521);
INSERT INTO "connectsTo" VALUES (1521, 1522);
INSERT INTO "connectsTo" VALUES (1522, 1523);
INSERT INTO "connectsTo" VALUES (1523, 1525);
INSERT INTO "connectsTo" VALUES (1525, 1526);
INSERT INTO "connectsTo" VALUES (1526, 1527);
INSERT INTO "connectsTo" VALUES (1527, 1528);
INSERT INTO "connectsTo" VALUES (1528, 1529);
INSERT INTO "connectsTo" VALUES (1529, 1531);
INSERT INTO "connectsTo" VALUES (1531, 1532);
INSERT INTO "connectsTo" VALUES (1532, 1533);
INSERT INTO "connectsTo" VALUES (1533, 1534);
INSERT INTO "connectsTo" VALUES (1534, 1535);
INSERT INTO "connectsTo" VALUES (1535, 1537);
INSERT INTO "connectsTo" VALUES (1537, 1538);
INSERT INTO "connectsTo" VALUES (1538, 1539);
INSERT INTO "connectsTo" VALUES (1539, 1540);
INSERT INTO "connectsTo" VALUES (1540, 1541);
INSERT INTO "connectsTo" VALUES (1541, 1543);
INSERT INTO "connectsTo" VALUES (1543, 1544);
INSERT INTO "connectsTo" VALUES (1544, 1545);
INSERT INTO "connectsTo" VALUES (1545, 1546);
INSERT INTO "connectsTo" VALUES (1546, 1547);
INSERT INTO "connectsTo" VALUES (1547, 1549);
INSERT INTO "connectsTo" VALUES (1549, 1550);
INSERT INTO "connectsTo" VALUES (1550, 1551);
INSERT INTO "connectsTo" VALUES (1551, 1552);
INSERT INTO "connectsTo" VALUES (1552, 1553);
INSERT INTO "connectsTo" VALUES (1553, 1555);
INSERT INTO "connectsTo" VALUES (1555, 1556);
INSERT INTO "connectsTo" VALUES (1556, 1557);
INSERT INTO "connectsTo" VALUES (1557, 1558);
INSERT INTO "connectsTo" VALUES (1558, 1559);
INSERT INTO "connectsTo" VALUES (1559, 1561);
INSERT INTO "connectsTo" VALUES (1561, 1563);
INSERT INTO "connectsTo" VALUES (1563, 1564);
INSERT INTO "connectsTo" VALUES (1564, 1565);
INSERT INTO "connectsTo" VALUES (1565, 1566);
INSERT INTO "connectsTo" VALUES (1566, 1567);
INSERT INTO "connectsTo" VALUES (1567, 1569);
INSERT INTO "connectsTo" VALUES (1569, 1570);
INSERT INTO "connectsTo" VALUES (1570, 1571);
INSERT INTO "connectsTo" VALUES (1571, 1572);
INSERT INTO "connectsTo" VALUES (1572, 1573);
INSERT INTO "connectsTo" VALUES (1573, 1575);
INSERT INTO "connectsTo" VALUES (1575, 1576);
INSERT INTO "connectsTo" VALUES (1576, 1577);
INSERT INTO "connectsTo" VALUES (1577, 1578);
INSERT INTO "connectsTo" VALUES (1578, 1579);
INSERT INTO "connectsTo" VALUES (1579, 1581);
INSERT INTO "connectsTo" VALUES (1581, 1582);
INSERT INTO "connectsTo" VALUES (1582, 1583);
INSERT INTO "connectsTo" VALUES (1583, 1584);
INSERT INTO "connectsTo" VALUES (1584, 1585);
INSERT INTO "connectsTo" VALUES (1585, 1587);
INSERT INTO "connectsTo" VALUES (1587, 1588);
INSERT INTO "connectsTo" VALUES (1588, 1589);
INSERT INTO "connectsTo" VALUES (1589, 1590);
INSERT INTO "connectsTo" VALUES (1590, 1591);
INSERT INTO "connectsTo" VALUES (1591, 1593);
INSERT INTO "connectsTo" VALUES (1593, 1594);
INSERT INTO "connectsTo" VALUES (1594, 1595);
INSERT INTO "connectsTo" VALUES (1595, 1596);
INSERT INTO "connectsTo" VALUES (1596, 1597);
INSERT INTO "connectsTo" VALUES (1597, 1599);
INSERT INTO "connectsTo" VALUES (1599, 1601);
INSERT INTO "connectsTo" VALUES (1601, 1602);
INSERT INTO "connectsTo" VALUES (1602, 1603);
INSERT INTO "connectsTo" VALUES (1603, 1604);
INSERT INTO "connectsTo" VALUES (1604, 1605);
INSERT INTO "connectsTo" VALUES (1605, 1607);
INSERT INTO "connectsTo" VALUES (1607, 1608);
INSERT INTO "connectsTo" VALUES (1608, 1609);
INSERT INTO "connectsTo" VALUES (1609, 1610);
INSERT INTO "connectsTo" VALUES (1610, 1611);
INSERT INTO "connectsTo" VALUES (1611, 1613);
INSERT INTO "connectsTo" VALUES (1613, 1614);
INSERT INTO "connectsTo" VALUES (1614, 1615);
INSERT INTO "connectsTo" VALUES (1615, 1616);
INSERT INTO "connectsTo" VALUES (1616, 1617);
INSERT INTO "connectsTo" VALUES (1617, 1619);
INSERT INTO "connectsTo" VALUES (1619, 1620);
INSERT INTO "connectsTo" VALUES (1620, 1621);
INSERT INTO "connectsTo" VALUES (1621, 1622);
INSERT INTO "connectsTo" VALUES (1622, 1623);
INSERT INTO "connectsTo" VALUES (1623, 1625);
INSERT INTO "connectsTo" VALUES (1625, 1626);
INSERT INTO "connectsTo" VALUES (1626, 1627);
INSERT INTO "connectsTo" VALUES (1627, 1628);
INSERT INTO "connectsTo" VALUES (1628, 1629);
INSERT INTO "connectsTo" VALUES (1629, 1631);
INSERT INTO "connectsTo" VALUES (1631, 1632);
INSERT INTO "connectsTo" VALUES (1632, 1633);
INSERT INTO "connectsTo" VALUES (1633, 1634);
INSERT INTO "connectsTo" VALUES (1634, 1635);
INSERT INTO "connectsTo" VALUES (1635, 1637);
INSERT INTO "connectsTo" VALUES (1637, 1638);
INSERT INTO "connectsTo" VALUES (1638, 1639);
INSERT INTO "connectsTo" VALUES (1639, 1640);
INSERT INTO "connectsTo" VALUES (1640, 1641);
INSERT INTO "connectsTo" VALUES (1641, 1643);
INSERT INTO "connectsTo" VALUES (1643, 1644);
INSERT INTO "connectsTo" VALUES (1644, 1645);
INSERT INTO "connectsTo" VALUES (1645, 1646);
INSERT INTO "connectsTo" VALUES (1646, 1647);
INSERT INTO "connectsTo" VALUES (1647, 1649);
INSERT INTO "connectsTo" VALUES (1649, 1650);
INSERT INTO "connectsTo" VALUES (1650, 1651);
INSERT INTO "connectsTo" VALUES (1651, 1652);
INSERT INTO "connectsTo" VALUES (1652, 1653);
INSERT INTO "connectsTo" VALUES (1653, 1655);
INSERT INTO "connectsTo" VALUES (1655, 1657);
INSERT INTO "connectsTo" VALUES (1657, 1658);
INSERT INTO "connectsTo" VALUES (1658, 1659);
INSERT INTO "connectsTo" VALUES (1659, 1660);
INSERT INTO "connectsTo" VALUES (1660, 1661);
INSERT INTO "connectsTo" VALUES (1661, 1663);
INSERT INTO "connectsTo" VALUES (1663, 1664);
INSERT INTO "connectsTo" VALUES (1664, 1665);
INSERT INTO "connectsTo" VALUES (1665, 1666);
INSERT INTO "connectsTo" VALUES (1666, 1667);
INSERT INTO "connectsTo" VALUES (1667, 1669);
INSERT INTO "connectsTo" VALUES (1669, 1670);
INSERT INTO "connectsTo" VALUES (1670, 1671);
INSERT INTO "connectsTo" VALUES (1671, 1672);
INSERT INTO "connectsTo" VALUES (1672, 1673);
INSERT INTO "connectsTo" VALUES (1673, 1675);
INSERT INTO "connectsTo" VALUES (1675, 1677);
INSERT INTO "connectsTo" VALUES (1677, 1678);
INSERT INTO "connectsTo" VALUES (1678, 1679);
INSERT INTO "connectsTo" VALUES (1679, 1680);
INSERT INTO "connectsTo" VALUES (1680, 1681);
INSERT INTO "connectsTo" VALUES (1681, 1683);
INSERT INTO "connectsTo" VALUES (1683, 1685);
INSERT INTO "connectsTo" VALUES (1685, 1686);
INSERT INTO "connectsTo" VALUES (1686, 1687);
INSERT INTO "connectsTo" VALUES (1687, 1688);
INSERT INTO "connectsTo" VALUES (1688, 1689);
INSERT INTO "connectsTo" VALUES (1689, 1691);
INSERT INTO "connectsTo" VALUES (1691, 1693);
INSERT INTO "connectsTo" VALUES (1693, 1694);
INSERT INTO "connectsTo" VALUES (1694, 1695);
INSERT INTO "connectsTo" VALUES (1695, 1696);
INSERT INTO "connectsTo" VALUES (1696, 1697);
INSERT INTO "connectsTo" VALUES (1697, 1698);
INSERT INTO "connectsTo" VALUES (1698, 1700);
INSERT INTO "connectsTo" VALUES (1700, 1701);
INSERT INTO "connectsTo" VALUES (1701, 1702);
INSERT INTO "connectsTo" VALUES (1702, 1703);
INSERT INTO "connectsTo" VALUES (1703, 1704);
INSERT INTO "connectsTo" VALUES (1704, 1706);
INSERT INTO "connectsTo" VALUES (1706, 1707);
INSERT INTO "connectsTo" VALUES (1707, 1708);
INSERT INTO "connectsTo" VALUES (1708, 1709);
INSERT INTO "connectsTo" VALUES (1709, 1710);
INSERT INTO "connectsTo" VALUES (1710, 1711);
INSERT INTO "connectsTo" VALUES (1711, 1713);
INSERT INTO "connectsTo" VALUES (1713, 1714);
INSERT INTO "connectsTo" VALUES (1714, 1715);
INSERT INTO "connectsTo" VALUES (1715, 1716);
INSERT INTO "connectsTo" VALUES (1716, 1717);
INSERT INTO "connectsTo" VALUES (1717, 1719);
INSERT INTO "connectsTo" VALUES (1719, 1721);
INSERT INTO "connectsTo" VALUES (1721, 1722);
INSERT INTO "connectsTo" VALUES (1722, 1723);
INSERT INTO "connectsTo" VALUES (1723, 1724);
INSERT INTO "connectsTo" VALUES (1724, 1725);
INSERT INTO "connectsTo" VALUES (1725, 1727);
INSERT INTO "connectsTo" VALUES (1727, 1728);
INSERT INTO "connectsTo" VALUES (1728, 1729);
INSERT INTO "connectsTo" VALUES (1729, 1730);
INSERT INTO "connectsTo" VALUES (1730, 1731);
INSERT INTO "connectsTo" VALUES (1731, 1733);
INSERT INTO "connectsTo" VALUES (1733, 1735);
INSERT INTO "connectsTo" VALUES (1735, 1736);
INSERT INTO "connectsTo" VALUES (1736, 1737);
INSERT INTO "connectsTo" VALUES (1737, 1738);
INSERT INTO "connectsTo" VALUES (1738, 1739);
INSERT INTO "connectsTo" VALUES (1739, 1741);
INSERT INTO "connectsTo" VALUES (1741, 1742);
INSERT INTO "connectsTo" VALUES (1742, 1743);
INSERT INTO "connectsTo" VALUES (1743, 1744);
INSERT INTO "connectsTo" VALUES (1744, 1745);
INSERT INTO "connectsTo" VALUES (1745, 1747);
INSERT INTO "connectsTo" VALUES (1747, 1748);
INSERT INTO "connectsTo" VALUES (1748, 1749);
INSERT INTO "connectsTo" VALUES (1749, 1750);
INSERT INTO "connectsTo" VALUES (1750, 1751);
INSERT INTO "connectsTo" VALUES (1751, 1753);
INSERT INTO "connectsTo" VALUES (1753, 1754);
INSERT INTO "connectsTo" VALUES (1754, 1755);
INSERT INTO "connectsTo" VALUES (1755, 1756);
INSERT INTO "connectsTo" VALUES (1756, 1757);
INSERT INTO "connectsTo" VALUES (1757, 1759);
INSERT INTO "connectsTo" VALUES (1759, 1760);
INSERT INTO "connectsTo" VALUES (1760, 1761);
INSERT INTO "connectsTo" VALUES (1761, 1762);
INSERT INTO "connectsTo" VALUES (1762, 1763);
INSERT INTO "connectsTo" VALUES (1376, 1381);
INSERT INTO "Semaphore" ("id", "signal") VALUES (1765, 2);
INSERT INTO "Route" ("id", "active", "entry", "exit") VALUES (1766, 1, 1378, 1765);
INSERT INTO "Region" ("id") VALUES (1767);
INSERT INTO "TrackElement" ("id") VALUES (1768);
INSERT INTO "Switch" ("id", "currentPosition") VALUES (1768, 2);
UPDATE "TrackElement" SET "region" = 1767 WHERE "id" = 1768;
INSERT INTO "Sensor" ("id") VALUES (1769);
UPDATE "Sensor" SET "region" = 1767 WHERE "id" = 1769;
INSERT INTO "monitoredBy" VALUES (1768, 1769);
INSERT INTO "requires" VALUES (1766, 1769);
INSERT INTO "TrackElement" ("id") VALUES (1770);
INSERT INTO "Segment" ("id", "length") VALUES (1770, 195);
UPDATE "TrackElement" SET "region" = 1767 WHERE "id" = 1770;
INSERT INTO "monitoredBy" VALUES (1770, 1769);
UPDATE "Semaphore" SET "segment" = 1770 WHERE "id" = 1765;
INSERT INTO "TrackElement" ("id") VALUES (1771);
INSERT INTO "Segment" ("id", "length") VALUES (1771, 672);
UPDATE "TrackElement" SET "region" = 1767 WHERE "id" = 1771;
INSERT INTO "monitoredBy" VALUES (1771, 1769);
INSERT INTO "TrackElement" ("id") VALUES (1772);
INSERT INTO "Segment" ("id", "length") VALUES (1772, -733);
UPDATE "TrackElement" SET "region" = 1767 WHERE "id" = 1772;
INSERT INTO "monitoredBy" VALUES (1772, 1769);
INSERT INTO "TrackElement" ("id") VALUES (1773);
INSERT INTO "Segment" ("id", "length") VALUES (1773, 496);
UPDATE "TrackElement" SET "region" = 1767 WHERE "id" = 1773;
INSERT INTO "monitoredBy" VALUES (1773, 1769);
INSERT INTO "TrackElement" ("id") VALUES (1774);
INSERT INTO "Segment" ("id", "length") VALUES (1774, 608);
UPDATE "TrackElement" SET "region" = 1767 WHERE "id" = 1774;
INSERT INTO "monitoredBy" VALUES (1774, 1769);
INSERT INTO "Sensor" ("id") VALUES (1775);
UPDATE "Sensor" SET "region" = 1767 WHERE "id" = 1775;
INSERT INTO "monitoredBy" VALUES (1768, 1775);
INSERT INTO "requires" VALUES (1766, 1775);
INSERT INTO "TrackElement" ("id") VALUES (1776);
INSERT INTO "Segment" ("id", "length") VALUES (1776, 551);
UPDATE "TrackElement" SET "region" = 1767 WHERE "id" = 1776;
INSERT INTO "monitoredBy" VALUES (1776, 1775);
INSERT INTO "TrackElement" ("id") VALUES (1777);
INSERT INTO "Segment" ("id", "length") VALUES (1777, -102);
UPDATE "TrackElement" SET "region" = 1767 WHERE "id" = 1777;
INSERT INTO "monitoredBy" VALUES (1777, 1775);
INSERT INTO "TrackElement" ("id") VALUES (1778);
INSERT INTO "Segment" ("id", "length") VALUES (1778, 942);
UPDATE "TrackElement" SET "region" = 1767 WHERE "id" = 1778;
INSERT INTO "monitoredBy" VALUES (1778, 1775);
INSERT INTO "TrackElement" ("id") VALUES (1779);
INSERT INTO "Segment" ("id", "length") VALUES (1779, 763);
UPDATE "TrackElement" SET "region" = 1767 WHERE "id" = 1779;
INSERT INTO "monitoredBy" VALUES (1779, 1775);
INSERT INTO "TrackElement" ("id") VALUES (1780);
INSERT INTO "Segment" ("id", "length") VALUES (1780, 403);
UPDATE "TrackElement" SET "region" = 1767 WHERE "id" = 1780;
INSERT INTO "monitoredBy" VALUES (1780, 1775);
INSERT INTO "TrackElement" ("id") VALUES (1781);
INSERT INTO "Segment" ("id", "length") VALUES (1781, 99);
UPDATE "TrackElement" SET "region" = 1767 WHERE "id" = 1781;
INSERT INTO "monitoredBy" VALUES (1781, 1775);
INSERT INTO "Sensor" ("id") VALUES (1782);
UPDATE "Sensor" SET "region" = 1767 WHERE "id" = 1782;
INSERT INTO "monitoredBy" VALUES (1768, 1782);
INSERT INTO "TrackElement" ("id") VALUES (1783);
INSERT INTO "Segment" ("id", "length") VALUES (1783, 615);
UPDATE "TrackElement" SET "region" = 1767 WHERE "id" = 1783;
INSERT INTO "monitoredBy" VALUES (1783, 1782);
INSERT INTO "TrackElement" ("id") VALUES (1784);
INSERT INTO "Segment" ("id", "length") VALUES (1784, 929);
UPDATE "TrackElement" SET "region" = 1767 WHERE "id" = 1784;
INSERT INTO "monitoredBy" VALUES (1784, 1782);
INSERT INTO "TrackElement" ("id") VALUES (1785);
INSERT INTO "Segment" ("id", "length") VALUES (1785, 887);
UPDATE "TrackElement" SET "region" = 1767 WHERE "id" = 1785;
INSERT INTO "monitoredBy" VALUES (1785, 1782);
INSERT INTO "TrackElement" ("id") VALUES (1786);
INSERT INTO "Segment" ("id", "length") VALUES (1786, 710);
UPDATE "TrackElement" SET "region" = 1767 WHERE "id" = 1786;
INSERT INTO "monitoredBy" VALUES (1786, 1782);
INSERT INTO "TrackElement" ("id") VALUES (1787);
INSERT INTO "Segment" ("id", "length") VALUES (1787, 387);
UPDATE "TrackElement" SET "region" = 1767 WHERE "id" = 1787;
INSERT INTO "monitoredBy" VALUES (1787, 1782);
INSERT INTO "Sensor" ("id") VALUES (1788);
UPDATE "Sensor" SET "region" = 1767 WHERE "id" = 1788;
INSERT INTO "monitoredBy" VALUES (1768, 1788);
INSERT INTO "TrackElement" ("id") VALUES (1789);
INSERT INTO "Segment" ("id", "length") VALUES (1789, -50);
UPDATE "TrackElement" SET "region" = 1767 WHERE "id" = 1789;
INSERT INTO "monitoredBy" VALUES (1789, 1788);
INSERT INTO "TrackElement" ("id") VALUES (1790);
INSERT INTO "Segment" ("id", "length") VALUES (1790, 55);
UPDATE "TrackElement" SET "region" = 1767 WHERE "id" = 1790;
INSERT INTO "monitoredBy" VALUES (1790, 1788);
INSERT INTO "TrackElement" ("id") VALUES (1791);
INSERT INTO "Segment" ("id", "length") VALUES (1791, 667);
UPDATE "TrackElement" SET "region" = 1767 WHERE "id" = 1791;
INSERT INTO "monitoredBy" VALUES (1791, 1788);
INSERT INTO "TrackElement" ("id") VALUES (1792);
INSERT INTO "Segment" ("id", "length") VALUES (1792, 317);
UPDATE "TrackElement" SET "region" = 1767 WHERE "id" = 1792;
INSERT INTO "monitoredBy" VALUES (1792, 1788);
INSERT INTO "TrackElement" ("id") VALUES (1793);
INSERT INTO "Segment" ("id", "length") VALUES (1793, 285);
UPDATE "TrackElement" SET "region" = 1767 WHERE "id" = 1793;
INSERT INTO "monitoredBy" VALUES (1793, 1788);
INSERT INTO "Sensor" ("id") VALUES (1794);
UPDATE "Sensor" SET "region" = 1767 WHERE "id" = 1794;
INSERT INTO "TrackElement" ("id") VALUES (1795);
INSERT INTO "Segment" ("id", "length") VALUES (1795, 813);
UPDATE "TrackElement" SET "region" = 1767 WHERE "id" = 1795;
INSERT INTO "monitoredBy" VALUES (1795, 1794);
INSERT INTO "TrackElement" ("id") VALUES (1796);
INSERT INTO "Segment" ("id", "length") VALUES (1796, 889);
UPDATE "TrackElement" SET "region" = 1767 WHERE "id" = 1796;
INSERT INTO "monitoredBy" VALUES (1796, 1794);
INSERT INTO "TrackElement" ("id") VALUES (1797);
INSERT INTO "Segment" ("id", "length") VALUES (1797, 914);
UPDATE "TrackElement" SET "region" = 1767 WHERE "id" = 1797;
INSERT INTO "monitoredBy" VALUES (1797, 1794);
INSERT INTO "TrackElement" ("id") VALUES (1798);
INSERT INTO "Segment" ("id", "length") VALUES (1798, -85);
UPDATE "TrackElement" SET "region" = 1767 WHERE "id" = 1798;
INSERT INTO "monitoredBy" VALUES (1798, 1794);
INSERT INTO "TrackElement" ("id") VALUES (1799);
INSERT INTO "Segment" ("id", "length") VALUES (1799, 258);
UPDATE "TrackElement" SET "region" = 1767 WHERE "id" = 1799;
INSERT INTO "monitoredBy" VALUES (1799, 1794);
INSERT INTO "Sensor" ("id") VALUES (1800);
UPDATE "Sensor" SET "region" = 1767 WHERE "id" = 1800;
INSERT INTO "monitoredBy" VALUES (1768, 1800);
INSERT INTO "requires" VALUES (1766, 1800);
INSERT INTO "TrackElement" ("id") VALUES (1801);
INSERT INTO "Segment" ("id", "length") VALUES (1801, -269);
UPDATE "TrackElement" SET "region" = 1767 WHERE "id" = 1801;
INSERT INTO "monitoredBy" VALUES (1801, 1800);
INSERT INTO "TrackElement" ("id") VALUES (1802);
INSERT INTO "Segment" ("id", "length") VALUES (1802, 655);
UPDATE "TrackElement" SET "region" = 1767 WHERE "id" = 1802;
INSERT INTO "monitoredBy" VALUES (1802, 1800);
INSERT INTO "TrackElement" ("id") VALUES (1803);
INSERT INTO "Segment" ("id", "length") VALUES (1803, 432);
UPDATE "TrackElement" SET "region" = 1767 WHERE "id" = 1803;
INSERT INTO "monitoredBy" VALUES (1803, 1800);
INSERT INTO "TrackElement" ("id") VALUES (1804);
INSERT INTO "Segment" ("id", "length") VALUES (1804, 310);
UPDATE "TrackElement" SET "region" = 1767 WHERE "id" = 1804;
INSERT INTO "monitoredBy" VALUES (1804, 1800);
INSERT INTO "TrackElement" ("id") VALUES (1805);
INSERT INTO "Segment" ("id", "length") VALUES (1805, 232);
UPDATE "TrackElement" SET "region" = 1767 WHERE "id" = 1805;
INSERT INTO "monitoredBy" VALUES (1805, 1800);
INSERT INTO "SwitchPosition" ("id", "position", "target") VALUES (1806, 0, 1768);
UPDATE "SwitchPosition" SET "route" = 1766 WHERE "id" = 1806;
INSERT INTO "TrackElement" ("id") VALUES (1807);
INSERT INTO "Switch" ("id", "currentPosition") VALUES (1807, 0);
UPDATE "TrackElement" SET "region" = 1767 WHERE "id" = 1807;
INSERT INTO "Sensor" ("id") VALUES (1808);
UPDATE "Sensor" SET "region" = 1767 WHERE "id" = 1808;
INSERT INTO "monitoredBy" VALUES (1807, 1808);
INSERT INTO "requires" VALUES (1766, 1808);
INSERT INTO "TrackElement" ("id") VALUES (1809);
INSERT INTO "Segment" ("id", "length") VALUES (1809, 511);
UPDATE "TrackElement" SET "region" = 1767 WHERE "id" = 1809;
INSERT INTO "monitoredBy" VALUES (1809, 1808);
INSERT INTO "TrackElement" ("id") VALUES (1810);
INSERT INTO "Segment" ("id", "length") VALUES (1810, 404);
UPDATE "TrackElement" SET "region" = 1767 WHERE "id" = 1810;
INSERT INTO "monitoredBy" VALUES (1810, 1808);
INSERT INTO "TrackElement" ("id") VALUES (1811);
INSERT INTO "Segment" ("id", "length") VALUES (1811, -9);
UPDATE "TrackElement" SET "region" = 1767 WHERE "id" = 1811;
INSERT INTO "monitoredBy" VALUES (1811, 1808);
INSERT INTO "TrackElement" ("id") VALUES (1812);
INSERT INTO "Segment" ("id", "length") VALUES (1812, -278);
UPDATE "TrackElement" SET "region" = 1767 WHERE "id" = 1812;
INSERT INTO "monitoredBy" VALUES (1812, 1808);
INSERT INTO "TrackElement" ("id") VALUES (1813);
INSERT INTO "Segment" ("id", "length") VALUES (1813, -151);
UPDATE "TrackElement" SET "region" = 1767 WHERE "id" = 1813;
INSERT INTO "monitoredBy" VALUES (1813, 1808);
INSERT INTO "Sensor" ("id") VALUES (1814);
UPDATE "Sensor" SET "region" = 1767 WHERE "id" = 1814;
INSERT INTO "TrackElement" ("id") VALUES (1815);
INSERT INTO "Segment" ("id", "length") VALUES (1815, 927);
UPDATE "TrackElement" SET "region" = 1767 WHERE "id" = 1815;
INSERT INTO "monitoredBy" VALUES (1815, 1814);
INSERT INTO "TrackElement" ("id") VALUES (1816);
INSERT INTO "Segment" ("id", "length") VALUES (1816, 444);
UPDATE "TrackElement" SET "region" = 1767 WHERE "id" = 1816;
INSERT INTO "monitoredBy" VALUES (1816, 1814);
INSERT INTO "TrackElement" ("id") VALUES (1817);
INSERT INTO "Segment" ("id", "length") VALUES (1817, -263);
UPDATE "TrackElement" SET "region" = 1767 WHERE "id" = 1817;
INSERT INTO "monitoredBy" VALUES (1817, 1814);
INSERT INTO "TrackElement" ("id") VALUES (1818);
INSERT INTO "Segment" ("id", "length") VALUES (1818, 576);
UPDATE "TrackElement" SET "region" = 1767 WHERE "id" = 1818;
INSERT INTO "monitoredBy" VALUES (1818, 1814);
INSERT INTO "TrackElement" ("id") VALUES (1819);
INSERT INTO "Segment" ("id", "length") VALUES (1819, 575);
UPDATE "TrackElement" SET "region" = 1767 WHERE "id" = 1819;
INSERT INTO "monitoredBy" VALUES (1819, 1814);
INSERT INTO "Sensor" ("id") VALUES (1820);
UPDATE "Sensor" SET "region" = 1767 WHERE "id" = 1820;
INSERT INTO "monitoredBy" VALUES (1807, 1820);
INSERT INTO "requires" VALUES (1766, 1820);
INSERT INTO "TrackElement" ("id") VALUES (1821);
INSERT INTO "Segment" ("id", "length") VALUES (1821, 11);
UPDATE "TrackElement" SET "region" = 1767 WHERE "id" = 1821;
INSERT INTO "monitoredBy" VALUES (1821, 1820);
INSERT INTO "TrackElement" ("id") VALUES (1822);
INSERT INTO "Segment" ("id", "length") VALUES (1822, 914);
UPDATE "TrackElement" SET "region" = 1767 WHERE "id" = 1822;
INSERT INTO "monitoredBy" VALUES (1822, 1820);
INSERT INTO "TrackElement" ("id") VALUES (1823);
INSERT INTO "Segment" ("id", "length") VALUES (1823, 324);
UPDATE "TrackElement" SET "region" = 1767 WHERE "id" = 1823;
INSERT INTO "monitoredBy" VALUES (1823, 1820);
INSERT INTO "TrackElement" ("id") VALUES (1824);
INSERT INTO "Segment" ("id", "length") VALUES (1824, 356);
UPDATE "TrackElement" SET "region" = 1767 WHERE "id" = 1824;
INSERT INTO "monitoredBy" VALUES (1824, 1820);
INSERT INTO "TrackElement" ("id") VALUES (1825);
INSERT INTO "Segment" ("id", "length") VALUES (1825, -13);
UPDATE "TrackElement" SET "region" = 1767 WHERE "id" = 1825;
INSERT INTO "monitoredBy" VALUES (1825, 1820);
INSERT INTO "Sensor" ("id") VALUES (1826);
UPDATE "Sensor" SET "region" = 1767 WHERE "id" = 1826;
INSERT INTO "TrackElement" ("id") VALUES (1827);
INSERT INTO "Segment" ("id", "length") VALUES (1827, 229);
UPDATE "TrackElement" SET "region" = 1767 WHERE "id" = 1827;
INSERT INTO "monitoredBy" VALUES (1827, 1826);
INSERT INTO "TrackElement" ("id") VALUES (1828);
INSERT INTO "Segment" ("id", "length") VALUES (1828, 309);
UPDATE "TrackElement" SET "region" = 1767 WHERE "id" = 1828;
INSERT INTO "monitoredBy" VALUES (1828, 1826);
INSERT INTO "TrackElement" ("id") VALUES (1829);
INSERT INTO "Segment" ("id", "length") VALUES (1829, 541);
UPDATE "TrackElement" SET "region" = 1767 WHERE "id" = 1829;
INSERT INTO "monitoredBy" VALUES (1829, 1826);
INSERT INTO "TrackElement" ("id") VALUES (1830);
INSERT INTO "Segment" ("id", "length") VALUES (1830, -594);
UPDATE "TrackElement" SET "region" = 1767 WHERE "id" = 1830;
INSERT INTO "monitoredBy" VALUES (1830, 1826);
INSERT INTO "TrackElement" ("id") VALUES (1831);
INSERT INTO "Segment" ("id", "length") VALUES (1831, 924);
UPDATE "TrackElement" SET "region" = 1767 WHERE "id" = 1831;
INSERT INTO "monitoredBy" VALUES (1831, 1826);
INSERT INTO "SwitchPosition" ("id", "position", "target") VALUES (1832, 0, 1807);
UPDATE "SwitchPosition" SET "route" = 1766 WHERE "id" = 1832;
INSERT INTO "TrackElement" ("id") VALUES (1833);
INSERT INTO "Switch" ("id", "currentPosition") VALUES (1833, 1);
UPDATE "TrackElement" SET "region" = 1767 WHERE "id" = 1833;
INSERT INTO "Sensor" ("id") VALUES (1834);
UPDATE "Sensor" SET "region" = 1767 WHERE "id" = 1834;
INSERT INTO "monitoredBy" VALUES (1833, 1834);
INSERT INTO "requires" VALUES (1766, 1834);
INSERT INTO "TrackElement" ("id") VALUES (1835);
INSERT INTO "Segment" ("id", "length") VALUES (1835, 584);
UPDATE "TrackElement" SET "region" = 1767 WHERE "id" = 1835;
INSERT INTO "monitoredBy" VALUES (1835, 1834);
INSERT INTO "TrackElement" ("id") VALUES (1836);
INSERT INTO "Segment" ("id", "length") VALUES (1836, 801);
UPDATE "TrackElement" SET "region" = 1767 WHERE "id" = 1836;
INSERT INTO "monitoredBy" VALUES (1836, 1834);
INSERT INTO "TrackElement" ("id") VALUES (1837);
INSERT INTO "Segment" ("id", "length") VALUES (1837, 749);
UPDATE "TrackElement" SET "region" = 1767 WHERE "id" = 1837;
INSERT INTO "monitoredBy" VALUES (1837, 1834);
INSERT INTO "TrackElement" ("id") VALUES (1838);
INSERT INTO "Segment" ("id", "length") VALUES (1838, 887);
UPDATE "TrackElement" SET "region" = 1767 WHERE "id" = 1838;
INSERT INTO "monitoredBy" VALUES (1838, 1834);
INSERT INTO "TrackElement" ("id") VALUES (1839);
INSERT INTO "Segment" ("id", "length") VALUES (1839, 819);
UPDATE "TrackElement" SET "region" = 1767 WHERE "id" = 1839;
INSERT INTO "monitoredBy" VALUES (1839, 1834);
INSERT INTO "Sensor" ("id") VALUES (1840);
UPDATE "Sensor" SET "region" = 1767 WHERE "id" = 1840;
INSERT INTO "TrackElement" ("id") VALUES (1841);
INSERT INTO "Segment" ("id", "length") VALUES (1841, 838);
UPDATE "TrackElement" SET "region" = 1767 WHERE "id" = 1841;
INSERT INTO "monitoredBy" VALUES (1841, 1840);
INSERT INTO "TrackElement" ("id") VALUES (1842);
INSERT INTO "Segment" ("id", "length") VALUES (1842, 820);
UPDATE "TrackElement" SET "region" = 1767 WHERE "id" = 1842;
INSERT INTO "monitoredBy" VALUES (1842, 1840);
INSERT INTO "TrackElement" ("id") VALUES (1843);
INSERT INTO "Segment" ("id", "length") VALUES (1843, 380);
UPDATE "TrackElement" SET "region" = 1767 WHERE "id" = 1843;
INSERT INTO "monitoredBy" VALUES (1843, 1840);
INSERT INTO "TrackElement" ("id") VALUES (1844);
INSERT INTO "Segment" ("id", "length") VALUES (1844, 66);
UPDATE "TrackElement" SET "region" = 1767 WHERE "id" = 1844;
INSERT INTO "monitoredBy" VALUES (1844, 1840);
INSERT INTO "TrackElement" ("id") VALUES (1845);
INSERT INTO "Segment" ("id", "length") VALUES (1845, 625);
UPDATE "TrackElement" SET "region" = 1767 WHERE "id" = 1845;
INSERT INTO "monitoredBy" VALUES (1845, 1840);
INSERT INTO "Sensor" ("id") VALUES (1846);
UPDATE "Sensor" SET "region" = 1767 WHERE "id" = 1846;
INSERT INTO "monitoredBy" VALUES (1833, 1846);
INSERT INTO "requires" VALUES (1766, 1846);
INSERT INTO "TrackElement" ("id") VALUES (1847);
INSERT INTO "Segment" ("id", "length") VALUES (1847, 898);
UPDATE "TrackElement" SET "region" = 1767 WHERE "id" = 1847;
INSERT INTO "monitoredBy" VALUES (1847, 1846);
INSERT INTO "TrackElement" ("id") VALUES (1848);
INSERT INTO "Segment" ("id", "length") VALUES (1848, 883);
UPDATE "TrackElement" SET "region" = 1767 WHERE "id" = 1848;
INSERT INTO "monitoredBy" VALUES (1848, 1846);
INSERT INTO "TrackElement" ("id") VALUES (1849);
INSERT INTO "Segment" ("id", "length") VALUES (1849, 660);
UPDATE "TrackElement" SET "region" = 1767 WHERE "id" = 1849;
INSERT INTO "monitoredBy" VALUES (1849, 1846);
INSERT INTO "TrackElement" ("id") VALUES (1850);
INSERT INTO "Segment" ("id", "length") VALUES (1850, 378);
UPDATE "TrackElement" SET "region" = 1767 WHERE "id" = 1850;
INSERT INTO "monitoredBy" VALUES (1850, 1846);
INSERT INTO "TrackElement" ("id") VALUES (1851);
INSERT INTO "Segment" ("id", "length") VALUES (1851, 555);
UPDATE "TrackElement" SET "region" = 1767 WHERE "id" = 1851;
INSERT INTO "monitoredBy" VALUES (1851, 1846);
INSERT INTO "Sensor" ("id") VALUES (1852);
UPDATE "Sensor" SET "region" = 1767 WHERE "id" = 1852;
INSERT INTO "TrackElement" ("id") VALUES (1853);
INSERT INTO "Segment" ("id", "length") VALUES (1853, 805);
UPDATE "TrackElement" SET "region" = 1767 WHERE "id" = 1853;
INSERT INTO "monitoredBy" VALUES (1853, 1852);
INSERT INTO "TrackElement" ("id") VALUES (1854);
INSERT INTO "Segment" ("id", "length") VALUES (1854, 559);
UPDATE "TrackElement" SET "region" = 1767 WHERE "id" = 1854;
INSERT INTO "monitoredBy" VALUES (1854, 1852);
INSERT INTO "TrackElement" ("id") VALUES (1855);
INSERT INTO "Segment" ("id", "length") VALUES (1855, 787);
UPDATE "TrackElement" SET "region" = 1767 WHERE "id" = 1855;
INSERT INTO "monitoredBy" VALUES (1855, 1852);
INSERT INTO "TrackElement" ("id") VALUES (1856);
INSERT INTO "Segment" ("id", "length") VALUES (1856, 448);
UPDATE "TrackElement" SET "region" = 1767 WHERE "id" = 1856;
INSERT INTO "monitoredBy" VALUES (1856, 1852);
INSERT INTO "TrackElement" ("id") VALUES (1857);
INSERT INTO "Segment" ("id", "length") VALUES (1857, 297);
UPDATE "TrackElement" SET "region" = 1767 WHERE "id" = 1857;
INSERT INTO "monitoredBy" VALUES (1857, 1852);
INSERT INTO "Sensor" ("id") VALUES (1858);
UPDATE "Sensor" SET "region" = 1767 WHERE "id" = 1858;
INSERT INTO "monitoredBy" VALUES (1833, 1858);
INSERT INTO "requires" VALUES (1766, 1858);
INSERT INTO "TrackElement" ("id") VALUES (1859);
INSERT INTO "Segment" ("id", "length") VALUES (1859, 367);
UPDATE "TrackElement" SET "region" = 1767 WHERE "id" = 1859;
INSERT INTO "monitoredBy" VALUES (1859, 1858);
INSERT INTO "TrackElement" ("id") VALUES (1860);
INSERT INTO "Segment" ("id", "length") VALUES (1860, 142);
UPDATE "TrackElement" SET "region" = 1767 WHERE "id" = 1860;
INSERT INTO "monitoredBy" VALUES (1860, 1858);
INSERT INTO "TrackElement" ("id") VALUES (1861);
INSERT INTO "Segment" ("id", "length") VALUES (1861, 576);
UPDATE "TrackElement" SET "region" = 1767 WHERE "id" = 1861;
INSERT INTO "monitoredBy" VALUES (1861, 1858);
INSERT INTO "TrackElement" ("id") VALUES (1862);
INSERT INTO "Segment" ("id", "length") VALUES (1862, 562);
UPDATE "TrackElement" SET "region" = 1767 WHERE "id" = 1862;
INSERT INTO "monitoredBy" VALUES (1862, 1858);
INSERT INTO "TrackElement" ("id") VALUES (1863);
INSERT INTO "Segment" ("id", "length") VALUES (1863, 734);
UPDATE "TrackElement" SET "region" = 1767 WHERE "id" = 1863;
INSERT INTO "monitoredBy" VALUES (1863, 1858);
INSERT INTO "SwitchPosition" ("id", "position", "target") VALUES (1864, 1, 1833);
UPDATE "SwitchPosition" SET "route" = 1766 WHERE "id" = 1864;
INSERT INTO "TrackElement" ("id") VALUES (1865);
INSERT INTO "Switch" ("id", "currentPosition") VALUES (1865, 2);
UPDATE "TrackElement" SET "region" = 1767 WHERE "id" = 1865;
INSERT INTO "Sensor" ("id") VALUES (1866);
UPDATE "Sensor" SET "region" = 1767 WHERE "id" = 1866;
INSERT INTO "monitoredBy" VALUES (1865, 1866);
INSERT INTO "requires" VALUES (1766, 1866);
INSERT INTO "TrackElement" ("id") VALUES (1867);
INSERT INTO "Segment" ("id", "length") VALUES (1867, 488);
UPDATE "TrackElement" SET "region" = 1767 WHERE "id" = 1867;
INSERT INTO "monitoredBy" VALUES (1867, 1866);
INSERT INTO "TrackElement" ("id") VALUES (1868);
INSERT INTO "Segment" ("id", "length") VALUES (1868, 720);
UPDATE "TrackElement" SET "region" = 1767 WHERE "id" = 1868;
INSERT INTO "monitoredBy" VALUES (1868, 1866);
INSERT INTO "TrackElement" ("id") VALUES (1869);
INSERT INTO "Segment" ("id", "length") VALUES (1869, 152);
UPDATE "TrackElement" SET "region" = 1767 WHERE "id" = 1869;
INSERT INTO "monitoredBy" VALUES (1869, 1866);
INSERT INTO "TrackElement" ("id") VALUES (1870);
INSERT INTO "Segment" ("id", "length") VALUES (1870, 382);
UPDATE "TrackElement" SET "region" = 1767 WHERE "id" = 1870;
INSERT INTO "monitoredBy" VALUES (1870, 1866);
INSERT INTO "TrackElement" ("id") VALUES (1871);
INSERT INTO "Segment" ("id", "length") VALUES (1871, 438);
UPDATE "TrackElement" SET "region" = 1767 WHERE "id" = 1871;
INSERT INTO "monitoredBy" VALUES (1871, 1866);
INSERT INTO "Sensor" ("id") VALUES (1872);
UPDATE "Sensor" SET "region" = 1767 WHERE "id" = 1872;
INSERT INTO "monitoredBy" VALUES (1865, 1872);
INSERT INTO "requires" VALUES (1766, 1872);
INSERT INTO "TrackElement" ("id") VALUES (1873);
INSERT INTO "Segment" ("id", "length") VALUES (1873, 79);
UPDATE "TrackElement" SET "region" = 1767 WHERE "id" = 1873;
INSERT INTO "monitoredBy" VALUES (1873, 1872);
INSERT INTO "TrackElement" ("id") VALUES (1874);
INSERT INTO "Segment" ("id", "length") VALUES (1874, -360);
UPDATE "TrackElement" SET "region" = 1767 WHERE "id" = 1874;
INSERT INTO "monitoredBy" VALUES (1874, 1872);
INSERT INTO "TrackElement" ("id") VALUES (1875);
INSERT INTO "Segment" ("id", "length") VALUES (1875, 538);
UPDATE "TrackElement" SET "region" = 1767 WHERE "id" = 1875;
INSERT INTO "monitoredBy" VALUES (1875, 1872);
INSERT INTO "TrackElement" ("id") VALUES (1876);
INSERT INTO "Segment" ("id", "length") VALUES (1876, 658);
UPDATE "TrackElement" SET "region" = 1767 WHERE "id" = 1876;
INSERT INTO "monitoredBy" VALUES (1876, 1872);
INSERT INTO "TrackElement" ("id") VALUES (1877);
INSERT INTO "Segment" ("id", "length") VALUES (1877, 127);
UPDATE "TrackElement" SET "region" = 1767 WHERE "id" = 1877;
INSERT INTO "monitoredBy" VALUES (1877, 1872);
INSERT INTO "Sensor" ("id") VALUES (1878);
UPDATE "Sensor" SET "region" = 1767 WHERE "id" = 1878;
INSERT INTO "monitoredBy" VALUES (1865, 1878);
INSERT INTO "requires" VALUES (1766, 1878);
INSERT INTO "TrackElement" ("id") VALUES (1879);
INSERT INTO "Segment" ("id", "length") VALUES (1879, 565);
UPDATE "TrackElement" SET "region" = 1767 WHERE "id" = 1879;
INSERT INTO "monitoredBy" VALUES (1879, 1878);
INSERT INTO "TrackElement" ("id") VALUES (1880);
INSERT INTO "Segment" ("id", "length") VALUES (1880, 970);
UPDATE "TrackElement" SET "region" = 1767 WHERE "id" = 1880;
INSERT INTO "monitoredBy" VALUES (1880, 1878);
INSERT INTO "TrackElement" ("id") VALUES (1881);
INSERT INTO "Segment" ("id", "length") VALUES (1881, 618);
UPDATE "TrackElement" SET "region" = 1767 WHERE "id" = 1881;
INSERT INTO "monitoredBy" VALUES (1881, 1878);
INSERT INTO "TrackElement" ("id") VALUES (1882);
INSERT INTO "Segment" ("id", "length") VALUES (1882, 389);
UPDATE "TrackElement" SET "region" = 1767 WHERE "id" = 1882;
INSERT INTO "monitoredBy" VALUES (1882, 1878);
INSERT INTO "TrackElement" ("id") VALUES (1883);
INSERT INTO "Segment" ("id", "length") VALUES (1883, 132);
UPDATE "TrackElement" SET "region" = 1767 WHERE "id" = 1883;
INSERT INTO "monitoredBy" VALUES (1883, 1878);
INSERT INTO "SwitchPosition" ("id", "position", "target") VALUES (1884, 2, 1865);
UPDATE "SwitchPosition" SET "route" = 1766 WHERE "id" = 1884;
INSERT INTO "connectsTo" VALUES (1768, 1770);
INSERT INTO "connectsTo" VALUES (1770, 1771);
INSERT INTO "connectsTo" VALUES (1771, 1772);
INSERT INTO "connectsTo" VALUES (1772, 1773);
INSERT INTO "connectsTo" VALUES (1773, 1774);
INSERT INTO "connectsTo" VALUES (1774, 1776);
INSERT INTO "connectsTo" VALUES (1776, 1777);
INSERT INTO "connectsTo" VALUES (1777, 1778);
INSERT INTO "connectsTo" VALUES (1778, 1779);
INSERT INTO "connectsTo" VALUES (1779, 1780);
INSERT INTO "connectsTo" VALUES (1780, 1781);
INSERT INTO "connectsTo" VALUES (1781, 1783);
INSERT INTO "connectsTo" VALUES (1783, 1784);
INSERT INTO "connectsTo" VALUES (1784, 1785);
INSERT INTO "connectsTo" VALUES (1785, 1786);
INSERT INTO "connectsTo" VALUES (1786, 1787);
INSERT INTO "connectsTo" VALUES (1787, 1789);
INSERT INTO "connectsTo" VALUES (1789, 1790);
INSERT INTO "connectsTo" VALUES (1790, 1791);
INSERT INTO "connectsTo" VALUES (1791, 1792);
INSERT INTO "connectsTo" VALUES (1792, 1793);
INSERT INTO "connectsTo" VALUES (1793, 1795);
INSERT INTO "connectsTo" VALUES (1795, 1796);
INSERT INTO "connectsTo" VALUES (1796, 1797);
INSERT INTO "connectsTo" VALUES (1797, 1798);
INSERT INTO "connectsTo" VALUES (1798, 1799);
INSERT INTO "connectsTo" VALUES (1799, 1801);
INSERT INTO "connectsTo" VALUES (1801, 1802);
INSERT INTO "connectsTo" VALUES (1802, 1803);
INSERT INTO "connectsTo" VALUES (1803, 1804);
INSERT INTO "connectsTo" VALUES (1804, 1805);
INSERT INTO "connectsTo" VALUES (1805, 1807);
INSERT INTO "connectsTo" VALUES (1807, 1809);
INSERT INTO "connectsTo" VALUES (1809, 1810);
INSERT INTO "connectsTo" VALUES (1810, 1811);
INSERT INTO "connectsTo" VALUES (1811, 1812);
INSERT INTO "connectsTo" VALUES (1812, 1813);
INSERT INTO "connectsTo" VALUES (1813, 1815);
INSERT INTO "connectsTo" VALUES (1815, 1816);
INSERT INTO "connectsTo" VALUES (1816, 1817);
INSERT INTO "connectsTo" VALUES (1817, 1818);
INSERT INTO "connectsTo" VALUES (1818, 1819);
INSERT INTO "connectsTo" VALUES (1819, 1821);
INSERT INTO "connectsTo" VALUES (1821, 1822);
INSERT INTO "connectsTo" VALUES (1822, 1823);
INSERT INTO "connectsTo" VALUES (1823, 1824);
INSERT INTO "connectsTo" VALUES (1824, 1825);
INSERT INTO "connectsTo" VALUES (1825, 1827);
INSERT INTO "connectsTo" VALUES (1827, 1828);
INSERT INTO "connectsTo" VALUES (1828, 1829);
INSERT INTO "connectsTo" VALUES (1829, 1830);
INSERT INTO "connectsTo" VALUES (1830, 1831);
INSERT INTO "connectsTo" VALUES (1831, 1833);
INSERT INTO "connectsTo" VALUES (1833, 1835);
INSERT INTO "connectsTo" VALUES (1835, 1836);
INSERT INTO "connectsTo" VALUES (1836, 1837);
INSERT INTO "connectsTo" VALUES (1837, 1838);
INSERT INTO "connectsTo" VALUES (1838, 1839);
INSERT INTO "connectsTo" VALUES (1839, 1841);
INSERT INTO "connectsTo" VALUES (1841, 1842);
INSERT INTO "connectsTo" VALUES (1842, 1843);
INSERT INTO "connectsTo" VALUES (1843, 1844);
INSERT INTO "connectsTo" VALUES (1844, 1845);
INSERT INTO "connectsTo" VALUES (1845, 1847);
INSERT INTO "connectsTo" VALUES (1847, 1848);
INSERT INTO "connectsTo" VALUES (1848, 1849);
INSERT INTO "connectsTo" VALUES (1849, 1850);
INSERT INTO "connectsTo" VALUES (1850, 1851);
INSERT INTO "connectsTo" VALUES (1851, 1853);
INSERT INTO "connectsTo" VALUES (1853, 1854);
INSERT INTO "connectsTo" VALUES (1854, 1855);
INSERT INTO "connectsTo" VALUES (1855, 1856);
INSERT INTO "connectsTo" VALUES (1856, 1857);
INSERT INTO "connectsTo" VALUES (1857, 1859);
INSERT INTO "connectsTo" VALUES (1859, 1860);
INSERT INTO "connectsTo" VALUES (1860, 1861);
INSERT INTO "connectsTo" VALUES (1861, 1862);
INSERT INTO "connectsTo" VALUES (1862, 1863);
INSERT INTO "connectsTo" VALUES (1863, 1865);
INSERT INTO "connectsTo" VALUES (1865, 1867);
INSERT INTO "connectsTo" VALUES (1867, 1868);
INSERT INTO "connectsTo" VALUES (1868, 1869);
INSERT INTO "connectsTo" VALUES (1869, 1870);
INSERT INTO "connectsTo" VALUES (1870, 1871);
INSERT INTO "connectsTo" VALUES (1871, 1873);
INSERT INTO "connectsTo" VALUES (1873, 1874);
INSERT INTO "connectsTo" VALUES (1874, 1875);
INSERT INTO "connectsTo" VALUES (1875, 1876);
INSERT INTO "connectsTo" VALUES (1876, 1877);
INSERT INTO "connectsTo" VALUES (1877, 1879);
INSERT INTO "connectsTo" VALUES (1879, 1880);
INSERT INTO "connectsTo" VALUES (1880, 1881);
INSERT INTO "connectsTo" VALUES (1881, 1882);
INSERT INTO "connectsTo" VALUES (1882, 1883);
INSERT INTO "connectsTo" VALUES (1763, 1768);
INSERT INTO "Route" ("id", "active", "entry", "exit") VALUES (1885, 1, 1765, 1);
INSERT INTO "Region" ("id") VALUES (1886);
INSERT INTO "TrackElement" ("id") VALUES (1887);
INSERT INTO "Switch" ("id", "currentPosition") VALUES (1887, 1);
UPDATE "TrackElement" SET "region" = 1886 WHERE "id" = 1887;
INSERT INTO "Sensor" ("id") VALUES (1888);
UPDATE "Sensor" SET "region" = 1886 WHERE "id" = 1888;
INSERT INTO "monitoredBy" VALUES (1887, 1888);
INSERT INTO "requires" VALUES (1885, 1888);
INSERT INTO "TrackElement" ("id") VALUES (1889);
INSERT INTO "Segment" ("id", "length") VALUES (1889, -235);
UPDATE "TrackElement" SET "region" = 1886 WHERE "id" = 1889;
INSERT INTO "monitoredBy" VALUES (1889, 1888);
UPDATE "Semaphore" SET "segment" = 1889 WHERE "id" = 1;
INSERT INTO "TrackElement" ("id") VALUES (1890);
INSERT INTO "Segment" ("id", "length") VALUES (1890, -131);
UPDATE "TrackElement" SET "region" = 1886 WHERE "id" = 1890;
INSERT INTO "monitoredBy" VALUES (1890, 1888);
INSERT INTO "TrackElement" ("id") VALUES (1891);
INSERT INTO "Segment" ("id", "length") VALUES (1891, 170);
UPDATE "TrackElement" SET "region" = 1886 WHERE "id" = 1891;
INSERT INTO "monitoredBy" VALUES (1891, 1888);
INSERT INTO "TrackElement" ("id") VALUES (1892);
INSERT INTO "Segment" ("id", "length") VALUES (1892, 108);
UPDATE "TrackElement" SET "region" = 1886 WHERE "id" = 1892;
INSERT INTO "monitoredBy" VALUES (1892, 1888);
INSERT INTO "TrackElement" ("id") VALUES (1893);
INSERT INTO "Segment" ("id", "length") VALUES (1893, 809);
UPDATE "TrackElement" SET "region" = 1886 WHERE "id" = 1893;
INSERT INTO "monitoredBy" VALUES (1893, 1888);
INSERT INTO "Sensor" ("id") VALUES (1894);
UPDATE "Sensor" SET "region" = 1886 WHERE "id" = 1894;
INSERT INTO "monitoredBy" VALUES (1887, 1894);
INSERT INTO "requires" VALUES (1885, 1894);
INSERT INTO "TrackElement" ("id") VALUES (1895);
INSERT INTO "Segment" ("id", "length") VALUES (1895, -561);
UPDATE "TrackElement" SET "region" = 1886 WHERE "id" = 1895;
INSERT INTO "monitoredBy" VALUES (1895, 1894);
INSERT INTO "TrackElement" ("id") VALUES (1896);
INSERT INTO "Segment" ("id", "length") VALUES (1896, 434);
UPDATE "TrackElement" SET "region" = 1886 WHERE "id" = 1896;
INSERT INTO "monitoredBy" VALUES (1896, 1894);
INSERT INTO "TrackElement" ("id") VALUES (1897);
INSERT INTO "Segment" ("id", "length") VALUES (1897, 162);
UPDATE "TrackElement" SET "region" = 1886 WHERE "id" = 1897;
INSERT INTO "monitoredBy" VALUES (1897, 1894);
INSERT INTO "TrackElement" ("id") VALUES (1898);
INSERT INTO "Segment" ("id", "length") VALUES (1898, 574);
UPDATE "TrackElement" SET "region" = 1886 WHERE "id" = 1898;
INSERT INTO "monitoredBy" VALUES (1898, 1894);
INSERT INTO "TrackElement" ("id") VALUES (1899);
INSERT INTO "Segment" ("id", "length") VALUES (1899, 704);
UPDATE "TrackElement" SET "region" = 1886 WHERE "id" = 1899;
INSERT INTO "monitoredBy" VALUES (1899, 1894);
INSERT INTO "SwitchPosition" ("id", "position", "target") VALUES (1900, 1, 1887);
UPDATE "SwitchPosition" SET "route" = 1885 WHERE "id" = 1900;
INSERT INTO "TrackElement" ("id") VALUES (1901);
INSERT INTO "Switch" ("id", "currentPosition") VALUES (1901, 2);
UPDATE "TrackElement" SET "region" = 1886 WHERE "id" = 1901;
INSERT INTO "Sensor" ("id") VALUES (1902);
UPDATE "Sensor" SET "region" = 1886 WHERE "id" = 1902;
INSERT INTO "monitoredBy" VALUES (1901, 1902);
INSERT INTO "requires" VALUES (1885, 1902);
INSERT INTO "TrackElement" ("id") VALUES (1903);
INSERT INTO "Segment" ("id", "length") VALUES (1903, 81);
UPDATE "TrackElement" SET "region" = 1886 WHERE "id" = 1903;
INSERT INTO "monitoredBy" VALUES (1903, 1902);
INSERT INTO "TrackElement" ("id") VALUES (1904);
INSERT INTO "Segment" ("id", "length") VALUES (1904, 123);
UPDATE "TrackElement" SET "region" = 1886 WHERE "id" = 1904;
INSERT INTO "monitoredBy" VALUES (1904, 1902);
INSERT INTO "TrackElement" ("id") VALUES (1905);
INSERT INTO "Segment" ("id", "length") VALUES (1905, 832);
UPDATE "TrackElement" SET "region" = 1886 WHERE "id" = 1905;
INSERT INTO "monitoredBy" VALUES (1905, 1902);
INSERT INTO "TrackElement" ("id") VALUES (1906);
INSERT INTO "Segment" ("id", "length") VALUES (1906, 460);
UPDATE "TrackElement" SET "region" = 1886 WHERE "id" = 1906;
INSERT INTO "monitoredBy" VALUES (1906, 1902);
INSERT INTO "TrackElement" ("id") VALUES (1907);
INSERT INTO "Segment" ("id", "length") VALUES (1907, 45);
UPDATE "TrackElement" SET "region" = 1886 WHERE "id" = 1907;
INSERT INTO "monitoredBy" VALUES (1907, 1902);
INSERT INTO "Sensor" ("id") VALUES (1908);
UPDATE "Sensor" SET "region" = 1886 WHERE "id" = 1908;
INSERT INTO "monitoredBy" VALUES (1901, 1908);
INSERT INTO "requires" VALUES (1885, 1908);
INSERT INTO "TrackElement" ("id") VALUES (1909);
INSERT INTO "Segment" ("id", "length") VALUES (1909, 719);
UPDATE "TrackElement" SET "region" = 1886 WHERE "id" = 1909;
INSERT INTO "monitoredBy" VALUES (1909, 1908);
INSERT INTO "TrackElement" ("id") VALUES (1910);
INSERT INTO "Segment" ("id", "length") VALUES (1910, 843);
UPDATE "TrackElement" SET "region" = 1886 WHERE "id" = 1910;
INSERT INTO "monitoredBy" VALUES (1910, 1908);
INSERT INTO "TrackElement" ("id") VALUES (1911);
INSERT INTO "Segment" ("id", "length") VALUES (1911, 738);
UPDATE "TrackElement" SET "region" = 1886 WHERE "id" = 1911;
INSERT INTO "monitoredBy" VALUES (1911, 1908);
INSERT INTO "TrackElement" ("id") VALUES (1912);
INSERT INTO "Segment" ("id", "length") VALUES (1912, 943);
UPDATE "TrackElement" SET "region" = 1886 WHERE "id" = 1912;
INSERT INTO "monitoredBy" VALUES (1912, 1908);
INSERT INTO "TrackElement" ("id") VALUES (1913);
INSERT INTO "Segment" ("id", "length") VALUES (1913, 811);
UPDATE "TrackElement" SET "region" = 1886 WHERE "id" = 1913;
INSERT INTO "monitoredBy" VALUES (1913, 1908);
INSERT INTO "Sensor" ("id") VALUES (1914);
UPDATE "Sensor" SET "region" = 1886 WHERE "id" = 1914;
INSERT INTO "monitoredBy" VALUES (1901, 1914);
INSERT INTO "requires" VALUES (1885, 1914);
INSERT INTO "TrackElement" ("id") VALUES (1915);
INSERT INTO "Segment" ("id", "length") VALUES (1915, 593);
UPDATE "TrackElement" SET "region" = 1886 WHERE "id" = 1915;
INSERT INTO "monitoredBy" VALUES (1915, 1914);
INSERT INTO "TrackElement" ("id") VALUES (1916);
INSERT INTO "Segment" ("id", "length") VALUES (1916, 979);
UPDATE "TrackElement" SET "region" = 1886 WHERE "id" = 1916;
INSERT INTO "monitoredBy" VALUES (1916, 1914);
INSERT INTO "TrackElement" ("id") VALUES (1917);
INSERT INTO "Segment" ("id", "length") VALUES (1917, -369);
UPDATE "TrackElement" SET "region" = 1886 WHERE "id" = 1917;
INSERT INTO "monitoredBy" VALUES (1917, 1914);
INSERT INTO "TrackElement" ("id") VALUES (1918);
INSERT INTO "Segment" ("id", "length") VALUES (1918, 354);
UPDATE "TrackElement" SET "region" = 1886 WHERE "id" = 1918;
INSERT INTO "monitoredBy" VALUES (1918, 1914);
INSERT INTO "TrackElement" ("id") VALUES (1919);
INSERT INTO "Segment" ("id", "length") VALUES (1919, 831);
UPDATE "TrackElement" SET "region" = 1886 WHERE "id" = 1919;
INSERT INTO "monitoredBy" VALUES (1919, 1914);
INSERT INTO "SwitchPosition" ("id", "position", "target") VALUES (1920, 2, 1901);
UPDATE "SwitchPosition" SET "route" = 1885 WHERE "id" = 1920;
INSERT INTO "TrackElement" ("id") VALUES (1921);
INSERT INTO "Switch" ("id", "currentPosition") VALUES (1921, 1);
UPDATE "TrackElement" SET "region" = 1886 WHERE "id" = 1921;
INSERT INTO "Sensor" ("id") VALUES (1922);
UPDATE "Sensor" SET "region" = 1886 WHERE "id" = 1922;
INSERT INTO "monitoredBy" VALUES (1921, 1922);
INSERT INTO "requires" VALUES (1885, 1922);
INSERT INTO "TrackElement" ("id") VALUES (1923);
INSERT INTO "Segment" ("id", "length") VALUES (1923, 455);
UPDATE "TrackElement" SET "region" = 1886 WHERE "id" = 1923;
INSERT INTO "monitoredBy" VALUES (1923, 1922);
INSERT INTO "TrackElement" ("id") VALUES (1924);
INSERT INTO "Segment" ("id", "length") VALUES (1924, 983);
UPDATE "TrackElement" SET "region" = 1886 WHERE "id" = 1924;
INSERT INTO "monitoredBy" VALUES (1924, 1922);
INSERT INTO "TrackElement" ("id") VALUES (1925);
INSERT INTO "Segment" ("id", "length") VALUES (1925, -270);
UPDATE "TrackElement" SET "region" = 1886 WHERE "id" = 1925;
INSERT INTO "monitoredBy" VALUES (1925, 1922);
INSERT INTO "TrackElement" ("id") VALUES (1926);
INSERT INTO "Segment" ("id", "length") VALUES (1926, 998);
UPDATE "TrackElement" SET "region" = 1886 WHERE "id" = 1926;
INSERT INTO "monitoredBy" VALUES (1926, 1922);
INSERT INTO "TrackElement" ("id") VALUES (1927);
INSERT INTO "Segment" ("id", "length") VALUES (1927, 655);
UPDATE "TrackElement" SET "region" = 1886 WHERE "id" = 1927;
INSERT INTO "monitoredBy" VALUES (1927, 1922);
INSERT INTO "TrackElement" ("id") VALUES (1928);
INSERT INTO "Segment" ("id", "length") VALUES (1928, 297);
UPDATE "TrackElement" SET "region" = 1886 WHERE "id" = 1928;
INSERT INTO "monitoredBy" VALUES (1928, 1922);
INSERT INTO "Sensor" ("id") VALUES (1929);
UPDATE "Sensor" SET "region" = 1886 WHERE "id" = 1929;
INSERT INTO "monitoredBy" VALUES (1921, 1929);
INSERT INTO "requires" VALUES (1885, 1929);
INSERT INTO "TrackElement" ("id") VALUES (1930);
INSERT INTO "Segment" ("id", "length") VALUES (1930, 411);
UPDATE "TrackElement" SET "region" = 1886 WHERE "id" = 1930;
INSERT INTO "monitoredBy" VALUES (1930, 1929);
INSERT INTO "TrackElement" ("id") VALUES (1931);
INSERT INTO "Segment" ("id", "length") VALUES (1931, 941);
UPDATE "TrackElement" SET "region" = 1886 WHERE "id" = 1931;
INSERT INTO "monitoredBy" VALUES (1931, 1929);
INSERT INTO "TrackElement" ("id") VALUES (1932);
INSERT INTO "Segment" ("id", "length") VALUES (1932, 793);
UPDATE "TrackElement" SET "region" = 1886 WHERE "id" = 1932;
INSERT INTO "monitoredBy" VALUES (1932, 1929);
INSERT INTO "TrackElement" ("id") VALUES (1933);
INSERT INTO "Segment" ("id", "length") VALUES (1933, 320);
UPDATE "TrackElement" SET "region" = 1886 WHERE "id" = 1933;
INSERT INTO "monitoredBy" VALUES (1933, 1929);
INSERT INTO "TrackElement" ("id") VALUES (1934);
INSERT INTO "Segment" ("id", "length") VALUES (1934, -284);
UPDATE "TrackElement" SET "region" = 1886 WHERE "id" = 1934;
INSERT INTO "monitoredBy" VALUES (1934, 1929);
INSERT INTO "SwitchPosition" ("id", "position", "target") VALUES (1935, 1, 1921);
UPDATE "SwitchPosition" SET "route" = 1885 WHERE "id" = 1935;
INSERT INTO "TrackElement" ("id") VALUES (1936);
INSERT INTO "Switch" ("id", "currentPosition") VALUES (1936, 2);
UPDATE "TrackElement" SET "region" = 1886 WHERE "id" = 1936;
INSERT INTO "Sensor" ("id") VALUES (1937);
UPDATE "Sensor" SET "region" = 1886 WHERE "id" = 1937;
INSERT INTO "monitoredBy" VALUES (1936, 1937);
INSERT INTO "requires" VALUES (1885, 1937);
INSERT INTO "TrackElement" ("id") VALUES (1938);
INSERT INTO "Segment" ("id", "length") VALUES (1938, 867);
UPDATE "TrackElement" SET "region" = 1886 WHERE "id" = 1938;
INSERT INTO "monitoredBy" VALUES (1938, 1937);
INSERT INTO "TrackElement" ("id") VALUES (1939);
INSERT INTO "Segment" ("id", "length") VALUES (1939, -23);
UPDATE "TrackElement" SET "region" = 1886 WHERE "id" = 1939;
INSERT INTO "monitoredBy" VALUES (1939, 1937);
INSERT INTO "TrackElement" ("id") VALUES (1940);
INSERT INTO "Segment" ("id", "length") VALUES (1940, 212);
UPDATE "TrackElement" SET "region" = 1886 WHERE "id" = 1940;
INSERT INTO "monitoredBy" VALUES (1940, 1937);
INSERT INTO "TrackElement" ("id") VALUES (1941);
INSERT INTO "Segment" ("id", "length") VALUES (1941, 667);
UPDATE "TrackElement" SET "region" = 1886 WHERE "id" = 1941;
INSERT INTO "monitoredBy" VALUES (1941, 1937);
INSERT INTO "TrackElement" ("id") VALUES (1942);
INSERT INTO "Segment" ("id", "length") VALUES (1942, 546);
UPDATE "TrackElement" SET "region" = 1886 WHERE "id" = 1942;
INSERT INTO "monitoredBy" VALUES (1942, 1937);
INSERT INTO "Sensor" ("id") VALUES (1943);
UPDATE "Sensor" SET "region" = 1886 WHERE "id" = 1943;
INSERT INTO "monitoredBy" VALUES (1936, 1943);
INSERT INTO "requires" VALUES (1885, 1943);
INSERT INTO "TrackElement" ("id") VALUES (1944);
INSERT INTO "Segment" ("id", "length") VALUES (1944, 921);
UPDATE "TrackElement" SET "region" = 1886 WHERE "id" = 1944;
INSERT INTO "monitoredBy" VALUES (1944, 1943);
INSERT INTO "TrackElement" ("id") VALUES (1945);
INSERT INTO "Segment" ("id", "length") VALUES (1945, 570);
UPDATE "TrackElement" SET "region" = 1886 WHERE "id" = 1945;
INSERT INTO "monitoredBy" VALUES (1945, 1943);
INSERT INTO "TrackElement" ("id") VALUES (1946);
INSERT INTO "Segment" ("id", "length") VALUES (1946, 300);
UPDATE "TrackElement" SET "region" = 1886 WHERE "id" = 1946;
INSERT INTO "monitoredBy" VALUES (1946, 1943);
INSERT INTO "TrackElement" ("id") VALUES (1947);
INSERT INTO "Segment" ("id", "length") VALUES (1947, 399);
UPDATE "TrackElement" SET "region" = 1886 WHERE "id" = 1947;
INSERT INTO "monitoredBy" VALUES (1947, 1943);
INSERT INTO "TrackElement" ("id") VALUES (1948);
INSERT INTO "Segment" ("id", "length") VALUES (1948, 141);
UPDATE "TrackElement" SET "region" = 1886 WHERE "id" = 1948;
INSERT INTO "monitoredBy" VALUES (1948, 1943);
INSERT INTO "Sensor" ("id") VALUES (1949);
UPDATE "Sensor" SET "region" = 1886 WHERE "id" = 1949;
INSERT INTO "monitoredBy" VALUES (1936, 1949);
INSERT INTO "requires" VALUES (1885, 1949);
INSERT INTO "TrackElement" ("id") VALUES (1950);
INSERT INTO "Segment" ("id", "length") VALUES (1950, 248);
UPDATE "TrackElement" SET "region" = 1886 WHERE "id" = 1950;
INSERT INTO "monitoredBy" VALUES (1950, 1949);
INSERT INTO "TrackElement" ("id") VALUES (1951);
INSERT INTO "Segment" ("id", "length") VALUES (1951, -67);
UPDATE "TrackElement" SET "region" = 1886 WHERE "id" = 1951;
INSERT INTO "monitoredBy" VALUES (1951, 1949);
INSERT INTO "TrackElement" ("id") VALUES (1952);
INSERT INTO "Segment" ("id", "length") VALUES (1952, 390);
UPDATE "TrackElement" SET "region" = 1886 WHERE "id" = 1952;
INSERT INTO "monitoredBy" VALUES (1952, 1949);
INSERT INTO "TrackElement" ("id") VALUES (1953);
INSERT INTO "Segment" ("id", "length") VALUES (1953, -643);
UPDATE "TrackElement" SET "region" = 1886 WHERE "id" = 1953;
INSERT INTO "monitoredBy" VALUES (1953, 1949);
INSERT INTO "TrackElement" ("id") VALUES (1954);
INSERT INTO "Segment" ("id", "length") VALUES (1954, 871);
UPDATE "TrackElement" SET "region" = 1886 WHERE "id" = 1954;
INSERT INTO "monitoredBy" VALUES (1954, 1949);
INSERT INTO "SwitchPosition" ("id", "position", "target") VALUES (1955, 2, 1936);
UPDATE "SwitchPosition" SET "route" = 1885 WHERE "id" = 1955;
INSERT INTO "TrackElement" ("id") VALUES (1956);
INSERT INTO "Switch" ("id", "currentPosition") VALUES (1956, 0);
UPDATE "TrackElement" SET "region" = 1886 WHERE "id" = 1956;
INSERT INTO "Sensor" ("id") VALUES (1957);
UPDATE "Sensor" SET "region" = 1886 WHERE "id" = 1957;
INSERT INTO "monitoredBy" VALUES (1956, 1957);
INSERT INTO "TrackElement" ("id") VALUES (1958);
INSERT INTO "Segment" ("id", "length") VALUES (1958, 250);
UPDATE "TrackElement" SET "region" = 1886 WHERE "id" = 1958;
INSERT INTO "monitoredBy" VALUES (1958, 1957);
INSERT INTO "TrackElement" ("id") VALUES (1959);
INSERT INTO "Segment" ("id", "length") VALUES (1959, 387);
UPDATE "TrackElement" SET "region" = 1886 WHERE "id" = 1959;
INSERT INTO "monitoredBy" VALUES (1959, 1957);
INSERT INTO "TrackElement" ("id") VALUES (1960);
INSERT INTO "Segment" ("id", "length") VALUES (1960, 344);
UPDATE "TrackElement" SET "region" = 1886 WHERE "id" = 1960;
INSERT INTO "monitoredBy" VALUES (1960, 1957);
INSERT INTO "TrackElement" ("id") VALUES (1961);
INSERT INTO "Segment" ("id", "length") VALUES (1961, 358);
UPDATE "TrackElement" SET "region" = 1886 WHERE "id" = 1961;
INSERT INTO "monitoredBy" VALUES (1961, 1957);
INSERT INTO "TrackElement" ("id") VALUES (1962);
INSERT INTO "Segment" ("id", "length") VALUES (1962, 553);
UPDATE "TrackElement" SET "region" = 1886 WHERE "id" = 1962;
INSERT INTO "monitoredBy" VALUES (1962, 1957);
INSERT INTO "Sensor" ("id") VALUES (1963);
UPDATE "Sensor" SET "region" = 1886 WHERE "id" = 1963;
INSERT INTO "monitoredBy" VALUES (1956, 1963);
INSERT INTO "requires" VALUES (1885, 1963);
INSERT INTO "TrackElement" ("id") VALUES (1964);
INSERT INTO "Segment" ("id", "length") VALUES (1964, 459);
UPDATE "TrackElement" SET "region" = 1886 WHERE "id" = 1964;
INSERT INTO "monitoredBy" VALUES (1964, 1963);
INSERT INTO "TrackElement" ("id") VALUES (1965);
INSERT INTO "Segment" ("id", "length") VALUES (1965, 17);
UPDATE "TrackElement" SET "region" = 1886 WHERE "id" = 1965;
INSERT INTO "monitoredBy" VALUES (1965, 1963);
INSERT INTO "TrackElement" ("id") VALUES (1966);
INSERT INTO "Segment" ("id", "length") VALUES (1966, 522);
UPDATE "TrackElement" SET "region" = 1886 WHERE "id" = 1966;
INSERT INTO "monitoredBy" VALUES (1966, 1963);
INSERT INTO "TrackElement" ("id") VALUES (1967);
INSERT INTO "Segment" ("id", "length") VALUES (1967, -554);
UPDATE "TrackElement" SET "region" = 1886 WHERE "id" = 1967;
INSERT INTO "monitoredBy" VALUES (1967, 1963);
INSERT INTO "TrackElement" ("id") VALUES (1968);
INSERT INTO "Segment" ("id", "length") VALUES (1968, 529);
UPDATE "TrackElement" SET "region" = 1886 WHERE "id" = 1968;
INSERT INTO "monitoredBy" VALUES (1968, 1963);
INSERT INTO "Sensor" ("id") VALUES (1969);
UPDATE "Sensor" SET "region" = 1886 WHERE "id" = 1969;
INSERT INTO "monitoredBy" VALUES (1956, 1969);
INSERT INTO "requires" VALUES (1885, 1969);
INSERT INTO "TrackElement" ("id") VALUES (1970);
INSERT INTO "Segment" ("id", "length") VALUES (1970, -223);
UPDATE "TrackElement" SET "region" = 1886 WHERE "id" = 1970;
INSERT INTO "monitoredBy" VALUES (1970, 1969);
INSERT INTO "TrackElement" ("id") VALUES (1971);
INSERT INTO "Segment" ("id", "length") VALUES (1971, 643);
UPDATE "TrackElement" SET "region" = 1886 WHERE "id" = 1971;
INSERT INTO "monitoredBy" VALUES (1971, 1969);
INSERT INTO "TrackElement" ("id") VALUES (1972);
INSERT INTO "Segment" ("id", "length") VALUES (1972, 957);
UPDATE "TrackElement" SET "region" = 1886 WHERE "id" = 1972;
INSERT INTO "monitoredBy" VALUES (1972, 1969);
INSERT INTO "TrackElement" ("id") VALUES (1973);
INSERT INTO "Segment" ("id", "length") VALUES (1973, 572);
UPDATE "TrackElement" SET "region" = 1886 WHERE "id" = 1973;
INSERT INTO "monitoredBy" VALUES (1973, 1969);
INSERT INTO "TrackElement" ("id") VALUES (1974);
INSERT INTO "Segment" ("id", "length") VALUES (1974, 481);
UPDATE "TrackElement" SET "region" = 1886 WHERE "id" = 1974;
INSERT INTO "monitoredBy" VALUES (1974, 1969);
INSERT INTO "Sensor" ("id") VALUES (1975);
UPDATE "Sensor" SET "region" = 1886 WHERE "id" = 1975;
INSERT INTO "monitoredBy" VALUES (1956, 1975);
INSERT INTO "requires" VALUES (1885, 1975);
INSERT INTO "TrackElement" ("id") VALUES (1976);
INSERT INTO "Segment" ("id", "length") VALUES (1976, 458);
UPDATE "TrackElement" SET "region" = 1886 WHERE "id" = 1976;
INSERT INTO "monitoredBy" VALUES (1976, 1975);
INSERT INTO "TrackElement" ("id") VALUES (1977);
INSERT INTO "Segment" ("id", "length") VALUES (1977, 14);
UPDATE "TrackElement" SET "region" = 1886 WHERE "id" = 1977;
INSERT INTO "monitoredBy" VALUES (1977, 1975);
INSERT INTO "TrackElement" ("id") VALUES (1978);
INSERT INTO "Segment" ("id", "length") VALUES (1978, 261);
UPDATE "TrackElement" SET "region" = 1886 WHERE "id" = 1978;
INSERT INTO "monitoredBy" VALUES (1978, 1975);
INSERT INTO "TrackElement" ("id") VALUES (1979);
INSERT INTO "Segment" ("id", "length") VALUES (1979, 897);
UPDATE "TrackElement" SET "region" = 1886 WHERE "id" = 1979;
INSERT INTO "monitoredBy" VALUES (1979, 1975);
INSERT INTO "TrackElement" ("id") VALUES (1980);
INSERT INTO "Segment" ("id", "length") VALUES (1980, 319);
UPDATE "TrackElement" SET "region" = 1886 WHERE "id" = 1980;
INSERT INTO "monitoredBy" VALUES (1980, 1975);
INSERT INTO "Sensor" ("id") VALUES (1981);
UPDATE "Sensor" SET "region" = 1886 WHERE "id" = 1981;
INSERT INTO "monitoredBy" VALUES (1956, 1981);
INSERT INTO "requires" VALUES (1885, 1981);
INSERT INTO "TrackElement" ("id") VALUES (1982);
INSERT INTO "Segment" ("id", "length") VALUES (1982, -602);
UPDATE "TrackElement" SET "region" = 1886 WHERE "id" = 1982;
INSERT INTO "monitoredBy" VALUES (1982, 1981);
INSERT INTO "TrackElement" ("id") VALUES (1983);
INSERT INTO "Segment" ("id", "length") VALUES (1983, 543);
UPDATE "TrackElement" SET "region" = 1886 WHERE "id" = 1983;
INSERT INTO "monitoredBy" VALUES (1983, 1981);
INSERT INTO "TrackElement" ("id") VALUES (1984);
INSERT INTO "Segment" ("id", "length") VALUES (1984, -240);
UPDATE "TrackElement" SET "region" = 1886 WHERE "id" = 1984;
INSERT INTO "monitoredBy" VALUES (1984, 1981);
INSERT INTO "TrackElement" ("id") VALUES (1985);
INSERT INTO "Segment" ("id", "length") VALUES (1985, 919);
UPDATE "TrackElement" SET "region" = 1886 WHERE "id" = 1985;
INSERT INTO "monitoredBy" VALUES (1985, 1981);
INSERT INTO "TrackElement" ("id") VALUES (1986);
INSERT INTO "Segment" ("id", "length") VALUES (1986, -261);
UPDATE "TrackElement" SET "region" = 1886 WHERE "id" = 1986;
INSERT INTO "monitoredBy" VALUES (1986, 1981);
INSERT INTO "Sensor" ("id") VALUES (1987);
UPDATE "Sensor" SET "region" = 1886 WHERE "id" = 1987;
INSERT INTO "TrackElement" ("id") VALUES (1988);
INSERT INTO "Segment" ("id", "length") VALUES (1988, 383);
UPDATE "TrackElement" SET "region" = 1886 WHERE "id" = 1988;
INSERT INTO "monitoredBy" VALUES (1988, 1987);
INSERT INTO "TrackElement" ("id") VALUES (1989);
INSERT INTO "Segment" ("id", "length") VALUES (1989, 445);
UPDATE "TrackElement" SET "region" = 1886 WHERE "id" = 1989;
INSERT INTO "monitoredBy" VALUES (1989, 1987);
INSERT INTO "TrackElement" ("id") VALUES (1990);
INSERT INTO "Segment" ("id", "length") VALUES (1990, 27);
UPDATE "TrackElement" SET "region" = 1886 WHERE "id" = 1990;
INSERT INTO "monitoredBy" VALUES (1990, 1987);
INSERT INTO "TrackElement" ("id") VALUES (1991);
INSERT INTO "Segment" ("id", "length") VALUES (1991, -631);
UPDATE "TrackElement" SET "region" = 1886 WHERE "id" = 1991;
INSERT INTO "monitoredBy" VALUES (1991, 1987);
INSERT INTO "TrackElement" ("id") VALUES (1992);
INSERT INTO "Segment" ("id", "length") VALUES (1992, 795);
UPDATE "TrackElement" SET "region" = 1886 WHERE "id" = 1992;
INSERT INTO "monitoredBy" VALUES (1992, 1987);
INSERT INTO "Sensor" ("id") VALUES (1993);
UPDATE "Sensor" SET "region" = 1886 WHERE "id" = 1993;
INSERT INTO "TrackElement" ("id") VALUES (1994);
INSERT INTO "Segment" ("id", "length") VALUES (1994, -308);
UPDATE "TrackElement" SET "region" = 1886 WHERE "id" = 1994;
INSERT INTO "monitoredBy" VALUES (1994, 1993);
INSERT INTO "TrackElement" ("id") VALUES (1995);
INSERT INTO "Segment" ("id", "length") VALUES (1995, 156);
UPDATE "TrackElement" SET "region" = 1886 WHERE "id" = 1995;
INSERT INTO "monitoredBy" VALUES (1995, 1993);
INSERT INTO "TrackElement" ("id") VALUES (1996);
INSERT INTO "Segment" ("id", "length") VALUES (1996, 704);
UPDATE "TrackElement" SET "region" = 1886 WHERE "id" = 1996;
INSERT INTO "monitoredBy" VALUES (1996, 1993);
INSERT INTO "TrackElement" ("id") VALUES (1997);
INSERT INTO "Segment" ("id", "length") VALUES (1997, 479);
UPDATE "TrackElement" SET "region" = 1886 WHERE "id" = 1997;
INSERT INTO "monitoredBy" VALUES (1997, 1993);
INSERT INTO "TrackElement" ("id") VALUES (1998);
INSERT INTO "Segment" ("id", "length") VALUES (1998, 208);
UPDATE "TrackElement" SET "region" = 1886 WHERE "id" = 1998;
INSERT INTO "monitoredBy" VALUES (1998, 1993);
INSERT INTO "SwitchPosition" ("id", "position", "target") VALUES (1999, 2, 1956);
UPDATE "SwitchPosition" SET "route" = 1885 WHERE "id" = 1999;
INSERT INTO "TrackElement" ("id") VALUES (2000);
INSERT INTO "Switch" ("id", "currentPosition") VALUES (2000, 2);
UPDATE "TrackElement" SET "region" = 1886 WHERE "id" = 2000;
INSERT INTO "Sensor" ("id") VALUES (2001);
UPDATE "Sensor" SET "region" = 1886 WHERE "id" = 2001;
INSERT INTO "monitoredBy" VALUES (2000, 2001);
INSERT INTO "requires" VALUES (1885, 2001);
INSERT INTO "TrackElement" ("id") VALUES (2002);
INSERT INTO "Segment" ("id", "length") VALUES (2002, 514);
UPDATE "TrackElement" SET "region" = 1886 WHERE "id" = 2002;
INSERT INTO "monitoredBy" VALUES (2002, 2001);
INSERT INTO "TrackElement" ("id") VALUES (2003);
INSERT INTO "Segment" ("id", "length") VALUES (2003, 770);
UPDATE "TrackElement" SET "region" = 1886 WHERE "id" = 2003;
INSERT INTO "monitoredBy" VALUES (2003, 2001);
INSERT INTO "TrackElement" ("id") VALUES (2004);
INSERT INTO "Segment" ("id", "length") VALUES (2004, 938);
UPDATE "TrackElement" SET "region" = 1886 WHERE "id" = 2004;
INSERT INTO "monitoredBy" VALUES (2004, 2001);
INSERT INTO "TrackElement" ("id") VALUES (2005);
INSERT INTO "Segment" ("id", "length") VALUES (2005, 934);
UPDATE "TrackElement" SET "region" = 1886 WHERE "id" = 2005;
INSERT INTO "monitoredBy" VALUES (2005, 2001);
INSERT INTO "TrackElement" ("id") VALUES (2006);
INSERT INTO "Segment" ("id", "length") VALUES (2006, 507);
UPDATE "TrackElement" SET "region" = 1886 WHERE "id" = 2006;
INSERT INTO "monitoredBy" VALUES (2006, 2001);
INSERT INTO "Sensor" ("id") VALUES (2007);
UPDATE "Sensor" SET "region" = 1886 WHERE "id" = 2007;
INSERT INTO "monitoredBy" VALUES (2000, 2007);
INSERT INTO "requires" VALUES (1885, 2007);
INSERT INTO "TrackElement" ("id") VALUES (2008);
INSERT INTO "Segment" ("id", "length") VALUES (2008, 748);
UPDATE "TrackElement" SET "region" = 1886 WHERE "id" = 2008;
INSERT INTO "monitoredBy" VALUES (2008, 2007);
INSERT INTO "TrackElement" ("id") VALUES (2009);
INSERT INTO "Segment" ("id", "length") VALUES (2009, 39);
UPDATE "TrackElement" SET "region" = 1886 WHERE "id" = 2009;
INSERT INTO "monitoredBy" VALUES (2009, 2007);
INSERT INTO "TrackElement" ("id") VALUES (2010);
INSERT INTO "Segment" ("id", "length") VALUES (2010, 899);
UPDATE "TrackElement" SET "region" = 1886 WHERE "id" = 2010;
INSERT INTO "monitoredBy" VALUES (2010, 2007);
INSERT INTO "TrackElement" ("id") VALUES (2011);
INSERT INTO "Segment" ("id", "length") VALUES (2011, -230);
UPDATE "TrackElement" SET "region" = 1886 WHERE "id" = 2011;
INSERT INTO "monitoredBy" VALUES (2011, 2007);
INSERT INTO "TrackElement" ("id") VALUES (2012);
INSERT INTO "Segment" ("id", "length") VALUES (2012, 15);
UPDATE "TrackElement" SET "region" = 1886 WHERE "id" = 2012;
INSERT INTO "monitoredBy" VALUES (2012, 2007);
INSERT INTO "Sensor" ("id") VALUES (2013);
UPDATE "Sensor" SET "region" = 1886 WHERE "id" = 2013;
INSERT INTO "monitoredBy" VALUES (2000, 2013);
INSERT INTO "requires" VALUES (1885, 2013);
INSERT INTO "TrackElement" ("id") VALUES (2014);
INSERT INTO "Segment" ("id", "length") VALUES (2014, 992);
UPDATE "TrackElement" SET "region" = 1886 WHERE "id" = 2014;
INSERT INTO "monitoredBy" VALUES (2014, 2013);
INSERT INTO "TrackElement" ("id") VALUES (2015);
INSERT INTO "Segment" ("id", "length") VALUES (2015, 103);
UPDATE "TrackElement" SET "region" = 1886 WHERE "id" = 2015;
INSERT INTO "monitoredBy" VALUES (2015, 2013);
INSERT INTO "TrackElement" ("id") VALUES (2016);
INSERT INTO "Segment" ("id", "length") VALUES (2016, 211);
UPDATE "TrackElement" SET "region" = 1886 WHERE "id" = 2016;
INSERT INTO "monitoredBy" VALUES (2016, 2013);
INSERT INTO "TrackElement" ("id") VALUES (2017);
INSERT INTO "Segment" ("id", "length") VALUES (2017, 623);
UPDATE "TrackElement" SET "region" = 1886 WHERE "id" = 2017;
INSERT INTO "monitoredBy" VALUES (2017, 2013);
INSERT INTO "TrackElement" ("id") VALUES (2018);
INSERT INTO "Segment" ("id", "length") VALUES (2018, 940);
UPDATE "TrackElement" SET "region" = 1886 WHERE "id" = 2018;
INSERT INTO "monitoredBy" VALUES (2018, 2013);
INSERT INTO "Sensor" ("id") VALUES (2019);
UPDATE "Sensor" SET "region" = 1886 WHERE "id" = 2019;
INSERT INTO "monitoredBy" VALUES (2000, 2019);
INSERT INTO "requires" VALUES (1885, 2019);
INSERT INTO "TrackElement" ("id") VALUES (2020);
INSERT INTO "Segment" ("id", "length") VALUES (2020, 711);
UPDATE "TrackElement" SET "region" = 1886 WHERE "id" = 2020;
INSERT INTO "monitoredBy" VALUES (2020, 2019);
INSERT INTO "TrackElement" ("id") VALUES (2021);
INSERT INTO "Segment" ("id", "length") VALUES (2021, 685);
UPDATE "TrackElement" SET "region" = 1886 WHERE "id" = 2021;
INSERT INTO "monitoredBy" VALUES (2021, 2019);
INSERT INTO "TrackElement" ("id") VALUES (2022);
INSERT INTO "Segment" ("id", "length") VALUES (2022, 689);
UPDATE "TrackElement" SET "region" = 1886 WHERE "id" = 2022;
INSERT INTO "monitoredBy" VALUES (2022, 2019);
INSERT INTO "TrackElement" ("id") VALUES (2023);
INSERT INTO "Segment" ("id", "length") VALUES (2023, 281);
UPDATE "TrackElement" SET "region" = 1886 WHERE "id" = 2023;
INSERT INTO "monitoredBy" VALUES (2023, 2019);
INSERT INTO "TrackElement" ("id") VALUES (2024);
INSERT INTO "Segment" ("id", "length") VALUES (2024, 56);
UPDATE "TrackElement" SET "region" = 1886 WHERE "id" = 2024;
INSERT INTO "monitoredBy" VALUES (2024, 2019);
INSERT INTO "TrackElement" ("id") VALUES (2025);
INSERT INTO "Segment" ("id", "length") VALUES (2025, 141);
UPDATE "TrackElement" SET "region" = 1886 WHERE "id" = 2025;
INSERT INTO "monitoredBy" VALUES (2025, 2019);
INSERT INTO "Sensor" ("id") VALUES (2026);
UPDATE "Sensor" SET "region" = 1886 WHERE "id" = 2026;
INSERT INTO "TrackElement" ("id") VALUES (2027);
INSERT INTO "Segment" ("id", "length") VALUES (2027, 177);
UPDATE "TrackElement" SET "region" = 1886 WHERE "id" = 2027;
INSERT INTO "monitoredBy" VALUES (2027, 2026);
INSERT INTO "TrackElement" ("id") VALUES (2028);
INSERT INTO "Segment" ("id", "length") VALUES (2028, 53);
UPDATE "TrackElement" SET "region" = 1886 WHERE "id" = 2028;
INSERT INTO "monitoredBy" VALUES (2028, 2026);
INSERT INTO "TrackElement" ("id") VALUES (2029);
INSERT INTO "Segment" ("id", "length") VALUES (2029, -261);
UPDATE "TrackElement" SET "region" = 1886 WHERE "id" = 2029;
INSERT INTO "monitoredBy" VALUES (2029, 2026);
INSERT INTO "TrackElement" ("id") VALUES (2030);
INSERT INTO "Segment" ("id", "length") VALUES (2030, 915);
UPDATE "TrackElement" SET "region" = 1886 WHERE "id" = 2030;
INSERT INTO "monitoredBy" VALUES (2030, 2026);
INSERT INTO "TrackElement" ("id") VALUES (2031);
INSERT INTO "Segment" ("id", "length") VALUES (2031, 885);
UPDATE "TrackElement" SET "region" = 1886 WHERE "id" = 2031;
INSERT INTO "monitoredBy" VALUES (2031, 2026);
INSERT INTO "Sensor" ("id") VALUES (2032);
UPDATE "Sensor" SET "region" = 1886 WHERE "id" = 2032;
INSERT INTO "monitoredBy" VALUES (2000, 2032);
INSERT INTO "requires" VALUES (1885, 2032);
INSERT INTO "TrackElement" ("id") VALUES (2033);
INSERT INTO "Segment" ("id", "length") VALUES (2033, 302);
UPDATE "TrackElement" SET "region" = 1886 WHERE "id" = 2033;
INSERT INTO "monitoredBy" VALUES (2033, 2032);
INSERT INTO "TrackElement" ("id") VALUES (2034);
INSERT INTO "Segment" ("id", "length") VALUES (2034, 816);
UPDATE "TrackElement" SET "region" = 1886 WHERE "id" = 2034;
INSERT INTO "monitoredBy" VALUES (2034, 2032);
INSERT INTO "TrackElement" ("id") VALUES (2035);
INSERT INTO "Segment" ("id", "length") VALUES (2035, 386);
UPDATE "TrackElement" SET "region" = 1886 WHERE "id" = 2035;
INSERT INTO "monitoredBy" VALUES (2035, 2032);
INSERT INTO "TrackElement" ("id") VALUES (2036);
INSERT INTO "Segment" ("id", "length") VALUES (2036, 18);
UPDATE "TrackElement" SET "region" = 1886 WHERE "id" = 2036;
INSERT INTO "monitoredBy" VALUES (2036, 2032);
INSERT INTO "TrackElement" ("id") VALUES (2037);
INSERT INTO "Segment" ("id", "length") VALUES (2037, 514);
UPDATE "TrackElement" SET "region" = 1886 WHERE "id" = 2037;
INSERT INTO "monitoredBy" VALUES (2037, 2032);
INSERT INTO "SwitchPosition" ("id", "position", "target") VALUES (2038, 2, 2000);
UPDATE "SwitchPosition" SET "route" = 1885 WHERE "id" = 2038;
INSERT INTO "connectsTo" VALUES (1887, 1889);
INSERT INTO "connectsTo" VALUES (1889, 1890);
INSERT INTO "connectsTo" VALUES (1890, 1891);
INSERT INTO "connectsTo" VALUES (1891, 1892);
INSERT INTO "connectsTo" VALUES (1892, 1893);
INSERT INTO "connectsTo" VALUES (1893, 1895);
INSERT INTO "connectsTo" VALUES (1895, 1896);
INSERT INTO "connectsTo" VALUES (1896, 1897);
INSERT INTO "connectsTo" VALUES (1897, 1898);
INSERT INTO "connectsTo" VALUES (1898, 1899);
INSERT INTO "connectsTo" VALUES (1899, 1901);
INSERT INTO "connectsTo" VALUES (1901, 1903);
INSERT INTO "connectsTo" VALUES (1903, 1904);
INSERT INTO "connectsTo" VALUES (1904, 1905);
INSERT INTO "connectsTo" VALUES (1905, 1906);
INSERT INTO "connectsTo" VALUES (1906, 1907);
INSERT INTO "connectsTo" VALUES (1907, 1909);
INSERT INTO "connectsTo" VALUES (1909, 1910);
INSERT INTO "connectsTo" VALUES (1910, 1911);
INSERT INTO "connectsTo" VALUES (1911, 1912);
INSERT INTO "connectsTo" VALUES (1912, 1913);
INSERT INTO "connectsTo" VALUES (1913, 1915);
INSERT INTO "connectsTo" VALUES (1915, 1916);
INSERT INTO "connectsTo" VALUES (1916, 1917);
INSERT INTO "connectsTo" VALUES (1917, 1918);
INSERT INTO "connectsTo" VALUES (1918, 1919);
INSERT INTO "connectsTo" VALUES (1919, 1921);
INSERT INTO "connectsTo" VALUES (1921, 1923);
INSERT INTO "connectsTo" VALUES (1923, 1924);
INSERT INTO "connectsTo" VALUES (1924, 1925);
INSERT INTO "connectsTo" VALUES (1925, 1926);
INSERT INTO "connectsTo" VALUES (1926, 1927);
INSERT INTO "connectsTo" VALUES (1927, 1928);
INSERT INTO "connectsTo" VALUES (1928, 1930);
INSERT INTO "connectsTo" VALUES (1930, 1931);
INSERT INTO "connectsTo" VALUES (1931, 1932);
INSERT INTO "connectsTo" VALUES (1932, 1933);
INSERT INTO "connectsTo" VALUES (1933, 1934);
INSERT INTO "connectsTo" VALUES (1934, 1936);
INSERT INTO "connectsTo" VALUES (1936, 1938);
INSERT INTO "connectsTo" VALUES (1938, 1939);
INSERT INTO "connectsTo" VALUES (1939, 1940);
INSERT INTO "connectsTo" VALUES (1940, 1941);
INSERT INTO "connectsTo" VALUES (1941, 1942);
INSERT INTO "connectsTo" VALUES (1942, 1944);
INSERT INTO "connectsTo" VALUES (1944, 1945);
INSERT INTO "connectsTo" VALUES (1945, 1946);
INSERT INTO "connectsTo" VALUES (1946, 1947);
INSERT INTO "connectsTo" VALUES (1947, 1948);
INSERT INTO "connectsTo" VALUES (1948, 1950);
INSERT INTO "connectsTo" VALUES (1950, 1951);
INSERT INTO "connectsTo" VALUES (1951, 1952);
INSERT INTO "connectsTo" VALUES (1952, 1953);
INSERT INTO "connectsTo" VALUES (1953, 1954);
INSERT INTO "connectsTo" VALUES (1954, 1956);
INSERT INTO "connectsTo" VALUES (1956, 1958);
INSERT INTO "connectsTo" VALUES (1958, 1959);
INSERT INTO "connectsTo" VALUES (1959, 1960);
INSERT INTO "connectsTo" VALUES (1960, 1961);
INSERT INTO "connectsTo" VALUES (1961, 1962);
INSERT INTO "connectsTo" VALUES (1962, 1964);
INSERT INTO "connectsTo" VALUES (1964, 1965);
INSERT INTO "connectsTo" VALUES (1965, 1966);
INSERT INTO "connectsTo" VALUES (1966, 1967);
INSERT INTO "connectsTo" VALUES (1967, 1968);
INSERT INTO "connectsTo" VALUES (1968, 1970);
INSERT INTO "connectsTo" VALUES (1970, 1971);
INSERT INTO "connectsTo" VALUES (1971, 1972);
INSERT INTO "connectsTo" VALUES (1972, 1973);
INSERT INTO "connectsTo" VALUES (1973, 1974);
INSERT INTO "connectsTo" VALUES (1974, 1976);
INSERT INTO "connectsTo" VALUES (1976, 1977);
INSERT INTO "connectsTo" VALUES (1977, 1978);
INSERT INTO "connectsTo" VALUES (1978, 1979);
INSERT INTO "connectsTo" VALUES (1979, 1980);
INSERT INTO "connectsTo" VALUES (1980, 1982);
INSERT INTO "connectsTo" VALUES (1982, 1983);
INSERT INTO "connectsTo" VALUES (1983, 1984);
INSERT INTO "connectsTo" VALUES (1984, 1985);
INSERT INTO "connectsTo" VALUES (1985, 1986);
INSERT INTO "connectsTo" VALUES (1986, 1988);
INSERT INTO "connectsTo" VALUES (1988, 1989);
INSERT INTO "connectsTo" VALUES (1989, 1990);
INSERT INTO "connectsTo" VALUES (1990, 1991);
INSERT INTO "connectsTo" VALUES (1991, 1992);
INSERT INTO "connectsTo" VALUES (1992, 1994);
INSERT INTO "connectsTo" VALUES (1994, 1995);
INSERT INTO "connectsTo" VALUES (1995, 1996);
INSERT INTO "connectsTo" VALUES (1996, 1997);
INSERT INTO "connectsTo" VALUES (1997, 1998);
INSERT INTO "connectsTo" VALUES (1998, 2000);
INSERT INTO "connectsTo" VALUES (2000, 2002);
INSERT INTO "connectsTo" VALUES (2002, 2003);
INSERT INTO "connectsTo" VALUES (2003, 2004);
INSERT INTO "connectsTo" VALUES (2004, 2005);
INSERT INTO "connectsTo" VALUES (2005, 2006);
INSERT INTO "connectsTo" VALUES (2006, 2008);
INSERT INTO "connectsTo" VALUES (2008, 2009);
INSERT INTO "connectsTo" VALUES (2009, 2010);
INSERT INTO "connectsTo" VALUES (2010, 2011);
INSERT INTO "connectsTo" VALUES (2011, 2012);
INSERT INTO "connectsTo" VALUES (2012, 2014);
INSERT INTO "connectsTo" VALUES (2014, 2015);
INSERT INTO "connectsTo" VALUES (2015, 2016);
INSERT INTO "connectsTo" VALUES (2016, 2017);
INSERT INTO "connectsTo" VALUES (2017, 2018);
INSERT INTO "connectsTo" VALUES (2018, 2020);
INSERT INTO "connectsTo" VALUES (2020, 2021);
INSERT INTO "connectsTo" VALUES (2021, 2022);
INSERT INTO "connectsTo" VALUES (2022, 2023);
INSERT INTO "connectsTo" VALUES (2023, 2024);
INSERT INTO "connectsTo" VALUES (2024, 2025);
INSERT INTO "connectsTo" VALUES (2025, 2027);
INSERT INTO "connectsTo" VALUES (2027, 2028);
INSERT INTO "connectsTo" VALUES (2028, 2029);
INSERT INTO "connectsTo" VALUES (2029, 2030);
INSERT INTO "connectsTo" VALUES (2030, 2031);
INSERT INTO "connectsTo" VALUES (2031, 2033);
INSERT INTO "connectsTo" VALUES (2033, 2034);
INSERT INTO "connectsTo" VALUES (2034, 2035);
INSERT INTO "connectsTo" VALUES (2035, 2036);
INSERT INTO "connectsTo" VALUES (2036, 2037);
INSERT INTO "connectsTo" VALUES (1883, 1887);
INSERT INTO "connectsTo" VALUES (2037, 5);

COMMIT;
CREATE INDEX segment_length_idx ON "Segment" ("length");
CREATE INDEX route_active_idx ON "Route" ("active");
CREATE INDEX semaphore_signal_idx ON "Semaphore" ("signal");
CREATE INDEX monitoredBy_idx ON "monitoredBy" ("Sensor_id", "TrackElement_id");
CREATE INDEX connectsTo_idx1 ON "connectsTo" ("TrackElement1_id");
CREATE INDEX connectsTo_idx2 ON "connectsTo" ("TrackElement2_id");
