SET SESSION sql_mode = 'ANSI_QUOTES';
--
-- Database: "trainbenchmark"
--

-- 512 Mb
SET max_heap_table_size=536870912;

DROP DATABASE IF EXISTS "trainbenchmark";
CREATE DATABASE "trainbenchmark";
USE "trainbenchmark";

START TRANSACTION;
-- --------------------------------------------------------

--
-- Nodes
--

CREATE TABLE IF NOT EXISTS "Route" (
  "id" int NOT NULL AUTO_INCREMENT,
  "active" int,
  "entry" int,
  "exit" int,
  PRIMARY KEY  ("id")
) DEFAULT CHARSET=utf8 AUTO_INCREMENT=1 ENGINE=MEMORY;

CREATE TABLE IF NOT EXISTS "Region" (
  "id" int NOT NULL AUTO_INCREMENT,
  PRIMARY KEY  ("id")
) DEFAULT CHARSET=utf8 AUTO_INCREMENT=1 ENGINE=MEMORY;

CREATE TABLE IF NOT EXISTS "Segment" (
  "id" int NOT NULL AUTO_INCREMENT,
  "length" int NOT NULL DEFAULT 1,
  PRIMARY KEY  ("id")
) DEFAULT CHARSET=utf8 ENGINE=MEMORY;

CREATE TABLE IF NOT EXISTS "Sensor" (
  "id" int NOT NULL AUTO_INCREMENT,
  "region" int NOT NULL, -- inverse of the "sensors" edge
  PRIMARY KEY  ("id")
) DEFAULT CHARSET=utf8 AUTO_INCREMENT=1 ENGINE=MEMORY;

CREATE TABLE IF NOT EXISTS "Semaphore" (
  "id" int NOT NULL AUTO_INCREMENT,
  "segment" int NOT NULL, -- inverse of the "semaphores" edge
  "signal" int NOT NULL,
  PRIMARY KEY  ("id")
) DEFAULT CHARSET=utf8 AUTO_INCREMENT=1 ENGINE=MEMORY;

CREATE TABLE IF NOT EXISTS "Switch" (
  "id" int NOT NULL AUTO_INCREMENT,
  "currentPosition" int NOT NULL,
  PRIMARY KEY  ("id")
) DEFAULT CHARSET=utf8 ENGINE=MEMORY;

CREATE TABLE IF NOT EXISTS "SwitchPosition" (
  "id" int NOT NULL AUTO_INCREMENT,
  "route" int, -- inverse of the "follows" edge
  "target" int,
  "position" int NOT NULL,
  PRIMARY KEY  ("id")
) DEFAULT CHARSET=utf8 AUTO_INCREMENT=1 ENGINE=MEMORY;

CREATE TABLE IF NOT EXISTS "TrackElement" (
  "id" int NOT NULL AUTO_INCREMENT,
  "region" int NOT NULL, -- inverse of the "elements" edge
  PRIMARY KEY  ("id")
) DEFAULT CHARSET=utf8 AUTO_INCREMENT=1 ENGINE=MEMORY;

--
-- Edges
--

CREATE TABLE IF NOT EXISTS "connectsTo" (
  "TrackElement1_id" int NOT NULL,
  "TrackElement2_id" int NOT NULL,
  PRIMARY KEY  ("TrackElement1_id", "TrackElement2_id")
) DEFAULT CHARSET=utf8 ENGINE=MEMORY;

CREATE TABLE IF NOT EXISTS "monitoredBy" (
  "TrackElement_id" int NOT NULL,
  "Sensor_id" int NOT NULL,
  PRIMARY KEY  ("TrackElement_id", "Sensor_id")
) DEFAULT CHARSET=utf8 ENGINE=MEMORY;

CREATE TABLE IF NOT EXISTS "requires" (
  "Route_id" int NOT NULL,
  "Sensor_id" int NOT NULL,
  PRIMARY KEY  ("Route_id", "Sensor_id")
) DEFAULT CHARSET=utf8 ENGINE=MEMORY;
INSERT INTO "Semaphore" ("id", "signal") VALUES (1, 2);
INSERT INTO "Semaphore" ("id", "signal") VALUES (2, 2);
INSERT INTO "Route" ("id", "active", "entry", "exit") VALUES (3, 1, 1, 2);
INSERT INTO "Region" ("id") VALUES (4);
INSERT INTO "TrackElement" ("id") VALUES (5);
INSERT INTO "Switch" ("id") VALUES (5);
UPDATE "TrackElement" SET "region" = 4 WHERE "id" = 5;
INSERT INTO "Sensor" ("id") VALUES (6);
UPDATE "Sensor" SET "region" = 4 WHERE "id" = 6;
INSERT INTO "monitoredBy" VALUES (5, 6);
INSERT INTO "requires" VALUES (3, 6);
INSERT INTO "TrackElement" ("id") VALUES (7);
INSERT INTO "Segment" ("id", "length") VALUES (7, 335);
UPDATE "TrackElement" SET "region" = 4 WHERE "id" = 7;
INSERT INTO "monitoredBy" VALUES (7, 6);
UPDATE "Semaphore" SET "segment" = 7 WHERE "id" = 2;
INSERT INTO "TrackElement" ("id") VALUES (8);
INSERT INTO "Segment" ("id", "length") VALUES (8, 439);
UPDATE "TrackElement" SET "region" = 4 WHERE "id" = 8;
INSERT INTO "monitoredBy" VALUES (8, 6);
INSERT INTO "TrackElement" ("id") VALUES (9);
INSERT INTO "Segment" ("id", "length") VALUES (9, 90);
UPDATE "TrackElement" SET "region" = 4 WHERE "id" = 9;
INSERT INTO "monitoredBy" VALUES (9, 6);
INSERT INTO "TrackElement" ("id") VALUES (10);
INSERT INTO "Segment" ("id", "length") VALUES (10, 395);
UPDATE "TrackElement" SET "region" = 4 WHERE "id" = 10;
INSERT INTO "monitoredBy" VALUES (10, 6);
INSERT INTO "TrackElement" ("id") VALUES (11);
INSERT INTO "Segment" ("id", "length") VALUES (11, 134);
UPDATE "TrackElement" SET "region" = 4 WHERE "id" = 11;
INSERT INTO "monitoredBy" VALUES (11, 6);
INSERT INTO "Sensor" ("id") VALUES (12);
UPDATE "Sensor" SET "region" = 4 WHERE "id" = 12;
INSERT INTO "monitoredBy" VALUES (5, 12);
INSERT INTO "requires" VALUES (3, 12);
INSERT INTO "TrackElement" ("id") VALUES (13);
INSERT INTO "Segment" ("id", "length") VALUES (13, 137);
UPDATE "TrackElement" SET "region" = 4 WHERE "id" = 13;
INSERT INTO "monitoredBy" VALUES (13, 12);
INSERT INTO "TrackElement" ("id") VALUES (14);
INSERT INTO "Segment" ("id", "length") VALUES (14, 494);
UPDATE "TrackElement" SET "region" = 4 WHERE "id" = 14;
INSERT INTO "monitoredBy" VALUES (14, 12);
INSERT INTO "TrackElement" ("id") VALUES (15);
INSERT INTO "Segment" ("id", "length") VALUES (15, 979);
UPDATE "TrackElement" SET "region" = 4 WHERE "id" = 15;
INSERT INTO "monitoredBy" VALUES (15, 12);
INSERT INTO "TrackElement" ("id") VALUES (16);
INSERT INTO "Segment" ("id", "length") VALUES (16, 815);
UPDATE "TrackElement" SET "region" = 4 WHERE "id" = 16;
INSERT INTO "monitoredBy" VALUES (16, 12);
INSERT INTO "TrackElement" ("id") VALUES (17);
INSERT INTO "Segment" ("id", "length") VALUES (17, 813);
UPDATE "TrackElement" SET "region" = 4 WHERE "id" = 17;
INSERT INTO "monitoredBy" VALUES (17, 12);
INSERT INTO "Sensor" ("id") VALUES (18);
UPDATE "Sensor" SET "region" = 4 WHERE "id" = 18;
INSERT INTO "monitoredBy" VALUES (5, 18);
INSERT INTO "requires" VALUES (3, 18);
INSERT INTO "TrackElement" ("id") VALUES (19);
INSERT INTO "Segment" ("id", "length") VALUES (19, 968);
UPDATE "TrackElement" SET "region" = 4 WHERE "id" = 19;
INSERT INTO "monitoredBy" VALUES (19, 18);
INSERT INTO "TrackElement" ("id") VALUES (20);
INSERT INTO "Segment" ("id", "length") VALUES (20, 197);
UPDATE "TrackElement" SET "region" = 4 WHERE "id" = 20;
INSERT INTO "monitoredBy" VALUES (20, 18);
INSERT INTO "TrackElement" ("id") VALUES (21);
INSERT INTO "Segment" ("id", "length") VALUES (21, 324);
UPDATE "TrackElement" SET "region" = 4 WHERE "id" = 21;
INSERT INTO "monitoredBy" VALUES (21, 18);
INSERT INTO "TrackElement" ("id") VALUES (22);
INSERT INTO "Segment" ("id", "length") VALUES (22, 645);
UPDATE "TrackElement" SET "region" = 4 WHERE "id" = 22;
INSERT INTO "monitoredBy" VALUES (22, 18);
INSERT INTO "TrackElement" ("id") VALUES (23);
INSERT INTO "Segment" ("id", "length") VALUES (23, 517);
UPDATE "TrackElement" SET "region" = 4 WHERE "id" = 23;
INSERT INTO "monitoredBy" VALUES (23, 18);
INSERT INTO "Sensor" ("id") VALUES (24);
UPDATE "Sensor" SET "region" = 4 WHERE "id" = 24;
INSERT INTO "monitoredBy" VALUES (5, 24);
INSERT INTO "requires" VALUES (3, 24);
INSERT INTO "TrackElement" ("id") VALUES (25);
INSERT INTO "Segment" ("id", "length") VALUES (25, 212);
UPDATE "TrackElement" SET "region" = 4 WHERE "id" = 25;
INSERT INTO "monitoredBy" VALUES (25, 24);
INSERT INTO "TrackElement" ("id") VALUES (26);
INSERT INTO "Segment" ("id", "length") VALUES (26, 994);
UPDATE "TrackElement" SET "region" = 4 WHERE "id" = 26;
INSERT INTO "monitoredBy" VALUES (26, 24);
INSERT INTO "TrackElement" ("id") VALUES (27);
INSERT INTO "Segment" ("id", "length") VALUES (27, 472);
UPDATE "TrackElement" SET "region" = 4 WHERE "id" = 27;
INSERT INTO "monitoredBy" VALUES (27, 24);
INSERT INTO "TrackElement" ("id") VALUES (28);
INSERT INTO "Segment" ("id", "length") VALUES (28, 679);
UPDATE "TrackElement" SET "region" = 4 WHERE "id" = 28;
INSERT INTO "monitoredBy" VALUES (28, 24);
INSERT INTO "TrackElement" ("id") VALUES (29);
INSERT INTO "Segment" ("id", "length") VALUES (29, 745);
UPDATE "TrackElement" SET "region" = 4 WHERE "id" = 29;
INSERT INTO "monitoredBy" VALUES (29, 24);
INSERT INTO "Sensor" ("id") VALUES (30);
UPDATE "Sensor" SET "region" = 4 WHERE "id" = 30;
INSERT INTO "monitoredBy" VALUES (5, 30);
INSERT INTO "requires" VALUES (3, 30);
INSERT INTO "TrackElement" ("id") VALUES (31);
INSERT INTO "Segment" ("id", "length") VALUES (31, 542);
UPDATE "TrackElement" SET "region" = 4 WHERE "id" = 31;
INSERT INTO "monitoredBy" VALUES (31, 30);
INSERT INTO "TrackElement" ("id") VALUES (32);
INSERT INTO "Segment" ("id", "length") VALUES (32, 655);
UPDATE "TrackElement" SET "region" = 4 WHERE "id" = 32;
INSERT INTO "monitoredBy" VALUES (32, 30);
INSERT INTO "TrackElement" ("id") VALUES (33);
INSERT INTO "Segment" ("id", "length") VALUES (33, 988);
UPDATE "TrackElement" SET "region" = 4 WHERE "id" = 33;
INSERT INTO "monitoredBy" VALUES (33, 30);
INSERT INTO "TrackElement" ("id") VALUES (34);
INSERT INTO "Segment" ("id", "length") VALUES (34, 483);
UPDATE "TrackElement" SET "region" = 4 WHERE "id" = 34;
INSERT INTO "monitoredBy" VALUES (34, 30);
INSERT INTO "TrackElement" ("id") VALUES (35);
INSERT INTO "Segment" ("id", "length") VALUES (35, 636);
UPDATE "TrackElement" SET "region" = 4 WHERE "id" = 35;
INSERT INTO "monitoredBy" VALUES (35, 30);
INSERT INTO "Sensor" ("id") VALUES (36);
UPDATE "Sensor" SET "region" = 4 WHERE "id" = 36;
INSERT INTO "monitoredBy" VALUES (5, 36);
INSERT INTO "requires" VALUES (3, 36);
INSERT INTO "TrackElement" ("id") VALUES (37);
INSERT INTO "Segment" ("id", "length") VALUES (37, 429);
UPDATE "TrackElement" SET "region" = 4 WHERE "id" = 37;
INSERT INTO "monitoredBy" VALUES (37, 36);
INSERT INTO "TrackElement" ("id") VALUES (38);
INSERT INTO "Segment" ("id", "length") VALUES (38, 892);
UPDATE "TrackElement" SET "region" = 4 WHERE "id" = 38;
INSERT INTO "monitoredBy" VALUES (38, 36);
INSERT INTO "TrackElement" ("id") VALUES (39);
INSERT INTO "Segment" ("id", "length") VALUES (39, 149);
UPDATE "TrackElement" SET "region" = 4 WHERE "id" = 39;
INSERT INTO "monitoredBy" VALUES (39, 36);
INSERT INTO "TrackElement" ("id") VALUES (40);
INSERT INTO "Segment" ("id", "length") VALUES (40, 209);
UPDATE "TrackElement" SET "region" = 4 WHERE "id" = 40;
INSERT INTO "monitoredBy" VALUES (40, 36);
INSERT INTO "TrackElement" ("id") VALUES (41);
INSERT INTO "Segment" ("id", "length") VALUES (41, 721);
UPDATE "TrackElement" SET "region" = 4 WHERE "id" = 41;
INSERT INTO "monitoredBy" VALUES (41, 36);
INSERT INTO "Sensor" ("id") VALUES (42);
UPDATE "Sensor" SET "region" = 4 WHERE "id" = 42;
INSERT INTO "monitoredBy" VALUES (5, 42);
INSERT INTO "requires" VALUES (3, 42);
INSERT INTO "TrackElement" ("id") VALUES (43);
INSERT INTO "Segment" ("id", "length") VALUES (43, 853);
UPDATE "TrackElement" SET "region" = 4 WHERE "id" = 43;
INSERT INTO "monitoredBy" VALUES (43, 42);
INSERT INTO "TrackElement" ("id") VALUES (44);
INSERT INTO "Segment" ("id", "length") VALUES (44, 560);
UPDATE "TrackElement" SET "region" = 4 WHERE "id" = 44;
INSERT INTO "monitoredBy" VALUES (44, 42);
INSERT INTO "TrackElement" ("id") VALUES (45);
INSERT INTO "Segment" ("id", "length") VALUES (45, 190);
UPDATE "TrackElement" SET "region" = 4 WHERE "id" = 45;
INSERT INTO "monitoredBy" VALUES (45, 42);
INSERT INTO "TrackElement" ("id") VALUES (46);
INSERT INTO "Segment" ("id", "length") VALUES (46, 764);
UPDATE "TrackElement" SET "region" = 4 WHERE "id" = 46;
INSERT INTO "monitoredBy" VALUES (46, 42);
INSERT INTO "TrackElement" ("id") VALUES (47);
INSERT INTO "Segment" ("id", "length") VALUES (47, 872);
UPDATE "TrackElement" SET "region" = 4 WHERE "id" = 47;
INSERT INTO "monitoredBy" VALUES (47, 42);
UPDATE "Switch" SET "currentPosition" = 2 WHERE "id" = 5;
INSERT INTO "SwitchPosition" ("id", "position", "target") VALUES (48, 2, 5);
UPDATE "SwitchPosition" SET "route" = 3 WHERE "id" = 48;
INSERT INTO "connectsTo" VALUES (5, 7);
INSERT INTO "connectsTo" VALUES (7, 8);
INSERT INTO "connectsTo" VALUES (8, 9);
INSERT INTO "connectsTo" VALUES (9, 10);
INSERT INTO "connectsTo" VALUES (10, 11);
INSERT INTO "connectsTo" VALUES (11, 13);
INSERT INTO "connectsTo" VALUES (13, 14);
INSERT INTO "connectsTo" VALUES (14, 15);
INSERT INTO "connectsTo" VALUES (15, 16);
INSERT INTO "connectsTo" VALUES (16, 17);
INSERT INTO "connectsTo" VALUES (17, 19);
INSERT INTO "connectsTo" VALUES (19, 20);
INSERT INTO "connectsTo" VALUES (20, 21);
INSERT INTO "connectsTo" VALUES (21, 22);
INSERT INTO "connectsTo" VALUES (22, 23);
INSERT INTO "connectsTo" VALUES (23, 25);
INSERT INTO "connectsTo" VALUES (25, 26);
INSERT INTO "connectsTo" VALUES (26, 27);
INSERT INTO "connectsTo" VALUES (27, 28);
INSERT INTO "connectsTo" VALUES (28, 29);
INSERT INTO "connectsTo" VALUES (29, 31);
INSERT INTO "connectsTo" VALUES (31, 32);
INSERT INTO "connectsTo" VALUES (32, 33);
INSERT INTO "connectsTo" VALUES (33, 34);
INSERT INTO "connectsTo" VALUES (34, 35);
INSERT INTO "connectsTo" VALUES (35, 37);
INSERT INTO "connectsTo" VALUES (37, 38);
INSERT INTO "connectsTo" VALUES (38, 39);
INSERT INTO "connectsTo" VALUES (39, 40);
INSERT INTO "connectsTo" VALUES (40, 41);
INSERT INTO "connectsTo" VALUES (41, 43);
INSERT INTO "connectsTo" VALUES (43, 44);
INSERT INTO "connectsTo" VALUES (44, 45);
INSERT INTO "connectsTo" VALUES (45, 46);
INSERT INTO "connectsTo" VALUES (46, 47);
INSERT INTO "Semaphore" ("id", "signal") VALUES (49, 2);
INSERT INTO "Route" ("id", "active", "entry", "exit") VALUES (50, 1, 2, 49);
INSERT INTO "Region" ("id") VALUES (51);
INSERT INTO "TrackElement" ("id") VALUES (52);
INSERT INTO "Switch" ("id") VALUES (52);
UPDATE "TrackElement" SET "region" = 51 WHERE "id" = 52;
INSERT INTO "Sensor" ("id") VALUES (53);
UPDATE "Sensor" SET "region" = 51 WHERE "id" = 53;
INSERT INTO "monitoredBy" VALUES (52, 53);
INSERT INTO "requires" VALUES (50, 53);
INSERT INTO "TrackElement" ("id") VALUES (54);
INSERT INTO "Segment" ("id", "length") VALUES (54, 232);
UPDATE "TrackElement" SET "region" = 51 WHERE "id" = 54;
INSERT INTO "monitoredBy" VALUES (54, 53);
UPDATE "Semaphore" SET "segment" = 54 WHERE "id" = 49;
INSERT INTO "TrackElement" ("id") VALUES (55);
INSERT INTO "Segment" ("id", "length") VALUES (55, 901);
UPDATE "TrackElement" SET "region" = 51 WHERE "id" = 55;
INSERT INTO "monitoredBy" VALUES (55, 53);
INSERT INTO "TrackElement" ("id") VALUES (56);
INSERT INTO "Segment" ("id", "length") VALUES (56, 530);
UPDATE "TrackElement" SET "region" = 51 WHERE "id" = 56;
INSERT INTO "monitoredBy" VALUES (56, 53);
INSERT INTO "TrackElement" ("id") VALUES (57);
INSERT INTO "Segment" ("id", "length") VALUES (57, 494);
UPDATE "TrackElement" SET "region" = 51 WHERE "id" = 57;
INSERT INTO "monitoredBy" VALUES (57, 53);
INSERT INTO "TrackElement" ("id") VALUES (58);
INSERT INTO "Segment" ("id", "length") VALUES (58, 273);
UPDATE "TrackElement" SET "region" = 51 WHERE "id" = 58;
INSERT INTO "monitoredBy" VALUES (58, 53);
INSERT INTO "Sensor" ("id") VALUES (59);
UPDATE "Sensor" SET "region" = 51 WHERE "id" = 59;
INSERT INTO "monitoredBy" VALUES (52, 59);
INSERT INTO "requires" VALUES (50, 59);
INSERT INTO "TrackElement" ("id") VALUES (60);
INSERT INTO "Segment" ("id", "length") VALUES (60, 975);
UPDATE "TrackElement" SET "region" = 51 WHERE "id" = 60;
INSERT INTO "monitoredBy" VALUES (60, 59);
INSERT INTO "TrackElement" ("id") VALUES (61);
INSERT INTO "Segment" ("id", "length") VALUES (61, 386);
UPDATE "TrackElement" SET "region" = 51 WHERE "id" = 61;
INSERT INTO "monitoredBy" VALUES (61, 59);
INSERT INTO "TrackElement" ("id") VALUES (62);
INSERT INTO "Segment" ("id", "length") VALUES (62, 220);
UPDATE "TrackElement" SET "region" = 51 WHERE "id" = 62;
INSERT INTO "monitoredBy" VALUES (62, 59);
INSERT INTO "TrackElement" ("id") VALUES (63);
INSERT INTO "Segment" ("id", "length") VALUES (63, 929);
UPDATE "TrackElement" SET "region" = 51 WHERE "id" = 63;
INSERT INTO "monitoredBy" VALUES (63, 59);
INSERT INTO "TrackElement" ("id") VALUES (64);
INSERT INTO "Segment" ("id", "length") VALUES (64, 152);
UPDATE "TrackElement" SET "region" = 51 WHERE "id" = 64;
INSERT INTO "monitoredBy" VALUES (64, 59);
INSERT INTO "Sensor" ("id") VALUES (65);
UPDATE "Sensor" SET "region" = 51 WHERE "id" = 65;
INSERT INTO "monitoredBy" VALUES (52, 65);
INSERT INTO "requires" VALUES (50, 65);
INSERT INTO "TrackElement" ("id") VALUES (66);
INSERT INTO "Segment" ("id", "length") VALUES (66, 246);
UPDATE "TrackElement" SET "region" = 51 WHERE "id" = 66;
INSERT INTO "monitoredBy" VALUES (66, 65);
INSERT INTO "TrackElement" ("id") VALUES (67);
INSERT INTO "Segment" ("id", "length") VALUES (67, 246);
UPDATE "TrackElement" SET "region" = 51 WHERE "id" = 67;
INSERT INTO "monitoredBy" VALUES (67, 65);
INSERT INTO "TrackElement" ("id") VALUES (68);
INSERT INTO "Segment" ("id", "length") VALUES (68, 437);
UPDATE "TrackElement" SET "region" = 51 WHERE "id" = 68;
INSERT INTO "monitoredBy" VALUES (68, 65);
INSERT INTO "TrackElement" ("id") VALUES (69);
INSERT INTO "Segment" ("id", "length") VALUES (69, 375);
UPDATE "TrackElement" SET "region" = 51 WHERE "id" = 69;
INSERT INTO "monitoredBy" VALUES (69, 65);
INSERT INTO "TrackElement" ("id") VALUES (70);
INSERT INTO "Segment" ("id", "length") VALUES (70, 942);
UPDATE "TrackElement" SET "region" = 51 WHERE "id" = 70;
INSERT INTO "monitoredBy" VALUES (70, 65);
INSERT INTO "Sensor" ("id") VALUES (71);
UPDATE "Sensor" SET "region" = 51 WHERE "id" = 71;
INSERT INTO "monitoredBy" VALUES (52, 71);
INSERT INTO "requires" VALUES (50, 71);
INSERT INTO "TrackElement" ("id") VALUES (72);
INSERT INTO "Segment" ("id", "length") VALUES (72, 301);
UPDATE "TrackElement" SET "region" = 51 WHERE "id" = 72;
INSERT INTO "monitoredBy" VALUES (72, 71);
INSERT INTO "TrackElement" ("id") VALUES (73);
INSERT INTO "Segment" ("id", "length") VALUES (73, 437);
UPDATE "TrackElement" SET "region" = 51 WHERE "id" = 73;
INSERT INTO "monitoredBy" VALUES (73, 71);
INSERT INTO "TrackElement" ("id") VALUES (74);
INSERT INTO "Segment" ("id", "length") VALUES (74, 511);
UPDATE "TrackElement" SET "region" = 51 WHERE "id" = 74;
INSERT INTO "monitoredBy" VALUES (74, 71);
INSERT INTO "TrackElement" ("id") VALUES (75);
INSERT INTO "Segment" ("id", "length") VALUES (75, 625);
UPDATE "TrackElement" SET "region" = 51 WHERE "id" = 75;
INSERT INTO "monitoredBy" VALUES (75, 71);
INSERT INTO "TrackElement" ("id") VALUES (76);
INSERT INTO "Segment" ("id", "length") VALUES (76, 111);
UPDATE "TrackElement" SET "region" = 51 WHERE "id" = 76;
INSERT INTO "monitoredBy" VALUES (76, 71);
INSERT INTO "Sensor" ("id") VALUES (77);
UPDATE "Sensor" SET "region" = 51 WHERE "id" = 77;
INSERT INTO "monitoredBy" VALUES (52, 77);
INSERT INTO "requires" VALUES (50, 77);
INSERT INTO "TrackElement" ("id") VALUES (78);
INSERT INTO "Segment" ("id", "length") VALUES (78, 227);
UPDATE "TrackElement" SET "region" = 51 WHERE "id" = 78;
INSERT INTO "monitoredBy" VALUES (78, 77);
INSERT INTO "TrackElement" ("id") VALUES (79);
INSERT INTO "Segment" ("id", "length") VALUES (79, 145);
UPDATE "TrackElement" SET "region" = 51 WHERE "id" = 79;
INSERT INTO "monitoredBy" VALUES (79, 77);
INSERT INTO "TrackElement" ("id") VALUES (80);
INSERT INTO "Segment" ("id", "length") VALUES (80, 789);
UPDATE "TrackElement" SET "region" = 51 WHERE "id" = 80;
INSERT INTO "monitoredBy" VALUES (80, 77);
INSERT INTO "TrackElement" ("id") VALUES (81);
INSERT INTO "Segment" ("id", "length") VALUES (81, 456);
UPDATE "TrackElement" SET "region" = 51 WHERE "id" = 81;
INSERT INTO "monitoredBy" VALUES (81, 77);
INSERT INTO "TrackElement" ("id") VALUES (82);
INSERT INTO "Segment" ("id", "length") VALUES (82, 434);
UPDATE "TrackElement" SET "region" = 51 WHERE "id" = 82;
INSERT INTO "monitoredBy" VALUES (82, 77);
INSERT INTO "Sensor" ("id") VALUES (83);
UPDATE "Sensor" SET "region" = 51 WHERE "id" = 83;
INSERT INTO "monitoredBy" VALUES (52, 83);
INSERT INTO "requires" VALUES (50, 83);
INSERT INTO "TrackElement" ("id") VALUES (84);
INSERT INTO "Segment" ("id", "length") VALUES (84, 824);
UPDATE "TrackElement" SET "region" = 51 WHERE "id" = 84;
INSERT INTO "monitoredBy" VALUES (84, 83);
INSERT INTO "TrackElement" ("id") VALUES (85);
INSERT INTO "Segment" ("id", "length") VALUES (85, 395);
UPDATE "TrackElement" SET "region" = 51 WHERE "id" = 85;
INSERT INTO "monitoredBy" VALUES (85, 83);
INSERT INTO "TrackElement" ("id") VALUES (86);
INSERT INTO "Segment" ("id", "length") VALUES (86, 608);
UPDATE "TrackElement" SET "region" = 51 WHERE "id" = 86;
INSERT INTO "monitoredBy" VALUES (86, 83);
INSERT INTO "TrackElement" ("id") VALUES (87);
INSERT INTO "Segment" ("id", "length") VALUES (87, 829);
UPDATE "TrackElement" SET "region" = 51 WHERE "id" = 87;
INSERT INTO "monitoredBy" VALUES (87, 83);
INSERT INTO "TrackElement" ("id") VALUES (88);
INSERT INTO "Segment" ("id", "length") VALUES (88, 619);
UPDATE "TrackElement" SET "region" = 51 WHERE "id" = 88;
INSERT INTO "monitoredBy" VALUES (88, 83);
INSERT INTO "Sensor" ("id") VALUES (89);
UPDATE "Sensor" SET "region" = 51 WHERE "id" = 89;
INSERT INTO "monitoredBy" VALUES (52, 89);
INSERT INTO "requires" VALUES (50, 89);
INSERT INTO "TrackElement" ("id") VALUES (90);
INSERT INTO "Segment" ("id", "length") VALUES (90, 921);
UPDATE "TrackElement" SET "region" = 51 WHERE "id" = 90;
INSERT INTO "monitoredBy" VALUES (90, 89);
INSERT INTO "TrackElement" ("id") VALUES (91);
INSERT INTO "Segment" ("id", "length") VALUES (91, 329);
UPDATE "TrackElement" SET "region" = 51 WHERE "id" = 91;
INSERT INTO "monitoredBy" VALUES (91, 89);
INSERT INTO "TrackElement" ("id") VALUES (92);
INSERT INTO "Segment" ("id", "length") VALUES (92, 703);
UPDATE "TrackElement" SET "region" = 51 WHERE "id" = 92;
INSERT INTO "monitoredBy" VALUES (92, 89);
INSERT INTO "TrackElement" ("id") VALUES (93);
INSERT INTO "Segment" ("id", "length") VALUES (93, 763);
UPDATE "TrackElement" SET "region" = 51 WHERE "id" = 93;
INSERT INTO "monitoredBy" VALUES (93, 89);
INSERT INTO "TrackElement" ("id") VALUES (94);
INSERT INTO "Segment" ("id", "length") VALUES (94, 890);
UPDATE "TrackElement" SET "region" = 51 WHERE "id" = 94;
INSERT INTO "monitoredBy" VALUES (94, 89);
INSERT INTO "Sensor" ("id") VALUES (95);
UPDATE "Sensor" SET "region" = 51 WHERE "id" = 95;
INSERT INTO "monitoredBy" VALUES (52, 95);
INSERT INTO "requires" VALUES (50, 95);
INSERT INTO "TrackElement" ("id") VALUES (96);
INSERT INTO "Segment" ("id", "length") VALUES (96, 257);
UPDATE "TrackElement" SET "region" = 51 WHERE "id" = 96;
INSERT INTO "monitoredBy" VALUES (96, 95);
INSERT INTO "TrackElement" ("id") VALUES (97);
INSERT INTO "Segment" ("id", "length") VALUES (97, 488);
UPDATE "TrackElement" SET "region" = 51 WHERE "id" = 97;
INSERT INTO "monitoredBy" VALUES (97, 95);
INSERT INTO "TrackElement" ("id") VALUES (98);
INSERT INTO "Segment" ("id", "length") VALUES (98, 366);
UPDATE "TrackElement" SET "region" = 51 WHERE "id" = 98;
INSERT INTO "monitoredBy" VALUES (98, 95);
INSERT INTO "TrackElement" ("id") VALUES (99);
INSERT INTO "Segment" ("id", "length") VALUES (99, 638);
UPDATE "TrackElement" SET "region" = 51 WHERE "id" = 99;
INSERT INTO "monitoredBy" VALUES (99, 95);
INSERT INTO "TrackElement" ("id") VALUES (100);
INSERT INTO "Segment" ("id", "length") VALUES (100, 102);
UPDATE "TrackElement" SET "region" = 51 WHERE "id" = 100;
INSERT INTO "monitoredBy" VALUES (100, 95);
UPDATE "Switch" SET "currentPosition" = 1 WHERE "id" = 52;
INSERT INTO "SwitchPosition" ("id", "position", "target") VALUES (101, 1, 52);
UPDATE "SwitchPosition" SET "route" = 50 WHERE "id" = 101;
INSERT INTO "TrackElement" ("id") VALUES (102);
INSERT INTO "Switch" ("id") VALUES (102);
UPDATE "TrackElement" SET "region" = 51 WHERE "id" = 102;
INSERT INTO "Sensor" ("id") VALUES (103);
UPDATE "Sensor" SET "region" = 51 WHERE "id" = 103;
INSERT INTO "monitoredBy" VALUES (102, 103);
INSERT INTO "requires" VALUES (50, 103);
INSERT INTO "TrackElement" ("id") VALUES (104);
INSERT INTO "Segment" ("id", "length") VALUES (104, 386);
UPDATE "TrackElement" SET "region" = 51 WHERE "id" = 104;
INSERT INTO "monitoredBy" VALUES (104, 103);
INSERT INTO "TrackElement" ("id") VALUES (105);
INSERT INTO "Segment" ("id", "length") VALUES (105, 462);
UPDATE "TrackElement" SET "region" = 51 WHERE "id" = 105;
INSERT INTO "monitoredBy" VALUES (105, 103);
INSERT INTO "TrackElement" ("id") VALUES (106);
INSERT INTO "Segment" ("id", "length") VALUES (106, 657);
UPDATE "TrackElement" SET "region" = 51 WHERE "id" = 106;
INSERT INTO "monitoredBy" VALUES (106, 103);
INSERT INTO "TrackElement" ("id") VALUES (107);
INSERT INTO "Segment" ("id", "length") VALUES (107, 931);
UPDATE "TrackElement" SET "region" = 51 WHERE "id" = 107;
INSERT INTO "monitoredBy" VALUES (107, 103);
INSERT INTO "TrackElement" ("id") VALUES (108);
INSERT INTO "Segment" ("id", "length") VALUES (108, 119);
UPDATE "TrackElement" SET "region" = 51 WHERE "id" = 108;
INSERT INTO "monitoredBy" VALUES (108, 103);
INSERT INTO "Sensor" ("id") VALUES (109);
UPDATE "Sensor" SET "region" = 51 WHERE "id" = 109;
INSERT INTO "monitoredBy" VALUES (102, 109);
INSERT INTO "requires" VALUES (50, 109);
INSERT INTO "TrackElement" ("id") VALUES (110);
INSERT INTO "Segment" ("id", "length") VALUES (110, 392);
UPDATE "TrackElement" SET "region" = 51 WHERE "id" = 110;
INSERT INTO "monitoredBy" VALUES (110, 109);
INSERT INTO "TrackElement" ("id") VALUES (111);
INSERT INTO "Segment" ("id", "length") VALUES (111, 782);
UPDATE "TrackElement" SET "region" = 51 WHERE "id" = 111;
INSERT INTO "monitoredBy" VALUES (111, 109);
INSERT INTO "TrackElement" ("id") VALUES (112);
INSERT INTO "Segment" ("id", "length") VALUES (112, 212);
UPDATE "TrackElement" SET "region" = 51 WHERE "id" = 112;
INSERT INTO "monitoredBy" VALUES (112, 109);
INSERT INTO "TrackElement" ("id") VALUES (113);
INSERT INTO "Segment" ("id", "length") VALUES (113, 907);
UPDATE "TrackElement" SET "region" = 51 WHERE "id" = 113;
INSERT INTO "monitoredBy" VALUES (113, 109);
INSERT INTO "TrackElement" ("id") VALUES (114);
INSERT INTO "Segment" ("id", "length") VALUES (114, 118);
UPDATE "TrackElement" SET "region" = 51 WHERE "id" = 114;
INSERT INTO "monitoredBy" VALUES (114, 109);
INSERT INTO "Sensor" ("id") VALUES (115);
UPDATE "Sensor" SET "region" = 51 WHERE "id" = 115;
INSERT INTO "monitoredBy" VALUES (102, 115);
INSERT INTO "requires" VALUES (50, 115);
INSERT INTO "TrackElement" ("id") VALUES (116);
INSERT INTO "Segment" ("id", "length") VALUES (116, 186);
UPDATE "TrackElement" SET "region" = 51 WHERE "id" = 116;
INSERT INTO "monitoredBy" VALUES (116, 115);
INSERT INTO "TrackElement" ("id") VALUES (117);
INSERT INTO "Segment" ("id", "length") VALUES (117, 324);
UPDATE "TrackElement" SET "region" = 51 WHERE "id" = 117;
INSERT INTO "monitoredBy" VALUES (117, 115);
INSERT INTO "TrackElement" ("id") VALUES (118);
INSERT INTO "Segment" ("id", "length") VALUES (118, 881);
UPDATE "TrackElement" SET "region" = 51 WHERE "id" = 118;
INSERT INTO "monitoredBy" VALUES (118, 115);
INSERT INTO "TrackElement" ("id") VALUES (119);
INSERT INTO "Segment" ("id", "length") VALUES (119, 740);
UPDATE "TrackElement" SET "region" = 51 WHERE "id" = 119;
INSERT INTO "monitoredBy" VALUES (119, 115);
INSERT INTO "TrackElement" ("id") VALUES (120);
INSERT INTO "Segment" ("id", "length") VALUES (120, 897);
UPDATE "TrackElement" SET "region" = 51 WHERE "id" = 120;
INSERT INTO "monitoredBy" VALUES (120, 115);
INSERT INTO "Sensor" ("id") VALUES (121);
UPDATE "Sensor" SET "region" = 51 WHERE "id" = 121;
INSERT INTO "monitoredBy" VALUES (102, 121);
INSERT INTO "requires" VALUES (50, 121);
INSERT INTO "TrackElement" ("id") VALUES (122);
INSERT INTO "Segment" ("id", "length") VALUES (122, 250);
UPDATE "TrackElement" SET "region" = 51 WHERE "id" = 122;
INSERT INTO "monitoredBy" VALUES (122, 121);
INSERT INTO "TrackElement" ("id") VALUES (123);
INSERT INTO "Segment" ("id", "length") VALUES (123, 579);
UPDATE "TrackElement" SET "region" = 51 WHERE "id" = 123;
INSERT INTO "monitoredBy" VALUES (123, 121);
INSERT INTO "TrackElement" ("id") VALUES (124);
INSERT INTO "Segment" ("id", "length") VALUES (124, 39);
UPDATE "TrackElement" SET "region" = 51 WHERE "id" = 124;
INSERT INTO "monitoredBy" VALUES (124, 121);
INSERT INTO "TrackElement" ("id") VALUES (125);
INSERT INTO "Segment" ("id", "length") VALUES (125, 91);
UPDATE "TrackElement" SET "region" = 51 WHERE "id" = 125;
INSERT INTO "monitoredBy" VALUES (125, 121);
INSERT INTO "TrackElement" ("id") VALUES (126);
INSERT INTO "Segment" ("id", "length") VALUES (126, 963);
UPDATE "TrackElement" SET "region" = 51 WHERE "id" = 126;
INSERT INTO "monitoredBy" VALUES (126, 121);
INSERT INTO "Sensor" ("id") VALUES (127);
UPDATE "Sensor" SET "region" = 51 WHERE "id" = 127;
INSERT INTO "monitoredBy" VALUES (102, 127);
INSERT INTO "requires" VALUES (50, 127);
INSERT INTO "TrackElement" ("id") VALUES (128);
INSERT INTO "Segment" ("id", "length") VALUES (128, 718);
UPDATE "TrackElement" SET "region" = 51 WHERE "id" = 128;
INSERT INTO "monitoredBy" VALUES (128, 127);
INSERT INTO "TrackElement" ("id") VALUES (129);
INSERT INTO "Segment" ("id", "length") VALUES (129, 942);
UPDATE "TrackElement" SET "region" = 51 WHERE "id" = 129;
INSERT INTO "monitoredBy" VALUES (129, 127);
INSERT INTO "TrackElement" ("id") VALUES (130);
INSERT INTO "Segment" ("id", "length") VALUES (130, 547);
UPDATE "TrackElement" SET "region" = 51 WHERE "id" = 130;
INSERT INTO "monitoredBy" VALUES (130, 127);
INSERT INTO "TrackElement" ("id") VALUES (131);
INSERT INTO "Segment" ("id", "length") VALUES (131, 836);
UPDATE "TrackElement" SET "region" = 51 WHERE "id" = 131;
INSERT INTO "monitoredBy" VALUES (131, 127);
INSERT INTO "TrackElement" ("id") VALUES (132);
INSERT INTO "Segment" ("id", "length") VALUES (132, 579);
UPDATE "TrackElement" SET "region" = 51 WHERE "id" = 132;
INSERT INTO "monitoredBy" VALUES (132, 127);
INSERT INTO "Sensor" ("id") VALUES (133);
UPDATE "Sensor" SET "region" = 51 WHERE "id" = 133;
INSERT INTO "monitoredBy" VALUES (102, 133);
INSERT INTO "requires" VALUES (50, 133);
INSERT INTO "TrackElement" ("id") VALUES (134);
INSERT INTO "Segment" ("id", "length") VALUES (134, 870);
UPDATE "TrackElement" SET "region" = 51 WHERE "id" = 134;
INSERT INTO "monitoredBy" VALUES (134, 133);
INSERT INTO "TrackElement" ("id") VALUES (135);
INSERT INTO "Segment" ("id", "length") VALUES (135, 344);
UPDATE "TrackElement" SET "region" = 51 WHERE "id" = 135;
INSERT INTO "monitoredBy" VALUES (135, 133);
INSERT INTO "TrackElement" ("id") VALUES (136);
INSERT INTO "Segment" ("id", "length") VALUES (136, 333);
UPDATE "TrackElement" SET "region" = 51 WHERE "id" = 136;
INSERT INTO "monitoredBy" VALUES (136, 133);
INSERT INTO "TrackElement" ("id") VALUES (137);
INSERT INTO "Segment" ("id", "length") VALUES (137, 923);
UPDATE "TrackElement" SET "region" = 51 WHERE "id" = 137;
INSERT INTO "monitoredBy" VALUES (137, 133);
INSERT INTO "TrackElement" ("id") VALUES (138);
INSERT INTO "Segment" ("id", "length") VALUES (138, 627);
UPDATE "TrackElement" SET "region" = 51 WHERE "id" = 138;
INSERT INTO "monitoredBy" VALUES (138, 133);
INSERT INTO "Sensor" ("id") VALUES (139);
UPDATE "Sensor" SET "region" = 51 WHERE "id" = 139;
INSERT INTO "monitoredBy" VALUES (102, 139);
INSERT INTO "requires" VALUES (50, 139);
INSERT INTO "TrackElement" ("id") VALUES (140);
INSERT INTO "Segment" ("id", "length") VALUES (140, 465);
UPDATE "TrackElement" SET "region" = 51 WHERE "id" = 140;
INSERT INTO "monitoredBy" VALUES (140, 139);
INSERT INTO "TrackElement" ("id") VALUES (141);
INSERT INTO "Segment" ("id", "length") VALUES (141, 470);
UPDATE "TrackElement" SET "region" = 51 WHERE "id" = 141;
INSERT INTO "monitoredBy" VALUES (141, 139);
INSERT INTO "TrackElement" ("id") VALUES (142);
INSERT INTO "Segment" ("id", "length") VALUES (142, 343);
UPDATE "TrackElement" SET "region" = 51 WHERE "id" = 142;
INSERT INTO "monitoredBy" VALUES (142, 139);
INSERT INTO "TrackElement" ("id") VALUES (143);
INSERT INTO "Segment" ("id", "length") VALUES (143, 771);
UPDATE "TrackElement" SET "region" = 51 WHERE "id" = 143;
INSERT INTO "monitoredBy" VALUES (143, 139);
INSERT INTO "TrackElement" ("id") VALUES (144);
INSERT INTO "Segment" ("id", "length") VALUES (144, 288);
UPDATE "TrackElement" SET "region" = 51 WHERE "id" = 144;
INSERT INTO "monitoredBy" VALUES (144, 139);
INSERT INTO "Sensor" ("id") VALUES (145);
UPDATE "Sensor" SET "region" = 51 WHERE "id" = 145;
INSERT INTO "monitoredBy" VALUES (102, 145);
INSERT INTO "requires" VALUES (50, 145);
INSERT INTO "TrackElement" ("id") VALUES (146);
INSERT INTO "Segment" ("id", "length") VALUES (146, 167);
UPDATE "TrackElement" SET "region" = 51 WHERE "id" = 146;
INSERT INTO "monitoredBy" VALUES (146, 145);
INSERT INTO "TrackElement" ("id") VALUES (147);
INSERT INTO "Segment" ("id", "length") VALUES (147, 466);
UPDATE "TrackElement" SET "region" = 51 WHERE "id" = 147;
INSERT INTO "monitoredBy" VALUES (147, 145);
INSERT INTO "TrackElement" ("id") VALUES (148);
INSERT INTO "Segment" ("id", "length") VALUES (148, 886);
UPDATE "TrackElement" SET "region" = 51 WHERE "id" = 148;
INSERT INTO "monitoredBy" VALUES (148, 145);
INSERT INTO "TrackElement" ("id") VALUES (149);
INSERT INTO "Segment" ("id", "length") VALUES (149, 248);
UPDATE "TrackElement" SET "region" = 51 WHERE "id" = 149;
INSERT INTO "monitoredBy" VALUES (149, 145);
INSERT INTO "TrackElement" ("id") VALUES (150);
INSERT INTO "Segment" ("id", "length") VALUES (150, 261);
UPDATE "TrackElement" SET "region" = 51 WHERE "id" = 150;
INSERT INTO "monitoredBy" VALUES (150, 145);
INSERT INTO "Sensor" ("id") VALUES (151);
UPDATE "Sensor" SET "region" = 51 WHERE "id" = 151;
INSERT INTO "monitoredBy" VALUES (102, 151);
INSERT INTO "requires" VALUES (50, 151);
INSERT INTO "TrackElement" ("id") VALUES (152);
INSERT INTO "Segment" ("id", "length") VALUES (152, 36);
UPDATE "TrackElement" SET "region" = 51 WHERE "id" = 152;
INSERT INTO "monitoredBy" VALUES (152, 151);
INSERT INTO "TrackElement" ("id") VALUES (153);
INSERT INTO "Segment" ("id", "length") VALUES (153, 458);
UPDATE "TrackElement" SET "region" = 51 WHERE "id" = 153;
INSERT INTO "monitoredBy" VALUES (153, 151);
INSERT INTO "TrackElement" ("id") VALUES (154);
INSERT INTO "Segment" ("id", "length") VALUES (154, 918);
UPDATE "TrackElement" SET "region" = 51 WHERE "id" = 154;
INSERT INTO "monitoredBy" VALUES (154, 151);
INSERT INTO "TrackElement" ("id") VALUES (155);
INSERT INTO "Segment" ("id", "length") VALUES (155, 345);
UPDATE "TrackElement" SET "region" = 51 WHERE "id" = 155;
INSERT INTO "monitoredBy" VALUES (155, 151);
INSERT INTO "TrackElement" ("id") VALUES (156);
INSERT INTO "Segment" ("id", "length") VALUES (156, 820);
UPDATE "TrackElement" SET "region" = 51 WHERE "id" = 156;
INSERT INTO "monitoredBy" VALUES (156, 151);
UPDATE "Switch" SET "currentPosition" = 0 WHERE "id" = 102;
INSERT INTO "SwitchPosition" ("id", "position", "target") VALUES (157, 0, 102);
UPDATE "SwitchPosition" SET "route" = 50 WHERE "id" = 157;
INSERT INTO "connectsTo" VALUES (52, 54);
INSERT INTO "connectsTo" VALUES (54, 55);
INSERT INTO "connectsTo" VALUES (55, 56);
INSERT INTO "connectsTo" VALUES (56, 57);
INSERT INTO "connectsTo" VALUES (57, 58);
INSERT INTO "connectsTo" VALUES (58, 60);
INSERT INTO "connectsTo" VALUES (60, 61);
INSERT INTO "connectsTo" VALUES (61, 62);
INSERT INTO "connectsTo" VALUES (62, 63);
INSERT INTO "connectsTo" VALUES (63, 64);
INSERT INTO "connectsTo" VALUES (64, 66);
INSERT INTO "connectsTo" VALUES (66, 67);
INSERT INTO "connectsTo" VALUES (67, 68);
INSERT INTO "connectsTo" VALUES (68, 69);
INSERT INTO "connectsTo" VALUES (69, 70);
INSERT INTO "connectsTo" VALUES (70, 72);
INSERT INTO "connectsTo" VALUES (72, 73);
INSERT INTO "connectsTo" VALUES (73, 74);
INSERT INTO "connectsTo" VALUES (74, 75);
INSERT INTO "connectsTo" VALUES (75, 76);
INSERT INTO "connectsTo" VALUES (76, 78);
INSERT INTO "connectsTo" VALUES (78, 79);
INSERT INTO "connectsTo" VALUES (79, 80);
INSERT INTO "connectsTo" VALUES (80, 81);
INSERT INTO "connectsTo" VALUES (81, 82);
INSERT INTO "connectsTo" VALUES (82, 84);
INSERT INTO "connectsTo" VALUES (84, 85);
INSERT INTO "connectsTo" VALUES (85, 86);
INSERT INTO "connectsTo" VALUES (86, 87);
INSERT INTO "connectsTo" VALUES (87, 88);
INSERT INTO "connectsTo" VALUES (88, 90);
INSERT INTO "connectsTo" VALUES (90, 91);
INSERT INTO "connectsTo" VALUES (91, 92);
INSERT INTO "connectsTo" VALUES (92, 93);
INSERT INTO "connectsTo" VALUES (93, 94);
INSERT INTO "connectsTo" VALUES (94, 96);
INSERT INTO "connectsTo" VALUES (96, 97);
INSERT INTO "connectsTo" VALUES (97, 98);
INSERT INTO "connectsTo" VALUES (98, 99);
INSERT INTO "connectsTo" VALUES (99, 100);
INSERT INTO "connectsTo" VALUES (100, 102);
INSERT INTO "connectsTo" VALUES (102, 104);
INSERT INTO "connectsTo" VALUES (104, 105);
INSERT INTO "connectsTo" VALUES (105, 106);
INSERT INTO "connectsTo" VALUES (106, 107);
INSERT INTO "connectsTo" VALUES (107, 108);
INSERT INTO "connectsTo" VALUES (108, 110);
INSERT INTO "connectsTo" VALUES (110, 111);
INSERT INTO "connectsTo" VALUES (111, 112);
INSERT INTO "connectsTo" VALUES (112, 113);
INSERT INTO "connectsTo" VALUES (113, 114);
INSERT INTO "connectsTo" VALUES (114, 116);
INSERT INTO "connectsTo" VALUES (116, 117);
INSERT INTO "connectsTo" VALUES (117, 118);
INSERT INTO "connectsTo" VALUES (118, 119);
INSERT INTO "connectsTo" VALUES (119, 120);
INSERT INTO "connectsTo" VALUES (120, 122);
INSERT INTO "connectsTo" VALUES (122, 123);
INSERT INTO "connectsTo" VALUES (123, 124);
INSERT INTO "connectsTo" VALUES (124, 125);
INSERT INTO "connectsTo" VALUES (125, 126);
INSERT INTO "connectsTo" VALUES (126, 128);
INSERT INTO "connectsTo" VALUES (128, 129);
INSERT INTO "connectsTo" VALUES (129, 130);
INSERT INTO "connectsTo" VALUES (130, 131);
INSERT INTO "connectsTo" VALUES (131, 132);
INSERT INTO "connectsTo" VALUES (132, 134);
INSERT INTO "connectsTo" VALUES (134, 135);
INSERT INTO "connectsTo" VALUES (135, 136);
INSERT INTO "connectsTo" VALUES (136, 137);
INSERT INTO "connectsTo" VALUES (137, 138);
INSERT INTO "connectsTo" VALUES (138, 140);
INSERT INTO "connectsTo" VALUES (140, 141);
INSERT INTO "connectsTo" VALUES (141, 142);
INSERT INTO "connectsTo" VALUES (142, 143);
INSERT INTO "connectsTo" VALUES (143, 144);
INSERT INTO "connectsTo" VALUES (144, 146);
INSERT INTO "connectsTo" VALUES (146, 147);
INSERT INTO "connectsTo" VALUES (147, 148);
INSERT INTO "connectsTo" VALUES (148, 149);
INSERT INTO "connectsTo" VALUES (149, 150);
INSERT INTO "connectsTo" VALUES (150, 152);
INSERT INTO "connectsTo" VALUES (152, 153);
INSERT INTO "connectsTo" VALUES (153, 154);
INSERT INTO "connectsTo" VALUES (154, 155);
INSERT INTO "connectsTo" VALUES (155, 156);
INSERT INTO "connectsTo" VALUES (47, 52);
INSERT INTO "Semaphore" ("id", "signal") VALUES (158, 2);
INSERT INTO "Route" ("id", "active", "entry", "exit") VALUES (159, 1, 49, 158);
INSERT INTO "Region" ("id") VALUES (160);
INSERT INTO "TrackElement" ("id") VALUES (161);
INSERT INTO "Switch" ("id") VALUES (161);
UPDATE "TrackElement" SET "region" = 160 WHERE "id" = 161;
INSERT INTO "Sensor" ("id") VALUES (162);
UPDATE "Sensor" SET "region" = 160 WHERE "id" = 162;
INSERT INTO "monitoredBy" VALUES (161, 162);
INSERT INTO "requires" VALUES (159, 162);
INSERT INTO "TrackElement" ("id") VALUES (163);
INSERT INTO "Segment" ("id", "length") VALUES (163, 369);
UPDATE "TrackElement" SET "region" = 160 WHERE "id" = 163;
INSERT INTO "monitoredBy" VALUES (163, 162);
UPDATE "Semaphore" SET "segment" = 163 WHERE "id" = 158;
INSERT INTO "TrackElement" ("id") VALUES (164);
INSERT INTO "Segment" ("id", "length") VALUES (164, 94);
UPDATE "TrackElement" SET "region" = 160 WHERE "id" = 164;
INSERT INTO "monitoredBy" VALUES (164, 162);
INSERT INTO "TrackElement" ("id") VALUES (165);
INSERT INTO "Segment" ("id", "length") VALUES (165, 737);
UPDATE "TrackElement" SET "region" = 160 WHERE "id" = 165;
INSERT INTO "monitoredBy" VALUES (165, 162);
INSERT INTO "TrackElement" ("id") VALUES (166);
INSERT INTO "Segment" ("id", "length") VALUES (166, 433);
UPDATE "TrackElement" SET "region" = 160 WHERE "id" = 166;
INSERT INTO "monitoredBy" VALUES (166, 162);
INSERT INTO "TrackElement" ("id") VALUES (167);
INSERT INTO "Segment" ("id", "length") VALUES (167, 149);
UPDATE "TrackElement" SET "region" = 160 WHERE "id" = 167;
INSERT INTO "monitoredBy" VALUES (167, 162);
INSERT INTO "Sensor" ("id") VALUES (168);
UPDATE "Sensor" SET "region" = 160 WHERE "id" = 168;
INSERT INTO "monitoredBy" VALUES (161, 168);
INSERT INTO "requires" VALUES (159, 168);
INSERT INTO "TrackElement" ("id") VALUES (169);
INSERT INTO "Segment" ("id", "length") VALUES (169, 70);
UPDATE "TrackElement" SET "region" = 160 WHERE "id" = 169;
INSERT INTO "monitoredBy" VALUES (169, 168);
INSERT INTO "TrackElement" ("id") VALUES (170);
INSERT INTO "Segment" ("id", "length") VALUES (170, 809);
UPDATE "TrackElement" SET "region" = 160 WHERE "id" = 170;
INSERT INTO "monitoredBy" VALUES (170, 168);
INSERT INTO "TrackElement" ("id") VALUES (171);
INSERT INTO "Segment" ("id", "length") VALUES (171, 160);
UPDATE "TrackElement" SET "region" = 160 WHERE "id" = 171;
INSERT INTO "monitoredBy" VALUES (171, 168);
INSERT INTO "TrackElement" ("id") VALUES (172);
INSERT INTO "Segment" ("id", "length") VALUES (172, 744);
UPDATE "TrackElement" SET "region" = 160 WHERE "id" = 172;
INSERT INTO "monitoredBy" VALUES (172, 168);
INSERT INTO "TrackElement" ("id") VALUES (173);
INSERT INTO "Segment" ("id", "length") VALUES (173, 461);
UPDATE "TrackElement" SET "region" = 160 WHERE "id" = 173;
INSERT INTO "monitoredBy" VALUES (173, 168);
INSERT INTO "Sensor" ("id") VALUES (174);
UPDATE "Sensor" SET "region" = 160 WHERE "id" = 174;
INSERT INTO "monitoredBy" VALUES (161, 174);
INSERT INTO "requires" VALUES (159, 174);
INSERT INTO "TrackElement" ("id") VALUES (175);
INSERT INTO "Segment" ("id", "length") VALUES (175, 94);
UPDATE "TrackElement" SET "region" = 160 WHERE "id" = 175;
INSERT INTO "monitoredBy" VALUES (175, 174);
INSERT INTO "TrackElement" ("id") VALUES (176);
INSERT INTO "Segment" ("id", "length") VALUES (176, 627);
UPDATE "TrackElement" SET "region" = 160 WHERE "id" = 176;
INSERT INTO "monitoredBy" VALUES (176, 174);
INSERT INTO "TrackElement" ("id") VALUES (177);
INSERT INTO "Segment" ("id", "length") VALUES (177, 773);
UPDATE "TrackElement" SET "region" = 160 WHERE "id" = 177;
INSERT INTO "monitoredBy" VALUES (177, 174);
INSERT INTO "TrackElement" ("id") VALUES (178);
INSERT INTO "Segment" ("id", "length") VALUES (178, 493);
UPDATE "TrackElement" SET "region" = 160 WHERE "id" = 178;
INSERT INTO "monitoredBy" VALUES (178, 174);
INSERT INTO "TrackElement" ("id") VALUES (179);
INSERT INTO "Segment" ("id", "length") VALUES (179, 273);
UPDATE "TrackElement" SET "region" = 160 WHERE "id" = 179;
INSERT INTO "monitoredBy" VALUES (179, 174);
INSERT INTO "Sensor" ("id") VALUES (180);
UPDATE "Sensor" SET "region" = 160 WHERE "id" = 180;
INSERT INTO "monitoredBy" VALUES (161, 180);
INSERT INTO "requires" VALUES (159, 180);
INSERT INTO "TrackElement" ("id") VALUES (181);
INSERT INTO "Segment" ("id", "length") VALUES (181, 157);
UPDATE "TrackElement" SET "region" = 160 WHERE "id" = 181;
INSERT INTO "monitoredBy" VALUES (181, 180);
INSERT INTO "TrackElement" ("id") VALUES (182);
INSERT INTO "Segment" ("id", "length") VALUES (182, 620);
UPDATE "TrackElement" SET "region" = 160 WHERE "id" = 182;
INSERT INTO "monitoredBy" VALUES (182, 180);
INSERT INTO "TrackElement" ("id") VALUES (183);
INSERT INTO "Segment" ("id", "length") VALUES (183, 905);
UPDATE "TrackElement" SET "region" = 160 WHERE "id" = 183;
INSERT INTO "monitoredBy" VALUES (183, 180);
INSERT INTO "TrackElement" ("id") VALUES (184);
INSERT INTO "Segment" ("id", "length") VALUES (184, 453);
UPDATE "TrackElement" SET "region" = 160 WHERE "id" = 184;
INSERT INTO "monitoredBy" VALUES (184, 180);
INSERT INTO "TrackElement" ("id") VALUES (185);
INSERT INTO "Segment" ("id", "length") VALUES (185, 322);
UPDATE "TrackElement" SET "region" = 160 WHERE "id" = 185;
INSERT INTO "monitoredBy" VALUES (185, 180);
UPDATE "Switch" SET "currentPosition" = 0 WHERE "id" = 161;
INSERT INTO "SwitchPosition" ("id", "position", "target") VALUES (186, 0, 161);
UPDATE "SwitchPosition" SET "route" = 159 WHERE "id" = 186;
INSERT INTO "TrackElement" ("id") VALUES (187);
INSERT INTO "Switch" ("id") VALUES (187);
UPDATE "TrackElement" SET "region" = 160 WHERE "id" = 187;
INSERT INTO "Sensor" ("id") VALUES (188);
UPDATE "Sensor" SET "region" = 160 WHERE "id" = 188;
INSERT INTO "monitoredBy" VALUES (187, 188);
INSERT INTO "requires" VALUES (159, 188);
INSERT INTO "TrackElement" ("id") VALUES (189);
INSERT INTO "Segment" ("id", "length") VALUES (189, 263);
UPDATE "TrackElement" SET "region" = 160 WHERE "id" = 189;
INSERT INTO "monitoredBy" VALUES (189, 188);
INSERT INTO "TrackElement" ("id") VALUES (190);
INSERT INTO "Segment" ("id", "length") VALUES (190, 970);
UPDATE "TrackElement" SET "region" = 160 WHERE "id" = 190;
INSERT INTO "monitoredBy" VALUES (190, 188);
INSERT INTO "TrackElement" ("id") VALUES (191);
INSERT INTO "Segment" ("id", "length") VALUES (191, 39);
UPDATE "TrackElement" SET "region" = 160 WHERE "id" = 191;
INSERT INTO "monitoredBy" VALUES (191, 188);
INSERT INTO "TrackElement" ("id") VALUES (192);
INSERT INTO "Segment" ("id", "length") VALUES (192, 83);
UPDATE "TrackElement" SET "region" = 160 WHERE "id" = 192;
INSERT INTO "monitoredBy" VALUES (192, 188);
INSERT INTO "TrackElement" ("id") VALUES (193);
INSERT INTO "Segment" ("id", "length") VALUES (193, 632);
UPDATE "TrackElement" SET "region" = 160 WHERE "id" = 193;
INSERT INTO "monitoredBy" VALUES (193, 188);
INSERT INTO "Sensor" ("id") VALUES (194);
UPDATE "Sensor" SET "region" = 160 WHERE "id" = 194;
INSERT INTO "monitoredBy" VALUES (187, 194);
INSERT INTO "requires" VALUES (159, 194);
INSERT INTO "TrackElement" ("id") VALUES (195);
INSERT INTO "Segment" ("id", "length") VALUES (195, 546);
UPDATE "TrackElement" SET "region" = 160 WHERE "id" = 195;
INSERT INTO "monitoredBy" VALUES (195, 194);
INSERT INTO "TrackElement" ("id") VALUES (196);
INSERT INTO "Segment" ("id", "length") VALUES (196, 352);
UPDATE "TrackElement" SET "region" = 160 WHERE "id" = 196;
INSERT INTO "monitoredBy" VALUES (196, 194);
INSERT INTO "TrackElement" ("id") VALUES (197);
INSERT INTO "Segment" ("id", "length") VALUES (197, 742);
UPDATE "TrackElement" SET "region" = 160 WHERE "id" = 197;
INSERT INTO "monitoredBy" VALUES (197, 194);
INSERT INTO "TrackElement" ("id") VALUES (198);
INSERT INTO "Segment" ("id", "length") VALUES (198, 177);
UPDATE "TrackElement" SET "region" = 160 WHERE "id" = 198;
INSERT INTO "monitoredBy" VALUES (198, 194);
INSERT INTO "TrackElement" ("id") VALUES (199);
INSERT INTO "Segment" ("id", "length") VALUES (199, 576);
UPDATE "TrackElement" SET "region" = 160 WHERE "id" = 199;
INSERT INTO "monitoredBy" VALUES (199, 194);
INSERT INTO "Sensor" ("id") VALUES (200);
UPDATE "Sensor" SET "region" = 160 WHERE "id" = 200;
INSERT INTO "monitoredBy" VALUES (187, 200);
INSERT INTO "requires" VALUES (159, 200);
INSERT INTO "TrackElement" ("id") VALUES (201);
INSERT INTO "Segment" ("id", "length") VALUES (201, 781);
UPDATE "TrackElement" SET "region" = 160 WHERE "id" = 201;
INSERT INTO "monitoredBy" VALUES (201, 200);
INSERT INTO "TrackElement" ("id") VALUES (202);
INSERT INTO "Segment" ("id", "length") VALUES (202, 83);
UPDATE "TrackElement" SET "region" = 160 WHERE "id" = 202;
INSERT INTO "monitoredBy" VALUES (202, 200);
INSERT INTO "TrackElement" ("id") VALUES (203);
INSERT INTO "Segment" ("id", "length") VALUES (203, 973);
UPDATE "TrackElement" SET "region" = 160 WHERE "id" = 203;
INSERT INTO "monitoredBy" VALUES (203, 200);
INSERT INTO "TrackElement" ("id") VALUES (204);
INSERT INTO "Segment" ("id", "length") VALUES (204, 918);
UPDATE "TrackElement" SET "region" = 160 WHERE "id" = 204;
INSERT INTO "monitoredBy" VALUES (204, 200);
INSERT INTO "TrackElement" ("id") VALUES (205);
INSERT INTO "Segment" ("id", "length") VALUES (205, 185);
UPDATE "TrackElement" SET "region" = 160 WHERE "id" = 205;
INSERT INTO "monitoredBy" VALUES (205, 200);
INSERT INTO "Sensor" ("id") VALUES (206);
UPDATE "Sensor" SET "region" = 160 WHERE "id" = 206;
INSERT INTO "monitoredBy" VALUES (187, 206);
INSERT INTO "requires" VALUES (159, 206);
INSERT INTO "TrackElement" ("id") VALUES (207);
INSERT INTO "Segment" ("id", "length") VALUES (207, 847);
UPDATE "TrackElement" SET "region" = 160 WHERE "id" = 207;
INSERT INTO "monitoredBy" VALUES (207, 206);
INSERT INTO "TrackElement" ("id") VALUES (208);
INSERT INTO "Segment" ("id", "length") VALUES (208, 121);
UPDATE "TrackElement" SET "region" = 160 WHERE "id" = 208;
INSERT INTO "monitoredBy" VALUES (208, 206);
INSERT INTO "TrackElement" ("id") VALUES (209);
INSERT INTO "Segment" ("id", "length") VALUES (209, 977);
UPDATE "TrackElement" SET "region" = 160 WHERE "id" = 209;
INSERT INTO "monitoredBy" VALUES (209, 206);
INSERT INTO "TrackElement" ("id") VALUES (210);
INSERT INTO "Segment" ("id", "length") VALUES (210, 130);
UPDATE "TrackElement" SET "region" = 160 WHERE "id" = 210;
INSERT INTO "monitoredBy" VALUES (210, 206);
INSERT INTO "TrackElement" ("id") VALUES (211);
INSERT INTO "Segment" ("id", "length") VALUES (211, 69);
UPDATE "TrackElement" SET "region" = 160 WHERE "id" = 211;
INSERT INTO "monitoredBy" VALUES (211, 206);
INSERT INTO "Sensor" ("id") VALUES (212);
UPDATE "Sensor" SET "region" = 160 WHERE "id" = 212;
INSERT INTO "monitoredBy" VALUES (187, 212);
INSERT INTO "requires" VALUES (159, 212);
INSERT INTO "TrackElement" ("id") VALUES (213);
INSERT INTO "Segment" ("id", "length") VALUES (213, 423);
UPDATE "TrackElement" SET "region" = 160 WHERE "id" = 213;
INSERT INTO "monitoredBy" VALUES (213, 212);
INSERT INTO "TrackElement" ("id") VALUES (214);
INSERT INTO "Segment" ("id", "length") VALUES (214, 450);
UPDATE "TrackElement" SET "region" = 160 WHERE "id" = 214;
INSERT INTO "monitoredBy" VALUES (214, 212);
INSERT INTO "TrackElement" ("id") VALUES (215);
INSERT INTO "Segment" ("id", "length") VALUES (215, 372);
UPDATE "TrackElement" SET "region" = 160 WHERE "id" = 215;
INSERT INTO "monitoredBy" VALUES (215, 212);
INSERT INTO "TrackElement" ("id") VALUES (216);
INSERT INTO "Segment" ("id", "length") VALUES (216, 993);
UPDATE "TrackElement" SET "region" = 160 WHERE "id" = 216;
INSERT INTO "monitoredBy" VALUES (216, 212);
INSERT INTO "TrackElement" ("id") VALUES (217);
INSERT INTO "Segment" ("id", "length") VALUES (217, 455);
UPDATE "TrackElement" SET "region" = 160 WHERE "id" = 217;
INSERT INTO "monitoredBy" VALUES (217, 212);
UPDATE "Switch" SET "currentPosition" = 1 WHERE "id" = 187;
INSERT INTO "SwitchPosition" ("id", "position", "target") VALUES (218, 1, 187);
UPDATE "SwitchPosition" SET "route" = 159 WHERE "id" = 218;
INSERT INTO "TrackElement" ("id") VALUES (219);
INSERT INTO "Switch" ("id") VALUES (219);
UPDATE "TrackElement" SET "region" = 160 WHERE "id" = 219;
INSERT INTO "Sensor" ("id") VALUES (220);
UPDATE "Sensor" SET "region" = 160 WHERE "id" = 220;
INSERT INTO "monitoredBy" VALUES (219, 220);
INSERT INTO "requires" VALUES (159, 220);
INSERT INTO "TrackElement" ("id") VALUES (221);
INSERT INTO "Segment" ("id", "length") VALUES (221, 176);
UPDATE "TrackElement" SET "region" = 160 WHERE "id" = 221;
INSERT INTO "monitoredBy" VALUES (221, 220);
INSERT INTO "TrackElement" ("id") VALUES (222);
INSERT INTO "Segment" ("id", "length") VALUES (222, 759);
UPDATE "TrackElement" SET "region" = 160 WHERE "id" = 222;
INSERT INTO "monitoredBy" VALUES (222, 220);
INSERT INTO "TrackElement" ("id") VALUES (223);
INSERT INTO "Segment" ("id", "length") VALUES (223, 61);
UPDATE "TrackElement" SET "region" = 160 WHERE "id" = 223;
INSERT INTO "monitoredBy" VALUES (223, 220);
INSERT INTO "TrackElement" ("id") VALUES (224);
INSERT INTO "Segment" ("id", "length") VALUES (224, 917);
UPDATE "TrackElement" SET "region" = 160 WHERE "id" = 224;
INSERT INTO "monitoredBy" VALUES (224, 220);
INSERT INTO "TrackElement" ("id") VALUES (225);
INSERT INTO "Segment" ("id", "length") VALUES (225, 569);
UPDATE "TrackElement" SET "region" = 160 WHERE "id" = 225;
INSERT INTO "monitoredBy" VALUES (225, 220);
INSERT INTO "Sensor" ("id") VALUES (226);
UPDATE "Sensor" SET "region" = 160 WHERE "id" = 226;
INSERT INTO "monitoredBy" VALUES (219, 226);
INSERT INTO "requires" VALUES (159, 226);
INSERT INTO "TrackElement" ("id") VALUES (227);
INSERT INTO "Segment" ("id", "length") VALUES (227, 571);
UPDATE "TrackElement" SET "region" = 160 WHERE "id" = 227;
INSERT INTO "monitoredBy" VALUES (227, 226);
INSERT INTO "TrackElement" ("id") VALUES (228);
INSERT INTO "Segment" ("id", "length") VALUES (228, 787);
UPDATE "TrackElement" SET "region" = 160 WHERE "id" = 228;
INSERT INTO "monitoredBy" VALUES (228, 226);
INSERT INTO "TrackElement" ("id") VALUES (229);
INSERT INTO "Segment" ("id", "length") VALUES (229, 35);
UPDATE "TrackElement" SET "region" = 160 WHERE "id" = 229;
INSERT INTO "monitoredBy" VALUES (229, 226);
INSERT INTO "TrackElement" ("id") VALUES (230);
INSERT INTO "Segment" ("id", "length") VALUES (230, 718);
UPDATE "TrackElement" SET "region" = 160 WHERE "id" = 230;
INSERT INTO "monitoredBy" VALUES (230, 226);
INSERT INTO "TrackElement" ("id") VALUES (231);
INSERT INTO "Segment" ("id", "length") VALUES (231, 307);
UPDATE "TrackElement" SET "region" = 160 WHERE "id" = 231;
INSERT INTO "monitoredBy" VALUES (231, 226);
INSERT INTO "Sensor" ("id") VALUES (232);
UPDATE "Sensor" SET "region" = 160 WHERE "id" = 232;
INSERT INTO "monitoredBy" VALUES (219, 232);
INSERT INTO "requires" VALUES (159, 232);
INSERT INTO "TrackElement" ("id") VALUES (233);
INSERT INTO "Segment" ("id", "length") VALUES (233, 686);
UPDATE "TrackElement" SET "region" = 160 WHERE "id" = 233;
INSERT INTO "monitoredBy" VALUES (233, 232);
INSERT INTO "TrackElement" ("id") VALUES (234);
INSERT INTO "Segment" ("id", "length") VALUES (234, 858);
UPDATE "TrackElement" SET "region" = 160 WHERE "id" = 234;
INSERT INTO "monitoredBy" VALUES (234, 232);
INSERT INTO "TrackElement" ("id") VALUES (235);
INSERT INTO "Segment" ("id", "length") VALUES (235, 909);
UPDATE "TrackElement" SET "region" = 160 WHERE "id" = 235;
INSERT INTO "monitoredBy" VALUES (235, 232);
INSERT INTO "TrackElement" ("id") VALUES (236);
INSERT INTO "Segment" ("id", "length") VALUES (236, 750);
UPDATE "TrackElement" SET "region" = 160 WHERE "id" = 236;
INSERT INTO "monitoredBy" VALUES (236, 232);
INSERT INTO "TrackElement" ("id") VALUES (237);
INSERT INTO "Segment" ("id", "length") VALUES (237, 200);
UPDATE "TrackElement" SET "region" = 160 WHERE "id" = 237;
INSERT INTO "monitoredBy" VALUES (237, 232);
UPDATE "Switch" SET "currentPosition" = 2 WHERE "id" = 219;
INSERT INTO "SwitchPosition" ("id", "position", "target") VALUES (238, 2, 219);
UPDATE "SwitchPosition" SET "route" = 159 WHERE "id" = 238;
INSERT INTO "TrackElement" ("id") VALUES (239);
INSERT INTO "Switch" ("id") VALUES (239);
UPDATE "TrackElement" SET "region" = 160 WHERE "id" = 239;
INSERT INTO "Sensor" ("id") VALUES (240);
UPDATE "Sensor" SET "region" = 160 WHERE "id" = 240;
INSERT INTO "monitoredBy" VALUES (239, 240);
INSERT INTO "requires" VALUES (159, 240);
INSERT INTO "TrackElement" ("id") VALUES (241);
INSERT INTO "Segment" ("id", "length") VALUES (241, 943);
UPDATE "TrackElement" SET "region" = 160 WHERE "id" = 241;
INSERT INTO "monitoredBy" VALUES (241, 240);
INSERT INTO "TrackElement" ("id") VALUES (242);
INSERT INTO "Segment" ("id", "length") VALUES (242, 168);
UPDATE "TrackElement" SET "region" = 160 WHERE "id" = 242;
INSERT INTO "monitoredBy" VALUES (242, 240);
INSERT INTO "TrackElement" ("id") VALUES (243);
INSERT INTO "Segment" ("id", "length") VALUES (243, 432);
UPDATE "TrackElement" SET "region" = 160 WHERE "id" = 243;
INSERT INTO "monitoredBy" VALUES (243, 240);
INSERT INTO "TrackElement" ("id") VALUES (244);
INSERT INTO "Segment" ("id", "length") VALUES (244, 589);
UPDATE "TrackElement" SET "region" = 160 WHERE "id" = 244;
INSERT INTO "monitoredBy" VALUES (244, 240);
INSERT INTO "TrackElement" ("id") VALUES (245);
INSERT INTO "Segment" ("id", "length") VALUES (245, 533);
UPDATE "TrackElement" SET "region" = 160 WHERE "id" = 245;
INSERT INTO "monitoredBy" VALUES (245, 240);
INSERT INTO "Sensor" ("id") VALUES (246);
UPDATE "Sensor" SET "region" = 160 WHERE "id" = 246;
INSERT INTO "monitoredBy" VALUES (239, 246);
INSERT INTO "requires" VALUES (159, 246);
INSERT INTO "TrackElement" ("id") VALUES (247);
INSERT INTO "Segment" ("id", "length") VALUES (247, 29);
UPDATE "TrackElement" SET "region" = 160 WHERE "id" = 247;
INSERT INTO "monitoredBy" VALUES (247, 246);
INSERT INTO "TrackElement" ("id") VALUES (248);
INSERT INTO "Segment" ("id", "length") VALUES (248, 320);
UPDATE "TrackElement" SET "region" = 160 WHERE "id" = 248;
INSERT INTO "monitoredBy" VALUES (248, 246);
INSERT INTO "TrackElement" ("id") VALUES (249);
INSERT INTO "Segment" ("id", "length") VALUES (249, 225);
UPDATE "TrackElement" SET "region" = 160 WHERE "id" = 249;
INSERT INTO "monitoredBy" VALUES (249, 246);
INSERT INTO "TrackElement" ("id") VALUES (250);
INSERT INTO "Segment" ("id", "length") VALUES (250, 966);
UPDATE "TrackElement" SET "region" = 160 WHERE "id" = 250;
INSERT INTO "monitoredBy" VALUES (250, 246);
INSERT INTO "TrackElement" ("id") VALUES (251);
INSERT INTO "Segment" ("id", "length") VALUES (251, 517);
UPDATE "TrackElement" SET "region" = 160 WHERE "id" = 251;
INSERT INTO "monitoredBy" VALUES (251, 246);
INSERT INTO "Sensor" ("id") VALUES (252);
UPDATE "Sensor" SET "region" = 160 WHERE "id" = 252;
INSERT INTO "monitoredBy" VALUES (239, 252);
INSERT INTO "requires" VALUES (159, 252);
INSERT INTO "TrackElement" ("id") VALUES (253);
INSERT INTO "Segment" ("id", "length") VALUES (253, 53);
UPDATE "TrackElement" SET "region" = 160 WHERE "id" = 253;
INSERT INTO "monitoredBy" VALUES (253, 252);
INSERT INTO "TrackElement" ("id") VALUES (254);
INSERT INTO "Segment" ("id", "length") VALUES (254, 916);
UPDATE "TrackElement" SET "region" = 160 WHERE "id" = 254;
INSERT INTO "monitoredBy" VALUES (254, 252);
INSERT INTO "TrackElement" ("id") VALUES (255);
INSERT INTO "Segment" ("id", "length") VALUES (255, 182);
UPDATE "TrackElement" SET "region" = 160 WHERE "id" = 255;
INSERT INTO "monitoredBy" VALUES (255, 252);
INSERT INTO "TrackElement" ("id") VALUES (256);
INSERT INTO "Segment" ("id", "length") VALUES (256, 972);
UPDATE "TrackElement" SET "region" = 160 WHERE "id" = 256;
INSERT INTO "monitoredBy" VALUES (256, 252);
INSERT INTO "TrackElement" ("id") VALUES (257);
INSERT INTO "Segment" ("id", "length") VALUES (257, 349);
UPDATE "TrackElement" SET "region" = 160 WHERE "id" = 257;
INSERT INTO "monitoredBy" VALUES (257, 252);
INSERT INTO "Sensor" ("id") VALUES (258);
UPDATE "Sensor" SET "region" = 160 WHERE "id" = 258;
INSERT INTO "monitoredBy" VALUES (239, 258);
INSERT INTO "requires" VALUES (159, 258);
INSERT INTO "TrackElement" ("id") VALUES (259);
INSERT INTO "Segment" ("id", "length") VALUES (259, 51);
UPDATE "TrackElement" SET "region" = 160 WHERE "id" = 259;
INSERT INTO "monitoredBy" VALUES (259, 258);
INSERT INTO "TrackElement" ("id") VALUES (260);
INSERT INTO "Segment" ("id", "length") VALUES (260, 332);
UPDATE "TrackElement" SET "region" = 160 WHERE "id" = 260;
INSERT INTO "monitoredBy" VALUES (260, 258);
INSERT INTO "TrackElement" ("id") VALUES (261);
INSERT INTO "Segment" ("id", "length") VALUES (261, 282);
UPDATE "TrackElement" SET "region" = 160 WHERE "id" = 261;
INSERT INTO "monitoredBy" VALUES (261, 258);
INSERT INTO "TrackElement" ("id") VALUES (262);
INSERT INTO "Segment" ("id", "length") VALUES (262, 983);
UPDATE "TrackElement" SET "region" = 160 WHERE "id" = 262;
INSERT INTO "monitoredBy" VALUES (262, 258);
INSERT INTO "TrackElement" ("id") VALUES (263);
INSERT INTO "Segment" ("id", "length") VALUES (263, 78);
UPDATE "TrackElement" SET "region" = 160 WHERE "id" = 263;
INSERT INTO "monitoredBy" VALUES (263, 258);
INSERT INTO "Sensor" ("id") VALUES (264);
UPDATE "Sensor" SET "region" = 160 WHERE "id" = 264;
INSERT INTO "monitoredBy" VALUES (239, 264);
INSERT INTO "requires" VALUES (159, 264);
INSERT INTO "TrackElement" ("id") VALUES (265);
INSERT INTO "Segment" ("id", "length") VALUES (265, 596);
UPDATE "TrackElement" SET "region" = 160 WHERE "id" = 265;
INSERT INTO "monitoredBy" VALUES (265, 264);
INSERT INTO "TrackElement" ("id") VALUES (266);
INSERT INTO "Segment" ("id", "length") VALUES (266, 331);
UPDATE "TrackElement" SET "region" = 160 WHERE "id" = 266;
INSERT INTO "monitoredBy" VALUES (266, 264);
INSERT INTO "TrackElement" ("id") VALUES (267);
INSERT INTO "Segment" ("id", "length") VALUES (267, 500);
UPDATE "TrackElement" SET "region" = 160 WHERE "id" = 267;
INSERT INTO "monitoredBy" VALUES (267, 264);
INSERT INTO "TrackElement" ("id") VALUES (268);
INSERT INTO "Segment" ("id", "length") VALUES (268, 683);
UPDATE "TrackElement" SET "region" = 160 WHERE "id" = 268;
INSERT INTO "monitoredBy" VALUES (268, 264);
INSERT INTO "TrackElement" ("id") VALUES (269);
INSERT INTO "Segment" ("id", "length") VALUES (269, 633);
UPDATE "TrackElement" SET "region" = 160 WHERE "id" = 269;
INSERT INTO "monitoredBy" VALUES (269, 264);
INSERT INTO "Sensor" ("id") VALUES (270);
UPDATE "Sensor" SET "region" = 160 WHERE "id" = 270;
INSERT INTO "monitoredBy" VALUES (239, 270);
INSERT INTO "requires" VALUES (159, 270);
INSERT INTO "TrackElement" ("id") VALUES (271);
INSERT INTO "Segment" ("id", "length") VALUES (271, 836);
UPDATE "TrackElement" SET "region" = 160 WHERE "id" = 271;
INSERT INTO "monitoredBy" VALUES (271, 270);
INSERT INTO "TrackElement" ("id") VALUES (272);
INSERT INTO "Segment" ("id", "length") VALUES (272, 120);
UPDATE "TrackElement" SET "region" = 160 WHERE "id" = 272;
INSERT INTO "monitoredBy" VALUES (272, 270);
INSERT INTO "TrackElement" ("id") VALUES (273);
INSERT INTO "Segment" ("id", "length") VALUES (273, 173);
UPDATE "TrackElement" SET "region" = 160 WHERE "id" = 273;
INSERT INTO "monitoredBy" VALUES (273, 270);
INSERT INTO "TrackElement" ("id") VALUES (274);
INSERT INTO "Segment" ("id", "length") VALUES (274, 638);
UPDATE "TrackElement" SET "region" = 160 WHERE "id" = 274;
INSERT INTO "monitoredBy" VALUES (274, 270);
INSERT INTO "TrackElement" ("id") VALUES (275);
INSERT INTO "Segment" ("id", "length") VALUES (275, 792);
UPDATE "TrackElement" SET "region" = 160 WHERE "id" = 275;
INSERT INTO "monitoredBy" VALUES (275, 270);
INSERT INTO "Sensor" ("id") VALUES (276);
UPDATE "Sensor" SET "region" = 160 WHERE "id" = 276;
INSERT INTO "monitoredBy" VALUES (239, 276);
INSERT INTO "requires" VALUES (159, 276);
INSERT INTO "TrackElement" ("id") VALUES (277);
INSERT INTO "Segment" ("id", "length") VALUES (277, 997);
UPDATE "TrackElement" SET "region" = 160 WHERE "id" = 277;
INSERT INTO "monitoredBy" VALUES (277, 276);
INSERT INTO "TrackElement" ("id") VALUES (278);
INSERT INTO "Segment" ("id", "length") VALUES (278, 809);
UPDATE "TrackElement" SET "region" = 160 WHERE "id" = 278;
INSERT INTO "monitoredBy" VALUES (278, 276);
INSERT INTO "TrackElement" ("id") VALUES (279);
INSERT INTO "Segment" ("id", "length") VALUES (279, 373);
UPDATE "TrackElement" SET "region" = 160 WHERE "id" = 279;
INSERT INTO "monitoredBy" VALUES (279, 276);
INSERT INTO "TrackElement" ("id") VALUES (280);
INSERT INTO "Segment" ("id", "length") VALUES (280, 954);
UPDATE "TrackElement" SET "region" = 160 WHERE "id" = 280;
INSERT INTO "monitoredBy" VALUES (280, 276);
INSERT INTO "TrackElement" ("id") VALUES (281);
INSERT INTO "Segment" ("id", "length") VALUES (281, 554);
UPDATE "TrackElement" SET "region" = 160 WHERE "id" = 281;
INSERT INTO "monitoredBy" VALUES (281, 276);
INSERT INTO "Sensor" ("id") VALUES (282);
UPDATE "Sensor" SET "region" = 160 WHERE "id" = 282;
INSERT INTO "monitoredBy" VALUES (239, 282);
INSERT INTO "requires" VALUES (159, 282);
INSERT INTO "TrackElement" ("id") VALUES (283);
INSERT INTO "Segment" ("id", "length") VALUES (283, 915);
UPDATE "TrackElement" SET "region" = 160 WHERE "id" = 283;
INSERT INTO "monitoredBy" VALUES (283, 282);
INSERT INTO "TrackElement" ("id") VALUES (284);
INSERT INTO "Segment" ("id", "length") VALUES (284, 303);
UPDATE "TrackElement" SET "region" = 160 WHERE "id" = 284;
INSERT INTO "monitoredBy" VALUES (284, 282);
INSERT INTO "TrackElement" ("id") VALUES (285);
INSERT INTO "Segment" ("id", "length") VALUES (285, 977);
UPDATE "TrackElement" SET "region" = 160 WHERE "id" = 285;
INSERT INTO "monitoredBy" VALUES (285, 282);
INSERT INTO "TrackElement" ("id") VALUES (286);
INSERT INTO "Segment" ("id", "length") VALUES (286, 730);
UPDATE "TrackElement" SET "region" = 160 WHERE "id" = 286;
INSERT INTO "monitoredBy" VALUES (286, 282);
INSERT INTO "TrackElement" ("id") VALUES (287);
INSERT INTO "Segment" ("id", "length") VALUES (287, 312);
UPDATE "TrackElement" SET "region" = 160 WHERE "id" = 287;
INSERT INTO "monitoredBy" VALUES (287, 282);
UPDATE "Switch" SET "currentPosition" = 2 WHERE "id" = 239;
INSERT INTO "SwitchPosition" ("id", "position", "target") VALUES (288, 2, 239);
UPDATE "SwitchPosition" SET "route" = 159 WHERE "id" = 288;
INSERT INTO "connectsTo" VALUES (161, 163);
INSERT INTO "connectsTo" VALUES (163, 164);
INSERT INTO "connectsTo" VALUES (164, 165);
INSERT INTO "connectsTo" VALUES (165, 166);
INSERT INTO "connectsTo" VALUES (166, 167);
INSERT INTO "connectsTo" VALUES (167, 169);
INSERT INTO "connectsTo" VALUES (169, 170);
INSERT INTO "connectsTo" VALUES (170, 171);
INSERT INTO "connectsTo" VALUES (171, 172);
INSERT INTO "connectsTo" VALUES (172, 173);
INSERT INTO "connectsTo" VALUES (173, 175);
INSERT INTO "connectsTo" VALUES (175, 176);
INSERT INTO "connectsTo" VALUES (176, 177);
INSERT INTO "connectsTo" VALUES (177, 178);
INSERT INTO "connectsTo" VALUES (178, 179);
INSERT INTO "connectsTo" VALUES (179, 181);
INSERT INTO "connectsTo" VALUES (181, 182);
INSERT INTO "connectsTo" VALUES (182, 183);
INSERT INTO "connectsTo" VALUES (183, 184);
INSERT INTO "connectsTo" VALUES (184, 185);
INSERT INTO "connectsTo" VALUES (185, 187);
INSERT INTO "connectsTo" VALUES (187, 189);
INSERT INTO "connectsTo" VALUES (189, 190);
INSERT INTO "connectsTo" VALUES (190, 191);
INSERT INTO "connectsTo" VALUES (191, 192);
INSERT INTO "connectsTo" VALUES (192, 193);
INSERT INTO "connectsTo" VALUES (193, 195);
INSERT INTO "connectsTo" VALUES (195, 196);
INSERT INTO "connectsTo" VALUES (196, 197);
INSERT INTO "connectsTo" VALUES (197, 198);
INSERT INTO "connectsTo" VALUES (198, 199);
INSERT INTO "connectsTo" VALUES (199, 201);
INSERT INTO "connectsTo" VALUES (201, 202);
INSERT INTO "connectsTo" VALUES (202, 203);
INSERT INTO "connectsTo" VALUES (203, 204);
INSERT INTO "connectsTo" VALUES (204, 205);
INSERT INTO "connectsTo" VALUES (205, 207);
INSERT INTO "connectsTo" VALUES (207, 208);
INSERT INTO "connectsTo" VALUES (208, 209);
INSERT INTO "connectsTo" VALUES (209, 210);
INSERT INTO "connectsTo" VALUES (210, 211);
INSERT INTO "connectsTo" VALUES (211, 213);
INSERT INTO "connectsTo" VALUES (213, 214);
INSERT INTO "connectsTo" VALUES (214, 215);
INSERT INTO "connectsTo" VALUES (215, 216);
INSERT INTO "connectsTo" VALUES (216, 217);
INSERT INTO "connectsTo" VALUES (217, 219);
INSERT INTO "connectsTo" VALUES (219, 221);
INSERT INTO "connectsTo" VALUES (221, 222);
INSERT INTO "connectsTo" VALUES (222, 223);
INSERT INTO "connectsTo" VALUES (223, 224);
INSERT INTO "connectsTo" VALUES (224, 225);
INSERT INTO "connectsTo" VALUES (225, 227);
INSERT INTO "connectsTo" VALUES (227, 228);
INSERT INTO "connectsTo" VALUES (228, 229);
INSERT INTO "connectsTo" VALUES (229, 230);
INSERT INTO "connectsTo" VALUES (230, 231);
INSERT INTO "connectsTo" VALUES (231, 233);
INSERT INTO "connectsTo" VALUES (233, 234);
INSERT INTO "connectsTo" VALUES (234, 235);
INSERT INTO "connectsTo" VALUES (235, 236);
INSERT INTO "connectsTo" VALUES (236, 237);
INSERT INTO "connectsTo" VALUES (237, 239);
INSERT INTO "connectsTo" VALUES (239, 241);
INSERT INTO "connectsTo" VALUES (241, 242);
INSERT INTO "connectsTo" VALUES (242, 243);
INSERT INTO "connectsTo" VALUES (243, 244);
INSERT INTO "connectsTo" VALUES (244, 245);
INSERT INTO "connectsTo" VALUES (245, 247);
INSERT INTO "connectsTo" VALUES (247, 248);
INSERT INTO "connectsTo" VALUES (248, 249);
INSERT INTO "connectsTo" VALUES (249, 250);
INSERT INTO "connectsTo" VALUES (250, 251);
INSERT INTO "connectsTo" VALUES (251, 253);
INSERT INTO "connectsTo" VALUES (253, 254);
INSERT INTO "connectsTo" VALUES (254, 255);
INSERT INTO "connectsTo" VALUES (255, 256);
INSERT INTO "connectsTo" VALUES (256, 257);
INSERT INTO "connectsTo" VALUES (257, 259);
INSERT INTO "connectsTo" VALUES (259, 260);
INSERT INTO "connectsTo" VALUES (260, 261);
INSERT INTO "connectsTo" VALUES (261, 262);
INSERT INTO "connectsTo" VALUES (262, 263);
INSERT INTO "connectsTo" VALUES (263, 265);
INSERT INTO "connectsTo" VALUES (265, 266);
INSERT INTO "connectsTo" VALUES (266, 267);
INSERT INTO "connectsTo" VALUES (267, 268);
INSERT INTO "connectsTo" VALUES (268, 269);
INSERT INTO "connectsTo" VALUES (269, 271);
INSERT INTO "connectsTo" VALUES (271, 272);
INSERT INTO "connectsTo" VALUES (272, 273);
INSERT INTO "connectsTo" VALUES (273, 274);
INSERT INTO "connectsTo" VALUES (274, 275);
INSERT INTO "connectsTo" VALUES (275, 277);
INSERT INTO "connectsTo" VALUES (277, 278);
INSERT INTO "connectsTo" VALUES (278, 279);
INSERT INTO "connectsTo" VALUES (279, 280);
INSERT INTO "connectsTo" VALUES (280, 281);
INSERT INTO "connectsTo" VALUES (281, 283);
INSERT INTO "connectsTo" VALUES (283, 284);
INSERT INTO "connectsTo" VALUES (284, 285);
INSERT INTO "connectsTo" VALUES (285, 286);
INSERT INTO "connectsTo" VALUES (286, 287);
INSERT INTO "connectsTo" VALUES (156, 161);
INSERT INTO "Semaphore" ("id", "signal") VALUES (289, 2);
INSERT INTO "Route" ("id", "active", "entry", "exit") VALUES (290, 1, 158, 289);
INSERT INTO "Region" ("id") VALUES (291);
INSERT INTO "TrackElement" ("id") VALUES (292);
INSERT INTO "Switch" ("id") VALUES (292);
UPDATE "TrackElement" SET "region" = 291 WHERE "id" = 292;
INSERT INTO "Sensor" ("id") VALUES (293);
UPDATE "Sensor" SET "region" = 291 WHERE "id" = 293;
INSERT INTO "monitoredBy" VALUES (292, 293);
INSERT INTO "requires" VALUES (290, 293);
INSERT INTO "TrackElement" ("id") VALUES (294);
INSERT INTO "Segment" ("id", "length") VALUES (294, 236);
UPDATE "TrackElement" SET "region" = 291 WHERE "id" = 294;
INSERT INTO "monitoredBy" VALUES (294, 293);
UPDATE "Semaphore" SET "segment" = 294 WHERE "id" = 289;
INSERT INTO "TrackElement" ("id") VALUES (295);
INSERT INTO "Segment" ("id", "length") VALUES (295, 573);
UPDATE "TrackElement" SET "region" = 291 WHERE "id" = 295;
INSERT INTO "monitoredBy" VALUES (295, 293);
INSERT INTO "TrackElement" ("id") VALUES (296);
INSERT INTO "Segment" ("id", "length") VALUES (296, 294);
UPDATE "TrackElement" SET "region" = 291 WHERE "id" = 296;
INSERT INTO "monitoredBy" VALUES (296, 293);
INSERT INTO "TrackElement" ("id") VALUES (297);
INSERT INTO "Segment" ("id", "length") VALUES (297, 488);
UPDATE "TrackElement" SET "region" = 291 WHERE "id" = 297;
INSERT INTO "monitoredBy" VALUES (297, 293);
INSERT INTO "TrackElement" ("id") VALUES (298);
INSERT INTO "Segment" ("id", "length") VALUES (298, 861);
UPDATE "TrackElement" SET "region" = 291 WHERE "id" = 298;
INSERT INTO "monitoredBy" VALUES (298, 293);
INSERT INTO "Sensor" ("id") VALUES (299);
UPDATE "Sensor" SET "region" = 291 WHERE "id" = 299;
INSERT INTO "monitoredBy" VALUES (292, 299);
INSERT INTO "requires" VALUES (290, 299);
INSERT INTO "TrackElement" ("id") VALUES (300);
INSERT INTO "Segment" ("id", "length") VALUES (300, 236);
UPDATE "TrackElement" SET "region" = 291 WHERE "id" = 300;
INSERT INTO "monitoredBy" VALUES (300, 299);
INSERT INTO "TrackElement" ("id") VALUES (301);
INSERT INTO "Segment" ("id", "length") VALUES (301, 455);
UPDATE "TrackElement" SET "region" = 291 WHERE "id" = 301;
INSERT INTO "monitoredBy" VALUES (301, 299);
INSERT INTO "TrackElement" ("id") VALUES (302);
INSERT INTO "Segment" ("id", "length") VALUES (302, 915);
UPDATE "TrackElement" SET "region" = 291 WHERE "id" = 302;
INSERT INTO "monitoredBy" VALUES (302, 299);
INSERT INTO "TrackElement" ("id") VALUES (303);
INSERT INTO "Segment" ("id", "length") VALUES (303, 182);
UPDATE "TrackElement" SET "region" = 291 WHERE "id" = 303;
INSERT INTO "monitoredBy" VALUES (303, 299);
INSERT INTO "TrackElement" ("id") VALUES (304);
INSERT INTO "Segment" ("id", "length") VALUES (304, 22);
UPDATE "TrackElement" SET "region" = 291 WHERE "id" = 304;
INSERT INTO "monitoredBy" VALUES (304, 299);
INSERT INTO "Sensor" ("id") VALUES (305);
UPDATE "Sensor" SET "region" = 291 WHERE "id" = 305;
INSERT INTO "monitoredBy" VALUES (292, 305);
INSERT INTO "requires" VALUES (290, 305);
INSERT INTO "TrackElement" ("id") VALUES (306);
INSERT INTO "Segment" ("id", "length") VALUES (306, 118);
UPDATE "TrackElement" SET "region" = 291 WHERE "id" = 306;
INSERT INTO "monitoredBy" VALUES (306, 305);
INSERT INTO "TrackElement" ("id") VALUES (307);
INSERT INTO "Segment" ("id", "length") VALUES (307, 707);
UPDATE "TrackElement" SET "region" = 291 WHERE "id" = 307;
INSERT INTO "monitoredBy" VALUES (307, 305);
INSERT INTO "TrackElement" ("id") VALUES (308);
INSERT INTO "Segment" ("id", "length") VALUES (308, 342);
UPDATE "TrackElement" SET "region" = 291 WHERE "id" = 308;
INSERT INTO "monitoredBy" VALUES (308, 305);
INSERT INTO "TrackElement" ("id") VALUES (309);
INSERT INTO "Segment" ("id", "length") VALUES (309, 501);
UPDATE "TrackElement" SET "region" = 291 WHERE "id" = 309;
INSERT INTO "monitoredBy" VALUES (309, 305);
INSERT INTO "TrackElement" ("id") VALUES (310);
INSERT INTO "Segment" ("id", "length") VALUES (310, 953);
UPDATE "TrackElement" SET "region" = 291 WHERE "id" = 310;
INSERT INTO "monitoredBy" VALUES (310, 305);
INSERT INTO "Sensor" ("id") VALUES (311);
UPDATE "Sensor" SET "region" = 291 WHERE "id" = 311;
INSERT INTO "monitoredBy" VALUES (292, 311);
INSERT INTO "requires" VALUES (290, 311);
INSERT INTO "TrackElement" ("id") VALUES (312);
INSERT INTO "Segment" ("id", "length") VALUES (312, 827);
UPDATE "TrackElement" SET "region" = 291 WHERE "id" = 312;
INSERT INTO "monitoredBy" VALUES (312, 311);
INSERT INTO "TrackElement" ("id") VALUES (313);
INSERT INTO "Segment" ("id", "length") VALUES (313, 998);
UPDATE "TrackElement" SET "region" = 291 WHERE "id" = 313;
INSERT INTO "monitoredBy" VALUES (313, 311);
INSERT INTO "TrackElement" ("id") VALUES (314);
INSERT INTO "Segment" ("id", "length") VALUES (314, 638);
UPDATE "TrackElement" SET "region" = 291 WHERE "id" = 314;
INSERT INTO "monitoredBy" VALUES (314, 311);
INSERT INTO "TrackElement" ("id") VALUES (315);
INSERT INTO "Segment" ("id", "length") VALUES (315, 669);
UPDATE "TrackElement" SET "region" = 291 WHERE "id" = 315;
INSERT INTO "monitoredBy" VALUES (315, 311);
INSERT INTO "TrackElement" ("id") VALUES (316);
INSERT INTO "Segment" ("id", "length") VALUES (316, 546);
UPDATE "TrackElement" SET "region" = 291 WHERE "id" = 316;
INSERT INTO "monitoredBy" VALUES (316, 311);
INSERT INTO "Sensor" ("id") VALUES (317);
UPDATE "Sensor" SET "region" = 291 WHERE "id" = 317;
INSERT INTO "monitoredBy" VALUES (292, 317);
INSERT INTO "requires" VALUES (290, 317);
INSERT INTO "TrackElement" ("id") VALUES (318);
INSERT INTO "Segment" ("id", "length") VALUES (318, 587);
UPDATE "TrackElement" SET "region" = 291 WHERE "id" = 318;
INSERT INTO "monitoredBy" VALUES (318, 317);
INSERT INTO "TrackElement" ("id") VALUES (319);
INSERT INTO "Segment" ("id", "length") VALUES (319, 827);
UPDATE "TrackElement" SET "region" = 291 WHERE "id" = 319;
INSERT INTO "monitoredBy" VALUES (319, 317);
INSERT INTO "TrackElement" ("id") VALUES (320);
INSERT INTO "Segment" ("id", "length") VALUES (320, 941);
UPDATE "TrackElement" SET "region" = 291 WHERE "id" = 320;
INSERT INTO "monitoredBy" VALUES (320, 317);
INSERT INTO "TrackElement" ("id") VALUES (321);
INSERT INTO "Segment" ("id", "length") VALUES (321, 26);
UPDATE "TrackElement" SET "region" = 291 WHERE "id" = 321;
INSERT INTO "monitoredBy" VALUES (321, 317);
INSERT INTO "TrackElement" ("id") VALUES (322);
INSERT INTO "Segment" ("id", "length") VALUES (322, 939);
UPDATE "TrackElement" SET "region" = 291 WHERE "id" = 322;
INSERT INTO "monitoredBy" VALUES (322, 317);
INSERT INTO "Sensor" ("id") VALUES (323);
UPDATE "Sensor" SET "region" = 291 WHERE "id" = 323;
INSERT INTO "monitoredBy" VALUES (292, 323);
INSERT INTO "requires" VALUES (290, 323);
INSERT INTO "TrackElement" ("id") VALUES (324);
INSERT INTO "Segment" ("id", "length") VALUES (324, 611);
UPDATE "TrackElement" SET "region" = 291 WHERE "id" = 324;
INSERT INTO "monitoredBy" VALUES (324, 323);
INSERT INTO "TrackElement" ("id") VALUES (325);
INSERT INTO "Segment" ("id", "length") VALUES (325, 236);
UPDATE "TrackElement" SET "region" = 291 WHERE "id" = 325;
INSERT INTO "monitoredBy" VALUES (325, 323);
INSERT INTO "TrackElement" ("id") VALUES (326);
INSERT INTO "Segment" ("id", "length") VALUES (326, 994);
UPDATE "TrackElement" SET "region" = 291 WHERE "id" = 326;
INSERT INTO "monitoredBy" VALUES (326, 323);
INSERT INTO "TrackElement" ("id") VALUES (327);
INSERT INTO "Segment" ("id", "length") VALUES (327, 837);
UPDATE "TrackElement" SET "region" = 291 WHERE "id" = 327;
INSERT INTO "monitoredBy" VALUES (327, 323);
INSERT INTO "TrackElement" ("id") VALUES (328);
INSERT INTO "Segment" ("id", "length") VALUES (328, 479);
UPDATE "TrackElement" SET "region" = 291 WHERE "id" = 328;
INSERT INTO "monitoredBy" VALUES (328, 323);
INSERT INTO "Sensor" ("id") VALUES (329);
UPDATE "Sensor" SET "region" = 291 WHERE "id" = 329;
INSERT INTO "monitoredBy" VALUES (292, 329);
INSERT INTO "requires" VALUES (290, 329);
INSERT INTO "TrackElement" ("id") VALUES (330);
INSERT INTO "Segment" ("id", "length") VALUES (330, 307);
UPDATE "TrackElement" SET "region" = 291 WHERE "id" = 330;
INSERT INTO "monitoredBy" VALUES (330, 329);
INSERT INTO "TrackElement" ("id") VALUES (331);
INSERT INTO "Segment" ("id", "length") VALUES (331, 283);
UPDATE "TrackElement" SET "region" = 291 WHERE "id" = 331;
INSERT INTO "monitoredBy" VALUES (331, 329);
INSERT INTO "TrackElement" ("id") VALUES (332);
INSERT INTO "Segment" ("id", "length") VALUES (332, 52);
UPDATE "TrackElement" SET "region" = 291 WHERE "id" = 332;
INSERT INTO "monitoredBy" VALUES (332, 329);
INSERT INTO "TrackElement" ("id") VALUES (333);
INSERT INTO "Segment" ("id", "length") VALUES (333, 694);
UPDATE "TrackElement" SET "region" = 291 WHERE "id" = 333;
INSERT INTO "monitoredBy" VALUES (333, 329);
INSERT INTO "TrackElement" ("id") VALUES (334);
INSERT INTO "Segment" ("id", "length") VALUES (334, 895);
UPDATE "TrackElement" SET "region" = 291 WHERE "id" = 334;
INSERT INTO "monitoredBy" VALUES (334, 329);
INSERT INTO "Sensor" ("id") VALUES (335);
UPDATE "Sensor" SET "region" = 291 WHERE "id" = 335;
INSERT INTO "monitoredBy" VALUES (292, 335);
INSERT INTO "requires" VALUES (290, 335);
INSERT INTO "TrackElement" ("id") VALUES (336);
INSERT INTO "Segment" ("id", "length") VALUES (336, 62);
UPDATE "TrackElement" SET "region" = 291 WHERE "id" = 336;
INSERT INTO "monitoredBy" VALUES (336, 335);
INSERT INTO "TrackElement" ("id") VALUES (337);
INSERT INTO "Segment" ("id", "length") VALUES (337, 57);
UPDATE "TrackElement" SET "region" = 291 WHERE "id" = 337;
INSERT INTO "monitoredBy" VALUES (337, 335);
INSERT INTO "TrackElement" ("id") VALUES (338);
INSERT INTO "Segment" ("id", "length") VALUES (338, 250);
UPDATE "TrackElement" SET "region" = 291 WHERE "id" = 338;
INSERT INTO "monitoredBy" VALUES (338, 335);
INSERT INTO "TrackElement" ("id") VALUES (339);
INSERT INTO "Segment" ("id", "length") VALUES (339, 935);
UPDATE "TrackElement" SET "region" = 291 WHERE "id" = 339;
INSERT INTO "monitoredBy" VALUES (339, 335);
INSERT INTO "TrackElement" ("id") VALUES (340);
INSERT INTO "Segment" ("id", "length") VALUES (340, 235);
UPDATE "TrackElement" SET "region" = 291 WHERE "id" = 340;
INSERT INTO "monitoredBy" VALUES (340, 335);
INSERT INTO "Sensor" ("id") VALUES (341);
UPDATE "Sensor" SET "region" = 291 WHERE "id" = 341;
INSERT INTO "monitoredBy" VALUES (292, 341);
INSERT INTO "requires" VALUES (290, 341);
INSERT INTO "TrackElement" ("id") VALUES (342);
INSERT INTO "Segment" ("id", "length") VALUES (342, 795);
UPDATE "TrackElement" SET "region" = 291 WHERE "id" = 342;
INSERT INTO "monitoredBy" VALUES (342, 341);
INSERT INTO "TrackElement" ("id") VALUES (343);
INSERT INTO "Segment" ("id", "length") VALUES (343, 392);
UPDATE "TrackElement" SET "region" = 291 WHERE "id" = 343;
INSERT INTO "monitoredBy" VALUES (343, 341);
INSERT INTO "TrackElement" ("id") VALUES (344);
INSERT INTO "Segment" ("id", "length") VALUES (344, 628);
UPDATE "TrackElement" SET "region" = 291 WHERE "id" = 344;
INSERT INTO "monitoredBy" VALUES (344, 341);
INSERT INTO "TrackElement" ("id") VALUES (345);
INSERT INTO "Segment" ("id", "length") VALUES (345, 558);
UPDATE "TrackElement" SET "region" = 291 WHERE "id" = 345;
INSERT INTO "monitoredBy" VALUES (345, 341);
INSERT INTO "TrackElement" ("id") VALUES (346);
INSERT INTO "Segment" ("id", "length") VALUES (346, 110);
UPDATE "TrackElement" SET "region" = 291 WHERE "id" = 346;
INSERT INTO "monitoredBy" VALUES (346, 341);
UPDATE "Switch" SET "currentPosition" = 2 WHERE "id" = 292;
INSERT INTO "SwitchPosition" ("id", "position", "target") VALUES (347, 2, 292);
UPDATE "SwitchPosition" SET "route" = 290 WHERE "id" = 347;
INSERT INTO "connectsTo" VALUES (292, 294);
INSERT INTO "connectsTo" VALUES (294, 295);
INSERT INTO "connectsTo" VALUES (295, 296);
INSERT INTO "connectsTo" VALUES (296, 297);
INSERT INTO "connectsTo" VALUES (297, 298);
INSERT INTO "connectsTo" VALUES (298, 300);
INSERT INTO "connectsTo" VALUES (300, 301);
INSERT INTO "connectsTo" VALUES (301, 302);
INSERT INTO "connectsTo" VALUES (302, 303);
INSERT INTO "connectsTo" VALUES (303, 304);
INSERT INTO "connectsTo" VALUES (304, 306);
INSERT INTO "connectsTo" VALUES (306, 307);
INSERT INTO "connectsTo" VALUES (307, 308);
INSERT INTO "connectsTo" VALUES (308, 309);
INSERT INTO "connectsTo" VALUES (309, 310);
INSERT INTO "connectsTo" VALUES (310, 312);
INSERT INTO "connectsTo" VALUES (312, 313);
INSERT INTO "connectsTo" VALUES (313, 314);
INSERT INTO "connectsTo" VALUES (314, 315);
INSERT INTO "connectsTo" VALUES (315, 316);
INSERT INTO "connectsTo" VALUES (316, 318);
INSERT INTO "connectsTo" VALUES (318, 319);
INSERT INTO "connectsTo" VALUES (319, 320);
INSERT INTO "connectsTo" VALUES (320, 321);
INSERT INTO "connectsTo" VALUES (321, 322);
INSERT INTO "connectsTo" VALUES (322, 324);
INSERT INTO "connectsTo" VALUES (324, 325);
INSERT INTO "connectsTo" VALUES (325, 326);
INSERT INTO "connectsTo" VALUES (326, 327);
INSERT INTO "connectsTo" VALUES (327, 328);
INSERT INTO "connectsTo" VALUES (328, 330);
INSERT INTO "connectsTo" VALUES (330, 331);
INSERT INTO "connectsTo" VALUES (331, 332);
INSERT INTO "connectsTo" VALUES (332, 333);
INSERT INTO "connectsTo" VALUES (333, 334);
INSERT INTO "connectsTo" VALUES (334, 336);
INSERT INTO "connectsTo" VALUES (336, 337);
INSERT INTO "connectsTo" VALUES (337, 338);
INSERT INTO "connectsTo" VALUES (338, 339);
INSERT INTO "connectsTo" VALUES (339, 340);
INSERT INTO "connectsTo" VALUES (340, 342);
INSERT INTO "connectsTo" VALUES (342, 343);
INSERT INTO "connectsTo" VALUES (343, 344);
INSERT INTO "connectsTo" VALUES (344, 345);
INSERT INTO "connectsTo" VALUES (345, 346);
INSERT INTO "connectsTo" VALUES (287, 292);
INSERT INTO "Semaphore" ("id", "signal") VALUES (348, 2);
INSERT INTO "Route" ("id", "active", "entry", "exit") VALUES (349, 1, 289, 348);
INSERT INTO "Region" ("id") VALUES (350);
INSERT INTO "TrackElement" ("id") VALUES (351);
INSERT INTO "Switch" ("id") VALUES (351);
UPDATE "TrackElement" SET "region" = 350 WHERE "id" = 351;
INSERT INTO "Sensor" ("id") VALUES (352);
UPDATE "Sensor" SET "region" = 350 WHERE "id" = 352;
INSERT INTO "monitoredBy" VALUES (351, 352);
INSERT INTO "requires" VALUES (349, 352);
INSERT INTO "TrackElement" ("id") VALUES (353);
INSERT INTO "Segment" ("id", "length") VALUES (353, 557);
UPDATE "TrackElement" SET "region" = 350 WHERE "id" = 353;
INSERT INTO "monitoredBy" VALUES (353, 352);
UPDATE "Semaphore" SET "segment" = 353 WHERE "id" = 348;
INSERT INTO "TrackElement" ("id") VALUES (354);
INSERT INTO "Segment" ("id", "length") VALUES (354, 132);
UPDATE "TrackElement" SET "region" = 350 WHERE "id" = 354;
INSERT INTO "monitoredBy" VALUES (354, 352);
INSERT INTO "TrackElement" ("id") VALUES (355);
INSERT INTO "Segment" ("id", "length") VALUES (355, 455);
UPDATE "TrackElement" SET "region" = 350 WHERE "id" = 355;
INSERT INTO "monitoredBy" VALUES (355, 352);
INSERT INTO "TrackElement" ("id") VALUES (356);
INSERT INTO "Segment" ("id", "length") VALUES (356, 678);
UPDATE "TrackElement" SET "region" = 350 WHERE "id" = 356;
INSERT INTO "monitoredBy" VALUES (356, 352);
INSERT INTO "TrackElement" ("id") VALUES (357);
INSERT INTO "Segment" ("id", "length") VALUES (357, 489);
UPDATE "TrackElement" SET "region" = 350 WHERE "id" = 357;
INSERT INTO "monitoredBy" VALUES (357, 352);
INSERT INTO "Sensor" ("id") VALUES (358);
UPDATE "Sensor" SET "region" = 350 WHERE "id" = 358;
INSERT INTO "monitoredBy" VALUES (351, 358);
INSERT INTO "requires" VALUES (349, 358);
INSERT INTO "TrackElement" ("id") VALUES (359);
INSERT INTO "Segment" ("id", "length") VALUES (359, 5);
UPDATE "TrackElement" SET "region" = 350 WHERE "id" = 359;
INSERT INTO "monitoredBy" VALUES (359, 358);
INSERT INTO "TrackElement" ("id") VALUES (360);
INSERT INTO "Segment" ("id", "length") VALUES (360, 682);
UPDATE "TrackElement" SET "region" = 350 WHERE "id" = 360;
INSERT INTO "monitoredBy" VALUES (360, 358);
INSERT INTO "TrackElement" ("id") VALUES (361);
INSERT INTO "Segment" ("id", "length") VALUES (361, 76);
UPDATE "TrackElement" SET "region" = 350 WHERE "id" = 361;
INSERT INTO "monitoredBy" VALUES (361, 358);
INSERT INTO "TrackElement" ("id") VALUES (362);
INSERT INTO "Segment" ("id", "length") VALUES (362, 169);
UPDATE "TrackElement" SET "region" = 350 WHERE "id" = 362;
INSERT INTO "monitoredBy" VALUES (362, 358);
INSERT INTO "TrackElement" ("id") VALUES (363);
INSERT INTO "Segment" ("id", "length") VALUES (363, 171);
UPDATE "TrackElement" SET "region" = 350 WHERE "id" = 363;
INSERT INTO "monitoredBy" VALUES (363, 358);
INSERT INTO "Sensor" ("id") VALUES (364);
UPDATE "Sensor" SET "region" = 350 WHERE "id" = 364;
INSERT INTO "monitoredBy" VALUES (351, 364);
INSERT INTO "requires" VALUES (349, 364);
INSERT INTO "TrackElement" ("id") VALUES (365);
INSERT INTO "Segment" ("id", "length") VALUES (365, 726);
UPDATE "TrackElement" SET "region" = 350 WHERE "id" = 365;
INSERT INTO "monitoredBy" VALUES (365, 364);
INSERT INTO "TrackElement" ("id") VALUES (366);
INSERT INTO "Segment" ("id", "length") VALUES (366, 421);
UPDATE "TrackElement" SET "region" = 350 WHERE "id" = 366;
INSERT INTO "monitoredBy" VALUES (366, 364);
INSERT INTO "TrackElement" ("id") VALUES (367);
INSERT INTO "Segment" ("id", "length") VALUES (367, 188);
UPDATE "TrackElement" SET "region" = 350 WHERE "id" = 367;
INSERT INTO "monitoredBy" VALUES (367, 364);
INSERT INTO "TrackElement" ("id") VALUES (368);
INSERT INTO "Segment" ("id", "length") VALUES (368, 149);
UPDATE "TrackElement" SET "region" = 350 WHERE "id" = 368;
INSERT INTO "monitoredBy" VALUES (368, 364);
INSERT INTO "TrackElement" ("id") VALUES (369);
INSERT INTO "Segment" ("id", "length") VALUES (369, 413);
UPDATE "TrackElement" SET "region" = 350 WHERE "id" = 369;
INSERT INTO "monitoredBy" VALUES (369, 364);
INSERT INTO "Sensor" ("id") VALUES (370);
UPDATE "Sensor" SET "region" = 350 WHERE "id" = 370;
INSERT INTO "monitoredBy" VALUES (351, 370);
INSERT INTO "requires" VALUES (349, 370);
INSERT INTO "TrackElement" ("id") VALUES (371);
INSERT INTO "Segment" ("id", "length") VALUES (371, 531);
UPDATE "TrackElement" SET "region" = 350 WHERE "id" = 371;
INSERT INTO "monitoredBy" VALUES (371, 370);
INSERT INTO "TrackElement" ("id") VALUES (372);
INSERT INTO "Segment" ("id", "length") VALUES (372, 36);
UPDATE "TrackElement" SET "region" = 350 WHERE "id" = 372;
INSERT INTO "monitoredBy" VALUES (372, 370);
INSERT INTO "TrackElement" ("id") VALUES (373);
INSERT INTO "Segment" ("id", "length") VALUES (373, 578);
UPDATE "TrackElement" SET "region" = 350 WHERE "id" = 373;
INSERT INTO "monitoredBy" VALUES (373, 370);
INSERT INTO "TrackElement" ("id") VALUES (374);
INSERT INTO "Segment" ("id", "length") VALUES (374, 322);
UPDATE "TrackElement" SET "region" = 350 WHERE "id" = 374;
INSERT INTO "monitoredBy" VALUES (374, 370);
INSERT INTO "TrackElement" ("id") VALUES (375);
INSERT INTO "Segment" ("id", "length") VALUES (375, 563);
UPDATE "TrackElement" SET "region" = 350 WHERE "id" = 375;
INSERT INTO "monitoredBy" VALUES (375, 370);
INSERT INTO "Sensor" ("id") VALUES (376);
UPDATE "Sensor" SET "region" = 350 WHERE "id" = 376;
INSERT INTO "monitoredBy" VALUES (351, 376);
INSERT INTO "requires" VALUES (349, 376);
INSERT INTO "TrackElement" ("id") VALUES (377);
INSERT INTO "Segment" ("id", "length") VALUES (377, 252);
UPDATE "TrackElement" SET "region" = 350 WHERE "id" = 377;
INSERT INTO "monitoredBy" VALUES (377, 376);
INSERT INTO "TrackElement" ("id") VALUES (378);
INSERT INTO "Segment" ("id", "length") VALUES (378, 611);
UPDATE "TrackElement" SET "region" = 350 WHERE "id" = 378;
INSERT INTO "monitoredBy" VALUES (378, 376);
INSERT INTO "TrackElement" ("id") VALUES (379);
INSERT INTO "Segment" ("id", "length") VALUES (379, 98);
UPDATE "TrackElement" SET "region" = 350 WHERE "id" = 379;
INSERT INTO "monitoredBy" VALUES (379, 376);
INSERT INTO "TrackElement" ("id") VALUES (380);
INSERT INTO "Segment" ("id", "length") VALUES (380, 107);
UPDATE "TrackElement" SET "region" = 350 WHERE "id" = 380;
INSERT INTO "monitoredBy" VALUES (380, 376);
INSERT INTO "TrackElement" ("id") VALUES (381);
INSERT INTO "Segment" ("id", "length") VALUES (381, 360);
UPDATE "TrackElement" SET "region" = 350 WHERE "id" = 381;
INSERT INTO "monitoredBy" VALUES (381, 376);
INSERT INTO "Sensor" ("id") VALUES (382);
UPDATE "Sensor" SET "region" = 350 WHERE "id" = 382;
INSERT INTO "monitoredBy" VALUES (351, 382);
INSERT INTO "requires" VALUES (349, 382);
INSERT INTO "TrackElement" ("id") VALUES (383);
INSERT INTO "Segment" ("id", "length") VALUES (383, 387);
UPDATE "TrackElement" SET "region" = 350 WHERE "id" = 383;
INSERT INTO "monitoredBy" VALUES (383, 382);
INSERT INTO "TrackElement" ("id") VALUES (384);
INSERT INTO "Segment" ("id", "length") VALUES (384, 12);
UPDATE "TrackElement" SET "region" = 350 WHERE "id" = 384;
INSERT INTO "monitoredBy" VALUES (384, 382);
INSERT INTO "TrackElement" ("id") VALUES (385);
INSERT INTO "Segment" ("id", "length") VALUES (385, 480);
UPDATE "TrackElement" SET "region" = 350 WHERE "id" = 385;
INSERT INTO "monitoredBy" VALUES (385, 382);
INSERT INTO "TrackElement" ("id") VALUES (386);
INSERT INTO "Segment" ("id", "length") VALUES (386, 148);
UPDATE "TrackElement" SET "region" = 350 WHERE "id" = 386;
INSERT INTO "monitoredBy" VALUES (386, 382);
INSERT INTO "TrackElement" ("id") VALUES (387);
INSERT INTO "Segment" ("id", "length") VALUES (387, 94);
UPDATE "TrackElement" SET "region" = 350 WHERE "id" = 387;
INSERT INTO "monitoredBy" VALUES (387, 382);
INSERT INTO "Sensor" ("id") VALUES (388);
UPDATE "Sensor" SET "region" = 350 WHERE "id" = 388;
INSERT INTO "monitoredBy" VALUES (351, 388);
INSERT INTO "requires" VALUES (349, 388);
INSERT INTO "TrackElement" ("id") VALUES (389);
INSERT INTO "Segment" ("id", "length") VALUES (389, 686);
UPDATE "TrackElement" SET "region" = 350 WHERE "id" = 389;
INSERT INTO "monitoredBy" VALUES (389, 388);
INSERT INTO "TrackElement" ("id") VALUES (390);
INSERT INTO "Segment" ("id", "length") VALUES (390, 810);
UPDATE "TrackElement" SET "region" = 350 WHERE "id" = 390;
INSERT INTO "monitoredBy" VALUES (390, 388);
INSERT INTO "TrackElement" ("id") VALUES (391);
INSERT INTO "Segment" ("id", "length") VALUES (391, 659);
UPDATE "TrackElement" SET "region" = 350 WHERE "id" = 391;
INSERT INTO "monitoredBy" VALUES (391, 388);
INSERT INTO "TrackElement" ("id") VALUES (392);
INSERT INTO "Segment" ("id", "length") VALUES (392, 630);
UPDATE "TrackElement" SET "region" = 350 WHERE "id" = 392;
INSERT INTO "monitoredBy" VALUES (392, 388);
INSERT INTO "TrackElement" ("id") VALUES (393);
INSERT INTO "Segment" ("id", "length") VALUES (393, 6);
UPDATE "TrackElement" SET "region" = 350 WHERE "id" = 393;
INSERT INTO "monitoredBy" VALUES (393, 388);
INSERT INTO "Sensor" ("id") VALUES (394);
UPDATE "Sensor" SET "region" = 350 WHERE "id" = 394;
INSERT INTO "monitoredBy" VALUES (351, 394);
INSERT INTO "requires" VALUES (349, 394);
INSERT INTO "TrackElement" ("id") VALUES (395);
INSERT INTO "Segment" ("id", "length") VALUES (395, 501);
UPDATE "TrackElement" SET "region" = 350 WHERE "id" = 395;
INSERT INTO "monitoredBy" VALUES (395, 394);
INSERT INTO "TrackElement" ("id") VALUES (396);
INSERT INTO "Segment" ("id", "length") VALUES (396, 555);
UPDATE "TrackElement" SET "region" = 350 WHERE "id" = 396;
INSERT INTO "monitoredBy" VALUES (396, 394);
INSERT INTO "TrackElement" ("id") VALUES (397);
INSERT INTO "Segment" ("id", "length") VALUES (397, 368);
UPDATE "TrackElement" SET "region" = 350 WHERE "id" = 397;
INSERT INTO "monitoredBy" VALUES (397, 394);
INSERT INTO "TrackElement" ("id") VALUES (398);
INSERT INTO "Segment" ("id", "length") VALUES (398, 777);
UPDATE "TrackElement" SET "region" = 350 WHERE "id" = 398;
INSERT INTO "monitoredBy" VALUES (398, 394);
INSERT INTO "TrackElement" ("id") VALUES (399);
INSERT INTO "Segment" ("id", "length") VALUES (399, 906);
UPDATE "TrackElement" SET "region" = 350 WHERE "id" = 399;
INSERT INTO "monitoredBy" VALUES (399, 394);
INSERT INTO "Sensor" ("id") VALUES (400);
UPDATE "Sensor" SET "region" = 350 WHERE "id" = 400;
INSERT INTO "monitoredBy" VALUES (351, 400);
INSERT INTO "requires" VALUES (349, 400);
INSERT INTO "TrackElement" ("id") VALUES (401);
INSERT INTO "Segment" ("id", "length") VALUES (401, 585);
UPDATE "TrackElement" SET "region" = 350 WHERE "id" = 401;
INSERT INTO "monitoredBy" VALUES (401, 400);
INSERT INTO "TrackElement" ("id") VALUES (402);
INSERT INTO "Segment" ("id", "length") VALUES (402, 11);
UPDATE "TrackElement" SET "region" = 350 WHERE "id" = 402;
INSERT INTO "monitoredBy" VALUES (402, 400);
INSERT INTO "TrackElement" ("id") VALUES (403);
INSERT INTO "Segment" ("id", "length") VALUES (403, 287);
UPDATE "TrackElement" SET "region" = 350 WHERE "id" = 403;
INSERT INTO "monitoredBy" VALUES (403, 400);
INSERT INTO "TrackElement" ("id") VALUES (404);
INSERT INTO "Segment" ("id", "length") VALUES (404, 947);
UPDATE "TrackElement" SET "region" = 350 WHERE "id" = 404;
INSERT INTO "monitoredBy" VALUES (404, 400);
INSERT INTO "TrackElement" ("id") VALUES (405);
INSERT INTO "Segment" ("id", "length") VALUES (405, 106);
UPDATE "TrackElement" SET "region" = 350 WHERE "id" = 405;
INSERT INTO "monitoredBy" VALUES (405, 400);
UPDATE "Switch" SET "currentPosition" = 2 WHERE "id" = 351;
INSERT INTO "SwitchPosition" ("id", "position", "target") VALUES (406, 2, 351);
UPDATE "SwitchPosition" SET "route" = 349 WHERE "id" = 406;
INSERT INTO "TrackElement" ("id") VALUES (407);
INSERT INTO "Switch" ("id") VALUES (407);
UPDATE "TrackElement" SET "region" = 350 WHERE "id" = 407;
INSERT INTO "Sensor" ("id") VALUES (408);
UPDATE "Sensor" SET "region" = 350 WHERE "id" = 408;
INSERT INTO "monitoredBy" VALUES (407, 408);
INSERT INTO "requires" VALUES (349, 408);
INSERT INTO "TrackElement" ("id") VALUES (409);
INSERT INTO "Segment" ("id", "length") VALUES (409, 301);
UPDATE "TrackElement" SET "region" = 350 WHERE "id" = 409;
INSERT INTO "monitoredBy" VALUES (409, 408);
INSERT INTO "TrackElement" ("id") VALUES (410);
INSERT INTO "Segment" ("id", "length") VALUES (410, 836);
UPDATE "TrackElement" SET "region" = 350 WHERE "id" = 410;
INSERT INTO "monitoredBy" VALUES (410, 408);
INSERT INTO "TrackElement" ("id") VALUES (411);
INSERT INTO "Segment" ("id", "length") VALUES (411, 254);
UPDATE "TrackElement" SET "region" = 350 WHERE "id" = 411;
INSERT INTO "monitoredBy" VALUES (411, 408);
INSERT INTO "TrackElement" ("id") VALUES (412);
INSERT INTO "Segment" ("id", "length") VALUES (412, 422);
UPDATE "TrackElement" SET "region" = 350 WHERE "id" = 412;
INSERT INTO "monitoredBy" VALUES (412, 408);
INSERT INTO "TrackElement" ("id") VALUES (413);
INSERT INTO "Segment" ("id", "length") VALUES (413, 146);
UPDATE "TrackElement" SET "region" = 350 WHERE "id" = 413;
INSERT INTO "monitoredBy" VALUES (413, 408);
INSERT INTO "Sensor" ("id") VALUES (414);
UPDATE "Sensor" SET "region" = 350 WHERE "id" = 414;
INSERT INTO "monitoredBy" VALUES (407, 414);
INSERT INTO "requires" VALUES (349, 414);
INSERT INTO "TrackElement" ("id") VALUES (415);
INSERT INTO "Segment" ("id", "length") VALUES (415, 710);
UPDATE "TrackElement" SET "region" = 350 WHERE "id" = 415;
INSERT INTO "monitoredBy" VALUES (415, 414);
INSERT INTO "TrackElement" ("id") VALUES (416);
INSERT INTO "Segment" ("id", "length") VALUES (416, 576);
UPDATE "TrackElement" SET "region" = 350 WHERE "id" = 416;
INSERT INTO "monitoredBy" VALUES (416, 414);
INSERT INTO "TrackElement" ("id") VALUES (417);
INSERT INTO "Segment" ("id", "length") VALUES (417, 481);
UPDATE "TrackElement" SET "region" = 350 WHERE "id" = 417;
INSERT INTO "monitoredBy" VALUES (417, 414);
INSERT INTO "TrackElement" ("id") VALUES (418);
INSERT INTO "Segment" ("id", "length") VALUES (418, 638);
UPDATE "TrackElement" SET "region" = 350 WHERE "id" = 418;
INSERT INTO "monitoredBy" VALUES (418, 414);
INSERT INTO "TrackElement" ("id") VALUES (419);
INSERT INTO "Segment" ("id", "length") VALUES (419, 781);
UPDATE "TrackElement" SET "region" = 350 WHERE "id" = 419;
INSERT INTO "monitoredBy" VALUES (419, 414);
INSERT INTO "Sensor" ("id") VALUES (420);
UPDATE "Sensor" SET "region" = 350 WHERE "id" = 420;
INSERT INTO "monitoredBy" VALUES (407, 420);
INSERT INTO "requires" VALUES (349, 420);
INSERT INTO "TrackElement" ("id") VALUES (421);
INSERT INTO "Segment" ("id", "length") VALUES (421, 409);
UPDATE "TrackElement" SET "region" = 350 WHERE "id" = 421;
INSERT INTO "monitoredBy" VALUES (421, 420);
INSERT INTO "TrackElement" ("id") VALUES (422);
INSERT INTO "Segment" ("id", "length") VALUES (422, 78);
UPDATE "TrackElement" SET "region" = 350 WHERE "id" = 422;
INSERT INTO "monitoredBy" VALUES (422, 420);
INSERT INTO "TrackElement" ("id") VALUES (423);
INSERT INTO "Segment" ("id", "length") VALUES (423, 34);
UPDATE "TrackElement" SET "region" = 350 WHERE "id" = 423;
INSERT INTO "monitoredBy" VALUES (423, 420);
INSERT INTO "TrackElement" ("id") VALUES (424);
INSERT INTO "Segment" ("id", "length") VALUES (424, 510);
UPDATE "TrackElement" SET "region" = 350 WHERE "id" = 424;
INSERT INTO "monitoredBy" VALUES (424, 420);
INSERT INTO "TrackElement" ("id") VALUES (425);
INSERT INTO "Segment" ("id", "length") VALUES (425, 536);
UPDATE "TrackElement" SET "region" = 350 WHERE "id" = 425;
INSERT INTO "monitoredBy" VALUES (425, 420);
INSERT INTO "Sensor" ("id") VALUES (426);
UPDATE "Sensor" SET "region" = 350 WHERE "id" = 426;
INSERT INTO "monitoredBy" VALUES (407, 426);
INSERT INTO "requires" VALUES (349, 426);
INSERT INTO "TrackElement" ("id") VALUES (427);
INSERT INTO "Segment" ("id", "length") VALUES (427, 851);
UPDATE "TrackElement" SET "region" = 350 WHERE "id" = 427;
INSERT INTO "monitoredBy" VALUES (427, 426);
INSERT INTO "TrackElement" ("id") VALUES (428);
INSERT INTO "Segment" ("id", "length") VALUES (428, 898);
UPDATE "TrackElement" SET "region" = 350 WHERE "id" = 428;
INSERT INTO "monitoredBy" VALUES (428, 426);
INSERT INTO "TrackElement" ("id") VALUES (429);
INSERT INTO "Segment" ("id", "length") VALUES (429, 731);
UPDATE "TrackElement" SET "region" = 350 WHERE "id" = 429;
INSERT INTO "monitoredBy" VALUES (429, 426);
INSERT INTO "TrackElement" ("id") VALUES (430);
INSERT INTO "Segment" ("id", "length") VALUES (430, 83);
UPDATE "TrackElement" SET "region" = 350 WHERE "id" = 430;
INSERT INTO "monitoredBy" VALUES (430, 426);
INSERT INTO "TrackElement" ("id") VALUES (431);
INSERT INTO "Segment" ("id", "length") VALUES (431, 796);
UPDATE "TrackElement" SET "region" = 350 WHERE "id" = 431;
INSERT INTO "monitoredBy" VALUES (431, 426);
INSERT INTO "Sensor" ("id") VALUES (432);
UPDATE "Sensor" SET "region" = 350 WHERE "id" = 432;
INSERT INTO "monitoredBy" VALUES (407, 432);
INSERT INTO "requires" VALUES (349, 432);
INSERT INTO "TrackElement" ("id") VALUES (433);
INSERT INTO "Segment" ("id", "length") VALUES (433, 113);
UPDATE "TrackElement" SET "region" = 350 WHERE "id" = 433;
INSERT INTO "monitoredBy" VALUES (433, 432);
INSERT INTO "TrackElement" ("id") VALUES (434);
INSERT INTO "Segment" ("id", "length") VALUES (434, 3);
UPDATE "TrackElement" SET "region" = 350 WHERE "id" = 434;
INSERT INTO "monitoredBy" VALUES (434, 432);
INSERT INTO "TrackElement" ("id") VALUES (435);
INSERT INTO "Segment" ("id", "length") VALUES (435, 326);
UPDATE "TrackElement" SET "region" = 350 WHERE "id" = 435;
INSERT INTO "monitoredBy" VALUES (435, 432);
INSERT INTO "TrackElement" ("id") VALUES (436);
INSERT INTO "Segment" ("id", "length") VALUES (436, 100);
UPDATE "TrackElement" SET "region" = 350 WHERE "id" = 436;
INSERT INTO "monitoredBy" VALUES (436, 432);
INSERT INTO "TrackElement" ("id") VALUES (437);
INSERT INTO "Segment" ("id", "length") VALUES (437, 555);
UPDATE "TrackElement" SET "region" = 350 WHERE "id" = 437;
INSERT INTO "monitoredBy" VALUES (437, 432);
INSERT INTO "Sensor" ("id") VALUES (438);
UPDATE "Sensor" SET "region" = 350 WHERE "id" = 438;
INSERT INTO "monitoredBy" VALUES (407, 438);
INSERT INTO "requires" VALUES (349, 438);
INSERT INTO "TrackElement" ("id") VALUES (439);
INSERT INTO "Segment" ("id", "length") VALUES (439, 290);
UPDATE "TrackElement" SET "region" = 350 WHERE "id" = 439;
INSERT INTO "monitoredBy" VALUES (439, 438);
INSERT INTO "TrackElement" ("id") VALUES (440);
INSERT INTO "Segment" ("id", "length") VALUES (440, 126);
UPDATE "TrackElement" SET "region" = 350 WHERE "id" = 440;
INSERT INTO "monitoredBy" VALUES (440, 438);
INSERT INTO "TrackElement" ("id") VALUES (441);
INSERT INTO "Segment" ("id", "length") VALUES (441, 620);
UPDATE "TrackElement" SET "region" = 350 WHERE "id" = 441;
INSERT INTO "monitoredBy" VALUES (441, 438);
INSERT INTO "TrackElement" ("id") VALUES (442);
INSERT INTO "Segment" ("id", "length") VALUES (442, 323);
UPDATE "TrackElement" SET "region" = 350 WHERE "id" = 442;
INSERT INTO "monitoredBy" VALUES (442, 438);
INSERT INTO "TrackElement" ("id") VALUES (443);
INSERT INTO "Segment" ("id", "length") VALUES (443, 333);
UPDATE "TrackElement" SET "region" = 350 WHERE "id" = 443;
INSERT INTO "monitoredBy" VALUES (443, 438);
INSERT INTO "Sensor" ("id") VALUES (444);
UPDATE "Sensor" SET "region" = 350 WHERE "id" = 444;
INSERT INTO "monitoredBy" VALUES (407, 444);
INSERT INTO "requires" VALUES (349, 444);
INSERT INTO "TrackElement" ("id") VALUES (445);
INSERT INTO "Segment" ("id", "length") VALUES (445, 598);
UPDATE "TrackElement" SET "region" = 350 WHERE "id" = 445;
INSERT INTO "monitoredBy" VALUES (445, 444);
INSERT INTO "TrackElement" ("id") VALUES (446);
INSERT INTO "Segment" ("id", "length") VALUES (446, 172);
UPDATE "TrackElement" SET "region" = 350 WHERE "id" = 446;
INSERT INTO "monitoredBy" VALUES (446, 444);
INSERT INTO "TrackElement" ("id") VALUES (447);
INSERT INTO "Segment" ("id", "length") VALUES (447, 263);
UPDATE "TrackElement" SET "region" = 350 WHERE "id" = 447;
INSERT INTO "monitoredBy" VALUES (447, 444);
INSERT INTO "TrackElement" ("id") VALUES (448);
INSERT INTO "Segment" ("id", "length") VALUES (448, 411);
UPDATE "TrackElement" SET "region" = 350 WHERE "id" = 448;
INSERT INTO "monitoredBy" VALUES (448, 444);
INSERT INTO "TrackElement" ("id") VALUES (449);
INSERT INTO "Segment" ("id", "length") VALUES (449, 638);
UPDATE "TrackElement" SET "region" = 350 WHERE "id" = 449;
INSERT INTO "monitoredBy" VALUES (449, 444);
INSERT INTO "Sensor" ("id") VALUES (450);
UPDATE "Sensor" SET "region" = 350 WHERE "id" = 450;
INSERT INTO "monitoredBy" VALUES (407, 450);
INSERT INTO "requires" VALUES (349, 450);
INSERT INTO "TrackElement" ("id") VALUES (451);
INSERT INTO "Segment" ("id", "length") VALUES (451, 421);
UPDATE "TrackElement" SET "region" = 350 WHERE "id" = 451;
INSERT INTO "monitoredBy" VALUES (451, 450);
INSERT INTO "TrackElement" ("id") VALUES (452);
INSERT INTO "Segment" ("id", "length") VALUES (452, 921);
UPDATE "TrackElement" SET "region" = 350 WHERE "id" = 452;
INSERT INTO "monitoredBy" VALUES (452, 450);
INSERT INTO "TrackElement" ("id") VALUES (453);
INSERT INTO "Segment" ("id", "length") VALUES (453, 40);
UPDATE "TrackElement" SET "region" = 350 WHERE "id" = 453;
INSERT INTO "monitoredBy" VALUES (453, 450);
INSERT INTO "TrackElement" ("id") VALUES (454);
INSERT INTO "Segment" ("id", "length") VALUES (454, 546);
UPDATE "TrackElement" SET "region" = 350 WHERE "id" = 454;
INSERT INTO "monitoredBy" VALUES (454, 450);
INSERT INTO "TrackElement" ("id") VALUES (455);
INSERT INTO "Segment" ("id", "length") VALUES (455, 208);
UPDATE "TrackElement" SET "region" = 350 WHERE "id" = 455;
INSERT INTO "monitoredBy" VALUES (455, 450);
INSERT INTO "Sensor" ("id") VALUES (456);
UPDATE "Sensor" SET "region" = 350 WHERE "id" = 456;
INSERT INTO "monitoredBy" VALUES (407, 456);
INSERT INTO "requires" VALUES (349, 456);
INSERT INTO "TrackElement" ("id") VALUES (457);
INSERT INTO "Segment" ("id", "length") VALUES (457, 542);
UPDATE "TrackElement" SET "region" = 350 WHERE "id" = 457;
INSERT INTO "monitoredBy" VALUES (457, 456);
INSERT INTO "TrackElement" ("id") VALUES (458);
INSERT INTO "Segment" ("id", "length") VALUES (458, 770);
UPDATE "TrackElement" SET "region" = 350 WHERE "id" = 458;
INSERT INTO "monitoredBy" VALUES (458, 456);
INSERT INTO "TrackElement" ("id") VALUES (459);
INSERT INTO "Segment" ("id", "length") VALUES (459, 147);
UPDATE "TrackElement" SET "region" = 350 WHERE "id" = 459;
INSERT INTO "monitoredBy" VALUES (459, 456);
INSERT INTO "TrackElement" ("id") VALUES (460);
INSERT INTO "Segment" ("id", "length") VALUES (460, 170);
UPDATE "TrackElement" SET "region" = 350 WHERE "id" = 460;
INSERT INTO "monitoredBy" VALUES (460, 456);
INSERT INTO "TrackElement" ("id") VALUES (461);
INSERT INTO "Segment" ("id", "length") VALUES (461, 167);
UPDATE "TrackElement" SET "region" = 350 WHERE "id" = 461;
INSERT INTO "monitoredBy" VALUES (461, 456);
UPDATE "Switch" SET "currentPosition" = 1 WHERE "id" = 407;
INSERT INTO "SwitchPosition" ("id", "position", "target") VALUES (462, 1, 407);
UPDATE "SwitchPosition" SET "route" = 349 WHERE "id" = 462;
INSERT INTO "TrackElement" ("id") VALUES (463);
INSERT INTO "Switch" ("id") VALUES (463);
UPDATE "TrackElement" SET "region" = 350 WHERE "id" = 463;
INSERT INTO "Sensor" ("id") VALUES (464);
UPDATE "Sensor" SET "region" = 350 WHERE "id" = 464;
INSERT INTO "monitoredBy" VALUES (463, 464);
INSERT INTO "requires" VALUES (349, 464);
INSERT INTO "TrackElement" ("id") VALUES (465);
INSERT INTO "Segment" ("id", "length") VALUES (465, 524);
UPDATE "TrackElement" SET "region" = 350 WHERE "id" = 465;
INSERT INTO "monitoredBy" VALUES (465, 464);
INSERT INTO "TrackElement" ("id") VALUES (466);
INSERT INTO "Segment" ("id", "length") VALUES (466, 5);
UPDATE "TrackElement" SET "region" = 350 WHERE "id" = 466;
INSERT INTO "monitoredBy" VALUES (466, 464);
INSERT INTO "TrackElement" ("id") VALUES (467);
INSERT INTO "Segment" ("id", "length") VALUES (467, 133);
UPDATE "TrackElement" SET "region" = 350 WHERE "id" = 467;
INSERT INTO "monitoredBy" VALUES (467, 464);
INSERT INTO "TrackElement" ("id") VALUES (468);
INSERT INTO "Segment" ("id", "length") VALUES (468, 818);
UPDATE "TrackElement" SET "region" = 350 WHERE "id" = 468;
INSERT INTO "monitoredBy" VALUES (468, 464);
INSERT INTO "TrackElement" ("id") VALUES (469);
INSERT INTO "Segment" ("id", "length") VALUES (469, 980);
UPDATE "TrackElement" SET "region" = 350 WHERE "id" = 469;
INSERT INTO "monitoredBy" VALUES (469, 464);
UPDATE "Switch" SET "currentPosition" = 0 WHERE "id" = 463;
INSERT INTO "SwitchPosition" ("id", "position", "target") VALUES (470, 0, 463);
UPDATE "SwitchPosition" SET "route" = 349 WHERE "id" = 470;
INSERT INTO "TrackElement" ("id") VALUES (471);
INSERT INTO "Switch" ("id") VALUES (471);
UPDATE "TrackElement" SET "region" = 350 WHERE "id" = 471;
INSERT INTO "Sensor" ("id") VALUES (472);
UPDATE "Sensor" SET "region" = 350 WHERE "id" = 472;
INSERT INTO "monitoredBy" VALUES (471, 472);
INSERT INTO "requires" VALUES (349, 472);
INSERT INTO "TrackElement" ("id") VALUES (473);
INSERT INTO "Segment" ("id", "length") VALUES (473, 152);
UPDATE "TrackElement" SET "region" = 350 WHERE "id" = 473;
INSERT INTO "monitoredBy" VALUES (473, 472);
INSERT INTO "TrackElement" ("id") VALUES (474);
INSERT INTO "Segment" ("id", "length") VALUES (474, 808);
UPDATE "TrackElement" SET "region" = 350 WHERE "id" = 474;
INSERT INTO "monitoredBy" VALUES (474, 472);
INSERT INTO "TrackElement" ("id") VALUES (475);
INSERT INTO "Segment" ("id", "length") VALUES (475, 94);
UPDATE "TrackElement" SET "region" = 350 WHERE "id" = 475;
INSERT INTO "monitoredBy" VALUES (475, 472);
INSERT INTO "TrackElement" ("id") VALUES (476);
INSERT INTO "Segment" ("id", "length") VALUES (476, 768);
UPDATE "TrackElement" SET "region" = 350 WHERE "id" = 476;
INSERT INTO "monitoredBy" VALUES (476, 472);
INSERT INTO "TrackElement" ("id") VALUES (477);
INSERT INTO "Segment" ("id", "length") VALUES (477, 969);
UPDATE "TrackElement" SET "region" = 350 WHERE "id" = 477;
INSERT INTO "monitoredBy" VALUES (477, 472);
INSERT INTO "Sensor" ("id") VALUES (478);
UPDATE "Sensor" SET "region" = 350 WHERE "id" = 478;
INSERT INTO "monitoredBy" VALUES (471, 478);
INSERT INTO "requires" VALUES (349, 478);
INSERT INTO "TrackElement" ("id") VALUES (479);
INSERT INTO "Segment" ("id", "length") VALUES (479, 948);
UPDATE "TrackElement" SET "region" = 350 WHERE "id" = 479;
INSERT INTO "monitoredBy" VALUES (479, 478);
INSERT INTO "TrackElement" ("id") VALUES (480);
INSERT INTO "Segment" ("id", "length") VALUES (480, 366);
UPDATE "TrackElement" SET "region" = 350 WHERE "id" = 480;
INSERT INTO "monitoredBy" VALUES (480, 478);
INSERT INTO "TrackElement" ("id") VALUES (481);
INSERT INTO "Segment" ("id", "length") VALUES (481, 971);
UPDATE "TrackElement" SET "region" = 350 WHERE "id" = 481;
INSERT INTO "monitoredBy" VALUES (481, 478);
INSERT INTO "TrackElement" ("id") VALUES (482);
INSERT INTO "Segment" ("id", "length") VALUES (482, 75);
UPDATE "TrackElement" SET "region" = 350 WHERE "id" = 482;
INSERT INTO "monitoredBy" VALUES (482, 478);
INSERT INTO "TrackElement" ("id") VALUES (483);
INSERT INTO "Segment" ("id", "length") VALUES (483, 686);
UPDATE "TrackElement" SET "region" = 350 WHERE "id" = 483;
INSERT INTO "monitoredBy" VALUES (483, 478);
INSERT INTO "Sensor" ("id") VALUES (484);
UPDATE "Sensor" SET "region" = 350 WHERE "id" = 484;
INSERT INTO "monitoredBy" VALUES (471, 484);
INSERT INTO "requires" VALUES (349, 484);
INSERT INTO "TrackElement" ("id") VALUES (485);
INSERT INTO "Segment" ("id", "length") VALUES (485, 606);
UPDATE "TrackElement" SET "region" = 350 WHERE "id" = 485;
INSERT INTO "monitoredBy" VALUES (485, 484);
INSERT INTO "TrackElement" ("id") VALUES (486);
INSERT INTO "Segment" ("id", "length") VALUES (486, 672);
UPDATE "TrackElement" SET "region" = 350 WHERE "id" = 486;
INSERT INTO "monitoredBy" VALUES (486, 484);
INSERT INTO "TrackElement" ("id") VALUES (487);
INSERT INTO "Segment" ("id", "length") VALUES (487, 316);
UPDATE "TrackElement" SET "region" = 350 WHERE "id" = 487;
INSERT INTO "monitoredBy" VALUES (487, 484);
INSERT INTO "TrackElement" ("id") VALUES (488);
INSERT INTO "Segment" ("id", "length") VALUES (488, 915);
UPDATE "TrackElement" SET "region" = 350 WHERE "id" = 488;
INSERT INTO "monitoredBy" VALUES (488, 484);
INSERT INTO "TrackElement" ("id") VALUES (489);
INSERT INTO "Segment" ("id", "length") VALUES (489, 831);
UPDATE "TrackElement" SET "region" = 350 WHERE "id" = 489;
INSERT INTO "monitoredBy" VALUES (489, 484);
INSERT INTO "Sensor" ("id") VALUES (490);
UPDATE "Sensor" SET "region" = 350 WHERE "id" = 490;
INSERT INTO "monitoredBy" VALUES (471, 490);
INSERT INTO "requires" VALUES (349, 490);
INSERT INTO "TrackElement" ("id") VALUES (491);
INSERT INTO "Segment" ("id", "length") VALUES (491, 711);
UPDATE "TrackElement" SET "region" = 350 WHERE "id" = 491;
INSERT INTO "monitoredBy" VALUES (491, 490);
INSERT INTO "TrackElement" ("id") VALUES (492);
INSERT INTO "Segment" ("id", "length") VALUES (492, 773);
UPDATE "TrackElement" SET "region" = 350 WHERE "id" = 492;
INSERT INTO "monitoredBy" VALUES (492, 490);
INSERT INTO "TrackElement" ("id") VALUES (493);
INSERT INTO "Segment" ("id", "length") VALUES (493, 386);
UPDATE "TrackElement" SET "region" = 350 WHERE "id" = 493;
INSERT INTO "monitoredBy" VALUES (493, 490);
INSERT INTO "TrackElement" ("id") VALUES (494);
INSERT INTO "Segment" ("id", "length") VALUES (494, 340);
UPDATE "TrackElement" SET "region" = 350 WHERE "id" = 494;
INSERT INTO "monitoredBy" VALUES (494, 490);
INSERT INTO "TrackElement" ("id") VALUES (495);
INSERT INTO "Segment" ("id", "length") VALUES (495, 597);
UPDATE "TrackElement" SET "region" = 350 WHERE "id" = 495;
INSERT INTO "monitoredBy" VALUES (495, 490);
INSERT INTO "Sensor" ("id") VALUES (496);
UPDATE "Sensor" SET "region" = 350 WHERE "id" = 496;
INSERT INTO "monitoredBy" VALUES (471, 496);
INSERT INTO "requires" VALUES (349, 496);
INSERT INTO "TrackElement" ("id") VALUES (497);
INSERT INTO "Segment" ("id", "length") VALUES (497, 28);
UPDATE "TrackElement" SET "region" = 350 WHERE "id" = 497;
INSERT INTO "monitoredBy" VALUES (497, 496);
INSERT INTO "TrackElement" ("id") VALUES (498);
INSERT INTO "Segment" ("id", "length") VALUES (498, 196);
UPDATE "TrackElement" SET "region" = 350 WHERE "id" = 498;
INSERT INTO "monitoredBy" VALUES (498, 496);
INSERT INTO "TrackElement" ("id") VALUES (499);
INSERT INTO "Segment" ("id", "length") VALUES (499, 953);
UPDATE "TrackElement" SET "region" = 350 WHERE "id" = 499;
INSERT INTO "monitoredBy" VALUES (499, 496);
INSERT INTO "TrackElement" ("id") VALUES (500);
INSERT INTO "Segment" ("id", "length") VALUES (500, 473);
UPDATE "TrackElement" SET "region" = 350 WHERE "id" = 500;
INSERT INTO "monitoredBy" VALUES (500, 496);
INSERT INTO "TrackElement" ("id") VALUES (501);
INSERT INTO "Segment" ("id", "length") VALUES (501, 514);
UPDATE "TrackElement" SET "region" = 350 WHERE "id" = 501;
INSERT INTO "monitoredBy" VALUES (501, 496);
INSERT INTO "Sensor" ("id") VALUES (502);
UPDATE "Sensor" SET "region" = 350 WHERE "id" = 502;
INSERT INTO "monitoredBy" VALUES (471, 502);
INSERT INTO "requires" VALUES (349, 502);
INSERT INTO "TrackElement" ("id") VALUES (503);
INSERT INTO "Segment" ("id", "length") VALUES (503, 429);
UPDATE "TrackElement" SET "region" = 350 WHERE "id" = 503;
INSERT INTO "monitoredBy" VALUES (503, 502);
INSERT INTO "TrackElement" ("id") VALUES (504);
INSERT INTO "Segment" ("id", "length") VALUES (504, 972);
UPDATE "TrackElement" SET "region" = 350 WHERE "id" = 504;
INSERT INTO "monitoredBy" VALUES (504, 502);
INSERT INTO "TrackElement" ("id") VALUES (505);
INSERT INTO "Segment" ("id", "length") VALUES (505, 708);
UPDATE "TrackElement" SET "region" = 350 WHERE "id" = 505;
INSERT INTO "monitoredBy" VALUES (505, 502);
INSERT INTO "TrackElement" ("id") VALUES (506);
INSERT INTO "Segment" ("id", "length") VALUES (506, 669);
UPDATE "TrackElement" SET "region" = 350 WHERE "id" = 506;
INSERT INTO "monitoredBy" VALUES (506, 502);
INSERT INTO "TrackElement" ("id") VALUES (507);
INSERT INTO "Segment" ("id", "length") VALUES (507, 974);
UPDATE "TrackElement" SET "region" = 350 WHERE "id" = 507;
INSERT INTO "monitoredBy" VALUES (507, 502);
INSERT INTO "Sensor" ("id") VALUES (508);
UPDATE "Sensor" SET "region" = 350 WHERE "id" = 508;
INSERT INTO "monitoredBy" VALUES (471, 508);
INSERT INTO "requires" VALUES (349, 508);
INSERT INTO "TrackElement" ("id") VALUES (509);
INSERT INTO "Segment" ("id", "length") VALUES (509, 706);
UPDATE "TrackElement" SET "region" = 350 WHERE "id" = 509;
INSERT INTO "monitoredBy" VALUES (509, 508);
INSERT INTO "TrackElement" ("id") VALUES (510);
INSERT INTO "Segment" ("id", "length") VALUES (510, 35);
UPDATE "TrackElement" SET "region" = 350 WHERE "id" = 510;
INSERT INTO "monitoredBy" VALUES (510, 508);
INSERT INTO "TrackElement" ("id") VALUES (511);
INSERT INTO "Segment" ("id", "length") VALUES (511, 383);
UPDATE "TrackElement" SET "region" = 350 WHERE "id" = 511;
INSERT INTO "monitoredBy" VALUES (511, 508);
INSERT INTO "TrackElement" ("id") VALUES (512);
INSERT INTO "Segment" ("id", "length") VALUES (512, 902);
UPDATE "TrackElement" SET "region" = 350 WHERE "id" = 512;
INSERT INTO "monitoredBy" VALUES (512, 508);
INSERT INTO "TrackElement" ("id") VALUES (513);
INSERT INTO "Segment" ("id", "length") VALUES (513, 578);
UPDATE "TrackElement" SET "region" = 350 WHERE "id" = 513;
INSERT INTO "monitoredBy" VALUES (513, 508);
INSERT INTO "Sensor" ("id") VALUES (514);
UPDATE "Sensor" SET "region" = 350 WHERE "id" = 514;
INSERT INTO "monitoredBy" VALUES (471, 514);
INSERT INTO "requires" VALUES (349, 514);
INSERT INTO "TrackElement" ("id") VALUES (515);
INSERT INTO "Segment" ("id", "length") VALUES (515, 630);
UPDATE "TrackElement" SET "region" = 350 WHERE "id" = 515;
INSERT INTO "monitoredBy" VALUES (515, 514);
INSERT INTO "TrackElement" ("id") VALUES (516);
INSERT INTO "Segment" ("id", "length") VALUES (516, 154);
UPDATE "TrackElement" SET "region" = 350 WHERE "id" = 516;
INSERT INTO "monitoredBy" VALUES (516, 514);
INSERT INTO "TrackElement" ("id") VALUES (517);
INSERT INTO "Segment" ("id", "length") VALUES (517, 882);
UPDATE "TrackElement" SET "region" = 350 WHERE "id" = 517;
INSERT INTO "monitoredBy" VALUES (517, 514);
INSERT INTO "TrackElement" ("id") VALUES (518);
INSERT INTO "Segment" ("id", "length") VALUES (518, 579);
UPDATE "TrackElement" SET "region" = 350 WHERE "id" = 518;
INSERT INTO "monitoredBy" VALUES (518, 514);
INSERT INTO "TrackElement" ("id") VALUES (519);
INSERT INTO "Segment" ("id", "length") VALUES (519, 19);
UPDATE "TrackElement" SET "region" = 350 WHERE "id" = 519;
INSERT INTO "monitoredBy" VALUES (519, 514);
INSERT INTO "Sensor" ("id") VALUES (520);
UPDATE "Sensor" SET "region" = 350 WHERE "id" = 520;
INSERT INTO "monitoredBy" VALUES (471, 520);
INSERT INTO "requires" VALUES (349, 520);
INSERT INTO "TrackElement" ("id") VALUES (521);
INSERT INTO "Segment" ("id", "length") VALUES (521, 798);
UPDATE "TrackElement" SET "region" = 350 WHERE "id" = 521;
INSERT INTO "monitoredBy" VALUES (521, 520);
INSERT INTO "TrackElement" ("id") VALUES (522);
INSERT INTO "Segment" ("id", "length") VALUES (522, 214);
UPDATE "TrackElement" SET "region" = 350 WHERE "id" = 522;
INSERT INTO "monitoredBy" VALUES (522, 520);
INSERT INTO "TrackElement" ("id") VALUES (523);
INSERT INTO "Segment" ("id", "length") VALUES (523, 566);
UPDATE "TrackElement" SET "region" = 350 WHERE "id" = 523;
INSERT INTO "monitoredBy" VALUES (523, 520);
INSERT INTO "TrackElement" ("id") VALUES (524);
INSERT INTO "Segment" ("id", "length") VALUES (524, 441);
UPDATE "TrackElement" SET "region" = 350 WHERE "id" = 524;
INSERT INTO "monitoredBy" VALUES (524, 520);
INSERT INTO "TrackElement" ("id") VALUES (525);
INSERT INTO "Segment" ("id", "length") VALUES (525, 823);
UPDATE "TrackElement" SET "region" = 350 WHERE "id" = 525;
INSERT INTO "monitoredBy" VALUES (525, 520);
UPDATE "Switch" SET "currentPosition" = 0 WHERE "id" = 471;
INSERT INTO "SwitchPosition" ("id", "position", "target") VALUES (526, 0, 471);
UPDATE "SwitchPosition" SET "route" = 349 WHERE "id" = 526;
INSERT INTO "TrackElement" ("id") VALUES (527);
INSERT INTO "Switch" ("id") VALUES (527);
UPDATE "TrackElement" SET "region" = 350 WHERE "id" = 527;
INSERT INTO "Sensor" ("id") VALUES (528);
UPDATE "Sensor" SET "region" = 350 WHERE "id" = 528;
INSERT INTO "monitoredBy" VALUES (527, 528);
INSERT INTO "requires" VALUES (349, 528);
INSERT INTO "TrackElement" ("id") VALUES (529);
INSERT INTO "Segment" ("id", "length") VALUES (529, 868);
UPDATE "TrackElement" SET "region" = 350 WHERE "id" = 529;
INSERT INTO "monitoredBy" VALUES (529, 528);
INSERT INTO "TrackElement" ("id") VALUES (530);
INSERT INTO "Segment" ("id", "length") VALUES (530, 182);
UPDATE "TrackElement" SET "region" = 350 WHERE "id" = 530;
INSERT INTO "monitoredBy" VALUES (530, 528);
INSERT INTO "TrackElement" ("id") VALUES (531);
INSERT INTO "Segment" ("id", "length") VALUES (531, 241);
UPDATE "TrackElement" SET "region" = 350 WHERE "id" = 531;
INSERT INTO "monitoredBy" VALUES (531, 528);
INSERT INTO "TrackElement" ("id") VALUES (532);
INSERT INTO "Segment" ("id", "length") VALUES (532, 734);
UPDATE "TrackElement" SET "region" = 350 WHERE "id" = 532;
INSERT INTO "monitoredBy" VALUES (532, 528);
INSERT INTO "TrackElement" ("id") VALUES (533);
INSERT INTO "Segment" ("id", "length") VALUES (533, 70);
UPDATE "TrackElement" SET "region" = 350 WHERE "id" = 533;
INSERT INTO "monitoredBy" VALUES (533, 528);
INSERT INTO "Sensor" ("id") VALUES (534);
UPDATE "Sensor" SET "region" = 350 WHERE "id" = 534;
INSERT INTO "monitoredBy" VALUES (527, 534);
INSERT INTO "requires" VALUES (349, 534);
INSERT INTO "TrackElement" ("id") VALUES (535);
INSERT INTO "Segment" ("id", "length") VALUES (535, 665);
UPDATE "TrackElement" SET "region" = 350 WHERE "id" = 535;
INSERT INTO "monitoredBy" VALUES (535, 534);
INSERT INTO "TrackElement" ("id") VALUES (536);
INSERT INTO "Segment" ("id", "length") VALUES (536, 860);
UPDATE "TrackElement" SET "region" = 350 WHERE "id" = 536;
INSERT INTO "monitoredBy" VALUES (536, 534);
INSERT INTO "TrackElement" ("id") VALUES (537);
INSERT INTO "Segment" ("id", "length") VALUES (537, 143);
UPDATE "TrackElement" SET "region" = 350 WHERE "id" = 537;
INSERT INTO "monitoredBy" VALUES (537, 534);
INSERT INTO "TrackElement" ("id") VALUES (538);
INSERT INTO "Segment" ("id", "length") VALUES (538, 962);
UPDATE "TrackElement" SET "region" = 350 WHERE "id" = 538;
INSERT INTO "monitoredBy" VALUES (538, 534);
INSERT INTO "TrackElement" ("id") VALUES (539);
INSERT INTO "Segment" ("id", "length") VALUES (539, 346);
UPDATE "TrackElement" SET "region" = 350 WHERE "id" = 539;
INSERT INTO "monitoredBy" VALUES (539, 534);
INSERT INTO "Sensor" ("id") VALUES (540);
UPDATE "Sensor" SET "region" = 350 WHERE "id" = 540;
INSERT INTO "monitoredBy" VALUES (527, 540);
INSERT INTO "requires" VALUES (349, 540);
INSERT INTO "TrackElement" ("id") VALUES (541);
INSERT INTO "Segment" ("id", "length") VALUES (541, 417);
UPDATE "TrackElement" SET "region" = 350 WHERE "id" = 541;
INSERT INTO "monitoredBy" VALUES (541, 540);
INSERT INTO "TrackElement" ("id") VALUES (542);
INSERT INTO "Segment" ("id", "length") VALUES (542, 630);
UPDATE "TrackElement" SET "region" = 350 WHERE "id" = 542;
INSERT INTO "monitoredBy" VALUES (542, 540);
INSERT INTO "TrackElement" ("id") VALUES (543);
INSERT INTO "Segment" ("id", "length") VALUES (543, 106);
UPDATE "TrackElement" SET "region" = 350 WHERE "id" = 543;
INSERT INTO "monitoredBy" VALUES (543, 540);
INSERT INTO "TrackElement" ("id") VALUES (544);
INSERT INTO "Segment" ("id", "length") VALUES (544, 482);
UPDATE "TrackElement" SET "region" = 350 WHERE "id" = 544;
INSERT INTO "monitoredBy" VALUES (544, 540);
INSERT INTO "TrackElement" ("id") VALUES (545);
INSERT INTO "Segment" ("id", "length") VALUES (545, 560);
UPDATE "TrackElement" SET "region" = 350 WHERE "id" = 545;
INSERT INTO "monitoredBy" VALUES (545, 540);
INSERT INTO "Sensor" ("id") VALUES (546);
UPDATE "Sensor" SET "region" = 350 WHERE "id" = 546;
INSERT INTO "monitoredBy" VALUES (527, 546);
INSERT INTO "requires" VALUES (349, 546);
INSERT INTO "TrackElement" ("id") VALUES (547);
INSERT INTO "Segment" ("id", "length") VALUES (547, 135);
UPDATE "TrackElement" SET "region" = 350 WHERE "id" = 547;
INSERT INTO "monitoredBy" VALUES (547, 546);
INSERT INTO "TrackElement" ("id") VALUES (548);
INSERT INTO "Segment" ("id", "length") VALUES (548, 395);
UPDATE "TrackElement" SET "region" = 350 WHERE "id" = 548;
INSERT INTO "monitoredBy" VALUES (548, 546);
INSERT INTO "TrackElement" ("id") VALUES (549);
INSERT INTO "Segment" ("id", "length") VALUES (549, 950);
UPDATE "TrackElement" SET "region" = 350 WHERE "id" = 549;
INSERT INTO "monitoredBy" VALUES (549, 546);
INSERT INTO "TrackElement" ("id") VALUES (550);
INSERT INTO "Segment" ("id", "length") VALUES (550, 569);
UPDATE "TrackElement" SET "region" = 350 WHERE "id" = 550;
INSERT INTO "monitoredBy" VALUES (550, 546);
INSERT INTO "TrackElement" ("id") VALUES (551);
INSERT INTO "Segment" ("id", "length") VALUES (551, 452);
UPDATE "TrackElement" SET "region" = 350 WHERE "id" = 551;
INSERT INTO "monitoredBy" VALUES (551, 546);
INSERT INTO "Sensor" ("id") VALUES (552);
UPDATE "Sensor" SET "region" = 350 WHERE "id" = 552;
INSERT INTO "monitoredBy" VALUES (527, 552);
INSERT INTO "requires" VALUES (349, 552);
INSERT INTO "TrackElement" ("id") VALUES (553);
INSERT INTO "Segment" ("id", "length") VALUES (553, 744);
UPDATE "TrackElement" SET "region" = 350 WHERE "id" = 553;
INSERT INTO "monitoredBy" VALUES (553, 552);
INSERT INTO "TrackElement" ("id") VALUES (554);
INSERT INTO "Segment" ("id", "length") VALUES (554, 702);
UPDATE "TrackElement" SET "region" = 350 WHERE "id" = 554;
INSERT INTO "monitoredBy" VALUES (554, 552);
INSERT INTO "TrackElement" ("id") VALUES (555);
INSERT INTO "Segment" ("id", "length") VALUES (555, 68);
UPDATE "TrackElement" SET "region" = 350 WHERE "id" = 555;
INSERT INTO "monitoredBy" VALUES (555, 552);
INSERT INTO "TrackElement" ("id") VALUES (556);
INSERT INTO "Segment" ("id", "length") VALUES (556, 634);
UPDATE "TrackElement" SET "region" = 350 WHERE "id" = 556;
INSERT INTO "monitoredBy" VALUES (556, 552);
INSERT INTO "TrackElement" ("id") VALUES (557);
INSERT INTO "Segment" ("id", "length") VALUES (557, 852);
UPDATE "TrackElement" SET "region" = 350 WHERE "id" = 557;
INSERT INTO "monitoredBy" VALUES (557, 552);
INSERT INTO "Sensor" ("id") VALUES (558);
UPDATE "Sensor" SET "region" = 350 WHERE "id" = 558;
INSERT INTO "monitoredBy" VALUES (527, 558);
INSERT INTO "requires" VALUES (349, 558);
INSERT INTO "TrackElement" ("id") VALUES (559);
INSERT INTO "Segment" ("id", "length") VALUES (559, 551);
UPDATE "TrackElement" SET "region" = 350 WHERE "id" = 559;
INSERT INTO "monitoredBy" VALUES (559, 558);
INSERT INTO "TrackElement" ("id") VALUES (560);
INSERT INTO "Segment" ("id", "length") VALUES (560, 875);
UPDATE "TrackElement" SET "region" = 350 WHERE "id" = 560;
INSERT INTO "monitoredBy" VALUES (560, 558);
INSERT INTO "TrackElement" ("id") VALUES (561);
INSERT INTO "Segment" ("id", "length") VALUES (561, 989);
UPDATE "TrackElement" SET "region" = 350 WHERE "id" = 561;
INSERT INTO "monitoredBy" VALUES (561, 558);
INSERT INTO "TrackElement" ("id") VALUES (562);
INSERT INTO "Segment" ("id", "length") VALUES (562, 837);
UPDATE "TrackElement" SET "region" = 350 WHERE "id" = 562;
INSERT INTO "monitoredBy" VALUES (562, 558);
INSERT INTO "TrackElement" ("id") VALUES (563);
INSERT INTO "Segment" ("id", "length") VALUES (563, 252);
UPDATE "TrackElement" SET "region" = 350 WHERE "id" = 563;
INSERT INTO "monitoredBy" VALUES (563, 558);
INSERT INTO "Sensor" ("id") VALUES (564);
UPDATE "Sensor" SET "region" = 350 WHERE "id" = 564;
INSERT INTO "monitoredBy" VALUES (527, 564);
INSERT INTO "requires" VALUES (349, 564);
INSERT INTO "TrackElement" ("id") VALUES (565);
INSERT INTO "Segment" ("id", "length") VALUES (565, 77);
UPDATE "TrackElement" SET "region" = 350 WHERE "id" = 565;
INSERT INTO "monitoredBy" VALUES (565, 564);
INSERT INTO "TrackElement" ("id") VALUES (566);
INSERT INTO "Segment" ("id", "length") VALUES (566, 710);
UPDATE "TrackElement" SET "region" = 350 WHERE "id" = 566;
INSERT INTO "monitoredBy" VALUES (566, 564);
INSERT INTO "TrackElement" ("id") VALUES (567);
INSERT INTO "Segment" ("id", "length") VALUES (567, 845);
UPDATE "TrackElement" SET "region" = 350 WHERE "id" = 567;
INSERT INTO "monitoredBy" VALUES (567, 564);
INSERT INTO "TrackElement" ("id") VALUES (568);
INSERT INTO "Segment" ("id", "length") VALUES (568, 835);
UPDATE "TrackElement" SET "region" = 350 WHERE "id" = 568;
INSERT INTO "monitoredBy" VALUES (568, 564);
INSERT INTO "TrackElement" ("id") VALUES (569);
INSERT INTO "Segment" ("id", "length") VALUES (569, 27);
UPDATE "TrackElement" SET "region" = 350 WHERE "id" = 569;
INSERT INTO "monitoredBy" VALUES (569, 564);
INSERT INTO "Sensor" ("id") VALUES (570);
UPDATE "Sensor" SET "region" = 350 WHERE "id" = 570;
INSERT INTO "monitoredBy" VALUES (527, 570);
INSERT INTO "requires" VALUES (349, 570);
INSERT INTO "TrackElement" ("id") VALUES (571);
INSERT INTO "Segment" ("id", "length") VALUES (571, 686);
UPDATE "TrackElement" SET "region" = 350 WHERE "id" = 571;
INSERT INTO "monitoredBy" VALUES (571, 570);
INSERT INTO "TrackElement" ("id") VALUES (572);
INSERT INTO "Segment" ("id", "length") VALUES (572, 247);
UPDATE "TrackElement" SET "region" = 350 WHERE "id" = 572;
INSERT INTO "monitoredBy" VALUES (572, 570);
INSERT INTO "TrackElement" ("id") VALUES (573);
INSERT INTO "Segment" ("id", "length") VALUES (573, 348);
UPDATE "TrackElement" SET "region" = 350 WHERE "id" = 573;
INSERT INTO "monitoredBy" VALUES (573, 570);
INSERT INTO "TrackElement" ("id") VALUES (574);
INSERT INTO "Segment" ("id", "length") VALUES (574, 206);
UPDATE "TrackElement" SET "region" = 350 WHERE "id" = 574;
INSERT INTO "monitoredBy" VALUES (574, 570);
INSERT INTO "TrackElement" ("id") VALUES (575);
INSERT INTO "Segment" ("id", "length") VALUES (575, 391);
UPDATE "TrackElement" SET "region" = 350 WHERE "id" = 575;
INSERT INTO "monitoredBy" VALUES (575, 570);
INSERT INTO "Sensor" ("id") VALUES (576);
UPDATE "Sensor" SET "region" = 350 WHERE "id" = 576;
INSERT INTO "monitoredBy" VALUES (527, 576);
INSERT INTO "requires" VALUES (349, 576);
INSERT INTO "TrackElement" ("id") VALUES (577);
INSERT INTO "Segment" ("id", "length") VALUES (577, 911);
UPDATE "TrackElement" SET "region" = 350 WHERE "id" = 577;
INSERT INTO "monitoredBy" VALUES (577, 576);
INSERT INTO "TrackElement" ("id") VALUES (578);
INSERT INTO "Segment" ("id", "length") VALUES (578, 394);
UPDATE "TrackElement" SET "region" = 350 WHERE "id" = 578;
INSERT INTO "monitoredBy" VALUES (578, 576);
INSERT INTO "TrackElement" ("id") VALUES (579);
INSERT INTO "Segment" ("id", "length") VALUES (579, 268);
UPDATE "TrackElement" SET "region" = 350 WHERE "id" = 579;
INSERT INTO "monitoredBy" VALUES (579, 576);
INSERT INTO "TrackElement" ("id") VALUES (580);
INSERT INTO "Segment" ("id", "length") VALUES (580, 468);
UPDATE "TrackElement" SET "region" = 350 WHERE "id" = 580;
INSERT INTO "monitoredBy" VALUES (580, 576);
INSERT INTO "TrackElement" ("id") VALUES (581);
INSERT INTO "Segment" ("id", "length") VALUES (581, 781);
UPDATE "TrackElement" SET "region" = 350 WHERE "id" = 581;
INSERT INTO "monitoredBy" VALUES (581, 576);
UPDATE "Switch" SET "currentPosition" = 2 WHERE "id" = 527;
INSERT INTO "SwitchPosition" ("id", "position", "target") VALUES (582, 2, 527);
UPDATE "SwitchPosition" SET "route" = 349 WHERE "id" = 582;
INSERT INTO "TrackElement" ("id") VALUES (583);
INSERT INTO "Switch" ("id") VALUES (583);
UPDATE "TrackElement" SET "region" = 350 WHERE "id" = 583;
INSERT INTO "Sensor" ("id") VALUES (584);
UPDATE "Sensor" SET "region" = 350 WHERE "id" = 584;
INSERT INTO "monitoredBy" VALUES (583, 584);
INSERT INTO "requires" VALUES (349, 584);
INSERT INTO "TrackElement" ("id") VALUES (585);
INSERT INTO "Segment" ("id", "length") VALUES (585, 666);
UPDATE "TrackElement" SET "region" = 350 WHERE "id" = 585;
INSERT INTO "monitoredBy" VALUES (585, 584);
INSERT INTO "TrackElement" ("id") VALUES (586);
INSERT INTO "Segment" ("id", "length") VALUES (586, 464);
UPDATE "TrackElement" SET "region" = 350 WHERE "id" = 586;
INSERT INTO "monitoredBy" VALUES (586, 584);
INSERT INTO "TrackElement" ("id") VALUES (587);
INSERT INTO "Segment" ("id", "length") VALUES (587, 375);
UPDATE "TrackElement" SET "region" = 350 WHERE "id" = 587;
INSERT INTO "monitoredBy" VALUES (587, 584);
INSERT INTO "TrackElement" ("id") VALUES (588);
INSERT INTO "Segment" ("id", "length") VALUES (588, 825);
UPDATE "TrackElement" SET "region" = 350 WHERE "id" = 588;
INSERT INTO "monitoredBy" VALUES (588, 584);
INSERT INTO "TrackElement" ("id") VALUES (589);
INSERT INTO "Segment" ("id", "length") VALUES (589, 741);
UPDATE "TrackElement" SET "region" = 350 WHERE "id" = 589;
INSERT INTO "monitoredBy" VALUES (589, 584);
INSERT INTO "Sensor" ("id") VALUES (590);
UPDATE "Sensor" SET "region" = 350 WHERE "id" = 590;
INSERT INTO "monitoredBy" VALUES (583, 590);
INSERT INTO "requires" VALUES (349, 590);
INSERT INTO "TrackElement" ("id") VALUES (591);
INSERT INTO "Segment" ("id", "length") VALUES (591, 236);
UPDATE "TrackElement" SET "region" = 350 WHERE "id" = 591;
INSERT INTO "monitoredBy" VALUES (591, 590);
INSERT INTO "TrackElement" ("id") VALUES (592);
INSERT INTO "Segment" ("id", "length") VALUES (592, 420);
UPDATE "TrackElement" SET "region" = 350 WHERE "id" = 592;
INSERT INTO "monitoredBy" VALUES (592, 590);
INSERT INTO "TrackElement" ("id") VALUES (593);
INSERT INTO "Segment" ("id", "length") VALUES (593, 855);
UPDATE "TrackElement" SET "region" = 350 WHERE "id" = 593;
INSERT INTO "monitoredBy" VALUES (593, 590);
INSERT INTO "TrackElement" ("id") VALUES (594);
INSERT INTO "Segment" ("id", "length") VALUES (594, 856);
UPDATE "TrackElement" SET "region" = 350 WHERE "id" = 594;
INSERT INTO "monitoredBy" VALUES (594, 590);
INSERT INTO "TrackElement" ("id") VALUES (595);
INSERT INTO "Segment" ("id", "length") VALUES (595, 320);
UPDATE "TrackElement" SET "region" = 350 WHERE "id" = 595;
INSERT INTO "monitoredBy" VALUES (595, 590);
INSERT INTO "Sensor" ("id") VALUES (596);
UPDATE "Sensor" SET "region" = 350 WHERE "id" = 596;
INSERT INTO "monitoredBy" VALUES (583, 596);
INSERT INTO "requires" VALUES (349, 596);
INSERT INTO "TrackElement" ("id") VALUES (597);
INSERT INTO "Segment" ("id", "length") VALUES (597, 78);
UPDATE "TrackElement" SET "region" = 350 WHERE "id" = 597;
INSERT INTO "monitoredBy" VALUES (597, 596);
INSERT INTO "TrackElement" ("id") VALUES (598);
INSERT INTO "Segment" ("id", "length") VALUES (598, 58);
UPDATE "TrackElement" SET "region" = 350 WHERE "id" = 598;
INSERT INTO "monitoredBy" VALUES (598, 596);
INSERT INTO "TrackElement" ("id") VALUES (599);
INSERT INTO "Segment" ("id", "length") VALUES (599, 959);
UPDATE "TrackElement" SET "region" = 350 WHERE "id" = 599;
INSERT INTO "monitoredBy" VALUES (599, 596);
INSERT INTO "TrackElement" ("id") VALUES (600);
INSERT INTO "Segment" ("id", "length") VALUES (600, 633);
UPDATE "TrackElement" SET "region" = 350 WHERE "id" = 600;
INSERT INTO "monitoredBy" VALUES (600, 596);
INSERT INTO "TrackElement" ("id") VALUES (601);
INSERT INTO "Segment" ("id", "length") VALUES (601, 244);
UPDATE "TrackElement" SET "region" = 350 WHERE "id" = 601;
INSERT INTO "monitoredBy" VALUES (601, 596);
INSERT INTO "Sensor" ("id") VALUES (602);
UPDATE "Sensor" SET "region" = 350 WHERE "id" = 602;
INSERT INTO "monitoredBy" VALUES (583, 602);
INSERT INTO "requires" VALUES (349, 602);
INSERT INTO "TrackElement" ("id") VALUES (603);
INSERT INTO "Segment" ("id", "length") VALUES (603, 830);
UPDATE "TrackElement" SET "region" = 350 WHERE "id" = 603;
INSERT INTO "monitoredBy" VALUES (603, 602);
INSERT INTO "TrackElement" ("id") VALUES (604);
INSERT INTO "Segment" ("id", "length") VALUES (604, 40);
UPDATE "TrackElement" SET "region" = 350 WHERE "id" = 604;
INSERT INTO "monitoredBy" VALUES (604, 602);
INSERT INTO "TrackElement" ("id") VALUES (605);
INSERT INTO "Segment" ("id", "length") VALUES (605, 534);
UPDATE "TrackElement" SET "region" = 350 WHERE "id" = 605;
INSERT INTO "monitoredBy" VALUES (605, 602);
INSERT INTO "TrackElement" ("id") VALUES (606);
INSERT INTO "Segment" ("id", "length") VALUES (606, 945);
UPDATE "TrackElement" SET "region" = 350 WHERE "id" = 606;
INSERT INTO "monitoredBy" VALUES (606, 602);
INSERT INTO "TrackElement" ("id") VALUES (607);
INSERT INTO "Segment" ("id", "length") VALUES (607, 997);
UPDATE "TrackElement" SET "region" = 350 WHERE "id" = 607;
INSERT INTO "monitoredBy" VALUES (607, 602);
INSERT INTO "Sensor" ("id") VALUES (608);
UPDATE "Sensor" SET "region" = 350 WHERE "id" = 608;
INSERT INTO "monitoredBy" VALUES (583, 608);
INSERT INTO "requires" VALUES (349, 608);
INSERT INTO "TrackElement" ("id") VALUES (609);
INSERT INTO "Segment" ("id", "length") VALUES (609, 142);
UPDATE "TrackElement" SET "region" = 350 WHERE "id" = 609;
INSERT INTO "monitoredBy" VALUES (609, 608);
INSERT INTO "TrackElement" ("id") VALUES (610);
INSERT INTO "Segment" ("id", "length") VALUES (610, 275);
UPDATE "TrackElement" SET "region" = 350 WHERE "id" = 610;
INSERT INTO "monitoredBy" VALUES (610, 608);
INSERT INTO "TrackElement" ("id") VALUES (611);
INSERT INTO "Segment" ("id", "length") VALUES (611, 382);
UPDATE "TrackElement" SET "region" = 350 WHERE "id" = 611;
INSERT INTO "monitoredBy" VALUES (611, 608);
INSERT INTO "TrackElement" ("id") VALUES (612);
INSERT INTO "Segment" ("id", "length") VALUES (612, 557);
UPDATE "TrackElement" SET "region" = 350 WHERE "id" = 612;
INSERT INTO "monitoredBy" VALUES (612, 608);
INSERT INTO "TrackElement" ("id") VALUES (613);
INSERT INTO "Segment" ("id", "length") VALUES (613, 165);
UPDATE "TrackElement" SET "region" = 350 WHERE "id" = 613;
INSERT INTO "monitoredBy" VALUES (613, 608);
UPDATE "Switch" SET "currentPosition" = 2 WHERE "id" = 583;
INSERT INTO "SwitchPosition" ("id", "position", "target") VALUES (614, 2, 583);
UPDATE "SwitchPosition" SET "route" = 349 WHERE "id" = 614;
INSERT INTO "TrackElement" ("id") VALUES (615);
INSERT INTO "Switch" ("id") VALUES (615);
UPDATE "TrackElement" SET "region" = 350 WHERE "id" = 615;
INSERT INTO "Sensor" ("id") VALUES (616);
UPDATE "Sensor" SET "region" = 350 WHERE "id" = 616;
INSERT INTO "monitoredBy" VALUES (615, 616);
INSERT INTO "requires" VALUES (349, 616);
INSERT INTO "TrackElement" ("id") VALUES (617);
INSERT INTO "Segment" ("id", "length") VALUES (617, 205);
UPDATE "TrackElement" SET "region" = 350 WHERE "id" = 617;
INSERT INTO "monitoredBy" VALUES (617, 616);
INSERT INTO "TrackElement" ("id") VALUES (618);
INSERT INTO "Segment" ("id", "length") VALUES (618, 144);
UPDATE "TrackElement" SET "region" = 350 WHERE "id" = 618;
INSERT INTO "monitoredBy" VALUES (618, 616);
INSERT INTO "TrackElement" ("id") VALUES (619);
INSERT INTO "Segment" ("id", "length") VALUES (619, 770);
UPDATE "TrackElement" SET "region" = 350 WHERE "id" = 619;
INSERT INTO "monitoredBy" VALUES (619, 616);
INSERT INTO "TrackElement" ("id") VALUES (620);
INSERT INTO "Segment" ("id", "length") VALUES (620, 113);
UPDATE "TrackElement" SET "region" = 350 WHERE "id" = 620;
INSERT INTO "monitoredBy" VALUES (620, 616);
INSERT INTO "TrackElement" ("id") VALUES (621);
INSERT INTO "Segment" ("id", "length") VALUES (621, 575);
UPDATE "TrackElement" SET "region" = 350 WHERE "id" = 621;
INSERT INTO "monitoredBy" VALUES (621, 616);
UPDATE "Switch" SET "currentPosition" = 1 WHERE "id" = 615;
INSERT INTO "SwitchPosition" ("id", "position", "target") VALUES (622, 1, 615);
UPDATE "SwitchPosition" SET "route" = 349 WHERE "id" = 622;
INSERT INTO "TrackElement" ("id") VALUES (623);
INSERT INTO "Switch" ("id") VALUES (623);
UPDATE "TrackElement" SET "region" = 350 WHERE "id" = 623;
INSERT INTO "Sensor" ("id") VALUES (624);
UPDATE "Sensor" SET "region" = 350 WHERE "id" = 624;
INSERT INTO "monitoredBy" VALUES (623, 624);
INSERT INTO "requires" VALUES (349, 624);
INSERT INTO "TrackElement" ("id") VALUES (625);
INSERT INTO "Segment" ("id", "length") VALUES (625, 452);
UPDATE "TrackElement" SET "region" = 350 WHERE "id" = 625;
INSERT INTO "monitoredBy" VALUES (625, 624);
INSERT INTO "TrackElement" ("id") VALUES (626);
INSERT INTO "Segment" ("id", "length") VALUES (626, 900);
UPDATE "TrackElement" SET "region" = 350 WHERE "id" = 626;
INSERT INTO "monitoredBy" VALUES (626, 624);
INSERT INTO "TrackElement" ("id") VALUES (627);
INSERT INTO "Segment" ("id", "length") VALUES (627, 552);
UPDATE "TrackElement" SET "region" = 350 WHERE "id" = 627;
INSERT INTO "monitoredBy" VALUES (627, 624);
INSERT INTO "TrackElement" ("id") VALUES (628);
INSERT INTO "Segment" ("id", "length") VALUES (628, 411);
UPDATE "TrackElement" SET "region" = 350 WHERE "id" = 628;
INSERT INTO "monitoredBy" VALUES (628, 624);
INSERT INTO "TrackElement" ("id") VALUES (629);
INSERT INTO "Segment" ("id", "length") VALUES (629, 664);
UPDATE "TrackElement" SET "region" = 350 WHERE "id" = 629;
INSERT INTO "monitoredBy" VALUES (629, 624);
INSERT INTO "Sensor" ("id") VALUES (630);
UPDATE "Sensor" SET "region" = 350 WHERE "id" = 630;
INSERT INTO "monitoredBy" VALUES (623, 630);
INSERT INTO "requires" VALUES (349, 630);
INSERT INTO "TrackElement" ("id") VALUES (631);
INSERT INTO "Segment" ("id", "length") VALUES (631, 453);
UPDATE "TrackElement" SET "region" = 350 WHERE "id" = 631;
INSERT INTO "monitoredBy" VALUES (631, 630);
INSERT INTO "TrackElement" ("id") VALUES (632);
INSERT INTO "Segment" ("id", "length") VALUES (632, 599);
UPDATE "TrackElement" SET "region" = 350 WHERE "id" = 632;
INSERT INTO "monitoredBy" VALUES (632, 630);
INSERT INTO "TrackElement" ("id") VALUES (633);
INSERT INTO "Segment" ("id", "length") VALUES (633, 616);
UPDATE "TrackElement" SET "region" = 350 WHERE "id" = 633;
INSERT INTO "monitoredBy" VALUES (633, 630);
INSERT INTO "TrackElement" ("id") VALUES (634);
INSERT INTO "Segment" ("id", "length") VALUES (634, 714);
UPDATE "TrackElement" SET "region" = 350 WHERE "id" = 634;
INSERT INTO "monitoredBy" VALUES (634, 630);
INSERT INTO "TrackElement" ("id") VALUES (635);
INSERT INTO "Segment" ("id", "length") VALUES (635, 758);
UPDATE "TrackElement" SET "region" = 350 WHERE "id" = 635;
INSERT INTO "monitoredBy" VALUES (635, 630);
INSERT INTO "Sensor" ("id") VALUES (636);
UPDATE "Sensor" SET "region" = 350 WHERE "id" = 636;
INSERT INTO "monitoredBy" VALUES (623, 636);
INSERT INTO "requires" VALUES (349, 636);
INSERT INTO "TrackElement" ("id") VALUES (637);
INSERT INTO "Segment" ("id", "length") VALUES (637, 357);
UPDATE "TrackElement" SET "region" = 350 WHERE "id" = 637;
INSERT INTO "monitoredBy" VALUES (637, 636);
INSERT INTO "TrackElement" ("id") VALUES (638);
INSERT INTO "Segment" ("id", "length") VALUES (638, 604);
UPDATE "TrackElement" SET "region" = 350 WHERE "id" = 638;
INSERT INTO "monitoredBy" VALUES (638, 636);
INSERT INTO "TrackElement" ("id") VALUES (639);
INSERT INTO "Segment" ("id", "length") VALUES (639, 492);
UPDATE "TrackElement" SET "region" = 350 WHERE "id" = 639;
INSERT INTO "monitoredBy" VALUES (639, 636);
INSERT INTO "TrackElement" ("id") VALUES (640);
INSERT INTO "Segment" ("id", "length") VALUES (640, 37);
UPDATE "TrackElement" SET "region" = 350 WHERE "id" = 640;
INSERT INTO "monitoredBy" VALUES (640, 636);
INSERT INTO "TrackElement" ("id") VALUES (641);
INSERT INTO "Segment" ("id", "length") VALUES (641, 427);
UPDATE "TrackElement" SET "region" = 350 WHERE "id" = 641;
INSERT INTO "monitoredBy" VALUES (641, 636);
INSERT INTO "Sensor" ("id") VALUES (642);
UPDATE "Sensor" SET "region" = 350 WHERE "id" = 642;
INSERT INTO "monitoredBy" VALUES (623, 642);
INSERT INTO "requires" VALUES (349, 642);
INSERT INTO "TrackElement" ("id") VALUES (643);
INSERT INTO "Segment" ("id", "length") VALUES (643, 881);
UPDATE "TrackElement" SET "region" = 350 WHERE "id" = 643;
INSERT INTO "monitoredBy" VALUES (643, 642);
INSERT INTO "TrackElement" ("id") VALUES (644);
INSERT INTO "Segment" ("id", "length") VALUES (644, 902);
UPDATE "TrackElement" SET "region" = 350 WHERE "id" = 644;
INSERT INTO "monitoredBy" VALUES (644, 642);
INSERT INTO "TrackElement" ("id") VALUES (645);
INSERT INTO "Segment" ("id", "length") VALUES (645, 47);
UPDATE "TrackElement" SET "region" = 350 WHERE "id" = 645;
INSERT INTO "monitoredBy" VALUES (645, 642);
INSERT INTO "TrackElement" ("id") VALUES (646);
INSERT INTO "Segment" ("id", "length") VALUES (646, 195);
UPDATE "TrackElement" SET "region" = 350 WHERE "id" = 646;
INSERT INTO "monitoredBy" VALUES (646, 642);
INSERT INTO "TrackElement" ("id") VALUES (647);
INSERT INTO "Segment" ("id", "length") VALUES (647, 735);
UPDATE "TrackElement" SET "region" = 350 WHERE "id" = 647;
INSERT INTO "monitoredBy" VALUES (647, 642);
INSERT INTO "Sensor" ("id") VALUES (648);
UPDATE "Sensor" SET "region" = 350 WHERE "id" = 648;
INSERT INTO "monitoredBy" VALUES (623, 648);
INSERT INTO "requires" VALUES (349, 648);
INSERT INTO "TrackElement" ("id") VALUES (649);
INSERT INTO "Segment" ("id", "length") VALUES (649, 942);
UPDATE "TrackElement" SET "region" = 350 WHERE "id" = 649;
INSERT INTO "monitoredBy" VALUES (649, 648);
INSERT INTO "TrackElement" ("id") VALUES (650);
INSERT INTO "Segment" ("id", "length") VALUES (650, 403);
UPDATE "TrackElement" SET "region" = 350 WHERE "id" = 650;
INSERT INTO "monitoredBy" VALUES (650, 648);
INSERT INTO "TrackElement" ("id") VALUES (651);
INSERT INTO "Segment" ("id", "length") VALUES (651, 615);
UPDATE "TrackElement" SET "region" = 350 WHERE "id" = 651;
INSERT INTO "monitoredBy" VALUES (651, 648);
INSERT INTO "TrackElement" ("id") VALUES (652);
INSERT INTO "Segment" ("id", "length") VALUES (652, 887);
UPDATE "TrackElement" SET "region" = 350 WHERE "id" = 652;
INSERT INTO "monitoredBy" VALUES (652, 648);
INSERT INTO "TrackElement" ("id") VALUES (653);
INSERT INTO "Segment" ("id", "length") VALUES (653, 387);
UPDATE "TrackElement" SET "region" = 350 WHERE "id" = 653;
INSERT INTO "monitoredBy" VALUES (653, 648);
INSERT INTO "Sensor" ("id") VALUES (654);
UPDATE "Sensor" SET "region" = 350 WHERE "id" = 654;
INSERT INTO "monitoredBy" VALUES (623, 654);
INSERT INTO "requires" VALUES (349, 654);
INSERT INTO "TrackElement" ("id") VALUES (655);
INSERT INTO "Segment" ("id", "length") VALUES (655, 285);
UPDATE "TrackElement" SET "region" = 350 WHERE "id" = 655;
INSERT INTO "monitoredBy" VALUES (655, 654);
INSERT INTO "TrackElement" ("id") VALUES (656);
INSERT INTO "Segment" ("id", "length") VALUES (656, 889);
UPDATE "TrackElement" SET "region" = 350 WHERE "id" = 656;
INSERT INTO "monitoredBy" VALUES (656, 654);
INSERT INTO "TrackElement" ("id") VALUES (657);
INSERT INTO "Segment" ("id", "length") VALUES (657, 87);
UPDATE "TrackElement" SET "region" = 350 WHERE "id" = 657;
INSERT INTO "monitoredBy" VALUES (657, 654);
INSERT INTO "TrackElement" ("id") VALUES (658);
INSERT INTO "Segment" ("id", "length") VALUES (658, 271);
UPDATE "TrackElement" SET "region" = 350 WHERE "id" = 658;
INSERT INTO "monitoredBy" VALUES (658, 654);
INSERT INTO "TrackElement" ("id") VALUES (659);
INSERT INTO "Segment" ("id", "length") VALUES (659, 432);
UPDATE "TrackElement" SET "region" = 350 WHERE "id" = 659;
INSERT INTO "monitoredBy" VALUES (659, 654);
INSERT INTO "Sensor" ("id") VALUES (660);
UPDATE "Sensor" SET "region" = 350 WHERE "id" = 660;
INSERT INTO "monitoredBy" VALUES (623, 660);
INSERT INTO "requires" VALUES (349, 660);
INSERT INTO "TrackElement" ("id") VALUES (661);
INSERT INTO "Segment" ("id", "length") VALUES (661, 11);
UPDATE "TrackElement" SET "region" = 350 WHERE "id" = 661;
INSERT INTO "monitoredBy" VALUES (661, 660);
INSERT INTO "TrackElement" ("id") VALUES (662);
INSERT INTO "Segment" ("id", "length") VALUES (662, 153);
UPDATE "TrackElement" SET "region" = 350 WHERE "id" = 662;
INSERT INTO "monitoredBy" VALUES (662, 660);
INSERT INTO "TrackElement" ("id") VALUES (663);
INSERT INTO "Segment" ("id", "length") VALUES (663, 444);
UPDATE "TrackElement" SET "region" = 350 WHERE "id" = 663;
INSERT INTO "monitoredBy" VALUES (663, 660);
INSERT INTO "TrackElement" ("id") VALUES (664);
INSERT INTO "Segment" ("id", "length") VALUES (664, 576);
UPDATE "TrackElement" SET "region" = 350 WHERE "id" = 664;
INSERT INTO "monitoredBy" VALUES (664, 660);
INSERT INTO "TrackElement" ("id") VALUES (665);
INSERT INTO "Segment" ("id", "length") VALUES (665, 11);
UPDATE "TrackElement" SET "region" = 350 WHERE "id" = 665;
INSERT INTO "monitoredBy" VALUES (665, 660);
INSERT INTO "Sensor" ("id") VALUES (666);
UPDATE "Sensor" SET "region" = 350 WHERE "id" = 666;
INSERT INTO "monitoredBy" VALUES (623, 666);
INSERT INTO "requires" VALUES (349, 666);
INSERT INTO "TrackElement" ("id") VALUES (667);
INSERT INTO "Segment" ("id", "length") VALUES (667, 229);
UPDATE "TrackElement" SET "region" = 350 WHERE "id" = 667;
INSERT INTO "monitoredBy" VALUES (667, 666);
INSERT INTO "TrackElement" ("id") VALUES (668);
INSERT INTO "Segment" ("id", "length") VALUES (668, 541);
UPDATE "TrackElement" SET "region" = 350 WHERE "id" = 668;
INSERT INTO "monitoredBy" VALUES (668, 666);
INSERT INTO "TrackElement" ("id") VALUES (669);
INSERT INTO "Segment" ("id", "length") VALUES (669, 924);
UPDATE "TrackElement" SET "region" = 350 WHERE "id" = 669;
INSERT INTO "monitoredBy" VALUES (669, 666);
INSERT INTO "TrackElement" ("id") VALUES (670);
INSERT INTO "Segment" ("id", "length") VALUES (670, 801);
UPDATE "TrackElement" SET "region" = 350 WHERE "id" = 670;
INSERT INTO "monitoredBy" VALUES (670, 666);
INSERT INTO "TrackElement" ("id") VALUES (671);
INSERT INTO "Segment" ("id", "length") VALUES (671, 887);
UPDATE "TrackElement" SET "region" = 350 WHERE "id" = 671;
INSERT INTO "monitoredBy" VALUES (671, 666);
INSERT INTO "Sensor" ("id") VALUES (672);
UPDATE "Sensor" SET "region" = 350 WHERE "id" = 672;
INSERT INTO "monitoredBy" VALUES (623, 672);
INSERT INTO "requires" VALUES (349, 672);
INSERT INTO "TrackElement" ("id") VALUES (673);
INSERT INTO "Segment" ("id", "length") VALUES (673, 66);
UPDATE "TrackElement" SET "region" = 350 WHERE "id" = 673;
INSERT INTO "monitoredBy" VALUES (673, 672);
INSERT INTO "TrackElement" ("id") VALUES (674);
INSERT INTO "Segment" ("id", "length") VALUES (674, 898);
UPDATE "TrackElement" SET "region" = 350 WHERE "id" = 674;
INSERT INTO "monitoredBy" VALUES (674, 672);
INSERT INTO "TrackElement" ("id") VALUES (675);
INSERT INTO "Segment" ("id", "length") VALUES (675, 660);
UPDATE "TrackElement" SET "region" = 350 WHERE "id" = 675;
INSERT INTO "monitoredBy" VALUES (675, 672);
INSERT INTO "TrackElement" ("id") VALUES (676);
INSERT INTO "Segment" ("id", "length") VALUES (676, 555);
UPDATE "TrackElement" SET "region" = 350 WHERE "id" = 676;
INSERT INTO "monitoredBy" VALUES (676, 672);
INSERT INTO "TrackElement" ("id") VALUES (677);
INSERT INTO "Segment" ("id", "length") VALUES (677, 559);
UPDATE "TrackElement" SET "region" = 350 WHERE "id" = 677;
INSERT INTO "monitoredBy" VALUES (677, 672);
UPDATE "Switch" SET "currentPosition" = 0 WHERE "id" = 623;
INSERT INTO "SwitchPosition" ("id", "position", "target") VALUES (678, 0, 623);
UPDATE "SwitchPosition" SET "route" = 349 WHERE "id" = 678;
INSERT INTO "TrackElement" ("id") VALUES (679);
INSERT INTO "Switch" ("id") VALUES (679);
UPDATE "TrackElement" SET "region" = 350 WHERE "id" = 679;
INSERT INTO "Sensor" ("id") VALUES (680);
UPDATE "Sensor" SET "region" = 350 WHERE "id" = 680;
INSERT INTO "monitoredBy" VALUES (679, 680);
INSERT INTO "requires" VALUES (349, 680);
INSERT INTO "TrackElement" ("id") VALUES (681);
INSERT INTO "Segment" ("id", "length") VALUES (681, 734);
UPDATE "TrackElement" SET "region" = 350 WHERE "id" = 681;
INSERT INTO "monitoredBy" VALUES (681, 680);
INSERT INTO "TrackElement" ("id") VALUES (682);
INSERT INTO "Segment" ("id", "length") VALUES (682, 720);
UPDATE "TrackElement" SET "region" = 350 WHERE "id" = 682;
INSERT INTO "monitoredBy" VALUES (682, 680);
INSERT INTO "TrackElement" ("id") VALUES (683);
INSERT INTO "Segment" ("id", "length") VALUES (683, 382);
UPDATE "TrackElement" SET "region" = 350 WHERE "id" = 683;
INSERT INTO "monitoredBy" VALUES (683, 680);
INSERT INTO "TrackElement" ("id") VALUES (684);
INSERT INTO "Segment" ("id", "length") VALUES (684, 79);
UPDATE "TrackElement" SET "region" = 350 WHERE "id" = 684;
INSERT INTO "monitoredBy" VALUES (684, 680);
INSERT INTO "TrackElement" ("id") VALUES (685);
INSERT INTO "Segment" ("id", "length") VALUES (685, 538);
UPDATE "TrackElement" SET "region" = 350 WHERE "id" = 685;
INSERT INTO "monitoredBy" VALUES (685, 680);
INSERT INTO "Sensor" ("id") VALUES (686);
UPDATE "Sensor" SET "region" = 350 WHERE "id" = 686;
INSERT INTO "monitoredBy" VALUES (679, 686);
INSERT INTO "requires" VALUES (349, 686);
INSERT INTO "TrackElement" ("id") VALUES (687);
INSERT INTO "Segment" ("id", "length") VALUES (687, 618);
UPDATE "TrackElement" SET "region" = 350 WHERE "id" = 687;
INSERT INTO "monitoredBy" VALUES (687, 686);
INSERT INTO "TrackElement" ("id") VALUES (688);
INSERT INTO "Segment" ("id", "length") VALUES (688, 132);
UPDATE "TrackElement" SET "region" = 350 WHERE "id" = 688;
INSERT INTO "monitoredBy" VALUES (688, 686);
INSERT INTO "TrackElement" ("id") VALUES (689);
INSERT INTO "Segment" ("id", "length") VALUES (689, 133);
UPDATE "TrackElement" SET "region" = 350 WHERE "id" = 689;
INSERT INTO "monitoredBy" VALUES (689, 686);
INSERT INTO "TrackElement" ("id") VALUES (690);
INSERT INTO "Segment" ("id", "length") VALUES (690, 108);
UPDATE "TrackElement" SET "region" = 350 WHERE "id" = 690;
INSERT INTO "monitoredBy" VALUES (690, 686);
INSERT INTO "TrackElement" ("id") VALUES (691);
INSERT INTO "Segment" ("id", "length") VALUES (691, 563);
UPDATE "TrackElement" SET "region" = 350 WHERE "id" = 691;
INSERT INTO "monitoredBy" VALUES (691, 686);
INSERT INTO "Sensor" ("id") VALUES (692);
UPDATE "Sensor" SET "region" = 350 WHERE "id" = 692;
INSERT INTO "monitoredBy" VALUES (679, 692);
INSERT INTO "requires" VALUES (349, 692);
INSERT INTO "TrackElement" ("id") VALUES (693);
INSERT INTO "Segment" ("id", "length") VALUES (693, 81);
UPDATE "TrackElement" SET "region" = 350 WHERE "id" = 693;
INSERT INTO "monitoredBy" VALUES (693, 692);
INSERT INTO "TrackElement" ("id") VALUES (694);
INSERT INTO "Segment" ("id", "length") VALUES (694, 832);
UPDATE "TrackElement" SET "region" = 350 WHERE "id" = 694;
INSERT INTO "monitoredBy" VALUES (694, 692);
INSERT INTO "TrackElement" ("id") VALUES (695);
INSERT INTO "Segment" ("id", "length") VALUES (695, 45);
UPDATE "TrackElement" SET "region" = 350 WHERE "id" = 695;
INSERT INTO "monitoredBy" VALUES (695, 692);
INSERT INTO "TrackElement" ("id") VALUES (696);
INSERT INTO "Segment" ("id", "length") VALUES (696, 843);
UPDATE "TrackElement" SET "region" = 350 WHERE "id" = 696;
INSERT INTO "monitoredBy" VALUES (696, 692);
INSERT INTO "TrackElement" ("id") VALUES (697);
INSERT INTO "Segment" ("id", "length") VALUES (697, 943);
UPDATE "TrackElement" SET "region" = 350 WHERE "id" = 697;
INSERT INTO "monitoredBy" VALUES (697, 692);
INSERT INTO "Sensor" ("id") VALUES (698);
UPDATE "Sensor" SET "region" = 350 WHERE "id" = 698;
INSERT INTO "monitoredBy" VALUES (679, 698);
INSERT INTO "requires" VALUES (349, 698);
INSERT INTO "TrackElement" ("id") VALUES (699);
INSERT INTO "Segment" ("id", "length") VALUES (699, 354);
UPDATE "TrackElement" SET "region" = 350 WHERE "id" = 699;
INSERT INTO "monitoredBy" VALUES (699, 698);
INSERT INTO "TrackElement" ("id") VALUES (700);
INSERT INTO "Segment" ("id", "length") VALUES (700, 455);
UPDATE "TrackElement" SET "region" = 350 WHERE "id" = 700;
INSERT INTO "monitoredBy" VALUES (700, 698);
INSERT INTO "TrackElement" ("id") VALUES (701);
INSERT INTO "Segment" ("id", "length") VALUES (701, 272);
UPDATE "TrackElement" SET "region" = 350 WHERE "id" = 701;
INSERT INTO "monitoredBy" VALUES (701, 698);
INSERT INTO "TrackElement" ("id") VALUES (702);
INSERT INTO "Segment" ("id", "length") VALUES (702, 655);
UPDATE "TrackElement" SET "region" = 350 WHERE "id" = 702;
INSERT INTO "monitoredBy" VALUES (702, 698);
INSERT INTO "TrackElement" ("id") VALUES (703);
INSERT INTO "Segment" ("id", "length") VALUES (703, 411);
UPDATE "TrackElement" SET "region" = 350 WHERE "id" = 703;
INSERT INTO "monitoredBy" VALUES (703, 698);
INSERT INTO "Sensor" ("id") VALUES (704);
UPDATE "Sensor" SET "region" = 350 WHERE "id" = 704;
INSERT INTO "monitoredBy" VALUES (679, 704);
INSERT INTO "requires" VALUES (349, 704);
INSERT INTO "TrackElement" ("id") VALUES (705);
INSERT INTO "Segment" ("id", "length") VALUES (705, 867);
UPDATE "TrackElement" SET "region" = 350 WHERE "id" = 705;
INSERT INTO "monitoredBy" VALUES (705, 704);
INSERT INTO "TrackElement" ("id") VALUES (706);
INSERT INTO "Segment" ("id", "length") VALUES (706, 212);
UPDATE "TrackElement" SET "region" = 350 WHERE "id" = 706;
INSERT INTO "monitoredBy" VALUES (706, 704);
INSERT INTO "TrackElement" ("id") VALUES (707);
INSERT INTO "Segment" ("id", "length") VALUES (707, 546);
UPDATE "TrackElement" SET "region" = 350 WHERE "id" = 707;
INSERT INTO "monitoredBy" VALUES (707, 704);
INSERT INTO "TrackElement" ("id") VALUES (708);
INSERT INTO "Segment" ("id", "length") VALUES (708, 570);
UPDATE "TrackElement" SET "region" = 350 WHERE "id" = 708;
INSERT INTO "monitoredBy" VALUES (708, 704);
INSERT INTO "TrackElement" ("id") VALUES (709);
INSERT INTO "Segment" ("id", "length") VALUES (709, 399);
UPDATE "TrackElement" SET "region" = 350 WHERE "id" = 709;
INSERT INTO "monitoredBy" VALUES (709, 704);
INSERT INTO "Sensor" ("id") VALUES (710);
UPDATE "Sensor" SET "region" = 350 WHERE "id" = 710;
INSERT INTO "monitoredBy" VALUES (679, 710);
INSERT INTO "requires" VALUES (349, 710);
INSERT INTO "TrackElement" ("id") VALUES (711);
INSERT INTO "Segment" ("id", "length") VALUES (711, 645);
UPDATE "TrackElement" SET "region" = 350 WHERE "id" = 711;
INSERT INTO "monitoredBy" VALUES (711, 710);
INSERT INTO "TrackElement" ("id") VALUES (712);
INSERT INTO "Segment" ("id", "length") VALUES (712, 250);
UPDATE "TrackElement" SET "region" = 350 WHERE "id" = 712;
INSERT INTO "monitoredBy" VALUES (712, 710);
INSERT INTO "TrackElement" ("id") VALUES (713);
INSERT INTO "Segment" ("id", "length") VALUES (713, 344);
UPDATE "TrackElement" SET "region" = 350 WHERE "id" = 713;
INSERT INTO "monitoredBy" VALUES (713, 710);
INSERT INTO "TrackElement" ("id") VALUES (714);
INSERT INTO "Segment" ("id", "length") VALUES (714, 553);
UPDATE "TrackElement" SET "region" = 350 WHERE "id" = 714;
INSERT INTO "monitoredBy" VALUES (714, 710);
INSERT INTO "TrackElement" ("id") VALUES (715);
INSERT INTO "Segment" ("id", "length") VALUES (715, 17);
UPDATE "TrackElement" SET "region" = 350 WHERE "id" = 715;
INSERT INTO "monitoredBy" VALUES (715, 710);
INSERT INTO "Sensor" ("id") VALUES (716);
UPDATE "Sensor" SET "region" = 350 WHERE "id" = 716;
INSERT INTO "monitoredBy" VALUES (679, 716);
INSERT INTO "requires" VALUES (349, 716);
INSERT INTO "TrackElement" ("id") VALUES (717);
INSERT INTO "Segment" ("id", "length") VALUES (717, 643);
UPDATE "TrackElement" SET "region" = 350 WHERE "id" = 717;
INSERT INTO "monitoredBy" VALUES (717, 716);
INSERT INTO "TrackElement" ("id") VALUES (718);
INSERT INTO "Segment" ("id", "length") VALUES (718, 572);
UPDATE "TrackElement" SET "region" = 350 WHERE "id" = 718;
INSERT INTO "monitoredBy" VALUES (718, 716);
INSERT INTO "TrackElement" ("id") VALUES (719);
INSERT INTO "Segment" ("id", "length") VALUES (719, 458);
UPDATE "TrackElement" SET "region" = 350 WHERE "id" = 719;
INSERT INTO "monitoredBy" VALUES (719, 716);
INSERT INTO "TrackElement" ("id") VALUES (720);
INSERT INTO "Segment" ("id", "length") VALUES (720, 261);
UPDATE "TrackElement" SET "region" = 350 WHERE "id" = 720;
INSERT INTO "monitoredBy" VALUES (720, 716);
INSERT INTO "TrackElement" ("id") VALUES (721);
INSERT INTO "Segment" ("id", "length") VALUES (721, 319);
UPDATE "TrackElement" SET "region" = 350 WHERE "id" = 721;
INSERT INTO "monitoredBy" VALUES (721, 716);
UPDATE "Switch" SET "currentPosition" = 2 WHERE "id" = 679;
INSERT INTO "SwitchPosition" ("id", "position", "target") VALUES (722, 2, 679);
UPDATE "SwitchPosition" SET "route" = 349 WHERE "id" = 722;
INSERT INTO "TrackElement" ("id") VALUES (723);
INSERT INTO "Switch" ("id") VALUES (723);
UPDATE "TrackElement" SET "region" = 350 WHERE "id" = 723;
INSERT INTO "Sensor" ("id") VALUES (724);
UPDATE "Sensor" SET "region" = 350 WHERE "id" = 724;
INSERT INTO "monitoredBy" VALUES (723, 724);
INSERT INTO "requires" VALUES (349, 724);
INSERT INTO "TrackElement" ("id") VALUES (725);
INSERT INTO "Segment" ("id", "length") VALUES (725, 27);
UPDATE "TrackElement" SET "region" = 350 WHERE "id" = 725;
INSERT INTO "monitoredBy" VALUES (725, 724);
INSERT INTO "TrackElement" ("id") VALUES (726);
INSERT INTO "Segment" ("id", "length") VALUES (726, 795);
UPDATE "TrackElement" SET "region" = 350 WHERE "id" = 726;
INSERT INTO "monitoredBy" VALUES (726, 724);
INSERT INTO "TrackElement" ("id") VALUES (727);
INSERT INTO "Segment" ("id", "length") VALUES (727, 156);
UPDATE "TrackElement" SET "region" = 350 WHERE "id" = 727;
INSERT INTO "monitoredBy" VALUES (727, 724);
INSERT INTO "TrackElement" ("id") VALUES (728);
INSERT INTO "Segment" ("id", "length") VALUES (728, 479);
UPDATE "TrackElement" SET "region" = 350 WHERE "id" = 728;
INSERT INTO "monitoredBy" VALUES (728, 724);
INSERT INTO "TrackElement" ("id") VALUES (729);
INSERT INTO "Segment" ("id", "length") VALUES (729, 514);
UPDATE "TrackElement" SET "region" = 350 WHERE "id" = 729;
INSERT INTO "monitoredBy" VALUES (729, 724);
INSERT INTO "Sensor" ("id") VALUES (730);
UPDATE "Sensor" SET "region" = 350 WHERE "id" = 730;
INSERT INTO "monitoredBy" VALUES (723, 730);
INSERT INTO "requires" VALUES (349, 730);
INSERT INTO "TrackElement" ("id") VALUES (731);
INSERT INTO "Segment" ("id", "length") VALUES (731, 748);
UPDATE "TrackElement" SET "region" = 350 WHERE "id" = 731;
INSERT INTO "monitoredBy" VALUES (731, 730);
INSERT INTO "TrackElement" ("id") VALUES (732);
INSERT INTO "Segment" ("id", "length") VALUES (732, 899);
UPDATE "TrackElement" SET "region" = 350 WHERE "id" = 732;
INSERT INTO "monitoredBy" VALUES (732, 730);
INSERT INTO "TrackElement" ("id") VALUES (733);
INSERT INTO "Segment" ("id", "length") VALUES (733, 15);
UPDATE "TrackElement" SET "region" = 350 WHERE "id" = 733;
INSERT INTO "monitoredBy" VALUES (733, 730);
INSERT INTO "TrackElement" ("id") VALUES (734);
INSERT INTO "Segment" ("id", "length") VALUES (734, 103);
UPDATE "TrackElement" SET "region" = 350 WHERE "id" = 734;
INSERT INTO "monitoredBy" VALUES (734, 730);
INSERT INTO "TrackElement" ("id") VALUES (735);
INSERT INTO "Segment" ("id", "length") VALUES (735, 623);
UPDATE "TrackElement" SET "region" = 350 WHERE "id" = 735;
INSERT INTO "monitoredBy" VALUES (735, 730);
INSERT INTO "Sensor" ("id") VALUES (736);
UPDATE "Sensor" SET "region" = 350 WHERE "id" = 736;
INSERT INTO "monitoredBy" VALUES (723, 736);
INSERT INTO "requires" VALUES (349, 736);
INSERT INTO "TrackElement" ("id") VALUES (737);
INSERT INTO "Segment" ("id", "length") VALUES (737, 281);
UPDATE "TrackElement" SET "region" = 350 WHERE "id" = 737;
INSERT INTO "monitoredBy" VALUES (737, 736);
INSERT INTO "TrackElement" ("id") VALUES (738);
INSERT INTO "Segment" ("id", "length") VALUES (738, 141);
UPDATE "TrackElement" SET "region" = 350 WHERE "id" = 738;
INSERT INTO "monitoredBy" VALUES (738, 736);
INSERT INTO "TrackElement" ("id") VALUES (739);
INSERT INTO "Segment" ("id", "length") VALUES (739, 53);
UPDATE "TrackElement" SET "region" = 350 WHERE "id" = 739;
INSERT INTO "monitoredBy" VALUES (739, 736);
INSERT INTO "TrackElement" ("id") VALUES (740);
INSERT INTO "Segment" ("id", "length") VALUES (740, 915);
UPDATE "TrackElement" SET "region" = 350 WHERE "id" = 740;
INSERT INTO "monitoredBy" VALUES (740, 736);
INSERT INTO "TrackElement" ("id") VALUES (741);
INSERT INTO "Segment" ("id", "length") VALUES (741, 302);
UPDATE "TrackElement" SET "region" = 350 WHERE "id" = 741;
INSERT INTO "monitoredBy" VALUES (741, 736);
INSERT INTO "Sensor" ("id") VALUES (742);
UPDATE "Sensor" SET "region" = 350 WHERE "id" = 742;
INSERT INTO "monitoredBy" VALUES (723, 742);
INSERT INTO "requires" VALUES (349, 742);
INSERT INTO "TrackElement" ("id") VALUES (743);
INSERT INTO "Segment" ("id", "length") VALUES (743, 145);
UPDATE "TrackElement" SET "region" = 350 WHERE "id" = 743;
INSERT INTO "monitoredBy" VALUES (743, 742);
INSERT INTO "TrackElement" ("id") VALUES (744);
INSERT INTO "Segment" ("id", "length") VALUES (744, 841);
UPDATE "TrackElement" SET "region" = 350 WHERE "id" = 744;
INSERT INTO "monitoredBy" VALUES (744, 742);
INSERT INTO "TrackElement" ("id") VALUES (745);
INSERT INTO "Segment" ("id", "length") VALUES (745, 410);
UPDATE "TrackElement" SET "region" = 350 WHERE "id" = 745;
INSERT INTO "monitoredBy" VALUES (745, 742);
INSERT INTO "TrackElement" ("id") VALUES (746);
INSERT INTO "Segment" ("id", "length") VALUES (746, 653);
UPDATE "TrackElement" SET "region" = 350 WHERE "id" = 746;
INSERT INTO "monitoredBy" VALUES (746, 742);
INSERT INTO "TrackElement" ("id") VALUES (747);
INSERT INTO "Segment" ("id", "length") VALUES (747, 123);
UPDATE "TrackElement" SET "region" = 350 WHERE "id" = 747;
INSERT INTO "monitoredBy" VALUES (747, 742);
INSERT INTO "Sensor" ("id") VALUES (748);
UPDATE "Sensor" SET "region" = 350 WHERE "id" = 748;
INSERT INTO "monitoredBy" VALUES (723, 748);
INSERT INTO "requires" VALUES (349, 748);
INSERT INTO "TrackElement" ("id") VALUES (749);
INSERT INTO "Segment" ("id", "length") VALUES (749, 464);
UPDATE "TrackElement" SET "region" = 350 WHERE "id" = 749;
INSERT INTO "monitoredBy" VALUES (749, 748);
INSERT INTO "TrackElement" ("id") VALUES (750);
INSERT INTO "Segment" ("id", "length") VALUES (750, 236);
UPDATE "TrackElement" SET "region" = 350 WHERE "id" = 750;
INSERT INTO "monitoredBy" VALUES (750, 748);
INSERT INTO "TrackElement" ("id") VALUES (751);
INSERT INTO "Segment" ("id", "length") VALUES (751, 236);
UPDATE "TrackElement" SET "region" = 350 WHERE "id" = 751;
INSERT INTO "monitoredBy" VALUES (751, 748);
INSERT INTO "TrackElement" ("id") VALUES (752);
INSERT INTO "Segment" ("id", "length") VALUES (752, 572);
UPDATE "TrackElement" SET "region" = 350 WHERE "id" = 752;
INSERT INTO "monitoredBy" VALUES (752, 748);
INSERT INTO "TrackElement" ("id") VALUES (753);
INSERT INTO "Segment" ("id", "length") VALUES (753, 647);
UPDATE "TrackElement" SET "region" = 350 WHERE "id" = 753;
INSERT INTO "monitoredBy" VALUES (753, 748);
UPDATE "Switch" SET "currentPosition" = 0 WHERE "id" = 723;
INSERT INTO "SwitchPosition" ("id", "position", "target") VALUES (754, 0, 723);
UPDATE "SwitchPosition" SET "route" = 349 WHERE "id" = 754;
INSERT INTO "connectsTo" VALUES (351, 353);
INSERT INTO "connectsTo" VALUES (353, 354);
INSERT INTO "connectsTo" VALUES (354, 355);
INSERT INTO "connectsTo" VALUES (355, 356);
INSERT INTO "connectsTo" VALUES (356, 357);
INSERT INTO "connectsTo" VALUES (357, 359);
INSERT INTO "connectsTo" VALUES (359, 360);
INSERT INTO "connectsTo" VALUES (360, 361);
INSERT INTO "connectsTo" VALUES (361, 362);
INSERT INTO "connectsTo" VALUES (362, 363);
INSERT INTO "connectsTo" VALUES (363, 365);
INSERT INTO "connectsTo" VALUES (365, 366);
INSERT INTO "connectsTo" VALUES (366, 367);
INSERT INTO "connectsTo" VALUES (367, 368);
INSERT INTO "connectsTo" VALUES (368, 369);
INSERT INTO "connectsTo" VALUES (369, 371);
INSERT INTO "connectsTo" VALUES (371, 372);
INSERT INTO "connectsTo" VALUES (372, 373);
INSERT INTO "connectsTo" VALUES (373, 374);
INSERT INTO "connectsTo" VALUES (374, 375);
INSERT INTO "connectsTo" VALUES (375, 377);
INSERT INTO "connectsTo" VALUES (377, 378);
INSERT INTO "connectsTo" VALUES (378, 379);
INSERT INTO "connectsTo" VALUES (379, 380);
INSERT INTO "connectsTo" VALUES (380, 381);
INSERT INTO "connectsTo" VALUES (381, 383);
INSERT INTO "connectsTo" VALUES (383, 384);
INSERT INTO "connectsTo" VALUES (384, 385);
INSERT INTO "connectsTo" VALUES (385, 386);
INSERT INTO "connectsTo" VALUES (386, 387);
INSERT INTO "connectsTo" VALUES (387, 389);
INSERT INTO "connectsTo" VALUES (389, 390);
INSERT INTO "connectsTo" VALUES (390, 391);
INSERT INTO "connectsTo" VALUES (391, 392);
INSERT INTO "connectsTo" VALUES (392, 393);
INSERT INTO "connectsTo" VALUES (393, 395);
INSERT INTO "connectsTo" VALUES (395, 396);
INSERT INTO "connectsTo" VALUES (396, 397);
INSERT INTO "connectsTo" VALUES (397, 398);
INSERT INTO "connectsTo" VALUES (398, 399);
INSERT INTO "connectsTo" VALUES (399, 401);
INSERT INTO "connectsTo" VALUES (401, 402);
INSERT INTO "connectsTo" VALUES (402, 403);
INSERT INTO "connectsTo" VALUES (403, 404);
INSERT INTO "connectsTo" VALUES (404, 405);
INSERT INTO "connectsTo" VALUES (405, 407);
INSERT INTO "connectsTo" VALUES (407, 409);
INSERT INTO "connectsTo" VALUES (409, 410);
INSERT INTO "connectsTo" VALUES (410, 411);
INSERT INTO "connectsTo" VALUES (411, 412);
INSERT INTO "connectsTo" VALUES (412, 413);
INSERT INTO "connectsTo" VALUES (413, 415);
INSERT INTO "connectsTo" VALUES (415, 416);
INSERT INTO "connectsTo" VALUES (416, 417);
INSERT INTO "connectsTo" VALUES (417, 418);
INSERT INTO "connectsTo" VALUES (418, 419);
INSERT INTO "connectsTo" VALUES (419, 421);
INSERT INTO "connectsTo" VALUES (421, 422);
INSERT INTO "connectsTo" VALUES (422, 423);
INSERT INTO "connectsTo" VALUES (423, 424);
INSERT INTO "connectsTo" VALUES (424, 425);
INSERT INTO "connectsTo" VALUES (425, 427);
INSERT INTO "connectsTo" VALUES (427, 428);
INSERT INTO "connectsTo" VALUES (428, 429);
INSERT INTO "connectsTo" VALUES (429, 430);
INSERT INTO "connectsTo" VALUES (430, 431);
INSERT INTO "connectsTo" VALUES (431, 433);
INSERT INTO "connectsTo" VALUES (433, 434);
INSERT INTO "connectsTo" VALUES (434, 435);
INSERT INTO "connectsTo" VALUES (435, 436);
INSERT INTO "connectsTo" VALUES (436, 437);
INSERT INTO "connectsTo" VALUES (437, 439);
INSERT INTO "connectsTo" VALUES (439, 440);
INSERT INTO "connectsTo" VALUES (440, 441);
INSERT INTO "connectsTo" VALUES (441, 442);
INSERT INTO "connectsTo" VALUES (442, 443);
INSERT INTO "connectsTo" VALUES (443, 445);
INSERT INTO "connectsTo" VALUES (445, 446);
INSERT INTO "connectsTo" VALUES (446, 447);
INSERT INTO "connectsTo" VALUES (447, 448);
INSERT INTO "connectsTo" VALUES (448, 449);
INSERT INTO "connectsTo" VALUES (449, 451);
INSERT INTO "connectsTo" VALUES (451, 452);
INSERT INTO "connectsTo" VALUES (452, 453);
INSERT INTO "connectsTo" VALUES (453, 454);
INSERT INTO "connectsTo" VALUES (454, 455);
INSERT INTO "connectsTo" VALUES (455, 457);
INSERT INTO "connectsTo" VALUES (457, 458);
INSERT INTO "connectsTo" VALUES (458, 459);
INSERT INTO "connectsTo" VALUES (459, 460);
INSERT INTO "connectsTo" VALUES (460, 461);
INSERT INTO "connectsTo" VALUES (461, 463);
INSERT INTO "connectsTo" VALUES (463, 465);
INSERT INTO "connectsTo" VALUES (465, 466);
INSERT INTO "connectsTo" VALUES (466, 467);
INSERT INTO "connectsTo" VALUES (467, 468);
INSERT INTO "connectsTo" VALUES (468, 469);
INSERT INTO "connectsTo" VALUES (469, 471);
INSERT INTO "connectsTo" VALUES (471, 473);
INSERT INTO "connectsTo" VALUES (473, 474);
INSERT INTO "connectsTo" VALUES (474, 475);
INSERT INTO "connectsTo" VALUES (475, 476);
INSERT INTO "connectsTo" VALUES (476, 477);
INSERT INTO "connectsTo" VALUES (477, 479);
INSERT INTO "connectsTo" VALUES (479, 480);
INSERT INTO "connectsTo" VALUES (480, 481);
INSERT INTO "connectsTo" VALUES (481, 482);
INSERT INTO "connectsTo" VALUES (482, 483);
INSERT INTO "connectsTo" VALUES (483, 485);
INSERT INTO "connectsTo" VALUES (485, 486);
INSERT INTO "connectsTo" VALUES (486, 487);
INSERT INTO "connectsTo" VALUES (487, 488);
INSERT INTO "connectsTo" VALUES (488, 489);
INSERT INTO "connectsTo" VALUES (489, 491);
INSERT INTO "connectsTo" VALUES (491, 492);
INSERT INTO "connectsTo" VALUES (492, 493);
INSERT INTO "connectsTo" VALUES (493, 494);
INSERT INTO "connectsTo" VALUES (494, 495);
INSERT INTO "connectsTo" VALUES (495, 497);
INSERT INTO "connectsTo" VALUES (497, 498);
INSERT INTO "connectsTo" VALUES (498, 499);
INSERT INTO "connectsTo" VALUES (499, 500);
INSERT INTO "connectsTo" VALUES (500, 501);
INSERT INTO "connectsTo" VALUES (501, 503);
INSERT INTO "connectsTo" VALUES (503, 504);
INSERT INTO "connectsTo" VALUES (504, 505);
INSERT INTO "connectsTo" VALUES (505, 506);
INSERT INTO "connectsTo" VALUES (506, 507);
INSERT INTO "connectsTo" VALUES (507, 509);
INSERT INTO "connectsTo" VALUES (509, 510);
INSERT INTO "connectsTo" VALUES (510, 511);
INSERT INTO "connectsTo" VALUES (511, 512);
INSERT INTO "connectsTo" VALUES (512, 513);
INSERT INTO "connectsTo" VALUES (513, 515);
INSERT INTO "connectsTo" VALUES (515, 516);
INSERT INTO "connectsTo" VALUES (516, 517);
INSERT INTO "connectsTo" VALUES (517, 518);
INSERT INTO "connectsTo" VALUES (518, 519);
INSERT INTO "connectsTo" VALUES (519, 521);
INSERT INTO "connectsTo" VALUES (521, 522);
INSERT INTO "connectsTo" VALUES (522, 523);
INSERT INTO "connectsTo" VALUES (523, 524);
INSERT INTO "connectsTo" VALUES (524, 525);
INSERT INTO "connectsTo" VALUES (525, 527);
INSERT INTO "connectsTo" VALUES (527, 529);
INSERT INTO "connectsTo" VALUES (529, 530);
INSERT INTO "connectsTo" VALUES (530, 531);
INSERT INTO "connectsTo" VALUES (531, 532);
INSERT INTO "connectsTo" VALUES (532, 533);
INSERT INTO "connectsTo" VALUES (533, 535);
INSERT INTO "connectsTo" VALUES (535, 536);
INSERT INTO "connectsTo" VALUES (536, 537);
INSERT INTO "connectsTo" VALUES (537, 538);
INSERT INTO "connectsTo" VALUES (538, 539);
INSERT INTO "connectsTo" VALUES (539, 541);
INSERT INTO "connectsTo" VALUES (541, 542);
INSERT INTO "connectsTo" VALUES (542, 543);
INSERT INTO "connectsTo" VALUES (543, 544);
INSERT INTO "connectsTo" VALUES (544, 545);
INSERT INTO "connectsTo" VALUES (545, 547);
INSERT INTO "connectsTo" VALUES (547, 548);
INSERT INTO "connectsTo" VALUES (548, 549);
INSERT INTO "connectsTo" VALUES (549, 550);
INSERT INTO "connectsTo" VALUES (550, 551);
INSERT INTO "connectsTo" VALUES (551, 553);
INSERT INTO "connectsTo" VALUES (553, 554);
INSERT INTO "connectsTo" VALUES (554, 555);
INSERT INTO "connectsTo" VALUES (555, 556);
INSERT INTO "connectsTo" VALUES (556, 557);
INSERT INTO "connectsTo" VALUES (557, 559);
INSERT INTO "connectsTo" VALUES (559, 560);
INSERT INTO "connectsTo" VALUES (560, 561);
INSERT INTO "connectsTo" VALUES (561, 562);
INSERT INTO "connectsTo" VALUES (562, 563);
INSERT INTO "connectsTo" VALUES (563, 565);
INSERT INTO "connectsTo" VALUES (565, 566);
INSERT INTO "connectsTo" VALUES (566, 567);
INSERT INTO "connectsTo" VALUES (567, 568);
INSERT INTO "connectsTo" VALUES (568, 569);
INSERT INTO "connectsTo" VALUES (569, 571);
INSERT INTO "connectsTo" VALUES (571, 572);
INSERT INTO "connectsTo" VALUES (572, 573);
INSERT INTO "connectsTo" VALUES (573, 574);
INSERT INTO "connectsTo" VALUES (574, 575);
INSERT INTO "connectsTo" VALUES (575, 577);
INSERT INTO "connectsTo" VALUES (577, 578);
INSERT INTO "connectsTo" VALUES (578, 579);
INSERT INTO "connectsTo" VALUES (579, 580);
INSERT INTO "connectsTo" VALUES (580, 581);
INSERT INTO "connectsTo" VALUES (581, 583);
INSERT INTO "connectsTo" VALUES (583, 585);
INSERT INTO "connectsTo" VALUES (585, 586);
INSERT INTO "connectsTo" VALUES (586, 587);
INSERT INTO "connectsTo" VALUES (587, 588);
INSERT INTO "connectsTo" VALUES (588, 589);
INSERT INTO "connectsTo" VALUES (589, 591);
INSERT INTO "connectsTo" VALUES (591, 592);
INSERT INTO "connectsTo" VALUES (592, 593);
INSERT INTO "connectsTo" VALUES (593, 594);
INSERT INTO "connectsTo" VALUES (594, 595);
INSERT INTO "connectsTo" VALUES (595, 597);
INSERT INTO "connectsTo" VALUES (597, 598);
INSERT INTO "connectsTo" VALUES (598, 599);
INSERT INTO "connectsTo" VALUES (599, 600);
INSERT INTO "connectsTo" VALUES (600, 601);
INSERT INTO "connectsTo" VALUES (601, 603);
INSERT INTO "connectsTo" VALUES (603, 604);
INSERT INTO "connectsTo" VALUES (604, 605);
INSERT INTO "connectsTo" VALUES (605, 606);
INSERT INTO "connectsTo" VALUES (606, 607);
INSERT INTO "connectsTo" VALUES (607, 609);
INSERT INTO "connectsTo" VALUES (609, 610);
INSERT INTO "connectsTo" VALUES (610, 611);
INSERT INTO "connectsTo" VALUES (611, 612);
INSERT INTO "connectsTo" VALUES (612, 613);
INSERT INTO "connectsTo" VALUES (613, 615);
INSERT INTO "connectsTo" VALUES (615, 617);
INSERT INTO "connectsTo" VALUES (617, 618);
INSERT INTO "connectsTo" VALUES (618, 619);
INSERT INTO "connectsTo" VALUES (619, 620);
INSERT INTO "connectsTo" VALUES (620, 621);
INSERT INTO "connectsTo" VALUES (621, 623);
INSERT INTO "connectsTo" VALUES (623, 625);
INSERT INTO "connectsTo" VALUES (625, 626);
INSERT INTO "connectsTo" VALUES (626, 627);
INSERT INTO "connectsTo" VALUES (627, 628);
INSERT INTO "connectsTo" VALUES (628, 629);
INSERT INTO "connectsTo" VALUES (629, 631);
INSERT INTO "connectsTo" VALUES (631, 632);
INSERT INTO "connectsTo" VALUES (632, 633);
INSERT INTO "connectsTo" VALUES (633, 634);
INSERT INTO "connectsTo" VALUES (634, 635);
INSERT INTO "connectsTo" VALUES (635, 637);
INSERT INTO "connectsTo" VALUES (637, 638);
INSERT INTO "connectsTo" VALUES (638, 639);
INSERT INTO "connectsTo" VALUES (639, 640);
INSERT INTO "connectsTo" VALUES (640, 641);
INSERT INTO "connectsTo" VALUES (641, 643);
INSERT INTO "connectsTo" VALUES (643, 644);
INSERT INTO "connectsTo" VALUES (644, 645);
INSERT INTO "connectsTo" VALUES (645, 646);
INSERT INTO "connectsTo" VALUES (646, 647);
INSERT INTO "connectsTo" VALUES (647, 649);
INSERT INTO "connectsTo" VALUES (649, 650);
INSERT INTO "connectsTo" VALUES (650, 651);
INSERT INTO "connectsTo" VALUES (651, 652);
INSERT INTO "connectsTo" VALUES (652, 653);
INSERT INTO "connectsTo" VALUES (653, 655);
INSERT INTO "connectsTo" VALUES (655, 656);
INSERT INTO "connectsTo" VALUES (656, 657);
INSERT INTO "connectsTo" VALUES (657, 658);
INSERT INTO "connectsTo" VALUES (658, 659);
INSERT INTO "connectsTo" VALUES (659, 661);
INSERT INTO "connectsTo" VALUES (661, 662);
INSERT INTO "connectsTo" VALUES (662, 663);
INSERT INTO "connectsTo" VALUES (663, 664);
INSERT INTO "connectsTo" VALUES (664, 665);
INSERT INTO "connectsTo" VALUES (665, 667);
INSERT INTO "connectsTo" VALUES (667, 668);
INSERT INTO "connectsTo" VALUES (668, 669);
INSERT INTO "connectsTo" VALUES (669, 670);
INSERT INTO "connectsTo" VALUES (670, 671);
INSERT INTO "connectsTo" VALUES (671, 673);
INSERT INTO "connectsTo" VALUES (673, 674);
INSERT INTO "connectsTo" VALUES (674, 675);
INSERT INTO "connectsTo" VALUES (675, 676);
INSERT INTO "connectsTo" VALUES (676, 677);
INSERT INTO "connectsTo" VALUES (677, 679);
INSERT INTO "connectsTo" VALUES (679, 681);
INSERT INTO "connectsTo" VALUES (681, 682);
INSERT INTO "connectsTo" VALUES (682, 683);
INSERT INTO "connectsTo" VALUES (683, 684);
INSERT INTO "connectsTo" VALUES (684, 685);
INSERT INTO "connectsTo" VALUES (685, 687);
INSERT INTO "connectsTo" VALUES (687, 688);
INSERT INTO "connectsTo" VALUES (688, 689);
INSERT INTO "connectsTo" VALUES (689, 690);
INSERT INTO "connectsTo" VALUES (690, 691);
INSERT INTO "connectsTo" VALUES (691, 693);
INSERT INTO "connectsTo" VALUES (693, 694);
INSERT INTO "connectsTo" VALUES (694, 695);
INSERT INTO "connectsTo" VALUES (695, 696);
INSERT INTO "connectsTo" VALUES (696, 697);
INSERT INTO "connectsTo" VALUES (697, 699);
INSERT INTO "connectsTo" VALUES (699, 700);
INSERT INTO "connectsTo" VALUES (700, 701);
INSERT INTO "connectsTo" VALUES (701, 702);
INSERT INTO "connectsTo" VALUES (702, 703);
INSERT INTO "connectsTo" VALUES (703, 705);
INSERT INTO "connectsTo" VALUES (705, 706);
INSERT INTO "connectsTo" VALUES (706, 707);
INSERT INTO "connectsTo" VALUES (707, 708);
INSERT INTO "connectsTo" VALUES (708, 709);
INSERT INTO "connectsTo" VALUES (709, 711);
INSERT INTO "connectsTo" VALUES (711, 712);
INSERT INTO "connectsTo" VALUES (712, 713);
INSERT INTO "connectsTo" VALUES (713, 714);
INSERT INTO "connectsTo" VALUES (714, 715);
INSERT INTO "connectsTo" VALUES (715, 717);
INSERT INTO "connectsTo" VALUES (717, 718);
INSERT INTO "connectsTo" VALUES (718, 719);
INSERT INTO "connectsTo" VALUES (719, 720);
INSERT INTO "connectsTo" VALUES (720, 721);
INSERT INTO "connectsTo" VALUES (721, 723);
INSERT INTO "connectsTo" VALUES (723, 725);
INSERT INTO "connectsTo" VALUES (725, 726);
INSERT INTO "connectsTo" VALUES (726, 727);
INSERT INTO "connectsTo" VALUES (727, 728);
INSERT INTO "connectsTo" VALUES (728, 729);
INSERT INTO "connectsTo" VALUES (729, 731);
INSERT INTO "connectsTo" VALUES (731, 732);
INSERT INTO "connectsTo" VALUES (732, 733);
INSERT INTO "connectsTo" VALUES (733, 734);
INSERT INTO "connectsTo" VALUES (734, 735);
INSERT INTO "connectsTo" VALUES (735, 737);
INSERT INTO "connectsTo" VALUES (737, 738);
INSERT INTO "connectsTo" VALUES (738, 739);
INSERT INTO "connectsTo" VALUES (739, 740);
INSERT INTO "connectsTo" VALUES (740, 741);
INSERT INTO "connectsTo" VALUES (741, 743);
INSERT INTO "connectsTo" VALUES (743, 744);
INSERT INTO "connectsTo" VALUES (744, 745);
INSERT INTO "connectsTo" VALUES (745, 746);
INSERT INTO "connectsTo" VALUES (746, 747);
INSERT INTO "connectsTo" VALUES (747, 749);
INSERT INTO "connectsTo" VALUES (749, 750);
INSERT INTO "connectsTo" VALUES (750, 751);
INSERT INTO "connectsTo" VALUES (751, 752);
INSERT INTO "connectsTo" VALUES (752, 753);
INSERT INTO "connectsTo" VALUES (346, 351);
INSERT INTO "Semaphore" ("id", "signal") VALUES (755, 2);
INSERT INTO "Route" ("id", "active", "entry", "exit") VALUES (756, 1, 348, 755);
INSERT INTO "Region" ("id") VALUES (757);
INSERT INTO "TrackElement" ("id") VALUES (758);
INSERT INTO "Switch" ("id") VALUES (758);
UPDATE "TrackElement" SET "region" = 757 WHERE "id" = 758;
INSERT INTO "Sensor" ("id") VALUES (759);
UPDATE "Sensor" SET "region" = 757 WHERE "id" = 759;
INSERT INTO "monitoredBy" VALUES (758, 759);
INSERT INTO "requires" VALUES (756, 759);
INSERT INTO "TrackElement" ("id") VALUES (760);
INSERT INTO "Segment" ("id", "length") VALUES (760, 515);
UPDATE "TrackElement" SET "region" = 757 WHERE "id" = 760;
INSERT INTO "monitoredBy" VALUES (760, 759);
UPDATE "Semaphore" SET "segment" = 760 WHERE "id" = 755;
INSERT INTO "TrackElement" ("id") VALUES (761);
INSERT INTO "Segment" ("id", "length") VALUES (761, 767);
UPDATE "TrackElement" SET "region" = 757 WHERE "id" = 761;
INSERT INTO "monitoredBy" VALUES (761, 759);
INSERT INTO "TrackElement" ("id") VALUES (762);
INSERT INTO "Segment" ("id", "length") VALUES (762, 915);
UPDATE "TrackElement" SET "region" = 757 WHERE "id" = 762;
INSERT INTO "monitoredBy" VALUES (762, 759);
INSERT INTO "TrackElement" ("id") VALUES (763);
INSERT INTO "Segment" ("id", "length") VALUES (763, 191);
UPDATE "TrackElement" SET "region" = 757 WHERE "id" = 763;
INSERT INTO "monitoredBy" VALUES (763, 759);
INSERT INTO "TrackElement" ("id") VALUES (764);
INSERT INTO "Segment" ("id", "length") VALUES (764, 989);
UPDATE "TrackElement" SET "region" = 757 WHERE "id" = 764;
INSERT INTO "monitoredBy" VALUES (764, 759);
INSERT INTO "Sensor" ("id") VALUES (765);
UPDATE "Sensor" SET "region" = 757 WHERE "id" = 765;
INSERT INTO "monitoredBy" VALUES (758, 765);
INSERT INTO "requires" VALUES (756, 765);
INSERT INTO "TrackElement" ("id") VALUES (766);
INSERT INTO "Segment" ("id", "length") VALUES (766, 513);
UPDATE "TrackElement" SET "region" = 757 WHERE "id" = 766;
INSERT INTO "monitoredBy" VALUES (766, 765);
INSERT INTO "TrackElement" ("id") VALUES (767);
INSERT INTO "Segment" ("id", "length") VALUES (767, 105);
UPDATE "TrackElement" SET "region" = 757 WHERE "id" = 767;
INSERT INTO "monitoredBy" VALUES (767, 765);
INSERT INTO "TrackElement" ("id") VALUES (768);
INSERT INTO "Segment" ("id", "length") VALUES (768, 481);
UPDATE "TrackElement" SET "region" = 757 WHERE "id" = 768;
INSERT INTO "monitoredBy" VALUES (768, 765);
INSERT INTO "TrackElement" ("id") VALUES (769);
INSERT INTO "Segment" ("id", "length") VALUES (769, 830);
UPDATE "TrackElement" SET "region" = 757 WHERE "id" = 769;
INSERT INTO "monitoredBy" VALUES (769, 765);
INSERT INTO "TrackElement" ("id") VALUES (770);
INSERT INTO "Segment" ("id", "length") VALUES (770, 843);
UPDATE "TrackElement" SET "region" = 757 WHERE "id" = 770;
INSERT INTO "monitoredBy" VALUES (770, 765);
INSERT INTO "Sensor" ("id") VALUES (771);
UPDATE "Sensor" SET "region" = 757 WHERE "id" = 771;
INSERT INTO "monitoredBy" VALUES (758, 771);
INSERT INTO "requires" VALUES (756, 771);
INSERT INTO "TrackElement" ("id") VALUES (772);
INSERT INTO "Segment" ("id", "length") VALUES (772, 649);
UPDATE "TrackElement" SET "region" = 757 WHERE "id" = 772;
INSERT INTO "monitoredBy" VALUES (772, 771);
INSERT INTO "TrackElement" ("id") VALUES (773);
INSERT INTO "Segment" ("id", "length") VALUES (773, 772);
UPDATE "TrackElement" SET "region" = 757 WHERE "id" = 773;
INSERT INTO "monitoredBy" VALUES (773, 771);
INSERT INTO "TrackElement" ("id") VALUES (774);
INSERT INTO "Segment" ("id", "length") VALUES (774, 769);
UPDATE "TrackElement" SET "region" = 757 WHERE "id" = 774;
INSERT INTO "monitoredBy" VALUES (774, 771);
INSERT INTO "TrackElement" ("id") VALUES (775);
INSERT INTO "Segment" ("id", "length") VALUES (775, 857);
UPDATE "TrackElement" SET "region" = 757 WHERE "id" = 775;
INSERT INTO "monitoredBy" VALUES (775, 771);
INSERT INTO "TrackElement" ("id") VALUES (776);
INSERT INTO "Segment" ("id", "length") VALUES (776, 350);
UPDATE "TrackElement" SET "region" = 757 WHERE "id" = 776;
INSERT INTO "monitoredBy" VALUES (776, 771);
INSERT INTO "Sensor" ("id") VALUES (777);
UPDATE "Sensor" SET "region" = 757 WHERE "id" = 777;
INSERT INTO "monitoredBy" VALUES (758, 777);
INSERT INTO "requires" VALUES (756, 777);
INSERT INTO "TrackElement" ("id") VALUES (778);
INSERT INTO "Segment" ("id", "length") VALUES (778, 732);
UPDATE "TrackElement" SET "region" = 757 WHERE "id" = 778;
INSERT INTO "monitoredBy" VALUES (778, 777);
INSERT INTO "TrackElement" ("id") VALUES (779);
INSERT INTO "Segment" ("id", "length") VALUES (779, 415);
UPDATE "TrackElement" SET "region" = 757 WHERE "id" = 779;
INSERT INTO "monitoredBy" VALUES (779, 777);
INSERT INTO "TrackElement" ("id") VALUES (780);
INSERT INTO "Segment" ("id", "length") VALUES (780, 517);
UPDATE "TrackElement" SET "region" = 757 WHERE "id" = 780;
INSERT INTO "monitoredBy" VALUES (780, 777);
INSERT INTO "TrackElement" ("id") VALUES (781);
INSERT INTO "Segment" ("id", "length") VALUES (781, 200);
UPDATE "TrackElement" SET "region" = 757 WHERE "id" = 781;
INSERT INTO "monitoredBy" VALUES (781, 777);
INSERT INTO "TrackElement" ("id") VALUES (782);
INSERT INTO "Segment" ("id", "length") VALUES (782, 399);
UPDATE "TrackElement" SET "region" = 757 WHERE "id" = 782;
INSERT INTO "monitoredBy" VALUES (782, 777);
INSERT INTO "Sensor" ("id") VALUES (783);
UPDATE "Sensor" SET "region" = 757 WHERE "id" = 783;
INSERT INTO "monitoredBy" VALUES (758, 783);
INSERT INTO "requires" VALUES (756, 783);
INSERT INTO "TrackElement" ("id") VALUES (784);
INSERT INTO "Segment" ("id", "length") VALUES (784, 894);
UPDATE "TrackElement" SET "region" = 757 WHERE "id" = 784;
INSERT INTO "monitoredBy" VALUES (784, 783);
INSERT INTO "TrackElement" ("id") VALUES (785);
INSERT INTO "Segment" ("id", "length") VALUES (785, 262);
UPDATE "TrackElement" SET "region" = 757 WHERE "id" = 785;
INSERT INTO "monitoredBy" VALUES (785, 783);
INSERT INTO "TrackElement" ("id") VALUES (786);
INSERT INTO "Segment" ("id", "length") VALUES (786, 546);
UPDATE "TrackElement" SET "region" = 757 WHERE "id" = 786;
INSERT INTO "monitoredBy" VALUES (786, 783);
INSERT INTO "TrackElement" ("id") VALUES (787);
INSERT INTO "Segment" ("id", "length") VALUES (787, 395);
UPDATE "TrackElement" SET "region" = 757 WHERE "id" = 787;
INSERT INTO "monitoredBy" VALUES (787, 783);
INSERT INTO "TrackElement" ("id") VALUES (788);
INSERT INTO "Segment" ("id", "length") VALUES (788, 162);
UPDATE "TrackElement" SET "region" = 757 WHERE "id" = 788;
INSERT INTO "monitoredBy" VALUES (788, 783);
INSERT INTO "Sensor" ("id") VALUES (789);
UPDATE "Sensor" SET "region" = 757 WHERE "id" = 789;
INSERT INTO "monitoredBy" VALUES (758, 789);
INSERT INTO "requires" VALUES (756, 789);
INSERT INTO "TrackElement" ("id") VALUES (790);
INSERT INTO "Segment" ("id", "length") VALUES (790, 528);
UPDATE "TrackElement" SET "region" = 757 WHERE "id" = 790;
INSERT INTO "monitoredBy" VALUES (790, 789);
INSERT INTO "TrackElement" ("id") VALUES (791);
INSERT INTO "Segment" ("id", "length") VALUES (791, 918);
UPDATE "TrackElement" SET "region" = 757 WHERE "id" = 791;
INSERT INTO "monitoredBy" VALUES (791, 789);
INSERT INTO "TrackElement" ("id") VALUES (792);
INSERT INTO "Segment" ("id", "length") VALUES (792, 153);
UPDATE "TrackElement" SET "region" = 757 WHERE "id" = 792;
INSERT INTO "monitoredBy" VALUES (792, 789);
INSERT INTO "TrackElement" ("id") VALUES (793);
INSERT INTO "Segment" ("id", "length") VALUES (793, 910);
UPDATE "TrackElement" SET "region" = 757 WHERE "id" = 793;
INSERT INTO "monitoredBy" VALUES (793, 789);
INSERT INTO "TrackElement" ("id") VALUES (794);
INSERT INTO "Segment" ("id", "length") VALUES (794, 997);
UPDATE "TrackElement" SET "region" = 757 WHERE "id" = 794;
INSERT INTO "monitoredBy" VALUES (794, 789);
INSERT INTO "Sensor" ("id") VALUES (795);
UPDATE "Sensor" SET "region" = 757 WHERE "id" = 795;
INSERT INTO "monitoredBy" VALUES (758, 795);
INSERT INTO "requires" VALUES (756, 795);
INSERT INTO "TrackElement" ("id") VALUES (796);
INSERT INTO "Segment" ("id", "length") VALUES (796, 196);
UPDATE "TrackElement" SET "region" = 757 WHERE "id" = 796;
INSERT INTO "monitoredBy" VALUES (796, 795);
INSERT INTO "TrackElement" ("id") VALUES (797);
INSERT INTO "Segment" ("id", "length") VALUES (797, 151);
UPDATE "TrackElement" SET "region" = 757 WHERE "id" = 797;
INSERT INTO "monitoredBy" VALUES (797, 795);
INSERT INTO "TrackElement" ("id") VALUES (798);
INSERT INTO "Segment" ("id", "length") VALUES (798, 795);
UPDATE "TrackElement" SET "region" = 757 WHERE "id" = 798;
INSERT INTO "monitoredBy" VALUES (798, 795);
INSERT INTO "TrackElement" ("id") VALUES (799);
INSERT INTO "Segment" ("id", "length") VALUES (799, 166);
UPDATE "TrackElement" SET "region" = 757 WHERE "id" = 799;
INSERT INTO "monitoredBy" VALUES (799, 795);
INSERT INTO "TrackElement" ("id") VALUES (800);
INSERT INTO "Segment" ("id", "length") VALUES (800, 742);
UPDATE "TrackElement" SET "region" = 757 WHERE "id" = 800;
INSERT INTO "monitoredBy" VALUES (800, 795);
UPDATE "Switch" SET "currentPosition" = 0 WHERE "id" = 758;
INSERT INTO "SwitchPosition" ("id", "position", "target") VALUES (801, 0, 758);
UPDATE "SwitchPosition" SET "route" = 756 WHERE "id" = 801;
INSERT INTO "TrackElement" ("id") VALUES (802);
INSERT INTO "Switch" ("id") VALUES (802);
UPDATE "TrackElement" SET "region" = 757 WHERE "id" = 802;
INSERT INTO "Sensor" ("id") VALUES (803);
UPDATE "Sensor" SET "region" = 757 WHERE "id" = 803;
INSERT INTO "monitoredBy" VALUES (802, 803);
INSERT INTO "requires" VALUES (756, 803);
INSERT INTO "TrackElement" ("id") VALUES (804);
INSERT INTO "Segment" ("id", "length") VALUES (804, 935);
UPDATE "TrackElement" SET "region" = 757 WHERE "id" = 804;
INSERT INTO "monitoredBy" VALUES (804, 803);
INSERT INTO "TrackElement" ("id") VALUES (805);
INSERT INTO "Segment" ("id", "length") VALUES (805, 754);
UPDATE "TrackElement" SET "region" = 757 WHERE "id" = 805;
INSERT INTO "monitoredBy" VALUES (805, 803);
INSERT INTO "TrackElement" ("id") VALUES (806);
INSERT INTO "Segment" ("id", "length") VALUES (806, 782);
UPDATE "TrackElement" SET "region" = 757 WHERE "id" = 806;
INSERT INTO "monitoredBy" VALUES (806, 803);
INSERT INTO "TrackElement" ("id") VALUES (807);
INSERT INTO "Segment" ("id", "length") VALUES (807, 316);
UPDATE "TrackElement" SET "region" = 757 WHERE "id" = 807;
INSERT INTO "monitoredBy" VALUES (807, 803);
INSERT INTO "TrackElement" ("id") VALUES (808);
INSERT INTO "Segment" ("id", "length") VALUES (808, 772);
UPDATE "TrackElement" SET "region" = 757 WHERE "id" = 808;
INSERT INTO "monitoredBy" VALUES (808, 803);
INSERT INTO "Sensor" ("id") VALUES (809);
UPDATE "Sensor" SET "region" = 757 WHERE "id" = 809;
INSERT INTO "monitoredBy" VALUES (802, 809);
INSERT INTO "requires" VALUES (756, 809);
INSERT INTO "TrackElement" ("id") VALUES (810);
INSERT INTO "Segment" ("id", "length") VALUES (810, 43);
UPDATE "TrackElement" SET "region" = 757 WHERE "id" = 810;
INSERT INTO "monitoredBy" VALUES (810, 809);
INSERT INTO "TrackElement" ("id") VALUES (811);
INSERT INTO "Segment" ("id", "length") VALUES (811, 658);
UPDATE "TrackElement" SET "region" = 757 WHERE "id" = 811;
INSERT INTO "monitoredBy" VALUES (811, 809);
INSERT INTO "TrackElement" ("id") VALUES (812);
INSERT INTO "Segment" ("id", "length") VALUES (812, 417);
UPDATE "TrackElement" SET "region" = 757 WHERE "id" = 812;
INSERT INTO "monitoredBy" VALUES (812, 809);
INSERT INTO "TrackElement" ("id") VALUES (813);
INSERT INTO "Segment" ("id", "length") VALUES (813, 118);
UPDATE "TrackElement" SET "region" = 757 WHERE "id" = 813;
INSERT INTO "monitoredBy" VALUES (813, 809);
INSERT INTO "TrackElement" ("id") VALUES (814);
INSERT INTO "Segment" ("id", "length") VALUES (814, 243);
UPDATE "TrackElement" SET "region" = 757 WHERE "id" = 814;
INSERT INTO "monitoredBy" VALUES (814, 809);
INSERT INTO "Sensor" ("id") VALUES (815);
UPDATE "Sensor" SET "region" = 757 WHERE "id" = 815;
INSERT INTO "monitoredBy" VALUES (802, 815);
INSERT INTO "requires" VALUES (756, 815);
INSERT INTO "TrackElement" ("id") VALUES (816);
INSERT INTO "Segment" ("id", "length") VALUES (816, 62);
UPDATE "TrackElement" SET "region" = 757 WHERE "id" = 816;
INSERT INTO "monitoredBy" VALUES (816, 815);
INSERT INTO "TrackElement" ("id") VALUES (817);
INSERT INTO "Segment" ("id", "length") VALUES (817, 68);
UPDATE "TrackElement" SET "region" = 757 WHERE "id" = 817;
INSERT INTO "monitoredBy" VALUES (817, 815);
INSERT INTO "TrackElement" ("id") VALUES (818);
INSERT INTO "Segment" ("id", "length") VALUES (818, 439);
UPDATE "TrackElement" SET "region" = 757 WHERE "id" = 818;
INSERT INTO "monitoredBy" VALUES (818, 815);
INSERT INTO "TrackElement" ("id") VALUES (819);
INSERT INTO "Segment" ("id", "length") VALUES (819, 567);
UPDATE "TrackElement" SET "region" = 757 WHERE "id" = 819;
INSERT INTO "monitoredBy" VALUES (819, 815);
INSERT INTO "TrackElement" ("id") VALUES (820);
INSERT INTO "Segment" ("id", "length") VALUES (820, 983);
UPDATE "TrackElement" SET "region" = 757 WHERE "id" = 820;
INSERT INTO "monitoredBy" VALUES (820, 815);
INSERT INTO "Sensor" ("id") VALUES (821);
UPDATE "Sensor" SET "region" = 757 WHERE "id" = 821;
INSERT INTO "monitoredBy" VALUES (802, 821);
INSERT INTO "requires" VALUES (756, 821);
INSERT INTO "TrackElement" ("id") VALUES (822);
INSERT INTO "Segment" ("id", "length") VALUES (822, 84);
UPDATE "TrackElement" SET "region" = 757 WHERE "id" = 822;
INSERT INTO "monitoredBy" VALUES (822, 821);
INSERT INTO "TrackElement" ("id") VALUES (823);
INSERT INTO "Segment" ("id", "length") VALUES (823, 13);
UPDATE "TrackElement" SET "region" = 757 WHERE "id" = 823;
INSERT INTO "monitoredBy" VALUES (823, 821);
INSERT INTO "TrackElement" ("id") VALUES (824);
INSERT INTO "Segment" ("id", "length") VALUES (824, 547);
UPDATE "TrackElement" SET "region" = 757 WHERE "id" = 824;
INSERT INTO "monitoredBy" VALUES (824, 821);
INSERT INTO "TrackElement" ("id") VALUES (825);
INSERT INTO "Segment" ("id", "length") VALUES (825, 151);
UPDATE "TrackElement" SET "region" = 757 WHERE "id" = 825;
INSERT INTO "monitoredBy" VALUES (825, 821);
INSERT INTO "TrackElement" ("id") VALUES (826);
INSERT INTO "Segment" ("id", "length") VALUES (826, 557);
UPDATE "TrackElement" SET "region" = 757 WHERE "id" = 826;
INSERT INTO "monitoredBy" VALUES (826, 821);
INSERT INTO "Sensor" ("id") VALUES (827);
UPDATE "Sensor" SET "region" = 757 WHERE "id" = 827;
INSERT INTO "monitoredBy" VALUES (802, 827);
INSERT INTO "requires" VALUES (756, 827);
INSERT INTO "TrackElement" ("id") VALUES (828);
INSERT INTO "Segment" ("id", "length") VALUES (828, 329);
UPDATE "TrackElement" SET "region" = 757 WHERE "id" = 828;
INSERT INTO "monitoredBy" VALUES (828, 827);
INSERT INTO "TrackElement" ("id") VALUES (829);
INSERT INTO "Segment" ("id", "length") VALUES (829, 593);
UPDATE "TrackElement" SET "region" = 757 WHERE "id" = 829;
INSERT INTO "monitoredBy" VALUES (829, 827);
INSERT INTO "TrackElement" ("id") VALUES (830);
INSERT INTO "Segment" ("id", "length") VALUES (830, 946);
UPDATE "TrackElement" SET "region" = 757 WHERE "id" = 830;
INSERT INTO "monitoredBy" VALUES (830, 827);
INSERT INTO "TrackElement" ("id") VALUES (831);
INSERT INTO "Segment" ("id", "length") VALUES (831, 554);
UPDATE "TrackElement" SET "region" = 757 WHERE "id" = 831;
INSERT INTO "monitoredBy" VALUES (831, 827);
INSERT INTO "TrackElement" ("id") VALUES (832);
INSERT INTO "Segment" ("id", "length") VALUES (832, 900);
UPDATE "TrackElement" SET "region" = 757 WHERE "id" = 832;
INSERT INTO "monitoredBy" VALUES (832, 827);
INSERT INTO "Sensor" ("id") VALUES (833);
UPDATE "Sensor" SET "region" = 757 WHERE "id" = 833;
INSERT INTO "monitoredBy" VALUES (802, 833);
INSERT INTO "requires" VALUES (756, 833);
INSERT INTO "TrackElement" ("id") VALUES (834);
INSERT INTO "Segment" ("id", "length") VALUES (834, 167);
UPDATE "TrackElement" SET "region" = 757 WHERE "id" = 834;
INSERT INTO "monitoredBy" VALUES (834, 833);
INSERT INTO "TrackElement" ("id") VALUES (835);
INSERT INTO "Segment" ("id", "length") VALUES (835, 209);
UPDATE "TrackElement" SET "region" = 757 WHERE "id" = 835;
INSERT INTO "monitoredBy" VALUES (835, 833);
INSERT INTO "TrackElement" ("id") VALUES (836);
INSERT INTO "Segment" ("id", "length") VALUES (836, 625);
UPDATE "TrackElement" SET "region" = 757 WHERE "id" = 836;
INSERT INTO "monitoredBy" VALUES (836, 833);
INSERT INTO "TrackElement" ("id") VALUES (837);
INSERT INTO "Segment" ("id", "length") VALUES (837, 8);
UPDATE "TrackElement" SET "region" = 757 WHERE "id" = 837;
INSERT INTO "monitoredBy" VALUES (837, 833);
INSERT INTO "TrackElement" ("id") VALUES (838);
INSERT INTO "Segment" ("id", "length") VALUES (838, 132);
UPDATE "TrackElement" SET "region" = 757 WHERE "id" = 838;
INSERT INTO "monitoredBy" VALUES (838, 833);
INSERT INTO "Sensor" ("id") VALUES (839);
UPDATE "Sensor" SET "region" = 757 WHERE "id" = 839;
INSERT INTO "monitoredBy" VALUES (802, 839);
INSERT INTO "requires" VALUES (756, 839);
INSERT INTO "TrackElement" ("id") VALUES (840);
INSERT INTO "Segment" ("id", "length") VALUES (840, 811);
UPDATE "TrackElement" SET "region" = 757 WHERE "id" = 840;
INSERT INTO "monitoredBy" VALUES (840, 839);
INSERT INTO "TrackElement" ("id") VALUES (841);
INSERT INTO "Segment" ("id", "length") VALUES (841, 354);
UPDATE "TrackElement" SET "region" = 757 WHERE "id" = 841;
INSERT INTO "monitoredBy" VALUES (841, 839);
INSERT INTO "TrackElement" ("id") VALUES (842);
INSERT INTO "Segment" ("id", "length") VALUES (842, 787);
UPDATE "TrackElement" SET "region" = 757 WHERE "id" = 842;
INSERT INTO "monitoredBy" VALUES (842, 839);
INSERT INTO "TrackElement" ("id") VALUES (843);
INSERT INTO "Segment" ("id", "length") VALUES (843, 222);
UPDATE "TrackElement" SET "region" = 757 WHERE "id" = 843;
INSERT INTO "monitoredBy" VALUES (843, 839);
INSERT INTO "TrackElement" ("id") VALUES (844);
INSERT INTO "Segment" ("id", "length") VALUES (844, 629);
UPDATE "TrackElement" SET "region" = 757 WHERE "id" = 844;
INSERT INTO "monitoredBy" VALUES (844, 839);
INSERT INTO "Sensor" ("id") VALUES (845);
UPDATE "Sensor" SET "region" = 757 WHERE "id" = 845;
INSERT INTO "monitoredBy" VALUES (802, 845);
INSERT INTO "requires" VALUES (756, 845);
INSERT INTO "TrackElement" ("id") VALUES (846);
INSERT INTO "Segment" ("id", "length") VALUES (846, 642);
UPDATE "TrackElement" SET "region" = 757 WHERE "id" = 846;
INSERT INTO "monitoredBy" VALUES (846, 845);
INSERT INTO "TrackElement" ("id") VALUES (847);
INSERT INTO "Segment" ("id", "length") VALUES (847, 24);
UPDATE "TrackElement" SET "region" = 757 WHERE "id" = 847;
INSERT INTO "monitoredBy" VALUES (847, 845);
INSERT INTO "TrackElement" ("id") VALUES (848);
INSERT INTO "Segment" ("id", "length") VALUES (848, 909);
UPDATE "TrackElement" SET "region" = 757 WHERE "id" = 848;
INSERT INTO "monitoredBy" VALUES (848, 845);
INSERT INTO "TrackElement" ("id") VALUES (849);
INSERT INTO "Segment" ("id", "length") VALUES (849, 946);
UPDATE "TrackElement" SET "region" = 757 WHERE "id" = 849;
INSERT INTO "monitoredBy" VALUES (849, 845);
INSERT INTO "TrackElement" ("id") VALUES (850);
INSERT INTO "Segment" ("id", "length") VALUES (850, 565);
UPDATE "TrackElement" SET "region" = 757 WHERE "id" = 850;
INSERT INTO "monitoredBy" VALUES (850, 845);
INSERT INTO "Sensor" ("id") VALUES (851);
UPDATE "Sensor" SET "region" = 757 WHERE "id" = 851;
INSERT INTO "monitoredBy" VALUES (802, 851);
INSERT INTO "requires" VALUES (756, 851);
INSERT INTO "TrackElement" ("id") VALUES (852);
INSERT INTO "Segment" ("id", "length") VALUES (852, 751);
UPDATE "TrackElement" SET "region" = 757 WHERE "id" = 852;
INSERT INTO "monitoredBy" VALUES (852, 851);
INSERT INTO "TrackElement" ("id") VALUES (853);
INSERT INTO "Segment" ("id", "length") VALUES (853, 276);
UPDATE "TrackElement" SET "region" = 757 WHERE "id" = 853;
INSERT INTO "monitoredBy" VALUES (853, 851);
INSERT INTO "TrackElement" ("id") VALUES (854);
INSERT INTO "Segment" ("id", "length") VALUES (854, 394);
UPDATE "TrackElement" SET "region" = 757 WHERE "id" = 854;
INSERT INTO "monitoredBy" VALUES (854, 851);
INSERT INTO "TrackElement" ("id") VALUES (855);
INSERT INTO "Segment" ("id", "length") VALUES (855, 436);
UPDATE "TrackElement" SET "region" = 757 WHERE "id" = 855;
INSERT INTO "monitoredBy" VALUES (855, 851);
INSERT INTO "TrackElement" ("id") VALUES (856);
INSERT INTO "Segment" ("id", "length") VALUES (856, 193);
UPDATE "TrackElement" SET "region" = 757 WHERE "id" = 856;
INSERT INTO "monitoredBy" VALUES (856, 851);
UPDATE "Switch" SET "currentPosition" = 0 WHERE "id" = 802;
INSERT INTO "SwitchPosition" ("id", "position", "target") VALUES (857, 0, 802);
UPDATE "SwitchPosition" SET "route" = 756 WHERE "id" = 857;
INSERT INTO "TrackElement" ("id") VALUES (858);
INSERT INTO "Switch" ("id") VALUES (858);
UPDATE "TrackElement" SET "region" = 757 WHERE "id" = 858;
INSERT INTO "Sensor" ("id") VALUES (859);
UPDATE "Sensor" SET "region" = 757 WHERE "id" = 859;
INSERT INTO "monitoredBy" VALUES (858, 859);
INSERT INTO "requires" VALUES (756, 859);
INSERT INTO "TrackElement" ("id") VALUES (860);
INSERT INTO "Segment" ("id", "length") VALUES (860, 581);
UPDATE "TrackElement" SET "region" = 757 WHERE "id" = 860;
INSERT INTO "monitoredBy" VALUES (860, 859);
INSERT INTO "TrackElement" ("id") VALUES (861);
INSERT INTO "Segment" ("id", "length") VALUES (861, 929);
UPDATE "TrackElement" SET "region" = 757 WHERE "id" = 861;
INSERT INTO "monitoredBy" VALUES (861, 859);
INSERT INTO "TrackElement" ("id") VALUES (862);
INSERT INTO "Segment" ("id", "length") VALUES (862, 406);
UPDATE "TrackElement" SET "region" = 757 WHERE "id" = 862;
INSERT INTO "monitoredBy" VALUES (862, 859);
INSERT INTO "TrackElement" ("id") VALUES (863);
INSERT INTO "Segment" ("id", "length") VALUES (863, 491);
UPDATE "TrackElement" SET "region" = 757 WHERE "id" = 863;
INSERT INTO "monitoredBy" VALUES (863, 859);
INSERT INTO "TrackElement" ("id") VALUES (864);
INSERT INTO "Segment" ("id", "length") VALUES (864, 484);
UPDATE "TrackElement" SET "region" = 757 WHERE "id" = 864;
INSERT INTO "monitoredBy" VALUES (864, 859);
INSERT INTO "Sensor" ("id") VALUES (865);
UPDATE "Sensor" SET "region" = 757 WHERE "id" = 865;
INSERT INTO "monitoredBy" VALUES (858, 865);
INSERT INTO "requires" VALUES (756, 865);
INSERT INTO "TrackElement" ("id") VALUES (866);
INSERT INTO "Segment" ("id", "length") VALUES (866, 424);
UPDATE "TrackElement" SET "region" = 757 WHERE "id" = 866;
INSERT INTO "monitoredBy" VALUES (866, 865);
INSERT INTO "TrackElement" ("id") VALUES (867);
INSERT INTO "Segment" ("id", "length") VALUES (867, 234);
UPDATE "TrackElement" SET "region" = 757 WHERE "id" = 867;
INSERT INTO "monitoredBy" VALUES (867, 865);
INSERT INTO "TrackElement" ("id") VALUES (868);
INSERT INTO "Segment" ("id", "length") VALUES (868, 283);
UPDATE "TrackElement" SET "region" = 757 WHERE "id" = 868;
INSERT INTO "monitoredBy" VALUES (868, 865);
INSERT INTO "TrackElement" ("id") VALUES (869);
INSERT INTO "Segment" ("id", "length") VALUES (869, 781);
UPDATE "TrackElement" SET "region" = 757 WHERE "id" = 869;
INSERT INTO "monitoredBy" VALUES (869, 865);
INSERT INTO "TrackElement" ("id") VALUES (870);
INSERT INTO "Segment" ("id", "length") VALUES (870, 850);
UPDATE "TrackElement" SET "region" = 757 WHERE "id" = 870;
INSERT INTO "monitoredBy" VALUES (870, 865);
INSERT INTO "Sensor" ("id") VALUES (871);
UPDATE "Sensor" SET "region" = 757 WHERE "id" = 871;
INSERT INTO "monitoredBy" VALUES (858, 871);
INSERT INTO "requires" VALUES (756, 871);
INSERT INTO "TrackElement" ("id") VALUES (872);
INSERT INTO "Segment" ("id", "length") VALUES (872, 134);
UPDATE "TrackElement" SET "region" = 757 WHERE "id" = 872;
INSERT INTO "monitoredBy" VALUES (872, 871);
INSERT INTO "TrackElement" ("id") VALUES (873);
INSERT INTO "Segment" ("id", "length") VALUES (873, 519);
UPDATE "TrackElement" SET "region" = 757 WHERE "id" = 873;
INSERT INTO "monitoredBy" VALUES (873, 871);
INSERT INTO "TrackElement" ("id") VALUES (874);
INSERT INTO "Segment" ("id", "length") VALUES (874, 268);
UPDATE "TrackElement" SET "region" = 757 WHERE "id" = 874;
INSERT INTO "monitoredBy" VALUES (874, 871);
INSERT INTO "TrackElement" ("id") VALUES (875);
INSERT INTO "Segment" ("id", "length") VALUES (875, 499);
UPDATE "TrackElement" SET "region" = 757 WHERE "id" = 875;
INSERT INTO "monitoredBy" VALUES (875, 871);
INSERT INTO "TrackElement" ("id") VALUES (876);
INSERT INTO "Segment" ("id", "length") VALUES (876, 165);
UPDATE "TrackElement" SET "region" = 757 WHERE "id" = 876;
INSERT INTO "monitoredBy" VALUES (876, 871);
INSERT INTO "Sensor" ("id") VALUES (877);
UPDATE "Sensor" SET "region" = 757 WHERE "id" = 877;
INSERT INTO "monitoredBy" VALUES (858, 877);
INSERT INTO "requires" VALUES (756, 877);
INSERT INTO "TrackElement" ("id") VALUES (878);
INSERT INTO "Segment" ("id", "length") VALUES (878, 431);
UPDATE "TrackElement" SET "region" = 757 WHERE "id" = 878;
INSERT INTO "monitoredBy" VALUES (878, 877);
INSERT INTO "TrackElement" ("id") VALUES (879);
INSERT INTO "Segment" ("id", "length") VALUES (879, 954);
UPDATE "TrackElement" SET "region" = 757 WHERE "id" = 879;
INSERT INTO "monitoredBy" VALUES (879, 877);
INSERT INTO "TrackElement" ("id") VALUES (880);
INSERT INTO "Segment" ("id", "length") VALUES (880, 196);
UPDATE "TrackElement" SET "region" = 757 WHERE "id" = 880;
INSERT INTO "monitoredBy" VALUES (880, 877);
INSERT INTO "TrackElement" ("id") VALUES (881);
INSERT INTO "Segment" ("id", "length") VALUES (881, 704);
UPDATE "TrackElement" SET "region" = 757 WHERE "id" = 881;
INSERT INTO "monitoredBy" VALUES (881, 877);
INSERT INTO "TrackElement" ("id") VALUES (882);
INSERT INTO "Segment" ("id", "length") VALUES (882, 496);
UPDATE "TrackElement" SET "region" = 757 WHERE "id" = 882;
INSERT INTO "monitoredBy" VALUES (882, 877);
INSERT INTO "Sensor" ("id") VALUES (883);
UPDATE "Sensor" SET "region" = 757 WHERE "id" = 883;
INSERT INTO "monitoredBy" VALUES (858, 883);
INSERT INTO "requires" VALUES (756, 883);
INSERT INTO "TrackElement" ("id") VALUES (884);
INSERT INTO "Segment" ("id", "length") VALUES (884, 84);
UPDATE "TrackElement" SET "region" = 757 WHERE "id" = 884;
INSERT INTO "monitoredBy" VALUES (884, 883);
INSERT INTO "TrackElement" ("id") VALUES (885);
INSERT INTO "Segment" ("id", "length") VALUES (885, 931);
UPDATE "TrackElement" SET "region" = 757 WHERE "id" = 885;
INSERT INTO "monitoredBy" VALUES (885, 883);
INSERT INTO "TrackElement" ("id") VALUES (886);
INSERT INTO "Segment" ("id", "length") VALUES (886, 484);
UPDATE "TrackElement" SET "region" = 757 WHERE "id" = 886;
INSERT INTO "monitoredBy" VALUES (886, 883);
INSERT INTO "TrackElement" ("id") VALUES (887);
INSERT INTO "Segment" ("id", "length") VALUES (887, 18);
UPDATE "TrackElement" SET "region" = 757 WHERE "id" = 887;
INSERT INTO "monitoredBy" VALUES (887, 883);
INSERT INTO "TrackElement" ("id") VALUES (888);
INSERT INTO "Segment" ("id", "length") VALUES (888, 19);
UPDATE "TrackElement" SET "region" = 757 WHERE "id" = 888;
INSERT INTO "monitoredBy" VALUES (888, 883);
UPDATE "Switch" SET "currentPosition" = 0 WHERE "id" = 858;
INSERT INTO "SwitchPosition" ("id", "position", "target") VALUES (889, 0, 858);
UPDATE "SwitchPosition" SET "route" = 756 WHERE "id" = 889;
INSERT INTO "TrackElement" ("id") VALUES (890);
INSERT INTO "Switch" ("id") VALUES (890);
UPDATE "TrackElement" SET "region" = 757 WHERE "id" = 890;
INSERT INTO "Sensor" ("id") VALUES (891);
UPDATE "Sensor" SET "region" = 757 WHERE "id" = 891;
INSERT INTO "monitoredBy" VALUES (890, 891);
INSERT INTO "requires" VALUES (756, 891);
INSERT INTO "TrackElement" ("id") VALUES (892);
INSERT INTO "Segment" ("id", "length") VALUES (892, 761);
UPDATE "TrackElement" SET "region" = 757 WHERE "id" = 892;
INSERT INTO "monitoredBy" VALUES (892, 891);
INSERT INTO "TrackElement" ("id") VALUES (893);
INSERT INTO "Segment" ("id", "length") VALUES (893, 52);
UPDATE "TrackElement" SET "region" = 757 WHERE "id" = 893;
INSERT INTO "monitoredBy" VALUES (893, 891);
INSERT INTO "TrackElement" ("id") VALUES (894);
INSERT INTO "Segment" ("id", "length") VALUES (894, 938);
UPDATE "TrackElement" SET "region" = 757 WHERE "id" = 894;
INSERT INTO "monitoredBy" VALUES (894, 891);
INSERT INTO "TrackElement" ("id") VALUES (895);
INSERT INTO "Segment" ("id", "length") VALUES (895, 581);
UPDATE "TrackElement" SET "region" = 757 WHERE "id" = 895;
INSERT INTO "monitoredBy" VALUES (895, 891);
INSERT INTO "TrackElement" ("id") VALUES (896);
INSERT INTO "Segment" ("id", "length") VALUES (896, 39);
UPDATE "TrackElement" SET "region" = 757 WHERE "id" = 896;
INSERT INTO "monitoredBy" VALUES (896, 891);
INSERT INTO "Sensor" ("id") VALUES (897);
UPDATE "Sensor" SET "region" = 757 WHERE "id" = 897;
INSERT INTO "monitoredBy" VALUES (890, 897);
INSERT INTO "requires" VALUES (756, 897);
INSERT INTO "TrackElement" ("id") VALUES (898);
INSERT INTO "Segment" ("id", "length") VALUES (898, 804);
UPDATE "TrackElement" SET "region" = 757 WHERE "id" = 898;
INSERT INTO "monitoredBy" VALUES (898, 897);
INSERT INTO "TrackElement" ("id") VALUES (899);
INSERT INTO "Segment" ("id", "length") VALUES (899, 925);
UPDATE "TrackElement" SET "region" = 757 WHERE "id" = 899;
INSERT INTO "monitoredBy" VALUES (899, 897);
INSERT INTO "TrackElement" ("id") VALUES (900);
INSERT INTO "Segment" ("id", "length") VALUES (900, 764);
UPDATE "TrackElement" SET "region" = 757 WHERE "id" = 900;
INSERT INTO "monitoredBy" VALUES (900, 897);
INSERT INTO "TrackElement" ("id") VALUES (901);
INSERT INTO "Segment" ("id", "length") VALUES (901, 574);
UPDATE "TrackElement" SET "region" = 757 WHERE "id" = 901;
INSERT INTO "monitoredBy" VALUES (901, 897);
INSERT INTO "TrackElement" ("id") VALUES (902);
INSERT INTO "Segment" ("id", "length") VALUES (902, 41);
UPDATE "TrackElement" SET "region" = 757 WHERE "id" = 902;
INSERT INTO "monitoredBy" VALUES (902, 897);
INSERT INTO "Sensor" ("id") VALUES (903);
UPDATE "Sensor" SET "region" = 757 WHERE "id" = 903;
INSERT INTO "monitoredBy" VALUES (890, 903);
INSERT INTO "requires" VALUES (756, 903);
INSERT INTO "TrackElement" ("id") VALUES (904);
INSERT INTO "Segment" ("id", "length") VALUES (904, 434);
UPDATE "TrackElement" SET "region" = 757 WHERE "id" = 904;
INSERT INTO "monitoredBy" VALUES (904, 903);
INSERT INTO "TrackElement" ("id") VALUES (905);
INSERT INTO "Segment" ("id", "length") VALUES (905, 216);
UPDATE "TrackElement" SET "region" = 757 WHERE "id" = 905;
INSERT INTO "monitoredBy" VALUES (905, 903);
INSERT INTO "TrackElement" ("id") VALUES (906);
INSERT INTO "Segment" ("id", "length") VALUES (906, 160);
UPDATE "TrackElement" SET "region" = 757 WHERE "id" = 906;
INSERT INTO "monitoredBy" VALUES (906, 903);
INSERT INTO "TrackElement" ("id") VALUES (907);
INSERT INTO "Segment" ("id", "length") VALUES (907, 268);
UPDATE "TrackElement" SET "region" = 757 WHERE "id" = 907;
INSERT INTO "monitoredBy" VALUES (907, 903);
INSERT INTO "TrackElement" ("id") VALUES (908);
INSERT INTO "Segment" ("id", "length") VALUES (908, 934);
UPDATE "TrackElement" SET "region" = 757 WHERE "id" = 908;
INSERT INTO "monitoredBy" VALUES (908, 903);
UPDATE "Switch" SET "currentPosition" = 0 WHERE "id" = 890;
INSERT INTO "SwitchPosition" ("id", "position", "target") VALUES (909, 0, 890);
UPDATE "SwitchPosition" SET "route" = 756 WHERE "id" = 909;
INSERT INTO "TrackElement" ("id") VALUES (910);
INSERT INTO "Switch" ("id") VALUES (910);
UPDATE "TrackElement" SET "region" = 757 WHERE "id" = 910;
INSERT INTO "Sensor" ("id") VALUES (911);
UPDATE "Sensor" SET "region" = 757 WHERE "id" = 911;
INSERT INTO "monitoredBy" VALUES (910, 911);
INSERT INTO "requires" VALUES (756, 911);
INSERT INTO "TrackElement" ("id") VALUES (912);
INSERT INTO "Segment" ("id", "length") VALUES (912, 682);
UPDATE "TrackElement" SET "region" = 757 WHERE "id" = 912;
INSERT INTO "monitoredBy" VALUES (912, 911);
INSERT INTO "TrackElement" ("id") VALUES (913);
INSERT INTO "Segment" ("id", "length") VALUES (913, 115);
UPDATE "TrackElement" SET "region" = 757 WHERE "id" = 913;
INSERT INTO "monitoredBy" VALUES (913, 911);
INSERT INTO "TrackElement" ("id") VALUES (914);
INSERT INTO "Segment" ("id", "length") VALUES (914, 517);
UPDATE "TrackElement" SET "region" = 757 WHERE "id" = 914;
INSERT INTO "monitoredBy" VALUES (914, 911);
INSERT INTO "TrackElement" ("id") VALUES (915);
INSERT INTO "Segment" ("id", "length") VALUES (915, 294);
UPDATE "TrackElement" SET "region" = 757 WHERE "id" = 915;
INSERT INTO "monitoredBy" VALUES (915, 911);
INSERT INTO "TrackElement" ("id") VALUES (916);
INSERT INTO "Segment" ("id", "length") VALUES (916, 132);
UPDATE "TrackElement" SET "region" = 757 WHERE "id" = 916;
INSERT INTO "monitoredBy" VALUES (916, 911);
INSERT INTO "Sensor" ("id") VALUES (917);
UPDATE "Sensor" SET "region" = 757 WHERE "id" = 917;
INSERT INTO "monitoredBy" VALUES (910, 917);
INSERT INTO "requires" VALUES (756, 917);
INSERT INTO "TrackElement" ("id") VALUES (918);
INSERT INTO "Segment" ("id", "length") VALUES (918, 303);
UPDATE "TrackElement" SET "region" = 757 WHERE "id" = 918;
INSERT INTO "monitoredBy" VALUES (918, 917);
INSERT INTO "TrackElement" ("id") VALUES (919);
INSERT INTO "Segment" ("id", "length") VALUES (919, 208);
UPDATE "TrackElement" SET "region" = 757 WHERE "id" = 919;
INSERT INTO "monitoredBy" VALUES (919, 917);
INSERT INTO "TrackElement" ("id") VALUES (920);
INSERT INTO "Segment" ("id", "length") VALUES (920, 130);
UPDATE "TrackElement" SET "region" = 757 WHERE "id" = 920;
INSERT INTO "monitoredBy" VALUES (920, 917);
INSERT INTO "TrackElement" ("id") VALUES (921);
INSERT INTO "Segment" ("id", "length") VALUES (921, 672);
UPDATE "TrackElement" SET "region" = 757 WHERE "id" = 921;
INSERT INTO "monitoredBy" VALUES (921, 917);
INSERT INTO "TrackElement" ("id") VALUES (922);
INSERT INTO "Segment" ("id", "length") VALUES (922, 340);
UPDATE "TrackElement" SET "region" = 757 WHERE "id" = 922;
INSERT INTO "monitoredBy" VALUES (922, 917);
INSERT INTO "Sensor" ("id") VALUES (923);
UPDATE "Sensor" SET "region" = 757 WHERE "id" = 923;
INSERT INTO "monitoredBy" VALUES (910, 923);
INSERT INTO "requires" VALUES (756, 923);
INSERT INTO "TrackElement" ("id") VALUES (924);
INSERT INTO "Segment" ("id", "length") VALUES (924, 899);
UPDATE "TrackElement" SET "region" = 757 WHERE "id" = 924;
INSERT INTO "monitoredBy" VALUES (924, 923);
INSERT INTO "TrackElement" ("id") VALUES (925);
INSERT INTO "Segment" ("id", "length") VALUES (925, 893);
UPDATE "TrackElement" SET "region" = 757 WHERE "id" = 925;
INSERT INTO "monitoredBy" VALUES (925, 923);
INSERT INTO "TrackElement" ("id") VALUES (926);
INSERT INTO "Segment" ("id", "length") VALUES (926, 401);
UPDATE "TrackElement" SET "region" = 757 WHERE "id" = 926;
INSERT INTO "monitoredBy" VALUES (926, 923);
INSERT INTO "TrackElement" ("id") VALUES (927);
INSERT INTO "Segment" ("id", "length") VALUES (927, 197);
UPDATE "TrackElement" SET "region" = 757 WHERE "id" = 927;
INSERT INTO "monitoredBy" VALUES (927, 923);
INSERT INTO "TrackElement" ("id") VALUES (928);
INSERT INTO "Segment" ("id", "length") VALUES (928, 918);
UPDATE "TrackElement" SET "region" = 757 WHERE "id" = 928;
INSERT INTO "monitoredBy" VALUES (928, 923);
INSERT INTO "Sensor" ("id") VALUES (929);
UPDATE "Sensor" SET "region" = 757 WHERE "id" = 929;
INSERT INTO "monitoredBy" VALUES (910, 929);
INSERT INTO "requires" VALUES (756, 929);
INSERT INTO "TrackElement" ("id") VALUES (930);
INSERT INTO "Segment" ("id", "length") VALUES (930, 890);
UPDATE "TrackElement" SET "region" = 757 WHERE "id" = 930;
INSERT INTO "monitoredBy" VALUES (930, 929);
INSERT INTO "TrackElement" ("id") VALUES (931);
INSERT INTO "Segment" ("id", "length") VALUES (931, 420);
UPDATE "TrackElement" SET "region" = 757 WHERE "id" = 931;
INSERT INTO "monitoredBy" VALUES (931, 929);
INSERT INTO "TrackElement" ("id") VALUES (932);
INSERT INTO "Segment" ("id", "length") VALUES (932, 963);
UPDATE "TrackElement" SET "region" = 757 WHERE "id" = 932;
INSERT INTO "monitoredBy" VALUES (932, 929);
INSERT INTO "TrackElement" ("id") VALUES (933);
INSERT INTO "Segment" ("id", "length") VALUES (933, 313);
UPDATE "TrackElement" SET "region" = 757 WHERE "id" = 933;
INSERT INTO "monitoredBy" VALUES (933, 929);
INSERT INTO "TrackElement" ("id") VALUES (934);
INSERT INTO "Segment" ("id", "length") VALUES (934, 917);
UPDATE "TrackElement" SET "region" = 757 WHERE "id" = 934;
INSERT INTO "monitoredBy" VALUES (934, 929);
INSERT INTO "Sensor" ("id") VALUES (935);
UPDATE "Sensor" SET "region" = 757 WHERE "id" = 935;
INSERT INTO "monitoredBy" VALUES (910, 935);
INSERT INTO "requires" VALUES (756, 935);
INSERT INTO "TrackElement" ("id") VALUES (936);
INSERT INTO "Segment" ("id", "length") VALUES (936, 555);
UPDATE "TrackElement" SET "region" = 757 WHERE "id" = 936;
INSERT INTO "monitoredBy" VALUES (936, 935);
INSERT INTO "TrackElement" ("id") VALUES (937);
INSERT INTO "Segment" ("id", "length") VALUES (937, 720);
UPDATE "TrackElement" SET "region" = 757 WHERE "id" = 937;
INSERT INTO "monitoredBy" VALUES (937, 935);
INSERT INTO "TrackElement" ("id") VALUES (938);
INSERT INTO "Segment" ("id", "length") VALUES (938, 681);
UPDATE "TrackElement" SET "region" = 757 WHERE "id" = 938;
INSERT INTO "monitoredBy" VALUES (938, 935);
INSERT INTO "TrackElement" ("id") VALUES (939);
INSERT INTO "Segment" ("id", "length") VALUES (939, 256);
UPDATE "TrackElement" SET "region" = 757 WHERE "id" = 939;
INSERT INTO "monitoredBy" VALUES (939, 935);
INSERT INTO "TrackElement" ("id") VALUES (940);
INSERT INTO "Segment" ("id", "length") VALUES (940, 192);
UPDATE "TrackElement" SET "region" = 757 WHERE "id" = 940;
INSERT INTO "monitoredBy" VALUES (940, 935);
INSERT INTO "Sensor" ("id") VALUES (941);
UPDATE "Sensor" SET "region" = 757 WHERE "id" = 941;
INSERT INTO "monitoredBy" VALUES (910, 941);
INSERT INTO "requires" VALUES (756, 941);
INSERT INTO "TrackElement" ("id") VALUES (942);
INSERT INTO "Segment" ("id", "length") VALUES (942, 425);
UPDATE "TrackElement" SET "region" = 757 WHERE "id" = 942;
INSERT INTO "monitoredBy" VALUES (942, 941);
INSERT INTO "TrackElement" ("id") VALUES (943);
INSERT INTO "Segment" ("id", "length") VALUES (943, 186);
UPDATE "TrackElement" SET "region" = 757 WHERE "id" = 943;
INSERT INTO "monitoredBy" VALUES (943, 941);
INSERT INTO "TrackElement" ("id") VALUES (944);
INSERT INTO "Segment" ("id", "length") VALUES (944, 148);
UPDATE "TrackElement" SET "region" = 757 WHERE "id" = 944;
INSERT INTO "monitoredBy" VALUES (944, 941);
INSERT INTO "TrackElement" ("id") VALUES (945);
INSERT INTO "Segment" ("id", "length") VALUES (945, 230);
UPDATE "TrackElement" SET "region" = 757 WHERE "id" = 945;
INSERT INTO "monitoredBy" VALUES (945, 941);
INSERT INTO "TrackElement" ("id") VALUES (946);
INSERT INTO "Segment" ("id", "length") VALUES (946, 2);
UPDATE "TrackElement" SET "region" = 757 WHERE "id" = 946;
INSERT INTO "monitoredBy" VALUES (946, 941);
INSERT INTO "Sensor" ("id") VALUES (947);
UPDATE "Sensor" SET "region" = 757 WHERE "id" = 947;
INSERT INTO "monitoredBy" VALUES (910, 947);
INSERT INTO "requires" VALUES (756, 947);
INSERT INTO "TrackElement" ("id") VALUES (948);
INSERT INTO "Segment" ("id", "length") VALUES (948, 535);
UPDATE "TrackElement" SET "region" = 757 WHERE "id" = 948;
INSERT INTO "monitoredBy" VALUES (948, 947);
INSERT INTO "TrackElement" ("id") VALUES (949);
INSERT INTO "Segment" ("id", "length") VALUES (949, 526);
UPDATE "TrackElement" SET "region" = 757 WHERE "id" = 949;
INSERT INTO "monitoredBy" VALUES (949, 947);
INSERT INTO "TrackElement" ("id") VALUES (950);
INSERT INTO "Segment" ("id", "length") VALUES (950, 84);
UPDATE "TrackElement" SET "region" = 757 WHERE "id" = 950;
INSERT INTO "monitoredBy" VALUES (950, 947);
INSERT INTO "TrackElement" ("id") VALUES (951);
INSERT INTO "Segment" ("id", "length") VALUES (951, 814);
UPDATE "TrackElement" SET "region" = 757 WHERE "id" = 951;
INSERT INTO "monitoredBy" VALUES (951, 947);
INSERT INTO "TrackElement" ("id") VALUES (952);
INSERT INTO "Segment" ("id", "length") VALUES (952, 257);
UPDATE "TrackElement" SET "region" = 757 WHERE "id" = 952;
INSERT INTO "monitoredBy" VALUES (952, 947);
INSERT INTO "Sensor" ("id") VALUES (953);
UPDATE "Sensor" SET "region" = 757 WHERE "id" = 953;
INSERT INTO "monitoredBy" VALUES (910, 953);
INSERT INTO "requires" VALUES (756, 953);
INSERT INTO "TrackElement" ("id") VALUES (954);
INSERT INTO "Segment" ("id", "length") VALUES (954, 832);
UPDATE "TrackElement" SET "region" = 757 WHERE "id" = 954;
INSERT INTO "monitoredBy" VALUES (954, 953);
INSERT INTO "TrackElement" ("id") VALUES (955);
INSERT INTO "Segment" ("id", "length") VALUES (955, 250);
UPDATE "TrackElement" SET "region" = 757 WHERE "id" = 955;
INSERT INTO "monitoredBy" VALUES (955, 953);
INSERT INTO "TrackElement" ("id") VALUES (956);
INSERT INTO "Segment" ("id", "length") VALUES (956, 151);
UPDATE "TrackElement" SET "region" = 757 WHERE "id" = 956;
INSERT INTO "monitoredBy" VALUES (956, 953);
INSERT INTO "TrackElement" ("id") VALUES (957);
INSERT INTO "Segment" ("id", "length") VALUES (957, 63);
UPDATE "TrackElement" SET "region" = 757 WHERE "id" = 957;
INSERT INTO "monitoredBy" VALUES (957, 953);
INSERT INTO "TrackElement" ("id") VALUES (958);
INSERT INTO "Segment" ("id", "length") VALUES (958, 653);
UPDATE "TrackElement" SET "region" = 757 WHERE "id" = 958;
INSERT INTO "monitoredBy" VALUES (958, 953);
INSERT INTO "Sensor" ("id") VALUES (959);
UPDATE "Sensor" SET "region" = 757 WHERE "id" = 959;
INSERT INTO "monitoredBy" VALUES (910, 959);
INSERT INTO "requires" VALUES (756, 959);
INSERT INTO "TrackElement" ("id") VALUES (960);
INSERT INTO "Segment" ("id", "length") VALUES (960, 350);
UPDATE "TrackElement" SET "region" = 757 WHERE "id" = 960;
INSERT INTO "monitoredBy" VALUES (960, 959);
INSERT INTO "TrackElement" ("id") VALUES (961);
INSERT INTO "Segment" ("id", "length") VALUES (961, 967);
UPDATE "TrackElement" SET "region" = 757 WHERE "id" = 961;
INSERT INTO "monitoredBy" VALUES (961, 959);
INSERT INTO "TrackElement" ("id") VALUES (962);
INSERT INTO "Segment" ("id", "length") VALUES (962, 388);
UPDATE "TrackElement" SET "region" = 757 WHERE "id" = 962;
INSERT INTO "monitoredBy" VALUES (962, 959);
INSERT INTO "TrackElement" ("id") VALUES (963);
INSERT INTO "Segment" ("id", "length") VALUES (963, 37);
UPDATE "TrackElement" SET "region" = 757 WHERE "id" = 963;
INSERT INTO "monitoredBy" VALUES (963, 959);
INSERT INTO "TrackElement" ("id") VALUES (964);
INSERT INTO "Segment" ("id", "length") VALUES (964, 597);
UPDATE "TrackElement" SET "region" = 757 WHERE "id" = 964;
INSERT INTO "monitoredBy" VALUES (964, 959);
UPDATE "Switch" SET "currentPosition" = 2 WHERE "id" = 910;
INSERT INTO "SwitchPosition" ("id", "position", "target") VALUES (965, 2, 910);
UPDATE "SwitchPosition" SET "route" = 756 WHERE "id" = 965;
INSERT INTO "TrackElement" ("id") VALUES (966);
INSERT INTO "Switch" ("id") VALUES (966);
UPDATE "TrackElement" SET "region" = 757 WHERE "id" = 966;
INSERT INTO "Sensor" ("id") VALUES (967);
UPDATE "Sensor" SET "region" = 757 WHERE "id" = 967;
INSERT INTO "monitoredBy" VALUES (966, 967);
INSERT INTO "requires" VALUES (756, 967);
INSERT INTO "TrackElement" ("id") VALUES (968);
INSERT INTO "Segment" ("id", "length") VALUES (968, 477);
UPDATE "TrackElement" SET "region" = 757 WHERE "id" = 968;
INSERT INTO "monitoredBy" VALUES (968, 967);
INSERT INTO "TrackElement" ("id") VALUES (969);
INSERT INTO "Segment" ("id", "length") VALUES (969, 849);
UPDATE "TrackElement" SET "region" = 757 WHERE "id" = 969;
INSERT INTO "monitoredBy" VALUES (969, 967);
INSERT INTO "TrackElement" ("id") VALUES (970);
INSERT INTO "Segment" ("id", "length") VALUES (970, 42);
UPDATE "TrackElement" SET "region" = 757 WHERE "id" = 970;
INSERT INTO "monitoredBy" VALUES (970, 967);
INSERT INTO "TrackElement" ("id") VALUES (971);
INSERT INTO "Segment" ("id", "length") VALUES (971, 76);
UPDATE "TrackElement" SET "region" = 757 WHERE "id" = 971;
INSERT INTO "monitoredBy" VALUES (971, 967);
INSERT INTO "TrackElement" ("id") VALUES (972);
INSERT INTO "Segment" ("id", "length") VALUES (972, 450);
UPDATE "TrackElement" SET "region" = 757 WHERE "id" = 972;
INSERT INTO "monitoredBy" VALUES (972, 967);
INSERT INTO "Sensor" ("id") VALUES (973);
UPDATE "Sensor" SET "region" = 757 WHERE "id" = 973;
INSERT INTO "monitoredBy" VALUES (966, 973);
INSERT INTO "requires" VALUES (756, 973);
INSERT INTO "TrackElement" ("id") VALUES (974);
INSERT INTO "Segment" ("id", "length") VALUES (974, 14);
UPDATE "TrackElement" SET "region" = 757 WHERE "id" = 974;
INSERT INTO "monitoredBy" VALUES (974, 973);
INSERT INTO "TrackElement" ("id") VALUES (975);
INSERT INTO "Segment" ("id", "length") VALUES (975, 406);
UPDATE "TrackElement" SET "region" = 757 WHERE "id" = 975;
INSERT INTO "monitoredBy" VALUES (975, 973);
INSERT INTO "TrackElement" ("id") VALUES (976);
INSERT INTO "Segment" ("id", "length") VALUES (976, 918);
UPDATE "TrackElement" SET "region" = 757 WHERE "id" = 976;
INSERT INTO "monitoredBy" VALUES (976, 973);
INSERT INTO "TrackElement" ("id") VALUES (977);
INSERT INTO "Segment" ("id", "length") VALUES (977, 185);
UPDATE "TrackElement" SET "region" = 757 WHERE "id" = 977;
INSERT INTO "monitoredBy" VALUES (977, 973);
INSERT INTO "TrackElement" ("id") VALUES (978);
INSERT INTO "Segment" ("id", "length") VALUES (978, 525);
UPDATE "TrackElement" SET "region" = 757 WHERE "id" = 978;
INSERT INTO "monitoredBy" VALUES (978, 973);
INSERT INTO "Sensor" ("id") VALUES (979);
UPDATE "Sensor" SET "region" = 757 WHERE "id" = 979;
INSERT INTO "monitoredBy" VALUES (966, 979);
INSERT INTO "requires" VALUES (756, 979);
INSERT INTO "TrackElement" ("id") VALUES (980);
INSERT INTO "Segment" ("id", "length") VALUES (980, 593);
UPDATE "TrackElement" SET "region" = 757 WHERE "id" = 980;
INSERT INTO "monitoredBy" VALUES (980, 979);
INSERT INTO "TrackElement" ("id") VALUES (981);
INSERT INTO "Segment" ("id", "length") VALUES (981, 932);
UPDATE "TrackElement" SET "region" = 757 WHERE "id" = 981;
INSERT INTO "monitoredBy" VALUES (981, 979);
INSERT INTO "TrackElement" ("id") VALUES (982);
INSERT INTO "Segment" ("id", "length") VALUES (982, 862);
UPDATE "TrackElement" SET "region" = 757 WHERE "id" = 982;
INSERT INTO "monitoredBy" VALUES (982, 979);
INSERT INTO "TrackElement" ("id") VALUES (983);
INSERT INTO "Segment" ("id", "length") VALUES (983, 263);
UPDATE "TrackElement" SET "region" = 757 WHERE "id" = 983;
INSERT INTO "monitoredBy" VALUES (983, 979);
INSERT INTO "TrackElement" ("id") VALUES (984);
INSERT INTO "Segment" ("id", "length") VALUES (984, 301);
UPDATE "TrackElement" SET "region" = 757 WHERE "id" = 984;
INSERT INTO "monitoredBy" VALUES (984, 979);
INSERT INTO "Sensor" ("id") VALUES (985);
UPDATE "Sensor" SET "region" = 757 WHERE "id" = 985;
INSERT INTO "monitoredBy" VALUES (966, 985);
INSERT INTO "requires" VALUES (756, 985);
INSERT INTO "TrackElement" ("id") VALUES (986);
INSERT INTO "Segment" ("id", "length") VALUES (986, 359);
UPDATE "TrackElement" SET "region" = 757 WHERE "id" = 986;
INSERT INTO "monitoredBy" VALUES (986, 985);
INSERT INTO "TrackElement" ("id") VALUES (987);
INSERT INTO "Segment" ("id", "length") VALUES (987, 606);
UPDATE "TrackElement" SET "region" = 757 WHERE "id" = 987;
INSERT INTO "monitoredBy" VALUES (987, 985);
INSERT INTO "TrackElement" ("id") VALUES (988);
INSERT INTO "Segment" ("id", "length") VALUES (988, 980);
UPDATE "TrackElement" SET "region" = 757 WHERE "id" = 988;
INSERT INTO "monitoredBy" VALUES (988, 985);
INSERT INTO "TrackElement" ("id") VALUES (989);
INSERT INTO "Segment" ("id", "length") VALUES (989, 913);
UPDATE "TrackElement" SET "region" = 757 WHERE "id" = 989;
INSERT INTO "monitoredBy" VALUES (989, 985);
INSERT INTO "TrackElement" ("id") VALUES (990);
INSERT INTO "Segment" ("id", "length") VALUES (990, 282);
UPDATE "TrackElement" SET "region" = 757 WHERE "id" = 990;
INSERT INTO "monitoredBy" VALUES (990, 985);
INSERT INTO "Sensor" ("id") VALUES (991);
UPDATE "Sensor" SET "region" = 757 WHERE "id" = 991;
INSERT INTO "monitoredBy" VALUES (966, 991);
INSERT INTO "requires" VALUES (756, 991);
INSERT INTO "TrackElement" ("id") VALUES (992);
INSERT INTO "Segment" ("id", "length") VALUES (992, 5);
UPDATE "TrackElement" SET "region" = 757 WHERE "id" = 992;
INSERT INTO "monitoredBy" VALUES (992, 991);
INSERT INTO "TrackElement" ("id") VALUES (993);
INSERT INTO "Segment" ("id", "length") VALUES (993, 288);
UPDATE "TrackElement" SET "region" = 757 WHERE "id" = 993;
INSERT INTO "monitoredBy" VALUES (993, 991);
INSERT INTO "TrackElement" ("id") VALUES (994);
INSERT INTO "Segment" ("id", "length") VALUES (994, 596);
UPDATE "TrackElement" SET "region" = 757 WHERE "id" = 994;
INSERT INTO "monitoredBy" VALUES (994, 991);
INSERT INTO "TrackElement" ("id") VALUES (995);
INSERT INTO "Segment" ("id", "length") VALUES (995, 637);
UPDATE "TrackElement" SET "region" = 757 WHERE "id" = 995;
INSERT INTO "monitoredBy" VALUES (995, 991);
INSERT INTO "TrackElement" ("id") VALUES (996);
INSERT INTO "Segment" ("id", "length") VALUES (996, 647);
UPDATE "TrackElement" SET "region" = 757 WHERE "id" = 996;
INSERT INTO "monitoredBy" VALUES (996, 991);
INSERT INTO "Sensor" ("id") VALUES (997);
UPDATE "Sensor" SET "region" = 757 WHERE "id" = 997;
INSERT INTO "monitoredBy" VALUES (966, 997);
INSERT INTO "requires" VALUES (756, 997);
INSERT INTO "TrackElement" ("id") VALUES (998);
INSERT INTO "Segment" ("id", "length") VALUES (998, 111);
UPDATE "TrackElement" SET "region" = 757 WHERE "id" = 998;
INSERT INTO "monitoredBy" VALUES (998, 997);
INSERT INTO "TrackElement" ("id") VALUES (999);
INSERT INTO "Segment" ("id", "length") VALUES (999, 704);
UPDATE "TrackElement" SET "region" = 757 WHERE "id" = 999;
INSERT INTO "monitoredBy" VALUES (999, 997);
INSERT INTO "TrackElement" ("id") VALUES (1000);
INSERT INTO "Segment" ("id", "length") VALUES (1000, 423);
UPDATE "TrackElement" SET "region" = 757 WHERE "id" = 1000;
INSERT INTO "monitoredBy" VALUES (1000, 997);
INSERT INTO "TrackElement" ("id") VALUES (1001);
INSERT INTO "Segment" ("id", "length") VALUES (1001, 463);
UPDATE "TrackElement" SET "region" = 757 WHERE "id" = 1001;
INSERT INTO "monitoredBy" VALUES (1001, 997);
INSERT INTO "TrackElement" ("id") VALUES (1002);
INSERT INTO "Segment" ("id", "length") VALUES (1002, 734);
UPDATE "TrackElement" SET "region" = 757 WHERE "id" = 1002;
INSERT INTO "monitoredBy" VALUES (1002, 997);
INSERT INTO "Sensor" ("id") VALUES (1003);
UPDATE "Sensor" SET "region" = 757 WHERE "id" = 1003;
INSERT INTO "monitoredBy" VALUES (966, 1003);
INSERT INTO "requires" VALUES (756, 1003);
INSERT INTO "TrackElement" ("id") VALUES (1004);
INSERT INTO "Segment" ("id", "length") VALUES (1004, 425);
UPDATE "TrackElement" SET "region" = 757 WHERE "id" = 1004;
INSERT INTO "monitoredBy" VALUES (1004, 1003);
INSERT INTO "TrackElement" ("id") VALUES (1005);
INSERT INTO "Segment" ("id", "length") VALUES (1005, 704);
UPDATE "TrackElement" SET "region" = 757 WHERE "id" = 1005;
INSERT INTO "monitoredBy" VALUES (1005, 1003);
INSERT INTO "TrackElement" ("id") VALUES (1006);
INSERT INTO "Segment" ("id", "length") VALUES (1006, 209);
UPDATE "TrackElement" SET "region" = 757 WHERE "id" = 1006;
INSERT INTO "monitoredBy" VALUES (1006, 1003);
INSERT INTO "TrackElement" ("id") VALUES (1007);
INSERT INTO "Segment" ("id", "length") VALUES (1007, 240);
UPDATE "TrackElement" SET "region" = 757 WHERE "id" = 1007;
INSERT INTO "monitoredBy" VALUES (1007, 1003);
INSERT INTO "TrackElement" ("id") VALUES (1008);
INSERT INTO "Segment" ("id", "length") VALUES (1008, 589);
UPDATE "TrackElement" SET "region" = 757 WHERE "id" = 1008;
INSERT INTO "monitoredBy" VALUES (1008, 1003);
INSERT INTO "Sensor" ("id") VALUES (1009);
UPDATE "Sensor" SET "region" = 757 WHERE "id" = 1009;
INSERT INTO "monitoredBy" VALUES (966, 1009);
INSERT INTO "requires" VALUES (756, 1009);
INSERT INTO "TrackElement" ("id") VALUES (1010);
INSERT INTO "Segment" ("id", "length") VALUES (1010, 640);
UPDATE "TrackElement" SET "region" = 757 WHERE "id" = 1010;
INSERT INTO "monitoredBy" VALUES (1010, 1009);
INSERT INTO "TrackElement" ("id") VALUES (1011);
INSERT INTO "Segment" ("id", "length") VALUES (1011, 760);
UPDATE "TrackElement" SET "region" = 757 WHERE "id" = 1011;
INSERT INTO "monitoredBy" VALUES (1011, 1009);
INSERT INTO "TrackElement" ("id") VALUES (1012);
INSERT INTO "Segment" ("id", "length") VALUES (1012, 488);
UPDATE "TrackElement" SET "region" = 757 WHERE "id" = 1012;
INSERT INTO "monitoredBy" VALUES (1012, 1009);
INSERT INTO "TrackElement" ("id") VALUES (1013);
INSERT INTO "Segment" ("id", "length") VALUES (1013, 912);
UPDATE "TrackElement" SET "region" = 757 WHERE "id" = 1013;
INSERT INTO "monitoredBy" VALUES (1013, 1009);
INSERT INTO "TrackElement" ("id") VALUES (1014);
INSERT INTO "Segment" ("id", "length") VALUES (1014, 945);
UPDATE "TrackElement" SET "region" = 757 WHERE "id" = 1014;
INSERT INTO "monitoredBy" VALUES (1014, 1009);
UPDATE "Switch" SET "currentPosition" = 1 WHERE "id" = 966;
INSERT INTO "SwitchPosition" ("id", "position", "target") VALUES (1015, 1, 966);
UPDATE "SwitchPosition" SET "route" = 756 WHERE "id" = 1015;
INSERT INTO "TrackElement" ("id") VALUES (1016);
INSERT INTO "Switch" ("id") VALUES (1016);
UPDATE "TrackElement" SET "region" = 757 WHERE "id" = 1016;
INSERT INTO "Sensor" ("id") VALUES (1017);
UPDATE "Sensor" SET "region" = 757 WHERE "id" = 1017;
INSERT INTO "monitoredBy" VALUES (1016, 1017);
INSERT INTO "requires" VALUES (756, 1017);
INSERT INTO "TrackElement" ("id") VALUES (1018);
INSERT INTO "Segment" ("id", "length") VALUES (1018, 974);
UPDATE "TrackElement" SET "region" = 757 WHERE "id" = 1018;
INSERT INTO "monitoredBy" VALUES (1018, 1017);
INSERT INTO "TrackElement" ("id") VALUES (1019);
INSERT INTO "Segment" ("id", "length") VALUES (1019, 205);
UPDATE "TrackElement" SET "region" = 757 WHERE "id" = 1019;
INSERT INTO "monitoredBy" VALUES (1019, 1017);
INSERT INTO "TrackElement" ("id") VALUES (1020);
INSERT INTO "Segment" ("id", "length") VALUES (1020, 692);
UPDATE "TrackElement" SET "region" = 757 WHERE "id" = 1020;
INSERT INTO "monitoredBy" VALUES (1020, 1017);
INSERT INTO "TrackElement" ("id") VALUES (1021);
INSERT INTO "Segment" ("id", "length") VALUES (1021, 350);
UPDATE "TrackElement" SET "region" = 757 WHERE "id" = 1021;
INSERT INTO "monitoredBy" VALUES (1021, 1017);
INSERT INTO "TrackElement" ("id") VALUES (1022);
INSERT INTO "Segment" ("id", "length") VALUES (1022, 605);
UPDATE "TrackElement" SET "region" = 757 WHERE "id" = 1022;
INSERT INTO "monitoredBy" VALUES (1022, 1017);
UPDATE "Switch" SET "currentPosition" = 2 WHERE "id" = 1016;
INSERT INTO "SwitchPosition" ("id", "position", "target") VALUES (1023, 2, 1016);
UPDATE "SwitchPosition" SET "route" = 756 WHERE "id" = 1023;
INSERT INTO "TrackElement" ("id") VALUES (1024);
INSERT INTO "Switch" ("id") VALUES (1024);
UPDATE "TrackElement" SET "region" = 757 WHERE "id" = 1024;
INSERT INTO "Sensor" ("id") VALUES (1025);
UPDATE "Sensor" SET "region" = 757 WHERE "id" = 1025;
INSERT INTO "monitoredBy" VALUES (1024, 1025);
INSERT INTO "requires" VALUES (756, 1025);
INSERT INTO "TrackElement" ("id") VALUES (1026);
INSERT INTO "Segment" ("id", "length") VALUES (1026, 791);
UPDATE "TrackElement" SET "region" = 757 WHERE "id" = 1026;
INSERT INTO "monitoredBy" VALUES (1026, 1025);
INSERT INTO "TrackElement" ("id") VALUES (1027);
INSERT INTO "Segment" ("id", "length") VALUES (1027, 688);
UPDATE "TrackElement" SET "region" = 757 WHERE "id" = 1027;
INSERT INTO "monitoredBy" VALUES (1027, 1025);
INSERT INTO "TrackElement" ("id") VALUES (1028);
INSERT INTO "Segment" ("id", "length") VALUES (1028, 68);
UPDATE "TrackElement" SET "region" = 757 WHERE "id" = 1028;
INSERT INTO "monitoredBy" VALUES (1028, 1025);
INSERT INTO "TrackElement" ("id") VALUES (1029);
INSERT INTO "Segment" ("id", "length") VALUES (1029, 878);
UPDATE "TrackElement" SET "region" = 757 WHERE "id" = 1029;
INSERT INTO "monitoredBy" VALUES (1029, 1025);
INSERT INTO "TrackElement" ("id") VALUES (1030);
INSERT INTO "Segment" ("id", "length") VALUES (1030, 190);
UPDATE "TrackElement" SET "region" = 757 WHERE "id" = 1030;
INSERT INTO "monitoredBy" VALUES (1030, 1025);
INSERT INTO "Sensor" ("id") VALUES (1031);
UPDATE "Sensor" SET "region" = 757 WHERE "id" = 1031;
INSERT INTO "monitoredBy" VALUES (1024, 1031);
INSERT INTO "requires" VALUES (756, 1031);
INSERT INTO "TrackElement" ("id") VALUES (1032);
INSERT INTO "Segment" ("id", "length") VALUES (1032, 33);
UPDATE "TrackElement" SET "region" = 757 WHERE "id" = 1032;
INSERT INTO "monitoredBy" VALUES (1032, 1031);
INSERT INTO "TrackElement" ("id") VALUES (1033);
INSERT INTO "Segment" ("id", "length") VALUES (1033, 874);
UPDATE "TrackElement" SET "region" = 757 WHERE "id" = 1033;
INSERT INTO "monitoredBy" VALUES (1033, 1031);
INSERT INTO "TrackElement" ("id") VALUES (1034);
INSERT INTO "Segment" ("id", "length") VALUES (1034, 585);
UPDATE "TrackElement" SET "region" = 757 WHERE "id" = 1034;
INSERT INTO "monitoredBy" VALUES (1034, 1031);
INSERT INTO "TrackElement" ("id") VALUES (1035);
INSERT INTO "Segment" ("id", "length") VALUES (1035, 366);
UPDATE "TrackElement" SET "region" = 757 WHERE "id" = 1035;
INSERT INTO "monitoredBy" VALUES (1035, 1031);
INSERT INTO "TrackElement" ("id") VALUES (1036);
INSERT INTO "Segment" ("id", "length") VALUES (1036, 887);
UPDATE "TrackElement" SET "region" = 757 WHERE "id" = 1036;
INSERT INTO "monitoredBy" VALUES (1036, 1031);
INSERT INTO "Sensor" ("id") VALUES (1037);
UPDATE "Sensor" SET "region" = 757 WHERE "id" = 1037;
INSERT INTO "monitoredBy" VALUES (1024, 1037);
INSERT INTO "requires" VALUES (756, 1037);
INSERT INTO "TrackElement" ("id") VALUES (1038);
INSERT INTO "Segment" ("id", "length") VALUES (1038, 862);
UPDATE "TrackElement" SET "region" = 757 WHERE "id" = 1038;
INSERT INTO "monitoredBy" VALUES (1038, 1037);
INSERT INTO "TrackElement" ("id") VALUES (1039);
INSERT INTO "Segment" ("id", "length") VALUES (1039, 52);
UPDATE "TrackElement" SET "region" = 757 WHERE "id" = 1039;
INSERT INTO "monitoredBy" VALUES (1039, 1037);
INSERT INTO "TrackElement" ("id") VALUES (1040);
INSERT INTO "Segment" ("id", "length") VALUES (1040, 54);
UPDATE "TrackElement" SET "region" = 757 WHERE "id" = 1040;
INSERT INTO "monitoredBy" VALUES (1040, 1037);
INSERT INTO "TrackElement" ("id") VALUES (1041);
INSERT INTO "Segment" ("id", "length") VALUES (1041, 364);
UPDATE "TrackElement" SET "region" = 757 WHERE "id" = 1041;
INSERT INTO "monitoredBy" VALUES (1041, 1037);
INSERT INTO "TrackElement" ("id") VALUES (1042);
INSERT INTO "Segment" ("id", "length") VALUES (1042, 773);
UPDATE "TrackElement" SET "region" = 757 WHERE "id" = 1042;
INSERT INTO "monitoredBy" VALUES (1042, 1037);
INSERT INTO "Sensor" ("id") VALUES (1043);
UPDATE "Sensor" SET "region" = 757 WHERE "id" = 1043;
INSERT INTO "monitoredBy" VALUES (1024, 1043);
INSERT INTO "requires" VALUES (756, 1043);
INSERT INTO "TrackElement" ("id") VALUES (1044);
INSERT INTO "Segment" ("id", "length") VALUES (1044, 801);
UPDATE "TrackElement" SET "region" = 757 WHERE "id" = 1044;
INSERT INTO "monitoredBy" VALUES (1044, 1043);
INSERT INTO "TrackElement" ("id") VALUES (1045);
INSERT INTO "Segment" ("id", "length") VALUES (1045, 210);
UPDATE "TrackElement" SET "region" = 757 WHERE "id" = 1045;
INSERT INTO "monitoredBy" VALUES (1045, 1043);
INSERT INTO "TrackElement" ("id") VALUES (1046);
INSERT INTO "Segment" ("id", "length") VALUES (1046, 575);
UPDATE "TrackElement" SET "region" = 757 WHERE "id" = 1046;
INSERT INTO "monitoredBy" VALUES (1046, 1043);
INSERT INTO "TrackElement" ("id") VALUES (1047);
INSERT INTO "Segment" ("id", "length") VALUES (1047, 407);
UPDATE "TrackElement" SET "region" = 757 WHERE "id" = 1047;
INSERT INTO "monitoredBy" VALUES (1047, 1043);
INSERT INTO "TrackElement" ("id") VALUES (1048);
INSERT INTO "Segment" ("id", "length") VALUES (1048, 858);
UPDATE "TrackElement" SET "region" = 757 WHERE "id" = 1048;
INSERT INTO "monitoredBy" VALUES (1048, 1043);
UPDATE "Switch" SET "currentPosition" = 2 WHERE "id" = 1024;
INSERT INTO "SwitchPosition" ("id", "position", "target") VALUES (1049, 2, 1024);
UPDATE "SwitchPosition" SET "route" = 756 WHERE "id" = 1049;
INSERT INTO "TrackElement" ("id") VALUES (1050);
INSERT INTO "Switch" ("id") VALUES (1050);
UPDATE "TrackElement" SET "region" = 757 WHERE "id" = 1050;
INSERT INTO "Sensor" ("id") VALUES (1051);
UPDATE "Sensor" SET "region" = 757 WHERE "id" = 1051;
INSERT INTO "monitoredBy" VALUES (1050, 1051);
INSERT INTO "requires" VALUES (756, 1051);
INSERT INTO "TrackElement" ("id") VALUES (1052);
INSERT INTO "Segment" ("id", "length") VALUES (1052, 258);
UPDATE "TrackElement" SET "region" = 757 WHERE "id" = 1052;
INSERT INTO "monitoredBy" VALUES (1052, 1051);
INSERT INTO "TrackElement" ("id") VALUES (1053);
INSERT INTO "Segment" ("id", "length") VALUES (1053, 371);
UPDATE "TrackElement" SET "region" = 757 WHERE "id" = 1053;
INSERT INTO "monitoredBy" VALUES (1053, 1051);
INSERT INTO "TrackElement" ("id") VALUES (1054);
INSERT INTO "Segment" ("id", "length") VALUES (1054, 653);
UPDATE "TrackElement" SET "region" = 757 WHERE "id" = 1054;
INSERT INTO "monitoredBy" VALUES (1054, 1051);
INSERT INTO "TrackElement" ("id") VALUES (1055);
INSERT INTO "Segment" ("id", "length") VALUES (1055, 313);
UPDATE "TrackElement" SET "region" = 757 WHERE "id" = 1055;
INSERT INTO "monitoredBy" VALUES (1055, 1051);
INSERT INTO "TrackElement" ("id") VALUES (1056);
INSERT INTO "Segment" ("id", "length") VALUES (1056, 922);
UPDATE "TrackElement" SET "region" = 757 WHERE "id" = 1056;
INSERT INTO "monitoredBy" VALUES (1056, 1051);
INSERT INTO "Sensor" ("id") VALUES (1057);
UPDATE "Sensor" SET "region" = 757 WHERE "id" = 1057;
INSERT INTO "monitoredBy" VALUES (1050, 1057);
INSERT INTO "requires" VALUES (756, 1057);
INSERT INTO "TrackElement" ("id") VALUES (1058);
INSERT INTO "Segment" ("id", "length") VALUES (1058, 36);
UPDATE "TrackElement" SET "region" = 757 WHERE "id" = 1058;
INSERT INTO "monitoredBy" VALUES (1058, 1057);
INSERT INTO "TrackElement" ("id") VALUES (1059);
INSERT INTO "Segment" ("id", "length") VALUES (1059, 422);
UPDATE "TrackElement" SET "region" = 757 WHERE "id" = 1059;
INSERT INTO "monitoredBy" VALUES (1059, 1057);
INSERT INTO "TrackElement" ("id") VALUES (1060);
INSERT INTO "Segment" ("id", "length") VALUES (1060, 691);
UPDATE "TrackElement" SET "region" = 757 WHERE "id" = 1060;
INSERT INTO "monitoredBy" VALUES (1060, 1057);
INSERT INTO "TrackElement" ("id") VALUES (1061);
INSERT INTO "Segment" ("id", "length") VALUES (1061, 527);
UPDATE "TrackElement" SET "region" = 757 WHERE "id" = 1061;
INSERT INTO "monitoredBy" VALUES (1061, 1057);
INSERT INTO "TrackElement" ("id") VALUES (1062);
INSERT INTO "Segment" ("id", "length") VALUES (1062, 927);
UPDATE "TrackElement" SET "region" = 757 WHERE "id" = 1062;
INSERT INTO "monitoredBy" VALUES (1062, 1057);
INSERT INTO "Sensor" ("id") VALUES (1063);
UPDATE "Sensor" SET "region" = 757 WHERE "id" = 1063;
INSERT INTO "monitoredBy" VALUES (1050, 1063);
INSERT INTO "requires" VALUES (756, 1063);
INSERT INTO "TrackElement" ("id") VALUES (1064);
INSERT INTO "Segment" ("id", "length") VALUES (1064, 403);
UPDATE "TrackElement" SET "region" = 757 WHERE "id" = 1064;
INSERT INTO "monitoredBy" VALUES (1064, 1063);
INSERT INTO "TrackElement" ("id") VALUES (1065);
INSERT INTO "Segment" ("id", "length") VALUES (1065, 124);
UPDATE "TrackElement" SET "region" = 757 WHERE "id" = 1065;
INSERT INTO "monitoredBy" VALUES (1065, 1063);
INSERT INTO "TrackElement" ("id") VALUES (1066);
INSERT INTO "Segment" ("id", "length") VALUES (1066, 808);
UPDATE "TrackElement" SET "region" = 757 WHERE "id" = 1066;
INSERT INTO "monitoredBy" VALUES (1066, 1063);
INSERT INTO "TrackElement" ("id") VALUES (1067);
INSERT INTO "Segment" ("id", "length") VALUES (1067, 323);
UPDATE "TrackElement" SET "region" = 757 WHERE "id" = 1067;
INSERT INTO "monitoredBy" VALUES (1067, 1063);
INSERT INTO "TrackElement" ("id") VALUES (1068);
INSERT INTO "Segment" ("id", "length") VALUES (1068, 241);
UPDATE "TrackElement" SET "region" = 757 WHERE "id" = 1068;
INSERT INTO "monitoredBy" VALUES (1068, 1063);
UPDATE "Switch" SET "currentPosition" = 0 WHERE "id" = 1050;
INSERT INTO "SwitchPosition" ("id", "position", "target") VALUES (1069, 0, 1050);
UPDATE "SwitchPosition" SET "route" = 756 WHERE "id" = 1069;
INSERT INTO "TrackElement" ("id") VALUES (1070);
INSERT INTO "Switch" ("id") VALUES (1070);
UPDATE "TrackElement" SET "region" = 757 WHERE "id" = 1070;
INSERT INTO "Sensor" ("id") VALUES (1071);
UPDATE "Sensor" SET "region" = 757 WHERE "id" = 1071;
INSERT INTO "monitoredBy" VALUES (1070, 1071);
INSERT INTO "requires" VALUES (756, 1071);
INSERT INTO "TrackElement" ("id") VALUES (1072);
INSERT INTO "Segment" ("id", "length") VALUES (1072, 892);
UPDATE "TrackElement" SET "region" = 757 WHERE "id" = 1072;
INSERT INTO "monitoredBy" VALUES (1072, 1071);
INSERT INTO "TrackElement" ("id") VALUES (1073);
INSERT INTO "Segment" ("id", "length") VALUES (1073, 576);
UPDATE "TrackElement" SET "region" = 757 WHERE "id" = 1073;
INSERT INTO "monitoredBy" VALUES (1073, 1071);
INSERT INTO "TrackElement" ("id") VALUES (1074);
INSERT INTO "Segment" ("id", "length") VALUES (1074, 337);
UPDATE "TrackElement" SET "region" = 757 WHERE "id" = 1074;
INSERT INTO "monitoredBy" VALUES (1074, 1071);
INSERT INTO "TrackElement" ("id") VALUES (1075);
INSERT INTO "Segment" ("id", "length") VALUES (1075, 863);
UPDATE "TrackElement" SET "region" = 757 WHERE "id" = 1075;
INSERT INTO "monitoredBy" VALUES (1075, 1071);
INSERT INTO "TrackElement" ("id") VALUES (1076);
INSERT INTO "Segment" ("id", "length") VALUES (1076, 196);
UPDATE "TrackElement" SET "region" = 757 WHERE "id" = 1076;
INSERT INTO "monitoredBy" VALUES (1076, 1071);
UPDATE "Switch" SET "currentPosition" = 0 WHERE "id" = 1070;
INSERT INTO "SwitchPosition" ("id", "position", "target") VALUES (1077, 0, 1070);
UPDATE "SwitchPosition" SET "route" = 756 WHERE "id" = 1077;
INSERT INTO "TrackElement" ("id") VALUES (1078);
INSERT INTO "Switch" ("id") VALUES (1078);
UPDATE "TrackElement" SET "region" = 757 WHERE "id" = 1078;
INSERT INTO "Sensor" ("id") VALUES (1079);
UPDATE "Sensor" SET "region" = 757 WHERE "id" = 1079;
INSERT INTO "monitoredBy" VALUES (1078, 1079);
INSERT INTO "requires" VALUES (756, 1079);
INSERT INTO "TrackElement" ("id") VALUES (1080);
INSERT INTO "Segment" ("id", "length") VALUES (1080, 33);
UPDATE "TrackElement" SET "region" = 757 WHERE "id" = 1080;
INSERT INTO "monitoredBy" VALUES (1080, 1079);
INSERT INTO "TrackElement" ("id") VALUES (1081);
INSERT INTO "Segment" ("id", "length") VALUES (1081, 649);
UPDATE "TrackElement" SET "region" = 757 WHERE "id" = 1081;
INSERT INTO "monitoredBy" VALUES (1081, 1079);
INSERT INTO "TrackElement" ("id") VALUES (1082);
INSERT INTO "Segment" ("id", "length") VALUES (1082, 667);
UPDATE "TrackElement" SET "region" = 757 WHERE "id" = 1082;
INSERT INTO "monitoredBy" VALUES (1082, 1079);
INSERT INTO "TrackElement" ("id") VALUES (1083);
INSERT INTO "Segment" ("id", "length") VALUES (1083, 998);
UPDATE "TrackElement" SET "region" = 757 WHERE "id" = 1083;
INSERT INTO "monitoredBy" VALUES (1083, 1079);
INSERT INTO "TrackElement" ("id") VALUES (1084);
INSERT INTO "Segment" ("id", "length") VALUES (1084, 967);
UPDATE "TrackElement" SET "region" = 757 WHERE "id" = 1084;
INSERT INTO "monitoredBy" VALUES (1084, 1079);
INSERT INTO "Sensor" ("id") VALUES (1085);
UPDATE "Sensor" SET "region" = 757 WHERE "id" = 1085;
INSERT INTO "monitoredBy" VALUES (1078, 1085);
INSERT INTO "requires" VALUES (756, 1085);
INSERT INTO "TrackElement" ("id") VALUES (1086);
INSERT INTO "Segment" ("id", "length") VALUES (1086, 94);
UPDATE "TrackElement" SET "region" = 757 WHERE "id" = 1086;
INSERT INTO "monitoredBy" VALUES (1086, 1085);
INSERT INTO "TrackElement" ("id") VALUES (1087);
INSERT INTO "Segment" ("id", "length") VALUES (1087, 180);
UPDATE "TrackElement" SET "region" = 757 WHERE "id" = 1087;
INSERT INTO "monitoredBy" VALUES (1087, 1085);
INSERT INTO "TrackElement" ("id") VALUES (1088);
INSERT INTO "Segment" ("id", "length") VALUES (1088, 848);
UPDATE "TrackElement" SET "region" = 757 WHERE "id" = 1088;
INSERT INTO "monitoredBy" VALUES (1088, 1085);
INSERT INTO "TrackElement" ("id") VALUES (1089);
INSERT INTO "Segment" ("id", "length") VALUES (1089, 153);
UPDATE "TrackElement" SET "region" = 757 WHERE "id" = 1089;
INSERT INTO "monitoredBy" VALUES (1089, 1085);
INSERT INTO "TrackElement" ("id") VALUES (1090);
INSERT INTO "Segment" ("id", "length") VALUES (1090, 200);
UPDATE "TrackElement" SET "region" = 757 WHERE "id" = 1090;
INSERT INTO "monitoredBy" VALUES (1090, 1085);
INSERT INTO "Sensor" ("id") VALUES (1091);
UPDATE "Sensor" SET "region" = 757 WHERE "id" = 1091;
INSERT INTO "monitoredBy" VALUES (1078, 1091);
INSERT INTO "requires" VALUES (756, 1091);
INSERT INTO "TrackElement" ("id") VALUES (1092);
INSERT INTO "Segment" ("id", "length") VALUES (1092, 533);
UPDATE "TrackElement" SET "region" = 757 WHERE "id" = 1092;
INSERT INTO "monitoredBy" VALUES (1092, 1091);
INSERT INTO "TrackElement" ("id") VALUES (1093);
INSERT INTO "Segment" ("id", "length") VALUES (1093, 895);
UPDATE "TrackElement" SET "region" = 757 WHERE "id" = 1093;
INSERT INTO "monitoredBy" VALUES (1093, 1091);
INSERT INTO "TrackElement" ("id") VALUES (1094);
INSERT INTO "Segment" ("id", "length") VALUES (1094, 317);
UPDATE "TrackElement" SET "region" = 757 WHERE "id" = 1094;
INSERT INTO "monitoredBy" VALUES (1094, 1091);
INSERT INTO "TrackElement" ("id") VALUES (1095);
INSERT INTO "Segment" ("id", "length") VALUES (1095, 845);
UPDATE "TrackElement" SET "region" = 757 WHERE "id" = 1095;
INSERT INTO "monitoredBy" VALUES (1095, 1091);
INSERT INTO "TrackElement" ("id") VALUES (1096);
INSERT INTO "Segment" ("id", "length") VALUES (1096, 290);
UPDATE "TrackElement" SET "region" = 757 WHERE "id" = 1096;
INSERT INTO "monitoredBy" VALUES (1096, 1091);
INSERT INTO "Sensor" ("id") VALUES (1097);
UPDATE "Sensor" SET "region" = 757 WHERE "id" = 1097;
INSERT INTO "monitoredBy" VALUES (1078, 1097);
INSERT INTO "requires" VALUES (756, 1097);
INSERT INTO "TrackElement" ("id") VALUES (1098);
INSERT INTO "Segment" ("id", "length") VALUES (1098, 322);
UPDATE "TrackElement" SET "region" = 757 WHERE "id" = 1098;
INSERT INTO "monitoredBy" VALUES (1098, 1097);
INSERT INTO "TrackElement" ("id") VALUES (1099);
INSERT INTO "Segment" ("id", "length") VALUES (1099, 372);
UPDATE "TrackElement" SET "region" = 757 WHERE "id" = 1099;
INSERT INTO "monitoredBy" VALUES (1099, 1097);
INSERT INTO "TrackElement" ("id") VALUES (1100);
INSERT INTO "Segment" ("id", "length") VALUES (1100, 718);
UPDATE "TrackElement" SET "region" = 757 WHERE "id" = 1100;
INSERT INTO "monitoredBy" VALUES (1100, 1097);
INSERT INTO "TrackElement" ("id") VALUES (1101);
INSERT INTO "Segment" ("id", "length") VALUES (1101, 907);
UPDATE "TrackElement" SET "region" = 757 WHERE "id" = 1101;
INSERT INTO "monitoredBy" VALUES (1101, 1097);
INSERT INTO "TrackElement" ("id") VALUES (1102);
INSERT INTO "Segment" ("id", "length") VALUES (1102, 627);
UPDATE "TrackElement" SET "region" = 757 WHERE "id" = 1102;
INSERT INTO "monitoredBy" VALUES (1102, 1097);
UPDATE "Switch" SET "currentPosition" = 0 WHERE "id" = 1078;
INSERT INTO "SwitchPosition" ("id", "position", "target") VALUES (1103, 0, 1078);
UPDATE "SwitchPosition" SET "route" = 756 WHERE "id" = 1103;
INSERT INTO "TrackElement" ("id") VALUES (1104);
INSERT INTO "Switch" ("id") VALUES (1104);
UPDATE "TrackElement" SET "region" = 757 WHERE "id" = 1104;
INSERT INTO "Sensor" ("id") VALUES (1105);
UPDATE "Sensor" SET "region" = 757 WHERE "id" = 1105;
INSERT INTO "monitoredBy" VALUES (1104, 1105);
INSERT INTO "requires" VALUES (756, 1105);
INSERT INTO "TrackElement" ("id") VALUES (1106);
INSERT INTO "Segment" ("id", "length") VALUES (1106, 281);
UPDATE "TrackElement" SET "region" = 757 WHERE "id" = 1106;
INSERT INTO "monitoredBy" VALUES (1106, 1105);
INSERT INTO "TrackElement" ("id") VALUES (1107);
INSERT INTO "Segment" ("id", "length") VALUES (1107, 843);
UPDATE "TrackElement" SET "region" = 757 WHERE "id" = 1107;
INSERT INTO "monitoredBy" VALUES (1107, 1105);
INSERT INTO "TrackElement" ("id") VALUES (1108);
INSERT INTO "Segment" ("id", "length") VALUES (1108, 304);
UPDATE "TrackElement" SET "region" = 757 WHERE "id" = 1108;
INSERT INTO "monitoredBy" VALUES (1108, 1105);
INSERT INTO "TrackElement" ("id") VALUES (1109);
INSERT INTO "Segment" ("id", "length") VALUES (1109, 780);
UPDATE "TrackElement" SET "region" = 757 WHERE "id" = 1109;
INSERT INTO "monitoredBy" VALUES (1109, 1105);
INSERT INTO "TrackElement" ("id") VALUES (1110);
INSERT INTO "Segment" ("id", "length") VALUES (1110, 911);
UPDATE "TrackElement" SET "region" = 757 WHERE "id" = 1110;
INSERT INTO "monitoredBy" VALUES (1110, 1105);
INSERT INTO "Sensor" ("id") VALUES (1111);
UPDATE "Sensor" SET "region" = 757 WHERE "id" = 1111;
INSERT INTO "monitoredBy" VALUES (1104, 1111);
INSERT INTO "requires" VALUES (756, 1111);
INSERT INTO "TrackElement" ("id") VALUES (1112);
INSERT INTO "Segment" ("id", "length") VALUES (1112, 938);
UPDATE "TrackElement" SET "region" = 757 WHERE "id" = 1112;
INSERT INTO "monitoredBy" VALUES (1112, 1111);
INSERT INTO "TrackElement" ("id") VALUES (1113);
INSERT INTO "Segment" ("id", "length") VALUES (1113, 76);
UPDATE "TrackElement" SET "region" = 757 WHERE "id" = 1113;
INSERT INTO "monitoredBy" VALUES (1113, 1111);
INSERT INTO "TrackElement" ("id") VALUES (1114);
INSERT INTO "Segment" ("id", "length") VALUES (1114, 942);
UPDATE "TrackElement" SET "region" = 757 WHERE "id" = 1114;
INSERT INTO "monitoredBy" VALUES (1114, 1111);
INSERT INTO "TrackElement" ("id") VALUES (1115);
INSERT INTO "Segment" ("id", "length") VALUES (1115, 995);
UPDATE "TrackElement" SET "region" = 757 WHERE "id" = 1115;
INSERT INTO "monitoredBy" VALUES (1115, 1111);
INSERT INTO "TrackElement" ("id") VALUES (1116);
INSERT INTO "Segment" ("id", "length") VALUES (1116, 501);
UPDATE "TrackElement" SET "region" = 757 WHERE "id" = 1116;
INSERT INTO "monitoredBy" VALUES (1116, 1111);
INSERT INTO "Sensor" ("id") VALUES (1117);
UPDATE "Sensor" SET "region" = 757 WHERE "id" = 1117;
INSERT INTO "monitoredBy" VALUES (1104, 1117);
INSERT INTO "requires" VALUES (756, 1117);
INSERT INTO "TrackElement" ("id") VALUES (1118);
INSERT INTO "Segment" ("id", "length") VALUES (1118, 547);
UPDATE "TrackElement" SET "region" = 757 WHERE "id" = 1118;
INSERT INTO "monitoredBy" VALUES (1118, 1117);
INSERT INTO "TrackElement" ("id") VALUES (1119);
INSERT INTO "Segment" ("id", "length") VALUES (1119, 202);
UPDATE "TrackElement" SET "region" = 757 WHERE "id" = 1119;
INSERT INTO "monitoredBy" VALUES (1119, 1117);
INSERT INTO "TrackElement" ("id") VALUES (1120);
INSERT INTO "Segment" ("id", "length") VALUES (1120, 274);
UPDATE "TrackElement" SET "region" = 757 WHERE "id" = 1120;
INSERT INTO "monitoredBy" VALUES (1120, 1117);
INSERT INTO "TrackElement" ("id") VALUES (1121);
INSERT INTO "Segment" ("id", "length") VALUES (1121, 743);
UPDATE "TrackElement" SET "region" = 757 WHERE "id" = 1121;
INSERT INTO "monitoredBy" VALUES (1121, 1117);
INSERT INTO "TrackElement" ("id") VALUES (1122);
INSERT INTO "Segment" ("id", "length") VALUES (1122, 932);
UPDATE "TrackElement" SET "region" = 757 WHERE "id" = 1122;
INSERT INTO "monitoredBy" VALUES (1122, 1117);
INSERT INTO "Sensor" ("id") VALUES (1123);
UPDATE "Sensor" SET "region" = 757 WHERE "id" = 1123;
INSERT INTO "monitoredBy" VALUES (1104, 1123);
INSERT INTO "requires" VALUES (756, 1123);
INSERT INTO "TrackElement" ("id") VALUES (1124);
INSERT INTO "Segment" ("id", "length") VALUES (1124, 29);
UPDATE "TrackElement" SET "region" = 757 WHERE "id" = 1124;
INSERT INTO "monitoredBy" VALUES (1124, 1123);
INSERT INTO "TrackElement" ("id") VALUES (1125);
INSERT INTO "Segment" ("id", "length") VALUES (1125, 174);
UPDATE "TrackElement" SET "region" = 757 WHERE "id" = 1125;
INSERT INTO "monitoredBy" VALUES (1125, 1123);
INSERT INTO "TrackElement" ("id") VALUES (1126);
INSERT INTO "Segment" ("id", "length") VALUES (1126, 369);
UPDATE "TrackElement" SET "region" = 757 WHERE "id" = 1126;
INSERT INTO "monitoredBy" VALUES (1126, 1123);
INSERT INTO "TrackElement" ("id") VALUES (1127);
INSERT INTO "Segment" ("id", "length") VALUES (1127, 335);
UPDATE "TrackElement" SET "region" = 757 WHERE "id" = 1127;
INSERT INTO "monitoredBy" VALUES (1127, 1123);
INSERT INTO "TrackElement" ("id") VALUES (1128);
INSERT INTO "Segment" ("id", "length") VALUES (1128, 368);
UPDATE "TrackElement" SET "region" = 757 WHERE "id" = 1128;
INSERT INTO "monitoredBy" VALUES (1128, 1123);
INSERT INTO "Sensor" ("id") VALUES (1129);
UPDATE "Sensor" SET "region" = 757 WHERE "id" = 1129;
INSERT INTO "monitoredBy" VALUES (1104, 1129);
INSERT INTO "requires" VALUES (756, 1129);
INSERT INTO "TrackElement" ("id") VALUES (1130);
INSERT INTO "Segment" ("id", "length") VALUES (1130, 216);
UPDATE "TrackElement" SET "region" = 757 WHERE "id" = 1130;
INSERT INTO "monitoredBy" VALUES (1130, 1129);
INSERT INTO "TrackElement" ("id") VALUES (1131);
INSERT INTO "Segment" ("id", "length") VALUES (1131, 225);
UPDATE "TrackElement" SET "region" = 757 WHERE "id" = 1131;
INSERT INTO "monitoredBy" VALUES (1131, 1129);
INSERT INTO "TrackElement" ("id") VALUES (1132);
INSERT INTO "Segment" ("id", "length") VALUES (1132, 366);
UPDATE "TrackElement" SET "region" = 757 WHERE "id" = 1132;
INSERT INTO "monitoredBy" VALUES (1132, 1129);
INSERT INTO "TrackElement" ("id") VALUES (1133);
INSERT INTO "Segment" ("id", "length") VALUES (1133, 631);
UPDATE "TrackElement" SET "region" = 757 WHERE "id" = 1133;
INSERT INTO "monitoredBy" VALUES (1133, 1129);
INSERT INTO "TrackElement" ("id") VALUES (1134);
INSERT INTO "Segment" ("id", "length") VALUES (1134, 467);
UPDATE "TrackElement" SET "region" = 757 WHERE "id" = 1134;
INSERT INTO "monitoredBy" VALUES (1134, 1129);
UPDATE "Switch" SET "currentPosition" = 0 WHERE "id" = 1104;
INSERT INTO "SwitchPosition" ("id", "position", "target") VALUES (1135, 0, 1104);
UPDATE "SwitchPosition" SET "route" = 756 WHERE "id" = 1135;
INSERT INTO "TrackElement" ("id") VALUES (1136);
INSERT INTO "Switch" ("id") VALUES (1136);
UPDATE "TrackElement" SET "region" = 757 WHERE "id" = 1136;
INSERT INTO "Sensor" ("id") VALUES (1137);
UPDATE "Sensor" SET "region" = 757 WHERE "id" = 1137;
INSERT INTO "monitoredBy" VALUES (1136, 1137);
INSERT INTO "requires" VALUES (756, 1137);
INSERT INTO "TrackElement" ("id") VALUES (1138);
INSERT INTO "Segment" ("id", "length") VALUES (1138, 424);
UPDATE "TrackElement" SET "region" = 757 WHERE "id" = 1138;
INSERT INTO "monitoredBy" VALUES (1138, 1137);
INSERT INTO "TrackElement" ("id") VALUES (1139);
INSERT INTO "Segment" ("id", "length") VALUES (1139, 836);
UPDATE "TrackElement" SET "region" = 757 WHERE "id" = 1139;
INSERT INTO "monitoredBy" VALUES (1139, 1137);
INSERT INTO "TrackElement" ("id") VALUES (1140);
INSERT INTO "Segment" ("id", "length") VALUES (1140, 314);
UPDATE "TrackElement" SET "region" = 757 WHERE "id" = 1140;
INSERT INTO "monitoredBy" VALUES (1140, 1137);
INSERT INTO "TrackElement" ("id") VALUES (1141);
INSERT INTO "Segment" ("id", "length") VALUES (1141, 287);
UPDATE "TrackElement" SET "region" = 757 WHERE "id" = 1141;
INSERT INTO "monitoredBy" VALUES (1141, 1137);
INSERT INTO "TrackElement" ("id") VALUES (1142);
INSERT INTO "Segment" ("id", "length") VALUES (1142, 679);
UPDATE "TrackElement" SET "region" = 757 WHERE "id" = 1142;
INSERT INTO "monitoredBy" VALUES (1142, 1137);
INSERT INTO "Sensor" ("id") VALUES (1143);
UPDATE "Sensor" SET "region" = 757 WHERE "id" = 1143;
INSERT INTO "monitoredBy" VALUES (1136, 1143);
INSERT INTO "requires" VALUES (756, 1143);
INSERT INTO "TrackElement" ("id") VALUES (1144);
INSERT INTO "Segment" ("id", "length") VALUES (1144, 722);
UPDATE "TrackElement" SET "region" = 757 WHERE "id" = 1144;
INSERT INTO "monitoredBy" VALUES (1144, 1143);
INSERT INTO "TrackElement" ("id") VALUES (1145);
INSERT INTO "Segment" ("id", "length") VALUES (1145, 638);
UPDATE "TrackElement" SET "region" = 757 WHERE "id" = 1145;
INSERT INTO "monitoredBy" VALUES (1145, 1143);
INSERT INTO "TrackElement" ("id") VALUES (1146);
INSERT INTO "Segment" ("id", "length") VALUES (1146, 623);
UPDATE "TrackElement" SET "region" = 757 WHERE "id" = 1146;
INSERT INTO "monitoredBy" VALUES (1146, 1143);
INSERT INTO "TrackElement" ("id") VALUES (1147);
INSERT INTO "Segment" ("id", "length") VALUES (1147, 515);
UPDATE "TrackElement" SET "region" = 757 WHERE "id" = 1147;
INSERT INTO "monitoredBy" VALUES (1147, 1143);
INSERT INTO "TrackElement" ("id") VALUES (1148);
INSERT INTO "Segment" ("id", "length") VALUES (1148, 467);
UPDATE "TrackElement" SET "region" = 757 WHERE "id" = 1148;
INSERT INTO "monitoredBy" VALUES (1148, 1143);
INSERT INTO "Sensor" ("id") VALUES (1149);
UPDATE "Sensor" SET "region" = 757 WHERE "id" = 1149;
INSERT INTO "monitoredBy" VALUES (1136, 1149);
INSERT INTO "requires" VALUES (756, 1149);
INSERT INTO "TrackElement" ("id") VALUES (1150);
INSERT INTO "Segment" ("id", "length") VALUES (1150, 557);
UPDATE "TrackElement" SET "region" = 757 WHERE "id" = 1150;
INSERT INTO "monitoredBy" VALUES (1150, 1149);
INSERT INTO "TrackElement" ("id") VALUES (1151);
INSERT INTO "Segment" ("id", "length") VALUES (1151, 902);
UPDATE "TrackElement" SET "region" = 757 WHERE "id" = 1151;
INSERT INTO "monitoredBy" VALUES (1151, 1149);
INSERT INTO "TrackElement" ("id") VALUES (1152);
INSERT INTO "Segment" ("id", "length") VALUES (1152, 95);
UPDATE "TrackElement" SET "region" = 757 WHERE "id" = 1152;
INSERT INTO "monitoredBy" VALUES (1152, 1149);
INSERT INTO "TrackElement" ("id") VALUES (1153);
INSERT INTO "Segment" ("id", "length") VALUES (1153, 829);
UPDATE "TrackElement" SET "region" = 757 WHERE "id" = 1153;
INSERT INTO "monitoredBy" VALUES (1153, 1149);
INSERT INTO "TrackElement" ("id") VALUES (1154);
INSERT INTO "Segment" ("id", "length") VALUES (1154, 49);
UPDATE "TrackElement" SET "region" = 757 WHERE "id" = 1154;
INSERT INTO "monitoredBy" VALUES (1154, 1149);
UPDATE "Switch" SET "currentPosition" = 0 WHERE "id" = 1136;
INSERT INTO "SwitchPosition" ("id", "position", "target") VALUES (1155, 0, 1136);
UPDATE "SwitchPosition" SET "route" = 756 WHERE "id" = 1155;
INSERT INTO "TrackElement" ("id") VALUES (1156);
INSERT INTO "Switch" ("id") VALUES (1156);
UPDATE "TrackElement" SET "region" = 757 WHERE "id" = 1156;
INSERT INTO "Sensor" ("id") VALUES (1157);
UPDATE "Sensor" SET "region" = 757 WHERE "id" = 1157;
INSERT INTO "monitoredBy" VALUES (1156, 1157);
INSERT INTO "requires" VALUES (756, 1157);
INSERT INTO "TrackElement" ("id") VALUES (1158);
INSERT INTO "Segment" ("id", "length") VALUES (1158, 445);
UPDATE "TrackElement" SET "region" = 757 WHERE "id" = 1158;
INSERT INTO "monitoredBy" VALUES (1158, 1157);
INSERT INTO "TrackElement" ("id") VALUES (1159);
INSERT INTO "Segment" ("id", "length") VALUES (1159, 899);
UPDATE "TrackElement" SET "region" = 757 WHERE "id" = 1159;
INSERT INTO "monitoredBy" VALUES (1159, 1157);
INSERT INTO "TrackElement" ("id") VALUES (1160);
INSERT INTO "Segment" ("id", "length") VALUES (1160, 991);
UPDATE "TrackElement" SET "region" = 757 WHERE "id" = 1160;
INSERT INTO "monitoredBy" VALUES (1160, 1157);
INSERT INTO "TrackElement" ("id") VALUES (1161);
INSERT INTO "Segment" ("id", "length") VALUES (1161, 458);
UPDATE "TrackElement" SET "region" = 757 WHERE "id" = 1161;
INSERT INTO "monitoredBy" VALUES (1161, 1157);
INSERT INTO "TrackElement" ("id") VALUES (1162);
INSERT INTO "Segment" ("id", "length") VALUES (1162, 4);
UPDATE "TrackElement" SET "region" = 757 WHERE "id" = 1162;
INSERT INTO "monitoredBy" VALUES (1162, 1157);
INSERT INTO "Sensor" ("id") VALUES (1163);
UPDATE "Sensor" SET "region" = 757 WHERE "id" = 1163;
INSERT INTO "monitoredBy" VALUES (1156, 1163);
INSERT INTO "requires" VALUES (756, 1163);
INSERT INTO "TrackElement" ("id") VALUES (1164);
INSERT INTO "Segment" ("id", "length") VALUES (1164, 768);
UPDATE "TrackElement" SET "region" = 757 WHERE "id" = 1164;
INSERT INTO "monitoredBy" VALUES (1164, 1163);
INSERT INTO "TrackElement" ("id") VALUES (1165);
INSERT INTO "Segment" ("id", "length") VALUES (1165, 842);
UPDATE "TrackElement" SET "region" = 757 WHERE "id" = 1165;
INSERT INTO "monitoredBy" VALUES (1165, 1163);
INSERT INTO "TrackElement" ("id") VALUES (1166);
INSERT INTO "Segment" ("id", "length") VALUES (1166, 881);
UPDATE "TrackElement" SET "region" = 757 WHERE "id" = 1166;
INSERT INTO "monitoredBy" VALUES (1166, 1163);
INSERT INTO "TrackElement" ("id") VALUES (1167);
INSERT INTO "Segment" ("id", "length") VALUES (1167, 784);
UPDATE "TrackElement" SET "region" = 757 WHERE "id" = 1167;
INSERT INTO "monitoredBy" VALUES (1167, 1163);
INSERT INTO "TrackElement" ("id") VALUES (1168);
INSERT INTO "Segment" ("id", "length") VALUES (1168, 559);
UPDATE "TrackElement" SET "region" = 757 WHERE "id" = 1168;
INSERT INTO "monitoredBy" VALUES (1168, 1163);
INSERT INTO "Sensor" ("id") VALUES (1169);
UPDATE "Sensor" SET "region" = 757 WHERE "id" = 1169;
INSERT INTO "monitoredBy" VALUES (1156, 1169);
INSERT INTO "requires" VALUES (756, 1169);
INSERT INTO "TrackElement" ("id") VALUES (1170);
INSERT INTO "Segment" ("id", "length") VALUES (1170, 750);
UPDATE "TrackElement" SET "region" = 757 WHERE "id" = 1170;
INSERT INTO "monitoredBy" VALUES (1170, 1169);
INSERT INTO "TrackElement" ("id") VALUES (1171);
INSERT INTO "Segment" ("id", "length") VALUES (1171, 248);
UPDATE "TrackElement" SET "region" = 757 WHERE "id" = 1171;
INSERT INTO "monitoredBy" VALUES (1171, 1169);
INSERT INTO "TrackElement" ("id") VALUES (1172);
INSERT INTO "Segment" ("id", "length") VALUES (1172, 262);
UPDATE "TrackElement" SET "region" = 757 WHERE "id" = 1172;
INSERT INTO "monitoredBy" VALUES (1172, 1169);
INSERT INTO "TrackElement" ("id") VALUES (1173);
INSERT INTO "Segment" ("id", "length") VALUES (1173, 743);
UPDATE "TrackElement" SET "region" = 757 WHERE "id" = 1173;
INSERT INTO "monitoredBy" VALUES (1173, 1169);
INSERT INTO "TrackElement" ("id") VALUES (1174);
INSERT INTO "Segment" ("id", "length") VALUES (1174, 269);
UPDATE "TrackElement" SET "region" = 757 WHERE "id" = 1174;
INSERT INTO "monitoredBy" VALUES (1174, 1169);
INSERT INTO "Sensor" ("id") VALUES (1175);
UPDATE "Sensor" SET "region" = 757 WHERE "id" = 1175;
INSERT INTO "monitoredBy" VALUES (1156, 1175);
INSERT INTO "requires" VALUES (756, 1175);
INSERT INTO "TrackElement" ("id") VALUES (1176);
INSERT INTO "Segment" ("id", "length") VALUES (1176, 807);
UPDATE "TrackElement" SET "region" = 757 WHERE "id" = 1176;
INSERT INTO "monitoredBy" VALUES (1176, 1175);
INSERT INTO "TrackElement" ("id") VALUES (1177);
INSERT INTO "Segment" ("id", "length") VALUES (1177, 443);
UPDATE "TrackElement" SET "region" = 757 WHERE "id" = 1177;
INSERT INTO "monitoredBy" VALUES (1177, 1175);
INSERT INTO "TrackElement" ("id") VALUES (1178);
INSERT INTO "Segment" ("id", "length") VALUES (1178, 395);
UPDATE "TrackElement" SET "region" = 757 WHERE "id" = 1178;
INSERT INTO "monitoredBy" VALUES (1178, 1175);
INSERT INTO "TrackElement" ("id") VALUES (1179);
INSERT INTO "Segment" ("id", "length") VALUES (1179, 685);
UPDATE "TrackElement" SET "region" = 757 WHERE "id" = 1179;
INSERT INTO "monitoredBy" VALUES (1179, 1175);
INSERT INTO "TrackElement" ("id") VALUES (1180);
INSERT INTO "Segment" ("id", "length") VALUES (1180, 603);
UPDATE "TrackElement" SET "region" = 757 WHERE "id" = 1180;
INSERT INTO "monitoredBy" VALUES (1180, 1175);
INSERT INTO "Sensor" ("id") VALUES (1181);
UPDATE "Sensor" SET "region" = 757 WHERE "id" = 1181;
INSERT INTO "monitoredBy" VALUES (1156, 1181);
INSERT INTO "requires" VALUES (756, 1181);
INSERT INTO "TrackElement" ("id") VALUES (1182);
INSERT INTO "Segment" ("id", "length") VALUES (1182, 710);
UPDATE "TrackElement" SET "region" = 757 WHERE "id" = 1182;
INSERT INTO "monitoredBy" VALUES (1182, 1181);
INSERT INTO "TrackElement" ("id") VALUES (1183);
INSERT INTO "Segment" ("id", "length") VALUES (1183, 169);
UPDATE "TrackElement" SET "region" = 757 WHERE "id" = 1183;
INSERT INTO "monitoredBy" VALUES (1183, 1181);
INSERT INTO "TrackElement" ("id") VALUES (1184);
INSERT INTO "Segment" ("id", "length") VALUES (1184, 801);
UPDATE "TrackElement" SET "region" = 757 WHERE "id" = 1184;
INSERT INTO "monitoredBy" VALUES (1184, 1181);
INSERT INTO "TrackElement" ("id") VALUES (1185);
INSERT INTO "Segment" ("id", "length") VALUES (1185, 889);
UPDATE "TrackElement" SET "region" = 757 WHERE "id" = 1185;
INSERT INTO "monitoredBy" VALUES (1185, 1181);
INSERT INTO "TrackElement" ("id") VALUES (1186);
INSERT INTO "Segment" ("id", "length") VALUES (1186, 252);
UPDATE "TrackElement" SET "region" = 757 WHERE "id" = 1186;
INSERT INTO "monitoredBy" VALUES (1186, 1181);
INSERT INTO "Sensor" ("id") VALUES (1187);
UPDATE "Sensor" SET "region" = 757 WHERE "id" = 1187;
INSERT INTO "monitoredBy" VALUES (1156, 1187);
INSERT INTO "requires" VALUES (756, 1187);
INSERT INTO "TrackElement" ("id") VALUES (1188);
INSERT INTO "Segment" ("id", "length") VALUES (1188, 247);
UPDATE "TrackElement" SET "region" = 757 WHERE "id" = 1188;
INSERT INTO "monitoredBy" VALUES (1188, 1187);
INSERT INTO "TrackElement" ("id") VALUES (1189);
INSERT INTO "Segment" ("id", "length") VALUES (1189, 135);
UPDATE "TrackElement" SET "region" = 757 WHERE "id" = 1189;
INSERT INTO "monitoredBy" VALUES (1189, 1187);
INSERT INTO "TrackElement" ("id") VALUES (1190);
INSERT INTO "Segment" ("id", "length") VALUES (1190, 160);
UPDATE "TrackElement" SET "region" = 757 WHERE "id" = 1190;
INSERT INTO "monitoredBy" VALUES (1190, 1187);
INSERT INTO "TrackElement" ("id") VALUES (1191);
INSERT INTO "Segment" ("id", "length") VALUES (1191, 88);
UPDATE "TrackElement" SET "region" = 757 WHERE "id" = 1191;
INSERT INTO "monitoredBy" VALUES (1191, 1187);
INSERT INTO "TrackElement" ("id") VALUES (1192);
INSERT INTO "Segment" ("id", "length") VALUES (1192, 398);
UPDATE "TrackElement" SET "region" = 757 WHERE "id" = 1192;
INSERT INTO "monitoredBy" VALUES (1192, 1187);
UPDATE "Switch" SET "currentPosition" = 2 WHERE "id" = 1156;
INSERT INTO "SwitchPosition" ("id", "position", "target") VALUES (1193, 2, 1156);
UPDATE "SwitchPosition" SET "route" = 756 WHERE "id" = 1193;
INSERT INTO "TrackElement" ("id") VALUES (1194);
INSERT INTO "Switch" ("id") VALUES (1194);
UPDATE "TrackElement" SET "region" = 757 WHERE "id" = 1194;
INSERT INTO "Sensor" ("id") VALUES (1195);
UPDATE "Sensor" SET "region" = 757 WHERE "id" = 1195;
INSERT INTO "monitoredBy" VALUES (1194, 1195);
INSERT INTO "requires" VALUES (756, 1195);
INSERT INTO "TrackElement" ("id") VALUES (1196);
INSERT INTO "Segment" ("id", "length") VALUES (1196, 537);
UPDATE "TrackElement" SET "region" = 757 WHERE "id" = 1196;
INSERT INTO "monitoredBy" VALUES (1196, 1195);
INSERT INTO "TrackElement" ("id") VALUES (1197);
INSERT INTO "Segment" ("id", "length") VALUES (1197, 185);
UPDATE "TrackElement" SET "region" = 757 WHERE "id" = 1197;
INSERT INTO "monitoredBy" VALUES (1197, 1195);
INSERT INTO "TrackElement" ("id") VALUES (1198);
INSERT INTO "Segment" ("id", "length") VALUES (1198, 355);
UPDATE "TrackElement" SET "region" = 757 WHERE "id" = 1198;
INSERT INTO "monitoredBy" VALUES (1198, 1195);
INSERT INTO "TrackElement" ("id") VALUES (1199);
INSERT INTO "Segment" ("id", "length") VALUES (1199, 249);
UPDATE "TrackElement" SET "region" = 757 WHERE "id" = 1199;
INSERT INTO "monitoredBy" VALUES (1199, 1195);
INSERT INTO "TrackElement" ("id") VALUES (1200);
INSERT INTO "Segment" ("id", "length") VALUES (1200, 437);
UPDATE "TrackElement" SET "region" = 757 WHERE "id" = 1200;
INSERT INTO "monitoredBy" VALUES (1200, 1195);
INSERT INTO "Sensor" ("id") VALUES (1201);
UPDATE "Sensor" SET "region" = 757 WHERE "id" = 1201;
INSERT INTO "monitoredBy" VALUES (1194, 1201);
INSERT INTO "requires" VALUES (756, 1201);
INSERT INTO "TrackElement" ("id") VALUES (1202);
INSERT INTO "Segment" ("id", "length") VALUES (1202, 777);
UPDATE "TrackElement" SET "region" = 757 WHERE "id" = 1202;
INSERT INTO "monitoredBy" VALUES (1202, 1201);
INSERT INTO "TrackElement" ("id") VALUES (1203);
INSERT INTO "Segment" ("id", "length") VALUES (1203, 912);
UPDATE "TrackElement" SET "region" = 757 WHERE "id" = 1203;
INSERT INTO "monitoredBy" VALUES (1203, 1201);
INSERT INTO "TrackElement" ("id") VALUES (1204);
INSERT INTO "Segment" ("id", "length") VALUES (1204, 558);
UPDATE "TrackElement" SET "region" = 757 WHERE "id" = 1204;
INSERT INTO "monitoredBy" VALUES (1204, 1201);
INSERT INTO "TrackElement" ("id") VALUES (1205);
INSERT INTO "Segment" ("id", "length") VALUES (1205, 37);
UPDATE "TrackElement" SET "region" = 757 WHERE "id" = 1205;
INSERT INTO "monitoredBy" VALUES (1205, 1201);
INSERT INTO "TrackElement" ("id") VALUES (1206);
INSERT INTO "Segment" ("id", "length") VALUES (1206, 41);
UPDATE "TrackElement" SET "region" = 757 WHERE "id" = 1206;
INSERT INTO "monitoredBy" VALUES (1206, 1201);
INSERT INTO "Sensor" ("id") VALUES (1207);
UPDATE "Sensor" SET "region" = 757 WHERE "id" = 1207;
INSERT INTO "monitoredBy" VALUES (1194, 1207);
INSERT INTO "requires" VALUES (756, 1207);
INSERT INTO "TrackElement" ("id") VALUES (1208);
INSERT INTO "Segment" ("id", "length") VALUES (1208, 170);
UPDATE "TrackElement" SET "region" = 757 WHERE "id" = 1208;
INSERT INTO "monitoredBy" VALUES (1208, 1207);
INSERT INTO "TrackElement" ("id") VALUES (1209);
INSERT INTO "Segment" ("id", "length") VALUES (1209, 343);
UPDATE "TrackElement" SET "region" = 757 WHERE "id" = 1209;
INSERT INTO "monitoredBy" VALUES (1209, 1207);
INSERT INTO "TrackElement" ("id") VALUES (1210);
INSERT INTO "Segment" ("id", "length") VALUES (1210, 709);
UPDATE "TrackElement" SET "region" = 757 WHERE "id" = 1210;
INSERT INTO "monitoredBy" VALUES (1210, 1207);
INSERT INTO "TrackElement" ("id") VALUES (1211);
INSERT INTO "Segment" ("id", "length") VALUES (1211, 215);
UPDATE "TrackElement" SET "region" = 757 WHERE "id" = 1211;
INSERT INTO "monitoredBy" VALUES (1211, 1207);
INSERT INTO "TrackElement" ("id") VALUES (1212);
INSERT INTO "Segment" ("id", "length") VALUES (1212, 985);
UPDATE "TrackElement" SET "region" = 757 WHERE "id" = 1212;
INSERT INTO "monitoredBy" VALUES (1212, 1207);
INSERT INTO "Sensor" ("id") VALUES (1213);
UPDATE "Sensor" SET "region" = 757 WHERE "id" = 1213;
INSERT INTO "monitoredBy" VALUES (1194, 1213);
INSERT INTO "requires" VALUES (756, 1213);
INSERT INTO "TrackElement" ("id") VALUES (1214);
INSERT INTO "Segment" ("id", "length") VALUES (1214, 694);
UPDATE "TrackElement" SET "region" = 757 WHERE "id" = 1214;
INSERT INTO "monitoredBy" VALUES (1214, 1213);
INSERT INTO "TrackElement" ("id") VALUES (1215);
INSERT INTO "Segment" ("id", "length") VALUES (1215, 972);
UPDATE "TrackElement" SET "region" = 757 WHERE "id" = 1215;
INSERT INTO "monitoredBy" VALUES (1215, 1213);
INSERT INTO "TrackElement" ("id") VALUES (1216);
INSERT INTO "Segment" ("id", "length") VALUES (1216, 535);
UPDATE "TrackElement" SET "region" = 757 WHERE "id" = 1216;
INSERT INTO "monitoredBy" VALUES (1216, 1213);
INSERT INTO "TrackElement" ("id") VALUES (1217);
INSERT INTO "Segment" ("id", "length") VALUES (1217, 684);
UPDATE "TrackElement" SET "region" = 757 WHERE "id" = 1217;
INSERT INTO "monitoredBy" VALUES (1217, 1213);
INSERT INTO "TrackElement" ("id") VALUES (1218);
INSERT INTO "Segment" ("id", "length") VALUES (1218, 142);
UPDATE "TrackElement" SET "region" = 757 WHERE "id" = 1218;
INSERT INTO "monitoredBy" VALUES (1218, 1213);
INSERT INTO "Sensor" ("id") VALUES (1219);
UPDATE "Sensor" SET "region" = 757 WHERE "id" = 1219;
INSERT INTO "monitoredBy" VALUES (1194, 1219);
INSERT INTO "requires" VALUES (756, 1219);
INSERT INTO "TrackElement" ("id") VALUES (1220);
INSERT INTO "Segment" ("id", "length") VALUES (1220, 874);
UPDATE "TrackElement" SET "region" = 757 WHERE "id" = 1220;
INSERT INTO "monitoredBy" VALUES (1220, 1219);
INSERT INTO "TrackElement" ("id") VALUES (1221);
INSERT INTO "Segment" ("id", "length") VALUES (1221, 988);
UPDATE "TrackElement" SET "region" = 757 WHERE "id" = 1221;
INSERT INTO "monitoredBy" VALUES (1221, 1219);
INSERT INTO "TrackElement" ("id") VALUES (1222);
INSERT INTO "Segment" ("id", "length") VALUES (1222, 392);
UPDATE "TrackElement" SET "region" = 757 WHERE "id" = 1222;
INSERT INTO "monitoredBy" VALUES (1222, 1219);
INSERT INTO "TrackElement" ("id") VALUES (1223);
INSERT INTO "Segment" ("id", "length") VALUES (1223, 560);
UPDATE "TrackElement" SET "region" = 757 WHERE "id" = 1223;
INSERT INTO "monitoredBy" VALUES (1223, 1219);
INSERT INTO "TrackElement" ("id") VALUES (1224);
INSERT INTO "Segment" ("id", "length") VALUES (1224, 379);
UPDATE "TrackElement" SET "region" = 757 WHERE "id" = 1224;
INSERT INTO "monitoredBy" VALUES (1224, 1219);
INSERT INTO "Sensor" ("id") VALUES (1225);
UPDATE "Sensor" SET "region" = 757 WHERE "id" = 1225;
INSERT INTO "monitoredBy" VALUES (1194, 1225);
INSERT INTO "requires" VALUES (756, 1225);
INSERT INTO "TrackElement" ("id") VALUES (1226);
INSERT INTO "Segment" ("id", "length") VALUES (1226, 142);
UPDATE "TrackElement" SET "region" = 757 WHERE "id" = 1226;
INSERT INTO "monitoredBy" VALUES (1226, 1225);
INSERT INTO "TrackElement" ("id") VALUES (1227);
INSERT INTO "Segment" ("id", "length") VALUES (1227, 900);
UPDATE "TrackElement" SET "region" = 757 WHERE "id" = 1227;
INSERT INTO "monitoredBy" VALUES (1227, 1225);
INSERT INTO "TrackElement" ("id") VALUES (1228);
INSERT INTO "Segment" ("id", "length") VALUES (1228, 867);
UPDATE "TrackElement" SET "region" = 757 WHERE "id" = 1228;
INSERT INTO "monitoredBy" VALUES (1228, 1225);
INSERT INTO "TrackElement" ("id") VALUES (1229);
INSERT INTO "Segment" ("id", "length") VALUES (1229, 644);
UPDATE "TrackElement" SET "region" = 757 WHERE "id" = 1229;
INSERT INTO "monitoredBy" VALUES (1229, 1225);
INSERT INTO "TrackElement" ("id") VALUES (1230);
INSERT INTO "Segment" ("id", "length") VALUES (1230, 277);
UPDATE "TrackElement" SET "region" = 757 WHERE "id" = 1230;
INSERT INTO "monitoredBy" VALUES (1230, 1225);
INSERT INTO "Sensor" ("id") VALUES (1231);
UPDATE "Sensor" SET "region" = 757 WHERE "id" = 1231;
INSERT INTO "monitoredBy" VALUES (1194, 1231);
INSERT INTO "requires" VALUES (756, 1231);
INSERT INTO "TrackElement" ("id") VALUES (1232);
INSERT INTO "Segment" ("id", "length") VALUES (1232, 576);
UPDATE "TrackElement" SET "region" = 757 WHERE "id" = 1232;
INSERT INTO "monitoredBy" VALUES (1232, 1231);
INSERT INTO "TrackElement" ("id") VALUES (1233);
INSERT INTO "Segment" ("id", "length") VALUES (1233, 912);
UPDATE "TrackElement" SET "region" = 757 WHERE "id" = 1233;
INSERT INTO "monitoredBy" VALUES (1233, 1231);
INSERT INTO "TrackElement" ("id") VALUES (1234);
INSERT INTO "Segment" ("id", "length") VALUES (1234, 498);
UPDATE "TrackElement" SET "region" = 757 WHERE "id" = 1234;
INSERT INTO "monitoredBy" VALUES (1234, 1231);
INSERT INTO "TrackElement" ("id") VALUES (1235);
INSERT INTO "Segment" ("id", "length") VALUES (1235, 585);
UPDATE "TrackElement" SET "region" = 757 WHERE "id" = 1235;
INSERT INTO "monitoredBy" VALUES (1235, 1231);
INSERT INTO "TrackElement" ("id") VALUES (1236);
INSERT INTO "Segment" ("id", "length") VALUES (1236, 688);
UPDATE "TrackElement" SET "region" = 757 WHERE "id" = 1236;
INSERT INTO "monitoredBy" VALUES (1236, 1231);
UPDATE "Switch" SET "currentPosition" = 0 WHERE "id" = 1194;
INSERT INTO "SwitchPosition" ("id", "position", "target") VALUES (1237, 0, 1194);
UPDATE "SwitchPosition" SET "route" = 756 WHERE "id" = 1237;
INSERT INTO "connectsTo" VALUES (758, 760);
INSERT INTO "connectsTo" VALUES (760, 761);
INSERT INTO "connectsTo" VALUES (761, 762);
INSERT INTO "connectsTo" VALUES (762, 763);
INSERT INTO "connectsTo" VALUES (763, 764);
INSERT INTO "connectsTo" VALUES (764, 766);
INSERT INTO "connectsTo" VALUES (766, 767);
INSERT INTO "connectsTo" VALUES (767, 768);
INSERT INTO "connectsTo" VALUES (768, 769);
INSERT INTO "connectsTo" VALUES (769, 770);
INSERT INTO "connectsTo" VALUES (770, 772);
INSERT INTO "connectsTo" VALUES (772, 773);
INSERT INTO "connectsTo" VALUES (773, 774);
INSERT INTO "connectsTo" VALUES (774, 775);
INSERT INTO "connectsTo" VALUES (775, 776);
INSERT INTO "connectsTo" VALUES (776, 778);
INSERT INTO "connectsTo" VALUES (778, 779);
INSERT INTO "connectsTo" VALUES (779, 780);
INSERT INTO "connectsTo" VALUES (780, 781);
INSERT INTO "connectsTo" VALUES (781, 782);
INSERT INTO "connectsTo" VALUES (782, 784);
INSERT INTO "connectsTo" VALUES (784, 785);
INSERT INTO "connectsTo" VALUES (785, 786);
INSERT INTO "connectsTo" VALUES (786, 787);
INSERT INTO "connectsTo" VALUES (787, 788);
INSERT INTO "connectsTo" VALUES (788, 790);
INSERT INTO "connectsTo" VALUES (790, 791);
INSERT INTO "connectsTo" VALUES (791, 792);
INSERT INTO "connectsTo" VALUES (792, 793);
INSERT INTO "connectsTo" VALUES (793, 794);
INSERT INTO "connectsTo" VALUES (794, 796);
INSERT INTO "connectsTo" VALUES (796, 797);
INSERT INTO "connectsTo" VALUES (797, 798);
INSERT INTO "connectsTo" VALUES (798, 799);
INSERT INTO "connectsTo" VALUES (799, 800);
INSERT INTO "connectsTo" VALUES (800, 802);
INSERT INTO "connectsTo" VALUES (802, 804);
INSERT INTO "connectsTo" VALUES (804, 805);
INSERT INTO "connectsTo" VALUES (805, 806);
INSERT INTO "connectsTo" VALUES (806, 807);
INSERT INTO "connectsTo" VALUES (807, 808);
INSERT INTO "connectsTo" VALUES (808, 810);
INSERT INTO "connectsTo" VALUES (810, 811);
INSERT INTO "connectsTo" VALUES (811, 812);
INSERT INTO "connectsTo" VALUES (812, 813);
INSERT INTO "connectsTo" VALUES (813, 814);
INSERT INTO "connectsTo" VALUES (814, 816);
INSERT INTO "connectsTo" VALUES (816, 817);
INSERT INTO "connectsTo" VALUES (817, 818);
INSERT INTO "connectsTo" VALUES (818, 819);
INSERT INTO "connectsTo" VALUES (819, 820);
INSERT INTO "connectsTo" VALUES (820, 822);
INSERT INTO "connectsTo" VALUES (822, 823);
INSERT INTO "connectsTo" VALUES (823, 824);
INSERT INTO "connectsTo" VALUES (824, 825);
INSERT INTO "connectsTo" VALUES (825, 826);
INSERT INTO "connectsTo" VALUES (826, 828);
INSERT INTO "connectsTo" VALUES (828, 829);
INSERT INTO "connectsTo" VALUES (829, 830);
INSERT INTO "connectsTo" VALUES (830, 831);
INSERT INTO "connectsTo" VALUES (831, 832);
INSERT INTO "connectsTo" VALUES (832, 834);
INSERT INTO "connectsTo" VALUES (834, 835);
INSERT INTO "connectsTo" VALUES (835, 836);
INSERT INTO "connectsTo" VALUES (836, 837);
INSERT INTO "connectsTo" VALUES (837, 838);
INSERT INTO "connectsTo" VALUES (838, 840);
INSERT INTO "connectsTo" VALUES (840, 841);
INSERT INTO "connectsTo" VALUES (841, 842);
INSERT INTO "connectsTo" VALUES (842, 843);
INSERT INTO "connectsTo" VALUES (843, 844);
INSERT INTO "connectsTo" VALUES (844, 846);
INSERT INTO "connectsTo" VALUES (846, 847);
INSERT INTO "connectsTo" VALUES (847, 848);
INSERT INTO "connectsTo" VALUES (848, 849);
INSERT INTO "connectsTo" VALUES (849, 850);
INSERT INTO "connectsTo" VALUES (850, 852);
INSERT INTO "connectsTo" VALUES (852, 853);
INSERT INTO "connectsTo" VALUES (853, 854);
INSERT INTO "connectsTo" VALUES (854, 855);
INSERT INTO "connectsTo" VALUES (855, 856);
INSERT INTO "connectsTo" VALUES (856, 858);
INSERT INTO "connectsTo" VALUES (858, 860);
INSERT INTO "connectsTo" VALUES (860, 861);
INSERT INTO "connectsTo" VALUES (861, 862);
INSERT INTO "connectsTo" VALUES (862, 863);
INSERT INTO "connectsTo" VALUES (863, 864);
INSERT INTO "connectsTo" VALUES (864, 866);
INSERT INTO "connectsTo" VALUES (866, 867);
INSERT INTO "connectsTo" VALUES (867, 868);
INSERT INTO "connectsTo" VALUES (868, 869);
INSERT INTO "connectsTo" VALUES (869, 870);
INSERT INTO "connectsTo" VALUES (870, 872);
INSERT INTO "connectsTo" VALUES (872, 873);
INSERT INTO "connectsTo" VALUES (873, 874);
INSERT INTO "connectsTo" VALUES (874, 875);
INSERT INTO "connectsTo" VALUES (875, 876);
INSERT INTO "connectsTo" VALUES (876, 878);
INSERT INTO "connectsTo" VALUES (878, 879);
INSERT INTO "connectsTo" VALUES (879, 880);
INSERT INTO "connectsTo" VALUES (880, 881);
INSERT INTO "connectsTo" VALUES (881, 882);
INSERT INTO "connectsTo" VALUES (882, 884);
INSERT INTO "connectsTo" VALUES (884, 885);
INSERT INTO "connectsTo" VALUES (885, 886);
INSERT INTO "connectsTo" VALUES (886, 887);
INSERT INTO "connectsTo" VALUES (887, 888);
INSERT INTO "connectsTo" VALUES (888, 890);
INSERT INTO "connectsTo" VALUES (890, 892);
INSERT INTO "connectsTo" VALUES (892, 893);
INSERT INTO "connectsTo" VALUES (893, 894);
INSERT INTO "connectsTo" VALUES (894, 895);
INSERT INTO "connectsTo" VALUES (895, 896);
INSERT INTO "connectsTo" VALUES (896, 898);
INSERT INTO "connectsTo" VALUES (898, 899);
INSERT INTO "connectsTo" VALUES (899, 900);
INSERT INTO "connectsTo" VALUES (900, 901);
INSERT INTO "connectsTo" VALUES (901, 902);
INSERT INTO "connectsTo" VALUES (902, 904);
INSERT INTO "connectsTo" VALUES (904, 905);
INSERT INTO "connectsTo" VALUES (905, 906);
INSERT INTO "connectsTo" VALUES (906, 907);
INSERT INTO "connectsTo" VALUES (907, 908);
INSERT INTO "connectsTo" VALUES (908, 910);
INSERT INTO "connectsTo" VALUES (910, 912);
INSERT INTO "connectsTo" VALUES (912, 913);
INSERT INTO "connectsTo" VALUES (913, 914);
INSERT INTO "connectsTo" VALUES (914, 915);
INSERT INTO "connectsTo" VALUES (915, 916);
INSERT INTO "connectsTo" VALUES (916, 918);
INSERT INTO "connectsTo" VALUES (918, 919);
INSERT INTO "connectsTo" VALUES (919, 920);
INSERT INTO "connectsTo" VALUES (920, 921);
INSERT INTO "connectsTo" VALUES (921, 922);
INSERT INTO "connectsTo" VALUES (922, 924);
INSERT INTO "connectsTo" VALUES (924, 925);
INSERT INTO "connectsTo" VALUES (925, 926);
INSERT INTO "connectsTo" VALUES (926, 927);
INSERT INTO "connectsTo" VALUES (927, 928);
INSERT INTO "connectsTo" VALUES (928, 930);
INSERT INTO "connectsTo" VALUES (930, 931);
INSERT INTO "connectsTo" VALUES (931, 932);
INSERT INTO "connectsTo" VALUES (932, 933);
INSERT INTO "connectsTo" VALUES (933, 934);
INSERT INTO "connectsTo" VALUES (934, 936);
INSERT INTO "connectsTo" VALUES (936, 937);
INSERT INTO "connectsTo" VALUES (937, 938);
INSERT INTO "connectsTo" VALUES (938, 939);
INSERT INTO "connectsTo" VALUES (939, 940);
INSERT INTO "connectsTo" VALUES (940, 942);
INSERT INTO "connectsTo" VALUES (942, 943);
INSERT INTO "connectsTo" VALUES (943, 944);
INSERT INTO "connectsTo" VALUES (944, 945);
INSERT INTO "connectsTo" VALUES (945, 946);
INSERT INTO "connectsTo" VALUES (946, 948);
INSERT INTO "connectsTo" VALUES (948, 949);
INSERT INTO "connectsTo" VALUES (949, 950);
INSERT INTO "connectsTo" VALUES (950, 951);
INSERT INTO "connectsTo" VALUES (951, 952);
INSERT INTO "connectsTo" VALUES (952, 954);
INSERT INTO "connectsTo" VALUES (954, 955);
INSERT INTO "connectsTo" VALUES (955, 956);
INSERT INTO "connectsTo" VALUES (956, 957);
INSERT INTO "connectsTo" VALUES (957, 958);
INSERT INTO "connectsTo" VALUES (958, 960);
INSERT INTO "connectsTo" VALUES (960, 961);
INSERT INTO "connectsTo" VALUES (961, 962);
INSERT INTO "connectsTo" VALUES (962, 963);
INSERT INTO "connectsTo" VALUES (963, 964);
INSERT INTO "connectsTo" VALUES (964, 966);
INSERT INTO "connectsTo" VALUES (966, 968);
INSERT INTO "connectsTo" VALUES (968, 969);
INSERT INTO "connectsTo" VALUES (969, 970);
INSERT INTO "connectsTo" VALUES (970, 971);
INSERT INTO "connectsTo" VALUES (971, 972);
INSERT INTO "connectsTo" VALUES (972, 974);
INSERT INTO "connectsTo" VALUES (974, 975);
INSERT INTO "connectsTo" VALUES (975, 976);
INSERT INTO "connectsTo" VALUES (976, 977);
INSERT INTO "connectsTo" VALUES (977, 978);
INSERT INTO "connectsTo" VALUES (978, 980);
INSERT INTO "connectsTo" VALUES (980, 981);
INSERT INTO "connectsTo" VALUES (981, 982);
INSERT INTO "connectsTo" VALUES (982, 983);
INSERT INTO "connectsTo" VALUES (983, 984);
INSERT INTO "connectsTo" VALUES (984, 986);
INSERT INTO "connectsTo" VALUES (986, 987);
INSERT INTO "connectsTo" VALUES (987, 988);
INSERT INTO "connectsTo" VALUES (988, 989);
INSERT INTO "connectsTo" VALUES (989, 990);
INSERT INTO "connectsTo" VALUES (990, 992);
INSERT INTO "connectsTo" VALUES (992, 993);
INSERT INTO "connectsTo" VALUES (993, 994);
INSERT INTO "connectsTo" VALUES (994, 995);
INSERT INTO "connectsTo" VALUES (995, 996);
INSERT INTO "connectsTo" VALUES (996, 998);
INSERT INTO "connectsTo" VALUES (998, 999);
INSERT INTO "connectsTo" VALUES (999, 1000);
INSERT INTO "connectsTo" VALUES (1000, 1001);
INSERT INTO "connectsTo" VALUES (1001, 1002);
INSERT INTO "connectsTo" VALUES (1002, 1004);
INSERT INTO "connectsTo" VALUES (1004, 1005);
INSERT INTO "connectsTo" VALUES (1005, 1006);
INSERT INTO "connectsTo" VALUES (1006, 1007);
INSERT INTO "connectsTo" VALUES (1007, 1008);
INSERT INTO "connectsTo" VALUES (1008, 1010);
INSERT INTO "connectsTo" VALUES (1010, 1011);
INSERT INTO "connectsTo" VALUES (1011, 1012);
INSERT INTO "connectsTo" VALUES (1012, 1013);
INSERT INTO "connectsTo" VALUES (1013, 1014);
INSERT INTO "connectsTo" VALUES (1014, 1016);
INSERT INTO "connectsTo" VALUES (1016, 1018);
INSERT INTO "connectsTo" VALUES (1018, 1019);
INSERT INTO "connectsTo" VALUES (1019, 1020);
INSERT INTO "connectsTo" VALUES (1020, 1021);
INSERT INTO "connectsTo" VALUES (1021, 1022);
INSERT INTO "connectsTo" VALUES (1022, 1024);
INSERT INTO "connectsTo" VALUES (1024, 1026);
INSERT INTO "connectsTo" VALUES (1026, 1027);
INSERT INTO "connectsTo" VALUES (1027, 1028);
INSERT INTO "connectsTo" VALUES (1028, 1029);
INSERT INTO "connectsTo" VALUES (1029, 1030);
INSERT INTO "connectsTo" VALUES (1030, 1032);
INSERT INTO "connectsTo" VALUES (1032, 1033);
INSERT INTO "connectsTo" VALUES (1033, 1034);
INSERT INTO "connectsTo" VALUES (1034, 1035);
INSERT INTO "connectsTo" VALUES (1035, 1036);
INSERT INTO "connectsTo" VALUES (1036, 1038);
INSERT INTO "connectsTo" VALUES (1038, 1039);
INSERT INTO "connectsTo" VALUES (1039, 1040);
INSERT INTO "connectsTo" VALUES (1040, 1041);
INSERT INTO "connectsTo" VALUES (1041, 1042);
INSERT INTO "connectsTo" VALUES (1042, 1044);
INSERT INTO "connectsTo" VALUES (1044, 1045);
INSERT INTO "connectsTo" VALUES (1045, 1046);
INSERT INTO "connectsTo" VALUES (1046, 1047);
INSERT INTO "connectsTo" VALUES (1047, 1048);
INSERT INTO "connectsTo" VALUES (1048, 1050);
INSERT INTO "connectsTo" VALUES (1050, 1052);
INSERT INTO "connectsTo" VALUES (1052, 1053);
INSERT INTO "connectsTo" VALUES (1053, 1054);
INSERT INTO "connectsTo" VALUES (1054, 1055);
INSERT INTO "connectsTo" VALUES (1055, 1056);
INSERT INTO "connectsTo" VALUES (1056, 1058);
INSERT INTO "connectsTo" VALUES (1058, 1059);
INSERT INTO "connectsTo" VALUES (1059, 1060);
INSERT INTO "connectsTo" VALUES (1060, 1061);
INSERT INTO "connectsTo" VALUES (1061, 1062);
INSERT INTO "connectsTo" VALUES (1062, 1064);
INSERT INTO "connectsTo" VALUES (1064, 1065);
INSERT INTO "connectsTo" VALUES (1065, 1066);
INSERT INTO "connectsTo" VALUES (1066, 1067);
INSERT INTO "connectsTo" VALUES (1067, 1068);
INSERT INTO "connectsTo" VALUES (1068, 1070);
INSERT INTO "connectsTo" VALUES (1070, 1072);
INSERT INTO "connectsTo" VALUES (1072, 1073);
INSERT INTO "connectsTo" VALUES (1073, 1074);
INSERT INTO "connectsTo" VALUES (1074, 1075);
INSERT INTO "connectsTo" VALUES (1075, 1076);
INSERT INTO "connectsTo" VALUES (1076, 1078);
INSERT INTO "connectsTo" VALUES (1078, 1080);
INSERT INTO "connectsTo" VALUES (1080, 1081);
INSERT INTO "connectsTo" VALUES (1081, 1082);
INSERT INTO "connectsTo" VALUES (1082, 1083);
INSERT INTO "connectsTo" VALUES (1083, 1084);
INSERT INTO "connectsTo" VALUES (1084, 1086);
INSERT INTO "connectsTo" VALUES (1086, 1087);
INSERT INTO "connectsTo" VALUES (1087, 1088);
INSERT INTO "connectsTo" VALUES (1088, 1089);
INSERT INTO "connectsTo" VALUES (1089, 1090);
INSERT INTO "connectsTo" VALUES (1090, 1092);
INSERT INTO "connectsTo" VALUES (1092, 1093);
INSERT INTO "connectsTo" VALUES (1093, 1094);
INSERT INTO "connectsTo" VALUES (1094, 1095);
INSERT INTO "connectsTo" VALUES (1095, 1096);
INSERT INTO "connectsTo" VALUES (1096, 1098);
INSERT INTO "connectsTo" VALUES (1098, 1099);
INSERT INTO "connectsTo" VALUES (1099, 1100);
INSERT INTO "connectsTo" VALUES (1100, 1101);
INSERT INTO "connectsTo" VALUES (1101, 1102);
INSERT INTO "connectsTo" VALUES (1102, 1104);
INSERT INTO "connectsTo" VALUES (1104, 1106);
INSERT INTO "connectsTo" VALUES (1106, 1107);
INSERT INTO "connectsTo" VALUES (1107, 1108);
INSERT INTO "connectsTo" VALUES (1108, 1109);
INSERT INTO "connectsTo" VALUES (1109, 1110);
INSERT INTO "connectsTo" VALUES (1110, 1112);
INSERT INTO "connectsTo" VALUES (1112, 1113);
INSERT INTO "connectsTo" VALUES (1113, 1114);
INSERT INTO "connectsTo" VALUES (1114, 1115);
INSERT INTO "connectsTo" VALUES (1115, 1116);
INSERT INTO "connectsTo" VALUES (1116, 1118);
INSERT INTO "connectsTo" VALUES (1118, 1119);
INSERT INTO "connectsTo" VALUES (1119, 1120);
INSERT INTO "connectsTo" VALUES (1120, 1121);
INSERT INTO "connectsTo" VALUES (1121, 1122);
INSERT INTO "connectsTo" VALUES (1122, 1124);
INSERT INTO "connectsTo" VALUES (1124, 1125);
INSERT INTO "connectsTo" VALUES (1125, 1126);
INSERT INTO "connectsTo" VALUES (1126, 1127);
INSERT INTO "connectsTo" VALUES (1127, 1128);
INSERT INTO "connectsTo" VALUES (1128, 1130);
INSERT INTO "connectsTo" VALUES (1130, 1131);
INSERT INTO "connectsTo" VALUES (1131, 1132);
INSERT INTO "connectsTo" VALUES (1132, 1133);
INSERT INTO "connectsTo" VALUES (1133, 1134);
INSERT INTO "connectsTo" VALUES (1134, 1136);
INSERT INTO "connectsTo" VALUES (1136, 1138);
INSERT INTO "connectsTo" VALUES (1138, 1139);
INSERT INTO "connectsTo" VALUES (1139, 1140);
INSERT INTO "connectsTo" VALUES (1140, 1141);
INSERT INTO "connectsTo" VALUES (1141, 1142);
INSERT INTO "connectsTo" VALUES (1142, 1144);
INSERT INTO "connectsTo" VALUES (1144, 1145);
INSERT INTO "connectsTo" VALUES (1145, 1146);
INSERT INTO "connectsTo" VALUES (1146, 1147);
INSERT INTO "connectsTo" VALUES (1147, 1148);
INSERT INTO "connectsTo" VALUES (1148, 1150);
INSERT INTO "connectsTo" VALUES (1150, 1151);
INSERT INTO "connectsTo" VALUES (1151, 1152);
INSERT INTO "connectsTo" VALUES (1152, 1153);
INSERT INTO "connectsTo" VALUES (1153, 1154);
INSERT INTO "connectsTo" VALUES (1154, 1156);
INSERT INTO "connectsTo" VALUES (1156, 1158);
INSERT INTO "connectsTo" VALUES (1158, 1159);
INSERT INTO "connectsTo" VALUES (1159, 1160);
INSERT INTO "connectsTo" VALUES (1160, 1161);
INSERT INTO "connectsTo" VALUES (1161, 1162);
INSERT INTO "connectsTo" VALUES (1162, 1164);
INSERT INTO "connectsTo" VALUES (1164, 1165);
INSERT INTO "connectsTo" VALUES (1165, 1166);
INSERT INTO "connectsTo" VALUES (1166, 1167);
INSERT INTO "connectsTo" VALUES (1167, 1168);
INSERT INTO "connectsTo" VALUES (1168, 1170);
INSERT INTO "connectsTo" VALUES (1170, 1171);
INSERT INTO "connectsTo" VALUES (1171, 1172);
INSERT INTO "connectsTo" VALUES (1172, 1173);
INSERT INTO "connectsTo" VALUES (1173, 1174);
INSERT INTO "connectsTo" VALUES (1174, 1176);
INSERT INTO "connectsTo" VALUES (1176, 1177);
INSERT INTO "connectsTo" VALUES (1177, 1178);
INSERT INTO "connectsTo" VALUES (1178, 1179);
INSERT INTO "connectsTo" VALUES (1179, 1180);
INSERT INTO "connectsTo" VALUES (1180, 1182);
INSERT INTO "connectsTo" VALUES (1182, 1183);
INSERT INTO "connectsTo" VALUES (1183, 1184);
INSERT INTO "connectsTo" VALUES (1184, 1185);
INSERT INTO "connectsTo" VALUES (1185, 1186);
INSERT INTO "connectsTo" VALUES (1186, 1188);
INSERT INTO "connectsTo" VALUES (1188, 1189);
INSERT INTO "connectsTo" VALUES (1189, 1190);
INSERT INTO "connectsTo" VALUES (1190, 1191);
INSERT INTO "connectsTo" VALUES (1191, 1192);
INSERT INTO "connectsTo" VALUES (1192, 1194);
INSERT INTO "connectsTo" VALUES (1194, 1196);
INSERT INTO "connectsTo" VALUES (1196, 1197);
INSERT INTO "connectsTo" VALUES (1197, 1198);
INSERT INTO "connectsTo" VALUES (1198, 1199);
INSERT INTO "connectsTo" VALUES (1199, 1200);
INSERT INTO "connectsTo" VALUES (1200, 1202);
INSERT INTO "connectsTo" VALUES (1202, 1203);
INSERT INTO "connectsTo" VALUES (1203, 1204);
INSERT INTO "connectsTo" VALUES (1204, 1205);
INSERT INTO "connectsTo" VALUES (1205, 1206);
INSERT INTO "connectsTo" VALUES (1206, 1208);
INSERT INTO "connectsTo" VALUES (1208, 1209);
INSERT INTO "connectsTo" VALUES (1209, 1210);
INSERT INTO "connectsTo" VALUES (1210, 1211);
INSERT INTO "connectsTo" VALUES (1211, 1212);
INSERT INTO "connectsTo" VALUES (1212, 1214);
INSERT INTO "connectsTo" VALUES (1214, 1215);
INSERT INTO "connectsTo" VALUES (1215, 1216);
INSERT INTO "connectsTo" VALUES (1216, 1217);
INSERT INTO "connectsTo" VALUES (1217, 1218);
INSERT INTO "connectsTo" VALUES (1218, 1220);
INSERT INTO "connectsTo" VALUES (1220, 1221);
INSERT INTO "connectsTo" VALUES (1221, 1222);
INSERT INTO "connectsTo" VALUES (1222, 1223);
INSERT INTO "connectsTo" VALUES (1223, 1224);
INSERT INTO "connectsTo" VALUES (1224, 1226);
INSERT INTO "connectsTo" VALUES (1226, 1227);
INSERT INTO "connectsTo" VALUES (1227, 1228);
INSERT INTO "connectsTo" VALUES (1228, 1229);
INSERT INTO "connectsTo" VALUES (1229, 1230);
INSERT INTO "connectsTo" VALUES (1230, 1232);
INSERT INTO "connectsTo" VALUES (1232, 1233);
INSERT INTO "connectsTo" VALUES (1233, 1234);
INSERT INTO "connectsTo" VALUES (1234, 1235);
INSERT INTO "connectsTo" VALUES (1235, 1236);
INSERT INTO "connectsTo" VALUES (753, 758);
INSERT INTO "Semaphore" ("id", "signal") VALUES (1238, 2);
INSERT INTO "Route" ("id", "active", "entry", "exit") VALUES (1239, 1, 755, 1238);
INSERT INTO "Region" ("id") VALUES (1240);
INSERT INTO "TrackElement" ("id") VALUES (1241);
INSERT INTO "Switch" ("id") VALUES (1241);
UPDATE "TrackElement" SET "region" = 1240 WHERE "id" = 1241;
INSERT INTO "Sensor" ("id") VALUES (1242);
UPDATE "Sensor" SET "region" = 1240 WHERE "id" = 1242;
INSERT INTO "monitoredBy" VALUES (1241, 1242);
INSERT INTO "requires" VALUES (1239, 1242);
INSERT INTO "TrackElement" ("id") VALUES (1243);
INSERT INTO "Segment" ("id", "length") VALUES (1243, 127);
UPDATE "TrackElement" SET "region" = 1240 WHERE "id" = 1243;
INSERT INTO "monitoredBy" VALUES (1243, 1242);
UPDATE "Semaphore" SET "segment" = 1243 WHERE "id" = 1238;
INSERT INTO "TrackElement" ("id") VALUES (1244);
INSERT INTO "Segment" ("id", "length") VALUES (1244, 760);
UPDATE "TrackElement" SET "region" = 1240 WHERE "id" = 1244;
INSERT INTO "monitoredBy" VALUES (1244, 1242);
INSERT INTO "TrackElement" ("id") VALUES (1245);
INSERT INTO "Segment" ("id", "length") VALUES (1245, 547);
UPDATE "TrackElement" SET "region" = 1240 WHERE "id" = 1245;
INSERT INTO "monitoredBy" VALUES (1245, 1242);
INSERT INTO "TrackElement" ("id") VALUES (1246);
INSERT INTO "Segment" ("id", "length") VALUES (1246, 209);
UPDATE "TrackElement" SET "region" = 1240 WHERE "id" = 1246;
INSERT INTO "monitoredBy" VALUES (1246, 1242);
INSERT INTO "TrackElement" ("id") VALUES (1247);
INSERT INTO "Segment" ("id", "length") VALUES (1247, 302);
UPDATE "TrackElement" SET "region" = 1240 WHERE "id" = 1247;
INSERT INTO "monitoredBy" VALUES (1247, 1242);
INSERT INTO "Sensor" ("id") VALUES (1248);
UPDATE "Sensor" SET "region" = 1240 WHERE "id" = 1248;
INSERT INTO "monitoredBy" VALUES (1241, 1248);
INSERT INTO "requires" VALUES (1239, 1248);
INSERT INTO "TrackElement" ("id") VALUES (1249);
INSERT INTO "Segment" ("id", "length") VALUES (1249, 96);
UPDATE "TrackElement" SET "region" = 1240 WHERE "id" = 1249;
INSERT INTO "monitoredBy" VALUES (1249, 1248);
INSERT INTO "TrackElement" ("id") VALUES (1250);
INSERT INTO "Segment" ("id", "length") VALUES (1250, 471);
UPDATE "TrackElement" SET "region" = 1240 WHERE "id" = 1250;
INSERT INTO "monitoredBy" VALUES (1250, 1248);
INSERT INTO "TrackElement" ("id") VALUES (1251);
INSERT INTO "Segment" ("id", "length") VALUES (1251, 451);
UPDATE "TrackElement" SET "region" = 1240 WHERE "id" = 1251;
INSERT INTO "monitoredBy" VALUES (1251, 1248);
INSERT INTO "TrackElement" ("id") VALUES (1252);
INSERT INTO "Segment" ("id", "length") VALUES (1252, 954);
UPDATE "TrackElement" SET "region" = 1240 WHERE "id" = 1252;
INSERT INTO "monitoredBy" VALUES (1252, 1248);
INSERT INTO "TrackElement" ("id") VALUES (1253);
INSERT INTO "Segment" ("id", "length") VALUES (1253, 154);
UPDATE "TrackElement" SET "region" = 1240 WHERE "id" = 1253;
INSERT INTO "monitoredBy" VALUES (1253, 1248);
INSERT INTO "Sensor" ("id") VALUES (1254);
UPDATE "Sensor" SET "region" = 1240 WHERE "id" = 1254;
INSERT INTO "monitoredBy" VALUES (1241, 1254);
INSERT INTO "requires" VALUES (1239, 1254);
INSERT INTO "TrackElement" ("id") VALUES (1255);
INSERT INTO "Segment" ("id", "length") VALUES (1255, 977);
UPDATE "TrackElement" SET "region" = 1240 WHERE "id" = 1255;
INSERT INTO "monitoredBy" VALUES (1255, 1254);
INSERT INTO "TrackElement" ("id") VALUES (1256);
INSERT INTO "Segment" ("id", "length") VALUES (1256, 244);
UPDATE "TrackElement" SET "region" = 1240 WHERE "id" = 1256;
INSERT INTO "monitoredBy" VALUES (1256, 1254);
INSERT INTO "TrackElement" ("id") VALUES (1257);
INSERT INTO "Segment" ("id", "length") VALUES (1257, 121);
UPDATE "TrackElement" SET "region" = 1240 WHERE "id" = 1257;
INSERT INTO "monitoredBy" VALUES (1257, 1254);
INSERT INTO "TrackElement" ("id") VALUES (1258);
INSERT INTO "Segment" ("id", "length") VALUES (1258, 111);
UPDATE "TrackElement" SET "region" = 1240 WHERE "id" = 1258;
INSERT INTO "monitoredBy" VALUES (1258, 1254);
INSERT INTO "TrackElement" ("id") VALUES (1259);
INSERT INTO "Segment" ("id", "length") VALUES (1259, 931);
UPDATE "TrackElement" SET "region" = 1240 WHERE "id" = 1259;
INSERT INTO "monitoredBy" VALUES (1259, 1254);
INSERT INTO "Sensor" ("id") VALUES (1260);
UPDATE "Sensor" SET "region" = 1240 WHERE "id" = 1260;
INSERT INTO "monitoredBy" VALUES (1241, 1260);
INSERT INTO "requires" VALUES (1239, 1260);
INSERT INTO "TrackElement" ("id") VALUES (1261);
INSERT INTO "Segment" ("id", "length") VALUES (1261, 397);
UPDATE "TrackElement" SET "region" = 1240 WHERE "id" = 1261;
INSERT INTO "monitoredBy" VALUES (1261, 1260);
INSERT INTO "TrackElement" ("id") VALUES (1262);
INSERT INTO "Segment" ("id", "length") VALUES (1262, 935);
UPDATE "TrackElement" SET "region" = 1240 WHERE "id" = 1262;
INSERT INTO "monitoredBy" VALUES (1262, 1260);
INSERT INTO "TrackElement" ("id") VALUES (1263);
INSERT INTO "Segment" ("id", "length") VALUES (1263, 677);
UPDATE "TrackElement" SET "region" = 1240 WHERE "id" = 1263;
INSERT INTO "monitoredBy" VALUES (1263, 1260);
INSERT INTO "TrackElement" ("id") VALUES (1264);
INSERT INTO "Segment" ("id", "length") VALUES (1264, 940);
UPDATE "TrackElement" SET "region" = 1240 WHERE "id" = 1264;
INSERT INTO "monitoredBy" VALUES (1264, 1260);
INSERT INTO "TrackElement" ("id") VALUES (1265);
INSERT INTO "Segment" ("id", "length") VALUES (1265, 107);
UPDATE "TrackElement" SET "region" = 1240 WHERE "id" = 1265;
INSERT INTO "monitoredBy" VALUES (1265, 1260);
INSERT INTO "Sensor" ("id") VALUES (1266);
UPDATE "Sensor" SET "region" = 1240 WHERE "id" = 1266;
INSERT INTO "monitoredBy" VALUES (1241, 1266);
INSERT INTO "requires" VALUES (1239, 1266);
INSERT INTO "TrackElement" ("id") VALUES (1267);
INSERT INTO "Segment" ("id", "length") VALUES (1267, 800);
UPDATE "TrackElement" SET "region" = 1240 WHERE "id" = 1267;
INSERT INTO "monitoredBy" VALUES (1267, 1266);
INSERT INTO "TrackElement" ("id") VALUES (1268);
INSERT INTO "Segment" ("id", "length") VALUES (1268, 371);
UPDATE "TrackElement" SET "region" = 1240 WHERE "id" = 1268;
INSERT INTO "monitoredBy" VALUES (1268, 1266);
INSERT INTO "TrackElement" ("id") VALUES (1269);
INSERT INTO "Segment" ("id", "length") VALUES (1269, 526);
UPDATE "TrackElement" SET "region" = 1240 WHERE "id" = 1269;
INSERT INTO "monitoredBy" VALUES (1269, 1266);
INSERT INTO "TrackElement" ("id") VALUES (1270);
INSERT INTO "Segment" ("id", "length") VALUES (1270, 958);
UPDATE "TrackElement" SET "region" = 1240 WHERE "id" = 1270;
INSERT INTO "monitoredBy" VALUES (1270, 1266);
INSERT INTO "TrackElement" ("id") VALUES (1271);
INSERT INTO "Segment" ("id", "length") VALUES (1271, 591);
UPDATE "TrackElement" SET "region" = 1240 WHERE "id" = 1271;
INSERT INTO "monitoredBy" VALUES (1271, 1266);
INSERT INTO "Sensor" ("id") VALUES (1272);
UPDATE "Sensor" SET "region" = 1240 WHERE "id" = 1272;
INSERT INTO "monitoredBy" VALUES (1241, 1272);
INSERT INTO "requires" VALUES (1239, 1272);
INSERT INTO "TrackElement" ("id") VALUES (1273);
INSERT INTO "Segment" ("id", "length") VALUES (1273, 636);
UPDATE "TrackElement" SET "region" = 1240 WHERE "id" = 1273;
INSERT INTO "monitoredBy" VALUES (1273, 1272);
INSERT INTO "TrackElement" ("id") VALUES (1274);
INSERT INTO "Segment" ("id", "length") VALUES (1274, 695);
UPDATE "TrackElement" SET "region" = 1240 WHERE "id" = 1274;
INSERT INTO "monitoredBy" VALUES (1274, 1272);
INSERT INTO "TrackElement" ("id") VALUES (1275);
INSERT INTO "Segment" ("id", "length") VALUES (1275, 306);
UPDATE "TrackElement" SET "region" = 1240 WHERE "id" = 1275;
INSERT INTO "monitoredBy" VALUES (1275, 1272);
INSERT INTO "TrackElement" ("id") VALUES (1276);
INSERT INTO "Segment" ("id", "length") VALUES (1276, 617);
UPDATE "TrackElement" SET "region" = 1240 WHERE "id" = 1276;
INSERT INTO "monitoredBy" VALUES (1276, 1272);
INSERT INTO "TrackElement" ("id") VALUES (1277);
INSERT INTO "Segment" ("id", "length") VALUES (1277, 444);
UPDATE "TrackElement" SET "region" = 1240 WHERE "id" = 1277;
INSERT INTO "monitoredBy" VALUES (1277, 1272);
INSERT INTO "Sensor" ("id") VALUES (1278);
UPDATE "Sensor" SET "region" = 1240 WHERE "id" = 1278;
INSERT INTO "monitoredBy" VALUES (1241, 1278);
INSERT INTO "requires" VALUES (1239, 1278);
INSERT INTO "TrackElement" ("id") VALUES (1279);
INSERT INTO "Segment" ("id", "length") VALUES (1279, 408);
UPDATE "TrackElement" SET "region" = 1240 WHERE "id" = 1279;
INSERT INTO "monitoredBy" VALUES (1279, 1278);
INSERT INTO "TrackElement" ("id") VALUES (1280);
INSERT INTO "Segment" ("id", "length") VALUES (1280, 847);
UPDATE "TrackElement" SET "region" = 1240 WHERE "id" = 1280;
INSERT INTO "monitoredBy" VALUES (1280, 1278);
INSERT INTO "TrackElement" ("id") VALUES (1281);
INSERT INTO "Segment" ("id", "length") VALUES (1281, 275);
UPDATE "TrackElement" SET "region" = 1240 WHERE "id" = 1281;
INSERT INTO "monitoredBy" VALUES (1281, 1278);
INSERT INTO "TrackElement" ("id") VALUES (1282);
INSERT INTO "Segment" ("id", "length") VALUES (1282, 193);
UPDATE "TrackElement" SET "region" = 1240 WHERE "id" = 1282;
INSERT INTO "monitoredBy" VALUES (1282, 1278);
INSERT INTO "TrackElement" ("id") VALUES (1283);
INSERT INTO "Segment" ("id", "length") VALUES (1283, 929);
UPDATE "TrackElement" SET "region" = 1240 WHERE "id" = 1283;
INSERT INTO "monitoredBy" VALUES (1283, 1278);
UPDATE "Switch" SET "currentPosition" = 1 WHERE "id" = 1241;
INSERT INTO "SwitchPosition" ("id", "position", "target") VALUES (1284, 1, 1241);
UPDATE "SwitchPosition" SET "route" = 1239 WHERE "id" = 1284;
INSERT INTO "TrackElement" ("id") VALUES (1285);
INSERT INTO "Switch" ("id") VALUES (1285);
UPDATE "TrackElement" SET "region" = 1240 WHERE "id" = 1285;
INSERT INTO "Sensor" ("id") VALUES (1286);
UPDATE "Sensor" SET "region" = 1240 WHERE "id" = 1286;
INSERT INTO "monitoredBy" VALUES (1285, 1286);
INSERT INTO "requires" VALUES (1239, 1286);
INSERT INTO "TrackElement" ("id") VALUES (1287);
INSERT INTO "Segment" ("id", "length") VALUES (1287, 623);
UPDATE "TrackElement" SET "region" = 1240 WHERE "id" = 1287;
INSERT INTO "monitoredBy" VALUES (1287, 1286);
INSERT INTO "TrackElement" ("id") VALUES (1288);
INSERT INTO "Segment" ("id", "length") VALUES (1288, 240);
UPDATE "TrackElement" SET "region" = 1240 WHERE "id" = 1288;
INSERT INTO "monitoredBy" VALUES (1288, 1286);
INSERT INTO "TrackElement" ("id") VALUES (1289);
INSERT INTO "Segment" ("id", "length") VALUES (1289, 833);
UPDATE "TrackElement" SET "region" = 1240 WHERE "id" = 1289;
INSERT INTO "monitoredBy" VALUES (1289, 1286);
INSERT INTO "TrackElement" ("id") VALUES (1290);
INSERT INTO "Segment" ("id", "length") VALUES (1290, 273);
UPDATE "TrackElement" SET "region" = 1240 WHERE "id" = 1290;
INSERT INTO "monitoredBy" VALUES (1290, 1286);
INSERT INTO "TrackElement" ("id") VALUES (1291);
INSERT INTO "Segment" ("id", "length") VALUES (1291, 367);
UPDATE "TrackElement" SET "region" = 1240 WHERE "id" = 1291;
INSERT INTO "monitoredBy" VALUES (1291, 1286);
INSERT INTO "Sensor" ("id") VALUES (1292);
UPDATE "Sensor" SET "region" = 1240 WHERE "id" = 1292;
INSERT INTO "monitoredBy" VALUES (1285, 1292);
INSERT INTO "requires" VALUES (1239, 1292);
INSERT INTO "TrackElement" ("id") VALUES (1293);
INSERT INTO "Segment" ("id", "length") VALUES (1293, 379);
UPDATE "TrackElement" SET "region" = 1240 WHERE "id" = 1293;
INSERT INTO "monitoredBy" VALUES (1293, 1292);
INSERT INTO "TrackElement" ("id") VALUES (1294);
INSERT INTO "Segment" ("id", "length") VALUES (1294, 970);
UPDATE "TrackElement" SET "region" = 1240 WHERE "id" = 1294;
INSERT INTO "monitoredBy" VALUES (1294, 1292);
INSERT INTO "TrackElement" ("id") VALUES (1295);
INSERT INTO "Segment" ("id", "length") VALUES (1295, 101);
UPDATE "TrackElement" SET "region" = 1240 WHERE "id" = 1295;
INSERT INTO "monitoredBy" VALUES (1295, 1292);
INSERT INTO "TrackElement" ("id") VALUES (1296);
INSERT INTO "Segment" ("id", "length") VALUES (1296, 272);
UPDATE "TrackElement" SET "region" = 1240 WHERE "id" = 1296;
INSERT INTO "monitoredBy" VALUES (1296, 1292);
INSERT INTO "TrackElement" ("id") VALUES (1297);
INSERT INTO "Segment" ("id", "length") VALUES (1297, 646);
UPDATE "TrackElement" SET "region" = 1240 WHERE "id" = 1297;
INSERT INTO "monitoredBy" VALUES (1297, 1292);
INSERT INTO "Sensor" ("id") VALUES (1298);
UPDATE "Sensor" SET "region" = 1240 WHERE "id" = 1298;
INSERT INTO "monitoredBy" VALUES (1285, 1298);
INSERT INTO "requires" VALUES (1239, 1298);
INSERT INTO "TrackElement" ("id") VALUES (1299);
INSERT INTO "Segment" ("id", "length") VALUES (1299, 175);
UPDATE "TrackElement" SET "region" = 1240 WHERE "id" = 1299;
INSERT INTO "monitoredBy" VALUES (1299, 1298);
INSERT INTO "TrackElement" ("id") VALUES (1300);
INSERT INTO "Segment" ("id", "length") VALUES (1300, 525);
UPDATE "TrackElement" SET "region" = 1240 WHERE "id" = 1300;
INSERT INTO "monitoredBy" VALUES (1300, 1298);
INSERT INTO "TrackElement" ("id") VALUES (1301);
INSERT INTO "Segment" ("id", "length") VALUES (1301, 310);
UPDATE "TrackElement" SET "region" = 1240 WHERE "id" = 1301;
INSERT INTO "monitoredBy" VALUES (1301, 1298);
INSERT INTO "TrackElement" ("id") VALUES (1302);
INSERT INTO "Segment" ("id", "length") VALUES (1302, 935);
UPDATE "TrackElement" SET "region" = 1240 WHERE "id" = 1302;
INSERT INTO "monitoredBy" VALUES (1302, 1298);
INSERT INTO "TrackElement" ("id") VALUES (1303);
INSERT INTO "Segment" ("id", "length") VALUES (1303, 818);
UPDATE "TrackElement" SET "region" = 1240 WHERE "id" = 1303;
INSERT INTO "monitoredBy" VALUES (1303, 1298);
INSERT INTO "Sensor" ("id") VALUES (1304);
UPDATE "Sensor" SET "region" = 1240 WHERE "id" = 1304;
INSERT INTO "monitoredBy" VALUES (1285, 1304);
INSERT INTO "requires" VALUES (1239, 1304);
INSERT INTO "TrackElement" ("id") VALUES (1305);
INSERT INTO "Segment" ("id", "length") VALUES (1305, 904);
UPDATE "TrackElement" SET "region" = 1240 WHERE "id" = 1305;
INSERT INTO "monitoredBy" VALUES (1305, 1304);
INSERT INTO "TrackElement" ("id") VALUES (1306);
INSERT INTO "Segment" ("id", "length") VALUES (1306, 36);
UPDATE "TrackElement" SET "region" = 1240 WHERE "id" = 1306;
INSERT INTO "monitoredBy" VALUES (1306, 1304);
INSERT INTO "TrackElement" ("id") VALUES (1307);
INSERT INTO "Segment" ("id", "length") VALUES (1307, 593);
UPDATE "TrackElement" SET "region" = 1240 WHERE "id" = 1307;
INSERT INTO "monitoredBy" VALUES (1307, 1304);
INSERT INTO "TrackElement" ("id") VALUES (1308);
INSERT INTO "Segment" ("id", "length") VALUES (1308, 666);
UPDATE "TrackElement" SET "region" = 1240 WHERE "id" = 1308;
INSERT INTO "monitoredBy" VALUES (1308, 1304);
INSERT INTO "TrackElement" ("id") VALUES (1309);
INSERT INTO "Segment" ("id", "length") VALUES (1309, 571);
UPDATE "TrackElement" SET "region" = 1240 WHERE "id" = 1309;
INSERT INTO "monitoredBy" VALUES (1309, 1304);
INSERT INTO "Sensor" ("id") VALUES (1310);
UPDATE "Sensor" SET "region" = 1240 WHERE "id" = 1310;
INSERT INTO "monitoredBy" VALUES (1285, 1310);
INSERT INTO "requires" VALUES (1239, 1310);
INSERT INTO "TrackElement" ("id") VALUES (1311);
INSERT INTO "Segment" ("id", "length") VALUES (1311, 62);
UPDATE "TrackElement" SET "region" = 1240 WHERE "id" = 1311;
INSERT INTO "monitoredBy" VALUES (1311, 1310);
INSERT INTO "TrackElement" ("id") VALUES (1312);
INSERT INTO "Segment" ("id", "length") VALUES (1312, 352);
UPDATE "TrackElement" SET "region" = 1240 WHERE "id" = 1312;
INSERT INTO "monitoredBy" VALUES (1312, 1310);
INSERT INTO "TrackElement" ("id") VALUES (1313);
INSERT INTO "Segment" ("id", "length") VALUES (1313, 255);
UPDATE "TrackElement" SET "region" = 1240 WHERE "id" = 1313;
INSERT INTO "monitoredBy" VALUES (1313, 1310);
INSERT INTO "TrackElement" ("id") VALUES (1314);
INSERT INTO "Segment" ("id", "length") VALUES (1314, 655);
UPDATE "TrackElement" SET "region" = 1240 WHERE "id" = 1314;
INSERT INTO "monitoredBy" VALUES (1314, 1310);
INSERT INTO "TrackElement" ("id") VALUES (1315);
INSERT INTO "Segment" ("id", "length") VALUES (1315, 671);
UPDATE "TrackElement" SET "region" = 1240 WHERE "id" = 1315;
INSERT INTO "monitoredBy" VALUES (1315, 1310);
UPDATE "Switch" SET "currentPosition" = 1 WHERE "id" = 1285;
INSERT INTO "SwitchPosition" ("id", "position", "target") VALUES (1316, 1, 1285);
UPDATE "SwitchPosition" SET "route" = 1239 WHERE "id" = 1316;
INSERT INTO "TrackElement" ("id") VALUES (1317);
INSERT INTO "Switch" ("id") VALUES (1317);
UPDATE "TrackElement" SET "region" = 1240 WHERE "id" = 1317;
INSERT INTO "Sensor" ("id") VALUES (1318);
UPDATE "Sensor" SET "region" = 1240 WHERE "id" = 1318;
INSERT INTO "monitoredBy" VALUES (1317, 1318);
INSERT INTO "requires" VALUES (1239, 1318);
INSERT INTO "TrackElement" ("id") VALUES (1319);
INSERT INTO "Segment" ("id", "length") VALUES (1319, 202);
UPDATE "TrackElement" SET "region" = 1240 WHERE "id" = 1319;
INSERT INTO "monitoredBy" VALUES (1319, 1318);
INSERT INTO "TrackElement" ("id") VALUES (1320);
INSERT INTO "Segment" ("id", "length") VALUES (1320, 162);
UPDATE "TrackElement" SET "region" = 1240 WHERE "id" = 1320;
INSERT INTO "monitoredBy" VALUES (1320, 1318);
INSERT INTO "TrackElement" ("id") VALUES (1321);
INSERT INTO "Segment" ("id", "length") VALUES (1321, 622);
UPDATE "TrackElement" SET "region" = 1240 WHERE "id" = 1321;
INSERT INTO "monitoredBy" VALUES (1321, 1318);
INSERT INTO "TrackElement" ("id") VALUES (1322);
INSERT INTO "Segment" ("id", "length") VALUES (1322, 820);
UPDATE "TrackElement" SET "region" = 1240 WHERE "id" = 1322;
INSERT INTO "monitoredBy" VALUES (1322, 1318);
INSERT INTO "TrackElement" ("id") VALUES (1323);
INSERT INTO "Segment" ("id", "length") VALUES (1323, 831);
UPDATE "TrackElement" SET "region" = 1240 WHERE "id" = 1323;
INSERT INTO "monitoredBy" VALUES (1323, 1318);
INSERT INTO "Sensor" ("id") VALUES (1324);
UPDATE "Sensor" SET "region" = 1240 WHERE "id" = 1324;
INSERT INTO "monitoredBy" VALUES (1317, 1324);
INSERT INTO "requires" VALUES (1239, 1324);
INSERT INTO "TrackElement" ("id") VALUES (1325);
INSERT INTO "Segment" ("id", "length") VALUES (1325, 794);
UPDATE "TrackElement" SET "region" = 1240 WHERE "id" = 1325;
INSERT INTO "monitoredBy" VALUES (1325, 1324);
INSERT INTO "TrackElement" ("id") VALUES (1326);
INSERT INTO "Segment" ("id", "length") VALUES (1326, 930);
UPDATE "TrackElement" SET "region" = 1240 WHERE "id" = 1326;
INSERT INTO "monitoredBy" VALUES (1326, 1324);
INSERT INTO "TrackElement" ("id") VALUES (1327);
INSERT INTO "Segment" ("id", "length") VALUES (1327, 922);
UPDATE "TrackElement" SET "region" = 1240 WHERE "id" = 1327;
INSERT INTO "monitoredBy" VALUES (1327, 1324);
INSERT INTO "TrackElement" ("id") VALUES (1328);
INSERT INTO "Segment" ("id", "length") VALUES (1328, 884);
UPDATE "TrackElement" SET "region" = 1240 WHERE "id" = 1328;
INSERT INTO "monitoredBy" VALUES (1328, 1324);
INSERT INTO "TrackElement" ("id") VALUES (1329);
INSERT INTO "Segment" ("id", "length") VALUES (1329, 43);
UPDATE "TrackElement" SET "region" = 1240 WHERE "id" = 1329;
INSERT INTO "monitoredBy" VALUES (1329, 1324);
INSERT INTO "Sensor" ("id") VALUES (1330);
UPDATE "Sensor" SET "region" = 1240 WHERE "id" = 1330;
INSERT INTO "monitoredBy" VALUES (1317, 1330);
INSERT INTO "requires" VALUES (1239, 1330);
INSERT INTO "TrackElement" ("id") VALUES (1331);
INSERT INTO "Segment" ("id", "length") VALUES (1331, 725);
UPDATE "TrackElement" SET "region" = 1240 WHERE "id" = 1331;
INSERT INTO "monitoredBy" VALUES (1331, 1330);
INSERT INTO "TrackElement" ("id") VALUES (1332);
INSERT INTO "Segment" ("id", "length") VALUES (1332, 594);
UPDATE "TrackElement" SET "region" = 1240 WHERE "id" = 1332;
INSERT INTO "monitoredBy" VALUES (1332, 1330);
INSERT INTO "TrackElement" ("id") VALUES (1333);
INSERT INTO "Segment" ("id", "length") VALUES (1333, 481);
UPDATE "TrackElement" SET "region" = 1240 WHERE "id" = 1333;
INSERT INTO "monitoredBy" VALUES (1333, 1330);
INSERT INTO "TrackElement" ("id") VALUES (1334);
INSERT INTO "Segment" ("id", "length") VALUES (1334, 886);
UPDATE "TrackElement" SET "region" = 1240 WHERE "id" = 1334;
INSERT INTO "monitoredBy" VALUES (1334, 1330);
INSERT INTO "TrackElement" ("id") VALUES (1335);
INSERT INTO "Segment" ("id", "length") VALUES (1335, 257);
UPDATE "TrackElement" SET "region" = 1240 WHERE "id" = 1335;
INSERT INTO "monitoredBy" VALUES (1335, 1330);
INSERT INTO "Sensor" ("id") VALUES (1336);
UPDATE "Sensor" SET "region" = 1240 WHERE "id" = 1336;
INSERT INTO "monitoredBy" VALUES (1317, 1336);
INSERT INTO "requires" VALUES (1239, 1336);
INSERT INTO "TrackElement" ("id") VALUES (1337);
INSERT INTO "Segment" ("id", "length") VALUES (1337, 194);
UPDATE "TrackElement" SET "region" = 1240 WHERE "id" = 1337;
INSERT INTO "monitoredBy" VALUES (1337, 1336);
INSERT INTO "TrackElement" ("id") VALUES (1338);
INSERT INTO "Segment" ("id", "length") VALUES (1338, 699);
UPDATE "TrackElement" SET "region" = 1240 WHERE "id" = 1338;
INSERT INTO "monitoredBy" VALUES (1338, 1336);
INSERT INTO "TrackElement" ("id") VALUES (1339);
INSERT INTO "Segment" ("id", "length") VALUES (1339, 7);
UPDATE "TrackElement" SET "region" = 1240 WHERE "id" = 1339;
INSERT INTO "monitoredBy" VALUES (1339, 1336);
INSERT INTO "TrackElement" ("id") VALUES (1340);
INSERT INTO "Segment" ("id", "length") VALUES (1340, 561);
UPDATE "TrackElement" SET "region" = 1240 WHERE "id" = 1340;
INSERT INTO "monitoredBy" VALUES (1340, 1336);
INSERT INTO "TrackElement" ("id") VALUES (1341);
INSERT INTO "Segment" ("id", "length") VALUES (1341, 16);
UPDATE "TrackElement" SET "region" = 1240 WHERE "id" = 1341;
INSERT INTO "monitoredBy" VALUES (1341, 1336);
INSERT INTO "Sensor" ("id") VALUES (1342);
UPDATE "Sensor" SET "region" = 1240 WHERE "id" = 1342;
INSERT INTO "monitoredBy" VALUES (1317, 1342);
INSERT INTO "requires" VALUES (1239, 1342);
INSERT INTO "TrackElement" ("id") VALUES (1343);
INSERT INTO "Segment" ("id", "length") VALUES (1343, 385);
UPDATE "TrackElement" SET "region" = 1240 WHERE "id" = 1343;
INSERT INTO "monitoredBy" VALUES (1343, 1342);
INSERT INTO "TrackElement" ("id") VALUES (1344);
INSERT INTO "Segment" ("id", "length") VALUES (1344, 40);
UPDATE "TrackElement" SET "region" = 1240 WHERE "id" = 1344;
INSERT INTO "monitoredBy" VALUES (1344, 1342);
INSERT INTO "TrackElement" ("id") VALUES (1345);
INSERT INTO "Segment" ("id", "length") VALUES (1345, 109);
UPDATE "TrackElement" SET "region" = 1240 WHERE "id" = 1345;
INSERT INTO "monitoredBy" VALUES (1345, 1342);
INSERT INTO "TrackElement" ("id") VALUES (1346);
INSERT INTO "Segment" ("id", "length") VALUES (1346, 145);
UPDATE "TrackElement" SET "region" = 1240 WHERE "id" = 1346;
INSERT INTO "monitoredBy" VALUES (1346, 1342);
INSERT INTO "TrackElement" ("id") VALUES (1347);
INSERT INTO "Segment" ("id", "length") VALUES (1347, 174);
UPDATE "TrackElement" SET "region" = 1240 WHERE "id" = 1347;
INSERT INTO "monitoredBy" VALUES (1347, 1342);
UPDATE "Switch" SET "currentPosition" = 1 WHERE "id" = 1317;
INSERT INTO "SwitchPosition" ("id", "position", "target") VALUES (1348, 1, 1317);
UPDATE "SwitchPosition" SET "route" = 1239 WHERE "id" = 1348;
INSERT INTO "TrackElement" ("id") VALUES (1349);
INSERT INTO "Switch" ("id") VALUES (1349);
UPDATE "TrackElement" SET "region" = 1240 WHERE "id" = 1349;
INSERT INTO "Sensor" ("id") VALUES (1350);
UPDATE "Sensor" SET "region" = 1240 WHERE "id" = 1350;
INSERT INTO "monitoredBy" VALUES (1349, 1350);
INSERT INTO "requires" VALUES (1239, 1350);
INSERT INTO "TrackElement" ("id") VALUES (1351);
INSERT INTO "Segment" ("id", "length") VALUES (1351, 312);
UPDATE "TrackElement" SET "region" = 1240 WHERE "id" = 1351;
INSERT INTO "monitoredBy" VALUES (1351, 1350);
INSERT INTO "TrackElement" ("id") VALUES (1352);
INSERT INTO "Segment" ("id", "length") VALUES (1352, 54);
UPDATE "TrackElement" SET "region" = 1240 WHERE "id" = 1352;
INSERT INTO "monitoredBy" VALUES (1352, 1350);
INSERT INTO "TrackElement" ("id") VALUES (1353);
INSERT INTO "Segment" ("id", "length") VALUES (1353, 943);
UPDATE "TrackElement" SET "region" = 1240 WHERE "id" = 1353;
INSERT INTO "monitoredBy" VALUES (1353, 1350);
INSERT INTO "TrackElement" ("id") VALUES (1354);
INSERT INTO "Segment" ("id", "length") VALUES (1354, 385);
UPDATE "TrackElement" SET "region" = 1240 WHERE "id" = 1354;
INSERT INTO "monitoredBy" VALUES (1354, 1350);
INSERT INTO "TrackElement" ("id") VALUES (1355);
INSERT INTO "Segment" ("id", "length") VALUES (1355, 256);
UPDATE "TrackElement" SET "region" = 1240 WHERE "id" = 1355;
INSERT INTO "monitoredBy" VALUES (1355, 1350);
INSERT INTO "Sensor" ("id") VALUES (1356);
UPDATE "Sensor" SET "region" = 1240 WHERE "id" = 1356;
INSERT INTO "monitoredBy" VALUES (1349, 1356);
INSERT INTO "requires" VALUES (1239, 1356);
INSERT INTO "TrackElement" ("id") VALUES (1357);
INSERT INTO "Segment" ("id", "length") VALUES (1357, 236);
UPDATE "TrackElement" SET "region" = 1240 WHERE "id" = 1357;
INSERT INTO "monitoredBy" VALUES (1357, 1356);
INSERT INTO "TrackElement" ("id") VALUES (1358);
INSERT INTO "Segment" ("id", "length") VALUES (1358, 733);
UPDATE "TrackElement" SET "region" = 1240 WHERE "id" = 1358;
INSERT INTO "monitoredBy" VALUES (1358, 1356);
INSERT INTO "TrackElement" ("id") VALUES (1359);
INSERT INTO "Segment" ("id", "length") VALUES (1359, 960);
UPDATE "TrackElement" SET "region" = 1240 WHERE "id" = 1359;
INSERT INTO "monitoredBy" VALUES (1359, 1356);
INSERT INTO "TrackElement" ("id") VALUES (1360);
INSERT INTO "Segment" ("id", "length") VALUES (1360, 485);
UPDATE "TrackElement" SET "region" = 1240 WHERE "id" = 1360;
INSERT INTO "monitoredBy" VALUES (1360, 1356);
INSERT INTO "TrackElement" ("id") VALUES (1361);
INSERT INTO "Segment" ("id", "length") VALUES (1361, 709);
UPDATE "TrackElement" SET "region" = 1240 WHERE "id" = 1361;
INSERT INTO "monitoredBy" VALUES (1361, 1356);
INSERT INTO "Sensor" ("id") VALUES (1362);
UPDATE "Sensor" SET "region" = 1240 WHERE "id" = 1362;
INSERT INTO "monitoredBy" VALUES (1349, 1362);
INSERT INTO "requires" VALUES (1239, 1362);
INSERT INTO "TrackElement" ("id") VALUES (1363);
INSERT INTO "Segment" ("id", "length") VALUES (1363, 714);
UPDATE "TrackElement" SET "region" = 1240 WHERE "id" = 1363;
INSERT INTO "monitoredBy" VALUES (1363, 1362);
INSERT INTO "TrackElement" ("id") VALUES (1364);
INSERT INTO "Segment" ("id", "length") VALUES (1364, 59);
UPDATE "TrackElement" SET "region" = 1240 WHERE "id" = 1364;
INSERT INTO "monitoredBy" VALUES (1364, 1362);
INSERT INTO "TrackElement" ("id") VALUES (1365);
INSERT INTO "Segment" ("id", "length") VALUES (1365, 151);
UPDATE "TrackElement" SET "region" = 1240 WHERE "id" = 1365;
INSERT INTO "monitoredBy" VALUES (1365, 1362);
INSERT INTO "TrackElement" ("id") VALUES (1366);
INSERT INTO "Segment" ("id", "length") VALUES (1366, 313);
UPDATE "TrackElement" SET "region" = 1240 WHERE "id" = 1366;
INSERT INTO "monitoredBy" VALUES (1366, 1362);
INSERT INTO "TrackElement" ("id") VALUES (1367);
INSERT INTO "Segment" ("id", "length") VALUES (1367, 791);
UPDATE "TrackElement" SET "region" = 1240 WHERE "id" = 1367;
INSERT INTO "monitoredBy" VALUES (1367, 1362);
INSERT INTO "Sensor" ("id") VALUES (1368);
UPDATE "Sensor" SET "region" = 1240 WHERE "id" = 1368;
INSERT INTO "monitoredBy" VALUES (1349, 1368);
INSERT INTO "requires" VALUES (1239, 1368);
INSERT INTO "TrackElement" ("id") VALUES (1369);
INSERT INTO "Segment" ("id", "length") VALUES (1369, 675);
UPDATE "TrackElement" SET "region" = 1240 WHERE "id" = 1369;
INSERT INTO "monitoredBy" VALUES (1369, 1368);
INSERT INTO "TrackElement" ("id") VALUES (1370);
INSERT INTO "Segment" ("id", "length") VALUES (1370, 725);
UPDATE "TrackElement" SET "region" = 1240 WHERE "id" = 1370;
INSERT INTO "monitoredBy" VALUES (1370, 1368);
INSERT INTO "TrackElement" ("id") VALUES (1371);
INSERT INTO "Segment" ("id", "length") VALUES (1371, 132);
UPDATE "TrackElement" SET "region" = 1240 WHERE "id" = 1371;
INSERT INTO "monitoredBy" VALUES (1371, 1368);
INSERT INTO "TrackElement" ("id") VALUES (1372);
INSERT INTO "Segment" ("id", "length") VALUES (1372, 850);
UPDATE "TrackElement" SET "region" = 1240 WHERE "id" = 1372;
INSERT INTO "monitoredBy" VALUES (1372, 1368);
INSERT INTO "TrackElement" ("id") VALUES (1373);
INSERT INTO "Segment" ("id", "length") VALUES (1373, 633);
UPDATE "TrackElement" SET "region" = 1240 WHERE "id" = 1373;
INSERT INTO "monitoredBy" VALUES (1373, 1368);
INSERT INTO "Sensor" ("id") VALUES (1374);
UPDATE "Sensor" SET "region" = 1240 WHERE "id" = 1374;
INSERT INTO "monitoredBy" VALUES (1349, 1374);
INSERT INTO "requires" VALUES (1239, 1374);
INSERT INTO "TrackElement" ("id") VALUES (1375);
INSERT INTO "Segment" ("id", "length") VALUES (1375, 248);
UPDATE "TrackElement" SET "region" = 1240 WHERE "id" = 1375;
INSERT INTO "monitoredBy" VALUES (1375, 1374);
INSERT INTO "TrackElement" ("id") VALUES (1376);
INSERT INTO "Segment" ("id", "length") VALUES (1376, 575);
UPDATE "TrackElement" SET "region" = 1240 WHERE "id" = 1376;
INSERT INTO "monitoredBy" VALUES (1376, 1374);
INSERT INTO "TrackElement" ("id") VALUES (1377);
INSERT INTO "Segment" ("id", "length") VALUES (1377, 118);
UPDATE "TrackElement" SET "region" = 1240 WHERE "id" = 1377;
INSERT INTO "monitoredBy" VALUES (1377, 1374);
INSERT INTO "TrackElement" ("id") VALUES (1378);
INSERT INTO "Segment" ("id", "length") VALUES (1378, 541);
UPDATE "TrackElement" SET "region" = 1240 WHERE "id" = 1378;
INSERT INTO "monitoredBy" VALUES (1378, 1374);
INSERT INTO "TrackElement" ("id") VALUES (1379);
INSERT INTO "Segment" ("id", "length") VALUES (1379, 123);
UPDATE "TrackElement" SET "region" = 1240 WHERE "id" = 1379;
INSERT INTO "monitoredBy" VALUES (1379, 1374);
INSERT INTO "Sensor" ("id") VALUES (1380);
UPDATE "Sensor" SET "region" = 1240 WHERE "id" = 1380;
INSERT INTO "monitoredBy" VALUES (1349, 1380);
INSERT INTO "requires" VALUES (1239, 1380);
INSERT INTO "TrackElement" ("id") VALUES (1381);
INSERT INTO "Segment" ("id", "length") VALUES (1381, 999);
UPDATE "TrackElement" SET "region" = 1240 WHERE "id" = 1381;
INSERT INTO "monitoredBy" VALUES (1381, 1380);
INSERT INTO "TrackElement" ("id") VALUES (1382);
INSERT INTO "Segment" ("id", "length") VALUES (1382, 471);
UPDATE "TrackElement" SET "region" = 1240 WHERE "id" = 1382;
INSERT INTO "monitoredBy" VALUES (1382, 1380);
INSERT INTO "TrackElement" ("id") VALUES (1383);
INSERT INTO "Segment" ("id", "length") VALUES (1383, 386);
UPDATE "TrackElement" SET "region" = 1240 WHERE "id" = 1383;
INSERT INTO "monitoredBy" VALUES (1383, 1380);
INSERT INTO "TrackElement" ("id") VALUES (1384);
INSERT INTO "Segment" ("id", "length") VALUES (1384, 685);
UPDATE "TrackElement" SET "region" = 1240 WHERE "id" = 1384;
INSERT INTO "monitoredBy" VALUES (1384, 1380);
INSERT INTO "TrackElement" ("id") VALUES (1385);
INSERT INTO "Segment" ("id", "length") VALUES (1385, 690);
UPDATE "TrackElement" SET "region" = 1240 WHERE "id" = 1385;
INSERT INTO "monitoredBy" VALUES (1385, 1380);
INSERT INTO "Sensor" ("id") VALUES (1386);
UPDATE "Sensor" SET "region" = 1240 WHERE "id" = 1386;
INSERT INTO "monitoredBy" VALUES (1349, 1386);
INSERT INTO "requires" VALUES (1239, 1386);
INSERT INTO "TrackElement" ("id") VALUES (1387);
INSERT INTO "Segment" ("id", "length") VALUES (1387, 804);
UPDATE "TrackElement" SET "region" = 1240 WHERE "id" = 1387;
INSERT INTO "monitoredBy" VALUES (1387, 1386);
INSERT INTO "TrackElement" ("id") VALUES (1388);
INSERT INTO "Segment" ("id", "length") VALUES (1388, 853);
UPDATE "TrackElement" SET "region" = 1240 WHERE "id" = 1388;
INSERT INTO "monitoredBy" VALUES (1388, 1386);
INSERT INTO "TrackElement" ("id") VALUES (1389);
INSERT INTO "Segment" ("id", "length") VALUES (1389, 388);
UPDATE "TrackElement" SET "region" = 1240 WHERE "id" = 1389;
INSERT INTO "monitoredBy" VALUES (1389, 1386);
INSERT INTO "TrackElement" ("id") VALUES (1390);
INSERT INTO "Segment" ("id", "length") VALUES (1390, 259);
UPDATE "TrackElement" SET "region" = 1240 WHERE "id" = 1390;
INSERT INTO "monitoredBy" VALUES (1390, 1386);
INSERT INTO "TrackElement" ("id") VALUES (1391);
INSERT INTO "Segment" ("id", "length") VALUES (1391, 297);
UPDATE "TrackElement" SET "region" = 1240 WHERE "id" = 1391;
INSERT INTO "monitoredBy" VALUES (1391, 1386);
INSERT INTO "Sensor" ("id") VALUES (1392);
UPDATE "Sensor" SET "region" = 1240 WHERE "id" = 1392;
INSERT INTO "monitoredBy" VALUES (1349, 1392);
INSERT INTO "requires" VALUES (1239, 1392);
INSERT INTO "TrackElement" ("id") VALUES (1393);
INSERT INTO "Segment" ("id", "length") VALUES (1393, 148);
UPDATE "TrackElement" SET "region" = 1240 WHERE "id" = 1393;
INSERT INTO "monitoredBy" VALUES (1393, 1392);
INSERT INTO "TrackElement" ("id") VALUES (1394);
INSERT INTO "Segment" ("id", "length") VALUES (1394, 285);
UPDATE "TrackElement" SET "region" = 1240 WHERE "id" = 1394;
INSERT INTO "monitoredBy" VALUES (1394, 1392);
INSERT INTO "TrackElement" ("id") VALUES (1395);
INSERT INTO "Segment" ("id", "length") VALUES (1395, 111);
UPDATE "TrackElement" SET "region" = 1240 WHERE "id" = 1395;
INSERT INTO "monitoredBy" VALUES (1395, 1392);
INSERT INTO "TrackElement" ("id") VALUES (1396);
INSERT INTO "Segment" ("id", "length") VALUES (1396, 419);
UPDATE "TrackElement" SET "region" = 1240 WHERE "id" = 1396;
INSERT INTO "monitoredBy" VALUES (1396, 1392);
INSERT INTO "TrackElement" ("id") VALUES (1397);
INSERT INTO "Segment" ("id", "length") VALUES (1397, 734);
UPDATE "TrackElement" SET "region" = 1240 WHERE "id" = 1397;
INSERT INTO "monitoredBy" VALUES (1397, 1392);
UPDATE "Switch" SET "currentPosition" = 2 WHERE "id" = 1349;
INSERT INTO "SwitchPosition" ("id", "position", "target") VALUES (1398, 2, 1349);
UPDATE "SwitchPosition" SET "route" = 1239 WHERE "id" = 1398;
INSERT INTO "TrackElement" ("id") VALUES (1399);
INSERT INTO "Switch" ("id") VALUES (1399);
UPDATE "TrackElement" SET "region" = 1240 WHERE "id" = 1399;
INSERT INTO "Sensor" ("id") VALUES (1400);
UPDATE "Sensor" SET "region" = 1240 WHERE "id" = 1400;
INSERT INTO "monitoredBy" VALUES (1399, 1400);
INSERT INTO "requires" VALUES (1239, 1400);
INSERT INTO "TrackElement" ("id") VALUES (1401);
INSERT INTO "Segment" ("id", "length") VALUES (1401, 985);
UPDATE "TrackElement" SET "region" = 1240 WHERE "id" = 1401;
INSERT INTO "monitoredBy" VALUES (1401, 1400);
INSERT INTO "TrackElement" ("id") VALUES (1402);
INSERT INTO "Segment" ("id", "length") VALUES (1402, 229);
UPDATE "TrackElement" SET "region" = 1240 WHERE "id" = 1402;
INSERT INTO "monitoredBy" VALUES (1402, 1400);
INSERT INTO "TrackElement" ("id") VALUES (1403);
INSERT INTO "Segment" ("id", "length") VALUES (1403, 791);
UPDATE "TrackElement" SET "region" = 1240 WHERE "id" = 1403;
INSERT INTO "monitoredBy" VALUES (1403, 1400);
INSERT INTO "TrackElement" ("id") VALUES (1404);
INSERT INTO "Segment" ("id", "length") VALUES (1404, 459);
UPDATE "TrackElement" SET "region" = 1240 WHERE "id" = 1404;
INSERT INTO "monitoredBy" VALUES (1404, 1400);
INSERT INTO "TrackElement" ("id") VALUES (1405);
INSERT INTO "Segment" ("id", "length") VALUES (1405, 166);
UPDATE "TrackElement" SET "region" = 1240 WHERE "id" = 1405;
INSERT INTO "monitoredBy" VALUES (1405, 1400);
INSERT INTO "Sensor" ("id") VALUES (1406);
UPDATE "Sensor" SET "region" = 1240 WHERE "id" = 1406;
INSERT INTO "monitoredBy" VALUES (1399, 1406);
INSERT INTO "requires" VALUES (1239, 1406);
INSERT INTO "TrackElement" ("id") VALUES (1407);
INSERT INTO "Segment" ("id", "length") VALUES (1407, 110);
UPDATE "TrackElement" SET "region" = 1240 WHERE "id" = 1407;
INSERT INTO "monitoredBy" VALUES (1407, 1406);
INSERT INTO "TrackElement" ("id") VALUES (1408);
INSERT INTO "Segment" ("id", "length") VALUES (1408, 773);
UPDATE "TrackElement" SET "region" = 1240 WHERE "id" = 1408;
INSERT INTO "monitoredBy" VALUES (1408, 1406);
INSERT INTO "TrackElement" ("id") VALUES (1409);
INSERT INTO "Segment" ("id", "length") VALUES (1409, 132);
UPDATE "TrackElement" SET "region" = 1240 WHERE "id" = 1409;
INSERT INTO "monitoredBy" VALUES (1409, 1406);
INSERT INTO "TrackElement" ("id") VALUES (1410);
INSERT INTO "Segment" ("id", "length") VALUES (1410, 715);
UPDATE "TrackElement" SET "region" = 1240 WHERE "id" = 1410;
INSERT INTO "monitoredBy" VALUES (1410, 1406);
INSERT INTO "TrackElement" ("id") VALUES (1411);
INSERT INTO "Segment" ("id", "length") VALUES (1411, 316);
UPDATE "TrackElement" SET "region" = 1240 WHERE "id" = 1411;
INSERT INTO "monitoredBy" VALUES (1411, 1406);
INSERT INTO "Sensor" ("id") VALUES (1412);
UPDATE "Sensor" SET "region" = 1240 WHERE "id" = 1412;
INSERT INTO "monitoredBy" VALUES (1399, 1412);
INSERT INTO "requires" VALUES (1239, 1412);
INSERT INTO "TrackElement" ("id") VALUES (1413);
INSERT INTO "Segment" ("id", "length") VALUES (1413, 353);
UPDATE "TrackElement" SET "region" = 1240 WHERE "id" = 1413;
INSERT INTO "monitoredBy" VALUES (1413, 1412);
INSERT INTO "TrackElement" ("id") VALUES (1414);
INSERT INTO "Segment" ("id", "length") VALUES (1414, 231);
UPDATE "TrackElement" SET "region" = 1240 WHERE "id" = 1414;
INSERT INTO "monitoredBy" VALUES (1414, 1412);
INSERT INTO "TrackElement" ("id") VALUES (1415);
INSERT INTO "Segment" ("id", "length") VALUES (1415, 36);
UPDATE "TrackElement" SET "region" = 1240 WHERE "id" = 1415;
INSERT INTO "monitoredBy" VALUES (1415, 1412);
INSERT INTO "TrackElement" ("id") VALUES (1416);
INSERT INTO "Segment" ("id", "length") VALUES (1416, 287);
UPDATE "TrackElement" SET "region" = 1240 WHERE "id" = 1416;
INSERT INTO "monitoredBy" VALUES (1416, 1412);
INSERT INTO "TrackElement" ("id") VALUES (1417);
INSERT INTO "Segment" ("id", "length") VALUES (1417, 722);
UPDATE "TrackElement" SET "region" = 1240 WHERE "id" = 1417;
INSERT INTO "monitoredBy" VALUES (1417, 1412);
INSERT INTO "Sensor" ("id") VALUES (1418);
UPDATE "Sensor" SET "region" = 1240 WHERE "id" = 1418;
INSERT INTO "monitoredBy" VALUES (1399, 1418);
INSERT INTO "requires" VALUES (1239, 1418);
INSERT INTO "TrackElement" ("id") VALUES (1419);
INSERT INTO "Segment" ("id", "length") VALUES (1419, 563);
UPDATE "TrackElement" SET "region" = 1240 WHERE "id" = 1419;
INSERT INTO "monitoredBy" VALUES (1419, 1418);
INSERT INTO "TrackElement" ("id") VALUES (1420);
INSERT INTO "Segment" ("id", "length") VALUES (1420, 53);
UPDATE "TrackElement" SET "region" = 1240 WHERE "id" = 1420;
INSERT INTO "monitoredBy" VALUES (1420, 1418);
INSERT INTO "TrackElement" ("id") VALUES (1421);
INSERT INTO "Segment" ("id", "length") VALUES (1421, 839);
UPDATE "TrackElement" SET "region" = 1240 WHERE "id" = 1421;
INSERT INTO "monitoredBy" VALUES (1421, 1418);
INSERT INTO "TrackElement" ("id") VALUES (1422);
INSERT INTO "Segment" ("id", "length") VALUES (1422, 223);
UPDATE "TrackElement" SET "region" = 1240 WHERE "id" = 1422;
INSERT INTO "monitoredBy" VALUES (1422, 1418);
INSERT INTO "TrackElement" ("id") VALUES (1423);
INSERT INTO "Segment" ("id", "length") VALUES (1423, 361);
UPDATE "TrackElement" SET "region" = 1240 WHERE "id" = 1423;
INSERT INTO "monitoredBy" VALUES (1423, 1418);
INSERT INTO "Sensor" ("id") VALUES (1424);
UPDATE "Sensor" SET "region" = 1240 WHERE "id" = 1424;
INSERT INTO "monitoredBy" VALUES (1399, 1424);
INSERT INTO "requires" VALUES (1239, 1424);
INSERT INTO "TrackElement" ("id") VALUES (1425);
INSERT INTO "Segment" ("id", "length") VALUES (1425, 922);
UPDATE "TrackElement" SET "region" = 1240 WHERE "id" = 1425;
INSERT INTO "monitoredBy" VALUES (1425, 1424);
INSERT INTO "TrackElement" ("id") VALUES (1426);
INSERT INTO "Segment" ("id", "length") VALUES (1426, 726);
UPDATE "TrackElement" SET "region" = 1240 WHERE "id" = 1426;
INSERT INTO "monitoredBy" VALUES (1426, 1424);
INSERT INTO "TrackElement" ("id") VALUES (1427);
INSERT INTO "Segment" ("id", "length") VALUES (1427, 831);
UPDATE "TrackElement" SET "region" = 1240 WHERE "id" = 1427;
INSERT INTO "monitoredBy" VALUES (1427, 1424);
INSERT INTO "TrackElement" ("id") VALUES (1428);
INSERT INTO "Segment" ("id", "length") VALUES (1428, 124);
UPDATE "TrackElement" SET "region" = 1240 WHERE "id" = 1428;
INSERT INTO "monitoredBy" VALUES (1428, 1424);
INSERT INTO "TrackElement" ("id") VALUES (1429);
INSERT INTO "Segment" ("id", "length") VALUES (1429, 367);
UPDATE "TrackElement" SET "region" = 1240 WHERE "id" = 1429;
INSERT INTO "monitoredBy" VALUES (1429, 1424);
INSERT INTO "Sensor" ("id") VALUES (1430);
UPDATE "Sensor" SET "region" = 1240 WHERE "id" = 1430;
INSERT INTO "monitoredBy" VALUES (1399, 1430);
INSERT INTO "requires" VALUES (1239, 1430);
INSERT INTO "TrackElement" ("id") VALUES (1431);
INSERT INTO "Segment" ("id", "length") VALUES (1431, 348);
UPDATE "TrackElement" SET "region" = 1240 WHERE "id" = 1431;
INSERT INTO "monitoredBy" VALUES (1431, 1430);
INSERT INTO "TrackElement" ("id") VALUES (1432);
INSERT INTO "Segment" ("id", "length") VALUES (1432, 313);
UPDATE "TrackElement" SET "region" = 1240 WHERE "id" = 1432;
INSERT INTO "monitoredBy" VALUES (1432, 1430);
INSERT INTO "TrackElement" ("id") VALUES (1433);
INSERT INTO "Segment" ("id", "length") VALUES (1433, 957);
UPDATE "TrackElement" SET "region" = 1240 WHERE "id" = 1433;
INSERT INTO "monitoredBy" VALUES (1433, 1430);
INSERT INTO "TrackElement" ("id") VALUES (1434);
INSERT INTO "Segment" ("id", "length") VALUES (1434, 398);
UPDATE "TrackElement" SET "region" = 1240 WHERE "id" = 1434;
INSERT INTO "monitoredBy" VALUES (1434, 1430);
INSERT INTO "TrackElement" ("id") VALUES (1435);
INSERT INTO "Segment" ("id", "length") VALUES (1435, 236);
UPDATE "TrackElement" SET "region" = 1240 WHERE "id" = 1435;
INSERT INTO "monitoredBy" VALUES (1435, 1430);
UPDATE "Switch" SET "currentPosition" = 0 WHERE "id" = 1399;
INSERT INTO "SwitchPosition" ("id", "position", "target") VALUES (1436, 0, 1399);
UPDATE "SwitchPosition" SET "route" = 1239 WHERE "id" = 1436;
INSERT INTO "TrackElement" ("id") VALUES (1437);
INSERT INTO "Switch" ("id") VALUES (1437);
UPDATE "TrackElement" SET "region" = 1240 WHERE "id" = 1437;
INSERT INTO "Sensor" ("id") VALUES (1438);
UPDATE "Sensor" SET "region" = 1240 WHERE "id" = 1438;
INSERT INTO "monitoredBy" VALUES (1437, 1438);
INSERT INTO "requires" VALUES (1239, 1438);
INSERT INTO "TrackElement" ("id") VALUES (1439);
INSERT INTO "Segment" ("id", "length") VALUES (1439, 231);
UPDATE "TrackElement" SET "region" = 1240 WHERE "id" = 1439;
INSERT INTO "monitoredBy" VALUES (1439, 1438);
INSERT INTO "TrackElement" ("id") VALUES (1440);
INSERT INTO "Segment" ("id", "length") VALUES (1440, 683);
UPDATE "TrackElement" SET "region" = 1240 WHERE "id" = 1440;
INSERT INTO "monitoredBy" VALUES (1440, 1438);
INSERT INTO "TrackElement" ("id") VALUES (1441);
INSERT INTO "Segment" ("id", "length") VALUES (1441, 956);
UPDATE "TrackElement" SET "region" = 1240 WHERE "id" = 1441;
INSERT INTO "monitoredBy" VALUES (1441, 1438);
INSERT INTO "TrackElement" ("id") VALUES (1442);
INSERT INTO "Segment" ("id", "length") VALUES (1442, 725);
UPDATE "TrackElement" SET "region" = 1240 WHERE "id" = 1442;
INSERT INTO "monitoredBy" VALUES (1442, 1438);
INSERT INTO "TrackElement" ("id") VALUES (1443);
INSERT INTO "Segment" ("id", "length") VALUES (1443, 718);
UPDATE "TrackElement" SET "region" = 1240 WHERE "id" = 1443;
INSERT INTO "monitoredBy" VALUES (1443, 1438);
INSERT INTO "Sensor" ("id") VALUES (1444);
UPDATE "Sensor" SET "region" = 1240 WHERE "id" = 1444;
INSERT INTO "monitoredBy" VALUES (1437, 1444);
INSERT INTO "requires" VALUES (1239, 1444);
INSERT INTO "TrackElement" ("id") VALUES (1445);
INSERT INTO "Segment" ("id", "length") VALUES (1445, 778);
UPDATE "TrackElement" SET "region" = 1240 WHERE "id" = 1445;
INSERT INTO "monitoredBy" VALUES (1445, 1444);
INSERT INTO "TrackElement" ("id") VALUES (1446);
INSERT INTO "Segment" ("id", "length") VALUES (1446, 534);
UPDATE "TrackElement" SET "region" = 1240 WHERE "id" = 1446;
INSERT INTO "monitoredBy" VALUES (1446, 1444);
INSERT INTO "TrackElement" ("id") VALUES (1447);
INSERT INTO "Segment" ("id", "length") VALUES (1447, 175);
UPDATE "TrackElement" SET "region" = 1240 WHERE "id" = 1447;
INSERT INTO "monitoredBy" VALUES (1447, 1444);
INSERT INTO "TrackElement" ("id") VALUES (1448);
INSERT INTO "Segment" ("id", "length") VALUES (1448, 978);
UPDATE "TrackElement" SET "region" = 1240 WHERE "id" = 1448;
INSERT INTO "monitoredBy" VALUES (1448, 1444);
INSERT INTO "TrackElement" ("id") VALUES (1449);
INSERT INTO "Segment" ("id", "length") VALUES (1449, 810);
UPDATE "TrackElement" SET "region" = 1240 WHERE "id" = 1449;
INSERT INTO "monitoredBy" VALUES (1449, 1444);
INSERT INTO "Sensor" ("id") VALUES (1450);
UPDATE "Sensor" SET "region" = 1240 WHERE "id" = 1450;
INSERT INTO "monitoredBy" VALUES (1437, 1450);
INSERT INTO "requires" VALUES (1239, 1450);
INSERT INTO "TrackElement" ("id") VALUES (1451);
INSERT INTO "Segment" ("id", "length") VALUES (1451, 596);
UPDATE "TrackElement" SET "region" = 1240 WHERE "id" = 1451;
INSERT INTO "monitoredBy" VALUES (1451, 1450);
INSERT INTO "TrackElement" ("id") VALUES (1452);
INSERT INTO "Segment" ("id", "length") VALUES (1452, 581);
UPDATE "TrackElement" SET "region" = 1240 WHERE "id" = 1452;
INSERT INTO "monitoredBy" VALUES (1452, 1450);
INSERT INTO "TrackElement" ("id") VALUES (1453);
INSERT INTO "Segment" ("id", "length") VALUES (1453, 287);
UPDATE "TrackElement" SET "region" = 1240 WHERE "id" = 1453;
INSERT INTO "monitoredBy" VALUES (1453, 1450);
INSERT INTO "TrackElement" ("id") VALUES (1454);
INSERT INTO "Segment" ("id", "length") VALUES (1454, 417);
UPDATE "TrackElement" SET "region" = 1240 WHERE "id" = 1454;
INSERT INTO "monitoredBy" VALUES (1454, 1450);
INSERT INTO "TrackElement" ("id") VALUES (1455);
INSERT INTO "Segment" ("id", "length") VALUES (1455, 945);
UPDATE "TrackElement" SET "region" = 1240 WHERE "id" = 1455;
INSERT INTO "monitoredBy" VALUES (1455, 1450);
INSERT INTO "Sensor" ("id") VALUES (1456);
UPDATE "Sensor" SET "region" = 1240 WHERE "id" = 1456;
INSERT INTO "monitoredBy" VALUES (1437, 1456);
INSERT INTO "requires" VALUES (1239, 1456);
INSERT INTO "TrackElement" ("id") VALUES (1457);
INSERT INTO "Segment" ("id", "length") VALUES (1457, 981);
UPDATE "TrackElement" SET "region" = 1240 WHERE "id" = 1457;
INSERT INTO "monitoredBy" VALUES (1457, 1456);
INSERT INTO "TrackElement" ("id") VALUES (1458);
INSERT INTO "Segment" ("id", "length") VALUES (1458, 494);
UPDATE "TrackElement" SET "region" = 1240 WHERE "id" = 1458;
INSERT INTO "monitoredBy" VALUES (1458, 1456);
INSERT INTO "TrackElement" ("id") VALUES (1459);
INSERT INTO "Segment" ("id", "length") VALUES (1459, 400);
UPDATE "TrackElement" SET "region" = 1240 WHERE "id" = 1459;
INSERT INTO "monitoredBy" VALUES (1459, 1456);
INSERT INTO "TrackElement" ("id") VALUES (1460);
INSERT INTO "Segment" ("id", "length") VALUES (1460, 1);
UPDATE "TrackElement" SET "region" = 1240 WHERE "id" = 1460;
INSERT INTO "monitoredBy" VALUES (1460, 1456);
INSERT INTO "TrackElement" ("id") VALUES (1461);
INSERT INTO "Segment" ("id", "length") VALUES (1461, 983);
UPDATE "TrackElement" SET "region" = 1240 WHERE "id" = 1461;
INSERT INTO "monitoredBy" VALUES (1461, 1456);
INSERT INTO "Sensor" ("id") VALUES (1462);
UPDATE "Sensor" SET "region" = 1240 WHERE "id" = 1462;
INSERT INTO "monitoredBy" VALUES (1437, 1462);
INSERT INTO "requires" VALUES (1239, 1462);
INSERT INTO "TrackElement" ("id") VALUES (1463);
INSERT INTO "Segment" ("id", "length") VALUES (1463, 762);
UPDATE "TrackElement" SET "region" = 1240 WHERE "id" = 1463;
INSERT INTO "monitoredBy" VALUES (1463, 1462);
INSERT INTO "TrackElement" ("id") VALUES (1464);
INSERT INTO "Segment" ("id", "length") VALUES (1464, 366);
UPDATE "TrackElement" SET "region" = 1240 WHERE "id" = 1464;
INSERT INTO "monitoredBy" VALUES (1464, 1462);
INSERT INTO "TrackElement" ("id") VALUES (1465);
INSERT INTO "Segment" ("id", "length") VALUES (1465, 812);
UPDATE "TrackElement" SET "region" = 1240 WHERE "id" = 1465;
INSERT INTO "monitoredBy" VALUES (1465, 1462);
INSERT INTO "TrackElement" ("id") VALUES (1466);
INSERT INTO "Segment" ("id", "length") VALUES (1466, 991);
UPDATE "TrackElement" SET "region" = 1240 WHERE "id" = 1466;
INSERT INTO "monitoredBy" VALUES (1466, 1462);
INSERT INTO "TrackElement" ("id") VALUES (1467);
INSERT INTO "Segment" ("id", "length") VALUES (1467, 346);
UPDATE "TrackElement" SET "region" = 1240 WHERE "id" = 1467;
INSERT INTO "monitoredBy" VALUES (1467, 1462);
INSERT INTO "Sensor" ("id") VALUES (1468);
UPDATE "Sensor" SET "region" = 1240 WHERE "id" = 1468;
INSERT INTO "monitoredBy" VALUES (1437, 1468);
INSERT INTO "requires" VALUES (1239, 1468);
INSERT INTO "TrackElement" ("id") VALUES (1469);
INSERT INTO "Segment" ("id", "length") VALUES (1469, 690);
UPDATE "TrackElement" SET "region" = 1240 WHERE "id" = 1469;
INSERT INTO "monitoredBy" VALUES (1469, 1468);
INSERT INTO "TrackElement" ("id") VALUES (1470);
INSERT INTO "Segment" ("id", "length") VALUES (1470, 990);
UPDATE "TrackElement" SET "region" = 1240 WHERE "id" = 1470;
INSERT INTO "monitoredBy" VALUES (1470, 1468);
INSERT INTO "TrackElement" ("id") VALUES (1471);
INSERT INTO "Segment" ("id", "length") VALUES (1471, 511);
UPDATE "TrackElement" SET "region" = 1240 WHERE "id" = 1471;
INSERT INTO "monitoredBy" VALUES (1471, 1468);
INSERT INTO "TrackElement" ("id") VALUES (1472);
INSERT INTO "Segment" ("id", "length") VALUES (1472, 518);
UPDATE "TrackElement" SET "region" = 1240 WHERE "id" = 1472;
INSERT INTO "monitoredBy" VALUES (1472, 1468);
INSERT INTO "TrackElement" ("id") VALUES (1473);
INSERT INTO "Segment" ("id", "length") VALUES (1473, 149);
UPDATE "TrackElement" SET "region" = 1240 WHERE "id" = 1473;
INSERT INTO "monitoredBy" VALUES (1473, 1468);
INSERT INTO "Sensor" ("id") VALUES (1474);
UPDATE "Sensor" SET "region" = 1240 WHERE "id" = 1474;
INSERT INTO "monitoredBy" VALUES (1437, 1474);
INSERT INTO "requires" VALUES (1239, 1474);
INSERT INTO "TrackElement" ("id") VALUES (1475);
INSERT INTO "Segment" ("id", "length") VALUES (1475, 396);
UPDATE "TrackElement" SET "region" = 1240 WHERE "id" = 1475;
INSERT INTO "monitoredBy" VALUES (1475, 1474);
INSERT INTO "TrackElement" ("id") VALUES (1476);
INSERT INTO "Segment" ("id", "length") VALUES (1476, 257);
UPDATE "TrackElement" SET "region" = 1240 WHERE "id" = 1476;
INSERT INTO "monitoredBy" VALUES (1476, 1474);
INSERT INTO "TrackElement" ("id") VALUES (1477);
INSERT INTO "Segment" ("id", "length") VALUES (1477, 630);
UPDATE "TrackElement" SET "region" = 1240 WHERE "id" = 1477;
INSERT INTO "monitoredBy" VALUES (1477, 1474);
INSERT INTO "TrackElement" ("id") VALUES (1478);
INSERT INTO "Segment" ("id", "length") VALUES (1478, 526);
UPDATE "TrackElement" SET "region" = 1240 WHERE "id" = 1478;
INSERT INTO "monitoredBy" VALUES (1478, 1474);
INSERT INTO "TrackElement" ("id") VALUES (1479);
INSERT INTO "Segment" ("id", "length") VALUES (1479, 579);
UPDATE "TrackElement" SET "region" = 1240 WHERE "id" = 1479;
INSERT INTO "monitoredBy" VALUES (1479, 1474);
INSERT INTO "Sensor" ("id") VALUES (1480);
UPDATE "Sensor" SET "region" = 1240 WHERE "id" = 1480;
INSERT INTO "monitoredBy" VALUES (1437, 1480);
INSERT INTO "requires" VALUES (1239, 1480);
INSERT INTO "TrackElement" ("id") VALUES (1481);
INSERT INTO "Segment" ("id", "length") VALUES (1481, 994);
UPDATE "TrackElement" SET "region" = 1240 WHERE "id" = 1481;
INSERT INTO "monitoredBy" VALUES (1481, 1480);
INSERT INTO "TrackElement" ("id") VALUES (1482);
INSERT INTO "Segment" ("id", "length") VALUES (1482, 48);
UPDATE "TrackElement" SET "region" = 1240 WHERE "id" = 1482;
INSERT INTO "monitoredBy" VALUES (1482, 1480);
INSERT INTO "TrackElement" ("id") VALUES (1483);
INSERT INTO "Segment" ("id", "length") VALUES (1483, 550);
UPDATE "TrackElement" SET "region" = 1240 WHERE "id" = 1483;
INSERT INTO "monitoredBy" VALUES (1483, 1480);
INSERT INTO "TrackElement" ("id") VALUES (1484);
INSERT INTO "Segment" ("id", "length") VALUES (1484, 456);
UPDATE "TrackElement" SET "region" = 1240 WHERE "id" = 1484;
INSERT INTO "monitoredBy" VALUES (1484, 1480);
INSERT INTO "TrackElement" ("id") VALUES (1485);
INSERT INTO "Segment" ("id", "length") VALUES (1485, 393);
UPDATE "TrackElement" SET "region" = 1240 WHERE "id" = 1485;
INSERT INTO "monitoredBy" VALUES (1485, 1480);
INSERT INTO "Sensor" ("id") VALUES (1486);
UPDATE "Sensor" SET "region" = 1240 WHERE "id" = 1486;
INSERT INTO "monitoredBy" VALUES (1437, 1486);
INSERT INTO "requires" VALUES (1239, 1486);
INSERT INTO "TrackElement" ("id") VALUES (1487);
INSERT INTO "Segment" ("id", "length") VALUES (1487, 853);
UPDATE "TrackElement" SET "region" = 1240 WHERE "id" = 1487;
INSERT INTO "monitoredBy" VALUES (1487, 1486);
INSERT INTO "TrackElement" ("id") VALUES (1488);
INSERT INTO "Segment" ("id", "length") VALUES (1488, 75);
UPDATE "TrackElement" SET "region" = 1240 WHERE "id" = 1488;
INSERT INTO "monitoredBy" VALUES (1488, 1486);
INSERT INTO "TrackElement" ("id") VALUES (1489);
INSERT INTO "Segment" ("id", "length") VALUES (1489, 527);
UPDATE "TrackElement" SET "region" = 1240 WHERE "id" = 1489;
INSERT INTO "monitoredBy" VALUES (1489, 1486);
INSERT INTO "TrackElement" ("id") VALUES (1490);
INSERT INTO "Segment" ("id", "length") VALUES (1490, 436);
UPDATE "TrackElement" SET "region" = 1240 WHERE "id" = 1490;
INSERT INTO "monitoredBy" VALUES (1490, 1486);
INSERT INTO "TrackElement" ("id") VALUES (1491);
INSERT INTO "Segment" ("id", "length") VALUES (1491, 591);
UPDATE "TrackElement" SET "region" = 1240 WHERE "id" = 1491;
INSERT INTO "monitoredBy" VALUES (1491, 1486);
UPDATE "Switch" SET "currentPosition" = 0 WHERE "id" = 1437;
INSERT INTO "SwitchPosition" ("id", "position", "target") VALUES (1492, 0, 1437);
UPDATE "SwitchPosition" SET "route" = 1239 WHERE "id" = 1492;
INSERT INTO "TrackElement" ("id") VALUES (1493);
INSERT INTO "Switch" ("id") VALUES (1493);
UPDATE "TrackElement" SET "region" = 1240 WHERE "id" = 1493;
INSERT INTO "Sensor" ("id") VALUES (1494);
UPDATE "Sensor" SET "region" = 1240 WHERE "id" = 1494;
INSERT INTO "monitoredBy" VALUES (1493, 1494);
INSERT INTO "requires" VALUES (1239, 1494);
INSERT INTO "TrackElement" ("id") VALUES (1495);
INSERT INTO "Segment" ("id", "length") VALUES (1495, 26);
UPDATE "TrackElement" SET "region" = 1240 WHERE "id" = 1495;
INSERT INTO "monitoredBy" VALUES (1495, 1494);
INSERT INTO "TrackElement" ("id") VALUES (1496);
INSERT INTO "Segment" ("id", "length") VALUES (1496, 236);
UPDATE "TrackElement" SET "region" = 1240 WHERE "id" = 1496;
INSERT INTO "monitoredBy" VALUES (1496, 1494);
INSERT INTO "TrackElement" ("id") VALUES (1497);
INSERT INTO "Segment" ("id", "length") VALUES (1497, 556);
UPDATE "TrackElement" SET "region" = 1240 WHERE "id" = 1497;
INSERT INTO "monitoredBy" VALUES (1497, 1494);
INSERT INTO "TrackElement" ("id") VALUES (1498);
INSERT INTO "Segment" ("id", "length") VALUES (1498, 405);
UPDATE "TrackElement" SET "region" = 1240 WHERE "id" = 1498;
INSERT INTO "monitoredBy" VALUES (1498, 1494);
INSERT INTO "TrackElement" ("id") VALUES (1499);
INSERT INTO "Segment" ("id", "length") VALUES (1499, 133);
UPDATE "TrackElement" SET "region" = 1240 WHERE "id" = 1499;
INSERT INTO "monitoredBy" VALUES (1499, 1494);
INSERT INTO "Sensor" ("id") VALUES (1500);
UPDATE "Sensor" SET "region" = 1240 WHERE "id" = 1500;
INSERT INTO "monitoredBy" VALUES (1493, 1500);
INSERT INTO "requires" VALUES (1239, 1500);
INSERT INTO "TrackElement" ("id") VALUES (1501);
INSERT INTO "Segment" ("id", "length") VALUES (1501, 826);
UPDATE "TrackElement" SET "region" = 1240 WHERE "id" = 1501;
INSERT INTO "monitoredBy" VALUES (1501, 1500);
INSERT INTO "TrackElement" ("id") VALUES (1502);
INSERT INTO "Segment" ("id", "length") VALUES (1502, 233);
UPDATE "TrackElement" SET "region" = 1240 WHERE "id" = 1502;
INSERT INTO "monitoredBy" VALUES (1502, 1500);
INSERT INTO "TrackElement" ("id") VALUES (1503);
INSERT INTO "Segment" ("id", "length") VALUES (1503, 290);
UPDATE "TrackElement" SET "region" = 1240 WHERE "id" = 1503;
INSERT INTO "monitoredBy" VALUES (1503, 1500);
INSERT INTO "TrackElement" ("id") VALUES (1504);
INSERT INTO "Segment" ("id", "length") VALUES (1504, 584);
UPDATE "TrackElement" SET "region" = 1240 WHERE "id" = 1504;
INSERT INTO "monitoredBy" VALUES (1504, 1500);
INSERT INTO "TrackElement" ("id") VALUES (1505);
INSERT INTO "Segment" ("id", "length") VALUES (1505, 282);
UPDATE "TrackElement" SET "region" = 1240 WHERE "id" = 1505;
INSERT INTO "monitoredBy" VALUES (1505, 1500);
INSERT INTO "Sensor" ("id") VALUES (1506);
UPDATE "Sensor" SET "region" = 1240 WHERE "id" = 1506;
INSERT INTO "monitoredBy" VALUES (1493, 1506);
INSERT INTO "requires" VALUES (1239, 1506);
INSERT INTO "TrackElement" ("id") VALUES (1507);
INSERT INTO "Segment" ("id", "length") VALUES (1507, 313);
UPDATE "TrackElement" SET "region" = 1240 WHERE "id" = 1507;
INSERT INTO "monitoredBy" VALUES (1507, 1506);
INSERT INTO "TrackElement" ("id") VALUES (1508);
INSERT INTO "Segment" ("id", "length") VALUES (1508, 754);
UPDATE "TrackElement" SET "region" = 1240 WHERE "id" = 1508;
INSERT INTO "monitoredBy" VALUES (1508, 1506);
INSERT INTO "TrackElement" ("id") VALUES (1509);
INSERT INTO "Segment" ("id", "length") VALUES (1509, 83);
UPDATE "TrackElement" SET "region" = 1240 WHERE "id" = 1509;
INSERT INTO "monitoredBy" VALUES (1509, 1506);
INSERT INTO "TrackElement" ("id") VALUES (1510);
INSERT INTO "Segment" ("id", "length") VALUES (1510, 874);
UPDATE "TrackElement" SET "region" = 1240 WHERE "id" = 1510;
INSERT INTO "monitoredBy" VALUES (1510, 1506);
INSERT INTO "TrackElement" ("id") VALUES (1511);
INSERT INTO "Segment" ("id", "length") VALUES (1511, 717);
UPDATE "TrackElement" SET "region" = 1240 WHERE "id" = 1511;
INSERT INTO "monitoredBy" VALUES (1511, 1506);
UPDATE "Switch" SET "currentPosition" = 1 WHERE "id" = 1493;
INSERT INTO "SwitchPosition" ("id", "position", "target") VALUES (1512, 1, 1493);
UPDATE "SwitchPosition" SET "route" = 1239 WHERE "id" = 1512;
INSERT INTO "TrackElement" ("id") VALUES (1513);
INSERT INTO "Switch" ("id") VALUES (1513);
UPDATE "TrackElement" SET "region" = 1240 WHERE "id" = 1513;
INSERT INTO "Sensor" ("id") VALUES (1514);
UPDATE "Sensor" SET "region" = 1240 WHERE "id" = 1514;
INSERT INTO "monitoredBy" VALUES (1513, 1514);
INSERT INTO "requires" VALUES (1239, 1514);
INSERT INTO "TrackElement" ("id") VALUES (1515);
INSERT INTO "Segment" ("id", "length") VALUES (1515, 910);
UPDATE "TrackElement" SET "region" = 1240 WHERE "id" = 1515;
INSERT INTO "monitoredBy" VALUES (1515, 1514);
INSERT INTO "TrackElement" ("id") VALUES (1516);
INSERT INTO "Segment" ("id", "length") VALUES (1516, 844);
UPDATE "TrackElement" SET "region" = 1240 WHERE "id" = 1516;
INSERT INTO "monitoredBy" VALUES (1516, 1514);
INSERT INTO "TrackElement" ("id") VALUES (1517);
INSERT INTO "Segment" ("id", "length") VALUES (1517, 478);
UPDATE "TrackElement" SET "region" = 1240 WHERE "id" = 1517;
INSERT INTO "monitoredBy" VALUES (1517, 1514);
INSERT INTO "TrackElement" ("id") VALUES (1518);
INSERT INTO "Segment" ("id", "length") VALUES (1518, 186);
UPDATE "TrackElement" SET "region" = 1240 WHERE "id" = 1518;
INSERT INTO "monitoredBy" VALUES (1518, 1514);
INSERT INTO "TrackElement" ("id") VALUES (1519);
INSERT INTO "Segment" ("id", "length") VALUES (1519, 346);
UPDATE "TrackElement" SET "region" = 1240 WHERE "id" = 1519;
INSERT INTO "monitoredBy" VALUES (1519, 1514);
INSERT INTO "Sensor" ("id") VALUES (1520);
UPDATE "Sensor" SET "region" = 1240 WHERE "id" = 1520;
INSERT INTO "monitoredBy" VALUES (1513, 1520);
INSERT INTO "requires" VALUES (1239, 1520);
INSERT INTO "TrackElement" ("id") VALUES (1521);
INSERT INTO "Segment" ("id", "length") VALUES (1521, 465);
UPDATE "TrackElement" SET "region" = 1240 WHERE "id" = 1521;
INSERT INTO "monitoredBy" VALUES (1521, 1520);
INSERT INTO "TrackElement" ("id") VALUES (1522);
INSERT INTO "Segment" ("id", "length") VALUES (1522, 895);
UPDATE "TrackElement" SET "region" = 1240 WHERE "id" = 1522;
INSERT INTO "monitoredBy" VALUES (1522, 1520);
INSERT INTO "TrackElement" ("id") VALUES (1523);
INSERT INTO "Segment" ("id", "length") VALUES (1523, 477);
UPDATE "TrackElement" SET "region" = 1240 WHERE "id" = 1523;
INSERT INTO "monitoredBy" VALUES (1523, 1520);
INSERT INTO "TrackElement" ("id") VALUES (1524);
INSERT INTO "Segment" ("id", "length") VALUES (1524, 763);
UPDATE "TrackElement" SET "region" = 1240 WHERE "id" = 1524;
INSERT INTO "monitoredBy" VALUES (1524, 1520);
INSERT INTO "TrackElement" ("id") VALUES (1525);
INSERT INTO "Segment" ("id", "length") VALUES (1525, 851);
UPDATE "TrackElement" SET "region" = 1240 WHERE "id" = 1525;
INSERT INTO "monitoredBy" VALUES (1525, 1520);
INSERT INTO "Sensor" ("id") VALUES (1526);
UPDATE "Sensor" SET "region" = 1240 WHERE "id" = 1526;
INSERT INTO "monitoredBy" VALUES (1513, 1526);
INSERT INTO "requires" VALUES (1239, 1526);
INSERT INTO "TrackElement" ("id") VALUES (1527);
INSERT INTO "Segment" ("id", "length") VALUES (1527, 703);
UPDATE "TrackElement" SET "region" = 1240 WHERE "id" = 1527;
INSERT INTO "monitoredBy" VALUES (1527, 1526);
INSERT INTO "TrackElement" ("id") VALUES (1528);
INSERT INTO "Segment" ("id", "length") VALUES (1528, 939);
UPDATE "TrackElement" SET "region" = 1240 WHERE "id" = 1528;
INSERT INTO "monitoredBy" VALUES (1528, 1526);
INSERT INTO "TrackElement" ("id") VALUES (1529);
INSERT INTO "Segment" ("id", "length") VALUES (1529, 296);
UPDATE "TrackElement" SET "region" = 1240 WHERE "id" = 1529;
INSERT INTO "monitoredBy" VALUES (1529, 1526);
INSERT INTO "TrackElement" ("id") VALUES (1530);
INSERT INTO "Segment" ("id", "length") VALUES (1530, 367);
UPDATE "TrackElement" SET "region" = 1240 WHERE "id" = 1530;
INSERT INTO "monitoredBy" VALUES (1530, 1526);
INSERT INTO "TrackElement" ("id") VALUES (1531);
INSERT INTO "Segment" ("id", "length") VALUES (1531, 698);
UPDATE "TrackElement" SET "region" = 1240 WHERE "id" = 1531;
INSERT INTO "monitoredBy" VALUES (1531, 1526);
INSERT INTO "Sensor" ("id") VALUES (1532);
UPDATE "Sensor" SET "region" = 1240 WHERE "id" = 1532;
INSERT INTO "monitoredBy" VALUES (1513, 1532);
INSERT INTO "requires" VALUES (1239, 1532);
INSERT INTO "TrackElement" ("id") VALUES (1533);
INSERT INTO "Segment" ("id", "length") VALUES (1533, 113);
UPDATE "TrackElement" SET "region" = 1240 WHERE "id" = 1533;
INSERT INTO "monitoredBy" VALUES (1533, 1532);
INSERT INTO "TrackElement" ("id") VALUES (1534);
INSERT INTO "Segment" ("id", "length") VALUES (1534, 599);
UPDATE "TrackElement" SET "region" = 1240 WHERE "id" = 1534;
INSERT INTO "monitoredBy" VALUES (1534, 1532);
INSERT INTO "TrackElement" ("id") VALUES (1535);
INSERT INTO "Segment" ("id", "length") VALUES (1535, 941);
UPDATE "TrackElement" SET "region" = 1240 WHERE "id" = 1535;
INSERT INTO "monitoredBy" VALUES (1535, 1532);
INSERT INTO "TrackElement" ("id") VALUES (1536);
INSERT INTO "Segment" ("id", "length") VALUES (1536, 689);
UPDATE "TrackElement" SET "region" = 1240 WHERE "id" = 1536;
INSERT INTO "monitoredBy" VALUES (1536, 1532);
INSERT INTO "TrackElement" ("id") VALUES (1537);
INSERT INTO "Segment" ("id", "length") VALUES (1537, 353);
UPDATE "TrackElement" SET "region" = 1240 WHERE "id" = 1537;
INSERT INTO "monitoredBy" VALUES (1537, 1532);
INSERT INTO "Sensor" ("id") VALUES (1538);
UPDATE "Sensor" SET "region" = 1240 WHERE "id" = 1538;
INSERT INTO "monitoredBy" VALUES (1513, 1538);
INSERT INTO "requires" VALUES (1239, 1538);
INSERT INTO "TrackElement" ("id") VALUES (1539);
INSERT INTO "Segment" ("id", "length") VALUES (1539, 497);
UPDATE "TrackElement" SET "region" = 1240 WHERE "id" = 1539;
INSERT INTO "monitoredBy" VALUES (1539, 1538);
INSERT INTO "TrackElement" ("id") VALUES (1540);
INSERT INTO "Segment" ("id", "length") VALUES (1540, 630);
UPDATE "TrackElement" SET "region" = 1240 WHERE "id" = 1540;
INSERT INTO "monitoredBy" VALUES (1540, 1538);
INSERT INTO "TrackElement" ("id") VALUES (1541);
INSERT INTO "Segment" ("id", "length") VALUES (1541, 905);
UPDATE "TrackElement" SET "region" = 1240 WHERE "id" = 1541;
INSERT INTO "monitoredBy" VALUES (1541, 1538);
INSERT INTO "TrackElement" ("id") VALUES (1542);
INSERT INTO "Segment" ("id", "length") VALUES (1542, 41);
UPDATE "TrackElement" SET "region" = 1240 WHERE "id" = 1542;
INSERT INTO "monitoredBy" VALUES (1542, 1538);
INSERT INTO "TrackElement" ("id") VALUES (1543);
INSERT INTO "Segment" ("id", "length") VALUES (1543, 907);
UPDATE "TrackElement" SET "region" = 1240 WHERE "id" = 1543;
INSERT INTO "monitoredBy" VALUES (1543, 1538);
INSERT INTO "Sensor" ("id") VALUES (1544);
UPDATE "Sensor" SET "region" = 1240 WHERE "id" = 1544;
INSERT INTO "monitoredBy" VALUES (1513, 1544);
INSERT INTO "requires" VALUES (1239, 1544);
INSERT INTO "TrackElement" ("id") VALUES (1545);
INSERT INTO "Segment" ("id", "length") VALUES (1545, 149);
UPDATE "TrackElement" SET "region" = 1240 WHERE "id" = 1545;
INSERT INTO "monitoredBy" VALUES (1545, 1544);
INSERT INTO "TrackElement" ("id") VALUES (1546);
INSERT INTO "Segment" ("id", "length") VALUES (1546, 130);
UPDATE "TrackElement" SET "region" = 1240 WHERE "id" = 1546;
INSERT INTO "monitoredBy" VALUES (1546, 1544);
INSERT INTO "TrackElement" ("id") VALUES (1547);
INSERT INTO "Segment" ("id", "length") VALUES (1547, 151);
UPDATE "TrackElement" SET "region" = 1240 WHERE "id" = 1547;
INSERT INTO "monitoredBy" VALUES (1547, 1544);
INSERT INTO "TrackElement" ("id") VALUES (1548);
INSERT INTO "Segment" ("id", "length") VALUES (1548, 177);
UPDATE "TrackElement" SET "region" = 1240 WHERE "id" = 1548;
INSERT INTO "monitoredBy" VALUES (1548, 1544);
INSERT INTO "TrackElement" ("id") VALUES (1549);
INSERT INTO "Segment" ("id", "length") VALUES (1549, 573);
UPDATE "TrackElement" SET "region" = 1240 WHERE "id" = 1549;
INSERT INTO "monitoredBy" VALUES (1549, 1544);
INSERT INTO "Sensor" ("id") VALUES (1550);
UPDATE "Sensor" SET "region" = 1240 WHERE "id" = 1550;
INSERT INTO "monitoredBy" VALUES (1513, 1550);
INSERT INTO "requires" VALUES (1239, 1550);
INSERT INTO "TrackElement" ("id") VALUES (1551);
INSERT INTO "Segment" ("id", "length") VALUES (1551, 709);
UPDATE "TrackElement" SET "region" = 1240 WHERE "id" = 1551;
INSERT INTO "monitoredBy" VALUES (1551, 1550);
INSERT INTO "TrackElement" ("id") VALUES (1552);
INSERT INTO "Segment" ("id", "length") VALUES (1552, 92);
UPDATE "TrackElement" SET "region" = 1240 WHERE "id" = 1552;
INSERT INTO "monitoredBy" VALUES (1552, 1550);
INSERT INTO "TrackElement" ("id") VALUES (1553);
INSERT INTO "Segment" ("id", "length") VALUES (1553, 829);
UPDATE "TrackElement" SET "region" = 1240 WHERE "id" = 1553;
INSERT INTO "monitoredBy" VALUES (1553, 1550);
INSERT INTO "TrackElement" ("id") VALUES (1554);
INSERT INTO "Segment" ("id", "length") VALUES (1554, 935);
UPDATE "TrackElement" SET "region" = 1240 WHERE "id" = 1554;
INSERT INTO "monitoredBy" VALUES (1554, 1550);
INSERT INTO "TrackElement" ("id") VALUES (1555);
INSERT INTO "Segment" ("id", "length") VALUES (1555, 627);
UPDATE "TrackElement" SET "region" = 1240 WHERE "id" = 1555;
INSERT INTO "monitoredBy" VALUES (1555, 1550);
INSERT INTO "Sensor" ("id") VALUES (1556);
UPDATE "Sensor" SET "region" = 1240 WHERE "id" = 1556;
INSERT INTO "monitoredBy" VALUES (1513, 1556);
INSERT INTO "requires" VALUES (1239, 1556);
INSERT INTO "TrackElement" ("id") VALUES (1557);
INSERT INTO "Segment" ("id", "length") VALUES (1557, 599);
UPDATE "TrackElement" SET "region" = 1240 WHERE "id" = 1557;
INSERT INTO "monitoredBy" VALUES (1557, 1556);
INSERT INTO "TrackElement" ("id") VALUES (1558);
INSERT INTO "Segment" ("id", "length") VALUES (1558, 69);
UPDATE "TrackElement" SET "region" = 1240 WHERE "id" = 1558;
INSERT INTO "monitoredBy" VALUES (1558, 1556);
INSERT INTO "TrackElement" ("id") VALUES (1559);
INSERT INTO "Segment" ("id", "length") VALUES (1559, 575);
UPDATE "TrackElement" SET "region" = 1240 WHERE "id" = 1559;
INSERT INTO "monitoredBy" VALUES (1559, 1556);
INSERT INTO "TrackElement" ("id") VALUES (1560);
INSERT INTO "Segment" ("id", "length") VALUES (1560, 764);
UPDATE "TrackElement" SET "region" = 1240 WHERE "id" = 1560;
INSERT INTO "monitoredBy" VALUES (1560, 1556);
INSERT INTO "TrackElement" ("id") VALUES (1561);
INSERT INTO "Segment" ("id", "length") VALUES (1561, 969);
UPDATE "TrackElement" SET "region" = 1240 WHERE "id" = 1561;
INSERT INTO "monitoredBy" VALUES (1561, 1556);
UPDATE "Switch" SET "currentPosition" = 1 WHERE "id" = 1513;
INSERT INTO "SwitchPosition" ("id", "position", "target") VALUES (1562, 1, 1513);
UPDATE "SwitchPosition" SET "route" = 1239 WHERE "id" = 1562;
INSERT INTO "TrackElement" ("id") VALUES (1563);
INSERT INTO "Switch" ("id") VALUES (1563);
UPDATE "TrackElement" SET "region" = 1240 WHERE "id" = 1563;
INSERT INTO "Sensor" ("id") VALUES (1564);
UPDATE "Sensor" SET "region" = 1240 WHERE "id" = 1564;
INSERT INTO "monitoredBy" VALUES (1563, 1564);
INSERT INTO "requires" VALUES (1239, 1564);
INSERT INTO "TrackElement" ("id") VALUES (1565);
INSERT INTO "Segment" ("id", "length") VALUES (1565, 83);
UPDATE "TrackElement" SET "region" = 1240 WHERE "id" = 1565;
INSERT INTO "monitoredBy" VALUES (1565, 1564);
INSERT INTO "TrackElement" ("id") VALUES (1566);
INSERT INTO "Segment" ("id", "length") VALUES (1566, 36);
UPDATE "TrackElement" SET "region" = 1240 WHERE "id" = 1566;
INSERT INTO "monitoredBy" VALUES (1566, 1564);
INSERT INTO "TrackElement" ("id") VALUES (1567);
INSERT INTO "Segment" ("id", "length") VALUES (1567, 557);
UPDATE "TrackElement" SET "region" = 1240 WHERE "id" = 1567;
INSERT INTO "monitoredBy" VALUES (1567, 1564);
INSERT INTO "TrackElement" ("id") VALUES (1568);
INSERT INTO "Segment" ("id", "length") VALUES (1568, 227);
UPDATE "TrackElement" SET "region" = 1240 WHERE "id" = 1568;
INSERT INTO "monitoredBy" VALUES (1568, 1564);
INSERT INTO "TrackElement" ("id") VALUES (1569);
INSERT INTO "Segment" ("id", "length") VALUES (1569, 754);
UPDATE "TrackElement" SET "region" = 1240 WHERE "id" = 1569;
INSERT INTO "monitoredBy" VALUES (1569, 1564);
INSERT INTO "Sensor" ("id") VALUES (1570);
UPDATE "Sensor" SET "region" = 1240 WHERE "id" = 1570;
INSERT INTO "monitoredBy" VALUES (1563, 1570);
INSERT INTO "requires" VALUES (1239, 1570);
INSERT INTO "TrackElement" ("id") VALUES (1571);
INSERT INTO "Segment" ("id", "length") VALUES (1571, 709);
UPDATE "TrackElement" SET "region" = 1240 WHERE "id" = 1571;
INSERT INTO "monitoredBy" VALUES (1571, 1570);
INSERT INTO "TrackElement" ("id") VALUES (1572);
INSERT INTO "Segment" ("id", "length") VALUES (1572, 857);
UPDATE "TrackElement" SET "region" = 1240 WHERE "id" = 1572;
INSERT INTO "monitoredBy" VALUES (1572, 1570);
INSERT INTO "TrackElement" ("id") VALUES (1573);
INSERT INTO "Segment" ("id", "length") VALUES (1573, 32);
UPDATE "TrackElement" SET "region" = 1240 WHERE "id" = 1573;
INSERT INTO "monitoredBy" VALUES (1573, 1570);
INSERT INTO "TrackElement" ("id") VALUES (1574);
INSERT INTO "Segment" ("id", "length") VALUES (1574, 149);
UPDATE "TrackElement" SET "region" = 1240 WHERE "id" = 1574;
INSERT INTO "monitoredBy" VALUES (1574, 1570);
INSERT INTO "TrackElement" ("id") VALUES (1575);
INSERT INTO "Segment" ("id", "length") VALUES (1575, 627);
UPDATE "TrackElement" SET "region" = 1240 WHERE "id" = 1575;
INSERT INTO "monitoredBy" VALUES (1575, 1570);
INSERT INTO "Sensor" ("id") VALUES (1576);
UPDATE "Sensor" SET "region" = 1240 WHERE "id" = 1576;
INSERT INTO "monitoredBy" VALUES (1563, 1576);
INSERT INTO "requires" VALUES (1239, 1576);
INSERT INTO "TrackElement" ("id") VALUES (1577);
INSERT INTO "Segment" ("id", "length") VALUES (1577, 354);
UPDATE "TrackElement" SET "region" = 1240 WHERE "id" = 1577;
INSERT INTO "monitoredBy" VALUES (1577, 1576);
INSERT INTO "TrackElement" ("id") VALUES (1578);
INSERT INTO "Segment" ("id", "length") VALUES (1578, 731);
UPDATE "TrackElement" SET "region" = 1240 WHERE "id" = 1578;
INSERT INTO "monitoredBy" VALUES (1578, 1576);
INSERT INTO "TrackElement" ("id") VALUES (1579);
INSERT INTO "Segment" ("id", "length") VALUES (1579, 618);
UPDATE "TrackElement" SET "region" = 1240 WHERE "id" = 1579;
INSERT INTO "monitoredBy" VALUES (1579, 1576);
INSERT INTO "TrackElement" ("id") VALUES (1580);
INSERT INTO "Segment" ("id", "length") VALUES (1580, 483);
UPDATE "TrackElement" SET "region" = 1240 WHERE "id" = 1580;
INSERT INTO "monitoredBy" VALUES (1580, 1576);
INSERT INTO "TrackElement" ("id") VALUES (1581);
INSERT INTO "Segment" ("id", "length") VALUES (1581, 439);
UPDATE "TrackElement" SET "region" = 1240 WHERE "id" = 1581;
INSERT INTO "monitoredBy" VALUES (1581, 1576);
INSERT INTO "Sensor" ("id") VALUES (1582);
UPDATE "Sensor" SET "region" = 1240 WHERE "id" = 1582;
INSERT INTO "monitoredBy" VALUES (1563, 1582);
INSERT INTO "requires" VALUES (1239, 1582);
INSERT INTO "TrackElement" ("id") VALUES (1583);
INSERT INTO "Segment" ("id", "length") VALUES (1583, 437);
UPDATE "TrackElement" SET "region" = 1240 WHERE "id" = 1583;
INSERT INTO "monitoredBy" VALUES (1583, 1582);
INSERT INTO "TrackElement" ("id") VALUES (1584);
INSERT INTO "Segment" ("id", "length") VALUES (1584, 389);
UPDATE "TrackElement" SET "region" = 1240 WHERE "id" = 1584;
INSERT INTO "monitoredBy" VALUES (1584, 1582);
INSERT INTO "TrackElement" ("id") VALUES (1585);
INSERT INTO "Segment" ("id", "length") VALUES (1585, 829);
UPDATE "TrackElement" SET "region" = 1240 WHERE "id" = 1585;
INSERT INTO "monitoredBy" VALUES (1585, 1582);
INSERT INTO "TrackElement" ("id") VALUES (1586);
INSERT INTO "Segment" ("id", "length") VALUES (1586, 720);
UPDATE "TrackElement" SET "region" = 1240 WHERE "id" = 1586;
INSERT INTO "monitoredBy" VALUES (1586, 1582);
INSERT INTO "TrackElement" ("id") VALUES (1587);
INSERT INTO "Segment" ("id", "length") VALUES (1587, 216);
UPDATE "TrackElement" SET "region" = 1240 WHERE "id" = 1587;
INSERT INTO "monitoredBy" VALUES (1587, 1582);
UPDATE "Switch" SET "currentPosition" = 2 WHERE "id" = 1563;
INSERT INTO "SwitchPosition" ("id", "position", "target") VALUES (1588, 2, 1563);
UPDATE "SwitchPosition" SET "route" = 1239 WHERE "id" = 1588;
INSERT INTO "TrackElement" ("id") VALUES (1589);
INSERT INTO "Switch" ("id") VALUES (1589);
UPDATE "TrackElement" SET "region" = 1240 WHERE "id" = 1589;
INSERT INTO "Sensor" ("id") VALUES (1590);
UPDATE "Sensor" SET "region" = 1240 WHERE "id" = 1590;
INSERT INTO "monitoredBy" VALUES (1589, 1590);
INSERT INTO "requires" VALUES (1239, 1590);
INSERT INTO "TrackElement" ("id") VALUES (1591);
INSERT INTO "Segment" ("id", "length") VALUES (1591, 837);
UPDATE "TrackElement" SET "region" = 1240 WHERE "id" = 1591;
INSERT INTO "monitoredBy" VALUES (1591, 1590);
INSERT INTO "TrackElement" ("id") VALUES (1592);
INSERT INTO "Segment" ("id", "length") VALUES (1592, 214);
UPDATE "TrackElement" SET "region" = 1240 WHERE "id" = 1592;
INSERT INTO "monitoredBy" VALUES (1592, 1590);
INSERT INTO "TrackElement" ("id") VALUES (1593);
INSERT INTO "Segment" ("id", "length") VALUES (1593, 388);
UPDATE "TrackElement" SET "region" = 1240 WHERE "id" = 1593;
INSERT INTO "monitoredBy" VALUES (1593, 1590);
INSERT INTO "TrackElement" ("id") VALUES (1594);
INSERT INTO "Segment" ("id", "length") VALUES (1594, 615);
UPDATE "TrackElement" SET "region" = 1240 WHERE "id" = 1594;
INSERT INTO "monitoredBy" VALUES (1594, 1590);
INSERT INTO "TrackElement" ("id") VALUES (1595);
INSERT INTO "Segment" ("id", "length") VALUES (1595, 43);
UPDATE "TrackElement" SET "region" = 1240 WHERE "id" = 1595;
INSERT INTO "monitoredBy" VALUES (1595, 1590);
INSERT INTO "Sensor" ("id") VALUES (1596);
UPDATE "Sensor" SET "region" = 1240 WHERE "id" = 1596;
INSERT INTO "monitoredBy" VALUES (1589, 1596);
INSERT INTO "requires" VALUES (1239, 1596);
INSERT INTO "TrackElement" ("id") VALUES (1597);
INSERT INTO "Segment" ("id", "length") VALUES (1597, 624);
UPDATE "TrackElement" SET "region" = 1240 WHERE "id" = 1597;
INSERT INTO "monitoredBy" VALUES (1597, 1596);
INSERT INTO "TrackElement" ("id") VALUES (1598);
INSERT INTO "Segment" ("id", "length") VALUES (1598, 301);
UPDATE "TrackElement" SET "region" = 1240 WHERE "id" = 1598;
INSERT INTO "monitoredBy" VALUES (1598, 1596);
INSERT INTO "TrackElement" ("id") VALUES (1599);
INSERT INTO "Segment" ("id", "length") VALUES (1599, 321);
UPDATE "TrackElement" SET "region" = 1240 WHERE "id" = 1599;
INSERT INTO "monitoredBy" VALUES (1599, 1596);
INSERT INTO "TrackElement" ("id") VALUES (1600);
INSERT INTO "Segment" ("id", "length") VALUES (1600, 811);
UPDATE "TrackElement" SET "region" = 1240 WHERE "id" = 1600;
INSERT INTO "monitoredBy" VALUES (1600, 1596);
INSERT INTO "TrackElement" ("id") VALUES (1601);
INSERT INTO "Segment" ("id", "length") VALUES (1601, 922);
UPDATE "TrackElement" SET "region" = 1240 WHERE "id" = 1601;
INSERT INTO "monitoredBy" VALUES (1601, 1596);
INSERT INTO "Sensor" ("id") VALUES (1602);
UPDATE "Sensor" SET "region" = 1240 WHERE "id" = 1602;
INSERT INTO "monitoredBy" VALUES (1589, 1602);
INSERT INTO "requires" VALUES (1239, 1602);
INSERT INTO "TrackElement" ("id") VALUES (1603);
INSERT INTO "Segment" ("id", "length") VALUES (1603, 606);
UPDATE "TrackElement" SET "region" = 1240 WHERE "id" = 1603;
INSERT INTO "monitoredBy" VALUES (1603, 1602);
INSERT INTO "TrackElement" ("id") VALUES (1604);
INSERT INTO "Segment" ("id", "length") VALUES (1604, 143);
UPDATE "TrackElement" SET "region" = 1240 WHERE "id" = 1604;
INSERT INTO "monitoredBy" VALUES (1604, 1602);
INSERT INTO "TrackElement" ("id") VALUES (1605);
INSERT INTO "Segment" ("id", "length") VALUES (1605, 430);
UPDATE "TrackElement" SET "region" = 1240 WHERE "id" = 1605;
INSERT INTO "monitoredBy" VALUES (1605, 1602);
INSERT INTO "TrackElement" ("id") VALUES (1606);
INSERT INTO "Segment" ("id", "length") VALUES (1606, 377);
UPDATE "TrackElement" SET "region" = 1240 WHERE "id" = 1606;
INSERT INTO "monitoredBy" VALUES (1606, 1602);
INSERT INTO "TrackElement" ("id") VALUES (1607);
INSERT INTO "Segment" ("id", "length") VALUES (1607, 254);
UPDATE "TrackElement" SET "region" = 1240 WHERE "id" = 1607;
INSERT INTO "monitoredBy" VALUES (1607, 1602);
INSERT INTO "Sensor" ("id") VALUES (1608);
UPDATE "Sensor" SET "region" = 1240 WHERE "id" = 1608;
INSERT INTO "monitoredBy" VALUES (1589, 1608);
INSERT INTO "requires" VALUES (1239, 1608);
INSERT INTO "TrackElement" ("id") VALUES (1609);
INSERT INTO "Segment" ("id", "length") VALUES (1609, 511);
UPDATE "TrackElement" SET "region" = 1240 WHERE "id" = 1609;
INSERT INTO "monitoredBy" VALUES (1609, 1608);
INSERT INTO "TrackElement" ("id") VALUES (1610);
INSERT INTO "Segment" ("id", "length") VALUES (1610, 552);
UPDATE "TrackElement" SET "region" = 1240 WHERE "id" = 1610;
INSERT INTO "monitoredBy" VALUES (1610, 1608);
INSERT INTO "TrackElement" ("id") VALUES (1611);
INSERT INTO "Segment" ("id", "length") VALUES (1611, 84);
UPDATE "TrackElement" SET "region" = 1240 WHERE "id" = 1611;
INSERT INTO "monitoredBy" VALUES (1611, 1608);
INSERT INTO "TrackElement" ("id") VALUES (1612);
INSERT INTO "Segment" ("id", "length") VALUES (1612, 15);
UPDATE "TrackElement" SET "region" = 1240 WHERE "id" = 1612;
INSERT INTO "monitoredBy" VALUES (1612, 1608);
INSERT INTO "TrackElement" ("id") VALUES (1613);
INSERT INTO "Segment" ("id", "length") VALUES (1613, 998);
UPDATE "TrackElement" SET "region" = 1240 WHERE "id" = 1613;
INSERT INTO "monitoredBy" VALUES (1613, 1608);
INSERT INTO "Sensor" ("id") VALUES (1614);
UPDATE "Sensor" SET "region" = 1240 WHERE "id" = 1614;
INSERT INTO "monitoredBy" VALUES (1589, 1614);
INSERT INTO "requires" VALUES (1239, 1614);
INSERT INTO "TrackElement" ("id") VALUES (1615);
INSERT INTO "Segment" ("id", "length") VALUES (1615, 782);
UPDATE "TrackElement" SET "region" = 1240 WHERE "id" = 1615;
INSERT INTO "monitoredBy" VALUES (1615, 1614);
INSERT INTO "TrackElement" ("id") VALUES (1616);
INSERT INTO "Segment" ("id", "length") VALUES (1616, 843);
UPDATE "TrackElement" SET "region" = 1240 WHERE "id" = 1616;
INSERT INTO "monitoredBy" VALUES (1616, 1614);
INSERT INTO "TrackElement" ("id") VALUES (1617);
INSERT INTO "Segment" ("id", "length") VALUES (1617, 621);
UPDATE "TrackElement" SET "region" = 1240 WHERE "id" = 1617;
INSERT INTO "monitoredBy" VALUES (1617, 1614);
INSERT INTO "TrackElement" ("id") VALUES (1618);
INSERT INTO "Segment" ("id", "length") VALUES (1618, 815);
UPDATE "TrackElement" SET "region" = 1240 WHERE "id" = 1618;
INSERT INTO "monitoredBy" VALUES (1618, 1614);
INSERT INTO "TrackElement" ("id") VALUES (1619);
INSERT INTO "Segment" ("id", "length") VALUES (1619, 153);
UPDATE "TrackElement" SET "region" = 1240 WHERE "id" = 1619;
INSERT INTO "monitoredBy" VALUES (1619, 1614);
UPDATE "Switch" SET "currentPosition" = 1 WHERE "id" = 1589;
INSERT INTO "SwitchPosition" ("id", "position", "target") VALUES (1620, 1, 1589);
UPDATE "SwitchPosition" SET "route" = 1239 WHERE "id" = 1620;
INSERT INTO "TrackElement" ("id") VALUES (1621);
INSERT INTO "Switch" ("id") VALUES (1621);
UPDATE "TrackElement" SET "region" = 1240 WHERE "id" = 1621;
INSERT INTO "Sensor" ("id") VALUES (1622);
UPDATE "Sensor" SET "region" = 1240 WHERE "id" = 1622;
INSERT INTO "monitoredBy" VALUES (1621, 1622);
INSERT INTO "requires" VALUES (1239, 1622);
INSERT INTO "TrackElement" ("id") VALUES (1623);
INSERT INTO "Segment" ("id", "length") VALUES (1623, 312);
UPDATE "TrackElement" SET "region" = 1240 WHERE "id" = 1623;
INSERT INTO "monitoredBy" VALUES (1623, 1622);
INSERT INTO "TrackElement" ("id") VALUES (1624);
INSERT INTO "Segment" ("id", "length") VALUES (1624, 889);
UPDATE "TrackElement" SET "region" = 1240 WHERE "id" = 1624;
INSERT INTO "monitoredBy" VALUES (1624, 1622);
INSERT INTO "TrackElement" ("id") VALUES (1625);
INSERT INTO "Segment" ("id", "length") VALUES (1625, 669);
UPDATE "TrackElement" SET "region" = 1240 WHERE "id" = 1625;
INSERT INTO "monitoredBy" VALUES (1625, 1622);
INSERT INTO "TrackElement" ("id") VALUES (1626);
INSERT INTO "Segment" ("id", "length") VALUES (1626, 494);
UPDATE "TrackElement" SET "region" = 1240 WHERE "id" = 1626;
INSERT INTO "monitoredBy" VALUES (1626, 1622);
INSERT INTO "TrackElement" ("id") VALUES (1627);
INSERT INTO "Segment" ("id", "length") VALUES (1627, 620);
UPDATE "TrackElement" SET "region" = 1240 WHERE "id" = 1627;
INSERT INTO "monitoredBy" VALUES (1627, 1622);
INSERT INTO "Sensor" ("id") VALUES (1628);
UPDATE "Sensor" SET "region" = 1240 WHERE "id" = 1628;
INSERT INTO "monitoredBy" VALUES (1621, 1628);
INSERT INTO "requires" VALUES (1239, 1628);
INSERT INTO "TrackElement" ("id") VALUES (1629);
INSERT INTO "Segment" ("id", "length") VALUES (1629, 719);
UPDATE "TrackElement" SET "region" = 1240 WHERE "id" = 1629;
INSERT INTO "monitoredBy" VALUES (1629, 1628);
INSERT INTO "TrackElement" ("id") VALUES (1630);
INSERT INTO "Segment" ("id", "length") VALUES (1630, 920);
UPDATE "TrackElement" SET "region" = 1240 WHERE "id" = 1630;
INSERT INTO "monitoredBy" VALUES (1630, 1628);
INSERT INTO "TrackElement" ("id") VALUES (1631);
INSERT INTO "Segment" ("id", "length") VALUES (1631, 667);
UPDATE "TrackElement" SET "region" = 1240 WHERE "id" = 1631;
INSERT INTO "monitoredBy" VALUES (1631, 1628);
INSERT INTO "TrackElement" ("id") VALUES (1632);
INSERT INTO "Segment" ("id", "length") VALUES (1632, 653);
UPDATE "TrackElement" SET "region" = 1240 WHERE "id" = 1632;
INSERT INTO "monitoredBy" VALUES (1632, 1628);
INSERT INTO "TrackElement" ("id") VALUES (1633);
INSERT INTO "Segment" ("id", "length") VALUES (1633, 13);
UPDATE "TrackElement" SET "region" = 1240 WHERE "id" = 1633;
INSERT INTO "monitoredBy" VALUES (1633, 1628);
INSERT INTO "Sensor" ("id") VALUES (1634);
UPDATE "Sensor" SET "region" = 1240 WHERE "id" = 1634;
INSERT INTO "monitoredBy" VALUES (1621, 1634);
INSERT INTO "requires" VALUES (1239, 1634);
INSERT INTO "TrackElement" ("id") VALUES (1635);
INSERT INTO "Segment" ("id", "length") VALUES (1635, 789);
UPDATE "TrackElement" SET "region" = 1240 WHERE "id" = 1635;
INSERT INTO "monitoredBy" VALUES (1635, 1634);
INSERT INTO "TrackElement" ("id") VALUES (1636);
INSERT INTO "Segment" ("id", "length") VALUES (1636, 436);
UPDATE "TrackElement" SET "region" = 1240 WHERE "id" = 1636;
INSERT INTO "monitoredBy" VALUES (1636, 1634);
INSERT INTO "TrackElement" ("id") VALUES (1637);
INSERT INTO "Segment" ("id", "length") VALUES (1637, 449);
UPDATE "TrackElement" SET "region" = 1240 WHERE "id" = 1637;
INSERT INTO "monitoredBy" VALUES (1637, 1634);
INSERT INTO "TrackElement" ("id") VALUES (1638);
INSERT INTO "Segment" ("id", "length") VALUES (1638, 581);
UPDATE "TrackElement" SET "region" = 1240 WHERE "id" = 1638;
INSERT INTO "monitoredBy" VALUES (1638, 1634);
INSERT INTO "TrackElement" ("id") VALUES (1639);
INSERT INTO "Segment" ("id", "length") VALUES (1639, 860);
UPDATE "TrackElement" SET "region" = 1240 WHERE "id" = 1639;
INSERT INTO "monitoredBy" VALUES (1639, 1634);
INSERT INTO "Sensor" ("id") VALUES (1640);
UPDATE "Sensor" SET "region" = 1240 WHERE "id" = 1640;
INSERT INTO "monitoredBy" VALUES (1621, 1640);
INSERT INTO "requires" VALUES (1239, 1640);
INSERT INTO "TrackElement" ("id") VALUES (1641);
INSERT INTO "Segment" ("id", "length") VALUES (1641, 386);
UPDATE "TrackElement" SET "region" = 1240 WHERE "id" = 1641;
INSERT INTO "monitoredBy" VALUES (1641, 1640);
INSERT INTO "TrackElement" ("id") VALUES (1642);
INSERT INTO "Segment" ("id", "length") VALUES (1642, 612);
UPDATE "TrackElement" SET "region" = 1240 WHERE "id" = 1642;
INSERT INTO "monitoredBy" VALUES (1642, 1640);
INSERT INTO "TrackElement" ("id") VALUES (1643);
INSERT INTO "Segment" ("id", "length") VALUES (1643, 165);
UPDATE "TrackElement" SET "region" = 1240 WHERE "id" = 1643;
INSERT INTO "monitoredBy" VALUES (1643, 1640);
INSERT INTO "TrackElement" ("id") VALUES (1644);
INSERT INTO "Segment" ("id", "length") VALUES (1644, 925);
UPDATE "TrackElement" SET "region" = 1240 WHERE "id" = 1644;
INSERT INTO "monitoredBy" VALUES (1644, 1640);
INSERT INTO "TrackElement" ("id") VALUES (1645);
INSERT INTO "Segment" ("id", "length") VALUES (1645, 858);
UPDATE "TrackElement" SET "region" = 1240 WHERE "id" = 1645;
INSERT INTO "monitoredBy" VALUES (1645, 1640);
INSERT INTO "Sensor" ("id") VALUES (1646);
UPDATE "Sensor" SET "region" = 1240 WHERE "id" = 1646;
INSERT INTO "monitoredBy" VALUES (1621, 1646);
INSERT INTO "requires" VALUES (1239, 1646);
INSERT INTO "TrackElement" ("id") VALUES (1647);
INSERT INTO "Segment" ("id", "length") VALUES (1647, 51);
UPDATE "TrackElement" SET "region" = 1240 WHERE "id" = 1647;
INSERT INTO "monitoredBy" VALUES (1647, 1646);
INSERT INTO "TrackElement" ("id") VALUES (1648);
INSERT INTO "Segment" ("id", "length") VALUES (1648, 340);
UPDATE "TrackElement" SET "region" = 1240 WHERE "id" = 1648;
INSERT INTO "monitoredBy" VALUES (1648, 1646);
INSERT INTO "TrackElement" ("id") VALUES (1649);
INSERT INTO "Segment" ("id", "length") VALUES (1649, 671);
UPDATE "TrackElement" SET "region" = 1240 WHERE "id" = 1649;
INSERT INTO "monitoredBy" VALUES (1649, 1646);
INSERT INTO "TrackElement" ("id") VALUES (1650);
INSERT INTO "Segment" ("id", "length") VALUES (1650, 973);
UPDATE "TrackElement" SET "region" = 1240 WHERE "id" = 1650;
INSERT INTO "monitoredBy" VALUES (1650, 1646);
INSERT INTO "TrackElement" ("id") VALUES (1651);
INSERT INTO "Segment" ("id", "length") VALUES (1651, 131);
UPDATE "TrackElement" SET "region" = 1240 WHERE "id" = 1651;
INSERT INTO "monitoredBy" VALUES (1651, 1646);
INSERT INTO "Sensor" ("id") VALUES (1652);
UPDATE "Sensor" SET "region" = 1240 WHERE "id" = 1652;
INSERT INTO "monitoredBy" VALUES (1621, 1652);
INSERT INTO "requires" VALUES (1239, 1652);
INSERT INTO "TrackElement" ("id") VALUES (1653);
INSERT INTO "Segment" ("id", "length") VALUES (1653, 996);
UPDATE "TrackElement" SET "region" = 1240 WHERE "id" = 1653;
INSERT INTO "monitoredBy" VALUES (1653, 1652);
INSERT INTO "TrackElement" ("id") VALUES (1654);
INSERT INTO "Segment" ("id", "length") VALUES (1654, 329);
UPDATE "TrackElement" SET "region" = 1240 WHERE "id" = 1654;
INSERT INTO "monitoredBy" VALUES (1654, 1652);
INSERT INTO "TrackElement" ("id") VALUES (1655);
INSERT INTO "Segment" ("id", "length") VALUES (1655, 136);
UPDATE "TrackElement" SET "region" = 1240 WHERE "id" = 1655;
INSERT INTO "monitoredBy" VALUES (1655, 1652);
INSERT INTO "TrackElement" ("id") VALUES (1656);
INSERT INTO "Segment" ("id", "length") VALUES (1656, 789);
UPDATE "TrackElement" SET "region" = 1240 WHERE "id" = 1656;
INSERT INTO "monitoredBy" VALUES (1656, 1652);
INSERT INTO "TrackElement" ("id") VALUES (1657);
INSERT INTO "Segment" ("id", "length") VALUES (1657, 953);
UPDATE "TrackElement" SET "region" = 1240 WHERE "id" = 1657;
INSERT INTO "monitoredBy" VALUES (1657, 1652);
INSERT INTO "Sensor" ("id") VALUES (1658);
UPDATE "Sensor" SET "region" = 1240 WHERE "id" = 1658;
INSERT INTO "monitoredBy" VALUES (1621, 1658);
INSERT INTO "requires" VALUES (1239, 1658);
INSERT INTO "TrackElement" ("id") VALUES (1659);
INSERT INTO "Segment" ("id", "length") VALUES (1659, 609);
UPDATE "TrackElement" SET "region" = 1240 WHERE "id" = 1659;
INSERT INTO "monitoredBy" VALUES (1659, 1658);
INSERT INTO "TrackElement" ("id") VALUES (1660);
INSERT INTO "Segment" ("id", "length") VALUES (1660, 842);
UPDATE "TrackElement" SET "region" = 1240 WHERE "id" = 1660;
INSERT INTO "monitoredBy" VALUES (1660, 1658);
INSERT INTO "TrackElement" ("id") VALUES (1661);
INSERT INTO "Segment" ("id", "length") VALUES (1661, 566);
UPDATE "TrackElement" SET "region" = 1240 WHERE "id" = 1661;
INSERT INTO "monitoredBy" VALUES (1661, 1658);
INSERT INTO "TrackElement" ("id") VALUES (1662);
INSERT INTO "Segment" ("id", "length") VALUES (1662, 62);
UPDATE "TrackElement" SET "region" = 1240 WHERE "id" = 1662;
INSERT INTO "monitoredBy" VALUES (1662, 1658);
INSERT INTO "TrackElement" ("id") VALUES (1663);
INSERT INTO "Segment" ("id", "length") VALUES (1663, 183);
UPDATE "TrackElement" SET "region" = 1240 WHERE "id" = 1663;
INSERT INTO "monitoredBy" VALUES (1663, 1658);
INSERT INTO "Sensor" ("id") VALUES (1664);
UPDATE "Sensor" SET "region" = 1240 WHERE "id" = 1664;
INSERT INTO "monitoredBy" VALUES (1621, 1664);
INSERT INTO "requires" VALUES (1239, 1664);
INSERT INTO "TrackElement" ("id") VALUES (1665);
INSERT INTO "Segment" ("id", "length") VALUES (1665, 962);
UPDATE "TrackElement" SET "region" = 1240 WHERE "id" = 1665;
INSERT INTO "monitoredBy" VALUES (1665, 1664);
INSERT INTO "TrackElement" ("id") VALUES (1666);
INSERT INTO "Segment" ("id", "length") VALUES (1666, 121);
UPDATE "TrackElement" SET "region" = 1240 WHERE "id" = 1666;
INSERT INTO "monitoredBy" VALUES (1666, 1664);
INSERT INTO "TrackElement" ("id") VALUES (1667);
INSERT INTO "Segment" ("id", "length") VALUES (1667, 610);
UPDATE "TrackElement" SET "region" = 1240 WHERE "id" = 1667;
INSERT INTO "monitoredBy" VALUES (1667, 1664);
INSERT INTO "TrackElement" ("id") VALUES (1668);
INSERT INTO "Segment" ("id", "length") VALUES (1668, 367);
UPDATE "TrackElement" SET "region" = 1240 WHERE "id" = 1668;
INSERT INTO "monitoredBy" VALUES (1668, 1664);
INSERT INTO "TrackElement" ("id") VALUES (1669);
INSERT INTO "Segment" ("id", "length") VALUES (1669, 205);
UPDATE "TrackElement" SET "region" = 1240 WHERE "id" = 1669;
INSERT INTO "monitoredBy" VALUES (1669, 1664);
UPDATE "Switch" SET "currentPosition" = 1 WHERE "id" = 1621;
INSERT INTO "SwitchPosition" ("id", "position", "target") VALUES (1670, 1, 1621);
UPDATE "SwitchPosition" SET "route" = 1239 WHERE "id" = 1670;
INSERT INTO "connectsTo" VALUES (1241, 1243);
INSERT INTO "connectsTo" VALUES (1243, 1244);
INSERT INTO "connectsTo" VALUES (1244, 1245);
INSERT INTO "connectsTo" VALUES (1245, 1246);
INSERT INTO "connectsTo" VALUES (1246, 1247);
INSERT INTO "connectsTo" VALUES (1247, 1249);
INSERT INTO "connectsTo" VALUES (1249, 1250);
INSERT INTO "connectsTo" VALUES (1250, 1251);
INSERT INTO "connectsTo" VALUES (1251, 1252);
INSERT INTO "connectsTo" VALUES (1252, 1253);
INSERT INTO "connectsTo" VALUES (1253, 1255);
INSERT INTO "connectsTo" VALUES (1255, 1256);
INSERT INTO "connectsTo" VALUES (1256, 1257);
INSERT INTO "connectsTo" VALUES (1257, 1258);
INSERT INTO "connectsTo" VALUES (1258, 1259);
INSERT INTO "connectsTo" VALUES (1259, 1261);
INSERT INTO "connectsTo" VALUES (1261, 1262);
INSERT INTO "connectsTo" VALUES (1262, 1263);
INSERT INTO "connectsTo" VALUES (1263, 1264);
INSERT INTO "connectsTo" VALUES (1264, 1265);
INSERT INTO "connectsTo" VALUES (1265, 1267);
INSERT INTO "connectsTo" VALUES (1267, 1268);
INSERT INTO "connectsTo" VALUES (1268, 1269);
INSERT INTO "connectsTo" VALUES (1269, 1270);
INSERT INTO "connectsTo" VALUES (1270, 1271);
INSERT INTO "connectsTo" VALUES (1271, 1273);
INSERT INTO "connectsTo" VALUES (1273, 1274);
INSERT INTO "connectsTo" VALUES (1274, 1275);
INSERT INTO "connectsTo" VALUES (1275, 1276);
INSERT INTO "connectsTo" VALUES (1276, 1277);
INSERT INTO "connectsTo" VALUES (1277, 1279);
INSERT INTO "connectsTo" VALUES (1279, 1280);
INSERT INTO "connectsTo" VALUES (1280, 1281);
INSERT INTO "connectsTo" VALUES (1281, 1282);
INSERT INTO "connectsTo" VALUES (1282, 1283);
INSERT INTO "connectsTo" VALUES (1283, 1285);
INSERT INTO "connectsTo" VALUES (1285, 1287);
INSERT INTO "connectsTo" VALUES (1287, 1288);
INSERT INTO "connectsTo" VALUES (1288, 1289);
INSERT INTO "connectsTo" VALUES (1289, 1290);
INSERT INTO "connectsTo" VALUES (1290, 1291);
INSERT INTO "connectsTo" VALUES (1291, 1293);
INSERT INTO "connectsTo" VALUES (1293, 1294);
INSERT INTO "connectsTo" VALUES (1294, 1295);
INSERT INTO "connectsTo" VALUES (1295, 1296);
INSERT INTO "connectsTo" VALUES (1296, 1297);
INSERT INTO "connectsTo" VALUES (1297, 1299);
INSERT INTO "connectsTo" VALUES (1299, 1300);
INSERT INTO "connectsTo" VALUES (1300, 1301);
INSERT INTO "connectsTo" VALUES (1301, 1302);
INSERT INTO "connectsTo" VALUES (1302, 1303);
INSERT INTO "connectsTo" VALUES (1303, 1305);
INSERT INTO "connectsTo" VALUES (1305, 1306);
INSERT INTO "connectsTo" VALUES (1306, 1307);
INSERT INTO "connectsTo" VALUES (1307, 1308);
INSERT INTO "connectsTo" VALUES (1308, 1309);
INSERT INTO "connectsTo" VALUES (1309, 1311);
INSERT INTO "connectsTo" VALUES (1311, 1312);
INSERT INTO "connectsTo" VALUES (1312, 1313);
INSERT INTO "connectsTo" VALUES (1313, 1314);
INSERT INTO "connectsTo" VALUES (1314, 1315);
INSERT INTO "connectsTo" VALUES (1315, 1317);
INSERT INTO "connectsTo" VALUES (1317, 1319);
INSERT INTO "connectsTo" VALUES (1319, 1320);
INSERT INTO "connectsTo" VALUES (1320, 1321);
INSERT INTO "connectsTo" VALUES (1321, 1322);
INSERT INTO "connectsTo" VALUES (1322, 1323);
INSERT INTO "connectsTo" VALUES (1323, 1325);
INSERT INTO "connectsTo" VALUES (1325, 1326);
INSERT INTO "connectsTo" VALUES (1326, 1327);
INSERT INTO "connectsTo" VALUES (1327, 1328);
INSERT INTO "connectsTo" VALUES (1328, 1329);
INSERT INTO "connectsTo" VALUES (1329, 1331);
INSERT INTO "connectsTo" VALUES (1331, 1332);
INSERT INTO "connectsTo" VALUES (1332, 1333);
INSERT INTO "connectsTo" VALUES (1333, 1334);
INSERT INTO "connectsTo" VALUES (1334, 1335);
INSERT INTO "connectsTo" VALUES (1335, 1337);
INSERT INTO "connectsTo" VALUES (1337, 1338);
INSERT INTO "connectsTo" VALUES (1338, 1339);
INSERT INTO "connectsTo" VALUES (1339, 1340);
INSERT INTO "connectsTo" VALUES (1340, 1341);
INSERT INTO "connectsTo" VALUES (1341, 1343);
INSERT INTO "connectsTo" VALUES (1343, 1344);
INSERT INTO "connectsTo" VALUES (1344, 1345);
INSERT INTO "connectsTo" VALUES (1345, 1346);
INSERT INTO "connectsTo" VALUES (1346, 1347);
INSERT INTO "connectsTo" VALUES (1347, 1349);
INSERT INTO "connectsTo" VALUES (1349, 1351);
INSERT INTO "connectsTo" VALUES (1351, 1352);
INSERT INTO "connectsTo" VALUES (1352, 1353);
INSERT INTO "connectsTo" VALUES (1353, 1354);
INSERT INTO "connectsTo" VALUES (1354, 1355);
INSERT INTO "connectsTo" VALUES (1355, 1357);
INSERT INTO "connectsTo" VALUES (1357, 1358);
INSERT INTO "connectsTo" VALUES (1358, 1359);
INSERT INTO "connectsTo" VALUES (1359, 1360);
INSERT INTO "connectsTo" VALUES (1360, 1361);
INSERT INTO "connectsTo" VALUES (1361, 1363);
INSERT INTO "connectsTo" VALUES (1363, 1364);
INSERT INTO "connectsTo" VALUES (1364, 1365);
INSERT INTO "connectsTo" VALUES (1365, 1366);
INSERT INTO "connectsTo" VALUES (1366, 1367);
INSERT INTO "connectsTo" VALUES (1367, 1369);
INSERT INTO "connectsTo" VALUES (1369, 1370);
INSERT INTO "connectsTo" VALUES (1370, 1371);
INSERT INTO "connectsTo" VALUES (1371, 1372);
INSERT INTO "connectsTo" VALUES (1372, 1373);
INSERT INTO "connectsTo" VALUES (1373, 1375);
INSERT INTO "connectsTo" VALUES (1375, 1376);
INSERT INTO "connectsTo" VALUES (1376, 1377);
INSERT INTO "connectsTo" VALUES (1377, 1378);
INSERT INTO "connectsTo" VALUES (1378, 1379);
INSERT INTO "connectsTo" VALUES (1379, 1381);
INSERT INTO "connectsTo" VALUES (1381, 1382);
INSERT INTO "connectsTo" VALUES (1382, 1383);
INSERT INTO "connectsTo" VALUES (1383, 1384);
INSERT INTO "connectsTo" VALUES (1384, 1385);
INSERT INTO "connectsTo" VALUES (1385, 1387);
INSERT INTO "connectsTo" VALUES (1387, 1388);
INSERT INTO "connectsTo" VALUES (1388, 1389);
INSERT INTO "connectsTo" VALUES (1389, 1390);
INSERT INTO "connectsTo" VALUES (1390, 1391);
INSERT INTO "connectsTo" VALUES (1391, 1393);
INSERT INTO "connectsTo" VALUES (1393, 1394);
INSERT INTO "connectsTo" VALUES (1394, 1395);
INSERT INTO "connectsTo" VALUES (1395, 1396);
INSERT INTO "connectsTo" VALUES (1396, 1397);
INSERT INTO "connectsTo" VALUES (1397, 1399);
INSERT INTO "connectsTo" VALUES (1399, 1401);
INSERT INTO "connectsTo" VALUES (1401, 1402);
INSERT INTO "connectsTo" VALUES (1402, 1403);
INSERT INTO "connectsTo" VALUES (1403, 1404);
INSERT INTO "connectsTo" VALUES (1404, 1405);
INSERT INTO "connectsTo" VALUES (1405, 1407);
INSERT INTO "connectsTo" VALUES (1407, 1408);
INSERT INTO "connectsTo" VALUES (1408, 1409);
INSERT INTO "connectsTo" VALUES (1409, 1410);
INSERT INTO "connectsTo" VALUES (1410, 1411);
INSERT INTO "connectsTo" VALUES (1411, 1413);
INSERT INTO "connectsTo" VALUES (1413, 1414);
INSERT INTO "connectsTo" VALUES (1414, 1415);
INSERT INTO "connectsTo" VALUES (1415, 1416);
INSERT INTO "connectsTo" VALUES (1416, 1417);
INSERT INTO "connectsTo" VALUES (1417, 1419);
INSERT INTO "connectsTo" VALUES (1419, 1420);
INSERT INTO "connectsTo" VALUES (1420, 1421);
INSERT INTO "connectsTo" VALUES (1421, 1422);
INSERT INTO "connectsTo" VALUES (1422, 1423);
INSERT INTO "connectsTo" VALUES (1423, 1425);
INSERT INTO "connectsTo" VALUES (1425, 1426);
INSERT INTO "connectsTo" VALUES (1426, 1427);
INSERT INTO "connectsTo" VALUES (1427, 1428);
INSERT INTO "connectsTo" VALUES (1428, 1429);
INSERT INTO "connectsTo" VALUES (1429, 1431);
INSERT INTO "connectsTo" VALUES (1431, 1432);
INSERT INTO "connectsTo" VALUES (1432, 1433);
INSERT INTO "connectsTo" VALUES (1433, 1434);
INSERT INTO "connectsTo" VALUES (1434, 1435);
INSERT INTO "connectsTo" VALUES (1435, 1437);
INSERT INTO "connectsTo" VALUES (1437, 1439);
INSERT INTO "connectsTo" VALUES (1439, 1440);
INSERT INTO "connectsTo" VALUES (1440, 1441);
INSERT INTO "connectsTo" VALUES (1441, 1442);
INSERT INTO "connectsTo" VALUES (1442, 1443);
INSERT INTO "connectsTo" VALUES (1443, 1445);
INSERT INTO "connectsTo" VALUES (1445, 1446);
INSERT INTO "connectsTo" VALUES (1446, 1447);
INSERT INTO "connectsTo" VALUES (1447, 1448);
INSERT INTO "connectsTo" VALUES (1448, 1449);
INSERT INTO "connectsTo" VALUES (1449, 1451);
INSERT INTO "connectsTo" VALUES (1451, 1452);
INSERT INTO "connectsTo" VALUES (1452, 1453);
INSERT INTO "connectsTo" VALUES (1453, 1454);
INSERT INTO "connectsTo" VALUES (1454, 1455);
INSERT INTO "connectsTo" VALUES (1455, 1457);
INSERT INTO "connectsTo" VALUES (1457, 1458);
INSERT INTO "connectsTo" VALUES (1458, 1459);
INSERT INTO "connectsTo" VALUES (1459, 1460);
INSERT INTO "connectsTo" VALUES (1460, 1461);
INSERT INTO "connectsTo" VALUES (1461, 1463);
INSERT INTO "connectsTo" VALUES (1463, 1464);
INSERT INTO "connectsTo" VALUES (1464, 1465);
INSERT INTO "connectsTo" VALUES (1465, 1466);
INSERT INTO "connectsTo" VALUES (1466, 1467);
INSERT INTO "connectsTo" VALUES (1467, 1469);
INSERT INTO "connectsTo" VALUES (1469, 1470);
INSERT INTO "connectsTo" VALUES (1470, 1471);
INSERT INTO "connectsTo" VALUES (1471, 1472);
INSERT INTO "connectsTo" VALUES (1472, 1473);
INSERT INTO "connectsTo" VALUES (1473, 1475);
INSERT INTO "connectsTo" VALUES (1475, 1476);
INSERT INTO "connectsTo" VALUES (1476, 1477);
INSERT INTO "connectsTo" VALUES (1477, 1478);
INSERT INTO "connectsTo" VALUES (1478, 1479);
INSERT INTO "connectsTo" VALUES (1479, 1481);
INSERT INTO "connectsTo" VALUES (1481, 1482);
INSERT INTO "connectsTo" VALUES (1482, 1483);
INSERT INTO "connectsTo" VALUES (1483, 1484);
INSERT INTO "connectsTo" VALUES (1484, 1485);
INSERT INTO "connectsTo" VALUES (1485, 1487);
INSERT INTO "connectsTo" VALUES (1487, 1488);
INSERT INTO "connectsTo" VALUES (1488, 1489);
INSERT INTO "connectsTo" VALUES (1489, 1490);
INSERT INTO "connectsTo" VALUES (1490, 1491);
INSERT INTO "connectsTo" VALUES (1491, 1493);
INSERT INTO "connectsTo" VALUES (1493, 1495);
INSERT INTO "connectsTo" VALUES (1495, 1496);
INSERT INTO "connectsTo" VALUES (1496, 1497);
INSERT INTO "connectsTo" VALUES (1497, 1498);
INSERT INTO "connectsTo" VALUES (1498, 1499);
INSERT INTO "connectsTo" VALUES (1499, 1501);
INSERT INTO "connectsTo" VALUES (1501, 1502);
INSERT INTO "connectsTo" VALUES (1502, 1503);
INSERT INTO "connectsTo" VALUES (1503, 1504);
INSERT INTO "connectsTo" VALUES (1504, 1505);
INSERT INTO "connectsTo" VALUES (1505, 1507);
INSERT INTO "connectsTo" VALUES (1507, 1508);
INSERT INTO "connectsTo" VALUES (1508, 1509);
INSERT INTO "connectsTo" VALUES (1509, 1510);
INSERT INTO "connectsTo" VALUES (1510, 1511);
INSERT INTO "connectsTo" VALUES (1511, 1513);
INSERT INTO "connectsTo" VALUES (1513, 1515);
INSERT INTO "connectsTo" VALUES (1515, 1516);
INSERT INTO "connectsTo" VALUES (1516, 1517);
INSERT INTO "connectsTo" VALUES (1517, 1518);
INSERT INTO "connectsTo" VALUES (1518, 1519);
INSERT INTO "connectsTo" VALUES (1519, 1521);
INSERT INTO "connectsTo" VALUES (1521, 1522);
INSERT INTO "connectsTo" VALUES (1522, 1523);
INSERT INTO "connectsTo" VALUES (1523, 1524);
INSERT INTO "connectsTo" VALUES (1524, 1525);
INSERT INTO "connectsTo" VALUES (1525, 1527);
INSERT INTO "connectsTo" VALUES (1527, 1528);
INSERT INTO "connectsTo" VALUES (1528, 1529);
INSERT INTO "connectsTo" VALUES (1529, 1530);
INSERT INTO "connectsTo" VALUES (1530, 1531);
INSERT INTO "connectsTo" VALUES (1531, 1533);
INSERT INTO "connectsTo" VALUES (1533, 1534);
INSERT INTO "connectsTo" VALUES (1534, 1535);
INSERT INTO "connectsTo" VALUES (1535, 1536);
INSERT INTO "connectsTo" VALUES (1536, 1537);
INSERT INTO "connectsTo" VALUES (1537, 1539);
INSERT INTO "connectsTo" VALUES (1539, 1540);
INSERT INTO "connectsTo" VALUES (1540, 1541);
INSERT INTO "connectsTo" VALUES (1541, 1542);
INSERT INTO "connectsTo" VALUES (1542, 1543);
INSERT INTO "connectsTo" VALUES (1543, 1545);
INSERT INTO "connectsTo" VALUES (1545, 1546);
INSERT INTO "connectsTo" VALUES (1546, 1547);
INSERT INTO "connectsTo" VALUES (1547, 1548);
INSERT INTO "connectsTo" VALUES (1548, 1549);
INSERT INTO "connectsTo" VALUES (1549, 1551);
INSERT INTO "connectsTo" VALUES (1551, 1552);
INSERT INTO "connectsTo" VALUES (1552, 1553);
INSERT INTO "connectsTo" VALUES (1553, 1554);
INSERT INTO "connectsTo" VALUES (1554, 1555);
INSERT INTO "connectsTo" VALUES (1555, 1557);
INSERT INTO "connectsTo" VALUES (1557, 1558);
INSERT INTO "connectsTo" VALUES (1558, 1559);
INSERT INTO "connectsTo" VALUES (1559, 1560);
INSERT INTO "connectsTo" VALUES (1560, 1561);
INSERT INTO "connectsTo" VALUES (1561, 1563);
INSERT INTO "connectsTo" VALUES (1563, 1565);
INSERT INTO "connectsTo" VALUES (1565, 1566);
INSERT INTO "connectsTo" VALUES (1566, 1567);
INSERT INTO "connectsTo" VALUES (1567, 1568);
INSERT INTO "connectsTo" VALUES (1568, 1569);
INSERT INTO "connectsTo" VALUES (1569, 1571);
INSERT INTO "connectsTo" VALUES (1571, 1572);
INSERT INTO "connectsTo" VALUES (1572, 1573);
INSERT INTO "connectsTo" VALUES (1573, 1574);
INSERT INTO "connectsTo" VALUES (1574, 1575);
INSERT INTO "connectsTo" VALUES (1575, 1577);
INSERT INTO "connectsTo" VALUES (1577, 1578);
INSERT INTO "connectsTo" VALUES (1578, 1579);
INSERT INTO "connectsTo" VALUES (1579, 1580);
INSERT INTO "connectsTo" VALUES (1580, 1581);
INSERT INTO "connectsTo" VALUES (1581, 1583);
INSERT INTO "connectsTo" VALUES (1583, 1584);
INSERT INTO "connectsTo" VALUES (1584, 1585);
INSERT INTO "connectsTo" VALUES (1585, 1586);
INSERT INTO "connectsTo" VALUES (1586, 1587);
INSERT INTO "connectsTo" VALUES (1587, 1589);
INSERT INTO "connectsTo" VALUES (1589, 1591);
INSERT INTO "connectsTo" VALUES (1591, 1592);
INSERT INTO "connectsTo" VALUES (1592, 1593);
INSERT INTO "connectsTo" VALUES (1593, 1594);
INSERT INTO "connectsTo" VALUES (1594, 1595);
INSERT INTO "connectsTo" VALUES (1595, 1597);
INSERT INTO "connectsTo" VALUES (1597, 1598);
INSERT INTO "connectsTo" VALUES (1598, 1599);
INSERT INTO "connectsTo" VALUES (1599, 1600);
INSERT INTO "connectsTo" VALUES (1600, 1601);
INSERT INTO "connectsTo" VALUES (1601, 1603);
INSERT INTO "connectsTo" VALUES (1603, 1604);
INSERT INTO "connectsTo" VALUES (1604, 1605);
INSERT INTO "connectsTo" VALUES (1605, 1606);
INSERT INTO "connectsTo" VALUES (1606, 1607);
INSERT INTO "connectsTo" VALUES (1607, 1609);
INSERT INTO "connectsTo" VALUES (1609, 1610);
INSERT INTO "connectsTo" VALUES (1610, 1611);
INSERT INTO "connectsTo" VALUES (1611, 1612);
INSERT INTO "connectsTo" VALUES (1612, 1613);
INSERT INTO "connectsTo" VALUES (1613, 1615);
INSERT INTO "connectsTo" VALUES (1615, 1616);
INSERT INTO "connectsTo" VALUES (1616, 1617);
INSERT INTO "connectsTo" VALUES (1617, 1618);
INSERT INTO "connectsTo" VALUES (1618, 1619);
INSERT INTO "connectsTo" VALUES (1619, 1621);
INSERT INTO "connectsTo" VALUES (1621, 1623);
INSERT INTO "connectsTo" VALUES (1623, 1624);
INSERT INTO "connectsTo" VALUES (1624, 1625);
INSERT INTO "connectsTo" VALUES (1625, 1626);
INSERT INTO "connectsTo" VALUES (1626, 1627);
INSERT INTO "connectsTo" VALUES (1627, 1629);
INSERT INTO "connectsTo" VALUES (1629, 1630);
INSERT INTO "connectsTo" VALUES (1630, 1631);
INSERT INTO "connectsTo" VALUES (1631, 1632);
INSERT INTO "connectsTo" VALUES (1632, 1633);
INSERT INTO "connectsTo" VALUES (1633, 1635);
INSERT INTO "connectsTo" VALUES (1635, 1636);
INSERT INTO "connectsTo" VALUES (1636, 1637);
INSERT INTO "connectsTo" VALUES (1637, 1638);
INSERT INTO "connectsTo" VALUES (1638, 1639);
INSERT INTO "connectsTo" VALUES (1639, 1641);
INSERT INTO "connectsTo" VALUES (1641, 1642);
INSERT INTO "connectsTo" VALUES (1642, 1643);
INSERT INTO "connectsTo" VALUES (1643, 1644);
INSERT INTO "connectsTo" VALUES (1644, 1645);
INSERT INTO "connectsTo" VALUES (1645, 1647);
INSERT INTO "connectsTo" VALUES (1647, 1648);
INSERT INTO "connectsTo" VALUES (1648, 1649);
INSERT INTO "connectsTo" VALUES (1649, 1650);
INSERT INTO "connectsTo" VALUES (1650, 1651);
INSERT INTO "connectsTo" VALUES (1651, 1653);
INSERT INTO "connectsTo" VALUES (1653, 1654);
INSERT INTO "connectsTo" VALUES (1654, 1655);
INSERT INTO "connectsTo" VALUES (1655, 1656);
INSERT INTO "connectsTo" VALUES (1656, 1657);
INSERT INTO "connectsTo" VALUES (1657, 1659);
INSERT INTO "connectsTo" VALUES (1659, 1660);
INSERT INTO "connectsTo" VALUES (1660, 1661);
INSERT INTO "connectsTo" VALUES (1661, 1662);
INSERT INTO "connectsTo" VALUES (1662, 1663);
INSERT INTO "connectsTo" VALUES (1663, 1665);
INSERT INTO "connectsTo" VALUES (1665, 1666);
INSERT INTO "connectsTo" VALUES (1666, 1667);
INSERT INTO "connectsTo" VALUES (1667, 1668);
INSERT INTO "connectsTo" VALUES (1668, 1669);
INSERT INTO "connectsTo" VALUES (1236, 1241);
INSERT INTO "Semaphore" ("id", "signal") VALUES (1671, 2);
INSERT INTO "Route" ("id", "active", "entry", "exit") VALUES (1672, 1, 1238, 1671);
INSERT INTO "Region" ("id") VALUES (1673);
INSERT INTO "TrackElement" ("id") VALUES (1674);
INSERT INTO "Switch" ("id") VALUES (1674);
UPDATE "TrackElement" SET "region" = 1673 WHERE "id" = 1674;
INSERT INTO "Sensor" ("id") VALUES (1675);
UPDATE "Sensor" SET "region" = 1673 WHERE "id" = 1675;
INSERT INTO "monitoredBy" VALUES (1674, 1675);
INSERT INTO "requires" VALUES (1672, 1675);
INSERT INTO "TrackElement" ("id") VALUES (1676);
INSERT INTO "Segment" ("id", "length") VALUES (1676, 712);
UPDATE "TrackElement" SET "region" = 1673 WHERE "id" = 1676;
INSERT INTO "monitoredBy" VALUES (1676, 1675);
UPDATE "Semaphore" SET "segment" = 1676 WHERE "id" = 1671;
INSERT INTO "TrackElement" ("id") VALUES (1677);
INSERT INTO "Segment" ("id", "length") VALUES (1677, 541);
UPDATE "TrackElement" SET "region" = 1673 WHERE "id" = 1677;
INSERT INTO "monitoredBy" VALUES (1677, 1675);
INSERT INTO "TrackElement" ("id") VALUES (1678);
INSERT INTO "Segment" ("id", "length") VALUES (1678, 360);
UPDATE "TrackElement" SET "region" = 1673 WHERE "id" = 1678;
INSERT INTO "monitoredBy" VALUES (1678, 1675);
INSERT INTO "TrackElement" ("id") VALUES (1679);
INSERT INTO "Segment" ("id", "length") VALUES (1679, 471);
UPDATE "TrackElement" SET "region" = 1673 WHERE "id" = 1679;
INSERT INTO "monitoredBy" VALUES (1679, 1675);
INSERT INTO "TrackElement" ("id") VALUES (1680);
INSERT INTO "Segment" ("id", "length") VALUES (1680, 137);
UPDATE "TrackElement" SET "region" = 1673 WHERE "id" = 1680;
INSERT INTO "monitoredBy" VALUES (1680, 1675);
INSERT INTO "Sensor" ("id") VALUES (1681);
UPDATE "Sensor" SET "region" = 1673 WHERE "id" = 1681;
INSERT INTO "monitoredBy" VALUES (1674, 1681);
INSERT INTO "requires" VALUES (1672, 1681);
INSERT INTO "TrackElement" ("id") VALUES (1682);
INSERT INTO "Segment" ("id", "length") VALUES (1682, 668);
UPDATE "TrackElement" SET "region" = 1673 WHERE "id" = 1682;
INSERT INTO "monitoredBy" VALUES (1682, 1681);
INSERT INTO "TrackElement" ("id") VALUES (1683);
INSERT INTO "Segment" ("id", "length") VALUES (1683, 179);
UPDATE "TrackElement" SET "region" = 1673 WHERE "id" = 1683;
INSERT INTO "monitoredBy" VALUES (1683, 1681);
INSERT INTO "TrackElement" ("id") VALUES (1684);
INSERT INTO "Segment" ("id", "length") VALUES (1684, 809);
UPDATE "TrackElement" SET "region" = 1673 WHERE "id" = 1684;
INSERT INTO "monitoredBy" VALUES (1684, 1681);
INSERT INTO "TrackElement" ("id") VALUES (1685);
INSERT INTO "Segment" ("id", "length") VALUES (1685, 422);
UPDATE "TrackElement" SET "region" = 1673 WHERE "id" = 1685;
INSERT INTO "monitoredBy" VALUES (1685, 1681);
INSERT INTO "TrackElement" ("id") VALUES (1686);
INSERT INTO "Segment" ("id", "length") VALUES (1686, 475);
UPDATE "TrackElement" SET "region" = 1673 WHERE "id" = 1686;
INSERT INTO "monitoredBy" VALUES (1686, 1681);
INSERT INTO "Sensor" ("id") VALUES (1687);
UPDATE "Sensor" SET "region" = 1673 WHERE "id" = 1687;
INSERT INTO "monitoredBy" VALUES (1674, 1687);
INSERT INTO "requires" VALUES (1672, 1687);
INSERT INTO "TrackElement" ("id") VALUES (1688);
INSERT INTO "Segment" ("id", "length") VALUES (1688, 580);
UPDATE "TrackElement" SET "region" = 1673 WHERE "id" = 1688;
INSERT INTO "monitoredBy" VALUES (1688, 1687);
INSERT INTO "TrackElement" ("id") VALUES (1689);
INSERT INTO "Segment" ("id", "length") VALUES (1689, 352);
UPDATE "TrackElement" SET "region" = 1673 WHERE "id" = 1689;
INSERT INTO "monitoredBy" VALUES (1689, 1687);
INSERT INTO "TrackElement" ("id") VALUES (1690);
INSERT INTO "Segment" ("id", "length") VALUES (1690, 63);
UPDATE "TrackElement" SET "region" = 1673 WHERE "id" = 1690;
INSERT INTO "monitoredBy" VALUES (1690, 1687);
INSERT INTO "TrackElement" ("id") VALUES (1691);
INSERT INTO "Segment" ("id", "length") VALUES (1691, 992);
UPDATE "TrackElement" SET "region" = 1673 WHERE "id" = 1691;
INSERT INTO "monitoredBy" VALUES (1691, 1687);
INSERT INTO "TrackElement" ("id") VALUES (1692);
INSERT INTO "Segment" ("id", "length") VALUES (1692, 93);
UPDATE "TrackElement" SET "region" = 1673 WHERE "id" = 1692;
INSERT INTO "monitoredBy" VALUES (1692, 1687);
INSERT INTO "Sensor" ("id") VALUES (1693);
UPDATE "Sensor" SET "region" = 1673 WHERE "id" = 1693;
INSERT INTO "monitoredBy" VALUES (1674, 1693);
INSERT INTO "requires" VALUES (1672, 1693);
INSERT INTO "TrackElement" ("id") VALUES (1694);
INSERT INTO "Segment" ("id", "length") VALUES (1694, 104);
UPDATE "TrackElement" SET "region" = 1673 WHERE "id" = 1694;
INSERT INTO "monitoredBy" VALUES (1694, 1693);
INSERT INTO "TrackElement" ("id") VALUES (1695);
INSERT INTO "Segment" ("id", "length") VALUES (1695, 775);
UPDATE "TrackElement" SET "region" = 1673 WHERE "id" = 1695;
INSERT INTO "monitoredBy" VALUES (1695, 1693);
INSERT INTO "TrackElement" ("id") VALUES (1696);
INSERT INTO "Segment" ("id", "length") VALUES (1696, 247);
UPDATE "TrackElement" SET "region" = 1673 WHERE "id" = 1696;
INSERT INTO "monitoredBy" VALUES (1696, 1693);
INSERT INTO "TrackElement" ("id") VALUES (1697);
INSERT INTO "Segment" ("id", "length") VALUES (1697, 933);
UPDATE "TrackElement" SET "region" = 1673 WHERE "id" = 1697;
INSERT INTO "monitoredBy" VALUES (1697, 1693);
INSERT INTO "TrackElement" ("id") VALUES (1698);
INSERT INTO "Segment" ("id", "length") VALUES (1698, 345);
UPDATE "TrackElement" SET "region" = 1673 WHERE "id" = 1698;
INSERT INTO "monitoredBy" VALUES (1698, 1693);
INSERT INTO "Sensor" ("id") VALUES (1699);
UPDATE "Sensor" SET "region" = 1673 WHERE "id" = 1699;
INSERT INTO "monitoredBy" VALUES (1674, 1699);
INSERT INTO "requires" VALUES (1672, 1699);
INSERT INTO "TrackElement" ("id") VALUES (1700);
INSERT INTO "Segment" ("id", "length") VALUES (1700, 884);
UPDATE "TrackElement" SET "region" = 1673 WHERE "id" = 1700;
INSERT INTO "monitoredBy" VALUES (1700, 1699);
INSERT INTO "TrackElement" ("id") VALUES (1701);
INSERT INTO "Segment" ("id", "length") VALUES (1701, 578);
UPDATE "TrackElement" SET "region" = 1673 WHERE "id" = 1701;
INSERT INTO "monitoredBy" VALUES (1701, 1699);
INSERT INTO "TrackElement" ("id") VALUES (1702);
INSERT INTO "Segment" ("id", "length") VALUES (1702, 336);
UPDATE "TrackElement" SET "region" = 1673 WHERE "id" = 1702;
INSERT INTO "monitoredBy" VALUES (1702, 1699);
INSERT INTO "TrackElement" ("id") VALUES (1703);
INSERT INTO "Segment" ("id", "length") VALUES (1703, 541);
UPDATE "TrackElement" SET "region" = 1673 WHERE "id" = 1703;
INSERT INTO "monitoredBy" VALUES (1703, 1699);
INSERT INTO "TrackElement" ("id") VALUES (1704);
INSERT INTO "Segment" ("id", "length") VALUES (1704, 1000);
UPDATE "TrackElement" SET "region" = 1673 WHERE "id" = 1704;
INSERT INTO "monitoredBy" VALUES (1704, 1699);
UPDATE "Switch" SET "currentPosition" = 0 WHERE "id" = 1674;
INSERT INTO "SwitchPosition" ("id", "position", "target") VALUES (1705, 0, 1674);
UPDATE "SwitchPosition" SET "route" = 1672 WHERE "id" = 1705;
INSERT INTO "TrackElement" ("id") VALUES (1706);
INSERT INTO "Switch" ("id") VALUES (1706);
UPDATE "TrackElement" SET "region" = 1673 WHERE "id" = 1706;
INSERT INTO "Sensor" ("id") VALUES (1707);
UPDATE "Sensor" SET "region" = 1673 WHERE "id" = 1707;
INSERT INTO "monitoredBy" VALUES (1706, 1707);
INSERT INTO "requires" VALUES (1672, 1707);
INSERT INTO "TrackElement" ("id") VALUES (1708);
INSERT INTO "Segment" ("id", "length") VALUES (1708, 524);
UPDATE "TrackElement" SET "region" = 1673 WHERE "id" = 1708;
INSERT INTO "monitoredBy" VALUES (1708, 1707);
INSERT INTO "TrackElement" ("id") VALUES (1709);
INSERT INTO "Segment" ("id", "length") VALUES (1709, 483);
UPDATE "TrackElement" SET "region" = 1673 WHERE "id" = 1709;
INSERT INTO "monitoredBy" VALUES (1709, 1707);
INSERT INTO "TrackElement" ("id") VALUES (1710);
INSERT INTO "Segment" ("id", "length") VALUES (1710, 311);
UPDATE "TrackElement" SET "region" = 1673 WHERE "id" = 1710;
INSERT INTO "monitoredBy" VALUES (1710, 1707);
INSERT INTO "TrackElement" ("id") VALUES (1711);
INSERT INTO "Segment" ("id", "length") VALUES (1711, 506);
UPDATE "TrackElement" SET "region" = 1673 WHERE "id" = 1711;
INSERT INTO "monitoredBy" VALUES (1711, 1707);
INSERT INTO "TrackElement" ("id") VALUES (1712);
INSERT INTO "Segment" ("id", "length") VALUES (1712, 788);
UPDATE "TrackElement" SET "region" = 1673 WHERE "id" = 1712;
INSERT INTO "monitoredBy" VALUES (1712, 1707);
UPDATE "Switch" SET "currentPosition" = 0 WHERE "id" = 1706;
INSERT INTO "SwitchPosition" ("id", "position", "target") VALUES (1713, 0, 1706);
UPDATE "SwitchPosition" SET "route" = 1672 WHERE "id" = 1713;
INSERT INTO "TrackElement" ("id") VALUES (1714);
INSERT INTO "Switch" ("id") VALUES (1714);
UPDATE "TrackElement" SET "region" = 1673 WHERE "id" = 1714;
INSERT INTO "Sensor" ("id") VALUES (1715);
UPDATE "Sensor" SET "region" = 1673 WHERE "id" = 1715;
INSERT INTO "monitoredBy" VALUES (1714, 1715);
INSERT INTO "requires" VALUES (1672, 1715);
INSERT INTO "TrackElement" ("id") VALUES (1716);
INSERT INTO "Segment" ("id", "length") VALUES (1716, 876);
UPDATE "TrackElement" SET "region" = 1673 WHERE "id" = 1716;
INSERT INTO "monitoredBy" VALUES (1716, 1715);
INSERT INTO "TrackElement" ("id") VALUES (1717);
INSERT INTO "Segment" ("id", "length") VALUES (1717, 244);
UPDATE "TrackElement" SET "region" = 1673 WHERE "id" = 1717;
INSERT INTO "monitoredBy" VALUES (1717, 1715);
INSERT INTO "TrackElement" ("id") VALUES (1718);
INSERT INTO "Segment" ("id", "length") VALUES (1718, 486);
UPDATE "TrackElement" SET "region" = 1673 WHERE "id" = 1718;
INSERT INTO "monitoredBy" VALUES (1718, 1715);
INSERT INTO "TrackElement" ("id") VALUES (1719);
INSERT INTO "Segment" ("id", "length") VALUES (1719, 972);
UPDATE "TrackElement" SET "region" = 1673 WHERE "id" = 1719;
INSERT INTO "monitoredBy" VALUES (1719, 1715);
INSERT INTO "TrackElement" ("id") VALUES (1720);
INSERT INTO "Segment" ("id", "length") VALUES (1720, 748);
UPDATE "TrackElement" SET "region" = 1673 WHERE "id" = 1720;
INSERT INTO "monitoredBy" VALUES (1720, 1715);
INSERT INTO "Sensor" ("id") VALUES (1721);
UPDATE "Sensor" SET "region" = 1673 WHERE "id" = 1721;
INSERT INTO "monitoredBy" VALUES (1714, 1721);
INSERT INTO "requires" VALUES (1672, 1721);
INSERT INTO "TrackElement" ("id") VALUES (1722);
INSERT INTO "Segment" ("id", "length") VALUES (1722, 407);
UPDATE "TrackElement" SET "region" = 1673 WHERE "id" = 1722;
INSERT INTO "monitoredBy" VALUES (1722, 1721);
INSERT INTO "TrackElement" ("id") VALUES (1723);
INSERT INTO "Segment" ("id", "length") VALUES (1723, 753);
UPDATE "TrackElement" SET "region" = 1673 WHERE "id" = 1723;
INSERT INTO "monitoredBy" VALUES (1723, 1721);
INSERT INTO "TrackElement" ("id") VALUES (1724);
INSERT INTO "Segment" ("id", "length") VALUES (1724, 536);
UPDATE "TrackElement" SET "region" = 1673 WHERE "id" = 1724;
INSERT INTO "monitoredBy" VALUES (1724, 1721);
INSERT INTO "TrackElement" ("id") VALUES (1725);
INSERT INTO "Segment" ("id", "length") VALUES (1725, 36);
UPDATE "TrackElement" SET "region" = 1673 WHERE "id" = 1725;
INSERT INTO "monitoredBy" VALUES (1725, 1721);
INSERT INTO "TrackElement" ("id") VALUES (1726);
INSERT INTO "Segment" ("id", "length") VALUES (1726, 401);
UPDATE "TrackElement" SET "region" = 1673 WHERE "id" = 1726;
INSERT INTO "monitoredBy" VALUES (1726, 1721);
INSERT INTO "Sensor" ("id") VALUES (1727);
UPDATE "Sensor" SET "region" = 1673 WHERE "id" = 1727;
INSERT INTO "monitoredBy" VALUES (1714, 1727);
INSERT INTO "requires" VALUES (1672, 1727);
INSERT INTO "TrackElement" ("id") VALUES (1728);
INSERT INTO "Segment" ("id", "length") VALUES (1728, 188);
UPDATE "TrackElement" SET "region" = 1673 WHERE "id" = 1728;
INSERT INTO "monitoredBy" VALUES (1728, 1727);
INSERT INTO "TrackElement" ("id") VALUES (1729);
INSERT INTO "Segment" ("id", "length") VALUES (1729, 451);
UPDATE "TrackElement" SET "region" = 1673 WHERE "id" = 1729;
INSERT INTO "monitoredBy" VALUES (1729, 1727);
INSERT INTO "TrackElement" ("id") VALUES (1730);
INSERT INTO "Segment" ("id", "length") VALUES (1730, 845);
UPDATE "TrackElement" SET "region" = 1673 WHERE "id" = 1730;
INSERT INTO "monitoredBy" VALUES (1730, 1727);
INSERT INTO "TrackElement" ("id") VALUES (1731);
INSERT INTO "Segment" ("id", "length") VALUES (1731, 844);
UPDATE "TrackElement" SET "region" = 1673 WHERE "id" = 1731;
INSERT INTO "monitoredBy" VALUES (1731, 1727);
INSERT INTO "TrackElement" ("id") VALUES (1732);
INSERT INTO "Segment" ("id", "length") VALUES (1732, 701);
UPDATE "TrackElement" SET "region" = 1673 WHERE "id" = 1732;
INSERT INTO "monitoredBy" VALUES (1732, 1727);
INSERT INTO "Sensor" ("id") VALUES (1733);
UPDATE "Sensor" SET "region" = 1673 WHERE "id" = 1733;
INSERT INTO "monitoredBy" VALUES (1714, 1733);
INSERT INTO "requires" VALUES (1672, 1733);
INSERT INTO "TrackElement" ("id") VALUES (1734);
INSERT INTO "Segment" ("id", "length") VALUES (1734, 620);
UPDATE "TrackElement" SET "region" = 1673 WHERE "id" = 1734;
INSERT INTO "monitoredBy" VALUES (1734, 1733);
INSERT INTO "TrackElement" ("id") VALUES (1735);
INSERT INTO "Segment" ("id", "length") VALUES (1735, 839);
UPDATE "TrackElement" SET "region" = 1673 WHERE "id" = 1735;
INSERT INTO "monitoredBy" VALUES (1735, 1733);
INSERT INTO "TrackElement" ("id") VALUES (1736);
INSERT INTO "Segment" ("id", "length") VALUES (1736, 139);
UPDATE "TrackElement" SET "region" = 1673 WHERE "id" = 1736;
INSERT INTO "monitoredBy" VALUES (1736, 1733);
INSERT INTO "TrackElement" ("id") VALUES (1737);
INSERT INTO "Segment" ("id", "length") VALUES (1737, 527);
UPDATE "TrackElement" SET "region" = 1673 WHERE "id" = 1737;
INSERT INTO "monitoredBy" VALUES (1737, 1733);
INSERT INTO "TrackElement" ("id") VALUES (1738);
INSERT INTO "Segment" ("id", "length") VALUES (1738, 486);
UPDATE "TrackElement" SET "region" = 1673 WHERE "id" = 1738;
INSERT INTO "monitoredBy" VALUES (1738, 1733);
INSERT INTO "Sensor" ("id") VALUES (1739);
UPDATE "Sensor" SET "region" = 1673 WHERE "id" = 1739;
INSERT INTO "monitoredBy" VALUES (1714, 1739);
INSERT INTO "requires" VALUES (1672, 1739);
INSERT INTO "TrackElement" ("id") VALUES (1740);
INSERT INTO "Segment" ("id", "length") VALUES (1740, 962);
UPDATE "TrackElement" SET "region" = 1673 WHERE "id" = 1740;
INSERT INTO "monitoredBy" VALUES (1740, 1739);
INSERT INTO "TrackElement" ("id") VALUES (1741);
INSERT INTO "Segment" ("id", "length") VALUES (1741, 632);
UPDATE "TrackElement" SET "region" = 1673 WHERE "id" = 1741;
INSERT INTO "monitoredBy" VALUES (1741, 1739);
INSERT INTO "TrackElement" ("id") VALUES (1742);
INSERT INTO "Segment" ("id", "length") VALUES (1742, 181);
UPDATE "TrackElement" SET "region" = 1673 WHERE "id" = 1742;
INSERT INTO "monitoredBy" VALUES (1742, 1739);
INSERT INTO "TrackElement" ("id") VALUES (1743);
INSERT INTO "Segment" ("id", "length") VALUES (1743, 370);
UPDATE "TrackElement" SET "region" = 1673 WHERE "id" = 1743;
INSERT INTO "monitoredBy" VALUES (1743, 1739);
INSERT INTO "TrackElement" ("id") VALUES (1744);
INSERT INTO "Segment" ("id", "length") VALUES (1744, 127);
UPDATE "TrackElement" SET "region" = 1673 WHERE "id" = 1744;
INSERT INTO "monitoredBy" VALUES (1744, 1739);
INSERT INTO "Sensor" ("id") VALUES (1745);
UPDATE "Sensor" SET "region" = 1673 WHERE "id" = 1745;
INSERT INTO "monitoredBy" VALUES (1714, 1745);
INSERT INTO "requires" VALUES (1672, 1745);
INSERT INTO "TrackElement" ("id") VALUES (1746);
INSERT INTO "Segment" ("id", "length") VALUES (1746, 753);
UPDATE "TrackElement" SET "region" = 1673 WHERE "id" = 1746;
INSERT INTO "monitoredBy" VALUES (1746, 1745);
INSERT INTO "TrackElement" ("id") VALUES (1747);
INSERT INTO "Segment" ("id", "length") VALUES (1747, 992);
UPDATE "TrackElement" SET "region" = 1673 WHERE "id" = 1747;
INSERT INTO "monitoredBy" VALUES (1747, 1745);
INSERT INTO "TrackElement" ("id") VALUES (1748);
INSERT INTO "Segment" ("id", "length") VALUES (1748, 798);
UPDATE "TrackElement" SET "region" = 1673 WHERE "id" = 1748;
INSERT INTO "monitoredBy" VALUES (1748, 1745);
INSERT INTO "TrackElement" ("id") VALUES (1749);
INSERT INTO "Segment" ("id", "length") VALUES (1749, 171);
UPDATE "TrackElement" SET "region" = 1673 WHERE "id" = 1749;
INSERT INTO "monitoredBy" VALUES (1749, 1745);
INSERT INTO "TrackElement" ("id") VALUES (1750);
INSERT INTO "Segment" ("id", "length") VALUES (1750, 127);
UPDATE "TrackElement" SET "region" = 1673 WHERE "id" = 1750;
INSERT INTO "monitoredBy" VALUES (1750, 1745);
INSERT INTO "Sensor" ("id") VALUES (1751);
UPDATE "Sensor" SET "region" = 1673 WHERE "id" = 1751;
INSERT INTO "monitoredBy" VALUES (1714, 1751);
INSERT INTO "requires" VALUES (1672, 1751);
INSERT INTO "TrackElement" ("id") VALUES (1752);
INSERT INTO "Segment" ("id", "length") VALUES (1752, 227);
UPDATE "TrackElement" SET "region" = 1673 WHERE "id" = 1752;
INSERT INTO "monitoredBy" VALUES (1752, 1751);
INSERT INTO "TrackElement" ("id") VALUES (1753);
INSERT INTO "Segment" ("id", "length") VALUES (1753, 993);
UPDATE "TrackElement" SET "region" = 1673 WHERE "id" = 1753;
INSERT INTO "monitoredBy" VALUES (1753, 1751);
INSERT INTO "TrackElement" ("id") VALUES (1754);
INSERT INTO "Segment" ("id", "length") VALUES (1754, 541);
UPDATE "TrackElement" SET "region" = 1673 WHERE "id" = 1754;
INSERT INTO "monitoredBy" VALUES (1754, 1751);
INSERT INTO "TrackElement" ("id") VALUES (1755);
INSERT INTO "Segment" ("id", "length") VALUES (1755, 159);
UPDATE "TrackElement" SET "region" = 1673 WHERE "id" = 1755;
INSERT INTO "monitoredBy" VALUES (1755, 1751);
INSERT INTO "TrackElement" ("id") VALUES (1756);
INSERT INTO "Segment" ("id", "length") VALUES (1756, 111);
UPDATE "TrackElement" SET "region" = 1673 WHERE "id" = 1756;
INSERT INTO "monitoredBy" VALUES (1756, 1751);
UPDATE "Switch" SET "currentPosition" = 2 WHERE "id" = 1714;
INSERT INTO "SwitchPosition" ("id", "position", "target") VALUES (1757, 2, 1714);
UPDATE "SwitchPosition" SET "route" = 1672 WHERE "id" = 1757;
INSERT INTO "TrackElement" ("id") VALUES (1758);
INSERT INTO "Switch" ("id") VALUES (1758);
UPDATE "TrackElement" SET "region" = 1673 WHERE "id" = 1758;
INSERT INTO "Sensor" ("id") VALUES (1759);
UPDATE "Sensor" SET "region" = 1673 WHERE "id" = 1759;
INSERT INTO "monitoredBy" VALUES (1758, 1759);
INSERT INTO "requires" VALUES (1672, 1759);
INSERT INTO "TrackElement" ("id") VALUES (1760);
INSERT INTO "Segment" ("id", "length") VALUES (1760, 882);
UPDATE "TrackElement" SET "region" = 1673 WHERE "id" = 1760;
INSERT INTO "monitoredBy" VALUES (1760, 1759);
INSERT INTO "TrackElement" ("id") VALUES (1761);
INSERT INTO "Segment" ("id", "length") VALUES (1761, 959);
UPDATE "TrackElement" SET "region" = 1673 WHERE "id" = 1761;
INSERT INTO "monitoredBy" VALUES (1761, 1759);
INSERT INTO "TrackElement" ("id") VALUES (1762);
INSERT INTO "Segment" ("id", "length") VALUES (1762, 793);
UPDATE "TrackElement" SET "region" = 1673 WHERE "id" = 1762;
INSERT INTO "monitoredBy" VALUES (1762, 1759);
INSERT INTO "TrackElement" ("id") VALUES (1763);
INSERT INTO "Segment" ("id", "length") VALUES (1763, 235);
UPDATE "TrackElement" SET "region" = 1673 WHERE "id" = 1763;
INSERT INTO "monitoredBy" VALUES (1763, 1759);
INSERT INTO "TrackElement" ("id") VALUES (1764);
INSERT INTO "Segment" ("id", "length") VALUES (1764, 793);
UPDATE "TrackElement" SET "region" = 1673 WHERE "id" = 1764;
INSERT INTO "monitoredBy" VALUES (1764, 1759);
UPDATE "Switch" SET "currentPosition" = 0 WHERE "id" = 1758;
INSERT INTO "SwitchPosition" ("id", "position", "target") VALUES (1765, 0, 1758);
UPDATE "SwitchPosition" SET "route" = 1672 WHERE "id" = 1765;
INSERT INTO "connectsTo" VALUES (1674, 1676);
INSERT INTO "connectsTo" VALUES (1676, 1677);
INSERT INTO "connectsTo" VALUES (1677, 1678);
INSERT INTO "connectsTo" VALUES (1678, 1679);
INSERT INTO "connectsTo" VALUES (1679, 1680);
INSERT INTO "connectsTo" VALUES (1680, 1682);
INSERT INTO "connectsTo" VALUES (1682, 1683);
INSERT INTO "connectsTo" VALUES (1683, 1684);
INSERT INTO "connectsTo" VALUES (1684, 1685);
INSERT INTO "connectsTo" VALUES (1685, 1686);
INSERT INTO "connectsTo" VALUES (1686, 1688);
INSERT INTO "connectsTo" VALUES (1688, 1689);
INSERT INTO "connectsTo" VALUES (1689, 1690);
INSERT INTO "connectsTo" VALUES (1690, 1691);
INSERT INTO "connectsTo" VALUES (1691, 1692);
INSERT INTO "connectsTo" VALUES (1692, 1694);
INSERT INTO "connectsTo" VALUES (1694, 1695);
INSERT INTO "connectsTo" VALUES (1695, 1696);
INSERT INTO "connectsTo" VALUES (1696, 1697);
INSERT INTO "connectsTo" VALUES (1697, 1698);
INSERT INTO "connectsTo" VALUES (1698, 1700);
INSERT INTO "connectsTo" VALUES (1700, 1701);
INSERT INTO "connectsTo" VALUES (1701, 1702);
INSERT INTO "connectsTo" VALUES (1702, 1703);
INSERT INTO "connectsTo" VALUES (1703, 1704);
INSERT INTO "connectsTo" VALUES (1704, 1706);
INSERT INTO "connectsTo" VALUES (1706, 1708);
INSERT INTO "connectsTo" VALUES (1708, 1709);
INSERT INTO "connectsTo" VALUES (1709, 1710);
INSERT INTO "connectsTo" VALUES (1710, 1711);
INSERT INTO "connectsTo" VALUES (1711, 1712);
INSERT INTO "connectsTo" VALUES (1712, 1714);
INSERT INTO "connectsTo" VALUES (1714, 1716);
INSERT INTO "connectsTo" VALUES (1716, 1717);
INSERT INTO "connectsTo" VALUES (1717, 1718);
INSERT INTO "connectsTo" VALUES (1718, 1719);
INSERT INTO "connectsTo" VALUES (1719, 1720);
INSERT INTO "connectsTo" VALUES (1720, 1722);
INSERT INTO "connectsTo" VALUES (1722, 1723);
INSERT INTO "connectsTo" VALUES (1723, 1724);
INSERT INTO "connectsTo" VALUES (1724, 1725);
INSERT INTO "connectsTo" VALUES (1725, 1726);
INSERT INTO "connectsTo" VALUES (1726, 1728);
INSERT INTO "connectsTo" VALUES (1728, 1729);
INSERT INTO "connectsTo" VALUES (1729, 1730);
INSERT INTO "connectsTo" VALUES (1730, 1731);
INSERT INTO "connectsTo" VALUES (1731, 1732);
INSERT INTO "connectsTo" VALUES (1732, 1734);
INSERT INTO "connectsTo" VALUES (1734, 1735);
INSERT INTO "connectsTo" VALUES (1735, 1736);
INSERT INTO "connectsTo" VALUES (1736, 1737);
INSERT INTO "connectsTo" VALUES (1737, 1738);
INSERT INTO "connectsTo" VALUES (1738, 1740);
INSERT INTO "connectsTo" VALUES (1740, 1741);
INSERT INTO "connectsTo" VALUES (1741, 1742);
INSERT INTO "connectsTo" VALUES (1742, 1743);
INSERT INTO "connectsTo" VALUES (1743, 1744);
INSERT INTO "connectsTo" VALUES (1744, 1746);
INSERT INTO "connectsTo" VALUES (1746, 1747);
INSERT INTO "connectsTo" VALUES (1747, 1748);
INSERT INTO "connectsTo" VALUES (1748, 1749);
INSERT INTO "connectsTo" VALUES (1749, 1750);
INSERT INTO "connectsTo" VALUES (1750, 1752);
INSERT INTO "connectsTo" VALUES (1752, 1753);
INSERT INTO "connectsTo" VALUES (1753, 1754);
INSERT INTO "connectsTo" VALUES (1754, 1755);
INSERT INTO "connectsTo" VALUES (1755, 1756);
INSERT INTO "connectsTo" VALUES (1756, 1758);
INSERT INTO "connectsTo" VALUES (1758, 1760);
INSERT INTO "connectsTo" VALUES (1760, 1761);
INSERT INTO "connectsTo" VALUES (1761, 1762);
INSERT INTO "connectsTo" VALUES (1762, 1763);
INSERT INTO "connectsTo" VALUES (1763, 1764);
INSERT INTO "connectsTo" VALUES (1669, 1674);
INSERT INTO "Semaphore" ("id", "signal") VALUES (1766, 2);
INSERT INTO "Route" ("id", "active", "entry", "exit") VALUES (1767, 1, 1671, 1766);
INSERT INTO "Region" ("id") VALUES (1768);
INSERT INTO "TrackElement" ("id") VALUES (1769);
INSERT INTO "Switch" ("id") VALUES (1769);
UPDATE "TrackElement" SET "region" = 1768 WHERE "id" = 1769;
INSERT INTO "Sensor" ("id") VALUES (1770);
UPDATE "Sensor" SET "region" = 1768 WHERE "id" = 1770;
INSERT INTO "monitoredBy" VALUES (1769, 1770);
INSERT INTO "requires" VALUES (1767, 1770);
INSERT INTO "TrackElement" ("id") VALUES (1771);
INSERT INTO "Segment" ("id", "length") VALUES (1771, 925);
UPDATE "TrackElement" SET "region" = 1768 WHERE "id" = 1771;
INSERT INTO "monitoredBy" VALUES (1771, 1770);
UPDATE "Semaphore" SET "segment" = 1771 WHERE "id" = 1766;
INSERT INTO "TrackElement" ("id") VALUES (1772);
INSERT INTO "Segment" ("id", "length") VALUES (1772, 317);
UPDATE "TrackElement" SET "region" = 1768 WHERE "id" = 1772;
INSERT INTO "monitoredBy" VALUES (1772, 1770);
INSERT INTO "TrackElement" ("id") VALUES (1773);
INSERT INTO "Segment" ("id", "length") VALUES (1773, 182);
UPDATE "TrackElement" SET "region" = 1768 WHERE "id" = 1773;
INSERT INTO "monitoredBy" VALUES (1773, 1770);
INSERT INTO "TrackElement" ("id") VALUES (1774);
INSERT INTO "Segment" ("id", "length") VALUES (1774, 546);
UPDATE "TrackElement" SET "region" = 1768 WHERE "id" = 1774;
INSERT INTO "monitoredBy" VALUES (1774, 1770);
INSERT INTO "TrackElement" ("id") VALUES (1775);
INSERT INTO "Segment" ("id", "length") VALUES (1775, 992);
UPDATE "TrackElement" SET "region" = 1768 WHERE "id" = 1775;
INSERT INTO "monitoredBy" VALUES (1775, 1770);
INSERT INTO "Sensor" ("id") VALUES (1776);
UPDATE "Sensor" SET "region" = 1768 WHERE "id" = 1776;
INSERT INTO "monitoredBy" VALUES (1769, 1776);
INSERT INTO "requires" VALUES (1767, 1776);
INSERT INTO "TrackElement" ("id") VALUES (1777);
INSERT INTO "Segment" ("id", "length") VALUES (1777, 459);
UPDATE "TrackElement" SET "region" = 1768 WHERE "id" = 1777;
INSERT INTO "monitoredBy" VALUES (1777, 1776);
INSERT INTO "TrackElement" ("id") VALUES (1778);
INSERT INTO "Segment" ("id", "length") VALUES (1778, 586);
UPDATE "TrackElement" SET "region" = 1768 WHERE "id" = 1778;
INSERT INTO "monitoredBy" VALUES (1778, 1776);
INSERT INTO "TrackElement" ("id") VALUES (1779);
INSERT INTO "Segment" ("id", "length") VALUES (1779, 494);
UPDATE "TrackElement" SET "region" = 1768 WHERE "id" = 1779;
INSERT INTO "monitoredBy" VALUES (1779, 1776);
INSERT INTO "TrackElement" ("id") VALUES (1780);
INSERT INTO "Segment" ("id", "length") VALUES (1780, 705);
UPDATE "TrackElement" SET "region" = 1768 WHERE "id" = 1780;
INSERT INTO "monitoredBy" VALUES (1780, 1776);
INSERT INTO "TrackElement" ("id") VALUES (1781);
INSERT INTO "Segment" ("id", "length") VALUES (1781, 145);
UPDATE "TrackElement" SET "region" = 1768 WHERE "id" = 1781;
INSERT INTO "monitoredBy" VALUES (1781, 1776);
INSERT INTO "Sensor" ("id") VALUES (1782);
UPDATE "Sensor" SET "region" = 1768 WHERE "id" = 1782;
INSERT INTO "monitoredBy" VALUES (1769, 1782);
INSERT INTO "requires" VALUES (1767, 1782);
INSERT INTO "TrackElement" ("id") VALUES (1783);
INSERT INTO "Segment" ("id", "length") VALUES (1783, 992);
UPDATE "TrackElement" SET "region" = 1768 WHERE "id" = 1783;
INSERT INTO "monitoredBy" VALUES (1783, 1782);
INSERT INTO "TrackElement" ("id") VALUES (1784);
INSERT INTO "Segment" ("id", "length") VALUES (1784, 144);
UPDATE "TrackElement" SET "region" = 1768 WHERE "id" = 1784;
INSERT INTO "monitoredBy" VALUES (1784, 1782);
INSERT INTO "TrackElement" ("id") VALUES (1785);
INSERT INTO "Segment" ("id", "length") VALUES (1785, 351);
UPDATE "TrackElement" SET "region" = 1768 WHERE "id" = 1785;
INSERT INTO "monitoredBy" VALUES (1785, 1782);
INSERT INTO "TrackElement" ("id") VALUES (1786);
INSERT INTO "Segment" ("id", "length") VALUES (1786, 885);
UPDATE "TrackElement" SET "region" = 1768 WHERE "id" = 1786;
INSERT INTO "monitoredBy" VALUES (1786, 1782);
INSERT INTO "TrackElement" ("id") VALUES (1787);
INSERT INTO "Segment" ("id", "length") VALUES (1787, 251);
UPDATE "TrackElement" SET "region" = 1768 WHERE "id" = 1787;
INSERT INTO "monitoredBy" VALUES (1787, 1782);
INSERT INTO "Sensor" ("id") VALUES (1788);
UPDATE "Sensor" SET "region" = 1768 WHERE "id" = 1788;
INSERT INTO "monitoredBy" VALUES (1769, 1788);
INSERT INTO "requires" VALUES (1767, 1788);
INSERT INTO "TrackElement" ("id") VALUES (1789);
INSERT INTO "Segment" ("id", "length") VALUES (1789, 219);
UPDATE "TrackElement" SET "region" = 1768 WHERE "id" = 1789;
INSERT INTO "monitoredBy" VALUES (1789, 1788);
INSERT INTO "TrackElement" ("id") VALUES (1790);
INSERT INTO "Segment" ("id", "length") VALUES (1790, 305);
UPDATE "TrackElement" SET "region" = 1768 WHERE "id" = 1790;
INSERT INTO "monitoredBy" VALUES (1790, 1788);
INSERT INTO "TrackElement" ("id") VALUES (1791);
INSERT INTO "Segment" ("id", "length") VALUES (1791, 381);
UPDATE "TrackElement" SET "region" = 1768 WHERE "id" = 1791;
INSERT INTO "monitoredBy" VALUES (1791, 1788);
INSERT INTO "TrackElement" ("id") VALUES (1792);
INSERT INTO "Segment" ("id", "length") VALUES (1792, 189);
UPDATE "TrackElement" SET "region" = 1768 WHERE "id" = 1792;
INSERT INTO "monitoredBy" VALUES (1792, 1788);
INSERT INTO "TrackElement" ("id") VALUES (1793);
INSERT INTO "Segment" ("id", "length") VALUES (1793, 772);
UPDATE "TrackElement" SET "region" = 1768 WHERE "id" = 1793;
INSERT INTO "monitoredBy" VALUES (1793, 1788);
INSERT INTO "Sensor" ("id") VALUES (1794);
UPDATE "Sensor" SET "region" = 1768 WHERE "id" = 1794;
INSERT INTO "monitoredBy" VALUES (1769, 1794);
INSERT INTO "requires" VALUES (1767, 1794);
INSERT INTO "TrackElement" ("id") VALUES (1795);
INSERT INTO "Segment" ("id", "length") VALUES (1795, 950);
UPDATE "TrackElement" SET "region" = 1768 WHERE "id" = 1795;
INSERT INTO "monitoredBy" VALUES (1795, 1794);
INSERT INTO "TrackElement" ("id") VALUES (1796);
INSERT INTO "Segment" ("id", "length") VALUES (1796, 961);
UPDATE "TrackElement" SET "region" = 1768 WHERE "id" = 1796;
INSERT INTO "monitoredBy" VALUES (1796, 1794);
INSERT INTO "TrackElement" ("id") VALUES (1797);
INSERT INTO "Segment" ("id", "length") VALUES (1797, 179);
UPDATE "TrackElement" SET "region" = 1768 WHERE "id" = 1797;
INSERT INTO "monitoredBy" VALUES (1797, 1794);
INSERT INTO "TrackElement" ("id") VALUES (1798);
INSERT INTO "Segment" ("id", "length") VALUES (1798, 322);
UPDATE "TrackElement" SET "region" = 1768 WHERE "id" = 1798;
INSERT INTO "monitoredBy" VALUES (1798, 1794);
INSERT INTO "TrackElement" ("id") VALUES (1799);
INSERT INTO "Segment" ("id", "length") VALUES (1799, 785);
UPDATE "TrackElement" SET "region" = 1768 WHERE "id" = 1799;
INSERT INTO "monitoredBy" VALUES (1799, 1794);
INSERT INTO "Sensor" ("id") VALUES (1800);
UPDATE "Sensor" SET "region" = 1768 WHERE "id" = 1800;
INSERT INTO "monitoredBy" VALUES (1769, 1800);
INSERT INTO "requires" VALUES (1767, 1800);
INSERT INTO "TrackElement" ("id") VALUES (1801);
INSERT INTO "Segment" ("id", "length") VALUES (1801, 127);
UPDATE "TrackElement" SET "region" = 1768 WHERE "id" = 1801;
INSERT INTO "monitoredBy" VALUES (1801, 1800);
INSERT INTO "TrackElement" ("id") VALUES (1802);
INSERT INTO "Segment" ("id", "length") VALUES (1802, 779);
UPDATE "TrackElement" SET "region" = 1768 WHERE "id" = 1802;
INSERT INTO "monitoredBy" VALUES (1802, 1800);
INSERT INTO "TrackElement" ("id") VALUES (1803);
INSERT INTO "Segment" ("id", "length") VALUES (1803, 275);
UPDATE "TrackElement" SET "region" = 1768 WHERE "id" = 1803;
INSERT INTO "monitoredBy" VALUES (1803, 1800);
INSERT INTO "TrackElement" ("id") VALUES (1804);
INSERT INTO "Segment" ("id", "length") VALUES (1804, 29);
UPDATE "TrackElement" SET "region" = 1768 WHERE "id" = 1804;
INSERT INTO "monitoredBy" VALUES (1804, 1800);
INSERT INTO "TrackElement" ("id") VALUES (1805);
INSERT INTO "Segment" ("id", "length") VALUES (1805, 255);
UPDATE "TrackElement" SET "region" = 1768 WHERE "id" = 1805;
INSERT INTO "monitoredBy" VALUES (1805, 1800);
INSERT INTO "Sensor" ("id") VALUES (1806);
UPDATE "Sensor" SET "region" = 1768 WHERE "id" = 1806;
INSERT INTO "monitoredBy" VALUES (1769, 1806);
INSERT INTO "requires" VALUES (1767, 1806);
INSERT INTO "TrackElement" ("id") VALUES (1807);
INSERT INTO "Segment" ("id", "length") VALUES (1807, 553);
UPDATE "TrackElement" SET "region" = 1768 WHERE "id" = 1807;
INSERT INTO "monitoredBy" VALUES (1807, 1806);
INSERT INTO "TrackElement" ("id") VALUES (1808);
INSERT INTO "Segment" ("id", "length") VALUES (1808, 675);
UPDATE "TrackElement" SET "region" = 1768 WHERE "id" = 1808;
INSERT INTO "monitoredBy" VALUES (1808, 1806);
INSERT INTO "TrackElement" ("id") VALUES (1809);
INSERT INTO "Segment" ("id", "length") VALUES (1809, 855);
UPDATE "TrackElement" SET "region" = 1768 WHERE "id" = 1809;
INSERT INTO "monitoredBy" VALUES (1809, 1806);
INSERT INTO "TrackElement" ("id") VALUES (1810);
INSERT INTO "Segment" ("id", "length") VALUES (1810, 501);
UPDATE "TrackElement" SET "region" = 1768 WHERE "id" = 1810;
INSERT INTO "monitoredBy" VALUES (1810, 1806);
INSERT INTO "TrackElement" ("id") VALUES (1811);
INSERT INTO "Segment" ("id", "length") VALUES (1811, 353);
UPDATE "TrackElement" SET "region" = 1768 WHERE "id" = 1811;
INSERT INTO "monitoredBy" VALUES (1811, 1806);
INSERT INTO "Sensor" ("id") VALUES (1812);
UPDATE "Sensor" SET "region" = 1768 WHERE "id" = 1812;
INSERT INTO "monitoredBy" VALUES (1769, 1812);
INSERT INTO "requires" VALUES (1767, 1812);
INSERT INTO "TrackElement" ("id") VALUES (1813);
INSERT INTO "Segment" ("id", "length") VALUES (1813, 50);
UPDATE "TrackElement" SET "region" = 1768 WHERE "id" = 1813;
INSERT INTO "monitoredBy" VALUES (1813, 1812);
INSERT INTO "TrackElement" ("id") VALUES (1814);
INSERT INTO "Segment" ("id", "length") VALUES (1814, 221);
UPDATE "TrackElement" SET "region" = 1768 WHERE "id" = 1814;
INSERT INTO "monitoredBy" VALUES (1814, 1812);
INSERT INTO "TrackElement" ("id") VALUES (1815);
INSERT INTO "Segment" ("id", "length") VALUES (1815, 621);
UPDATE "TrackElement" SET "region" = 1768 WHERE "id" = 1815;
INSERT INTO "monitoredBy" VALUES (1815, 1812);
INSERT INTO "TrackElement" ("id") VALUES (1816);
INSERT INTO "Segment" ("id", "length") VALUES (1816, 74);
UPDATE "TrackElement" SET "region" = 1768 WHERE "id" = 1816;
INSERT INTO "monitoredBy" VALUES (1816, 1812);
INSERT INTO "TrackElement" ("id") VALUES (1817);
INSERT INTO "Segment" ("id", "length") VALUES (1817, 628);
UPDATE "TrackElement" SET "region" = 1768 WHERE "id" = 1817;
INSERT INTO "monitoredBy" VALUES (1817, 1812);
INSERT INTO "Sensor" ("id") VALUES (1818);
UPDATE "Sensor" SET "region" = 1768 WHERE "id" = 1818;
INSERT INTO "monitoredBy" VALUES (1769, 1818);
INSERT INTO "requires" VALUES (1767, 1818);
INSERT INTO "TrackElement" ("id") VALUES (1819);
INSERT INTO "Segment" ("id", "length") VALUES (1819, 403);
UPDATE "TrackElement" SET "region" = 1768 WHERE "id" = 1819;
INSERT INTO "monitoredBy" VALUES (1819, 1818);
INSERT INTO "TrackElement" ("id") VALUES (1820);
INSERT INTO "Segment" ("id", "length") VALUES (1820, 659);
UPDATE "TrackElement" SET "region" = 1768 WHERE "id" = 1820;
INSERT INTO "monitoredBy" VALUES (1820, 1818);
INSERT INTO "TrackElement" ("id") VALUES (1821);
INSERT INTO "Segment" ("id", "length") VALUES (1821, 349);
UPDATE "TrackElement" SET "region" = 1768 WHERE "id" = 1821;
INSERT INTO "monitoredBy" VALUES (1821, 1818);
INSERT INTO "TrackElement" ("id") VALUES (1822);
INSERT INTO "Segment" ("id", "length") VALUES (1822, 561);
UPDATE "TrackElement" SET "region" = 1768 WHERE "id" = 1822;
INSERT INTO "monitoredBy" VALUES (1822, 1818);
INSERT INTO "TrackElement" ("id") VALUES (1823);
INSERT INTO "Segment" ("id", "length") VALUES (1823, 563);
UPDATE "TrackElement" SET "region" = 1768 WHERE "id" = 1823;
INSERT INTO "monitoredBy" VALUES (1823, 1818);
UPDATE "Switch" SET "currentPosition" = 2 WHERE "id" = 1769;
INSERT INTO "SwitchPosition" ("id", "position", "target") VALUES (1824, 2, 1769);
UPDATE "SwitchPosition" SET "route" = 1767 WHERE "id" = 1824;
INSERT INTO "TrackElement" ("id") VALUES (1825);
INSERT INTO "Switch" ("id") VALUES (1825);
UPDATE "TrackElement" SET "region" = 1768 WHERE "id" = 1825;
INSERT INTO "Sensor" ("id") VALUES (1826);
UPDATE "Sensor" SET "region" = 1768 WHERE "id" = 1826;
INSERT INTO "monitoredBy" VALUES (1825, 1826);
INSERT INTO "requires" VALUES (1767, 1826);
INSERT INTO "TrackElement" ("id") VALUES (1827);
INSERT INTO "Segment" ("id", "length") VALUES (1827, 537);
UPDATE "TrackElement" SET "region" = 1768 WHERE "id" = 1827;
INSERT INTO "monitoredBy" VALUES (1827, 1826);
INSERT INTO "TrackElement" ("id") VALUES (1828);
INSERT INTO "Segment" ("id", "length") VALUES (1828, 616);
UPDATE "TrackElement" SET "region" = 1768 WHERE "id" = 1828;
INSERT INTO "monitoredBy" VALUES (1828, 1826);
INSERT INTO "TrackElement" ("id") VALUES (1829);
INSERT INTO "Segment" ("id", "length") VALUES (1829, 327);
UPDATE "TrackElement" SET "region" = 1768 WHERE "id" = 1829;
INSERT INTO "monitoredBy" VALUES (1829, 1826);
INSERT INTO "TrackElement" ("id") VALUES (1830);
INSERT INTO "Segment" ("id", "length") VALUES (1830, 538);
UPDATE "TrackElement" SET "region" = 1768 WHERE "id" = 1830;
INSERT INTO "monitoredBy" VALUES (1830, 1826);
INSERT INTO "TrackElement" ("id") VALUES (1831);
INSERT INTO "Segment" ("id", "length") VALUES (1831, 383);
UPDATE "TrackElement" SET "region" = 1768 WHERE "id" = 1831;
INSERT INTO "monitoredBy" VALUES (1831, 1826);
INSERT INTO "Sensor" ("id") VALUES (1832);
UPDATE "Sensor" SET "region" = 1768 WHERE "id" = 1832;
INSERT INTO "monitoredBy" VALUES (1825, 1832);
INSERT INTO "requires" VALUES (1767, 1832);
INSERT INTO "TrackElement" ("id") VALUES (1833);
INSERT INTO "Segment" ("id", "length") VALUES (1833, 489);
UPDATE "TrackElement" SET "region" = 1768 WHERE "id" = 1833;
INSERT INTO "monitoredBy" VALUES (1833, 1832);
INSERT INTO "TrackElement" ("id") VALUES (1834);
INSERT INTO "Segment" ("id", "length") VALUES (1834, 424);
UPDATE "TrackElement" SET "region" = 1768 WHERE "id" = 1834;
INSERT INTO "monitoredBy" VALUES (1834, 1832);
INSERT INTO "TrackElement" ("id") VALUES (1835);
INSERT INTO "Segment" ("id", "length") VALUES (1835, 428);
UPDATE "TrackElement" SET "region" = 1768 WHERE "id" = 1835;
INSERT INTO "monitoredBy" VALUES (1835, 1832);
INSERT INTO "TrackElement" ("id") VALUES (1836);
INSERT INTO "Segment" ("id", "length") VALUES (1836, 237);
UPDATE "TrackElement" SET "region" = 1768 WHERE "id" = 1836;
INSERT INTO "monitoredBy" VALUES (1836, 1832);
INSERT INTO "TrackElement" ("id") VALUES (1837);
INSERT INTO "Segment" ("id", "length") VALUES (1837, 461);
UPDATE "TrackElement" SET "region" = 1768 WHERE "id" = 1837;
INSERT INTO "monitoredBy" VALUES (1837, 1832);
UPDATE "Switch" SET "currentPosition" = 1 WHERE "id" = 1825;
INSERT INTO "SwitchPosition" ("id", "position", "target") VALUES (1838, 1, 1825);
UPDATE "SwitchPosition" SET "route" = 1767 WHERE "id" = 1838;
INSERT INTO "TrackElement" ("id") VALUES (1839);
INSERT INTO "Switch" ("id") VALUES (1839);
UPDATE "TrackElement" SET "region" = 1768 WHERE "id" = 1839;
INSERT INTO "Sensor" ("id") VALUES (1840);
UPDATE "Sensor" SET "region" = 1768 WHERE "id" = 1840;
INSERT INTO "monitoredBy" VALUES (1839, 1840);
INSERT INTO "requires" VALUES (1767, 1840);
INSERT INTO "TrackElement" ("id") VALUES (1841);
INSERT INTO "Segment" ("id", "length") VALUES (1841, 484);
UPDATE "TrackElement" SET "region" = 1768 WHERE "id" = 1841;
INSERT INTO "monitoredBy" VALUES (1841, 1840);
INSERT INTO "TrackElement" ("id") VALUES (1842);
INSERT INTO "Segment" ("id", "length") VALUES (1842, 932);
UPDATE "TrackElement" SET "region" = 1768 WHERE "id" = 1842;
INSERT INTO "monitoredBy" VALUES (1842, 1840);
INSERT INTO "TrackElement" ("id") VALUES (1843);
INSERT INTO "Segment" ("id", "length") VALUES (1843, 508);
UPDATE "TrackElement" SET "region" = 1768 WHERE "id" = 1843;
INSERT INTO "monitoredBy" VALUES (1843, 1840);
INSERT INTO "TrackElement" ("id") VALUES (1844);
INSERT INTO "Segment" ("id", "length") VALUES (1844, 91);
UPDATE "TrackElement" SET "region" = 1768 WHERE "id" = 1844;
INSERT INTO "monitoredBy" VALUES (1844, 1840);
INSERT INTO "TrackElement" ("id") VALUES (1845);
INSERT INTO "Segment" ("id", "length") VALUES (1845, 628);
UPDATE "TrackElement" SET "region" = 1768 WHERE "id" = 1845;
INSERT INTO "monitoredBy" VALUES (1845, 1840);
INSERT INTO "Sensor" ("id") VALUES (1846);
UPDATE "Sensor" SET "region" = 1768 WHERE "id" = 1846;
INSERT INTO "monitoredBy" VALUES (1839, 1846);
INSERT INTO "requires" VALUES (1767, 1846);
INSERT INTO "TrackElement" ("id") VALUES (1847);
INSERT INTO "Segment" ("id", "length") VALUES (1847, 510);
UPDATE "TrackElement" SET "region" = 1768 WHERE "id" = 1847;
INSERT INTO "monitoredBy" VALUES (1847, 1846);
INSERT INTO "TrackElement" ("id") VALUES (1848);
INSERT INTO "Segment" ("id", "length") VALUES (1848, 459);
UPDATE "TrackElement" SET "region" = 1768 WHERE "id" = 1848;
INSERT INTO "monitoredBy" VALUES (1848, 1846);
INSERT INTO "TrackElement" ("id") VALUES (1849);
INSERT INTO "Segment" ("id", "length") VALUES (1849, 545);
UPDATE "TrackElement" SET "region" = 1768 WHERE "id" = 1849;
INSERT INTO "monitoredBy" VALUES (1849, 1846);
INSERT INTO "TrackElement" ("id") VALUES (1850);
INSERT INTO "Segment" ("id", "length") VALUES (1850, 103);
UPDATE "TrackElement" SET "region" = 1768 WHERE "id" = 1850;
INSERT INTO "monitoredBy" VALUES (1850, 1846);
INSERT INTO "TrackElement" ("id") VALUES (1851);
INSERT INTO "Segment" ("id", "length") VALUES (1851, 869);
UPDATE "TrackElement" SET "region" = 1768 WHERE "id" = 1851;
INSERT INTO "monitoredBy" VALUES (1851, 1846);
INSERT INTO "Sensor" ("id") VALUES (1852);
UPDATE "Sensor" SET "region" = 1768 WHERE "id" = 1852;
INSERT INTO "monitoredBy" VALUES (1839, 1852);
INSERT INTO "requires" VALUES (1767, 1852);
INSERT INTO "TrackElement" ("id") VALUES (1853);
INSERT INTO "Segment" ("id", "length") VALUES (1853, 827);
UPDATE "TrackElement" SET "region" = 1768 WHERE "id" = 1853;
INSERT INTO "monitoredBy" VALUES (1853, 1852);
INSERT INTO "TrackElement" ("id") VALUES (1854);
INSERT INTO "Segment" ("id", "length") VALUES (1854, 13);
UPDATE "TrackElement" SET "region" = 1768 WHERE "id" = 1854;
INSERT INTO "monitoredBy" VALUES (1854, 1852);
INSERT INTO "TrackElement" ("id") VALUES (1855);
INSERT INTO "Segment" ("id", "length") VALUES (1855, 914);
UPDATE "TrackElement" SET "region" = 1768 WHERE "id" = 1855;
INSERT INTO "monitoredBy" VALUES (1855, 1852);
INSERT INTO "TrackElement" ("id") VALUES (1856);
INSERT INTO "Segment" ("id", "length") VALUES (1856, 798);
UPDATE "TrackElement" SET "region" = 1768 WHERE "id" = 1856;
INSERT INTO "monitoredBy" VALUES (1856, 1852);
INSERT INTO "TrackElement" ("id") VALUES (1857);
INSERT INTO "Segment" ("id", "length") VALUES (1857, 728);
UPDATE "TrackElement" SET "region" = 1768 WHERE "id" = 1857;
INSERT INTO "monitoredBy" VALUES (1857, 1852);
INSERT INTO "Sensor" ("id") VALUES (1858);
UPDATE "Sensor" SET "region" = 1768 WHERE "id" = 1858;
INSERT INTO "monitoredBy" VALUES (1839, 1858);
INSERT INTO "requires" VALUES (1767, 1858);
INSERT INTO "TrackElement" ("id") VALUES (1859);
INSERT INTO "Segment" ("id", "length") VALUES (1859, 394);
UPDATE "TrackElement" SET "region" = 1768 WHERE "id" = 1859;
INSERT INTO "monitoredBy" VALUES (1859, 1858);
INSERT INTO "TrackElement" ("id") VALUES (1860);
INSERT INTO "Segment" ("id", "length") VALUES (1860, 323);
UPDATE "TrackElement" SET "region" = 1768 WHERE "id" = 1860;
INSERT INTO "monitoredBy" VALUES (1860, 1858);
INSERT INTO "TrackElement" ("id") VALUES (1861);
INSERT INTO "Segment" ("id", "length") VALUES (1861, 784);
UPDATE "TrackElement" SET "region" = 1768 WHERE "id" = 1861;
INSERT INTO "monitoredBy" VALUES (1861, 1858);
INSERT INTO "TrackElement" ("id") VALUES (1862);
INSERT INTO "Segment" ("id", "length") VALUES (1862, 667);
UPDATE "TrackElement" SET "region" = 1768 WHERE "id" = 1862;
INSERT INTO "monitoredBy" VALUES (1862, 1858);
INSERT INTO "TrackElement" ("id") VALUES (1863);
INSERT INTO "Segment" ("id", "length") VALUES (1863, 564);
UPDATE "TrackElement" SET "region" = 1768 WHERE "id" = 1863;
INSERT INTO "monitoredBy" VALUES (1863, 1858);
INSERT INTO "Sensor" ("id") VALUES (1864);
UPDATE "Sensor" SET "region" = 1768 WHERE "id" = 1864;
INSERT INTO "monitoredBy" VALUES (1839, 1864);
INSERT INTO "requires" VALUES (1767, 1864);
INSERT INTO "TrackElement" ("id") VALUES (1865);
INSERT INTO "Segment" ("id", "length") VALUES (1865, 83);
UPDATE "TrackElement" SET "region" = 1768 WHERE "id" = 1865;
INSERT INTO "monitoredBy" VALUES (1865, 1864);
INSERT INTO "TrackElement" ("id") VALUES (1866);
INSERT INTO "Segment" ("id", "length") VALUES (1866, 287);
UPDATE "TrackElement" SET "region" = 1768 WHERE "id" = 1866;
INSERT INTO "monitoredBy" VALUES (1866, 1864);
INSERT INTO "TrackElement" ("id") VALUES (1867);
INSERT INTO "Segment" ("id", "length") VALUES (1867, 436);
UPDATE "TrackElement" SET "region" = 1768 WHERE "id" = 1867;
INSERT INTO "monitoredBy" VALUES (1867, 1864);
INSERT INTO "TrackElement" ("id") VALUES (1868);
INSERT INTO "Segment" ("id", "length") VALUES (1868, 521);
UPDATE "TrackElement" SET "region" = 1768 WHERE "id" = 1868;
INSERT INTO "monitoredBy" VALUES (1868, 1864);
INSERT INTO "TrackElement" ("id") VALUES (1869);
INSERT INTO "Segment" ("id", "length") VALUES (1869, 672);
UPDATE "TrackElement" SET "region" = 1768 WHERE "id" = 1869;
INSERT INTO "monitoredBy" VALUES (1869, 1864);
INSERT INTO "Sensor" ("id") VALUES (1870);
UPDATE "Sensor" SET "region" = 1768 WHERE "id" = 1870;
INSERT INTO "monitoredBy" VALUES (1839, 1870);
INSERT INTO "requires" VALUES (1767, 1870);
INSERT INTO "TrackElement" ("id") VALUES (1871);
INSERT INTO "Segment" ("id", "length") VALUES (1871, 941);
UPDATE "TrackElement" SET "region" = 1768 WHERE "id" = 1871;
INSERT INTO "monitoredBy" VALUES (1871, 1870);
INSERT INTO "TrackElement" ("id") VALUES (1872);
INSERT INTO "Segment" ("id", "length") VALUES (1872, 654);
UPDATE "TrackElement" SET "region" = 1768 WHERE "id" = 1872;
INSERT INTO "monitoredBy" VALUES (1872, 1870);
INSERT INTO "TrackElement" ("id") VALUES (1873);
INSERT INTO "Segment" ("id", "length") VALUES (1873, 371);
UPDATE "TrackElement" SET "region" = 1768 WHERE "id" = 1873;
INSERT INTO "monitoredBy" VALUES (1873, 1870);
INSERT INTO "TrackElement" ("id") VALUES (1874);
INSERT INTO "Segment" ("id", "length") VALUES (1874, 569);
UPDATE "TrackElement" SET "region" = 1768 WHERE "id" = 1874;
INSERT INTO "monitoredBy" VALUES (1874, 1870);
INSERT INTO "TrackElement" ("id") VALUES (1875);
INSERT INTO "Segment" ("id", "length") VALUES (1875, 728);
UPDATE "TrackElement" SET "region" = 1768 WHERE "id" = 1875;
INSERT INTO "monitoredBy" VALUES (1875, 1870);
INSERT INTO "Sensor" ("id") VALUES (1876);
UPDATE "Sensor" SET "region" = 1768 WHERE "id" = 1876;
INSERT INTO "monitoredBy" VALUES (1839, 1876);
INSERT INTO "requires" VALUES (1767, 1876);
INSERT INTO "TrackElement" ("id") VALUES (1877);
INSERT INTO "Segment" ("id", "length") VALUES (1877, 297);
UPDATE "TrackElement" SET "region" = 1768 WHERE "id" = 1877;
INSERT INTO "monitoredBy" VALUES (1877, 1876);
INSERT INTO "TrackElement" ("id") VALUES (1878);
INSERT INTO "Segment" ("id", "length") VALUES (1878, 959);
UPDATE "TrackElement" SET "region" = 1768 WHERE "id" = 1878;
INSERT INTO "monitoredBy" VALUES (1878, 1876);
INSERT INTO "TrackElement" ("id") VALUES (1879);
INSERT INTO "Segment" ("id", "length") VALUES (1879, 941);
UPDATE "TrackElement" SET "region" = 1768 WHERE "id" = 1879;
INSERT INTO "monitoredBy" VALUES (1879, 1876);
INSERT INTO "TrackElement" ("id") VALUES (1880);
INSERT INTO "Segment" ("id", "length") VALUES (1880, 347);
UPDATE "TrackElement" SET "region" = 1768 WHERE "id" = 1880;
INSERT INTO "monitoredBy" VALUES (1880, 1876);
INSERT INTO "TrackElement" ("id") VALUES (1881);
INSERT INTO "Segment" ("id", "length") VALUES (1881, 346);
UPDATE "TrackElement" SET "region" = 1768 WHERE "id" = 1881;
INSERT INTO "monitoredBy" VALUES (1881, 1876);
INSERT INTO "Sensor" ("id") VALUES (1882);
UPDATE "Sensor" SET "region" = 1768 WHERE "id" = 1882;
INSERT INTO "monitoredBy" VALUES (1839, 1882);
INSERT INTO "requires" VALUES (1767, 1882);
INSERT INTO "TrackElement" ("id") VALUES (1883);
INSERT INTO "Segment" ("id", "length") VALUES (1883, 386);
UPDATE "TrackElement" SET "region" = 1768 WHERE "id" = 1883;
INSERT INTO "monitoredBy" VALUES (1883, 1882);
INSERT INTO "TrackElement" ("id") VALUES (1884);
INSERT INTO "Segment" ("id", "length") VALUES (1884, 704);
UPDATE "TrackElement" SET "region" = 1768 WHERE "id" = 1884;
INSERT INTO "monitoredBy" VALUES (1884, 1882);
INSERT INTO "TrackElement" ("id") VALUES (1885);
INSERT INTO "Segment" ("id", "length") VALUES (1885, 110);
UPDATE "TrackElement" SET "region" = 1768 WHERE "id" = 1885;
INSERT INTO "monitoredBy" VALUES (1885, 1882);
INSERT INTO "TrackElement" ("id") VALUES (1886);
INSERT INTO "Segment" ("id", "length") VALUES (1886, 7);
UPDATE "TrackElement" SET "region" = 1768 WHERE "id" = 1886;
INSERT INTO "monitoredBy" VALUES (1886, 1882);
INSERT INTO "TrackElement" ("id") VALUES (1887);
INSERT INTO "Segment" ("id", "length") VALUES (1887, 179);
UPDATE "TrackElement" SET "region" = 1768 WHERE "id" = 1887;
INSERT INTO "monitoredBy" VALUES (1887, 1882);
INSERT INTO "Sensor" ("id") VALUES (1888);
UPDATE "Sensor" SET "region" = 1768 WHERE "id" = 1888;
INSERT INTO "monitoredBy" VALUES (1839, 1888);
INSERT INTO "requires" VALUES (1767, 1888);
INSERT INTO "TrackElement" ("id") VALUES (1889);
INSERT INTO "Segment" ("id", "length") VALUES (1889, 202);
UPDATE "TrackElement" SET "region" = 1768 WHERE "id" = 1889;
INSERT INTO "monitoredBy" VALUES (1889, 1888);
INSERT INTO "TrackElement" ("id") VALUES (1890);
INSERT INTO "Segment" ("id", "length") VALUES (1890, 750);
UPDATE "TrackElement" SET "region" = 1768 WHERE "id" = 1890;
INSERT INTO "monitoredBy" VALUES (1890, 1888);
INSERT INTO "TrackElement" ("id") VALUES (1891);
INSERT INTO "Segment" ("id", "length") VALUES (1891, 742);
UPDATE "TrackElement" SET "region" = 1768 WHERE "id" = 1891;
INSERT INTO "monitoredBy" VALUES (1891, 1888);
INSERT INTO "TrackElement" ("id") VALUES (1892);
INSERT INTO "Segment" ("id", "length") VALUES (1892, 742);
UPDATE "TrackElement" SET "region" = 1768 WHERE "id" = 1892;
INSERT INTO "monitoredBy" VALUES (1892, 1888);
INSERT INTO "TrackElement" ("id") VALUES (1893);
INSERT INTO "Segment" ("id", "length") VALUES (1893, 290);
UPDATE "TrackElement" SET "region" = 1768 WHERE "id" = 1893;
INSERT INTO "monitoredBy" VALUES (1893, 1888);
UPDATE "Switch" SET "currentPosition" = 1 WHERE "id" = 1839;
INSERT INTO "SwitchPosition" ("id", "position", "target") VALUES (1894, 1, 1839);
UPDATE "SwitchPosition" SET "route" = 1767 WHERE "id" = 1894;
INSERT INTO "TrackElement" ("id") VALUES (1895);
INSERT INTO "Switch" ("id") VALUES (1895);
UPDATE "TrackElement" SET "region" = 1768 WHERE "id" = 1895;
INSERT INTO "Sensor" ("id") VALUES (1896);
UPDATE "Sensor" SET "region" = 1768 WHERE "id" = 1896;
INSERT INTO "monitoredBy" VALUES (1895, 1896);
INSERT INTO "requires" VALUES (1767, 1896);
INSERT INTO "TrackElement" ("id") VALUES (1897);
INSERT INTO "Segment" ("id", "length") VALUES (1897, 13);
UPDATE "TrackElement" SET "region" = 1768 WHERE "id" = 1897;
INSERT INTO "monitoredBy" VALUES (1897, 1896);
INSERT INTO "TrackElement" ("id") VALUES (1898);
INSERT INTO "Segment" ("id", "length") VALUES (1898, 184);
UPDATE "TrackElement" SET "region" = 1768 WHERE "id" = 1898;
INSERT INTO "monitoredBy" VALUES (1898, 1896);
INSERT INTO "TrackElement" ("id") VALUES (1899);
INSERT INTO "Segment" ("id", "length") VALUES (1899, 843);
UPDATE "TrackElement" SET "region" = 1768 WHERE "id" = 1899;
INSERT INTO "monitoredBy" VALUES (1899, 1896);
INSERT INTO "TrackElement" ("id") VALUES (1900);
INSERT INTO "Segment" ("id", "length") VALUES (1900, 757);
UPDATE "TrackElement" SET "region" = 1768 WHERE "id" = 1900;
INSERT INTO "monitoredBy" VALUES (1900, 1896);
INSERT INTO "TrackElement" ("id") VALUES (1901);
INSERT INTO "Segment" ("id", "length") VALUES (1901, 442);
UPDATE "TrackElement" SET "region" = 1768 WHERE "id" = 1901;
INSERT INTO "monitoredBy" VALUES (1901, 1896);
INSERT INTO "Sensor" ("id") VALUES (1902);
UPDATE "Sensor" SET "region" = 1768 WHERE "id" = 1902;
INSERT INTO "monitoredBy" VALUES (1895, 1902);
INSERT INTO "requires" VALUES (1767, 1902);
INSERT INTO "TrackElement" ("id") VALUES (1903);
INSERT INTO "Segment" ("id", "length") VALUES (1903, 759);
UPDATE "TrackElement" SET "region" = 1768 WHERE "id" = 1903;
INSERT INTO "monitoredBy" VALUES (1903, 1902);
INSERT INTO "TrackElement" ("id") VALUES (1904);
INSERT INTO "Segment" ("id", "length") VALUES (1904, 161);
UPDATE "TrackElement" SET "region" = 1768 WHERE "id" = 1904;
INSERT INTO "monitoredBy" VALUES (1904, 1902);
INSERT INTO "TrackElement" ("id") VALUES (1905);
INSERT INTO "Segment" ("id", "length") VALUES (1905, 76);
UPDATE "TrackElement" SET "region" = 1768 WHERE "id" = 1905;
INSERT INTO "monitoredBy" VALUES (1905, 1902);
INSERT INTO "TrackElement" ("id") VALUES (1906);
INSERT INTO "Segment" ("id", "length") VALUES (1906, 443);
UPDATE "TrackElement" SET "region" = 1768 WHERE "id" = 1906;
INSERT INTO "monitoredBy" VALUES (1906, 1902);
INSERT INTO "TrackElement" ("id") VALUES (1907);
INSERT INTO "Segment" ("id", "length") VALUES (1907, 909);
UPDATE "TrackElement" SET "region" = 1768 WHERE "id" = 1907;
INSERT INTO "monitoredBy" VALUES (1907, 1902);
INSERT INTO "Sensor" ("id") VALUES (1908);
UPDATE "Sensor" SET "region" = 1768 WHERE "id" = 1908;
INSERT INTO "monitoredBy" VALUES (1895, 1908);
INSERT INTO "requires" VALUES (1767, 1908);
INSERT INTO "TrackElement" ("id") VALUES (1909);
INSERT INTO "Segment" ("id", "length") VALUES (1909, 323);
UPDATE "TrackElement" SET "region" = 1768 WHERE "id" = 1909;
INSERT INTO "monitoredBy" VALUES (1909, 1908);
INSERT INTO "TrackElement" ("id") VALUES (1910);
INSERT INTO "Segment" ("id", "length") VALUES (1910, 531);
UPDATE "TrackElement" SET "region" = 1768 WHERE "id" = 1910;
INSERT INTO "monitoredBy" VALUES (1910, 1908);
INSERT INTO "TrackElement" ("id") VALUES (1911);
INSERT INTO "Segment" ("id", "length") VALUES (1911, 213);
UPDATE "TrackElement" SET "region" = 1768 WHERE "id" = 1911;
INSERT INTO "monitoredBy" VALUES (1911, 1908);
INSERT INTO "TrackElement" ("id") VALUES (1912);
INSERT INTO "Segment" ("id", "length") VALUES (1912, 782);
UPDATE "TrackElement" SET "region" = 1768 WHERE "id" = 1912;
INSERT INTO "monitoredBy" VALUES (1912, 1908);
INSERT INTO "TrackElement" ("id") VALUES (1913);
INSERT INTO "Segment" ("id", "length") VALUES (1913, 906);
UPDATE "TrackElement" SET "region" = 1768 WHERE "id" = 1913;
INSERT INTO "monitoredBy" VALUES (1913, 1908);
INSERT INTO "Sensor" ("id") VALUES (1914);
UPDATE "Sensor" SET "region" = 1768 WHERE "id" = 1914;
INSERT INTO "monitoredBy" VALUES (1895, 1914);
INSERT INTO "requires" VALUES (1767, 1914);
INSERT INTO "TrackElement" ("id") VALUES (1915);
INSERT INTO "Segment" ("id", "length") VALUES (1915, 782);
UPDATE "TrackElement" SET "region" = 1768 WHERE "id" = 1915;
INSERT INTO "monitoredBy" VALUES (1915, 1914);
INSERT INTO "TrackElement" ("id") VALUES (1916);
INSERT INTO "Segment" ("id", "length") VALUES (1916, 530);
UPDATE "TrackElement" SET "region" = 1768 WHERE "id" = 1916;
INSERT INTO "monitoredBy" VALUES (1916, 1914);
INSERT INTO "TrackElement" ("id") VALUES (1917);
INSERT INTO "Segment" ("id", "length") VALUES (1917, 574);
UPDATE "TrackElement" SET "region" = 1768 WHERE "id" = 1917;
INSERT INTO "monitoredBy" VALUES (1917, 1914);
INSERT INTO "TrackElement" ("id") VALUES (1918);
INSERT INTO "Segment" ("id", "length") VALUES (1918, 591);
UPDATE "TrackElement" SET "region" = 1768 WHERE "id" = 1918;
INSERT INTO "monitoredBy" VALUES (1918, 1914);
INSERT INTO "TrackElement" ("id") VALUES (1919);
INSERT INTO "Segment" ("id", "length") VALUES (1919, 137);
UPDATE "TrackElement" SET "region" = 1768 WHERE "id" = 1919;
INSERT INTO "monitoredBy" VALUES (1919, 1914);
UPDATE "Switch" SET "currentPosition" = 0 WHERE "id" = 1895;
INSERT INTO "SwitchPosition" ("id", "position", "target") VALUES (1920, 0, 1895);
UPDATE "SwitchPosition" SET "route" = 1767 WHERE "id" = 1920;
INSERT INTO "TrackElement" ("id") VALUES (1921);
INSERT INTO "Switch" ("id") VALUES (1921);
UPDATE "TrackElement" SET "region" = 1768 WHERE "id" = 1921;
INSERT INTO "Sensor" ("id") VALUES (1922);
UPDATE "Sensor" SET "region" = 1768 WHERE "id" = 1922;
INSERT INTO "monitoredBy" VALUES (1921, 1922);
INSERT INTO "requires" VALUES (1767, 1922);
INSERT INTO "TrackElement" ("id") VALUES (1923);
INSERT INTO "Segment" ("id", "length") VALUES (1923, 89);
UPDATE "TrackElement" SET "region" = 1768 WHERE "id" = 1923;
INSERT INTO "monitoredBy" VALUES (1923, 1922);
INSERT INTO "TrackElement" ("id") VALUES (1924);
INSERT INTO "Segment" ("id", "length") VALUES (1924, 686);
UPDATE "TrackElement" SET "region" = 1768 WHERE "id" = 1924;
INSERT INTO "monitoredBy" VALUES (1924, 1922);
INSERT INTO "TrackElement" ("id") VALUES (1925);
INSERT INTO "Segment" ("id", "length") VALUES (1925, 146);
UPDATE "TrackElement" SET "region" = 1768 WHERE "id" = 1925;
INSERT INTO "monitoredBy" VALUES (1925, 1922);
INSERT INTO "TrackElement" ("id") VALUES (1926);
INSERT INTO "Segment" ("id", "length") VALUES (1926, 62);
UPDATE "TrackElement" SET "region" = 1768 WHERE "id" = 1926;
INSERT INTO "monitoredBy" VALUES (1926, 1922);
INSERT INTO "TrackElement" ("id") VALUES (1927);
INSERT INTO "Segment" ("id", "length") VALUES (1927, 796);
UPDATE "TrackElement" SET "region" = 1768 WHERE "id" = 1927;
INSERT INTO "monitoredBy" VALUES (1927, 1922);
UPDATE "Switch" SET "currentPosition" = 1 WHERE "id" = 1921;
INSERT INTO "SwitchPosition" ("id", "position", "target") VALUES (1928, 1, 1921);
UPDATE "SwitchPosition" SET "route" = 1767 WHERE "id" = 1928;
INSERT INTO "TrackElement" ("id") VALUES (1929);
INSERT INTO "Switch" ("id") VALUES (1929);
UPDATE "TrackElement" SET "region" = 1768 WHERE "id" = 1929;
INSERT INTO "Sensor" ("id") VALUES (1930);
UPDATE "Sensor" SET "region" = 1768 WHERE "id" = 1930;
INSERT INTO "monitoredBy" VALUES (1929, 1930);
INSERT INTO "requires" VALUES (1767, 1930);
INSERT INTO "TrackElement" ("id") VALUES (1931);
INSERT INTO "Segment" ("id", "length") VALUES (1931, 612);
UPDATE "TrackElement" SET "region" = 1768 WHERE "id" = 1931;
INSERT INTO "monitoredBy" VALUES (1931, 1930);
INSERT INTO "TrackElement" ("id") VALUES (1932);
INSERT INTO "Segment" ("id", "length") VALUES (1932, 172);
UPDATE "TrackElement" SET "region" = 1768 WHERE "id" = 1932;
INSERT INTO "monitoredBy" VALUES (1932, 1930);
INSERT INTO "TrackElement" ("id") VALUES (1933);
INSERT INTO "Segment" ("id", "length") VALUES (1933, 532);
UPDATE "TrackElement" SET "region" = 1768 WHERE "id" = 1933;
INSERT INTO "monitoredBy" VALUES (1933, 1930);
INSERT INTO "TrackElement" ("id") VALUES (1934);
INSERT INTO "Segment" ("id", "length") VALUES (1934, 974);
UPDATE "TrackElement" SET "region" = 1768 WHERE "id" = 1934;
INSERT INTO "monitoredBy" VALUES (1934, 1930);
INSERT INTO "TrackElement" ("id") VALUES (1935);
INSERT INTO "Segment" ("id", "length") VALUES (1935, 980);
UPDATE "TrackElement" SET "region" = 1768 WHERE "id" = 1935;
INSERT INTO "monitoredBy" VALUES (1935, 1930);
INSERT INTO "Sensor" ("id") VALUES (1936);
UPDATE "Sensor" SET "region" = 1768 WHERE "id" = 1936;
INSERT INTO "monitoredBy" VALUES (1929, 1936);
INSERT INTO "requires" VALUES (1767, 1936);
INSERT INTO "TrackElement" ("id") VALUES (1937);
INSERT INTO "Segment" ("id", "length") VALUES (1937, 309);
UPDATE "TrackElement" SET "region" = 1768 WHERE "id" = 1937;
INSERT INTO "monitoredBy" VALUES (1937, 1936);
INSERT INTO "TrackElement" ("id") VALUES (1938);
INSERT INTO "Segment" ("id", "length") VALUES (1938, 207);
UPDATE "TrackElement" SET "region" = 1768 WHERE "id" = 1938;
INSERT INTO "monitoredBy" VALUES (1938, 1936);
INSERT INTO "TrackElement" ("id") VALUES (1939);
INSERT INTO "Segment" ("id", "length") VALUES (1939, 525);
UPDATE "TrackElement" SET "region" = 1768 WHERE "id" = 1939;
INSERT INTO "monitoredBy" VALUES (1939, 1936);
INSERT INTO "TrackElement" ("id") VALUES (1940);
INSERT INTO "Segment" ("id", "length") VALUES (1940, 445);
UPDATE "TrackElement" SET "region" = 1768 WHERE "id" = 1940;
INSERT INTO "monitoredBy" VALUES (1940, 1936);
INSERT INTO "TrackElement" ("id") VALUES (1941);
INSERT INTO "Segment" ("id", "length") VALUES (1941, 637);
UPDATE "TrackElement" SET "region" = 1768 WHERE "id" = 1941;
INSERT INTO "monitoredBy" VALUES (1941, 1936);
INSERT INTO "Sensor" ("id") VALUES (1942);
UPDATE "Sensor" SET "region" = 1768 WHERE "id" = 1942;
INSERT INTO "monitoredBy" VALUES (1929, 1942);
INSERT INTO "requires" VALUES (1767, 1942);
INSERT INTO "TrackElement" ("id") VALUES (1943);
INSERT INTO "Segment" ("id", "length") VALUES (1943, 105);
UPDATE "TrackElement" SET "region" = 1768 WHERE "id" = 1943;
INSERT INTO "monitoredBy" VALUES (1943, 1942);
INSERT INTO "TrackElement" ("id") VALUES (1944);
INSERT INTO "Segment" ("id", "length") VALUES (1944, 784);
UPDATE "TrackElement" SET "region" = 1768 WHERE "id" = 1944;
INSERT INTO "monitoredBy" VALUES (1944, 1942);
INSERT INTO "TrackElement" ("id") VALUES (1945);
INSERT INTO "Segment" ("id", "length") VALUES (1945, 373);
UPDATE "TrackElement" SET "region" = 1768 WHERE "id" = 1945;
INSERT INTO "monitoredBy" VALUES (1945, 1942);
INSERT INTO "TrackElement" ("id") VALUES (1946);
INSERT INTO "Segment" ("id", "length") VALUES (1946, 917);
UPDATE "TrackElement" SET "region" = 1768 WHERE "id" = 1946;
INSERT INTO "monitoredBy" VALUES (1946, 1942);
INSERT INTO "TrackElement" ("id") VALUES (1947);
INSERT INTO "Segment" ("id", "length") VALUES (1947, 406);
UPDATE "TrackElement" SET "region" = 1768 WHERE "id" = 1947;
INSERT INTO "monitoredBy" VALUES (1947, 1942);
UPDATE "Switch" SET "currentPosition" = 0 WHERE "id" = 1929;
INSERT INTO "SwitchPosition" ("id", "position", "target") VALUES (1948, 0, 1929);
UPDATE "SwitchPosition" SET "route" = 1767 WHERE "id" = 1948;
INSERT INTO "TrackElement" ("id") VALUES (1949);
INSERT INTO "Switch" ("id") VALUES (1949);
UPDATE "TrackElement" SET "region" = 1768 WHERE "id" = 1949;
INSERT INTO "Sensor" ("id") VALUES (1950);
UPDATE "Sensor" SET "region" = 1768 WHERE "id" = 1950;
INSERT INTO "monitoredBy" VALUES (1949, 1950);
INSERT INTO "requires" VALUES (1767, 1950);
INSERT INTO "TrackElement" ("id") VALUES (1951);
INSERT INTO "Segment" ("id", "length") VALUES (1951, 131);
UPDATE "TrackElement" SET "region" = 1768 WHERE "id" = 1951;
INSERT INTO "monitoredBy" VALUES (1951, 1950);
INSERT INTO "TrackElement" ("id") VALUES (1952);
INSERT INTO "Segment" ("id", "length") VALUES (1952, 358);
UPDATE "TrackElement" SET "region" = 1768 WHERE "id" = 1952;
INSERT INTO "monitoredBy" VALUES (1952, 1950);
INSERT INTO "TrackElement" ("id") VALUES (1953);
INSERT INTO "Segment" ("id", "length") VALUES (1953, 324);
UPDATE "TrackElement" SET "region" = 1768 WHERE "id" = 1953;
INSERT INTO "monitoredBy" VALUES (1953, 1950);
INSERT INTO "TrackElement" ("id") VALUES (1954);
INSERT INTO "Segment" ("id", "length") VALUES (1954, 119);
UPDATE "TrackElement" SET "region" = 1768 WHERE "id" = 1954;
INSERT INTO "monitoredBy" VALUES (1954, 1950);
INSERT INTO "TrackElement" ("id") VALUES (1955);
INSERT INTO "Segment" ("id", "length") VALUES (1955, 479);
UPDATE "TrackElement" SET "region" = 1768 WHERE "id" = 1955;
INSERT INTO "monitoredBy" VALUES (1955, 1950);
INSERT INTO "Sensor" ("id") VALUES (1956);
UPDATE "Sensor" SET "region" = 1768 WHERE "id" = 1956;
INSERT INTO "monitoredBy" VALUES (1949, 1956);
INSERT INTO "requires" VALUES (1767, 1956);
INSERT INTO "TrackElement" ("id") VALUES (1957);
INSERT INTO "Segment" ("id", "length") VALUES (1957, 699);
UPDATE "TrackElement" SET "region" = 1768 WHERE "id" = 1957;
INSERT INTO "monitoredBy" VALUES (1957, 1956);
INSERT INTO "TrackElement" ("id") VALUES (1958);
INSERT INTO "Segment" ("id", "length") VALUES (1958, 553);
UPDATE "TrackElement" SET "region" = 1768 WHERE "id" = 1958;
INSERT INTO "monitoredBy" VALUES (1958, 1956);
INSERT INTO "TrackElement" ("id") VALUES (1959);
INSERT INTO "Segment" ("id", "length") VALUES (1959, 208);
UPDATE "TrackElement" SET "region" = 1768 WHERE "id" = 1959;
INSERT INTO "monitoredBy" VALUES (1959, 1956);
INSERT INTO "TrackElement" ("id") VALUES (1960);
INSERT INTO "Segment" ("id", "length") VALUES (1960, 16);
UPDATE "TrackElement" SET "region" = 1768 WHERE "id" = 1960;
INSERT INTO "monitoredBy" VALUES (1960, 1956);
INSERT INTO "TrackElement" ("id") VALUES (1961);
INSERT INTO "Segment" ("id", "length") VALUES (1961, 524);
UPDATE "TrackElement" SET "region" = 1768 WHERE "id" = 1961;
INSERT INTO "monitoredBy" VALUES (1961, 1956);
INSERT INTO "Sensor" ("id") VALUES (1962);
UPDATE "Sensor" SET "region" = 1768 WHERE "id" = 1962;
INSERT INTO "monitoredBy" VALUES (1949, 1962);
INSERT INTO "requires" VALUES (1767, 1962);
INSERT INTO "TrackElement" ("id") VALUES (1963);
INSERT INTO "Segment" ("id", "length") VALUES (1963, 558);
UPDATE "TrackElement" SET "region" = 1768 WHERE "id" = 1963;
INSERT INTO "monitoredBy" VALUES (1963, 1962);
INSERT INTO "TrackElement" ("id") VALUES (1964);
INSERT INTO "Segment" ("id", "length") VALUES (1964, 399);
UPDATE "TrackElement" SET "region" = 1768 WHERE "id" = 1964;
INSERT INTO "monitoredBy" VALUES (1964, 1962);
INSERT INTO "TrackElement" ("id") VALUES (1965);
INSERT INTO "Segment" ("id", "length") VALUES (1965, 131);
UPDATE "TrackElement" SET "region" = 1768 WHERE "id" = 1965;
INSERT INTO "monitoredBy" VALUES (1965, 1962);
INSERT INTO "TrackElement" ("id") VALUES (1966);
INSERT INTO "Segment" ("id", "length") VALUES (1966, 323);
UPDATE "TrackElement" SET "region" = 1768 WHERE "id" = 1966;
INSERT INTO "monitoredBy" VALUES (1966, 1962);
INSERT INTO "TrackElement" ("id") VALUES (1967);
INSERT INTO "Segment" ("id", "length") VALUES (1967, 544);
UPDATE "TrackElement" SET "region" = 1768 WHERE "id" = 1967;
INSERT INTO "monitoredBy" VALUES (1967, 1962);
UPDATE "Switch" SET "currentPosition" = 0 WHERE "id" = 1949;
INSERT INTO "SwitchPosition" ("id", "position", "target") VALUES (1968, 0, 1949);
UPDATE "SwitchPosition" SET "route" = 1767 WHERE "id" = 1968;
INSERT INTO "TrackElement" ("id") VALUES (1969);
INSERT INTO "Switch" ("id") VALUES (1969);
UPDATE "TrackElement" SET "region" = 1768 WHERE "id" = 1969;
INSERT INTO "Sensor" ("id") VALUES (1970);
UPDATE "Sensor" SET "region" = 1768 WHERE "id" = 1970;
INSERT INTO "monitoredBy" VALUES (1969, 1970);
INSERT INTO "requires" VALUES (1767, 1970);
INSERT INTO "TrackElement" ("id") VALUES (1971);
INSERT INTO "Segment" ("id", "length") VALUES (1971, 913);
UPDATE "TrackElement" SET "region" = 1768 WHERE "id" = 1971;
INSERT INTO "monitoredBy" VALUES (1971, 1970);
INSERT INTO "TrackElement" ("id") VALUES (1972);
INSERT INTO "Segment" ("id", "length") VALUES (1972, 833);
UPDATE "TrackElement" SET "region" = 1768 WHERE "id" = 1972;
INSERT INTO "monitoredBy" VALUES (1972, 1970);
INSERT INTO "TrackElement" ("id") VALUES (1973);
INSERT INTO "Segment" ("id", "length") VALUES (1973, 859);
UPDATE "TrackElement" SET "region" = 1768 WHERE "id" = 1973;
INSERT INTO "monitoredBy" VALUES (1973, 1970);
INSERT INTO "TrackElement" ("id") VALUES (1974);
INSERT INTO "Segment" ("id", "length") VALUES (1974, 597);
UPDATE "TrackElement" SET "region" = 1768 WHERE "id" = 1974;
INSERT INTO "monitoredBy" VALUES (1974, 1970);
INSERT INTO "TrackElement" ("id") VALUES (1975);
INSERT INTO "Segment" ("id", "length") VALUES (1975, 328);
UPDATE "TrackElement" SET "region" = 1768 WHERE "id" = 1975;
INSERT INTO "monitoredBy" VALUES (1975, 1970);
INSERT INTO "Sensor" ("id") VALUES (1976);
UPDATE "Sensor" SET "region" = 1768 WHERE "id" = 1976;
INSERT INTO "monitoredBy" VALUES (1969, 1976);
INSERT INTO "requires" VALUES (1767, 1976);
INSERT INTO "TrackElement" ("id") VALUES (1977);
INSERT INTO "Segment" ("id", "length") VALUES (1977, 486);
UPDATE "TrackElement" SET "region" = 1768 WHERE "id" = 1977;
INSERT INTO "monitoredBy" VALUES (1977, 1976);
INSERT INTO "TrackElement" ("id") VALUES (1978);
INSERT INTO "Segment" ("id", "length") VALUES (1978, 464);
UPDATE "TrackElement" SET "region" = 1768 WHERE "id" = 1978;
INSERT INTO "monitoredBy" VALUES (1978, 1976);
INSERT INTO "TrackElement" ("id") VALUES (1979);
INSERT INTO "Segment" ("id", "length") VALUES (1979, 462);
UPDATE "TrackElement" SET "region" = 1768 WHERE "id" = 1979;
INSERT INTO "monitoredBy" VALUES (1979, 1976);
INSERT INTO "TrackElement" ("id") VALUES (1980);
INSERT INTO "Segment" ("id", "length") VALUES (1980, 43);
UPDATE "TrackElement" SET "region" = 1768 WHERE "id" = 1980;
INSERT INTO "monitoredBy" VALUES (1980, 1976);
INSERT INTO "TrackElement" ("id") VALUES (1981);
INSERT INTO "Segment" ("id", "length") VALUES (1981, 491);
UPDATE "TrackElement" SET "region" = 1768 WHERE "id" = 1981;
INSERT INTO "monitoredBy" VALUES (1981, 1976);
UPDATE "Switch" SET "currentPosition" = 2 WHERE "id" = 1969;
INSERT INTO "SwitchPosition" ("id", "position", "target") VALUES (1982, 2, 1969);
UPDATE "SwitchPosition" SET "route" = 1767 WHERE "id" = 1982;
INSERT INTO "TrackElement" ("id") VALUES (1983);
INSERT INTO "Switch" ("id") VALUES (1983);
UPDATE "TrackElement" SET "region" = 1768 WHERE "id" = 1983;
INSERT INTO "Sensor" ("id") VALUES (1984);
UPDATE "Sensor" SET "region" = 1768 WHERE "id" = 1984;
INSERT INTO "monitoredBy" VALUES (1983, 1984);
INSERT INTO "requires" VALUES (1767, 1984);
INSERT INTO "TrackElement" ("id") VALUES (1985);
INSERT INTO "Segment" ("id", "length") VALUES (1985, 529);
UPDATE "TrackElement" SET "region" = 1768 WHERE "id" = 1985;
INSERT INTO "monitoredBy" VALUES (1985, 1984);
INSERT INTO "TrackElement" ("id") VALUES (1986);
INSERT INTO "Segment" ("id", "length") VALUES (1986, 313);
UPDATE "TrackElement" SET "region" = 1768 WHERE "id" = 1986;
INSERT INTO "monitoredBy" VALUES (1986, 1984);
INSERT INTO "TrackElement" ("id") VALUES (1987);
INSERT INTO "Segment" ("id", "length") VALUES (1987, 264);
UPDATE "TrackElement" SET "region" = 1768 WHERE "id" = 1987;
INSERT INTO "monitoredBy" VALUES (1987, 1984);
INSERT INTO "TrackElement" ("id") VALUES (1988);
INSERT INTO "Segment" ("id", "length") VALUES (1988, 389);
UPDATE "TrackElement" SET "region" = 1768 WHERE "id" = 1988;
INSERT INTO "monitoredBy" VALUES (1988, 1984);
INSERT INTO "TrackElement" ("id") VALUES (1989);
INSERT INTO "Segment" ("id", "length") VALUES (1989, 915);
UPDATE "TrackElement" SET "region" = 1768 WHERE "id" = 1989;
INSERT INTO "monitoredBy" VALUES (1989, 1984);
INSERT INTO "Sensor" ("id") VALUES (1990);
UPDATE "Sensor" SET "region" = 1768 WHERE "id" = 1990;
INSERT INTO "monitoredBy" VALUES (1983, 1990);
INSERT INTO "requires" VALUES (1767, 1990);
INSERT INTO "TrackElement" ("id") VALUES (1991);
INSERT INTO "Segment" ("id", "length") VALUES (1991, 714);
UPDATE "TrackElement" SET "region" = 1768 WHERE "id" = 1991;
INSERT INTO "monitoredBy" VALUES (1991, 1990);
INSERT INTO "TrackElement" ("id") VALUES (1992);
INSERT INTO "Segment" ("id", "length") VALUES (1992, 666);
UPDATE "TrackElement" SET "region" = 1768 WHERE "id" = 1992;
INSERT INTO "monitoredBy" VALUES (1992, 1990);
INSERT INTO "TrackElement" ("id") VALUES (1993);
INSERT INTO "Segment" ("id", "length") VALUES (1993, 533);
UPDATE "TrackElement" SET "region" = 1768 WHERE "id" = 1993;
INSERT INTO "monitoredBy" VALUES (1993, 1990);
INSERT INTO "TrackElement" ("id") VALUES (1994);
INSERT INTO "Segment" ("id", "length") VALUES (1994, 41);
UPDATE "TrackElement" SET "region" = 1768 WHERE "id" = 1994;
INSERT INTO "monitoredBy" VALUES (1994, 1990);
INSERT INTO "TrackElement" ("id") VALUES (1995);
INSERT INTO "Segment" ("id", "length") VALUES (1995, 115);
UPDATE "TrackElement" SET "region" = 1768 WHERE "id" = 1995;
INSERT INTO "monitoredBy" VALUES (1995, 1990);
INSERT INTO "Sensor" ("id") VALUES (1996);
UPDATE "Sensor" SET "region" = 1768 WHERE "id" = 1996;
INSERT INTO "monitoredBy" VALUES (1983, 1996);
INSERT INTO "requires" VALUES (1767, 1996);
INSERT INTO "TrackElement" ("id") VALUES (1997);
INSERT INTO "Segment" ("id", "length") VALUES (1997, 442);
UPDATE "TrackElement" SET "region" = 1768 WHERE "id" = 1997;
INSERT INTO "monitoredBy" VALUES (1997, 1996);
INSERT INTO "TrackElement" ("id") VALUES (1998);
INSERT INTO "Segment" ("id", "length") VALUES (1998, 173);
UPDATE "TrackElement" SET "region" = 1768 WHERE "id" = 1998;
INSERT INTO "monitoredBy" VALUES (1998, 1996);
INSERT INTO "TrackElement" ("id") VALUES (1999);
INSERT INTO "Segment" ("id", "length") VALUES (1999, 413);
UPDATE "TrackElement" SET "region" = 1768 WHERE "id" = 1999;
INSERT INTO "monitoredBy" VALUES (1999, 1996);
INSERT INTO "TrackElement" ("id") VALUES (2000);
INSERT INTO "Segment" ("id", "length") VALUES (2000, 952);
UPDATE "TrackElement" SET "region" = 1768 WHERE "id" = 2000;
INSERT INTO "monitoredBy" VALUES (2000, 1996);
INSERT INTO "TrackElement" ("id") VALUES (2001);
INSERT INTO "Segment" ("id", "length") VALUES (2001, 589);
UPDATE "TrackElement" SET "region" = 1768 WHERE "id" = 2001;
INSERT INTO "monitoredBy" VALUES (2001, 1996);
UPDATE "Switch" SET "currentPosition" = 2 WHERE "id" = 1983;
INSERT INTO "SwitchPosition" ("id", "position", "target") VALUES (2002, 2, 1983);
UPDATE "SwitchPosition" SET "route" = 1767 WHERE "id" = 2002;
INSERT INTO "TrackElement" ("id") VALUES (2003);
INSERT INTO "Switch" ("id") VALUES (2003);
UPDATE "TrackElement" SET "region" = 1768 WHERE "id" = 2003;
INSERT INTO "Sensor" ("id") VALUES (2004);
UPDATE "Sensor" SET "region" = 1768 WHERE "id" = 2004;
INSERT INTO "monitoredBy" VALUES (2003, 2004);
INSERT INTO "requires" VALUES (1767, 2004);
INSERT INTO "TrackElement" ("id") VALUES (2005);
INSERT INTO "Segment" ("id", "length") VALUES (2005, 854);
UPDATE "TrackElement" SET "region" = 1768 WHERE "id" = 2005;
INSERT INTO "monitoredBy" VALUES (2005, 2004);
INSERT INTO "TrackElement" ("id") VALUES (2006);
INSERT INTO "Segment" ("id", "length") VALUES (2006, 131);
UPDATE "TrackElement" SET "region" = 1768 WHERE "id" = 2006;
INSERT INTO "monitoredBy" VALUES (2006, 2004);
INSERT INTO "TrackElement" ("id") VALUES (2007);
INSERT INTO "Segment" ("id", "length") VALUES (2007, 883);
UPDATE "TrackElement" SET "region" = 1768 WHERE "id" = 2007;
INSERT INTO "monitoredBy" VALUES (2007, 2004);
INSERT INTO "TrackElement" ("id") VALUES (2008);
INSERT INTO "Segment" ("id", "length") VALUES (2008, 805);
UPDATE "TrackElement" SET "region" = 1768 WHERE "id" = 2008;
INSERT INTO "monitoredBy" VALUES (2008, 2004);
INSERT INTO "TrackElement" ("id") VALUES (2009);
INSERT INTO "Segment" ("id", "length") VALUES (2009, 107);
UPDATE "TrackElement" SET "region" = 1768 WHERE "id" = 2009;
INSERT INTO "monitoredBy" VALUES (2009, 2004);
INSERT INTO "Sensor" ("id") VALUES (2010);
UPDATE "Sensor" SET "region" = 1768 WHERE "id" = 2010;
INSERT INTO "monitoredBy" VALUES (2003, 2010);
INSERT INTO "requires" VALUES (1767, 2010);
INSERT INTO "TrackElement" ("id") VALUES (2011);
INSERT INTO "Segment" ("id", "length") VALUES (2011, 412);
UPDATE "TrackElement" SET "region" = 1768 WHERE "id" = 2011;
INSERT INTO "monitoredBy" VALUES (2011, 2010);
INSERT INTO "TrackElement" ("id") VALUES (2012);
INSERT INTO "Segment" ("id", "length") VALUES (2012, 320);
UPDATE "TrackElement" SET "region" = 1768 WHERE "id" = 2012;
INSERT INTO "monitoredBy" VALUES (2012, 2010);
INSERT INTO "TrackElement" ("id") VALUES (2013);
INSERT INTO "Segment" ("id", "length") VALUES (2013, 580);
UPDATE "TrackElement" SET "region" = 1768 WHERE "id" = 2013;
INSERT INTO "monitoredBy" VALUES (2013, 2010);
INSERT INTO "TrackElement" ("id") VALUES (2014);
INSERT INTO "Segment" ("id", "length") VALUES (2014, 425);
UPDATE "TrackElement" SET "region" = 1768 WHERE "id" = 2014;
INSERT INTO "monitoredBy" VALUES (2014, 2010);
INSERT INTO "TrackElement" ("id") VALUES (2015);
INSERT INTO "Segment" ("id", "length") VALUES (2015, 810);
UPDATE "TrackElement" SET "region" = 1768 WHERE "id" = 2015;
INSERT INTO "monitoredBy" VALUES (2015, 2010);
INSERT INTO "Sensor" ("id") VALUES (2016);
UPDATE "Sensor" SET "region" = 1768 WHERE "id" = 2016;
INSERT INTO "monitoredBy" VALUES (2003, 2016);
INSERT INTO "requires" VALUES (1767, 2016);
INSERT INTO "TrackElement" ("id") VALUES (2017);
INSERT INTO "Segment" ("id", "length") VALUES (2017, 452);
UPDATE "TrackElement" SET "region" = 1768 WHERE "id" = 2017;
INSERT INTO "monitoredBy" VALUES (2017, 2016);
INSERT INTO "TrackElement" ("id") VALUES (2018);
INSERT INTO "Segment" ("id", "length") VALUES (2018, 222);
UPDATE "TrackElement" SET "region" = 1768 WHERE "id" = 2018;
INSERT INTO "monitoredBy" VALUES (2018, 2016);
INSERT INTO "TrackElement" ("id") VALUES (2019);
INSERT INTO "Segment" ("id", "length") VALUES (2019, 169);
UPDATE "TrackElement" SET "region" = 1768 WHERE "id" = 2019;
INSERT INTO "monitoredBy" VALUES (2019, 2016);
INSERT INTO "TrackElement" ("id") VALUES (2020);
INSERT INTO "Segment" ("id", "length") VALUES (2020, 313);
UPDATE "TrackElement" SET "region" = 1768 WHERE "id" = 2020;
INSERT INTO "monitoredBy" VALUES (2020, 2016);
INSERT INTO "TrackElement" ("id") VALUES (2021);
INSERT INTO "Segment" ("id", "length") VALUES (2021, 258);
UPDATE "TrackElement" SET "region" = 1768 WHERE "id" = 2021;
INSERT INTO "monitoredBy" VALUES (2021, 2016);
INSERT INTO "Sensor" ("id") VALUES (2022);
UPDATE "Sensor" SET "region" = 1768 WHERE "id" = 2022;
INSERT INTO "monitoredBy" VALUES (2003, 2022);
INSERT INTO "requires" VALUES (1767, 2022);
INSERT INTO "TrackElement" ("id") VALUES (2023);
INSERT INTO "Segment" ("id", "length") VALUES (2023, 999);
UPDATE "TrackElement" SET "region" = 1768 WHERE "id" = 2023;
INSERT INTO "monitoredBy" VALUES (2023, 2022);
INSERT INTO "TrackElement" ("id") VALUES (2024);
INSERT INTO "Segment" ("id", "length") VALUES (2024, 766);
UPDATE "TrackElement" SET "region" = 1768 WHERE "id" = 2024;
INSERT INTO "monitoredBy" VALUES (2024, 2022);
INSERT INTO "TrackElement" ("id") VALUES (2025);
INSERT INTO "Segment" ("id", "length") VALUES (2025, 873);
UPDATE "TrackElement" SET "region" = 1768 WHERE "id" = 2025;
INSERT INTO "monitoredBy" VALUES (2025, 2022);
INSERT INTO "TrackElement" ("id") VALUES (2026);
INSERT INTO "Segment" ("id", "length") VALUES (2026, 172);
UPDATE "TrackElement" SET "region" = 1768 WHERE "id" = 2026;
INSERT INTO "monitoredBy" VALUES (2026, 2022);
INSERT INTO "TrackElement" ("id") VALUES (2027);
INSERT INTO "Segment" ("id", "length") VALUES (2027, 68);
UPDATE "TrackElement" SET "region" = 1768 WHERE "id" = 2027;
INSERT INTO "monitoredBy" VALUES (2027, 2022);
INSERT INTO "Sensor" ("id") VALUES (2028);
UPDATE "Sensor" SET "region" = 1768 WHERE "id" = 2028;
INSERT INTO "monitoredBy" VALUES (2003, 2028);
INSERT INTO "requires" VALUES (1767, 2028);
INSERT INTO "TrackElement" ("id") VALUES (2029);
INSERT INTO "Segment" ("id", "length") VALUES (2029, 791);
UPDATE "TrackElement" SET "region" = 1768 WHERE "id" = 2029;
INSERT INTO "monitoredBy" VALUES (2029, 2028);
INSERT INTO "TrackElement" ("id") VALUES (2030);
INSERT INTO "Segment" ("id", "length") VALUES (2030, 608);
UPDATE "TrackElement" SET "region" = 1768 WHERE "id" = 2030;
INSERT INTO "monitoredBy" VALUES (2030, 2028);
INSERT INTO "TrackElement" ("id") VALUES (2031);
INSERT INTO "Segment" ("id", "length") VALUES (2031, 908);
UPDATE "TrackElement" SET "region" = 1768 WHERE "id" = 2031;
INSERT INTO "monitoredBy" VALUES (2031, 2028);
INSERT INTO "TrackElement" ("id") VALUES (2032);
INSERT INTO "Segment" ("id", "length") VALUES (2032, 527);
UPDATE "TrackElement" SET "region" = 1768 WHERE "id" = 2032;
INSERT INTO "monitoredBy" VALUES (2032, 2028);
INSERT INTO "TrackElement" ("id") VALUES (2033);
INSERT INTO "Segment" ("id", "length") VALUES (2033, 872);
UPDATE "TrackElement" SET "region" = 1768 WHERE "id" = 2033;
INSERT INTO "monitoredBy" VALUES (2033, 2028);
INSERT INTO "Sensor" ("id") VALUES (2034);
UPDATE "Sensor" SET "region" = 1768 WHERE "id" = 2034;
INSERT INTO "monitoredBy" VALUES (2003, 2034);
INSERT INTO "requires" VALUES (1767, 2034);
INSERT INTO "TrackElement" ("id") VALUES (2035);
INSERT INTO "Segment" ("id", "length") VALUES (2035, 152);
UPDATE "TrackElement" SET "region" = 1768 WHERE "id" = 2035;
INSERT INTO "monitoredBy" VALUES (2035, 2034);
INSERT INTO "TrackElement" ("id") VALUES (2036);
INSERT INTO "Segment" ("id", "length") VALUES (2036, 98);
UPDATE "TrackElement" SET "region" = 1768 WHERE "id" = 2036;
INSERT INTO "monitoredBy" VALUES (2036, 2034);
INSERT INTO "TrackElement" ("id") VALUES (2037);
INSERT INTO "Segment" ("id", "length") VALUES (2037, 72);
UPDATE "TrackElement" SET "region" = 1768 WHERE "id" = 2037;
INSERT INTO "monitoredBy" VALUES (2037, 2034);
INSERT INTO "TrackElement" ("id") VALUES (2038);
INSERT INTO "Segment" ("id", "length") VALUES (2038, 166);
UPDATE "TrackElement" SET "region" = 1768 WHERE "id" = 2038;
INSERT INTO "monitoredBy" VALUES (2038, 2034);
INSERT INTO "TrackElement" ("id") VALUES (2039);
INSERT INTO "Segment" ("id", "length") VALUES (2039, 179);
UPDATE "TrackElement" SET "region" = 1768 WHERE "id" = 2039;
INSERT INTO "monitoredBy" VALUES (2039, 2034);
UPDATE "Switch" SET "currentPosition" = 1 WHERE "id" = 2003;
INSERT INTO "SwitchPosition" ("id", "position", "target") VALUES (2040, 1, 2003);
UPDATE "SwitchPosition" SET "route" = 1767 WHERE "id" = 2040;
INSERT INTO "TrackElement" ("id") VALUES (2041);
INSERT INTO "Switch" ("id") VALUES (2041);
UPDATE "TrackElement" SET "region" = 1768 WHERE "id" = 2041;
INSERT INTO "Sensor" ("id") VALUES (2042);
UPDATE "Sensor" SET "region" = 1768 WHERE "id" = 2042;
INSERT INTO "monitoredBy" VALUES (2041, 2042);
INSERT INTO "requires" VALUES (1767, 2042);
INSERT INTO "TrackElement" ("id") VALUES (2043);
INSERT INTO "Segment" ("id", "length") VALUES (2043, 815);
UPDATE "TrackElement" SET "region" = 1768 WHERE "id" = 2043;
INSERT INTO "monitoredBy" VALUES (2043, 2042);
INSERT INTO "TrackElement" ("id") VALUES (2044);
INSERT INTO "Segment" ("id", "length") VALUES (2044, 457);
UPDATE "TrackElement" SET "region" = 1768 WHERE "id" = 2044;
INSERT INTO "monitoredBy" VALUES (2044, 2042);
INSERT INTO "TrackElement" ("id") VALUES (2045);
INSERT INTO "Segment" ("id", "length") VALUES (2045, 295);
UPDATE "TrackElement" SET "region" = 1768 WHERE "id" = 2045;
INSERT INTO "monitoredBy" VALUES (2045, 2042);
INSERT INTO "TrackElement" ("id") VALUES (2046);
INSERT INTO "Segment" ("id", "length") VALUES (2046, 207);
UPDATE "TrackElement" SET "region" = 1768 WHERE "id" = 2046;
INSERT INTO "monitoredBy" VALUES (2046, 2042);
INSERT INTO "TrackElement" ("id") VALUES (2047);
INSERT INTO "Segment" ("id", "length") VALUES (2047, 653);
UPDATE "TrackElement" SET "region" = 1768 WHERE "id" = 2047;
INSERT INTO "monitoredBy" VALUES (2047, 2042);
INSERT INTO "Sensor" ("id") VALUES (2048);
UPDATE "Sensor" SET "region" = 1768 WHERE "id" = 2048;
INSERT INTO "monitoredBy" VALUES (2041, 2048);
INSERT INTO "requires" VALUES (1767, 2048);
INSERT INTO "TrackElement" ("id") VALUES (2049);
INSERT INTO "Segment" ("id", "length") VALUES (2049, 370);
UPDATE "TrackElement" SET "region" = 1768 WHERE "id" = 2049;
INSERT INTO "monitoredBy" VALUES (2049, 2048);
INSERT INTO "TrackElement" ("id") VALUES (2050);
INSERT INTO "Segment" ("id", "length") VALUES (2050, 681);
UPDATE "TrackElement" SET "region" = 1768 WHERE "id" = 2050;
INSERT INTO "monitoredBy" VALUES (2050, 2048);
INSERT INTO "TrackElement" ("id") VALUES (2051);
INSERT INTO "Segment" ("id", "length") VALUES (2051, 503);
UPDATE "TrackElement" SET "region" = 1768 WHERE "id" = 2051;
INSERT INTO "monitoredBy" VALUES (2051, 2048);
INSERT INTO "TrackElement" ("id") VALUES (2052);
INSERT INTO "Segment" ("id", "length") VALUES (2052, 507);
UPDATE "TrackElement" SET "region" = 1768 WHERE "id" = 2052;
INSERT INTO "monitoredBy" VALUES (2052, 2048);
INSERT INTO "TrackElement" ("id") VALUES (2053);
INSERT INTO "Segment" ("id", "length") VALUES (2053, 408);
UPDATE "TrackElement" SET "region" = 1768 WHERE "id" = 2053;
INSERT INTO "monitoredBy" VALUES (2053, 2048);
UPDATE "Switch" SET "currentPosition" = 0 WHERE "id" = 2041;
INSERT INTO "SwitchPosition" ("id", "position", "target") VALUES (2054, 0, 2041);
UPDATE "SwitchPosition" SET "route" = 1767 WHERE "id" = 2054;
INSERT INTO "TrackElement" ("id") VALUES (2055);
INSERT INTO "Switch" ("id") VALUES (2055);
UPDATE "TrackElement" SET "region" = 1768 WHERE "id" = 2055;
INSERT INTO "Sensor" ("id") VALUES (2056);
UPDATE "Sensor" SET "region" = 1768 WHERE "id" = 2056;
INSERT INTO "monitoredBy" VALUES (2055, 2056);
INSERT INTO "requires" VALUES (1767, 2056);
INSERT INTO "TrackElement" ("id") VALUES (2057);
INSERT INTO "Segment" ("id", "length") VALUES (2057, 459);
UPDATE "TrackElement" SET "region" = 1768 WHERE "id" = 2057;
INSERT INTO "monitoredBy" VALUES (2057, 2056);
INSERT INTO "TrackElement" ("id") VALUES (2058);
INSERT INTO "Segment" ("id", "length") VALUES (2058, 165);
UPDATE "TrackElement" SET "region" = 1768 WHERE "id" = 2058;
INSERT INTO "monitoredBy" VALUES (2058, 2056);
INSERT INTO "TrackElement" ("id") VALUES (2059);
INSERT INTO "Segment" ("id", "length") VALUES (2059, 314);
UPDATE "TrackElement" SET "region" = 1768 WHERE "id" = 2059;
INSERT INTO "monitoredBy" VALUES (2059, 2056);
INSERT INTO "TrackElement" ("id") VALUES (2060);
INSERT INTO "Segment" ("id", "length") VALUES (2060, 308);
UPDATE "TrackElement" SET "region" = 1768 WHERE "id" = 2060;
INSERT INTO "monitoredBy" VALUES (2060, 2056);
INSERT INTO "TrackElement" ("id") VALUES (2061);
INSERT INTO "Segment" ("id", "length") VALUES (2061, 40);
UPDATE "TrackElement" SET "region" = 1768 WHERE "id" = 2061;
INSERT INTO "monitoredBy" VALUES (2061, 2056);
INSERT INTO "Sensor" ("id") VALUES (2062);
UPDATE "Sensor" SET "region" = 1768 WHERE "id" = 2062;
INSERT INTO "monitoredBy" VALUES (2055, 2062);
INSERT INTO "requires" VALUES (1767, 2062);
INSERT INTO "TrackElement" ("id") VALUES (2063);
INSERT INTO "Segment" ("id", "length") VALUES (2063, 335);
UPDATE "TrackElement" SET "region" = 1768 WHERE "id" = 2063;
INSERT INTO "monitoredBy" VALUES (2063, 2062);
INSERT INTO "TrackElement" ("id") VALUES (2064);
INSERT INTO "Segment" ("id", "length") VALUES (2064, 646);
UPDATE "TrackElement" SET "region" = 1768 WHERE "id" = 2064;
INSERT INTO "monitoredBy" VALUES (2064, 2062);
INSERT INTO "TrackElement" ("id") VALUES (2065);
INSERT INTO "Segment" ("id", "length") VALUES (2065, 844);
UPDATE "TrackElement" SET "region" = 1768 WHERE "id" = 2065;
INSERT INTO "monitoredBy" VALUES (2065, 2062);
INSERT INTO "TrackElement" ("id") VALUES (2066);
INSERT INTO "Segment" ("id", "length") VALUES (2066, 848);
UPDATE "TrackElement" SET "region" = 1768 WHERE "id" = 2066;
INSERT INTO "monitoredBy" VALUES (2066, 2062);
INSERT INTO "TrackElement" ("id") VALUES (2067);
INSERT INTO "Segment" ("id", "length") VALUES (2067, 542);
UPDATE "TrackElement" SET "region" = 1768 WHERE "id" = 2067;
INSERT INTO "monitoredBy" VALUES (2067, 2062);
UPDATE "Switch" SET "currentPosition" = 0 WHERE "id" = 2055;
INSERT INTO "SwitchPosition" ("id", "position", "target") VALUES (2068, 0, 2055);
UPDATE "SwitchPosition" SET "route" = 1767 WHERE "id" = 2068;
INSERT INTO "TrackElement" ("id") VALUES (2069);
INSERT INTO "Switch" ("id") VALUES (2069);
UPDATE "TrackElement" SET "region" = 1768 WHERE "id" = 2069;
INSERT INTO "Sensor" ("id") VALUES (2070);
UPDATE "Sensor" SET "region" = 1768 WHERE "id" = 2070;
INSERT INTO "monitoredBy" VALUES (2069, 2070);
INSERT INTO "requires" VALUES (1767, 2070);
INSERT INTO "TrackElement" ("id") VALUES (2071);
INSERT INTO "Segment" ("id", "length") VALUES (2071, 57);
UPDATE "TrackElement" SET "region" = 1768 WHERE "id" = 2071;
INSERT INTO "monitoredBy" VALUES (2071, 2070);
INSERT INTO "TrackElement" ("id") VALUES (2072);
INSERT INTO "Segment" ("id", "length") VALUES (2072, 784);
UPDATE "TrackElement" SET "region" = 1768 WHERE "id" = 2072;
INSERT INTO "monitoredBy" VALUES (2072, 2070);
INSERT INTO "TrackElement" ("id") VALUES (2073);
INSERT INTO "Segment" ("id", "length") VALUES (2073, 279);
UPDATE "TrackElement" SET "region" = 1768 WHERE "id" = 2073;
INSERT INTO "monitoredBy" VALUES (2073, 2070);
INSERT INTO "TrackElement" ("id") VALUES (2074);
INSERT INTO "Segment" ("id", "length") VALUES (2074, 960);
UPDATE "TrackElement" SET "region" = 1768 WHERE "id" = 2074;
INSERT INTO "monitoredBy" VALUES (2074, 2070);
INSERT INTO "TrackElement" ("id") VALUES (2075);
INSERT INTO "Segment" ("id", "length") VALUES (2075, 888);
UPDATE "TrackElement" SET "region" = 1768 WHERE "id" = 2075;
INSERT INTO "monitoredBy" VALUES (2075, 2070);
INSERT INTO "Sensor" ("id") VALUES (2076);
UPDATE "Sensor" SET "region" = 1768 WHERE "id" = 2076;
INSERT INTO "monitoredBy" VALUES (2069, 2076);
INSERT INTO "requires" VALUES (1767, 2076);
INSERT INTO "TrackElement" ("id") VALUES (2077);
INSERT INTO "Segment" ("id", "length") VALUES (2077, 75);
UPDATE "TrackElement" SET "region" = 1768 WHERE "id" = 2077;
INSERT INTO "monitoredBy" VALUES (2077, 2076);
INSERT INTO "TrackElement" ("id") VALUES (2078);
INSERT INTO "Segment" ("id", "length") VALUES (2078, 679);
UPDATE "TrackElement" SET "region" = 1768 WHERE "id" = 2078;
INSERT INTO "monitoredBy" VALUES (2078, 2076);
INSERT INTO "TrackElement" ("id") VALUES (2079);
INSERT INTO "Segment" ("id", "length") VALUES (2079, 426);
UPDATE "TrackElement" SET "region" = 1768 WHERE "id" = 2079;
INSERT INTO "monitoredBy" VALUES (2079, 2076);
INSERT INTO "TrackElement" ("id") VALUES (2080);
INSERT INTO "Segment" ("id", "length") VALUES (2080, 694);
UPDATE "TrackElement" SET "region" = 1768 WHERE "id" = 2080;
INSERT INTO "monitoredBy" VALUES (2080, 2076);
INSERT INTO "TrackElement" ("id") VALUES (2081);
INSERT INTO "Segment" ("id", "length") VALUES (2081, 113);
UPDATE "TrackElement" SET "region" = 1768 WHERE "id" = 2081;
INSERT INTO "monitoredBy" VALUES (2081, 2076);
UPDATE "Switch" SET "currentPosition" = 1 WHERE "id" = 2069;
INSERT INTO "SwitchPosition" ("id", "position", "target") VALUES (2082, 1, 2069);
UPDATE "SwitchPosition" SET "route" = 1767 WHERE "id" = 2082;
INSERT INTO "TrackElement" ("id") VALUES (2083);
INSERT INTO "Switch" ("id") VALUES (2083);
UPDATE "TrackElement" SET "region" = 1768 WHERE "id" = 2083;
INSERT INTO "Sensor" ("id") VALUES (2084);
UPDATE "Sensor" SET "region" = 1768 WHERE "id" = 2084;
INSERT INTO "monitoredBy" VALUES (2083, 2084);
INSERT INTO "requires" VALUES (1767, 2084);
INSERT INTO "TrackElement" ("id") VALUES (2085);
INSERT INTO "Segment" ("id", "length") VALUES (2085, 799);
UPDATE "TrackElement" SET "region" = 1768 WHERE "id" = 2085;
INSERT INTO "monitoredBy" VALUES (2085, 2084);
INSERT INTO "TrackElement" ("id") VALUES (2086);
INSERT INTO "Segment" ("id", "length") VALUES (2086, 33);
UPDATE "TrackElement" SET "region" = 1768 WHERE "id" = 2086;
INSERT INTO "monitoredBy" VALUES (2086, 2084);
INSERT INTO "TrackElement" ("id") VALUES (2087);
INSERT INTO "Segment" ("id", "length") VALUES (2087, 668);
UPDATE "TrackElement" SET "region" = 1768 WHERE "id" = 2087;
INSERT INTO "monitoredBy" VALUES (2087, 2084);
INSERT INTO "TrackElement" ("id") VALUES (2088);
INSERT INTO "Segment" ("id", "length") VALUES (2088, 979);
UPDATE "TrackElement" SET "region" = 1768 WHERE "id" = 2088;
INSERT INTO "monitoredBy" VALUES (2088, 2084);
INSERT INTO "TrackElement" ("id") VALUES (2089);
INSERT INTO "Segment" ("id", "length") VALUES (2089, 962);
UPDATE "TrackElement" SET "region" = 1768 WHERE "id" = 2089;
INSERT INTO "monitoredBy" VALUES (2089, 2084);
INSERT INTO "Sensor" ("id") VALUES (2090);
UPDATE "Sensor" SET "region" = 1768 WHERE "id" = 2090;
INSERT INTO "monitoredBy" VALUES (2083, 2090);
INSERT INTO "requires" VALUES (1767, 2090);
INSERT INTO "TrackElement" ("id") VALUES (2091);
INSERT INTO "Segment" ("id", "length") VALUES (2091, 911);
UPDATE "TrackElement" SET "region" = 1768 WHERE "id" = 2091;
INSERT INTO "monitoredBy" VALUES (2091, 2090);
INSERT INTO "TrackElement" ("id") VALUES (2092);
INSERT INTO "Segment" ("id", "length") VALUES (2092, 527);
UPDATE "TrackElement" SET "region" = 1768 WHERE "id" = 2092;
INSERT INTO "monitoredBy" VALUES (2092, 2090);
INSERT INTO "TrackElement" ("id") VALUES (2093);
INSERT INTO "Segment" ("id", "length") VALUES (2093, 934);
UPDATE "TrackElement" SET "region" = 1768 WHERE "id" = 2093;
INSERT INTO "monitoredBy" VALUES (2093, 2090);
INSERT INTO "TrackElement" ("id") VALUES (2094);
INSERT INTO "Segment" ("id", "length") VALUES (2094, 158);
UPDATE "TrackElement" SET "region" = 1768 WHERE "id" = 2094;
INSERT INTO "monitoredBy" VALUES (2094, 2090);
INSERT INTO "TrackElement" ("id") VALUES (2095);
INSERT INTO "Segment" ("id", "length") VALUES (2095, 643);
UPDATE "TrackElement" SET "region" = 1768 WHERE "id" = 2095;
INSERT INTO "monitoredBy" VALUES (2095, 2090);
INSERT INTO "Sensor" ("id") VALUES (2096);
UPDATE "Sensor" SET "region" = 1768 WHERE "id" = 2096;
INSERT INTO "monitoredBy" VALUES (2083, 2096);
INSERT INTO "requires" VALUES (1767, 2096);
INSERT INTO "TrackElement" ("id") VALUES (2097);
INSERT INTO "Segment" ("id", "length") VALUES (2097, 384);
UPDATE "TrackElement" SET "region" = 1768 WHERE "id" = 2097;
INSERT INTO "monitoredBy" VALUES (2097, 2096);
INSERT INTO "TrackElement" ("id") VALUES (2098);
INSERT INTO "Segment" ("id", "length") VALUES (2098, 991);
UPDATE "TrackElement" SET "region" = 1768 WHERE "id" = 2098;
INSERT INTO "monitoredBy" VALUES (2098, 2096);
INSERT INTO "TrackElement" ("id") VALUES (2099);
INSERT INTO "Segment" ("id", "length") VALUES (2099, 128);
UPDATE "TrackElement" SET "region" = 1768 WHERE "id" = 2099;
INSERT INTO "monitoredBy" VALUES (2099, 2096);
INSERT INTO "TrackElement" ("id") VALUES (2100);
INSERT INTO "Segment" ("id", "length") VALUES (2100, 235);
UPDATE "TrackElement" SET "region" = 1768 WHERE "id" = 2100;
INSERT INTO "monitoredBy" VALUES (2100, 2096);
INSERT INTO "TrackElement" ("id") VALUES (2101);
INSERT INTO "Segment" ("id", "length") VALUES (2101, 896);
UPDATE "TrackElement" SET "region" = 1768 WHERE "id" = 2101;
INSERT INTO "monitoredBy" VALUES (2101, 2096);
INSERT INTO "Sensor" ("id") VALUES (2102);
UPDATE "Sensor" SET "region" = 1768 WHERE "id" = 2102;
INSERT INTO "monitoredBy" VALUES (2083, 2102);
INSERT INTO "requires" VALUES (1767, 2102);
INSERT INTO "TrackElement" ("id") VALUES (2103);
INSERT INTO "Segment" ("id", "length") VALUES (2103, 837);
UPDATE "TrackElement" SET "region" = 1768 WHERE "id" = 2103;
INSERT INTO "monitoredBy" VALUES (2103, 2102);
INSERT INTO "TrackElement" ("id") VALUES (2104);
INSERT INTO "Segment" ("id", "length") VALUES (2104, 806);
UPDATE "TrackElement" SET "region" = 1768 WHERE "id" = 2104;
INSERT INTO "monitoredBy" VALUES (2104, 2102);
INSERT INTO "TrackElement" ("id") VALUES (2105);
INSERT INTO "Segment" ("id", "length") VALUES (2105, 749);
UPDATE "TrackElement" SET "region" = 1768 WHERE "id" = 2105;
INSERT INTO "monitoredBy" VALUES (2105, 2102);
INSERT INTO "TrackElement" ("id") VALUES (2106);
INSERT INTO "Segment" ("id", "length") VALUES (2106, 47);
UPDATE "TrackElement" SET "region" = 1768 WHERE "id" = 2106;
INSERT INTO "monitoredBy" VALUES (2106, 2102);
INSERT INTO "TrackElement" ("id") VALUES (2107);
INSERT INTO "Segment" ("id", "length") VALUES (2107, 590);
UPDATE "TrackElement" SET "region" = 1768 WHERE "id" = 2107;
INSERT INTO "monitoredBy" VALUES (2107, 2102);
INSERT INTO "Sensor" ("id") VALUES (2108);
UPDATE "Sensor" SET "region" = 1768 WHERE "id" = 2108;
INSERT INTO "monitoredBy" VALUES (2083, 2108);
INSERT INTO "requires" VALUES (1767, 2108);
INSERT INTO "TrackElement" ("id") VALUES (2109);
INSERT INTO "Segment" ("id", "length") VALUES (2109, 165);
UPDATE "TrackElement" SET "region" = 1768 WHERE "id" = 2109;
INSERT INTO "monitoredBy" VALUES (2109, 2108);
INSERT INTO "TrackElement" ("id") VALUES (2110);
INSERT INTO "Segment" ("id", "length") VALUES (2110, 85);
UPDATE "TrackElement" SET "region" = 1768 WHERE "id" = 2110;
INSERT INTO "monitoredBy" VALUES (2110, 2108);
INSERT INTO "TrackElement" ("id") VALUES (2111);
INSERT INTO "Segment" ("id", "length") VALUES (2111, 986);
UPDATE "TrackElement" SET "region" = 1768 WHERE "id" = 2111;
INSERT INTO "monitoredBy" VALUES (2111, 2108);
INSERT INTO "TrackElement" ("id") VALUES (2112);
INSERT INTO "Segment" ("id", "length") VALUES (2112, 399);
UPDATE "TrackElement" SET "region" = 1768 WHERE "id" = 2112;
INSERT INTO "monitoredBy" VALUES (2112, 2108);
INSERT INTO "TrackElement" ("id") VALUES (2113);
INSERT INTO "Segment" ("id", "length") VALUES (2113, 695);
UPDATE "TrackElement" SET "region" = 1768 WHERE "id" = 2113;
INSERT INTO "monitoredBy" VALUES (2113, 2108);
INSERT INTO "Sensor" ("id") VALUES (2114);
UPDATE "Sensor" SET "region" = 1768 WHERE "id" = 2114;
INSERT INTO "monitoredBy" VALUES (2083, 2114);
INSERT INTO "requires" VALUES (1767, 2114);
INSERT INTO "TrackElement" ("id") VALUES (2115);
INSERT INTO "Segment" ("id", "length") VALUES (2115, 327);
UPDATE "TrackElement" SET "region" = 1768 WHERE "id" = 2115;
INSERT INTO "monitoredBy" VALUES (2115, 2114);
INSERT INTO "TrackElement" ("id") VALUES (2116);
INSERT INTO "Segment" ("id", "length") VALUES (2116, 148);
UPDATE "TrackElement" SET "region" = 1768 WHERE "id" = 2116;
INSERT INTO "monitoredBy" VALUES (2116, 2114);
INSERT INTO "TrackElement" ("id") VALUES (2117);
INSERT INTO "Segment" ("id", "length") VALUES (2117, 45);
UPDATE "TrackElement" SET "region" = 1768 WHERE "id" = 2117;
INSERT INTO "monitoredBy" VALUES (2117, 2114);
INSERT INTO "TrackElement" ("id") VALUES (2118);
INSERT INTO "Segment" ("id", "length") VALUES (2118, 36);
UPDATE "TrackElement" SET "region" = 1768 WHERE "id" = 2118;
INSERT INTO "monitoredBy" VALUES (2118, 2114);
INSERT INTO "TrackElement" ("id") VALUES (2119);
INSERT INTO "Segment" ("id", "length") VALUES (2119, 609);
UPDATE "TrackElement" SET "region" = 1768 WHERE "id" = 2119;
INSERT INTO "monitoredBy" VALUES (2119, 2114);
INSERT INTO "Sensor" ("id") VALUES (2120);
UPDATE "Sensor" SET "region" = 1768 WHERE "id" = 2120;
INSERT INTO "monitoredBy" VALUES (2083, 2120);
INSERT INTO "requires" VALUES (1767, 2120);
INSERT INTO "TrackElement" ("id") VALUES (2121);
INSERT INTO "Segment" ("id", "length") VALUES (2121, 780);
UPDATE "TrackElement" SET "region" = 1768 WHERE "id" = 2121;
INSERT INTO "monitoredBy" VALUES (2121, 2120);
INSERT INTO "TrackElement" ("id") VALUES (2122);
INSERT INTO "Segment" ("id", "length") VALUES (2122, 696);
UPDATE "TrackElement" SET "region" = 1768 WHERE "id" = 2122;
INSERT INTO "monitoredBy" VALUES (2122, 2120);
INSERT INTO "TrackElement" ("id") VALUES (2123);
INSERT INTO "Segment" ("id", "length") VALUES (2123, 196);
UPDATE "TrackElement" SET "region" = 1768 WHERE "id" = 2123;
INSERT INTO "monitoredBy" VALUES (2123, 2120);
INSERT INTO "TrackElement" ("id") VALUES (2124);
INSERT INTO "Segment" ("id", "length") VALUES (2124, 816);
UPDATE "TrackElement" SET "region" = 1768 WHERE "id" = 2124;
INSERT INTO "monitoredBy" VALUES (2124, 2120);
INSERT INTO "TrackElement" ("id") VALUES (2125);
INSERT INTO "Segment" ("id", "length") VALUES (2125, 17);
UPDATE "TrackElement" SET "region" = 1768 WHERE "id" = 2125;
INSERT INTO "monitoredBy" VALUES (2125, 2120);
INSERT INTO "Sensor" ("id") VALUES (2126);
UPDATE "Sensor" SET "region" = 1768 WHERE "id" = 2126;
INSERT INTO "monitoredBy" VALUES (2083, 2126);
INSERT INTO "requires" VALUES (1767, 2126);
INSERT INTO "TrackElement" ("id") VALUES (2127);
INSERT INTO "Segment" ("id", "length") VALUES (2127, 994);
UPDATE "TrackElement" SET "region" = 1768 WHERE "id" = 2127;
INSERT INTO "monitoredBy" VALUES (2127, 2126);
INSERT INTO "TrackElement" ("id") VALUES (2128);
INSERT INTO "Segment" ("id", "length") VALUES (2128, 927);
UPDATE "TrackElement" SET "region" = 1768 WHERE "id" = 2128;
INSERT INTO "monitoredBy" VALUES (2128, 2126);
INSERT INTO "TrackElement" ("id") VALUES (2129);
INSERT INTO "Segment" ("id", "length") VALUES (2129, 91);
UPDATE "TrackElement" SET "region" = 1768 WHERE "id" = 2129;
INSERT INTO "monitoredBy" VALUES (2129, 2126);
INSERT INTO "TrackElement" ("id") VALUES (2130);
INSERT INTO "Segment" ("id", "length") VALUES (2130, 682);
UPDATE "TrackElement" SET "region" = 1768 WHERE "id" = 2130;
INSERT INTO "monitoredBy" VALUES (2130, 2126);
INSERT INTO "TrackElement" ("id") VALUES (2131);
INSERT INTO "Segment" ("id", "length") VALUES (2131, 573);
UPDATE "TrackElement" SET "region" = 1768 WHERE "id" = 2131;
INSERT INTO "monitoredBy" VALUES (2131, 2126);
UPDATE "Switch" SET "currentPosition" = 0 WHERE "id" = 2083;
INSERT INTO "SwitchPosition" ("id", "position", "target") VALUES (2132, 0, 2083);
UPDATE "SwitchPosition" SET "route" = 1767 WHERE "id" = 2132;
INSERT INTO "connectsTo" VALUES (1769, 1771);
INSERT INTO "connectsTo" VALUES (1771, 1772);
INSERT INTO "connectsTo" VALUES (1772, 1773);
INSERT INTO "connectsTo" VALUES (1773, 1774);
INSERT INTO "connectsTo" VALUES (1774, 1775);
INSERT INTO "connectsTo" VALUES (1775, 1777);
INSERT INTO "connectsTo" VALUES (1777, 1778);
INSERT INTO "connectsTo" VALUES (1778, 1779);
INSERT INTO "connectsTo" VALUES (1779, 1780);
INSERT INTO "connectsTo" VALUES (1780, 1781);
INSERT INTO "connectsTo" VALUES (1781, 1783);
INSERT INTO "connectsTo" VALUES (1783, 1784);
INSERT INTO "connectsTo" VALUES (1784, 1785);
INSERT INTO "connectsTo" VALUES (1785, 1786);
INSERT INTO "connectsTo" VALUES (1786, 1787);
INSERT INTO "connectsTo" VALUES (1787, 1789);
INSERT INTO "connectsTo" VALUES (1789, 1790);
INSERT INTO "connectsTo" VALUES (1790, 1791);
INSERT INTO "connectsTo" VALUES (1791, 1792);
INSERT INTO "connectsTo" VALUES (1792, 1793);
INSERT INTO "connectsTo" VALUES (1793, 1795);
INSERT INTO "connectsTo" VALUES (1795, 1796);
INSERT INTO "connectsTo" VALUES (1796, 1797);
INSERT INTO "connectsTo" VALUES (1797, 1798);
INSERT INTO "connectsTo" VALUES (1798, 1799);
INSERT INTO "connectsTo" VALUES (1799, 1801);
INSERT INTO "connectsTo" VALUES (1801, 1802);
INSERT INTO "connectsTo" VALUES (1802, 1803);
INSERT INTO "connectsTo" VALUES (1803, 1804);
INSERT INTO "connectsTo" VALUES (1804, 1805);
INSERT INTO "connectsTo" VALUES (1805, 1807);
INSERT INTO "connectsTo" VALUES (1807, 1808);
INSERT INTO "connectsTo" VALUES (1808, 1809);
INSERT INTO "connectsTo" VALUES (1809, 1810);
INSERT INTO "connectsTo" VALUES (1810, 1811);
INSERT INTO "connectsTo" VALUES (1811, 1813);
INSERT INTO "connectsTo" VALUES (1813, 1814);
INSERT INTO "connectsTo" VALUES (1814, 1815);
INSERT INTO "connectsTo" VALUES (1815, 1816);
INSERT INTO "connectsTo" VALUES (1816, 1817);
INSERT INTO "connectsTo" VALUES (1817, 1819);
INSERT INTO "connectsTo" VALUES (1819, 1820);
INSERT INTO "connectsTo" VALUES (1820, 1821);
INSERT INTO "connectsTo" VALUES (1821, 1822);
INSERT INTO "connectsTo" VALUES (1822, 1823);
INSERT INTO "connectsTo" VALUES (1823, 1825);
INSERT INTO "connectsTo" VALUES (1825, 1827);
INSERT INTO "connectsTo" VALUES (1827, 1828);
INSERT INTO "connectsTo" VALUES (1828, 1829);
INSERT INTO "connectsTo" VALUES (1829, 1830);
INSERT INTO "connectsTo" VALUES (1830, 1831);
INSERT INTO "connectsTo" VALUES (1831, 1833);
INSERT INTO "connectsTo" VALUES (1833, 1834);
INSERT INTO "connectsTo" VALUES (1834, 1835);
INSERT INTO "connectsTo" VALUES (1835, 1836);
INSERT INTO "connectsTo" VALUES (1836, 1837);
INSERT INTO "connectsTo" VALUES (1837, 1839);
INSERT INTO "connectsTo" VALUES (1839, 1841);
INSERT INTO "connectsTo" VALUES (1841, 1842);
INSERT INTO "connectsTo" VALUES (1842, 1843);
INSERT INTO "connectsTo" VALUES (1843, 1844);
INSERT INTO "connectsTo" VALUES (1844, 1845);
INSERT INTO "connectsTo" VALUES (1845, 1847);
INSERT INTO "connectsTo" VALUES (1847, 1848);
INSERT INTO "connectsTo" VALUES (1848, 1849);
INSERT INTO "connectsTo" VALUES (1849, 1850);
INSERT INTO "connectsTo" VALUES (1850, 1851);
INSERT INTO "connectsTo" VALUES (1851, 1853);
INSERT INTO "connectsTo" VALUES (1853, 1854);
INSERT INTO "connectsTo" VALUES (1854, 1855);
INSERT INTO "connectsTo" VALUES (1855, 1856);
INSERT INTO "connectsTo" VALUES (1856, 1857);
INSERT INTO "connectsTo" VALUES (1857, 1859);
INSERT INTO "connectsTo" VALUES (1859, 1860);
INSERT INTO "connectsTo" VALUES (1860, 1861);
INSERT INTO "connectsTo" VALUES (1861, 1862);
INSERT INTO "connectsTo" VALUES (1862, 1863);
INSERT INTO "connectsTo" VALUES (1863, 1865);
INSERT INTO "connectsTo" VALUES (1865, 1866);
INSERT INTO "connectsTo" VALUES (1866, 1867);
INSERT INTO "connectsTo" VALUES (1867, 1868);
INSERT INTO "connectsTo" VALUES (1868, 1869);
INSERT INTO "connectsTo" VALUES (1869, 1871);
INSERT INTO "connectsTo" VALUES (1871, 1872);
INSERT INTO "connectsTo" VALUES (1872, 1873);
INSERT INTO "connectsTo" VALUES (1873, 1874);
INSERT INTO "connectsTo" VALUES (1874, 1875);
INSERT INTO "connectsTo" VALUES (1875, 1877);
INSERT INTO "connectsTo" VALUES (1877, 1878);
INSERT INTO "connectsTo" VALUES (1878, 1879);
INSERT INTO "connectsTo" VALUES (1879, 1880);
INSERT INTO "connectsTo" VALUES (1880, 1881);
INSERT INTO "connectsTo" VALUES (1881, 1883);
INSERT INTO "connectsTo" VALUES (1883, 1884);
INSERT INTO "connectsTo" VALUES (1884, 1885);
INSERT INTO "connectsTo" VALUES (1885, 1886);
INSERT INTO "connectsTo" VALUES (1886, 1887);
INSERT INTO "connectsTo" VALUES (1887, 1889);
INSERT INTO "connectsTo" VALUES (1889, 1890);
INSERT INTO "connectsTo" VALUES (1890, 1891);
INSERT INTO "connectsTo" VALUES (1891, 1892);
INSERT INTO "connectsTo" VALUES (1892, 1893);
INSERT INTO "connectsTo" VALUES (1893, 1895);
INSERT INTO "connectsTo" VALUES (1895, 1897);
INSERT INTO "connectsTo" VALUES (1897, 1898);
INSERT INTO "connectsTo" VALUES (1898, 1899);
INSERT INTO "connectsTo" VALUES (1899, 1900);
INSERT INTO "connectsTo" VALUES (1900, 1901);
INSERT INTO "connectsTo" VALUES (1901, 1903);
INSERT INTO "connectsTo" VALUES (1903, 1904);
INSERT INTO "connectsTo" VALUES (1904, 1905);
INSERT INTO "connectsTo" VALUES (1905, 1906);
INSERT INTO "connectsTo" VALUES (1906, 1907);
INSERT INTO "connectsTo" VALUES (1907, 1909);
INSERT INTO "connectsTo" VALUES (1909, 1910);
INSERT INTO "connectsTo" VALUES (1910, 1911);
INSERT INTO "connectsTo" VALUES (1911, 1912);
INSERT INTO "connectsTo" VALUES (1912, 1913);
INSERT INTO "connectsTo" VALUES (1913, 1915);
INSERT INTO "connectsTo" VALUES (1915, 1916);
INSERT INTO "connectsTo" VALUES (1916, 1917);
INSERT INTO "connectsTo" VALUES (1917, 1918);
INSERT INTO "connectsTo" VALUES (1918, 1919);
INSERT INTO "connectsTo" VALUES (1919, 1921);
INSERT INTO "connectsTo" VALUES (1921, 1923);
INSERT INTO "connectsTo" VALUES (1923, 1924);
INSERT INTO "connectsTo" VALUES (1924, 1925);
INSERT INTO "connectsTo" VALUES (1925, 1926);
INSERT INTO "connectsTo" VALUES (1926, 1927);
INSERT INTO "connectsTo" VALUES (1927, 1929);
INSERT INTO "connectsTo" VALUES (1929, 1931);
INSERT INTO "connectsTo" VALUES (1931, 1932);
INSERT INTO "connectsTo" VALUES (1932, 1933);
INSERT INTO "connectsTo" VALUES (1933, 1934);
INSERT INTO "connectsTo" VALUES (1934, 1935);
INSERT INTO "connectsTo" VALUES (1935, 1937);
INSERT INTO "connectsTo" VALUES (1937, 1938);
INSERT INTO "connectsTo" VALUES (1938, 1939);
INSERT INTO "connectsTo" VALUES (1939, 1940);
INSERT INTO "connectsTo" VALUES (1940, 1941);
INSERT INTO "connectsTo" VALUES (1941, 1943);
INSERT INTO "connectsTo" VALUES (1943, 1944);
INSERT INTO "connectsTo" VALUES (1944, 1945);
INSERT INTO "connectsTo" VALUES (1945, 1946);
INSERT INTO "connectsTo" VALUES (1946, 1947);
INSERT INTO "connectsTo" VALUES (1947, 1949);
INSERT INTO "connectsTo" VALUES (1949, 1951);
INSERT INTO "connectsTo" VALUES (1951, 1952);
INSERT INTO "connectsTo" VALUES (1952, 1953);
INSERT INTO "connectsTo" VALUES (1953, 1954);
INSERT INTO "connectsTo" VALUES (1954, 1955);
INSERT INTO "connectsTo" VALUES (1955, 1957);
INSERT INTO "connectsTo" VALUES (1957, 1958);
INSERT INTO "connectsTo" VALUES (1958, 1959);
INSERT INTO "connectsTo" VALUES (1959, 1960);
INSERT INTO "connectsTo" VALUES (1960, 1961);
INSERT INTO "connectsTo" VALUES (1961, 1963);
INSERT INTO "connectsTo" VALUES (1963, 1964);
INSERT INTO "connectsTo" VALUES (1964, 1965);
INSERT INTO "connectsTo" VALUES (1965, 1966);
INSERT INTO "connectsTo" VALUES (1966, 1967);
INSERT INTO "connectsTo" VALUES (1967, 1969);
INSERT INTO "connectsTo" VALUES (1969, 1971);
INSERT INTO "connectsTo" VALUES (1971, 1972);
INSERT INTO "connectsTo" VALUES (1972, 1973);
INSERT INTO "connectsTo" VALUES (1973, 1974);
INSERT INTO "connectsTo" VALUES (1974, 1975);
INSERT INTO "connectsTo" VALUES (1975, 1977);
INSERT INTO "connectsTo" VALUES (1977, 1978);
INSERT INTO "connectsTo" VALUES (1978, 1979);
INSERT INTO "connectsTo" VALUES (1979, 1980);
INSERT INTO "connectsTo" VALUES (1980, 1981);
INSERT INTO "connectsTo" VALUES (1981, 1983);
INSERT INTO "connectsTo" VALUES (1983, 1985);
INSERT INTO "connectsTo" VALUES (1985, 1986);
INSERT INTO "connectsTo" VALUES (1986, 1987);
INSERT INTO "connectsTo" VALUES (1987, 1988);
INSERT INTO "connectsTo" VALUES (1988, 1989);
INSERT INTO "connectsTo" VALUES (1989, 1991);
INSERT INTO "connectsTo" VALUES (1991, 1992);
INSERT INTO "connectsTo" VALUES (1992, 1993);
INSERT INTO "connectsTo" VALUES (1993, 1994);
INSERT INTO "connectsTo" VALUES (1994, 1995);
INSERT INTO "connectsTo" VALUES (1995, 1997);
INSERT INTO "connectsTo" VALUES (1997, 1998);
INSERT INTO "connectsTo" VALUES (1998, 1999);
INSERT INTO "connectsTo" VALUES (1999, 2000);
INSERT INTO "connectsTo" VALUES (2000, 2001);
INSERT INTO "connectsTo" VALUES (2001, 2003);
INSERT INTO "connectsTo" VALUES (2003, 2005);
INSERT INTO "connectsTo" VALUES (2005, 2006);
INSERT INTO "connectsTo" VALUES (2006, 2007);
INSERT INTO "connectsTo" VALUES (2007, 2008);
INSERT INTO "connectsTo" VALUES (2008, 2009);
INSERT INTO "connectsTo" VALUES (2009, 2011);
INSERT INTO "connectsTo" VALUES (2011, 2012);
INSERT INTO "connectsTo" VALUES (2012, 2013);
INSERT INTO "connectsTo" VALUES (2013, 2014);
INSERT INTO "connectsTo" VALUES (2014, 2015);
INSERT INTO "connectsTo" VALUES (2015, 2017);
INSERT INTO "connectsTo" VALUES (2017, 2018);
INSERT INTO "connectsTo" VALUES (2018, 2019);
INSERT INTO "connectsTo" VALUES (2019, 2020);
INSERT INTO "connectsTo" VALUES (2020, 2021);
INSERT INTO "connectsTo" VALUES (2021, 2023);
INSERT INTO "connectsTo" VALUES (2023, 2024);
INSERT INTO "connectsTo" VALUES (2024, 2025);
INSERT INTO "connectsTo" VALUES (2025, 2026);
INSERT INTO "connectsTo" VALUES (2026, 2027);
INSERT INTO "connectsTo" VALUES (2027, 2029);
INSERT INTO "connectsTo" VALUES (2029, 2030);
INSERT INTO "connectsTo" VALUES (2030, 2031);
INSERT INTO "connectsTo" VALUES (2031, 2032);
INSERT INTO "connectsTo" VALUES (2032, 2033);
INSERT INTO "connectsTo" VALUES (2033, 2035);
INSERT INTO "connectsTo" VALUES (2035, 2036);
INSERT INTO "connectsTo" VALUES (2036, 2037);
INSERT INTO "connectsTo" VALUES (2037, 2038);
INSERT INTO "connectsTo" VALUES (2038, 2039);
INSERT INTO "connectsTo" VALUES (2039, 2041);
INSERT INTO "connectsTo" VALUES (2041, 2043);
INSERT INTO "connectsTo" VALUES (2043, 2044);
INSERT INTO "connectsTo" VALUES (2044, 2045);
INSERT INTO "connectsTo" VALUES (2045, 2046);
INSERT INTO "connectsTo" VALUES (2046, 2047);
INSERT INTO "connectsTo" VALUES (2047, 2049);
INSERT INTO "connectsTo" VALUES (2049, 2050);
INSERT INTO "connectsTo" VALUES (2050, 2051);
INSERT INTO "connectsTo" VALUES (2051, 2052);
INSERT INTO "connectsTo" VALUES (2052, 2053);
INSERT INTO "connectsTo" VALUES (2053, 2055);
INSERT INTO "connectsTo" VALUES (2055, 2057);
INSERT INTO "connectsTo" VALUES (2057, 2058);
INSERT INTO "connectsTo" VALUES (2058, 2059);
INSERT INTO "connectsTo" VALUES (2059, 2060);
INSERT INTO "connectsTo" VALUES (2060, 2061);
INSERT INTO "connectsTo" VALUES (2061, 2063);
INSERT INTO "connectsTo" VALUES (2063, 2064);
INSERT INTO "connectsTo" VALUES (2064, 2065);
INSERT INTO "connectsTo" VALUES (2065, 2066);
INSERT INTO "connectsTo" VALUES (2066, 2067);
INSERT INTO "connectsTo" VALUES (2067, 2069);
INSERT INTO "connectsTo" VALUES (2069, 2071);
INSERT INTO "connectsTo" VALUES (2071, 2072);
INSERT INTO "connectsTo" VALUES (2072, 2073);
INSERT INTO "connectsTo" VALUES (2073, 2074);
INSERT INTO "connectsTo" VALUES (2074, 2075);
INSERT INTO "connectsTo" VALUES (2075, 2077);
INSERT INTO "connectsTo" VALUES (2077, 2078);
INSERT INTO "connectsTo" VALUES (2078, 2079);
INSERT INTO "connectsTo" VALUES (2079, 2080);
INSERT INTO "connectsTo" VALUES (2080, 2081);
INSERT INTO "connectsTo" VALUES (2081, 2083);
INSERT INTO "connectsTo" VALUES (2083, 2085);
INSERT INTO "connectsTo" VALUES (2085, 2086);
INSERT INTO "connectsTo" VALUES (2086, 2087);
INSERT INTO "connectsTo" VALUES (2087, 2088);
INSERT INTO "connectsTo" VALUES (2088, 2089);
INSERT INTO "connectsTo" VALUES (2089, 2091);
INSERT INTO "connectsTo" VALUES (2091, 2092);
INSERT INTO "connectsTo" VALUES (2092, 2093);
INSERT INTO "connectsTo" VALUES (2093, 2094);
INSERT INTO "connectsTo" VALUES (2094, 2095);
INSERT INTO "connectsTo" VALUES (2095, 2097);
INSERT INTO "connectsTo" VALUES (2097, 2098);
INSERT INTO "connectsTo" VALUES (2098, 2099);
INSERT INTO "connectsTo" VALUES (2099, 2100);
INSERT INTO "connectsTo" VALUES (2100, 2101);
INSERT INTO "connectsTo" VALUES (2101, 2103);
INSERT INTO "connectsTo" VALUES (2103, 2104);
INSERT INTO "connectsTo" VALUES (2104, 2105);
INSERT INTO "connectsTo" VALUES (2105, 2106);
INSERT INTO "connectsTo" VALUES (2106, 2107);
INSERT INTO "connectsTo" VALUES (2107, 2109);
INSERT INTO "connectsTo" VALUES (2109, 2110);
INSERT INTO "connectsTo" VALUES (2110, 2111);
INSERT INTO "connectsTo" VALUES (2111, 2112);
INSERT INTO "connectsTo" VALUES (2112, 2113);
INSERT INTO "connectsTo" VALUES (2113, 2115);
INSERT INTO "connectsTo" VALUES (2115, 2116);
INSERT INTO "connectsTo" VALUES (2116, 2117);
INSERT INTO "connectsTo" VALUES (2117, 2118);
INSERT INTO "connectsTo" VALUES (2118, 2119);
INSERT INTO "connectsTo" VALUES (2119, 2121);
INSERT INTO "connectsTo" VALUES (2121, 2122);
INSERT INTO "connectsTo" VALUES (2122, 2123);
INSERT INTO "connectsTo" VALUES (2123, 2124);
INSERT INTO "connectsTo" VALUES (2124, 2125);
INSERT INTO "connectsTo" VALUES (2125, 2127);
INSERT INTO "connectsTo" VALUES (2127, 2128);
INSERT INTO "connectsTo" VALUES (2128, 2129);
INSERT INTO "connectsTo" VALUES (2129, 2130);
INSERT INTO "connectsTo" VALUES (2130, 2131);
INSERT INTO "connectsTo" VALUES (1764, 1769);
INSERT INTO "Route" ("id", "active", "entry", "exit") VALUES (2133, 1, 1766, 1);
INSERT INTO "Region" ("id") VALUES (2134);
INSERT INTO "TrackElement" ("id") VALUES (2135);
INSERT INTO "Switch" ("id") VALUES (2135);
UPDATE "TrackElement" SET "region" = 2134 WHERE "id" = 2135;
INSERT INTO "Sensor" ("id") VALUES (2136);
UPDATE "Sensor" SET "region" = 2134 WHERE "id" = 2136;
INSERT INTO "monitoredBy" VALUES (2135, 2136);
INSERT INTO "requires" VALUES (2133, 2136);
INSERT INTO "TrackElement" ("id") VALUES (2137);
INSERT INTO "Segment" ("id", "length") VALUES (2137, 59);
UPDATE "TrackElement" SET "region" = 2134 WHERE "id" = 2137;
INSERT INTO "monitoredBy" VALUES (2137, 2136);
UPDATE "Semaphore" SET "segment" = 2137 WHERE "id" = 1;
INSERT INTO "TrackElement" ("id") VALUES (2138);
INSERT INTO "Segment" ("id", "length") VALUES (2138, 788);
UPDATE "TrackElement" SET "region" = 2134 WHERE "id" = 2138;
INSERT INTO "monitoredBy" VALUES (2138, 2136);
INSERT INTO "TrackElement" ("id") VALUES (2139);
INSERT INTO "Segment" ("id", "length") VALUES (2139, 474);
UPDATE "TrackElement" SET "region" = 2134 WHERE "id" = 2139;
INSERT INTO "monitoredBy" VALUES (2139, 2136);
INSERT INTO "TrackElement" ("id") VALUES (2140);
INSERT INTO "Segment" ("id", "length") VALUES (2140, 517);
UPDATE "TrackElement" SET "region" = 2134 WHERE "id" = 2140;
INSERT INTO "monitoredBy" VALUES (2140, 2136);
INSERT INTO "TrackElement" ("id") VALUES (2141);
INSERT INTO "Segment" ("id", "length") VALUES (2141, 152);
UPDATE "TrackElement" SET "region" = 2134 WHERE "id" = 2141;
INSERT INTO "monitoredBy" VALUES (2141, 2136);
INSERT INTO "Sensor" ("id") VALUES (2142);
UPDATE "Sensor" SET "region" = 2134 WHERE "id" = 2142;
INSERT INTO "monitoredBy" VALUES (2135, 2142);
INSERT INTO "requires" VALUES (2133, 2142);
INSERT INTO "TrackElement" ("id") VALUES (2143);
INSERT INTO "Segment" ("id", "length") VALUES (2143, 606);
UPDATE "TrackElement" SET "region" = 2134 WHERE "id" = 2143;
INSERT INTO "monitoredBy" VALUES (2143, 2142);
INSERT INTO "TrackElement" ("id") VALUES (2144);
INSERT INTO "Segment" ("id", "length") VALUES (2144, 244);
UPDATE "TrackElement" SET "region" = 2134 WHERE "id" = 2144;
INSERT INTO "monitoredBy" VALUES (2144, 2142);
INSERT INTO "TrackElement" ("id") VALUES (2145);
INSERT INTO "Segment" ("id", "length") VALUES (2145, 687);
UPDATE "TrackElement" SET "region" = 2134 WHERE "id" = 2145;
INSERT INTO "monitoredBy" VALUES (2145, 2142);
INSERT INTO "TrackElement" ("id") VALUES (2146);
INSERT INTO "Segment" ("id", "length") VALUES (2146, 478);
UPDATE "TrackElement" SET "region" = 2134 WHERE "id" = 2146;
INSERT INTO "monitoredBy" VALUES (2146, 2142);
INSERT INTO "TrackElement" ("id") VALUES (2147);
INSERT INTO "Segment" ("id", "length") VALUES (2147, 417);
UPDATE "TrackElement" SET "region" = 2134 WHERE "id" = 2147;
INSERT INTO "monitoredBy" VALUES (2147, 2142);
INSERT INTO "Sensor" ("id") VALUES (2148);
UPDATE "Sensor" SET "region" = 2134 WHERE "id" = 2148;
INSERT INTO "monitoredBy" VALUES (2135, 2148);
INSERT INTO "requires" VALUES (2133, 2148);
INSERT INTO "TrackElement" ("id") VALUES (2149);
INSERT INTO "Segment" ("id", "length") VALUES (2149, 668);
UPDATE "TrackElement" SET "region" = 2134 WHERE "id" = 2149;
INSERT INTO "monitoredBy" VALUES (2149, 2148);
INSERT INTO "TrackElement" ("id") VALUES (2150);
INSERT INTO "Segment" ("id", "length") VALUES (2150, 813);
UPDATE "TrackElement" SET "region" = 2134 WHERE "id" = 2150;
INSERT INTO "monitoredBy" VALUES (2150, 2148);
INSERT INTO "TrackElement" ("id") VALUES (2151);
INSERT INTO "Segment" ("id", "length") VALUES (2151, 45);
UPDATE "TrackElement" SET "region" = 2134 WHERE "id" = 2151;
INSERT INTO "monitoredBy" VALUES (2151, 2148);
INSERT INTO "TrackElement" ("id") VALUES (2152);
INSERT INTO "Segment" ("id", "length") VALUES (2152, 856);
UPDATE "TrackElement" SET "region" = 2134 WHERE "id" = 2152;
INSERT INTO "monitoredBy" VALUES (2152, 2148);
INSERT INTO "TrackElement" ("id") VALUES (2153);
INSERT INTO "Segment" ("id", "length") VALUES (2153, 754);
UPDATE "TrackElement" SET "region" = 2134 WHERE "id" = 2153;
INSERT INTO "monitoredBy" VALUES (2153, 2148);
INSERT INTO "Sensor" ("id") VALUES (2154);
UPDATE "Sensor" SET "region" = 2134 WHERE "id" = 2154;
INSERT INTO "monitoredBy" VALUES (2135, 2154);
INSERT INTO "requires" VALUES (2133, 2154);
INSERT INTO "TrackElement" ("id") VALUES (2155);
INSERT INTO "Segment" ("id", "length") VALUES (2155, 674);
UPDATE "TrackElement" SET "region" = 2134 WHERE "id" = 2155;
INSERT INTO "monitoredBy" VALUES (2155, 2154);
INSERT INTO "TrackElement" ("id") VALUES (2156);
INSERT INTO "Segment" ("id", "length") VALUES (2156, 471);
UPDATE "TrackElement" SET "region" = 2134 WHERE "id" = 2156;
INSERT INTO "monitoredBy" VALUES (2156, 2154);
INSERT INTO "TrackElement" ("id") VALUES (2157);
INSERT INTO "Segment" ("id", "length") VALUES (2157, 121);
UPDATE "TrackElement" SET "region" = 2134 WHERE "id" = 2157;
INSERT INTO "monitoredBy" VALUES (2157, 2154);
INSERT INTO "TrackElement" ("id") VALUES (2158);
INSERT INTO "Segment" ("id", "length") VALUES (2158, 880);
UPDATE "TrackElement" SET "region" = 2134 WHERE "id" = 2158;
INSERT INTO "monitoredBy" VALUES (2158, 2154);
INSERT INTO "TrackElement" ("id") VALUES (2159);
INSERT INTO "Segment" ("id", "length") VALUES (2159, 836);
UPDATE "TrackElement" SET "region" = 2134 WHERE "id" = 2159;
INSERT INTO "monitoredBy" VALUES (2159, 2154);
UPDATE "Switch" SET "currentPosition" = 1 WHERE "id" = 2135;
INSERT INTO "SwitchPosition" ("id", "position", "target") VALUES (2160, 1, 2135);
UPDATE "SwitchPosition" SET "route" = 2133 WHERE "id" = 2160;
INSERT INTO "TrackElement" ("id") VALUES (2161);
INSERT INTO "Switch" ("id") VALUES (2161);
UPDATE "TrackElement" SET "region" = 2134 WHERE "id" = 2161;
INSERT INTO "Sensor" ("id") VALUES (2162);
UPDATE "Sensor" SET "region" = 2134 WHERE "id" = 2162;
INSERT INTO "monitoredBy" VALUES (2161, 2162);
INSERT INTO "requires" VALUES (2133, 2162);
INSERT INTO "TrackElement" ("id") VALUES (2163);
INSERT INTO "Segment" ("id", "length") VALUES (2163, 498);
UPDATE "TrackElement" SET "region" = 2134 WHERE "id" = 2163;
INSERT INTO "monitoredBy" VALUES (2163, 2162);
INSERT INTO "TrackElement" ("id") VALUES (2164);
INSERT INTO "Segment" ("id", "length") VALUES (2164, 628);
UPDATE "TrackElement" SET "region" = 2134 WHERE "id" = 2164;
INSERT INTO "monitoredBy" VALUES (2164, 2162);
INSERT INTO "TrackElement" ("id") VALUES (2165);
INSERT INTO "Segment" ("id", "length") VALUES (2165, 27);
UPDATE "TrackElement" SET "region" = 2134 WHERE "id" = 2165;
INSERT INTO "monitoredBy" VALUES (2165, 2162);
INSERT INTO "TrackElement" ("id") VALUES (2166);
INSERT INTO "Segment" ("id", "length") VALUES (2166, 477);
UPDATE "TrackElement" SET "region" = 2134 WHERE "id" = 2166;
INSERT INTO "monitoredBy" VALUES (2166, 2162);
INSERT INTO "TrackElement" ("id") VALUES (2167);
INSERT INTO "Segment" ("id", "length") VALUES (2167, 497);
UPDATE "TrackElement" SET "region" = 2134 WHERE "id" = 2167;
INSERT INTO "monitoredBy" VALUES (2167, 2162);
INSERT INTO "Sensor" ("id") VALUES (2168);
UPDATE "Sensor" SET "region" = 2134 WHERE "id" = 2168;
INSERT INTO "monitoredBy" VALUES (2161, 2168);
INSERT INTO "requires" VALUES (2133, 2168);
INSERT INTO "TrackElement" ("id") VALUES (2169);
INSERT INTO "Segment" ("id", "length") VALUES (2169, 289);
UPDATE "TrackElement" SET "region" = 2134 WHERE "id" = 2169;
INSERT INTO "monitoredBy" VALUES (2169, 2168);
INSERT INTO "TrackElement" ("id") VALUES (2170);
INSERT INTO "Segment" ("id", "length") VALUES (2170, 2);
UPDATE "TrackElement" SET "region" = 2134 WHERE "id" = 2170;
INSERT INTO "monitoredBy" VALUES (2170, 2168);
INSERT INTO "TrackElement" ("id") VALUES (2171);
INSERT INTO "Segment" ("id", "length") VALUES (2171, 617);
UPDATE "TrackElement" SET "region" = 2134 WHERE "id" = 2171;
INSERT INTO "monitoredBy" VALUES (2171, 2168);
INSERT INTO "TrackElement" ("id") VALUES (2172);
INSERT INTO "Segment" ("id", "length") VALUES (2172, 821);
UPDATE "TrackElement" SET "region" = 2134 WHERE "id" = 2172;
INSERT INTO "monitoredBy" VALUES (2172, 2168);
INSERT INTO "TrackElement" ("id") VALUES (2173);
INSERT INTO "Segment" ("id", "length") VALUES (2173, 629);
UPDATE "TrackElement" SET "region" = 2134 WHERE "id" = 2173;
INSERT INTO "monitoredBy" VALUES (2173, 2168);
INSERT INTO "Sensor" ("id") VALUES (2174);
UPDATE "Sensor" SET "region" = 2134 WHERE "id" = 2174;
INSERT INTO "monitoredBy" VALUES (2161, 2174);
INSERT INTO "requires" VALUES (2133, 2174);
INSERT INTO "TrackElement" ("id") VALUES (2175);
INSERT INTO "Segment" ("id", "length") VALUES (2175, 749);
UPDATE "TrackElement" SET "region" = 2134 WHERE "id" = 2175;
INSERT INTO "monitoredBy" VALUES (2175, 2174);
INSERT INTO "TrackElement" ("id") VALUES (2176);
INSERT INTO "Segment" ("id", "length") VALUES (2176, 133);
UPDATE "TrackElement" SET "region" = 2134 WHERE "id" = 2176;
INSERT INTO "monitoredBy" VALUES (2176, 2174);
INSERT INTO "TrackElement" ("id") VALUES (2177);
INSERT INTO "Segment" ("id", "length") VALUES (2177, 47);
UPDATE "TrackElement" SET "region" = 2134 WHERE "id" = 2177;
INSERT INTO "monitoredBy" VALUES (2177, 2174);
INSERT INTO "TrackElement" ("id") VALUES (2178);
INSERT INTO "Segment" ("id", "length") VALUES (2178, 164);
UPDATE "TrackElement" SET "region" = 2134 WHERE "id" = 2178;
INSERT INTO "monitoredBy" VALUES (2178, 2174);
INSERT INTO "TrackElement" ("id") VALUES (2179);
INSERT INTO "Segment" ("id", "length") VALUES (2179, 972);
UPDATE "TrackElement" SET "region" = 2134 WHERE "id" = 2179;
INSERT INTO "monitoredBy" VALUES (2179, 2174);
INSERT INTO "Sensor" ("id") VALUES (2180);
UPDATE "Sensor" SET "region" = 2134 WHERE "id" = 2180;
INSERT INTO "monitoredBy" VALUES (2161, 2180);
INSERT INTO "requires" VALUES (2133, 2180);
INSERT INTO "TrackElement" ("id") VALUES (2181);
INSERT INTO "Segment" ("id", "length") VALUES (2181, 50);
UPDATE "TrackElement" SET "region" = 2134 WHERE "id" = 2181;
INSERT INTO "monitoredBy" VALUES (2181, 2180);
INSERT INTO "TrackElement" ("id") VALUES (2182);
INSERT INTO "Segment" ("id", "length") VALUES (2182, 340);
UPDATE "TrackElement" SET "region" = 2134 WHERE "id" = 2182;
INSERT INTO "monitoredBy" VALUES (2182, 2180);
INSERT INTO "TrackElement" ("id") VALUES (2183);
INSERT INTO "Segment" ("id", "length") VALUES (2183, 678);
UPDATE "TrackElement" SET "region" = 2134 WHERE "id" = 2183;
INSERT INTO "monitoredBy" VALUES (2183, 2180);
INSERT INTO "TrackElement" ("id") VALUES (2184);
INSERT INTO "Segment" ("id", "length") VALUES (2184, 90);
UPDATE "TrackElement" SET "region" = 2134 WHERE "id" = 2184;
INSERT INTO "monitoredBy" VALUES (2184, 2180);
INSERT INTO "TrackElement" ("id") VALUES (2185);
INSERT INTO "Segment" ("id", "length") VALUES (2185, 952);
UPDATE "TrackElement" SET "region" = 2134 WHERE "id" = 2185;
INSERT INTO "monitoredBy" VALUES (2185, 2180);
INSERT INTO "Sensor" ("id") VALUES (2186);
UPDATE "Sensor" SET "region" = 2134 WHERE "id" = 2186;
INSERT INTO "monitoredBy" VALUES (2161, 2186);
INSERT INTO "requires" VALUES (2133, 2186);
INSERT INTO "TrackElement" ("id") VALUES (2187);
INSERT INTO "Segment" ("id", "length") VALUES (2187, 731);
UPDATE "TrackElement" SET "region" = 2134 WHERE "id" = 2187;
INSERT INTO "monitoredBy" VALUES (2187, 2186);
INSERT INTO "TrackElement" ("id") VALUES (2188);
INSERT INTO "Segment" ("id", "length") VALUES (2188, 900);
UPDATE "TrackElement" SET "region" = 2134 WHERE "id" = 2188;
INSERT INTO "monitoredBy" VALUES (2188, 2186);
INSERT INTO "TrackElement" ("id") VALUES (2189);
INSERT INTO "Segment" ("id", "length") VALUES (2189, 539);
UPDATE "TrackElement" SET "region" = 2134 WHERE "id" = 2189;
INSERT INTO "monitoredBy" VALUES (2189, 2186);
INSERT INTO "TrackElement" ("id") VALUES (2190);
INSERT INTO "Segment" ("id", "length") VALUES (2190, 990);
UPDATE "TrackElement" SET "region" = 2134 WHERE "id" = 2190;
INSERT INTO "monitoredBy" VALUES (2190, 2186);
INSERT INTO "TrackElement" ("id") VALUES (2191);
INSERT INTO "Segment" ("id", "length") VALUES (2191, 129);
UPDATE "TrackElement" SET "region" = 2134 WHERE "id" = 2191;
INSERT INTO "monitoredBy" VALUES (2191, 2186);
INSERT INTO "Sensor" ("id") VALUES (2192);
UPDATE "Sensor" SET "region" = 2134 WHERE "id" = 2192;
INSERT INTO "monitoredBy" VALUES (2161, 2192);
INSERT INTO "requires" VALUES (2133, 2192);
INSERT INTO "TrackElement" ("id") VALUES (2193);
INSERT INTO "Segment" ("id", "length") VALUES (2193, 676);
UPDATE "TrackElement" SET "region" = 2134 WHERE "id" = 2193;
INSERT INTO "monitoredBy" VALUES (2193, 2192);
INSERT INTO "TrackElement" ("id") VALUES (2194);
INSERT INTO "Segment" ("id", "length") VALUES (2194, 403);
UPDATE "TrackElement" SET "region" = 2134 WHERE "id" = 2194;
INSERT INTO "monitoredBy" VALUES (2194, 2192);
INSERT INTO "TrackElement" ("id") VALUES (2195);
INSERT INTO "Segment" ("id", "length") VALUES (2195, 477);
UPDATE "TrackElement" SET "region" = 2134 WHERE "id" = 2195;
INSERT INTO "monitoredBy" VALUES (2195, 2192);
INSERT INTO "TrackElement" ("id") VALUES (2196);
INSERT INTO "Segment" ("id", "length") VALUES (2196, 85);
UPDATE "TrackElement" SET "region" = 2134 WHERE "id" = 2196;
INSERT INTO "monitoredBy" VALUES (2196, 2192);
INSERT INTO "TrackElement" ("id") VALUES (2197);
INSERT INTO "Segment" ("id", "length") VALUES (2197, 347);
UPDATE "TrackElement" SET "region" = 2134 WHERE "id" = 2197;
INSERT INTO "monitoredBy" VALUES (2197, 2192);
INSERT INTO "Sensor" ("id") VALUES (2198);
UPDATE "Sensor" SET "region" = 2134 WHERE "id" = 2198;
INSERT INTO "monitoredBy" VALUES (2161, 2198);
INSERT INTO "requires" VALUES (2133, 2198);
INSERT INTO "TrackElement" ("id") VALUES (2199);
INSERT INTO "Segment" ("id", "length") VALUES (2199, 605);
UPDATE "TrackElement" SET "region" = 2134 WHERE "id" = 2199;
INSERT INTO "monitoredBy" VALUES (2199, 2198);
INSERT INTO "TrackElement" ("id") VALUES (2200);
INSERT INTO "Segment" ("id", "length") VALUES (2200, 798);
UPDATE "TrackElement" SET "region" = 2134 WHERE "id" = 2200;
INSERT INTO "monitoredBy" VALUES (2200, 2198);
INSERT INTO "TrackElement" ("id") VALUES (2201);
INSERT INTO "Segment" ("id", "length") VALUES (2201, 271);
UPDATE "TrackElement" SET "region" = 2134 WHERE "id" = 2201;
INSERT INTO "monitoredBy" VALUES (2201, 2198);
INSERT INTO "TrackElement" ("id") VALUES (2202);
INSERT INTO "Segment" ("id", "length") VALUES (2202, 710);
UPDATE "TrackElement" SET "region" = 2134 WHERE "id" = 2202;
INSERT INTO "monitoredBy" VALUES (2202, 2198);
INSERT INTO "TrackElement" ("id") VALUES (2203);
INSERT INTO "Segment" ("id", "length") VALUES (2203, 30);
UPDATE "TrackElement" SET "region" = 2134 WHERE "id" = 2203;
INSERT INTO "monitoredBy" VALUES (2203, 2198);
INSERT INTO "Sensor" ("id") VALUES (2204);
UPDATE "Sensor" SET "region" = 2134 WHERE "id" = 2204;
INSERT INTO "monitoredBy" VALUES (2161, 2204);
INSERT INTO "requires" VALUES (2133, 2204);
INSERT INTO "TrackElement" ("id") VALUES (2205);
INSERT INTO "Segment" ("id", "length") VALUES (2205, 410);
UPDATE "TrackElement" SET "region" = 2134 WHERE "id" = 2205;
INSERT INTO "monitoredBy" VALUES (2205, 2204);
INSERT INTO "TrackElement" ("id") VALUES (2206);
INSERT INTO "Segment" ("id", "length") VALUES (2206, 39);
UPDATE "TrackElement" SET "region" = 2134 WHERE "id" = 2206;
INSERT INTO "monitoredBy" VALUES (2206, 2204);
INSERT INTO "TrackElement" ("id") VALUES (2207);
INSERT INTO "Segment" ("id", "length") VALUES (2207, 186);
UPDATE "TrackElement" SET "region" = 2134 WHERE "id" = 2207;
INSERT INTO "monitoredBy" VALUES (2207, 2204);
INSERT INTO "TrackElement" ("id") VALUES (2208);
INSERT INTO "Segment" ("id", "length") VALUES (2208, 803);
UPDATE "TrackElement" SET "region" = 2134 WHERE "id" = 2208;
INSERT INTO "monitoredBy" VALUES (2208, 2204);
INSERT INTO "TrackElement" ("id") VALUES (2209);
INSERT INTO "Segment" ("id", "length") VALUES (2209, 664);
UPDATE "TrackElement" SET "region" = 2134 WHERE "id" = 2209;
INSERT INTO "monitoredBy" VALUES (2209, 2204);
INSERT INTO "Sensor" ("id") VALUES (2210);
UPDATE "Sensor" SET "region" = 2134 WHERE "id" = 2210;
INSERT INTO "monitoredBy" VALUES (2161, 2210);
INSERT INTO "requires" VALUES (2133, 2210);
INSERT INTO "TrackElement" ("id") VALUES (2211);
INSERT INTO "Segment" ("id", "length") VALUES (2211, 502);
UPDATE "TrackElement" SET "region" = 2134 WHERE "id" = 2211;
INSERT INTO "monitoredBy" VALUES (2211, 2210);
INSERT INTO "TrackElement" ("id") VALUES (2212);
INSERT INTO "Segment" ("id", "length") VALUES (2212, 206);
UPDATE "TrackElement" SET "region" = 2134 WHERE "id" = 2212;
INSERT INTO "monitoredBy" VALUES (2212, 2210);
INSERT INTO "TrackElement" ("id") VALUES (2213);
INSERT INTO "Segment" ("id", "length") VALUES (2213, 555);
UPDATE "TrackElement" SET "region" = 2134 WHERE "id" = 2213;
INSERT INTO "monitoredBy" VALUES (2213, 2210);
INSERT INTO "TrackElement" ("id") VALUES (2214);
INSERT INTO "Segment" ("id", "length") VALUES (2214, 262);
UPDATE "TrackElement" SET "region" = 2134 WHERE "id" = 2214;
INSERT INTO "monitoredBy" VALUES (2214, 2210);
INSERT INTO "TrackElement" ("id") VALUES (2215);
INSERT INTO "Segment" ("id", "length") VALUES (2215, 527);
UPDATE "TrackElement" SET "region" = 2134 WHERE "id" = 2215;
INSERT INTO "monitoredBy" VALUES (2215, 2210);
UPDATE "Switch" SET "currentPosition" = 1 WHERE "id" = 2161;
INSERT INTO "SwitchPosition" ("id", "position", "target") VALUES (2216, 1, 2161);
UPDATE "SwitchPosition" SET "route" = 2133 WHERE "id" = 2216;
INSERT INTO "TrackElement" ("id") VALUES (2217);
INSERT INTO "Switch" ("id") VALUES (2217);
UPDATE "TrackElement" SET "region" = 2134 WHERE "id" = 2217;
INSERT INTO "Sensor" ("id") VALUES (2218);
UPDATE "Sensor" SET "region" = 2134 WHERE "id" = 2218;
INSERT INTO "monitoredBy" VALUES (2217, 2218);
INSERT INTO "requires" VALUES (2133, 2218);
INSERT INTO "TrackElement" ("id") VALUES (2219);
INSERT INTO "Segment" ("id", "length") VALUES (2219, 720);
UPDATE "TrackElement" SET "region" = 2134 WHERE "id" = 2219;
INSERT INTO "monitoredBy" VALUES (2219, 2218);
INSERT INTO "TrackElement" ("id") VALUES (2220);
INSERT INTO "Segment" ("id", "length") VALUES (2220, 646);
UPDATE "TrackElement" SET "region" = 2134 WHERE "id" = 2220;
INSERT INTO "monitoredBy" VALUES (2220, 2218);
INSERT INTO "TrackElement" ("id") VALUES (2221);
INSERT INTO "Segment" ("id", "length") VALUES (2221, 451);
UPDATE "TrackElement" SET "region" = 2134 WHERE "id" = 2221;
INSERT INTO "monitoredBy" VALUES (2221, 2218);
INSERT INTO "TrackElement" ("id") VALUES (2222);
INSERT INTO "Segment" ("id", "length") VALUES (2222, 662);
UPDATE "TrackElement" SET "region" = 2134 WHERE "id" = 2222;
INSERT INTO "monitoredBy" VALUES (2222, 2218);
INSERT INTO "TrackElement" ("id") VALUES (2223);
INSERT INTO "Segment" ("id", "length") VALUES (2223, 738);
UPDATE "TrackElement" SET "region" = 2134 WHERE "id" = 2223;
INSERT INTO "monitoredBy" VALUES (2223, 2218);
INSERT INTO "Sensor" ("id") VALUES (2224);
UPDATE "Sensor" SET "region" = 2134 WHERE "id" = 2224;
INSERT INTO "monitoredBy" VALUES (2217, 2224);
INSERT INTO "requires" VALUES (2133, 2224);
INSERT INTO "TrackElement" ("id") VALUES (2225);
INSERT INTO "Segment" ("id", "length") VALUES (2225, 193);
UPDATE "TrackElement" SET "region" = 2134 WHERE "id" = 2225;
INSERT INTO "monitoredBy" VALUES (2225, 2224);
INSERT INTO "TrackElement" ("id") VALUES (2226);
INSERT INTO "Segment" ("id", "length") VALUES (2226, 878);
UPDATE "TrackElement" SET "region" = 2134 WHERE "id" = 2226;
INSERT INTO "monitoredBy" VALUES (2226, 2224);
INSERT INTO "TrackElement" ("id") VALUES (2227);
INSERT INTO "Segment" ("id", "length") VALUES (2227, 414);
UPDATE "TrackElement" SET "region" = 2134 WHERE "id" = 2227;
INSERT INTO "monitoredBy" VALUES (2227, 2224);
INSERT INTO "TrackElement" ("id") VALUES (2228);
INSERT INTO "Segment" ("id", "length") VALUES (2228, 121);
UPDATE "TrackElement" SET "region" = 2134 WHERE "id" = 2228;
INSERT INTO "monitoredBy" VALUES (2228, 2224);
INSERT INTO "TrackElement" ("id") VALUES (2229);
INSERT INTO "Segment" ("id", "length") VALUES (2229, 988);
UPDATE "TrackElement" SET "region" = 2134 WHERE "id" = 2229;
INSERT INTO "monitoredBy" VALUES (2229, 2224);
INSERT INTO "Sensor" ("id") VALUES (2230);
UPDATE "Sensor" SET "region" = 2134 WHERE "id" = 2230;
INSERT INTO "monitoredBy" VALUES (2217, 2230);
INSERT INTO "requires" VALUES (2133, 2230);
INSERT INTO "TrackElement" ("id") VALUES (2231);
INSERT INTO "Segment" ("id", "length") VALUES (2231, 503);
UPDATE "TrackElement" SET "region" = 2134 WHERE "id" = 2231;
INSERT INTO "monitoredBy" VALUES (2231, 2230);
INSERT INTO "TrackElement" ("id") VALUES (2232);
INSERT INTO "Segment" ("id", "length") VALUES (2232, 102);
UPDATE "TrackElement" SET "region" = 2134 WHERE "id" = 2232;
INSERT INTO "monitoredBy" VALUES (2232, 2230);
INSERT INTO "TrackElement" ("id") VALUES (2233);
INSERT INTO "Segment" ("id", "length") VALUES (2233, 685);
UPDATE "TrackElement" SET "region" = 2134 WHERE "id" = 2233;
INSERT INTO "monitoredBy" VALUES (2233, 2230);
INSERT INTO "TrackElement" ("id") VALUES (2234);
INSERT INTO "Segment" ("id", "length") VALUES (2234, 910);
UPDATE "TrackElement" SET "region" = 2134 WHERE "id" = 2234;
INSERT INTO "monitoredBy" VALUES (2234, 2230);
INSERT INTO "TrackElement" ("id") VALUES (2235);
INSERT INTO "Segment" ("id", "length") VALUES (2235, 717);
UPDATE "TrackElement" SET "region" = 2134 WHERE "id" = 2235;
INSERT INTO "monitoredBy" VALUES (2235, 2230);
INSERT INTO "Sensor" ("id") VALUES (2236);
UPDATE "Sensor" SET "region" = 2134 WHERE "id" = 2236;
INSERT INTO "monitoredBy" VALUES (2217, 2236);
INSERT INTO "requires" VALUES (2133, 2236);
INSERT INTO "TrackElement" ("id") VALUES (2237);
INSERT INTO "Segment" ("id", "length") VALUES (2237, 237);
UPDATE "TrackElement" SET "region" = 2134 WHERE "id" = 2237;
INSERT INTO "monitoredBy" VALUES (2237, 2236);
INSERT INTO "TrackElement" ("id") VALUES (2238);
INSERT INTO "Segment" ("id", "length") VALUES (2238, 592);
UPDATE "TrackElement" SET "region" = 2134 WHERE "id" = 2238;
INSERT INTO "monitoredBy" VALUES (2238, 2236);
INSERT INTO "TrackElement" ("id") VALUES (2239);
INSERT INTO "Segment" ("id", "length") VALUES (2239, 910);
UPDATE "TrackElement" SET "region" = 2134 WHERE "id" = 2239;
INSERT INTO "monitoredBy" VALUES (2239, 2236);
INSERT INTO "TrackElement" ("id") VALUES (2240);
INSERT INTO "Segment" ("id", "length") VALUES (2240, 355);
UPDATE "TrackElement" SET "region" = 2134 WHERE "id" = 2240;
INSERT INTO "monitoredBy" VALUES (2240, 2236);
INSERT INTO "TrackElement" ("id") VALUES (2241);
INSERT INTO "Segment" ("id", "length") VALUES (2241, 236);
UPDATE "TrackElement" SET "region" = 2134 WHERE "id" = 2241;
INSERT INTO "monitoredBy" VALUES (2241, 2236);
INSERT INTO "Sensor" ("id") VALUES (2242);
UPDATE "Sensor" SET "region" = 2134 WHERE "id" = 2242;
INSERT INTO "monitoredBy" VALUES (2217, 2242);
INSERT INTO "requires" VALUES (2133, 2242);
INSERT INTO "TrackElement" ("id") VALUES (2243);
INSERT INTO "Segment" ("id", "length") VALUES (2243, 398);
UPDATE "TrackElement" SET "region" = 2134 WHERE "id" = 2243;
INSERT INTO "monitoredBy" VALUES (2243, 2242);
INSERT INTO "TrackElement" ("id") VALUES (2244);
INSERT INTO "Segment" ("id", "length") VALUES (2244, 80);
UPDATE "TrackElement" SET "region" = 2134 WHERE "id" = 2244;
INSERT INTO "monitoredBy" VALUES (2244, 2242);
INSERT INTO "TrackElement" ("id") VALUES (2245);
INSERT INTO "Segment" ("id", "length") VALUES (2245, 429);
UPDATE "TrackElement" SET "region" = 2134 WHERE "id" = 2245;
INSERT INTO "monitoredBy" VALUES (2245, 2242);
INSERT INTO "TrackElement" ("id") VALUES (2246);
INSERT INTO "Segment" ("id", "length") VALUES (2246, 358);
UPDATE "TrackElement" SET "region" = 2134 WHERE "id" = 2246;
INSERT INTO "monitoredBy" VALUES (2246, 2242);
INSERT INTO "TrackElement" ("id") VALUES (2247);
INSERT INTO "Segment" ("id", "length") VALUES (2247, 482);
UPDATE "TrackElement" SET "region" = 2134 WHERE "id" = 2247;
INSERT INTO "monitoredBy" VALUES (2247, 2242);
INSERT INTO "Sensor" ("id") VALUES (2248);
UPDATE "Sensor" SET "region" = 2134 WHERE "id" = 2248;
INSERT INTO "monitoredBy" VALUES (2217, 2248);
INSERT INTO "requires" VALUES (2133, 2248);
INSERT INTO "TrackElement" ("id") VALUES (2249);
INSERT INTO "Segment" ("id", "length") VALUES (2249, 327);
UPDATE "TrackElement" SET "region" = 2134 WHERE "id" = 2249;
INSERT INTO "monitoredBy" VALUES (2249, 2248);
INSERT INTO "TrackElement" ("id") VALUES (2250);
INSERT INTO "Segment" ("id", "length") VALUES (2250, 685);
UPDATE "TrackElement" SET "region" = 2134 WHERE "id" = 2250;
INSERT INTO "monitoredBy" VALUES (2250, 2248);
INSERT INTO "TrackElement" ("id") VALUES (2251);
INSERT INTO "Segment" ("id", "length") VALUES (2251, 671);
UPDATE "TrackElement" SET "region" = 2134 WHERE "id" = 2251;
INSERT INTO "monitoredBy" VALUES (2251, 2248);
INSERT INTO "TrackElement" ("id") VALUES (2252);
INSERT INTO "Segment" ("id", "length") VALUES (2252, 349);
UPDATE "TrackElement" SET "region" = 2134 WHERE "id" = 2252;
INSERT INTO "monitoredBy" VALUES (2252, 2248);
INSERT INTO "TrackElement" ("id") VALUES (2253);
INSERT INTO "Segment" ("id", "length") VALUES (2253, 205);
UPDATE "TrackElement" SET "region" = 2134 WHERE "id" = 2253;
INSERT INTO "monitoredBy" VALUES (2253, 2248);
UPDATE "Switch" SET "currentPosition" = 0 WHERE "id" = 2217;
INSERT INTO "SwitchPosition" ("id", "position", "target") VALUES (2254, 0, 2217);
UPDATE "SwitchPosition" SET "route" = 2133 WHERE "id" = 2254;
INSERT INTO "TrackElement" ("id") VALUES (2255);
INSERT INTO "Switch" ("id") VALUES (2255);
UPDATE "TrackElement" SET "region" = 2134 WHERE "id" = 2255;
INSERT INTO "Sensor" ("id") VALUES (2256);
UPDATE "Sensor" SET "region" = 2134 WHERE "id" = 2256;
INSERT INTO "monitoredBy" VALUES (2255, 2256);
INSERT INTO "requires" VALUES (2133, 2256);
INSERT INTO "TrackElement" ("id") VALUES (2257);
INSERT INTO "Segment" ("id", "length") VALUES (2257, 591);
UPDATE "TrackElement" SET "region" = 2134 WHERE "id" = 2257;
INSERT INTO "monitoredBy" VALUES (2257, 2256);
INSERT INTO "TrackElement" ("id") VALUES (2258);
INSERT INTO "Segment" ("id", "length") VALUES (2258, 143);
UPDATE "TrackElement" SET "region" = 2134 WHERE "id" = 2258;
INSERT INTO "monitoredBy" VALUES (2258, 2256);
INSERT INTO "TrackElement" ("id") VALUES (2259);
INSERT INTO "Segment" ("id", "length") VALUES (2259, 545);
UPDATE "TrackElement" SET "region" = 2134 WHERE "id" = 2259;
INSERT INTO "monitoredBy" VALUES (2259, 2256);
INSERT INTO "TrackElement" ("id") VALUES (2260);
INSERT INTO "Segment" ("id", "length") VALUES (2260, 634);
UPDATE "TrackElement" SET "region" = 2134 WHERE "id" = 2260;
INSERT INTO "monitoredBy" VALUES (2260, 2256);
INSERT INTO "TrackElement" ("id") VALUES (2261);
INSERT INTO "Segment" ("id", "length") VALUES (2261, 811);
UPDATE "TrackElement" SET "region" = 2134 WHERE "id" = 2261;
INSERT INTO "monitoredBy" VALUES (2261, 2256);
INSERT INTO "Sensor" ("id") VALUES (2262);
UPDATE "Sensor" SET "region" = 2134 WHERE "id" = 2262;
INSERT INTO "monitoredBy" VALUES (2255, 2262);
INSERT INTO "requires" VALUES (2133, 2262);
INSERT INTO "TrackElement" ("id") VALUES (2263);
INSERT INTO "Segment" ("id", "length") VALUES (2263, 33);
UPDATE "TrackElement" SET "region" = 2134 WHERE "id" = 2263;
INSERT INTO "monitoredBy" VALUES (2263, 2262);
INSERT INTO "TrackElement" ("id") VALUES (2264);
INSERT INTO "Segment" ("id", "length") VALUES (2264, 384);
UPDATE "TrackElement" SET "region" = 2134 WHERE "id" = 2264;
INSERT INTO "monitoredBy" VALUES (2264, 2262);
INSERT INTO "TrackElement" ("id") VALUES (2265);
INSERT INTO "Segment" ("id", "length") VALUES (2265, 823);
UPDATE "TrackElement" SET "region" = 2134 WHERE "id" = 2265;
INSERT INTO "monitoredBy" VALUES (2265, 2262);
INSERT INTO "TrackElement" ("id") VALUES (2266);
INSERT INTO "Segment" ("id", "length") VALUES (2266, 505);
UPDATE "TrackElement" SET "region" = 2134 WHERE "id" = 2266;
INSERT INTO "monitoredBy" VALUES (2266, 2262);
INSERT INTO "TrackElement" ("id") VALUES (2267);
INSERT INTO "Segment" ("id", "length") VALUES (2267, 860);
UPDATE "TrackElement" SET "region" = 2134 WHERE "id" = 2267;
INSERT INTO "monitoredBy" VALUES (2267, 2262);
UPDATE "Switch" SET "currentPosition" = 1 WHERE "id" = 2255;
INSERT INTO "SwitchPosition" ("id", "position", "target") VALUES (2268, 1, 2255);
UPDATE "SwitchPosition" SET "route" = 2133 WHERE "id" = 2268;
INSERT INTO "TrackElement" ("id") VALUES (2269);
INSERT INTO "Switch" ("id") VALUES (2269);
UPDATE "TrackElement" SET "region" = 2134 WHERE "id" = 2269;
INSERT INTO "Sensor" ("id") VALUES (2270);
UPDATE "Sensor" SET "region" = 2134 WHERE "id" = 2270;
INSERT INTO "monitoredBy" VALUES (2269, 2270);
INSERT INTO "requires" VALUES (2133, 2270);
INSERT INTO "TrackElement" ("id") VALUES (2271);
INSERT INTO "Segment" ("id", "length") VALUES (2271, 185);
UPDATE "TrackElement" SET "region" = 2134 WHERE "id" = 2271;
INSERT INTO "monitoredBy" VALUES (2271, 2270);
INSERT INTO "TrackElement" ("id") VALUES (2272);
INSERT INTO "Segment" ("id", "length") VALUES (2272, 632);
UPDATE "TrackElement" SET "region" = 2134 WHERE "id" = 2272;
INSERT INTO "monitoredBy" VALUES (2272, 2270);
INSERT INTO "TrackElement" ("id") VALUES (2273);
INSERT INTO "Segment" ("id", "length") VALUES (2273, 757);
UPDATE "TrackElement" SET "region" = 2134 WHERE "id" = 2273;
INSERT INTO "monitoredBy" VALUES (2273, 2270);
INSERT INTO "TrackElement" ("id") VALUES (2274);
INSERT INTO "Segment" ("id", "length") VALUES (2274, 281);
UPDATE "TrackElement" SET "region" = 2134 WHERE "id" = 2274;
INSERT INTO "monitoredBy" VALUES (2274, 2270);
INSERT INTO "TrackElement" ("id") VALUES (2275);
INSERT INTO "Segment" ("id", "length") VALUES (2275, 419);
UPDATE "TrackElement" SET "region" = 2134 WHERE "id" = 2275;
INSERT INTO "monitoredBy" VALUES (2275, 2270);
INSERT INTO "Sensor" ("id") VALUES (2276);
UPDATE "Sensor" SET "region" = 2134 WHERE "id" = 2276;
INSERT INTO "monitoredBy" VALUES (2269, 2276);
INSERT INTO "requires" VALUES (2133, 2276);
INSERT INTO "TrackElement" ("id") VALUES (2277);
INSERT INTO "Segment" ("id", "length") VALUES (2277, 125);
UPDATE "TrackElement" SET "region" = 2134 WHERE "id" = 2277;
INSERT INTO "monitoredBy" VALUES (2277, 2276);
INSERT INTO "TrackElement" ("id") VALUES (2278);
INSERT INTO "Segment" ("id", "length") VALUES (2278, 728);
UPDATE "TrackElement" SET "region" = 2134 WHERE "id" = 2278;
INSERT INTO "monitoredBy" VALUES (2278, 2276);
INSERT INTO "TrackElement" ("id") VALUES (2279);
INSERT INTO "Segment" ("id", "length") VALUES (2279, 574);
UPDATE "TrackElement" SET "region" = 2134 WHERE "id" = 2279;
INSERT INTO "monitoredBy" VALUES (2279, 2276);
INSERT INTO "TrackElement" ("id") VALUES (2280);
INSERT INTO "Segment" ("id", "length") VALUES (2280, 806);
UPDATE "TrackElement" SET "region" = 2134 WHERE "id" = 2280;
INSERT INTO "monitoredBy" VALUES (2280, 2276);
INSERT INTO "TrackElement" ("id") VALUES (2281);
INSERT INTO "Segment" ("id", "length") VALUES (2281, 778);
UPDATE "TrackElement" SET "region" = 2134 WHERE "id" = 2281;
INSERT INTO "monitoredBy" VALUES (2281, 2276);
UPDATE "Switch" SET "currentPosition" = 0 WHERE "id" = 2269;
INSERT INTO "SwitchPosition" ("id", "position", "target") VALUES (2282, 0, 2269);
UPDATE "SwitchPosition" SET "route" = 2133 WHERE "id" = 2282;
INSERT INTO "TrackElement" ("id") VALUES (2283);
INSERT INTO "Switch" ("id") VALUES (2283);
UPDATE "TrackElement" SET "region" = 2134 WHERE "id" = 2283;
INSERT INTO "Sensor" ("id") VALUES (2284);
UPDATE "Sensor" SET "region" = 2134 WHERE "id" = 2284;
INSERT INTO "monitoredBy" VALUES (2283, 2284);
INSERT INTO "requires" VALUES (2133, 2284);
INSERT INTO "TrackElement" ("id") VALUES (2285);
INSERT INTO "Segment" ("id", "length") VALUES (2285, 433);
UPDATE "TrackElement" SET "region" = 2134 WHERE "id" = 2285;
INSERT INTO "monitoredBy" VALUES (2285, 2284);
INSERT INTO "TrackElement" ("id") VALUES (2286);
INSERT INTO "Segment" ("id", "length") VALUES (2286, 881);
UPDATE "TrackElement" SET "region" = 2134 WHERE "id" = 2286;
INSERT INTO "monitoredBy" VALUES (2286, 2284);
INSERT INTO "TrackElement" ("id") VALUES (2287);
INSERT INTO "Segment" ("id", "length") VALUES (2287, 352);
UPDATE "TrackElement" SET "region" = 2134 WHERE "id" = 2287;
INSERT INTO "monitoredBy" VALUES (2287, 2284);
INSERT INTO "TrackElement" ("id") VALUES (2288);
INSERT INTO "Segment" ("id", "length") VALUES (2288, 252);
UPDATE "TrackElement" SET "region" = 2134 WHERE "id" = 2288;
INSERT INTO "monitoredBy" VALUES (2288, 2284);
INSERT INTO "TrackElement" ("id") VALUES (2289);
INSERT INTO "Segment" ("id", "length") VALUES (2289, 791);
UPDATE "TrackElement" SET "region" = 2134 WHERE "id" = 2289;
INSERT INTO "monitoredBy" VALUES (2289, 2284);
INSERT INTO "Sensor" ("id") VALUES (2290);
UPDATE "Sensor" SET "region" = 2134 WHERE "id" = 2290;
INSERT INTO "monitoredBy" VALUES (2283, 2290);
INSERT INTO "requires" VALUES (2133, 2290);
INSERT INTO "TrackElement" ("id") VALUES (2291);
INSERT INTO "Segment" ("id", "length") VALUES (2291, 323);
UPDATE "TrackElement" SET "region" = 2134 WHERE "id" = 2291;
INSERT INTO "monitoredBy" VALUES (2291, 2290);
INSERT INTO "TrackElement" ("id") VALUES (2292);
INSERT INTO "Segment" ("id", "length") VALUES (2292, 897);
UPDATE "TrackElement" SET "region" = 2134 WHERE "id" = 2292;
INSERT INTO "monitoredBy" VALUES (2292, 2290);
INSERT INTO "TrackElement" ("id") VALUES (2293);
INSERT INTO "Segment" ("id", "length") VALUES (2293, 416);
UPDATE "TrackElement" SET "region" = 2134 WHERE "id" = 2293;
INSERT INTO "monitoredBy" VALUES (2293, 2290);
INSERT INTO "TrackElement" ("id") VALUES (2294);
INSERT INTO "Segment" ("id", "length") VALUES (2294, 458);
UPDATE "TrackElement" SET "region" = 2134 WHERE "id" = 2294;
INSERT INTO "monitoredBy" VALUES (2294, 2290);
INSERT INTO "TrackElement" ("id") VALUES (2295);
INSERT INTO "Segment" ("id", "length") VALUES (2295, 343);
UPDATE "TrackElement" SET "region" = 2134 WHERE "id" = 2295;
INSERT INTO "monitoredBy" VALUES (2295, 2290);
INSERT INTO "Sensor" ("id") VALUES (2296);
UPDATE "Sensor" SET "region" = 2134 WHERE "id" = 2296;
INSERT INTO "monitoredBy" VALUES (2283, 2296);
INSERT INTO "requires" VALUES (2133, 2296);
INSERT INTO "TrackElement" ("id") VALUES (2297);
INSERT INTO "Segment" ("id", "length") VALUES (2297, 107);
UPDATE "TrackElement" SET "region" = 2134 WHERE "id" = 2297;
INSERT INTO "monitoredBy" VALUES (2297, 2296);
INSERT INTO "TrackElement" ("id") VALUES (2298);
INSERT INTO "Segment" ("id", "length") VALUES (2298, 656);
UPDATE "TrackElement" SET "region" = 2134 WHERE "id" = 2298;
INSERT INTO "monitoredBy" VALUES (2298, 2296);
INSERT INTO "TrackElement" ("id") VALUES (2299);
INSERT INTO "Segment" ("id", "length") VALUES (2299, 716);
UPDATE "TrackElement" SET "region" = 2134 WHERE "id" = 2299;
INSERT INTO "monitoredBy" VALUES (2299, 2296);
INSERT INTO "TrackElement" ("id") VALUES (2300);
INSERT INTO "Segment" ("id", "length") VALUES (2300, 702);
UPDATE "TrackElement" SET "region" = 2134 WHERE "id" = 2300;
INSERT INTO "monitoredBy" VALUES (2300, 2296);
INSERT INTO "TrackElement" ("id") VALUES (2301);
INSERT INTO "Segment" ("id", "length") VALUES (2301, 990);
UPDATE "TrackElement" SET "region" = 2134 WHERE "id" = 2301;
INSERT INTO "monitoredBy" VALUES (2301, 2296);
INSERT INTO "Sensor" ("id") VALUES (2302);
UPDATE "Sensor" SET "region" = 2134 WHERE "id" = 2302;
INSERT INTO "monitoredBy" VALUES (2283, 2302);
INSERT INTO "requires" VALUES (2133, 2302);
INSERT INTO "TrackElement" ("id") VALUES (2303);
INSERT INTO "Segment" ("id", "length") VALUES (2303, 718);
UPDATE "TrackElement" SET "region" = 2134 WHERE "id" = 2303;
INSERT INTO "monitoredBy" VALUES (2303, 2302);
INSERT INTO "TrackElement" ("id") VALUES (2304);
INSERT INTO "Segment" ("id", "length") VALUES (2304, 4);
UPDATE "TrackElement" SET "region" = 2134 WHERE "id" = 2304;
INSERT INTO "monitoredBy" VALUES (2304, 2302);
INSERT INTO "TrackElement" ("id") VALUES (2305);
INSERT INTO "Segment" ("id", "length") VALUES (2305, 174);
UPDATE "TrackElement" SET "region" = 2134 WHERE "id" = 2305;
INSERT INTO "monitoredBy" VALUES (2305, 2302);
INSERT INTO "TrackElement" ("id") VALUES (2306);
INSERT INTO "Segment" ("id", "length") VALUES (2306, 852);
UPDATE "TrackElement" SET "region" = 2134 WHERE "id" = 2306;
INSERT INTO "monitoredBy" VALUES (2306, 2302);
INSERT INTO "TrackElement" ("id") VALUES (2307);
INSERT INTO "Segment" ("id", "length") VALUES (2307, 298);
UPDATE "TrackElement" SET "region" = 2134 WHERE "id" = 2307;
INSERT INTO "monitoredBy" VALUES (2307, 2302);
INSERT INTO "Sensor" ("id") VALUES (2308);
UPDATE "Sensor" SET "region" = 2134 WHERE "id" = 2308;
INSERT INTO "monitoredBy" VALUES (2283, 2308);
INSERT INTO "requires" VALUES (2133, 2308);
INSERT INTO "TrackElement" ("id") VALUES (2309);
INSERT INTO "Segment" ("id", "length") VALUES (2309, 173);
UPDATE "TrackElement" SET "region" = 2134 WHERE "id" = 2309;
INSERT INTO "monitoredBy" VALUES (2309, 2308);
INSERT INTO "TrackElement" ("id") VALUES (2310);
INSERT INTO "Segment" ("id", "length") VALUES (2310, 706);
UPDATE "TrackElement" SET "region" = 2134 WHERE "id" = 2310;
INSERT INTO "monitoredBy" VALUES (2310, 2308);
INSERT INTO "TrackElement" ("id") VALUES (2311);
INSERT INTO "Segment" ("id", "length") VALUES (2311, 264);
UPDATE "TrackElement" SET "region" = 2134 WHERE "id" = 2311;
INSERT INTO "monitoredBy" VALUES (2311, 2308);
INSERT INTO "TrackElement" ("id") VALUES (2312);
INSERT INTO "Segment" ("id", "length") VALUES (2312, 751);
UPDATE "TrackElement" SET "region" = 2134 WHERE "id" = 2312;
INSERT INTO "monitoredBy" VALUES (2312, 2308);
INSERT INTO "TrackElement" ("id") VALUES (2313);
INSERT INTO "Segment" ("id", "length") VALUES (2313, 669);
UPDATE "TrackElement" SET "region" = 2134 WHERE "id" = 2313;
INSERT INTO "monitoredBy" VALUES (2313, 2308);
INSERT INTO "Sensor" ("id") VALUES (2314);
UPDATE "Sensor" SET "region" = 2134 WHERE "id" = 2314;
INSERT INTO "monitoredBy" VALUES (2283, 2314);
INSERT INTO "requires" VALUES (2133, 2314);
INSERT INTO "TrackElement" ("id") VALUES (2315);
INSERT INTO "Segment" ("id", "length") VALUES (2315, 526);
UPDATE "TrackElement" SET "region" = 2134 WHERE "id" = 2315;
INSERT INTO "monitoredBy" VALUES (2315, 2314);
INSERT INTO "TrackElement" ("id") VALUES (2316);
INSERT INTO "Segment" ("id", "length") VALUES (2316, 404);
UPDATE "TrackElement" SET "region" = 2134 WHERE "id" = 2316;
INSERT INTO "monitoredBy" VALUES (2316, 2314);
INSERT INTO "TrackElement" ("id") VALUES (2317);
INSERT INTO "Segment" ("id", "length") VALUES (2317, 265);
UPDATE "TrackElement" SET "region" = 2134 WHERE "id" = 2317;
INSERT INTO "monitoredBy" VALUES (2317, 2314);
INSERT INTO "TrackElement" ("id") VALUES (2318);
INSERT INTO "Segment" ("id", "length") VALUES (2318, 859);
UPDATE "TrackElement" SET "region" = 2134 WHERE "id" = 2318;
INSERT INTO "monitoredBy" VALUES (2318, 2314);
INSERT INTO "TrackElement" ("id") VALUES (2319);
INSERT INTO "Segment" ("id", "length") VALUES (2319, 496);
UPDATE "TrackElement" SET "region" = 2134 WHERE "id" = 2319;
INSERT INTO "monitoredBy" VALUES (2319, 2314);
INSERT INTO "Sensor" ("id") VALUES (2320);
UPDATE "Sensor" SET "region" = 2134 WHERE "id" = 2320;
INSERT INTO "monitoredBy" VALUES (2283, 2320);
INSERT INTO "requires" VALUES (2133, 2320);
INSERT INTO "TrackElement" ("id") VALUES (2321);
INSERT INTO "Segment" ("id", "length") VALUES (2321, 535);
UPDATE "TrackElement" SET "region" = 2134 WHERE "id" = 2321;
INSERT INTO "monitoredBy" VALUES (2321, 2320);
INSERT INTO "TrackElement" ("id") VALUES (2322);
INSERT INTO "Segment" ("id", "length") VALUES (2322, 189);
UPDATE "TrackElement" SET "region" = 2134 WHERE "id" = 2322;
INSERT INTO "monitoredBy" VALUES (2322, 2320);
INSERT INTO "TrackElement" ("id") VALUES (2323);
INSERT INTO "Segment" ("id", "length") VALUES (2323, 978);
UPDATE "TrackElement" SET "region" = 2134 WHERE "id" = 2323;
INSERT INTO "monitoredBy" VALUES (2323, 2320);
INSERT INTO "TrackElement" ("id") VALUES (2324);
INSERT INTO "Segment" ("id", "length") VALUES (2324, 499);
UPDATE "TrackElement" SET "region" = 2134 WHERE "id" = 2324;
INSERT INTO "monitoredBy" VALUES (2324, 2320);
INSERT INTO "TrackElement" ("id") VALUES (2325);
INSERT INTO "Segment" ("id", "length") VALUES (2325, 396);
UPDATE "TrackElement" SET "region" = 2134 WHERE "id" = 2325;
INSERT INTO "monitoredBy" VALUES (2325, 2320);
INSERT INTO "Sensor" ("id") VALUES (2326);
UPDATE "Sensor" SET "region" = 2134 WHERE "id" = 2326;
INSERT INTO "monitoredBy" VALUES (2283, 2326);
INSERT INTO "requires" VALUES (2133, 2326);
INSERT INTO "TrackElement" ("id") VALUES (2327);
INSERT INTO "Segment" ("id", "length") VALUES (2327, 229);
UPDATE "TrackElement" SET "region" = 2134 WHERE "id" = 2327;
INSERT INTO "monitoredBy" VALUES (2327, 2326);
INSERT INTO "TrackElement" ("id") VALUES (2328);
INSERT INTO "Segment" ("id", "length") VALUES (2328, 421);
UPDATE "TrackElement" SET "region" = 2134 WHERE "id" = 2328;
INSERT INTO "monitoredBy" VALUES (2328, 2326);
INSERT INTO "TrackElement" ("id") VALUES (2329);
INSERT INTO "Segment" ("id", "length") VALUES (2329, 359);
UPDATE "TrackElement" SET "region" = 2134 WHERE "id" = 2329;
INSERT INTO "monitoredBy" VALUES (2329, 2326);
INSERT INTO "TrackElement" ("id") VALUES (2330);
INSERT INTO "Segment" ("id", "length") VALUES (2330, 801);
UPDATE "TrackElement" SET "region" = 2134 WHERE "id" = 2330;
INSERT INTO "monitoredBy" VALUES (2330, 2326);
INSERT INTO "TrackElement" ("id") VALUES (2331);
INSERT INTO "Segment" ("id", "length") VALUES (2331, 3);
UPDATE "TrackElement" SET "region" = 2134 WHERE "id" = 2331;
INSERT INTO "monitoredBy" VALUES (2331, 2326);
UPDATE "Switch" SET "currentPosition" = 1 WHERE "id" = 2283;
INSERT INTO "SwitchPosition" ("id", "position", "target") VALUES (2332, 1, 2283);
UPDATE "SwitchPosition" SET "route" = 2133 WHERE "id" = 2332;
INSERT INTO "TrackElement" ("id") VALUES (2333);
INSERT INTO "Switch" ("id") VALUES (2333);
UPDATE "TrackElement" SET "region" = 2134 WHERE "id" = 2333;
INSERT INTO "Sensor" ("id") VALUES (2334);
UPDATE "Sensor" SET "region" = 2134 WHERE "id" = 2334;
INSERT INTO "monitoredBy" VALUES (2333, 2334);
INSERT INTO "requires" VALUES (2133, 2334);
INSERT INTO "TrackElement" ("id") VALUES (2335);
INSERT INTO "Segment" ("id", "length") VALUES (2335, 139);
UPDATE "TrackElement" SET "region" = 2134 WHERE "id" = 2335;
INSERT INTO "monitoredBy" VALUES (2335, 2334);
INSERT INTO "TrackElement" ("id") VALUES (2336);
INSERT INTO "Segment" ("id", "length") VALUES (2336, 549);
UPDATE "TrackElement" SET "region" = 2134 WHERE "id" = 2336;
INSERT INTO "monitoredBy" VALUES (2336, 2334);
INSERT INTO "TrackElement" ("id") VALUES (2337);
INSERT INTO "Segment" ("id", "length") VALUES (2337, 892);
UPDATE "TrackElement" SET "region" = 2134 WHERE "id" = 2337;
INSERT INTO "monitoredBy" VALUES (2337, 2334);
INSERT INTO "TrackElement" ("id") VALUES (2338);
INSERT INTO "Segment" ("id", "length") VALUES (2338, 924);
UPDATE "TrackElement" SET "region" = 2134 WHERE "id" = 2338;
INSERT INTO "monitoredBy" VALUES (2338, 2334);
INSERT INTO "TrackElement" ("id") VALUES (2339);
INSERT INTO "Segment" ("id", "length") VALUES (2339, 351);
UPDATE "TrackElement" SET "region" = 2134 WHERE "id" = 2339;
INSERT INTO "monitoredBy" VALUES (2339, 2334);
INSERT INTO "Sensor" ("id") VALUES (2340);
UPDATE "Sensor" SET "region" = 2134 WHERE "id" = 2340;
INSERT INTO "monitoredBy" VALUES (2333, 2340);
INSERT INTO "requires" VALUES (2133, 2340);
INSERT INTO "TrackElement" ("id") VALUES (2341);
INSERT INTO "Segment" ("id", "length") VALUES (2341, 777);
UPDATE "TrackElement" SET "region" = 2134 WHERE "id" = 2341;
INSERT INTO "monitoredBy" VALUES (2341, 2340);
INSERT INTO "TrackElement" ("id") VALUES (2342);
INSERT INTO "Segment" ("id", "length") VALUES (2342, 446);
UPDATE "TrackElement" SET "region" = 2134 WHERE "id" = 2342;
INSERT INTO "monitoredBy" VALUES (2342, 2340);
INSERT INTO "TrackElement" ("id") VALUES (2343);
INSERT INTO "Segment" ("id", "length") VALUES (2343, 679);
UPDATE "TrackElement" SET "region" = 2134 WHERE "id" = 2343;
INSERT INTO "monitoredBy" VALUES (2343, 2340);
INSERT INTO "TrackElement" ("id") VALUES (2344);
INSERT INTO "Segment" ("id", "length") VALUES (2344, 179);
UPDATE "TrackElement" SET "region" = 2134 WHERE "id" = 2344;
INSERT INTO "monitoredBy" VALUES (2344, 2340);
INSERT INTO "TrackElement" ("id") VALUES (2345);
INSERT INTO "Segment" ("id", "length") VALUES (2345, 867);
UPDATE "TrackElement" SET "region" = 2134 WHERE "id" = 2345;
INSERT INTO "monitoredBy" VALUES (2345, 2340);
INSERT INTO "Sensor" ("id") VALUES (2346);
UPDATE "Sensor" SET "region" = 2134 WHERE "id" = 2346;
INSERT INTO "monitoredBy" VALUES (2333, 2346);
INSERT INTO "requires" VALUES (2133, 2346);
INSERT INTO "TrackElement" ("id") VALUES (2347);
INSERT INTO "Segment" ("id", "length") VALUES (2347, 15);
UPDATE "TrackElement" SET "region" = 2134 WHERE "id" = 2347;
INSERT INTO "monitoredBy" VALUES (2347, 2346);
INSERT INTO "TrackElement" ("id") VALUES (2348);
INSERT INTO "Segment" ("id", "length") VALUES (2348, 459);
UPDATE "TrackElement" SET "region" = 2134 WHERE "id" = 2348;
INSERT INTO "monitoredBy" VALUES (2348, 2346);
INSERT INTO "TrackElement" ("id") VALUES (2349);
INSERT INTO "Segment" ("id", "length") VALUES (2349, 114);
UPDATE "TrackElement" SET "region" = 2134 WHERE "id" = 2349;
INSERT INTO "monitoredBy" VALUES (2349, 2346);
INSERT INTO "TrackElement" ("id") VALUES (2350);
INSERT INTO "Segment" ("id", "length") VALUES (2350, 657);
UPDATE "TrackElement" SET "region" = 2134 WHERE "id" = 2350;
INSERT INTO "monitoredBy" VALUES (2350, 2346);
INSERT INTO "TrackElement" ("id") VALUES (2351);
INSERT INTO "Segment" ("id", "length") VALUES (2351, 887);
UPDATE "TrackElement" SET "region" = 2134 WHERE "id" = 2351;
INSERT INTO "monitoredBy" VALUES (2351, 2346);
INSERT INTO "Sensor" ("id") VALUES (2352);
UPDATE "Sensor" SET "region" = 2134 WHERE "id" = 2352;
INSERT INTO "monitoredBy" VALUES (2333, 2352);
INSERT INTO "requires" VALUES (2133, 2352);
INSERT INTO "TrackElement" ("id") VALUES (2353);
INSERT INTO "Segment" ("id", "length") VALUES (2353, 206);
UPDATE "TrackElement" SET "region" = 2134 WHERE "id" = 2353;
INSERT INTO "monitoredBy" VALUES (2353, 2352);
INSERT INTO "TrackElement" ("id") VALUES (2354);
INSERT INTO "Segment" ("id", "length") VALUES (2354, 10);
UPDATE "TrackElement" SET "region" = 2134 WHERE "id" = 2354;
INSERT INTO "monitoredBy" VALUES (2354, 2352);
INSERT INTO "TrackElement" ("id") VALUES (2355);
INSERT INTO "Segment" ("id", "length") VALUES (2355, 341);
UPDATE "TrackElement" SET "region" = 2134 WHERE "id" = 2355;
INSERT INTO "monitoredBy" VALUES (2355, 2352);
INSERT INTO "TrackElement" ("id") VALUES (2356);
INSERT INTO "Segment" ("id", "length") VALUES (2356, 901);
UPDATE "TrackElement" SET "region" = 2134 WHERE "id" = 2356;
INSERT INTO "monitoredBy" VALUES (2356, 2352);
INSERT INTO "TrackElement" ("id") VALUES (2357);
INSERT INTO "Segment" ("id", "length") VALUES (2357, 1);
UPDATE "TrackElement" SET "region" = 2134 WHERE "id" = 2357;
INSERT INTO "monitoredBy" VALUES (2357, 2352);
INSERT INTO "Sensor" ("id") VALUES (2358);
UPDATE "Sensor" SET "region" = 2134 WHERE "id" = 2358;
INSERT INTO "monitoredBy" VALUES (2333, 2358);
INSERT INTO "requires" VALUES (2133, 2358);
INSERT INTO "TrackElement" ("id") VALUES (2359);
INSERT INTO "Segment" ("id", "length") VALUES (2359, 190);
UPDATE "TrackElement" SET "region" = 2134 WHERE "id" = 2359;
INSERT INTO "monitoredBy" VALUES (2359, 2358);
INSERT INTO "TrackElement" ("id") VALUES (2360);
INSERT INTO "Segment" ("id", "length") VALUES (2360, 808);
UPDATE "TrackElement" SET "region" = 2134 WHERE "id" = 2360;
INSERT INTO "monitoredBy" VALUES (2360, 2358);
INSERT INTO "TrackElement" ("id") VALUES (2361);
INSERT INTO "Segment" ("id", "length") VALUES (2361, 787);
UPDATE "TrackElement" SET "region" = 2134 WHERE "id" = 2361;
INSERT INTO "monitoredBy" VALUES (2361, 2358);
INSERT INTO "TrackElement" ("id") VALUES (2362);
INSERT INTO "Segment" ("id", "length") VALUES (2362, 697);
UPDATE "TrackElement" SET "region" = 2134 WHERE "id" = 2362;
INSERT INTO "monitoredBy" VALUES (2362, 2358);
INSERT INTO "TrackElement" ("id") VALUES (2363);
INSERT INTO "Segment" ("id", "length") VALUES (2363, 77);
UPDATE "TrackElement" SET "region" = 2134 WHERE "id" = 2363;
INSERT INTO "monitoredBy" VALUES (2363, 2358);
INSERT INTO "Sensor" ("id") VALUES (2364);
UPDATE "Sensor" SET "region" = 2134 WHERE "id" = 2364;
INSERT INTO "monitoredBy" VALUES (2333, 2364);
INSERT INTO "requires" VALUES (2133, 2364);
INSERT INTO "TrackElement" ("id") VALUES (2365);
INSERT INTO "Segment" ("id", "length") VALUES (2365, 378);
UPDATE "TrackElement" SET "region" = 2134 WHERE "id" = 2365;
INSERT INTO "monitoredBy" VALUES (2365, 2364);
INSERT INTO "TrackElement" ("id") VALUES (2366);
INSERT INTO "Segment" ("id", "length") VALUES (2366, 919);
UPDATE "TrackElement" SET "region" = 2134 WHERE "id" = 2366;
INSERT INTO "monitoredBy" VALUES (2366, 2364);
INSERT INTO "TrackElement" ("id") VALUES (2367);
INSERT INTO "Segment" ("id", "length") VALUES (2367, 866);
UPDATE "TrackElement" SET "region" = 2134 WHERE "id" = 2367;
INSERT INTO "monitoredBy" VALUES (2367, 2364);
INSERT INTO "TrackElement" ("id") VALUES (2368);
INSERT INTO "Segment" ("id", "length") VALUES (2368, 819);
UPDATE "TrackElement" SET "region" = 2134 WHERE "id" = 2368;
INSERT INTO "monitoredBy" VALUES (2368, 2364);
INSERT INTO "TrackElement" ("id") VALUES (2369);
INSERT INTO "Segment" ("id", "length") VALUES (2369, 890);
UPDATE "TrackElement" SET "region" = 2134 WHERE "id" = 2369;
INSERT INTO "monitoredBy" VALUES (2369, 2364);
INSERT INTO "Sensor" ("id") VALUES (2370);
UPDATE "Sensor" SET "region" = 2134 WHERE "id" = 2370;
INSERT INTO "monitoredBy" VALUES (2333, 2370);
INSERT INTO "requires" VALUES (2133, 2370);
INSERT INTO "TrackElement" ("id") VALUES (2371);
INSERT INTO "Segment" ("id", "length") VALUES (2371, 547);
UPDATE "TrackElement" SET "region" = 2134 WHERE "id" = 2371;
INSERT INTO "monitoredBy" VALUES (2371, 2370);
INSERT INTO "TrackElement" ("id") VALUES (2372);
INSERT INTO "Segment" ("id", "length") VALUES (2372, 153);
UPDATE "TrackElement" SET "region" = 2134 WHERE "id" = 2372;
INSERT INTO "monitoredBy" VALUES (2372, 2370);
INSERT INTO "TrackElement" ("id") VALUES (2373);
INSERT INTO "Segment" ("id", "length") VALUES (2373, 598);
UPDATE "TrackElement" SET "region" = 2134 WHERE "id" = 2373;
INSERT INTO "monitoredBy" VALUES (2373, 2370);
INSERT INTO "TrackElement" ("id") VALUES (2374);
INSERT INTO "Segment" ("id", "length") VALUES (2374, 722);
UPDATE "TrackElement" SET "region" = 2134 WHERE "id" = 2374;
INSERT INTO "monitoredBy" VALUES (2374, 2370);
INSERT INTO "TrackElement" ("id") VALUES (2375);
INSERT INTO "Segment" ("id", "length") VALUES (2375, 482);
UPDATE "TrackElement" SET "region" = 2134 WHERE "id" = 2375;
INSERT INTO "monitoredBy" VALUES (2375, 2370);
INSERT INTO "Sensor" ("id") VALUES (2376);
UPDATE "Sensor" SET "region" = 2134 WHERE "id" = 2376;
INSERT INTO "monitoredBy" VALUES (2333, 2376);
INSERT INTO "requires" VALUES (2133, 2376);
INSERT INTO "TrackElement" ("id") VALUES (2377);
INSERT INTO "Segment" ("id", "length") VALUES (2377, 924);
UPDATE "TrackElement" SET "region" = 2134 WHERE "id" = 2377;
INSERT INTO "monitoredBy" VALUES (2377, 2376);
INSERT INTO "TrackElement" ("id") VALUES (2378);
INSERT INTO "Segment" ("id", "length") VALUES (2378, 787);
UPDATE "TrackElement" SET "region" = 2134 WHERE "id" = 2378;
INSERT INTO "monitoredBy" VALUES (2378, 2376);
INSERT INTO "TrackElement" ("id") VALUES (2379);
INSERT INTO "Segment" ("id", "length") VALUES (2379, 417);
UPDATE "TrackElement" SET "region" = 2134 WHERE "id" = 2379;
INSERT INTO "monitoredBy" VALUES (2379, 2376);
INSERT INTO "TrackElement" ("id") VALUES (2380);
INSERT INTO "Segment" ("id", "length") VALUES (2380, 305);
UPDATE "TrackElement" SET "region" = 2134 WHERE "id" = 2380;
INSERT INTO "monitoredBy" VALUES (2380, 2376);
INSERT INTO "TrackElement" ("id") VALUES (2381);
INSERT INTO "Segment" ("id", "length") VALUES (2381, 96);
UPDATE "TrackElement" SET "region" = 2134 WHERE "id" = 2381;
INSERT INTO "monitoredBy" VALUES (2381, 2376);
INSERT INTO "Sensor" ("id") VALUES (2382);
UPDATE "Sensor" SET "region" = 2134 WHERE "id" = 2382;
INSERT INTO "monitoredBy" VALUES (2333, 2382);
INSERT INTO "requires" VALUES (2133, 2382);
INSERT INTO "TrackElement" ("id") VALUES (2383);
INSERT INTO "Segment" ("id", "length") VALUES (2383, 463);
UPDATE "TrackElement" SET "region" = 2134 WHERE "id" = 2383;
INSERT INTO "monitoredBy" VALUES (2383, 2382);
INSERT INTO "TrackElement" ("id") VALUES (2384);
INSERT INTO "Segment" ("id", "length") VALUES (2384, 181);
UPDATE "TrackElement" SET "region" = 2134 WHERE "id" = 2384;
INSERT INTO "monitoredBy" VALUES (2384, 2382);
INSERT INTO "TrackElement" ("id") VALUES (2385);
INSERT INTO "Segment" ("id", "length") VALUES (2385, 721);
UPDATE "TrackElement" SET "region" = 2134 WHERE "id" = 2385;
INSERT INTO "monitoredBy" VALUES (2385, 2382);
INSERT INTO "TrackElement" ("id") VALUES (2386);
INSERT INTO "Segment" ("id", "length") VALUES (2386, 141);
UPDATE "TrackElement" SET "region" = 2134 WHERE "id" = 2386;
INSERT INTO "monitoredBy" VALUES (2386, 2382);
INSERT INTO "TrackElement" ("id") VALUES (2387);
INSERT INTO "Segment" ("id", "length") VALUES (2387, 489);
UPDATE "TrackElement" SET "region" = 2134 WHERE "id" = 2387;
INSERT INTO "monitoredBy" VALUES (2387, 2382);
UPDATE "Switch" SET "currentPosition" = 1 WHERE "id" = 2333;
INSERT INTO "SwitchPosition" ("id", "position", "target") VALUES (2388, 1, 2333);
UPDATE "SwitchPosition" SET "route" = 2133 WHERE "id" = 2388;
INSERT INTO "connectsTo" VALUES (2135, 2137);
INSERT INTO "connectsTo" VALUES (2137, 2138);
INSERT INTO "connectsTo" VALUES (2138, 2139);
INSERT INTO "connectsTo" VALUES (2139, 2140);
INSERT INTO "connectsTo" VALUES (2140, 2141);
INSERT INTO "connectsTo" VALUES (2141, 2143);
INSERT INTO "connectsTo" VALUES (2143, 2144);
INSERT INTO "connectsTo" VALUES (2144, 2145);
INSERT INTO "connectsTo" VALUES (2145, 2146);
INSERT INTO "connectsTo" VALUES (2146, 2147);
INSERT INTO "connectsTo" VALUES (2147, 2149);
INSERT INTO "connectsTo" VALUES (2149, 2150);
INSERT INTO "connectsTo" VALUES (2150, 2151);
INSERT INTO "connectsTo" VALUES (2151, 2152);
INSERT INTO "connectsTo" VALUES (2152, 2153);
INSERT INTO "connectsTo" VALUES (2153, 2155);
INSERT INTO "connectsTo" VALUES (2155, 2156);
INSERT INTO "connectsTo" VALUES (2156, 2157);
INSERT INTO "connectsTo" VALUES (2157, 2158);
INSERT INTO "connectsTo" VALUES (2158, 2159);
INSERT INTO "connectsTo" VALUES (2159, 2161);
INSERT INTO "connectsTo" VALUES (2161, 2163);
INSERT INTO "connectsTo" VALUES (2163, 2164);
INSERT INTO "connectsTo" VALUES (2164, 2165);
INSERT INTO "connectsTo" VALUES (2165, 2166);
INSERT INTO "connectsTo" VALUES (2166, 2167);
INSERT INTO "connectsTo" VALUES (2167, 2169);
INSERT INTO "connectsTo" VALUES (2169, 2170);
INSERT INTO "connectsTo" VALUES (2170, 2171);
INSERT INTO "connectsTo" VALUES (2171, 2172);
INSERT INTO "connectsTo" VALUES (2172, 2173);
INSERT INTO "connectsTo" VALUES (2173, 2175);
INSERT INTO "connectsTo" VALUES (2175, 2176);
INSERT INTO "connectsTo" VALUES (2176, 2177);
INSERT INTO "connectsTo" VALUES (2177, 2178);
INSERT INTO "connectsTo" VALUES (2178, 2179);
INSERT INTO "connectsTo" VALUES (2179, 2181);
INSERT INTO "connectsTo" VALUES (2181, 2182);
INSERT INTO "connectsTo" VALUES (2182, 2183);
INSERT INTO "connectsTo" VALUES (2183, 2184);
INSERT INTO "connectsTo" VALUES (2184, 2185);
INSERT INTO "connectsTo" VALUES (2185, 2187);
INSERT INTO "connectsTo" VALUES (2187, 2188);
INSERT INTO "connectsTo" VALUES (2188, 2189);
INSERT INTO "connectsTo" VALUES (2189, 2190);
INSERT INTO "connectsTo" VALUES (2190, 2191);
INSERT INTO "connectsTo" VALUES (2191, 2193);
INSERT INTO "connectsTo" VALUES (2193, 2194);
INSERT INTO "connectsTo" VALUES (2194, 2195);
INSERT INTO "connectsTo" VALUES (2195, 2196);
INSERT INTO "connectsTo" VALUES (2196, 2197);
INSERT INTO "connectsTo" VALUES (2197, 2199);
INSERT INTO "connectsTo" VALUES (2199, 2200);
INSERT INTO "connectsTo" VALUES (2200, 2201);
INSERT INTO "connectsTo" VALUES (2201, 2202);
INSERT INTO "connectsTo" VALUES (2202, 2203);
INSERT INTO "connectsTo" VALUES (2203, 2205);
INSERT INTO "connectsTo" VALUES (2205, 2206);
INSERT INTO "connectsTo" VALUES (2206, 2207);
INSERT INTO "connectsTo" VALUES (2207, 2208);
INSERT INTO "connectsTo" VALUES (2208, 2209);
INSERT INTO "connectsTo" VALUES (2209, 2211);
INSERT INTO "connectsTo" VALUES (2211, 2212);
INSERT INTO "connectsTo" VALUES (2212, 2213);
INSERT INTO "connectsTo" VALUES (2213, 2214);
INSERT INTO "connectsTo" VALUES (2214, 2215);
INSERT INTO "connectsTo" VALUES (2215, 2217);
INSERT INTO "connectsTo" VALUES (2217, 2219);
INSERT INTO "connectsTo" VALUES (2219, 2220);
INSERT INTO "connectsTo" VALUES (2220, 2221);
INSERT INTO "connectsTo" VALUES (2221, 2222);
INSERT INTO "connectsTo" VALUES (2222, 2223);
INSERT INTO "connectsTo" VALUES (2223, 2225);
INSERT INTO "connectsTo" VALUES (2225, 2226);
INSERT INTO "connectsTo" VALUES (2226, 2227);
INSERT INTO "connectsTo" VALUES (2227, 2228);
INSERT INTO "connectsTo" VALUES (2228, 2229);
INSERT INTO "connectsTo" VALUES (2229, 2231);
INSERT INTO "connectsTo" VALUES (2231, 2232);
INSERT INTO "connectsTo" VALUES (2232, 2233);
INSERT INTO "connectsTo" VALUES (2233, 2234);
INSERT INTO "connectsTo" VALUES (2234, 2235);
INSERT INTO "connectsTo" VALUES (2235, 2237);
INSERT INTO "connectsTo" VALUES (2237, 2238);
INSERT INTO "connectsTo" VALUES (2238, 2239);
INSERT INTO "connectsTo" VALUES (2239, 2240);
INSERT INTO "connectsTo" VALUES (2240, 2241);
INSERT INTO "connectsTo" VALUES (2241, 2243);
INSERT INTO "connectsTo" VALUES (2243, 2244);
INSERT INTO "connectsTo" VALUES (2244, 2245);
INSERT INTO "connectsTo" VALUES (2245, 2246);
INSERT INTO "connectsTo" VALUES (2246, 2247);
INSERT INTO "connectsTo" VALUES (2247, 2249);
INSERT INTO "connectsTo" VALUES (2249, 2250);
INSERT INTO "connectsTo" VALUES (2250, 2251);
INSERT INTO "connectsTo" VALUES (2251, 2252);
INSERT INTO "connectsTo" VALUES (2252, 2253);
INSERT INTO "connectsTo" VALUES (2253, 2255);
INSERT INTO "connectsTo" VALUES (2255, 2257);
INSERT INTO "connectsTo" VALUES (2257, 2258);
INSERT INTO "connectsTo" VALUES (2258, 2259);
INSERT INTO "connectsTo" VALUES (2259, 2260);
INSERT INTO "connectsTo" VALUES (2260, 2261);
INSERT INTO "connectsTo" VALUES (2261, 2263);
INSERT INTO "connectsTo" VALUES (2263, 2264);
INSERT INTO "connectsTo" VALUES (2264, 2265);
INSERT INTO "connectsTo" VALUES (2265, 2266);
INSERT INTO "connectsTo" VALUES (2266, 2267);
INSERT INTO "connectsTo" VALUES (2267, 2269);
INSERT INTO "connectsTo" VALUES (2269, 2271);
INSERT INTO "connectsTo" VALUES (2271, 2272);
INSERT INTO "connectsTo" VALUES (2272, 2273);
INSERT INTO "connectsTo" VALUES (2273, 2274);
INSERT INTO "connectsTo" VALUES (2274, 2275);
INSERT INTO "connectsTo" VALUES (2275, 2277);
INSERT INTO "connectsTo" VALUES (2277, 2278);
INSERT INTO "connectsTo" VALUES (2278, 2279);
INSERT INTO "connectsTo" VALUES (2279, 2280);
INSERT INTO "connectsTo" VALUES (2280, 2281);
INSERT INTO "connectsTo" VALUES (2281, 2283);
INSERT INTO "connectsTo" VALUES (2283, 2285);
INSERT INTO "connectsTo" VALUES (2285, 2286);
INSERT INTO "connectsTo" VALUES (2286, 2287);
INSERT INTO "connectsTo" VALUES (2287, 2288);
INSERT INTO "connectsTo" VALUES (2288, 2289);
INSERT INTO "connectsTo" VALUES (2289, 2291);
INSERT INTO "connectsTo" VALUES (2291, 2292);
INSERT INTO "connectsTo" VALUES (2292, 2293);
INSERT INTO "connectsTo" VALUES (2293, 2294);
INSERT INTO "connectsTo" VALUES (2294, 2295);
INSERT INTO "connectsTo" VALUES (2295, 2297);
INSERT INTO "connectsTo" VALUES (2297, 2298);
INSERT INTO "connectsTo" VALUES (2298, 2299);
INSERT INTO "connectsTo" VALUES (2299, 2300);
INSERT INTO "connectsTo" VALUES (2300, 2301);
INSERT INTO "connectsTo" VALUES (2301, 2303);
INSERT INTO "connectsTo" VALUES (2303, 2304);
INSERT INTO "connectsTo" VALUES (2304, 2305);
INSERT INTO "connectsTo" VALUES (2305, 2306);
INSERT INTO "connectsTo" VALUES (2306, 2307);
INSERT INTO "connectsTo" VALUES (2307, 2309);
INSERT INTO "connectsTo" VALUES (2309, 2310);
INSERT INTO "connectsTo" VALUES (2310, 2311);
INSERT INTO "connectsTo" VALUES (2311, 2312);
INSERT INTO "connectsTo" VALUES (2312, 2313);
INSERT INTO "connectsTo" VALUES (2313, 2315);
INSERT INTO "connectsTo" VALUES (2315, 2316);
INSERT INTO "connectsTo" VALUES (2316, 2317);
INSERT INTO "connectsTo" VALUES (2317, 2318);
INSERT INTO "connectsTo" VALUES (2318, 2319);
INSERT INTO "connectsTo" VALUES (2319, 2321);
INSERT INTO "connectsTo" VALUES (2321, 2322);
INSERT INTO "connectsTo" VALUES (2322, 2323);
INSERT INTO "connectsTo" VALUES (2323, 2324);
INSERT INTO "connectsTo" VALUES (2324, 2325);
INSERT INTO "connectsTo" VALUES (2325, 2327);
INSERT INTO "connectsTo" VALUES (2327, 2328);
INSERT INTO "connectsTo" VALUES (2328, 2329);
INSERT INTO "connectsTo" VALUES (2329, 2330);
INSERT INTO "connectsTo" VALUES (2330, 2331);
INSERT INTO "connectsTo" VALUES (2331, 2333);
INSERT INTO "connectsTo" VALUES (2333, 2335);
INSERT INTO "connectsTo" VALUES (2335, 2336);
INSERT INTO "connectsTo" VALUES (2336, 2337);
INSERT INTO "connectsTo" VALUES (2337, 2338);
INSERT INTO "connectsTo" VALUES (2338, 2339);
INSERT INTO "connectsTo" VALUES (2339, 2341);
INSERT INTO "connectsTo" VALUES (2341, 2342);
INSERT INTO "connectsTo" VALUES (2342, 2343);
INSERT INTO "connectsTo" VALUES (2343, 2344);
INSERT INTO "connectsTo" VALUES (2344, 2345);
INSERT INTO "connectsTo" VALUES (2345, 2347);
INSERT INTO "connectsTo" VALUES (2347, 2348);
INSERT INTO "connectsTo" VALUES (2348, 2349);
INSERT INTO "connectsTo" VALUES (2349, 2350);
INSERT INTO "connectsTo" VALUES (2350, 2351);
INSERT INTO "connectsTo" VALUES (2351, 2353);
INSERT INTO "connectsTo" VALUES (2353, 2354);
INSERT INTO "connectsTo" VALUES (2354, 2355);
INSERT INTO "connectsTo" VALUES (2355, 2356);
INSERT INTO "connectsTo" VALUES (2356, 2357);
INSERT INTO "connectsTo" VALUES (2357, 2359);
INSERT INTO "connectsTo" VALUES (2359, 2360);
INSERT INTO "connectsTo" VALUES (2360, 2361);
INSERT INTO "connectsTo" VALUES (2361, 2362);
INSERT INTO "connectsTo" VALUES (2362, 2363);
INSERT INTO "connectsTo" VALUES (2363, 2365);
INSERT INTO "connectsTo" VALUES (2365, 2366);
INSERT INTO "connectsTo" VALUES (2366, 2367);
INSERT INTO "connectsTo" VALUES (2367, 2368);
INSERT INTO "connectsTo" VALUES (2368, 2369);
INSERT INTO "connectsTo" VALUES (2369, 2371);
INSERT INTO "connectsTo" VALUES (2371, 2372);
INSERT INTO "connectsTo" VALUES (2372, 2373);
INSERT INTO "connectsTo" VALUES (2373, 2374);
INSERT INTO "connectsTo" VALUES (2374, 2375);
INSERT INTO "connectsTo" VALUES (2375, 2377);
INSERT INTO "connectsTo" VALUES (2377, 2378);
INSERT INTO "connectsTo" VALUES (2378, 2379);
INSERT INTO "connectsTo" VALUES (2379, 2380);
INSERT INTO "connectsTo" VALUES (2380, 2381);
INSERT INTO "connectsTo" VALUES (2381, 2383);
INSERT INTO "connectsTo" VALUES (2383, 2384);
INSERT INTO "connectsTo" VALUES (2384, 2385);
INSERT INTO "connectsTo" VALUES (2385, 2386);
INSERT INTO "connectsTo" VALUES (2386, 2387);
INSERT INTO "connectsTo" VALUES (2131, 2135);
INSERT INTO "connectsTo" VALUES (2387, 5);

COMMIT;
CREATE INDEX segment_length_idx ON "Segment" ("length");
CREATE INDEX monitoredBy_idx ON "monitoredBy" ("Sensor_id", "TrackElement_id");
CREATE INDEX connectsTo_idx1 ON "connectsTo" ("TrackElement1_id");
CREATE INDEX connectsTo_idx2 ON "connectsTo" ("TrackElement2_id");
